Lights1 castle_courtyard_dl_clouds_layer0_lights = gdSPDefLights1(
	0x7F, 0x7F, 0x7F,
	0xFE, 0xFE, 0xFE, 0x28, 0x28, 0x28);

Lights1 castle_courtyard_dl_stone_border_lights = gdSPDefLights1(
	0x7F, 0x7F, 0x7F,
	0xFE, 0xFE, 0xFE, 0x28, 0x28, 0x28);

Lights1 castle_courtyard_dl_atrium_floor_lights = gdSPDefLights1(
	0x7F, 0x7F, 0x7F,
	0xFE, 0xFE, 0xFE, 0x28, 0x28, 0x28);

Lights1 castle_courtyard_dl_arch_insides_lights = gdSPDefLights1(
	0x7F, 0x7F, 0x7F,
	0xFE, 0xFE, 0xFE, 0x28, 0x28, 0x28);

Lights1 castle_courtyard_dl_ARCH_WALL_lights = gdSPDefLights1(
	0x7F, 0x7F, 0x7F,
	0xFE, 0xFE, 0xFE, 0x28, 0x28, 0x28);

Lights1 castle_courtyard_dl_pillar_side_lights = gdSPDefLights1(
	0x7F, 0x7F, 0x7F,
	0xFE, 0xFE, 0xFE, 0x28, 0x28, 0x28);

Lights1 castle_courtyard_dl_pillar_siding_lights = gdSPDefLights1(
	0x7F, 0x7F, 0x7F,
	0xFE, 0xFE, 0xFE, 0x28, 0x28, 0x28);

Lights1 castle_courtyard_dl_pillar_base_lights = gdSPDefLights1(
	0x7F, 0x7F, 0x7F,
	0xFE, 0xFE, 0xFE, 0x28, 0x28, 0x28);

Lights1 castle_courtyard_dl_sand_wall_lights = gdSPDefLights1(
	0x7F, 0x7F, 0x7F,
	0xFE, 0xFE, 0xFE, 0x28, 0x28, 0x28);

Lights1 castle_courtyard_dl_sand_floor_lights = gdSPDefLights1(
	0x7F, 0x7F, 0x7F,
	0xFE, 0xFE, 0xFE, 0x28, 0x28, 0x28);

Lights1 castle_courtyard_dl_volcano_BG_lights = gdSPDefLights1(
	0x7F, 0x7F, 0x7F,
	0xFE, 0xFE, 0xFE, 0x28, 0x28, 0x28);

Lights1 castle_courtyard_dl_ice_BG_lights = gdSPDefLights1(
	0x7F, 0x7F, 0x7F,
	0xFE, 0xFE, 0xFE, 0x28, 0x28, 0x28);

Lights1 castle_courtyard_dl_sand_BG_lights = gdSPDefLights1(
	0x7F, 0x7F, 0x7F,
	0xFE, 0xFE, 0xFE, 0x28, 0x28, 0x28);

Lights1 castle_courtyard_dl_castle_BG_lights = gdSPDefLights1(
	0x7F, 0x7F, 0x7F,
	0xFE, 0xFE, 0xFE, 0x28, 0x28, 0x28);

Gfx castle_courtyard_dl_castle_courtyard_1_0xe000010_custom_rgba16_rgba16_aligner[] = {gsSPEndDisplayList()};
u8 castle_courtyard_dl_castle_courtyard_1_0xe000010_custom_rgba16_rgba16[] = {
	0xce, 0x73, 0xd6, 0xb5, 0xce, 0x73, 0xde, 0xf7, 
	0xad, 0x6b, 0xb5, 0xad, 0xbd, 0xef, 0xe7, 0x39, 
	0xef, 0x7b, 0xe7, 0x39, 0xe7, 0x39, 0xde, 0xf7, 
	0xd6, 0xb5, 0xd6, 0xb5, 0xde, 0xf7, 0xde, 0xf7, 
	0xc6, 0x31, 0xce, 0x73, 0xc6, 0x31, 0xc6, 0x31, 
	0xc6, 0x31, 0xb5, 0xad, 0xce, 0x73, 0xe7, 0x39, 
	0xd6, 0xb5, 0xd6, 0xb5, 0xde, 0xf7, 0xde, 0xf7, 
	0xce, 0x73, 0xbd, 0xef, 0xb5, 0xad, 0xbd, 0xef, 
	0xc6, 0x31, 0xd6, 0xb5, 0xce, 0x73, 0xd6, 0xb5, 
	0xe7, 0x39, 0xce, 0x73, 0xc6, 0x31, 0xef, 0x7b, 
	0xf7, 0xbd, 0xef, 0x7b, 0xe7, 0x39, 0xde, 0xf7, 
	0xce, 0x73, 0xde, 0xf7, 0xde, 0xf7, 0xd6, 0xb5, 
	0xb5, 0xad, 0xc6, 0x31, 0xbd, 0xef, 0xb5, 0xad, 
	0xbd, 0xef, 0xb5, 0xad, 0xde, 0xf7, 0xef, 0x7b, 
	0xd6, 0xb5, 0xd6, 0xb5, 0xd6, 0xb5, 0xce, 0x73, 
	0xad, 0x6b, 0xad, 0x6b, 0xad, 0x6b, 0xb5, 0xad, 
	0xc6, 0x31, 0xde, 0xf7, 0xe7, 0x39, 0xde, 0xf7, 
	0xef, 0x7b, 0xef, 0x7b, 0xc6, 0x31, 0xde, 0xf7, 
	0xf7, 0xbd, 0xef, 0x7b, 0xe7, 0x39, 0xc6, 0x31, 
	0xb5, 0xad, 0xce, 0x73, 0xbd, 0xef, 0xbd, 0xef, 
	0xad, 0x6b, 0xbd, 0xef, 0xce, 0x73, 0xbd, 0xef, 
	0xad, 0x6b, 0xbd, 0xef, 0xce, 0x73, 0xef, 0x7b, 
	0xc6, 0x31, 0xbd, 0xef, 0xb5, 0xad, 0xad, 0x6b, 
	0xa5, 0x29, 0xa5, 0x29, 0xa5, 0x29, 0xad, 0x6b, 
	0xc6, 0x31, 0xde, 0xf7, 0xe7, 0x39, 0xef, 0x7b, 
	0xef, 0x7b, 0xf7, 0xbd, 0xde, 0xf7, 0xbd, 0xef, 
	0xe7, 0x39, 0xef, 0x7b, 0xde, 0xf7, 0xc6, 0x31, 
	0xbd, 0xef, 0xce, 0x73, 0xad, 0x6b, 0xde, 0xf7, 
	0xad, 0x6b, 0xce, 0x73, 0xde, 0xf7, 0xd6, 0xb5, 
	0xb5, 0xad, 0xc6, 0x31, 0xb5, 0xad, 0xef, 0x7b, 
	0xce, 0x73, 0xb5, 0xad, 0xad, 0x6b, 0xa5, 0x29, 
	0xad, 0x6b, 0xad, 0x6b, 0xa5, 0x29, 0xb5, 0xad, 
	0xce, 0x73, 0xe7, 0x39, 0xe7, 0x39, 0xef, 0x7b, 
	0xde, 0xf7, 0xef, 0x7b, 0xde, 0xf7, 0xbd, 0xef, 
	0xe7, 0x39, 0xde, 0xf7, 0xde, 0xf7, 0xde, 0xf7, 
	0xd6, 0xb5, 0xde, 0xf7, 0xd6, 0xb5, 0xef, 0x7b, 
	0xd6, 0xb5, 0xce, 0x73, 0xde, 0xf7, 0xce, 0x73, 
	0xc6, 0x31, 0xc6, 0x31, 0xc6, 0x31, 0xde, 0xf7, 
	0xce, 0x73, 0xad, 0x6b, 0xad, 0x6b, 0xa5, 0x29, 
	0xb5, 0xad, 0xad, 0x6b, 0xad, 0x6b, 0xbd, 0xef, 
	0xd6, 0xb5, 0xe7, 0x39, 0xe7, 0x39, 0xe7, 0x39, 
	0xde, 0xf7, 0xd6, 0xb5, 0xde, 0xf7, 0xd6, 0xb5, 
	0xef, 0x7b, 0xe7, 0x39, 0xe7, 0x39, 0xd6, 0xb5, 
	0xc6, 0x31, 0xd6, 0xb5, 0xd6, 0xb5, 0xe7, 0x39, 
	0xde, 0xf7, 0xde, 0xf7, 0xde, 0xf7, 0xd6, 0xb5, 
	0xd6, 0xb5, 0xc6, 0x31, 0xc6, 0x31, 0xd6, 0xb5, 
	0xce, 0x73, 0xad, 0x6b, 0xad, 0x6b, 0xad, 0x6b, 
	0xb5, 0xad, 0xb5, 0xad, 0xb5, 0xad, 0xc6, 0x31, 
	0xde, 0xf7, 0xef, 0x7b, 0xe7, 0x39, 0xde, 0xf7, 
	0xf7, 0xbd, 0xde, 0xf7, 0xe7, 0x39, 0xce, 0x73, 
	0xe7, 0x39, 0xe7, 0x39, 0xde, 0xf7, 0xce, 0x73, 
	0xbd, 0xef, 0xd6, 0xb5, 0xc6, 0x31, 0xe7, 0x39, 
	0xe7, 0x39, 0xde, 0xf7, 0xde, 0xf7, 0xde, 0xf7, 
	0xde, 0xf7, 0xce, 0x73, 0xd6, 0xb5, 0xde, 0xf7, 
	0xb5, 0xad, 0xb5, 0xad, 0xb5, 0xad, 0xad, 0x6b, 
	0xbd, 0xef, 0xbd, 0xef, 0xc6, 0x31, 0xce, 0x73, 
	0xde, 0xf7, 0xef, 0x7b, 0xef, 0x7b, 0xd6, 0xb5, 
	0xf7, 0xbd, 0xde, 0xf7, 0xb5, 0xad, 0xc6, 0x31, 
	0xd6, 0xb5, 0xd6, 0xb5, 0xd6, 0xb5, 0xce, 0x73, 
	0xce, 0x73, 0xd6, 0xb5, 0xde, 0xf7, 0xef, 0x7b, 
	0xe7, 0x39, 0xe7, 0x39, 0xde, 0xf7, 0xe7, 0x39, 
	0xe7, 0x39, 0xde, 0xf7, 0xef, 0x7b, 0xde, 0xf7, 
	0xbd, 0xef, 0xce, 0x73, 0xb5, 0xad, 0xb5, 0xad, 
	0xbd, 0xef, 0xc6, 0x31, 0xce, 0x73, 0xd6, 0xb5, 
	0xe7, 0x39, 0xe7, 0x39, 0xef, 0x7b, 0xd6, 0xb5, 
	0xe7, 0x39, 0xde, 0xf7, 0xa5, 0x29, 0xbd, 0xef, 
	0xbd, 0xef, 0xc6, 0x31, 0xde, 0xf7, 0xc6, 0x31, 
	0xd6, 0xb5, 0xce, 0x73, 0xde, 0xf7, 0xe7, 0x39, 
	0xde, 0xf7, 0xde, 0xf7, 0xe7, 0x39, 0xe7, 0x39, 
	0xe7, 0x39, 0xef, 0x7b, 0xf7, 0xbd, 0xce, 0x73, 
	0xce, 0x73, 0xce, 0x73, 0xc6, 0x31, 0xb5, 0xad, 
	0xbd, 0xef, 0xce, 0x73, 0xd6, 0xb5, 0xd6, 0xb5, 
	0xe7, 0x39, 0xe7, 0x39, 0xef, 0x7b, 0xce, 0x73, 
	0xde, 0xf7, 0xd6, 0xb5, 0xb5, 0xad, 0x9c, 0xe7, 
	0xc6, 0x31, 0xce, 0x73, 0xd6, 0xb5, 0xd6, 0xb5, 
	0xde, 0xf7, 0xe7, 0x39, 0xe7, 0x39, 0xce, 0x73, 
	0xb5, 0xad, 0xde, 0xf7, 0xde, 0xf7, 0xe7, 0x39, 
	0xe7, 0x39, 0xf7, 0xbd, 0xef, 0x7b, 0xce, 0x73, 
	0xd6, 0xb5, 0xde, 0xf7, 0xce, 0x73, 0xc6, 0x31, 
	0xc6, 0x31, 0xce, 0x73, 0xd6, 0xb5, 0xd6, 0xb5, 
	0xe7, 0x39, 0xe7, 0x39, 0xef, 0x7b, 0xde, 0xf7, 
	0xe7, 0x39, 0xd6, 0xb5, 0xc6, 0x31, 0xb5, 0xad, 
	0xbd, 0xef, 0xc6, 0x31, 0xd6, 0xb5, 0xd6, 0xb5, 
	0xde, 0xf7, 0xff, 0xff, 0xe7, 0x39, 0xde, 0xf7, 
	0xc6, 0x31, 0xce, 0x73, 0xde, 0xf7, 0xde, 0xf7, 
	0xe7, 0x39, 0xf7, 0xbd, 0xe7, 0x39, 0xde, 0xf7, 
	0xd6, 0xb5, 0xd6, 0xb5, 0xd6, 0xb5, 0xce, 0x73, 
	0xc6, 0x31, 0xce, 0x73, 0xde, 0xf7, 0xd6, 0xb5, 
	0xe7, 0x39, 0xde, 0xf7, 0xf7, 0xbd, 0xc6, 0x31, 
	0xe7, 0x39, 0xd6, 0xb5, 0xc6, 0x31, 0xbd, 0xef, 
	0xbd, 0xef, 0xb5, 0xad, 0xce, 0x73, 0xef, 0x7b, 
	0xef, 0x7b, 0xe7, 0x39, 0xef, 0x7b, 0xe7, 0x39, 
	0xc6, 0x31, 0xc6, 0x31, 0xce, 0x73, 0xde, 0xf7, 
	0xe7, 0x39, 0xf7, 0xbd, 0xef, 0x7b, 0xde, 0xf7, 
	0xde, 0xf7, 0xc6, 0x31, 0xce, 0x73, 0xc6, 0x31, 
	0xce, 0x73, 0xd6, 0xb5, 0xde, 0xf7, 0xd6, 0xb5, 
	0xe7, 0x39, 0xde, 0xf7, 0xe7, 0x39, 0xde, 0xf7, 
	0xd6, 0xb5, 0xbd, 0xef, 0xad, 0x6b, 0xb5, 0xad, 
	0xad, 0x6b, 0xad, 0x6b, 0xb5, 0xad, 0xde, 0xf7, 
	0xde, 0xf7, 0xde, 0xf7, 0xef, 0x7b, 0xef, 0x7b, 
	0xc6, 0x31, 0xb5, 0xad, 0xc6, 0x31, 0xd6, 0xb5, 
	0xd6, 0xb5, 0xef, 0x7b, 0xef, 0x7b, 0xde, 0xf7, 
	0xe7, 0x39, 0xc6, 0x31, 0xd6, 0xb5, 0xc6, 0x31, 
	0xb5, 0xad, 0xd6, 0xb5, 0xde, 0xf7, 0xde, 0xf7, 
	0xef, 0x7b, 0xde, 0xf7, 0xe7, 0x39, 0xe7, 0x39, 
	0xde, 0xf7, 0xc6, 0x31, 0xb5, 0xad, 0xbd, 0xef, 
	0xad, 0x6b, 0xc6, 0x31, 0xa5, 0x29, 0xbd, 0xef, 
	0xd6, 0xb5, 0xde, 0xf7, 0xef, 0x7b, 0xe7, 0x39, 
	0xc6, 0x31, 0xad, 0x6b, 0xb5, 0xad, 0xc6, 0x31, 
	0xd6, 0xb5, 0xe7, 0x39, 0xe7, 0x39, 0xde, 0xf7, 
	0xe7, 0x39, 0xde, 0xf7, 0xe7, 0x39, 0xd6, 0xb5, 
	0xb5, 0xad, 0xbd, 0xef, 0xd6, 0xb5, 0xce, 0x73, 
	0xde, 0xf7, 0xce, 0x73, 0xce, 0x73, 0xde, 0xf7, 
	0xce, 0x73, 0xbd, 0xef, 0xb5, 0xad, 0xc6, 0x31, 
	0xc6, 0x31, 0xe7, 0x39, 0xce, 0x73, 0xce, 0x73, 
	0xe7, 0x39, 0xe7, 0x39, 0xe7, 0x39, 0xce, 0x73, 
	0xb5, 0xad, 0xa5, 0x29, 0xad, 0x6b, 0xb5, 0xad, 
	0xd6, 0xb5, 0xe7, 0x39, 0xde, 0xf7, 0xde, 0xf7, 
	0xde, 0xf7, 0xe7, 0x39, 0xe7, 0x39, 0xde, 0xf7, 
	0xde, 0xf7, 0xe7, 0x39, 0xef, 0x7b, 0xe7, 0x39, 
	0xd6, 0xb5, 0xc6, 0x31, 0xbd, 0xef, 0xbd, 0xef, 
	0xb5, 0xad, 0xad, 0x6b, 0xb5, 0xad, 0xc6, 0x31, 
	0xc6, 0x31, 0xef, 0x7b, 0xd6, 0xb5, 0xe7, 0x39, 
	0xef, 0x7b, 0xe7, 0x39, 0xde, 0xf7, 0xc6, 0x31, 
	0xad, 0x6b, 0xad, 0x6b, 0xa5, 0x29, 0xb5, 0xad, 
	0xce, 0x73, 0xe7, 0x39, 0xde, 0xf7, 0xde, 0xf7, 
	0xe7, 0x39, 0xde, 0xf7, 0xde, 0xf7, 0xe7, 0x39, 
	0xde, 0xf7, 0xe7, 0x39, 0xde, 0xf7, 0xde, 0xf7, 
	0xb5, 0xad, 0xb5, 0xad, 0xa5, 0x29, 0x9c, 0xe7, 
	0x9c, 0xe7, 0x9c, 0xe7, 0xb5, 0xad, 0xc6, 0x31, 
	0xbd, 0xef, 0xef, 0x7b, 0xe7, 0x39, 0xe7, 0x39, 
	0xef, 0x7b, 0xde, 0xf7, 0xce, 0x73, 0xb5, 0xad, 
	0xa5, 0x29, 0xad, 0x6b, 0xa5, 0x29, 0xbd, 0xef, 
	0xce, 0x73, 0xef, 0x7b, 0xf7, 0xbd, 0xef, 0x7b, 
	0xde, 0xf7, 0xe7, 0x39, 0xe7, 0x39, 0xe7, 0x39, 
	0xde, 0xf7, 0xe7, 0x39, 0xd6, 0xb5, 0xbd, 0xef, 
	0xa5, 0x29, 0xa5, 0x29, 0x9c, 0xe7, 0x9c, 0xe7, 
	0xa5, 0x29, 0xa5, 0x29, 0xbd, 0xef, 0xce, 0x73, 
	0xbd, 0xef, 0xe7, 0x39, 0xe7, 0x39, 0xde, 0xf7, 
	0xe7, 0x39, 0xd6, 0xb5, 0xce, 0x73, 0xb5, 0xad, 
	0xa5, 0x29, 0xb5, 0xad, 0xb5, 0xad, 0xc6, 0x31, 
	0xce, 0x73, 0xe7, 0x39, 0xf7, 0xbd, 0xef, 0x7b, 
	0xe7, 0x39, 0xe7, 0x39, 0xe7, 0x39, 0xd6, 0xb5, 
	0xc6, 0x31, 0xde, 0xf7, 0xb5, 0xad, 0xad, 0x6b, 
	0xa5, 0x29, 0xa5, 0x29, 0x9c, 0xe7, 0xa5, 0x29, 
	0xb5, 0xad, 0xbd, 0xef, 0xce, 0x73, 0xde, 0xf7, 
	0xc6, 0x31, 0xd6, 0xb5, 0xe7, 0x39, 0xd6, 0xb5, 
	0xde, 0xf7, 0xde, 0xf7, 0xce, 0x73, 0xbd, 0xef, 
	0xad, 0x6b, 0xbd, 0xef, 0xce, 0x73, 0xd6, 0xb5, 
	0xd6, 0xb5, 0xef, 0x7b, 0xf7, 0xbd, 0xf7, 0xbd, 
	0xef, 0x7b, 0xef, 0x7b, 0xe7, 0x39, 0xc6, 0x31, 
	0xb5, 0xad, 0xde, 0xf7, 0xad, 0x6b, 0xa5, 0x29, 
	0xb5, 0xad, 0xa5, 0x29, 0xa5, 0x29, 0xb5, 0xad, 
	0xbd, 0xef, 0xc6, 0x31, 0xde, 0xf7, 0xef, 0x7b, 
	0xce, 0x73, 0xce, 0x73, 0xde, 0xf7, 0xce, 0x73, 
	0xd6, 0xb5, 0xde, 0xf7, 0xce, 0x73, 0xad, 0x6b, 
	0xad, 0x6b, 0xc6, 0x31, 0xce, 0x73, 0xd6, 0xb5, 
	0xce, 0x73, 0xef, 0x7b, 0xef, 0x7b, 0xf7, 0xbd, 
	0xf7, 0xbd, 0xf7, 0xbd, 0xf7, 0xbd, 0xde, 0xf7, 
	0xbd, 0xef, 0xd6, 0xb5, 0xbd, 0xef, 0xb5, 0xad, 
	0xce, 0x73, 0xc6, 0x31, 0xad, 0x6b, 0xbd, 0xef, 
	0xc6, 0x31, 0xc6, 0x31, 0xde, 0xf7, 0xf7, 0xbd, 
	0xe7, 0x39, 0xd6, 0xb5, 0xd6, 0xb5, 0xbd, 0xef, 
	0xce, 0x73, 0xde, 0xf7, 0xce, 0x73, 0xa5, 0x29, 
	0xc6, 0x31, 0xde, 0xf7, 0xce, 0x73, 0xde, 0xf7, 
	0xd6, 0xb5, 0xef, 0x7b, 0xe7, 0x39, 0xef, 0x7b, 
	0xff, 0xff, 0xef, 0x7b, 0xf7, 0xbd, 0xf7, 0xbd, 
	0xce, 0x73, 0xce, 0x73, 0xde, 0xf7, 0xce, 0x73, 
	0xde, 0xf7, 0xef, 0x7b, 0xce, 0x73, 0xd6, 0xb5, 
	0xbd, 0xef, 0xc6, 0x31, 0xd6, 0xb5, 0xff, 0xff, 
	0xf7, 0xbd, 0xe7, 0x39, 0xde, 0xf7, 0xb5, 0xad, 
	0xce, 0x73, 0xd6, 0xb5, 0xb5, 0xad, 0xb5, 0xad, 
	0xce, 0x73, 0xe7, 0x39, 0xd6, 0xb5, 0xde, 0xf7, 
	0xe7, 0x39, 0xf7, 0xbd, 0xef, 0x7b, 0xff, 0xff, 
	0xff, 0xff, 0xf7, 0xbd, 0xff, 0xff, 0xf7, 0xbd, 
	0xef, 0x7b, 0xce, 0x73, 0xef, 0x7b, 0xd6, 0xb5, 
	0xe7, 0x39, 0xef, 0x7b, 0xce, 0x73, 0xde, 0xf7, 
	0xbd, 0xef, 0xd6, 0xb5, 0xd6, 0xb5, 0xf7, 0xbd, 
	0xff, 0xff, 0xef, 0x7b, 0xd6, 0xb5, 0xb5, 0xad, 
	0xc6, 0x31, 0xce, 0x73, 0xb5, 0xad, 0xd6, 0xb5, 
	0xd6, 0xb5, 0xe7, 0x39, 0xd6, 0xb5, 0xe7, 0x39, 
	0xde, 0xf7, 0xef, 0x7b, 0xe7, 0x39, 0xff, 0xff, 
	0xff, 0xff, 0xff, 0xff, 0xff, 0xff, 0xff, 0xff, 
	0xef, 0x7b, 0xd6, 0xb5, 0xef, 0x7b, 0xef, 0x7b, 
	0xe7, 0x39, 0xe7, 0x39, 0xc6, 0x31, 0xd6, 0xb5, 
	0xce, 0x73, 0xde, 0xf7, 0xde, 0xf7, 0xde, 0xf7, 
	0xf7, 0xbd, 0xf7, 0xbd, 0xd6, 0xb5, 0xad, 0x6b, 
	0xbd, 0xef, 0xce, 0x73, 0xbd, 0xef, 0xd6, 0xb5, 
	0xde, 0xf7, 0xe7, 0x39, 0xde, 0xf7, 0xef, 0x7b, 
	0xe7, 0x39, 0xef, 0x7b, 0xe7, 0x39, 0xef, 0x7b, 
	0xef, 0x7b, 0xff, 0xff, 0xde, 0xf7, 0xce, 0x73, 
	0xde, 0xf7, 0xd6, 0xb5, 0xde, 0xf7, 0xff, 0xff, 
	0xe7, 0x39, 0xe7, 0x39, 0xbd, 0xef, 0xce, 0x73, 
	0xd6, 0xb5, 0xe7, 0x39, 0xde, 0xf7, 0xde, 0xf7, 
	0xf7, 0xbd, 0xef, 0x7b, 0xd6, 0xb5, 0xb5, 0xad, 
	0xbd, 0xef, 0xd6, 0xb5, 0xce, 0x73, 0xde, 0xf7, 
	0xde, 0xf7, 0xef, 0x7b, 0xef, 0x7b, 0xf7, 0xbd, 
	0xef, 0x7b, 0xef, 0x7b, 0xef, 0x7b, 0xef, 0x7b, 
	0xde, 0xf7, 0xde, 0xf7, 0xb5, 0xad, 0xb5, 0xad, 
	0xde, 0xf7, 0xe7, 0x39, 0xde, 0xf7, 0xef, 0x7b, 
	0xe7, 0x39, 0xe7, 0x39, 0xbd, 0xef, 0xbd, 0xef, 
	0xde, 0xf7, 0xef, 0x7b, 0xde, 0xf7, 0xde, 0xf7, 
	0xe7, 0x39, 0xef, 0x7b, 0xde, 0xf7, 0xce, 0x73, 
	0xc6, 0x31, 0xde, 0xf7, 0xd6, 0xb5, 0xe7, 0x39, 
	0xe7, 0x39, 0xef, 0x7b, 0xef, 0x7b, 0xf7, 0xbd, 
	0xef, 0x7b, 0xef, 0x7b, 0xef, 0x7b, 0xf7, 0xbd, 
	0xe7, 0x39, 0xce, 0x73, 0xbd, 0xef, 0xce, 0x73, 
	0xef, 0x7b, 0xff, 0xff, 0xf7, 0xbd, 0xde, 0xf7, 
	0xef, 0x7b, 0xef, 0x7b, 0xce, 0x73, 0xb5, 0xad, 
	0xd6, 0xb5, 0xe7, 0x39, 0xce, 0x73, 0xd6, 0xb5, 
	0xde, 0xf7, 0xef, 0x7b, 0xe7, 0x39, 0xe7, 0x39, 
	0xd6, 0xb5, 0xe7, 0x39, 0xef, 0x7b, 0xf7, 0xbd, 
	0xef, 0x7b, 0xef, 0x7b, 0xef, 0x7b, 0xf7, 0xbd, 
	0xef, 0x7b, 0xe7, 0x39, 0xe7, 0x39, 0xef, 0x7b, 
	0xef, 0x7b, 0xce, 0x73, 0xbd, 0xef, 0xde, 0xf7, 
	0xff, 0xff, 0xff, 0xff, 0xff, 0xff, 0xf7, 0xbd, 
	0xf7, 0xbd, 0xf7, 0xbd, 0xef, 0x7b, 0xc6, 0x31, 
	0xbd, 0xef, 0xd6, 0xb5, 0xbd, 0xef, 0xc6, 0x31, 
	0xd6, 0xb5, 0xe7, 0x39, 0xef, 0x7b, 0xf7, 0xbd, 
	0xe7, 0x39, 0xe7, 0x39, 0xf7, 0xbd, 0xf7, 0xbd, 
	0xf7, 0xbd, 0xf7, 0xbd, 0xf7, 0xbd, 0xef, 0x7b, 
	0xef, 0x7b, 0xd6, 0xb5, 0xc6, 0x31, 0xd6, 0xb5, 
	0xde, 0xf7, 0xd6, 0xb5, 0xce, 0x73, 0xde, 0xf7, 
	0xf7, 0xbd, 0xef, 0x7b, 0xf7, 0xbd, 0xf7, 0xbd, 
	0xf7, 0xbd, 0xf7, 0xbd, 0xef, 0x7b, 0xd6, 0xb5, 
	0xc6, 0x31, 0xce, 0x73, 0xad, 0x6b, 0xad, 0x6b, 
	0xce, 0x73, 0xe7, 0x39, 0xde, 0xf7, 0xef, 0x7b, 
	0xef, 0x7b, 0xef, 0x7b, 0xef, 0x7b, 0xef, 0x7b, 
	0xff, 0xff, 0xe7, 0x39, 0xef, 0x7b, 0xef, 0x7b, 
	0xe7, 0x39, 0xce, 0x73, 0xb5, 0xad, 0xb5, 0xad, 
	0xce, 0x73, 0xde, 0xf7, 0xef, 0x7b, 0xe7, 0x39, 
	0xef, 0x7b, 0xef, 0x7b, 0xef, 0x7b, 0xef, 0x7b, 
	0xef, 0x7b, 0xef, 0x7b, 0xde, 0xf7, 0xde, 0xf7, 
	0xce, 0x73, 0xc6, 0x31, 0xad, 0x6b, 0xb5, 0xad, 
	0xc6, 0x31, 0xe7, 0x39, 0xb5, 0xad, 0xe7, 0x39, 
	0xf7, 0xbd, 0xef, 0x7b, 0xef, 0x7b, 0xce, 0x73, 
	0xef, 0x7b, 0xd6, 0xb5, 0xde, 0xf7, 0xe7, 0x39, 
	0xde, 0xf7, 0xc6, 0x31, 0xb5, 0xad, 0xad, 0x6b, 
	0xbd, 0xef, 0xde, 0xf7, 0xe7, 0x39, 0xde, 0xf7, 
	0xe7, 0x39, 0xe7, 0x39, 0xe7, 0x39, 0xef, 0x7b, 
	0xe7, 0x39, 0xe7, 0x39, 0xd6, 0xb5, 0xde, 0xf7, 
	0xce, 0x73, 0xc6, 0x31, 0xb5, 0xad, 0xd6, 0xb5, 
	0xce, 0x73, 0xe7, 0x39, 0xad, 0x6b, 0xe7, 0x39, 
	0xef, 0x7b, 0xe7, 0x39, 0xe7, 0x39, 0xd6, 0xb5, 
	0xd6, 0xb5, 0xd6, 0xb5, 0xd6, 0xb5, 0xde, 0xf7, 
	0xd6, 0xb5, 0xc6, 0x31, 0xbd, 0xef, 0xb5, 0xad, 
	0xc6, 0x31, 0xde, 0xf7, 0xe7, 0x39, 0xe7, 0x39, 
	0xde, 0xf7, 0xd6, 0xb5, 0xd6, 0xb5, 0xde, 0xf7, 
	0xd6, 0xb5, 0xd6, 0xb5, 0xd6, 0xb5, 0xbd, 0xef, 
	0xb5, 0xad, 0xbd, 0xef, 0xbd, 0xef, 0xe7, 0x39, 
	0xde, 0xf7, 0xe7, 0x39, 0xce, 0x73, 0xde, 0xf7, 
	0xd6, 0xb5, 0xd6, 0xb5, 0xde, 0xf7, 0xde, 0xf7, 
	0xd6, 0xb5, 0xd6, 0xb5, 0xce, 0x73, 0xce, 0x73, 
	0xc6, 0x31, 0xc6, 0x31, 0xc6, 0x31, 0xc6, 0x31, 
	0xc6, 0x31, 0xd6, 0xb5, 0xde, 0xf7, 0xde, 0xf7, 
	0xd6, 0xb5, 0xce, 0x73, 0xc6, 0x31, 0xce, 0x73, 
	
};

Gfx castle_courtyard_dl_castle_courtyard_1_0xe000810_custom_rgba16_ci4_aligner[] = {gsSPEndDisplayList()};
u8 castle_courtyard_dl_castle_courtyard_1_0xe000810_custom_rgba16_ci4[] = {
	0x00, 0x00, 0x00, 0x12, 0x22, 0x20, 0x20, 0x02, 
	0x22, 0x00, 0x20, 0x20, 0x02, 0x00, 0x22, 0x02, 
	0x20, 0x00, 0x10, 0x00, 0x00, 0x00, 0x02, 0x22, 
	0x02, 0x02, 0x02, 0x00, 0x02, 0x00, 0x20, 0x00, 
	0x02, 0x02, 0x30, 0x00, 0x10, 0x00, 0x22, 0x02, 
	0x20, 0x00, 0x00, 0x20, 0x20, 0x24, 0x42, 0x02, 
	0x22, 0x20, 0x22, 0x00, 0x00, 0x02, 0x02, 0x00, 
	0x22, 0x22, 0x22, 0x40, 0x22, 0x02, 0x04, 0x02, 
	0x00, 0x22, 0x03, 0x20, 0x00, 0x02, 0x22, 0x22, 
	0x02, 0x22, 0x00, 0x22, 0x20, 0x22, 0x22, 0x00, 
	0x20, 0x20, 0x22, 0x20, 0x01, 0x22, 0x00, 0x00, 
	0x00, 0x00, 0x22, 0x22, 0x24, 0x00, 0x42, 0x20, 
	0x02, 0x00, 0x00, 0x05, 0x20, 0x22, 0x22, 0x02, 
	0x00, 0x20, 0x00, 0x00, 0x00, 0x42, 0x00, 0x20, 
	0x20, 0x22, 0x20, 0x02, 0x10, 0x20, 0x22, 0x22, 
	0x00, 0x00, 0x02, 0x20, 0x20, 0x40, 0x02, 0x00, 
	0x02, 0x00, 0x03, 0x00, 0x00, 0x00, 0x22, 0x02, 
	0x02, 0x20, 0x30, 0x20, 0x00, 0x22, 0x20, 0x22, 
	0x00, 0x20, 0x12, 0x00, 0x01, 0x02, 0x02, 0x22, 
	0x20, 0x00, 0x00, 0x10, 0x02, 0x02, 0x02, 0x03, 
	0x20, 0x02, 0x00, 0x01, 0x02, 0x10, 0x20, 0x00, 
	0x02, 0x00, 0x02, 0x02, 0x02, 0x00, 0x20, 0x20, 
	0x00, 0x00, 0x20, 0x00, 0x25, 0x00, 0x02, 0x22, 
	0x00, 0x22, 0x21, 0x32, 0x00, 0x02, 0x22, 0x20, 
	0x00, 0x20, 0x20, 0x20, 0x02, 0x15, 0x22, 0x00, 
	0x22, 0x22, 0x02, 0x10, 0x00, 0x22, 0x02, 0x22, 
	0x00, 0x20, 0x00, 0x21, 0x21, 0x01, 0x00, 0x22, 
	0x20, 0x00, 0x20, 0x00, 0x00, 0x00, 0x00, 0x02, 
	0x22, 0x22, 0x20, 0x20, 0x25, 0x22, 0x02, 0x20, 
	0x20, 0x02, 0x01, 0x50, 0x22, 0x20, 0x02, 0x22, 
	0x02, 0x02, 0x02, 0x10, 0x20, 0x10, 0x01, 0x22, 
	0x00, 0x00, 0x02, 0x21, 0x01, 0x00, 0x02, 0x22, 
	0x00, 0x02, 0x20, 0x12, 0x00, 0x12, 0x00, 0x21, 
	0x22, 0x02, 0x00, 0x20, 0x00, 0x02, 0x00, 0x20, 
	0x04, 0x22, 0x02, 0x20, 0x50, 0x52, 0x00, 0x32, 
	0x20, 0x00, 0x20, 0x10, 0x15, 0x00, 0x02, 0x22, 
	0x24, 0x00, 0x00, 0x22, 0x02, 0x10, 0x10, 0x00, 
	0x20, 0x01, 0x22, 0x15, 0x22, 0x01, 0x22, 0x42, 
	0x24, 0x24, 0x20, 0x00, 0x20, 0x00, 0x00, 0x01, 
	0x01, 0x32, 0x03, 0x01, 0x20, 0x00, 0x22, 0x24, 
	0x44, 0x00, 0x20, 0x00, 0x22, 0x22, 0x10, 0x22, 
	0x01, 0x20, 0x00, 0x12, 0x31, 0x02, 0x22, 0x44, 
	0x04, 0x40, 0x40, 0x02, 0x02, 0x20, 0x22, 0x01, 
	0x30, 0x00, 0x11, 0x02, 0x20, 0x00, 0x20, 0x02, 
	0x44, 0x44, 0x44, 0x40, 0x40, 0x02, 0x20, 0x22, 
	0x21, 0x20, 0x12, 0x00, 0x02, 0x22, 0x00, 0x22, 
	0x02, 0x20, 0x44, 0x44, 0x02, 0x00, 0x20, 0x21, 
	0x01, 0x12, 0x12, 0x00, 0x02, 0x20, 0x02, 0x02, 
	0x02, 0x04, 0x04, 0x44, 0x02, 0x22, 0x20, 0x20, 
	0x00, 0x13, 0x05, 0x02, 0x20, 0x02, 0x02, 0x00, 
	0x30, 0x24, 0x02, 0x04, 0x44, 0x20, 0x22, 0x20, 
	0x25, 0x21, 0x12, 0x00, 0x00, 0x20, 0x00, 0x05, 
	0x20, 0x02, 0x40, 0x02, 0x00, 0x00, 0x22, 0x22, 
	0x00, 0x11, 0x00, 0x30, 0x00, 0x22, 0x00, 0x32, 
	0x00, 0x42, 0x00, 0x02, 0x20, 0x02, 0x20, 0x22, 
	0x00, 0x00, 0x10, 0x20, 0x00, 0x22, 0x20, 0x22, 
	0x20, 0x00, 0x22, 0x20, 0x02, 0x02, 0x00, 0x02, 
	0x22, 0x20, 0x25, 0x02, 0x02, 0x22, 0x20, 0x00, 
	0x05, 0x20, 0x00, 0x00, 0x30, 0x20, 0x42, 0x04, 
	0x02, 0x00, 0x10, 0x00, 0x00, 0x00, 0x00, 0x25, 
	0x22, 0x22, 0x32, 0x02, 0x20, 0x02, 0x22, 0x20, 
	0x02, 0x00, 0x00, 0x10, 0x11, 0x02, 0x20, 0x20, 
	0x20, 0x32, 0x02, 0x05, 0x20, 0x22, 0x20, 0x22, 
	0x32, 0x02, 0x13, 0x05, 0x13, 0x30, 0x03, 0x30, 
	
};

Gfx castle_courtyard_dl_castle_courtyard_1_0xe000810_custom_rgba16_ci4_pal_rgba16_aligner[] = {gsSPEndDisplayList()};
u8 castle_courtyard_dl_castle_courtyard_1_0xe000810_custom_rgba16_ci4_pal_rgba16[] = {
	0x42, 0x0f, 0x4a, 0x53, 0x39, 0xcd, 0x42, 0x0d, 
	0x39, 0xcb, 0x4a, 0x11, 
};

Gfx castle_courtyard_dl_kpa_floor_ctif_i8_aligner[] = {gsSPEndDisplayList()};
u8 castle_courtyard_dl_kpa_floor_ctif_i8[] = {
	0x55, 0x55, 0x44, 0x55, 0x55, 0x55, 0x55, 0x55, 
	0x55, 0x55, 0x55, 0x55, 0x55, 0x55, 0x55, 0x44, 
	0xaa, 0xaa, 0xaa, 0xaa, 0xaa, 0xaa, 0xaa, 0xbb, 
	0xaa, 0xaa, 0xaa, 0xbb, 0xaa, 0xaa, 0xbb, 0x99, 
	0x55, 0x55, 0x55, 0x55, 0x55, 0x44, 0x44, 0x55, 
	0x55, 0x55, 0x55, 0x44, 0x44, 0x55, 0x55, 0x44, 
	0xaa, 0x88, 0x88, 0x88, 0x99, 0x99, 0xaa, 0x99, 
	0x88, 0x99, 0x88, 0x88, 0x88, 0x99, 0x88, 0x66, 
	0x44, 0x55, 0x55, 0x55, 0x55, 0x55, 0x44, 0x55, 
	0x55, 0x55, 0x55, 0x55, 0x55, 0x55, 0x44, 0x33, 
	0xaa, 0x88, 0x99, 0x99, 0x99, 0x99, 0x88, 0x88, 
	0x88, 0x88, 0x88, 0x88, 0x88, 0x88, 0x99, 0x66, 
	0x55, 0x55, 0x44, 0x55, 0x55, 0x55, 0x55, 0x44, 
	0x55, 0x55, 0x55, 0x55, 0x55, 0x44, 0x55, 0x33, 
	0xaa, 0x88, 0x88, 0x88, 0x99, 0x88, 0x99, 0x88, 
	0x99, 0x99, 0x99, 0x99, 0x88, 0x88, 0x99, 0x66, 
	0x55, 0x55, 0x55, 0x55, 0x55, 0x44, 0x44, 0x55, 
	0x55, 0x55, 0x55, 0x55, 0x55, 0x44, 0x44, 0x33, 
	0xbb, 0x99, 0x88, 0x88, 0x99, 0x99, 0x99, 0x88, 
	0x88, 0x99, 0x88, 0x99, 0x99, 0x88, 0x99, 0x66, 
	0x55, 0x55, 0x55, 0x55, 0x44, 0x55, 0x55, 0x55, 
	0x55, 0x44, 0x55, 0x44, 0x55, 0x55, 0x44, 0x33, 
	0xaa, 0x88, 0x88, 0x88, 0x99, 0x88, 0x88, 0x88, 
	0x88, 0x88, 0x77, 0x99, 0x88, 0x88, 0x99, 0x66, 
	0x55, 0x44, 0x55, 0x55, 0x44, 0x55, 0x44, 0x55, 
	0x55, 0x55, 0x55, 0x55, 0x55, 0x44, 0x55, 0x33, 
	0xaa, 0x88, 0x99, 0x88, 0x88, 0x88, 0x99, 0x99, 
	0x88, 0x88, 0x77, 0x99, 0x88, 0x99, 0x99, 0x66, 
	0x44, 0x55, 0x44, 0x44, 0x44, 0x55, 0x55, 0x55, 
	0x55, 0x55, 0x55, 0x55, 0x55, 0x55, 0x44, 0x22, 
	0xbb, 0x88, 0x88, 0x88, 0x88, 0x88, 0x88, 0x99, 
	0x88, 0x88, 0x99, 0x88, 0x99, 0x99, 0x99, 0x66, 
	0x55, 0x44, 0x55, 0x44, 0x44, 0x44, 0x55, 0x55, 
	0x55, 0x55, 0x55, 0x55, 0x44, 0x44, 0x44, 0x33, 
	0xbb, 0x88, 0x88, 0x88, 0x88, 0x77, 0x88, 0x99, 
	0x88, 0x88, 0x99, 0x99, 0x99, 0x99, 0x99, 0x55, 
	0x44, 0x33, 0x44, 0x55, 0x55, 0x44, 0x44, 0x55, 
	0x55, 0x44, 0x55, 0x55, 0x44, 0x33, 0x44, 0x33, 
	0xaa, 0x88, 0x88, 0x99, 0x99, 0x88, 0x88, 0x99, 
	0x88, 0x77, 0x88, 0x99, 0x99, 0x99, 0x99, 0x55, 
	0x44, 0x33, 0x44, 0x55, 0x55, 0x44, 0x55, 0x55, 
	0x55, 0x44, 0x55, 0x55, 0x44, 0x33, 0x44, 0x22, 
	0xaa, 0x88, 0x88, 0x88, 0x88, 0x99, 0x99, 0x99, 
	0x88, 0x77, 0x88, 0x88, 0x88, 0x88, 0x99, 0x55, 
	0x44, 0x44, 0x33, 0x44, 0x44, 0x55, 0x44, 0x55, 
	0x44, 0x55, 0x44, 0x44, 0x33, 0x44, 0x44, 0x22, 
	0xaa, 0x99, 0x99, 0x88, 0x99, 0x99, 0x99, 0x99, 
	0x88, 0x99, 0x88, 0x99, 0x99, 0x88, 0x99, 0x55, 
	0x44, 0x33, 0x55, 0x44, 0x55, 0x44, 0x44, 0x55, 
	0x55, 0x44, 0x55, 0x44, 0x55, 0x33, 0x44, 0x33, 
	0x99, 0x99, 0x99, 0x88, 0x88, 0x99, 0x99, 0x99, 
	0x99, 0x88, 0x99, 0x99, 0x88, 0x88, 0x99, 0x55, 
	0x55, 0x44, 0x44, 0x55, 0x55, 0x44, 0x55, 0x44, 
	0x55, 0x44, 0x55, 0x55, 0x44, 0x44, 0x55, 0x33, 
	0x99, 0x88, 0x99, 0x99, 0x88, 0x88, 0x99, 0x88, 
	0x88, 0x88, 0x99, 0x88, 0x88, 0x88, 0xaa, 0x55, 
	0x55, 0x44, 0x44, 0x55, 0x55, 0x44, 0x44, 0x55, 
	0x55, 0x44, 0x55, 0x55, 0x44, 0x44, 0x55, 0x22, 
	0x99, 0x77, 0x88, 0x88, 0x88, 0x88, 0x88, 0x88, 
	0x88, 0x88, 0x88, 0x88, 0x88, 0x88, 0x88, 0x55, 
	0x33, 0x33, 0x22, 0x22, 0x22, 0x33, 0x33, 0x33, 
	0x33, 0x33, 0x33, 0x22, 0x22, 0x22, 0x22, 0x22, 
	0x77, 0x66, 0x66, 0x55, 0x55, 0x55, 0x55, 0x66, 
	0x66, 0x66, 0x66, 0x66, 0x66, 0x66, 0x55, 0x55, 
	0xbb, 0xbb, 0xaa, 0xaa, 0xaa, 0xaa, 0xaa, 0xaa, 
	0xaa, 0xbb, 0xaa, 0xaa, 0xaa, 0xaa, 0x99, 0x99, 
	0x44, 0x33, 0x44, 0x33, 0x44, 0x33, 0x44, 0x33, 
	0x44, 0x44, 0x44, 0x44, 0x44, 0x33, 0x44, 0x33, 
	0xaa, 0x88, 0x88, 0x88, 0x88, 0x88, 0x88, 0x88, 
	0x88, 0x88, 0x88, 0x88, 0x88, 0x88, 0x77, 0x55, 
	0x44, 0x44, 0x55, 0x44, 0x55, 0x55, 0x55, 0x44, 
	0x55, 0x55, 0x55, 0x55, 0x55, 0x55, 0x44, 0x33, 
	0xaa, 0x88, 0x88, 0x88, 0x88, 0x88, 0x88, 0x88, 
	0x88, 0x88, 0x88, 0x88, 0x88, 0x88, 0x77, 0x55, 
	0x33, 0x55, 0x44, 0x55, 0x55, 0x55, 0x44, 0x55, 
	0x55, 0x55, 0x55, 0x55, 0x44, 0x44, 0x44, 0x44, 
	0xaa, 0x88, 0x88, 0x88, 0x88, 0x88, 0x88, 0x88, 
	0x88, 0x88, 0x88, 0x88, 0x88, 0x88, 0x77, 0x55, 
	0x44, 0x44, 0x44, 0x44, 0x44, 0x44, 0x55, 0x44, 
	0x55, 0x44, 0x55, 0x55, 0x44, 0x33, 0x44, 0x33, 
	0xaa, 0x88, 0x77, 0x77, 0x88, 0x88, 0x88, 0x88, 
	0x88, 0x88, 0x88, 0x88, 0x88, 0x88, 0x77, 0x55, 
	0x44, 0x55, 0x55, 0x44, 0x55, 0x55, 0x55, 0x55, 
	0x55, 0x44, 0x55, 0x55, 0x44, 0x33, 0x44, 0x33, 
	0xaa, 0x88, 0x88, 0x77, 0x77, 0x88, 0x88, 0x88, 
	0x88, 0x88, 0x88, 0x88, 0x88, 0x88, 0x77, 0x66, 
	0x44, 0x55, 0x55, 0x44, 0x44, 0x55, 0x55, 0x55, 
	0x55, 0x55, 0x55, 0x55, 0x55, 0x44, 0x55, 0x33, 
	0xaa, 0x88, 0x88, 0x77, 0x77, 0x88, 0x88, 0x88, 
	0x88, 0x88, 0x88, 0x99, 0x99, 0x88, 0x77, 0x55, 
	0x33, 0x55, 0x55, 0x55, 0x44, 0x44, 0x55, 0x44, 
	0x55, 0x55, 0x55, 0x55, 0x55, 0x55, 0x44, 0x33, 
	0xaa, 0x88, 0x77, 0x77, 0x88, 0x88, 0x88, 0x88, 
	0x88, 0x88, 0x88, 0x99, 0x88, 0x88, 0x88, 0x55, 
	0x33, 0x55, 0x55, 0x44, 0x44, 0x44, 0x55, 0x44, 
	0x55, 0x55, 0x55, 0x55, 0x44, 0x44, 0x44, 0x33, 
	0xaa, 0x88, 0x88, 0x77, 0x88, 0x88, 0x77, 0x88, 
	0x77, 0x88, 0x88, 0x88, 0x99, 0x88, 0x88, 0x55, 
	0x44, 0x55, 0x44, 0x44, 0x44, 0x44, 0x44, 0x55, 
	0x55, 0x44, 0x55, 0x55, 0x44, 0x33, 0x44, 0x33, 
	0xaa, 0x88, 0x88, 0x88, 0x88, 0x77, 0x77, 0x77, 
	0x88, 0x88, 0x77, 0x88, 0x88, 0x99, 0x88, 0x55, 
	0x44, 0x44, 0x44, 0x44, 0x44, 0x44, 0x55, 0x44, 
	0x55, 0x44, 0x55, 0x55, 0x44, 0x33, 0x44, 0x33, 
	0xaa, 0x88, 0x88, 0x88, 0x88, 0x77, 0x88, 0x77, 
	0x88, 0x88, 0x77, 0x88, 0x88, 0x88, 0x77, 0x55, 
	0x44, 0x55, 0x55, 0x44, 0x55, 0x55, 0x55, 0x55, 
	0x44, 0x55, 0x44, 0x44, 0x33, 0x44, 0x44, 0x44, 
	0xaa, 0x88, 0x88, 0x88, 0x88, 0x88, 0x88, 0x88, 
	0x88, 0x88, 0x88, 0x88, 0x99, 0x88, 0x88, 0x55, 
	0x44, 0x55, 0x55, 0x44, 0x44, 0x55, 0x55, 0x55, 
	0x55, 0x44, 0x55, 0x44, 0x55, 0x33, 0x44, 0x33, 
	0xaa, 0x88, 0x88, 0x88, 0x88, 0x88, 0x88, 0x88, 
	0x88, 0x88, 0x88, 0x88, 0x88, 0x88, 0x88, 0x55, 
	0x33, 0x55, 0x55, 0x55, 0x44, 0x44, 0x44, 0x55, 
	0x55, 0x44, 0x55, 0x55, 0x44, 0x44, 0x55, 0x33, 
	0x99, 0x88, 0x88, 0x88, 0x88, 0x88, 0x88, 0x88, 
	0x88, 0x88, 0x88, 0x99, 0x88, 0x77, 0x88, 0x55, 
	0x33, 0x55, 0x55, 0x44, 0x44, 0x44, 0x44, 0x55, 
	0x55, 0x44, 0x55, 0x55, 0x44, 0x44, 0x55, 0x33, 
	0x99, 0x88, 0x88, 0x88, 0x88, 0x88, 0x88, 0x88, 
	0x88, 0x88, 0x88, 0x88, 0x88, 0x77, 0x77, 0x55, 
	0x44, 0x55, 0x44, 0x44, 0x44, 0x44, 0x55, 0x55, 
	0x44, 0x44, 0x44, 0x44, 0x55, 0x55, 0x55, 0x33, 
	0x99, 0x88, 0x55, 0x55, 0x55, 0x55, 0x55, 0x55, 
	0x55, 0x55, 0x55, 0x55, 0x66, 0x66, 0x66, 0x55, 
	0x33, 0x33, 0x44, 0x44, 0x55, 0x44, 0x44, 0x44, 
	0x44, 0x44, 0x44, 0x33, 0x44, 0x44, 0x33, 0x33, 
	
};

Gfx castle_courtyard_dl_cs_rock02_alb_ci8_aligner[] = {gsSPEndDisplayList()};
u8 castle_courtyard_dl_cs_rock02_alb_ci8[] = {
	0x00, 0x00, 0x01, 0x01, 0x02, 0x00, 0x03, 0x03, 
	0x02, 0x00, 0x01, 0x04, 0x05, 0x06, 0x07, 0x00, 
	0x00, 0x00, 0x02, 0x01, 0x02, 0x00, 0x03, 0x03, 
	0x02, 0x00, 0x03, 0x01, 0x05, 0x06, 0x07, 0x00, 
	0x06, 0x08, 0x01, 0x01, 0x02, 0x01, 0x01, 0x09, 
	0x05, 0x08, 0x01, 0x01, 0x03, 0x0a, 0x0b, 0x0c, 
	0x0d, 0x08, 0x01, 0x01, 0x02, 0x01, 0x08, 0x03, 
	0x01, 0x01, 0x00, 0x00, 0x00, 0x03, 0x0b, 0x0c, 
	0x01, 0x05, 0x01, 0x03, 0x05, 0x05, 0x01, 0x0e, 
	0x09, 0x04, 0x01, 0x01, 0x00, 0x01, 0x0c, 0x0c, 
	0x01, 0x05, 0x08, 0x03, 0x05, 0x08, 0x01, 0x02, 
	0x01, 0x01, 0x00, 0x00, 0x03, 0x08, 0x0c, 0x0b, 
	0x01, 0x03, 0x01, 0x02, 0x05, 0x01, 0x01, 0x01, 
	0x04, 0x0a, 0x05, 0x0f, 0x03, 0x00, 0x0c, 0x00, 
	0x01, 0x03, 0x01, 0x03, 0x08, 0x05, 0x08, 0x00, 
	0x02, 0x00, 0x05, 0x01, 0x08, 0x03, 0x0b, 0x00, 
	0x07, 0x01, 0x01, 0x01, 0x08, 0x01, 0x06, 0x0b, 
	0x0a, 0x01, 0x02, 0x02, 0x07, 0x10, 0x0c, 0x0b, 
	0x07, 0x01, 0x01, 0x01, 0x08, 0x01, 0x03, 0x00, 
	0x0d, 0x03, 0x01, 0x05, 0x00, 0x07, 0x0d, 0x0b, 
	0x07, 0x01, 0x01, 0x03, 0x03, 0x0b, 0x0c, 0x0c, 
	0x0b, 0x0b, 0x02, 0x07, 0x07, 0x0b, 0x0b, 0x0b, 
	0x07, 0x01, 0x01, 0x03, 0x00, 0x0c, 0x0b, 0x00, 
	0x00, 0x00, 0x05, 0x11, 0x01, 0x01, 0x06, 0x0b, 
	0x03, 0x01, 0x06, 0x06, 0x0b, 0x01, 0x01, 0x03, 
	0x03, 0x0d, 0x10, 0x12, 0x06, 0x0c, 0x03, 0x01, 
	0x03, 0x01, 0x06, 0x06, 0x0b, 0x01, 0x08, 0x01, 
	0x01, 0x0d, 0x0c, 0x00, 0x01, 0x03, 0x05, 0x01, 
	0x01, 0x08, 0x01, 0x03, 0x03, 0x01, 0x05, 0x01, 
	0x00, 0x00, 0x0b, 0x13, 0x0c, 0x07, 0x01, 0x03, 
	0x01, 0x01, 0x01, 0x03, 0x03, 0x01, 0x05, 0x01, 
	0x00, 0x00, 0x00, 0x10, 0x00, 0x01, 0x05, 0x03, 
	0x03, 0x01, 0x01, 0x01, 0x01, 0x02, 0x01, 0x03, 
	0x03, 0x00, 0x0c, 0x0c, 0x00, 0x03, 0x03, 0x03, 
	0x03, 0x01, 0x01, 0x01, 0x01, 0x02, 0x01, 0x00, 
	0x06, 0x07, 0x07, 0x00, 0x05, 0x05, 0x03, 0x03, 
	0x01, 0x03, 0x02, 0x03, 0x02, 0x07, 0x0d, 0x0b, 
	0x03, 0x03, 0x12, 0x0c, 0x0d, 0x06, 0x00, 0x00, 
	0x01, 0x03, 0x03, 0x03, 0x02, 0x07, 0x0b, 0x0b, 
	0x07, 0x02, 0x0c, 0x00, 0x08, 0x06, 0x00, 0x00, 
	0x00, 0x01, 0x00, 0x0b, 0x03, 0x01, 0x01, 0x01, 
	0x05, 0x01, 0x01, 0x00, 0x07, 0x01, 0x02, 0x00, 
	0x00, 0x01, 0x00, 0x0b, 0x00, 0x00, 0x0d, 0x00, 
	0x01, 0x01, 0x03, 0x00, 0x03, 0x01, 0x01, 0x00, 
	0x01, 0x01, 0x02, 0x01, 0x01, 0x01, 0x01, 0x05, 
	0x05, 0x14, 0x02, 0x01, 0x05, 0x01, 0x01, 0x03, 
	0x08, 0x01, 0x01, 0x00, 0x00, 0x00, 0x00, 0x03, 
	0x03, 0x01, 0x01, 0x01, 0x05, 0x01, 0x01, 0x03, 
	0x03, 0x01, 0x01, 0x08, 0x01, 0x01, 0x01, 0x08, 
	0x15, 0x16, 0x05, 0x01, 0x05, 0x05, 0x04, 0x03, 
	0x03, 0x01, 0x01, 0x08, 0x07, 0x07, 0x0b, 0x02, 
	0x02, 0x08, 0x05, 0x01, 0x05, 0x08, 0x08, 0x03, 
	0x03, 0x01, 0x01, 0x01, 0x00, 0x01, 0x05, 0x01, 
	0x08, 0x03, 0x01, 0x01, 0x01, 0x01, 0x01, 0x01, 
	0x03, 0x01, 0x01, 0x01, 0x17, 0x00, 0x03, 0x0b, 
	0x00, 0x00, 0x01, 0x01, 0x08, 0x05, 0x08, 0x01, 
	0x01, 0x08, 0x01, 0x01, 0x01, 0x00, 0x08, 0x01, 
	0x02, 0x06, 0x0b, 0x00, 0x01, 0x01, 0x01, 0x01, 
	0x01, 0x08, 0x01, 0x01, 0x01, 0x03, 0x01, 0x06, 
	0x00, 0x0b, 0x00, 0x01, 0x14, 0x05, 0x05, 0x08, 
	0x01, 0x03, 0x00, 0x03, 0x00, 0x00, 0x00, 0x01, 
	0x0b, 0x06, 0x01, 0x01, 0x00, 0x01, 0x01, 0x03, 
	0x02, 0x03, 0x00, 0x03, 0x00, 0x00, 0x06, 0x01, 
	0x0b, 0x00, 0x05, 0x05, 0x08, 0x05, 0x05, 0x01, 
	0x00, 0x00, 0x01, 0x01, 0x02, 0x00, 0x03, 0x01, 
	0x01, 0x03, 0x03, 0x03, 0x18, 0x07, 0x0b, 0x00, 
	0x07, 0x07, 0x01, 0x03, 0x00, 0x07, 0x02, 0x01, 
	0x01, 0x02, 0x08, 0x05, 0x19, 0x01, 0x06, 0x00, 
	0x06, 0x01, 0x01, 0x01, 0x03, 0x01, 0x08, 0x03, 
	0x01, 0x01, 0x00, 0x0d, 0x07, 0x01, 0x0d, 0x0b, 
	0x00, 0x02, 0x01, 0x03, 0x07, 0x00, 0x01, 0x00, 
	0x01, 0x03, 0x00, 0x00, 0x00, 0x01, 0x0d, 0x0b, 
	0x02, 0x01, 0x16, 0x05, 0x15, 0x16, 0x05, 0x01, 
	0x01, 0x01, 0x03, 0x02, 0x03, 0x01, 0x0c, 0x0c, 
	0x08, 0x08, 0x01, 0x00, 0x03, 0x00, 0x00, 0x00, 
	0x00, 0x17, 0x00, 0x03, 0x00, 0x01, 0x0c, 0x0c, 
	0x03, 0x03, 0x05, 0x05, 0x15, 0x16, 0x01, 0x00, 
	0x02, 0x03, 0x05, 0x14, 0x14, 0x01, 0x0c, 0x00, 
	0x01, 0x03, 0x01, 0x00, 0x03, 0x03, 0x00, 0x06, 
	0x17, 0x17, 0x08, 0x08, 0x01, 0x03, 0x0b, 0x00, 
	0x00, 0x05, 0x05, 0x05, 0x14, 0x11, 0x00, 0x00, 
	0x06, 0x03, 0x05, 0x19, 0x09, 0x09, 0x0b, 0x0b, 
	0x00, 0x01, 0x01, 0x01, 0x02, 0x02, 0x06, 0x00, 
	0x0d, 0x03, 0x01, 0x05, 0x03, 0x00, 0x0d, 0x0b, 
	0x00, 0x08, 0x05, 0x09, 0x05, 0x07, 0x06, 0x00, 
	0x00, 0x06, 0x05, 0x05, 0x05, 0x09, 0x02, 0x07, 
	0x06, 0x03, 0x02, 0x03, 0x01, 0x07, 0x0d, 0x0d, 
	0x00, 0x06, 0x01, 0x03, 0x01, 0x00, 0x00, 0x06, 
	0x01, 0x05, 0x01, 0x03, 0x0b, 0x0a, 0x01, 0x01, 
	0x08, 0x01, 0x00, 0x00, 0x00, 0x07, 0x01, 0x03, 
	0x03, 0x01, 0x06, 0x06, 0x0b, 0x0a, 0x01, 0x01, 
	0x01, 0x02, 0x06, 0x0b, 0x00, 0x00, 0x02, 0x02, 
	0x08, 0x05, 0x08, 0x08, 0x03, 0x08, 0x01, 0x03, 
	0x02, 0x01, 0x0c, 0x1a, 0x13, 0x00, 0x00, 0x00, 
	0x08, 0x05, 0x01, 0x03, 0x03, 0x08, 0x01, 0x03, 
	0x02, 0x08, 0x0b, 0x1b, 0x0b, 0x06, 0x03, 0x03, 
	0x03, 0x08, 0x01, 0x01, 0x01, 0x03, 0x01, 0x01, 
	0x00, 0x06, 0x13, 0x13, 0x03, 0x03, 0x00, 0x0a, 
	0x03, 0x08, 0x01, 0x01, 0x01, 0x03, 0x01, 0x03, 
	0x00, 0x00, 0x06, 0x0b, 0x00, 0x03, 0x00, 0x03, 
	0x01, 0x01, 0x01, 0x01, 0x00, 0x0b, 0x00, 0x06, 
	0x06, 0x00, 0x06, 0x0b, 0x00, 0x0d, 0x07, 0x07, 
	0x03, 0x02, 0x03, 0x03, 0x03, 0x0b, 0x0d, 0x0d, 
	0x0d, 0x03, 0x01, 0x0d, 0x00, 0x06, 0x00, 0x00, 
	0x07, 0x02, 0x0b, 0x0b, 0x00, 0x00, 0x01, 0x01, 
	0x05, 0x01, 0x08, 0x03, 0x06, 0x02, 0x01, 0x03, 
	0x00, 0x01, 0x00, 0x00, 0x0b, 0x0b, 0x06, 0x0d, 
	0x01, 0x08, 0x14, 0x05, 0x00, 0x01, 0x01, 0x03, 
	0x01, 0x02, 0x00, 0x01, 0x01, 0x01, 0x01, 0x05, 
	0x05, 0x05, 0x01, 0x02, 0x01, 0x03, 0x01, 0x03, 
	0x08, 0x08, 0x01, 0x01, 0x00, 0x0d, 0x00, 0x03, 
	0x03, 0x14, 0x05, 0x05, 0x09, 0x03, 0x01, 0x03, 
	0x03, 0x01, 0x01, 0x01, 0x00, 0x01, 0x01, 0x05, 
	0x01, 0x05, 0x08, 0x01, 0x05, 0x01, 0x03, 0x03, 
	0x00, 0x05, 0x05, 0x05, 0x06, 0x00, 0x07, 0x01, 
	0x00, 0x11, 0x19, 0x14, 0x14, 0x03, 0x03, 0x03, 
	0x03, 0x05, 0x08, 0x00, 0x0b, 0x0e, 0x05, 0x01, 
	0x01, 0x06, 0x01, 0x01, 0x08, 0x03, 0x02, 0x02, 
	0x03, 0x08, 0x05, 0x01, 0x06, 0x03, 0x02, 0x07, 
	0x0b, 0x0b, 0x05, 0x14, 0x14, 0x03, 0x02, 0x02, 
	0x02, 0x01, 0x01, 0x03, 0x03, 0x01, 0x05, 0x01, 
	0x02, 0x0b, 0x07, 0x03, 0x05, 0x01, 0x08, 0x08, 
	0x02, 0x01, 0x01, 0x03, 0x00, 0x0a, 0x01, 0x00, 
	0x00, 0x0b, 0x06, 0x01, 0x05, 0x01, 0x08, 0x01, 
	0x02, 0x00, 0x03, 0x02, 0x03, 0x06, 0x00, 0x01, 
	0x0b, 0x0d, 0x02, 0x02, 0x03, 0x03, 0x01, 0x03, 
	0x02, 0x00, 0x03, 0x03, 0x03, 0x07, 0x0d, 0x01, 
	0x06, 0x06, 0x01, 0x02, 0x03, 0x03, 0x01, 0x03, 
	
};

Gfx castle_courtyard_dl_cs_rock02_alb_ci8_pal_rgba16_aligner[] = {gsSPEndDisplayList()};
u8 castle_courtyard_dl_cs_rock02_alb_ci8_pal_rgba16[] = {
	0xbd, 0xed, 0xb5, 0xab, 0xb5, 0xad, 0xbd, 0xad, 
	0xb5, 0xa9, 0xad, 0x69, 0xc5, 0xef, 0xbd, 0xef, 
	0xb5, 0x6b, 0xb5, 0x69, 0xbd, 0xab, 0xc6, 0x2f, 
	0xc6, 0x31, 0xc5, 0xed, 0xad, 0xa9, 0xb5, 0xeb, 
	0xbe, 0x2f, 0xad, 0x6b, 0xc6, 0x71, 0xce, 0x71, 
	0xad, 0x29, 0xad, 0x67, 0xad, 0x27, 0xb5, 0xed, 
	0xb5, 0x67, 0xa5, 0x27, 0xce, 0xb5, 0xce, 0x31, 
	
};

Gfx castle_courtyard_dl_MARBLE_BRICK_CI_ci4_aligner[] = {gsSPEndDisplayList()};
u8 castle_courtyard_dl_MARBLE_BRICK_CI_ci4[] = {
	0x00, 0x00, 0x10, 0x01, 0x11, 0x11, 0x01, 0x11, 
	0x11, 0x12, 0x21, 0x11, 0x11, 0x11, 0x22, 0x22, 
	0x22, 0x11, 0x11, 0x11, 0x31, 0x33, 0x11, 0x11, 
	0x12, 0x22, 0x11, 0x11, 0x11, 0x11, 0x00, 0x00, 
	0x01, 0x11, 0x11, 0x12, 0x24, 0x21, 0x12, 0x11, 
	0x22, 0x45, 0x56, 0x75, 0x42, 0x22, 0x44, 0x55, 
	0x55, 0x66, 0x34, 0x22, 0x63, 0x66, 0x32, 0x21, 
	0x42, 0x22, 0x12, 0x22, 0x22, 0x21, 0x11, 0x00, 
	0x01, 0x12, 0x24, 0x24, 0x44, 0x34, 0x22, 0x26, 
	0x42, 0x44, 0x57, 0x77, 0x54, 0x43, 0x65, 0x77, 
	0x77, 0x57, 0x66, 0x61, 0x35, 0x66, 0x56, 0x33, 
	0x63, 0x34, 0x24, 0x43, 0x34, 0x42, 0x21, 0x10, 
	0x11, 0x11, 0x22, 0x45, 0x54, 0x44, 0x44, 0x24, 
	0x44, 0x44, 0x57, 0x77, 0x56, 0x54, 0x55, 0x77, 
	0x53, 0x57, 0x66, 0x42, 0x23, 0x66, 0x45, 0x65, 
	0x54, 0x32, 0x35, 0x56, 0x34, 0x43, 0x32, 0x10, 
	0x11, 0x11, 0x11, 0x44, 0x33, 0x54, 0x55, 0x64, 
	0x54, 0x44, 0x57, 0x77, 0x77, 0x75, 0x57, 0x75, 
	0x74, 0x47, 0x63, 0x15, 0x44, 0x66, 0x85, 0x33, 
	0x75, 0x43, 0x34, 0x56, 0x64, 0x43, 0x22, 0x10, 
	0x11, 0x12, 0x23, 0x36, 0x44, 0x45, 0x84, 0x55, 
	0x44, 0x44, 0x57, 0x67, 0x76, 0x77, 0x77, 0x55, 
	0x54, 0x54, 0x22, 0x29, 0x55, 0x75, 0x33, 0x36, 
	0x85, 0x45, 0x58, 0x54, 0x46, 0x63, 0x22, 0x10, 
	0x11, 0x33, 0x33, 0x33, 0x34, 0x55, 0x85, 0x55, 
	0x75, 0x44, 0x57, 0x67, 0x77, 0x77, 0x87, 0x75, 
	0x75, 0x57, 0x55, 0x99, 0x55, 0x77, 0x63, 0x36, 
	0x72, 0x55, 0x55, 0x54, 0x63, 0x66, 0x43, 0x10, 
	0x11, 0x12, 0x36, 0x23, 0x46, 0x58, 0x85, 0x79, 
	0x85, 0x77, 0x55, 0x65, 0x77, 0x77, 0x77, 0x77, 
	0x77, 0x75, 0x57, 0x48, 0x57, 0x77, 0x53, 0x27, 
	0x54, 0x78, 0x76, 0x67, 0x56, 0x64, 0x43, 0x11, 
	0x01, 0x13, 0x36, 0x33, 0x33, 0x45, 0x44, 0x54, 
	0x57, 0x7a, 0x55, 0x55, 0x57, 0xb7, 0x77, 0x75, 
	0x77, 0x77, 0x78, 0x58, 0x57, 0xa7, 0x54, 0x85, 
	0x75, 0x55, 0x77, 0x75, 0x55, 0x75, 0x51, 0x10, 
	0x01, 0x24, 0x55, 0x36, 0x63, 0x55, 0x34, 0x25, 
	0x55, 0x85, 0x65, 0x55, 0x7b, 0x77, 0x76, 0x53, 
	0x5a, 0x77, 0x77, 0x85, 0x77, 0x77, 0x54, 0x49, 
	0x97, 0x75, 0x77, 0xa5, 0x74, 0x55, 0x43, 0x20, 
	0x01, 0x22, 0x35, 0x54, 0x78, 0x87, 0x55, 0x55, 
	0x55, 0x57, 0x57, 0x77, 0x77, 0x76, 0x36, 0x63, 
	0x37, 0x77, 0x44, 0x87, 0xa5, 0x97, 0x58, 0x57, 
	0x88, 0x58, 0x75, 0x57, 0x54, 0x55, 0x53, 0x30, 
	0x01, 0x22, 0x45, 0x55, 0x48, 0x77, 0x45, 0x77, 
	0x55, 0x85, 0x77, 0x58, 0x75, 0x86, 0x66, 0x32, 
	0x22, 0x55, 0x75, 0x27, 0x75, 0x99, 0x85, 0x8a, 
	0x77, 0x58, 0x75, 0x97, 0x45, 0x55, 0x53, 0x20, 
	0x02, 0x33, 0x65, 0x45, 0x57, 0x77, 0x88, 0x78, 
	0x55, 0x58, 0xa7, 0x58, 0xa7, 0x76, 0x66, 0x63, 
	0x33, 0x38, 0x82, 0x14, 0x45, 0x95, 0x38, 0x87, 
	0x75, 0x54, 0x57, 0x79, 0x85, 0x57, 0x74, 0x20, 
	0x12, 0x44, 0x84, 0x44, 0x88, 0x87, 0x88, 0x85, 
	0xa7, 0x85, 0x57, 0x77, 0x47, 0x78, 0x83, 0x16, 
	0x76, 0x76, 0x88, 0x24, 0x44, 0x75, 0x23, 0x24, 
	0x45, 0x78, 0x87, 0x77, 0x75, 0x57, 0x52, 0x20, 
	0x12, 0x44, 0x44, 0x47, 0x88, 0x77, 0x57, 0x87, 
	0xa7, 0x84, 0x77, 0x78, 0x77, 0x78, 0x52, 0x66, 
	0x75, 0x66, 0x88, 0x44, 0x42, 0x42, 0x36, 0x45, 
	0x59, 0x98, 0x47, 0x77, 0x85, 0x59, 0x75, 0x40, 
	0x12, 0x28, 0x88, 0x75, 0x89, 0xa9, 0x77, 0x54, 
	0x57, 0x75, 0x58, 0x77, 0xa8, 0x88, 0x78, 0x47, 
	0x77, 0x31, 0x58, 0x84, 0x84, 0x41, 0x13, 0x55, 
	0x58, 0x85, 0x24, 0x77, 0x76, 0x68, 0x84, 0x20, 
	0x12, 0x24, 0x88, 0x77, 0x77, 0x88, 0x7a, 0xa7, 
	0x7a, 0x77, 0x82, 0x7a, 0xa8, 0x87, 0x88, 0x84, 
	0x55, 0x55, 0x75, 0x44, 0x84, 0x44, 0x21, 0x44, 
	0x89, 0x87, 0x84, 0x74, 0x75, 0x57, 0x74, 0x20, 
	0x11, 0x21, 0x28, 0x77, 0x88, 0x99, 0x7a, 0x77, 
	0x77, 0x77, 0x72, 0x47, 0xaa, 0x79, 0x98, 0x99, 
	0x97, 0x57, 0xa7, 0x48, 0x88, 0x89, 0x94, 0x54, 
	0x88, 0x48, 0x48, 0x84, 0x7a, 0x77, 0x54, 0x50, 
	0x12, 0x24, 0x88, 0x84, 0x8a, 0x77, 0x97, 0x98, 
	0x97, 0x97, 0x78, 0x49, 0x98, 0x89, 0x77, 0x99, 
	0x89, 0x97, 0x77, 0x55, 0x88, 0x47, 0x85, 0x44, 
	0x77, 0x77, 0x87, 0x75, 0xaa, 0xa7, 0x75, 0x50, 
	0x02, 0x24, 0x88, 0x74, 0x28, 0x7a, 0x77, 0x97, 
	0x89, 0x97, 0x84, 0x48, 0x89, 0x99, 0x97, 0xa9, 
	0x99, 0xa7, 0xa5, 0x44, 0x88, 0x58, 0x85, 0x72, 
	0x45, 0x68, 0x33, 0x65, 0x97, 0x77, 0x54, 0x40, 
	0x02, 0x24, 0x87, 0x88, 0x84, 0x68, 0x88, 0x99, 
	0x87, 0x88, 0x87, 0x82, 0x89, 0x88, 0x97, 0x89, 
	0x9a, 0xa8, 0x78, 0x83, 0x35, 0x89, 0x98, 0x65, 
	0x57, 0x87, 0x88, 0x79, 0x89, 0x97, 0x78, 0x40, 
	0x01, 0x24, 0x89, 0x88, 0x77, 0x98, 0x89, 0x99, 
	0x77, 0x79, 0x99, 0x88, 0x99, 0x89, 0x98, 0x48, 
	0x88, 0x94, 0x48, 0x84, 0x45, 0x99, 0x42, 0x36, 
	0x42, 0x24, 0x89, 0x77, 0x79, 0x57, 0x78, 0x40, 
	0x02, 0x24, 0x89, 0x48, 0x87, 0x99, 0x88, 0x99, 
	0x77, 0x99, 0x98, 0x88, 0x89, 0x98, 0x97, 0x45, 
	0x55, 0x95, 0x88, 0x78, 0x48, 0x99, 0x76, 0x36, 
	0x32, 0x28, 0x99, 0x95, 0x79, 0x57, 0x98, 0x40, 
	0x02, 0x48, 0x88, 0x77, 0x77, 0x77, 0x99, 0xa9, 
	0x97, 0x89, 0x88, 0x89, 0x97, 0xa8, 0x87, 0x89, 
	0x53, 0x48, 0x48, 0x78, 0x28, 0x84, 0x43, 0x33, 
	0x36, 0x45, 0x78, 0x77, 0x57, 0x5a, 0x75, 0x41, 
	0x01, 0x24, 0x84, 0x95, 0x99, 0xa7, 0xaa, 0xa9, 
	0x98, 0x9a, 0x88, 0x88, 0x87, 0xa7, 0x8a, 0x95, 
	0x76, 0x33, 0x88, 0x52, 0x28, 0x94, 0x34, 0x33, 
	0x13, 0x34, 0x84, 0x57, 0x44, 0x77, 0x75, 0x40, 
	0x02, 0x24, 0x45, 0x99, 0x99, 0x79, 0x9a, 0x99, 
	0x98, 0x88, 0x88, 0x44, 0x87, 0x77, 0x77, 0x82, 
	0x32, 0x37, 0x87, 0x82, 0x44, 0x88, 0x23, 0x32, 
	0x67, 0x68, 0x85, 0x54, 0x43, 0x77, 0x75, 0x40, 
	0x02, 0x42, 0x49, 0x99, 0x89, 0x88, 0x88, 0x99, 
	0x99, 0x88, 0x87, 0x84, 0x48, 0x88, 0x99, 0x83, 
	0x84, 0x58, 0x53, 0x63, 0x55, 0x88, 0x25, 0x67, 
	0x36, 0x57, 0x77, 0x55, 0x99, 0x77, 0x73, 0x20, 
	0x02, 0x14, 0x89, 0x99, 0x99, 0x98, 0x89, 0xa9, 
	0x94, 0x75, 0x88, 0x95, 0x79, 0x88, 0x89, 0x74, 
	0x55, 0x85, 0x36, 0x31, 0x25, 0x98, 0x42, 0x33, 
	0x35, 0x78, 0x77, 0x88, 0x89, 0x55, 0x52, 0x20, 
	0x02, 0x24, 0x89, 0x98, 0x89, 0x99, 0x99, 0x89, 
	0x99, 0x99, 0x8c, 0x34, 0x7a, 0x99, 0x77, 0x99, 
	0x88, 0x57, 0x55, 0x73, 0x42, 0x84, 0x43, 0x36, 
	0x67, 0x89, 0x97, 0xaa, 0x87, 0x77, 0x44, 0x20, 
	0x01, 0x24, 0x89, 0x99, 0x89, 0x9a, 0x99, 0x99, 
	0x99, 0xa9, 0x97, 0x67, 0x68, 0xa9, 0x78, 0x45, 
	0x77, 0x85, 0x54, 0x43, 0x88, 0x13, 0x44, 0x33, 
	0x58, 0x84, 0x99, 0x99, 0x85, 0x55, 0x42, 0x20, 
	0x01, 0x24, 0x89, 0x98, 0x99, 0xaa, 0x9a, 0xaa, 
	0xaa, 0xaa, 0xaa, 0xaa, 0x77, 0x77, 0x76, 0x33, 
	0x89, 0x88, 0x99, 0x98, 0x88, 0x75, 0x84, 0x44, 
	0x38, 0x55, 0x58, 0x99, 0x85, 0x53, 0x64, 0x20, 
	0x01, 0x22, 0x45, 0x84, 0x88, 0x7a, 0xaa, 0x9a, 
	0xaa, 0x99, 0x98, 0x7a, 0x97, 0x78, 0x86, 0x77, 
	0x79, 0x99, 0x99, 0x95, 0x88, 0x55, 0x88, 0x48, 
	0x84, 0x45, 0x84, 0x45, 0x24, 0x42, 0x22, 0x10, 
	0x01, 0x12, 0x24, 0x44, 0x88, 0x9a, 0x9a, 0xa9, 
	0x7a, 0x98, 0x88, 0x89, 0x95, 0x44, 0x82, 0x48, 
	0x88, 0x88, 0x44, 0x44, 0x32, 0x22, 0x42, 0x44, 
	0x22, 0x24, 0x21, 0x11, 0x12, 0x10, 0x11, 0x00, 
	0x00, 0x11, 0x11, 0x02, 0x22, 0x44, 0x44, 0x11, 
	0x11, 0x11, 0x11, 0x22, 0x21, 0x11, 0x11, 0x11, 
	0x11, 0x01, 0x11, 0x01, 0x33, 0x44, 0x44, 0x44, 
	0x35, 0x55, 0x54, 0x22, 0x24, 0x43, 0x21, 0x23, 
	0x57, 0x77, 0x75, 0xa5, 0x44, 0x77, 0xaa, 0xbb, 
	0xbb, 0xb6, 0x47, 0x7a, 0xb7, 0xab, 0xaa, 0x77, 
	0xbb, 0x76, 0x36, 0x03, 0xbb, 0x77, 0xb7, 0x77, 
	0x73, 0x7a, 0xab, 0xbb, 0xbb, 0xbb, 0xbb, 0xbb, 
	0x55, 0x55, 0x53, 0x54, 0x24, 0x66, 0x57, 0x57, 
	0x77, 0x66, 0x5a, 0xa7, 0x77, 0x7a, 0x55, 0x63, 
	0x33, 0x37, 0x77, 0x16, 0xbb, 0x77, 0x76, 0x66, 
	0x66, 0x55, 0x75, 0x77, 0x77, 0x77, 0x77, 0x77, 
	0x66, 0x33, 0x32, 0x33, 0x24, 0x55, 0x55, 0x77, 
	0x77, 0x66, 0x36, 0x76, 0x76, 0x67, 0x76, 0x33, 
	0x33, 0x7b, 0xb7, 0x1c, 0x6c, 0xcc, 0x66, 0x66, 
	0x67, 0x66, 0x67, 0x67, 0x76, 0x76, 0x66, 0x77, 
	0x66, 0x63, 0x32, 0x33, 0x32, 0x23, 0x65, 0x66, 
	0x66, 0x63, 0x25, 0x53, 0x36, 0x36, 0x66, 0x63, 
	0x36, 0x66, 0x66, 0x1c, 0xb7, 0x6c, 0xc3, 0x63, 
	0x66, 0x63, 0x77, 0x77, 0x63, 0x73, 0x67, 0x7b, 
	0x63, 0x33, 0x32, 0x24, 0x33, 0x63, 0x66, 0xc6, 
	0x66, 0x77, 0x37, 0x77, 0x66, 0x36, 0x66, 0x66, 
	0x36, 0x66, 0xcc, 0x17, 0xb7, 0x77, 0xcc, 0x32, 
	0x36, 0x67, 0x77, 0x77, 0x63, 0x73, 0x63, 0x67, 
	0x33, 0x33, 0x33, 0x33, 0x36, 0x62, 0x36, 0x66, 
	0x67, 0x76, 0x37, 0x77, 0x66, 0x66, 0x66, 0x66, 
	0x33, 0x66, 0x37, 0x16, 0xb7, 0x77, 0x77, 0x7c, 
	0x67, 0x77, 0xb7, 0x68, 0x86, 0x76, 0x77, 0x67, 
	0x63, 0x33, 0x66, 0x33, 0x77, 0x54, 0x36, 0x76, 
	0x56, 0x76, 0x27, 0x7b, 0x77, 0x67, 0x86, 0x78, 
	0x68, 0x66, 0x67, 0x26, 0xb7, 0x67, 0x7b, 0x73, 
	0x7b, 0xb7, 0x77, 0x67, 0xac, 0x77, 0x7b, 0x77, 
	0x76, 0x63, 0x33, 0x66, 0x77, 0x86, 0x77, 0x76, 
	0x78, 0x76, 0x37, 0x7b, 0x77, 0x87, 0x36, 0x76, 
	0x63, 0x66, 0x77, 0x17, 0xa7, 0x76, 0x77, 0x37, 
	0x77, 0x77, 0xab, 0x77, 0xb7, 0x7b, 0xbb, 0x7a, 
	0x76, 0x66, 0x68, 0x63, 0x36, 0x88, 0x66, 0x77, 
	0x77, 0xbb, 0x77, 0x77, 0x77, 0x77, 0x66, 0x76, 
	0x83, 0x33, 0x37, 0x26, 0xb6, 0x76, 0x76, 0x77, 
	0x77, 0x77, 0xab, 0x7b, 0xbb, 0xbb, 0xbb, 0xba, 
	0x66, 0x66, 0x78, 0x77, 0x68, 0x88, 0x68, 0x77, 
	0x77, 0x77, 0xa7, 0x77, 0x77, 0x77, 0x77, 0x68, 
	0x77, 0x88, 0x87, 0x47, 0xb7, 0x77, 0x77, 0x77, 
	0xc7, 0x77, 0x7b, 0xab, 0xbb, 0xab, 0xba, 0xb7, 
	0x67, 0x66, 0x38, 0x87, 0x87, 0x77, 0x75, 0x77, 
	0x77, 0x77, 0x78, 0xa7, 0x77, 0xba, 0x77, 0x77, 
	0x77, 0x77, 0x77, 0x26, 0xb7, 0x87, 0x7b, 0x77, 
	0x76, 0x7b, 0xbb, 0xba, 0xba, 0x77, 0xaa, 0xa7, 
	0x77, 0x77, 0x84, 0x88, 0x88, 0x77, 0x67, 0x7a, 
	0x77, 0x77, 0x77, 0x77, 0x77, 0xa7, 0x77, 0x77, 
	0x77, 0x7b, 0xa7, 0x23, 0xb7, 0x8a, 0xbb, 0xa7, 
	0x77, 0x5b, 0xb7, 0x77, 0x7a, 0xaa, 0xaa, 0x7a, 
	0x77, 0x77, 0x78, 0x88, 0x73, 0x7a, 0x77, 0xa7, 
	0x77, 0x77, 0xaa, 0x87, 0xb8, 0x7a, 0x77, 0x7b, 
	0x77, 0x77, 0xb7, 0x34, 0xa7, 0xaa, 0xba, 0xaa, 
	0xaa, 0xaa, 0xaa, 0xab, 0xba, 0xab, 0xba, 0x77, 
	0x77, 0xaa, 0x77, 0xa7, 0x76, 0x77, 0x7a, 0x7a, 
	0x77, 0x77, 0xaa, 0x77, 0x77, 0x7a, 0x78, 0xa7, 
	0xa7, 0xaa, 0xaa, 0x47, 0xaa, 0xb7, 0x7a, 0xaa, 
	0xaa, 0xaa, 0xaa, 0x67, 0xaa, 0xaa, 0xa7, 0x77, 
	0x77, 0x7a, 0xa7, 0xa7, 0x76, 0x77, 0xaa, 0xaa, 
	0xaa, 0x7a, 0x77, 0x77, 0x77, 0xaa, 0xaa, 0xa7, 
	0xa7, 0x77, 0xaa, 0x27, 0x8a, 0xb7, 0xaa, 0xaa, 
	0xaa, 0xa7, 0x77, 0x77, 0xaa, 0x98, 0x87, 0x77, 
	0x77, 0x7a, 0x79, 0x77, 0x7a, 0xaa, 0x7a, 0xaa, 
	0xa7, 0x7a, 0xa7, 0x87, 0x77, 0xa7, 0x77, 0x77, 
	0xa7, 0x77, 0xaa, 0x88, 0xa7, 0xaa, 0x7a, 0xaa, 
	0xaa, 0xab, 0xb7, 0xbb, 0x87, 0xaa, 0x78, 0x8a, 
	0x77, 0x77, 0x98, 0x59, 0xaa, 0xaa, 0xa7, 0x7a, 
	0x7a, 0x7a, 0x77, 0x8a, 0x87, 0xa7, 0xaa, 0x77, 
	0x77, 0x77, 0x7a, 0x44, 0xaa, 0x77, 0x7a, 0xaa, 
	0xab, 0xbb, 0xbb, 0xb7, 0x78, 0x77, 0x77, 0x87, 
	0x77, 0x7a, 0xa7, 0x89, 0xaa, 0xaa, 0x7a, 0x79, 
	0x7a, 0x77, 0x87, 0xa7, 0x87, 0x7a, 0xaa, 0xaa, 
	0xa6, 0x77, 0x75, 0x28, 0xa8, 0x77, 0x7b, 0xbb, 
	0xbb, 0x7a, 0xaa, 0x77, 0x86, 0xba, 0xaa, 0x77, 
	0x7a, 0xaa, 0xa7, 0x49, 0xa7, 0xda, 0x77, 0x77, 
	0x77, 0x87, 0xa7, 0xa8, 0x88, 0x77, 0x7b, 0xba, 
	0xaa, 0x88, 0x87, 0x87, 0xa7, 0x87, 0x7b, 0xaa, 
	0xba, 0xa7, 0xa8, 0xaa, 0xa7, 0xaa, 0x77, 0x77, 
	0xaa, 0xa7, 0x98, 0x77, 0x77, 0x7a, 0x77, 0x77, 
	0x7a, 0xa7, 0xa8, 0x75, 0x88, 0x88, 0xab, 0x77, 
	0xa7, 0x88, 0x28, 0x87, 0xaa, 0x33, 0x46, 0x7a, 
	0xa7, 0x77, 0xaa, 0xab, 0xaa, 0xa7, 0x7a, 0xaa, 
	0xaa, 0x99, 0x98, 0xa7, 0x99, 0x77, 0x77, 0x77, 
	0x7a, 0xba, 0x98, 0x97, 0x48, 0x77, 0x77, 0x77, 
	0x7a, 0x88, 0x89, 0x28, 0xa7, 0x66, 0x8a, 0xaa, 
	0xab, 0xbb, 0xba, 0xaa, 0xaa, 0xa7, 0xaa, 0xaa, 
	0xaa, 0xa9, 0xa8, 0xaa, 0x9d, 0x7a, 0xaa, 0x77, 
	0xa7, 0xaa, 0x88, 0x88, 0x48, 0x77, 0x7b, 0x77, 
	0x7a, 0x74, 0x48, 0x28, 0x78, 0xbb, 0xba, 0xaa, 
	0xab, 0xbb, 0xba, 0x7a, 0xab, 0x7a, 0x77, 0xaa, 
	0xaa, 0xaa, 0x97, 0x87, 0x99, 0xaa, 0xa7, 0x7a, 
	0x77, 0xaa, 0x78, 0x78, 0x88, 0x77, 0x77, 0x78, 
	0xd7, 0x77, 0x7a, 0x87, 0x74, 0xaa, 0x7a, 0xaa, 
	0xaa, 0xaa, 0xaa, 0x7a, 0xaa, 0xaa, 0x7a, 0xaa, 
	0xaa, 0xaa, 0xa7, 0x4a, 0x9a, 0xaa, 0xa7, 0x7a, 
	0x7a, 0xaa, 0xaa, 0x78, 0x77, 0x88, 0x88, 0x77, 
	0x77, 0xa7, 0xa7, 0x27, 0xa8, 0xaa, 0xaa, 0xa7, 
	0xaa, 0xaa, 0x7a, 0xaa, 0xaa, 0x77, 0xaa, 0xaa, 
	0x7a, 0xa9, 0xa7, 0x27, 0xaa, 0xaa, 0xaa, 0xaa, 
	0x79, 0xa9, 0x77, 0x78, 0x88, 0x88, 0x87, 0x67, 
	0xb7, 0x8d, 0x99, 0x48, 0x77, 0xaa, 0xba, 0x7a, 
	0x77, 0xaa, 0x77, 0x77, 0x7a, 0xa7, 0x77, 0x77, 
	0x89, 0x89, 0x99, 0x19, 0x7a, 0xaa, 0x77, 0xaa, 
	0xaa, 0x78, 0x97, 0x79, 0x97, 0x78, 0x73, 0x77, 
	0x7a, 0xdd, 0xaa, 0x87, 0xaa, 0xaa, 0xaa, 0xaa, 
	0x7a, 0xaa, 0xab, 0xba, 0xaa, 0xaa, 0x77, 0x88, 
	0x87, 0x88, 0x99, 0x29, 0x7a, 0x77, 0x77, 0x77, 
	0x7a, 0x78, 0x97, 0xa9, 0x97, 0xa7, 0x66, 0x77, 
	0x77, 0x87, 0xa7, 0x82, 0xaa, 0xaa, 0xaa, 0xaa, 
	0xaa, 0xaa, 0x77, 0xba, 0xaa, 0x99, 0x99, 0x88, 
	0x77, 0x78, 0x78, 0x4a, 0x89, 0x77, 0x77, 0x77, 
	0x88, 0x89, 0x77, 0x9a, 0xa7, 0xa7, 0x6a, 0x7b, 
	0x7b, 0x77, 0xa7, 0x28, 0xaa, 0xaa, 0xaa, 0xaa, 
	0xaa, 0x78, 0x77, 0x7a, 0xaa, 0x77, 0x77, 0x79, 
	0x77, 0x88, 0x84, 0x44, 0x89, 0x77, 0x87, 0x77, 
	0x78, 0x78, 0x88, 0x98, 0x89, 0x86, 0x77, 0x7a, 
	0x77, 0x33, 0x82, 0x12, 0x77, 0xaa, 0xaa, 0xab, 
	0xba, 0x94, 0x88, 0x7a, 0xaa, 0x77, 0xa7, 0x77, 
	0x82, 0x42, 0x11, 0x01, 0x14, 0x44, 0x88, 0x42, 
	0x42, 0x42, 0x11, 0x22, 0x22, 0x83, 0x24, 0x87, 
	0x82, 0x11, 0x21, 0x01, 0x24, 0x24, 0x33, 0x42, 
	0x11, 0x12, 0x44, 0x45, 0x55, 0x88, 0x88, 0x44, 
	
};

Gfx castle_courtyard_dl_MARBLE_BRICK_CI_ci4_pal_rgba16_aligner[] = {gsSPEndDisplayList()};
u8 castle_courtyard_dl_MARBLE_BRICK_CI_ci4_pal_rgba16[] = {
	0x73, 0x9b, 0x94, 0x61, 0x9c, 0xe5, 0xad, 0x67, 
	0xad, 0x29, 0xb5, 0xab, 0xb5, 0xa9, 0xc5, 0xed, 
	0xbd, 0xab, 0xc5, 0xef, 0xce, 0x31, 0xce, 0x6f, 
	0xb5, 0xa7, 0xcd, 0xed, 
};

Gfx castle_courtyard_dl_MTY_O_E_BREAK01_ci4_aligner[] = {gsSPEndDisplayList()};
u8 castle_courtyard_dl_MTY_O_E_BREAK01_ci4[] = {
	0x01, 0x23, 0x14, 0x55, 0x65, 0x74, 0x87, 0x77, 
	0x76, 0x79, 0x77, 0x72, 0x3a, 0xa6, 0x79, 0x55, 
	0x53, 0x36, 0x63, 0xbb, 0x24, 0x0c, 0xcc, 0x00, 
	0x0d, 0xd0, 0x44, 0xa1, 0x0d, 0xd0, 0xdc, 0x41, 
	0x22, 0xbb, 0x81, 0xb7, 0x79, 0x3a, 0x27, 0x77, 
	0x75, 0x57, 0x5b, 0x54, 0x4a, 0xbb, 0xbb, 0xb5, 
	0x2e, 0x2b, 0x22, 0x2b, 0x38, 0xc0, 0x11, 0x4c, 
	0xcc, 0x0d, 0xc2, 0xb8, 0xcc, 0xc0, 0x0d, 0x01, 
	0x8b, 0xb1, 0x00, 0x66, 0x77, 0x2a, 0xb7, 0x67, 
	0x57, 0xb7, 0xb2, 0x2c, 0xa6, 0xb7, 0x28, 0x81, 
	0x42, 0xa2, 0xbb, 0x62, 0x31, 0x0c, 0x12, 0xb6, 
	0x81, 0xcc, 0xc4, 0x21, 0xca, 0x44, 0x40, 0x0c, 
	0x14, 0x73, 0x2c, 0x36, 0x77, 0x3b, 0x65, 0x77, 
	0x5b, 0xb6, 0x2a, 0x24, 0xb7, 0xb2, 0x42, 0x41, 
	0x42, 0xb2, 0xb2, 0xb2, 0xac, 0x0c, 0x46, 0x2b, 
	0xa4, 0x14, 0x3a, 0x4a, 0x11, 0xdc, 0xb3, 0x43, 
	0x6a, 0x65, 0xb6, 0x27, 0x76, 0x7b, 0x55, 0x55, 
	0x55, 0x73, 0x33, 0x47, 0x76, 0x34, 0x22, 0x88, 
	0x27, 0x7b, 0x64, 0x2b, 0x8c, 0x04, 0x33, 0x28, 
	0x18, 0x83, 0x3a, 0x44, 0x10, 0x01, 0x26, 0x76, 
	0x57, 0xb5, 0x72, 0xb5, 0x77, 0x67, 0x55, 0x22, 
	0x32, 0x77, 0xb1, 0x49, 0x77, 0x24, 0x42, 0x26, 
	0x7b, 0xbb, 0xba, 0x42, 0x2c, 0x04, 0x22, 0x23, 
	0xa4, 0x37, 0x66, 0x4c, 0x0d, 0x00, 0xa3, 0x66, 
	0x55, 0x66, 0x32, 0x75, 0x55, 0x79, 0x99, 0x59, 
	0x55, 0x76, 0x62, 0xa5, 0x76, 0x21, 0x12, 0x57, 
	0x67, 0x75, 0x77, 0x4b, 0x10, 0xca, 0xbb, 0x62, 
	0xa3, 0x77, 0xb3, 0x3a, 0x0d, 0xdc, 0x43, 0xab, 
	0x77, 0x75, 0x74, 0x79, 0x99, 0x59, 0x55, 0x57, 
	0x55, 0x99, 0x91, 0x37, 0x77, 0xb2, 0x42, 0x55, 
	0x59, 0x55, 0x57, 0x3a, 0xc0, 0xca, 0x77, 0x23, 
	0xa6, 0x66, 0x76, 0x64, 0x1c, 0x43, 0x67, 0x8a, 
	0x57, 0x77, 0x74, 0x67, 0x27, 0x75, 0x57, 0x62, 
	0x77, 0x69, 0x5c, 0xb6, 0x36, 0x3a, 0x36, 0x77, 
	0xb9, 0x55, 0x57, 0x21, 0x0d, 0x02, 0x55, 0x76, 
	0x63, 0x33, 0x66, 0x7a, 0xcc, 0x03, 0x55, 0x75, 
	0xa3, 0x75, 0x74, 0x3b, 0x41, 0xa7, 0x73, 0x84, 
	0xa3, 0x66, 0xa3, 0x35, 0x65, 0x76, 0xb5, 0x59, 
	0x77, 0x57, 0x3a, 0xa8, 0xa3, 0xc4, 0x65, 0x77, 
	0x76, 0x33, 0x37, 0x34, 0xc1, 0x11, 0x36, 0x59, 
	0xc1, 0x33, 0xac, 0xa3, 0x67, 0x75, 0x53, 0x33, 
	0x3a, 0x44, 0x65, 0x59, 0x77, 0x67, 0x66, 0x77, 
	0x37, 0x9f, 0x99, 0x55, 0x57, 0xc3, 0x77, 0xbb, 
	0x63, 0x3c, 0xcc, 0x4a, 0x4a, 0xa2, 0xc0, 0xaa, 
	0x14, 0xaa, 0x44, 0x7f, 0xf9, 0xf5, 0x56, 0x69, 
	0x57, 0x76, 0x59, 0x75, 0x75, 0x57, 0x76, 0xb7, 
	0x3b, 0x79, 0x99, 0x97, 0x94, 0xc2, 0x23, 0x33, 
	0x73, 0x3c, 0x00, 0x14, 0x34, 0xa2, 0xcd, 0xc1, 
	0x66, 0x75, 0x31, 0x69, 0xff, 0xf7, 0x55, 0x59, 
	0x79, 0xf9, 0x97, 0x95, 0x55, 0x55, 0x57, 0x65, 
	0x7b, 0xb3, 0xa4, 0x48, 0x4c, 0x43, 0x12, 0x65, 
	0x75, 0x74, 0xcc, 0x1a, 0x10, 0xca, 0x11, 0x1a, 
	0xf5, 0x99, 0xa6, 0xa3, 0x63, 0x66, 0x37, 0x55, 
	0x95, 0x65, 0x9f, 0xff, 0xff, 0xff, 0xff, 0x99, 
	0x56, 0x72, 0xaa, 0xa4, 0x11, 0x43, 0xa3, 0xab, 
	0x7b, 0xa4, 0x11, 0x41, 0xc0, 0xc3, 0x37, 0x67, 
	0x95, 0xf9, 0x43, 0x36, 0x63, 0x64, 0x47, 0x73, 
	0x66, 0x75, 0x75, 0x99, 0xff, 0xf9, 0xff, 0x99, 
	0x5b, 0xa3, 0xa2, 0x3a, 0x14, 0xa3, 0x44, 0x33, 
	0x66, 0xa4, 0x41, 0x1c, 0xcc, 0xa3, 0x65, 0x95, 
	0x5f, 0xf6, 0x04, 0x67, 0x75, 0x76, 0x36, 0xaa, 
	0x65, 0x55, 0x65, 0x93, 0x55, 0x9f, 0xff, 0x56, 
	0x32, 0xac, 0xa3, 0x63, 0x4a, 0xaa, 0x44, 0x42, 
	0x3a, 0x14, 0x4c, 0xcc, 0x1a, 0x76, 0x0a, 0xf9, 
	0x95, 0x76, 0xcc, 0x37, 0x75, 0x67, 0x33, 0x66, 
	0x37, 0x67, 0x65, 0x3a, 0x75, 0x57, 0x66, 0x77, 
	0x76, 0x2c, 0xc3, 0x34, 0x14, 0x44, 0x33, 0x3a, 
	0xa4, 0x44, 0x11, 0x14, 0x43, 0x66, 0x03, 0x5f, 
	0x97, 0x46, 0x1c, 0xa3, 0x76, 0x66, 0x71, 0x11, 
	0xc3, 0x63, 0xa3, 0x43, 0x77, 0x31, 0x24, 0xa6, 
	0x77, 0x6a, 0xcc, 0xcc, 0x1a, 0x34, 0x6a, 0xa4, 
	0x41, 0xa1, 0x11, 0x44, 0x77, 0x74, 0x45, 0x9f, 
	0x77, 0x37, 0xcc, 0x14, 0x26, 0x66, 0x6a, 0xcc, 
	0xa3, 0x33, 0x3a, 0x46, 0x53, 0x4c, 0xc8, 0x33, 
	0x5b, 0xb2, 0x4c, 0x44, 0x43, 0x84, 0x44, 0x31, 
	0xcc, 0x1c, 0x14, 0xa3, 0x77, 0x31, 0x77, 0x35, 
	0x77, 0x0c, 0xc0, 0xcc, 0x43, 0x6a, 0x62, 0x0c, 
	0x43, 0x4a, 0xba, 0x37, 0x76, 0x44, 0x23, 0x67, 
	0x77, 0x73, 0xa1, 0xcc, 0x14, 0x14, 0xa3, 0x32, 
	0x32, 0xa8, 0xcc, 0x1a, 0x73, 0xc7, 0x5b, 0x3b, 
	0xbc, 0xc1, 0xcc, 0xc1, 0x18, 0xa3, 0x23, 0x1c, 
	0x1a, 0xa6, 0x66, 0xa7, 0x33, 0x3b, 0x73, 0x67, 
	0x53, 0x63, 0x1c, 0x00, 0x46, 0x77, 0x59, 0x57, 
	0x57, 0x77, 0x63, 0xbc, 0x48, 0xa5, 0x77, 0x73, 
	0x1c, 0x14, 0x41, 0xc4, 0x11, 0x8a, 0x22, 0x14, 
	0x8a, 0x33, 0x66, 0x36, 0x77, 0x77, 0x56, 0x77, 
	0x76, 0x76, 0xa4, 0x1c, 0x65, 0x57, 0x9f, 0xf5, 
	0x55, 0x55, 0x59, 0x97, 0xc0, 0xc1, 0x77, 0x63, 
	0x24, 0x32, 0xc1, 0xa3, 0x67, 0x62, 0x41, 0xc1, 
	0x3a, 0xaa, 0x33, 0x63, 0x57, 0x7b, 0xa6, 0x67, 
	0x56, 0x63, 0x66, 0x33, 0xa5, 0x76, 0x55, 0x57, 
	0x55, 0x99, 0xf9, 0xf9, 0x71, 0x14, 0x67, 0x63, 
	0x22, 0x3c, 0x11, 0x43, 0x36, 0x5b, 0xb2, 0x4a, 
	0x76, 0xa6, 0x66, 0x66, 0x77, 0x74, 0x37, 0x65, 
	0x53, 0x63, 0xa3, 0x63, 0xa7, 0x33, 0x2a, 0x4c, 
	0xa7, 0x77, 0x77, 0x65, 0x64, 0x4a, 0x67, 0xa6, 
	0x6a, 0x41, 0x44, 0xa4, 0x36, 0x76, 0x63, 0x23, 
	0x76, 0x63, 0x36, 0x66, 0x36, 0x76, 0x36, 0x75, 
	0x96, 0x63, 0x3a, 0x65, 0x46, 0x71, 0x43, 0x3a, 
	0x43, 0x84, 0xa2, 0x41, 0x1a, 0xa4, 0xa4, 0x66, 
	0x34, 0x3a, 0x3a, 0x34, 0x67, 0x6b, 0xb2, 0x76, 
	0xa2, 0xa3, 0x44, 0xa3, 0x36, 0x77, 0x63, 0x37, 
	0x53, 0xaa, 0x42, 0x67, 0xca, 0x64, 0x4a, 0x77, 
	0x62, 0x4c, 0x11, 0x44, 0x66, 0x76, 0x7a, 0x43, 
	0xa3, 0x37, 0x66, 0x44, 0x67, 0x66, 0x66, 0x77, 
	0x59, 0x77, 0x63, 0x63, 0x76, 0x73, 0xa3, 0x37, 
	0xa1, 0x3a, 0x43, 0x63, 0xac, 0x46, 0x36, 0x73, 
	0x34, 0xa1, 0xc3, 0xa3, 0x65, 0x95, 0x73, 0x33, 
	0xa7, 0x55, 0x64, 0x41, 0x36, 0x61, 0x37, 0x99, 
	0x95, 0x99, 0x99, 0x95, 0x95, 0x95, 0x95, 0x95, 
	0x56, 0x63, 0x33, 0x55, 0xa0, 0x00, 0xa7, 0x75, 
	0x66, 0x33, 0xa3, 0x3a, 0x75, 0x77, 0x76, 0x66, 
	0x65, 0x76, 0x33, 0xac, 0x43, 0x3a, 0x37, 0x5b, 
	0xa4, 0x44, 0xa6, 0x79, 0x99, 0xff, 0xff, 0xff, 
	0xff, 0x53, 0x67, 0x59, 0x4c, 0x0c, 0x12, 0x75, 
	0x6a, 0x35, 0x63, 0x33, 0x77, 0x67, 0x77, 0x76, 
	0x33, 0x66, 0x36, 0x64, 0xc4, 0x31, 0x11, 0xa2, 
	0x43, 0x39, 0x75, 0x95, 0x99, 0x64, 0xa7, 0x5f, 
	0xff, 0xf6, 0x36, 0x79, 0xa0, 0xcc, 0xcc, 0x77, 
	0x57, 0x7a, 0x53, 0x33, 0x77, 0x36, 0x63, 0x36, 
	0x76, 0x26, 0x67, 0x76, 0x1c, 0xcc, 0x24, 0x63, 
	0xa6, 0x66, 0x36, 0x66, 0x67, 0x41, 0x34, 0x23, 
	0x57, 0x61, 0x3a, 0xa7, 0x53, 0x33, 0x76, 0x67, 
	0x77, 0x32, 0x56, 0xaa, 0x22, 0x66, 0x33, 0x33, 
	0x75, 0x76, 0x77, 0x77, 0xac, 0xa3, 0x73, 0x77, 
	0x63, 0x63, 0x44, 0xa4, 0x79, 0x59, 0x56, 0x76, 
	0xaa, 0xcc, 0x43, 0x36, 0x57, 0x55, 0x99, 0x99, 
	0x56, 0x76, 0x66, 0x43, 0x66, 0x43, 0x76, 0x33, 
	0x66, 0x73, 0x36, 0x66, 0x63, 0xaa, 0x66, 0x75, 
	0x66, 0x66, 0x3a, 0x44, 0x67, 0x9f, 0x59, 0x5a, 
	0x4c, 0xc6, 0x36, 0x34, 0x41, 0x59, 0x59, 0x95, 
	0x95, 0x65, 0x66, 0x44, 0x46, 0x43, 0x76, 0x57, 
	0x67, 0x73, 0x33, 0x67, 0x75, 0x36, 0x25, 0x6a, 
	0x33, 0xa3, 0x3a, 0x43, 0x73, 0x65, 0x66, 0x96, 
	0x66, 0x45, 0x57, 0x66, 0x36, 0x59, 0x99, 0x57, 
	0x99, 0x57, 0x66, 0xaa, 0xa5, 0x33, 0x77, 0x77, 
	0x65, 0x73, 0x27, 0x75, 0x56, 0x33, 0x47, 0x76, 
	0x3a, 0x43, 0x6a, 0xa3, 0x59, 0x55, 0x99, 0x59, 
	0x59, 0x36, 0x99, 0x55, 0x57, 0x75, 0x55, 0x77, 
	0x59, 0x55, 0x67, 0x74, 0xa7, 0x73, 0x75, 0x67, 
	0xb7, 0x62, 0x37, 0x77, 0x76, 0x6a, 0x36, 0x72, 
	0x34, 0x42, 0x66, 0x43, 0x99, 0x99, 0x55, 0x93, 
	0x65, 0x76, 0x59, 0x99, 0x73, 0x35, 0xbb, 0x77, 
	0x79, 0x59, 0x75, 0x95, 0x1a, 0x66, 0x76, 0x6a, 
	0x16, 0x7b, 0xb7, 0x65, 0x55, 0x72, 0x67, 0x78, 
	0x22, 0x88, 0x84, 0x1a, 0x37, 0x5f, 0xf9, 0x71, 
	0x37, 0x96, 0x39, 0x93, 0x16, 0xaa, 0x46, 0x73, 
	0x75, 0x77, 0x37, 0x59, 0x1c, 0x4b, 0x14, 0x31, 
	0x42, 0xbb, 0xb7, 0x75, 0x55, 0x63, 0xb6, 0x3a, 
	0xac, 0x10, 0x00, 0xc4, 0xa0, 0x39, 0x77, 0xa1, 
	0xa7, 0x57, 0xa3, 0x77, 0x37, 0x31, 0x12, 0x57, 
	0x79, 0x57, 0x77, 0xe6, 0xc1, 0x44, 0xc1, 0x3a, 
	0xc3, 0x62, 0x77, 0x36, 0xbb, 0xa1, 0x84, 0x1c, 
	0xcc, 0xc0, 0xcc, 0xc1, 0xac, 0x04, 0x63, 0xaa, 
	0xc6, 0x57, 0x57, 0x67, 0x67, 0x76, 0x41, 0xa5, 
	0x79, 0x5b, 0x83, 0x6b, 0xc0, 0xca, 0x11, 0x46, 
	0xc4, 0xb3, 0x72, 0x3a, 0x2c, 0xd0, 0x00, 0x01, 
	0x42, 0x23, 0x41, 0x4c, 0xcd, 0xd0, 0x4a, 0xa6, 
	0x65, 0x55, 0x77, 0x77, 0x77, 0x77, 0x77, 0x96, 
	0x16, 0x6c, 0xc3, 0x41, 0x11, 0x14, 0x1a, 0x4a, 
	0x00, 0x0c, 0xc1, 0x84, 0xcc, 0x04, 0x36, 0x75, 
	0x55, 0x56, 0x24, 0x4c, 0x1c, 0xdd, 0xd0, 0xa7, 
	0x35, 0x54, 0xaa, 0x13, 0x35, 0x57, 0x55, 0x59, 
	0x5a, 0x76, 0x38, 0x72, 0xba, 0x41, 0xc1, 0x41, 
	0x28, 0x4a, 0x23, 0x3a, 0x1a, 0x79, 0xf9, 0x97, 
	0x99, 0x56, 0x21, 0x0c, 0x44, 0xcd, 0xc4, 0x37, 
	0x69, 0x74, 0x11, 0x46, 0x33, 0xa7, 0x75, 0x55, 
	0x57, 0x65, 0xff, 0x52, 0xa5, 0x74, 0x4a, 0xaa, 
	0x97, 0x75, 0x59, 0x99, 0x59, 0x95, 0x97, 0xa5, 
	0x37, 0x6a, 0xc0, 0x0c, 0x01, 0xaa, 0xa1, 0x3a, 
	0x79, 0x67, 0xa4, 0x13, 0x66, 0x66, 0x67, 0x67, 
	0x75, 0x37, 0x75, 0x5f, 0x95, 0x9f, 0x95, 0x99, 
	0xff, 0xff, 0xf9, 0x75, 0x77, 0x63, 0x35, 0x99, 
	0x33, 0xac, 0x0d, 0xd0, 0xcc, 0x46, 0x76, 0x73, 
	0x65, 0x38, 0x63, 0x3a, 0x73, 0x66, 0x73, 0x6b, 
	0x37, 0x66, 0x6b, 0x76, 0x63, 0x95, 0xff, 0xff, 
	0x55, 0x57, 0xff, 0x99, 0x75, 0x56, 0x79, 0x72, 
	0xc4, 0xa1, 0xcd, 0x0c, 0x0c, 0x17, 0x37, 0x56, 
	0x66, 0xaa, 0xa3, 0x36, 0x57, 0x77, 0x2b, 0x28, 
	0x36, 0x76, 0x77, 0x77, 0x73, 0x6a, 0x63, 0x55, 
	0x55, 0x76, 0x75, 0x57, 0x57, 0x73, 0x55, 0x73, 
	0x11, 0xa4, 0x1c, 0xc1, 0x4a, 0x67, 0x67, 0x76, 
	0x37, 0x3a, 0x44, 0x46, 0x66, 0x7b, 0x63, 0xa6, 
	0x27, 0x55, 0x55, 0x57, 0x63, 0xaa, 0x65, 0x77, 
	0x53, 0x65, 0x77, 0x73, 0x59, 0x55, 0x95, 0x56, 
	0xaa, 0x4a, 0xa3, 0x66, 0xa3, 0x76, 0xa6, 0x3a, 
	0x65, 0x59, 0x73, 0x47, 0x75, 0x57, 0x63, 0xb7, 
	0x67, 0x67, 0x99, 0x95, 0x6a, 0x43, 0x67, 0x76, 
	0x11, 0x35, 0x75, 0x75, 0x95, 0x55, 0x97, 0x6a, 
	0xaa, 0xa1, 0x26, 0x55, 0x99, 0x95, 0x95, 0x77, 
	0x3a, 0x59, 0x95, 0x71, 0x35, 0x77, 0x36, 0x66, 
	0x77, 0x37, 0x59, 0x95, 0x63, 0x14, 0x6a, 0xaa, 
	0x3a, 0x79, 0x55, 0x59, 0x99, 0x55, 0x56, 0x6a, 
	0xca, 0x32, 0x35, 0x79, 0xf9, 0x99, 0x55, 0x99, 
	0x96, 0xa7, 0x5f, 0x95, 0x17, 0x55, 0x63, 0x66, 
	0x67, 0x77, 0x77, 0x57, 0x64, 0x13, 0x63, 0x33, 
	0x74, 0x04, 0x75, 0x55, 0x97, 0x55, 0x77, 0x33, 
	0x1a, 0x36, 0x36, 0x65, 0xf5, 0x99, 0x77, 0xff, 
	0x95, 0x95, 0x99, 0x9f, 0x41, 0x57, 0x77, 0x73, 
	0x63, 0x36, 0x75, 0x99, 0xa4, 0x46, 0x75, 0x76, 
	0x6c, 0xc4, 0xa6, 0x77, 0x99, 0x95, 0x73, 0x34, 
	0x4a, 0x26, 0x55, 0x55, 0x75, 0x99, 0x99, 0xf9, 
	0x57, 0x99, 0x95, 0x99, 0x74, 0x77, 0x75, 0x7a, 
	0x37, 0x77, 0x77, 0x99, 0x41, 0x47, 0x67, 0x56, 
	0x6a, 0x46, 0x76, 0x66, 0x95, 0x77, 0x56, 0x6a, 
	0x37, 0x67, 0x99, 0x95, 0x33, 0x33, 0x65, 0xf9, 
	0x55, 0x75, 0x93, 0x77, 0x71, 0x35, 0x93, 0x73, 
	0x66, 0x73, 0x67, 0x95, 0x64, 0xa5, 0x77, 0x56, 
	0x76, 0xa3, 0x55, 0x73, 0x69, 0x95, 0x73, 0xa4, 
	0xa3, 0x36, 0x9f, 0xf9, 0x95, 0x75, 0x59, 0x56, 
	0x79, 0x76, 0x75, 0x55, 0x6c, 0x39, 0x93, 0x66, 
	0xa3, 0x73, 0x65, 0x53, 0x31, 0x47, 0x76, 0x75, 
	0x95, 0x76, 0x56, 0x63, 0x95, 0x59, 0x76, 0x44, 
	0x36, 0x76, 0x35, 0x57, 0xff, 0x99, 0x59, 0x57, 
	0x64, 0xa3, 0x67, 0x77, 0x76, 0x37, 0x53, 0x4c, 
	0xc4, 0x14, 0x44, 0x44, 0xac, 0x17, 0x76, 0xa5, 
	0x5a, 0xc5, 0x99, 0xff, 0xff, 0xf5, 0x73, 0x14, 
	0x76, 0x66, 0x32, 0xa7, 0x7f, 0xf6, 0x35, 0x76, 
	0x66, 0x3a, 0xaa, 0x36, 0x63, 0x43, 0x28, 0x14, 
	0x42, 0x27, 0x76, 0x73, 0x10, 0x13, 0x66, 0xc6, 
	0x10, 0x03, 0x57, 0x9f, 0xf9, 0x95, 0x95, 0x63, 
	0x34, 0x43, 0x64, 0x39, 0x9f, 0xf4, 0x16, 0x77, 
	0x63, 0xa8, 0x14, 0xa3, 0x55, 0x33, 0x67, 0x7b, 
	0x63, 0x66, 0x95, 0x76, 0x6c, 0x11, 0x26, 0x1c, 
	0xcd, 0x02, 0x55, 0x77, 0x57, 0x75, 0x69, 0x95, 
	0xa3, 0x63, 0x41, 0x59, 0x23, 0x30, 0xcb, 0x77, 
	0x7a, 0x34, 0x84, 0x85, 0x56, 0x36, 0x63, 0x77, 
	0x66, 0x55, 0x59, 0x55, 0x28, 0xa4, 0x4a, 0x4c, 
	0x72, 0x14, 0x57, 0x57, 0x67, 0x66, 0x6b, 0x63, 
	0x6a, 0x37, 0x43, 0x7b, 0x24, 0xc0, 0xc2, 0x33, 
	0x36, 0x3a, 0x65, 0x76, 0x21, 0x37, 0x3a, 0x88, 
	0x26, 0x57, 0x7f, 0xff, 0x96, 0x16, 0x99, 0x99, 
	0x72, 0x20, 0x3a, 0x33, 0x67, 0x75, 0x76, 0x33, 
	0x67, 0x67, 0x3a, 0xc8, 0x81, 0xc0, 0xcc, 0x46, 
	0x32, 0x4c, 0x2b, 0x33, 0x11, 0x32, 0xcc, 0x11, 
	0x44, 0x23, 0x65, 0xff, 0x95, 0x67, 0x79, 0x55, 
	0x7b, 0xcc, 0x65, 0x66, 0x33, 0x99, 0x57, 0x26, 
	0x67, 0x67, 0x36, 0x44, 0xcc, 0x00, 0x0c, 0x8a, 
	0x73, 0x40, 0xc4, 0x44, 0x11, 0xa4, 0xcc, 0x41, 
	0xc1, 0x14, 0xaa, 0xaa, 0x67, 0x4a, 0x75, 0x95, 
	0x7c, 0xdc, 0xb7, 0xb3, 0xaa, 0x25, 0x5b, 0x26, 
	0x66, 0xb7, 0x35, 0xac, 0x00, 0x00, 0x04, 0xa4, 
	0x26, 0xa4, 0xc0, 0x11, 0x23, 0x24, 0xc1, 0xa1, 
	0xcc, 0x11, 0x44, 0x11, 0x1c, 0x0c, 0x69, 0xf9, 
	0x6a, 0x0d, 0xbb, 0x46, 0xb4, 0x75, 0x5b, 0x33, 
	0x36, 0x43, 0x39, 0x93, 0x21, 0xcc, 0xc1, 0x22, 
	0x67, 0x57, 0x44, 0x11, 0x32, 0x74, 0xc4, 0xac, 
	0xcc, 0x11, 0x4c, 0xcc, 0xc0, 0x01, 0x13, 0x95, 
	0x64, 0x4d, 0x42, 0x33, 0xa3, 0xb5, 0x9a, 0x33, 
	0x63, 0x41, 0x49, 0xf7, 0xa2, 0x11, 0x63, 0xb8, 
	0x67, 0x76, 0x73, 0x42, 0x66, 0x71, 0x11, 0x0d, 
	0x00, 0x01, 0x41, 0xcc, 0x0d, 0x01, 0x14, 0x66, 
	0xc4, 0xac, 0x06, 0x57, 0x2b, 0x77, 0x38, 0xb6, 
	0x55, 0x63, 0x16, 0x73, 0x3a, 0x43, 0x75, 0x55, 
	0x55, 0x22, 0x67, 0xab, 0x33, 0x2c, 0x00, 0xdd, 
	0xdd, 0x01, 0x11, 0x10, 0xdd, 0xdc, 0x14, 0x24, 
	
};

Gfx castle_courtyard_dl_MTY_O_E_BREAK01_ci4_pal_rgba16_aligner[] = {gsSPEndDisplayList()};
u8 castle_courtyard_dl_MTY_O_E_BREAK01_ci4_pal_rgba16[] = {
	0x73, 0x9b, 0x94, 0xa1, 0xad, 0x67, 0xad, 0x69, 
	0x9c, 0xe5, 0xce, 0x2f, 0xb5, 0xab, 0xbd, 0xed, 
	0xa5, 0x23, 0xd6, 0x71, 0xa5, 0x27, 0xb5, 0xa9, 
	0x84, 0x1f, 0x63, 0x15, 0xad, 0x65, 0xde, 0xf5, 
	
};

Gfx castle_courtyard_dl_BORDER_2_ci4_aligner[] = {gsSPEndDisplayList()};
u8 castle_courtyard_dl_BORDER_2_ci4[] = {
	0x01, 0x12, 0x22, 0x33, 0x33, 0x33, 0x33, 0x33, 
	0x23, 0x33, 0x31, 0x43, 0x31, 0x32, 0x21, 0x13, 
	0x32, 0x33, 0x21, 0x11, 0x11, 0x31, 0x11, 0x12, 
	0x22, 0x22, 0x22, 0x23, 0x22, 0x33, 0x22, 0x23, 
	0x33, 0x12, 0x13, 0x11, 0x31, 0x14, 0x43, 0x13, 
	0x13, 0x11, 0x33, 0x33, 0x33, 0x23, 0x12, 0x31, 
	0x22, 0x32, 0x33, 0x32, 0x33, 0x31, 0x11, 0x33, 
	0x33, 0x13, 0x11, 0x33, 0x23, 0x23, 0x31, 0x33, 
	0x55, 0x51, 0x13, 0x45, 0x54, 0x46, 0x75, 0x55, 
	0x44, 0x77, 0x66, 0x57, 0x54, 0x77, 0x55, 0x75, 
	0x45, 0x64, 0x45, 0x68, 0x99, 0x57, 0x86, 0x66, 
	0x77, 0x44, 0x55, 0x57, 0x55, 0x54, 0x55, 0x75, 
	0x55, 0x55, 0x46, 0x77, 0x77, 0x99, 0x56, 0x56, 
	0x6a, 0x97, 0x77, 0x81, 0x55, 0x75, 0x55, 0x66, 
	0x56, 0x45, 0x88, 0x87, 0x66, 0x56, 0x66, 0x66, 
	0x68, 0x88, 0x88, 0x66, 0x58, 0x67, 0x66, 0x68, 
	0x74, 0x9a, 0xa5, 0xaa, 0xaa, 0x68, 0xaa, 0x7b, 
	0x59, 0x86, 0x88, 0xa8, 0x86, 0x78, 0x66, 0x88, 
	0x88, 0x8a, 0x86, 0x8a, 0x88, 0x86, 0xcc, 0xac, 
	0xaa, 0x99, 0x9a, 0xaa, 0x77, 0x97, 0x68, 0x98, 
	0x99, 0x96, 0x8a, 0xa8, 0x8c, 0xca, 0xcb, 0xaa, 
	0xac, 0xdd, 0xca, 0xb9, 0x6a, 0xaa, 0x99, 0x88, 
	0x88, 0x9a, 0xac, 0xaa, 0xa8, 0xaa, 0x98, 0xaa, 
	0xaa, 0xcc, 0xaa, 0xcc, 0x6a, 0xaa, 0x86, 0xaa, 
	0xaa, 0x7a, 0xaa, 0xaa, 0xcc, 0x6a, 0xa8, 0x59, 
	0xa5, 0xaa, 0x6a, 0xca, 0x8a, 0x78, 0xa8, 0x8c, 
	0xa8, 0x88, 0xa6, 0xa8, 0xaa, 0xa8, 0xcc, 0xcc, 
	0xcc, 0xaa, 0xaa, 0xaa, 0x77, 0x97, 0x66, 0x9a, 
	0xa9, 0xaa, 0x9a, 0xaa, 0xcc, 0xcc, 0xcc, 0xcc, 
	0xac, 0xdd, 0xca, 0x9b, 0x68, 0xac, 0xa9, 0x68, 
	0xaa, 0xaa, 0xaa, 0xc8, 0x88, 0xaa, 0xaa, 0xcc, 
	0xca, 0xcc, 0xaa, 0xa8, 0xa9, 0x86, 0xaa, 0xa9, 
	0x75, 0x75, 0x77, 0x55, 0x55, 0x14, 0x55, 0x45, 
	0x74, 0x57, 0x74, 0x44, 0x77, 0x45, 0x65, 0x14, 
	0x57, 0x77, 0x55, 0x55, 0x79, 0x55, 0x79, 0x66, 
	0x68, 0x57, 0x55, 0x75, 0x45, 0x75, 0x51, 0x57, 
	0xb9, 0x79, 0x9b, 0x77, 0x99, 0x99, 0x97, 0x99, 
	0x77, 0x79, 0x44, 0x55, 0x75, 0x77, 0x77, 0x75, 
	0x75, 0x55, 0x55, 0x74, 0x75, 0x57, 0x74, 0x75, 
	0x44, 0x44, 0x54, 0x79, 0x79, 0x77, 0x99, 0x77, 
	0x14, 0x33, 0x14, 0x41, 0x41, 0x44, 0x44, 0x13, 
	0x11, 0x55, 0x43, 0x02, 0x13, 0x23, 0x13, 0x31, 
	0x14, 0x51, 0x11, 0x54, 0x54, 0x44, 0x44, 0x55, 
	0x54, 0x45, 0x42, 0x41, 0x24, 0x11, 0x44, 0x21, 
	0x14, 0x13, 0x22, 0x14, 0x34, 0x41, 0x23, 0x11, 
	0x31, 0x14, 0x14, 0x44, 0x44, 0x33, 0x33, 0x32, 
	0x33, 0x23, 0x23, 0x11, 0x12, 0x11, 0x11, 0x12, 
	0x33, 0x13, 0x31, 0x13, 0x41, 0x31, 0x43, 0x31, 
	0x66, 0x65, 0x99, 0x89, 0xa9, 0xa9, 0x79, 0x96, 
	0xaa, 0x68, 0x99, 0x75, 0x77, 0x57, 0x66, 0x79, 
	0x57, 0x99, 0x8a, 0x8a, 0xba, 0x89, 0x9a, 0xba, 
	0xca, 0xa9, 0xa9, 0x99, 0x88, 0x69, 0xaa, 0xa6, 
	0x65, 0x65, 0x51, 0x46, 0x97, 0x77, 0x85, 0x66, 
	0x47, 0x8a, 0x86, 0x88, 0x65, 0x66, 0x55, 0x67, 
	0x65, 0x74, 0x55, 0x46, 0x86, 0x57, 0x86, 0x76, 
	0x66, 0x55, 0x76, 0x66, 0x86, 0x77, 0x76, 0x88, 
	0xaa, 0x86, 0x9b, 0xc8, 0xcc, 0xcc, 0xca, 0xaa, 
	0xcc, 0xcc, 0xaa, 0x94, 0xaa, 0xcc, 0xcc, 0xaa, 
	0x99, 0xaa, 0xcc, 0xca, 0xcc, 0x8a, 0xaa, 0xcc, 
	0xcc, 0xcc, 0xcc, 0xcc, 0xac, 0xaa, 0xaa, 0xaa, 
	0x65, 0x8a, 0x64, 0xaa, 0xaa, 0x79, 0xaa, 0x78, 
	0x5b, 0xa8, 0x8a, 0xaa, 0xa6, 0x98, 0x77, 0x8a, 
	0xa8, 0x99, 0x89, 0xa8, 0xaa, 0xa5, 0xaa, 0xaa, 
	0xaa, 0x8a, 0xaa, 0xa8, 0x88, 0xaa, 0x99, 0x8a, 
	0x8a, 0xaa, 0x9a, 0xcc, 0xcc, 0xcc, 0xca, 0xad, 
	0xcc, 0xcc, 0xb9, 0x99, 0x7a, 0xcc, 0xa9, 0x98, 
	0x8a, 0xaa, 0xaa, 0xc8, 0xbb, 0xac, 0xbc, 0xcc, 
	0xcc, 0xbb, 0xaa, 0xcc, 0xaa, 0xaa, 0xaa, 0x89, 
	0xaa, 0x79, 0xbb, 0xcc, 0xaa, 0x9a, 0xaa, 0x6a, 
	0xa7, 0xca, 0x8a, 0xcc, 0xa7, 0x79, 0xaa, 0xaa, 
	0xaa, 0xa8, 0xb9, 0xaa, 0xaa, 0xa6, 0xca, 0xaa, 
	0xaa, 0xaa, 0xaa, 0xa8, 0x88, 0xaa, 0x99, 0x7a, 
	0x97, 0x99, 0x76, 0x75, 0x89, 0x88, 0x87, 0x89, 
	0x66, 0x89, 0x54, 0x57, 0x77, 0x77, 0x75, 0x97, 
	0x96, 0x96, 0x79, 0x64, 0x77, 0x56, 0x75, 0x55, 
	0x75, 0x55, 0x54, 0x56, 0x45, 0x47, 0x79, 0x99, 
	0x77, 0x55, 0x75, 0x99, 0x64, 0x46, 0x65, 0x15, 
	0x87, 0x98, 0x65, 0x98, 0x75, 0x37, 0x77, 0x57, 
	0x79, 0x67, 0x57, 0x67, 0x99, 0x57, 0x55, 0x56, 
	0x79, 0x77, 0x77, 0x97, 0x55, 0x55, 0x51, 0x48, 
	0x66, 0x66, 0x65, 0x66, 0x86, 0x86, 0x66, 0x66, 
	0x88, 0x55, 0x51, 0x56, 0x55, 0x68, 0x55, 0x45, 
	0x55, 0x66, 0x66, 0x66, 0x66, 0x68, 0x66, 0x86, 
	0x66, 0x88, 0x88, 0x66, 0x66, 0x88, 0x88, 0x66, 
	0x66, 0x66, 0x56, 0x68, 0x66, 0x66, 0x66, 0x55, 
	0x66, 0x65, 0x66, 0x88, 0x65, 0x45, 0x74, 0x64, 
	0x55, 0x54, 0x66, 0x67, 0x66, 0x66, 0x84, 0x15, 
	0x66, 0x55, 0x66, 0x45, 0x55, 0x66, 0x66, 0x66, 
	0x8c, 0xcc, 0xcc, 0xac, 0x8d, 0xdd, 0xcc, 0xc8, 
	0x8e, 0xbb, 0xa8, 0x7b, 0xbb, 0x9d, 0x79, 0x94, 
	0x9a, 0xcc, 0xc9, 0xcc, 0x9c, 0xaa, 0xac, 0xda, 
	0x9c, 0xde, 0xaa, 0xcc, 0xcc, 0xdd, 0xae, 0xcc, 
	0x9c, 0xcc, 0x75, 0xbc, 0xcc, 0xbb, 0xc9, 0x9b, 
	0xcc, 0xca, 0x8c, 0xaa, 0xa8, 0x97, 0x57, 0x99, 
	0x77, 0x94, 0xcb, 0x97, 0x88, 0xcc, 0x97, 0x57, 
	0xbc, 0xaa, 0xaa, 0xaa, 0xbb, 0xac, 0xcc, 0xac, 
	0xbb, 0xca, 0xa8, 0x99, 0xac, 0xfb, 0xa9, 0xa7, 
	0xaa, 0xb9, 0xbb, 0x49, 0xb9, 0x59, 0x77, 0x54, 
	0x79, 0x99, 0xab, 0x78, 0xaa, 0xac, 0xcc, 0xdc, 
	0x59, 0xdd, 0xca, 0xdd, 0xce, 0xad, 0xca, 0xff, 
	0x99, 0x99, 0x57, 0xa9, 0x99, 0xbb, 0x97, 0x9b, 
	0x8b, 0xcb, 0xb9, 0x9b, 0x9b, 0x44, 0x77, 0x97, 
	0x57, 0x95, 0xc8, 0x9b, 0xa6, 0xa9, 0xc9, 0x99, 
	0x99, 0x98, 0x77, 0xa7, 0x79, 0xbc, 0xca, 0xc1, 
	0x99, 0x88, 0xa8, 0x9a, 0xac, 0xbf, 0xca, 0x89, 
	0xa5, 0x99, 0xa7, 0x79, 0x79, 0x57, 0x97, 0x75, 
	0x17, 0x7b, 0x97, 0x99, 0x7a, 0xcc, 0xcc, 0xcc, 
	0x79, 0xda, 0xcc, 0xad, 0xec, 0xdc, 0xaa, 0xbf, 
	0xa7, 0x99, 0x77, 0x97, 0x99, 0x9b, 0x99, 0xbb, 
	0x9b, 0xcb, 0xb7, 0xb9, 0xb9, 0x17, 0x57, 0x95, 
	0x79, 0x79, 0x77, 0xfb, 0x95, 0xa5, 0xaa, 0x87, 
	0x68, 0x99, 0x79, 0x85, 0x77, 0x77, 0xaa, 0xa8, 
	0x42, 0x22, 0x02, 0x22, 0x21, 0x12, 0x18, 0x88, 
	0x88, 0x86, 0x22, 0x23, 0x42, 0x20, 0x22, 0x48, 
	0x88, 0x88, 0x81, 0x22, 0x22, 0x34, 0x11, 0x32, 
	0x44, 0x88, 0x88, 0x55, 0x32, 0x32, 0x32, 0x33, 
	0x22, 0x34, 0x58, 0x88, 0x86, 0x31, 0x33, 0x33, 
	0x41, 0x42, 0x48, 0x45, 0x55, 0x66, 0x62, 0x22, 
	0x32, 0x32, 0x22, 0x38, 0xa9, 0x55, 0x68, 0x63, 
	0x02, 0x32, 0x32, 0x22, 0x38, 0x88, 0x55, 0x88, 
	0xdd, 0x44, 0x35, 0x41, 0x41, 0x8e, 0xd8, 0x55, 
	0x56, 0x8e, 0xe8, 0x57, 0x77, 0x32, 0x4e, 0xe8, 
	0x64, 0x56, 0xae, 0xe6, 0x55, 0x45, 0x57, 0x6d, 
	0xe8, 0x54, 0x56, 0x8d, 0xe5, 0x44, 0x33, 0x31, 
	0x15, 0xea, 0x88, 0x88, 0xde, 0xd8, 0x44, 0x77, 
	0x51, 0x6c, 0xd4, 0x55, 0x45, 0x46, 0x8a, 0x51, 
	0x54, 0x53, 0x4a, 0xea, 0x55, 0x44, 0x55, 0x8e, 
	0x53, 0x41, 0x41, 0x18, 0xe8, 0x44, 0x44, 0x58, 
	0xaa, 0xe8, 0x45, 0x14, 0x4a, 0xd4, 0x46, 0xaa, 
	0x88, 0xa6, 0xde, 0x86, 0x74, 0x4a, 0xe8, 0x68, 
	0xda, 0x88, 0xa8, 0xde, 0x85, 0x84, 0x5a, 0xe6, 
	0x47, 0x8d, 0xa6, 0x45, 0xae, 0x75, 0x54, 0x16, 
	0xda, 0x56, 0x88, 0x68, 0xaa, 0xae, 0x61, 0x45, 
	0x58, 0xd6, 0x46, 0x6a, 0xad, 0xa8, 0x88, 0xe6, 
	0x15, 0x14, 0xed, 0x56, 0x8e, 0xaa, 0x86, 0x68, 
	0xd5, 0x15, 0x45, 0xe8, 0x55, 0xaa, 0xaa, 0x88, 
	0x88, 0xde, 0x55, 0x24, 0xd8, 0x58, 0x8a, 0xed, 
	0xaa, 0xaa, 0x8e, 0xa1, 0x75, 0xdd, 0x6d, 0xed, 
	0xed, 0xae, 0xda, 0x8e, 0xd4, 0x47, 0xea, 0x46, 
	0x6a, 0xee, 0xad, 0xd8, 0x5d, 0xa4, 0x41, 0x8a, 
	0x67, 0xad, 0xde, 0xee, 0xdd, 0x8d, 0xd5, 0x44, 
	0xad, 0x48, 0x8a, 0xda, 0x55, 0x8a, 0xda, 0xde, 
	0x11, 0x8e, 0x86, 0xaa, 0xed, 0x88, 0xad, 0x88, 
	0xaa, 0x41, 0x8e, 0x66, 0x88, 0xee, 0x88, 0xad, 
	0xda, 0x8d, 0xa3, 0x8d, 0x46, 0xa8, 0xad, 0x14, 
	0x55, 0xaa, 0x8d, 0xd4, 0x6e, 0x66, 0xde, 0xee, 
	0x66, 0x55, 0xdd, 0xaa, 0xe1, 0x6e, 0x65, 0xda, 
	0xdd, 0x51, 0x54, 0x8d, 0x66, 0xe5, 0x48, 0x84, 
	0xad, 0xde, 0xa6, 0x55, 0xad, 0x88, 0xea, 0x4d, 
	0xd4, 0x6d, 0xaa, 0x61, 0x56, 0x46, 0xa8, 0xae, 
	0x48, 0xd5, 0x8d, 0xde, 0x84, 0x66, 0x68, 0xa8, 
	0x8e, 0x1a, 0xd5, 0xaa, 0xa8, 0xa1, 0x57, 0x18, 
	0xaa, 0x5e, 0xa8, 0xd4, 0x8a, 0xad, 0xd5, 0x6a, 
	0xaa, 0x6d, 0x5d, 0xe8, 0xe6, 0x8a, 0xde, 0xe6, 
	0x8a, 0xa8, 0x8e, 0x6a, 0xe8, 0xe5, 0x88, 0xdd, 
	0xd5, 0x6a, 0xaa, 0x4d, 0x86, 0xe5, 0x86, 0x5a, 
	0xda, 0xea, 0x68, 0xa8, 0x6d, 0xa6, 0xed, 0xe8, 
	0x48, 0x8d, 0x8a, 0x57, 0xa8, 0x85, 0xa6, 0xae, 
	0xed, 0x5d, 0x8d, 0xde, 0x46, 0xaa, 0x86, 0xd8, 
	0xae, 0xda, 0x9a, 0xaa, 0xad, 0x46, 0xaa, 0x86, 
	0xa9, 0x6e, 0xed, 0x46, 0xdd, 0x48, 0xa5, 0x68, 
	0x65, 0xdd, 0x5d, 0xed, 0x48, 0xda, 0x56, 0xe6, 
	0x8a, 0x84, 0xde, 0x6a, 0xee, 0x6a, 0x8a, 0x64, 
	0xe5, 0x68, 0x88, 0x6d, 0x48, 0xed, 0x56, 0xda, 
	0xa1, 0xd8, 0x78, 0x88, 0x5d, 0xa6, 0xee, 0x84, 
	0x6d, 0xa1, 0x76, 0x55, 0x65, 0x5a, 0xd8, 0xee, 
	0x86, 0x8a, 0xd4, 0x6d, 0x58, 0x66, 0x5a, 0xd6, 
	0xde, 0x88, 0xaa, 0xa1, 0x88, 0x65, 0x86, 0x68, 
	0xa4, 0xae, 0x88, 0x68, 0xd4, 0x35, 0xa5, 0x18, 
	0xad, 0xd5, 0x6d, 0x88, 0xad, 0xd4, 0x46, 0xa6, 
	0x46, 0x8a, 0xe6, 0x4e, 0x88, 0xaa, 0xd4, 0x15, 
	0xd5, 0x45, 0xa8, 0xd5, 0x48, 0xa6, 0x6a, 0xa5, 
	0x11, 0xd6, 0x56, 0x85, 0xdd, 0x1d, 0xe8, 0x86, 
	0xda, 0x31, 0x6a, 0x13, 0x58, 0xd8, 0x48, 0xd8, 
	0xaa, 0xdd, 0x14, 0x6d, 0x41, 0x8a, 0xdd, 0x56, 
	0xe8, 0xaa, 0xd8, 0x24, 0x8a, 0x44, 0x6a, 0x8d, 
	0x38, 0xa5, 0x8a, 0xda, 0x35, 0x41, 0xa6, 0x53, 
	0x23, 0x36, 0xa8, 0xed, 0xd8, 0x15, 0x51, 0xaa, 
	0x53, 0x22, 0x26, 0x85, 0xaa, 0xaa, 0x15, 0x43, 
	0xa8, 0x51, 0x22, 0x24, 0x88, 0x8d, 0x8a, 0x45, 
	0x73, 0x86, 0x55, 0x34, 0x13, 0x68, 0x68, 0xad, 
	0x74, 0x54, 0x5a, 0x64, 0x12, 0x24, 0x86, 0x6a, 
	0xae, 0x52, 0x47, 0x4d, 0x86, 0x12, 0x21, 0x58, 
	0x8a, 0xae, 0x44, 0x41, 0x1a, 0x65, 0x32, 0x33, 
	0x65, 0x88, 0xdd, 0x54, 0x45, 0x43, 0x6a, 0x55, 
	0x88, 0x88, 0xda, 0xed, 0x54, 0x57, 0x71, 0x6d, 
	0xa6, 0x58, 0xa8, 0x88, 0xdd, 0x64, 0xb9, 0x94, 
	0x5a, 0x66, 0x56, 0x66, 0xaa, 0xda, 0x51, 0x75, 
	0x94, 0x1a, 0xd5, 0x66, 0x86, 0x68, 0xad, 0xa4, 
	0x49, 0x97, 0x16, 0xa5, 0x55, 0x88, 0x88, 0xad, 
	0xa1, 0x15, 0x59, 0x45, 0xd8, 0x55, 0x88, 0x8d, 
	0xad, 0xa1, 0x15, 0x75, 0x16, 0xa6, 0x55, 0x66, 
	0x8a, 0xee, 0x53, 0x54, 0x55, 0x44, 0x14, 0x8a, 
	0x98, 0x88, 0xaa, 0x42, 0x47, 0x75, 0x75, 0x45, 
	0xad, 0xdd, 0xdd, 0xde, 0x51, 0x47, 0xb7, 0x97, 
	0x41, 0x6d, 0x8a, 0xad, 0xaa, 0x54, 0x57, 0x55, 
	0x55, 0x44, 0x8d, 0xdd, 0xad, 0xde, 0xa6, 0x27, 
	0x99, 0x97, 0x41, 0x49, 0xa8, 0xaa, 0xaa, 0x84, 
	0x35, 0x55, 0x55, 0x43, 0x48, 0xaa, 0xad, 0xdd, 
	0xa5, 0x45, 0x66, 0x96, 0x44, 0x58, 0xd8, 0xaa, 
	0x55, 0x12, 0x21, 0x14, 0x11, 0x14, 0x44, 0x13, 
	0x55, 0x54, 0x41, 0x11, 0x31, 0x41, 0x14, 0x41, 
	0x34, 0x66, 0x57, 0x55, 0x15, 0x54, 0x54, 0x41, 
	0x75, 0x14, 0x57, 0x56, 0x55, 0x45, 0x45, 0x44, 
	0x55, 0x13, 0x44, 0x56, 0x77, 0x54, 0x33, 0x44, 
	0x51, 0x55, 0x45, 0x44, 0x44, 0x45, 0x11, 0x33, 
	0x43, 0x14, 0x11, 0x41, 0x44, 0x56, 0x66, 0x55, 
	0x45, 0x54, 0x44, 0x55, 0x41, 0x11, 0x45, 0x66, 
	0xa5, 0x85, 0x8c, 0xcc, 0xcc, 0xac, 0xbc, 0xda, 
	0xcc, 0xca, 0xca, 0x68, 0xa8, 0x99, 0x85, 0x8a, 
	0x98, 0xac, 0xa9, 0x88, 0x88, 0x8b, 0xaa, 0xee, 
	0xcc, 0xbb, 0xcc, 0xcc, 0xcc, 0xcc, 0xcc, 0xcc, 
	0xcc, 0xca, 0xfc, 0xcc, 0xcd, 0xab, 0x79, 0xbb, 
	0xb7, 0xaa, 0xcc, 0xcd, 0xad, 0x8c, 0xa8, 0x9a, 
	0x7b, 0xfc, 0xcb, 0xfb, 0x9b, 0xcc, 0xaa, 0xaa, 
	0xcc, 0xcc, 0xaa, 0xac, 0xaa, 0xcc, 0xcc, 0xfb, 
	0xa8, 0x68, 0xaa, 0xcc, 0xaa, 0xaa, 0xbf, 0xd8, 
	0xcc, 0xaa, 0x99, 0x68, 0x88, 0x47, 0x89, 0x58, 
	0x97, 0xa8, 0x75, 0x66, 0x48, 0x88, 0x8c, 0xae, 
	0xcb, 0x97, 0xcc, 0xcc, 0xdc, 0xa8, 0xaa, 0xcc, 
	0xcc, 0xc8, 0xbb, 0xca, 0xac, 0x8a, 0x59, 0xfb, 
	0x77, 0x6a, 0xaa, 0xcc, 0xd9, 0xa6, 0x95, 0x99, 
	0x99, 0x9b, 0xbb, 0xf9, 0x7b, 0x7c, 0xa7, 0x88, 
	0x8c, 0xb9, 0x8a, 0xac, 0xaa, 0xaa, 0xca, 0xbb, 
	0xa8, 0x77, 0x7b, 0xa9, 0x99, 0xbb, 0x99, 0x97, 
	0x9b, 0xaa, 0x77, 0x79, 0x99, 0x47, 0x66, 0x45, 
	0x57, 0x94, 0x46, 0x57, 0x78, 0x9b, 0x6c, 0xaa, 
	0x99, 0x75, 0xbf, 0xa8, 0xbc, 0xa9, 0x69, 0x9b, 
	0xb9, 0xa7, 0x8a, 0x97, 0x99, 0xbb, 0x79, 0x9f, 
	0x79, 0x79, 0x97, 0xfb, 0xa7, 0x71, 0x44, 0x55, 
	0x55, 0x79, 0xb9, 0x77, 0x79, 0xaa, 0x99, 0x75, 
	0x77, 0x41, 0x57, 0x79, 0x86, 0x99, 0x88, 0x8a, 
	0x87, 0x95, 0x57, 0x99, 0x55, 0x57, 0x59, 0xb7, 
	0x77, 0xb8, 0x75, 0x44, 0x55, 0x45, 0x55, 0x74, 
	0x57, 0x53, 0x64, 0x46, 0x99, 0xf7, 0x8a, 0x98, 
	0x99, 0x77, 0xbb, 0xa9, 0x9b, 0xa6, 0x86, 0x77, 
	0x75, 0x45, 0x77, 0x97, 0x57, 0x79, 0x44, 0x79, 
	0x77, 0x7b, 0x57, 0x99, 0x41, 0x44, 0x44, 0x56, 
	0x73, 0x57, 0x97, 0x54, 0x59, 0x74, 0x54, 0x74, 
	0x74, 0x55, 0x77, 0x77, 0x55, 0x69, 0x88, 0x99, 
	0x86, 0x74, 0x57, 0x57, 0x79, 0x55, 0x37, 0x87, 
	0x77, 0x54, 0x14, 0x14, 0x44, 0x17, 0x74, 0x11, 
	0x14, 0x33, 0x11, 0x34, 0x77, 0x77, 0x9b, 0x95, 
	0x97, 0x71, 0x76, 0x97, 0x59, 0x79, 0x95, 0xaa, 
	0x55, 0x35, 0x47, 0x65, 0x77, 0x73, 0x23, 0x57, 
	0x55, 0x57, 0x99, 0x51, 0x14, 0x24, 0x44, 0x55, 
	0x55, 0x55, 0x99, 0x45, 0x34, 0x41, 0x51, 0x54, 
	0x45, 0x55, 0x55, 0x31, 0x44, 0x57, 0x57, 0x77, 
	0x53, 0x51, 0x15, 0x31, 0x41, 0x74, 0x44, 0x71, 
	0x17, 0x57, 0x42, 0x35, 0x44, 0x24, 0x55, 0x11, 
	0x33, 0x00, 0x14, 0x02, 0x17, 0x55, 0x97, 0x59, 
	0x77, 0x34, 0x14, 0x79, 0x55, 0x75, 0x55, 0x87, 
	0x41, 0x34, 0x15, 0x44, 0x41, 0x75, 0x33, 0x33, 
	0x44, 0x77, 0x93, 0x14, 0x15, 0x31, 0x44, 0x44, 
	0x13, 0x14, 0x34, 0x44, 0x31, 0x14, 0x40, 0x34, 
	0x43, 0x44, 0x44, 0x11, 0x11, 0x54, 0x15, 0x57, 
	
};

Gfx castle_courtyard_dl_BORDER_2_ci4_pal_rgba16_aligner[] = {gsSPEndDisplayList()};
u8 castle_courtyard_dl_BORDER_2_ci4_pal_rgba16[] = {
	0x42, 0x0d, 0x7b, 0x99, 0x5a, 0x93, 0x6b, 0x17, 
	0x8c, 0x1d, 0x94, 0xa1, 0xa5, 0x27, 0xa4, 0xe5, 
	0xb5, 0xab, 0xb5, 0x69, 0xc5, 0xef, 0xc5, 0xed, 
	0xd6, 0x71, 0xce, 0xb3, 0xde, 0xf7, 0xce, 0x6f, 
	
};

Gfx castle_courtyard_dl_MTY_O_E_ORNAMENT04_ci4_aligner[] = {gsSPEndDisplayList()};
u8 castle_courtyard_dl_MTY_O_E_ORNAMENT04_ci4[] = {
	0x01, 0x22, 0x34, 0x35, 0x02, 0x22, 0x25, 0x55, 
	0x55, 0x55, 0x34, 0x65, 0x55, 0x03, 0x55, 0x02, 
	0x55, 0x20, 0x11, 0x51, 0x12, 0x55, 0x51, 0x55, 
	0x50, 0x55, 0x53, 0x50, 0x25, 0x20, 0x21, 0x40, 
	0x52, 0x25, 0x33, 0x33, 0x25, 0x55, 0x25, 0x52, 
	0x55, 0x01, 0x45, 0x35, 0x20, 0x50, 0x55, 0x00, 
	0x25, 0x22, 0x22, 0x57, 0x12, 0x05, 0x02, 0x50, 
	0x50, 0x22, 0x25, 0x22, 0x22, 0x25, 0x22, 0x55, 
	0x02, 0x12, 0x22, 0x11, 0x52, 0x11, 0x22, 0x02, 
	0x25, 0x21, 0x21, 0x11, 0x10, 0x22, 0x22, 0x12, 
	0x15, 0x11, 0x17, 0x16, 0x71, 0x51, 0x21, 0x14, 
	0x11, 0x12, 0x11, 0x11, 0x12, 0x22, 0x72, 0x25, 
	0x21, 0x11, 0x71, 0x12, 0x12, 0x17, 0x55, 0x25, 
	0x02, 0x52, 0x21, 0x21, 0x18, 0x02, 0x20, 0x22, 
	0x10, 0x12, 0x52, 0x11, 0x10, 0x02, 0x11, 0x16, 
	0x12, 0x61, 0x22, 0x21, 0x25, 0x12, 0x72, 0x25, 
	0x02, 0x21, 0x58, 0x99, 0x99, 0x99, 0x99, 0x99, 
	0x99, 0x99, 0x99, 0x99, 0x99, 0x99, 0x99, 0x99, 
	0x99, 0x99, 0x99, 0x99, 0x99, 0x99, 0x99, 0x99, 
	0x98, 0xaa, 0x88, 0x99, 0x99, 0x91, 0x12, 0x50, 
	0x22, 0x22, 0x28, 0x88, 0x98, 0xbc, 0xcc, 0xdc, 
	0x89, 0x8e, 0xaa, 0x00, 0xea, 0x88, 0x8a, 0x89, 
	0x8a, 0xee, 0x50, 0xbe, 0xbe, 0xaa, 0x88, 0xbd, 
	0xdd, 0xfc, 0xfd, 0xba, 0x89, 0x81, 0x12, 0x00, 
	0x22, 0x11, 0x18, 0xa8, 0xcd, 0xdc, 0xbc, 0xbd, 
	0xfc, 0xe8, 0x00, 0x05, 0xb5, 0x05, 0x88, 0x8c, 
	0xea, 0xeb, 0x3b, 0x34, 0x33, 0xaa, 0x8d, 0xff, 
	0xcc, 0xdd, 0xcf, 0xff, 0xa9, 0x95, 0x12, 0x25, 
	0x02, 0x12, 0x18, 0x8b, 0xdd, 0xcb, 0xcc, 0xcc, 
	0xcf, 0xfa, 0xab, 0x55, 0x22, 0x25, 0x89, 0xdc, 
	0xde, 0x0e, 0x33, 0x34, 0x43, 0xb8, 0xcd, 0xdd, 
	0xbe, 0xbb, 0xfd, 0xdf, 0xd8, 0x91, 0x12, 0x50, 
	0x52, 0x21, 0x18, 0x8d, 0xdc, 0xe8, 0x98, 0x8c, 
	0xcd, 0xfd, 0x8e, 0x55, 0x22, 0x3a, 0xad, 0xcf, 
	0xdd, 0xea, 0xb3, 0x34, 0x35, 0xba, 0xdd, 0xce, 
	0x80, 0xb0, 0xa3, 0xdd, 0xde, 0x97, 0x22, 0x53, 
	0x52, 0x51, 0x69, 0xbd, 0xdb, 0xe3, 0xbe, 0x88, 
	0xcd, 0xdf, 0xaa, 0x50, 0x2b, 0xae, 0xdd, 0xdd, 
	0xdd, 0xfb, 0x33, 0x40, 0x53, 0xab, 0xdd, 0xea, 
	0x52, 0x43, 0x3a, 0xcc, 0xdc, 0x92, 0x71, 0x13, 
	0xa3, 0x21, 0x19, 0xdf, 0xd8, 0xb2, 0x11, 0xae, 
	0xed, 0xcf, 0xca, 0x30, 0x2b, 0xed, 0xdf, 0xdd, 
	0xcd, 0xff, 0x3b, 0x44, 0x45, 0xac, 0xdd, 0xae, 
	0x34, 0x44, 0x43, 0xbd, 0xdc, 0x91, 0x71, 0x33, 
	0x03, 0x22, 0x69, 0xdd, 0xda, 0xe2, 0x11, 0x50, 
	0xad, 0xdd, 0xca, 0x30, 0xee, 0xdf, 0xdf, 0xd9, 
	0x8c, 0xff, 0xfb, 0x34, 0x00, 0x8d, 0xdd, 0xa3, 
	0xb3, 0x64, 0x43, 0xbc, 0xdc, 0x91, 0x12, 0x33, 
	0x03, 0x24, 0x19, 0xdc, 0xda, 0xa2, 0x52, 0x50, 
	0xbf, 0xff, 0xea, 0xbe, 0xad, 0xdf, 0xfc, 0x98, 
	0x89, 0xdf, 0xff, 0xcb, 0x05, 0xa3, 0xdc, 0x8b, 
	0xb4, 0x44, 0x30, 0xcf, 0xdb, 0x96, 0x71, 0x43, 
	0xe3, 0x25, 0x28, 0xdd, 0xde, 0x85, 0x00, 0x0a, 
	0xcf, 0xdc, 0x9e, 0xbe, 0xdd, 0xdd, 0xc8, 0xab, 
	0xcb, 0x8e, 0xbd, 0xd3, 0x55, 0xbb, 0xde, 0x8e, 
	0x34, 0x43, 0xea, 0xdd, 0xd9, 0x86, 0x67, 0x43, 
	0x05, 0x22, 0x19, 0xcc, 0xcd, 0xe9, 0x98, 0x88, 
	0xff, 0xcb, 0x88, 0xac, 0xfd, 0xfc, 0xec, 0xcc, 
	0xdd, 0xde, 0xcf, 0xff, 0xba, 0xa8, 0xcc, 0xa8, 
	0xee, 0xea, 0xac, 0xfd, 0xb8, 0x86, 0x12, 0x23, 
	0x00, 0x22, 0x29, 0xad, 0xcd, 0xdd, 0xba, 0x8c, 
	0xfd, 0xda, 0xef, 0xaa, 0xcc, 0xbe, 0xcc, 0xcc, 
	0xdf, 0xff, 0xec, 0xdf, 0xfc, 0xab, 0xfd, 0xeb, 
	0xbb, 0xb3, 0xfd, 0xfd, 0x8e, 0x84, 0x11, 0x13, 
	0x55, 0x52, 0x18, 0x8e, 0xcb, 0xdd, 0xff, 0xef, 
	0xdd, 0xd9, 0xbd, 0xdc, 0xec, 0x8f, 0xfe, 0x99, 
	0x9a, 0xcf, 0xd8, 0xdd, 0xcf, 0xdb, 0xfc, 0xfd, 
	0xdd, 0xdf, 0xdf, 0x48, 0xaa, 0x82, 0x12, 0x35, 
	0x55, 0x21, 0x78, 0xa9, 0xeb, 0xcd, 0xdd, 0x8c, 
	0xcc, 0xde, 0xcd, 0xdd, 0xe9, 0xcf, 0xc8, 0x8a, 
	0xe8, 0xaf, 0xf8, 0x8d, 0xff, 0xfc, 0xdd, 0xdf, 
	0xff, 0xdd, 0xdc, 0x8e, 0x0a, 0x97, 0x71, 0x35, 
	0x23, 0x17, 0x70, 0xee, 0xa8, 0x9a, 0xbb, 0xe9, 
	0xdc, 0xcb, 0xff, 0xdb, 0x99, 0xdf, 0xb9, 0x03, 
	0x3e, 0x8d, 0xfc, 0xaa, 0xcf, 0xdd, 0xcb, 0xcc, 
	0xe8, 0xe8, 0xe5, 0x23, 0x50, 0x07, 0x71, 0x22, 
	0x55, 0x21, 0x7a, 0xee, 0x00, 0xaa, 0x98, 0x89, 
	0xec, 0xbf, 0xfd, 0xc9, 0x89, 0xdf, 0xb9, 0xb3, 
	0x4e, 0x8c, 0xfb, 0xae, 0x8c, 0xff, 0xff, 0xff, 
	0xee, 0x3b, 0x54, 0x42, 0x05, 0x07, 0x77, 0x11, 
	0x22, 0x21, 0x7a, 0xeb, 0x53, 0x3e, 0x05, 0x50, 
	0x98, 0xdf, 0xdc, 0x9a, 0x89, 0xff, 0xf9, 0xab, 
	0xea, 0xaf, 0xfa, 0xeb, 0xe8, 0xec, 0xff, 0xde, 
	0xab, 0x33, 0x36, 0x43, 0x35, 0x06, 0x67, 0x44, 
	0x02, 0x11, 0x28, 0xb3, 0x35, 0x30, 0x55, 0x50, 
	0x8c, 0xfd, 0xc9, 0x80, 0xaa, 0xcf, 0xfd, 0xbb, 
	0xe8, 0xcf, 0xd9, 0x53, 0x55, 0xa9, 0xeb, 0xbd, 
	0xeb, 0x34, 0x44, 0x64, 0x45, 0x56, 0x77, 0x64, 
	0x22, 0x12, 0x1a, 0x05, 0x43, 0xb3, 0x05, 0xb8, 
	0xdf, 0xfd, 0x98, 0xe3, 0xba, 0xed, 0xff, 0xff, 
	0xdb, 0xdd, 0xea, 0x34, 0x33, 0x08, 0xef, 0xff, 
	0xcb, 0x34, 0x44, 0x44, 0x43, 0x06, 0x77, 0x77, 
	0x51, 0x17, 0x59, 0x04, 0x43, 0x43, 0x50, 0x9d, 
	0xff, 0xd9, 0x8e, 0xe3, 0x3b, 0xae, 0xcd, 0xff, 
	0xff, 0xfb, 0x8e, 0x33, 0x33, 0x55, 0xae, 0xff, 
	0xfc, 0xb3, 0x44, 0x33, 0x43, 0x06, 0x77, 0x12, 
	0x51, 0x71, 0x28, 0xa3, 0x11, 0x22, 0xba, 0xdf, 
	0xfc, 0x98, 0xa0, 0x52, 0x33, 0xe8, 0xdd, 0xdc, 
	0xcf, 0xfb, 0x9b, 0x33, 0x34, 0x3b, 0x08, 0xec, 
	0xdd, 0xbb, 0x46, 0x4b, 0x52, 0x87, 0x71, 0x20, 
	0x52, 0x27, 0x10, 0xb4, 0x11, 0x15, 0xeb, 0xfd, 
	0xc9, 0x88, 0x9a, 0x02, 0x34, 0xb9, 0xef, 0xfd, 
	0xcc, 0xcc, 0xbb, 0x43, 0xb3, 0x00, 0x0a, 0x9e, 
	0xdd, 0xde, 0x34, 0x43, 0x52, 0x87, 0x22, 0x20, 
	0x21, 0x17, 0x1a, 0x35, 0x53, 0xbe, 0xcf, 0xcc, 
	0xed, 0xff, 0xfc, 0xea, 0x05, 0xea, 0xad, 0xff, 
	0xff, 0xfd, 0xe3, 0x33, 0x55, 0x8e, 0xdf, 0xfb, 
	0xed, 0xdd, 0xee, 0xb3, 0x00, 0x87, 0x11, 0x25, 
	0x22, 0x21, 0x28, 0x43, 0x43, 0x0d, 0xfd, 0xaa, 
	0xdd, 0xfd, 0xff, 0xfa, 0x8a, 0xaa, 0xbd, 0xcb, 
	0xcf, 0xff, 0x6a, 0xba, 0xa9, 0xcf, 0xff, 0xff, 
	0xde, 0xfd, 0xdb, 0xb3, 0xb0, 0x07, 0x77, 0x20, 
	0x21, 0x17, 0x18, 0x33, 0xee, 0xdf, 0xfc, 0x8c, 
	0xdc, 0xbb, 0xbd, 0xfc, 0xbf, 0xcd, 0xfd, 0xa8, 
	0x89, 0xcf, 0xfd, 0xaa, 0xec, 0xff, 0x4b, 0xcd, 
	0xfd, 0xbd, 0xdd, 0xeb, 0x08, 0x07, 0x17, 0x20, 
	0x02, 0x17, 0x18, 0xbb, 0xad, 0xfd, 0xc9, 0xdf, 
	0xc8, 0xab, 0x8a, 0xcf, 0xff, 0xcf, 0xf8, 0xab, 
	0x3b, 0x8e, 0xfd, 0x9a, 0xef, 0xfd, 0x8e, 0x9a, 
	0xdd, 0xee, 0xdd, 0x4a, 0x50, 0x97, 0x21, 0x22, 
	0x25, 0x51, 0x1a, 0xab, 0xdf, 0xfc, 0x98, 0xff, 
	0xee, 0x42, 0x5a, 0xbf, 0xfc, 0xff, 0x4a, 0x34, 
	0x11, 0xea, 0xdf, 0xff, 0xcf, 0xf9, 0xb2, 0x50, 
	0x8d, 0x39, 0xaf, 0xcc, 0x08, 0x81, 0x71, 0x25, 
	0x53, 0x22, 0x28, 0x8f, 0xff, 0xc9, 0x8e, 0xff, 
	0xee, 0x34, 0x58, 0xcf, 0xfb, 0xff, 0x3b, 0x44, 
	0x71, 0xe9, 0xff, 0xfc, 0xff, 0xd8, 0x22, 0x12, 
	0x8f, 0xf9, 0xef, 0xfd, 0xce, 0x57, 0x72, 0x20, 
	0x05, 0x51, 0x18, 0x8e, 0xdf, 0xdc, 0x8e, 0xdf, 
	0xce, 0xb3, 0xce, 0xff, 0xbd, 0xff, 0xce, 0x35, 
	0x45, 0xec, 0xff, 0xff, 0xff, 0xba, 0xb3, 0x33, 
	0xbf, 0xc8, 0xff, 0xff, 0xb8, 0x07, 0x12, 0x25, 
	0x05, 0x52, 0x28, 0xe8, 0xed, 0xdf, 0xc8, 0xcd, 
	0xce, 0xee, 0xbd, 0xfc, 0x8c, 0xcb, 0xdd, 0xaa, 
	0x50, 0xbf, 0xff, 0xdf, 0xfc, 0xcc, 0x0b, 0xb3, 
	0xff, 0xad, 0xff, 0xfc, 0x9a, 0x07, 0x11, 0x25, 
	0x00, 0x21, 0x28, 0x05, 0xea, 0xdf, 0xfd, 0xed, 
	0xdd, 0xfd, 0xfd, 0x39, 0x00, 0x8a, 0xcd, 0xfc, 
	0x8e, 0xdf, 0x3a, 0xbe, 0xab, 0xdf, 0xfc, 0xdf, 
	0xfd, 0xcd, 0xff, 0xb9, 0x51, 0x07, 0x77, 0x22, 
	0xa5, 0x22, 0x50, 0x55, 0xea, 0xef, 0xfd, 0xfc, 
	0xcd, 0xfd, 0xdb, 0xab, 0x50, 0xe9, 0xbf, 0xff, 
	0xfd, 0xcc, 0xab, 0xee, 0xee, 0xcd, 0xdf, 0xfc, 
	0xcd, 0xcc, 0xfb, 0xeb, 0x22, 0x07, 0x17, 0x22, 
	0x00, 0x25, 0x28, 0x02, 0x40, 0xae, 0xdd, 0xdf, 
	0xbe, 0xae, 0x88, 0x03, 0x34, 0x3a, 0x9a, 0xcf, 
	0xff, 0x38, 0x03, 0x31, 0x5a, 0x89, 0x98, 0x88, 
	0xcf, 0xdf, 0x3a, 0x34, 0x44, 0x57, 0x11, 0x22, 
	0x02, 0x05, 0x28, 0x55, 0x53, 0xba, 0xed, 0xfc, 
	0xfe, 0xee, 0x00, 0x24, 0x44, 0x3e, 0x8c, 0xcb, 
	0xbd, 0xfa, 0x52, 0x11, 0x25, 0x50, 0x88, 0x8c, 
	0xfd, 0xfb, 0xa3, 0x33, 0x30, 0x07, 0x71, 0x21, 
	0xaa, 0x02, 0x0a, 0x03, 0x44, 0x12, 0xae, 0xdd, 
	0xdf, 0xce, 0x21, 0x44, 0x44, 0x3e, 0xab, 0xff, 
	0xff, 0xbe, 0x24, 0x12, 0x33, 0x00, 0x8a, 0xff, 
	0xdd, 0xba, 0x44, 0x44, 0x43, 0x06, 0x71, 0x22, 
	0x02, 0x22, 0xaa, 0x36, 0x64, 0x44, 0x25, 0xeb, 
	0xdd, 0xfb, 0x01, 0x46, 0x44, 0x3a, 0xdc, 0xed, 
	0xff, 0xfd, 0x85, 0x52, 0x43, 0x08, 0xef, 0xff, 
	0xdb, 0x8b, 0x16, 0x63, 0x43, 0x06, 0x66, 0x61, 
	0x22, 0x11, 0x60, 0x54, 0x44, 0x66, 0x61, 0xba, 
	0xcd, 0xff, 0xbb, 0x11, 0x42, 0xed, 0xfc, 0xe9, 
	0x8c, 0xdf, 0xbe, 0x52, 0x25, 0xab, 0xff, 0xdf, 
	0x00, 0x54, 0x44, 0x46, 0x65, 0x06, 0x66, 0x11, 
	0x35, 0x17, 0x40, 0x44, 0x44, 0x66, 0x66, 0x48, 
	0x9d, 0xfd, 0x3b, 0x01, 0x55, 0x4f, 0xdb, 0x8e, 
	0xe8, 0xad, 0xe3, 0x5e, 0x5a, 0xaf, 0xfd, 0xfe, 
	0xa3, 0x30, 0x46, 0x66, 0x45, 0x06, 0x67, 0x22, 
	0x57, 0x17, 0x10, 0x34, 0x46, 0x44, 0x44, 0x20, 
	0xaa, 0xcd, 0xdd, 0xee, 0x50, 0xdd, 0xd9, 0x03, 
	0x4b, 0x88, 0xfd, 0xeb, 0xbe, 0xff, 0xfd, 0x88, 
	0x55, 0x52, 0x44, 0x66, 0x3b, 0x26, 0x77, 0x12, 
	0x27, 0x57, 0x10, 0x53, 0x44, 0x44, 0x64, 0x5a, 
	0xa0, 0xea, 0xea, 0xba, 0xa8, 0xcd, 0xd9, 0x54, 
	0x43, 0xae, 0xdd, 0xab, 0x0d, 0xff, 0xdb, 0x9a, 
	0x55, 0x52, 0x34, 0x44, 0x33, 0x56, 0x71, 0x25, 
	0x55, 0x52, 0x30, 0x05, 0x33, 0x30, 0xbb, 0xbb, 
	0xea, 0xbd, 0xff, 0xfd, 0xe8, 0xed, 0xc9, 0x52, 
	0x25, 0x93, 0xfc, 0xaa, 0xef, 0xff, 0xdc, 0xb8, 
	0xba, 0xee, 0xeb, 0x3b, 0xbb, 0x56, 0x72, 0x00, 
	0x00, 0x22, 0x30, 0x52, 0x3b, 0x0a, 0xb3, 0xbb, 
	0xea, 0xbc, 0xff, 0xff, 0xfc, 0x8d, 0xcc, 0x90, 
	0x00, 0x8f, 0xcb, 0xe9, 0xbf, 0xfd, 0xdd, 0xfe, 
	0xcb, 0xbc, 0xea, 0xea, 0xeb, 0x56, 0x71, 0x35, 
	0x02, 0x02, 0x25, 0xbb, 0xeb, 0xcd, 0xdc, 0xff, 
	0xdd, 0xbb, 0xec, 0xfd, 0xff, 0xdc, 0xdc, 0xba, 
	0x8a, 0xff, 0xda, 0xab, 0xcf, 0xfc, 0xcc, 0xfd, 
	0xdc, 0xcf, 0xff, 0xbc, 0xba, 0x36, 0x12, 0x55, 
	0x05, 0x55, 0x10, 0xeb, 0xbd, 0xce, 0xcd, 0xdd, 
	0xfd, 0xdd, 0xce, 0xcf, 0xff, 0xfd, 0xcf, 0xdd, 
	0xff, 0xff, 0xd9, 0xdd, 0xbd, 0xfc, 0xdf, 0xfd, 
	0xdc, 0xcc, 0xcd, 0xff, 0xda, 0x06, 0x25, 0x35, 
	0x53, 0x22, 0x00, 0xeb, 0xdc, 0xce, 0xbe, 0xeb, 
	0xdd, 0xff, 0xdf, 0xce, 0xdf, 0xff, 0xfc, 0xdf, 
	0xdd, 0xfb, 0x8d, 0xff, 0xcc, 0xd8, 0xcd, 0xdb, 
	0x89, 0xa8, 0x98, 0xbd, 0xdc, 0xe6, 0x22, 0x50, 
	0x03, 0x22, 0x20, 0x8e, 0xcd, 0xe9, 0xbb, 0xbb, 
	0xec, 0xfc, 0xdf, 0xcc, 0x8d, 0xff, 0xff, 0x8e, 
	0xee, 0x99, 0xdf, 0xfd, 0xbe, 0x8e, 0xfd, 0xd8, 
	0xa8, 0x55, 0xb8, 0x9c, 0xdd, 0x36, 0x42, 0x00, 
	0x02, 0x22, 0x19, 0xed, 0xdd, 0xa0, 0x11, 0x44, 
	0x3e, 0xcc, 0xcb, 0xaa, 0x8a, 0xdd, 0xff, 0xda, 
	0x98, 0x8d, 0xff, 0xfb, 0x33, 0xaa, 0xdf, 0xfb, 
	0x50, 0x34, 0x43, 0xbe, 0xfd, 0x36, 0x22, 0x2b, 
	0x02, 0x21, 0x19, 0xbd, 0xdb, 0x02, 0x13, 0x33, 
	0x4b, 0xdc, 0xd8, 0xe3, 0x35, 0xed, 0xdd, 0xdc, 
	0xaa, 0xdd, 0xff, 0xbb, 0x35, 0xea, 0xff, 0xdb, 
	0x05, 0x44, 0x44, 0xbe, 0xcd, 0x46, 0x72, 0x5b, 
	0x52, 0x22, 0x28, 0xcd, 0xca, 0xb3, 0x45, 0x34, 
	0x3b, 0xfd, 0xda, 0x54, 0x26, 0x2a, 0xfd, 0xbf, 
	0xdd, 0xff, 0xdb, 0x05, 0x53, 0x38, 0xcc, 0xcb, 
	0x05, 0x44, 0x44, 0xba, 0xdd, 0x36, 0x62, 0x55, 
	0x52, 0x51, 0x68, 0xcf, 0xdb, 0xe3, 0x33, 0x43, 
	0x3a, 0xfd, 0xde, 0x34, 0x16, 0x25, 0x8d, 0xcc, 
	0xdf, 0xff, 0xbb, 0x04, 0x34, 0x38, 0xcd, 0xcc, 
	0x50, 0x44, 0x64, 0xe3, 0xdc, 0xa6, 0x42, 0x33, 
	0x05, 0x21, 0x7a, 0xbd, 0xdc, 0x8b, 0x34, 0x33, 
	0xeb, 0xdd, 0xce, 0x44, 0x46, 0x61, 0x0a, 0xbd, 
	0xdd, 0xdc, 0xe0, 0x36, 0x66, 0x4e, 0xbc, 0xcd, 
	0xaa, 0x34, 0x4b, 0xcd, 0xdd, 0x86, 0x77, 0x12, 
	0x53, 0x05, 0x19, 0xad, 0xfd, 0xba, 0x03, 0xbe, 
	0xad, 0xdc, 0xbb, 0x46, 0x64, 0x44, 0x40, 0x8d, 
	0xdc, 0xce, 0x53, 0x66, 0x64, 0x3b, 0x8d, 0xdf, 
	0xfb, 0xeb, 0xb3, 0xcd, 0xdc, 0x86, 0x77, 0x25, 
	0x00, 0x22, 0x29, 0x88, 0xcd, 0xfc, 0xcc, 0xcc, 
	0xdd, 0xca, 0xe3, 0x66, 0x66, 0x46, 0x33, 0xb8, 
	0xbc, 0xab, 0x34, 0x44, 0x44, 0x40, 0xaa, 0xdd, 
	0xfd, 0xdd, 0xdd, 0xdc, 0xda, 0x86, 0x77, 0x11, 
	0x02, 0x21, 0x1a, 0xea, 0x8a, 0xfc, 0xdf, 0xdc, 
	0xcc, 0xd8, 0x55, 0x64, 0x46, 0x44, 0x43, 0xb3, 
	0x88, 0xb3, 0x33, 0x34, 0x15, 0x50, 0xbe, 0xed, 
	0xdc, 0xdc, 0xcc, 0xcc, 0xaa, 0x86, 0x77, 0x12, 
	0x55, 0x21, 0x10, 0x05, 0xa8, 0xcc, 0xdd, 0xcc, 
	0xca, 0x9a, 0x53, 0x34, 0x34, 0x36, 0x55, 0x55, 
	0xea, 0xab, 0xb3, 0x52, 0x50, 0x03, 0x00, 0xa9, 
	0xbc, 0xcc, 0xcc, 0xba, 0x90, 0x86, 0x67, 0x13, 
	0x05, 0x11, 0x10, 0x90, 0xa8, 0xa9, 0x99, 0x99, 
	0x99, 0x8a, 0xaa, 0x80, 0x0a, 0x80, 0x00, 0xaa, 
	0x88, 0x8a, 0xa8, 0x08, 0x88, 0x89, 0x89, 0x89, 
	0x99, 0x99, 0x99, 0x88, 0x8a, 0x06, 0x71, 0x73, 
	0x53, 0x21, 0x11, 0x21, 0x11, 0x44, 0x14, 0x11, 
	0x64, 0x77, 0x11, 0x17, 0x66, 0x16, 0x66, 0x27, 
	0x11, 0x21, 0x15, 0xa4, 0x12, 0x12, 0x11, 0x40, 
	0x21, 0x12, 0x77, 0x17, 0x17, 0x16, 0x66, 0x13, 
	0x53, 0x27, 0x22, 0x21, 0x71, 0x22, 0x02, 0x12, 
	0x33, 0x22, 0x15, 0x11, 0x67, 0x11, 0x71, 0x21, 
	0x21, 0x15, 0x22, 0x05, 0x21, 0x11, 0x12, 0x22, 
	0x25, 0x15, 0x11, 0x50, 0x11, 0x22, 0x44, 0x13, 
	0x00, 0x25, 0x52, 0x55, 0x21, 0x20, 0x55, 0x00, 
	0x00, 0x55, 0x10, 0x17, 0x75, 0x12, 0x25, 0x52, 
	0x02, 0x05, 0x05, 0x00, 0x53, 0x02, 0x10, 0x55, 
	0x25, 0x12, 0x55, 0x55, 0x53, 0x55, 0x53, 0x43, 
	0xa2, 0x25, 0x05, 0x00, 0xa5, 0x55, 0x55, 0xa5, 
	0xb0, 0x50, 0x55, 0x22, 0x25, 0x22, 0x00, 0x00, 
	0x00, 0x00, 0x00, 0xa0, 0x02, 0x05, 0x55, 0x00, 
	0x55, 0x55, 0x55, 0x0a, 0x05, 0x50, 0x53, 0x30, 
	
};

Gfx castle_courtyard_dl_MTY_O_E_ORNAMENT04_ci4_pal_rgba16_aligner[] = {gsSPEndDisplayList()};
u8 castle_courtyard_dl_MTY_O_E_ORNAMENT04_ci4_pal_rgba16[] = {
	0x9c, 0xa3, 0xc5, 0xeb, 0xbd, 0x69, 0xb5, 0xab, 
	0xc5, 0xed, 0xad, 0x25, 0xd6, 0x71, 0xd6, 0x6f, 
	0x7b, 0xdd, 0x63, 0x17, 0x8c, 0x61, 0xa5, 0x27, 
	0xad, 0xad, 0xbe, 0x31, 0x94, 0xa5, 0xce, 0xb5, 
	
};

Gfx castle_courtyard_dl_Ceiling_ci4_aligner[] = {gsSPEndDisplayList()};
u8 castle_courtyard_dl_Ceiling_ci4[] = {
	0x01, 0x22, 0x23, 0x45, 0x67, 0x40, 0x04, 0x85, 
	0x57, 0x95, 0x84, 0x88, 0x88, 0x75, 0x32, 0xa8, 
	0x87, 0xb7, 0x99, 0xc9, 0xb2, 0x23, 0x9b, 0x74, 
	0x0c, 0x95, 0x89, 0x9d, 0xb7, 0x57, 0x57, 0x22, 
	0xa0, 0x22, 0x87, 0x75, 0x67, 0x58, 0x04, 0x45, 
	0x55, 0x55, 0xb5, 0x85, 0x78, 0x57, 0x32, 0xa0, 
	0x48, 0x59, 0xc9, 0xc3, 0x3b, 0x23, 0x57, 0x48, 
	0x55, 0x97, 0x83, 0x95, 0x89, 0x7b, 0xb8, 0x0a, 
	0xa4, 0x48, 0x79, 0x7d, 0x78, 0x77, 0x04, 0x58, 
	0x87, 0x5c, 0xc5, 0x55, 0x35, 0x77, 0xb8, 0xaa, 
	0x27, 0xcc, 0x99, 0xb5, 0x97, 0x77, 0x73, 0x4c, 
	0x99, 0x99, 0x4c, 0xc5, 0x99, 0xbb, 0x74, 0x4a, 
	0x24, 0x33, 0x99, 0x79, 0x78, 0x74, 0x87, 0x87, 
	0x88, 0xec, 0xcb, 0xc9, 0xc3, 0x77, 0x97, 0x8b, 
	0x23, 0x9e, 0xdd, 0x99, 0x57, 0x53, 0x75, 0x59, 
	0x99, 0x99, 0x8c, 0x49, 0xd5, 0x59, 0xb8, 0x8b, 
	0x72, 0x33, 0x55, 0x55, 0x44, 0x77, 0x77, 0x28, 
	0xee, 0xe3, 0xee, 0xc9, 0x93, 0x88, 0x88, 0x7b, 
	0x72, 0x99, 0x69, 0x73, 0x27, 0x53, 0x55, 0xcd, 
	0x99, 0x99, 0x23, 0x75, 0x99, 0x9e, 0x77, 0x73, 
	0x22, 0x88, 0x72, 0x88, 0x40, 0x33, 0xd8, 0x84, 
	0x73, 0x2e, 0x99, 0x55, 0x58, 0x84, 0x49, 0x45, 
	0x3c, 0x99, 0x73, 0x83, 0x77, 0x53, 0xc5, 0xc9, 
	0x56, 0x98, 0x09, 0x98, 0x99, 0x59, 0x75, 0x43, 
	0x37, 0x44, 0x88, 0x00, 0x1f, 0x8c, 0x35, 0x7a, 
	0x24, 0x2c, 0xc9, 0x98, 0x47, 0x96, 0xd9, 0x32, 
	0x5e, 0x57, 0x55, 0x79, 0x7b, 0x9c, 0xc5, 0xc4, 
	0x08, 0x8f, 0x59, 0x75, 0x55, 0x39, 0x95, 0x22, 
	0x37, 0x44, 0x84, 0x41, 0x1f, 0x43, 0x39, 0x8a, 
	0xb8, 0xc2, 0x3b, 0x58, 0x77, 0x69, 0x93, 0x2a, 
	0xc7, 0x75, 0x27, 0x53, 0xb5, 0xc9, 0x67, 0x5c, 
	0x96, 0x79, 0x84, 0x57, 0x55, 0x99, 0x97, 0x2a, 
	0x97, 0x75, 0x40, 0x01, 0xff, 0xf5, 0x38, 0x83, 
	0x25, 0x32, 0x79, 0x70, 0x87, 0x9d, 0x9d, 0x24, 
	0xc7, 0x87, 0x77, 0x93, 0x23, 0x35, 0xd9, 0x9c, 
	0x98, 0x96, 0x08, 0x75, 0x3d, 0x99, 0x99, 0xaa, 
	0x35, 0x53, 0x37, 0x0f, 0x17, 0x33, 0x33, 0x77, 
	0x83, 0x7a, 0x44, 0x54, 0x88, 0x89, 0x59, 0x5a, 
	0x35, 0x73, 0x37, 0x20, 0xc5, 0x25, 0x9d, 0x59, 
	0x58, 0x54, 0x83, 0x55, 0x5c, 0xcc, 0x98, 0x2a, 
	0x37, 0x53, 0x3c, 0x33, 0xcc, 0x3c, 0xcc, 0x88, 
	0x89, 0x75, 0x3b, 0x20, 0xcc, 0xcc, 0x95, 0x58, 
	0x53, 0x73, 0x82, 0xb7, 0x32, 0x87, 0x69, 0x69, 
	0x99, 0x40, 0x77, 0x85, 0x53, 0x99, 0xb4, 0x78, 
	0x77, 0x33, 0x33, 0x48, 0x77, 0x33, 0x47, 0x01, 
	0x00, 0x4c, 0x59, 0x41, 0x39, 0x97, 0x07, 0x60, 
	0x77, 0x23, 0x44, 0x87, 0x53, 0x75, 0x99, 0x6d, 
	0x63, 0x10, 0x75, 0x97, 0x83, 0xc9, 0xa4, 0x50, 
	0x87, 0x3b, 0x33, 0x01, 0x44, 0x32, 0x82, 0x0f, 
	0xff, 0x4c, 0x99, 0x72, 0x79, 0x54, 0x04, 0x58, 
	0x87, 0x72, 0x77, 0x47, 0x74, 0x79, 0x77, 0x66, 
	0x54, 0x10, 0x59, 0x37, 0x8c, 0xc3, 0x24, 0x78, 
	0x57, 0x48, 0x22, 0x10, 0x17, 0x32, 0x32, 0xff, 
	0xff, 0xac, 0x99, 0x95, 0x08, 0x74, 0x08, 0x55, 
	0x55, 0x08, 0x40, 0x47, 0x48, 0x55, 0x55, 0x97, 
	0x88, 0x41, 0x93, 0x45, 0x87, 0x99, 0xa4, 0x55, 
	0x54, 0x47, 0x44, 0x34, 0x55, 0x83, 0xc0, 0xff, 
	0xf1, 0x85, 0x93, 0x93, 0x87, 0x41, 0x44, 0x59, 
	0x64, 0x48, 0xf0, 0x10, 0x88, 0x58, 0x65, 0x58, 
	0x03, 0x4f, 0x00, 0x04, 0x05, 0xbb, 0xa0, 0x75, 
	0x70, 0x47, 0x48, 0x42, 0x04, 0x84, 0x1f, 0xff, 
	0xf5, 0x99, 0x9e, 0xcc, 0x50, 0x81, 0x1f, 0xb8, 
	0x74, 0x48, 0x00, 0x0f, 0x11, 0x00, 0x79, 0x71, 
	0x85, 0x0f, 0x45, 0x7f, 0x14, 0x5e, 0xa1, 0x88, 
	0x50, 0x10, 0x11, 0x1a, 0xaa, 0x00, 0x1f, 0xf1, 
	0x69, 0x99, 0x9e, 0xe9, 0xb0, 0xb8, 0x98, 0x75, 
	0x50, 0x87, 0x40, 0x11, 0xff, 0xf4, 0x47, 0x97, 
	0x45, 0x0f, 0x76, 0x4f, 0x42, 0xc2, 0xa0, 0x47, 
	0xc4, 0x11, 0x11, 0x2a, 0xa2, 0xa1, 0x1f, 0x17, 
	0x99, 0x59, 0x3e, 0x5c, 0x91, 0x4a, 0xc7, 0x8e, 
	0xc2, 0x22, 0xaa, 0xbb, 0x1f, 0xf0, 0x28, 0x1f, 
	0xf4, 0xf3, 0x39, 0x33, 0x3c, 0xbb, 0x30, 0x43, 
	0x3a, 0xaa, 0xaa, 0x22, 0x22, 0x20, 0x4f, 0x02, 
	0xc9, 0x25, 0x3e, 0x99, 0x94, 0x08, 0xc3, 0x23, 
	0x3a, 0xaa, 0xaa, 0xa2, 0xaf, 0xa4, 0xec, 0x90, 
	0xf5, 0x4c, 0x99, 0xe3, 0x73, 0x72, 0xe4, 0x23, 
	0x2a, 0xaa, 0x0a, 0x22, 0x33, 0x83, 0x8f, 0x04, 
	0xc2, 0x29, 0x2e, 0xd9, 0xb0, 0x1c, 0xc3, 0x33, 
	0x24, 0xa2, 0xea, 0x04, 0x1f, 0x08, 0x75, 0x94, 
	0x75, 0x9c, 0xcd, 0x9c, 0xcc, 0xc3, 0x93, 0x33, 
	0x37, 0xaa, 0x23, 0xcc, 0xc3, 0x55, 0x80, 0x48, 
	0x3a, 0x22, 0x39, 0xc9, 0xc0, 0x49, 0xc7, 0x5c, 
	0x37, 0xa2, 0xaa, 0x10, 0x1f, 0x07, 0x78, 0x78, 
	0x97, 0x53, 0xc9, 0x53, 0x53, 0x33, 0xe5, 0x3c, 
	0x24, 0xa2, 0x2c, 0xcc, 0xcc, 0x97, 0x81, 0x82, 
	0x38, 0xa2, 0x3e, 0x9c, 0xe8, 0x39, 0x57, 0x75, 
	0x24, 0xaa, 0xaa, 0x00, 0x11, 0x44, 0x47, 0x84, 
	0x95, 0x89, 0x3c, 0x95, 0x5c, 0x3c, 0xb7, 0x73, 
	0x48, 0x2b, 0x33, 0x2c, 0xc3, 0x55, 0x4f, 0x83, 
	0x32, 0x24, 0x3e, 0x3c, 0xc9, 0x79, 0x75, 0xc7, 
	0x48, 0xaa, 0xaa, 0x41, 0xf1, 0x00, 0x00, 0x87, 
	0x99, 0x6c, 0x99, 0x99, 0x9b, 0xc9, 0x55, 0x78, 
	0x00, 0xa3, 0x33, 0x3c, 0x35, 0x78, 0x0f, 0x82, 
	0x35, 0x7e, 0x9b, 0x33, 0x3c, 0x85, 0x57, 0x24, 
	0x0a, 0x10, 0x0a, 0x4a, 0x11, 0x10, 0x41, 0x85, 
	0x5d, 0x7c, 0x59, 0x98, 0xd9, 0x55, 0x7b, 0x20, 
	0x22, 0xab, 0xb2, 0x33, 0xc3, 0x57, 0x0f, 0x02, 
	0x3c, 0xc3, 0xbb, 0x75, 0x35, 0xc3, 0x32, 0x28, 
	0x22, 0xa4, 0x24, 0xaa, 0x00, 0xa4, 0x07, 0x05, 
	0x99, 0x79, 0x95, 0xb7, 0x59, 0x99, 0xe8, 0x38, 
	0xa4, 0x48, 0x7b, 0x33, 0x37, 0x77, 0xff, 0x02, 
	0xcc, 0x44, 0x44, 0x48, 0x25, 0x73, 0x59, 0x74, 
	0xa2, 0xaa, 0xa1, 0xa4, 0xaa, 0x10, 0x44, 0x09, 
	0x58, 0x07, 0x87, 0x59, 0xcc, 0x9e, 0xe3, 0x72, 
	0x00, 0x42, 0x83, 0x79, 0x58, 0x77, 0xf1, 0x00, 
	0x3b, 0x24, 0x24, 0xeb, 0x48, 0x2b, 0x37, 0x82, 
	0x01, 0x14, 0xa1, 0xaa, 0x14, 0x10, 0x44, 0xf0, 
	0x84, 0x54, 0x57, 0x5c, 0xc9, 0x9e, 0x95, 0xb2, 
	0x11, 0x04, 0x77, 0x77, 0x80, 0x88, 0xff, 0x08, 
	0x7a, 0x87, 0xab, 0x84, 0x8b, 0x23, 0x28, 0x44, 
	0x11, 0x01, 0x11, 0x1a, 0x12, 0x11, 0x84, 0xf4, 
	0x0e, 0x51, 0x53, 0xc9, 0xdd, 0x9c, 0x37, 0x44, 
	0x1a, 0x0b, 0x86, 0x53, 0x74, 0x44, 0x11, 0x25, 
	0x82, 0x2b, 0xb4, 0x77, 0x85, 0x32, 0x50, 0x11, 
	0x1a, 0xaa, 0x11, 0x01, 0xa1, 0x10, 0x41, 0x74, 
	0x5c, 0x21, 0x3c, 0x79, 0x99, 0x53, 0x28, 0x01, 
	0xa1, 0xa2, 0xc5, 0x35, 0x78, 0x01, 0x11, 0x3b, 
	0x43, 0x27, 0xe2, 0x82, 0x3e, 0x44, 0x84, 0x1f, 
	0xa1, 0xaa, 0x21, 0x11, 0x04, 0x00, 0x11, 0x0f, 
	0x4e, 0x04, 0x9c, 0x99, 0x9b, 0xb5, 0x78, 0x11, 
	0x01, 0x03, 0x39, 0x24, 0x44, 0x01, 0xf1, 0x27, 
	0x22, 0x24, 0xa4, 0xb2, 0x83, 0x32, 0x44, 0xf0, 
	0x01, 0x05, 0xa1, 0xf0, 0x04, 0x41, 0x00, 0xff, 
	0x40, 0xf4, 0x5c, 0x5e, 0x99, 0x59, 0x64, 0x10, 
	0x2a, 0x4b, 0x53, 0x34, 0x81, 0x01, 0xf2, 0x3b, 
	0x2a, 0x28, 0x32, 0x53, 0x83, 0x32, 0x00, 0xa2, 
	0x2a, 0x22, 0xaf, 0x11, 0xa1, 0x00, 0x94, 0xff, 
	0xff, 0x15, 0x9b, 0x7d, 0xb7, 0x7b, 0x38, 0xa2, 
	0xa0, 0x24, 0x23, 0x78, 0x04, 0x0f, 0xfa, 0xa3, 
	0x9c, 0x99, 0x9b, 0x49, 0x32, 0x82, 0x33, 0x22, 
	0xa1, 0x2a, 0xff, 0xff, 0x11, 0x00, 0x70, 0x11, 
	0x08, 0x59, 0x29, 0x9d, 0xb7, 0x5b, 0x57, 0x28, 
	0x0a, 0x20, 0x44, 0x84, 0x01, 0xf0, 0x13, 0x33, 
	0x55, 0x87, 0x7c, 0x74, 0x92, 0x20, 0x32, 0x00, 
	0x01, 0x2a, 0xff, 0xff, 0x10, 0x00, 0x84, 0x10, 
	0x5a, 0x78, 0x83, 0x58, 0x49, 0x9b, 0x74, 0xa0, 
	0x0a, 0x22, 0x41, 0x80, 0x0f, 0x00, 0x0c, 0x59, 
	0x99, 0x52, 0xe3, 0x44, 0x22, 0x00, 0x22, 0xa1, 
	0x0a, 0x21, 0xf1, 0xff, 0x10, 0x10, 0x4a, 0xf2, 
	0x47, 0x77, 0x58, 0xb8, 0x55, 0x77, 0x78, 0x01, 
	0x1a, 0x22, 0x40, 0x01, 0xf0, 0x4a, 0x02, 0x85, 
	0x59, 0x34, 0xeb, 0x82, 0x20, 0x10, 0x2a, 0x11, 
	0x1a, 0x21, 0xff, 0xf1, 0x08, 0x44, 0x11, 0x17, 
	0x75, 0x75, 0x58, 0x87, 0x77, 0x84, 0x78, 0x01, 
	0x1a, 0x28, 0x75, 0x01, 0x82, 0x24, 0x24, 0x49, 
	0x95, 0x7b, 0xee, 0xb4, 0x44, 0x33, 0x2a, 0xaa, 
	0x1a, 0xa0, 0xfa, 0xab, 0x81, 0xf1, 0x0f, 0x06, 
	0x55, 0x58, 0x88, 0x88, 0x57, 0x48, 0x80, 0xaa, 
	0x1a, 0xa0, 0xb5, 0x00, 0x77, 0x44, 0x33, 0x23, 
	0xc7, 0x87, 0xee, 0xb2, 0x2a, 0x22, 0x2a, 0x11, 
	0x1a, 0xa1, 0xa2, 0x18, 0x81, 0xff, 0xff, 0x76, 
	0x68, 0x79, 0x40, 0x84, 0x10, 0x87, 0x4a, 0x01, 
	0x1a, 0xa1, 0x48, 0x11, 0xaa, 0x2b, 0x23, 0x22, 
	0x32, 0xa2, 0xb2, 0x48, 0x33, 0xc3, 0x3a, 0xff, 
	0x1a, 0x04, 0x8b, 0x61, 0x1f, 0xff, 0xf1, 0x99, 
	0x84, 0x55, 0x01, 0x2b, 0x32, 0x7b, 0x74, 0x1f, 
	0x87, 0x41, 0x10, 0x10, 0x22, 0x23, 0xa1, 0x43, 
	0x32, 0x2b, 0xce, 0xb4, 0x7c, 0x32, 0x31, 0xf2, 
	0x86, 0x58, 0xa7, 0x9f, 0xff, 0xf1, 0x07, 0xb5, 
	0x95, 0x9d, 0x90, 0x5b, 0xbb, 0x44, 0x20, 0x12, 
	0x78, 0x81, 0x04, 0x08, 0x33, 0x53, 0xa1, 0xa2, 
	0x32, 0x3c, 0x3e, 0x40, 0x73, 0x83, 0xc1, 0x05, 
	0x74, 0x50, 0x14, 0x4f, 0xff, 0xa4, 0x17, 0x44, 
	0x79, 0x9c, 0x99, 0x97, 0x9b, 0xb8, 0xb4, 0x05, 
	0x78, 0x41, 0x15, 0x04, 0x33, 0x71, 0xa1, 0x1a, 
	0x3b, 0x39, 0x9c, 0xa0, 0x43, 0x33, 0xcf, 0x66, 
	0x77, 0x80, 0xaa, 0x40, 0x44, 0x44, 0x03, 0x87, 
	0x59, 0xcc, 0xcc, 0x3e, 0xd9, 0x37, 0x74, 0x66, 
	0x40, 0x1f, 0x01, 0x0b, 0xc9, 0x41, 0xa1, 0x12, 
	0x22, 0x3c, 0xee, 0xb0, 0x59, 0xdd, 0x95, 0xd8, 
	0x40, 0x00, 0x02, 0x4b, 0xf0, 0x04, 0x57, 0x58, 
	0x8e, 0x52, 0xc9, 0xc9, 0x9e, 0x97, 0x87, 0xd8, 
	0x44, 0x11, 0x1f, 0x47, 0x98, 0x71, 0x1a, 0xa2, 
	0xa2, 0x3c, 0xe2, 0x4d, 0x5c, 0x59, 0x97, 0x78, 
	0x48, 0x48, 0x75, 0x5a, 0x04, 0x68, 0x74, 0x05, 
	0x85, 0xbc, 0xcc, 0x9e, 0x9d, 0x97, 0x88, 0x78, 
	0x48, 0x42, 0x01, 0xf5, 0x50, 0xba, 0xff, 0xaa, 
	0xa2, 0x29, 0xce, 0x39, 0x9c, 0xd9, 0x98, 0x48, 
	0x87, 0x77, 0x44, 0x80, 0x44, 0x84, 0x00, 0x84, 
	0x69, 0x5d, 0xd9, 0x9d, 0x99, 0x98, 0x87, 0x88, 
	0x44, 0x87, 0x41, 0xf0, 0x70, 0x82, 0x11, 0xa4, 
	0xaa, 0x2b, 0xbe, 0x39, 0x99, 0x99, 0x55, 0x44, 
	0x84, 0x84, 0x44, 0x41, 0x74, 0xa4, 0x14, 0x87, 
	0x55, 0x99, 0xd9, 0xdd, 0xdd, 0x58, 0x77, 0x44, 
	0x87, 0x44, 0x84, 0xf4, 0x4e, 0x32, 0x01, 0x10, 
	0x12, 0x3b, 0x0b, 0xc5, 0x87, 0x76, 0x85, 0x40, 
	0x75, 0x40, 0x08, 0x00, 0x01, 0xa4, 0x04, 0x78, 
	0x95, 0x95, 0xdc, 0xdd, 0xd9, 0x95, 0x77, 0x44, 
	0x54, 0x48, 0x40, 0xf1, 0x89, 0x4a, 0xa1, 0x1a, 
	0x4b, 0x84, 0xb9, 0x56, 0x94, 0x86, 0x55, 0x88, 
	0x54, 0x80, 0x04, 0x00, 0x4b, 0x84, 0x08, 0x44, 
	0x37, 0x85, 0x9d, 0xd9, 0xb9, 0x96, 0x66, 0x88, 
	0x44, 0x01, 0x11, 0xff, 0x84, 0x10, 0x1a, 0x34, 
	0xf5, 0x55, 0x98, 0x48, 0x59, 0x9d, 0x67, 0x75, 
	0x47, 0x74, 0x81, 0x08, 0x4b, 0x48, 0x74, 0x47, 
	0x99, 0x99, 0x9d, 0x9d, 0xd9, 0xd6, 0x85, 0x55, 
	0x88, 0x41, 0xff, 0x11, 0x00, 0x41, 0x14, 0x0f, 
	0x11, 0xb4, 0x78, 0x40, 0x59, 0x47, 0x78, 0x87, 
	0x87, 0x84, 0x00, 0x44, 0x8b, 0x88, 0x77, 0x08, 
	0x95, 0x95, 0x79, 0x5d, 0xd9, 0x96, 0x44, 0x47, 
	0x67, 0x40, 0x87, 0x20, 0x02, 0x4a, 0x81, 0xff, 
	0x14, 0x55, 0x88, 0xa0, 0x59, 0x77, 0x97, 0x85, 
	0x67, 0x40, 0x04, 0x48, 0x4b, 0x35, 0x97, 0x48, 
	0x59, 0x99, 0x32, 0xe9, 0xd6, 0x75, 0x48, 0x85, 
	0x85, 0x80, 0x05, 0x83, 0xc2, 0x11, 0x1f, 0x10, 
	0x00, 0x97, 0x87, 0x84, 0x55, 0x55, 0x65, 0x56, 
	0x87, 0x54, 0x08, 0x89, 0xbb, 0x37, 0x98, 0x87, 
	0x59, 0x99, 0x2a, 0x99, 0x9d, 0x99, 0x07, 0x76, 
	0x58, 0x87, 0x01, 0x07, 0x8a, 0x11, 0x1f, 0xfa, 
	0x22, 0x59, 0x77, 0x80, 0x85, 0x99, 0x66, 0x6d, 
	0x58, 0x74, 0x08, 0x58, 0xb4, 0x85, 0x50, 0x88, 
	0x5d, 0x6d, 0x3a, 0xc7, 0x59, 0xd9, 0x46, 0x5d, 
	0x52, 0x40, 0x40, 0x74, 0x21, 0xf1, 0x11, 0x46, 
	0x87, 0xb5, 0x9b, 0xb5, 0x79, 0x55, 0x96, 0x7d, 
	0x57, 0x44, 0x87, 0x85, 0xb4, 0x44, 0xb8, 0x88, 
	0x75, 0x65, 0x52, 0x37, 0xb5, 0x99, 0x76, 0x76, 
	0x78, 0x74, 0x40, 0x8a, 0x21, 0xf0, 0x08, 0x6d, 
	0x55, 0x75, 0x55, 0x55, 0x69, 0x79, 0x99, 0x9d, 
	0x57, 0x44, 0x47, 0x77, 0x78, 0x78, 0x20, 0x5c, 
	0xcd, 0xc7, 0x93, 0x37, 0x59, 0x95, 0x85, 0x69, 
	0x54, 0x48, 0x00, 0x58, 0x4f, 0xf4, 0x88, 0x74, 
	0x5d, 0x95, 0x55, 0x53, 0x75, 0x77, 0x55, 0x79, 
	0x54, 0x48, 0x87, 0x85, 0xb5, 0xb9, 0x41, 0x7c, 
	0x97, 0x44, 0x64, 0x85, 0x59, 0x65, 0x77, 0x75, 
	0x72, 0x44, 0x88, 0x4f, 0x0f, 0x07, 0x88, 0x57, 
	0x5b, 0x55, 0x87, 0x77, 0x77, 0x48, 0x55, 0x55, 
	0x77, 0x58, 0x57, 0x85, 0x79, 0x99, 0x57, 0x25, 
	0x54, 0x40, 0x55, 0x48, 0x49, 0x68, 0x78, 0x75, 
	0x57, 0x81, 0x11, 0xf0, 0x80, 0x07, 0x48, 0x99, 
	0x88, 0x85, 0x77, 0x88, 0x04, 0x87, 0x78, 0x55, 
	0x95, 0x55, 0x58, 0x55, 0x76, 0x99, 0x99, 0x42, 
	0x84, 0x04, 0x55, 0x74, 0x05, 0x84, 0x58, 0x77, 
	0x54, 0x00, 0x11, 0x10, 0x78, 0x48, 0x78, 0x88, 
	0x44, 0x40, 0x88, 0x78, 0x44, 0x48, 0x50, 0x15, 
	0x97, 0x75, 0x77, 0x95, 0x79, 0x53, 0xe5, 0x87, 
	0x40, 0x00, 0x59, 0x58, 0x04, 0x84, 0x70, 0x17, 
	0x58, 0x71, 0x2a, 0x1a, 0x54, 0x48, 0x48, 0x85, 
	0x74, 0x77, 0x74, 0x48, 0x74, 0x48, 0x54, 0x03, 
	0x99, 0x55, 0x73, 0x9b, 0x55, 0x7b, 0xec, 0xc1, 
	0x70, 0x11, 0x47, 0x40, 0x84, 0x00, 0x41, 0x18, 
	0x87, 0x4a, 0xaa, 0x01, 0x87, 0x84, 0x04, 0x79, 
	0x55, 0x68, 0x75, 0x87, 0x88, 0x75, 0x84, 0x88, 
	0x95, 0x57, 0x33, 0xbb, 0x5b, 0x43, 0xb3, 0x30, 
	0x8b, 0x95, 0x77, 0x77, 0x78, 0x80, 0x04, 0x44, 
	0x44, 0x84, 0x22, 0xaa, 0x37, 0x80, 0x07, 0x59, 
	0xd7, 0xd7, 0x87, 0x44, 0x85, 0x88, 0x40, 0x14, 
	0x59, 0x98, 0xcc, 0xc3, 0x78, 0x82, 0xec, 0x94, 
	0x04, 0x33, 0x23, 0x27, 0x77, 0x84, 0x44, 0x01, 
	0x00, 0x42, 0x77, 0x24, 0x44, 0x74, 0x84, 0x79, 
	0xd7, 0xd9, 0x78, 0x48, 0x78, 0x58, 0x80, 0x18, 
	0x9c, 0x99, 0x93, 0x99, 0xb8, 0x83, 0xce, 0x97, 
	0x00, 0xc3, 0x23, 0x84, 0x85, 0x87, 0x84, 0x10, 
	0x2a, 0x48, 0xb3, 0x34, 0x78, 0x78, 0x04, 0x56, 
	0x96, 0xd5, 0x78, 0x44, 0x87, 0x57, 0x4a, 0x02, 
	0x59, 0x59, 0x99, 0x57, 0x74, 0xae, 0xdd, 0x24, 
	0xfc, 0x33, 0x33, 0x79, 0xb7, 0x7b, 0x78, 0x42, 
	
};

Gfx castle_courtyard_dl_Ceiling_ci4_pal_rgba16_aligner[] = {gsSPEndDisplayList()};
u8 castle_courtyard_dl_Ceiling_ci4_pal_rgba16[] = {
	0x7b, 0x13, 0x6a, 0x8f, 0x93, 0x95, 0xa4, 0x19, 
	0x83, 0x55, 0xa4, 0x5b, 0xac, 0xe1, 0x9c, 0x19, 
	0x93, 0xd7, 0xac, 0x9f, 0x7b, 0x11, 0x9b, 0xd9, 
	0xb4, 0x9b, 0xbd, 0x65, 0xac, 0x19, 0x49, 0xcb, 
	
};

Gfx castle_courtyard_dl_Texture0141_RGB_rgba16_aligner[] = {gsSPEndDisplayList()};
u8 castle_courtyard_dl_Texture0141_RGB_rgba16[] = {
	0xf7, 0x61, 0xe6, 0x9b, 0xee, 0xdd, 0xf7, 0x61, 
	0xf7, 0xa5, 0xf7, 0xa1, 0xf7, 0x9f, 0xf7, 0x1d, 
	0xf6, 0xdd, 0xf7, 0x1d, 0xee, 0x9b, 0xf7, 0x1d, 
	0xf7, 0x1f, 0xf7, 0x5f, 0xf7, 0x1d, 0xf7, 0x1f, 
	0xf7, 0x1f, 0xf7, 0x5f, 0xf7, 0x5f, 0xf7, 0x61, 
	0xf7, 0x1f, 0xf7, 0x1d, 0xf7, 0x1f, 0xf7, 0x1f, 
	0xf7, 0x61, 0xee, 0xdb, 0xee, 0xdd, 0xef, 0x1d, 
	0xf7, 0x1d, 0xf7, 0x1d, 0xf7, 0x5f, 0xf7, 0x61, 
	0xf7, 0xa3, 0xee, 0x9b, 0xf7, 0x5f, 0xf7, 0x5f, 
	0xf7, 0x5f, 0xf7, 0xa1, 0xf7, 0xa1, 0xf7, 0x1f, 
	0xf7, 0xa1, 0xf7, 0x5f, 0xf6, 0xdd, 0xf7, 0x1f, 
	0xf7, 0x1f, 0xf7, 0x1d, 0xf7, 0x5f, 0xf7, 0x1d, 
	0xee, 0xdd, 0xf7, 0x5f, 0xf7, 0x5f, 0xf7, 0x1f, 
	0xf7, 0x1f, 0xf7, 0x1f, 0xf7, 0x1f, 0xf7, 0x5f, 
	0xf7, 0x1f, 0xf7, 0x5f, 0xf6, 0xdd, 0xee, 0xdd, 
	0xee, 0xdd, 0xee, 0xdd, 0xf7, 0x1d, 0xf7, 0x5f, 
	0xf7, 0x5f, 0xf7, 0x1f, 0xee, 0xdb, 0xee, 0xdb, 
	0xf7, 0x5f, 0xf7, 0x9f, 0xf7, 0x1d, 0xf7, 0x63, 
	0xf7, 0x61, 0xf7, 0x1f, 0xf7, 0x1d, 0xf7, 0x1d, 
	0xee, 0xdb, 0xee, 0x9b, 0xf7, 0x1f, 0xf7, 0x1f, 
	0xe6, 0x9d, 0xf7, 0x1f, 0xf7, 0x1f, 0xf7, 0x5f, 
	0xf7, 0x1d, 0xf7, 0x1f, 0xf7, 0x1f, 0xf7, 0x5f, 
	0xf7, 0x1f, 0xf7, 0x1d, 0xf7, 0x1d, 0xf7, 0x1d, 
	0xf7, 0x1d, 0xf7, 0x5f, 0xf7, 0x5f, 0xf7, 0x5f, 
	0xf7, 0x5f, 0xee, 0xdb, 0xf7, 0x1d, 0xf7, 0x5f, 
	0xee, 0xdd, 0xf7, 0x5f, 0xf7, 0x1d, 0xf7, 0x1d, 
	0xf7, 0x1f, 0xee, 0x9b, 0xee, 0x9b, 0xee, 0xdd, 
	0xee, 0xdb, 0xee, 0xdd, 0xf7, 0x1f, 0xf7, 0x1f, 
	0xef, 0x1d, 0xee, 0xdd, 0xf7, 0x1d, 0xf6, 0xdd, 
	0xf7, 0x1d, 0xf7, 0x1f, 0xf7, 0x63, 0xf7, 0x1f, 
	0xf7, 0x1d, 0xf7, 0x1d, 0xf7, 0x1f, 0xee, 0x9b, 
	0xee, 0xdd, 0xe6, 0x9b, 0xe6, 0x9b, 0xe6, 0x9b, 
	0xf7, 0x1f, 0xf7, 0x5f, 0xf7, 0xa1, 0xf7, 0x1f, 
	0xf7, 0x21, 0xee, 0x9d, 0xf7, 0x1d, 0xee, 0xdd, 
	0xf7, 0x1d, 0xee, 0x9b, 0xf6, 0xdd, 0xf7, 0x1f, 
	0xee, 0xdd, 0xee, 0xdb, 0xee, 0xdd, 0xf7, 0x1f, 
	0xf7, 0x61, 0xf6, 0xdd, 0xe6, 0x9b, 0xf7, 0x1d, 
	0xf7, 0x1d, 0xf7, 0x61, 0xef, 0x21, 0xf6, 0xdd, 
	0xf7, 0x1d, 0xee, 0xdb, 0xee, 0xdb, 0xee, 0xdb, 
	0xee, 0xdb, 0xee, 0xdd, 0xf7, 0x1f, 0xee, 0xdd, 
	0xf7, 0x5f, 0xee, 0x9b, 0xf7, 0x5f, 0xee, 0xdd, 
	0xef, 0x1d, 0xf7, 0x5f, 0xf7, 0x1f, 0xf7, 0x61, 
	0xf7, 0x1d, 0xf6, 0xdd, 0xf7, 0x1d, 0xf7, 0x1f, 
	0xf7, 0x1d, 0xee, 0xdb, 0xee, 0xdd, 0xf7, 0x1f, 
	0xf7, 0x5f, 0xf6, 0xdd, 0xee, 0x9b, 0xee, 0xdb, 
	0xee, 0xdd, 0xf7, 0x5f, 0xe6, 0x9d, 0xe6, 0x9b, 
	0xee, 0xdd, 0xf7, 0x1d, 0xee, 0xdb, 0xf7, 0x1d, 
	0xf6, 0xdd, 0xf6, 0xdd, 0xee, 0xdb, 0xee, 0x9b, 
	0xf7, 0x61, 0xf7, 0x5f, 0xee, 0x9d, 0xf7, 0x1d, 
	0xf7, 0x5f, 0xf7, 0x5f, 0xf7, 0x5f, 0xf7, 0x1d, 
	0xee, 0xdd, 0xf6, 0xdd, 0xf7, 0x61, 0xf7, 0x5f, 
	0xf7, 0x1d, 0xf7, 0x1d, 0xf7, 0x1f, 0xf7, 0x1f, 
	0xee, 0xdd, 0xf7, 0x1d, 0xf7, 0x1f, 0xf7, 0x1f, 
	0xf6, 0xdd, 0xf7, 0x1f, 0xee, 0xdd, 0xef, 0x1f, 
	0xee, 0xdd, 0xf7, 0x5f, 0xf7, 0x5f, 0xf7, 0x1f, 
	0xf6, 0xdd, 0xee, 0x9b, 0xe6, 0x9b, 0xee, 0xdd, 
	0xe6, 0x9b, 0xee, 0xdd, 0xf7, 0x1d, 0xf7, 0x1d, 
	0xf7, 0x1f, 0xf7, 0x1f, 0xef, 0x1d, 0xf7, 0x1f, 
	0xf6, 0xdd, 0xee, 0xdd, 0xf7, 0x63, 0xf7, 0x1f, 
	0xee, 0xdd, 0xf7, 0x1f, 0xf7, 0x1f, 0xf7, 0x61, 
	0xf6, 0xdd, 0xf7, 0x1d, 0xf7, 0x1f, 0xf7, 0x61, 
	0xf7, 0x5f, 0xf7, 0x5f, 0xf7, 0x1d, 0xf7, 0x1d, 
	0xf7, 0x5f, 0xf7, 0x5f, 0xf7, 0x61, 0xf7, 0x1f, 
	0xf7, 0x1d, 0xee, 0x9b, 0xf6, 0xdd, 0xf7, 0x5f, 
	0xf7, 0x5f, 0xf7, 0x1d, 0xf7, 0x5f, 0xee, 0xdd, 
	0xf7, 0x1d, 0xef, 0x1d, 0xe6, 0xdb, 0xee, 0x9b, 
	0xf7, 0x1d, 0xf6, 0xdd, 0xf7, 0x5f, 0xf7, 0x1f, 
	0xe6, 0xdb, 0xf7, 0x5f, 0xf7, 0x5f, 0xf7, 0x5f, 
	0xf7, 0x1d, 0xf7, 0x1d, 0xf7, 0x5f, 0xf7, 0x61, 
	0xf7, 0x1f, 0xf7, 0x1f, 0xf7, 0x1f, 0xf7, 0x1d, 
	0xee, 0xdb, 0xf7, 0x1f, 0xee, 0xdd, 0xf6, 0xdd, 
	0xee, 0xdb, 0xee, 0xdd, 0xf6, 0xdd, 0xf7, 0x5f, 
	0xf7, 0x61, 0xf7, 0xa1, 0xf7, 0x5f, 0xee, 0xdd, 
	0xe6, 0x9b, 0xee, 0xdb, 0xee, 0xdd, 0xee, 0xdb, 
	0xf7, 0x1d, 0xf7, 0x1d, 0xee, 0xdd, 0xf7, 0x5f, 
	0xf7, 0x5f, 0xf7, 0xa3, 0xf7, 0x1f, 0xf7, 0x1f, 
	0xf7, 0x5f, 0xf7, 0x1d, 0xf7, 0x1f, 0xf7, 0x1f, 
	0xf7, 0x1d, 0xf7, 0x5f, 0xf7, 0x1f, 0xf7, 0x1d, 
	0xf6, 0xdd, 0xf7, 0x63, 0xee, 0xdd, 0xf6, 0xdd, 
	0xee, 0xdd, 0xf7, 0x5f, 0xf7, 0x5f, 0xf7, 0x1d, 
	0xf7, 0x1d, 0xf7, 0x1f, 0xf7, 0x61, 0xf7, 0xa1, 
	0xf7, 0x1f, 0xe6, 0x9b, 0xe6, 0x9b, 0xee, 0xdd, 
	0xf7, 0x1d, 0xf7, 0x1d, 0xf7, 0x1d, 0xee, 0xdd, 
	0xf7, 0x61, 0xf7, 0xa3, 0xf7, 0x5f, 0xf7, 0x61, 
	0xf7, 0x61, 0xf7, 0x1f, 0xf7, 0x1f, 0xf7, 0x1f, 
	0xf7, 0x1f, 0xef, 0x1d, 0xf7, 0x61, 0xf7, 0x1d, 
	0xf7, 0x61, 0xf7, 0x5f, 0xf7, 0x1d, 0xee, 0xdb, 
	0xf7, 0x1d, 0xee, 0xdb, 0xf7, 0x1d, 0xf6, 0xdd, 
	0xf7, 0x1d, 0xee, 0xdd, 0xf7, 0x1f, 0xf7, 0x63, 
	0xf7, 0x61, 0xee, 0xdd, 0xef, 0x1d, 0xee, 0x9b, 
	0xf7, 0x1f, 0xf6, 0xdd, 0xf7, 0x1f, 0xef, 0x1d, 
	0xee, 0xdd, 0xf7, 0x1f, 0xf7, 0x5f, 0xef, 0x1f, 
	0xef, 0x1f, 0xf7, 0x1f, 0xee, 0xdd, 0xee, 0xdd, 
	0xf7, 0x1d, 0xf7, 0x5f, 0xf7, 0x5f, 0xf7, 0x1d, 
	0xe6, 0x9b, 0xf7, 0x21, 0xf7, 0x1f, 0xf7, 0x5f, 
	0xf7, 0x9f, 0xf7, 0x5f, 0xf7, 0x1d, 0xf7, 0x1d, 
	0xf7, 0x5f, 0xee, 0xdd, 0xee, 0xdd, 0xf7, 0x61, 
	0xf7, 0x5f, 0xf7, 0x5f, 0xf7, 0x5f, 0xf7, 0x5f, 
	0xee, 0xdd, 0xf7, 0x1d, 0xf6, 0xdd, 0xee, 0xdb, 
	0xee, 0xdd, 0xee, 0xdd, 0xf7, 0x5f, 0xef, 0x1d, 
	0xf6, 0xdd, 0xf7, 0x1d, 0xee, 0xdb, 0xef, 0x1d, 
	0xf7, 0x5f, 0xf7, 0x5f, 0xee, 0xdd, 0xe6, 0x9b, 
	0xe6, 0x59, 0xe6, 0x9b, 0xee, 0xdb, 0xf7, 0x1d, 
	0xf7, 0x5f, 0xf7, 0x61, 0xf7, 0x5f, 0xf7, 0x1d, 
	0xe6, 0x9b, 0xee, 0xdd, 0xe6, 0x9b, 0xef, 0x1f, 
	0xf7, 0x5f, 0xf7, 0x1f, 0xf7, 0x5f, 0xf7, 0xa1, 
	0xf7, 0x1f, 0xf7, 0x1f, 0xf6, 0xdd, 0xee, 0xdf, 
	0xee, 0xdd, 0xf7, 0x1d, 0xf7, 0x1d, 0xf7, 0x5f, 
	0xf7, 0x1f, 0xf6, 0xdd, 0xee, 0xdd, 0xee, 0xdb, 
	0xf7, 0x61, 0xf7, 0x61, 0xe6, 0x9b, 0xe6, 0xdb, 
	0xe6, 0x59, 0xe6, 0x9b, 0xe6, 0x9b, 0xee, 0x9b, 
	0xf7, 0x5f, 0xf7, 0x61, 0xee, 0xdd, 0xf7, 0x1d, 
	0xee, 0x9b, 0xee, 0x9b, 0xee, 0xdd, 0xf7, 0x1f, 
	0xf7, 0x1d, 0xf6, 0xdd, 0xf7, 0xa1, 0xf7, 0x61, 
	0xf7, 0x1d, 0xf7, 0x5f, 0xf7, 0x1d, 0xf7, 0x1f, 
	0xf7, 0x1d, 0xf7, 0x1d, 0xe6, 0x9b, 0xef, 0x1d, 
	0xf7, 0x5f, 0xf7, 0x1d, 0xf7, 0x1d, 0xf7, 0x1d, 
	0xf7, 0x1f, 0xf7, 0xa1, 0xef, 0x5f, 0xef, 0x1d, 
	0xee, 0xdd, 0xee, 0xdb, 0xee, 0xdd, 0xee, 0x9d, 
	0xef, 0x1f, 0xf7, 0x1d, 0xf7, 0x1d, 0xf7, 0x1d, 
	0xf7, 0x1f, 0xee, 0xdd, 0xf7, 0x5f, 0xf7, 0x61, 
	0xf6, 0xdd, 0xee, 0xdb, 0xf7, 0x1d, 0xf7, 0x65, 
	0xf7, 0x1d, 0xf7, 0x5f, 0xf7, 0x5f, 0xf7, 0x1f, 
	0xf7, 0x1d, 0xf6, 0xdd, 0xee, 0xdd, 0xee, 0xdd, 
	0xf7, 0x1f, 0xf7, 0x1d, 0xf7, 0x61, 0xf7, 0x61, 
	0xef, 0x1d, 0xf7, 0x5f, 0xf7, 0x5f, 0xf7, 0x1d, 
	0xef, 0x1d, 0xef, 0x1d, 0xf7, 0x1d, 0xf7, 0x1f, 
	0xf7, 0x1f, 0xf7, 0x1f, 0xf7, 0x1f, 0xf7, 0x1f, 
	0xf7, 0x1f, 0xee, 0xdd, 0xee, 0xdd, 0xee, 0xdb, 
	0xee, 0xdb, 0xee, 0x9b, 0xf7, 0x5f, 0xf7, 0x1f, 
	0xee, 0x9b, 0xf7, 0x61, 0xf7, 0x61, 0xf7, 0x1f, 
	0xee, 0xdd, 0xf7, 0x1d, 0xef, 0x1d, 0xf7, 0x1f, 
	0xf7, 0x1d, 0xf7, 0x5f, 0xf7, 0x61, 0xf7, 0x5f, 
	0xf7, 0x5f, 0xf7, 0x1f, 0xf7, 0x1f, 0xee, 0xdd, 
	0xef, 0x1d, 0xef, 0x1d, 0xee, 0xdd, 0xf7, 0x1f, 
	0xf7, 0x1f, 0xf7, 0x5f, 0xf7, 0x1f, 0xf7, 0x1d, 
	0xf7, 0x1d, 0xf7, 0x5f, 0xf7, 0x1f, 0xf7, 0x1d, 
	0xe6, 0x9b, 0xf7, 0x1d, 0xf7, 0x63, 0xf7, 0x1f, 
	0xf7, 0x61, 0xf7, 0x61, 0xf7, 0x5f, 0xf7, 0x1f, 
	0xf7, 0x1d, 0xf7, 0x1f, 0xf7, 0x1f, 0xee, 0xdd, 
	0xf7, 0x1f, 0xf7, 0x61, 0xf7, 0x1f, 0xf7, 0x1f, 
	0xf7, 0x5f, 0xf7, 0x1f, 0xf7, 0x1f, 0xf7, 0x1f, 
	0xf7, 0x1d, 0xee, 0xdd, 0xee, 0xdd, 0xf7, 0x1d, 
	0xf7, 0x1f, 0xf7, 0x5f, 0xf7, 0x1f, 0xe6, 0xdd, 
	0xf6, 0xdd, 0xf7, 0x1d, 0xf7, 0x1f, 0xf7, 0x1d, 
	0xf7, 0x63, 0xf7, 0x1f, 0xf7, 0x5f, 0xee, 0xdd, 
	0xf7, 0x5f, 0xf7, 0x61, 0xf7, 0x61, 0xf7, 0x1f, 
	0xf7, 0x1f, 0xf7, 0x1f, 0xf7, 0x1f, 0xf7, 0x1f, 
	0xf7, 0x21, 0xf7, 0x1d, 0xf7, 0x1f, 0xee, 0xdd, 
	0xf7, 0x5f, 0xf7, 0x1f, 0xf7, 0x5f, 0xf7, 0x61, 
	0xf7, 0x1d, 0xee, 0xdd, 0xef, 0x1d, 0xf7, 0x1d, 
	0xf7, 0x1f, 0xf7, 0x5f, 0xf7, 0x1f, 0xee, 0xdb, 
	0xee, 0xdd, 0xf7, 0x1d, 0xf7, 0x61, 0xee, 0xdd, 
	0xee, 0xdd, 0xf7, 0x1d, 0xee, 0x9b, 0xe6, 0x9b, 
	0xf7, 0x1f, 0xef, 0x1d, 0xf7, 0x1f, 0xf7, 0x1f, 
	0xf7, 0x21, 0xf7, 0x61, 0xf7, 0x61, 0xf7, 0x1f, 
	0xf7, 0x1f, 0xe6, 0x9b, 0xee, 0x9b, 0xee, 0xdb, 
	0xf7, 0x5f, 0xf7, 0x1d, 0xf7, 0x1f, 0xf7, 0x5f, 
	0xee, 0xdd, 0xf7, 0x1f, 0xf7, 0x1d, 0xee, 0xdd, 
	0xf7, 0x1f, 0xf7, 0x5f, 0xe6, 0x9b, 0xee, 0xdd, 
	0xf7, 0x1f, 0xf7, 0x5f, 0xf7, 0x61, 0xf7, 0x1f, 
	0xf7, 0x1d, 0xf7, 0x1f, 0xee, 0xdd, 0xf7, 0x1f, 
	0xf7, 0x1d, 0xee, 0xdd, 0xee, 0xdd, 0xef, 0x1f, 
	0xf7, 0x61, 0xf7, 0x61, 0xf7, 0x61, 0xf7, 0x1f, 
	0xee, 0xdd, 0xe6, 0x99, 0xee, 0xdb, 0xf6, 0xdd, 
	0xee, 0xdd, 0xee, 0xdd, 0xf7, 0x1f, 0xf7, 0x1f, 
	0xf7, 0x1f, 0xf7, 0x1f, 0xf7, 0x1f, 0xf7, 0x1d, 
	0xf7, 0x1f, 0xf7, 0x1f, 0xee, 0x9b, 0xf6, 0xdd, 
	0xf7, 0x1f, 0xf7, 0x1f, 0xf7, 0x1f, 0xf7, 0x1f, 
	0xf7, 0x5f, 0xf7, 0x1f, 0xf7, 0x5f, 0xf7, 0x1f, 
	0xee, 0xdd, 0xee, 0xdd, 0xee, 0xdd, 0xee, 0xdf, 
	0xf7, 0x1f, 0xf7, 0x1f, 0xf7, 0x1f, 0xf7, 0x61, 
	0xee, 0xdd, 0xe6, 0xdd, 0xf7, 0x1d, 0xf7, 0x5f, 
	0xf7, 0x1d, 0xf7, 0x1d, 0xf7, 0x61, 0xf7, 0x1d, 
	0xf7, 0x1f, 0xf7, 0x1f, 0xf7, 0x21, 0xf7, 0x1f, 
	0xf7, 0x1f, 0xf7, 0x1d, 0xee, 0xdd, 0xf7, 0x1f, 
	0xe6, 0x9d, 0xef, 0x23, 0xf7, 0x1f, 0xee, 0xdd, 
	0xf7, 0x5f, 0xf7, 0x5f, 0xf7, 0x5f, 0xf7, 0x1d, 
	0xee, 0xdd, 0xee, 0xdd, 0xee, 0xdd, 0xf7, 0x1f, 
	0xf7, 0x1f, 0xee, 0xdd, 0xee, 0xdd, 0xf7, 0x1f, 
	0xee, 0xdd, 0xf7, 0x1d, 0xf6, 0xdd, 0xf7, 0x1f, 
	0xf7, 0x5f, 0xf7, 0x1f, 0xf7, 0x1f, 0xf7, 0x1d, 
	0xf7, 0x1d, 0xf7, 0x1d, 0xf7, 0x61, 0xf7, 0x61, 
	0xee, 0xdd, 0xee, 0xdd, 0xf6, 0xdd, 0xf7, 0x1d, 
	0xee, 0xdd, 0xf7, 0x23, 0xf7, 0x1f, 0xee, 0xdd, 
	0xf7, 0x1d, 0xf7, 0x1f, 0xf7, 0x1f, 0xee, 0xdd, 
	0xf7, 0x1d, 0xf7, 0x1d, 0xf7, 0x1f, 0xf7, 0x1f, 
	0xef, 0x1d, 0xee, 0xdd, 0xef, 0x1d, 0xf7, 0x1f, 
	0xf7, 0x1f, 0xf7, 0x61, 0xf7, 0x1d, 0xf7, 0x1f, 
	0xee, 0xdd, 0xf7, 0x1d, 0xf7, 0x1f, 0xf7, 0x5f, 
	0xf7, 0x1f, 0xf7, 0x1f, 0xf7, 0x5f, 0xf7, 0xa3, 
	0xf7, 0x61, 0xf7, 0x63, 0xee, 0xdd, 0xf7, 0x5f, 
	0xf7, 0x63, 0xf7, 0x1f, 0xf7, 0x1f, 0xf7, 0x1f, 
	0xee, 0xdd, 0xf7, 0x1d, 0xee, 0xdd, 0xee, 0xdd, 
	0xee, 0xdd, 0xf7, 0x1f, 0xf7, 0x1f, 0xf7, 0x1f, 
	0xf6, 0xdd, 0xef, 0x1d, 0xf7, 0x1d, 0xee, 0xdd, 
	0xf7, 0x1f, 0xf7, 0x61, 0xf6, 0xdd, 0xf7, 0x1f, 
	0xef, 0x21, 0xee, 0xdd, 0xf7, 0x5f, 0xef, 0x1d, 
	0xe6, 0xdd, 0xf7, 0x1d, 0xf7, 0x1d, 0xf6, 0xdd, 
	0xf7, 0x1d, 0xee, 0xdd, 0xf7, 0x61, 0xf7, 0xa3, 
	0xf7, 0x1f, 0xf7, 0x1f, 0xf7, 0x1f, 0xee, 0xdd, 
	0xee, 0xdb, 0xee, 0xdd, 0xee, 0xdb, 0xee, 0x9b, 
	0xee, 0xdd, 0xf6, 0xdd, 0xf7, 0x1f, 0xf7, 0x1d, 
	0xf7, 0x1d, 0xf7, 0x1d, 0xf7, 0x1d, 0xef, 0x1d, 
	0xf7, 0x5f, 0xf7, 0x1d, 0xf6, 0xdd, 0xf7, 0x1f, 
	0xe6, 0x9d, 0xee, 0xdd, 0xf7, 0x1f, 0xee, 0xdd, 
	0xe6, 0x9b, 0xee, 0xdb, 0xf7, 0x1d, 0xee, 0xdd, 
	0xf7, 0x1d, 0xe6, 0x9b, 0xf7, 0x5f, 0xee, 0xdd, 
	0xee, 0xdd, 0xef, 0x1d, 0xef, 0x1d, 0xee, 0xdb, 
	0xee, 0x9b, 0xee, 0xdd, 0xee, 0xdb, 0xee, 0xdd, 
	0xee, 0xdd, 0xf6, 0xdd, 0xf7, 0x1d, 0xf6, 0xdd, 
	0xee, 0xdd, 0xf7, 0x1d, 0xf7, 0x1f, 0xf7, 0x1f, 
	0xf7, 0x1f, 0xf7, 0x1d, 0xf7, 0x1f, 0xf7, 0x1d, 
	0xee, 0xdd, 0xf7, 0x1f, 0xf7, 0x1f, 0xef, 0x1f, 
	0xe6, 0x9b, 0xee, 0xdd, 0xf7, 0x1f, 0xee, 0xdd, 
	0xf7, 0x1d, 0xf7, 0x1d, 0xf7, 0x1f, 0xf7, 0x1f, 
	0xee, 0xdd, 0xee, 0x9b, 0xee, 0x9b, 0xee, 0x9b, 
	0xee, 0xdb, 0xf6, 0xdd, 0xf6, 0xdd, 0xee, 0xdd, 
	0xee, 0xdd, 0xee, 0xdd, 0xee, 0xdd, 0xee, 0xdd, 
	0xee, 0xdd, 0xf7, 0x1d, 0xf7, 0x1f, 0xf7, 0x1f, 
	0xf7, 0x1f, 0xf7, 0x1f, 0xf7, 0x1d, 0xee, 0xdd, 
	0xee, 0xdd, 0xf7, 0x1d, 0xf7, 0x1d, 0xf7, 0x1d, 
	0xee, 0xdd, 0xee, 0xdd, 0xee, 0xdb, 0xf7, 0x1d, 
	0xf6, 0xdd, 0xf7, 0x1d, 0xef, 0x1d, 0xee, 0xdd, 
	0xe6, 0x9b, 0xe6, 0x9b, 0xe6, 0xdd, 0xee, 0xdb, 
	0xf6, 0xdd, 0xf7, 0x1d, 0xee, 0xdd, 0xee, 0xdd, 
	0xe6, 0x9b, 0xe6, 0x9b, 0xe6, 0x9b, 0xee, 0xdd, 
	0xf7, 0x1f, 0xee, 0xdd, 0xf7, 0x1f, 0xf7, 0x1f, 
	0xf7, 0x1f, 0xf6, 0xdd, 0xf6, 0xdd, 0xee, 0xdd, 
	0xee, 0xdd, 0xee, 0xdd, 0xee, 0xdd, 0xee, 0xdd, 
	0xee, 0xdd, 0xee, 0xdd, 0xee, 0xdb, 0xee, 0xdd, 
	0xf6, 0xdd, 0xf6, 0xdd, 0xf6, 0xdd, 0xe6, 0x9b, 
	0xe6, 0x9b, 0xe6, 0x9d, 0xef, 0x1f, 0xef, 0x1d, 
	0xee, 0xdd, 0xee, 0xdd, 0xee, 0x9b, 0xee, 0xdb, 
	0xee, 0xdd, 0xef, 0x1d, 0xee, 0xdd, 0xf7, 0x1d, 
	0xef, 0x1d, 0xee, 0xdd, 0xee, 0xdd, 0xf7, 0x1f, 
	0xf7, 0x1d, 0xf6, 0xdd, 0xf6, 0xdd, 0xf6, 0xdd, 
	0xee, 0xdd, 0xee, 0xdd, 0xee, 0xdd, 0xee, 0xdd, 
	0xee, 0xdd, 0xef, 0x1f, 0xee, 0xdd, 0xee, 0xdd, 
	0xf7, 0x1f, 0xee, 0xdd, 0xf7, 0x1d, 0xee, 0xdd, 
	0xee, 0xdd, 0xf7, 0x1f, 0xf6, 0xdf, 0xee, 0xdd, 
	0xee, 0xdd, 0xee, 0x9b, 0xee, 0xdd, 0xf7, 0x5f, 
	0xf7, 0x5f, 0xf7, 0x1d, 0xe6, 0xdb, 0xee, 0xdd, 
	0xee, 0xdd, 0xee, 0xdd, 0xe6, 0xdd, 0xee, 0xdd, 
	0xee, 0xdd, 0xf6, 0xdd, 0xf7, 0x1d, 0xf6, 0xdd, 
	0xf6, 0xdd, 0xf6, 0xdd, 0xee, 0xdd, 0xee, 0xdd, 
	0xee, 0x9d, 0xf7, 0x1f, 0xf7, 0x1f, 0xee, 0xdb, 
	0xf7, 0x1f, 0xf7, 0x61, 0xee, 0xdd, 0xee, 0xdd, 
	0xee, 0xdd, 0xf7, 0x1d, 0xee, 0xdd, 0xee, 0xdf, 
	0xef, 0x21, 0xee, 0xdd, 0xee, 0xdd, 0xf7, 0x5f, 
	0xf7, 0x61, 0xf7, 0x61, 0xee, 0xdd, 0xee, 0xdb, 
	0xf7, 0x1d, 0xee, 0xdd, 0xef, 0x1d, 0xee, 0xdd, 
	0xee, 0xdd, 0xf6, 0xdd, 0xf7, 0x1d, 0xf6, 0xdd, 
	0xf6, 0xdd, 0xf6, 0xdd, 0xf7, 0x1d, 0xee, 0xdd, 
	0xee, 0xdd, 0xee, 0xdd, 0xf7, 0x1d, 0xf7, 0x1d, 
	0xef, 0x1d, 0xf7, 0x1f, 0xf7, 0x1f, 0xee, 0xdd, 
	
};

Gfx castle_courtyard_dl_volcano_BG_ow1_rgba16_aligner[] = {gsSPEndDisplayList()};
u8 castle_courtyard_dl_volcano_BG_ow1_rgba16[] = {
	#include "levels/castle_courtyard/volcano_BG_ow1.rgba16.inc.c"
};

Gfx castle_courtyard_dl_ice_BG_ow1_rgba16_aligner[] = {gsSPEndDisplayList()};
u8 castle_courtyard_dl_ice_BG_ow1_rgba16[] = {
	#include "levels/castle_courtyard/ice_BG_ow1.rgba16.inc.c"
};

Gfx castle_courtyard_dl_desert_BG_ow1_rgba16_aligner[] = {gsSPEndDisplayList()};
u8 castle_courtyard_dl_desert_BG_ow1_rgba16[] = {
	#include "levels/castle_courtyard/desert_BG_ow1.rgba16.inc.c"
};

Gfx castle_courtyard_dl_abandoned_castle_BG_ow1_rgba16_aligner[] = {gsSPEndDisplayList()};
u8 castle_courtyard_dl_abandoned_castle_BG_ow1_rgba16[] = {
	#include "levels/castle_courtyard/abandoned_castle_BG_ow1.rgba16.inc.c"
};

Vtx castle_courtyard_dl_b_clouds_mesh_layer_0_vtx_0[143] = {
	{{{-10847, -8126, 1378},0, {-5363, -3899},{0x89, 0xB8, 0xF2, 0x0}}},
	{{{-8146, -10788, 1303},0, {-3899, -5363},{0xA0, 0xE2, 0xFF, 0x0}}},
	{{{-10840, -10810, 1299},0, {-5363, -5363},{0xA0, 0xE2, 0xFF, 0x0}}},
	{{{-8074, -8046, 1904},0, {-3899, -3899},{0xDA, 0xDC, 0xF9, 0x4E}}},
	{{{-10552, -5422, 778},0, {-5363, -2434},{0xA0, 0xE2, 0xFF, 0x0}}},
	{{{-8206, -5430, 2357},0, {-3899, -2434},{0xE6, 0xE8, 0xEB, 0x4E}}},
	{{{-10777, -2706, 1253},0, {-5363, -969},{0x9F, 0xE1, 0xFF, 0x0}}},
	{{{-7867, -2707, 1708},0, {-3899, -969},{0xD8, 0xDF, 0xE3, 0x4E}}},
	{{{-10768, 10, 1233},0, {-5363, 496},{0x8A, 0xB7, 0xF2, 0x0}}},
	{{{-8222, 9, 2368},0, {-3899, 496},{0xEB, 0xF1, 0xF9, 0x4E}}},
	{{{-10847, 2726, 1398},0, {-5363, 1961},{0xA9, 0xC9, 0xF5, 0x0}}},
	{{{-8285, 2725, 2484},0, {-3899, 1961},{0xE2, 0xEC, 0xF9, 0x4E}}},
	{{{-10634, 5443, 943},0, {-5363, 3426},{0xA0, 0xE2, 0xFF, 0x0}}},
	{{{-8164, 5441, 2254},0, {-3899, 3426},{0xA8, 0xC8, 0xF2, 0x4E}}},
	{{{-10697, 8095, 938},0, {-5363, 4891},{0xA0, 0xE2, 0xFF, 0x0}}},
	{{{-8124, 8115, 2088},0, {-3899, 4891},{0xC7, 0xDA, 0xF5, 0x4E}}},
	{{{-10938, 10929, 1702},0, {-5363, 6355},{0xA6, 0xE4, 0xFF, 0x0}}},
	{{{-8124, 8115, 2088},0, {-3899, 4891},{0xC7, 0xDA, 0xF5, 0x4E}}},
	{{{-10697, 8095, 938},0, {-5363, 4891},{0xA0, 0xE2, 0xFF, 0x0}}},
	{{{-8140, 10791, 1239},0, {-3899, 6355},{0xA0, 0xE2, 0xFF, 0x0}}},
	{{{-5455, 8186, 2325},0, {-2434, 4891},{0xC8, 0xDB, 0xEB, 0x4E}}},
	{{{-5453, 10687, 1081},0, {-2434, 6355},{0xA0, 0xE2, 0xFF, 0x0}}},
	{{{-2734, 8055, 2077},0, {-969, 4891},{0xC9, 0xDB, 0xF0, 0x4E}}},
	{{{-2736, 10894, 1526},0, {-969, 6355},{0x98, 0xD4, 0xFA, 0x0}}},
	{{{-19, 7834, 1670},0, {496, 4891},{0xC4, 0xD8, 0xF2, 0x4E}}},
	{{{-20, 10843, 1423},0, {496, 6355},{0x8B, 0xBB, 0xF3, 0x0}}},
	{{{2698, 8108, 2185},0, {1961, 4891},{0xC6, 0xD9, 0xF2, 0x4E}}},
	{{{2696, 10783, 1300},0, {1961, 6355},{0x90, 0xC4, 0xF6, 0x0}}},
	{{{5417, 8171, 2312},0, {3426, 4891},{0xC5, 0xD9, 0xF2, 0x4E}}},
	{{{5412, 10699, 1125},0, {3426, 6355},{0x89, 0xB7, 0xF2, 0x0}}},
	{{{8122, 8149, 2250},0, {4891, 4891},{0xD4, 0xE3, 0xF5, 0x4E}}},
	{{{8127, 10869, 1486},0, {4891, 6355},{0x9A, 0xD7, 0xFC, 0x0}}},
	{{{8127, 10869, 1486},0, {4891, 6355},{0x9A, 0xD7, 0xFC, 0x0}}},
	{{{10796, 8142, 1373},0, {6355, 4891},{0x89, 0xB7, 0xF2, 0x0}}},
	{{{8122, 8149, 2250},0, {4891, 4891},{0xD4, 0xE3, 0xF5, 0x4E}}},
	{{{10875, 10904, 1633},0, {6355, 6355},{0x89, 0xB7, 0xF2, 0x0}}},
	{{{10654, 5443, 1110},0, {6355, 3426},{0x8C, 0xBE, 0xF4, 0x0}}},
	{{{8212, 5455, 2465},0, {4891, 3426},{0xC4, 0xD8, 0xF2, 0x4E}}},
	{{{10844, 2726, 1512},0, {6355, 1961},{0xA0, 0xE2, 0xFF, 0x0}}},
	{{{8071, 2725, 2180},0, {4891, 1961},{0xC4, 0xD8, 0xF2, 0x4E}}},
	{{{10603, 10, 1006},0, {6355, 496},{0xA0, 0xE2, 0xFF, 0x0}}},
	{{{8100, 9, 2236},0, {4891, 496},{0xC4, 0xCD, 0xD4, 0x4E}}},
	{{{10819, -2706, 1465},0, {6355, -969},{0xA0, 0xE2, 0xFF, 0x0}}},
	{{{8296, -2708, 2603},0, {4891, -969},{0xB8, 0xB8, 0xB8, 0x4E}}},
	{{{10769, -5423, 1360},0, {6355, -2434},{0x95, 0xCE, 0xF9, 0x0}}},
	{{{8102, -5419, 2236},0, {4891, -2434},{0xF0, 0xF2, 0xF2, 0x4E}}},
	{{{10818, -8130, 1448},0, {6355, -3899},{0x89, 0xB7, 0xF2, 0x0}}},
	{{{8014, -8024, 1844},0, {4891, -3899},{0xC4, 0xD8, 0xF2, 0x4E}}},
	{{{8014, -8024, 1844},0, {4891, -3899},{0xC4, 0xD8, 0xF2, 0x4E}}},
	{{{10818, -8130, 1448},0, {6355, -3899},{0x89, 0xB7, 0xF2, 0x0}}},
	{{{10803, -10813, 1349},0, {6355, -5363},{0x89, 0xB7, 0xF2, 0x0}}},
	{{{8114, -10810, 1394},0, {4891, -5363},{0xB1, 0xDE, 0xFA, 0x0}}},
	{{{5417, -8153, 2324},0, {3426, -3899},{0xC3, 0xD7, 0xF2, 0x4E}}},
	{{{5413, -10882, 1574},0, {3426, -5363},{0xBC, 0xDA, 0xF5, 0x0}}},
	{{{2698, -8165, 2337},0, {1961, -3899},{0xC4, 0xD8, 0xF2, 0x4E}}},
	{{{2696, -10674, 1130},0, {1961, -5363},{0xC0, 0xD6, 0xF2, 0x0}}},
	{{{-18, -8202, 2401},0, {496, -3899},{0xC4, 0xD8, 0xF2, 0x4E}}},
	{{{-20, -10832, 1459},0, {496, -5363},{0xC2, 0xD9, 0xF3, 0x0}}},
	{{{-2733, -8316, 2609},0, {-969, -3899},{0xC4, 0xD8, 0xF2, 0x4E}}},
	{{{-2736, -10899, 1596},0, {-969, -5363},{0xA8, 0xC8, 0xF2, 0x0}}},
	{{{-5432, -8029, 2036},0, {-2434, -3899},{0xAB, 0xBA, 0xF2, 0x4E}}},
	{{{-5452, -10968, 1737},0, {-2434, -5363},{0x96, 0xCF, 0xF9, 0x0}}},
	{{{-8074, -8046, 1904},0, {-3899, -3899},{0xDA, 0xDC, 0xF9, 0x4E}}},
	{{{-8146, -10788, 1303},0, {-3899, -5363},{0xA0, 0xE2, 0xFF, 0x0}}},
	{{{-8206, -5430, 2357},0, {-3899, -2434},{0xE6, 0xE8, 0xEB, 0x4E}}},
	{{{-5432, -8029, 2036},0, {-2434, -3899},{0xAB, 0xBA, 0xF2, 0x4E}}},
	{{{-8074, -8046, 1904},0, {-3899, -3899},{0xDA, 0xDC, 0xF9, 0x4E}}},
	{{{-5407, -5383, 3089},0, {-2434, -2434},{0x98, 0xA3, 0xCE, 0xDA}}},
	{{{-7867, -2707, 1708},0, {-3899, -969},{0xD8, 0xDF, 0xE3, 0x4E}}},
	{{{-5489, -2709, 3411},0, {-2434, -969},{0xDD, 0xE6, 0xF2, 0xDA}}},
	{{{-8222, 9, 2368},0, {-3899, 496},{0xEB, 0xF1, 0xF9, 0x4E}}},
	{{{-5310, 8, 2811},0, {-2434, 496},{0x95, 0x9E, 0xF2, 0xDA}}},
	{{{-8285, 2725, 2484},0, {-3899, 1961},{0xE2, 0xEC, 0xF9, 0x4E}}},
	{{{-5451, 2724, 3277},0, {-2434, 1961},{0x98, 0xA2, 0xCE, 0xDA}}},
	{{{-8164, 5441, 2254},0, {-3899, 3426},{0xA8, 0xC8, 0xF2, 0x4E}}},
	{{{-5334, 5326, 2751},0, {-2434, 3426},{0xA8, 0xB2, 0xB7, 0xDA}}},
	{{{-8124, 8115, 2088},0, {-3899, 4891},{0xC7, 0xDA, 0xF5, 0x4E}}},
	{{{-5455, 8186, 2325},0, {-2434, 4891},{0xC8, 0xDB, 0xEB, 0x4E}}},
	{{{-2732, 5399, 3131},0, {-969, 3426},{0xDA, 0xE3, 0xEE, 0xDA}}},
	{{{-2734, 8055, 2077},0, {-969, 4891},{0xC9, 0xDB, 0xF0, 0x4E}}},
	{{{-2734, 8055, 2077},0, {-969, 4891},{0xC9, 0xDB, 0xF0, 0x4E}}},
	{{{-16, 5396, 3127},0, {496, 3426},{0x9C, 0xA5, 0xF2, 0xDA}}},
	{{{-2732, 5399, 3131},0, {-969, 3426},{0xDA, 0xE3, 0xEE, 0xDA}}},
	{{{-19, 7834, 1670},0, {496, 4891},{0xC4, 0xD8, 0xF2, 0x4E}}},
	{{{2699, 5362, 3015},0, {1961, 3426},{0x9A, 0xA3, 0xE9, 0xDA}}},
	{{{2698, 8108, 2185},0, {1961, 4891},{0xC6, 0xD9, 0xF2, 0x4E}}},
	{{{5400, 5424, 3211},0, {3426, 3426},{0x9A, 0xA5, 0xA7, 0xDA}}},
	{{{5417, 8171, 2312},0, {3426, 4891},{0xC5, 0xD9, 0xF2, 0x4E}}},
	{{{8212, 5455, 2465},0, {4891, 3426},{0xC4, 0xD8, 0xF2, 0x4E}}},
	{{{8122, 8149, 2250},0, {4891, 4891},{0xD4, 0xE3, 0xF5, 0x4E}}},
	{{{8071, 2725, 2180},0, {4891, 1961},{0xC4, 0xD8, 0xF2, 0x4E}}},
	{{{5444, 2725, 3377},0, {3426, 1961},{0x9A, 0xA5, 0xA8, 0xDA}}},
	{{{8100, 9, 2236},0, {4891, 496},{0xC4, 0xCD, 0xD4, 0x4E}}},
	{{{5387, 8, 3191},0, {3426, 496},{0x9B, 0xA7, 0xC0, 0xDA}}},
	{{{8296, -2708, 2603},0, {4891, -969},{0xB8, 0xB8, 0xB8, 0x4E}}},
	{{{5287, -2706, 2859},0, {3426, -969},{0xA3, 0xAD, 0xF1, 0xDA}}},
	{{{5287, -2706, 2859},0, {3426, -969},{0xA3, 0xAD, 0xF1, 0xDA}}},
	{{{8296, -2708, 2603},0, {4891, -969},{0xB8, 0xB8, 0xB8, 0x4E}}},
	{{{8102, -5419, 2236},0, {4891, -2434},{0xF0, 0xF2, 0xF2, 0x4E}}},
	{{{5364, -5373, 3061},0, {3426, -2434},{0x9B, 0xA6, 0xB0, 0xDA}}},
	{{{8014, -8024, 1844},0, {4891, -3899},{0xC4, 0xD8, 0xF2, 0x4E}}},
	{{{5417, -8153, 2324},0, {3426, -3899},{0xC3, 0xD7, 0xF2, 0x4E}}},
	{{{2700, -5418, 3267},0, {1961, -2434},{0x9A, 0xA5, 0xA7, 0xDA}}},
	{{{2698, -8165, 2337},0, {1961, -3899},{0xC4, 0xD8, 0xF2, 0x4E}}},
	{{{-16, -5381, 3140},0, {496, -2434},{0xCF, 0xD8, 0xE1, 0xDA}}},
	{{{-18, -8202, 2401},0, {496, -3899},{0xC4, 0xD8, 0xF2, 0x4E}}},
	{{{-2732, -5446, 3351},0, {-969, -2434},{0x9A, 0xA5, 0xA7, 0xDA}}},
	{{{-2733, -8316, 2609},0, {-969, -3899},{0xC4, 0xD8, 0xF2, 0x4E}}},
	{{{-5407, -5383, 3089},0, {-2434, -2434},{0x98, 0xA3, 0xCE, 0xDA}}},
	{{{-5432, -8029, 2036},0, {-2434, -3899},{0xAB, 0xBA, 0xF2, 0x4E}}},
	{{{-5489, -2709, 3411},0, {-2434, -969},{0xDD, 0xE6, 0xF2, 0xDA}}},
	{{{-2733, -2710, 3425},0, {-969, -969},{0xCE, 0xD8, 0xE1, 0xFF}}},
	{{{-5310, 8, 2811},0, {-2434, 496},{0x95, 0x9E, 0xF2, 0xDA}}},
	{{{-2733, -2710, 3425},0, {-969, -969},{0xCE, 0xD8, 0xE1, 0xFF}}},
	{{{-5489, -2709, 3411},0, {-2434, -969},{0xDD, 0xE6, 0xF2, 0xDA}}},
	{{{-2734, 8, 3461},0, {-969, 496},{0x9A, 0xA5, 0xA7, 0xFF}}},
	{{{-5451, 2724, 3277},0, {-2434, 1961},{0x98, 0xA2, 0xCE, 0xDA}}},
	{{{-2729, 2720, 2962},0, {-969, 1961},{0xD0, 0xD9, 0xE9, 0xFF}}},
	{{{-5334, 5326, 2751},0, {-2434, 3426},{0xA8, 0xB2, 0xB7, 0xDA}}},
	{{{-2732, 5399, 3131},0, {-969, 3426},{0xDA, 0xE3, 0xEE, 0xDA}}},
	{{{-17, 2713, 2549},0, {496, 1961},{0xDD, 0xE6, 0xF2, 0xFF}}},
	{{{-16, 5396, 3127},0, {496, 3426},{0x9C, 0xA5, 0xF2, 0xDA}}},
	{{{2696, 2721, 3011},0, {1961, 1961},{0x9B, 0xA6, 0xA9, 0xFF}}},
	{{{2699, 5362, 3015},0, {1961, 3426},{0x9A, 0xA3, 0xE9, 0xDA}}},
	{{{5444, 2725, 3377},0, {3426, 1961},{0x9A, 0xA5, 0xA8, 0xDA}}},
	{{{5400, 5424, 3211},0, {3426, 3426},{0x9A, 0xA5, 0xA7, 0xDA}}},
	{{{5387, 8, 3191},0, {3426, 496},{0x9B, 0xA7, 0xC0, 0xDA}}},
	{{{2696, 8, 3037},0, {1961, 496},{0xC1, 0xCA, 0xF1, 0xFF}}},
	{{{2696, 8, 3037},0, {1961, 496},{0xC1, 0xCA, 0xF1, 0xFF}}},
	{{{5387, 8, 3191},0, {3426, 496},{0x9B, 0xA7, 0xC0, 0xDA}}},
	{{{5287, -2706, 2859},0, {3426, -969},{0xA3, 0xAD, 0xF1, 0xDA}}},
	{{{2694, -2702, 2824},0, {1961, -969},{0xAD, 0xB6, 0xF2, 0xFF}}},
	{{{5364, -5373, 3061},0, {3426, -2434},{0x9B, 0xA6, 0xB0, 0xDA}}},
	{{{2700, -5418, 3267},0, {1961, -2434},{0x9A, 0xA5, 0xA7, 0xDA}}},
	{{{-16, -2707, 3270},0, {496, -969},{0xBA, 0xC4, 0xCB, 0xFF}}},
	{{{-16, -5381, 3140},0, {496, -2434},{0xCF, 0xD8, 0xE1, 0xDA}}},
	{{{-2733, -2710, 3425},0, {-969, -969},{0xCE, 0xD8, 0xE1, 0xFF}}},
	{{{-2732, -5446, 3351},0, {-969, -2434},{0x9A, 0xA5, 0xA7, 0xDA}}},
	{{{-2734, 8, 3461},0, {-969, 496},{0x9A, 0xA5, 0xA7, 0xFF}}},
	{{{-16, 8, 3235},0, {496, 496},{0x9C, 0xA7, 0xA9, 0xFF}}},
	{{{-2729, 2720, 2962},0, {-969, 1961},{0xD0, 0xD9, 0xE9, 0xFF}}},
	{{{-17, 2713, 2549},0, {496, 1961},{0xDD, 0xE6, 0xF2, 0xFF}}},
	{{{2696, 2721, 3011},0, {1961, 1961},{0x9B, 0xA6, 0xA9, 0xFF}}},
};

Gfx castle_courtyard_dl_b_clouds_mesh_layer_0_tri_0[] = {
	gsSPVertex(castle_courtyard_dl_b_clouds_mesh_layer_0_vtx_0 + 0, 16, 0),
	gsSP1Triangle(0, 1, 2, 0),
	gsSP1Triangle(0, 3, 1, 0),
	gsSP1Triangle(4, 3, 0, 0),
	gsSP1Triangle(4, 5, 3, 0),
	gsSP1Triangle(6, 5, 4, 0),
	gsSP1Triangle(6, 7, 5, 0),
	gsSP1Triangle(8, 7, 6, 0),
	gsSP1Triangle(8, 9, 7, 0),
	gsSP1Triangle(10, 9, 8, 0),
	gsSP1Triangle(10, 11, 9, 0),
	gsSP1Triangle(12, 11, 10, 0),
	gsSP1Triangle(12, 13, 11, 0),
	gsSP1Triangle(14, 13, 12, 0),
	gsSP1Triangle(14, 15, 13, 0),
	gsSPVertex(castle_courtyard_dl_b_clouds_mesh_layer_0_vtx_0 + 16, 16, 0),
	gsSP1Triangle(0, 1, 2, 0),
	gsSP1Triangle(0, 3, 1, 0),
	gsSP1Triangle(3, 4, 1, 0),
	gsSP1Triangle(3, 5, 4, 0),
	gsSP1Triangle(5, 6, 4, 0),
	gsSP1Triangle(5, 7, 6, 0),
	gsSP1Triangle(7, 8, 6, 0),
	gsSP1Triangle(7, 9, 8, 0),
	gsSP1Triangle(9, 10, 8, 0),
	gsSP1Triangle(9, 11, 10, 0),
	gsSP1Triangle(11, 12, 10, 0),
	gsSP1Triangle(11, 13, 12, 0),
	gsSP1Triangle(13, 14, 12, 0),
	gsSP1Triangle(13, 15, 14, 0),
	gsSPVertex(castle_courtyard_dl_b_clouds_mesh_layer_0_vtx_0 + 32, 16, 0),
	gsSP1Triangle(0, 1, 2, 0),
	gsSP1Triangle(0, 3, 1, 0),
	gsSP1Triangle(2, 1, 4, 0),
	gsSP1Triangle(2, 4, 5, 0),
	gsSP1Triangle(5, 4, 6, 0),
	gsSP1Triangle(5, 6, 7, 0),
	gsSP1Triangle(7, 6, 8, 0),
	gsSP1Triangle(7, 8, 9, 0),
	gsSP1Triangle(9, 8, 10, 0),
	gsSP1Triangle(9, 10, 11, 0),
	gsSP1Triangle(11, 10, 12, 0),
	gsSP1Triangle(11, 12, 13, 0),
	gsSP1Triangle(13, 12, 14, 0),
	gsSP1Triangle(13, 14, 15, 0),
	gsSPVertex(castle_courtyard_dl_b_clouds_mesh_layer_0_vtx_0 + 48, 16, 0),
	gsSP1Triangle(0, 1, 2, 0),
	gsSP1Triangle(0, 2, 3, 0),
	gsSP1Triangle(4, 0, 3, 0),
	gsSP1Triangle(4, 3, 5, 0),
	gsSP1Triangle(6, 4, 5, 0),
	gsSP1Triangle(6, 5, 7, 0),
	gsSP1Triangle(8, 6, 7, 0),
	gsSP1Triangle(8, 7, 9, 0),
	gsSP1Triangle(10, 8, 9, 0),
	gsSP1Triangle(10, 9, 11, 0),
	gsSP1Triangle(12, 10, 11, 0),
	gsSP1Triangle(12, 11, 13, 0),
	gsSP1Triangle(14, 12, 13, 0),
	gsSP1Triangle(14, 13, 15, 0),
	gsSPVertex(castle_courtyard_dl_b_clouds_mesh_layer_0_vtx_0 + 64, 16, 0),
	gsSP1Triangle(0, 1, 2, 0),
	gsSP1Triangle(0, 3, 1, 0),
	gsSP1Triangle(4, 3, 0, 0),
	gsSP1Triangle(4, 5, 3, 0),
	gsSP1Triangle(6, 5, 4, 0),
	gsSP1Triangle(6, 7, 5, 0),
	gsSP1Triangle(8, 7, 6, 0),
	gsSP1Triangle(8, 9, 7, 0),
	gsSP1Triangle(10, 9, 8, 0),
	gsSP1Triangle(10, 11, 9, 0),
	gsSP1Triangle(12, 11, 10, 0),
	gsSP1Triangle(12, 13, 11, 0),
	gsSP1Triangle(13, 14, 11, 0),
	gsSP1Triangle(13, 15, 14, 0),
	gsSPVertex(castle_courtyard_dl_b_clouds_mesh_layer_0_vtx_0 + 80, 16, 0),
	gsSP1Triangle(0, 1, 2, 0),
	gsSP1Triangle(0, 3, 1, 0),
	gsSP1Triangle(3, 4, 1, 0),
	gsSP1Triangle(3, 5, 4, 0),
	gsSP1Triangle(5, 6, 4, 0),
	gsSP1Triangle(5, 7, 6, 0),
	gsSP1Triangle(7, 8, 6, 0),
	gsSP1Triangle(7, 9, 8, 0),
	gsSP1Triangle(6, 8, 10, 0),
	gsSP1Triangle(6, 10, 11, 0),
	gsSP1Triangle(11, 10, 12, 0),
	gsSP1Triangle(11, 12, 13, 0),
	gsSP1Triangle(13, 12, 14, 0),
	gsSP1Triangle(13, 14, 15, 0),
	gsSPVertex(castle_courtyard_dl_b_clouds_mesh_layer_0_vtx_0 + 96, 16, 0),
	gsSP1Triangle(0, 1, 2, 0),
	gsSP1Triangle(0, 2, 3, 0),
	gsSP1Triangle(3, 2, 4, 0),
	gsSP1Triangle(3, 4, 5, 0),
	gsSP1Triangle(6, 3, 5, 0),
	gsSP1Triangle(6, 5, 7, 0),
	gsSP1Triangle(8, 6, 7, 0),
	gsSP1Triangle(8, 7, 9, 0),
	gsSP1Triangle(10, 8, 9, 0),
	gsSP1Triangle(10, 9, 11, 0),
	gsSP1Triangle(12, 10, 11, 0),
	gsSP1Triangle(12, 11, 13, 0),
	gsSP1Triangle(14, 10, 12, 0),
	gsSP1Triangle(14, 15, 10, 0),
	gsSPVertex(castle_courtyard_dl_b_clouds_mesh_layer_0_vtx_0 + 112, 16, 0),
	gsSP1Triangle(0, 1, 2, 0),
	gsSP1Triangle(0, 3, 1, 0),
	gsSP1Triangle(4, 3, 0, 0),
	gsSP1Triangle(4, 5, 3, 0),
	gsSP1Triangle(6, 5, 4, 0),
	gsSP1Triangle(6, 7, 5, 0),
	gsSP1Triangle(7, 8, 5, 0),
	gsSP1Triangle(7, 9, 8, 0),
	gsSP1Triangle(9, 10, 8, 0),
	gsSP1Triangle(9, 11, 10, 0),
	gsSP1Triangle(11, 12, 10, 0),
	gsSP1Triangle(11, 13, 12, 0),
	gsSP1Triangle(10, 12, 14, 0),
	gsSP1Triangle(10, 14, 15, 0),
	gsSPVertex(castle_courtyard_dl_b_clouds_mesh_layer_0_vtx_0 + 128, 15, 0),
	gsSP1Triangle(0, 1, 2, 0),
	gsSP1Triangle(0, 2, 3, 0),
	gsSP1Triangle(3, 2, 4, 0),
	gsSP1Triangle(3, 4, 5, 0),
	gsSP1Triangle(6, 3, 5, 0),
	gsSP1Triangle(6, 5, 7, 0),
	gsSP1Triangle(8, 6, 7, 0),
	gsSP1Triangle(8, 7, 9, 0),
	gsSP1Triangle(10, 6, 8, 0),
	gsSP1Triangle(10, 11, 6, 0),
	gsSP1Triangle(12, 11, 10, 0),
	gsSP1Triangle(12, 13, 11, 0),
	gsSP1Triangle(13, 0, 11, 0),
	gsSP1Triangle(13, 14, 0, 0),
	gsSP1Triangle(11, 0, 3, 0),
	gsSP1Triangle(11, 3, 6, 0),
	gsSPEndDisplayList(),
};

Vtx castle_courtyard_dl_d_blind_mesh_layer_0_vtx_0[8] = {
	{{{-2218, -1058, -1028},0, {3575, 3156},{0x32, 0x8B, 0x0, 0xFF}}},
	{{{-4074, -1851, -114},0, {3575, 3156},{0x32, 0x8B, 0x0, 0xFF}}},
	{{{-4074, -1851, -3845},0, {3575, -2011},{0x32, 0x8B, 0x0, 0xFF}}},
	{{{-2218, -1058, -2523},0, {3575, -2011},{0x32, 0x8B, 0x0, 0xFF}}},
	{{{-2218, 690, -2523},0, {-2482, -2023},{0x22, 0x7A, 0x0, 0xFF}}},
	{{{-4074, 1204, -3845},0, {-2482, -2023},{0x22, 0x7A, 0x0, 0xFF}}},
	{{{-4074, 1204, -114},0, {-2482, 3156},{0x22, 0x7A, 0x0, 0xFF}}},
	{{{-2218, 690, -1028},0, {-2482, 3156},{0x22, 0x7A, 0x0, 0xFF}}},
};

Gfx castle_courtyard_dl_d_blind_mesh_layer_0_tri_0[] = {
	gsSPVertex(castle_courtyard_dl_d_blind_mesh_layer_0_vtx_0 + 0, 8, 0),
	gsSP1Triangle(0, 1, 2, 0),
	gsSP1Triangle(0, 2, 3, 0),
	gsSP1Triangle(4, 5, 6, 0),
	gsSP1Triangle(4, 6, 7, 0),
	gsSPEndDisplayList(),
};

Vtx castle_courtyard_dl_d_blind_001_mesh_layer_0_vtx_0[8] = {
	{{{-2218, -1058, -1028},0, {3575, 3156},{0x32, 0x8B, 0x0, 0xFF}}},
	{{{-4074, -1851, -114},0, {3575, 3156},{0x32, 0x8B, 0x0, 0xFF}}},
	{{{-4074, -1851, -3845},0, {3575, -2011},{0x32, 0x8B, 0x0, 0xFF}}},
	{{{-2218, -1058, -2523},0, {3575, -2011},{0x32, 0x8B, 0x0, 0xFF}}},
	{{{-2218, 690, -2523},0, {-2482, -2023},{0x22, 0x7A, 0x0, 0xFF}}},
	{{{-4074, 1204, -3845},0, {-2482, -2023},{0x22, 0x7A, 0x0, 0xFF}}},
	{{{-4074, 1204, -114},0, {-2482, 3156},{0x22, 0x7A, 0x0, 0xFF}}},
	{{{-2218, 690, -1028},0, {-2482, 3156},{0x22, 0x7A, 0x0, 0xFF}}},
};

Gfx castle_courtyard_dl_d_blind_001_mesh_layer_0_tri_0[] = {
	gsSPVertex(castle_courtyard_dl_d_blind_001_mesh_layer_0_vtx_0 + 0, 8, 0),
	gsSP1Triangle(0, 1, 2, 0),
	gsSP1Triangle(0, 2, 3, 0),
	gsSP1Triangle(4, 5, 6, 0),
	gsSP1Triangle(4, 6, 7, 0),
	gsSPEndDisplayList(),
};

Vtx castle_courtyard_dl_d_blind_002_mesh_layer_0_vtx_0[8] = {
	{{{-2218, -1058, -1028},0, {3575, 3156},{0x32, 0x8B, 0x0, 0xFF}}},
	{{{-4074, -1851, -114},0, {3575, 3156},{0x32, 0x8B, 0x0, 0xFF}}},
	{{{-4074, -1851, -3845},0, {3575, -2011},{0x32, 0x8B, 0x0, 0xFF}}},
	{{{-2218, -1058, -2523},0, {3575, -2011},{0x32, 0x8B, 0x0, 0xFF}}},
	{{{-2218, 690, -2523},0, {-2482, -2023},{0x22, 0x7A, 0x0, 0xFF}}},
	{{{-4074, 1204, -3845},0, {-2482, -2023},{0x22, 0x7A, 0x0, 0xFF}}},
	{{{-4074, 1204, -114},0, {-2482, 3156},{0x22, 0x7A, 0x0, 0xFF}}},
	{{{-2218, 690, -1028},0, {-2482, 3156},{0x22, 0x7A, 0x0, 0xFF}}},
};

Gfx castle_courtyard_dl_d_blind_002_mesh_layer_0_tri_0[] = {
	gsSPVertex(castle_courtyard_dl_d_blind_002_mesh_layer_0_vtx_0 + 0, 8, 0),
	gsSP1Triangle(0, 1, 2, 0),
	gsSP1Triangle(0, 2, 3, 0),
	gsSP1Triangle(4, 5, 6, 0),
	gsSP1Triangle(4, 6, 7, 0),
	gsSPEndDisplayList(),
};

Vtx castle_courtyard_dl_d_blind_003_mesh_layer_0_vtx_0[8] = {
	{{{-2218, -1058, -1028},0, {3575, 3156},{0x32, 0x8B, 0x0, 0xFF}}},
	{{{-4074, -1851, -114},0, {3575, 3156},{0x32, 0x8B, 0x0, 0xFF}}},
	{{{-4074, -1851, -3845},0, {3575, -2011},{0x32, 0x8B, 0x0, 0xFF}}},
	{{{-2218, -1058, -2523},0, {3575, -2011},{0x32, 0x8B, 0x0, 0xFF}}},
	{{{-2218, 690, -2523},0, {-2482, -2023},{0x22, 0x7A, 0x0, 0xFF}}},
	{{{-4074, 1204, -3845},0, {-2482, -2023},{0x22, 0x7A, 0x0, 0xFF}}},
	{{{-4074, 1204, -114},0, {-2482, 3156},{0x22, 0x7A, 0x0, 0xFF}}},
	{{{-2218, 690, -1028},0, {-2482, 3156},{0x22, 0x7A, 0x0, 0xFF}}},
};

Gfx castle_courtyard_dl_d_blind_003_mesh_layer_0_tri_0[] = {
	gsSPVertex(castle_courtyard_dl_d_blind_003_mesh_layer_0_vtx_0 + 0, 8, 0),
	gsSP1Triangle(0, 1, 2, 0),
	gsSP1Triangle(0, 2, 3, 0),
	gsSP1Triangle(4, 5, 6, 0),
	gsSP1Triangle(4, 6, 7, 0),
	gsSPEndDisplayList(),
};

Vtx castle_courtyard_dl_d_stone_mesh_layer_0_vtx_0[64] = {
	{{{3369, 1392, -377},0, {-2121, 5429},{0x7F, 0x0, 0x0, 0xFF}}},
	{{{3369, 1392, 1908},0, {-2121, 310},{0x7F, 0x0, 0x0, 0xFF}}},
	{{{3369, -1398, 1908},0, {4131, 310},{0x7F, 0x0, 0x0, 0xFF}}},
	{{{3369, -1398, -377},0, {4131, 5429},{0x7F, 0x0, 0x0, 0xFF}}},
	{{{1395, -3372, 1908},0, {-3937, 310},{0x0, 0x81, 0x0, 0xFF}}},
	{{{-1395, -3372, 1908},0, {2315, 310},{0x0, 0x81, 0x0, 0xFF}}},
	{{{-1395, -3372, -377},0, {2315, 5429},{0x0, 0x81, 0x0, 0xFF}}},
	{{{1395, -3372, -377},0, {-3937, 5429},{0x0, 0x81, 0x0, 0xFF}}},
	{{{-1395, 3366, -377},0, {2911, 5429},{0xA6, 0x5A, 0x0, 0xFF}}},
	{{{-3369, 1392, -377},0, {-3339, 5429},{0xA6, 0x5A, 0x0, 0xFF}}},
	{{{-3369, 1392, 1908},0, {-3339, 310},{0xA6, 0x5A, 0x0, 0xFF}}},
	{{{-1395, 3366, 1908},0, {2911, 310},{0xA6, 0x5A, 0x0, 0xFF}}},
	{{{1395, 3366, -377},0, {3873, 5429},{0x0, 0x7F, 0x0, 0xFF}}},
	{{{-1395, 3366, -377},0, {-2379, 5429},{0x0, 0x7F, 0x0, 0xFF}}},
	{{{-1395, 3366, 1908},0, {-2379, 310},{0x0, 0x7F, 0x0, 0xFF}}},
	{{{1395, 3366, 1908},0, {3873, 310},{0x0, 0x7F, 0x0, 0xFF}}},
	{{{-3369, -1398, -377},0, {-99, 5429},{0x81, 0x0, 0x0, 0xFF}}},
	{{{-3369, -1398, 1908},0, {-99, 310},{0x81, 0x0, 0x0, 0xFF}}},
	{{{-3369, 1392, 1908},0, {6153, 310},{0x81, 0x0, 0x0, 0xFF}}},
	{{{-3369, 1392, -377},0, {6153, 5429},{0x81, 0x0, 0x0, 0xFF}}},
	{{{1395, 3366, -377},0, {-177, 5429},{0x5A, 0x5A, 0x0, 0xFF}}},
	{{{1395, 3366, 1908},0, {-177, 310},{0x5A, 0x5A, 0x0, 0xFF}}},
	{{{3369, 1392, 1908},0, {6075, 310},{0x5A, 0x5A, 0x0, 0xFF}}},
	{{{3369, 1392, -377},0, {6075, 5429},{0x5A, 0x5A, 0x0, 0xFF}}},
	{{{3369, -1398, 1908},0, {-2975, 310},{0x5A, 0xA6, 0x0, 0xFF}}},
	{{{1395, -3372, 1908},0, {3275, 310},{0x5A, 0xA6, 0x0, 0xFF}}},
	{{{1395, -3372, -377},0, {3275, 5429},{0x5A, 0xA6, 0x0, 0xFF}}},
	{{{3369, -1398, -377},0, {-2975, 5429},{0x5A, 0xA6, 0x0, 0xFF}}},
	{{{-1395, -3372, -377},0, {-2043, 5429},{0xA6, 0xA6, 0x0, 0xFF}}},
	{{{-1395, -3372, 1908},0, {-2043, 310},{0xA6, 0xA6, 0x0, 0xFF}}},
	{{{-3369, -1398, 1908},0, {4209, 310},{0xA6, 0xA6, 0x0, 0xFF}}},
	{{{-3369, -1398, -377},0, {4209, 5429},{0xA6, 0xA6, 0x0, 0xFF}}},
	{{{1395, 3366, -377},0, {-177, -666},{0x35, 0x35, 0x99, 0xFF}}},
	{{{3369, 1392, -377},0, {6075, -666},{0x35, 0x35, 0x99, 0xFF}}},
	{{{2112, 871, -1291},0, {4908, 2816},{0x35, 0x35, 0x99, 0xFF}}},
	{{{875, 2108, -1291},0, {990, 2816},{0x35, 0x35, 0x99, 0xFF}}},
	{{{1395, 3366, -377},0, {3873, -758},{0x0, 0x4B, 0x99, 0xFF}}},
	{{{875, 2108, -1291},0, {2706, 2723},{0x0, 0x4B, 0x99, 0xFF}}},
	{{{-874, 2108, -1291},0, {-1212, 2723},{0x0, 0x4B, 0x99, 0xFF}}},
	{{{-1395, 3366, -377},0, {-2379, -758},{0x0, 0x4B, 0x99, 0xFF}}},
	{{{3369, 1392, -377},0, {-2121, -661},{0x4B, 0x0, 0x99, 0xFF}}},
	{{{3369, -1398, -377},0, {4131, -661},{0x4B, 0x0, 0x99, 0xFF}}},
	{{{2112, -877, -1291},0, {2964, 2821},{0x4B, 0x0, 0x99, 0xFF}}},
	{{{2112, 871, -1291},0, {-955, 2821},{0x4B, 0x0, 0x99, 0xFF}}},
	{{{-2111, 871, -1291},0, {-2173, 4295},{0xCB, 0x35, 0x99, 0xFF}}},
	{{{-3369, 1392, -377},0, {-3339, 814},{0xCB, 0x35, 0x99, 0xFF}}},
	{{{-1395, 3366, -377},0, {2911, 814},{0xCB, 0x35, 0x99, 0xFF}}},
	{{{-874, 2108, -1291},0, {1745, 4295},{0xCB, 0x35, 0x99, 0xFF}}},
	{{{-2111, -877, -1291},0, {3042, 2521},{0xCB, 0xCB, 0x99, 0xFF}}},
	{{{-874, -2115, -1291},0, {-876, 2521},{0xCB, 0xCB, 0x99, 0xFF}}},
	{{{-1395, -3372, -377},0, {-2043, -961},{0xCB, 0xCB, 0x99, 0xFF}}},
	{{{-3369, -1398, -377},0, {4209, -961},{0xCB, 0xCB, 0x99, 0xFF}}},
	{{{2112, -877, -1291},0, {-1809, 1041},{0x35, 0xCB, 0x99, 0xFF}}},
	{{{3369, -1398, -377},0, {-2975, -2441},{0x35, 0xCB, 0x99, 0xFF}}},
	{{{1395, -3372, -377},0, {3275, -2441},{0x35, 0xCB, 0x99, 0xFF}}},
	{{{875, -2115, -1291},0, {2109, 1041},{0x35, 0xCB, 0x99, 0xFF}}},
	{{{-874, -2115, -1291},0, {1148, 2613},{0x0, 0xB5, 0x99, 0xFF}}},
	{{{875, -2115, -1291},0, {-2770, 2613},{0x0, 0xB5, 0x99, 0xFF}}},
	{{{1395, -3372, -377},0, {-3937, -869},{0x0, 0xB5, 0x99, 0xFF}}},
	{{{-1395, -3372, -377},0, {2315, -869},{0x0, 0xB5, 0x99, 0xFF}}},
	{{{-3369, -1398, -377},0, {4209, -961},{0xB5, 0x0, 0x99, 0xFF}}},
	{{{-3369, 1392, -377},0, {-3339, 814},{0xB5, 0x0, 0x99, 0xFF}}},
	{{{-2111, 871, -1291},0, {891, 1996},{0xB5, 0x0, 0x99, 0xFF}}},
	{{{-2111, -877, -1291},0, {3042, 2521},{0xB5, 0x0, 0x99, 0xFF}}},
};

Gfx castle_courtyard_dl_d_stone_mesh_layer_0_tri_0[] = {
	gsSPVertex(castle_courtyard_dl_d_stone_mesh_layer_0_vtx_0 + 0, 16, 0),
	gsSP1Triangle(0, 1, 2, 0),
	gsSP1Triangle(0, 2, 3, 0),
	gsSP1Triangle(4, 5, 6, 0),
	gsSP1Triangle(4, 6, 7, 0),
	gsSP1Triangle(8, 9, 10, 0),
	gsSP1Triangle(8, 10, 11, 0),
	gsSP1Triangle(12, 13, 14, 0),
	gsSP1Triangle(12, 14, 15, 0),
	gsSPVertex(castle_courtyard_dl_d_stone_mesh_layer_0_vtx_0 + 16, 16, 0),
	gsSP1Triangle(0, 1, 2, 0),
	gsSP1Triangle(0, 2, 3, 0),
	gsSP1Triangle(4, 5, 6, 0),
	gsSP1Triangle(4, 6, 7, 0),
	gsSP1Triangle(8, 9, 10, 0),
	gsSP1Triangle(8, 10, 11, 0),
	gsSP1Triangle(12, 13, 14, 0),
	gsSP1Triangle(12, 14, 15, 0),
	gsSPVertex(castle_courtyard_dl_d_stone_mesh_layer_0_vtx_0 + 32, 16, 0),
	gsSP1Triangle(0, 1, 2, 0),
	gsSP1Triangle(0, 2, 3, 0),
	gsSP1Triangle(4, 5, 6, 0),
	gsSP1Triangle(4, 6, 7, 0),
	gsSP1Triangle(8, 9, 10, 0),
	gsSP1Triangle(8, 10, 11, 0),
	gsSP1Triangle(12, 13, 14, 0),
	gsSP1Triangle(12, 14, 15, 0),
	gsSPVertex(castle_courtyard_dl_d_stone_mesh_layer_0_vtx_0 + 48, 16, 0),
	gsSP1Triangle(0, 1, 2, 0),
	gsSP1Triangle(0, 2, 3, 0),
	gsSP1Triangle(4, 5, 6, 0),
	gsSP1Triangle(4, 6, 7, 0),
	gsSP1Triangle(8, 9, 10, 0),
	gsSP1Triangle(8, 10, 11, 0),
	gsSP1Triangle(12, 13, 14, 0),
	gsSP1Triangle(12, 14, 15, 0),
	gsSPEndDisplayList(),
};

Vtx castle_courtyard_dl_e_atrium_mesh_layer_1_vtx_0[60] = {
	{{{-2111, -711, -1291},0, {-7198, -2008},{0xA5, 0x44, 0xC7, 0xFE}}},
	{{{-2111, 705, -1291},0, {-7198, 3146},{0x9B, 0xC3, 0xD1, 0xFE}}},
	{{{-1985, 638, -1291},0, {-6739, 2905},{0x13, 0xE0, 0x87, 0xFE}}},
	{{{-1985, -673, -1291},0, {-6739, -1869},{0x1A, 0x24, 0x89, 0xFE}}},
	{{{-991, -1998, -1291},0, {-3122, -6693},{0x8F, 0xEC, 0xCA, 0xFE}}},
	{{{-1994, -995, -1291},0, {-6771, -3041},{0xE4, 0x8D, 0xD1, 0xFE}}},
	{{{-1867, -957, -1291},0, {-6312, -2902},{0x24, 0xF7, 0x86, 0xFE}}},
	{{{-939, -1886, -1291},0, {-2932, -6284},{0xF9, 0x2A, 0x88, 0xFE}}},
	{{{709, -2115, -1291},0, {3068, -7120},{0xC1, 0x9D, 0xCE, 0xFE}}},
	{{{-708, -2115, -1291},0, {-2090, -7120},{0x3F, 0x9D, 0xCE, 0xFE}}},
	{{{-656, -2003, -1291},0, {-1900, -6712},{0x21, 0x15, 0x87, 0xFE}}},
	{{{657, -2003, -1291},0, {2878, -6712},{0xDF, 0x15, 0x87, 0xFE}}},
	{{{1995, -995, -1291},0, {7749, -3041},{0x1C, 0x8D, 0xD1, 0xFE}}},
	{{{992, -1998, -1291},0, {4101, -6693},{0x71, 0xEC, 0xCA, 0xFE}}},
	{{{940, -1886, -1291},0, {3910, -6284},{0x7, 0x2A, 0x88, 0xFE}}},
	{{{1868, -957, -1291},0, {7290, -2902},{0xDC, 0xF7, 0x86, 0xFE}}},
	{{{-1994, 988, -1291},0, {-6771, 4179},{0xEF, 0x70, 0xC7, 0xFE}}},
	{{{-991, 1990, -1291},0, {-3122, 7827},{0x8E, 0x18, 0xCE, 0xFE}}},
	{{{-939, 1850, -1291},0, {-2932, 7317},{0xF8, 0xD9, 0x87, 0xFE}}},
	{{{-1867, 922, -1291},0, {-6311, 3937},{0x2C, 0x6, 0x89, 0xFE}}},
	{{{-708, 2108, -1291},0, {-2090, 8255},{0x42, 0x5F, 0xCA, 0xFE}}},
	{{{709, 2108, -1291},0, {3068, 8255},{0xBE, 0x5F, 0xCA, 0xFE}}},
	{{{657, 1968, -1291},0, {2878, 7744},{0xDD, 0xE8, 0x88, 0xFE}}},
	{{{-656, 1968, -1291},0, {-1900, 7744},{0x23, 0xE8, 0x88, 0xFE}}},
	{{{992, 1990, -1291},0, {4101, 7827},{0x72, 0x18, 0xCE, 0xFE}}},
	{{{1995, 988, -1291},0, {7749, 4179},{0x11, 0x70, 0xC7, 0xFE}}},
	{{{1868, 922, -1291},0, {7290, 3937},{0xD4, 0x6, 0x89, 0xFE}}},
	{{{940, 1850, -1291},0, {3910, 7317},{0x8, 0xD9, 0x87, 0xFE}}},
	{{{2112, 705, -1291},0, {8177, 3146},{0x65, 0xC3, 0xD1, 0xFE}}},
	{{{2112, -711, -1291},0, {8177, -2008},{0x5B, 0x44, 0xC7, 0xFE}}},
	{{{1986, -673, -1291},0, {7718, -1869},{0xE6, 0x24, 0x89, 0xFE}}},
	{{{1986, 638, -1291},0, {7718, 2905},{0xED, 0xE0, 0x87, 0xFE}}},
	{{{-656, -2003, -1291},0, {-1900, -6712},{0x0, 0x0, 0x81, 0xFE}}},
	{{{-822, -2003, -1291},0, {-2504, -6712},{0x0, 0x0, 0x81, 0xFF}}},
	{{{-939, -1886, -1291},0, {-2932, -6284},{0x0, 0x0, 0x81, 0xFE}}},
	{{{-1867, -957, -1291},0, {-6312, -2902},{0x0, 0x0, 0x81, 0xFE}}},
	{{{657, -2003, -1291},0, {2878, -6712},{0x0, 0x0, 0x81, 0xFE}}},
	{{{-1985, 638, -1291},0, {-6739, 2905},{0x0, 0x0, 0x81, 0xFE}}},
	{{{-1985, -673, -1291},0, {-6739, -1869},{0x0, 0x0, 0x81, 0xFE}}},
	{{{-1985, -839, -1291},0, {-6739, -2474},{0x0, 0x0, 0x81, 0xFF}}},
	{{{1868, -957, -1291},0, {7290, -2902},{0x0, 0x0, 0x81, 0xFE}}},
	{{{940, -1886, -1291},0, {3910, -6284},{0x0, 0x0, 0x81, 0xFE}}},
	{{{823, -2003, -1291},0, {3483, -6712},{0x0, 0x0, 0x81, 0xFF}}},
	{{{1986, 638, -1291},0, {7718, 2905},{0x0, 0x0, 0x81, 0xFE}}},
	{{{1986, -673, -1291},0, {7718, -1869},{0x0, 0x0, 0x81, 0xFE}}},
	{{{1986, -839, -1291},0, {7718, -2474},{0x0, 0x0, 0x81, 0xFF}}},
	{{{940, 1850, -1291},0, {3910, 7317},{0x0, 0x0, 0x81, 0xFE}}},
	{{{657, 1968, -1291},0, {2878, 7744},{0x0, 0x0, 0x81, 0xFE}}},
	{{{-1985, 638, -1291},0, {-6739, 2905},{0x0, 0x0, 0x81, 0xFE}}},
	{{{-656, 1968, -1291},0, {-1900, 7744},{0x0, 0x0, 0x81, 0xFE}}},
	{{{657, 1968, -1291},0, {2878, 7744},{0x0, 0x0, 0x81, 0xFE}}},
	{{{-939, 1850, -1291},0, {-2932, 7317},{0x0, 0x0, 0x81, 0xFE}}},
	{{{-1867, 922, -1291},0, {-6311, 3937},{0x0, 0x0, 0x81, 0xFE}}},
	{{{-1985, 804, -1291},0, {-6739, 3510},{0x0, 0x0, 0x81, 0xFF}}},
	{{{-822, 1968, -1291},0, {-2504, 7744},{0x0, 0x0, 0x81, 0xFF}}},
	{{{823, 1968, -1291},0, {3483, 7744},{0x0, 0x0, 0x81, 0xFF}}},
	{{{940, 1850, -1291},0, {3910, 7317},{0x0, 0x0, 0x81, 0xFE}}},
	{{{1868, 922, -1291},0, {7290, 3937},{0x0, 0x0, 0x81, 0xFE}}},
	{{{1986, 804, -1291},0, {7718, 3510},{0x0, 0x0, 0x81, 0xFF}}},
	{{{1986, 638, -1291},0, {7718, 2905},{0x0, 0x0, 0x81, 0xFE}}},
};

Gfx castle_courtyard_dl_e_atrium_mesh_layer_1_tri_0[] = {
	gsSPVertex(castle_courtyard_dl_e_atrium_mesh_layer_1_vtx_0 + 0, 16, 0),
	gsSP1Triangle(0, 1, 2, 0),
	gsSP1Triangle(0, 2, 3, 0),
	gsSP1Triangle(4, 5, 6, 0),
	gsSP1Triangle(4, 6, 7, 0),
	gsSP1Triangle(8, 9, 10, 0),
	gsSP1Triangle(8, 10, 11, 0),
	gsSP1Triangle(12, 13, 14, 0),
	gsSP1Triangle(12, 14, 15, 0),
	gsSPVertex(castle_courtyard_dl_e_atrium_mesh_layer_1_vtx_0 + 16, 16, 0),
	gsSP1Triangle(0, 1, 2, 0),
	gsSP1Triangle(0, 2, 3, 0),
	gsSP1Triangle(4, 5, 6, 0),
	gsSP1Triangle(4, 6, 7, 0),
	gsSP1Triangle(8, 9, 10, 0),
	gsSP1Triangle(8, 10, 11, 0),
	gsSP1Triangle(12, 13, 14, 0),
	gsSP1Triangle(12, 14, 15, 0),
	gsSPVertex(castle_courtyard_dl_e_atrium_mesh_layer_1_vtx_0 + 32, 16, 0),
	gsSP1Triangle(0, 1, 2, 0),
	gsSP1Triangle(0, 2, 3, 0),
	gsSP1Triangle(4, 0, 3, 0),
	gsSP1Triangle(4, 3, 5, 0),
	gsSP1Triangle(3, 6, 5, 0),
	gsSP1Triangle(3, 7, 6, 0),
	gsSP1Triangle(8, 4, 5, 0),
	gsSP1Triangle(8, 9, 4, 0),
	gsSP1Triangle(9, 10, 4, 0),
	gsSP1Triangle(11, 8, 5, 0),
	gsSP1Triangle(11, 12, 8, 0),
	gsSP1Triangle(12, 13, 8, 0),
	gsSP1Triangle(5, 14, 11, 0),
	gsSP1Triangle(5, 15, 14, 0),
	gsSPVertex(castle_courtyard_dl_e_atrium_mesh_layer_1_vtx_0 + 48, 12, 0),
	gsSP1Triangle(0, 1, 2, 0),
	gsSP1Triangle(0, 3, 1, 0),
	gsSP1Triangle(0, 4, 3, 0),
	gsSP1Triangle(0, 5, 4, 0),
	gsSP1Triangle(3, 6, 1, 0),
	gsSP1Triangle(2, 7, 8, 0),
	gsSP1Triangle(9, 10, 11, 0),
	gsSP1Triangle(8, 9, 11, 0),
	gsSPEndDisplayList(),
};

Vtx castle_courtyard_dl_e_atrium_mesh_layer_1_vtx_1[238] = {
	{{{2112, -297, -2454},0, {-16, -3355},{0x59, 0x14, 0x59, 0xFF}}},
	{{{2112, 257, -2454},0, {-16, -974},{0x5C, 0xEC, 0x56, 0xFF}}},
	{{{1986, 190, -2454},0, {1008, -974},{0xAF, 0xF5, 0x61, 0xFF}}},
	{{{1986, -259, -2454},0, {1008, -3355},{0xAE, 0xE, 0x60, 0xFF}}},
	{{{-2111, 705, -1291},0, {-16, -7596},{0x9B, 0xC3, 0xD1, 0xFE}}},
	{{{-2111, 705, -2058},0, {-16, -3355},{0x95, 0xBD, 0xE, 0xFF}}},
	{{{-1985, 638, -2058},0, {1008, -3355},{0x31, 0x8E, 0x1B, 0xFF}}},
	{{{-1985, 638, -1291},0, {1008, -7596},{0x13, 0xE0, 0x87, 0xFE}}},
	{{{-2111, -711, -2058},0, {-16, 1008},{0x9D, 0x4E, 0xF, 0xFF}}},
	{{{-2111, -711, -1291},0, {-16, 2603},{0xA5, 0x44, 0xC7, 0xFE}}},
	{{{-1985, -673, -1291},0, {1008, 2603},{0x1A, 0x24, 0x89, 0xFE}}},
	{{{-1985, -673, -2058},0, {1008, 1008},{0x41, 0x6B, 0x17, 0xFF}}},
	{{{-1994, -995, -1291},0, {-16, -16},{0xE4, 0x8D, 0xD1, 0xFE}}},
	{{{-1994, -995, -2058},0, {1008, -16},{0xE3, 0x85, 0xE, 0xFF}}},
	{{{-1867, -957, -2058},0, {1008, -974},{0x73, 0xD1, 0x1B, 0xFF}}},
	{{{-1867, -957, -1291},0, {-16, -974},{0x24, 0xF7, 0x86, 0xFE}}},
	{{{-991, -1998, -2058},0, {-16, 4535},{0x83, 0xED, 0xF, 0xFF}}},
	{{{-991, -1998, -1291},0, {1008, 4535},{0x8F, 0xEC, 0xCA, 0xFE}}},
	{{{-939, -1886, -1291},0, {1008, 3584},{0xF9, 0x2A, 0x88, 0xFE}}},
	{{{-939, -1886, -2058},0, {-16, 3584},{0xDE, 0x78, 0x18, 0xFF}}},
	{{{875, 2108, -2787},0, {-16, -528},{0x0, 0x0, 0x81, 0xFF}}},
	{{{2112, 871, -2787},0, {-16, 1520},{0x0, 0x0, 0x81, 0xFF}}},
	{{{1986, 804, -2787},0, {1008, 1520},{0x0, 0x0, 0x81, 0xFF}}},
	{{{823, 1968, -2787},0, {1008, -528},{0x0, 0x0, 0x81, 0xFF}}},
	{{{-874, -2115, -2787},0, {-16, -528},{0x0, 0x0, 0x81, 0xFF}}},
	{{{-2111, -877, -2787},0, {-16, 1520},{0x0, 0x0, 0x81, 0xFF}}},
	{{{-1985, -839, -2787},0, {1008, 1520},{0x0, 0x0, 0x81, 0xFF}}},
	{{{-822, -2003, -2787},0, {1008, -528},{0x0, 0x0, 0x81, 0xFF}}},
	{{{2112, -877, -2787},0, {-16, -528},{0x0, 0x0, 0x81, 0xFF}}},
	{{{875, -2115, -2787},0, {-16, 1520},{0x0, 0x0, 0x81, 0xFF}}},
	{{{823, -2003, -2787},0, {1008, 1520},{0x0, 0x0, 0x81, 0xFF}}},
	{{{1986, -839, -2787},0, {1008, -528},{0x0, 0x0, 0x81, 0xFF}}},
	{{{-2111, -877, -2787},0, {-16, -528},{0x0, 0x0, 0x81, 0xFF}}},
	{{{-2111, 871, -2787},0, {-16, 1520},{0x0, 0x0, 0x81, 0xFF}}},
	{{{-1985, 804, -2787},0, {1008, 1520},{0x0, 0x0, 0x81, 0xFF}}},
	{{{-1985, -839, -2787},0, {1008, -528},{0x0, 0x0, 0x81, 0xFF}}},
	{{{2112, 871, -2787},0, {-16, -528},{0x0, 0x0, 0x81, 0xFF}}},
	{{{2112, -877, -2787},0, {-16, 1520},{0x0, 0x0, 0x81, 0xFF}}},
	{{{1986, -839, -2787},0, {1008, 1520},{0x0, 0x0, 0x81, 0xFF}}},
	{{{1986, 804, -2787},0, {1008, -528},{0x0, 0x0, 0x81, 0xFF}}},
	{{{-2111, 871, -2787},0, {-16, -528},{0x0, 0x0, 0x81, 0xFF}}},
	{{{-874, 2108, -2787},0, {-16, 1520},{0x0, 0x0, 0x81, 0xFF}}},
	{{{-822, 1968, -2787},0, {1008, 1520},{0x0, 0x0, 0x81, 0xFF}}},
	{{{-1985, 804, -2787},0, {1008, -528},{0x0, 0x0, 0x81, 0xFF}}},
	{{{-874, 2108, -2787},0, {-16, -528},{0x0, 0x0, 0x81, 0xFF}}},
	{{{875, 2108, -2787},0, {-16, 1520},{0x0, 0x0, 0x81, 0xFF}}},
	{{{823, 1968, -2787},0, {1008, 1520},{0x0, 0x0, 0x81, 0xFF}}},
	{{{-822, 1968, -2787},0, {1008, -528},{0x0, 0x0, 0x81, 0xFF}}},
	{{{875, -2115, -2787},0, {-16, -528},{0x0, 0x0, 0x81, 0xFF}}},
	{{{-874, -2115, -2787},0, {-16, 1520},{0x0, 0x0, 0x81, 0xFF}}},
	{{{-822, -2003, -2787},0, {1008, 1520},{0x0, 0x0, 0x81, 0xFF}}},
	{{{823, -2003, -2787},0, {1008, -528},{0x0, 0x0, 0x81, 0xFF}}},
	{{{-708, -2115, -1291},0, {-16, 4535},{0x3F, 0x9D, 0xCE, 0xFE}}},
	{{{-708, -2115, -2058},0, {-16, 6916},{0x46, 0x97, 0xE, 0xFF}}},
	{{{-656, -2003, -2058},0, {1008, 6916},{0x71, 0x35, 0x1A, 0xFF}}},
	{{{-656, -2003, -1291},0, {1008, 4535},{0x21, 0x15, 0x87, 0xFE}}},
	{{{709, -2115, -2058},0, {-16, -3355},{0xBA, 0x97, 0xE, 0xFF}}},
	{{{709, -2115, -1291},0, {-16, -974},{0xC1, 0x9D, 0xCE, 0xFE}}},
	{{{657, -2003, -1291},0, {1008, -974},{0xDF, 0x15, 0x87, 0xFE}}},
	{{{657, -2003, -2058},0, {1008, -3355},{0x8F, 0x35, 0x1A, 0xFF}}},
	{{{1701, 1282, -2454},0, {-16, -7596},{0x30, 0x4D, 0x59, 0xFF}}},
	{{{1301, 1682, -2454},0, {-16, -3355},{0x4E, 0x32, 0x57, 0xFF}}},
	{{{1249, 1542, -2454},0, {1008, -3355},{0xD0, 0xBD, 0x61, 0xFF}}},
	{{{1575, 1216, -2454},0, {1008, -7596},{0xBC, 0xD1, 0x60, 0xFF}}},
	{{{286, 2108, -2454},0, {-16, 1008},{0xEC, 0x5A, 0x58, 0xFF}}},
	{{{-285, 2108, -2454},0, {1008, 1008},{0x14, 0x5A, 0x58, 0xFF}}},
	{{{-232, 1968, -2454},0, {1008, -16},{0xE, 0xAF, 0x60, 0xFF}}},
	{{{233, 1968, -2454},0, {-16, -16},{0xF2, 0xAF, 0x60, 0xFF}}},
	{{{992, -1998, -1291},0, {-16, -16},{0x71, 0xEC, 0xCA, 0xFE}}},
	{{{992, -1998, -2058},0, {1008, -16},{0x7D, 0xED, 0xF, 0xFF}}},
	{{{940, -1886, -2058},0, {1008, -974},{0x22, 0x78, 0x18, 0xFF}}},
	{{{940, -1886, -1291},0, {-16, -974},{0x7, 0x2A, 0x88, 0xFE}}},
	{{{1995, -995, -2058},0, {-16, 4535},{0x1D, 0x85, 0xE, 0xFF}}},
	{{{1995, -995, -1291},0, {1008, 4535},{0x1C, 0x8D, 0xD1, 0xFE}}},
	{{{1868, -957, -1291},0, {1008, 3584},{0xDC, 0xF7, 0x86, 0xFE}}},
	{{{1868, -957, -2058},0, {-16, 3584},{0x8D, 0xD1, 0x1B, 0xFF}}},
	{{{-270, -2115, -2454},0, {-16, 3584},{0x14, 0xA5, 0x57, 0xFF}}},
	{{{271, -2115, -2454},0, {1008, 3584},{0xEC, 0xA5, 0x57, 0xFF}}},
	{{{219, -2003, -2454},0, {1008, 2603},{0xF4, 0x52, 0x61, 0xFF}}},
	{{{-218, -2003, -2454},0, {-16, 2603},{0xC, 0x52, 0x61, 0xFF}}},
	{{{992, 1990, -2058},0, {-16, 4535},{0x7C, 0x18, 0xE, 0xFF}}},
	{{{992, 1990, -1291},0, {-16, 6916},{0x72, 0x18, 0xCE, 0xFE}}},
	{{{940, 1850, -1291},0, {1008, 6916},{0x8, 0xD9, 0x87, 0xFE}}},
	{{{940, 1850, -2058},0, {1008, 4535},{0x29, 0x8B, 0x1A, 0xFF}}},
	{{{2112, 705, -2058},0, {-16, -3355},{0x6B, 0xBD, 0xE, 0xFF}}},
	{{{2112, 705, -1291},0, {-16, -974},{0x65, 0xC3, 0xD1, 0xFE}}},
	{{{1986, 638, -1291},0, {1008, -974},{0xED, 0xE0, 0x87, 0xFE}}},
	{{{1986, 638, -2058},0, {1008, -3355},{0xCF, 0x8E, 0x1B, 0xFF}}},
	{{{1291, -1699, -2454},0, {-16, -7596},{0x4E, 0xCF, 0x58, 0xFF}}},
	{{{1677, -1313, -2454},0, {-16, -3355},{0x33, 0xB1, 0x56, 0xFF}}},
	{{{1550, -1275, -2454},0, {1008, -3355},{0xBE, 0x31, 0x61, 0xFF}}},
	{{{1239, -1587, -2454},0, {1008, -7596},{0xD0, 0x44, 0x60, 0xFF}}},
	{{{-1994, 988, -2058},0, {-16, 1008},{0xF0, 0x7D, 0xF, 0xFF}}},
	{{{-1994, 988, -1291},0, {1008, 1008},{0xEF, 0x70, 0xC7, 0xFE}}},
	{{{-1867, 922, -1291},0, {1008, -16},{0x2C, 0x6, 0x89, 0xFE}}},
	{{{-1867, 922, -2058},0, {-16, -16},{0x79, 0x1E, 0x17, 0xFF}}},
	{{{-1676, -1313, -2454},0, {-16, -16},{0xCD, 0xB1, 0x56, 0xFF}}},
	{{{-1290, -1699, -2454},0, {1008, -16},{0xB2, 0xCF, 0x58, 0xFF}}},
	{{{-1238, -1587, -2454},0, {1008, -974},{0x30, 0x44, 0x60, 0xFF}}},
	{{{-1549, -1275, -2454},0, {-16, -974},{0x42, 0x31, 0x61, 0xFF}}},
	{{{-708, 2108, -2058},0, {-16, 4535},{0x4A, 0x66, 0xF, 0xFF}}},
	{{{-708, 2108, -1291},0, {1008, 4535},{0x42, 0x5F, 0xCA, 0xFE}}},
	{{{-656, 1968, -1291},0, {1008, 3584},{0x23, 0xE8, 0x88, 0xFE}}},
	{{{-656, 1968, -2058},0, {-16, 3584},{0x6E, 0xC4, 0x18, 0xFF}}},
	{{{-991, 1990, -1291},0, {-16, 3584},{0x8E, 0x18, 0xCE, 0xFE}}},
	{{{-991, 1990, -2058},0, {1008, 3584},{0x84, 0x18, 0xE, 0xFF}}},
	{{{-939, 1850, -2058},0, {1008, 2603},{0xD7, 0x8B, 0x1A, 0xFF}}},
	{{{-939, 1850, -1291},0, {-16, 2603},{0xF8, 0xD9, 0x87, 0xFE}}},
	{{{709, 2108, -1291},0, {-16, -3355},{0xBE, 0x5F, 0xCA, 0xFE}}},
	{{{657, 1968, -2058},0, {1008, -974},{0x92, 0xC4, 0x18, 0xFF}}},
	{{{657, 1968, -1291},0, {1008, -3355},{0xDD, 0xE8, 0x88, 0xFE}}},
	{{{709, 2108, -2058},0, {-16, -974},{0xB6, 0x66, 0xF, 0xFF}}},
	{{{585, 2108, -2338},0, {-16, -16},{0xC4, 0x61, 0x38, 0xFF}}},
	{{{657, 1968, -2058},0, {1008, -974},{0x92, 0xC4, 0x18, 0xFF}}},
	{{{709, 2108, -2058},0, {-16, -974},{0xB6, 0x66, 0xF, 0xFF}}},
	{{{533, 1968, -2338},0, {1008, -16},{0xB9, 0xC3, 0x56, 0xFF}}},
	{{{286, 2108, -2454},0, {-16, 1008},{0xEC, 0x5A, 0x58, 0xFF}}},
	{{{233, 1968, -2454},0, {1008, 1008},{0xF2, 0xAF, 0x60, 0xFF}}},
	{{{1995, 988, -1291},0, {-16, 1008},{0x11, 0x70, 0xC7, 0xFE}}},
	{{{1995, 988, -2058},0, {-16, 2603},{0x10, 0x7D, 0xF, 0xFF}}},
	{{{1868, 922, -2058},0, {1008, 2603},{0x87, 0x1E, 0x17, 0xFF}}},
	{{{1868, 922, -1291},0, {1008, 1008},{0xD4, 0x6, 0x89, 0xFE}}},
	{{{2112, -711, -1291},0, {-16, -16},{0x5B, 0x44, 0xC7, 0xFE}}},
	{{{2112, -711, -2058},0, {1008, -16},{0x63, 0x4E, 0xF, 0xFF}}},
	{{{1986, -673, -2058},0, {1008, -974},{0xBF, 0x6B, 0x17, 0xFF}}},
	{{{1986, -673, -1291},0, {-16, -974},{0xE6, 0x24, 0x89, 0xFE}}},
	{{{-1300, 1682, -2454},0, {-16, 4535},{0xB2, 0x32, 0x57, 0xFF}}},
	{{{-1700, 1282, -2454},0, {1008, 4535},{0xD0, 0x4D, 0x59, 0xFF}}},
	{{{-1574, 1216, -2454},0, {1008, 3584},{0x44, 0xD1, 0x60, 0xFF}}},
	{{{-1248, 1542, -2454},0, {-16, 3584},{0x30, 0xBD, 0x61, 0xFF}}},
	{{{1291, -1699, -2454},0, {-16, 4535},{0x4E, 0xCF, 0x58, 0xFF}}},
	{{{1239, -1587, -2454},0, {-16, 6916},{0xD0, 0x44, 0x60, 0xFF}}},
	{{{1028, -1798, -2338},0, {1008, 6916},{0x7, 0x5E, 0x55, 0xFF}}},
	{{{1080, -1910, -2338},0, {1008, 4535},{0x6F, 0xE7, 0x39, 0xFF}}},
	{{{1080, -1910, -2338},0, {-16, -3355},{0x6F, 0xE7, 0x39, 0xFF}}},
	{{{1028, -1798, -2338},0, {-16, -974},{0x7, 0x5E, 0x55, 0xFF}}},
	{{{940, -1886, -2058},0, {1008, -974},{0x22, 0x78, 0x18, 0xFF}}},
	{{{992, -1998, -2058},0, {1008, -3355},{0x7D, 0xED, 0xF, 0xFF}}},
	{{{1995, -995, -2058},0, {-16, -7596},{0x1D, 0x85, 0xE, 0xFF}}},
	{{{1868, -957, -2058},0, {-16, -3355},{0x8D, 0xD1, 0x1B, 0xFF}}},
	{{{1775, -1050, -2338},0, {1008, -3355},{0xA9, 0xF5, 0x5C, 0xFF}}},
	{{{1901, -1088, -2338},0, {1008, -7596},{0x20, 0x90, 0x34, 0xFF}}},
	{{{1901, -1088, -2338},0, {-16, 1008},{0x20, 0x90, 0x34, 0xFF}}},
	{{{1775, -1050, -2338},0, {-16, 2603},{0xA9, 0xF5, 0x5C, 0xFF}}},
	{{{1550, -1275, -2454},0, {1008, 2603},{0xBE, 0x31, 0x61, 0xFF}}},
	{{{1677, -1313, -2454},0, {1008, 1008},{0x33, 0xB1, 0x56, 0xFF}}},
	{{{-270, -2115, -2454},0, {-16, 1008},{0x14, 0xA5, 0x57, 0xFF}}},
	{{{-218, -2003, -2454},0, {1008, 1008},{0xC, 0x52, 0x61, 0xFF}}},
	{{{-527, -2003, -2338},0, {1008, -16},{0x46, 0x39, 0x5A, 0xFF}}},
	{{{-580, -2115, -2338},0, {-16, -16},{0x3A, 0x9C, 0x36, 0xFF}}},
	{{{-656, -2003, -2058},0, {1008, -974},{0x71, 0x35, 0x1A, 0xFF}}},
	{{{-708, -2115, -2058},0, {-16, -974},{0x46, 0x97, 0xE, 0xFF}}},
	{{{709, -2115, -2058},0, {-16, 4535},{0xBA, 0x97, 0xE, 0xFF}}},
	{{{657, -2003, -2058},0, {1008, 4535},{0x8F, 0x35, 0x1A, 0xFF}}},
	{{{528, -2003, -2338},0, {1008, 3584},{0xBA, 0x39, 0x5A, 0xFF}}},
	{{{581, -2115, -2338},0, {-16, 3584},{0xC6, 0x9C, 0x36, 0xFF}}},
	{{{219, -2003, -2454},0, {1008, 2603},{0xF4, 0x52, 0x61, 0xFF}}},
	{{{271, -2115, -2454},0, {-16, 2603},{0xEC, 0xA5, 0x57, 0xFF}}},
	{{{-1676, -1313, -2454},0, {-16, 4535},{0xCD, 0xB1, 0x56, 0xFF}}},
	{{{-1549, -1275, -2454},0, {-16, 6916},{0x42, 0x31, 0x61, 0xFF}}},
	{{{-1774, -1050, -2338},0, {1008, 6916},{0x57, 0xF5, 0x5C, 0xFF}}},
	{{{-1900, -1088, -2338},0, {1008, 4535},{0xE0, 0x90, 0x34, 0xFF}}},
	{{{-1900, -1088, -2338},0, {-16, -3355},{0xE0, 0x90, 0x34, 0xFF}}},
	{{{-1774, -1050, -2338},0, {-16, -974},{0x57, 0xF5, 0x5C, 0xFF}}},
	{{{-1867, -957, -2058},0, {1008, -974},{0x73, 0xD1, 0x1B, 0xFF}}},
	{{{-1994, -995, -2058},0, {1008, -3355},{0xE3, 0x85, 0xE, 0xFF}}},
	{{{-991, -1998, -2058},0, {-16, -7596},{0x83, 0xED, 0xF, 0xFF}}},
	{{{-939, -1886, -2058},0, {-16, -3355},{0xDE, 0x78, 0x18, 0xFF}}},
	{{{-1027, -1798, -2338},0, {1008, -3355},{0xF9, 0x5E, 0x55, 0xFF}}},
	{{{-1079, -1910, -2338},0, {1008, -7596},{0x91, 0xE7, 0x39, 0xFF}}},
	{{{-1079, -1910, -2338},0, {-16, 1008},{0x91, 0xE7, 0x39, 0xFF}}},
	{{{-1027, -1798, -2338},0, {-16, 2603},{0xF9, 0x5E, 0x55, 0xFF}}},
	{{{-1238, -1587, -2454},0, {1008, 2603},{0x30, 0x44, 0x60, 0xFF}}},
	{{{-1290, -1699, -2454},0, {1008, 1008},{0xB2, 0xCF, 0x58, 0xFF}}},
	{{{-2111, 573, -2338},0, {-16, -16},{0x9A, 0xC8, 0x34, 0xFF}}},
	{{{-1985, 638, -2058},0, {1008, -974},{0x31, 0x8E, 0x1B, 0xFF}}},
	{{{-2111, 705, -2058},0, {-16, -974},{0x95, 0xBD, 0xE, 0xFF}}},
	{{{-1985, 507, -2338},0, {1008, -16},{0x36, 0xBB, 0x5C, 0xFF}}},
	{{{-2111, 257, -2454},0, {-16, 1008},{0xA4, 0xEC, 0x56, 0xFF}}},
	{{{-1985, 190, -2454},0, {1008, 1008},{0x51, 0xF5, 0x61, 0xFF}}},
	{{{-1985, -259, -2454},0, {1008, 2603},{0x52, 0xE, 0x60, 0xFF}}},
	{{{-2111, -297, -2454},0, {-16, 2603},{0xA7, 0x14, 0x59, 0xFF}}},
	{{{-2111, -590, -2338},0, {-16, 3584},{0xA2, 0x3E, 0x3B, 0xFF}}},
	{{{-1985, -552, -2338},0, {1008, 3584},{0x40, 0x48, 0x53, 0xFF}}},
	{{{-2111, -711, -2058},0, {-16, 4535},{0x9D, 0x4E, 0xF, 0xFF}}},
	{{{-1985, -673, -2058},0, {1008, 4535},{0x41, 0x6B, 0x17, 0xFF}}},
	{{{-1300, 1682, -2454},0, {-16, 4535},{0xB2, 0x32, 0x57, 0xFF}}},
	{{{-1248, 1542, -2454},0, {-16, 6916},{0x30, 0xBD, 0x61, 0xFF}}},
	{{{-1030, 1760, -2338},0, {1008, 6916},{0xF7, 0xA6, 0x59, 0xFF}}},
	{{{-1082, 1900, -2338},0, {1008, 4535},{0x91, 0x1D, 0x36, 0xFF}}},
	{{{-1082, 1900, -2338},0, {-16, -3355},{0x91, 0x1D, 0x36, 0xFF}}},
	{{{-1030, 1760, -2338},0, {-16, -974},{0xF7, 0xA6, 0x59, 0xFF}}},
	{{{-939, 1850, -2058},0, {1008, -974},{0xD7, 0x8B, 0x1A, 0xFF}}},
	{{{-991, 1990, -2058},0, {1008, -3355},{0x84, 0x18, 0xE, 0xFF}}},
	{{{-1994, 988, -2058},0, {-16, -7596},{0xF0, 0x7D, 0xF, 0xFF}}},
	{{{-1867, 922, -2058},0, {-16, -3355},{0x79, 0x1E, 0x17, 0xFF}}},
	{{{-1781, 1008, -2338},0, {1008, -3355},{0x60, 0x5, 0x53, 0xFF}}},
	{{{-1907, 1074, -2338},0, {1008, -7596},{0xEA, 0x6F, 0x3A, 0xFF}}},
	{{{-1907, 1074, -2338},0, {-16, 1008},{0xEA, 0x6F, 0x3A, 0xFF}}},
	{{{-1781, 1008, -2338},0, {-16, 2603},{0x60, 0x5, 0x53, 0xFF}}},
	{{{-1574, 1216, -2454},0, {1008, 2603},{0x44, 0xD1, 0x60, 0xFF}}},
	{{{-1700, 1282, -2454},0, {1008, 1008},{0xD0, 0x4D, 0x59, 0xFF}}},
	{{{-708, 2108, -2058},0, {-16, 4535},{0x4A, 0x66, 0xF, 0xFF}}},
	{{{-656, 1968, -2058},0, {1008, 4535},{0x6E, 0xC4, 0x18, 0xFF}}},
	{{{-532, 1968, -2338},0, {1008, 3584},{0x47, 0xC3, 0x56, 0xFF}}},
	{{{-584, 2108, -2338},0, {-16, 3584},{0x3C, 0x61, 0x38, 0xFF}}},
	{{{-584, 2108, -2338},0, {-16, 3584},{0x3C, 0x61, 0x38, 0xFF}}},
	{{{-532, 1968, -2338},0, {1008, 3584},{0x47, 0xC3, 0x56, 0xFF}}},
	{{{-232, 1968, -2454},0, {1008, 2603},{0xE, 0xAF, 0x60, 0xFF}}},
	{{{-285, 2108, -2454},0, {-16, 2603},{0x14, 0x5A, 0x58, 0xFF}}},
	{{{1701, 1282, -2454},0, {-16, 4535},{0x30, 0x4D, 0x59, 0xFF}}},
	{{{1575, 1216, -2454},0, {-16, 6916},{0xBC, 0xD1, 0x60, 0xFF}}},
	{{{1782, 1008, -2338},0, {1008, 6916},{0xA0, 0x5, 0x53, 0xFF}}},
	{{{1908, 1074, -2338},0, {1008, 4535},{0x16, 0x6F, 0x3A, 0xFF}}},
	{{{1908, 1074, -2338},0, {-16, -3355},{0x16, 0x6F, 0x3A, 0xFF}}},
	{{{1782, 1008, -2338},0, {-16, -974},{0xA0, 0x5, 0x53, 0xFF}}},
	{{{1868, 922, -2058},0, {1008, -974},{0x87, 0x1E, 0x17, 0xFF}}},
	{{{1995, 988, -2058},0, {1008, -3355},{0x10, 0x7D, 0xF, 0xFF}}},
	{{{992, 1990, -2058},0, {-16, -7596},{0x7C, 0x18, 0xE, 0xFF}}},
	{{{940, 1850, -2058},0, {-16, -3355},{0x29, 0x8B, 0x1A, 0xFF}}},
	{{{1031, 1760, -2338},0, {1008, -3355},{0x9, 0xA6, 0x59, 0xFF}}},
	{{{1083, 1900, -2338},0, {1008, -7596},{0x6F, 0x1D, 0x36, 0xFF}}},
	{{{1083, 1900, -2338},0, {-16, 1008},{0x6F, 0x1D, 0x36, 0xFF}}},
	{{{1031, 1760, -2338},0, {-16, 2603},{0x9, 0xA6, 0x59, 0xFF}}},
	{{{1249, 1542, -2454},0, {1008, 2603},{0xD0, 0xBD, 0x61, 0xFF}}},
	{{{1301, 1682, -2454},0, {1008, 1008},{0x4E, 0x32, 0x57, 0xFF}}},
	{{{2112, -297, -2454},0, {-16, 1008},{0x59, 0x14, 0x59, 0xFF}}},
	{{{1986, -259, -2454},0, {1008, 1008},{0xAE, 0xE, 0x60, 0xFF}}},
	{{{1986, -552, -2338},0, {1008, -16},{0xC0, 0x48, 0x53, 0xFF}}},
	{{{2112, -590, -2338},0, {-16, -16},{0x5E, 0x3E, 0x3B, 0xFF}}},
	{{{1986, -673, -2058},0, {1008, -974},{0xBF, 0x6B, 0x17, 0xFF}}},
	{{{2112, -711, -2058},0, {-16, -974},{0x63, 0x4E, 0xF, 0xFF}}},
	{{{2112, 705, -2058},0, {-16, 4535},{0x6B, 0xBD, 0xE, 0xFF}}},
	{{{1986, 638, -2058},0, {1008, 4535},{0xCF, 0x8E, 0x1B, 0xFF}}},
	{{{1986, 507, -2338},0, {1008, 3584},{0xCA, 0xBB, 0x5C, 0xFF}}},
	{{{2112, 573, -2338},0, {-16, 3584},{0x66, 0xC8, 0x34, 0xFF}}},
	{{{1986, 190, -2454},0, {1008, 2603},{0xAF, 0xF5, 0x61, 0xFF}}},
	{{{2112, 257, -2454},0, {-16, 2603},{0x5C, 0xEC, 0x56, 0xFF}}},
};

Gfx castle_courtyard_dl_e_atrium_mesh_layer_1_tri_1[] = {
	gsSPVertex(castle_courtyard_dl_e_atrium_mesh_layer_1_vtx_1 + 0, 16, 0),
	gsSP1Triangle(0, 1, 2, 0),
	gsSP1Triangle(0, 2, 3, 0),
	gsSP1Triangle(4, 5, 6, 0),
	gsSP1Triangle(4, 6, 7, 0),
	gsSP1Triangle(8, 9, 10, 0),
	gsSP1Triangle(8, 10, 11, 0),
	gsSP1Triangle(12, 13, 14, 0),
	gsSP1Triangle(12, 14, 15, 0),
	gsSPVertex(castle_courtyard_dl_e_atrium_mesh_layer_1_vtx_1 + 16, 16, 0),
	gsSP1Triangle(0, 1, 2, 0),
	gsSP1Triangle(0, 2, 3, 0),
	gsSP1Triangle(4, 5, 6, 0),
	gsSP1Triangle(4, 6, 7, 0),
	gsSP1Triangle(8, 9, 10, 0),
	gsSP1Triangle(8, 10, 11, 0),
	gsSP1Triangle(12, 13, 14, 0),
	gsSP1Triangle(12, 14, 15, 0),
	gsSPVertex(castle_courtyard_dl_e_atrium_mesh_layer_1_vtx_1 + 32, 16, 0),
	gsSP1Triangle(0, 1, 2, 0),
	gsSP1Triangle(0, 2, 3, 0),
	gsSP1Triangle(4, 5, 6, 0),
	gsSP1Triangle(4, 6, 7, 0),
	gsSP1Triangle(8, 9, 10, 0),
	gsSP1Triangle(8, 10, 11, 0),
	gsSP1Triangle(12, 13, 14, 0),
	gsSP1Triangle(12, 14, 15, 0),
	gsSPVertex(castle_courtyard_dl_e_atrium_mesh_layer_1_vtx_1 + 48, 16, 0),
	gsSP1Triangle(0, 1, 2, 0),
	gsSP1Triangle(0, 2, 3, 0),
	gsSP1Triangle(4, 5, 6, 0),
	gsSP1Triangle(4, 6, 7, 0),
	gsSP1Triangle(8, 9, 10, 0),
	gsSP1Triangle(8, 10, 11, 0),
	gsSP1Triangle(12, 13, 14, 0),
	gsSP1Triangle(12, 14, 15, 0),
	gsSPVertex(castle_courtyard_dl_e_atrium_mesh_layer_1_vtx_1 + 64, 16, 0),
	gsSP1Triangle(0, 1, 2, 0),
	gsSP1Triangle(0, 2, 3, 0),
	gsSP1Triangle(4, 5, 6, 0),
	gsSP1Triangle(4, 6, 7, 0),
	gsSP1Triangle(8, 9, 10, 0),
	gsSP1Triangle(8, 10, 11, 0),
	gsSP1Triangle(12, 13, 14, 0),
	gsSP1Triangle(12, 14, 15, 0),
	gsSPVertex(castle_courtyard_dl_e_atrium_mesh_layer_1_vtx_1 + 80, 16, 0),
	gsSP1Triangle(0, 1, 2, 0),
	gsSP1Triangle(0, 2, 3, 0),
	gsSP1Triangle(4, 5, 6, 0),
	gsSP1Triangle(4, 6, 7, 0),
	gsSP1Triangle(8, 9, 10, 0),
	gsSP1Triangle(8, 10, 11, 0),
	gsSP1Triangle(12, 13, 14, 0),
	gsSP1Triangle(12, 14, 15, 0),
	gsSPVertex(castle_courtyard_dl_e_atrium_mesh_layer_1_vtx_1 + 96, 16, 0),
	gsSP1Triangle(0, 1, 2, 0),
	gsSP1Triangle(0, 2, 3, 0),
	gsSP1Triangle(4, 5, 6, 0),
	gsSP1Triangle(4, 6, 7, 0),
	gsSP1Triangle(8, 9, 10, 0),
	gsSP1Triangle(8, 10, 11, 0),
	gsSP1Triangle(12, 13, 14, 0),
	gsSP1Triangle(12, 15, 13, 0),
	gsSPVertex(castle_courtyard_dl_e_atrium_mesh_layer_1_vtx_1 + 112, 14, 0),
	gsSP1Triangle(0, 1, 2, 0),
	gsSP1Triangle(0, 3, 1, 0),
	gsSP1Triangle(4, 3, 0, 0),
	gsSP1Triangle(4, 5, 3, 0),
	gsSP1Triangle(6, 7, 8, 0),
	gsSP1Triangle(6, 8, 9, 0),
	gsSP1Triangle(10, 11, 12, 0),
	gsSP1Triangle(10, 12, 13, 0),
	gsSPVertex(castle_courtyard_dl_e_atrium_mesh_layer_1_vtx_1 + 126, 16, 0),
	gsSP1Triangle(0, 1, 2, 0),
	gsSP1Triangle(0, 2, 3, 0),
	gsSP1Triangle(4, 5, 6, 0),
	gsSP1Triangle(4, 6, 7, 0),
	gsSP1Triangle(8, 9, 10, 0),
	gsSP1Triangle(8, 10, 11, 0),
	gsSP1Triangle(12, 13, 14, 0),
	gsSP1Triangle(12, 14, 15, 0),
	gsSPVertex(castle_courtyard_dl_e_atrium_mesh_layer_1_vtx_1 + 142, 16, 0),
	gsSP1Triangle(0, 1, 2, 0),
	gsSP1Triangle(0, 2, 3, 0),
	gsSP1Triangle(4, 5, 6, 0),
	gsSP1Triangle(4, 6, 7, 0),
	gsSP1Triangle(7, 6, 8, 0),
	gsSP1Triangle(7, 8, 9, 0),
	gsSP1Triangle(10, 11, 12, 0),
	gsSP1Triangle(10, 12, 13, 0),
	gsSP1Triangle(13, 12, 14, 0),
	gsSP1Triangle(13, 14, 15, 0),
	gsSPVertex(castle_courtyard_dl_e_atrium_mesh_layer_1_vtx_1 + 158, 16, 0),
	gsSP1Triangle(0, 1, 2, 0),
	gsSP1Triangle(0, 2, 3, 0),
	gsSP1Triangle(4, 5, 6, 0),
	gsSP1Triangle(4, 6, 7, 0),
	gsSP1Triangle(8, 9, 10, 0),
	gsSP1Triangle(8, 10, 11, 0),
	gsSP1Triangle(12, 13, 14, 0),
	gsSP1Triangle(12, 14, 15, 0),
	gsSPVertex(castle_courtyard_dl_e_atrium_mesh_layer_1_vtx_1 + 174, 16, 0),
	gsSP1Triangle(0, 1, 2, 0),
	gsSP1Triangle(0, 3, 1, 0),
	gsSP1Triangle(4, 3, 0, 0),
	gsSP1Triangle(4, 5, 3, 0),
	gsSP1Triangle(4, 6, 5, 0),
	gsSP1Triangle(4, 7, 6, 0),
	gsSP1Triangle(8, 6, 7, 0),
	gsSP1Triangle(8, 9, 6, 0),
	gsSP1Triangle(10, 9, 8, 0),
	gsSP1Triangle(10, 11, 9, 0),
	gsSP1Triangle(12, 13, 14, 0),
	gsSP1Triangle(12, 14, 15, 0),
	gsSPVertex(castle_courtyard_dl_e_atrium_mesh_layer_1_vtx_1 + 190, 16, 0),
	gsSP1Triangle(0, 1, 2, 0),
	gsSP1Triangle(0, 2, 3, 0),
	gsSP1Triangle(4, 5, 6, 0),
	gsSP1Triangle(4, 6, 7, 0),
	gsSP1Triangle(8, 9, 10, 0),
	gsSP1Triangle(8, 10, 11, 0),
	gsSP1Triangle(12, 13, 14, 0),
	gsSP1Triangle(12, 14, 15, 0),
	gsSPVertex(castle_courtyard_dl_e_atrium_mesh_layer_1_vtx_1 + 206, 16, 0),
	gsSP1Triangle(0, 1, 2, 0),
	gsSP1Triangle(0, 2, 3, 0),
	gsSP1Triangle(4, 5, 6, 0),
	gsSP1Triangle(4, 6, 7, 0),
	gsSP1Triangle(8, 9, 10, 0),
	gsSP1Triangle(8, 10, 11, 0),
	gsSP1Triangle(12, 13, 14, 0),
	gsSP1Triangle(12, 14, 15, 0),
	gsSPVertex(castle_courtyard_dl_e_atrium_mesh_layer_1_vtx_1 + 222, 16, 0),
	gsSP1Triangle(0, 1, 2, 0),
	gsSP1Triangle(0, 2, 3, 0),
	gsSP1Triangle(4, 5, 6, 0),
	gsSP1Triangle(4, 6, 7, 0),
	gsSP1Triangle(7, 6, 8, 0),
	gsSP1Triangle(7, 8, 9, 0),
	gsSP1Triangle(10, 11, 12, 0),
	gsSP1Triangle(10, 12, 13, 0),
	gsSP1Triangle(13, 12, 14, 0),
	gsSP1Triangle(13, 14, 15, 0),
	gsSPEndDisplayList(),
};

Vtx castle_courtyard_dl_e_atrium_mesh_layer_1_vtx_2[214] = {
	{{{-874, 2108, -2787},0, {-4948, -4031},{0x0, 0x7F, 0x0, 0xFF}}},
	{{{-874, 2108, -1291},0, {-4948, 6327},{0x0, 0x7F, 0x0, 0xFF}}},
	{{{-708, 2108, -1291},0, {-3758, 6309},{0x0, 0x7F, 0x0, 0xFE}}},
	{{{-708, 2108, -2058},0, {-3758, 1017},{0x0, 0x7F, 0x0, 0xFF}}},
	{{{-584, 2108, -2338},0, {-2909, -925},{0x0, 0x7F, 0x0, 0xFF}}},
	{{{-285, 2108, -2454},0, {-766, -1730},{0x0, 0x7F, 0x0, 0xFF}}},
	{{{286, 2108, -2454},0, {2985, -1730},{0x0, 0x7F, 0x0, 0xFF}}},
	{{{875, 2108, -2787},0, {7167, -4031},{0x0, 0x7F, 0x0, 0xFF}}},
	{{{585, 2108, -2338},0, {5128, -925},{0x0, 0x7F, 0x0, 0xFF}}},
	{{{709, 2108, -2058},0, {6016, 1018},{0x0, 0x7F, 0x0, 0xFF}}},
	{{{709, 2108, -1291},0, {6016, 6327},{0x0, 0x7F, 0x0, 0xFE}}},
	{{{875, 2108, -1291},0, {7167, 6327},{0x0, 0x7F, 0x0, 0xFF}}},
	{{{823, 1968, -2787},0, {-4948, -4031},{0x0, 0x81, 0x0, 0xFF}}},
	{{{823, 1968, -1291},0, {-4948, 6327},{0x0, 0x81, 0x0, 0xFF}}},
	{{{657, 1968, -1291},0, {-3758, 6309},{0x0, 0x81, 0x0, 0xFE}}},
	{{{657, 1968, -2058},0, {-3758, 1017},{0x0, 0x81, 0x0, 0xFF}}},
	{{{823, 1968, -2787},0, {-4948, -4031},{0x0, 0x81, 0x0, 0xFF}}},
	{{{657, 1968, -2058},0, {-3758, 1017},{0x0, 0x81, 0x0, 0xFF}}},
	{{{533, 1968, -2338},0, {-2909, -925},{0x0, 0x81, 0x0, 0xFF}}},
	{{{233, 1968, -2454},0, {-766, -1730},{0x0, 0x81, 0x0, 0xFF}}},
	{{{-232, 1968, -2454},0, {2985, -1730},{0x0, 0x81, 0x0, 0xFF}}},
	{{{-822, 1968, -2787},0, {7167, -4031},{0x0, 0x81, 0x0, 0xFF}}},
	{{{-532, 1968, -2338},0, {5128, -925},{0x0, 0x81, 0x0, 0xFF}}},
	{{{-656, 1968, -2058},0, {6016, 1018},{0x0, 0x81, 0x0, 0xFF}}},
	{{{-656, 1968, -1291},0, {6016, 6327},{0x0, 0x81, 0x0, 0xFE}}},
	{{{-822, 1968, -1291},0, {7167, 6327},{0x0, 0x81, 0x0, 0xFF}}},
	{{{823, -2003, -2787},0, {-4948, -4031},{0xA6, 0x5A, 0x0, 0xFF}}},
	{{{823, -2003, -1291},0, {-4963, 6279},{0xA6, 0x5A, 0x0, 0xFF}}},
	{{{940, -1886, -1291},0, {-3758, 6279},{0xA6, 0x5A, 0x0, 0xFE}}},
	{{{940, -1886, -2058},0, {-3758, 1017},{0xA6, 0x5A, 0x0, 0xFF}}},
	{{{1028, -1798, -2338},0, {-2909, -925},{0xA6, 0x5A, 0x0, 0xFF}}},
	{{{1239, -1587, -2454},0, {-766, -1730},{0xA6, 0x5A, 0x0, 0xFF}}},
	{{{823, -2003, -2787},0, {-4948, -4031},{0xA6, 0x5A, 0x0, 0xFF}}},
	{{{1239, -1587, -2454},0, {-766, -1730},{0xA6, 0x5A, 0x0, 0xFF}}},
	{{{1550, -1275, -2454},0, {2985, -1730},{0xA6, 0x5A, 0x0, 0xFF}}},
	{{{1986, -839, -2787},0, {7167, -4031},{0xA6, 0x5A, 0x0, 0xFF}}},
	{{{1775, -1050, -2338},0, {5128, -925},{0xA6, 0x5A, 0x0, 0xFF}}},
	{{{1868, -957, -2058},0, {6016, 1018},{0xA6, 0x5A, 0x0, 0xFF}}},
	{{{1868, -957, -1291},0, {6016, 6327},{0xA6, 0x5A, 0x0, 0xFE}}},
	{{{1986, -839, -1291},0, {7167, 6327},{0xA6, 0x5A, 0x0, 0xFF}}},
	{{{2112, -877, -2787},0, {-4948, -4031},{0x5A, 0xA6, 0x0, 0xFF}}},
	{{{2112, -877, -1291},0, {-4948, 6327},{0x5A, 0xA6, 0x0, 0xFF}}},
	{{{1995, -995, -1291},0, {-3758, 6309},{0x5A, 0xA6, 0x0, 0xFE}}},
	{{{1995, -995, -2058},0, {-3758, 1017},{0x5A, 0xA6, 0x0, 0xFF}}},
	{{{1901, -1088, -2338},0, {-2909, -925},{0x5A, 0xA6, 0x0, 0xFF}}},
	{{{1677, -1313, -2454},0, {-766, -1730},{0x5A, 0xA6, 0x0, 0xFF}}},
	{{{1291, -1699, -2454},0, {2985, -1730},{0x5A, 0xA6, 0x0, 0xFF}}},
	{{{875, -2115, -2787},0, {7167, -4031},{0x5A, 0xA6, 0x0, 0xFF}}},
	{{{1291, -1699, -2454},0, {2985, -1730},{0x5A, 0xA6, 0x0, 0xFF}}},
	{{{1080, -1910, -2338},0, {5128, -925},{0x5A, 0xA6, 0x0, 0xFF}}},
	{{{875, -2115, -2787},0, {7167, -4031},{0x5A, 0xA6, 0x0, 0xFF}}},
	{{{992, -1998, -2058},0, {6016, 1018},{0x5A, 0xA6, 0x0, 0xFF}}},
	{{{992, -1998, -1291},0, {6016, 6327},{0x5A, 0xA6, 0x0, 0xFE}}},
	{{{875, -2115, -1291},0, {7167, 6327},{0x5A, 0xA6, 0x0, 0xFF}}},
	{{{-1985, -839, -2787},0, {-4948, -4031},{0x5A, 0x5A, 0x0, 0xFF}}},
	{{{-1985, -839, -1291},0, {-4948, 6327},{0x5A, 0x5A, 0x0, 0xFF}}},
	{{{-1867, -957, -1291},0, {-3758, 6309},{0x5A, 0x5A, 0x0, 0xFE}}},
	{{{-1867, -957, -2058},0, {-3758, 1017},{0x5A, 0x5A, 0x0, 0xFF}}},
	{{{-1774, -1050, -2338},0, {-2909, -925},{0x5A, 0x5A, 0x0, 0xFF}}},
	{{{-1549, -1275, -2454},0, {-766, -1730},{0x5A, 0x5A, 0x0, 0xFF}}},
	{{{-1238, -1587, -2454},0, {2985, -1730},{0x5A, 0x5A, 0x0, 0xFF}}},
	{{{-822, -2003, -2787},0, {7167, -4031},{0x5A, 0x5A, 0x0, 0xFF}}},
	{{{-1027, -1798, -2338},0, {5128, -925},{0x5A, 0x5A, 0x0, 0xFF}}},
	{{{-939, -1886, -2058},0, {6016, 1018},{0x5A, 0x5A, 0x0, 0xFF}}},
	{{{-939, -1886, -2058},0, {6016, 1018},{0x5A, 0x5A, 0x0, 0xFF}}},
	{{{-939, -1886, -1291},0, {6016, 6327},{0x5A, 0x5A, 0x0, 0xFE}}},
	{{{-822, -2003, -2787},0, {7167, -4031},{0x5A, 0x5A, 0x0, 0xFF}}},
	{{{-822, -2003, -1291},0, {7167, 6327},{0x5A, 0x5A, 0x0, 0xFF}}},
	{{{1986, 638, -1291},0, {-3758, 6279},{0x81, 0x0, 0x0, 0xFE}}},
	{{{1986, 804, -1291},0, {-4963, 6279},{0x81, 0x0, 0x0, 0xFF}}},
	{{{1986, 804, -2787},0, {-4948, -4031},{0x81, 0x0, 0x0, 0xFF}}},
	{{{1986, 638, -2058},0, {-3758, 1017},{0x81, 0x0, 0x0, 0xFF}}},
	{{{1986, 507, -2338},0, {-2909, -925},{0x81, 0x0, 0x0, 0xFF}}},
	{{{1986, 190, -2454},0, {-766, -1730},{0x81, 0x0, 0x0, 0xFF}}},
	{{{1986, -839, -2787},0, {7167, -4031},{0x81, 0x0, 0x0, 0xFF}}},
	{{{1986, -259, -2454},0, {2985, -1730},{0x81, 0x0, 0x0, 0xFF}}},
	{{{1986, -552, -2338},0, {5128, -925},{0x81, 0x0, 0x0, 0xFF}}},
	{{{1986, -673, -2058},0, {6016, 1018},{0x81, 0x0, 0x0, 0xFF}}},
	{{{1986, -673, -1291},0, {6016, 6327},{0x81, 0x0, 0x0, 0xFE}}},
	{{{1986, -839, -1291},0, {7167, 6327},{0x81, 0x0, 0x0, 0xFF}}},
	{{{1986, 804, -2787},0, {-4946, -4025},{0xA6, 0xA6, 0x0, 0xFF}}},
	{{{1986, 804, -1291},0, {-4946, 6333},{0xA6, 0xA6, 0x0, 0xFF}}},
	{{{1868, 922, -1291},0, {-3756, 6314},{0xA6, 0xA6, 0x0, 0xFE}}},
	{{{1868, 922, -2058},0, {-3756, 1023},{0xA6, 0xA6, 0x0, 0xFF}}},
	{{{1782, 1008, -2338},0, {-2907, -920},{0xA6, 0xA6, 0x0, 0xFF}}},
	{{{1575, 1216, -2454},0, {-764, -1724},{0xA6, 0xA6, 0x0, 0xFF}}},
	{{{1249, 1542, -2454},0, {2987, -1724},{0xA6, 0xA6, 0x0, 0xFF}}},
	{{{823, 1968, -2787},0, {7169, -4025},{0xA6, 0xA6, 0x0, 0xFF}}},
	{{{1031, 1760, -2338},0, {5130, -920},{0xA6, 0xA6, 0x0, 0xFF}}},
	{{{940, 1850, -2058},0, {6018, 1023},{0xA6, 0xA6, 0x0, 0xFF}}},
	{{{940, 1850, -1291},0, {6018, 6333},{0xA6, 0xA6, 0x0, 0xFE}}},
	{{{823, 1968, -1291},0, {7169, 6333},{0xA6, 0xA6, 0x0, 0xFF}}},
	{{{657, -2003, -1291},0, {6016, 6327},{0x0, 0x7F, 0x0, 0xFE}}},
	{{{823, -2003, -1291},0, {7167, 6327},{0x0, 0x7F, 0x0, 0xFF}}},
	{{{823, -2003, -2787},0, {7167, -4031},{0x0, 0x7F, 0x0, 0xFF}}},
	{{{657, -2003, -2058},0, {6016, 1018},{0x0, 0x7F, 0x0, 0xFF}}},
	{{{528, -2003, -2338},0, {5128, -925},{0x0, 0x7F, 0x0, 0xFF}}},
	{{{657, -2003, -2058},0, {6016, 1018},{0x0, 0x7F, 0x0, 0xFF}}},
	{{{823, -2003, -2787},0, {7167, -4031},{0x0, 0x7F, 0x0, 0xFF}}},
	{{{219, -2003, -2454},0, {2985, -1730},{0x0, 0x7F, 0x0, 0xFF}}},
	{{{-822, -2003, -2787},0, {-4948, -4031},{0x0, 0x7F, 0x0, 0xFF}}},
	{{{-218, -2003, -2454},0, {-766, -1730},{0x0, 0x7F, 0x0, 0xFF}}},
	{{{-527, -2003, -2338},0, {-2909, -925},{0x0, 0x7F, 0x0, 0xFF}}},
	{{{-656, -2003, -2058},0, {-3758, 1017},{0x0, 0x7F, 0x0, 0xFF}}},
	{{{-656, -2003, -1291},0, {-3758, 6309},{0x0, 0x7F, 0x0, 0xFE}}},
	{{{-822, -2003, -1291},0, {-4948, 6327},{0x0, 0x7F, 0x0, 0xFF}}},
	{{{-822, 1968, -2787},0, {-4948, -4031},{0x5A, 0xA6, 0x0, 0xFF}}},
	{{{-822, 1968, -1291},0, {-4948, 6327},{0x5A, 0xA6, 0x0, 0xFF}}},
	{{{-939, 1850, -1291},0, {-3758, 6309},{0x5A, 0xA6, 0x0, 0xFE}}},
	{{{-939, 1850, -2058},0, {-3758, 1017},{0x5A, 0xA6, 0x0, 0xFF}}},
	{{{-1030, 1760, -2338},0, {-2909, -925},{0x5A, 0xA6, 0x0, 0xFF}}},
	{{{-1248, 1542, -2454},0, {-766, -1730},{0x5A, 0xA6, 0x0, 0xFF}}},
	{{{-822, 1968, -2787},0, {-4948, -4031},{0x5A, 0xA6, 0x0, 0xFF}}},
	{{{-1248, 1542, -2454},0, {-766, -1730},{0x5A, 0xA6, 0x0, 0xFF}}},
	{{{-1574, 1216, -2454},0, {2985, -1730},{0x5A, 0xA6, 0x0, 0xFF}}},
	{{{-1985, 804, -2787},0, {7167, -4031},{0x5A, 0xA6, 0x0, 0xFF}}},
	{{{-1781, 1008, -2338},0, {5128, -925},{0x5A, 0xA6, 0x0, 0xFF}}},
	{{{-1867, 922, -2058},0, {6016, 1018},{0x5A, 0xA6, 0x0, 0xFF}}},
	{{{-1867, 922, -1291},0, {6016, 6327},{0x5A, 0xA6, 0x0, 0xFE}}},
	{{{-1985, 804, -1291},0, {7167, 6327},{0x5A, 0xA6, 0x0, 0xFF}}},
	{{{-2111, 871, -2787},0, {-4948, -4031},{0xA6, 0x5A, 0x0, 0xFF}}},
	{{{-2111, 871, -1291},0, {-4948, 6327},{0xA6, 0x5A, 0x0, 0xFF}}},
	{{{-1994, 988, -1291},0, {-3758, 6309},{0xA6, 0x5A, 0x0, 0xFE}}},
	{{{-1994, 988, -2058},0, {-3758, 1017},{0xA6, 0x5A, 0x0, 0xFF}}},
	{{{-1907, 1074, -2338},0, {-2909, -925},{0xA6, 0x5A, 0x0, 0xFF}}},
	{{{-1700, 1282, -2454},0, {-766, -1730},{0xA6, 0x5A, 0x0, 0xFF}}},
	{{{-1300, 1682, -2454},0, {2985, -1730},{0xA6, 0x5A, 0x0, 0xFF}}},
	{{{-874, 2108, -2787},0, {7167, -4031},{0xA6, 0x5A, 0x0, 0xFF}}},
	{{{-1300, 1682, -2454},0, {2985, -1730},{0xA6, 0x5A, 0x0, 0xFF}}},
	{{{-1082, 1900, -2338},0, {5128, -925},{0xA6, 0x5A, 0x0, 0xFF}}},
	{{{-874, 2108, -2787},0, {7167, -4031},{0xA6, 0x5A, 0x0, 0xFF}}},
	{{{-991, 1990, -2058},0, {6016, 1018},{0xA6, 0x5A, 0x0, 0xFF}}},
	{{{-991, 1990, -1291},0, {6016, 6327},{0xA6, 0x5A, 0x0, 0xFE}}},
	{{{-874, 2108, -1291},0, {7167, 6327},{0xA6, 0x5A, 0x0, 0xFF}}},
	{{{-1985, 804, -2787},0, {-4948, -4031},{0x7F, 0x0, 0x0, 0xFF}}},
	{{{-1985, 804, -1291},0, {-4948, 6327},{0x7F, 0x0, 0x0, 0xFF}}},
	{{{-1985, 638, -1291},0, {-3758, 6309},{0x7F, 0x0, 0x0, 0xFE}}},
	{{{-1985, 638, -2058},0, {-3758, 1017},{0x7F, 0x0, 0x0, 0xFF}}},
	{{{-1985, 507, -2338},0, {-2909, -925},{0x7F, 0x0, 0x0, 0xFF}}},
	{{{-1985, 190, -2454},0, {-766, -1730},{0x7F, 0x0, 0x0, 0xFF}}},
	{{{-1985, -259, -2454},0, {2985, -1730},{0x7F, 0x0, 0x0, 0xFF}}},
	{{{-1985, -839, -2787},0, {7167, -4031},{0x7F, 0x0, 0x0, 0xFF}}},
	{{{-1985, -552, -2338},0, {5128, -925},{0x7F, 0x0, 0x0, 0xFF}}},
	{{{-1985, -673, -2058},0, {6016, 1018},{0x7F, 0x0, 0x0, 0xFF}}},
	{{{-1985, -673, -2058},0, {6016, 1018},{0x7F, 0x0, 0x0, 0xFF}}},
	{{{-1985, -673, -1291},0, {6016, 6327},{0x7F, 0x0, 0x0, 0xFE}}},
	{{{-1985, -839, -2787},0, {7167, -4031},{0x7F, 0x0, 0x0, 0xFF}}},
	{{{-1985, -839, -1291},0, {7167, 6327},{0x7F, 0x0, 0x0, 0xFF}}},
	{{{2112, 871, -2787},0, {-4986, -4175},{0x7F, 0x0, 0x0, 0xFF}}},
	{{{2112, 871, -1291},0, {-4986, 6091},{0x7F, 0x0, 0x0, 0xFF}}},
	{{{2112, 705, -1291},0, {-3846, 6091},{0x7F, 0x0, 0x0, 0xFE}}},
	{{{2112, 705, -2058},0, {-3846, 829},{0x7F, 0x0, 0x0, 0xFF}}},
	{{{2112, 573, -2338},0, {-2945, -1097},{0x7F, 0x0, 0x0, 0xFF}}},
	{{{2112, 257, -2454},0, {-770, -1895},{0x7F, 0x0, 0x0, 0xFF}}},
	{{{2112, -297, -2454},0, {3028, -1895},{0x7F, 0x0, 0x0, 0xFF}}},
	{{{2112, -877, -2787},0, {7013, -4175},{0x7F, 0x0, 0x0, 0xFF}}},
	{{{2112, -590, -2338},0, {5040, -1097},{0x7F, 0x0, 0x0, 0xFF}}},
	{{{2112, -711, -2058},0, {5873, 829},{0x7F, 0x0, 0x0, 0xFF}}},
	{{{2112, -711, -1291},0, {5873, 6091},{0x7F, 0x0, 0x0, 0xFE}}},
	{{{2112, -877, -1291},0, {7013, 6091},{0x7F, 0x0, 0x0, 0xFF}}},
	{{{875, 2108, -2787},0, {-4946, -4025},{0x5A, 0x5A, 0x0, 0xFF}}},
	{{{875, 2108, -1291},0, {-4946, 6333},{0x5A, 0x5A, 0x0, 0xFF}}},
	{{{992, 1990, -1291},0, {-3756, 6314},{0x5A, 0x5A, 0x0, 0xFE}}},
	{{{992, 1990, -2058},0, {-3756, 1023},{0x5A, 0x5A, 0x0, 0xFF}}},
	{{{1083, 1900, -2338},0, {-2907, -920},{0x5A, 0x5A, 0x0, 0xFF}}},
	{{{1301, 1682, -2454},0, {-764, -1724},{0x5A, 0x5A, 0x0, 0xFF}}},
	{{{1701, 1282, -2454},0, {2987, -1724},{0x5A, 0x5A, 0x0, 0xFF}}},
	{{{2112, 871, -2787},0, {7169, -4025},{0x5A, 0x5A, 0x0, 0xFF}}},
	{{{1908, 1074, -2338},0, {5130, -920},{0x5A, 0x5A, 0x0, 0xFF}}},
	{{{1995, 988, -2058},0, {6018, 1023},{0x5A, 0x5A, 0x0, 0xFF}}},
	{{{1995, 988, -1291},0, {6018, 6333},{0x5A, 0x5A, 0x0, 0xFE}}},
	{{{2112, 871, -1291},0, {7169, 6333},{0x5A, 0x5A, 0x0, 0xFF}}},
	{{{-874, -2115, -2787},0, {-4927, -4006},{0xA6, 0xA6, 0x0, 0xFF}}},
	{{{-874, -2115, -1291},0, {-4927, 6327},{0xA6, 0xA6, 0x0, 0xFF}}},
	{{{-991, -1998, -1291},0, {-3779, 6327},{0xA6, 0xA6, 0x0, 0xFE}}},
	{{{-991, -1998, -2058},0, {-3779, 1030},{0xA6, 0xA6, 0x0, 0xFF}}},
	{{{-874, -2115, -2787},0, {-4927, -4006},{0xA6, 0xA6, 0x0, 0xFF}}},
	{{{-991, -1998, -2058},0, {-3779, 1030},{0xA6, 0xA6, 0x0, 0xFF}}},
	{{{-1079, -1910, -2338},0, {-2924, -908},{0xA6, 0xA6, 0x0, 0xFF}}},
	{{{-1290, -1699, -2454},0, {-861, -1711},{0xA6, 0xA6, 0x0, 0xFF}}},
	{{{-1676, -1313, -2454},0, {2910, -1711},{0xA6, 0xA6, 0x0, 0xFF}}},
	{{{-2111, -877, -2787},0, {7167, -4006},{0xA6, 0xA6, 0x0, 0xFF}}},
	{{{-1900, -1088, -2338},0, {5108, -908},{0xA6, 0xA6, 0x0, 0xFF}}},
	{{{-1994, -995, -2058},0, {6019, 1030},{0xA6, 0xA6, 0x0, 0xFF}}},
	{{{-1994, -995, -1291},0, {6019, 6327},{0xA6, 0xA6, 0x0, 0xFE}}},
	{{{-2111, -877, -1291},0, {7167, 6327},{0xA6, 0xA6, 0x0, 0xFF}}},
	{{{875, -2115, -2787},0, {-4948, -4031},{0x0, 0x81, 0x0, 0xFF}}},
	{{{875, -2115, -1291},0, {-4948, 6327},{0x0, 0x81, 0x0, 0xFF}}},
	{{{709, -2115, -1291},0, {-3758, 6309},{0x0, 0x81, 0x0, 0xFE}}},
	{{{709, -2115, -2058},0, {-3758, 1017},{0x0, 0x81, 0x0, 0xFF}}},
	{{{581, -2115, -2338},0, {-2909, -925},{0x0, 0x81, 0x0, 0xFF}}},
	{{{271, -2115, -2454},0, {-766, -1730},{0x0, 0x81, 0x0, 0xFF}}},
	{{{875, -2115, -2787},0, {-4948, -4031},{0x0, 0x81, 0x0, 0xFF}}},
	{{{271, -2115, -2454},0, {-766, -1730},{0x0, 0x81, 0x0, 0xFF}}},
	{{{-270, -2115, -2454},0, {2985, -1730},{0x0, 0x81, 0x0, 0xFF}}},
	{{{-874, -2115, -2787},0, {7167, -4031},{0x0, 0x81, 0x0, 0xFF}}},
	{{{-580, -2115, -2338},0, {5128, -925},{0x0, 0x81, 0x0, 0xFF}}},
	{{{-708, -2115, -2058},0, {6016, 1018},{0x0, 0x81, 0x0, 0xFF}}},
	{{{-708, -2115, -1291},0, {6016, 6327},{0x0, 0x81, 0x0, 0xFE}}},
	{{{-874, -2115, -1291},0, {7167, 6327},{0x0, 0x81, 0x0, 0xFF}}},
	{{{-2111, -877, -2787},0, {-4948, -4031},{0x81, 0x0, 0x0, 0xFF}}},
	{{{-2111, -877, -1291},0, {-4948, 6327},{0x81, 0x0, 0x0, 0xFF}}},
	{{{-2111, -711, -1291},0, {-3758, 6309},{0x81, 0x0, 0x0, 0xFE}}},
	{{{-2111, -711, -2058},0, {-3758, 1017},{0x81, 0x0, 0x0, 0xFF}}},
	{{{-2111, -590, -2338},0, {-2909, -925},{0x81, 0x0, 0x0, 0xFF}}},
	{{{-2111, -297, -2454},0, {-766, -1730},{0x81, 0x0, 0x0, 0xFF}}},
	{{{-2111, 257, -2454},0, {2985, -1730},{0x81, 0x0, 0x0, 0xFF}}},
	{{{-2111, 871, -2787},0, {7167, -4031},{0x81, 0x0, 0x0, 0xFF}}},
	{{{-2111, 257, -2454},0, {2985, -1730},{0x81, 0x0, 0x0, 0xFF}}},
	{{{-2111, 573, -2338},0, {5128, -925},{0x81, 0x0, 0x0, 0xFF}}},
	{{{-2111, 871, -2787},0, {7167, -4031},{0x81, 0x0, 0x0, 0xFF}}},
	{{{-2111, 705, -2058},0, {6016, 1018},{0x81, 0x0, 0x0, 0xFF}}},
	{{{-2111, 705, -1291},0, {6016, 6327},{0x81, 0x0, 0x0, 0xFE}}},
	{{{-2111, 871, -1291},0, {7167, 6327},{0x81, 0x0, 0x0, 0xFF}}},
};

Gfx castle_courtyard_dl_e_atrium_mesh_layer_1_tri_2[] = {
	gsSPVertex(castle_courtyard_dl_e_atrium_mesh_layer_1_vtx_2 + 0, 16, 0),
	gsSP1Triangle(0, 1, 2, 0),
	gsSP1Triangle(0, 2, 3, 0),
	gsSP1Triangle(0, 3, 4, 0),
	gsSP1Triangle(0, 4, 5, 0),
	gsSP1Triangle(0, 5, 6, 0),
	gsSP1Triangle(0, 6, 7, 0),
	gsSP1Triangle(6, 8, 7, 0),
	gsSP1Triangle(8, 9, 7, 0),
	gsSP1Triangle(9, 10, 7, 0),
	gsSP1Triangle(10, 11, 7, 0),
	gsSP1Triangle(12, 13, 14, 0),
	gsSP1Triangle(12, 14, 15, 0),
	gsSPVertex(castle_courtyard_dl_e_atrium_mesh_layer_1_vtx_2 + 16, 16, 0),
	gsSP1Triangle(0, 1, 2, 0),
	gsSP1Triangle(0, 2, 3, 0),
	gsSP1Triangle(0, 3, 4, 0),
	gsSP1Triangle(0, 4, 5, 0),
	gsSP1Triangle(4, 6, 5, 0),
	gsSP1Triangle(6, 7, 5, 0),
	gsSP1Triangle(7, 8, 5, 0),
	gsSP1Triangle(8, 9, 5, 0),
	gsSP1Triangle(10, 11, 12, 0),
	gsSP1Triangle(10, 12, 13, 0),
	gsSP1Triangle(10, 13, 14, 0),
	gsSP1Triangle(10, 14, 15, 0),
	gsSPVertex(castle_courtyard_dl_e_atrium_mesh_layer_1_vtx_2 + 32, 16, 0),
	gsSP1Triangle(0, 1, 2, 0),
	gsSP1Triangle(0, 2, 3, 0),
	gsSP1Triangle(2, 4, 3, 0),
	gsSP1Triangle(4, 5, 3, 0),
	gsSP1Triangle(5, 6, 3, 0),
	gsSP1Triangle(6, 7, 3, 0),
	gsSP1Triangle(8, 9, 10, 0),
	gsSP1Triangle(8, 10, 11, 0),
	gsSP1Triangle(8, 11, 12, 0),
	gsSP1Triangle(8, 12, 13, 0),
	gsSP1Triangle(8, 13, 14, 0),
	gsSP1Triangle(8, 14, 15, 0),
	gsSPVertex(castle_courtyard_dl_e_atrium_mesh_layer_1_vtx_2 + 48, 16, 0),
	gsSP1Triangle(0, 1, 2, 0),
	gsSP1Triangle(1, 3, 2, 0),
	gsSP1Triangle(3, 4, 2, 0),
	gsSP1Triangle(4, 5, 2, 0),
	gsSP1Triangle(6, 7, 8, 0),
	gsSP1Triangle(6, 8, 9, 0),
	gsSP1Triangle(6, 9, 10, 0),
	gsSP1Triangle(6, 10, 11, 0),
	gsSP1Triangle(6, 11, 12, 0),
	gsSP1Triangle(6, 12, 13, 0),
	gsSP1Triangle(12, 14, 13, 0),
	gsSP1Triangle(14, 15, 13, 0),
	gsSPVertex(castle_courtyard_dl_e_atrium_mesh_layer_1_vtx_2 + 64, 16, 0),
	gsSP1Triangle(0, 1, 2, 0),
	gsSP1Triangle(1, 3, 2, 0),
	gsSP1Triangle(4, 5, 6, 0),
	gsSP1Triangle(7, 4, 6, 0),
	gsSP1Triangle(8, 7, 6, 0),
	gsSP1Triangle(9, 8, 6, 0),
	gsSP1Triangle(6, 10, 9, 0),
	gsSP1Triangle(10, 11, 9, 0),
	gsSP1Triangle(10, 12, 11, 0),
	gsSP1Triangle(10, 13, 12, 0),
	gsSP1Triangle(10, 14, 13, 0),
	gsSP1Triangle(10, 15, 14, 0),
	gsSPVertex(castle_courtyard_dl_e_atrium_mesh_layer_1_vtx_2 + 80, 16, 0),
	gsSP1Triangle(0, 1, 2, 0),
	gsSP1Triangle(0, 2, 3, 0),
	gsSP1Triangle(0, 3, 4, 0),
	gsSP1Triangle(0, 4, 5, 0),
	gsSP1Triangle(0, 5, 6, 0),
	gsSP1Triangle(0, 6, 7, 0),
	gsSP1Triangle(6, 8, 7, 0),
	gsSP1Triangle(8, 9, 7, 0),
	gsSP1Triangle(9, 10, 7, 0),
	gsSP1Triangle(10, 11, 7, 0),
	gsSP1Triangle(12, 13, 14, 0),
	gsSP1Triangle(15, 12, 14, 0),
	gsSPVertex(castle_courtyard_dl_e_atrium_mesh_layer_1_vtx_2 + 96, 16, 0),
	gsSP1Triangle(0, 1, 2, 0),
	gsSP1Triangle(3, 0, 2, 0),
	gsSP1Triangle(2, 4, 3, 0),
	gsSP1Triangle(4, 5, 3, 0),
	gsSP1Triangle(4, 6, 5, 0),
	gsSP1Triangle(4, 7, 6, 0),
	gsSP1Triangle(4, 8, 7, 0),
	gsSP1Triangle(4, 9, 8, 0),
	gsSP1Triangle(10, 11, 12, 0),
	gsSP1Triangle(10, 12, 13, 0),
	gsSP1Triangle(10, 13, 14, 0),
	gsSP1Triangle(10, 14, 15, 0),
	gsSPVertex(castle_courtyard_dl_e_atrium_mesh_layer_1_vtx_2 + 112, 16, 0),
	gsSP1Triangle(0, 1, 2, 0),
	gsSP1Triangle(0, 2, 3, 0),
	gsSP1Triangle(2, 4, 3, 0),
	gsSP1Triangle(4, 5, 3, 0),
	gsSP1Triangle(5, 6, 3, 0),
	gsSP1Triangle(6, 7, 3, 0),
	gsSP1Triangle(8, 9, 10, 0),
	gsSP1Triangle(8, 10, 11, 0),
	gsSP1Triangle(8, 11, 12, 0),
	gsSP1Triangle(8, 12, 13, 0),
	gsSP1Triangle(8, 13, 14, 0),
	gsSP1Triangle(8, 14, 15, 0),
	gsSPVertex(castle_courtyard_dl_e_atrium_mesh_layer_1_vtx_2 + 128, 16, 0),
	gsSP1Triangle(0, 1, 2, 0),
	gsSP1Triangle(1, 3, 2, 0),
	gsSP1Triangle(3, 4, 2, 0),
	gsSP1Triangle(4, 5, 2, 0),
	gsSP1Triangle(6, 7, 8, 0),
	gsSP1Triangle(6, 8, 9, 0),
	gsSP1Triangle(6, 9, 10, 0),
	gsSP1Triangle(6, 10, 11, 0),
	gsSP1Triangle(6, 11, 12, 0),
	gsSP1Triangle(6, 12, 13, 0),
	gsSP1Triangle(12, 14, 13, 0),
	gsSP1Triangle(14, 15, 13, 0),
	gsSPVertex(castle_courtyard_dl_e_atrium_mesh_layer_1_vtx_2 + 144, 16, 0),
	gsSP1Triangle(0, 1, 2, 0),
	gsSP1Triangle(1, 3, 2, 0),
	gsSP1Triangle(4, 5, 6, 0),
	gsSP1Triangle(4, 6, 7, 0),
	gsSP1Triangle(4, 7, 8, 0),
	gsSP1Triangle(4, 8, 9, 0),
	gsSP1Triangle(4, 9, 10, 0),
	gsSP1Triangle(11, 4, 10, 0),
	gsSP1Triangle(10, 12, 11, 0),
	gsSP1Triangle(12, 13, 11, 0),
	gsSP1Triangle(13, 14, 11, 0),
	gsSP1Triangle(14, 15, 11, 0),
	gsSPVertex(castle_courtyard_dl_e_atrium_mesh_layer_1_vtx_2 + 160, 16, 0),
	gsSP1Triangle(0, 1, 2, 0),
	gsSP1Triangle(0, 2, 3, 0),
	gsSP1Triangle(0, 3, 4, 0),
	gsSP1Triangle(0, 4, 5, 0),
	gsSP1Triangle(0, 5, 6, 0),
	gsSP1Triangle(0, 6, 7, 0),
	gsSP1Triangle(6, 8, 7, 0),
	gsSP1Triangle(8, 9, 7, 0),
	gsSP1Triangle(9, 10, 7, 0),
	gsSP1Triangle(10, 11, 7, 0),
	gsSP1Triangle(12, 13, 14, 0),
	gsSP1Triangle(12, 14, 15, 0),
	gsSPVertex(castle_courtyard_dl_e_atrium_mesh_layer_1_vtx_2 + 176, 16, 0),
	gsSP1Triangle(0, 1, 2, 0),
	gsSP1Triangle(0, 2, 3, 0),
	gsSP1Triangle(0, 3, 4, 0),
	gsSP1Triangle(5, 0, 4, 0),
	gsSP1Triangle(4, 6, 5, 0),
	gsSP1Triangle(6, 7, 5, 0),
	gsSP1Triangle(7, 8, 5, 0),
	gsSP1Triangle(8, 9, 5, 0),
	gsSP1Triangle(10, 11, 12, 0),
	gsSP1Triangle(10, 12, 13, 0),
	gsSP1Triangle(10, 13, 14, 0),
	gsSP1Triangle(10, 14, 15, 0),
	gsSPVertex(castle_courtyard_dl_e_atrium_mesh_layer_1_vtx_2 + 192, 16, 0),
	gsSP1Triangle(0, 1, 2, 0),
	gsSP1Triangle(0, 2, 3, 0),
	gsSP1Triangle(2, 4, 3, 0),
	gsSP1Triangle(4, 5, 3, 0),
	gsSP1Triangle(5, 6, 3, 0),
	gsSP1Triangle(6, 7, 3, 0),
	gsSP1Triangle(8, 9, 10, 0),
	gsSP1Triangle(8, 10, 11, 0),
	gsSP1Triangle(8, 11, 12, 0),
	gsSP1Triangle(8, 12, 13, 0),
	gsSP1Triangle(8, 13, 14, 0),
	gsSP1Triangle(8, 14, 15, 0),
	gsSPVertex(castle_courtyard_dl_e_atrium_mesh_layer_1_vtx_2 + 208, 6, 0),
	gsSP1Triangle(0, 1, 2, 0),
	gsSP1Triangle(1, 3, 2, 0),
	gsSP1Triangle(3, 4, 2, 0),
	gsSP1Triangle(4, 5, 2, 0),
	gsSPEndDisplayList(),
};

Vtx castle_courtyard_dl_pillar_mesh_layer_1_vtx_0[80] = {
	{{{-16, 387, 62},0, {-16, 2032},{0xB6, 0xB6, 0xB6, 0xFF}}},
	{{{62, 387, 16},0, {2032, 2032},{0xB6, 0xB6, 0xB6, 0xFF}}},
	{{{62, 472, -16},0, {2032, -16},{0x99, 0x99, 0x99, 0xFF}}},
	{{{16, 472, 62},0, {-16, -16},{0x99, 0x99, 0x99, 0xFF}}},
	{{{16, 387, -62},0, {-16, 2032},{0xB6, 0xB6, 0xB6, 0xFF}}},
	{{{-62, 387, -16},0, {2032, 2032},{0xB6, 0xB6, 0xB6, 0xFF}}},
	{{{-62, 472, 16},0, {2032, -16},{0x99, 0x99, 0x99, 0xFF}}},
	{{{-16, 472, -62},0, {-16, -16},{0x99, 0x99, 0x99, 0xFF}}},
	{{{62, 387, 16},0, {-16, 2032},{0xB6, 0xB6, 0xB6, 0xFF}}},
	{{{16, 387, -62},0, {2032, 2032},{0xB6, 0xB6, 0xB6, 0xFF}}},
	{{{-16, 472, -62},0, {2032, -16},{0x99, 0x99, 0x99, 0xFF}}},
	{{{62, 472, -16},0, {-16, -16},{0x99, 0x99, 0x99, 0xFF}}},
	{{{-62, 387, -16},0, {-16, 2032},{0xB6, 0xB6, 0xB6, 0xFF}}},
	{{{-16, 387, 62},0, {2032, 2032},{0xB6, 0xB6, 0xB6, 0xFF}}},
	{{{16, 472, 62},0, {2032, -16},{0x99, 0x99, 0x99, 0xFF}}},
	{{{-62, 472, 16},0, {-16, -16},{0x99, 0x99, 0x99, 0xFF}}},
	{{{45, 47, -45},0, {-16, 2032},{0xDD, 0xDD, 0xDD, 0xFF}}},
	{{{-45, 47, -45},0, {2032, 2032},{0xDD, 0xDD, 0xDD, 0xFF}}},
	{{{-62, 132, -16},0, {2032, -16},{0xC5, 0xC5, 0xC5, 0xFF}}},
	{{{16, 132, -62},0, {-16, -16},{0xC5, 0xC5, 0xC5, 0xFF}}},
	{{{16, 132, -62},0, {-16, 2032},{0xC5, 0xC5, 0xC5, 0xFF}}},
	{{{-62, 132, -16},0, {2032, 2032},{0xC5, 0xC5, 0xC5, 0xFF}}},
	{{{-62, 217, 16},0, {2032, -16},{0xC5, 0xC5, 0xC5, 0xFF}}},
	{{{-16, 217, -62},0, {-16, -16},{0xC5, 0xC5, 0xC5, 0xFF}}},
	{{{-16, 217, -62},0, {-16, 2032},{0xC5, 0xC5, 0xC5, 0xFF}}},
	{{{-62, 217, 16},0, {2032, 2032},{0xC5, 0xC5, 0xC5, 0xFF}}},
	{{{-45, 302, 45},0, {2032, -16},{0xD3, 0xD3, 0xD3, 0xFF}}},
	{{{-45, 302, -45},0, {-16, -16},{0xD3, 0xD3, 0xD3, 0xFF}}},
	{{{-45, 302, -45},0, {-16, 2032},{0xD3, 0xD3, 0xD3, 0xFF}}},
	{{{-45, 302, 45},0, {2032, 2032},{0xD3, 0xD3, 0xD3, 0xFF}}},
	{{{-16, 387, 62},0, {2032, -16},{0xB6, 0xB6, 0xB6, 0xFF}}},
	{{{-62, 387, -16},0, {-16, -16},{0xB6, 0xB6, 0xB6, 0xFF}}},
	{{{-45, 47, 45},0, {-16, 2032},{0xDD, 0xDD, 0xDD, 0xFF}}},
	{{{45, 47, 45},0, {2032, 2032},{0xDD, 0xDD, 0xDD, 0xFF}}},
	{{{62, 132, 16},0, {2032, -16},{0xC5, 0xC5, 0xC5, 0xFF}}},
	{{{-16, 132, 62},0, {-16, -16},{0xC5, 0xC5, 0xC5, 0xFF}}},
	{{{-16, 132, 62},0, {-16, 2032},{0xC5, 0xC5, 0xC5, 0xFF}}},
	{{{62, 132, 16},0, {2032, 2032},{0xC5, 0xC5, 0xC5, 0xFF}}},
	{{{62, 217, -16},0, {2032, -16},{0xC5, 0xC5, 0xC5, 0xFF}}},
	{{{16, 217, 62},0, {-16, -16},{0xC5, 0xC5, 0xC5, 0xFF}}},
	{{{16, 217, 62},0, {-16, 2032},{0xC5, 0xC5, 0xC5, 0xFF}}},
	{{{62, 217, -16},0, {2032, 2032},{0xC5, 0xC5, 0xC5, 0xFF}}},
	{{{45, 302, -45},0, {2032, -16},{0xD3, 0xD3, 0xD3, 0xFF}}},
	{{{45, 302, 45},0, {-16, -16},{0xD3, 0xD3, 0xD3, 0xFF}}},
	{{{45, 302, 45},0, {-16, 2032},{0xD3, 0xD3, 0xD3, 0xFF}}},
	{{{45, 302, -45},0, {2032, 2032},{0xD3, 0xD3, 0xD3, 0xFF}}},
	{{{16, 387, -62},0, {2032, -16},{0xB6, 0xB6, 0xB6, 0xFF}}},
	{{{62, 387, 16},0, {-16, -16},{0xB6, 0xB6, 0xB6, 0xFF}}},
	{{{45, 47, 45},0, {-16, 2032},{0xDD, 0xDD, 0xDD, 0xFF}}},
	{{{45, 47, -45},0, {2032, 2032},{0xDD, 0xDD, 0xDD, 0xFF}}},
	{{{16, 132, -62},0, {2032, -16},{0xC5, 0xC5, 0xC5, 0xFF}}},
	{{{62, 132, 16},0, {-16, -16},{0xC5, 0xC5, 0xC5, 0xFF}}},
	{{{62, 132, 16},0, {-16, 2032},{0xC5, 0xC5, 0xC5, 0xFF}}},
	{{{16, 132, -62},0, {2032, 2032},{0xC5, 0xC5, 0xC5, 0xFF}}},
	{{{-16, 217, -62},0, {2032, -16},{0xC5, 0xC5, 0xC5, 0xFF}}},
	{{{62, 217, -16},0, {-16, -16},{0xC5, 0xC5, 0xC5, 0xFF}}},
	{{{62, 217, -16},0, {-16, 2032},{0xC5, 0xC5, 0xC5, 0xFF}}},
	{{{-16, 217, -62},0, {2032, 2032},{0xC5, 0xC5, 0xC5, 0xFF}}},
	{{{-45, 302, -45},0, {2032, -16},{0xD3, 0xD3, 0xD3, 0xFF}}},
	{{{45, 302, -45},0, {-16, -16},{0xD3, 0xD3, 0xD3, 0xFF}}},
	{{{45, 302, -45},0, {-16, 2032},{0xD3, 0xD3, 0xD3, 0xFF}}},
	{{{-45, 302, -45},0, {2032, 2032},{0xD3, 0xD3, 0xD3, 0xFF}}},
	{{{-62, 387, -16},0, {2032, -16},{0xB6, 0xB6, 0xB6, 0xFF}}},
	{{{16, 387, -62},0, {-16, -16},{0xB6, 0xB6, 0xB6, 0xFF}}},
	{{{-45, 47, -45},0, {-16, 2032},{0xDD, 0xDD, 0xDD, 0xFF}}},
	{{{-45, 47, 45},0, {2032, 2032},{0xDD, 0xDD, 0xDD, 0xFF}}},
	{{{-16, 132, 62},0, {2032, -16},{0xC5, 0xC5, 0xC5, 0xFF}}},
	{{{-62, 132, -16},0, {-16, -16},{0xC5, 0xC5, 0xC5, 0xFF}}},
	{{{-62, 132, -16},0, {-16, 2032},{0xC5, 0xC5, 0xC5, 0xFF}}},
	{{{-16, 132, 62},0, {2032, 2032},{0xC5, 0xC5, 0xC5, 0xFF}}},
	{{{16, 217, 62},0, {2032, -16},{0xC5, 0xC5, 0xC5, 0xFF}}},
	{{{-62, 217, 16},0, {-16, -16},{0xC5, 0xC5, 0xC5, 0xFF}}},
	{{{-62, 217, 16},0, {-16, 2032},{0xC5, 0xC5, 0xC5, 0xFF}}},
	{{{16, 217, 62},0, {2032, 2032},{0xC5, 0xC5, 0xC5, 0xFF}}},
	{{{45, 302, 45},0, {2032, -16},{0xD3, 0xD3, 0xD3, 0xFF}}},
	{{{-45, 302, 45},0, {-16, -16},{0xD3, 0xD3, 0xD3, 0xFF}}},
	{{{-45, 302, 45},0, {-16, 2032},{0xD3, 0xD3, 0xD3, 0xFF}}},
	{{{45, 302, 45},0, {2032, 2032},{0xD3, 0xD3, 0xD3, 0xFF}}},
	{{{62, 387, 16},0, {2032, -16},{0xB6, 0xB6, 0xB6, 0xFF}}},
	{{{-16, 387, 62},0, {-16, -16},{0xB6, 0xB6, 0xB6, 0xFF}}},
};

Gfx castle_courtyard_dl_pillar_mesh_layer_1_tri_0[] = {
	gsSPVertex(castle_courtyard_dl_pillar_mesh_layer_1_vtx_0 + 0, 16, 0),
	gsSP1Triangle(0, 1, 2, 0),
	gsSP1Triangle(0, 2, 3, 0),
	gsSP1Triangle(4, 5, 6, 0),
	gsSP1Triangle(4, 6, 7, 0),
	gsSP1Triangle(8, 9, 10, 0),
	gsSP1Triangle(8, 10, 11, 0),
	gsSP1Triangle(12, 13, 14, 0),
	gsSP1Triangle(12, 14, 15, 0),
	gsSPVertex(castle_courtyard_dl_pillar_mesh_layer_1_vtx_0 + 16, 16, 0),
	gsSP1Triangle(0, 1, 2, 0),
	gsSP1Triangle(0, 2, 3, 0),
	gsSP1Triangle(4, 5, 6, 0),
	gsSP1Triangle(4, 6, 7, 0),
	gsSP1Triangle(8, 9, 10, 0),
	gsSP1Triangle(8, 10, 11, 0),
	gsSP1Triangle(12, 13, 14, 0),
	gsSP1Triangle(12, 14, 15, 0),
	gsSPVertex(castle_courtyard_dl_pillar_mesh_layer_1_vtx_0 + 32, 16, 0),
	gsSP1Triangle(0, 1, 2, 0),
	gsSP1Triangle(0, 2, 3, 0),
	gsSP1Triangle(4, 5, 6, 0),
	gsSP1Triangle(4, 6, 7, 0),
	gsSP1Triangle(8, 9, 10, 0),
	gsSP1Triangle(8, 10, 11, 0),
	gsSP1Triangle(12, 13, 14, 0),
	gsSP1Triangle(12, 14, 15, 0),
	gsSPVertex(castle_courtyard_dl_pillar_mesh_layer_1_vtx_0 + 48, 16, 0),
	gsSP1Triangle(0, 1, 2, 0),
	gsSP1Triangle(0, 2, 3, 0),
	gsSP1Triangle(4, 5, 6, 0),
	gsSP1Triangle(4, 6, 7, 0),
	gsSP1Triangle(8, 9, 10, 0),
	gsSP1Triangle(8, 10, 11, 0),
	gsSP1Triangle(12, 13, 14, 0),
	gsSP1Triangle(12, 14, 15, 0),
	gsSPVertex(castle_courtyard_dl_pillar_mesh_layer_1_vtx_0 + 64, 16, 0),
	gsSP1Triangle(0, 1, 2, 0),
	gsSP1Triangle(0, 2, 3, 0),
	gsSP1Triangle(4, 5, 6, 0),
	gsSP1Triangle(4, 6, 7, 0),
	gsSP1Triangle(8, 9, 10, 0),
	gsSP1Triangle(8, 10, 11, 0),
	gsSP1Triangle(12, 13, 14, 0),
	gsSP1Triangle(12, 14, 15, 0),
	gsSPEndDisplayList(),
};

Vtx castle_courtyard_dl_pillar_mesh_layer_1_vtx_1[58] = {
	{{{100, 0, 100},0, {-16, 1008},{0xFF, 0xFF, 0xFF, 0xFF}}},
	{{{100, 0, -100},0, {4080, 1008},{0xFF, 0xFF, 0xFF, 0xFF}}},
	{{{100, 47, -100},0, {4080, -16},{0xE0, 0xE0, 0xE0, 0xFF}}},
	{{{100, 47, 100},0, {-16, -16},{0xE0, 0xE0, 0xE0, 0xFF}}},
	{{{45, 47, -45},0, {3056, 1008},{0xDD, 0xDD, 0xDD, 0xFF}}},
	{{{45, 47, 45},0, {1008, 1008},{0xDD, 0xDD, 0xDD, 0xFF}}},
	{{{-100, 0, -100},0, {-16, 1008},{0xFF, 0xFF, 0xFF, 0xFF}}},
	{{{-100, 0, 100},0, {4080, 1008},{0xFF, 0xFF, 0xFF, 0xFF}}},
	{{{-100, 47, 100},0, {4080, -16},{0xE0, 0xE0, 0xE0, 0xFF}}},
	{{{-100, 47, -100},0, {-16, -16},{0xE0, 0xE0, 0xE0, 0xFF}}},
	{{{-45, 47, 45},0, {3056, 1008},{0xDD, 0xDD, 0xDD, 0xFF}}},
	{{{-45, 47, -45},0, {1008, 1008},{0xDD, 0xDD, 0xDD, 0xFF}}},
	{{{100, 0, -100},0, {-16, 1008},{0xFF, 0xFF, 0xFF, 0xFF}}},
	{{{-100, 0, -100},0, {4080, 1008},{0xFF, 0xFF, 0xFF, 0xFF}}},
	{{{-100, 47, -100},0, {4080, -16},{0xE0, 0xE0, 0xE0, 0xFF}}},
	{{{100, 47, -100},0, {-16, -16},{0xE0, 0xE0, 0xE0, 0xFF}}},
	{{{100, 47, -100},0, {-16, -16},{0xE0, 0xE0, 0xE0, 0xFF}}},
	{{{-100, 47, -100},0, {4080, -16},{0xE0, 0xE0, 0xE0, 0xFF}}},
	{{{-45, 47, -45},0, {3056, 1008},{0xDD, 0xDD, 0xDD, 0xFF}}},
	{{{45, 47, -45},0, {1008, 1008},{0xDD, 0xDD, 0xDD, 0xFF}}},
	{{{-100, 0, 100},0, {-16, 1008},{0xFF, 0xFF, 0xFF, 0xFF}}},
	{{{100, 0, 100},0, {4080, 1008},{0xFF, 0xFF, 0xFF, 0xFF}}},
	{{{100, 47, 100},0, {4080, -16},{0xE0, 0xE0, 0xE0, 0xFF}}},
	{{{-100, 47, 100},0, {-16, -16},{0xE0, 0xE0, 0xE0, 0xFF}}},
	{{{45, 47, 45},0, {3056, 1008},{0xDD, 0xDD, 0xDD, 0xFF}}},
	{{{-45, 47, 45},0, {1008, 1008},{0xDD, 0xDD, 0xDD, 0xFF}}},
	{{{-16, 472, -62},0, {1008, 1008},{0x99, 0x99, 0x99, 0xFF}}},
	{{{-62, 472, 16},0, {3056, 1008},{0x99, 0x99, 0x99, 0xFF}}},
	{{{-136, 472, 37},0, {4080, -16},{0xBB, 0xBB, 0xBB, 0xFF}}},
	{{{-37, 472, -136},0, {-16, -16},{0xBB, 0xBB, 0xBB, 0xFF}}},
	{{{-136, 472, 37},0, {-16, 1008},{0xBB, 0xBB, 0xBB, 0xFF}}},
	{{{37, 472, 136},0, {4080, 1008},{0xBB, 0xBB, 0xBB, 0xFF}}},
	{{{37, 518, 136},0, {4080, -16},{0xFF, 0xFF, 0xFF, 0xFF}}},
	{{{-136, 518, 37},0, {-16, -16},{0xFF, 0xFF, 0xFF, 0xFF}}},
	{{{62, 472, -16},0, {1008, 1008},{0x99, 0x99, 0x99, 0xFF}}},
	{{{-16, 472, -62},0, {3056, 1008},{0x99, 0x99, 0x99, 0xFF}}},
	{{{-37, 472, -136},0, {4080, -16},{0xBB, 0xBB, 0xBB, 0xFF}}},
	{{{136, 472, -37},0, {-16, -16},{0xBB, 0xBB, 0xBB, 0xFF}}},
	{{{-62, 472, 16},0, {1008, 1008},{0x99, 0x99, 0x99, 0xFF}}},
	{{{16, 472, 62},0, {3056, 1008},{0x99, 0x99, 0x99, 0xFF}}},
	{{{37, 472, 136},0, {4080, -16},{0xBB, 0xBB, 0xBB, 0xFF}}},
	{{{-136, 472, 37},0, {-16, -16},{0xBB, 0xBB, 0xBB, 0xFF}}},
	{{{16, 472, 62},0, {1008, 1008},{0x99, 0x99, 0x99, 0xFF}}},
	{{{62, 472, -16},0, {3056, 1008},{0x99, 0x99, 0x99, 0xFF}}},
	{{{136, 472, -37},0, {4080, -16},{0xBB, 0xBB, 0xBB, 0xFF}}},
	{{{37, 472, 136},0, {-16, -16},{0xBB, 0xBB, 0xBB, 0xFF}}},
	{{{37, 472, 136},0, {-16, 1008},{0xBB, 0xBB, 0xBB, 0xFF}}},
	{{{136, 472, -37},0, {4080, 1008},{0xBB, 0xBB, 0xBB, 0xFF}}},
	{{{136, 518, -37},0, {4080, -16},{0xFF, 0xFF, 0xFF, 0xFF}}},
	{{{37, 518, 136},0, {-16, -16},{0xFF, 0xFF, 0xFF, 0xFF}}},
	{{{-37, 472, -136},0, {-16, 1008},{0xBB, 0xBB, 0xBB, 0xFF}}},
	{{{-136, 472, 37},0, {4080, 1008},{0xBB, 0xBB, 0xBB, 0xFF}}},
	{{{-136, 518, 37},0, {4080, -16},{0xFF, 0xFF, 0xFF, 0xFF}}},
	{{{-37, 518, -136},0, {-16, -16},{0xFF, 0xFF, 0xFF, 0xFF}}},
	{{{136, 472, -37},0, {-16, 1008},{0xBB, 0xBB, 0xBB, 0xFF}}},
	{{{-37, 472, -136},0, {4080, 1008},{0xBB, 0xBB, 0xBB, 0xFF}}},
	{{{-37, 518, -136},0, {4080, -16},{0xFF, 0xFF, 0xFF, 0xFF}}},
	{{{136, 518, -37},0, {-16, -16},{0xFF, 0xFF, 0xFF, 0xFF}}},
};

Gfx castle_courtyard_dl_pillar_mesh_layer_1_tri_1[] = {
	gsSPVertex(castle_courtyard_dl_pillar_mesh_layer_1_vtx_1 + 0, 16, 0),
	gsSP1Triangle(0, 1, 2, 0),
	gsSP1Triangle(0, 2, 3, 0),
	gsSP1Triangle(3, 2, 4, 0),
	gsSP1Triangle(3, 4, 5, 0),
	gsSP1Triangle(6, 7, 8, 0),
	gsSP1Triangle(6, 8, 9, 0),
	gsSP1Triangle(9, 8, 10, 0),
	gsSP1Triangle(9, 10, 11, 0),
	gsSP1Triangle(12, 13, 14, 0),
	gsSP1Triangle(12, 14, 15, 0),
	gsSPVertex(castle_courtyard_dl_pillar_mesh_layer_1_vtx_1 + 16, 14, 0),
	gsSP1Triangle(0, 1, 2, 0),
	gsSP1Triangle(0, 2, 3, 0),
	gsSP1Triangle(4, 5, 6, 0),
	gsSP1Triangle(4, 6, 7, 0),
	gsSP1Triangle(7, 6, 8, 0),
	gsSP1Triangle(7, 8, 9, 0),
	gsSP1Triangle(10, 11, 12, 0),
	gsSP1Triangle(10, 12, 13, 0),
	gsSPVertex(castle_courtyard_dl_pillar_mesh_layer_1_vtx_1 + 30, 16, 0),
	gsSP1Triangle(0, 1, 2, 0),
	gsSP1Triangle(0, 2, 3, 0),
	gsSP1Triangle(4, 5, 6, 0),
	gsSP1Triangle(4, 6, 7, 0),
	gsSP1Triangle(8, 9, 10, 0),
	gsSP1Triangle(8, 10, 11, 0),
	gsSP1Triangle(12, 13, 14, 0),
	gsSP1Triangle(12, 14, 15, 0),
	gsSPVertex(castle_courtyard_dl_pillar_mesh_layer_1_vtx_1 + 46, 12, 0),
	gsSP1Triangle(0, 1, 2, 0),
	gsSP1Triangle(0, 2, 3, 0),
	gsSP1Triangle(4, 5, 6, 0),
	gsSP1Triangle(4, 6, 7, 0),
	gsSP1Triangle(8, 9, 10, 0),
	gsSP1Triangle(8, 10, 11, 0),
	gsSPEndDisplayList(),
};

Vtx castle_courtyard_dl_pillar_mesh_layer_1_vtx_2[4] = {
	{{{136, 518, -37},0, {-16, 2032},{0xFF, 0xFF, 0xFF, 0xFF}}},
	{{{-37, 518, -136},0, {2032, 2032},{0xFF, 0xFF, 0xFF, 0xFF}}},
	{{{-136, 518, 37},0, {2032, -16},{0xFF, 0xFF, 0xFF, 0xFF}}},
	{{{37, 518, 136},0, {-16, -16},{0xFF, 0xFF, 0xFF, 0xFF}}},
};

Gfx castle_courtyard_dl_pillar_mesh_layer_1_tri_2[] = {
	gsSPVertex(castle_courtyard_dl_pillar_mesh_layer_1_vtx_2 + 0, 4, 0),
	gsSP1Triangle(0, 1, 2, 0),
	gsSP1Triangle(0, 2, 3, 0),
	gsSPEndDisplayList(),
};

Vtx castle_courtyard_dl_pillar_001_mesh_layer_1_vtx_0[80] = {
	{{{-16, 387, 62},0, {-16, 2032},{0xB6, 0xB6, 0xB6, 0xFF}}},
	{{{62, 387, 16},0, {2032, 2032},{0xB6, 0xB6, 0xB6, 0xFF}}},
	{{{62, 472, -16},0, {2032, -16},{0x99, 0x99, 0x99, 0xFF}}},
	{{{16, 472, 62},0, {-16, -16},{0x99, 0x99, 0x99, 0xFF}}},
	{{{16, 387, -62},0, {-16, 2032},{0xB6, 0xB6, 0xB6, 0xFF}}},
	{{{-62, 387, -16},0, {2032, 2032},{0xB6, 0xB6, 0xB6, 0xFF}}},
	{{{-62, 472, 16},0, {2032, -16},{0x99, 0x99, 0x99, 0xFF}}},
	{{{-16, 472, -62},0, {-16, -16},{0x99, 0x99, 0x99, 0xFF}}},
	{{{62, 387, 16},0, {-16, 2032},{0xB6, 0xB6, 0xB6, 0xFF}}},
	{{{16, 387, -62},0, {2032, 2032},{0xB6, 0xB6, 0xB6, 0xFF}}},
	{{{-16, 472, -62},0, {2032, -16},{0x99, 0x99, 0x99, 0xFF}}},
	{{{62, 472, -16},0, {-16, -16},{0x99, 0x99, 0x99, 0xFF}}},
	{{{-62, 387, -16},0, {-16, 2032},{0xB6, 0xB6, 0xB6, 0xFF}}},
	{{{-16, 387, 62},0, {2032, 2032},{0xB6, 0xB6, 0xB6, 0xFF}}},
	{{{16, 472, 62},0, {2032, -16},{0x99, 0x99, 0x99, 0xFF}}},
	{{{-62, 472, 16},0, {-16, -16},{0x99, 0x99, 0x99, 0xFF}}},
	{{{45, 47, -45},0, {-16, 2032},{0xDD, 0xDD, 0xDD, 0xFF}}},
	{{{-45, 47, -45},0, {2032, 2032},{0xDD, 0xDD, 0xDD, 0xFF}}},
	{{{-62, 132, -16},0, {2032, -16},{0xC5, 0xC5, 0xC5, 0xFF}}},
	{{{16, 132, -62},0, {-16, -16},{0xC5, 0xC5, 0xC5, 0xFF}}},
	{{{16, 132, -62},0, {-16, 2032},{0xC5, 0xC5, 0xC5, 0xFF}}},
	{{{-62, 132, -16},0, {2032, 2032},{0xC5, 0xC5, 0xC5, 0xFF}}},
	{{{-62, 217, 16},0, {2032, -16},{0xC5, 0xC5, 0xC5, 0xFF}}},
	{{{-16, 217, -62},0, {-16, -16},{0xC5, 0xC5, 0xC5, 0xFF}}},
	{{{-16, 217, -62},0, {-16, 2032},{0xC5, 0xC5, 0xC5, 0xFF}}},
	{{{-62, 217, 16},0, {2032, 2032},{0xC5, 0xC5, 0xC5, 0xFF}}},
	{{{-45, 302, 45},0, {2032, -16},{0xD3, 0xD3, 0xD3, 0xFF}}},
	{{{-45, 302, -45},0, {-16, -16},{0xD3, 0xD3, 0xD3, 0xFF}}},
	{{{-45, 302, -45},0, {-16, 2032},{0xD3, 0xD3, 0xD3, 0xFF}}},
	{{{-45, 302, 45},0, {2032, 2032},{0xD3, 0xD3, 0xD3, 0xFF}}},
	{{{-16, 387, 62},0, {2032, -16},{0xB6, 0xB6, 0xB6, 0xFF}}},
	{{{-62, 387, -16},0, {-16, -16},{0xB6, 0xB6, 0xB6, 0xFF}}},
	{{{-45, 47, 45},0, {-16, 2032},{0xDD, 0xDD, 0xDD, 0xFF}}},
	{{{45, 47, 45},0, {2032, 2032},{0xDD, 0xDD, 0xDD, 0xFF}}},
	{{{62, 132, 16},0, {2032, -16},{0xC5, 0xC5, 0xC5, 0xFF}}},
	{{{-16, 132, 62},0, {-16, -16},{0xC5, 0xC5, 0xC5, 0xFF}}},
	{{{-16, 132, 62},0, {-16, 2032},{0xC5, 0xC5, 0xC5, 0xFF}}},
	{{{62, 132, 16},0, {2032, 2032},{0xC5, 0xC5, 0xC5, 0xFF}}},
	{{{62, 217, -16},0, {2032, -16},{0xC5, 0xC5, 0xC5, 0xFF}}},
	{{{16, 217, 62},0, {-16, -16},{0xC5, 0xC5, 0xC5, 0xFF}}},
	{{{16, 217, 62},0, {-16, 2032},{0xC5, 0xC5, 0xC5, 0xFF}}},
	{{{62, 217, -16},0, {2032, 2032},{0xC5, 0xC5, 0xC5, 0xFF}}},
	{{{45, 302, -45},0, {2032, -16},{0xD3, 0xD3, 0xD3, 0xFF}}},
	{{{45, 302, 45},0, {-16, -16},{0xD3, 0xD3, 0xD3, 0xFF}}},
	{{{45, 302, 45},0, {-16, 2032},{0xD3, 0xD3, 0xD3, 0xFF}}},
	{{{45, 302, -45},0, {2032, 2032},{0xD3, 0xD3, 0xD3, 0xFF}}},
	{{{16, 387, -62},0, {2032, -16},{0xB6, 0xB6, 0xB6, 0xFF}}},
	{{{62, 387, 16},0, {-16, -16},{0xB6, 0xB6, 0xB6, 0xFF}}},
	{{{45, 47, 45},0, {-16, 2032},{0xDD, 0xDD, 0xDD, 0xFF}}},
	{{{45, 47, -45},0, {2032, 2032},{0xDD, 0xDD, 0xDD, 0xFF}}},
	{{{16, 132, -62},0, {2032, -16},{0xC5, 0xC5, 0xC5, 0xFF}}},
	{{{62, 132, 16},0, {-16, -16},{0xC5, 0xC5, 0xC5, 0xFF}}},
	{{{62, 132, 16},0, {-16, 2032},{0xC5, 0xC5, 0xC5, 0xFF}}},
	{{{16, 132, -62},0, {2032, 2032},{0xC5, 0xC5, 0xC5, 0xFF}}},
	{{{-16, 217, -62},0, {2032, -16},{0xC5, 0xC5, 0xC5, 0xFF}}},
	{{{62, 217, -16},0, {-16, -16},{0xC5, 0xC5, 0xC5, 0xFF}}},
	{{{62, 217, -16},0, {-16, 2032},{0xC5, 0xC5, 0xC5, 0xFF}}},
	{{{-16, 217, -62},0, {2032, 2032},{0xC5, 0xC5, 0xC5, 0xFF}}},
	{{{-45, 302, -45},0, {2032, -16},{0xD3, 0xD3, 0xD3, 0xFF}}},
	{{{45, 302, -45},0, {-16, -16},{0xD3, 0xD3, 0xD3, 0xFF}}},
	{{{45, 302, -45},0, {-16, 2032},{0xD3, 0xD3, 0xD3, 0xFF}}},
	{{{-45, 302, -45},0, {2032, 2032},{0xD3, 0xD3, 0xD3, 0xFF}}},
	{{{-62, 387, -16},0, {2032, -16},{0xB6, 0xB6, 0xB6, 0xFF}}},
	{{{16, 387, -62},0, {-16, -16},{0xB6, 0xB6, 0xB6, 0xFF}}},
	{{{-45, 47, -45},0, {-16, 2032},{0xDD, 0xDD, 0xDD, 0xFF}}},
	{{{-45, 47, 45},0, {2032, 2032},{0xDD, 0xDD, 0xDD, 0xFF}}},
	{{{-16, 132, 62},0, {2032, -16},{0xC5, 0xC5, 0xC5, 0xFF}}},
	{{{-62, 132, -16},0, {-16, -16},{0xC5, 0xC5, 0xC5, 0xFF}}},
	{{{-62, 132, -16},0, {-16, 2032},{0xC5, 0xC5, 0xC5, 0xFF}}},
	{{{-16, 132, 62},0, {2032, 2032},{0xC5, 0xC5, 0xC5, 0xFF}}},
	{{{16, 217, 62},0, {2032, -16},{0xC5, 0xC5, 0xC5, 0xFF}}},
	{{{-62, 217, 16},0, {-16, -16},{0xC5, 0xC5, 0xC5, 0xFF}}},
	{{{-62, 217, 16},0, {-16, 2032},{0xC5, 0xC5, 0xC5, 0xFF}}},
	{{{16, 217, 62},0, {2032, 2032},{0xC5, 0xC5, 0xC5, 0xFF}}},
	{{{45, 302, 45},0, {2032, -16},{0xD3, 0xD3, 0xD3, 0xFF}}},
	{{{-45, 302, 45},0, {-16, -16},{0xD3, 0xD3, 0xD3, 0xFF}}},
	{{{-45, 302, 45},0, {-16, 2032},{0xD3, 0xD3, 0xD3, 0xFF}}},
	{{{45, 302, 45},0, {2032, 2032},{0xD3, 0xD3, 0xD3, 0xFF}}},
	{{{62, 387, 16},0, {2032, -16},{0xB6, 0xB6, 0xB6, 0xFF}}},
	{{{-16, 387, 62},0, {-16, -16},{0xB6, 0xB6, 0xB6, 0xFF}}},
};

Gfx castle_courtyard_dl_pillar_001_mesh_layer_1_tri_0[] = {
	gsSPVertex(castle_courtyard_dl_pillar_001_mesh_layer_1_vtx_0 + 0, 16, 0),
	gsSP1Triangle(0, 1, 2, 0),
	gsSP1Triangle(0, 2, 3, 0),
	gsSP1Triangle(4, 5, 6, 0),
	gsSP1Triangle(4, 6, 7, 0),
	gsSP1Triangle(8, 9, 10, 0),
	gsSP1Triangle(8, 10, 11, 0),
	gsSP1Triangle(12, 13, 14, 0),
	gsSP1Triangle(12, 14, 15, 0),
	gsSPVertex(castle_courtyard_dl_pillar_001_mesh_layer_1_vtx_0 + 16, 16, 0),
	gsSP1Triangle(0, 1, 2, 0),
	gsSP1Triangle(0, 2, 3, 0),
	gsSP1Triangle(4, 5, 6, 0),
	gsSP1Triangle(4, 6, 7, 0),
	gsSP1Triangle(8, 9, 10, 0),
	gsSP1Triangle(8, 10, 11, 0),
	gsSP1Triangle(12, 13, 14, 0),
	gsSP1Triangle(12, 14, 15, 0),
	gsSPVertex(castle_courtyard_dl_pillar_001_mesh_layer_1_vtx_0 + 32, 16, 0),
	gsSP1Triangle(0, 1, 2, 0),
	gsSP1Triangle(0, 2, 3, 0),
	gsSP1Triangle(4, 5, 6, 0),
	gsSP1Triangle(4, 6, 7, 0),
	gsSP1Triangle(8, 9, 10, 0),
	gsSP1Triangle(8, 10, 11, 0),
	gsSP1Triangle(12, 13, 14, 0),
	gsSP1Triangle(12, 14, 15, 0),
	gsSPVertex(castle_courtyard_dl_pillar_001_mesh_layer_1_vtx_0 + 48, 16, 0),
	gsSP1Triangle(0, 1, 2, 0),
	gsSP1Triangle(0, 2, 3, 0),
	gsSP1Triangle(4, 5, 6, 0),
	gsSP1Triangle(4, 6, 7, 0),
	gsSP1Triangle(8, 9, 10, 0),
	gsSP1Triangle(8, 10, 11, 0),
	gsSP1Triangle(12, 13, 14, 0),
	gsSP1Triangle(12, 14, 15, 0),
	gsSPVertex(castle_courtyard_dl_pillar_001_mesh_layer_1_vtx_0 + 64, 16, 0),
	gsSP1Triangle(0, 1, 2, 0),
	gsSP1Triangle(0, 2, 3, 0),
	gsSP1Triangle(4, 5, 6, 0),
	gsSP1Triangle(4, 6, 7, 0),
	gsSP1Triangle(8, 9, 10, 0),
	gsSP1Triangle(8, 10, 11, 0),
	gsSP1Triangle(12, 13, 14, 0),
	gsSP1Triangle(12, 14, 15, 0),
	gsSPEndDisplayList(),
};

Vtx castle_courtyard_dl_pillar_001_mesh_layer_1_vtx_1[58] = {
	{{{100, 0, 100},0, {-16, 1008},{0xFF, 0xFF, 0xFF, 0xFF}}},
	{{{100, 0, -100},0, {4080, 1008},{0xFF, 0xFF, 0xFF, 0xFF}}},
	{{{100, 47, -100},0, {4080, -16},{0xE0, 0xE0, 0xE0, 0xFF}}},
	{{{100, 47, 100},0, {-16, -16},{0xE0, 0xE0, 0xE0, 0xFF}}},
	{{{45, 47, -45},0, {3056, 1008},{0xDD, 0xDD, 0xDD, 0xFF}}},
	{{{45, 47, 45},0, {1008, 1008},{0xDD, 0xDD, 0xDD, 0xFF}}},
	{{{-100, 0, -100},0, {-16, 1008},{0xFF, 0xFF, 0xFF, 0xFF}}},
	{{{-100, 0, 100},0, {4080, 1008},{0xFF, 0xFF, 0xFF, 0xFF}}},
	{{{-100, 47, 100},0, {4080, -16},{0xE0, 0xE0, 0xE0, 0xFF}}},
	{{{-100, 47, -100},0, {-16, -16},{0xE0, 0xE0, 0xE0, 0xFF}}},
	{{{-45, 47, 45},0, {3056, 1008},{0xDD, 0xDD, 0xDD, 0xFF}}},
	{{{-45, 47, -45},0, {1008, 1008},{0xDD, 0xDD, 0xDD, 0xFF}}},
	{{{100, 0, -100},0, {-16, 1008},{0xFF, 0xFF, 0xFF, 0xFF}}},
	{{{-100, 0, -100},0, {4080, 1008},{0xFF, 0xFF, 0xFF, 0xFF}}},
	{{{-100, 47, -100},0, {4080, -16},{0xE0, 0xE0, 0xE0, 0xFF}}},
	{{{100, 47, -100},0, {-16, -16},{0xE0, 0xE0, 0xE0, 0xFF}}},
	{{{100, 47, -100},0, {-16, -16},{0xE0, 0xE0, 0xE0, 0xFF}}},
	{{{-100, 47, -100},0, {4080, -16},{0xE0, 0xE0, 0xE0, 0xFF}}},
	{{{-45, 47, -45},0, {3056, 1008},{0xDD, 0xDD, 0xDD, 0xFF}}},
	{{{45, 47, -45},0, {1008, 1008},{0xDD, 0xDD, 0xDD, 0xFF}}},
	{{{-100, 0, 100},0, {-16, 1008},{0xFF, 0xFF, 0xFF, 0xFF}}},
	{{{100, 0, 100},0, {4080, 1008},{0xFF, 0xFF, 0xFF, 0xFF}}},
	{{{100, 47, 100},0, {4080, -16},{0xE0, 0xE0, 0xE0, 0xFF}}},
	{{{-100, 47, 100},0, {-16, -16},{0xE0, 0xE0, 0xE0, 0xFF}}},
	{{{45, 47, 45},0, {3056, 1008},{0xDD, 0xDD, 0xDD, 0xFF}}},
	{{{-45, 47, 45},0, {1008, 1008},{0xDD, 0xDD, 0xDD, 0xFF}}},
	{{{-16, 472, -62},0, {1008, 1008},{0x99, 0x99, 0x99, 0xFF}}},
	{{{-62, 472, 16},0, {3056, 1008},{0x99, 0x99, 0x99, 0xFF}}},
	{{{-136, 472, 37},0, {4080, -16},{0xBB, 0xBB, 0xBB, 0xFF}}},
	{{{-37, 472, -136},0, {-16, -16},{0xBB, 0xBB, 0xBB, 0xFF}}},
	{{{-136, 472, 37},0, {-16, 1008},{0xBB, 0xBB, 0xBB, 0xFF}}},
	{{{37, 472, 136},0, {4080, 1008},{0xBB, 0xBB, 0xBB, 0xFF}}},
	{{{37, 518, 136},0, {4080, -16},{0xFF, 0xFF, 0xFF, 0xFF}}},
	{{{-136, 518, 37},0, {-16, -16},{0xFF, 0xFF, 0xFF, 0xFF}}},
	{{{62, 472, -16},0, {1008, 1008},{0x99, 0x99, 0x99, 0xFF}}},
	{{{-16, 472, -62},0, {3056, 1008},{0x99, 0x99, 0x99, 0xFF}}},
	{{{-37, 472, -136},0, {4080, -16},{0xBB, 0xBB, 0xBB, 0xFF}}},
	{{{136, 472, -37},0, {-16, -16},{0xBB, 0xBB, 0xBB, 0xFF}}},
	{{{-62, 472, 16},0, {1008, 1008},{0x99, 0x99, 0x99, 0xFF}}},
	{{{16, 472, 62},0, {3056, 1008},{0x99, 0x99, 0x99, 0xFF}}},
	{{{37, 472, 136},0, {4080, -16},{0xBB, 0xBB, 0xBB, 0xFF}}},
	{{{-136, 472, 37},0, {-16, -16},{0xBB, 0xBB, 0xBB, 0xFF}}},
	{{{16, 472, 62},0, {1008, 1008},{0x99, 0x99, 0x99, 0xFF}}},
	{{{62, 472, -16},0, {3056, 1008},{0x99, 0x99, 0x99, 0xFF}}},
	{{{136, 472, -37},0, {4080, -16},{0xBB, 0xBB, 0xBB, 0xFF}}},
	{{{37, 472, 136},0, {-16, -16},{0xBB, 0xBB, 0xBB, 0xFF}}},
	{{{37, 472, 136},0, {-16, 1008},{0xBB, 0xBB, 0xBB, 0xFF}}},
	{{{136, 472, -37},0, {4080, 1008},{0xBB, 0xBB, 0xBB, 0xFF}}},
	{{{136, 518, -37},0, {4080, -16},{0xFF, 0xFF, 0xFF, 0xFF}}},
	{{{37, 518, 136},0, {-16, -16},{0xFF, 0xFF, 0xFF, 0xFF}}},
	{{{-37, 472, -136},0, {-16, 1008},{0xBB, 0xBB, 0xBB, 0xFF}}},
	{{{-136, 472, 37},0, {4080, 1008},{0xBB, 0xBB, 0xBB, 0xFF}}},
	{{{-136, 518, 37},0, {4080, -16},{0xFF, 0xFF, 0xFF, 0xFF}}},
	{{{-37, 518, -136},0, {-16, -16},{0xFF, 0xFF, 0xFF, 0xFF}}},
	{{{136, 472, -37},0, {-16, 1008},{0xBB, 0xBB, 0xBB, 0xFF}}},
	{{{-37, 472, -136},0, {4080, 1008},{0xBB, 0xBB, 0xBB, 0xFF}}},
	{{{-37, 518, -136},0, {4080, -16},{0xFF, 0xFF, 0xFF, 0xFF}}},
	{{{136, 518, -37},0, {-16, -16},{0xFF, 0xFF, 0xFF, 0xFF}}},
};

Gfx castle_courtyard_dl_pillar_001_mesh_layer_1_tri_1[] = {
	gsSPVertex(castle_courtyard_dl_pillar_001_mesh_layer_1_vtx_1 + 0, 16, 0),
	gsSP1Triangle(0, 1, 2, 0),
	gsSP1Triangle(0, 2, 3, 0),
	gsSP1Triangle(3, 2, 4, 0),
	gsSP1Triangle(3, 4, 5, 0),
	gsSP1Triangle(6, 7, 8, 0),
	gsSP1Triangle(6, 8, 9, 0),
	gsSP1Triangle(9, 8, 10, 0),
	gsSP1Triangle(9, 10, 11, 0),
	gsSP1Triangle(12, 13, 14, 0),
	gsSP1Triangle(12, 14, 15, 0),
	gsSPVertex(castle_courtyard_dl_pillar_001_mesh_layer_1_vtx_1 + 16, 14, 0),
	gsSP1Triangle(0, 1, 2, 0),
	gsSP1Triangle(0, 2, 3, 0),
	gsSP1Triangle(4, 5, 6, 0),
	gsSP1Triangle(4, 6, 7, 0),
	gsSP1Triangle(7, 6, 8, 0),
	gsSP1Triangle(7, 8, 9, 0),
	gsSP1Triangle(10, 11, 12, 0),
	gsSP1Triangle(10, 12, 13, 0),
	gsSPVertex(castle_courtyard_dl_pillar_001_mesh_layer_1_vtx_1 + 30, 16, 0),
	gsSP1Triangle(0, 1, 2, 0),
	gsSP1Triangle(0, 2, 3, 0),
	gsSP1Triangle(4, 5, 6, 0),
	gsSP1Triangle(4, 6, 7, 0),
	gsSP1Triangle(8, 9, 10, 0),
	gsSP1Triangle(8, 10, 11, 0),
	gsSP1Triangle(12, 13, 14, 0),
	gsSP1Triangle(12, 14, 15, 0),
	gsSPVertex(castle_courtyard_dl_pillar_001_mesh_layer_1_vtx_1 + 46, 12, 0),
	gsSP1Triangle(0, 1, 2, 0),
	gsSP1Triangle(0, 2, 3, 0),
	gsSP1Triangle(4, 5, 6, 0),
	gsSP1Triangle(4, 6, 7, 0),
	gsSP1Triangle(8, 9, 10, 0),
	gsSP1Triangle(8, 10, 11, 0),
	gsSPEndDisplayList(),
};

Vtx castle_courtyard_dl_pillar_001_mesh_layer_1_vtx_2[4] = {
	{{{136, 518, -37},0, {-16, 2032},{0xFF, 0xFF, 0xFF, 0xFF}}},
	{{{-37, 518, -136},0, {2032, 2032},{0xFF, 0xFF, 0xFF, 0xFF}}},
	{{{-136, 518, 37},0, {2032, -16},{0xFF, 0xFF, 0xFF, 0xFF}}},
	{{{37, 518, 136},0, {-16, -16},{0xFF, 0xFF, 0xFF, 0xFF}}},
};

Gfx castle_courtyard_dl_pillar_001_mesh_layer_1_tri_2[] = {
	gsSPVertex(castle_courtyard_dl_pillar_001_mesh_layer_1_vtx_2 + 0, 4, 0),
	gsSP1Triangle(0, 1, 2, 0),
	gsSP1Triangle(0, 2, 3, 0),
	gsSPEndDisplayList(),
};

Vtx castle_courtyard_dl_pillar_002_mesh_layer_1_vtx_0[80] = {
	{{{-16, 387, 62},0, {-16, 2032},{0xB6, 0xB6, 0xB6, 0xFF}}},
	{{{62, 387, 16},0, {2032, 2032},{0xB6, 0xB6, 0xB6, 0xFF}}},
	{{{62, 472, -16},0, {2032, -16},{0x99, 0x99, 0x99, 0xFF}}},
	{{{16, 472, 62},0, {-16, -16},{0x99, 0x99, 0x99, 0xFF}}},
	{{{16, 387, -62},0, {-16, 2032},{0xB6, 0xB6, 0xB6, 0xFF}}},
	{{{-62, 387, -16},0, {2032, 2032},{0xB6, 0xB6, 0xB6, 0xFF}}},
	{{{-62, 472, 16},0, {2032, -16},{0x99, 0x99, 0x99, 0xFF}}},
	{{{-16, 472, -62},0, {-16, -16},{0x99, 0x99, 0x99, 0xFF}}},
	{{{62, 387, 16},0, {-16, 2032},{0xB6, 0xB6, 0xB6, 0xFF}}},
	{{{16, 387, -62},0, {2032, 2032},{0xB6, 0xB6, 0xB6, 0xFF}}},
	{{{-16, 472, -62},0, {2032, -16},{0x99, 0x99, 0x99, 0xFF}}},
	{{{62, 472, -16},0, {-16, -16},{0x99, 0x99, 0x99, 0xFF}}},
	{{{-62, 387, -16},0, {-16, 2032},{0xB6, 0xB6, 0xB6, 0xFF}}},
	{{{-16, 387, 62},0, {2032, 2032},{0xB6, 0xB6, 0xB6, 0xFF}}},
	{{{16, 472, 62},0, {2032, -16},{0x99, 0x99, 0x99, 0xFF}}},
	{{{-62, 472, 16},0, {-16, -16},{0x99, 0x99, 0x99, 0xFF}}},
	{{{45, 47, -45},0, {-16, 2032},{0xDD, 0xDD, 0xDD, 0xFF}}},
	{{{-45, 47, -45},0, {2032, 2032},{0xDD, 0xDD, 0xDD, 0xFF}}},
	{{{-62, 132, -16},0, {2032, -16},{0xC5, 0xC5, 0xC5, 0xFF}}},
	{{{16, 132, -62},0, {-16, -16},{0xC5, 0xC5, 0xC5, 0xFF}}},
	{{{16, 132, -62},0, {-16, 2032},{0xC5, 0xC5, 0xC5, 0xFF}}},
	{{{-62, 132, -16},0, {2032, 2032},{0xC5, 0xC5, 0xC5, 0xFF}}},
	{{{-62, 217, 16},0, {2032, -16},{0xC5, 0xC5, 0xC5, 0xFF}}},
	{{{-16, 217, -62},0, {-16, -16},{0xC5, 0xC5, 0xC5, 0xFF}}},
	{{{-16, 217, -62},0, {-16, 2032},{0xC5, 0xC5, 0xC5, 0xFF}}},
	{{{-62, 217, 16},0, {2032, 2032},{0xC5, 0xC5, 0xC5, 0xFF}}},
	{{{-45, 302, 45},0, {2032, -16},{0xD3, 0xD3, 0xD3, 0xFF}}},
	{{{-45, 302, -45},0, {-16, -16},{0xD3, 0xD3, 0xD3, 0xFF}}},
	{{{-45, 302, -45},0, {-16, 2032},{0xD3, 0xD3, 0xD3, 0xFF}}},
	{{{-45, 302, 45},0, {2032, 2032},{0xD3, 0xD3, 0xD3, 0xFF}}},
	{{{-16, 387, 62},0, {2032, -16},{0xB6, 0xB6, 0xB6, 0xFF}}},
	{{{-62, 387, -16},0, {-16, -16},{0xB6, 0xB6, 0xB6, 0xFF}}},
	{{{-45, 47, 45},0, {-16, 2032},{0xDD, 0xDD, 0xDD, 0xFF}}},
	{{{45, 47, 45},0, {2032, 2032},{0xDD, 0xDD, 0xDD, 0xFF}}},
	{{{62, 132, 16},0, {2032, -16},{0xC5, 0xC5, 0xC5, 0xFF}}},
	{{{-16, 132, 62},0, {-16, -16},{0xC5, 0xC5, 0xC5, 0xFF}}},
	{{{-16, 132, 62},0, {-16, 2032},{0xC5, 0xC5, 0xC5, 0xFF}}},
	{{{62, 132, 16},0, {2032, 2032},{0xC5, 0xC5, 0xC5, 0xFF}}},
	{{{62, 217, -16},0, {2032, -16},{0xC5, 0xC5, 0xC5, 0xFF}}},
	{{{16, 217, 62},0, {-16, -16},{0xC5, 0xC5, 0xC5, 0xFF}}},
	{{{16, 217, 62},0, {-16, 2032},{0xC5, 0xC5, 0xC5, 0xFF}}},
	{{{62, 217, -16},0, {2032, 2032},{0xC5, 0xC5, 0xC5, 0xFF}}},
	{{{45, 302, -45},0, {2032, -16},{0xD3, 0xD3, 0xD3, 0xFF}}},
	{{{45, 302, 45},0, {-16, -16},{0xD3, 0xD3, 0xD3, 0xFF}}},
	{{{45, 302, 45},0, {-16, 2032},{0xD3, 0xD3, 0xD3, 0xFF}}},
	{{{45, 302, -45},0, {2032, 2032},{0xD3, 0xD3, 0xD3, 0xFF}}},
	{{{16, 387, -62},0, {2032, -16},{0xB6, 0xB6, 0xB6, 0xFF}}},
	{{{62, 387, 16},0, {-16, -16},{0xB6, 0xB6, 0xB6, 0xFF}}},
	{{{45, 47, 45},0, {-16, 2032},{0xDD, 0xDD, 0xDD, 0xFF}}},
	{{{45, 47, -45},0, {2032, 2032},{0xDD, 0xDD, 0xDD, 0xFF}}},
	{{{16, 132, -62},0, {2032, -16},{0xC5, 0xC5, 0xC5, 0xFF}}},
	{{{62, 132, 16},0, {-16, -16},{0xC5, 0xC5, 0xC5, 0xFF}}},
	{{{62, 132, 16},0, {-16, 2032},{0xC5, 0xC5, 0xC5, 0xFF}}},
	{{{16, 132, -62},0, {2032, 2032},{0xC5, 0xC5, 0xC5, 0xFF}}},
	{{{-16, 217, -62},0, {2032, -16},{0xC5, 0xC5, 0xC5, 0xFF}}},
	{{{62, 217, -16},0, {-16, -16},{0xC5, 0xC5, 0xC5, 0xFF}}},
	{{{62, 217, -16},0, {-16, 2032},{0xC5, 0xC5, 0xC5, 0xFF}}},
	{{{-16, 217, -62},0, {2032, 2032},{0xC5, 0xC5, 0xC5, 0xFF}}},
	{{{-45, 302, -45},0, {2032, -16},{0xD3, 0xD3, 0xD3, 0xFF}}},
	{{{45, 302, -45},0, {-16, -16},{0xD3, 0xD3, 0xD3, 0xFF}}},
	{{{45, 302, -45},0, {-16, 2032},{0xD3, 0xD3, 0xD3, 0xFF}}},
	{{{-45, 302, -45},0, {2032, 2032},{0xD3, 0xD3, 0xD3, 0xFF}}},
	{{{-62, 387, -16},0, {2032, -16},{0xB6, 0xB6, 0xB6, 0xFF}}},
	{{{16, 387, -62},0, {-16, -16},{0xB6, 0xB6, 0xB6, 0xFF}}},
	{{{-45, 47, -45},0, {-16, 2032},{0xDD, 0xDD, 0xDD, 0xFF}}},
	{{{-45, 47, 45},0, {2032, 2032},{0xDD, 0xDD, 0xDD, 0xFF}}},
	{{{-16, 132, 62},0, {2032, -16},{0xC5, 0xC5, 0xC5, 0xFF}}},
	{{{-62, 132, -16},0, {-16, -16},{0xC5, 0xC5, 0xC5, 0xFF}}},
	{{{-62, 132, -16},0, {-16, 2032},{0xC5, 0xC5, 0xC5, 0xFF}}},
	{{{-16, 132, 62},0, {2032, 2032},{0xC5, 0xC5, 0xC5, 0xFF}}},
	{{{16, 217, 62},0, {2032, -16},{0xC5, 0xC5, 0xC5, 0xFF}}},
	{{{-62, 217, 16},0, {-16, -16},{0xC5, 0xC5, 0xC5, 0xFF}}},
	{{{-62, 217, 16},0, {-16, 2032},{0xC5, 0xC5, 0xC5, 0xFF}}},
	{{{16, 217, 62},0, {2032, 2032},{0xC5, 0xC5, 0xC5, 0xFF}}},
	{{{45, 302, 45},0, {2032, -16},{0xD3, 0xD3, 0xD3, 0xFF}}},
	{{{-45, 302, 45},0, {-16, -16},{0xD3, 0xD3, 0xD3, 0xFF}}},
	{{{-45, 302, 45},0, {-16, 2032},{0xD3, 0xD3, 0xD3, 0xFF}}},
	{{{45, 302, 45},0, {2032, 2032},{0xD3, 0xD3, 0xD3, 0xFF}}},
	{{{62, 387, 16},0, {2032, -16},{0xB6, 0xB6, 0xB6, 0xFF}}},
	{{{-16, 387, 62},0, {-16, -16},{0xB6, 0xB6, 0xB6, 0xFF}}},
};

Gfx castle_courtyard_dl_pillar_002_mesh_layer_1_tri_0[] = {
	gsSPVertex(castle_courtyard_dl_pillar_002_mesh_layer_1_vtx_0 + 0, 16, 0),
	gsSP1Triangle(0, 1, 2, 0),
	gsSP1Triangle(0, 2, 3, 0),
	gsSP1Triangle(4, 5, 6, 0),
	gsSP1Triangle(4, 6, 7, 0),
	gsSP1Triangle(8, 9, 10, 0),
	gsSP1Triangle(8, 10, 11, 0),
	gsSP1Triangle(12, 13, 14, 0),
	gsSP1Triangle(12, 14, 15, 0),
	gsSPVertex(castle_courtyard_dl_pillar_002_mesh_layer_1_vtx_0 + 16, 16, 0),
	gsSP1Triangle(0, 1, 2, 0),
	gsSP1Triangle(0, 2, 3, 0),
	gsSP1Triangle(4, 5, 6, 0),
	gsSP1Triangle(4, 6, 7, 0),
	gsSP1Triangle(8, 9, 10, 0),
	gsSP1Triangle(8, 10, 11, 0),
	gsSP1Triangle(12, 13, 14, 0),
	gsSP1Triangle(12, 14, 15, 0),
	gsSPVertex(castle_courtyard_dl_pillar_002_mesh_layer_1_vtx_0 + 32, 16, 0),
	gsSP1Triangle(0, 1, 2, 0),
	gsSP1Triangle(0, 2, 3, 0),
	gsSP1Triangle(4, 5, 6, 0),
	gsSP1Triangle(4, 6, 7, 0),
	gsSP1Triangle(8, 9, 10, 0),
	gsSP1Triangle(8, 10, 11, 0),
	gsSP1Triangle(12, 13, 14, 0),
	gsSP1Triangle(12, 14, 15, 0),
	gsSPVertex(castle_courtyard_dl_pillar_002_mesh_layer_1_vtx_0 + 48, 16, 0),
	gsSP1Triangle(0, 1, 2, 0),
	gsSP1Triangle(0, 2, 3, 0),
	gsSP1Triangle(4, 5, 6, 0),
	gsSP1Triangle(4, 6, 7, 0),
	gsSP1Triangle(8, 9, 10, 0),
	gsSP1Triangle(8, 10, 11, 0),
	gsSP1Triangle(12, 13, 14, 0),
	gsSP1Triangle(12, 14, 15, 0),
	gsSPVertex(castle_courtyard_dl_pillar_002_mesh_layer_1_vtx_0 + 64, 16, 0),
	gsSP1Triangle(0, 1, 2, 0),
	gsSP1Triangle(0, 2, 3, 0),
	gsSP1Triangle(4, 5, 6, 0),
	gsSP1Triangle(4, 6, 7, 0),
	gsSP1Triangle(8, 9, 10, 0),
	gsSP1Triangle(8, 10, 11, 0),
	gsSP1Triangle(12, 13, 14, 0),
	gsSP1Triangle(12, 14, 15, 0),
	gsSPEndDisplayList(),
};

Vtx castle_courtyard_dl_pillar_002_mesh_layer_1_vtx_1[58] = {
	{{{100, 0, 100},0, {-16, 1008},{0xFF, 0xFF, 0xFF, 0xFF}}},
	{{{100, 0, -100},0, {4080, 1008},{0xFF, 0xFF, 0xFF, 0xFF}}},
	{{{100, 47, -100},0, {4080, -16},{0xE0, 0xE0, 0xE0, 0xFF}}},
	{{{100, 47, 100},0, {-16, -16},{0xE0, 0xE0, 0xE0, 0xFF}}},
	{{{45, 47, -45},0, {3056, 1008},{0xDD, 0xDD, 0xDD, 0xFF}}},
	{{{45, 47, 45},0, {1008, 1008},{0xDD, 0xDD, 0xDD, 0xFF}}},
	{{{-100, 0, -100},0, {-16, 1008},{0xFF, 0xFF, 0xFF, 0xFF}}},
	{{{-100, 0, 100},0, {4080, 1008},{0xFF, 0xFF, 0xFF, 0xFF}}},
	{{{-100, 47, 100},0, {4080, -16},{0xE0, 0xE0, 0xE0, 0xFF}}},
	{{{-100, 47, -100},0, {-16, -16},{0xE0, 0xE0, 0xE0, 0xFF}}},
	{{{-45, 47, 45},0, {3056, 1008},{0xDD, 0xDD, 0xDD, 0xFF}}},
	{{{-45, 47, -45},0, {1008, 1008},{0xDD, 0xDD, 0xDD, 0xFF}}},
	{{{100, 0, -100},0, {-16, 1008},{0xFF, 0xFF, 0xFF, 0xFF}}},
	{{{-100, 0, -100},0, {4080, 1008},{0xFF, 0xFF, 0xFF, 0xFF}}},
	{{{-100, 47, -100},0, {4080, -16},{0xE0, 0xE0, 0xE0, 0xFF}}},
	{{{100, 47, -100},0, {-16, -16},{0xE0, 0xE0, 0xE0, 0xFF}}},
	{{{100, 47, -100},0, {-16, -16},{0xE0, 0xE0, 0xE0, 0xFF}}},
	{{{-100, 47, -100},0, {4080, -16},{0xE0, 0xE0, 0xE0, 0xFF}}},
	{{{-45, 47, -45},0, {3056, 1008},{0xDD, 0xDD, 0xDD, 0xFF}}},
	{{{45, 47, -45},0, {1008, 1008},{0xDD, 0xDD, 0xDD, 0xFF}}},
	{{{-100, 0, 100},0, {-16, 1008},{0xFF, 0xFF, 0xFF, 0xFF}}},
	{{{100, 0, 100},0, {4080, 1008},{0xFF, 0xFF, 0xFF, 0xFF}}},
	{{{100, 47, 100},0, {4080, -16},{0xE0, 0xE0, 0xE0, 0xFF}}},
	{{{-100, 47, 100},0, {-16, -16},{0xE0, 0xE0, 0xE0, 0xFF}}},
	{{{45, 47, 45},0, {3056, 1008},{0xDD, 0xDD, 0xDD, 0xFF}}},
	{{{-45, 47, 45},0, {1008, 1008},{0xDD, 0xDD, 0xDD, 0xFF}}},
	{{{-16, 472, -62},0, {1008, 1008},{0x99, 0x99, 0x99, 0xFF}}},
	{{{-62, 472, 16},0, {3056, 1008},{0x99, 0x99, 0x99, 0xFF}}},
	{{{-136, 472, 37},0, {4080, -16},{0xBB, 0xBB, 0xBB, 0xFF}}},
	{{{-37, 472, -136},0, {-16, -16},{0xBB, 0xBB, 0xBB, 0xFF}}},
	{{{-136, 472, 37},0, {-16, 1008},{0xBB, 0xBB, 0xBB, 0xFF}}},
	{{{37, 472, 136},0, {4080, 1008},{0xBB, 0xBB, 0xBB, 0xFF}}},
	{{{37, 518, 136},0, {4080, -16},{0xFF, 0xFF, 0xFF, 0xFF}}},
	{{{-136, 518, 37},0, {-16, -16},{0xFF, 0xFF, 0xFF, 0xFF}}},
	{{{62, 472, -16},0, {1008, 1008},{0x99, 0x99, 0x99, 0xFF}}},
	{{{-16, 472, -62},0, {3056, 1008},{0x99, 0x99, 0x99, 0xFF}}},
	{{{-37, 472, -136},0, {4080, -16},{0xBB, 0xBB, 0xBB, 0xFF}}},
	{{{136, 472, -37},0, {-16, -16},{0xBB, 0xBB, 0xBB, 0xFF}}},
	{{{-62, 472, 16},0, {1008, 1008},{0x99, 0x99, 0x99, 0xFF}}},
	{{{16, 472, 62},0, {3056, 1008},{0x99, 0x99, 0x99, 0xFF}}},
	{{{37, 472, 136},0, {4080, -16},{0xBB, 0xBB, 0xBB, 0xFF}}},
	{{{-136, 472, 37},0, {-16, -16},{0xBB, 0xBB, 0xBB, 0xFF}}},
	{{{16, 472, 62},0, {1008, 1008},{0x99, 0x99, 0x99, 0xFF}}},
	{{{62, 472, -16},0, {3056, 1008},{0x99, 0x99, 0x99, 0xFF}}},
	{{{136, 472, -37},0, {4080, -16},{0xBB, 0xBB, 0xBB, 0xFF}}},
	{{{37, 472, 136},0, {-16, -16},{0xBB, 0xBB, 0xBB, 0xFF}}},
	{{{37, 472, 136},0, {-16, 1008},{0xBB, 0xBB, 0xBB, 0xFF}}},
	{{{136, 472, -37},0, {4080, 1008},{0xBB, 0xBB, 0xBB, 0xFF}}},
	{{{136, 518, -37},0, {4080, -16},{0xFF, 0xFF, 0xFF, 0xFF}}},
	{{{37, 518, 136},0, {-16, -16},{0xFF, 0xFF, 0xFF, 0xFF}}},
	{{{-37, 472, -136},0, {-16, 1008},{0xBB, 0xBB, 0xBB, 0xFF}}},
	{{{-136, 472, 37},0, {4080, 1008},{0xBB, 0xBB, 0xBB, 0xFF}}},
	{{{-136, 518, 37},0, {4080, -16},{0xFF, 0xFF, 0xFF, 0xFF}}},
	{{{-37, 518, -136},0, {-16, -16},{0xFF, 0xFF, 0xFF, 0xFF}}},
	{{{136, 472, -37},0, {-16, 1008},{0xBB, 0xBB, 0xBB, 0xFF}}},
	{{{-37, 472, -136},0, {4080, 1008},{0xBB, 0xBB, 0xBB, 0xFF}}},
	{{{-37, 518, -136},0, {4080, -16},{0xFF, 0xFF, 0xFF, 0xFF}}},
	{{{136, 518, -37},0, {-16, -16},{0xFF, 0xFF, 0xFF, 0xFF}}},
};

Gfx castle_courtyard_dl_pillar_002_mesh_layer_1_tri_1[] = {
	gsSPVertex(castle_courtyard_dl_pillar_002_mesh_layer_1_vtx_1 + 0, 16, 0),
	gsSP1Triangle(0, 1, 2, 0),
	gsSP1Triangle(0, 2, 3, 0),
	gsSP1Triangle(3, 2, 4, 0),
	gsSP1Triangle(3, 4, 5, 0),
	gsSP1Triangle(6, 7, 8, 0),
	gsSP1Triangle(6, 8, 9, 0),
	gsSP1Triangle(9, 8, 10, 0),
	gsSP1Triangle(9, 10, 11, 0),
	gsSP1Triangle(12, 13, 14, 0),
	gsSP1Triangle(12, 14, 15, 0),
	gsSPVertex(castle_courtyard_dl_pillar_002_mesh_layer_1_vtx_1 + 16, 14, 0),
	gsSP1Triangle(0, 1, 2, 0),
	gsSP1Triangle(0, 2, 3, 0),
	gsSP1Triangle(4, 5, 6, 0),
	gsSP1Triangle(4, 6, 7, 0),
	gsSP1Triangle(7, 6, 8, 0),
	gsSP1Triangle(7, 8, 9, 0),
	gsSP1Triangle(10, 11, 12, 0),
	gsSP1Triangle(10, 12, 13, 0),
	gsSPVertex(castle_courtyard_dl_pillar_002_mesh_layer_1_vtx_1 + 30, 16, 0),
	gsSP1Triangle(0, 1, 2, 0),
	gsSP1Triangle(0, 2, 3, 0),
	gsSP1Triangle(4, 5, 6, 0),
	gsSP1Triangle(4, 6, 7, 0),
	gsSP1Triangle(8, 9, 10, 0),
	gsSP1Triangle(8, 10, 11, 0),
	gsSP1Triangle(12, 13, 14, 0),
	gsSP1Triangle(12, 14, 15, 0),
	gsSPVertex(castle_courtyard_dl_pillar_002_mesh_layer_1_vtx_1 + 46, 12, 0),
	gsSP1Triangle(0, 1, 2, 0),
	gsSP1Triangle(0, 2, 3, 0),
	gsSP1Triangle(4, 5, 6, 0),
	gsSP1Triangle(4, 6, 7, 0),
	gsSP1Triangle(8, 9, 10, 0),
	gsSP1Triangle(8, 10, 11, 0),
	gsSPEndDisplayList(),
};

Vtx castle_courtyard_dl_pillar_002_mesh_layer_1_vtx_2[4] = {
	{{{136, 518, -37},0, {-16, 2032},{0xFF, 0xFF, 0xFF, 0xFF}}},
	{{{-37, 518, -136},0, {2032, 2032},{0xFF, 0xFF, 0xFF, 0xFF}}},
	{{{-136, 518, 37},0, {2032, -16},{0xFF, 0xFF, 0xFF, 0xFF}}},
	{{{37, 518, 136},0, {-16, -16},{0xFF, 0xFF, 0xFF, 0xFF}}},
};

Gfx castle_courtyard_dl_pillar_002_mesh_layer_1_tri_2[] = {
	gsSPVertex(castle_courtyard_dl_pillar_002_mesh_layer_1_vtx_2 + 0, 4, 0),
	gsSP1Triangle(0, 1, 2, 0),
	gsSP1Triangle(0, 2, 3, 0),
	gsSPEndDisplayList(),
};

Vtx castle_courtyard_dl_pillar_003_mesh_layer_1_vtx_0[80] = {
	{{{-16, 387, 62},0, {-16, 2032},{0xB6, 0xB6, 0xB6, 0xFF}}},
	{{{62, 387, 16},0, {2032, 2032},{0xB6, 0xB6, 0xB6, 0xFF}}},
	{{{62, 472, -16},0, {2032, -16},{0x99, 0x99, 0x99, 0xFF}}},
	{{{16, 472, 62},0, {-16, -16},{0x99, 0x99, 0x99, 0xFF}}},
	{{{16, 387, -62},0, {-16, 2032},{0xB6, 0xB6, 0xB6, 0xFF}}},
	{{{-62, 387, -16},0, {2032, 2032},{0xB6, 0xB6, 0xB6, 0xFF}}},
	{{{-62, 472, 16},0, {2032, -16},{0x99, 0x99, 0x99, 0xFF}}},
	{{{-16, 472, -62},0, {-16, -16},{0x99, 0x99, 0x99, 0xFF}}},
	{{{62, 387, 16},0, {-16, 2032},{0xB6, 0xB6, 0xB6, 0xFF}}},
	{{{16, 387, -62},0, {2032, 2032},{0xB6, 0xB6, 0xB6, 0xFF}}},
	{{{-16, 472, -62},0, {2032, -16},{0x99, 0x99, 0x99, 0xFF}}},
	{{{62, 472, -16},0, {-16, -16},{0x99, 0x99, 0x99, 0xFF}}},
	{{{-62, 387, -16},0, {-16, 2032},{0xB6, 0xB6, 0xB6, 0xFF}}},
	{{{-16, 387, 62},0, {2032, 2032},{0xB6, 0xB6, 0xB6, 0xFF}}},
	{{{16, 472, 62},0, {2032, -16},{0x99, 0x99, 0x99, 0xFF}}},
	{{{-62, 472, 16},0, {-16, -16},{0x99, 0x99, 0x99, 0xFF}}},
	{{{45, 47, -45},0, {-16, 2032},{0xDD, 0xDD, 0xDD, 0xFF}}},
	{{{-45, 47, -45},0, {2032, 2032},{0xDD, 0xDD, 0xDD, 0xFF}}},
	{{{-62, 132, -16},0, {2032, -16},{0xC5, 0xC5, 0xC5, 0xFF}}},
	{{{16, 132, -62},0, {-16, -16},{0xC5, 0xC5, 0xC5, 0xFF}}},
	{{{16, 132, -62},0, {-16, 2032},{0xC5, 0xC5, 0xC5, 0xFF}}},
	{{{-62, 132, -16},0, {2032, 2032},{0xC5, 0xC5, 0xC5, 0xFF}}},
	{{{-62, 217, 16},0, {2032, -16},{0xC5, 0xC5, 0xC5, 0xFF}}},
	{{{-16, 217, -62},0, {-16, -16},{0xC5, 0xC5, 0xC5, 0xFF}}},
	{{{-16, 217, -62},0, {-16, 2032},{0xC5, 0xC5, 0xC5, 0xFF}}},
	{{{-62, 217, 16},0, {2032, 2032},{0xC5, 0xC5, 0xC5, 0xFF}}},
	{{{-45, 302, 45},0, {2032, -16},{0xD3, 0xD3, 0xD3, 0xFF}}},
	{{{-45, 302, -45},0, {-16, -16},{0xD3, 0xD3, 0xD3, 0xFF}}},
	{{{-45, 302, -45},0, {-16, 2032},{0xD3, 0xD3, 0xD3, 0xFF}}},
	{{{-45, 302, 45},0, {2032, 2032},{0xD3, 0xD3, 0xD3, 0xFF}}},
	{{{-16, 387, 62},0, {2032, -16},{0xB6, 0xB6, 0xB6, 0xFF}}},
	{{{-62, 387, -16},0, {-16, -16},{0xB6, 0xB6, 0xB6, 0xFF}}},
	{{{-45, 47, 45},0, {-16, 2032},{0xDD, 0xDD, 0xDD, 0xFF}}},
	{{{45, 47, 45},0, {2032, 2032},{0xDD, 0xDD, 0xDD, 0xFF}}},
	{{{62, 132, 16},0, {2032, -16},{0xC5, 0xC5, 0xC5, 0xFF}}},
	{{{-16, 132, 62},0, {-16, -16},{0xC5, 0xC5, 0xC5, 0xFF}}},
	{{{-16, 132, 62},0, {-16, 2032},{0xC5, 0xC5, 0xC5, 0xFF}}},
	{{{62, 132, 16},0, {2032, 2032},{0xC5, 0xC5, 0xC5, 0xFF}}},
	{{{62, 217, -16},0, {2032, -16},{0xC5, 0xC5, 0xC5, 0xFF}}},
	{{{16, 217, 62},0, {-16, -16},{0xC5, 0xC5, 0xC5, 0xFF}}},
	{{{16, 217, 62},0, {-16, 2032},{0xC5, 0xC5, 0xC5, 0xFF}}},
	{{{62, 217, -16},0, {2032, 2032},{0xC5, 0xC5, 0xC5, 0xFF}}},
	{{{45, 302, -45},0, {2032, -16},{0xD3, 0xD3, 0xD3, 0xFF}}},
	{{{45, 302, 45},0, {-16, -16},{0xD3, 0xD3, 0xD3, 0xFF}}},
	{{{45, 302, 45},0, {-16, 2032},{0xD3, 0xD3, 0xD3, 0xFF}}},
	{{{45, 302, -45},0, {2032, 2032},{0xD3, 0xD3, 0xD3, 0xFF}}},
	{{{16, 387, -62},0, {2032, -16},{0xB6, 0xB6, 0xB6, 0xFF}}},
	{{{62, 387, 16},0, {-16, -16},{0xB6, 0xB6, 0xB6, 0xFF}}},
	{{{45, 47, 45},0, {-16, 2032},{0xDD, 0xDD, 0xDD, 0xFF}}},
	{{{45, 47, -45},0, {2032, 2032},{0xDD, 0xDD, 0xDD, 0xFF}}},
	{{{16, 132, -62},0, {2032, -16},{0xC5, 0xC5, 0xC5, 0xFF}}},
	{{{62, 132, 16},0, {-16, -16},{0xC5, 0xC5, 0xC5, 0xFF}}},
	{{{62, 132, 16},0, {-16, 2032},{0xC5, 0xC5, 0xC5, 0xFF}}},
	{{{16, 132, -62},0, {2032, 2032},{0xC5, 0xC5, 0xC5, 0xFF}}},
	{{{-16, 217, -62},0, {2032, -16},{0xC5, 0xC5, 0xC5, 0xFF}}},
	{{{62, 217, -16},0, {-16, -16},{0xC5, 0xC5, 0xC5, 0xFF}}},
	{{{62, 217, -16},0, {-16, 2032},{0xC5, 0xC5, 0xC5, 0xFF}}},
	{{{-16, 217, -62},0, {2032, 2032},{0xC5, 0xC5, 0xC5, 0xFF}}},
	{{{-45, 302, -45},0, {2032, -16},{0xD3, 0xD3, 0xD3, 0xFF}}},
	{{{45, 302, -45},0, {-16, -16},{0xD3, 0xD3, 0xD3, 0xFF}}},
	{{{45, 302, -45},0, {-16, 2032},{0xD3, 0xD3, 0xD3, 0xFF}}},
	{{{-45, 302, -45},0, {2032, 2032},{0xD3, 0xD3, 0xD3, 0xFF}}},
	{{{-62, 387, -16},0, {2032, -16},{0xB6, 0xB6, 0xB6, 0xFF}}},
	{{{16, 387, -62},0, {-16, -16},{0xB6, 0xB6, 0xB6, 0xFF}}},
	{{{-45, 47, -45},0, {-16, 2032},{0xDD, 0xDD, 0xDD, 0xFF}}},
	{{{-45, 47, 45},0, {2032, 2032},{0xDD, 0xDD, 0xDD, 0xFF}}},
	{{{-16, 132, 62},0, {2032, -16},{0xC5, 0xC5, 0xC5, 0xFF}}},
	{{{-62, 132, -16},0, {-16, -16},{0xC5, 0xC5, 0xC5, 0xFF}}},
	{{{-62, 132, -16},0, {-16, 2032},{0xC5, 0xC5, 0xC5, 0xFF}}},
	{{{-16, 132, 62},0, {2032, 2032},{0xC5, 0xC5, 0xC5, 0xFF}}},
	{{{16, 217, 62},0, {2032, -16},{0xC5, 0xC5, 0xC5, 0xFF}}},
	{{{-62, 217, 16},0, {-16, -16},{0xC5, 0xC5, 0xC5, 0xFF}}},
	{{{-62, 217, 16},0, {-16, 2032},{0xC5, 0xC5, 0xC5, 0xFF}}},
	{{{16, 217, 62},0, {2032, 2032},{0xC5, 0xC5, 0xC5, 0xFF}}},
	{{{45, 302, 45},0, {2032, -16},{0xD3, 0xD3, 0xD3, 0xFF}}},
	{{{-45, 302, 45},0, {-16, -16},{0xD3, 0xD3, 0xD3, 0xFF}}},
	{{{-45, 302, 45},0, {-16, 2032},{0xD3, 0xD3, 0xD3, 0xFF}}},
	{{{45, 302, 45},0, {2032, 2032},{0xD3, 0xD3, 0xD3, 0xFF}}},
	{{{62, 387, 16},0, {2032, -16},{0xB6, 0xB6, 0xB6, 0xFF}}},
	{{{-16, 387, 62},0, {-16, -16},{0xB6, 0xB6, 0xB6, 0xFF}}},
};

Gfx castle_courtyard_dl_pillar_003_mesh_layer_1_tri_0[] = {
	gsSPVertex(castle_courtyard_dl_pillar_003_mesh_layer_1_vtx_0 + 0, 16, 0),
	gsSP1Triangle(0, 1, 2, 0),
	gsSP1Triangle(0, 2, 3, 0),
	gsSP1Triangle(4, 5, 6, 0),
	gsSP1Triangle(4, 6, 7, 0),
	gsSP1Triangle(8, 9, 10, 0),
	gsSP1Triangle(8, 10, 11, 0),
	gsSP1Triangle(12, 13, 14, 0),
	gsSP1Triangle(12, 14, 15, 0),
	gsSPVertex(castle_courtyard_dl_pillar_003_mesh_layer_1_vtx_0 + 16, 16, 0),
	gsSP1Triangle(0, 1, 2, 0),
	gsSP1Triangle(0, 2, 3, 0),
	gsSP1Triangle(4, 5, 6, 0),
	gsSP1Triangle(4, 6, 7, 0),
	gsSP1Triangle(8, 9, 10, 0),
	gsSP1Triangle(8, 10, 11, 0),
	gsSP1Triangle(12, 13, 14, 0),
	gsSP1Triangle(12, 14, 15, 0),
	gsSPVertex(castle_courtyard_dl_pillar_003_mesh_layer_1_vtx_0 + 32, 16, 0),
	gsSP1Triangle(0, 1, 2, 0),
	gsSP1Triangle(0, 2, 3, 0),
	gsSP1Triangle(4, 5, 6, 0),
	gsSP1Triangle(4, 6, 7, 0),
	gsSP1Triangle(8, 9, 10, 0),
	gsSP1Triangle(8, 10, 11, 0),
	gsSP1Triangle(12, 13, 14, 0),
	gsSP1Triangle(12, 14, 15, 0),
	gsSPVertex(castle_courtyard_dl_pillar_003_mesh_layer_1_vtx_0 + 48, 16, 0),
	gsSP1Triangle(0, 1, 2, 0),
	gsSP1Triangle(0, 2, 3, 0),
	gsSP1Triangle(4, 5, 6, 0),
	gsSP1Triangle(4, 6, 7, 0),
	gsSP1Triangle(8, 9, 10, 0),
	gsSP1Triangle(8, 10, 11, 0),
	gsSP1Triangle(12, 13, 14, 0),
	gsSP1Triangle(12, 14, 15, 0),
	gsSPVertex(castle_courtyard_dl_pillar_003_mesh_layer_1_vtx_0 + 64, 16, 0),
	gsSP1Triangle(0, 1, 2, 0),
	gsSP1Triangle(0, 2, 3, 0),
	gsSP1Triangle(4, 5, 6, 0),
	gsSP1Triangle(4, 6, 7, 0),
	gsSP1Triangle(8, 9, 10, 0),
	gsSP1Triangle(8, 10, 11, 0),
	gsSP1Triangle(12, 13, 14, 0),
	gsSP1Triangle(12, 14, 15, 0),
	gsSPEndDisplayList(),
};

Vtx castle_courtyard_dl_pillar_003_mesh_layer_1_vtx_1[58] = {
	{{{100, 0, 100},0, {-16, 1008},{0xFF, 0xFF, 0xFF, 0xFF}}},
	{{{100, 0, -100},0, {4080, 1008},{0xFF, 0xFF, 0xFF, 0xFF}}},
	{{{100, 47, -100},0, {4080, -16},{0xE0, 0xE0, 0xE0, 0xFF}}},
	{{{100, 47, 100},0, {-16, -16},{0xE0, 0xE0, 0xE0, 0xFF}}},
	{{{45, 47, -45},0, {3056, 1008},{0xDD, 0xDD, 0xDD, 0xFF}}},
	{{{45, 47, 45},0, {1008, 1008},{0xDD, 0xDD, 0xDD, 0xFF}}},
	{{{-100, 0, -100},0, {-16, 1008},{0xFF, 0xFF, 0xFF, 0xFF}}},
	{{{-100, 0, 100},0, {4080, 1008},{0xFF, 0xFF, 0xFF, 0xFF}}},
	{{{-100, 47, 100},0, {4080, -16},{0xE0, 0xE0, 0xE0, 0xFF}}},
	{{{-100, 47, -100},0, {-16, -16},{0xE0, 0xE0, 0xE0, 0xFF}}},
	{{{-45, 47, 45},0, {3056, 1008},{0xDD, 0xDD, 0xDD, 0xFF}}},
	{{{-45, 47, -45},0, {1008, 1008},{0xDD, 0xDD, 0xDD, 0xFF}}},
	{{{100, 0, -100},0, {-16, 1008},{0xFF, 0xFF, 0xFF, 0xFF}}},
	{{{-100, 0, -100},0, {4080, 1008},{0xFF, 0xFF, 0xFF, 0xFF}}},
	{{{-100, 47, -100},0, {4080, -16},{0xE0, 0xE0, 0xE0, 0xFF}}},
	{{{100, 47, -100},0, {-16, -16},{0xE0, 0xE0, 0xE0, 0xFF}}},
	{{{100, 47, -100},0, {-16, -16},{0xE0, 0xE0, 0xE0, 0xFF}}},
	{{{-100, 47, -100},0, {4080, -16},{0xE0, 0xE0, 0xE0, 0xFF}}},
	{{{-45, 47, -45},0, {3056, 1008},{0xDD, 0xDD, 0xDD, 0xFF}}},
	{{{45, 47, -45},0, {1008, 1008},{0xDD, 0xDD, 0xDD, 0xFF}}},
	{{{-100, 0, 100},0, {-16, 1008},{0xFF, 0xFF, 0xFF, 0xFF}}},
	{{{100, 0, 100},0, {4080, 1008},{0xFF, 0xFF, 0xFF, 0xFF}}},
	{{{100, 47, 100},0, {4080, -16},{0xE0, 0xE0, 0xE0, 0xFF}}},
	{{{-100, 47, 100},0, {-16, -16},{0xE0, 0xE0, 0xE0, 0xFF}}},
	{{{45, 47, 45},0, {3056, 1008},{0xDD, 0xDD, 0xDD, 0xFF}}},
	{{{-45, 47, 45},0, {1008, 1008},{0xDD, 0xDD, 0xDD, 0xFF}}},
	{{{-16, 472, -62},0, {1008, 1008},{0x99, 0x99, 0x99, 0xFF}}},
	{{{-62, 472, 16},0, {3056, 1008},{0x99, 0x99, 0x99, 0xFF}}},
	{{{-136, 472, 37},0, {4080, -16},{0xBB, 0xBB, 0xBB, 0xFF}}},
	{{{-37, 472, -136},0, {-16, -16},{0xBB, 0xBB, 0xBB, 0xFF}}},
	{{{-136, 472, 37},0, {-16, 1008},{0xBB, 0xBB, 0xBB, 0xFF}}},
	{{{37, 472, 136},0, {4080, 1008},{0xBB, 0xBB, 0xBB, 0xFF}}},
	{{{37, 518, 136},0, {4080, -16},{0xFF, 0xFF, 0xFF, 0xFF}}},
	{{{-136, 518, 37},0, {-16, -16},{0xFF, 0xFF, 0xFF, 0xFF}}},
	{{{62, 472, -16},0, {1008, 1008},{0x99, 0x99, 0x99, 0xFF}}},
	{{{-16, 472, -62},0, {3056, 1008},{0x99, 0x99, 0x99, 0xFF}}},
	{{{-37, 472, -136},0, {4080, -16},{0xBB, 0xBB, 0xBB, 0xFF}}},
	{{{136, 472, -37},0, {-16, -16},{0xBB, 0xBB, 0xBB, 0xFF}}},
	{{{-62, 472, 16},0, {1008, 1008},{0x99, 0x99, 0x99, 0xFF}}},
	{{{16, 472, 62},0, {3056, 1008},{0x99, 0x99, 0x99, 0xFF}}},
	{{{37, 472, 136},0, {4080, -16},{0xBB, 0xBB, 0xBB, 0xFF}}},
	{{{-136, 472, 37},0, {-16, -16},{0xBB, 0xBB, 0xBB, 0xFF}}},
	{{{16, 472, 62},0, {1008, 1008},{0x99, 0x99, 0x99, 0xFF}}},
	{{{62, 472, -16},0, {3056, 1008},{0x99, 0x99, 0x99, 0xFF}}},
	{{{136, 472, -37},0, {4080, -16},{0xBB, 0xBB, 0xBB, 0xFF}}},
	{{{37, 472, 136},0, {-16, -16},{0xBB, 0xBB, 0xBB, 0xFF}}},
	{{{37, 472, 136},0, {-16, 1008},{0xBB, 0xBB, 0xBB, 0xFF}}},
	{{{136, 472, -37},0, {4080, 1008},{0xBB, 0xBB, 0xBB, 0xFF}}},
	{{{136, 518, -37},0, {4080, -16},{0xFF, 0xFF, 0xFF, 0xFF}}},
	{{{37, 518, 136},0, {-16, -16},{0xFF, 0xFF, 0xFF, 0xFF}}},
	{{{-37, 472, -136},0, {-16, 1008},{0xBB, 0xBB, 0xBB, 0xFF}}},
	{{{-136, 472, 37},0, {4080, 1008},{0xBB, 0xBB, 0xBB, 0xFF}}},
	{{{-136, 518, 37},0, {4080, -16},{0xFF, 0xFF, 0xFF, 0xFF}}},
	{{{-37, 518, -136},0, {-16, -16},{0xFF, 0xFF, 0xFF, 0xFF}}},
	{{{136, 472, -37},0, {-16, 1008},{0xBB, 0xBB, 0xBB, 0xFF}}},
	{{{-37, 472, -136},0, {4080, 1008},{0xBB, 0xBB, 0xBB, 0xFF}}},
	{{{-37, 518, -136},0, {4080, -16},{0xFF, 0xFF, 0xFF, 0xFF}}},
	{{{136, 518, -37},0, {-16, -16},{0xFF, 0xFF, 0xFF, 0xFF}}},
};

Gfx castle_courtyard_dl_pillar_003_mesh_layer_1_tri_1[] = {
	gsSPVertex(castle_courtyard_dl_pillar_003_mesh_layer_1_vtx_1 + 0, 16, 0),
	gsSP1Triangle(0, 1, 2, 0),
	gsSP1Triangle(0, 2, 3, 0),
	gsSP1Triangle(3, 2, 4, 0),
	gsSP1Triangle(3, 4, 5, 0),
	gsSP1Triangle(6, 7, 8, 0),
	gsSP1Triangle(6, 8, 9, 0),
	gsSP1Triangle(9, 8, 10, 0),
	gsSP1Triangle(9, 10, 11, 0),
	gsSP1Triangle(12, 13, 14, 0),
	gsSP1Triangle(12, 14, 15, 0),
	gsSPVertex(castle_courtyard_dl_pillar_003_mesh_layer_1_vtx_1 + 16, 14, 0),
	gsSP1Triangle(0, 1, 2, 0),
	gsSP1Triangle(0, 2, 3, 0),
	gsSP1Triangle(4, 5, 6, 0),
	gsSP1Triangle(4, 6, 7, 0),
	gsSP1Triangle(7, 6, 8, 0),
	gsSP1Triangle(7, 8, 9, 0),
	gsSP1Triangle(10, 11, 12, 0),
	gsSP1Triangle(10, 12, 13, 0),
	gsSPVertex(castle_courtyard_dl_pillar_003_mesh_layer_1_vtx_1 + 30, 16, 0),
	gsSP1Triangle(0, 1, 2, 0),
	gsSP1Triangle(0, 2, 3, 0),
	gsSP1Triangle(4, 5, 6, 0),
	gsSP1Triangle(4, 6, 7, 0),
	gsSP1Triangle(8, 9, 10, 0),
	gsSP1Triangle(8, 10, 11, 0),
	gsSP1Triangle(12, 13, 14, 0),
	gsSP1Triangle(12, 14, 15, 0),
	gsSPVertex(castle_courtyard_dl_pillar_003_mesh_layer_1_vtx_1 + 46, 12, 0),
	gsSP1Triangle(0, 1, 2, 0),
	gsSP1Triangle(0, 2, 3, 0),
	gsSP1Triangle(4, 5, 6, 0),
	gsSP1Triangle(4, 6, 7, 0),
	gsSP1Triangle(8, 9, 10, 0),
	gsSP1Triangle(8, 10, 11, 0),
	gsSPEndDisplayList(),
};

Vtx castle_courtyard_dl_pillar_003_mesh_layer_1_vtx_2[4] = {
	{{{136, 518, -37},0, {-16, 2032},{0xFF, 0xFF, 0xFF, 0xFF}}},
	{{{-37, 518, -136},0, {2032, 2032},{0xFF, 0xFF, 0xFF, 0xFF}}},
	{{{-136, 518, 37},0, {2032, -16},{0xFF, 0xFF, 0xFF, 0xFF}}},
	{{{37, 518, 136},0, {-16, -16},{0xFF, 0xFF, 0xFF, 0xFF}}},
};

Gfx castle_courtyard_dl_pillar_003_mesh_layer_1_tri_2[] = {
	gsSPVertex(castle_courtyard_dl_pillar_003_mesh_layer_1_vtx_2 + 0, 4, 0),
	gsSP1Triangle(0, 1, 2, 0),
	gsSP1Triangle(0, 2, 3, 0),
	gsSPEndDisplayList(),
};

Vtx castle_courtyard_dl_s_mesh_layer_1_vtx_0[470] = {
	{{{-124, 834, -317},0, {1008, 2032},{0xDC, 0xC9, 0x8E, 0xFF}}},
	{{{-116, 958, -330},0, {2032, 2032},{0xDE, 0xC7, 0x94, 0xFF}}},
	{{{-125, 982, -353},0, {2032, 1008},{0xDE, 0xC8, 0x92, 0xFF}}},
	{{{-147, 837, -349},0, {1008, 1008},{0xBC, 0xAA, 0x7E, 0xFF}}},
	{{{-126, 958, -377},0, {2032, -16},{0xDD, 0xC8, 0x8F, 0xFF}}},
	{{{-144, 834, -388},0, {1008, -16},{0x9D, 0x8C, 0x6D, 0xFF}}},
	{{{-172, 622, -351},0, {-16, 1008},{0x9B, 0x8D, 0x6A, 0xFF}}},
	{{{-164, 622, -406},0, {-16, -16},{0x5C, 0x4F, 0x4B, 0xFF}}},
	{{{-141, 622, -304},0, {-16, 2032},{0xDA, 0xCA, 0x88, 0xFF}}},
	{{{-144, 834, -388},0, {1008, 2032},{0x9D, 0x8C, 0x6D, 0xFF}}},
	{{{-126, 958, -377},0, {2032, 2032},{0xDD, 0xC8, 0x8F, 0xFF}}},
	{{{-103, 982, -385},0, {2032, 1008},{0xDE, 0xC7, 0x93, 0xFF}}},
	{{{-112, 837, -411},0, {1008, 1008},{0xA8, 0x97, 0x73, 0xFF}}},
	{{{-79, 958, -388},0, {2032, -16},{0xDF, 0xC6, 0x96, 0xFF}}},
	{{{-73, 834, -408},0, {1008, -16},{0xB4, 0xA2, 0x7A, 0xFF}}},
	{{{-117, 622, -437},0, {-16, 1008},{0x73, 0x67, 0x54, 0xFF}}},
	{{{-117, 622, -437},0, {-16, 1008},{0x73, 0x67, 0x54, 0xFF}}},
	{{{-73, 834, -408},0, {1008, -16},{0xB4, 0xA2, 0x7A, 0xFF}}},
	{{{-62, 622, -430},0, {-16, -16},{0x89, 0x7E, 0x5D, 0xFF}}},
	{{{-164, 622, -406},0, {-16, 2032},{0x5C, 0x4F, 0x4B, 0xFF}}},
	{{{-112, 837, -411},0, {1008, 1008},{0xA8, 0x97, 0x73, 0xFF}}},
	{{{-144, 834, -388},0, {1008, 2032},{0x9D, 0x8C, 0x6D, 0xFF}}},
	{{{-73, 834, -408},0, {1008, 2032},{0xB4, 0xA2, 0x7A, 0xFF}}},
	{{{-79, 958, -388},0, {2032, 2032},{0xDF, 0xC6, 0x96, 0xFF}}},
	{{{-70, 982, -363},0, {2032, 1008},{0xDF, 0xC6, 0x97, 0xFF}}},
	{{{-49, 837, -376},0, {1008, 1008},{0xCA, 0xB4, 0x89, 0xFF}}},
	{{{-69, 958, -341},0, {2032, -16},{0xDF, 0xC6, 0x98, 0xFF}}},
	{{{-52, 834, -337},0, {1008, -16},{0xE0, 0xC6, 0x99, 0xFF}}},
	{{{-31, 622, -383},0, {-16, 1008},{0xB5, 0xA2, 0x7B, 0xFF}}},
	{{{-38, 622, -327},0, {-16, -16},{0xE0, 0xC5, 0x99, 0xFF}}},
	{{{-62, 622, -430},0, {-16, 2032},{0x89, 0x7E, 0x5D, 0xFF}}},
	{{{-52, 834, -337},0, {1008, 2032},{0xE0, 0xC6, 0x99, 0xFF}}},
	{{{-69, 958, -341},0, {2032, 2032},{0xDF, 0xC6, 0x98, 0xFF}}},
	{{{-92, 982, -331},0, {2032, 1008},{0xDF, 0xC7, 0x96, 0xFF}}},
	{{{-84, 837, -314},0, {1008, 1008},{0xDE, 0xC7, 0x93, 0xFF}}},
	{{{-116, 958, -330},0, {2032, -16},{0xDE, 0xC7, 0x94, 0xFF}}},
	{{{-124, 834, -317},0, {1008, -16},{0xDC, 0xC9, 0x8E, 0xFF}}},
	{{{-85, 622, -296},0, {-16, 1008},{0xDD, 0xC8, 0x91, 0xFF}}},
	{{{-141, 622, -304},0, {-16, -16},{0xDA, 0xCA, 0x88, 0xFF}}},
	{{{-38, 622, -327},0, {-16, 2032},{0xE0, 0xC5, 0x99, 0xFF}}},
	{{{-244, -285, -250},0, {-16, 2032},{0x88, 0x68, 0x4D, 0xFF}}},
	{{{-286, -374, -369},0, {1008, 1008},{0x86, 0x67, 0x4D, 0xFF}}},
	{{{-241, -374, -249},0, {-16, 1008},{0x88, 0x68, 0x4D, 0xFF}}},
	{{{-287, -285, -372},0, {1008, 2032},{0x84, 0x66, 0x4D, 0xFF}}},
	{{{-240, -374, -489},0, {2032, 1008},{0x84, 0x66, 0x4D, 0xFF}}},
	{{{-239, -285, -493},0, {2032, 2032},{0x80, 0x63, 0x4D, 0xFF}}},
	{{{-103, 982, -385},0, {1008, 2032},{0xDE, 0xC7, 0x93, 0xFF}}},
	{{{-126, 958, -377},0, {2032, 2032},{0xDD, 0xC8, 0x8F, 0xFF}}},
	{{{-125, 982, -353},0, {2032, 1008},{0xDE, 0xC8, 0x92, 0xFF}}},
	{{{-97, 1032, -357},0, {1008, 1008},{0xDE, 0xC7, 0x94, 0xFF}}},
	{{{-116, 958, -330},0, {2032, -16},{0xDE, 0xC7, 0x94, 0xFF}}},
	{{{-92, 982, -331},0, {1008, -16},{0xDF, 0xC7, 0x96, 0xFF}}},
	{{{-70, 982, -363},0, {-16, 1008},{0xDF, 0xC6, 0x97, 0xFF}}},
	{{{-69, 958, -341},0, {-16, -16},{0xDF, 0xC6, 0x98, 0xFF}}},
	{{{-79, 958, -388},0, {-16, 2032},{0xDF, 0xC6, 0x96, 0xFF}}},
	{{{-16, -102, -252},0, {1008, 2032},{0xA0, 0x89, 0x76, 0xFF}}},
	{{{-30, 137, -270},0, {2032, 2032},{0xB6, 0xA9, 0x9D, 0xFF}}},
	{{{-125, 137, -241},0, {2032, 1008},{0x93, 0x88, 0x81, 0xFF}}},
	{{{-129, -102, -217},0, {1008, 1008},{0x8E, 0x78, 0x67, 0xFF}}},
	{{{-216, 137, -282},0, {2032, -16},{0x70, 0x67, 0x64, 0xFF}}},
	{{{-236, -102, -265},0, {1008, -16},{0x7C, 0x68, 0x59, 0xFF}}},
	{{{-123, -285, -202},0, {-16, 1008},{0x89, 0x69, 0x4E, 0xFF}}},
	{{{-123, -285, -202},0, {-16, 1008},{0x89, 0x69, 0x4E, 0xFF}}},
	{{{-236, -102, -265},0, {1008, -16},{0x7C, 0x68, 0x59, 0xFF}}},
	{{{-244, -285, -250},0, {-16, -16},{0x88, 0x68, 0x4D, 0xFF}}},
	{{{-1, -285, -245},0, {-16, 2032},{0x8A, 0x69, 0x4E, 0xFF}}},
	{{{-129, -102, -217},0, {1008, 1008},{0x8E, 0x78, 0x67, 0xFF}}},
	{{{-16, -102, -252},0, {1008, 2032},{0xA0, 0x89, 0x76, 0xFF}}},
	{{{-125, 137, -241},0, {-16, 1008},{0x93, 0x88, 0x81, 0xFF}}},
	{{{-141, 622, -304},0, {2032, -16},{0xDA, 0xCA, 0x88, 0xFF}}},
	{{{-216, 137, -282},0, {-16, -16},{0x70, 0x67, 0x64, 0xFF}}},
	{{{-85, 622, -296},0, {2032, 1008},{0xDD, 0xC8, 0x91, 0xFF}}},
	{{{-38, 622, -327},0, {2032, 2032},{0xE0, 0xC5, 0x99, 0xFF}}},
	{{{-30, 137, -270},0, {-16, 2032},{0xB6, 0xA9, 0x9D, 0xFF}}},
	{{{-62, 622, -430},0, {2032, 2032},{0x89, 0x7E, 0x5D, 0xFF}}},
	{{{11, 137, -360},0, {-16, 1008},{0xB5, 0xA8, 0x9D, 0xFF}}},
	{{{-17, 137, -455},0, {-16, 2032},{0xB4, 0xA7, 0x9C, 0xFF}}},
	{{{-31, 622, -383},0, {2032, 1008},{0xB5, 0xA2, 0x7B, 0xFF}}},
	{{{11, 137, -360},0, {-16, 1008},{0xB5, 0xA8, 0x9D, 0xFF}}},
	{{{-31, 622, -383},0, {2032, 1008},{0xB5, 0xA2, 0x7B, 0xFF}}},
	{{{-38, 622, -327},0, {2032, -16},{0xE0, 0xC5, 0x99, 0xFF}}},
	{{{-30, 137, -270},0, {-16, -16},{0xB6, 0xA9, 0x9D, 0xFF}}},
	{{{-3, -102, -472},0, {1008, 2032},{0xA0, 0x8A, 0x76, 0xFF}}},
	{{{-17, 137, -455},0, {2032, 2032},{0xB4, 0xA7, 0x9C, 0xFF}}},
	{{{11, 137, -360},0, {2032, 1008},{0xB5, 0xA8, 0x9D, 0xFF}}},
	{{{32, -102, -360},0, {1008, 1008},{0xA0, 0x89, 0x76, 0xFF}}},
	{{{-30, 137, -270},0, {2032, -16},{0xB6, 0xA9, 0x9D, 0xFF}}},
	{{{-16, -102, -252},0, {1008, -16},{0xA0, 0x89, 0x76, 0xFF}}},
	{{{47, -285, -365},0, {-16, 1008},{0x8B, 0x6B, 0x4F, 0xFF}}},
	{{{-1, -285, -245},0, {-16, -16},{0x8A, 0x69, 0x4E, 0xFF}}},
	{{{4, -285, -488},0, {-16, 2032},{0x8C, 0x6C, 0x4F, 0xFF}}},
	{{{-164, 622, -406},0, {2032, 2032},{0x5C, 0x4F, 0x4B, 0xFF}}},
	{{{-108, 137, -497},0, {-16, 1008},{0x88, 0x7B, 0x74, 0xFF}}},
	{{{-203, 137, -468},0, {-16, 2032},{0x5C, 0x4F, 0x4B, 0xFF}}},
	{{{-164, 622, -406},0, {2032, 2032},{0x5C, 0x4F, 0x4B, 0xFF}}},
	{{{-117, 622, -437},0, {2032, 1008},{0x73, 0x67, 0x54, 0xFF}}},
	{{{-108, 137, -497},0, {-16, 1008},{0x88, 0x7B, 0x74, 0xFF}}},
	{{{-62, 622, -430},0, {2032, -16},{0x89, 0x7E, 0x5D, 0xFF}}},
	{{{-17, 137, -455},0, {-16, -16},{0xB4, 0xA7, 0x9C, 0xFF}}},
	{{{-223, -102, -486},0, {1008, 2032},{0x6E, 0x59, 0x4C, 0xFF}}},
	{{{-203, 137, -468},0, {2032, 2032},{0x5C, 0x4F, 0x4B, 0xFF}}},
	{{{-108, 137, -497},0, {2032, 1008},{0x88, 0x7B, 0x74, 0xFF}}},
	{{{-110, -102, -520},0, {1008, 1008},{0x87, 0x71, 0x61, 0xFF}}},
	{{{-17, 137, -455},0, {2032, -16},{0xB4, 0xA7, 0x9C, 0xFF}}},
	{{{-3, -102, -472},0, {1008, -16},{0xA0, 0x8A, 0x76, 0xFF}}},
	{{{-117, -285, -536},0, {-16, 1008},{0x86, 0x68, 0x4E, 0xFF}}},
	{{{4, -285, -488},0, {-16, -16},{0x8C, 0x6C, 0x4F, 0xFF}}},
	{{{-239, -285, -493},0, {-16, 2032},{0x80, 0x63, 0x4D, 0xFF}}},
	{{{-216, 137, -282},0, {-16, 2032},{0x70, 0x67, 0x64, 0xFF}}},
	{{{-141, 622, -304},0, {2032, 2032},{0xDA, 0xCA, 0x88, 0xFF}}},
	{{{-172, 622, -351},0, {2032, 1008},{0x9B, 0x8D, 0x6A, 0xFF}}},
	{{{-244, 137, -378},0, {-16, 1008},{0x66, 0x5B, 0x58, 0xFF}}},
	{{{-164, 622, -406},0, {2032, -16},{0x5C, 0x4F, 0x4B, 0xFF}}},
	{{{-203, 137, -468},0, {-16, -16},{0x5C, 0x4F, 0x4B, 0xFF}}},
	{{{-236, -102, -265},0, {1008, 2032},{0x7C, 0x68, 0x59, 0xFF}}},
	{{{-216, 137, -282},0, {2032, 2032},{0x70, 0x67, 0x64, 0xFF}}},
	{{{-244, 137, -378},0, {2032, 1008},{0x66, 0x5B, 0x58, 0xFF}}},
	{{{-271, -102, -378},0, {1008, 1008},{0x75, 0x60, 0x52, 0xFF}}},
	{{{-203, 137, -468},0, {2032, -16},{0x5C, 0x4F, 0x4B, 0xFF}}},
	{{{-223, -102, -486},0, {1008, -16},{0x6E, 0x59, 0x4C, 0xFF}}},
	{{{-287, -285, -372},0, {-16, 1008},{0x84, 0x66, 0x4D, 0xFF}}},
	{{{-239, -285, -493},0, {-16, -16},{0x80, 0x63, 0x4D, 0xFF}}},
	{{{-244, -285, -250},0, {-16, 2032},{0x88, 0x68, 0x4D, 0xFF}}},
	{{{-37, 622, 278},0, {2032, 2032},{0xE0, 0xC5, 0x99, 0xFF}}},
	{{{-123, 137, 364},0, {-16, 1008},{0x93, 0x88, 0x81, 0xFF}}},
	{{{-28, 137, 335},0, {-16, 2032},{0xB6, 0xA9, 0x9D, 0xFF}}},
	{{{-84, 622, 309},0, {2032, 1008},{0xDD, 0xC8, 0x91, 0xFF}}},
	{{{-139, 622, 301},0, {2032, -16},{0xDA, 0xCA, 0x88, 0xFF}}},
	{{{-214, 137, 323},0, {-16, -16},{0x70, 0x67, 0x64, 0xFF}}},
	{{{4, -285, -488},0, {-16, 2032},{0x8C, 0x6C, 0x4F, 0xFF}}},
	{{{45, -374, -368},0, {1008, 1008},{0x8A, 0x69, 0x4E, 0xFF}}},
	{{{0, -374, -489},0, {-16, 1008},{0x8A, 0x6A, 0x4E, 0xFF}}},
	{{{47, -285, -365},0, {1008, 2032},{0x8B, 0x6B, 0x4F, 0xFF}}},
	{{{0, -374, -248},0, {2032, 1008},{0x89, 0x69, 0x4E, 0xFF}}},
	{{{-1, -285, -245},0, {2032, 2032},{0x8A, 0x69, 0x4E, 0xFF}}},
	{{{-1, -285, -245},0, {-16, 2032},{0x8A, 0x69, 0x4E, 0xFF}}},
	{{{-121, -374, -203},0, {1008, 1008},{0x89, 0x68, 0x4D, 0xFF}}},
	{{{0, -374, -248},0, {-16, 1008},{0x89, 0x69, 0x4E, 0xFF}}},
	{{{-123, -285, -202},0, {1008, 2032},{0x89, 0x69, 0x4E, 0xFF}}},
	{{{-123, -285, -202},0, {1008, 2032},{0x89, 0x69, 0x4E, 0xFF}}},
	{{{-241, -374, -249},0, {2032, 1008},{0x88, 0x68, 0x4D, 0xFF}}},
	{{{-121, -374, -203},0, {1008, 1008},{0x89, 0x68, 0x4D, 0xFF}}},
	{{{-244, -285, -250},0, {2032, 2032},{0x88, 0x68, 0x4D, 0xFF}}},
	{{{-239, -285, -493},0, {-16, 2032},{0x80, 0x63, 0x4D, 0xFF}}},
	{{{-120, -374, -534},0, {1008, 1008},{0x87, 0x68, 0x4E, 0xFF}}},
	{{{-240, -374, -489},0, {-16, 1008},{0x84, 0x66, 0x4D, 0xFF}}},
	{{{-117, -285, -536},0, {1008, 2032},{0x86, 0x68, 0x4E, 0xFF}}},
	{{{0, -374, -489},0, {2032, 1008},{0x8A, 0x6A, 0x4E, 0xFF}}},
	{{{4, -285, -488},0, {2032, 2032},{0x8C, 0x6C, 0x4F, 0xFF}}},
	{{{505, -273, 709},0, {1008, 2032},{0x90, 0x76, 0x5E, 0xFF}}},
	{{{466, -259, 691},0, {2032, 2032},{0x8F, 0x76, 0x5E, 0xFF}}},
	{{{456, -276, 622},0, {2032, 1008},{0x90, 0x78, 0x60, 0xFF}}},
	{{{503, -303, 624},0, {1008, 1008},{0x90, 0x77, 0x5F, 0xFF}}},
	{{{453, -282, 513},0, {2032, -16},{0x91, 0x79, 0x62, 0xFF}}},
	{{{501, -309, 513},0, {1008, -16},{0x90, 0x77, 0x5F, 0xFF}}},
	{{{575, -305, 629},0, {-16, 1008},{0x90, 0x76, 0x5D, 0xFF}}},
	{{{503, -303, 624},0, {1008, 1008},{0x90, 0x77, 0x5F, 0xFF}}},
	{{{501, -309, 513},0, {1008, -16},{0x90, 0x77, 0x5F, 0xFF}}},
	{{{571, -291, 516},0, {-16, -16},{0x8F, 0x75, 0x5C, 0xFF}}},
	{{{576, -275, 713},0, {-16, 2032},{0x90, 0x76, 0x5E, 0xFF}}},
	{{{505, -273, 709},0, {1008, 2032},{0x90, 0x76, 0x5E, 0xFF}}},
	{{{591, -214, 487},0, {1008, 2032},{0xC6, 0xA0, 0x6C, 0xFF}}},
	{{{571, -291, 516},0, {2032, 2032},{0x8F, 0x75, 0x5C, 0xFF}}},
	{{{542, -282, 415},0, {2032, 1008},{0x90, 0x77, 0x5F, 0xFF}}},
	{{{559, -216, 411},0, {1008, 1008},{0xC6, 0xA8, 0x74, 0xFF}}},
	{{{530, -267, 360},0, {2032, -16},{0x90, 0x78, 0x61, 0xFF}}},
	{{{537, -217, 350},0, {1008, -16},{0xC6, 0xB0, 0x7D, 0xFF}}},
	{{{542, -150, 414},0, {-16, 1008},{0xFD, 0xD9, 0x8A, 0xFF}}},
	{{{530, -167, 360},0, {-16, -16},{0xFC, 0xE8, 0x99, 0xFF}}},
	{{{569, -123, 512},0, {-16, 2032},{0xFD, 0xCA, 0x7B, 0xFF}}},
	{{{499, -104, 479},0, {1008, 2032},{0xCC, 0xAB, 0x7E, 0xFF}}},
	{{{447, -126, 510},0, {2032, 2032},{0x9B, 0x8C, 0x80, 0xFF}}},
	{{{455, -64, 543},0, {2032, 1008},{0xB5, 0xAE, 0xA5, 0xFF}}},
	{{{498, -62, 512},0, {1008, 1008},{0xD9, 0xC4, 0x97, 0xFF}}},
	{{{465, -31, 563},0, {2032, -16},{0xCF, 0xCF, 0xC9, 0xFF}}},
	{{{498, -25, 549},0, {1008, -16},{0xE6, 0xDC, 0xB1, 0xFF}}},
	{{{543, -63, 543},0, {-16, 1008},{0xFD, 0xDA, 0x8A, 0xFF}}},
	{{{531, -31, 563},0, {-16, -16},{0xFD, 0xE9, 0x99, 0xFF}}},
	{{{569, -123, 512},0, {-16, 2032},{0xFD, 0xCA, 0x7B, 0xFF}}},
	{{{503, -122, 745},0, {1008, 2032},{0x92, 0x7A, 0x63, 0xFF}}},
	{{{456, -123, 711},0, {2032, 2032},{0x94, 0x7E, 0x6A, 0xFF}}},
	{{{458, -204, 708},0, {2032, 1008},{0x92, 0x7A, 0x64, 0xFF}}},
	{{{504, -204, 743},0, {1008, 1008},{0x91, 0x78, 0x61, 0xFF}}},
	{{{466, -259, 691},0, {2032, -16},{0x8F, 0x76, 0x5E, 0xFF}}},
	{{{505, -273, 709},0, {1008, -16},{0x90, 0x76, 0x5E, 0xFF}}},
	{{{576, -205, 746},0, {-16, 1008},{0x90, 0x76, 0x5D, 0xFF}}},
	{{{576, -205, 746},0, {-16, 1008},{0x90, 0x76, 0x5D, 0xFF}}},
	{{{505, -273, 709},0, {1008, -16},{0x90, 0x76, 0x5E, 0xFF}}},
	{{{576, -275, 713},0, {-16, -16},{0x90, 0x76, 0x5E, 0xFF}}},
	{{{574, -119, 724},0, {-16, 2032},{0x8F, 0x75, 0x5C, 0xFF}}},
	{{{504, -204, 743},0, {1008, 1008},{0x91, 0x78, 0x61, 0xFF}}},
	{{{503, -122, 745},0, {1008, 2032},{0x92, 0x7A, 0x63, 0xFF}}},
	{{{723, -209, 584},0, {1008, 2032},{0xC6, 0xA0, 0x6C, 0xFF}}},
	{{{712, -159, 593},0, {2032, 2032},{0xFD, 0xCA, 0x7B, 0xFF}}},
	{{{723, -147, 649},0, {2032, 1008},{0xFD, 0xDA, 0x8A, 0xFF}}},
	{{{746, -207, 652},0, {1008, 1008},{0xC6, 0xA7, 0x73, 0xFF}}},
	{{{713, -157, 702},0, {2032, -16},{0xFD, 0xE9, 0x99, 0xFF}}},
	{{{723, -207, 714},0, {1008, -16},{0xC6, 0xAF, 0x7B, 0xFF}}},
	{{{723, -269, 649},0, {-16, 1008},{0x8F, 0x75, 0x5D, 0xFF}}},
	{{{713, -257, 702},0, {-16, -16},{0x8F, 0x75, 0x5D, 0xFF}}},
	{{{712, -259, 593},0, {-16, 2032},{0x8F, 0x75, 0x5C, 0xFF}}},
	{{{436, -213, 513},0, {1008, 2032},{0x96, 0x83, 0x71, 0xFF}}},
	{{{453, -282, 513},0, {2032, 2032},{0x91, 0x79, 0x62, 0xFF}}},
	{{{456, -276, 622},0, {2032, 1008},{0x90, 0x78, 0x60, 0xFF}}},
	{{{438, -209, 624},0, {1008, 1008},{0x94, 0x7E, 0x6B, 0xFF}}},
	{{{466, -259, 691},0, {2032, -16},{0x8F, 0x76, 0x5E, 0xFF}}},
	{{{458, -204, 708},0, {1008, -16},{0x92, 0x7A, 0x64, 0xFF}}},
	{{{437, -126, 624},0, {-16, 1008},{0x98, 0x85, 0x75, 0xFF}}},
	{{{456, -123, 711},0, {-16, -16},{0x94, 0x7E, 0x6A, 0xFF}}},
	{{{447, -126, 510},0, {-16, 2032},{0x9B, 0x8C, 0x80, 0xFF}}},
	{{{659, -142, 715},0, {1008, 2032},{0xC6, 0xAF, 0x7B, 0xFF}}},
	{{{574, -119, 724},0, {2032, 2032},{0x8F, 0x75, 0x5C, 0xFF}}},
	{{{576, -205, 746},0, {2032, 1008},{0x90, 0x76, 0x5D, 0xFF}}},
	{{{660, -207, 741},0, {1008, 1008},{0xAB, 0x92, 0x6C, 0xFF}}},
	{{{576, -275, 713},0, {2032, -16},{0x90, 0x76, 0x5E, 0xFF}}},
	{{{659, -272, 713},0, {1008, -16},{0x90, 0x76, 0x5E, 0xFF}}},
	{{{723, -207, 714},0, {-16, 1008},{0xC6, 0xAF, 0x7B, 0xFF}}},
	{{{723, -207, 714},0, {-16, 1008},{0xC6, 0xAF, 0x7B, 0xFF}}},
	{{{659, -272, 713},0, {1008, -16},{0x90, 0x76, 0x5E, 0xFF}}},
	{{{713, -257, 702},0, {-16, -16},{0x8F, 0x75, 0x5D, 0xFF}}},
	{{{713, -157, 702},0, {-16, 2032},{0xFD, 0xE9, 0x99, 0xFF}}},
	{{{660, -207, 741},0, {1008, 1008},{0xAB, 0x92, 0x6C, 0xFF}}},
	{{{659, -142, 715},0, {1008, 2032},{0xC6, 0xAF, 0x7B, 0xFF}}},
	{{{658, -145, 564},0, {1008, 2032},{0xFD, 0xCA, 0x7B, 0xFF}}},
	{{{569, -123, 512},0, {2032, 2032},{0xFD, 0xCA, 0x7B, 0xFF}}},
	{{{592, -98, 630},0, {2032, 1008},{0xC6, 0xA0, 0x6C, 0xFF}}},
	{{{661, -119, 640},0, {1008, 1008},{0xE2, 0xBD, 0x7B, 0xFF}}},
	{{{574, -119, 724},0, {2032, -16},{0x8F, 0x75, 0x5C, 0xFF}}},
	{{{659, -142, 715},0, {1008, -16},{0xC6, 0xAF, 0x7B, 0xFF}}},
	{{{723, -147, 649},0, {-16, 1008},{0xFD, 0xDA, 0x8A, 0xFF}}},
	{{{713, -157, 702},0, {-16, -16},{0xFD, 0xE9, 0x99, 0xFF}}},
	{{{712, -159, 593},0, {-16, 2032},{0xFD, 0xCA, 0x7B, 0xFF}}},
	{{{658, -276, 565},0, {1008, 2032},{0x8F, 0x75, 0x5C, 0xFF}}},
	{{{571, -291, 516},0, {2032, 2032},{0x8F, 0x75, 0x5C, 0xFF}}},
	{{{591, -214, 487},0, {2032, 1008},{0xC6, 0xA0, 0x6C, 0xFF}}},
	{{{660, -212, 537},0, {1008, 1008},{0xC6, 0xA0, 0x6C, 0xFF}}},
	{{{569, -123, 512},0, {2032, -16},{0xFD, 0xCA, 0x7B, 0xFF}}},
	{{{658, -145, 564},0, {1008, -16},{0xFD, 0xCA, 0x7B, 0xFF}}},
	{{{723, -209, 584},0, {-16, 1008},{0xC6, 0xA0, 0x6C, 0xFF}}},
	{{{712, -159, 593},0, {-16, -16},{0xFD, 0xCA, 0x7B, 0xFF}}},
	{{{712, -259, 593},0, {-16, 2032},{0x8F, 0x75, 0x5C, 0xFF}}},
	{{{659, -272, 713},0, {1008, 2032},{0x90, 0x76, 0x5E, 0xFF}}},
	{{{576, -275, 713},0, {2032, 2032},{0x90, 0x76, 0x5E, 0xFF}}},
	{{{575, -305, 629},0, {2032, 1008},{0x90, 0x76, 0x5D, 0xFF}}},
	{{{659, -298, 640},0, {1008, 1008},{0x8F, 0x75, 0x5D, 0xFF}}},
	{{{571, -291, 516},0, {2032, -16},{0x8F, 0x75, 0x5C, 0xFF}}},
	{{{658, -276, 565},0, {1008, -16},{0x8F, 0x75, 0x5C, 0xFF}}},
	{{{723, -269, 649},0, {-16, 1008},{0x8F, 0x75, 0x5D, 0xFF}}},
	{{{723, -269, 649},0, {-16, 1008},{0x8F, 0x75, 0x5D, 0xFF}}},
	{{{658, -276, 565},0, {1008, -16},{0x8F, 0x75, 0x5C, 0xFF}}},
	{{{712, -259, 593},0, {-16, -16},{0x8F, 0x75, 0x5C, 0xFF}}},
	{{{713, -257, 702},0, {-16, 2032},{0x8F, 0x75, 0x5D, 0xFF}}},
	{{{659, -298, 640},0, {1008, 1008},{0x8F, 0x75, 0x5D, 0xFF}}},
	{{{659, -272, 713},0, {1008, 2032},{0x90, 0x76, 0x5E, 0xFF}}},
	{{{497, -278, 350},0, {1008, 2032},{0x90, 0x77, 0x5F, 0xFF}}},
	{{{464, -267, 360},0, {2032, 2032},{0x8F, 0x75, 0x5C, 0xFF}}},
	{{{457, -217, 350},0, {2032, 1008},{0xBF, 0xAB, 0x85, 0xFF}}},
	{{{497, -217, 328},0, {1008, 1008},{0xC2, 0xAD, 0x81, 0xFF}}},
	{{{464, -167, 360},0, {2032, -16},{0xEE, 0xE0, 0xAD, 0xFF}}},
	{{{497, -156, 350},0, {1008, -16},{0xF5, 0xE4, 0xA3, 0xFF}}},
	{{{537, -217, 350},0, {-16, 1008},{0xC6, 0xB0, 0x7D, 0xFF}}},
	{{{530, -167, 360},0, {-16, -16},{0xFC, 0xE8, 0x99, 0xFF}}},
	{{{530, -267, 360},0, {-16, 2032},{0x90, 0x78, 0x61, 0xFF}}},
	{{{436, -213, 513},0, {1008, 2032},{0x96, 0x83, 0x71, 0xFF}}},
	{{{447, -126, 510},0, {2032, 2032},{0x9B, 0x8C, 0x80, 0xFF}}},
	{{{454, -151, 414},0, {2032, 1008},{0xC5, 0xB6, 0x97, 0xFF}}},
	{{{439, -216, 414},0, {1008, 1008},{0xAA, 0x97, 0x7B, 0xFF}}},
	{{{464, -167, 360},0, {2032, -16},{0xEE, 0xE0, 0xAD, 0xFF}}},
	{{{457, -217, 350},0, {1008, -16},{0xBF, 0xAB, 0x85, 0xFF}}},
	{{{455, -281, 415},0, {-16, 1008},{0x90, 0x77, 0x5F, 0xFF}}},
	{{{464, -267, 360},0, {-16, -16},{0x8F, 0x75, 0x5C, 0xFF}}},
	{{{453, -282, 513},0, {-16, 2032},{0x91, 0x79, 0x62, 0xFF}}},
	{{{499, -104, 479},0, {1008, 2032},{0xCC, 0xAB, 0x7E, 0xFF}}},
	{{{569, -123, 512},0, {2032, 2032},{0xFD, 0xCA, 0x7B, 0xFF}}},
	{{{542, -150, 414},0, {2032, 1008},{0xFD, 0xD9, 0x8A, 0xFF}}},
	{{{497, -126, 411},0, {1008, 1008},{0xE1, 0xC8, 0x90, 0xFF}}},
	{{{530, -167, 360},0, {2032, -16},{0xFC, 0xE8, 0x99, 0xFF}}},
	{{{497, -156, 350},0, {1008, -16},{0xF5, 0xE4, 0xA3, 0xFF}}},
	{{{454, -151, 414},0, {-16, 1008},{0xC5, 0xB6, 0x97, 0xFF}}},
	{{{454, -151, 414},0, {-16, 1008},{0xC5, 0xB6, 0x97, 0xFF}}},
	{{{497, -156, 350},0, {1008, -16},{0xF5, 0xE4, 0xA3, 0xFF}}},
	{{{464, -167, 360},0, {-16, -16},{0xEE, 0xE0, 0xAD, 0xFF}}},
	{{{447, -126, 510},0, {-16, 2032},{0x9B, 0x8C, 0x80, 0xFF}}},
	{{{497, -126, 411},0, {1008, 1008},{0xE1, 0xC8, 0x90, 0xFF}}},
	{{{499, -104, 479},0, {1008, 2032},{0xCC, 0xAB, 0x7E, 0xFF}}},
	{{{501, -309, 513},0, {1008, 2032},{0x90, 0x77, 0x5F, 0xFF}}},
	{{{453, -282, 513},0, {2032, 2032},{0x91, 0x79, 0x62, 0xFF}}},
	{{{455, -281, 415},0, {2032, 1008},{0x90, 0x77, 0x5F, 0xFF}}},
	{{{498, -305, 414},0, {1008, 1008},{0x90, 0x77, 0x5F, 0xFF}}},
	{{{464, -267, 360},0, {2032, -16},{0x8F, 0x75, 0x5C, 0xFF}}},
	{{{497, -278, 350},0, {1008, -16},{0x90, 0x77, 0x5F, 0xFF}}},
	{{{542, -282, 415},0, {-16, 1008},{0x90, 0x77, 0x5F, 0xFF}}},
	{{{530, -267, 360},0, {-16, -16},{0x90, 0x78, 0x61, 0xFF}}},
	{{{571, -291, 516},0, {-16, 2032},{0x8F, 0x75, 0x5C, 0xFF}}},
	{{{498, -25, 549},0, {1008, 2032},{0xE6, 0xDC, 0xB1, 0xFF}}},
	{{{465, -31, 563},0, {2032, 2032},{0xCF, 0xCF, 0xC9, 0xFF}}},
	{{{458, -22, 625},0, {2032, 1008},{0xDE, 0xD7, 0xB7, 0xFF}}},
	{{{499, -9, 624},0, {1008, 1008},{0xED, 0xE0, 0xA8, 0xFF}}},
	{{{466, -26, 688},0, {2032, -16},{0xEC, 0xDE, 0xA4, 0xFF}}},
	{{{500, -19, 701},0, {1008, -16},{0xF5, 0xE4, 0x9F, 0xFF}}},
	{{{539, -22, 625},0, {-16, 1008},{0xFD, 0xE9, 0x99, 0xFF}}},
	{{{532, -26, 688},0, {-16, -16},{0xFD, 0xE9, 0x99, 0xFF}}},
	{{{531, -31, 563},0, {-16, 2032},{0xFD, 0xE9, 0x99, 0xFF}}},
	{{{437, -126, 624},0, {1008, 2032},{0x98, 0x85, 0x75, 0xFF}}},
	{{{456, -123, 711},0, {2032, 2032},{0x94, 0x7E, 0x6A, 0xFF}}},
	{{{458, -58, 706},0, {2032, 1008},{0xC0, 0xAE, 0x87, 0xFF}}},
	{{{440, -61, 626},0, {1008, 1008},{0xBB, 0xAE, 0x96, 0xFF}}},
	{{{458, -22, 625},0, {1008, -16},{0xDE, 0xD7, 0xB7, 0xFF}}},
	{{{455, -64, 543},0, {-16, 1008},{0xB5, 0xAE, 0xA5, 0xFF}}},
	{{{465, -31, 563},0, {-16, -16},{0xCF, 0xCF, 0xC9, 0xFF}}},
	{{{447, -126, 510},0, {-16, 2032},{0x9B, 0x8C, 0x80, 0xFF}}},
	{{{440, -61, 626},0, {1008, 1008},{0xBB, 0xAE, 0x96, 0xFF}}},
	{{{455, -64, 543},0, {-16, 1008},{0xB5, 0xAE, 0xA5, 0xFF}}},
	{{{437, -126, 624},0, {1008, 2032},{0x98, 0x85, 0x75, 0xFF}}},
	{{{592, -98, 630},0, {1008, 2032},{0xC6, 0xA0, 0x6C, 0xFF}}},
	{{{569, -123, 512},0, {2032, 2032},{0xFD, 0xCA, 0x7B, 0xFF}}},
	{{{543, -63, 543},0, {2032, 1008},{0xFD, 0xDA, 0x8A, 0xFF}}},
	{{{560, -58, 626},0, {1008, 1008},{0xE2, 0xC4, 0x82, 0xFF}}},
	{{{531, -31, 563},0, {2032, -16},{0xFD, 0xE9, 0x99, 0xFF}}},
	{{{539, -22, 625},0, {1008, -16},{0xFD, 0xE9, 0x99, 0xFF}}},
	{{{545, -57, 708},0, {-16, 1008},{0xC6, 0xAF, 0x7B, 0xFF}}},
	{{{532, -26, 688},0, {-16, -16},{0xFD, 0xE9, 0x99, 0xFF}}},
	{{{574, -119, 724},0, {-16, 2032},{0x8F, 0x75, 0x5C, 0xFF}}},
	{{{503, -122, 745},0, {1008, 2032},{0x92, 0x7A, 0x63, 0xFF}}},
	{{{574, -119, 724},0, {2032, 2032},{0x8F, 0x75, 0x5C, 0xFF}}},
	{{{545, -57, 708},0, {2032, 1008},{0xC6, 0xAF, 0x7B, 0xFF}}},
	{{{503, -122, 745},0, {1008, 2032},{0x92, 0x7A, 0x63, 0xFF}}},
	{{{545, -57, 708},0, {2032, 1008},{0xC6, 0xAF, 0x7B, 0xFF}}},
	{{{501, -56, 737},0, {1008, 1008},{0xC3, 0xAF, 0x81, 0xFF}}},
	{{{532, -26, 688},0, {2032, -16},{0xFD, 0xE9, 0x99, 0xFF}}},
	{{{500, -19, 701},0, {1008, -16},{0xF5, 0xE4, 0x9F, 0xFF}}},
	{{{458, -58, 706},0, {-16, 1008},{0xC0, 0xAE, 0x87, 0xFF}}},
	{{{466, -26, 688},0, {-16, -16},{0xEC, 0xDE, 0xA4, 0xFF}}},
	{{{456, -123, 711},0, {-16, 2032},{0x94, 0x7E, 0x6A, 0xFF}}},
	{{{-122, 834, 288},0, {1008, 2032},{0xDC, 0xC9, 0x8E, 0xFF}}},
	{{{-114, 958, 275},0, {2032, 2032},{0xDE, 0xC7, 0x94, 0xFF}}},
	{{{-123, 982, 252},0, {2032, 1008},{0xDE, 0xC8, 0x92, 0xFF}}},
	{{{-145, 837, 256},0, {1008, 1008},{0xBC, 0xAA, 0x7E, 0xFF}}},
	{{{-124, 958, 228},0, {2032, -16},{0xDD, 0xC8, 0x8F, 0xFF}}},
	{{{-142, 834, 217},0, {1008, -16},{0x9D, 0x8C, 0x6D, 0xFF}}},
	{{{-170, 622, 254},0, {-16, 1008},{0x9B, 0x8D, 0x6A, 0xFF}}},
	{{{-163, 622, 198},0, {-16, -16},{0x5C, 0x4F, 0x4B, 0xFF}}},
	{{{-139, 622, 301},0, {-16, 2032},{0xDA, 0xCA, 0x88, 0xFF}}},
	{{{-145, 837, 256},0, {1008, 1008},{0xBC, 0xAA, 0x7E, 0xFF}}},
	{{{-170, 622, 254},0, {-16, 1008},{0x9B, 0x8D, 0x6A, 0xFF}}},
	{{{-122, 834, 288},0, {1008, 2032},{0xDC, 0xC9, 0x8E, 0xFF}}},
	{{{-142, 834, 217},0, {1008, 2032},{0x9D, 0x8C, 0x6D, 0xFF}}},
	{{{-124, 958, 228},0, {2032, 2032},{0xDD, 0xC8, 0x8F, 0xFF}}},
	{{{-101, 982, 219},0, {2032, 1008},{0xDE, 0xC7, 0x93, 0xFF}}},
	{{{-110, 837, 194},0, {1008, 1008},{0xA8, 0x97, 0x73, 0xFF}}},
	{{{-78, 958, 217},0, {2032, -16},{0xDF, 0xC6, 0x96, 0xFF}}},
	{{{-71, 834, 197},0, {1008, -16},{0xB4, 0xA2, 0x7A, 0xFF}}},
	{{{-116, 622, 168},0, {-16, 1008},{0x73, 0x67, 0x54, 0xFF}}},
	{{{-60, 622, 175},0, {-16, -16},{0x89, 0x7E, 0x5D, 0xFF}}},
	{{{-163, 622, 198},0, {-16, 2032},{0x5C, 0x4F, 0x4B, 0xFF}}},
	{{{-71, 834, 197},0, {1008, 2032},{0xB4, 0xA2, 0x7A, 0xFF}}},
	{{{-78, 958, 217},0, {2032, 2032},{0xDF, 0xC6, 0x96, 0xFF}}},
	{{{-68, 982, 241},0, {2032, 1008},{0xDF, 0xC6, 0x97, 0xFF}}},
	{{{-71, 834, 197},0, {1008, 2032},{0xB4, 0xA2, 0x7A, 0xFF}}},
	{{{-68, 982, 241},0, {2032, 1008},{0xDF, 0xC6, 0x97, 0xFF}}},
	{{{-48, 837, 229},0, {1008, 1008},{0xCA, 0xB4, 0x89, 0xFF}}},
	{{{-67, 958, 264},0, {2032, -16},{0xDF, 0xC6, 0x98, 0xFF}}},
	{{{-51, 834, 268},0, {1008, -16},{0xE0, 0xC6, 0x99, 0xFF}}},
	{{{-29, 622, 222},0, {-16, 1008},{0xB5, 0xA2, 0x7B, 0xFF}}},
	{{{-37, 622, 278},0, {-16, -16},{0xE0, 0xC5, 0x99, 0xFF}}},
	{{{-60, 622, 175},0, {-16, 2032},{0x89, 0x7E, 0x5D, 0xFF}}},
	{{{-51, 834, 268},0, {1008, 2032},{0xE0, 0xC6, 0x99, 0xFF}}},
	{{{-67, 958, 264},0, {2032, 2032},{0xDF, 0xC6, 0x98, 0xFF}}},
	{{{-90, 982, 274},0, {2032, 1008},{0xDF, 0xC7, 0x96, 0xFF}}},
	{{{-83, 837, 291},0, {1008, 1008},{0xDE, 0xC7, 0x93, 0xFF}}},
	{{{-114, 958, 275},0, {2032, -16},{0xDE, 0xC7, 0x94, 0xFF}}},
	{{{-122, 834, 288},0, {1008, -16},{0xDC, 0xC9, 0x8E, 0xFF}}},
	{{{-84, 622, 309},0, {-16, 1008},{0xDD, 0xC8, 0x91, 0xFF}}},
	{{{-139, 622, 301},0, {-16, -16},{0xDA, 0xCA, 0x88, 0xFF}}},
	{{{-37, 622, 278},0, {-16, 2032},{0xE0, 0xC5, 0x99, 0xFF}}},
	{{{-83, 837, 291},0, {1008, 1008},{0xDE, 0xC7, 0x93, 0xFF}}},
	{{{-84, 622, 309},0, {-16, 1008},{0xDD, 0xC8, 0x91, 0xFF}}},
	{{{-51, 834, 268},0, {1008, 2032},{0xE0, 0xC6, 0x99, 0xFF}}},
	{{{-242, -285, 355},0, {-16, 2032},{0x88, 0x68, 0x4D, 0xFF}}},
	{{{-284, -374, 236},0, {1008, 1008},{0x86, 0x67, 0x4D, 0xFF}}},
	{{{-239, -374, 356},0, {-16, 1008},{0x88, 0x68, 0x4D, 0xFF}}},
	{{{-285, -285, 233},0, {1008, 2032},{0x84, 0x66, 0x4D, 0xFF}}},
	{{{-238, -374, 115},0, {2032, 1008},{0x84, 0x66, 0x4D, 0xFF}}},
	{{{-237, -285, 112},0, {2032, 2032},{0x80, 0x63, 0x4D, 0xFF}}},
	{{{-101, 982, 219},0, {1008, 2032},{0xDE, 0xC7, 0x93, 0xFF}}},
	{{{-124, 958, 228},0, {2032, 2032},{0xDD, 0xC8, 0x8F, 0xFF}}},
	{{{-123, 982, 252},0, {2032, 1008},{0xDE, 0xC8, 0x92, 0xFF}}},
	{{{-96, 1032, 248},0, {1008, 1008},{0xDE, 0xC7, 0x94, 0xFF}}},
	{{{-114, 958, 275},0, {2032, -16},{0xDE, 0xC7, 0x94, 0xFF}}},
	{{{-90, 982, 274},0, {1008, -16},{0xDF, 0xC7, 0x96, 0xFF}}},
	{{{-68, 982, 241},0, {-16, 1008},{0xDF, 0xC6, 0x97, 0xFF}}},
	{{{-96, 1032, 248},0, {1008, 1008},{0xDE, 0xC7, 0x94, 0xFF}}},
	{{{-90, 982, 274},0, {1008, -16},{0xDF, 0xC7, 0x96, 0xFF}}},
	{{{-67, 958, 264},0, {-16, -16},{0xDF, 0xC6, 0x98, 0xFF}}},
	{{{-78, 958, 217},0, {-16, 2032},{0xDF, 0xC6, 0x96, 0xFF}}},
	{{{-101, 982, 219},0, {1008, 2032},{0xDE, 0xC7, 0x93, 0xFF}}},
	{{{-14, -102, 353},0, {1008, 2032},{0xA0, 0x89, 0x76, 0xFF}}},
	{{{-28, 137, 335},0, {2032, 2032},{0xB6, 0xA9, 0x9D, 0xFF}}},
	{{{-123, 137, 364},0, {2032, 1008},{0x93, 0x88, 0x81, 0xFF}}},
	{{{-127, -102, 387},0, {1008, 1008},{0x8E, 0x78, 0x67, 0xFF}}},
	{{{-214, 137, 323},0, {2032, -16},{0x70, 0x67, 0x64, 0xFF}}},
	{{{-235, -102, 339},0, {1008, -16},{0x7C, 0x68, 0x59, 0xFF}}},
	{{{-122, -285, 403},0, {-16, 1008},{0x89, 0x69, 0x4E, 0xFF}}},
	{{{-242, -285, 355},0, {-16, -16},{0x88, 0x68, 0x4D, 0xFF}}},
	{{{0, -285, 360},0, {-16, 2032},{0x8A, 0x69, 0x4E, 0xFF}}},
	{{{-60, 622, 175},0, {2032, 2032},{0x89, 0x7E, 0x5D, 0xFF}}},
	{{{13, 137, 245},0, {-16, 1008},{0xB5, 0xA8, 0x9D, 0xFF}}},
	{{{-15, 137, 149},0, {-16, 2032},{0xB4, 0xA7, 0x9C, 0xFF}}},
	{{{-29, 622, 222},0, {2032, 1008},{0xB5, 0xA2, 0x7B, 0xFF}}},
	{{{-37, 622, 278},0, {2032, -16},{0xE0, 0xC5, 0x99, 0xFF}}},
	{{{-28, 137, 335},0, {-16, -16},{0xB6, 0xA9, 0x9D, 0xFF}}},
	{{{-1, -102, 132},0, {1008, 2032},{0xA0, 0x8A, 0x76, 0xFF}}},
	{{{-15, 137, 149},0, {2032, 2032},{0xB4, 0xA7, 0x9C, 0xFF}}},
	{{{13, 137, 245},0, {2032, 1008},{0xB5, 0xA8, 0x9D, 0xFF}}},
	{{{34, -102, 245},0, {1008, 1008},{0xA0, 0x89, 0x76, 0xFF}}},
	{{{-28, 137, 335},0, {2032, -16},{0xB6, 0xA9, 0x9D, 0xFF}}},
	{{{-14, -102, 353},0, {1008, -16},{0xA0, 0x89, 0x76, 0xFF}}},
	{{{48, -285, 239},0, {-16, 1008},{0x8B, 0x6B, 0x4F, 0xFF}}},
	{{{0, -285, 360},0, {-16, -16},{0x8A, 0x69, 0x4E, 0xFF}}},
	{{{5, -285, 117},0, {-16, 2032},{0x8C, 0x6C, 0x4F, 0xFF}}},
	{{{-163, 622, 198},0, {2032, 2032},{0x5C, 0x4F, 0x4B, 0xFF}}},
	{{{-106, 137, 108},0, {-16, 1008},{0x88, 0x7B, 0x74, 0xFF}}},
	{{{-201, 137, 137},0, {-16, 2032},{0x5C, 0x4F, 0x4B, 0xFF}}},
	{{{-116, 622, 168},0, {2032, 1008},{0x73, 0x67, 0x54, 0xFF}}},
	{{{-60, 622, 175},0, {2032, -16},{0x89, 0x7E, 0x5D, 0xFF}}},
	{{{-15, 137, 149},0, {-16, -16},{0xB4, 0xA7, 0x9C, 0xFF}}},
	{{{-221, -102, 119},0, {1008, 2032},{0x6E, 0x59, 0x4C, 0xFF}}},
	{{{-201, 137, 137},0, {2032, 2032},{0x5C, 0x4F, 0x4B, 0xFF}}},
	{{{-106, 137, 108},0, {2032, 1008},{0x88, 0x7B, 0x74, 0xFF}}},
	{{{-109, -102, 85},0, {1008, 1008},{0x87, 0x71, 0x61, 0xFF}}},
	{{{-15, 137, 149},0, {2032, -16},{0xB4, 0xA7, 0x9C, 0xFF}}},
	{{{-1, -102, 132},0, {1008, -16},{0xA0, 0x8A, 0x76, 0xFF}}},
	{{{-115, -285, 69},0, {-16, 1008},{0x86, 0x68, 0x4E, 0xFF}}},
	{{{5, -285, 117},0, {-16, -16},{0x8C, 0x6C, 0x4F, 0xFF}}},
	{{{-237, -285, 112},0, {-16, 2032},{0x80, 0x63, 0x4D, 0xFF}}},
	{{{-214, 137, 323},0, {-16, 2032},{0x70, 0x67, 0x64, 0xFF}}},
	{{{-139, 622, 301},0, {2032, 2032},{0xDA, 0xCA, 0x88, 0xFF}}},
	{{{-170, 622, 254},0, {2032, 1008},{0x9B, 0x8D, 0x6A, 0xFF}}},
	{{{-242, 137, 227},0, {-16, 1008},{0x66, 0x5B, 0x58, 0xFF}}},
	{{{-163, 622, 198},0, {2032, -16},{0x5C, 0x4F, 0x4B, 0xFF}}},
	{{{-201, 137, 137},0, {-16, -16},{0x5C, 0x4F, 0x4B, 0xFF}}},
	{{{-235, -102, 339},0, {1008, 2032},{0x7C, 0x68, 0x59, 0xFF}}},
	{{{-214, 137, 323},0, {2032, 2032},{0x70, 0x67, 0x64, 0xFF}}},
	{{{-242, 137, 227},0, {2032, 1008},{0x66, 0x5B, 0x58, 0xFF}}},
	{{{-269, -102, 227},0, {1008, 1008},{0x75, 0x60, 0x52, 0xFF}}},
	{{{-201, 137, 137},0, {2032, -16},{0x5C, 0x4F, 0x4B, 0xFF}}},
	{{{-221, -102, 119},0, {1008, -16},{0x6E, 0x59, 0x4C, 0xFF}}},
	{{{-285, -285, 233},0, {-16, 1008},{0x84, 0x66, 0x4D, 0xFF}}},
	{{{-237, -285, 112},0, {-16, -16},{0x80, 0x63, 0x4D, 0xFF}}},
	{{{-242, -285, 355},0, {-16, 2032},{0x88, 0x68, 0x4D, 0xFF}}},
	{{{5, -285, 117},0, {-16, 2032},{0x8C, 0x6C, 0x4F, 0xFF}}},
	{{{47, -374, 236},0, {1008, 1008},{0x8A, 0x69, 0x4E, 0xFF}}},
	{{{2, -374, 116},0, {-16, 1008},{0x8A, 0x6A, 0x4E, 0xFF}}},
	{{{48, -285, 239},0, {1008, 2032},{0x8B, 0x6B, 0x4F, 0xFF}}},
	{{{2, -374, 357},0, {2032, 1008},{0x89, 0x69, 0x4E, 0xFF}}},
	{{{0, -285, 360},0, {2032, 2032},{0x8A, 0x69, 0x4E, 0xFF}}},
	{{{0, -285, 360},0, {-16, 2032},{0x8A, 0x69, 0x4E, 0xFF}}},
	{{{-119, -374, 401},0, {1008, 1008},{0x89, 0x68, 0x4D, 0xFF}}},
	{{{2, -374, 357},0, {-16, 1008},{0x89, 0x69, 0x4E, 0xFF}}},
	{{{-122, -285, 403},0, {1008, 2032},{0x89, 0x69, 0x4E, 0xFF}}},
	{{{-239, -374, 356},0, {2032, 1008},{0x88, 0x68, 0x4D, 0xFF}}},
	{{{-242, -285, 355},0, {2032, 2032},{0x88, 0x68, 0x4D, 0xFF}}},
	{{{-237, -285, 112},0, {-16, 2032},{0x80, 0x63, 0x4D, 0xFF}}},
	{{{-118, -374, 71},0, {1008, 1008},{0x87, 0x68, 0x4E, 0xFF}}},
	{{{-238, -374, 115},0, {-16, 1008},{0x84, 0x66, 0x4D, 0xFF}}},
	{{{-115, -285, 69},0, {1008, 2032},{0x86, 0x68, 0x4E, 0xFF}}},
	{{{-115, -285, 69},0, {1008, 2032},{0x86, 0x68, 0x4E, 0xFF}}},
	{{{2, -374, 116},0, {2032, 1008},{0x8A, 0x6A, 0x4E, 0xFF}}},
	{{{-118, -374, 71},0, {1008, 1008},{0x87, 0x68, 0x4E, 0xFF}}},
	{{{5, -285, 117},0, {2032, 2032},{0x8C, 0x6C, 0x4F, 0xFF}}},
};

Gfx castle_courtyard_dl_s_mesh_layer_1_tri_0[] = {
	gsSPVertex(castle_courtyard_dl_s_mesh_layer_1_vtx_0 + 0, 16, 0),
	gsSP1Triangle(0, 1, 2, 0),
	gsSP1Triangle(0, 2, 3, 0),
	gsSP1Triangle(3, 2, 4, 0),
	gsSP1Triangle(3, 4, 5, 0),
	gsSP1Triangle(6, 3, 5, 0),
	gsSP1Triangle(6, 5, 7, 0),
	gsSP1Triangle(8, 3, 6, 0),
	gsSP1Triangle(8, 0, 3, 0),
	gsSP1Triangle(9, 10, 11, 0),
	gsSP1Triangle(9, 11, 12, 0),
	gsSP1Triangle(12, 11, 13, 0),
	gsSP1Triangle(12, 13, 14, 0),
	gsSP1Triangle(15, 12, 14, 0),
	gsSPVertex(castle_courtyard_dl_s_mesh_layer_1_vtx_0 + 16, 15, 0),
	gsSP1Triangle(0, 1, 2, 0),
	gsSP1Triangle(3, 4, 0, 0),
	gsSP1Triangle(3, 5, 4, 0),
	gsSP1Triangle(6, 7, 8, 0),
	gsSP1Triangle(6, 8, 9, 0),
	gsSP1Triangle(9, 8, 10, 0),
	gsSP1Triangle(9, 10, 11, 0),
	gsSP1Triangle(12, 9, 11, 0),
	gsSP1Triangle(12, 11, 13, 0),
	gsSP1Triangle(14, 9, 12, 0),
	gsSP1Triangle(14, 6, 9, 0),
	gsSPVertex(castle_courtyard_dl_s_mesh_layer_1_vtx_0 + 31, 15, 0),
	gsSP1Triangle(0, 1, 2, 0),
	gsSP1Triangle(0, 2, 3, 0),
	gsSP1Triangle(3, 2, 4, 0),
	gsSP1Triangle(3, 4, 5, 0),
	gsSP1Triangle(6, 3, 5, 0),
	gsSP1Triangle(6, 5, 7, 0),
	gsSP1Triangle(8, 3, 6, 0),
	gsSP1Triangle(8, 0, 3, 0),
	gsSP1Triangle(9, 10, 11, 0),
	gsSP1Triangle(9, 12, 10, 0),
	gsSP1Triangle(12, 13, 10, 0),
	gsSP1Triangle(12, 14, 13, 0),
	gsSPVertex(castle_courtyard_dl_s_mesh_layer_1_vtx_0 + 46, 16, 0),
	gsSP1Triangle(0, 1, 2, 0),
	gsSP1Triangle(0, 2, 3, 0),
	gsSP1Triangle(3, 2, 4, 0),
	gsSP1Triangle(3, 4, 5, 0),
	gsSP1Triangle(6, 3, 5, 0),
	gsSP1Triangle(6, 5, 7, 0),
	gsSP1Triangle(8, 3, 6, 0),
	gsSP1Triangle(8, 0, 3, 0),
	gsSP1Triangle(9, 10, 11, 0),
	gsSP1Triangle(9, 11, 12, 0),
	gsSP1Triangle(12, 11, 13, 0),
	gsSP1Triangle(12, 13, 14, 0),
	gsSP1Triangle(15, 12, 14, 0),
	gsSPVertex(castle_courtyard_dl_s_mesh_layer_1_vtx_0 + 62, 16, 0),
	gsSP1Triangle(0, 1, 2, 0),
	gsSP1Triangle(3, 4, 0, 0),
	gsSP1Triangle(3, 5, 4, 0),
	gsSP1Triangle(6, 7, 8, 0),
	gsSP1Triangle(6, 9, 7, 0),
	gsSP1Triangle(10, 9, 6, 0),
	gsSP1Triangle(10, 6, 11, 0),
	gsSP1Triangle(12, 13, 14, 0),
	gsSP1Triangle(12, 15, 13, 0),
	gsSPVertex(castle_courtyard_dl_s_mesh_layer_1_vtx_0 + 78, 16, 0),
	gsSP1Triangle(0, 1, 2, 0),
	gsSP1Triangle(0, 2, 3, 0),
	gsSP1Triangle(4, 5, 6, 0),
	gsSP1Triangle(4, 6, 7, 0),
	gsSP1Triangle(7, 6, 8, 0),
	gsSP1Triangle(7, 8, 9, 0),
	gsSP1Triangle(10, 7, 9, 0),
	gsSP1Triangle(10, 9, 11, 0),
	gsSP1Triangle(12, 7, 10, 0),
	gsSP1Triangle(12, 4, 7, 0),
	gsSP1Triangle(13, 14, 15, 0),
	gsSPVertex(castle_courtyard_dl_s_mesh_layer_1_vtx_0 + 94, 14, 0),
	gsSP1Triangle(0, 1, 2, 0),
	gsSP1Triangle(2, 1, 3, 0),
	gsSP1Triangle(2, 3, 4, 0),
	gsSP1Triangle(5, 6, 7, 0),
	gsSP1Triangle(5, 7, 8, 0),
	gsSP1Triangle(8, 7, 9, 0),
	gsSP1Triangle(8, 9, 10, 0),
	gsSP1Triangle(11, 8, 10, 0),
	gsSP1Triangle(11, 10, 12, 0),
	gsSP1Triangle(13, 8, 11, 0),
	gsSP1Triangle(13, 5, 8, 0),
	gsSPVertex(castle_courtyard_dl_s_mesh_layer_1_vtx_0 + 108, 15, 0),
	gsSP1Triangle(0, 1, 2, 0),
	gsSP1Triangle(0, 2, 3, 0),
	gsSP1Triangle(3, 2, 4, 0),
	gsSP1Triangle(3, 4, 5, 0),
	gsSP1Triangle(6, 7, 8, 0),
	gsSP1Triangle(6, 8, 9, 0),
	gsSP1Triangle(9, 8, 10, 0),
	gsSP1Triangle(9, 10, 11, 0),
	gsSP1Triangle(12, 9, 11, 0),
	gsSP1Triangle(12, 11, 13, 0),
	gsSP1Triangle(14, 9, 12, 0),
	gsSP1Triangle(14, 6, 9, 0),
	gsSPVertex(castle_courtyard_dl_s_mesh_layer_1_vtx_0 + 123, 16, 0),
	gsSP1Triangle(0, 1, 2, 0),
	gsSP1Triangle(0, 3, 1, 0),
	gsSP1Triangle(1, 3, 4, 0),
	gsSP1Triangle(1, 4, 5, 0),
	gsSP1Triangle(6, 7, 8, 0),
	gsSP1Triangle(6, 9, 7, 0),
	gsSP1Triangle(9, 10, 7, 0),
	gsSP1Triangle(9, 11, 10, 0),
	gsSP1Triangle(12, 13, 14, 0),
	gsSP1Triangle(12, 15, 13, 0),
	gsSPVertex(castle_courtyard_dl_s_mesh_layer_1_vtx_0 + 139, 16, 0),
	gsSP1Triangle(0, 1, 2, 0),
	gsSP1Triangle(0, 3, 1, 0),
	gsSP1Triangle(4, 5, 6, 0),
	gsSP1Triangle(4, 7, 5, 0),
	gsSP1Triangle(7, 8, 5, 0),
	gsSP1Triangle(7, 9, 8, 0),
	gsSP1Triangle(10, 11, 12, 0),
	gsSP1Triangle(10, 12, 13, 0),
	gsSP1Triangle(13, 12, 14, 0),
	gsSP1Triangle(13, 14, 15, 0),
	gsSPVertex(castle_courtyard_dl_s_mesh_layer_1_vtx_0 + 155, 15, 0),
	gsSP1Triangle(0, 1, 2, 0),
	gsSP1Triangle(0, 2, 3, 0),
	gsSP1Triangle(4, 1, 0, 0),
	gsSP1Triangle(4, 5, 1, 0),
	gsSP1Triangle(6, 7, 8, 0),
	gsSP1Triangle(6, 8, 9, 0),
	gsSP1Triangle(9, 8, 10, 0),
	gsSP1Triangle(9, 10, 11, 0),
	gsSP1Triangle(12, 9, 11, 0),
	gsSP1Triangle(12, 11, 13, 0),
	gsSP1Triangle(14, 9, 12, 0),
	gsSP1Triangle(14, 6, 9, 0),
	gsSPVertex(castle_courtyard_dl_s_mesh_layer_1_vtx_0 + 170, 16, 0),
	gsSP1Triangle(0, 1, 2, 0),
	gsSP1Triangle(0, 2, 3, 0),
	gsSP1Triangle(3, 2, 4, 0),
	gsSP1Triangle(3, 4, 5, 0),
	gsSP1Triangle(6, 3, 5, 0),
	gsSP1Triangle(6, 5, 7, 0),
	gsSP1Triangle(8, 3, 6, 0),
	gsSP1Triangle(8, 0, 3, 0),
	gsSP1Triangle(9, 10, 11, 0),
	gsSP1Triangle(9, 11, 12, 0),
	gsSP1Triangle(12, 11, 13, 0),
	gsSP1Triangle(12, 13, 14, 0),
	gsSP1Triangle(15, 12, 14, 0),
	gsSPVertex(castle_courtyard_dl_s_mesh_layer_1_vtx_0 + 186, 15, 0),
	gsSP1Triangle(0, 1, 2, 0),
	gsSP1Triangle(3, 4, 0, 0),
	gsSP1Triangle(3, 5, 4, 0),
	gsSP1Triangle(6, 7, 8, 0),
	gsSP1Triangle(6, 8, 9, 0),
	gsSP1Triangle(9, 8, 10, 0),
	gsSP1Triangle(9, 10, 11, 0),
	gsSP1Triangle(12, 9, 11, 0),
	gsSP1Triangle(12, 11, 13, 0),
	gsSP1Triangle(14, 9, 12, 0),
	gsSP1Triangle(14, 6, 9, 0),
	gsSPVertex(castle_courtyard_dl_s_mesh_layer_1_vtx_0 + 201, 16, 0),
	gsSP1Triangle(0, 1, 2, 0),
	gsSP1Triangle(0, 2, 3, 0),
	gsSP1Triangle(3, 2, 4, 0),
	gsSP1Triangle(3, 4, 5, 0),
	gsSP1Triangle(6, 3, 5, 0),
	gsSP1Triangle(6, 5, 7, 0),
	gsSP1Triangle(8, 3, 6, 0),
	gsSP1Triangle(8, 0, 3, 0),
	gsSP1Triangle(9, 10, 11, 0),
	gsSP1Triangle(9, 11, 12, 0),
	gsSP1Triangle(12, 11, 13, 0),
	gsSP1Triangle(12, 13, 14, 0),
	gsSP1Triangle(15, 12, 14, 0),
	gsSPVertex(castle_courtyard_dl_s_mesh_layer_1_vtx_0 + 217, 15, 0),
	gsSP1Triangle(0, 1, 2, 0),
	gsSP1Triangle(3, 4, 0, 0),
	gsSP1Triangle(3, 5, 4, 0),
	gsSP1Triangle(6, 7, 8, 0),
	gsSP1Triangle(6, 8, 9, 0),
	gsSP1Triangle(9, 8, 10, 0),
	gsSP1Triangle(9, 10, 11, 0),
	gsSP1Triangle(12, 9, 11, 0),
	gsSP1Triangle(12, 11, 13, 0),
	gsSP1Triangle(14, 9, 12, 0),
	gsSP1Triangle(14, 6, 9, 0),
	gsSPVertex(castle_courtyard_dl_s_mesh_layer_1_vtx_0 + 232, 16, 0),
	gsSP1Triangle(0, 1, 2, 0),
	gsSP1Triangle(0, 2, 3, 0),
	gsSP1Triangle(3, 2, 4, 0),
	gsSP1Triangle(3, 4, 5, 0),
	gsSP1Triangle(6, 3, 5, 0),
	gsSP1Triangle(6, 5, 7, 0),
	gsSP1Triangle(8, 3, 6, 0),
	gsSP1Triangle(8, 0, 3, 0),
	gsSP1Triangle(9, 10, 11, 0),
	gsSP1Triangle(9, 11, 12, 0),
	gsSP1Triangle(12, 11, 13, 0),
	gsSP1Triangle(12, 13, 14, 0),
	gsSP1Triangle(15, 12, 14, 0),
	gsSPVertex(castle_courtyard_dl_s_mesh_layer_1_vtx_0 + 248, 15, 0),
	gsSP1Triangle(0, 1, 2, 0),
	gsSP1Triangle(3, 4, 0, 0),
	gsSP1Triangle(3, 5, 4, 0),
	gsSP1Triangle(6, 7, 8, 0),
	gsSP1Triangle(6, 8, 9, 0),
	gsSP1Triangle(9, 8, 10, 0),
	gsSP1Triangle(9, 10, 11, 0),
	gsSP1Triangle(12, 9, 11, 0),
	gsSP1Triangle(12, 11, 13, 0),
	gsSP1Triangle(14, 9, 12, 0),
	gsSP1Triangle(14, 6, 9, 0),
	gsSPVertex(castle_courtyard_dl_s_mesh_layer_1_vtx_0 + 263, 16, 0),
	gsSP1Triangle(0, 1, 2, 0),
	gsSP1Triangle(0, 2, 3, 0),
	gsSP1Triangle(3, 2, 4, 0),
	gsSP1Triangle(3, 4, 5, 0),
	gsSP1Triangle(6, 3, 5, 0),
	gsSP1Triangle(6, 5, 7, 0),
	gsSP1Triangle(8, 3, 6, 0),
	gsSP1Triangle(8, 0, 3, 0),
	gsSP1Triangle(9, 10, 11, 0),
	gsSP1Triangle(9, 11, 12, 0),
	gsSP1Triangle(12, 11, 13, 0),
	gsSP1Triangle(12, 13, 14, 0),
	gsSP1Triangle(15, 12, 14, 0),
	gsSPVertex(castle_courtyard_dl_s_mesh_layer_1_vtx_0 + 279, 15, 0),
	gsSP1Triangle(0, 1, 2, 0),
	gsSP1Triangle(3, 4, 0, 0),
	gsSP1Triangle(3, 5, 4, 0),
	gsSP1Triangle(6, 7, 8, 0),
	gsSP1Triangle(6, 8, 9, 0),
	gsSP1Triangle(9, 8, 10, 0),
	gsSP1Triangle(9, 10, 11, 0),
	gsSP1Triangle(12, 9, 11, 0),
	gsSP1Triangle(12, 11, 13, 0),
	gsSP1Triangle(14, 9, 12, 0),
	gsSP1Triangle(14, 6, 9, 0),
	gsSPVertex(castle_courtyard_dl_s_mesh_layer_1_vtx_0 + 294, 16, 0),
	gsSP1Triangle(0, 1, 2, 0),
	gsSP1Triangle(0, 2, 3, 0),
	gsSP1Triangle(3, 2, 4, 0),
	gsSP1Triangle(3, 4, 5, 0),
	gsSP1Triangle(6, 3, 5, 0),
	gsSP1Triangle(6, 5, 7, 0),
	gsSP1Triangle(8, 3, 6, 0),
	gsSP1Triangle(8, 0, 3, 0),
	gsSP1Triangle(9, 10, 11, 0),
	gsSP1Triangle(9, 11, 12, 0),
	gsSP1Triangle(12, 11, 4, 0),
	gsSP1Triangle(12, 4, 13, 0),
	gsSP1Triangle(14, 12, 13, 0),
	gsSP1Triangle(14, 13, 15, 0),
	gsSPVertex(castle_courtyard_dl_s_mesh_layer_1_vtx_0 + 310, 16, 0),
	gsSP1Triangle(0, 1, 2, 0),
	gsSP1Triangle(0, 3, 1, 0),
	gsSP1Triangle(4, 5, 6, 0),
	gsSP1Triangle(4, 6, 7, 0),
	gsSP1Triangle(7, 6, 8, 0),
	gsSP1Triangle(7, 8, 9, 0),
	gsSP1Triangle(10, 7, 9, 0),
	gsSP1Triangle(10, 9, 11, 0),
	gsSP1Triangle(12, 7, 10, 0),
	gsSP1Triangle(12, 4, 7, 0),
	gsSP1Triangle(13, 14, 15, 0),
	gsSPVertex(castle_courtyard_dl_s_mesh_layer_1_vtx_0 + 326, 16, 0),
	gsSP1Triangle(0, 1, 2, 0),
	gsSP1Triangle(2, 1, 3, 0),
	gsSP1Triangle(2, 3, 4, 0),
	gsSP1Triangle(5, 2, 4, 0),
	gsSP1Triangle(5, 4, 6, 0),
	gsSP1Triangle(7, 2, 5, 0),
	gsSP1Triangle(7, 0, 2, 0),
	gsSP1Triangle(8, 9, 10, 0),
	gsSP1Triangle(8, 10, 11, 0),
	gsSP1Triangle(11, 10, 12, 0),
	gsSP1Triangle(11, 12, 13, 0),
	gsSP1Triangle(14, 11, 13, 0),
	gsSP1Triangle(14, 13, 15, 0),
	gsSPVertex(castle_courtyard_dl_s_mesh_layer_1_vtx_0 + 342, 16, 0),
	gsSP1Triangle(0, 1, 2, 0),
	gsSP1Triangle(0, 3, 1, 0),
	gsSP1Triangle(4, 5, 6, 0),
	gsSP1Triangle(4, 6, 7, 0),
	gsSP1Triangle(7, 6, 8, 0),
	gsSP1Triangle(7, 8, 9, 0),
	gsSP1Triangle(10, 7, 9, 0),
	gsSP1Triangle(10, 9, 11, 0),
	gsSP1Triangle(12, 7, 10, 0),
	gsSP1Triangle(12, 4, 7, 0),
	gsSP1Triangle(13, 14, 15, 0),
	gsSPVertex(castle_courtyard_dl_s_mesh_layer_1_vtx_0 + 358, 16, 0),
	gsSP1Triangle(0, 1, 2, 0),
	gsSP1Triangle(2, 1, 3, 0),
	gsSP1Triangle(2, 3, 4, 0),
	gsSP1Triangle(5, 2, 4, 0),
	gsSP1Triangle(5, 4, 6, 0),
	gsSP1Triangle(7, 2, 5, 0),
	gsSP1Triangle(7, 0, 2, 0),
	gsSP1Triangle(8, 9, 10, 0),
	gsSP1Triangle(8, 10, 11, 0),
	gsSP1Triangle(11, 10, 12, 0),
	gsSP1Triangle(11, 12, 13, 0),
	gsSP1Triangle(14, 11, 13, 0),
	gsSP1Triangle(14, 13, 15, 0),
	gsSPVertex(castle_courtyard_dl_s_mesh_layer_1_vtx_0 + 374, 16, 0),
	gsSP1Triangle(0, 1, 2, 0),
	gsSP1Triangle(0, 3, 1, 0),
	gsSP1Triangle(4, 5, 6, 0),
	gsSP1Triangle(4, 7, 5, 0),
	gsSP1Triangle(7, 8, 5, 0),
	gsSP1Triangle(7, 9, 8, 0),
	gsSP1Triangle(10, 11, 12, 0),
	gsSP1Triangle(10, 12, 13, 0),
	gsSP1Triangle(13, 12, 14, 0),
	gsSP1Triangle(13, 14, 15, 0),
	gsSPVertex(castle_courtyard_dl_s_mesh_layer_1_vtx_0 + 390, 15, 0),
	gsSP1Triangle(0, 1, 2, 0),
	gsSP1Triangle(0, 2, 3, 0),
	gsSP1Triangle(4, 1, 0, 0),
	gsSP1Triangle(4, 5, 1, 0),
	gsSP1Triangle(6, 7, 8, 0),
	gsSP1Triangle(6, 8, 9, 0),
	gsSP1Triangle(9, 8, 10, 0),
	gsSP1Triangle(9, 10, 11, 0),
	gsSP1Triangle(12, 9, 11, 0),
	gsSP1Triangle(12, 11, 13, 0),
	gsSP1Triangle(14, 9, 12, 0),
	gsSP1Triangle(14, 6, 9, 0),
	gsSPVertex(castle_courtyard_dl_s_mesh_layer_1_vtx_0 + 405, 15, 0),
	gsSP1Triangle(0, 1, 2, 0),
	gsSP1Triangle(0, 3, 1, 0),
	gsSP1Triangle(1, 3, 4, 0),
	gsSP1Triangle(1, 4, 5, 0),
	gsSP1Triangle(6, 7, 8, 0),
	gsSP1Triangle(6, 8, 9, 0),
	gsSP1Triangle(9, 8, 10, 0),
	gsSP1Triangle(9, 10, 11, 0),
	gsSP1Triangle(12, 9, 11, 0),
	gsSP1Triangle(12, 11, 13, 0),
	gsSP1Triangle(14, 9, 12, 0),
	gsSP1Triangle(14, 6, 9, 0),
	gsSPVertex(castle_courtyard_dl_s_mesh_layer_1_vtx_0 + 420, 15, 0),
	gsSP1Triangle(0, 1, 2, 0),
	gsSP1Triangle(0, 3, 1, 0),
	gsSP1Triangle(1, 3, 4, 0),
	gsSP1Triangle(1, 4, 5, 0),
	gsSP1Triangle(6, 7, 8, 0),
	gsSP1Triangle(6, 8, 9, 0),
	gsSP1Triangle(9, 8, 10, 0),
	gsSP1Triangle(9, 10, 11, 0),
	gsSP1Triangle(12, 9, 11, 0),
	gsSP1Triangle(12, 11, 13, 0),
	gsSP1Triangle(14, 9, 12, 0),
	gsSP1Triangle(14, 6, 9, 0),
	gsSPVertex(castle_courtyard_dl_s_mesh_layer_1_vtx_0 + 435, 15, 0),
	gsSP1Triangle(0, 1, 2, 0),
	gsSP1Triangle(0, 2, 3, 0),
	gsSP1Triangle(3, 2, 4, 0),
	gsSP1Triangle(3, 4, 5, 0),
	gsSP1Triangle(6, 7, 8, 0),
	gsSP1Triangle(6, 8, 9, 0),
	gsSP1Triangle(9, 8, 10, 0),
	gsSP1Triangle(9, 10, 11, 0),
	gsSP1Triangle(12, 9, 11, 0),
	gsSP1Triangle(12, 11, 13, 0),
	gsSP1Triangle(14, 9, 12, 0),
	gsSP1Triangle(14, 6, 9, 0),
	gsSPVertex(castle_courtyard_dl_s_mesh_layer_1_vtx_0 + 450, 16, 0),
	gsSP1Triangle(0, 1, 2, 0),
	gsSP1Triangle(0, 3, 1, 0),
	gsSP1Triangle(3, 4, 1, 0),
	gsSP1Triangle(3, 5, 4, 0),
	gsSP1Triangle(6, 7, 8, 0),
	gsSP1Triangle(6, 9, 7, 0),
	gsSP1Triangle(9, 10, 7, 0),
	gsSP1Triangle(9, 11, 10, 0),
	gsSP1Triangle(12, 13, 14, 0),
	gsSP1Triangle(12, 15, 13, 0),
	gsSPVertex(castle_courtyard_dl_s_mesh_layer_1_vtx_0 + 466, 4, 0),
	gsSP1Triangle(0, 1, 2, 0),
	gsSP1Triangle(0, 3, 1, 0),
	gsSPEndDisplayList(),
};

Vtx castle_courtyard_dl_s_fire_entrance_mesh_layer_1_vtx_0[74] = {
	{{{-3623, 703, -2467},0, {1691, 2032},{0xC2, 0xA3, 0x5D, 0xFF}}},
	{{{-3904, 765, -2546},0, {2032, 2032},{0xDD, 0xC6, 0x71, 0xFF}}},
	{{{-3904, 245, -2736},0, {2032, -16},{0xDB, 0xC4, 0x70, 0xFF}}},
	{{{-3623, 217, -2645},0, {1691, -16},{0xC2, 0xA3, 0x5D, 0xFF}}},
	{{{-3342, 641, -2389},0, {1349, 2032},{0x99, 0x7B, 0x51, 0xFF}}},
	{{{-3342, 189, -2554},0, {1349, -16},{0x99, 0x7B, 0x51, 0xFF}}},
	{{{-2780, 517, -2232},0, {667, 2032},{0xA5, 0x76, 0x51, 0xFF}}},
	{{{-2780, 132, -2373},0, {667, -16},{0xA5, 0x76, 0x51, 0xFF}}},
	{{{-2218, 404, -2075},0, {-16, 2032},{0xA5, 0x76, 0x51, 0xFF}}},
	{{{-2218, 105, -2191},0, {-16, -16},{0xA5, 0x76, 0x51, 0xFF}}},
	{{{-3623, 904, -2037},0, {1691, 2032},{0xC1, 0xA3, 0x5D, 0xFF}}},
	{{{-3904, 980, -2086},0, {2032, 2032},{0xDD, 0xC6, 0x71, 0xFF}}},
	{{{-3904, 765, -2546},0, {2032, -16},{0xDD, 0xC6, 0x71, 0xFF}}},
	{{{-3623, 703, -2467},0, {1691, -16},{0xC2, 0xA3, 0x5D, 0xFF}}},
	{{{-3342, 828, -1989},0, {1349, 2032},{0x99, 0x7B, 0x51, 0xFF}}},
	{{{-3342, 641, -2389},0, {1349, -16},{0x99, 0x7B, 0x51, 0xFF}}},
	{{{-2780, 676, -1892},0, {667, 2032},{0xA5, 0x76, 0x51, 0xFF}}},
	{{{-3342, 828, -1989},0, {1349, 2032},{0x99, 0x7B, 0x51, 0xFF}}},
	{{{-3342, 641, -2389},0, {1349, -16},{0x99, 0x7B, 0x51, 0xFF}}},
	{{{-2780, 517, -2232},0, {667, -16},{0xA5, 0x76, 0x51, 0xFF}}},
	{{{-2218, 528, -1795},0, {-16, 2032},{0xA5, 0x76, 0x51, 0xFF}}},
	{{{-2218, 404, -2075},0, {-16, -16},{0xA5, 0x76, 0x51, 0xFF}}},
	{{{-3623, -631, -2645},0, {1691, 2032},{0xC2, 0xA3, 0x5D, 0xFF}}},
	{{{-3904, -661, -2736},0, {2032, 2032},{0xDD, 0xC6, 0x71, 0xFF}}},
	{{{-3904, -1142, -2546},0, {2032, -16},{0xDD, 0xC6, 0x71, 0xFF}}},
	{{{-3623, -1080, -2467},0, {1691, -16},{0xC2, 0xA3, 0x5D, 0xFF}}},
	{{{-3342, -600, -2554},0, {1349, 2032},{0x99, 0x7B, 0x51, 0xFF}}},
	{{{-3342, -1018, -2389},0, {1349, -16},{0x99, 0x7B, 0x51, 0xFF}}},
	{{{-2780, -539, -2373},0, {667, 2032},{0xA5, 0x76, 0x51, 0xFF}}},
	{{{-2780, -894, -2232},0, {667, -16},{0xA5, 0x76, 0x51, 0xFF}}},
	{{{-2218, -465, -2191},0, {-16, 2032},{0xA5, 0x76, 0x51, 0xFF}}},
	{{{-2218, -765, -2075},0, {-16, -16},{0xA5, 0x76, 0x51, 0xFF}}},
	{{{-3623, 217, -2645},0, {1691, 2032},{0xC2, 0xA3, 0x5D, 0xFF}}},
	{{{-3904, 245, -2736},0, {2032, 2032},{0xDB, 0xC4, 0x70, 0xFF}}},
	{{{-3904, -661, -2736},0, {2032, -16},{0xDD, 0xC6, 0x71, 0xFF}}},
	{{{-3623, -631, -2645},0, {1691, -16},{0xC2, 0xA3, 0x5D, 0xFF}}},
	{{{-3342, 189, -2554},0, {1349, 2032},{0x99, 0x7B, 0x51, 0xFF}}},
	{{{-3342, -600, -2554},0, {1349, -16},{0x99, 0x7B, 0x51, 0xFF}}},
	{{{-2780, 132, -2373},0, {667, 2032},{0xA5, 0x76, 0x51, 0xFF}}},
	{{{-2780, -539, -2373},0, {667, -16},{0xA5, 0x76, 0x51, 0xFF}}},
	{{{-2218, 105, -2191},0, {-16, 2032},{0xA5, 0x76, 0x51, 0xFF}}},
	{{{-2218, -465, -2191},0, {-16, -16},{0xA5, 0x76, 0x51, 0xFF}}},
	{{{-3623, -1266, -2037},0, {1691, 2032},{0xC2, 0xA3, 0x5D, 0xFF}}},
	{{{-3904, -1341, -2086},0, {2032, 2032},{0xDA, 0xC3, 0x70, 0xFF}}},
	{{{-3904, -1341, -1028},0, {2032, -16},{0x3F, 0x38, 0x1F, 0xFE}}},
	{{{-3623, -1266, -1028},0, {1691, -16},{0x97, 0x86, 0x4C, 0xFE}}},
	{{{-3342, -1191, -1989},0, {1349, 2032},{0x9B, 0x7A, 0x51, 0xFF}}},
	{{{-3342, -1191, -1028},0, {1349, -16},{0xA8, 0x8C, 0x63, 0xFE}}},
	{{{-2780, -1042, -1892},0, {667, 2032},{0xA5, 0x76, 0x51, 0xFF}}},
	{{{-3342, -1191, -1989},0, {1349, 2032},{0x9B, 0x7A, 0x51, 0xFF}}},
	{{{-3342, -1191, -1028},0, {1349, -16},{0xA8, 0x8C, 0x63, 0xFE}}},
	{{{-2780, -1042, -1028},0, {667, -16},{0xBD, 0x9D, 0x6F, 0xFE}}},
	{{{-2218, -889, -1795},0, {-16, 2032},{0xA5, 0x77, 0x51, 0xFF}}},
	{{{-2218, -889, -1028},0, {-16, -16},{0xFF, 0xE0, 0x95, 0xFE}}},
	{{{-3623, -1080, -2467},0, {1691, 2032},{0xC2, 0xA3, 0x5D, 0xFF}}},
	{{{-3904, -1142, -2546},0, {2032, 2032},{0xDD, 0xC6, 0x71, 0xFF}}},
	{{{-3904, -1341, -2086},0, {2032, -16},{0xDA, 0xC3, 0x70, 0xFF}}},
	{{{-3623, -1266, -2037},0, {1691, -16},{0xC2, 0xA3, 0x5D, 0xFF}}},
	{{{-3342, -1018, -2389},0, {1349, 2032},{0x99, 0x7B, 0x51, 0xFF}}},
	{{{-3342, -1191, -1989},0, {1349, -16},{0x9B, 0x7A, 0x51, 0xFF}}},
	{{{-2780, -894, -2232},0, {667, 2032},{0xA5, 0x76, 0x51, 0xFF}}},
	{{{-2780, -1042, -1892},0, {667, -16},{0xA5, 0x76, 0x51, 0xFF}}},
	{{{-2218, -765, -2075},0, {-16, 2032},{0xA5, 0x76, 0x51, 0xFF}}},
	{{{-2218, -889, -1795},0, {-16, -16},{0xA5, 0x77, 0x51, 0xFF}}},
	{{{-3623, 904, -1028},0, {1691, 2032},{0x97, 0x86, 0x4C, 0xFE}}},
	{{{-3904, 980, -1028},0, {2032, 2032},{0x3F, 0x38, 0x1F, 0xFE}}},
	{{{-3904, 980, -2086},0, {2032, -16},{0xDD, 0xC6, 0x71, 0xFF}}},
	{{{-3623, 904, -2037},0, {1691, -16},{0xC1, 0xA3, 0x5D, 0xFF}}},
	{{{-3342, 828, -1028},0, {1349, 2032},{0xA8, 0x8C, 0x63, 0xFE}}},
	{{{-3342, 828, -1989},0, {1349, -16},{0x99, 0x7B, 0x51, 0xFF}}},
	{{{-2780, 676, -1028},0, {667, 2032},{0xBD, 0x9D, 0x6F, 0xFE}}},
	{{{-2780, 676, -1892},0, {667, -16},{0xA5, 0x76, 0x51, 0xFF}}},
	{{{-2218, 528, -1028},0, {-16, 2032},{0xFF, 0xE0, 0x95, 0xFE}}},
	{{{-2218, 528, -1795},0, {-16, -16},{0xA5, 0x76, 0x51, 0xFF}}},
};

Gfx castle_courtyard_dl_s_fire_entrance_mesh_layer_1_tri_0[] = {
	gsSPVertex(castle_courtyard_dl_s_fire_entrance_mesh_layer_1_vtx_0 + 0, 16, 0),
	gsSP1Triangle(0, 1, 2, 0),
	gsSP1Triangle(0, 2, 3, 0),
	gsSP1Triangle(4, 0, 3, 0),
	gsSP1Triangle(4, 3, 5, 0),
	gsSP1Triangle(6, 4, 5, 0),
	gsSP1Triangle(6, 5, 7, 0),
	gsSP1Triangle(8, 6, 7, 0),
	gsSP1Triangle(8, 7, 9, 0),
	gsSP1Triangle(10, 11, 12, 0),
	gsSP1Triangle(10, 12, 13, 0),
	gsSP1Triangle(14, 10, 13, 0),
	gsSP1Triangle(14, 13, 15, 0),
	gsSPVertex(castle_courtyard_dl_s_fire_entrance_mesh_layer_1_vtx_0 + 16, 16, 0),
	gsSP1Triangle(0, 1, 2, 0),
	gsSP1Triangle(0, 2, 3, 0),
	gsSP1Triangle(4, 0, 3, 0),
	gsSP1Triangle(4, 3, 5, 0),
	gsSP1Triangle(6, 7, 8, 0),
	gsSP1Triangle(6, 8, 9, 0),
	gsSP1Triangle(10, 6, 9, 0),
	gsSP1Triangle(10, 9, 11, 0),
	gsSP1Triangle(12, 10, 11, 0),
	gsSP1Triangle(12, 11, 13, 0),
	gsSP1Triangle(14, 12, 13, 0),
	gsSP1Triangle(14, 13, 15, 0),
	gsSPVertex(castle_courtyard_dl_s_fire_entrance_mesh_layer_1_vtx_0 + 32, 16, 0),
	gsSP1Triangle(0, 1, 2, 0),
	gsSP1Triangle(0, 2, 3, 0),
	gsSP1Triangle(4, 0, 3, 0),
	gsSP1Triangle(4, 3, 5, 0),
	gsSP1Triangle(6, 4, 5, 0),
	gsSP1Triangle(6, 5, 7, 0),
	gsSP1Triangle(8, 6, 7, 0),
	gsSP1Triangle(8, 7, 9, 0),
	gsSP1Triangle(10, 11, 12, 0),
	gsSP1Triangle(10, 12, 13, 0),
	gsSP1Triangle(14, 10, 13, 0),
	gsSP1Triangle(14, 13, 15, 0),
	gsSPVertex(castle_courtyard_dl_s_fire_entrance_mesh_layer_1_vtx_0 + 48, 16, 0),
	gsSP1Triangle(0, 1, 2, 0),
	gsSP1Triangle(0, 2, 3, 0),
	gsSP1Triangle(4, 0, 3, 0),
	gsSP1Triangle(4, 3, 5, 0),
	gsSP1Triangle(6, 7, 8, 0),
	gsSP1Triangle(6, 8, 9, 0),
	gsSP1Triangle(10, 6, 9, 0),
	gsSP1Triangle(10, 9, 11, 0),
	gsSP1Triangle(12, 10, 11, 0),
	gsSP1Triangle(12, 11, 13, 0),
	gsSP1Triangle(14, 12, 13, 0),
	gsSP1Triangle(14, 13, 15, 0),
	gsSPVertex(castle_courtyard_dl_s_fire_entrance_mesh_layer_1_vtx_0 + 64, 10, 0),
	gsSP1Triangle(0, 1, 2, 0),
	gsSP1Triangle(0, 2, 3, 0),
	gsSP1Triangle(4, 0, 3, 0),
	gsSP1Triangle(4, 3, 5, 0),
	gsSP1Triangle(6, 4, 5, 0),
	gsSP1Triangle(6, 5, 7, 0),
	gsSP1Triangle(8, 6, 7, 0),
	gsSP1Triangle(8, 7, 9, 0),
	gsSPEndDisplayList(),
};

Vtx castle_courtyard_dl_s_fire_entrance_mesh_layer_1_vtx_1[10] = {
	{{{-2218, 528, -1028},0, {-2832, -2167},{0xFF, 0xE0, 0x95, 0xFE}}},
	{{{-2218, -889, -1028},0, {-2832, 3185},{0xFF, 0xE0, 0x95, 0xFE}}},
	{{{-2780, -1042, -1028},0, {-706, 3751},{0xC5, 0xB0, 0x46, 0xFE}}},
	{{{-2780, 676, -1028},0, {-706, -2741},{0xC5, 0xB0, 0x46, 0xFE}}},
	{{{-3342, -1191, -1028},0, {1419, 4317},{0x86, 0x7A, 0x3A, 0xFE}}},
	{{{-3342, 828, -1028},0, {1419, -3316},{0x86, 0x7A, 0x3A, 0xFE}}},
	{{{-3588, -1257, -1028},0, {2348, 4564},{0x5C, 0x49, 0x1F, 0xFE}}},
	{{{-3588, 894, -1028},0, {2348, -3567},{0x5C, 0x49, 0x1F, 0xFE}}},
	{{{-3904, -1341, -1028},0, {3544, 4882},{0x3F, 0x38, 0x1F, 0xFE}}},
	{{{-3904, 980, -1028},0, {3544, -3890},{0x3F, 0x38, 0x1F, 0xFE}}},
};

Gfx castle_courtyard_dl_s_fire_entrance_mesh_layer_1_tri_1[] = {
	gsSPVertex(castle_courtyard_dl_s_fire_entrance_mesh_layer_1_vtx_1 + 0, 10, 0),
	gsSP1Triangle(0, 1, 2, 0),
	gsSP1Triangle(0, 2, 3, 0),
	gsSP1Triangle(3, 2, 4, 0),
	gsSP1Triangle(3, 4, 5, 0),
	gsSP1Triangle(5, 4, 6, 0),
	gsSP1Triangle(5, 6, 7, 0),
	gsSP1Triangle(7, 6, 8, 0),
	gsSP1Triangle(7, 8, 9, 0),
	gsSPEndDisplayList(),
};

Vtx castle_courtyard_dl_s_fire_entrance_mesh_layer_1_vtx_2[250] = {
	{{{-3904, 690, -1241},0, {976, 6928},{0x7F, 0x0, 0x0, 0xFF}}},
	{{{-3904, 980, -1241},0, {-16, 6928},{0x7F, 0x0, 0x0, 0xFF}}},
	{{{-3904, 980, -1013},0, {-16, 7920},{0x7F, 0x0, 0x0, 0xFE}}},
	{{{-3904, 690, -1455},0, {976, 5936},{0x7F, 0x0, 0x0, 0xFF}}},
	{{{-3904, 980, -1455},0, {-16, 5936},{0x7F, 0x0, 0x0, 0xFF}}},
	{{{-3904, 690, -1013},0, {976, 7920},{0x7F, 0x0, 0x0, 0xFE}}},
	{{{-3904, -1341, -1241},0, {7920, 6928},{0x7F, 0x0, 0x0, 0xFE}}},
	{{{-3904, -1051, -1013},0, {6928, 7920},{0x7F, 0x0, 0x0, 0xFE}}},
	{{{-3904, -1341, -1013},0, {7920, 7920},{0x7F, 0x0, 0x0, 0xFE}}},
	{{{-3904, -1051, -1241},0, {6928, 6928},{0x7F, 0x0, 0x0, 0xFF}}},
	{{{-3904, -1051, -1241},0, {6928, 6928},{0x7F, 0x0, 0x0, 0xFF}}},
	{{{-3904, -761, -1013},0, {5936, 7920},{0x7F, 0x0, 0x0, 0xFE}}},
	{{{-3904, -1051, -1013},0, {6928, 7920},{0x7F, 0x0, 0x0, 0xFE}}},
	{{{-3904, -761, -1241},0, {5936, 6928},{0x7F, 0x0, 0x0, 0xFF}}},
	{{{-3904, -761, -1241},0, {5936, 6928},{0x7F, 0x0, 0x0, 0xFF}}},
	{{{-3904, -471, -1013},0, {4944, 7920},{0x7F, 0x0, 0x0, 0xFE}}},
	{{{-3904, -761, -1013},0, {5936, 7920},{0x7F, 0x0, 0x0, 0xFE}}},
	{{{-3904, -471, -1241},0, {4944, 6928},{0x7F, 0x0, 0x0, 0xFF}}},
	{{{-3904, -471, -1241},0, {4944, 6928},{0x7F, 0x0, 0x0, 0xFF}}},
	{{{-3904, -181, -1013},0, {3952, 7920},{0x7F, 0x0, 0x0, 0xFE}}},
	{{{-3904, -471, -1013},0, {4944, 7920},{0x7F, 0x0, 0x0, 0xFE}}},
	{{{-3904, -181, -1241},0, {3952, 6928},{0x7F, 0x0, 0x0, 0xFF}}},
	{{{-3904, -181, -1241},0, {3952, 6928},{0x7F, 0x0, 0x0, 0xFF}}},
	{{{-3904, 110, -1013},0, {2960, 7920},{0x7F, 0x0, 0x0, 0xFE}}},
	{{{-3904, -181, -1013},0, {3952, 7920},{0x7F, 0x0, 0x0, 0xFE}}},
	{{{-3904, 110, -1241},0, {2960, 6928},{0x7F, 0x0, 0x0, 0xFF}}},
	{{{-3904, 110, -1241},0, {2960, 6928},{0x7F, 0x0, 0x0, 0xFF}}},
	{{{-3904, 400, -1013},0, {1968, 7920},{0x7F, 0x0, 0x0, 0xFE}}},
	{{{-3904, 110, -1013},0, {2960, 7920},{0x7F, 0x0, 0x0, 0xFE}}},
	{{{-3904, 400, -1241},0, {1968, 6928},{0x7F, 0x0, 0x0, 0xFF}}},
	{{{-3904, 400, -1241},0, {1968, 6928},{0x7F, 0x0, 0x0, 0xFF}}},
	{{{-3904, 690, -1013},0, {976, 7920},{0x7F, 0x0, 0x0, 0xFE}}},
	{{{-3904, 400, -1013},0, {1968, 7920},{0x7F, 0x0, 0x0, 0xFE}}},
	{{{-3904, 690, -1241},0, {976, 6928},{0x7F, 0x0, 0x0, 0xFF}}},
	{{{-3904, -1341, -2736},0, {7920, -16},{0x7F, 0x0, 0x0, 0xFF}}},
	{{{-3904, -1051, -2736},0, {6928, -16},{0x7F, 0x0, 0x0, 0xFF}}},
	{{{-3904, -1051, -2522},0, {6928, 976},{0x7F, 0x0, 0x0, 0xFF}}},
	{{{-3904, -761, -2522},0, {5936, 976},{0x7F, 0x0, 0x0, 0xFF}}},
	{{{-3904, -761, -2736},0, {5936, -16},{0x7F, 0x0, 0x0, 0xFF}}},
	{{{-3904, -1341, -2522},0, {7920, 976},{0x7F, 0x0, 0x0, 0xFF}}},
	{{{-3904, -1341, -2522},0, {7920, 976},{0x7F, 0x0, 0x0, 0xFF}}},
	{{{-3904, -1051, -2522},0, {6928, 976},{0x7F, 0x0, 0x0, 0xFF}}},
	{{{-3904, -1051, -2309},0, {6928, 1968},{0x7F, 0x0, 0x0, 0xFF}}},
	{{{-3904, -1341, -2309},0, {7920, 1968},{0x7F, 0x0, 0x0, 0xFE}}},
	{{{-3904, -1341, -2309},0, {7920, 1968},{0x7F, 0x0, 0x0, 0xFE}}},
	{{{-3904, -1051, -2309},0, {6928, 1968},{0x7F, 0x0, 0x0, 0xFF}}},
	{{{-3904, -1051, -2095},0, {6928, 2960},{0x7F, 0x0, 0x0, 0xFF}}},
	{{{-3904, -1341, -2095},0, {7920, 2960},{0x7F, 0x0, 0x0, 0xFE}}},
	{{{-3904, -1341, -2095},0, {7920, 2960},{0x7F, 0x0, 0x0, 0xFE}}},
	{{{-3904, -1051, -2095},0, {6928, 2960},{0x7F, 0x0, 0x0, 0xFF}}},
	{{{-3904, -1051, -1882},0, {6928, 3952},{0x7F, 0x0, 0x0, 0xFF}}},
	{{{-3904, -1341, -1882},0, {7920, 3952},{0x7F, 0x0, 0x0, 0xFE}}},
	{{{-3904, -1341, -1882},0, {7920, 3952},{0x7F, 0x0, 0x0, 0xFE}}},
	{{{-3904, -1051, -1882},0, {6928, 3952},{0x7F, 0x0, 0x0, 0xFF}}},
	{{{-3904, -1051, -1668},0, {6928, 4944},{0x7F, 0x0, 0x0, 0xFF}}},
	{{{-3904, -1341, -1668},0, {7920, 4944},{0x7F, 0x0, 0x0, 0xFE}}},
	{{{-3904, -1341, -1668},0, {7920, 4944},{0x7F, 0x0, 0x0, 0xFE}}},
	{{{-3904, -1051, -1668},0, {6928, 4944},{0x7F, 0x0, 0x0, 0xFF}}},
	{{{-3904, -1051, -1455},0, {6928, 5936},{0x7F, 0x0, 0x0, 0xFF}}},
	{{{-3904, -1341, -1455},0, {7920, 5936},{0x7F, 0x0, 0x0, 0xFE}}},
	{{{-3904, -1341, -1455},0, {7920, 5936},{0x7F, 0x0, 0x0, 0xFE}}},
	{{{-3904, -1051, -1241},0, {6928, 6928},{0x7F, 0x0, 0x0, 0xFF}}},
	{{{-3904, -1341, -1241},0, {7920, 6928},{0x7F, 0x0, 0x0, 0xFE}}},
	{{{-3904, -1051, -1455},0, {6928, 5936},{0x7F, 0x0, 0x0, 0xFF}}},
	{{{-3904, -1051, -2522},0, {6928, 976},{0x7F, 0x0, 0x0, 0xFF}}},
	{{{-3904, -761, -2522},0, {5936, 976},{0x7F, 0x0, 0x0, 0xFF}}},
	{{{-3904, -761, -2309},0, {5936, 1968},{0x7F, 0x0, 0x0, 0xFF}}},
	{{{-3904, -1051, -2309},0, {6928, 1968},{0x7F, 0x0, 0x0, 0xFF}}},
	{{{-3904, -1051, -2309},0, {6928, 1968},{0x7F, 0x0, 0x0, 0xFF}}},
	{{{-3904, -761, -2309},0, {5936, 1968},{0x7F, 0x0, 0x0, 0xFF}}},
	{{{-3904, -761, -2095},0, {5936, 2960},{0x7F, 0x0, 0x0, 0xFF}}},
	{{{-3904, -1051, -2095},0, {6928, 2960},{0x7F, 0x0, 0x0, 0xFF}}},
	{{{-3904, -1051, -2095},0, {6928, 2960},{0x7F, 0x0, 0x0, 0xFF}}},
	{{{-3904, -761, -2095},0, {5936, 2960},{0x7F, 0x0, 0x0, 0xFF}}},
	{{{-3904, -761, -1882},0, {5936, 3952},{0x7F, 0x0, 0x0, 0xFF}}},
	{{{-3904, -1051, -1882},0, {6928, 3952},{0x7F, 0x0, 0x0, 0xFF}}},
	{{{-3904, -1051, -1882},0, {6928, 3952},{0x7F, 0x0, 0x0, 0xFF}}},
	{{{-3904, -761, -1882},0, {5936, 3952},{0x7F, 0x0, 0x0, 0xFF}}},
	{{{-3904, -761, -1668},0, {5936, 4944},{0x7F, 0x0, 0x0, 0xFF}}},
	{{{-3904, -1051, -1668},0, {6928, 4944},{0x7F, 0x0, 0x0, 0xFF}}},
	{{{-3904, -1051, -1668},0, {6928, 4944},{0x7F, 0x0, 0x0, 0xFF}}},
	{{{-3904, -761, -1668},0, {5936, 4944},{0x7F, 0x0, 0x0, 0xFF}}},
	{{{-3904, -761, -1455},0, {5936, 5936},{0x7F, 0x0, 0x0, 0xFF}}},
	{{{-3904, -1051, -1455},0, {6928, 5936},{0x7F, 0x0, 0x0, 0xFF}}},
	{{{-3904, -1051, -1455},0, {6928, 5936},{0x7F, 0x0, 0x0, 0xFF}}},
	{{{-3904, -761, -1241},0, {5936, 6928},{0x7F, 0x0, 0x0, 0xFF}}},
	{{{-3904, -1051, -1241},0, {6928, 6928},{0x7F, 0x0, 0x0, 0xFF}}},
	{{{-3904, -761, -1455},0, {5936, 5936},{0x7F, 0x0, 0x0, 0xFF}}},
	{{{-3904, -761, -2736},0, {5936, -16},{0x7F, 0x0, 0x0, 0xFF}}},
	{{{-3904, -471, -2736},0, {4944, -16},{0x7F, 0x0, 0x0, 0xFF}}},
	{{{-3904, -471, -2522},0, {4944, 976},{0x7F, 0x0, 0x0, 0xFF}}},
	{{{-3904, -761, -2522},0, {5936, 976},{0x7F, 0x0, 0x0, 0xFF}}},
	{{{-3904, -761, -2522},0, {5936, 976},{0x7F, 0x0, 0x0, 0xFF}}},
	{{{-3904, -471, -2522},0, {4944, 976},{0x7F, 0x0, 0x0, 0xFF}}},
	{{{-3904, -471, -2309},0, {4944, 1968},{0x7F, 0x0, 0x0, 0xFF}}},
	{{{-3904, -761, -2309},0, {5936, 1968},{0x7F, 0x0, 0x0, 0xFF}}},
	{{{-3904, -761, -2309},0, {5936, 1968},{0x7F, 0x0, 0x0, 0xFF}}},
	{{{-3904, -471, -2309},0, {4944, 1968},{0x7F, 0x0, 0x0, 0xFF}}},
	{{{-3904, -471, -2095},0, {4944, 2960},{0x7F, 0x0, 0x0, 0xFF}}},
	{{{-3904, -761, -2095},0, {5936, 2960},{0x7F, 0x0, 0x0, 0xFF}}},
	{{{-3904, -761, -2095},0, {5936, 2960},{0x7F, 0x0, 0x0, 0xFF}}},
	{{{-3904, -471, -2095},0, {4944, 2960},{0x7F, 0x0, 0x0, 0xFF}}},
	{{{-3904, -471, -1882},0, {4944, 3952},{0x7F, 0x0, 0x0, 0xFF}}},
	{{{-3904, -761, -1882},0, {5936, 3952},{0x7F, 0x0, 0x0, 0xFF}}},
	{{{-3904, -761, -1882},0, {5936, 3952},{0x7F, 0x0, 0x0, 0xFF}}},
	{{{-3904, -471, -1882},0, {4944, 3952},{0x7F, 0x0, 0x0, 0xFF}}},
	{{{-3904, -471, -1668},0, {4944, 4944},{0x7F, 0x0, 0x0, 0xFF}}},
	{{{-3904, -761, -1668},0, {5936, 4944},{0x7F, 0x0, 0x0, 0xFF}}},
	{{{-3904, -761, -1668},0, {5936, 4944},{0x7F, 0x0, 0x0, 0xFF}}},
	{{{-3904, -471, -1668},0, {4944, 4944},{0x7F, 0x0, 0x0, 0xFF}}},
	{{{-3904, -471, -1455},0, {4944, 5936},{0x7F, 0x0, 0x0, 0xFF}}},
	{{{-3904, -761, -1455},0, {5936, 5936},{0x7F, 0x0, 0x0, 0xFF}}},
	{{{-3904, -761, -1455},0, {5936, 5936},{0x7F, 0x0, 0x0, 0xFF}}},
	{{{-3904, -471, -1241},0, {4944, 6928},{0x7F, 0x0, 0x0, 0xFF}}},
	{{{-3904, -761, -1241},0, {5936, 6928},{0x7F, 0x0, 0x0, 0xFF}}},
	{{{-3904, -471, -1455},0, {4944, 5936},{0x7F, 0x0, 0x0, 0xFF}}},
	{{{-3904, -471, -2736},0, {4944, -16},{0x7F, 0x0, 0x0, 0xFF}}},
	{{{-3904, -181, -2736},0, {3952, -16},{0x7F, 0x0, 0x0, 0xFF}}},
	{{{-3904, -181, -2522},0, {3952, 976},{0x7F, 0x0, 0x0, 0xFF}}},
	{{{-3904, -471, -2522},0, {4944, 976},{0x7F, 0x0, 0x0, 0xFF}}},
	{{{-3904, -471, -2522},0, {4944, 976},{0x7F, 0x0, 0x0, 0xFF}}},
	{{{-3904, -181, -2522},0, {3952, 976},{0x7F, 0x0, 0x0, 0xFF}}},
	{{{-3904, -181, -2309},0, {3952, 1968},{0x7F, 0x0, 0x0, 0xFF}}},
	{{{-3904, -471, -2309},0, {4944, 1968},{0x7F, 0x0, 0x0, 0xFF}}},
	{{{-3904, -471, -2309},0, {4944, 1968},{0x7F, 0x0, 0x0, 0xFF}}},
	{{{-3904, -181, -2309},0, {3952, 1968},{0x7F, 0x0, 0x0, 0xFF}}},
	{{{-3904, -181, -2095},0, {3952, 2960},{0x7F, 0x0, 0x0, 0xFF}}},
	{{{-3904, -471, -2095},0, {4944, 2960},{0x7F, 0x0, 0x0, 0xFF}}},
	{{{-3904, -471, -2095},0, {4944, 2960},{0x7F, 0x0, 0x0, 0xFF}}},
	{{{-3904, -181, -2095},0, {3952, 2960},{0x7F, 0x0, 0x0, 0xFF}}},
	{{{-3904, -181, -1882},0, {3952, 3952},{0x7F, 0x0, 0x0, 0xFF}}},
	{{{-3904, -471, -1882},0, {4944, 3952},{0x7F, 0x0, 0x0, 0xFF}}},
	{{{-3904, -471, -1882},0, {4944, 3952},{0x7F, 0x0, 0x0, 0xFF}}},
	{{{-3904, -181, -1882},0, {3952, 3952},{0x7F, 0x0, 0x0, 0xFF}}},
	{{{-3904, -181, -1668},0, {3952, 4944},{0x7F, 0x0, 0x0, 0xFF}}},
	{{{-3904, -471, -1668},0, {4944, 4944},{0x7F, 0x0, 0x0, 0xFF}}},
	{{{-3904, -471, -1668},0, {4944, 4944},{0x7F, 0x0, 0x0, 0xFF}}},
	{{{-3904, -181, -1668},0, {3952, 4944},{0x7F, 0x0, 0x0, 0xFF}}},
	{{{-3904, -181, -1455},0, {3952, 5936},{0x7F, 0x0, 0x0, 0xFF}}},
	{{{-3904, -471, -1455},0, {4944, 5936},{0x7F, 0x0, 0x0, 0xFF}}},
	{{{-3904, -471, -1455},0, {4944, 5936},{0x7F, 0x0, 0x0, 0xFF}}},
	{{{-3904, -181, -1241},0, {3952, 6928},{0x7F, 0x0, 0x0, 0xFF}}},
	{{{-3904, -471, -1241},0, {4944, 6928},{0x7F, 0x0, 0x0, 0xFF}}},
	{{{-3904, -181, -1455},0, {3952, 5936},{0x7F, 0x0, 0x0, 0xFF}}},
	{{{-3904, -181, -2736},0, {3952, -16},{0x7F, 0x0, 0x0, 0xFF}}},
	{{{-3904, 110, -2736},0, {2960, -16},{0x7F, 0x0, 0x0, 0xFF}}},
	{{{-3904, 110, -2522},0, {2960, 976},{0x7F, 0x0, 0x0, 0xFF}}},
	{{{-3904, -181, -2522},0, {3952, 976},{0x7F, 0x0, 0x0, 0xFF}}},
	{{{-3904, -181, -2522},0, {3952, 976},{0x7F, 0x0, 0x0, 0xFF}}},
	{{{-3904, 110, -2522},0, {2960, 976},{0x7F, 0x0, 0x0, 0xFF}}},
	{{{-3904, 110, -2309},0, {2960, 1968},{0x7F, 0x0, 0x0, 0xFF}}},
	{{{-3904, -181, -2309},0, {3952, 1968},{0x7F, 0x0, 0x0, 0xFF}}},
	{{{-3904, -181, -2309},0, {3952, 1968},{0x7F, 0x0, 0x0, 0xFF}}},
	{{{-3904, 110, -2309},0, {2960, 1968},{0x7F, 0x0, 0x0, 0xFF}}},
	{{{-3904, 110, -2095},0, {2960, 2960},{0x7F, 0x0, 0x0, 0xFF}}},
	{{{-3904, -181, -2095},0, {3952, 2960},{0x7F, 0x0, 0x0, 0xFF}}},
	{{{-3904, -181, -2095},0, {3952, 2960},{0x7F, 0x0, 0x0, 0xFF}}},
	{{{-3904, 110, -2095},0, {2960, 2960},{0x7F, 0x0, 0x0, 0xFF}}},
	{{{-3904, 110, -1882},0, {2960, 3952},{0x7F, 0x0, 0x0, 0xFF}}},
	{{{-3904, -181, -1882},0, {3952, 3952},{0x7F, 0x0, 0x0, 0xFF}}},
	{{{-3904, -181, -1882},0, {3952, 3952},{0x7F, 0x0, 0x0, 0xFF}}},
	{{{-3904, 110, -1882},0, {2960, 3952},{0x7F, 0x0, 0x0, 0xFF}}},
	{{{-3904, 110, -1668},0, {2960, 4944},{0x7F, 0x0, 0x0, 0xFF}}},
	{{{-3904, -181, -1668},0, {3952, 4944},{0x7F, 0x0, 0x0, 0xFF}}},
	{{{-3904, -181, -1668},0, {3952, 4944},{0x7F, 0x0, 0x0, 0xFF}}},
	{{{-3904, 110, -1668},0, {2960, 4944},{0x7F, 0x0, 0x0, 0xFF}}},
	{{{-3904, 110, -1455},0, {2960, 5936},{0x7F, 0x0, 0x0, 0xFF}}},
	{{{-3904, -181, -1455},0, {3952, 5936},{0x7F, 0x0, 0x0, 0xFF}}},
	{{{-3904, -181, -1455},0, {3952, 5936},{0x7F, 0x0, 0x0, 0xFF}}},
	{{{-3904, 110, -1241},0, {2960, 6928},{0x7F, 0x0, 0x0, 0xFF}}},
	{{{-3904, -181, -1241},0, {3952, 6928},{0x7F, 0x0, 0x0, 0xFF}}},
	{{{-3904, 110, -1455},0, {2960, 5936},{0x7F, 0x0, 0x0, 0xFF}}},
	{{{-3904, 110, -2736},0, {2960, -16},{0x7F, 0x0, 0x0, 0xFF}}},
	{{{-3904, 400, -2736},0, {1968, -16},{0x7F, 0x0, 0x0, 0xFF}}},
	{{{-3904, 400, -2522},0, {1968, 976},{0x7F, 0x0, 0x0, 0xFF}}},
	{{{-3904, 110, -2522},0, {2960, 976},{0x7F, 0x0, 0x0, 0xFF}}},
	{{{-3904, 110, -2522},0, {2960, 976},{0x7F, 0x0, 0x0, 0xFF}}},
	{{{-3904, 400, -2522},0, {1968, 976},{0x7F, 0x0, 0x0, 0xFF}}},
	{{{-3904, 400, -2309},0, {1968, 1968},{0x7F, 0x0, 0x0, 0xFF}}},
	{{{-3904, 110, -2309},0, {2960, 1968},{0x7F, 0x0, 0x0, 0xFF}}},
	{{{-3904, 110, -2309},0, {2960, 1968},{0x7F, 0x0, 0x0, 0xFF}}},
	{{{-3904, 400, -2309},0, {1968, 1968},{0x7F, 0x0, 0x0, 0xFF}}},
	{{{-3904, 400, -2095},0, {1968, 2960},{0x7F, 0x0, 0x0, 0xFF}}},
	{{{-3904, 110, -2095},0, {2960, 2960},{0x7F, 0x0, 0x0, 0xFF}}},
	{{{-3904, 110, -2095},0, {2960, 2960},{0x7F, 0x0, 0x0, 0xFF}}},
	{{{-3904, 400, -2095},0, {1968, 2960},{0x7F, 0x0, 0x0, 0xFF}}},
	{{{-3904, 400, -1882},0, {1968, 3952},{0x7F, 0x0, 0x0, 0xFF}}},
	{{{-3904, 110, -1882},0, {2960, 3952},{0x7F, 0x0, 0x0, 0xFF}}},
	{{{-3904, 110, -1882},0, {2960, 3952},{0x7F, 0x0, 0x0, 0xFF}}},
	{{{-3904, 400, -1882},0, {1968, 3952},{0x7F, 0x0, 0x0, 0xFF}}},
	{{{-3904, 400, -1668},0, {1968, 4944},{0x7F, 0x0, 0x0, 0xFF}}},
	{{{-3904, 110, -1668},0, {2960, 4944},{0x7F, 0x0, 0x0, 0xFF}}},
	{{{-3904, 110, -1668},0, {2960, 4944},{0x7F, 0x0, 0x0, 0xFF}}},
	{{{-3904, 400, -1668},0, {1968, 4944},{0x7F, 0x0, 0x0, 0xFF}}},
	{{{-3904, 400, -1455},0, {1968, 5936},{0x7F, 0x0, 0x0, 0xFF}}},
	{{{-3904, 110, -1455},0, {2960, 5936},{0x7F, 0x0, 0x0, 0xFF}}},
	{{{-3904, 110, -1455},0, {2960, 5936},{0x7F, 0x0, 0x0, 0xFF}}},
	{{{-3904, 400, -1241},0, {1968, 6928},{0x7F, 0x0, 0x0, 0xFF}}},
	{{{-3904, 110, -1241},0, {2960, 6928},{0x7F, 0x0, 0x0, 0xFF}}},
	{{{-3904, 400, -1455},0, {1968, 5936},{0x7F, 0x0, 0x0, 0xFF}}},
	{{{-3904, 690, -2736},0, {976, -16},{0x7F, 0x0, 0x0, 0xFF}}},
	{{{-3904, 980, -2736},0, {-16, -16},{0x7F, 0x0, 0x0, 0xFF}}},
	{{{-3904, 980, -2522},0, {-16, 976},{0x7F, 0x0, 0x0, 0xFF}}},
	{{{-3904, 690, -2522},0, {976, 976},{0x7F, 0x0, 0x0, 0xFF}}},
	{{{-3904, 400, -2736},0, {1968, -16},{0x7F, 0x0, 0x0, 0xFF}}},
	{{{-3904, 400, -2522},0, {1968, 976},{0x7F, 0x0, 0x0, 0xFF}}},
	{{{-3904, 400, -2522},0, {1968, 976},{0x7F, 0x0, 0x0, 0xFF}}},
	{{{-3904, 690, -2522},0, {976, 976},{0x7F, 0x0, 0x0, 0xFF}}},
	{{{-3904, 690, -2309},0, {976, 1968},{0x7F, 0x0, 0x0, 0xFF}}},
	{{{-3904, 400, -2309},0, {1968, 1968},{0x7F, 0x0, 0x0, 0xFF}}},
	{{{-3904, 400, -2309},0, {1968, 1968},{0x7F, 0x0, 0x0, 0xFF}}},
	{{{-3904, 690, -2309},0, {976, 1968},{0x7F, 0x0, 0x0, 0xFF}}},
	{{{-3904, 690, -2095},0, {976, 2960},{0x7F, 0x0, 0x0, 0xFF}}},
	{{{-3904, 400, -2095},0, {1968, 2960},{0x7F, 0x0, 0x0, 0xFF}}},
	{{{-3904, 400, -2095},0, {1968, 2960},{0x7F, 0x0, 0x0, 0xFF}}},
	{{{-3904, 690, -2095},0, {976, 2960},{0x7F, 0x0, 0x0, 0xFF}}},
	{{{-3904, 690, -1882},0, {976, 3952},{0x7F, 0x0, 0x0, 0xFF}}},
	{{{-3904, 400, -1882},0, {1968, 3952},{0x7F, 0x0, 0x0, 0xFF}}},
	{{{-3904, 400, -1882},0, {1968, 3952},{0x7F, 0x0, 0x0, 0xFF}}},
	{{{-3904, 690, -1882},0, {976, 3952},{0x7F, 0x0, 0x0, 0xFF}}},
	{{{-3904, 690, -1668},0, {976, 4944},{0x7F, 0x0, 0x0, 0xFF}}},
	{{{-3904, 400, -1668},0, {1968, 4944},{0x7F, 0x0, 0x0, 0xFF}}},
	{{{-3904, 400, -1668},0, {1968, 4944},{0x7F, 0x0, 0x0, 0xFF}}},
	{{{-3904, 690, -1668},0, {976, 4944},{0x7F, 0x0, 0x0, 0xFF}}},
	{{{-3904, 690, -1455},0, {976, 5936},{0x7F, 0x0, 0x0, 0xFF}}},
	{{{-3904, 400, -1455},0, {1968, 5936},{0x7F, 0x0, 0x0, 0xFF}}},
	{{{-3904, 400, -1455},0, {1968, 5936},{0x7F, 0x0, 0x0, 0xFF}}},
	{{{-3904, 690, -1455},0, {976, 5936},{0x7F, 0x0, 0x0, 0xFF}}},
	{{{-3904, 690, -1241},0, {976, 6928},{0x7F, 0x0, 0x0, 0xFF}}},
	{{{-3904, 400, -1241},0, {1968, 6928},{0x7F, 0x0, 0x0, 0xFF}}},
	{{{-3904, 690, -2522},0, {976, 976},{0x7F, 0x0, 0x0, 0xFF}}},
	{{{-3904, 980, -2522},0, {-16, 976},{0x7F, 0x0, 0x0, 0xFF}}},
	{{{-3904, 980, -2309},0, {-16, 1968},{0x7F, 0x0, 0x0, 0xFF}}},
	{{{-3904, 690, -2309},0, {976, 1968},{0x7F, 0x0, 0x0, 0xFF}}},
	{{{-3904, 690, -2309},0, {976, 1968},{0x7F, 0x0, 0x0, 0xFF}}},
	{{{-3904, 980, -2309},0, {-16, 1968},{0x7F, 0x0, 0x0, 0xFF}}},
	{{{-3904, 980, -2095},0, {-16, 2960},{0x7F, 0x0, 0x0, 0xFF}}},
	{{{-3904, 690, -2095},0, {976, 2960},{0x7F, 0x0, 0x0, 0xFF}}},
	{{{-3904, 690, -2095},0, {976, 2960},{0x7F, 0x0, 0x0, 0xFF}}},
	{{{-3904, 980, -2095},0, {-16, 2960},{0x7F, 0x0, 0x0, 0xFF}}},
	{{{-3904, 980, -1882},0, {-16, 3952},{0x7F, 0x0, 0x0, 0xFF}}},
	{{{-3904, 690, -1882},0, {976, 3952},{0x7F, 0x0, 0x0, 0xFF}}},
	{{{-3904, 690, -1882},0, {976, 3952},{0x7F, 0x0, 0x0, 0xFF}}},
	{{{-3904, 980, -1882},0, {-16, 3952},{0x7F, 0x0, 0x0, 0xFF}}},
	{{{-3904, 980, -1668},0, {-16, 4944},{0x7F, 0x0, 0x0, 0xFF}}},
	{{{-3904, 690, -1668},0, {976, 4944},{0x7F, 0x0, 0x0, 0xFF}}},
	{{{-3904, 690, -1668},0, {976, 4944},{0x7F, 0x0, 0x0, 0xFF}}},
	{{{-3904, 980, -1668},0, {-16, 4944},{0x7F, 0x0, 0x0, 0xFF}}},
	{{{-3904, 980, -1455},0, {-16, 5936},{0x7F, 0x0, 0x0, 0xFF}}},
	{{{-3904, 690, -1455},0, {976, 5936},{0x7F, 0x0, 0x0, 0xFF}}},
};

Gfx castle_courtyard_dl_s_fire_entrance_mesh_layer_1_tri_2[] = {
	gsDPPipeSync(),
	gsDPTileSync(),
	gsDPSetTextureImage(G_IM_FMT_RGBA, G_IM_SIZ_16b, 248, castle_courtyard_dl_volcano_BG_ow1_rgba16),
	gsDPSetTile(G_IM_FMT_RGBA, G_IM_SIZ_16b, 8, 0, 7, 0, G_TX_CLAMP | G_TX_NOMIRROR, 0, 0, G_TX_CLAMP | G_TX_NOMIRROR, 0, 0),
	gsDPLoadSync(),
	gsDPLoadTile(7, 0, 736, 124, 988),
	gsDPPipeSync(),
	gsDPSetTile(G_IM_FMT_RGBA, G_IM_SIZ_16b, 8, 0, 0, 0, G_TX_CLAMP | G_TX_NOMIRROR, 0, 0, G_TX_CLAMP | G_TX_NOMIRROR, 0, 0),
	gsDPSetTileSize(0, 0, 736, 124, 988),
	gsSPVertex(castle_courtyard_dl_s_fire_entrance_mesh_layer_1_vtx_2 + 0, 6, 0),
	gsSP1Triangle(0, 1, 2, 0),
	gsSP1Triangle(3, 1, 0, 0),
	gsSP1Triangle(3, 4, 1, 0),
	gsSP1Triangle(0, 2, 5, 0),
	gsDPPipeSync(),
	gsDPTileSync(),
	gsDPSetTextureImage(G_IM_FMT_RGBA, G_IM_SIZ_16b, 248, castle_courtyard_dl_volcano_BG_ow1_rgba16),
	gsDPSetTile(G_IM_FMT_RGBA, G_IM_SIZ_16b, 9, 0, 7, 0, G_TX_CLAMP | G_TX_NOMIRROR, 0, 0, G_TX_CLAMP | G_TX_NOMIRROR, 0, 0),
	gsDPLoadSync(),
	gsDPLoadTile(7, 860, 860, 988, 988),
	gsDPPipeSync(),
	gsDPSetTile(G_IM_FMT_RGBA, G_IM_SIZ_16b, 9, 0, 0, 0, G_TX_CLAMP | G_TX_NOMIRROR, 0, 0, G_TX_CLAMP | G_TX_NOMIRROR, 0, 0),
	gsDPSetTileSize(0, 860, 860, 988, 988),
	gsSPVertex(castle_courtyard_dl_s_fire_entrance_mesh_layer_1_vtx_2 + 6, 4, 0),
	gsSP1Triangle(0, 1, 2, 0),
	gsSP1Triangle(0, 3, 1, 0),
	gsDPPipeSync(),
	gsDPTileSync(),
	gsDPSetTextureImage(G_IM_FMT_RGBA, G_IM_SIZ_16b, 248, castle_courtyard_dl_volcano_BG_ow1_rgba16),
	gsDPSetTile(G_IM_FMT_RGBA, G_IM_SIZ_16b, 9, 0, 7, 0, G_TX_CLAMP | G_TX_NOMIRROR, 0, 0, G_TX_CLAMP | G_TX_NOMIRROR, 0, 0),
	gsDPLoadSync(),
	gsDPLoadTile(7, 736, 860, 868, 988),
	gsDPPipeSync(),
	gsDPSetTile(G_IM_FMT_RGBA, G_IM_SIZ_16b, 9, 0, 0, 0, G_TX_CLAMP | G_TX_NOMIRROR, 0, 0, G_TX_CLAMP | G_TX_NOMIRROR, 0, 0),
	gsDPSetTileSize(0, 736, 860, 868, 988),
	gsSPVertex(castle_courtyard_dl_s_fire_entrance_mesh_layer_1_vtx_2 + 10, 4, 0),
	gsSP1Triangle(0, 1, 2, 0),
	gsSP1Triangle(0, 3, 1, 0),
	gsDPPipeSync(),
	gsDPTileSync(),
	gsDPSetTextureImage(G_IM_FMT_RGBA, G_IM_SIZ_16b, 248, castle_courtyard_dl_volcano_BG_ow1_rgba16),
	gsDPSetTile(G_IM_FMT_RGBA, G_IM_SIZ_16b, 9, 0, 7, 0, G_TX_CLAMP | G_TX_NOMIRROR, 0, 0, G_TX_CLAMP | G_TX_NOMIRROR, 0, 0),
	gsDPLoadSync(),
	gsDPLoadTile(7, 612, 860, 744, 988),
	gsDPPipeSync(),
	gsDPSetTile(G_IM_FMT_RGBA, G_IM_SIZ_16b, 9, 0, 0, 0, G_TX_CLAMP | G_TX_NOMIRROR, 0, 0, G_TX_CLAMP | G_TX_NOMIRROR, 0, 0),
	gsDPSetTileSize(0, 612, 860, 744, 988),
	gsSPVertex(castle_courtyard_dl_s_fire_entrance_mesh_layer_1_vtx_2 + 14, 4, 0),
	gsSP1Triangle(0, 1, 2, 0),
	gsSP1Triangle(0, 3, 1, 0),
	gsDPPipeSync(),
	gsDPTileSync(),
	gsDPSetTextureImage(G_IM_FMT_RGBA, G_IM_SIZ_16b, 248, castle_courtyard_dl_volcano_BG_ow1_rgba16),
	gsDPSetTile(G_IM_FMT_RGBA, G_IM_SIZ_16b, 9, 0, 7, 0, G_TX_CLAMP | G_TX_NOMIRROR, 0, 0, G_TX_CLAMP | G_TX_NOMIRROR, 0, 0),
	gsDPLoadSync(),
	gsDPLoadTile(7, 488, 860, 620, 988),
	gsDPPipeSync(),
	gsDPSetTile(G_IM_FMT_RGBA, G_IM_SIZ_16b, 9, 0, 0, 0, G_TX_CLAMP | G_TX_NOMIRROR, 0, 0, G_TX_CLAMP | G_TX_NOMIRROR, 0, 0),
	gsDPSetTileSize(0, 488, 860, 620, 988),
	gsSPVertex(castle_courtyard_dl_s_fire_entrance_mesh_layer_1_vtx_2 + 18, 4, 0),
	gsSP1Triangle(0, 1, 2, 0),
	gsSP1Triangle(0, 3, 1, 0),
	gsDPPipeSync(),
	gsDPTileSync(),
	gsDPSetTextureImage(G_IM_FMT_RGBA, G_IM_SIZ_16b, 248, castle_courtyard_dl_volcano_BG_ow1_rgba16),
	gsDPSetTile(G_IM_FMT_RGBA, G_IM_SIZ_16b, 9, 0, 7, 0, G_TX_CLAMP | G_TX_NOMIRROR, 0, 0, G_TX_CLAMP | G_TX_NOMIRROR, 0, 0),
	gsDPLoadSync(),
	gsDPLoadTile(7, 364, 860, 496, 988),
	gsDPPipeSync(),
	gsDPSetTile(G_IM_FMT_RGBA, G_IM_SIZ_16b, 9, 0, 0, 0, G_TX_CLAMP | G_TX_NOMIRROR, 0, 0, G_TX_CLAMP | G_TX_NOMIRROR, 0, 0),
	gsDPSetTileSize(0, 364, 860, 496, 988),
	gsSPVertex(castle_courtyard_dl_s_fire_entrance_mesh_layer_1_vtx_2 + 22, 4, 0),
	gsSP1Triangle(0, 1, 2, 0),
	gsSP1Triangle(0, 3, 1, 0),
	gsDPPipeSync(),
	gsDPTileSync(),
	gsDPSetTextureImage(G_IM_FMT_RGBA, G_IM_SIZ_16b, 248, castle_courtyard_dl_volcano_BG_ow1_rgba16),
	gsDPSetTile(G_IM_FMT_RGBA, G_IM_SIZ_16b, 9, 0, 7, 0, G_TX_CLAMP | G_TX_NOMIRROR, 0, 0, G_TX_CLAMP | G_TX_NOMIRROR, 0, 0),
	gsDPLoadSync(),
	gsDPLoadTile(7, 240, 860, 372, 988),
	gsDPPipeSync(),
	gsDPSetTile(G_IM_FMT_RGBA, G_IM_SIZ_16b, 9, 0, 0, 0, G_TX_CLAMP | G_TX_NOMIRROR, 0, 0, G_TX_CLAMP | G_TX_NOMIRROR, 0, 0),
	gsDPSetTileSize(0, 240, 860, 372, 988),
	gsSPVertex(castle_courtyard_dl_s_fire_entrance_mesh_layer_1_vtx_2 + 26, 4, 0),
	gsSP1Triangle(0, 1, 2, 0),
	gsSP1Triangle(0, 3, 1, 0),
	gsDPPipeSync(),
	gsDPTileSync(),
	gsDPSetTextureImage(G_IM_FMT_RGBA, G_IM_SIZ_16b, 248, castle_courtyard_dl_volcano_BG_ow1_rgba16),
	gsDPSetTile(G_IM_FMT_RGBA, G_IM_SIZ_16b, 9, 0, 7, 0, G_TX_CLAMP | G_TX_NOMIRROR, 0, 0, G_TX_CLAMP | G_TX_NOMIRROR, 0, 0),
	gsDPLoadSync(),
	gsDPLoadTile(7, 116, 860, 248, 988),
	gsDPPipeSync(),
	gsDPSetTile(G_IM_FMT_RGBA, G_IM_SIZ_16b, 9, 0, 0, 0, G_TX_CLAMP | G_TX_NOMIRROR, 0, 0, G_TX_CLAMP | G_TX_NOMIRROR, 0, 0),
	gsDPSetTileSize(0, 116, 860, 248, 988),
	gsSPVertex(castle_courtyard_dl_s_fire_entrance_mesh_layer_1_vtx_2 + 30, 4, 0),
	gsSP1Triangle(0, 1, 2, 0),
	gsSP1Triangle(0, 3, 1, 0),
	gsDPPipeSync(),
	gsDPTileSync(),
	gsDPSetTextureImage(G_IM_FMT_RGBA, G_IM_SIZ_16b, 248, castle_courtyard_dl_volcano_BG_ow1_rgba16),
	gsDPSetTile(G_IM_FMT_RGBA, G_IM_SIZ_16b, 16, 0, 7, 0, G_TX_CLAMP | G_TX_NOMIRROR, 0, 0, G_TX_CLAMP | G_TX_NOMIRROR, 0, 0),
	gsDPLoadSync(),
	gsDPLoadTile(7, 736, 0, 988, 124),
	gsDPPipeSync(),
	gsDPSetTile(G_IM_FMT_RGBA, G_IM_SIZ_16b, 16, 0, 0, 0, G_TX_CLAMP | G_TX_NOMIRROR, 0, 0, G_TX_CLAMP | G_TX_NOMIRROR, 0, 0),
	gsDPSetTileSize(0, 736, 0, 988, 124),
	gsSPVertex(castle_courtyard_dl_s_fire_entrance_mesh_layer_1_vtx_2 + 34, 6, 0),
	gsSP1Triangle(0, 1, 2, 0),
	gsSP1Triangle(1, 3, 2, 0),
	gsSP1Triangle(1, 4, 3, 0),
	gsSP1Triangle(0, 2, 5, 0),
	gsDPPipeSync(),
	gsDPTileSync(),
	gsDPSetTextureImage(G_IM_FMT_RGBA, G_IM_SIZ_16b, 248, castle_courtyard_dl_volcano_BG_ow1_rgba16),
	gsDPSetTile(G_IM_FMT_RGBA, G_IM_SIZ_16b, 9, 0, 7, 0, G_TX_CLAMP | G_TX_NOMIRROR, 0, 0, G_TX_CLAMP | G_TX_NOMIRROR, 0, 0),
	gsDPLoadSync(),
	gsDPLoadTile(7, 860, 116, 988, 248),
	gsDPPipeSync(),
	gsDPSetTile(G_IM_FMT_RGBA, G_IM_SIZ_16b, 9, 0, 0, 0, G_TX_CLAMP | G_TX_NOMIRROR, 0, 0, G_TX_CLAMP | G_TX_NOMIRROR, 0, 0),
	gsDPSetTileSize(0, 860, 116, 988, 248),
	gsSPVertex(castle_courtyard_dl_s_fire_entrance_mesh_layer_1_vtx_2 + 40, 4, 0),
	gsSP1Triangle(0, 1, 2, 0),
	gsSP1Triangle(0, 2, 3, 0),
	gsDPPipeSync(),
	gsDPTileSync(),
	gsDPSetTextureImage(G_IM_FMT_RGBA, G_IM_SIZ_16b, 248, castle_courtyard_dl_volcano_BG_ow1_rgba16),
	gsDPSetTile(G_IM_FMT_RGBA, G_IM_SIZ_16b, 9, 0, 7, 0, G_TX_CLAMP | G_TX_NOMIRROR, 0, 0, G_TX_CLAMP | G_TX_NOMIRROR, 0, 0),
	gsDPLoadSync(),
	gsDPLoadTile(7, 860, 240, 988, 372),
	gsDPPipeSync(),
	gsDPSetTile(G_IM_FMT_RGBA, G_IM_SIZ_16b, 9, 0, 0, 0, G_TX_CLAMP | G_TX_NOMIRROR, 0, 0, G_TX_CLAMP | G_TX_NOMIRROR, 0, 0),
	gsDPSetTileSize(0, 860, 240, 988, 372),
	gsSPVertex(castle_courtyard_dl_s_fire_entrance_mesh_layer_1_vtx_2 + 44, 4, 0),
	gsSP1Triangle(0, 1, 2, 0),
	gsSP1Triangle(0, 2, 3, 0),
	gsDPPipeSync(),
	gsDPTileSync(),
	gsDPSetTextureImage(G_IM_FMT_RGBA, G_IM_SIZ_16b, 248, castle_courtyard_dl_volcano_BG_ow1_rgba16),
	gsDPSetTile(G_IM_FMT_RGBA, G_IM_SIZ_16b, 9, 0, 7, 0, G_TX_CLAMP | G_TX_NOMIRROR, 0, 0, G_TX_CLAMP | G_TX_NOMIRROR, 0, 0),
	gsDPLoadSync(),
	gsDPLoadTile(7, 860, 364, 988, 496),
	gsDPPipeSync(),
	gsDPSetTile(G_IM_FMT_RGBA, G_IM_SIZ_16b, 9, 0, 0, 0, G_TX_CLAMP | G_TX_NOMIRROR, 0, 0, G_TX_CLAMP | G_TX_NOMIRROR, 0, 0),
	gsDPSetTileSize(0, 860, 364, 988, 496),
	gsSPVertex(castle_courtyard_dl_s_fire_entrance_mesh_layer_1_vtx_2 + 48, 4, 0),
	gsSP1Triangle(0, 1, 2, 0),
	gsSP1Triangle(0, 2, 3, 0),
	gsDPPipeSync(),
	gsDPTileSync(),
	gsDPSetTextureImage(G_IM_FMT_RGBA, G_IM_SIZ_16b, 248, castle_courtyard_dl_volcano_BG_ow1_rgba16),
	gsDPSetTile(G_IM_FMT_RGBA, G_IM_SIZ_16b, 9, 0, 7, 0, G_TX_CLAMP | G_TX_NOMIRROR, 0, 0, G_TX_CLAMP | G_TX_NOMIRROR, 0, 0),
	gsDPLoadSync(),
	gsDPLoadTile(7, 860, 488, 988, 620),
	gsDPPipeSync(),
	gsDPSetTile(G_IM_FMT_RGBA, G_IM_SIZ_16b, 9, 0, 0, 0, G_TX_CLAMP | G_TX_NOMIRROR, 0, 0, G_TX_CLAMP | G_TX_NOMIRROR, 0, 0),
	gsDPSetTileSize(0, 860, 488, 988, 620),
	gsSPVertex(castle_courtyard_dl_s_fire_entrance_mesh_layer_1_vtx_2 + 52, 4, 0),
	gsSP1Triangle(0, 1, 2, 0),
	gsSP1Triangle(0, 2, 3, 0),
	gsDPPipeSync(),
	gsDPTileSync(),
	gsDPSetTextureImage(G_IM_FMT_RGBA, G_IM_SIZ_16b, 248, castle_courtyard_dl_volcano_BG_ow1_rgba16),
	gsDPSetTile(G_IM_FMT_RGBA, G_IM_SIZ_16b, 9, 0, 7, 0, G_TX_CLAMP | G_TX_NOMIRROR, 0, 0, G_TX_CLAMP | G_TX_NOMIRROR, 0, 0),
	gsDPLoadSync(),
	gsDPLoadTile(7, 860, 612, 988, 744),
	gsDPPipeSync(),
	gsDPSetTile(G_IM_FMT_RGBA, G_IM_SIZ_16b, 9, 0, 0, 0, G_TX_CLAMP | G_TX_NOMIRROR, 0, 0, G_TX_CLAMP | G_TX_NOMIRROR, 0, 0),
	gsDPSetTileSize(0, 860, 612, 988, 744),
	gsSPVertex(castle_courtyard_dl_s_fire_entrance_mesh_layer_1_vtx_2 + 56, 4, 0),
	gsSP1Triangle(0, 1, 2, 0),
	gsSP1Triangle(0, 2, 3, 0),
	gsDPPipeSync(),
	gsDPTileSync(),
	gsDPSetTextureImage(G_IM_FMT_RGBA, G_IM_SIZ_16b, 248, castle_courtyard_dl_volcano_BG_ow1_rgba16),
	gsDPSetTile(G_IM_FMT_RGBA, G_IM_SIZ_16b, 9, 0, 7, 0, G_TX_CLAMP | G_TX_NOMIRROR, 0, 0, G_TX_CLAMP | G_TX_NOMIRROR, 0, 0),
	gsDPLoadSync(),
	gsDPLoadTile(7, 860, 736, 988, 868),
	gsDPPipeSync(),
	gsDPSetTile(G_IM_FMT_RGBA, G_IM_SIZ_16b, 9, 0, 0, 0, G_TX_CLAMP | G_TX_NOMIRROR, 0, 0, G_TX_CLAMP | G_TX_NOMIRROR, 0, 0),
	gsDPSetTileSize(0, 860, 736, 988, 868),
	gsSPVertex(castle_courtyard_dl_s_fire_entrance_mesh_layer_1_vtx_2 + 60, 4, 0),
	gsSP1Triangle(0, 1, 2, 0),
	gsSP1Triangle(0, 3, 1, 0),
	gsDPPipeSync(),
	gsDPTileSync(),
	gsDPSetTextureImage(G_IM_FMT_RGBA, G_IM_SIZ_16b, 248, castle_courtyard_dl_volcano_BG_ow1_rgba16),
	gsDPSetTile(G_IM_FMT_RGBA, G_IM_SIZ_16b, 9, 0, 7, 0, G_TX_CLAMP | G_TX_NOMIRROR, 0, 0, G_TX_CLAMP | G_TX_NOMIRROR, 0, 0),
	gsDPLoadSync(),
	gsDPLoadTile(7, 736, 116, 868, 248),
	gsDPPipeSync(),
	gsDPSetTile(G_IM_FMT_RGBA, G_IM_SIZ_16b, 9, 0, 0, 0, G_TX_CLAMP | G_TX_NOMIRROR, 0, 0, G_TX_CLAMP | G_TX_NOMIRROR, 0, 0),
	gsDPSetTileSize(0, 736, 116, 868, 248),
	gsSPVertex(castle_courtyard_dl_s_fire_entrance_mesh_layer_1_vtx_2 + 64, 4, 0),
	gsSP1Triangle(0, 1, 2, 0),
	gsSP1Triangle(0, 2, 3, 0),
	gsDPPipeSync(),
	gsDPTileSync(),
	gsDPSetTextureImage(G_IM_FMT_RGBA, G_IM_SIZ_16b, 248, castle_courtyard_dl_volcano_BG_ow1_rgba16),
	gsDPSetTile(G_IM_FMT_RGBA, G_IM_SIZ_16b, 9, 0, 7, 0, G_TX_CLAMP | G_TX_NOMIRROR, 0, 0, G_TX_CLAMP | G_TX_NOMIRROR, 0, 0),
	gsDPLoadSync(),
	gsDPLoadTile(7, 736, 240, 868, 372),
	gsDPPipeSync(),
	gsDPSetTile(G_IM_FMT_RGBA, G_IM_SIZ_16b, 9, 0, 0, 0, G_TX_CLAMP | G_TX_NOMIRROR, 0, 0, G_TX_CLAMP | G_TX_NOMIRROR, 0, 0),
	gsDPSetTileSize(0, 736, 240, 868, 372),
	gsSPVertex(castle_courtyard_dl_s_fire_entrance_mesh_layer_1_vtx_2 + 68, 4, 0),
	gsSP1Triangle(0, 1, 2, 0),
	gsSP1Triangle(0, 2, 3, 0),
	gsDPPipeSync(),
	gsDPTileSync(),
	gsDPSetTextureImage(G_IM_FMT_RGBA, G_IM_SIZ_16b, 248, castle_courtyard_dl_volcano_BG_ow1_rgba16),
	gsDPSetTile(G_IM_FMT_RGBA, G_IM_SIZ_16b, 9, 0, 7, 0, G_TX_CLAMP | G_TX_NOMIRROR, 0, 0, G_TX_CLAMP | G_TX_NOMIRROR, 0, 0),
	gsDPLoadSync(),
	gsDPLoadTile(7, 736, 364, 868, 496),
	gsDPPipeSync(),
	gsDPSetTile(G_IM_FMT_RGBA, G_IM_SIZ_16b, 9, 0, 0, 0, G_TX_CLAMP | G_TX_NOMIRROR, 0, 0, G_TX_CLAMP | G_TX_NOMIRROR, 0, 0),
	gsDPSetTileSize(0, 736, 364, 868, 496),
	gsSPVertex(castle_courtyard_dl_s_fire_entrance_mesh_layer_1_vtx_2 + 72, 4, 0),
	gsSP1Triangle(0, 1, 2, 0),
	gsSP1Triangle(0, 2, 3, 0),
	gsDPPipeSync(),
	gsDPTileSync(),
	gsDPSetTextureImage(G_IM_FMT_RGBA, G_IM_SIZ_16b, 248, castle_courtyard_dl_volcano_BG_ow1_rgba16),
	gsDPSetTile(G_IM_FMT_RGBA, G_IM_SIZ_16b, 9, 0, 7, 0, G_TX_CLAMP | G_TX_NOMIRROR, 0, 0, G_TX_CLAMP | G_TX_NOMIRROR, 0, 0),
	gsDPLoadSync(),
	gsDPLoadTile(7, 736, 488, 868, 620),
	gsDPPipeSync(),
	gsDPSetTile(G_IM_FMT_RGBA, G_IM_SIZ_16b, 9, 0, 0, 0, G_TX_CLAMP | G_TX_NOMIRROR, 0, 0, G_TX_CLAMP | G_TX_NOMIRROR, 0, 0),
	gsDPSetTileSize(0, 736, 488, 868, 620),
	gsSPVertex(castle_courtyard_dl_s_fire_entrance_mesh_layer_1_vtx_2 + 76, 4, 0),
	gsSP1Triangle(0, 1, 2, 0),
	gsSP1Triangle(0, 2, 3, 0),
	gsDPPipeSync(),
	gsDPTileSync(),
	gsDPSetTextureImage(G_IM_FMT_RGBA, G_IM_SIZ_16b, 248, castle_courtyard_dl_volcano_BG_ow1_rgba16),
	gsDPSetTile(G_IM_FMT_RGBA, G_IM_SIZ_16b, 9, 0, 7, 0, G_TX_CLAMP | G_TX_NOMIRROR, 0, 0, G_TX_CLAMP | G_TX_NOMIRROR, 0, 0),
	gsDPLoadSync(),
	gsDPLoadTile(7, 736, 612, 868, 744),
	gsDPPipeSync(),
	gsDPSetTile(G_IM_FMT_RGBA, G_IM_SIZ_16b, 9, 0, 0, 0, G_TX_CLAMP | G_TX_NOMIRROR, 0, 0, G_TX_CLAMP | G_TX_NOMIRROR, 0, 0),
	gsDPSetTileSize(0, 736, 612, 868, 744),
	gsSPVertex(castle_courtyard_dl_s_fire_entrance_mesh_layer_1_vtx_2 + 80, 4, 0),
	gsSP1Triangle(0, 1, 2, 0),
	gsSP1Triangle(0, 2, 3, 0),
	gsDPPipeSync(),
	gsDPTileSync(),
	gsDPSetTextureImage(G_IM_FMT_RGBA, G_IM_SIZ_16b, 248, castle_courtyard_dl_volcano_BG_ow1_rgba16),
	gsDPSetTile(G_IM_FMT_RGBA, G_IM_SIZ_16b, 9, 0, 7, 0, G_TX_CLAMP | G_TX_NOMIRROR, 0, 0, G_TX_CLAMP | G_TX_NOMIRROR, 0, 0),
	gsDPLoadSync(),
	gsDPLoadTile(7, 736, 736, 868, 868),
	gsDPPipeSync(),
	gsDPSetTile(G_IM_FMT_RGBA, G_IM_SIZ_16b, 9, 0, 0, 0, G_TX_CLAMP | G_TX_NOMIRROR, 0, 0, G_TX_CLAMP | G_TX_NOMIRROR, 0, 0),
	gsDPSetTileSize(0, 736, 736, 868, 868),
	gsSPVertex(castle_courtyard_dl_s_fire_entrance_mesh_layer_1_vtx_2 + 84, 4, 0),
	gsSP1Triangle(0, 1, 2, 0),
	gsSP1Triangle(0, 3, 1, 0),
	gsDPPipeSync(),
	gsDPTileSync(),
	gsDPSetTextureImage(G_IM_FMT_RGBA, G_IM_SIZ_16b, 248, castle_courtyard_dl_volcano_BG_ow1_rgba16),
	gsDPSetTile(G_IM_FMT_RGBA, G_IM_SIZ_16b, 9, 0, 7, 0, G_TX_CLAMP | G_TX_NOMIRROR, 0, 0, G_TX_CLAMP | G_TX_NOMIRROR, 0, 0),
	gsDPLoadSync(),
	gsDPLoadTile(7, 612, 0, 744, 124),
	gsDPPipeSync(),
	gsDPSetTile(G_IM_FMT_RGBA, G_IM_SIZ_16b, 9, 0, 0, 0, G_TX_CLAMP | G_TX_NOMIRROR, 0, 0, G_TX_CLAMP | G_TX_NOMIRROR, 0, 0),
	gsDPSetTileSize(0, 612, 0, 744, 124),
	gsSPVertex(castle_courtyard_dl_s_fire_entrance_mesh_layer_1_vtx_2 + 88, 4, 0),
	gsSP1Triangle(0, 1, 2, 0),
	gsSP1Triangle(0, 2, 3, 0),
	gsDPPipeSync(),
	gsDPTileSync(),
	gsDPSetTextureImage(G_IM_FMT_RGBA, G_IM_SIZ_16b, 248, castle_courtyard_dl_volcano_BG_ow1_rgba16),
	gsDPSetTile(G_IM_FMT_RGBA, G_IM_SIZ_16b, 9, 0, 7, 0, G_TX_CLAMP | G_TX_NOMIRROR, 0, 0, G_TX_CLAMP | G_TX_NOMIRROR, 0, 0),
	gsDPLoadSync(),
	gsDPLoadTile(7, 612, 116, 744, 248),
	gsDPPipeSync(),
	gsDPSetTile(G_IM_FMT_RGBA, G_IM_SIZ_16b, 9, 0, 0, 0, G_TX_CLAMP | G_TX_NOMIRROR, 0, 0, G_TX_CLAMP | G_TX_NOMIRROR, 0, 0),
	gsDPSetTileSize(0, 612, 116, 744, 248),
	gsSPVertex(castle_courtyard_dl_s_fire_entrance_mesh_layer_1_vtx_2 + 92, 4, 0),
	gsSP1Triangle(0, 1, 2, 0),
	gsSP1Triangle(0, 2, 3, 0),
	gsDPPipeSync(),
	gsDPTileSync(),
	gsDPSetTextureImage(G_IM_FMT_RGBA, G_IM_SIZ_16b, 248, castle_courtyard_dl_volcano_BG_ow1_rgba16),
	gsDPSetTile(G_IM_FMT_RGBA, G_IM_SIZ_16b, 9, 0, 7, 0, G_TX_CLAMP | G_TX_NOMIRROR, 0, 0, G_TX_CLAMP | G_TX_NOMIRROR, 0, 0),
	gsDPLoadSync(),
	gsDPLoadTile(7, 612, 240, 744, 372),
	gsDPPipeSync(),
	gsDPSetTile(G_IM_FMT_RGBA, G_IM_SIZ_16b, 9, 0, 0, 0, G_TX_CLAMP | G_TX_NOMIRROR, 0, 0, G_TX_CLAMP | G_TX_NOMIRROR, 0, 0),
	gsDPSetTileSize(0, 612, 240, 744, 372),
	gsSPVertex(castle_courtyard_dl_s_fire_entrance_mesh_layer_1_vtx_2 + 96, 4, 0),
	gsSP1Triangle(0, 1, 2, 0),
	gsSP1Triangle(0, 2, 3, 0),
	gsDPPipeSync(),
	gsDPTileSync(),
	gsDPSetTextureImage(G_IM_FMT_RGBA, G_IM_SIZ_16b, 248, castle_courtyard_dl_volcano_BG_ow1_rgba16),
	gsDPSetTile(G_IM_FMT_RGBA, G_IM_SIZ_16b, 9, 0, 7, 0, G_TX_CLAMP | G_TX_NOMIRROR, 0, 0, G_TX_CLAMP | G_TX_NOMIRROR, 0, 0),
	gsDPLoadSync(),
	gsDPLoadTile(7, 612, 364, 744, 496),
	gsDPPipeSync(),
	gsDPSetTile(G_IM_FMT_RGBA, G_IM_SIZ_16b, 9, 0, 0, 0, G_TX_CLAMP | G_TX_NOMIRROR, 0, 0, G_TX_CLAMP | G_TX_NOMIRROR, 0, 0),
	gsDPSetTileSize(0, 612, 364, 744, 496),
	gsSPVertex(castle_courtyard_dl_s_fire_entrance_mesh_layer_1_vtx_2 + 100, 4, 0),
	gsSP1Triangle(0, 1, 2, 0),
	gsSP1Triangle(0, 2, 3, 0),
	gsDPPipeSync(),
	gsDPTileSync(),
	gsDPSetTextureImage(G_IM_FMT_RGBA, G_IM_SIZ_16b, 248, castle_courtyard_dl_volcano_BG_ow1_rgba16),
	gsDPSetTile(G_IM_FMT_RGBA, G_IM_SIZ_16b, 9, 0, 7, 0, G_TX_CLAMP | G_TX_NOMIRROR, 0, 0, G_TX_CLAMP | G_TX_NOMIRROR, 0, 0),
	gsDPLoadSync(),
	gsDPLoadTile(7, 612, 488, 744, 620),
	gsDPPipeSync(),
	gsDPSetTile(G_IM_FMT_RGBA, G_IM_SIZ_16b, 9, 0, 0, 0, G_TX_CLAMP | G_TX_NOMIRROR, 0, 0, G_TX_CLAMP | G_TX_NOMIRROR, 0, 0),
	gsDPSetTileSize(0, 612, 488, 744, 620),
	gsSPVertex(castle_courtyard_dl_s_fire_entrance_mesh_layer_1_vtx_2 + 104, 4, 0),
	gsSP1Triangle(0, 1, 2, 0),
	gsSP1Triangle(0, 2, 3, 0),
	gsDPPipeSync(),
	gsDPTileSync(),
	gsDPSetTextureImage(G_IM_FMT_RGBA, G_IM_SIZ_16b, 248, castle_courtyard_dl_volcano_BG_ow1_rgba16),
	gsDPSetTile(G_IM_FMT_RGBA, G_IM_SIZ_16b, 9, 0, 7, 0, G_TX_CLAMP | G_TX_NOMIRROR, 0, 0, G_TX_CLAMP | G_TX_NOMIRROR, 0, 0),
	gsDPLoadSync(),
	gsDPLoadTile(7, 612, 612, 744, 744),
	gsDPPipeSync(),
	gsDPSetTile(G_IM_FMT_RGBA, G_IM_SIZ_16b, 9, 0, 0, 0, G_TX_CLAMP | G_TX_NOMIRROR, 0, 0, G_TX_CLAMP | G_TX_NOMIRROR, 0, 0),
	gsDPSetTileSize(0, 612, 612, 744, 744),
	gsSPVertex(castle_courtyard_dl_s_fire_entrance_mesh_layer_1_vtx_2 + 108, 4, 0),
	gsSP1Triangle(0, 1, 2, 0),
	gsSP1Triangle(0, 2, 3, 0),
	gsDPPipeSync(),
	gsDPTileSync(),
	gsDPSetTextureImage(G_IM_FMT_RGBA, G_IM_SIZ_16b, 248, castle_courtyard_dl_volcano_BG_ow1_rgba16),
	gsDPSetTile(G_IM_FMT_RGBA, G_IM_SIZ_16b, 9, 0, 7, 0, G_TX_CLAMP | G_TX_NOMIRROR, 0, 0, G_TX_CLAMP | G_TX_NOMIRROR, 0, 0),
	gsDPLoadSync(),
	gsDPLoadTile(7, 612, 736, 744, 868),
	gsDPPipeSync(),
	gsDPSetTile(G_IM_FMT_RGBA, G_IM_SIZ_16b, 9, 0, 0, 0, G_TX_CLAMP | G_TX_NOMIRROR, 0, 0, G_TX_CLAMP | G_TX_NOMIRROR, 0, 0),
	gsDPSetTileSize(0, 612, 736, 744, 868),
	gsSPVertex(castle_courtyard_dl_s_fire_entrance_mesh_layer_1_vtx_2 + 112, 4, 0),
	gsSP1Triangle(0, 1, 2, 0),
	gsSP1Triangle(0, 3, 1, 0),
	gsDPPipeSync(),
	gsDPTileSync(),
	gsDPSetTextureImage(G_IM_FMT_RGBA, G_IM_SIZ_16b, 248, castle_courtyard_dl_volcano_BG_ow1_rgba16),
	gsDPSetTile(G_IM_FMT_RGBA, G_IM_SIZ_16b, 9, 0, 7, 0, G_TX_CLAMP | G_TX_NOMIRROR, 0, 0, G_TX_CLAMP | G_TX_NOMIRROR, 0, 0),
	gsDPLoadSync(),
	gsDPLoadTile(7, 488, 0, 620, 124),
	gsDPPipeSync(),
	gsDPSetTile(G_IM_FMT_RGBA, G_IM_SIZ_16b, 9, 0, 0, 0, G_TX_CLAMP | G_TX_NOMIRROR, 0, 0, G_TX_CLAMP | G_TX_NOMIRROR, 0, 0),
	gsDPSetTileSize(0, 488, 0, 620, 124),
	gsSPVertex(castle_courtyard_dl_s_fire_entrance_mesh_layer_1_vtx_2 + 116, 4, 0),
	gsSP1Triangle(0, 1, 2, 0),
	gsSP1Triangle(0, 2, 3, 0),
	gsDPPipeSync(),
	gsDPTileSync(),
	gsDPSetTextureImage(G_IM_FMT_RGBA, G_IM_SIZ_16b, 248, castle_courtyard_dl_volcano_BG_ow1_rgba16),
	gsDPSetTile(G_IM_FMT_RGBA, G_IM_SIZ_16b, 9, 0, 7, 0, G_TX_CLAMP | G_TX_NOMIRROR, 0, 0, G_TX_CLAMP | G_TX_NOMIRROR, 0, 0),
	gsDPLoadSync(),
	gsDPLoadTile(7, 488, 116, 620, 248),
	gsDPPipeSync(),
	gsDPSetTile(G_IM_FMT_RGBA, G_IM_SIZ_16b, 9, 0, 0, 0, G_TX_CLAMP | G_TX_NOMIRROR, 0, 0, G_TX_CLAMP | G_TX_NOMIRROR, 0, 0),
	gsDPSetTileSize(0, 488, 116, 620, 248),
	gsSPVertex(castle_courtyard_dl_s_fire_entrance_mesh_layer_1_vtx_2 + 120, 4, 0),
	gsSP1Triangle(0, 1, 2, 0),
	gsSP1Triangle(0, 2, 3, 0),
	gsDPPipeSync(),
	gsDPTileSync(),
	gsDPSetTextureImage(G_IM_FMT_RGBA, G_IM_SIZ_16b, 248, castle_courtyard_dl_volcano_BG_ow1_rgba16),
	gsDPSetTile(G_IM_FMT_RGBA, G_IM_SIZ_16b, 9, 0, 7, 0, G_TX_CLAMP | G_TX_NOMIRROR, 0, 0, G_TX_CLAMP | G_TX_NOMIRROR, 0, 0),
	gsDPLoadSync(),
	gsDPLoadTile(7, 488, 240, 620, 372),
	gsDPPipeSync(),
	gsDPSetTile(G_IM_FMT_RGBA, G_IM_SIZ_16b, 9, 0, 0, 0, G_TX_CLAMP | G_TX_NOMIRROR, 0, 0, G_TX_CLAMP | G_TX_NOMIRROR, 0, 0),
	gsDPSetTileSize(0, 488, 240, 620, 372),
	gsSPVertex(castle_courtyard_dl_s_fire_entrance_mesh_layer_1_vtx_2 + 124, 4, 0),
	gsSP1Triangle(0, 1, 2, 0),
	gsSP1Triangle(0, 2, 3, 0),
	gsDPPipeSync(),
	gsDPTileSync(),
	gsDPSetTextureImage(G_IM_FMT_RGBA, G_IM_SIZ_16b, 248, castle_courtyard_dl_volcano_BG_ow1_rgba16),
	gsDPSetTile(G_IM_FMT_RGBA, G_IM_SIZ_16b, 9, 0, 7, 0, G_TX_CLAMP | G_TX_NOMIRROR, 0, 0, G_TX_CLAMP | G_TX_NOMIRROR, 0, 0),
	gsDPLoadSync(),
	gsDPLoadTile(7, 488, 364, 620, 496),
	gsDPPipeSync(),
	gsDPSetTile(G_IM_FMT_RGBA, G_IM_SIZ_16b, 9, 0, 0, 0, G_TX_CLAMP | G_TX_NOMIRROR, 0, 0, G_TX_CLAMP | G_TX_NOMIRROR, 0, 0),
	gsDPSetTileSize(0, 488, 364, 620, 496),
	gsSPVertex(castle_courtyard_dl_s_fire_entrance_mesh_layer_1_vtx_2 + 128, 4, 0),
	gsSP1Triangle(0, 1, 2, 0),
	gsSP1Triangle(0, 2, 3, 0),
	gsDPPipeSync(),
	gsDPTileSync(),
	gsDPSetTextureImage(G_IM_FMT_RGBA, G_IM_SIZ_16b, 248, castle_courtyard_dl_volcano_BG_ow1_rgba16),
	gsDPSetTile(G_IM_FMT_RGBA, G_IM_SIZ_16b, 9, 0, 7, 0, G_TX_CLAMP | G_TX_NOMIRROR, 0, 0, G_TX_CLAMP | G_TX_NOMIRROR, 0, 0),
	gsDPLoadSync(),
	gsDPLoadTile(7, 488, 488, 620, 620),
	gsDPPipeSync(),
	gsDPSetTile(G_IM_FMT_RGBA, G_IM_SIZ_16b, 9, 0, 0, 0, G_TX_CLAMP | G_TX_NOMIRROR, 0, 0, G_TX_CLAMP | G_TX_NOMIRROR, 0, 0),
	gsDPSetTileSize(0, 488, 488, 620, 620),
	gsSPVertex(castle_courtyard_dl_s_fire_entrance_mesh_layer_1_vtx_2 + 132, 4, 0),
	gsSP1Triangle(0, 1, 2, 0),
	gsSP1Triangle(0, 2, 3, 0),
	gsDPPipeSync(),
	gsDPTileSync(),
	gsDPSetTextureImage(G_IM_FMT_RGBA, G_IM_SIZ_16b, 248, castle_courtyard_dl_volcano_BG_ow1_rgba16),
	gsDPSetTile(G_IM_FMT_RGBA, G_IM_SIZ_16b, 9, 0, 7, 0, G_TX_CLAMP | G_TX_NOMIRROR, 0, 0, G_TX_CLAMP | G_TX_NOMIRROR, 0, 0),
	gsDPLoadSync(),
	gsDPLoadTile(7, 488, 612, 620, 744),
	gsDPPipeSync(),
	gsDPSetTile(G_IM_FMT_RGBA, G_IM_SIZ_16b, 9, 0, 0, 0, G_TX_CLAMP | G_TX_NOMIRROR, 0, 0, G_TX_CLAMP | G_TX_NOMIRROR, 0, 0),
	gsDPSetTileSize(0, 488, 612, 620, 744),
	gsSPVertex(castle_courtyard_dl_s_fire_entrance_mesh_layer_1_vtx_2 + 136, 4, 0),
	gsSP1Triangle(0, 1, 2, 0),
	gsSP1Triangle(0, 2, 3, 0),
	gsDPPipeSync(),
	gsDPTileSync(),
	gsDPSetTextureImage(G_IM_FMT_RGBA, G_IM_SIZ_16b, 248, castle_courtyard_dl_volcano_BG_ow1_rgba16),
	gsDPSetTile(G_IM_FMT_RGBA, G_IM_SIZ_16b, 9, 0, 7, 0, G_TX_CLAMP | G_TX_NOMIRROR, 0, 0, G_TX_CLAMP | G_TX_NOMIRROR, 0, 0),
	gsDPLoadSync(),
	gsDPLoadTile(7, 488, 736, 620, 868),
	gsDPPipeSync(),
	gsDPSetTile(G_IM_FMT_RGBA, G_IM_SIZ_16b, 9, 0, 0, 0, G_TX_CLAMP | G_TX_NOMIRROR, 0, 0, G_TX_CLAMP | G_TX_NOMIRROR, 0, 0),
	gsDPSetTileSize(0, 488, 736, 620, 868),
	gsSPVertex(castle_courtyard_dl_s_fire_entrance_mesh_layer_1_vtx_2 + 140, 4, 0),
	gsSP1Triangle(0, 1, 2, 0),
	gsSP1Triangle(0, 3, 1, 0),
	gsDPPipeSync(),
	gsDPTileSync(),
	gsDPSetTextureImage(G_IM_FMT_RGBA, G_IM_SIZ_16b, 248, castle_courtyard_dl_volcano_BG_ow1_rgba16),
	gsDPSetTile(G_IM_FMT_RGBA, G_IM_SIZ_16b, 9, 0, 7, 0, G_TX_CLAMP | G_TX_NOMIRROR, 0, 0, G_TX_CLAMP | G_TX_NOMIRROR, 0, 0),
	gsDPLoadSync(),
	gsDPLoadTile(7, 364, 0, 496, 124),
	gsDPPipeSync(),
	gsDPSetTile(G_IM_FMT_RGBA, G_IM_SIZ_16b, 9, 0, 0, 0, G_TX_CLAMP | G_TX_NOMIRROR, 0, 0, G_TX_CLAMP | G_TX_NOMIRROR, 0, 0),
	gsDPSetTileSize(0, 364, 0, 496, 124),
	gsSPVertex(castle_courtyard_dl_s_fire_entrance_mesh_layer_1_vtx_2 + 144, 4, 0),
	gsSP1Triangle(0, 1, 2, 0),
	gsSP1Triangle(0, 2, 3, 0),
	gsDPPipeSync(),
	gsDPTileSync(),
	gsDPSetTextureImage(G_IM_FMT_RGBA, G_IM_SIZ_16b, 248, castle_courtyard_dl_volcano_BG_ow1_rgba16),
	gsDPSetTile(G_IM_FMT_RGBA, G_IM_SIZ_16b, 9, 0, 7, 0, G_TX_CLAMP | G_TX_NOMIRROR, 0, 0, G_TX_CLAMP | G_TX_NOMIRROR, 0, 0),
	gsDPLoadSync(),
	gsDPLoadTile(7, 364, 116, 496, 248),
	gsDPPipeSync(),
	gsDPSetTile(G_IM_FMT_RGBA, G_IM_SIZ_16b, 9, 0, 0, 0, G_TX_CLAMP | G_TX_NOMIRROR, 0, 0, G_TX_CLAMP | G_TX_NOMIRROR, 0, 0),
	gsDPSetTileSize(0, 364, 116, 496, 248),
	gsSPVertex(castle_courtyard_dl_s_fire_entrance_mesh_layer_1_vtx_2 + 148, 4, 0),
	gsSP1Triangle(0, 1, 2, 0),
	gsSP1Triangle(0, 2, 3, 0),
	gsDPPipeSync(),
	gsDPTileSync(),
	gsDPSetTextureImage(G_IM_FMT_RGBA, G_IM_SIZ_16b, 248, castle_courtyard_dl_volcano_BG_ow1_rgba16),
	gsDPSetTile(G_IM_FMT_RGBA, G_IM_SIZ_16b, 9, 0, 7, 0, G_TX_CLAMP | G_TX_NOMIRROR, 0, 0, G_TX_CLAMP | G_TX_NOMIRROR, 0, 0),
	gsDPLoadSync(),
	gsDPLoadTile(7, 364, 240, 496, 372),
	gsDPPipeSync(),
	gsDPSetTile(G_IM_FMT_RGBA, G_IM_SIZ_16b, 9, 0, 0, 0, G_TX_CLAMP | G_TX_NOMIRROR, 0, 0, G_TX_CLAMP | G_TX_NOMIRROR, 0, 0),
	gsDPSetTileSize(0, 364, 240, 496, 372),
	gsSPVertex(castle_courtyard_dl_s_fire_entrance_mesh_layer_1_vtx_2 + 152, 4, 0),
	gsSP1Triangle(0, 1, 2, 0),
	gsSP1Triangle(0, 2, 3, 0),
	gsDPPipeSync(),
	gsDPTileSync(),
	gsDPSetTextureImage(G_IM_FMT_RGBA, G_IM_SIZ_16b, 248, castle_courtyard_dl_volcano_BG_ow1_rgba16),
	gsDPSetTile(G_IM_FMT_RGBA, G_IM_SIZ_16b, 9, 0, 7, 0, G_TX_CLAMP | G_TX_NOMIRROR, 0, 0, G_TX_CLAMP | G_TX_NOMIRROR, 0, 0),
	gsDPLoadSync(),
	gsDPLoadTile(7, 364, 364, 496, 496),
	gsDPPipeSync(),
	gsDPSetTile(G_IM_FMT_RGBA, G_IM_SIZ_16b, 9, 0, 0, 0, G_TX_CLAMP | G_TX_NOMIRROR, 0, 0, G_TX_CLAMP | G_TX_NOMIRROR, 0, 0),
	gsDPSetTileSize(0, 364, 364, 496, 496),
	gsSPVertex(castle_courtyard_dl_s_fire_entrance_mesh_layer_1_vtx_2 + 156, 4, 0),
	gsSP1Triangle(0, 1, 2, 0),
	gsSP1Triangle(0, 2, 3, 0),
	gsDPPipeSync(),
	gsDPTileSync(),
	gsDPSetTextureImage(G_IM_FMT_RGBA, G_IM_SIZ_16b, 248, castle_courtyard_dl_volcano_BG_ow1_rgba16),
	gsDPSetTile(G_IM_FMT_RGBA, G_IM_SIZ_16b, 9, 0, 7, 0, G_TX_CLAMP | G_TX_NOMIRROR, 0, 0, G_TX_CLAMP | G_TX_NOMIRROR, 0, 0),
	gsDPLoadSync(),
	gsDPLoadTile(7, 364, 488, 496, 620),
	gsDPPipeSync(),
	gsDPSetTile(G_IM_FMT_RGBA, G_IM_SIZ_16b, 9, 0, 0, 0, G_TX_CLAMP | G_TX_NOMIRROR, 0, 0, G_TX_CLAMP | G_TX_NOMIRROR, 0, 0),
	gsDPSetTileSize(0, 364, 488, 496, 620),
	gsSPVertex(castle_courtyard_dl_s_fire_entrance_mesh_layer_1_vtx_2 + 160, 4, 0),
	gsSP1Triangle(0, 1, 2, 0),
	gsSP1Triangle(0, 2, 3, 0),
	gsDPPipeSync(),
	gsDPTileSync(),
	gsDPSetTextureImage(G_IM_FMT_RGBA, G_IM_SIZ_16b, 248, castle_courtyard_dl_volcano_BG_ow1_rgba16),
	gsDPSetTile(G_IM_FMT_RGBA, G_IM_SIZ_16b, 9, 0, 7, 0, G_TX_CLAMP | G_TX_NOMIRROR, 0, 0, G_TX_CLAMP | G_TX_NOMIRROR, 0, 0),
	gsDPLoadSync(),
	gsDPLoadTile(7, 364, 612, 496, 744),
	gsDPPipeSync(),
	gsDPSetTile(G_IM_FMT_RGBA, G_IM_SIZ_16b, 9, 0, 0, 0, G_TX_CLAMP | G_TX_NOMIRROR, 0, 0, G_TX_CLAMP | G_TX_NOMIRROR, 0, 0),
	gsDPSetTileSize(0, 364, 612, 496, 744),
	gsSPVertex(castle_courtyard_dl_s_fire_entrance_mesh_layer_1_vtx_2 + 164, 4, 0),
	gsSP1Triangle(0, 1, 2, 0),
	gsSP1Triangle(0, 2, 3, 0),
	gsDPPipeSync(),
	gsDPTileSync(),
	gsDPSetTextureImage(G_IM_FMT_RGBA, G_IM_SIZ_16b, 248, castle_courtyard_dl_volcano_BG_ow1_rgba16),
	gsDPSetTile(G_IM_FMT_RGBA, G_IM_SIZ_16b, 9, 0, 7, 0, G_TX_CLAMP | G_TX_NOMIRROR, 0, 0, G_TX_CLAMP | G_TX_NOMIRROR, 0, 0),
	gsDPLoadSync(),
	gsDPLoadTile(7, 364, 736, 496, 868),
	gsDPPipeSync(),
	gsDPSetTile(G_IM_FMT_RGBA, G_IM_SIZ_16b, 9, 0, 0, 0, G_TX_CLAMP | G_TX_NOMIRROR, 0, 0, G_TX_CLAMP | G_TX_NOMIRROR, 0, 0),
	gsDPSetTileSize(0, 364, 736, 496, 868),
	gsSPVertex(castle_courtyard_dl_s_fire_entrance_mesh_layer_1_vtx_2 + 168, 4, 0),
	gsSP1Triangle(0, 1, 2, 0),
	gsSP1Triangle(0, 3, 1, 0),
	gsDPPipeSync(),
	gsDPTileSync(),
	gsDPSetTextureImage(G_IM_FMT_RGBA, G_IM_SIZ_16b, 248, castle_courtyard_dl_volcano_BG_ow1_rgba16),
	gsDPSetTile(G_IM_FMT_RGBA, G_IM_SIZ_16b, 9, 0, 7, 0, G_TX_CLAMP | G_TX_NOMIRROR, 0, 0, G_TX_CLAMP | G_TX_NOMIRROR, 0, 0),
	gsDPLoadSync(),
	gsDPLoadTile(7, 240, 0, 372, 124),
	gsDPPipeSync(),
	gsDPSetTile(G_IM_FMT_RGBA, G_IM_SIZ_16b, 9, 0, 0, 0, G_TX_CLAMP | G_TX_NOMIRROR, 0, 0, G_TX_CLAMP | G_TX_NOMIRROR, 0, 0),
	gsDPSetTileSize(0, 240, 0, 372, 124),
	gsSPVertex(castle_courtyard_dl_s_fire_entrance_mesh_layer_1_vtx_2 + 172, 4, 0),
	gsSP1Triangle(0, 1, 2, 0),
	gsSP1Triangle(0, 2, 3, 0),
	gsDPPipeSync(),
	gsDPTileSync(),
	gsDPSetTextureImage(G_IM_FMT_RGBA, G_IM_SIZ_16b, 248, castle_courtyard_dl_volcano_BG_ow1_rgba16),
	gsDPSetTile(G_IM_FMT_RGBA, G_IM_SIZ_16b, 9, 0, 7, 0, G_TX_CLAMP | G_TX_NOMIRROR, 0, 0, G_TX_CLAMP | G_TX_NOMIRROR, 0, 0),
	gsDPLoadSync(),
	gsDPLoadTile(7, 240, 116, 372, 248),
	gsDPPipeSync(),
	gsDPSetTile(G_IM_FMT_RGBA, G_IM_SIZ_16b, 9, 0, 0, 0, G_TX_CLAMP | G_TX_NOMIRROR, 0, 0, G_TX_CLAMP | G_TX_NOMIRROR, 0, 0),
	gsDPSetTileSize(0, 240, 116, 372, 248),
	gsSPVertex(castle_courtyard_dl_s_fire_entrance_mesh_layer_1_vtx_2 + 176, 4, 0),
	gsSP1Triangle(0, 1, 2, 0),
	gsSP1Triangle(0, 2, 3, 0),
	gsDPPipeSync(),
	gsDPTileSync(),
	gsDPSetTextureImage(G_IM_FMT_RGBA, G_IM_SIZ_16b, 248, castle_courtyard_dl_volcano_BG_ow1_rgba16),
	gsDPSetTile(G_IM_FMT_RGBA, G_IM_SIZ_16b, 9, 0, 7, 0, G_TX_CLAMP | G_TX_NOMIRROR, 0, 0, G_TX_CLAMP | G_TX_NOMIRROR, 0, 0),
	gsDPLoadSync(),
	gsDPLoadTile(7, 240, 240, 372, 372),
	gsDPPipeSync(),
	gsDPSetTile(G_IM_FMT_RGBA, G_IM_SIZ_16b, 9, 0, 0, 0, G_TX_CLAMP | G_TX_NOMIRROR, 0, 0, G_TX_CLAMP | G_TX_NOMIRROR, 0, 0),
	gsDPSetTileSize(0, 240, 240, 372, 372),
	gsSPVertex(castle_courtyard_dl_s_fire_entrance_mesh_layer_1_vtx_2 + 180, 4, 0),
	gsSP1Triangle(0, 1, 2, 0),
	gsSP1Triangle(0, 2, 3, 0),
	gsDPPipeSync(),
	gsDPTileSync(),
	gsDPSetTextureImage(G_IM_FMT_RGBA, G_IM_SIZ_16b, 248, castle_courtyard_dl_volcano_BG_ow1_rgba16),
	gsDPSetTile(G_IM_FMT_RGBA, G_IM_SIZ_16b, 9, 0, 7, 0, G_TX_CLAMP | G_TX_NOMIRROR, 0, 0, G_TX_CLAMP | G_TX_NOMIRROR, 0, 0),
	gsDPLoadSync(),
	gsDPLoadTile(7, 240, 364, 372, 496),
	gsDPPipeSync(),
	gsDPSetTile(G_IM_FMT_RGBA, G_IM_SIZ_16b, 9, 0, 0, 0, G_TX_CLAMP | G_TX_NOMIRROR, 0, 0, G_TX_CLAMP | G_TX_NOMIRROR, 0, 0),
	gsDPSetTileSize(0, 240, 364, 372, 496),
	gsSPVertex(castle_courtyard_dl_s_fire_entrance_mesh_layer_1_vtx_2 + 184, 4, 0),
	gsSP1Triangle(0, 1, 2, 0),
	gsSP1Triangle(0, 2, 3, 0),
	gsDPPipeSync(),
	gsDPTileSync(),
	gsDPSetTextureImage(G_IM_FMT_RGBA, G_IM_SIZ_16b, 248, castle_courtyard_dl_volcano_BG_ow1_rgba16),
	gsDPSetTile(G_IM_FMT_RGBA, G_IM_SIZ_16b, 9, 0, 7, 0, G_TX_CLAMP | G_TX_NOMIRROR, 0, 0, G_TX_CLAMP | G_TX_NOMIRROR, 0, 0),
	gsDPLoadSync(),
	gsDPLoadTile(7, 240, 488, 372, 620),
	gsDPPipeSync(),
	gsDPSetTile(G_IM_FMT_RGBA, G_IM_SIZ_16b, 9, 0, 0, 0, G_TX_CLAMP | G_TX_NOMIRROR, 0, 0, G_TX_CLAMP | G_TX_NOMIRROR, 0, 0),
	gsDPSetTileSize(0, 240, 488, 372, 620),
	gsSPVertex(castle_courtyard_dl_s_fire_entrance_mesh_layer_1_vtx_2 + 188, 4, 0),
	gsSP1Triangle(0, 1, 2, 0),
	gsSP1Triangle(0, 2, 3, 0),
	gsDPPipeSync(),
	gsDPTileSync(),
	gsDPSetTextureImage(G_IM_FMT_RGBA, G_IM_SIZ_16b, 248, castle_courtyard_dl_volcano_BG_ow1_rgba16),
	gsDPSetTile(G_IM_FMT_RGBA, G_IM_SIZ_16b, 9, 0, 7, 0, G_TX_CLAMP | G_TX_NOMIRROR, 0, 0, G_TX_CLAMP | G_TX_NOMIRROR, 0, 0),
	gsDPLoadSync(),
	gsDPLoadTile(7, 240, 612, 372, 744),
	gsDPPipeSync(),
	gsDPSetTile(G_IM_FMT_RGBA, G_IM_SIZ_16b, 9, 0, 0, 0, G_TX_CLAMP | G_TX_NOMIRROR, 0, 0, G_TX_CLAMP | G_TX_NOMIRROR, 0, 0),
	gsDPSetTileSize(0, 240, 612, 372, 744),
	gsSPVertex(castle_courtyard_dl_s_fire_entrance_mesh_layer_1_vtx_2 + 192, 4, 0),
	gsSP1Triangle(0, 1, 2, 0),
	gsSP1Triangle(0, 2, 3, 0),
	gsDPPipeSync(),
	gsDPTileSync(),
	gsDPSetTextureImage(G_IM_FMT_RGBA, G_IM_SIZ_16b, 248, castle_courtyard_dl_volcano_BG_ow1_rgba16),
	gsDPSetTile(G_IM_FMT_RGBA, G_IM_SIZ_16b, 9, 0, 7, 0, G_TX_CLAMP | G_TX_NOMIRROR, 0, 0, G_TX_CLAMP | G_TX_NOMIRROR, 0, 0),
	gsDPLoadSync(),
	gsDPLoadTile(7, 240, 736, 372, 868),
	gsDPPipeSync(),
	gsDPSetTile(G_IM_FMT_RGBA, G_IM_SIZ_16b, 9, 0, 0, 0, G_TX_CLAMP | G_TX_NOMIRROR, 0, 0, G_TX_CLAMP | G_TX_NOMIRROR, 0, 0),
	gsDPSetTileSize(0, 240, 736, 372, 868),
	gsSPVertex(castle_courtyard_dl_s_fire_entrance_mesh_layer_1_vtx_2 + 196, 4, 0),
	gsSP1Triangle(0, 1, 2, 0),
	gsSP1Triangle(0, 3, 1, 0),
	gsDPPipeSync(),
	gsDPTileSync(),
	gsDPSetTextureImage(G_IM_FMT_RGBA, G_IM_SIZ_16b, 248, castle_courtyard_dl_volcano_BG_ow1_rgba16),
	gsDPSetTile(G_IM_FMT_RGBA, G_IM_SIZ_16b, 16, 0, 7, 0, G_TX_CLAMP | G_TX_NOMIRROR, 0, 0, G_TX_CLAMP | G_TX_NOMIRROR, 0, 0),
	gsDPLoadSync(),
	gsDPLoadTile(7, 0, 0, 248, 124),
	gsDPPipeSync(),
	gsDPSetTile(G_IM_FMT_RGBA, G_IM_SIZ_16b, 16, 0, 0, 0, G_TX_CLAMP | G_TX_NOMIRROR, 0, 0, G_TX_CLAMP | G_TX_NOMIRROR, 0, 0),
	gsDPSetTileSize(0, 0, 0, 248, 124),
	gsSPVertex(castle_courtyard_dl_s_fire_entrance_mesh_layer_1_vtx_2 + 200, 6, 0),
	gsSP1Triangle(0, 1, 2, 0),
	gsSP1Triangle(0, 2, 3, 0),
	gsSP1Triangle(4, 0, 3, 0),
	gsSP1Triangle(4, 3, 5, 0),
	gsDPPipeSync(),
	gsDPTileSync(),
	gsDPSetTextureImage(G_IM_FMT_RGBA, G_IM_SIZ_16b, 248, castle_courtyard_dl_volcano_BG_ow1_rgba16),
	gsDPSetTile(G_IM_FMT_RGBA, G_IM_SIZ_16b, 9, 0, 7, 0, G_TX_CLAMP | G_TX_NOMIRROR, 0, 0, G_TX_CLAMP | G_TX_NOMIRROR, 0, 0),
	gsDPLoadSync(),
	gsDPLoadTile(7, 116, 116, 248, 248),
	gsDPPipeSync(),
	gsDPSetTile(G_IM_FMT_RGBA, G_IM_SIZ_16b, 9, 0, 0, 0, G_TX_CLAMP | G_TX_NOMIRROR, 0, 0, G_TX_CLAMP | G_TX_NOMIRROR, 0, 0),
	gsDPSetTileSize(0, 116, 116, 248, 248),
	gsSPVertex(castle_courtyard_dl_s_fire_entrance_mesh_layer_1_vtx_2 + 206, 4, 0),
	gsSP1Triangle(0, 1, 2, 0),
	gsSP1Triangle(0, 2, 3, 0),
	gsDPPipeSync(),
	gsDPTileSync(),
	gsDPSetTextureImage(G_IM_FMT_RGBA, G_IM_SIZ_16b, 248, castle_courtyard_dl_volcano_BG_ow1_rgba16),
	gsDPSetTile(G_IM_FMT_RGBA, G_IM_SIZ_16b, 9, 0, 7, 0, G_TX_CLAMP | G_TX_NOMIRROR, 0, 0, G_TX_CLAMP | G_TX_NOMIRROR, 0, 0),
	gsDPLoadSync(),
	gsDPLoadTile(7, 116, 240, 248, 372),
	gsDPPipeSync(),
	gsDPSetTile(G_IM_FMT_RGBA, G_IM_SIZ_16b, 9, 0, 0, 0, G_TX_CLAMP | G_TX_NOMIRROR, 0, 0, G_TX_CLAMP | G_TX_NOMIRROR, 0, 0),
	gsDPSetTileSize(0, 116, 240, 248, 372),
	gsSPVertex(castle_courtyard_dl_s_fire_entrance_mesh_layer_1_vtx_2 + 210, 4, 0),
	gsSP1Triangle(0, 1, 2, 0),
	gsSP1Triangle(0, 2, 3, 0),
	gsDPPipeSync(),
	gsDPTileSync(),
	gsDPSetTextureImage(G_IM_FMT_RGBA, G_IM_SIZ_16b, 248, castle_courtyard_dl_volcano_BG_ow1_rgba16),
	gsDPSetTile(G_IM_FMT_RGBA, G_IM_SIZ_16b, 9, 0, 7, 0, G_TX_CLAMP | G_TX_NOMIRROR, 0, 0, G_TX_CLAMP | G_TX_NOMIRROR, 0, 0),
	gsDPLoadSync(),
	gsDPLoadTile(7, 116, 364, 248, 496),
	gsDPPipeSync(),
	gsDPSetTile(G_IM_FMT_RGBA, G_IM_SIZ_16b, 9, 0, 0, 0, G_TX_CLAMP | G_TX_NOMIRROR, 0, 0, G_TX_CLAMP | G_TX_NOMIRROR, 0, 0),
	gsDPSetTileSize(0, 116, 364, 248, 496),
	gsSPVertex(castle_courtyard_dl_s_fire_entrance_mesh_layer_1_vtx_2 + 214, 4, 0),
	gsSP1Triangle(0, 1, 2, 0),
	gsSP1Triangle(0, 2, 3, 0),
	gsDPPipeSync(),
	gsDPTileSync(),
	gsDPSetTextureImage(G_IM_FMT_RGBA, G_IM_SIZ_16b, 248, castle_courtyard_dl_volcano_BG_ow1_rgba16),
	gsDPSetTile(G_IM_FMT_RGBA, G_IM_SIZ_16b, 9, 0, 7, 0, G_TX_CLAMP | G_TX_NOMIRROR, 0, 0, G_TX_CLAMP | G_TX_NOMIRROR, 0, 0),
	gsDPLoadSync(),
	gsDPLoadTile(7, 116, 488, 248, 620),
	gsDPPipeSync(),
	gsDPSetTile(G_IM_FMT_RGBA, G_IM_SIZ_16b, 9, 0, 0, 0, G_TX_CLAMP | G_TX_NOMIRROR, 0, 0, G_TX_CLAMP | G_TX_NOMIRROR, 0, 0),
	gsDPSetTileSize(0, 116, 488, 248, 620),
	gsSPVertex(castle_courtyard_dl_s_fire_entrance_mesh_layer_1_vtx_2 + 218, 4, 0),
	gsSP1Triangle(0, 1, 2, 0),
	gsSP1Triangle(0, 2, 3, 0),
	gsDPPipeSync(),
	gsDPTileSync(),
	gsDPSetTextureImage(G_IM_FMT_RGBA, G_IM_SIZ_16b, 248, castle_courtyard_dl_volcano_BG_ow1_rgba16),
	gsDPSetTile(G_IM_FMT_RGBA, G_IM_SIZ_16b, 9, 0, 7, 0, G_TX_CLAMP | G_TX_NOMIRROR, 0, 0, G_TX_CLAMP | G_TX_NOMIRROR, 0, 0),
	gsDPLoadSync(),
	gsDPLoadTile(7, 116, 612, 248, 744),
	gsDPPipeSync(),
	gsDPSetTile(G_IM_FMT_RGBA, G_IM_SIZ_16b, 9, 0, 0, 0, G_TX_CLAMP | G_TX_NOMIRROR, 0, 0, G_TX_CLAMP | G_TX_NOMIRROR, 0, 0),
	gsDPSetTileSize(0, 116, 612, 248, 744),
	gsSPVertex(castle_courtyard_dl_s_fire_entrance_mesh_layer_1_vtx_2 + 222, 4, 0),
	gsSP1Triangle(0, 1, 2, 0),
	gsSP1Triangle(0, 2, 3, 0),
	gsDPPipeSync(),
	gsDPTileSync(),
	gsDPSetTextureImage(G_IM_FMT_RGBA, G_IM_SIZ_16b, 248, castle_courtyard_dl_volcano_BG_ow1_rgba16),
	gsDPSetTile(G_IM_FMT_RGBA, G_IM_SIZ_16b, 9, 0, 7, 0, G_TX_CLAMP | G_TX_NOMIRROR, 0, 0, G_TX_CLAMP | G_TX_NOMIRROR, 0, 0),
	gsDPLoadSync(),
	gsDPLoadTile(7, 116, 736, 248, 868),
	gsDPPipeSync(),
	gsDPSetTile(G_IM_FMT_RGBA, G_IM_SIZ_16b, 9, 0, 0, 0, G_TX_CLAMP | G_TX_NOMIRROR, 0, 0, G_TX_CLAMP | G_TX_NOMIRROR, 0, 0),
	gsDPSetTileSize(0, 116, 736, 248, 868),
	gsSPVertex(castle_courtyard_dl_s_fire_entrance_mesh_layer_1_vtx_2 + 226, 4, 0),
	gsSP1Triangle(0, 1, 2, 0),
	gsSP1Triangle(0, 2, 3, 0),
	gsDPPipeSync(),
	gsDPTileSync(),
	gsDPSetTextureImage(G_IM_FMT_RGBA, G_IM_SIZ_16b, 248, castle_courtyard_dl_volcano_BG_ow1_rgba16),
	gsDPSetTile(G_IM_FMT_RGBA, G_IM_SIZ_16b, 8, 0, 7, 0, G_TX_CLAMP | G_TX_NOMIRROR, 0, 0, G_TX_CLAMP | G_TX_NOMIRROR, 0, 0),
	gsDPLoadSync(),
	gsDPLoadTile(7, 0, 116, 124, 248),
	gsDPPipeSync(),
	gsDPSetTile(G_IM_FMT_RGBA, G_IM_SIZ_16b, 8, 0, 0, 0, G_TX_CLAMP | G_TX_NOMIRROR, 0, 0, G_TX_CLAMP | G_TX_NOMIRROR, 0, 0),
	gsDPSetTileSize(0, 0, 116, 124, 248),
	gsSPVertex(castle_courtyard_dl_s_fire_entrance_mesh_layer_1_vtx_2 + 230, 4, 0),
	gsSP1Triangle(0, 1, 2, 0),
	gsSP1Triangle(0, 2, 3, 0),
	gsDPPipeSync(),
	gsDPTileSync(),
	gsDPSetTextureImage(G_IM_FMT_RGBA, G_IM_SIZ_16b, 248, castle_courtyard_dl_volcano_BG_ow1_rgba16),
	gsDPSetTile(G_IM_FMT_RGBA, G_IM_SIZ_16b, 8, 0, 7, 0, G_TX_CLAMP | G_TX_NOMIRROR, 0, 0, G_TX_CLAMP | G_TX_NOMIRROR, 0, 0),
	gsDPLoadSync(),
	gsDPLoadTile(7, 0, 240, 124, 372),
	gsDPPipeSync(),
	gsDPSetTile(G_IM_FMT_RGBA, G_IM_SIZ_16b, 8, 0, 0, 0, G_TX_CLAMP | G_TX_NOMIRROR, 0, 0, G_TX_CLAMP | G_TX_NOMIRROR, 0, 0),
	gsDPSetTileSize(0, 0, 240, 124, 372),
	gsSPVertex(castle_courtyard_dl_s_fire_entrance_mesh_layer_1_vtx_2 + 234, 4, 0),
	gsSP1Triangle(0, 1, 2, 0),
	gsSP1Triangle(0, 2, 3, 0),
	gsDPPipeSync(),
	gsDPTileSync(),
	gsDPSetTextureImage(G_IM_FMT_RGBA, G_IM_SIZ_16b, 248, castle_courtyard_dl_volcano_BG_ow1_rgba16),
	gsDPSetTile(G_IM_FMT_RGBA, G_IM_SIZ_16b, 8, 0, 7, 0, G_TX_CLAMP | G_TX_NOMIRROR, 0, 0, G_TX_CLAMP | G_TX_NOMIRROR, 0, 0),
	gsDPLoadSync(),
	gsDPLoadTile(7, 0, 364, 124, 496),
	gsDPPipeSync(),
	gsDPSetTile(G_IM_FMT_RGBA, G_IM_SIZ_16b, 8, 0, 0, 0, G_TX_CLAMP | G_TX_NOMIRROR, 0, 0, G_TX_CLAMP | G_TX_NOMIRROR, 0, 0),
	gsDPSetTileSize(0, 0, 364, 124, 496),
	gsSPVertex(castle_courtyard_dl_s_fire_entrance_mesh_layer_1_vtx_2 + 238, 4, 0),
	gsSP1Triangle(0, 1, 2, 0),
	gsSP1Triangle(0, 2, 3, 0),
	gsDPPipeSync(),
	gsDPTileSync(),
	gsDPSetTextureImage(G_IM_FMT_RGBA, G_IM_SIZ_16b, 248, castle_courtyard_dl_volcano_BG_ow1_rgba16),
	gsDPSetTile(G_IM_FMT_RGBA, G_IM_SIZ_16b, 8, 0, 7, 0, G_TX_CLAMP | G_TX_NOMIRROR, 0, 0, G_TX_CLAMP | G_TX_NOMIRROR, 0, 0),
	gsDPLoadSync(),
	gsDPLoadTile(7, 0, 488, 124, 620),
	gsDPPipeSync(),
	gsDPSetTile(G_IM_FMT_RGBA, G_IM_SIZ_16b, 8, 0, 0, 0, G_TX_CLAMP | G_TX_NOMIRROR, 0, 0, G_TX_CLAMP | G_TX_NOMIRROR, 0, 0),
	gsDPSetTileSize(0, 0, 488, 124, 620),
	gsSPVertex(castle_courtyard_dl_s_fire_entrance_mesh_layer_1_vtx_2 + 242, 4, 0),
	gsSP1Triangle(0, 1, 2, 0),
	gsSP1Triangle(0, 2, 3, 0),
	gsDPPipeSync(),
	gsDPTileSync(),
	gsDPSetTextureImage(G_IM_FMT_RGBA, G_IM_SIZ_16b, 248, castle_courtyard_dl_volcano_BG_ow1_rgba16),
	gsDPSetTile(G_IM_FMT_RGBA, G_IM_SIZ_16b, 8, 0, 7, 0, G_TX_CLAMP | G_TX_NOMIRROR, 0, 0, G_TX_CLAMP | G_TX_NOMIRROR, 0, 0),
	gsDPLoadSync(),
	gsDPLoadTile(7, 0, 612, 124, 744),
	gsDPPipeSync(),
	gsDPSetTile(G_IM_FMT_RGBA, G_IM_SIZ_16b, 8, 0, 0, 0, G_TX_CLAMP | G_TX_NOMIRROR, 0, 0, G_TX_CLAMP | G_TX_NOMIRROR, 0, 0),
	gsDPSetTileSize(0, 0, 612, 124, 744),
	gsSPVertex(castle_courtyard_dl_s_fire_entrance_mesh_layer_1_vtx_2 + 246, 4, 0),
	gsSP1Triangle(0, 1, 2, 0),
	gsSP1Triangle(0, 2, 3, 0),
	gsSPEndDisplayList(),
};

Vtx castle_courtyard_dl_s_ice_entrance_mesh_layer_1_vtx_0[74] = {
	{{{-3623, 703, -2467},0, {1691, 2032},{0xC2, 0xA3, 0x5D, 0xFF}}},
	{{{-3904, 765, -2546},0, {2032, 2032},{0xDD, 0xC6, 0x71, 0xFF}}},
	{{{-3904, 245, -2736},0, {2032, -16},{0xDB, 0xC4, 0x70, 0xFF}}},
	{{{-3623, 217, -2645},0, {1691, -16},{0xC2, 0xA3, 0x5D, 0xFF}}},
	{{{-3342, 641, -2389},0, {1349, 2032},{0x99, 0x7B, 0x51, 0xFF}}},
	{{{-3342, 189, -2554},0, {1349, -16},{0x99, 0x7B, 0x51, 0xFF}}},
	{{{-2780, 517, -2232},0, {667, 2032},{0xA5, 0x76, 0x51, 0xFF}}},
	{{{-2780, 132, -2373},0, {667, -16},{0xA5, 0x76, 0x51, 0xFF}}},
	{{{-2219, 409, -2075},0, {-16, 2032},{0xA5, 0x76, 0x51, 0xFF}}},
	{{{-2219, 116, -2191},0, {-16, -16},{0xA5, 0x76, 0x51, 0xFF}}},
	{{{-3623, 904, -2037},0, {1691, 2032},{0xC1, 0xA3, 0x5D, 0xFF}}},
	{{{-3904, 980, -2086},0, {2032, 2032},{0xDD, 0xC6, 0x71, 0xFF}}},
	{{{-3904, 765, -2546},0, {2032, -16},{0xDD, 0xC6, 0x71, 0xFF}}},
	{{{-3623, 703, -2467},0, {1691, -16},{0xC2, 0xA3, 0x5D, 0xFF}}},
	{{{-3342, 828, -1989},0, {1349, 2032},{0x99, 0x7B, 0x51, 0xFF}}},
	{{{-3342, 641, -2389},0, {1349, -16},{0x99, 0x7B, 0x51, 0xFF}}},
	{{{-2780, 676, -1892},0, {667, 2032},{0xA5, 0x76, 0x51, 0xFF}}},
	{{{-3342, 828, -1989},0, {1349, 2032},{0x99, 0x7B, 0x51, 0xFF}}},
	{{{-3342, 641, -2389},0, {1349, -16},{0x99, 0x7B, 0x51, 0xFF}}},
	{{{-2780, 517, -2232},0, {667, -16},{0xA5, 0x76, 0x51, 0xFF}}},
	{{{-2219, 531, -1795},0, {-16, 2032},{0xA5, 0x76, 0x51, 0xFF}}},
	{{{-2219, 409, -2075},0, {-16, -16},{0xA5, 0x76, 0x51, 0xFF}}},
	{{{-3623, -631, -2645},0, {1691, 2032},{0xC2, 0xA3, 0x5D, 0xFF}}},
	{{{-3904, -661, -2736},0, {2032, 2032},{0xDD, 0xC6, 0x71, 0xFF}}},
	{{{-3904, -1142, -2546},0, {2032, -16},{0xDD, 0xC6, 0x71, 0xFF}}},
	{{{-3623, -1080, -2467},0, {1691, -16},{0xC2, 0xA3, 0x5D, 0xFF}}},
	{{{-3342, -600, -2554},0, {1349, 2032},{0x99, 0x7B, 0x51, 0xFF}}},
	{{{-3342, -1018, -2389},0, {1349, -16},{0x99, 0x7B, 0x51, 0xFF}}},
	{{{-2780, -539, -2373},0, {667, 2032},{0xA5, 0x76, 0x51, 0xFF}}},
	{{{-2780, -894, -2232},0, {667, -16},{0xA5, 0x76, 0x51, 0xFF}}},
	{{{-2219, -437, -2191},0, {-16, 2032},{0xA5, 0x76, 0x51, 0xFF}}},
	{{{-2219, -754, -2075},0, {-16, -16},{0xA5, 0x76, 0x51, 0xFF}}},
	{{{-3623, 217, -2645},0, {1691, 2032},{0xC2, 0xA3, 0x5D, 0xFF}}},
	{{{-3904, 245, -2736},0, {2032, 2032},{0xDB, 0xC4, 0x70, 0xFF}}},
	{{{-3904, -661, -2736},0, {2032, -16},{0xDD, 0xC6, 0x71, 0xFF}}},
	{{{-3623, -631, -2645},0, {1691, -16},{0xC2, 0xA3, 0x5D, 0xFF}}},
	{{{-3342, 189, -2554},0, {1349, 2032},{0x99, 0x7B, 0x51, 0xFF}}},
	{{{-3342, -600, -2554},0, {1349, -16},{0x99, 0x7B, 0x51, 0xFF}}},
	{{{-2780, 132, -2373},0, {667, 2032},{0xA5, 0x76, 0x51, 0xFF}}},
	{{{-2780, -539, -2373},0, {667, -16},{0xA5, 0x76, 0x51, 0xFF}}},
	{{{-2219, 116, -2191},0, {-16, 2032},{0xA5, 0x76, 0x51, 0xFF}}},
	{{{-2219, -437, -2191},0, {-16, -16},{0xA5, 0x76, 0x51, 0xFF}}},
	{{{-3623, -1266, -2037},0, {1691, 2032},{0xC2, 0xA3, 0x5D, 0xFF}}},
	{{{-3904, -1341, -2086},0, {2032, 2032},{0xDA, 0xC3, 0x70, 0xFF}}},
	{{{-3904, -1341, -1028},0, {2032, -16},{0x3F, 0x38, 0x1F, 0xFE}}},
	{{{-3623, -1266, -1028},0, {1691, -16},{0x97, 0x86, 0x4C, 0xFE}}},
	{{{-3342, -1191, -1989},0, {1349, 2032},{0x9B, 0x7A, 0x51, 0xFF}}},
	{{{-3342, -1191, -1028},0, {1349, -16},{0xA8, 0x8C, 0x63, 0xFE}}},
	{{{-2780, -1042, -1892},0, {667, 2032},{0xA5, 0x76, 0x51, 0xFF}}},
	{{{-3342, -1191, -1989},0, {1349, 2032},{0x9B, 0x7A, 0x51, 0xFF}}},
	{{{-3342, -1191, -1028},0, {1349, -16},{0xA8, 0x8C, 0x63, 0xFE}}},
	{{{-2780, -1042, -1028},0, {667, -16},{0xBD, 0x9D, 0x6F, 0xFE}}},
	{{{-2219, -885, -1795},0, {-16, 2032},{0xA5, 0x77, 0x51, 0xFF}}},
	{{{-2219, -885, -1028},0, {-16, -16},{0xFF, 0xE0, 0x95, 0xFE}}},
	{{{-3623, -1080, -2467},0, {1691, 2032},{0xC2, 0xA3, 0x5D, 0xFF}}},
	{{{-3904, -1142, -2546},0, {2032, 2032},{0xDD, 0xC6, 0x71, 0xFF}}},
	{{{-3904, -1341, -2086},0, {2032, -16},{0xDA, 0xC3, 0x70, 0xFF}}},
	{{{-3623, -1266, -2037},0, {1691, -16},{0xC2, 0xA3, 0x5D, 0xFF}}},
	{{{-3342, -1018, -2389},0, {1349, 2032},{0x99, 0x7B, 0x51, 0xFF}}},
	{{{-3342, -1191, -1989},0, {1349, -16},{0x9B, 0x7A, 0x51, 0xFF}}},
	{{{-2780, -894, -2232},0, {667, 2032},{0xA5, 0x76, 0x51, 0xFF}}},
	{{{-2780, -1042, -1892},0, {667, -16},{0xA5, 0x76, 0x51, 0xFF}}},
	{{{-2219, -754, -2075},0, {-16, 2032},{0xA5, 0x76, 0x51, 0xFF}}},
	{{{-2219, -885, -1795},0, {-16, -16},{0xA5, 0x77, 0x51, 0xFF}}},
	{{{-3623, 904, -1028},0, {1691, 2032},{0x97, 0x86, 0x4C, 0xFE}}},
	{{{-3904, 980, -1028},0, {2032, 2032},{0x3F, 0x38, 0x1F, 0xFE}}},
	{{{-3904, 980, -2086},0, {2032, -16},{0xDD, 0xC6, 0x71, 0xFF}}},
	{{{-3623, 904, -2037},0, {1691, -16},{0xC1, 0xA3, 0x5D, 0xFF}}},
	{{{-3342, 828, -1028},0, {1349, 2032},{0xA8, 0x8C, 0x63, 0xFE}}},
	{{{-3342, 828, -1989},0, {1349, -16},{0x99, 0x7B, 0x51, 0xFF}}},
	{{{-2780, 676, -1028},0, {667, 2032},{0xBD, 0x9D, 0x6F, 0xFE}}},
	{{{-2780, 676, -1892},0, {667, -16},{0xA5, 0x76, 0x51, 0xFF}}},
	{{{-2219, 531, -1028},0, {-16, 2032},{0xFF, 0xE0, 0x95, 0xFE}}},
	{{{-2219, 531, -1795},0, {-16, -16},{0xA5, 0x76, 0x51, 0xFF}}},
};

Gfx castle_courtyard_dl_s_ice_entrance_mesh_layer_1_tri_0[] = {
	gsSPVertex(castle_courtyard_dl_s_ice_entrance_mesh_layer_1_vtx_0 + 0, 16, 0),
	gsSP1Triangle(0, 1, 2, 0),
	gsSP1Triangle(0, 2, 3, 0),
	gsSP1Triangle(4, 0, 3, 0),
	gsSP1Triangle(4, 3, 5, 0),
	gsSP1Triangle(6, 4, 5, 0),
	gsSP1Triangle(6, 5, 7, 0),
	gsSP1Triangle(8, 6, 7, 0),
	gsSP1Triangle(8, 7, 9, 0),
	gsSP1Triangle(10, 11, 12, 0),
	gsSP1Triangle(10, 12, 13, 0),
	gsSP1Triangle(14, 10, 13, 0),
	gsSP1Triangle(14, 13, 15, 0),
	gsSPVertex(castle_courtyard_dl_s_ice_entrance_mesh_layer_1_vtx_0 + 16, 16, 0),
	gsSP1Triangle(0, 1, 2, 0),
	gsSP1Triangle(0, 2, 3, 0),
	gsSP1Triangle(4, 0, 3, 0),
	gsSP1Triangle(4, 3, 5, 0),
	gsSP1Triangle(6, 7, 8, 0),
	gsSP1Triangle(6, 8, 9, 0),
	gsSP1Triangle(10, 6, 9, 0),
	gsSP1Triangle(10, 9, 11, 0),
	gsSP1Triangle(12, 10, 11, 0),
	gsSP1Triangle(12, 11, 13, 0),
	gsSP1Triangle(14, 12, 13, 0),
	gsSP1Triangle(14, 13, 15, 0),
	gsSPVertex(castle_courtyard_dl_s_ice_entrance_mesh_layer_1_vtx_0 + 32, 16, 0),
	gsSP1Triangle(0, 1, 2, 0),
	gsSP1Triangle(0, 2, 3, 0),
	gsSP1Triangle(4, 0, 3, 0),
	gsSP1Triangle(4, 3, 5, 0),
	gsSP1Triangle(6, 4, 5, 0),
	gsSP1Triangle(6, 5, 7, 0),
	gsSP1Triangle(8, 6, 7, 0),
	gsSP1Triangle(8, 7, 9, 0),
	gsSP1Triangle(10, 11, 12, 0),
	gsSP1Triangle(10, 12, 13, 0),
	gsSP1Triangle(14, 10, 13, 0),
	gsSP1Triangle(14, 13, 15, 0),
	gsSPVertex(castle_courtyard_dl_s_ice_entrance_mesh_layer_1_vtx_0 + 48, 16, 0),
	gsSP1Triangle(0, 1, 2, 0),
	gsSP1Triangle(0, 2, 3, 0),
	gsSP1Triangle(4, 0, 3, 0),
	gsSP1Triangle(4, 3, 5, 0),
	gsSP1Triangle(6, 7, 8, 0),
	gsSP1Triangle(6, 8, 9, 0),
	gsSP1Triangle(10, 6, 9, 0),
	gsSP1Triangle(10, 9, 11, 0),
	gsSP1Triangle(12, 10, 11, 0),
	gsSP1Triangle(12, 11, 13, 0),
	gsSP1Triangle(14, 12, 13, 0),
	gsSP1Triangle(14, 13, 15, 0),
	gsSPVertex(castle_courtyard_dl_s_ice_entrance_mesh_layer_1_vtx_0 + 64, 10, 0),
	gsSP1Triangle(0, 1, 2, 0),
	gsSP1Triangle(0, 2, 3, 0),
	gsSP1Triangle(4, 0, 3, 0),
	gsSP1Triangle(4, 3, 5, 0),
	gsSP1Triangle(6, 4, 5, 0),
	gsSP1Triangle(6, 5, 7, 0),
	gsSP1Triangle(8, 6, 7, 0),
	gsSP1Triangle(8, 7, 9, 0),
	gsSPEndDisplayList(),
};

Vtx castle_courtyard_dl_s_ice_entrance_mesh_layer_1_vtx_1[10] = {
	{{{-2219, 531, -1028},0, {-2832, -2167},{0xFF, 0xE0, 0x95, 0xFE}}},
	{{{-2219, -885, -1028},0, {-2832, 3185},{0xFF, 0xE0, 0x95, 0xFE}}},
	{{{-2780, -1042, -1028},0, {-706, 3751},{0xC5, 0xB0, 0x46, 0xFE}}},
	{{{-2780, 676, -1028},0, {-706, -2741},{0xC5, 0xB0, 0x46, 0xFE}}},
	{{{-3342, -1191, -1028},0, {1419, 4317},{0x86, 0x7A, 0x3A, 0xFE}}},
	{{{-3342, 828, -1028},0, {1419, -3316},{0x86, 0x7A, 0x3A, 0xFE}}},
	{{{-3588, -1257, -1028},0, {2348, 4564},{0x5C, 0x49, 0x1F, 0xFE}}},
	{{{-3588, 894, -1028},0, {2348, -3567},{0x5C, 0x49, 0x1F, 0xFE}}},
	{{{-3904, -1341, -1028},0, {3544, 4882},{0x3F, 0x38, 0x1F, 0xFE}}},
	{{{-3904, 980, -1028},0, {3544, -3890},{0x3F, 0x38, 0x1F, 0xFE}}},
};

Gfx castle_courtyard_dl_s_ice_entrance_mesh_layer_1_tri_1[] = {
	gsSPVertex(castle_courtyard_dl_s_ice_entrance_mesh_layer_1_vtx_1 + 0, 10, 0),
	gsSP1Triangle(0, 1, 2, 0),
	gsSP1Triangle(0, 2, 3, 0),
	gsSP1Triangle(3, 2, 4, 0),
	gsSP1Triangle(3, 4, 5, 0),
	gsSP1Triangle(5, 4, 6, 0),
	gsSP1Triangle(5, 6, 7, 0),
	gsSP1Triangle(7, 6, 8, 0),
	gsSP1Triangle(7, 8, 9, 0),
	gsSPEndDisplayList(),
};

Vtx castle_courtyard_dl_s_ice_entrance_mesh_layer_1_vtx_2[250] = {
	{{{-3904, 690, -1241},0, {976, 6928},{0x7F, 0x0, 0x0, 0xFF}}},
	{{{-3904, 980, -1241},0, {-16, 6928},{0x7F, 0x0, 0x0, 0xFF}}},
	{{{-3904, 980, -1013},0, {-16, 7920},{0x7F, 0x0, 0x0, 0xFE}}},
	{{{-3904, 690, -1455},0, {976, 5936},{0x7F, 0x0, 0x0, 0xFF}}},
	{{{-3904, 980, -1455},0, {-16, 5936},{0x7F, 0x0, 0x0, 0xFF}}},
	{{{-3904, 690, -1013},0, {976, 7920},{0x7F, 0x0, 0x0, 0xFE}}},
	{{{-3904, -1341, -1241},0, {7920, 6928},{0x7F, 0x0, 0x0, 0xFE}}},
	{{{-3904, -1051, -1013},0, {6928, 7920},{0x7F, 0x0, 0x0, 0xFE}}},
	{{{-3904, -1341, -1013},0, {7920, 7920},{0x7F, 0x0, 0x0, 0xFE}}},
	{{{-3904, -1051, -1241},0, {6928, 6928},{0x7F, 0x0, 0x0, 0xFF}}},
	{{{-3904, -1051, -1241},0, {6928, 6928},{0x7F, 0x0, 0x0, 0xFF}}},
	{{{-3904, -761, -1013},0, {5936, 7920},{0x7F, 0x0, 0x0, 0xFE}}},
	{{{-3904, -1051, -1013},0, {6928, 7920},{0x7F, 0x0, 0x0, 0xFE}}},
	{{{-3904, -761, -1241},0, {5936, 6928},{0x7F, 0x0, 0x0, 0xFF}}},
	{{{-3904, -761, -1241},0, {5936, 6928},{0x7F, 0x0, 0x0, 0xFF}}},
	{{{-3904, -471, -1013},0, {4944, 7920},{0x7F, 0x0, 0x0, 0xFE}}},
	{{{-3904, -761, -1013},0, {5936, 7920},{0x7F, 0x0, 0x0, 0xFE}}},
	{{{-3904, -471, -1241},0, {4944, 6928},{0x7F, 0x0, 0x0, 0xFF}}},
	{{{-3904, -471, -1241},0, {4944, 6928},{0x7F, 0x0, 0x0, 0xFF}}},
	{{{-3904, -181, -1013},0, {3952, 7920},{0x7F, 0x0, 0x0, 0xFE}}},
	{{{-3904, -471, -1013},0, {4944, 7920},{0x7F, 0x0, 0x0, 0xFE}}},
	{{{-3904, -181, -1241},0, {3952, 6928},{0x7F, 0x0, 0x0, 0xFF}}},
	{{{-3904, -181, -1241},0, {3952, 6928},{0x7F, 0x0, 0x0, 0xFF}}},
	{{{-3904, 110, -1013},0, {2960, 7920},{0x7F, 0x0, 0x0, 0xFE}}},
	{{{-3904, -181, -1013},0, {3952, 7920},{0x7F, 0x0, 0x0, 0xFE}}},
	{{{-3904, 110, -1241},0, {2960, 6928},{0x7F, 0x0, 0x0, 0xFF}}},
	{{{-3904, 110, -1241},0, {2960, 6928},{0x7F, 0x0, 0x0, 0xFF}}},
	{{{-3904, 400, -1013},0, {1968, 7920},{0x7F, 0x0, 0x0, 0xFE}}},
	{{{-3904, 110, -1013},0, {2960, 7920},{0x7F, 0x0, 0x0, 0xFE}}},
	{{{-3904, 400, -1241},0, {1968, 6928},{0x7F, 0x0, 0x0, 0xFF}}},
	{{{-3904, 400, -1241},0, {1968, 6928},{0x7F, 0x0, 0x0, 0xFF}}},
	{{{-3904, 690, -1013},0, {976, 7920},{0x7F, 0x0, 0x0, 0xFE}}},
	{{{-3904, 400, -1013},0, {1968, 7920},{0x7F, 0x0, 0x0, 0xFE}}},
	{{{-3904, 690, -1241},0, {976, 6928},{0x7F, 0x0, 0x0, 0xFF}}},
	{{{-3904, -1341, -2736},0, {7920, -16},{0x7F, 0x0, 0x0, 0xFF}}},
	{{{-3904, -1051, -2736},0, {6928, -16},{0x7F, 0x0, 0x0, 0xFF}}},
	{{{-3904, -1051, -2522},0, {6928, 976},{0x7F, 0x0, 0x0, 0xFF}}},
	{{{-3904, -761, -2522},0, {5936, 976},{0x7F, 0x0, 0x0, 0xFF}}},
	{{{-3904, -761, -2736},0, {5936, -16},{0x7F, 0x0, 0x0, 0xFF}}},
	{{{-3904, -1341, -2522},0, {7920, 976},{0x7F, 0x0, 0x0, 0xFF}}},
	{{{-3904, -1341, -2522},0, {7920, 976},{0x7F, 0x0, 0x0, 0xFF}}},
	{{{-3904, -1051, -2522},0, {6928, 976},{0x7F, 0x0, 0x0, 0xFF}}},
	{{{-3904, -1051, -2309},0, {6928, 1968},{0x7F, 0x0, 0x0, 0xFF}}},
	{{{-3904, -1341, -2309},0, {7920, 1968},{0x7F, 0x0, 0x0, 0xFE}}},
	{{{-3904, -1341, -2309},0, {7920, 1968},{0x7F, 0x0, 0x0, 0xFE}}},
	{{{-3904, -1051, -2309},0, {6928, 1968},{0x7F, 0x0, 0x0, 0xFF}}},
	{{{-3904, -1051, -2095},0, {6928, 2960},{0x7F, 0x0, 0x0, 0xFF}}},
	{{{-3904, -1341, -2095},0, {7920, 2960},{0x7F, 0x0, 0x0, 0xFE}}},
	{{{-3904, -1341, -2095},0, {7920, 2960},{0x7F, 0x0, 0x0, 0xFE}}},
	{{{-3904, -1051, -2095},0, {6928, 2960},{0x7F, 0x0, 0x0, 0xFF}}},
	{{{-3904, -1051, -1882},0, {6928, 3952},{0x7F, 0x0, 0x0, 0xFF}}},
	{{{-3904, -1341, -1882},0, {7920, 3952},{0x7F, 0x0, 0x0, 0xFE}}},
	{{{-3904, -1341, -1882},0, {7920, 3952},{0x7F, 0x0, 0x0, 0xFE}}},
	{{{-3904, -1051, -1882},0, {6928, 3952},{0x7F, 0x0, 0x0, 0xFF}}},
	{{{-3904, -1051, -1668},0, {6928, 4944},{0x7F, 0x0, 0x0, 0xFF}}},
	{{{-3904, -1341, -1668},0, {7920, 4944},{0x7F, 0x0, 0x0, 0xFE}}},
	{{{-3904, -1341, -1668},0, {7920, 4944},{0x7F, 0x0, 0x0, 0xFE}}},
	{{{-3904, -1051, -1668},0, {6928, 4944},{0x7F, 0x0, 0x0, 0xFF}}},
	{{{-3904, -1051, -1455},0, {6928, 5936},{0x7F, 0x0, 0x0, 0xFF}}},
	{{{-3904, -1341, -1455},0, {7920, 5936},{0x7F, 0x0, 0x0, 0xFE}}},
	{{{-3904, -1341, -1455},0, {7920, 5936},{0x7F, 0x0, 0x0, 0xFE}}},
	{{{-3904, -1051, -1241},0, {6928, 6928},{0x7F, 0x0, 0x0, 0xFF}}},
	{{{-3904, -1341, -1241},0, {7920, 6928},{0x7F, 0x0, 0x0, 0xFE}}},
	{{{-3904, -1051, -1455},0, {6928, 5936},{0x7F, 0x0, 0x0, 0xFF}}},
	{{{-3904, -1051, -2522},0, {6928, 976},{0x7F, 0x0, 0x0, 0xFF}}},
	{{{-3904, -761, -2522},0, {5936, 976},{0x7F, 0x0, 0x0, 0xFF}}},
	{{{-3904, -761, -2309},0, {5936, 1968},{0x7F, 0x0, 0x0, 0xFF}}},
	{{{-3904, -1051, -2309},0, {6928, 1968},{0x7F, 0x0, 0x0, 0xFF}}},
	{{{-3904, -1051, -2309},0, {6928, 1968},{0x7F, 0x0, 0x0, 0xFF}}},
	{{{-3904, -761, -2309},0, {5936, 1968},{0x7F, 0x0, 0x0, 0xFF}}},
	{{{-3904, -761, -2095},0, {5936, 2960},{0x7F, 0x0, 0x0, 0xFF}}},
	{{{-3904, -1051, -2095},0, {6928, 2960},{0x7F, 0x0, 0x0, 0xFF}}},
	{{{-3904, -1051, -2095},0, {6928, 2960},{0x7F, 0x0, 0x0, 0xFF}}},
	{{{-3904, -761, -2095},0, {5936, 2960},{0x7F, 0x0, 0x0, 0xFF}}},
	{{{-3904, -761, -1882},0, {5936, 3952},{0x7F, 0x0, 0x0, 0xFF}}},
	{{{-3904, -1051, -1882},0, {6928, 3952},{0x7F, 0x0, 0x0, 0xFF}}},
	{{{-3904, -1051, -1882},0, {6928, 3952},{0x7F, 0x0, 0x0, 0xFF}}},
	{{{-3904, -761, -1882},0, {5936, 3952},{0x7F, 0x0, 0x0, 0xFF}}},
	{{{-3904, -761, -1668},0, {5936, 4944},{0x7F, 0x0, 0x0, 0xFF}}},
	{{{-3904, -1051, -1668},0, {6928, 4944},{0x7F, 0x0, 0x0, 0xFF}}},
	{{{-3904, -1051, -1668},0, {6928, 4944},{0x7F, 0x0, 0x0, 0xFF}}},
	{{{-3904, -761, -1668},0, {5936, 4944},{0x7F, 0x0, 0x0, 0xFF}}},
	{{{-3904, -761, -1455},0, {5936, 5936},{0x7F, 0x0, 0x0, 0xFF}}},
	{{{-3904, -1051, -1455},0, {6928, 5936},{0x7F, 0x0, 0x0, 0xFF}}},
	{{{-3904, -1051, -1455},0, {6928, 5936},{0x7F, 0x0, 0x0, 0xFF}}},
	{{{-3904, -761, -1241},0, {5936, 6928},{0x7F, 0x0, 0x0, 0xFF}}},
	{{{-3904, -1051, -1241},0, {6928, 6928},{0x7F, 0x0, 0x0, 0xFF}}},
	{{{-3904, -761, -1455},0, {5936, 5936},{0x7F, 0x0, 0x0, 0xFF}}},
	{{{-3904, -761, -2736},0, {5936, -16},{0x7F, 0x0, 0x0, 0xFF}}},
	{{{-3904, -471, -2736},0, {4944, -16},{0x7F, 0x0, 0x0, 0xFF}}},
	{{{-3904, -471, -2522},0, {4944, 976},{0x7F, 0x0, 0x0, 0xFF}}},
	{{{-3904, -761, -2522},0, {5936, 976},{0x7F, 0x0, 0x0, 0xFF}}},
	{{{-3904, -761, -2522},0, {5936, 976},{0x7F, 0x0, 0x0, 0xFF}}},
	{{{-3904, -471, -2522},0, {4944, 976},{0x7F, 0x0, 0x0, 0xFF}}},
	{{{-3904, -471, -2309},0, {4944, 1968},{0x7F, 0x0, 0x0, 0xFF}}},
	{{{-3904, -761, -2309},0, {5936, 1968},{0x7F, 0x0, 0x0, 0xFF}}},
	{{{-3904, -761, -2309},0, {5936, 1968},{0x7F, 0x0, 0x0, 0xFF}}},
	{{{-3904, -471, -2309},0, {4944, 1968},{0x7F, 0x0, 0x0, 0xFF}}},
	{{{-3904, -471, -2095},0, {4944, 2960},{0x7F, 0x0, 0x0, 0xFF}}},
	{{{-3904, -761, -2095},0, {5936, 2960},{0x7F, 0x0, 0x0, 0xFF}}},
	{{{-3904, -761, -2095},0, {5936, 2960},{0x7F, 0x0, 0x0, 0xFF}}},
	{{{-3904, -471, -2095},0, {4944, 2960},{0x7F, 0x0, 0x0, 0xFF}}},
	{{{-3904, -471, -1882},0, {4944, 3952},{0x7F, 0x0, 0x0, 0xFF}}},
	{{{-3904, -761, -1882},0, {5936, 3952},{0x7F, 0x0, 0x0, 0xFF}}},
	{{{-3904, -761, -1882},0, {5936, 3952},{0x7F, 0x0, 0x0, 0xFF}}},
	{{{-3904, -471, -1882},0, {4944, 3952},{0x7F, 0x0, 0x0, 0xFF}}},
	{{{-3904, -471, -1668},0, {4944, 4944},{0x7F, 0x0, 0x0, 0xFF}}},
	{{{-3904, -761, -1668},0, {5936, 4944},{0x7F, 0x0, 0x0, 0xFF}}},
	{{{-3904, -761, -1668},0, {5936, 4944},{0x7F, 0x0, 0x0, 0xFF}}},
	{{{-3904, -471, -1668},0, {4944, 4944},{0x7F, 0x0, 0x0, 0xFF}}},
	{{{-3904, -471, -1455},0, {4944, 5936},{0x7F, 0x0, 0x0, 0xFF}}},
	{{{-3904, -761, -1455},0, {5936, 5936},{0x7F, 0x0, 0x0, 0xFF}}},
	{{{-3904, -761, -1455},0, {5936, 5936},{0x7F, 0x0, 0x0, 0xFF}}},
	{{{-3904, -471, -1241},0, {4944, 6928},{0x7F, 0x0, 0x0, 0xFF}}},
	{{{-3904, -761, -1241},0, {5936, 6928},{0x7F, 0x0, 0x0, 0xFF}}},
	{{{-3904, -471, -1455},0, {4944, 5936},{0x7F, 0x0, 0x0, 0xFF}}},
	{{{-3904, -471, -2736},0, {4944, -16},{0x7F, 0x0, 0x0, 0xFF}}},
	{{{-3904, -181, -2736},0, {3952, -16},{0x7F, 0x0, 0x0, 0xFF}}},
	{{{-3904, -181, -2522},0, {3952, 976},{0x7F, 0x0, 0x0, 0xFF}}},
	{{{-3904, -471, -2522},0, {4944, 976},{0x7F, 0x0, 0x0, 0xFF}}},
	{{{-3904, -471, -2522},0, {4944, 976},{0x7F, 0x0, 0x0, 0xFF}}},
	{{{-3904, -181, -2522},0, {3952, 976},{0x7F, 0x0, 0x0, 0xFF}}},
	{{{-3904, -181, -2309},0, {3952, 1968},{0x7F, 0x0, 0x0, 0xFF}}},
	{{{-3904, -471, -2309},0, {4944, 1968},{0x7F, 0x0, 0x0, 0xFF}}},
	{{{-3904, -471, -2309},0, {4944, 1968},{0x7F, 0x0, 0x0, 0xFF}}},
	{{{-3904, -181, -2309},0, {3952, 1968},{0x7F, 0x0, 0x0, 0xFF}}},
	{{{-3904, -181, -2095},0, {3952, 2960},{0x7F, 0x0, 0x0, 0xFF}}},
	{{{-3904, -471, -2095},0, {4944, 2960},{0x7F, 0x0, 0x0, 0xFF}}},
	{{{-3904, -471, -2095},0, {4944, 2960},{0x7F, 0x0, 0x0, 0xFF}}},
	{{{-3904, -181, -2095},0, {3952, 2960},{0x7F, 0x0, 0x0, 0xFF}}},
	{{{-3904, -181, -1882},0, {3952, 3952},{0x7F, 0x0, 0x0, 0xFF}}},
	{{{-3904, -471, -1882},0, {4944, 3952},{0x7F, 0x0, 0x0, 0xFF}}},
	{{{-3904, -471, -1882},0, {4944, 3952},{0x7F, 0x0, 0x0, 0xFF}}},
	{{{-3904, -181, -1882},0, {3952, 3952},{0x7F, 0x0, 0x0, 0xFF}}},
	{{{-3904, -181, -1668},0, {3952, 4944},{0x7F, 0x0, 0x0, 0xFF}}},
	{{{-3904, -471, -1668},0, {4944, 4944},{0x7F, 0x0, 0x0, 0xFF}}},
	{{{-3904, -471, -1668},0, {4944, 4944},{0x7F, 0x0, 0x0, 0xFF}}},
	{{{-3904, -181, -1668},0, {3952, 4944},{0x7F, 0x0, 0x0, 0xFF}}},
	{{{-3904, -181, -1455},0, {3952, 5936},{0x7F, 0x0, 0x0, 0xFF}}},
	{{{-3904, -471, -1455},0, {4944, 5936},{0x7F, 0x0, 0x0, 0xFF}}},
	{{{-3904, -471, -1455},0, {4944, 5936},{0x7F, 0x0, 0x0, 0xFF}}},
	{{{-3904, -181, -1241},0, {3952, 6928},{0x7F, 0x0, 0x0, 0xFF}}},
	{{{-3904, -471, -1241},0, {4944, 6928},{0x7F, 0x0, 0x0, 0xFF}}},
	{{{-3904, -181, -1455},0, {3952, 5936},{0x7F, 0x0, 0x0, 0xFF}}},
	{{{-3904, -181, -2736},0, {3952, -16},{0x7F, 0x0, 0x0, 0xFF}}},
	{{{-3904, 110, -2736},0, {2960, -16},{0x7F, 0x0, 0x0, 0xFF}}},
	{{{-3904, 110, -2522},0, {2960, 976},{0x7F, 0x0, 0x0, 0xFF}}},
	{{{-3904, -181, -2522},0, {3952, 976},{0x7F, 0x0, 0x0, 0xFF}}},
	{{{-3904, -181, -2522},0, {3952, 976},{0x7F, 0x0, 0x0, 0xFF}}},
	{{{-3904, 110, -2522},0, {2960, 976},{0x7F, 0x0, 0x0, 0xFF}}},
	{{{-3904, 110, -2309},0, {2960, 1968},{0x7F, 0x0, 0x0, 0xFF}}},
	{{{-3904, -181, -2309},0, {3952, 1968},{0x7F, 0x0, 0x0, 0xFF}}},
	{{{-3904, -181, -2309},0, {3952, 1968},{0x7F, 0x0, 0x0, 0xFF}}},
	{{{-3904, 110, -2309},0, {2960, 1968},{0x7F, 0x0, 0x0, 0xFF}}},
	{{{-3904, 110, -2095},0, {2960, 2960},{0x7F, 0x0, 0x0, 0xFF}}},
	{{{-3904, -181, -2095},0, {3952, 2960},{0x7F, 0x0, 0x0, 0xFF}}},
	{{{-3904, -181, -2095},0, {3952, 2960},{0x7F, 0x0, 0x0, 0xFF}}},
	{{{-3904, 110, -2095},0, {2960, 2960},{0x7F, 0x0, 0x0, 0xFF}}},
	{{{-3904, 110, -1882},0, {2960, 3952},{0x7F, 0x0, 0x0, 0xFF}}},
	{{{-3904, -181, -1882},0, {3952, 3952},{0x7F, 0x0, 0x0, 0xFF}}},
	{{{-3904, -181, -1882},0, {3952, 3952},{0x7F, 0x0, 0x0, 0xFF}}},
	{{{-3904, 110, -1882},0, {2960, 3952},{0x7F, 0x0, 0x0, 0xFF}}},
	{{{-3904, 110, -1668},0, {2960, 4944},{0x7F, 0x0, 0x0, 0xFF}}},
	{{{-3904, -181, -1668},0, {3952, 4944},{0x7F, 0x0, 0x0, 0xFF}}},
	{{{-3904, -181, -1668},0, {3952, 4944},{0x7F, 0x0, 0x0, 0xFF}}},
	{{{-3904, 110, -1668},0, {2960, 4944},{0x7F, 0x0, 0x0, 0xFF}}},
	{{{-3904, 110, -1455},0, {2960, 5936},{0x7F, 0x0, 0x0, 0xFF}}},
	{{{-3904, -181, -1455},0, {3952, 5936},{0x7F, 0x0, 0x0, 0xFF}}},
	{{{-3904, -181, -1455},0, {3952, 5936},{0x7F, 0x0, 0x0, 0xFF}}},
	{{{-3904, 110, -1241},0, {2960, 6928},{0x7F, 0x0, 0x0, 0xFF}}},
	{{{-3904, -181, -1241},0, {3952, 6928},{0x7F, 0x0, 0x0, 0xFF}}},
	{{{-3904, 110, -1455},0, {2960, 5936},{0x7F, 0x0, 0x0, 0xFF}}},
	{{{-3904, 110, -2736},0, {2960, -16},{0x7F, 0x0, 0x0, 0xFF}}},
	{{{-3904, 400, -2736},0, {1968, -16},{0x7F, 0x0, 0x0, 0xFF}}},
	{{{-3904, 400, -2522},0, {1968, 976},{0x7F, 0x0, 0x0, 0xFF}}},
	{{{-3904, 110, -2522},0, {2960, 976},{0x7F, 0x0, 0x0, 0xFF}}},
	{{{-3904, 110, -2522},0, {2960, 976},{0x7F, 0x0, 0x0, 0xFF}}},
	{{{-3904, 400, -2522},0, {1968, 976},{0x7F, 0x0, 0x0, 0xFF}}},
	{{{-3904, 400, -2309},0, {1968, 1968},{0x7F, 0x0, 0x0, 0xFF}}},
	{{{-3904, 110, -2309},0, {2960, 1968},{0x7F, 0x0, 0x0, 0xFF}}},
	{{{-3904, 110, -2309},0, {2960, 1968},{0x7F, 0x0, 0x0, 0xFF}}},
	{{{-3904, 400, -2309},0, {1968, 1968},{0x7F, 0x0, 0x0, 0xFF}}},
	{{{-3904, 400, -2095},0, {1968, 2960},{0x7F, 0x0, 0x0, 0xFF}}},
	{{{-3904, 110, -2095},0, {2960, 2960},{0x7F, 0x0, 0x0, 0xFF}}},
	{{{-3904, 110, -2095},0, {2960, 2960},{0x7F, 0x0, 0x0, 0xFF}}},
	{{{-3904, 400, -2095},0, {1968, 2960},{0x7F, 0x0, 0x0, 0xFF}}},
	{{{-3904, 400, -1882},0, {1968, 3952},{0x7F, 0x0, 0x0, 0xFF}}},
	{{{-3904, 110, -1882},0, {2960, 3952},{0x7F, 0x0, 0x0, 0xFF}}},
	{{{-3904, 110, -1882},0, {2960, 3952},{0x7F, 0x0, 0x0, 0xFF}}},
	{{{-3904, 400, -1882},0, {1968, 3952},{0x7F, 0x0, 0x0, 0xFF}}},
	{{{-3904, 400, -1668},0, {1968, 4944},{0x7F, 0x0, 0x0, 0xFF}}},
	{{{-3904, 110, -1668},0, {2960, 4944},{0x7F, 0x0, 0x0, 0xFF}}},
	{{{-3904, 110, -1668},0, {2960, 4944},{0x7F, 0x0, 0x0, 0xFF}}},
	{{{-3904, 400, -1668},0, {1968, 4944},{0x7F, 0x0, 0x0, 0xFF}}},
	{{{-3904, 400, -1455},0, {1968, 5936},{0x7F, 0x0, 0x0, 0xFF}}},
	{{{-3904, 110, -1455},0, {2960, 5936},{0x7F, 0x0, 0x0, 0xFF}}},
	{{{-3904, 110, -1455},0, {2960, 5936},{0x7F, 0x0, 0x0, 0xFF}}},
	{{{-3904, 400, -1241},0, {1968, 6928},{0x7F, 0x0, 0x0, 0xFF}}},
	{{{-3904, 110, -1241},0, {2960, 6928},{0x7F, 0x0, 0x0, 0xFF}}},
	{{{-3904, 400, -1455},0, {1968, 5936},{0x7F, 0x0, 0x0, 0xFF}}},
	{{{-3904, 690, -2736},0, {976, -16},{0x7F, 0x0, 0x0, 0xFF}}},
	{{{-3904, 980, -2736},0, {-16, -16},{0x7F, 0x0, 0x0, 0xFF}}},
	{{{-3904, 980, -2522},0, {-16, 976},{0x7F, 0x0, 0x0, 0xFF}}},
	{{{-3904, 690, -2522},0, {976, 976},{0x7F, 0x0, 0x0, 0xFF}}},
	{{{-3904, 400, -2736},0, {1968, -16},{0x7F, 0x0, 0x0, 0xFF}}},
	{{{-3904, 400, -2522},0, {1968, 976},{0x7F, 0x0, 0x0, 0xFF}}},
	{{{-3904, 400, -2522},0, {1968, 976},{0x7F, 0x0, 0x0, 0xFF}}},
	{{{-3904, 690, -2522},0, {976, 976},{0x7F, 0x0, 0x0, 0xFF}}},
	{{{-3904, 690, -2309},0, {976, 1968},{0x7F, 0x0, 0x0, 0xFF}}},
	{{{-3904, 400, -2309},0, {1968, 1968},{0x7F, 0x0, 0x0, 0xFF}}},
	{{{-3904, 400, -2309},0, {1968, 1968},{0x7F, 0x0, 0x0, 0xFF}}},
	{{{-3904, 690, -2309},0, {976, 1968},{0x7F, 0x0, 0x0, 0xFF}}},
	{{{-3904, 690, -2095},0, {976, 2960},{0x7F, 0x0, 0x0, 0xFF}}},
	{{{-3904, 400, -2095},0, {1968, 2960},{0x7F, 0x0, 0x0, 0xFF}}},
	{{{-3904, 400, -2095},0, {1968, 2960},{0x7F, 0x0, 0x0, 0xFF}}},
	{{{-3904, 690, -2095},0, {976, 2960},{0x7F, 0x0, 0x0, 0xFF}}},
	{{{-3904, 690, -1882},0, {976, 3952},{0x7F, 0x0, 0x0, 0xFF}}},
	{{{-3904, 400, -1882},0, {1968, 3952},{0x7F, 0x0, 0x0, 0xFF}}},
	{{{-3904, 400, -1882},0, {1968, 3952},{0x7F, 0x0, 0x0, 0xFF}}},
	{{{-3904, 690, -1882},0, {976, 3952},{0x7F, 0x0, 0x0, 0xFF}}},
	{{{-3904, 690, -1668},0, {976, 4944},{0x7F, 0x0, 0x0, 0xFF}}},
	{{{-3904, 400, -1668},0, {1968, 4944},{0x7F, 0x0, 0x0, 0xFF}}},
	{{{-3904, 400, -1668},0, {1968, 4944},{0x7F, 0x0, 0x0, 0xFF}}},
	{{{-3904, 690, -1668},0, {976, 4944},{0x7F, 0x0, 0x0, 0xFF}}},
	{{{-3904, 690, -1455},0, {976, 5936},{0x7F, 0x0, 0x0, 0xFF}}},
	{{{-3904, 400, -1455},0, {1968, 5936},{0x7F, 0x0, 0x0, 0xFF}}},
	{{{-3904, 400, -1455},0, {1968, 5936},{0x7F, 0x0, 0x0, 0xFF}}},
	{{{-3904, 690, -1455},0, {976, 5936},{0x7F, 0x0, 0x0, 0xFF}}},
	{{{-3904, 690, -1241},0, {976, 6928},{0x7F, 0x0, 0x0, 0xFF}}},
	{{{-3904, 400, -1241},0, {1968, 6928},{0x7F, 0x0, 0x0, 0xFF}}},
	{{{-3904, 690, -2522},0, {976, 976},{0x7F, 0x0, 0x0, 0xFF}}},
	{{{-3904, 980, -2522},0, {-16, 976},{0x7F, 0x0, 0x0, 0xFF}}},
	{{{-3904, 980, -2309},0, {-16, 1968},{0x7F, 0x0, 0x0, 0xFF}}},
	{{{-3904, 690, -2309},0, {976, 1968},{0x7F, 0x0, 0x0, 0xFF}}},
	{{{-3904, 690, -2309},0, {976, 1968},{0x7F, 0x0, 0x0, 0xFF}}},
	{{{-3904, 980, -2309},0, {-16, 1968},{0x7F, 0x0, 0x0, 0xFF}}},
	{{{-3904, 980, -2095},0, {-16, 2960},{0x7F, 0x0, 0x0, 0xFF}}},
	{{{-3904, 690, -2095},0, {976, 2960},{0x7F, 0x0, 0x0, 0xFF}}},
	{{{-3904, 690, -2095},0, {976, 2960},{0x7F, 0x0, 0x0, 0xFF}}},
	{{{-3904, 980, -2095},0, {-16, 2960},{0x7F, 0x0, 0x0, 0xFF}}},
	{{{-3904, 980, -1882},0, {-16, 3952},{0x7F, 0x0, 0x0, 0xFF}}},
	{{{-3904, 690, -1882},0, {976, 3952},{0x7F, 0x0, 0x0, 0xFF}}},
	{{{-3904, 690, -1882},0, {976, 3952},{0x7F, 0x0, 0x0, 0xFF}}},
	{{{-3904, 980, -1882},0, {-16, 3952},{0x7F, 0x0, 0x0, 0xFF}}},
	{{{-3904, 980, -1668},0, {-16, 4944},{0x7F, 0x0, 0x0, 0xFF}}},
	{{{-3904, 690, -1668},0, {976, 4944},{0x7F, 0x0, 0x0, 0xFF}}},
	{{{-3904, 690, -1668},0, {976, 4944},{0x7F, 0x0, 0x0, 0xFF}}},
	{{{-3904, 980, -1668},0, {-16, 4944},{0x7F, 0x0, 0x0, 0xFF}}},
	{{{-3904, 980, -1455},0, {-16, 5936},{0x7F, 0x0, 0x0, 0xFF}}},
	{{{-3904, 690, -1455},0, {976, 5936},{0x7F, 0x0, 0x0, 0xFF}}},
};

Gfx castle_courtyard_dl_s_ice_entrance_mesh_layer_1_tri_2[] = {
	gsDPPipeSync(),
	gsDPTileSync(),
	gsDPSetTextureImage(G_IM_FMT_RGBA, G_IM_SIZ_16b, 248, castle_courtyard_dl_ice_BG_ow1_rgba16),
	gsDPSetTile(G_IM_FMT_RGBA, G_IM_SIZ_16b, 8, 0, 7, 0, G_TX_CLAMP | G_TX_NOMIRROR, 0, 0, G_TX_CLAMP | G_TX_NOMIRROR, 0, 0),
	gsDPLoadSync(),
	gsDPLoadTile(7, 0, 736, 124, 988),
	gsDPPipeSync(),
	gsDPSetTile(G_IM_FMT_RGBA, G_IM_SIZ_16b, 8, 0, 0, 0, G_TX_CLAMP | G_TX_NOMIRROR, 0, 0, G_TX_CLAMP | G_TX_NOMIRROR, 0, 0),
	gsDPSetTileSize(0, 0, 736, 124, 988),
	gsSPVertex(castle_courtyard_dl_s_ice_entrance_mesh_layer_1_vtx_2 + 0, 6, 0),
	gsSP1Triangle(0, 1, 2, 0),
	gsSP1Triangle(3, 1, 0, 0),
	gsSP1Triangle(3, 4, 1, 0),
	gsSP1Triangle(0, 2, 5, 0),
	gsDPPipeSync(),
	gsDPTileSync(),
	gsDPSetTextureImage(G_IM_FMT_RGBA, G_IM_SIZ_16b, 248, castle_courtyard_dl_ice_BG_ow1_rgba16),
	gsDPSetTile(G_IM_FMT_RGBA, G_IM_SIZ_16b, 9, 0, 7, 0, G_TX_CLAMP | G_TX_NOMIRROR, 0, 0, G_TX_CLAMP | G_TX_NOMIRROR, 0, 0),
	gsDPLoadSync(),
	gsDPLoadTile(7, 860, 860, 988, 988),
	gsDPPipeSync(),
	gsDPSetTile(G_IM_FMT_RGBA, G_IM_SIZ_16b, 9, 0, 0, 0, G_TX_CLAMP | G_TX_NOMIRROR, 0, 0, G_TX_CLAMP | G_TX_NOMIRROR, 0, 0),
	gsDPSetTileSize(0, 860, 860, 988, 988),
	gsSPVertex(castle_courtyard_dl_s_ice_entrance_mesh_layer_1_vtx_2 + 6, 4, 0),
	gsSP1Triangle(0, 1, 2, 0),
	gsSP1Triangle(0, 3, 1, 0),
	gsDPPipeSync(),
	gsDPTileSync(),
	gsDPSetTextureImage(G_IM_FMT_RGBA, G_IM_SIZ_16b, 248, castle_courtyard_dl_ice_BG_ow1_rgba16),
	gsDPSetTile(G_IM_FMT_RGBA, G_IM_SIZ_16b, 9, 0, 7, 0, G_TX_CLAMP | G_TX_NOMIRROR, 0, 0, G_TX_CLAMP | G_TX_NOMIRROR, 0, 0),
	gsDPLoadSync(),
	gsDPLoadTile(7, 736, 860, 868, 988),
	gsDPPipeSync(),
	gsDPSetTile(G_IM_FMT_RGBA, G_IM_SIZ_16b, 9, 0, 0, 0, G_TX_CLAMP | G_TX_NOMIRROR, 0, 0, G_TX_CLAMP | G_TX_NOMIRROR, 0, 0),
	gsDPSetTileSize(0, 736, 860, 868, 988),
	gsSPVertex(castle_courtyard_dl_s_ice_entrance_mesh_layer_1_vtx_2 + 10, 4, 0),
	gsSP1Triangle(0, 1, 2, 0),
	gsSP1Triangle(0, 3, 1, 0),
	gsDPPipeSync(),
	gsDPTileSync(),
	gsDPSetTextureImage(G_IM_FMT_RGBA, G_IM_SIZ_16b, 248, castle_courtyard_dl_ice_BG_ow1_rgba16),
	gsDPSetTile(G_IM_FMT_RGBA, G_IM_SIZ_16b, 9, 0, 7, 0, G_TX_CLAMP | G_TX_NOMIRROR, 0, 0, G_TX_CLAMP | G_TX_NOMIRROR, 0, 0),
	gsDPLoadSync(),
	gsDPLoadTile(7, 612, 860, 744, 988),
	gsDPPipeSync(),
	gsDPSetTile(G_IM_FMT_RGBA, G_IM_SIZ_16b, 9, 0, 0, 0, G_TX_CLAMP | G_TX_NOMIRROR, 0, 0, G_TX_CLAMP | G_TX_NOMIRROR, 0, 0),
	gsDPSetTileSize(0, 612, 860, 744, 988),
	gsSPVertex(castle_courtyard_dl_s_ice_entrance_mesh_layer_1_vtx_2 + 14, 4, 0),
	gsSP1Triangle(0, 1, 2, 0),
	gsSP1Triangle(0, 3, 1, 0),
	gsDPPipeSync(),
	gsDPTileSync(),
	gsDPSetTextureImage(G_IM_FMT_RGBA, G_IM_SIZ_16b, 248, castle_courtyard_dl_ice_BG_ow1_rgba16),
	gsDPSetTile(G_IM_FMT_RGBA, G_IM_SIZ_16b, 9, 0, 7, 0, G_TX_CLAMP | G_TX_NOMIRROR, 0, 0, G_TX_CLAMP | G_TX_NOMIRROR, 0, 0),
	gsDPLoadSync(),
	gsDPLoadTile(7, 488, 860, 620, 988),
	gsDPPipeSync(),
	gsDPSetTile(G_IM_FMT_RGBA, G_IM_SIZ_16b, 9, 0, 0, 0, G_TX_CLAMP | G_TX_NOMIRROR, 0, 0, G_TX_CLAMP | G_TX_NOMIRROR, 0, 0),
	gsDPSetTileSize(0, 488, 860, 620, 988),
	gsSPVertex(castle_courtyard_dl_s_ice_entrance_mesh_layer_1_vtx_2 + 18, 4, 0),
	gsSP1Triangle(0, 1, 2, 0),
	gsSP1Triangle(0, 3, 1, 0),
	gsDPPipeSync(),
	gsDPTileSync(),
	gsDPSetTextureImage(G_IM_FMT_RGBA, G_IM_SIZ_16b, 248, castle_courtyard_dl_ice_BG_ow1_rgba16),
	gsDPSetTile(G_IM_FMT_RGBA, G_IM_SIZ_16b, 9, 0, 7, 0, G_TX_CLAMP | G_TX_NOMIRROR, 0, 0, G_TX_CLAMP | G_TX_NOMIRROR, 0, 0),
	gsDPLoadSync(),
	gsDPLoadTile(7, 364, 860, 496, 988),
	gsDPPipeSync(),
	gsDPSetTile(G_IM_FMT_RGBA, G_IM_SIZ_16b, 9, 0, 0, 0, G_TX_CLAMP | G_TX_NOMIRROR, 0, 0, G_TX_CLAMP | G_TX_NOMIRROR, 0, 0),
	gsDPSetTileSize(0, 364, 860, 496, 988),
	gsSPVertex(castle_courtyard_dl_s_ice_entrance_mesh_layer_1_vtx_2 + 22, 4, 0),
	gsSP1Triangle(0, 1, 2, 0),
	gsSP1Triangle(0, 3, 1, 0),
	gsDPPipeSync(),
	gsDPTileSync(),
	gsDPSetTextureImage(G_IM_FMT_RGBA, G_IM_SIZ_16b, 248, castle_courtyard_dl_ice_BG_ow1_rgba16),
	gsDPSetTile(G_IM_FMT_RGBA, G_IM_SIZ_16b, 9, 0, 7, 0, G_TX_CLAMP | G_TX_NOMIRROR, 0, 0, G_TX_CLAMP | G_TX_NOMIRROR, 0, 0),
	gsDPLoadSync(),
	gsDPLoadTile(7, 240, 860, 372, 988),
	gsDPPipeSync(),
	gsDPSetTile(G_IM_FMT_RGBA, G_IM_SIZ_16b, 9, 0, 0, 0, G_TX_CLAMP | G_TX_NOMIRROR, 0, 0, G_TX_CLAMP | G_TX_NOMIRROR, 0, 0),
	gsDPSetTileSize(0, 240, 860, 372, 988),
	gsSPVertex(castle_courtyard_dl_s_ice_entrance_mesh_layer_1_vtx_2 + 26, 4, 0),
	gsSP1Triangle(0, 1, 2, 0),
	gsSP1Triangle(0, 3, 1, 0),
	gsDPPipeSync(),
	gsDPTileSync(),
	gsDPSetTextureImage(G_IM_FMT_RGBA, G_IM_SIZ_16b, 248, castle_courtyard_dl_ice_BG_ow1_rgba16),
	gsDPSetTile(G_IM_FMT_RGBA, G_IM_SIZ_16b, 9, 0, 7, 0, G_TX_CLAMP | G_TX_NOMIRROR, 0, 0, G_TX_CLAMP | G_TX_NOMIRROR, 0, 0),
	gsDPLoadSync(),
	gsDPLoadTile(7, 116, 860, 248, 988),
	gsDPPipeSync(),
	gsDPSetTile(G_IM_FMT_RGBA, G_IM_SIZ_16b, 9, 0, 0, 0, G_TX_CLAMP | G_TX_NOMIRROR, 0, 0, G_TX_CLAMP | G_TX_NOMIRROR, 0, 0),
	gsDPSetTileSize(0, 116, 860, 248, 988),
	gsSPVertex(castle_courtyard_dl_s_ice_entrance_mesh_layer_1_vtx_2 + 30, 4, 0),
	gsSP1Triangle(0, 1, 2, 0),
	gsSP1Triangle(0, 3, 1, 0),
	gsDPPipeSync(),
	gsDPTileSync(),
	gsDPSetTextureImage(G_IM_FMT_RGBA, G_IM_SIZ_16b, 248, castle_courtyard_dl_ice_BG_ow1_rgba16),
	gsDPSetTile(G_IM_FMT_RGBA, G_IM_SIZ_16b, 16, 0, 7, 0, G_TX_CLAMP | G_TX_NOMIRROR, 0, 0, G_TX_CLAMP | G_TX_NOMIRROR, 0, 0),
	gsDPLoadSync(),
	gsDPLoadTile(7, 736, 0, 988, 124),
	gsDPPipeSync(),
	gsDPSetTile(G_IM_FMT_RGBA, G_IM_SIZ_16b, 16, 0, 0, 0, G_TX_CLAMP | G_TX_NOMIRROR, 0, 0, G_TX_CLAMP | G_TX_NOMIRROR, 0, 0),
	gsDPSetTileSize(0, 736, 0, 988, 124),
	gsSPVertex(castle_courtyard_dl_s_ice_entrance_mesh_layer_1_vtx_2 + 34, 6, 0),
	gsSP1Triangle(0, 1, 2, 0),
	gsSP1Triangle(1, 3, 2, 0),
	gsSP1Triangle(1, 4, 3, 0),
	gsSP1Triangle(0, 2, 5, 0),
	gsDPPipeSync(),
	gsDPTileSync(),
	gsDPSetTextureImage(G_IM_FMT_RGBA, G_IM_SIZ_16b, 248, castle_courtyard_dl_ice_BG_ow1_rgba16),
	gsDPSetTile(G_IM_FMT_RGBA, G_IM_SIZ_16b, 9, 0, 7, 0, G_TX_CLAMP | G_TX_NOMIRROR, 0, 0, G_TX_CLAMP | G_TX_NOMIRROR, 0, 0),
	gsDPLoadSync(),
	gsDPLoadTile(7, 860, 116, 988, 248),
	gsDPPipeSync(),
	gsDPSetTile(G_IM_FMT_RGBA, G_IM_SIZ_16b, 9, 0, 0, 0, G_TX_CLAMP | G_TX_NOMIRROR, 0, 0, G_TX_CLAMP | G_TX_NOMIRROR, 0, 0),
	gsDPSetTileSize(0, 860, 116, 988, 248),
	gsSPVertex(castle_courtyard_dl_s_ice_entrance_mesh_layer_1_vtx_2 + 40, 4, 0),
	gsSP1Triangle(0, 1, 2, 0),
	gsSP1Triangle(0, 2, 3, 0),
	gsDPPipeSync(),
	gsDPTileSync(),
	gsDPSetTextureImage(G_IM_FMT_RGBA, G_IM_SIZ_16b, 248, castle_courtyard_dl_ice_BG_ow1_rgba16),
	gsDPSetTile(G_IM_FMT_RGBA, G_IM_SIZ_16b, 9, 0, 7, 0, G_TX_CLAMP | G_TX_NOMIRROR, 0, 0, G_TX_CLAMP | G_TX_NOMIRROR, 0, 0),
	gsDPLoadSync(),
	gsDPLoadTile(7, 860, 240, 988, 372),
	gsDPPipeSync(),
	gsDPSetTile(G_IM_FMT_RGBA, G_IM_SIZ_16b, 9, 0, 0, 0, G_TX_CLAMP | G_TX_NOMIRROR, 0, 0, G_TX_CLAMP | G_TX_NOMIRROR, 0, 0),
	gsDPSetTileSize(0, 860, 240, 988, 372),
	gsSPVertex(castle_courtyard_dl_s_ice_entrance_mesh_layer_1_vtx_2 + 44, 4, 0),
	gsSP1Triangle(0, 1, 2, 0),
	gsSP1Triangle(0, 2, 3, 0),
	gsDPPipeSync(),
	gsDPTileSync(),
	gsDPSetTextureImage(G_IM_FMT_RGBA, G_IM_SIZ_16b, 248, castle_courtyard_dl_ice_BG_ow1_rgba16),
	gsDPSetTile(G_IM_FMT_RGBA, G_IM_SIZ_16b, 9, 0, 7, 0, G_TX_CLAMP | G_TX_NOMIRROR, 0, 0, G_TX_CLAMP | G_TX_NOMIRROR, 0, 0),
	gsDPLoadSync(),
	gsDPLoadTile(7, 860, 364, 988, 496),
	gsDPPipeSync(),
	gsDPSetTile(G_IM_FMT_RGBA, G_IM_SIZ_16b, 9, 0, 0, 0, G_TX_CLAMP | G_TX_NOMIRROR, 0, 0, G_TX_CLAMP | G_TX_NOMIRROR, 0, 0),
	gsDPSetTileSize(0, 860, 364, 988, 496),
	gsSPVertex(castle_courtyard_dl_s_ice_entrance_mesh_layer_1_vtx_2 + 48, 4, 0),
	gsSP1Triangle(0, 1, 2, 0),
	gsSP1Triangle(0, 2, 3, 0),
	gsDPPipeSync(),
	gsDPTileSync(),
	gsDPSetTextureImage(G_IM_FMT_RGBA, G_IM_SIZ_16b, 248, castle_courtyard_dl_ice_BG_ow1_rgba16),
	gsDPSetTile(G_IM_FMT_RGBA, G_IM_SIZ_16b, 9, 0, 7, 0, G_TX_CLAMP | G_TX_NOMIRROR, 0, 0, G_TX_CLAMP | G_TX_NOMIRROR, 0, 0),
	gsDPLoadSync(),
	gsDPLoadTile(7, 860, 488, 988, 620),
	gsDPPipeSync(),
	gsDPSetTile(G_IM_FMT_RGBA, G_IM_SIZ_16b, 9, 0, 0, 0, G_TX_CLAMP | G_TX_NOMIRROR, 0, 0, G_TX_CLAMP | G_TX_NOMIRROR, 0, 0),
	gsDPSetTileSize(0, 860, 488, 988, 620),
	gsSPVertex(castle_courtyard_dl_s_ice_entrance_mesh_layer_1_vtx_2 + 52, 4, 0),
	gsSP1Triangle(0, 1, 2, 0),
	gsSP1Triangle(0, 2, 3, 0),
	gsDPPipeSync(),
	gsDPTileSync(),
	gsDPSetTextureImage(G_IM_FMT_RGBA, G_IM_SIZ_16b, 248, castle_courtyard_dl_ice_BG_ow1_rgba16),
	gsDPSetTile(G_IM_FMT_RGBA, G_IM_SIZ_16b, 9, 0, 7, 0, G_TX_CLAMP | G_TX_NOMIRROR, 0, 0, G_TX_CLAMP | G_TX_NOMIRROR, 0, 0),
	gsDPLoadSync(),
	gsDPLoadTile(7, 860, 612, 988, 744),
	gsDPPipeSync(),
	gsDPSetTile(G_IM_FMT_RGBA, G_IM_SIZ_16b, 9, 0, 0, 0, G_TX_CLAMP | G_TX_NOMIRROR, 0, 0, G_TX_CLAMP | G_TX_NOMIRROR, 0, 0),
	gsDPSetTileSize(0, 860, 612, 988, 744),
	gsSPVertex(castle_courtyard_dl_s_ice_entrance_mesh_layer_1_vtx_2 + 56, 4, 0),
	gsSP1Triangle(0, 1, 2, 0),
	gsSP1Triangle(0, 2, 3, 0),
	gsDPPipeSync(),
	gsDPTileSync(),
	gsDPSetTextureImage(G_IM_FMT_RGBA, G_IM_SIZ_16b, 248, castle_courtyard_dl_ice_BG_ow1_rgba16),
	gsDPSetTile(G_IM_FMT_RGBA, G_IM_SIZ_16b, 9, 0, 7, 0, G_TX_CLAMP | G_TX_NOMIRROR, 0, 0, G_TX_CLAMP | G_TX_NOMIRROR, 0, 0),
	gsDPLoadSync(),
	gsDPLoadTile(7, 860, 736, 988, 868),
	gsDPPipeSync(),
	gsDPSetTile(G_IM_FMT_RGBA, G_IM_SIZ_16b, 9, 0, 0, 0, G_TX_CLAMP | G_TX_NOMIRROR, 0, 0, G_TX_CLAMP | G_TX_NOMIRROR, 0, 0),
	gsDPSetTileSize(0, 860, 736, 988, 868),
	gsSPVertex(castle_courtyard_dl_s_ice_entrance_mesh_layer_1_vtx_2 + 60, 4, 0),
	gsSP1Triangle(0, 1, 2, 0),
	gsSP1Triangle(0, 3, 1, 0),
	gsDPPipeSync(),
	gsDPTileSync(),
	gsDPSetTextureImage(G_IM_FMT_RGBA, G_IM_SIZ_16b, 248, castle_courtyard_dl_ice_BG_ow1_rgba16),
	gsDPSetTile(G_IM_FMT_RGBA, G_IM_SIZ_16b, 9, 0, 7, 0, G_TX_CLAMP | G_TX_NOMIRROR, 0, 0, G_TX_CLAMP | G_TX_NOMIRROR, 0, 0),
	gsDPLoadSync(),
	gsDPLoadTile(7, 736, 116, 868, 248),
	gsDPPipeSync(),
	gsDPSetTile(G_IM_FMT_RGBA, G_IM_SIZ_16b, 9, 0, 0, 0, G_TX_CLAMP | G_TX_NOMIRROR, 0, 0, G_TX_CLAMP | G_TX_NOMIRROR, 0, 0),
	gsDPSetTileSize(0, 736, 116, 868, 248),
	gsSPVertex(castle_courtyard_dl_s_ice_entrance_mesh_layer_1_vtx_2 + 64, 4, 0),
	gsSP1Triangle(0, 1, 2, 0),
	gsSP1Triangle(0, 2, 3, 0),
	gsDPPipeSync(),
	gsDPTileSync(),
	gsDPSetTextureImage(G_IM_FMT_RGBA, G_IM_SIZ_16b, 248, castle_courtyard_dl_ice_BG_ow1_rgba16),
	gsDPSetTile(G_IM_FMT_RGBA, G_IM_SIZ_16b, 9, 0, 7, 0, G_TX_CLAMP | G_TX_NOMIRROR, 0, 0, G_TX_CLAMP | G_TX_NOMIRROR, 0, 0),
	gsDPLoadSync(),
	gsDPLoadTile(7, 736, 240, 868, 372),
	gsDPPipeSync(),
	gsDPSetTile(G_IM_FMT_RGBA, G_IM_SIZ_16b, 9, 0, 0, 0, G_TX_CLAMP | G_TX_NOMIRROR, 0, 0, G_TX_CLAMP | G_TX_NOMIRROR, 0, 0),
	gsDPSetTileSize(0, 736, 240, 868, 372),
	gsSPVertex(castle_courtyard_dl_s_ice_entrance_mesh_layer_1_vtx_2 + 68, 4, 0),
	gsSP1Triangle(0, 1, 2, 0),
	gsSP1Triangle(0, 2, 3, 0),
	gsDPPipeSync(),
	gsDPTileSync(),
	gsDPSetTextureImage(G_IM_FMT_RGBA, G_IM_SIZ_16b, 248, castle_courtyard_dl_ice_BG_ow1_rgba16),
	gsDPSetTile(G_IM_FMT_RGBA, G_IM_SIZ_16b, 9, 0, 7, 0, G_TX_CLAMP | G_TX_NOMIRROR, 0, 0, G_TX_CLAMP | G_TX_NOMIRROR, 0, 0),
	gsDPLoadSync(),
	gsDPLoadTile(7, 736, 364, 868, 496),
	gsDPPipeSync(),
	gsDPSetTile(G_IM_FMT_RGBA, G_IM_SIZ_16b, 9, 0, 0, 0, G_TX_CLAMP | G_TX_NOMIRROR, 0, 0, G_TX_CLAMP | G_TX_NOMIRROR, 0, 0),
	gsDPSetTileSize(0, 736, 364, 868, 496),
	gsSPVertex(castle_courtyard_dl_s_ice_entrance_mesh_layer_1_vtx_2 + 72, 4, 0),
	gsSP1Triangle(0, 1, 2, 0),
	gsSP1Triangle(0, 2, 3, 0),
	gsDPPipeSync(),
	gsDPTileSync(),
	gsDPSetTextureImage(G_IM_FMT_RGBA, G_IM_SIZ_16b, 248, castle_courtyard_dl_ice_BG_ow1_rgba16),
	gsDPSetTile(G_IM_FMT_RGBA, G_IM_SIZ_16b, 9, 0, 7, 0, G_TX_CLAMP | G_TX_NOMIRROR, 0, 0, G_TX_CLAMP | G_TX_NOMIRROR, 0, 0),
	gsDPLoadSync(),
	gsDPLoadTile(7, 736, 488, 868, 620),
	gsDPPipeSync(),
	gsDPSetTile(G_IM_FMT_RGBA, G_IM_SIZ_16b, 9, 0, 0, 0, G_TX_CLAMP | G_TX_NOMIRROR, 0, 0, G_TX_CLAMP | G_TX_NOMIRROR, 0, 0),
	gsDPSetTileSize(0, 736, 488, 868, 620),
	gsSPVertex(castle_courtyard_dl_s_ice_entrance_mesh_layer_1_vtx_2 + 76, 4, 0),
	gsSP1Triangle(0, 1, 2, 0),
	gsSP1Triangle(0, 2, 3, 0),
	gsDPPipeSync(),
	gsDPTileSync(),
	gsDPSetTextureImage(G_IM_FMT_RGBA, G_IM_SIZ_16b, 248, castle_courtyard_dl_ice_BG_ow1_rgba16),
	gsDPSetTile(G_IM_FMT_RGBA, G_IM_SIZ_16b, 9, 0, 7, 0, G_TX_CLAMP | G_TX_NOMIRROR, 0, 0, G_TX_CLAMP | G_TX_NOMIRROR, 0, 0),
	gsDPLoadSync(),
	gsDPLoadTile(7, 736, 612, 868, 744),
	gsDPPipeSync(),
	gsDPSetTile(G_IM_FMT_RGBA, G_IM_SIZ_16b, 9, 0, 0, 0, G_TX_CLAMP | G_TX_NOMIRROR, 0, 0, G_TX_CLAMP | G_TX_NOMIRROR, 0, 0),
	gsDPSetTileSize(0, 736, 612, 868, 744),
	gsSPVertex(castle_courtyard_dl_s_ice_entrance_mesh_layer_1_vtx_2 + 80, 4, 0),
	gsSP1Triangle(0, 1, 2, 0),
	gsSP1Triangle(0, 2, 3, 0),
	gsDPPipeSync(),
	gsDPTileSync(),
	gsDPSetTextureImage(G_IM_FMT_RGBA, G_IM_SIZ_16b, 248, castle_courtyard_dl_ice_BG_ow1_rgba16),
	gsDPSetTile(G_IM_FMT_RGBA, G_IM_SIZ_16b, 9, 0, 7, 0, G_TX_CLAMP | G_TX_NOMIRROR, 0, 0, G_TX_CLAMP | G_TX_NOMIRROR, 0, 0),
	gsDPLoadSync(),
	gsDPLoadTile(7, 736, 736, 868, 868),
	gsDPPipeSync(),
	gsDPSetTile(G_IM_FMT_RGBA, G_IM_SIZ_16b, 9, 0, 0, 0, G_TX_CLAMP | G_TX_NOMIRROR, 0, 0, G_TX_CLAMP | G_TX_NOMIRROR, 0, 0),
	gsDPSetTileSize(0, 736, 736, 868, 868),
	gsSPVertex(castle_courtyard_dl_s_ice_entrance_mesh_layer_1_vtx_2 + 84, 4, 0),
	gsSP1Triangle(0, 1, 2, 0),
	gsSP1Triangle(0, 3, 1, 0),
	gsDPPipeSync(),
	gsDPTileSync(),
	gsDPSetTextureImage(G_IM_FMT_RGBA, G_IM_SIZ_16b, 248, castle_courtyard_dl_ice_BG_ow1_rgba16),
	gsDPSetTile(G_IM_FMT_RGBA, G_IM_SIZ_16b, 9, 0, 7, 0, G_TX_CLAMP | G_TX_NOMIRROR, 0, 0, G_TX_CLAMP | G_TX_NOMIRROR, 0, 0),
	gsDPLoadSync(),
	gsDPLoadTile(7, 612, 0, 744, 124),
	gsDPPipeSync(),
	gsDPSetTile(G_IM_FMT_RGBA, G_IM_SIZ_16b, 9, 0, 0, 0, G_TX_CLAMP | G_TX_NOMIRROR, 0, 0, G_TX_CLAMP | G_TX_NOMIRROR, 0, 0),
	gsDPSetTileSize(0, 612, 0, 744, 124),
	gsSPVertex(castle_courtyard_dl_s_ice_entrance_mesh_layer_1_vtx_2 + 88, 4, 0),
	gsSP1Triangle(0, 1, 2, 0),
	gsSP1Triangle(0, 2, 3, 0),
	gsDPPipeSync(),
	gsDPTileSync(),
	gsDPSetTextureImage(G_IM_FMT_RGBA, G_IM_SIZ_16b, 248, castle_courtyard_dl_ice_BG_ow1_rgba16),
	gsDPSetTile(G_IM_FMT_RGBA, G_IM_SIZ_16b, 9, 0, 7, 0, G_TX_CLAMP | G_TX_NOMIRROR, 0, 0, G_TX_CLAMP | G_TX_NOMIRROR, 0, 0),
	gsDPLoadSync(),
	gsDPLoadTile(7, 612, 116, 744, 248),
	gsDPPipeSync(),
	gsDPSetTile(G_IM_FMT_RGBA, G_IM_SIZ_16b, 9, 0, 0, 0, G_TX_CLAMP | G_TX_NOMIRROR, 0, 0, G_TX_CLAMP | G_TX_NOMIRROR, 0, 0),
	gsDPSetTileSize(0, 612, 116, 744, 248),
	gsSPVertex(castle_courtyard_dl_s_ice_entrance_mesh_layer_1_vtx_2 + 92, 4, 0),
	gsSP1Triangle(0, 1, 2, 0),
	gsSP1Triangle(0, 2, 3, 0),
	gsDPPipeSync(),
	gsDPTileSync(),
	gsDPSetTextureImage(G_IM_FMT_RGBA, G_IM_SIZ_16b, 248, castle_courtyard_dl_ice_BG_ow1_rgba16),
	gsDPSetTile(G_IM_FMT_RGBA, G_IM_SIZ_16b, 9, 0, 7, 0, G_TX_CLAMP | G_TX_NOMIRROR, 0, 0, G_TX_CLAMP | G_TX_NOMIRROR, 0, 0),
	gsDPLoadSync(),
	gsDPLoadTile(7, 612, 240, 744, 372),
	gsDPPipeSync(),
	gsDPSetTile(G_IM_FMT_RGBA, G_IM_SIZ_16b, 9, 0, 0, 0, G_TX_CLAMP | G_TX_NOMIRROR, 0, 0, G_TX_CLAMP | G_TX_NOMIRROR, 0, 0),
	gsDPSetTileSize(0, 612, 240, 744, 372),
	gsSPVertex(castle_courtyard_dl_s_ice_entrance_mesh_layer_1_vtx_2 + 96, 4, 0),
	gsSP1Triangle(0, 1, 2, 0),
	gsSP1Triangle(0, 2, 3, 0),
	gsDPPipeSync(),
	gsDPTileSync(),
	gsDPSetTextureImage(G_IM_FMT_RGBA, G_IM_SIZ_16b, 248, castle_courtyard_dl_ice_BG_ow1_rgba16),
	gsDPSetTile(G_IM_FMT_RGBA, G_IM_SIZ_16b, 9, 0, 7, 0, G_TX_CLAMP | G_TX_NOMIRROR, 0, 0, G_TX_CLAMP | G_TX_NOMIRROR, 0, 0),
	gsDPLoadSync(),
	gsDPLoadTile(7, 612, 364, 744, 496),
	gsDPPipeSync(),
	gsDPSetTile(G_IM_FMT_RGBA, G_IM_SIZ_16b, 9, 0, 0, 0, G_TX_CLAMP | G_TX_NOMIRROR, 0, 0, G_TX_CLAMP | G_TX_NOMIRROR, 0, 0),
	gsDPSetTileSize(0, 612, 364, 744, 496),
	gsSPVertex(castle_courtyard_dl_s_ice_entrance_mesh_layer_1_vtx_2 + 100, 4, 0),
	gsSP1Triangle(0, 1, 2, 0),
	gsSP1Triangle(0, 2, 3, 0),
	gsDPPipeSync(),
	gsDPTileSync(),
	gsDPSetTextureImage(G_IM_FMT_RGBA, G_IM_SIZ_16b, 248, castle_courtyard_dl_ice_BG_ow1_rgba16),
	gsDPSetTile(G_IM_FMT_RGBA, G_IM_SIZ_16b, 9, 0, 7, 0, G_TX_CLAMP | G_TX_NOMIRROR, 0, 0, G_TX_CLAMP | G_TX_NOMIRROR, 0, 0),
	gsDPLoadSync(),
	gsDPLoadTile(7, 612, 488, 744, 620),
	gsDPPipeSync(),
	gsDPSetTile(G_IM_FMT_RGBA, G_IM_SIZ_16b, 9, 0, 0, 0, G_TX_CLAMP | G_TX_NOMIRROR, 0, 0, G_TX_CLAMP | G_TX_NOMIRROR, 0, 0),
	gsDPSetTileSize(0, 612, 488, 744, 620),
	gsSPVertex(castle_courtyard_dl_s_ice_entrance_mesh_layer_1_vtx_2 + 104, 4, 0),
	gsSP1Triangle(0, 1, 2, 0),
	gsSP1Triangle(0, 2, 3, 0),
	gsDPPipeSync(),
	gsDPTileSync(),
	gsDPSetTextureImage(G_IM_FMT_RGBA, G_IM_SIZ_16b, 248, castle_courtyard_dl_ice_BG_ow1_rgba16),
	gsDPSetTile(G_IM_FMT_RGBA, G_IM_SIZ_16b, 9, 0, 7, 0, G_TX_CLAMP | G_TX_NOMIRROR, 0, 0, G_TX_CLAMP | G_TX_NOMIRROR, 0, 0),
	gsDPLoadSync(),
	gsDPLoadTile(7, 612, 612, 744, 744),
	gsDPPipeSync(),
	gsDPSetTile(G_IM_FMT_RGBA, G_IM_SIZ_16b, 9, 0, 0, 0, G_TX_CLAMP | G_TX_NOMIRROR, 0, 0, G_TX_CLAMP | G_TX_NOMIRROR, 0, 0),
	gsDPSetTileSize(0, 612, 612, 744, 744),
	gsSPVertex(castle_courtyard_dl_s_ice_entrance_mesh_layer_1_vtx_2 + 108, 4, 0),
	gsSP1Triangle(0, 1, 2, 0),
	gsSP1Triangle(0, 2, 3, 0),
	gsDPPipeSync(),
	gsDPTileSync(),
	gsDPSetTextureImage(G_IM_FMT_RGBA, G_IM_SIZ_16b, 248, castle_courtyard_dl_ice_BG_ow1_rgba16),
	gsDPSetTile(G_IM_FMT_RGBA, G_IM_SIZ_16b, 9, 0, 7, 0, G_TX_CLAMP | G_TX_NOMIRROR, 0, 0, G_TX_CLAMP | G_TX_NOMIRROR, 0, 0),
	gsDPLoadSync(),
	gsDPLoadTile(7, 612, 736, 744, 868),
	gsDPPipeSync(),
	gsDPSetTile(G_IM_FMT_RGBA, G_IM_SIZ_16b, 9, 0, 0, 0, G_TX_CLAMP | G_TX_NOMIRROR, 0, 0, G_TX_CLAMP | G_TX_NOMIRROR, 0, 0),
	gsDPSetTileSize(0, 612, 736, 744, 868),
	gsSPVertex(castle_courtyard_dl_s_ice_entrance_mesh_layer_1_vtx_2 + 112, 4, 0),
	gsSP1Triangle(0, 1, 2, 0),
	gsSP1Triangle(0, 3, 1, 0),
	gsDPPipeSync(),
	gsDPTileSync(),
	gsDPSetTextureImage(G_IM_FMT_RGBA, G_IM_SIZ_16b, 248, castle_courtyard_dl_ice_BG_ow1_rgba16),
	gsDPSetTile(G_IM_FMT_RGBA, G_IM_SIZ_16b, 9, 0, 7, 0, G_TX_CLAMP | G_TX_NOMIRROR, 0, 0, G_TX_CLAMP | G_TX_NOMIRROR, 0, 0),
	gsDPLoadSync(),
	gsDPLoadTile(7, 488, 0, 620, 124),
	gsDPPipeSync(),
	gsDPSetTile(G_IM_FMT_RGBA, G_IM_SIZ_16b, 9, 0, 0, 0, G_TX_CLAMP | G_TX_NOMIRROR, 0, 0, G_TX_CLAMP | G_TX_NOMIRROR, 0, 0),
	gsDPSetTileSize(0, 488, 0, 620, 124),
	gsSPVertex(castle_courtyard_dl_s_ice_entrance_mesh_layer_1_vtx_2 + 116, 4, 0),
	gsSP1Triangle(0, 1, 2, 0),
	gsSP1Triangle(0, 2, 3, 0),
	gsDPPipeSync(),
	gsDPTileSync(),
	gsDPSetTextureImage(G_IM_FMT_RGBA, G_IM_SIZ_16b, 248, castle_courtyard_dl_ice_BG_ow1_rgba16),
	gsDPSetTile(G_IM_FMT_RGBA, G_IM_SIZ_16b, 9, 0, 7, 0, G_TX_CLAMP | G_TX_NOMIRROR, 0, 0, G_TX_CLAMP | G_TX_NOMIRROR, 0, 0),
	gsDPLoadSync(),
	gsDPLoadTile(7, 488, 116, 620, 248),
	gsDPPipeSync(),
	gsDPSetTile(G_IM_FMT_RGBA, G_IM_SIZ_16b, 9, 0, 0, 0, G_TX_CLAMP | G_TX_NOMIRROR, 0, 0, G_TX_CLAMP | G_TX_NOMIRROR, 0, 0),
	gsDPSetTileSize(0, 488, 116, 620, 248),
	gsSPVertex(castle_courtyard_dl_s_ice_entrance_mesh_layer_1_vtx_2 + 120, 4, 0),
	gsSP1Triangle(0, 1, 2, 0),
	gsSP1Triangle(0, 2, 3, 0),
	gsDPPipeSync(),
	gsDPTileSync(),
	gsDPSetTextureImage(G_IM_FMT_RGBA, G_IM_SIZ_16b, 248, castle_courtyard_dl_ice_BG_ow1_rgba16),
	gsDPSetTile(G_IM_FMT_RGBA, G_IM_SIZ_16b, 9, 0, 7, 0, G_TX_CLAMP | G_TX_NOMIRROR, 0, 0, G_TX_CLAMP | G_TX_NOMIRROR, 0, 0),
	gsDPLoadSync(),
	gsDPLoadTile(7, 488, 240, 620, 372),
	gsDPPipeSync(),
	gsDPSetTile(G_IM_FMT_RGBA, G_IM_SIZ_16b, 9, 0, 0, 0, G_TX_CLAMP | G_TX_NOMIRROR, 0, 0, G_TX_CLAMP | G_TX_NOMIRROR, 0, 0),
	gsDPSetTileSize(0, 488, 240, 620, 372),
	gsSPVertex(castle_courtyard_dl_s_ice_entrance_mesh_layer_1_vtx_2 + 124, 4, 0),
	gsSP1Triangle(0, 1, 2, 0),
	gsSP1Triangle(0, 2, 3, 0),
	gsDPPipeSync(),
	gsDPTileSync(),
	gsDPSetTextureImage(G_IM_FMT_RGBA, G_IM_SIZ_16b, 248, castle_courtyard_dl_ice_BG_ow1_rgba16),
	gsDPSetTile(G_IM_FMT_RGBA, G_IM_SIZ_16b, 9, 0, 7, 0, G_TX_CLAMP | G_TX_NOMIRROR, 0, 0, G_TX_CLAMP | G_TX_NOMIRROR, 0, 0),
	gsDPLoadSync(),
	gsDPLoadTile(7, 488, 364, 620, 496),
	gsDPPipeSync(),
	gsDPSetTile(G_IM_FMT_RGBA, G_IM_SIZ_16b, 9, 0, 0, 0, G_TX_CLAMP | G_TX_NOMIRROR, 0, 0, G_TX_CLAMP | G_TX_NOMIRROR, 0, 0),
	gsDPSetTileSize(0, 488, 364, 620, 496),
	gsSPVertex(castle_courtyard_dl_s_ice_entrance_mesh_layer_1_vtx_2 + 128, 4, 0),
	gsSP1Triangle(0, 1, 2, 0),
	gsSP1Triangle(0, 2, 3, 0),
	gsDPPipeSync(),
	gsDPTileSync(),
	gsDPSetTextureImage(G_IM_FMT_RGBA, G_IM_SIZ_16b, 248, castle_courtyard_dl_ice_BG_ow1_rgba16),
	gsDPSetTile(G_IM_FMT_RGBA, G_IM_SIZ_16b, 9, 0, 7, 0, G_TX_CLAMP | G_TX_NOMIRROR, 0, 0, G_TX_CLAMP | G_TX_NOMIRROR, 0, 0),
	gsDPLoadSync(),
	gsDPLoadTile(7, 488, 488, 620, 620),
	gsDPPipeSync(),
	gsDPSetTile(G_IM_FMT_RGBA, G_IM_SIZ_16b, 9, 0, 0, 0, G_TX_CLAMP | G_TX_NOMIRROR, 0, 0, G_TX_CLAMP | G_TX_NOMIRROR, 0, 0),
	gsDPSetTileSize(0, 488, 488, 620, 620),
	gsSPVertex(castle_courtyard_dl_s_ice_entrance_mesh_layer_1_vtx_2 + 132, 4, 0),
	gsSP1Triangle(0, 1, 2, 0),
	gsSP1Triangle(0, 2, 3, 0),
	gsDPPipeSync(),
	gsDPTileSync(),
	gsDPSetTextureImage(G_IM_FMT_RGBA, G_IM_SIZ_16b, 248, castle_courtyard_dl_ice_BG_ow1_rgba16),
	gsDPSetTile(G_IM_FMT_RGBA, G_IM_SIZ_16b, 9, 0, 7, 0, G_TX_CLAMP | G_TX_NOMIRROR, 0, 0, G_TX_CLAMP | G_TX_NOMIRROR, 0, 0),
	gsDPLoadSync(),
	gsDPLoadTile(7, 488, 612, 620, 744),
	gsDPPipeSync(),
	gsDPSetTile(G_IM_FMT_RGBA, G_IM_SIZ_16b, 9, 0, 0, 0, G_TX_CLAMP | G_TX_NOMIRROR, 0, 0, G_TX_CLAMP | G_TX_NOMIRROR, 0, 0),
	gsDPSetTileSize(0, 488, 612, 620, 744),
	gsSPVertex(castle_courtyard_dl_s_ice_entrance_mesh_layer_1_vtx_2 + 136, 4, 0),
	gsSP1Triangle(0, 1, 2, 0),
	gsSP1Triangle(0, 2, 3, 0),
	gsDPPipeSync(),
	gsDPTileSync(),
	gsDPSetTextureImage(G_IM_FMT_RGBA, G_IM_SIZ_16b, 248, castle_courtyard_dl_ice_BG_ow1_rgba16),
	gsDPSetTile(G_IM_FMT_RGBA, G_IM_SIZ_16b, 9, 0, 7, 0, G_TX_CLAMP | G_TX_NOMIRROR, 0, 0, G_TX_CLAMP | G_TX_NOMIRROR, 0, 0),
	gsDPLoadSync(),
	gsDPLoadTile(7, 488, 736, 620, 868),
	gsDPPipeSync(),
	gsDPSetTile(G_IM_FMT_RGBA, G_IM_SIZ_16b, 9, 0, 0, 0, G_TX_CLAMP | G_TX_NOMIRROR, 0, 0, G_TX_CLAMP | G_TX_NOMIRROR, 0, 0),
	gsDPSetTileSize(0, 488, 736, 620, 868),
	gsSPVertex(castle_courtyard_dl_s_ice_entrance_mesh_layer_1_vtx_2 + 140, 4, 0),
	gsSP1Triangle(0, 1, 2, 0),
	gsSP1Triangle(0, 3, 1, 0),
	gsDPPipeSync(),
	gsDPTileSync(),
	gsDPSetTextureImage(G_IM_FMT_RGBA, G_IM_SIZ_16b, 248, castle_courtyard_dl_ice_BG_ow1_rgba16),
	gsDPSetTile(G_IM_FMT_RGBA, G_IM_SIZ_16b, 9, 0, 7, 0, G_TX_CLAMP | G_TX_NOMIRROR, 0, 0, G_TX_CLAMP | G_TX_NOMIRROR, 0, 0),
	gsDPLoadSync(),
	gsDPLoadTile(7, 364, 0, 496, 124),
	gsDPPipeSync(),
	gsDPSetTile(G_IM_FMT_RGBA, G_IM_SIZ_16b, 9, 0, 0, 0, G_TX_CLAMP | G_TX_NOMIRROR, 0, 0, G_TX_CLAMP | G_TX_NOMIRROR, 0, 0),
	gsDPSetTileSize(0, 364, 0, 496, 124),
	gsSPVertex(castle_courtyard_dl_s_ice_entrance_mesh_layer_1_vtx_2 + 144, 4, 0),
	gsSP1Triangle(0, 1, 2, 0),
	gsSP1Triangle(0, 2, 3, 0),
	gsDPPipeSync(),
	gsDPTileSync(),
	gsDPSetTextureImage(G_IM_FMT_RGBA, G_IM_SIZ_16b, 248, castle_courtyard_dl_ice_BG_ow1_rgba16),
	gsDPSetTile(G_IM_FMT_RGBA, G_IM_SIZ_16b, 9, 0, 7, 0, G_TX_CLAMP | G_TX_NOMIRROR, 0, 0, G_TX_CLAMP | G_TX_NOMIRROR, 0, 0),
	gsDPLoadSync(),
	gsDPLoadTile(7, 364, 116, 496, 248),
	gsDPPipeSync(),
	gsDPSetTile(G_IM_FMT_RGBA, G_IM_SIZ_16b, 9, 0, 0, 0, G_TX_CLAMP | G_TX_NOMIRROR, 0, 0, G_TX_CLAMP | G_TX_NOMIRROR, 0, 0),
	gsDPSetTileSize(0, 364, 116, 496, 248),
	gsSPVertex(castle_courtyard_dl_s_ice_entrance_mesh_layer_1_vtx_2 + 148, 4, 0),
	gsSP1Triangle(0, 1, 2, 0),
	gsSP1Triangle(0, 2, 3, 0),
	gsDPPipeSync(),
	gsDPTileSync(),
	gsDPSetTextureImage(G_IM_FMT_RGBA, G_IM_SIZ_16b, 248, castle_courtyard_dl_ice_BG_ow1_rgba16),
	gsDPSetTile(G_IM_FMT_RGBA, G_IM_SIZ_16b, 9, 0, 7, 0, G_TX_CLAMP | G_TX_NOMIRROR, 0, 0, G_TX_CLAMP | G_TX_NOMIRROR, 0, 0),
	gsDPLoadSync(),
	gsDPLoadTile(7, 364, 240, 496, 372),
	gsDPPipeSync(),
	gsDPSetTile(G_IM_FMT_RGBA, G_IM_SIZ_16b, 9, 0, 0, 0, G_TX_CLAMP | G_TX_NOMIRROR, 0, 0, G_TX_CLAMP | G_TX_NOMIRROR, 0, 0),
	gsDPSetTileSize(0, 364, 240, 496, 372),
	gsSPVertex(castle_courtyard_dl_s_ice_entrance_mesh_layer_1_vtx_2 + 152, 4, 0),
	gsSP1Triangle(0, 1, 2, 0),
	gsSP1Triangle(0, 2, 3, 0),
	gsDPPipeSync(),
	gsDPTileSync(),
	gsDPSetTextureImage(G_IM_FMT_RGBA, G_IM_SIZ_16b, 248, castle_courtyard_dl_ice_BG_ow1_rgba16),
	gsDPSetTile(G_IM_FMT_RGBA, G_IM_SIZ_16b, 9, 0, 7, 0, G_TX_CLAMP | G_TX_NOMIRROR, 0, 0, G_TX_CLAMP | G_TX_NOMIRROR, 0, 0),
	gsDPLoadSync(),
	gsDPLoadTile(7, 364, 364, 496, 496),
	gsDPPipeSync(),
	gsDPSetTile(G_IM_FMT_RGBA, G_IM_SIZ_16b, 9, 0, 0, 0, G_TX_CLAMP | G_TX_NOMIRROR, 0, 0, G_TX_CLAMP | G_TX_NOMIRROR, 0, 0),
	gsDPSetTileSize(0, 364, 364, 496, 496),
	gsSPVertex(castle_courtyard_dl_s_ice_entrance_mesh_layer_1_vtx_2 + 156, 4, 0),
	gsSP1Triangle(0, 1, 2, 0),
	gsSP1Triangle(0, 2, 3, 0),
	gsDPPipeSync(),
	gsDPTileSync(),
	gsDPSetTextureImage(G_IM_FMT_RGBA, G_IM_SIZ_16b, 248, castle_courtyard_dl_ice_BG_ow1_rgba16),
	gsDPSetTile(G_IM_FMT_RGBA, G_IM_SIZ_16b, 9, 0, 7, 0, G_TX_CLAMP | G_TX_NOMIRROR, 0, 0, G_TX_CLAMP | G_TX_NOMIRROR, 0, 0),
	gsDPLoadSync(),
	gsDPLoadTile(7, 364, 488, 496, 620),
	gsDPPipeSync(),
	gsDPSetTile(G_IM_FMT_RGBA, G_IM_SIZ_16b, 9, 0, 0, 0, G_TX_CLAMP | G_TX_NOMIRROR, 0, 0, G_TX_CLAMP | G_TX_NOMIRROR, 0, 0),
	gsDPSetTileSize(0, 364, 488, 496, 620),
	gsSPVertex(castle_courtyard_dl_s_ice_entrance_mesh_layer_1_vtx_2 + 160, 4, 0),
	gsSP1Triangle(0, 1, 2, 0),
	gsSP1Triangle(0, 2, 3, 0),
	gsDPPipeSync(),
	gsDPTileSync(),
	gsDPSetTextureImage(G_IM_FMT_RGBA, G_IM_SIZ_16b, 248, castle_courtyard_dl_ice_BG_ow1_rgba16),
	gsDPSetTile(G_IM_FMT_RGBA, G_IM_SIZ_16b, 9, 0, 7, 0, G_TX_CLAMP | G_TX_NOMIRROR, 0, 0, G_TX_CLAMP | G_TX_NOMIRROR, 0, 0),
	gsDPLoadSync(),
	gsDPLoadTile(7, 364, 612, 496, 744),
	gsDPPipeSync(),
	gsDPSetTile(G_IM_FMT_RGBA, G_IM_SIZ_16b, 9, 0, 0, 0, G_TX_CLAMP | G_TX_NOMIRROR, 0, 0, G_TX_CLAMP | G_TX_NOMIRROR, 0, 0),
	gsDPSetTileSize(0, 364, 612, 496, 744),
	gsSPVertex(castle_courtyard_dl_s_ice_entrance_mesh_layer_1_vtx_2 + 164, 4, 0),
	gsSP1Triangle(0, 1, 2, 0),
	gsSP1Triangle(0, 2, 3, 0),
	gsDPPipeSync(),
	gsDPTileSync(),
	gsDPSetTextureImage(G_IM_FMT_RGBA, G_IM_SIZ_16b, 248, castle_courtyard_dl_ice_BG_ow1_rgba16),
	gsDPSetTile(G_IM_FMT_RGBA, G_IM_SIZ_16b, 9, 0, 7, 0, G_TX_CLAMP | G_TX_NOMIRROR, 0, 0, G_TX_CLAMP | G_TX_NOMIRROR, 0, 0),
	gsDPLoadSync(),
	gsDPLoadTile(7, 364, 736, 496, 868),
	gsDPPipeSync(),
	gsDPSetTile(G_IM_FMT_RGBA, G_IM_SIZ_16b, 9, 0, 0, 0, G_TX_CLAMP | G_TX_NOMIRROR, 0, 0, G_TX_CLAMP | G_TX_NOMIRROR, 0, 0),
	gsDPSetTileSize(0, 364, 736, 496, 868),
	gsSPVertex(castle_courtyard_dl_s_ice_entrance_mesh_layer_1_vtx_2 + 168, 4, 0),
	gsSP1Triangle(0, 1, 2, 0),
	gsSP1Triangle(0, 3, 1, 0),
	gsDPPipeSync(),
	gsDPTileSync(),
	gsDPSetTextureImage(G_IM_FMT_RGBA, G_IM_SIZ_16b, 248, castle_courtyard_dl_ice_BG_ow1_rgba16),
	gsDPSetTile(G_IM_FMT_RGBA, G_IM_SIZ_16b, 9, 0, 7, 0, G_TX_CLAMP | G_TX_NOMIRROR, 0, 0, G_TX_CLAMP | G_TX_NOMIRROR, 0, 0),
	gsDPLoadSync(),
	gsDPLoadTile(7, 240, 0, 372, 124),
	gsDPPipeSync(),
	gsDPSetTile(G_IM_FMT_RGBA, G_IM_SIZ_16b, 9, 0, 0, 0, G_TX_CLAMP | G_TX_NOMIRROR, 0, 0, G_TX_CLAMP | G_TX_NOMIRROR, 0, 0),
	gsDPSetTileSize(0, 240, 0, 372, 124),
	gsSPVertex(castle_courtyard_dl_s_ice_entrance_mesh_layer_1_vtx_2 + 172, 4, 0),
	gsSP1Triangle(0, 1, 2, 0),
	gsSP1Triangle(0, 2, 3, 0),
	gsDPPipeSync(),
	gsDPTileSync(),
	gsDPSetTextureImage(G_IM_FMT_RGBA, G_IM_SIZ_16b, 248, castle_courtyard_dl_ice_BG_ow1_rgba16),
	gsDPSetTile(G_IM_FMT_RGBA, G_IM_SIZ_16b, 9, 0, 7, 0, G_TX_CLAMP | G_TX_NOMIRROR, 0, 0, G_TX_CLAMP | G_TX_NOMIRROR, 0, 0),
	gsDPLoadSync(),
	gsDPLoadTile(7, 240, 116, 372, 248),
	gsDPPipeSync(),
	gsDPSetTile(G_IM_FMT_RGBA, G_IM_SIZ_16b, 9, 0, 0, 0, G_TX_CLAMP | G_TX_NOMIRROR, 0, 0, G_TX_CLAMP | G_TX_NOMIRROR, 0, 0),
	gsDPSetTileSize(0, 240, 116, 372, 248),
	gsSPVertex(castle_courtyard_dl_s_ice_entrance_mesh_layer_1_vtx_2 + 176, 4, 0),
	gsSP1Triangle(0, 1, 2, 0),
	gsSP1Triangle(0, 2, 3, 0),
	gsDPPipeSync(),
	gsDPTileSync(),
	gsDPSetTextureImage(G_IM_FMT_RGBA, G_IM_SIZ_16b, 248, castle_courtyard_dl_ice_BG_ow1_rgba16),
	gsDPSetTile(G_IM_FMT_RGBA, G_IM_SIZ_16b, 9, 0, 7, 0, G_TX_CLAMP | G_TX_NOMIRROR, 0, 0, G_TX_CLAMP | G_TX_NOMIRROR, 0, 0),
	gsDPLoadSync(),
	gsDPLoadTile(7, 240, 240, 372, 372),
	gsDPPipeSync(),
	gsDPSetTile(G_IM_FMT_RGBA, G_IM_SIZ_16b, 9, 0, 0, 0, G_TX_CLAMP | G_TX_NOMIRROR, 0, 0, G_TX_CLAMP | G_TX_NOMIRROR, 0, 0),
	gsDPSetTileSize(0, 240, 240, 372, 372),
	gsSPVertex(castle_courtyard_dl_s_ice_entrance_mesh_layer_1_vtx_2 + 180, 4, 0),
	gsSP1Triangle(0, 1, 2, 0),
	gsSP1Triangle(0, 2, 3, 0),
	gsDPPipeSync(),
	gsDPTileSync(),
	gsDPSetTextureImage(G_IM_FMT_RGBA, G_IM_SIZ_16b, 248, castle_courtyard_dl_ice_BG_ow1_rgba16),
	gsDPSetTile(G_IM_FMT_RGBA, G_IM_SIZ_16b, 9, 0, 7, 0, G_TX_CLAMP | G_TX_NOMIRROR, 0, 0, G_TX_CLAMP | G_TX_NOMIRROR, 0, 0),
	gsDPLoadSync(),
	gsDPLoadTile(7, 240, 364, 372, 496),
	gsDPPipeSync(),
	gsDPSetTile(G_IM_FMT_RGBA, G_IM_SIZ_16b, 9, 0, 0, 0, G_TX_CLAMP | G_TX_NOMIRROR, 0, 0, G_TX_CLAMP | G_TX_NOMIRROR, 0, 0),
	gsDPSetTileSize(0, 240, 364, 372, 496),
	gsSPVertex(castle_courtyard_dl_s_ice_entrance_mesh_layer_1_vtx_2 + 184, 4, 0),
	gsSP1Triangle(0, 1, 2, 0),
	gsSP1Triangle(0, 2, 3, 0),
	gsDPPipeSync(),
	gsDPTileSync(),
	gsDPSetTextureImage(G_IM_FMT_RGBA, G_IM_SIZ_16b, 248, castle_courtyard_dl_ice_BG_ow1_rgba16),
	gsDPSetTile(G_IM_FMT_RGBA, G_IM_SIZ_16b, 9, 0, 7, 0, G_TX_CLAMP | G_TX_NOMIRROR, 0, 0, G_TX_CLAMP | G_TX_NOMIRROR, 0, 0),
	gsDPLoadSync(),
	gsDPLoadTile(7, 240, 488, 372, 620),
	gsDPPipeSync(),
	gsDPSetTile(G_IM_FMT_RGBA, G_IM_SIZ_16b, 9, 0, 0, 0, G_TX_CLAMP | G_TX_NOMIRROR, 0, 0, G_TX_CLAMP | G_TX_NOMIRROR, 0, 0),
	gsDPSetTileSize(0, 240, 488, 372, 620),
	gsSPVertex(castle_courtyard_dl_s_ice_entrance_mesh_layer_1_vtx_2 + 188, 4, 0),
	gsSP1Triangle(0, 1, 2, 0),
	gsSP1Triangle(0, 2, 3, 0),
	gsDPPipeSync(),
	gsDPTileSync(),
	gsDPSetTextureImage(G_IM_FMT_RGBA, G_IM_SIZ_16b, 248, castle_courtyard_dl_ice_BG_ow1_rgba16),
	gsDPSetTile(G_IM_FMT_RGBA, G_IM_SIZ_16b, 9, 0, 7, 0, G_TX_CLAMP | G_TX_NOMIRROR, 0, 0, G_TX_CLAMP | G_TX_NOMIRROR, 0, 0),
	gsDPLoadSync(),
	gsDPLoadTile(7, 240, 612, 372, 744),
	gsDPPipeSync(),
	gsDPSetTile(G_IM_FMT_RGBA, G_IM_SIZ_16b, 9, 0, 0, 0, G_TX_CLAMP | G_TX_NOMIRROR, 0, 0, G_TX_CLAMP | G_TX_NOMIRROR, 0, 0),
	gsDPSetTileSize(0, 240, 612, 372, 744),
	gsSPVertex(castle_courtyard_dl_s_ice_entrance_mesh_layer_1_vtx_2 + 192, 4, 0),
	gsSP1Triangle(0, 1, 2, 0),
	gsSP1Triangle(0, 2, 3, 0),
	gsDPPipeSync(),
	gsDPTileSync(),
	gsDPSetTextureImage(G_IM_FMT_RGBA, G_IM_SIZ_16b, 248, castle_courtyard_dl_ice_BG_ow1_rgba16),
	gsDPSetTile(G_IM_FMT_RGBA, G_IM_SIZ_16b, 9, 0, 7, 0, G_TX_CLAMP | G_TX_NOMIRROR, 0, 0, G_TX_CLAMP | G_TX_NOMIRROR, 0, 0),
	gsDPLoadSync(),
	gsDPLoadTile(7, 240, 736, 372, 868),
	gsDPPipeSync(),
	gsDPSetTile(G_IM_FMT_RGBA, G_IM_SIZ_16b, 9, 0, 0, 0, G_TX_CLAMP | G_TX_NOMIRROR, 0, 0, G_TX_CLAMP | G_TX_NOMIRROR, 0, 0),
	gsDPSetTileSize(0, 240, 736, 372, 868),
	gsSPVertex(castle_courtyard_dl_s_ice_entrance_mesh_layer_1_vtx_2 + 196, 4, 0),
	gsSP1Triangle(0, 1, 2, 0),
	gsSP1Triangle(0, 3, 1, 0),
	gsDPPipeSync(),
	gsDPTileSync(),
	gsDPSetTextureImage(G_IM_FMT_RGBA, G_IM_SIZ_16b, 248, castle_courtyard_dl_ice_BG_ow1_rgba16),
	gsDPSetTile(G_IM_FMT_RGBA, G_IM_SIZ_16b, 16, 0, 7, 0, G_TX_CLAMP | G_TX_NOMIRROR, 0, 0, G_TX_CLAMP | G_TX_NOMIRROR, 0, 0),
	gsDPLoadSync(),
	gsDPLoadTile(7, 0, 0, 248, 124),
	gsDPPipeSync(),
	gsDPSetTile(G_IM_FMT_RGBA, G_IM_SIZ_16b, 16, 0, 0, 0, G_TX_CLAMP | G_TX_NOMIRROR, 0, 0, G_TX_CLAMP | G_TX_NOMIRROR, 0, 0),
	gsDPSetTileSize(0, 0, 0, 248, 124),
	gsSPVertex(castle_courtyard_dl_s_ice_entrance_mesh_layer_1_vtx_2 + 200, 6, 0),
	gsSP1Triangle(0, 1, 2, 0),
	gsSP1Triangle(0, 2, 3, 0),
	gsSP1Triangle(4, 0, 3, 0),
	gsSP1Triangle(4, 3, 5, 0),
	gsDPPipeSync(),
	gsDPTileSync(),
	gsDPSetTextureImage(G_IM_FMT_RGBA, G_IM_SIZ_16b, 248, castle_courtyard_dl_ice_BG_ow1_rgba16),
	gsDPSetTile(G_IM_FMT_RGBA, G_IM_SIZ_16b, 9, 0, 7, 0, G_TX_CLAMP | G_TX_NOMIRROR, 0, 0, G_TX_CLAMP | G_TX_NOMIRROR, 0, 0),
	gsDPLoadSync(),
	gsDPLoadTile(7, 116, 116, 248, 248),
	gsDPPipeSync(),
	gsDPSetTile(G_IM_FMT_RGBA, G_IM_SIZ_16b, 9, 0, 0, 0, G_TX_CLAMP | G_TX_NOMIRROR, 0, 0, G_TX_CLAMP | G_TX_NOMIRROR, 0, 0),
	gsDPSetTileSize(0, 116, 116, 248, 248),
	gsSPVertex(castle_courtyard_dl_s_ice_entrance_mesh_layer_1_vtx_2 + 206, 4, 0),
	gsSP1Triangle(0, 1, 2, 0),
	gsSP1Triangle(0, 2, 3, 0),
	gsDPPipeSync(),
	gsDPTileSync(),
	gsDPSetTextureImage(G_IM_FMT_RGBA, G_IM_SIZ_16b, 248, castle_courtyard_dl_ice_BG_ow1_rgba16),
	gsDPSetTile(G_IM_FMT_RGBA, G_IM_SIZ_16b, 9, 0, 7, 0, G_TX_CLAMP | G_TX_NOMIRROR, 0, 0, G_TX_CLAMP | G_TX_NOMIRROR, 0, 0),
	gsDPLoadSync(),
	gsDPLoadTile(7, 116, 240, 248, 372),
	gsDPPipeSync(),
	gsDPSetTile(G_IM_FMT_RGBA, G_IM_SIZ_16b, 9, 0, 0, 0, G_TX_CLAMP | G_TX_NOMIRROR, 0, 0, G_TX_CLAMP | G_TX_NOMIRROR, 0, 0),
	gsDPSetTileSize(0, 116, 240, 248, 372),
	gsSPVertex(castle_courtyard_dl_s_ice_entrance_mesh_layer_1_vtx_2 + 210, 4, 0),
	gsSP1Triangle(0, 1, 2, 0),
	gsSP1Triangle(0, 2, 3, 0),
	gsDPPipeSync(),
	gsDPTileSync(),
	gsDPSetTextureImage(G_IM_FMT_RGBA, G_IM_SIZ_16b, 248, castle_courtyard_dl_ice_BG_ow1_rgba16),
	gsDPSetTile(G_IM_FMT_RGBA, G_IM_SIZ_16b, 9, 0, 7, 0, G_TX_CLAMP | G_TX_NOMIRROR, 0, 0, G_TX_CLAMP | G_TX_NOMIRROR, 0, 0),
	gsDPLoadSync(),
	gsDPLoadTile(7, 116, 364, 248, 496),
	gsDPPipeSync(),
	gsDPSetTile(G_IM_FMT_RGBA, G_IM_SIZ_16b, 9, 0, 0, 0, G_TX_CLAMP | G_TX_NOMIRROR, 0, 0, G_TX_CLAMP | G_TX_NOMIRROR, 0, 0),
	gsDPSetTileSize(0, 116, 364, 248, 496),
	gsSPVertex(castle_courtyard_dl_s_ice_entrance_mesh_layer_1_vtx_2 + 214, 4, 0),
	gsSP1Triangle(0, 1, 2, 0),
	gsSP1Triangle(0, 2, 3, 0),
	gsDPPipeSync(),
	gsDPTileSync(),
	gsDPSetTextureImage(G_IM_FMT_RGBA, G_IM_SIZ_16b, 248, castle_courtyard_dl_ice_BG_ow1_rgba16),
	gsDPSetTile(G_IM_FMT_RGBA, G_IM_SIZ_16b, 9, 0, 7, 0, G_TX_CLAMP | G_TX_NOMIRROR, 0, 0, G_TX_CLAMP | G_TX_NOMIRROR, 0, 0),
	gsDPLoadSync(),
	gsDPLoadTile(7, 116, 488, 248, 620),
	gsDPPipeSync(),
	gsDPSetTile(G_IM_FMT_RGBA, G_IM_SIZ_16b, 9, 0, 0, 0, G_TX_CLAMP | G_TX_NOMIRROR, 0, 0, G_TX_CLAMP | G_TX_NOMIRROR, 0, 0),
	gsDPSetTileSize(0, 116, 488, 248, 620),
	gsSPVertex(castle_courtyard_dl_s_ice_entrance_mesh_layer_1_vtx_2 + 218, 4, 0),
	gsSP1Triangle(0, 1, 2, 0),
	gsSP1Triangle(0, 2, 3, 0),
	gsDPPipeSync(),
	gsDPTileSync(),
	gsDPSetTextureImage(G_IM_FMT_RGBA, G_IM_SIZ_16b, 248, castle_courtyard_dl_ice_BG_ow1_rgba16),
	gsDPSetTile(G_IM_FMT_RGBA, G_IM_SIZ_16b, 9, 0, 7, 0, G_TX_CLAMP | G_TX_NOMIRROR, 0, 0, G_TX_CLAMP | G_TX_NOMIRROR, 0, 0),
	gsDPLoadSync(),
	gsDPLoadTile(7, 116, 612, 248, 744),
	gsDPPipeSync(),
	gsDPSetTile(G_IM_FMT_RGBA, G_IM_SIZ_16b, 9, 0, 0, 0, G_TX_CLAMP | G_TX_NOMIRROR, 0, 0, G_TX_CLAMP | G_TX_NOMIRROR, 0, 0),
	gsDPSetTileSize(0, 116, 612, 248, 744),
	gsSPVertex(castle_courtyard_dl_s_ice_entrance_mesh_layer_1_vtx_2 + 222, 4, 0),
	gsSP1Triangle(0, 1, 2, 0),
	gsSP1Triangle(0, 2, 3, 0),
	gsDPPipeSync(),
	gsDPTileSync(),
	gsDPSetTextureImage(G_IM_FMT_RGBA, G_IM_SIZ_16b, 248, castle_courtyard_dl_ice_BG_ow1_rgba16),
	gsDPSetTile(G_IM_FMT_RGBA, G_IM_SIZ_16b, 9, 0, 7, 0, G_TX_CLAMP | G_TX_NOMIRROR, 0, 0, G_TX_CLAMP | G_TX_NOMIRROR, 0, 0),
	gsDPLoadSync(),
	gsDPLoadTile(7, 116, 736, 248, 868),
	gsDPPipeSync(),
	gsDPSetTile(G_IM_FMT_RGBA, G_IM_SIZ_16b, 9, 0, 0, 0, G_TX_CLAMP | G_TX_NOMIRROR, 0, 0, G_TX_CLAMP | G_TX_NOMIRROR, 0, 0),
	gsDPSetTileSize(0, 116, 736, 248, 868),
	gsSPVertex(castle_courtyard_dl_s_ice_entrance_mesh_layer_1_vtx_2 + 226, 4, 0),
	gsSP1Triangle(0, 1, 2, 0),
	gsSP1Triangle(0, 2, 3, 0),
	gsDPPipeSync(),
	gsDPTileSync(),
	gsDPSetTextureImage(G_IM_FMT_RGBA, G_IM_SIZ_16b, 248, castle_courtyard_dl_ice_BG_ow1_rgba16),
	gsDPSetTile(G_IM_FMT_RGBA, G_IM_SIZ_16b, 8, 0, 7, 0, G_TX_CLAMP | G_TX_NOMIRROR, 0, 0, G_TX_CLAMP | G_TX_NOMIRROR, 0, 0),
	gsDPLoadSync(),
	gsDPLoadTile(7, 0, 116, 124, 248),
	gsDPPipeSync(),
	gsDPSetTile(G_IM_FMT_RGBA, G_IM_SIZ_16b, 8, 0, 0, 0, G_TX_CLAMP | G_TX_NOMIRROR, 0, 0, G_TX_CLAMP | G_TX_NOMIRROR, 0, 0),
	gsDPSetTileSize(0, 0, 116, 124, 248),
	gsSPVertex(castle_courtyard_dl_s_ice_entrance_mesh_layer_1_vtx_2 + 230, 4, 0),
	gsSP1Triangle(0, 1, 2, 0),
	gsSP1Triangle(0, 2, 3, 0),
	gsDPPipeSync(),
	gsDPTileSync(),
	gsDPSetTextureImage(G_IM_FMT_RGBA, G_IM_SIZ_16b, 248, castle_courtyard_dl_ice_BG_ow1_rgba16),
	gsDPSetTile(G_IM_FMT_RGBA, G_IM_SIZ_16b, 8, 0, 7, 0, G_TX_CLAMP | G_TX_NOMIRROR, 0, 0, G_TX_CLAMP | G_TX_NOMIRROR, 0, 0),
	gsDPLoadSync(),
	gsDPLoadTile(7, 0, 240, 124, 372),
	gsDPPipeSync(),
	gsDPSetTile(G_IM_FMT_RGBA, G_IM_SIZ_16b, 8, 0, 0, 0, G_TX_CLAMP | G_TX_NOMIRROR, 0, 0, G_TX_CLAMP | G_TX_NOMIRROR, 0, 0),
	gsDPSetTileSize(0, 0, 240, 124, 372),
	gsSPVertex(castle_courtyard_dl_s_ice_entrance_mesh_layer_1_vtx_2 + 234, 4, 0),
	gsSP1Triangle(0, 1, 2, 0),
	gsSP1Triangle(0, 2, 3, 0),
	gsDPPipeSync(),
	gsDPTileSync(),
	gsDPSetTextureImage(G_IM_FMT_RGBA, G_IM_SIZ_16b, 248, castle_courtyard_dl_ice_BG_ow1_rgba16),
	gsDPSetTile(G_IM_FMT_RGBA, G_IM_SIZ_16b, 8, 0, 7, 0, G_TX_CLAMP | G_TX_NOMIRROR, 0, 0, G_TX_CLAMP | G_TX_NOMIRROR, 0, 0),
	gsDPLoadSync(),
	gsDPLoadTile(7, 0, 364, 124, 496),
	gsDPPipeSync(),
	gsDPSetTile(G_IM_FMT_RGBA, G_IM_SIZ_16b, 8, 0, 0, 0, G_TX_CLAMP | G_TX_NOMIRROR, 0, 0, G_TX_CLAMP | G_TX_NOMIRROR, 0, 0),
	gsDPSetTileSize(0, 0, 364, 124, 496),
	gsSPVertex(castle_courtyard_dl_s_ice_entrance_mesh_layer_1_vtx_2 + 238, 4, 0),
	gsSP1Triangle(0, 1, 2, 0),
	gsSP1Triangle(0, 2, 3, 0),
	gsDPPipeSync(),
	gsDPTileSync(),
	gsDPSetTextureImage(G_IM_FMT_RGBA, G_IM_SIZ_16b, 248, castle_courtyard_dl_ice_BG_ow1_rgba16),
	gsDPSetTile(G_IM_FMT_RGBA, G_IM_SIZ_16b, 8, 0, 7, 0, G_TX_CLAMP | G_TX_NOMIRROR, 0, 0, G_TX_CLAMP | G_TX_NOMIRROR, 0, 0),
	gsDPLoadSync(),
	gsDPLoadTile(7, 0, 488, 124, 620),
	gsDPPipeSync(),
	gsDPSetTile(G_IM_FMT_RGBA, G_IM_SIZ_16b, 8, 0, 0, 0, G_TX_CLAMP | G_TX_NOMIRROR, 0, 0, G_TX_CLAMP | G_TX_NOMIRROR, 0, 0),
	gsDPSetTileSize(0, 0, 488, 124, 620),
	gsSPVertex(castle_courtyard_dl_s_ice_entrance_mesh_layer_1_vtx_2 + 242, 4, 0),
	gsSP1Triangle(0, 1, 2, 0),
	gsSP1Triangle(0, 2, 3, 0),
	gsDPPipeSync(),
	gsDPTileSync(),
	gsDPSetTextureImage(G_IM_FMT_RGBA, G_IM_SIZ_16b, 248, castle_courtyard_dl_ice_BG_ow1_rgba16),
	gsDPSetTile(G_IM_FMT_RGBA, G_IM_SIZ_16b, 8, 0, 7, 0, G_TX_CLAMP | G_TX_NOMIRROR, 0, 0, G_TX_CLAMP | G_TX_NOMIRROR, 0, 0),
	gsDPLoadSync(),
	gsDPLoadTile(7, 0, 612, 124, 744),
	gsDPPipeSync(),
	gsDPSetTile(G_IM_FMT_RGBA, G_IM_SIZ_16b, 8, 0, 0, 0, G_TX_CLAMP | G_TX_NOMIRROR, 0, 0, G_TX_CLAMP | G_TX_NOMIRROR, 0, 0),
	gsDPSetTileSize(0, 0, 612, 124, 744),
	gsSPVertex(castle_courtyard_dl_s_ice_entrance_mesh_layer_1_vtx_2 + 246, 4, 0),
	gsSP1Triangle(0, 1, 2, 0),
	gsSP1Triangle(0, 2, 3, 0),
	gsSPEndDisplayList(),
};

Vtx castle_courtyard_dl_sand_entrance_mesh_layer_1_vtx_0[74] = {
	{{{-3623, 703, -2467},0, {1691, 2032},{0xC2, 0xA3, 0x5D, 0xFF}}},
	{{{-3904, 765, -2546},0, {2032, 2032},{0xDD, 0xC6, 0x71, 0xFF}}},
	{{{-3904, 245, -2736},0, {2032, -16},{0xDB, 0xC4, 0x70, 0xFF}}},
	{{{-3623, 217, -2645},0, {1691, -16},{0xC2, 0xA3, 0x5D, 0xFF}}},
	{{{-3342, 641, -2389},0, {1349, 2032},{0x99, 0x7B, 0x51, 0xFF}}},
	{{{-3342, 189, -2554},0, {1349, -16},{0x99, 0x7B, 0x51, 0xFF}}},
	{{{-2780, 517, -2232},0, {667, 2032},{0xA5, 0x76, 0x51, 0xFF}}},
	{{{-2780, 132, -2373},0, {667, -16},{0xA5, 0x76, 0x51, 0xFF}}},
	{{{-2218, 393, -2075},0, {-16, 2032},{0xA5, 0x76, 0x51, 0xFF}}},
	{{{-2218, 76, -2191},0, {-16, -16},{0xA5, 0x76, 0x51, 0xFF}}},
	{{{-3623, 904, -2037},0, {1691, 2032},{0xC1, 0xA3, 0x5D, 0xFF}}},
	{{{-3904, 980, -2086},0, {2032, 2032},{0xDD, 0xC6, 0x71, 0xFF}}},
	{{{-3904, 765, -2546},0, {2032, -16},{0xDD, 0xC6, 0x71, 0xFF}}},
	{{{-3623, 703, -2467},0, {1691, -16},{0xC2, 0xA3, 0x5D, 0xFF}}},
	{{{-3342, 828, -1989},0, {1349, 2032},{0x99, 0x7B, 0x51, 0xFF}}},
	{{{-3342, 641, -2389},0, {1349, -16},{0x99, 0x7B, 0x51, 0xFF}}},
	{{{-2780, 676, -1892},0, {667, 2032},{0xA5, 0x76, 0x51, 0xFF}}},
	{{{-3342, 828, -1989},0, {1349, 2032},{0x99, 0x7B, 0x51, 0xFF}}},
	{{{-3342, 641, -2389},0, {1349, -16},{0x99, 0x7B, 0x51, 0xFF}}},
	{{{-2780, 517, -2232},0, {667, -16},{0xA5, 0x76, 0x51, 0xFF}}},
	{{{-2218, 524, -1795},0, {-16, 2032},{0xA5, 0x76, 0x51, 0xFF}}},
	{{{-2218, 393, -2075},0, {-16, -16},{0xA5, 0x76, 0x51, 0xFF}}},
	{{{-3623, -631, -2645},0, {1691, 2032},{0xC2, 0xA3, 0x5D, 0xFF}}},
	{{{-3904, -661, -2736},0, {2032, 2032},{0xDD, 0xC6, 0x71, 0xFF}}},
	{{{-3904, -1142, -2546},0, {2032, -16},{0xDD, 0xC6, 0x71, 0xFF}}},
	{{{-3623, -1080, -2467},0, {1691, -16},{0xC2, 0xA3, 0x5D, 0xFF}}},
	{{{-3342, -600, -2554},0, {1349, 2032},{0x99, 0x7B, 0x51, 0xFF}}},
	{{{-3342, -1018, -2389},0, {1349, -16},{0x99, 0x7B, 0x51, 0xFF}}},
	{{{-2780, -539, -2373},0, {667, 2032},{0xA5, 0x76, 0x51, 0xFF}}},
	{{{-2780, -894, -2232},0, {667, -16},{0xA5, 0x76, 0x51, 0xFF}}},
	{{{-2218, -477, -2191},0, {-16, 2032},{0xA5, 0x76, 0x51, 0xFF}}},
	{{{-2218, -771, -2075},0, {-16, -16},{0xA5, 0x76, 0x51, 0xFF}}},
	{{{-3623, 217, -2645},0, {1691, 2032},{0xC2, 0xA3, 0x5D, 0xFF}}},
	{{{-3904, 245, -2736},0, {2032, 2032},{0xDB, 0xC4, 0x70, 0xFF}}},
	{{{-3904, -661, -2736},0, {2032, -16},{0xDD, 0xC6, 0x71, 0xFF}}},
	{{{-3623, -631, -2645},0, {1691, -16},{0xC2, 0xA3, 0x5D, 0xFF}}},
	{{{-3342, 189, -2554},0, {1349, 2032},{0x99, 0x7B, 0x51, 0xFF}}},
	{{{-3342, -600, -2554},0, {1349, -16},{0x99, 0x7B, 0x51, 0xFF}}},
	{{{-2780, 132, -2373},0, {667, 2032},{0xA5, 0x76, 0x51, 0xFF}}},
	{{{-2780, -539, -2373},0, {667, -16},{0xA5, 0x76, 0x51, 0xFF}}},
	{{{-2218, 76, -2191},0, {-16, 2032},{0xA5, 0x76, 0x51, 0xFF}}},
	{{{-2218, -477, -2191},0, {-16, -16},{0xA5, 0x76, 0x51, 0xFF}}},
	{{{-3623, -1266, -2037},0, {1691, 2032},{0xC2, 0xA3, 0x5D, 0xFF}}},
	{{{-3904, -1341, -2086},0, {2032, 2032},{0xDA, 0xC3, 0x70, 0xFF}}},
	{{{-3904, -1341, -1028},0, {2032, -16},{0x3F, 0x38, 0x1F, 0xFE}}},
	{{{-3623, -1266, -1028},0, {1691, -16},{0x97, 0x86, 0x4C, 0xFE}}},
	{{{-3342, -1191, -1989},0, {1349, 2032},{0x9B, 0x7A, 0x51, 0xFF}}},
	{{{-3342, -1191, -1028},0, {1349, -16},{0xA8, 0x8C, 0x63, 0xFE}}},
	{{{-2780, -1042, -1892},0, {667, 2032},{0xA5, 0x76, 0x51, 0xFF}}},
	{{{-3342, -1191, -1989},0, {1349, 2032},{0x9B, 0x7A, 0x51, 0xFF}}},
	{{{-3342, -1191, -1028},0, {1349, -16},{0xA8, 0x8C, 0x63, 0xFE}}},
	{{{-2780, -1042, -1028},0, {667, -16},{0xBD, 0x9D, 0x6F, 0xFE}}},
	{{{-2218, -892, -1795},0, {-16, 2032},{0xA5, 0x77, 0x51, 0xFF}}},
	{{{-2218, -892, -1028},0, {-16, -16},{0xFF, 0xE0, 0x95, 0xFE}}},
	{{{-3623, -1080, -2467},0, {1691, 2032},{0xC2, 0xA3, 0x5D, 0xFF}}},
	{{{-3904, -1142, -2546},0, {2032, 2032},{0xDD, 0xC6, 0x71, 0xFF}}},
	{{{-3904, -1341, -2086},0, {2032, -16},{0xDA, 0xC3, 0x70, 0xFF}}},
	{{{-3623, -1266, -2037},0, {1691, -16},{0xC2, 0xA3, 0x5D, 0xFF}}},
	{{{-3342, -1018, -2389},0, {1349, 2032},{0x99, 0x7B, 0x51, 0xFF}}},
	{{{-3342, -1191, -1989},0, {1349, -16},{0x9B, 0x7A, 0x51, 0xFF}}},
	{{{-2780, -894, -2232},0, {667, 2032},{0xA5, 0x76, 0x51, 0xFF}}},
	{{{-2780, -1042, -1892},0, {667, -16},{0xA5, 0x76, 0x51, 0xFF}}},
	{{{-2218, -771, -2075},0, {-16, 2032},{0xA5, 0x76, 0x51, 0xFF}}},
	{{{-2218, -892, -1795},0, {-16, -16},{0xA5, 0x77, 0x51, 0xFF}}},
	{{{-3623, 904, -1028},0, {1691, 2032},{0x97, 0x86, 0x4C, 0xFE}}},
	{{{-3904, 980, -1028},0, {2032, 2032},{0x3F, 0x38, 0x1F, 0xFE}}},
	{{{-3904, 980, -2086},0, {2032, -16},{0xDD, 0xC6, 0x71, 0xFF}}},
	{{{-3623, 904, -2037},0, {1691, -16},{0xC1, 0xA3, 0x5D, 0xFF}}},
	{{{-3342, 828, -1028},0, {1349, 2032},{0xA8, 0x8C, 0x63, 0xFE}}},
	{{{-3342, 828, -1989},0, {1349, -16},{0x99, 0x7B, 0x51, 0xFF}}},
	{{{-2780, 676, -1028},0, {667, 2032},{0xBD, 0x9D, 0x6F, 0xFE}}},
	{{{-2780, 676, -1892},0, {667, -16},{0xA5, 0x76, 0x51, 0xFF}}},
	{{{-2218, 524, -1028},0, {-16, 2032},{0xFF, 0xE0, 0x95, 0xFE}}},
	{{{-2218, 524, -1795},0, {-16, -16},{0xA5, 0x76, 0x51, 0xFF}}},
};

Gfx castle_courtyard_dl_sand_entrance_mesh_layer_1_tri_0[] = {
	gsSPVertex(castle_courtyard_dl_sand_entrance_mesh_layer_1_vtx_0 + 0, 16, 0),
	gsSP1Triangle(0, 1, 2, 0),
	gsSP1Triangle(0, 2, 3, 0),
	gsSP1Triangle(4, 0, 3, 0),
	gsSP1Triangle(4, 3, 5, 0),
	gsSP1Triangle(6, 4, 5, 0),
	gsSP1Triangle(6, 5, 7, 0),
	gsSP1Triangle(8, 6, 7, 0),
	gsSP1Triangle(8, 7, 9, 0),
	gsSP1Triangle(10, 11, 12, 0),
	gsSP1Triangle(10, 12, 13, 0),
	gsSP1Triangle(14, 10, 13, 0),
	gsSP1Triangle(14, 13, 15, 0),
	gsSPVertex(castle_courtyard_dl_sand_entrance_mesh_layer_1_vtx_0 + 16, 16, 0),
	gsSP1Triangle(0, 1, 2, 0),
	gsSP1Triangle(0, 2, 3, 0),
	gsSP1Triangle(4, 0, 3, 0),
	gsSP1Triangle(4, 3, 5, 0),
	gsSP1Triangle(6, 7, 8, 0),
	gsSP1Triangle(6, 8, 9, 0),
	gsSP1Triangle(10, 6, 9, 0),
	gsSP1Triangle(10, 9, 11, 0),
	gsSP1Triangle(12, 10, 11, 0),
	gsSP1Triangle(12, 11, 13, 0),
	gsSP1Triangle(14, 12, 13, 0),
	gsSP1Triangle(14, 13, 15, 0),
	gsSPVertex(castle_courtyard_dl_sand_entrance_mesh_layer_1_vtx_0 + 32, 16, 0),
	gsSP1Triangle(0, 1, 2, 0),
	gsSP1Triangle(0, 2, 3, 0),
	gsSP1Triangle(4, 0, 3, 0),
	gsSP1Triangle(4, 3, 5, 0),
	gsSP1Triangle(6, 4, 5, 0),
	gsSP1Triangle(6, 5, 7, 0),
	gsSP1Triangle(8, 6, 7, 0),
	gsSP1Triangle(8, 7, 9, 0),
	gsSP1Triangle(10, 11, 12, 0),
	gsSP1Triangle(10, 12, 13, 0),
	gsSP1Triangle(14, 10, 13, 0),
	gsSP1Triangle(14, 13, 15, 0),
	gsSPVertex(castle_courtyard_dl_sand_entrance_mesh_layer_1_vtx_0 + 48, 16, 0),
	gsSP1Triangle(0, 1, 2, 0),
	gsSP1Triangle(0, 2, 3, 0),
	gsSP1Triangle(4, 0, 3, 0),
	gsSP1Triangle(4, 3, 5, 0),
	gsSP1Triangle(6, 7, 8, 0),
	gsSP1Triangle(6, 8, 9, 0),
	gsSP1Triangle(10, 6, 9, 0),
	gsSP1Triangle(10, 9, 11, 0),
	gsSP1Triangle(12, 10, 11, 0),
	gsSP1Triangle(12, 11, 13, 0),
	gsSP1Triangle(14, 12, 13, 0),
	gsSP1Triangle(14, 13, 15, 0),
	gsSPVertex(castle_courtyard_dl_sand_entrance_mesh_layer_1_vtx_0 + 64, 10, 0),
	gsSP1Triangle(0, 1, 2, 0),
	gsSP1Triangle(0, 2, 3, 0),
	gsSP1Triangle(4, 0, 3, 0),
	gsSP1Triangle(4, 3, 5, 0),
	gsSP1Triangle(6, 4, 5, 0),
	gsSP1Triangle(6, 5, 7, 0),
	gsSP1Triangle(8, 6, 7, 0),
	gsSP1Triangle(8, 7, 9, 0),
	gsSPEndDisplayList(),
};

Vtx castle_courtyard_dl_sand_entrance_mesh_layer_1_vtx_1[10] = {
	{{{-2218, 524, -1028},0, {-2832, -2167},{0xFF, 0xE0, 0x95, 0xFE}}},
	{{{-2218, -892, -1028},0, {-2832, 3185},{0xFF, 0xE0, 0x95, 0xFE}}},
	{{{-2780, -1042, -1028},0, {-706, 3751},{0xC5, 0xB0, 0x46, 0xFE}}},
	{{{-2780, 676, -1028},0, {-706, -2741},{0xC5, 0xB0, 0x46, 0xFE}}},
	{{{-3342, -1191, -1028},0, {1419, 4317},{0x86, 0x7A, 0x3A, 0xFE}}},
	{{{-3342, 828, -1028},0, {1419, -3316},{0x86, 0x7A, 0x3A, 0xFE}}},
	{{{-3588, -1257, -1028},0, {2348, 4564},{0x5C, 0x49, 0x1F, 0xFE}}},
	{{{-3588, 894, -1028},0, {2348, -3567},{0x5C, 0x49, 0x1F, 0xFE}}},
	{{{-3904, -1341, -1028},0, {3544, 4882},{0x3F, 0x38, 0x1F, 0xFE}}},
	{{{-3904, 980, -1028},0, {3544, -3890},{0x3F, 0x38, 0x1F, 0xFE}}},
};

Gfx castle_courtyard_dl_sand_entrance_mesh_layer_1_tri_1[] = {
	gsSPVertex(castle_courtyard_dl_sand_entrance_mesh_layer_1_vtx_1 + 0, 10, 0),
	gsSP1Triangle(0, 1, 2, 0),
	gsSP1Triangle(0, 2, 3, 0),
	gsSP1Triangle(3, 2, 4, 0),
	gsSP1Triangle(3, 4, 5, 0),
	gsSP1Triangle(5, 4, 6, 0),
	gsSP1Triangle(5, 6, 7, 0),
	gsSP1Triangle(7, 6, 8, 0),
	gsSP1Triangle(7, 8, 9, 0),
	gsSPEndDisplayList(),
};

Vtx castle_courtyard_dl_sand_entrance_mesh_layer_1_vtx_2[250] = {
	{{{-3904, 690, -1241},0, {976, 6928},{0x7F, 0x0, 0x0, 0xFF}}},
	{{{-3904, 980, -1241},0, {-16, 6928},{0x7F, 0x0, 0x0, 0xFF}}},
	{{{-3904, 980, -1013},0, {-16, 7920},{0x7F, 0x0, 0x0, 0xFE}}},
	{{{-3904, 690, -1455},0, {976, 5936},{0x7F, 0x0, 0x0, 0xFF}}},
	{{{-3904, 980, -1455},0, {-16, 5936},{0x7F, 0x0, 0x0, 0xFF}}},
	{{{-3904, 690, -1013},0, {976, 7920},{0x7F, 0x0, 0x0, 0xFE}}},
	{{{-3904, -1341, -1241},0, {7920, 6928},{0x7F, 0x0, 0x0, 0xFE}}},
	{{{-3904, -1051, -1013},0, {6928, 7920},{0x7F, 0x0, 0x0, 0xFE}}},
	{{{-3904, -1341, -1013},0, {7920, 7920},{0x7F, 0x0, 0x0, 0xFE}}},
	{{{-3904, -1051, -1241},0, {6928, 6928},{0x7F, 0x0, 0x0, 0xFF}}},
	{{{-3904, -1051, -1241},0, {6928, 6928},{0x7F, 0x0, 0x0, 0xFF}}},
	{{{-3904, -761, -1013},0, {5936, 7920},{0x7F, 0x0, 0x0, 0xFE}}},
	{{{-3904, -1051, -1013},0, {6928, 7920},{0x7F, 0x0, 0x0, 0xFE}}},
	{{{-3904, -761, -1241},0, {5936, 6928},{0x7F, 0x0, 0x0, 0xFF}}},
	{{{-3904, -761, -1241},0, {5936, 6928},{0x7F, 0x0, 0x0, 0xFF}}},
	{{{-3904, -471, -1013},0, {4944, 7920},{0x7F, 0x0, 0x0, 0xFE}}},
	{{{-3904, -761, -1013},0, {5936, 7920},{0x7F, 0x0, 0x0, 0xFE}}},
	{{{-3904, -471, -1241},0, {4944, 6928},{0x7F, 0x0, 0x0, 0xFF}}},
	{{{-3904, -471, -1241},0, {4944, 6928},{0x7F, 0x0, 0x0, 0xFF}}},
	{{{-3904, -181, -1013},0, {3952, 7920},{0x7F, 0x0, 0x0, 0xFE}}},
	{{{-3904, -471, -1013},0, {4944, 7920},{0x7F, 0x0, 0x0, 0xFE}}},
	{{{-3904, -181, -1241},0, {3952, 6928},{0x7F, 0x0, 0x0, 0xFF}}},
	{{{-3904, -181, -1241},0, {3952, 6928},{0x7F, 0x0, 0x0, 0xFF}}},
	{{{-3904, 110, -1013},0, {2960, 7920},{0x7F, 0x0, 0x0, 0xFE}}},
	{{{-3904, -181, -1013},0, {3952, 7920},{0x7F, 0x0, 0x0, 0xFE}}},
	{{{-3904, 110, -1241},0, {2960, 6928},{0x7F, 0x0, 0x0, 0xFF}}},
	{{{-3904, 110, -1241},0, {2960, 6928},{0x7F, 0x0, 0x0, 0xFF}}},
	{{{-3904, 400, -1013},0, {1968, 7920},{0x7F, 0x0, 0x0, 0xFE}}},
	{{{-3904, 110, -1013},0, {2960, 7920},{0x7F, 0x0, 0x0, 0xFE}}},
	{{{-3904, 400, -1241},0, {1968, 6928},{0x7F, 0x0, 0x0, 0xFF}}},
	{{{-3904, 400, -1241},0, {1968, 6928},{0x7F, 0x0, 0x0, 0xFF}}},
	{{{-3904, 690, -1013},0, {976, 7920},{0x7F, 0x0, 0x0, 0xFE}}},
	{{{-3904, 400, -1013},0, {1968, 7920},{0x7F, 0x0, 0x0, 0xFE}}},
	{{{-3904, 690, -1241},0, {976, 6928},{0x7F, 0x0, 0x0, 0xFF}}},
	{{{-3904, -1341, -2736},0, {7920, -16},{0x7F, 0x0, 0x0, 0xFF}}},
	{{{-3904, -1051, -2736},0, {6928, -16},{0x7F, 0x0, 0x0, 0xFF}}},
	{{{-3904, -1051, -2522},0, {6928, 976},{0x7F, 0x0, 0x0, 0xFF}}},
	{{{-3904, -761, -2522},0, {5936, 976},{0x7F, 0x0, 0x0, 0xFF}}},
	{{{-3904, -761, -2736},0, {5936, -16},{0x7F, 0x0, 0x0, 0xFF}}},
	{{{-3904, -1341, -2522},0, {7920, 976},{0x7F, 0x0, 0x0, 0xFF}}},
	{{{-3904, -1341, -2522},0, {7920, 976},{0x7F, 0x0, 0x0, 0xFF}}},
	{{{-3904, -1051, -2522},0, {6928, 976},{0x7F, 0x0, 0x0, 0xFF}}},
	{{{-3904, -1051, -2309},0, {6928, 1968},{0x7F, 0x0, 0x0, 0xFF}}},
	{{{-3904, -1341, -2309},0, {7920, 1968},{0x7F, 0x0, 0x0, 0xFE}}},
	{{{-3904, -1341, -2309},0, {7920, 1968},{0x7F, 0x0, 0x0, 0xFE}}},
	{{{-3904, -1051, -2309},0, {6928, 1968},{0x7F, 0x0, 0x0, 0xFF}}},
	{{{-3904, -1051, -2095},0, {6928, 2960},{0x7F, 0x0, 0x0, 0xFF}}},
	{{{-3904, -1341, -2095},0, {7920, 2960},{0x7F, 0x0, 0x0, 0xFE}}},
	{{{-3904, -1341, -2095},0, {7920, 2960},{0x7F, 0x0, 0x0, 0xFE}}},
	{{{-3904, -1051, -2095},0, {6928, 2960},{0x7F, 0x0, 0x0, 0xFF}}},
	{{{-3904, -1051, -1882},0, {6928, 3952},{0x7F, 0x0, 0x0, 0xFF}}},
	{{{-3904, -1341, -1882},0, {7920, 3952},{0x7F, 0x0, 0x0, 0xFE}}},
	{{{-3904, -1341, -1882},0, {7920, 3952},{0x7F, 0x0, 0x0, 0xFE}}},
	{{{-3904, -1051, -1882},0, {6928, 3952},{0x7F, 0x0, 0x0, 0xFF}}},
	{{{-3904, -1051, -1668},0, {6928, 4944},{0x7F, 0x0, 0x0, 0xFF}}},
	{{{-3904, -1341, -1668},0, {7920, 4944},{0x7F, 0x0, 0x0, 0xFE}}},
	{{{-3904, -1341, -1668},0, {7920, 4944},{0x7F, 0x0, 0x0, 0xFE}}},
	{{{-3904, -1051, -1668},0, {6928, 4944},{0x7F, 0x0, 0x0, 0xFF}}},
	{{{-3904, -1051, -1455},0, {6928, 5936},{0x7F, 0x0, 0x0, 0xFF}}},
	{{{-3904, -1341, -1455},0, {7920, 5936},{0x7F, 0x0, 0x0, 0xFE}}},
	{{{-3904, -1341, -1455},0, {7920, 5936},{0x7F, 0x0, 0x0, 0xFE}}},
	{{{-3904, -1051, -1241},0, {6928, 6928},{0x7F, 0x0, 0x0, 0xFF}}},
	{{{-3904, -1341, -1241},0, {7920, 6928},{0x7F, 0x0, 0x0, 0xFE}}},
	{{{-3904, -1051, -1455},0, {6928, 5936},{0x7F, 0x0, 0x0, 0xFF}}},
	{{{-3904, -1051, -2522},0, {6928, 976},{0x7F, 0x0, 0x0, 0xFF}}},
	{{{-3904, -761, -2522},0, {5936, 976},{0x7F, 0x0, 0x0, 0xFF}}},
	{{{-3904, -761, -2309},0, {5936, 1968},{0x7F, 0x0, 0x0, 0xFF}}},
	{{{-3904, -1051, -2309},0, {6928, 1968},{0x7F, 0x0, 0x0, 0xFF}}},
	{{{-3904, -1051, -2309},0, {6928, 1968},{0x7F, 0x0, 0x0, 0xFF}}},
	{{{-3904, -761, -2309},0, {5936, 1968},{0x7F, 0x0, 0x0, 0xFF}}},
	{{{-3904, -761, -2095},0, {5936, 2960},{0x7F, 0x0, 0x0, 0xFF}}},
	{{{-3904, -1051, -2095},0, {6928, 2960},{0x7F, 0x0, 0x0, 0xFF}}},
	{{{-3904, -1051, -2095},0, {6928, 2960},{0x7F, 0x0, 0x0, 0xFF}}},
	{{{-3904, -761, -2095},0, {5936, 2960},{0x7F, 0x0, 0x0, 0xFF}}},
	{{{-3904, -761, -1882},0, {5936, 3952},{0x7F, 0x0, 0x0, 0xFF}}},
	{{{-3904, -1051, -1882},0, {6928, 3952},{0x7F, 0x0, 0x0, 0xFF}}},
	{{{-3904, -1051, -1882},0, {6928, 3952},{0x7F, 0x0, 0x0, 0xFF}}},
	{{{-3904, -761, -1882},0, {5936, 3952},{0x7F, 0x0, 0x0, 0xFF}}},
	{{{-3904, -761, -1668},0, {5936, 4944},{0x7F, 0x0, 0x0, 0xFF}}},
	{{{-3904, -1051, -1668},0, {6928, 4944},{0x7F, 0x0, 0x0, 0xFF}}},
	{{{-3904, -1051, -1668},0, {6928, 4944},{0x7F, 0x0, 0x0, 0xFF}}},
	{{{-3904, -761, -1668},0, {5936, 4944},{0x7F, 0x0, 0x0, 0xFF}}},
	{{{-3904, -761, -1455},0, {5936, 5936},{0x7F, 0x0, 0x0, 0xFF}}},
	{{{-3904, -1051, -1455},0, {6928, 5936},{0x7F, 0x0, 0x0, 0xFF}}},
	{{{-3904, -1051, -1455},0, {6928, 5936},{0x7F, 0x0, 0x0, 0xFF}}},
	{{{-3904, -761, -1241},0, {5936, 6928},{0x7F, 0x0, 0x0, 0xFF}}},
	{{{-3904, -1051, -1241},0, {6928, 6928},{0x7F, 0x0, 0x0, 0xFF}}},
	{{{-3904, -761, -1455},0, {5936, 5936},{0x7F, 0x0, 0x0, 0xFF}}},
	{{{-3904, -761, -2736},0, {5936, -16},{0x7F, 0x0, 0x0, 0xFF}}},
	{{{-3904, -471, -2736},0, {4944, -16},{0x7F, 0x0, 0x0, 0xFF}}},
	{{{-3904, -471, -2522},0, {4944, 976},{0x7F, 0x0, 0x0, 0xFF}}},
	{{{-3904, -761, -2522},0, {5936, 976},{0x7F, 0x0, 0x0, 0xFF}}},
	{{{-3904, -761, -2522},0, {5936, 976},{0x7F, 0x0, 0x0, 0xFF}}},
	{{{-3904, -471, -2522},0, {4944, 976},{0x7F, 0x0, 0x0, 0xFF}}},
	{{{-3904, -471, -2309},0, {4944, 1968},{0x7F, 0x0, 0x0, 0xFF}}},
	{{{-3904, -761, -2309},0, {5936, 1968},{0x7F, 0x0, 0x0, 0xFF}}},
	{{{-3904, -761, -2309},0, {5936, 1968},{0x7F, 0x0, 0x0, 0xFF}}},
	{{{-3904, -471, -2309},0, {4944, 1968},{0x7F, 0x0, 0x0, 0xFF}}},
	{{{-3904, -471, -2095},0, {4944, 2960},{0x7F, 0x0, 0x0, 0xFF}}},
	{{{-3904, -761, -2095},0, {5936, 2960},{0x7F, 0x0, 0x0, 0xFF}}},
	{{{-3904, -761, -2095},0, {5936, 2960},{0x7F, 0x0, 0x0, 0xFF}}},
	{{{-3904, -471, -2095},0, {4944, 2960},{0x7F, 0x0, 0x0, 0xFF}}},
	{{{-3904, -471, -1882},0, {4944, 3952},{0x7F, 0x0, 0x0, 0xFF}}},
	{{{-3904, -761, -1882},0, {5936, 3952},{0x7F, 0x0, 0x0, 0xFF}}},
	{{{-3904, -761, -1882},0, {5936, 3952},{0x7F, 0x0, 0x0, 0xFF}}},
	{{{-3904, -471, -1882},0, {4944, 3952},{0x7F, 0x0, 0x0, 0xFF}}},
	{{{-3904, -471, -1668},0, {4944, 4944},{0x7F, 0x0, 0x0, 0xFF}}},
	{{{-3904, -761, -1668},0, {5936, 4944},{0x7F, 0x0, 0x0, 0xFF}}},
	{{{-3904, -761, -1668},0, {5936, 4944},{0x7F, 0x0, 0x0, 0xFF}}},
	{{{-3904, -471, -1668},0, {4944, 4944},{0x7F, 0x0, 0x0, 0xFF}}},
	{{{-3904, -471, -1455},0, {4944, 5936},{0x7F, 0x0, 0x0, 0xFF}}},
	{{{-3904, -761, -1455},0, {5936, 5936},{0x7F, 0x0, 0x0, 0xFF}}},
	{{{-3904, -761, -1455},0, {5936, 5936},{0x7F, 0x0, 0x0, 0xFF}}},
	{{{-3904, -471, -1241},0, {4944, 6928},{0x7F, 0x0, 0x0, 0xFF}}},
	{{{-3904, -761, -1241},0, {5936, 6928},{0x7F, 0x0, 0x0, 0xFF}}},
	{{{-3904, -471, -1455},0, {4944, 5936},{0x7F, 0x0, 0x0, 0xFF}}},
	{{{-3904, -471, -2736},0, {4944, -16},{0x7F, 0x0, 0x0, 0xFF}}},
	{{{-3904, -181, -2736},0, {3952, -16},{0x7F, 0x0, 0x0, 0xFF}}},
	{{{-3904, -181, -2522},0, {3952, 976},{0x7F, 0x0, 0x0, 0xFF}}},
	{{{-3904, -471, -2522},0, {4944, 976},{0x7F, 0x0, 0x0, 0xFF}}},
	{{{-3904, -471, -2522},0, {4944, 976},{0x7F, 0x0, 0x0, 0xFF}}},
	{{{-3904, -181, -2522},0, {3952, 976},{0x7F, 0x0, 0x0, 0xFF}}},
	{{{-3904, -181, -2309},0, {3952, 1968},{0x7F, 0x0, 0x0, 0xFF}}},
	{{{-3904, -471, -2309},0, {4944, 1968},{0x7F, 0x0, 0x0, 0xFF}}},
	{{{-3904, -471, -2309},0, {4944, 1968},{0x7F, 0x0, 0x0, 0xFF}}},
	{{{-3904, -181, -2309},0, {3952, 1968},{0x7F, 0x0, 0x0, 0xFF}}},
	{{{-3904, -181, -2095},0, {3952, 2960},{0x7F, 0x0, 0x0, 0xFF}}},
	{{{-3904, -471, -2095},0, {4944, 2960},{0x7F, 0x0, 0x0, 0xFF}}},
	{{{-3904, -471, -2095},0, {4944, 2960},{0x7F, 0x0, 0x0, 0xFF}}},
	{{{-3904, -181, -2095},0, {3952, 2960},{0x7F, 0x0, 0x0, 0xFF}}},
	{{{-3904, -181, -1882},0, {3952, 3952},{0x7F, 0x0, 0x0, 0xFF}}},
	{{{-3904, -471, -1882},0, {4944, 3952},{0x7F, 0x0, 0x0, 0xFF}}},
	{{{-3904, -471, -1882},0, {4944, 3952},{0x7F, 0x0, 0x0, 0xFF}}},
	{{{-3904, -181, -1882},0, {3952, 3952},{0x7F, 0x0, 0x0, 0xFF}}},
	{{{-3904, -181, -1668},0, {3952, 4944},{0x7F, 0x0, 0x0, 0xFF}}},
	{{{-3904, -471, -1668},0, {4944, 4944},{0x7F, 0x0, 0x0, 0xFF}}},
	{{{-3904, -471, -1668},0, {4944, 4944},{0x7F, 0x0, 0x0, 0xFF}}},
	{{{-3904, -181, -1668},0, {3952, 4944},{0x7F, 0x0, 0x0, 0xFF}}},
	{{{-3904, -181, -1455},0, {3952, 5936},{0x7F, 0x0, 0x0, 0xFF}}},
	{{{-3904, -471, -1455},0, {4944, 5936},{0x7F, 0x0, 0x0, 0xFF}}},
	{{{-3904, -471, -1455},0, {4944, 5936},{0x7F, 0x0, 0x0, 0xFF}}},
	{{{-3904, -181, -1241},0, {3952, 6928},{0x7F, 0x0, 0x0, 0xFF}}},
	{{{-3904, -471, -1241},0, {4944, 6928},{0x7F, 0x0, 0x0, 0xFF}}},
	{{{-3904, -181, -1455},0, {3952, 5936},{0x7F, 0x0, 0x0, 0xFF}}},
	{{{-3904, -181, -2736},0, {3952, -16},{0x7F, 0x0, 0x0, 0xFF}}},
	{{{-3904, 110, -2736},0, {2960, -16},{0x7F, 0x0, 0x0, 0xFF}}},
	{{{-3904, 110, -2522},0, {2960, 976},{0x7F, 0x0, 0x0, 0xFF}}},
	{{{-3904, -181, -2522},0, {3952, 976},{0x7F, 0x0, 0x0, 0xFF}}},
	{{{-3904, -181, -2522},0, {3952, 976},{0x7F, 0x0, 0x0, 0xFF}}},
	{{{-3904, 110, -2522},0, {2960, 976},{0x7F, 0x0, 0x0, 0xFF}}},
	{{{-3904, 110, -2309},0, {2960, 1968},{0x7F, 0x0, 0x0, 0xFF}}},
	{{{-3904, -181, -2309},0, {3952, 1968},{0x7F, 0x0, 0x0, 0xFF}}},
	{{{-3904, -181, -2309},0, {3952, 1968},{0x7F, 0x0, 0x0, 0xFF}}},
	{{{-3904, 110, -2309},0, {2960, 1968},{0x7F, 0x0, 0x0, 0xFF}}},
	{{{-3904, 110, -2095},0, {2960, 2960},{0x7F, 0x0, 0x0, 0xFF}}},
	{{{-3904, -181, -2095},0, {3952, 2960},{0x7F, 0x0, 0x0, 0xFF}}},
	{{{-3904, -181, -2095},0, {3952, 2960},{0x7F, 0x0, 0x0, 0xFF}}},
	{{{-3904, 110, -2095},0, {2960, 2960},{0x7F, 0x0, 0x0, 0xFF}}},
	{{{-3904, 110, -1882},0, {2960, 3952},{0x7F, 0x0, 0x0, 0xFF}}},
	{{{-3904, -181, -1882},0, {3952, 3952},{0x7F, 0x0, 0x0, 0xFF}}},
	{{{-3904, -181, -1882},0, {3952, 3952},{0x7F, 0x0, 0x0, 0xFF}}},
	{{{-3904, 110, -1882},0, {2960, 3952},{0x7F, 0x0, 0x0, 0xFF}}},
	{{{-3904, 110, -1668},0, {2960, 4944},{0x7F, 0x0, 0x0, 0xFF}}},
	{{{-3904, -181, -1668},0, {3952, 4944},{0x7F, 0x0, 0x0, 0xFF}}},
	{{{-3904, -181, -1668},0, {3952, 4944},{0x7F, 0x0, 0x0, 0xFF}}},
	{{{-3904, 110, -1668},0, {2960, 4944},{0x7F, 0x0, 0x0, 0xFF}}},
	{{{-3904, 110, -1455},0, {2960, 5936},{0x7F, 0x0, 0x0, 0xFF}}},
	{{{-3904, -181, -1455},0, {3952, 5936},{0x7F, 0x0, 0x0, 0xFF}}},
	{{{-3904, -181, -1455},0, {3952, 5936},{0x7F, 0x0, 0x0, 0xFF}}},
	{{{-3904, 110, -1241},0, {2960, 6928},{0x7F, 0x0, 0x0, 0xFF}}},
	{{{-3904, -181, -1241},0, {3952, 6928},{0x7F, 0x0, 0x0, 0xFF}}},
	{{{-3904, 110, -1455},0, {2960, 5936},{0x7F, 0x0, 0x0, 0xFF}}},
	{{{-3904, 110, -2736},0, {2960, -16},{0x7F, 0x0, 0x0, 0xFF}}},
	{{{-3904, 400, -2736},0, {1968, -16},{0x7F, 0x0, 0x0, 0xFF}}},
	{{{-3904, 400, -2522},0, {1968, 976},{0x7F, 0x0, 0x0, 0xFF}}},
	{{{-3904, 110, -2522},0, {2960, 976},{0x7F, 0x0, 0x0, 0xFF}}},
	{{{-3904, 110, -2522},0, {2960, 976},{0x7F, 0x0, 0x0, 0xFF}}},
	{{{-3904, 400, -2522},0, {1968, 976},{0x7F, 0x0, 0x0, 0xFF}}},
	{{{-3904, 400, -2309},0, {1968, 1968},{0x7F, 0x0, 0x0, 0xFF}}},
	{{{-3904, 110, -2309},0, {2960, 1968},{0x7F, 0x0, 0x0, 0xFF}}},
	{{{-3904, 110, -2309},0, {2960, 1968},{0x7F, 0x0, 0x0, 0xFF}}},
	{{{-3904, 400, -2309},0, {1968, 1968},{0x7F, 0x0, 0x0, 0xFF}}},
	{{{-3904, 400, -2095},0, {1968, 2960},{0x7F, 0x0, 0x0, 0xFF}}},
	{{{-3904, 110, -2095},0, {2960, 2960},{0x7F, 0x0, 0x0, 0xFF}}},
	{{{-3904, 110, -2095},0, {2960, 2960},{0x7F, 0x0, 0x0, 0xFF}}},
	{{{-3904, 400, -2095},0, {1968, 2960},{0x7F, 0x0, 0x0, 0xFF}}},
	{{{-3904, 400, -1882},0, {1968, 3952},{0x7F, 0x0, 0x0, 0xFF}}},
	{{{-3904, 110, -1882},0, {2960, 3952},{0x7F, 0x0, 0x0, 0xFF}}},
	{{{-3904, 110, -1882},0, {2960, 3952},{0x7F, 0x0, 0x0, 0xFF}}},
	{{{-3904, 400, -1882},0, {1968, 3952},{0x7F, 0x0, 0x0, 0xFF}}},
	{{{-3904, 400, -1668},0, {1968, 4944},{0x7F, 0x0, 0x0, 0xFF}}},
	{{{-3904, 110, -1668},0, {2960, 4944},{0x7F, 0x0, 0x0, 0xFF}}},
	{{{-3904, 110, -1668},0, {2960, 4944},{0x7F, 0x0, 0x0, 0xFF}}},
	{{{-3904, 400, -1668},0, {1968, 4944},{0x7F, 0x0, 0x0, 0xFF}}},
	{{{-3904, 400, -1455},0, {1968, 5936},{0x7F, 0x0, 0x0, 0xFF}}},
	{{{-3904, 110, -1455},0, {2960, 5936},{0x7F, 0x0, 0x0, 0xFF}}},
	{{{-3904, 110, -1455},0, {2960, 5936},{0x7F, 0x0, 0x0, 0xFF}}},
	{{{-3904, 400, -1241},0, {1968, 6928},{0x7F, 0x0, 0x0, 0xFF}}},
	{{{-3904, 110, -1241},0, {2960, 6928},{0x7F, 0x0, 0x0, 0xFF}}},
	{{{-3904, 400, -1455},0, {1968, 5936},{0x7F, 0x0, 0x0, 0xFF}}},
	{{{-3904, 690, -2736},0, {976, -16},{0x7F, 0x0, 0x0, 0xFF}}},
	{{{-3904, 980, -2736},0, {-16, -16},{0x7F, 0x0, 0x0, 0xFF}}},
	{{{-3904, 980, -2522},0, {-16, 976},{0x7F, 0x0, 0x0, 0xFF}}},
	{{{-3904, 690, -2522},0, {976, 976},{0x7F, 0x0, 0x0, 0xFF}}},
	{{{-3904, 400, -2736},0, {1968, -16},{0x7F, 0x0, 0x0, 0xFF}}},
	{{{-3904, 400, -2522},0, {1968, 976},{0x7F, 0x0, 0x0, 0xFF}}},
	{{{-3904, 400, -2522},0, {1968, 976},{0x7F, 0x0, 0x0, 0xFF}}},
	{{{-3904, 690, -2522},0, {976, 976},{0x7F, 0x0, 0x0, 0xFF}}},
	{{{-3904, 690, -2309},0, {976, 1968},{0x7F, 0x0, 0x0, 0xFF}}},
	{{{-3904, 400, -2309},0, {1968, 1968},{0x7F, 0x0, 0x0, 0xFF}}},
	{{{-3904, 400, -2309},0, {1968, 1968},{0x7F, 0x0, 0x0, 0xFF}}},
	{{{-3904, 690, -2309},0, {976, 1968},{0x7F, 0x0, 0x0, 0xFF}}},
	{{{-3904, 690, -2095},0, {976, 2960},{0x7F, 0x0, 0x0, 0xFF}}},
	{{{-3904, 400, -2095},0, {1968, 2960},{0x7F, 0x0, 0x0, 0xFF}}},
	{{{-3904, 400, -2095},0, {1968, 2960},{0x7F, 0x0, 0x0, 0xFF}}},
	{{{-3904, 690, -2095},0, {976, 2960},{0x7F, 0x0, 0x0, 0xFF}}},
	{{{-3904, 690, -1882},0, {976, 3952},{0x7F, 0x0, 0x0, 0xFF}}},
	{{{-3904, 400, -1882},0, {1968, 3952},{0x7F, 0x0, 0x0, 0xFF}}},
	{{{-3904, 400, -1882},0, {1968, 3952},{0x7F, 0x0, 0x0, 0xFF}}},
	{{{-3904, 690, -1882},0, {976, 3952},{0x7F, 0x0, 0x0, 0xFF}}},
	{{{-3904, 690, -1668},0, {976, 4944},{0x7F, 0x0, 0x0, 0xFF}}},
	{{{-3904, 400, -1668},0, {1968, 4944},{0x7F, 0x0, 0x0, 0xFF}}},
	{{{-3904, 400, -1668},0, {1968, 4944},{0x7F, 0x0, 0x0, 0xFF}}},
	{{{-3904, 690, -1668},0, {976, 4944},{0x7F, 0x0, 0x0, 0xFF}}},
	{{{-3904, 690, -1455},0, {976, 5936},{0x7F, 0x0, 0x0, 0xFF}}},
	{{{-3904, 400, -1455},0, {1968, 5936},{0x7F, 0x0, 0x0, 0xFF}}},
	{{{-3904, 400, -1455},0, {1968, 5936},{0x7F, 0x0, 0x0, 0xFF}}},
	{{{-3904, 690, -1455},0, {976, 5936},{0x7F, 0x0, 0x0, 0xFF}}},
	{{{-3904, 690, -1241},0, {976, 6928},{0x7F, 0x0, 0x0, 0xFF}}},
	{{{-3904, 400, -1241},0, {1968, 6928},{0x7F, 0x0, 0x0, 0xFF}}},
	{{{-3904, 690, -2522},0, {976, 976},{0x7F, 0x0, 0x0, 0xFF}}},
	{{{-3904, 980, -2522},0, {-16, 976},{0x7F, 0x0, 0x0, 0xFF}}},
	{{{-3904, 980, -2309},0, {-16, 1968},{0x7F, 0x0, 0x0, 0xFF}}},
	{{{-3904, 690, -2309},0, {976, 1968},{0x7F, 0x0, 0x0, 0xFF}}},
	{{{-3904, 690, -2309},0, {976, 1968},{0x7F, 0x0, 0x0, 0xFF}}},
	{{{-3904, 980, -2309},0, {-16, 1968},{0x7F, 0x0, 0x0, 0xFF}}},
	{{{-3904, 980, -2095},0, {-16, 2960},{0x7F, 0x0, 0x0, 0xFF}}},
	{{{-3904, 690, -2095},0, {976, 2960},{0x7F, 0x0, 0x0, 0xFF}}},
	{{{-3904, 690, -2095},0, {976, 2960},{0x7F, 0x0, 0x0, 0xFF}}},
	{{{-3904, 980, -2095},0, {-16, 2960},{0x7F, 0x0, 0x0, 0xFF}}},
	{{{-3904, 980, -1882},0, {-16, 3952},{0x7F, 0x0, 0x0, 0xFF}}},
	{{{-3904, 690, -1882},0, {976, 3952},{0x7F, 0x0, 0x0, 0xFF}}},
	{{{-3904, 690, -1882},0, {976, 3952},{0x7F, 0x0, 0x0, 0xFF}}},
	{{{-3904, 980, -1882},0, {-16, 3952},{0x7F, 0x0, 0x0, 0xFF}}},
	{{{-3904, 980, -1668},0, {-16, 4944},{0x7F, 0x0, 0x0, 0xFF}}},
	{{{-3904, 690, -1668},0, {976, 4944},{0x7F, 0x0, 0x0, 0xFF}}},
	{{{-3904, 690, -1668},0, {976, 4944},{0x7F, 0x0, 0x0, 0xFF}}},
	{{{-3904, 980, -1668},0, {-16, 4944},{0x7F, 0x0, 0x0, 0xFF}}},
	{{{-3904, 980, -1455},0, {-16, 5936},{0x7F, 0x0, 0x0, 0xFF}}},
	{{{-3904, 690, -1455},0, {976, 5936},{0x7F, 0x0, 0x0, 0xFF}}},
};

Gfx castle_courtyard_dl_sand_entrance_mesh_layer_1_tri_2[] = {
	gsDPPipeSync(),
	gsDPTileSync(),
	gsDPSetTextureImage(G_IM_FMT_RGBA, G_IM_SIZ_16b, 248, castle_courtyard_dl_desert_BG_ow1_rgba16),
	gsDPSetTile(G_IM_FMT_RGBA, G_IM_SIZ_16b, 8, 0, 7, 0, G_TX_CLAMP | G_TX_NOMIRROR, 0, 0, G_TX_CLAMP | G_TX_NOMIRROR, 0, 0),
	gsDPLoadSync(),
	gsDPLoadTile(7, 0, 736, 124, 988),
	gsDPPipeSync(),
	gsDPSetTile(G_IM_FMT_RGBA, G_IM_SIZ_16b, 8, 0, 0, 0, G_TX_CLAMP | G_TX_NOMIRROR, 0, 0, G_TX_CLAMP | G_TX_NOMIRROR, 0, 0),
	gsDPSetTileSize(0, 0, 736, 124, 988),
	gsSPVertex(castle_courtyard_dl_sand_entrance_mesh_layer_1_vtx_2 + 0, 6, 0),
	gsSP1Triangle(0, 1, 2, 0),
	gsSP1Triangle(3, 1, 0, 0),
	gsSP1Triangle(3, 4, 1, 0),
	gsSP1Triangle(0, 2, 5, 0),
	gsDPPipeSync(),
	gsDPTileSync(),
	gsDPSetTextureImage(G_IM_FMT_RGBA, G_IM_SIZ_16b, 248, castle_courtyard_dl_desert_BG_ow1_rgba16),
	gsDPSetTile(G_IM_FMT_RGBA, G_IM_SIZ_16b, 9, 0, 7, 0, G_TX_CLAMP | G_TX_NOMIRROR, 0, 0, G_TX_CLAMP | G_TX_NOMIRROR, 0, 0),
	gsDPLoadSync(),
	gsDPLoadTile(7, 860, 860, 988, 988),
	gsDPPipeSync(),
	gsDPSetTile(G_IM_FMT_RGBA, G_IM_SIZ_16b, 9, 0, 0, 0, G_TX_CLAMP | G_TX_NOMIRROR, 0, 0, G_TX_CLAMP | G_TX_NOMIRROR, 0, 0),
	gsDPSetTileSize(0, 860, 860, 988, 988),
	gsSPVertex(castle_courtyard_dl_sand_entrance_mesh_layer_1_vtx_2 + 6, 4, 0),
	gsSP1Triangle(0, 1, 2, 0),
	gsSP1Triangle(0, 3, 1, 0),
	gsDPPipeSync(),
	gsDPTileSync(),
	gsDPSetTextureImage(G_IM_FMT_RGBA, G_IM_SIZ_16b, 248, castle_courtyard_dl_desert_BG_ow1_rgba16),
	gsDPSetTile(G_IM_FMT_RGBA, G_IM_SIZ_16b, 9, 0, 7, 0, G_TX_CLAMP | G_TX_NOMIRROR, 0, 0, G_TX_CLAMP | G_TX_NOMIRROR, 0, 0),
	gsDPLoadSync(),
	gsDPLoadTile(7, 736, 860, 868, 988),
	gsDPPipeSync(),
	gsDPSetTile(G_IM_FMT_RGBA, G_IM_SIZ_16b, 9, 0, 0, 0, G_TX_CLAMP | G_TX_NOMIRROR, 0, 0, G_TX_CLAMP | G_TX_NOMIRROR, 0, 0),
	gsDPSetTileSize(0, 736, 860, 868, 988),
	gsSPVertex(castle_courtyard_dl_sand_entrance_mesh_layer_1_vtx_2 + 10, 4, 0),
	gsSP1Triangle(0, 1, 2, 0),
	gsSP1Triangle(0, 3, 1, 0),
	gsDPPipeSync(),
	gsDPTileSync(),
	gsDPSetTextureImage(G_IM_FMT_RGBA, G_IM_SIZ_16b, 248, castle_courtyard_dl_desert_BG_ow1_rgba16),
	gsDPSetTile(G_IM_FMT_RGBA, G_IM_SIZ_16b, 9, 0, 7, 0, G_TX_CLAMP | G_TX_NOMIRROR, 0, 0, G_TX_CLAMP | G_TX_NOMIRROR, 0, 0),
	gsDPLoadSync(),
	gsDPLoadTile(7, 612, 860, 744, 988),
	gsDPPipeSync(),
	gsDPSetTile(G_IM_FMT_RGBA, G_IM_SIZ_16b, 9, 0, 0, 0, G_TX_CLAMP | G_TX_NOMIRROR, 0, 0, G_TX_CLAMP | G_TX_NOMIRROR, 0, 0),
	gsDPSetTileSize(0, 612, 860, 744, 988),
	gsSPVertex(castle_courtyard_dl_sand_entrance_mesh_layer_1_vtx_2 + 14, 4, 0),
	gsSP1Triangle(0, 1, 2, 0),
	gsSP1Triangle(0, 3, 1, 0),
	gsDPPipeSync(),
	gsDPTileSync(),
	gsDPSetTextureImage(G_IM_FMT_RGBA, G_IM_SIZ_16b, 248, castle_courtyard_dl_desert_BG_ow1_rgba16),
	gsDPSetTile(G_IM_FMT_RGBA, G_IM_SIZ_16b, 9, 0, 7, 0, G_TX_CLAMP | G_TX_NOMIRROR, 0, 0, G_TX_CLAMP | G_TX_NOMIRROR, 0, 0),
	gsDPLoadSync(),
	gsDPLoadTile(7, 488, 860, 620, 988),
	gsDPPipeSync(),
	gsDPSetTile(G_IM_FMT_RGBA, G_IM_SIZ_16b, 9, 0, 0, 0, G_TX_CLAMP | G_TX_NOMIRROR, 0, 0, G_TX_CLAMP | G_TX_NOMIRROR, 0, 0),
	gsDPSetTileSize(0, 488, 860, 620, 988),
	gsSPVertex(castle_courtyard_dl_sand_entrance_mesh_layer_1_vtx_2 + 18, 4, 0),
	gsSP1Triangle(0, 1, 2, 0),
	gsSP1Triangle(0, 3, 1, 0),
	gsDPPipeSync(),
	gsDPTileSync(),
	gsDPSetTextureImage(G_IM_FMT_RGBA, G_IM_SIZ_16b, 248, castle_courtyard_dl_desert_BG_ow1_rgba16),
	gsDPSetTile(G_IM_FMT_RGBA, G_IM_SIZ_16b, 9, 0, 7, 0, G_TX_CLAMP | G_TX_NOMIRROR, 0, 0, G_TX_CLAMP | G_TX_NOMIRROR, 0, 0),
	gsDPLoadSync(),
	gsDPLoadTile(7, 364, 860, 496, 988),
	gsDPPipeSync(),
	gsDPSetTile(G_IM_FMT_RGBA, G_IM_SIZ_16b, 9, 0, 0, 0, G_TX_CLAMP | G_TX_NOMIRROR, 0, 0, G_TX_CLAMP | G_TX_NOMIRROR, 0, 0),
	gsDPSetTileSize(0, 364, 860, 496, 988),
	gsSPVertex(castle_courtyard_dl_sand_entrance_mesh_layer_1_vtx_2 + 22, 4, 0),
	gsSP1Triangle(0, 1, 2, 0),
	gsSP1Triangle(0, 3, 1, 0),
	gsDPPipeSync(),
	gsDPTileSync(),
	gsDPSetTextureImage(G_IM_FMT_RGBA, G_IM_SIZ_16b, 248, castle_courtyard_dl_desert_BG_ow1_rgba16),
	gsDPSetTile(G_IM_FMT_RGBA, G_IM_SIZ_16b, 9, 0, 7, 0, G_TX_CLAMP | G_TX_NOMIRROR, 0, 0, G_TX_CLAMP | G_TX_NOMIRROR, 0, 0),
	gsDPLoadSync(),
	gsDPLoadTile(7, 240, 860, 372, 988),
	gsDPPipeSync(),
	gsDPSetTile(G_IM_FMT_RGBA, G_IM_SIZ_16b, 9, 0, 0, 0, G_TX_CLAMP | G_TX_NOMIRROR, 0, 0, G_TX_CLAMP | G_TX_NOMIRROR, 0, 0),
	gsDPSetTileSize(0, 240, 860, 372, 988),
	gsSPVertex(castle_courtyard_dl_sand_entrance_mesh_layer_1_vtx_2 + 26, 4, 0),
	gsSP1Triangle(0, 1, 2, 0),
	gsSP1Triangle(0, 3, 1, 0),
	gsDPPipeSync(),
	gsDPTileSync(),
	gsDPSetTextureImage(G_IM_FMT_RGBA, G_IM_SIZ_16b, 248, castle_courtyard_dl_desert_BG_ow1_rgba16),
	gsDPSetTile(G_IM_FMT_RGBA, G_IM_SIZ_16b, 9, 0, 7, 0, G_TX_CLAMP | G_TX_NOMIRROR, 0, 0, G_TX_CLAMP | G_TX_NOMIRROR, 0, 0),
	gsDPLoadSync(),
	gsDPLoadTile(7, 116, 860, 248, 988),
	gsDPPipeSync(),
	gsDPSetTile(G_IM_FMT_RGBA, G_IM_SIZ_16b, 9, 0, 0, 0, G_TX_CLAMP | G_TX_NOMIRROR, 0, 0, G_TX_CLAMP | G_TX_NOMIRROR, 0, 0),
	gsDPSetTileSize(0, 116, 860, 248, 988),
	gsSPVertex(castle_courtyard_dl_sand_entrance_mesh_layer_1_vtx_2 + 30, 4, 0),
	gsSP1Triangle(0, 1, 2, 0),
	gsSP1Triangle(0, 3, 1, 0),
	gsDPPipeSync(),
	gsDPTileSync(),
	gsDPSetTextureImage(G_IM_FMT_RGBA, G_IM_SIZ_16b, 248, castle_courtyard_dl_desert_BG_ow1_rgba16),
	gsDPSetTile(G_IM_FMT_RGBA, G_IM_SIZ_16b, 16, 0, 7, 0, G_TX_CLAMP | G_TX_NOMIRROR, 0, 0, G_TX_CLAMP | G_TX_NOMIRROR, 0, 0),
	gsDPLoadSync(),
	gsDPLoadTile(7, 736, 0, 988, 124),
	gsDPPipeSync(),
	gsDPSetTile(G_IM_FMT_RGBA, G_IM_SIZ_16b, 16, 0, 0, 0, G_TX_CLAMP | G_TX_NOMIRROR, 0, 0, G_TX_CLAMP | G_TX_NOMIRROR, 0, 0),
	gsDPSetTileSize(0, 736, 0, 988, 124),
	gsSPVertex(castle_courtyard_dl_sand_entrance_mesh_layer_1_vtx_2 + 34, 6, 0),
	gsSP1Triangle(0, 1, 2, 0),
	gsSP1Triangle(1, 3, 2, 0),
	gsSP1Triangle(1, 4, 3, 0),
	gsSP1Triangle(0, 2, 5, 0),
	gsDPPipeSync(),
	gsDPTileSync(),
	gsDPSetTextureImage(G_IM_FMT_RGBA, G_IM_SIZ_16b, 248, castle_courtyard_dl_desert_BG_ow1_rgba16),
	gsDPSetTile(G_IM_FMT_RGBA, G_IM_SIZ_16b, 9, 0, 7, 0, G_TX_CLAMP | G_TX_NOMIRROR, 0, 0, G_TX_CLAMP | G_TX_NOMIRROR, 0, 0),
	gsDPLoadSync(),
	gsDPLoadTile(7, 860, 116, 988, 248),
	gsDPPipeSync(),
	gsDPSetTile(G_IM_FMT_RGBA, G_IM_SIZ_16b, 9, 0, 0, 0, G_TX_CLAMP | G_TX_NOMIRROR, 0, 0, G_TX_CLAMP | G_TX_NOMIRROR, 0, 0),
	gsDPSetTileSize(0, 860, 116, 988, 248),
	gsSPVertex(castle_courtyard_dl_sand_entrance_mesh_layer_1_vtx_2 + 40, 4, 0),
	gsSP1Triangle(0, 1, 2, 0),
	gsSP1Triangle(0, 2, 3, 0),
	gsDPPipeSync(),
	gsDPTileSync(),
	gsDPSetTextureImage(G_IM_FMT_RGBA, G_IM_SIZ_16b, 248, castle_courtyard_dl_desert_BG_ow1_rgba16),
	gsDPSetTile(G_IM_FMT_RGBA, G_IM_SIZ_16b, 9, 0, 7, 0, G_TX_CLAMP | G_TX_NOMIRROR, 0, 0, G_TX_CLAMP | G_TX_NOMIRROR, 0, 0),
	gsDPLoadSync(),
	gsDPLoadTile(7, 860, 240, 988, 372),
	gsDPPipeSync(),
	gsDPSetTile(G_IM_FMT_RGBA, G_IM_SIZ_16b, 9, 0, 0, 0, G_TX_CLAMP | G_TX_NOMIRROR, 0, 0, G_TX_CLAMP | G_TX_NOMIRROR, 0, 0),
	gsDPSetTileSize(0, 860, 240, 988, 372),
	gsSPVertex(castle_courtyard_dl_sand_entrance_mesh_layer_1_vtx_2 + 44, 4, 0),
	gsSP1Triangle(0, 1, 2, 0),
	gsSP1Triangle(0, 2, 3, 0),
	gsDPPipeSync(),
	gsDPTileSync(),
	gsDPSetTextureImage(G_IM_FMT_RGBA, G_IM_SIZ_16b, 248, castle_courtyard_dl_desert_BG_ow1_rgba16),
	gsDPSetTile(G_IM_FMT_RGBA, G_IM_SIZ_16b, 9, 0, 7, 0, G_TX_CLAMP | G_TX_NOMIRROR, 0, 0, G_TX_CLAMP | G_TX_NOMIRROR, 0, 0),
	gsDPLoadSync(),
	gsDPLoadTile(7, 860, 364, 988, 496),
	gsDPPipeSync(),
	gsDPSetTile(G_IM_FMT_RGBA, G_IM_SIZ_16b, 9, 0, 0, 0, G_TX_CLAMP | G_TX_NOMIRROR, 0, 0, G_TX_CLAMP | G_TX_NOMIRROR, 0, 0),
	gsDPSetTileSize(0, 860, 364, 988, 496),
	gsSPVertex(castle_courtyard_dl_sand_entrance_mesh_layer_1_vtx_2 + 48, 4, 0),
	gsSP1Triangle(0, 1, 2, 0),
	gsSP1Triangle(0, 2, 3, 0),
	gsDPPipeSync(),
	gsDPTileSync(),
	gsDPSetTextureImage(G_IM_FMT_RGBA, G_IM_SIZ_16b, 248, castle_courtyard_dl_desert_BG_ow1_rgba16),
	gsDPSetTile(G_IM_FMT_RGBA, G_IM_SIZ_16b, 9, 0, 7, 0, G_TX_CLAMP | G_TX_NOMIRROR, 0, 0, G_TX_CLAMP | G_TX_NOMIRROR, 0, 0),
	gsDPLoadSync(),
	gsDPLoadTile(7, 860, 488, 988, 620),
	gsDPPipeSync(),
	gsDPSetTile(G_IM_FMT_RGBA, G_IM_SIZ_16b, 9, 0, 0, 0, G_TX_CLAMP | G_TX_NOMIRROR, 0, 0, G_TX_CLAMP | G_TX_NOMIRROR, 0, 0),
	gsDPSetTileSize(0, 860, 488, 988, 620),
	gsSPVertex(castle_courtyard_dl_sand_entrance_mesh_layer_1_vtx_2 + 52, 4, 0),
	gsSP1Triangle(0, 1, 2, 0),
	gsSP1Triangle(0, 2, 3, 0),
	gsDPPipeSync(),
	gsDPTileSync(),
	gsDPSetTextureImage(G_IM_FMT_RGBA, G_IM_SIZ_16b, 248, castle_courtyard_dl_desert_BG_ow1_rgba16),
	gsDPSetTile(G_IM_FMT_RGBA, G_IM_SIZ_16b, 9, 0, 7, 0, G_TX_CLAMP | G_TX_NOMIRROR, 0, 0, G_TX_CLAMP | G_TX_NOMIRROR, 0, 0),
	gsDPLoadSync(),
	gsDPLoadTile(7, 860, 612, 988, 744),
	gsDPPipeSync(),
	gsDPSetTile(G_IM_FMT_RGBA, G_IM_SIZ_16b, 9, 0, 0, 0, G_TX_CLAMP | G_TX_NOMIRROR, 0, 0, G_TX_CLAMP | G_TX_NOMIRROR, 0, 0),
	gsDPSetTileSize(0, 860, 612, 988, 744),
	gsSPVertex(castle_courtyard_dl_sand_entrance_mesh_layer_1_vtx_2 + 56, 4, 0),
	gsSP1Triangle(0, 1, 2, 0),
	gsSP1Triangle(0, 2, 3, 0),
	gsDPPipeSync(),
	gsDPTileSync(),
	gsDPSetTextureImage(G_IM_FMT_RGBA, G_IM_SIZ_16b, 248, castle_courtyard_dl_desert_BG_ow1_rgba16),
	gsDPSetTile(G_IM_FMT_RGBA, G_IM_SIZ_16b, 9, 0, 7, 0, G_TX_CLAMP | G_TX_NOMIRROR, 0, 0, G_TX_CLAMP | G_TX_NOMIRROR, 0, 0),
	gsDPLoadSync(),
	gsDPLoadTile(7, 860, 736, 988, 868),
	gsDPPipeSync(),
	gsDPSetTile(G_IM_FMT_RGBA, G_IM_SIZ_16b, 9, 0, 0, 0, G_TX_CLAMP | G_TX_NOMIRROR, 0, 0, G_TX_CLAMP | G_TX_NOMIRROR, 0, 0),
	gsDPSetTileSize(0, 860, 736, 988, 868),
	gsSPVertex(castle_courtyard_dl_sand_entrance_mesh_layer_1_vtx_2 + 60, 4, 0),
	gsSP1Triangle(0, 1, 2, 0),
	gsSP1Triangle(0, 3, 1, 0),
	gsDPPipeSync(),
	gsDPTileSync(),
	gsDPSetTextureImage(G_IM_FMT_RGBA, G_IM_SIZ_16b, 248, castle_courtyard_dl_desert_BG_ow1_rgba16),
	gsDPSetTile(G_IM_FMT_RGBA, G_IM_SIZ_16b, 9, 0, 7, 0, G_TX_CLAMP | G_TX_NOMIRROR, 0, 0, G_TX_CLAMP | G_TX_NOMIRROR, 0, 0),
	gsDPLoadSync(),
	gsDPLoadTile(7, 736, 116, 868, 248),
	gsDPPipeSync(),
	gsDPSetTile(G_IM_FMT_RGBA, G_IM_SIZ_16b, 9, 0, 0, 0, G_TX_CLAMP | G_TX_NOMIRROR, 0, 0, G_TX_CLAMP | G_TX_NOMIRROR, 0, 0),
	gsDPSetTileSize(0, 736, 116, 868, 248),
	gsSPVertex(castle_courtyard_dl_sand_entrance_mesh_layer_1_vtx_2 + 64, 4, 0),
	gsSP1Triangle(0, 1, 2, 0),
	gsSP1Triangle(0, 2, 3, 0),
	gsDPPipeSync(),
	gsDPTileSync(),
	gsDPSetTextureImage(G_IM_FMT_RGBA, G_IM_SIZ_16b, 248, castle_courtyard_dl_desert_BG_ow1_rgba16),
	gsDPSetTile(G_IM_FMT_RGBA, G_IM_SIZ_16b, 9, 0, 7, 0, G_TX_CLAMP | G_TX_NOMIRROR, 0, 0, G_TX_CLAMP | G_TX_NOMIRROR, 0, 0),
	gsDPLoadSync(),
	gsDPLoadTile(7, 736, 240, 868, 372),
	gsDPPipeSync(),
	gsDPSetTile(G_IM_FMT_RGBA, G_IM_SIZ_16b, 9, 0, 0, 0, G_TX_CLAMP | G_TX_NOMIRROR, 0, 0, G_TX_CLAMP | G_TX_NOMIRROR, 0, 0),
	gsDPSetTileSize(0, 736, 240, 868, 372),
	gsSPVertex(castle_courtyard_dl_sand_entrance_mesh_layer_1_vtx_2 + 68, 4, 0),
	gsSP1Triangle(0, 1, 2, 0),
	gsSP1Triangle(0, 2, 3, 0),
	gsDPPipeSync(),
	gsDPTileSync(),
	gsDPSetTextureImage(G_IM_FMT_RGBA, G_IM_SIZ_16b, 248, castle_courtyard_dl_desert_BG_ow1_rgba16),
	gsDPSetTile(G_IM_FMT_RGBA, G_IM_SIZ_16b, 9, 0, 7, 0, G_TX_CLAMP | G_TX_NOMIRROR, 0, 0, G_TX_CLAMP | G_TX_NOMIRROR, 0, 0),
	gsDPLoadSync(),
	gsDPLoadTile(7, 736, 364, 868, 496),
	gsDPPipeSync(),
	gsDPSetTile(G_IM_FMT_RGBA, G_IM_SIZ_16b, 9, 0, 0, 0, G_TX_CLAMP | G_TX_NOMIRROR, 0, 0, G_TX_CLAMP | G_TX_NOMIRROR, 0, 0),
	gsDPSetTileSize(0, 736, 364, 868, 496),
	gsSPVertex(castle_courtyard_dl_sand_entrance_mesh_layer_1_vtx_2 + 72, 4, 0),
	gsSP1Triangle(0, 1, 2, 0),
	gsSP1Triangle(0, 2, 3, 0),
	gsDPPipeSync(),
	gsDPTileSync(),
	gsDPSetTextureImage(G_IM_FMT_RGBA, G_IM_SIZ_16b, 248, castle_courtyard_dl_desert_BG_ow1_rgba16),
	gsDPSetTile(G_IM_FMT_RGBA, G_IM_SIZ_16b, 9, 0, 7, 0, G_TX_CLAMP | G_TX_NOMIRROR, 0, 0, G_TX_CLAMP | G_TX_NOMIRROR, 0, 0),
	gsDPLoadSync(),
	gsDPLoadTile(7, 736, 488, 868, 620),
	gsDPPipeSync(),
	gsDPSetTile(G_IM_FMT_RGBA, G_IM_SIZ_16b, 9, 0, 0, 0, G_TX_CLAMP | G_TX_NOMIRROR, 0, 0, G_TX_CLAMP | G_TX_NOMIRROR, 0, 0),
	gsDPSetTileSize(0, 736, 488, 868, 620),
	gsSPVertex(castle_courtyard_dl_sand_entrance_mesh_layer_1_vtx_2 + 76, 4, 0),
	gsSP1Triangle(0, 1, 2, 0),
	gsSP1Triangle(0, 2, 3, 0),
	gsDPPipeSync(),
	gsDPTileSync(),
	gsDPSetTextureImage(G_IM_FMT_RGBA, G_IM_SIZ_16b, 248, castle_courtyard_dl_desert_BG_ow1_rgba16),
	gsDPSetTile(G_IM_FMT_RGBA, G_IM_SIZ_16b, 9, 0, 7, 0, G_TX_CLAMP | G_TX_NOMIRROR, 0, 0, G_TX_CLAMP | G_TX_NOMIRROR, 0, 0),
	gsDPLoadSync(),
	gsDPLoadTile(7, 736, 612, 868, 744),
	gsDPPipeSync(),
	gsDPSetTile(G_IM_FMT_RGBA, G_IM_SIZ_16b, 9, 0, 0, 0, G_TX_CLAMP | G_TX_NOMIRROR, 0, 0, G_TX_CLAMP | G_TX_NOMIRROR, 0, 0),
	gsDPSetTileSize(0, 736, 612, 868, 744),
	gsSPVertex(castle_courtyard_dl_sand_entrance_mesh_layer_1_vtx_2 + 80, 4, 0),
	gsSP1Triangle(0, 1, 2, 0),
	gsSP1Triangle(0, 2, 3, 0),
	gsDPPipeSync(),
	gsDPTileSync(),
	gsDPSetTextureImage(G_IM_FMT_RGBA, G_IM_SIZ_16b, 248, castle_courtyard_dl_desert_BG_ow1_rgba16),
	gsDPSetTile(G_IM_FMT_RGBA, G_IM_SIZ_16b, 9, 0, 7, 0, G_TX_CLAMP | G_TX_NOMIRROR, 0, 0, G_TX_CLAMP | G_TX_NOMIRROR, 0, 0),
	gsDPLoadSync(),
	gsDPLoadTile(7, 736, 736, 868, 868),
	gsDPPipeSync(),
	gsDPSetTile(G_IM_FMT_RGBA, G_IM_SIZ_16b, 9, 0, 0, 0, G_TX_CLAMP | G_TX_NOMIRROR, 0, 0, G_TX_CLAMP | G_TX_NOMIRROR, 0, 0),
	gsDPSetTileSize(0, 736, 736, 868, 868),
	gsSPVertex(castle_courtyard_dl_sand_entrance_mesh_layer_1_vtx_2 + 84, 4, 0),
	gsSP1Triangle(0, 1, 2, 0),
	gsSP1Triangle(0, 3, 1, 0),
	gsDPPipeSync(),
	gsDPTileSync(),
	gsDPSetTextureImage(G_IM_FMT_RGBA, G_IM_SIZ_16b, 248, castle_courtyard_dl_desert_BG_ow1_rgba16),
	gsDPSetTile(G_IM_FMT_RGBA, G_IM_SIZ_16b, 9, 0, 7, 0, G_TX_CLAMP | G_TX_NOMIRROR, 0, 0, G_TX_CLAMP | G_TX_NOMIRROR, 0, 0),
	gsDPLoadSync(),
	gsDPLoadTile(7, 612, 0, 744, 124),
	gsDPPipeSync(),
	gsDPSetTile(G_IM_FMT_RGBA, G_IM_SIZ_16b, 9, 0, 0, 0, G_TX_CLAMP | G_TX_NOMIRROR, 0, 0, G_TX_CLAMP | G_TX_NOMIRROR, 0, 0),
	gsDPSetTileSize(0, 612, 0, 744, 124),
	gsSPVertex(castle_courtyard_dl_sand_entrance_mesh_layer_1_vtx_2 + 88, 4, 0),
	gsSP1Triangle(0, 1, 2, 0),
	gsSP1Triangle(0, 2, 3, 0),
	gsDPPipeSync(),
	gsDPTileSync(),
	gsDPSetTextureImage(G_IM_FMT_RGBA, G_IM_SIZ_16b, 248, castle_courtyard_dl_desert_BG_ow1_rgba16),
	gsDPSetTile(G_IM_FMT_RGBA, G_IM_SIZ_16b, 9, 0, 7, 0, G_TX_CLAMP | G_TX_NOMIRROR, 0, 0, G_TX_CLAMP | G_TX_NOMIRROR, 0, 0),
	gsDPLoadSync(),
	gsDPLoadTile(7, 612, 116, 744, 248),
	gsDPPipeSync(),
	gsDPSetTile(G_IM_FMT_RGBA, G_IM_SIZ_16b, 9, 0, 0, 0, G_TX_CLAMP | G_TX_NOMIRROR, 0, 0, G_TX_CLAMP | G_TX_NOMIRROR, 0, 0),
	gsDPSetTileSize(0, 612, 116, 744, 248),
	gsSPVertex(castle_courtyard_dl_sand_entrance_mesh_layer_1_vtx_2 + 92, 4, 0),
	gsSP1Triangle(0, 1, 2, 0),
	gsSP1Triangle(0, 2, 3, 0),
	gsDPPipeSync(),
	gsDPTileSync(),
	gsDPSetTextureImage(G_IM_FMT_RGBA, G_IM_SIZ_16b, 248, castle_courtyard_dl_desert_BG_ow1_rgba16),
	gsDPSetTile(G_IM_FMT_RGBA, G_IM_SIZ_16b, 9, 0, 7, 0, G_TX_CLAMP | G_TX_NOMIRROR, 0, 0, G_TX_CLAMP | G_TX_NOMIRROR, 0, 0),
	gsDPLoadSync(),
	gsDPLoadTile(7, 612, 240, 744, 372),
	gsDPPipeSync(),
	gsDPSetTile(G_IM_FMT_RGBA, G_IM_SIZ_16b, 9, 0, 0, 0, G_TX_CLAMP | G_TX_NOMIRROR, 0, 0, G_TX_CLAMP | G_TX_NOMIRROR, 0, 0),
	gsDPSetTileSize(0, 612, 240, 744, 372),
	gsSPVertex(castle_courtyard_dl_sand_entrance_mesh_layer_1_vtx_2 + 96, 4, 0),
	gsSP1Triangle(0, 1, 2, 0),
	gsSP1Triangle(0, 2, 3, 0),
	gsDPPipeSync(),
	gsDPTileSync(),
	gsDPSetTextureImage(G_IM_FMT_RGBA, G_IM_SIZ_16b, 248, castle_courtyard_dl_desert_BG_ow1_rgba16),
	gsDPSetTile(G_IM_FMT_RGBA, G_IM_SIZ_16b, 9, 0, 7, 0, G_TX_CLAMP | G_TX_NOMIRROR, 0, 0, G_TX_CLAMP | G_TX_NOMIRROR, 0, 0),
	gsDPLoadSync(),
	gsDPLoadTile(7, 612, 364, 744, 496),
	gsDPPipeSync(),
	gsDPSetTile(G_IM_FMT_RGBA, G_IM_SIZ_16b, 9, 0, 0, 0, G_TX_CLAMP | G_TX_NOMIRROR, 0, 0, G_TX_CLAMP | G_TX_NOMIRROR, 0, 0),
	gsDPSetTileSize(0, 612, 364, 744, 496),
	gsSPVertex(castle_courtyard_dl_sand_entrance_mesh_layer_1_vtx_2 + 100, 4, 0),
	gsSP1Triangle(0, 1, 2, 0),
	gsSP1Triangle(0, 2, 3, 0),
	gsDPPipeSync(),
	gsDPTileSync(),
	gsDPSetTextureImage(G_IM_FMT_RGBA, G_IM_SIZ_16b, 248, castle_courtyard_dl_desert_BG_ow1_rgba16),
	gsDPSetTile(G_IM_FMT_RGBA, G_IM_SIZ_16b, 9, 0, 7, 0, G_TX_CLAMP | G_TX_NOMIRROR, 0, 0, G_TX_CLAMP | G_TX_NOMIRROR, 0, 0),
	gsDPLoadSync(),
	gsDPLoadTile(7, 612, 488, 744, 620),
	gsDPPipeSync(),
	gsDPSetTile(G_IM_FMT_RGBA, G_IM_SIZ_16b, 9, 0, 0, 0, G_TX_CLAMP | G_TX_NOMIRROR, 0, 0, G_TX_CLAMP | G_TX_NOMIRROR, 0, 0),
	gsDPSetTileSize(0, 612, 488, 744, 620),
	gsSPVertex(castle_courtyard_dl_sand_entrance_mesh_layer_1_vtx_2 + 104, 4, 0),
	gsSP1Triangle(0, 1, 2, 0),
	gsSP1Triangle(0, 2, 3, 0),
	gsDPPipeSync(),
	gsDPTileSync(),
	gsDPSetTextureImage(G_IM_FMT_RGBA, G_IM_SIZ_16b, 248, castle_courtyard_dl_desert_BG_ow1_rgba16),
	gsDPSetTile(G_IM_FMT_RGBA, G_IM_SIZ_16b, 9, 0, 7, 0, G_TX_CLAMP | G_TX_NOMIRROR, 0, 0, G_TX_CLAMP | G_TX_NOMIRROR, 0, 0),
	gsDPLoadSync(),
	gsDPLoadTile(7, 612, 612, 744, 744),
	gsDPPipeSync(),
	gsDPSetTile(G_IM_FMT_RGBA, G_IM_SIZ_16b, 9, 0, 0, 0, G_TX_CLAMP | G_TX_NOMIRROR, 0, 0, G_TX_CLAMP | G_TX_NOMIRROR, 0, 0),
	gsDPSetTileSize(0, 612, 612, 744, 744),
	gsSPVertex(castle_courtyard_dl_sand_entrance_mesh_layer_1_vtx_2 + 108, 4, 0),
	gsSP1Triangle(0, 1, 2, 0),
	gsSP1Triangle(0, 2, 3, 0),
	gsDPPipeSync(),
	gsDPTileSync(),
	gsDPSetTextureImage(G_IM_FMT_RGBA, G_IM_SIZ_16b, 248, castle_courtyard_dl_desert_BG_ow1_rgba16),
	gsDPSetTile(G_IM_FMT_RGBA, G_IM_SIZ_16b, 9, 0, 7, 0, G_TX_CLAMP | G_TX_NOMIRROR, 0, 0, G_TX_CLAMP | G_TX_NOMIRROR, 0, 0),
	gsDPLoadSync(),
	gsDPLoadTile(7, 612, 736, 744, 868),
	gsDPPipeSync(),
	gsDPSetTile(G_IM_FMT_RGBA, G_IM_SIZ_16b, 9, 0, 0, 0, G_TX_CLAMP | G_TX_NOMIRROR, 0, 0, G_TX_CLAMP | G_TX_NOMIRROR, 0, 0),
	gsDPSetTileSize(0, 612, 736, 744, 868),
	gsSPVertex(castle_courtyard_dl_sand_entrance_mesh_layer_1_vtx_2 + 112, 4, 0),
	gsSP1Triangle(0, 1, 2, 0),
	gsSP1Triangle(0, 3, 1, 0),
	gsDPPipeSync(),
	gsDPTileSync(),
	gsDPSetTextureImage(G_IM_FMT_RGBA, G_IM_SIZ_16b, 248, castle_courtyard_dl_desert_BG_ow1_rgba16),
	gsDPSetTile(G_IM_FMT_RGBA, G_IM_SIZ_16b, 9, 0, 7, 0, G_TX_CLAMP | G_TX_NOMIRROR, 0, 0, G_TX_CLAMP | G_TX_NOMIRROR, 0, 0),
	gsDPLoadSync(),
	gsDPLoadTile(7, 488, 0, 620, 124),
	gsDPPipeSync(),
	gsDPSetTile(G_IM_FMT_RGBA, G_IM_SIZ_16b, 9, 0, 0, 0, G_TX_CLAMP | G_TX_NOMIRROR, 0, 0, G_TX_CLAMP | G_TX_NOMIRROR, 0, 0),
	gsDPSetTileSize(0, 488, 0, 620, 124),
	gsSPVertex(castle_courtyard_dl_sand_entrance_mesh_layer_1_vtx_2 + 116, 4, 0),
	gsSP1Triangle(0, 1, 2, 0),
	gsSP1Triangle(0, 2, 3, 0),
	gsDPPipeSync(),
	gsDPTileSync(),
	gsDPSetTextureImage(G_IM_FMT_RGBA, G_IM_SIZ_16b, 248, castle_courtyard_dl_desert_BG_ow1_rgba16),
	gsDPSetTile(G_IM_FMT_RGBA, G_IM_SIZ_16b, 9, 0, 7, 0, G_TX_CLAMP | G_TX_NOMIRROR, 0, 0, G_TX_CLAMP | G_TX_NOMIRROR, 0, 0),
	gsDPLoadSync(),
	gsDPLoadTile(7, 488, 116, 620, 248),
	gsDPPipeSync(),
	gsDPSetTile(G_IM_FMT_RGBA, G_IM_SIZ_16b, 9, 0, 0, 0, G_TX_CLAMP | G_TX_NOMIRROR, 0, 0, G_TX_CLAMP | G_TX_NOMIRROR, 0, 0),
	gsDPSetTileSize(0, 488, 116, 620, 248),
	gsSPVertex(castle_courtyard_dl_sand_entrance_mesh_layer_1_vtx_2 + 120, 4, 0),
	gsSP1Triangle(0, 1, 2, 0),
	gsSP1Triangle(0, 2, 3, 0),
	gsDPPipeSync(),
	gsDPTileSync(),
	gsDPSetTextureImage(G_IM_FMT_RGBA, G_IM_SIZ_16b, 248, castle_courtyard_dl_desert_BG_ow1_rgba16),
	gsDPSetTile(G_IM_FMT_RGBA, G_IM_SIZ_16b, 9, 0, 7, 0, G_TX_CLAMP | G_TX_NOMIRROR, 0, 0, G_TX_CLAMP | G_TX_NOMIRROR, 0, 0),
	gsDPLoadSync(),
	gsDPLoadTile(7, 488, 240, 620, 372),
	gsDPPipeSync(),
	gsDPSetTile(G_IM_FMT_RGBA, G_IM_SIZ_16b, 9, 0, 0, 0, G_TX_CLAMP | G_TX_NOMIRROR, 0, 0, G_TX_CLAMP | G_TX_NOMIRROR, 0, 0),
	gsDPSetTileSize(0, 488, 240, 620, 372),
	gsSPVertex(castle_courtyard_dl_sand_entrance_mesh_layer_1_vtx_2 + 124, 4, 0),
	gsSP1Triangle(0, 1, 2, 0),
	gsSP1Triangle(0, 2, 3, 0),
	gsDPPipeSync(),
	gsDPTileSync(),
	gsDPSetTextureImage(G_IM_FMT_RGBA, G_IM_SIZ_16b, 248, castle_courtyard_dl_desert_BG_ow1_rgba16),
	gsDPSetTile(G_IM_FMT_RGBA, G_IM_SIZ_16b, 9, 0, 7, 0, G_TX_CLAMP | G_TX_NOMIRROR, 0, 0, G_TX_CLAMP | G_TX_NOMIRROR, 0, 0),
	gsDPLoadSync(),
	gsDPLoadTile(7, 488, 364, 620, 496),
	gsDPPipeSync(),
	gsDPSetTile(G_IM_FMT_RGBA, G_IM_SIZ_16b, 9, 0, 0, 0, G_TX_CLAMP | G_TX_NOMIRROR, 0, 0, G_TX_CLAMP | G_TX_NOMIRROR, 0, 0),
	gsDPSetTileSize(0, 488, 364, 620, 496),
	gsSPVertex(castle_courtyard_dl_sand_entrance_mesh_layer_1_vtx_2 + 128, 4, 0),
	gsSP1Triangle(0, 1, 2, 0),
	gsSP1Triangle(0, 2, 3, 0),
	gsDPPipeSync(),
	gsDPTileSync(),
	gsDPSetTextureImage(G_IM_FMT_RGBA, G_IM_SIZ_16b, 248, castle_courtyard_dl_desert_BG_ow1_rgba16),
	gsDPSetTile(G_IM_FMT_RGBA, G_IM_SIZ_16b, 9, 0, 7, 0, G_TX_CLAMP | G_TX_NOMIRROR, 0, 0, G_TX_CLAMP | G_TX_NOMIRROR, 0, 0),
	gsDPLoadSync(),
	gsDPLoadTile(7, 488, 488, 620, 620),
	gsDPPipeSync(),
	gsDPSetTile(G_IM_FMT_RGBA, G_IM_SIZ_16b, 9, 0, 0, 0, G_TX_CLAMP | G_TX_NOMIRROR, 0, 0, G_TX_CLAMP | G_TX_NOMIRROR, 0, 0),
	gsDPSetTileSize(0, 488, 488, 620, 620),
	gsSPVertex(castle_courtyard_dl_sand_entrance_mesh_layer_1_vtx_2 + 132, 4, 0),
	gsSP1Triangle(0, 1, 2, 0),
	gsSP1Triangle(0, 2, 3, 0),
	gsDPPipeSync(),
	gsDPTileSync(),
	gsDPSetTextureImage(G_IM_FMT_RGBA, G_IM_SIZ_16b, 248, castle_courtyard_dl_desert_BG_ow1_rgba16),
	gsDPSetTile(G_IM_FMT_RGBA, G_IM_SIZ_16b, 9, 0, 7, 0, G_TX_CLAMP | G_TX_NOMIRROR, 0, 0, G_TX_CLAMP | G_TX_NOMIRROR, 0, 0),
	gsDPLoadSync(),
	gsDPLoadTile(7, 488, 612, 620, 744),
	gsDPPipeSync(),
	gsDPSetTile(G_IM_FMT_RGBA, G_IM_SIZ_16b, 9, 0, 0, 0, G_TX_CLAMP | G_TX_NOMIRROR, 0, 0, G_TX_CLAMP | G_TX_NOMIRROR, 0, 0),
	gsDPSetTileSize(0, 488, 612, 620, 744),
	gsSPVertex(castle_courtyard_dl_sand_entrance_mesh_layer_1_vtx_2 + 136, 4, 0),
	gsSP1Triangle(0, 1, 2, 0),
	gsSP1Triangle(0, 2, 3, 0),
	gsDPPipeSync(),
	gsDPTileSync(),
	gsDPSetTextureImage(G_IM_FMT_RGBA, G_IM_SIZ_16b, 248, castle_courtyard_dl_desert_BG_ow1_rgba16),
	gsDPSetTile(G_IM_FMT_RGBA, G_IM_SIZ_16b, 9, 0, 7, 0, G_TX_CLAMP | G_TX_NOMIRROR, 0, 0, G_TX_CLAMP | G_TX_NOMIRROR, 0, 0),
	gsDPLoadSync(),
	gsDPLoadTile(7, 488, 736, 620, 868),
	gsDPPipeSync(),
	gsDPSetTile(G_IM_FMT_RGBA, G_IM_SIZ_16b, 9, 0, 0, 0, G_TX_CLAMP | G_TX_NOMIRROR, 0, 0, G_TX_CLAMP | G_TX_NOMIRROR, 0, 0),
	gsDPSetTileSize(0, 488, 736, 620, 868),
	gsSPVertex(castle_courtyard_dl_sand_entrance_mesh_layer_1_vtx_2 + 140, 4, 0),
	gsSP1Triangle(0, 1, 2, 0),
	gsSP1Triangle(0, 3, 1, 0),
	gsDPPipeSync(),
	gsDPTileSync(),
	gsDPSetTextureImage(G_IM_FMT_RGBA, G_IM_SIZ_16b, 248, castle_courtyard_dl_desert_BG_ow1_rgba16),
	gsDPSetTile(G_IM_FMT_RGBA, G_IM_SIZ_16b, 9, 0, 7, 0, G_TX_CLAMP | G_TX_NOMIRROR, 0, 0, G_TX_CLAMP | G_TX_NOMIRROR, 0, 0),
	gsDPLoadSync(),
	gsDPLoadTile(7, 364, 0, 496, 124),
	gsDPPipeSync(),
	gsDPSetTile(G_IM_FMT_RGBA, G_IM_SIZ_16b, 9, 0, 0, 0, G_TX_CLAMP | G_TX_NOMIRROR, 0, 0, G_TX_CLAMP | G_TX_NOMIRROR, 0, 0),
	gsDPSetTileSize(0, 364, 0, 496, 124),
	gsSPVertex(castle_courtyard_dl_sand_entrance_mesh_layer_1_vtx_2 + 144, 4, 0),
	gsSP1Triangle(0, 1, 2, 0),
	gsSP1Triangle(0, 2, 3, 0),
	gsDPPipeSync(),
	gsDPTileSync(),
	gsDPSetTextureImage(G_IM_FMT_RGBA, G_IM_SIZ_16b, 248, castle_courtyard_dl_desert_BG_ow1_rgba16),
	gsDPSetTile(G_IM_FMT_RGBA, G_IM_SIZ_16b, 9, 0, 7, 0, G_TX_CLAMP | G_TX_NOMIRROR, 0, 0, G_TX_CLAMP | G_TX_NOMIRROR, 0, 0),
	gsDPLoadSync(),
	gsDPLoadTile(7, 364, 116, 496, 248),
	gsDPPipeSync(),
	gsDPSetTile(G_IM_FMT_RGBA, G_IM_SIZ_16b, 9, 0, 0, 0, G_TX_CLAMP | G_TX_NOMIRROR, 0, 0, G_TX_CLAMP | G_TX_NOMIRROR, 0, 0),
	gsDPSetTileSize(0, 364, 116, 496, 248),
	gsSPVertex(castle_courtyard_dl_sand_entrance_mesh_layer_1_vtx_2 + 148, 4, 0),
	gsSP1Triangle(0, 1, 2, 0),
	gsSP1Triangle(0, 2, 3, 0),
	gsDPPipeSync(),
	gsDPTileSync(),
	gsDPSetTextureImage(G_IM_FMT_RGBA, G_IM_SIZ_16b, 248, castle_courtyard_dl_desert_BG_ow1_rgba16),
	gsDPSetTile(G_IM_FMT_RGBA, G_IM_SIZ_16b, 9, 0, 7, 0, G_TX_CLAMP | G_TX_NOMIRROR, 0, 0, G_TX_CLAMP | G_TX_NOMIRROR, 0, 0),
	gsDPLoadSync(),
	gsDPLoadTile(7, 364, 240, 496, 372),
	gsDPPipeSync(),
	gsDPSetTile(G_IM_FMT_RGBA, G_IM_SIZ_16b, 9, 0, 0, 0, G_TX_CLAMP | G_TX_NOMIRROR, 0, 0, G_TX_CLAMP | G_TX_NOMIRROR, 0, 0),
	gsDPSetTileSize(0, 364, 240, 496, 372),
	gsSPVertex(castle_courtyard_dl_sand_entrance_mesh_layer_1_vtx_2 + 152, 4, 0),
	gsSP1Triangle(0, 1, 2, 0),
	gsSP1Triangle(0, 2, 3, 0),
	gsDPPipeSync(),
	gsDPTileSync(),
	gsDPSetTextureImage(G_IM_FMT_RGBA, G_IM_SIZ_16b, 248, castle_courtyard_dl_desert_BG_ow1_rgba16),
	gsDPSetTile(G_IM_FMT_RGBA, G_IM_SIZ_16b, 9, 0, 7, 0, G_TX_CLAMP | G_TX_NOMIRROR, 0, 0, G_TX_CLAMP | G_TX_NOMIRROR, 0, 0),
	gsDPLoadSync(),
	gsDPLoadTile(7, 364, 364, 496, 496),
	gsDPPipeSync(),
	gsDPSetTile(G_IM_FMT_RGBA, G_IM_SIZ_16b, 9, 0, 0, 0, G_TX_CLAMP | G_TX_NOMIRROR, 0, 0, G_TX_CLAMP | G_TX_NOMIRROR, 0, 0),
	gsDPSetTileSize(0, 364, 364, 496, 496),
	gsSPVertex(castle_courtyard_dl_sand_entrance_mesh_layer_1_vtx_2 + 156, 4, 0),
	gsSP1Triangle(0, 1, 2, 0),
	gsSP1Triangle(0, 2, 3, 0),
	gsDPPipeSync(),
	gsDPTileSync(),
	gsDPSetTextureImage(G_IM_FMT_RGBA, G_IM_SIZ_16b, 248, castle_courtyard_dl_desert_BG_ow1_rgba16),
	gsDPSetTile(G_IM_FMT_RGBA, G_IM_SIZ_16b, 9, 0, 7, 0, G_TX_CLAMP | G_TX_NOMIRROR, 0, 0, G_TX_CLAMP | G_TX_NOMIRROR, 0, 0),
	gsDPLoadSync(),
	gsDPLoadTile(7, 364, 488, 496, 620),
	gsDPPipeSync(),
	gsDPSetTile(G_IM_FMT_RGBA, G_IM_SIZ_16b, 9, 0, 0, 0, G_TX_CLAMP | G_TX_NOMIRROR, 0, 0, G_TX_CLAMP | G_TX_NOMIRROR, 0, 0),
	gsDPSetTileSize(0, 364, 488, 496, 620),
	gsSPVertex(castle_courtyard_dl_sand_entrance_mesh_layer_1_vtx_2 + 160, 4, 0),
	gsSP1Triangle(0, 1, 2, 0),
	gsSP1Triangle(0, 2, 3, 0),
	gsDPPipeSync(),
	gsDPTileSync(),
	gsDPSetTextureImage(G_IM_FMT_RGBA, G_IM_SIZ_16b, 248, castle_courtyard_dl_desert_BG_ow1_rgba16),
	gsDPSetTile(G_IM_FMT_RGBA, G_IM_SIZ_16b, 9, 0, 7, 0, G_TX_CLAMP | G_TX_NOMIRROR, 0, 0, G_TX_CLAMP | G_TX_NOMIRROR, 0, 0),
	gsDPLoadSync(),
	gsDPLoadTile(7, 364, 612, 496, 744),
	gsDPPipeSync(),
	gsDPSetTile(G_IM_FMT_RGBA, G_IM_SIZ_16b, 9, 0, 0, 0, G_TX_CLAMP | G_TX_NOMIRROR, 0, 0, G_TX_CLAMP | G_TX_NOMIRROR, 0, 0),
	gsDPSetTileSize(0, 364, 612, 496, 744),
	gsSPVertex(castle_courtyard_dl_sand_entrance_mesh_layer_1_vtx_2 + 164, 4, 0),
	gsSP1Triangle(0, 1, 2, 0),
	gsSP1Triangle(0, 2, 3, 0),
	gsDPPipeSync(),
	gsDPTileSync(),
	gsDPSetTextureImage(G_IM_FMT_RGBA, G_IM_SIZ_16b, 248, castle_courtyard_dl_desert_BG_ow1_rgba16),
	gsDPSetTile(G_IM_FMT_RGBA, G_IM_SIZ_16b, 9, 0, 7, 0, G_TX_CLAMP | G_TX_NOMIRROR, 0, 0, G_TX_CLAMP | G_TX_NOMIRROR, 0, 0),
	gsDPLoadSync(),
	gsDPLoadTile(7, 364, 736, 496, 868),
	gsDPPipeSync(),
	gsDPSetTile(G_IM_FMT_RGBA, G_IM_SIZ_16b, 9, 0, 0, 0, G_TX_CLAMP | G_TX_NOMIRROR, 0, 0, G_TX_CLAMP | G_TX_NOMIRROR, 0, 0),
	gsDPSetTileSize(0, 364, 736, 496, 868),
	gsSPVertex(castle_courtyard_dl_sand_entrance_mesh_layer_1_vtx_2 + 168, 4, 0),
	gsSP1Triangle(0, 1, 2, 0),
	gsSP1Triangle(0, 3, 1, 0),
	gsDPPipeSync(),
	gsDPTileSync(),
	gsDPSetTextureImage(G_IM_FMT_RGBA, G_IM_SIZ_16b, 248, castle_courtyard_dl_desert_BG_ow1_rgba16),
	gsDPSetTile(G_IM_FMT_RGBA, G_IM_SIZ_16b, 9, 0, 7, 0, G_TX_CLAMP | G_TX_NOMIRROR, 0, 0, G_TX_CLAMP | G_TX_NOMIRROR, 0, 0),
	gsDPLoadSync(),
	gsDPLoadTile(7, 240, 0, 372, 124),
	gsDPPipeSync(),
	gsDPSetTile(G_IM_FMT_RGBA, G_IM_SIZ_16b, 9, 0, 0, 0, G_TX_CLAMP | G_TX_NOMIRROR, 0, 0, G_TX_CLAMP | G_TX_NOMIRROR, 0, 0),
	gsDPSetTileSize(0, 240, 0, 372, 124),
	gsSPVertex(castle_courtyard_dl_sand_entrance_mesh_layer_1_vtx_2 + 172, 4, 0),
	gsSP1Triangle(0, 1, 2, 0),
	gsSP1Triangle(0, 2, 3, 0),
	gsDPPipeSync(),
	gsDPTileSync(),
	gsDPSetTextureImage(G_IM_FMT_RGBA, G_IM_SIZ_16b, 248, castle_courtyard_dl_desert_BG_ow1_rgba16),
	gsDPSetTile(G_IM_FMT_RGBA, G_IM_SIZ_16b, 9, 0, 7, 0, G_TX_CLAMP | G_TX_NOMIRROR, 0, 0, G_TX_CLAMP | G_TX_NOMIRROR, 0, 0),
	gsDPLoadSync(),
	gsDPLoadTile(7, 240, 116, 372, 248),
	gsDPPipeSync(),
	gsDPSetTile(G_IM_FMT_RGBA, G_IM_SIZ_16b, 9, 0, 0, 0, G_TX_CLAMP | G_TX_NOMIRROR, 0, 0, G_TX_CLAMP | G_TX_NOMIRROR, 0, 0),
	gsDPSetTileSize(0, 240, 116, 372, 248),
	gsSPVertex(castle_courtyard_dl_sand_entrance_mesh_layer_1_vtx_2 + 176, 4, 0),
	gsSP1Triangle(0, 1, 2, 0),
	gsSP1Triangle(0, 2, 3, 0),
	gsDPPipeSync(),
	gsDPTileSync(),
	gsDPSetTextureImage(G_IM_FMT_RGBA, G_IM_SIZ_16b, 248, castle_courtyard_dl_desert_BG_ow1_rgba16),
	gsDPSetTile(G_IM_FMT_RGBA, G_IM_SIZ_16b, 9, 0, 7, 0, G_TX_CLAMP | G_TX_NOMIRROR, 0, 0, G_TX_CLAMP | G_TX_NOMIRROR, 0, 0),
	gsDPLoadSync(),
	gsDPLoadTile(7, 240, 240, 372, 372),
	gsDPPipeSync(),
	gsDPSetTile(G_IM_FMT_RGBA, G_IM_SIZ_16b, 9, 0, 0, 0, G_TX_CLAMP | G_TX_NOMIRROR, 0, 0, G_TX_CLAMP | G_TX_NOMIRROR, 0, 0),
	gsDPSetTileSize(0, 240, 240, 372, 372),
	gsSPVertex(castle_courtyard_dl_sand_entrance_mesh_layer_1_vtx_2 + 180, 4, 0),
	gsSP1Triangle(0, 1, 2, 0),
	gsSP1Triangle(0, 2, 3, 0),
	gsDPPipeSync(),
	gsDPTileSync(),
	gsDPSetTextureImage(G_IM_FMT_RGBA, G_IM_SIZ_16b, 248, castle_courtyard_dl_desert_BG_ow1_rgba16),
	gsDPSetTile(G_IM_FMT_RGBA, G_IM_SIZ_16b, 9, 0, 7, 0, G_TX_CLAMP | G_TX_NOMIRROR, 0, 0, G_TX_CLAMP | G_TX_NOMIRROR, 0, 0),
	gsDPLoadSync(),
	gsDPLoadTile(7, 240, 364, 372, 496),
	gsDPPipeSync(),
	gsDPSetTile(G_IM_FMT_RGBA, G_IM_SIZ_16b, 9, 0, 0, 0, G_TX_CLAMP | G_TX_NOMIRROR, 0, 0, G_TX_CLAMP | G_TX_NOMIRROR, 0, 0),
	gsDPSetTileSize(0, 240, 364, 372, 496),
	gsSPVertex(castle_courtyard_dl_sand_entrance_mesh_layer_1_vtx_2 + 184, 4, 0),
	gsSP1Triangle(0, 1, 2, 0),
	gsSP1Triangle(0, 2, 3, 0),
	gsDPPipeSync(),
	gsDPTileSync(),
	gsDPSetTextureImage(G_IM_FMT_RGBA, G_IM_SIZ_16b, 248, castle_courtyard_dl_desert_BG_ow1_rgba16),
	gsDPSetTile(G_IM_FMT_RGBA, G_IM_SIZ_16b, 9, 0, 7, 0, G_TX_CLAMP | G_TX_NOMIRROR, 0, 0, G_TX_CLAMP | G_TX_NOMIRROR, 0, 0),
	gsDPLoadSync(),
	gsDPLoadTile(7, 240, 488, 372, 620),
	gsDPPipeSync(),
	gsDPSetTile(G_IM_FMT_RGBA, G_IM_SIZ_16b, 9, 0, 0, 0, G_TX_CLAMP | G_TX_NOMIRROR, 0, 0, G_TX_CLAMP | G_TX_NOMIRROR, 0, 0),
	gsDPSetTileSize(0, 240, 488, 372, 620),
	gsSPVertex(castle_courtyard_dl_sand_entrance_mesh_layer_1_vtx_2 + 188, 4, 0),
	gsSP1Triangle(0, 1, 2, 0),
	gsSP1Triangle(0, 2, 3, 0),
	gsDPPipeSync(),
	gsDPTileSync(),
	gsDPSetTextureImage(G_IM_FMT_RGBA, G_IM_SIZ_16b, 248, castle_courtyard_dl_desert_BG_ow1_rgba16),
	gsDPSetTile(G_IM_FMT_RGBA, G_IM_SIZ_16b, 9, 0, 7, 0, G_TX_CLAMP | G_TX_NOMIRROR, 0, 0, G_TX_CLAMP | G_TX_NOMIRROR, 0, 0),
	gsDPLoadSync(),
	gsDPLoadTile(7, 240, 612, 372, 744),
	gsDPPipeSync(),
	gsDPSetTile(G_IM_FMT_RGBA, G_IM_SIZ_16b, 9, 0, 0, 0, G_TX_CLAMP | G_TX_NOMIRROR, 0, 0, G_TX_CLAMP | G_TX_NOMIRROR, 0, 0),
	gsDPSetTileSize(0, 240, 612, 372, 744),
	gsSPVertex(castle_courtyard_dl_sand_entrance_mesh_layer_1_vtx_2 + 192, 4, 0),
	gsSP1Triangle(0, 1, 2, 0),
	gsSP1Triangle(0, 2, 3, 0),
	gsDPPipeSync(),
	gsDPTileSync(),
	gsDPSetTextureImage(G_IM_FMT_RGBA, G_IM_SIZ_16b, 248, castle_courtyard_dl_desert_BG_ow1_rgba16),
	gsDPSetTile(G_IM_FMT_RGBA, G_IM_SIZ_16b, 9, 0, 7, 0, G_TX_CLAMP | G_TX_NOMIRROR, 0, 0, G_TX_CLAMP | G_TX_NOMIRROR, 0, 0),
	gsDPLoadSync(),
	gsDPLoadTile(7, 240, 736, 372, 868),
	gsDPPipeSync(),
	gsDPSetTile(G_IM_FMT_RGBA, G_IM_SIZ_16b, 9, 0, 0, 0, G_TX_CLAMP | G_TX_NOMIRROR, 0, 0, G_TX_CLAMP | G_TX_NOMIRROR, 0, 0),
	gsDPSetTileSize(0, 240, 736, 372, 868),
	gsSPVertex(castle_courtyard_dl_sand_entrance_mesh_layer_1_vtx_2 + 196, 4, 0),
	gsSP1Triangle(0, 1, 2, 0),
	gsSP1Triangle(0, 3, 1, 0),
	gsDPPipeSync(),
	gsDPTileSync(),
	gsDPSetTextureImage(G_IM_FMT_RGBA, G_IM_SIZ_16b, 248, castle_courtyard_dl_desert_BG_ow1_rgba16),
	gsDPSetTile(G_IM_FMT_RGBA, G_IM_SIZ_16b, 16, 0, 7, 0, G_TX_CLAMP | G_TX_NOMIRROR, 0, 0, G_TX_CLAMP | G_TX_NOMIRROR, 0, 0),
	gsDPLoadSync(),
	gsDPLoadTile(7, 0, 0, 248, 124),
	gsDPPipeSync(),
	gsDPSetTile(G_IM_FMT_RGBA, G_IM_SIZ_16b, 16, 0, 0, 0, G_TX_CLAMP | G_TX_NOMIRROR, 0, 0, G_TX_CLAMP | G_TX_NOMIRROR, 0, 0),
	gsDPSetTileSize(0, 0, 0, 248, 124),
	gsSPVertex(castle_courtyard_dl_sand_entrance_mesh_layer_1_vtx_2 + 200, 6, 0),
	gsSP1Triangle(0, 1, 2, 0),
	gsSP1Triangle(0, 2, 3, 0),
	gsSP1Triangle(4, 0, 3, 0),
	gsSP1Triangle(4, 3, 5, 0),
	gsDPPipeSync(),
	gsDPTileSync(),
	gsDPSetTextureImage(G_IM_FMT_RGBA, G_IM_SIZ_16b, 248, castle_courtyard_dl_desert_BG_ow1_rgba16),
	gsDPSetTile(G_IM_FMT_RGBA, G_IM_SIZ_16b, 9, 0, 7, 0, G_TX_CLAMP | G_TX_NOMIRROR, 0, 0, G_TX_CLAMP | G_TX_NOMIRROR, 0, 0),
	gsDPLoadSync(),
	gsDPLoadTile(7, 116, 116, 248, 248),
	gsDPPipeSync(),
	gsDPSetTile(G_IM_FMT_RGBA, G_IM_SIZ_16b, 9, 0, 0, 0, G_TX_CLAMP | G_TX_NOMIRROR, 0, 0, G_TX_CLAMP | G_TX_NOMIRROR, 0, 0),
	gsDPSetTileSize(0, 116, 116, 248, 248),
	gsSPVertex(castle_courtyard_dl_sand_entrance_mesh_layer_1_vtx_2 + 206, 4, 0),
	gsSP1Triangle(0, 1, 2, 0),
	gsSP1Triangle(0, 2, 3, 0),
	gsDPPipeSync(),
	gsDPTileSync(),
	gsDPSetTextureImage(G_IM_FMT_RGBA, G_IM_SIZ_16b, 248, castle_courtyard_dl_desert_BG_ow1_rgba16),
	gsDPSetTile(G_IM_FMT_RGBA, G_IM_SIZ_16b, 9, 0, 7, 0, G_TX_CLAMP | G_TX_NOMIRROR, 0, 0, G_TX_CLAMP | G_TX_NOMIRROR, 0, 0),
	gsDPLoadSync(),
	gsDPLoadTile(7, 116, 240, 248, 372),
	gsDPPipeSync(),
	gsDPSetTile(G_IM_FMT_RGBA, G_IM_SIZ_16b, 9, 0, 0, 0, G_TX_CLAMP | G_TX_NOMIRROR, 0, 0, G_TX_CLAMP | G_TX_NOMIRROR, 0, 0),
	gsDPSetTileSize(0, 116, 240, 248, 372),
	gsSPVertex(castle_courtyard_dl_sand_entrance_mesh_layer_1_vtx_2 + 210, 4, 0),
	gsSP1Triangle(0, 1, 2, 0),
	gsSP1Triangle(0, 2, 3, 0),
	gsDPPipeSync(),
	gsDPTileSync(),
	gsDPSetTextureImage(G_IM_FMT_RGBA, G_IM_SIZ_16b, 248, castle_courtyard_dl_desert_BG_ow1_rgba16),
	gsDPSetTile(G_IM_FMT_RGBA, G_IM_SIZ_16b, 9, 0, 7, 0, G_TX_CLAMP | G_TX_NOMIRROR, 0, 0, G_TX_CLAMP | G_TX_NOMIRROR, 0, 0),
	gsDPLoadSync(),
	gsDPLoadTile(7, 116, 364, 248, 496),
	gsDPPipeSync(),
	gsDPSetTile(G_IM_FMT_RGBA, G_IM_SIZ_16b, 9, 0, 0, 0, G_TX_CLAMP | G_TX_NOMIRROR, 0, 0, G_TX_CLAMP | G_TX_NOMIRROR, 0, 0),
	gsDPSetTileSize(0, 116, 364, 248, 496),
	gsSPVertex(castle_courtyard_dl_sand_entrance_mesh_layer_1_vtx_2 + 214, 4, 0),
	gsSP1Triangle(0, 1, 2, 0),
	gsSP1Triangle(0, 2, 3, 0),
	gsDPPipeSync(),
	gsDPTileSync(),
	gsDPSetTextureImage(G_IM_FMT_RGBA, G_IM_SIZ_16b, 248, castle_courtyard_dl_desert_BG_ow1_rgba16),
	gsDPSetTile(G_IM_FMT_RGBA, G_IM_SIZ_16b, 9, 0, 7, 0, G_TX_CLAMP | G_TX_NOMIRROR, 0, 0, G_TX_CLAMP | G_TX_NOMIRROR, 0, 0),
	gsDPLoadSync(),
	gsDPLoadTile(7, 116, 488, 248, 620),
	gsDPPipeSync(),
	gsDPSetTile(G_IM_FMT_RGBA, G_IM_SIZ_16b, 9, 0, 0, 0, G_TX_CLAMP | G_TX_NOMIRROR, 0, 0, G_TX_CLAMP | G_TX_NOMIRROR, 0, 0),
	gsDPSetTileSize(0, 116, 488, 248, 620),
	gsSPVertex(castle_courtyard_dl_sand_entrance_mesh_layer_1_vtx_2 + 218, 4, 0),
	gsSP1Triangle(0, 1, 2, 0),
	gsSP1Triangle(0, 2, 3, 0),
	gsDPPipeSync(),
	gsDPTileSync(),
	gsDPSetTextureImage(G_IM_FMT_RGBA, G_IM_SIZ_16b, 248, castle_courtyard_dl_desert_BG_ow1_rgba16),
	gsDPSetTile(G_IM_FMT_RGBA, G_IM_SIZ_16b, 9, 0, 7, 0, G_TX_CLAMP | G_TX_NOMIRROR, 0, 0, G_TX_CLAMP | G_TX_NOMIRROR, 0, 0),
	gsDPLoadSync(),
	gsDPLoadTile(7, 116, 612, 248, 744),
	gsDPPipeSync(),
	gsDPSetTile(G_IM_FMT_RGBA, G_IM_SIZ_16b, 9, 0, 0, 0, G_TX_CLAMP | G_TX_NOMIRROR, 0, 0, G_TX_CLAMP | G_TX_NOMIRROR, 0, 0),
	gsDPSetTileSize(0, 116, 612, 248, 744),
	gsSPVertex(castle_courtyard_dl_sand_entrance_mesh_layer_1_vtx_2 + 222, 4, 0),
	gsSP1Triangle(0, 1, 2, 0),
	gsSP1Triangle(0, 2, 3, 0),
	gsDPPipeSync(),
	gsDPTileSync(),
	gsDPSetTextureImage(G_IM_FMT_RGBA, G_IM_SIZ_16b, 248, castle_courtyard_dl_desert_BG_ow1_rgba16),
	gsDPSetTile(G_IM_FMT_RGBA, G_IM_SIZ_16b, 9, 0, 7, 0, G_TX_CLAMP | G_TX_NOMIRROR, 0, 0, G_TX_CLAMP | G_TX_NOMIRROR, 0, 0),
	gsDPLoadSync(),
	gsDPLoadTile(7, 116, 736, 248, 868),
	gsDPPipeSync(),
	gsDPSetTile(G_IM_FMT_RGBA, G_IM_SIZ_16b, 9, 0, 0, 0, G_TX_CLAMP | G_TX_NOMIRROR, 0, 0, G_TX_CLAMP | G_TX_NOMIRROR, 0, 0),
	gsDPSetTileSize(0, 116, 736, 248, 868),
	gsSPVertex(castle_courtyard_dl_sand_entrance_mesh_layer_1_vtx_2 + 226, 4, 0),
	gsSP1Triangle(0, 1, 2, 0),
	gsSP1Triangle(0, 2, 3, 0),
	gsDPPipeSync(),
	gsDPTileSync(),
	gsDPSetTextureImage(G_IM_FMT_RGBA, G_IM_SIZ_16b, 248, castle_courtyard_dl_desert_BG_ow1_rgba16),
	gsDPSetTile(G_IM_FMT_RGBA, G_IM_SIZ_16b, 8, 0, 7, 0, G_TX_CLAMP | G_TX_NOMIRROR, 0, 0, G_TX_CLAMP | G_TX_NOMIRROR, 0, 0),
	gsDPLoadSync(),
	gsDPLoadTile(7, 0, 116, 124, 248),
	gsDPPipeSync(),
	gsDPSetTile(G_IM_FMT_RGBA, G_IM_SIZ_16b, 8, 0, 0, 0, G_TX_CLAMP | G_TX_NOMIRROR, 0, 0, G_TX_CLAMP | G_TX_NOMIRROR, 0, 0),
	gsDPSetTileSize(0, 0, 116, 124, 248),
	gsSPVertex(castle_courtyard_dl_sand_entrance_mesh_layer_1_vtx_2 + 230, 4, 0),
	gsSP1Triangle(0, 1, 2, 0),
	gsSP1Triangle(0, 2, 3, 0),
	gsDPPipeSync(),
	gsDPTileSync(),
	gsDPSetTextureImage(G_IM_FMT_RGBA, G_IM_SIZ_16b, 248, castle_courtyard_dl_desert_BG_ow1_rgba16),
	gsDPSetTile(G_IM_FMT_RGBA, G_IM_SIZ_16b, 8, 0, 7, 0, G_TX_CLAMP | G_TX_NOMIRROR, 0, 0, G_TX_CLAMP | G_TX_NOMIRROR, 0, 0),
	gsDPLoadSync(),
	gsDPLoadTile(7, 0, 240, 124, 372),
	gsDPPipeSync(),
	gsDPSetTile(G_IM_FMT_RGBA, G_IM_SIZ_16b, 8, 0, 0, 0, G_TX_CLAMP | G_TX_NOMIRROR, 0, 0, G_TX_CLAMP | G_TX_NOMIRROR, 0, 0),
	gsDPSetTileSize(0, 0, 240, 124, 372),
	gsSPVertex(castle_courtyard_dl_sand_entrance_mesh_layer_1_vtx_2 + 234, 4, 0),
	gsSP1Triangle(0, 1, 2, 0),
	gsSP1Triangle(0, 2, 3, 0),
	gsDPPipeSync(),
	gsDPTileSync(),
	gsDPSetTextureImage(G_IM_FMT_RGBA, G_IM_SIZ_16b, 248, castle_courtyard_dl_desert_BG_ow1_rgba16),
	gsDPSetTile(G_IM_FMT_RGBA, G_IM_SIZ_16b, 8, 0, 7, 0, G_TX_CLAMP | G_TX_NOMIRROR, 0, 0, G_TX_CLAMP | G_TX_NOMIRROR, 0, 0),
	gsDPLoadSync(),
	gsDPLoadTile(7, 0, 364, 124, 496),
	gsDPPipeSync(),
	gsDPSetTile(G_IM_FMT_RGBA, G_IM_SIZ_16b, 8, 0, 0, 0, G_TX_CLAMP | G_TX_NOMIRROR, 0, 0, G_TX_CLAMP | G_TX_NOMIRROR, 0, 0),
	gsDPSetTileSize(0, 0, 364, 124, 496),
	gsSPVertex(castle_courtyard_dl_sand_entrance_mesh_layer_1_vtx_2 + 238, 4, 0),
	gsSP1Triangle(0, 1, 2, 0),
	gsSP1Triangle(0, 2, 3, 0),
	gsDPPipeSync(),
	gsDPTileSync(),
	gsDPSetTextureImage(G_IM_FMT_RGBA, G_IM_SIZ_16b, 248, castle_courtyard_dl_desert_BG_ow1_rgba16),
	gsDPSetTile(G_IM_FMT_RGBA, G_IM_SIZ_16b, 8, 0, 7, 0, G_TX_CLAMP | G_TX_NOMIRROR, 0, 0, G_TX_CLAMP | G_TX_NOMIRROR, 0, 0),
	gsDPLoadSync(),
	gsDPLoadTile(7, 0, 488, 124, 620),
	gsDPPipeSync(),
	gsDPSetTile(G_IM_FMT_RGBA, G_IM_SIZ_16b, 8, 0, 0, 0, G_TX_CLAMP | G_TX_NOMIRROR, 0, 0, G_TX_CLAMP | G_TX_NOMIRROR, 0, 0),
	gsDPSetTileSize(0, 0, 488, 124, 620),
	gsSPVertex(castle_courtyard_dl_sand_entrance_mesh_layer_1_vtx_2 + 242, 4, 0),
	gsSP1Triangle(0, 1, 2, 0),
	gsSP1Triangle(0, 2, 3, 0),
	gsDPPipeSync(),
	gsDPTileSync(),
	gsDPSetTextureImage(G_IM_FMT_RGBA, G_IM_SIZ_16b, 248, castle_courtyard_dl_desert_BG_ow1_rgba16),
	gsDPSetTile(G_IM_FMT_RGBA, G_IM_SIZ_16b, 8, 0, 7, 0, G_TX_CLAMP | G_TX_NOMIRROR, 0, 0, G_TX_CLAMP | G_TX_NOMIRROR, 0, 0),
	gsDPLoadSync(),
	gsDPLoadTile(7, 0, 612, 124, 744),
	gsDPPipeSync(),
	gsDPSetTile(G_IM_FMT_RGBA, G_IM_SIZ_16b, 8, 0, 0, 0, G_TX_CLAMP | G_TX_NOMIRROR, 0, 0, G_TX_CLAMP | G_TX_NOMIRROR, 0, 0),
	gsDPSetTileSize(0, 0, 612, 124, 744),
	gsSPVertex(castle_courtyard_dl_sand_entrance_mesh_layer_1_vtx_2 + 246, 4, 0),
	gsSP1Triangle(0, 1, 2, 0),
	gsSP1Triangle(0, 2, 3, 0),
	gsSPEndDisplayList(),
};

Vtx castle_courtyard_dl_sand_entrance_003_mesh_layer_1_vtx_0[74] = {
	{{{-3623, 703, -2467},0, {1691, 2032},{0xC2, 0xA3, 0x5D, 0xFF}}},
	{{{-3904, 765, -2546},0, {2032, 2032},{0xDD, 0xC6, 0x71, 0xFF}}},
	{{{-3904, 245, -2736},0, {2032, -16},{0xDB, 0xC4, 0x70, 0xFF}}},
	{{{-3623, 217, -2645},0, {1691, -16},{0xC2, 0xA3, 0x5D, 0xFF}}},
	{{{-3342, 641, -2389},0, {1349, 2032},{0x99, 0x7B, 0x51, 0xFF}}},
	{{{-3342, 189, -2554},0, {1349, -16},{0x99, 0x7B, 0x51, 0xFF}}},
	{{{-2780, 517, -2232},0, {667, 2032},{0xA5, 0x76, 0x51, 0xFF}}},
	{{{-2780, 132, -2373},0, {667, -16},{0xA5, 0x76, 0x51, 0xFF}}},
	{{{-2222, 399, -2075},0, {-16, 2032},{0xA5, 0x76, 0x51, 0xFF}}},
	{{{-2222, 90, -2191},0, {-16, -16},{0xA5, 0x76, 0x51, 0xFF}}},
	{{{-3623, 904, -2037},0, {1691, 2032},{0xC1, 0xA3, 0x5D, 0xFF}}},
	{{{-3904, 980, -2086},0, {2032, 2032},{0xDD, 0xC6, 0x71, 0xFF}}},
	{{{-3904, 765, -2546},0, {2032, -16},{0xDD, 0xC6, 0x71, 0xFF}}},
	{{{-3623, 703, -2467},0, {1691, -16},{0xC2, 0xA3, 0x5D, 0xFF}}},
	{{{-3342, 828, -1989},0, {1349, 2032},{0x99, 0x7B, 0x51, 0xFF}}},
	{{{-3342, 641, -2389},0, {1349, -16},{0x99, 0x7B, 0x51, 0xFF}}},
	{{{-2780, 676, -1892},0, {667, 2032},{0xA5, 0x76, 0x51, 0xFF}}},
	{{{-3342, 828, -1989},0, {1349, 2032},{0x99, 0x7B, 0x51, 0xFF}}},
	{{{-3342, 641, -2389},0, {1349, -16},{0x99, 0x7B, 0x51, 0xFF}}},
	{{{-2780, 517, -2232},0, {667, -16},{0xA5, 0x76, 0x51, 0xFF}}},
	{{{-2222, 527, -1795},0, {-16, 2032},{0xA5, 0x76, 0x51, 0xFF}}},
	{{{-2222, 399, -2075},0, {-16, -16},{0xA5, 0x76, 0x51, 0xFF}}},
	{{{-3623, -631, -2645},0, {1691, 2032},{0xC2, 0xA3, 0x5D, 0xFF}}},
	{{{-3904, -661, -2736},0, {2032, 2032},{0xDD, 0xC6, 0x71, 0xFF}}},
	{{{-3904, -1142, -2546},0, {2032, -16},{0xDD, 0xC6, 0x71, 0xFF}}},
	{{{-3623, -1080, -2467},0, {1691, -16},{0xC2, 0xA3, 0x5D, 0xFF}}},
	{{{-3342, -600, -2554},0, {1349, 2032},{0x99, 0x7B, 0x51, 0xFF}}},
	{{{-3342, -1018, -2389},0, {1349, -16},{0x99, 0x7B, 0x51, 0xFF}}},
	{{{-2780, -539, -2373},0, {667, 2032},{0xA5, 0x76, 0x51, 0xFF}}},
	{{{-2780, -894, -2232},0, {667, -16},{0xA5, 0x76, 0x51, 0xFF}}},
	{{{-2222, -452, -2191},0, {-16, 2032},{0xA5, 0x76, 0x51, 0xFF}}},
	{{{-2222, -761, -2075},0, {-16, -16},{0xA5, 0x76, 0x51, 0xFF}}},
	{{{-3623, 217, -2645},0, {1691, 2032},{0xC2, 0xA3, 0x5D, 0xFF}}},
	{{{-3904, 245, -2736},0, {2032, 2032},{0xDB, 0xC4, 0x70, 0xFF}}},
	{{{-3904, -661, -2736},0, {2032, -16},{0xDD, 0xC6, 0x71, 0xFF}}},
	{{{-3623, -631, -2645},0, {1691, -16},{0xC2, 0xA3, 0x5D, 0xFF}}},
	{{{-3342, 189, -2554},0, {1349, 2032},{0x99, 0x7B, 0x51, 0xFF}}},
	{{{-3342, -600, -2554},0, {1349, -16},{0x99, 0x7B, 0x51, 0xFF}}},
	{{{-2780, 132, -2373},0, {667, 2032},{0xA5, 0x76, 0x51, 0xFF}}},
	{{{-2780, -539, -2373},0, {667, -16},{0xA5, 0x76, 0x51, 0xFF}}},
	{{{-2222, 90, -2191},0, {-16, 2032},{0xA5, 0x76, 0x51, 0xFF}}},
	{{{-2222, -452, -2191},0, {-16, -16},{0xA5, 0x76, 0x51, 0xFF}}},
	{{{-3623, -1266, -2037},0, {1691, 2032},{0xC2, 0xA3, 0x5D, 0xFF}}},
	{{{-3904, -1341, -2086},0, {2032, 2032},{0xDA, 0xC3, 0x70, 0xFF}}},
	{{{-3904, -1341, -1028},0, {2032, -16},{0x3F, 0x38, 0x1F, 0xFE}}},
	{{{-3623, -1266, -1028},0, {1691, -16},{0x97, 0x86, 0x4C, 0xFE}}},
	{{{-3342, -1191, -1989},0, {1349, 2032},{0x9B, 0x7A, 0x51, 0xFF}}},
	{{{-3342, -1191, -1028},0, {1349, -16},{0xA8, 0x8C, 0x63, 0xFE}}},
	{{{-2780, -1042, -1892},0, {667, 2032},{0xA5, 0x76, 0x51, 0xFF}}},
	{{{-3342, -1191, -1989},0, {1349, 2032},{0x9B, 0x7A, 0x51, 0xFF}}},
	{{{-3342, -1191, -1028},0, {1349, -16},{0xA8, 0x8C, 0x63, 0xFE}}},
	{{{-2780, -1042, -1028},0, {667, -16},{0xBD, 0x9D, 0x6F, 0xFE}}},
	{{{-2222, -890, -1795},0, {-16, 2032},{0xA5, 0x77, 0x51, 0xFF}}},
	{{{-2222, -890, -1028},0, {-16, -16},{0xFF, 0xE0, 0x95, 0xFE}}},
	{{{-3623, -1080, -2467},0, {1691, 2032},{0xC2, 0xA3, 0x5D, 0xFF}}},
	{{{-3904, -1142, -2546},0, {2032, 2032},{0xDD, 0xC6, 0x71, 0xFF}}},
	{{{-3904, -1341, -2086},0, {2032, -16},{0xDA, 0xC3, 0x70, 0xFF}}},
	{{{-3623, -1266, -2037},0, {1691, -16},{0xC2, 0xA3, 0x5D, 0xFF}}},
	{{{-3342, -1018, -2389},0, {1349, 2032},{0x99, 0x7B, 0x51, 0xFF}}},
	{{{-3342, -1191, -1989},0, {1349, -16},{0x9B, 0x7A, 0x51, 0xFF}}},
	{{{-2780, -894, -2232},0, {667, 2032},{0xA5, 0x76, 0x51, 0xFF}}},
	{{{-2780, -1042, -1892},0, {667, -16},{0xA5, 0x76, 0x51, 0xFF}}},
	{{{-2222, -761, -2075},0, {-16, 2032},{0xA5, 0x76, 0x51, 0xFF}}},
	{{{-2222, -890, -1795},0, {-16, -16},{0xA5, 0x77, 0x51, 0xFF}}},
	{{{-3623, 904, -1028},0, {1691, 2032},{0x97, 0x86, 0x4C, 0xFE}}},
	{{{-3904, 980, -1028},0, {2032, 2032},{0x3F, 0x38, 0x1F, 0xFE}}},
	{{{-3904, 980, -2086},0, {2032, -16},{0xDD, 0xC6, 0x71, 0xFF}}},
	{{{-3623, 904, -2037},0, {1691, -16},{0xC1, 0xA3, 0x5D, 0xFF}}},
	{{{-3342, 828, -1028},0, {1349, 2032},{0xA8, 0x8C, 0x63, 0xFE}}},
	{{{-3342, 828, -1989},0, {1349, -16},{0x99, 0x7B, 0x51, 0xFF}}},
	{{{-2780, 676, -1028},0, {667, 2032},{0xBD, 0x9D, 0x6F, 0xFE}}},
	{{{-2780, 676, -1892},0, {667, -16},{0xA5, 0x76, 0x51, 0xFF}}},
	{{{-2222, 527, -1028},0, {-16, 2032},{0xFF, 0xE0, 0x95, 0xFE}}},
	{{{-2222, 527, -1795},0, {-16, -16},{0xA5, 0x76, 0x51, 0xFF}}},
};

Gfx castle_courtyard_dl_sand_entrance_003_mesh_layer_1_tri_0[] = {
	gsSPVertex(castle_courtyard_dl_sand_entrance_003_mesh_layer_1_vtx_0 + 0, 16, 0),
	gsSP1Triangle(0, 1, 2, 0),
	gsSP1Triangle(0, 2, 3, 0),
	gsSP1Triangle(4, 0, 3, 0),
	gsSP1Triangle(4, 3, 5, 0),
	gsSP1Triangle(6, 4, 5, 0),
	gsSP1Triangle(6, 5, 7, 0),
	gsSP1Triangle(8, 6, 7, 0),
	gsSP1Triangle(8, 7, 9, 0),
	gsSP1Triangle(10, 11, 12, 0),
	gsSP1Triangle(10, 12, 13, 0),
	gsSP1Triangle(14, 10, 13, 0),
	gsSP1Triangle(14, 13, 15, 0),
	gsSPVertex(castle_courtyard_dl_sand_entrance_003_mesh_layer_1_vtx_0 + 16, 16, 0),
	gsSP1Triangle(0, 1, 2, 0),
	gsSP1Triangle(0, 2, 3, 0),
	gsSP1Triangle(4, 0, 3, 0),
	gsSP1Triangle(4, 3, 5, 0),
	gsSP1Triangle(6, 7, 8, 0),
	gsSP1Triangle(6, 8, 9, 0),
	gsSP1Triangle(10, 6, 9, 0),
	gsSP1Triangle(10, 9, 11, 0),
	gsSP1Triangle(12, 10, 11, 0),
	gsSP1Triangle(12, 11, 13, 0),
	gsSP1Triangle(14, 12, 13, 0),
	gsSP1Triangle(14, 13, 15, 0),
	gsSPVertex(castle_courtyard_dl_sand_entrance_003_mesh_layer_1_vtx_0 + 32, 16, 0),
	gsSP1Triangle(0, 1, 2, 0),
	gsSP1Triangle(0, 2, 3, 0),
	gsSP1Triangle(4, 0, 3, 0),
	gsSP1Triangle(4, 3, 5, 0),
	gsSP1Triangle(6, 4, 5, 0),
	gsSP1Triangle(6, 5, 7, 0),
	gsSP1Triangle(8, 6, 7, 0),
	gsSP1Triangle(8, 7, 9, 0),
	gsSP1Triangle(10, 11, 12, 0),
	gsSP1Triangle(10, 12, 13, 0),
	gsSP1Triangle(14, 10, 13, 0),
	gsSP1Triangle(14, 13, 15, 0),
	gsSPVertex(castle_courtyard_dl_sand_entrance_003_mesh_layer_1_vtx_0 + 48, 16, 0),
	gsSP1Triangle(0, 1, 2, 0),
	gsSP1Triangle(0, 2, 3, 0),
	gsSP1Triangle(4, 0, 3, 0),
	gsSP1Triangle(4, 3, 5, 0),
	gsSP1Triangle(6, 7, 8, 0),
	gsSP1Triangle(6, 8, 9, 0),
	gsSP1Triangle(10, 6, 9, 0),
	gsSP1Triangle(10, 9, 11, 0),
	gsSP1Triangle(12, 10, 11, 0),
	gsSP1Triangle(12, 11, 13, 0),
	gsSP1Triangle(14, 12, 13, 0),
	gsSP1Triangle(14, 13, 15, 0),
	gsSPVertex(castle_courtyard_dl_sand_entrance_003_mesh_layer_1_vtx_0 + 64, 10, 0),
	gsSP1Triangle(0, 1, 2, 0),
	gsSP1Triangle(0, 2, 3, 0),
	gsSP1Triangle(4, 0, 3, 0),
	gsSP1Triangle(4, 3, 5, 0),
	gsSP1Triangle(6, 4, 5, 0),
	gsSP1Triangle(6, 5, 7, 0),
	gsSP1Triangle(8, 6, 7, 0),
	gsSP1Triangle(8, 7, 9, 0),
	gsSPEndDisplayList(),
};

Vtx castle_courtyard_dl_sand_entrance_003_mesh_layer_1_vtx_1[10] = {
	{{{-2222, 527, -1028},0, {-2832, -2167},{0xFF, 0xE0, 0x95, 0xFE}}},
	{{{-2222, -890, -1028},0, {-2832, 3185},{0xFF, 0xE0, 0x95, 0xFE}}},
	{{{-2780, -1042, -1028},0, {-706, 3751},{0xC5, 0xB0, 0x46, 0xFE}}},
	{{{-2780, 676, -1028},0, {-706, -2741},{0xC5, 0xB0, 0x46, 0xFE}}},
	{{{-3342, -1191, -1028},0, {1419, 4317},{0x86, 0x7A, 0x3A, 0xFE}}},
	{{{-3342, 828, -1028},0, {1419, -3316},{0x86, 0x7A, 0x3A, 0xFE}}},
	{{{-3588, -1257, -1028},0, {2348, 4564},{0x5C, 0x49, 0x1F, 0xFE}}},
	{{{-3588, 894, -1028},0, {2348, -3567},{0x5C, 0x49, 0x1F, 0xFE}}},
	{{{-3904, -1341, -1028},0, {3544, 4882},{0x3F, 0x38, 0x1F, 0xFE}}},
	{{{-3904, 980, -1028},0, {3544, -3890},{0x3F, 0x38, 0x1F, 0xFE}}},
};

Gfx castle_courtyard_dl_sand_entrance_003_mesh_layer_1_tri_1[] = {
	gsSPVertex(castle_courtyard_dl_sand_entrance_003_mesh_layer_1_vtx_1 + 0, 10, 0),
	gsSP1Triangle(0, 1, 2, 0),
	gsSP1Triangle(0, 2, 3, 0),
	gsSP1Triangle(3, 2, 4, 0),
	gsSP1Triangle(3, 4, 5, 0),
	gsSP1Triangle(5, 4, 6, 0),
	gsSP1Triangle(5, 6, 7, 0),
	gsSP1Triangle(7, 6, 8, 0),
	gsSP1Triangle(7, 8, 9, 0),
	gsSPEndDisplayList(),
};

Vtx castle_courtyard_dl_sand_entrance_003_mesh_layer_1_vtx_2[250] = {
	{{{-3904, 690, -1241},0, {976, 6928},{0x7F, 0x0, 0x0, 0xFF}}},
	{{{-3904, 980, -1241},0, {-16, 6928},{0x7F, 0x0, 0x0, 0xFF}}},
	{{{-3904, 980, -1013},0, {-16, 7920},{0x7F, 0x0, 0x0, 0xFE}}},
	{{{-3904, 690, -1455},0, {976, 5936},{0x7F, 0x0, 0x0, 0xFF}}},
	{{{-3904, 980, -1455},0, {-16, 5936},{0x7F, 0x0, 0x0, 0xFF}}},
	{{{-3904, 690, -1013},0, {976, 7920},{0x7F, 0x0, 0x0, 0xFE}}},
	{{{-3904, -1341, -1241},0, {7920, 6928},{0x7F, 0x0, 0x0, 0xFE}}},
	{{{-3904, -1051, -1013},0, {6928, 7920},{0x7F, 0x0, 0x0, 0xFE}}},
	{{{-3904, -1341, -1013},0, {7920, 7920},{0x7F, 0x0, 0x0, 0xFE}}},
	{{{-3904, -1051, -1241},0, {6928, 6928},{0x7F, 0x0, 0x0, 0xFF}}},
	{{{-3904, -1051, -1241},0, {6928, 6928},{0x7F, 0x0, 0x0, 0xFF}}},
	{{{-3904, -761, -1013},0, {5936, 7920},{0x7F, 0x0, 0x0, 0xFE}}},
	{{{-3904, -1051, -1013},0, {6928, 7920},{0x7F, 0x0, 0x0, 0xFE}}},
	{{{-3904, -761, -1241},0, {5936, 6928},{0x7F, 0x0, 0x0, 0xFF}}},
	{{{-3904, -761, -1241},0, {5936, 6928},{0x7F, 0x0, 0x0, 0xFF}}},
	{{{-3904, -471, -1013},0, {4944, 7920},{0x7F, 0x0, 0x0, 0xFE}}},
	{{{-3904, -761, -1013},0, {5936, 7920},{0x7F, 0x0, 0x0, 0xFE}}},
	{{{-3904, -471, -1241},0, {4944, 6928},{0x7F, 0x0, 0x0, 0xFF}}},
	{{{-3904, -471, -1241},0, {4944, 6928},{0x7F, 0x0, 0x0, 0xFF}}},
	{{{-3904, -181, -1013},0, {3952, 7920},{0x7F, 0x0, 0x0, 0xFE}}},
	{{{-3904, -471, -1013},0, {4944, 7920},{0x7F, 0x0, 0x0, 0xFE}}},
	{{{-3904, -181, -1241},0, {3952, 6928},{0x7F, 0x0, 0x0, 0xFF}}},
	{{{-3904, -181, -1241},0, {3952, 6928},{0x7F, 0x0, 0x0, 0xFF}}},
	{{{-3904, 110, -1013},0, {2960, 7920},{0x7F, 0x0, 0x0, 0xFE}}},
	{{{-3904, -181, -1013},0, {3952, 7920},{0x7F, 0x0, 0x0, 0xFE}}},
	{{{-3904, 110, -1241},0, {2960, 6928},{0x7F, 0x0, 0x0, 0xFF}}},
	{{{-3904, 110, -1241},0, {2960, 6928},{0x7F, 0x0, 0x0, 0xFF}}},
	{{{-3904, 400, -1013},0, {1968, 7920},{0x7F, 0x0, 0x0, 0xFE}}},
	{{{-3904, 110, -1013},0, {2960, 7920},{0x7F, 0x0, 0x0, 0xFE}}},
	{{{-3904, 400, -1241},0, {1968, 6928},{0x7F, 0x0, 0x0, 0xFF}}},
	{{{-3904, 400, -1241},0, {1968, 6928},{0x7F, 0x0, 0x0, 0xFF}}},
	{{{-3904, 690, -1013},0, {976, 7920},{0x7F, 0x0, 0x0, 0xFE}}},
	{{{-3904, 400, -1013},0, {1968, 7920},{0x7F, 0x0, 0x0, 0xFE}}},
	{{{-3904, 690, -1241},0, {976, 6928},{0x7F, 0x0, 0x0, 0xFF}}},
	{{{-3904, -1341, -2736},0, {7920, -16},{0x7F, 0x0, 0x0, 0xFF}}},
	{{{-3904, -1051, -2736},0, {6928, -16},{0x7F, 0x0, 0x0, 0xFF}}},
	{{{-3904, -1051, -2522},0, {6928, 976},{0x7F, 0x0, 0x0, 0xFF}}},
	{{{-3904, -761, -2522},0, {5936, 976},{0x7F, 0x0, 0x0, 0xFF}}},
	{{{-3904, -761, -2736},0, {5936, -16},{0x7F, 0x0, 0x0, 0xFF}}},
	{{{-3904, -1341, -2522},0, {7920, 976},{0x7F, 0x0, 0x0, 0xFF}}},
	{{{-3904, -1341, -2522},0, {7920, 976},{0x7F, 0x0, 0x0, 0xFF}}},
	{{{-3904, -1051, -2522},0, {6928, 976},{0x7F, 0x0, 0x0, 0xFF}}},
	{{{-3904, -1051, -2309},0, {6928, 1968},{0x7F, 0x0, 0x0, 0xFF}}},
	{{{-3904, -1341, -2309},0, {7920, 1968},{0x7F, 0x0, 0x0, 0xFE}}},
	{{{-3904, -1341, -2309},0, {7920, 1968},{0x7F, 0x0, 0x0, 0xFE}}},
	{{{-3904, -1051, -2309},0, {6928, 1968},{0x7F, 0x0, 0x0, 0xFF}}},
	{{{-3904, -1051, -2095},0, {6928, 2960},{0x7F, 0x0, 0x0, 0xFF}}},
	{{{-3904, -1341, -2095},0, {7920, 2960},{0x7F, 0x0, 0x0, 0xFE}}},
	{{{-3904, -1341, -2095},0, {7920, 2960},{0x7F, 0x0, 0x0, 0xFE}}},
	{{{-3904, -1051, -2095},0, {6928, 2960},{0x7F, 0x0, 0x0, 0xFF}}},
	{{{-3904, -1051, -1882},0, {6928, 3952},{0x7F, 0x0, 0x0, 0xFF}}},
	{{{-3904, -1341, -1882},0, {7920, 3952},{0x7F, 0x0, 0x0, 0xFE}}},
	{{{-3904, -1341, -1882},0, {7920, 3952},{0x7F, 0x0, 0x0, 0xFE}}},
	{{{-3904, -1051, -1882},0, {6928, 3952},{0x7F, 0x0, 0x0, 0xFF}}},
	{{{-3904, -1051, -1668},0, {6928, 4944},{0x7F, 0x0, 0x0, 0xFF}}},
	{{{-3904, -1341, -1668},0, {7920, 4944},{0x7F, 0x0, 0x0, 0xFE}}},
	{{{-3904, -1341, -1668},0, {7920, 4944},{0x7F, 0x0, 0x0, 0xFE}}},
	{{{-3904, -1051, -1668},0, {6928, 4944},{0x7F, 0x0, 0x0, 0xFF}}},
	{{{-3904, -1051, -1455},0, {6928, 5936},{0x7F, 0x0, 0x0, 0xFF}}},
	{{{-3904, -1341, -1455},0, {7920, 5936},{0x7F, 0x0, 0x0, 0xFE}}},
	{{{-3904, -1341, -1455},0, {7920, 5936},{0x7F, 0x0, 0x0, 0xFE}}},
	{{{-3904, -1051, -1241},0, {6928, 6928},{0x7F, 0x0, 0x0, 0xFF}}},
	{{{-3904, -1341, -1241},0, {7920, 6928},{0x7F, 0x0, 0x0, 0xFE}}},
	{{{-3904, -1051, -1455},0, {6928, 5936},{0x7F, 0x0, 0x0, 0xFF}}},
	{{{-3904, -1051, -2522},0, {6928, 976},{0x7F, 0x0, 0x0, 0xFF}}},
	{{{-3904, -761, -2522},0, {5936, 976},{0x7F, 0x0, 0x0, 0xFF}}},
	{{{-3904, -761, -2309},0, {5936, 1968},{0x7F, 0x0, 0x0, 0xFF}}},
	{{{-3904, -1051, -2309},0, {6928, 1968},{0x7F, 0x0, 0x0, 0xFF}}},
	{{{-3904, -1051, -2309},0, {6928, 1968},{0x7F, 0x0, 0x0, 0xFF}}},
	{{{-3904, -761, -2309},0, {5936, 1968},{0x7F, 0x0, 0x0, 0xFF}}},
	{{{-3904, -761, -2095},0, {5936, 2960},{0x7F, 0x0, 0x0, 0xFF}}},
	{{{-3904, -1051, -2095},0, {6928, 2960},{0x7F, 0x0, 0x0, 0xFF}}},
	{{{-3904, -1051, -2095},0, {6928, 2960},{0x7F, 0x0, 0x0, 0xFF}}},
	{{{-3904, -761, -2095},0, {5936, 2960},{0x7F, 0x0, 0x0, 0xFF}}},
	{{{-3904, -761, -1882},0, {5936, 3952},{0x7F, 0x0, 0x0, 0xFF}}},
	{{{-3904, -1051, -1882},0, {6928, 3952},{0x7F, 0x0, 0x0, 0xFF}}},
	{{{-3904, -1051, -1882},0, {6928, 3952},{0x7F, 0x0, 0x0, 0xFF}}},
	{{{-3904, -761, -1882},0, {5936, 3952},{0x7F, 0x0, 0x0, 0xFF}}},
	{{{-3904, -761, -1668},0, {5936, 4944},{0x7F, 0x0, 0x0, 0xFF}}},
	{{{-3904, -1051, -1668},0, {6928, 4944},{0x7F, 0x0, 0x0, 0xFF}}},
	{{{-3904, -1051, -1668},0, {6928, 4944},{0x7F, 0x0, 0x0, 0xFF}}},
	{{{-3904, -761, -1668},0, {5936, 4944},{0x7F, 0x0, 0x0, 0xFF}}},
	{{{-3904, -761, -1455},0, {5936, 5936},{0x7F, 0x0, 0x0, 0xFF}}},
	{{{-3904, -1051, -1455},0, {6928, 5936},{0x7F, 0x0, 0x0, 0xFF}}},
	{{{-3904, -1051, -1455},0, {6928, 5936},{0x7F, 0x0, 0x0, 0xFF}}},
	{{{-3904, -761, -1241},0, {5936, 6928},{0x7F, 0x0, 0x0, 0xFF}}},
	{{{-3904, -1051, -1241},0, {6928, 6928},{0x7F, 0x0, 0x0, 0xFF}}},
	{{{-3904, -761, -1455},0, {5936, 5936},{0x7F, 0x0, 0x0, 0xFF}}},
	{{{-3904, -761, -2736},0, {5936, -16},{0x7F, 0x0, 0x0, 0xFF}}},
	{{{-3904, -471, -2736},0, {4944, -16},{0x7F, 0x0, 0x0, 0xFF}}},
	{{{-3904, -471, -2522},0, {4944, 976},{0x7F, 0x0, 0x0, 0xFF}}},
	{{{-3904, -761, -2522},0, {5936, 976},{0x7F, 0x0, 0x0, 0xFF}}},
	{{{-3904, -761, -2522},0, {5936, 976},{0x7F, 0x0, 0x0, 0xFF}}},
	{{{-3904, -471, -2522},0, {4944, 976},{0x7F, 0x0, 0x0, 0xFF}}},
	{{{-3904, -471, -2309},0, {4944, 1968},{0x7F, 0x0, 0x0, 0xFF}}},
	{{{-3904, -761, -2309},0, {5936, 1968},{0x7F, 0x0, 0x0, 0xFF}}},
	{{{-3904, -761, -2309},0, {5936, 1968},{0x7F, 0x0, 0x0, 0xFF}}},
	{{{-3904, -471, -2309},0, {4944, 1968},{0x7F, 0x0, 0x0, 0xFF}}},
	{{{-3904, -471, -2095},0, {4944, 2960},{0x7F, 0x0, 0x0, 0xFF}}},
	{{{-3904, -761, -2095},0, {5936, 2960},{0x7F, 0x0, 0x0, 0xFF}}},
	{{{-3904, -761, -2095},0, {5936, 2960},{0x7F, 0x0, 0x0, 0xFF}}},
	{{{-3904, -471, -2095},0, {4944, 2960},{0x7F, 0x0, 0x0, 0xFF}}},
	{{{-3904, -471, -1882},0, {4944, 3952},{0x7F, 0x0, 0x0, 0xFF}}},
	{{{-3904, -761, -1882},0, {5936, 3952},{0x7F, 0x0, 0x0, 0xFF}}},
	{{{-3904, -761, -1882},0, {5936, 3952},{0x7F, 0x0, 0x0, 0xFF}}},
	{{{-3904, -471, -1882},0, {4944, 3952},{0x7F, 0x0, 0x0, 0xFF}}},
	{{{-3904, -471, -1668},0, {4944, 4944},{0x7F, 0x0, 0x0, 0xFF}}},
	{{{-3904, -761, -1668},0, {5936, 4944},{0x7F, 0x0, 0x0, 0xFF}}},
	{{{-3904, -761, -1668},0, {5936, 4944},{0x7F, 0x0, 0x0, 0xFF}}},
	{{{-3904, -471, -1668},0, {4944, 4944},{0x7F, 0x0, 0x0, 0xFF}}},
	{{{-3904, -471, -1455},0, {4944, 5936},{0x7F, 0x0, 0x0, 0xFF}}},
	{{{-3904, -761, -1455},0, {5936, 5936},{0x7F, 0x0, 0x0, 0xFF}}},
	{{{-3904, -761, -1455},0, {5936, 5936},{0x7F, 0x0, 0x0, 0xFF}}},
	{{{-3904, -471, -1241},0, {4944, 6928},{0x7F, 0x0, 0x0, 0xFF}}},
	{{{-3904, -761, -1241},0, {5936, 6928},{0x7F, 0x0, 0x0, 0xFF}}},
	{{{-3904, -471, -1455},0, {4944, 5936},{0x7F, 0x0, 0x0, 0xFF}}},
	{{{-3904, -471, -2736},0, {4944, -16},{0x7F, 0x0, 0x0, 0xFF}}},
	{{{-3904, -181, -2736},0, {3952, -16},{0x7F, 0x0, 0x0, 0xFF}}},
	{{{-3904, -181, -2522},0, {3952, 976},{0x7F, 0x0, 0x0, 0xFF}}},
	{{{-3904, -471, -2522},0, {4944, 976},{0x7F, 0x0, 0x0, 0xFF}}},
	{{{-3904, -471, -2522},0, {4944, 976},{0x7F, 0x0, 0x0, 0xFF}}},
	{{{-3904, -181, -2522},0, {3952, 976},{0x7F, 0x0, 0x0, 0xFF}}},
	{{{-3904, -181, -2309},0, {3952, 1968},{0x7F, 0x0, 0x0, 0xFF}}},
	{{{-3904, -471, -2309},0, {4944, 1968},{0x7F, 0x0, 0x0, 0xFF}}},
	{{{-3904, -471, -2309},0, {4944, 1968},{0x7F, 0x0, 0x0, 0xFF}}},
	{{{-3904, -181, -2309},0, {3952, 1968},{0x7F, 0x0, 0x0, 0xFF}}},
	{{{-3904, -181, -2095},0, {3952, 2960},{0x7F, 0x0, 0x0, 0xFF}}},
	{{{-3904, -471, -2095},0, {4944, 2960},{0x7F, 0x0, 0x0, 0xFF}}},
	{{{-3904, -471, -2095},0, {4944, 2960},{0x7F, 0x0, 0x0, 0xFF}}},
	{{{-3904, -181, -2095},0, {3952, 2960},{0x7F, 0x0, 0x0, 0xFF}}},
	{{{-3904, -181, -1882},0, {3952, 3952},{0x7F, 0x0, 0x0, 0xFF}}},
	{{{-3904, -471, -1882},0, {4944, 3952},{0x7F, 0x0, 0x0, 0xFF}}},
	{{{-3904, -471, -1882},0, {4944, 3952},{0x7F, 0x0, 0x0, 0xFF}}},
	{{{-3904, -181, -1882},0, {3952, 3952},{0x7F, 0x0, 0x0, 0xFF}}},
	{{{-3904, -181, -1668},0, {3952, 4944},{0x7F, 0x0, 0x0, 0xFF}}},
	{{{-3904, -471, -1668},0, {4944, 4944},{0x7F, 0x0, 0x0, 0xFF}}},
	{{{-3904, -471, -1668},0, {4944, 4944},{0x7F, 0x0, 0x0, 0xFF}}},
	{{{-3904, -181, -1668},0, {3952, 4944},{0x7F, 0x0, 0x0, 0xFF}}},
	{{{-3904, -181, -1455},0, {3952, 5936},{0x7F, 0x0, 0x0, 0xFF}}},
	{{{-3904, -471, -1455},0, {4944, 5936},{0x7F, 0x0, 0x0, 0xFF}}},
	{{{-3904, -471, -1455},0, {4944, 5936},{0x7F, 0x0, 0x0, 0xFF}}},
	{{{-3904, -181, -1241},0, {3952, 6928},{0x7F, 0x0, 0x0, 0xFF}}},
	{{{-3904, -471, -1241},0, {4944, 6928},{0x7F, 0x0, 0x0, 0xFF}}},
	{{{-3904, -181, -1455},0, {3952, 5936},{0x7F, 0x0, 0x0, 0xFF}}},
	{{{-3904, -181, -2736},0, {3952, -16},{0x7F, 0x0, 0x0, 0xFF}}},
	{{{-3904, 110, -2736},0, {2960, -16},{0x7F, 0x0, 0x0, 0xFF}}},
	{{{-3904, 110, -2522},0, {2960, 976},{0x7F, 0x0, 0x0, 0xFF}}},
	{{{-3904, -181, -2522},0, {3952, 976},{0x7F, 0x0, 0x0, 0xFF}}},
	{{{-3904, -181, -2522},0, {3952, 976},{0x7F, 0x0, 0x0, 0xFF}}},
	{{{-3904, 110, -2522},0, {2960, 976},{0x7F, 0x0, 0x0, 0xFF}}},
	{{{-3904, 110, -2309},0, {2960, 1968},{0x7F, 0x0, 0x0, 0xFF}}},
	{{{-3904, -181, -2309},0, {3952, 1968},{0x7F, 0x0, 0x0, 0xFF}}},
	{{{-3904, -181, -2309},0, {3952, 1968},{0x7F, 0x0, 0x0, 0xFF}}},
	{{{-3904, 110, -2309},0, {2960, 1968},{0x7F, 0x0, 0x0, 0xFF}}},
	{{{-3904, 110, -2095},0, {2960, 2960},{0x7F, 0x0, 0x0, 0xFF}}},
	{{{-3904, -181, -2095},0, {3952, 2960},{0x7F, 0x0, 0x0, 0xFF}}},
	{{{-3904, -181, -2095},0, {3952, 2960},{0x7F, 0x0, 0x0, 0xFF}}},
	{{{-3904, 110, -2095},0, {2960, 2960},{0x7F, 0x0, 0x0, 0xFF}}},
	{{{-3904, 110, -1882},0, {2960, 3952},{0x7F, 0x0, 0x0, 0xFF}}},
	{{{-3904, -181, -1882},0, {3952, 3952},{0x7F, 0x0, 0x0, 0xFF}}},
	{{{-3904, -181, -1882},0, {3952, 3952},{0x7F, 0x0, 0x0, 0xFF}}},
	{{{-3904, 110, -1882},0, {2960, 3952},{0x7F, 0x0, 0x0, 0xFF}}},
	{{{-3904, 110, -1668},0, {2960, 4944},{0x7F, 0x0, 0x0, 0xFF}}},
	{{{-3904, -181, -1668},0, {3952, 4944},{0x7F, 0x0, 0x0, 0xFF}}},
	{{{-3904, -181, -1668},0, {3952, 4944},{0x7F, 0x0, 0x0, 0xFF}}},
	{{{-3904, 110, -1668},0, {2960, 4944},{0x7F, 0x0, 0x0, 0xFF}}},
	{{{-3904, 110, -1455},0, {2960, 5936},{0x7F, 0x0, 0x0, 0xFF}}},
	{{{-3904, -181, -1455},0, {3952, 5936},{0x7F, 0x0, 0x0, 0xFF}}},
	{{{-3904, -181, -1455},0, {3952, 5936},{0x7F, 0x0, 0x0, 0xFF}}},
	{{{-3904, 110, -1241},0, {2960, 6928},{0x7F, 0x0, 0x0, 0xFF}}},
	{{{-3904, -181, -1241},0, {3952, 6928},{0x7F, 0x0, 0x0, 0xFF}}},
	{{{-3904, 110, -1455},0, {2960, 5936},{0x7F, 0x0, 0x0, 0xFF}}},
	{{{-3904, 110, -2736},0, {2960, -16},{0x7F, 0x0, 0x0, 0xFF}}},
	{{{-3904, 400, -2736},0, {1968, -16},{0x7F, 0x0, 0x0, 0xFF}}},
	{{{-3904, 400, -2522},0, {1968, 976},{0x7F, 0x0, 0x0, 0xFF}}},
	{{{-3904, 110, -2522},0, {2960, 976},{0x7F, 0x0, 0x0, 0xFF}}},
	{{{-3904, 110, -2522},0, {2960, 976},{0x7F, 0x0, 0x0, 0xFF}}},
	{{{-3904, 400, -2522},0, {1968, 976},{0x7F, 0x0, 0x0, 0xFF}}},
	{{{-3904, 400, -2309},0, {1968, 1968},{0x7F, 0x0, 0x0, 0xFF}}},
	{{{-3904, 110, -2309},0, {2960, 1968},{0x7F, 0x0, 0x0, 0xFF}}},
	{{{-3904, 110, -2309},0, {2960, 1968},{0x7F, 0x0, 0x0, 0xFF}}},
	{{{-3904, 400, -2309},0, {1968, 1968},{0x7F, 0x0, 0x0, 0xFF}}},
	{{{-3904, 400, -2095},0, {1968, 2960},{0x7F, 0x0, 0x0, 0xFF}}},
	{{{-3904, 110, -2095},0, {2960, 2960},{0x7F, 0x0, 0x0, 0xFF}}},
	{{{-3904, 110, -2095},0, {2960, 2960},{0x7F, 0x0, 0x0, 0xFF}}},
	{{{-3904, 400, -2095},0, {1968, 2960},{0x7F, 0x0, 0x0, 0xFF}}},
	{{{-3904, 400, -1882},0, {1968, 3952},{0x7F, 0x0, 0x0, 0xFF}}},
	{{{-3904, 110, -1882},0, {2960, 3952},{0x7F, 0x0, 0x0, 0xFF}}},
	{{{-3904, 110, -1882},0, {2960, 3952},{0x7F, 0x0, 0x0, 0xFF}}},
	{{{-3904, 400, -1882},0, {1968, 3952},{0x7F, 0x0, 0x0, 0xFF}}},
	{{{-3904, 400, -1668},0, {1968, 4944},{0x7F, 0x0, 0x0, 0xFF}}},
	{{{-3904, 110, -1668},0, {2960, 4944},{0x7F, 0x0, 0x0, 0xFF}}},
	{{{-3904, 110, -1668},0, {2960, 4944},{0x7F, 0x0, 0x0, 0xFF}}},
	{{{-3904, 400, -1668},0, {1968, 4944},{0x7F, 0x0, 0x0, 0xFF}}},
	{{{-3904, 400, -1455},0, {1968, 5936},{0x7F, 0x0, 0x0, 0xFF}}},
	{{{-3904, 110, -1455},0, {2960, 5936},{0x7F, 0x0, 0x0, 0xFF}}},
	{{{-3904, 110, -1455},0, {2960, 5936},{0x7F, 0x0, 0x0, 0xFF}}},
	{{{-3904, 400, -1241},0, {1968, 6928},{0x7F, 0x0, 0x0, 0xFF}}},
	{{{-3904, 110, -1241},0, {2960, 6928},{0x7F, 0x0, 0x0, 0xFF}}},
	{{{-3904, 400, -1455},0, {1968, 5936},{0x7F, 0x0, 0x0, 0xFF}}},
	{{{-3904, 690, -2736},0, {976, -16},{0x7F, 0x0, 0x0, 0xFF}}},
	{{{-3904, 980, -2736},0, {-16, -16},{0x7F, 0x0, 0x0, 0xFF}}},
	{{{-3904, 980, -2522},0, {-16, 976},{0x7F, 0x0, 0x0, 0xFF}}},
	{{{-3904, 690, -2522},0, {976, 976},{0x7F, 0x0, 0x0, 0xFF}}},
	{{{-3904, 400, -2736},0, {1968, -16},{0x7F, 0x0, 0x0, 0xFF}}},
	{{{-3904, 400, -2522},0, {1968, 976},{0x7F, 0x0, 0x0, 0xFF}}},
	{{{-3904, 400, -2522},0, {1968, 976},{0x7F, 0x0, 0x0, 0xFF}}},
	{{{-3904, 690, -2522},0, {976, 976},{0x7F, 0x0, 0x0, 0xFF}}},
	{{{-3904, 690, -2309},0, {976, 1968},{0x7F, 0x0, 0x0, 0xFF}}},
	{{{-3904, 400, -2309},0, {1968, 1968},{0x7F, 0x0, 0x0, 0xFF}}},
	{{{-3904, 400, -2309},0, {1968, 1968},{0x7F, 0x0, 0x0, 0xFF}}},
	{{{-3904, 690, -2309},0, {976, 1968},{0x7F, 0x0, 0x0, 0xFF}}},
	{{{-3904, 690, -2095},0, {976, 2960},{0x7F, 0x0, 0x0, 0xFF}}},
	{{{-3904, 400, -2095},0, {1968, 2960},{0x7F, 0x0, 0x0, 0xFF}}},
	{{{-3904, 400, -2095},0, {1968, 2960},{0x7F, 0x0, 0x0, 0xFF}}},
	{{{-3904, 690, -2095},0, {976, 2960},{0x7F, 0x0, 0x0, 0xFF}}},
	{{{-3904, 690, -1882},0, {976, 3952},{0x7F, 0x0, 0x0, 0xFF}}},
	{{{-3904, 400, -1882},0, {1968, 3952},{0x7F, 0x0, 0x0, 0xFF}}},
	{{{-3904, 400, -1882},0, {1968, 3952},{0x7F, 0x0, 0x0, 0xFF}}},
	{{{-3904, 690, -1882},0, {976, 3952},{0x7F, 0x0, 0x0, 0xFF}}},
	{{{-3904, 690, -1668},0, {976, 4944},{0x7F, 0x0, 0x0, 0xFF}}},
	{{{-3904, 400, -1668},0, {1968, 4944},{0x7F, 0x0, 0x0, 0xFF}}},
	{{{-3904, 400, -1668},0, {1968, 4944},{0x7F, 0x0, 0x0, 0xFF}}},
	{{{-3904, 690, -1668},0, {976, 4944},{0x7F, 0x0, 0x0, 0xFF}}},
	{{{-3904, 690, -1455},0, {976, 5936},{0x7F, 0x0, 0x0, 0xFF}}},
	{{{-3904, 400, -1455},0, {1968, 5936},{0x7F, 0x0, 0x0, 0xFF}}},
	{{{-3904, 400, -1455},0, {1968, 5936},{0x7F, 0x0, 0x0, 0xFF}}},
	{{{-3904, 690, -1455},0, {976, 5936},{0x7F, 0x0, 0x0, 0xFF}}},
	{{{-3904, 690, -1241},0, {976, 6928},{0x7F, 0x0, 0x0, 0xFF}}},
	{{{-3904, 400, -1241},0, {1968, 6928},{0x7F, 0x0, 0x0, 0xFF}}},
	{{{-3904, 690, -2522},0, {976, 976},{0x7F, 0x0, 0x0, 0xFF}}},
	{{{-3904, 980, -2522},0, {-16, 976},{0x7F, 0x0, 0x0, 0xFF}}},
	{{{-3904, 980, -2309},0, {-16, 1968},{0x7F, 0x0, 0x0, 0xFF}}},
	{{{-3904, 690, -2309},0, {976, 1968},{0x7F, 0x0, 0x0, 0xFF}}},
	{{{-3904, 690, -2309},0, {976, 1968},{0x7F, 0x0, 0x0, 0xFF}}},
	{{{-3904, 980, -2309},0, {-16, 1968},{0x7F, 0x0, 0x0, 0xFF}}},
	{{{-3904, 980, -2095},0, {-16, 2960},{0x7F, 0x0, 0x0, 0xFF}}},
	{{{-3904, 690, -2095},0, {976, 2960},{0x7F, 0x0, 0x0, 0xFF}}},
	{{{-3904, 690, -2095},0, {976, 2960},{0x7F, 0x0, 0x0, 0xFF}}},
	{{{-3904, 980, -2095},0, {-16, 2960},{0x7F, 0x0, 0x0, 0xFF}}},
	{{{-3904, 980, -1882},0, {-16, 3952},{0x7F, 0x0, 0x0, 0xFF}}},
	{{{-3904, 690, -1882},0, {976, 3952},{0x7F, 0x0, 0x0, 0xFF}}},
	{{{-3904, 690, -1882},0, {976, 3952},{0x7F, 0x0, 0x0, 0xFF}}},
	{{{-3904, 980, -1882},0, {-16, 3952},{0x7F, 0x0, 0x0, 0xFF}}},
	{{{-3904, 980, -1668},0, {-16, 4944},{0x7F, 0x0, 0x0, 0xFF}}},
	{{{-3904, 690, -1668},0, {976, 4944},{0x7F, 0x0, 0x0, 0xFF}}},
	{{{-3904, 690, -1668},0, {976, 4944},{0x7F, 0x0, 0x0, 0xFF}}},
	{{{-3904, 980, -1668},0, {-16, 4944},{0x7F, 0x0, 0x0, 0xFF}}},
	{{{-3904, 980, -1455},0, {-16, 5936},{0x7F, 0x0, 0x0, 0xFF}}},
	{{{-3904, 690, -1455},0, {976, 5936},{0x7F, 0x0, 0x0, 0xFF}}},
};

Gfx castle_courtyard_dl_sand_entrance_003_mesh_layer_1_tri_2[] = {
	gsDPPipeSync(),
	gsDPTileSync(),
	gsDPSetTextureImage(G_IM_FMT_RGBA, G_IM_SIZ_16b, 248, castle_courtyard_dl_abandoned_castle_BG_ow1_rgba16),
	gsDPSetTile(G_IM_FMT_RGBA, G_IM_SIZ_16b, 8, 0, 7, 0, G_TX_CLAMP | G_TX_NOMIRROR, 0, 0, G_TX_CLAMP | G_TX_NOMIRROR, 0, 0),
	gsDPLoadSync(),
	gsDPLoadTile(7, 0, 736, 124, 988),
	gsDPPipeSync(),
	gsDPSetTile(G_IM_FMT_RGBA, G_IM_SIZ_16b, 8, 0, 0, 0, G_TX_CLAMP | G_TX_NOMIRROR, 0, 0, G_TX_CLAMP | G_TX_NOMIRROR, 0, 0),
	gsDPSetTileSize(0, 0, 736, 124, 988),
	gsSPVertex(castle_courtyard_dl_sand_entrance_003_mesh_layer_1_vtx_2 + 0, 6, 0),
	gsSP1Triangle(0, 1, 2, 0),
	gsSP1Triangle(3, 1, 0, 0),
	gsSP1Triangle(3, 4, 1, 0),
	gsSP1Triangle(0, 2, 5, 0),
	gsDPPipeSync(),
	gsDPTileSync(),
	gsDPSetTextureImage(G_IM_FMT_RGBA, G_IM_SIZ_16b, 248, castle_courtyard_dl_abandoned_castle_BG_ow1_rgba16),
	gsDPSetTile(G_IM_FMT_RGBA, G_IM_SIZ_16b, 9, 0, 7, 0, G_TX_CLAMP | G_TX_NOMIRROR, 0, 0, G_TX_CLAMP | G_TX_NOMIRROR, 0, 0),
	gsDPLoadSync(),
	gsDPLoadTile(7, 860, 860, 988, 988),
	gsDPPipeSync(),
	gsDPSetTile(G_IM_FMT_RGBA, G_IM_SIZ_16b, 9, 0, 0, 0, G_TX_CLAMP | G_TX_NOMIRROR, 0, 0, G_TX_CLAMP | G_TX_NOMIRROR, 0, 0),
	gsDPSetTileSize(0, 860, 860, 988, 988),
	gsSPVertex(castle_courtyard_dl_sand_entrance_003_mesh_layer_1_vtx_2 + 6, 4, 0),
	gsSP1Triangle(0, 1, 2, 0),
	gsSP1Triangle(0, 3, 1, 0),
	gsDPPipeSync(),
	gsDPTileSync(),
	gsDPSetTextureImage(G_IM_FMT_RGBA, G_IM_SIZ_16b, 248, castle_courtyard_dl_abandoned_castle_BG_ow1_rgba16),
	gsDPSetTile(G_IM_FMT_RGBA, G_IM_SIZ_16b, 9, 0, 7, 0, G_TX_CLAMP | G_TX_NOMIRROR, 0, 0, G_TX_CLAMP | G_TX_NOMIRROR, 0, 0),
	gsDPLoadSync(),
	gsDPLoadTile(7, 736, 860, 868, 988),
	gsDPPipeSync(),
	gsDPSetTile(G_IM_FMT_RGBA, G_IM_SIZ_16b, 9, 0, 0, 0, G_TX_CLAMP | G_TX_NOMIRROR, 0, 0, G_TX_CLAMP | G_TX_NOMIRROR, 0, 0),
	gsDPSetTileSize(0, 736, 860, 868, 988),
	gsSPVertex(castle_courtyard_dl_sand_entrance_003_mesh_layer_1_vtx_2 + 10, 4, 0),
	gsSP1Triangle(0, 1, 2, 0),
	gsSP1Triangle(0, 3, 1, 0),
	gsDPPipeSync(),
	gsDPTileSync(),
	gsDPSetTextureImage(G_IM_FMT_RGBA, G_IM_SIZ_16b, 248, castle_courtyard_dl_abandoned_castle_BG_ow1_rgba16),
	gsDPSetTile(G_IM_FMT_RGBA, G_IM_SIZ_16b, 9, 0, 7, 0, G_TX_CLAMP | G_TX_NOMIRROR, 0, 0, G_TX_CLAMP | G_TX_NOMIRROR, 0, 0),
	gsDPLoadSync(),
	gsDPLoadTile(7, 612, 860, 744, 988),
	gsDPPipeSync(),
	gsDPSetTile(G_IM_FMT_RGBA, G_IM_SIZ_16b, 9, 0, 0, 0, G_TX_CLAMP | G_TX_NOMIRROR, 0, 0, G_TX_CLAMP | G_TX_NOMIRROR, 0, 0),
	gsDPSetTileSize(0, 612, 860, 744, 988),
	gsSPVertex(castle_courtyard_dl_sand_entrance_003_mesh_layer_1_vtx_2 + 14, 4, 0),
	gsSP1Triangle(0, 1, 2, 0),
	gsSP1Triangle(0, 3, 1, 0),
	gsDPPipeSync(),
	gsDPTileSync(),
	gsDPSetTextureImage(G_IM_FMT_RGBA, G_IM_SIZ_16b, 248, castle_courtyard_dl_abandoned_castle_BG_ow1_rgba16),
	gsDPSetTile(G_IM_FMT_RGBA, G_IM_SIZ_16b, 9, 0, 7, 0, G_TX_CLAMP | G_TX_NOMIRROR, 0, 0, G_TX_CLAMP | G_TX_NOMIRROR, 0, 0),
	gsDPLoadSync(),
	gsDPLoadTile(7, 488, 860, 620, 988),
	gsDPPipeSync(),
	gsDPSetTile(G_IM_FMT_RGBA, G_IM_SIZ_16b, 9, 0, 0, 0, G_TX_CLAMP | G_TX_NOMIRROR, 0, 0, G_TX_CLAMP | G_TX_NOMIRROR, 0, 0),
	gsDPSetTileSize(0, 488, 860, 620, 988),
	gsSPVertex(castle_courtyard_dl_sand_entrance_003_mesh_layer_1_vtx_2 + 18, 4, 0),
	gsSP1Triangle(0, 1, 2, 0),
	gsSP1Triangle(0, 3, 1, 0),
	gsDPPipeSync(),
	gsDPTileSync(),
	gsDPSetTextureImage(G_IM_FMT_RGBA, G_IM_SIZ_16b, 248, castle_courtyard_dl_abandoned_castle_BG_ow1_rgba16),
	gsDPSetTile(G_IM_FMT_RGBA, G_IM_SIZ_16b, 9, 0, 7, 0, G_TX_CLAMP | G_TX_NOMIRROR, 0, 0, G_TX_CLAMP | G_TX_NOMIRROR, 0, 0),
	gsDPLoadSync(),
	gsDPLoadTile(7, 364, 860, 496, 988),
	gsDPPipeSync(),
	gsDPSetTile(G_IM_FMT_RGBA, G_IM_SIZ_16b, 9, 0, 0, 0, G_TX_CLAMP | G_TX_NOMIRROR, 0, 0, G_TX_CLAMP | G_TX_NOMIRROR, 0, 0),
	gsDPSetTileSize(0, 364, 860, 496, 988),
	gsSPVertex(castle_courtyard_dl_sand_entrance_003_mesh_layer_1_vtx_2 + 22, 4, 0),
	gsSP1Triangle(0, 1, 2, 0),
	gsSP1Triangle(0, 3, 1, 0),
	gsDPPipeSync(),
	gsDPTileSync(),
	gsDPSetTextureImage(G_IM_FMT_RGBA, G_IM_SIZ_16b, 248, castle_courtyard_dl_abandoned_castle_BG_ow1_rgba16),
	gsDPSetTile(G_IM_FMT_RGBA, G_IM_SIZ_16b, 9, 0, 7, 0, G_TX_CLAMP | G_TX_NOMIRROR, 0, 0, G_TX_CLAMP | G_TX_NOMIRROR, 0, 0),
	gsDPLoadSync(),
	gsDPLoadTile(7, 240, 860, 372, 988),
	gsDPPipeSync(),
	gsDPSetTile(G_IM_FMT_RGBA, G_IM_SIZ_16b, 9, 0, 0, 0, G_TX_CLAMP | G_TX_NOMIRROR, 0, 0, G_TX_CLAMP | G_TX_NOMIRROR, 0, 0),
	gsDPSetTileSize(0, 240, 860, 372, 988),
	gsSPVertex(castle_courtyard_dl_sand_entrance_003_mesh_layer_1_vtx_2 + 26, 4, 0),
	gsSP1Triangle(0, 1, 2, 0),
	gsSP1Triangle(0, 3, 1, 0),
	gsDPPipeSync(),
	gsDPTileSync(),
	gsDPSetTextureImage(G_IM_FMT_RGBA, G_IM_SIZ_16b, 248, castle_courtyard_dl_abandoned_castle_BG_ow1_rgba16),
	gsDPSetTile(G_IM_FMT_RGBA, G_IM_SIZ_16b, 9, 0, 7, 0, G_TX_CLAMP | G_TX_NOMIRROR, 0, 0, G_TX_CLAMP | G_TX_NOMIRROR, 0, 0),
	gsDPLoadSync(),
	gsDPLoadTile(7, 116, 860, 248, 988),
	gsDPPipeSync(),
	gsDPSetTile(G_IM_FMT_RGBA, G_IM_SIZ_16b, 9, 0, 0, 0, G_TX_CLAMP | G_TX_NOMIRROR, 0, 0, G_TX_CLAMP | G_TX_NOMIRROR, 0, 0),
	gsDPSetTileSize(0, 116, 860, 248, 988),
	gsSPVertex(castle_courtyard_dl_sand_entrance_003_mesh_layer_1_vtx_2 + 30, 4, 0),
	gsSP1Triangle(0, 1, 2, 0),
	gsSP1Triangle(0, 3, 1, 0),
	gsDPPipeSync(),
	gsDPTileSync(),
	gsDPSetTextureImage(G_IM_FMT_RGBA, G_IM_SIZ_16b, 248, castle_courtyard_dl_abandoned_castle_BG_ow1_rgba16),
	gsDPSetTile(G_IM_FMT_RGBA, G_IM_SIZ_16b, 16, 0, 7, 0, G_TX_CLAMP | G_TX_NOMIRROR, 0, 0, G_TX_CLAMP | G_TX_NOMIRROR, 0, 0),
	gsDPLoadSync(),
	gsDPLoadTile(7, 736, 0, 988, 124),
	gsDPPipeSync(),
	gsDPSetTile(G_IM_FMT_RGBA, G_IM_SIZ_16b, 16, 0, 0, 0, G_TX_CLAMP | G_TX_NOMIRROR, 0, 0, G_TX_CLAMP | G_TX_NOMIRROR, 0, 0),
	gsDPSetTileSize(0, 736, 0, 988, 124),
	gsSPVertex(castle_courtyard_dl_sand_entrance_003_mesh_layer_1_vtx_2 + 34, 6, 0),
	gsSP1Triangle(0, 1, 2, 0),
	gsSP1Triangle(1, 3, 2, 0),
	gsSP1Triangle(1, 4, 3, 0),
	gsSP1Triangle(0, 2, 5, 0),
	gsDPPipeSync(),
	gsDPTileSync(),
	gsDPSetTextureImage(G_IM_FMT_RGBA, G_IM_SIZ_16b, 248, castle_courtyard_dl_abandoned_castle_BG_ow1_rgba16),
	gsDPSetTile(G_IM_FMT_RGBA, G_IM_SIZ_16b, 9, 0, 7, 0, G_TX_CLAMP | G_TX_NOMIRROR, 0, 0, G_TX_CLAMP | G_TX_NOMIRROR, 0, 0),
	gsDPLoadSync(),
	gsDPLoadTile(7, 860, 116, 988, 248),
	gsDPPipeSync(),
	gsDPSetTile(G_IM_FMT_RGBA, G_IM_SIZ_16b, 9, 0, 0, 0, G_TX_CLAMP | G_TX_NOMIRROR, 0, 0, G_TX_CLAMP | G_TX_NOMIRROR, 0, 0),
	gsDPSetTileSize(0, 860, 116, 988, 248),
	gsSPVertex(castle_courtyard_dl_sand_entrance_003_mesh_layer_1_vtx_2 + 40, 4, 0),
	gsSP1Triangle(0, 1, 2, 0),
	gsSP1Triangle(0, 2, 3, 0),
	gsDPPipeSync(),
	gsDPTileSync(),
	gsDPSetTextureImage(G_IM_FMT_RGBA, G_IM_SIZ_16b, 248, castle_courtyard_dl_abandoned_castle_BG_ow1_rgba16),
	gsDPSetTile(G_IM_FMT_RGBA, G_IM_SIZ_16b, 9, 0, 7, 0, G_TX_CLAMP | G_TX_NOMIRROR, 0, 0, G_TX_CLAMP | G_TX_NOMIRROR, 0, 0),
	gsDPLoadSync(),
	gsDPLoadTile(7, 860, 240, 988, 372),
	gsDPPipeSync(),
	gsDPSetTile(G_IM_FMT_RGBA, G_IM_SIZ_16b, 9, 0, 0, 0, G_TX_CLAMP | G_TX_NOMIRROR, 0, 0, G_TX_CLAMP | G_TX_NOMIRROR, 0, 0),
	gsDPSetTileSize(0, 860, 240, 988, 372),
	gsSPVertex(castle_courtyard_dl_sand_entrance_003_mesh_layer_1_vtx_2 + 44, 4, 0),
	gsSP1Triangle(0, 1, 2, 0),
	gsSP1Triangle(0, 2, 3, 0),
	gsDPPipeSync(),
	gsDPTileSync(),
	gsDPSetTextureImage(G_IM_FMT_RGBA, G_IM_SIZ_16b, 248, castle_courtyard_dl_abandoned_castle_BG_ow1_rgba16),
	gsDPSetTile(G_IM_FMT_RGBA, G_IM_SIZ_16b, 9, 0, 7, 0, G_TX_CLAMP | G_TX_NOMIRROR, 0, 0, G_TX_CLAMP | G_TX_NOMIRROR, 0, 0),
	gsDPLoadSync(),
	gsDPLoadTile(7, 860, 364, 988, 496),
	gsDPPipeSync(),
	gsDPSetTile(G_IM_FMT_RGBA, G_IM_SIZ_16b, 9, 0, 0, 0, G_TX_CLAMP | G_TX_NOMIRROR, 0, 0, G_TX_CLAMP | G_TX_NOMIRROR, 0, 0),
	gsDPSetTileSize(0, 860, 364, 988, 496),
	gsSPVertex(castle_courtyard_dl_sand_entrance_003_mesh_layer_1_vtx_2 + 48, 4, 0),
	gsSP1Triangle(0, 1, 2, 0),
	gsSP1Triangle(0, 2, 3, 0),
	gsDPPipeSync(),
	gsDPTileSync(),
	gsDPSetTextureImage(G_IM_FMT_RGBA, G_IM_SIZ_16b, 248, castle_courtyard_dl_abandoned_castle_BG_ow1_rgba16),
	gsDPSetTile(G_IM_FMT_RGBA, G_IM_SIZ_16b, 9, 0, 7, 0, G_TX_CLAMP | G_TX_NOMIRROR, 0, 0, G_TX_CLAMP | G_TX_NOMIRROR, 0, 0),
	gsDPLoadSync(),
	gsDPLoadTile(7, 860, 488, 988, 620),
	gsDPPipeSync(),
	gsDPSetTile(G_IM_FMT_RGBA, G_IM_SIZ_16b, 9, 0, 0, 0, G_TX_CLAMP | G_TX_NOMIRROR, 0, 0, G_TX_CLAMP | G_TX_NOMIRROR, 0, 0),
	gsDPSetTileSize(0, 860, 488, 988, 620),
	gsSPVertex(castle_courtyard_dl_sand_entrance_003_mesh_layer_1_vtx_2 + 52, 4, 0),
	gsSP1Triangle(0, 1, 2, 0),
	gsSP1Triangle(0, 2, 3, 0),
	gsDPPipeSync(),
	gsDPTileSync(),
	gsDPSetTextureImage(G_IM_FMT_RGBA, G_IM_SIZ_16b, 248, castle_courtyard_dl_abandoned_castle_BG_ow1_rgba16),
	gsDPSetTile(G_IM_FMT_RGBA, G_IM_SIZ_16b, 9, 0, 7, 0, G_TX_CLAMP | G_TX_NOMIRROR, 0, 0, G_TX_CLAMP | G_TX_NOMIRROR, 0, 0),
	gsDPLoadSync(),
	gsDPLoadTile(7, 860, 612, 988, 744),
	gsDPPipeSync(),
	gsDPSetTile(G_IM_FMT_RGBA, G_IM_SIZ_16b, 9, 0, 0, 0, G_TX_CLAMP | G_TX_NOMIRROR, 0, 0, G_TX_CLAMP | G_TX_NOMIRROR, 0, 0),
	gsDPSetTileSize(0, 860, 612, 988, 744),
	gsSPVertex(castle_courtyard_dl_sand_entrance_003_mesh_layer_1_vtx_2 + 56, 4, 0),
	gsSP1Triangle(0, 1, 2, 0),
	gsSP1Triangle(0, 2, 3, 0),
	gsDPPipeSync(),
	gsDPTileSync(),
	gsDPSetTextureImage(G_IM_FMT_RGBA, G_IM_SIZ_16b, 248, castle_courtyard_dl_abandoned_castle_BG_ow1_rgba16),
	gsDPSetTile(G_IM_FMT_RGBA, G_IM_SIZ_16b, 9, 0, 7, 0, G_TX_CLAMP | G_TX_NOMIRROR, 0, 0, G_TX_CLAMP | G_TX_NOMIRROR, 0, 0),
	gsDPLoadSync(),
	gsDPLoadTile(7, 860, 736, 988, 868),
	gsDPPipeSync(),
	gsDPSetTile(G_IM_FMT_RGBA, G_IM_SIZ_16b, 9, 0, 0, 0, G_TX_CLAMP | G_TX_NOMIRROR, 0, 0, G_TX_CLAMP | G_TX_NOMIRROR, 0, 0),
	gsDPSetTileSize(0, 860, 736, 988, 868),
	gsSPVertex(castle_courtyard_dl_sand_entrance_003_mesh_layer_1_vtx_2 + 60, 4, 0),
	gsSP1Triangle(0, 1, 2, 0),
	gsSP1Triangle(0, 3, 1, 0),
	gsDPPipeSync(),
	gsDPTileSync(),
	gsDPSetTextureImage(G_IM_FMT_RGBA, G_IM_SIZ_16b, 248, castle_courtyard_dl_abandoned_castle_BG_ow1_rgba16),
	gsDPSetTile(G_IM_FMT_RGBA, G_IM_SIZ_16b, 9, 0, 7, 0, G_TX_CLAMP | G_TX_NOMIRROR, 0, 0, G_TX_CLAMP | G_TX_NOMIRROR, 0, 0),
	gsDPLoadSync(),
	gsDPLoadTile(7, 736, 116, 868, 248),
	gsDPPipeSync(),
	gsDPSetTile(G_IM_FMT_RGBA, G_IM_SIZ_16b, 9, 0, 0, 0, G_TX_CLAMP | G_TX_NOMIRROR, 0, 0, G_TX_CLAMP | G_TX_NOMIRROR, 0, 0),
	gsDPSetTileSize(0, 736, 116, 868, 248),
	gsSPVertex(castle_courtyard_dl_sand_entrance_003_mesh_layer_1_vtx_2 + 64, 4, 0),
	gsSP1Triangle(0, 1, 2, 0),
	gsSP1Triangle(0, 2, 3, 0),
	gsDPPipeSync(),
	gsDPTileSync(),
	gsDPSetTextureImage(G_IM_FMT_RGBA, G_IM_SIZ_16b, 248, castle_courtyard_dl_abandoned_castle_BG_ow1_rgba16),
	gsDPSetTile(G_IM_FMT_RGBA, G_IM_SIZ_16b, 9, 0, 7, 0, G_TX_CLAMP | G_TX_NOMIRROR, 0, 0, G_TX_CLAMP | G_TX_NOMIRROR, 0, 0),
	gsDPLoadSync(),
	gsDPLoadTile(7, 736, 240, 868, 372),
	gsDPPipeSync(),
	gsDPSetTile(G_IM_FMT_RGBA, G_IM_SIZ_16b, 9, 0, 0, 0, G_TX_CLAMP | G_TX_NOMIRROR, 0, 0, G_TX_CLAMP | G_TX_NOMIRROR, 0, 0),
	gsDPSetTileSize(0, 736, 240, 868, 372),
	gsSPVertex(castle_courtyard_dl_sand_entrance_003_mesh_layer_1_vtx_2 + 68, 4, 0),
	gsSP1Triangle(0, 1, 2, 0),
	gsSP1Triangle(0, 2, 3, 0),
	gsDPPipeSync(),
	gsDPTileSync(),
	gsDPSetTextureImage(G_IM_FMT_RGBA, G_IM_SIZ_16b, 248, castle_courtyard_dl_abandoned_castle_BG_ow1_rgba16),
	gsDPSetTile(G_IM_FMT_RGBA, G_IM_SIZ_16b, 9, 0, 7, 0, G_TX_CLAMP | G_TX_NOMIRROR, 0, 0, G_TX_CLAMP | G_TX_NOMIRROR, 0, 0),
	gsDPLoadSync(),
	gsDPLoadTile(7, 736, 364, 868, 496),
	gsDPPipeSync(),
	gsDPSetTile(G_IM_FMT_RGBA, G_IM_SIZ_16b, 9, 0, 0, 0, G_TX_CLAMP | G_TX_NOMIRROR, 0, 0, G_TX_CLAMP | G_TX_NOMIRROR, 0, 0),
	gsDPSetTileSize(0, 736, 364, 868, 496),
	gsSPVertex(castle_courtyard_dl_sand_entrance_003_mesh_layer_1_vtx_2 + 72, 4, 0),
	gsSP1Triangle(0, 1, 2, 0),
	gsSP1Triangle(0, 2, 3, 0),
	gsDPPipeSync(),
	gsDPTileSync(),
	gsDPSetTextureImage(G_IM_FMT_RGBA, G_IM_SIZ_16b, 248, castle_courtyard_dl_abandoned_castle_BG_ow1_rgba16),
	gsDPSetTile(G_IM_FMT_RGBA, G_IM_SIZ_16b, 9, 0, 7, 0, G_TX_CLAMP | G_TX_NOMIRROR, 0, 0, G_TX_CLAMP | G_TX_NOMIRROR, 0, 0),
	gsDPLoadSync(),
	gsDPLoadTile(7, 736, 488, 868, 620),
	gsDPPipeSync(),
	gsDPSetTile(G_IM_FMT_RGBA, G_IM_SIZ_16b, 9, 0, 0, 0, G_TX_CLAMP | G_TX_NOMIRROR, 0, 0, G_TX_CLAMP | G_TX_NOMIRROR, 0, 0),
	gsDPSetTileSize(0, 736, 488, 868, 620),
	gsSPVertex(castle_courtyard_dl_sand_entrance_003_mesh_layer_1_vtx_2 + 76, 4, 0),
	gsSP1Triangle(0, 1, 2, 0),
	gsSP1Triangle(0, 2, 3, 0),
	gsDPPipeSync(),
	gsDPTileSync(),
	gsDPSetTextureImage(G_IM_FMT_RGBA, G_IM_SIZ_16b, 248, castle_courtyard_dl_abandoned_castle_BG_ow1_rgba16),
	gsDPSetTile(G_IM_FMT_RGBA, G_IM_SIZ_16b, 9, 0, 7, 0, G_TX_CLAMP | G_TX_NOMIRROR, 0, 0, G_TX_CLAMP | G_TX_NOMIRROR, 0, 0),
	gsDPLoadSync(),
	gsDPLoadTile(7, 736, 612, 868, 744),
	gsDPPipeSync(),
	gsDPSetTile(G_IM_FMT_RGBA, G_IM_SIZ_16b, 9, 0, 0, 0, G_TX_CLAMP | G_TX_NOMIRROR, 0, 0, G_TX_CLAMP | G_TX_NOMIRROR, 0, 0),
	gsDPSetTileSize(0, 736, 612, 868, 744),
	gsSPVertex(castle_courtyard_dl_sand_entrance_003_mesh_layer_1_vtx_2 + 80, 4, 0),
	gsSP1Triangle(0, 1, 2, 0),
	gsSP1Triangle(0, 2, 3, 0),
	gsDPPipeSync(),
	gsDPTileSync(),
	gsDPSetTextureImage(G_IM_FMT_RGBA, G_IM_SIZ_16b, 248, castle_courtyard_dl_abandoned_castle_BG_ow1_rgba16),
	gsDPSetTile(G_IM_FMT_RGBA, G_IM_SIZ_16b, 9, 0, 7, 0, G_TX_CLAMP | G_TX_NOMIRROR, 0, 0, G_TX_CLAMP | G_TX_NOMIRROR, 0, 0),
	gsDPLoadSync(),
	gsDPLoadTile(7, 736, 736, 868, 868),
	gsDPPipeSync(),
	gsDPSetTile(G_IM_FMT_RGBA, G_IM_SIZ_16b, 9, 0, 0, 0, G_TX_CLAMP | G_TX_NOMIRROR, 0, 0, G_TX_CLAMP | G_TX_NOMIRROR, 0, 0),
	gsDPSetTileSize(0, 736, 736, 868, 868),
	gsSPVertex(castle_courtyard_dl_sand_entrance_003_mesh_layer_1_vtx_2 + 84, 4, 0),
	gsSP1Triangle(0, 1, 2, 0),
	gsSP1Triangle(0, 3, 1, 0),
	gsDPPipeSync(),
	gsDPTileSync(),
	gsDPSetTextureImage(G_IM_FMT_RGBA, G_IM_SIZ_16b, 248, castle_courtyard_dl_abandoned_castle_BG_ow1_rgba16),
	gsDPSetTile(G_IM_FMT_RGBA, G_IM_SIZ_16b, 9, 0, 7, 0, G_TX_CLAMP | G_TX_NOMIRROR, 0, 0, G_TX_CLAMP | G_TX_NOMIRROR, 0, 0),
	gsDPLoadSync(),
	gsDPLoadTile(7, 612, 0, 744, 124),
	gsDPPipeSync(),
	gsDPSetTile(G_IM_FMT_RGBA, G_IM_SIZ_16b, 9, 0, 0, 0, G_TX_CLAMP | G_TX_NOMIRROR, 0, 0, G_TX_CLAMP | G_TX_NOMIRROR, 0, 0),
	gsDPSetTileSize(0, 612, 0, 744, 124),
	gsSPVertex(castle_courtyard_dl_sand_entrance_003_mesh_layer_1_vtx_2 + 88, 4, 0),
	gsSP1Triangle(0, 1, 2, 0),
	gsSP1Triangle(0, 2, 3, 0),
	gsDPPipeSync(),
	gsDPTileSync(),
	gsDPSetTextureImage(G_IM_FMT_RGBA, G_IM_SIZ_16b, 248, castle_courtyard_dl_abandoned_castle_BG_ow1_rgba16),
	gsDPSetTile(G_IM_FMT_RGBA, G_IM_SIZ_16b, 9, 0, 7, 0, G_TX_CLAMP | G_TX_NOMIRROR, 0, 0, G_TX_CLAMP | G_TX_NOMIRROR, 0, 0),
	gsDPLoadSync(),
	gsDPLoadTile(7, 612, 116, 744, 248),
	gsDPPipeSync(),
	gsDPSetTile(G_IM_FMT_RGBA, G_IM_SIZ_16b, 9, 0, 0, 0, G_TX_CLAMP | G_TX_NOMIRROR, 0, 0, G_TX_CLAMP | G_TX_NOMIRROR, 0, 0),
	gsDPSetTileSize(0, 612, 116, 744, 248),
	gsSPVertex(castle_courtyard_dl_sand_entrance_003_mesh_layer_1_vtx_2 + 92, 4, 0),
	gsSP1Triangle(0, 1, 2, 0),
	gsSP1Triangle(0, 2, 3, 0),
	gsDPPipeSync(),
	gsDPTileSync(),
	gsDPSetTextureImage(G_IM_FMT_RGBA, G_IM_SIZ_16b, 248, castle_courtyard_dl_abandoned_castle_BG_ow1_rgba16),
	gsDPSetTile(G_IM_FMT_RGBA, G_IM_SIZ_16b, 9, 0, 7, 0, G_TX_CLAMP | G_TX_NOMIRROR, 0, 0, G_TX_CLAMP | G_TX_NOMIRROR, 0, 0),
	gsDPLoadSync(),
	gsDPLoadTile(7, 612, 240, 744, 372),
	gsDPPipeSync(),
	gsDPSetTile(G_IM_FMT_RGBA, G_IM_SIZ_16b, 9, 0, 0, 0, G_TX_CLAMP | G_TX_NOMIRROR, 0, 0, G_TX_CLAMP | G_TX_NOMIRROR, 0, 0),
	gsDPSetTileSize(0, 612, 240, 744, 372),
	gsSPVertex(castle_courtyard_dl_sand_entrance_003_mesh_layer_1_vtx_2 + 96, 4, 0),
	gsSP1Triangle(0, 1, 2, 0),
	gsSP1Triangle(0, 2, 3, 0),
	gsDPPipeSync(),
	gsDPTileSync(),
	gsDPSetTextureImage(G_IM_FMT_RGBA, G_IM_SIZ_16b, 248, castle_courtyard_dl_abandoned_castle_BG_ow1_rgba16),
	gsDPSetTile(G_IM_FMT_RGBA, G_IM_SIZ_16b, 9, 0, 7, 0, G_TX_CLAMP | G_TX_NOMIRROR, 0, 0, G_TX_CLAMP | G_TX_NOMIRROR, 0, 0),
	gsDPLoadSync(),
	gsDPLoadTile(7, 612, 364, 744, 496),
	gsDPPipeSync(),
	gsDPSetTile(G_IM_FMT_RGBA, G_IM_SIZ_16b, 9, 0, 0, 0, G_TX_CLAMP | G_TX_NOMIRROR, 0, 0, G_TX_CLAMP | G_TX_NOMIRROR, 0, 0),
	gsDPSetTileSize(0, 612, 364, 744, 496),
	gsSPVertex(castle_courtyard_dl_sand_entrance_003_mesh_layer_1_vtx_2 + 100, 4, 0),
	gsSP1Triangle(0, 1, 2, 0),
	gsSP1Triangle(0, 2, 3, 0),
	gsDPPipeSync(),
	gsDPTileSync(),
	gsDPSetTextureImage(G_IM_FMT_RGBA, G_IM_SIZ_16b, 248, castle_courtyard_dl_abandoned_castle_BG_ow1_rgba16),
	gsDPSetTile(G_IM_FMT_RGBA, G_IM_SIZ_16b, 9, 0, 7, 0, G_TX_CLAMP | G_TX_NOMIRROR, 0, 0, G_TX_CLAMP | G_TX_NOMIRROR, 0, 0),
	gsDPLoadSync(),
	gsDPLoadTile(7, 612, 488, 744, 620),
	gsDPPipeSync(),
	gsDPSetTile(G_IM_FMT_RGBA, G_IM_SIZ_16b, 9, 0, 0, 0, G_TX_CLAMP | G_TX_NOMIRROR, 0, 0, G_TX_CLAMP | G_TX_NOMIRROR, 0, 0),
	gsDPSetTileSize(0, 612, 488, 744, 620),
	gsSPVertex(castle_courtyard_dl_sand_entrance_003_mesh_layer_1_vtx_2 + 104, 4, 0),
	gsSP1Triangle(0, 1, 2, 0),
	gsSP1Triangle(0, 2, 3, 0),
	gsDPPipeSync(),
	gsDPTileSync(),
	gsDPSetTextureImage(G_IM_FMT_RGBA, G_IM_SIZ_16b, 248, castle_courtyard_dl_abandoned_castle_BG_ow1_rgba16),
	gsDPSetTile(G_IM_FMT_RGBA, G_IM_SIZ_16b, 9, 0, 7, 0, G_TX_CLAMP | G_TX_NOMIRROR, 0, 0, G_TX_CLAMP | G_TX_NOMIRROR, 0, 0),
	gsDPLoadSync(),
	gsDPLoadTile(7, 612, 612, 744, 744),
	gsDPPipeSync(),
	gsDPSetTile(G_IM_FMT_RGBA, G_IM_SIZ_16b, 9, 0, 0, 0, G_TX_CLAMP | G_TX_NOMIRROR, 0, 0, G_TX_CLAMP | G_TX_NOMIRROR, 0, 0),
	gsDPSetTileSize(0, 612, 612, 744, 744),
	gsSPVertex(castle_courtyard_dl_sand_entrance_003_mesh_layer_1_vtx_2 + 108, 4, 0),
	gsSP1Triangle(0, 1, 2, 0),
	gsSP1Triangle(0, 2, 3, 0),
	gsDPPipeSync(),
	gsDPTileSync(),
	gsDPSetTextureImage(G_IM_FMT_RGBA, G_IM_SIZ_16b, 248, castle_courtyard_dl_abandoned_castle_BG_ow1_rgba16),
	gsDPSetTile(G_IM_FMT_RGBA, G_IM_SIZ_16b, 9, 0, 7, 0, G_TX_CLAMP | G_TX_NOMIRROR, 0, 0, G_TX_CLAMP | G_TX_NOMIRROR, 0, 0),
	gsDPLoadSync(),
	gsDPLoadTile(7, 612, 736, 744, 868),
	gsDPPipeSync(),
	gsDPSetTile(G_IM_FMT_RGBA, G_IM_SIZ_16b, 9, 0, 0, 0, G_TX_CLAMP | G_TX_NOMIRROR, 0, 0, G_TX_CLAMP | G_TX_NOMIRROR, 0, 0),
	gsDPSetTileSize(0, 612, 736, 744, 868),
	gsSPVertex(castle_courtyard_dl_sand_entrance_003_mesh_layer_1_vtx_2 + 112, 4, 0),
	gsSP1Triangle(0, 1, 2, 0),
	gsSP1Triangle(0, 3, 1, 0),
	gsDPPipeSync(),
	gsDPTileSync(),
	gsDPSetTextureImage(G_IM_FMT_RGBA, G_IM_SIZ_16b, 248, castle_courtyard_dl_abandoned_castle_BG_ow1_rgba16),
	gsDPSetTile(G_IM_FMT_RGBA, G_IM_SIZ_16b, 9, 0, 7, 0, G_TX_CLAMP | G_TX_NOMIRROR, 0, 0, G_TX_CLAMP | G_TX_NOMIRROR, 0, 0),
	gsDPLoadSync(),
	gsDPLoadTile(7, 488, 0, 620, 124),
	gsDPPipeSync(),
	gsDPSetTile(G_IM_FMT_RGBA, G_IM_SIZ_16b, 9, 0, 0, 0, G_TX_CLAMP | G_TX_NOMIRROR, 0, 0, G_TX_CLAMP | G_TX_NOMIRROR, 0, 0),
	gsDPSetTileSize(0, 488, 0, 620, 124),
	gsSPVertex(castle_courtyard_dl_sand_entrance_003_mesh_layer_1_vtx_2 + 116, 4, 0),
	gsSP1Triangle(0, 1, 2, 0),
	gsSP1Triangle(0, 2, 3, 0),
	gsDPPipeSync(),
	gsDPTileSync(),
	gsDPSetTextureImage(G_IM_FMT_RGBA, G_IM_SIZ_16b, 248, castle_courtyard_dl_abandoned_castle_BG_ow1_rgba16),
	gsDPSetTile(G_IM_FMT_RGBA, G_IM_SIZ_16b, 9, 0, 7, 0, G_TX_CLAMP | G_TX_NOMIRROR, 0, 0, G_TX_CLAMP | G_TX_NOMIRROR, 0, 0),
	gsDPLoadSync(),
	gsDPLoadTile(7, 488, 116, 620, 248),
	gsDPPipeSync(),
	gsDPSetTile(G_IM_FMT_RGBA, G_IM_SIZ_16b, 9, 0, 0, 0, G_TX_CLAMP | G_TX_NOMIRROR, 0, 0, G_TX_CLAMP | G_TX_NOMIRROR, 0, 0),
	gsDPSetTileSize(0, 488, 116, 620, 248),
	gsSPVertex(castle_courtyard_dl_sand_entrance_003_mesh_layer_1_vtx_2 + 120, 4, 0),
	gsSP1Triangle(0, 1, 2, 0),
	gsSP1Triangle(0, 2, 3, 0),
	gsDPPipeSync(),
	gsDPTileSync(),
	gsDPSetTextureImage(G_IM_FMT_RGBA, G_IM_SIZ_16b, 248, castle_courtyard_dl_abandoned_castle_BG_ow1_rgba16),
	gsDPSetTile(G_IM_FMT_RGBA, G_IM_SIZ_16b, 9, 0, 7, 0, G_TX_CLAMP | G_TX_NOMIRROR, 0, 0, G_TX_CLAMP | G_TX_NOMIRROR, 0, 0),
	gsDPLoadSync(),
	gsDPLoadTile(7, 488, 240, 620, 372),
	gsDPPipeSync(),
	gsDPSetTile(G_IM_FMT_RGBA, G_IM_SIZ_16b, 9, 0, 0, 0, G_TX_CLAMP | G_TX_NOMIRROR, 0, 0, G_TX_CLAMP | G_TX_NOMIRROR, 0, 0),
	gsDPSetTileSize(0, 488, 240, 620, 372),
	gsSPVertex(castle_courtyard_dl_sand_entrance_003_mesh_layer_1_vtx_2 + 124, 4, 0),
	gsSP1Triangle(0, 1, 2, 0),
	gsSP1Triangle(0, 2, 3, 0),
	gsDPPipeSync(),
	gsDPTileSync(),
	gsDPSetTextureImage(G_IM_FMT_RGBA, G_IM_SIZ_16b, 248, castle_courtyard_dl_abandoned_castle_BG_ow1_rgba16),
	gsDPSetTile(G_IM_FMT_RGBA, G_IM_SIZ_16b, 9, 0, 7, 0, G_TX_CLAMP | G_TX_NOMIRROR, 0, 0, G_TX_CLAMP | G_TX_NOMIRROR, 0, 0),
	gsDPLoadSync(),
	gsDPLoadTile(7, 488, 364, 620, 496),
	gsDPPipeSync(),
	gsDPSetTile(G_IM_FMT_RGBA, G_IM_SIZ_16b, 9, 0, 0, 0, G_TX_CLAMP | G_TX_NOMIRROR, 0, 0, G_TX_CLAMP | G_TX_NOMIRROR, 0, 0),
	gsDPSetTileSize(0, 488, 364, 620, 496),
	gsSPVertex(castle_courtyard_dl_sand_entrance_003_mesh_layer_1_vtx_2 + 128, 4, 0),
	gsSP1Triangle(0, 1, 2, 0),
	gsSP1Triangle(0, 2, 3, 0),
	gsDPPipeSync(),
	gsDPTileSync(),
	gsDPSetTextureImage(G_IM_FMT_RGBA, G_IM_SIZ_16b, 248, castle_courtyard_dl_abandoned_castle_BG_ow1_rgba16),
	gsDPSetTile(G_IM_FMT_RGBA, G_IM_SIZ_16b, 9, 0, 7, 0, G_TX_CLAMP | G_TX_NOMIRROR, 0, 0, G_TX_CLAMP | G_TX_NOMIRROR, 0, 0),
	gsDPLoadSync(),
	gsDPLoadTile(7, 488, 488, 620, 620),
	gsDPPipeSync(),
	gsDPSetTile(G_IM_FMT_RGBA, G_IM_SIZ_16b, 9, 0, 0, 0, G_TX_CLAMP | G_TX_NOMIRROR, 0, 0, G_TX_CLAMP | G_TX_NOMIRROR, 0, 0),
	gsDPSetTileSize(0, 488, 488, 620, 620),
	gsSPVertex(castle_courtyard_dl_sand_entrance_003_mesh_layer_1_vtx_2 + 132, 4, 0),
	gsSP1Triangle(0, 1, 2, 0),
	gsSP1Triangle(0, 2, 3, 0),
	gsDPPipeSync(),
	gsDPTileSync(),
	gsDPSetTextureImage(G_IM_FMT_RGBA, G_IM_SIZ_16b, 248, castle_courtyard_dl_abandoned_castle_BG_ow1_rgba16),
	gsDPSetTile(G_IM_FMT_RGBA, G_IM_SIZ_16b, 9, 0, 7, 0, G_TX_CLAMP | G_TX_NOMIRROR, 0, 0, G_TX_CLAMP | G_TX_NOMIRROR, 0, 0),
	gsDPLoadSync(),
	gsDPLoadTile(7, 488, 612, 620, 744),
	gsDPPipeSync(),
	gsDPSetTile(G_IM_FMT_RGBA, G_IM_SIZ_16b, 9, 0, 0, 0, G_TX_CLAMP | G_TX_NOMIRROR, 0, 0, G_TX_CLAMP | G_TX_NOMIRROR, 0, 0),
	gsDPSetTileSize(0, 488, 612, 620, 744),
	gsSPVertex(castle_courtyard_dl_sand_entrance_003_mesh_layer_1_vtx_2 + 136, 4, 0),
	gsSP1Triangle(0, 1, 2, 0),
	gsSP1Triangle(0, 2, 3, 0),
	gsDPPipeSync(),
	gsDPTileSync(),
	gsDPSetTextureImage(G_IM_FMT_RGBA, G_IM_SIZ_16b, 248, castle_courtyard_dl_abandoned_castle_BG_ow1_rgba16),
	gsDPSetTile(G_IM_FMT_RGBA, G_IM_SIZ_16b, 9, 0, 7, 0, G_TX_CLAMP | G_TX_NOMIRROR, 0, 0, G_TX_CLAMP | G_TX_NOMIRROR, 0, 0),
	gsDPLoadSync(),
	gsDPLoadTile(7, 488, 736, 620, 868),
	gsDPPipeSync(),
	gsDPSetTile(G_IM_FMT_RGBA, G_IM_SIZ_16b, 9, 0, 0, 0, G_TX_CLAMP | G_TX_NOMIRROR, 0, 0, G_TX_CLAMP | G_TX_NOMIRROR, 0, 0),
	gsDPSetTileSize(0, 488, 736, 620, 868),
	gsSPVertex(castle_courtyard_dl_sand_entrance_003_mesh_layer_1_vtx_2 + 140, 4, 0),
	gsSP1Triangle(0, 1, 2, 0),
	gsSP1Triangle(0, 3, 1, 0),
	gsDPPipeSync(),
	gsDPTileSync(),
	gsDPSetTextureImage(G_IM_FMT_RGBA, G_IM_SIZ_16b, 248, castle_courtyard_dl_abandoned_castle_BG_ow1_rgba16),
	gsDPSetTile(G_IM_FMT_RGBA, G_IM_SIZ_16b, 9, 0, 7, 0, G_TX_CLAMP | G_TX_NOMIRROR, 0, 0, G_TX_CLAMP | G_TX_NOMIRROR, 0, 0),
	gsDPLoadSync(),
	gsDPLoadTile(7, 364, 0, 496, 124),
	gsDPPipeSync(),
	gsDPSetTile(G_IM_FMT_RGBA, G_IM_SIZ_16b, 9, 0, 0, 0, G_TX_CLAMP | G_TX_NOMIRROR, 0, 0, G_TX_CLAMP | G_TX_NOMIRROR, 0, 0),
	gsDPSetTileSize(0, 364, 0, 496, 124),
	gsSPVertex(castle_courtyard_dl_sand_entrance_003_mesh_layer_1_vtx_2 + 144, 4, 0),
	gsSP1Triangle(0, 1, 2, 0),
	gsSP1Triangle(0, 2, 3, 0),
	gsDPPipeSync(),
	gsDPTileSync(),
	gsDPSetTextureImage(G_IM_FMT_RGBA, G_IM_SIZ_16b, 248, castle_courtyard_dl_abandoned_castle_BG_ow1_rgba16),
	gsDPSetTile(G_IM_FMT_RGBA, G_IM_SIZ_16b, 9, 0, 7, 0, G_TX_CLAMP | G_TX_NOMIRROR, 0, 0, G_TX_CLAMP | G_TX_NOMIRROR, 0, 0),
	gsDPLoadSync(),
	gsDPLoadTile(7, 364, 116, 496, 248),
	gsDPPipeSync(),
	gsDPSetTile(G_IM_FMT_RGBA, G_IM_SIZ_16b, 9, 0, 0, 0, G_TX_CLAMP | G_TX_NOMIRROR, 0, 0, G_TX_CLAMP | G_TX_NOMIRROR, 0, 0),
	gsDPSetTileSize(0, 364, 116, 496, 248),
	gsSPVertex(castle_courtyard_dl_sand_entrance_003_mesh_layer_1_vtx_2 + 148, 4, 0),
	gsSP1Triangle(0, 1, 2, 0),
	gsSP1Triangle(0, 2, 3, 0),
	gsDPPipeSync(),
	gsDPTileSync(),
	gsDPSetTextureImage(G_IM_FMT_RGBA, G_IM_SIZ_16b, 248, castle_courtyard_dl_abandoned_castle_BG_ow1_rgba16),
	gsDPSetTile(G_IM_FMT_RGBA, G_IM_SIZ_16b, 9, 0, 7, 0, G_TX_CLAMP | G_TX_NOMIRROR, 0, 0, G_TX_CLAMP | G_TX_NOMIRROR, 0, 0),
	gsDPLoadSync(),
	gsDPLoadTile(7, 364, 240, 496, 372),
	gsDPPipeSync(),
	gsDPSetTile(G_IM_FMT_RGBA, G_IM_SIZ_16b, 9, 0, 0, 0, G_TX_CLAMP | G_TX_NOMIRROR, 0, 0, G_TX_CLAMP | G_TX_NOMIRROR, 0, 0),
	gsDPSetTileSize(0, 364, 240, 496, 372),
	gsSPVertex(castle_courtyard_dl_sand_entrance_003_mesh_layer_1_vtx_2 + 152, 4, 0),
	gsSP1Triangle(0, 1, 2, 0),
	gsSP1Triangle(0, 2, 3, 0),
	gsDPPipeSync(),
	gsDPTileSync(),
	gsDPSetTextureImage(G_IM_FMT_RGBA, G_IM_SIZ_16b, 248, castle_courtyard_dl_abandoned_castle_BG_ow1_rgba16),
	gsDPSetTile(G_IM_FMT_RGBA, G_IM_SIZ_16b, 9, 0, 7, 0, G_TX_CLAMP | G_TX_NOMIRROR, 0, 0, G_TX_CLAMP | G_TX_NOMIRROR, 0, 0),
	gsDPLoadSync(),
	gsDPLoadTile(7, 364, 364, 496, 496),
	gsDPPipeSync(),
	gsDPSetTile(G_IM_FMT_RGBA, G_IM_SIZ_16b, 9, 0, 0, 0, G_TX_CLAMP | G_TX_NOMIRROR, 0, 0, G_TX_CLAMP | G_TX_NOMIRROR, 0, 0),
	gsDPSetTileSize(0, 364, 364, 496, 496),
	gsSPVertex(castle_courtyard_dl_sand_entrance_003_mesh_layer_1_vtx_2 + 156, 4, 0),
	gsSP1Triangle(0, 1, 2, 0),
	gsSP1Triangle(0, 2, 3, 0),
	gsDPPipeSync(),
	gsDPTileSync(),
	gsDPSetTextureImage(G_IM_FMT_RGBA, G_IM_SIZ_16b, 248, castle_courtyard_dl_abandoned_castle_BG_ow1_rgba16),
	gsDPSetTile(G_IM_FMT_RGBA, G_IM_SIZ_16b, 9, 0, 7, 0, G_TX_CLAMP | G_TX_NOMIRROR, 0, 0, G_TX_CLAMP | G_TX_NOMIRROR, 0, 0),
	gsDPLoadSync(),
	gsDPLoadTile(7, 364, 488, 496, 620),
	gsDPPipeSync(),
	gsDPSetTile(G_IM_FMT_RGBA, G_IM_SIZ_16b, 9, 0, 0, 0, G_TX_CLAMP | G_TX_NOMIRROR, 0, 0, G_TX_CLAMP | G_TX_NOMIRROR, 0, 0),
	gsDPSetTileSize(0, 364, 488, 496, 620),
	gsSPVertex(castle_courtyard_dl_sand_entrance_003_mesh_layer_1_vtx_2 + 160, 4, 0),
	gsSP1Triangle(0, 1, 2, 0),
	gsSP1Triangle(0, 2, 3, 0),
	gsDPPipeSync(),
	gsDPTileSync(),
	gsDPSetTextureImage(G_IM_FMT_RGBA, G_IM_SIZ_16b, 248, castle_courtyard_dl_abandoned_castle_BG_ow1_rgba16),
	gsDPSetTile(G_IM_FMT_RGBA, G_IM_SIZ_16b, 9, 0, 7, 0, G_TX_CLAMP | G_TX_NOMIRROR, 0, 0, G_TX_CLAMP | G_TX_NOMIRROR, 0, 0),
	gsDPLoadSync(),
	gsDPLoadTile(7, 364, 612, 496, 744),
	gsDPPipeSync(),
	gsDPSetTile(G_IM_FMT_RGBA, G_IM_SIZ_16b, 9, 0, 0, 0, G_TX_CLAMP | G_TX_NOMIRROR, 0, 0, G_TX_CLAMP | G_TX_NOMIRROR, 0, 0),
	gsDPSetTileSize(0, 364, 612, 496, 744),
	gsSPVertex(castle_courtyard_dl_sand_entrance_003_mesh_layer_1_vtx_2 + 164, 4, 0),
	gsSP1Triangle(0, 1, 2, 0),
	gsSP1Triangle(0, 2, 3, 0),
	gsDPPipeSync(),
	gsDPTileSync(),
	gsDPSetTextureImage(G_IM_FMT_RGBA, G_IM_SIZ_16b, 248, castle_courtyard_dl_abandoned_castle_BG_ow1_rgba16),
	gsDPSetTile(G_IM_FMT_RGBA, G_IM_SIZ_16b, 9, 0, 7, 0, G_TX_CLAMP | G_TX_NOMIRROR, 0, 0, G_TX_CLAMP | G_TX_NOMIRROR, 0, 0),
	gsDPLoadSync(),
	gsDPLoadTile(7, 364, 736, 496, 868),
	gsDPPipeSync(),
	gsDPSetTile(G_IM_FMT_RGBA, G_IM_SIZ_16b, 9, 0, 0, 0, G_TX_CLAMP | G_TX_NOMIRROR, 0, 0, G_TX_CLAMP | G_TX_NOMIRROR, 0, 0),
	gsDPSetTileSize(0, 364, 736, 496, 868),
	gsSPVertex(castle_courtyard_dl_sand_entrance_003_mesh_layer_1_vtx_2 + 168, 4, 0),
	gsSP1Triangle(0, 1, 2, 0),
	gsSP1Triangle(0, 3, 1, 0),
	gsDPPipeSync(),
	gsDPTileSync(),
	gsDPSetTextureImage(G_IM_FMT_RGBA, G_IM_SIZ_16b, 248, castle_courtyard_dl_abandoned_castle_BG_ow1_rgba16),
	gsDPSetTile(G_IM_FMT_RGBA, G_IM_SIZ_16b, 9, 0, 7, 0, G_TX_CLAMP | G_TX_NOMIRROR, 0, 0, G_TX_CLAMP | G_TX_NOMIRROR, 0, 0),
	gsDPLoadSync(),
	gsDPLoadTile(7, 240, 0, 372, 124),
	gsDPPipeSync(),
	gsDPSetTile(G_IM_FMT_RGBA, G_IM_SIZ_16b, 9, 0, 0, 0, G_TX_CLAMP | G_TX_NOMIRROR, 0, 0, G_TX_CLAMP | G_TX_NOMIRROR, 0, 0),
	gsDPSetTileSize(0, 240, 0, 372, 124),
	gsSPVertex(castle_courtyard_dl_sand_entrance_003_mesh_layer_1_vtx_2 + 172, 4, 0),
	gsSP1Triangle(0, 1, 2, 0),
	gsSP1Triangle(0, 2, 3, 0),
	gsDPPipeSync(),
	gsDPTileSync(),
	gsDPSetTextureImage(G_IM_FMT_RGBA, G_IM_SIZ_16b, 248, castle_courtyard_dl_abandoned_castle_BG_ow1_rgba16),
	gsDPSetTile(G_IM_FMT_RGBA, G_IM_SIZ_16b, 9, 0, 7, 0, G_TX_CLAMP | G_TX_NOMIRROR, 0, 0, G_TX_CLAMP | G_TX_NOMIRROR, 0, 0),
	gsDPLoadSync(),
	gsDPLoadTile(7, 240, 116, 372, 248),
	gsDPPipeSync(),
	gsDPSetTile(G_IM_FMT_RGBA, G_IM_SIZ_16b, 9, 0, 0, 0, G_TX_CLAMP | G_TX_NOMIRROR, 0, 0, G_TX_CLAMP | G_TX_NOMIRROR, 0, 0),
	gsDPSetTileSize(0, 240, 116, 372, 248),
	gsSPVertex(castle_courtyard_dl_sand_entrance_003_mesh_layer_1_vtx_2 + 176, 4, 0),
	gsSP1Triangle(0, 1, 2, 0),
	gsSP1Triangle(0, 2, 3, 0),
	gsDPPipeSync(),
	gsDPTileSync(),
	gsDPSetTextureImage(G_IM_FMT_RGBA, G_IM_SIZ_16b, 248, castle_courtyard_dl_abandoned_castle_BG_ow1_rgba16),
	gsDPSetTile(G_IM_FMT_RGBA, G_IM_SIZ_16b, 9, 0, 7, 0, G_TX_CLAMP | G_TX_NOMIRROR, 0, 0, G_TX_CLAMP | G_TX_NOMIRROR, 0, 0),
	gsDPLoadSync(),
	gsDPLoadTile(7, 240, 240, 372, 372),
	gsDPPipeSync(),
	gsDPSetTile(G_IM_FMT_RGBA, G_IM_SIZ_16b, 9, 0, 0, 0, G_TX_CLAMP | G_TX_NOMIRROR, 0, 0, G_TX_CLAMP | G_TX_NOMIRROR, 0, 0),
	gsDPSetTileSize(0, 240, 240, 372, 372),
	gsSPVertex(castle_courtyard_dl_sand_entrance_003_mesh_layer_1_vtx_2 + 180, 4, 0),
	gsSP1Triangle(0, 1, 2, 0),
	gsSP1Triangle(0, 2, 3, 0),
	gsDPPipeSync(),
	gsDPTileSync(),
	gsDPSetTextureImage(G_IM_FMT_RGBA, G_IM_SIZ_16b, 248, castle_courtyard_dl_abandoned_castle_BG_ow1_rgba16),
	gsDPSetTile(G_IM_FMT_RGBA, G_IM_SIZ_16b, 9, 0, 7, 0, G_TX_CLAMP | G_TX_NOMIRROR, 0, 0, G_TX_CLAMP | G_TX_NOMIRROR, 0, 0),
	gsDPLoadSync(),
	gsDPLoadTile(7, 240, 364, 372, 496),
	gsDPPipeSync(),
	gsDPSetTile(G_IM_FMT_RGBA, G_IM_SIZ_16b, 9, 0, 0, 0, G_TX_CLAMP | G_TX_NOMIRROR, 0, 0, G_TX_CLAMP | G_TX_NOMIRROR, 0, 0),
	gsDPSetTileSize(0, 240, 364, 372, 496),
	gsSPVertex(castle_courtyard_dl_sand_entrance_003_mesh_layer_1_vtx_2 + 184, 4, 0),
	gsSP1Triangle(0, 1, 2, 0),
	gsSP1Triangle(0, 2, 3, 0),
	gsDPPipeSync(),
	gsDPTileSync(),
	gsDPSetTextureImage(G_IM_FMT_RGBA, G_IM_SIZ_16b, 248, castle_courtyard_dl_abandoned_castle_BG_ow1_rgba16),
	gsDPSetTile(G_IM_FMT_RGBA, G_IM_SIZ_16b, 9, 0, 7, 0, G_TX_CLAMP | G_TX_NOMIRROR, 0, 0, G_TX_CLAMP | G_TX_NOMIRROR, 0, 0),
	gsDPLoadSync(),
	gsDPLoadTile(7, 240, 488, 372, 620),
	gsDPPipeSync(),
	gsDPSetTile(G_IM_FMT_RGBA, G_IM_SIZ_16b, 9, 0, 0, 0, G_TX_CLAMP | G_TX_NOMIRROR, 0, 0, G_TX_CLAMP | G_TX_NOMIRROR, 0, 0),
	gsDPSetTileSize(0, 240, 488, 372, 620),
	gsSPVertex(castle_courtyard_dl_sand_entrance_003_mesh_layer_1_vtx_2 + 188, 4, 0),
	gsSP1Triangle(0, 1, 2, 0),
	gsSP1Triangle(0, 2, 3, 0),
	gsDPPipeSync(),
	gsDPTileSync(),
	gsDPSetTextureImage(G_IM_FMT_RGBA, G_IM_SIZ_16b, 248, castle_courtyard_dl_abandoned_castle_BG_ow1_rgba16),
	gsDPSetTile(G_IM_FMT_RGBA, G_IM_SIZ_16b, 9, 0, 7, 0, G_TX_CLAMP | G_TX_NOMIRROR, 0, 0, G_TX_CLAMP | G_TX_NOMIRROR, 0, 0),
	gsDPLoadSync(),
	gsDPLoadTile(7, 240, 612, 372, 744),
	gsDPPipeSync(),
	gsDPSetTile(G_IM_FMT_RGBA, G_IM_SIZ_16b, 9, 0, 0, 0, G_TX_CLAMP | G_TX_NOMIRROR, 0, 0, G_TX_CLAMP | G_TX_NOMIRROR, 0, 0),
	gsDPSetTileSize(0, 240, 612, 372, 744),
	gsSPVertex(castle_courtyard_dl_sand_entrance_003_mesh_layer_1_vtx_2 + 192, 4, 0),
	gsSP1Triangle(0, 1, 2, 0),
	gsSP1Triangle(0, 2, 3, 0),
	gsDPPipeSync(),
	gsDPTileSync(),
	gsDPSetTextureImage(G_IM_FMT_RGBA, G_IM_SIZ_16b, 248, castle_courtyard_dl_abandoned_castle_BG_ow1_rgba16),
	gsDPSetTile(G_IM_FMT_RGBA, G_IM_SIZ_16b, 9, 0, 7, 0, G_TX_CLAMP | G_TX_NOMIRROR, 0, 0, G_TX_CLAMP | G_TX_NOMIRROR, 0, 0),
	gsDPLoadSync(),
	gsDPLoadTile(7, 240, 736, 372, 868),
	gsDPPipeSync(),
	gsDPSetTile(G_IM_FMT_RGBA, G_IM_SIZ_16b, 9, 0, 0, 0, G_TX_CLAMP | G_TX_NOMIRROR, 0, 0, G_TX_CLAMP | G_TX_NOMIRROR, 0, 0),
	gsDPSetTileSize(0, 240, 736, 372, 868),
	gsSPVertex(castle_courtyard_dl_sand_entrance_003_mesh_layer_1_vtx_2 + 196, 4, 0),
	gsSP1Triangle(0, 1, 2, 0),
	gsSP1Triangle(0, 3, 1, 0),
	gsDPPipeSync(),
	gsDPTileSync(),
	gsDPSetTextureImage(G_IM_FMT_RGBA, G_IM_SIZ_16b, 248, castle_courtyard_dl_abandoned_castle_BG_ow1_rgba16),
	gsDPSetTile(G_IM_FMT_RGBA, G_IM_SIZ_16b, 16, 0, 7, 0, G_TX_CLAMP | G_TX_NOMIRROR, 0, 0, G_TX_CLAMP | G_TX_NOMIRROR, 0, 0),
	gsDPLoadSync(),
	gsDPLoadTile(7, 0, 0, 248, 124),
	gsDPPipeSync(),
	gsDPSetTile(G_IM_FMT_RGBA, G_IM_SIZ_16b, 16, 0, 0, 0, G_TX_CLAMP | G_TX_NOMIRROR, 0, 0, G_TX_CLAMP | G_TX_NOMIRROR, 0, 0),
	gsDPSetTileSize(0, 0, 0, 248, 124),
	gsSPVertex(castle_courtyard_dl_sand_entrance_003_mesh_layer_1_vtx_2 + 200, 6, 0),
	gsSP1Triangle(0, 1, 2, 0),
	gsSP1Triangle(0, 2, 3, 0),
	gsSP1Triangle(4, 0, 3, 0),
	gsSP1Triangle(4, 3, 5, 0),
	gsDPPipeSync(),
	gsDPTileSync(),
	gsDPSetTextureImage(G_IM_FMT_RGBA, G_IM_SIZ_16b, 248, castle_courtyard_dl_abandoned_castle_BG_ow1_rgba16),
	gsDPSetTile(G_IM_FMT_RGBA, G_IM_SIZ_16b, 9, 0, 7, 0, G_TX_CLAMP | G_TX_NOMIRROR, 0, 0, G_TX_CLAMP | G_TX_NOMIRROR, 0, 0),
	gsDPLoadSync(),
	gsDPLoadTile(7, 116, 116, 248, 248),
	gsDPPipeSync(),
	gsDPSetTile(G_IM_FMT_RGBA, G_IM_SIZ_16b, 9, 0, 0, 0, G_TX_CLAMP | G_TX_NOMIRROR, 0, 0, G_TX_CLAMP | G_TX_NOMIRROR, 0, 0),
	gsDPSetTileSize(0, 116, 116, 248, 248),
	gsSPVertex(castle_courtyard_dl_sand_entrance_003_mesh_layer_1_vtx_2 + 206, 4, 0),
	gsSP1Triangle(0, 1, 2, 0),
	gsSP1Triangle(0, 2, 3, 0),
	gsDPPipeSync(),
	gsDPTileSync(),
	gsDPSetTextureImage(G_IM_FMT_RGBA, G_IM_SIZ_16b, 248, castle_courtyard_dl_abandoned_castle_BG_ow1_rgba16),
	gsDPSetTile(G_IM_FMT_RGBA, G_IM_SIZ_16b, 9, 0, 7, 0, G_TX_CLAMP | G_TX_NOMIRROR, 0, 0, G_TX_CLAMP | G_TX_NOMIRROR, 0, 0),
	gsDPLoadSync(),
	gsDPLoadTile(7, 116, 240, 248, 372),
	gsDPPipeSync(),
	gsDPSetTile(G_IM_FMT_RGBA, G_IM_SIZ_16b, 9, 0, 0, 0, G_TX_CLAMP | G_TX_NOMIRROR, 0, 0, G_TX_CLAMP | G_TX_NOMIRROR, 0, 0),
	gsDPSetTileSize(0, 116, 240, 248, 372),
	gsSPVertex(castle_courtyard_dl_sand_entrance_003_mesh_layer_1_vtx_2 + 210, 4, 0),
	gsSP1Triangle(0, 1, 2, 0),
	gsSP1Triangle(0, 2, 3, 0),
	gsDPPipeSync(),
	gsDPTileSync(),
	gsDPSetTextureImage(G_IM_FMT_RGBA, G_IM_SIZ_16b, 248, castle_courtyard_dl_abandoned_castle_BG_ow1_rgba16),
	gsDPSetTile(G_IM_FMT_RGBA, G_IM_SIZ_16b, 9, 0, 7, 0, G_TX_CLAMP | G_TX_NOMIRROR, 0, 0, G_TX_CLAMP | G_TX_NOMIRROR, 0, 0),
	gsDPLoadSync(),
	gsDPLoadTile(7, 116, 364, 248, 496),
	gsDPPipeSync(),
	gsDPSetTile(G_IM_FMT_RGBA, G_IM_SIZ_16b, 9, 0, 0, 0, G_TX_CLAMP | G_TX_NOMIRROR, 0, 0, G_TX_CLAMP | G_TX_NOMIRROR, 0, 0),
	gsDPSetTileSize(0, 116, 364, 248, 496),
	gsSPVertex(castle_courtyard_dl_sand_entrance_003_mesh_layer_1_vtx_2 + 214, 4, 0),
	gsSP1Triangle(0, 1, 2, 0),
	gsSP1Triangle(0, 2, 3, 0),
	gsDPPipeSync(),
	gsDPTileSync(),
	gsDPSetTextureImage(G_IM_FMT_RGBA, G_IM_SIZ_16b, 248, castle_courtyard_dl_abandoned_castle_BG_ow1_rgba16),
	gsDPSetTile(G_IM_FMT_RGBA, G_IM_SIZ_16b, 9, 0, 7, 0, G_TX_CLAMP | G_TX_NOMIRROR, 0, 0, G_TX_CLAMP | G_TX_NOMIRROR, 0, 0),
	gsDPLoadSync(),
	gsDPLoadTile(7, 116, 488, 248, 620),
	gsDPPipeSync(),
	gsDPSetTile(G_IM_FMT_RGBA, G_IM_SIZ_16b, 9, 0, 0, 0, G_TX_CLAMP | G_TX_NOMIRROR, 0, 0, G_TX_CLAMP | G_TX_NOMIRROR, 0, 0),
	gsDPSetTileSize(0, 116, 488, 248, 620),
	gsSPVertex(castle_courtyard_dl_sand_entrance_003_mesh_layer_1_vtx_2 + 218, 4, 0),
	gsSP1Triangle(0, 1, 2, 0),
	gsSP1Triangle(0, 2, 3, 0),
	gsDPPipeSync(),
	gsDPTileSync(),
	gsDPSetTextureImage(G_IM_FMT_RGBA, G_IM_SIZ_16b, 248, castle_courtyard_dl_abandoned_castle_BG_ow1_rgba16),
	gsDPSetTile(G_IM_FMT_RGBA, G_IM_SIZ_16b, 9, 0, 7, 0, G_TX_CLAMP | G_TX_NOMIRROR, 0, 0, G_TX_CLAMP | G_TX_NOMIRROR, 0, 0),
	gsDPLoadSync(),
	gsDPLoadTile(7, 116, 612, 248, 744),
	gsDPPipeSync(),
	gsDPSetTile(G_IM_FMT_RGBA, G_IM_SIZ_16b, 9, 0, 0, 0, G_TX_CLAMP | G_TX_NOMIRROR, 0, 0, G_TX_CLAMP | G_TX_NOMIRROR, 0, 0),
	gsDPSetTileSize(0, 116, 612, 248, 744),
	gsSPVertex(castle_courtyard_dl_sand_entrance_003_mesh_layer_1_vtx_2 + 222, 4, 0),
	gsSP1Triangle(0, 1, 2, 0),
	gsSP1Triangle(0, 2, 3, 0),
	gsDPPipeSync(),
	gsDPTileSync(),
	gsDPSetTextureImage(G_IM_FMT_RGBA, G_IM_SIZ_16b, 248, castle_courtyard_dl_abandoned_castle_BG_ow1_rgba16),
	gsDPSetTile(G_IM_FMT_RGBA, G_IM_SIZ_16b, 9, 0, 7, 0, G_TX_CLAMP | G_TX_NOMIRROR, 0, 0, G_TX_CLAMP | G_TX_NOMIRROR, 0, 0),
	gsDPLoadSync(),
	gsDPLoadTile(7, 116, 736, 248, 868),
	gsDPPipeSync(),
	gsDPSetTile(G_IM_FMT_RGBA, G_IM_SIZ_16b, 9, 0, 0, 0, G_TX_CLAMP | G_TX_NOMIRROR, 0, 0, G_TX_CLAMP | G_TX_NOMIRROR, 0, 0),
	gsDPSetTileSize(0, 116, 736, 248, 868),
	gsSPVertex(castle_courtyard_dl_sand_entrance_003_mesh_layer_1_vtx_2 + 226, 4, 0),
	gsSP1Triangle(0, 1, 2, 0),
	gsSP1Triangle(0, 2, 3, 0),
	gsDPPipeSync(),
	gsDPTileSync(),
	gsDPSetTextureImage(G_IM_FMT_RGBA, G_IM_SIZ_16b, 248, castle_courtyard_dl_abandoned_castle_BG_ow1_rgba16),
	gsDPSetTile(G_IM_FMT_RGBA, G_IM_SIZ_16b, 8, 0, 7, 0, G_TX_CLAMP | G_TX_NOMIRROR, 0, 0, G_TX_CLAMP | G_TX_NOMIRROR, 0, 0),
	gsDPLoadSync(),
	gsDPLoadTile(7, 0, 116, 124, 248),
	gsDPPipeSync(),
	gsDPSetTile(G_IM_FMT_RGBA, G_IM_SIZ_16b, 8, 0, 0, 0, G_TX_CLAMP | G_TX_NOMIRROR, 0, 0, G_TX_CLAMP | G_TX_NOMIRROR, 0, 0),
	gsDPSetTileSize(0, 0, 116, 124, 248),
	gsSPVertex(castle_courtyard_dl_sand_entrance_003_mesh_layer_1_vtx_2 + 230, 4, 0),
	gsSP1Triangle(0, 1, 2, 0),
	gsSP1Triangle(0, 2, 3, 0),
	gsDPPipeSync(),
	gsDPTileSync(),
	gsDPSetTextureImage(G_IM_FMT_RGBA, G_IM_SIZ_16b, 248, castle_courtyard_dl_abandoned_castle_BG_ow1_rgba16),
	gsDPSetTile(G_IM_FMT_RGBA, G_IM_SIZ_16b, 8, 0, 7, 0, G_TX_CLAMP | G_TX_NOMIRROR, 0, 0, G_TX_CLAMP | G_TX_NOMIRROR, 0, 0),
	gsDPLoadSync(),
	gsDPLoadTile(7, 0, 240, 124, 372),
	gsDPPipeSync(),
	gsDPSetTile(G_IM_FMT_RGBA, G_IM_SIZ_16b, 8, 0, 0, 0, G_TX_CLAMP | G_TX_NOMIRROR, 0, 0, G_TX_CLAMP | G_TX_NOMIRROR, 0, 0),
	gsDPSetTileSize(0, 0, 240, 124, 372),
	gsSPVertex(castle_courtyard_dl_sand_entrance_003_mesh_layer_1_vtx_2 + 234, 4, 0),
	gsSP1Triangle(0, 1, 2, 0),
	gsSP1Triangle(0, 2, 3, 0),
	gsDPPipeSync(),
	gsDPTileSync(),
	gsDPSetTextureImage(G_IM_FMT_RGBA, G_IM_SIZ_16b, 248, castle_courtyard_dl_abandoned_castle_BG_ow1_rgba16),
	gsDPSetTile(G_IM_FMT_RGBA, G_IM_SIZ_16b, 8, 0, 7, 0, G_TX_CLAMP | G_TX_NOMIRROR, 0, 0, G_TX_CLAMP | G_TX_NOMIRROR, 0, 0),
	gsDPLoadSync(),
	gsDPLoadTile(7, 0, 364, 124, 496),
	gsDPPipeSync(),
	gsDPSetTile(G_IM_FMT_RGBA, G_IM_SIZ_16b, 8, 0, 0, 0, G_TX_CLAMP | G_TX_NOMIRROR, 0, 0, G_TX_CLAMP | G_TX_NOMIRROR, 0, 0),
	gsDPSetTileSize(0, 0, 364, 124, 496),
	gsSPVertex(castle_courtyard_dl_sand_entrance_003_mesh_layer_1_vtx_2 + 238, 4, 0),
	gsSP1Triangle(0, 1, 2, 0),
	gsSP1Triangle(0, 2, 3, 0),
	gsDPPipeSync(),
	gsDPTileSync(),
	gsDPSetTextureImage(G_IM_FMT_RGBA, G_IM_SIZ_16b, 248, castle_courtyard_dl_abandoned_castle_BG_ow1_rgba16),
	gsDPSetTile(G_IM_FMT_RGBA, G_IM_SIZ_16b, 8, 0, 7, 0, G_TX_CLAMP | G_TX_NOMIRROR, 0, 0, G_TX_CLAMP | G_TX_NOMIRROR, 0, 0),
	gsDPLoadSync(),
	gsDPLoadTile(7, 0, 488, 124, 620),
	gsDPPipeSync(),
	gsDPSetTile(G_IM_FMT_RGBA, G_IM_SIZ_16b, 8, 0, 0, 0, G_TX_CLAMP | G_TX_NOMIRROR, 0, 0, G_TX_CLAMP | G_TX_NOMIRROR, 0, 0),
	gsDPSetTileSize(0, 0, 488, 124, 620),
	gsSPVertex(castle_courtyard_dl_sand_entrance_003_mesh_layer_1_vtx_2 + 242, 4, 0),
	gsSP1Triangle(0, 1, 2, 0),
	gsSP1Triangle(0, 2, 3, 0),
	gsDPPipeSync(),
	gsDPTileSync(),
	gsDPSetTextureImage(G_IM_FMT_RGBA, G_IM_SIZ_16b, 248, castle_courtyard_dl_abandoned_castle_BG_ow1_rgba16),
	gsDPSetTile(G_IM_FMT_RGBA, G_IM_SIZ_16b, 8, 0, 7, 0, G_TX_CLAMP | G_TX_NOMIRROR, 0, 0, G_TX_CLAMP | G_TX_NOMIRROR, 0, 0),
	gsDPLoadSync(),
	gsDPLoadTile(7, 0, 612, 124, 744),
	gsDPPipeSync(),
	gsDPSetTile(G_IM_FMT_RGBA, G_IM_SIZ_16b, 8, 0, 0, 0, G_TX_CLAMP | G_TX_NOMIRROR, 0, 0, G_TX_CLAMP | G_TX_NOMIRROR, 0, 0),
	gsDPSetTileSize(0, 0, 612, 124, 744),
	gsSPVertex(castle_courtyard_dl_sand_entrance_003_mesh_layer_1_vtx_2 + 246, 4, 0),
	gsSP1Triangle(0, 1, 2, 0),
	gsSP1Triangle(0, 2, 3, 0),
	gsSPEndDisplayList(),
};

Gfx mat_castle_courtyard_dl_clouds_layer0[] = {
	gsDPPipeSync(),
	gsDPSetCombineLERP(TEXEL0, 0, SHADE, 0, TEXEL0, 0, SHADE, 0, TEXEL0, 0, SHADE, 0, TEXEL0, 0, SHADE, 0),
	gsSPClearGeometryMode(G_ZBUFFER | G_CULL_BACK | G_LIGHTING),
	gsDPSetDepthSource(G_ZS_PRIM),
	gsDPSetPrimDepth(0, 0),
	gsDPSetRenderMode(G_RM_AA_ZB_XLU_SURF, G_RM_AA_ZB_XLU_SURF2),
	gsSPTexture(65535, 65535, 0, 0, 1),
	gsDPTileSync(),
	gsDPSetTextureImage(G_IM_FMT_RGBA, G_IM_SIZ_16b_LOAD_BLOCK, 1, castle_courtyard_dl_castle_courtyard_1_0xe000010_custom_rgba16_rgba16),
	gsDPSetTile(G_IM_FMT_RGBA, G_IM_SIZ_16b_LOAD_BLOCK, 0, 0, 7, 0, G_TX_WRAP | G_TX_NOMIRROR, 5, 0, G_TX_WRAP | G_TX_NOMIRROR, 5, 0),
	gsDPLoadSync(),
	gsDPLoadBlock(7, 0, 0, 1023, 256),
	gsDPPipeSync(),
	gsDPSetTile(G_IM_FMT_RGBA, G_IM_SIZ_16b, 8, 0, 0, 0, G_TX_WRAP | G_TX_NOMIRROR, 5, 0, G_TX_WRAP | G_TX_NOMIRROR, 5, 0),
	gsDPSetTileSize(0, 0, 0, 124, 124),
	gsSPSetLights1(castle_courtyard_dl_clouds_layer0_lights),
	gsSPEndDisplayList(),
};

Gfx mat_revert_castle_courtyard_dl_clouds_layer0[] = {
	gsDPPipeSync(),
	gsSPSetGeometryMode(G_ZBUFFER | G_CULL_BACK | G_LIGHTING),
	gsDPSetDepthSource(G_ZS_PIXEL),
	gsDPSetPrimDepth(0, 0),
	gsDPSetRenderMode(G_RM_ZB_OPA_SURF, G_RM_ZB_OPA_SURF2),
	gsSPEndDisplayList(),
};

Gfx mat_castle_courtyard_dl_blinder_layer0[] = {
	gsDPPipeSync(),
	gsDPSetCombineLERP(0, 0, 0, 0, 0, 0, 0, 0, 0, 0, 0, 0, 0, 0, 0, 0),
	gsDPSetRenderMode(GBL_c1(G_BL_CLR_IN, G_BL_A_IN, G_BL_CLR_MEM, G_BL_A_MEM) | GBL_c2(G_BL_CLR_IN, G_BL_A_IN, G_BL_CLR_MEM, G_BL_A_MEM), Z_CMP | Z_UPD | CLR_ON_CVG | CVG_DST_WRAP | ZMODE_XLU | FORCE_BL),
	gsSPTexture(65535, 65535, 0, 0, 1),
	gsSPEndDisplayList(),
};

Gfx mat_revert_castle_courtyard_dl_blinder_layer0[] = {
	gsDPPipeSync(),
	gsDPSetRenderMode(G_RM_ZB_OPA_SURF, G_RM_ZB_OPA_SURF2),
	gsSPEndDisplayList(),
};

Gfx mat_castle_courtyard_dl_stone_border[] = {
	gsDPPipeSync(),
	gsDPSetCombineLERP(TEXEL0, 0, SHADE, 0, 0, 0, 0, ENVIRONMENT, TEXEL0, 0, SHADE, 0, 0, 0, 0, ENVIRONMENT),
	gsSPClearGeometryMode(G_ZBUFFER),
	gsSPTexture(65535, 65535, 0, 0, 1),
	gsDPSetTextureLUT(G_TT_RGBA16),
	gsDPSetTextureImage(G_IM_FMT_RGBA, G_IM_SIZ_16b, 1, castle_courtyard_dl_castle_courtyard_1_0xe000810_custom_rgba16_ci4_pal_rgba16),
	gsDPTileSync(),
	gsDPSetTile(0, 0, 0, 256, 7, 0, G_TX_WRAP | G_TX_NOMIRROR, 0, 0, G_TX_WRAP | G_TX_NOMIRROR, 0, 0),
	gsDPLoadSync(),
	gsDPLoadTLUTCmd(7, 5),
	gsDPPipeSync(),
	gsDPTileSync(),
	gsDPSetTextureImage(G_IM_FMT_CI, G_IM_SIZ_16b, 1, castle_courtyard_dl_castle_courtyard_1_0xe000810_custom_rgba16_ci4),
	gsDPSetTile(G_IM_FMT_CI, G_IM_SIZ_16b, 0, 0, 7, 0, G_TX_WRAP | G_TX_NOMIRROR, 5, 0, G_TX_WRAP | G_TX_NOMIRROR, 5, 0),
	gsDPLoadSync(),
	gsDPLoadBlock(7, 0, 0, 255, 1024),
	gsDPPipeSync(),
	gsDPSetTile(G_IM_FMT_CI, G_IM_SIZ_4b, 2, 0, 0, 0, G_TX_WRAP | G_TX_NOMIRROR, 5, 0, G_TX_WRAP | G_TX_NOMIRROR, 5, 0),
	gsDPSetTileSize(0, 0, 0, 124, 124),
	gsSPSetLights1(castle_courtyard_dl_stone_border_lights),
	gsSPEndDisplayList(),
};

Gfx mat_revert_castle_courtyard_dl_stone_border[] = {
	gsDPPipeSync(),
	gsSPSetGeometryMode(G_ZBUFFER),
	gsDPSetTextureLUT(G_TT_NONE),
	gsSPEndDisplayList(),
};

Gfx mat_castle_courtyard_dl_atrium_floor[] = {
	gsDPPipeSync(),
	gsDPSetCombineLERP(TEXEL0, 0, SHADE, 0, 0, 0, 0, ENVIRONMENT, TEXEL0, 0, SHADE, 0, 0, 0, 0, ENVIRONMENT),
	gsSPClearGeometryMode(G_CULL_BACK),
	gsSPTexture(65535, 65535, 0, 0, 1),
	gsDPTileSync(),
	gsDPSetTextureImage(G_IM_FMT_I, G_IM_SIZ_8b_LOAD_BLOCK, 1, castle_courtyard_dl_kpa_floor_ctif_i8),
	gsDPSetTile(G_IM_FMT_I, G_IM_SIZ_8b_LOAD_BLOCK, 0, 0, 7, 0, G_TX_WRAP | G_TX_NOMIRROR, 5, 0, G_TX_WRAP | G_TX_NOMIRROR, 5, 0),
	gsDPLoadSync(),
	gsDPLoadBlock(7, 0, 0, 511, 512),
	gsDPPipeSync(),
	gsDPSetTile(G_IM_FMT_I, G_IM_SIZ_8b, 4, 0, 0, 0, G_TX_WRAP | G_TX_NOMIRROR, 5, 0, G_TX_WRAP | G_TX_NOMIRROR, 5, 0),
	gsDPSetTileSize(0, 0, 0, 124, 124),
	gsSPSetLights1(castle_courtyard_dl_atrium_floor_lights),
	gsSPEndDisplayList(),
};

Gfx mat_revert_castle_courtyard_dl_atrium_floor[] = {
	gsDPPipeSync(),
	gsSPSetGeometryMode(G_CULL_BACK),
	gsSPEndDisplayList(),
};

Gfx mat_castle_courtyard_dl_arch_insides[] = {
	gsDPPipeSync(),
	gsDPSetCombineLERP(TEXEL0, 0, SHADE, 0, 0, 0, 0, ENVIRONMENT, TEXEL0, 0, SHADE, 0, 0, 0, 0, ENVIRONMENT),
	gsSPTexture(65535, 65535, 0, 0, 1),
	gsDPSetTextureLUT(G_TT_RGBA16),
	gsDPSetTextureImage(G_IM_FMT_RGBA, G_IM_SIZ_16b, 1, castle_courtyard_dl_cs_rock02_alb_ci8_pal_rgba16),
	gsDPTileSync(),
	gsDPSetTile(0, 0, 0, 256, 7, 0, G_TX_WRAP | G_TX_NOMIRROR, 0, 0, G_TX_WRAP | G_TX_NOMIRROR, 0, 0),
	gsDPLoadSync(),
	gsDPLoadTLUTCmd(7, 27),
	gsDPPipeSync(),
	gsDPTileSync(),
	gsDPSetTextureImage(G_IM_FMT_CI, G_IM_SIZ_8b_LOAD_BLOCK, 1, castle_courtyard_dl_cs_rock02_alb_ci8),
	gsDPSetTile(G_IM_FMT_CI, G_IM_SIZ_8b_LOAD_BLOCK, 0, 0, 7, 0, G_TX_WRAP | G_TX_NOMIRROR, 5, 0, G_TX_WRAP | G_TX_NOMIRROR, 5, 0),
	gsDPLoadSync(),
	gsDPLoadBlock(7, 0, 0, 511, 512),
	gsDPPipeSync(),
	gsDPSetTile(G_IM_FMT_CI, G_IM_SIZ_8b, 4, 0, 0, 0, G_TX_WRAP | G_TX_NOMIRROR, 5, 0, G_TX_WRAP | G_TX_NOMIRROR, 5, 0),
	gsDPSetTileSize(0, 0, 0, 124, 124),
	gsSPSetLights1(castle_courtyard_dl_arch_insides_lights),
	gsSPEndDisplayList(),
};

Gfx mat_revert_castle_courtyard_dl_arch_insides[] = {
	gsDPPipeSync(),
	gsDPSetTextureLUT(G_TT_NONE),
	gsSPEndDisplayList(),
};

Gfx mat_castle_courtyard_dl_ARCH_WALL[] = {
	gsDPPipeSync(),
	gsDPSetCombineLERP(TEXEL0, 0, SHADE, 0, 0, 0, 0, ENVIRONMENT, TEXEL0, 0, SHADE, 0, 0, 0, 0, ENVIRONMENT),
	gsSPTexture(65535, 65535, 0, 0, 1),
	gsDPSetTextureLUT(G_TT_RGBA16),
	gsDPSetTextureImage(G_IM_FMT_RGBA, G_IM_SIZ_16b, 1, castle_courtyard_dl_MARBLE_BRICK_CI_ci4_pal_rgba16),
	gsDPTileSync(),
	gsDPSetTile(0, 0, 0, 256, 7, 0, G_TX_WRAP | G_TX_NOMIRROR, 0, 0, G_TX_WRAP | G_TX_NOMIRROR, 0, 0),
	gsDPLoadSync(),
	gsDPLoadTLUTCmd(7, 13),
	gsDPPipeSync(),
	gsDPTileSync(),
	gsDPSetTextureImage(G_IM_FMT_CI, G_IM_SIZ_16b, 1, castle_courtyard_dl_MARBLE_BRICK_CI_ci4),
	gsDPSetTile(G_IM_FMT_CI, G_IM_SIZ_16b, 0, 0, 7, 0, G_TX_WRAP | G_TX_NOMIRROR, 6, 0, G_TX_WRAP | G_TX_NOMIRROR, 6, 0),
	gsDPLoadSync(),
	gsDPLoadBlock(7, 0, 0, 1023, 512),
	gsDPPipeSync(),
	gsDPSetTile(G_IM_FMT_CI, G_IM_SIZ_4b, 4, 0, 0, 0, G_TX_WRAP | G_TX_NOMIRROR, 6, 0, G_TX_WRAP | G_TX_NOMIRROR, 6, 0),
	gsDPSetTileSize(0, 0, 0, 252, 252),
	gsSPSetLights1(castle_courtyard_dl_ARCH_WALL_lights),
	gsSPEndDisplayList(),
};

Gfx mat_revert_castle_courtyard_dl_ARCH_WALL[] = {
	gsDPPipeSync(),
	gsDPSetTextureLUT(G_TT_NONE),
	gsSPEndDisplayList(),
};

Gfx mat_castle_courtyard_dl_pillar_side[] = {
	gsDPPipeSync(),
	gsDPSetCombineLERP(TEXEL0, 0, SHADE, 0, 0, 0, 0, ENVIRONMENT, TEXEL0, 0, SHADE, 0, 0, 0, 0, ENVIRONMENT),
	gsSPClearGeometryMode(G_LIGHTING),
	gsSPTexture(65535, 65535, 0, 0, 1),
	gsDPSetTextureLUT(G_TT_RGBA16),
	gsDPSetTextureImage(G_IM_FMT_RGBA, G_IM_SIZ_16b, 1, castle_courtyard_dl_MTY_O_E_BREAK01_ci4_pal_rgba16),
	gsDPTileSync(),
	gsDPSetTile(0, 0, 0, 256, 7, 0, G_TX_WRAP | G_TX_NOMIRROR, 0, 0, G_TX_WRAP | G_TX_NOMIRROR, 0, 0),
	gsDPLoadSync(),
	gsDPLoadTLUTCmd(7, 15),
	gsDPPipeSync(),
	gsDPTileSync(),
	gsDPSetTextureImage(G_IM_FMT_CI, G_IM_SIZ_16b, 1, castle_courtyard_dl_MTY_O_E_BREAK01_ci4),
	gsDPSetTile(G_IM_FMT_CI, G_IM_SIZ_16b, 0, 0, 7, 0, G_TX_WRAP | G_TX_NOMIRROR, 6, 0, G_TX_WRAP | G_TX_NOMIRROR, 6, 0),
	gsDPLoadSync(),
	gsDPLoadBlock(7, 0, 0, 1023, 512),
	gsDPPipeSync(),
	gsDPSetTile(G_IM_FMT_CI, G_IM_SIZ_4b, 4, 0, 0, 0, G_TX_WRAP | G_TX_NOMIRROR, 6, 0, G_TX_WRAP | G_TX_NOMIRROR, 6, 0),
	gsDPSetTileSize(0, 0, 0, 252, 252),
	gsSPSetLights1(castle_courtyard_dl_pillar_side_lights),
	gsSPEndDisplayList(),
};

Gfx mat_revert_castle_courtyard_dl_pillar_side[] = {
	gsDPPipeSync(),
	gsSPSetGeometryMode(G_LIGHTING),
	gsDPSetTextureLUT(G_TT_NONE),
	gsSPEndDisplayList(),
};

Gfx mat_castle_courtyard_dl_pillar_siding[] = {
	gsDPPipeSync(),
	gsDPSetCombineLERP(TEXEL0, 0, SHADE, 0, 0, 0, 0, ENVIRONMENT, TEXEL0, 0, SHADE, 0, 0, 0, 0, ENVIRONMENT),
	gsSPClearGeometryMode(G_LIGHTING),
	gsSPTexture(65535, 65535, 0, 0, 1),
	gsDPSetTextureLUT(G_TT_RGBA16),
	gsDPSetTextureImage(G_IM_FMT_RGBA, G_IM_SIZ_16b, 1, castle_courtyard_dl_BORDER_2_ci4_pal_rgba16),
	gsDPTileSync(),
	gsDPSetTile(0, 0, 0, 256, 7, 0, G_TX_WRAP | G_TX_NOMIRROR, 0, 0, G_TX_WRAP | G_TX_NOMIRROR, 0, 0),
	gsDPLoadSync(),
	gsDPLoadTLUTCmd(7, 15),
	gsDPPipeSync(),
	gsDPTileSync(),
	gsDPSetTextureImage(G_IM_FMT_CI, G_IM_SIZ_16b, 1, castle_courtyard_dl_BORDER_2_ci4),
	gsDPSetTile(G_IM_FMT_CI, G_IM_SIZ_16b, 0, 0, 7, 0, G_TX_WRAP | G_TX_NOMIRROR, 5, 0, G_TX_WRAP | G_TX_NOMIRROR, 7, 0),
	gsDPLoadSync(),
	gsDPLoadBlock(7, 0, 0, 1023, 256),
	gsDPPipeSync(),
	gsDPSetTile(G_IM_FMT_CI, G_IM_SIZ_4b, 8, 0, 0, 0, G_TX_WRAP | G_TX_NOMIRROR, 5, 0, G_TX_WRAP | G_TX_NOMIRROR, 7, 0),
	gsDPSetTileSize(0, 0, 0, 508, 124),
	gsSPSetLights1(castle_courtyard_dl_pillar_siding_lights),
	gsSPEndDisplayList(),
};

Gfx mat_revert_castle_courtyard_dl_pillar_siding[] = {
	gsDPPipeSync(),
	gsSPSetGeometryMode(G_LIGHTING),
	gsDPSetTextureLUT(G_TT_NONE),
	gsSPEndDisplayList(),
};

Gfx mat_castle_courtyard_dl_pillar_base[] = {
	gsDPPipeSync(),
	gsDPSetCombineLERP(TEXEL0, 0, SHADE, 0, 0, 0, 0, ENVIRONMENT, TEXEL0, 0, SHADE, 0, 0, 0, 0, ENVIRONMENT),
	gsSPClearGeometryMode(G_LIGHTING),
	gsSPTexture(65535, 65535, 0, 0, 1),
	gsDPSetTextureLUT(G_TT_RGBA16),
	gsDPSetTextureImage(G_IM_FMT_RGBA, G_IM_SIZ_16b, 1, castle_courtyard_dl_MTY_O_E_ORNAMENT04_ci4_pal_rgba16),
	gsDPTileSync(),
	gsDPSetTile(0, 0, 0, 256, 7, 0, G_TX_WRAP | G_TX_NOMIRROR, 0, 0, G_TX_WRAP | G_TX_NOMIRROR, 0, 0),
	gsDPLoadSync(),
	gsDPLoadTLUTCmd(7, 15),
	gsDPPipeSync(),
	gsDPTileSync(),
	gsDPSetTextureImage(G_IM_FMT_CI, G_IM_SIZ_16b, 1, castle_courtyard_dl_MTY_O_E_ORNAMENT04_ci4),
	gsDPSetTile(G_IM_FMT_CI, G_IM_SIZ_16b, 0, 0, 7, 0, G_TX_WRAP | G_TX_NOMIRROR, 6, 0, G_TX_WRAP | G_TX_NOMIRROR, 6, 0),
	gsDPLoadSync(),
	gsDPLoadBlock(7, 0, 0, 1023, 512),
	gsDPPipeSync(),
	gsDPSetTile(G_IM_FMT_CI, G_IM_SIZ_4b, 4, 0, 0, 0, G_TX_WRAP | G_TX_NOMIRROR, 6, 0, G_TX_WRAP | G_TX_NOMIRROR, 6, 0),
	gsDPSetTileSize(0, 0, 0, 252, 252),
	gsSPSetLights1(castle_courtyard_dl_pillar_base_lights),
	gsSPEndDisplayList(),
};

Gfx mat_revert_castle_courtyard_dl_pillar_base[] = {
	gsDPPipeSync(),
	gsSPSetGeometryMode(G_LIGHTING),
	gsDPSetTextureLUT(G_TT_NONE),
	gsSPEndDisplayList(),
};

Gfx mat_castle_courtyard_dl_sand_wall[] = {
	gsDPPipeSync(),
	gsDPSetCombineLERP(TEXEL0, 0, SHADE, 0, 0, 0, 0, ENVIRONMENT, TEXEL0, 0, SHADE, 0, 0, 0, 0, ENVIRONMENT),
	gsSPClearGeometryMode(G_LIGHTING),
	gsSPTexture(65535, 65535, 0, 0, 1),
	gsDPSetTextureLUT(G_TT_RGBA16),
	gsDPSetTextureImage(G_IM_FMT_RGBA, G_IM_SIZ_16b, 1, castle_courtyard_dl_Ceiling_ci4_pal_rgba16),
	gsDPTileSync(),
	gsDPSetTile(0, 0, 0, 256, 7, 0, G_TX_WRAP | G_TX_NOMIRROR, 0, 0, G_TX_WRAP | G_TX_NOMIRROR, 0, 0),
	gsDPLoadSync(),
	gsDPLoadTLUTCmd(7, 15),
	gsDPPipeSync(),
	gsDPTileSync(),
	gsDPSetTextureImage(G_IM_FMT_CI, G_IM_SIZ_16b, 1, castle_courtyard_dl_Ceiling_ci4),
	gsDPSetTile(G_IM_FMT_CI, G_IM_SIZ_16b, 0, 0, 7, 0, G_TX_WRAP | G_TX_NOMIRROR, 6, 0, G_TX_WRAP | G_TX_NOMIRROR, 6, 0),
	gsDPLoadSync(),
	gsDPLoadBlock(7, 0, 0, 1023, 512),
	gsDPPipeSync(),
	gsDPSetTile(G_IM_FMT_CI, G_IM_SIZ_4b, 4, 0, 0, 0, G_TX_WRAP | G_TX_NOMIRROR, 6, 0, G_TX_WRAP | G_TX_NOMIRROR, 6, 0),
	gsDPSetTileSize(0, 0, 0, 252, 252),
	gsSPSetLights1(castle_courtyard_dl_sand_wall_lights),
	gsSPEndDisplayList(),
};

Gfx mat_revert_castle_courtyard_dl_sand_wall[] = {
	gsDPPipeSync(),
	gsSPSetGeometryMode(G_LIGHTING),
	gsDPSetTextureLUT(G_TT_NONE),
	gsSPEndDisplayList(),
};

Gfx mat_castle_courtyard_dl_sand_floor[] = {
	gsDPPipeSync(),
	gsDPSetCombineLERP(SHADE, 0, TEXEL0, 0, 0, 0, 0, ENVIRONMENT, SHADE, 0, TEXEL0, 0, 0, 0, 0, ENVIRONMENT),
	gsSPClearGeometryMode(G_LIGHTING),
	gsSPTexture(65535, 65535, 0, 0, 1),
	gsDPTileSync(),
	gsDPSetTextureImage(G_IM_FMT_RGBA, G_IM_SIZ_16b_LOAD_BLOCK, 1, castle_courtyard_dl_Texture0141_RGB_rgba16),
	gsDPSetTile(G_IM_FMT_RGBA, G_IM_SIZ_16b_LOAD_BLOCK, 0, 0, 7, 0, G_TX_WRAP | G_TX_NOMIRROR, 5, 0, G_TX_WRAP | G_TX_NOMIRROR, 5, 0),
	gsDPLoadSync(),
	gsDPLoadBlock(7, 0, 0, 1023, 256),
	gsDPPipeSync(),
	gsDPSetTile(G_IM_FMT_RGBA, G_IM_SIZ_16b, 8, 0, 0, 0, G_TX_WRAP | G_TX_NOMIRROR, 5, 0, G_TX_WRAP | G_TX_NOMIRROR, 5, 0),
	gsDPSetTileSize(0, 0, 0, 124, 124),
	gsSPSetLights1(castle_courtyard_dl_sand_floor_lights),
	gsSPEndDisplayList(),
};

Gfx mat_revert_castle_courtyard_dl_sand_floor[] = {
	gsDPPipeSync(),
	gsSPSetGeometryMode(G_LIGHTING),
	gsSPEndDisplayList(),
};

Gfx mat_castle_courtyard_dl_volcano_BG[] = {
	gsDPPipeSync(),
	gsDPSetCombineLERP(TEXEL0, 0, SHADE, 0, 0, 0, 0, ENVIRONMENT, TEXEL0, 0, SHADE, 0, 0, 0, 0, ENVIRONMENT),
	gsSPTexture(65535, 65535, 0, 0, 1),
	gsSPSetLights1(castle_courtyard_dl_volcano_BG_lights),
	gsSPEndDisplayList(),
};

Gfx mat_castle_courtyard_dl_ice_BG[] = {
	gsDPPipeSync(),
	gsDPSetCombineLERP(TEXEL0, 0, SHADE, 0, 0, 0, 0, ENVIRONMENT, TEXEL0, 0, SHADE, 0, 0, 0, 0, ENVIRONMENT),
	gsSPTexture(65535, 65535, 0, 0, 1),
	gsSPSetLights1(castle_courtyard_dl_ice_BG_lights),
	gsSPEndDisplayList(),
};

Gfx mat_castle_courtyard_dl_sand_BG[] = {
	gsDPPipeSync(),
	gsDPSetCombineLERP(TEXEL0, 0, SHADE, 0, 0, 0, 0, ENVIRONMENT, TEXEL0, 0, SHADE, 0, 0, 0, 0, ENVIRONMENT),
	gsSPTexture(65535, 65535, 0, 0, 1),
	gsSPSetLights1(castle_courtyard_dl_sand_BG_lights),
	gsSPEndDisplayList(),
};

Gfx mat_castle_courtyard_dl_castle_BG[] = {
	gsDPPipeSync(),
	gsDPSetCombineLERP(TEXEL0, 0, SHADE, 0, 0, 0, 0, ENVIRONMENT, TEXEL0, 0, SHADE, 0, 0, 0, 0, ENVIRONMENT),
	gsSPTexture(65535, 65535, 0, 0, 1),
	gsSPSetLights1(castle_courtyard_dl_castle_BG_lights),
	gsSPEndDisplayList(),
};

Gfx castle_courtyard_dl_b_clouds_mesh_layer_0[] = {
	gsSPDisplayList(mat_castle_courtyard_dl_clouds_layer0),
	gsSPDisplayList(castle_courtyard_dl_b_clouds_mesh_layer_0_tri_0),
	gsSPDisplayList(mat_revert_castle_courtyard_dl_clouds_layer0),
	gsSPEndDisplayList(),
};

Gfx castle_courtyard_dl_d_blind_mesh_layer_0[] = {
	gsSPDisplayList(mat_castle_courtyard_dl_blinder_layer0),
	gsSPDisplayList(castle_courtyard_dl_d_blind_mesh_layer_0_tri_0),
	gsSPDisplayList(mat_revert_castle_courtyard_dl_blinder_layer0),
	gsSPEndDisplayList(),
};

Gfx castle_courtyard_dl_d_blind_001_mesh_layer_0[] = {
	gsSPDisplayList(mat_castle_courtyard_dl_blinder_layer0),
	gsSPDisplayList(castle_courtyard_dl_d_blind_001_mesh_layer_0_tri_0),
	gsSPDisplayList(mat_revert_castle_courtyard_dl_blinder_layer0),
	gsSPEndDisplayList(),
};

Gfx castle_courtyard_dl_d_blind_002_mesh_layer_0[] = {
	gsSPDisplayList(mat_castle_courtyard_dl_blinder_layer0),
	gsSPDisplayList(castle_courtyard_dl_d_blind_002_mesh_layer_0_tri_0),
	gsSPDisplayList(mat_revert_castle_courtyard_dl_blinder_layer0),
	gsSPEndDisplayList(),
};

Gfx castle_courtyard_dl_d_blind_003_mesh_layer_0[] = {
	gsSPDisplayList(mat_castle_courtyard_dl_blinder_layer0),
	gsSPDisplayList(castle_courtyard_dl_d_blind_003_mesh_layer_0_tri_0),
	gsSPDisplayList(mat_revert_castle_courtyard_dl_blinder_layer0),
	gsSPEndDisplayList(),
};

Gfx castle_courtyard_dl_d_stone_mesh_layer_0[] = {
	gsSPDisplayList(mat_castle_courtyard_dl_stone_border),
	gsSPDisplayList(castle_courtyard_dl_d_stone_mesh_layer_0_tri_0),
	gsSPDisplayList(mat_revert_castle_courtyard_dl_stone_border),
	gsSPEndDisplayList(),
};

Gfx castle_courtyard_dl_e_atrium_mesh_layer_1[] = {
	gsSPDisplayList(mat_castle_courtyard_dl_atrium_floor),
	gsSPDisplayList(castle_courtyard_dl_e_atrium_mesh_layer_1_tri_0),
	gsSPDisplayList(mat_revert_castle_courtyard_dl_atrium_floor),
	gsSPDisplayList(mat_castle_courtyard_dl_arch_insides),
	gsSPDisplayList(castle_courtyard_dl_e_atrium_mesh_layer_1_tri_1),
	gsSPDisplayList(mat_revert_castle_courtyard_dl_arch_insides),
	gsSPDisplayList(mat_castle_courtyard_dl_ARCH_WALL),
	gsSPDisplayList(castle_courtyard_dl_e_atrium_mesh_layer_1_tri_2),
	gsSPDisplayList(mat_revert_castle_courtyard_dl_ARCH_WALL),
	gsSPEndDisplayList(),
};

Gfx castle_courtyard_dl_pillar_mesh_layer_1[] = {
	gsSPDisplayList(mat_castle_courtyard_dl_pillar_side),
	gsSPDisplayList(castle_courtyard_dl_pillar_mesh_layer_1_tri_0),
	gsSPDisplayList(mat_revert_castle_courtyard_dl_pillar_side),
	gsSPDisplayList(mat_castle_courtyard_dl_pillar_siding),
	gsSPDisplayList(castle_courtyard_dl_pillar_mesh_layer_1_tri_1),
	gsSPDisplayList(mat_revert_castle_courtyard_dl_pillar_siding),
	gsSPDisplayList(mat_castle_courtyard_dl_pillar_base),
	gsSPDisplayList(castle_courtyard_dl_pillar_mesh_layer_1_tri_2),
	gsSPDisplayList(mat_revert_castle_courtyard_dl_pillar_base),
	gsSPEndDisplayList(),
};

Gfx castle_courtyard_dl_pillar_001_mesh_layer_1[] = {
	gsSPDisplayList(mat_castle_courtyard_dl_pillar_side),
	gsSPDisplayList(castle_courtyard_dl_pillar_001_mesh_layer_1_tri_0),
	gsSPDisplayList(mat_revert_castle_courtyard_dl_pillar_side),
	gsSPDisplayList(mat_castle_courtyard_dl_pillar_siding),
	gsSPDisplayList(castle_courtyard_dl_pillar_001_mesh_layer_1_tri_1),
	gsSPDisplayList(mat_revert_castle_courtyard_dl_pillar_siding),
	gsSPDisplayList(mat_castle_courtyard_dl_pillar_base),
	gsSPDisplayList(castle_courtyard_dl_pillar_001_mesh_layer_1_tri_2),
	gsSPDisplayList(mat_revert_castle_courtyard_dl_pillar_base),
	gsSPEndDisplayList(),
};

Gfx castle_courtyard_dl_pillar_002_mesh_layer_1[] = {
	gsSPDisplayList(mat_castle_courtyard_dl_pillar_side),
	gsSPDisplayList(castle_courtyard_dl_pillar_002_mesh_layer_1_tri_0),
	gsSPDisplayList(mat_revert_castle_courtyard_dl_pillar_side),
	gsSPDisplayList(mat_castle_courtyard_dl_pillar_siding),
	gsSPDisplayList(castle_courtyard_dl_pillar_002_mesh_layer_1_tri_1),
	gsSPDisplayList(mat_revert_castle_courtyard_dl_pillar_siding),
	gsSPDisplayList(mat_castle_courtyard_dl_pillar_base),
	gsSPDisplayList(castle_courtyard_dl_pillar_002_mesh_layer_1_tri_2),
	gsSPDisplayList(mat_revert_castle_courtyard_dl_pillar_base),
	gsSPEndDisplayList(),
};

Gfx castle_courtyard_dl_pillar_003_mesh_layer_1[] = {
	gsSPDisplayList(mat_castle_courtyard_dl_pillar_side),
	gsSPDisplayList(castle_courtyard_dl_pillar_003_mesh_layer_1_tri_0),
	gsSPDisplayList(mat_revert_castle_courtyard_dl_pillar_side),
	gsSPDisplayList(mat_castle_courtyard_dl_pillar_siding),
	gsSPDisplayList(castle_courtyard_dl_pillar_003_mesh_layer_1_tri_1),
	gsSPDisplayList(mat_revert_castle_courtyard_dl_pillar_siding),
	gsSPDisplayList(mat_castle_courtyard_dl_pillar_base),
	gsSPDisplayList(castle_courtyard_dl_pillar_003_mesh_layer_1_tri_2),
	gsSPDisplayList(mat_revert_castle_courtyard_dl_pillar_base),
	gsSPEndDisplayList(),
};

Gfx castle_courtyard_dl_s_mesh_layer_1[] = {
	gsSPDisplayList(mat_castle_courtyard_dl_sand_wall),
	gsSPDisplayList(castle_courtyard_dl_s_mesh_layer_1_tri_0),
	gsSPDisplayList(mat_revert_castle_courtyard_dl_sand_wall),
	gsSPEndDisplayList(),
};

Gfx castle_courtyard_dl_s_fire_entrance_mesh_layer_1[] = {
	gsSPDisplayList(mat_castle_courtyard_dl_sand_wall),
	gsSPDisplayList(castle_courtyard_dl_s_fire_entrance_mesh_layer_1_tri_0),
	gsSPDisplayList(mat_revert_castle_courtyard_dl_sand_wall),
	gsSPDisplayList(mat_castle_courtyard_dl_sand_floor),
	gsSPDisplayList(castle_courtyard_dl_s_fire_entrance_mesh_layer_1_tri_1),
	gsSPDisplayList(mat_revert_castle_courtyard_dl_sand_floor),
	gsSPDisplayList(mat_castle_courtyard_dl_volcano_BG),
	gsSPDisplayList(castle_courtyard_dl_s_fire_entrance_mesh_layer_1_tri_2),
	gsSPEndDisplayList(),
};

Gfx castle_courtyard_dl_s_ice_entrance_mesh_layer_1[] = {
	gsSPDisplayList(mat_castle_courtyard_dl_sand_wall),
	gsSPDisplayList(castle_courtyard_dl_s_ice_entrance_mesh_layer_1_tri_0),
	gsSPDisplayList(mat_revert_castle_courtyard_dl_sand_wall),
	gsSPDisplayList(mat_castle_courtyard_dl_sand_floor),
	gsSPDisplayList(castle_courtyard_dl_s_ice_entrance_mesh_layer_1_tri_1),
	gsSPDisplayList(mat_revert_castle_courtyard_dl_sand_floor),
	gsSPDisplayList(mat_castle_courtyard_dl_ice_BG),
	gsSPDisplayList(castle_courtyard_dl_s_ice_entrance_mesh_layer_1_tri_2),
	gsSPEndDisplayList(),
};

Gfx castle_courtyard_dl_sand_entrance_mesh_layer_1[] = {
	gsSPDisplayList(mat_castle_courtyard_dl_sand_wall),
	gsSPDisplayList(castle_courtyard_dl_sand_entrance_mesh_layer_1_tri_0),
	gsSPDisplayList(mat_revert_castle_courtyard_dl_sand_wall),
	gsSPDisplayList(mat_castle_courtyard_dl_sand_floor),
	gsSPDisplayList(castle_courtyard_dl_sand_entrance_mesh_layer_1_tri_1),
	gsSPDisplayList(mat_revert_castle_courtyard_dl_sand_floor),
	gsSPDisplayList(mat_castle_courtyard_dl_sand_BG),
	gsSPDisplayList(castle_courtyard_dl_sand_entrance_mesh_layer_1_tri_2),
	gsSPEndDisplayList(),
};

Gfx castle_courtyard_dl_sand_entrance_003_mesh_layer_1[] = {
	gsSPDisplayList(mat_castle_courtyard_dl_sand_wall),
	gsSPDisplayList(castle_courtyard_dl_sand_entrance_003_mesh_layer_1_tri_0),
	gsSPDisplayList(mat_revert_castle_courtyard_dl_sand_wall),
	gsSPDisplayList(mat_castle_courtyard_dl_sand_floor),
	gsSPDisplayList(castle_courtyard_dl_sand_entrance_003_mesh_layer_1_tri_1),
	gsSPDisplayList(mat_revert_castle_courtyard_dl_sand_floor),
	gsSPDisplayList(mat_castle_courtyard_dl_castle_BG),
	gsSPDisplayList(castle_courtyard_dl_sand_entrance_003_mesh_layer_1_tri_2),
	gsSPEndDisplayList(),
};

Gfx castle_courtyard_dl_material_revert_render_settings[] = {
	gsDPPipeSync(),
	gsSPSetGeometryMode(G_LIGHTING),
	gsSPClearGeometryMode(G_TEXTURE_GEN),
	gsDPSetCombineLERP(0, 0, 0, SHADE, 0, 0, 0, ENVIRONMENT, 0, 0, 0, SHADE, 0, 0, 0, ENVIRONMENT),
	gsSPTexture(65535, 65535, 0, 0, 0),
	gsDPSetEnvColor(255, 255, 255, 255),
	gsDPSetAlphaCompare(G_AC_NONE),
	gsSPEndDisplayList(),
};

