Lights1 ccm_dl_ice_inner_wall_lights = gdSPDefLights1(
	0x7F, 0x7F, 0x7F,
	0xFE, 0xFE, 0xFE, 0x28, 0x28, 0x28);

Lights1 ccm_dl_ice_xlu_lights = gdSPDefLights1(
	0x7F, 0x7F, 0x7F,
	0xFE, 0xFE, 0xFE, 0x28, 0x28, 0x28);

Lights1 ccm_dl_ice_inner_wall_xlu_lights = gdSPDefLights1(
	0x7F, 0x7F, 0x7F,
	0xFE, 0xFE, 0xFE, 0x28, 0x28, 0x28);

Lights1 ccm_dl_ice_lights = gdSPDefLights1(
	0x7F, 0x7F, 0x7F,
	0xFE, 0xFE, 0xFE, 0x28, 0x28, 0x28);

Lights1 ccm_dl_cake_rock_lights = gdSPDefLights1(
	0x7F, 0x7F, 0x7F,
	0xFE, 0xFE, 0xFE, 0x28, 0x28, 0x28);

Lights1 ccm_dl_platform_side_lights = gdSPDefLights1(
	0x7F, 0x7F, 0x7F,
	0xFE, 0xFE, 0xFE, 0x28, 0x28, 0x28);

Lights1 ccm_dl_floor_2_lights = gdSPDefLights1(
	0x7F, 0x7F, 0x7F,
	0xFE, 0xFE, 0xFE, 0x28, 0x28, 0x28);

Lights1 ccm_dl_cavern_rock_wall_lights = gdSPDefLights1(
	0x7F, 0x7F, 0x7F,
	0xFE, 0xFE, 0xFE, 0x28, 0x28, 0x28);

Lights1 ccm_dl_stone_floor_3_lights = gdSPDefLights1(
	0x7F, 0x7F, 0x7F,
	0xFE, 0xFE, 0xFE, 0x28, 0x28, 0x28);

Lights1 ccm_dl_sloped_rock_lights = gdSPDefLights1(
	0x7F, 0x7F, 0x7F,
	0xFE, 0xFE, 0xFE, 0x28, 0x28, 0x28);

Lights1 ccm_dl_floor_lights = gdSPDefLights1(
	0x7F, 0x7F, 0x7F,
	0xFE, 0xFE, 0xFE, 0x28, 0x28, 0x28);

Lights1 ccm_dl_arena_wall_lights = gdSPDefLights1(
	0x7F, 0x7F, 0x7F,
	0xFE, 0xFE, 0xFE, 0x28, 0x28, 0x28);

Lights1 ccm_dl_super_slip_lights = gdSPDefLights1(
	0x7F, 0x7F, 0x7F,
	0xFE, 0xFE, 0xFE, 0x28, 0x28, 0x28);

Lights1 ccm_dl_arena_lights = gdSPDefLights1(
	0x7F, 0x7F, 0x7F,
	0xFE, 0xFE, 0xFE, 0x28, 0x28, 0x28);

Lights1 ccm_dl_ice_ceiling_lights = gdSPDefLights1(
	0x7F, 0x7F, 0x7F,
	0xFE, 0xFE, 0xFE, 0x28, 0x28, 0x28);

Gfx ccm_dl_DRA_O_K_ROOF_ci4_aligner[] = {gsSPEndDisplayList()};
u8 ccm_dl_DRA_O_K_ROOF_ci4[] = {
	0x00, 0x10, 0x12, 0x34, 0x50, 0x67, 0x04, 0x43, 
	0x38, 0x44, 0x66, 0x93, 0x82, 0x16, 0x91, 0x12, 
	0x00, 0xa6, 0x21, 0x29, 0x52, 0x06, 0x00, 0x4b, 
	0x77, 0x46, 0x75, 0x77, 0x93, 0x94, 0x46, 0x00, 
	0x06, 0x06, 0x60, 0x89, 0x04, 0x05, 0x20, 0x37, 
	0x98, 0x21, 0x22, 0x98, 0x88, 0x22, 0x89, 0x62, 
	0x06, 0x06, 0x51, 0x11, 0xc0, 0x15, 0x60, 0x04, 
	0x46, 0xb6, 0x55, 0x68, 0x23, 0x33, 0x34, 0x60, 
	0x45, 0x39, 0x74, 0x49, 0x99, 0x20, 0x81, 0x26, 
	0x02, 0x10, 0xa1, 0x45, 0x97, 0x62, 0x4d, 0x77, 
	0x46, 0x56, 0xe4, 0x92, 0x21, 0x10, 0x89, 0x12, 
	0x74, 0x62, 0x20, 0x06, 0x65, 0x98, 0x3b, 0x77, 
	0x65, 0x29, 0x77, 0x77, 0x98, 0x65, 0x99, 0x12, 
	0x21, 0x62, 0x20, 0x45, 0x7b, 0xb7, 0xdf, 0x34, 
	0x65, 0x20, 0xe7, 0x73, 0x92, 0x20, 0x49, 0x56, 
	0x65, 0x00, 0xa0, 0x16, 0x55, 0x33, 0x7d, 0x54, 
	0x26, 0x55, 0x7b, 0xb7, 0x76, 0x22, 0x02, 0x11, 
	0x16, 0x36, 0x20, 0x94, 0x5b, 0xfd, 0x4b, 0x73, 
	0x20, 0x55, 0x7b, 0xb7, 0x71, 0xc1, 0x88, 0x90, 
	0x66, 0x65, 0x22, 0x20, 0x54, 0x54, 0x57, 0x75, 
	0x40, 0x64, 0x64, 0xbd, 0x77, 0x63, 0x22, 0x06, 
	0x60, 0x43, 0x22, 0x63, 0x4d, 0xfd, 0xb3, 0x47, 
	0x42, 0x05, 0x05, 0xbb, 0x49, 0x12, 0xac, 0xcc, 
	0xa1, 0x65, 0x2a, 0x00, 0x55, 0x54, 0x45, 0x47, 
	0x49, 0x55, 0xe9, 0xbb, 0x74, 0x65, 0x60, 0x93, 
	0x44, 0x44, 0x38, 0x37, 0xbf, 0xfd, 0x77, 0x54, 
	0x33, 0x38, 0x92, 0xbb, 0xb4, 0x10, 0x1a, 0x1a, 
	0x11, 0x11, 0x11, 0x12, 0x94, 0x45, 0x94, 0x74, 
	0x42, 0x4e, 0x92, 0x7b, 0x45, 0x06, 0x20, 0x34, 
	0x55, 0x47, 0x33, 0x77, 0xdd, 0xdf, 0x7b, 0xb5, 
	0x32, 0x47, 0x81, 0x7d, 0x7b, 0x25, 0x09, 0x21, 
	0xca, 0xac, 0xcc, 0xa1, 0x03, 0x06, 0x34, 0x49, 
	0xaa, 0x9e, 0x50, 0x65, 0x57, 0x66, 0x00, 0x44, 
	0x48, 0x67, 0x43, 0x77, 0xbd, 0xbd, 0x77, 0xd2, 
	0xac, 0x37, 0x45, 0x07, 0xbb, 0x24, 0x65, 0x22, 
	0xa1, 0xa8, 0x1a, 0xa2, 0x02, 0x99, 0x05, 0xb1, 
	0x12, 0x47, 0x47, 0x55, 0x45, 0x00, 0x23, 0x73, 
	0x79, 0x50, 0x03, 0x87, 0xb5, 0xb7, 0xb7, 0xb0, 
	0x11, 0x57, 0x77, 0x49, 0x54, 0x82, 0x01, 0x81, 
	0x15, 0x12, 0xa2, 0x22, 0x11, 0x23, 0x65, 0x52, 
	0x93, 0x34, 0x57, 0x39, 0x92, 0x40, 0xa5, 0x74, 
	0x64, 0x48, 0x66, 0x34, 0xb5, 0x73, 0xd9, 0x76, 
	0x05, 0x33, 0x07, 0x92, 0x0a, 0x50, 0x22, 0x11, 
	0x13, 0x01, 0x22, 0x18, 0x81, 0x22, 0x50, 0x46, 
	0x44, 0x46, 0x75, 0xb9, 0x90, 0x60, 0x27, 0x44, 
	0x4b, 0x99, 0x15, 0x77, 0x47, 0x49, 0x94, 0x42, 
	0x44, 0x48, 0x74, 0x71, 0x02, 0x50, 0x44, 0xac, 
	0x20, 0x21, 0x82, 0x88, 0x83, 0xa1, 0x26, 0x60, 
	0xbd, 0x52, 0x47, 0xb8, 0x56, 0x1c, 0x24, 0x77, 
	0x43, 0x89, 0x36, 0x4e, 0xbd, 0xbd, 0x7b, 0x52, 
	0xbd, 0x42, 0x54, 0x55, 0x74, 0x02, 0x07, 0x39, 
	0x92, 0xc1, 0x18, 0x64, 0x65, 0x66, 0x25, 0x62, 
	0xbb, 0xb6, 0x25, 0x87, 0x74, 0x02, 0x83, 0xdb, 
	0x92, 0x34, 0x37, 0x49, 0x84, 0x75, 0x77, 0x7b, 
	0xbb, 0xd9, 0x26, 0x67, 0x7b, 0xb7, 0x43, 0x33, 
	0xe4, 0xb6, 0x21, 0x25, 0x2a, 0x00, 0x20, 0x07, 
	0xb7, 0x77, 0x50, 0x67, 0x44, 0x44, 0x2b, 0x44, 
	0x43, 0x41, 0x84, 0x43, 0x19, 0xb5, 0x57, 0x4f, 
	0xb7, 0x77, 0x71, 0x4b, 0xff, 0xdd, 0xbb, 0x12, 
	0x00, 0x20, 0x02, 0xa2, 0xaa, 0x93, 0x34, 0x5b, 
	0x77, 0x74, 0x74, 0x06, 0x57, 0x47, 0x2d, 0x44, 
	0x37, 0x22, 0x21, 0x18, 0x94, 0xb4, 0x57, 0x45, 
	0x77, 0x74, 0xd7, 0x14, 0xdd, 0xd7, 0x4b, 0x22, 
	0x34, 0x82, 0x92, 0xcc, 0xa1, 0x99, 0x55, 0x45, 
	0x44, 0x77, 0x4b, 0x65, 0x12, 0x31, 0x2e, 0x37, 
	0x67, 0x30, 0x2a, 0xa1, 0x16, 0x73, 0x47, 0xb5, 
	0x44, 0x47, 0x47, 0x21, 0xa1, 0x13, 0x00, 0x11, 
	0x96, 0x12, 0x21, 0xcc, 0xa0, 0x38, 0x53, 0x76, 
	0x38, 0x77, 0x44, 0x51, 0x2a, 0xa1, 0x48, 0x50, 
	0x00, 0x99, 0x1a, 0xcc, 0xc0, 0x74, 0x13, 0x72, 
	0x50, 0xe4, 0x99, 0x5a, 0xaa, 0x11, 0xcc, 0xa1, 
	0x06, 0x21, 0x0c, 0xcc, 0x16, 0x74, 0x25, 0x52, 
	0x20, 0x84, 0x4b, 0x39, 0xa1, 0xa1, 0x94, 0x32, 
	0x20, 0x91, 0x11, 0x11, 0xac, 0x94, 0x11, 0x05, 
	0x28, 0x87, 0x54, 0x46, 0xac, 0xac, 0xa1, 0x2a, 
	0x52, 0xa8, 0x0c, 0xa2, 0x02, 0x55, 0x00, 0x03, 
	0x07, 0x74, 0x77, 0x49, 0x88, 0xc1, 0x98, 0xe2, 
	0x21, 0xaa, 0x16, 0x11, 0x0a, 0x12, 0xaa, 0x67, 
	0x84, 0x73, 0x64, 0x75, 0x30, 0xcc, 0xaa, 0x2a, 
	0x1a, 0x1c, 0xaa, 0x29, 0x52, 0x89, 0x22, 0x33, 
	0x47, 0x4b, 0xb5, 0xb4, 0x88, 0xa2, 0x60, 0x25, 
	0x2c, 0x26, 0x47, 0x0c, 0x21, 0xaa, 0xca, 0x00, 
	0x37, 0x47, 0xb7, 0x7b, 0x26, 0x81, 0xa1, 0x16, 
	0x1c, 0xc1, 0xaa, 0x21, 0x10, 0x01, 0xa1, 0x60, 
	0x53, 0x74, 0x57, 0x34, 0xa1, 0xc1, 0x12, 0x66, 
	0x01, 0x65, 0x44, 0x21, 0x06, 0x11, 0xaa, 0xa0, 
	0x33, 0x77, 0x5b, 0x4d, 0x10, 0x18, 0xcc, 0x22, 
	0x8c, 0xca, 0xaa, 0x02, 0x12, 0x01, 0x1a, 0xa0, 
	0x02, 0x93, 0x57, 0xb7, 0x11, 0xac, 0x16, 0x20, 
	0x54, 0x56, 0x44, 0x22, 0x50, 0xa1, 0x00, 0x93, 
	0x02, 0x64, 0x4b, 0x77, 0x2c, 0x01, 0xac, 0xa1, 
	0x01, 0xa1, 0x05, 0x01, 0x40, 0x2a, 0x00, 0x94, 
	0x02, 0x98, 0x55, 0x54, 0x56, 0x62, 0x62, 0x90, 
	0x97, 0x56, 0x50, 0x42, 0x62, 0xc6, 0x55, 0x9b, 
	0x02, 0x62, 0x66, 0x66, 0x01, 0x66, 0x2a, 0xca, 
	0x11, 0xa2, 0x67, 0x72, 0x92, 0xa8, 0x33, 0x97, 
	0x11, 0x91, 0x65, 0x77, 0x52, 0x28, 0xa2, 0x09, 
	0x56, 0x65, 0x47, 0xd6, 0x62, 0x05, 0x61, 0x11, 
	0x11, 0x91, 0x84, 0x52, 0x0a, 0xc4, 0x11, 0xcc, 
	0x1c, 0x10, 0x0b, 0x42, 0x12, 0x77, 0x70, 0x00, 
	0x1a, 0x22, 0x5b, 0xbb, 0x62, 0x22, 0xc1, 0x53, 
	0x46, 0x05, 0x34, 0x45, 0x01, 0x06, 0x01, 0x22, 
	0x1c, 0x28, 0x4b, 0x76, 0xaa, 0xca, 0xcc, 0xaa, 
	0x1a, 0x06, 0x54, 0x54, 0x99, 0x47, 0x50, 0x02, 
	0x2c, 0x29, 0x20, 0x46, 0x77, 0x62, 0x2a, 0x29, 
	0x26, 0x60, 0x48, 0x21, 0x82, 0x45, 0x91, 0x1a, 
	0x1c, 0x29, 0x81, 0x36, 0xb7, 0x0a, 0xcc, 0x12, 
	0x10, 0x44, 0x76, 0x47, 0x24, 0xe7, 0x40, 0x1a, 
	0x1c, 0xa0, 0x70, 0x25, 0x74, 0x50, 0xa2, 0x02, 
	0x52, 0x77, 0x34, 0x88, 0x02, 0x50, 0x0a, 0xc1, 
	0x1c, 0xa0, 0x78, 0x83, 0x44, 0x72, 0xa4, 0xb7, 
	0x40, 0x55, 0x57, 0x76, 0x4e, 0xb5, 0x70, 0xaa, 
	0xac, 0xa6, 0x92, 0x03, 0x47, 0x72, 0x12, 0x12, 
	0x60, 0xb4, 0x36, 0x62, 0x10, 0x74, 0x22, 0xa2, 
	0xac, 0xc6, 0x90, 0x94, 0xdd, 0xb1, 0x2b, 0x7b, 
	0x77, 0x4b, 0x55, 0x60, 0x5b, 0xb7, 0x46, 0x11, 
	0xc1, 0x14, 0x40, 0x00, 0x44, 0x26, 0x22, 0x16, 
	0x00, 0x44, 0x33, 0x00, 0x10, 0x06, 0x50, 0xaa, 
	0xc2, 0x14, 0x32, 0x39, 0xbb, 0x40, 0x06, 0x25, 
	0xbd, 0xb8, 0x06, 0x36, 0x20, 0x82, 0x02, 0x11, 
	0xa2, 0x88, 0x88, 0x35, 0x84, 0x02, 0x04, 0x40, 
	0x12, 0x54, 0x44, 0x63, 0x81, 0x54, 0x22, 0x1a, 
	0xa2, 0x02, 0x89, 0x34, 0x5b, 0x31, 0x23, 0x34, 
	0x7b, 0xd6, 0x74, 0x65, 0x44, 0x57, 0x89, 0x21, 
	0xa3, 0x12, 0xc9, 0x66, 0x42, 0x12, 0x16, 0x55, 
	0x50, 0x54, 0x65, 0x93, 0x81, 0x24, 0x2a, 0x1c, 
	0xa3, 0x21, 0xc9, 0x74, 0xb6, 0x20, 0x19, 0x04, 
	0xbb, 0x65, 0x22, 0x74, 0x46, 0x77, 0x58, 0x21, 
	0x02, 0x10, 0x12, 0x94, 0x50, 0x34, 0x85, 0x33, 
	0x46, 0x44, 0x66, 0x89, 0x02, 0x19, 0x61, 0x22, 
	0x01, 0xa6, 0x11, 0x29, 0x41, 0x06, 0x02, 0x7b, 
	0xbb, 0x45, 0x77, 0x4b, 0x33, 0x34, 0x48, 0x00, 
	0x06, 0x02, 0x60, 0x89, 0x27, 0x03, 0x26, 0x4b, 
	0x56, 0x61, 0x11, 0x98, 0x66, 0x2a, 0x20, 0x22, 
	0x29, 0x20, 0x6a, 0x11, 0xc0, 0x15, 0x02, 0x24, 
	0x76, 0xd0, 0x44, 0x42, 0x24, 0x49, 0x33, 0x00, 
	0x76, 0x66, 0xb4, 0x56, 0x56, 0x12, 0x81, 0x04, 
	0x52, 0x28, 0xca, 0x45, 0x64, 0x01, 0x4d, 0x77, 
	0x45, 0x66, 0x74, 0x91, 0x62, 0x12, 0x03, 0xa1, 
	0x77, 0x62, 0x29, 0x89, 0x44, 0x38, 0x4d, 0x7b, 
	0x54, 0x06, 0x74, 0x76, 0x56, 0x49, 0x73, 0x14, 
	0x60, 0x82, 0x12, 0x45, 0x4b, 0x74, 0xff, 0x4b, 
	0x63, 0x20, 0x74, 0xe8, 0x46, 0x11, 0x49, 0x20, 
	0x66, 0x02, 0xc0, 0x89, 0x47, 0x74, 0xbd, 0x4b, 
	0x93, 0x00, 0xb7, 0x77, 0x75, 0x82, 0x60, 0x22, 
	0x11, 0x12, 0x29, 0x49, 0x0b, 0xfb, 0x4d, 0x7b, 
	0x06, 0x06, 0xb7, 0x74, 0x42, 0xaa, 0x2a, 0x21, 
	0x00, 0x18, 0x28, 0x66, 0x77, 0xb7, 0x5b, 0x7b, 
	0x48, 0x20, 0x44, 0x7b, 0x4b, 0x48, 0x26, 0x10, 
	0x11, 0x12, 0x94, 0x81, 0x7d, 0xb7, 0x7b, 0x3d, 
	0x50, 0x22, 0x55, 0x77, 0x04, 0x48, 0xcc, 0xc1, 
	0x1a, 0x37, 0x89, 0x05, 0x77, 0x74, 0x4b, 0x4d, 
	0x02, 0x16, 0x77, 0x76, 0x4b, 0x73, 0x99, 0x62, 
	0x88, 0x26, 0x45, 0x99, 0xbf, 0xbb, 0xd4, 0x72, 
	0x82, 0x18, 0x47, 0x74, 0x47, 0x40, 0x9a, 0x57, 
	0x50, 0x93, 0x56, 0x19, 0x44, 0x74, 0xb4, 0x79, 
	0x61, 0x12, 0x77, 0x47, 0x47, 0x74, 0x33, 0x20, 
	0x49, 0x05, 0xb7, 0x47, 0xdd, 0xf7, 0xb7, 0x22, 
	0x8a, 0xa2, 0xb7, 0x3b, 0x7b, 0xdd, 0x88, 0xb4, 
	0x7b, 0x09, 0x54, 0x22, 0x37, 0x76, 0x77, 0x28, 
	0x21, 0x60, 0x77, 0x47, 0x4d, 0xb4, 0x66, 0x09, 
	0x54, 0x02, 0x04, 0x43, 0x74, 0x77, 0x77, 0x81, 
	0x21, 0x60, 0xbb, 0x57, 0x4b, 0x47, 0x07, 0x66, 
	0x4b, 0xb6, 0x04, 0x92, 0x29, 0x65, 0x54, 0x82, 
	0x81, 0x55, 0x34, 0x47, 0x7b, 0x76, 0x04, 0x60, 
	0x45, 0xa2, 0x64, 0x44, 0x44, 0x4b, 0x67, 0x32, 
	0x21, 0x55, 0x47, 0x47, 0x74, 0x73, 0x62, 0x56, 
	0x54, 0x74, 0x42, 0x88, 0x8e, 0x07, 0x55, 0x30, 
	0x18, 0x94, 0x92, 0x47, 0x4b, 0x49, 0x77, 0x06, 
	0x72, 0x12, 0x62, 0x7d, 0xbb, 0x7d, 0xb4, 0x46, 
	0xa8, 0x05, 0x8a, 0x47, 0xbb, 0x39, 0x97, 0x01, 
	0x99, 0x49, 0x49, 0x09, 0x50, 0x3b, 0x74, 0x40, 
	0x44, 0x39, 0x79, 0x47, 0xb4, 0x93, 0x39, 0x57, 
	0x62, 0x1a, 0x10, 0x7d, 0xff, 0xdd, 0xd5, 0x57, 
	0x43, 0x66, 0xe8, 0xbb, 0xdd, 0x1e, 0x44, 0x6b, 
	0x39, 0x90, 0x77, 0x33, 0x75, 0x3b, 0xb4, 0x55, 
	0xb4, 0x40, 0x56, 0x45, 0x78, 0x28, 0x47, 0x76, 
	0x12, 0xa2, 0x22, 0x89, 0xbb, 0x77, 0x47, 0x77, 
	0xd4, 0x90, 0x74, 0x4b, 0xd4, 0x74, 0x76, 0x7b, 
	0x79, 0xb5, 0x07, 0x40, 0x60, 0x05, 0x44, 0x47, 
	0x44, 0x52, 0x47, 0x77, 0x98, 0x89, 0x57, 0x00, 
	0x12, 0xa8, 0x25, 0x81, 0x14, 0x70, 0xb4, 0x74, 
	0x44, 0x92, 0xbd, 0xdd, 0x74, 0x35, 0x06, 0x55, 
	0x39, 0x06, 0x0a, 0x11, 0x21, 0x00, 0x73, 0x45, 
	0x48, 0x43, 0xd5, 0xe9, 0x66, 0x33, 0x44, 0x93, 
	0x21, 0x09, 0x89, 0xe8, 0x8b, 0xdb, 0x65, 0x74, 
	0x52, 0x44, 0xf7, 0xd7, 0x7b, 0x77, 0x44, 0x39, 
	0x01, 0x22, 0x0a, 0x1c, 0xc8, 0x04, 0x65, 0x44, 
	0x80, 0x29, 0x75, 0x88, 0x60, 0x3e, 0x77, 0x99, 
	0x88, 0x04, 0x99, 0x99, 0x84, 0x4b, 0x65, 0x74, 
	0x00, 0x24, 0xbb, 0x66, 0x47, 0x7b, 0x94, 0x90, 
	0x65, 0x01, 0x60, 0x90, 0x92, 0x04, 0x54, 0x43, 
	0x22, 0x3b, 0xb3, 0x28, 0x60, 0x3e, 0x49, 0x24, 
	0x99, 0x0a, 0x3b, 0xe0, 0x16, 0x75, 0x42, 0x39, 
	0x11, 0x4d, 0xdb, 0x29, 0x77, 0x77, 0x24, 0x28, 
	0xa6, 0x28, 0x68, 0x64, 0x29, 0x51, 0x50, 0x50, 
	0x7b, 0xdd, 0xb7, 0x44, 0x01, 0x07, 0x49, 0x21, 
	0x93, 0x52, 0x22, 0xee, 0x7b, 0x47, 0x62, 0x18, 
	0x7d, 0xfd, 0xdd, 0xbb, 0x21, 0x2b, 0x07, 0x90, 
	0x65, 0x22, 0x27, 0xd7, 0x93, 0x56, 0x20, 0x16, 
	0xdd, 0xbb, 0xbb, 0x73, 0x50, 0x03, 0x95, 0x18, 
	0x66, 0x02, 0xa2, 0x03, 0x5b, 0xd4, 0xb6, 0x5d, 
	0xdd, 0xdd, 0xdd, 0xd7, 0xb7, 0x93, 0xc5, 0x91, 
	0x89, 0x21, 0x77, 0x87, 0x55, 0x75, 0x50, 0x3b, 
	0xdb, 0xbb, 0xb7, 0x46, 0x65, 0x40, 0x98, 0x81, 
	0x20, 0x06, 0x14, 0x99, 0x52, 0x57, 0x5b, 0x4d, 
	0xdd, 0xdd, 0xdd, 0xb5, 0x00, 0xe4, 0x50, 0x93, 
	0x38, 0x10, 0x40, 0x94, 0x50, 0x05, 0x05, 0x9b, 
	0xc9, 0x00, 0x37, 0x93, 0x65, 0x99, 0x02, 0xa1, 
	0x20, 0x03, 0x98, 0x46, 0x00, 0x05, 0xa2, 0x30, 
	0xa5, 0x88, 0x57, 0x58, 0x3e, 0x29, 0x20, 0x29, 
	0x34, 0x83, 0x00, 0x56, 0x56, 0x00, 0xa1, 0x08, 
	0x49, 0x46, 0x84, 0x83, 0x60, 0x95, 0x62, 0x10, 
	0x08, 0x53, 0x6a, 0x22, 0x20, 0x21, 0x0a, 0xa0, 
	0x45, 0x49, 0x07, 0x04, 0x26, 0x93, 0x20, 0x04, 
	0x92, 0x37, 0x62, 0x21, 0x12, 0x12, 0x21, 0xc2, 
	0x02, 0x98, 0x94, 0x40, 0x06, 0x07, 0x62, 0x10, 
	0x82, 0x60, 0x00, 0x11, 0x99, 0x38, 0x20, 0x61, 
	0x88, 0x92, 0x33, 0x50, 0x16, 0x79, 0x22, 0x2a, 
	0x29, 0x45, 0x52, 0x22, 0x82, 0x62, 0x20, 0x01, 
	0x00, 0x88, 0x58, 0x36, 0x05, 0x05, 0x82, 0xac, 
	0x19, 0x06, 0x56, 0x49, 0x33, 0xa2, 0x22, 0x21, 
	0x89, 0x02, 0x46, 0x50, 0x60, 0x88, 0x22, 0xa1, 
	0x29, 0x65, 0x05, 0x60, 0x82, 0x11, 0x22, 0x22, 
	0xa2, 0x21, 0x99, 0x55, 0x01, 0x12, 0x12, 0xa1, 
	0x00, 0x54, 0x57, 0x76, 0x65, 0x32, 0xaa, 0x2a, 
	0xa2, 0x81, 0x36, 0x98, 0x60, 0xa2, 0xa1, 0x12, 
	0x50, 0x45, 0x03, 0x70, 0x06, 0x56, 0x21, 0x21, 
	0xac, 0x10, 0x6e, 0x45, 0x21, 0x21, 0xca, 0x01, 
	0x62, 0x66, 0x65, 0x44, 0x65, 0x39, 0x01, 0x11, 
	0xac, 0x18, 0x67, 0x49, 0x1a, 0xaa, 0xca, 0x22, 
	0x56, 0x54, 0x47, 0x44, 0x74, 0x75, 0x62, 0x81, 
	0x2a, 0x10, 0x88, 0x50, 0x66, 0x22, 0x1a, 0xa2, 
	0xa2, 0x01, 0x45, 0x98, 0x90, 0x44, 0x61, 0x11, 
	0x2a, 0x12, 0x22, 0x38, 0x49, 0x1c, 0xca, 0x89, 
	0x03, 0x45, 0x75, 0x77, 0x55, 0x77, 0x58, 0x21, 
	0x21, 0x18, 0x38, 0x20, 0x60, 0x02, 0xa1, 0x21, 
	0x01, 0x45, 0x59, 0x99, 0x60, 0x50, 0x02, 0x12, 
	0x2a, 0x10, 0x52, 0x28, 0x99, 0x92, 0xa0, 0xb7, 
	0x40, 0x77, 0x47, 0x74, 0x47, 0x73, 0x49, 0x22, 
	0xac, 0xc0, 0x22, 0x88, 0x63, 0x41, 0x11, 0x11, 
	0x21, 0x34, 0x98, 0x00, 0x20, 0xe4, 0x02, 0x11, 
	0xcc, 0xc0, 0x88, 0x00, 0x77, 0x71, 0x25, 0x77, 
	0x74, 0x5b, 0x34, 0x43, 0x37, 0x74, 0x49, 0x11, 
	0xc1, 0x16, 0x60, 0x88, 0x66, 0x20, 0x12, 0xa8, 
	0x22, 0x09, 0x59, 0x26, 0x10, 0x89, 0x90, 0xa1, 
	0xca, 0xa0, 0x98, 0x60, 0x44, 0x50, 0x00, 0x84, 
	0xbb, 0x45, 0x65, 0x33, 0x88, 0x02, 0x02, 0x11, 
	0xa1, 0x22, 0x20, 0x96, 0x05, 0x21, 0x06, 0x52, 
	0x12, 0x65, 0x35, 0x65, 0x81, 0x04, 0x82, 0xaa, 
	0xa1, 0x22, 0x29, 0x66, 0x97, 0x81, 0x25, 0x54, 
	0x77, 0xb5, 0x43, 0x93, 0x54, 0x37, 0x06, 0x21, 
	0xa6, 0x12, 0xc0, 0x96, 0x62, 0x12, 0x16, 0x66, 
	0x62, 0x55, 0x60, 0x65, 0x81, 0x15, 0x2a, 0xac, 
	0xa6, 0x11, 0xc0, 0x55, 0x70, 0x18, 0xa0, 0x04, 
	0xb7, 0x95, 0x02, 0x44, 0x46, 0x44, 0x62, 0x1a, 
	
};

Gfx ccm_dl_DRA_O_K_ROOF_ci4_pal_rgba16_aligner[] = {gsSPEndDisplayList()};
u8 ccm_dl_DRA_O_K_ROOF_ci4_pal_rgba16[] = {
	0x52, 0x93, 0x41, 0xcf, 0x4a, 0x51, 0x62, 0xd5, 
	0x6b, 0x17, 0x62, 0xd7, 0x5a, 0x95, 0x73, 0x59, 
	0x5a, 0x91, 0x62, 0xd3, 0x39, 0x8d, 0x7b, 0x9b, 
	0x31, 0x4b, 0x8c, 0x1f, 0x7b, 0x57, 0x9c, 0xe3, 
	
};

Gfx ccm_dl_DRA_A_AA_SPLASH02_ia8_aligner[] = {gsSPEndDisplayList()};
u8 ccm_dl_DRA_A_AA_SPLASH02_ia8[] = {
	0xf5, 0xf5, 0xf4, 0xf5, 0xf7, 0xf5, 0xf6, 0xf6, 
	0xf6, 0xf4, 0xf4, 0xf5, 0xf7, 0xf4, 0xf7, 0xf5, 
	0xf8, 0xf4, 0xf8, 0xf6, 0xf3, 0xf2, 0xf3, 0xf4, 
	0xf5, 0xf4, 0xf3, 0xf4, 0xf7, 0xf8, 0xf9, 0xf7, 
	0xf7, 0xf6, 0xf4, 0xf3, 0xf7, 0xf5, 0xf4, 0xf6, 
	0xf6, 0xf5, 0xf6, 0xf7, 0xf7, 0xf6, 0xf6, 0xf7, 
	0xf9, 0xf7, 0xf7, 0xf7, 0xf7, 0xf4, 0xf4, 0xf3, 
	0xf5, 0xf5, 0xf3, 0xf4, 0xf8, 0xf8, 0xfa, 0xf9, 
	0xf6, 0xf4, 0xf4, 0xf2, 0xf6, 0xf6, 0xf4, 0xf5, 
	0xf5, 0xf6, 0xf7, 0xf8, 0xf9, 0xf8, 0xf7, 0xf8, 
	0xfa, 0xf9, 0xf8, 0xf7, 0xf7, 0xf5, 0xf4, 0xf4, 
	0xf5, 0xf5, 0xf6, 0xf6, 0xf7, 0xf7, 0xf8, 0xf8, 
	0xf7, 0xf6, 0xf4, 0xf3, 0xf3, 0xf4, 0xf4, 0xf4, 
	0xf4, 0xf6, 0xf6, 0xf9, 0xf9, 0xfa, 0xfa, 0xfa, 
	0xfb, 0xfa, 0xf9, 0xf8, 0xf8, 0xf4, 0xf4, 0xf6, 
	0xf7, 0xf6, 0xf6, 0xf9, 0xf9, 0xf9, 0xf8, 0xf9, 
	0xf8, 0xf7, 0xf6, 0xf6, 0xf6, 0xf6, 0xf4, 0xf4, 
	0xf5, 0xf7, 0xf8, 0xf8, 0xf7, 0xf8, 0xfa, 0xfc, 
	0xfb, 0xfa, 0xf8, 0xf7, 0xf5, 0xf6, 0xf4, 0xf5, 
	0xf8, 0xf6, 0xfa, 0xf9, 0xfb, 0xfa, 0xfb, 0xfa, 
	0xfa, 0xf6, 0xf7, 0xf7, 0xf5, 0xf5, 0xf5, 0xf4, 
	0xf6, 0xf7, 0xf8, 0xf7, 0xf6, 0xf6, 0xf9, 0xfc, 
	0xfb, 0xf9, 0xf8, 0xf5, 0xf5, 0xf4, 0xf5, 0xf5, 
	0xf5, 0xf5, 0xf7, 0xfa, 0xf9, 0xfa, 0xfc, 0xf9, 
	0xfa, 0xf8, 0xf7, 0xf7, 0xf5, 0xf3, 0xf4, 0xf4, 
	0xf7, 0xf6, 0xf7, 0xf6, 0xf7, 0xf7, 0xf7, 0xf7, 
	0xf8, 0xf8, 0xf8, 0xf7, 0xf7, 0xf6, 0xf5, 0xf4, 
	0xf4, 0xf6, 0xf6, 0xf6, 0xf8, 0xf9, 0xf9, 0xf8, 
	0xfb, 0xf8, 0xf9, 0xf7, 0xf3, 0xf5, 0xf3, 0xf4, 
	0xf5, 0xf5, 0xf6, 0xf6, 0xf6, 0xf7, 0xf8, 0xfa, 
	0xf9, 0xfa, 0xf7, 0xf7, 0xf8, 0xf5, 0xf5, 0xf4, 
	0xf4, 0xf6, 0xf4, 0xf5, 0xf4, 0xf8, 0xf9, 0xf9, 
	0xf7, 0xf7, 0xf6, 0xf7, 0xf2, 0xf3, 0xf3, 0xf4, 
	0xf4, 0xf4, 0xf4, 0xf6, 0xf7, 0xf8, 0xfa, 0xfa, 
	0xf9, 0xfa, 0xf9, 0xfa, 0xf9, 0xf7, 0xf4, 0xf4, 
	0xf6, 0xf7, 0xf6, 0xf5, 0xf5, 0xf6, 0xf8, 0xf6, 
	0xf5, 0xf6, 0xf6, 0xf6, 0xf5, 0xf4, 0xf4, 0xf5, 
	0xf6, 0xf3, 0xf5, 0xf5, 0xf6, 0xf9, 0xf9, 0xfc, 
	0xf7, 0xf8, 0xf9, 0xf9, 0xf8, 0xf5, 0xf5, 0xf3, 
	0xf7, 0xf6, 0xf6, 0xf5, 0xf7, 0xf7, 0xf9, 0xfa, 
	0xf7, 0xf6, 0xf6, 0xf6, 0xf4, 0xf5, 0xf6, 0xf5, 
	0xf4, 0xf3, 0xf4, 0xf5, 0xf4, 0xf7, 0xf9, 0xf9, 
	0xf4, 0xf9, 0xfa, 0xf8, 0xf6, 0xf6, 0xf6, 0xf6, 
	0xf6, 0xf5, 0xf6, 0xf5, 0xf6, 0xf6, 0xf7, 0xf7, 
	0xf6, 0xf8, 0xf8, 0xf7, 0xf7, 0xf6, 0xf6, 0xf4, 
	0xf3, 0xf4, 0xf4, 0xf5, 0xf5, 0xf6, 0xf7, 0xf6, 
	0xf8, 0xfb, 0xf9, 0xf8, 0xf8, 0xf7, 0xf5, 0xf5, 
	0xf5, 0xf5, 0xf6, 0xf5, 0xf5, 0xf6, 0xf7, 0xf6, 
	0xf9, 0xf7, 0xf9, 0xf5, 0xf4, 0xf4, 0xf3, 0xf3, 
	0xf2, 0xf3, 0xf4, 0xf4, 0xf5, 0xf8, 0xfa, 0xf8, 
	0xf9, 0xfa, 0xf8, 0xf8, 0xf8, 0xf6, 0xf6, 0xf6, 
	0xf6, 0xf6, 0xf5, 0xf4, 0xf7, 0xf7, 0xf8, 0xf6, 
	0xf8, 0xf5, 0xf6, 0xf5, 0xf4, 0xf4, 0xf3, 0xf3, 
	0xf4, 0xf4, 0xf4, 0xf3, 0xf4, 0xf8, 0xf7, 0xf7, 
	0xf9, 0xf9, 0xfa, 0xf9, 0xf5, 0xf7, 0xf6, 0xf6, 
	0xf5, 0xf6, 0xf6, 0xf6, 0xf6, 0xf6, 0xf5, 0xf7, 
	0xf7, 0xf5, 0xf4, 0xf3, 0xf3, 0xf4, 0xf2, 0xf3, 
	0xf5, 0xf4, 0xf5, 0xf5, 0xf3, 0xf6, 0xf7, 0xf5, 
	0xf8, 0xfa, 0xfb, 0xfa, 0xfb, 0xf9, 0xf8, 0xf8, 
	0xf5, 0xf3, 0xf4, 0xf5, 0xf5, 0xf3, 0xf5, 0xf8, 
	0xf7, 0xf5, 0xf4, 0xf3, 0xf2, 0xf3, 0xf4, 0xf4, 
	0xf3, 0xf4, 0xf3, 0xf5, 0xf6, 0xf8, 0xf7, 0xf6, 
	0xf7, 0xf8, 0xf6, 0xf8, 0xf9, 0xf8, 0xf9, 0xf7, 
	0xf5, 0xf4, 0xf3, 0xf4, 0xf5, 0xf2, 0xf4, 0xf5, 
	0xf5, 0xf4, 0xf8, 0xf6, 0xf3, 0xf2, 0xf3, 0xf4, 
	0xf5, 0xf4, 0xf3, 0xf4, 0xf7, 0xf8, 0xf9, 0xf7, 
	0xf5, 0xf5, 0xf4, 0xf5, 0xf7, 0xf5, 0xf6, 0xf6, 
	0xf6, 0xf4, 0xf4, 0xf5, 0xf7, 0xf4, 0xf7, 0xf5, 
	0xf9, 0xf7, 0xf7, 0xf7, 0xf7, 0xf4, 0xf4, 0xf3, 
	0xf5, 0xf5, 0xf3, 0xf4, 0xf8, 0xf8, 0xfa, 0xf9, 
	0xf7, 0xf6, 0xf4, 0xf3, 0xf7, 0xf5, 0xf4, 0xf6, 
	0xf6, 0xf5, 0xf6, 0xf7, 0xf7, 0xf6, 0xf6, 0xf7, 
	0xfa, 0xf9, 0xf8, 0xf7, 0xf7, 0xf5, 0xf4, 0xf4, 
	0xf5, 0xf5, 0xf6, 0xf6, 0xf7, 0xf7, 0xf8, 0xf8, 
	0xf6, 0xf4, 0xf4, 0xf2, 0xf6, 0xf6, 0xf4, 0xf5, 
	0xf5, 0xf6, 0xf7, 0xf8, 0xf9, 0xf8, 0xf7, 0xf8, 
	0xfb, 0xfa, 0xf9, 0xf8, 0xf8, 0xf4, 0xf4, 0xf6, 
	0xf7, 0xf6, 0xf6, 0xf9, 0xf9, 0xf9, 0xf8, 0xf9, 
	0xf7, 0xf6, 0xf4, 0xf3, 0xf3, 0xf4, 0xf4, 0xf4, 
	0xf4, 0xf6, 0xf6, 0xf9, 0xf9, 0xfa, 0xfa, 0xfa, 
	0xfb, 0xfa, 0xf8, 0xf7, 0xf5, 0xf6, 0xf4, 0xf5, 
	0xf8, 0xf6, 0xfa, 0xf9, 0xfb, 0xfa, 0xfb, 0xfa, 
	0xf8, 0xf7, 0xf6, 0xf6, 0xf6, 0xf6, 0xf4, 0xf4, 
	0xf5, 0xf7, 0xf8, 0xf8, 0xf7, 0xf8, 0xfa, 0xfc, 
	0xfb, 0xf9, 0xf8, 0xf5, 0xf5, 0xf4, 0xf5, 0xf5, 
	0xf5, 0xf5, 0xf7, 0xfa, 0xf9, 0xfa, 0xfc, 0xf9, 
	0xfa, 0xf6, 0xf7, 0xf7, 0xf5, 0xf5, 0xf5, 0xf4, 
	0xf6, 0xf7, 0xf8, 0xf7, 0xf6, 0xf6, 0xf9, 0xfc, 
	0xf8, 0xf8, 0xf8, 0xf7, 0xf7, 0xf6, 0xf5, 0xf4, 
	0xf4, 0xf6, 0xf6, 0xf6, 0xf8, 0xf9, 0xf9, 0xf8, 
	0xfa, 0xf8, 0xf7, 0xf7, 0xf5, 0xf3, 0xf4, 0xf4, 
	0xf7, 0xf6, 0xf7, 0xf6, 0xf7, 0xf7, 0xf7, 0xf7, 
	0xf9, 0xfa, 0xf7, 0xf7, 0xf8, 0xf5, 0xf5, 0xf4, 
	0xf4, 0xf6, 0xf4, 0xf5, 0xf4, 0xf8, 0xf9, 0xf9, 
	0xfb, 0xf8, 0xf9, 0xf7, 0xf3, 0xf5, 0xf3, 0xf4, 
	0xf5, 0xf5, 0xf6, 0xf6, 0xf6, 0xf7, 0xf8, 0xfa, 
	0xf9, 0xfa, 0xf9, 0xfa, 0xf9, 0xf7, 0xf4, 0xf4, 
	0xf6, 0xf7, 0xf6, 0xf5, 0xf5, 0xf6, 0xf8, 0xf6, 
	0xf7, 0xf7, 0xf6, 0xf7, 0xf2, 0xf3, 0xf3, 0xf4, 
	0xf4, 0xf4, 0xf4, 0xf6, 0xf7, 0xf8, 0xfa, 0xfa, 
	0xf7, 0xf8, 0xf9, 0xf9, 0xf8, 0xf5, 0xf5, 0xf3, 
	0xf7, 0xf6, 0xf6, 0xf5, 0xf7, 0xf7, 0xf9, 0xfa, 
	0xf5, 0xf6, 0xf6, 0xf6, 0xf5, 0xf4, 0xf4, 0xf5, 
	0xf6, 0xf3, 0xf5, 0xf5, 0xf6, 0xf9, 0xf9, 0xfc, 
	0xf4, 0xf9, 0xfa, 0xf8, 0xf6, 0xf6, 0xf6, 0xf6, 
	0xf6, 0xf5, 0xf6, 0xf5, 0xf6, 0xf6, 0xf7, 0xf7, 
	0xf7, 0xf6, 0xf6, 0xf6, 0xf4, 0xf5, 0xf6, 0xf5, 
	0xf4, 0xf3, 0xf4, 0xf5, 0xf4, 0xf7, 0xf9, 0xf9, 
	0xf8, 0xfb, 0xf9, 0xf8, 0xf8, 0xf7, 0xf5, 0xf5, 
	0xf5, 0xf5, 0xf6, 0xf5, 0xf5, 0xf6, 0xf7, 0xf6, 
	0xf6, 0xf8, 0xf8, 0xf7, 0xf7, 0xf6, 0xf6, 0xf4, 
	0xf3, 0xf4, 0xf4, 0xf5, 0xf5, 0xf6, 0xf7, 0xf6, 
	0xf9, 0xfa, 0xf8, 0xf8, 0xf8, 0xf6, 0xf6, 0xf6, 
	0xf6, 0xf6, 0xf5, 0xf4, 0xf7, 0xf7, 0xf8, 0xf6, 
	0xf9, 0xf7, 0xf9, 0xf5, 0xf4, 0xf4, 0xf3, 0xf3, 
	0xf2, 0xf3, 0xf4, 0xf4, 0xf5, 0xf8, 0xfa, 0xf8, 
	0xf9, 0xf9, 0xfa, 0xf9, 0xf5, 0xf7, 0xf6, 0xf6, 
	0xf5, 0xf6, 0xf6, 0xf6, 0xf6, 0xf6, 0xf5, 0xf7, 
	0xf8, 0xf5, 0xf6, 0xf5, 0xf4, 0xf4, 0xf3, 0xf3, 
	0xf4, 0xf4, 0xf4, 0xf3, 0xf4, 0xf8, 0xf7, 0xf7, 
	0xf8, 0xfa, 0xfb, 0xfa, 0xfb, 0xf9, 0xf8, 0xf8, 
	0xf5, 0xf3, 0xf4, 0xf5, 0xf5, 0xf3, 0xf5, 0xf8, 
	0xf7, 0xf5, 0xf4, 0xf3, 0xf3, 0xf4, 0xf2, 0xf3, 
	0xf5, 0xf4, 0xf5, 0xf5, 0xf3, 0xf6, 0xf7, 0xf5, 
	0xf7, 0xf8, 0xf6, 0xf8, 0xf9, 0xf8, 0xf9, 0xf7, 
	0xf5, 0xf4, 0xf3, 0xf4, 0xf5, 0xf2, 0xf4, 0xf5, 
	0xf7, 0xf5, 0xf4, 0xf3, 0xf2, 0xf3, 0xf4, 0xf4, 
	0xf3, 0xf4, 0xf3, 0xf5, 0xf6, 0xf8, 0xf7, 0xf6, 
	
};

Gfx ccm_dl_ice_test_ci4_aligner[] = {gsSPEndDisplayList()};
u8 ccm_dl_ice_test_ci4[] = {
	0x00, 0x12, 0x00, 0x03, 0x20, 0x04, 0x45, 0x31, 
	0x11, 0x06, 0x40, 0x04, 0x04, 0x43, 0x70, 0x12, 
	0x22, 0x60, 0x41, 0x67, 0x86, 0x69, 0x99, 0xa4, 
	0x2a, 0x44, 0x58, 0x22, 0x22, 0x00, 0x22, 0x96, 
	0x00, 0x21, 0x10, 0x00, 0x26, 0x30, 0x48, 0x49, 
	0x21, 0x10, 0x00, 0x38, 0x10, 0x65, 0x00, 0x16, 
	0x22, 0x60, 0x00, 0x70, 0x44, 0x46, 0x08, 0xbb, 
	0x41, 0x64, 0x68, 0xb8, 0x11, 0x33, 0x11, 0x26, 
	0x31, 0x12, 0x20, 0x11, 0x20, 0x00, 0x04, 0x49, 
	0x21, 0x11, 0x03, 0x37, 0x00, 0x64, 0xc0, 0x68, 
	0x40, 0x02, 0x11, 0x29, 0x99, 0x99, 0x22, 0x96, 
	0x68, 0x10, 0x65, 0x75, 0xd0, 0x33, 0x01, 0x11, 
	0x37, 0x21, 0x22, 0x22, 0x21, 0x64, 0x00, 0x31, 
	0x91, 0x11, 0x01, 0x10, 0x11, 0x00, 0x57, 0x55, 
	0x89, 0x22, 0x20, 0x46, 0x66, 0x44, 0x2a, 0x94, 
	0x64, 0x63, 0x05, 0x84, 0x88, 0x33, 0x36, 0x00, 
	0x31, 0x21, 0x11, 0x22, 0x21, 0x02, 0x88, 0x61, 
	0x60, 0x10, 0x06, 0x01, 0x11, 0x13, 0x00, 0x67, 
	0xe8, 0x22, 0x22, 0x92, 0x99, 0x40, 0x03, 0x00, 
	0x00, 0x40, 0xb6, 0x81, 0x60, 0x00, 0x01, 0x03, 
	0x36, 0x12, 0x22, 0x22, 0x21, 0x42, 0x20, 0x00, 
	0x00, 0x04, 0x04, 0x02, 0x11, 0x10, 0x13, 0x33, 
	0x06, 0x22, 0x20, 0x64, 0x29, 0x90, 0x12, 0x22, 
	0x34, 0xda, 0x94, 0x88, 0x00, 0x40, 0x30, 0x03, 
	0x04, 0x29, 0x90, 0x48, 0x24, 0x69, 0x20, 0x40, 
	0x00, 0x07, 0x04, 0x64, 0x11, 0x10, 0x11, 0x33, 
	0x04, 0x42, 0x22, 0x20, 0x64, 0x56, 0x02, 0x29, 
	0x42, 0x99, 0x96, 0x88, 0x10, 0x11, 0x33, 0x33, 
	0x09, 0x92, 0x24, 0x84, 0x20, 0x8a, 0xa0, 0x08, 
	0x13, 0x04, 0x68, 0x04, 0x01, 0x11, 0x00, 0x01, 
	0x06, 0x40, 0x22, 0x60, 0x22, 0x64, 0x01, 0x19, 
	0xaa, 0x90, 0x66, 0x06, 0x88, 0x86, 0x45, 0xb4, 
	0x84, 0x99, 0x99, 0x22, 0x14, 0x98, 0xb8, 0x84, 
	0x96, 0x94, 0x44, 0x06, 0x04, 0x60, 0x80, 0x06, 
	0x00, 0x54, 0x22, 0x23, 0x04, 0x66, 0x48, 0x22, 
	0x99, 0x92, 0x04, 0x44, 0x8b, 0xbd, 0xdb, 0x6d, 
	0xa9, 0x92, 0x92, 0x64, 0x40, 0xa2, 0x84, 0x42, 
	0x69, 0x79, 0x03, 0x00, 0x08, 0x60, 0x44, 0x00, 
	0x00, 0x60, 0x22, 0x20, 0x44, 0x40, 0x04, 0x22, 
	0x29, 0x22, 0x29, 0x46, 0xdb, 0x8d, 0xdb, 0xb8, 
	0x22, 0x22, 0x22, 0x14, 0x01, 0x22, 0x12, 0x92, 
	0x10, 0x94, 0x40, 0x11, 0x06, 0x03, 0x30, 0x00, 
	0x13, 0x33, 0x22, 0x20, 0x40, 0x00, 0x00, 0x21, 
	0x11, 0x11, 0x22, 0x2a, 0xa8, 0x89, 0x04, 0x84, 
	0x84, 0x9a, 0x99, 0x92, 0x01, 0x29, 0xa4, 0x99, 
	0x21, 0x28, 0xa8, 0x02, 0x11, 0x06, 0x00, 0x00, 
	0x21, 0x00, 0x02, 0x00, 0x42, 0x40, 0x57, 0x40, 
	0x21, 0x2a, 0x9a, 0xa9, 0x22, 0xaa, 0xdd, 0x88, 
	0x68, 0x92, 0x29, 0x22, 0x82, 0x99, 0x86, 0x46, 
	0x49, 0x49, 0x84, 0x92, 0x11, 0x10, 0x44, 0x40, 
	0x11, 0x00, 0x00, 0x00, 0x99, 0x90, 0x54, 0x48, 
	0xa9, 0x99, 0x99, 0x22, 0x29, 0x29, 0xa9, 0xad, 
	0xa2, 0x22, 0x99, 0x89, 0x89, 0x99, 0x40, 0x04, 
	0x29, 0x04, 0x44, 0x09, 0x42, 0x12, 0x21, 0x46, 
	0x11, 0x01, 0x00, 0x13, 0x09, 0x20, 0x78, 0x85, 
	0x99, 0x12, 0x99, 0x21, 0x19, 0x92, 0x29, 0xad, 
	0xa9, 0xa9, 0x9d, 0xaa, 0xb9, 0x99, 0x60, 0x08, 
	0x97, 0xa5, 0x04, 0x44, 0x60, 0x22, 0x22, 0x86, 
	0x00, 0x64, 0x60, 0x33, 0x01, 0x20, 0x08, 0x65, 
	0x99, 0x92, 0x9a, 0x22, 0x61, 0x91, 0x2a, 0xad, 
	0x84, 0xd9, 0xaa, 0xaa, 0x8d, 0x99, 0x64, 0x48, 
	0x62, 0x80, 0x70, 0x14, 0x08, 0x49, 0x10, 0x64, 
	0x00, 0x44, 0x10, 0x3f, 0xf0, 0x20, 0x69, 0x24, 
	0x4d, 0x4a, 0xda, 0x9a, 0x40, 0x98, 0x42, 0x98, 
	0x29, 0xdd, 0x84, 0x89, 0x44, 0x40, 0x34, 0x55, 
	0x22, 0x06, 0x22, 0x4c, 0x55, 0x55, 0x60, 0x12, 
	0x03, 0x00, 0x30, 0x30, 0x01, 0x05, 0x00, 0x10, 
	0x94, 0x6d, 0xd9, 0xdb, 0xbb, 0xdd, 0xdd, 0x9a, 
	0x99, 0x88, 0xd9, 0x4b, 0x00, 0x01, 0x29, 0xa8, 
	0x90, 0x30, 0x61, 0x07, 0x04, 0x67, 0x76, 0x33, 
	0x33, 0x30, 0x30, 0x33, 0x03, 0x00, 0x00, 0x69, 
	0xa6, 0xb8, 0xda, 0xdb, 0xdb, 0xbb, 0xdd, 0xdd, 
	0x4a, 0x94, 0x88, 0xdd, 0x80, 0x60, 0x92, 0xad, 
	0x60, 0x30, 0x53, 0x00, 0x22, 0x40, 0x44, 0x01, 
	0x11, 0x13, 0x30, 0x11, 0x26, 0x30, 0x10, 0x6a, 
	0x9d, 0x8b, 0x8d, 0xdd, 0xdd, 0xbd, 0xdd, 0xdd, 
	0x89, 0x2d, 0x8b, 0x8d, 0x03, 0x30, 0x16, 0x8b, 
	0x03, 0x33, 0xb0, 0x09, 0x00, 0x00, 0x44, 0x11, 
	0x11, 0x11, 0x11, 0x11, 0x11, 0x11, 0x02, 0x99, 
	0x9d, 0xd8, 0x6b, 0xaa, 0xdd, 0xdd, 0x88, 0xad, 
	0x99, 0x0d, 0x9a, 0xd0, 0x41, 0x73, 0x03, 0xb5, 
	0x41, 0x31, 0x64, 0x42, 0x00, 0x00, 0x44, 0x03, 
	0x11, 0x10, 0x01, 0x01, 0x01, 0x20, 0x09, 0xa9, 
	0xdd, 0xd8, 0x84, 0xa9, 0xdd, 0xad, 0xdb, 0xdd, 
	0x92, 0x2a, 0x9a, 0xa2, 0x99, 0x11, 0x00, 0x05, 
	0x81, 0x19, 0x16, 0x01, 0x22, 0x21, 0x40, 0x01, 
	0x11, 0x11, 0x10, 0x01, 0x11, 0x12, 0x2a, 0xaa, 
	0xaa, 0xa4, 0x68, 0xaa, 0x9a, 0xdd, 0xdd, 0xdd, 
	0xa2, 0x2a, 0x98, 0x92, 0x14, 0x01, 0x11, 0x14, 
	0x44, 0x22, 0x22, 0x00, 0x22, 0x22, 0x22, 0x01, 
	0x11, 0x11, 0x10, 0x11, 0x13, 0x02, 0x98, 0xaa, 
	0xaa, 0x99, 0x9a, 0xad, 0xaa, 0xd8, 0xad, 0xdd, 
	0xa9, 0x99, 0xa9, 0x14, 0x50, 0x30, 0x11, 0x10, 
	0x68, 0x22, 0x22, 0x37, 0xcf, 0xf3, 0x07, 0x03, 
	0x12, 0x11, 0x11, 0x10, 0x00, 0x00, 0x4a, 0xaa, 
	0x99, 0x29, 0x9a, 0xd8, 0x8a, 0xdd, 0x8d, 0xdd, 
	0xd4, 0xf8, 0x60, 0x48, 0x40, 0x01, 0x01, 0x01, 
	0x04, 0x63, 0x01, 0x13, 0x70, 0x10, 0x00, 0x33, 
	0x73, 0x30, 0x10, 0x01, 0x01, 0x29, 0x9a, 0x4a, 
	0x92, 0x44, 0x8d, 0xaa, 0x8d, 0xdd, 0xdd, 0xdd, 
	0x96, 0x44, 0x24, 0x48, 0x04, 0x11, 0x60, 0x11, 
	0x00, 0x71, 0x01, 0x30, 0x70, 0x00, 0x30, 0x50, 
	0x50, 0x31, 0x11, 0x10, 0x30, 0x9a, 0x92, 0x9a, 
	0x92, 0x9a, 0xaa, 0xaa, 0xd4, 0xdd, 0xad, 0xdd, 
	0x29, 0x92, 0x92, 0xd0, 0x14, 0x01, 0x16, 0x10, 
	0x00, 0x30, 0x13, 0x31, 0x34, 0x61, 0x33, 0xcf, 
	0x36, 0x43, 0x33, 0x01, 0x31, 0x69, 0x26, 0xa9, 
	0x99, 0x2a, 0xaa, 0xaa, 0xa9, 0xaa, 0xdd, 0xdd, 
	0x62, 0x29, 0xa9, 0x94, 0x00, 0x00, 0x66, 0x11, 
	0x01, 0x13, 0x31, 0x00, 0x00, 0x06, 0x00, 0x5c, 
	0x33, 0x33, 0x63, 0x31, 0x01, 0x82, 0x20, 0x99, 
	0x99, 0x9a, 0xaa, 0x88, 0xaa, 0xad, 0xda, 0xdd, 
	0x09, 0xa9, 0x62, 0xa1, 0x10, 0x10, 0x60, 0x11, 
	0x06, 0x13, 0x01, 0x13, 0x06, 0x00, 0x03, 0x55, 
	0x03, 0x33, 0x00, 0x00, 0x19, 0x00, 0x10, 0x29, 
	0x9a, 0xaa, 0x9a, 0x98, 0xa9, 0xad, 0xad, 0xdd, 
	0x8d, 0xd8, 0x88, 0x01, 0x11, 0x10, 0xd1, 0x11, 
	0x13, 0x30, 0x11, 0x30, 0x04, 0x00, 0x00, 0x70, 
	0x73, 0x03, 0x57, 0x70, 0x20, 0x33, 0x00, 0x29, 
	0xa9, 0x99, 0xaa, 0x9a, 0xad, 0x9a, 0xdd, 0xd8, 
	0x88, 0x41, 0x0b, 0x41, 0x11, 0x10, 0x60, 0x10, 
	0x03, 0x30, 0x01, 0x00, 0x40, 0x10, 0x00, 0x8b, 
	0x03, 0x05, 0x75, 0x01, 0x90, 0x4c, 0x04, 0x88, 
	0xa9, 0x22, 0x9a, 0x9a, 0xda, 0x2a, 0xda, 0xdb, 
	0xd6, 0x80, 0x4b, 0xb1, 0x10, 0x00, 0x61, 0x10, 
	0x30, 0x48, 0x01, 0x17, 0x06, 0x11, 0x13, 0x04, 
	0x04, 0x85, 0xc5, 0x40, 0x97, 0x5f, 0xc8, 0xbb, 
	0xbb, 0xbb, 0xb8, 0x9a, 0x8a, 0x9a, 0xa2, 0x8b, 
	0x66, 0x80, 0x8b, 0xb0, 0x04, 0x06, 0x00, 0x00, 
	0x16, 0x37, 0x01, 0x00, 0x48, 0x63, 0x30, 0x10, 
	0x33, 0x01, 0x11, 0x64, 0x91, 0x00, 0x8b, 0x44, 
	0xdb, 0x85, 0xd8, 0xa8, 0xdb, 0xb8, 0x92, 0x9d, 
	0x01, 0x40, 0x66, 0x80, 0x11, 0x04, 0x00, 0x04, 
	0x11, 0x10, 0x60, 0x04, 0x00, 0x46, 0x01, 0x04, 
	0x03, 0x11, 0x00, 0x00, 0x22, 0x10, 0x4b, 0x4b, 
	0x98, 0x84, 0xb8, 0x8b, 0x8b, 0xbb, 0x99, 0xaa, 
	0x10, 0x66, 0x40, 0x80, 0x04, 0x80, 0x11, 0x37, 
	0x41, 0x12, 0x00, 0x02, 0x20, 0x07, 0x41, 0x44, 
	0x00, 0x00, 0x00, 0x13, 0x12, 0x11, 0x48, 0xb6, 
	0x49, 0x4d, 0x5b, 0x8d, 0x8b, 0xbb, 0xd9, 0x99, 
	0x01, 0x10, 0x44, 0x60, 0x30, 0x40, 0x70, 0x63, 
	0x42, 0x92, 0x60, 0x12, 0x22, 0x00, 0x01, 0x00, 
	0x06, 0x00, 0x48, 0x40, 0x06, 0x29, 0x99, 0x04, 
	0x58, 0xda, 0xbb, 0x8d, 0x9d, 0xbb, 0x69, 0x99, 
	0x10, 0x14, 0x04, 0x80, 0x00, 0x07, 0x43, 0x00, 
	0x74, 0x21, 0x65, 0x01, 0x21, 0x10, 0x74, 0x40, 
	0x01, 0x14, 0x43, 0x68, 0x06, 0x99, 0xdd, 0x88, 
	0x88, 0xdd, 0x8b, 0xd2, 0xad, 0xd4, 0x88, 0x81, 
	0x20, 0x04, 0x04, 0x70, 0x07, 0x60, 0x33, 0x03, 
	0x70, 0x29, 0x00, 0x01, 0x10, 0x11, 0x00, 0x00, 
	0x61, 0x44, 0x46, 0x46, 0x78, 0x69, 0x99, 0x96, 
	0x9a, 0xdd, 0xdb, 0xbb, 0x9a, 0x99, 0xa4, 0x87, 
	0x26, 0x07, 0x44, 0x40, 0x00, 0x00, 0x33, 0x30, 
	0xf4, 0x29, 0x07, 0x46, 0x11, 0x01, 0x16, 0x00, 
	0x04, 0x88, 0x44, 0xb8, 0x56, 0x8a, 0x99, 0x91, 
	0xda, 0xdd, 0xdb, 0xbb, 0x8a, 0xa2, 0x22, 0x44, 
	0x94, 0x40, 0x60, 0x47, 0x60, 0x08, 0x80, 0x30, 
	0x64, 0x29, 0x96, 0x03, 0x00, 0x61, 0x12, 0x06, 
	0x48, 0x66, 0x44, 0x64, 0x55, 0xda, 0xa2, 0x99, 
	0xdd, 0xba, 0x8d, 0xd4, 0xbd, 0xa9, 0x29, 0x14, 
	0x14, 0x44, 0x44, 0x45, 0x34, 0x40, 0x84, 0x42, 
	0x45, 0x42, 0x26, 0x10, 0x94, 0x56, 0x44, 0x09, 
	0xda, 0x84, 0x88, 0x46, 0x0e, 0x8d, 0x8d, 0xaa, 
	0xdd, 0xdd, 0xad, 0x98, 0xdb, 0xb8, 0xd4, 0x86, 
	0x94, 0x64, 0x00, 0x0b, 0x41, 0x60, 0x34, 0x42, 
	0x06, 0x42, 0x11, 0x14, 0x94, 0x04, 0x96, 0x9a, 
	0x99, 0x40, 0x86, 0x0b, 0xd4, 0x8a, 0xa9, 0x28, 
	0xdd, 0xaa, 0xa9, 0x9d, 0xdb, 0x89, 0xa8, 0x06, 
	0x12, 0x01, 0x11, 0x14, 0x80, 0x61, 0x01, 0x01, 
	0x01, 0x00, 0x11, 0x12, 0x29, 0x02, 0x26, 0x9a, 
	0xa2, 0x04, 0x01, 0x38, 0xa0, 0x64, 0x22, 0x98, 
	0x99, 0x9a, 0xdd, 0x99, 0xad, 0x82, 0x98, 0x46, 
	0x29, 0x92, 0x22, 0x61, 0x80, 0x10, 0x00, 0x12, 
	0x32, 0x20, 0x02, 0x22, 0x20, 0x66, 0x44, 0x00, 
	0x11, 0x10, 0x00, 0x03, 0xa3, 0x4a, 0xd9, 0xa8, 
	0xda, 0xdd, 0xa9, 0xa9, 0xaa, 0xaa, 0x99, 0x44, 
	0x22, 0x12, 0x11, 0x21, 0x40, 0x11, 0x61, 0x62, 
	0x82, 0x27, 0x92, 0x22, 0x29, 0x44, 0x60, 0x44, 
	0xa8, 0x86, 0x40, 0x03, 0x08, 0x9a, 0x88, 0xad, 
	0xdd, 0xa9, 0xda, 0xa9, 0xdd, 0x9a, 0xa9, 0xa6, 
	0x92, 0x11, 0x12, 0x21, 0x00, 0x01, 0x01, 0x66, 
	0x09, 0x20, 0x22, 0x22, 0x29, 0x99, 0x9a, 0xa6, 
	0x91, 0x10, 0x64, 0x03, 0x44, 0x9a, 0x8b, 0xdd, 
	0xdd, 0xaa, 0xdd, 0xd9, 0xaa, 0x99, 0x99, 0x98, 
	0x99, 0xa9, 0x11, 0x21, 0x61, 0x00, 0x40, 0x48, 
	0x07, 0x42, 0x00, 0x06, 0x02, 0x99, 0x9a, 0x94, 
	0x99, 0x46, 0x22, 0x24, 0x08, 0x92, 0x48, 0xdd, 
	0x89, 0xaa, 0xdd, 0xa9, 0xa9, 0x29, 0xa9, 0xa8, 
	0x29, 0x99, 0x22, 0x11, 0x60, 0x11, 0x00, 0x48, 
	0x47, 0x82, 0x04, 0x06, 0x40, 0x20, 0x22, 0x94, 
	0xad, 0xaa, 0x92, 0x92, 0x96, 0x29, 0x88, 0x8b, 
	0xdd, 0xd9, 0xdd, 0xdd, 0x89, 0x29, 0x22, 0x98, 
	0x12, 0x99, 0x99, 0x45, 0x04, 0x46, 0x88, 0x48, 
	0x46, 0x06, 0x29, 0x08, 0x65, 0x54, 0x00, 0x09, 
	0xa9, 0x96, 0x9a, 0xa4, 0x02, 0xdd, 0xa9, 0xdd, 
	0xbd, 0xd8, 0xdd, 0x98, 0xbb, 0x84, 0x88, 0x29, 
	0x99, 0x44, 0x68, 0x88, 0x66, 0x40, 0x68, 0x68, 
	0x46, 0x06, 0x42, 0x10, 0xe0, 0x90, 0x56, 0x99, 
	0xaa, 0x24, 0x8a, 0xa8, 0xaa, 0x4d, 0xa9, 0xad, 
	0xb8, 0xbb, 0xdd, 0x9b, 0xa8, 0xb8, 0xad, 0x94, 
	0x46, 0x86, 0x46, 0x68, 0x46, 0x46, 0x06, 0x64, 
	0x30, 0x44, 0x80, 0x60, 0xc4, 0x00, 0x00, 0x69, 
	0xa9, 0x98, 0x8a, 0xa8, 0xd9, 0x8b, 0xda, 0xaa, 
	0x46, 0xbb, 0xb9, 0xad, 0x98, 0x88, 0xda, 0x14, 
	0x60, 0x44, 0x64, 0x46, 0x94, 0x44, 0x44, 0x00, 
	0x70, 0x18, 0x40, 0x12, 0x07, 0x50, 0x22, 0x29, 
	0x99, 0x98, 0x8a, 0xd8, 0x8a, 0xad, 0xd8, 0xda, 
	0x08, 0xbb, 0xba, 0x9d, 0x9a, 0xad, 0x88, 0x42, 
	0x22, 0x70, 0x46, 0x99, 0x29, 0x06, 0x48, 0x80, 
	0x00, 0x60, 0x46, 0x02, 0x00, 0x07, 0x99, 0x99, 
	0xaa, 0xa4, 0x8a, 0xa2, 0x8d, 0xaa, 0x9d, 0xd8, 
	0x68, 0x8b, 0xba, 0xd9, 0x4a, 0x9a, 0x85, 0x49, 
	0x22, 0x04, 0x09, 0x99, 0x99, 0x46, 0x04, 0x66, 
	0x16, 0x10, 0x60, 0x61, 0x00, 0x21, 0x49, 0x99, 
	0x29, 0xa4, 0x4d, 0xad, 0x9d, 0xda, 0xad, 0x88, 
	0x6d, 0xdb, 0x8d, 0xa6, 0x9d, 0xa2, 0xd4, 0x89, 
	0x22, 0x29, 0x99, 0x94, 0x99, 0x94, 0x00, 0x44, 
	0x20, 0x30, 0x00, 0x03, 0x60, 0x32, 0x20, 0x49, 
	0x4a, 0xa9, 0x9a, 0xaa, 0xdd, 0x49, 0xaa, 0xd8, 
	0x8d, 0xdd, 0xdd, 0x93, 0x2d, 0x44, 0xaa, 0xa4, 
	0x22, 0x99, 0x99, 0x29, 0x99, 0x24, 0x84, 0x49, 
	0x10, 0x30, 0x00, 0x0c, 0x66, 0x03, 0x42, 0xa0, 
	0x0a, 0xa9, 0x99, 0xad, 0xaa, 0xa8, 0x64, 0xaa, 
	0x8d, 0xdd, 0xdd, 0x10, 0x94, 0x66, 0x99, 0x96, 
	0x92, 0x22, 0x06, 0x46, 0x29, 0x29, 0x94, 0x80, 
	0x10, 0x03, 0x40, 0x06, 0x56, 0xf0, 0x74, 0x0a, 
	0x49, 0x29, 0x99, 0x9a, 0xad, 0x99, 0xa9, 0xa9, 
	0xdd, 0xdd, 0x40, 0x00, 0x00, 0x00, 0xc0, 0x65, 
	0x30, 0x01, 0x22, 0x29, 0x99, 0x22, 0x94, 0x41, 
	0x10, 0x00, 0x33, 0x00, 0xc8, 0x07, 0x30, 0x99, 
	0x94, 0x64, 0x99, 0xaa, 0x9d, 0x22, 0xaa, 0x9a, 
	0xdd, 0xd8, 0x00, 0x00, 0x30, 0x00, 0x05, 0x53, 
	0xc5, 0x02, 0x29, 0x92, 0x22, 0x22, 0x66, 0x61, 
	0x33, 0x11, 0x11, 0x30, 0x35, 0x00, 0x13, 0x09, 
	0xa4, 0x55, 0x69, 0xa9, 0x29, 0xa9, 0xaa, 0xaa, 
	0xaa, 0x84, 0x80, 0x0f, 0x10, 0x00, 0x37, 0x71, 
	0x30, 0x22, 0x99, 0x94, 0x64, 0x86, 0x04, 0x13, 
	0x03, 0x11, 0x10, 0x3f, 0x76, 0x40, 0x30, 0x10, 
	0x9a, 0x44, 0x54, 0x8a, 0x9a, 0x29, 0xaa, 0x9a, 
	0xaa, 0x88, 0x81, 0x33, 0x34, 0x40, 0x3f, 0xf3, 
	0x31, 0x22, 0x26, 0x07, 0x88, 0x84, 0xbb, 0x31, 
	0x00, 0x11, 0x11, 0x0f, 0x70, 0x00, 0xf4, 0x00, 
	0x29, 0x99, 0x64, 0x08, 0x29, 0x1a, 0x9a, 0xa2, 
	0xaa, 0x29, 0x63, 0x01, 0x30, 0x03, 0x70, 0x0f, 
	0xf7, 0x02, 0x10, 0x66, 0x44, 0x45, 0x57, 0x31, 
	0x30, 0x11, 0x13, 0x33, 0x37, 0x01, 0x07, 0xf7, 
	0x99, 0x99, 0x96, 0x65, 0x19, 0x22, 0xaa, 0x92, 
	0x9a, 0xa9, 0x33, 0x12, 0x30, 0x10, 0x73, 0x0c, 
	0xc0, 0x06, 0x68, 0x81, 0x66, 0x05, 0x75, 0x01, 
	0x13, 0x43, 0x33, 0x03, 0x70, 0x23, 0x00, 0x0f, 
	0x22, 0x99, 0x46, 0x45, 0x60, 0x29, 0xa9, 0x99, 
	0x2a, 0xd8, 0x11, 0x22, 0x01, 0x11, 0x3f, 0xfc, 
	0x44, 0x40, 0x48, 0x03, 0x04, 0x43, 0xc0, 0x01, 
	0x13, 0x45, 0xf3, 0x00, 0x08, 0x02, 0x00, 0xf3, 
	0x30, 0x94, 0x4c, 0x54, 0x44, 0x9a, 0xa2, 0x99, 
	0xa8, 0x8b, 0x02, 0x21, 0x29, 0x12, 0x1f, 0xf0, 
	
};

Gfx ccm_dl_ice_test_ci4_pal_rgba16_aligner[] = {gsSPEndDisplayList()};
u8 ccm_dl_ice_test_ci4_pal_rgba16[] = {
	0x8d, 0x31, 0x7c, 0xaf, 0x85, 0x35, 0x7c, 0xad, 
	0x95, 0xb5, 0x9d, 0xb3, 0x95, 0x73, 0x95, 0x6f, 
	0xa5, 0xf7, 0x95, 0xb7, 0x9d, 0xf9, 0xb6, 0x79, 
	0x95, 0x2d, 0xae, 0x7b, 0x9d, 0xb1, 0x84, 0xab, 
	
};

Gfx ccm_dl_wild_okukabe01_i4_aligner[] = {gsSPEndDisplayList()};
u8 ccm_dl_wild_okukabe01_i4[] = {
	0x87, 0x88, 0x88, 0x88, 0x78, 0x89, 0x88, 0x86, 
	0x78, 0x98, 0xaa, 0xa8, 0x9a, 0x99, 0x98, 0x78, 
	0x98, 0x88, 0x98, 0x88, 0x87, 0x76, 0x87, 0x98, 
	0x98, 0x88, 0x88, 0x88, 0x88, 0x88, 0x87, 0x88, 
	0x88, 0x78, 0x88, 0x89, 0x78, 0x89, 0x98, 0x76, 
	0x77, 0x98, 0x99, 0x99, 0x89, 0x99, 0x88, 0x87, 
	0x99, 0x98, 0x88, 0x89, 0xa9, 0x87, 0x78, 0x98, 
	0x99, 0x88, 0x78, 0x88, 0x88, 0x88, 0x88, 0x89, 
	0x88, 0x88, 0x88, 0x88, 0x78, 0x88, 0x88, 0x87, 
	0x67, 0x88, 0x99, 0x99, 0x89, 0xa9, 0x98, 0x99, 
	0x88, 0x8a, 0xa9, 0x99, 0x99, 0x99, 0x89, 0x98, 
	0x9a, 0x98, 0x88, 0x89, 0x88, 0x88, 0x88, 0x8a, 
	0x89, 0x88, 0x78, 0x88, 0x99, 0x88, 0x89, 0x87, 
	0x77, 0x89, 0x9a, 0x9a, 0x98, 0x99, 0x98, 0x99, 
	0x87, 0x99, 0x99, 0x89, 0x99, 0xaa, 0x98, 0x88, 
	0x99, 0x98, 0x88, 0x89, 0x99, 0x99, 0x88, 0x89, 
	0x88, 0x88, 0x99, 0x98, 0x78, 0x89, 0x89, 0x88, 
	0x78, 0x89, 0x89, 0x9a, 0x99, 0x99, 0x99, 0x98, 
	0x88, 0x87, 0x88, 0x99, 0xaa, 0xaa, 0xaa, 0x99, 
	0x88, 0x88, 0x98, 0x89, 0x98, 0x89, 0x99, 0x88, 
	0x88, 0x8a, 0xa8, 0x87, 0x68, 0x78, 0xa9, 0x97, 
	0x88, 0x89, 0x97, 0x99, 0x99, 0x89, 0x99, 0x98, 
	0x9a, 0x98, 0x8a, 0x99, 0xaa, 0x99, 0x8a, 0x88, 
	0x88, 0x88, 0x88, 0x98, 0x88, 0x89, 0x99, 0x88, 
	0x89, 0xa9, 0x99, 0x87, 0x78, 0x79, 0x89, 0x97, 
	0x88, 0x88, 0x87, 0x88, 0x99, 0x99, 0x98, 0x89, 
	0x9b, 0xa9, 0x9a, 0x99, 0x99, 0x98, 0x88, 0x77, 
	0x88, 0x88, 0x88, 0x98, 0x88, 0x99, 0x99, 0x99, 
	0x88, 0x99, 0x99, 0x97, 0x77, 0x78, 0x87, 0x97, 
	0x88, 0x78, 0x78, 0x77, 0x89, 0xaa, 0x99, 0x9a, 
	0xaa, 0xa9, 0x9a, 0xa9, 0xa9, 0x98, 0x88, 0x78, 
	0x89, 0x99, 0x98, 0x99, 0x89, 0x89, 0x99, 0x99, 
	0x88, 0x99, 0x98, 0x97, 0x67, 0x78, 0x88, 0x89, 
	0x88, 0x99, 0x88, 0x86, 0x69, 0x99, 0xaa, 0xaa, 
	0xaa, 0xbb, 0x9a, 0xa9, 0x99, 0x9a, 0x98, 0x88, 
	0x88, 0x89, 0x99, 0x99, 0x99, 0x98, 0x99, 0x88, 
	0x89, 0x99, 0x88, 0x88, 0x68, 0x77, 0x88, 0x88, 
	0x99, 0x98, 0x98, 0x97, 0x68, 0x99, 0xaa, 0xbb, 
	0xcb, 0xbb, 0xaa, 0xa9, 0x88, 0x99, 0x88, 0x7a, 
	0xa9, 0x87, 0x89, 0x99, 0x99, 0x98, 0x89, 0x88, 
	0x88, 0x98, 0x77, 0x77, 0x76, 0x77, 0x89, 0x87, 
	0x88, 0x88, 0x88, 0x88, 0x68, 0x99, 0x9a, 0xbb, 
	0xbb, 0xbb, 0xba, 0xa9, 0x99, 0x89, 0x97, 0x9a, 
	0x99, 0x88, 0x89, 0x98, 0x89, 0x88, 0x88, 0x98, 
	0x98, 0x88, 0x87, 0x66, 0x66, 0x77, 0x88, 0x98, 
	0x88, 0x88, 0x88, 0x88, 0x78, 0x98, 0x98, 0x8a, 
	0xbb, 0xa9, 0x9a, 0x99, 0x99, 0xa9, 0x85, 0x8a, 
	0x98, 0x99, 0x8a, 0x99, 0x99, 0x98, 0x89, 0x99, 
	0x77, 0x88, 0x77, 0x76, 0x66, 0x77, 0xa9, 0x98, 
	0x89, 0x87, 0x88, 0x87, 0x77, 0x87, 0x99, 0x88, 
	0xaa, 0x99, 0x99, 0x89, 0xaa, 0xaa, 0x86, 0x79, 
	0x99, 0xa9, 0x99, 0x9a, 0xa9, 0x98, 0x89, 0x89, 
	0x88, 0x88, 0x88, 0x66, 0x77, 0x66, 0x88, 0x88, 
	0x88, 0x88, 0x88, 0x97, 0x89, 0x88, 0x87, 0x88, 
	0x9a, 0x99, 0x99, 0x99, 0x99, 0x88, 0x87, 0x89, 
	0x89, 0x98, 0x89, 0x89, 0x99, 0x88, 0x88, 0x89, 
	0x77, 0x78, 0x78, 0x66, 0x67, 0x76, 0x87, 0x87, 
	0x78, 0x88, 0x88, 0x87, 0x88, 0x77, 0x87, 0x79, 
	0x88, 0x89, 0xaa, 0x99, 0x88, 0x78, 0x97, 0x88, 
	0x88, 0x99, 0x99, 0x99, 0x98, 0x87, 0x78, 0x88, 
	0x66, 0x67, 0x77, 0x76, 0x77, 0x97, 0x77, 0x77, 
	0x67, 0x77, 0x77, 0x77, 0x88, 0x77, 0x77, 0x67, 
	0x77, 0x77, 0x77, 0x77, 0x88, 0x87, 0x77, 0x78, 
	0x65, 0x68, 0x88, 0x99, 0x98, 0x87, 0x77, 0x77, 
	0x67, 0x66, 0x77, 0x77, 0x76, 0x67, 0x66, 0x76, 
	0x56, 0x67, 0x77, 0x77, 0x87, 0x76, 0x67, 0x67, 
	0x76, 0x66, 0x67, 0x77, 0x77, 0x77, 0x76, 0x78, 
	0x75, 0x67, 0x77, 0x88, 0x88, 0x77, 0x77, 0x77, 
	0x66, 0x79, 0x86, 0x66, 0x56, 0x77, 0x66, 0x76, 
	0x66, 0x67, 0x87, 0x67, 0x77, 0x77, 0x77, 0x76, 
	0x76, 0x66, 0x77, 0x77, 0x88, 0x77, 0x86, 0x88, 
	0x86, 0x67, 0x78, 0x78, 0x87, 0x87, 0x77, 0x78, 
	0x65, 0x78, 0x89, 0x97, 0x76, 0x77, 0x86, 0x77, 
	0x77, 0x77, 0x77, 0x87, 0x77, 0x77, 0x88, 0x87, 
	0x77, 0x77, 0x78, 0x87, 0x88, 0x89, 0x87, 0x88, 
	0x98, 0x88, 0x88, 0x88, 0x88, 0x88, 0x78, 0x78, 
	0x86, 0x88, 0x79, 0x98, 0x89, 0x87, 0x87, 0x78, 
	0x78, 0x88, 0x77, 0x88, 0x87, 0x88, 0x99, 0x87, 
	0x88, 0x78, 0x78, 0x87, 0x89, 0x99, 0x99, 0x89, 
	0x99, 0x98, 0x88, 0x88, 0x89, 0x99, 0x89, 0x98, 
	0x67, 0x9a, 0x99, 0x89, 0x98, 0x88, 0x87, 0x77, 
	0x79, 0x88, 0x88, 0x88, 0x88, 0x88, 0x99, 0x88, 
	0x87, 0x77, 0x87, 0x88, 0x78, 0x99, 0x89, 0x7a, 
	0xa9, 0x99, 0x98, 0x88, 0x88, 0x89, 0x99, 0x88, 
	0x66, 0x78, 0x99, 0x87, 0x77, 0x77, 0x77, 0x76, 
	0x88, 0x78, 0x98, 0x87, 0x78, 0x88, 0x89, 0x98, 
	0x87, 0x77, 0x77, 0x77, 0x78, 0x99, 0x89, 0x88, 
	0xbb, 0x99, 0x98, 0x88, 0x77, 0x78, 0x77, 0x78, 
	0x66, 0x66, 0x66, 0x77, 0x66, 0x76, 0x67, 0x66, 
	0x78, 0x89, 0x99, 0x97, 0x76, 0x78, 0x88, 0x88, 
	0x86, 0x67, 0x77, 0x66, 0x68, 0x99, 0x88, 0x86, 
	0x9a, 0xa8, 0x88, 0x78, 0x76, 0x76, 0x66, 0x67, 
	0x66, 0x66, 0x57, 0x77, 0x87, 0x67, 0x77, 0x87, 
	0x78, 0x88, 0x99, 0x87, 0x65, 0x78, 0x77, 0x87, 
	0x77, 0x66, 0x76, 0x66, 0x57, 0x89, 0x88, 0x76, 
	0x79, 0x99, 0x98, 0x76, 0x76, 0x66, 0x66, 0x66, 
	0x66, 0x67, 0x66, 0x66, 0x77, 0x88, 0x77, 0x88, 
	0x99, 0x98, 0x98, 0x87, 0x66, 0x77, 0x77, 0x76, 
	0x66, 0x67, 0x66, 0x66, 0x55, 0x78, 0x87, 0x66, 
	0x69, 0x89, 0x98, 0x87, 0x77, 0x77, 0x66, 0x66, 
	0x56, 0x66, 0x66, 0x66, 0x67, 0x78, 0x77, 0x66, 
	0x77, 0x78, 0x88, 0x77, 0x76, 0x66, 0x66, 0x76, 
	0x67, 0x66, 0x66, 0x67, 0x65, 0x78, 0x66, 0x55, 
	0x68, 0x88, 0x98, 0x77, 0x77, 0x67, 0x66, 0x77, 
	0x56, 0x67, 0x76, 0x66, 0x66, 0x66, 0x66, 0x66, 
	0x66, 0x67, 0x88, 0x77, 0x77, 0x66, 0x66, 0x66, 
	0x66, 0x66, 0x66, 0x56, 0x65, 0x66, 0x66, 0x45, 
	0x57, 0x88, 0x88, 0x77, 0x68, 0x77, 0x66, 0x67, 
	0x56, 0x67, 0x66, 0x65, 0x56, 0x66, 0x66, 0x65, 
	0x66, 0x67, 0x77, 0x76, 0x66, 0x67, 0x66, 0x67, 
	0x66, 0x66, 0x66, 0x66, 0x65, 0x66, 0x67, 0x45, 
	0x56, 0x77, 0x87, 0x77, 0x78, 0x87, 0x76, 0x77, 
	0x56, 0x77, 0x67, 0x65, 0x66, 0x67, 0x77, 0x76, 
	0x66, 0x66, 0x76, 0x77, 0x67, 0x67, 0x76, 0x67, 
	0x66, 0x76, 0x77, 0x76, 0x66, 0x66, 0x66, 0x55, 
	0x66, 0x78, 0x87, 0x77, 0x77, 0x77, 0x76, 0x77, 
	0x66, 0x67, 0x76, 0x65, 0x56, 0x66, 0x67, 0x76, 
	0x77, 0x76, 0x67, 0x67, 0x67, 0x77, 0x77, 0x77, 
	0x77, 0x76, 0x78, 0x76, 0x67, 0x78, 0x87, 0x66, 
	0x67, 0x78, 0x88, 0x87, 0x78, 0x77, 0x66, 0x77, 
	0x66, 0x77, 0x66, 0x66, 0x56, 0x66, 0x76, 0x77, 
	0x76, 0x88, 0x77, 0x77, 0x66, 0x77, 0x77, 0x77, 
	0x78, 0x77, 0x77, 0x77, 0x78, 0x77, 0x86, 0x66, 
	0x77, 0x77, 0x88, 0x87, 0x88, 0x78, 0x77, 0x66, 
	0x66, 0x77, 0x66, 0x66, 0x66, 0x66, 0x67, 0x66, 
	0x77, 0x77, 0x88, 0x87, 0x66, 0x78, 0x77, 0x77, 
	0x87, 0x77, 0x77, 0x78, 0x87, 0x77, 0x76, 0x68, 
	0x88, 0x66, 0x88, 0x77, 0x78, 0x78, 0x98, 0x76, 
	0x66, 0x66, 0x65, 0x56, 0x55, 0x56, 0x66, 0x76, 
	0x66, 0x66, 0x77, 0x77, 0x66, 0x77, 0x77, 0x77, 
	0x77, 0x87, 0x78, 0x88, 0x78, 0x67, 0x75, 0x67, 
	0x78, 0x77, 0x78, 0x77, 0x78, 0x77, 0x88, 0x76, 
	0x56, 0x66, 0x65, 0x55, 0x55, 0x66, 0x77, 0x76, 
	0x77, 0x67, 0x67, 0x77, 0x66, 0x76, 0x76, 0x67, 
	0x77, 0x77, 0x87, 0x77, 0x77, 0x77, 0x75, 0x76, 
	0x77, 0x77, 0x67, 0x77, 0x77, 0x76, 0x66, 0x76, 
	0x55, 0x55, 0x55, 0x55, 0x55, 0x55, 0x66, 0x66, 
	0x66, 0x66, 0x66, 0x76, 0x66, 0x77, 0x77, 0x76, 
	0x76, 0x66, 0x77, 0x77, 0x77, 0x77, 0x65, 0x57, 
	0x77, 0x76, 0x66, 0x67, 0x77, 0x77, 0x66, 0x65, 
	0x66, 0x66, 0x66, 0x65, 0x66, 0x55, 0x65, 0x66, 
	0x56, 0x66, 0x67, 0x76, 0x66, 0x77, 0x76, 0x76, 
	0x66, 0x67, 0x77, 0x77, 0x77, 0x77, 0x65, 0x67, 
	0x78, 0x77, 0x76, 0x78, 0x77, 0x77, 0x66, 0x77, 
	0x76, 0x76, 0x66, 0x66, 0x56, 0x66, 0x77, 0x77, 
	0x66, 0x77, 0x77, 0x67, 0x77, 0x77, 0x77, 0x77, 
	0x78, 0x78, 0x89, 0x88, 0x78, 0x77, 0x87, 0x78, 
	0x78, 0x88, 0x88, 0x88, 0x88, 0x77, 0x66, 0x77, 
	0x77, 0x78, 0x77, 0x78, 0x66, 0x78, 0x78, 0x77, 
	0x77, 0x78, 0x87, 0x67, 0x87, 0x68, 0x88, 0x87, 
	0x88, 0x88, 0x98, 0x78, 0x88, 0x87, 0x87, 0x78, 
	0x77, 0x88, 0x89, 0x89, 0xa9, 0x98, 0x87, 0x77, 
	0x88, 0x78, 0x77, 0x78, 0x77, 0x78, 0x88, 0x78, 
	0x78, 0x89, 0x87, 0x77, 0x87, 0x77, 0x88, 0x88, 
	0x88, 0x89, 0x99, 0x88, 0x88, 0x88, 0x87, 0x88, 
	0x88, 0x99, 0x88, 0x88, 0x99, 0x99, 0x98, 0x77, 
	0x77, 0x78, 0x77, 0x76, 0x76, 0x78, 0x87, 0x87, 
	0x77, 0x89, 0x97, 0x77, 0x77, 0x88, 0x99, 0x98, 
	0x88, 0x88, 0x89, 0x87, 0x98, 0x89, 0x97, 0x88, 
	0x89, 0x88, 0x87, 0x77, 0x8a, 0x98, 0x88, 0x77, 
	0x66, 0x77, 0x77, 0x87, 0x77, 0x77, 0x88, 0x87, 
	0x88, 0x88, 0x67, 0x77, 0x77, 0x88, 0x99, 0x88, 
	0x88, 0x88, 0x98, 0x98, 0x89, 0x99, 0x98, 0x88, 
	0x89, 0x88, 0x87, 0x77, 0x78, 0x98, 0x88, 0x88, 
	0x66, 0x78, 0x77, 0x77, 0x78, 0x77, 0x88, 0x78, 
	0x77, 0x77, 0x67, 0x77, 0x77, 0x88, 0x99, 0x88, 
	0x88, 0x88, 0x87, 0x88, 0x98, 0x99, 0x88, 0x88, 
	0x88, 0x88, 0x88, 0x77, 0x77, 0x88, 0x87, 0x78, 
	0x76, 0x78, 0x77, 0x87, 0x87, 0x77, 0x78, 0x88, 
	0x88, 0x88, 0x77, 0x77, 0x77, 0x78, 0x99, 0x88, 
	0x88, 0x88, 0x87, 0x88, 0x78, 0x98, 0x88, 0x88, 
	0x88, 0x88, 0x77, 0x77, 0x88, 0x78, 0x78, 0x87, 
	0x78, 0x88, 0x87, 0x78, 0x77, 0x87, 0x99, 0x88, 
	0x88, 0x88, 0x87, 0x76, 0x77, 0x78, 0x99, 0x98, 
	0x88, 0x98, 0x88, 0x87, 0x78, 0x98, 0x88, 0x88, 
	0x88, 0x88, 0x88, 0x77, 0x67, 0x78, 0x88, 0x88, 
	0x78, 0x98, 0x88, 0x99, 0x88, 0x88, 0x89, 0x99, 
	0x87, 0x77, 0x67, 0x88, 0x77, 0x78, 0x99, 0x98, 
	0x88, 0x89, 0x98, 0x88, 0x78, 0x88, 0x78, 0x87, 
	0x88, 0x88, 0x98, 0x88, 0x67, 0x77, 0x88, 0x87, 
	0x77, 0x78, 0x78, 0x98, 0x89, 0x88, 0x89, 0x88, 
	0x87, 0x87, 0x87, 0x89, 0x98, 0x89, 0x99, 0x98, 
	0x98, 0x88, 0x88, 0x88, 0x88, 0x99, 0x88, 0x77, 
	0x88, 0x88, 0x88, 0x77, 0x78, 0x78, 0x88, 0x97, 
	0x77, 0x78, 0x76, 0x78, 0x89, 0x98, 0x99, 0x99, 
	0x97, 0x77, 0x87, 0x99, 0x98, 0x88, 0x99, 0x99, 
	0x98, 0x88, 0x77, 0x78, 0x88, 0x99, 0x87, 0x77, 
	0x77, 0x88, 0x88, 0x87, 0x76, 0x77, 0x76, 0x88, 
	0x88, 0x78, 0x87, 0x78, 0x88, 0x76, 0x78, 0x99, 
	0x88, 0x88, 0x88, 0x99, 0x99, 0x88, 0x89, 0x88, 
	0x87, 0x77, 0x87, 0x77, 0x78, 0x98, 0x88, 0x77, 
	0x78, 0x89, 0x99, 0x97, 0x66, 0x77, 0x77, 0x78, 
	0x99, 0x77, 0x87, 0x88, 0x89, 0x75, 0x78, 0x88, 
	0x88, 0x89, 0x88, 0x89, 0x88, 0x88, 0x88, 0x88, 
	0x88, 0x87, 0x87, 0x77, 0x77, 0x88, 0x88, 0x88, 
	0x88, 0x99, 0x98, 0x88, 0x77, 0x77, 0x77, 0x77, 
	0x97, 0x67, 0x88, 0x78, 0x88, 0x88, 0x88, 0x88, 
	0x98, 0x98, 0x88, 0x77, 0x89, 0x89, 0x89, 0x88, 
	0x78, 0x78, 0x78, 0x87, 0x87, 0x78, 0x87, 0x88, 
	0x88, 0x99, 0x97, 0x87, 0x77, 0x77, 0x78, 0x86, 
	0x87, 0x77, 0x77, 0x77, 0x78, 0x88, 0x98, 0x88, 
	0x99, 0x99, 0x88, 0x79, 0x99, 0x88, 0x88, 0x88, 
	0x88, 0x88, 0x77, 0x77, 0x77, 0x77, 0x77, 0x77, 
	0x77, 0x78, 0x87, 0x76, 0x56, 0x77, 0x86, 0x76, 
	0x66, 0x66, 0x77, 0x77, 0x77, 0x78, 0x77, 0x78, 
	0x78, 0x88, 0x88, 0x78, 0x88, 0x87, 0x88, 0x87, 
	0x87, 0x77, 0x66, 0x66, 0x66, 0x56, 0x66, 0x67, 
	0x77, 0x77, 0x77, 0x76, 0x55, 0x66, 0x88, 0x87, 
	0x66, 0x76, 0x77, 0x76, 0x56, 0x77, 0x77, 0x77, 
	0x77, 0x77, 0x77, 0x88, 0x78, 0x77, 0x77, 0x77, 
	0x77, 0x66, 0x66, 0x56, 0x66, 0x55, 0x66, 0x56, 
	0x77, 0x67, 0x77, 0x66, 0x65, 0x65, 0x66, 0x77, 
	0x66, 0x77, 0x77, 0x66, 0x55, 0x66, 0x65, 0x56, 
	0x66, 0x77, 0x77, 0x88, 0x87, 0x87, 0x77, 0x77, 
	0x76, 0x66, 0x66, 0x56, 0x56, 0x55, 0x67, 0x76, 
	0x66, 0x67, 0x66, 0x55, 0x56, 0x65, 0x76, 0x77, 
	0x77, 0x77, 0x76, 0x66, 0x65, 0x67, 0x66, 0x66, 
	0x77, 0x77, 0x77, 0x77, 0x77, 0x77, 0x77, 0x77, 
	0x77, 0x77, 0x77, 0x77, 0x77, 0x76, 0x77, 0x75, 
	0x66, 0x67, 0x77, 0x76, 0x67, 0x76, 0x67, 0x77, 
	0x67, 0x76, 0x66, 0x55, 0x67, 0x67, 0x66, 0x67, 
	0x77, 0x77, 0x76, 0x67, 0x76, 0x65, 0x67, 0x77, 
	0x77, 0x78, 0x87, 0x77, 0x78, 0x78, 0x87, 0x77, 
	0x76, 0x76, 0x77, 0x67, 0x77, 0x77, 0x66, 0x76, 
	0x55, 0x65, 0x55, 0x55, 0x55, 0x56, 0x65, 0x67, 
	0x77, 0x67, 0x76, 0x76, 0x66, 0x65, 0x56, 0x67, 
	0x86, 0x77, 0x77, 0x76, 0x77, 0x66, 0x77, 0x76, 
	0x76, 0x67, 0x66, 0x66, 0x66, 0x66, 0x66, 0x66, 
	0x55, 0x55, 0x45, 0x55, 0x65, 0x56, 0x66, 0x66, 
	0x67, 0x66, 0x66, 0x77, 0x66, 0x66, 0x67, 0x77, 
	0x66, 0x66, 0x77, 0x76, 0x77, 0x66, 0x66, 0x67, 
	0x66, 0x66, 0x67, 0x66, 0x66, 0x55, 0x66, 0x66, 
	0x66, 0x66, 0x66, 0x65, 0x66, 0x66, 0x66, 0x56, 
	0x67, 0x77, 0x77, 0x77, 0x77, 0x76, 0x78, 0x78, 
	0x76, 0x67, 0x77, 0x77, 0x77, 0x77, 0x77, 0x87, 
	0x77, 0x77, 0x77, 0x66, 0x77, 0x66, 0x76, 0x76, 
	0x66, 0x77, 0x66, 0x77, 0x66, 0x77, 0x77, 0x76, 
	0x67, 0x77, 0x88, 0x88, 0x88, 0x87, 0x98, 0x88, 
	0x86, 0x77, 0x87, 0x88, 0x88, 0x87, 0x68, 0x98, 
	0x88, 0x88, 0x88, 0x88, 0x88, 0x66, 0x77, 0x87, 
	0x67, 0x67, 0x77, 0x77, 0x77, 0x77, 0x77, 0x77, 
	0x78, 0x88, 0x89, 0x98, 0x88, 0x88, 0x99, 0x88, 
	0x97, 0x77, 0x88, 0x89, 0x98, 0x87, 0x78, 0x88, 
	0x88, 0x88, 0x88, 0x98, 0x88, 0x87, 0x78, 0x87, 
	0x67, 0x77, 0x77, 0x77, 0x77, 0x78, 0x78, 0x87, 
	0x78, 0x88, 0x88, 0x88, 0x88, 0x99, 0x98, 0x88, 
	0x87, 0x77, 0x87, 0x89, 0x99, 0x98, 0x88, 0x88, 
	0x88, 0x98, 0x98, 0x98, 0x88, 0x88, 0x67, 0x88, 
	0x67, 0x67, 0x77, 0x77, 0x87, 0x77, 0x78, 0x87, 
	0x78, 0x88, 0x88, 0x89, 0x99, 0x99, 0x89, 0x88, 
	0x98, 0x98, 0x88, 0x88, 0x99, 0x88, 0x88, 0x88, 
	0x88, 0x98, 0x89, 0x88, 0x88, 0x87, 0x67, 0x77, 
	0x77, 0x77, 0x77, 0x77, 0x77, 0x87, 0x87, 0x88, 
	0x88, 0x88, 0x88, 0x88, 0x89, 0x99, 0x98, 0x88, 
	0x89, 0x88, 0x88, 0x78, 0x88, 0x88, 0x88, 0x88, 
	0x88, 0x88, 0x98, 0x88, 0x88, 0x88, 0x87, 0x88, 
	0x88, 0x78, 0x87, 0x77, 0x78, 0x78, 0x88, 0x88, 
	0x88, 0x88, 0x88, 0x87, 0x89, 0x99, 0x99, 0x97, 
	0x98, 0x87, 0x87, 0x88, 0x88, 0x88, 0x89, 0x9a, 
	0x9a, 0xa9, 0x99, 0x89, 0x88, 0x76, 0x87, 0x88, 
	0x77, 0x88, 0x87, 0x77, 0x78, 0x78, 0x88, 0x87, 
	0x88, 0x77, 0x77, 0x78, 0x87, 0x89, 0x98, 0x77, 
	0x88, 0x77, 0x78, 0x77, 0x87, 0x87, 0x99, 0x98, 
	0x88, 0x88, 0x88, 0x88, 0x67, 0x66, 0x76, 0x87, 
	0x76, 0x77, 0x77, 0x77, 0x66, 0x77, 0x87, 0x88, 
	0x77, 0x77, 0x76, 0x77, 0x77, 0x88, 0x87, 0x77, 
	0x77, 0x77, 0x77, 0x77, 0x77, 0x77, 0x78, 0x99, 
	0x88, 0x88, 0x87, 0x78, 0x67, 0x76, 0x66, 0x66, 
	0x66, 0x66, 0x76, 0x76, 0x67, 0x67, 0x77, 0x67, 
	0x77, 0x66, 0x67, 0x77, 0x67, 0x77, 0x77, 0x66, 
	0x76, 0x77, 0x77, 0x77, 0x67, 0x65, 0x57, 0x78, 
	0x88, 0x77, 0x87, 0x77, 0x78, 0x76, 0x76, 0x66, 
	0x77, 0x77, 0x77, 0x76, 0x67, 0x77, 0x66, 0x77, 
	0x76, 0x66, 0x78, 0x77, 0x77, 0x77, 0x66, 0x66, 
	0x66, 0x67, 0x77, 0x77, 0x77, 0x76, 0x56, 0x77, 
	0x88, 0x88, 0x77, 0x77, 0x77, 0x77, 0x76, 0x76, 
	0x87, 0x78, 0x77, 0x77, 0x88, 0x88, 0x88, 0x88, 
	0x77, 0x87, 0x88, 0x77, 0x78, 0x88, 0x77, 0x76, 
	0x66, 0x77, 0x77, 0x77, 0x77, 0x67, 0x57, 0x87, 
	0x88, 0x98, 0x87, 0x77, 0x78, 0x87, 0x78, 0x77, 
	0x88, 0x88, 0x87, 0x78, 0x88, 0x88, 0x88, 0x88, 
	0x78, 0x88, 0x88, 0x88, 0x88, 0x88, 0x78, 0x87, 
	0x77, 0x77, 0x88, 0x88, 0x77, 0x77, 0x77, 0x87, 
	0x88, 0x89, 0x99, 0x99, 0x89, 0x88, 0x88, 0x88, 
	0x88, 0x89, 0x88, 0x79, 0x89, 0x88, 0x98, 0x88, 
	0x89, 0x88, 0x89, 0x88, 0x89, 0x88, 0x77, 0x77, 
	0x79, 0x98, 0x88, 0x88, 0x88, 0x88, 0x77, 0x96, 
	0x89, 0x88, 0x99, 0x88, 0x98, 0x89, 0x99, 0x99, 
	0x88, 0x99, 0x98, 0x88, 0x88, 0x88, 0x89, 0x88, 
	0x88, 0x88, 0x88, 0x87, 0x88, 0x88, 0x77, 0x88, 
	0x88, 0x98, 0x89, 0x88, 0x87, 0x88, 0x88, 0x98, 
	0x88, 0x98, 0x88, 0x99, 0x98, 0x88, 0x88, 0x99, 
	0x99, 0x88, 0x98, 0x98, 0x88, 0x89, 0x88, 0x77, 
	0x88, 0x88, 0x88, 0x88, 0x97, 0x77, 0x77, 0x88, 
	0x88, 0x89, 0x89, 0x99, 0x89, 0x98, 0x99, 0x99, 
	0x98, 0x89, 0x98, 0x99, 0x99, 0x98, 0x88, 0x99, 
	0x89, 0x88, 0x89, 0x98, 0x88, 0x88, 0x88, 0x78, 
	0x88, 0x88, 0x88, 0x88, 0x87, 0x77, 0x77, 0x88, 
	0x88, 0x88, 0x88, 0x98, 0x88, 0x88, 0x99, 0x99, 
	0x99, 0x88, 0x98, 0x88, 0x99, 0x89, 0x89, 0x99, 
	0x89, 0x98, 0x89, 0x99, 0x99, 0x88, 0x88, 0x78, 
	0x88, 0x78, 0x77, 0x78, 0x87, 0x77, 0x77, 0x88, 
	0x77, 0x77, 0x77, 0x88, 0x99, 0x89, 0xa9, 0x99, 
	0x99, 0x99, 0x99, 0x88, 0x89, 0x89, 0x89, 0x99, 
	0x87, 0x88, 0x99, 0x89, 0x88, 0x88, 0x88, 0x88, 
	0x88, 0x88, 0x88, 0x88, 0x87, 0x77, 0x78, 0x88, 
	0x77, 0x77, 0x77, 0x79, 0x99, 0x88, 0x99, 0x98, 
	0x99, 0x98, 0x98, 0x89, 0x98, 0x88, 0x89, 0x98, 
	0x77, 0x88, 0x88, 0x88, 0x88, 0x88, 0x89, 0x88, 
	0x79, 0x98, 0x88, 0x88, 0x88, 0x87, 0x78, 0x78, 
	0x87, 0x77, 0x77, 0x87, 0x88, 0x88, 0x88, 0x88, 
	0x9a, 0x99, 0x98, 0x98, 0x99, 0x88, 0x88, 0x98, 
	0x67, 0x88, 0x89, 0x88, 0x88, 0x77, 0x78, 0x87, 
	0x89, 0x99, 0x98, 0x87, 0x89, 0x88, 0x78, 0x87, 
	0x87, 0x77, 0x77, 0x88, 0x88, 0x88, 0x87, 0x89, 
	0x99, 0x99, 0x99, 0x89, 0x99, 0x98, 0x87, 0x77, 
	0x78, 0x78, 0x88, 0x88, 0x88, 0x88, 0x88, 0x88, 
	0x88, 0x88, 0x88, 0x78, 0x88, 0x87, 0x78, 0x88, 
	0x88, 0x77, 0x78, 0x88, 0x88, 0x88, 0x88, 0x78, 
	0x89, 0x98, 0x99, 0x89, 0x99, 0x99, 0x88, 0x88, 
	0x88, 0x77, 0x77, 0x77, 0x88, 0x88, 0x88, 0x88, 
	0x88, 0x98, 0x88, 0x88, 0x97, 0x77, 0x78, 0x99, 
	0x88, 0x87, 0x89, 0x88, 0x98, 0x88, 0x88, 0x88, 
	0x88, 0x88, 0x89, 0x88, 0x98, 0x98, 0x78, 0x88, 
	0x79, 0x76, 0x68, 0x88, 0x98, 0x88, 0x88, 0x88, 
	0x89, 0x99, 0x99, 0x99, 0x99, 0x77, 0x78, 0x88, 
	0x88, 0x77, 0x89, 0x99, 0xaa, 0x99, 0x88, 0x88, 
	0x88, 0x98, 0x88, 0x89, 0x89, 0x98, 0x88, 0x89, 
	0x88, 0x87, 0x68, 0x88, 0x99, 0x88, 0x78, 0x88, 
	0x99, 0x99, 0x99, 0x99, 0x98, 0x87, 0x88, 0x89, 
	0x88, 0x98, 0x77, 0x79, 0xa9, 0x99, 0x98, 0x99, 
	0x89, 0x89, 0x98, 0x88, 0x99, 0x99, 0x87, 0x88, 
	0x78, 0x78, 0x77, 0x88, 0x89, 0x88, 0x89, 0x89, 
	0x89, 0x99, 0x99, 0x99, 0x98, 0x88, 0x88, 0x99, 
	0x99, 0x9a, 0xaa, 0x98, 0x88, 0x88, 0x88, 0x89, 
	0x99, 0x99, 0x88, 0x88, 0x88, 0x89, 0x87, 0x88, 
	0x78, 0x78, 0x77, 0x78, 0x89, 0x89, 0x89, 0x99, 
	0x89, 0x99, 0xa9, 0x99, 0x98, 0x88, 0x88, 0x89, 
	0x99, 0x98, 0x99, 0x89, 0x89, 0x88, 0x88, 0x88, 
	0x89, 0xa9, 0x99, 0x98, 0x98, 0x89, 0x87, 0x87, 
	0x78, 0x78, 0x76, 0x68, 0x78, 0x89, 0x88, 0x98, 
	0x99, 0x99, 0x89, 0x88, 0x98, 0x88, 0x89, 0x99, 
	0x99, 0x88, 0x88, 0x88, 0x88, 0x89, 0x99, 0x88, 
	0x88, 0x88, 0x99, 0x88, 0x88, 0x88, 0x77, 0x77, 
	0x77, 0x78, 0x76, 0x68, 0x88, 0x88, 0x89, 0x99, 
	0x99, 0x88, 0x89, 0x98, 0x88, 0x78, 0x89, 0x99, 
	0x99, 0x88, 0x88, 0x99, 0x99, 0x99, 0x99, 0x88, 
	0x88, 0x88, 0x78, 0x88, 0x88, 0x87, 0x87, 0x88, 
	0x87, 0x78, 0x76, 0x68, 0x98, 0x88, 0x99, 0x99, 
	0x99, 0x99, 0x99, 0x98, 0x88, 0x87, 0x88, 0x99, 
	0x99, 0x98, 0x88, 0x87, 0x88, 0x89, 0x99, 0x88, 
	0x88, 0x78, 0x88, 0x88, 0x89, 0x99, 0x88, 0x88, 
	0x76, 0x77, 0x66, 0x68, 0x88, 0x97, 0x88, 0x87, 
	0x99, 0x88, 0x89, 0x99, 0x88, 0x77, 0x78, 0x88, 
	0x99, 0x98, 0x88, 0x87, 0x78, 0x88, 0x88, 0x98, 
	0x98, 0x88, 0x88, 0x88, 0x88, 0x98, 0x88, 0x88, 
	0x66, 0x88, 0x76, 0x57, 0x88, 0x86, 0x78, 0x76, 
	0x88, 0x88, 0x88, 0x99, 0x88, 0x78, 0x78, 0x78, 
	0x89, 0x98, 0x77, 0x88, 0x88, 0x87, 0x67, 0x87, 
	0x88, 0x88, 0x88, 0x77, 0x78, 0x77, 0x88, 0x76, 
	0x77, 0x87, 0x66, 0x67, 0x77, 0x77, 0x67, 0x77, 
	0x77, 0x87, 0x78, 0x88, 0x87, 0x77, 0x77, 0x66, 
	0x89, 0x88, 0x87, 0x77, 0x77, 0x78, 0x76, 0x88, 
	0x88, 0x87, 0x88, 0x77, 0x77, 0x77, 0x77, 0x76, 
	0x67, 0x87, 0x76, 0x67, 0x87, 0x77, 0x66, 0x77, 
	0x87, 0x78, 0x78, 0x87, 0x78, 0x76, 0x77, 0x66, 
	0x67, 0x88, 0x77, 0x77, 0x77, 0x77, 0x77, 0x88, 
	0x88, 0x88, 0x87, 0x77, 0x77, 0x77, 0x78, 0x67, 
	0x77, 0x87, 0x66, 0x67, 0x88, 0x87, 0x77, 0x77, 
	0x88, 0x88, 0x88, 0x88, 0x78, 0x77, 0x77, 0x67, 
	0x77, 0x87, 0x77, 0x87, 0x77, 0x77, 0x77, 0x88, 
	0x88, 0x78, 0x88, 0x87, 0x77, 0x77, 0x88, 0x76, 
	0x87, 0x88, 0x76, 0x78, 0x88, 0x87, 0x87, 0x78, 
	0x87, 0x88, 0x88, 0x87, 0x88, 0x88, 0x78, 0x77, 
	0x77, 0x79, 0x98, 0x88, 0x99, 0x88, 0x88, 0x88, 
	0x99, 0x89, 0x88, 0x98, 0x78, 0x77, 0x88, 0x99, 
	0x87, 0x88, 0x77, 0x79, 0x98, 0x88, 0x87, 0x78, 
	0x87, 0x88, 0x88, 0x98, 0x89, 0x98, 0x77, 0x77, 
	0x87, 0x78, 0xaa, 0x99, 0x9a, 0x99, 0x89, 0x98, 
	0x99, 0x99, 0x88, 0x88, 0x77, 0x88, 0x89, 0x88, 
	0x77, 0x88, 0x77, 0x89, 0x98, 0x88, 0x88, 0x88, 
	0x77, 0x77, 0x88, 0x88, 0x99, 0x98, 0x77, 0x78, 
	0x87, 0x77, 0x89, 0xa8, 0x98, 0x99, 0xa9, 0x99, 
	0x98, 0x89, 0x98, 0x76, 0x67, 0x78, 0x98, 0x98, 
	0x77, 0x88, 0x77, 0x88, 0x98, 0x88, 0x88, 0x89, 
	0x88, 0x89, 0x88, 0x88, 0x88, 0x88, 0x87, 0x67, 
	0x76, 0x77, 0x87, 0x99, 0x99, 0x9a, 0x99, 0x99, 
	0x98, 0x87, 0x87, 0x66, 0x56, 0x67, 0x78, 0x77, 
	0x56, 0x65, 0x55, 0x78, 0x76, 0x77, 0x77, 0x88, 
	0x87, 0x78, 0x88, 0x77, 0x66, 0x76, 0x66, 0x55, 
	0x65, 0x66, 0x66, 0x67, 0x88, 0x87, 0x88, 0x87, 
	0x67, 0x67, 0x66, 0x65, 0x56, 0x67, 0x67, 0x65, 
	0x66, 0x65, 0x55, 0x68, 0x76, 0x66, 0x76, 0x77, 
	0x77, 0x67, 0x76, 0x77, 0x77, 0x66, 0x66, 0x56, 
	0x65, 0x56, 0x66, 0x66, 0x77, 0x66, 0x66, 0x66, 
	0x76, 0x66, 0x66, 0x66, 0x56, 0x67, 0x76, 0x66, 
	0x66, 0x66, 0x65, 0x67, 0x76, 0x67, 0x77, 0x76, 
	0x67, 0x67, 0x76, 0x77, 0x77, 0x78, 0x87, 0x66, 
	0x67, 0x66, 0x77, 0x66, 0x76, 0x77, 0x66, 0x66, 
	0x76, 0x66, 0x66, 0x66, 0x66, 0x66, 0x67, 0x67, 
	0x66, 0x67, 0x76, 0x77, 0x87, 0x76, 0x76, 0x67, 
	0x66, 0x67, 0x77, 0x77, 0x77, 0x88, 0x88, 0x76, 
	0x67, 0x77, 0x67, 0x66, 0x66, 0x66, 0x66, 0x66, 
	0x66, 0x66, 0x66, 0x76, 0x65, 0x66, 0x66, 0x77, 
	0x77, 0x77, 0x87, 0x78, 0x77, 0x76, 0x77, 0x67, 
	0x77, 0x56, 0x67, 0x77, 0x88, 0x88, 0x88, 0x76, 
	0x66, 0x77, 0x76, 0x76, 0x55, 0x66, 0x66, 0x77, 
	0x66, 0x66, 0x66, 0x66, 0x66, 0x66, 0x66, 0x78, 
	0x77, 0x77, 0x87, 0x88, 0x86, 0x77, 0x77, 0x67, 
	0x77, 0x67, 0x76, 0x77, 0x87, 0x79, 0x98, 0x77, 
	0x67, 0x78, 0x77, 0x77, 0x76, 0x66, 0x67, 0x77, 
	0x77, 0x76, 0x66, 0x66, 0x66, 0x66, 0x67, 0x77, 
	0x86, 0x77, 0x77, 0x78, 0x87, 0x77, 0x77, 0x78, 
	0x87, 0x67, 0x77, 0x67, 0x77, 0x78, 0x98, 0x87, 
	0x77, 0x77, 0x87, 0x77, 0x77, 0x76, 0x77, 0x77, 
	0x77, 0x76, 0x65, 0x56, 0x66, 0x77, 0x67, 0x77, 
	0x98, 0x88, 0x88, 0x88, 0x88, 0x88, 0x88, 0x88, 
	0x88, 0x77, 0x78, 0x77, 0x78, 0x89, 0x99, 0x88, 
	0x87, 0x88, 0x88, 0x78, 0x88, 0x77, 0x67, 0x77, 
	0x77, 0x77, 0x77, 0x66, 0x66, 0x77, 0x77, 0x87, 
	0x88, 0x88, 0x87, 0x78, 0x77, 0x88, 0x88, 0x78, 
	0x98, 0x87, 0x88, 0x88, 0x87, 0x88, 0x88, 0x88, 
	0x88, 0x78, 0x87, 0x77, 0x88, 0x87, 0x77, 0x76, 
	0x77, 0x77, 0x77, 0x76, 0x67, 0x88, 0x88, 0x87, 
	0x98, 0x79, 0x99, 0x99, 0x88, 0x88, 0x87, 0x78, 
	0x99, 0x87, 0x88, 0x88, 0x88, 0x88, 0x88, 0x88, 
	0x87, 0x78, 0x78, 0x78, 0x78, 0x86, 0x66, 0x77, 
	0x77, 0x77, 0x77, 0x77, 0x77, 0x87, 0x78, 0x87, 
	0x76, 0x77, 0x89, 0xa9, 0x99, 0x99, 0x98, 0x88, 
	0x88, 0x87, 0x78, 0x88, 0x89, 0x88, 0x98, 0x88, 
	0x88, 0x88, 0x88, 0x77, 0x78, 0x87, 0x66, 0x77, 
	0x78, 0x88, 0x77, 0x77, 0x78, 0x87, 0x78, 0x87, 
	0x67, 0x77, 0x69, 0xa9, 0xaa, 0x99, 0x99, 0x99, 
	0x88, 0x77, 0x77, 0x87, 0x88, 0x88, 0x87, 0x87, 
	0x88, 0x78, 0x87, 0x78, 0x88, 0x87, 0x67, 0x77, 
	0x79, 0x88, 0x77, 0x78, 0x67, 0x77, 0x77, 0x78, 
	0x98, 0x98, 0x8a, 0xaa, 0x99, 0x88, 0x89, 0x99, 
	0x99, 0x98, 0x77, 0x88, 0x78, 0x88, 0x88, 0x77, 
	0x87, 0x88, 0x87, 0x78, 0x88, 0x87, 0x67, 0x88, 
	0x88, 0x89, 0x88, 0x88, 0x77, 0x77, 0x77, 0x77, 
	0xa9, 0x89, 0x89, 0x88, 0x66, 0x56, 0x77, 0x88, 
	0x89, 0xaa, 0x99, 0x99, 0x88, 0x88, 0x77, 0x77, 
	0x77, 0x78, 0x86, 0x88, 0x88, 0x88, 0x77, 0x88, 
	0x88, 0x88, 0x88, 0x88, 0x88, 0x77, 0x76, 0x67, 
	0x98, 0x88, 0x78, 0x77, 0x75, 0x45, 0x77, 0x88, 
	0x89, 0x9a, 0xaa, 0xaa, 0x99, 0x88, 0x88, 0x88, 
	0x77, 0x88, 0x78, 0x88, 0x78, 0x87, 0x77, 0x88, 
	0x99, 0x98, 0x88, 0x87, 0x78, 0x88, 0x88, 0x77, 
	0x88, 0x88, 0x88, 0x87, 0x66, 0x45, 0x77, 0x87, 
	0x79, 0x99, 0x99, 0x99, 0x99, 0x89, 0x98, 0x88, 
	0x88, 0x88, 0x78, 0x88, 0x88, 0x98, 0x77, 0x87, 
	0x97, 0x88, 0x88, 0x88, 0x88, 0x87, 0x77, 0x77, 
	0x98, 0x88, 0x78, 0x88, 0x66, 0x56, 0x87, 0x78, 
	0x89, 0x98, 0x99, 0x88, 0x88, 0x88, 0x88, 0x88, 
	0x99, 0x88, 0x76, 0x77, 0x89, 0x87, 0x77, 0x78, 
	0x88, 0x78, 0x88, 0x78, 0x88, 0x88, 0x77, 0x87, 
	0x88, 0x98, 0x77, 0x87, 0x56, 0x68, 0x88, 0x99, 
	0x9a, 0x88, 0x87, 0x88, 0x77, 0x87, 0x77, 0x88, 
	0x88, 0x87, 0x76, 0x77, 0x87, 0x87, 0x67, 0x77, 
	0x77, 0x67, 0x88, 0x88, 0x87, 0x77, 0x77, 0x88, 
	0x77, 0x88, 0x77, 0x87, 0x56, 0x67, 0x77, 0x78, 
	0x88, 0x88, 0x88, 0x87, 0x66, 0x77, 0x76, 0x77, 
	0x77, 0x87, 0x66, 0x66, 0x87, 0x77, 0x67, 0x76, 
	0x66, 0x66, 0x78, 0x78, 0x77, 0x77, 0x67, 0x77, 
	0x67, 0x77, 0x67, 0x77, 0x66, 0x67, 0x67, 0x77, 
	0x77, 0x88, 0x87, 0x77, 0x76, 0x66, 0x66, 0x67, 
	0x88, 0x77, 0x55, 0x66, 0x76, 0x67, 0x66, 0x77, 
	0x77, 0x65, 0x66, 0x77, 0x77, 0x66, 0x67, 0x78, 
	0x78, 0x88, 0x67, 0x77, 0x76, 0x78, 0x77, 0x68, 
	0x78, 0x98, 0x88, 0x88, 0x77, 0x76, 0x76, 0x78, 
	0x87, 0x77, 0x75, 0x66, 0x67, 0x67, 0x77, 0x77, 
	0x77, 0x67, 0x65, 0x76, 0x77, 0x77, 0x77, 0x78, 
	0x89, 0x88, 0x78, 0x78, 0x88, 0x88, 0x97, 0x78, 
	0x89, 0x99, 0x99, 0x88, 0x87, 0x76, 0x77, 0x78, 
	0x86, 0x76, 0x65, 0x66, 0x77, 0x77, 0x67, 0x78, 
	0x77, 0x77, 0x76, 0x77, 0x77, 0x78, 0x89, 0x98, 
	0x99, 0x88, 0x88, 0x89, 0x78, 0x98, 0x88, 0x89, 
	0x99, 0x9a, 0x9a, 0x99, 0x87, 0x77, 0x88, 0x78, 
	0x88, 0x76, 0x66, 0x67, 0x77, 0x77, 0x68, 0x87, 
	0x87, 0x77, 0x77, 0x77, 0x78, 0x99, 0x99, 0x98, 
	0x9a, 0x98, 0x87, 0x78, 0x77, 0x88, 0x88, 0x79, 
	0xa9, 0x99, 0x99, 0x98, 0x98, 0x87, 0x87, 0x88, 
	0x88, 0x77, 0x77, 0x77, 0x8a, 0x99, 0x77, 0x88, 
	0x77, 0x77, 0x77, 0x78, 0x89, 0x99, 0x98, 0x88, 
	0xa9, 0x98, 0x87, 0x78, 0x88, 0x98, 0x88, 0x78, 
	0x9a, 0xaa, 0xa9, 0x99, 0x88, 0x87, 0x88, 0x88, 
	0x88, 0x87, 0x77, 0x76, 0x78, 0x89, 0x78, 0x87, 
	0x77, 0x78, 0x78, 0x99, 0x88, 0x88, 0x89, 0x88, 
	0x99, 0x89, 0x88, 0x77, 0x78, 0x88, 0x88, 0x78, 
	0x88, 0xa9, 0xaa, 0x99, 0x87, 0x77, 0x88, 0x68, 
	0x88, 0x87, 0x67, 0x76, 0x78, 0x78, 0x77, 0x88, 
	0x88, 0x88, 0x89, 0x98, 0x98, 0x88, 0x89, 0x88, 
	0x89, 0x78, 0x87, 0x77, 0x76, 0x89, 0x88, 0x67, 
	0x87, 0x89, 0x99, 0x99, 0x88, 0x88, 0x88, 0x67, 
	0x88, 0x88, 0x77, 0x99, 0x78, 0x88, 0x77, 0x88, 
	0x87, 0x88, 0x89, 0x98, 0x88, 0x87, 0x78, 0x88, 
	0x99, 0x79, 0x78, 0x77, 0x76, 0x89, 0x98, 0x77, 
	0x78, 0x89, 0x89, 0x99, 0x88, 0x88, 0x88, 0x86, 
	0x88, 0x89, 0x99, 0x89, 0x87, 0x88, 0x77, 0x77, 
	0x88, 0x89, 0x99, 0x88, 0x87, 0x78, 0x78, 0x88, 
	0x98, 0x88, 0x87, 0x87, 0x67, 0x78, 0x88, 0x66, 
	0x77, 0x78, 0x98, 0x99, 0x89, 0x98, 0x88, 0x89, 
	0x98, 0x77, 0x77, 0x78, 0x87, 0x88, 0x78, 0x88, 
	0x99, 0x78, 0x88, 0x88, 0x88, 0x78, 0x78, 0x88, 
	0x88, 0x79, 0x87, 0x87, 0x77, 0x88, 0x99, 0x65, 
	0x67, 0x78, 0x9a, 0xa9, 0xa9, 0x9a, 0x98, 0x67, 
	0x89, 0x98, 0x87, 0x78, 0x98, 0x77, 0x78, 0x88, 
	0x87, 0x98, 0x87, 0x88, 0x88, 0x88, 0x88, 0x88, 
	0x78, 0x88, 0x88, 0x87, 0x87, 0x88, 0x89, 0x85, 
	0x68, 0x98, 0x99, 0xa9, 0x99, 0x99, 0x88, 0x77, 
	0x88, 0x99, 0x88, 0x87, 0x88, 0x78, 0x88, 0x88, 
	0x87, 0x89, 0x88, 0x88, 0x88, 0x89, 0x77, 0x78, 
	
};

Gfx ccm_dl__0E007810_i8_aligner[] = {gsSPEndDisplayList()};
u8 ccm_dl__0E007810_i8[] = {
	0x88, 0x98, 0xa8, 0xb0, 0xa8, 0xb8, 0xb0, 0xa8, 
	0xb0, 0x88, 0x80, 0x88, 0x88, 0x80, 0x78, 0x70, 
	0x70, 0x78, 0x88, 0x90, 0x90, 0x80, 0x88, 0x90, 
	0x98, 0x90, 0x78, 0x78, 0x80, 0x78, 0x78, 0x88, 
	0x88, 0x98, 0xa8, 0xb0, 0xa8, 0xb0, 0xb0, 0xa8, 
	0x98, 0x90, 0x78, 0x88, 0x70, 0x80, 0x78, 0x80, 
	0x88, 0x88, 0x88, 0x98, 0xa0, 0x98, 0x80, 0x80, 
	0x80, 0x80, 0x78, 0x78, 0x78, 0x78, 0x78, 0x80, 
	0x80, 0x98, 0xb0, 0xb0, 0xa0, 0xb0, 0xb0, 0x98, 
	0x90, 0x90, 0x78, 0x80, 0x88, 0x78, 0x80, 0x90, 
	0x98, 0xa0, 0x90, 0xa0, 0xa8, 0xa0, 0x98, 0x80, 
	0x88, 0x78, 0x78, 0x88, 0x80, 0x98, 0x88, 0x80, 
	0x88, 0x88, 0x98, 0xa0, 0x98, 0x98, 0xa8, 0xa0, 
	0x90, 0x88, 0x78, 0x80, 0x78, 0x88, 0x98, 0x98, 
	0x98, 0xa8, 0x98, 0xa0, 0xb0, 0xa8, 0xa8, 0x80, 
	0x80, 0x80, 0x80, 0x90, 0x98, 0x98, 0x98, 0x78, 
	0x88, 0x98, 0x98, 0x90, 0x88, 0x88, 0x88, 0x88, 
	0x88, 0x78, 0x80, 0x88, 0x88, 0x90, 0xa8, 0xa8, 
	0xa8, 0xb0, 0xa8, 0x98, 0xb0, 0xa8, 0xa0, 0x80, 
	0x88, 0x78, 0x78, 0x88, 0x98, 0x98, 0xa0, 0x88, 
	0x88, 0x80, 0x90, 0x88, 0x80, 0x80, 0x78, 0x78, 
	0x78, 0x78, 0x78, 0x80, 0x88, 0x90, 0x98, 0xb0, 
	0xb0, 0xb0, 0xb0, 0x88, 0xa8, 0x98, 0x98, 0x98, 
	0x90, 0x80, 0x90, 0x98, 0xa0, 0xa8, 0xa0, 0xa0, 
	0x98, 0x80, 0x88, 0x88, 0x90, 0x88, 0x80, 0x78, 
	0x70, 0x70, 0x78, 0x80, 0x78, 0x98, 0x98, 0xa0, 
	0xb8, 0xb0, 0xa0, 0x88, 0x98, 0x98, 0x98, 0x88, 
	0x70, 0x80, 0x90, 0x90, 0xa0, 0x98, 0xa8, 0x98, 
	0x88, 0x88, 0x88, 0x80, 0x98, 0x98, 0x90, 0x78, 
	0x70, 0x78, 0x70, 0x80, 0x80, 0x88, 0x90, 0xa0, 
	0xb0, 0xa8, 0x98, 0xa8, 0x88, 0x98, 0x98, 0x80, 
	0x70, 0x80, 0x90, 0x98, 0xa0, 0xa8, 0xa0, 0x98, 
	0x90, 0x98, 0x90, 0x88, 0x98, 0xa0, 0x88, 0x78, 
	0x70, 0x78, 0x80, 0x78, 0x78, 0x88, 0x78, 0x98, 
	0xa0, 0x88, 0x90, 0xa8, 0x90, 0x80, 0x70, 0x80, 
	0x80, 0x70, 0x80, 0xa0, 0xa0, 0xa0, 0x90, 0x90, 
	0x98, 0xa0, 0x98, 0x80, 0x98, 0x98, 0x78, 0x80, 
	0x90, 0x88, 0x90, 0x88, 0x78, 0x78, 0x78, 0x90, 
	0xa8, 0x90, 0xa0, 0xa8, 0x90, 0x78, 0x78, 0x90, 
	0x98, 0x88, 0x80, 0x90, 0x90, 0x98, 0x88, 0x90, 
	0x98, 0x98, 0x90, 0x90, 0x90, 0x78, 0x88, 0x88, 
	0x98, 0xa0, 0xb0, 0x98, 0x88, 0x78, 0x78, 0x88, 
	0x78, 0x90, 0x98, 0xa8, 0x98, 0x70, 0x78, 0x90, 
	0x98, 0x88, 0x88, 0x80, 0x78, 0x80, 0x88, 0x98, 
	0x90, 0x88, 0x88, 0x78, 0x78, 0x80, 0x90, 0x98, 
	0xa0, 0xa8, 0xb0, 0xb0, 0xa0, 0x88, 0x90, 0x88, 
	0x78, 0x80, 0x98, 0x98, 0x88, 0x78, 0x88, 0x90, 
	0x88, 0x90, 0x90, 0x78, 0x78, 0x78, 0x88, 0x98, 
	0x98, 0x88, 0x88, 0x88, 0x88, 0x80, 0x90, 0xa0, 
	0xa0, 0xa8, 0xb0, 0xb0, 0x98, 0x98, 0x90, 0x90, 
	0x88, 0x88, 0x80, 0x90, 0x80, 0x80, 0x78, 0x88, 
	0xa0, 0xa8, 0x98, 0x88, 0x80, 0x78, 0x80, 0x90, 
	0x78, 0x88, 0x98, 0x98, 0x90, 0x88, 0x90, 0x98, 
	0xa8, 0xa0, 0xb0, 0xa8, 0x98, 0x90, 0x88, 0x88, 
	0x88, 0x78, 0x88, 0x88, 0x78, 0x78, 0x88, 0x88, 
	0xa8, 0xb8, 0xa0, 0x98, 0x88, 0x80, 0x78, 0x78, 
	0x78, 0x98, 0x98, 0x98, 0x88, 0x80, 0x90, 0xa0, 
	0xa0, 0x98, 0xa8, 0x88, 0x90, 0xa8, 0x98, 0x90, 
	0x98, 0x98, 0x80, 0x80, 0x78, 0x78, 0x80, 0x98, 
	0x98, 0xc0, 0xa8, 0xa0, 0x88, 0x90, 0x78, 0x70, 
	0x80, 0x78, 0x78, 0x88, 0x90, 0x88, 0x80, 0x88, 
	0x98, 0x88, 0x80, 0x88, 0x98, 0xa8, 0xa8, 0x98, 
	0x98, 0x98, 0x88, 0x80, 0x80, 0x90, 0x80, 0x98, 
	0xa0, 0xb0, 0xb0, 0xa0, 0x98, 0x88, 0x70, 0x70, 
	0x80, 0x88, 0x78, 0x78, 0x78, 0x80, 0x78, 0x80, 
	0x70, 0x78, 0x80, 0x98, 0xa0, 0xa8, 0xa0, 0x98, 
	0x90, 0x88, 0x78, 0x78, 0x78, 0x88, 0x88, 0x98, 
	0x98, 0xb0, 0xa8, 0xa0, 0x98, 0x88, 0x78, 0x78, 
	0x78, 0x78, 0x78, 0x78, 0x78, 0x78, 0x78, 0x68, 
	0x70, 0x78, 0x78, 0x90, 0x98, 0xa0, 0xa0, 0x98, 
	0x88, 0x78, 0x80, 0x78, 0x80, 0x78, 0x80, 0x88, 
	0x98, 0xa8, 0xb0, 0xa0, 0x98, 0x88, 0x70, 0x80, 
	0x70, 0x78, 0x78, 0x78, 0x80, 0x88, 0x88, 0x88, 
	0x78, 0x78, 0x70, 0x78, 0x88, 0xa0, 0xa0, 0x80, 
	0x88, 0x78, 0x80, 0x88, 0x78, 0x88, 0x78, 0x80, 
	0x90, 0x98, 0xb0, 0x98, 0xa0, 0x88, 0x78, 0x88, 
	0x70, 0x68, 0x70, 0x80, 0x80, 0x80, 0x80, 0x78, 
	0x78, 0x80, 0x88, 0x70, 0x88, 0x98, 0x88, 0x80, 
	0x78, 0x78, 0x78, 0x80, 0x80, 0x88, 0x88, 0x78, 
	0x88, 0x90, 0xa8, 0xa8, 0x78, 0x78, 0x78, 0x78, 
	0x70, 0x68, 0x78, 0x88, 0x78, 0x78, 0x88, 0x78, 
	0x80, 0x88, 0x88, 0x80, 0x78, 0x88, 0x88, 0x88, 
	0x78, 0x80, 0x88, 0x88, 0x90, 0xa0, 0x88, 0x78, 
	0x78, 0x88, 0x90, 0x90, 0x78, 0x80, 0x88, 0x78, 
	0x78, 0x70, 0x78, 0x88, 0x78, 0x78, 0x88, 0x88, 
	0x90, 0x80, 0x88, 0x80, 0x78, 0x88, 0x88, 0x78, 
	0x78, 0x88, 0x88, 0x98, 0xa0, 0xb0, 0x90, 0x88, 
	0x80, 0x88, 0x98, 0x80, 0x70, 0x98, 0x88, 0x88, 
	0x88, 0x68, 0x88, 0x88, 0x88, 0x90, 0x98, 0x90, 
	0x88, 0x88, 0x80, 0x88, 0x78, 0x78, 0x80, 0x70, 
	0x80, 0x98, 0xa0, 0xa0, 0xb8, 0xb0, 0x90, 0x90, 
	0x78, 0x78, 0x70, 0x80, 0x88, 0x88, 0x88, 0x78, 
	0x88, 0x70, 0x88, 0x88, 0xa8, 0xa0, 0x98, 0x80, 
	0x90, 0x88, 0x88, 0x88, 0x88, 0x88, 0x80, 0x88, 
	0x88, 0xa0, 0xb0, 0xa0, 0xb0, 0xb0, 0x90, 0x90, 
	0x88, 0x88, 0x80, 0x98, 0x98, 0x98, 0x98, 0x90, 
	0x88, 0x68, 0x90, 0x88, 0xa8, 0xa8, 0x90, 0x88, 
	0xa0, 0x98, 0x90, 0x88, 0x88, 0x78, 0x70, 0x78, 
	0x78, 0x98, 0xa8, 0xa8, 0xb8, 0xb0, 0x98, 0x98, 
	0x78, 0x78, 0x88, 0x98, 0x98, 0x98, 0x98, 0x90, 
	0x78, 0x78, 0x80, 0x90, 0xb0, 0x90, 0x90, 0xb0, 
	0xb8, 0xb0, 0x98, 0x90, 0x88, 0x78, 0x70, 0x80, 
	0x78, 0x88, 0xb0, 0xb0, 0xb8, 0xb8, 0xa0, 0x90, 
	0x80, 0x78, 0x78, 0x98, 0x98, 0x98, 0x90, 0x88, 
	0x80, 0x80, 0x80, 0x88, 0x98, 0x90, 0xa0, 0xb0, 
	0xb0, 0x98, 0x98, 0x90, 0x88, 0x70, 0x78, 0x78, 
	0x78, 0x78, 0x98, 0xb0, 0xb0, 0xb0, 0x90, 0x88, 
	0x78, 0x68, 0x78, 0x88, 0x98, 0x90, 0xa0, 0x88, 
	0x88, 0x88, 0x98, 0x88, 0x90, 0x80, 0xa0, 0xa8, 
	0xa8, 0x98, 0x90, 0x88, 0x80, 0x78, 0x70, 0x88, 
	0x88, 0x88, 0x80, 0xa8, 0x98, 0x98, 0x80, 0x70, 
	0x78, 0x70, 0x70, 0x78, 0x98, 0x88, 0x90, 0x80, 
	0x88, 0xa8, 0x98, 0x98, 0x80, 0x90, 0x98, 0x90, 
	0x88, 0x90, 0x98, 0x98, 0x78, 0x78, 0x88, 0x88, 
	0x88, 0x88, 0x80, 0x78, 0x88, 0x88, 0x70, 0x70, 
	0x88, 0x78, 0x68, 0x78, 0x90, 0x88, 0x88, 0x88, 
	0xa8, 0xa8, 0xa8, 0x98, 0x90, 0x90, 0x88, 0x90, 
	0x88, 0x88, 0x78, 0x80, 0x80, 0x78, 0x88, 0x98, 
	0x98, 0x90, 0x90, 0x88, 0x80, 0x78, 0x78, 0x78, 
	0x78, 0x88, 0x78, 0x78, 0x78, 0x88, 0x88, 0xa8, 
	0xa8, 0xa8, 0xa8, 0xa8, 0xa0, 0x98, 0x88, 0x80, 
	0x78, 0x80, 0x80, 0x70, 0x78, 0x80, 0x88, 0xa0, 
	0x98, 0x90, 0x90, 0x88, 0x90, 0x88, 0x80, 0x70, 
	0x80, 0x80, 0x78, 0x78, 0x80, 0x80, 0x98, 0xb0, 
	0xa0, 0xa0, 0x98, 0x90, 0xa0, 0xa8, 0x98, 0x88, 
	0x70, 0x70, 0x70, 0x80, 0x70, 0x78, 0x80, 0xa0, 
	0x90, 0x98, 0x98, 0x98, 0x98, 0x78, 0x78, 0x80, 
	0x70, 0x80, 0x88, 0x80, 0x78, 0x88, 0x78, 0xa8, 
	0x98, 0x98, 0x90, 0x88, 0xa0, 0x98, 0x98, 0x98, 
	0x78, 0x78, 0x78, 0x70, 0x70, 0x80, 0x88, 0x98, 
	0x98, 0x98, 0x98, 0xa0, 0x90, 0x78, 0x88, 0x80, 
	0x78, 0x88, 0x98, 0x88, 0x80, 0x78, 0x80, 0x88, 
	0x98, 0x88, 0x98, 0x98, 0x88, 0x98, 0xa0, 0x88, 
	0x80, 0x78, 0x78, 0x78, 0x78, 0x80, 0x90, 0x88, 
	0x88, 0xa0, 0xa0, 0x98, 0x78, 0x88, 0x78, 0x80, 
	0x88, 0x90, 0xa0, 0x98, 0x88, 0x90, 0x80, 0x78, 
	0x78, 0x90, 0x98, 0x98, 0x88, 0x98, 0xa0, 0x78, 
	0x80, 0x88, 0x88, 0x80, 0x80, 0x88, 0x88, 0x90, 
	0x88, 0x98, 0x88, 0x88, 0x88, 0x80, 0x80, 0x80, 
	0x80, 0x90, 0xa0, 0xa8, 0x98, 0x98, 0x88, 0x88, 
	0x98, 0x80, 0x88, 0x98, 0x90, 0x88, 0x78, 0x78, 
	0x80, 0x98, 0xa0, 0x98, 0x80, 0x78, 0x80, 0x88, 
	0x90, 0x88, 0x88, 0x88, 0x78, 0x88, 0x88, 0x90, 
	0x88, 0x88, 0xb0, 0xa0, 0xa0, 0x98, 0x98, 0x88, 
	0x88, 0x88, 0x88, 0x98, 0x88, 0x78, 0x68, 0x88, 
	0x88, 0xa0, 0xb0, 0xb0, 0xa0, 0x80, 0x78, 0x88, 
	0x78, 0x88, 0x80, 0x80, 0x88, 0x98, 0x98, 0x98, 
	0x78, 0x98, 0xb0, 0xa8, 0xa8, 0x98, 0x98, 0xa0, 
	0x90, 0x80, 0x80, 0x88, 0x78, 0x68, 0x88, 0x80, 
	0x80, 0xa8, 0xb0, 0xb0, 0xa8, 0xb0, 0x90, 0x80, 
	0x70, 0x78, 0x80, 0x90, 0x90, 0x98, 0xa0, 0x98, 
	0x98, 0x90, 0xa8, 0xa8, 0x98, 0xa0, 0x98, 0xa8, 
	0x88, 0x78, 0x78, 0x78, 0x78, 0x88, 0x98, 0x98, 
	0x98, 0x98, 0xb8, 0xb0, 0xa8, 0xb0, 0x90, 0x80, 
	0x78, 0x70, 0x88, 0x88, 0x90, 0x90, 0xa0, 0xa8, 
	0x98, 0x90, 0x98, 0xa8, 0x98, 0x98, 0x98, 0x98, 
	0x80, 0x68, 0x70, 0x78, 0x78, 0x98, 0xa0, 0xa0, 
	0xb0, 0x90, 0xa0, 0xa8, 0xb0, 0x90, 0x98, 0x70, 
	0x78, 0x78, 0x70, 0x78, 0x80, 0x88, 0x98, 0xa8, 
	0xa0, 0x90, 0x90, 0x98, 0x98, 0x90, 0x98, 0x88, 
	0x88, 0x88, 0x88, 0x88, 0x80, 0xa0, 0x98, 0xb0, 
	0xb0, 0x98, 0x90, 0xa8, 0x98, 0x78, 0x78, 0x80, 
	0x88, 0x88, 0x78, 0x78, 0x78, 0x88, 0x98, 0x98, 
	0x98, 0x98, 0x80, 0x98, 0x88, 0x88, 0x78, 0x88, 
	0x88, 0x98, 0xa0, 0x90, 0x88, 0x98, 0x98, 0xa0, 
	0xa0, 0xa0, 0x88, 0x88, 0x78, 0x78, 0x80, 0x90, 
	0x90, 0x90, 0x88, 0x78, 0x78, 0x78, 0x98, 0x88, 
	0x88, 0x98, 0x88, 0x90, 0x88, 0x88, 0x90, 0x88, 
	0x88, 0xa0, 0xa0, 0xa8, 0x88, 0x88, 0x90, 0x98, 
	0x98, 0x90, 0x90, 0x78, 0x88, 0x90, 0x90, 0x88, 
	0x88, 0x90, 0x88, 0x78, 0x80, 0x88, 0x80, 0x88, 
	0x88, 0x98, 0x88, 0x88, 0x80, 0x78, 0x98, 0x98, 
	0x90, 0xa0, 0x98, 0x98, 0x98, 0x80, 0x98, 0x90, 
	0x98, 0x90, 0x78, 0x78, 0x80, 0x88, 0x80, 0x90, 
	0x90, 0x90, 0x80, 0x90, 0x88, 0x80, 0x78, 0x80, 
	0x78, 0x88, 0x88, 0x78, 0x78, 0x90, 0x98, 0xa8, 
	0x90, 0x98, 0x98, 0x98, 0x90, 0x80, 0x80, 0x80, 
	0x88, 0x80, 0x78, 0x88, 0x80, 0x88, 0x88, 0x80, 
	0x78, 0x78, 0x90, 0xb0, 0x98, 0x80, 0x88, 0x78, 
	0x88, 0x80, 0x90, 0x78, 0x80, 0x98, 0xa0, 0xa8, 
	0x98, 0x98, 0x98, 0x88, 0x98, 0x80, 0x78, 0x88, 
	0x90, 0x98, 0x88, 0x70, 0x70, 0x88, 0x88, 0x80, 
	0x70, 0x80, 0x98, 0xa0, 0xb8, 0x98, 0x88, 0x88, 
	0x78, 0x78, 0x78, 0x78, 0x88, 0x98, 0x98, 0xa0, 
	0x98, 0x88, 0x90, 0x80, 0x88, 0x80, 0x78, 0xa0, 
	0x98, 0x88, 0x88, 0x78, 0x70, 0x78, 0x78, 0x68, 
	0x70, 0x88, 0x90, 0xa0, 0xb8, 0x98, 0x88, 0x88, 
	0x98, 0x78, 0x68, 0x78, 0x78, 0x80, 0x90, 0x98, 
	0x90, 0x90, 0x78, 0x78, 0x78, 0x88, 0x88, 0x88, 
	0x98, 0x98, 0x88, 0x78, 0x68, 0x78, 0x78, 0x70, 
	0x78, 0x80, 0x98, 0x98, 0xa0, 0xb0, 0x88, 0x90, 
	0x88, 0x78, 0x78, 0x68, 0x78, 0x78, 0x78, 0x88, 
	0x88, 0x80, 0x80, 0x80, 0x88, 0x88, 0x88, 0x88, 
	0x90, 0x90, 0x88, 0x78, 0x68, 0x78, 0x78, 0x78, 
	0x80, 0x88, 0x88, 0x98, 0x98, 0xa8, 0x88, 0x90, 
	0x88, 0x70, 0x78, 0x78, 0x70, 0x78, 0x78, 0x80, 
	0x78, 0x80, 0x98, 0x98, 0x88, 0x88, 0x88, 0x88, 
	0x88, 0x88, 0x88, 0x78, 0x78, 0x68, 0x78, 0x78, 
	0x80, 0x90, 0x88, 0x98, 0x98, 0x98, 0x80, 0x88, 
	0x78, 0x68, 0x78, 0x78, 0x78, 0x80, 0x88, 0x88, 
	0x88, 0x78, 0x88, 0x90, 0x98, 0x98, 0x88, 0x88, 
	0x88, 0x88, 0x78, 0x78, 0x68, 0x78, 0x78, 0x88, 
	0x90, 0xa0, 0x90, 0x88, 0x90, 0x88, 0x88, 0x78, 
	0x70, 0x78, 0x78, 0x80, 0x88, 0x88, 0x88, 0x90, 
	0x78, 0x78, 0x78, 0xa0, 0xa0, 0xa8, 0x98, 0x88, 
	0x88, 0x78, 0x78, 0x70, 0x78, 0x80, 0x90, 0x90, 
	0xa0, 0xa8, 0xa0, 0x88, 0x88, 0x88, 0x78, 0x78, 
	0x70, 0x88, 0x78, 0x80, 0x88, 0x88, 0x88, 0x80, 
	0x88, 0x80, 0x88, 0xa8, 0xa0, 0x98, 0x98, 0x88, 
	0x78, 0x78, 0x78, 0x68, 0x88, 0x88, 0xa8, 0xa8, 
	0xa8, 0xa0, 0x98, 0xa0, 0x88, 0x78, 0x78, 0x70, 
	0x88, 0x90, 0x98, 0x88, 0x88, 0x88, 0x88, 0x88, 
	0x98, 0x80, 0x80, 0x98, 0x98, 0x98, 0x98, 0x78, 
	0x78, 0x70, 0x70, 0x80, 0x88, 0x98, 0xa0, 0xb0, 
	0xb0, 0xa8, 0xa0, 0x98, 0x80, 0x78, 0x70, 0x88, 
	0x90, 0xa0, 0x90, 0x98, 0x98, 0x98, 0xa0, 0xa0, 
	0xa0, 0x88, 0x80, 0x88, 0x98, 0xa0, 0x98, 0x80, 
	0x70, 0x70, 0x78, 0x88, 0xa0, 0xa8, 0xa0, 0xb0, 
	0xa0, 0xa0, 0x98, 0x90, 0x78, 0x80, 0x78, 0x88, 
	0x98, 0x90, 0x98, 0xb0, 0xa8, 0xb0, 0xb8, 0xc8, 
	0xa8, 0x88, 0x78, 0x98, 0x98, 0x98, 0x88, 0x78, 
	0x70, 0x80, 0x80, 0x80, 0xa0, 0xb0, 0xb8, 0xb8, 
	0xa0, 0xb8, 0xa0, 0x88, 0x80, 0x78, 0x80, 0x80, 
	0x90, 0x98, 0xa8, 0xb8, 0xb0, 0xb8, 0xb0, 0xb8, 
	0x98, 0x88, 0x78, 0xa0, 0x98, 0x80, 0x88, 0x68, 
	0x80, 0x88, 0xa0, 0x88, 0x88, 0x90, 0xb0, 0xb0, 
	0xa8, 0xb0, 0xb0, 0x88, 0x80, 0x90, 0x88, 0x78, 
	0x88, 0xa8, 0xa8, 0xa8, 0xa8, 0xa8, 0xb0, 0xb8, 
	0x98, 0x90, 0x78, 0x90, 0x80, 0x78, 0x80, 0x70, 
	0x88, 0xa8, 0xa8, 0xa0, 0xa8, 0x88, 0x90, 0xa0, 
	0x90, 0xb0, 0x88, 0x88, 0x80, 0x98, 0x90, 0x80, 
	0x80, 0xa0, 0xa8, 0xa8, 0xa0, 0xa8, 0xa8, 0xa8, 
	0x98, 0x80, 0x78, 0x80, 0x78, 0x78, 0x78, 0x78, 
	0x88, 0xa8, 0xa8, 0x98, 0xa8, 0xa0, 0x90, 0x88, 
	0x88, 0x88, 0x88, 0x88, 0x98, 0xa0, 0x98, 0x98, 
	0x80, 0x90, 0xa0, 0x98, 0xa0, 0x98, 0xa0, 0x98, 
	0x80, 0x78, 0x88, 0x80, 0x78, 0x88, 0x78, 0x88, 
	0x90, 0xa0, 0xb8, 0xb0, 0x98, 0x98, 0x98, 0x88, 
	0x88, 0x80, 0x98, 0x98, 0x90, 0x90, 0x98, 0x88, 
	0x80, 0x90, 0x88, 0x98, 0x98, 0x98, 0x98, 0x90, 
	0x78, 0x88, 0x88, 0x88, 0x90, 0x98, 0x88, 0x88, 
	0x88, 0x90, 0xa8, 0xa8, 0xa0, 0x88, 0x90, 0x90, 
	0x80, 0x98, 0x98, 0x98, 0x98, 0x98, 0x90, 0x88, 
	0x78, 0x78, 0x78, 0x80, 0x90, 0x90, 0x88, 0x80, 
	0x80, 0x80, 0x88, 0x90, 0xa0, 0x90, 0x98, 0x88, 
	0x88, 0x98, 0x98, 0xa0, 0xa8, 0x88, 0x88, 0x90, 
	0x78, 0x98, 0x90, 0x90, 0x88, 0x88, 0x80, 0x88, 
	0x80, 0x70, 0x78, 0x80, 0x70, 0x80, 0x80, 0x78, 
	0x80, 0x80, 0xa0, 0xa8, 0x98, 0x98, 0x98, 0x98, 
	0x88, 0x88, 0x88, 0x90, 0x98, 0x88, 0x88, 0x80, 
	0x78, 0x80, 0x78, 0x80, 0x78, 0x80, 0x90, 0x98, 
	0x98, 0x80, 0x78, 0x78, 0x78, 0x70, 0x70, 0x78, 
	0x88, 0xa8, 0xa8, 0xa8, 0xa0, 0xb0, 0xa8, 0xb0, 
	0x98, 0x88, 0x88, 0x88, 0x88, 0x88, 0x78, 0x80, 
	0x78, 0x78, 0x78, 0x80, 0x78, 0x88, 0xa0, 0x98, 
	0x88, 0x88, 0x80, 0x88, 0x78, 0x70, 0x78, 0x78, 
	
};

Gfx ccm_dl_end_gake6_ci4_aligner[] = {gsSPEndDisplayList()};
u8 ccm_dl_end_gake6_ci4[] = {
	0x00, 0x12, 0x34, 0x54, 0x63, 0x78, 0x93, 0x7a, 
	0x76, 0x33, 0x33, 0x3a, 0x75, 0x44, 0x78, 0x97, 
	0x67, 0x88, 0x35, 0x99, 0x45, 0x99, 0x9a, 0xb6, 
	0x67, 0xa7, 0xaa, 0x48, 0xbc, 0x7b, 0xda, 0xe0, 
	0x00, 0x06, 0x34, 0x43, 0x6d, 0xb8, 0x83, 0x73, 
	0xb6, 0xbd, 0x7c, 0x8a, 0xa4, 0x44, 0x38, 0x88, 
	0x63, 0x88, 0x85, 0x49, 0x55, 0x98, 0x98, 0xa6, 
	0x77, 0x6c, 0x93, 0x48, 0x77, 0x7b, 0xda, 0x60, 
	0x00, 0x0d, 0x69, 0x48, 0x66, 0x08, 0xb8, 0x78, 
	0xbb, 0xb3, 0x77, 0x77, 0x84, 0x43, 0x99, 0x49, 
	0xb8, 0x88, 0x45, 0x49, 0x55, 0x53, 0x98, 0x8e, 
	0x37, 0xd9, 0xc3, 0x48, 0x37, 0x7a, 0xbd, 0x20, 
	0x61, 0x06, 0xa8, 0x48, 0x72, 0xd4, 0x93, 0x39, 
	0xaa, 0x78, 0x3b, 0xd9, 0x98, 0x98, 0x89, 0x98, 
	0x33, 0x88, 0x45, 0x49, 0x55, 0x54, 0x99, 0xca, 
	0x73, 0x95, 0x58, 0x99, 0x83, 0xbb, 0xb2, 0x01, 
	0x62, 0x11, 0xa9, 0x55, 0xca, 0x34, 0x83, 0x39, 
	0x73, 0x33, 0xd2, 0xb8, 0x38, 0x78, 0x84, 0x98, 
	0x33, 0x94, 0x45, 0x97, 0x45, 0x45, 0x54, 0x7a, 
	0x4c, 0x55, 0x54, 0x99, 0x97, 0xbb, 0xe0, 0x22, 
	0x66, 0x22, 0xd9, 0x94, 0xc7, 0x74, 0x30, 0x34, 
	0x73, 0x7b, 0xa1, 0x33, 0x39, 0xa3, 0x94, 0x98, 
	0x78, 0x95, 0x55, 0x4c, 0x55, 0x95, 0x45, 0x39, 
	0x93, 0x99, 0x44, 0x94, 0x38, 0x6d, 0xdd, 0x66, 
	0x66, 0x66, 0xb3, 0x94, 0xd7, 0x98, 0x21, 0x33, 
	0x04, 0x67, 0x3d, 0x79, 0x83, 0xa8, 0x44, 0x98, 
	0xd9, 0x59, 0x95, 0x49, 0x45, 0x45, 0x59, 0x35, 
	0x89, 0x99, 0x49, 0x94, 0x38, 0xdd, 0xd6, 0x66, 
	0x62, 0xd0, 0x27, 0x74, 0x67, 0x47, 0x6d, 0x3d, 
	0x05, 0x38, 0x77, 0x98, 0x87, 0xb8, 0x99, 0x9a, 
	0x74, 0x48, 0xa5, 0x48, 0x98, 0x34, 0x43, 0x75, 
	0x88, 0x89, 0x98, 0x94, 0x47, 0x7a, 0xa2, 0x66, 
	0x62, 0x62, 0x67, 0xa9, 0x69, 0x5a, 0xd7, 0x70, 
	0xe4, 0x48, 0xeb, 0x3a, 0xb8, 0xa7, 0x83, 0x49, 
	0x85, 0x94, 0x75, 0x43, 0x37, 0xb7, 0x47, 0x75, 
	0x33, 0x99, 0x49, 0x88, 0x8d, 0xbb, 0xb2, 0xd6, 
	0x60, 0x02, 0x67, 0xaa, 0x65, 0x96, 0xdd, 0xa0, 
	0x34, 0x4e, 0xe4, 0x7a, 0x37, 0x63, 0x37, 0x44, 
	0x45, 0x53, 0x85, 0x48, 0x87, 0x37, 0x9a, 0x84, 
	0x93, 0x39, 0x94, 0xbd, 0x3d, 0xab, 0xb6, 0x62, 
	0x21, 0x02, 0x7b, 0xda, 0xa5, 0x76, 0xad, 0xe1, 
	0x44, 0x30, 0xe5, 0xa3, 0xb6, 0x6b, 0xbc, 0x49, 
	0x94, 0x3a, 0x95, 0x47, 0x83, 0x3d, 0x33, 0x83, 
	0x33, 0x83, 0x48, 0x78, 0x79, 0x83, 0xb6, 0xd2, 
	0x10, 0x22, 0x7b, 0xd7, 0x34, 0xd2, 0xdd, 0xeb, 
	0x9d, 0x70, 0xc3, 0xa3, 0xa6, 0x6d, 0x79, 0x43, 
	0xb7, 0x34, 0x45, 0x47, 0xb3, 0xc6, 0x75, 0x59, 
	0x93, 0x3a, 0x98, 0x73, 0x89, 0x73, 0xa6, 0x62, 
	0x60, 0x22, 0x76, 0x63, 0x49, 0xd2, 0x66, 0xeb, 
	0x48, 0x30, 0x4b, 0xa7, 0x7a, 0xdb, 0x85, 0x98, 
	0xad, 0xb9, 0x45, 0x57, 0xd3, 0xc6, 0xa9, 0x49, 
	0x8a, 0x37, 0x93, 0xb8, 0x78, 0x35, 0xad, 0x62, 
	0x61, 0x66, 0x0a, 0x28, 0x48, 0x60, 0x6d, 0x64, 
	0x99, 0x86, 0x7b, 0x7a, 0x7d, 0xd3, 0xa5, 0x54, 
	0xbb, 0xaa, 0x95, 0x53, 0xa4, 0x86, 0x97, 0x39, 
	0x98, 0x83, 0x37, 0x88, 0x3a, 0xa4, 0x76, 0x66, 
	0x33, 0x3b, 0x26, 0x0d, 0xa3, 0x21, 0xd2, 0xd3, 
	0xa8, 0x32, 0x7b, 0x37, 0x7b, 0x7d, 0x95, 0x55, 
	0x8b, 0x7b, 0x78, 0x93, 0xb8, 0x7b, 0x58, 0x39, 
	0x98, 0x83, 0xdb, 0x87, 0x73, 0x94, 0xcd, 0xa7, 
	0xda, 0x88, 0x22, 0x76, 0x63, 0x1e, 0xd2, 0xdb, 
	0xba, 0xad, 0x77, 0x7d, 0xa8, 0x87, 0x55, 0x45, 
	0x9a, 0xa7, 0x87, 0x7c, 0x8a, 0x7b, 0x59, 0xb9, 
	0x98, 0x77, 0xd0, 0xaa, 0x78, 0x49, 0x97, 0x6d, 
	0x6d, 0x6a, 0x60, 0xd6, 0xeb, 0x62, 0x22, 0xe7, 
	0xd1, 0x6b, 0x7d, 0x6a, 0x73, 0x88, 0x55, 0x45, 
	0x4a, 0xbb, 0x77, 0x76, 0x3a, 0x7a, 0x58, 0xa9, 
	0x98, 0x7a, 0xa2, 0x67, 0x34, 0x47, 0x3d, 0xdd, 
	0x62, 0x2b, 0xe1, 0x26, 0x9b, 0x62, 0x62, 0x2e, 
	0x60, 0x70, 0xb6, 0x67, 0xa7, 0xa7, 0x55, 0x85, 
	0x43, 0x7b, 0xd7, 0x72, 0x3a, 0x77, 0x53, 0xd3, 
	0x33, 0x76, 0xd7, 0x67, 0x38, 0x8d, 0x76, 0xda, 
	0x62, 0x6a, 0xb1, 0x00, 0x66, 0x26, 0xeb, 0xce, 
	0xd6, 0x40, 0x10, 0x6d, 0xda, 0x77, 0x55, 0x95, 
	0x4d, 0x37, 0xa3, 0xd6, 0x9b, 0xa9, 0x59, 0xa8, 
	0x83, 0xb6, 0xd3, 0xb3, 0x8a, 0xdd, 0xb6, 0xbd, 
	0x66, 0xe7, 0xb1, 0x01, 0xd6, 0x20, 0xda, 0x23, 
	0xb8, 0x40, 0x06, 0x66, 0x67, 0x89, 0x54, 0x85, 
	0x53, 0x7a, 0x87, 0xa7, 0x53, 0x75, 0x54, 0x88, 
	0x87, 0xaa, 0x39, 0x33, 0x97, 0x3d, 0xbd, 0xad, 
	0x66, 0xed, 0x31, 0x06, 0xd6, 0x1d, 0x30, 0xa3, 
	0x85, 0x70, 0xf6, 0x62, 0xd7, 0x84, 0x45, 0x75, 
	0x54, 0xa3, 0x8a, 0xaa, 0x48, 0xa4, 0x84, 0x49, 
	0x87, 0xba, 0xa0, 0xe4, 0x9b, 0xc7, 0x73, 0x8a, 
	0xa6, 0xd6, 0x8a, 0xe1, 0x26, 0x74, 0xa7, 0x84, 
	0x59, 0xe0, 0xfa, 0x60, 0xb3, 0x34, 0x94, 0x85, 
	0x58, 0x88, 0x8a, 0xa9, 0x33, 0x75, 0x75, 0x44, 
	0x98, 0x3f, 0x0e, 0xb4, 0x9b, 0x93, 0x74, 0x49, 
	0x37, 0x77, 0x78, 0x20, 0xa3, 0x37, 0xba, 0x44, 
	0x50, 0x20, 0x0a, 0x60, 0xd3, 0xd4, 0x94, 0x55, 
	0x54, 0x38, 0x3a, 0xa7, 0xb7, 0x84, 0x89, 0x44, 
	0x57, 0xef, 0x06, 0x79, 0xc7, 0x38, 0x34, 0x44, 
	0x73, 0xb6, 0xd7, 0xbb, 0x7a, 0xd7, 0xaa, 0xa8, 
	0x96, 0x6d, 0x66, 0x2a, 0x44, 0x48, 0x44, 0x54, 
	0x43, 0x88, 0x36, 0xab, 0xb7, 0x3d, 0x94, 0x43, 
	0x47, 0x7e, 0xa6, 0xb8, 0x83, 0xb3, 0x79, 0x43, 
	0x73, 0x62, 0x6a, 0x33, 0xba, 0xda, 0x66, 0xd8, 
	0x86, 0x26, 0x21, 0x64, 0x9a, 0x97, 0x44, 0x59, 
	0x44, 0x87, 0x76, 0x2d, 0x73, 0xd7, 0x79, 0x33, 
	0x97, 0x8b, 0x23, 0x83, 0x48, 0x6a, 0xa9, 0x98, 
	0x33, 0xd6, 0x2d, 0xda, 0x87, 0xaa, 0x16, 0xa9, 
	0x83, 0x22, 0x10, 0x35, 0xd2, 0x3d, 0x45, 0x54, 
	0x49, 0x3a, 0x76, 0x2d, 0x78, 0x76, 0xd7, 0x97, 
	0x77, 0x8b, 0xa8, 0x33, 0x47, 0xd7, 0xa9, 0x88, 
	0x87, 0xd2, 0xa3, 0x88, 0x8b, 0x66, 0x1e, 0x79, 
	0x97, 0x06, 0x06, 0x83, 0x73, 0x83, 0x95, 0x49, 
	0x49, 0x87, 0x77, 0xd7, 0x83, 0x93, 0x72, 0x97, 
	0x78, 0xcd, 0xa3, 0x79, 0xc6, 0xbb, 0x38, 0x89, 
	0x8b, 0x62, 0xd7, 0xbb, 0x8a, 0x61, 0x1e, 0x89, 
	0x48, 0x95, 0x4a, 0x63, 0x84, 0x9b, 0x45, 0x44, 
	0x97, 0xb3, 0x37, 0xa9, 0xd7, 0xa7, 0x31, 0xc7, 
	0x73, 0x7d, 0xa7, 0xb9, 0x7b, 0xdb, 0x78, 0x89, 
	0x83, 0x66, 0x33, 0xa7, 0x76, 0x21, 0x0a, 0x45, 
	0x54, 0x6d, 0xc6, 0xb5, 0x38, 0x3d, 0x35, 0x44, 
	0x83, 0x27, 0x3a, 0x7d, 0x67, 0xa6, 0x32, 0x3b, 
	0x8a, 0xdd, 0xd7, 0x78, 0x77, 0xd6, 0xd8, 0x99, 
	0x93, 0x06, 0x79, 0xd7, 0x37, 0x21, 0x67, 0x99, 
	0x98, 0x63, 0x7d, 0xa8, 0x74, 0x87, 0x35, 0x58, 
	0x34, 0x68, 0x9a, 0x3a, 0x73, 0xd3, 0xb3, 0x3d, 
	0x7a, 0xaa, 0xb9, 0xb9, 0x83, 0x93, 0xb7, 0x89, 
	0xc3, 0xad, 0x97, 0x76, 0xe7, 0x66, 0xb8, 0x48, 
	0x8a, 0xd9, 0x68, 0x39, 0xa9, 0x38, 0x35, 0x59, 
	0x78, 0x64, 0x83, 0xdd, 0xb7, 0x73, 0xb6, 0x37, 
	0x7b, 0xba, 0xa9, 0x74, 0x89, 0x54, 0xd7, 0x3d, 
	0xb3, 0x39, 0x98, 0x76, 0x7b, 0x67, 0x84, 0x87, 
	0x7b, 0xab, 0xb9, 0xd7, 0x03, 0x98, 0x75, 0x53, 
	0xa7, 0xa4, 0x9d, 0xda, 0xbd, 0xa7, 0x32, 0x37, 
	0x37, 0x36, 0x63, 0x39, 0x99, 0xa7, 0x63, 0x7d, 
	0xd7, 0x34, 0x49, 0xb6, 0xdb, 0x69, 0x58, 0xc7, 
	0x37, 0xd7, 0xaa, 0x6a, 0xdc, 0x93, 0x84, 0x57, 
	0x77, 0x95, 0xbb, 0x7b, 0x3b, 0x34, 0xb1, 0x73, 
	0x38, 0x9a, 0xda, 0x99, 0x36, 0xa7, 0x97, 0xb2, 
	0xdd, 0x74, 0x48, 0xa6, 0xdd, 0xd9, 0x4a, 0xdd, 
	0xa7, 0x73, 0xdd, 0xdd, 0x6b, 0x54, 0x89, 0x53, 
	0x3d, 0x4a, 0x6d, 0xdb, 0x83, 0x94, 0x66, 0x38, 
	0x99, 0x9b, 0xe6, 0x49, 0x87, 0x93, 0x87, 0x66, 
	0xd6, 0xa4, 0x58, 0x76, 0xdd, 0x68, 0x9a, 0xdd, 
	0xa7, 0xb4, 0xbb, 0xdb, 0xe2, 0xb8, 0x89, 0x5a, 
	0x33, 0xc6, 0xdd, 0xdd, 0x87, 0x87, 0x66, 0x78, 
	0x98, 0x86, 0xee, 0x98, 0x59, 0x49, 0x8b, 0x2d, 
	0xd6, 0xa4, 0x43, 0xb6, 0x36, 0xd8, 0x9d, 0x67, 
	0x7d, 0xa3, 0xd6, 0xbc, 0x84, 0x07, 0x39, 0x58, 
	0x98, 0xd6, 0x6a, 0xd7, 0xba, 0x87, 0x26, 0xa7, 
	0x77, 0x76, 0x07, 0x37, 0x44, 0x49, 0x86, 0x66, 
	0x66, 0x85, 0x4d, 0xb6, 0x66, 0x27, 0x6a, 0xda, 
	0xdb, 0xa3, 0xbd, 0xa4, 0x94, 0xdb, 0x34, 0x59, 
	0xa2, 0x66, 0x2d, 0xad, 0xd6, 0x36, 0x02, 0xdd, 
	0xac, 0xb2, 0x09, 0x89, 0x44, 0x49, 0x76, 0xd6, 
	0xdd, 0x95, 0x43, 0x36, 0x62, 0x02, 0xa6, 0x66, 
	0xdb, 0xa3, 0x33, 0x94, 0x84, 0x36, 0xa5, 0x43, 
	0x2d, 0x11, 0xd6, 0xdd, 0xab, 0xa0, 0xa6, 0xd6, 
	0xbb, 0x60, 0x00, 0xe4, 0x95, 0x59, 0x36, 0x66, 
	0xd7, 0x45, 0x93, 0xa6, 0x62, 0x03, 0xa2, 0xd2, 
	0x6a, 0x83, 0x84, 0x4a, 0x64, 0xc2, 0xd5, 0x9a, 
	0xbd, 0x26, 0xab, 0xa2, 0xdd, 0xe0, 0xdc, 0x9d, 
	0x6d, 0x60, 0x11, 0xfe, 0xc4, 0x59, 0x9b, 0x6d, 
	0xbb, 0x45, 0x97, 0x66, 0x11, 0x68, 0xa6, 0x66, 
	0x66, 0x7b, 0x34, 0x96, 0xd9, 0x96, 0x35, 0x43, 
	0xd2, 0x2b, 0x8b, 0xdd, 0x67, 0x21, 0xd4, 0xe6, 
	0xda, 0x26, 0xe0, 0xff, 0x09, 0x95, 0xca, 0xd7, 
	0x6b, 0x94, 0xc7, 0x66, 0x11, 0x77, 0x62, 0x66, 
	0xda, 0x76, 0x35, 0x76, 0x66, 0x4a, 0x95, 0x53, 
	0x7b, 0x2d, 0xbb, 0xd6, 0x67, 0x38, 0x9a, 0x61, 
	0x6d, 0x21, 0x30, 0x00, 0x08, 0x88, 0xca, 0xdd, 
	0xd7, 0x94, 0x3b, 0x66, 0x6d, 0xba, 0x66, 0x66, 
	0xd4, 0x87, 0x38, 0xb7, 0x6d, 0x79, 0x95, 0x54, 
	0x3d, 0x6d, 0xb7, 0xd6, 0xa6, 0xae, 0xea, 0x62, 
	0x6a, 0x2e, 0x31, 0x20, 0xeb, 0x73, 0x3d, 0x7d, 
	0xdd, 0x38, 0x97, 0x66, 0x6d, 0x36, 0x66, 0x6d, 
	0xa5, 0x98, 0x97, 0xd6, 0x7d, 0x85, 0x44, 0x59, 
	0x88, 0x3d, 0x83, 0xdd, 0xad, 0xe0, 0x69, 0x2d, 
	0x76, 0x0c, 0x72, 0x6a, 0xe8, 0x48, 0x8a, 0xda, 
	0xdd, 0xb9, 0x93, 0x60, 0xdd, 0x8b, 0xda, 0xc4, 
	0x55, 0x3e, 0x0a, 0x60, 0xd7, 0xa4, 0x94, 0x54, 
	0x93, 0x77, 0x88, 0xb2, 0x0a, 0xe1, 0x77, 0xb1, 
	0xee, 0x88, 0x32, 0x66, 0x67, 0x48, 0x3a, 0xd6, 
	0x77, 0xb9, 0x99, 0x16, 0x7d, 0xea, 0x87, 0x55, 
	0x59, 0xa1, 0x07, 0x62, 0xa7, 0xd5, 0x94, 0x55, 
	0x48, 0x39, 0x98, 0xb2, 0x00, 0xf7, 0x28, 0xc2, 
	0x69, 0x89, 0xd6, 0x66, 0x2b, 0x78, 0x73, 0xd6, 
	0xb6, 0xd7, 0x33, 0xd2, 0x00, 0x07, 0x58, 0xa5, 
	0x57, 0xa0, 0x1d, 0xbd, 0xda, 0x74, 0xd8, 0x44, 
	0x48, 0x34, 0x44, 0x70, 0xff, 0xfc, 0x39, 0x87, 
	0x75, 0x94, 0x16, 0x6d, 0x2b, 0xa3, 0x73, 0x7a, 
	0xbd, 0x67, 0x98, 0x20, 0x0e, 0xe5, 0x56, 0x75, 
	0x4a, 0xa0, 0x6d, 0xd6, 0x63, 0x33, 0xd3, 0x94, 
	0x59, 0x95, 0x99, 0x82, 0xff, 0x0a, 0x54, 0x44, 
	0x44, 0x57, 0x26, 0x62, 0x03, 0x77, 0x38, 0xcd, 
	0xaa, 0xb8, 0x9b, 0x10, 0x09, 0x94, 0x97, 0x89, 
	0x8b, 0xee, 0x61, 0x6d, 0xd3, 0x3b, 0x26, 0x84, 
	0x54, 0x95, 0x54, 0x9b, 0x1f, 0x05, 0x94, 0x94, 
	0x54, 0x82, 0x6d, 0x60, 0x07, 0xda, 0x54, 0x97, 
	0xaa, 0xac, 0x8a, 0x10, 0xad, 0xa5, 0x97, 0xa9, 
	0xad, 0xd7, 0x11, 0x6a, 0xdc, 0x76, 0x2e, 0xd4, 
	0x54, 0x45, 0x55, 0x43, 0x10, 0xf4, 0x84, 0x48, 
	0x45, 0x37, 0x6e, 0x22, 0x33, 0xdc, 0x44, 0x7a, 
	0x77, 0xa0, 0xd6, 0x22, 0xd6, 0xd9, 0x7b, 0x9d, 
	0xb6, 0x26, 0x22, 0x6a, 0x68, 0x62, 0x00, 0xd8, 
	0x94, 0x45, 0x55, 0x57, 0xe1, 0x09, 0x98, 0x39, 
	0x79, 0x34, 0x7e, 0x1e, 0xa3, 0xa4, 0x44, 0x99, 
	0x48, 0x70, 0xb6, 0xb6, 0xe1, 0x63, 0x77, 0x82, 
	0x26, 0x06, 0x11, 0xdd, 0x2d, 0x22, 0x10, 0xd3, 
	0x94, 0x54, 0x55, 0x53, 0x60, 0xe5, 0x84, 0x45, 
	0x47, 0x37, 0x3a, 0xb0, 0xd3, 0x39, 0x8a, 0x34, 
	0x88, 0x72, 0x62, 0x7d, 0xb1, 0x63, 0x73, 0x92, 
	0xb0, 0xbb, 0x02, 0x76, 0x66, 0x21, 0x20, 0x03, 
	0x55, 0x55, 0x45, 0x56, 0x0e, 0x39, 0x89, 0xa5, 
	0x37, 0xea, 0xd2, 0x02, 0xd9, 0x3e, 0xfd, 0x73, 
	0xed, 0xbb, 0x67, 0x3b, 0xb1, 0x33, 0x7b, 0x76, 
	0x2d, 0x4a, 0x06, 0x72, 0xe3, 0xb6, 0x22, 0x0a, 
	0x85, 0x55, 0x59, 0x4d, 0x69, 0xe9, 0x86, 0xe4, 
	0xcd, 0x2d, 0x3b, 0x60, 0xe4, 0xe0, 0x10, 0x1e, 
	0xf0, 0x67, 0xa8, 0x87, 0x77, 0x83, 0xb6, 0x62, 
	0x0d, 0x5a, 0x0d, 0xb2, 0x6d, 0x77, 0xdd, 0x6d, 
	0xa5, 0x55, 0x43, 0x82, 0x2d, 0x6d, 0xd6, 0x49, 
	0x4d, 0x66, 0x66, 0x00, 0xe4, 0x0f, 0x00, 0x00, 
	0x00, 0xe7, 0x73, 0x7d, 0x88, 0x78, 0x7d, 0x13, 
	0x62, 0x70, 0x06, 0x62, 0xdb, 0x48, 0xad, 0xda, 
	0xd5, 0x45, 0x49, 0x58, 0xaa, 0xa7, 0x6a, 0x55, 
	0x88, 0x7d, 0x60, 0x01, 0xa4, 0xe0, 0xf1, 0xb6, 
	0x62, 0x6d, 0x76, 0x77, 0x38, 0x88, 0x36, 0xe9, 
	0xe0, 0x20, 0x26, 0xd6, 0xb9, 0x97, 0x7a, 0xa7, 
	0xd4, 0x54, 0x55, 0x47, 0xda, 0x99, 0xd4, 0x44, 
	0xda, 0xa4, 0x76, 0x2d, 0x79, 0x10, 0x17, 0xba, 
	0x62, 0x22, 0xa6, 0x3d, 0x78, 0x39, 0x32, 0xdd, 
	0xe0, 0x62, 0x62, 0xa6, 0x73, 0x43, 0x33, 0x33, 
	0xa6, 0xd7, 0x54, 0x48, 0x79, 0x96, 0xd9, 0x84, 
	0xb0, 0x7b, 0x86, 0x26, 0x79, 0xee, 0xd7, 0xbd, 
	0x62, 0x66, 0xdb, 0x3b, 0x83, 0x79, 0xad, 0x6c, 
	0x3d, 0xa2, 0x20, 0x73, 0x84, 0x58, 0x93, 0x73, 
	0xba, 0xd4, 0x55, 0x54, 0x38, 0x83, 0xbb, 0x7c, 
	0xcc, 0x9d, 0xd0, 0x67, 0x88, 0x6d, 0xb7, 0xa6, 
	0xd6, 0x26, 0xad, 0x37, 0x8b, 0xbb, 0x60, 0x04, 
	0x60, 0x26, 0x00, 0x28, 0x95, 0x54, 0x97, 0x34, 
	0x3d, 0x84, 0x55, 0x49, 0x37, 0x8a, 0x77, 0xb8, 
	0xd3, 0x30, 0xed, 0x2c, 0x93, 0xe1, 0xb7, 0xa6, 
	0x62, 0x2d, 0xa7, 0x38, 0x83, 0x6d, 0x60, 0x03, 
	0xb0, 0x6a, 0x60, 0x68, 0x95, 0x59, 0x88, 0x84, 
	0x96, 0x35, 0x55, 0x45, 0x93, 0x88, 0x33, 0x7b, 
	0x76, 0xb3, 0xab, 0x73, 0x87, 0xbe, 0x87, 0xda, 
	0x12, 0x26, 0xd7, 0x84, 0x93, 0xb7, 0xb6, 0xe6, 
	0xe1, 0x6a, 0x70, 0xd8, 0x95, 0x54, 0x99, 0x99, 
	0xc6, 0xa4, 0x55, 0x55, 0x49, 0x99, 0x93, 0xbd, 
	0xd6, 0xa3, 0x77, 0x39, 0x33, 0xcd, 0x3a, 0xdb, 
	0x66, 0x66, 0xa8, 0x97, 0x33, 0x37, 0x77, 0x8a, 
	0xd2, 0x6d, 0xbe, 0xd8, 0x55, 0x54, 0x93, 0x78, 
	0xc2, 0x74, 0x55, 0x55, 0x44, 0x49, 0x48, 0x62, 
	0xd6, 0xda, 0x97, 0x88, 0x39, 0x7a, 0x36, 0x67, 
	0xd6, 0x62, 0xb9, 0x4a, 0x79, 0x77, 0x87, 0xad, 
	0xdd, 0xa6, 0x11, 0xd4, 0x55, 0x49, 0x43, 0x83, 
	0xcd, 0x99, 0x45, 0x54, 0x84, 0x44, 0x43, 0xd2, 
	0x6e, 0xb8, 0x59, 0x38, 0x79, 0x37, 0x3d, 0xdb, 
	0xba, 0xd2, 0x34, 0x53, 0x33, 0x97, 0x93, 0xdd, 
	0x63, 0x9b, 0x26, 0xd4, 0x55, 0x59, 0x93, 0x98, 
	0x77, 0x38, 0x55, 0x44, 0x99, 0x74, 0x97, 0x62, 
	0x2a, 0x79, 0x8b, 0x33, 0xa3, 0x38, 0x7a, 0xbd, 
	
};

Gfx ccm_dl_end_gake6_ci4_pal_rgba16_aligner[] = {gsSPEndDisplayList()};
u8 ccm_dl_end_gake6_ci4_pal_rgba16[] = {
	0x8c, 0xa5, 0x84, 0x61, 0x7c, 0x1d, 0x52, 0x95, 
	0x31, 0xcf, 0x21, 0x4b, 0x73, 0xdb, 0x5b, 0x17, 
	0x4a, 0x55, 0x42, 0x13, 0x6b, 0x59, 0x63, 0x59, 
	0x4a, 0x51, 0x6b, 0x99, 0x7b, 0xdf, 0xb5, 0xef, 
	
};

Gfx ccm_dl_tk_bg_snow01_ci4_aligner[] = {gsSPEndDisplayList()};
u8 ccm_dl_tk_bg_snow01_ci4[] = {
	0x00, 0x10, 0x11, 0x12, 0x21, 0x23, 0x44, 0x45, 
	0x56, 0x54, 0x25, 0x65, 0x44, 0x55, 0x47, 0x87, 
	0x44, 0x55, 0x65, 0x55, 0x55, 0x56, 0x76, 0x66, 
	0x67, 0x46, 0x31, 0x32, 0x11, 0x11, 0x12, 0x52, 
	0x20, 0x21, 0x12, 0x12, 0x21, 0x12, 0x33, 0x34, 
	0x54, 0x33, 0x13, 0x55, 0x45, 0x54, 0x45, 0x75, 
	0x34, 0x56, 0x66, 0x65, 0x55, 0x56, 0x66, 0x56, 
	0x67, 0x31, 0x20, 0x01, 0x21, 0x01, 0x01, 0x42, 
	0x32, 0x10, 0x21, 0x12, 0x23, 0x22, 0x23, 0x44, 
	0x44, 0x21, 0x03, 0x35, 0x46, 0x54, 0x44, 0x46, 
	0x46, 0x67, 0x65, 0x55, 0x46, 0x56, 0x56, 0x55, 
	0x55, 0x62, 0x20, 0x01, 0x32, 0x12, 0x34, 0x54, 
	0x43, 0x52, 0x43, 0x33, 0x34, 0x43, 0x22, 0x42, 
	0x22, 0x32, 0x13, 0x67, 0x45, 0x64, 0x43, 0x34, 
	0x34, 0x64, 0x54, 0x65, 0x55, 0x65, 0x66, 0x64, 
	0x45, 0x64, 0x22, 0x57, 0x74, 0x24, 0x55, 0x65, 
	0x35, 0x62, 0x43, 0x33, 0x44, 0x44, 0x43, 0x11, 
	0x22, 0x31, 0x23, 0x66, 0x47, 0x54, 0x32, 0x22, 
	0x22, 0x22, 0x33, 0x55, 0x55, 0x56, 0x79, 0x76, 
	0x36, 0x74, 0x61, 0x56, 0x65, 0x32, 0x54, 0x76, 
	0x46, 0x97, 0x65, 0x35, 0x55, 0x55, 0x65, 0x42, 
	0x23, 0x33, 0x33, 0x97, 0x59, 0x75, 0x41, 0x21, 
	0x22, 0x33, 0x44, 0x59, 0x66, 0x56, 0x99, 0x79, 
	0x96, 0x67, 0x61, 0x22, 0x35, 0x32, 0x45, 0x76, 
	0x56, 0x67, 0x76, 0x56, 0x67, 0xa6, 0xbb, 0x76, 
	0x54, 0x44, 0x35, 0xc8, 0xd7, 0xb7, 0x42, 0x21, 
	0x22, 0x34, 0x46, 0x77, 0x66, 0x67, 0x97, 0x79, 
	0x87, 0x77, 0x52, 0x32, 0x23, 0x22, 0x46, 0x65, 
	0x97, 0x77, 0x66, 0x67, 0x7a, 0xbb, 0xec, 0xcb, 
	0x65, 0x35, 0x56, 0x8b, 0xb9, 0x76, 0x53, 0x31, 
	0x25, 0x66, 0x9b, 0x99, 0x67, 0x5d, 0x76, 0x77, 
	0xbb, 0x87, 0x55, 0x53, 0x33, 0x21, 0x25, 0x67, 
	0x96, 0x55, 0x67, 0x77, 0xbb, 0xee, 0xec, 0xce, 
	0x77, 0x55, 0x55, 0x77, 0x7b, 0x75, 0x54, 0x42, 
	0x31, 0x45, 0xbb, 0x77, 0x9a, 0xbb, 0xb7, 0x95, 
	0x6c, 0x6b, 0x57, 0x53, 0x35, 0x42, 0x36, 0x67, 
	0x89, 0x54, 0x5b, 0x77, 0x7b, 0xcc, 0xcc, 0xee, 
	0x8a, 0x77, 0x64, 0x57, 0x57, 0x66, 0x66, 0x44, 
	0x45, 0x24, 0x8b, 0xd6, 0xaa, 0x67, 0x97, 0x66, 
	0x56, 0x66, 0x55, 0x44, 0x4b, 0x73, 0x23, 0x46, 
	0x86, 0x55, 0x56, 0x76, 0x69, 0x88, 0xcc, 0xee, 
	0xeb, 0xb8, 0x93, 0x36, 0x36, 0x65, 0x43, 0x57, 
	0x65, 0x47, 0x8b, 0xa5, 0xdb, 0x6a, 0x46, 0x7b, 
	0x7c, 0x6d, 0xb6, 0x64, 0x5b, 0x94, 0x22, 0x36, 
	0x77, 0x53, 0x45, 0x44, 0x56, 0x68, 0xcc, 0xce, 
	0xdd, 0xdb, 0x74, 0x57, 0x34, 0x53, 0x35, 0x67, 
	0x96, 0x78, 0xcb, 0xd6, 0xb7, 0x55, 0x46, 0x56, 
	0x77, 0x8e, 0x54, 0x55, 0x42, 0x43, 0x23, 0x47, 
	0x77, 0x76, 0x43, 0x33, 0x45, 0x6a, 0x88, 0x8b, 
	0xbe, 0xaa, 0x76, 0x69, 0x56, 0x52, 0x31, 0x57, 
	0x69, 0x68, 0xf8, 0x77, 0xea, 0x65, 0x66, 0x67, 
	0x99, 0x8c, 0xc7, 0x44, 0x63, 0x46, 0x53, 0x35, 
	0x97, 0x77, 0x54, 0x55, 0x66, 0x56, 0x7b, 0x89, 
	0xbc, 0xc9, 0x95, 0x66, 0x55, 0x42, 0x21, 0x49, 
	0x99, 0x98, 0x8c, 0xcb, 0x8b, 0x66, 0x66, 0xc8, 
	0x9c, 0x88, 0xcc, 0x63, 0x33, 0x57, 0x53, 0x35, 
	0x97, 0x66, 0x55, 0x54, 0x45, 0x56, 0x76, 0x99, 
	0x8c, 0x88, 0xb6, 0x65, 0x33, 0x32, 0x36, 0x39, 
	0x86, 0x77, 0x78, 0x88, 0xb7, 0x76, 0x77, 0xcc, 
	0xcf, 0xcc, 0xc8, 0x65, 0x44, 0x56, 0x43, 0x34, 
	0x66, 0x96, 0x67, 0x65, 0x53, 0x35, 0x66, 0x97, 
	0x9c, 0xc8, 0x76, 0x65, 0x34, 0x22, 0x33, 0x36, 
	0x73, 0x99, 0xcc, 0xbb, 0xb7, 0x65, 0x79, 0xcc, 
	0xcc, 0x77, 0xe7, 0x64, 0x55, 0x32, 0x43, 0x33, 
	0x77, 0x98, 0x67, 0x76, 0x76, 0x24, 0x77, 0x97, 
	0x88, 0x8b, 0x76, 0x95, 0x23, 0x33, 0x55, 0x57, 
	0x97, 0x78, 0xcb, 0xb7, 0x87, 0x76, 0x98, 0xcc, 
	0x8c, 0xb7, 0x65, 0x31, 0x44, 0x52, 0x33, 0x35, 
	0x67, 0x79, 0x49, 0x99, 0x77, 0x45, 0x9b, 0x89, 
	0xcc, 0x88, 0x76, 0x95, 0x45, 0x22, 0x55, 0x45, 
	0x69, 0x79, 0x8c, 0x67, 0x97, 0x99, 0x79, 0x98, 
	0x88, 0x76, 0x42, 0x21, 0x35, 0x46, 0x34, 0x35, 
	0x68, 0x96, 0x57, 0x99, 0x87, 0x59, 0xbc, 0xc8, 
	0xcc, 0x88, 0x87, 0x67, 0x55, 0x32, 0x59, 0x97, 
	0x58, 0x87, 0xcc, 0x79, 0x99, 0x88, 0x99, 0x97, 
	0x99, 0x75, 0x43, 0x11, 0x14, 0x15, 0x79, 0x45, 
	0x56, 0x96, 0x57, 0x88, 0x86, 0x68, 0xc8, 0xbb, 
	0xb8, 0xbc, 0x97, 0x57, 0x74, 0x54, 0x55, 0x67, 
	0x46, 0x99, 0xfc, 0x8c, 0xc9, 0xc8, 0x88, 0x76, 
	0x55, 0x54, 0x53, 0x00, 0x00, 0x06, 0x87, 0x45, 
	0x79, 0x76, 0x67, 0x9c, 0x86, 0x89, 0x8b, 0x7b, 
	0xbb, 0x8b, 0xb6, 0x69, 0x75, 0x54, 0x98, 0x99, 
	0x6c, 0xc9, 0xff, 0x8c, 0x89, 0xcf, 0xc8, 0x64, 
	0x33, 0x33, 0x33, 0x20, 0x00, 0x01, 0x64, 0x35, 
	0x69, 0x66, 0x56, 0x78, 0x97, 0xfc, 0x97, 0xaa, 
	0x88, 0xc8, 0x86, 0x67, 0x66, 0x66, 0x99, 0x89, 
	0x6c, 0x88, 0xcc, 0xb8, 0x8c, 0xcf, 0xc8, 0x53, 
	0x33, 0x34, 0x65, 0x41, 0x00, 0x14, 0x65, 0x35, 
	0x75, 0x35, 0x55, 0x65, 0x69, 0xfc, 0x88, 0x6b, 
	0x8c, 0xcb, 0xc6, 0x96, 0x35, 0x67, 0x97, 0x98, 
	0x98, 0x99, 0xc8, 0xbb, 0xbe, 0xcc, 0xfc, 0xb6, 
	0x54, 0x66, 0x76, 0x63, 0x22, 0x04, 0x64, 0x39, 
	0x64, 0x56, 0x56, 0x74, 0x57, 0x97, 0x7b, 0x6c, 
	0xcc, 0xfc, 0xcb, 0x96, 0x55, 0x57, 0x97, 0x78, 
	0x97, 0x8c, 0xfc, 0xb5, 0xbe, 0xbc, 0xc8, 0x97, 
	0x53, 0x55, 0x56, 0x54, 0x52, 0x13, 0x43, 0x14, 
	0x45, 0x47, 0x44, 0x54, 0x36, 0x66, 0x67, 0xbc, 
	0x8c, 0xff, 0xfc, 0xc7, 0x65, 0x45, 0x76, 0x78, 
	0x99, 0x8f, 0xfc, 0xb6, 0x8c, 0xb9, 0x89, 0x99, 
	0x64, 0x44, 0x46, 0x45, 0x53, 0x13, 0x31, 0x12, 
	0x34, 0x56, 0x32, 0x33, 0x25, 0x6a, 0x5b, 0xcb, 
	0xa8, 0xcf, 0xff, 0xc8, 0x75, 0x35, 0x99, 0x48, 
	0x9f, 0xc8, 0xc8, 0x76, 0x88, 0x76, 0x68, 0xc9, 
	0x65, 0x45, 0x97, 0x57, 0x76, 0x15, 0x31, 0x11, 
	0x23, 0x46, 0x73, 0x54, 0x45, 0xba, 0xab, 0xff, 
	0xb8, 0xcc, 0xc9, 0x9f, 0x65, 0x44, 0x47, 0x96, 
	0x67, 0x9c, 0xfb, 0x66, 0x96, 0x63, 0x48, 0x86, 
	0x43, 0x27, 0x85, 0x69, 0x74, 0x25, 0x31, 0x01, 
	0x22, 0x58, 0x76, 0x97, 0x54, 0x58, 0xbf, 0xce, 
	0xee, 0xb7, 0x65, 0x35, 0x55, 0x55, 0x55, 0x97, 
	0x59, 0x98, 0xcb, 0xb7, 0x96, 0x52, 0x57, 0x74, 
	0x34, 0x67, 0x96, 0x67, 0x84, 0x47, 0x32, 0x11, 
	0x65, 0x7f, 0x98, 0x89, 0x54, 0x56, 0x88, 0x8e, 
	0x8b, 0xbb, 0xbb, 0x52, 0x23, 0x67, 0x67, 0x75, 
	0x53, 0x7c, 0xc8, 0x76, 0x99, 0x64, 0x66, 0x43, 
	0x77, 0x66, 0x98, 0x87, 0x76, 0x59, 0x44, 0x33, 
	0x35, 0x7f, 0x88, 0x98, 0x63, 0x67, 0x7c, 0x88, 
	0xcc, 0xcb, 0x77, 0x53, 0x11, 0x34, 0x7c, 0x75, 
	0x65, 0x5f, 0xf8, 0x98, 0x98, 0x86, 0x69, 0x59, 
	0x98, 0xa9, 0xcf, 0xc8, 0x87, 0x54, 0x54, 0x43, 
	0x45, 0x7c, 0xbc, 0x87, 0x53, 0x75, 0x77, 0x9c, 
	0xff, 0xc8, 0x77, 0x76, 0x33, 0x22, 0x59, 0x86, 
	0x6c, 0x59, 0xf9, 0xc9, 0x78, 0x86, 0x76, 0x67, 
	0xc8, 0xb7, 0xff, 0xf8, 0xff, 0x64, 0x34, 0x44, 
	0x34, 0x59, 0x79, 0x8b, 0x45, 0x66, 0x65, 0x8f, 
	0xcf, 0xc8, 0x67, 0x76, 0x42, 0x45, 0x7c, 0xc7, 
	0x65, 0x46, 0x96, 0x98, 0xcf, 0x96, 0xb8, 0x78, 
	0x97, 0xb7, 0xcf, 0xf7, 0xc8, 0x55, 0x57, 0x43, 
	0x21, 0x47, 0x69, 0xb7, 0x44, 0x79, 0xb6, 0x6c, 
	0xff, 0x8b, 0xbc, 0x87, 0x64, 0x67, 0x7f, 0xc6, 
	0x87, 0x59, 0x98, 0x8c, 0xc8, 0x87, 0xc8, 0x79, 
	0x7c, 0xb7, 0xcf, 0xc6, 0xc9, 0xb7, 0x36, 0x42, 
	0x21, 0x36, 0x5b, 0x96, 0x35, 0x79, 0xbb, 0x58, 
	0xff, 0xbc, 0x78, 0xc7, 0x65, 0x69, 0x7c, 0x84, 
	0x97, 0x36, 0x6c, 0xc8, 0x88, 0xc9, 0xc8, 0x98, 
	0xcf, 0xa7, 0xcc, 0xc6, 0xc9, 0x76, 0x56, 0x53, 
	0x22, 0x59, 0x57, 0xb6, 0x37, 0x7b, 0xbe, 0x59, 
	0x88, 0xc9, 0x78, 0xfb, 0x74, 0x6c, 0x8c, 0x74, 
	0x79, 0x98, 0x79, 0x89, 0xcf, 0x88, 0xcc, 0x88, 
	0xcc, 0xba, 0xac, 0xca, 0xc7, 0xb8, 0xb6, 0x52, 
	0x10, 0x47, 0x35, 0x77, 0x46, 0x88, 0x8b, 0x6b, 
	0xb8, 0xc8, 0xcf, 0xf8, 0x95, 0x58, 0xc7, 0x64, 
	0x76, 0x99, 0x57, 0x98, 0xcf, 0xc8, 0xfc, 0xbc, 
	0xcf, 0x8b, 0xbc, 0xca, 0xcb, 0xbc, 0x86, 0x54, 
	0x21, 0x37, 0x36, 0x77, 0x55, 0xb8, 0x8b, 0x8c, 
	0xc8, 0xbe, 0xcc, 0xcb, 0xd4, 0x58, 0x87, 0x75, 
	0x7b, 0x89, 0x69, 0x8f, 0xff, 0xf8, 0xff, 0xbc, 
	0xcc, 0x8b, 0xb8, 0xcb, 0x88, 0x6b, 0x95, 0x43, 
	0x21, 0x26, 0x46, 0x69, 0x56, 0x88, 0xcc, 0xcc, 
	0xcc, 0xca, 0xec, 0xee, 0xd5, 0x58, 0x97, 0x54, 
	0x7c, 0xfc, 0x78, 0x88, 0xcc, 0xc8, 0xff, 0xcc, 
	0x88, 0x8a, 0xa8, 0xcb, 0xce, 0xda, 0x73, 0x42, 
	0x30, 0x15, 0x77, 0xbb, 0x6a, 0x88, 0xbf, 0xcc, 
	0xfc, 0xc7, 0x9c, 0xbb, 0xaa, 0xb7, 0xb9, 0x76, 
	0x9f, 0xcc, 0x8c, 0xcf, 0xc8, 0x88, 0x8f, 0xbc, 
	0x8b, 0x8a, 0xb8, 0xcb, 0xeb, 0xba, 0x63, 0x53, 
	0x41, 0x26, 0x7a, 0x9b, 0xbb, 0x8c, 0x8f, 0xfc, 
	0xcf, 0xc6, 0x79, 0xbc, 0xee, 0xeb, 0x77, 0x88, 
	0xfc, 0xfc, 0xcc, 0xcc, 0xcc, 0x8b, 0xcf, 0x8b, 
	0x9b, 0xaa, 0xae, 0xeb, 0xee, 0xb7, 0x64, 0x44, 
	0x52, 0x36, 0xda, 0xba, 0xba, 0xc8, 0xcf, 0xf8, 
	0xcf, 0x86, 0x55, 0x8c, 0xcc, 0xc7, 0xb9, 0x9b, 
	0xcf, 0x8b, 0x8f, 0x88, 0xcc, 0xcb, 0x8e, 0xb6, 
	0x67, 0xba, 0xab, 0xba, 0xab, 0x75, 0x54, 0x45, 
	0x63, 0x44, 0x5a, 0xbd, 0xd5, 0xb8, 0xb8, 0x89, 
	0x97, 0x97, 0x57, 0xcc, 0xcc, 0xc7, 0xbb, 0x99, 
	0xff, 0xc8, 0x8c, 0x8c, 0x88, 0x8b, 0xbb, 0x77, 
	0xa6, 0xbb, 0xb8, 0xba, 0xbb, 0xb5, 0x54, 0x23, 
	0x54, 0x54, 0x55, 0x54, 0x55, 0x98, 0x99, 0x99, 
	0x98, 0x97, 0x59, 0x8f, 0xfc, 0x88, 0xb9, 0x8c, 
	0xff, 0xcb, 0xc8, 0x99, 0x89, 0xbb, 0x77, 0x56, 
	0x67, 0xbb, 0x8b, 0xaa, 0xaa, 0x65, 0x45, 0x34, 
	0x65, 0x54, 0x56, 0x44, 0xd6, 0x79, 0x78, 0x97, 
	0x79, 0x86, 0x59, 0x9c, 0xff, 0xfc, 0x97, 0x88, 
	0xcf, 0xf8, 0xfc, 0x77, 0x97, 0x65, 0x66, 0x65, 
	0x45, 0x9b, 0xbb, 0xad, 0xaa, 0x65, 0x44, 0x45, 
	0x75, 0x65, 0x44, 0x46, 0xd7, 0x75, 0x67, 0x65, 
	0x55, 0x66, 0x69, 0x89, 0x8c, 0xcc, 0x76, 0x7c, 
	0xff, 0xf9, 0xfc, 0x57, 0x76, 0x54, 0x46, 0x74, 
	0x34, 0x6a, 0xb8, 0xad, 0xa7, 0x54, 0x54, 0x59, 
	0x74, 0x66, 0x44, 0x44, 0x55, 0x44, 0x57, 0x56, 
	0x66, 0x97, 0x79, 0xc6, 0x69, 0x88, 0x79, 0x8c, 
	0xff, 0xc6, 0xc8, 0x96, 0x86, 0x32, 0x34, 0x43, 
	0x46, 0x77, 0xeb, 0xbd, 0xa7, 0x34, 0x45, 0x56, 
	0xa4, 0x64, 0x43, 0x44, 0x23, 0x67, 0x95, 0x57, 
	0x99, 0x99, 0x75, 0x45, 0x59, 0x99, 0x9c, 0xc8, 
	0xff, 0xf6, 0x97, 0x55, 0x65, 0x33, 0x33, 0x45, 
	0x5c, 0xca, 0xba, 0xa5, 0x76, 0x44, 0x44, 0x56, 
	0x65, 0x54, 0x33, 0x33, 0x45, 0x77, 0x54, 0x69, 
	0x8c, 0x67, 0x9c, 0x83, 0x49, 0x9c, 0xcc, 0x8c, 
	0xff, 0x94, 0x69, 0x65, 0x65, 0x64, 0x55, 0x55, 
	0x78, 0x8e, 0xba, 0xa4, 0x55, 0x34, 0x34, 0x45, 
	0xd5, 0x54, 0x44, 0x33, 0x45, 0x54, 0x34, 0x67, 
	0x97, 0x89, 0x7f, 0xc9, 0x49, 0x98, 0xc7, 0x98, 
	0x88, 0x94, 0x56, 0x66, 0x96, 0x66, 0x67, 0x57, 
	0x9c, 0xeb, 0xe5, 0x44, 0x43, 0x24, 0x35, 0x55, 
	0x65, 0x54, 0x43, 0x32, 0x34, 0x42, 0x23, 0x44, 
	0x69, 0x79, 0x8c, 0xfc, 0x68, 0x88, 0xf9, 0x89, 
	0x75, 0x65, 0x66, 0x66, 0x99, 0x77, 0x99, 0x68, 
	0xb8, 0xea, 0xd4, 0x23, 0x32, 0x23, 0x35, 0x44, 
	0x5d, 0x44, 0x44, 0x34, 0x56, 0x55, 0x44, 0x35, 
	0x66, 0x63, 0x68, 0xc9, 0x6c, 0x88, 0x88, 0x85, 
	0x66, 0x54, 0x56, 0x77, 0xcc, 0x89, 0x9b, 0xd8, 
	0xba, 0x7b, 0x51, 0x21, 0x11, 0x12, 0x34, 0x23, 
	0x55, 0x44, 0x43, 0x54, 0x46, 0x97, 0x66, 0x56, 
	0x76, 0x75, 0x55, 0x66, 0x29, 0x89, 0x89, 0x95, 
	0x79, 0x62, 0x34, 0x69, 0x8f, 0xcf, 0xca, 0xe8, 
	0xee, 0xe7, 0x54, 0x42, 0x22, 0x32, 0x34, 0x22, 
	0x45, 0x33, 0x45, 0x45, 0x56, 0x67, 0x66, 0x66, 
	0x77, 0x77, 0x65, 0x42, 0x15, 0x79, 0x86, 0x66, 
	0xb6, 0x42, 0x25, 0x79, 0x8c, 0xcf, 0xbd, 0xe8, 
	0xfb, 0xa6, 0x43, 0x33, 0x32, 0x31, 0x24, 0x22, 
	0x46, 0x21, 0x33, 0x45, 0x57, 0x7b, 0xa6, 0x77, 
	0x76, 0x66, 0x54, 0x41, 0x24, 0x56, 0x76, 0x54, 
	0x55, 0x42, 0x24, 0x56, 0x79, 0x99, 0xba, 0xeb, 
	0xcb, 0xd6, 0x53, 0x34, 0x43, 0x33, 0x25, 0x33, 
	0x54, 0x21, 0x23, 0x44, 0x47, 0xbb, 0x8b, 0x7b, 
	0x77, 0x76, 0x44, 0x32, 0x11, 0x35, 0x76, 0x43, 
	0x66, 0x32, 0x35, 0x55, 0x69, 0x76, 0x77, 0xbb, 
	0xb8, 0x55, 0x44, 0x33, 0x43, 0x23, 0x33, 0x13, 
	0x33, 0x33, 0x57, 0x45, 0x44, 0x46, 0x77, 0x79, 
	0x76, 0x64, 0x43, 0x31, 0x11, 0x24, 0x65, 0x44, 
	0x44, 0x23, 0x35, 0x44, 0x69, 0x66, 0xbb, 0xcc, 
	0xbb, 0x65, 0x54, 0x45, 0x54, 0x44, 0x33, 0x11, 
	0x32, 0x23, 0x55, 0x34, 0x43, 0x45, 0x65, 0x66, 
	0x44, 0x43, 0x21, 0x21, 0x11, 0x12, 0x33, 0x42, 
	0x23, 0x23, 0x45, 0x44, 0x67, 0x8b, 0xbb, 0xcb, 
	0x97, 0x67, 0x65, 0x44, 0x54, 0x44, 0x54, 0x21, 
	0x22, 0x22, 0x32, 0x22, 0x24, 0x34, 0x56, 0x75, 
	0x44, 0x33, 0x11, 0x12, 0x23, 0x12, 0x32, 0x31, 
	0x22, 0x33, 0x45, 0x45, 0x79, 0x99, 0xab, 0x75, 
	0x99, 0x79, 0x66, 0x56, 0x53, 0x45, 0x53, 0x21, 
	0x41, 0x32, 0x21, 0x21, 0x22, 0x34, 0x46, 0x65, 
	0x23, 0x33, 0x21, 0x21, 0x11, 0x33, 0x32, 0x20, 
	0x22, 0x23, 0x55, 0x54, 0x66, 0x99, 0x79, 0x99, 
	0x99, 0x76, 0x76, 0x65, 0x42, 0x32, 0x33, 0x31, 
	0x22, 0x31, 0x11, 0x22, 0x11, 0x23, 0x45, 0x45, 
	0x33, 0x32, 0x22, 0x21, 0x11, 0x22, 0x21, 0x20, 
	0x11, 0x23, 0x5d, 0x44, 0x45, 0x66, 0x67, 0x79, 
	0x76, 0x77, 0x65, 0x55, 0x33, 0x31, 0x13, 0x32, 
	0x10, 0x32, 0x11, 0x12, 0x00, 0x12, 0x34, 0x53, 
	0x23, 0x22, 0x11, 0x10, 0x21, 0x11, 0x12, 0x42, 
	0x21, 0x23, 0x5a, 0xd5, 0x5d, 0x65, 0x65, 0x79, 
	0x73, 0x99, 0x64, 0x45, 0x32, 0x10, 0x02, 0x32, 
	0x31, 0x22, 0x21, 0x01, 0x10, 0x12, 0x34, 0x44, 
	0x34, 0x32, 0x23, 0x11, 0x21, 0x11, 0x35, 0x64, 
	0x22, 0x34, 0x76, 0x46, 0x65, 0x66, 0x66, 0x59, 
	0x75, 0x65, 0x74, 0x35, 0x53, 0x10, 0x00, 0x22, 
	0x31, 0x22, 0x31, 0x12, 0x11, 0x23, 0x44, 0x44, 
	0x55, 0x33, 0x33, 0x33, 0x24, 0x23, 0x56, 0x97, 
	0x44, 0x45, 0x7d, 0x66, 0x55, 0x67, 0x76, 0x67, 
	0x98, 0x56, 0x43, 0x32, 0x34, 0x32, 0x21, 0x13, 
	0x20, 0x11, 0x11, 0x13, 0x22, 0x12, 0x45, 0x57, 
	0x54, 0x55, 0x23, 0x55, 0x34, 0x34, 0x5b, 0x8b, 
	0x54, 0x55, 0x65, 0x66, 0x55, 0x56, 0x67, 0x77, 
	0x77, 0x65, 0x35, 0x53, 0x01, 0x12, 0x32, 0x33, 
	
};

Gfx ccm_dl_tk_bg_snow01_ci4_pal_rgba16_aligner[] = {gsSPEndDisplayList()};
u8 ccm_dl_tk_bg_snow01_ci4_pal_rgba16[] = {
	0xde, 0xb3, 0xce, 0x31, 0xbd, 0xed, 0xb5, 0x69, 
	0xa5, 0x27, 0x9c, 0xa3, 0x8c, 0x21, 0x83, 0xdd, 
	0x6b, 0x17, 0x73, 0x9b, 0x8b, 0xdb, 0x7b, 0x59, 
	0x62, 0xd5, 0x94, 0x1d, 0x7b, 0x57, 0x52, 0x51, 
	
};

Gfx ccm_dl_Rock3CI_ci4_aligner[] = {gsSPEndDisplayList()};
u8 ccm_dl_Rock3CI_ci4[] = {
	0x01, 0x02, 0x33, 0x33, 0x33, 0x33, 0x34, 0x56, 
	0x76, 0x10, 0x18, 0x18, 0x18, 0x86, 0x91, 0x68, 
	0x80, 0x10, 0xaa, 0xaa, 0x01, 0x69, 0x24, 0x29, 
	0x1a, 0xaa, 0x0a, 0xb6, 0x97, 0x6b, 0x00, 0x00, 
	0x08, 0x1c, 0x54, 0xdd, 0x33, 0xdd, 0x4c, 0x76, 
	0x98, 0x88, 0x19, 0x98, 0x11, 0x18, 0x81, 0x80, 
	0x98, 0x11, 0x00, 0x00, 0x01, 0x86, 0x9c, 0x56, 
	0x0a, 0xa0, 0x0a, 0x89, 0x87, 0x61, 0x00, 0x0a, 
	0x08, 0x15, 0x7c, 0x55, 0x3d, 0x4d, 0x5c, 0x79, 
	0x88, 0x18, 0x89, 0x11, 0x11, 0x19, 0x18, 0x89, 
	0x76, 0x68, 0x18, 0x11, 0x18, 0x89, 0x75, 0xc9, 
	0x1a, 0xa0, 0x00, 0x09, 0x69, 0x98, 0x11, 0x1a, 
	0x81, 0xbd, 0x62, 0xcc, 0x4d, 0xc4, 0xc7, 0x67, 
	0x76, 0x77, 0x77, 0x88, 0x11, 0x18, 0x11, 0x65, 
	0x57, 0x29, 0x68, 0x90, 0x16, 0x87, 0x54, 0x58, 
	0x1a, 0x01, 0x01, 0x17, 0xe9, 0x88, 0x8b, 0x0a, 
	0x18, 0x26, 0x91, 0x98, 0x54, 0x22, 0x66, 0x67, 
	0x79, 0x99, 0x89, 0x98, 0x88, 0x19, 0x86, 0xcc, 
	0x2c, 0x26, 0x66, 0x99, 0x66, 0x87, 0x44, 0x29, 
	0x91, 0x90, 0x19, 0x96, 0x78, 0x88, 0x88, 0xa1, 
	0x7c, 0x81, 0x10, 0x86, 0x55, 0x57, 0x76, 0x96, 
	0x81, 0x81, 0x66, 0x91, 0x11, 0x18, 0x86, 0x87, 
	0x28, 0x26, 0x66, 0x66, 0x99, 0x87, 0x77, 0x68, 
	0xa1, 0x90, 0x96, 0x8e, 0x28, 0x89, 0x00, 0xa6, 
	0x2e, 0x18, 0x81, 0x62, 0x44, 0xc7, 0x98, 0x10, 
	0x18, 0x89, 0x99, 0x88, 0x91, 0x88, 0x89, 0x96, 
	0x98, 0x79, 0x97, 0x69, 0x89, 0x99, 0x66, 0x80, 
	0x08, 0x81, 0x68, 0x97, 0x60, 0x10, 0x10, 0x19, 
	0x96, 0x11, 0x00, 0x92, 0xd4, 0x57, 0x88, 0x80, 
	0x11, 0x88, 0x89, 0x81, 0x18, 0x11, 0x18, 0x98, 
	0x08, 0x99, 0x92, 0x69, 0x98, 0x89, 0x96, 0x11, 
	0x81, 0x66, 0x88, 0x66, 0x6b, 0xb8, 0x10, 0x89, 
	0x68, 0x98, 0x18, 0x95, 0xdd, 0x47, 0x96, 0x99, 
	0x99, 0x89, 0x89, 0x88, 0x91, 0x18, 0x88, 0x88, 
	0x88, 0x99, 0x67, 0x69, 0x89, 0x96, 0x98, 0x99, 
	0x87, 0x99, 0x97, 0x72, 0x78, 0xbb, 0x80, 0x57, 
	0x79, 0x81, 0x19, 0x75, 0xd4, 0x26, 0x96, 0x99, 
	0x81, 0x99, 0x89, 0x69, 0x98, 0x89, 0x91, 0x91, 
	0x88, 0x11, 0x66, 0x76, 0x91, 0x99, 0x99, 0x76, 
	0x77, 0x22, 0x67, 0x72, 0xee, 0xb8, 0x19, 0x52, 
	0x98, 0x91, 0x01, 0x65, 0x4c, 0xc9, 0x96, 0x99, 
	0x88, 0x88, 0x89, 0x66, 0x69, 0x68, 0x86, 0x69, 
	0x08, 0x08, 0x62, 0x77, 0x98, 0x99, 0x76, 0x27, 
	0x2c, 0xc7, 0x67, 0x76, 0x26, 0xbb, 0x87, 0xc2, 
	0x72, 0xcc, 0xff, 0xc4, 0x4c, 0x56, 0x92, 0x99, 
	0x81, 0x88, 0x66, 0x98, 0x89, 0x99, 0x86, 0x69, 
	0x08, 0x86, 0x7c, 0x27, 0x66, 0x96, 0x72, 0x5c, 
	0x52, 0x22, 0x76, 0x66, 0x7e, 0xee, 0x17, 0x27, 
	0x25, 0x54, 0xc7, 0xc4, 0xdc, 0xc6, 0x72, 0x88, 
	0x18, 0x99, 0x69, 0x88, 0x98, 0x11, 0x97, 0x61, 
	0x91, 0x86, 0x2c, 0x27, 0x76, 0x72, 0xc5, 0x44, 
	0x5c, 0x22, 0x26, 0x9e, 0xee, 0xe8, 0x17, 0x7c, 
	0xc2, 0x25, 0x66, 0x24, 0x4c, 0xc6, 0x7c, 0x89, 
	0x88, 0x89, 0x99, 0x99, 0x96, 0x88, 0x67, 0x91, 
	0x91, 0x86, 0xdc, 0x77, 0x72, 0x72, 0x54, 0x44, 
	0x55, 0xc2, 0x69, 0x6e, 0xee, 0xb1, 0x16, 0x25, 
	0x67, 0x72, 0x79, 0x5d, 0x5c, 0x26, 0x75, 0x99, 
	0x98, 0x88, 0x99, 0x96, 0x99, 0x98, 0x99, 0x8b, 
	0x18, 0x86, 0x22, 0x22, 0x2c, 0x2c, 0x54, 0x44, 
	0x45, 0x57, 0x98, 0x89, 0xb8, 0xb8, 0x87, 0x27, 
	0x7c, 0xc2, 0x79, 0x5d, 0xc2, 0x67, 0x57, 0x67, 
	0x69, 0x86, 0x79, 0x67, 0x99, 0x99, 0x8b, 0x18, 
	0x11, 0x19, 0x22, 0x27, 0x55, 0x2c, 0x55, 0x44, 
	0x55, 0x29, 0x88, 0x88, 0x9b, 0x88, 0x96, 0x7b, 
	0x72, 0x57, 0x26, 0x2c, 0x27, 0x7c, 0xc9, 0x86, 
	0x96, 0x66, 0x77, 0x77, 0x69, 0x18, 0x11, 0x80, 
	0x0a, 0xa8, 0xc2, 0x22, 0x5c, 0x2e, 0xc5, 0x54, 
	0x5c, 0x26, 0x81, 0x00, 0x19, 0x99, 0x66, 0xee, 
	0x72, 0x25, 0x26, 0x2c, 0x27, 0xc4, 0x76, 0x97, 
	0x99, 0x66, 0x22, 0x27, 0x91, 0x08, 0x10, 0x00, 
	0xaa, 0xa9, 0x62, 0xcc, 0x4c, 0x22, 0x2c, 0x2c, 
	0x52, 0x26, 0x0a, 0xa0, 0x06, 0x66, 0x77, 0xee, 
	0x22, 0x25, 0x74, 0x2c, 0x7c, 0x4c, 0x96, 0x96, 
	0x99, 0x76, 0x77, 0x79, 0x80, 0x18, 0x0a, 0xaa, 
	0xaa, 0xa9, 0x2c, 0x22, 0x44, 0xc7, 0x72, 0x22, 
	0x27, 0x76, 0x00, 0xa1, 0x86, 0x66, 0x77, 0xee, 
	0x66, 0xc7, 0x75, 0x72, 0x75, 0x56, 0x66, 0x69, 
	0x99, 0x99, 0x99, 0x98, 0x80, 0x10, 0xaa, 0xaa, 
	0x0a, 0x06, 0x72, 0x2c, 0x44, 0xc7, 0x22, 0x2e, 
	0x72, 0x76, 0x80, 0xa0, 0x72, 0x76, 0x76, 0xbb, 
	0x97, 0xc7, 0x6c, 0x2c, 0x52, 0x77, 0x66, 0x66, 
	0x88, 0x99, 0x88, 0x8b, 0xb0, 0xaa, 0xaa, 0xaa, 
	0x00, 0x17, 0x72, 0x7c, 0x44, 0x57, 0x75, 0x76, 
	0x77, 0xeb, 0x80, 0xa9, 0x55, 0x29, 0x91, 0x01, 
	0x92, 0x24, 0x22, 0x25, 0x59, 0x66, 0x76, 0x67, 
	0x01, 0x98, 0x88, 0x99, 0x10, 0xa0, 0x0a, 0xa8, 
	0x91, 0x86, 0x96, 0x7c, 0x44, 0x57, 0x7c, 0x22, 
	0x76, 0x6b, 0x88, 0x1c, 0x42, 0x79, 0x81, 0x19, 
	0x86, 0x5c, 0xc5, 0x27, 0x98, 0x96, 0x27, 0x27, 
	0x18, 0x99, 0x11, 0x88, 0x10, 0x00, 0x0a, 0xa8, 
	0x81, 0x86, 0x7e, 0x74, 0x44, 0x55, 0x77, 0x27, 
	0x79, 0x9b, 0x19, 0x7c, 0x57, 0x77, 0x98, 0x99, 
	0x65, 0x5c, 0x75, 0x27, 0x66, 0x22, 0xc5, 0x5c, 
	0x96, 0x68, 0x00, 0x81, 0x10, 0x00, 0x0a, 0xa1, 
	0x00, 0x92, 0x26, 0x65, 0x45, 0x44, 0xc2, 0x27, 
	0xeb, 0xeb, 0x19, 0x77, 0x2c, 0xc5, 0xc7, 0x91, 
	0x54, 0x5c, 0x74, 0x27, 0x66, 0x25, 0xc5, 0x22, 
	0x91, 0x81, 0x00, 0x81, 0x00, 0xaa, 0xaa, 0xa0, 
	0x01, 0x86, 0x99, 0x7c, 0x45, 0xc4, 0x72, 0x77, 
	0x2e, 0xb1, 0x19, 0x67, 0x67, 0xcc, 0xc9, 0x96, 
	0xd4, 0x5c, 0xc5, 0x26, 0x92, 0x25, 0x54, 0xcc, 
	0x98, 0x10, 0x00, 0x11, 0x11, 0x00, 0xaa, 0xa0, 
	0x18, 0x89, 0xb6, 0x7c, 0x4c, 0xc4, 0x22, 0x22, 
	0x7e, 0x80, 0x17, 0x72, 0x66, 0x67, 0x69, 0x94, 
	0xdd, 0x57, 0x22, 0x69, 0x67, 0xcc, 0x45, 0x22, 
	0x10, 0x10, 0x00, 0x18, 0x11, 0x11, 0x00, 0x00, 
	0x19, 0x97, 0x97, 0x77, 0x4c, 0x54, 0xcc, 0xc2, 
	0xee, 0x10, 0x82, 0x96, 0x69, 0x96, 0x66, 0x2d, 
	0xd5, 0x26, 0x67, 0x98, 0x66, 0x2c, 0x55, 0x26, 
	0x90, 0x11, 0x10, 0x18, 0x11, 0x81, 0x1e, 0x88, 
	0x86, 0xb7, 0x71, 0x97, 0x75, 0x4d, 0x5c, 0x2f, 
	0xc2, 0x88, 0x96, 0x99, 0x69, 0x98, 0x77, 0x4d, 
	0x52, 0x69, 0x96, 0x08, 0x89, 0x72, 0xcc, 0x29, 
	0x80, 0x00, 0x00, 0x11, 0x01, 0x18, 0x81, 0x01, 
	0x1b, 0x92, 0xe8, 0x97, 0x2c, 0x43, 0x55, 0xcf, 
	0xcc, 0x89, 0x99, 0x88, 0x68, 0x98, 0x92, 0x54, 
	0x77, 0x89, 0x88, 0x11, 0x17, 0x7c, 0xcc, 0x28, 
	0x0a, 0x11, 0x10, 0x11, 0x01, 0x88, 0x10, 0x18, 
	0x10, 0x1c, 0x2e, 0x72, 0x2c, 0x43, 0x44, 0x47, 
	0x77, 0x01, 0x88, 0x88, 0x99, 0x98, 0x99, 0x4c, 
	0x26, 0x81, 0x00, 0x01, 0x06, 0x66, 0x52, 0x70, 
	0xa0, 0xa0, 0x11, 0x88, 0x88, 0x11, 0xaa, 0x00, 
	0x80, 0x02, 0x54, 0x44, 0x4d, 0xd3, 0x3c, 0xb7, 
	0x98, 0x18, 0x99, 0x99, 0x99, 0x18, 0x97, 0x22, 
	0x29, 0x81, 0x0a, 0xaa, 0x01, 0x72, 0x45, 0x68, 
	0x1a, 0xa0, 0x0a, 0x09, 0x99, 0x18, 0x00, 0xaa, 
	0x81, 0x05, 0xdd, 0xdd, 0x33, 0xd3, 0x34, 0x2c, 
	0x57, 0x10, 0x16, 0x88, 0x88, 0x88, 0x89, 0x62, 
	0x80, 0x10, 0xaa, 0xaa, 0x01, 0x69, 0x24, 0x29, 
	0x1a, 0xaa, 0x0a, 0xb6, 0x97, 0x6b, 0x00, 0x00, 
	0x01, 0x02, 0x33, 0x33, 0x33, 0x33, 0x34, 0x56, 
	0x76, 0x10, 0x18, 0x18, 0x18, 0x86, 0x91, 0x68, 
	0x98, 0x11, 0x00, 0x00, 0x01, 0x86, 0x9c, 0x56, 
	0x0a, 0xa0, 0x0a, 0x89, 0x87, 0x61, 0x00, 0x0a, 
	0x08, 0x1c, 0x54, 0xdd, 0x33, 0xdd, 0x4c, 0x76, 
	0x98, 0x88, 0x19, 0x98, 0x11, 0x18, 0x81, 0x80, 
	0x76, 0x68, 0x18, 0x11, 0x18, 0x89, 0x75, 0xc9, 
	0x1a, 0xa0, 0x00, 0x09, 0x69, 0x98, 0x11, 0x1a, 
	0x08, 0x15, 0x7c, 0x55, 0x3d, 0x4d, 0x5c, 0x79, 
	0x88, 0x18, 0x89, 0x11, 0x11, 0x19, 0x18, 0x89, 
	0x57, 0x29, 0x68, 0x90, 0x16, 0x87, 0x54, 0x58, 
	0x1a, 0x01, 0x01, 0x17, 0xe9, 0x88, 0x8b, 0x0a, 
	0x81, 0xbd, 0x62, 0xcc, 0x4d, 0xc4, 0xc7, 0x67, 
	0x76, 0x77, 0x77, 0x88, 0x11, 0x18, 0x11, 0x65, 
	0x2c, 0x26, 0x66, 0x99, 0x66, 0x87, 0x44, 0x29, 
	0x91, 0x90, 0x19, 0x96, 0x78, 0x88, 0x88, 0xa1, 
	0x18, 0x26, 0x91, 0x98, 0x54, 0x22, 0x66, 0x67, 
	0x79, 0x99, 0x89, 0x98, 0x88, 0x19, 0x86, 0xcc, 
	0x28, 0x26, 0x66, 0x66, 0x99, 0x87, 0x77, 0x68, 
	0xa1, 0x90, 0x96, 0x8e, 0x28, 0x89, 0x00, 0xa6, 
	0x7c, 0x81, 0x10, 0x86, 0x55, 0x57, 0x76, 0x96, 
	0x81, 0x81, 0x66, 0x91, 0x11, 0x18, 0x86, 0x87, 
	0x98, 0x79, 0x97, 0x69, 0x89, 0x99, 0x66, 0x80, 
	0x08, 0x81, 0x68, 0x97, 0x60, 0x10, 0x10, 0x19, 
	0x2e, 0x18, 0x81, 0x62, 0x44, 0xc7, 0x98, 0x10, 
	0x18, 0x89, 0x99, 0x88, 0x91, 0x88, 0x89, 0x96, 
	0x08, 0x99, 0x92, 0x69, 0x98, 0x89, 0x96, 0x11, 
	0x81, 0x66, 0x88, 0x66, 0x6b, 0xb8, 0x10, 0x89, 
	0x96, 0x11, 0x00, 0x92, 0xd4, 0x57, 0x88, 0x80, 
	0x11, 0x88, 0x89, 0x81, 0x18, 0x11, 0x18, 0x98, 
	0x88, 0x99, 0x67, 0x69, 0x89, 0x96, 0x98, 0x99, 
	0x87, 0x99, 0x97, 0x72, 0x78, 0xbb, 0x80, 0x57, 
	0x68, 0x98, 0x18, 0x95, 0xdd, 0x47, 0x96, 0x99, 
	0x99, 0x89, 0x89, 0x88, 0x91, 0x18, 0x88, 0x88, 
	0x88, 0x11, 0x66, 0x76, 0x91, 0x99, 0x99, 0x76, 
	0x77, 0x22, 0x67, 0x72, 0xee, 0xb8, 0x19, 0x52, 
	0x79, 0x81, 0x19, 0x75, 0xd4, 0x26, 0x96, 0x99, 
	0x81, 0x99, 0x89, 0x69, 0x98, 0x89, 0x91, 0x91, 
	0x08, 0x08, 0x62, 0x77, 0x98, 0x99, 0x76, 0x27, 
	0x2c, 0xc7, 0x67, 0x76, 0x26, 0xbb, 0x87, 0xc2, 
	0x98, 0x91, 0x01, 0x65, 0x4c, 0xc9, 0x96, 0x99, 
	0x88, 0x88, 0x89, 0x66, 0x69, 0x68, 0x86, 0x69, 
	0x08, 0x86, 0x7c, 0x27, 0x66, 0x96, 0x72, 0x5c, 
	0x52, 0x22, 0x76, 0x66, 0x7e, 0xee, 0x17, 0x27, 
	0x72, 0xcc, 0xff, 0xc4, 0x4c, 0x56, 0x92, 0x99, 
	0x81, 0x88, 0x66, 0x98, 0x89, 0x99, 0x86, 0x69, 
	0x91, 0x86, 0x2c, 0x27, 0x76, 0x72, 0xc5, 0x44, 
	0x5c, 0x22, 0x26, 0x9e, 0xee, 0xe8, 0x17, 0x7c, 
	0x25, 0x54, 0xc7, 0xc4, 0xdc, 0xc6, 0x72, 0x88, 
	0x18, 0x99, 0x69, 0x88, 0x98, 0x11, 0x97, 0x61, 
	0x91, 0x86, 0xdc, 0x77, 0x72, 0x72, 0x54, 0x44, 
	0x55, 0xc2, 0x69, 0x6e, 0xee, 0xb1, 0x16, 0x25, 
	0xc2, 0x25, 0x66, 0x24, 0x4c, 0xc6, 0x7c, 0x89, 
	0x88, 0x89, 0x99, 0x99, 0x96, 0x88, 0x67, 0x91, 
	0x18, 0x86, 0x22, 0x22, 0x2c, 0x2c, 0x54, 0x44, 
	0x45, 0x57, 0x98, 0x89, 0xb8, 0xb8, 0x87, 0x27, 
	0x67, 0x72, 0x79, 0x5d, 0x5c, 0x26, 0x75, 0x99, 
	0x98, 0x88, 0x99, 0x96, 0x99, 0x98, 0x99, 0x8b, 
	0x11, 0x19, 0x22, 0x27, 0x55, 0x2c, 0x55, 0x44, 
	0x55, 0x29, 0x88, 0x88, 0x9b, 0x88, 0x96, 0x7b, 
	0x7c, 0xc2, 0x79, 0x5d, 0xc2, 0x67, 0x57, 0x67, 
	0x69, 0x86, 0x79, 0x67, 0x99, 0x99, 0x8b, 0x18, 
	0x0a, 0xa8, 0xc2, 0x22, 0x5c, 0x2e, 0xc5, 0x54, 
	0x5c, 0x26, 0x81, 0x00, 0x19, 0x99, 0x66, 0xee, 
	0x72, 0x57, 0x26, 0x2c, 0x27, 0x7c, 0xc9, 0x86, 
	0x96, 0x66, 0x77, 0x77, 0x69, 0x18, 0x11, 0x80, 
	0xaa, 0xa9, 0x62, 0xcc, 0x4c, 0x22, 0x2c, 0x2c, 
	0x52, 0x26, 0x0a, 0xa0, 0x06, 0x66, 0x77, 0xee, 
	0x72, 0x25, 0x26, 0x2c, 0x27, 0xc4, 0x76, 0x97, 
	0x99, 0x66, 0x22, 0x27, 0x91, 0x08, 0x10, 0x00, 
	0xaa, 0xa9, 0x2c, 0x22, 0x44, 0xc7, 0x72, 0x22, 
	0x27, 0x76, 0x00, 0xa1, 0x86, 0x66, 0x77, 0xee, 
	0x22, 0x25, 0x74, 0x2c, 0x7c, 0x4c, 0x96, 0x96, 
	0x99, 0x76, 0x77, 0x79, 0x80, 0x18, 0x0a, 0xaa, 
	0x0a, 0x06, 0x72, 0x2c, 0x44, 0xc7, 0x22, 0x2e, 
	0x72, 0x76, 0x80, 0xa0, 0x72, 0x76, 0x76, 0xbb, 
	0x66, 0xc7, 0x75, 0x72, 0x75, 0x56, 0x66, 0x69, 
	0x99, 0x99, 0x99, 0x98, 0x80, 0x10, 0xaa, 0xaa, 
	0x00, 0x17, 0x72, 0x7c, 0x44, 0x57, 0x75, 0x76, 
	0x77, 0xeb, 0x80, 0xa9, 0x55, 0x29, 0x91, 0x01, 
	0x97, 0xc7, 0x6c, 0x2c, 0x52, 0x77, 0x66, 0x66, 
	0x88, 0x99, 0x88, 0x8b, 0xb0, 0xaa, 0xaa, 0xaa, 
	0x91, 0x86, 0x96, 0x7c, 0x44, 0x57, 0x7c, 0x22, 
	0x76, 0x6b, 0x88, 0x1c, 0x42, 0x79, 0x81, 0x19, 
	0x92, 0x24, 0x22, 0x25, 0x59, 0x66, 0x76, 0x67, 
	0x01, 0x98, 0x88, 0x99, 0x10, 0xa0, 0x0a, 0xa8, 
	0x81, 0x86, 0x7e, 0x74, 0x44, 0x55, 0x77, 0x27, 
	0x79, 0x9b, 0x19, 0x7c, 0x57, 0x77, 0x98, 0x99, 
	0x86, 0x5c, 0xc5, 0x27, 0x98, 0x96, 0x27, 0x27, 
	0x18, 0x99, 0x11, 0x88, 0x10, 0x00, 0x0a, 0xa8, 
	0x00, 0x92, 0x26, 0x65, 0x45, 0x44, 0xc2, 0x27, 
	0xeb, 0xeb, 0x19, 0x77, 0x2c, 0xc5, 0xc7, 0x91, 
	0x65, 0x5c, 0x75, 0x27, 0x66, 0x22, 0xc5, 0x5c, 
	0x96, 0x68, 0x00, 0x81, 0x10, 0x00, 0x0a, 0xa1, 
	0x01, 0x86, 0x99, 0x7c, 0x45, 0xc4, 0x72, 0x77, 
	0x2e, 0xb1, 0x19, 0x67, 0x67, 0xcc, 0xc9, 0x96, 
	0x54, 0x5c, 0x74, 0x27, 0x66, 0x25, 0xc5, 0x22, 
	0x91, 0x81, 0x00, 0x81, 0x00, 0xaa, 0xaa, 0xa0, 
	0x18, 0x89, 0xb6, 0x7c, 0x4c, 0xc4, 0x22, 0x22, 
	0x7e, 0x80, 0x17, 0x72, 0x66, 0x67, 0x69, 0x94, 
	0xd4, 0x5c, 0xc5, 0x26, 0x92, 0x25, 0x54, 0xcc, 
	0x98, 0x10, 0x00, 0x11, 0x11, 0x00, 0xaa, 0xa0, 
	0x19, 0x97, 0x97, 0x77, 0x4c, 0x54, 0xcc, 0xc2, 
	0xee, 0x10, 0x82, 0x96, 0x69, 0x96, 0x66, 0x2d, 
	0xdd, 0x57, 0x22, 0x69, 0x67, 0xcc, 0x45, 0x22, 
	0x10, 0x10, 0x00, 0x18, 0x11, 0x11, 0x00, 0x00, 
	0x86, 0xb7, 0x71, 0x97, 0x75, 0x4d, 0x5c, 0x2f, 
	0xc2, 0x88, 0x96, 0x99, 0x69, 0x98, 0x77, 0x4d, 
	0xd5, 0x26, 0x67, 0x98, 0x66, 0x2c, 0x55, 0x26, 
	0x90, 0x11, 0x10, 0x18, 0x11, 0x81, 0x1e, 0x88, 
	0x1b, 0x92, 0xe8, 0x97, 0x2c, 0x43, 0x55, 0xcf, 
	0xcc, 0x89, 0x99, 0x88, 0x68, 0x98, 0x92, 0x54, 
	0x52, 0x69, 0x96, 0x08, 0x89, 0x72, 0xcc, 0x29, 
	0x80, 0x00, 0x00, 0x11, 0x01, 0x18, 0x81, 0x01, 
	0x10, 0x1c, 0x2e, 0x72, 0x2c, 0x43, 0x44, 0x47, 
	0x77, 0x01, 0x88, 0x88, 0x99, 0x98, 0x99, 0x4c, 
	0x77, 0x89, 0x88, 0x11, 0x17, 0x7c, 0xcc, 0x28, 
	0x0a, 0x11, 0x10, 0x11, 0x01, 0x88, 0x10, 0x18, 
	0x80, 0x02, 0x54, 0x44, 0x4d, 0xd3, 0x3c, 0xb7, 
	0x98, 0x18, 0x99, 0x99, 0x99, 0x18, 0x97, 0x22, 
	0x26, 0x81, 0x00, 0x01, 0x06, 0x66, 0x52, 0x70, 
	0xa0, 0xa0, 0x11, 0x88, 0x88, 0x11, 0xaa, 0x00, 
	0x81, 0x05, 0xdd, 0xdd, 0x33, 0xd3, 0x34, 0x2c, 
	0x57, 0x10, 0x16, 0x88, 0x88, 0x88, 0x89, 0x62, 
	0x29, 0x81, 0x0a, 0xaa, 0x01, 0x72, 0x45, 0x68, 
	0x1a, 0xa0, 0x0a, 0x09, 0x99, 0x18, 0x00, 0xaa, 
	
};

Gfx ccm_dl_Rock3CI_ci4_pal_rgba16_aligner[] = {gsSPEndDisplayList()};
u8 ccm_dl_Rock3CI_ci4_pal_rgba16[] = {
	0xc6, 0x2f, 0xb5, 0xad, 0x7b, 0x9d, 0x31, 0x8d, 
	0x52, 0x95, 0x63, 0x17, 0x94, 0xa5, 0x84, 0x21, 
	0xad, 0x69, 0x9c, 0xe7, 0xce, 0x73, 0x9c, 0xe5, 
	0x6b, 0x5b, 0x42, 0x11, 0x94, 0x61, 0x7c, 0x1d, 
	
};

Gfx ccm_dl_end_gake3_ci4_aligner[] = {gsSPEndDisplayList()};
u8 ccm_dl_end_gake3_ci4[] = {
	0x00, 0x12, 0x23, 0x04, 0x55, 0x50, 0x66, 0x61, 
	0x74, 0x65, 0x58, 0x99, 0x98, 0x80, 0x10, 0x55, 
	0x00, 0xa9, 0x90, 0x76, 0x11, 0x15, 0x01, 0x15, 
	0x00, 0xaa, 0xaa, 0xa5, 0x05, 0x84, 0x0a, 0x06, 
	0x66, 0x27, 0x33, 0xa8, 0xa5, 0x10, 0x61, 0x77, 
	0x8b, 0x14, 0xa9, 0x99, 0x98, 0x40, 0x55, 0x05, 
	0x6a, 0x99, 0x85, 0x61, 0x71, 0x67, 0x01, 0x6b, 
	0x8a, 0x84, 0xa5, 0x55, 0x00, 0x80, 0xb4, 0x21, 
	0x66, 0x17, 0x23, 0x54, 0x85, 0x71, 0x2b, 0x22, 
	0x04, 0x7a, 0x59, 0x99, 0x88, 0x65, 0xaa, 0x05, 
	0x68, 0x85, 0xa4, 0x66, 0x71, 0x22, 0x16, 0x68, 
	0x89, 0x00, 0x85, 0x50, 0x6a, 0x56, 0x0b, 0x50, 
	0x06, 0x11, 0x73, 0x00, 0x9a, 0x55, 0x84, 0x7b, 
	0x49, 0x05, 0xb9, 0x99, 0xaa, 0x89, 0xaa, 0xa6, 
	0x6a, 0x48, 0xa0, 0x00, 0x65, 0xb3, 0xb2, 0x28, 
	0x10, 0x90, 0xb5, 0x45, 0x54, 0xa1, 0x5b, 0x66, 
	0x16, 0x71, 0x23, 0x09, 0x8a, 0x46, 0x00, 0x26, 
	0x99, 0x54, 0x6a, 0x9a, 0xa4, 0x8a, 0x68, 0x85, 
	0x54, 0x48, 0x02, 0xbb, 0x08, 0x33, 0x3c, 0xcc, 
	0x3b, 0x40, 0x21, 0x32, 0x24, 0x0b, 0x55, 0x06, 
	0x16, 0x71, 0x22, 0x59, 0xaa, 0x46, 0xb1, 0x70, 
	0x98, 0xa5, 0x04, 0x98, 0xa0, 0xa0, 0x0a, 0x84, 
	0x55, 0xa5, 0x23, 0x22, 0x04, 0xc3, 0x23, 0xcd, 
	0x22, 0x34, 0xa1, 0xb2, 0x32, 0x20, 0x45, 0x11, 
	0x10, 0x61, 0x20, 0x59, 0xa9, 0x46, 0x62, 0xb8, 
	0x88, 0xa5, 0x55, 0x9a, 0xa0, 0x40, 0x05, 0xa6, 
	0xa4, 0xa5, 0x2b, 0x72, 0x04, 0x31, 0x1b, 0x71, 
	0x23, 0xcc, 0x7a, 0x01, 0x37, 0x1a, 0x51, 0x21, 
	0x77, 0x11, 0x74, 0x59, 0x8a, 0x45, 0x60, 0x04, 
	0x58, 0xa0, 0x55, 0xaa, 0x05, 0xa4, 0xab, 0x00, 
	0x85, 0xab, 0x34, 0x5a, 0xa5, 0x62, 0x60, 0x12, 
	0x72, 0x23, 0x20, 0x1b, 0x12, 0x44, 0xb5, 0x77, 
	0x17, 0x71, 0xba, 0xa9, 0xaa, 0x50, 0x64, 0x02, 
	0xb4, 0xa0, 0x50, 0xaa, 0x55, 0x9a, 0xa5, 0x55, 
	0x44, 0x42, 0x2b, 0x52, 0xb4, 0x71, 0x66, 0x72, 
	0xb7, 0x27, 0xb1, 0x40, 0x58, 0x01, 0xb1, 0x21, 
	0x17, 0x23, 0xba, 0xa8, 0xa4, 0x51, 0x1a, 0x03, 
	0xaa, 0x50, 0x00, 0xaa, 0x45, 0xa8, 0xa4, 0x51, 
	0x45, 0x5c, 0xc0, 0x2c, 0x54, 0x67, 0x02, 0x55, 
	0x01, 0x26, 0x10, 0x48, 0x9a, 0x72, 0x11, 0x62, 
	0x66, 0x73, 0x04, 0x9a, 0xaa, 0x50, 0x65, 0x0b, 
	0x48, 0x00, 0x54, 0xaa, 0x45, 0x4a, 0x5a, 0x07, 
	0x04, 0x2c, 0xc3, 0xd5, 0xb4, 0x47, 0x1a, 0x4a, 
	0xb6, 0x61, 0x20, 0x49, 0xa5, 0x77, 0x72, 0x71, 
	0x10, 0x13, 0x0a, 0x9a, 0x4a, 0x04, 0xb5, 0x08, 
	0xa4, 0x10, 0x04, 0xaa, 0x51, 0x48, 0x65, 0x73, 
	0xb5, 0xbc, 0xce, 0x30, 0x98, 0xa4, 0xa8, 0x8a, 
	0x71, 0x16, 0x76, 0x4a, 0x86, 0x17, 0x17, 0x77, 
	0x15, 0x13, 0x68, 0x98, 0x84, 0x57, 0x40, 0x04, 
	0x84, 0x06, 0x5a, 0x84, 0x05, 0x4a, 0xa5, 0x72, 
	0x35, 0x53, 0xcd, 0xb9, 0x8a, 0x88, 0x9a, 0x96, 
	0x71, 0x12, 0x24, 0x55, 0x06, 0x17, 0x31, 0x77, 
	0x10, 0x63, 0x0a, 0x98, 0x98, 0x57, 0x41, 0x0a, 
	0x85, 0x50, 0xa8, 0x56, 0x50, 0x05, 0xa5, 0x77, 
	0x70, 0x22, 0x33, 0x38, 0xa8, 0x9a, 0x88, 0x54, 
	0x1b, 0x71, 0xaa, 0x40, 0x06, 0x11, 0x11, 0x71, 
	0x66, 0xb3, 0x58, 0x99, 0x9a, 0x01, 0x6a, 0x55, 
	0x90, 0xa5, 0x84, 0x15, 0x04, 0x54, 0x90, 0x11, 
	0x1b, 0x6b, 0x22, 0x3a, 0x8a, 0xa8, 0xaa, 0x44, 
	0x50, 0x62, 0x60, 0x50, 0x06, 0x61, 0x17, 0x17, 
	0x10, 0x60, 0x49, 0x99, 0x98, 0x01, 0x64, 0x50, 
	0xa0, 0xa5, 0x46, 0x00, 0x05, 0x45, 0x80, 0x11, 
	0x70, 0x02, 0x32, 0x0a, 0x5a, 0x08, 0x40, 0x00, 
	0x61, 0x71, 0x61, 0x05, 0x06, 0x11, 0x77, 0x77, 
	0x16, 0x04, 0x89, 0x99, 0x98, 0x6b, 0x05, 0x45, 
	0x5a, 0xa4, 0x66, 0x60, 0x05, 0x54, 0xa6, 0x11, 
	0xb5, 0x01, 0x0a, 0xba, 0x50, 0x08, 0xa0, 0x1b, 
	0x00, 0x62, 0x70, 0xa0, 0x66, 0x61, 0x20, 0x23, 
	0x11, 0x15, 0x99, 0x99, 0x88, 0x40, 0x00, 0x85, 
	0xa4, 0x61, 0x11, 0x60, 0x10, 0x5a, 0x5b, 0x11, 
	0x01, 0x01, 0x66, 0x00, 0x06, 0x99, 0x40, 0x26, 
	0x67, 0x22, 0x61, 0x05, 0xa5, 0x12, 0xb2, 0x22, 
	0x13, 0x10, 0xa9, 0x99, 0x84, 0x45, 0x56, 0xa0, 
	0x51, 0x21, 0x71, 0x11, 0x01, 0x5a, 0x01, 0x71, 
	0x17, 0x42, 0x66, 0xa8, 0x18, 0x49, 0x5b, 0x30, 
	0x01, 0x21, 0x66, 0x00, 0xa8, 0x12, 0x20, 0x13, 
	0x72, 0x16, 0x89, 0x99, 0xa6, 0x00, 0x45, 0x80, 
	0x01, 0x21, 0x11, 0x12, 0x10, 0x0a, 0x01, 0x16, 
	0x10, 0x42, 0x64, 0xa6, 0x14, 0xa8, 0x1b, 0x3b, 
	0x0b, 0x10, 0x60, 0x8a, 0x85, 0x12, 0x23, 0x21, 
	0x22, 0x10, 0x89, 0x99, 0x41, 0x11, 0x55, 0x45, 
	0x11, 0x72, 0x11, 0x1b, 0x00, 0x05, 0x15, 0x61, 
	0x66, 0x0b, 0x10, 0x00, 0x1b, 0x84, 0x45, 0x32, 
	0x01, 0x06, 0x65, 0x88, 0xa5, 0x4b, 0x17, 0x71, 
	0x11, 0x15, 0xa9, 0xa8, 0x45, 0x25, 0x95, 0x55, 
	0x61, 0x22, 0x12, 0x10, 0x01, 0x14, 0x85, 0x16, 
	0x66, 0x16, 0x66, 0x54, 0x64, 0xaa, 0x41, 0x23, 
	0x01, 0x61, 0x05, 0x89, 0x56, 0xb1, 0x17, 0x72, 
	0x76, 0x1a, 0x99, 0x8a, 0x80, 0x29, 0x44, 0x50, 
	0x61, 0x72, 0x13, 0x77, 0x06, 0x00, 0x41, 0x16, 
	0x11, 0x06, 0x60, 0x00, 0x27, 0x88, 0x4b, 0x27, 
	0x16, 0x11, 0x4a, 0x95, 0x50, 0x01, 0x7b, 0x71, 
	0x71, 0x59, 0x98, 0xaa, 0x45, 0x49, 0x55, 0x54, 
	0x61, 0x27, 0x33, 0x72, 0x51, 0x50, 0x40, 0x66, 
	0x16, 0x15, 0x00, 0x01, 0xb7, 0x04, 0x42, 0x22, 
	0x60, 0x10, 0x54, 0x45, 0xb6, 0x77, 0x11, 0x77, 
	0x7a, 0xa9, 0x98, 0x80, 0x14, 0xaa, 0xa4, 0x5a, 
	0x66, 0x72, 0x2b, 0x1a, 0x40, 0x40, 0x40, 0x61, 
	0x16, 0xb0, 0x50, 0x60, 0x61, 0x74, 0x4b, 0x22, 
	0x66, 0x00, 0x58, 0x97, 0x46, 0x17, 0x61, 0x17, 
	0x48, 0x88, 0x94, 0xa7, 0x25, 0xa4, 0x89, 0x88, 
	0x06, 0x1b, 0x10, 0x16, 0x00, 0xa8, 0x05, 0xa0, 
	0x11, 0xa4, 0x40, 0x00, 0x66, 0x6a, 0xa0, 0x12, 
	0xbb, 0x60, 0x58, 0xa4, 0xb1, 0x61, 0x11, 0x16, 
	0x99, 0x88, 0x84, 0x62, 0x29, 0x98, 0x99, 0x44, 
	0x50, 0x04, 0x60, 0x06, 0xa8, 0x8a, 0x5a, 0x85, 
	0x1b, 0x6a, 0x00, 0x16, 0x66, 0x51, 0x41, 0x76, 
	0x6b, 0x60, 0x4a, 0xa0, 0x81, 0x11, 0x60, 0xaa, 
	0x95, 0x4a, 0x8b, 0x32, 0x24, 0x44, 0x08, 0xa5, 
	0xa5, 0x66, 0x65, 0x64, 0xa8, 0x88, 0x88, 0x08, 
	0x80, 0x6a, 0x55, 0x06, 0x64, 0x51, 0x07, 0x21, 
	0x0b, 0x2b, 0x48, 0x90, 0x85, 0x11, 0x16, 0x89, 
	0x71, 0x55, 0x86, 0x36, 0x68, 0x08, 0x04, 0xa0, 
	0xa0, 0x10, 0x66, 0xa4, 0x68, 0xa8, 0x95, 0x09, 
	0x84, 0x55, 0x56, 0x00, 0x41, 0x65, 0x56, 0x1b, 
	0x11, 0x11, 0x0a, 0x5a, 0xa9, 0x4a, 0xb9, 0x95, 
	0x72, 0x04, 0x80, 0x71, 0x21, 0x08, 0x01, 0x44, 
	0xa6, 0x60, 0x4a, 0xa5, 0x45, 0x88, 0x94, 0x99, 
	0x90, 0x89, 0x90, 0x40, 0x40, 0x16, 0x51, 0x07, 
	0x77, 0x70, 0x88, 0x89, 0x89, 0xa9, 0x99, 0x0b, 
	0x71, 0xa8, 0xa3, 0x11, 0x20, 0x48, 0x64, 0x44, 
	0x85, 0x66, 0x54, 0x15, 0x8a, 0x8a, 0x99, 0x99, 
	0x96, 0xa4, 0x84, 0x50, 0x00, 0x10, 0xa0, 0x71, 
	0x0a, 0xa5, 0x49, 0x99, 0x80, 0x7a, 0x92, 0xba, 
	0x10, 0x88, 0xa0, 0x01, 0x22, 0x55, 0x54, 0x49, 
	0x99, 0xa4, 0x07, 0x05, 0x98, 0x8a, 0x99, 0x89, 
	0x98, 0xa0, 0x50, 0x40, 0x60, 0x60, 0x00, 0x4a, 
	0x50, 0x56, 0x7a, 0x89, 0x8b, 0x54, 0x87, 0x36, 
	0x0a, 0x9a, 0x50, 0x01, 0x7b, 0x54, 0x44, 0x89, 
	0x89, 0x99, 0x88, 0x40, 0x89, 0x85, 0xa9, 0x48, 
	0x98, 0x44, 0x05, 0xa0, 0x15, 0x06, 0x0a, 0xa4, 
	0xaa, 0x85, 0x48, 0x99, 0x90, 0x49, 0x80, 0x76, 
	0x59, 0x88, 0x45, 0x07, 0x20, 0x54, 0x58, 0x98, 
	0x89, 0x99, 0x9a, 0x89, 0x99, 0x84, 0xa8, 0x4a, 
	0x99, 0xa5, 0x16, 0x15, 0x75, 0x45, 0x49, 0x88, 
	0xa9, 0x99, 0x99, 0x99, 0x88, 0x99, 0xa5, 0x71, 
	0x89, 0x4a, 0x45, 0x01, 0x26, 0x54, 0x89, 0x98, 
	0x89, 0x99, 0x99, 0x99, 0x89, 0x8a, 0xa8, 0x5a, 
	0x89, 0x44, 0x66, 0x05, 0x55, 0x4a, 0x89, 0x98, 
	0x89, 0x99, 0x99, 0x9a, 0x89, 0x88, 0x55, 0x16, 
	0x9a, 0x54, 0x45, 0x51, 0x27, 0x5a, 0xa8, 0x98, 
	0xa9, 0x99, 0x99, 0x8a, 0xa8, 0xa4, 0x08, 0x5a, 
	0x9a, 0x54, 0x50, 0x50, 0x04, 0x48, 0x88, 0x98, 
	0xa9, 0x99, 0x99, 0x88, 0x8a, 0xa9, 0x40, 0x15, 
	0x94, 0x54, 0x05, 0x12, 0x72, 0x54, 0xaa, 0x88, 
	0x98, 0x88, 0xa8, 0xaa, 0xa8, 0x95, 0x08, 0x54, 
	0x94, 0x44, 0x50, 0x50, 0x48, 0x85, 0xaa, 0x88, 
	0x99, 0x98, 0x8a, 0xa8, 0xaa, 0x8a, 0x56, 0x64, 
	0xa0, 0xa4, 0x50, 0x17, 0x22, 0x45, 0x55, 0xa9, 
	0x84, 0x8a, 0xaa, 0xa8, 0xaa, 0x80, 0x08, 0xa8, 
	0xa0, 0xaa, 0x55, 0x80, 0xa8, 0xa4, 0x55, 0xa9, 
	0x84, 0x9a, 0x54, 0xa8, 0x44, 0x85, 0x56, 0x58, 
	0x0a, 0x84, 0xa1, 0x01, 0x32, 0x10, 0x45, 0xa8, 
	0x40, 0x8a, 0x8a, 0xa0, 0x60, 0x44, 0x5a, 0x50, 
	0x04, 0x84, 0x48, 0xa9, 0x8a, 0xa4, 0x45, 0xa9, 
	0x80, 0xa8, 0x4a, 0xaa, 0xa5, 0x44, 0x54, 0x50, 
	0x84, 0x85, 0xa7, 0x17, 0xb3, 0xb1, 0xa5, 0x99, 
	0x40, 0xaa, 0x84, 0x17, 0x21, 0x65, 0x48, 0x00, 
	0x22, 0x45, 0x88, 0xa9, 0x46, 0x54, 0x45, 0x89, 
	0xa0, 0x55, 0xaa, 0xaa, 0xa0, 0x65, 0x4a, 0x05, 
	0x4a, 0xa5, 0x51, 0x10, 0x73, 0x21, 0x44, 0x98, 
	0xa5, 0xaa, 0x8a, 0x17, 0x72, 0x05, 0xa8, 0x5b, 
	0xd3, 0x74, 0x48, 0x9a, 0x51, 0x15, 0x45, 0x98, 
	0xa5, 0xa5, 0xa4, 0xaa, 0x46, 0x05, 0xa4, 0x5a, 
	0x48, 0x8b, 0x00, 0x62, 0x77, 0x32, 0x04, 0x89, 
	0x9a, 0x98, 0x8a, 0x11, 0x2c, 0x71, 0xaa, 0x0b, 
	0x26, 0x4b, 0x04, 0xa0, 0x60, 0x10, 0x44, 0x89, 
	0x8a, 0x98, 0x45, 0x40, 0x40, 0x0a, 0xa4, 0x58, 
	0x8a, 0xa1, 0xb0, 0x02, 0x7b, 0x2c, 0x75, 0xa9, 
	0x9a, 0x89, 0x9a, 0x61, 0x17, 0x70, 0xa4, 0x61, 
	0x71, 0x21, 0x0a, 0xab, 0x21, 0x0b, 0x04, 0xa9, 
	0x8a, 0xaa, 0x4a, 0xa5, 0x56, 0x4a, 0xa5, 0xaa, 
	0x8a, 0x47, 0x04, 0xbb, 0x17, 0x3c, 0x31, 0x5a, 
	0x84, 0x2b, 0x04, 0x01, 0x17, 0x10, 0x90, 0x01, 
	0x22, 0x67, 0x04, 0xb3, 0x11, 0x11, 0x7b, 0x5a, 
	0x84, 0x2b, 0x04, 0x55, 0x40, 0xa4, 0xa0, 0xaa, 
	0x88, 0xa1, 0x06, 0x21, 0x16, 0x23, 0x31, 0x00, 
	0x06, 0x33, 0x30, 0x00, 0x11, 0xb4, 0xa2, 0x22, 
	0x72, 0xb1, 0x06, 0x37, 0x16, 0x71, 0x1b, 0x00, 
	0x06, 0x33, 0x30, 0x55, 0x00, 0x5a, 0x55, 0x8a, 
	0x8a, 0x41, 0x01, 0x26, 0x75, 0x33, 0x36, 0x20, 
	0x53, 0x33, 0x30, 0x00, 0x60, 0x14, 0x2d, 0x22, 
	0x27, 0x01, 0x02, 0xd6, 0x75, 0x71, 0x2b, 0x05, 
	0x53, 0x33, 0x30, 0x50, 0x60, 0x68, 0x5a, 0x84, 
	0xa4, 0x40, 0x11, 0xb5, 0x5b, 0x3c, 0x71, 0xbb, 
	0x13, 0x33, 0x32, 0xb6, 0x00, 0x6b, 0xcd, 0x33, 
	0x2b, 0x00, 0x13, 0x25, 0x5b, 0x1b, 0x2a, 0x50, 
	0x63, 0x33, 0x32, 0xb6, 0x66, 0x05, 0x54, 0x84, 
	0x45, 0x04, 0x21, 0x60, 0x11, 0xc3, 0x11, 0x45, 
	0x01, 0x33, 0x3c, 0xc3, 0xb4, 0xb3, 0xd3, 0x33, 
	0x22, 0x04, 0x3c, 0x60, 0x12, 0x70, 0x48, 0x45, 
	0x01, 0x33, 0x3c, 0xc3, 0x71, 0xb0, 0x21, 0xb4, 
	0x21, 0x18, 0x7b, 0x00, 0x12, 0x37, 0x21, 0xa5, 
	0x6b, 0x3c, 0x3c, 0xdd, 0x3b, 0x3c, 0xd3, 0x33, 
	0xc2, 0x78, 0x73, 0x00, 0x63, 0x70, 0x98, 0xa5, 
	0x6b, 0x3c, 0x3c, 0xdd, 0x32, 0x32, 0xc3, 0x32, 
	0x32, 0x50, 0x01, 0x50, 0x72, 0x2d, 0xd2, 0x55, 
	0x13, 0x33, 0x3c, 0xd3, 0xc3, 0xcd, 0xe3, 0x33, 
	0x33, 0x2b, 0x22, 0xb2, 0x63, 0xba, 0x95, 0x55, 
	0x13, 0x33, 0x3c, 0xd3, 0xc3, 0xcd, 0xd3, 0x33, 
	0xc2, 0x20, 0x10, 0x05, 0x23, 0x3d, 0xd3, 0x17, 
	0x3c, 0x33, 0x3d, 0xdc, 0x3c, 0xcc, 0xe3, 0x33, 
	0xd3, 0x3b, 0x2b, 0x12, 0x23, 0xb3, 0xcb, 0x17, 
	0x3c, 0x33, 0x3d, 0xdc, 0xcd, 0xdd, 0xc3, 0x33, 
	0x3c, 0x32, 0x70, 0x2c, 0xdd, 0xdc, 0x33, 0x23, 
	0xcc, 0x3c, 0x3d, 0xcc, 0xc3, 0x3e, 0xe3, 0xc3, 
	0xcc, 0xc3, 0x20, 0x22, 0xbc, 0xcc, 0x33, 0xb3, 
	0xcd, 0xcd, 0x3d, 0xcc, 0xcd, 0xdd, 0xc3, 0x33, 
	0xcc, 0x33, 0x23, 0xdd, 0xdc, 0x33, 0x32, 0xcd, 
	0xdd, 0x33, 0x3d, 0xdc, 0xd3, 0xce, 0xe3, 0x33, 
	0xcd, 0xc3, 0x33, 0xdc, 0xdd, 0x3c, 0xcc, 0xed, 
	0xdd, 0x3c, 0xdd, 0xdc, 0xc3, 0xdd, 0xd3, 0x33, 
	0xcc, 0xcd, 0xdd, 0xdc, 0x3c, 0x33, 0x32, 0xdd, 
	0xdd, 0x3c, 0xcd, 0xd3, 0xcc, 0xce, 0xe3, 0x33, 
	0xcc, 0xcd, 0xdd, 0xdc, 0x3c, 0x33, 0x32, 0xed, 
	0xdd, 0x3c, 0xcd, 0xd3, 0xcc, 0xdd, 0xd3, 0x33, 
	0x3c, 0xcd, 0xdd, 0xdc, 0xc3, 0x33, 0x33, 0x3d, 
	0xdd, 0xcd, 0xcd, 0xcc, 0xcc, 0xde, 0xe3, 0x3d, 
	0x3c, 0xcd, 0xdd, 0xcc, 0xc3, 0x33, 0x33, 0x3d, 
	0xdd, 0xcd, 0xcd, 0xcc, 0xcc, 0xcd, 0xe3, 0x3d, 
	0x33, 0xcd, 0xcd, 0xd3, 0x33, 0x33, 0x33, 0xc3, 
	0xde, 0xcd, 0xdd, 0xdd, 0xc3, 0xdd, 0xe3, 0xdd, 
	0x33, 0xcd, 0xcd, 0xd3, 0x33, 0x33, 0x33, 0xc3, 
	0xde, 0xcd, 0xdd, 0xdd, 0xc3, 0x3d, 0xec, 0xdd, 
	0x33, 0xcd, 0xcc, 0xcc, 0x33, 0x33, 0x33, 0xd2, 
	0xde, 0xdd, 0xdd, 0xd3, 0xcd, 0xed, 0xed, 0xcd, 
	0x33, 0xcd, 0xc3, 0xcc, 0x33, 0x33, 0x33, 0xd2, 
	0xde, 0xdd, 0xdd, 0xd3, 0xc3, 0x3d, 0xed, 0xcd, 
	0x33, 0x33, 0xdc, 0x33, 0xc3, 0x33, 0x33, 0xc3, 
	0xfe, 0xdd, 0xdd, 0xd3, 0xee, 0xee, 0xde, 0xdd, 
	0x33, 0x33, 0xd3, 0x33, 0xc3, 0x33, 0x33, 0xc3, 
	0xfe, 0xdd, 0xdd, 0xd3, 0xce, 0x3d, 0xde, 0xdd, 
	0x33, 0x33, 0xc3, 0x3c, 0xc3, 0x33, 0x3c, 0x33, 
	0xfe, 0xdd, 0xdd, 0xdd, 0xee, 0xee, 0xdd, 0xdd, 
	0x33, 0x33, 0xc3, 0x3c, 0xc3, 0x33, 0x3c, 0x33, 
	0xfe, 0xdd, 0xdd, 0xdc, 0xce, 0xcc, 0xed, 0xdd, 
	0x33, 0x33, 0xdc, 0xcd, 0xcc, 0xc2, 0x3c, 0x32, 
	0xee, 0xdd, 0xdd, 0xde, 0xee, 0xed, 0xee, 0xdd, 
	0x33, 0x33, 0xdc, 0xcd, 0xcc, 0xc2, 0x3c, 0x32, 
	0xee, 0xdd, 0xdd, 0x3c, 0xcc, 0xcc, 0xde, 0xdd, 
	0x33, 0x3c, 0xce, 0xdd, 0xcd, 0xcb, 0x3c, 0x3c, 
	0xde, 0xee, 0xee, 0xee, 0xee, 0xee, 0xee, 0xdd, 
	0x33, 0x3c, 0xce, 0xdd, 0xcd, 0xcb, 0x3c, 0x3c, 
	0xde, 0xee, 0xee, 0xee, 0xc2, 0xc2, 0xdd, 0xdd, 
	0x3c, 0xdc, 0xce, 0xed, 0x3d, 0x3c, 0xff, 0xcf, 
	0xfe, 0xef, 0xfe, 0xee, 0xcd, 0xee, 0xee, 0xec, 
	0x3c, 0xdc, 0xce, 0xed, 0x3d, 0x3c, 0xff, 0xcf, 
	0xfe, 0xef, 0xfe, 0xee, 0x3c, 0xf2, 0xdd, 0xdc, 
	0xde, 0xdd, 0xee, 0xee, 0xee, 0xef, 0xee, 0xef, 
	0xee, 0xdf, 0xfe, 0xee, 0xec, 0xde, 0xed, 0xed, 
	0xde, 0xdd, 0xee, 0xee, 0xee, 0xef, 0xee, 0xef, 
	0xee, 0xdf, 0xfd, 0xee, 0xec, 0xde, 0xec, 0xdd, 
	0xff, 0xee, 0xee, 0xef, 0xed, 0xef, 0xff, 0xee, 
	0xef, 0xfe, 0xee, 0xfe, 0xee, 0xee, 0xff, 0xfd, 
	0xff, 0xee, 0xee, 0xef, 0xed, 0xef, 0xff, 0xee, 
	0xef, 0xfe, 0xee, 0xfe, 0xee, 0xee, 0xff, 0xfd, 
	
};

Gfx ccm_dl_end_gake3_ci4_pal_rgba16_aligner[] = {gsSPEndDisplayList()};
u8 ccm_dl_end_gake3_ci4_pal_rgba16[] = {
	0x6b, 0x59, 0x7b, 0xdb, 0x8c, 0xa5, 0x9d, 0x2b, 
	0x52, 0x95, 0x5a, 0xd7, 0x73, 0x99, 0x84, 0x5f, 
	0x31, 0xcf, 0x21, 0x4b, 0x42, 0x53, 0x7b, 0xdf, 
	0xad, 0xad, 0xb5, 0xf1, 0xc6, 0x75, 0xe7, 0x3b, 
	
};

Gfx ccm_dl__0E00D050_ci8_aligner[] = {gsSPEndDisplayList()};
u8 ccm_dl__0E00D050_ci8[] = {
	0x00, 0x01, 0x02, 0x03, 0x04, 0x04, 0x05, 0x06, 
	0x07, 0x08, 0x08, 0x07, 0x06, 0x08, 0x09, 0x0a, 
	0x0a, 0x0b, 0x0c, 0x0d, 0x0e, 0x01, 0x0c, 0x0f, 
	0x01, 0x09, 0x0c, 0x10, 0x0f, 0x01, 0x11, 0x0f, 
	0x12, 0x13, 0x05, 0x14, 0x15, 0x01, 0x0c, 0x14, 
	0x16, 0x17, 0x05, 0x17, 0x0e, 0x03, 0x18, 0x0a, 
	0x0a, 0x19, 0x16, 0x16, 0x1a, 0x05, 0x05, 0x1b, 
	0x1c, 0x17, 0x1a, 0x17, 0x17, 0x03, 0x1d, 0x1e, 
	0x04, 0x0a, 0x14, 0x06, 0x06, 0x06, 0x04, 0x06, 
	0x02, 0x07, 0x08, 0x06, 0x02, 0x0d, 0x0a, 0x09, 
	0x09, 0x1f, 0x11, 0x20, 0x0f, 0x13, 0x0e, 0x14, 
	0x14, 0x0c, 0x13, 0x0c, 0x01, 0x1d, 0x09, 0x02, 
	0x08, 0x21, 0x09, 0x04, 0x03, 0x22, 0x01, 0x17, 
	0x0e, 0x0e, 0x14, 0x05, 0x14, 0x1d, 0x0a, 0x05, 
	0x04, 0x0a, 0x13, 0x01, 0x0d, 0x0e, 0x04, 0x02, 
	0x23, 0x03, 0x1b, 0x05, 0x05, 0x13, 0x1e, 0x01, 
	0x05, 0x23, 0x0a, 0x01, 0x1c, 0x04, 0x02, 0x23, 
	0x07, 0x23, 0x24, 0x08, 0x15, 0x25, 0x15, 0x13, 
	0x10, 0x0d, 0x0a, 0x0b, 0x0f, 0x01, 0x01, 0x16, 
	0x22, 0x14, 0x14, 0x09, 0x0a, 0x25, 0x08, 0x24, 
	0x23, 0x08, 0x21, 0x21, 0x1b, 0x17, 0x22, 0x16, 
	0x17, 0x1b, 0x17, 0x03, 0x0f, 0x18, 0x04, 0x22, 
	0x04, 0x1a, 0x0a, 0x26, 0x17, 0x05, 0x03, 0x04, 
	0x23, 0x23, 0x02, 0x22, 0x27, 0x0a, 0x16, 0x14, 
	0x05, 0x15, 0x28, 0x0a, 0x1b, 0x23, 0x04, 0x04, 
	0x1c, 0x07, 0x08, 0x01, 0x0a, 0x10, 0x16, 0x01, 
	0x09, 0x20, 0x16, 0x0a, 0x11, 0x16, 0x09, 0x0f, 
	0x20, 0x0e, 0x0f, 0x0b, 0x12, 0x07, 0x04, 0x08, 
	0x23, 0x22, 0x17, 0x1e, 0x09, 0x17, 0x1b, 0x0e, 
	0x1b, 0x02, 0x04, 0x13, 0x0a, 0x03, 0x23, 0x06, 
	0x02, 0x05, 0x29, 0x0a, 0x19, 0x02, 0x22, 0x14, 
	0x16, 0x03, 0x16, 0x18, 0x0a, 0x0c, 0x09, 0x22, 
	0x28, 0x0e, 0x1b, 0x04, 0x0a, 0x22, 0x24, 0x23, 
	0x04, 0x04, 0x01, 0x0a, 0x09, 0x19, 0x25, 0x19, 
	0x20, 0x21, 0x12, 0x01, 0x0a, 0x12, 0x09, 0x0c, 
	0x09, 0x16, 0x0b, 0x13, 0x23, 0x24, 0x23, 0x29, 
	0x23, 0x17, 0x1a, 0x07, 0x13, 0x09, 0x28, 0x17, 
	0x05, 0x17, 0x13, 0x0a, 0x28, 0x1a, 0x22, 0x03, 
	0x04, 0x05, 0x1c, 0x06, 0x0a, 0x01, 0x17, 0x1a, 
	0x22, 0x03, 0x2a, 0x27, 0x1b, 0x01, 0x0c, 0x05, 
	0x23, 0x17, 0x16, 0x1a, 0x06, 0x0a, 0x22, 0x06, 
	0x08, 0x09, 0x00, 0x09, 0x0f, 0x20, 0x12, 0x2b, 
	0x0f, 0x11, 0x2b, 0x1d, 0x0c, 0x0a, 0x20, 0x14, 
	0x1b, 0x10, 0x25, 0x03, 0x06, 0x08, 0x06, 0x29, 
	0x08, 0x1a, 0x03, 0x06, 0x2c, 0x1d, 0x20, 0x17, 
	0x05, 0x0b, 0x2d, 0x04, 0x05, 0x03, 0x05, 0x1a, 
	0x04, 0x17, 0x05, 0x28, 0x04, 0x0a, 0x0c, 0x05, 
	0x02, 0x0c, 0x0a, 0x1b, 0x0e, 0x22, 0x1b, 0x23, 
	0x23, 0x02, 0x05, 0x05, 0x1c, 0x02, 0x0a, 0x22, 
	0x01, 0x0a, 0x0d, 0x13, 0x0f, 0x1d, 0x11, 0x0b, 
	0x20, 0x1e, 0x1f, 0x1e, 0x1d, 0x16, 0x0a, 0x21, 
	0x1d, 0x09, 0x22, 0x04, 0x06, 0x08, 0x08, 0x2c, 
	0x29, 0x23, 0x23, 0x24, 0x24, 0x2c, 0x21, 0x09, 
	0x1d, 0x0a, 0x07, 0x05, 0x03, 0x1c, 0x1a, 0x1a, 
	0x02, 0x17, 0x17, 0x14, 0x22, 0x23, 0x0a, 0x13, 
	0x12, 0x21, 0x0e, 0x0e, 0x14, 0x28, 0x05, 0x23, 
	0x05, 0x1a, 0x03, 0x23, 0x23, 0x1a, 0x28, 0x0a, 
	0x0a, 0x10, 0x01, 0x0f, 0x1d, 0x1d, 0x2d, 0x2b, 
	0x1d, 0x2d, 0x19, 0x0f, 0x0c, 0x0f, 0x0c, 0x0a, 
	0x0a, 0x05, 0x02, 0x02, 0x08, 0x08, 0x2c, 0x2c, 
	0x06, 0x1c, 0x24, 0x2c, 0x29, 0x06, 0x07, 0x2e, 
	0x0a, 0x06, 0x07, 0x03, 0x28, 0x03, 0x05, 0x28, 
	0x04, 0x1c, 0x04, 0x04, 0x23, 0x14, 0x1c, 0x0a, 
	0x0a, 0x1b, 0x1b, 0x0e, 0x17, 0x05, 0x23, 0x06, 
	0x1c, 0x05, 0x16, 0x1b, 0x17, 0x17, 0x21, 0x0a, 
	0x00, 0x25, 0x13, 0x10, 0x09, 0x21, 0x13, 0x19, 
	0x1d, 0x0a, 0x0a, 0x18, 0x0c, 0x0f, 0x1e, 0x27, 
	0x0a, 0x0d, 0x07, 0x08, 0x29, 0x2c, 0x2c, 0x07, 
	0x23, 0x04, 0x05, 0x03, 0x06, 0x24, 0x13, 0x1f, 
	0x19, 0x09, 0x1a, 0x23, 0x02, 0x05, 0x1c, 0x03, 
	0x04, 0x22, 0x1b, 0x17, 0x02, 0x22, 0x13, 0x0a, 
	0x0a, 0x10, 0x28, 0x1c, 0x03, 0x23, 0x23, 0x05, 
	0x05, 0x05, 0x03, 0x05, 0x14, 0x1d, 0x0b, 0x23, 
	0x28, 0x0a, 0x1e, 0x25, 0x0f, 0x0f, 0x25, 0x00, 
	0x1d, 0x11, 0x25, 0x1d, 0x09, 0x25, 0x11, 0x1c, 
	0x02, 0x0b, 0x10, 0x06, 0x23, 0x08, 0x08, 0x23, 
	0x23, 0x04, 0x02, 0x23, 0x05, 0x21, 0x0b, 0x0e, 
	0x0c, 0x0a, 0x09, 0x14, 0x05, 0x04, 0x22, 0x22, 
	0x04, 0x05, 0x17, 0x28, 0x03, 0x0f, 0x0a, 0x0c, 
	0x09, 0x11, 0x0f, 0x1b, 0x15, 0x28, 0x02, 0x03, 
	0x22, 0x16, 0x28, 0x05, 0x1d, 0x25, 0x04, 0x04, 
	0x14, 0x05, 0x0a, 0x11, 0x0f, 0x12, 0x21, 0x27, 
	0x1d, 0x2d, 0x2a, 0x19, 0x0b, 0x25, 0x03, 0x14, 
	0x05, 0x08, 0x0a, 0x01, 0x24, 0x02, 0x24, 0x03, 
	0x04, 0x04, 0x23, 0x23, 0x1d, 0x2a, 0x10, 0x01, 
	0x26, 0x0e, 0x25, 0x19, 0x05, 0x03, 0x05, 0x28, 
	0x04, 0x1a, 0x05, 0x04, 0x26, 0x0a, 0x01, 0x1d, 
	0x19, 0x0e, 0x0a, 0x10, 0x17, 0x14, 0x04, 0x28, 
	0x03, 0x22, 0x0e, 0x25, 0x0b, 0x24, 0x05, 0x05, 
	0x1b, 0x0d, 0x1b, 0x0a, 0x19, 0x09, 0x21, 0x0b, 
	0x1d, 0x0b, 0x2b, 0x12, 0x0a, 0x04, 0x17, 0x22, 
	0x05, 0x02, 0x06, 0x0a, 0x0c, 0x05, 0x04, 0x02, 
	0x23, 0x23, 0x04, 0x1d, 0x25, 0x22, 0x0f, 0x0c, 
	0x09, 0x26, 0x0e, 0x21, 0x0d, 0x23, 0x1c, 0x17, 
	0x04, 0x22, 0x28, 0x01, 0x0a, 0x0e, 0x19, 0x2b, 
	0x1d, 0x0c, 0x0c, 0x0a, 0x01, 0x17, 0x05, 0x02, 
	0x1c, 0x17, 0x19, 0x2b, 0x06, 0x05, 0x05, 0x28, 
	0x05, 0x15, 0x01, 0x17, 0x0a, 0x1e, 0x13, 0x11, 
	0x0f, 0x0f, 0x2b, 0x1d, 0x28, 0x05, 0x17, 0x22, 
	0x03, 0x02, 0x1a, 0x23, 0x0a, 0x26, 0x04, 0x23, 
	0x06, 0x23, 0x09, 0x18, 0x17, 0x09, 0x0c, 0x09, 
	0x0e, 0x0c, 0x0e, 0x15, 0x0a, 0x0c, 0x04, 0x22, 
	0x04, 0x03, 0x0c, 0x27, 0x0c, 0x0f, 0x21, 0x11, 
	0x12, 0x0f, 0x1d, 0x0c, 0x0a, 0x10, 0x04, 0x04, 
	0x0c, 0x2b, 0x0a, 0x17, 0x04, 0x17, 0x05, 0x03, 
	0x22, 0x0e, 0x01, 0x17, 0x04, 0x0a, 0x25, 0x19, 
	0x19, 0x0a, 0x0a, 0x17, 0x04, 0x23, 0x23, 0x06, 
	0x23, 0x23, 0x05, 0x28, 0x23, 0x11, 0x0c, 0x02, 
	0x1a, 0x2b, 0x0a, 0x01, 0x16, 0x09, 0x09, 0x01, 
	0x0c, 0x0e, 0x0c, 0x0c, 0x22, 0x0a, 0x09, 0x05, 
	0x03, 0x21, 0x0a, 0x13, 0x0c, 0x0c, 0x0c, 0x0c, 
	0x09, 0x20, 0x25, 0x21, 0x01, 0x00, 0x0c, 0x1b, 
	0x18, 0x0a, 0x16, 0x0e, 0x04, 0x23, 0x02, 0x17, 
	0x0e, 0x09, 0x05, 0x05, 0x04, 0x23, 0x0a, 0x21, 
	0x1d, 0x0a, 0x05, 0x14, 0x04, 0x04, 0x28, 0x28, 
	0x14, 0x17, 0x06, 0x04, 0x17, 0x28, 0x0a, 0x0e, 
	0x2f, 0x11, 0x15, 0x0f, 0x01, 0x01, 0x0c, 0x12, 
	0x19, 0x0f, 0x0e, 0x09, 0x0c, 0x14, 0x0a, 0x10, 
	0x0c, 0x0a, 0x0f, 0x2d, 0x0f, 0x19, 0x11, 0x11, 
	0x0a, 0x2d, 0x0f, 0x09, 0x19, 0x0f, 0x0a, 0x0c, 
	0x0a, 0x15, 0x15, 0x17, 0x05, 0x06, 0x1a, 0x28, 
	0x1b, 0x0f, 0x17, 0x1a, 0x05, 0x03, 0x05, 0x0a, 
	0x2d, 0x28, 0x1c, 0x1b, 0x03, 0x02, 0x05, 0x22, 
	0x28, 0x03, 0x23, 0x05, 0x1a, 0x16, 0x05, 0x1e, 
	0x0a, 0x0c, 0x09, 0x10, 0x10, 0x16, 0x13, 0x19, 
	0x0f, 0x1d, 0x0c, 0x09, 0x0f, 0x09, 0x01, 0x27, 
	0x0a, 0x12, 0x1d, 0x1e, 0x0f, 0x13, 0x1e, 0x0b, 
	0x11, 0x2a, 0x19, 0x1d, 0x1d, 0x20, 0x0c, 0x2d, 
	0x0a, 0x01, 0x0e, 0x22, 0x04, 0x06, 0x05, 0x1a, 
	0x16, 0x09, 0x1b, 0x03, 0x17, 0x05, 0x1a, 0x0a, 
	0x0b, 0x1a, 0x05, 0x1b, 0x04, 0x02, 0x1a, 0x1b, 
	0x03, 0x23, 0x02, 0x17, 0x1c, 0x14, 0x1b, 0x0b, 
	0x0a, 0x0c, 0x10, 0x09, 0x01, 0x16, 0x0f, 0x19, 
	0x13, 0x13, 0x09, 0x0d, 0x13, 0x0f, 0x0c, 0x0a, 
	0x0a, 0x13, 0x2b, 0x25, 0x09, 0x13, 0x0b, 0x11, 
	0x18, 0x2f, 0x13, 0x25, 0x19, 0x0f, 0x19, 0x11, 
	0x13, 0x0a, 0x16, 0x05, 0x03, 0x02, 0x23, 0x05, 
	0x1b, 0x0c, 0x03, 0x02, 0x23, 0x24, 0x0a, 0x21, 
	0x1d, 0x11, 0x05, 0x22, 0x23, 0x04, 0x05, 0x02, 
	0x04, 0x28, 0x23, 0x17, 0x28, 0x04, 0x0a, 0x01, 
	0x0f, 0x0a, 0x0e, 0x15, 0x0c, 0x0d, 0x0d, 0x0f, 
	0x26, 0x09, 0x14, 0x0e, 0x0e, 0x17, 0x25, 0x0c, 
	0x0d, 0x0a, 0x0f, 0x2b, 0x09, 0x0f, 0x1e, 0x13, 
	0x13, 0x1e, 0x19, 0x21, 0x0f, 0x0c, 0x0a, 0x09, 
	0x22, 0x09, 0x0a, 0x14, 0x17, 0x22, 0x28, 0x04, 
	0x14, 0x0e, 0x01, 0x22, 0x23, 0x0a, 0x0a, 0x2d, 
	0x1d, 0x2b, 0x1d, 0x04, 0x04, 0x23, 0x23, 0x1c, 
	0x1b, 0x17, 0x1b, 0x03, 0x23, 0x0a, 0x01, 0x24, 
	0x06, 0x09, 0x2e, 0x0c, 0x10, 0x0f, 0x0f, 0x01, 
	0x09, 0x15, 0x0c, 0x10, 0x1a, 0x0a, 0x21, 0x14, 
	0x05, 0x0c, 0x00, 0x0d, 0x0c, 0x0c, 0x0c, 0x1d, 
	0x11, 0x00, 0x0a, 0x13, 0x01, 0x0a, 0x0e, 0x05, 
	0x0e, 0x14, 0x2d, 0x0a, 0x03, 0x1c, 0x17, 0x17, 
	0x05, 0x10, 0x09, 0x1b, 0x0a, 0x2b, 0x21, 0x0b, 
	0x27, 0x0b, 0x2a, 0x12, 0x1a, 0x14, 0x28, 0x04, 
	0x05, 0x05, 0x17, 0x05, 0x0a, 0x0e, 0x04, 0x28, 
	0x05, 0x02, 0x18, 0x0a, 0x01, 0x0c, 0x26, 0x0f, 
	0x15, 0x0f, 0x0c, 0x0d, 0x21, 0x0c, 0x05, 0x17, 
	0x1b, 0x16, 0x10, 0x00, 0x0c, 0x21, 0x1d, 0x13, 
	0x18, 0x1d, 0x18, 0x13, 0x0a, 0x14, 0x04, 0x17, 
	0x1b, 0x1b, 0x01, 0x1d, 0x0a, 0x23, 0x04, 0x1b, 
	0x1a, 0x01, 0x05, 0x0a, 0x21, 0x09, 0x1e, 0x1e, 
	0x11, 0x0b, 0x27, 0x2b, 0x0a, 0x04, 0x17, 0x02, 
	0x03, 0x05, 0x06, 0x0a, 0x0f, 0x23, 0x1a, 0x05, 
	0x1a, 0x02, 0x05, 0x19, 0x00, 0x16, 0x0c, 0x0f, 
	0x01, 0x09, 0x17, 0x27, 0x09, 0x23, 0x28, 0x1a, 
	0x28, 0x22, 0x14, 0x0c, 0x0a, 0x15, 0x13, 0x0c, 
	0x19, 0x13, 0x0c, 0x0a, 0x09, 0x02, 0x22, 0x05, 
	0x0e, 0x0e, 0x22, 0x28, 0x19, 0x2e, 0x23, 0x17, 
	0x03, 0x04, 0x0a, 0x2a, 0x2b, 0x09, 0x1d, 0x27, 
	0x0a, 0x0b, 0x27, 0x13, 0x00, 0x25, 0x04, 0x22, 
	0x05, 0x08, 0x0a, 0x19, 0x02, 0x08, 0x04, 0x03, 
	0x05, 0x04, 0x03, 0x02, 0x19, 0x27, 0x01, 0x26, 
	0x0e, 0x14, 0x1e, 0x09, 0x1b, 0x06, 0x1c, 0x28, 
	0x22, 0x1a, 0x1b, 0x03, 0x20, 0x0a, 0x01, 0x19, 
	0x0f, 0x16, 0x0a, 0x21, 0x14, 0x1c, 0x28, 0x28, 
	0x05, 0x28, 0x1c, 0x05, 0x17, 0x13, 0x1f, 0x05, 
	0x03, 0x0a, 0x18, 0x19, 0x1e, 0x0f, 0x0f, 0x27, 
	0x2e, 0x21, 0x0f, 0x0c, 0x09, 0x11, 0x27, 0x05, 
	0x04, 0x0a, 0x09, 0x08, 0x08, 0x29, 0x06, 0x23, 
	0x23, 0x04, 0x02, 0x23, 0x04, 0x1d, 0x27, 0x09, 
	0x0e, 0x25, 0x0c, 0x28, 0x16, 0x03, 0x03, 0x22, 
	0x22, 0x04, 0x04, 0x02, 0x03, 0x13, 0x0a, 0x10, 
	0x26, 0x0a, 0x13, 0x05, 0x17, 0x1c, 0x05, 0x05, 
	0x23, 0x05, 0x14, 0x1a, 0x22, 0x16, 0x2d, 0x0a, 
	0x0a, 0x0a, 0x0f, 0x0f, 0x19, 0x09, 0x13, 0x0f, 
	0x13, 0x19, 0x13, 0x21, 0x12, 0x09, 0x21, 0x25, 
	0x0a, 0x0f, 0x04, 0x07, 0x2c, 0x2c, 0x2c, 0x08, 
	0x08, 0x04, 0x1c, 0x23, 0x23, 0x04, 0x2b, 0x0a, 
	0x0b, 0x21, 0x1c, 0x03, 0x03, 0x23, 0x1c, 0x04, 
	0x02, 0x23, 0x04, 0x28, 0x17, 0x28, 0x0f, 0x0a, 
	0x0a, 0x13, 0x01, 0x1a, 0x04, 0x24, 0x23, 0x04, 
	0x06, 0x23, 0x17, 0x05, 0x04, 0x05, 0x05, 0x1f, 
	0x0a, 0x20, 0x0b, 0x0f, 0x26, 0x2b, 0x11, 0x00, 
	0x13, 0x1d, 0x00, 0x21, 0x26, 0x09, 0x0e, 0x0a, 
	0x11, 0x28, 0x1a, 0x08, 0x23, 0x07, 0x29, 0x2c, 
	0x2c, 0x23, 0x23, 0x24, 0x08, 0x24, 0x08, 0x2b, 
	0x0a, 0x02, 0x17, 0x03, 0x04, 0x05, 0x17, 0x14, 
	0x04, 0x02, 0x22, 0x05, 0x04, 0x17, 0x23, 0x0a, 
	0x0a, 0x0e, 0x0c, 0x28, 0x14, 0x1a, 0x04, 0x24, 
	0x03, 0x17, 0x02, 0x03, 0x1a, 0x23, 0x0a, 0x16, 
	0x0d, 0x0a, 0x21, 0x1d, 0x18, 0x21, 0x21, 0x11, 
	0x2f, 0x19, 0x11, 0x2f, 0x0f, 0x16, 0x0a, 0x2b, 
	0x21, 0x21, 0x14, 0x06, 0x23, 0x08, 0x08, 0x08, 
	0x07, 0x1a, 0x08, 0x08, 0x06, 0x2c, 0x2b, 0x0f, 
	0x2b, 0x0a, 0x05, 0x28, 0x28, 0x05, 0x04, 0x17, 
	0x04, 0x04, 0x28, 0x1a, 0x1a, 0x23, 0x0a, 0x2f, 
	0x21, 0x27, 0x01, 0x22, 0x15, 0x05, 0x05, 0x03, 
	0x1c, 0x22, 0x0c, 0x03, 0x08, 0x0a, 0x0c, 0x23, 
	0x08, 0x01, 0x0a, 0x0f, 0x13, 0x1d, 0x13, 0x25, 
	0x19, 0x0f, 0x2a, 0x1d, 0x0c, 0x0a, 0x18, 0x0c, 
	0x09, 0x21, 0x00, 0x04, 0x02, 0x08, 0x08, 0x23, 
	0x06, 0x17, 0x17, 0x08, 0x30, 0x1d, 0x2d, 0x22, 
	0x17, 0x1d, 0x0a, 0x1c, 0x17, 0x05, 0x03, 0x28, 
	0x04, 0x23, 0x05, 0x1a, 0x04, 0x0a, 0x0f, 0x1b, 
	0x22, 0x12, 0x0a, 0x22, 0x01, 0x22, 0x28, 0x17, 
	0x05, 0x01, 0x22, 0x24, 0x25, 0x17, 0x04, 0x02, 
	0x04, 0x06, 0x0f, 0x0a, 0x0c, 0x0f, 0x2f, 0x2d, 
	0x0f, 0x26, 0x0f, 0x0c, 0x0a, 0x27, 0x10, 0x01, 
	0x0c, 0x09, 0x21, 0x19, 0x02, 0x06, 0x08, 0x23, 
	0x06, 0x1b, 0x05, 0x29, 0x09, 0x10, 0x16, 0x17, 
	0x28, 0x1c, 0x0b, 0x0a, 0x05, 0x05, 0x05, 0x22, 
	0x02, 0x02, 0x04, 0x23, 0x0a, 0x19, 0x28, 0x05, 
	0x17, 0x1b, 0x13, 0x11, 0x16, 0x01, 0x16, 0x16, 
	0x04, 0x05, 0x1c, 0x0a, 0x01, 0x07, 0x07, 0x04, 
	0x04, 0x23, 0x23, 0x15, 0x0b, 0x09, 0x2f, 0x09, 
	0x01, 0x01, 0x17, 0x0a, 0x0b, 0x26, 0x0c, 0x09, 
	0x0c, 0x0e, 0x01, 0x21, 0x1d, 0x08, 0x24, 0x06, 
	0x08, 0x04, 0x05, 0x0a, 0x12, 0x1c, 0x1c, 0x16, 
	0x17, 0x05, 0x17, 0x19, 0x1e, 0x03, 0x1b, 0x02, 
	0x06, 0x23, 0x2c, 0x0a, 0x0f, 0x22, 0x05, 0x22, 
	0x28, 0x03, 0x05, 0x13, 0x0a, 0x0c, 0x01, 0x0e, 
	0x1b, 0x06, 0x0a, 0x0e, 0x02, 0x1c, 0x06, 0x23, 
	0x05, 0x23, 0x24, 0x08, 0x14, 0x2a, 0x22, 0x26, 
	0x1d, 0x0c, 0x0b, 0x25, 0x09, 0x0c, 0x0c, 0x09, 
	0x01, 0x09, 0x0f, 0x1d, 0x2a, 0x19, 0x08, 0x08, 
	0x03, 0x29, 0x1e, 0x12, 0x28, 0x14, 0x1a, 0x14, 
	0x0c, 0x1b, 0x17, 0x03, 0x09, 0x21, 0x06, 0x05, 
	0x17, 0x17, 0x2d, 0x09, 0x17, 0x28, 0x05, 0x17, 
	0x03, 0x28, 0x14, 0x01, 0x2f, 0x0a, 0x16, 0x17, 
	0x05, 0x0a, 0x16, 0x04, 0x04, 0x04, 0x05, 0x06, 
	0x07, 0x07, 0x06, 0x04, 0x23, 0x14, 0x0a, 0x19, 
	0x0c, 0x0a, 0x25, 0x16, 0x09, 0x0c, 0x0c, 0x09, 
	0x01, 0x20, 0x10, 0x10, 0x19, 0x18, 0x2a, 0x23, 
	0x06, 0x12, 0x0f, 0x1a, 0x17, 0x01, 0x0c, 0x22, 
	0x17, 0x15, 0x01, 0x14, 0x14, 0x26, 0x0a, 0x22, 
	0x23, 0x0a, 0x0f, 0x1a, 0x01, 0x28, 0x1a, 0x22, 
	0x03, 0x17, 0x05, 0x28, 0x0e, 0x12, 0x0a, 0x16, 
	0x0a, 0x09, 0x06, 0x03, 0x04, 0x04, 0x1c, 0x23, 
	0x08, 0x23, 0x06, 0x23, 0x23, 0x08, 0x0c, 0x0a, 
	0x0a, 0x25, 0x0f, 0x16, 0x10, 0x09, 0x0c, 0x09, 
	0x01, 0x09, 0x0d, 0x0c, 0x09, 0x09, 0x1f, 0x13, 
	0x2b, 0x2b, 0x04, 0x14, 0x0e, 0x01, 0x0c, 0x16, 
	0x14, 0x14, 0x1a, 0x14, 0x01, 0x05, 0x12, 0x0a, 
	0x0a, 0x0f, 0x01, 0x17, 0x16, 0x22, 0x1a, 0x17, 
	0x03, 0x17, 0x05, 0x05, 0x17, 0x17, 0x18, 0x11, 
	
};

Gfx ccm_dl__0E00D050_ci8_pal_rgba16_aligner[] = {gsSPEndDisplayList()};
u8 ccm_dl__0E00D050_ci8_pal_rgba16[] = {
	0x08, 0x45, 0x4a, 0x97, 0x6b, 0xe1, 0x63, 0xa1, 
	0x6b, 0xa1, 0x63, 0x5f, 0x73, 0xe3, 0x74, 0x25, 
	0x7c, 0x25, 0x3a, 0x13, 0x00, 0x01, 0x10, 0x87, 
	0x42, 0x55, 0x42, 0x57, 0x4a, 0xd9, 0x31, 0xd1, 
	0x3a, 0x15, 0x08, 0x85, 0x29, 0x4d, 0x29, 0x8f, 
	0x52, 0xdb, 0x4a, 0x99, 0x52, 0xd9, 0x5b, 0x1d, 
	0x21, 0x0b, 0x31, 0x8f, 0x5b, 0x5f, 0x53, 0x1b, 
	0x63, 0x9f, 0x21, 0x4d, 0x10, 0xc9, 0x00, 0x03, 
	0x31, 0xcf, 0x21, 0x4b, 0x5b, 0x1b, 0x6b, 0xe3, 
	0x74, 0x23, 0x18, 0xc9, 0x39, 0xd1, 0x08, 0x43, 
	0x5b, 0x5d, 0x7c, 0x65, 0x19, 0x09, 0x19, 0x0b, 
	0x84, 0x65, 0x10, 0xc7, 0x00, 0x43, 0x29, 0x8d, 
	0x8c, 0xa7, 
};

Gfx ccm_dl_DRA_O_BB_ROAD01_M6_ci4_aligner[] = {gsSPEndDisplayList()};
u8 ccm_dl_DRA_O_BB_ROAD01_M6_ci4[] = {
	0x00, 0x01, 0x23, 0x40, 0x15, 0x00, 0x11, 0x66, 
	0x55, 0x75, 0x16, 0x06, 0x67, 0x88, 0x88, 0x87, 
	0x56, 0x11, 0x67, 0x67, 0x81, 0x71, 0x67, 0x76, 
	0x11, 0x22, 0x05, 0x09, 0x93, 0x24, 0x22, 0x02, 
	0x40, 0x00, 0x22, 0x44, 0x29, 0x02, 0x01, 0x76, 
	0x10, 0x05, 0x15, 0x56, 0x77, 0x77, 0x77, 0x77, 
	0x17, 0x61, 0x11, 0x51, 0x66, 0x55, 0x76, 0x66, 
	0x11, 0x11, 0x9a, 0xb4, 0x55, 0xc4, 0x20, 0x04, 
	0xa4, 0x29, 0x22, 0x24, 0xca, 0x90, 0x02, 0x65, 
	0x59, 0x42, 0x00, 0x01, 0x65, 0x77, 0x78, 0x77, 
	0x61, 0x11, 0x10, 0x15, 0x16, 0x51, 0x11, 0x51, 
	0x65, 0x92, 0x20, 0x9c, 0x43, 0x24, 0x12, 0x04, 
	0x22, 0x90, 0x02, 0xaa, 0x05, 0x00, 0xa0, 0x0d, 
	0x91, 0x92, 0x00, 0x60, 0x16, 0x78, 0x77, 0x77, 
	0x61, 0x66, 0x11, 0x11, 0x01, 0x06, 0x10, 0x66, 
	0x86, 0xa2, 0x22, 0x02, 0x3b, 0x58, 0x21, 0x01, 
	0x24, 0x65, 0x10, 0xa9, 0x00, 0x02, 0x00, 0x09, 
	0x09, 0x19, 0x91, 0x50, 0x11, 0x16, 0x77, 0x66, 
	0x61, 0x71, 0x11, 0x00, 0x01, 0x05, 0x51, 0x19, 
	0x61, 0x04, 0x4a, 0x05, 0x50, 0x59, 0x02, 0x61, 
	0x72, 0x76, 0x56, 0x51, 0x10, 0x11, 0x90, 0x24, 
	0x24, 0x29, 0x06, 0x10, 0x66, 0x11, 0x16, 0x66, 
	0x70, 0x11, 0x90, 0x50, 0x01, 0x00, 0x11, 0x51, 
	0x10, 0x04, 0x24, 0x92, 0x27, 0xb5, 0x10, 0x01, 
	0x44, 0x21, 0x40, 0x00, 0x00, 0x00, 0x2a, 0x24, 
	0x42, 0x00, 0x00, 0x01, 0x11, 0x76, 0x57, 0x15, 
	0x00, 0x00, 0x00, 0x60, 0x10, 0x91, 0x10, 0x21, 
	0x42, 0xa4, 0xcc, 0x31, 0xc1, 0x91, 0x11, 0x11, 
	0x71, 0x06, 0x02, 0x09, 0xa2, 0x09, 0x99, 0x92, 
	0x22, 0x00, 0x51, 0x95, 0x16, 0x57, 0x77, 0x66, 
	0x10, 0x01, 0x10, 0x11, 0x16, 0x71, 0x00, 0x01, 
	0x94, 0xa4, 0x2c, 0x33, 0x99, 0x01, 0x60, 0x88, 
	0x16, 0x20, 0x09, 0x90, 0x99, 0x29, 0x9a, 0x29, 
	0x59, 0x95, 0x15, 0x61, 0x66, 0x06, 0x16, 0x71, 
	0x61, 0x00, 0x10, 0x05, 0x61, 0x71, 0x15, 0x59, 
	0x00, 0x33, 0x20, 0x23, 0x35, 0x40, 0x61, 0x68, 
	0x17, 0x00, 0x22, 0x21, 0x5a, 0x22, 0x92, 0x95, 
	0x55, 0x95, 0x10, 0x75, 0x51, 0x20, 0x67, 0x57, 
	0x75, 0x59, 0x10, 0x07, 0x51, 0x75, 0x61, 0x69, 
	0x20, 0xb3, 0x20, 0x52, 0x29, 0x40, 0x18, 0x30, 
	0x77, 0x00, 0x20, 0x29, 0xa2, 0x29, 0x52, 0xa0, 
	0x50, 0x51, 0x61, 0x56, 0x55, 0x00, 0x11, 0x55, 
	0x76, 0x55, 0x90, 0x01, 0x76, 0x67, 0x71, 0x15, 
	0x00, 0xa4, 0xb1, 0x02, 0x2b, 0x20, 0x07, 0x10, 
	0x67, 0x59, 0x20, 0x52, 0x20, 0x09, 0x11, 0x29, 
	0x97, 0x61, 0x15, 0x57, 0x55, 0x65, 0x91, 0x55, 
	0x75, 0x55, 0x55, 0x56, 0x86, 0x02, 0x61, 0x01, 
	0x50, 0xa4, 0x40, 0xab, 0x34, 0xa4, 0x14, 0x21, 
	0x71, 0x09, 0x44, 0x01, 0x21, 0x90, 0x05, 0x51, 
	0x77, 0x66, 0x57, 0x11, 0x57, 0x77, 0x55, 0x65, 
	0x75, 0x59, 0x50, 0x66, 0x66, 0x11, 0x71, 0x15, 
	0x61, 0x94, 0x0a, 0x9b, 0xc4, 0x24, 0x11, 0x12, 
	0x65, 0x51, 0xa2, 0xba, 0x00, 0x29, 0x01, 0x56, 
	0x77, 0x77, 0x67, 0x51, 0x57, 0x86, 0x00, 0x58, 
	0x75, 0x66, 0x16, 0x77, 0x17, 0x66, 0x70, 0x50, 
	0x01, 0x4a, 0x2a, 0x9d, 0xbb, 0xa4, 0x44, 0x06, 
	0x00, 0x00, 0x24, 0xa4, 0xa2, 0x29, 0x90, 0x18, 
	0x78, 0x77, 0x11, 0x61, 0x16, 0x78, 0x00, 0x15, 
	0x55, 0x11, 0x17, 0x71, 0x05, 0x67, 0x51, 0x01, 
	0x00, 0x42, 0x92, 0x0a, 0x3b, 0x22, 0xa0, 0x56, 
	0x75, 0x60, 0x14, 0xa2, 0x22, 0x9a, 0x01, 0x51, 
	0x16, 0x55, 0x50, 0x51, 0x16, 0x57, 0x01, 0x71, 
	0x67, 0x76, 0x66, 0x77, 0x71, 0x77, 0x5a, 0x95, 
	0x90, 0x5b, 0xa9, 0x42, 0x3b, 0xcb, 0x90, 0x20, 
	0x18, 0x92, 0x02, 0x4b, 0xb2, 0x00, 0x00, 0x92, 
	0x17, 0x75, 0x91, 0x77, 0x78, 0x55, 0x60, 0x55, 
	0x56, 0x61, 0x11, 0x67, 0x65, 0x60, 0x09, 0x12, 
	0x00, 0x97, 0x59, 0x3a, 0x4a, 0x24, 0x0a, 0xaa, 
	0x02, 0x42, 0x22, 0xa3, 0x3a, 0x02, 0x00, 0x22, 
	0x95, 0x67, 0x65, 0x66, 0x15, 0x76, 0x61, 0x11, 
	0x50, 0x10, 0x66, 0x76, 0x67, 0x15, 0xa0, 0x14, 
	0x22, 0x15, 0x59, 0xab, 0xab, 0xbb, 0x99, 0xaa, 
	0x95, 0x50, 0x3b, 0xb9, 0x4a, 0xaa, 0xa4, 0xa2, 
	0x01, 0x21, 0x58, 0x56, 0x75, 0x75, 0x57, 0x55, 
	0x90, 0x11, 0x17, 0x16, 0x71, 0x00, 0xa1, 0x55, 
	0x04, 0x09, 0x55, 0x2c, 0xab, 0xa4, 0x95, 0x90, 
	0x5b, 0x02, 0xab, 0xbb, 0xaa, 0x29, 0xaa, 0x0a, 
	0x22, 0x20, 0x15, 0x77, 0x78, 0x77, 0x55, 0x85, 
	0x50, 0x15, 0x66, 0x61, 0x65, 0x19, 0xa9, 0x51, 
	0x9a, 0x29, 0x95, 0xa4, 0x49, 0xab, 0xaa, 0x14, 
	0x66, 0x24, 0x2e, 0xa9, 0xaa, 0x90, 0xa2, 0x4a, 
	0xa2, 0x40, 0x67, 0x78, 0x58, 0x77, 0x55, 0x57, 
	0x56, 0x16, 0x17, 0x11, 0x61, 0x15, 0x5a, 0x00, 
	0x62, 0x09, 0xd5, 0x99, 0x40, 0x23, 0x39, 0x49, 
	0x86, 0x02, 0x9a, 0xa9, 0x9a, 0x99, 0xa4, 0x2a, 
	0xb4, 0x49, 0x91, 0x57, 0x66, 0x66, 0x77, 0x16, 
	0x57, 0x75, 0x71, 0x18, 0x66, 0x15, 0x9a, 0x93, 
	0xa2, 0x29, 0xdd, 0xa0, 0x34, 0xa4, 0x95, 0x11, 
	0x61, 0x92, 0xab, 0xd5, 0x99, 0x00, 0x42, 0x25, 
	0x22, 0x01, 0x10, 0x77, 0x67, 0x76, 0x75, 0x69, 
	0x98, 0x86, 0x70, 0x17, 0x11, 0x99, 0x99, 0x24, 
	0x22, 0x29, 0x94, 0xa9, 0x4b, 0xbb, 0x29, 0x54, 
	0x99, 0x03, 0xba, 0xa9, 0x95, 0x95, 0x01, 0x00, 
	0x22, 0x12, 0x66, 0x77, 0x77, 0x77, 0x15, 0x10, 
	0x57, 0x76, 0x61, 0x01, 0x60, 0x99, 0xa0, 0x53, 
	0x22, 0xa5, 0x9a, 0xba, 0x99, 0xab, 0xed, 0x8d, 
	0x20, 0x22, 0xaa, 0x99, 0x55, 0x55, 0x15, 0x86, 
	0x24, 0x01, 0x68, 0x85, 0x77, 0x87, 0x75, 0x09, 
	0x06, 0x16, 0x75, 0x10, 0x55, 0x92, 0xb2, 0xb4, 
	0x09, 0x5d, 0xaa, 0x90, 0xa4, 0x5a, 0x55, 0xd9, 
	0x0a, 0x4a, 0xba, 0x99, 0x50, 0x90, 0x12, 0x66, 
	0x00, 0x00, 0x76, 0x77, 0x67, 0x77, 0x76, 0x55, 
	0x55, 0x16, 0x17, 0x50, 0x00, 0x9a, 0xba, 0xa2, 
	0x29, 0x95, 0xaa, 0xd9, 0xab, 0x93, 0x90, 0xa0, 
	0x49, 0xa4, 0xbb, 0x9a, 0xd0, 0x61, 0x50, 0x51, 
	0x20, 0x16, 0x15, 0x71, 0x75, 0x16, 0x71, 0x09, 
	0xa5, 0x55, 0x51, 0x65, 0x90, 0x0a, 0x92, 0xab, 
	0x2a, 0xa9, 0x9d, 0xad, 0x3a, 0xeb, 0x4a, 0xb3, 
	0xb9, 0xa4, 0xba, 0xb3, 0xa0, 0x66, 0x55, 0x77, 
	0x01, 0x65, 0x58, 0x75, 0x95, 0x65, 0x51, 0x95, 
	0x51, 0x55, 0x55, 0x9a, 0x29, 0x2a, 0x0a, 0xaa, 
	0xee, 0x55, 0x9a, 0xaa, 0xba, 0xaa, 0xaa, 0x33, 
	0x02, 0x99, 0xba, 0x4b, 0xa1, 0x55, 0x15, 0x77, 
	0x02, 0x15, 0x57, 0x55, 0x15, 0x56, 0x67, 0x67, 
	0x71, 0x65, 0x09, 0x90, 0x9a, 0x00, 0x00, 0xba, 
	0x9d, 0x9d, 0x59, 0xaa, 0xb3, 0x0b, 0x9e, 0xa9, 
	0xa0, 0x59, 0x09, 0xde, 0x9d, 0x51, 0x65, 0x07, 
	0x50, 0xa2, 0x05, 0xa5, 0x55, 0x56, 0x71, 0x16, 
	0x60, 0x66, 0x60, 0x60, 0x00, 0x9a, 0xaa, 0xa9, 
	0xa5, 0x99, 0x09, 0x2a, 0xaa, 0xab, 0xbb, 0x34, 
	0x0a, 0x05, 0x95, 0x9d, 0x9d, 0x95, 0x62, 0x05, 
	0x9a, 0x0a, 0xa2, 0x55, 0x09, 0x56, 0x66, 0x76, 
	0x80, 0x76, 0x67, 0x65, 0x92, 0xea, 0x9a, 0x95, 
	0x2a, 0xb0, 0x9a, 0x2a, 0xb4, 0xcb, 0xbb, 0xab, 
	0xaa, 0x9e, 0xb4, 0x09, 0x55, 0x91, 0x60, 0x05, 
	0x50, 0x59, 0xa9, 0x59, 0x90, 0x16, 0x67, 0x71, 
	0x75, 0x61, 0x15, 0x55, 0x5a, 0xa4, 0xa0, 0x00, 
	0xda, 0x32, 0x7a, 0xa4, 0x42, 0xbc, 0xbe, 0x9b, 
	0x09, 0x04, 0x3c, 0x39, 0x99, 0x02, 0x90, 0x11, 
	0x99, 0xd9, 0xaa, 0x40, 0x55, 0x78, 0x61, 0x75, 
	0x16, 0x12, 0x01, 0x00, 0x5b, 0xa4, 0xa0, 0xa4, 
	0xaa, 0xbb, 0x09, 0x9a, 0xa3, 0xad, 0xaa, 0x90, 
	0xc9, 0x94, 0x42, 0x42, 0x9a, 0x2b, 0x32, 0x11, 
	0xa3, 0x3a, 0xa5, 0x99, 0x55, 0x51, 0x02, 0x01, 
	0x26, 0x12, 0x00, 0x09, 0x99, 0x24, 0x0a, 0x9a, 
	0xaa, 0xab, 0x4a, 0xaa, 0xa2, 0x3b, 0x4b, 0x34, 
	0xcc, 0x33, 0x32, 0x4a, 0xaa, 0x9a, 0x43, 0xa9, 
	0xe3, 0xc3, 0x20, 0x21, 0x50, 0x66, 0x90, 0x01, 
	0x04, 0x02, 0x22, 0x00, 0x00, 0x21, 0x9a, 0xba, 
	0x9d, 0xee, 0xb4, 0xa4, 0x4b, 0xba, 0xa4, 0xa4, 
	0xa3, 0xab, 0x4a, 0xa9, 0x95, 0x9b, 0xaa, 0xa9, 
	0xa5, 0xa4, 0x20, 0x60, 0x15, 0x66, 0x60, 0x11, 
	0x1a, 0x10, 0x00, 0x02, 0x2a, 0x49, 0x2a, 0x99, 
	0xad, 0xea, 0xab, 0x40, 0xbc, 0x39, 0x94, 0xbb, 
	0x43, 0x4b, 0x90, 0x24, 0xb4, 0x43, 0xa0, 0xab, 
	0xaa, 0x9a, 0xa7, 0x51, 0x10, 0x10, 0x00, 0x11, 
	0x00, 0x61, 0x11, 0x00, 0x00, 0x2a, 0xa2, 0xaa, 
	0xab, 0x93, 0xbb, 0xa0, 0xab, 0xbb, 0xab, 0xb4, 
	0xb3, 0xba, 0xa0, 0xb3, 0xb4, 0xb4, 0x20, 0x33, 
	0x44, 0x41, 0x27, 0x10, 0x50, 0x02, 0x42, 0x00, 
	0x12, 0x01, 0x00, 0x10, 0x00, 0x22, 0xaa, 0xa2, 
	0x2a, 0xab, 0xb4, 0x49, 0x99, 0x9f, 0xab, 0xb3, 
	0xb3, 0xaf, 0xba, 0x43, 0x42, 0xa4, 0x3a, 0x3c, 
	0x44, 0x2a, 0x22, 0x40, 0x11, 0x70, 0xa9, 0x10, 
	0x00, 0x00, 0x01, 0x60, 0x11, 0xa0, 0x24, 0x3a, 
	0x2a, 0x5a, 0xa4, 0x4a, 0x29, 0x9a, 0xae, 0x9c, 
	0xcc, 0xc2, 0x20, 0x0a, 0x99, 0x01, 0xa9, 0xbc, 
	0x44, 0x22, 0x20, 0x41, 0x01, 0x71, 0x11, 0x00, 
	0x42, 0x01, 0x60, 0x60, 0x01, 0x6a, 0x4a, 0x25, 
	0x9a, 0x55, 0x55, 0x59, 0x59, 0x9a, 0xa3, 0x4c, 
	0x2b, 0x44, 0x49, 0x92, 0x99, 0xa1, 0xab, 0x33, 
	0x24, 0x4a, 0x01, 0x10, 0x16, 0x11, 0x17, 0x51, 
	0x00, 0x00, 0x02, 0x10, 0x01, 0x02, 0x00, 0x29, 
	0x10, 0x24, 0x26, 0x55, 0x55, 0x04, 0x3a, 0x33, 
	0xba, 0x4a, 0x42, 0xa9, 0x9a, 0x2b, 0xa4, 0x90, 
	0x01, 0x02, 0x01, 0x76, 0x76, 0x17, 0x65, 0x16, 
	0x11, 0x06, 0x01, 0x00, 0x20, 0x72, 0x09, 0x52, 
	0x20, 0x04, 0x01, 0x55, 0xa2, 0xa1, 0x2a, 0xc0, 
	0x34, 0x24, 0x2b, 0xaa, 0xba, 0x2a, 0x92, 0x42, 
	0x02, 0x00, 0x16, 0x77, 0x61, 0x07, 0x71, 0x11, 
	0x51, 0x11, 0x00, 0x02, 0x01, 0x90, 0x02, 0x01, 
	0x00, 0x04, 0x20, 0x9b, 0xfd, 0x95, 0x9a, 0xcc, 
	0x33, 0x34, 0x4b, 0x92, 0x2a, 0x5a, 0x24, 0xb4, 
	0x22, 0x06, 0x51, 0x76, 0x87, 0x76, 0x77, 0x11, 
	0x60, 0x01, 0x02, 0x00, 0x10, 0x00, 0x10, 0x20, 
	0x02, 0x22, 0x22, 0xa9, 0xbb, 0xe9, 0x9b, 0x33, 
	0x43, 0xc4, 0xbb, 0x49, 0x99, 0x94, 0x32, 0x22, 
	0xb9, 0xa1, 0x97, 0x51, 0x77, 0x66, 0x78, 0x66, 
	0x66, 0x66, 0x10, 0x15, 0x01, 0x40, 0x01, 0x11, 
	0x12, 0x2a, 0xa9, 0xaa, 0x34, 0xaa, 0xaa, 0x34, 
	0xc3, 0x44, 0x4b, 0x44, 0xaa, 0xab, 0x43, 0x09, 
	0x33, 0xd1, 0x55, 0x56, 0x16, 0x75, 0x11, 0x01, 
	0x66, 0x77, 0x61, 0x15, 0x11, 0x12, 0x50, 0x51, 
	0x09, 0xaa, 0x2a, 0x9a, 0xca, 0xb9, 0xa4, 0x3c, 
	0x34, 0x4b, 0xab, 0xab, 0xa4, 0x4b, 0x34, 0x22, 
	0xac, 0x2d, 0x91, 0x00, 0x51, 0x56, 0x11, 0x06, 
	0x16, 0x67, 0x61, 0x51, 0x76, 0x66, 0x55, 0x57, 
	0x55, 0x59, 0xb9, 0xa9, 0x32, 0x2a, 0x24, 0x33, 
	0x33, 0x33, 0x33, 0xcc, 0x4a, 0x2a, 0x2a, 0x2a, 
	0xa4, 0x59, 0xa2, 0x92, 0x01, 0x10, 0x66, 0x16, 
	0x67, 0x16, 0x55, 0x11, 0x88, 0x77, 0x57, 0x67, 
	0x78, 0x55, 0xba, 0x99, 0xaa, 0x22, 0x44, 0x42, 
	0x3c, 0x33, 0x23, 0xcc, 0x42, 0x22, 0x21, 0x19, 
	0x44, 0x5a, 0x06, 0x76, 0x19, 0x50, 0x10, 0x16, 
	0x76, 0x66, 0x91, 0x00, 0x08, 0x75, 0x50, 0x15, 
	0x55, 0x55, 0xa9, 0x99, 0xa9, 0xaa, 0xa4, 0x33, 
	0xcc, 0xc3, 0x0a, 0x4c, 0x34, 0x42, 0xb2, 0x01, 
	0x44, 0x01, 0x57, 0x76, 0x10, 0x00, 0x66, 0x06, 
	0x16, 0x17, 0x56, 0x66, 0x58, 0x66, 0x91, 0x55, 
	0x99, 0x55, 0x09, 0x59, 0xb0, 0xaa, 0x92, 0xcc, 
	0x33, 0x32, 0x00, 0x2a, 0xb2, 0x92, 0xa0, 0x01, 
	0x15, 0x10, 0x78, 0x87, 0x05, 0x60, 0x11, 0x51, 
	0x51, 0x68, 0x77, 0x76, 0x17, 0x50, 0x26, 0x59, 
	0x51, 0x15, 0xa0, 0x9a, 0x30, 0xad, 0xd9, 0xd3, 
	0xbc, 0xb3, 0x99, 0xa4, 0x32, 0x06, 0x51, 0x12, 
	0x17, 0x11, 0x61, 0x66, 0x51, 0x55, 0x05, 0x56, 
	0x10, 0x77, 0x77, 0x57, 0x01, 0x62, 0x20, 0x55, 
	0x05, 0xa9, 0x9a, 0xab, 0x39, 0xb9, 0xd3, 0x3b, 
	0x3c, 0x3c, 0x20, 0x04, 0xa9, 0x66, 0x86, 0x60, 
	0x01, 0x11, 0x16, 0x61, 0x01, 0x21, 0x58, 0x55, 
	0x11, 0x16, 0x65, 0x15, 0x11, 0x60, 0x42, 0x09, 
	0x9a, 0xa2, 0xa9, 0x9a, 0x39, 0xa4, 0x9b, 0xeb, 
	0xcc, 0xb3, 0x4a, 0x90, 0x95, 0x66, 0x00, 0x10, 
	0x06, 0x16, 0x67, 0x61, 0x00, 0x01, 0x66, 0x65, 
	0x11, 0x65, 0x76, 0x55, 0x00, 0x02, 0x22, 0xa9, 
	0x99, 0x10, 0x20, 0x55, 0x4b, 0x4b, 0xaf, 0x22, 
	0x3c, 0xc3, 0x34, 0x24, 0xb0, 0x16, 0x14, 0x41, 
	0x11, 0x66, 0x77, 0x51, 0x90, 0x16, 0x57, 0x67, 
	0x60, 0x10, 0x61, 0x15, 0x00, 0x22, 0x2b, 0x25, 
	0x90, 0x11, 0x91, 0x65, 0xa4, 0xb3, 0xaa, 0x44, 
	0x42, 0x34, 0x3b, 0xab, 0x29, 0x51, 0x90, 0xa0, 
	0x11, 0x55, 0x77, 0x61, 0x66, 0x55, 0x51, 0x10, 
	0x19, 0x56, 0x10, 0x19, 0x26, 0x00, 0x42, 0x25, 
	0x01, 0x06, 0x00, 0x59, 0x09, 0xba, 0x90, 0x22, 
	0x32, 0x3a, 0x33, 0xaa, 0xa2, 0x15, 0x12, 0x40, 
	0x61, 0x57, 0x77, 0x65, 0x11, 0x06, 0x16, 0x65, 
	0x10, 0x01, 0x00, 0x16, 0x55, 0x11, 0x22, 0x20, 
	0x05, 0xa6, 0x02, 0x2a, 0xa2, 0x99, 0x02, 0x92, 
	0x04, 0x3c, 0x43, 0x44, 0x29, 0x10, 0x22, 0xaa, 
	0x56, 0x60, 0x16, 0x71, 0x59, 0x91, 0x56, 0x61, 
	0x10, 0x29, 0x19, 0x00, 0x60, 0x10, 0x00, 0x05, 
	0x11, 0x5d, 0x1a, 0x99, 0x9b, 0x22, 0x52, 0x22, 
	0x44, 0x03, 0x4c, 0xc3, 0x40, 0x00, 0x00, 0x5a, 
	0x06, 0x16, 0x01, 0x61, 0x56, 0x59, 0x55, 0x55, 
	0xa0, 0x00, 0x22, 0x96, 0x56, 0x10, 0x19, 0x20, 
	0x19, 0x90, 0x99, 0xa2, 0x00, 0x00, 0x12, 0x22, 
	0x62, 0xa2, 0x44, 0xb3, 0x31, 0x11, 0x55, 0x15, 
	0x06, 0x61, 0x00, 0x51, 0x01, 0x69, 0x51, 0x05, 
	0x51, 0x10, 0x09, 0x05, 0x65, 0x10, 0x19, 0x11, 
	0x51, 0x05, 0x0a, 0xaa, 0xa2, 0x2a, 0xa5, 0x90, 
	0xa0, 0x22, 0x2a, 0x4b, 0xb0, 0x11, 0x11, 0x16, 
	0x00, 0x16, 0x76, 0x57, 0x57, 0x75, 0x76, 0x67, 
	0x61, 0x19, 0x11, 0x55, 0x16, 0x55, 0x60, 0x91, 
	0x10, 0x09, 0xda, 0xba, 0x34, 0x24, 0x22, 0xaa, 
	0x16, 0x79, 0x91, 0x54, 0xa9, 0xa0, 0x15, 0x06, 
	0x61, 0x16, 0x67, 0x06, 0x55, 0x77, 0x76, 0x66, 
	0x61, 0x50, 0x16, 0x56, 0x66, 0x61, 0x90, 0x01, 
	0x10, 0x0a, 0xa4, 0x42, 0x44, 0x49, 0x34, 0xc3, 
	0x20, 0x22, 0x24, 0x2a, 0xa0, 0xa9, 0x52, 0x06, 
	0x50, 0x75, 0x61, 0x77, 0x61, 0x57, 0x75, 0x16, 
	0x70, 0x61, 0x17, 0x57, 0x65, 0x71, 0x50, 0x15, 
	0x10, 0x22, 0x9a, 0x44, 0x42, 0x29, 0x22, 0x43, 
	0xb0, 0x09, 0x4a, 0x92, 0x02, 0x00, 0x50, 0x18, 
	0x57, 0x87, 0x67, 0x77, 0x77, 0x67, 0x77, 0x71, 
	0x76, 0x61, 0x78, 0x78, 0x87, 0x55, 0x11, 0x11, 
	0x11, 0x30, 0x6a, 0xab, 0x30, 0x42, 0xa2, 0x24, 
	
};

Gfx ccm_dl_DRA_O_BB_ROAD01_M6_ci4_pal_rgba16_aligner[] = {gsSPEndDisplayList()};
u8 ccm_dl_DRA_O_BB_ROAD01_M6_ci4_pal_rgba16[] = {
	0x73, 0x99, 0x7b, 0xd9, 0x6b, 0x57, 0x5a, 0xd3, 
	0x63, 0x15, 0x83, 0xd9, 0x83, 0xdb, 0x84, 0x1b, 
	0x8c, 0x5d, 0x73, 0x97, 0x6b, 0x55, 0x6b, 0x13, 
	0x52, 0x91, 0x7b, 0x95, 0x73, 0x53, 0x6b, 0x11, 
	
};

Gfx ccm_dl_ice_tile_ci4_aligner[] = {gsSPEndDisplayList()};
u8 ccm_dl_ice_tile_ci4[] = {
	0x01, 0x22, 0x33, 0x44, 0x02, 0x22, 0x24, 0x44, 
	0x44, 0x44, 0x22, 0x54, 0x44, 0x03, 0x44, 0x02, 
	0x44, 0x20, 0x11, 0x41, 0x22, 0x44, 0x43, 0x44, 
	0x40, 0x44, 0x42, 0x40, 0x24, 0x20, 0x21, 0x10, 
	0x42, 0x24, 0x43, 0x42, 0x24, 0x44, 0x24, 0x43, 
	0x44, 0x01, 0x24, 0x24, 0x40, 0x40, 0x44, 0x44, 
	0x44, 0x33, 0x33, 0x41, 0x12, 0x04, 0x02, 0x40, 
	0x40, 0x22, 0x24, 0x22, 0x42, 0x24, 0x22, 0x44, 
	0x02, 0x12, 0x22, 0x12, 0x42, 0x22, 0x42, 0x02, 
	0x24, 0x22, 0x21, 0x11, 0x30, 0x22, 0x22, 0x12, 
	0x14, 0x11, 0x11, 0x15, 0x51, 0x42, 0x21, 0x11, 
	0x21, 0x22, 0x52, 0x11, 0x12, 0x22, 0x12, 0x34, 
	0x21, 0x12, 0x11, 0x22, 0x12, 0x15, 0x44, 0x24, 
	0x02, 0x42, 0x22, 0x22, 0x16, 0x02, 0x20, 0x22, 
	0x20, 0x22, 0x42, 0x11, 0x20, 0x02, 0x12, 0x15, 
	0x12, 0x52, 0x22, 0x22, 0x24, 0x12, 0x12, 0x34, 
	0x02, 0x21, 0x46, 0x77, 0x88, 0x88, 0x77, 0x88, 
	0x77, 0x87, 0x78, 0x77, 0x78, 0x88, 0x87, 0x88, 
	0x88, 0x77, 0x77, 0x77, 0x77, 0x77, 0x78, 0x88, 
	0x76, 0x99, 0x97, 0x77, 0x87, 0x82, 0x12, 0x40, 
	0x22, 0x22, 0x26, 0x66, 0x89, 0xab, 0xbb, 0xcb, 
	0x67, 0x60, 0xdd, 0xd0, 0x0d, 0x66, 0x6d, 0x67, 
	0x66, 0x0e, 0x4d, 0xaa, 0x40, 0x6d, 0x66, 0xac, 
	0xcc, 0xfb, 0xfc, 0xa9, 0x67, 0x72, 0x12, 0x00, 
	0x22, 0x12, 0x16, 0x96, 0xbc, 0xcb, 0xab, 0xac, 
	0xcb, 0xe9, 0xdd, 0x04, 0x43, 0x04, 0x66, 0x9b, 
	0xe9, 0x04, 0x34, 0x33, 0x33, 0xdd, 0x9c, 0xff, 
	0xbb, 0xcc, 0xbf, 0xff, 0x97, 0x74, 0x22, 0x24, 
	0x04, 0x12, 0x26, 0x6a, 0xcc, 0xba, 0xbb, 0xbb, 
	0xbc, 0xf9, 0xd4, 0x44, 0x33, 0x34, 0x67, 0xcb, 
	0xce, 0xd0, 0x33, 0x31, 0x33, 0x46, 0xbc, 0xcc, 
	0xae, 0xaa, 0xcc, 0xcf, 0xc6, 0x71, 0x22, 0x40, 
	0x42, 0x21, 0x16, 0x9c, 0xcb, 0xe6, 0x76, 0x6b, 
	0xbc, 0xfc, 0x60, 0x44, 0x33, 0x39, 0x9c, 0xbf, 
	0xfc, 0xed, 0xa3, 0x31, 0x34, 0xad, 0xcc, 0xb9, 
	0x6d, 0x40, 0xd3, 0xff, 0xce, 0x75, 0x22, 0x43, 
	0x42, 0x41, 0x57, 0xac, 0xca, 0xe3, 0x40, 0x66, 
	0xbc, 0xcf, 0xdd, 0x40, 0x34, 0xee, 0xcc, 0xcc, 
	0xcc, 0xfa, 0x33, 0x10, 0x43, 0xda, 0xcc, 0xe9, 
	0x43, 0x13, 0x3d, 0xbb, 0xcb, 0x72, 0x12, 0x23, 
	0xd3, 0x21, 0x17, 0xcf, 0xc7, 0x43, 0x11, 0xd0, 
	0xec, 0xbf, 0xbd, 0x30, 0x34, 0xec, 0xcf, 0xcc, 
	0xbc, 0xff, 0x3a, 0x13, 0x14, 0xdb, 0xcc, 0x9e, 
	0x31, 0x11, 0x13, 0xac, 0xcb, 0x71, 0x52, 0x33, 
	0x03, 0x22, 0x57, 0xcc, 0xc9, 0x03, 0x31, 0x40, 
	0x9c, 0xcc, 0xad, 0x30, 0x00, 0xcf, 0xcf, 0xc8, 
	0x9b, 0xff, 0xfa, 0xa1, 0x00, 0x6c, 0xfc, 0x9a, 
	0x43, 0x51, 0x33, 0xab, 0xca, 0x71, 0x22, 0x33, 
	0x03, 0x21, 0x27, 0xcb, 0xcd, 0xd3, 0x03, 0x4d, 
	0xaf, 0xff, 0xed, 0xa0, 0x9c, 0xbf, 0xfb, 0x87, 
	0x68, 0xcf, 0xff, 0xba, 0xd4, 0xeb, 0xcb, 0x6a, 
	0x41, 0x13, 0x3d, 0xbf, 0xca, 0x75, 0x51, 0x13, 
	0x03, 0x22, 0x26, 0xcc, 0xce, 0x64, 0xd0, 0x0d, 
	0xbf, 0xcb, 0x7e, 0xa0, 0xcc, 0xcc, 0xb9, 0x9a, 
	0xba, 0x6e, 0xac, 0xcb, 0x44, 0xea, 0xce, 0x6e, 
	0x31, 0x33, 0x0d, 0xcc, 0xc7, 0x65, 0x51, 0x13, 
	0x04, 0x42, 0x57, 0xbb, 0xbc, 0xe7, 0x76, 0x66, 
	0xff, 0xba, 0x79, 0x9b, 0xfc, 0xfb, 0xeb, 0xbb, 
	0xcc, 0xce, 0xbf, 0xff, 0xa9, 0x99, 0xbb, 0x99, 
	0xee, 0xed, 0x9c, 0xfc, 0xa9, 0x65, 0x22, 0x23, 
	0x00, 0x42, 0x27, 0x9c, 0xbc, 0xcc, 0xa9, 0x6b, 
	0xfc, 0xc9, 0xef, 0x99, 0xbb, 0xae, 0xbb, 0xbb, 
	0xcf, 0xff, 0xeb, 0xcf, 0xfb, 0x9a, 0xfc, 0xea, 
	0xaa, 0xab, 0xfc, 0xfc, 0x6e, 0x61, 0x21, 0x23, 
	0x44, 0x42, 0x16, 0x6e, 0xba, 0xcc, 0xff, 0xef, 
	0xcc, 0xc8, 0xac, 0xcb, 0xeb, 0x9f, 0xfe, 0x87, 
	0x7e, 0xbf, 0xc7, 0xcc, 0xcc, 0xca, 0xfb, 0xfc, 
	0xcf, 0xcf, 0xcf, 0xf9, 0xdd, 0x62, 0x13, 0x34, 
	0x44, 0x41, 0x56, 0xd7, 0xea, 0xbc, 0xcf, 0x9b, 
	0xbb, 0xce, 0xbc, 0xcc, 0xe7, 0xbf, 0xb6, 0x7d, 
	0xe6, 0x9f, 0xf9, 0x9c, 0xff, 0xfb, 0xcf, 0xcf, 
	0xff, 0xcc, 0xca, 0x9e, 0x0d, 0x75, 0x11, 0x34, 
	0x33, 0x25, 0x50, 0xd0, 0xd7, 0x7d, 0xaa, 0xe7, 
	0xcb, 0xba, 0xff, 0xca, 0x78, 0xcf, 0xa7, 0x03, 
	0x30, 0x6c, 0xfb, 0xdd, 0xbf, 0xcc, 0xba, 0xab, 
	0xe9, 0xe6, 0x04, 0x33, 0x40, 0x05, 0x12, 0x22, 
	0x44, 0x21, 0x5d, 0x00, 0x00, 0xdd, 0x77, 0x97, 
	0x9b, 0xef, 0xfc, 0xb7, 0x67, 0xcf, 0xa7, 0x43, 
	0x30, 0x6b, 0xfa, 0x90, 0x6b, 0xff, 0xff, 0xff, 
	0xee, 0x34, 0x43, 0x33, 0x04, 0x05, 0x11, 0x11, 
	0x33, 0x22, 0x5d, 0x04, 0x43, 0x34, 0x04, 0x40, 
	0x77, 0xcf, 0xcb, 0x8d, 0x67, 0xff, 0xf7, 0xda, 
	0x0d, 0x9f, 0xf9, 0x04, 0x06, 0xeb, 0xff, 0xce, 
	0xd4, 0x33, 0x31, 0x13, 0x34, 0xd5, 0x55, 0x11, 
	0x04, 0x21, 0x26, 0x43, 0x34, 0x30, 0x44, 0x30, 
	0x6b, 0xfc, 0xb7, 0x60, 0xd6, 0xbf, 0xfc, 0xae, 
	0xe6, 0xbf, 0xc7, 0x33, 0x44, 0x97, 0xea, 0xac, 
	0x04, 0x33, 0x11, 0x51, 0x14, 0x45, 0x55, 0x51, 
	0x22, 0x22, 0x26, 0x04, 0x13, 0x43, 0x04, 0xa6, 
	0xcf, 0xfc, 0x76, 0x03, 0x4d, 0xdc, 0xff, 0xff, 
	0xca, 0xcc, 0x0d, 0x31, 0x33, 0x06, 0xef, 0xff, 
	0xba, 0x31, 0x11, 0xf3, 0x13, 0x05, 0x55, 0x11, 
	0x41, 0x15, 0x47, 0x01, 0x33, 0x13, 0x30, 0x7c, 
	0xff, 0xc8, 0x60, 0x03, 0x34, 0xde, 0xbc, 0xff, 
	0xff, 0xfa, 0x60, 0x33, 0x33, 0x44, 0x9e, 0xff, 
	0xfb, 0x43, 0x11, 0x33, 0x13, 0x05, 0x55, 0x22, 
	0x41, 0x11, 0x26, 0xd3, 0x11, 0x33, 0xad, 0xcf, 
	0xfb, 0x76, 0xd0, 0x43, 0x33, 0x06, 0xcc, 0xcb, 
	0xbf, 0xfa, 0x74, 0x33, 0x33, 0x34, 0xd6, 0xeb, 
	0xcc, 0xaa, 0x11, 0x14, 0x43, 0x61, 0x12, 0x20, 
	0x44, 0x21, 0x10, 0x41, 0x11, 0x34, 0xea, 0xcc, 
	0xb7, 0x66, 0x7d, 0x03, 0x33, 0xa7, 0xef, 0xfc, 
	0xbb, 0xcb, 0x04, 0x33, 0x44, 0x00, 0xdd, 0x7e, 
	0xcf, 0xce, 0x31, 0x13, 0x43, 0x61, 0x22, 0x20, 
	0x21, 0x15, 0x1d, 0x34, 0x33, 0xa0, 0xbf, 0xbb, 
	0xec, 0xff, 0xfb, 0xee, 0x04, 0x0d, 0x9c, 0xff, 
	0xff, 0xfc, 0x03, 0x33, 0x44, 0x7e, 0xcf, 0xfa, 
	0xef, 0xcc, 0xee, 0x43, 0x00, 0x65, 0x22, 0x24, 
	0x22, 0x21, 0x26, 0x33, 0x33, 0x0c, 0xfc, 0x99, 
	0xcc, 0xfc, 0xff, 0xfd, 0x6d, 0xdd, 0xac, 0xaa, 
	0xbf, 0xff, 0xfd, 0x4d, 0xd8, 0xbf, 0xff, 0xff, 
	0xce, 0xfc, 0xca, 0x43, 0x40, 0x05, 0x15, 0x20, 
	0x41, 0x11, 0x16, 0x34, 0xee, 0xcf, 0xfc, 0x9b, 
	0xcb, 0xaa, 0xaf, 0xfb, 0xaf, 0xbc, 0xfc, 0x96, 
	0x67, 0xaf, 0xfc, 0xdd, 0xeb, 0xff, 0xfa, 0xbc, 
	0xfc, 0xac, 0xcc, 0xea, 0x06, 0x05, 0x15, 0x40, 
	0x02, 0x15, 0x26, 0x44, 0xdc, 0xfc, 0xb8, 0xcf, 
	0xb9, 0xda, 0x69, 0xbf, 0xff, 0xbf, 0xf9, 0xea, 
	0x34, 0x9e, 0xfc, 0x7d, 0xef, 0xfc, 0x6e, 0x79, 
	0xcc, 0x99, 0xcc, 0x1d, 0x40, 0x75, 0x21, 0x33, 
	0x44, 0x41, 0x10, 0x9a, 0xcf, 0xfb, 0x76, 0xff, 
	0xee, 0x12, 0x4d, 0xaf, 0xfb, 0xff, 0xc9, 0x31, 
	0x13, 0x0d, 0xcf, 0xff, 0xbf, 0xf7, 0x43, 0x40, 
	0x9c, 0xb7, 0x9f, 0xbc, 0xd6, 0x62, 0x12, 0x24, 
	0x42, 0x23, 0x46, 0x6f, 0xff, 0xb7, 0x7e, 0xff, 
	0xee, 0x21, 0x46, 0xcf, 0xfa, 0xff, 0x3a, 0x31, 
	0x11, 0xe7, 0xff, 0xfb, 0xff, 0xf7, 0x33, 0x33, 
	0x9f, 0xf7, 0x9f, 0xfc, 0xb0, 0x45, 0x52, 0x20, 
	0xd4, 0x41, 0x26, 0x6e, 0xcf, 0xca, 0x6e, 0xcf, 
	0xbe, 0xa3, 0xae, 0xff, 0xac, 0xff, 0xae, 0x34, 
	0x14, 0xdb, 0xff, 0xff, 0xff, 0xa9, 0x43, 0x34, 
	0xaf, 0xb9, 0xff, 0xff, 0xa6, 0x05, 0x12, 0x24, 
	0x04, 0x42, 0x46, 0xe6, 0xec, 0xcf, 0xb6, 0xbc, 
	0xbe, 0xee, 0xac, 0xfb, 0x9b, 0xba, 0xcc, 0x6d, 
	0x4d, 0xaf, 0xff, 0xcf, 0xfc, 0xba, 0xd4, 0xaa, 
	0xff, 0x9c, 0xff, 0xfb, 0x7d, 0x05, 0x12, 0x24, 
	0x00, 0x21, 0x26, 0x04, 0x0d, 0xcf, 0xfc, 0xec, 
	0xcc, 0xfc, 0xfc, 0x37, 0x0d, 0x6d, 0xbc, 0xfb, 
	0x6e, 0xcf, 0x3d, 0xae, 0xda, 0xcf, 0xcb, 0xcf, 
	0xfc, 0xbc, 0xff, 0xa7, 0x43, 0x05, 0x51, 0x22, 
	0xd4, 0x24, 0x40, 0x44, 0x0d, 0xef, 0xfc, 0xfa, 
	0xbc, 0xfc, 0xca, 0x9a, 0x40, 0x07, 0xaf, 0xff, 
	0xfc, 0xbb, 0x9a, 0xee, 0xee, 0xbc, 0xcf, 0xfb, 
	0xbc, 0xbb, 0xfa, 0xea, 0x33, 0x05, 0x15, 0x22, 
	0x00, 0x24, 0x26, 0x03, 0x30, 0x9e, 0xcc, 0xcf, 
	0xae, 0xd0, 0x66, 0x03, 0x31, 0x3d, 0x79, 0xbf, 
	0xff, 0xb6, 0x03, 0x22, 0x4d, 0x67, 0x76, 0x97, 
	0xbf, 0xcf, 0x3d, 0x33, 0x11, 0x05, 0x11, 0x22, 
	0x04, 0x04, 0x26, 0x44, 0x43, 0xa9, 0xec, 0xfb, 
	0xfe, 0x00, 0x00, 0x31, 0x13, 0x30, 0x9b, 0xaa, 
	0xac, 0xf6, 0x43, 0x13, 0x34, 0x40, 0x66, 0x9b, 
	0xfc, 0xfa, 0xd3, 0x33, 0x30, 0x05, 0x51, 0x22, 
	0xdd, 0x42, 0x06, 0x03, 0x11, 0x13, 0xd0, 0xcc, 
	0xcf, 0xbe, 0x41, 0x11, 0x11, 0x30, 0x9a, 0xff, 
	0xff, 0xbe, 0x21, 0x33, 0x33, 0x0d, 0x6d, 0xff, 
	0xcc, 0xad, 0x11, 0x11, 0x13, 0x05, 0x51, 0x22, 
	0x02, 0x22, 0xd6, 0x35, 0x11, 0x11, 0x34, 0xea, 
	0xcc, 0xfa, 0x01, 0x11, 0x13, 0x3d, 0xcb, 0xec, 
	0xff, 0xfc, 0x64, 0x43, 0x33, 0x06, 0xef, 0xff, 
	0xca, 0x6a, 0x35, 0x53, 0x13, 0x05, 0x55, 0x51, 
	0x42, 0x11, 0x50, 0x41, 0x11, 0x55, 0x13, 0x46, 
	0xbc, 0xff, 0xaa, 0x11, 0x33, 0xec, 0xfb, 0xe7, 
	0x6b, 0xcf, 0xae, 0x43, 0x34, 0xde, 0xff, 0xcf, 
	0x0d, 0x41, 0x11, 0x1f, 0x54, 0x05, 0x55, 0x11, 
	0x24, 0x15, 0x1d, 0x11, 0x11, 0x55, 0x55, 0x16, 
	0x7c, 0xfc, 0x3a, 0x01, 0x34, 0xbf, 0xca, 0x60, 
	0xe6, 0x9c, 0xe3, 0x40, 0x4d, 0xdf, 0xfc, 0xfe, 
	0xd3, 0x30, 0x15, 0xf5, 0x14, 0x05, 0x55, 0x22, 
	0x41, 0x11, 0x2d, 0x31, 0x15, 0x11, 0x11, 0x10, 
	0xdd, 0xbc, 0xcc, 0xee, 0x4d, 0xcc, 0xc8, 0x03, 
	0x1a, 0x77, 0xfc, 0x04, 0xa0, 0xff, 0xfc, 0x67, 
	0x44, 0x43, 0x11, 0xff, 0x34, 0x35, 0x51, 0x22, 
	0x21, 0x41, 0x10, 0x43, 0x11, 0x11, 0x51, 0x4d, 
	0xd0, 0xe9, 0x99, 0xad, 0xd6, 0xbc, 0xc8, 0x31, 
	0x13, 0x9e, 0xcc, 0x94, 0xdc, 0xff, 0xca, 0x8d, 
	0x44, 0x43, 0x31, 0x13, 0x33, 0x45, 0x51, 0x22, 
	0x04, 0x42, 0x3d, 0x04, 0x43, 0x30, 0xa3, 0xaa, 
	0x0d, 0xec, 0xff, 0xfc, 0xe6, 0xec, 0xb7, 0x43, 
	0x24, 0x7b, 0xfb, 0xdd, 0xef, 0xff, 0xcb, 0xa6, 
	0xa6, 0xee, 0xea, 0xaa, 0x44, 0x45, 0x12, 0x00, 
	0x0d, 0x22, 0x3d, 0x43, 0x34, 0xdd, 0xa3, 0xaa, 
	0x0d, 0xab, 0xff, 0xff, 0xfb, 0x7c, 0xbb, 0x70, 
	0xd0, 0x6f, 0xba, 0xd7, 0xaf, 0xfc, 0xcc, 0xfe, 
	0xba, 0xab, 0xe9, 0xed, 0x04, 0x45, 0x11, 0x34, 
	0x04, 0x03, 0x24, 0x44, 0xea, 0xac, 0xcb, 0xff, 
	0xcc, 0xaa, 0xeb, 0xfc, 0xff, 0xcb, 0xcb, 0xa9, 
	0x99, 0xff, 0xc9, 0x9a, 0xbf, 0xfb, 0xbb, 0xfc, 
	0xcb, 0xcf, 0xff, 0xbb, 0xad, 0x25, 0x22, 0x44, 
	0x04, 0x44, 0x10, 0x04, 0xac, 0xbe, 0xbc, 0xcc, 
	0xfc, 0xcc, 0xbe, 0xbf, 0xff, 0xfc, 0xcf, 0xcc, 
	0xff, 0xff, 0xc7, 0xcc, 0xac, 0xfb, 0xcf, 0xff, 
	0xca, 0xab, 0xbc, 0xff, 0xcd, 0xd5, 0x24, 0x34, 
	0x44, 0x22, 0x00, 0xea, 0xcb, 0xbe, 0xae, 0xea, 
	0xcc, 0xff, 0xcf, 0xbe, 0xcf, 0xcf, 0xfb, 0xcf, 
	0xcc, 0xfb, 0x7c, 0xff, 0xbb, 0xc9, 0xbc, 0xca, 
	0x67, 0xd6, 0x79, 0xbc, 0xca, 0xe5, 0x22, 0x40, 
	0x04, 0x22, 0x2d, 0x9e, 0xbc, 0xe7, 0xae, 0xaa, 
	0xeb, 0xfb, 0xcf, 0xbb, 0x9c, 0xff, 0xff, 0x6e, 
	0xee, 0x77, 0xff, 0xfc, 0xae, 0x9e, 0xfc, 0xc9, 
	0xd6, 0x44, 0xa6, 0x8c, 0xcc, 0x35, 0x14, 0x00, 
	0x02, 0x22, 0x17, 0xec, 0xcc, 0x60, 0x11, 0x31, 
	0x3e, 0xbb, 0xba, 0xdd, 0x66, 0xcc, 0xff, 0xf9, 
	0x76, 0x6c, 0xff, 0xfa, 0x33, 0xed, 0xcc, 0xfa, 
	0x40, 0x31, 0x34, 0xae, 0xfc, 0xb5, 0x22, 0x34, 
	0x02, 0x22, 0x17, 0xac, 0xce, 0x03, 0x33, 0x33, 
	0x3a, 0xcb, 0xc9, 0xe3, 0x34, 0xec, 0xcc, 0xcb, 
	0xdd, 0xcc, 0xff, 0xaa, 0x34, 0xe9, 0xff, 0xce, 
	0x04, 0x31, 0x31, 0xae, 0xbc, 0xcf, 0x12, 0x34, 
	0x42, 0x22, 0x26, 0xbc, 0xb9, 0x43, 0x34, 0x31, 
	0x34, 0xfc, 0xc9, 0x41, 0x31, 0x36, 0xfc, 0xbf, 
	0xcc, 0xff, 0xca, 0x04, 0x43, 0x36, 0xbb, 0xba, 
	0xd4, 0x13, 0xf1, 0xad, 0xcc, 0x35, 0x12, 0x44, 
	0x42, 0x41, 0x56, 0xbf, 0xca, 0x03, 0x33, 0x13, 
	0x3d, 0xfc, 0xce, 0x31, 0x11, 0x34, 0x6c, 0xbb, 
	0xcf, 0xff, 0xaa, 0x03, 0x31, 0x36, 0xbc, 0xbb, 
	0x40, 0x1f, 0xf1, 0xe3, 0xcb, 0xd5, 0x12, 0x32, 
	0x04, 0x21, 0x5d, 0xac, 0xcb, 0x6a, 0x33, 0x33, 
	0xea, 0xcc, 0xbe, 0x11, 0x15, 0x51, 0x06, 0xac, 
	0xcc, 0xcb, 0x00, 0x35, 0xff, 0x10, 0xab, 0xbc, 
	0xdd, 0x31, 0x14, 0xbc, 0xcc, 0x65, 0x55, 0x13, 
	0x43, 0x44, 0x27, 0x9c, 0xfc, 0xae, 0x03, 0x40, 
	0x9c, 0xcb, 0xea, 0x1f, 0x51, 0x11, 0x10, 0x9c, 
	0xcb, 0xbe, 0x43, 0x55, 0xf1, 0x34, 0x9c, 0xcf, 
	0xfa, 0x04, 0xa4, 0xbc, 0xcb, 0x65, 0x51, 0x24, 
	0x0d, 0x22, 0x27, 0x96, 0xbc, 0xfb, 0xbb, 0xbb, 
	0xcc, 0xb9, 0x03, 0xff, 0x55, 0x11, 0x33, 0xa9, 
	0xeb, 0x9a, 0x33, 0x11, 0x11, 0x30, 0xdd, 0xbb, 
	0xfc, 0xcc, 0xcc, 0xcb, 0xcd, 0x65, 0x51, 0x11, 
	0x02, 0x21, 0x50, 0x0d, 0x99, 0xfb, 0xcf, 0xcb, 
	0xbb, 0xc7, 0x44, 0xff, 0x15, 0x11, 0x33, 0xaa, 
	0x99, 0xa3, 0x33, 0x3f, 0x34, 0x40, 0x40, 0xec, 
	0xcb, 0xcb, 0xbb, 0xbb, 0x9d, 0x65, 0x51, 0x13, 
	0x44, 0x21, 0x1d, 0x04, 0xd6, 0xbb, 0xcc, 0xba, 
	0xb9, 0x7d, 0x03, 0x31, 0x33, 0x35, 0x44, 0x44, 
	0x0d, 0xd4, 0x43, 0x43, 0x40, 0x03, 0x00, 0xd7, 
	0xab, 0xbb, 0xbb, 0xad, 0x70, 0x65, 0x51, 0x13, 
	0x04, 0x11, 0x10, 0x7d, 0xd6, 0x98, 0x77, 0x87, 
	0x87, 0x6d, 0xdd, 0x60, 0x0d, 0x60, 0x00, 0xdd, 
	0x66, 0x6d, 0xd6, 0xd6, 0x66, 0x67, 0x67, 0x67, 
	0x78, 0x87, 0x87, 0x66, 0x6d, 0x05, 0x11, 0x13, 
	0x43, 0x21, 0x21, 0x21, 0x11, 0x11, 0x11, 0x11, 
	0x53, 0x55, 0x12, 0x11, 0x55, 0x15, 0x55, 0x25, 
	0x21, 0x21, 0x14, 0xd5, 0x13, 0x12, 0x12, 0x10, 
	0x21, 0x22, 0x55, 0x25, 0x21, 0x25, 0x55, 0x33, 
	0x43, 0x21, 0x22, 0x22, 0x12, 0x22, 0x02, 0x12, 
	0x34, 0x24, 0x24, 0x11, 0x51, 0x12, 0x11, 0x21, 
	0x22, 0x24, 0x22, 0x04, 0x31, 0x12, 0x12, 0x22, 
	0x24, 0x24, 0x12, 0x40, 0x11, 0x22, 0x11, 0x13, 
	0x00, 0x34, 0x42, 0x44, 0x21, 0x40, 0x44, 0x00, 
	0x00, 0x44, 0x10, 0x15, 0x14, 0x22, 0x24, 0x42, 
	0x02, 0x04, 0x04, 0x00, 0x42, 0x02, 0x10, 0x44, 
	0x24, 0x12, 0x44, 0x44, 0x43, 0x44, 0x43, 0x33, 
	0xd3, 0x34, 0x04, 0x00, 0xd4, 0x44, 0x44, 0xd4, 
	0x40, 0x40, 0x44, 0x42, 0x34, 0x22, 0x00, 0x00, 
	0x0d, 0x00, 0x00, 0xd0, 0x02, 0x04, 0x44, 0x00, 
	0x44, 0x44, 0x44, 0x0d, 0x04, 0x40, 0x43, 0x30, 
	
};

Gfx ccm_dl_ice_tile_ci4_pal_rgba16_aligner[] = {gsSPEndDisplayList()};
u8 ccm_dl_ice_tile_ci4_pal_rgba16[] = {
	0x8c, 0xe7, 0xb6, 0x31, 0xa5, 0xad, 0xad, 0xad, 
	0x95, 0x2b, 0xc6, 0xb5, 0x73, 0xe1, 0x63, 0x5b, 
	0x4a, 0x97, 0x84, 0x21, 0xa5, 0x29, 0xbd, 0xad, 
	0xc5, 0xef, 0x7c, 0x63, 0x94, 0xa7, 0xd6, 0x73, 
	
};

Vtx ccm_dl_level_008_mesh_layer_1_vtx_0[1341] = {
	{{{4312, 5100, -20372},0, {-4852, -20406},{0xDA, 0xF4, 0xE5, 0xF4}}},
	{{{5742, 2772, -20405},0, {-3663, -18629},{0xCD, 0xEE, 0xFE, 0xFE}}},
	{{{5750, 5100, -20426},0, {-3718, -20435},{0xCD, 0xEE, 0xFD, 0xFD}}},
	{{{4314, 2772, -20366},0, {-4794, -18593},{0xAA, 0xFA, 0xCA, 0xFA}}},
	{{{2849, 5100, -20557},0, {-6013, -20372},{0xD2, 0xE8, 0xFF, 0xFF}}},
	{{{2843, 2772, -20555},0, {-5956, -18556},{0xCB, 0xEC, 0xFB, 0xFB}}},
	{{{1619, 5100, -20812},0, {-7011, -20340},{0xF8, 0xA1, 0xFF, 0xFF}}},
	{{{1629, 2772, -20797},0, {-6948, -18524},{0xDF, 0xC8, 0xFC, 0xFC}}},
	{{{939, 5100, -20792},0, {-7553, -20322},{0xE2, 0xC8, 0xFF, 0xFF}}},
	{{{968, 2772, -20749},0, {-7481, -18507},{0xD6, 0xDB, 0xFE, 0xFE}}},
	{{{224, 5100, -20675},0, {-8123, -20301},{0xCC, 0xEE, 0xFF, 0xFF}}},
	{{{261, 2772, -20604},0, {-8051, -18488},{0xCC, 0xEE, 0xFF, 0xFF}}},
	{{{-1169, 5100, -20371},0, {-9243, -20261},{0xCC, 0xEE, 0xFF, 0xFF}}},
	{{{-1190, 2772, -20281},0, {-9214, -18450},{0xCC, 0xEE, 0xFF, 0xFF}}},
	{{{-1248, 577, -20130},0, {-9186, -16639},{0xCC, 0xEE, 0xFF, 0xFF}}},
	{{{-2576, 2772, -20291},0, {-10321, -18427},{0xA3, 0xF7, 0xD7, 0xF7}}},
	{{{-1169, 5100, -20371},0, {-9243, -20261},{0xCC, 0xEE, 0xFF, 0xFF}}},
	{{{-2547, 5100, -20368},0, {-10335, -20245},{0xCC, 0xEE, 0xFF, 0xFF}}},
	{{{-2576, 2772, -20291},0, {-10321, -18427},{0xA3, 0xF7, 0xD7, 0xF7}}},
	{{{-3906, 5100, -20592},0, {-11436, -20244},{0x7A, 0xFF, 0xB0, 0xFF}}},
	{{{-3913, 2772, -20589},0, {-11421, -18416},{0x7A, 0xFF, 0xB0, 0xFF}}},
	{{{-4547, 5100, -20567},0, {-11953, -20244},{0xA3, 0xF7, 0xD8, 0xF7}}},
	{{{-4547, 2772, -20567},0, {-11939, -18412},{0xA3, 0xF7, 0xD7, 0xF7}}},
	{{{-5203, 5100, -20473},0, {-12480, -20243},{0xCC, 0xEE, 0xFF, 0xFF}}},
	{{{-5199, 2772, -20472},0, {-12465, -18408},{0xCC, 0xEE, 0xFF, 0xFF}}},
	{{{-6579, 5100, -20160},0, {-13630, -20240},{0xCC, 0xEE, 0xFF, 0xFF}}},
	{{{-6563, 2772, -20155},0, {-13611, -18400},{0xCC, 0xEE, 0xFF, 0xFF}}},
	{{{-7570, 5100, -19357},0, {-14677, -20236},{0xAF, 0xF5, 0xE2, 0xF5}}},
	{{{-7507, 2772, -19338},0, {-14645, -18393},{0xBE, 0xF2, 0xF1, 0xF2}}},
	{{{-8196, 2772, -18680},0, {-15402, -18393},{0xB0, 0xE3, 0xD7, 0xE3}}},
	{{{-8210, 5100, -18684},0, {-15411, -20234},{0x79, 0xFF, 0xAF, 0xFF}}},
	{{{-7444, 445, -19319},0, {-14613, -16550},{0xCC, 0xEE, 0xFF, 0xFF}}},
	{{{-6563, 2772, -20155},0, {-13611, -18400},{0xCC, 0xEE, 0xFF, 0xFF}}},
	{{{-7444, 445, -19319},0, {-14613, -16550},{0xCC, 0xEE, 0xFF, 0xFF}}},
	{{{-6547, 445, -20150},0, {-13593, -16559},{0xCC, 0xEE, 0xFF, 0xFF}}},
	{{{-5199, 2772, -20472},0, {-12465, -18408},{0xCC, 0xEE, 0xFF, 0xFF}}},
	{{{-5197, 478, -20455},0, {-12451, -16573},{0xCC, 0xEE, 0xFF, 0xFF}}},
	{{{-4556, 577, -20540},0, {-11925, -16580},{0xA3, 0xF7, 0xD7, 0xF7}}},
	{{{-4547, 2772, -20567},0, {-11939, -18412},{0xA3, 0xF7, 0xD7, 0xF7}}},
	{{{-3943, 577, -20625},0, {-11407, -16588},{0x79, 0xFF, 0xAF, 0xFF}}},
	{{{-3913, 2772, -20589},0, {-11421, -18416},{0x7A, 0xFF, 0xB0, 0xFF}}},
	{{{-2576, 2772, -20291},0, {-10321, -18427},{0xA3, 0xF7, 0xD7, 0xF7}}},
	{{{-2622, 577, -20143},0, {-10307, -16609},{0x79, 0xFF, 0xAF, 0xFF}}},
	{{{-1248, 577, -20130},0, {-9186, -16639},{0xCC, 0xEE, 0xFF, 0xFF}}},
	{{{-8196, 2772, -18680},0, {-15402, -18393},{0xB0, 0xE3, 0xD7, 0xE3}}},
	{{{-8188, 478, -18700},0, {-15392, -16552},{0xE6, 0xC7, 0xFF, 0xFF}}},
	{{{5742, 2772, -20405},0, {-3663, -18629},{0xCD, 0xEE, 0xFE, 0xFE}}},
	{{{4374, 475, -20308},0, {-4736, -16779},{0x79, 0xFF, 0xAF, 0xFF}}},
	{{{5734, 445, -20384},0, {-3607, -16823},{0xCC, 0xEE, 0xFF, 0xFF}}},
	{{{4314, 2772, -20366},0, {-4794, -18593},{0xAA, 0xFA, 0xCA, 0xFA}}},
	{{{2739, 452, -20543},0, {-5898, -16740},{0xC4, 0xF0, 0xF7, 0xF7}}},
	{{{2843, 2772, -20555},0, {-5956, -18556},{0xCB, 0xEC, 0xFB, 0xFB}}},
	{{{1639, 445, -20783},0, {-6886, -16708},{0xC6, 0xEF, 0xF9, 0xF9}}},
	{{{1629, 2772, -20797},0, {-6948, -18524},{0xDF, 0xC8, 0xFC, 0xFC}}},
	{{{968, 2772, -20749},0, {-7481, -18507},{0xD6, 0xDB, 0xFE, 0xFE}}},
	{{{1000, 445, -20706},0, {-7409, -16692},{0xC9, 0xEF, 0xFC, 0xFC}}},
	{{{261, 2772, -20604},0, {-8051, -18488},{0xCC, 0xEE, 0xFF, 0xFF}}},
	{{{367, 452, -20547},0, {-7978, -16675},{0xCC, 0xEE, 0xFF, 0xFF}}},
	{{{-1248, 577, -20130},0, {-9186, -16639},{0xCC, 0xEE, 0xFF, 0xFF}}},
	{{{-1190, 2772, -20281},0, {-9214, -18450},{0xCC, 0xEE, 0xFF, 0xFF}}},
	{{{-7466, -2154, -11401},0, {2032, 2032},{0xCC, 0xEE, 0xFF, 0xFF}}},
	{{{-7466, 445, -11401},0, {2032, -16},{0xCC, 0xEE, 0xFF, 0xFF}}},
	{{{-9006, 565, -11676},0, {-16, -16},{0xCC, 0xEE, 0xFF, 0xFF}}},
	{{{-9315, -2154, -11731},0, {-16, 2032},{0xCC, 0xEE, 0xFF, 0xFF}}},
	{{{-3927, 735, -12138},0, {-16751, 11949},{0xAD, 0xD0, 0xFF, 0xFF}}},
	{{{-3097, 940, -12501},0, {-17037, 11299},{0x8E, 0xB1, 0xFF, 0xFF}}},
	{{{-3273, 1513, -12437},0, {-17143, 11392},{0x8E, 0xB1, 0xFF, 0xFF}}},
	{{{-3933, 1524, -12135},0, {-17148, 11951},{0xAD, 0xD0, 0xFF, 0xFF}}},
	{{{-2909, 1907, -12564},0, {-17250, 11299},{0x8E, 0xB1, 0xFF, 0xFF}}},
	{{{-3901, 2348, -12146},0, {-17578, 11947},{0xAD, 0xD0, 0xFF, 0xFF}}},
	{{{-3090, 3851, -12546},0, {-18379, 11462},{0xAD, 0xD0, 0xFF, 0xFF}}},
	{{{-1687, 3851, -12721},0, {-18379, 10687},{0xAD, 0xD0, 0xFF, 0xFF}}},
	{{{-1832, 1907, -12622},0, {-17250, 10801},{0x8E, 0xB1, 0xFF, 0xFF}}},
	{{{-96, 1907, -12660},0, {-17250, 9804},{0x8E, 0xB1, 0xFF, 0xFF}}},
	{{{-1502, 1521, -12629},0, {-17143, 10707},{0x8E, 0xB1, 0xFF, 0xFF}}},
	{{{-427, 1521, -12654},0, {-17143, 9898},{0x8E, 0xB1, 0xFF, 0xFF}}},
	{{{-259, 998, -12690},0, {-17037, 9804},{0x8E, 0xB1, 0xFF, 0xFF}}},
	{{{-427, 1521, -12654},0, {-17143, 9898},{0x8E, 0xB1, 0xFF, 0xFF}}},
	{{{-1502, 1521, -12629},0, {-17143, 10707},{0x8E, 0xB1, 0xFF, 0xFF}}},
	{{{-1672, 997, -12657},0, {-17037, 10801},{0x8E, 0xB1, 0xFF, 0xFF}}},
	{{{-1668, -61, -12723},0, {-16317, 10687},{0xAD, 0xD0, 0xFF, 0xFF}}},
	{{{-3069, -223, -12542},0, {-16244, 11434},{0xAD, 0xD0, 0xFF, 0xFF}}},
	{{{-3097, 940, -12501},0, {-17037, 11299},{0x8E, 0xB1, 0xFF, 0xFF}}},
	{{{-2862, -963, -12617},0, {-15827, 11327},{0xCC, 0xEE, 0xFF, 0xFF}}},
	{{{-3932, -823, -12140},0, {-15941, 11968},{0xBA, 0xDD, 0xFF, 0xFF}}},
	{{{-3056, -1461, -12565},0, {-15564, 11436},{0xCC, 0xEE, 0xFF, 0xFF}}},
	{{{-3065, -2113, -12618},0, {-15184, 11399},{0xCC, 0xEE, 0xFF, 0xFF}}},
	{{{-3575, -2096, -12332},0, {-15184, 11722},{0xAD, 0xD0, 0xFF, 0xFF}}},
	{{{-4047, -2096, -12080},0, {-15184, 12027},{0x8E, 0xB1, 0xFF, 0xFF}}},
	{{{-4393, -2154, -11862},0, {-15334, 12258},{0xAD, 0xD0, 0xFF, 0xFF}}},
	{{{-4759, -2154, -11629},0, {-15403, 12489},{0xCC, 0xEE, 0xFF, 0xFF}}},
	{{{-4759, -973, -11629},0, {-15908, 12489},{0xCC, 0xEE, 0xFF, 0xFF}}},
	{{{-4759, -973, -11629},0, {-15908, 12489},{0xCC, 0xEE, 0xFF, 0xFF}}},
	{{{-3932, -823, -12140},0, {-15941, 11968},{0xBA, 0xDD, 0xFF, 0xFF}}},
	{{{-4759, -134, -11629},0, {-16288, 12489},{0xCC, 0xEE, 0xFF, 0xFF}}},
	{{{-4759, 805, -11629},0, {-16771, 12489},{0xCC, 0xEE, 0xFF, 0xFF}}},
	{{{-3927, 735, -12138},0, {-16751, 11949},{0xAD, 0xD0, 0xFF, 0xFF}}},
	{{{-3933, 1524, -12135},0, {-17148, 11951},{0xAD, 0xD0, 0xFF, 0xFF}}},
	{{{-4759, 1542, -11629},0, {-17155, 12489},{0xCC, 0xEE, 0xFF, 0xFF}}},
	{{{-3901, 2348, -12146},0, {-17578, 11947},{0xAD, 0xD0, 0xFF, 0xFF}}},
	{{{-4759, 2395, -11629},0, {-17608, 12489},{0xCC, 0xEE, 0xFF, 0xFF}}},
	{{{-3913, 3899, -12148},0, {-18408, 11959},{0xBD, 0xDF, 0xFF, 0xFF}}},
	{{{-3090, 3851, -12546},0, {-18379, 11462},{0xAD, 0xD0, 0xFF, 0xFF}}},
	{{{-3069, 5785, -12641},0, {-19452, 11476},{0xCC, 0xEE, 0xFF, 0xFF}}},
	{{{-1664, 5785, -12705},0, {-19452, 10676},{0xCC, 0xEE, 0xFF, 0xFF}}},
	{{{-1687, 3851, -12721},0, {-18379, 10687},{0xAD, 0xD0, 0xFF, 0xFF}}},
	{{{-269, 5785, -12736},0, {-19452, 9929},{0xCC, 0xEE, 0xFF, 0xFF}}},
	{{{-246, 3851, -12753},0, {-18379, 9919},{0xAD, 0xD0, 0xFF, 0xFF}}},
	{{{-96, 1907, -12660},0, {-17250, 9804},{0x8E, 0xB1, 0xFF, 0xFF}}},
	{{{-246, 3851, -12753},0, {-18379, 9919},{0xAD, 0xD0, 0xFF, 0xFF}}},
	{{{-1687, 3851, -12721},0, {-18379, 10687},{0xAD, 0xD0, 0xFF, 0xFF}}},
	{{{1647, 3308, -12518},0, {-18090, 8864},{0xCC, 0xEE, 0xFF, 0xFF}}},
	{{{1648, 1823, -12486},0, {-17303, 8864},{0xCC, 0xEE, 0xFF, 0xFF}}},
	{{{-269, 5785, -12736},0, {-19452, 9929},{0xCC, 0xEE, 0xFF, 0xFF}}},
	{{{1715, 4706, -12478},0, {-18844, 8835},{0xCC, 0xEE, 0xFF, 0xFF}}},
	{{{1136, 5856, -12793},0, {-19452, 9155},{0xCC, 0xEE, 0xFF, 0xFF}}},
	{{{2768, 4794, -11846},0, {-18877, 8172},{0xCC, 0xEE, 0xFF, 0xFF}}},
	{{{2761, 5856, -11816},0, {-19452, 8172},{0xCC, 0xEE, 0xFF, 0xFF}}},
	{{{3821, 4706, -11213},0, {-18844, 7509},{0xCC, 0xEE, 0xFF, 0xFF}}},
	{{{4385, 5856, -10839},0, {-19452, 7191},{0xCC, 0xEE, 0xFF, 0xFF}}},
	{{{3889, 3308, -11173},0, {-18090, 7480},{0xCC, 0xEE, 0xFF, 0xFF}}},
	{{{4381, 3772, -10825},0, {-18341, 7158},{0xAD, 0xD0, 0xFF, 0xFF}}},
	{{{4385, 1823, -10839},0, {-17296, 7168},{0x8E, 0xB1, 0xFF, 0xFF}}},
	{{{3873, 1823, -11147},0, {-17303, 7480},{0xCC, 0xEE, 0xFF, 0xFF}}},
	{{{4385, 1823, -10839},0, {-17296, 7168},{0x8E, 0xB1, 0xFF, 0xFF}}},
	{{{4579, 1945, -10284},0, {-17366, 6850},{0xAD, 0xD0, 0xFF, 0xFF}}},
	{{{4381, 3772, -10825},0, {-18341, 7158},{0xAD, 0xD0, 0xFF, 0xFF}}},
	{{{4364, 1632, -10636},0, {-17150, 7168},{0x8E, 0xB1, 0xFF, 0xFF}}},
	{{{4261, 1093, -10748},0, {-17037, 7214},{0x8E, 0xB1, 0xFF, 0xFF}}},
	{{{4352, 420, -10721},0, {-16571, 7128},{0xAD, 0xD0, 0xFF, 0xFF}}},
	{{{3570, -35, -11318},0, {-16317, 7661},{0xAD, 0xD0, 0xFF, 0xFF}}},
	{{{3500, 1138, -11268},0, {-16984, 7661},{0x8E, 0xB1, 0xFF, 0xFF}}},
	{{{2721, 1159, -11798},0, {-16984, 8188},{0x8E, 0xB1, 0xFF, 0xFF}}},
	{{{2733, -28, -11828},0, {-16317, 8188},{0xAD, 0xD0, 0xFF, 0xFF}}},
	{{{1907, 1138, -12234},0, {-16984, 8710},{0x8E, 0xB1, 0xFF, 0xFF}}},
	{{{1899, -35, -12324},0, {-16317, 8710},{0xAD, 0xD0, 0xFF, 0xFF}}},
	{{{-259, 998, -12690},0, {-17037, 9804},{0x8E, 0xB1, 0xFF, 0xFF}}},
	{{{-265, -61, -12755},0, {-16317, 9919},{0xAD, 0xD0, 0xFF, 0xFF}}},
	{{{-1668, -61, -12723},0, {-16317, 10687},{0xAD, 0xD0, 0xFF, 0xFF}}},
	{{{-1668, -1058, -12731},0, {-15768, 10676},{0xCC, 0xEE, 0xFF, 0xFF}}},
	{{{-1668, -61, -12723},0, {-16317, 10687},{0xAD, 0xD0, 0xFF, 0xFF}}},
	{{{-2862, -963, -12617},0, {-15827, 11327},{0xCC, 0xEE, 0xFF, 0xFF}}},
	{{{-1668, -1058, -12731},0, {-15768, 10676},{0xCC, 0xEE, 0xFF, 0xFF}}},
	{{{-3056, -1461, -12565},0, {-15564, 11436},{0xCC, 0xEE, 0xFF, 0xFF}}},
	{{{-1668, -1717, -12731},0, {-15417, 10676},{0xCC, 0xEE, 0xFF, 0xFF}}},
	{{{-1673, -2131, -12675},0, {-15184, 10676},{0xCC, 0xEE, 0xFF, 0xFF}}},
	{{{-3065, -2113, -12618},0, {-15184, 11399},{0xCC, 0xEE, 0xFF, 0xFF}}},
	{{{-265, -2131, -12711},0, {-15184, 9929},{0xCC, 0xEE, 0xFF, 0xFF}}},
	{{{-266, -1717, -12762},0, {-15417, 9929},{0xCC, 0xEE, 0xFF, 0xFF}}},
	{{{1667, -2131, -12431},0, {-15184, 8710},{0xCC, 0xEE, 0xFF, 0xFF}}},
	{{{1869, -1717, -12352},0, {-15417, 8710},{0xCC, 0xEE, 0xFF, 0xFF}}},
	{{{2735, -1717, -11832},0, {-15417, 8188},{0xCC, 0xEE, 0xFF, 0xFF}}},
	{{{2741, -2131, -11792},0, {-15184, 8188},{0xCC, 0xEE, 0xFF, 0xFF}}},
	{{{3606, -1717, -11308},0, {-15417, 7661},{0xCC, 0xEE, 0xFF, 0xFF}}},
	{{{3818, -2131, -11152},0, {-15184, 7661},{0xCC, 0xEE, 0xFF, 0xFF}}},
	{{{4368, -1690, -10708},0, {-15431, 7111},{0xCC, 0xEE, 0xFF, 0xFF}}},
	{{{4368, -1690, -10708},0, {-15431, 7111},{0xCC, 0xEE, 0xFF, 0xFF}}},
	{{{3818, -2131, -11152},0, {-15184, 7661},{0xCC, 0xEE, 0xFF, 0xFF}}},
	{{{4367, -2120, -10704},0, {-15184, 7111},{0xCC, 0xEE, 0xFF, 0xFF}}},
	{{{4583, -1656, -10280},0, {-15449, 6848},{0xCC, 0xEE, 0xFF, 0xFF}}},
	{{{4569, -2131, -10285},0, {-15184, 6848},{0xCC, 0xEE, 0xFF, 0xFF}}},
	{{{4776, -1690, -9778},0, {-15431, 6560},{0xCC, 0xEE, 0xFF, 0xFF}}},
	{{{4769, -2131, -9761},0, {-15184, 6560},{0xCC, 0xEE, 0xFF, 0xFF}}},
	{{{5103, -2131, -8849},0, {-15184, 6015},{0xCC, 0xEE, 0xFF, 0xFF}}},
	{{{5127, -1689, -8826},0, {-15432, 6017},{0xCC, 0xEE, 0xFF, 0xFF}}},
	{{{5318, -1662, -8309},0, {-15446, 5724},{0xCC, 0xEE, 0xFF, 0xFF}}},
	{{{5301, -2131, -8309},0, {-15184, 5721},{0xCC, 0xEE, 0xFF, 0xFF}}},
	{{{5520, -1755, -7761},0, {-15397, 5413},{0xCC, 0xEE, 0xFF, 0xFF}}},
	{{{5520, -2154, -7761},0, {-15184, 5413},{0xCC, 0xEE, 0xFF, 0xFF}}},
	{{{5511, -1372, -7738},0, {-15610, 5413},{0xCC, 0xEE, 0xFF, 0xFF}}},
	{{{5300, -531, -8346},0, {-16049, 5746},{0xCC, 0xEE, 0xFF, 0xFF}}},
	{{{5235, 2063, -8489},0, {-17428, 5831},{0xB7, 0xDA, 0xFF, 0xFF}}},
	{{{5511, -1372, -7738},0, {-15610, 5413},{0xCC, 0xEE, 0xFF, 0xFF}}},
	{{{5367, 2203, -7748},0, {-17506, 5405},{0xCC, 0xEE, 0xFF, 0xFF}}},
	{{{5235, 2063, -8489},0, {-17428, 5831},{0xB7, 0xDA, 0xFF, 0xFF}}},
	{{{5193, 2197, -6957},0, {-17497, 4950},{0xAD, 0xD0, 0xFF, 0xFF}}},
	{{{5310, -1355, -7230},0, {-15610, 5109},{0xCC, 0xEE, 0xFF, 0xFF}}},
	{{{5100, -1355, -6699},0, {-15610, 4805},{0xCC, 0xEE, 0xFF, 0xFF}}},
	{{{5057, 276, -6614},0, {-16478, 4754},{0xAD, 0xD0, 0xFF, 0xFF}}},
	{{{4890, -1355, -6169},0, {-15610, 4501},{0xCC, 0xEE, 0xFF, 0xFF}}},
	{{{4689, -1372, -5660},0, {-15610, 4197},{0xCC, 0xEE, 0xFF, 0xFF}}},
	{{{4708, 298, -5731},0, {-16490, 4249},{0xAD, 0xD0, 0xFF, 0xFF}}},
	{{{4576, 2237, -5391},0, {-17518, 4057},{0xAD, 0xD0, 0xFF, 0xFF}}},
	{{{4493, -444, -5186},0, {-16095, 3935},{0xCC, 0xEE, 0xFF, 0xFF}}},
	{{{4681, -1755, -5638},0, {-15397, 4197},{0xCC, 0xEE, 0xFF, 0xFF}}},
	{{{4471, -1645, -5130},0, {-15455, 3903},{0xCC, 0xEE, 0xFF, 0xFF}}},
	{{{4681, -2154, -5638},0, {-15184, 4197},{0xCC, 0xEE, 0xFF, 0xFF}}},
	{{{4453, -2131, -5114},0, {-15184, 3899},{0xCC, 0xEE, 0xFF, 0xFF}}},
	{{{4453, -2131, -5114},0, {-15184, 3899},{0xCC, 0xEE, 0xFF, 0xFF}}},
	{{{4243, -1623, -4701},0, {-15467, 3636},{0xCC, 0xEE, 0xFF, 0xFF}}},
	{{{4471, -1645, -5130},0, {-15455, 3903},{0xCC, 0xEE, 0xFF, 0xFF}}},
	{{{4243, -2120, -4701},0, {-15184, 3635},{0xCC, 0xEE, 0xFF, 0xFF}}},
	{{{3723, -2131, -4263},0, {-15184, 3205},{0xCC, 0xEE, 0xFF, 0xFF}}},
	{{{3658, -1678, -4195},0, {-15438, 3204},{0xCC, 0xEE, 0xFF, 0xFF}}},
	{{{2656, -2120, -3563},0, {-15184, 2577},{0xCC, 0xEE, 0xFF, 0xFF}}},
	{{{2660, -1678, -3563},0, {-15438, 2579},{0xCC, 0xEE, 0xFF, 0xFF}}},
	{{{2048, -1633, -3175},0, {-15461, 2195},{0xCC, 0xEE, 0xFF, 0xFF}}},
	{{{2060, -2131, -3205},0, {-15184, 2191},{0xCC, 0xEE, 0xFF, 0xFF}}},
	{{{1491, -1622, -2822},0, {-15468, 1850},{0xCC, 0xEE, 0xFF, 0xFF}}},
	{{{1396, -2131, -2785},0, {-15184, 1848},{0xCC, 0xEE, 0xFF, 0xFF}}},
	{{{854, -2131, -2473},0, {-15184, 1389},{0xCC, 0xEE, 0xFF, 0xFF}}},
	{{{757, -1620, -2477},0, {-15469, 1387},{0xCC, 0xEE, 0xFF, 0xFF}}},
	{{{232, -1640, -2425},0, {-15458, 1090},{0xC7, 0xE2, 0xFF, 0xFF}}},
	{{{258, -2131, -2451},0, {-15184, 1096},{0xCC, 0xEE, 0xFF, 0xFF}}},
	{{{258, -2131, -2451},0, {-15184, 1096},{0xCC, 0xEE, 0xFF, 0xFF}}},
	{{{-367, -1755, -2405},0, {-15400, 751},{0xC2, 0xD6, 0xFF, 0xFF}}},
	{{{232, -1640, -2425},0, {-15458, 1090},{0xC7, 0xE2, 0xFF, 0xFF}}},
	{{{-367, -2154, -2405},0, {-15184, 751},{0xCC, 0xEE, 0xFF, 0xFF}}},
	{{{-367, -1355, -2405},0, {-15639, 751},{0xB8, 0xBE, 0xFF, 0xFF}}},
	{{{149, -436, -2424},0, {-16102, 1054},{0xC2, 0xD6, 0xFF, 0xFF}}},
	{{{-146, 2358, -2410},0, {-17607, 921},{0xB8, 0xD3, 0xFF, 0xFF}}},
	{{{-351, -605, -2332},0, {-15913, 751},{0xB8, 0xBE, 0xFF, 0xFF}}},
	{{{-530, -224, -2331},0, {-16210, 751},{0xB8, 0xBE, 0xFF, 0xFF}}},
	{{{-694, 1284, -2414},0, {-16899, 751},{0xA3, 0xB8, 0xFF, 0xFF}}},
	{{{-829, 2132, -2501},0, {-17589, 751},{0x8E, 0xB1, 0xFF, 0xFF}}},
	{{{-461, 2543, -2500},0, {-17732, 751},{0x8E, 0xB1, 0xFF, 0xFF}}},
	{{{-521, 2896, -2405},0, {-17875, 751},{0x8E, 0xB1, 0xFF, 0xFF}}},
	{{{-432, 3499, -2217},0, {-18381, 751},{0xAD, 0xD0, 0xFF, 0xFF}}},
	{{{-703, 4683, -2205},0, {-18887, 751},{0xCC, 0xEE, 0xFF, 0xFF}}},
	{{{-624, 4629, -2381},0, {-19170, 751},{0xCC, 0xEE, 0xFF, 0xFF}}},
	{{{-527, 5805, -2425},0, {-19452, 751},{0xCC, 0xEE, 0xFF, 0xFF}}},
	{{{-146, 2358, -2410},0, {-17607, 921},{0xB8, 0xD3, 0xFF, 0xFF}}},
	{{{-624, 4629, -2381},0, {-19170, 751},{0xCC, 0xEE, 0xFF, 0xFF}}},
	{{{165, 5738, -2441},0, {-19452, 1096},{0xCC, 0xEE, 0xFF, 0xFF}}},
	{{{840, 5720, -2465},0, {-19452, 1389},{0xCC, 0xEE, 0xFF, 0xFF}}},
	{{{668, 2408, -2475},0, {-17615, 1347},{0xCC, 0xEE, 0xFF, 0xFF}}},
	{{{1542, 2371, -2854},0, {-17595, 1882},{0xCC, 0xEE, 0xFF, 0xFF}}},
	{{{1373, 5718, -2773},0, {-19452, 1848},{0xCC, 0xEE, 0xFF, 0xFF}}},
	{{{2270, 2262, -3323},0, {-17538, 2340},{0xB7, 0xDA, 0xFF, 0xFF}}},
	{{{2027, 5726, -3187},0, {-19452, 2191},{0xCC, 0xEE, 0xFF, 0xFF}}},
	{{{2690, 5769, -3607},0, {-19452, 2577},{0xCC, 0xEE, 0xFF, 0xFF}}},
	{{{2741, 3677, -3626},0, {-18286, 2633},{0xAD, 0xD0, 0xFF, 0xFF}}},
	{{{3620, 3677, -4183},0, {-18286, 3183},{0xAD, 0xD0, 0xFF, 0xFF}}},
	{{{3697, 5769, -4245},0, {-19452, 3205},{0xCC, 0xEE, 0xFF, 0xFF}}},
	{{{3892, 2261, -4361},0, {-17537, 3361},{0xB7, 0xDA, 0xFF, 0xFF}}},
	{{{3972, 5726, -4420},0, {-19452, 3422},{0xCC, 0xEE, 0xFF, 0xFF}}},
	{{{4234, 5717, -4613},0, {-19452, 3635},{0xCC, 0xEE, 0xFF, 0xFF}}},
	{{{3892, 2261, -4361},0, {-17537, 3361},{0xB7, 0xDA, 0xFF, 0xFF}}},
	{{{3972, 5726, -4420},0, {-19452, 3422},{0xCC, 0xEE, 0xFF, 0xFF}}},
	{{{4249, 2357, -4737},0, {-17588, 3658},{0xCC, 0xEE, 0xFF, 0xFF}}},
	{{{4576, 2237, -5391},0, {-17518, 4057},{0xAD, 0xD0, 0xFF, 0xFF}}},
	{{{4449, 5729, -5124},0, {-19452, 3899},{0xCC, 0xEE, 0xFF, 0xFF}}},
	{{{4657, 5784, -5647},0, {-19452, 4197},{0xCC, 0xEE, 0xFF, 0xFF}}},
	{{{4710, 4099, -5712},0, {-18512, 4248},{0xAD, 0xD0, 0xFF, 0xFF}}},
	{{{5071, 4099, -6626},0, {-18512, 4754},{0xAD, 0xD0, 0xFF, 0xFF}}},
	{{{5072, 5784, -6697},0, {-19452, 4805},{0xCC, 0xEE, 0xFF, 0xFF}}},
	{{{5193, 2197, -6957},0, {-17497, 4950},{0xAD, 0xD0, 0xFF, 0xFF}}},
	{{{5278, 5729, -7221},0, {-19452, 5110},{0xCC, 0xEE, 0xFF, 0xFF}}},
	{{{5463, 5714, -7757},0, {-19452, 5415},{0xCC, 0xEE, 0xFF, 0xFF}}},
	{{{5367, 2203, -7748},0, {-17506, 5405},{0xCC, 0xEE, 0xFF, 0xFF}}},
	{{{5235, 2063, -8489},0, {-17428, 5831},{0xB7, 0xDA, 0xFF, 0xFF}}},
	{{{5287, 5719, -8306},0, {-19452, 5722},{0xCC, 0xEE, 0xFF, 0xFF}}},
	{{{5091, 5759, -8841},0, {-19452, 6015},{0xCC, 0xEE, 0xFF, 0xFF}}},
	{{{5235, 2063, -8489},0, {-17428, 5831},{0xB7, 0xDA, 0xFF, 0xFF}}},
	{{{5287, 5719, -8306},0, {-19452, 5722},{0xCC, 0xEE, 0xFF, 0xFF}}},
	{{{5093, 3428, -8888},0, {-18152, 6056},{0xAD, 0xD0, 0xFF, 0xFF}}},
	{{{4777, 3400, -9747},0, {-18137, 6543},{0xAD, 0xD0, 0xFF, 0xFF}}},
	{{{4759, 5758, -9741},0, {-19452, 6560},{0xCC, 0xEE, 0xFF, 0xFF}}},
	{{{4579, 1945, -10284},0, {-17366, 6850},{0xAD, 0xD0, 0xFF, 0xFF}}},
	{{{4561, 5727, -10278},0, {-19452, 6854},{0xCC, 0xEE, 0xFF, 0xFF}}},
	{{{4385, 5856, -10839},0, {-19452, 7191},{0xCC, 0xEE, 0xFF, 0xFF}}},
	{{{4381, 3772, -10825},0, {-18341, 7158},{0xAD, 0xD0, 0xFF, 0xFF}}},
	{{{4749, 1823, -9564},0, {-17250, 6457},{0x8E, 0xB1, 0xFF, 0xFF}}},
	{{{4968, 1823, -8968},0, {-17250, 6119},{0x8E, 0xB1, 0xFF, 0xFF}}},
	{{{5048, 1648, -8775},0, {-17143, 6055},{0x8E, 0xB1, 0xFF, 0xFF}}},
	{{{4994, 1106, -8941},0, {-17037, 6119},{0x8E, 0xB1, 0xFF, 0xFF}}},
	{{{5094, 450, -8886},0, {-16586, 6057},{0xAD, 0xD0, 0xFF, 0xFF}}},
	{{{4774, 420, -9753},0, {-16571, 6543},{0xAD, 0xD0, 0xFF, 0xFF}}},
	{{{4774, 420, -9753},0, {-16571, 6543},{0xAD, 0xD0, 0xFF, 0xFF}}},
	{{{4994, 1106, -8941},0, {-17037, 6119},{0x8E, 0xB1, 0xFF, 0xFF}}},
	{{{4743, 1092, -9621},0, {-17037, 6457},{0x8E, 0xB1, 0xFF, 0xFF}}},
	{{{4579, 1945, -10284},0, {-17366, 6850},{0xAD, 0xD0, 0xFF, 0xFF}}},
	{{{4668, 1619, -9807},0, {-17143, 6520},{0x8E, 0xB1, 0xFF, 0xFF}}},
	{{{4749, 1823, -9564},0, {-17250, 6457},{0x8E, 0xB1, 0xFF, 0xFF}}},
	{{{4775, -842, -9780},0, {-15883, 6560},{0xCC, 0xEE, 0xFF, 0xFF}}},
	{{{5122, -828, -8841},0, {-15890, 6027},{0xCC, 0xEE, 0xFF, 0xFF}}},
	{{{4776, -1690, -9778},0, {-15431, 6560},{0xCC, 0xEE, 0xFF, 0xFF}}},
	{{{4583, -1656, -10280},0, {-15449, 6848},{0xCC, 0xEE, 0xFF, 0xFF}}},
	{{{4582, -570, -10281},0, {-16028, 6848},{0xCC, 0xEE, 0xFF, 0xFF}}},
	{{{4368, -1690, -10708},0, {-15431, 7111},{0xCC, 0xEE, 0xFF, 0xFF}}},
	{{{4368, -842, -10708},0, {-15883, 7111},{0xCC, 0xEE, 0xFF, 0xFF}}},
	{{{3581, -1058, -11322},0, {-15768, 7661},{0xCC, 0xEE, 0xFF, 0xFF}}},
	{{{4352, 420, -10721},0, {-16571, 7128},{0xAD, 0xD0, 0xFF, 0xFF}}},
	{{{3570, -35, -11318},0, {-16317, 7661},{0xAD, 0xD0, 0xFF, 0xFF}}},
	{{{2733, -28, -11828},0, {-16317, 8188},{0xAD, 0xD0, 0xFF, 0xFF}}},
	{{{3581, -1058, -11322},0, {-15768, 7661},{0xCC, 0xEE, 0xFF, 0xFF}}},
	{{{3570, -35, -11318},0, {-16317, 7661},{0xAD, 0xD0, 0xFF, 0xFF}}},
	{{{2735, -1058, -11832},0, {-15768, 8188},{0xCC, 0xEE, 0xFF, 0xFF}}},
	{{{1899, -35, -12324},0, {-16317, 8710},{0xAD, 0xD0, 0xFF, 0xFF}}},
	{{{1895, -1058, -12337},0, {-15768, 8710},{0xCC, 0xEE, 0xFF, 0xFF}}},
	{{{-266, -1058, -12762},0, {-15768, 9929},{0xCC, 0xEE, 0xFF, 0xFF}}},
	{{{-265, -61, -12755},0, {-16317, 9919},{0xAD, 0xD0, 0xFF, 0xFF}}},
	{{{1869, -1717, -12352},0, {-15417, 8710},{0xCC, 0xEE, 0xFF, 0xFF}}},
	{{{-266, -1058, -12762},0, {-15768, 9929},{0xCC, 0xEE, 0xFF, 0xFF}}},
	{{{-266, -1717, -12762},0, {-15417, 9929},{0xCC, 0xEE, 0xFF, 0xFF}}},
	{{{-1668, -1717, -12731},0, {-15417, 10676},{0xCC, 0xEE, 0xFF, 0xFF}}},
	{{{-1668, -1058, -12731},0, {-15768, 10676},{0xCC, 0xEE, 0xFF, 0xFF}}},
	{{{2735, -1717, -11832},0, {-15417, 8188},{0xCC, 0xEE, 0xFF, 0xFF}}},
	{{{3606, -1717, -11308},0, {-15417, 7661},{0xCC, 0xEE, 0xFF, 0xFF}}},
	{{{4368, -1690, -10708},0, {-15431, 7111},{0xCC, 0xEE, 0xFF, 0xFF}}},
	{{{-7466, 445, -11401},0, {13278, 27688},{0xCC, 0xEE, 0xFF, 0xFF}}},
	{{{-7466, -2154, -11401},0, {15300, 27344},{0xCC, 0xEE, 0xFF, 0xFF}}},
	{{{-7678, -2154, -10865},0, {15223, 26895},{0xCC, 0xEE, 0xFF, 0xFF}}},
	{{{-7466, 1775, -11401},0, {12241, 27871},{0xCC, 0xEE, 0xFF, 0xFF}}},
	{{{-8182, 2111, -9472},0, {11693, 26301},{0xCC, 0xEE, 0xFF, 0xFF}}},
	{{{-7890, -2154, -10328},0, {15147, 26446},{0xCC, 0xEE, 0xFF, 0xFF}}},
	{{{-8499, -1973, -8893},0, {14942, 25197},{0xCC, 0xEE, 0xFF, 0xFF}}},
	{{{-8999, -2023, -7356},0, {14734, 23831},{0xCC, 0xEE, 0xFF, 0xFF}}},
	{{{-8633, -131, -7260},0, {13144, 24125},{0xCC, 0xEE, 0xFF, 0xFF}}},
	{{{-8421, -760, -5402},0, {13402, 22501},{0xCC, 0xEE, 0xFF, 0xFF}}},
	{{{-8619, -2073, -5315},0, {14526, 22327},{0xCC, 0xEE, 0xFF, 0xFF}}},
	{{{-7933, -847, -3873},0, {13268, 21194},{0xCC, 0xEE, 0xFF, 0xFF}}},
	{{{-8134, -2154, -3204},0, {14343, 21036},{0xCC, 0xEE, 0xFF, 0xFF}}},
	{{{-6750, -847, -2722},0, {12963, 19749},{0xCC, 0xEE, 0xFF, 0xFF}}},
	{{{-6912, -2042, -2635},0, {14029, 19579},{0xCC, 0xEE, 0xFF, 0xFF}}},
	{{{-4758, -847, -1663},0, {12527, 17978},{0xCC, 0xEE, 0xFF, 0xFF}}},
	{{{-6912, -2042, -2635},0, {14029, 19579},{0xCC, 0xEE, 0xFF, 0xFF}}},
	{{{-4830, -2042, -1636},0, {13563, 17766},{0xCC, 0xEE, 0xFF, 0xFF}}},
	{{{-4758, -847, -1663},0, {12527, 17978},{0xCC, 0xEE, 0xFF, 0xFF}}},
	{{{-3681, -845, -1147},0, {12299, 17037},{0xCC, 0xEE, 0xFF, 0xFF}}},
	{{{-3703, -2079, -1046},0, {13326, 16805},{0xCC, 0xEE, 0xFF, 0xFF}}},
	{{{-2927, -852, -1096},0, {12160, 16422},{0xCC, 0xEE, 0xFF, 0xFF}}},
	{{{-3029, -2077, -1065},0, {13182, 16200},{0xCC, 0xEE, 0xFF, 0xFF}}},
	{{{-2399, -856, -1108},0, {12066, 16016},{0xCC, 0xEE, 0xFF, 0xFF}}},
	{{{-2425, -2077, -1085},0, {13081, 15801},{0xCC, 0xEE, 0xFF, 0xFF}}},
	{{{-1893, -859, -1124},0, {11974, 15629},{0xCC, 0xEE, 0xFF, 0xFF}}},
	{{{-1785, -2091, -1110},0, {12942, 15437},{0xCC, 0xEE, 0xFF, 0xFF}}},
	{{{-1687, -1747, -1145},0, {12764, 15221},{0xCC, 0xEE, 0xFF, 0xFF}}},
	{{{-1720, -754, -1144},0, {11945, 15386},{0xCC, 0xEE, 0xFF, 0xFF}}},
	{{{-1411, -1687, -1148},0, {12563, 15102},{0xCC, 0xEE, 0xFF, 0xFF}}},
	{{{-1443, -861, -1146},0, {11916, 15233},{0xCC, 0xEE, 0xFF, 0xFF}}},
	{{{-1470, 69, -1149},0, {11273, 15352},{0xCC, 0xEE, 0xFF, 0xFF}}},
	{{{-1443, -861, -1146},0, {11916, 15233},{0xCC, 0xEE, 0xFF, 0xFF}}},
	{{{-1402, -2, -1148},0, {11411, 15216},{0xCC, 0xEE, 0xFF, 0xFF}}},
	{{{-1470, 69, -1149},0, {11273, 15352},{0xCC, 0xEE, 0xFF, 0xFF}}},
	{{{-842, 356, -1161},0, {10942, 14991},{0xCC, 0xEE, 0xFF, 0xFF}}},
	{{{-894, -2, -1164},0, {11174, 14964},{0xCC, 0xEE, 0xFF, 0xFF}}},
	{{{-224, 78, -1171},0, {11072, 14527},{0xCC, 0xEE, 0xFF, 0xFF}}},
	{{{-495, -2, -1069},0, {11272, 14636},{0xCC, 0xEE, 0xFF, 0xFF}}},
	{{{28, -776, -1179},0, {11684, 14213},{0xCC, 0xEE, 0xFF, 0xFF}}},
	{{{-270, -871, -1079},0, {11716, 14407},{0xCC, 0xEE, 0xFF, 0xFF}}},
	{{{-31, -1794, -1177},0, {12514, 14012},{0xCC, 0xEE, 0xFF, 0xFF}}},
	{{{-325, -1691, -1165},0, {12353, 14252},{0xCC, 0xEE, 0xFF, 0xFF}}},
	{{{124, -2187, -1174},0, {12580, 13566},{0xCC, 0xEE, 0xFF, 0xFF}}},
	{{{397, -880, -1296},0, {11567, 13800},{0xCC, 0xEE, 0xFF, 0xFF}}},
	{{{2424, -861, -2034},0, {11208, 12125},{0xCC, 0xEE, 0xFF, 0xFF}}},
	{{{2526, -2179, -1978},0, {12328, 11915},{0xCC, 0xEE, 0xFF, 0xFF}}},
	{{{3940, -863, -2887},0, {10938, 10710},{0xCC, 0xEE, 0xFF, 0xFF}}},
	{{{2526, -2179, -1978},0, {12328, 11915},{0xCC, 0xEE, 0xFF, 0xFF}}},
	{{{3912, -2179, -2780},0, {12082, 10532},{0xCC, 0xEE, 0xFF, 0xFF}}},
	{{{3940, -863, -2887},0, {10938, 10710},{0xCC, 0xEE, 0xFF, 0xFF}}},
	{{{5425, -900, -3630},0, {10771, 9277},{0xCC, 0xEE, 0xFF, 0xFF}}},
	{{{5357, -2183, -3645},0, {11916, 9162},{0xCC, 0xEE, 0xFF, 0xFF}}},
	{{{9186, -1049, -2736},0, {10898, 5807},{0xCC, 0xEE, 0xFF, 0xFF}}},
	{{{9186, -2206, -2718},0, {12007, 5890},{0xCC, 0xEE, 0xFF, 0xFF}}},
	{{{9186, -1056, -2306},0, {10939, 5411},{0xCC, 0xEE, 0xFF, 0xFF}}},
	{{{9186, -2257, -2306},0, {12038, 5501},{0xCC, 0xEE, 0xFF, 0xFF}}},
	{{{9186, -1061, -1861},0, {10981, 5002},{0xCC, 0xEE, 0xFF, 0xFF}}},
	{{{9186, -2257, -1861},0, {12071, 5100},{0xCC, 0xEE, 0xFF, 0xFF}}},
	{{{9186, -1045, -1083},0, {11045, 4295},{0xCC, 0xEE, 0xFF, 0xFF}}},
	{{{9186, -2257, -1083},0, {12142, 4408},{0xCC, 0xEE, 0xFF, 0xFF}}},
	{{{9186, -1026, -273},0, {11111, 3558},{0xCC, 0xEE, 0xFF, 0xFF}}},
	{{{9186, -2257, -291},0, {12217, 3687},{0xCC, 0xEE, 0xFF, 0xFF}}},
	{{{9114, -2204, 2101},0, {12492, 1647},{0xCC, 0xEE, 0xFF, 0xFF}}},
	{{{9114, -2204, 2101},0, {12492, 1647},{0xCC, 0xEE, 0xFF, 0xFF}}},
	{{{9242, -979, 2009},0, {11350, 1493},{0xCC, 0xEE, 0xFF, 0xFF}}},
	{{{9186, -1026, -273},0, {11111, 3558},{0xCC, 0xEE, 0xFF, 0xFF}}},
	{{{10344, -1008, 3915},0, {11669, -505},{0xCC, 0xEE, 0xFF, 0xFF}}},
	{{{10240, -2212, 3913},0, {12808, -338},{0xCC, 0xEE, 0xFF, 0xFF}}},
	{{{10813, -2377, 4791},0, {13077, -1255},{0xCC, 0xEE, 0xFF, 0xFF}}},
	{{{10919, -1120, 4791},0, {11907, -1427},{0xCC, 0xEE, 0xFF, 0xFF}}},
	{{{11419, -2542, 5773},0, {13476, -2609},{0xCC, 0xEE, 0xFF, 0xFF}}},
	{{{11748, -1285, 6051},0, {12263, -2788},{0xCC, 0xEE, 0xFF, 0xFF}}},
	{{{13631, -2973, 9186},0, {14335, -5876},{0xCC, 0xEE, 0xFF, 0xFF}}},
	{{{13809, -1630, 9186},0, {13063, -6065},{0xCC, 0xEE, 0xFF, 0xFF}}},
	{{{13809, 104, 9186},0, {11512, -6296},{0xCC, 0xEE, 0xFF, 0xFF}}},
	{{{11769, 360, 6083},0, {10789, -3006},{0xCC, 0xEE, 0xFF, 0xFF}}},
	{{{11769, 4573, 6083},0, {7019, -3568},{0xCC, 0xEE, 0xFF, 0xFF}}},
	{{{13809, 4442, 9186},0, {7629, -6873},{0xCC, 0xEE, 0xFF, 0xFF}}},
	{{{10919, 4622, 4791},0, {6770, -2191},{0xCC, 0xEE, 0xFF, 0xFF}}},
	{{{11769, 360, 6083},0, {10789, -3006},{0xCC, 0xEE, 0xFF, 0xFF}}},
	{{{10919, 4622, 4791},0, {6770, -2191},{0xCC, 0xEE, 0xFF, 0xFF}}},
	{{{10919, 478, 4791},0, {10478, -1639},{0xCC, 0xEE, 0xFF, 0xFF}}},
	{{{10344, 4634, 3916},0, {6619, -1256},{0xCC, 0xEE, 0xFF, 0xFF}}},
	{{{10344, 553, 3916},0, {10272, -711},{0xCC, 0xEE, 0xFF, 0xFF}}},
	{{{9251, 518, 1986},0, {10008, 1317},{0xCC, 0xEE, 0xFF, 0xFF}}},
	{{{9251, 4536, 1986},0, {6401, 774},{0xCC, 0xEE, 0xFF, 0xFF}}},
	{{{9186, 263, -273},0, {9951, 3419},{0xCC, 0xEE, 0xFF, 0xFF}}},
	{{{9186, 4601, -273},0, {6020, 2798},{0xCC, 0xEE, 0xFF, 0xFF}}},
	{{{9186, 4518, -1083},0, {5972, 3527},{0xCC, 0xEE, 0xFF, 0xFF}}},
	{{{9186, 6708, -1083},0, {4029, 3215},{0xCC, 0xEE, 0xFF, 0xFF}}},
	{{{9186, 6830, -273},0, {4036, 2480},{0xCC, 0xEE, 0xFF, 0xFF}}},
	{{{9251, 4536, 1986},0, {6401, 774},{0xCC, 0xEE, 0xFF, 0xFF}}},
	{{{9240, 7033, 2014},0, {4178, 410},{0xCC, 0xEE, 0xFF, 0xFF}}},
	{{{9186, 6586, -1861},0, {4027, 3921},{0xCC, 0xEE, 0xFF, 0xFF}}},
	{{{9186, 4424, -1861},0, {5939, 4228},{0xCC, 0xEE, 0xFF, 0xFF}}},
	{{{9186, 4424, -1861},0, {5939, 4228},{0xCC, 0xEE, 0xFF, 0xFF}}},
	{{{9186, 6586, -1861},0, {4027, 3921},{0xCC, 0xEE, 0xFF, 0xFF}}},
	{{{9186, 6495, -2306},0, {4052, 4326},{0xCC, 0xEE, 0xFF, 0xFF}}},
	{{{9186, 4575, -2308},0, {5738, 4595},{0xCC, 0xEE, 0xFF, 0xFF}}},
	{{{9156, 6402, -2784},0, {4076, 4767},{0xCC, 0xEE, 0xFF, 0xFF}}},
	{{{9156, 4742, -2784},0, {5515, 4985},{0xCC, 0xEE, 0xFF, 0xFF}}},
	{{{8466, 6258, -4259},0, {4028, 6243},{0xCC, 0xEE, 0xFF, 0xFF}}},
	{{{8466, 4551, -4259},0, {5438, 6346},{0xCC, 0xEE, 0xFF, 0xFF}}},
	{{{7721, 6150, -5377},0, {4032, 7555},{0xCC, 0xEE, 0xFF, 0xFF}}},
	{{{7721, 4512, -5377},0, {5307, 7499},{0xCC, 0xEE, 0xFF, 0xFF}}},
	{{{6249, 4504, -5511},0, {5500, 8995},{0xCC, 0xEE, 0xFF, 0xFF}}},
	{{{6249, 6099, -5511},0, {4325, 9304},{0xCC, 0xEE, 0xFF, 0xFF}}},
	{{{8453, 2071, -4211},0, {7596, 6607},{0xCC, 0xEE, 0xFF, 0xFF}}},
	{{{7695, 2071, -5127},0, {7152, 7437},{0xCC, 0xEE, 0xFF, 0xFF}}},
	{{{6411, 2071, -5296},0, {7279, 8438},{0xCC, 0xEE, 0xFF, 0xFF}}},
	{{{6249, 4504, -5511},0, {5500, 8995},{0xCC, 0xEE, 0xFF, 0xFF}}},
	{{{5705, 4493, -4779},0, {5794, 9718},{0xCC, 0xEE, 0xFF, 0xFF}}},
	{{{6411, 2071, -5296},0, {7279, 8438},{0xCC, 0xEE, 0xFF, 0xFF}}},
	{{{6249, 4504, -5511},0, {5500, 8995},{0xCC, 0xEE, 0xFF, 0xFF}}},
	{{{5703, 6102, -4778},0, {4586, 10110},{0xCC, 0xEE, 0xFF, 0xFF}}},
	{{{6249, 6099, -5511},0, {4325, 9304},{0xCC, 0xEE, 0xFF, 0xFF}}},
	{{{5194, 6123, -3947},0, {4847, 10892},{0xCC, 0xEE, 0xFF, 0xFF}}},
	{{{5209, 4417, -3956},0, {6162, 10428},{0xCC, 0xEE, 0xFF, 0xFF}}},
	{{{3938, 6141, -2886},0, {5274, 12173},{0xCC, 0xEE, 0xFF, 0xFF}}},
	{{{3953, 4279, -2896},0, {6729, 11709},{0xCC, 0xEE, 0xFF, 0xFF}}},
	{{{2495, 5881, -2035},0, {5859, 13370},{0xCC, 0xEE, 0xFF, 0xFF}}},
	{{{2480, 4256, -2035},0, {7122, 13033},{0xCC, 0xEE, 0xFF, 0xFF}}},
	{{{796, 5895, -1315},0, {6228, 14772},{0xCC, 0xEE, 0xFF, 0xFF}}},
	{{{696, 4258, -1313},0, {7508, 14532},{0xCC, 0xEE, 0xFF, 0xFF}}},
	{{{136, 5937, -1181},0, {6328, 15300},{0xCC, 0xEE, 0xFF, 0xFF}}},
	{{{-5, 4334, -1200},0, {7601, 15101},{0xCC, 0xEE, 0xFF, 0xFF}}},
	{{{-484, 5961, -1150},0, {6424, 15780},{0xCC, 0xEE, 0xFF, 0xFF}}},
	{{{-5, 4334, -1200},0, {7601, 15101},{0xCC, 0xEE, 0xFF, 0xFF}}},
	{{{-484, 5961, -1150},0, {6424, 15780},{0xCC, 0xEE, 0xFF, 0xFF}}},
	{{{-620, 4738, -1333},0, {7594, 15635},{0xCC, 0xEE, 0xFF, 0xFF}}},
	{{{-2021, 5982, -1116},0, {6683, 16960},{0xCC, 0xEE, 0xFF, 0xFF}}},
	{{{-1827, 4774, -1307},0, {7793, 16480},{0xCC, 0xEE, 0xFF, 0xFF}}},
	{{{-2822, 6018, -1108},0, {6795, 17584},{0xCC, 0xEE, 0xFF, 0xFF}}},
	{{{-2803, 4693, -1130},0, {7835, 17329},{0xCC, 0xEE, 0xFF, 0xFF}}},
	{{{-3512, 6055, -1161},0, {6888, 18136},{0xCC, 0xEE, 0xFF, 0xFF}}},
	{{{-3512, 4689, -1161},0, {7946, 17900},{0xCC, 0xEE, 0xFF, 0xFF}}},
	{{{-4489, 4634, -1752},0, {8361, 19008},{0xCC, 0xEE, 0xFF, 0xFF}}},
	{{{-4685, 6093, -1696},0, {7081, 19168},{0xCC, 0xEE, 0xFF, 0xFF}}},
	{{{-6546, 6211, -2816},0, {7345, 20874},{0xCC, 0xEE, 0xFF, 0xFF}}},
	{{{-6586, 4645, -3013},0, {8676, 20477},{0xCC, 0xEE, 0xFF, 0xFF}}},
	{{{-7710, 6351, -4027},0, {7513, 22282},{0xCC, 0xEE, 0xFF, 0xFF}}},
	{{{-7710, 4739, -4027},0, {8777, 22032},{0xCC, 0xEE, 0xFF, 0xFF}}},
	{{{-8271, 4679, -5422},0, {9055, 23241},{0xCC, 0xEE, 0xFF, 0xFF}}},
	{{{-7710, 6351, -4027},0, {7513, 22282},{0xCC, 0xEE, 0xFF, 0xFF}}},
	{{{-8276, 6418, -5493},0, {7702, 23562},{0xCC, 0xEE, 0xFF, 0xFF}}},
	{{{-8271, 4679, -5422},0, {9055, 23241},{0xCC, 0xEE, 0xFF, 0xFF}}},
	{{{-8545, 6468, -7402},0, {7965, 25171},{0xCC, 0xEE, 0xFF, 0xFF}}},
	{{{-8551, 4311, -6754},0, {9554, 24316},{0xCC, 0xEE, 0xFF, 0xFF}}},
	{{{-8195, 6484, -9397},0, {8260, 26847},{0xCC, 0xEE, 0xFF, 0xFF}}},
	{{{-8552, 3372, -7166},0, {10356, 24527},{0xCC, 0xEE, 0xFF, 0xFF}}},
	{{{-8182, 2111, -9472},0, {11693, 26301},{0xCC, 0xEE, 0xFF, 0xFF}}},
	{{{-7466, 6481, -11401},0, {8568, 28530},{0xCC, 0xEE, 0xFF, 0xFF}}},
	{{{-7466, 5808, -11401},0, {9094, 28435},{0xCC, 0xEE, 0xFF, 0xFF}}},
	{{{-7466, 5121, -11401},0, {9620, 28339},{0xCC, 0xEE, 0xFF, 0xFF}}},
	{{{-7466, 4120, -11401},0, {10413, 28197},{0xCC, 0xEE, 0xFF, 0xFF}}},
	{{{-7466, 3105, -11401},0, {11205, 28054},{0xCC, 0xEE, 0xFF, 0xFF}}},
	{{{-7466, 1775, -11401},0, {12241, 27871},{0xCC, 0xEE, 0xFF, 0xFF}}},
	{{{-8551, 2679, -6754},0, {10840, 24076},{0xCC, 0xEE, 0xFF, 0xFF}}},
	{{{-8273, 3770, -5460},0, {9777, 23135},{0xCC, 0xEE, 0xFF, 0xFF}}},
	{{{-8551, 2679, -6754},0, {10840, 24076},{0xCC, 0xEE, 0xFF, 0xFF}}},
	{{{-8271, 2787, -5422},0, {10550, 22954},{0xCC, 0xEE, 0xFF, 0xFF}}},
	{{{-8273, 3770, -5460},0, {9777, 23135},{0xCC, 0xEE, 0xFF, 0xFF}}},
	{{{-8556, 1774, -7165},0, {11619, 24296},{0xCC, 0xEE, 0xFF, 0xFF}}},
	{{{-8278, 1681, -5457},0, {11437, 22819},{0xCC, 0xEE, 0xFF, 0xFF}}},
	{{{-8573, 712, -6743},0, {12402, 23798},{0xCC, 0xEE, 0xFF, 0xFF}}},
	{{{-8182, 2111, -9472},0, {11693, 26301},{0xCC, 0xEE, 0xFF, 0xFF}}},
	{{{-8556, 1774, -7165},0, {11619, 24296},{0xCC, 0xEE, 0xFF, 0xFF}}},
	{{{-8633, -131, -7260},0, {13144, 24125},{0xCC, 0xEE, 0xFF, 0xFF}}},
	{{{-8316, 479, -5402},0, {12395, 22616},{0xCC, 0xEE, 0xFF, 0xFF}}},
	{{{-8421, -760, -5402},0, {13402, 22501},{0xCC, 0xEE, 0xFF, 0xFF}}},
	{{{-7782, 436, -3995},0, {12218, 21362},{0xCC, 0xEE, 0xFF, 0xFF}}},
	{{{-7933, -847, -3873},0, {13268, 21194},{0xCC, 0xEE, 0xFF, 0xFF}}},
	{{{-6611, 436, -2786},0, {11921, 19930},{0xCC, 0xEE, 0xFF, 0xFF}}},
	{{{-6750, -847, -2722},0, {12963, 19749},{0xCC, 0xEE, 0xFF, 0xFF}}},
	{{{-4709, 436, -1686},0, {11512, 18191},{0xCC, 0xEE, 0xFF, 0xFF}}},
	{{{-6750, -847, -2722},0, {12963, 19749},{0xCC, 0xEE, 0xFF, 0xFF}}},
	{{{-4758, -847, -1663},0, {12527, 17978},{0xCC, 0xEE, 0xFF, 0xFF}}},
	{{{-4709, 436, -1686},0, {11512, 18191},{0xCC, 0xEE, 0xFF, 0xFF}}},
	{{{-3633, 451, -1157},0, {11276, 17235},{0xCC, 0xEE, 0xFF, 0xFF}}},
	{{{-3681, -845, -1147},0, {12299, 17037},{0xCC, 0xEE, 0xFF, 0xFF}}},
	{{{-2763, 391, -1100},0, {11160, 16529},{0xCC, 0xEE, 0xFF, 0xFF}}},
	{{{-2927, -852, -1096},0, {12160, 16422},{0xCC, 0xEE, 0xFF, 0xFF}}},
	{{{-2209, 366, -1112},0, {11077, 16090},{0xCC, 0xEE, 0xFF, 0xFF}}},
	{{{-2399, -856, -1108},0, {12066, 16016},{0xCC, 0xEE, 0xFF, 0xFF}}},
	{{{-1548, 439, -1131},0, {10898, 15587},{0xCC, 0xEE, 0xFF, 0xFF}}},
	{{{-1893, -859, -1124},0, {11974, 15629},{0xCC, 0xEE, 0xFF, 0xFF}}},
	{{{-1720, -754, -1144},0, {11945, 15386},{0xCC, 0xEE, 0xFF, 0xFF}}},
	{{{-1470, 69, -1149},0, {11273, 15352},{0xCC, 0xEE, 0xFF, 0xFF}}},
	{{{-687, 970, -1162},0, {10326, 15010},{0xCC, 0xEE, 0xFF, 0xFF}}},
	{{{-842, 356, -1161},0, {10942, 14991},{0xCC, 0xEE, 0xFF, 0xFF}}},
	{{{212, 624, -1269},0, {10431, 14231},{0xCC, 0xEE, 0xFF, 0xFF}}},
	{{{-842, 356, -1161},0, {10942, 14991},{0xCC, 0xEE, 0xFF, 0xFF}}},
	{{{-224, 78, -1171},0, {11072, 14527},{0xCC, 0xEE, 0xFF, 0xFF}}},
	{{{212, 624, -1269},0, {10431, 14231},{0xCC, 0xEE, 0xFF, 0xFF}}},
	{{{397, -880, -1296},0, {11567, 13800},{0xCC, 0xEE, 0xFF, 0xFF}}},
	{{{28, -776, -1179},0, {11684, 14213},{0xCC, 0xEE, 0xFF, 0xFF}}},
	{{{2420, 735, -2034},0, {9928, 12386},{0xCC, 0xEE, 0xFF, 0xFF}}},
	{{{2424, -861, -2034},0, {11208, 12125},{0xCC, 0xEE, 0xFF, 0xFF}}},
	{{{3953, 716, -2896},0, {9639, 10949},{0xCC, 0xEE, 0xFF, 0xFF}}},
	{{{3940, -863, -2887},0, {10938, 10710},{0xCC, 0xEE, 0xFF, 0xFF}}},
	{{{5429, 401, -3633},0, {9665, 9389},{0xCC, 0xEE, 0xFF, 0xFF}}},
	{{{5425, -900, -3630},0, {10771, 9277},{0xCC, 0xEE, 0xFF, 0xFF}}},
	{{{9186, 142, -2736},0, {9802, 5725},{0xCC, 0xEE, 0xFF, 0xFF}}},
	{{{9186, -1049, -2736},0, {10898, 5807},{0xCC, 0xEE, 0xFF, 0xFF}}},
	{{{9186, 175, -2308},0, {9812, 5316},{0xCC, 0xEE, 0xFF, 0xFF}}},
	{{{9186, -1056, -2306},0, {10939, 5411},{0xCC, 0xEE, 0xFF, 0xFF}}},
	{{{9186, 174, -1861},0, {9854, 4895},{0xCC, 0xEE, 0xFF, 0xFF}}},
	{{{9186, -1056, -2306},0, {10939, 5411},{0xCC, 0xEE, 0xFF, 0xFF}}},
	{{{9186, -1061, -1861},0, {10981, 5002},{0xCC, 0xEE, 0xFF, 0xFF}}},
	{{{9186, 174, -1861},0, {9854, 4895},{0xCC, 0xEE, 0xFF, 0xFF}}},
	{{{9186, 208, -1083},0, {9909, 4173},{0xCC, 0xEE, 0xFF, 0xFF}}},
	{{{9186, -1045, -1083},0, {11045, 4295},{0xCC, 0xEE, 0xFF, 0xFF}}},
	{{{9186, 263, -273},0, {9951, 3419},{0xCC, 0xEE, 0xFF, 0xFF}}},
	{{{9186, -1026, -273},0, {11111, 3558},{0xCC, 0xEE, 0xFF, 0xFF}}},
	{{{9251, 518, 1986},0, {10008, 1317},{0xCC, 0xEE, 0xFF, 0xFF}}},
	{{{9242, -979, 2009},0, {11350, 1493},{0xCC, 0xEE, 0xFF, 0xFF}}},
	{{{10344, 553, 3916},0, {10272, -711},{0xCC, 0xEE, 0xFF, 0xFF}}},
	{{{10344, -1008, 3915},0, {11669, -505},{0xCC, 0xEE, 0xFF, 0xFF}}},
	{{{10919, 478, 4791},0, {10478, -1639},{0xCC, 0xEE, 0xFF, 0xFF}}},
	{{{10919, -1120, 4791},0, {11907, -1427},{0xCC, 0xEE, 0xFF, 0xFF}}},
	{{{11769, 360, 6083},0, {10789, -3006},{0xCC, 0xEE, 0xFF, 0xFF}}},
	{{{11748, -1285, 6051},0, {12263, -2788},{0xCC, 0xEE, 0xFF, 0xFF}}},
	{{{9186, 4518, -1083},0, {5972, 3527},{0xCC, 0xEE, 0xFF, 0xFF}}},
	{{{9186, 208, -1083},0, {9909, 4173},{0xCC, 0xEE, 0xFF, 0xFF}}},
	{{{9186, 4518, -1083},0, {5972, 3527},{0xCC, 0xEE, 0xFF, 0xFF}}},
	{{{9186, 4424, -1861},0, {5939, 4228},{0xCC, 0xEE, 0xFF, 0xFF}}},
	{{{9186, 174, -1861},0, {9854, 4895},{0xCC, 0xEE, 0xFF, 0xFF}}},
	{{{9186, 175, -2308},0, {9812, 5316},{0xCC, 0xEE, 0xFF, 0xFF}}},
	{{{9186, 4575, -2308},0, {5738, 4595},{0xCC, 0xEE, 0xFF, 0xFF}}},
	{{{9156, 4742, -2784},0, {5515, 4985},{0xCC, 0xEE, 0xFF, 0xFF}}},
	{{{9186, 2071, -2736},0, {8229, 5602},{0xCC, 0xEE, 0xFF, 0xFF}}},
	{{{8466, 4551, -4259},0, {5438, 6346},{0xCC, 0xEE, 0xFF, 0xFF}}},
	{{{8453, 2071, -4211},0, {7596, 6607},{0xCC, 0xEE, 0xFF, 0xFF}}},
	{{{9186, 142, -2736},0, {9802, 5725},{0xCC, 0xEE, 0xFF, 0xFF}}},
	{{{5896, 2071, -3716},0, {8334, 9315},{0xCC, 0xEE, 0xFF, 0xFF}}},
	{{{5429, 401, -3633},0, {9665, 9389},{0xCC, 0xEE, 0xFF, 0xFF}}},
	{{{5209, 4417, -3956},0, {6162, 10428},{0xCC, 0xEE, 0xFF, 0xFF}}},
	{{{6166, 2071, -4650},0, {7779, 8989},{0xCC, 0xEE, 0xFF, 0xFF}}},
	{{{5705, 4493, -4779},0, {5794, 9718},{0xCC, 0xEE, 0xFF, 0xFF}}},
	{{{5705, 4493, -4779},0, {5794, 9718},{0xCC, 0xEE, 0xFF, 0xFF}}},
	{{{6166, 2071, -4650},0, {7779, 8989},{0xCC, 0xEE, 0xFF, 0xFF}}},
	{{{6411, 2071, -5296},0, {7279, 8438},{0xCC, 0xEE, 0xFF, 0xFF}}},
	{{{5209, 4417, -3956},0, {6162, 10428},{0xCC, 0xEE, 0xFF, 0xFF}}},
	{{{3953, 716, -2896},0, {9639, 10949},{0xCC, 0xEE, 0xFF, 0xFF}}},
	{{{5429, 401, -3633},0, {9665, 9389},{0xCC, 0xEE, 0xFF, 0xFF}}},
	{{{3953, 4279, -2896},0, {6729, 11709},{0xCC, 0xEE, 0xFF, 0xFF}}},
	{{{-11163, 4867, -12061},0, {2032, 2032},{0xCC, 0xEE, 0xFF, 0xFF}}},
	{{{-11163, 6494, -12061},0, {2032, -16},{0xCC, 0xEE, 0xFF, 0xFF}}},
	{{{-13012, 6556, -12392},0, {-16, -16},{0xCC, 0xEE, 0xFF, 0xFF}}},
	{{{-13012, 4930, -12392},0, {-16, 2032},{0xCC, 0xEE, 0xFF, 0xFF}}},
	{{{-7466, 5121, -11401},0, {-16, 2032},{0xCC, 0xEE, 0xFF, 0xFF}}},
	{{{-7261, 4763, -12919},0, {2032, 2032},{0xCC, 0xEE, 0xFF, 0xFF}}},
	{{{-7261, 6481, -12919},0, {2032, -16},{0xCC, 0xEE, 0xFF, 0xFF}}},
	{{{-7466, 5808, -11401},0, {-16, 1008},{0xCC, 0xEE, 0xFF, 0xFF}}},
	{{{-7466, 6481, -11401},0, {-16, -16},{0xCC, 0xEE, 0xFF, 0xFF}}},
	{{{3953, 716, -2896},0, {9639, 10949},{0xCC, 0xEE, 0xFF, 0xFF}}},
	{{{3953, 4279, -2896},0, {6729, 11709},{0xCC, 0xEE, 0xFF, 0xFF}}},
	{{{2480, 4256, -2035},0, {7122, 13033},{0xCC, 0xEE, 0xFF, 0xFF}}},
	{{{2420, 735, -2034},0, {9928, 12386},{0xCC, 0xEE, 0xFF, 0xFF}}},
	{{{696, 4258, -1313},0, {7508, 14532},{0xCC, 0xEE, 0xFF, 0xFF}}},
	{{{212, 624, -1269},0, {10431, 14231},{0xCC, 0xEE, 0xFF, 0xFF}}},
	{{{-432, 3499, -2217},0, {1008, 2032},{0xAD, 0xD0, 0xFF, 0xFF}}},
	{{{-521, 2896, -2405},0, {2032, 2032},{0x8E, 0xB1, 0xFF, 0xFF}}},
	{{{-482, 2931, -1778},0, {2032, 1008},{0x8E, 0xB1, 0xFF, 0xFF}}},
	{{{-450, 3771, -1779},0, {1008, 1008},{0xAD, 0xD0, 0xFF, 0xFF}}},
	{{{-408, 2907, -1131},0, {2032, -16},{0x8E, 0xB1, 0xFF, 0xFF}}},
	{{{-411, 3557, -1336},0, {1008, -16},{0xAD, 0xD0, 0xFF, 0xFF}}},
	{{{-549, 4736, -1777},0, {-16, 1008},{0xCC, 0xEE, 0xFF, 0xFF}}},
	{{{-620, 4738, -1333},0, {-16, -16},{0xCC, 0xEE, 0xFF, 0xFF}}},
	{{{-703, 4683, -2205},0, {-16, 2032},{0xCC, 0xEE, 0xFF, 0xFF}}},
	{{{-8552, 3372, -7166},0, {10356, 24527},{0xCC, 0xEE, 0xFF, 0xFF}}},
	{{{-8271, 4679, -5422},0, {9055, 23241},{0xCC, 0xEE, 0xFF, 0xFF}}},
	{{{-8551, 4311, -6754},0, {9554, 24316},{0xCC, 0xEE, 0xFF, 0xFF}}},
	{{{-8273, 3770, -5460},0, {9777, 23135},{0xCC, 0xEE, 0xFF, 0xFF}}},
	{{{-7710, 4739, -4027},0, {8777, 22032},{0xCC, 0xEE, 0xFF, 0xFF}}},
	{{{-7710, 3828, -4027},0, {9496, 21889},{0xCC, 0xEE, 0xFF, 0xFF}}},
	{{{-8271, 2787, -5422},0, {10550, 22954},{0xCC, 0xEE, 0xFF, 0xFF}}},
	{{{-7710, 2808, -4027},0, {10306, 21727},{0xCC, 0xEE, 0xFF, 0xFF}}},
	{{{-8278, 1681, -5457},0, {11437, 22819},{0xCC, 0xEE, 0xFF, 0xFF}}},
	{{{-7719, 1667, -4023},0, {11221, 21545},{0xCC, 0xEE, 0xFF, 0xFF}}},
	{{{-8316, 479, -5402},0, {12395, 22616},{0xCC, 0xEE, 0xFF, 0xFF}}},
	{{{-8573, 712, -6743},0, {12402, 23798},{0xCC, 0xEE, 0xFF, 0xFF}}},
	{{{-7782, 436, -3995},0, {12218, 21362},{0xCC, 0xEE, 0xFF, 0xFF}}},
	{{{-6565, 1676, -2823},0, {10900, 20122},{0xCC, 0xEE, 0xFF, 0xFF}}},
	{{{-6611, 436, -2786},0, {11921, 19930},{0xCC, 0xEE, 0xFF, 0xFF}}},
	{{{-4673, 1676, -1691},0, {10515, 18420},{0xCC, 0xEE, 0xFF, 0xFF}}},
	{{{-4673, 1676, -1691},0, {10515, 18420},{0xCC, 0xEE, 0xFF, 0xFF}}},
	{{{-6611, 436, -2786},0, {11921, 19930},{0xCC, 0xEE, 0xFF, 0xFF}}},
	{{{-4709, 436, -1686},0, {11512, 18191},{0xCC, 0xEE, 0xFF, 0xFF}}},
	{{{-3633, 451, -1157},0, {11276, 17235},{0xCC, 0xEE, 0xFF, 0xFF}}},
	{{{-3544, 1701, -1160},0, {10282, 17393},{0xCC, 0xEE, 0xFF, 0xFF}}},
	{{{-3516, 2823, -1161},0, {9400, 17574},{0xCC, 0xEE, 0xFF, 0xFF}}},
	{{{-2866, 1804, -1077},0, {10053, 16857},{0xB3, 0xD6, 0xFF, 0xFF}}},
	{{{-2392, 1470, -1063},0, {10214, 16421},{0xAD, 0xD0, 0xFF, 0xFF}}},
	{{{-3633, 451, -1157},0, {11276, 17235},{0xCC, 0xEE, 0xFF, 0xFF}}},
	{{{-2763, 391, -1100},0, {11160, 16529},{0xCC, 0xEE, 0xFF, 0xFF}}},
	{{{-1798, 1411, -1076},0, {10152, 15949},{0xAD, 0xD0, 0xFF, 0xFF}}},
	{{{-2209, 366, -1112},0, {11077, 16090},{0xCC, 0xEE, 0xFF, 0xFF}}},
	{{{-1117, 1679, -1092},0, {9829, 15470},{0xAD, 0xD0, 0xFF, 0xFF}}},
	{{{-1548, 439, -1131},0, {10898, 15587},{0xCC, 0xEE, 0xFF, 0xFF}}},
	{{{-366, 2629, -1153},0, {8962, 15069},{0xB7, 0xDA, 0xFF, 0xFF}}},
	{{{-687, 970, -1162},0, {10326, 15010},{0xCC, 0xEE, 0xFF, 0xFF}}},
	{{{-5, 4334, -1200},0, {7601, 15101},{0xCC, 0xEE, 0xFF, 0xFF}}},
	{{{-366, 2629, -1153},0, {8962, 15069},{0xB7, 0xDA, 0xFF, 0xFF}}},
	{{{-687, 970, -1162},0, {10326, 15010},{0xCC, 0xEE, 0xFF, 0xFF}}},
	{{{212, 624, -1269},0, {10431, 14231},{0xCC, 0xEE, 0xFF, 0xFF}}},
	{{{696, 4258, -1313},0, {7508, 14532},{0xCC, 0xEE, 0xFF, 0xFF}}},
	{{{-411, 3557, -1336},0, {8070, 15325},{0xAD, 0xD0, 0xFF, 0xFF}}},
	{{{-408, 2907, -1131},0, {8767, 15128},{0x8E, 0xB1, 0xFF, 0xFF}}},
	{{{-433, 2617, -827},0, {8974, 15107},{0x8E, 0xB1, 0xFF, 0xFF}}},
	{{{-792, 2237, -784},0, {9167, 15257},{0x8E, 0xB1, 0xFF, 0xFF}}},
	{{{-1117, 1679, -1092},0, {9829, 15470},{0xAD, 0xD0, 0xFF, 0xFF}}},
	{{{-1798, 1411, -1076},0, {10152, 15949},{0xAD, 0xD0, 0xFF, 0xFF}}},
	{{{-1391, 2079, -771},0, {9320, 15671},{0x8E, 0xB1, 0xFF, 0xFF}}},
	{{{-2392, 1470, -1063},0, {10214, 16421},{0xAD, 0xD0, 0xFF, 0xFF}}},
	{{{-1960, 2147, -758},0, {9368, 16110},{0x8E, 0xB1, 0xFF, 0xFF}}},
	{{{-2866, 1804, -1077},0, {10053, 16857},{0xB3, 0xD6, 0xFF, 0xFF}}},
	{{{-2228, 2406, -782},0, {9242, 16336},{0x8E, 0xB1, 0xFF, 0xFF}}},
	{{{-2040, 2907, -1100},0, {8893, 16446},{0x8E, 0xB1, 0xFF, 0xFF}}},
	{{{-2866, 1804, -1077},0, {10053, 16857},{0xB3, 0xD6, 0xFF, 0xFF}}},
	{{{-2228, 2406, -782},0, {9242, 16336},{0x8E, 0xB1, 0xFF, 0xFF}}},
	{{{-2843, 2868, -1104},0, {9220, 17038},{0xAD, 0xD0, 0xFF, 0xFF}}},
	{{{-2211, 3843, -1304},0, {8335, 16548},{0xAD, 0xD0, 0xFF, 0xFF}}},
	{{{-2838, 3829, -1129},0, {8490, 17194},{0xBD, 0xDF, 0xFF, 0xFF}}},
	{{{-1827, 4774, -1307},0, {7793, 16480},{0xCC, 0xEE, 0xFF, 0xFF}}},
	{{{-2803, 4693, -1130},0, {7835, 17329},{0xCC, 0xEE, 0xFF, 0xFF}}},
	{{{-3512, 3824, -1161},0, {8619, 17748},{0xCC, 0xEE, 0xFF, 0xFF}}},
	{{{-3512, 4689, -1161},0, {7946, 17900},{0xCC, 0xEE, 0xFF, 0xFF}}},
	{{{-4303, 3802, -1620},0, {8797, 18624},{0xCC, 0xEE, 0xFF, 0xFF}}},
	{{{-4489, 4634, -1752},0, {8361, 19008},{0xCC, 0xEE, 0xFF, 0xFF}}},
	{{{-3516, 2823, -1161},0, {9400, 17574},{0xCC, 0xEE, 0xFF, 0xFF}}},
	{{{-4620, 2896, -1799},0, {9352, 18792},{0xCC, 0xEE, 0xFF, 0xFF}}},
	{{{-4673, 1676, -1691},0, {10515, 18420},{0xCC, 0xEE, 0xFF, 0xFF}}},
	{{{-6565, 1676, -2823},0, {10900, 20122},{0xCC, 0xEE, 0xFF, 0xFF}}},
	{{{-4620, 2896, -1799},0, {9352, 18792},{0xCC, 0xEE, 0xFF, 0xFF}}},
	{{{-6481, 2896, -2918},0, {9673, 20268},{0xCC, 0xEE, 0xFF, 0xFF}}},
	{{{-6565, 1676, -2823},0, {10900, 20122},{0xCC, 0xEE, 0xFF, 0xFF}}},
	{{{-7719, 1667, -4023},0, {11221, 21545},{0xCC, 0xEE, 0xFF, 0xFF}}},
	{{{-7710, 2808, -4027},0, {10306, 21727},{0xCC, 0xEE, 0xFF, 0xFF}}},
	{{{-7710, 3828, -4027},0, {9496, 21889},{0xCC, 0xEE, 0xFF, 0xFF}}},
	{{{-6790, 3803, -3116},0, {9234, 20648},{0xCC, 0xEE, 0xFF, 0xFF}}},
	{{{-6586, 4645, -3013},0, {8676, 20477},{0xCC, 0xEE, 0xFF, 0xFF}}},
	{{{-7710, 4739, -4027},0, {8777, 22032},{0xCC, 0xEE, 0xFF, 0xFF}}},
	{{{-620, 4738, -1333},0, {7594, 15635},{0xCC, 0xEE, 0xFF, 0xFF}}},
	{{{-411, 3557, -1336},0, {8070, 15325},{0xAD, 0xD0, 0xFF, 0xFF}}},
	{{{-5, 4334, -1200},0, {7601, 15101},{0xCC, 0xEE, 0xFF, 0xFF}}},
	{{{1987, 3308, -13763},0, {9782, -18850},{0xCC, 0xEE, 0xFF, 0xFF}}},
	{{{2039, 1823, -13768},0, {9759, -17693},{0xCC, 0xEE, 0xFF, 0xFF}}},
	{{{1738, 1823, -13921},0, {9993, -17688},{0xC2, 0xD6, 0xFF, 0xFF}}},
	{{{1738, 3569, -13921},0, {10020, -19057},{0xC7, 0xE2, 0xFF, 0xFF}}},
	{{{1738, 3569, -13921},0, {10020, -19057},{0xC7, 0xE2, 0xFF, 0xFF}}},
	{{{1738, 1823, -13921},0, {9993, -17688},{0xC2, 0xD6, 0xFF, 0xFF}}},
	{{{1472, 1823, -14056},0, {10227, -17683},{0xB8, 0xBE, 0xFF, 0xFF}}},
	{{{1380, 3835, -14048},0, {10329, -19258},{0xC2, 0xD6, 0xFF, 0xFF}}},
	{{{-990, 3992, -13947},0, {12203, -19344},{0xC2, 0xD6, 0xFF, 0xFF}}},
	{{{-987, 1823, -14001},0, {12154, -17645},{0xB8, 0xBE, 0xFF, 0xFF}}},
	{{{-3458, 4101, -13480},0, {14235, -19390},{0xC2, 0xD6, 0xFF, 0xFF}}},
	{{{-3446, 1823, -13947},0, {14081, -17607},{0xB8, 0xBE, 0xFF, 0xFF}}},
	{{{-6128, 4140, -12220},0, {16611, -19373},{0xC5, 0xDE, 0xFF, 0xFF}}},
	{{{-5456, 1823, -12674},0, {15945, -17570},{0xB8, 0xBE, 0xFF, 0xFF}}},
	{{{-7466, 1823, -11401},0, {17809, -17533},{0xB8, 0xBE, 0xFF, 0xFF}}},
	{{{-7466, 2464, -11401},0, {17819, -18035},{0xC2, 0xD6, 0xFF, 0xFF}}},
	{{{-7466, 3105, -11401},0, {17829, -18538},{0xCC, 0xEE, 0xFF, 0xFF}}},
	{{{-7466, 4120, -11401},0, {17845, -19333},{0xCC, 0xEE, 0xFF, 0xFF}}},
	{{{-7466, 5121, -11401},0, {17860, -20128},{0xCC, 0xEE, 0xFF, 0xFF}}},
	{{{-7466, 5808, -11401},0, {17871, -20655},{0xCC, 0xEE, 0xFF, 0xFF}}},
	{{{-7466, 6481, -11401},0, {17881, -21183},{0xCC, 0xEE, 0xFF, 0xFF}}},
	{{{-6128, 4140, -12220},0, {16611, -19373},{0xC5, 0xDE, 0xFF, 0xFF}}},
	{{{-7466, 5808, -11401},0, {17871, -20655},{0xCC, 0xEE, 0xFF, 0xFF}}},
	{{{-5437, 6474, -12623},0, {16015, -21214},{0xCC, 0xEE, 0xFF, 0xFF}}},
	{{{-3297, 6385, -13541},0, {14131, -21182},{0xCC, 0xEE, 0xFF, 0xFF}}},
	{{{-3458, 4101, -13480},0, {14235, -19390},{0xC2, 0xD6, 0xFF, 0xFF}}},
	{{{-990, 3992, -13947},0, {12203, -19344},{0xC2, 0xD6, 0xFF, 0xFF}}},
	{{{-969, 6161, -13951},0, {12219, -21044},{0xCC, 0xEE, 0xFF, 0xFF}}},
	{{{1380, 3835, -14048},0, {10329, -19258},{0xC2, 0xD6, 0xFF, 0xFF}}},
	{{{1438, 5865, -14019},0, {10310, -20850},{0xCC, 0xEE, 0xFF, 0xFF}}},
	{{{1795, 5241, -13892},0, {9996, -20367},{0xCC, 0xEE, 0xFF, 0xFF}}},
	{{{3109, 5259, -13224},0, {8842, -20405},{0xCC, 0xEE, 0xFF, 0xFF}}},
	{{{3109, 5743, -13224},0, {8849, -20783},{0xCC, 0xEE, 0xFF, 0xFF}}},
	{{{4423, 5135, -12556},0, {7685, -20330},{0xCC, 0xEE, 0xFF, 0xFF}}},
	{{{4701, 5631, -12426},0, {7450, -20723},{0xCC, 0xEE, 0xFF, 0xFF}}},
	{{{4480, 3513, -12527},0, {7609, -19060},{0xC7, 0xE2, 0xFF, 0xFF}}},
	{{{4480, 3513, -12527},0, {7609, -19060},{0xC7, 0xE2, 0xFF, 0xFF}}},
	{{{4701, 5631, -12426},0, {7450, -20723},{0xCC, 0xEE, 0xFF, 0xFF}}},
	{{{4750, 3685, -12397},0, {7377, -19200},{0xC2, 0xD6, 0xFF, 0xFF}}},
	{{{5127, 2763, -12392},0, {7064, -18483},{0xC8, 0xE4, 0xFF, 0xFF}}},
	{{{5301, 5563, -12392},0, {6973, -20680},{0xCC, 0xEE, 0xFF, 0xFF}}},
	{{{5856, 5497, -12392},0, {6537, -20636},{0xCC, 0xEE, 0xFF, 0xFF}}},
	{{{5726, 2918, -12392},0, {6590, -18614},{0xCC, 0xEE, 0xFF, 0xFF}}},
	{{{4744, 484, -12427},0, {7327, -16661},{0xCC, 0xEE, 0xFF, 0xFF}}},
	{{{5540, 584, -12475},0, {6611, -16675},{0xCC, 0xEE, 0xFF, 0xFF}}},
	{{{4746, 1134, -12392},0, {7338, -17201},{0xC2, 0xD6, 0xFF, 0xFF}}},
	{{{4746, 1823, -12392},0, {7358, -17718},{0xB8, 0xBE, 0xFF, 0xFF}}},
	{{{4480, 1823, -12527},0, {7583, -17736},{0xC2, 0xD6, 0xFF, 0xFF}}},
	{{{4179, 1823, -12680},0, {7817, -17731},{0xCC, 0xEE, 0xFF, 0xFF}}},
	{{{4216, 3306, -12626},0, {7840, -18888},{0xCC, 0xEE, 0xFF, 0xFF}}},
	{{{4423, 5135, -12556},0, {7685, -20330},{0xCC, 0xEE, 0xFF, 0xFF}}},
	{{{4148, 4702, -12661},0, {7902, -19996},{0xCC, 0xEE, 0xFF, 0xFF}}},
	{{{4148, 4702, -12661},0, {7902, -19996},{0xCC, 0xEE, 0xFF, 0xFF}}},
	{{{3109, 5259, -13224},0, {8842, -20405},{0xCC, 0xEE, 0xFF, 0xFF}}},
	{{{4423, 5135, -12556},0, {7685, -20330},{0xCC, 0xEE, 0xFF, 0xFF}}},
	{{{3102, 4791, -13195},0, {8834, -20026},{0xCC, 0xEE, 0xFF, 0xFF}}},
	{{{1795, 5241, -13892},0, {9996, -20367},{0xCC, 0xEE, 0xFF, 0xFF}}},
	{{{2055, 4706, -13728},0, {9764, -19959},{0xCC, 0xEE, 0xFF, 0xFF}}},
	{{{1738, 3569, -13921},0, {10020, -19057},{0xC7, 0xE2, 0xFF, 0xFF}}},
	{{{1987, 3308, -13763},0, {9782, -18850},{0xCC, 0xEE, 0xFF, 0xFF}}},
	{{{1380, 3835, -14048},0, {10329, -19258},{0xC2, 0xD6, 0xFF, 0xFF}}},
	{{{7384, 2772, -19422},0, {-1938, -18654},{0xDB, 0xD7, 0xFE, 0xFE}}},
	{{{6870, 445, -20013},0, {-2638, -16856},{0xCC, 0xEE, 0xFF, 0xFF}}},
	{{{7376, 445, -19401},0, {-1953, -16849},{0xCC, 0xEE, 0xFF, 0xFF}}},
	{{{6902, 2772, -20098},0, {-2672, -18655},{0xCD, 0xEF, 0xFD, 0xFD}}},
	{{{7393, 5100, -19443},0, {-1922, -20458},{0xEA, 0xC0, 0xFD, 0xFD}}},
	{{{7344, 5100, -18744},0, {-1335, -20457},{0xF7, 0xA2, 0xFF, 0xFF}}},
	{{{7338, 2772, -18747},0, {-1363, -18645},{0xE2, 0xC8, 0xFF, 0xFF}}},
	{{{7338, 2772, -18747},0, {-1363, -18645},{0xE2, 0xC8, 0xFF, 0xFF}}},
	{{{7384, 2772, -19422},0, {-1938, -18654},{0xDB, 0xD7, 0xFE, 0xFE}}},
	{{{7376, 445, -19401},0, {-1953, -16849},{0xCC, 0xEE, 0xFF, 0xFF}}},
	{{{7274, 475, -18796},0, {-1392, -16834},{0xCC, 0xEE, 0xFF, 0xFF}}},
	{{{7556, 2772, -17942},0, {-687, -18634},{0xB1, 0xF4, 0xE4, 0xF4}}},
	{{{7461, 577, -17962},0, {-718, -16818},{0x96, 0xFA, 0xC9, 0xFA}}},
	{{{8079, 2772, -16885},0, {248, -18618},{0xB7, 0xFF, 0xA9, 0xFF}}},
	{{{8056, 577, -17013},0, {137, -16799},{0x79, 0xFF, 0xAF, 0xFF}}},
	{{{8536, 2772, -15092},0, {1733, -18592},{0xC8, 0xCF, 0xF5, 0xF5}}},
	{{{8445, 577, -15747},0, {1383, -16774},{0xB8, 0xF3, 0xEB, 0xF3}}},
	{{{8890, 2783, -12866},0, {3643, -18566},{0x7A, 0xFF, 0xB0, 0xFF}}},
	{{{8886, 644, -12975},0, {3524, -16736},{0x7A, 0xFF, 0xB0, 0xFF}}},
	{{{8109, 2839, -12392},0, {4730, -18589},{0xB4, 0xF4, 0xE7, 0xF4}}},
	{{{8097, 581, -12496},0, {4666, -16715},{0x9C, 0xF9, 0xCF, 0xF9}}},
	{{{6993, 2905, -12392},0, {5611, -18623},{0xCC, 0xEE, 0xFF, 0xFF}}},
	{{{7001, 584, -12502},0, {5556, -16697},{0xCC, 0xEE, 0xFF, 0xFF}}},
	{{{5726, 2918, -12392},0, {6590, -18614},{0xCC, 0xEE, 0xFF, 0xFF}}},
	{{{6993, 2905, -12392},0, {5611, -18623},{0xCC, 0xEE, 0xFF, 0xFF}}},
	{{{7001, 584, -12502},0, {5556, -16697},{0xCC, 0xEE, 0xFF, 0xFF}}},
	{{{5540, 584, -12475},0, {6611, -16675},{0xCC, 0xEE, 0xFF, 0xFF}}},
	{{{5856, 5497, -12392},0, {6537, -20636},{0xCC, 0xEE, 0xFF, 0xFF}}},
	{{{6966, 5365, -12392},0, {5665, -20550},{0xCC, 0xEE, 0xFF, 0xFF}}},
	{{{8109, 2839, -12392},0, {4730, -18589},{0xB4, 0xF4, 0xE7, 0xF4}}},
	{{{8076, 5232, -12392},0, {4793, -20463},{0xCC, 0xEE, 0xFF, 0xFF}}},
	{{{8890, 2783, -12866},0, {3643, -18566},{0x7A, 0xFF, 0xB0, 0xFF}}},
	{{{8884, 5122, -12762},0, {3763, -20397},{0x79, 0xFF, 0xAF, 0xFF}}},
	{{{8536, 2772, -15092},0, {1733, -18592},{0xC8, 0xCF, 0xF5, 0xF5}}},
	{{{8541, 5100, -14646},0, {2082, -20409},{0xD7, 0xAA, 0xFF, 0xFF}}},
	{{{8079, 2772, -16885},0, {248, -18618},{0xB7, 0xFF, 0xA9, 0xFF}}},
	{{{8075, 5100, -16779},0, {359, -20437},{0xF5, 0xFF, 0xA2, 0xFF}}},
	{{{7556, 2772, -17942},0, {-687, -18634},{0xB1, 0xF4, 0xE4, 0xF4}}},
	{{{7561, 5100, -17940},0, {-657, -20450},{0xCC, 0xEE, 0xFF, 0xFF}}},
	{{{7561, 5100, -17940},0, {-657, -20450},{0xCC, 0xEE, 0xFF, 0xFF}}},
	{{{7338, 2772, -18747},0, {-1363, -18645},{0xE2, 0xC8, 0xFF, 0xFF}}},
	{{{7556, 2772, -17942},0, {-687, -18634},{0xB1, 0xF4, 0xE4, 0xF4}}},
	{{{7344, 5100, -18744},0, {-1335, -20457},{0xF7, 0xA2, 0xFF, 0xFF}}},
	{{{7393, 5100, -19443},0, {-1922, -20458},{0xEA, 0xC0, 0xFD, 0xFD}}},
	{{{6935, 5100, -20182},0, {-2706, -20453},{0xCE, 0xEF, 0xFB, 0xFB}}},
	{{{6902, 2772, -20098},0, {-2672, -18655},{0xCD, 0xEF, 0xFD, 0xFD}}},
	{{{5750, 5100, -20426},0, {-3718, -20435},{0xCD, 0xEE, 0xFD, 0xFD}}},
	{{{5742, 2772, -20405},0, {-3663, -18629},{0xCD, 0xEE, 0xFE, 0xFE}}},
	{{{5734, 445, -20384},0, {-3607, -16823},{0xCC, 0xEE, 0xFF, 0xFF}}},
	{{{6870, 445, -20013},0, {-2638, -16856},{0xCC, 0xEE, 0xFF, 0xFF}}},
	{{{-1740, 4765, -2182},0, {-18719, 20026},{0xCC, 0xEE, 0xFF, 0xFF}}},
	{{{-624, 4629, -2381},0, {-19170, 20683},{0xCC, 0xEE, 0xFF, 0xFF}}},
	{{{-703, 4683, -2205},0, {-18887, 20683},{0xCC, 0xEE, 0xFF, 0xFF}}},
	{{{-1858, 5111, -2353},0, {-19039, 19939},{0xCC, 0xEE, 0xFF, 0xFF}}},
	{{{-2482, 4446, -2355},0, {-18691, 19602},{0xC0, 0xE2, 0xFF, 0xFF}}},
	{{{-1740, 4765, -2182},0, {-18719, 20026},{0xCC, 0xEE, 0xFF, 0xFF}}},
	{{{-2061, 3991, -2179},0, {-18360, 19911},{0xCC, 0xEE, 0xFF, 0xFF}}},
	{{{-2482, 4446, -2355},0, {-18691, 19602},{0xC0, 0xE2, 0xFF, 0xFF}}},
	{{{-3251, 4283, -2463},0, {-18605, 19171},{0xAD, 0xD0, 0xFF, 0xFF}}},
	{{{-1923, 2896, -2374},0, {-17875, 19895},{0xCC, 0xEE, 0xFF, 0xFF}}},
	{{{-3124, 2970, -2469},0, {-17827, 19272},{0x8E, 0xB1, 0xFF, 0xFF}}},
	{{{-3972, 3889, -2758},0, {-18390, 18753},{0xA7, 0xC9, 0xFF, 0xFF}}},
	{{{-3462, 2949, -2561},0, {-17732, 19179},{0x8E, 0xB1, 0xFF, 0xFF}}},
	{{{-3333, 2312, -2537},0, {-17637, 19272},{0x8E, 0xB1, 0xFF, 0xFF}}},
	{{{-4143, 2521, -2869},0, {-17675, 18645},{0x8E, 0xB1, 0xFF, 0xFF}}},
	{{{-4277, 1478, -2941},0, {-17127, 18545},{0x9A, 0xBD, 0xFF, 0xFF}}},
	{{{-3353, 1417, -2521},0, {-17097, 19120},{0xAD, 0xD0, 0xFF, 0xFF}}},
	{{{-1767, 1256, -2396},0, {-17016, 19978},{0x8E, 0xB1, 0xFF, 0xFF}}},
	{{{-1867, 2010, -2470},0, {-17589, 19902},{0x8E, 0xB1, 0xFF, 0xFF}}},
	{{{-694, 1284, -2414},0, {-16899, 20683},{0xA3, 0xB8, 0xFF, 0xFF}}},
	{{{-829, 2132, -2501},0, {-17589, 20683},{0x8E, 0xB1, 0xFF, 0xFF}}},
	{{{-694, 1284, -2414},0, {-16899, 20683},{0xA3, 0xB8, 0xFF, 0xFF}}},
	{{{-1130, 938, -2403},0, {-16828, 20322},{0x96, 0xB4, 0xFF, 0xFF}}},
	{{{-1767, 1256, -2396},0, {-17016, 19978},{0x8E, 0xB1, 0xFF, 0xFF}}},
	{{{-530, -224, -2331},0, {-16210, 20683},{0xB8, 0xBE, 0xFF, 0xFF}}},
	{{{-870, -229, -2389},0, {-16210, 20435},{0xA3, 0xB8, 0xFF, 0xFF}}},
	{{{-1212, -224, -2303},0, {-16210, 20188},{0x8E, 0xB1, 0xFF, 0xFF}}},
	{{{-1406, 330, -2474},0, {-16383, 20166},{0x8E, 0xB1, 0xFF, 0xFF}}},
	{{{-1738, 489, -2476},0, {-16512, 20014},{0x8E, 0xB1, 0xFF, 0xFF}}},
	{{{-3353, 1417, -2521},0, {-17097, 19120},{0xAD, 0xD0, 0xFF, 0xFF}}},
	{{{-3312, 493, -2401},0, {-16573, 19153},{0xCC, 0xEE, 0xFF, 0xFF}}},
	{{{-4676, 464, -3279},0, {-16512, 18306},{0x8E, 0xB1, 0xFF, 0xFF}}},
	{{{-4277, 1478, -2941},0, {-17127, 18545},{0x9A, 0xBD, 0xFF, 0xFF}}},
	{{{-4832, 991, -3277},0, {-16874, 18199},{0x8E, 0xB1, 0xFF, 0xFF}}},
	{{{-5203, 259, -3489},0, {-16485, 17976},{0x98, 0xBB, 0xFF, 0xFF}}},
	{{{-4921, 162, -3429},0, {-16391, 18180},{0x8E, 0xB1, 0xFF, 0xFF}}},
	{{{-4668, -208, -3287},0, {-16270, 18306},{0x8E, 0xB1, 0xFF, 0xFF}}},
	{{{-4668, -208, -3287},0, {-16270, 18306},{0x8E, 0xB1, 0xFF, 0xFF}}},
	{{{-4758, -521, -3222},0, {-16060, 18255},{0xAD, 0xD0, 0xFF, 0xFF}}},
	{{{-5203, 259, -3489},0, {-16485, 17976},{0x98, 0xBB, 0xFF, 0xFF}}},
	{{{-3267, -806, -2530},0, {-15913, 19153},{0xAD, 0xD0, 0xFF, 0xFF}}},
	{{{-3243, -397, -2668},0, {-16210, 19153},{0x8E, 0xB1, 0xFF, 0xFF}}},
	{{{-1448, -796, -2302},0, {-15913, 20188},{0xA3, 0xB8, 0xFF, 0xFF}}},
	{{{-1212, -224, -2303},0, {-16210, 20188},{0x8E, 0xB1, 0xFF, 0xFF}}},
	{{{-3270, -1301, -2511},0, {-15639, 19153},{0xCC, 0xEE, 0xFF, 0xFF}}},
	{{{-4788, -1147, -3223},0, {-15721, 18238},{0xCC, 0xEE, 0xFF, 0xFF}}},
	{{{-3275, -1748, -2497},0, {-15400, 19153},{0xCC, 0xEE, 0xFF, 0xFF}}},
	{{{-1373, -1755, -2374},0, {-15400, 20188},{0xC2, 0xD6, 0xFF, 0xFF}}},
	{{{-1373, -1355, -2374},0, {-15639, 20188},{0xB8, 0xBE, 0xFF, 0xFF}}},
	{{{-3315, -2131, -2429},0, {-15184, 19153},{0xCC, 0xEE, 0xFF, 0xFF}}},
	{{{-4919, -2129, -3335},0, {-15184, 18233},{0xCC, 0xEE, 0xFF, 0xFF}}},
	{{{-4807, -1701, -3234},0, {-15425, 18234},{0xCC, 0xEE, 0xFF, 0xFF}}},
	{{{-5282, -1614, -3520},0, {-15472, 17933},{0xAD, 0xD0, 0xFF, 0xFF}}},
	{{{-4919, -2129, -3335},0, {-15184, 18233},{0xCC, 0xEE, 0xFF, 0xFF}}},
	{{{-5311, -2125, -3568},0, {-15184, 17931},{0xAD, 0xD0, 0xFF, 0xFF}}},
	{{{-5282, -1614, -3520},0, {-15472, 17933},{0xAD, 0xD0, 0xFF, 0xFF}}},
	{{{-5651, -1537, -3742},0, {-15513, 17701},{0x8E, 0xB1, 0xFF, 0xFF}}},
	{{{-5651, -2154, -3742},0, {-15184, 17701},{0x8E, 0xB1, 0xFF, 0xFF}}},
	{{{-5670, -945, -3753},0, {-15842, 17701},{0x8E, 0xB1, 0xFF, 0xFF}}},
	{{{-5268, -890, -3511},0, {-15857, 17940},{0xAD, 0xD0, 0xFF, 0xFF}}},
	{{{-5203, 259, -3489},0, {-16485, 17976},{0x98, 0xBB, 0xFF, 0xFF}}},
	{{{-5740, 353, -3810},0, {-16550, 17638},{0x8E, 0xB1, 0xFF, 0xFF}}},
	{{{-6112, -919, -4019},0, {-15842, 17415},{0xAD, 0xD0, 0xFF, 0xFF}}},
	{{{-6558, -919, -4310},0, {-15842, 17128},{0xCC, 0xEE, 0xFF, 0xFF}}},
	{{{-6510, 433, -4385},0, {-16578, 17119},{0xAD, 0xD0, 0xFF, 0xFF}}},
	{{{-6762, -919, -4810},0, {-15842, 16836},{0xCC, 0xEE, 0xFF, 0xFF}}},
	{{{-6951, -919, -5323},0, {-15842, 16545},{0xCC, 0xEE, 0xFF, 0xFF}}},
	{{{-6951, 474, -5321},0, {-16585, 16546},{0xCC, 0xEE, 0xFF, 0xFF}}},
	{{{-7141, -919, -5836},0, {-15842, 16254},{0xAD, 0xD0, 0xFF, 0xFF}}},
	{{{-6951, 474, -5321},0, {-16585, 16546},{0xCC, 0xEE, 0xFF, 0xFF}}},
	{{{-7141, -919, -5836},0, {-15842, 16254},{0xAD, 0xD0, 0xFF, 0xFF}}},
	{{{-7322, -945, -6328},0, {-15842, 15962},{0x8E, 0xB1, 0xFF, 0xFF}}},
	{{{-7339, 496, -6374},0, {-16596, 15948},{0xAD, 0xD0, 0xFF, 0xFF}}},
	{{{-7528, 554, -6985},0, {-16640, 15594},{0xA7, 0xC9, 0xFF, 0xFF}}},
	{{{-7503, -799, -6908},0, {-15906, 15644},{0xAD, 0xD0, 0xFF, 0xFF}}},
	{{{-7330, -1537, -6349},0, {-15513, 15962},{0x8E, 0xB1, 0xFF, 0xFF}}},
	{{{-7499, -1603, -6883},0, {-15478, 15657},{0xAD, 0xD0, 0xFF, 0xFF}}},
	{{{-7330, -2154, -6349},0, {-15184, 15962},{0x8E, 0xB1, 0xFF, 0xFF}}},
	{{{-7519, -2154, -6862},0, {-15184, 15658},{0xAD, 0xD0, 0xFF, 0xFF}}},
	{{{-7527, -1678, -7534},0, {-15438, 15280},{0xCC, 0xEE, 0xFF, 0xFF}}},
	{{{-7708, -2154, -7375},0, {-15184, 15280},{0xCC, 0xEE, 0xFF, 0xFF}}},
	{{{-7288, -1712, -8405},0, {-15419, 14789},{0xCC, 0xEE, 0xFF, 0xFF}}},
	{{{-7302, -2154, -8403},0, {-15184, 14789},{0xCC, 0xEE, 0xFF, 0xFF}}},
	{{{-6952, -1717, -9289},0, {-15417, 14290},{0xCC, 0xEE, 0xFF, 0xFF}}},
	{{{-6896, -2154, -9430},0, {-15184, 14290},{0xCC, 0xEE, 0xFF, 0xFF}}},
	{{{-6896, -2154, -9430},0, {-15184, 14290},{0xCC, 0xEE, 0xFF, 0xFF}}},
	{{{-6659, -1687, -9971},0, {-15434, 13886},{0xCC, 0xEE, 0xFF, 0xFF}}},
	{{{-6952, -1717, -9289},0, {-15417, 14290},{0xCC, 0xEE, 0xFF, 0xFF}}},
	{{{-6662, -2154, -9984},0, {-15184, 13890},{0xCC, 0xEE, 0xFF, 0xFF}}},
	{{{-6295, -1461, -10503},0, {-15564, 13524},{0xCC, 0xEE, 0xFF, 0xFF}}},
	{{{-6364, -2154, -10472},0, {-15184, 13562},{0xCC, 0xEE, 0xFF, 0xFF}}},
	{{{-5570, -823, -11101},0, {-15941, 13009},{0xBA, 0xDD, 0xFF, 0xFF}}},
	{{{-5960, -2154, -10851},0, {-15184, 13254},{0xAD, 0xD0, 0xFF, 0xFF}}},
	{{{-5492, -2154, -11165},0, {-15184, 12951},{0x8E, 0xB1, 0xFF, 0xFF}}},
	{{{-5126, -2154, -11397},0, {-15334, 12720},{0xAD, 0xD0, 0xFF, 0xFF}}},
	{{{-4759, -2154, -11629},0, {-15403, 12489},{0xCC, 0xEE, 0xFF, 0xFF}}},
	{{{-4759, -973, -11629},0, {-15908, 12489},{0xCC, 0xEE, 0xFF, 0xFF}}},
	{{{-4759, -134, -11629},0, {-16288, 12489},{0xCC, 0xEE, 0xFF, 0xFF}}},
	{{{-4759, -99, -11629},0, {-16279, 12489},{0xCC, 0xEE, 0xFF, 0xFF}}},
	{{{-4759, 805, -11629},0, {-16771, 12489},{0xCC, 0xEE, 0xFF, 0xFF}}},
	{{{-5572, 735, -11096},0, {-16751, 13027},{0xAD, 0xD0, 0xFF, 0xFF}}},
	{{{-5572, 735, -11096},0, {-16751, 13027},{0xAD, 0xD0, 0xFF, 0xFF}}},
	{{{-4759, 805, -11629},0, {-16771, 12489},{0xCC, 0xEE, 0xFF, 0xFF}}},
	{{{-4759, 1542, -11629},0, {-17155, 12489},{0xCC, 0xEE, 0xFF, 0xFF}}},
	{{{-5567, 1524, -11100},0, {-17148, 13026},{0xAD, 0xD0, 0xFF, 0xFF}}},
	{{{-4759, 2395, -11629},0, {-17608, 12489},{0xCC, 0xEE, 0xFF, 0xFF}}},
	{{{-5589, 2348, -11078},0, {-17578, 13030},{0xAD, 0xD0, 0xFF, 0xFF}}},
	{{{-6116, 1513, -10642},0, {-17143, 13582},{0x8E, 0xB1, 0xFF, 0xFF}}},
	{{{-6364, 1907, -10384},0, {-17250, 13663},{0x8E, 0xB1, 0xFF, 0xFF}}},
	{{{-6234, 940, -10518},0, {-17037, 13663},{0x8E, 0xB1, 0xFF, 0xFF}}},
	{{{-5570, -823, -11101},0, {-15941, 13009},{0xBA, 0xDD, 0xFF, 0xFF}}},
	{{{-6274, -223, -10513},0, {-16244, 13526},{0xAD, 0xD0, 0xFF, 0xFF}}},
	{{{-6649, -92, -9964},0, {-16311, 13888},{0xAD, 0xD0, 0xFF, 0xFF}}},
	{{{-6581, 825, -9929},0, {-16991, 13903},{0x8E, 0xB1, 0xFF, 0xFF}}},
	{{{-6945, -80, -9271},0, {-16317, 14290},{0xAD, 0xD0, 0xFF, 0xFF}}},
	{{{-6867, 814, -9240},0, {-16984, 14290},{0x8E, 0xB1, 0xFF, 0xFF}}},
	{{{-7197, 830, -8392},0, {-16991, 14777},{0x8E, 0xB1, 0xFF, 0xFF}}},
	{{{-6945, -80, -9271},0, {-16317, 14290},{0xAD, 0xD0, 0xFF, 0xFF}}},
	{{{-7197, 830, -8392},0, {-16991, 14777},{0x8E, 0xB1, 0xFF, 0xFF}}},
	{{{-7275, -59, -8407},0, {-16327, 14786},{0xAD, 0xD0, 0xFF, 0xFF}}},
	{{{-7457, 941, -7646},0, {-17037, 15183},{0x8E, 0xB1, 0xFF, 0xFF}}},
	{{{-7515, 86, -7590},0, {-16403, 15250},{0xAD, 0xD0, 0xFF, 0xFF}}},
	{{{-7528, 554, -6985},0, {-16640, 15594},{0xA7, 0xC9, 0xFF, 0xFF}}},
	{{{-7536, 1258, -7304},0, {-17143, 15330},{0x8E, 0xB1, 0xFF, 0xFF}}},
	{{{-7339, 496, -6374},0, {-16596, 15948},{0xAD, 0xD0, 0xFF, 0xFF}}},
	{{{-7476, 1883, -7617},0, {-17250, 15183},{0x8E, 0xB1, 0xFF, 0xFF}}},
	{{{-7334, 2045, -6360},0, {-17422, 15956},{0xCC, 0xEE, 0xFF, 0xFF}}},
	{{{-7330, 3867, -6350},0, {-18392, 15961},{0xCC, 0xEE, 0xFF, 0xFF}}},
	{{{-7523, 3844, -7544},0, {-18376, 15272},{0xAD, 0xD0, 0xFF, 0xFF}}},
	{{{-7285, 3839, -8410},0, {-18376, 14787},{0xBD, 0xDF, 0xFF, 0xFF}}},
	{{{-7260, 1907, -8432},0, {-17296, 14777},{0xAD, 0xD0, 0xFF, 0xFF}}},
	{{{-6946, 3839, -9301},0, {-18377, 14290},{0xCC, 0xEE, 0xFF, 0xFF}}},
	{{{-6894, 1907, -9396},0, {-17303, 14290},{0xCC, 0xEE, 0xFF, 0xFF}}},
	{{{-6894, 1907, -9396},0, {-17303, 14290},{0xCC, 0xEE, 0xFF, 0xFF}}},
	{{{-6659, 3839, -9976},0, {-18376, 13885},{0xBD, 0xDF, 0xFF, 0xFF}}},
	{{{-6946, 3839, -9301},0, {-18377, 14290},{0xCC, 0xEE, 0xFF, 0xFF}}},
	{{{-6654, 1907, -9962},0, {-17296, 13903},{0xAD, 0xD0, 0xFF, 0xFF}}},
	{{{-6274, 3851, -10532},0, {-18379, 13500},{0xAD, 0xD0, 0xFF, 0xFF}}},
	{{{-6364, 1907, -10384},0, {-17250, 13663},{0x8E, 0xB1, 0xFF, 0xFF}}},
	{{{-5589, 2348, -11078},0, {-17578, 13030},{0xAD, 0xD0, 0xFF, 0xFF}}},
	{{{-5586, 3899, -11089},0, {-18408, 13017},{0xBD, 0xDF, 0xFF, 0xFF}}},
	{{{-4759, 2395, -11629},0, {-17608, 12489},{0xCC, 0xEE, 0xFF, 0xFF}}},
	{{{-4759, 3911, -11629},0, {-18416, 12489},{0xCC, 0xEE, 0xFF, 0xFF}}},
	{{{-3913, 3899, -12148},0, {-18408, 11959},{0xBD, 0xDF, 0xFF, 0xFF}}},
	{{{-3901, 5785, -12140},0, {-19452, 11963},{0xCC, 0xEE, 0xFF, 0xFF}}},
	{{{-3069, 5785, -12641},0, {-19452, 11476},{0xCC, 0xEE, 0xFF, 0xFF}}},
	{{{-4742, 5785, -11608},0, {-19452, 12489},{0xCC, 0xEE, 0xFF, 0xFF}}},
	{{{-5582, 5785, -11076},0, {-19452, 13013},{0xCC, 0xEE, 0xFF, 0xFF}}},
	{{{-6385, 5785, -10541},0, {-19452, 13485},{0xCC, 0xEE, 0xFF, 0xFF}}},
	{{{-6659, 3839, -9976},0, {-18376, 13885},{0xBD, 0xDF, 0xFF, 0xFF}}},
	{{{-6385, 5785, -10541},0, {-19452, 13485},{0xCC, 0xEE, 0xFF, 0xFF}}},
	{{{-6646, 5785, -9980},0, {-19452, 13881},{0xCC, 0xEE, 0xFF, 0xFF}}},
	{{{-6946, 3839, -9301},0, {-18377, 14290},{0xCC, 0xEE, 0xFF, 0xFF}}},
	{{{-6880, 5785, -9390},0, {-19452, 14290},{0xCC, 0xEE, 0xFF, 0xFF}}},
	{{{-7285, 3839, -8410},0, {-18376, 14787},{0xBD, 0xDF, 0xFF, 0xFF}}},
	{{{-7272, 5785, -8396},0, {-19452, 14789},{0xCC, 0xEE, 0xFF, 0xFF}}},
	{{{-7523, 3844, -7544},0, {-18376, 15272},{0xAD, 0xD0, 0xFF, 0xFF}}},
	{{{-7640, 5785, -7405},0, {-19452, 15280},{0xCC, 0xEE, 0xFF, 0xFF}}},
	{{{-7330, 3867, -6350},0, {-18392, 15961},{0xCC, 0xEE, 0xFF, 0xFF}}},
	{{{-7301, 5785, -6352},0, {-19452, 15962},{0xCC, 0xEE, 0xFF, 0xFF}}},
	{{{-6942, 3796, -5299},0, {-18355, 16559},{0xCC, 0xEE, 0xFF, 0xFF}}},
	{{{-6924, 5781, -5329},0, {-19452, 16545},{0xCC, 0xEE, 0xFF, 0xFF}}},
	{{{-6715, 3563, -4723},0, {-18216, 16898},{0xB3, 0xD6, 0xFF, 0xFF}}},
	{{{-6734, 5777, -4817},0, {-19452, 16832},{0xCC, 0xEE, 0xFF, 0xFF}}},
	{{{-6539, 5788, -4327},0, {-19452, 17095},{0xCC, 0xEE, 0xFF, 0xFF}}},
	{{{-6539, 5788, -4327},0, {-19452, 17095},{0xCC, 0xEE, 0xFF, 0xFF}}},
	{{{-6512, 3985, -4358},0, {-18446, 17124},{0xAD, 0xD0, 0xFF, 0xFF}}},
	{{{-6715, 3563, -4723},0, {-18216, 16898},{0xB3, 0xD6, 0xFF, 0xFF}}},
	{{{-5898, 4108, -3891},0, {-18520, 17554},{0xCC, 0xEE, 0xFF, 0xFF}}},
	{{{-5916, 5796, -3929},0, {-19452, 17554},{0xCC, 0xEE, 0xFF, 0xFF}}},
	{{{-4835, 4058, -3263},0, {-18490, 18211},{0xAD, 0xD0, 0xFF, 0xFF}}},
	{{{-4909, 5792, -3323},0, {-19452, 18202},{0xCC, 0xEE, 0xFF, 0xFF}}},
	{{{-3972, 3889, -2758},0, {-18390, 18753},{0xA7, 0xC9, 0xFF, 0xFF}}},
	{{{-4116, 5790, -2847},0, {-19452, 18645},{0xCC, 0xEE, 0xFF, 0xFF}}},
	{{{-3316, 5801, -2393},0, {-19452, 19104},{0xCC, 0xEE, 0xFF, 0xFF}}},
	{{{-3251, 4283, -2463},0, {-18605, 19171},{0xAD, 0xD0, 0xFF, 0xFF}}},
	{{{-1858, 5111, -2353},0, {-19039, 19939},{0xCC, 0xEE, 0xFF, 0xFF}}},
	{{{-1916, 5835, -2394},0, {-19452, 19902},{0xCC, 0xEE, 0xFF, 0xFF}}},
	{{{-624, 4629, -2381},0, {-19170, 20683},{0xCC, 0xEE, 0xFF, 0xFF}}},
	{{{-527, 5805, -2425},0, {-19452, 20683},{0xCC, 0xEE, 0xFF, 0xFF}}},
	{{{-2482, 4446, -2355},0, {-18691, 19602},{0xC0, 0xE2, 0xFF, 0xFF}}},
	{{{-4788, -1147, -3223},0, {-15721, 18238},{0xCC, 0xEE, 0xFF, 0xFF}}},
	{{{-4758, -521, -3222},0, {-16060, 18255},{0xAD, 0xD0, 0xFF, 0xFF}}},
	{{{-3267, -806, -2530},0, {-15913, 19153},{0xAD, 0xD0, 0xFF, 0xFF}}},
	{{{-3315, -2131, -2429},0, {-15184, 19153},{0xCC, 0xEE, 0xFF, 0xFF}}},
	{{{-1373, -1755, -2374},0, {-15400, 20188},{0xC2, 0xD6, 0xFF, 0xFF}}},
	{{{-1373, -2154, -2374},0, {-15184, 20188},{0xCC, 0xEE, 0xFF, 0xFF}}},
	{{{-7334, 2045, -6360},0, {-17422, 15956},{0xCC, 0xEE, 0xFF, 0xFF}}},
	{{{-7330, 3867, -6350},0, {-18392, 15961},{0xCC, 0xEE, 0xFF, 0xFF}}},
	{{{-6942, 3796, -5299},0, {-18355, 16559},{0xCC, 0xEE, 0xFF, 0xFF}}},
	{{{-6947, 2005, -5311},0, {-17400, 16551},{0xCC, 0xEE, 0xFF, 0xFF}}},
	{{{-6490, 1685, -4421},0, {-17351, 17192},{0x8E, 0xB1, 0xFF, 0xFF}}},
	{{{-6536, 2458, -4488},0, {-17446, 17144},{0x8E, 0xB1, 0xFF, 0xFF}}},
	{{{-6715, 3563, -4723},0, {-18216, 16898},{0xB3, 0xD6, 0xFF, 0xFF}}},
	{{{-6423, 2447, -4344},0, {-17541, 17192},{0x8E, 0xB1, 0xFF, 0xFF}}},
	{{{-6512, 3985, -4358},0, {-18446, 17124},{0xAD, 0xD0, 0xFF, 0xFF}}},
	{{{-5898, 4108, -3891},0, {-18520, 17554},{0xCC, 0xEE, 0xFF, 0xFF}}},
	{{{-6423, 2447, -4344},0, {-17541, 17192},{0x8E, 0xB1, 0xFF, 0xFF}}},
	{{{-5898, 4108, -3891},0, {-18520, 17554},{0xCC, 0xEE, 0xFF, 0xFF}}},
	{{{-5931, 2432, -3928},0, {-17589, 17554},{0xCC, 0xEE, 0xFF, 0xFF}}},
	{{{-4835, 4058, -3263},0, {-18490, 18211},{0xAD, 0xD0, 0xFF, 0xFF}}},
	{{{-4994, 2412, -3470},0, {-17541, 18034},{0x8E, 0xB1, 0xFF, 0xFF}}},
	{{{-3972, 3889, -2758},0, {-18390, 18753},{0xA7, 0xC9, 0xFF, 0xFF}}},
	{{{-4143, 2521, -2869},0, {-17675, 18645},{0x8E, 0xB1, 0xFF, 0xFF}}},
	{{{-4277, 1478, -2941},0, {-17127, 18545},{0x9A, 0xBD, 0xFF, 0xFF}}},
	{{{-4756, 1932, -3330},0, {-17446, 18112},{0x8E, 0xB1, 0xFF, 0xFF}}},
	{{{-4977, 1611, -3455},0, {-17351, 18034},{0x8E, 0xB1, 0xFF, 0xFF}}},
	{{{-4832, 991, -3277},0, {-16874, 18199},{0x8E, 0xB1, 0xFF, 0xFF}}},
	{{{-5789, 1365, -3937},0, {-17303, 17554},{0x8E, 0xB1, 0xFF, 0xFF}}},
	{{{-5740, 353, -3810},0, {-16550, 17638},{0x8E, 0xB1, 0xFF, 0xFF}}},
	{{{-5203, 259, -3489},0, {-16485, 17976},{0x98, 0xBB, 0xFF, 0xFF}}},
	{{{-6490, 1685, -4421},0, {-17351, 17192},{0x8E, 0xB1, 0xFF, 0xFF}}},
	{{{-6510, 433, -4385},0, {-16578, 17119},{0xAD, 0xD0, 0xFF, 0xFF}}},
	{{{-6947, 2005, -5311},0, {-17400, 16551},{0xCC, 0xEE, 0xFF, 0xFF}}},
	{{{-6490, 1685, -4421},0, {-17351, 17192},{0x8E, 0xB1, 0xFF, 0xFF}}},
	{{{-6510, 433, -4385},0, {-16578, 17119},{0xAD, 0xD0, 0xFF, 0xFF}}},
	{{{-6951, 474, -5321},0, {-16585, 16546},{0xCC, 0xEE, 0xFF, 0xFF}}},
	{{{-7334, 2045, -6360},0, {-17422, 15956},{0xCC, 0xEE, 0xFF, 0xFF}}},
	{{{-7339, 496, -6374},0, {-16596, 15948},{0xAD, 0xD0, 0xFF, 0xFF}}},
	{{{-2061, 3991, -2179},0, {1008, 2032},{0xCC, 0xEE, 0xFF, 0xFF}}},
	{{{-1740, 4765, -2182},0, {2032, 2032},{0xCC, 0xEE, 0xFF, 0xFF}}},
	{{{-1876, 4744, -1747},0, {2032, 1008},{0xCC, 0xEE, 0xFF, 0xFF}}},
	{{{-1999, 3863, -1744},0, {1008, 1008},{0xBD, 0xDF, 0xFF, 0xFF}}},
	{{{-1827, 4774, -1307},0, {2032, -16},{0xCC, 0xEE, 0xFF, 0xFF}}},
	{{{-2211, 3843, -1304},0, {1008, -16},{0xAD, 0xD0, 0xFF, 0xFF}}},
	{{{-1942, 2937, -1746},0, {-16, 1008},{0xAD, 0xD0, 0xFF, 0xFF}}},
	{{{-2040, 2907, -1100},0, {-16, -16},{0x8E, 0xB1, 0xFF, 0xFF}}},
	{{{-1923, 2896, -2374},0, {-16, 2032},{0xCC, 0xEE, 0xFF, 0xFF}}},
	{{{-9315, -2154, -11731},0, {1895, 496},{0xCC, 0xEE, 0xFF, 0xFF}}},
	{{{-9006, 565, -11676},0, {1895, 1520},{0xCC, 0xEE, 0xFF, 0xFF}}},
	{{{-9276, 821, -11724},0, {1451, 1776},{0xCE, 0xD9, 0xFF, 0xFF}}},
	{{{-10239, -2154, -11896},0, {1451, 240},{0xCC, 0xEE, 0xFF, 0xFF}}},
	{{{-10233, -172, -11895},0, {1008, 1008},{0xBF, 0xCE, 0xFF, 0xFF}}},
	{{{-11122, 751, -12054},0, {121, 1008},{0xA2, 0xA2, 0xFF, 0xFF}}},
	{{{-9315, 1166, -11731},0, {1008, 2032},{0xD0, 0xC3, 0xFF, 0xFF}}},
	{{{-11091, 1166, -12085},0, {121, 1520},{0xD0, 0xC3, 0xFF, 0xFF}}},
	{{{-11163, 445, -12061},0, {121, 496},{0x74, 0x81, 0xFF, 0xFF}}},
	{{{-11172, -826, -12063},0, {565, 240},{0xA0, 0xB8, 0xFF, 0xFF}}},
	{{{-11163, -2154, -12061},0, {1008, -16},{0xCC, 0xEE, 0xFF, 0xFF}}},
	{{{-4489, 4634, -1752},0, {-16, 2032},{0xCC, 0xEE, 0xFF, 0xFF}}},
	{{{-6586, 4645, -3013},0, {2032, 2032},{0xCC, 0xEE, 0xFF, 0xFF}}},
	{{{-6196, 4433, -3271},0, {2032, 1008},{0xCC, 0xEE, 0xFF, 0xFF}}},
	{{{-4442, 4433, -2216},0, {-16, 1008},{0xCC, 0xEE, 0xFF, 0xFF}}},
	{{{-5870, 4229, -3472},0, {2032, -16},{0xCC, 0xEE, 0xFF, 0xFF}}},
	{{{-4442, 4433, -2216},0, {-16, 1008},{0xCC, 0xEE, 0xFF, 0xFF}}},
	{{{-5870, 4229, -3472},0, {2032, -16},{0xCC, 0xEE, 0xFF, 0xFF}}},
	{{{-4416, 4229, -2598},0, {-16, -16},{0xCC, 0xEE, 0xFF, 0xFF}}},
	{{{-10402, 465, -13231},0, {2032, 2032},{0xCC, 0xEE, 0xFF, 0xFF}}},
	{{{-10447, 1166, -13236},0, {2032, -16},{0xD0, 0xC3, 0xFF, 0xFF}}},
	{{{-8887, 1151, -13061},0, {-16, -16},{0xD0, 0xC3, 0xFF, 0xFF}}},
	{{{-8899, 465, -13063},0, {-16, 2032},{0xCC, 0xEE, 0xFF, 0xFF}}},
	{{{-12040, 5192, -13414},0, {2032, 2032},{0xD9, 0x9F, 0xFF, 0xFF}}},
	{{{-12040, 6556, -13414},0, {2032, -16},{0xD0, 0xE5, 0xFF, 0xFF}}},
	{{{-10447, 6494, -13236},0, {-16, -16},{0xCC, 0xEE, 0xFF, 0xFF}}},
	{{{-10447, 5127, -13236},0, {-16, 2032},{0xCC, 0xEE, 0xFF, 0xFF}}},
	{{{-10447, 5127, -13236},0, {-16, -16},{0xCC, 0xEE, 0xFF, 0xFF}}},
	{{{-8854, 5127, -13058},0, {-16, 2032},{0xCC, 0xEE, 0xFF, 0xFF}}},
	{{{-8854, 2943, -13058},0, {2032, 2032},{0xD0, 0xC3, 0xFF, 0xFF}}},
	{{{-10447, 2943, -13236},0, {2032, -16},{0xD0, 0xC3, 0xFF, 0xFF}}},
	{{{-8854, 5127, -13058},0, {2032, 2032},{0xCC, 0xEE, 0xFF, 0xFF}}},
	{{{-8854, 6481, -13058},0, {2032, -16},{0xCC, 0xEE, 0xFF, 0xFF}}},
	{{{-7261, 6481, -12919},0, {-16, -16},{0xCC, 0xEE, 0xFF, 0xFF}}},
	{{{-7261, 4763, -12919},0, {-16, 2032},{0xCC, 0xEE, 0xFF, 0xFF}}},
	{{{-8887, 1861, -13061},0, {2032, 2032},{0xD0, 0xC3, 0xFF, 0xFF}}},
	{{{-8854, 2943, -13058},0, {2032, -16},{0xD0, 0xC3, 0xFF, 0xFF}}},
	{{{-7261, 3307, -12919},0, {-16, -16},{0xCC, 0xEE, 0xFF, 0xFF}}},
	{{{-7261, 1794, -12919},0, {-16, 2032},{0xB8, 0xBE, 0xFF, 0xFF}}},
	{{{-12088, 445, -12226},0, {1495, 338},{0x74, 0x80, 0xFF, 0xFF}}},
	{{{-11163, 445, -12061},0, {1982, 692},{0x74, 0x81, 0xFF, 0xFF}}},
	{{{-11122, 751, -12054},0, {1796, 1264},{0xA2, 0xA2, 0xFF, 0xFF}}},
	{{{-13012, 1718, -12392},0, {521, 338},{0xA0, 0xB7, 0xFF, 0xFF}}},
	{{{-11899, 1594, -12193},0, {1008, 1008},{0xAA, 0xB1, 0xFF, 0xFF}}},
	{{{-11091, 1166, -12085},0, {1610, 1836},{0xD0, 0xC3, 0xFF, 0xFF}}},
	{{{-11179, 2034, -12101},0, {1008, 1836},{0xD0, 0xC3, 0xFF, 0xFF}}},
	{{{-11163, 2943, -12061},0, {406, 1836},{0xD0, 0xC3, 0xFF, 0xFF}}},
	{{{-11163, 2943, -12061},0, {406, 1836},{0xD0, 0xC3, 0xFF, 0xFF}}},
	{{{-13012, 2992, -12392},0, {34, 692},{0xCC, 0xEE, 0xFF, 0xFF}}},
	{{{-13012, 1718, -12392},0, {521, 338},{0xA0, 0xB7, 0xFF, 0xFF}}},
	{{{-13012, 445, -12392},0, {1008, -16},{0x73, 0x7F, 0xFF, 0xFF}}},
	{{{-12088, 445, -12226},0, {1495, 338},{0x74, 0x80, 0xFF, 0xFF}}},
	{{{-10447, 2943, -13236},0, {406, 1836},{0xD0, 0xC3, 0xFF, 0xFF}}},
	{{{-12040, 1718, -13414},0, {1796, 1264},{0xE0, 0xCB, 0xFE, 0xFE}}},
	{{{-12040, 2992, -13414},0, {1610, 1836},{0xCC, 0xEE, 0xFF, 0xFF}}},
	{{{-10499, 2034, -13206},0, {220, 1264},{0xD0, 0xC3, 0xFF, 0xFF}}},
	{{{-12040, 690, -13414},0, {1982, 692},{0xF3, 0xA7, 0xFD, 0xFD}}},
	{{{-10447, 1166, -13236},0, {34, 692},{0xD0, 0xC3, 0xFF, 0xFF}}},
	{{{-10402, 465, -13231},0, {1008, -16},{0xCC, 0xEE, 0xFF, 0xFF}}},
	{{{-7364, 1823, -12140},0, {1008, 2032},{0xB8, 0xBE, 0xFF, 0xFF}}},
	{{{-7261, 1794, -12919},0, {2032, 2032},{0xB8, 0xBE, 0xFF, 0xFF}}},
	{{{-7261, 3307, -12919},0, {2032, -16},{0xCC, 0xEE, 0xFF, 0xFF}}},
	{{{-7466, 2464, -11401},0, {-16, 1008},{0xC2, 0xD6, 0xFF, 0xFF}}},
	{{{-7261, 3307, -12919},0, {2032, -16},{0xCC, 0xEE, 0xFF, 0xFF}}},
	{{{-7466, 3105, -11401},0, {-16, -16},{0xCC, 0xEE, 0xFF, 0xFF}}},
	{{{-7466, 2464, -11401},0, {-16, 1008},{0xC2, 0xD6, 0xFF, 0xFF}}},
	{{{-7466, 1823, -11401},0, {-16, 2032},{0xB8, 0xBE, 0xFF, 0xFF}}},
	{{{-7364, 1823, -12140},0, {1008, 2032},{0xB8, 0xBE, 0xFF, 0xFF}}},
	{{{-11163, 4867, -12061},0, {-16, -16},{0xCC, 0xEE, 0xFF, 0xFF}}},
	{{{-9315, 4867, -11731},0, {-16, 2032},{0xCC, 0xEE, 0xFF, 0xFF}}},
	{{{-9315, 6481, -11731},0, {2032, 2032},{0xCC, 0xEE, 0xFF, 0xFF}}},
	{{{-11163, 6494, -12061},0, {2032, -16},{0xCC, 0xEE, 0xFF, 0xFF}}},
	{{{-11597, 599, -15022},0, {-19439, -16549},{0x79, 0xFF, 0xAF, 0xFF}}},
	{{{-12040, 3501, -13414},0, {-20698, -18963},{0xE2, 0xC6, 0xFE, 0xFE}}},
	{{{-12040, 690, -13414},0, {-20695, -16547},{0xF3, 0xA7, 0xFD, 0xFD}}},
	{{{-11600, 3169, -14928},0, {-19441, -18702},{0x88, 0xFB, 0xBA, 0xFB}}},
	{{{-10845, 2948, -15912},0, {-18426, -18529},{0xB9, 0xD0, 0xD7, 0xD7}}},
	{{{-10837, 587, -15876},0, {-18423, -16550},{0x79, 0xFF, 0xAF, 0xFF}}},
	{{{-9762, 576, -17021},0, {-17237, -16551},{0x79, 0xFF, 0xAF, 0xFF}}},
	{{{-9762, 576, -17021},0, {-17237, -16551},{0x79, 0xFF, 0xAF, 0xFF}}},
	{{{-9804, 2754, -17007},0, {-17239, -18377},{0xB2, 0xDE, 0xD7, 0xDE}}},
	{{{-10845, 2948, -15912},0, {-18426, -18529},{0xB9, 0xD0, 0xD7, 0xD7}}},
	{{{-8850, 2760, -18011},0, {-16150, -18383},{0x7B, 0xFF, 0xB1, 0xFF}}},
	{{{-8771, 576, -18055},0, {-16148, -16552},{0x7A, 0xFF, 0xB0, 0xFF}}},
	{{{-8188, 478, -18700},0, {-15392, -16552},{0xE6, 0xC7, 0xFF, 0xFF}}},
	{{{-8196, 2772, -18680},0, {-15402, -18393},{0xB0, 0xE3, 0xD7, 0xE3}}},
	{{{-8210, 5100, -18684},0, {-15411, -20234},{0x79, 0xFF, 0xAF, 0xFF}}},
	{{{-8856, 5075, -18004},0, {-16152, -20213},{0x7C, 0xFE, 0xB2, 0xFE}}},
	{{{-9805, 5063, -17006},0, {-17241, -20202},{0xEB, 0xBD, 0xFF, 0xFF}}},
	{{{-10840, 5451, -15918},0, {-18428, -20507},{0xF8, 0xA1, 0xFF, 0xFF}}},
	{{{-11595, 5894, -14916},0, {-19444, -20856},{0x96, 0xF7, 0xC5, 0xF7}}},
	{{{-11600, 3169, -14928},0, {-19441, -18702},{0x88, 0xFB, 0xBA, 0xFB}}},
	{{{-12040, 3501, -13414},0, {-20698, -18963},{0xE2, 0xC6, 0xFE, 0xFE}}},
	{{{-12040, 6556, -13414},0, {-20701, -21378},{0xD0, 0xE5, 0xFF, 0xFF}}},
	{{{-9315, 1900, -11731},0, {1982, 692},{0xD0, 0xC3, 0xFF, 0xFF}}},
	{{{-9315, 1166, -11731},0, {1610, 1836},{0xD0, 0xC3, 0xFF, 0xFF}}},
	{{{-9276, 821, -11724},0, {1008, 1836},{0xCE, 0xD9, 0xFF, 0xFF}}},
	{{{-7466, 1823, -11401},0, {1008, -16},{0xB8, 0xBE, 0xFF, 0xFF}}},
	{{{-7466, 1134, -11401},0, {521, 338},{0xC2, 0xD6, 0xFF, 0xFF}}},
	{{{-7466, 445, -11401},0, {34, 692},{0xCC, 0xEE, 0xFF, 0xFF}}},
	{{{-9006, 565, -11676},0, {406, 1836},{0xCC, 0xEE, 0xFF, 0xFF}}},
	{{{-8887, 1861, -13061},0, {406, 1836},{0xD0, 0xC3, 0xFF, 0xFF}}},
	{{{-7261, 1794, -12919},0, {34, 692},{0xB8, 0xBE, 0xFF, 0xFF}}},
	{{{-7261, 1134, -12879},0, {521, 338},{0xC2, 0xD6, 0xFF, 0xFF}}},
	{{{-8887, 1151, -13061},0, {1610, 1836},{0xD0, 0xC3, 0xFF, 0xFF}}},
	{{{-8899, 465, -13063},0, {1982, 692},{0xCC, 0xEE, 0xFF, 0xFF}}},
	{{{-8062, 481, -13020},0, {1495, 338},{0xCC, 0xEE, 0xFF, 0xFF}}},
	{{{-7261, 445, -12879},0, {1008, -16},{0xCC, 0xEE, 0xFF, 0xFF}}},
	{{{-8854, 2943, -13058},0, {2032, 2032},{0xD0, 0xC3, 0xFF, 0xFF}}},
	{{{-8854, 5127, -13058},0, {2032, -16},{0xCC, 0xEE, 0xFF, 0xFF}}},
	{{{-7261, 4763, -12919},0, {-16, -16},{0xCC, 0xEE, 0xFF, 0xFF}}},
	{{{-7261, 3307, -12919},0, {-16, 2032},{0xCC, 0xEE, 0xFF, 0xFF}}},
	{{{-6417, -963, -10368},0, {-15827, 13626},{0xCC, 0xEE, 0xFF, 0xFF}}},
	{{{-5570, -823, -11101},0, {-15941, 13009},{0xBA, 0xDD, 0xFF, 0xFF}}},
	{{{-6274, -223, -10513},0, {-16244, 13526},{0xAD, 0xD0, 0xFF, 0xFF}}},
	{{{-6295, -1461, -10503},0, {-15564, 13524},{0xCC, 0xEE, 0xFF, 0xFF}}},
	{{{-6659, -1687, -9971},0, {-15434, 13886},{0xCC, 0xEE, 0xFF, 0xFF}}},
	{{{-6672, -1041, -9954},0, {-15778, 13896},{0xCC, 0xEE, 0xFF, 0xFF}}},
	{{{-6274, -223, -10513},0, {-16244, 13526},{0xAD, 0xD0, 0xFF, 0xFF}}},
	{{{-6649, -92, -9964},0, {-16311, 13888},{0xAD, 0xD0, 0xFF, 0xFF}}},
	{{{-6957, -1058, -9276},0, {-15768, 14290},{0xCC, 0xEE, 0xFF, 0xFF}}},
	{{{-6945, -80, -9271},0, {-16317, 14290},{0xAD, 0xD0, 0xFF, 0xFF}}},
	{{{-7275, -59, -8407},0, {-16327, 14786},{0xAD, 0xD0, 0xFF, 0xFF}}},
	{{{-7285, -1046, -8406},0, {-15774, 14789},{0xCC, 0xEE, 0xFF, 0xFF}}},
	{{{-7285, -1046, -8406},0, {-15774, 14789},{0xCC, 0xEE, 0xFF, 0xFF}}},
	{{{-7275, -59, -8407},0, {-16327, 14786},{0xAD, 0xD0, 0xFF, 0xFF}}},
	{{{-7515, 86, -7590},0, {-16403, 15250},{0xAD, 0xD0, 0xFF, 0xFF}}},
	{{{-7514, -957, -7558},0, {-15822, 15274},{0xCC, 0xEE, 0xFF, 0xFF}}},
	{{{-7528, 554, -6985},0, {-16640, 15594},{0xA7, 0xC9, 0xFF, 0xFF}}},
	{{{-7503, -799, -6908},0, {-15906, 15644},{0xAD, 0xD0, 0xFF, 0xFF}}},
	{{{-7499, -1603, -6883},0, {-15478, 15657},{0xAD, 0xD0, 0xFF, 0xFF}}},
	{{{-7527, -1678, -7534},0, {-15438, 15280},{0xCC, 0xEE, 0xFF, 0xFF}}},
	{{{-7288, -1712, -8405},0, {-15419, 14789},{0xCC, 0xEE, 0xFF, 0xFF}}},
	{{{-6957, -1058, -9276},0, {-15768, 14290},{0xCC, 0xEE, 0xFF, 0xFF}}},
	{{{-6952, -1717, -9289},0, {-15417, 14290},{0xCC, 0xEE, 0xFF, 0xFF}}},
	{{{-6672, -1041, -9954},0, {-15778, 13896},{0xCC, 0xEE, 0xFF, 0xFF}}},
	{{{-6659, -1687, -9971},0, {-15434, 13886},{0xCC, 0xEE, 0xFF, 0xFF}}},
	{{{5122, -828, -8841},0, {-15890, 6027},{0xCC, 0xEE, 0xFF, 0xFF}}},
	{{{5094, 450, -8886},0, {-16586, 6057},{0xAD, 0xD0, 0xFF, 0xFF}}},
	{{{4774, 420, -9753},0, {-16571, 6543},{0xAD, 0xD0, 0xFF, 0xFF}}},
	{{{5122, -828, -8841},0, {-15890, 6027},{0xCC, 0xEE, 0xFF, 0xFF}}},
	{{{5235, 2063, -8489},0, {-17428, 5831},{0xB7, 0xDA, 0xFF, 0xFF}}},
	{{{5094, 450, -8886},0, {-16586, 6057},{0xAD, 0xD0, 0xFF, 0xFF}}},
	{{{5300, -531, -8346},0, {-16049, 5746},{0xCC, 0xEE, 0xFF, 0xFF}}},
	{{{5127, -1689, -8826},0, {-15432, 6017},{0xCC, 0xEE, 0xFF, 0xFF}}},
	{{{4776, -1690, -9778},0, {-15431, 6560},{0xCC, 0xEE, 0xFF, 0xFF}}},
	{{{5318, -1662, -8309},0, {-15446, 5724},{0xCC, 0xEE, 0xFF, 0xFF}}},
	{{{-3097, 940, -12501},0, {-17037, 11299},{0x8E, 0xB1, 0xFF, 0xFF}}},
	{{{-3927, 735, -12138},0, {-16751, 11949},{0xAD, 0xD0, 0xFF, 0xFF}}},
	{{{-3932, -823, -12140},0, {-15941, 11968},{0xBA, 0xDD, 0xFF, 0xFF}}},
	{{{-3069, -223, -12542},0, {-16244, 11434},{0xAD, 0xD0, 0xFF, 0xFF}}},
	{{{4368, -842, -10708},0, {-15883, 7111},{0xCC, 0xEE, 0xFF, 0xFF}}},
	{{{4579, 1945, -10284},0, {-17366, 6850},{0xAD, 0xD0, 0xFF, 0xFF}}},
	{{{4352, 420, -10721},0, {-16571, 7128},{0xAD, 0xD0, 0xFF, 0xFF}}},
	{{{4582, -570, -10281},0, {-16028, 6848},{0xCC, 0xEE, 0xFF, 0xFF}}},
	{{{4775, -842, -9780},0, {-15883, 6560},{0xCC, 0xEE, 0xFF, 0xFF}}},
	{{{-3275, -1748, -2497},0, {-15400, 19153},{0xCC, 0xEE, 0xFF, 0xFF}}},
	{{{-4807, -1701, -3234},0, {-15425, 18234},{0xCC, 0xEE, 0xFF, 0xFF}}},
	{{{-4788, -1147, -3223},0, {-15721, 18238},{0xCC, 0xEE, 0xFF, 0xFF}}},
	{{{-5268, -890, -3511},0, {-15857, 17940},{0xAD, 0xD0, 0xFF, 0xFF}}},
	{{{-5282, -1614, -3520},0, {-15472, 17933},{0xAD, 0xD0, 0xFF, 0xFF}}},
	{{{-5203, 259, -3489},0, {-16485, 17976},{0x98, 0xBB, 0xFF, 0xFF}}},
	{{{-4758, -521, -3222},0, {-16060, 18255},{0xAD, 0xD0, 0xFF, 0xFF}}},
	{{{757, -1620, -2477},0, {-15469, 1387},{0xCC, 0xEE, 0xFF, 0xFF}}},
	{{{232, -1640, -2425},0, {-15458, 1090},{0xC7, 0xE2, 0xFF, 0xFF}}},
	{{{149, -436, -2424},0, {-16102, 1054},{0xC2, 0xD6, 0xFF, 0xFF}}},
	{{{708, -275, -2480},0, {-16185, 1369},{0xCC, 0xEE, 0xFF, 0xFF}}},
	{{{-146, 2358, -2410},0, {-17607, 921},{0xB8, 0xD3, 0xFF, 0xFF}}},
	{{{668, 2408, -2475},0, {-17615, 1347},{0xCC, 0xEE, 0xFF, 0xFF}}},
	{{{1526, -292, -2844},0, {-16176, 1864},{0xCC, 0xEE, 0xFF, 0xFF}}},
	{{{1542, 2371, -2854},0, {-17595, 1882},{0xCC, 0xEE, 0xFF, 0xFF}}},
	{{{2270, 2262, -3323},0, {-17538, 2340},{0xB7, 0xDA, 0xFF, 0xFF}}},
	{{{1526, -292, -2844},0, {-16176, 1864},{0xCC, 0xEE, 0xFF, 0xFF}}},
	{{{2270, 2262, -3323},0, {-17538, 2340},{0xB7, 0xDA, 0xFF, 0xFF}}},
	{{{2101, -384, -3209},0, {-16127, 2227},{0xCC, 0xEE, 0xFF, 0xFF}}},
	{{{2682, -741, -3577},0, {-15937, 2593},{0xCC, 0xEE, 0xFF, 0xFF}}},
	{{{2737, 721, -3624},0, {-16738, 2635},{0xAD, 0xD0, 0xFF, 0xFF}}},
	{{{2795, 1585, -3749},0, {-17351, 2720},{0x8E, 0xB1, 0xFF, 0xFF}}},
	{{{2600, 2105, -3633},0, {-17446, 2640},{0x8E, 0xB1, 0xFF, 0xFF}}},
	{{{2830, 2359, -3789},0, {-17541, 2720},{0x8E, 0xB1, 0xFF, 0xFF}}},
	{{{2741, 3677, -3626},0, {-18286, 2633},{0xAD, 0xD0, 0xFF, 0xFF}}},
	{{{3620, 3677, -4183},0, {-18286, 3183},{0xAD, 0xD0, 0xFF, 0xFF}}},
	{{{3511, 2359, -4220},0, {-17541, 3150},{0x8E, 0xB1, 0xFF, 0xFF}}},
	{{{3892, 2261, -4361},0, {-17537, 3361},{0xB7, 0xDA, 0xFF, 0xFF}}},
	{{{3683, 2105, -4319},0, {-17446, 3230},{0x8E, 0xB1, 0xFF, 0xFF}}},
	{{{3531, 1585, -4215},0, {-17351, 3150},{0x8E, 0xB1, 0xFF, 0xFF}}},
	{{{3613, 721, -4179},0, {-16738, 3183},{0xAD, 0xD0, 0xFF, 0xFF}}},
	{{{3642, -741, -4185},0, {-15937, 3199},{0xCC, 0xEE, 0xFF, 0xFF}}},
	{{{3642, -741, -4185},0, {-15937, 3199},{0xCC, 0xEE, 0xFF, 0xFF}}},
	{{{3892, 2261, -4361},0, {-17537, 3361},{0xB7, 0xDA, 0xFF, 0xFF}}},
	{{{4249, 2357, -4737},0, {-17588, 3658},{0xCC, 0xEE, 0xFF, 0xFF}}},
	{{{4245, -299, -4721},0, {-16172, 3646},{0xCC, 0xEE, 0xFF, 0xFF}}},
	{{{4576, 2237, -5391},0, {-17518, 4057},{0xAD, 0xD0, 0xFF, 0xFF}}},
	{{{4493, -444, -5186},0, {-16095, 3935},{0xCC, 0xEE, 0xFF, 0xFF}}},
	{{{4471, -1645, -5130},0, {-15455, 3903},{0xCC, 0xEE, 0xFF, 0xFF}}},
	{{{4243, -1623, -4701},0, {-15467, 3636},{0xCC, 0xEE, 0xFF, 0xFF}}},
	{{{3642, -741, -4185},0, {-15937, 3199},{0xCC, 0xEE, 0xFF, 0xFF}}},
	{{{3658, -1678, -4195},0, {-15438, 3204},{0xCC, 0xEE, 0xFF, 0xFF}}},
	{{{2682, -741, -3577},0, {-15937, 2593},{0xCC, 0xEE, 0xFF, 0xFF}}},
	{{{2660, -1678, -3563},0, {-15438, 2579},{0xCC, 0xEE, 0xFF, 0xFF}}},
	{{{2101, -384, -3209},0, {-16127, 2227},{0xCC, 0xEE, 0xFF, 0xFF}}},
	{{{2048, -1633, -3175},0, {-15461, 2195},{0xCC, 0xEE, 0xFF, 0xFF}}},
	{{{1526, -292, -2844},0, {-16176, 1864},{0xCC, 0xEE, 0xFF, 0xFF}}},
	{{{1491, -1622, -2822},0, {-15468, 1850},{0xCC, 0xEE, 0xFF, 0xFF}}},
	{{{1491, -1622, -2822},0, {-15468, 1850},{0xCC, 0xEE, 0xFF, 0xFF}}},
	{{{708, -275, -2480},0, {-16185, 1369},{0xCC, 0xEE, 0xFF, 0xFF}}},
	{{{1526, -292, -2844},0, {-16176, 1864},{0xCC, 0xEE, 0xFF, 0xFF}}},
	{{{757, -1620, -2477},0, {-15469, 1387},{0xCC, 0xEE, 0xFF, 0xFF}}},
	{{{2682, -741, -3577},0, {-15937, 2593},{0xCC, 0xEE, 0xFF, 0xFF}}},
	{{{3613, 721, -4179},0, {-16738, 3183},{0xAD, 0xD0, 0xFF, 0xFF}}},
	{{{3642, -741, -4185},0, {-15937, 3199},{0xCC, 0xEE, 0xFF, 0xFF}}},
	{{{2737, 721, -3624},0, {-16738, 2635},{0xAD, 0xD0, 0xFF, 0xFF}}},
	{{{2795, 1585, -3749},0, {-17351, 2720},{0x8E, 0xB1, 0xFF, 0xFF}}},
	{{{3531, 1585, -4215},0, {-17351, 3150},{0x8E, 0xB1, 0xFF, 0xFF}}},
	{{{-8854, 5127, -13058},0, {2032, 2032},{0xCC, 0xEE, 0xFF, 0xFF}}},
	{{{-10447, 5127, -13236},0, {2032, -16},{0xCC, 0xEE, 0xFF, 0xFF}}},
	{{{-10447, 6494, -13236},0, {-16, -16},{0xCC, 0xEE, 0xFF, 0xFF}}},
	{{{-8854, 6481, -13058},0, {-16, 2032},{0xCC, 0xEE, 0xFF, 0xFF}}},
	{{{-12040, 2992, -13414},0, {2032, 2032},{0xCC, 0xEE, 0xFF, 0xFF}}},
	{{{-12040, 5192, -13414},0, {2032, -16},{0xD9, 0x9F, 0xFF, 0xFF}}},
	{{{-10447, 5127, -13236},0, {-16, -16},{0xCC, 0xEE, 0xFF, 0xFF}}},
	{{{-10447, 2943, -13236},0, {-16, 2032},{0xD0, 0xC3, 0xFF, 0xFF}}},
	{{{-7466, 3105, -11401},0, {-16, 2032},{0xCC, 0xEE, 0xFF, 0xFF}}},
	{{{-7261, 3307, -12919},0, {2032, 2032},{0xCC, 0xEE, 0xFF, 0xFF}}},
	{{{-7261, 4763, -12919},0, {2032, -16},{0xCC, 0xEE, 0xFF, 0xFF}}},
	{{{-7466, 4120, -11401},0, {-16, 1008},{0xCC, 0xEE, 0xFF, 0xFF}}},
	{{{-7466, 5121, -11401},0, {-16, -16},{0xCC, 0xEE, 0xFF, 0xFF}}},
	{{{-9315, 6481, -11731},0, {2032, -16},{0xCC, 0xEE, 0xFF, 0xFF}}},
	{{{-9315, 4867, -11731},0, {-16, -16},{0xCC, 0xEE, 0xFF, 0xFF}}},
	{{{-7466, 5121, -11401},0, {-16, 2032},{0xCC, 0xEE, 0xFF, 0xFF}}},
	{{{-7466, 5808, -11401},0, {1008, 2032},{0xCC, 0xEE, 0xFF, 0xFF}}},
	{{{-7466, 6481, -11401},0, {2032, 2032},{0xCC, 0xEE, 0xFF, 0xFF}}},
	{{{-9315, 2943, -11731},0, {2032, -16},{0xD0, 0xC3, 0xFF, 0xFF}}},
	{{{-9315, 1900, -11731},0, {-16, -16},{0xD0, 0xC3, 0xFF, 0xFF}}},
	{{{-7466, 1823, -11401},0, {-16, 2032},{0xB8, 0xBE, 0xFF, 0xFF}}},
	{{{-7466, 2464, -11401},0, {1008, 2032},{0xC2, 0xD6, 0xFF, 0xFF}}},
	{{{-7466, 3105, -11401},0, {2032, 2032},{0xCC, 0xEE, 0xFF, 0xFF}}},
	{{{-11163, 2943, -12061},0, {-16, -16},{0xD0, 0xC3, 0xFF, 0xFF}}},
	{{{-9315, 2943, -11731},0, {-16, 2032},{0xD0, 0xC3, 0xFF, 0xFF}}},
	{{{-9315, 4867, -11731},0, {2032, 2032},{0xCC, 0xEE, 0xFF, 0xFF}}},
	{{{-11163, 4867, -12061},0, {2032, -16},{0xCC, 0xEE, 0xFF, 0xFF}}},
	{{{-11163, 2943, -12061},0, {2032, 2032},{0xD0, 0xC3, 0xFF, 0xFF}}},
	{{{-13012, 4930, -12392},0, {-16, -16},{0xCC, 0xEE, 0xFF, 0xFF}}},
	{{{-13012, 2992, -12392},0, {-16, 2032},{0xCC, 0xEE, 0xFF, 0xFF}}},
	{{{-9315, 4867, -11731},0, {2032, -16},{0xCC, 0xEE, 0xFF, 0xFF}}},
	{{{-9315, 2943, -11731},0, {-16, -16},{0xD0, 0xC3, 0xFF, 0xFF}}},
	{{{-7466, 3105, -11401},0, {-16, 2032},{0xCC, 0xEE, 0xFF, 0xFF}}},
	{{{-7466, 5121, -11401},0, {2032, 2032},{0xCC, 0xEE, 0xFF, 0xFF}}},
	{{{-7466, 3105, -11401},0, {-16, 2032},{0xCC, 0xEE, 0xFF, 0xFF}}},
	{{{-7466, 4120, -11401},0, {1008, 2032},{0xCC, 0xEE, 0xFF, 0xFF}}},
	{{{-7466, 5121, -11401},0, {2032, 2032},{0xCC, 0xEE, 0xFF, 0xFF}}},
	{{{10344, 7297, 3916},0, {4240, -1613},{0xCC, 0xEE, 0xFF, 0xFF}}},
	{{{9240, 7033, 2014},0, {4178, 410},{0xCC, 0xEE, 0xFF, 0xFF}}},
	{{{9251, 4536, 1986},0, {6401, 774},{0xCC, 0xEE, 0xFF, 0xFF}}},
	{{{10344, 4634, 3916},0, {6619, -1256},{0xCC, 0xEE, 0xFF, 0xFF}}},
	{{{10919, 4622, 4791},0, {6770, -2191},{0xCC, 0xEE, 0xFF, 0xFF}}},
	{{{10919, 7311, 4791},0, {4365, -2550},{0xCC, 0xEE, 0xFF, 0xFF}}},
	{{{11769, 4573, 6083},0, {7019, -3568},{0xCC, 0xEE, 0xFF, 0xFF}}},
	{{{11769, 7298, 6083},0, {4581, -3931},{0xCC, 0xEE, 0xFF, 0xFF}}},
	{{{13809, 4442, 9186},0, {7629, -6873},{0xCC, 0xEE, 0xFF, 0xFF}}},
	{{{13809, 7266, 9186},0, {5102, -7249},{0xCC, 0xEE, 0xFF, 0xFF}}},
	{{{-13012, -2154, -7584},0, {-4393, 7489},{0xCC, 0xEE, 0xFF, 0xFF}}},
	{{{-13012, -2154, -9345},0, {-4405, 8793},{0xCC, 0xEE, 0xFF, 0xFF}}},
	{{{-13012, 1657, -11029},0, {-1591, 10065},{0xC1, 0xE0, 0xFF, 0xFF}}},
	{{{-13012, -2154, -11106},0, {-4416, 10098},{0xCC, 0xEE, 0xFF, 0xFF}}},
	{{{-13012, 1657, -11029},0, {-1591, 10065},{0xC1, 0xE0, 0xFF, 0xFF}}},
	{{{-13012, -2154, -9345},0, {-4405, 8793},{0xCC, 0xEE, 0xFF, 0xFF}}},
	{{{-13012, -2154, -11749},0, {-4420, 10574},{0xCC, 0xEE, 0xFF, 0xFF}}},
	{{{-13012, -2154, -12392},0, {-4424, 11051},{0xCC, 0xEE, 0xFF, 0xFF}}},
	{{{-13012, -855, -12392},0, {-3461, 11059},{0xA0, 0xB7, 0xFF, 0xFF}}},
	{{{-13012, 445, -12392},0, {-2498, 11067},{0x73, 0x7F, 0xFF, 0xFF}}},
	{{{-13012, 1430, -12392},0, {-1768, 11073},{0xA0, 0xB7, 0xFF, 0xFF}}},
	{{{-13012, 2414, -12392},0, {-1039, 11080},{0xCC, 0xEE, 0xFF, 0xFF}}},
	{{{-13012, 3215, -12392},0, {-445, 11085},{0xCC, 0xEE, 0xFF, 0xFF}}},
	{{{-13012, 4016, -12392},0, {148, 11090},{0xCC, 0xEE, 0xFF, 0xFF}}},
	{{{-13012, 5286, -12392},0, {1089, 11098},{0xCC, 0xEE, 0xFF, 0xFF}}},
	{{{-13012, 6556, -12392},0, {2030, 11106},{0xCC, 0xEE, 0xFF, 0xFF}}},
	{{{-13012, 6423, -9988},0, {1947, 9324},{0xCC, 0xEE, 0xFF, 0xFF}}},
	{{{-13012, 6289, -7584},0, {1863, 7542},{0xCC, 0xEE, 0xFF, 0xFF}}},
	{{{-13012, 2067, -7584},0, {-1265, 7515},{0xCC, 0xEE, 0xFF, 0xFF}}},
	{{{-13012, 2072, -5160},0, {-1247, 5719},{0xCC, 0xEE, 0xFF, 0xFF}}},
	{{{-13012, 2067, -7584},0, {-1265, 7515},{0xCC, 0xEE, 0xFF, 0xFF}}},
	{{{-13012, 6289, -7584},0, {1863, 7542},{0xCC, 0xEE, 0xFF, 0xFF}}},
	{{{-13012, 6298, -5160},0, {1885, 5746},{0xCC, 0xEE, 0xFF, 0xFF}}},
	{{{-13012, 2074, -2819},0, {-1230, 3984},{0xCC, 0xEE, 0xFF, 0xFF}}},
	{{{-13012, 6303, -2819},0, {1903, 4011},{0xCC, 0xEE, 0xFF, 0xFF}}},
	{{{-13012, 2007, -1830},0, {-1273, 3251},{0xCC, 0xEE, 0xFF, 0xFF}}},
	{{{-13012, 6169, -1830},0, {1810, 3277},{0xCC, 0xEE, 0xFF, 0xFF}}},
	{{{-13012, 2023, -1083},0, {-1257, 2698},{0xCC, 0xEE, 0xFF, 0xFF}}},
	{{{-13012, 6200, -1083},0, {1838, 2724},{0xCC, 0xEE, 0xFF, 0xFF}}},
	{{{-13012, 2051, -273},0, {-1232, 2098},{0xCC, 0xEE, 0xFF, 0xFF}}},
	{{{-13012, 6255, -273},0, {1884, 2124},{0xCC, 0xEE, 0xFF, 0xFF}}},
	{{{-13026, 2176, 923},0, {-1131, 1209},{0xCC, 0xEE, 0xFF, 0xFF}}},
	{{{-13028, 6509, 922},0, {2080, 1237},{0xCC, 0xEE, 0xFF, 0xFF}}},
	{{{-13162, 2281, 2064},0, {-1047, 336},{0xCC, 0xEE, 0xFF, 0xFF}}},
	{{{-13173, 6743, 2058},0, {2260, 364},{0xCC, 0xEE, 0xFF, 0xFF}}},
	{{{-13162, 2281, 2064},0, {-1047, 336},{0xCC, 0xEE, 0xFF, 0xFF}}},
	{{{-13173, 6743, 2058},0, {2260, 364},{0xCC, 0xEE, 0xFF, 0xFF}}},
	{{{-13606, 6911, 3023},0, {2392, -446},{0xCC, 0xEE, 0xFF, 0xFF}}},
	{{{-13603, 2322, 3025},0, {-1009, -475},{0xCC, 0xEE, 0xFF, 0xFF}}},
	{{{-14168, 7050, 3912},0, {2502, -1228},{0xCC, 0xEE, 0xFF, 0xFF}}},
	{{{-14168, 2336, 3912},0, {-991, -1258},{0xCC, 0xEE, 0xFF, 0xFF}}},
	{{{-15500, 2317, 5938},0, {-993, -3077},{0xCC, 0xEE, 0xFF, 0xFF}}},
	{{{-15516, 7267, 5963},0, {2678, -3046},{0xCC, 0xEE, 0xFF, 0xFF}}},
	{{{-17635, 2115, 9186},0, {-1115, -5936},{0xCC, 0xEE, 0xFF, 0xFF}}},
	{{{-17635, 7281, 9186},0, {2713, -5904},{0xCC, 0xEE, 0xFF, 0xFF}}},
	{{{-17576, -2758, 9186},0, {-4943, -5969},{0xCC, 0xEE, 0xFF, 0xFF}}},
	{{{-15319, -2331, 5740},0, {-4663, -3108},{0xCC, 0xEE, 0xFF, 0xFF}}},
	{{{-14121, -2111, 3912},0, {-4485, -1288},{0xCC, 0xEE, 0xFF, 0xFF}}},
	{{{-13547, -2006, 3032},0, {-4411, -504},{0xCC, 0xEE, 0xFF, 0xFF}}},
	{{{-13015, -1920, 2127},0, {-4355, 308},{0xCC, 0xEE, 0xFF, 0xFF}}},
	{{{-13026, 2176, 923},0, {-1131, 1209},{0xCC, 0xEE, 0xFF, 0xFF}}},
	{{{-13015, -1920, 2127},0, {-4355, 308},{0xCC, 0xEE, 0xFF, 0xFF}}},
	{{{-12971, -1973, 924},0, {-4342, 1182},{0xCC, 0xEE, 0xFF, 0xFF}}},
	{{{-13026, 2176, 923},0, {-1131, 1209},{0xCC, 0xEE, 0xFF, 0xFF}}},
	{{{-13012, 2051, -273},0, {-1232, 2098},{0xCC, 0xEE, 0xFF, 0xFF}}},
	{{{-12970, -1979, -281},0, {-4347, 2071},{0xCC, 0xEE, 0xFF, 0xFF}}},
	{{{-13012, 2023, -1083},0, {-1257, 2698},{0xCC, 0xEE, 0xFF, 0xFF}}},
	{{{-12974, -1980, -1090},0, {-4352, 2671},{0xCC, 0xEE, 0xFF, 0xFF}}},
	{{{-13012, 2007, -1830},0, {-1273, 3251},{0xCC, 0xEE, 0xFF, 0xFF}}},
	{{{-12978, -1981, -1858},0, {-4357, 3225},{0xCC, 0xEE, 0xFF, 0xFF}}},
	{{{-13012, -2154, -2736},0, {-4363, 3957},{0xCC, 0xEE, 0xFF, 0xFF}}},
	{{{-13012, 2074, -2819},0, {-1230, 3984},{0xCC, 0xEE, 0xFF, 0xFF}}},
	{{{-13012, 2072, -5160},0, {-1247, 5719},{0xCC, 0xEE, 0xFF, 0xFF}}},
	{{{-13012, -2154, -5160},0, {-4378, 5692},{0xCC, 0xEE, 0xFF, 0xFF}}},
	{{{-13012, 2067, -7584},0, {-1265, 7515},{0xCC, 0xEE, 0xFF, 0xFF}}},
	{{{-13012, -2154, -7584},0, {-4393, 7489},{0xCC, 0xEE, 0xFF, 0xFF}}},
	{{{-13012, 1657, -11029},0, {-1591, 10065},{0xC1, 0xE0, 0xFF, 0xFF}}},
	{{{4710, 4099, -5712},0, {-18512, 4248},{0xAD, 0xD0, 0xFF, 0xFF}}},
	{{{5071, 4099, -6626},0, {-18512, 4754},{0xAD, 0xD0, 0xFF, 0xFF}}},
	{{{5011, 3453, -6641},0, {-18124, 4704},{0x8E, 0xB1, 0xFF, 0xFF}}},
	{{{5060, 3071, -6744},0, {-18028, 4780},{0x8E, 0xB1, 0xFF, 0xFF}}},
	{{{5193, 2197, -6957},0, {-17497, 4950},{0xAD, 0xD0, 0xFF, 0xFF}}},
	{{{5025, 2828, -6628},0, {-17933, 4704},{0x8E, 0xB1, 0xFF, 0xFF}}},
	{{{5051, 2159, -6601},0, {-17478, 4738},{0x8E, 0xB1, 0xFF, 0xFF}}},
	{{{4937, 1368, -6559},0, {-17008, 4704},{0x8E, 0xB1, 0xFF, 0xFF}}},
	{{{5022, 1336, -6750},0, {-16901, 4780},{0x8E, 0xB1, 0xFF, 0xFF}}},
	{{{5057, 276, -6614},0, {-16478, 4754},{0xAD, 0xD0, 0xFF, 0xFF}}},
	{{{4961, 807, -6558},0, {-16795, 4704},{0x8E, 0xB1, 0xFF, 0xFF}}},
	{{{4675, 807, -5837},0, {-16795, 4298},{0x8E, 0xB1, 0xFF, 0xFF}}},
	{{{4708, 298, -5731},0, {-16490, 4249},{0xAD, 0xD0, 0xFF, 0xFF}}},
	{{{4589, 1336, -5654},0, {-16901, 4222},{0x8E, 0xB1, 0xFF, 0xFF}}},
	{{{4576, 2237, -5391},0, {-17518, 4057},{0xAD, 0xD0, 0xFF, 0xFF}}},
	{{{4658, 1368, -5852},0, {-17008, 4298},{0x8E, 0xB1, 0xFF, 0xFF}}},
	{{{4658, 1368, -5852},0, {-17008, 4298},{0x8E, 0xB1, 0xFF, 0xFF}}},
	{{{4576, 2237, -5391},0, {-17518, 4057},{0xAD, 0xD0, 0xFF, 0xFF}}},
	{{{4711, 2159, -5743},0, {-17478, 4265},{0x8E, 0xB1, 0xFF, 0xFF}}},
	{{{4674, 2828, -5741},0, {-17933, 4298},{0x8E, 0xB1, 0xFF, 0xFF}}},
	{{{4621, 3071, -5632},0, {-18028, 4222},{0x8E, 0xB1, 0xFF, 0xFF}}},
	{{{4656, 3453, -5742},0, {-18124, 4298},{0x8E, 0xB1, 0xFF, 0xFF}}},
	{{{4710, 4099, -5712},0, {-18512, 4248},{0xAD, 0xD0, 0xFF, 0xFF}}},
	{{{5011, 3453, -6641},0, {-18124, 4704},{0x8E, 0xB1, 0xFF, 0xFF}}},
	{{{5051, 2159, -6601},0, {-17478, 4738},{0x8E, 0xB1, 0xFF, 0xFF}}},
	{{{4937, 1368, -6559},0, {-17008, 4704},{0x8E, 0xB1, 0xFF, 0xFF}}},
	{{{5025, 2828, -6628},0, {-17933, 4704},{0x8E, 0xB1, 0xFF, 0xFF}}},
};

Gfx ccm_dl_level_008_mesh_layer_1_tri_0[] = {
	gsSPVertex(ccm_dl_level_008_mesh_layer_1_vtx_0 + 0, 16, 0),
	gsSP1Triangle(0, 1, 2, 0),
	gsSP1Triangle(0, 3, 1, 0),
	gsSP1Triangle(4, 3, 0, 0),
	gsSP1Triangle(4, 5, 3, 0),
	gsSP1Triangle(6, 5, 4, 0),
	gsSP1Triangle(6, 7, 5, 0),
	gsSP1Triangle(7, 6, 8, 0),
	gsSP1Triangle(7, 8, 9, 0),
	gsSP1Triangle(9, 8, 10, 0),
	gsSP1Triangle(9, 10, 11, 0),
	gsSP1Triangle(12, 11, 10, 0),
	gsSP1Triangle(12, 13, 11, 0),
	gsSP1Triangle(14, 13, 12, 0),
	gsSP1Triangle(15, 14, 12, 0),
	gsSPVertex(ccm_dl_level_008_mesh_layer_1_vtx_0 + 16, 16, 0),
	gsSP1Triangle(0, 1, 2, 0),
	gsSP1Triangle(3, 2, 1, 0),
	gsSP1Triangle(3, 4, 2, 0),
	gsSP1Triangle(4, 3, 5, 0),
	gsSP1Triangle(4, 5, 6, 0),
	gsSP1Triangle(6, 5, 7, 0),
	gsSP1Triangle(6, 7, 8, 0),
	gsSP1Triangle(9, 8, 7, 0),
	gsSP1Triangle(9, 10, 8, 0),
	gsSP1Triangle(11, 10, 9, 0),
	gsSP1Triangle(11, 12, 10, 0),
	gsSP1Triangle(13, 12, 11, 0),
	gsSP1Triangle(13, 11, 14, 0),
	gsSP1Triangle(15, 12, 13, 0),
	gsSP1Triangle(10, 12, 15, 0),
	gsSPVertex(ccm_dl_level_008_mesh_layer_1_vtx_0 + 32, 14, 0),
	gsSP1Triangle(0, 1, 2, 0),
	gsSP1Triangle(3, 0, 2, 0),
	gsSP1Triangle(3, 2, 4, 0),
	gsSP1Triangle(5, 3, 4, 0),
	gsSP1Triangle(5, 6, 3, 0),
	gsSP1Triangle(7, 6, 5, 0),
	gsSP1Triangle(7, 8, 6, 0),
	gsSP1Triangle(9, 8, 7, 0),
	gsSP1Triangle(9, 7, 10, 0),
	gsSP1Triangle(9, 10, 11, 0),
	gsSP1Triangle(1, 12, 13, 0),
	gsSPVertex(ccm_dl_level_008_mesh_layer_1_vtx_0 + 46, 14, 0),
	gsSP1Triangle(0, 1, 2, 0),
	gsSP1Triangle(0, 3, 1, 0),
	gsSP1Triangle(3, 4, 1, 0),
	gsSP1Triangle(3, 5, 4, 0),
	gsSP1Triangle(5, 6, 4, 0),
	gsSP1Triangle(5, 7, 6, 0),
	gsSP1Triangle(6, 7, 8, 0),
	gsSP1Triangle(6, 8, 9, 0),
	gsSP1Triangle(9, 8, 10, 0),
	gsSP1Triangle(9, 10, 11, 0),
	gsSP1Triangle(10, 12, 11, 0),
	gsSP1Triangle(10, 13, 12, 0),
	gsSPVertex(ccm_dl_level_008_mesh_layer_1_vtx_0 + 60, 16, 0),
	gsSP1Triangle(0, 1, 2, 0),
	gsSP1Triangle(0, 2, 3, 0),
	gsSP1Triangle(4, 5, 6, 0),
	gsSP1Triangle(4, 6, 7, 0),
	gsSP1Triangle(7, 6, 8, 0),
	gsSP1Triangle(7, 8, 9, 0),
	gsSP1Triangle(9, 8, 10, 0),
	gsSP1Triangle(11, 10, 8, 0),
	gsSP1Triangle(11, 8, 12, 0),
	gsSP1Triangle(13, 11, 12, 0),
	gsSP1Triangle(14, 13, 12, 0),
	gsSP1Triangle(14, 15, 13, 0),
	gsSPVertex(ccm_dl_level_008_mesh_layer_1_vtx_0 + 76, 16, 0),
	gsSP1Triangle(0, 1, 2, 0),
	gsSP1Triangle(0, 2, 3, 0),
	gsSP1Triangle(0, 3, 4, 0),
	gsSP1Triangle(3, 5, 4, 0),
	gsSP1Triangle(3, 6, 5, 0),
	gsSP1Triangle(4, 5, 7, 0),
	gsSP1Triangle(7, 5, 8, 0),
	gsSP1Triangle(7, 8, 9, 0),
	gsSP1Triangle(10, 9, 8, 0),
	gsSP1Triangle(10, 8, 11, 0),
	gsSP1Triangle(12, 11, 8, 0),
	gsSP1Triangle(12, 8, 13, 0),
	gsSP1Triangle(14, 13, 8, 0),
	gsSP1Triangle(14, 8, 15, 0),
	gsSPVertex(ccm_dl_level_008_mesh_layer_1_vtx_0 + 92, 16, 0),
	gsSP1Triangle(0, 1, 2, 0),
	gsSP1Triangle(3, 2, 1, 0),
	gsSP1Triangle(3, 1, 4, 0),
	gsSP1Triangle(3, 4, 5, 0),
	gsSP1Triangle(3, 5, 6, 0),
	gsSP1Triangle(6, 5, 7, 0),
	gsSP1Triangle(6, 7, 8, 0),
	gsSP1Triangle(8, 7, 9, 0),
	gsSP1Triangle(7, 10, 9, 0),
	gsSP1Triangle(9, 10, 11, 0),
	gsSP1Triangle(12, 11, 10, 0),
	gsSP1Triangle(12, 10, 13, 0),
	gsSP1Triangle(13, 14, 12, 0),
	gsSP1Triangle(13, 15, 14, 0),
	gsSPVertex(ccm_dl_level_008_mesh_layer_1_vtx_0 + 108, 16, 0),
	gsSP1Triangle(0, 1, 2, 0),
	gsSP1Triangle(3, 1, 0, 0),
	gsSP1Triangle(3, 0, 4, 0),
	gsSP1Triangle(5, 1, 3, 0),
	gsSP1Triangle(5, 3, 6, 0),
	gsSP1Triangle(6, 7, 5, 0),
	gsSP1Triangle(8, 7, 6, 0),
	gsSP1Triangle(8, 9, 7, 0),
	gsSP1Triangle(10, 9, 8, 0),
	gsSP1Triangle(10, 11, 9, 0),
	gsSP1Triangle(12, 11, 10, 0),
	gsSP1Triangle(12, 13, 11, 0),
	gsSP1Triangle(14, 13, 12, 0),
	gsSP1Triangle(14, 12, 15, 0),
	gsSPVertex(ccm_dl_level_008_mesh_layer_1_vtx_0 + 124, 16, 0),
	gsSP1Triangle(0, 1, 2, 0),
	gsSP1Triangle(0, 3, 1, 0),
	gsSP1Triangle(4, 1, 3, 0),
	gsSP1Triangle(4, 5, 1, 0),
	gsSP1Triangle(6, 5, 4, 0),
	gsSP1Triangle(6, 4, 7, 0),
	gsSP1Triangle(8, 6, 7, 0),
	gsSP1Triangle(8, 9, 6, 0),
	gsSP1Triangle(10, 9, 8, 0),
	gsSP1Triangle(10, 11, 9, 0),
	gsSP1Triangle(12, 11, 10, 0),
	gsSP1Triangle(12, 13, 11, 0),
	gsSP1Triangle(12, 14, 13, 0),
	gsSP1Triangle(13, 14, 15, 0),
	gsSPVertex(ccm_dl_level_008_mesh_layer_1_vtx_0 + 140, 16, 0),
	gsSP1Triangle(0, 1, 2, 0),
	gsSP1Triangle(3, 2, 1, 0),
	gsSP1Triangle(3, 4, 2, 0),
	gsSP1Triangle(5, 4, 3, 0),
	gsSP1Triangle(5, 3, 6, 0),
	gsSP1Triangle(7, 4, 5, 0),
	gsSP1Triangle(7, 8, 4, 0),
	gsSP1Triangle(9, 8, 7, 0),
	gsSP1Triangle(9, 10, 8, 0),
	gsSP1Triangle(11, 10, 9, 0),
	gsSP1Triangle(11, 9, 12, 0),
	gsSP1Triangle(13, 11, 12, 0),
	gsSP1Triangle(13, 12, 14, 0),
	gsSP1Triangle(15, 13, 14, 0),
	gsSPVertex(ccm_dl_level_008_mesh_layer_1_vtx_0 + 156, 16, 0),
	gsSP1Triangle(0, 1, 2, 0),
	gsSP1Triangle(2, 3, 0, 0),
	gsSP1Triangle(2, 4, 3, 0),
	gsSP1Triangle(4, 5, 3, 0),
	gsSP1Triangle(4, 6, 5, 0),
	gsSP1Triangle(7, 5, 6, 0),
	gsSP1Triangle(7, 8, 5, 0),
	gsSP1Triangle(7, 9, 8, 0),
	gsSP1Triangle(7, 10, 9, 0),
	gsSP1Triangle(10, 11, 9, 0),
	gsSP1Triangle(10, 12, 11, 0),
	gsSP1Triangle(9, 11, 13, 0),
	gsSP1Triangle(9, 13, 14, 0),
	gsSP1Triangle(13, 15, 14, 0),
	gsSPVertex(ccm_dl_level_008_mesh_layer_1_vtx_0 + 172, 16, 0),
	gsSP1Triangle(0, 1, 2, 0),
	gsSP1Triangle(0, 3, 1, 0),
	gsSP1Triangle(0, 4, 3, 0),
	gsSP1Triangle(5, 3, 4, 0),
	gsSP1Triangle(5, 6, 3, 0),
	gsSP1Triangle(6, 5, 7, 0),
	gsSP1Triangle(6, 7, 8, 0),
	gsSP1Triangle(8, 9, 6, 0),
	gsSP1Triangle(8, 10, 9, 0),
	gsSP1Triangle(8, 11, 10, 0),
	gsSP1Triangle(12, 11, 8, 0),
	gsSP1Triangle(12, 13, 11, 0),
	gsSP1Triangle(14, 13, 12, 0),
	gsSP1Triangle(14, 15, 13, 0),
	gsSPVertex(ccm_dl_level_008_mesh_layer_1_vtx_0 + 188, 16, 0),
	gsSP1Triangle(0, 1, 2, 0),
	gsSP1Triangle(0, 3, 1, 0),
	gsSP1Triangle(4, 1, 3, 0),
	gsSP1Triangle(4, 5, 1, 0),
	gsSP1Triangle(6, 5, 4, 0),
	gsSP1Triangle(6, 7, 5, 0),
	gsSP1Triangle(6, 8, 7, 0),
	gsSP1Triangle(6, 9, 8, 0),
	gsSP1Triangle(9, 10, 8, 0),
	gsSP1Triangle(9, 11, 10, 0),
	gsSP1Triangle(12, 10, 11, 0),
	gsSP1Triangle(12, 13, 10, 0),
	gsSP1Triangle(12, 14, 13, 0),
	gsSP1Triangle(12, 15, 14, 0),
	gsSPVertex(ccm_dl_level_008_mesh_layer_1_vtx_0 + 204, 16, 0),
	gsSP1Triangle(0, 1, 2, 0),
	gsSP1Triangle(0, 3, 1, 0),
	gsSP1Triangle(2, 1, 4, 0),
	gsSP1Triangle(2, 4, 5, 0),
	gsSP1Triangle(4, 6, 5, 0),
	gsSP1Triangle(4, 7, 6, 0),
	gsSP1Triangle(8, 6, 7, 0),
	gsSP1Triangle(8, 9, 6, 0),
	gsSP1Triangle(10, 6, 9, 0),
	gsSP1Triangle(10, 11, 6, 0),
	gsSP1Triangle(12, 6, 11, 0),
	gsSP1Triangle(12, 13, 6, 0),
	gsSP1Triangle(14, 6, 13, 0),
	gsSP1Triangle(14, 15, 6, 0),
	gsSPVertex(ccm_dl_level_008_mesh_layer_1_vtx_0 + 220, 16, 0),
	gsSP1Triangle(0, 1, 2, 0),
	gsSP1Triangle(0, 3, 1, 0),
	gsSP1Triangle(4, 1, 3, 0),
	gsSP1Triangle(4, 5, 1, 0),
	gsSP1Triangle(4, 6, 5, 0),
	gsSP1Triangle(4, 7, 6, 0),
	gsSP1Triangle(7, 8, 6, 0),
	gsSP1Triangle(7, 9, 8, 0),
	gsSP1Triangle(10, 8, 9, 0),
	gsSP1Triangle(10, 11, 8, 0),
	gsSP1Triangle(12, 11, 10, 0),
	gsSP1Triangle(12, 10, 13, 0),
	gsSP1Triangle(13, 14, 12, 0),
	gsSP1Triangle(13, 15, 14, 0),
	gsSPVertex(ccm_dl_level_008_mesh_layer_1_vtx_0 + 236, 16, 0),
	gsSP1Triangle(0, 1, 2, 0),
	gsSP1Triangle(0, 3, 1, 0),
	gsSP1Triangle(0, 4, 3, 0),
	gsSP1Triangle(0, 5, 4, 0),
	gsSP1Triangle(6, 4, 5, 0),
	gsSP1Triangle(6, 7, 4, 0),
	gsSP1Triangle(6, 8, 7, 0),
	gsSP1Triangle(6, 9, 8, 0),
	gsSP1Triangle(9, 10, 8, 0),
	gsSP1Triangle(9, 11, 10, 0),
	gsSP1Triangle(12, 10, 11, 0),
	gsSP1Triangle(12, 13, 10, 0),
	gsSP1Triangle(12, 14, 13, 0),
	gsSP1Triangle(12, 15, 14, 0),
	gsSPVertex(ccm_dl_level_008_mesh_layer_1_vtx_0 + 252, 16, 0),
	gsSP1Triangle(0, 1, 2, 0),
	gsSP1Triangle(0, 3, 1, 0),
	gsSP1Triangle(0, 4, 3, 0),
	gsSP1Triangle(0, 5, 4, 0),
	gsSP1Triangle(5, 6, 4, 0),
	gsSP1Triangle(5, 7, 6, 0),
	gsSP1Triangle(8, 6, 7, 0),
	gsSP1Triangle(8, 9, 6, 0),
	gsSP1Triangle(10, 4, 6, 0),
	gsSP1Triangle(3, 4, 10, 0),
	gsSP1Triangle(3, 10, 11, 0),
	gsSP1Triangle(11, 1, 3, 0),
	gsSP1Triangle(11, 12, 1, 0),
	gsSP1Triangle(13, 1, 12, 0),
	gsSP1Triangle(13, 14, 1, 0),
	gsSP1Triangle(15, 14, 13, 0),
	gsSPVertex(ccm_dl_level_008_mesh_layer_1_vtx_0 + 268, 16, 0),
	gsSP1Triangle(0, 1, 2, 0),
	gsSP1Triangle(2, 3, 0, 0),
	gsSP1Triangle(2, 4, 3, 0),
	gsSP1Triangle(5, 3, 4, 0),
	gsSP1Triangle(6, 0, 3, 0),
	gsSP1Triangle(7, 0, 6, 0),
	gsSP1Triangle(8, 7, 6, 0),
	gsSP1Triangle(9, 8, 6, 0),
	gsSP1Triangle(9, 6, 10, 0),
	gsSP1Triangle(11, 9, 10, 0),
	gsSP1Triangle(11, 10, 12, 0),
	gsSP1Triangle(13, 11, 12, 0),
	gsSP1Triangle(13, 12, 14, 0),
	gsSP1Triangle(13, 14, 15, 0),
	gsSPVertex(ccm_dl_level_008_mesh_layer_1_vtx_0 + 284, 16, 0),
	gsSP1Triangle(0, 1, 2, 0),
	gsSP1Triangle(0, 3, 1, 0),
	gsSP1Triangle(4, 3, 0, 0),
	gsSP1Triangle(4, 5, 3, 0),
	gsSP1Triangle(4, 6, 5, 0),
	gsSP1Triangle(4, 7, 6, 0),
	gsSP1Triangle(3, 5, 8, 0),
	gsSP1Triangle(8, 5, 9, 0),
	gsSP1Triangle(8, 9, 10, 0),
	gsSP1Triangle(11, 10, 9, 0),
	gsSP1Triangle(11, 9, 12, 0),
	gsSP1Triangle(7, 12, 9, 0),
	gsSP1Triangle(3, 8, 13, 0),
	gsSP1Triangle(1, 3, 13, 0),
	gsSP1Triangle(1, 13, 14, 0),
	gsSP1Triangle(1, 14, 15, 0),
	gsSPVertex(ccm_dl_level_008_mesh_layer_1_vtx_0 + 300, 16, 0),
	gsSP1Triangle(0, 1, 2, 0),
	gsSP1Triangle(0, 2, 3, 0),
	gsSP1Triangle(2, 4, 3, 0),
	gsSP1Triangle(5, 4, 2, 0),
	gsSP1Triangle(5, 6, 4, 0),
	gsSP1Triangle(7, 4, 6, 0),
	gsSP1Triangle(7, 8, 4, 0),
	gsSP1Triangle(7, 9, 8, 0),
	gsSP1Triangle(7, 10, 9, 0),
	gsSP1Triangle(10, 11, 9, 0),
	gsSP1Triangle(10, 12, 11, 0),
	gsSP1Triangle(12, 13, 11, 0),
	gsSP1Triangle(12, 14, 13, 0),
	gsSP1Triangle(14, 15, 13, 0),
	gsSPVertex(ccm_dl_level_008_mesh_layer_1_vtx_0 + 316, 16, 0),
	gsSP1Triangle(0, 1, 2, 0),
	gsSP1Triangle(1, 3, 2, 0),
	gsSP1Triangle(1, 4, 3, 0),
	gsSP1Triangle(4, 5, 3, 0),
	gsSP1Triangle(4, 6, 5, 0),
	gsSP1Triangle(6, 7, 5, 0),
	gsSP1Triangle(6, 8, 7, 0),
	gsSP1Triangle(8, 9, 7, 0),
	gsSP1Triangle(8, 10, 9, 0),
	gsSP1Triangle(11, 9, 10, 0),
	gsSP1Triangle(11, 12, 9, 0),
	gsSP1Triangle(13, 12, 11, 0),
	gsSP1Triangle(13, 14, 12, 0),
	gsSP1Triangle(14, 15, 12, 0),
	gsSPVertex(ccm_dl_level_008_mesh_layer_1_vtx_0 + 332, 16, 0),
	gsSP1Triangle(0, 1, 2, 0),
	gsSP1Triangle(1, 3, 2, 0),
	gsSP1Triangle(1, 4, 3, 0),
	gsSP1Triangle(4, 5, 3, 0),
	gsSP1Triangle(4, 6, 5, 0),
	gsSP1Triangle(6, 7, 5, 0),
	gsSP1Triangle(6, 8, 7, 0),
	gsSP1Triangle(8, 9, 7, 0),
	gsSP1Triangle(8, 10, 9, 0),
	gsSP1Triangle(7, 9, 11, 0),
	gsSP1Triangle(7, 11, 12, 0),
	gsSP1Triangle(11, 13, 12, 0),
	gsSP1Triangle(11, 14, 13, 0),
	gsSP1Triangle(14, 15, 13, 0),
	gsSPVertex(ccm_dl_level_008_mesh_layer_1_vtx_0 + 348, 16, 0),
	gsSP1Triangle(0, 1, 2, 0),
	gsSP1Triangle(1, 3, 2, 0),
	gsSP1Triangle(1, 4, 3, 0),
	gsSP1Triangle(4, 5, 3, 0),
	gsSP1Triangle(4, 6, 5, 0),
	gsSP1Triangle(6, 7, 5, 0),
	gsSP1Triangle(6, 8, 7, 0),
	gsSP1Triangle(8, 9, 7, 0),
	gsSP1Triangle(8, 10, 9, 0),
	gsSP1Triangle(10, 11, 9, 0),
	gsSP1Triangle(10, 12, 11, 0),
	gsSP1Triangle(12, 13, 11, 0),
	gsSP1Triangle(12, 14, 13, 0),
	gsSP1Triangle(15, 13, 14, 0),
	gsSPVertex(ccm_dl_level_008_mesh_layer_1_vtx_0 + 364, 16, 0),
	gsSP1Triangle(0, 1, 2, 0),
	gsSP1Triangle(3, 1, 0, 0),
	gsSP1Triangle(3, 0, 4, 0),
	gsSP1Triangle(5, 3, 4, 0),
	gsSP1Triangle(5, 6, 3, 0),
	gsSP1Triangle(7, 6, 5, 0),
	gsSP1Triangle(7, 8, 6, 0),
	gsSP1Triangle(9, 8, 7, 0),
	gsSP1Triangle(9, 10, 8, 0),
	gsSP1Triangle(8, 10, 11, 0),
	gsSP1Triangle(8, 11, 12, 0),
	gsSP1Triangle(11, 13, 12, 0),
	gsSP1Triangle(11, 14, 13, 0),
	gsSP1Triangle(12, 13, 15, 0),
	gsSPVertex(ccm_dl_level_008_mesh_layer_1_vtx_0 + 380, 16, 0),
	gsSP1Triangle(0, 1, 2, 0),
	gsSP1Triangle(2, 1, 3, 0),
	gsSP1Triangle(2, 3, 4, 0),
	gsSP1Triangle(3, 5, 4, 0),
	gsSP1Triangle(3, 6, 5, 0),
	gsSP1Triangle(7, 5, 6, 0),
	gsSP1Triangle(7, 6, 8, 0),
	gsSP1Triangle(7, 8, 9, 0),
	gsSP1Triangle(8, 10, 9, 0),
	gsSP1Triangle(8, 11, 10, 0),
	gsSP1Triangle(12, 11, 8, 0),
	gsSP1Triangle(12, 13, 11, 0),
	gsSP1Triangle(9, 10, 14, 0),
	gsSP1Triangle(9, 14, 15, 0),
	gsSPVertex(ccm_dl_level_008_mesh_layer_1_vtx_0 + 396, 16, 0),
	gsSP1Triangle(0, 1, 2, 0),
	gsSP1Triangle(0, 2, 3, 0),
	gsSP1Triangle(3, 2, 4, 0),
	gsSP1Triangle(3, 4, 5, 0),
	gsSP1Triangle(6, 5, 4, 0),
	gsSP1Triangle(6, 7, 5, 0),
	gsSP1Triangle(8, 7, 6, 0),
	gsSP1Triangle(8, 9, 7, 0),
	gsSP1Triangle(8, 10, 9, 0),
	gsSP1Triangle(8, 11, 10, 0),
	gsSP1Triangle(9, 12, 7, 0),
	gsSP1Triangle(9, 13, 12, 0),
	gsSP1Triangle(9, 14, 13, 0),
	gsSP1Triangle(9, 15, 14, 0),
	gsSPVertex(ccm_dl_level_008_mesh_layer_1_vtx_0 + 412, 16, 0),
	gsSP1Triangle(0, 1, 2, 0),
	gsSP1Triangle(3, 0, 2, 0),
	gsSP1Triangle(3, 2, 4, 0),
	gsSP1Triangle(5, 0, 3, 0),
	gsSP1Triangle(5, 6, 0, 0),
	gsSP1Triangle(6, 5, 7, 0),
	gsSP1Triangle(6, 7, 8, 0),
	gsSP1Triangle(8, 7, 9, 0),
	gsSP1Triangle(8, 9, 10, 0),
	gsSP1Triangle(10, 9, 11, 0),
	gsSP1Triangle(10, 11, 12, 0),
	gsSP1Triangle(12, 11, 13, 0),
	gsSP1Triangle(12, 13, 14, 0),
	gsSP1Triangle(14, 13, 15, 0),
	gsSPVertex(ccm_dl_level_008_mesh_layer_1_vtx_0 + 428, 16, 0),
	gsSP1Triangle(0, 1, 2, 0),
	gsSP1Triangle(2, 1, 3, 0),
	gsSP1Triangle(2, 3, 4, 0),
	gsSP1Triangle(4, 3, 5, 0),
	gsSP1Triangle(4, 5, 6, 0),
	gsSP1Triangle(6, 5, 7, 0),
	gsSP1Triangle(6, 7, 8, 0),
	gsSP1Triangle(7, 9, 8, 0),
	gsSP1Triangle(7, 10, 9, 0),
	gsSP1Triangle(9, 10, 11, 0),
	gsSP1Triangle(9, 11, 12, 0),
	gsSP1Triangle(12, 11, 13, 0),
	gsSP1Triangle(12, 13, 14, 0),
	gsSP1Triangle(13, 15, 14, 0),
	gsSPVertex(ccm_dl_level_008_mesh_layer_1_vtx_0 + 444, 16, 0),
	gsSP1Triangle(0, 1, 2, 0),
	gsSP1Triangle(2, 1, 3, 0),
	gsSP1Triangle(2, 3, 4, 0),
	gsSP1Triangle(4, 3, 5, 0),
	gsSP1Triangle(5, 6, 4, 0),
	gsSP1Triangle(5, 7, 6, 0),
	gsSP1Triangle(8, 7, 5, 0),
	gsSP1Triangle(8, 9, 7, 0),
	gsSP1Triangle(10, 7, 9, 0),
	gsSP1Triangle(10, 11, 7, 0),
	gsSP1Triangle(12, 7, 11, 0),
	gsSP1Triangle(12, 13, 7, 0),
	gsSP1Triangle(14, 6, 7, 0),
	gsSP1Triangle(14, 15, 6, 0),
	gsSPVertex(ccm_dl_level_008_mesh_layer_1_vtx_0 + 460, 16, 0),
	gsSP1Triangle(0, 1, 2, 0),
	gsSP1Triangle(3, 1, 0, 0),
	gsSP1Triangle(3, 4, 1, 0),
	gsSP1Triangle(5, 4, 3, 0),
	gsSP1Triangle(5, 3, 6, 0),
	gsSP1Triangle(0, 6, 7, 0),
	gsSP1Triangle(5, 6, 8, 0),
	gsSP1Triangle(8, 9, 5, 0),
	gsSP1Triangle(8, 10, 9, 0),
	gsSP1Triangle(10, 11, 9, 0),
	gsSP1Triangle(10, 12, 11, 0),
	gsSP1Triangle(12, 13, 11, 0),
	gsSP1Triangle(12, 14, 13, 0),
	gsSP1Triangle(14, 15, 13, 0),
	gsSPVertex(ccm_dl_level_008_mesh_layer_1_vtx_0 + 476, 16, 0),
	gsSP1Triangle(0, 1, 2, 0),
	gsSP1Triangle(1, 3, 2, 0),
	gsSP1Triangle(1, 4, 3, 0),
	gsSP1Triangle(4, 5, 3, 0),
	gsSP1Triangle(4, 6, 5, 0),
	gsSP1Triangle(6, 7, 5, 0),
	gsSP1Triangle(6, 8, 7, 0),
	gsSP1Triangle(8, 9, 7, 0),
	gsSP1Triangle(8, 10, 9, 0),
	gsSP1Triangle(11, 9, 10, 0),
	gsSP1Triangle(11, 12, 9, 0),
	gsSP1Triangle(12, 13, 9, 0),
	gsSP1Triangle(12, 14, 13, 0),
	gsSP1Triangle(14, 15, 13, 0),
	gsSPVertex(ccm_dl_level_008_mesh_layer_1_vtx_0 + 492, 16, 0),
	gsSP1Triangle(0, 1, 2, 0),
	gsSP1Triangle(1, 3, 2, 0),
	gsSP1Triangle(1, 4, 3, 0),
	gsSP1Triangle(3, 5, 2, 0),
	gsSP1Triangle(3, 6, 5, 0),
	gsSP1Triangle(6, 7, 5, 0),
	gsSP1Triangle(6, 8, 7, 0),
	gsSP1Triangle(8, 9, 7, 0),
	gsSP1Triangle(8, 10, 9, 0),
	gsSP1Triangle(10, 11, 9, 0),
	gsSP1Triangle(10, 12, 11, 0),
	gsSP1Triangle(12, 13, 11, 0),
	gsSP1Triangle(12, 14, 13, 0),
	gsSP1Triangle(14, 15, 13, 0),
	gsSPVertex(ccm_dl_level_008_mesh_layer_1_vtx_0 + 508, 16, 0),
	gsSP1Triangle(0, 1, 2, 0),
	gsSP1Triangle(1, 3, 2, 0),
	gsSP1Triangle(1, 4, 3, 0),
	gsSP1Triangle(4, 5, 3, 0),
	gsSP1Triangle(4, 6, 5, 0),
	gsSP1Triangle(6, 7, 5, 0),
	gsSP1Triangle(6, 8, 7, 0),
	gsSP1Triangle(8, 9, 7, 0),
	gsSP1Triangle(8, 10, 9, 0),
	gsSP1Triangle(10, 11, 9, 0),
	gsSP1Triangle(10, 12, 11, 0),
	gsSP1Triangle(12, 13, 11, 0),
	gsSP1Triangle(12, 14, 13, 0),
	gsSP1Triangle(5, 15, 3, 0),
	gsSPVertex(ccm_dl_level_008_mesh_layer_1_vtx_0 + 524, 16, 0),
	gsSP1Triangle(0, 1, 2, 0),
	gsSP1Triangle(0, 2, 3, 0),
	gsSP1Triangle(2, 4, 3, 0),
	gsSP1Triangle(2, 5, 4, 0),
	gsSP1Triangle(4, 5, 6, 0),
	gsSP1Triangle(7, 4, 6, 0),
	gsSP1Triangle(8, 7, 6, 0),
	gsSP1Triangle(8, 9, 7, 0),
	gsSP1Triangle(7, 10, 4, 0),
	gsSP1Triangle(10, 7, 11, 0),
	gsSP1Triangle(10, 11, 12, 0),
	gsSP1Triangle(12, 11, 13, 0),
	gsSP1Triangle(13, 11, 14, 0),
	gsSP1Triangle(13, 14, 15, 0),
	gsSPVertex(ccm_dl_level_008_mesh_layer_1_vtx_0 + 540, 16, 0),
	gsSP1Triangle(0, 1, 2, 0),
	gsSP1Triangle(3, 4, 5, 0),
	gsSP1Triangle(3, 6, 4, 0),
	gsSP1Triangle(7, 8, 9, 0),
	gsSP1Triangle(7, 9, 10, 0),
	gsSP1Triangle(11, 12, 13, 0),
	gsSP1Triangle(13, 14, 11, 0),
	gsSP1Triangle(13, 15, 14, 0),
	gsSPVertex(ccm_dl_level_008_mesh_layer_1_vtx_0 + 556, 15, 0),
	gsSP1Triangle(0, 1, 2, 0),
	gsSP1Triangle(0, 2, 3, 0),
	gsSP1Triangle(3, 2, 4, 0),
	gsSP1Triangle(3, 4, 5, 0),
	gsSP1Triangle(6, 7, 8, 0),
	gsSP1Triangle(6, 8, 9, 0),
	gsSP1Triangle(9, 8, 10, 0),
	gsSP1Triangle(9, 10, 11, 0),
	gsSP1Triangle(12, 9, 11, 0),
	gsSP1Triangle(12, 11, 13, 0),
	gsSP1Triangle(14, 9, 12, 0),
	gsSP1Triangle(14, 6, 9, 0),
	gsSPVertex(ccm_dl_level_008_mesh_layer_1_vtx_0 + 571, 16, 0),
	gsSP1Triangle(0, 1, 2, 0),
	gsSP1Triangle(0, 3, 1, 0),
	gsSP1Triangle(3, 4, 1, 0),
	gsSP1Triangle(3, 5, 4, 0),
	gsSP1Triangle(6, 5, 3, 0),
	gsSP1Triangle(6, 7, 5, 0),
	gsSP1Triangle(8, 7, 6, 0),
	gsSP1Triangle(8, 9, 7, 0),
	gsSP1Triangle(10, 9, 8, 0),
	gsSP1Triangle(11, 10, 8, 0),
	gsSP1Triangle(10, 12, 9, 0),
	gsSP1Triangle(13, 9, 12, 0),
	gsSP1Triangle(13, 12, 14, 0),
	gsSP1Triangle(15, 13, 14, 0),
	gsSPVertex(ccm_dl_level_008_mesh_layer_1_vtx_0 + 587, 16, 0),
	gsSP1Triangle(0, 1, 2, 0),
	gsSP1Triangle(3, 0, 2, 0),
	gsSP1Triangle(3, 4, 0, 0),
	gsSP1Triangle(0, 4, 5, 0),
	gsSP1Triangle(5, 4, 6, 0),
	gsSP1Triangle(7, 6, 4, 0),
	gsSP1Triangle(7, 4, 8, 0),
	gsSP1Triangle(8, 9, 7, 0),
	gsSP1Triangle(9, 10, 7, 0),
	gsSP1Triangle(9, 11, 10, 0),
	gsSP1Triangle(11, 12, 10, 0),
	gsSP1Triangle(11, 13, 12, 0),
	gsSP1Triangle(13, 14, 12, 0),
	gsSP1Triangle(13, 15, 14, 0),
	gsSPVertex(ccm_dl_level_008_mesh_layer_1_vtx_0 + 603, 16, 0),
	gsSP1Triangle(0, 1, 2, 0),
	gsSP1Triangle(0, 2, 3, 0),
	gsSP1Triangle(3, 4, 0, 0),
	gsSP1Triangle(5, 1, 0, 0),
	gsSP1Triangle(6, 1, 5, 0),
	gsSP1Triangle(6, 7, 1, 0),
	gsSP1Triangle(8, 1, 7, 0),
	gsSP1Triangle(8, 9, 1, 0),
	gsSP1Triangle(10, 9, 8, 0),
	gsSP1Triangle(10, 8, 11, 0),
	gsSP1Triangle(12, 10, 11, 0),
	gsSP1Triangle(12, 11, 13, 0),
	gsSP1Triangle(13, 14, 12, 0),
	gsSP1Triangle(13, 15, 14, 0),
	gsSPVertex(ccm_dl_level_008_mesh_layer_1_vtx_0 + 619, 16, 0),
	gsSP1Triangle(0, 1, 2, 0),
	gsSP1Triangle(0, 3, 1, 0),
	gsSP1Triangle(3, 0, 4, 0),
	gsSP1Triangle(3, 4, 5, 0),
	gsSP1Triangle(5, 4, 6, 0),
	gsSP1Triangle(5, 6, 7, 0),
	gsSP1Triangle(8, 5, 7, 0),
	gsSP1Triangle(8, 7, 9, 0),
	gsSP1Triangle(10, 8, 9, 0),
	gsSP1Triangle(10, 9, 11, 0),
	gsSP1Triangle(12, 8, 10, 0),
	gsSP1Triangle(12, 5, 8, 0),
	gsSP1Triangle(12, 3, 5, 0),
	gsSP1Triangle(12, 1, 3, 0),
	gsSP1Triangle(12, 10, 13, 0),
	gsSP1Triangle(14, 12, 13, 0),
	gsSP1Triangle(13, 15, 14, 0),
	gsSPVertex(ccm_dl_level_008_mesh_layer_1_vtx_0 + 635, 16, 0),
	gsSP1Triangle(0, 1, 2, 0),
	gsSP1Triangle(1, 3, 2, 0),
	gsSP1Triangle(1, 4, 3, 0),
	gsSP1Triangle(1, 5, 4, 0),
	gsSP1Triangle(1, 6, 5, 0),
	gsSP1Triangle(5, 6, 7, 0),
	gsSP1Triangle(5, 7, 8, 0),
	gsSP1Triangle(9, 10, 11, 0),
	gsSP1Triangle(12, 13, 14, 0),
	gsSP1Triangle(12, 14, 15, 0),
	gsSPVertex(ccm_dl_level_008_mesh_layer_1_vtx_0 + 651, 16, 0),
	gsSP1Triangle(0, 1, 2, 0),
	gsSP1Triangle(0, 2, 3, 0),
	gsSP1Triangle(4, 3, 2, 0),
	gsSP1Triangle(4, 2, 5, 0),
	gsSP1Triangle(6, 4, 5, 0),
	gsSP1Triangle(6, 5, 7, 0),
	gsSP1Triangle(7, 8, 6, 0),
	gsSP1Triangle(7, 9, 8, 0),
	gsSP1Triangle(10, 8, 9, 0),
	gsSP1Triangle(10, 11, 8, 0),
	gsSP1Triangle(12, 8, 11, 0),
	gsSP1Triangle(12, 13, 8, 0),
	gsSP1Triangle(14, 8, 13, 0),
	gsSP1Triangle(14, 15, 8, 0),
	gsSPVertex(ccm_dl_level_008_mesh_layer_1_vtx_0 + 667, 16, 0),
	gsSP1Triangle(0, 1, 2, 0),
	gsSP1Triangle(0, 3, 1, 0),
	gsSP1Triangle(4, 1, 3, 0),
	gsSP1Triangle(4, 5, 1, 0),
	gsSP1Triangle(4, 6, 5, 0),
	gsSP1Triangle(4, 7, 6, 0),
	gsSP1Triangle(7, 8, 6, 0),
	gsSP1Triangle(7, 9, 8, 0),
	gsSP1Triangle(10, 8, 9, 0),
	gsSP1Triangle(11, 10, 9, 0),
	gsSP1Triangle(11, 9, 12, 0),
	gsSP1Triangle(13, 11, 12, 0),
	gsSP1Triangle(13, 12, 14, 0),
	gsSP1Triangle(15, 13, 14, 0),
	gsSPVertex(ccm_dl_level_008_mesh_layer_1_vtx_0 + 683, 16, 0),
	gsSP1Triangle(0, 1, 2, 0),
	gsSP1Triangle(1, 3, 2, 0),
	gsSP1Triangle(1, 4, 3, 0),
	gsSP1Triangle(5, 3, 4, 0),
	gsSP1Triangle(5, 6, 3, 0),
	gsSP1Triangle(7, 3, 6, 0),
	gsSP1Triangle(6, 8, 7, 0),
	gsSP1Triangle(7, 9, 3, 0),
	gsSP1Triangle(10, 3, 9, 0),
	gsSP1Triangle(10, 2, 3, 0),
	gsSP1Triangle(11, 2, 10, 0),
	gsSP1Triangle(11, 0, 2, 0),
	gsSP1Triangle(12, 0, 11, 0),
	gsSP1Triangle(12, 13, 0, 0),
	gsSP1Triangle(13, 14, 0, 0),
	gsSP1Triangle(13, 15, 14, 0),
	gsSPVertex(ccm_dl_level_008_mesh_layer_1_vtx_0 + 699, 16, 0),
	gsSP1Triangle(0, 1, 2, 0),
	gsSP1Triangle(0, 3, 1, 0),
	gsSP1Triangle(3, 4, 1, 0),
	gsSP1Triangle(3, 5, 4, 0),
	gsSP1Triangle(5, 6, 4, 0),
	gsSP1Triangle(5, 7, 6, 0),
	gsSP1Triangle(4, 6, 8, 0),
	gsSP1Triangle(9, 10, 11, 0),
	gsSP1Triangle(9, 12, 10, 0),
	gsSP1Triangle(13, 12, 9, 0),
	gsSP1Triangle(14, 13, 9, 0),
	gsSP1Triangle(14, 9, 15, 0),
	gsSPVertex(ccm_dl_level_008_mesh_layer_1_vtx_0 + 715, 16, 0),
	gsSP1Triangle(0, 1, 2, 0),
	gsSP1Triangle(0, 2, 3, 0),
	gsSP1Triangle(4, 0, 3, 0),
	gsSP1Triangle(4, 3, 5, 0),
	gsSP1Triangle(6, 4, 5, 0),
	gsSP1Triangle(6, 5, 7, 0),
	gsSP1Triangle(8, 6, 7, 0),
	gsSP1Triangle(8, 7, 9, 0),
	gsSP1Triangle(10, 8, 9, 0),
	gsSP1Triangle(10, 9, 11, 0),
	gsSP1Triangle(12, 10, 11, 0),
	gsSP1Triangle(12, 11, 13, 0),
	gsSP1Triangle(14, 12, 13, 0),
	gsSP1Triangle(14, 13, 15, 0),
	gsSPVertex(ccm_dl_level_008_mesh_layer_1_vtx_0 + 731, 16, 0),
	gsSP1Triangle(0, 1, 2, 0),
	gsSP1Triangle(0, 2, 3, 0),
	gsSP1Triangle(4, 1, 0, 0),
	gsSP1Triangle(4, 5, 1, 0),
	gsSP1Triangle(5, 6, 1, 0),
	gsSP1Triangle(5, 7, 6, 0),
	gsSP1Triangle(7, 8, 6, 0),
	gsSP1Triangle(7, 9, 8, 0),
	gsSP1Triangle(9, 10, 8, 0),
	gsSP1Triangle(9, 11, 10, 0),
	gsSP1Triangle(11, 12, 10, 0),
	gsSP1Triangle(11, 13, 12, 0),
	gsSP1Triangle(13, 14, 12, 0),
	gsSP1Triangle(13, 15, 14, 0),
	gsSPVertex(ccm_dl_level_008_mesh_layer_1_vtx_0 + 747, 16, 0),
	gsSP1Triangle(0, 1, 2, 0),
	gsSP1Triangle(0, 3, 1, 0),
	gsSP1Triangle(4, 5, 6, 0),
	gsSP1Triangle(7, 6, 5, 0),
	gsSP1Triangle(7, 8, 6, 0),
	gsSP1Triangle(6, 8, 9, 0),
	gsSP1Triangle(6, 9, 10, 0),
	gsSP1Triangle(11, 12, 13, 0),
	gsSP1Triangle(11, 14, 12, 0),
	gsSP1Triangle(11, 15, 14, 0),
	gsSPVertex(ccm_dl_level_008_mesh_layer_1_vtx_0 + 763, 16, 0),
	gsSP1Triangle(0, 1, 2, 0),
	gsSP1Triangle(3, 2, 1, 0),
	gsSP1Triangle(3, 1, 4, 0),
	gsSP1Triangle(4, 5, 3, 0),
	gsSP1Triangle(5, 6, 3, 0),
	gsSP1Triangle(5, 7, 6, 0),
	gsSP1Triangle(8, 6, 7, 0),
	gsSP1Triangle(8, 9, 6, 0),
	gsSP1Triangle(8, 10, 9, 0),
	gsSP1Triangle(8, 11, 10, 0),
	gsSP1Triangle(8, 12, 11, 0),
	gsSP1Triangle(8, 13, 12, 0),
	gsSP1Triangle(14, 12, 13, 0),
	gsSP1Triangle(13, 15, 14, 0),
	gsSPVertex(ccm_dl_level_008_mesh_layer_1_vtx_0 + 779, 16, 0),
	gsSP1Triangle(0, 1, 2, 0),
	gsSP1Triangle(3, 1, 0, 0),
	gsSP1Triangle(3, 4, 1, 0),
	gsSP1Triangle(5, 1, 4, 0),
	gsSP1Triangle(5, 6, 1, 0),
	gsSP1Triangle(7, 1, 6, 0),
	gsSP1Triangle(7, 2, 1, 0),
	gsSP1Triangle(8, 2, 7, 0),
	gsSP1Triangle(8, 7, 9, 0),
	gsSP1Triangle(8, 9, 10, 0),
	gsSP1Triangle(10, 11, 8, 0),
	gsSP1Triangle(10, 12, 11, 0),
	gsSP1Triangle(10, 13, 12, 0),
	gsSP1Triangle(10, 14, 13, 0),
	gsSP1Triangle(15, 13, 14, 0),
	gsSPVertex(ccm_dl_level_008_mesh_layer_1_vtx_0 + 795, 16, 0),
	gsSP1Triangle(0, 1, 2, 0),
	gsSP1Triangle(3, 1, 0, 0),
	gsSP1Triangle(3, 0, 4, 0),
	gsSP1Triangle(5, 3, 4, 0),
	gsSP1Triangle(5, 4, 6, 0),
	gsSP1Triangle(7, 3, 5, 0),
	gsSP1Triangle(8, 3, 7, 0),
	gsSP1Triangle(9, 8, 7, 0),
	gsSP1Triangle(10, 9, 7, 0),
	gsSP1Triangle(10, 7, 11, 0),
	gsSP1Triangle(7, 5, 11, 0),
	gsSP1Triangle(12, 9, 10, 0),
	gsSP1Triangle(13, 9, 12, 0),
	gsSP1Triangle(13, 14, 9, 0),
	gsSP1Triangle(13, 15, 14, 0),
	gsSPVertex(ccm_dl_level_008_mesh_layer_1_vtx_0 + 811, 16, 0),
	gsSP1Triangle(0, 1, 2, 0),
	gsSP1Triangle(1, 3, 2, 0),
	gsSP1Triangle(1, 4, 3, 0),
	gsSP1Triangle(2, 3, 5, 0),
	gsSP1Triangle(2, 5, 6, 0),
	gsSP1Triangle(5, 7, 6, 0),
	gsSP1Triangle(5, 8, 7, 0),
	gsSP1Triangle(8, 5, 9, 0),
	gsSP1Triangle(8, 9, 10, 0),
	gsSP1Triangle(10, 11, 8, 0),
	gsSP1Triangle(11, 10, 12, 0),
	gsSP1Triangle(11, 12, 13, 0),
	gsSP1Triangle(13, 14, 11, 0),
	gsSP1Triangle(14, 13, 15, 0),
	gsSPVertex(ccm_dl_level_008_mesh_layer_1_vtx_0 + 827, 16, 0),
	gsSP1Triangle(0, 1, 2, 0),
	gsSP1Triangle(2, 3, 0, 0),
	gsSP1Triangle(2, 4, 3, 0),
	gsSP1Triangle(2, 5, 4, 0),
	gsSP1Triangle(6, 5, 2, 0),
	gsSP1Triangle(6, 7, 5, 0),
	gsSP1Triangle(8, 7, 6, 0),
	gsSP1Triangle(8, 9, 7, 0),
	gsSP1Triangle(9, 10, 7, 0),
	gsSP1Triangle(9, 11, 10, 0),
	gsSP1Triangle(11, 12, 10, 0),
	gsSP1Triangle(11, 13, 12, 0),
	gsSP1Triangle(13, 14, 12, 0),
	gsSP1Triangle(13, 15, 14, 0),
	gsSPVertex(ccm_dl_level_008_mesh_layer_1_vtx_0 + 843, 16, 0),
	gsSP1Triangle(0, 1, 2, 0),
	gsSP1Triangle(0, 3, 1, 0),
	gsSP1Triangle(3, 4, 1, 0),
	gsSP1Triangle(3, 5, 4, 0),
	gsSP1Triangle(5, 6, 4, 0),
	gsSP1Triangle(5, 7, 6, 0),
	gsSP1Triangle(8, 6, 7, 0),
	gsSP1Triangle(8, 9, 6, 0),
	gsSP1Triangle(10, 6, 9, 0),
	gsSP1Triangle(10, 11, 6, 0),
	gsSP1Triangle(12, 6, 11, 0),
	gsSP1Triangle(13, 12, 11, 0),
	gsSP1Triangle(13, 11, 12, 0),
	gsSP1Triangle(14, 6, 12, 0),
	gsSP1Triangle(14, 15, 6, 0),
	gsSPVertex(ccm_dl_level_008_mesh_layer_1_vtx_0 + 859, 16, 0),
	gsSP1Triangle(0, 1, 2, 0),
	gsSP1Triangle(0, 2, 3, 0),
	gsSP1Triangle(3, 2, 4, 0),
	gsSP1Triangle(3, 4, 5, 0),
	gsSP1Triangle(6, 3, 5, 0),
	gsSP1Triangle(6, 5, 7, 0),
	gsSP1Triangle(8, 3, 6, 0),
	gsSP1Triangle(8, 0, 3, 0),
	gsSP1Triangle(8, 9, 0, 0),
	gsSP1Triangle(8, 10, 9, 0),
	gsSP1Triangle(8, 11, 10, 0),
	gsSP1Triangle(8, 12, 11, 0),
	gsSP1Triangle(12, 13, 11, 0),
	gsSP1Triangle(12, 14, 13, 0),
	gsSP1Triangle(13, 14, 15, 0),
	gsSPVertex(ccm_dl_level_008_mesh_layer_1_vtx_0 + 875, 16, 0),
	gsSP1Triangle(0, 1, 2, 0),
	gsSP1Triangle(2, 1, 3, 0),
	gsSP1Triangle(2, 3, 4, 0),
	gsSP1Triangle(3, 5, 4, 0),
	gsSP1Triangle(3, 6, 5, 0),
	gsSP1Triangle(7, 5, 6, 0),
	gsSP1Triangle(7, 6, 8, 0),
	gsSP1Triangle(8, 9, 7, 0),
	gsSP1Triangle(8, 10, 9, 0),
	gsSP1Triangle(8, 11, 10, 0),
	gsSP1Triangle(8, 12, 11, 0),
	gsSP1Triangle(8, 13, 12, 0),
	gsSP1Triangle(13, 14, 12, 0),
	gsSP1Triangle(13, 15, 14, 0),
	gsSPVertex(ccm_dl_level_008_mesh_layer_1_vtx_0 + 891, 16, 0),
	gsSP1Triangle(0, 1, 2, 0),
	gsSP1Triangle(0, 3, 1, 0),
	gsSP1Triangle(3, 4, 1, 0),
	gsSP1Triangle(3, 5, 4, 0),
	gsSP1Triangle(6, 4, 5, 0),
	gsSP1Triangle(6, 7, 4, 0),
	gsSP1Triangle(8, 7, 6, 0),
	gsSP1Triangle(8, 9, 7, 0),
	gsSP1Triangle(8, 10, 9, 0),
	gsSP1Triangle(9, 10, 11, 0),
	gsSP1Triangle(10, 12, 11, 0),
	gsSP1Triangle(9, 11, 13, 0),
	gsSP1Triangle(9, 13, 14, 0),
	gsSP1Triangle(9, 14, 7, 0),
	gsSP1Triangle(7, 14, 15, 0),
	gsSP1Triangle(7, 15, 4, 0),
	gsSP1Triangle(1, 4, 15, 0),
	gsSPVertex(ccm_dl_level_008_mesh_layer_1_vtx_0 + 907, 16, 0),
	gsSP1Triangle(0, 1, 2, 0),
	gsSP1Triangle(3, 0, 2, 0),
	gsSP1Triangle(3, 2, 4, 0),
	gsSP1Triangle(5, 3, 4, 0),
	gsSP1Triangle(5, 4, 6, 0),
	gsSP1Triangle(7, 5, 6, 0),
	gsSP1Triangle(7, 6, 8, 0),
	gsSP1Triangle(9, 7, 8, 0),
	gsSP1Triangle(9, 8, 10, 0),
	gsSP1Triangle(11, 9, 10, 0),
	gsSP1Triangle(11, 10, 12, 0),
	gsSP1Triangle(12, 13, 11, 0),
	gsSP1Triangle(12, 14, 13, 0),
	gsSP1Triangle(15, 13, 14, 0),
	gsSPVertex(ccm_dl_level_008_mesh_layer_1_vtx_0 + 923, 16, 0),
	gsSP1Triangle(0, 1, 2, 0),
	gsSP1Triangle(3, 1, 0, 0),
	gsSP1Triangle(3, 0, 4, 0),
	gsSP1Triangle(5, 3, 4, 0),
	gsSP1Triangle(5, 4, 6, 0),
	gsSP1Triangle(6, 7, 5, 0),
	gsSP1Triangle(6, 8, 7, 0),
	gsSP1Triangle(9, 7, 8, 0),
	gsSP1Triangle(9, 10, 7, 0),
	gsSP1Triangle(11, 10, 9, 0),
	gsSP1Triangle(9, 12, 11, 0),
	gsSP1Triangle(13, 11, 12, 0),
	gsSP1Triangle(13, 12, 14, 0),
	gsSP1Triangle(11, 15, 10, 0),
	gsSPVertex(ccm_dl_level_008_mesh_layer_1_vtx_0 + 939, 16, 0),
	gsSP1Triangle(0, 1, 2, 0),
	gsSP1Triangle(3, 4, 5, 0),
	gsSP1Triangle(6, 7, 8, 0),
	gsSP1Triangle(6, 8, 9, 0),
	gsSP1Triangle(10, 9, 8, 0),
	gsSP1Triangle(8, 11, 10, 0),
	gsSP1Triangle(8, 12, 11, 0),
	gsSP1Triangle(13, 11, 12, 0),
	gsSP1Triangle(13, 12, 14, 0),
	gsSP1Triangle(13, 14, 15, 0),
	gsSPVertex(ccm_dl_level_008_mesh_layer_1_vtx_0 + 955, 16, 0),
	gsSP1Triangle(0, 1, 2, 0),
	gsSP1Triangle(2, 1, 3, 0),
	gsSP1Triangle(2, 3, 4, 0),
	gsSP1Triangle(4, 3, 5, 0),
	gsSP1Triangle(4, 5, 6, 0),
	gsSP1Triangle(4, 6, 7, 0),
	gsSP1Triangle(4, 7, 8, 0),
	gsSP1Triangle(9, 8, 7, 0),
	gsSP1Triangle(9, 7, 10, 0),
	gsSP1Triangle(11, 9, 10, 0),
	gsSP1Triangle(10, 12, 11, 0),
	gsSP1Triangle(10, 13, 12, 0),
	gsSP1Triangle(14, 11, 12, 0),
	gsSP1Triangle(14, 12, 15, 0),
	gsSPVertex(ccm_dl_level_008_mesh_layer_1_vtx_0 + 971, 15, 0),
	gsSP1Triangle(0, 1, 2, 0),
	gsSP1Triangle(0, 2, 3, 0),
	gsSP1Triangle(4, 0, 3, 0),
	gsSP1Triangle(4, 3, 5, 0),
	gsSP1Triangle(6, 7, 8, 0),
	gsSP1Triangle(6, 8, 9, 0),
	gsSP1Triangle(9, 8, 10, 0),
	gsSP1Triangle(9, 10, 11, 0),
	gsSP1Triangle(12, 9, 11, 0),
	gsSP1Triangle(12, 11, 13, 0),
	gsSP1Triangle(14, 9, 12, 0),
	gsSP1Triangle(14, 6, 9, 0),
	gsSPVertex(ccm_dl_level_008_mesh_layer_1_vtx_0 + 986, 16, 0),
	gsSP1Triangle(0, 1, 2, 0),
	gsSP1Triangle(2, 3, 0, 0),
	gsSP1Triangle(2, 4, 3, 0),
	gsSP1Triangle(5, 4, 2, 0),
	gsSP1Triangle(5, 2, 6, 0),
	gsSP1Triangle(6, 7, 5, 0),
	gsSP1Triangle(8, 4, 5, 0),
	gsSP1Triangle(8, 9, 4, 0),
	gsSP1Triangle(10, 4, 9, 0),
	gsSP1Triangle(10, 3, 4, 0),
	gsSP1Triangle(11, 12, 13, 0),
	gsSP1Triangle(11, 13, 14, 0),
	gsSP1Triangle(14, 13, 15, 0),
	gsSPVertex(ccm_dl_level_008_mesh_layer_1_vtx_0 + 1002, 15, 0),
	gsSP1Triangle(0, 1, 2, 0),
	gsSP1Triangle(3, 4, 5, 0),
	gsSP1Triangle(3, 5, 6, 0),
	gsSP1Triangle(7, 8, 9, 0),
	gsSP1Triangle(7, 9, 10, 0),
	gsSP1Triangle(11, 12, 13, 0),
	gsSP1Triangle(11, 13, 14, 0),
	gsSPVertex(ccm_dl_level_008_mesh_layer_1_vtx_0 + 1017, 16, 0),
	gsSP1Triangle(0, 1, 2, 0),
	gsSP1Triangle(0, 2, 3, 0),
	gsSP1Triangle(4, 5, 6, 0),
	gsSP1Triangle(4, 6, 7, 0),
	gsSP1Triangle(8, 9, 10, 0),
	gsSP1Triangle(10, 11, 8, 0),
	gsSP1Triangle(10, 12, 11, 0),
	gsSP1Triangle(13, 12, 10, 0),
	gsSP1Triangle(13, 14, 12, 0),
	gsSP1Triangle(11, 12, 14, 0),
	gsSP1Triangle(11, 14, 15, 0),
	gsSPVertex(ccm_dl_level_008_mesh_layer_1_vtx_0 + 1033, 16, 0),
	gsSP1Triangle(0, 1, 2, 0),
	gsSP1Triangle(2, 3, 4, 0),
	gsSP1Triangle(5, 6, 7, 0),
	gsSP1Triangle(5, 8, 6, 0),
	gsSP1Triangle(9, 6, 8, 0),
	gsSP1Triangle(10, 9, 8, 0),
	gsSP1Triangle(10, 11, 9, 0),
	gsSP1Triangle(12, 13, 14, 0),
	gsSP1Triangle(14, 15, 12, 0),
	gsSPVertex(ccm_dl_level_008_mesh_layer_1_vtx_0 + 1049, 16, 0),
	gsSP1Triangle(0, 1, 2, 0),
	gsSP1Triangle(2, 3, 4, 0),
	gsSP1Triangle(5, 6, 7, 0),
	gsSP1Triangle(5, 7, 8, 0),
	gsSP1Triangle(9, 10, 11, 0),
	gsSP1Triangle(9, 12, 10, 0),
	gsSP1Triangle(13, 12, 9, 0),
	gsSP1Triangle(13, 9, 14, 0),
	gsSP1Triangle(15, 13, 14, 0),
	gsSPVertex(ccm_dl_level_008_mesh_layer_1_vtx_0 + 1065, 15, 0),
	gsSP1Triangle(0, 1, 2, 0),
	gsSP1Triangle(3, 1, 0, 0),
	gsSP1Triangle(3, 0, 4, 0),
	gsSP1Triangle(5, 3, 4, 0),
	gsSP1Triangle(5, 6, 3, 0),
	gsSP1Triangle(3, 6, 7, 0),
	gsSP1Triangle(3, 7, 8, 0),
	gsSP1Triangle(9, 3, 8, 0),
	gsSP1Triangle(9, 1, 3, 0),
	gsSP1Triangle(2, 1, 9, 0),
	gsSP1Triangle(2, 9, 10, 0),
	gsSP1Triangle(11, 2, 10, 0),
	gsSP1Triangle(11, 12, 2, 0),
	gsSP1Triangle(13, 12, 11, 0),
	gsSP1Triangle(13, 11, 14, 0),
	gsSPVertex(ccm_dl_level_008_mesh_layer_1_vtx_0 + 1080, 14, 0),
	gsSP1Triangle(0, 1, 2, 0),
	gsSP1Triangle(2, 3, 0, 0),
	gsSP1Triangle(2, 4, 3, 0),
	gsSP1Triangle(5, 4, 2, 0),
	gsSP1Triangle(5, 2, 6, 0),
	gsSP1Triangle(7, 8, 9, 0),
	gsSP1Triangle(10, 7, 9, 0),
	gsSP1Triangle(9, 11, 10, 0),
	gsSP1Triangle(9, 12, 11, 0),
	gsSP1Triangle(13, 12, 9, 0),
	gsSPVertex(ccm_dl_level_008_mesh_layer_1_vtx_0 + 1094, 16, 0),
	gsSP1Triangle(0, 1, 2, 0),
	gsSP1Triangle(0, 2, 3, 0),
	gsSP1Triangle(4, 5, 6, 0),
	gsSP1Triangle(4, 7, 5, 0),
	gsSP1Triangle(8, 7, 4, 0),
	gsSP1Triangle(8, 4, 9, 0),
	gsSP1Triangle(10, 9, 4, 0),
	gsSP1Triangle(10, 11, 9, 0),
	gsSP1Triangle(11, 12, 9, 0),
	gsSP1Triangle(11, 13, 12, 0),
	gsSP1Triangle(12, 13, 14, 0),
	gsSP1Triangle(12, 14, 15, 0),
	gsSPVertex(ccm_dl_level_008_mesh_layer_1_vtx_0 + 1110, 16, 0),
	gsSP1Triangle(0, 1, 2, 0),
	gsSP1Triangle(0, 2, 3, 0),
	gsSP1Triangle(3, 2, 4, 0),
	gsSP1Triangle(3, 4, 5, 0),
	gsSP1Triangle(6, 3, 5, 0),
	gsSP1Triangle(6, 7, 3, 0),
	gsSP1Triangle(7, 0, 3, 0),
	gsSP1Triangle(7, 8, 0, 0),
	gsSP1Triangle(8, 9, 0, 0),
	gsSP1Triangle(8, 10, 9, 0),
	gsSP1Triangle(10, 11, 9, 0),
	gsSP1Triangle(10, 12, 11, 0),
	gsSP1Triangle(13, 14, 15, 0),
	gsSPVertex(ccm_dl_level_008_mesh_layer_1_vtx_0 + 1126, 16, 0),
	gsSP1Triangle(0, 1, 2, 0),
	gsSP1Triangle(0, 3, 1, 0),
	gsSP1Triangle(4, 3, 0, 0),
	gsSP1Triangle(5, 4, 0, 0),
	gsSP1Triangle(4, 6, 3, 0),
	gsSP1Triangle(7, 8, 9, 0),
	gsSP1Triangle(7, 9, 10, 0),
	gsSP1Triangle(11, 12, 13, 0),
	gsSP1Triangle(11, 14, 12, 0),
	gsSP1Triangle(15, 12, 14, 0),
	gsSPVertex(ccm_dl_level_008_mesh_layer_1_vtx_0 + 1142, 16, 0),
	gsSP1Triangle(0, 1, 2, 0),
	gsSP1Triangle(1, 3, 2, 0),
	gsSP1Triangle(1, 4, 3, 0),
	gsSP1Triangle(2, 3, 5, 0),
	gsSP1Triangle(2, 5, 6, 0),
	gsSP1Triangle(7, 8, 9, 0),
	gsSP1Triangle(7, 9, 10, 0),
	gsSP1Triangle(10, 9, 11, 0),
	gsSP1Triangle(10, 11, 12, 0),
	gsSP1Triangle(12, 13, 10, 0),
	gsSP1Triangle(12, 14, 13, 0),
	gsSP1Triangle(13, 14, 15, 0),
	gsSPVertex(ccm_dl_level_008_mesh_layer_1_vtx_0 + 1158, 16, 0),
	gsSP1Triangle(0, 1, 2, 0),
	gsSP1Triangle(3, 2, 1, 0),
	gsSP1Triangle(3, 1, 4, 0),
	gsSP1Triangle(5, 4, 1, 0),
	gsSP1Triangle(5, 1, 6, 0),
	gsSP1Triangle(7, 6, 1, 0),
	gsSP1Triangle(7, 1, 8, 0),
	gsSP1Triangle(7, 8, 9, 0),
	gsSP1Triangle(7, 9, 10, 0),
	gsSP1Triangle(10, 9, 11, 0),
	gsSP1Triangle(10, 11, 12, 0),
	gsSP1Triangle(13, 12, 11, 0),
	gsSP1Triangle(13, 11, 14, 0),
	gsSP1Triangle(15, 14, 11, 0),
	gsSPVertex(ccm_dl_level_008_mesh_layer_1_vtx_0 + 1174, 16, 0),
	gsSP1Triangle(0, 1, 2, 0),
	gsSP1Triangle(2, 3, 0, 0),
	gsSP1Triangle(3, 2, 4, 0),
	gsSP1Triangle(3, 4, 5, 0),
	gsSP1Triangle(6, 3, 5, 0),
	gsSP1Triangle(6, 7, 3, 0),
	gsSP1Triangle(7, 8, 3, 0),
	gsSP1Triangle(7, 9, 8, 0),
	gsSP1Triangle(9, 10, 8, 0),
	gsSP1Triangle(9, 11, 10, 0),
	gsSP1Triangle(11, 12, 10, 0),
	gsSP1Triangle(11, 13, 12, 0),
	gsSP1Triangle(13, 14, 12, 0),
	gsSP1Triangle(13, 15, 14, 0),
	gsSPVertex(ccm_dl_level_008_mesh_layer_1_vtx_0 + 1190, 14, 0),
	gsSP1Triangle(0, 1, 2, 0),
	gsSP1Triangle(0, 3, 1, 0),
	gsSP1Triangle(4, 5, 6, 0),
	gsSP1Triangle(4, 7, 5, 0),
	gsSP1Triangle(5, 7, 8, 0),
	gsSP1Triangle(5, 8, 9, 0),
	gsSP1Triangle(10, 11, 12, 0),
	gsSP1Triangle(10, 12, 13, 0),
	gsSPVertex(ccm_dl_level_008_mesh_layer_1_vtx_0 + 1204, 14, 0),
	gsSP1Triangle(0, 1, 2, 0),
	gsSP1Triangle(0, 2, 3, 0),
	gsSP1Triangle(4, 5, 6, 0),
	gsSP1Triangle(6, 7, 4, 0),
	gsSP1Triangle(6, 8, 7, 0),
	gsSP1Triangle(9, 10, 11, 0),
	gsSP1Triangle(11, 12, 9, 0),
	gsSP1Triangle(12, 13, 9, 0),
	gsSPVertex(ccm_dl_level_008_mesh_layer_1_vtx_0 + 1218, 16, 0),
	gsSP1Triangle(0, 1, 2, 0),
	gsSP1Triangle(2, 3, 0, 0),
	gsSP1Triangle(3, 4, 0, 0),
	gsSP1Triangle(5, 6, 7, 0),
	gsSP1Triangle(5, 7, 8, 0),
	gsSP1Triangle(9, 8, 10, 0),
	gsSP1Triangle(9, 10, 11, 0),
	gsSP1Triangle(12, 13, 14, 0),
	gsSP1Triangle(14, 15, 12, 0),
	gsSPVertex(ccm_dl_level_008_mesh_layer_1_vtx_0 + 1234, 16, 0),
	gsSP1Triangle(0, 1, 2, 0),
	gsSP1Triangle(3, 4, 5, 0),
	gsSP1Triangle(3, 5, 6, 0),
	gsSP1Triangle(7, 3, 6, 0),
	gsSP1Triangle(7, 8, 3, 0),
	gsSP1Triangle(9, 8, 7, 0),
	gsSP1Triangle(9, 10, 8, 0),
	gsSP1Triangle(11, 10, 9, 0),
	gsSP1Triangle(11, 12, 10, 0),
	gsSP1Triangle(13, 14, 15, 0),
	gsSPVertex(ccm_dl_level_008_mesh_layer_1_vtx_0 + 1250, 16, 0),
	gsSP1Triangle(0, 1, 2, 0),
	gsSP1Triangle(0, 3, 1, 0),
	gsSP1Triangle(4, 1, 3, 0),
	gsSP1Triangle(4, 5, 1, 0),
	gsSP1Triangle(6, 1, 5, 0),
	gsSP1Triangle(6, 7, 1, 0),
	gsSP1Triangle(8, 1, 7, 0),
	gsSP1Triangle(8, 9, 1, 0),
	gsSP1Triangle(10, 1, 9, 0),
	gsSP1Triangle(10, 11, 1, 0),
	gsSP1Triangle(12, 1, 11, 0),
	gsSP1Triangle(12, 13, 1, 0),
	gsSP1Triangle(14, 1, 13, 0),
	gsSP1Triangle(14, 15, 1, 0),
	gsSPVertex(ccm_dl_level_008_mesh_layer_1_vtx_0 + 1266, 16, 0),
	gsSP1Triangle(0, 1, 2, 0),
	gsSP1Triangle(0, 2, 3, 0),
	gsSP1Triangle(4, 0, 3, 0),
	gsSP1Triangle(4, 3, 5, 0),
	gsSP1Triangle(6, 4, 5, 0),
	gsSP1Triangle(6, 5, 7, 0),
	gsSP1Triangle(8, 6, 7, 0),
	gsSP1Triangle(8, 7, 9, 0),
	gsSP1Triangle(10, 8, 9, 0),
	gsSP1Triangle(10, 9, 11, 0),
	gsSP1Triangle(12, 10, 11, 0),
	gsSP1Triangle(12, 11, 13, 0),
	gsSP1Triangle(14, 12, 13, 0),
	gsSP1Triangle(14, 13, 15, 0),
	gsSPVertex(ccm_dl_level_008_mesh_layer_1_vtx_0 + 1282, 16, 0),
	gsSP1Triangle(0, 1, 2, 0),
	gsSP1Triangle(0, 2, 3, 0),
	gsSP1Triangle(3, 2, 4, 0),
	gsSP1Triangle(3, 4, 5, 0),
	gsSP1Triangle(4, 6, 5, 0),
	gsSP1Triangle(4, 7, 6, 0),
	gsSP1Triangle(7, 8, 6, 0),
	gsSP1Triangle(7, 9, 8, 0),
	gsSP1Triangle(6, 8, 10, 0),
	gsSP1Triangle(6, 10, 11, 0),
	gsSP1Triangle(5, 6, 11, 0),
	gsSP1Triangle(5, 11, 12, 0),
	gsSP1Triangle(13, 5, 12, 0),
	gsSP1Triangle(13, 3, 5, 0),
	gsSP1Triangle(14, 3, 13, 0),
	gsSP1Triangle(14, 0, 3, 0),
	gsSP1Triangle(14, 15, 0, 0),
	gsSPVertex(ccm_dl_level_008_mesh_layer_1_vtx_0 + 1298, 16, 0),
	gsSP1Triangle(0, 1, 2, 0),
	gsSP1Triangle(1, 3, 2, 0),
	gsSP1Triangle(1, 4, 3, 0),
	gsSP1Triangle(4, 5, 3, 0),
	gsSP1Triangle(4, 6, 5, 0),
	gsSP1Triangle(6, 7, 5, 0),
	gsSP1Triangle(6, 8, 7, 0),
	gsSP1Triangle(9, 7, 8, 0),
	gsSP1Triangle(9, 10, 7, 0),
	gsSP1Triangle(9, 11, 10, 0),
	gsSP1Triangle(9, 12, 11, 0),
	gsSP1Triangle(12, 13, 11, 0),
	gsSP1Triangle(12, 14, 13, 0),
	gsSP1Triangle(14, 15, 13, 0),
	gsSPVertex(ccm_dl_level_008_mesh_layer_1_vtx_0 + 1314, 16, 0),
	gsSP1Triangle(0, 1, 2, 0),
	gsSP1Triangle(2, 1, 3, 0),
	gsSP1Triangle(1, 4, 3, 0),
	gsSP1Triangle(5, 3, 4, 0),
	gsSP1Triangle(5, 4, 6, 0),
	gsSP1Triangle(7, 6, 4, 0),
	gsSP1Triangle(7, 4, 8, 0),
	gsSP1Triangle(8, 4, 9, 0),
	gsSP1Triangle(10, 8, 9, 0),
	gsSP1Triangle(11, 10, 9, 0),
	gsSP1Triangle(11, 9, 12, 0),
	gsSP1Triangle(11, 12, 13, 0),
	gsSP1Triangle(12, 14, 13, 0),
	gsSP1Triangle(15, 13, 14, 0),
	gsSPVertex(ccm_dl_level_008_mesh_layer_1_vtx_0 + 1330, 11, 0),
	gsSP1Triangle(0, 1, 2, 0),
	gsSP1Triangle(3, 2, 1, 0),
	gsSP1Triangle(3, 1, 4, 0),
	gsSP1Triangle(5, 4, 1, 0),
	gsSP1Triangle(5, 1, 6, 0),
	gsSP1Triangle(6, 7, 5, 0),
	gsSP1Triangle(8, 2, 3, 0),
	gsSP1Triangle(0, 2, 8, 0),
	gsSP1Triangle(0, 8, 9, 0),
	gsSP1Triangle(8, 3, 10, 0),
	gsSPEndDisplayList(),
};

Vtx ccm_dl_level_008_mesh_layer_1_vtx_1[727] = {
	{{{3723, -2131, -4263},0, {-7092, -9842},{0xCC, 0xEE, 0xFF, 0xFF}}},
	{{{4243, -2120, -4701},0, {-7092, -10311},{0xCC, 0xEE, 0xFF, 0xFF}}},
	{{{4453, -2131, -5114},0, {-7338, -10649},{0xCC, 0xEE, 0xFF, 0xFF}}},
	{{{3888, -2154, -4809},0, {-7382, -10171},{0xCC, 0xEE, 0xFF, 0xFF}}},
	{{{4681, -2154, -5638},0, {-7585, -10988},{0xCC, 0xEE, 0xFF, 0xFF}}},
	{{{4103, -2138, -5429},0, {-7689, -10582},{0xCC, 0xEE, 0xFF, 0xFF}}},
	{{{2736, -2154, -4119},0, {-7406, -9187},{0xCC, 0xEE, 0xFF, 0xFF}}},
	{{{3480, -2154, -5212},0, {-7792, -10076},{0xCC, 0xEE, 0xFF, 0xFF}}},
	{{{3658, -2154, -6538},0, {-8543, -10707},{0xCC, 0xEE, 0xFF, 0xFF}}},
	{{{4117, -2131, -6571},0, {-8378, -11016},{0xCC, 0xEE, 0xFF, 0xFF}}},
	{{{3843, -2154, -7258},0, {-8917, -11104},{0xCC, 0xEE, 0xFF, 0xFF}}},
	{{{4467, -2131, -7180},0, {-8607, -11482},{0xCC, 0xEE, 0xFF, 0xFF}}},
	{{{3990, -2154, -8000},0, {-9319, -11487},{0xCC, 0xEE, 0xFF, 0xFF}}},
	{{{4847, -2138, -7781},0, {-8809, -11946},{0xCC, 0xEE, 0xFF, 0xFF}}},
	{{{3389, -2154, -9232},0, {-10319, -11598},{0xCC, 0xEE, 0xFF, 0xFF}}},
	{{{4672, -2154, -8416},0, {-9309, -12073},{0xCC, 0xEE, 0xFF, 0xFF}}},
	{{{4847, -2138, -7781},0, {-8809, -11946},{0xCC, 0xEE, 0xFF, 0xFF}}},
	{{{5301, -2131, -8309},0, {-8988, -12430},{0xCC, 0xEE, 0xFF, 0xFF}}},
	{{{4672, -2154, -8416},0, {-9309, -12073},{0xCC, 0xEE, 0xFF, 0xFF}}},
	{{{5520, -2154, -7761},0, {-8570, -12341},{0xCC, 0xEE, 0xFF, 0xFF}}},
	{{{5103, -2131, -8849},0, {-9402, -12519},{0xCC, 0xEE, 0xFF, 0xFF}}},
	{{{4555, -2154, -8964},0, {-9694, -12215},{0xCC, 0xEE, 0xFF, 0xFF}}},
	{{{4769, -2131, -9761},0, {-10093, -12667},{0xCC, 0xEE, 0xFF, 0xFF}}},
	{{{4184, -2154, -9976},0, {-10467, -12382},{0xCC, 0xEE, 0xFF, 0xFF}}},
	{{{4569, -2131, -10285},0, {-10506, -12756},{0xCC, 0xEE, 0xFF, 0xFF}}},
	{{{4006, -2154, -10573},0, {-10907, -12507},{0xCC, 0xEE, 0xFF, 0xFF}}},
	{{{4367, -2120, -10704},0, {-10923, -12846},{0xCC, 0xEE, 0xFF, 0xFF}}},
	{{{3818, -2131, -11152},0, {-11349, -12632},{0xCC, 0xEE, 0xFF, 0xFF}}},
	{{{2741, -2131, -11792},0, {-12187, -12212},{0xCC, 0xEE, 0xFF, 0xFF}}},
	{{{2866, -2154, -11123},0, {-11695, -12016},{0xCC, 0xEE, 0xFF, 0xFF}}},
	{{{1667, -2131, -12431},0, {-13023, -11793},{0xCC, 0xEE, 0xFF, 0xFF}}},
	{{{1728, -2154, -11672},0, {-12482, -11526},{0xCC, 0xEE, 0xFF, 0xFF}}},
	{{{-260, -2154, -11861},0, {-13380, -10368},{0xCC, 0xEE, 0xFF, 0xFF}}},
	{{{1728, -2154, -11672},0, {-12482, -11526},{0xCC, 0xEE, 0xFF, 0xFF}}},
	{{{1667, -2131, -12431},0, {-13023, -11793},{0xCC, 0xEE, 0xFF, 0xFF}}},
	{{{-265, -2131, -12711},0, {-13940, -10719},{0xCC, 0xEE, 0xFF, 0xFF}}},
	{{{-1771, -2154, -11739},0, {-13897, -9385},{0xCC, 0xEE, 0xFF, 0xFF}}},
	{{{-1673, -2131, -12675},0, {-14471, -9838},{0xCC, 0xEE, 0xFF, 0xFF}}},
	{{{-3171, -2154, -11722},0, {-14436, -8510},{0xCC, 0xEE, 0xFF, 0xFF}}},
	{{{-3065, -2113, -12618},0, {-14987, -8958},{0xCC, 0xEE, 0xFF, 0xFF}}},
	{{{-3575, -2096, -12332},0, {-15002, -8541},{0xAD, 0xD0, 0xFF, 0xFF}}},
	{{{-3699, -2154, -11481},0, {-14494, -8088},{0xAD, 0xD0, 0xFF, 0xFF}}},
	{{{-4047, -2096, -12080},0, {-15002, -8126},{0x8E, 0xB1, 0xFF, 0xFF}}},
	{{{-4190, -2099, -11234},0, {-14539, -7667},{0x8E, 0xB1, 0xFF, 0xFF}}},
	{{{-3869, -2154, -10553},0, {-13985, -7619},{0xAD, 0xD0, 0xFF, 0xFF}}},
	{{{-4395, -2114, -10398},0, {-14096, -7211},{0x8E, 0xB1, 0xFF, 0xFF}}},
	{{{-4444, -2154, -9105},0, {-13314, -6695},{0xB7, 0xDA, 0xFF, 0xFF}}},
	{{{-4800, -2122, -9890},0, {-13971, -6787},{0x8E, 0xB1, 0xFF, 0xFF}}},
	{{{-5254, -2154, -9440},0, {-13865, -6364},{0x8E, 0xB1, 0xFF, 0xFF}}},
	{{{-4444, -2154, -9105},0, {-13314, -6695},{0xB7, 0xDA, 0xFF, 0xFF}}},
	{{{-4800, -2122, -9890},0, {-13971, -6787},{0x8E, 0xB1, 0xFF, 0xFF}}},
	{{{-5442, -2154, -8284},0, {-13197, -5754},{0xAD, 0xD0, 0xFF, 0xFF}}},
	{{{-6368, -2154, -8429},0, {-13650, -5237},{0xB7, 0xDA, 0xFF, 0xFF}}},
	{{{-5504, -2154, -9672},0, {-14081, -6260},{0x8E, 0xB1, 0xFF, 0xFF}}},
	{{{-5782, -2154, -9845},0, {-14297, -6156},{0x8E, 0xB1, 0xFF, 0xFF}}},
	{{{-6339, -2154, -9638},0, {-14387, -5729},{0xAD, 0xD0, 0xFF, 0xFF}}},
	{{{-6153, -2154, -10248},0, {-14695, -6084},{0xAD, 0xD0, 0xFF, 0xFF}}},
	{{{-5637, -2154, -10505},0, {-14650, -6505},{0x8E, 0xB1, 0xFF, 0xFF}}},
	{{{-5960, -2154, -10851},0, {-15002, -6438},{0xAD, 0xD0, 0xFF, 0xFF}}},
	{{{-5492, -2154, -11165},0, {-15002, -6854},{0x8E, 0xB1, 0xFF, 0xFF}}},
	{{{-6364, -2154, -10472},0, {-15002, -6023},{0xCC, 0xEE, 0xFF, 0xFF}}},
	{{{-6662, -2154, -9984},0, {-14740, -5663},{0xCC, 0xEE, 0xFF, 0xFF}}},
	{{{-6896, -2154, -9430},0, {-14477, -5303},{0xCC, 0xEE, 0xFF, 0xFF}}},
	{{{-7302, -2154, -8403},0, {-14000, -4648},{0xCC, 0xEE, 0xFF, 0xFF}}},
	{{{-7708, -2154, -7375},0, {-13523, -3993},{0xCC, 0xEE, 0xFF, 0xFF}}},
	{{{-6368, -2154, -8429},0, {-13650, -5237},{0xB7, 0xDA, 0xFF, 0xFF}}},
	{{{-7302, -2154, -8403},0, {-14000, -4648},{0xCC, 0xEE, 0xFF, 0xFF}}},
	{{{-7324, -2154, -7365},0, {-13366, -4227},{0xCC, 0xEE, 0xFF, 0xFF}}},
	{{{-7147, -2154, -6822},0, {-12960, -4124},{0xAD, 0xD0, 0xFF, 0xFF}}},
	{{{-7519, -2154, -6862},0, {-13131, -3909},{0xAD, 0xD0, 0xFF, 0xFF}}},
	{{{-6970, -2154, -6280},0, {-12555, -4020},{0x8E, 0xB1, 0xFF, 0xFF}}},
	{{{-7330, -2154, -6349},0, {-12739, -3825},{0x8E, 0xB1, 0xFF, 0xFF}}},
	{{{-6610, -2154, -6210},0, {-12370, -4216},{0x8E, 0xB1, 0xFF, 0xFF}}},
	{{{-6775, -2154, -6782},0, {-12790, -4338},{0xAD, 0xD0, 0xFF, 0xFF}}},
	{{{-6080, -2154, -6358},0, {-12254, -4602},{0xAD, 0xD0, 0xFF, 0xFF}}},
	{{{-6238, -2119, -5048},0, {-11526, -3975},{0x8E, 0xB1, 0xFF, 0xFF}}},
	{{{-5738, -2154, -4865},0, {-11194, -4229},{0xAD, 0xD0, 0xFF, 0xFF}}},
	{{{-5651, -2154, -3742},0, {-10464, -3842},{0x8E, 0xB1, 0xFF, 0xFF}}},
	{{{-5311, -2125, -3568},0, {-10196, -3976},{0xAD, 0xD0, 0xFF, 0xFF}}},
	{{{-4919, -2129, -3335},0, {-9907, -4121},{0xCC, 0xEE, 0xFF, 0xFF}}},
	{{{-5738, -2154, -4865},0, {-11194, -4229},{0xAD, 0xD0, 0xFF, 0xFF}}},
	{{{-4919, -2129, -3335},0, {-9907, -4121},{0xCC, 0xEE, 0xFF, 0xFF}}},
	{{{-5184, -2154, -4660},0, {-10850, -4491},{0xCC, 0xEE, 0xFF, 0xFF}}},
	{{{-3453, -2154, -3979},0, {-9749, -5297},{0xCC, 0xEE, 0xFF, 0xFF}}},
	{{{-3315, -2131, -2429},0, {-8698, -4751},{0xCC, 0xEE, 0xFF, 0xFF}}},
	{{{-1910, -2154, -3992},0, {-9153, -6259},{0xCC, 0xEE, 0xFF, 0xFF}}},
	{{{-1373, -2154, -2374},0, {-7948, -5939},{0xCC, 0xEE, 0xFF, 0xFF}}},
	{{{-1162, -2154, -3789},0, {-8732, -6642},{0xCC, 0xEE, 0xFF, 0xFF}}},
	{{{-870, -2154, -2389},0, {-7750, -6273},{0xCC, 0xEE, 0xFF, 0xFF}}},
	{{{-367, -2154, -2405},0, {-7560, -6595},{0xCC, 0xEE, 0xFF, 0xFF}}},
	{{{-417, -2154, -3595},0, {-8320, -7028},{0xCC, 0xEE, 0xFF, 0xFF}}},
	{{{307, -2154, -3474},0, {-7960, -7428},{0xCC, 0xEE, 0xFF, 0xFF}}},
	{{{258, -2131, -2451},0, {-7327, -6984},{0xCC, 0xEE, 0xFF, 0xFF}}},
	{{{854, -2131, -2473},0, {-7105, -7366},{0xCC, 0xEE, 0xFF, 0xFF}}},
	{{{1011, -2154, -3368},0, {-7623, -7821},{0xCC, 0xEE, 0xFF, 0xFF}}},
	{{{1610, -2154, -3705},0, {-7595, -8333},{0xCC, 0xEE, 0xFF, 0xFF}}},
	{{{1610, -2154, -3705},0, {-7595, -8333},{0xCC, 0xEE, 0xFF, 0xFF}}},
	{{{854, -2131, -2473},0, {-7105, -7366},{0xCC, 0xEE, 0xFF, 0xFF}}},
	{{{1396, -2131, -2785},0, {-7092, -7807},{0xCC, 0xEE, 0xFF, 0xFF}}},
	{{{-3453, -2154, -3979},0, {-9749, -5297},{0xCC, 0xEE, 0xFF, 0xFF}}},
	{{{-1910, -2154, -3992},0, {-9153, -6259},{0xCC, 0xEE, 0xFF, 0xFF}}},
	{{{-2683, -2154, -4356},0, {-9680, -5922},{0xCC, 0xEE, 0xFF, 0xFF}}},
	{{{-3469, -2154, -4390},0, {-10010, -5448},{0xCC, 0xEE, 0xFF, 0xFF}}},
	{{{-3446, -2154, -4743},0, {-10222, -5605},{0xCC, 0xEE, 0xFF, 0xFF}}},
	{{{-4432, -2154, -5221},0, {-10903, -5177},{0xCC, 0xEE, 0xFF, 0xFF}}},
	{{{-3981, -2154, -5481},0, {-10887, -5559},{0xCC, 0xEE, 0xFF, 0xFF}}},
	{{{-4505, -2154, -6209},0, {-11559, -5530},{0xCC, 0xEE, 0xFF, 0xFF}}},
	{{{-5028, -2154, -6370},0, {-11848, -5260},{0xCC, 0xEE, 0xFF, 0xFF}}},
	{{{-5550, -2154, -6506},0, {-12137, -4989},{0xCC, 0xEE, 0xFF, 0xFF}}},
	{{{-5184, -2154, -4660},0, {-10850, -4491},{0xCC, 0xEE, 0xFF, 0xFF}}},
	{{{-6080, -2154, -6358},0, {-12254, -4602},{0xAD, 0xD0, 0xFF, 0xFF}}},
	{{{-5738, -2154, -4865},0, {-11194, -4229},{0xAD, 0xD0, 0xFF, 0xFF}}},
	{{{-9423, -2154, -3846},0, {6628, -4263},{0xCB, 0xEE, 0xFF, 0xFF}}},
	{{{-8134, -2154, -3204},0, {7589, -3825},{0xCC, 0xEE, 0xFF, 0xFF}}},
	{{{-8619, -2073, -5315},0, {7200, -5348},{0xCC, 0xEE, 0xFF, 0xFF}}},
	{{{-9897, -2154, -5651},0, {6235, -5574},{0xCC, 0xEE, 0xFF, 0xFF}}},
	{{{-8999, -2023, -7356},0, {6855, -6846},{0xCC, 0xEE, 0xFF, 0xFF}}},
	{{{-10372, -2154, -7455},0, {5878, -6876},{0xCC, 0xEE, 0xFF, 0xFF}}},
	{{{-8499, -1973, -8893},0, {7200, -7962},{0xCC, 0xEE, 0xFF, 0xFF}}},
	{{{-9985, -2154, -9021},0, {6087, -8042},{0xC3, 0xE4, 0xFF, 0xFF}}},
	{{{-7890, -2154, -10328},0, {7589, -9053},{0xCC, 0xEE, 0xFF, 0xFF}}},
	{{{-9597, -2154, -10588},0, {6331, -9200},{0xB9, 0xD9, 0xFF, 0xFF}}},
	{{{-4927, -2419, 6333},0, {901, 4430},{0xCC, 0xEE, 0xFF, 0xFF}}},
	{{{-5272, -2400, 5632},0, {1366, 4859},{0xCC, 0xEE, 0xFF, 0xFF}}},
	{{{-5695, -2430, 4965},0, {1809, 5290},{0x8E, 0xB1, 0xFF, 0xFF}}},
	{{{-8295, -2396, 4453},0, {4060, 5142},{0xCC, 0xEE, 0xFF, 0xFF}}},
	{{{-8082, -2396, 4258},0, {3951, 5328},{0xCC, 0xEE, 0xFF, 0xFF}}},
	{{{-5805, -2430, 4282},0, {2104, 5819},{0xCC, 0xEE, 0xFF, 0xFF}}},
	{{{-8082, -2396, 4258},0, {3951, 5328},{0xCC, 0xEE, 0xFF, 0xFF}}},
	{{{-5805, -2430, 4282},0, {2104, 5819},{0xCC, 0xEE, 0xFF, 0xFF}}},
	{{{-7619, -2386, 3606},0, {3729, 5941},{0xCC, 0xEE, 0xFF, 0xFF}}},
	{{{-5939, -2430, 3537},0, {2378, 6377},{0x8E, 0xB1, 0xFF, 0xFF}}},
	{{{-7133, -2376, 2874},0, {3510, 6614},{0xCC, 0xEE, 0xFF, 0xFF}}},
	{{{-5595, -2332, 2097},0, {2465, 7622},{0xCC, 0xEE, 0xFF, 0xFF}}},
	{{{-5369, -1020, 2241},0, {1688, 7592},{0xCC, 0xEE, 0xFF, 0xFF}}},
	{{{-5671, -1020, 3507},0, {1581, 6687},{0xAD, 0xD0, 0xFF, 0xFF}}},
	{{{-5398, 333, 3535},0, {783, 6998},{0xCC, 0xEE, 0xFF, 0xFF}}},
	{{{-5101, 333, 2321},0, {851, 7598},{0xCC, 0xEE, 0xFF, 0xFF}}},
	{{{-6719, -2345, 1014},0, {3633, 8143},{0xCC, 0xEE, 0xFF, 0xFF}}},
	{{{-5174, -2261, 1440},0, {2294, 8202},{0xCC, 0xEE, 0xFF, 0xFF}}},
	{{{-6271, -2209, 416},0, {3445, 8720},{0xCC, 0xEE, 0xFF, 0xFF}}},
	{{{-4682, -2123, 791},0, {2056, 8814},{0xCC, 0xEE, 0xFF, 0xFF}}},
	{{{-5859, -2073, -145},0, {3272, 9261},{0xCC, 0xEE, 0xFF, 0xFF}}},
	{{{-6185, -2068, -524},0, {3597, 9434},{0xCC, 0xEE, 0xFF, 0xFF}}},
	{{{-4682, -2123, 791},0, {2056, 8814},{0xCC, 0xEE, 0xFF, 0xFF}}},
	{{{-4227, -2138, -184},0, {2042, 9725},{0xCC, 0xEE, 0xFF, 0xFF}}},
	{{{-6185, -2068, -524},0, {3597, 9434},{0xCC, 0xEE, 0xFF, 0xFF}}},
	{{{-3175, -2111, -578},0, {1415, 10349},{0xCC, 0xEE, 0xFF, 0xFF}}},
	{{{-3310, -2061, -87},0, {1356, 9935},{0xCC, 0xEE, 0xFF, 0xFF}}},
	{{{-2504, -2048, -332},0, {895, 10363},{0xCC, 0xEE, 0xFF, 0xFF}}},
	{{{-2464, -2104, -709},0, {978, 10658},{0xCC, 0xEE, 0xFF, 0xFF}}},
	{{{-1676, -2034, -541},0, {421, 10765},{0xCC, 0xEE, 0xFF, 0xFF}}},
	{{{-1730, -2103, -826},0, {522, 10955},{0xCC, 0xEE, 0xFF, 0xFF}}},
	{{{-814, -2138, -544},0, {-169, 10888},{0xCC, 0xEE, 0xFF, 0xFF}}},
	{{{-829, -2177, -835},0, {-103, 11094},{0xCC, 0xEE, 0xFF, 0xFF}}},
	{{{50, -2224, -509},0, {-766, 10981},{0xCC, 0xEE, 0xFF, 0xFF}}},
	{{{88, -2252, -842},0, {-742, 11226},{0xCC, 0xEE, 0xFF, 0xFF}}},
	{{{2118, -2257, -1000},0, {-2134, 11551},{0xCC, 0xEE, 0xFF, 0xFF}}},
	{{{1692, -2239, -17},0, {-1961, 10760},{0xCC, 0xEE, 0xFF, 0xFF}}},
	{{{3474, -2257, -1012},0, {-3073, 11726},{0xAD, 0xD0, 0xFF, 0xFF}}},
	{{{1692, -2239, -17},0, {-1961, 10760},{0xCC, 0xEE, 0xFF, 0xFF}}},
	{{{3030, -2255, 1024},0, {-3040, 10219},{0x8E, 0xB1, 0xFF, 0xFF}}},
	{{{3474, -2257, -1012},0, {-3073, 11726},{0xAD, 0xD0, 0xFF, 0xFF}}},
	{{{5293, -2257, -3127},0, {-3973, 13516},{0xCC, 0xEE, 0xFF, 0xFF}}},
	{{{5235, -2257, -2550},0, {-4033, 13114},{0xCC, 0xEE, 0xFF, 0xFF}}},
	{{{3403, -2257, 1640},0, {-3475, 9823},{0x8E, 0xB1, 0xFF, 0xFF}}},
	{{{5166, -2257, -1630},0, {-4141, 12467},{0xCC, 0xEE, 0xFF, 0xFF}}},
	{{{3820, -2257, 2284},0, {-3904, 9419},{0x8E, 0xB1, 0xFF, 0xFF}}},
	{{{5094, -2257, -661},0, {-4257, 11783},{0xCC, 0xEE, 0xFF, 0xFF}}},
	{{{4081, -2257, 3737},0, {-4350, 8341},{0xCC, 0xEE, 0xFF, 0xFF}}},
	{{{4870, -2257, 2143},0, {-4623, 9707},{0xCC, 0xEE, 0xFF, 0xFF}}},
	{{{5530, -2261, 3948},0, {-5467, 8547},{0xCC, 0xEE, 0xFF, 0xFF}}},
	{{{3775, -2246, 5138},0, {-4407, 7166},{0xCC, 0xEE, 0xFF, 0xFF}}},
	{{{5861, -2429, 4820},0, {-5903, 8011},{0xCC, 0xEE, 0xFF, 0xFF}}},
	{{{3356, -2376, 5776},0, {-4310, 6588},{0xCC, 0xEE, 0xFF, 0xFF}}},
	{{{2923, -2526, 6480},0, {-4204, 6010},{0xCC, 0xEE, 0xFF, 0xFF}}},
	{{{2923, -2526, 6480},0, {-4204, 6010},{0xCC, 0xEE, 0xFF, 0xFF}}},
	{{{6224, -2608, 5766},0, {-6407, 7427},{0xCC, 0xEE, 0xFF, 0xFF}}},
	{{{5861, -2429, 4820},0, {-5903, 8011},{0xCC, 0xEE, 0xFF, 0xFF}}},
	{{{5305, -3038, 9200},0, {-6714, 4759},{0xCC, 0xEE, 0xFF, 0xFF}}},
	{{{2195, -2544, 6939},0, {-3904, 5507},{0xAD, 0xD0, 0xFF, 0xFF}}},
	{{{3636, -2813, 8555},0, {-5393, 4756},{0xCC, 0xEE, 0xFF, 0xFF}}},
	{{{1559, -2550, 7340},0, {-3589, 4990},{0x8E, 0xB1, 0xFF, 0xFF}}},
	{{{2014, -2585, 8034},0, {-4055, 4683},{0xCC, 0xEE, 0xFF, 0xFF}}},
	{{{2697, -2900, 9584},0, {-5032, 3780},{0xCC, 0xEE, 0xFF, 0xFF}}},
	{{{-213, -2604, 8675},0, {-2787, 3679},{0x8E, 0xB1, 0xFF, 0xFF}}},
	{{{35, -2838, 9683},0, {-3213, 3000},{0x96, 0xB9, 0xFF, 0xFF}}},
	{{{-1942, -2604, 8625},0, {-1559, 3276},{0x8E, 0xB1, 0xFF, 0xFF}}},
	{{{-1891, -2833, 9667},0, {-1860, 2522},{0x96, 0xB9, 0xFF, 0xFF}}},
	{{{-4054, -2562, 7830},0, {30, 3337},{0x8E, 0xB1, 0xFF, 0xFF}}},
	{{{-3714, -2878, 9525},0, {-550, 2168},{0x9F, 0xC1, 0xFF, 0xFF}}},
	{{{-5141, -2470, 9192},0, {638, 2158},{0xCC, 0xEE, 0xFF, 0xFF}}},
	{{{-5141, -2470, 9192},0, {638, 2158},{0xCC, 0xEE, 0xFF, 0xFF}}},
	{{{-4054, -2562, 7830},0, {30, 3337},{0x8E, 0xB1, 0xFF, 0xFF}}},
	{{{-3617, -2521, 7237},0, {-174, 3814},{0x8E, 0xB1, 0xFF, 0xFF}}},
	{{{-4927, -2419, 6333},0, {901, 4430},{0xCC, 0xEE, 0xFF, 0xFF}}},
	{{{-7424, -2430, 6024},0, {2988, 4098},{0xCC, 0xEE, 0xFF, 0xFF}}},
	{{{-8295, -2396, 4453},0, {4060, 5142},{0xCC, 0xEE, 0xFF, 0xFF}}},
	{{{-9890, -2435, 5749},0, {4968, 3797},{0xCC, 0xEE, 0xFF, 0xFF}}},
	{{{-8544, -2379, 4584},0, {4168, 4964},{0xCC, 0xEE, 0xFF, 0xFF}}},
	{{{-9477, -2395, 4450},0, {4943, 4893},{0xCC, 0xEE, 0xFF, 0xFF}}},
	{{{-10949, -2383, 3951},0, {6177, 4927},{0xCC, 0xEE, 0xFF, 0xFF}}},
	{{{-10361, -2353, 3920},0, {5731, 5085},{0xCC, 0xEE, 0xFF, 0xFF}}},
	{{{-10757, -2312, 3585},0, {6112, 5252},{0xCC, 0xEE, 0xFF, 0xFF}}},
	{{{-10916, -2226, 2893},0, {6383, 5753},{0xCC, 0xEE, 0xFF, 0xFF}}},
	{{{-12534, -2378, 3912},0, {7393, 4604},{0xCC, 0xEE, 0xFF, 0xFF}}},
	{{{-12041, -2267, 3037},0, {7215, 5383},{0xCC, 0xEE, 0xFF, 0xFF}}},
	{{{-11577, -2160, 2152},0, {7060, 6164},{0xCC, 0xEE, 0xFF, 0xFF}}},
	{{{-11577, -2160, 2152},0, {7060, 6164},{0xCC, 0xEE, 0xFF, 0xFF}}},
	{{{-10916, -2226, 2893},0, {6383, 5753},{0xCC, 0xEE, 0xFF, 0xFF}}},
	{{{-11052, -2139, 2145},0, {6657, 6289},{0xCC, 0xEE, 0xFF, 0xFF}}},
	{{{-11160, -2143, 411},0, {7129, 7579},{0xCC, 0xEE, 0xFF, 0xFF}}},
	{{{-11379, -2154, 1249},0, {7111, 6892},{0xCC, 0xEE, 0xFF, 0xFF}}},
	{{{-12971, -1973, 924},0, {8419, 6769},{0xCC, 0xEE, 0xFF, 0xFF}}},
	{{{-13015, -1920, 2127},0, {8177, 5851},{0xCC, 0xEE, 0xFF, 0xFF}}},
	{{{-12041, -2267, 3037},0, {7215, 5383},{0xCC, 0xEE, 0xFF, 0xFF}}},
	{{{-13547, -2006, 3032},0, {8392, 5044},{0xCC, 0xEE, 0xFF, 0xFF}}},
	{{{-14121, -2111, 3912},0, {8637, 4244},{0xCC, 0xEE, 0xFF, 0xFF}}},
	{{{-12534, -2378, 3912},0, {7393, 4604},{0xCC, 0xEE, 0xFF, 0xFF}}},
	{{{-15319, -2331, 5740},0, {9144, 2593},{0xCC, 0xEE, 0xFF, 0xFF}}},
	{{{-13564, -2609, 5720},0, {7776, 2988},{0xCC, 0xEE, 0xFF, 0xFF}}},
	{{{-15539, -3051, 9186},0, {8511, -118},{0xCC, 0xEE, 0xFF, 0xFF}}},
	{{{-17576, -2758, 9186},0, {10113, -583},{0xCC, 0xEE, 0xFF, 0xFF}}},
	{{{-13443, -3034, 9186},0, {6909, 349},{0xCC, 0xEE, 0xFF, 0xFF}}},
	{{{-13564, -2609, 5720},0, {7776, 2988},{0xCC, 0xEE, 0xFF, 0xFF}}},
	{{{-13443, -3034, 9186},0, {6909, 349},{0xCC, 0xEE, 0xFF, 0xFF}}},
	{{{-11772, -2604, 5719},0, {6412, 3386},{0xCC, 0xEE, 0xFF, 0xFF}}},
	{{{-11228, -2477, 9186},0, {5189, 894},{0xCC, 0xEE, 0xFF, 0xFF}}},
	{{{-9890, -2435, 5749},0, {4968, 3797},{0xCC, 0xEE, 0xFF, 0xFF}}},
	{{{-8205, -2461, 9194},0, {2927, 1521},{0xCC, 0xEE, 0xFF, 0xFF}}},
	{{{-7424, -2430, 6024},0, {2988, 4098},{0xCC, 0xEE, 0xFF, 0xFF}}},
	{{{-5141, -2470, 9192},0, {638, 2158},{0xCC, 0xEE, 0xFF, 0xFF}}},
	{{{-10949, -2383, 3951},0, {6177, 4927},{0xCC, 0xEE, 0xFF, 0xFF}}},
	{{{-12534, -2378, 3912},0, {7393, 4604},{0xCC, 0xEE, 0xFF, 0xFF}}},
	{{{4540, 475, -19201},0, {12056, 4036},{0xCC, 0xEE, 0xFF, 0xFF}}},
	{{{4374, 475, -20308},0, {11232, 4262},{0x79, 0xFF, 0xAF, 0xFF}}},
	{{{2739, 452, -20543},0, {11110, 5416},{0xC4, 0xF0, 0xF7, 0xF7}}},
	{{{2730, 452, -19978},0, {11506, 5452},{0xCC, 0xEE, 0xFF, 0xFF}}},
	{{{1310, 455, -19739},0, {11588, 6650},{0xCA, 0xEF, 0xFD, 0xFD}}},
	{{{871, 450, -18714},0, {12495, 6817},{0x79, 0xFF, 0xAF, 0xFF}}},
	{{{871, 450, -18714},0, {12495, 6817},{0x79, 0xFF, 0xAF, 0xFF}}},
	{{{4687, 475, -18764},0, {12342, 3875},{0xCC, 0xEE, 0xFF, 0xFF}}},
	{{{4540, 475, -19201},0, {12056, 4036},{0xCC, 0xEE, 0xFF, 0xFF}}},
	{{{4934, 466, -18067},0, {12838, 3692},{0xCC, 0xEE, 0xFF, 0xFF}}},
	{{{1218, 445, -18081},0, {12953, 6479},{0xCC, 0xEE, 0xFF, 0xFF}}},
	{{{-38, 450, -18774},0, {12471, 7387},{0xCC, 0xEE, 0xFF, 0xFF}}},
	{{{-490, 445, -18088},0, {12999, 7732},{0xCC, 0xEE, 0xFF, 0xFF}}},
	{{{-1778, 460, -18691},0, {12599, 8725},{0xCC, 0xEE, 0xFF, 0xFF}}},
	{{{-1909, 456, -19206},0, {12246, 8840},{0xCC, 0xEE, 0xFF, 0xFF}}},
	{{{-224, 452, -19745},0, {11762, 7557},{0xCC, 0xEE, 0xFF, 0xFF}}},
	{{{-1248, 577, -20130},0, {11512, 8336},{0xCC, 0xEE, 0xFF, 0xFF}}},
	{{{367, 452, -20547},0, {11180, 7205},{0xCC, 0xEE, 0xFF, 0xFF}}},
	{{{-2622, 577, -20143},0, {11550, 9347},{0x79, 0xFF, 0xAF, 0xFF}}},
	{{{-3075, 460, -19481},0, {12064, 9676},{0xCC, 0xEE, 0xFF, 0xFF}}},
	{{{-3943, 577, -20625},0, {11206, 10331},{0x79, 0xFF, 0xAF, 0xFF}}},
	{{{-4351, 456, -19230},0, {12300, 10584},{0xCC, 0xEE, 0xFF, 0xFF}}},
	{{{-4351, 456, -19230},0, {12300, 10584},{0xCC, 0xEE, 0xFF, 0xFF}}},
	{{{-3943, 577, -20625},0, {11206, 10331},{0x79, 0xFF, 0xAF, 0xFF}}},
	{{{-4556, 577, -20540},0, {11295, 10777},{0xA3, 0xF7, 0xD7, 0xF7}}},
	{{{-4942, 445, -19283},0, {12256, 11030},{0xCC, 0xEE, 0xFF, 0xFF}}},
	{{{-5197, 478, -20455},0, {11400, 11220},{0xCC, 0xEE, 0xFF, 0xFF}}},
	{{{-5496, 478, -19338},0, {12236, 11457},{0xCC, 0xEE, 0xFF, 0xFF}}},
	{{{-5544, 445, -18765},0, {12654, 11455},{0xCC, 0xEE, 0xFF, 0xFF}}},
	{{{-6301, 469, -18724},0, {12697, 12024},{0xCC, 0xEE, 0xFF, 0xFF}}},
	{{{-6189, 452, -18043},0, {13217, 11918},{0xCC, 0xEE, 0xFF, 0xFF}}},
	{{{-6896, 452, -17988},0, {13280, 12441},{0xCC, 0xEE, 0xFF, 0xFF}}},
	{{{-6891, 478, -18695},0, {12725, 12416},{0xCC, 0xEE, 0xFF, 0xFF}}},
	{{{-7730, 450, -17844},0, {13410, 13027},{0xCC, 0xEE, 0xFF, 0xFF}}},
	{{{-8188, 478, -18700},0, {12792, 13407},{0xE6, 0xC7, 0xFF, 0xFF}}},
	{{{-8771, 576, -18055},0, {13262, 13819},{0x7A, 0xFF, 0xB0, 0xFF}}},
	{{{-8776, 452, -17056},0, {13998, 13757},{0xCC, 0xEE, 0xFF, 0xFF}}},
	{{{-9762, 576, -17021},0, {14058, 14516},{0x79, 0xFF, 0xAF, 0xFF}}},
	{{{-9221, 450, -16050},0, {14733, 14034},{0xCC, 0xEE, 0xFF, 0xFF}}},
	{{{-8776, 452, -17056},0, {13998, 13757},{0xCC, 0xEE, 0xFF, 0xFF}}},
	{{{-9762, 576, -17021},0, {14058, 14516},{0x79, 0xFF, 0xAF, 0xFF}}},
	{{{-10837, 587, -15876},0, {14937, 15286},{0x79, 0xFF, 0xAF, 0xFF}}},
	{{{-10029, 445, -14979},0, {15561, 14630},{0xCC, 0xEE, 0xFF, 0xFF}}},
	{{{-11597, 599, -15022},0, {15570, 15817},{0x79, 0xFF, 0xAF, 0xFF}}},
	{{{-10402, 465, -13231},0, {16851, 14884},{0xCC, 0xEE, 0xFF, 0xFF}}},
	{{{-12040, 690, -13414},0, {16768, 16057},{0xF3, 0xA7, 0xFD, 0xFD}}},
	{{{-8899, 465, -13063},0, {16935, 13711},{0xCC, 0xEE, 0xFF, 0xFF}}},
	{{{-8711, 445, -14743},0, {15695, 13656},{0xCC, 0xEE, 0xFF, 0xFF}}},
	{{{-8062, 481, -13020},0, {16976, 13125},{0xCC, 0xEE, 0xFF, 0xFF}}},
	{{{-7978, 445, -14740},0, {15676, 13119},{0xCC, 0xEE, 0xFF, 0xFF}}},
	{{{-7261, 445, -12879},0, {17018, 12539},{0xCC, 0xEE, 0xFF, 0xFF}}},
	{{{-7240, 445, -14744},0, {15651, 12579},{0xCC, 0xEE, 0xFF, 0xFF}}},
	{{{-7829, 452, -15825},0, {14855, 13040},{0xCC, 0xEE, 0xFF, 0xFF}}},
	{{{-7199, 445, -16036},0, {14703, 12587},{0xCC, 0xEE, 0xFF, 0xFF}}},
	{{{-7978, 445, -14740},0, {15676, 13119},{0xCC, 0xEE, 0xFF, 0xFF}}},
	{{{-7829, 452, -15825},0, {14855, 13040},{0xCC, 0xEE, 0xFF, 0xFF}}},
	{{{-8439, 452, -15676},0, {14991, 13484},{0xCC, 0xEE, 0xFF, 0xFF}}},
	{{{-8711, 445, -14743},0, {15695, 13656},{0xCC, 0xEE, 0xFF, 0xFF}}},
	{{{-9221, 450, -16050},0, {14733, 14034},{0xCC, 0xEE, 0xFF, 0xFF}}},
	{{{-10029, 445, -14979},0, {15561, 14630},{0xCC, 0xEE, 0xFF, 0xFF}}},
	{{{7638, -3051, 9187},0, {-8318, 5390},{0xCC, 0xEE, 0xFF, 0xFF}}},
	{{{13631, -2973, 9186},0, {-12530, 6953},{0xCC, 0xEE, 0xFF, 0xFF}}},
	{{{11419, -2542, 5773},0, {-10122, 8724},{0xCC, 0xEE, 0xFF, 0xFF}}},
	{{{6224, -2608, 5766},0, {-6407, 7427},{0xCC, 0xEE, 0xFF, 0xFF}}},
	{{{10813, -2377, 4791},0, {-9443, 9240},{0xCC, 0xEE, 0xFF, 0xFF}}},
	{{{5861, -2429, 4820},0, {-5903, 8011},{0xCC, 0xEE, 0xFF, 0xFF}}},
	{{{5530, -2261, 3948},0, {-5467, 8547},{0xCC, 0xEE, 0xFF, 0xFF}}},
	{{{10240, -2212, 3913},0, {-8823, 9715},{0xCC, 0xEE, 0xFF, 0xFF}}},
	{{{9114, -2204, 2101},0, {-7623, 10676},{0xCC, 0xEE, 0xFF, 0xFF}}},
	{{{4870, -2257, 2143},0, {-4623, 9707},{0xCC, 0xEE, 0xFF, 0xFF}}},
	{{{4870, -2257, 2143},0, {-4623, 9707},{0xCC, 0xEE, 0xFF, 0xFF}}},
	{{{9114, -2204, 2101},0, {-7623, 10676},{0xCC, 0xEE, 0xFF, 0xFF}}},
	{{{9186, -2257, -291},0, {-7133, 12281},{0xCC, 0xEE, 0xFF, 0xFF}}},
	{{{5094, -2257, -661},0, {-4257, 11783},{0xCC, 0xEE, 0xFF, 0xFF}}},
	{{{9186, -2257, -1083},0, {-6981, 12834},{0xCC, 0xEE, 0xFF, 0xFF}}},
	{{{5166, -2257, -1630},0, {-4141, 12467},{0xCC, 0xEE, 0xFF, 0xFF}}},
	{{{9186, -2257, -1861},0, {-6838, 13356},{0xCC, 0xEE, 0xFF, 0xFF}}},
	{{{5235, -2257, -2550},0, {-4033, 13114},{0xCC, 0xEE, 0xFF, 0xFF}}},
	{{{9186, -2257, -2306},0, {-6757, 13660},{0xCC, 0xEE, 0xFF, 0xFF}}},
	{{{5293, -2257, -3127},0, {-3973, 13516},{0xCC, 0xEE, 0xFF, 0xFF}}},
	{{{9186, -2206, -2718},0, {-6679, 13951},{0xCC, 0xEE, 0xFF, 0xFF}}},
	{{{5357, -2183, -3645},0, {-3917, 13903},{0xCC, 0xEE, 0xFF, 0xFF}}},
	{{{3474, -2257, -1012},0, {-3073, 11726},{0xAD, 0xD0, 0xFF, 0xFF}}},
	{{{3912, -2179, -2780},0, {-3103, 13126},{0xCC, 0xEE, 0xFF, 0xFF}}},
	{{{2118, -2257, -1000},0, {-2134, 11551},{0xCC, 0xEE, 0xFF, 0xFF}}},
	{{{2526, -2179, -1978},0, {-2306, 12343},{0xCC, 0xEE, 0xFF, 0xFF}}},
	{{{88, -2252, -842},0, {-742, 11226},{0xCC, 0xEE, 0xFF, 0xFF}}},
	{{{2118, -2257, -1000},0, {-2134, 11551},{0xCC, 0xEE, 0xFF, 0xFF}}},
	{{{2526, -2179, -1978},0, {-2306, 12343},{0xCC, 0xEE, 0xFF, 0xFF}}},
	{{{124, -2187, -1174},0, {-745, 11487},{0xCC, 0xEE, 0xFF, 0xFF}}},
	{{{-847, -2190, -1126},0, {-37, 11298},{0xCC, 0xEE, 0xFF, 0xFF}}},
	{{{-31, -1794, -1177},0, {-514, 11602},{0xCC, 0xEE, 0xFF, 0xFF}}},
	{{{-860, -1832, -1161},0, {20, 11469},{0xCC, 0xEE, 0xFF, 0xFF}}},
	{{{-325, -1691, -1165},0, {-322, 11754},{0xCC, 0xEE, 0xFF, 0xFF}}},
	{{{-870, -1726, -1164},0, {77, 11641},{0xCC, 0xEE, 0xFF, 0xFF}}},
	{{{-1687, -1747, -1145},0, {553, 11337},{0xCC, 0xEE, 0xFF, 0xFF}}},
	{{{-1411, -1687, -1148},0, {497, 11511},{0xCC, 0xEE, 0xFF, 0xFF}}},
	{{{-1785, -2091, -1110},0, {656, 11147},{0xCC, 0xEE, 0xFF, 0xFF}}},
	{{{-829, -2177, -835},0, {-103, 11094},{0xCC, 0xEE, 0xFF, 0xFF}}},
	{{{-1730, -2103, -826},0, {522, 10955},{0xCC, 0xEE, 0xFF, 0xFF}}},
	{{{-2425, -2077, -1085},0, {1062, 10952},{0xCC, 0xEE, 0xFF, 0xFF}}},
	{{{-2464, -2104, -709},0, {978, 10658},{0xCC, 0xEE, 0xFF, 0xFF}}},
	{{{-3029, -2077, -1065},0, {1474, 10763},{0xCC, 0xEE, 0xFF, 0xFF}}},
	{{{-2464, -2104, -709},0, {978, 10658},{0xCC, 0xEE, 0xFF, 0xFF}}},
	{{{-2425, -2077, -1085},0, {1062, 10952},{0xCC, 0xEE, 0xFF, 0xFF}}},
	{{{-3175, -2111, -578},0, {1415, 10349},{0xCC, 0xEE, 0xFF, 0xFF}}},
	{{{-4227, -2138, -184},0, {2042, 9725},{0xCC, 0xEE, 0xFF, 0xFF}}},
	{{{-3703, -2079, -1046},0, {1914, 10567},{0xCC, 0xEE, 0xFF, 0xFF}}},
	{{{-6185, -2068, -524},0, {3597, 9434},{0xCC, 0xEE, 0xFF, 0xFF}}},
	{{{-7676, -2154, -1839},0, {5076, 10047},{0xB7, 0xD5, 0xFF, 0xFF}}},
	{{{-6912, -2042, -2635},0, {4973, 10860},{0xCC, 0xEE, 0xFF, 0xFF}}},
	{{{-4830, -2042, -1636},0, {2620, 10608},{0xCC, 0xEE, 0xFF, 0xFF}}},
	{{{-8134, -2154, -3204},0, {5735, 10946},{0xCC, 0xEE, 0xFF, 0xFF}}},
	{{{5305, -3038, 9200},0, {-6714, 4759},{0xCC, 0xEE, 0xFF, 0xFF}}},
	{{{7638, -3051, 9187},0, {-8318, 5390},{0xCC, 0xEE, 0xFF, 0xFF}}},
	{{{6224, -2608, 5766},0, {-6407, 7427},{0xCC, 0xEE, 0xFF, 0xFF}}},
	{{{-847, -2190, -1126},0, {-37, 11298},{0xCC, 0xEE, 0xFF, 0xFF}}},
	{{{-829, -2177, -835},0, {-103, 11094},{0xCC, 0xEE, 0xFF, 0xFF}}},
	{{{88, -2252, -842},0, {-742, 11226},{0xCC, 0xEE, 0xFF, 0xFF}}},
	{{{1046, 1614, 3518},0, {8606, -6779},{0xCC, 0xEE, 0xFF, 0xFF}}},
	{{{1107, 333, 5001},0, {9608, -5746},{0xCC, 0xEE, 0xFF, 0xFF}}},
	{{{1560, 333, 3435},0, {9608, -6942},{0xCC, 0xEE, 0xFF, 0xFF}}},
	{{{681, 1614, 4779},0, {8606, -5816},{0xCC, 0xEE, 0xFF, 0xFF}}},
	{{{532, 2896, 3602},0, {7605, -6615},{0xCC, 0xEE, 0xFF, 0xFF}}},
	{{{255, 2896, 4558},0, {7605, -5885},{0xCC, 0xEE, 0xFF, 0xFF}}},
	{{{2697, -2900, 9584},0, {-5032, 3780},{0xCC, 0xEE, 0xFF, 0xFF}}},
	{{{3972, -2986, 9587},0, {-5907, 4126},{0xCC, 0xEE, 0xFF, 0xFF}}},
	{{{3636, -2813, 8555},0, {-5393, 4756},{0xCC, 0xEE, 0xFF, 0xFF}}},
	{{{5305, -3038, 9200},0, {-6714, 4759},{0xCC, 0xEE, 0xFF, 0xFF}}},
	{{{-7676, -2154, -1839},0, {5076, 10047},{0xB7, 0xD5, 0xFF, 0xFF}}},
	{{{-6577, -2072, -792},0, {3947, 9546},{0xCC, 0xEE, 0xFF, 0xFF}}},
	{{{-6185, -2068, -524},0, {3597, 9434},{0xCC, 0xEE, 0xFF, 0xFF}}},
	{{{-7997, -2154, -1195},0, {5131, 9497},{0xC2, 0xE2, 0xFF, 0xFF}}},
	{{{-6577, -2072, -792},0, {3947, 9546},{0xCC, 0xEE, 0xFF, 0xFF}}},
	{{{-7676, -2154, -1839},0, {5076, 10047},{0xB7, 0xD5, 0xFF, 0xFF}}},
	{{{-7044, -2084, -308},0, {4181, 9061},{0xCC, 0xEE, 0xFF, 0xFF}}},
	{{{-8318, -2154, -550},0, {5231, 8953},{0xCC, 0xEE, 0xFF, 0xFF}}},
	{{{-7495, -2098, 268},0, {4385, 8515},{0xCC, 0xEE, 0xFF, 0xFF}}},
	{{{-8463, -2155, 826},0, {5002, 7868},{0xCC, 0xEE, 0xFF, 0xFF}}},
	{{{-9836, -2154, 1010},0, {5997, 7418},{0xCC, 0xEE, 0xFF, 0xFF}}},
	{{{-9683, -2154, -93},0, {6136, 8309},{0xCC, 0xEE, 0xFF, 0xFF}}},
	{{{-10031, -2142, 2104},0, {5911, 6519},{0xCC, 0xEE, 0xFF, 0xFF}}},
	{{{-10288, -2143, 422},0, {6464, 7738},{0xCC, 0xEE, 0xFF, 0xFF}}},
	{{{-10972, -2154, -734},0, {7233, 8503},{0xCC, 0xEE, 0xFF, 0xFF}}},
	{{{-11160, -2143, 411},0, {7129, 7579},{0xCC, 0xEE, 0xFF, 0xFF}}},
	{{{-12970, -1979, -281},0, {8685, 7676},{0xCC, 0xEE, 0xFF, 0xFF}}},
	{{{-11201, -2154, -1417},0, {7571, 8948},{0xCC, 0xEE, 0xFF, 0xFF}}},
	{{{-12974, -1980, -1090},0, {8867, 8293},{0xCC, 0xEE, 0xFF, 0xFF}}},
	{{{-12974, -1980, -1090},0, {8867, 8293},{0xCC, 0xEE, 0xFF, 0xFF}}},
	{{{-11201, -2154, -1417},0, {7571, 8948},{0xCC, 0xEE, 0xFF, 0xFF}}},
	{{{-11430, -2154, -2099},0, {7872, 9419},{0xCC, 0xEE, 0xFF, 0xFF}}},
	{{{-12978, -1981, -1858},0, {9038, 8877},{0xCC, 0xEE, 0xFF, 0xFF}}},
	{{{-13012, -2154, -2736},0, {9259, 9629},{0xCC, 0xEE, 0xFF, 0xFF}}},
	{{{-10788, -2154, -3388},0, {7748, 10582},{0xCB, 0xED, 0xFF, 0xFF}}},
	{{{-11240, -2154, -5454},0, {8498, 11993},{0xC2, 0xED, 0xFF, 0xFF}}},
	{{{-13012, -2154, -5160},0, {9773, 11376},{0xCC, 0xEE, 0xFF, 0xFF}}},
	{{{-11692, -2154, -7520},0, {9266, 13445},{0xB9, 0xED, 0xFF, 0xFF}}},
	{{{-13012, -2154, -7584},0, {10304, 13181},{0xCC, 0xEE, 0xFF, 0xFF}}},
	{{{-11498, -2154, -9183},0, {9523, 14756},{0xB9, 0xE3, 0xFF, 0xFF}}},
	{{{-13012, -2154, -9345},0, {10703, 14541},{0xCC, 0xEE, 0xFF, 0xFF}}},
	{{{-11305, -2154, -10847},0, {9746, 16057},{0xB9, 0xD8, 0xFF, 0xFF}}},
	{{{-13012, -2154, -11106},0, {11095, 15873},{0xCC, 0xEE, 0xFF, 0xFF}}},
	{{{-12970, -1979, -281},0, {8685, 7676},{0xCC, 0xEE, 0xFF, 0xFF}}},
	{{{-11379, -2154, 1249},0, {7111, 6892},{0xCC, 0xEE, 0xFF, 0xFF}}},
	{{{-11160, -2143, 411},0, {7129, 7579},{0xCC, 0xEE, 0xFF, 0xFF}}},
	{{{-12971, -1973, 924},0, {8419, 6769},{0xCC, 0xEE, 0xFF, 0xFF}}},
	{{{-8463, -2155, 826},0, {5002, 7868},{0xCC, 0xEE, 0xFF, 0xFF}}},
	{{{-7652, -2123, 1397},0, {4244, 7621},{0xCC, 0xEE, 0xFF, 0xFF}}},
	{{{-7495, -2098, 268},0, {4385, 8515},{0xCC, 0xEE, 0xFF, 0xFF}}},
	{{{-8604, -2161, 2138},0, {4806, 6844},{0xCC, 0xEE, 0xFF, 0xFF}}},
	{{{-10031, -2142, 2104},0, {5911, 6519},{0xCC, 0xEE, 0xFF, 0xFF}}},
	{{{-9836, -2154, 1010},0, {5997, 7418},{0xCC, 0xEE, 0xFF, 0xFF}}},
	{{{-9997, -2247, 3166},0, {5657, 5721},{0xCC, 0xEE, 0xFF, 0xFF}}},
	{{{-9252, -2335, 3836},0, {4912, 5364},{0xCC, 0xEE, 0xFF, 0xFF}}},
	{{{-8531, -2229, 3256},0, {4498, 6000},{0xCC, 0xEE, 0xFF, 0xFF}}},
	{{{-7804, -2150, 2515},0, {4101, 6736},{0xCC, 0xEE, 0xFF, 0xFF}}},
	{{{-1740, 4765, -2182},0, {4756, -9158},{0xCC, 0xEE, 0xFF, 0xFF}}},
	{{{-703, 4683, -2205},0, {4756, -8130},{0xCC, 0xEE, 0xFF, 0xFF}}},
	{{{-549, 4736, -1777},0, {5217, -8089},{0xCC, 0xEE, 0xFF, 0xFF}}},
	{{{-1876, 4744, -1747},0, {5217, -9204},{0xCC, 0xEE, 0xFF, 0xFF}}},
	{{{-620, 4738, -1333},0, {5677, -8048},{0xCC, 0xEE, 0xFF, 0xFF}}},
	{{{-1827, 4774, -1307},0, {5677, -9250},{0xCC, 0xEE, 0xFF, 0xFF}}},
	{{{-1881, -2154, -10713},0, {-13299, -8910},{0xCC, 0xEE, 0xFF, 0xFF}}},
	{{{-3385, -2154, -10180},0, {-13564, -7772},{0xCC, 0xEE, 0xFF, 0xFF}}},
	{{{-2660, -2154, -10208},0, {-13297, -8233},{0xCC, 0xEE, 0xFF, 0xFF}}},
	{{{-3285, -2154, -10781},0, {-13898, -8070},{0xCC, 0xEE, 0xFF, 0xFF}}},
	{{{-1771, -2154, -11739},0, {-13897, -9385},{0xCC, 0xEE, 0xFF, 0xFF}}},
	{{{-260, -2154, -11861},0, {-13380, -10368},{0xCC, 0xEE, 0xFF, 0xFF}}},
	{{{-258, -2154, -10998},0, {-12844, -10031},{0xCC, 0xEE, 0xFF, 0xFF}}},
	{{{-1125, -2154, -10623},0, {-12952, -9347},{0xCC, 0xEE, 0xFF, 0xFF}}},
	{{{-306, -2154, -10728},0, {-12696, -9895},{0xCC, 0xEE, 0xFF, 0xFF}}},
	{{{-375, -2154, -10499},0, {-12580, -9761},{0xCC, 0xEE, 0xFF, 0xFF}}},
	{{{-258, -2154, -10998},0, {-12844, -10031},{0xCC, 0xEE, 0xFF, 0xFF}}},
	{{{1728, -2154, -11672},0, {-12482, -11526},{0xCC, 0xEE, 0xFF, 0xFF}}},
	{{{-260, -2154, -11861},0, {-13380, -10368},{0xCC, 0xEE, 0xFF, 0xFF}}},
	{{{1810, -2154, -10864},0, {-11949, -11260},{0xCC, 0xEE, 0xFF, 0xFF}}},
	{{{-306, -2154, -10728},0, {-12696, -9895},{0xCC, 0xEE, 0xFF, 0xFF}}},
	{{{1807, -2154, -10209},0, {-11545, -11001},{0xCC, 0xEE, 0xFF, 0xFF}}},
	{{{1745, -2154, -9604},0, {-11187, -10725},{0xCC, 0xEE, 0xFF, 0xFF}}},
	{{{-375, -2154, -10499},0, {-12580, -9761},{0xCC, 0xEE, 0xFF, 0xFF}}},
	{{{3389, -2154, -9232},0, {-10319, -11598},{0xCC, 0xEE, 0xFF, 0xFF}}},
	{{{2452, -2154, -8904},0, {-10483, -10889},{0xCC, 0xEE, 0xFF, 0xFF}}},
	{{{3143, -2154, -8176},0, {-9764, -11023},{0xCC, 0xEE, 0xFF, 0xFF}}},
	{{{3990, -2154, -8000},0, {-9319, -11487},{0xCC, 0xEE, 0xFF, 0xFF}}},
	{{{3843, -2154, -7258},0, {-8917, -11104},{0xCC, 0xEE, 0xFF, 0xFF}}},
	{{{3182, -2154, -7338},0, {-9227, -10726},{0xCC, 0xEE, 0xFF, 0xFF}}},
	{{{3658, -2154, -6538},0, {-8543, -10707},{0xCC, 0xEE, 0xFF, 0xFF}}},
	{{{3185, -2154, -6501},0, {-8708, -10399},{0xCC, 0xEE, 0xFF, 0xFF}}},
	{{{3185, -2154, -6501},0, {-8708, -10399},{0xCC, 0xEE, 0xFF, 0xFF}}},
	{{{3480, -2154, -5212},0, {-7792, -10076},{0xCC, 0xEE, 0xFF, 0xFF}}},
	{{{3658, -2154, -6538},0, {-8543, -10707},{0xCC, 0xEE, 0xFF, 0xFF}}},
	{{{2883, -2154, -5037},0, {-7921, -9634},{0xCC, 0xEE, 0xFF, 0xFF}}},
	{{{2736, -2154, -4119},0, {-7406, -9187},{0xCC, 0xEE, 0xFF, 0xFF}}},
	{{{2250, -2154, -4360},0, {-7746, -8980},{0xCC, 0xEE, 0xFF, 0xFF}}},
	{{{2060, -2131, -3205},0, {-7092, -8377},{0xCC, 0xEE, 0xFF, 0xFF}}},
	{{{1610, -2154, -3705},0, {-7595, -8333},{0xCC, 0xEE, 0xFF, 0xFF}}},
	{{{1396, -2131, -2785},0, {-7092, -7807},{0xCC, 0xEE, 0xFF, 0xFF}}},
	{{{3888, -2154, -4809},0, {-7382, -10171},{0xCC, 0xEE, 0xFF, 0xFF}}},
	{{{2656, -2120, -3563},0, {-7092, -8968},{0xCC, 0xEE, 0xFF, 0xFF}}},
	{{{3723, -2131, -4263},0, {-7092, -9842},{0xCC, 0xEE, 0xFF, 0xFF}}},
	{{{-3432, -2154, -9648},0, {-13245, -7532},{0xCC, 0xEE, 0xFF, 0xFF}}},
	{{{-2660, -2154, -10208},0, {-13297, -8233},{0xCC, 0xEE, 0xFF, 0xFF}}},
	{{{-3385, -2154, -10180},0, {-13564, -7772},{0xCC, 0xEE, 0xFF, 0xFF}}},
	{{{-4444, -2154, -9105},0, {-13314, -6695},{0xB7, 0xDA, 0xFF, 0xFF}}},
	{{{-3432, -2154, -9648},0, {-13245, -7532},{0xCC, 0xEE, 0xFF, 0xFF}}},
	{{{-4444, -2154, -9105},0, {-13314, -6695},{0xB7, 0xDA, 0xFF, 0xFF}}},
	{{{-4039, -2154, -8467},0, {-12759, -6695},{0xCC, 0xEE, 0xFF, 0xFF}}},
	{{{-12088, -2154, -12226},0, {8293, -3825},{0xCC, 0xEE, 0xFF, 0xFF}}},
	{{{-11163, -2154, -12061},0, {8982, -3825},{0xCC, 0xEE, 0xFF, 0xFF}}},
	{{{-11172, -826, -12063},0, {8982, -4778},{0xA0, 0xB8, 0xFF, 0xFF}}},
	{{{-12088, -855, -12226},0, {8293, -4778},{0xA0, 0xB7, 0xFF, 0xFF}}},
	{{{-11163, 445, -12061},0, {8982, -5731},{0x74, 0x81, 0xFF, 0xFF}}},
	{{{-12088, 445, -12226},0, {8293, -5731},{0x74, 0x80, 0xFF, 0xFF}}},
	{{{-13012, -855, -12392},0, {7605, -4778},{0xA0, 0xB7, 0xFF, 0xFF}}},
	{{{-13012, 445, -12392},0, {7605, -5731},{0x73, 0x7F, 0xFF, 0xFF}}},
	{{{-13012, -2154, -12392},0, {7605, -3825},{0xCC, 0xEE, 0xFF, 0xFF}}},
	{{{8445, 577, -15747},0, {14415, 1078},{0xB8, 0xF3, 0xEB, 0xF3}}},
	{{{8097, 581, -12496},0, {16917, 1234},{0x9C, 0xF9, 0xCF, 0xF9}}},
	{{{8886, 644, -12975},0, {16886, 471},{0x7A, 0xFF, 0xB0, 0xFF}}},
	{{{6583, 445, -16013},0, {14309, 2486},{0xCC, 0xEE, 0xFF, 0xFF}}},
	{{{8445, 577, -15747},0, {14415, 1078},{0xB8, 0xF3, 0xEB, 0xF3}}},
	{{{6319, 445, -17136},0, {13494, 2713},{0xCC, 0xEE, 0xFF, 0xFF}}},
	{{{6583, 445, -16013},0, {14309, 2486},{0xCC, 0xEE, 0xFF, 0xFF}}},
	{{{8056, 577, -17013},0, {13527, 1397},{0x79, 0xFF, 0xAF, 0xFF}}},
	{{{5732, 466, -18210},0, {12706, 3212},{0xCC, 0xEE, 0xFF, 0xFF}}},
	{{{7461, 577, -17962},0, {12858, 1867},{0x96, 0xFA, 0xC9, 0xFA}}},
	{{{7274, 475, -18796},0, {12262, 2067},{0xCC, 0xEE, 0xFF, 0xFF}}},
	{{{6205, 489, -18589},0, {12404, 2947},{0xCC, 0xEE, 0xFF, 0xFF}}},
	{{{4934, 466, -18067},0, {12838, 3692},{0xCC, 0xEE, 0xFF, 0xFF}}},
	{{{4501, 445, -17249},0, {13465, 4048},{0xCC, 0xEE, 0xFF, 0xFF}}},
	{{{1218, 445, -18081},0, {12953, 6479},{0xCC, 0xEE, 0xFF, 0xFF}}},
	{{{1504, 445, -17544},0, {13338, 6254},{0xCC, 0xEE, 0xFF, 0xFF}}},
	{{{-490, 445, -18088},0, {12999, 7732},{0xCC, 0xEE, 0xFF, 0xFF}}},
	{{{-447, 445, -17582},0, {13369, 7685},{0xCC, 0xEE, 0xFF, 0xFF}}},
	{{{-2333, 456, -18200},0, {12962, 9113},{0xCC, 0xEE, 0xFF, 0xFF}}},
	{{{-1778, 460, -18691},0, {12599, 8725},{0xCC, 0xEE, 0xFF, 0xFF}}},
	{{{-447, 445, -17582},0, {13369, 7685},{0xCC, 0xEE, 0xFF, 0xFF}}},
	{{{-2333, 456, -18200},0, {12962, 9113},{0xCC, 0xEE, 0xFF, 0xFF}}},
	{{{-2368, 445, -17604},0, {13409, 9094},{0xCC, 0xEE, 0xFF, 0xFF}}},
	{{{-3775, 460, -17847},0, {13266, 10120},{0xCC, 0xEE, 0xFF, 0xFF}}},
	{{{-4239, 445, -17264},0, {13715, 10455},{0xCC, 0xEE, 0xFF, 0xFF}}},
	{{{-5463, 457, -18063},0, {13154, 11381},{0xCC, 0xEE, 0xFF, 0xFF}}},
	{{{-6069, 452, -16941},0, {14017, 11821},{0xCC, 0xEE, 0xFF, 0xFF}}},
	{{{-4896, 445, -16566},0, {14246, 10915},{0xCC, 0xEE, 0xFF, 0xFF}}},
	{{{-7199, 445, -16036},0, {14703, 12587},{0xCC, 0xEE, 0xFF, 0xFF}}},
	{{{-2594, 445, -17096},0, {13801, 9245},{0xCC, 0xEE, 0xFF, 0xFF}}},
	{{{-388, 445, -17034},0, {13769, 7626},{0xCC, 0xEE, 0xFF, 0xFF}}},
	{{{1817, 445, -16972},0, {13760, 5995},{0xCC, 0xEE, 0xFF, 0xFF}}},
	{{{1504, 445, -17544},0, {13338, 6254},{0xCC, 0xEE, 0xFF, 0xFF}}},
	{{{4580, 445, -16323},0, {14150, 4019},{0xCC, 0xEE, 0xFF, 0xFF}}},
	{{{4501, 445, -17249},0, {13465, 4048},{0xCC, 0xEE, 0xFF, 0xFF}}},
	{{{6583, 445, -16013},0, {14309, 2486},{0xCC, 0xEE, 0xFF, 0xFF}}},
	{{{8097, 581, -12496},0, {16917, 1234},{0x9C, 0xF9, 0xCF, 0xF9}}},
	{{{6583, 445, -16013},0, {14309, 2486},{0xCC, 0xEE, 0xFF, 0xFF}}},
	{{{4580, 445, -16323},0, {14150, 4019},{0xCC, 0xEE, 0xFF, 0xFF}}},
	{{{7001, 584, -12502},0, {16948, 2016},{0xCC, 0xEE, 0xFF, 0xFF}}},
	{{{5540, 584, -12475},0, {16994, 3133},{0xCC, 0xEE, 0xFF, 0xFF}}},
	{{{4639, 445, -15335},0, {14864, 3891},{0xCC, 0xEE, 0xFF, 0xFF}}},
	{{{4670, 445, -13629},0, {16113, 3817},{0xCC, 0xEE, 0xFF, 0xFF}}},
	{{{4744, 484, -12427},0, {17018, 3724},{0xCC, 0xEE, 0xFF, 0xFF}}},
	{{{6319, 445, -17136},0, {13494, 2713},{0xCC, 0xEE, 0xFF, 0xFF}}},
	{{{4501, 445, -17249},0, {13465, 4048},{0xCC, 0xEE, 0xFF, 0xFF}}},
	{{{-4812, 460, -18806},0, {12595, 10886},{0xCC, 0xEE, 0xFF, 0xFF}}},
	{{{-4351, 456, -19230},0, {12300, 10584},{0xCC, 0xEE, 0xFF, 0xFF}}},
	{{{-4942, 445, -19283},0, {12256, 11030},{0xCC, 0xEE, 0xFF, 0xFF}}},
	{{{-5544, 445, -18765},0, {12654, 11455},{0xCC, 0xEE, 0xFF, 0xFF}}},
	{{{-5463, 457, -18063},0, {13154, 11381},{0xCC, 0xEE, 0xFF, 0xFF}}},
	{{{-6189, 452, -18043},0, {13217, 11918},{0xCC, 0xEE, 0xFF, 0xFF}}},
	{{{-7364, 445, -12140},0, {-3955, -3943},{0xCC, 0xEE, 0xFF, 0xFF}}},
	{{{-7261, 445, -12879},0, {-4489, -4062},{0xCC, 0xEE, 0xFF, 0xFF}}},
	{{{-7261, 1134, -12879},0, {-4379, -4555},{0xC2, 0xD6, 0xFF, 0xFF}}},
	{{{-7364, 1134, -12140},0, {-3845, -4436},{0xC2, 0xD6, 0xFF, 0xFF}}},
	{{{-7261, 1794, -12919},0, {-4270, -5048},{0xB8, 0xBE, 0xFF, 0xFF}}},
	{{{-7364, 1823, -12140},0, {-3736, -4930},{0xB8, 0xBE, 0xFF, 0xFF}}},
	{{{-7466, 1134, -11401},0, {-3311, -4318},{0xC2, 0xD6, 0xFF, 0xFF}}},
	{{{-7466, 1823, -11401},0, {-3201, -4811},{0xB8, 0xBE, 0xFF, 0xFF}}},
	{{{-7466, 445, -11401},0, {-3420, -3825},{0xCC, 0xEE, 0xFF, 0xFF}}},
	{{{-333, 1815, 1000},0, {4021, -9231},{0xCC, 0xEE, 0xFF, 0xFF}}},
	{{{599, 2355, 2284},0, {3458, -8138},{0xCC, 0xEE, 0xFF, 0xFF}}},
	{{{1005, 1815, 1902},0, {4021, -8048},{0xCC, 0xEE, 0xFF, 0xFF}}},
	{{{-483, 2355, 1554},0, {3459, -9095},{0xCC, 0xEE, 0xFF, 0xFF}}},
	{{{-633, 2896, 2108},0, {2896, -8959},{0xCC, 0xEE, 0xFF, 0xFF}}},
	{{{193, 2896, 2666},0, {2896, -8228},{0xCC, 0xEE, 0xFF, 0xFF}}},
	{{{-3699, -2154, -11481},0, {-14494, -8088},{0xAD, 0xD0, 0xFF, 0xFF}}},
	{{{-3869, -2154, -10553},0, {-13985, -7619},{0xAD, 0xD0, 0xFF, 0xFF}}},
	{{{-3285, -2154, -10781},0, {-13898, -8070},{0xCC, 0xEE, 0xFF, 0xFF}}},
	{{{-3171, -2154, -11722},0, {-14436, -8510},{0xCC, 0xEE, 0xFF, 0xFF}}},
	{{{-1771, -2154, -11739},0, {-13897, -9385},{0xCC, 0xEE, 0xFF, 0xFF}}},
	{{{-4635, -2154, -7304},0, {-12245, -5849},{0xCC, 0xEE, 0xFF, 0xFF}}},
	{{{-4039, -2154, -8467},0, {-12759, -6695},{0xCC, 0xEE, 0xFF, 0xFF}}},
	{{{-4444, -2154, -9105},0, {-13314, -6695},{0xB7, 0xDA, 0xFF, 0xFF}}},
	{{{-5148, -2154, -7163},0, {-12387, -5496},{0xCC, 0xEE, 0xFF, 0xFF}}},
	{{{-5657, -2154, -7069},0, {-12528, -5144},{0xCC, 0xEE, 0xFF, 0xFF}}},
	{{{-5442, -2154, -8284},0, {-13197, -5754},{0xAD, 0xD0, 0xFF, 0xFF}}},
	{{{-6368, -2154, -8429},0, {-13650, -5237},{0xB7, 0xDA, 0xFF, 0xFF}}},
	{{{-6299, -2154, -7212},0, {-12869, -4802},{0xCC, 0xEE, 0xFF, 0xFF}}},
	{{{-6940, -2154, -7355},0, {-13209, -4461},{0xCC, 0xEE, 0xFF, 0xFF}}},
	{{{-7324, -2154, -7365},0, {-13366, -4227},{0xCC, 0xEE, 0xFF, 0xFF}}},
	{{{-6775, -2154, -6782},0, {-12790, -4338},{0xAD, 0xD0, 0xFF, 0xFF}}},
	{{{-7324, -2154, -7365},0, {-13366, -4227},{0xCC, 0xEE, 0xFF, 0xFF}}},
	{{{-7147, -2154, -6822},0, {-12960, -4124},{0xAD, 0xD0, 0xFF, 0xFF}}},
	{{{-6775, -2154, -6782},0, {-12790, -4338},{0xAD, 0xD0, 0xFF, 0xFF}}},
	{{{-6940, -2154, -7355},0, {-13209, -4461},{0xCC, 0xEE, 0xFF, 0xFF}}},
	{{{-6189, -2154, -6785},0, {-12561, -4702},{0xBD, 0xDF, 0xFF, 0xFF}}},
	{{{-6080, -2154, -6358},0, {-12254, -4602},{0xAD, 0xD0, 0xFF, 0xFF}}},
	{{{-5550, -2154, -6506},0, {-12137, -4989},{0xCC, 0xEE, 0xFF, 0xFF}}},
	{{{-5604, -2154, -6787},0, {-12333, -5066},{0xCC, 0xEE, 0xFF, 0xFF}}},
	{{{-6299, -2154, -7212},0, {-12869, -4802},{0xCC, 0xEE, 0xFF, 0xFF}}},
	{{{-5657, -2154, -7069},0, {-12528, -5144},{0xCC, 0xEE, 0xFF, 0xFF}}},
	{{{-3285, -2154, -10781},0, {-13898, -8070},{0xCC, 0xEE, 0xFF, 0xFF}}},
	{{{-3869, -2154, -10553},0, {-13985, -7619},{0xAD, 0xD0, 0xFF, 0xFF}}},
	{{{-4444, -2154, -9105},0, {-13314, -6695},{0xB7, 0xDA, 0xFF, 0xFF}}},
	{{{-3385, -2154, -10180},0, {-13564, -7772},{0xCC, 0xEE, 0xFF, 0xFF}}},
	{{{1810, -2154, -10864},0, {-11949, -11260},{0xCC, 0xEE, 0xFF, 0xFF}}},
	{{{1807, -2154, -10209},0, {-11545, -11001},{0xCC, 0xEE, 0xFF, 0xFF}}},
	{{{3389, -2154, -9232},0, {-10319, -11598},{0xCC, 0xEE, 0xFF, 0xFF}}},
	{{{3007, -2154, -10399},0, {-11191, -11819},{0xCC, 0xEE, 0xFF, 0xFF}}},
	{{{4672, -2154, -8416},0, {-9309, -12073},{0xCC, 0xEE, 0xFF, 0xFF}}},
	{{{4555, -2154, -8964},0, {-9694, -12215},{0xCC, 0xEE, 0xFF, 0xFF}}},
	{{{4184, -2154, -9976},0, {-10467, -12382},{0xCC, 0xEE, 0xFF, 0xFF}}},
	{{{2866, -2154, -11123},0, {-11695, -12016},{0xCC, 0xEE, 0xFF, 0xFF}}},
	{{{4006, -2154, -10573},0, {-10907, -12507},{0xCC, 0xEE, 0xFF, 0xFF}}},
	{{{1728, -2154, -11672},0, {-12482, -11526},{0xCC, 0xEE, 0xFF, 0xFF}}},
	{{{-7330, -1537, -6349},0, {10076, -6942},{0x8E, 0xB1, 0xFF, 0xFF}}},
	{{{-7141, -919, -5836},0, {10529, -6541},{0xAD, 0xD0, 0xFF, 0xFF}}},
	{{{-7322, -945, -6328},0, {10529, -6942},{0x8E, 0xB1, 0xFF, 0xFF}}},
	{{{-7141, -1537, -5836},0, {10076, -6541},{0xAD, 0xD0, 0xFF, 0xFF}}},
	{{{-7330, -2154, -6349},0, {9623, -6942},{0x8E, 0xB1, 0xFF, 0xFF}}},
	{{{-7141, -2154, -5836},0, {9623, -6541},{0xAD, 0xD0, 0xFF, 0xFF}}},
	{{{-7141, -2154, -5836},0, {9623, -6541},{0xAD, 0xD0, 0xFF, 0xFF}}},
	{{{-6951, -1537, -5323},0, {10076, -6140},{0xCC, 0xEE, 0xFF, 0xFF}}},
	{{{-7141, -1537, -5836},0, {10076, -6541},{0xAD, 0xD0, 0xFF, 0xFF}}},
	{{{-6951, -2154, -5323},0, {9623, -6140},{0xCC, 0xEE, 0xFF, 0xFF}}},
	{{{-6762, -1537, -4810},0, {10076, -5739},{0xCC, 0xEE, 0xFF, 0xFF}}},
	{{{-6762, -2154, -4810},0, {9623, -5739},{0xCC, 0xEE, 0xFF, 0xFF}}},
	{{{-6558, -1537, -4310},0, {10076, -5338},{0xCC, 0xEE, 0xFF, 0xFF}}},
	{{{-6558, -2154, -4310},0, {9623, -5338},{0xCC, 0xEE, 0xFF, 0xFF}}},
	{{{-6112, -1537, -4019},0, {10076, -4943},{0xAD, 0xD0, 0xFF, 0xFF}}},
	{{{-6112, -2154, -4019},0, {9623, -4943},{0xAD, 0xD0, 0xFF, 0xFF}}},
	{{{-5651, -1537, -3742},0, {10076, -4548},{0x8E, 0xB1, 0xFF, 0xFF}}},
	{{{-5651, -2154, -3742},0, {9623, -4548},{0x8E, 0xB1, 0xFF, 0xFF}}},
	{{{-5670, -945, -3753},0, {10529, -4548},{0x8E, 0xB1, 0xFF, 0xFF}}},
	{{{-6112, -919, -4019},0, {10529, -4943},{0xAD, 0xD0, 0xFF, 0xFF}}},
	{{{-6558, -919, -4310},0, {10529, -5338},{0xCC, 0xEE, 0xFF, 0xFF}}},
	{{{-6762, -919, -4810},0, {10529, -5739},{0xCC, 0xEE, 0xFF, 0xFF}}},
	{{{-6951, -1537, -5323},0, {10076, -6140},{0xCC, 0xEE, 0xFF, 0xFF}}},
	{{{-6762, -919, -4810},0, {10529, -5739},{0xCC, 0xEE, 0xFF, 0xFF}}},
	{{{-6951, -919, -5323},0, {10529, -6140},{0xCC, 0xEE, 0xFF, 0xFF}}},
	{{{-7141, -1537, -5836},0, {10076, -6541},{0xAD, 0xD0, 0xFF, 0xFF}}},
	{{{-7141, -919, -5836},0, {10529, -6541},{0xAD, 0xD0, 0xFF, 0xFF}}},
	{{{4681, -1755, -5638},0, {9279, -8462},{0xCC, 0xEE, 0xFF, 0xFF}}},
	{{{4890, -1355, -6169},0, {8860, -8169},{0xCC, 0xEE, 0xFF, 0xFF}}},
	{{{4689, -1372, -5660},0, {9279, -8169},{0xCC, 0xEE, 0xFF, 0xFF}}},
	{{{4890, -1755, -6169},0, {8860, -8462},{0xCC, 0xEE, 0xFF, 0xFF}}},
	{{{4681, -2154, -5638},0, {9279, -8755},{0xCC, 0xEE, 0xFF, 0xFF}}},
	{{{4890, -2154, -6169},0, {8860, -8755},{0xCC, 0xEE, 0xFF, 0xFF}}},
	{{{5100, -1755, -6699},0, {8442, -8462},{0xCC, 0xEE, 0xFF, 0xFF}}},
	{{{5100, -2154, -6699},0, {8442, -8755},{0xCC, 0xEE, 0xFF, 0xFF}}},
	{{{5310, -1755, -7230},0, {8023, -8462},{0xCC, 0xEE, 0xFF, 0xFF}}},
	{{{5310, -2154, -7230},0, {8023, -8755},{0xCC, 0xEE, 0xFF, 0xFF}}},
	{{{5520, -1755, -7761},0, {7605, -8462},{0xCC, 0xEE, 0xFF, 0xFF}}},
	{{{5310, -2154, -7230},0, {8023, -8755},{0xCC, 0xEE, 0xFF, 0xFF}}},
	{{{5520, -2154, -7761},0, {7605, -8755},{0xCC, 0xEE, 0xFF, 0xFF}}},
	{{{5520, -1755, -7761},0, {7605, -8462},{0xCC, 0xEE, 0xFF, 0xFF}}},
	{{{5310, -1755, -7230},0, {8023, -8462},{0xCC, 0xEE, 0xFF, 0xFF}}},
	{{{5511, -1372, -7738},0, {7605, -8169},{0xCC, 0xEE, 0xFF, 0xFF}}},
	{{{5310, -1355, -7230},0, {8023, -8169},{0xCC, 0xEE, 0xFF, 0xFF}}},
	{{{5100, -1755, -6699},0, {8442, -8462},{0xCC, 0xEE, 0xFF, 0xFF}}},
	{{{5100, -1355, -6699},0, {8442, -8169},{0xCC, 0xEE, 0xFF, 0xFF}}},
	{{{4890, -1755, -6169},0, {8860, -8462},{0xCC, 0xEE, 0xFF, 0xFF}}},
	{{{4890, -1355, -6169},0, {8860, -8169},{0xCC, 0xEE, 0xFF, 0xFF}}},
	{{{658, -2154, -4341},0, {2562, -4410},{0x8F, 0xE5, 0xFF, 0xFF}}},
	{{{1338, -2154, -4748},0, {2948, -4137},{0x8F, 0xE5, 0xFF, 0xFF}}},
	{{{1700, -2154, -5164},0, {3406, -3981},{0x8F, 0xE5, 0xFF, 0xFF}}},
	{{{185, -2154, -4300},0, {2424, -4792},{0x8F, 0xE5, 0xFF, 0xFF}}},
	{{{-390, -2154, -6819},0, {4009, -5854},{0x8F, 0xE5, 0xFF, 0xFF}}},
	{{{-373, -2154, -4343},0, {2286, -5175},{0x8F, 0xE5, 0xFF, 0xFF}}},
	{{{-373, -2154, -4343},0, {2286, -5175},{0x8F, 0xE5, 0xFF, 0xFF}}},
	{{{-390, -2154, -6819},0, {4009, -5854},{0x8F, 0xE5, 0xFF, 0xFF}}},
	{{{-964, -2154, -4462},0, {2234, -5632},{0x8F, 0xE5, 0xFF, 0xFF}}},
	{{{-1556, -2154, -4659},0, {2182, -6090},{0x8F, 0xE5, 0xFF, 0xFF}}},
	{{{-2122, -2154, -4936},0, {2257, -6559},{0x8F, 0xE5, 0xFF, 0xFF}}},
	{{{-2614, -2154, -5280},0, {2332, -7028},{0x8F, 0xE5, 0xFF, 0xFF}}},
	{{{-2991, -2154, -5676},0, {2538, -7354},{0x8F, 0xE5, 0xFF, 0xFF}}},
	{{{-3242, -2154, -6123},0, {2745, -7680},{0x8F, 0xE5, 0xFF, 0xFF}}},
	{{{-3358, -2154, -6629},0, {3091, -7856},{0x8F, 0xE5, 0xFF, 0xFF}}},
	{{{-3306, -2154, -7227},0, {3437, -8032},{0x8F, 0xE5, 0xFF, 0xFF}}},
	{{{-3064, -2154, -7921},0, {4069, -7991},{0x8F, 0xE5, 0xFF, 0xFF}}},
	{{{-2687, -2154, -8581},0, {4701, -7949},{0x8F, 0xE5, 0xFF, 0xFF}}},
	{{{-2238, -2154, -9074},0, {5096, -7719},{0x8F, 0xE5, 0xFF, 0xFF}}},
	{{{2020, -2154, -5678},0, {3864, -3825},{0x8F, 0xE5, 0xFF, 0xFF}}},
	{{{2280, -2154, -6786},0, {4701, -3990},{0x8F, 0xE5, 0xFF, 0xFF}}},
	{{{2272, -2154, -7322},0, {5053, -4143},{0x8F, 0xE5, 0xFF, 0xFF}}},
	{{{2272, -2154, -7322},0, {5053, -4143},{0x8F, 0xE5, 0xFF, 0xFF}}},
	{{{1700, -2154, -5164},0, {3406, -3981},{0x8F, 0xE5, 0xFF, 0xFF}}},
	{{{2020, -2154, -5678},0, {3864, -3825},{0x8F, 0xE5, 0xFF, 0xFF}}},
	{{{-390, -2154, -6819},0, {4009, -5854},{0x8F, 0xE5, 0xFF, 0xFF}}},
	{{{2124, -2154, -7835},0, {5405, -4296},{0x8F, 0xE5, 0xFF, 0xFF}}},
	{{{1795, -2154, -8314},0, {5616, -4737},{0x8F, 0xE5, 0xFF, 0xFF}}},
	{{{-662, -2154, -9490},0, {5826, -6792},{0x8F, 0xE5, 0xFF, 0xFF}}},
	{{{1382, -2154, -8696},0, {5826, -5178},{0x8F, 0xE5, 0xFF, 0xFF}}},
	{{{-1228, -2154, -9517},0, {5659, -7140},{0x8F, 0xE5, 0xFF, 0xFF}}},
	{{{-1747, -2154, -9382},0, {5491, -7489},{0x8F, 0xE5, 0xFF, 0xFF}}},
	{{{-2238, -2154, -9074},0, {5096, -7719},{0x8F, 0xE5, 0xFF, 0xFF}}},
	{{{-3208, 1614, 3659},0, {8605, -7121},{0xCC, 0xEE, 0xFF, 0xFF}}},
	{{{-2354, 2896, 4645},0, {7605, -8014},{0xCC, 0xEE, 0xFF, 0xFF}}},
	{{{-2693, 2896, 3709},0, {7605, -7283},{0xCC, 0xEE, 0xFF, 0xFF}}},
	{{{-2761, 1614, 4893},0, {8605, -8084},{0xCC, 0xEE, 0xFF, 0xFF}}},
	{{{-3723, 333, 3609},0, {9606, -6958},{0xCC, 0xEE, 0xFF, 0xFF}}},
	{{{-2761, 1614, 4893},0, {8605, -8084},{0xCC, 0xEE, 0xFF, 0xFF}}},
	{{{-3723, 333, 3609},0, {9606, -6958},{0xCC, 0xEE, 0xFF, 0xFF}}},
	{{{-3167, 333, 5142},0, {9606, -8153},{0xCC, 0xEE, 0xFF, 0xFF}}},
	{{{3552, 333, 3722},0, {-2911, 8122},{0xCC, 0xEE, 0xFF, 0xFF}}},
	{{{3574, -962, 2381},0, {-3294, 9016},{0xAD, 0xD0, 0xFF, 0xFF}}},
	{{{3329, 333, 2478},0, {-2684, 8613},{0xCC, 0xEE, 0xFF, 0xFF}}},
	{{{3817, -962, 3729},0, {-3630, 8231},{0xCC, 0xEE, 0xFF, 0xFF}}},
	{{{4081, -2257, 3737},0, {-4350, 8341},{0xCC, 0xEE, 0xFF, 0xFF}}},
	{{{3820, -2257, 2284},0, {-3904, 9419},{0x8E, 0xB1, 0xFF, 0xFF}}},
	{{{-4711, 25, 1774},0, {805, -9919},{0xCC, 0xEE, 0xFF, 0xFF}}},
	{{{-3109, 25, 400},0, {1832, -8758},{0xCC, 0xEE, 0xFF, 0xFF}}},
	{{{-4253, 25, 1266},0, {1213, -9637},{0xCC, 0xEE, 0xFF, 0xFF}}},
	{{{-3414, 25, 1069},0, {1337, -8972},{0xCC, 0xEE, 0xFF, 0xFF}}},
	{{{-5116, 25, 2317},0, {397, -10201},{0xCC, 0xEE, 0xFF, 0xFF}}},
	{{{-3720, 25, 1738},0, {843, -9186},{0xCC, 0xEE, 0xFF, 0xFF}}},
	{{{-5410, 25, 3552},0, {-513, -10399},{0xCC, 0xEE, 0xFF, 0xFF}}},
	{{{-5410, 25, 3552},0, {-513, -10399},{0xCC, 0xEE, 0xFF, 0xFF}}},
	{{{-4267, 25, 3627},0, {-551, -9560},{0xCC, 0xEE, 0xFF, 0xFF}}},
	{{{-3720, 25, 1738},0, {843, -9186},{0xCC, 0xEE, 0xFF, 0xFF}}},
	{{{-3596, 25, 5477},0, {-1898, -9041},{0xCC, 0xEE, 0xFF, 0xFF}}},
	{{{-5186, 25, 4796},0, {-1422, -10217},{0xCC, 0xEE, 0xFF, 0xFF}}},
	{{{-4387, 25, 5876},0, {-2235, -9668},{0xCC, 0xEE, 0xFF, 0xFF}}},
	{{{-3296, 25, 6784},0, {-2852, -8802},{0xCC, 0xEE, 0xFF, 0xFF}}},
	{{{-2562, 25, 7026},0, {-3019, -8260},{0xCC, 0xEE, 0xFF, 0xFF}}},
	{{{-2781, 25, 6028},0, {-2290, -8435},{0xCC, 0xEE, 0xFF, 0xFF}}},
	{{{-1828, 25, 7268},0, {-3186, -7719},{0xCC, 0xEE, 0xFF, 0xFF}}},
	{{{-1965, 25, 6579},0, {-2682, -7829},{0xCC, 0xEE, 0xFF, 0xFF}}},
	{{{3, 25, 6514},0, {-2606, -6387},{0xCC, 0xEE, 0xFF, 0xFF}}},
	{{{-244, 25, 7300},0, {-3186, -6556},{0xCC, 0xEE, 0xFF, 0xFF}}},
	{{{1557, 25, 5306},0, {-1698, -5264},{0xCC, 0xEE, 0xFF, 0xFF}}},
	{{{1251, 25, 6874},0, {-2852, -5466},{0xCC, 0xEE, 0xFF, 0xFF}}},
	{{{3258, 25, 4957},0, {-1417, -4022},{0xCC, 0xEE, 0xFF, 0xFF}}},
	{{{1251, 25, 6874},0, {-2852, -5466},{0xCC, 0xEE, 0xFF, 0xFF}}},
	{{{2396, 25, 6008},0, {-2233, -4587},{0xCC, 0xEE, 0xFF, 0xFF}}},
	{{{3258, 25, 4957},0, {-1417, -4022},{0xCC, 0xEE, 0xFF, 0xFF}}},
	{{{2104, 25, 3417},0, {-304, -4891},{0xCC, 0xEE, 0xFF, 0xFF}}},
	{{{1557, 25, 5306},0, {-1698, -5264},{0xCC, 0xEE, 0xFF, 0xFF}}},
	{{{3552, 25, 3722},0, {-507, -3825},{0xCC, 0xEE, 0xFF, 0xFF}}},
	{{{3329, 25, 2478},0, {402, -4007},{0xCC, 0xEE, 0xFF, 0xFF}}},
	{{{1434, 25, 1567},0, {1043, -5410},{0xCC, 0xEE, 0xFF, 0xFF}}},
	{{{2956, 25, 1922},0, {809, -4281},{0xCC, 0xEE, 0xFF, 0xFF}}},
	{{{1436, 25, 1028},0, {1438, -5416},{0xCC, 0xEE, 0xFF, 0xFF}}},
	{{{2529, 25, 1398},0, {1215, -4556},{0xCC, 0xEE, 0xFF, 0xFF}}},
	{{{1438, 25, 490},0, {1833, -5422},{0xCC, 0xEE, 0xFF, 0xFF}}},
	{{{-105, 25, 242},0, {1992, -6557},{0xCC, 0xEE, 0xFF, 0xFF}}},
	{{{-29, 25, 6},0, {2166, -6505},{0xCC, 0xEE, 0xFF, 0xFF}}},
	{{{-821, 25, -10},0, {2166, -7086},{0xCC, 0xEE, 0xFF, 0xFF}}},
	{{{-995, 25, 245},0, {1977, -7210},{0xCC, 0xEE, 0xFF, 0xFF}}},
	{{{-1614, 25, -26},0, {2166, -7667},{0xCC, 0xEE, 0xFF, 0xFF}}},
	{{{-995, 25, 245},0, {1977, -7210},{0xCC, 0xEE, 0xFF, 0xFF}}},
	{{{-821, 25, -10},0, {2166, -7086},{0xCC, 0xEE, 0xFF, 0xFF}}},
	{{{-1884, 25, 248},0, {1961, -7862},{0xCC, 0xEE, 0xFF, 0xFF}}},
	{{{-2361, 25, 187},0, {1999, -8213},{0xCC, 0xEE, 0xFF, 0xFF}}},
	{{{-2649, 25, 659},0, {1649, -8417},{0xCC, 0xEE, 0xFF, 0xFF}}},
	{{{-3109, 25, 400},0, {1832, -8758},{0xCC, 0xEE, 0xFF, 0xFF}}},
	{{{-3414, 25, 1069},0, {1337, -8972},{0xCC, 0xEE, 0xFF, 0xFF}}},
	{{{-2938, 25, 1130},0, {1299, -8622},{0xCC, 0xEE, 0xFF, 0xFF}}},
	{{{-3720, 25, 1738},0, {843, -9186},{0xCC, 0xEE, 0xFF, 0xFF}}},
	{{{-2155, 25, 523},0, {1756, -8057},{0xCC, 0xEE, 0xFF, 0xFF}}},
	{{{-1168, 25, 501},0, {1787, -7333},{0xCC, 0xEE, 0xFF, 0xFF}}},
	{{{-180, 25, 479},0, {1817, -6609},{0xCC, 0xEE, 0xFF, 0xFF}}},
	{{{-105, 25, 242},0, {1992, -6557},{0xCC, 0xEE, 0xFF, 0xFF}}},
	{{{1436, 25, 1028},0, {1438, -5416},{0xCC, 0xEE, 0xFF, 0xFF}}},
	{{{1434, 25, 1567},0, {1043, -5410},{0xCC, 0xEE, 0xFF, 0xFF}}},
};

Gfx ccm_dl_level_008_mesh_layer_1_tri_1[] = {
	gsSPVertex(ccm_dl_level_008_mesh_layer_1_vtx_1 + 0, 16, 0),
	gsSP1Triangle(0, 1, 2, 0),
	gsSP1Triangle(0, 2, 3, 0),
	gsSP1Triangle(3, 2, 4, 0),
	gsSP1Triangle(3, 4, 5, 0),
	gsSP1Triangle(5, 6, 3, 0),
	gsSP1Triangle(5, 7, 6, 0),
	gsSP1Triangle(8, 7, 5, 0),
	gsSP1Triangle(8, 5, 9, 0),
	gsSP1Triangle(10, 8, 9, 0),
	gsSP1Triangle(10, 9, 11, 0),
	gsSP1Triangle(12, 10, 11, 0),
	gsSP1Triangle(12, 11, 13, 0),
	gsSP1Triangle(13, 14, 12, 0),
	gsSP1Triangle(13, 15, 14, 0),
	gsSPVertex(ccm_dl_level_008_mesh_layer_1_vtx_1 + 16, 16, 0),
	gsSP1Triangle(0, 1, 2, 0),
	gsSP1Triangle(0, 3, 1, 0),
	gsSP1Triangle(2, 1, 4, 0),
	gsSP1Triangle(2, 4, 5, 0),
	gsSP1Triangle(5, 4, 6, 0),
	gsSP1Triangle(5, 6, 7, 0),
	gsSP1Triangle(7, 6, 8, 0),
	gsSP1Triangle(7, 8, 9, 0),
	gsSP1Triangle(9, 8, 10, 0),
	gsSP1Triangle(9, 10, 11, 0),
	gsSP1Triangle(12, 9, 11, 0),
	gsSP1Triangle(12, 13, 9, 0),
	gsSP1Triangle(14, 13, 12, 0),
	gsSP1Triangle(14, 15, 13, 0),
	gsSPVertex(ccm_dl_level_008_mesh_layer_1_vtx_1 + 32, 16, 0),
	gsSP1Triangle(0, 1, 2, 0),
	gsSP1Triangle(0, 2, 3, 0),
	gsSP1Triangle(4, 0, 3, 0),
	gsSP1Triangle(4, 3, 5, 0),
	gsSP1Triangle(6, 4, 5, 0),
	gsSP1Triangle(6, 5, 7, 0),
	gsSP1Triangle(8, 6, 7, 0),
	gsSP1Triangle(8, 9, 6, 0),
	gsSP1Triangle(10, 9, 8, 0),
	gsSP1Triangle(10, 11, 9, 0),
	gsSP1Triangle(11, 12, 9, 0),
	gsSP1Triangle(11, 13, 12, 0),
	gsSP1Triangle(13, 14, 12, 0),
	gsSP1Triangle(13, 15, 14, 0),
	gsSPVertex(ccm_dl_level_008_mesh_layer_1_vtx_1 + 48, 16, 0),
	gsSP1Triangle(0, 1, 2, 0),
	gsSP1Triangle(0, 3, 1, 0),
	gsSP1Triangle(0, 4, 3, 0),
	gsSP1Triangle(0, 5, 4, 0),
	gsSP1Triangle(6, 4, 5, 0),
	gsSP1Triangle(6, 7, 4, 0),
	gsSP1Triangle(8, 7, 6, 0),
	gsSP1Triangle(8, 6, 9, 0),
	gsSP1Triangle(10, 8, 9, 0),
	gsSP1Triangle(10, 9, 11, 0),
	gsSP1Triangle(12, 8, 10, 0),
	gsSP1Triangle(12, 13, 8, 0),
	gsSP1Triangle(13, 7, 8, 0),
	gsSP1Triangle(13, 14, 7, 0),
	gsSP1Triangle(14, 4, 7, 0),
	gsSP1Triangle(14, 15, 4, 0),
	gsSPVertex(ccm_dl_level_008_mesh_layer_1_vtx_1 + 64, 16, 0),
	gsSP1Triangle(0, 1, 2, 0),
	gsSP1Triangle(0, 3, 1, 0),
	gsSP1Triangle(0, 4, 3, 0),
	gsSP1Triangle(0, 5, 4, 0),
	gsSP1Triangle(5, 6, 4, 0),
	gsSP1Triangle(5, 7, 6, 0),
	gsSP1Triangle(4, 6, 8, 0),
	gsSP1Triangle(4, 8, 9, 0),
	gsSP1Triangle(9, 8, 10, 0),
	gsSP1Triangle(11, 10, 8, 0),
	gsSP1Triangle(11, 12, 10, 0),
	gsSP1Triangle(13, 12, 11, 0),
	gsSP1Triangle(13, 14, 12, 0),
	gsSP1Triangle(12, 14, 15, 0),
	gsSPVertex(ccm_dl_level_008_mesh_layer_1_vtx_1 + 80, 16, 0),
	gsSP1Triangle(0, 1, 2, 0),
	gsSP1Triangle(1, 3, 2, 0),
	gsSP1Triangle(1, 4, 3, 0),
	gsSP1Triangle(4, 5, 3, 0),
	gsSP1Triangle(4, 6, 5, 0),
	gsSP1Triangle(6, 7, 5, 0),
	gsSP1Triangle(6, 8, 7, 0),
	gsSP1Triangle(7, 8, 9, 0),
	gsSP1Triangle(7, 9, 10, 0),
	gsSP1Triangle(9, 11, 10, 0),
	gsSP1Triangle(9, 12, 11, 0),
	gsSP1Triangle(11, 12, 13, 0),
	gsSP1Triangle(11, 13, 14, 0),
	gsSP1Triangle(15, 14, 13, 0),
	gsSPVertex(ccm_dl_level_008_mesh_layer_1_vtx_1 + 96, 16, 0),
	gsSP1Triangle(0, 1, 2, 0),
	gsSP1Triangle(3, 4, 5, 0),
	gsSP1Triangle(3, 5, 6, 0),
	gsSP1Triangle(7, 6, 5, 0),
	gsSP1Triangle(7, 8, 6, 0),
	gsSP1Triangle(7, 9, 8, 0),
	gsSP1Triangle(10, 8, 9, 0),
	gsSP1Triangle(10, 11, 8, 0),
	gsSP1Triangle(8, 11, 12, 0),
	gsSP1Triangle(3, 8, 12, 0),
	gsSP1Triangle(12, 13, 3, 0),
	gsSP1Triangle(14, 13, 12, 0),
	gsSP1Triangle(14, 15, 13, 0),
	gsSP1Triangle(3, 6, 8, 0),
	gsSPVertex(ccm_dl_level_008_mesh_layer_1_vtx_1 + 112, 16, 0),
	gsSP1Triangle(0, 1, 2, 0),
	gsSP1Triangle(0, 2, 3, 0),
	gsSP1Triangle(3, 2, 4, 0),
	gsSP1Triangle(3, 4, 5, 0),
	gsSP1Triangle(5, 4, 6, 0),
	gsSP1Triangle(5, 6, 7, 0),
	gsSP1Triangle(7, 6, 8, 0),
	gsSP1Triangle(7, 8, 9, 0),
	gsSP1Triangle(10, 11, 12, 0),
	gsSP1Triangle(12, 13, 10, 0),
	gsSP1Triangle(12, 14, 13, 0),
	gsSP1Triangle(14, 12, 15, 0),
	gsSPVertex(ccm_dl_level_008_mesh_layer_1_vtx_1 + 128, 16, 0),
	gsSP1Triangle(0, 1, 2, 0),
	gsSP1Triangle(2, 1, 3, 0),
	gsSP1Triangle(2, 3, 4, 0),
	gsSP1Triangle(4, 3, 5, 0),
	gsSP1Triangle(3, 6, 5, 0),
	gsSP1Triangle(3, 7, 6, 0),
	gsSP1Triangle(6, 7, 8, 0),
	gsSP1Triangle(6, 8, 9, 0),
	gsSP1Triangle(4, 5, 10, 0),
	gsSP1Triangle(10, 5, 11, 0),
	gsSP1Triangle(10, 11, 12, 0),
	gsSP1Triangle(12, 11, 13, 0),
	gsSP1Triangle(12, 13, 14, 0),
	gsSP1Triangle(13, 15, 14, 0),
	gsSPVertex(ccm_dl_level_008_mesh_layer_1_vtx_1 + 144, 16, 0),
	gsSP1Triangle(0, 1, 2, 0),
	gsSP1Triangle(0, 3, 1, 0),
	gsSP1Triangle(0, 4, 3, 0),
	gsSP1Triangle(3, 4, 5, 0),
	gsSP1Triangle(3, 5, 6, 0),
	gsSP1Triangle(6, 5, 7, 0),
	gsSP1Triangle(6, 7, 8, 0),
	gsSP1Triangle(8, 7, 9, 0),
	gsSP1Triangle(8, 9, 10, 0),
	gsSP1Triangle(10, 9, 11, 0),
	gsSP1Triangle(10, 11, 12, 0),
	gsSP1Triangle(11, 13, 12, 0),
	gsSP1Triangle(11, 14, 13, 0),
	gsSP1Triangle(14, 15, 13, 0),
	gsSPVertex(ccm_dl_level_008_mesh_layer_1_vtx_1 + 160, 16, 0),
	gsSP1Triangle(0, 1, 2, 0),
	gsSP1Triangle(1, 3, 2, 0),
	gsSP1Triangle(1, 4, 3, 0),
	gsSP1Triangle(5, 4, 1, 0),
	gsSP1Triangle(5, 6, 4, 0),
	gsSP1Triangle(7, 6, 5, 0),
	gsSP1Triangle(7, 8, 6, 0),
	gsSP1Triangle(9, 8, 7, 0),
	gsSP1Triangle(9, 10, 8, 0),
	gsSP1Triangle(11, 10, 9, 0),
	gsSP1Triangle(11, 9, 12, 0),
	gsSP1Triangle(12, 13, 11, 0),
	gsSP1Triangle(12, 14, 13, 0),
	gsSP1Triangle(15, 13, 14, 0),
	gsSPVertex(ccm_dl_level_008_mesh_layer_1_vtx_1 + 176, 16, 0),
	gsSP1Triangle(0, 1, 2, 0),
	gsSP1Triangle(3, 1, 0, 0),
	gsSP1Triangle(4, 3, 0, 0),
	gsSP1Triangle(4, 5, 3, 0),
	gsSP1Triangle(6, 5, 4, 0),
	gsSP1Triangle(6, 7, 5, 0),
	gsSP1Triangle(8, 5, 7, 0),
	gsSP1Triangle(9, 8, 7, 0),
	gsSP1Triangle(9, 10, 8, 0),
	gsSP1Triangle(11, 10, 9, 0),
	gsSP1Triangle(11, 12, 10, 0),
	gsSP1Triangle(13, 12, 11, 0),
	gsSP1Triangle(13, 14, 12, 0),
	gsSP1Triangle(14, 13, 15, 0),
	gsSPVertex(ccm_dl_level_008_mesh_layer_1_vtx_1 + 192, 16, 0),
	gsSP1Triangle(0, 1, 2, 0),
	gsSP1Triangle(0, 2, 3, 0),
	gsSP1Triangle(4, 0, 3, 0),
	gsSP1Triangle(5, 4, 3, 0),
	gsSP1Triangle(6, 4, 5, 0),
	gsSP1Triangle(6, 5, 7, 0),
	gsSP1Triangle(7, 8, 6, 0),
	gsSP1Triangle(9, 6, 8, 0),
	gsSP1Triangle(8, 10, 9, 0),
	gsSP1Triangle(11, 9, 10, 0),
	gsSP1Triangle(9, 11, 12, 0),
	gsSP1Triangle(12, 13, 9, 0),
	gsSP1Triangle(12, 14, 13, 0),
	gsSP1Triangle(15, 14, 12, 0),
	gsSPVertex(ccm_dl_level_008_mesh_layer_1_vtx_1 + 208, 16, 0),
	gsSP1Triangle(0, 1, 2, 0),
	gsSP1Triangle(3, 0, 2, 0),
	gsSP1Triangle(3, 4, 0, 0),
	gsSP1Triangle(0, 4, 5, 0),
	gsSP1Triangle(0, 5, 6, 0),
	gsSP1Triangle(6, 7, 0, 0),
	gsSP1Triangle(6, 8, 7, 0),
	gsSP1Triangle(7, 8, 9, 0),
	gsSP1Triangle(7, 9, 10, 0),
	gsSP1Triangle(11, 10, 9, 0),
	gsSP1Triangle(11, 12, 10, 0),
	gsSP1Triangle(11, 13, 12, 0),
	gsSP1Triangle(11, 14, 13, 0),
	gsSP1Triangle(12, 13, 15, 0),
	gsSPVertex(ccm_dl_level_008_mesh_layer_1_vtx_1 + 224, 16, 0),
	gsSP1Triangle(0, 1, 2, 0),
	gsSP1Triangle(2, 1, 3, 0),
	gsSP1Triangle(2, 3, 4, 0),
	gsSP1Triangle(4, 3, 5, 0),
	gsSP1Triangle(4, 5, 6, 0),
	gsSP1Triangle(6, 5, 7, 0),
	gsSP1Triangle(8, 2, 4, 0),
	gsSP1Triangle(9, 2, 8, 0),
	gsSP1Triangle(9, 0, 2, 0),
	gsSP1Triangle(10, 11, 12, 0),
	gsSP1Triangle(10, 12, 13, 0),
	gsSP1Triangle(10, 13, 14, 0),
	gsSP1Triangle(10, 14, 15, 0),
	gsSPVertex(ccm_dl_level_008_mesh_layer_1_vtx_1 + 240, 16, 0),
	gsSP1Triangle(0, 1, 2, 0),
	gsSP1Triangle(3, 1, 0, 0),
	gsSP1Triangle(3, 0, 4, 0),
	gsSP1Triangle(4, 0, 5, 0),
	gsSP1Triangle(4, 5, 6, 0),
	gsSP1Triangle(6, 5, 7, 0),
	gsSP1Triangle(5, 8, 7, 0),
	gsSP1Triangle(5, 9, 8, 0),
	gsSP1Triangle(9, 10, 8, 0),
	gsSP1Triangle(9, 11, 10, 0),
	gsSP1Triangle(8, 10, 12, 0),
	gsSP1Triangle(8, 12, 13, 0),
	gsSP1Triangle(13, 12, 14, 0),
	gsSP1Triangle(13, 14, 15, 0),
	gsSPVertex(ccm_dl_level_008_mesh_layer_1_vtx_1 + 256, 16, 0),
	gsSP1Triangle(0, 1, 2, 0),
	gsSP1Triangle(0, 2, 3, 0),
	gsSP1Triangle(3, 2, 4, 0),
	gsSP1Triangle(3, 4, 5, 0),
	gsSP1Triangle(6, 3, 5, 0),
	gsSP1Triangle(6, 5, 7, 0),
	gsSP1Triangle(8, 6, 7, 0),
	gsSP1Triangle(8, 7, 9, 0),
	gsSP1Triangle(9, 7, 10, 0),
	gsSP1Triangle(9, 10, 11, 0),
	gsSP1Triangle(11, 10, 12, 0),
	gsSP1Triangle(11, 12, 13, 0),
	gsSP1Triangle(14, 11, 13, 0),
	gsSP1Triangle(14, 13, 15, 0),
	gsSPVertex(ccm_dl_level_008_mesh_layer_1_vtx_1 + 272, 16, 0),
	gsSP1Triangle(0, 1, 2, 0),
	gsSP1Triangle(0, 2, 3, 0),
	gsSP1Triangle(4, 0, 3, 0),
	gsSP1Triangle(4, 3, 5, 0),
	gsSP1Triangle(6, 4, 5, 0),
	gsSP1Triangle(6, 5, 7, 0),
	gsSP1Triangle(8, 4, 6, 0),
	gsSP1Triangle(8, 9, 4, 0),
	gsSP1Triangle(10, 9, 8, 0),
	gsSP1Triangle(10, 11, 9, 0),
	gsSP1Triangle(12, 11, 10, 0),
	gsSP1Triangle(12, 13, 11, 0),
	gsSP1Triangle(13, 14, 11, 0),
	gsSP1Triangle(13, 15, 14, 0),
	gsSPVertex(ccm_dl_level_008_mesh_layer_1_vtx_1 + 288, 16, 0),
	gsSP1Triangle(0, 1, 2, 0),
	gsSP1Triangle(0, 2, 3, 0),
	gsSP1Triangle(3, 2, 4, 0),
	gsSP1Triangle(3, 4, 5, 0),
	gsSP1Triangle(6, 7, 8, 0),
	gsSP1Triangle(6, 8, 9, 0),
	gsSP1Triangle(9, 8, 10, 0),
	gsSP1Triangle(9, 10, 11, 0),
	gsSP1Triangle(12, 11, 10, 0),
	gsSP1Triangle(12, 10, 13, 0),
	gsSP1Triangle(14, 12, 13, 0),
	gsSP1Triangle(14, 15, 12, 0),
	gsSPVertex(ccm_dl_level_008_mesh_layer_1_vtx_1 + 304, 16, 0),
	gsSP1Triangle(0, 1, 2, 0),
	gsSP1Triangle(0, 2, 3, 0),
	gsSP1Triangle(3, 2, 4, 0),
	gsSP1Triangle(3, 4, 5, 0),
	gsSP1Triangle(5, 4, 6, 0),
	gsSP1Triangle(5, 6, 7, 0),
	gsSP1Triangle(7, 6, 8, 0),
	gsSP1Triangle(7, 8, 9, 0),
	gsSP1Triangle(9, 8, 10, 0),
	gsSP1Triangle(9, 10, 11, 0),
	gsSP1Triangle(12, 9, 11, 0),
	gsSP1Triangle(12, 11, 13, 0),
	gsSP1Triangle(14, 12, 13, 0),
	gsSP1Triangle(14, 13, 15, 0),
	gsSPVertex(ccm_dl_level_008_mesh_layer_1_vtx_1 + 320, 16, 0),
	gsSP1Triangle(0, 1, 2, 0),
	gsSP1Triangle(0, 2, 3, 0),
	gsSP1Triangle(4, 0, 3, 0),
	gsSP1Triangle(5, 4, 3, 0),
	gsSP1Triangle(5, 6, 4, 0),
	gsSP1Triangle(7, 6, 5, 0),
	gsSP1Triangle(7, 8, 6, 0),
	gsSP1Triangle(8, 9, 6, 0),
	gsSP1Triangle(8, 10, 9, 0),
	gsSP1Triangle(6, 9, 11, 0),
	gsSP1Triangle(6, 11, 4, 0),
	gsSP1Triangle(11, 12, 4, 0),
	gsSP1Triangle(11, 13, 12, 0),
	gsSP1Triangle(14, 13, 11, 0),
	gsSP1Triangle(14, 15, 13, 0),
	gsSPVertex(ccm_dl_level_008_mesh_layer_1_vtx_1 + 336, 14, 0),
	gsSP1Triangle(0, 1, 2, 0),
	gsSP1Triangle(0, 3, 1, 0),
	gsSP1Triangle(4, 3, 0, 0),
	gsSP1Triangle(4, 0, 5, 0),
	gsSP1Triangle(6, 4, 5, 0),
	gsSP1Triangle(7, 6, 5, 0),
	gsSP1Triangle(5, 8, 7, 0),
	gsSP1Triangle(5, 9, 8, 0),
	gsSP1Triangle(8, 10, 7, 0),
	gsSP1Triangle(11, 12, 13, 0),
	gsSPVertex(ccm_dl_level_008_mesh_layer_1_vtx_1 + 350, 16, 0),
	gsSP1Triangle(0, 1, 2, 0),
	gsSP1Triangle(3, 4, 5, 0),
	gsSP1Triangle(3, 6, 4, 0),
	gsSP1Triangle(6, 3, 7, 0),
	gsSP1Triangle(6, 7, 8, 0),
	gsSP1Triangle(9, 10, 11, 0),
	gsSP1Triangle(12, 11, 10, 0),
	gsSP1Triangle(13, 14, 15, 0),
	gsSPVertex(ccm_dl_level_008_mesh_layer_1_vtx_1 + 366, 16, 0),
	gsSP1Triangle(0, 1, 2, 0),
	gsSP1Triangle(0, 3, 1, 0),
	gsSP1Triangle(4, 3, 0, 0),
	gsSP1Triangle(4, 5, 3, 0),
	gsSP1Triangle(6, 5, 4, 0),
	gsSP1Triangle(7, 6, 4, 0),
	gsSP1Triangle(7, 4, 8, 0),
	gsSP1Triangle(9, 7, 8, 0),
	gsSP1Triangle(9, 8, 10, 0),
	gsSP1Triangle(11, 10, 8, 0),
	gsSP1Triangle(10, 11, 12, 0),
	gsSP1Triangle(12, 11, 13, 0),
	gsSP1Triangle(13, 11, 14, 0),
	gsSP1Triangle(13, 14, 15, 0),
	gsSPVertex(ccm_dl_level_008_mesh_layer_1_vtx_1 + 382, 14, 0),
	gsSP1Triangle(0, 1, 2, 0),
	gsSP1Triangle(0, 2, 3, 0),
	gsSP1Triangle(2, 4, 3, 0),
	gsSP1Triangle(2, 5, 4, 0),
	gsSP1Triangle(4, 5, 6, 0),
	gsSP1Triangle(4, 6, 7, 0),
	gsSP1Triangle(7, 6, 8, 0),
	gsSP1Triangle(7, 8, 9, 0),
	gsSP1Triangle(9, 8, 10, 0),
	gsSP1Triangle(9, 10, 11, 0),
	gsSP1Triangle(11, 10, 12, 0),
	gsSP1Triangle(11, 12, 13, 0),
	gsSPVertex(ccm_dl_level_008_mesh_layer_1_vtx_1 + 396, 14, 0),
	gsSP1Triangle(0, 1, 2, 0),
	gsSP1Triangle(0, 3, 1, 0),
	gsSP1Triangle(4, 5, 6, 0),
	gsSP1Triangle(7, 5, 4, 0),
	gsSP1Triangle(8, 7, 4, 0),
	gsSP1Triangle(8, 4, 9, 0),
	gsSP1Triangle(10, 7, 8, 0),
	gsSP1Triangle(10, 11, 7, 0),
	gsSP1Triangle(12, 7, 11, 0),
	gsSP1Triangle(12, 13, 7, 0),
	gsSP1Triangle(7, 13, 5, 0),
	gsSPVertex(ccm_dl_level_008_mesh_layer_1_vtx_1 + 410, 16, 0),
	gsSP1Triangle(0, 1, 2, 0),
	gsSP1Triangle(0, 2, 3, 0),
	gsSP1Triangle(3, 2, 4, 0),
	gsSP1Triangle(3, 4, 5, 0),
	gsSP1Triangle(6, 7, 8, 0),
	gsSP1Triangle(6, 9, 7, 0),
	gsSP1Triangle(9, 6, 10, 0),
	gsSP1Triangle(6, 11, 10, 0),
	gsSP1Triangle(6, 12, 11, 0),
	gsSP1Triangle(12, 6, 13, 0),
	gsSP1Triangle(12, 13, 14, 0),
	gsSP1Triangle(15, 14, 13, 0),
	gsSPVertex(ccm_dl_level_008_mesh_layer_1_vtx_1 + 426, 16, 0),
	gsSP1Triangle(0, 1, 2, 0),
	gsSP1Triangle(0, 3, 1, 0),
	gsSP1Triangle(4, 3, 0, 0),
	gsSP1Triangle(4, 5, 3, 0),
	gsSP1Triangle(6, 5, 4, 0),
	gsSP1Triangle(6, 4, 7, 0),
	gsSP1Triangle(6, 8, 5, 0),
	gsSP1Triangle(6, 9, 8, 0),
	gsSP1Triangle(10, 8, 9, 0),
	gsSP1Triangle(10, 11, 8, 0),
	gsSP1Triangle(10, 12, 11, 0),
	gsSP1Triangle(10, 13, 12, 0),
	gsSP1Triangle(13, 14, 12, 0),
	gsSP1Triangle(13, 15, 14, 0),
	gsSPVertex(ccm_dl_level_008_mesh_layer_1_vtx_1 + 442, 16, 0),
	gsSP1Triangle(0, 1, 2, 0),
	gsSP1Triangle(0, 3, 1, 0),
	gsSP1Triangle(3, 4, 1, 0),
	gsSP1Triangle(3, 5, 4, 0),
	gsSP1Triangle(6, 4, 5, 0),
	gsSP1Triangle(6, 5, 7, 0),
	gsSP1Triangle(7, 8, 6, 0),
	gsSP1Triangle(9, 4, 6, 0),
	gsSP1Triangle(9, 6, 10, 0),
	gsSP1Triangle(10, 11, 9, 0),
	gsSP1Triangle(12, 13, 14, 0),
	gsSP1Triangle(12, 14, 15, 0),
	gsSPVertex(ccm_dl_level_008_mesh_layer_1_vtx_1 + 458, 16, 0),
	gsSP1Triangle(0, 1, 2, 0),
	gsSP1Triangle(3, 4, 5, 0),
	gsSP1Triangle(3, 5, 6, 0),
	gsSP1Triangle(6, 5, 7, 0),
	gsSP1Triangle(6, 7, 8, 0),
	gsSP1Triangle(9, 6, 8, 0),
	gsSP1Triangle(9, 8, 10, 0),
	gsSP1Triangle(11, 6, 9, 0),
	gsSP1Triangle(11, 3, 6, 0),
	gsSP1Triangle(12, 13, 14, 0),
	gsSP1Triangle(12, 15, 13, 0),
	gsSPVertex(ccm_dl_level_008_mesh_layer_1_vtx_1 + 474, 16, 0),
	gsSP1Triangle(0, 1, 2, 0),
	gsSP1Triangle(0, 3, 1, 0),
	gsSP1Triangle(3, 4, 1, 0),
	gsSP1Triangle(3, 5, 4, 0),
	gsSP1Triangle(6, 4, 5, 0),
	gsSP1Triangle(6, 7, 4, 0),
	gsSP1Triangle(1, 4, 8, 0),
	gsSP1Triangle(1, 8, 9, 0),
	gsSP1Triangle(9, 8, 10, 0),
	gsSP1Triangle(9, 10, 11, 0),
	gsSP1Triangle(11, 10, 12, 0),
	gsSP1Triangle(11, 12, 13, 0),
	gsSP1Triangle(13, 12, 14, 0),
	gsSP1Triangle(12, 15, 14, 0),
	gsSPVertex(ccm_dl_level_008_mesh_layer_1_vtx_1 + 490, 16, 0),
	gsSP1Triangle(0, 1, 2, 0),
	gsSP1Triangle(2, 1, 3, 0),
	gsSP1Triangle(2, 3, 4, 0),
	gsSP1Triangle(4, 3, 5, 0),
	gsSP1Triangle(4, 5, 6, 0),
	gsSP1Triangle(7, 4, 6, 0),
	gsSP1Triangle(7, 6, 8, 0),
	gsSP1Triangle(9, 4, 7, 0),
	gsSP1Triangle(9, 2, 4, 0),
	gsSP1Triangle(10, 2, 9, 0),
	gsSP1Triangle(10, 0, 2, 0),
	gsSP1Triangle(11, 0, 10, 0),
	gsSP1Triangle(11, 12, 0, 0),
	gsSP1Triangle(13, 12, 11, 0),
	gsSP1Triangle(13, 14, 12, 0),
	gsSP1Triangle(15, 14, 13, 0),
	gsSPVertex(ccm_dl_level_008_mesh_layer_1_vtx_1 + 506, 16, 0),
	gsSP1Triangle(0, 1, 2, 0),
	gsSP1Triangle(0, 2, 3, 0),
	gsSP1Triangle(2, 4, 3, 0),
	gsSP1Triangle(2, 5, 4, 0),
	gsSP1Triangle(4, 5, 6, 0),
	gsSP1Triangle(4, 6, 7, 0),
	gsSP1Triangle(1, 8, 9, 0),
	gsSP1Triangle(10, 11, 12, 0),
	gsSP1Triangle(10, 12, 13, 0),
	gsSP1Triangle(14, 10, 13, 0),
	gsSP1Triangle(14, 13, 15, 0),
	gsSPVertex(ccm_dl_level_008_mesh_layer_1_vtx_1 + 522, 15, 0),
	gsSP1Triangle(0, 1, 2, 0),
	gsSP1Triangle(0, 2, 3, 0),
	gsSP1Triangle(3, 2, 4, 0),
	gsSP1Triangle(3, 4, 5, 0),
	gsSP1Triangle(6, 3, 5, 0),
	gsSP1Triangle(6, 5, 7, 0),
	gsSP1Triangle(8, 3, 6, 0),
	gsSP1Triangle(8, 0, 3, 0),
	gsSP1Triangle(9, 10, 11, 0),
	gsSP1Triangle(9, 12, 10, 0),
	gsSP1Triangle(10, 12, 13, 0),
	gsSP1Triangle(10, 13, 14, 0),
	gsSPVertex(ccm_dl_level_008_mesh_layer_1_vtx_1 + 537, 16, 0),
	gsSP1Triangle(0, 1, 2, 0),
	gsSP1Triangle(0, 2, 3, 0),
	gsSP1Triangle(2, 4, 3, 0),
	gsSP1Triangle(5, 6, 7, 0),
	gsSP1Triangle(5, 7, 8, 0),
	gsSP1Triangle(9, 8, 7, 0),
	gsSP1Triangle(9, 7, 10, 0),
	gsSP1Triangle(9, 10, 11, 0),
	gsSP1Triangle(9, 11, 12, 0),
	gsSP1Triangle(13, 12, 11, 0),
	gsSP1Triangle(13, 11, 14, 0),
	gsSP1Triangle(14, 15, 13, 0),
	gsSPVertex(ccm_dl_level_008_mesh_layer_1_vtx_1 + 553, 14, 0),
	gsSP1Triangle(0, 1, 2, 0),
	gsSP1Triangle(3, 2, 4, 0),
	gsSP1Triangle(2, 5, 4, 0),
	gsSP1Triangle(4, 5, 6, 0),
	gsSP1Triangle(4, 6, 7, 0),
	gsSP1Triangle(8, 4, 7, 0),
	gsSP1Triangle(8, 7, 9, 0),
	gsSP1Triangle(3, 4, 8, 0),
	gsSP1Triangle(10, 11, 12, 0),
	gsSP1Triangle(10, 12, 13, 0),
	gsSPVertex(ccm_dl_level_008_mesh_layer_1_vtx_1 + 567, 16, 0),
	gsSP1Triangle(0, 1, 2, 0),
	gsSP1Triangle(0, 2, 3, 0),
	gsSP1Triangle(3, 2, 4, 0),
	gsSP1Triangle(3, 4, 5, 0),
	gsSP1Triangle(5, 6, 3, 0),
	gsSP1Triangle(7, 3, 6, 0),
	gsSP1Triangle(7, 6, 8, 0),
	gsSP1Triangle(9, 3, 7, 0),
	gsSP1Triangle(9, 0, 3, 0),
	gsSP1Triangle(10, 11, 12, 0),
	gsSP1Triangle(10, 13, 11, 0),
	gsSP1Triangle(14, 13, 10, 0),
	gsSP1Triangle(14, 15, 13, 0),
	gsSPVertex(ccm_dl_level_008_mesh_layer_1_vtx_1 + 583, 16, 0),
	gsSP1Triangle(0, 1, 2, 0),
	gsSP1Triangle(0, 3, 1, 0),
	gsSP1Triangle(3, 4, 1, 0),
	gsSP1Triangle(3, 5, 4, 0),
	gsSP1Triangle(5, 6, 4, 0),
	gsSP1Triangle(5, 7, 6, 0),
	gsSP1Triangle(7, 8, 6, 0),
	gsSP1Triangle(7, 9, 8, 0),
	gsSP1Triangle(9, 10, 8, 0),
	gsSP1Triangle(9, 11, 10, 0),
	gsSP1Triangle(8, 10, 12, 0),
	gsSP1Triangle(8, 12, 13, 0),
	gsSP1Triangle(6, 8, 13, 0),
	gsSP1Triangle(6, 13, 14, 0),
	gsSP1Triangle(4, 6, 14, 0),
	gsSP1Triangle(4, 14, 15, 0),
	gsSP1Triangle(1, 4, 15, 0),
	gsSPVertex(ccm_dl_level_008_mesh_layer_1_vtx_1 + 599, 16, 0),
	gsSP1Triangle(0, 1, 2, 0),
	gsSP1Triangle(3, 0, 2, 0),
	gsSP1Triangle(3, 2, 4, 0),
	gsSP1Triangle(5, 6, 7, 0),
	gsSP1Triangle(5, 8, 6, 0),
	gsSP1Triangle(9, 8, 5, 0),
	gsSP1Triangle(9, 10, 8, 0),
	gsSP1Triangle(10, 11, 8, 0),
	gsSP1Triangle(10, 12, 11, 0),
	gsSP1Triangle(12, 13, 11, 0),
	gsSP1Triangle(12, 14, 13, 0),
	gsSP1Triangle(14, 15, 13, 0),
	gsSPVertex(ccm_dl_level_008_mesh_layer_1_vtx_1 + 615, 16, 0),
	gsSP1Triangle(0, 1, 2, 0),
	gsSP1Triangle(3, 2, 4, 0),
	gsSP1Triangle(3, 4, 5, 0),
	gsSP1Triangle(6, 3, 5, 0),
	gsSP1Triangle(6, 5, 7, 0),
	gsSP1Triangle(8, 6, 7, 0),
	gsSP1Triangle(8, 7, 9, 0),
	gsSP1Triangle(10, 11, 12, 0),
	gsSP1Triangle(12, 13, 10, 0),
	gsSP1Triangle(12, 14, 13, 0),
	gsSP1Triangle(15, 13, 14, 0),
	gsSPVertex(ccm_dl_level_008_mesh_layer_1_vtx_1 + 631, 16, 0),
	gsSP1Triangle(0, 1, 2, 0),
	gsSP1Triangle(3, 2, 1, 0),
	gsSP1Triangle(3, 1, 4, 0),
	gsSP1Triangle(5, 4, 1, 0),
	gsSP1Triangle(5, 1, 6, 0),
	gsSP1Triangle(7, 6, 1, 0),
	gsSP1Triangle(7, 1, 8, 0),
	gsSP1Triangle(9, 8, 1, 0),
	gsSP1Triangle(9, 1, 10, 0),
	gsSP1Triangle(11, 10, 1, 0),
	gsSP1Triangle(11, 1, 12, 0),
	gsSP1Triangle(13, 14, 15, 0),
	gsSPVertex(ccm_dl_level_008_mesh_layer_1_vtx_1 + 647, 16, 0),
	gsSP1Triangle(0, 1, 2, 0),
	gsSP1Triangle(0, 3, 1, 0),
	gsSP1Triangle(4, 3, 0, 0),
	gsSP1Triangle(4, 5, 3, 0),
	gsSP1Triangle(6, 3, 5, 0),
	gsSP1Triangle(5, 7, 6, 0),
	gsSP1Triangle(6, 8, 3, 0),
	gsSP1Triangle(9, 3, 8, 0),
	gsSP1Triangle(9, 10, 3, 0),
	gsSP1Triangle(11, 12, 13, 0),
	gsSP1Triangle(11, 14, 12, 0),
	gsSP1Triangle(14, 11, 15, 0),
	gsSPVertex(ccm_dl_level_008_mesh_layer_1_vtx_1 + 663, 16, 0),
	gsSP1Triangle(0, 1, 2, 0),
	gsSP1Triangle(3, 4, 5, 0),
	gsSP1Triangle(3, 6, 4, 0),
	gsSP1Triangle(4, 6, 7, 0),
	gsSP1Triangle(4, 7, 8, 0),
	gsSP1Triangle(9, 10, 11, 0),
	gsSP1Triangle(9, 12, 10, 0),
	gsSP1Triangle(13, 12, 9, 0),
	gsSP1Triangle(13, 14, 12, 0),
	gsSP1Triangle(15, 14, 13, 0),
	gsSPVertex(ccm_dl_level_008_mesh_layer_1_vtx_1 + 679, 16, 0),
	gsSP1Triangle(0, 1, 2, 0),
	gsSP1Triangle(3, 1, 0, 0),
	gsSP1Triangle(3, 0, 4, 0),
	gsSP1Triangle(5, 3, 4, 0),
	gsSP1Triangle(5, 6, 3, 0),
	gsSP1Triangle(3, 6, 7, 0),
	gsSP1Triangle(3, 7, 8, 0),
	gsSP1Triangle(8, 7, 9, 0),
	gsSP1Triangle(8, 9, 10, 0),
	gsSP1Triangle(9, 11, 10, 0),
	gsSP1Triangle(9, 12, 11, 0),
	gsSP1Triangle(12, 13, 11, 0),
	gsSP1Triangle(12, 14, 13, 0),
	gsSP1Triangle(14, 15, 13, 0),
	gsSPVertex(ccm_dl_level_008_mesh_layer_1_vtx_1 + 695, 16, 0),
	gsSP1Triangle(0, 1, 2, 0),
	gsSP1Triangle(2, 3, 4, 0),
	gsSP1Triangle(2, 5, 3, 0),
	gsSP1Triangle(3, 5, 6, 0),
	gsSP1Triangle(3, 6, 7, 0),
	gsSP1Triangle(7, 6, 8, 0),
	gsSP1Triangle(7, 8, 9, 0),
	gsSP1Triangle(9, 8, 10, 0),
	gsSP1Triangle(9, 10, 11, 0),
	gsSP1Triangle(12, 9, 11, 0),
	gsSP1Triangle(12, 11, 13, 0),
	gsSP1Triangle(14, 12, 13, 0),
	gsSP1Triangle(14, 15, 12, 0),
	gsSPVertex(ccm_dl_level_008_mesh_layer_1_vtx_1 + 711, 16, 0),
	gsSP1Triangle(0, 1, 2, 0),
	gsSP1Triangle(0, 3, 1, 0),
	gsSP1Triangle(4, 3, 0, 0),
	gsSP1Triangle(4, 5, 3, 0),
	gsSP1Triangle(6, 5, 4, 0),
	gsSP1Triangle(6, 7, 5, 0),
	gsSP1Triangle(7, 8, 5, 0),
	gsSP1Triangle(7, 9, 8, 0),
	gsSP1Triangle(5, 8, 10, 0),
	gsSP1Triangle(5, 10, 3, 0),
	gsSP1Triangle(3, 10, 11, 0),
	gsSP1Triangle(3, 11, 1, 0),
	gsSP1Triangle(1, 11, 12, 0),
	gsSP1Triangle(1, 12, 13, 0),
	gsSP1Triangle(12, 14, 13, 0),
	gsSP1Triangle(12, 15, 14, 0),
	gsSPEndDisplayList(),
};

Vtx ccm_dl_level_008_mesh_layer_1_vtx_2[672] = {
	{{{2760, 1823, -11833},0, {4324, 4407},{0xCC, 0xEE, 0xFF, 0xFF}}},
	{{{3873, 1823, -11147},0, {5526, 4407},{0xCC, 0xEE, 0xFF, 0xFF}}},
	{{{3997, 1884, -11930},0, {5559, 1849},{0xCC, 0xEE, 0xFF, 0xFF}}},
	{{{2935, 1823, -12520},0, {4341, 1849},{0xCC, 0xEE, 0xFF, 0xFF}}},
	{{{4179, 1823, -12680},0, {5593, -708},{0xCC, 0xEE, 0xFF, 0xFF}}},
	{{{3109, 1823, -13224},0, {4357, -708},{0xCC, 0xEE, 0xFF, 0xFF}}},
	{{{1872, 1884, -13110},0, {3115, 1849},{0xCC, 0xEE, 0xFF, 0xFF}}},
	{{{2039, 1823, -13768},0, {3116, -708},{0xCC, 0xEE, 0xFF, 0xFF}}},
	{{{1857, 3258, -13118},0, {1754, 1849},{0xCC, 0xEE, 0xFF, 0xFF}}},
	{{{1987, 3308, -13763},0, {1755, -708},{0xCC, 0xEE, 0xFF, 0xFF}}},
	{{{2134, 4366, -12965},0, {444, 1849},{0xCC, 0xEE, 0xFF, 0xFF}}},
	{{{2055, 4706, -13728},0, {450, -708},{0xCC, 0xEE, 0xFF, 0xFF}}},
	{{{2935, 4694, -12520},0, {-781, 1849},{0xCC, 0xEE, 0xFF, 0xFF}}},
	{{{3102, 4791, -13195},0, {-764, -708},{0xCC, 0xEE, 0xFF, 0xFF}}},
	{{{3736, 4366, -12076},0, {-2005, 1849},{0xCC, 0xEE, 0xFF, 0xFF}}},
	{{{4148, 4702, -12661},0, {-1977, -708},{0xCC, 0xEE, 0xFF, 0xFF}}},
	{{{4013, 3258, -11922},0, {-3315, 1849},{0xCC, 0xEE, 0xFF, 0xFF}}},
	{{{3736, 4366, -12076},0, {-2005, 1849},{0xCC, 0xEE, 0xFF, 0xFF}}},
	{{{4148, 4702, -12661},0, {-1977, -708},{0xCC, 0xEE, 0xFF, 0xFF}}},
	{{{4216, 3306, -12626},0, {-3282, -708},{0xCC, 0xEE, 0xFF, 0xFF}}},
	{{{3997, 1884, -11930},0, {-4681, 1849},{0xCC, 0xEE, 0xFF, 0xFF}}},
	{{{4179, 1823, -12680},0, {-4647, -708},{0xCC, 0xEE, 0xFF, 0xFF}}},
	{{{3873, 1823, -11147},0, {-4714, 4407},{0xCC, 0xEE, 0xFF, 0xFF}}},
	{{{3889, 3308, -11173},0, {-3347, 4407},{0xCC, 0xEE, 0xFF, 0xFF}}},
	{{{3821, 4706, -11213},0, {-2033, 4407},{0xCC, 0xEE, 0xFF, 0xFF}}},
	{{{2935, 4694, -12520},0, {-781, 1849},{0xCC, 0xEE, 0xFF, 0xFF}}},
	{{{2768, 4794, -11846},0, {-797, 4407},{0xCC, 0xEE, 0xFF, 0xFF}}},
	{{{2134, 4366, -12965},0, {444, 1849},{0xCC, 0xEE, 0xFF, 0xFF}}},
	{{{1715, 4706, -12478},0, {438, 4407},{0xCC, 0xEE, 0xFF, 0xFF}}},
	{{{1857, 3258, -13118},0, {1754, 1849},{0xCC, 0xEE, 0xFF, 0xFF}}},
	{{{1647, 3308, -12518},0, {1754, 4407},{0xCC, 0xEE, 0xFF, 0xFF}}},
	{{{1872, 1884, -13110},0, {3115, 1849},{0xCC, 0xEE, 0xFF, 0xFF}}},
	{{{1647, 3308, -12518},0, {1754, 4407},{0xCC, 0xEE, 0xFF, 0xFF}}},
	{{{1648, 1823, -12486},0, {3115, 4407},{0xCC, 0xEE, 0xFF, 0xFF}}},
	{{{1872, 1884, -13110},0, {3115, 1849},{0xCC, 0xEE, 0xFF, 0xFF}}},
	{{{2935, 1823, -12520},0, {4341, 1849},{0xCC, 0xEE, 0xFF, 0xFF}}},
	{{{2760, 1823, -11833},0, {4324, 4407},{0xCC, 0xEE, 0xFF, 0xFF}}},
	{{{-3282, 165, -1},0, {8437, -1780},{0xCC, 0xEE, 0xFF, 0xFF}}},
	{{{-4614, 333, 899},0, {10628, -2291},{0xCC, 0xEE, 0xFF, 0xFF}}},
	{{{-3282, 333, -1},0, {8437, -2291},{0xCC, 0xEE, 0xFF, 0xFF}}},
	{{{-4614, 165, 899},0, {10628, -1780},{0xCC, 0xEE, 0xFF, 0xFF}}},
	{{{-4614, -207, 899},0, {10628, -611},{0xCC, 0xEE, 0xFF, 0xFF}}},
	{{{-3282, -207, -1},0, {8437, -611},{0xCC, 0xEE, 0xFF, 0xFF}}},
	{{{-3282, -1551, -1},0, {8437, 5041},{0xCC, 0xEE, 0xFF, 0xFF}}},
	{{{-2528, -205, -291},0, {7328, -614},{0xCC, 0xEE, 0xFF, 0xFF}}},
	{{{-3282, 165, -1},0, {8437, -1780},{0xCC, 0xEE, 0xFF, 0xFF}}},
	{{{-2525, 163, -292},0, {7324, -1775},{0xCC, 0xEE, 0xFF, 0xFF}}},
	{{{-2499, 333, -298},0, {7288, -2291},{0xCC, 0xEE, 0xFF, 0xFF}}},
	{{{-1904, 148, -467},0, {6428, -1728},{0xCC, 0xEE, 0xFF, 0xFF}}},
	{{{-2525, 163, -292},0, {7324, -1775},{0xCC, 0xEE, 0xFF, 0xFF}}},
	{{{-2499, 333, -298},0, {7288, -2291},{0xCC, 0xEE, 0xFF, 0xFF}}},
	{{{-1672, 333, -494},0, {6104, -2296},{0xCC, 0xEE, 0xFF, 0xFF}}},
	{{{-1916, -189, -463},0, {6444, -663},{0xCC, 0xEE, 0xFF, 0xFF}}},
	{{{-2528, -205, -291},0, {7328, -614},{0xCC, 0xEE, 0xFF, 0xFF}}},
	{{{-1833, -565, -480},0, {6318, 808},{0xCC, 0xEE, 0xFF, 0xFF}}},
	{{{-1645, -147, -516},0, {6034, -787},{0xCC, 0xEE, 0xFF, 0xFF}}},
	{{{-1634, 106, -517},0, {6019, -1594},{0xCC, 0xEE, 0xFF, 0xFF}}},
	{{{-1904, 148, -467},0, {6428, -1728},{0xCC, 0xEE, 0xFF, 0xFF}}},
	{{{-1574, -336, -516},0, {5913, -17},{0xCC, 0xEE, 0xFF, 0xFF}}},
	{{{-1520, -713, -514},0, {5815, 1514},{0xCC, 0xEE, 0xFF, 0xFF}}},
	{{{-1402, -2, -519},0, {5519, -554},{0xCC, 0xEE, 0xFF, 0xFF}}},
	{{{-1435, 153, -519},0, {5724, -1724},{0xCC, 0xEE, 0xFF, 0xFF}}},
	{{{-1904, 148, -467},0, {6428, -1728},{0xCC, 0xEE, 0xFF, 0xFF}}},
	{{{-841, 165, -509},0, {4900, -1782},{0xCC, 0xEE, 0xFF, 0xFF}}},
	{{{-876, -2, -494},0, {4937, -1207},{0xCC, 0xEE, 0xFF, 0xFF}}},
	{{{-1435, 153, -519},0, {5724, -1724},{0xCC, 0xEE, 0xFF, 0xFF}}},
	{{{-841, 165, -509},0, {4900, -1782},{0xCC, 0xEE, 0xFF, 0xFF}}},
	{{{-422, -2, -555},0, {4355, -554},{0xCC, 0xEE, 0xFF, 0xFF}}},
	{{{-246, 153, -498},0, {4072, -1732},{0xCC, 0xEE, 0xFF, 0xFF}}},
	{{{-811, 333, -523},0, {4865, -2317},{0xCC, 0xEE, 0xFF, 0xFF}}},
	{{{-1672, 333, -494},0, {6104, -2296},{0xCC, 0xEE, 0xFF, 0xFF}}},
	{{{47, 333, -459},0, {3652, -2338},{0xCC, 0xEE, 0xFF, 0xFF}}},
	{{{-1402, -2, -519},0, {5519, -554},{0xCC, 0xEE, 0xFF, 0xFF}}},
	{{{2907, 165, 1048},0, {-360, -1734},{0xCC, 0xEE, 0xFF, 0xFF}}},
	{{{1627, 333, 97},0, {1570, -2343},{0xCC, 0xEE, 0xFF, 0xFF}}},
	{{{2907, 333, 1048},0, {-360, -2343},{0xCC, 0xEE, 0xFF, 0xFF}}},
	{{{1627, 165, 97},0, {1570, -1734},{0xCC, 0xEE, 0xFF, 0xFF}}},
	{{{2907, -472, 1048},0, {-360, 714},{0xCC, 0xEE, 0xFF, 0xFF}}},
	{{{1627, -521, 97},0, {1570, 897},{0xCC, 0xEE, 0xFF, 0xFF}}},
	{{{1627, 165, 97},0, {1570, -1734},{0xCC, 0xEE, 0xFF, 0xFF}}},
	{{{1627, 165, 97},0, {1570, -1734},{0xCC, 0xEE, 0xFF, 0xFF}}},
	{{{265, 148, -424},0, {3361, -1688},{0xCC, 0xEE, 0xFF, 0xFF}}},
	{{{47, 333, -459},0, {3652, -2338},{0xCC, 0xEE, 0xFF, 0xFF}}},
	{{{1627, -521, 97},0, {1570, 897},{0xCC, 0xEE, 0xFF, 0xFF}}},
	{{{185, -565, -441},0, {3470, 1044},{0xCC, 0xEE, 0xFF, 0xFF}}},
	{{{1627, -1533, 97},0, {1570, 5044},{0xCC, 0xEE, 0xFF, 0xFF}}},
	{{{3060, -1281, 1041},0, {-688, 4806},{0x8E, 0xB1, 0xFF, 0xFF}}},
	{{{2907, -472, 1048},0, {-360, 714},{0xCC, 0xEE, 0xFF, 0xFF}}},
	{{{3393, -462, 1646},0, {-1241, 673},{0xCC, 0xEE, 0xFF, 0xFF}}},
	{{{3416, -1262, 1631},0, {-1282, 4366},{0x8E, 0xB1, 0xFF, 0xFF}}},
	{{{3820, -460, 2284},0, {-2085, 667},{0xCC, 0xEE, 0xFF, 0xFF}}},
	{{{3820, -1281, 2284},0, {-2085, 4303},{0x8E, 0xB1, 0xFF, 0xFF}}},
	{{{2954, -1779, 925},0, {-443, 5875},{0x8E, 0xB1, 0xFF, 0xFF}}},
	{{{1632, -1936, 91},0, {1570, 6422},{0xCC, 0xEE, 0xFF, 0xFF}}},
	{{{1692, -2239, -17},0, {1570, 7321},{0xCC, 0xEE, 0xFF, 0xFF}}},
	{{{3030, -2255, 1024},0, {-408, 7321},{0x8E, 0xB1, 0xFF, 0xFF}}},
	{{{50, -2224, -509},0, {3682, 7321},{0xCC, 0xEE, 0xFF, 0xFF}}},
	{{{1632, -1936, 91},0, {1570, 6422},{0xCC, 0xEE, 0xFF, 0xFF}}},
	{{{1692, -2239, -17},0, {1570, 7321},{0xCC, 0xEE, 0xFF, 0xFF}}},
	{{{261, -1943, -426},0, {3371, 6408},{0xCC, 0xEE, 0xFF, 0xFF}}},
	{{{282, -1596, -417},0, {3340, 5201},{0xCC, 0xEE, 0xFF, 0xFF}}},
	{{{-55, -1871, -491},0, {3801, 6156},{0xCC, 0xEE, 0xFF, 0xFF}}},
	{{{261, -1943, -426},0, {3371, 6408},{0xCC, 0xEE, 0xFF, 0xFF}}},
	{{{-314, -1941, -509},0, {4170, 6357},{0xCC, 0xEE, 0xFF, 0xFF}}},
	{{{-844, -1927, -512},0, {4900, 6482},{0xCC, 0xEE, 0xFF, 0xFF}}},
	{{{-814, -2138, -544},0, {4869, 7321},{0xCC, 0xEE, 0xFF, 0xFF}}},
	{{{-1377, -1872, -520},0, {5627, 6356},{0xCC, 0xEE, 0xFF, 0xFF}}},
	{{{-1676, -2034, -541},0, {6093, 7321},{0xCC, 0xEE, 0xFF, 0xFF}}},
	{{{-1612, -1802, -517},0, {5983, 6146},{0xCC, 0xEE, 0xFF, 0xFF}}},
	{{{-1901, -1845, -468},0, {6421, 6383},{0xCC, 0xEE, 0xFF, 0xFF}}},
	{{{-1924, -1565, -461},0, {6454, 5121},{0xCC, 0xEE, 0xFF, 0xFF}}},
	{{{-1608, -1597, -517},0, {5956, 5171},{0xCC, 0xEE, 0xFF, 0xFF}}},
	{{{-1833, -565, -480},0, {6318, 808},{0xCC, 0xEE, 0xFF, 0xFF}}},
	{{{-1608, -1597, -517},0, {5956, 5171},{0xCC, 0xEE, 0xFF, 0xFF}}},
	{{{-1924, -1565, -461},0, {6454, 5121},{0xCC, 0xEE, 0xFF, 0xFF}}},
	{{{-2528, -205, -291},0, {7328, -614},{0xCC, 0xEE, 0xFF, 0xFF}}},
	{{{-2530, -1550, -290},0, {7331, 5051},{0xCC, 0xEE, 0xFF, 0xFF}}},
	{{{-1901, -1845, -468},0, {6421, 6383},{0xCC, 0xEE, 0xFF, 0xFF}}},
	{{{-2526, -1863, -294},0, {7324, 6448},{0xCC, 0xEE, 0xFF, 0xFF}}},
	{{{-1676, -2034, -541},0, {6093, 7321},{0xCC, 0xEE, 0xFF, 0xFF}}},
	{{{-2504, -2048, -332},0, {7286, 7321},{0xCC, 0xEE, 0xFF, 0xFF}}},
	{{{-3286, -1873, -7},0, {8437, 6454},{0xCC, 0xEE, 0xFF, 0xFF}}},
	{{{-3310, -2061, -87},0, {8437, 7321},{0xCC, 0xEE, 0xFF, 0xFF}}},
	{{{-4682, -2123, 791},0, {10628, 7435},{0xCC, 0xEE, 0xFF, 0xFF}}},
	{{{-4620, -1918, 894},0, {10628, 6513},{0xCC, 0xEE, 0xFF, 0xFF}}},
	{{{-5135, -1982, 1475},0, {11672, 6640},{0xCC, 0xEE, 0xFF, 0xFF}}},
	{{{-5174, -2261, 1440},0, {11672, 7679},{0xCC, 0xEE, 0xFF, 0xFF}}},
	{{{-5595, -2060, 2097},0, {12699, 6812},{0xCC, 0xEE, 0xFF, 0xFF}}},
	{{{-5174, -2261, 1440},0, {11672, 7679},{0xCC, 0xEE, 0xFF, 0xFF}}},
	{{{-5595, -2332, 2097},0, {12699, 8008},{0xCC, 0xEE, 0xFF, 0xFF}}},
	{{{-5595, -2060, 2097},0, {12699, 6812},{0xCC, 0xEE, 0xFF, 0xFF}}},
	{{{-5135, -1982, 1475},0, {11672, 6640},{0xCC, 0xEE, 0xFF, 0xFF}}},
	{{{-5595, -1610, 2097},0, {12699, 5155},{0xCC, 0xEE, 0xFF, 0xFF}}},
	{{{-5133, -1586, 1477},0, {11672, 5100},{0xCC, 0xEE, 0xFF, 0xFF}}},
	{{{-4620, -1918, 894},0, {10628, 6513},{0xCC, 0xEE, 0xFF, 0xFF}}},
	{{{-4614, -1566, 899},0, {10628, 5060},{0xCC, 0xEE, 0xFF, 0xFF}}},
	{{{-3286, -1873, -7},0, {8437, 6454},{0xCC, 0xEE, 0xFF, 0xFF}}},
	{{{-3282, -1551, -1},0, {8437, 5041},{0xCC, 0xEE, 0xFF, 0xFF}}},
	{{{-2526, -1863, -294},0, {7324, 6448},{0xCC, 0xEE, 0xFF, 0xFF}}},
	{{{-2530, -1550, -290},0, {7331, 5051},{0xCC, 0xEE, 0xFF, 0xFF}}},
	{{{-2528, -205, -291},0, {7328, -614},{0xCC, 0xEE, 0xFF, 0xFF}}},
	{{{3615, 333, 5269},0, {-2591, -7083},{0xCC, 0xEE, 0xFF, 0xFF}}},
	{{{4081, -2, 3737},0, {2032, -5835},{0x8E, 0xB1, 0xFF, 0xFF}}},
	{{{4081, 333, 3737},0, {2032, -7083},{0xCC, 0xEE, 0xFF, 0xFF}}},
	{{{3615, 333, 5269},0, {-2591, -7083},{0xCC, 0xEE, 0xFF, 0xFF}}},
	{{{3719, -4, 5213},0, {-2125, -5575},{0xCC, 0xEE, 0xFF, 0xFF}}},
	{{{4081, -2, 3737},0, {2032, -5835},{0x8E, 0xB1, 0xFF, 0xFF}}},
	{{{2756, 333, 6376},0, {-7472, -7083},{0xCC, 0xEE, 0xFF, 0xFF}}},
	{{{2744, -81, 6393},0, {-7555, -5572},{0xCC, 0xEE, 0xFF, 0xFF}}},
	{{{1424, 333, 7275},0, {-11941, -7083},{0xCC, 0xEE, 0xFF, 0xFF}}},
	{{{1424, -154, 7275},0, {-11941, -5323},{0xCC, 0xEE, 0xFF, 0xFF}}},
	{{{2832, -803, 6432},0, {-7830, -3024},{0x8E, 0xB1, 0xFF, 0xFF}}},
	{{{1474, -1224, 7349},0, {-11941, -1514},{0xCC, 0xEE, 0xFF, 0xFF}}},
	{{{1424, -154, 7275},0, {-11941, -5323},{0xCC, 0xEE, 0xFF, 0xFF}}},
	{{{-177, -2, 7819},0, {-16864, -4885},{0xCC, 0xEE, 0xFF, 0xFF}}},
	{{{-192, 333, 7735},0, {-16139, -7083},{0xCC, 0xEE, 0xFF, 0xFF}}},
	{{{-1897, 333, 7701},0, {-19965, -7083},{0xCC, 0xEE, 0xFF, 0xFF}}},
	{{{-1917, -2, 7784},0, {-19287, -4885},{0xCC, 0xEE, 0xFF, 0xFF}}},
	{{{-2720, -184, 7506},0, {-21871, -5167},{0xCC, 0xEE, 0xFF, 0xFF}}},
	{{{-2718, 333, 7497},0, {-21929, -7083},{0xCC, 0xEE, 0xFF, 0xFF}}},
	{{{-2720, -184, 7506},0, {-21871, -5167},{0xCC, 0xEE, 0xFF, 0xFF}}},
	{{{-2718, 333, 7497},0, {-21929, -7083},{0xCC, 0xEE, 0xFF, 0xFF}}},
	{{{-3485, 333, 7177},0, {-23915, -7083},{0xCC, 0xEE, 0xFF, 0xFF}}},
	{{{-3485, -170, 7177},0, {-23915, -5287},{0xCC, 0xEE, 0xFF, 0xFF}}},
	{{{-4765, 333, 6226},0, {-27645, -7083},{0xCC, 0xEE, 0xFF, 0xFF}}},
	{{{-4815, -98, 6198},0, {-27771, -5480},{0xCC, 0xEE, 0xFF, 0xFF}}},
	{{{-4704, -459, 6340},0, {-27355, -4164},{0xCC, 0xEE, 0xFF, 0xFF}}},
	{{{-3489, -699, 7183},0, {-23915, -3499},{0xCC, 0xEE, 0xFF, 0xFF}}},
	{{{-3538, -1353, 7248},0, {-23915, -1300},{0xCC, 0xEE, 0xFF, 0xFF}}},
	{{{-4825, -804, 6303},0, {-27370, -2789},{0xCC, 0xEE, 0xFF, 0xFF}}},
	{{{3820, 165, 2284},0, {-2085, -1734},{0xCC, 0xEE, 0xFF, 0xFF}}},
	{{{3393, 333, 1646},0, {-1241, -2343},{0xCC, 0xEE, 0xFF, 0xFF}}},
	{{{3820, 333, 2284},0, {-2085, -2343},{0xCC, 0xEE, 0xFF, 0xFF}}},
	{{{3393, 165, 1646},0, {-1241, -1734},{0xCC, 0xEE, 0xFF, 0xFF}}},
	{{{3393, -462, 1646},0, {-1241, 673},{0xCC, 0xEE, 0xFF, 0xFF}}},
	{{{3820, -460, 2284},0, {-2085, 667},{0xCC, 0xEE, 0xFF, 0xFF}}},
	{{{2907, -472, 1048},0, {-360, 714},{0xCC, 0xEE, 0xFF, 0xFF}}},
	{{{3393, 165, 1646},0, {-1241, -1734},{0xCC, 0xEE, 0xFF, 0xFF}}},
	{{{3393, -462, 1646},0, {-1241, 673},{0xCC, 0xEE, 0xFF, 0xFF}}},
	{{{2907, 165, 1048},0, {-360, -1734},{0xCC, 0xEE, 0xFF, 0xFF}}},
	{{{2907, 333, 1048},0, {-360, -2343},{0xCC, 0xEE, 0xFF, 0xFF}}},
	{{{3393, 333, 1646},0, {-1241, -2343},{0xCC, 0xEE, 0xFF, 0xFF}}},
	{{{-5939, 333, 3537},0, {-26649, -7083},{0xCC, 0xEE, 0xFF, 0xFF}}},
	{{{-5939, -2, 3537},0, {-26649, -5835},{0x8E, 0xB1, 0xFF, 0xFF}}},
	{{{-5677, -2, 4990},0, {-22710, -5811},{0x8E, 0xB1, 0xFF, 0xFF}}},
	{{{-5560, 333, 5087},0, {-22475, -7083},{0xCC, 0xEE, 0xFF, 0xFF}}},
	{{{-4815, -98, 6198},0, {-23675, -5480},{0xCC, 0xEE, 0xFF, 0xFF}}},
	{{{-4765, 333, 6226},0, {-23549, -7083},{0xCC, 0xEE, 0xFF, 0xFF}}},
	{{{-5560, 333, 5087},0, {-26571, -7083},{0xCC, 0xEE, 0xFF, 0xFF}}},
	{{{-5677, -2, 4990},0, {-26806, -5811},{0x8E, 0xB1, 0xFF, 0xFF}}},
	{{{-5264, -410, 5651},0, {-25086, -4162},{0x8E, 0xB1, 0xFF, 0xFF}}},
	{{{-5680, -198, 5023},0, {-26796, -5289},{0x8E, 0xB1, 0xFF, 0xFF}}},
	{{{-5680, -198, 5023},0, {-26796, -5289},{0x8E, 0xB1, 0xFF, 0xFF}}},
	{{{-5286, -598, 5633},0, {-25086, -3598},{0x8E, 0xB1, 0xFF, 0xFF}}},
	{{{-5264, -410, 5651},0, {-25086, -4162},{0x8E, 0xB1, 0xFF, 0xFF}}},
	{{{-5271, -825, 5645},0, {-24874, -2894},{0x8E, 0xB1, 0xFF, 0xFF}}},
	{{{-5679, -409, 5000},0, {-27001, -4885},{0x8E, 0xB1, 0xFF, 0xFF}}},
	{{{-5695, -1716, 4968},0, {-27001, 1221},{0x8E, 0xB1, 0xFF, 0xFF}}},
	{{{-5260, -1683, 5634},0, {-25149, 606},{0xCC, 0xEE, 0xFF, 0xFF}}},
	{{{-5695, -2430, 4965},0, {-26766, 3056},{0x8E, 0xB1, 0xFF, 0xFF}}},
	{{{-5272, -2400, 5632},0, {-25149, 3056},{0xCC, 0xEE, 0xFF, 0xFF}}},
	{{{-4614, 165, 899},0, {10628, -1780},{0xCC, 0xEE, 0xFF, 0xFF}}},
	{{{-5133, 333, 1477},0, {11672, -2291},{0xCC, 0xEE, 0xFF, 0xFF}}},
	{{{-4614, 333, 899},0, {10628, -2291},{0xCC, 0xEE, 0xFF, 0xFF}}},
	{{{-5133, 165, 1477},0, {11672, -1780},{0xCC, 0xEE, 0xFF, 0xFF}}},
	{{{-4614, -207, 899},0, {10628, -611},{0xCC, 0xEE, 0xFF, 0xFF}}},
	{{{-5133, -207, 1477},0, {11672, -611},{0xCC, 0xEE, 0xFF, 0xFF}}},
	{{{-5133, -1586, 1477},0, {11672, 5100},{0xCC, 0xEE, 0xFF, 0xFF}}},
	{{{-5133, -1586, 1477},0, {11672, 5100},{0xCC, 0xEE, 0xFF, 0xFF}}},
	{{{-4614, -207, 899},0, {10628, -611},{0xCC, 0xEE, 0xFF, 0xFF}}},
	{{{-4614, -1566, 899},0, {10628, 5060},{0xCC, 0xEE, 0xFF, 0xFF}}},
	{{{-3282, -1551, -1},0, {8437, 5041},{0xCC, 0xEE, 0xFF, 0xFF}}},
	{{{-5595, -1610, 2097},0, {12699, 5155},{0xCC, 0xEE, 0xFF, 0xFF}}},
	{{{-5133, -207, 1477},0, {11672, -611},{0xCC, 0xEE, 0xFF, 0xFF}}},
	{{{-5595, -207, 2097},0, {12699, -611},{0xCC, 0xEE, 0xFF, 0xFF}}},
	{{{-5595, 165, 2097},0, {12699, -1780},{0xCC, 0xEE, 0xFF, 0xFF}}},
	{{{-5133, 165, 1477},0, {11672, -1780},{0xCC, 0xEE, 0xFF, 0xFF}}},
	{{{-5595, 333, 2097},0, {12699, -2291},{0xCC, 0xEE, 0xFF, 0xFF}}},
	{{{-5133, 333, 1477},0, {11672, -2291},{0xCC, 0xEE, 0xFF, 0xFF}}},
	{{{-3167, 2626, 5142},0, {-2306, -3891},{0xCC, 0xEE, 0xFF, 0xFF}}},
	{{{-2479, 2885, 5584},0, {-1166, -4727},{0xCC, 0xEE, 0xFF, 0xFF}}},
	{{{-3167, 2896, 5142},0, {-2306, -4727},{0xCC, 0xEE, 0xFF, 0xFF}}},
	{{{-2486, 2626, 5582},0, {-1166, -3891},{0xCC, 0xEE, 0xFF, 0xFF}}},
	{{{-3167, 2356, 5142},0, {-2306, -3054},{0xCC, 0xEE, 0xFF, 0xFF}}},
	{{{-3167, 2356, 5142},0, {-2306, -3054},{0xCC, 0xEE, 0xFF, 0xFF}}},
	{{{-2485, 2356, 5579},0, {-1166, -3054},{0xCC, 0xEE, 0xFF, 0xFF}}},
	{{{-2486, 2626, 5582},0, {-1166, -3891},{0xCC, 0xEE, 0xFF, 0xFF}}},
	{{{-3167, 2082, 5142},0, {-2306, -2204},{0xCC, 0xEE, 0xFF, 0xFF}}},
	{{{-2480, 2083, 5584},0, {-1158, -2198},{0xBD, 0xDF, 0xFF, 0xFF}}},
	{{{-3167, 1785, 5142},0, {-2306, -1285},{0xCC, 0xEE, 0xFF, 0xFF}}},
	{{{-2471, 1788, 5604},0, {-1133, -1262},{0xAD, 0xD0, 0xFF, 0xFF}}},
	{{{-3167, 1451, 5142},0, {-2306, -250},{0xCC, 0xEE, 0xFF, 0xFF}}},
	{{{-2501, 1454, 5596},0, {-1147, -252},{0xAD, 0xD0, 0xFF, 0xFF}}},
	{{{-3167, 1090, 5142},0, {-2306, 872},{0xCC, 0xEE, 0xFF, 0xFF}}},
	{{{-2490, 1091, 5591},0, {-1133, 839},{0xAD, 0xD0, 0xFF, 0xFF}}},
	{{{-3167, 714, 5142},0, {-2306, 2035},{0xCC, 0xEE, 0xFF, 0xFF}}},
	{{{-2485, 714, 5581},0, {-1158, 2027},{0xBD, 0xDF, 0xFF, 0xFF}}},
	{{{-3167, 333, 5142},0, {-2306, 3217},{0xCC, 0xEE, 0xFF, 0xFF}}},
	{{{-2485, 333, 5579},0, {-1166, 3217},{0xCC, 0xEE, 0xFF, 0xFF}}},
	{{{-1768, 714, 5906},0, {-25, 2002},{0xAD, 0xD0, 0xFF, 0xFF}}},
	{{{-2485, 333, 5579},0, {-1166, 3217},{0xCC, 0xEE, 0xFF, 0xFF}}},
	{{{-1768, 333, 5895},0, {-56, 3217},{0xCC, 0xEE, 0xFF, 0xFF}}},
	{{{-1768, 714, 5906},0, {-25, 2002},{0xAD, 0xD0, 0xFF, 0xFF}}},
	{{{-239, 714, 5856},0, {2065, 2002},{0xAD, 0xD0, 0xFF, 0xFF}}},
	{{{-239, 333, 5844},0, {2099, 3217},{0xCC, 0xEE, 0xFF, 0xFF}}},
	{{{1107, 714, 5001},0, {4481, 2035},{0xCC, 0xEE, 0xFF, 0xFF}}},
	{{{1107, 333, 5001},0, {4481, 3217},{0xCC, 0xEE, 0xFF, 0xFF}}},
	{{{1107, 1090, 5001},0, {4481, 872},{0xCC, 0xEE, 0xFF, 0xFF}}},
	{{{-232, 1110, 5954},0, {1691, 477},{0x8E, 0xB1, 0xFF, 0xFF}}},
	{{{-44, 1471, 5955},0, {1947, -264},{0x8E, 0xB1, 0xFF, 0xFF}}},
	{{{1107, 1451, 5001},0, {4481, -250},{0xCC, 0xEE, 0xFF, 0xFF}}},
	{{{1107, 1785, 5001},0, {4481, -1285},{0xCC, 0xEE, 0xFF, 0xFF}}},
	{{{-450, 1815, 6128},0, {1691, -1005},{0x8E, 0xB1, 0xFF, 0xFF}}},
	{{{-257, 2085, 5868},0, {2065, -2183},{0xAD, 0xD0, 0xFF, 0xFF}}},
	{{{1107, 2082, 5001},0, {4481, -2204},{0xCC, 0xEE, 0xFF, 0xFF}}},
	{{{1107, 2356, 5001},0, {4481, -3054},{0xCC, 0xEE, 0xFF, 0xFF}}},
	{{{-257, 2085, 5868},0, {2065, -2183},{0xAD, 0xD0, 0xFF, 0xFF}}},
	{{{1107, 2356, 5001},0, {4481, -3054},{0xCC, 0xEE, 0xFF, 0xFF}}},
	{{{-239, 2356, 5844},0, {2099, -3054},{0xCC, 0xEE, 0xFF, 0xFF}}},
	{{{-235, 2626, 5857},0, {2099, -3891},{0xCC, 0xEE, 0xFF, 0xFF}}},
	{{{1107, 2626, 5001},0, {4481, -3891},{0xCC, 0xEE, 0xFF, 0xFF}}},
	{{{1107, 2896, 5001},0, {4481, -4727},{0xCC, 0xEE, 0xFF, 0xFF}}},
	{{{-200, 2885, 5955},0, {2099, -4727},{0xCC, 0xEE, 0xFF, 0xFF}}},
	{{{-1772, 2626, 5908},0, {-56, -3891},{0xCC, 0xEE, 0xFF, 0xFF}}},
	{{{-1800, 2885, 6008},0, {-56, -4727},{0xCC, 0xEE, 0xFF, 0xFF}}},
	{{{-2486, 2626, 5582},0, {-1166, -3891},{0xCC, 0xEE, 0xFF, 0xFF}}},
	{{{-2479, 2885, 5584},0, {-1166, -4727},{0xCC, 0xEE, 0xFF, 0xFF}}},
	{{{-2485, 2356, 5579},0, {-1166, -3054},{0xCC, 0xEE, 0xFF, 0xFF}}},
	{{{-1768, 2356, 5895},0, {-56, -3054},{0xCC, 0xEE, 0xFF, 0xFF}}},
	{{{-2480, 2083, 5584},0, {-1158, -2198},{0xBD, 0xDF, 0xFF, 0xFF}}},
	{{{-1749, 2085, 5917},0, {-25, -2183},{0xAD, 0xD0, 0xFF, 0xFF}}},
	{{{-2471, 1788, 5604},0, {-1133, -1262},{0xAD, 0xD0, 0xFF, 0xFF}}},
	{{{-2471, 1788, 5604},0, {-1133, -1262},{0xAD, 0xD0, 0xFF, 0xFF}}},
	{{{-1539, 1815, 6164},0, {325, -1005},{0x8E, 0xB1, 0xFF, 0xFF}}},
	{{{-1749, 2085, 5917},0, {-25, -2183},{0xAD, 0xD0, 0xFF, 0xFF}}},
	{{{-2501, 1454, 5596},0, {-1147, -252},{0xAD, 0xD0, 0xFF, 0xFF}}},
	{{{-1956, 1471, 6018},0, {69, -264},{0x8E, 0xB1, 0xFF, 0xFF}}},
	{{{-2490, 1091, 5591},0, {-1133, 839},{0xAD, 0xD0, 0xFF, 0xFF}}},
	{{{-1768, 1110, 6005},0, {325, 477},{0x8E, 0xB1, 0xFF, 0xFF}}},
	{{{-2485, 714, 5581},0, {-1158, 2027},{0xBD, 0xDF, 0xFF, 0xFF}}},
	{{{-1768, 714, 5906},0, {-25, 2002},{0xAD, 0xD0, 0xFF, 0xFF}}},
	{{{-232, 1110, 5954},0, {1691, 477},{0x8E, 0xB1, 0xFF, 0xFF}}},
	{{{-239, 714, 5856},0, {2065, 2002},{0xAD, 0xD0, 0xFF, 0xFF}}},
	{{{-450, 1815, 6128},0, {1691, -1005},{0x8E, 0xB1, 0xFF, 0xFF}}},
	{{{-257, 2085, 5868},0, {2065, -2183},{0xAD, 0xD0, 0xFF, 0xFF}}},
	{{{-239, 2356, 5844},0, {2099, -3054},{0xCC, 0xEE, 0xFF, 0xFF}}},
	{{{-1768, 2356, 5895},0, {-56, -3054},{0xCC, 0xEE, 0xFF, 0xFF}}},
	{{{-1772, 2626, 5908},0, {-56, -3891},{0xCC, 0xEE, 0xFF, 0xFF}}},
	{{{-239, 2356, 5844},0, {2099, -3054},{0xCC, 0xEE, 0xFF, 0xFF}}},
	{{{-235, 2626, 5857},0, {2099, -3891},{0xCC, 0xEE, 0xFF, 0xFF}}},
	{{{-1772, 2626, 5908},0, {-56, -3891},{0xCC, 0xEE, 0xFF, 0xFF}}},
	{{{532, 2896, 3602},0, {10207, 3747},{0xCC, 0xEE, 0xFF, 0xFF}}},
	{{{193, 2896, 2666},0, {12257, 3747},{0xCC, 0xEE, 0xFF, 0xFF}}},
	{{{119, 3530, 2724},0, {12257, 2032},{0xCC, 0xEE, 0xFF, 0xFF}}},
	{{{465, 3530, 3540},0, {10207, 2032},{0xCC, 0xEE, 0xFF, 0xFF}}},
	{{{112, 4164, 2729},0, {12257, 317},{0xCC, 0xEE, 0xFF, 0xFF}}},
	{{{532, 4164, 3602},0, {10207, 317},{0xCC, 0xEE, 0xFF, 0xFF}}},
	{{{156, 3530, 4580},0, {7796, 2032},{0xCC, 0xEE, 0xFF, 0xFF}}},
	{{{147, 4164, 4582},0, {7796, 317},{0xCC, 0xEE, 0xFF, 0xFF}}},
	{{{-532, 3530, 5169},0, {5809, 2032},{0xCC, 0xEE, 0xFF, 0xFF}}},
	{{{-532, 4164, 5169},0, {5809, 317},{0xCC, 0xEE, 0xFF, 0xFF}}},
	{{{-532, 4164, 4475},0, {4836, 317},{0xCC, 0xEE, 0xFF, 0xFF}}},
	{{{-532, 3530, 4475},0, {4836, 2032},{0xCC, 0xEE, 0xFF, 0xFF}}},
	{{{-1528, 4164, 4486},0, {3005, 317},{0xCC, 0xEE, 0xFF, 0xFF}}},
	{{{-1528, 4164, 4486},0, {3005, 317},{0xCC, 0xEE, 0xFF, 0xFF}}},
	{{{-1528, 3530, 4486},0, {3005, 2032},{0xCC, 0xEE, 0xFF, 0xFF}}},
	{{{-532, 3530, 4475},0, {4836, 2032},{0xCC, 0xEE, 0xFF, 0xFF}}},
	{{{-1528, 3530, 5202},0, {2032, 2032},{0xCC, 0xEE, 0xFF, 0xFF}}},
	{{{-1528, 4164, 5202},0, {2032, 317},{0xCC, 0xEE, 0xFF, 0xFF}}},
	{{{-1930, 3530, 4925},0, {1030, 2032},{0xCC, 0xEE, 0xFF, 0xFF}}},
	{{{-1928, 4164, 4925},0, {1030, 317},{0xCC, 0xEE, 0xFF, 0xFF}}},
	{{{-2253, 3530, 4660},0, {163, 2032},{0xCC, 0xEE, 0xFF, 0xFF}}},
	{{{-2244, 4164, 4662},0, {163, 317},{0xCC, 0xEE, 0xFF, 0xFF}}},
	{{{-2631, 3530, 3643},0, {-2224, 2032},{0xCC, 0xEE, 0xFF, 0xFF}}},
	{{{-2693, 4164, 3709},0, {-2224, 317},{0xCC, 0xEE, 0xFF, 0xFF}}},
	{{{-2339, 3530, 2805},0, {-4240, 2032},{0xCC, 0xEE, 0xFF, 0xFF}}},
	{{{-2332, 4164, 2810},0, {-4240, 317},{0xCC, 0xEE, 0xFF, 0xFF}}},
	{{{-2011, 3530, 2461},0, {-5289, 2032},{0xCC, 0xEE, 0xFF, 0xFF}}},
	{{{-2012, 4164, 2454},0, {-5289, 317},{0xCC, 0xEE, 0xFF, 0xFF}}},
	{{{-1600, 3530, 2221},0, {-6286, 2032},{0xCC, 0xEE, 0xFF, 0xFF}}},
	{{{-1600, 3530, 2221},0, {-6286, 2032},{0xCC, 0xEE, 0xFF, 0xFF}}},
	{{{-2012, 4164, 2454},0, {-5289, 317},{0xCC, 0xEE, 0xFF, 0xFF}}},
	{{{-1629, 4164, 2141},0, {-6286, 317},{0xCC, 0xEE, 0xFF, 0xFF}}},
	{{{-657, 3530, 2190},0, {-8213, 2032},{0xCC, 0xEE, 0xFF, 0xFF}}},
	{{{-633, 4164, 2108},0, {-8213, 317},{0xCC, 0xEE, 0xFF, 0xFF}}},
	{{{119, 3530, 2724},0, {-10343, 2032},{0xCC, 0xEE, 0xFF, 0xFF}}},
	{{{112, 4164, 2729},0, {-10343, 317},{0xCC, 0xEE, 0xFF, 0xFF}}},
	{{{-633, 2896, 2108},0, {-8213, 3747},{0xCC, 0xEE, 0xFF, 0xFF}}},
	{{{-1630, 2923, 2136},0, {-6286, 3747},{0xCC, 0xEE, 0xFF, 0xFF}}},
	{{{-2011, 3530, 2461},0, {-5289, 2032},{0xCC, 0xEE, 0xFF, 0xFF}}},
	{{{-2035, 2923, 2429},0, {-5289, 3747},{0xCC, 0xEE, 0xFF, 0xFF}}},
	{{{-2339, 3530, 2805},0, {-4240, 2032},{0xCC, 0xEE, 0xFF, 0xFF}}},
	{{{-2418, 2923, 2748},0, {-4240, 3747},{0xCC, 0xEE, 0xFF, 0xFF}}},
	{{{-2693, 2896, 3709},0, {-2224, 3747},{0xCC, 0xEE, 0xFF, 0xFF}}},
	{{{-2631, 3530, 3643},0, {-2224, 2032},{0xCC, 0xEE, 0xFF, 0xFF}}},
	{{{-2253, 3530, 4660},0, {163, 2032},{0xCC, 0xEE, 0xFF, 0xFF}}},
	{{{-2693, 2896, 3709},0, {-2224, 3747},{0xCC, 0xEE, 0xFF, 0xFF}}},
	{{{-2354, 2896, 4645},0, {163, 3747},{0xCC, 0xEE, 0xFF, 0xFF}}},
	{{{-2253, 3530, 4660},0, {163, 2032},{0xCC, 0xEE, 0xFF, 0xFF}}},
	{{{-1930, 3530, 4925},0, {1030, 2032},{0xCC, 0xEE, 0xFF, 0xFF}}},
	{{{-1952, 2923, 4937},0, {1030, 3747},{0xCC, 0xEE, 0xFF, 0xFF}}},
	{{{-1528, 3530, 5202},0, {2032, 2032},{0xCC, 0xEE, 0xFF, 0xFF}}},
	{{{-1528, 2896, 5202},0, {2032, 3747},{0xCC, 0xEE, 0xFF, 0xFF}}},
	{{{-1528, 3530, 4486},0, {3005, 2032},{0xCC, 0xEE, 0xFF, 0xFF}}},
	{{{-1528, 2896, 4486},0, {3005, 3747},{0xCC, 0xEE, 0xFF, 0xFF}}},
	{{{-532, 3530, 4475},0, {4836, 2032},{0xCC, 0xEE, 0xFF, 0xFF}}},
	{{{-532, 2896, 4475},0, {4836, 3747},{0xCC, 0xEE, 0xFF, 0xFF}}},
	{{{-532, 3530, 5169},0, {5809, 2032},{0xCC, 0xEE, 0xFF, 0xFF}}},
	{{{-532, 2896, 5169},0, {5809, 3747},{0xCC, 0xEE, 0xFF, 0xFF}}},
	{{{156, 3530, 4580},0, {7796, 2032},{0xCC, 0xEE, 0xFF, 0xFF}}},
	{{{255, 2896, 4558},0, {7796, 3747},{0xCC, 0xEE, 0xFF, 0xFF}}},
	{{{465, 3530, 3540},0, {10207, 2032},{0xCC, 0xEE, 0xFF, 0xFF}}},
	{{{465, 3530, 3540},0, {10207, 2032},{0xCC, 0xEE, 0xFF, 0xFF}}},
	{{{255, 2896, 4558},0, {7796, 3747},{0xCC, 0xEE, 0xFF, 0xFF}}},
	{{{532, 2896, 3602},0, {10207, 3747},{0xCC, 0xEE, 0xFF, 0xFF}}},
	{{{-633, 2896, 2108},0, {-8213, 3747},{0xCC, 0xEE, 0xFF, 0xFF}}},
	{{{119, 3530, 2724},0, {-10343, 2032},{0xCC, 0xEE, 0xFF, 0xFF}}},
	{{{193, 2896, 2666},0, {-10343, 3747},{0xCC, 0xEE, 0xFF, 0xFF}}},
	{{{-2151, 2628, 867},0, {1989, -6352},{0x8E, 0xB1, 0xFF, 0xFF}}},
	{{{-2609, 2885, 1558},0, {3060, -7334},{0xAD, 0xD0, 0xFF, 0xFF}}},
	{{{-1973, 2888, 1027},0, {2032, -7334},{0x8E, 0xB1, 0xFF, 0xFF}}},
	{{{-2624, 2626, 1531},0, {3053, -6298},{0xAD, 0xD0, 0xFF, 0xFF}}},
	{{{-1937, 2356, 895},0, {1691, -5627},{0x8E, 0xB1, 0xFF, 0xFF}}},
	{{{-2604, 2356, 1540},0, {3032, -5147},{0xAD, 0xD0, 0xFF, 0xFF}}},
	{{{-1918, 2080, 1167},0, {2004, -3748},{0xAD, 0xD0, 0xFF, 0xFF}}},
	{{{-1147, 2075, 1003},0, {993, -3740},{0xAD, 0xD0, 0xFF, 0xFF}}},
	{{{-1156, 2285, 712},0, {965, -5328},{0x8E, 0xB1, 0xFF, 0xFF}}},
	{{{-333, 2086, 1000},0, {-62, -3780},{0xAD, 0xD0, 0xFF, 0xFF}}},
	{{{-333, 2086, 1000},0, {-62, -3780},{0xAD, 0xD0, 0xFF, 0xFF}}},
	{{{-1156, 2285, 712},0, {965, -5328},{0x8E, 0xB1, 0xFF, 0xFF}}},
	{{{-333, 2355, 1000},0, {-16, -5285},{0x8E, 0xB1, 0xFF, 0xFF}}},
	{{{-333, 1815, 1000},0, {-381, -2668},{0xCC, 0xEE, 0xFF, 0xFF}}},
	{{{-1147, 2075, 1003},0, {993, -3740},{0xAD, 0xD0, 0xFF, 0xFF}}},
	{{{-1147, 1788, 1042},0, {977, -2252},{0xCC, 0xEE, 0xFF, 0xFF}}},
	{{{-379, 1454, 1143},0, {-68, -824},{0xCC, 0xEE, 0xFF, 0xFF}}},
	{{{885, 1454, 1998},0, {-2185, -822},{0xCC, 0xEE, 0xFF, 0xFF}}},
	{{{1005, 1815, 1902},0, {-1841, -2657},{0xCC, 0xEE, 0xFF, 0xFF}}},
	{{{1560, 1451, 3435},0, {-4459, -786},{0xCC, 0xEE, 0xFF, 0xFF}}},
	{{{1560, 1785, 3435},0, {-4459, -2203},{0xCC, 0xEE, 0xFF, 0xFF}}},
	{{{1560, 2082, 3435},0, {-4459, -3696},{0xCC, 0xEE, 0xFF, 0xFF}}},
	{{{1005, 2086, 1902},0, {-2160, -3752},{0xCC, 0xEE, 0xFF, 0xFF}}},
	{{{1005, 2355, 1902},0, {-2206, -5266},{0xCC, 0xEE, 0xFF, 0xFF}}},
	{{{1560, 2356, 3435},0, {-4459, -5266},{0xCC, 0xEE, 0xFF, 0xFF}}},
	{{{1005, 2626, 1902},0, {-2206, -6900},{0xCC, 0xEE, 0xFF, 0xFF}}},
	{{{1560, 2356, 3435},0, {-4459, -5266},{0xCC, 0xEE, 0xFF, 0xFF}}},
	{{{1005, 2626, 1902},0, {-2206, -6900},{0xCC, 0xEE, 0xFF, 0xFF}}},
	{{{1560, 2626, 3435},0, {-4459, -6900},{0xCC, 0xEE, 0xFF, 0xFF}}},
	{{{1005, 2896, 1902},0, {-2206, -8568},{0xCC, 0xEE, 0xFF, 0xFF}}},
	{{{1560, 2896, 3435},0, {-4459, -8568},{0xCC, 0xEE, 0xFF, 0xFF}}},
	{{{874, 1090, 2007},0, {-2216, 610},{0xCC, 0xEE, 0xFF, 0xFF}}},
	{{{885, 1454, 1998},0, {-2185, -822},{0xCC, 0xEE, 0xFF, 0xFF}}},
	{{{1560, 1451, 3435},0, {-4459, -786},{0xCC, 0xEE, 0xFF, 0xFF}}},
	{{{-384, 1090, 1156},0, {-40, 610},{0xCC, 0xEE, 0xFF, 0xFF}}},
	{{{-379, 1454, 1143},0, {-68, -824},{0xCC, 0xEE, 0xFF, 0xFF}}},
	{{{-1151, 1452, 1055},0, {998, -797},{0xCC, 0xEE, 0xFF, 0xFF}}},
	{{{-1152, 1090, 1058},0, {1005, 610},{0xCC, 0xEE, 0xFF, 0xFF}}},
	{{{-1916, 1451, 1198},0, {2032, -787},{0xCC, 0xEE, 0xFF, 0xFF}}},
	{{{-1916, 1090, 1198},0, {2032, 610},{0xCC, 0xEE, 0xFF, 0xFF}}},
	{{{-2614, 1452, 1560},0, {3072, -786},{0xAD, 0xD0, 0xFF, 0xFF}}},
	{{{-2611, 1090, 1562},0, {3088, 569},{0xAD, 0xD0, 0xFF, 0xFF}}},
	{{{-1916, 714, 1198},0, {2032, 2036},{0xCC, 0xEE, 0xFF, 0xFF}}},
	{{{-2611, 1090, 1562},0, {3088, 569},{0xAD, 0xD0, 0xFF, 0xFF}}},
	{{{-1916, 1090, 1198},0, {2032, 610},{0xCC, 0xEE, 0xFF, 0xFF}}},
	{{{-2599, 714, 1570},0, {3067, 2026},{0xBD, 0xDF, 0xFF, 0xFF}}},
	{{{-1916, 333, 1198},0, {2032, 3484},{0xCC, 0xEE, 0xFF, 0xFF}}},
	{{{-2596, 333, 1572},0, {3060, 3484},{0xCC, 0xEE, 0xFF, 0xFF}}},
	{{{-3140, 715, 2129},0, {4143, 1995},{0xAD, 0xD0, 0xFF, 0xFF}}},
	{{{-3129, 333, 2136},0, {4114, 3484},{0xCC, 0xEE, 0xFF, 0xFF}}},
	{{{-3723, 333, 3609},0, {6333, 3484},{0xCC, 0xEE, 0xFF, 0xFF}}},
	{{{-3723, 715, 3609},0, {6333, 2032},{0xAD, 0xD0, 0xFF, 0xFF}}},
	{{{-3723, 1096, 3609},0, {6333, 580},{0x8E, 0xB1, 0xFF, 0xFF}}},
	{{{-3255, 1100, 2061},0, {4456, 126},{0x8E, 0xB1, 0xFF, 0xFF}}},
	{{{-3250, 1459, 2013},0, {4174, -782},{0x8E, 0xB1, 0xFF, 0xFF}}},
	{{{-2614, 1452, 1560},0, {3072, -786},{0xAD, 0xD0, 0xFF, 0xFF}}},
	{{{-3301, 1815, 2082},0, {4456, -1690},{0x8E, 0xB1, 0xFF, 0xFF}}},
	{{{-2611, 1788, 1562},0, {3088, -2170},{0xAD, 0xD0, 0xFF, 0xFF}}},
	{{{-2611, 1788, 1562},0, {3088, -2170},{0xAD, 0xD0, 0xFF, 0xFF}}},
	{{{-3301, 1815, 2082},0, {4456, -1690},{0x8E, 0xB1, 0xFF, 0xFF}}},
	{{{-3140, 2085, 2129},0, {4143, -3655},{0xAD, 0xD0, 0xFF, 0xFF}}},
	{{{-3723, 1815, 3609},0, {6333, -2144},{0x8E, 0xB1, 0xFF, 0xFF}}},
	{{{-3723, 2086, 3609},0, {6333, -3692},{0xAD, 0xD0, 0xFF, 0xFF}}},
	{{{-3723, 2356, 3609},0, {6333, -5103},{0xCC, 0xEE, 0xFF, 0xFF}}},
	{{{-3129, 2356, 2136},0, {4114, -5103},{0xCC, 0xEE, 0xFF, 0xFF}}},
	{{{-3140, 2626, 2129},0, {4114, -6287},{0xCC, 0xEE, 0xFF, 0xFF}}},
	{{{-3723, 2626, 3609},0, {6333, -6287},{0xCC, 0xEE, 0xFF, 0xFF}}},
	{{{-3723, 2896, 3609},0, {6333, -7334},{0xCC, 0xEE, 0xFF, 0xFF}}},
	{{{-3225, 2885, 2075},0, {4114, -7334},{0xCC, 0xEE, 0xFF, 0xFF}}},
	{{{-2624, 2626, 1531},0, {3053, -6298},{0xAD, 0xD0, 0xFF, 0xFF}}},
	{{{-2609, 2885, 1558},0, {3060, -7334},{0xAD, 0xD0, 0xFF, 0xFF}}},
	{{{-2604, 2356, 1540},0, {3032, -5147},{0xAD, 0xD0, 0xFF, 0xFF}}},
	{{{-2600, 2083, 1564},0, {3060, -3701},{0xAD, 0xD0, 0xFF, 0xFF}}},
	{{{-1918, 2080, 1167},0, {2004, -3748},{0xAD, 0xD0, 0xFF, 0xFF}}},
	{{{-1916, 1785, 1198},0, {2032, -2214},{0xCC, 0xEE, 0xFF, 0xFF}}},
	{{{-2600, 2083, 1564},0, {3060, -3701},{0xAD, 0xD0, 0xFF, 0xFF}}},
	{{{-1918, 2080, 1167},0, {2004, -3748},{0xAD, 0xD0, 0xFF, 0xFF}}},
	{{{-1147, 1788, 1042},0, {977, -2252},{0xCC, 0xEE, 0xFF, 0xFF}}},
	{{{-1147, 2075, 1003},0, {993, -3740},{0xAD, 0xD0, 0xFF, 0xFF}}},
	{{{-1151, 1452, 1055},0, {998, -797},{0xCC, 0xEE, 0xFF, 0xFF}}},
	{{{-1916, 1451, 1198},0, {2032, -787},{0xCC, 0xEE, 0xFF, 0xFF}}},
	{{{-2611, 1788, 1562},0, {3088, -2170},{0xAD, 0xD0, 0xFF, 0xFF}}},
	{{{-2614, 1452, 1560},0, {3072, -786},{0xAD, 0xD0, 0xFF, 0xFF}}},
	{{{-3140, 2085, 2129},0, {4143, -3655},{0xAD, 0xD0, 0xFF, 0xFF}}},
	{{{-3129, 2356, 2136},0, {4114, -5103},{0xCC, 0xEE, 0xFF, 0xFF}}},
	{{{-379, 1454, 1143},0, {-68, -824},{0xCC, 0xEE, 0xFF, 0xFF}}},
	{{{-9315, 1166, -11731},0, {2032, 4080},{0xD0, 0xC3, 0xFF, 0xFF}}},
	{{{-8887, 1151, -13061},0, {2032, -16},{0xD0, 0xC3, 0xFF, 0xFF}}},
	{{{-10447, 1166, -13236},0, {-16, -16},{0xD0, 0xC3, 0xFF, 0xFF}}},
	{{{-11091, 1166, -12085},0, {-16, 4080},{0xD0, 0xC3, 0xFF, 0xFF}}},
	{{{-10447, 2943, -13236},0, {2032, 4080},{0xD0, 0xC3, 0xFF, 0xFF}}},
	{{{-11163, 2943, -12061},0, {2032, -16},{0xD0, 0xC3, 0xFF, 0xFF}}},
	{{{-11179, 2034, -12101},0, {1008, -16},{0xD0, 0xC3, 0xFF, 0xFF}}},
	{{{-10499, 2034, -13206},0, {1008, 4080},{0xD0, 0xC3, 0xFF, 0xFF}}},
	{{{-11091, 1166, -12085},0, {-16, -16},{0xD0, 0xC3, 0xFF, 0xFF}}},
	{{{-10447, 1166, -13236},0, {-16, 4080},{0xD0, 0xC3, 0xFF, 0xFF}}},
	{{{-9315, 1900, -11731},0, {2032, 4080},{0xD0, 0xC3, 0xFF, 0xFF}}},
	{{{-8887, 1861, -13061},0, {2032, -16},{0xD0, 0xC3, 0xFF, 0xFF}}},
	{{{-8887, 1151, -13061},0, {-16, -16},{0xD0, 0xC3, 0xFF, 0xFF}}},
	{{{-9315, 1166, -11731},0, {-16, 4080},{0xD0, 0xC3, 0xFF, 0xFF}}},
	{{{-9315, 2943, -11731},0, {2032, 4080},{0xD0, 0xC3, 0xFF, 0xFF}}},
	{{{-8854, 2943, -13058},0, {2032, -16},{0xD0, 0xC3, 0xFF, 0xFF}}},
	{{{-8887, 1861, -13061},0, {-16, -16},{0xD0, 0xC3, 0xFF, 0xFF}}},
	{{{-9315, 1900, -11731},0, {-16, 4080},{0xD0, 0xC3, 0xFF, 0xFF}}},
	{{{-112, -336, -493},0, {3893, 130},{0xCC, 0xEE, 0xFF, 0xFF}}},
	{{{265, 148, -424},0, {3361, -1688},{0xCC, 0xEE, 0xFF, 0xFF}}},
	{{{185, -565, -441},0, {3470, 1044},{0xCC, 0xEE, 0xFF, 0xFF}}},
	{{{-30, 106, -487},0, {3764, -1561},{0xCC, 0xEE, 0xFF, 0xFF}}},
	{{{-422, -2, -555},0, {4355, -554},{0xCC, 0xEE, 0xFF, 0xFF}}},
	{{{-183, -708, -509},0, {4011, 1622},{0xCC, 0xEE, 0xFF, 0xFF}}},
	{{{-289, -811, -595},0, {4243, 2134},{0xCC, 0xEE, 0xFF, 0xFF}}},
	{{{-456, -1671, -591},0, {4449, 4595},{0xCC, 0xEE, 0xFF, 0xFF}}},
	{{{-124, -1022, -501},0, {3909, 2815},{0xCC, 0xEE, 0xFF, 0xFF}}},
	{{{-112, -336, -493},0, {3893, 130},{0xCC, 0xEE, 0xFF, 0xFF}}},
	{{{-79, -1622, -497},0, {3837, 5214},{0xCC, 0xEE, 0xFF, 0xFF}}},
	{{{282, -1596, -417},0, {3340, 5201},{0xCC, 0xEE, 0xFF, 0xFF}}},
	{{{1627, -1533, 97},0, {1570, 5044},{0xCC, 0xEE, 0xFF, 0xFF}}},
	{{{1632, -1936, 91},0, {1570, 6422},{0xCC, 0xEE, 0xFF, 0xFF}}},
	{{{-55, -1871, -491},0, {3801, 6156},{0xCC, 0xEE, 0xFF, 0xFF}}},
	{{{-314, -1941, -509},0, {4170, 6357},{0xCC, 0xEE, 0xFF, 0xFF}}},
	{{{-891, -1722, -520},0, {4937, 5475},{0xCC, 0xEE, 0xFF, 0xFF}}},
	{{{-456, -1671, -591},0, {4449, 4595},{0xCC, 0xEE, 0xFF, 0xFF}}},
	{{{-314, -1941, -509},0, {4170, 6357},{0xCC, 0xEE, 0xFF, 0xFF}}},
	{{{-844, -1927, -512},0, {4900, 6482},{0xCC, 0xEE, 0xFF, 0xFF}}},
	{{{-1418, -1668, -514},0, {5424, 4595},{0xCC, 0xEE, 0xFF, 0xFF}}},
	{{{-1377, -1872, -520},0, {5627, 6356},{0xCC, 0xEE, 0xFF, 0xFF}}},
	{{{-1612, -1802, -517},0, {5983, 6146},{0xCC, 0xEE, 0xFF, 0xFF}}},
	{{{-1608, -1597, -517},0, {5956, 5171},{0xCC, 0xEE, 0xFF, 0xFF}}},
	{{{-1574, -1020, -516},0, {5897, 2681},{0xCC, 0xEE, 0xFF, 0xFF}}},
	{{{-1833, -565, -480},0, {6318, 808},{0xCC, 0xEE, 0xFF, 0xFF}}},
	{{{-1520, -713, -514},0, {5815, 1514},{0xCC, 0xEE, 0xFF, 0xFF}}},
	{{{-1440, -846, -520},0, {5631, 2134},{0xCC, 0xEE, 0xFF, 0xFF}}},
	{{{-1402, -2, -519},0, {5519, -554},{0xCC, 0xEE, 0xFF, 0xFF}}},
	{{{-124, -1022, -501},0, {3909, 2815},{0xCC, 0xEE, 0xFF, 0xFF}}},
	{{{-79, -1622, -497},0, {3837, 5214},{0xCC, 0xEE, 0xFF, 0xFF}}},
	{{{-422, -2, -555},0, {4355, -554},{0xCC, 0xEE, 0xFF, 0xFF}}},
	{{{-246, 153, -498},0, {4072, -1732},{0xCC, 0xEE, 0xFF, 0xFF}}},
	{{{-30, 106, -487},0, {3764, -1561},{0xCC, 0xEE, 0xFF, 0xFF}}},
	{{{1560, 333, 3435},0, {-4459, 3484},{0xCC, 0xEE, 0xFF, 0xFF}}},
	{{{874, 333, 2007},0, {-2216, 3484},{0xCC, 0xEE, 0xFF, 0xFF}}},
	{{{874, 714, 2007},0, {-2216, 2036},{0xCC, 0xEE, 0xFF, 0xFF}}},
	{{{1560, 714, 3435},0, {-4459, 2036},{0xCC, 0xEE, 0xFF, 0xFF}}},
	{{{874, 1090, 2007},0, {-2216, 610},{0xCC, 0xEE, 0xFF, 0xFF}}},
	{{{1560, 1090, 3435},0, {-4459, 610},{0xCC, 0xEE, 0xFF, 0xFF}}},
	{{{1560, 1451, 3435},0, {-4459, -786},{0xCC, 0xEE, 0xFF, 0xFF}}},
	{{{-4719, -1757, 6315},0, {-25392, 905},{0xCC, 0xEE, 0xFF, 0xFF}}},
	{{{-5272, -2400, 5632},0, {-27197, 3056},{0xCC, 0xEE, 0xFF, 0xFF}}},
	{{{-4927, -2419, 6333},0, {-25322, 3056},{0xCC, 0xEE, 0xFF, 0xFF}}},
	{{{-5260, -1683, 5634},0, {-27197, 606},{0xCC, 0xEE, 0xFF, 0xFF}}},
	{{{-4827, -1261, 6305},0, {-25322, -1093},{0x8E, 0xB1, 0xFF, 0xFF}}},
	{{{-5271, -825, 5645},0, {-26922, -2894},{0x8E, 0xB1, 0xFF, 0xFF}}},
	{{{-388, -1462, -1443},0, {-12382, 7643},{0xB8, 0xBE, 0xFF, 0xFF}}},
	{{{-351, -605, -2332},0, {-10623, 3936},{0xB8, 0xBE, 0xFF, 0xFF}}},
	{{{-367, -1355, -2405},0, {-12382, 3936},{0xB8, 0xBE, 0xFF, 0xFF}}},
	{{{-367, -825, -1443},0, {-10623, 7643},{0xB8, 0xBE, 0xFF, 0xFF}}},
	{{{-389, -1587, -504},0, {-12382, 11272},{0xB8, 0xBE, 0xFF, 0xFF}}},
	{{{-368, -859, -501},0, {-10623, 11272},{0xB8, 0xBE, 0xFF, 0xFF}}},
	{{{-395, -1657, 205},0, {-12382, 14028},{0xB8, 0xBE, 0xFF, 0xFF}}},
	{{{-374, -893, 209},0, {-10623, 14028},{0xB8, 0xBE, 0xFF, 0xFF}}},
	{{{-387, -1613, 876},0, {-12382, 16705},{0xB8, 0xBE, 0xFF, 0xFF}}},
	{{{-333, -921, 851},0, {-10623, 16705},{0xB8, 0xBE, 0xFF, 0xFF}}},
	{{{-519, -125, 211},0, {-8847, 14028},{0xB8, 0xBE, 0xFF, 0xFF}}},
	{{{-521, -130, 911},0, {-8847, 16705},{0xB8, 0xBE, 0xFF, 0xFF}}},
	{{{-877, -91, 211},0, {-6729, 14028},{0xB8, 0xBE, 0xFF, 0xFF}}},
	{{{-885, -89, 915},0, {-6729, 16705},{0xB8, 0xBE, 0xFF, 0xFF}}},
	{{{-1235, -125, 211},0, {-4607, 14028},{0xB8, 0xBE, 0xFF, 0xFF}}},
	{{{-1270, -130, 917},0, {-4607, 16705},{0xB8, 0xBE, 0xFF, 0xFF}}},
	{{{-1380, -893, 209},0, {-2741, 14028},{0xB8, 0xBE, 0xFF, 0xFF}}},
	{{{-1235, -125, 211},0, {-4607, 14028},{0xB8, 0xBE, 0xFF, 0xFF}}},
	{{{-1270, -130, 917},0, {-4607, 16705},{0xB8, 0xBE, 0xFF, 0xFF}}},
	{{{-1471, -921, 859},0, {-2741, 16705},{0xB8, 0xBE, 0xFF, 0xFF}}},
	{{{-1359, -1657, 205},0, {-888, 14028},{0xB8, 0xBE, 0xFF, 0xFF}}},
	{{{-1413, -1613, 883},0, {-888, 16705},{0xB8, 0xBE, 0xFF, 0xFF}}},
	{{{-1353, -1587, -503},0, {-888, 11272},{0xB8, 0xBE, 0xFF, 0xFF}}},
	{{{-1374, -859, -500},0, {-2741, 11272},{0xB8, 0xBE, 0xFF, 0xFF}}},
	{{{-1352, -1462, -1428},0, {-888, 7643},{0xB8, 0xBE, 0xFF, 0xFF}}},
	{{{-1373, -825, -1427},0, {-2741, 7643},{0xAE, 0xBB, 0xFF, 0xFF}}},
	{{{-1373, -1355, -2374},0, {-888, 3936},{0xB8, 0xBE, 0xFF, 0xFF}}},
	{{{-1448, -796, -2302},0, {-2741, 3936},{0xA3, 0xB8, 0xFF, 0xFF}}},
	{{{-1250, -161, -1427},0, {-4595, 7643},{0xA3, 0xB8, 0xFF, 0xFF}}},
	{{{-1212, -224, -2303},0, {-4595, 3936},{0x8E, 0xB1, 0xFF, 0xFF}}},
	{{{-870, -161, -1435},0, {-6729, 7643},{0xAE, 0xBB, 0xFF, 0xFF}}},
	{{{-870, -229, -2389},0, {-6729, 3936},{0xA3, 0xB8, 0xFF, 0xFF}}},
	{{{-492, -161, -1443},0, {-8863, 7643},{0xB8, 0xBE, 0xFF, 0xFF}}},
	{{{-870, -161, -1435},0, {-6729, 7643},{0xAE, 0xBB, 0xFF, 0xFF}}},
	{{{-870, -229, -2389},0, {-6729, 3936},{0xA3, 0xB8, 0xFF, 0xFF}}},
	{{{-530, -224, -2331},0, {-8863, 3936},{0xB8, 0xBE, 0xFF, 0xFF}}},
	{{{-367, -825, -1443},0, {-10623, 7643},{0xB8, 0xBE, 0xFF, 0xFF}}},
	{{{-351, -605, -2332},0, {-10623, 3936},{0xB8, 0xBE, 0xFF, 0xFF}}},
	{{{-368, -859, -501},0, {-10623, 11272},{0xB8, 0xBE, 0xFF, 0xFF}}},
	{{{-513, -97, -521},0, {-8774, 11196},{0xB8, 0xBE, 0xFF, 0xFF}}},
	{{{-374, -893, 209},0, {-10623, 14028},{0xB8, 0xBE, 0xFF, 0xFF}}},
	{{{-519, -125, 211},0, {-8847, 14028},{0xB8, 0xBE, 0xFF, 0xFF}}},
	{{{-870, -94, -481},0, {-6729, 11351},{0xB8, 0xBE, 0xFF, 0xFF}}},
	{{{-877, -91, 211},0, {-6729, 14028},{0xB8, 0xBE, 0xFF, 0xFF}}},
	{{{-1229, -97, -520},0, {-4684, 11196},{0xB8, 0xBE, 0xFF, 0xFF}}},
	{{{-1235, -125, 211},0, {-4607, 14028},{0xB8, 0xBE, 0xFF, 0xFF}}},
	{{{-1374, -859, -500},0, {-2741, 11272},{0xB8, 0xBE, 0xFF, 0xFF}}},
	{{{-1380, -893, 209},0, {-2741, 14028},{0xB8, 0xBE, 0xFF, 0xFF}}},
	{{{-1229, -97, -520},0, {-4684, 11196},{0xB8, 0xBE, 0xFF, 0xFF}}},
	{{{-1374, -859, -500},0, {-2741, 11272},{0xB8, 0xBE, 0xFF, 0xFF}}},
	{{{-1373, -825, -1427},0, {-2741, 7643},{0xAE, 0xBB, 0xFF, 0xFF}}},
	{{{-1250, -161, -1427},0, {-4595, 7643},{0xA3, 0xB8, 0xFF, 0xFF}}},
	{{{-870, -94, -481},0, {-6729, 11351},{0xB8, 0xBE, 0xFF, 0xFF}}},
	{{{-870, -161, -1435},0, {-6729, 7643},{0xAE, 0xBB, 0xFF, 0xFF}}},
	{{{-513, -97, -521},0, {-8774, 11196},{0xB8, 0xBE, 0xFF, 0xFF}}},
	{{{-492, -161, -1443},0, {-8863, 7643},{0xB8, 0xBE, 0xFF, 0xFF}}},
	{{{2923, -2526, 6480},0, {-8276, 3416},{0xCC, 0xEE, 0xFF, 0xFF}}},
	{{{2747, -1462, 6440},0, {-8079, -540},{0xAD, 0xD0, 0xFF, 0xFF}}},
	{{{2375, -1555, 6732},0, {-9738, -153},{0xA3, 0xC5, 0xFF, 0xFF}}},
	{{{2195, -2544, 6939},0, {-10806, 3416},{0xAD, 0xD0, 0xFF, 0xFF}}},
	{{{2182, -1464, 6898},0, {-10740, -573},{0x8E, 0xB1, 0xFF, 0xFF}}},
	{{{2838, -1195, 6439},0, {-8742, -1643},{0x8E, 0xB1, 0xFF, 0xFF}}},
	{{{2747, -1462, 6440},0, {-8079, -540},{0xAD, 0xD0, 0xFF, 0xFF}}},
	{{{1559, -2550, 7340},0, {-13736, 3416},{0x8E, 0xB1, 0xFF, 0xFF}}},
	{{{-3636, -1732, 7205},0, {-24592, 921},{0x8E, 0xB1, 0xFF, 0xFF}}},
	{{{-4927, -2419, 6333},0, {-27370, 3056},{0xCC, 0xEE, 0xFF, 0xFF}}},
	{{{-3617, -2521, 7237},0, {-23958, 3056},{0x8E, 0xB1, 0xFF, 0xFF}}},
	{{{-4719, -1757, 6315},0, {-27440, 905},{0xCC, 0xEE, 0xFF, 0xFF}}},
	{{{-4827, -1261, 6305},0, {-27370, -1093},{0x8E, 0xB1, 0xFF, 0xFF}}},
	{{{4081, -1026, 3737},0, {2032, -2355},{0xAD, 0xD0, 0xFF, 0xFF}}},
	{{{3775, -2246, 5138},0, {-2125, 3416},{0xCC, 0xEE, 0xFF, 0xFF}}},
	{{{4081, -2257, 3737},0, {2032, 3416},{0xCC, 0xEE, 0xFF, 0xFF}}},
	{{{3694, -1057, 5166},0, {-2125, -2180},{0xAD, 0xD0, 0xFF, 0xFF}}},
	{{{3741, -423, 5192},0, {-2125, -4889},{0x8E, 0xB1, 0xFF, 0xFF}}},
	{{{4081, -398, 3737},0, {2032, -5225},{0x8E, 0xB1, 0xFF, 0xFF}}},
	{{{3285, -1246, 5804},0, {-4873, -1388},{0xAD, 0xD0, 0xFF, 0xFF}}},
	{{{3356, -2376, 5776},0, {-4912, 3416},{0xCC, 0xEE, 0xFF, 0xFF}}},
	{{{2747, -1462, 6440},0, {-8079, -540},{0xAD, 0xD0, 0xFF, 0xFF}}},
	{{{3291, -780, 5812},0, {-4446, -3721},{0x8E, 0xB1, 0xFF, 0xFF}}},
	{{{2838, -1195, 6439},0, {-8742, -1643},{0x8E, 0xB1, 0xFF, 0xFF}}},
	{{{3295, -410, 5818},0, {-4883, -4285},{0x8E, 0xB1, 0xFF, 0xFF}}},
	{{{2838, -1195, 6439},0, {-8742, -1643},{0x8E, 0xB1, 0xFF, 0xFF}}},
	{{{3291, -780, 5812},0, {-4446, -3721},{0x8E, 0xB1, 0xFF, 0xFF}}},
	{{{2832, -803, 6432},0, {-7830, -3024},{0x8E, 0xB1, 0xFF, 0xFF}}},
	{{{3719, -4, 5213},0, {-2125, -5575},{0xCC, 0xEE, 0xFF, 0xFF}}},
	{{{3694, -1057, 5166},0, {-2125, -2180},{0xAD, 0xD0, 0xFF, 0xFF}}},
	{{{3356, -2376, 5776},0, {-4912, 3416},{0xCC, 0xEE, 0xFF, 0xFF}}},
	{{{3775, -2246, 5138},0, {-2125, 3416},{0xCC, 0xEE, 0xFF, 0xFF}}},
	{{{2747, -1462, 6440},0, {-8079, -540},{0xAD, 0xD0, 0xFF, 0xFF}}},
	{{{2923, -2526, 6480},0, {-8276, 3416},{0xCC, 0xEE, 0xFF, 0xFF}}},
	{{{-1950, -858, 7744},0, {-19818, -2866},{0xCC, 0xEE, 0xFF, 0xFF}}},
	{{{-1917, -2, 7784},0, {-19287, -4885},{0xCC, 0xEE, 0xFF, 0xFF}}},
	{{{-2720, -184, 7506},0, {-21871, -5167},{0xCC, 0xEE, 0xFF, 0xFF}}},
	{{{-2722, -796, 7509},0, {-21908, -3174},{0xCC, 0xEE, 0xFF, 0xFF}}},
	{{{-3485, -170, 7177},0, {-23915, -5287},{0xCC, 0xEE, 0xFF, 0xFF}}},
	{{{-3489, -699, 7183},0, {-23915, -3499},{0xCC, 0xEE, 0xFF, 0xFF}}},
	{{{-2732, -1520, 7532},0, {-21920, -684},{0xCC, 0xEE, 0xFF, 0xFF}}},
	{{{-2722, -796, 7509},0, {-21908, -3174},{0xCC, 0xEE, 0xFF, 0xFF}}},
	{{{-3489, -699, 7183},0, {-23915, -3499},{0xCC, 0xEE, 0xFF, 0xFF}}},
	{{{-3538, -1353, 7248},0, {-23915, -1300},{0xCC, 0xEE, 0xFF, 0xFF}}},
	{{{-1880, -1717, 7756},0, {-19893, -135},{0xCC, 0xEE, 0xFF, 0xFF}}},
	{{{-1950, -858, 7744},0, {-19818, -2866},{0xCC, 0xEE, 0xFF, 0xFF}}},
	{{{-1950, -858, 7744},0, {2922, 4080},{0xCC, 0xEE, 0xFF, 0xFF}}},
	{{{-1880, -1717, 7756},0, {3811, 4080},{0xCC, 0xEE, 0xFF, 0xFF}}},
	{{{-1908, -1744, 7093},0, {3811, 2032},{0xCC, 0xEE, 0xFF, 0xFF}}},
	{{{-1908, -908, 7093},0, {2922, 2032},{0xCC, 0xEE, 0xFF, 0xFF}}},
	{{{-1863, -1772, 6431},0, {3811, -16},{0xCC, 0xEE, 0xFF, 0xFF}}},
	{{{-1955, -955, 6406},0, {2922, -16},{0xCC, 0xEE, 0xFF, 0xFF}}},
	{{{-1908, -72, 7093},0, {2032, 2032},{0xCC, 0xEE, 0xFF, 0xFF}}},
	{{{-1899, -143, 6401},0, {2032, -16},{0xCC, 0xEE, 0xFF, 0xFF}}},
	{{{-168, -72, 7127},0, {-16, 2032},{0xCC, 0xEE, 0xFF, 0xFF}}},
	{{{-159, -142, 6436},0, {-16, -16},{0xCC, 0xEE, 0xFF, 0xFF}}},
	{{{-168, -908, 7127},0, {-861, 2032},{0xCC, 0xEE, 0xFF, 0xFF}}},
	{{{-168, -72, 7127},0, {-16, 2032},{0xCC, 0xEE, 0xFF, 0xFF}}},
	{{{-159, -142, 6436},0, {-16, -16},{0xCC, 0xEE, 0xFF, 0xFF}}},
	{{{-119, -955, 6455},0, {-861, -16},{0xCC, 0xEE, 0xFF, 0xFF}}},
	{{{-168, -1744, 7127},0, {-1705, 2032},{0xCC, 0xEE, 0xFF, 0xFF}}},
	{{{-195, -1771, 6464},0, {-1705, -16},{0xCC, 0xEE, 0xFF, 0xFF}}},
	{{{-213, -1717, 7789},0, {-1705, 4080},{0xCC, 0xEE, 0xFF, 0xFF}}},
	{{{-142, -857, 7780},0, {-861, 4080},{0xCC, 0xEE, 0xFF, 0xFF}}},
	{{{-177, -2, 7819},0, {-16, 4080},{0xCC, 0xEE, 0xFF, 0xFF}}},
	{{{-1908, -72, 7093},0, {2032, 2032},{0xCC, 0xEE, 0xFF, 0xFF}}},
	{{{-1917, -2, 7784},0, {2032, 4080},{0xCC, 0xEE, 0xFF, 0xFF}}},
	{{{-1908, -908, 7093},0, {2922, 2032},{0xCC, 0xEE, 0xFF, 0xFF}}},
	{{{-1950, -858, 7744},0, {2922, 4080},{0xCC, 0xEE, 0xFF, 0xFF}}},
	{{{-10447, 2943, -13236},0, {-16, -16},{0xD0, 0xC3, 0xFF, 0xFF}}},
	{{{-8854, 2943, -13058},0, {-16, 4080},{0xD0, 0xC3, 0xFF, 0xFF}}},
	{{{-9315, 2943, -11731},0, {2032, 4080},{0xD0, 0xC3, 0xFF, 0xFF}}},
	{{{-10447, 2943, -13236},0, {-16, -16},{0xD0, 0xC3, 0xFF, 0xFF}}},
	{{{-9315, 2943, -11731},0, {2032, 4080},{0xD0, 0xC3, 0xFF, 0xFF}}},
	{{{-11163, 2943, -12061},0, {2032, -16},{0xD0, 0xC3, 0xFF, 0xFF}}},
	{{{-5939, -398, 3537},0, {-27617, -4695},{0x8E, 0xB1, 0xFF, 0xFF}}},
	{{{-5939, -1716, 3537},0, {-27617, 854},{0x8E, 0xB1, 0xFF, 0xFF}}},
	{{{-5695, -1716, 4968},0, {-24953, 1221},{0x8E, 0xB1, 0xFF, 0xFF}}},
	{{{-5679, -409, 5000},0, {-24953, -4885},{0x8E, 0xB1, 0xFF, 0xFF}}},
	{{{-142, -857, 7780},0, {-16334, -2866},{0xCC, 0xEE, 0xFF, 0xFF}}},
	{{{-213, -1717, 7789},0, {-16258, -135},{0xCC, 0xEE, 0xFF, 0xFF}}},
	{{{1474, -1224, 7349},0, {-11941, -1514},{0xCC, 0xEE, 0xFF, 0xFF}}},
	{{{-177, -2, 7819},0, {-16864, -4885},{0xCC, 0xEE, 0xFF, 0xFF}}},
	{{{-384, 333, 1156},0, {-40, 3484},{0xCC, 0xEE, 0xFF, 0xFF}}},
	{{{874, 714, 2007},0, {-2216, 2036},{0xCC, 0xEE, 0xFF, 0xFF}}},
	{{{874, 333, 2007},0, {-2216, 3484},{0xCC, 0xEE, 0xFF, 0xFF}}},
	{{{-384, 714, 1156},0, {-40, 2036},{0xCC, 0xEE, 0xFF, 0xFF}}},
	{{{-1152, 714, 1058},0, {1005, 2036},{0xCC, 0xEE, 0xFF, 0xFF}}},
	{{{-384, 333, 1156},0, {-40, 3484},{0xCC, 0xEE, 0xFF, 0xFF}}},
	{{{-1152, 333, 1058},0, {1005, 3484},{0xCC, 0xEE, 0xFF, 0xFF}}},
	{{{-1152, 714, 1058},0, {1005, 2036},{0xCC, 0xEE, 0xFF, 0xFF}}},
	{{{-1916, 714, 1198},0, {2032, 2036},{0xCC, 0xEE, 0xFF, 0xFF}}},
	{{{-1916, 333, 1198},0, {2032, 3484},{0xCC, 0xEE, 0xFF, 0xFF}}},
	{{{-1916, 1090, 1198},0, {2032, 610},{0xCC, 0xEE, 0xFF, 0xFF}}},
	{{{-1152, 1090, 1058},0, {1005, 610},{0xCC, 0xEE, 0xFF, 0xFF}}},
	{{{-384, 714, 1156},0, {-40, 2036},{0xCC, 0xEE, 0xFF, 0xFF}}},
	{{{-384, 1090, 1156},0, {-40, 610},{0xCC, 0xEE, 0xFF, 0xFF}}},
	{{{874, 714, 2007},0, {-2216, 2036},{0xCC, 0xEE, 0xFF, 0xFF}}},
	{{{874, 1090, 2007},0, {-2216, 610},{0xCC, 0xEE, 0xFF, 0xFF}}},
	{{{-4825, -804, 6303},0, {-25322, -2789},{0xCC, 0xEE, 0xFF, 0xFF}}},
	{{{-4704, -459, 6340},0, {-25307, -4164},{0xCC, 0xEE, 0xFF, 0xFF}}},
	{{{-4815, -98, 6198},0, {-25723, -5480},{0xCC, 0xEE, 0xFF, 0xFF}}},
	{{{-5264, -410, 5651},0, {-27134, -4162},{0x8E, 0xB1, 0xFF, 0xFF}}},
	{{{47, 333, -459},0, {3652, -2338},{0xCC, 0xEE, 0xFF, 0xFF}}},
	{{{265, 148, -424},0, {3361, -1688},{0xCC, 0xEE, 0xFF, 0xFF}}},
	{{{-30, 106, -487},0, {3764, -1561},{0xCC, 0xEE, 0xFF, 0xFF}}},
	{{{-246, 153, -498},0, {4072, -1732},{0xCC, 0xEE, 0xFF, 0xFF}}},
};

Gfx ccm_dl_level_008_mesh_layer_1_tri_2[] = {
	gsSPVertex(ccm_dl_level_008_mesh_layer_1_vtx_2 + 0, 16, 0),
	gsSP1Triangle(0, 1, 2, 0),
	gsSP1Triangle(0, 2, 3, 0),
	gsSP1Triangle(3, 2, 4, 0),
	gsSP1Triangle(3, 4, 5, 0),
	gsSP1Triangle(6, 3, 5, 0),
	gsSP1Triangle(6, 5, 7, 0),
	gsSP1Triangle(8, 6, 7, 0),
	gsSP1Triangle(8, 7, 9, 0),
	gsSP1Triangle(10, 8, 9, 0),
	gsSP1Triangle(10, 9, 11, 0),
	gsSP1Triangle(12, 10, 11, 0),
	gsSP1Triangle(12, 11, 13, 0),
	gsSP1Triangle(14, 12, 13, 0),
	gsSP1Triangle(14, 13, 15, 0),
	gsSPVertex(ccm_dl_level_008_mesh_layer_1_vtx_2 + 16, 16, 0),
	gsSP1Triangle(0, 1, 2, 0),
	gsSP1Triangle(0, 2, 3, 0),
	gsSP1Triangle(4, 0, 3, 0),
	gsSP1Triangle(4, 3, 5, 0),
	gsSP1Triangle(6, 0, 4, 0),
	gsSP1Triangle(6, 7, 0, 0),
	gsSP1Triangle(7, 1, 0, 0),
	gsSP1Triangle(7, 8, 1, 0),
	gsSP1Triangle(8, 9, 1, 0),
	gsSP1Triangle(8, 10, 9, 0),
	gsSP1Triangle(10, 11, 9, 0),
	gsSP1Triangle(10, 12, 11, 0),
	gsSP1Triangle(12, 13, 11, 0),
	gsSP1Triangle(12, 14, 13, 0),
	gsSP1Triangle(14, 15, 13, 0),
	gsSPVertex(ccm_dl_level_008_mesh_layer_1_vtx_2 + 32, 16, 0),
	gsSP1Triangle(0, 1, 2, 0),
	gsSP1Triangle(1, 3, 2, 0),
	gsSP1Triangle(1, 4, 3, 0),
	gsSP1Triangle(5, 6, 7, 0),
	gsSP1Triangle(5, 8, 6, 0),
	gsSP1Triangle(9, 8, 5, 0),
	gsSP1Triangle(9, 5, 10, 0),
	gsSP1Triangle(9, 10, 11, 0),
	gsSP1Triangle(11, 10, 12, 0),
	gsSP1Triangle(12, 10, 13, 0),
	gsSP1Triangle(12, 13, 14, 0),
	gsSP1Triangle(14, 13, 7, 0),
	gsSP1Triangle(14, 7, 15, 0),
	gsSPVertex(ccm_dl_level_008_mesh_layer_1_vtx_2 + 48, 16, 0),
	gsSP1Triangle(0, 1, 2, 0),
	gsSP1Triangle(0, 2, 3, 0),
	gsSP1Triangle(4, 1, 0, 0),
	gsSP1Triangle(4, 5, 1, 0),
	gsSP1Triangle(5, 4, 6, 0),
	gsSP1Triangle(6, 4, 7, 0),
	gsSP1Triangle(8, 7, 4, 0),
	gsSP1Triangle(8, 4, 9, 0),
	gsSP1Triangle(10, 7, 8, 0),
	gsSP1Triangle(6, 7, 10, 0),
	gsSP1Triangle(6, 10, 11, 0),
	gsSP1Triangle(12, 11, 10, 0),
	gsSP1Triangle(13, 12, 10, 0),
	gsSP1Triangle(10, 8, 13, 0),
	gsSP1Triangle(3, 13, 8, 0),
	gsSP1Triangle(3, 8, 14, 0),
	gsSP1Triangle(15, 13, 3, 0),
	gsSPVertex(ccm_dl_level_008_mesh_layer_1_vtx_2 + 64, 16, 0),
	gsSP1Triangle(0, 1, 2, 0),
	gsSP1Triangle(3, 0, 2, 0),
	gsSP1Triangle(3, 2, 4, 0),
	gsSP1Triangle(4, 2, 5, 0),
	gsSP1Triangle(2, 6, 5, 0),
	gsSP1Triangle(4, 5, 7, 0),
	gsSP1Triangle(0, 8, 1, 0),
	gsSP1Triangle(9, 10, 11, 0),
	gsSP1Triangle(9, 12, 10, 0),
	gsSP1Triangle(12, 9, 13, 0),
	gsSP1Triangle(12, 13, 14, 0),
	gsSP1Triangle(15, 7, 10, 0),
	gsSPVertex(ccm_dl_level_008_mesh_layer_1_vtx_2 + 80, 16, 0),
	gsSP1Triangle(0, 1, 2, 0),
	gsSP1Triangle(1, 0, 3, 0),
	gsSP1Triangle(1, 3, 4, 0),
	gsSP1Triangle(4, 3, 5, 0),
	gsSP1Triangle(3, 6, 5, 0),
	gsSP1Triangle(3, 7, 6, 0),
	gsSP1Triangle(6, 7, 8, 0),
	gsSP1Triangle(6, 8, 9, 0),
	gsSP1Triangle(9, 8, 10, 0),
	gsSP1Triangle(9, 10, 11, 0),
	gsSP1Triangle(12, 5, 6, 0),
	gsSP1Triangle(12, 13, 5, 0),
	gsSP1Triangle(14, 13, 12, 0),
	gsSP1Triangle(14, 12, 15, 0),
	gsSPVertex(ccm_dl_level_008_mesh_layer_1_vtx_2 + 96, 16, 0),
	gsSP1Triangle(0, 1, 2, 0),
	gsSP1Triangle(0, 3, 1, 0),
	gsSP1Triangle(1, 3, 4, 0),
	gsSP1Triangle(4, 3, 5, 0),
	gsSP1Triangle(0, 5, 6, 0),
	gsSP1Triangle(0, 7, 5, 0),
	gsSP1Triangle(8, 7, 0, 0),
	gsSP1Triangle(8, 0, 9, 0),
	gsSP1Triangle(10, 8, 9, 0),
	gsSP1Triangle(10, 9, 11, 0),
	gsSP1Triangle(11, 12, 10, 0),
	gsSP1Triangle(11, 13, 12, 0),
	gsSP1Triangle(14, 12, 13, 0),
	gsSP1Triangle(14, 15, 12, 0),
	gsSPVertex(ccm_dl_level_008_mesh_layer_1_vtx_2 + 112, 16, 0),
	gsSP1Triangle(0, 1, 2, 0),
	gsSP1Triangle(3, 0, 2, 0),
	gsSP1Triangle(2, 4, 3, 0),
	gsSP1Triangle(5, 4, 2, 0),
	gsSP1Triangle(5, 6, 4, 0),
	gsSP1Triangle(7, 6, 5, 0),
	gsSP1Triangle(7, 8, 6, 0),
	gsSP1Triangle(8, 9, 6, 0),
	gsSP1Triangle(8, 10, 9, 0),
	gsSP1Triangle(11, 9, 10, 0),
	gsSP1Triangle(11, 12, 9, 0),
	gsSP1Triangle(11, 13, 12, 0),
	gsSP1Triangle(11, 14, 13, 0),
	gsSP1Triangle(14, 15, 13, 0),
	gsSPVertex(ccm_dl_level_008_mesh_layer_1_vtx_2 + 128, 16, 0),
	gsSP1Triangle(0, 1, 2, 0),
	gsSP1Triangle(3, 2, 4, 0),
	gsSP1Triangle(3, 4, 5, 0),
	gsSP1Triangle(6, 3, 5, 0),
	gsSP1Triangle(6, 5, 7, 0),
	gsSP1Triangle(8, 6, 7, 0),
	gsSP1Triangle(8, 7, 9, 0),
	gsSP1Triangle(10, 8, 9, 0),
	gsSP1Triangle(10, 9, 11, 0),
	gsSP1Triangle(9, 12, 11, 0),
	gsSP1Triangle(13, 14, 15, 0),
	gsSPVertex(ccm_dl_level_008_mesh_layer_1_vtx_2 + 144, 16, 0),
	gsSP1Triangle(0, 1, 2, 0),
	gsSP1Triangle(1, 0, 3, 0),
	gsSP1Triangle(1, 3, 4, 0),
	gsSP1Triangle(5, 4, 3, 0),
	gsSP1Triangle(5, 6, 4, 0),
	gsSP1Triangle(1, 4, 7, 0),
	gsSP1Triangle(4, 8, 7, 0),
	gsSP1Triangle(4, 9, 8, 0),
	gsSP1Triangle(8, 9, 10, 0),
	gsSP1Triangle(11, 10, 9, 0),
	gsSP1Triangle(11, 9, 5, 0),
	gsSP1Triangle(12, 10, 11, 0),
	gsSP1Triangle(12, 13, 10, 0),
	gsSP1Triangle(12, 14, 13, 0),
	gsSP1Triangle(12, 15, 14, 0),
	gsSPVertex(ccm_dl_level_008_mesh_layer_1_vtx_2 + 160, 16, 0),
	gsSP1Triangle(0, 1, 2, 0),
	gsSP1Triangle(0, 2, 3, 0),
	gsSP1Triangle(4, 3, 2, 0),
	gsSP1Triangle(4, 5, 3, 0),
	gsSP1Triangle(6, 3, 5, 0),
	gsSP1Triangle(6, 7, 3, 0),
	gsSP1Triangle(8, 7, 6, 0),
	gsSP1Triangle(8, 6, 9, 0),
	gsSP1Triangle(10, 11, 12, 0),
	gsSP1Triangle(10, 13, 11, 0),
	gsSP1Triangle(14, 13, 10, 0),
	gsSP1Triangle(14, 10, 15, 0),
	gsSPVertex(ccm_dl_level_008_mesh_layer_1_vtx_2 + 176, 16, 0),
	gsSP1Triangle(0, 1, 2, 0),
	gsSP1Triangle(0, 3, 1, 0),
	gsSP1Triangle(1, 3, 4, 0),
	gsSP1Triangle(1, 4, 5, 0),
	gsSP1Triangle(6, 7, 8, 0),
	gsSP1Triangle(6, 8, 9, 0),
	gsSP1Triangle(10, 11, 12, 0),
	gsSP1Triangle(10, 12, 13, 0),
	gsSP1Triangle(14, 10, 13, 0),
	gsSP1Triangle(15, 14, 13, 0),
	gsSPVertex(ccm_dl_level_008_mesh_layer_1_vtx_2 + 192, 16, 0),
	gsSP1Triangle(0, 1, 2, 0),
	gsSP1Triangle(3, 1, 0, 0),
	gsSP1Triangle(3, 0, 4, 0),
	gsSP1Triangle(3, 4, 5, 0),
	gsSP1Triangle(3, 5, 6, 0),
	gsSP1Triangle(6, 5, 7, 0),
	gsSP1Triangle(6, 7, 8, 0),
	gsSP1Triangle(9, 10, 11, 0),
	gsSP1Triangle(9, 12, 10, 0),
	gsSP1Triangle(13, 12, 9, 0),
	gsSP1Triangle(13, 14, 12, 0),
	gsSP1Triangle(15, 14, 13, 0),
	gsSPVertex(ccm_dl_level_008_mesh_layer_1_vtx_2 + 208, 16, 0),
	gsSP1Triangle(0, 1, 2, 0),
	gsSP1Triangle(1, 3, 2, 0),
	gsSP1Triangle(4, 5, 0, 0),
	gsSP1Triangle(4, 6, 5, 0),
	gsSP1Triangle(5, 6, 7, 0),
	gsSP1Triangle(5, 7, 8, 0),
	gsSP1Triangle(8, 7, 9, 0),
	gsSP1Triangle(8, 9, 10, 0),
	gsSP1Triangle(11, 12, 13, 0),
	gsSP1Triangle(11, 14, 12, 0),
	gsSP1Triangle(15, 14, 11, 0),
	gsSPVertex(ccm_dl_level_008_mesh_layer_1_vtx_2 + 224, 16, 0),
	gsSP1Triangle(0, 1, 2, 0),
	gsSP1Triangle(3, 1, 0, 0),
	gsSP1Triangle(3, 4, 1, 0),
	gsSP1Triangle(5, 4, 3, 0),
	gsSP1Triangle(5, 6, 4, 0),
	gsSP1Triangle(7, 6, 5, 0),
	gsSP1Triangle(7, 8, 6, 0),
	gsSP1Triangle(9, 8, 7, 0),
	gsSP1Triangle(9, 10, 8, 0),
	gsSP1Triangle(11, 10, 9, 0),
	gsSP1Triangle(11, 12, 10, 0),
	gsSP1Triangle(13, 12, 11, 0),
	gsSP1Triangle(13, 14, 12, 0),
	gsSP1Triangle(14, 15, 12, 0),
	gsSPVertex(ccm_dl_level_008_mesh_layer_1_vtx_2 + 240, 16, 0),
	gsSP1Triangle(0, 1, 2, 0),
	gsSP1Triangle(1, 3, 2, 0),
	gsSP1Triangle(1, 4, 3, 0),
	gsSP1Triangle(4, 5, 3, 0),
	gsSP1Triangle(4, 6, 5, 0),
	gsSP1Triangle(3, 5, 7, 0),
	gsSP1Triangle(3, 7, 8, 0),
	gsSP1Triangle(7, 9, 8, 0),
	gsSP1Triangle(7, 10, 9, 0),
	gsSP1Triangle(9, 10, 11, 0),
	gsSP1Triangle(9, 11, 12, 0),
	gsSP1Triangle(11, 13, 12, 0),
	gsSP1Triangle(11, 14, 13, 0),
	gsSP1Triangle(13, 14, 15, 0),
	gsSPVertex(ccm_dl_level_008_mesh_layer_1_vtx_2 + 256, 16, 0),
	gsSP1Triangle(0, 1, 2, 0),
	gsSP1Triangle(1, 3, 2, 0),
	gsSP1Triangle(1, 4, 3, 0),
	gsSP1Triangle(3, 4, 5, 0),
	gsSP1Triangle(3, 5, 6, 0),
	gsSP1Triangle(7, 3, 6, 0),
	gsSP1Triangle(7, 6, 8, 0),
	gsSP1Triangle(9, 7, 8, 0),
	gsSP1Triangle(9, 8, 10, 0),
	gsSP1Triangle(11, 7, 9, 0),
	gsSP1Triangle(11, 12, 7, 0),
	gsSP1Triangle(13, 12, 11, 0),
	gsSP1Triangle(13, 14, 12, 0),
	gsSP1Triangle(15, 14, 13, 0),
	gsSPVertex(ccm_dl_level_008_mesh_layer_1_vtx_2 + 272, 16, 0),
	gsSP1Triangle(0, 1, 2, 0),
	gsSP1Triangle(3, 1, 0, 0),
	gsSP1Triangle(3, 4, 1, 0),
	gsSP1Triangle(5, 4, 3, 0),
	gsSP1Triangle(5, 6, 4, 0),
	gsSP1Triangle(7, 6, 5, 0),
	gsSP1Triangle(7, 8, 6, 0),
	gsSP1Triangle(8, 9, 6, 0),
	gsSP1Triangle(8, 10, 9, 0),
	gsSP1Triangle(11, 2, 1, 0),
	gsSP1Triangle(11, 12, 2, 0),
	gsSP1Triangle(2, 12, 13, 0),
	gsSP1Triangle(2, 13, 14, 0),
	gsSP1Triangle(13, 15, 14, 0),
	gsSPVertex(ccm_dl_level_008_mesh_layer_1_vtx_2 + 288, 16, 0),
	gsSP1Triangle(0, 1, 2, 0),
	gsSP1Triangle(3, 4, 5, 0),
	gsSP1Triangle(3, 5, 6, 0),
	gsSP1Triangle(6, 5, 7, 0),
	gsSP1Triangle(6, 7, 8, 0),
	gsSP1Triangle(9, 6, 8, 0),
	gsSP1Triangle(9, 8, 10, 0),
	gsSP1Triangle(11, 9, 10, 0),
	gsSP1Triangle(11, 10, 12, 0),
	gsSP1Triangle(13, 11, 12, 0),
	gsSP1Triangle(13, 14, 11, 0),
	gsSP1Triangle(15, 14, 13, 0),
	gsSPVertex(ccm_dl_level_008_mesh_layer_1_vtx_2 + 304, 16, 0),
	gsSP1Triangle(0, 1, 2, 0),
	gsSP1Triangle(0, 3, 1, 0),
	gsSP1Triangle(0, 4, 3, 0),
	gsSP1Triangle(5, 3, 4, 0),
	gsSP1Triangle(5, 4, 6, 0),
	gsSP1Triangle(7, 5, 6, 0),
	gsSP1Triangle(7, 6, 8, 0),
	gsSP1Triangle(9, 7, 8, 0),
	gsSP1Triangle(9, 8, 10, 0),
	gsSP1Triangle(11, 9, 10, 0),
	gsSP1Triangle(11, 10, 12, 0),
	gsSP1Triangle(13, 11, 12, 0),
	gsSP1Triangle(13, 12, 14, 0),
	gsSP1Triangle(15, 13, 14, 0),
	gsSPVertex(ccm_dl_level_008_mesh_layer_1_vtx_2 + 320, 16, 0),
	gsSP1Triangle(0, 1, 2, 0),
	gsSP1Triangle(3, 0, 2, 0),
	gsSP1Triangle(3, 2, 4, 0),
	gsSP1Triangle(5, 3, 4, 0),
	gsSP1Triangle(5, 4, 6, 0),
	gsSP1Triangle(7, 3, 5, 0),
	gsSP1Triangle(8, 3, 7, 0),
	gsSP1Triangle(8, 0, 3, 0),
	gsSP1Triangle(8, 9, 0, 0),
	gsSP1Triangle(8, 10, 9, 0),
	gsSP1Triangle(10, 11, 9, 0),
	gsSP1Triangle(10, 12, 11, 0),
	gsSP1Triangle(13, 11, 12, 0),
	gsSP1Triangle(13, 14, 11, 0),
	gsSP1Triangle(13, 15, 14, 0),
	gsSPVertex(ccm_dl_level_008_mesh_layer_1_vtx_2 + 336, 16, 0),
	gsSP1Triangle(0, 1, 2, 0),
	gsSP1Triangle(1, 3, 2, 0),
	gsSP1Triangle(1, 4, 3, 0),
	gsSP1Triangle(4, 5, 3, 0),
	gsSP1Triangle(4, 6, 5, 0),
	gsSP1Triangle(7, 5, 6, 0),
	gsSP1Triangle(7, 6, 8, 0),
	gsSP1Triangle(9, 7, 8, 0),
	gsSP1Triangle(9, 8, 10, 0),
	gsSP1Triangle(11, 9, 10, 0),
	gsSP1Triangle(11, 10, 12, 0),
	gsSP1Triangle(12, 13, 11, 0),
	gsSP1Triangle(12, 14, 13, 0),
	gsSP1Triangle(15, 13, 14, 0),
	gsSPVertex(ccm_dl_level_008_mesh_layer_1_vtx_2 + 352, 16, 0),
	gsSP1Triangle(0, 1, 2, 0),
	gsSP1Triangle(3, 4, 5, 0),
	gsSP1Triangle(6, 7, 8, 0),
	gsSP1Triangle(6, 9, 7, 0),
	gsSP1Triangle(10, 9, 6, 0),
	gsSP1Triangle(10, 11, 9, 0),
	gsSP1Triangle(12, 11, 10, 0),
	gsSP1Triangle(13, 12, 10, 0),
	gsSP1Triangle(13, 10, 14, 0),
	gsSP1Triangle(15, 13, 14, 0),
	gsSPVertex(ccm_dl_level_008_mesh_layer_1_vtx_2 + 368, 16, 0),
	gsSP1Triangle(0, 1, 2, 0),
	gsSP1Triangle(3, 4, 0, 0),
	gsSP1Triangle(3, 5, 4, 0),
	gsSP1Triangle(6, 5, 3, 0),
	gsSP1Triangle(7, 6, 3, 0),
	gsSP1Triangle(7, 3, 8, 0),
	gsSP1Triangle(9, 7, 8, 0),
	gsSP1Triangle(9, 8, 10, 0),
	gsSP1Triangle(8, 11, 10, 0),
	gsSP1Triangle(8, 12, 11, 0),
	gsSP1Triangle(11, 12, 13, 0),
	gsSP1Triangle(11, 13, 14, 0),
	gsSP1Triangle(14, 13, 15, 0),
	gsSPVertex(ccm_dl_level_008_mesh_layer_1_vtx_2 + 384, 16, 0),
	gsSP1Triangle(0, 1, 2, 0),
	gsSP1Triangle(2, 1, 3, 0),
	gsSP1Triangle(2, 3, 4, 0),
	gsSP1Triangle(5, 6, 7, 0),
	gsSP1Triangle(8, 6, 5, 0),
	gsSP1Triangle(8, 9, 6, 0),
	gsSP1Triangle(8, 10, 9, 0),
	gsSP1Triangle(8, 11, 10, 0),
	gsSP1Triangle(11, 12, 10, 0),
	gsSP1Triangle(11, 13, 12, 0),
	gsSP1Triangle(13, 14, 12, 0),
	gsSP1Triangle(13, 15, 14, 0),
	gsSPVertex(ccm_dl_level_008_mesh_layer_1_vtx_2 + 400, 16, 0),
	gsSP1Triangle(0, 1, 2, 0),
	gsSP1Triangle(0, 3, 1, 0),
	gsSP1Triangle(4, 3, 0, 0),
	gsSP1Triangle(4, 5, 3, 0),
	gsSP1Triangle(5, 6, 3, 0),
	gsSP1Triangle(5, 7, 6, 0),
	gsSP1Triangle(8, 6, 7, 0),
	gsSP1Triangle(8, 9, 6, 0),
	gsSP1Triangle(6, 9, 10, 0),
	gsSP1Triangle(6, 10, 11, 0),
	gsSP1Triangle(3, 6, 11, 0),
	gsSP1Triangle(3, 11, 1, 0),
	gsSP1Triangle(1, 11, 12, 0),
	gsSP1Triangle(1, 12, 13, 0),
	gsSP1Triangle(13, 12, 14, 0),
	gsSP1Triangle(13, 14, 15, 0),
	gsSPVertex(ccm_dl_level_008_mesh_layer_1_vtx_2 + 416, 16, 0),
	gsSP1Triangle(0, 1, 2, 0),
	gsSP1Triangle(3, 2, 1, 0),
	gsSP1Triangle(3, 4, 2, 0),
	gsSP1Triangle(2, 4, 5, 0),
	gsSP1Triangle(2, 5, 6, 0),
	gsSP1Triangle(5, 7, 6, 0),
	gsSP1Triangle(5, 8, 7, 0),
	gsSP1Triangle(7, 8, 9, 0),
	gsSP1Triangle(7, 9, 10, 0),
	gsSP1Triangle(11, 7, 10, 0),
	gsSP1Triangle(11, 10, 12, 0),
	gsSP1Triangle(13, 7, 11, 0),
	gsSP1Triangle(13, 6, 7, 0),
	gsSP1Triangle(14, 6, 13, 0),
	gsSP1Triangle(15, 14, 13, 0),
	gsSPVertex(ccm_dl_level_008_mesh_layer_1_vtx_2 + 432, 16, 0),
	gsSP1Triangle(0, 1, 2, 0),
	gsSP1Triangle(3, 0, 2, 0),
	gsSP1Triangle(3, 2, 4, 0),
	gsSP1Triangle(5, 0, 3, 0),
	gsSP1Triangle(5, 6, 0, 0),
	gsSP1Triangle(6, 7, 0, 0),
	gsSP1Triangle(6, 8, 7, 0),
	gsSP1Triangle(0, 7, 1, 0),
	gsSP1Triangle(7, 9, 1, 0),
	gsSP1Triangle(1, 9, 10, 0),
	gsSP1Triangle(11, 5, 3, 0),
	gsSP1Triangle(12, 13, 14, 0),
	gsSP1Triangle(12, 14, 15, 0),
	gsSPVertex(ccm_dl_level_008_mesh_layer_1_vtx_2 + 448, 14, 0),
	gsSP1Triangle(0, 1, 2, 0),
	gsSP1Triangle(0, 2, 3, 0),
	gsSP1Triangle(3, 2, 4, 0),
	gsSP1Triangle(3, 4, 5, 0),
	gsSP1Triangle(6, 7, 8, 0),
	gsSP1Triangle(6, 8, 9, 0),
	gsSP1Triangle(10, 11, 12, 0),
	gsSP1Triangle(10, 12, 13, 0),
	gsSPVertex(ccm_dl_level_008_mesh_layer_1_vtx_2 + 462, 16, 0),
	gsSP1Triangle(0, 1, 2, 0),
	gsSP1Triangle(0, 3, 1, 0),
	gsSP1Triangle(4, 3, 0, 0),
	gsSP1Triangle(4, 0, 5, 0),
	gsSP1Triangle(4, 5, 6, 0),
	gsSP1Triangle(7, 6, 5, 0),
	gsSP1Triangle(7, 5, 8, 0),
	gsSP1Triangle(2, 8, 5, 0),
	gsSP1Triangle(2, 5, 9, 0),
	gsSP1Triangle(2, 10, 8, 0),
	gsSP1Triangle(2, 11, 10, 0),
	gsSP1Triangle(2, 12, 11, 0),
	gsSP1Triangle(13, 11, 12, 0),
	gsSP1Triangle(11, 14, 10, 0),
	gsSP1Triangle(7, 10, 14, 0),
	gsSP1Triangle(7, 14, 15, 0),
	gsSPVertex(ccm_dl_level_008_mesh_layer_1_vtx_2 + 478, 15, 0),
	gsSP1Triangle(0, 1, 2, 0),
	gsSP1Triangle(0, 2, 3, 0),
	gsSP1Triangle(4, 0, 3, 0),
	gsSP1Triangle(4, 3, 5, 0),
	gsSP1Triangle(4, 5, 6, 0),
	gsSP1Triangle(4, 6, 7, 0),
	gsSP1Triangle(4, 7, 8, 0),
	gsSP1Triangle(9, 8, 7, 0),
	gsSP1Triangle(9, 10, 8, 0),
	gsSP1Triangle(4, 8, 10, 0),
	gsSP1Triangle(4, 10, 11, 0),
	gsSP1Triangle(12, 11, 10, 0),
	gsSP1Triangle(1, 13, 14, 0),
	gsSPVertex(ccm_dl_level_008_mesh_layer_1_vtx_2 + 493, 16, 0),
	gsSP1Triangle(0, 1, 2, 0),
	gsSP1Triangle(3, 4, 5, 0),
	gsSP1Triangle(3, 5, 6, 0),
	gsSP1Triangle(6, 5, 7, 0),
	gsSP1Triangle(6, 7, 8, 0),
	gsSP1Triangle(7, 9, 8, 0),
	gsSP1Triangle(10, 11, 12, 0),
	gsSP1Triangle(10, 13, 11, 0),
	gsSP1Triangle(14, 13, 10, 0),
	gsSP1Triangle(14, 15, 13, 0),
	gsSPVertex(ccm_dl_level_008_mesh_layer_1_vtx_2 + 509, 16, 0),
	gsSP1Triangle(0, 1, 2, 0),
	gsSP1Triangle(0, 3, 1, 0),
	gsSP1Triangle(4, 3, 0, 0),
	gsSP1Triangle(4, 5, 3, 0),
	gsSP1Triangle(5, 4, 6, 0),
	gsSP1Triangle(5, 6, 7, 0),
	gsSP1Triangle(7, 6, 8, 0),
	gsSP1Triangle(7, 8, 9, 0),
	gsSP1Triangle(10, 7, 9, 0),
	gsSP1Triangle(10, 9, 11, 0),
	gsSP1Triangle(12, 10, 11, 0),
	gsSP1Triangle(12, 11, 13, 0),
	gsSP1Triangle(14, 12, 13, 0),
	gsSP1Triangle(14, 13, 15, 0),
	gsSPVertex(ccm_dl_level_008_mesh_layer_1_vtx_2 + 525, 16, 0),
	gsSP1Triangle(0, 1, 2, 0),
	gsSP1Triangle(0, 2, 3, 0),
	gsSP1Triangle(4, 0, 3, 0),
	gsSP1Triangle(4, 3, 5, 0),
	gsSP1Triangle(6, 0, 4, 0),
	gsSP1Triangle(6, 7, 0, 0),
	gsSP1Triangle(7, 6, 8, 0),
	gsSP1Triangle(7, 8, 9, 0),
	gsSP1Triangle(9, 8, 10, 0),
	gsSP1Triangle(9, 10, 11, 0),
	gsSP1Triangle(12, 9, 11, 0),
	gsSP1Triangle(12, 11, 13, 0),
	gsSP1Triangle(14, 12, 13, 0),
	gsSP1Triangle(14, 13, 15, 0),
	gsSPVertex(ccm_dl_level_008_mesh_layer_1_vtx_2 + 541, 16, 0),
	gsSP1Triangle(0, 1, 2, 0),
	gsSP1Triangle(0, 2, 3, 0),
	gsSP1Triangle(4, 0, 3, 0),
	gsSP1Triangle(4, 3, 5, 0),
	gsSP1Triangle(6, 0, 4, 0),
	gsSP1Triangle(6, 7, 0, 0),
	gsSP1Triangle(7, 6, 8, 0),
	gsSP1Triangle(7, 8, 9, 0),
	gsSP1Triangle(10, 7, 9, 0),
	gsSP1Triangle(10, 9, 11, 0),
	gsSP1Triangle(12, 10, 11, 0),
	gsSP1Triangle(12, 11, 13, 0),
	gsSP1Triangle(14, 12, 13, 0),
	gsSP1Triangle(14, 13, 15, 0),
	gsSPVertex(ccm_dl_level_008_mesh_layer_1_vtx_2 + 557, 16, 0),
	gsSP1Triangle(0, 1, 2, 0),
	gsSP1Triangle(0, 2, 3, 0),
	gsSP1Triangle(4, 0, 3, 0),
	gsSP1Triangle(4, 3, 5, 0),
	gsSP1Triangle(6, 4, 5, 0),
	gsSP1Triangle(6, 5, 7, 0),
	gsSP1Triangle(8, 9, 10, 0),
	gsSP1Triangle(8, 10, 11, 0),
	gsSP1Triangle(11, 10, 12, 0),
	gsSP1Triangle(13, 12, 10, 0),
	gsSP1Triangle(13, 10, 14, 0),
	gsSP1Triangle(11, 12, 15, 0),
	gsSPVertex(ccm_dl_level_008_mesh_layer_1_vtx_2 + 573, 16, 0),
	gsSP1Triangle(0, 1, 2, 0),
	gsSP1Triangle(0, 3, 1, 0),
	gsSP1Triangle(0, 4, 3, 0),
	gsSP1Triangle(5, 6, 7, 0),
	gsSP1Triangle(5, 8, 6, 0),
	gsSP1Triangle(5, 9, 8, 0),
	gsSP1Triangle(5, 10, 9, 0),
	gsSP1Triangle(11, 8, 9, 0),
	gsSP1Triangle(8, 11, 12, 0),
	gsSP1Triangle(12, 11, 13, 0),
	gsSP1Triangle(13, 11, 14, 0),
	gsSP1Triangle(11, 9, 14, 0),
	gsSP1Triangle(13, 14, 15, 0),
	gsSPVertex(ccm_dl_level_008_mesh_layer_1_vtx_2 + 589, 16, 0),
	gsSP1Triangle(0, 1, 2, 0),
	gsSP1Triangle(0, 3, 1, 0),
	gsSP1Triangle(4, 3, 0, 0),
	gsSP1Triangle(5, 6, 7, 0),
	gsSP1Triangle(6, 8, 9, 0),
	gsSP1Triangle(10, 11, 12, 0),
	gsSP1Triangle(10, 12, 13, 0),
	gsSP1Triangle(13, 12, 14, 0),
	gsSP1Triangle(13, 14, 15, 0),
	gsSPVertex(ccm_dl_level_008_mesh_layer_1_vtx_2 + 605, 16, 0),
	gsSP1Triangle(0, 1, 2, 0),
	gsSP1Triangle(0, 2, 3, 0),
	gsSP1Triangle(4, 1, 0, 0),
	gsSP1Triangle(4, 5, 1, 0),
	gsSP1Triangle(6, 7, 8, 0),
	gsSP1Triangle(6, 8, 9, 0),
	gsSP1Triangle(9, 8, 10, 0),
	gsSP1Triangle(9, 10, 11, 0),
	gsSP1Triangle(12, 9, 11, 0),
	gsSP1Triangle(12, 11, 13, 0),
	gsSP1Triangle(14, 12, 13, 0),
	gsSP1Triangle(14, 13, 15, 0),
	gsSPVertex(ccm_dl_level_008_mesh_layer_1_vtx_2 + 621, 16, 0),
	gsSP1Triangle(0, 1, 2, 0),
	gsSP1Triangle(0, 2, 3, 0),
	gsSP1Triangle(4, 0, 3, 0),
	gsSP1Triangle(4, 3, 5, 0),
	gsSP1Triangle(6, 0, 4, 0),
	gsSP1Triangle(6, 7, 0, 0),
	gsSP1Triangle(7, 1, 0, 0),
	gsSP1Triangle(7, 8, 1, 0),
	gsSP1Triangle(8, 9, 1, 0),
	gsSP1Triangle(8, 10, 9, 0),
	gsSP1Triangle(10, 11, 9, 0),
	gsSP1Triangle(10, 12, 11, 0),
	gsSP1Triangle(13, 14, 15, 0),
	gsSPVertex(ccm_dl_level_008_mesh_layer_1_vtx_2 + 637, 16, 0),
	gsSP1Triangle(0, 1, 2, 0),
	gsSP1Triangle(3, 4, 5, 0),
	gsSP1Triangle(3, 5, 6, 0),
	gsSP1Triangle(7, 8, 9, 0),
	gsSP1Triangle(7, 9, 10, 0),
	gsSP1Triangle(11, 12, 13, 0),
	gsSP1Triangle(11, 14, 12, 0),
	gsSP1Triangle(11, 15, 14, 0),
	gsSPVertex(ccm_dl_level_008_mesh_layer_1_vtx_2 + 653, 15, 0),
	gsSP1Triangle(0, 1, 2, 0),
	gsSP1Triangle(1, 3, 2, 0),
	gsSP1Triangle(1, 4, 3, 0),
	gsSP1Triangle(2, 3, 5, 0),
	gsSP1Triangle(2, 5, 6, 0),
	gsSP1Triangle(7, 2, 6, 0),
	gsSP1Triangle(7, 6, 8, 0),
	gsSP1Triangle(9, 7, 8, 0),
	gsSP1Triangle(9, 8, 10, 0),
	gsSP1Triangle(11, 12, 13, 0),
	gsSP1Triangle(11, 13, 14, 0),
	gsSPVertex(ccm_dl_level_008_mesh_layer_1_vtx_2 + 668, 4, 0),
	gsSP1Triangle(0, 1, 2, 0),
	gsSP1Triangle(0, 2, 3, 0),
	gsSPEndDisplayList(),
};

Vtx ccm_dl_level_008_mesh_layer_1_vtx_3[570] = {
	{{{-6116, 1513, -10642},0, {3217, 17954},{0x8E, 0xB1, 0xFF, 0xFF}}},
	{{{-6364, 1907, -10384},0, {3648, 18668},{0x8E, 0xB1, 0xFF, 0xFF}}},
	{{{-6150, 1811, -10363},0, {4329, 18047},{0x8E, 0xB1, 0xFF, 0xFF}}},
	{{{-6150, 1555, -10388},0, {3887, 17514},{0x8E, 0xB1, 0xFF, 0xFF}}},
	{{{-5987, 1807, -10154},0, {4901, 17250},{0x8E, 0xB1, 0xFF, 0xFF}}},
	{{{-6047, 1584, -10131},0, {4416, 16899},{0x8E, 0xB1, 0xFF, 0xFF}}},
	{{{-6122, 1590, -9704},0, {4710, 15923},{0x8E, 0xB1, 0xFF, 0xFF}}},
	{{{-6060, 1813, -9724},0, {5279, 16116},{0x8E, 0xB1, 0xFF, 0xFF}}},
	{{{-6366, 1591, -9057},0, {4854, 14501},{0x8E, 0xB1, 0xFF, 0xFF}}},
	{{{-6272, 1813, -9150},0, {5481, 14556},{0x8E, 0xB1, 0xFF, 0xFF}}},
	{{{-6706, 1590, -8227},0, {4911, 12727},{0x8E, 0xB1, 0xFF, 0xFF}}},
	{{{-6663, 1813, -8198},0, {5532, 12616},{0x8E, 0xB1, 0xFF, 0xFF}}},
	{{{-7056, 1584, -7580},0, {4793, 11152},{0x8E, 0xB1, 0xFF, 0xFF}}},
	{{{-7032, 1807, -7512},0, {5371, 10844},{0x8E, 0xB1, 0xFF, 0xFF}}},
	{{{-7334, 1810, -7370},0, {4951, 9725},{0x8E, 0xB1, 0xFF, 0xFF}}},
	{{{-7359, 1526, -7357},0, {4401, 10195},{0x8E, 0xB1, 0xFF, 0xFF}}},
	{{{-7476, 1883, -7617},0, {4384, 9024},{0x8E, 0xB1, 0xFF, 0xFF}}},
	{{{-7359, 1526, -7357},0, {4401, 10195},{0x8E, 0xB1, 0xFF, 0xFF}}},
	{{{-7334, 1810, -7370},0, {4951, 9725},{0x8E, 0xB1, 0xFF, 0xFF}}},
	{{{-7536, 1258, -7304},0, {3852, 9606},{0x8E, 0xB1, 0xFF, 0xFF}}},
	{{{-7269, 1326, -7661},0, {3945, 11065},{0x8E, 0xB1, 0xFF, 0xFF}}},
	{{{-7457, 941, -7646},0, {3372, 10636},{0x8E, 0xB1, 0xFF, 0xFF}}},
	{{{-7009, 1250, -8344},0, {3657, 12608},{0x8E, 0xB1, 0xFF, 0xFF}}},
	{{{-7197, 830, -8392},0, {2993, 12375},{0x8E, 0xB1, 0xFF, 0xFF}}},
	{{{-6685, 1241, -9168},0, {3496, 14382},{0x8E, 0xB1, 0xFF, 0xFF}}},
	{{{-6867, 814, -9240},0, {2764, 14317},{0x8E, 0xB1, 0xFF, 0xFF}}},
	{{{-6422, 1251, -9824},0, {3449, 15816},{0x8E, 0xB1, 0xFF, 0xFF}}},
	{{{-6581, 825, -9929},0, {2726, 15901},{0x8E, 0xB1, 0xFF, 0xFF}}},
	{{{-6243, 1337, -10236},0, {3559, 16827},{0x8E, 0xB1, 0xFF, 0xFF}}},
	{{{-6234, 940, -10518},0, {2883, 17080},{0x8E, 0xB1, 0xFF, 0xFF}}},
	{{{-6150, 1555, -10388},0, {3887, 17514},{0x8E, 0xB1, 0xFF, 0xFF}}},
	{{{-6116, 1513, -10642},0, {3217, 17954},{0x8E, 0xB1, 0xFF, 0xFF}}},
	{{{-6243, 1337, -10236},0, {3559, 16827},{0x8E, 0xB1, 0xFF, 0xFF}}},
	{{{-6150, 1555, -10388},0, {3887, 17514},{0x8E, 0xB1, 0xFF, 0xFF}}},
	{{{-6047, 1584, -10131},0, {4416, 16899},{0x8E, 0xB1, 0xFF, 0xFF}}},
	{{{-6144, 1435, -10070},0, {4042, 16573},{0x8E, 0xB1, 0xFF, 0xFF}}},
	{{{-6243, 1408, -9728},0, {4114, 15794},{0x8E, 0xB1, 0xFF, 0xFF}}},
	{{{-6122, 1590, -9704},0, {4710, 15923},{0x8E, 0xB1, 0xFF, 0xFF}}},
	{{{-6489, 1405, -9091},0, {4199, 14444},{0x8E, 0xB1, 0xFF, 0xFF}}},
	{{{-6366, 1591, -9057},0, {4854, 14501},{0x8E, 0xB1, 0xFF, 0xFF}}},
	{{{-6810, 1408, -8294},0, {4292, 12770},{0x8E, 0xB1, 0xFF, 0xFF}}},
	{{{-6706, 1590, -8227},0, {4911, 12727},{0x8E, 0xB1, 0xFF, 0xFF}}},
	{{{-7059, 1435, -7755},0, {4355, 11541},{0x8E, 0xB1, 0xFF, 0xFF}}},
	{{{-7056, 1584, -7580},0, {4793, 11152},{0x8E, 0xB1, 0xFF, 0xFF}}},
	{{{-7359, 1526, -7357},0, {4401, 10195},{0x8E, 0xB1, 0xFF, 0xFF}}},
	{{{-7269, 1326, -7661},0, {3945, 11065},{0x8E, 0xB1, 0xFF, 0xFF}}},
	{{{-7009, 1250, -8344},0, {3657, 12608},{0x8E, 0xB1, 0xFF, 0xFF}}},
	{{{-6685, 1241, -9168},0, {3496, 14382},{0x8E, 0xB1, 0xFF, 0xFF}}},
	{{{-6685, 1241, -9168},0, {3496, 14382},{0x8E, 0xB1, 0xFF, 0xFF}}},
	{{{-6422, 1251, -9824},0, {3449, 15816},{0x8E, 0xB1, 0xFF, 0xFF}}},
	{{{-6243, 1408, -9728},0, {4114, 15794},{0x8E, 0xB1, 0xFF, 0xFF}}},
	{{{-6144, 1435, -10070},0, {4042, 16573},{0x8E, 0xB1, 0xFF, 0xFF}}},
	{{{-6243, 1337, -10236},0, {3559, 16827},{0x8E, 0xB1, 0xFF, 0xFF}}},
	{{{-433, 2617, -827},0, {-8313, -4329},{0x8E, 0xB1, 0xFF, 0xFF}}},
	{{{-408, 2907, -1131},0, {-8313, -3736},{0x8E, 0xB1, 0xFF, 0xFF}}},
	{{{-391, 2885, -74},0, {-6130, -3736},{0x8E, 0xB1, 0xFF, 0xFF}}},
	{{{-388, 2631, -38},0, {-6130, -4329},{0x8E, 0xB1, 0xFF, 0xFF}}},
	{{{-333, 2896, 1000},0, {-3947, -3736},{0x8E, 0xB1, 0xFF, 0xFF}}},
	{{{-333, 2626, 1000},0, {-3947, -4329},{0x8E, 0xB1, 0xFF, 0xFF}}},
	{{{-625, 2411, -33},0, {-6130, -5202},{0x8E, 0xB1, 0xFF, 0xFF}}},
	{{{-333, 2355, 1000},0, {-3947, -5202},{0x8E, 0xB1, 0xFF, 0xFF}}},
	{{{-1201, 2330, -45},0, {-6130, -6492},{0x8E, 0xB1, 0xFF, 0xFF}}},
	{{{-1156, 2285, 712},0, {-3947, -6492},{0x8E, 0xB1, 0xFF, 0xFF}}},
	{{{-1775, 2400, -22},0, {-6130, -7783},{0x8E, 0xB1, 0xFF, 0xFF}}},
	{{{-1775, 2400, -22},0, {-6130, -7783},{0x8E, 0xB1, 0xFF, 0xFF}}},
	{{{-1156, 2285, 712},0, {-3947, -6492},{0x8E, 0xB1, 0xFF, 0xFF}}},
	{{{-1937, 2356, 895},0, {-3947, -7783},{0x8E, 0xB1, 0xFF, 0xFF}}},
	{{{-2014, 2607, -21},0, {-6130, -8655},{0x8E, 0xB1, 0xFF, 0xFF}}},
	{{{-2151, 2628, 867},0, {-3947, -8655},{0x8E, 0xB1, 0xFF, 0xFF}}},
	{{{-1965, 2883, -40},0, {-6130, -9248},{0x8E, 0xB1, 0xFF, 0xFF}}},
	{{{-1973, 2888, 1027},0, {-3947, -9248},{0x8E, 0xB1, 0xFF, 0xFF}}},
	{{{-2040, 2907, -1100},0, {-8313, -9248},{0x8E, 0xB1, 0xFF, 0xFF}}},
	{{{-2228, 2406, -782},0, {-8313, -8655},{0x8E, 0xB1, 0xFF, 0xFF}}},
	{{{-1960, 2147, -758},0, {-8313, -7783},{0x8E, 0xB1, 0xFF, 0xFF}}},
	{{{-1201, 2330, -45},0, {-6130, -6492},{0x8E, 0xB1, 0xFF, 0xFF}}},
	{{{-1391, 2079, -771},0, {-8313, -6492},{0x8E, 0xB1, 0xFF, 0xFF}}},
	{{{-625, 2411, -33},0, {-6130, -5202},{0x8E, 0xB1, 0xFF, 0xFF}}},
	{{{-792, 2237, -784},0, {-8313, -5202},{0x8E, 0xB1, 0xFF, 0xFF}}},
	{{{-388, 2631, -38},0, {-6130, -4329},{0x8E, 0xB1, 0xFF, 0xFF}}},
	{{{-433, 2617, -827},0, {-8313, -4329},{0x8E, 0xB1, 0xFF, 0xFF}}},
	{{{-3462, 2949, -2561},0, {255, -8580},{0x8E, 0xB1, 0xFF, 0xFF}}},
	{{{-3124, 2970, -2469},0, {-111, -9264},{0x8E, 0xB1, 0xFF, 0xFF}}},
	{{{-3248, 2888, -2694},0, {-822, -8667},{0x8E, 0xB1, 0xFF, 0xFF}}},
	{{{-3270, 2696, -2679},0, {-434, -8154},{0x8E, 0xB1, 0xFF, 0xFF}}},
	{{{-3098, 2882, -2927},0, {-1421, -7844},{0x8E, 0xB1, 0xFF, 0xFF}}},
	{{{-3052, 2686, -2880},0, {-985, -7508},{0x8E, 0xB1, 0xFF, 0xFF}}},
	{{{-3070, 2488, -2656},0, {-159, -7437},{0x8E, 0xB1, 0xFF, 0xFF}}},
	{{{-2945, 2555, -2815},0, {-646, -7168},{0x8E, 0xB1, 0xFF, 0xFF}}},
	{{{-1922, 2382, -2666},0, {-177, -5020},{0x8E, 0xB1, 0xFF, 0xFF}}},
	{{{-1934, 2530, -2876},0, {-854, -5100},{0x8E, 0xB1, 0xFF, 0xFF}}},
	{{{-1937, 2694, -3003},0, {-1463, -5162},{0x8E, 0xB1, 0xFF, 0xFF}}},
	{{{-3052, 2686, -2880},0, {-985, -7508},{0x8E, 0xB1, 0xFF, 0xFF}}},
	{{{-3098, 2882, -2927},0, {-1421, -7844},{0x8E, 0xB1, 0xFF, 0xFF}}},
	{{{-1938, 2887, -3056},0, {-2031, -5212},{0x8E, 0xB1, 0xFF, 0xFF}}},
	{{{-817, 2686, -2930},0, {-1382, -2774},{0x8E, 0xB1, 0xFF, 0xFF}}},
	{{{-773, 2882, -2978},0, {-1895, -2527},{0x8E, 0xB1, 0xFF, 0xFF}}},
	{{{-586, 2886, -2739},0, {-1482, -1666},{0x8E, 0xB1, 0xFF, 0xFF}}},
	{{{-817, 2686, -2930},0, {-1382, -2774},{0x8E, 0xB1, 0xFF, 0xFF}}},
	{{{-773, 2882, -2978},0, {-1895, -2527},{0x8E, 0xB1, 0xFF, 0xFF}}},
	{{{-596, 2650, -2724},0, {-1002, -2049},{0x8E, 0xB1, 0xFF, 0xFF}}},
	{{{-521, 2896, -2405},0, {-932, -1031},{0x8E, 0xB1, 0xFF, 0xFF}}},
	{{{-461, 2543, -2500},0, {-479, -1515},{0x8E, 0xB1, 0xFF, 0xFF}}},
	{{{-929, 2459, -2697},0, {-600, -2664},{0x8E, 0xB1, 0xFF, 0xFF}}},
	{{{-829, 2132, -2501},0, {-57, -2265},{0x8E, 0xB1, 0xFF, 0xFF}}},
	{{{-1867, 2010, -2470},0, {542, -4929},{0x8E, 0xB1, 0xFF, 0xFF}}},
	{{{-1922, 2382, -2666},0, {-177, -5020},{0x8E, 0xB1, 0xFF, 0xFF}}},
	{{{-3333, 2312, -2537},0, {527, -7678},{0x8E, 0xB1, 0xFF, 0xFF}}},
	{{{-3070, 2488, -2656},0, {-159, -7437},{0x8E, 0xB1, 0xFF, 0xFF}}},
	{{{-3270, 2696, -2679},0, {-434, -8154},{0x8E, 0xB1, 0xFF, 0xFF}}},
	{{{-3462, 2949, -2561},0, {255, -8580},{0x8E, 0xB1, 0xFF, 0xFF}}},
	{{{-1934, 2530, -2876},0, {-854, -5100},{0x8E, 0xB1, 0xFF, 0xFF}}},
	{{{-1045, 2555, -2860},0, {-989, -3035},{0x8E, 0xB1, 0xFF, 0xFF}}},
	{{{-1934, 2530, -2876},0, {-854, -5100},{0x8E, 0xB1, 0xFF, 0xFF}}},
	{{{-1937, 2694, -3003},0, {-1463, -5162},{0x8E, 0xB1, 0xFF, 0xFF}}},
	{{{-817, 2686, -2930},0, {-1382, -2774},{0x8E, 0xB1, 0xFF, 0xFF}}},
	{{{-596, 2650, -2724},0, {-1002, -2049},{0x8E, 0xB1, 0xFF, 0xFF}}},
	{{{-1045, 2555, -2860},0, {-989, -3035},{0x8E, 0xB1, 0xFF, 0xFF}}},
	{{{-929, 2459, -2697},0, {-600, -2664},{0x8E, 0xB1, 0xFF, 0xFF}}},
	{{{-1502, 1521, -12629},0, {7053, -3014},{0x8E, 0xB1, 0xFF, 0xFF}}},
	{{{-1832, 1907, -12622},0, {6483, -3747},{0x8E, 0xB1, 0xFF, 0xFF}}},
	{{{-1744, 1811, -12380},0, {5842, -2955},{0x8E, 0xB1, 0xFF, 0xFF}}},
	{{{-1719, 1556, -12407},0, {6393, -2451},{0x8E, 0xB1, 0xFF, 0xFF}}},
	{{{-1893, 1807, -12147},0, {5387, -1966},{0x8E, 0xB1, 0xFF, 0xFF}}},
	{{{-1931, 1582, -12191},0, {5937, -1728},{0x8E, 0xB1, 0xFF, 0xFF}}},
	{{{-2783, 1582, -12172},0, {6052, 221},{0x8E, 0xB1, 0xFF, 0xFF}}},
	{{{-2818, 1807, -12126},0, {5496, 537},{0x8E, 0xB1, 0xFF, 0xFF}}},
	{{{-2978, 1811, -12352},0, {6017, 1391},{0x8E, 0xB1, 0xFF, 0xFF}}},
	{{{-3008, 1555, -12362},0, {6537, 880},{0x8E, 0xB1, 0xFF, 0xFF}}},
	{{{-2909, 1907, -12564},0, {6697, 2002},{0x8E, 0xB1, 0xFF, 0xFF}}},
	{{{-3008, 1555, -12362},0, {6537, 880},{0x8E, 0xB1, 0xFF, 0xFF}}},
	{{{-2978, 1811, -12352},0, {6017, 1391},{0x8E, 0xB1, 0xFF, 0xFF}}},
	{{{-3273, 1513, -12437},0, {7165, 1357},{0x8E, 0xB1, 0xFF, 0xFF}}},
	{{{-2815, 1335, -12395},0, {6902, 192},{0x8E, 0xB1, 0xFF, 0xFF}}},
	{{{-3097, 940, -12501},0, {7510, 470},{0x8E, 0xB1, 0xFF, 0xFF}}},
	{{{-1672, 997, -12657},0, {7474, -2062},{0x8E, 0xB1, 0xFF, 0xFF}}},
	{{{-1912, 1338, -12427},0, {6814, -1768},{0x8E, 0xB1, 0xFF, 0xFF}}},
	{{{-1719, 1556, -12407},0, {6393, -2451},{0x8E, 0xB1, 0xFF, 0xFF}}},
	{{{-1502, 1521, -12629},0, {7053, -3014},{0x8E, 0xB1, 0xFF, 0xFF}}},
	{{{-1931, 1582, -12191},0, {5937, -1728},{0x8E, 0xB1, 0xFF, 0xFF}}},
	{{{-2030, 1431, -12255},0, {6364, -1473},{0x8E, 0xB1, 0xFF, 0xFF}}},
	{{{-2783, 1582, -12172},0, {6052, 221},{0x8E, 0xB1, 0xFF, 0xFF}}},
	{{{-2687, 1431, -12240},0, {6449, -79},{0x8E, 0xB1, 0xFF, 0xFF}}},
	{{{-6536, 2458, -4488},0, {5955, 17996},{0x8E, 0xB1, 0xFF, 0xFF}}},
	{{{-6423, 2447, -4344},0, {6271, 18668},{0x8E, 0xB1, 0xFF, 0xFF}}},
	{{{-6355, 2352, -4573},0, {7004, 18154},{0x8E, 0xB1, 0xFF, 0xFF}}},
	{{{-6366, 2164, -4558},0, {6656, 17653},{0x8E, 0xB1, 0xFF, 0xFF}}},
	{{{-6168, 2345, -4728},0, {7614, 17562},{0x8E, 0xB1, 0xFF, 0xFF}}},
	{{{-6160, 2150, -4669},0, {7209, 17227},{0x8E, 0xB1, 0xFF, 0xFF}}},
	{{{-5568, 2158, -4427},0, {7670, 15801},{0x8E, 0xB1, 0xFF, 0xFF}}},
	{{{-5587, 2351, -4500},0, {8223, 15886},{0x8E, 0xB1, 0xFF, 0xFF}}},
	{{{-4882, 2150, -3900},0, {7612, 13917},{0x8E, 0xB1, 0xFF, 0xFF}}},
	{{{-4822, 2345, -3919},0, {8127, 13699},{0x8E, 0xB1, 0xFF, 0xFF}}},
	{{{-4829, 2348, -3654},0, {7735, 12894},{0x8E, 0xB1, 0xFF, 0xFF}}},
	{{{-4827, 2106, -3623},0, {7249, 13251},{0x8E, 0xB1, 0xFF, 0xFF}}},
	{{{-4994, 2412, -3470},0, {7204, 12259},{0x8E, 0xB1, 0xFF, 0xFF}}},
	{{{-4756, 1932, -3330},0, {6743, 12719},{0x8E, 0xB1, 0xFF, 0xFF}}},
	{{{-4991, 1924, -3694},0, {6840, 13789},{0x8E, 0xB1, 0xFF, 0xFF}}},
	{{{-4977, 1611, -3455},0, {6313, 13393},{0x8E, 0xB1, 0xFF, 0xFF}}},
	{{{-5789, 1365, -3937},0, {5702, 15518},{0x8E, 0xB1, 0xFF, 0xFF}}},
	{{{-4991, 1924, -3694},0, {6840, 13789},{0x8E, 0xB1, 0xFF, 0xFF}}},
	{{{-4977, 1611, -3455},0, {6313, 13393},{0x8E, 0xB1, 0xFF, 0xFF}}},
	{{{-5731, 1832, -4131},0, {6409, 15617},{0x8E, 0xB1, 0xFF, 0xFF}}},
	{{{-6490, 1685, -4421},0, {5718, 17281},{0x8E, 0xB1, 0xFF, 0xFF}}},
	{{{-6287, 1943, -4479},0, {6405, 17108},{0x8E, 0xB1, 0xFF, 0xFF}}},
	{{{-6366, 2164, -4558},0, {6656, 17653},{0x8E, 0xB1, 0xFF, 0xFF}}},
	{{{-6536, 2458, -4488},0, {5955, 17996},{0x8E, 0xB1, 0xFF, 0xFF}}},
	{{{-6160, 2150, -4669},0, {7209, 17227},{0x8E, 0xB1, 0xFF, 0xFF}}},
	{{{-6144, 2018, -4580},0, {6885, 16957},{0x8E, 0xB1, 0xFF, 0xFF}}},
	{{{-5568, 2158, -4427},0, {7670, 15801},{0x8E, 0xB1, 0xFF, 0xFF}}},
	{{{-5628, 1993, -4315},0, {7074, 15712},{0x8E, 0xB1, 0xFF, 0xFF}}},
	{{{-4882, 2150, -3900},0, {7612, 13917},{0x8E, 0xB1, 0xFF, 0xFF}}},
	{{{-4994, 2018, -3888},0, {7218, 14133},{0x8E, 0xB1, 0xFF, 0xFF}}},
	{{{-4827, 2106, -3623},0, {7249, 13251},{0x8E, 0xB1, 0xFF, 0xFF}}},
	{{{4364, 1632, -10636},0, {3291, 7917},{0x8E, 0xB1, 0xFF, 0xFF}}},
	{{{4385, 1823, -10839},0, {3774, 8523},{0x8E, 0xB1, 0xFF, 0xFF}}},
	{{{4190, 1812, -10564},0, {4344, 7858},{0x8E, 0xB1, 0xFF, 0xFF}}},
	{{{4186, 1567, -10572},0, {3854, 7450},{0x8E, 0xB1, 0xFF, 0xFF}}},
	{{{3998, 1807, -10396},0, {4787, 7195},{0x8E, 0xB1, 0xFF, 0xFF}}},
	{{{3995, 1584, -10454},0, {4274, 6969},{0x8E, 0xB1, 0xFF, 0xFF}}},
	{{{4117, 1345, -10646},0, {3473, 7016},{0x8E, 0xB1, 0xFF, 0xFF}}},
	{{{3990, 1435, -10537},0, {3886, 6797},{0x8E, 0xB1, 0xFF, 0xFF}}},
	{{{3614, 1287, -10975},0, {3161, 5744},{0x8E, 0xB1, 0xFF, 0xFF}}},
	{{{3331, 1353, -10916},0, {3683, 5132},{0x8E, 0xB1, 0xFF, 0xFF}}},
	{{{3995, 1584, -10454},0, {4274, 6969},{0x8E, 0xB1, 0xFF, 0xFF}}},
	{{{3295, 1586, -10769},0, {4431, 5174},{0x8E, 0xB1, 0xFF, 0xFF}}},
	{{{3468, 1813, -10594},0, {5050, 5204},{0x8E, 0xB1, 0xFF, 0xFF}}},
	{{{2470, 1588, -11269},0, {4356, 3247},{0x8E, 0xB1, 0xFF, 0xFF}}},
	{{{2410, 1813, -11231},0, {4982, 3203},{0x8E, 0xB1, 0xFF, 0xFF}}},
	{{{1654, 1589, -11776},0, {4247, 1341},{0x8E, 0xB1, 0xFF, 0xFF}}},
	{{{2410, 1813, -11231},0, {4982, 3203},{0x8E, 0xB1, 0xFF, 0xFF}}},
	{{{1357, 1813, -11867},0, {4893, 1262},{0x8E, 0xB1, 0xFF, 0xFF}}},
	{{{1654, 1589, -11776},0, {4247, 1341},{0x8E, 0xB1, 0xFF, 0xFF}}},
	{{{-45, 1807, -12197},0, {4925, -2647},{0x8E, 0xB1, 0xFF, 0xFF}}},
	{{{0, 1585, -12244},0, {4369, -2449},{0x8E, 0xB1, 0xFF, 0xFF}}},
	{{{-180, 1811, -12417},0, {4636, -3475},{0x8E, 0xB1, 0xFF, 0xFF}}},
	{{{-203, 1556, -12443},0, {4089, -3148},{0x8E, 0xB1, 0xFF, 0xFF}}},
	{{{-96, 1907, -12660},0, {4196, -4150},{0x8E, 0xB1, 0xFF, 0xFF}}},
	{{{-427, 1521, -12654},0, {3643, -3711},{0x8E, 0xB1, 0xFF, 0xFF}}},
	{{{-14, 1342, -12476},0, {3594, -2604},{0x8E, 0xB1, 0xFF, 0xFF}}},
	{{{-259, 998, -12690},0, {3103, -3022},{0x8E, 0xB1, 0xFF, 0xFF}}},
	{{{1656, 1288, -12171},0, {2891, 821},{0x8E, 0xB1, 0xFF, 0xFF}}},
	{{{1907, 1138, -12234},0, {2215, 621},{0x8E, 0xB1, 0xFF, 0xFF}}},
	{{{2635, 1290, -11573},0, {3041, 3282},{0x8E, 0xB1, 0xFF, 0xFF}}},
	{{{2721, 1159, -11798},0, {2353, 3272},{0x8E, 0xB1, 0xFF, 0xFF}}},
	{{{3614, 1287, -10975},0, {3161, 5744},{0x8E, 0xB1, 0xFF, 0xFF}}},
	{{{2721, 1159, -11798},0, {2353, 3272},{0x8E, 0xB1, 0xFF, 0xFF}}},
	{{{3500, 1138, -11268},0, {2495, 5928},{0x8E, 0xB1, 0xFF, 0xFF}}},
	{{{3614, 1287, -10975},0, {3161, 5744},{0x8E, 0xB1, 0xFF, 0xFF}}},
	{{{4117, 1345, -10646},0, {3473, 7016},{0x8E, 0xB1, 0xFF, 0xFF}}},
	{{{4261, 1093, -10748},0, {2897, 7305},{0x8E, 0xB1, 0xFF, 0xFF}}},
	{{{4186, 1567, -10572},0, {3854, 7450},{0x8E, 0xB1, 0xFF, 0xFF}}},
	{{{4364, 1632, -10636},0, {3291, 7917},{0x8E, 0xB1, 0xFF, 0xFF}}},
	{{{2635, 1290, -11573},0, {3041, 3282},{0x8E, 0xB1, 0xFF, 0xFF}}},
	{{{3331, 1353, -10916},0, {3683, 5132},{0x8E, 0xB1, 0xFF, 0xFF}}},
	{{{2545, 1360, -11345},0, {3693, 3290},{0x8E, 0xB1, 0xFF, 0xFF}}},
	{{{1656, 1288, -12171},0, {2891, 821},{0x8E, 0xB1, 0xFF, 0xFF}}},
	{{{1791, 1355, -11866},0, {3479, 1442},{0x8E, 0xB1, 0xFF, 0xFF}}},
	{{{-14, 1342, -12476},0, {3594, -2604},{0x8E, 0xB1, 0xFF, 0xFF}}},
	{{{100, 1437, -12315},0, {3932, -2236},{0x8E, 0xB1, 0xFF, 0xFF}}},
	{{{0, 1585, -12244},0, {4369, -2449},{0x8E, 0xB1, 0xFF, 0xFF}}},
	{{{1654, 1589, -11776},0, {4247, 1341},{0x8E, 0xB1, 0xFF, 0xFF}}},
	{{{2470, 1588, -11269},0, {4356, 3247},{0x8E, 0xB1, 0xFF, 0xFF}}},
	{{{1654, 1589, -11776},0, {4247, 1341},{0x8E, 0xB1, 0xFF, 0xFF}}},
	{{{1791, 1355, -11866},0, {3479, 1442},{0x8E, 0xB1, 0xFF, 0xFF}}},
	{{{2545, 1360, -11345},0, {3693, 3290},{0x8E, 0xB1, 0xFF, 0xFF}}},
	{{{3295, 1586, -10769},0, {4431, 5174},{0x8E, 0xB1, 0xFF, 0xFF}}},
	{{{3331, 1353, -10916},0, {3683, 5132},{0x8E, 0xB1, 0xFF, 0xFF}}},
	{{{-203, 1556, -12443},0, {4089, -3148},{0x8E, 0xB1, 0xFF, 0xFF}}},
	{{{100, 1437, -12315},0, {3932, -2236},{0x8E, 0xB1, 0xFF, 0xFF}}},
	{{{0, 1585, -12244},0, {4369, -2449},{0x8E, 0xB1, 0xFF, 0xFF}}},
	{{{-14, 1342, -12476},0, {3594, -2604},{0x8E, 0xB1, 0xFF, 0xFF}}},
	{{{4621, 3071, -5632},0, {-5866, -12433},{0x8E, 0xB1, 0xFF, 0xFF}}},
	{{{4656, 3453, -5742},0, {-5537, -11821},{0x8E, 0xB1, 0xFF, 0xFF}}},
	{{{4309, 3453, -5785},0, {-4759, -12410},{0x8E, 0xB1, 0xFF, 0xFF}}},
	{{{4376, 3184, -5759},0, {-5212, -12804},{0x8E, 0xB1, 0xFF, 0xFF}}},
	{{{4032, 3453, -5995},0, {-4108, -13109},{0x8E, 0xB1, 0xFF, 0xFF}}},
	{{{4155, 3184, -5946},0, {-4671, -13291},{0x8E, 0xB1, 0xFF, 0xFF}}},
	{{{4506, 3184, -6834},0, {-4730, -15229},{0x8E, 0xB1, 0xFF, 0xFF}}},
	{{{4155, 3184, -5946},0, {-4671, -13291},{0x8E, 0xB1, 0xFF, 0xFF}}},
	{{{4032, 3453, -5995},0, {-4108, -13109},{0x8E, 0xB1, 0xFF, 0xFF}}},
	{{{4383, 3453, -6882},0, {-4116, -15411},{0x8E, 0xB1, 0xFF, 0xFF}}},
	{{{4728, 3453, -6846},0, {-4806, -16089},{0x8E, 0xB1, 0xFF, 0xFF}}},
	{{{4795, 3184, -6820},0, {-5277, -15703},{0x8E, 0xB1, 0xFF, 0xFF}}},
	{{{5011, 3453, -6641},0, {-5632, -16652},{0x8E, 0xB1, 0xFF, 0xFF}}},
	{{{5060, 3071, -6744},0, {-5925, -16056},{0x8E, 0xB1, 0xFF, 0xFF}}},
	{{{4817, 2960, -6711},0, {-5665, -15206},{0x8E, 0xB1, 0xFF, 0xFF}}},
	{{{5025, 2828, -6628},0, {-6169, -15360},{0x8E, 0xB1, 0xFF, 0xFF}}},
	{{{4674, 2828, -5741},0, {-6143, -13144},{0x8E, 0xB1, 0xFF, 0xFF}}},
	{{{4466, 2960, -5823},0, {-5598, -13306},{0x8E, 0xB1, 0xFF, 0xFF}}},
	{{{4376, 3184, -5759},0, {-5212, -12804},{0x8E, 0xB1, 0xFF, 0xFF}}},
	{{{4621, 3071, -5632},0, {-5866, -12433},{0x8E, 0xB1, 0xFF, 0xFF}}},
	{{{4284, 2982, -5945},0, {-5144, -13497},{0x8E, 0xB1, 0xFF, 0xFF}}},
	{{{4601, 2982, -6746},0, {-5227, -15023},{0x8E, 0xB1, 0xFF, 0xFF}}},
	{{{-5651, -1537, -3742},0, {654, -10542},{0x8E, 0xB1, 0xFF, 0xFF}}},
	{{{-6280, -919, -5066},0, {-2226, -9291},{0x8E, 0xB1, 0xFF, 0xFF}}},
	{{{-5670, -945, -3753},0, {654, -9291},{0x8E, 0xB1, 0xFF, 0xFF}}},
	{{{-6239, -1537, -5041},0, {-2226, -10542},{0x8E, 0xB1, 0xFF, 0xFF}}},
	{{{-5651, -2154, -3742},0, {654, -11794},{0x8E, 0xB1, 0xFF, 0xFF}}},
	{{{-6238, -2119, -5048},0, {-2226, -11794},{0x8E, 0xB1, 0xFF, 0xFF}}},
	{{{-6670, -1537, -6057},0, {-4579, -10542},{0x8E, 0xB1, 0xFF, 0xFF}}},
	{{{-6610, -2154, -6210},0, {-4579, -11794},{0x8E, 0xB1, 0xFF, 0xFF}}},
	{{{-6977, -1537, -6262},0, {-5457, -10542},{0x8E, 0xB1, 0xFF, 0xFF}}},
	{{{-6970, -2154, -6280},0, {-5457, -11794},{0x8E, 0xB1, 0xFF, 0xFF}}},
	{{{-7330, -1537, -6349},0, {-6219, -10542},{0x8E, 0xB1, 0xFF, 0xFF}}},
	{{{-7330, -2154, -6349},0, {-6219, -11794},{0x8E, 0xB1, 0xFF, 0xFF}}},
	{{{-7322, -945, -6328},0, {-6219, -9291},{0x8E, 0xB1, 0xFF, 0xFF}}},
	{{{-6978, -919, -6259},0, {-5457, -9291},{0x8E, 0xB1, 0xFF, 0xFF}}},
	{{{-6675, -919, -6043},0, {-4579, -9291},{0x8E, 0xB1, 0xFF, 0xFF}}},
	{{{-4921, 162, -3429},0, {-798, 7694},{0x8E, 0xB1, 0xFF, 0xFF}}},
	{{{-4676, 464, -3279},0, {-341, 8523},{0x8E, 0xB1, 0xFF, 0xFF}}},
	{{{-4757, 439, -3616},0, {373, 7914},{0x8E, 0xB1, 0xFF, 0xFF}}},
	{{{-4775, 154, -3606},0, {-96, 7276},{0x8E, 0xB1, 0xFF, 0xFF}}},
	{{{-4497, 434, -3812},0, {1026, 6989},{0x8E, 0xB1, 0xFF, 0xFF}}},
	{{{-4461, 174, -3752},0, {503, 6553},{0x8E, 0xB1, 0xFF, 0xFF}}},
	{{{-3086, 181, -3503},0, {1182, 3752},{0x8E, 0xB1, 0xFF, 0xFF}}},
	{{{-3010, 440, -3574},0, {1907, 3868},{0x8E, 0xB1, 0xFF, 0xFF}}},
	{{{-1937, 178, -2984},0, {1259, 1070},{0x8E, 0xB1, 0xFF, 0xFF}}},
	{{{-1893, 434, -3027},0, {1978, 940},{0x8E, 0xB1, 0xFF, 0xFF}}},
	{{{-1654, 440, -2727},0, {1788, -115},{0x8E, 0xB1, 0xFF, 0xFF}}},
	{{{-1628, 175, -2700},0, {1048, 120},{0x8E, 0xB1, 0xFF, 0xFF}}},
	{{{-1738, 489, -2476},0, {1531, -1005},{0x8E, 0xB1, 0xFF, 0xFF}}},
	{{{-1406, 330, -2474},0, {756, -703},{0x8E, 0xB1, 0xFF, 0xFF}}},
	{{{-1838, -68, -2705},0, {362, 676},{0x8E, 0xB1, 0xFF, 0xFF}}},
	{{{-1212, -224, -2303},0, {-96, -12},{0x8E, 0xB1, 0xFF, 0xFF}}},
	{{{-3243, -397, -2668},0, {-1631, 3111},{0x8E, 0xB1, 0xFF, 0xFF}}},
	{{{-1838, -68, -2705},0, {362, 676},{0x8E, 0xB1, 0xFF, 0xFF}}},
	{{{-1212, -224, -2303},0, {-96, -12},{0x8E, 0xB1, 0xFF, 0xFF}}},
	{{{-3187, -181, -2986},0, {-588, 3373},{0x8E, 0xB1, 0xFF, 0xFF}}},
	{{{-4668, -208, -3287},0, {-1250, 6572},{0x8E, 0xB1, 0xFF, 0xFF}}},
	{{{-4536, -76, -3483},0, {-476, 6375},{0x8E, 0xB1, 0xFF, 0xFF}}},
	{{{-4775, 154, -3606},0, {-96, 7276},{0x8E, 0xB1, 0xFF, 0xFF}}},
	{{{-4921, 162, -3429},0, {-798, 7694},{0x8E, 0xB1, 0xFF, 0xFF}}},
	{{{-4461, 174, -3752},0, {503, 6553},{0x8E, 0xB1, 0xFF, 0xFF}}},
	{{{-4353, 2, -3637},0, {91, 6103},{0x8E, 0xB1, 0xFF, 0xFF}}},
	{{{-3086, 181, -3503},0, {1182, 3752},{0x8E, 0xB1, 0xFF, 0xFF}}},
	{{{-3128, -35, -3320},0, {369, 3595},{0x8E, 0xB1, 0xFF, 0xFF}}},
	{{{-1937, 178, -2984},0, {1259, 1070},{0x8E, 0xB1, 0xFF, 0xFF}}},
	{{{-2033, 6, -2936},0, {723, 1244},{0x8E, 0xB1, 0xFF, 0xFF}}},
	{{{-1628, 175, -2700},0, {1048, 120},{0x8E, 0xB1, 0xFF, 0xFF}}},
	{{{4589, 1336, -5654},0, {6501, -15077},{0x8E, 0xB1, 0xFF, 0xFF}}},
	{{{4658, 1368, -5852},0, {5889, -15725},{0x8E, 0xB1, 0xFF, 0xFF}}},
	{{{4419, 1368, -5792},0, {5373, -15015},{0x8E, 0xB1, 0xFF, 0xFF}}},
	{{{4444, 1126, -5783},0, {5953, -14572},{0x8E, 0xB1, 0xFF, 0xFF}}},
	{{{4286, 1368, -5999},0, {5007, -14149},{0x8E, 0xB1, 0xFF, 0xFF}}},
	{{{4336, 1113, -6007},0, {5570, -13937},{0x8E, 0xB1, 0xFF, 0xFF}}},
	{{{4597, 1113, -6666},0, {5674, -12298},{0x8E, 0xB1, 0xFF, 0xFF}}},
	{{{4565, 1368, -6706},0, {5097, -12005},{0x8E, 0xB1, 0xFF, 0xFF}}},
	{{{4804, 1368, -6765},0, {5522, -11256},{0x8E, 0xB1, 0xFF, 0xFF}}},
	{{{4828, 1126, -6755},0, {6078, -11713},{0x8E, 0xB1, 0xFF, 0xFF}}},
	{{{5022, 1336, -6750},0, {6595, -11278},{0x8E, 0xB1, 0xFF, 0xFF}}},
	{{{4937, 1368, -6559},0, {6076, -10703},{0x8E, 0xB1, 0xFF, 0xFF}}},
	{{{4825, 840, -6680},0, {6599, -12201},{0x8E, 0xB1, 0xFF, 0xFF}}},
	{{{4961, 807, -6558},0, {7084, -11893},{0x8E, 0xB1, 0xFF, 0xFF}}},
	{{{4675, 807, -5837},0, {7078, -14393},{0x8E, 0xB1, 0xFF, 0xFF}}},
	{{{4493, 840, -5840},0, {6501, -14099},{0x8E, 0xB1, 0xFF, 0xFF}}},
	{{{4493, 840, -5840},0, {6501, -14099},{0x8E, 0xB1, 0xFF, 0xFF}}},
	{{{4336, 1113, -6007},0, {5570, -13937},{0x8E, 0xB1, 0xFF, 0xFF}}},
	{{{4386, 879, -6017},0, {6092, -13737},{0x8E, 0xB1, 0xFF, 0xFF}}},
	{{{4597, 1113, -6666},0, {5674, -12298},{0x8E, 0xB1, 0xFF, 0xFF}}},
	{{{4626, 879, -6624},0, {6206, -12570},{0x8E, 0xB1, 0xFF, 0xFF}}},
	{{{4828, 1126, -6755},0, {6078, -11713},{0x8E, 0xB1, 0xFF, 0xFF}}},
	{{{4825, 840, -6680},0, {6599, -12201},{0x8E, 0xB1, 0xFF, 0xFF}}},
	{{{4431, 1582, -9409},0, {-3126, -13322},{0x8E, 0xB1, 0xFF, 0xFF}}},
	{{{4593, 1823, -8830},0, {-3771, -14938},{0x8E, 0xB1, 0xFF, 0xFF}}},
	{{{4373, 1823, -9425},0, {-3666, -13034},{0x8E, 0xB1, 0xFF, 0xFF}}},
	{{{4626, 1582, -8879},0, {-3227, -14737},{0x8E, 0xB1, 0xFF, 0xFF}}},
	{{{4658, 1431, -8962},0, {-2821, -14548},{0x8E, 0xB1, 0xFF, 0xFF}}},
	{{{4509, 1431, -9367},0, {-2749, -13563},{0x8E, 0xB1, 0xFF, 0xFF}}},
	{{{4615, 1343, -9485},0, {-2363, -13368},{0x8E, 0xB1, 0xFF, 0xFF}}},
	{{{4547, 1566, -9610},0, {-2726, -12815},{0x8E, 0xB1, 0xFF, 0xFF}}},
	{{{4431, 1582, -9409},0, {-3126, -13322},{0x8E, 0xB1, 0xFF, 0xFF}}},
	{{{4520, 1823, -9606},0, {-3241, -12349},{0x8E, 0xB1, 0xFF, 0xFF}}},
	{{{4547, 1566, -9610},0, {-2726, -12815},{0x8E, 0xB1, 0xFF, 0xFF}}},
	{{{4431, 1582, -9409},0, {-3126, -13322},{0x8E, 0xB1, 0xFF, 0xFF}}},
	{{{4373, 1823, -9425},0, {-3666, -13034},{0x8E, 0xB1, 0xFF, 0xFF}}},
	{{{4749, 1823, -9564},0, {-2689, -11821},{0x8E, 0xB1, 0xFF, 0xFF}}},
	{{{4668, 1619, -9807},0, {-2209, -12415},{0x8E, 0xB1, 0xFF, 0xFF}}},
	{{{4615, 1343, -9485},0, {-2363, -13368},{0x8E, 0xB1, 0xFF, 0xFF}}},
	{{{4743, 1092, -9621},0, {-1854, -13144},{0x8E, 0xB1, 0xFF, 0xFF}}},
	{{{4994, 1106, -8941},0, {-1893, -15031},{0x8E, 0xB1, 0xFF, 0xFF}}},
	{{{4815, 1345, -8944},0, {-2438, -14777},{0x8E, 0xB1, 0xFF, 0xFF}}},
	{{{4842, 1570, -8807},0, {-2860, -15313},{0x8E, 0xB1, 0xFF, 0xFF}}},
	{{{5048, 1648, -8775},0, {-2329, -15806},{0x8E, 0xB1, 0xFF, 0xFF}}},
	{{{4822, 1823, -8787},0, {-3418, -15755},{0x8E, 0xB1, 0xFF, 0xFF}}},
	{{{4968, 1823, -8968},0, {-2919, -16462},{0x8E, 0xB1, 0xFF, 0xFF}}},
	{{{4593, 1823, -8830},0, {-3771, -14938},{0x8E, 0xB1, 0xFF, 0xFF}}},
	{{{4626, 1582, -8879},0, {-3227, -14737},{0x8E, 0xB1, 0xFF, 0xFF}}},
	{{{4815, 1345, -8944},0, {-2438, -14777},{0x8E, 0xB1, 0xFF, 0xFF}}},
	{{{4626, 1582, -8879},0, {-3227, -14737},{0x8E, 0xB1, 0xFF, 0xFF}}},
	{{{4658, 1431, -8962},0, {-2821, -14548},{0x8E, 0xB1, 0xFF, 0xFF}}},
	{{{4615, 1343, -9485},0, {-2363, -13368},{0x8E, 0xB1, 0xFF, 0xFF}}},
	{{{2600, 2105, -3633},0, {3731, -15220},{0x8E, 0xB1, 0xFF, 0xFF}}},
	{{{2830, 2359, -3789},0, {3216, -15864},{0x8E, 0xB1, 0xFF, 0xFF}}},
	{{{2596, 2359, -3877},0, {2674, -15175},{0x8E, 0xB1, 0xFF, 0xFF}}},
	{{{2617, 2123, -3859},0, {3170, -14732},{0x8E, 0xB1, 0xFF, 0xFF}}},
	{{{2616, 2359, -4127},0, {2290, -14316},{0x8E, 0xB1, 0xFF, 0xFF}}},
	{{{2675, 2148, -4107},0, {2783, -14105},{0x8E, 0xB1, 0xFF, 0xFF}}},
	{{{3290, 2148, -4496},0, {2880, -12419},{0x8E, 0xB1, 0xFF, 0xFF}}},
	{{{3297, 2359, -4558},0, {2381, -12141},{0x8E, 0xB1, 0xFF, 0xFF}}},
	{{{3531, 2359, -4470},0, {2822, -11396},{0x8E, 0xB1, 0xFF, 0xFF}}},
	{{{3530, 2123, -4438},0, {3292, -11847},{0x8E, 0xB1, 0xFF, 0xFF}}},
	{{{3511, 2359, -4220},0, {3398, -10861},{0x8E, 0xB1, 0xFF, 0xFF}}},
	{{{3683, 2105, -4319},0, {3826, -11430},{0x8E, 0xB1, 0xFF, 0xFF}}},
	{{{3683, 2105, -4319},0, {3826, -11430},{0x8E, 0xB1, 0xFF, 0xFF}}},
	{{{3398, 1918, -4329},0, {3623, -12446},{0x8E, 0xB1, 0xFF, 0xFF}}},
	{{{3530, 2123, -4438},0, {3292, -11847},{0x8E, 0xB1, 0xFF, 0xFF}}},
	{{{3531, 1585, -4215},0, {4143, -12204},{0x8E, 0xB1, 0xFF, 0xFF}}},
	{{{2795, 1585, -3749},0, {4112, -14391},{0x8E, 0xB1, 0xFF, 0xFF}}},
	{{{2776, 1918, -3935},0, {3548, -14137},{0x8E, 0xB1, 0xFF, 0xFF}}},
	{{{2617, 2123, -3859},0, {3170, -14732},{0x8E, 0xB1, 0xFF, 0xFF}}},
	{{{2600, 2105, -3633},0, {3731, -15220},{0x8E, 0xB1, 0xFF, 0xFF}}},
	{{{2675, 2148, -4107},0, {2783, -14105},{0x8E, 0xB1, 0xFF, 0xFF}}},
	{{{2777, 2014, -4102},0, {3161, -13883},{0x8E, 0xB1, 0xFF, 0xFF}}},
	{{{3290, 2148, -4496},0, {2880, -12419},{0x8E, 0xB1, 0xFF, 0xFF}}},
	{{{3250, 2014, -4402},0, {3234, -12680},{0x8E, 0xB1, 0xFF, 0xFF}}},
	{{{-5695, -1716, 4968},0, {-3853, -8369},{0x8E, 0xB1, 0xFF, 0xFF}}},
	{{{-6202, -2430, 4799},0, {-2475, -7147},{0x8E, 0xB1, 0xFF, 0xFF}}},
	{{{-5695, -2430, 4965},0, {-2406, -8279},{0x8E, 0xB1, 0xFF, 0xFF}}},
	{{{-6241, -1716, 4855},0, {-3930, -7190},{0x8E, 0xB1, 0xFF, 0xFF}}},
	{{{-6241, -1716, 4855},0, {-3930, -7190},{0x8E, 0xB1, 0xFF, 0xFF}}},
	{{{-6364, -2430, 3900},0, {-2477, -4962},{0x8E, 0xB1, 0xFF, 0xFF}}},
	{{{-6202, -2430, 4799},0, {-2475, -7147},{0x8E, 0xB1, 0xFF, 0xFF}}},
	{{{-6419, -1716, 3861},0, {-3932, -4917},{0x8E, 0xB1, 0xFF, 0xFF}}},
	{{{-5939, -2430, 3537},0, {-2406, -3828},{0x8E, 0xB1, 0xFF, 0xFF}}},
	{{{-5939, -1716, 3537},0, {-3853, -3736},{0x8E, 0xB1, 0xFF, 0xFF}}},
	{{{-4054, -2562, 7830},0, {-7819, 1647},{0x8E, 0xB1, 0xFF, 0xFF}}},
	{{{-3636, -1732, 7205},0, {-6936, -269},{0x8E, 0xB1, 0xFF, 0xFF}}},
	{{{-3617, -2521, 7237},0, {-8313, 375},{0x8E, 0xB1, 0xFF, 0xFF}}},
	{{{-4043, -1733, 7818},0, {-6032, 1159},{0x8E, 0xB1, 0xFF, 0xFF}}},
	{{{-1942, -1709, 8625},0, {-5748, 6371},{0x8E, 0xB1, 0xFF, 0xFF}}},
	{{{-1942, -2604, 8625},0, {-7661, 6473},{0x8E, 0xB1, 0xFF, 0xFF}}},
	{{{-185, -1706, 8660},0, {-5547, 10138},{0x8E, 0xB1, 0xFF, 0xFF}}},
	{{{-213, -2604, 8675},0, {-7487, 10235},{0x8E, 0xB1, 0xFF, 0xFF}}},
	{{{1978, -1734, 7974},0, {-5313, 15439},{0x8E, 0xB1, 0xFF, 0xFF}}},
	{{{2014, -2585, 8034},0, {-7185, 15092},{0x8E, 0xB1, 0xFF, 0xFF}}},
	{{{2014, -2585, 8034},0, {-7185, 15092},{0x8E, 0xB1, 0xFF, 0xFF}}},
	{{{2182, -1464, 6898},0, {-4539, 17789},{0x8E, 0xB1, 0xFF, 0xFF}}},
	{{{1978, -1734, 7974},0, {-5313, 15439},{0x8E, 0xB1, 0xFF, 0xFF}}},
	{{{1559, -2550, 7340},0, {-7562, 16675},{0x8E, 0xB1, 0xFF, 0xFF}}},
	{{{3343, -1195, 7063},0, {-2848, 17293},{0x8E, 0xB1, 0xFF, 0xFF}}},
	{{{3349, -803, 7070},0, {-2198, 17193},{0x8E, 0xB1, 0xFF, 0xFF}}},
	{{{2832, -803, 6432},0, {-2494, 18668},{0x8E, 0xB1, 0xFF, 0xFF}}},
	{{{2838, -1195, 6439},0, {-3199, 18501},{0x8E, 0xB1, 0xFF, 0xFF}}},
	{{{1989, -1249, 7987},0, {-4178, 15004},{0x8E, 0xB1, 0xFF, 0xFF}}},
	{{{-185, -1706, 8660},0, {-5547, 10138},{0x8E, 0xB1, 0xFF, 0xFF}}},
	{{{-5751, -620, 6216},0, {-2519, -2354},{0x8E, 0xB1, 0xFF, 0xFF}}},
	{{{-5322, -829, 6857},0, {-3170, -884},{0x8E, 0xB1, 0xFF, 0xFF}}},
	{{{-5739, -441, 6218},0, {-2181, -2400},{0x8E, 0xB1, 0xFF, 0xFF}}},
	{{{-5237, -1045, 6905},0, {-3519, -987},{0x8E, 0xB1, 0xFF, 0xFF}}},
	{{{-5310, -1237, 6856},0, {-3725, -1259},{0x8E, 0xB1, 0xFF, 0xFF}}},
	{{{-5739, -810, 6216},0, {-2846, -2316},{0x8E, 0xB1, 0xFF, 0xFF}}},
	{{{-5310, -1237, 6856},0, {-3725, -1259},{0x8E, 0xB1, 0xFF, 0xFF}}},
	{{{-5739, -810, 6216},0, {-2846, -2316},{0x8E, 0xB1, 0xFF, 0xFF}}},
	{{{-5271, -825, 5645},0, {-3261, -3483},{0x8E, 0xB1, 0xFF, 0xFF}}},
	{{{-5751, -620, 6216},0, {-2519, -2354},{0x8E, 0xB1, 0xFF, 0xFF}}},
	{{{-5286, -598, 5633},0, {-2924, -3596},{0x8E, 0xB1, 0xFF, 0xFF}}},
	{{{-5739, -441, 6218},0, {-2181, -2400},{0x8E, 0xB1, 0xFF, 0xFF}}},
	{{{-5264, -410, 5651},0, {-2587, -3709},{0x8E, 0xB1, 0xFF, 0xFF}}},
	{{{-4827, -1261, 6305},0, {-4541, -2323},{0x8E, 0xB1, 0xFF, 0xFF}}},
	{{{-4043, -1733, 7818},0, {-6032, 1159},{0x8E, 0xB1, 0xFF, 0xFF}}},
	{{{-3636, -1732, 7205},0, {-6936, -269},{0x8E, 0xB1, 0xFF, 0xFF}}},
	{{{-5237, -1045, 6905},0, {-3519, -987},{0x8E, 0xB1, 0xFF, 0xFF}}},
	{{{-4047, -1544, 7823},0, {-5550, 1290},{0x8E, 0xB1, 0xFF, 0xFF}}},
	{{{-1942, -1709, 8625},0, {-5748, 6371},{0x8E, 0xB1, 0xFF, 0xFF}}},
	{{{-2994, -1552, 8235},0, {-5491, 3867},{0x8E, 0xB1, 0xFF, 0xFF}}},
	{{{-4054, -1389, 7830},0, {-5181, 1391},{0x8E, 0xB1, 0xFF, 0xFF}}},
	{{{-5322, -829, 6857},0, {-3170, -884},{0x8E, 0xB1, 0xFF, 0xFF}}},
	{{{-5939, -186, 3537},0, {8284, -10886},{0x8E, 0xB1, 0xFF, 0xFF}}},
	{{{-6345, -13, 4146},0, {7258, -12360},{0x8E, 0xB1, 0xFF, 0xFF}}},
	{{{-5939, -2, 3537},0, {7896, -10703},{0x8E, 0xB1, 0xFF, 0xFF}}},
	{{{-6347, -186, 4145},0, {7658, -12441},{0x8E, 0xB1, 0xFF, 0xFF}}},
	{{{-6344, -354, 4146},0, {8028, -12516},{0x8E, 0xB1, 0xFF, 0xFF}}},
	{{{-5939, -398, 3537},0, {8668, -11108},{0x8E, 0xB1, 0xFF, 0xFF}}},
	{{{-5679, -409, 5000},0, {9229, -14596},{0x8E, 0xB1, 0xFF, 0xFF}}},
	{{{-6178, -355, 5517},0, {8076, -14896},{0x8E, 0xB1, 0xFF, 0xFF}}},
	{{{-5680, -198, 5023},0, {9265, -15061},{0x8E, 0xB1, 0xFF, 0xFF}}},
	{{{-6183, -186, 5535},0, {7897, -15147},{0x8E, 0xB1, 0xFF, 0xFF}}},
	{{{-6190, -2, 5557},0, {7721, -15400},{0x8E, 0xB1, 0xFF, 0xFF}}},
	{{{-5677, -2, 4990},0, {9302, -15526},{0x8E, 0xB1, 0xFF, 0xFF}}},
	{{{-6183, -186, 5535},0, {7897, -15147},{0x8E, 0xB1, 0xFF, 0xFF}}},
	{{{2954, -1779, 925},0, {-7225, -14964},{0x8E, 0xB1, 0xFF, 0xFF}}},
	{{{3060, -1281, 1041},0, {-8212, -15025},{0x8E, 0xB1, 0xFF, 0xFF}}},
	{{{3356, -1281, 844},0, {-8263, -14216},{0x8E, 0xB1, 0xFF, 0xFF}}},
	{{{2954, -1779, 925},0, {-7225, -14964},{0x8E, 0xB1, 0xFF, 0xFF}}},
	{{{3356, -1281, 844},0, {-8263, -14216},{0x8E, 0xB1, 0xFF, 0xFF}}},
	{{{3354, -1757, 855},0, {-7297, -14169},{0x8E, 0xB1, 0xFF, 0xFF}}},
	{{{3723, -1281, 756},0, {-8307, -13357},{0x8E, 0xB1, 0xFF, 0xFF}}},
	{{{3718, -1750, 788},0, {-7356, -13325},{0x8E, 0xB1, 0xFF, 0xFF}}},
	{{{4050, -1769, 1221},0, {-7321, -12152},{0x8E, 0xB1, 0xFF, 0xFF}}},
	{{{4048, -1301, 1222},0, {-8311, -12150},{0x8E, 0xB1, 0xFF, 0xFF}}},
	{{{4309, -1788, 1701},0, {-7276, -10979},{0x8E, 0xB1, 0xFF, 0xFF}}},
	{{{4340, -1281, 1710},0, {-8304, -10943},{0x8E, 0xB1, 0xFF, 0xFF}}},
	{{{4109, -1281, 2009},0, {-8261, -10084},{0x8E, 0xB1, 0xFF, 0xFF}}},
	{{{4098, -1780, 2005},0, {-7250, -10132},{0x8E, 0xB1, 0xFF, 0xFF}}},
	{{{3820, -1281, 2284},0, {-8214, -9275},{0x8E, 0xB1, 0xFF, 0xFF}}},
	{{{3820, -1769, 2284},0, {-7227, -9332},{0x8E, 0xB1, 0xFF, 0xFF}}},
	{{{4087, -2279, 2002},0, {-6238, -10180},{0x8E, 0xB1, 0xFF, 0xFF}}},
	{{{3820, -2257, 2284},0, {-6239, -9390},{0x8E, 0xB1, 0xFF, 0xFF}}},
	{{{4289, -2294, 1696},0, {-6248, -11014},{0x8E, 0xB1, 0xFF, 0xFF}}},
	{{{4289, -2294, 1696},0, {-6248, -11014},{0x8E, 0xB1, 0xFF, 0xFF}}},
	{{{4037, -2257, 1229},0, {-6331, -12155},{0x8E, 0xB1, 0xFF, 0xFF}}},
	{{{4050, -1769, 1221},0, {-7321, -12152},{0x8E, 0xB1, 0xFF, 0xFF}}},
	{{{3718, -1750, 788},0, {-7356, -13325},{0x8E, 0xB1, 0xFF, 0xFF}}},
	{{{3713, -2219, 808},0, {-6404, -13294},{0x8E, 0xB1, 0xFF, 0xFF}}},
	{{{3352, -2234, 867},0, {-6331, -14121},{0x8E, 0xB1, 0xFF, 0xFF}}},
	{{{3354, -1757, 855},0, {-7297, -14169},{0x8E, 0xB1, 0xFF, 0xFF}}},
	{{{3030, -2255, 1024},0, {-6238, -14904},{0x8E, 0xB1, 0xFF, 0xFF}}},
	{{{2954, -1779, 925},0, {-7225, -14964},{0x8E, 0xB1, 0xFF, 0xFF}}},
	{{{-3250, 1459, 2013},0, {7244, 7835},{0x8E, 0xB1, 0xFF, 0xFF}}},
	{{{-3935, 1815, 1899},0, {5286, 7186},{0x8E, 0xB1, 0xFF, 0xFF}}},
	{{{-3301, 1815, 2082},0, {6593, 8523},{0x8E, 0xB1, 0xFF, 0xFF}}},
	{{{-3866, 1556, 2016},0, {6020, 6769},{0x8E, 0xB1, 0xFF, 0xFF}}},
	{{{-3255, 1100, 2061},0, {7858, 7086},{0x8E, 0xB1, 0xFF, 0xFF}}},
	{{{-3800, 1316, 2140},0, {6704, 6365},{0x8E, 0xB1, 0xFF, 0xFF}}},
	{{{-4119, 1316, 3244},0, {6460, 4300},{0x8E, 0xB1, 0xFF, 0xFF}}},
	{{{-4119, 1316, 3244},0, {6460, 4300},{0x8E, 0xB1, 0xFF, 0xFF}}},
	{{{-3255, 1100, 2061},0, {7858, 7086},{0x8E, 0xB1, 0xFF, 0xFF}}},
	{{{-3723, 1096, 3609},0, {7853, 3649},{0x8E, 0xB1, 0xFF, 0xFF}}},
	{{{-3723, 1456, 3609},0, {7160, 2810},{0x8E, 0xB1, 0xFF, 0xFF}}},
	{{{-4241, 1556, 3314},0, {5835, 3996},{0x8E, 0xB1, 0xFF, 0xFF}}},
	{{{-3723, 1815, 3609},0, {6426, 2028},{0x8E, 0xB1, 0xFF, 0xFF}}},
	{{{-4363, 1815, 3376},0, {5178, 3688},{0x8E, 0xB1, 0xFF, 0xFF}}},
	{{{-3866, 1556, 2016},0, {6020, 6769},{0x8E, 0xB1, 0xFF, 0xFF}}},
	{{{-3935, 1815, 1899},0, {5286, 7186},{0x8E, 0xB1, 0xFF, 0xFF}}},
	{{{-3800, 1316, 2140},0, {6704, 6365},{0x8E, 0xB1, 0xFF, 0xFF}}},
	{{{-44, 1471, 5955},0, {6799, -9853},{0x8E, 0xB1, 0xFF, 0xFF}}},
	{{{-450, 1815, 6128},0, {6095, -10677},{0x8E, 0xB1, 0xFF, 0xFF}}},
	{{{-239, 1815, 6354},0, {5480, -9833},{0x8E, 0xB1, 0xFF, 0xFF}}},
	{{{-258, 1513, 6294},0, {6151, -9257},{0x8E, 0xB1, 0xFF, 0xFF}}},
	{{{-435, 1815, 6594},0, {5041, -8736},{0x8E, 0xB1, 0xFF, 0xFF}}},
	{{{-498, 1548, 6517},0, {5701, -8455},{0x8E, 0xB1, 0xFF, 0xFF}}},
	{{{-1465, 1548, 6549},0, {5804, -6196},{0x8E, 0xB1, 0xFF, 0xFF}}},
	{{{-498, 1548, 6517},0, {5701, -8455},{0x8E, 0xB1, 0xFF, 0xFF}}},
	{{{-435, 1815, 6594},0, {5041, -8736},{0x8E, 0xB1, 0xFF, 0xFF}}},
	{{{-1523, 1815, 6630},0, {5124, -5840},{0x8E, 0xB1, 0xFF, 0xFF}}},
	{{{-1735, 1815, 6404},0, {5616, -4861},{0x8E, 0xB1, 0xFF, 0xFF}}},
	{{{-1720, 1513, 6342},0, {6276, -5442},{0x8E, 0xB1, 0xFF, 0xFF}}},
	{{{-1539, 1815, 6164},0, {6262, -4176},{0x8E, 0xB1, 0xFF, 0xFF}}},
	{{{-1956, 1471, 6018},0, {6886, -4909},{0x8E, 0xB1, 0xFF, 0xFF}}},
	{{{-1497, 1286, 6301},0, {6740, -6227},{0x8E, 0xB1, 0xFF, 0xFF}}},
	{{{-1768, 1110, 6005},0, {7347, -5916},{0x8E, 0xB1, 0xFF, 0xFF}}},
	{{{-232, 1110, 5954},0, {7319, -8779},{0x8E, 0xB1, 0xFF, 0xFF}}},
	{{{-483, 1286, 6268},0, {6658, -8473},{0x8E, 0xB1, 0xFF, 0xFF}}},
	{{{-258, 1513, 6294},0, {6151, -9257},{0x8E, 0xB1, 0xFF, 0xFF}}},
	{{{-44, 1471, 5955},0, {6799, -9853},{0x8E, 0xB1, 0xFF, 0xFF}}},
	{{{-615, 1376, 6442},0, {6194, -8152},{0x8E, 0xB1, 0xFF, 0xFF}}},
	{{{-1354, 1376, 6467},0, {6275, -6538},{0x8E, 0xB1, 0xFF, 0xFF}}},
	{{{4481, -13, 4392},0, {3007, -9429},{0x8E, 0xB1, 0xFF, 0xFF}}},
	{{{4235, -22, 5800},0, {2283, -6252},{0x8E, 0xB1, 0xFF, 0xFF}}},
	{{{4228, -376, 5794},0, {2969, -6239},{0x8E, 0xB1, 0xFF, 0xFF}}},
	{{{3796, -780, 6435},0, {3516, -5003},{0x8E, 0xB1, 0xFF, 0xFF}}},
	{{{3800, -402, 6403},0, {2990, -4485},{0x8E, 0xB1, 0xFF, 0xFF}}},
	{{{3295, -410, 5818},0, {4666, -4176},{0x8E, 0xB1, 0xFF, 0xFF}}},
	{{{3291, -780, 5812},0, {4794, -4964},{0x8E, 0xB1, 0xFF, 0xFF}}},
	{{{3741, -423, 5192},0, {4533, -6928},{0x8E, 0xB1, 0xFF, 0xFF}}},
	{{{4081, -398, 3737},0, {4660, -10226},{0x8E, 0xB1, 0xFF, 0xFF}}},
	{{{4479, -354, 4392},0, {3645, -9084},{0x8E, 0xB1, 0xFF, 0xFF}}},
	{{{4081, -2, 3737},0, {4028, -10834},{0x8E, 0xB1, 0xFF, 0xFF}}},
	{{{-5782, -2154, -9845},0, {-1781, 10881},{0x8E, 0xB1, 0xFF, 0xFF}}},
	{{{-5504, -2154, -9672},0, {-1956, 11706},{0x8E, 0xB1, 0xFF, 0xFF}}},
	{{{-5482, -1607, -9704},0, {-945, 11951},{0x8E, 0xB1, 0xFF, 0xFF}}},
	{{{-5186, -1621, -9683},0, {-1105, 12685},{0x8E, 0xB1, 0xFF, 0xFF}}},
	{{{-5254, -2154, -9440},0, {-2065, 12536},{0x8E, 0xB1, 0xFF, 0xFF}}},
	{{{-5254, -2154, -9440},0, {-2065, 12536},{0x8E, 0xB1, 0xFF, 0xFF}}},
	{{{-4827, -1607, -9952},0, {-1019, 13649},{0x8E, 0xB1, 0xFF, 0xFF}}},
	{{{-5186, -1621, -9683},0, {-1105, 12685},{0x8E, 0xB1, 0xFF, 0xFF}}},
	{{{-4800, -2122, -9890},0, {-2079, 13656},{0x8E, 0xB1, 0xFF, 0xFF}}},
	{{{-4516, -1499, -10401},0, {-636, 14770},{0x8E, 0xB1, 0xFF, 0xFF}}},
	{{{-4395, -2114, -10398},0, {-2004, 15097},{0x8E, 0xB1, 0xFF, 0xFF}}},
	{{{-4279, -1119, -11066},0, {318, 16214},{0x8E, 0xB1, 0xFF, 0xFF}}},
	{{{-4190, -2099, -11234},0, {-1861, 16810},{0x8E, 0xB1, 0xFF, 0xFF}}},
	{{{-4047, -2096, -12080},0, {-1682, 18668},{0x8E, 0xB1, 0xFF, 0xFF}}},
	{{{-4027, -1126, -12094},0, {468, 18483},{0x8E, 0xB1, 0xFF, 0xFF}}},
	{{{-4042, -142, -12084},0, {2619, 18297},{0x8E, 0xB1, 0xFF, 0xFF}}},
	{{{-4264, -138, -11236},0, {2508, 16452},{0x8E, 0xB1, 0xFF, 0xFF}}},
	{{{-4576, -141, -10561},0, {2424, 14710},{0x8E, 0xB1, 0xFF, 0xFF}}},
	{{{-4605, -721, -10465},0, {1099, 14546},{0x8E, 0xB1, 0xFF, 0xFF}}},
	{{{-5086, -622, -10142},0, {1308, 13131},{0x8E, 0xB1, 0xFF, 0xFF}}},
	{{{-5073, -121, -10198},0, {2391, 13145},{0x8E, 0xB1, 0xFF, 0xFF}}},
	{{{-5073, -121, -10198},0, {2391, 13145},{0x8E, 0xB1, 0xFF, 0xFF}}},
	{{{-5508, -721, -10082},0, {1138, 11793},{0x8E, 0xB1, 0xFF, 0xFF}}},
	{{{-5086, -622, -10142},0, {1308, 13131},{0x8E, 0xB1, 0xFF, 0xFF}}},
	{{{-5501, -141, -10153},0, {2417, 11724},{0x8E, 0xB1, 0xFF, 0xFF}}},
	{{{-5633, -1119, -10401},0, {442, 10412},{0x8E, 0xB1, 0xFF, 0xFF}}},
	{{{-5576, -138, -10556},0, {2502, 10390},{0x8E, 0xB1, 0xFF, 0xFF}}},
	{{{-5477, -142, -11175},0, {2619, 9098},{0x8E, 0xB1, 0xFF, 0xFF}}},
	{{{-5492, -1126, -11165},0, {633, 8824},{0x8E, 0xB1, 0xFF, 0xFF}}},
	{{{-5492, -2154, -11165},0, {-1352, 8549},{0x8E, 0xB1, 0xFF, 0xFF}}},
	{{{-5637, -2154, -10505},0, {-1573, 9800},{0x8E, 0xB1, 0xFF, 0xFF}}},
	{{{-5782, -2154, -9845},0, {-1781, 10881},{0x8E, 0xB1, 0xFF, 0xFF}}},
	{{{-5642, -1499, -9941},0, {-513, 11311},{0x8E, 0xB1, 0xFF, 0xFF}}},
	{{{-5482, -1607, -9704},0, {-945, 11951},{0x8E, 0xB1, 0xFF, 0xFF}}},
	{{{-5443, -1108, -9711},0, {7, 12255},{0x8E, 0xB1, 0xFF, 0xFF}}},
	{{{-5182, -1120, -9702},0, {-146, 12833},{0x8E, 0xB1, 0xFF, 0xFF}}},
	{{{-5186, -1621, -9683},0, {-1105, 12685},{0x8E, 0xB1, 0xFF, 0xFF}}},
	{{{-5186, -1621, -9683},0, {-1105, 12685},{0x8E, 0xB1, 0xFF, 0xFF}}},
	{{{-4870, -1108, -9926},0, {-18, 13572},{0x8E, 0xB1, 0xFF, 0xFF}}},
	{{{-5182, -1120, -9702},0, {-146, 12833},{0x8E, 0xB1, 0xFF, 0xFF}}},
	{{{-4827, -1607, -9952},0, {-1019, 13649},{0x8E, 0xB1, 0xFF, 0xFF}}},
	{{{-4747, -1089, -10164},0, {213, 13799},{0x8E, 0xB1, 0xFF, 0xFF}}},
	{{{-4516, -1499, -10401},0, {-636, 14770},{0x8E, 0xB1, 0xFF, 0xFF}}},
	{{{-4279, -1119, -11066},0, {318, 16214},{0x8E, 0xB1, 0xFF, 0xFF}}},
	{{{-4605, -721, -10465},0, {1099, 14546},{0x8E, 0xB1, 0xFF, 0xFF}}},
	{{{-5101, -1068, -10071},0, {320, 13100},{0x8E, 0xB1, 0xFF, 0xFF}}},
	{{{-5086, -622, -10142},0, {1308, 13131},{0x8E, 0xB1, 0xFF, 0xFF}}},
	{{{-5475, -1089, -9888},0, {241, 12294},{0x8E, 0xB1, 0xFF, 0xFF}}},
	{{{-5508, -721, -10082},0, {1138, 11793},{0x8E, 0xB1, 0xFF, 0xFF}}},
	{{{-5633, -1119, -10401},0, {442, 10412},{0x8E, 0xB1, 0xFF, 0xFF}}},
	{{{-5642, -1499, -9941},0, {-513, 11311},{0x8E, 0xB1, 0xFF, 0xFF}}},
	{{{-5443, -1108, -9711},0, {7, 12255},{0x8E, 0xB1, 0xFF, 0xFF}}},
};

Gfx ccm_dl_level_008_mesh_layer_1_tri_3[] = {
	gsSPVertex(ccm_dl_level_008_mesh_layer_1_vtx_3 + 0, 16, 0),
	gsSP1Triangle(0, 1, 2, 0),
	gsSP1Triangle(0, 2, 3, 0),
	gsSP1Triangle(3, 2, 4, 0),
	gsSP1Triangle(3, 4, 5, 0),
	gsSP1Triangle(6, 5, 4, 0),
	gsSP1Triangle(6, 4, 7, 0),
	gsSP1Triangle(8, 6, 7, 0),
	gsSP1Triangle(8, 7, 9, 0),
	gsSP1Triangle(10, 8, 9, 0),
	gsSP1Triangle(10, 9, 11, 0),
	gsSP1Triangle(12, 10, 11, 0),
	gsSP1Triangle(12, 11, 13, 0),
	gsSP1Triangle(14, 12, 13, 0),
	gsSP1Triangle(14, 15, 12, 0),
	gsSPVertex(ccm_dl_level_008_mesh_layer_1_vtx_3 + 16, 16, 0),
	gsSP1Triangle(0, 1, 2, 0),
	gsSP1Triangle(0, 3, 1, 0),
	gsSP1Triangle(3, 4, 1, 0),
	gsSP1Triangle(3, 5, 4, 0),
	gsSP1Triangle(5, 6, 4, 0),
	gsSP1Triangle(5, 7, 6, 0),
	gsSP1Triangle(7, 8, 6, 0),
	gsSP1Triangle(7, 9, 8, 0),
	gsSP1Triangle(9, 10, 8, 0),
	gsSP1Triangle(9, 11, 10, 0),
	gsSP1Triangle(11, 12, 10, 0),
	gsSP1Triangle(11, 13, 12, 0),
	gsSP1Triangle(13, 14, 12, 0),
	gsSP1Triangle(13, 15, 14, 0),
	gsSPVertex(ccm_dl_level_008_mesh_layer_1_vtx_3 + 32, 16, 0),
	gsSP1Triangle(0, 1, 2, 0),
	gsSP1Triangle(0, 2, 3, 0),
	gsSP1Triangle(4, 3, 2, 0),
	gsSP1Triangle(4, 2, 5, 0),
	gsSP1Triangle(6, 4, 5, 0),
	gsSP1Triangle(6, 5, 7, 0),
	gsSP1Triangle(8, 6, 7, 0),
	gsSP1Triangle(8, 7, 9, 0),
	gsSP1Triangle(10, 8, 9, 0),
	gsSP1Triangle(10, 9, 11, 0),
	gsSP1Triangle(12, 10, 11, 0),
	gsSP1Triangle(12, 13, 10, 0),
	gsSP1Triangle(13, 8, 10, 0),
	gsSP1Triangle(13, 14, 8, 0),
	gsSP1Triangle(14, 6, 8, 0),
	gsSP1Triangle(14, 15, 6, 0),
	gsSP1Triangle(15, 4, 6, 0),
	gsSPVertex(ccm_dl_level_008_mesh_layer_1_vtx_3 + 48, 16, 0),
	gsSP1Triangle(0, 1, 2, 0),
	gsSP1Triangle(1, 3, 2, 0),
	gsSP1Triangle(1, 4, 3, 0),
	gsSP1Triangle(5, 6, 7, 0),
	gsSP1Triangle(5, 7, 8, 0),
	gsSP1Triangle(8, 7, 9, 0),
	gsSP1Triangle(8, 9, 10, 0),
	gsSP1Triangle(11, 8, 10, 0),
	gsSP1Triangle(11, 10, 12, 0),
	gsSP1Triangle(13, 11, 12, 0),
	gsSP1Triangle(13, 12, 14, 0),
	gsSP1Triangle(15, 13, 14, 0),
	gsSPVertex(ccm_dl_level_008_mesh_layer_1_vtx_3 + 64, 16, 0),
	gsSP1Triangle(0, 1, 2, 0),
	gsSP1Triangle(3, 0, 2, 0),
	gsSP1Triangle(3, 2, 4, 0),
	gsSP1Triangle(5, 3, 4, 0),
	gsSP1Triangle(5, 4, 6, 0),
	gsSP1Triangle(7, 3, 5, 0),
	gsSP1Triangle(7, 8, 3, 0),
	gsSP1Triangle(8, 0, 3, 0),
	gsSP1Triangle(8, 9, 0, 0),
	gsSP1Triangle(9, 10, 0, 0),
	gsSP1Triangle(9, 11, 10, 0),
	gsSP1Triangle(11, 12, 10, 0),
	gsSP1Triangle(11, 13, 12, 0),
	gsSP1Triangle(13, 14, 12, 0),
	gsSP1Triangle(13, 15, 14, 0),
	gsSPVertex(ccm_dl_level_008_mesh_layer_1_vtx_3 + 80, 16, 0),
	gsSP1Triangle(0, 1, 2, 0),
	gsSP1Triangle(0, 2, 3, 0),
	gsSP1Triangle(3, 2, 4, 0),
	gsSP1Triangle(3, 4, 5, 0),
	gsSP1Triangle(6, 3, 5, 0),
	gsSP1Triangle(6, 5, 7, 0),
	gsSP1Triangle(8, 6, 7, 0),
	gsSP1Triangle(8, 7, 9, 0),
	gsSP1Triangle(7, 10, 9, 0),
	gsSP1Triangle(7, 11, 10, 0),
	gsSP1Triangle(10, 11, 12, 0),
	gsSP1Triangle(10, 12, 13, 0),
	gsSP1Triangle(14, 10, 13, 0),
	gsSP1Triangle(14, 13, 15, 0),
	gsSPVertex(ccm_dl_level_008_mesh_layer_1_vtx_3 + 96, 16, 0),
	gsSP1Triangle(0, 1, 2, 0),
	gsSP1Triangle(0, 3, 1, 0),
	gsSP1Triangle(4, 3, 0, 0),
	gsSP1Triangle(4, 5, 3, 0),
	gsSP1Triangle(5, 6, 3, 0),
	gsSP1Triangle(5, 7, 6, 0),
	gsSP1Triangle(8, 6, 7, 0),
	gsSP1Triangle(8, 9, 6, 0),
	gsSP1Triangle(10, 9, 8, 0),
	gsSP1Triangle(10, 11, 9, 0),
	gsSP1Triangle(10, 12, 11, 0),
	gsSP1Triangle(10, 13, 12, 0),
	gsSP1Triangle(6, 9, 14, 0),
	gsSP1Triangle(6, 14, 15, 0),
	gsSP1Triangle(14, 1, 15, 0),
	gsSPVertex(ccm_dl_level_008_mesh_layer_1_vtx_3 + 112, 16, 0),
	gsSP1Triangle(0, 1, 2, 0),
	gsSP1Triangle(3, 4, 2, 0),
	gsSP1Triangle(3, 5, 4, 0),
	gsSP1Triangle(6, 7, 8, 0),
	gsSP1Triangle(6, 8, 9, 0),
	gsSP1Triangle(9, 8, 10, 0),
	gsSP1Triangle(9, 10, 11, 0),
	gsSP1Triangle(12, 11, 10, 0),
	gsSP1Triangle(12, 10, 13, 0),
	gsSP1Triangle(14, 12, 13, 0),
	gsSP1Triangle(14, 15, 12, 0),
	gsSPVertex(ccm_dl_level_008_mesh_layer_1_vtx_3 + 128, 14, 0),
	gsSP1Triangle(0, 1, 2, 0),
	gsSP1Triangle(0, 3, 1, 0),
	gsSP1Triangle(3, 4, 1, 0),
	gsSP1Triangle(3, 5, 4, 0),
	gsSP1Triangle(6, 4, 5, 0),
	gsSP1Triangle(6, 7, 4, 0),
	gsSP1Triangle(6, 8, 7, 0),
	gsSP1Triangle(6, 9, 8, 0),
	gsSP1Triangle(7, 8, 10, 0),
	gsSP1Triangle(7, 10, 11, 0),
	gsSP1Triangle(11, 10, 12, 0),
	gsSP1Triangle(11, 12, 13, 0),
	gsSP1Triangle(1, 13, 12, 0),
	gsSP1Triangle(1, 4, 13, 0),
	gsSP1Triangle(4, 11, 13, 0),
	gsSP1Triangle(4, 7, 11, 0),
	gsSPVertex(ccm_dl_level_008_mesh_layer_1_vtx_3 + 142, 16, 0),
	gsSP1Triangle(0, 1, 2, 0),
	gsSP1Triangle(0, 2, 3, 0),
	gsSP1Triangle(3, 2, 4, 0),
	gsSP1Triangle(3, 4, 5, 0),
	gsSP1Triangle(6, 5, 4, 0),
	gsSP1Triangle(6, 4, 7, 0),
	gsSP1Triangle(8, 6, 7, 0),
	gsSP1Triangle(8, 7, 9, 0),
	gsSP1Triangle(10, 8, 9, 0),
	gsSP1Triangle(10, 11, 8, 0),
	gsSP1Triangle(12, 11, 10, 0),
	gsSP1Triangle(12, 13, 11, 0),
	gsSP1Triangle(13, 14, 11, 0),
	gsSP1Triangle(13, 15, 14, 0),
	gsSPVertex(ccm_dl_level_008_mesh_layer_1_vtx_3 + 158, 15, 0),
	gsSP1Triangle(0, 1, 2, 0),
	gsSP1Triangle(0, 3, 1, 0),
	gsSP1Triangle(4, 3, 0, 0),
	gsSP1Triangle(4, 5, 3, 0),
	gsSP1Triangle(4, 6, 5, 0),
	gsSP1Triangle(4, 7, 6, 0),
	gsSP1Triangle(5, 6, 8, 0),
	gsSP1Triangle(5, 8, 9, 0),
	gsSP1Triangle(9, 8, 10, 0),
	gsSP1Triangle(9, 10, 11, 0),
	gsSP1Triangle(11, 10, 12, 0),
	gsSP1Triangle(11, 12, 13, 0),
	gsSP1Triangle(14, 13, 12, 0),
	gsSP1Triangle(14, 1, 13, 0),
	gsSP1Triangle(1, 11, 13, 0),
	gsSP1Triangle(1, 3, 11, 0),
	gsSP1Triangle(3, 9, 11, 0),
	gsSP1Triangle(3, 5, 9, 0),
	gsSPVertex(ccm_dl_level_008_mesh_layer_1_vtx_3 + 173, 16, 0),
	gsSP1Triangle(0, 1, 2, 0),
	gsSP1Triangle(0, 2, 3, 0),
	gsSP1Triangle(3, 2, 4, 0),
	gsSP1Triangle(3, 4, 5, 0),
	gsSP1Triangle(6, 3, 5, 0),
	gsSP1Triangle(6, 5, 7, 0),
	gsSP1Triangle(8, 6, 7, 0),
	gsSP1Triangle(8, 7, 9, 0),
	gsSP1Triangle(10, 9, 7, 0),
	gsSP1Triangle(10, 11, 9, 0),
	gsSP1Triangle(4, 11, 10, 0),
	gsSP1Triangle(4, 12, 11, 0),
	gsSP1Triangle(12, 13, 11, 0),
	gsSP1Triangle(12, 14, 13, 0),
	gsSP1Triangle(14, 15, 13, 0),
	gsSPVertex(ccm_dl_level_008_mesh_layer_1_vtx_3 + 189, 16, 0),
	gsSP1Triangle(0, 1, 2, 0),
	gsSP1Triangle(3, 2, 1, 0),
	gsSP1Triangle(3, 4, 2, 0),
	gsSP1Triangle(5, 4, 3, 0),
	gsSP1Triangle(5, 6, 4, 0),
	gsSP1Triangle(7, 6, 5, 0),
	gsSP1Triangle(7, 8, 6, 0),
	gsSP1Triangle(8, 9, 6, 0),
	gsSP1Triangle(8, 10, 9, 0),
	gsSP1Triangle(10, 11, 9, 0),
	gsSP1Triangle(10, 12, 11, 0),
	gsSP1Triangle(12, 13, 11, 0),
	gsSP1Triangle(12, 14, 13, 0),
	gsSP1Triangle(14, 15, 13, 0),
	gsSPVertex(ccm_dl_level_008_mesh_layer_1_vtx_3 + 205, 16, 0),
	gsSP1Triangle(0, 1, 2, 0),
	gsSP1Triangle(1, 3, 2, 0),
	gsSP1Triangle(1, 4, 3, 0),
	gsSP1Triangle(4, 5, 3, 0),
	gsSP1Triangle(4, 6, 5, 0),
	gsSP1Triangle(7, 2, 8, 0),
	gsSP1Triangle(7, 8, 9, 0),
	gsSP1Triangle(10, 7, 9, 0),
	gsSP1Triangle(10, 9, 11, 0),
	gsSP1Triangle(12, 10, 11, 0),
	gsSP1Triangle(12, 11, 13, 0),
	gsSP1Triangle(14, 13, 11, 0),
	gsSP1Triangle(14, 11, 15, 0),
	gsSPVertex(ccm_dl_level_008_mesh_layer_1_vtx_3 + 221, 16, 0),
	gsSP1Triangle(0, 1, 2, 0),
	gsSP1Triangle(0, 2, 3, 0),
	gsSP1Triangle(4, 0, 3, 0),
	gsSP1Triangle(4, 3, 5, 0),
	gsSP1Triangle(6, 7, 8, 0),
	gsSP1Triangle(6, 9, 7, 0),
	gsSP1Triangle(10, 11, 12, 0),
	gsSP1Triangle(10, 12, 13, 0),
	gsSP1Triangle(13, 12, 14, 0),
	gsSP1Triangle(13, 14, 15, 0),
	gsSPVertex(ccm_dl_level_008_mesh_layer_1_vtx_3 + 237, 16, 0),
	gsSP1Triangle(0, 1, 2, 0),
	gsSP1Triangle(0, 2, 3, 0),
	gsSP1Triangle(4, 0, 3, 0),
	gsSP1Triangle(4, 5, 0, 0),
	gsSP1Triangle(6, 5, 4, 0),
	gsSP1Triangle(6, 7, 5, 0),
	gsSP1Triangle(7, 8, 5, 0),
	gsSP1Triangle(7, 9, 8, 0),
	gsSP1Triangle(10, 8, 9, 0),
	gsSP1Triangle(10, 11, 8, 0),
	gsSP1Triangle(10, 12, 11, 0),
	gsSP1Triangle(10, 13, 12, 0),
	gsSP1Triangle(11, 12, 1, 0),
	gsSP1Triangle(11, 1, 14, 0),
	gsSP1Triangle(14, 1, 0, 0),
	gsSP1Triangle(14, 0, 15, 0),
	gsSP1Triangle(5, 15, 0, 0),
	gsSP1Triangle(5, 8, 15, 0),
	gsSP1Triangle(8, 14, 15, 0),
	gsSP1Triangle(8, 11, 14, 0),
	gsSPVertex(ccm_dl_level_008_mesh_layer_1_vtx_3 + 253, 15, 0),
	gsSP1Triangle(0, 1, 2, 0),
	gsSP1Triangle(0, 3, 1, 0),
	gsSP1Triangle(4, 3, 0, 0),
	gsSP1Triangle(4, 5, 3, 0),
	gsSP1Triangle(5, 6, 3, 0),
	gsSP1Triangle(5, 7, 6, 0),
	gsSP1Triangle(7, 8, 6, 0),
	gsSP1Triangle(7, 9, 8, 0),
	gsSP1Triangle(9, 10, 8, 0),
	gsSP1Triangle(9, 11, 10, 0),
	gsSP1Triangle(8, 10, 12, 0),
	gsSP1Triangle(8, 12, 13, 0),
	gsSP1Triangle(6, 8, 13, 0),
	gsSP1Triangle(6, 13, 14, 0),
	gsSP1Triangle(3, 6, 14, 0),
	gsSP1Triangle(3, 14, 1, 0),
	gsSPVertex(ccm_dl_level_008_mesh_layer_1_vtx_3 + 268, 16, 0),
	gsSP1Triangle(0, 1, 2, 0),
	gsSP1Triangle(0, 2, 3, 0),
	gsSP1Triangle(3, 2, 4, 0),
	gsSP1Triangle(3, 4, 5, 0),
	gsSP1Triangle(6, 5, 4, 0),
	gsSP1Triangle(6, 4, 7, 0),
	gsSP1Triangle(8, 6, 7, 0),
	gsSP1Triangle(8, 7, 9, 0),
	gsSP1Triangle(10, 8, 9, 0),
	gsSP1Triangle(10, 11, 8, 0),
	gsSP1Triangle(12, 11, 10, 0),
	gsSP1Triangle(12, 13, 11, 0),
	gsSP1Triangle(13, 14, 11, 0),
	gsSP1Triangle(13, 15, 14, 0),
	gsSPVertex(ccm_dl_level_008_mesh_layer_1_vtx_3 + 284, 15, 0),
	gsSP1Triangle(0, 1, 2, 0),
	gsSP1Triangle(0, 3, 1, 0),
	gsSP1Triangle(4, 3, 0, 0),
	gsSP1Triangle(4, 5, 3, 0),
	gsSP1Triangle(4, 6, 5, 0),
	gsSP1Triangle(4, 7, 6, 0),
	gsSP1Triangle(5, 6, 8, 0),
	gsSP1Triangle(5, 8, 9, 0),
	gsSP1Triangle(9, 8, 10, 0),
	gsSP1Triangle(9, 10, 11, 0),
	gsSP1Triangle(11, 10, 12, 0),
	gsSP1Triangle(11, 12, 13, 0),
	gsSP1Triangle(14, 13, 12, 0),
	gsSP1Triangle(14, 1, 13, 0),
	gsSP1Triangle(1, 11, 13, 0),
	gsSP1Triangle(1, 3, 11, 0),
	gsSP1Triangle(3, 9, 11, 0),
	gsSP1Triangle(3, 5, 9, 0),
	gsSPVertex(ccm_dl_level_008_mesh_layer_1_vtx_3 + 299, 16, 0),
	gsSP1Triangle(0, 1, 2, 0),
	gsSP1Triangle(0, 2, 3, 0),
	gsSP1Triangle(3, 2, 4, 0),
	gsSP1Triangle(3, 4, 5, 0),
	gsSP1Triangle(6, 5, 4, 0),
	gsSP1Triangle(6, 4, 7, 0),
	gsSP1Triangle(8, 6, 7, 0),
	gsSP1Triangle(8, 9, 6, 0),
	gsSP1Triangle(10, 9, 8, 0),
	gsSP1Triangle(11, 10, 8, 0),
	gsSP1Triangle(10, 12, 9, 0),
	gsSP1Triangle(10, 13, 12, 0),
	gsSP1Triangle(14, 12, 13, 0),
	gsSP1Triangle(14, 15, 12, 0),
	gsSP1Triangle(14, 3, 15, 0),
	gsSP1Triangle(14, 0, 3, 0),
	gsSP1Triangle(15, 3, 5, 0),
	gsSPVertex(ccm_dl_level_008_mesh_layer_1_vtx_3 + 315, 16, 0),
	gsSP1Triangle(0, 1, 2, 0),
	gsSP1Triangle(2, 1, 3, 0),
	gsSP1Triangle(2, 3, 4, 0),
	gsSP1Triangle(5, 4, 3, 0),
	gsSP1Triangle(5, 6, 4, 0),
	gsSP1Triangle(6, 2, 4, 0),
	gsSP1Triangle(6, 0, 2, 0),
	gsSP1Triangle(7, 8, 9, 0),
	gsSP1Triangle(7, 10, 8, 0),
	gsSP1Triangle(11, 10, 7, 0),
	gsSP1Triangle(11, 7, 12, 0),
	gsSP1Triangle(13, 11, 12, 0),
	gsSP1Triangle(14, 13, 12, 0),
	gsSP1Triangle(14, 12, 15, 0),
	gsSPVertex(ccm_dl_level_008_mesh_layer_1_vtx_3 + 331, 16, 0),
	gsSP1Triangle(0, 1, 2, 0),
	gsSP1Triangle(0, 2, 3, 0),
	gsSP1Triangle(4, 1, 0, 0),
	gsSP1Triangle(4, 5, 1, 0),
	gsSP1Triangle(5, 6, 1, 0),
	gsSP1Triangle(5, 7, 6, 0),
	gsSP1Triangle(8, 6, 7, 0),
	gsSP1Triangle(8, 9, 6, 0),
	gsSP1Triangle(8, 10, 9, 0),
	gsSP1Triangle(8, 11, 10, 0),
	gsSP1Triangle(11, 12, 10, 0),
	gsSP1Triangle(11, 13, 12, 0),
	gsSP1Triangle(10, 12, 14, 0),
	gsSP1Triangle(10, 14, 15, 0),
	gsSP1Triangle(9, 10, 15, 0),
	gsSPVertex(ccm_dl_level_008_mesh_layer_1_vtx_3 + 347, 16, 0),
	gsSP1Triangle(0, 1, 2, 0),
	gsSP1Triangle(3, 0, 2, 0),
	gsSP1Triangle(4, 5, 6, 0),
	gsSP1Triangle(4, 6, 7, 0),
	gsSP1Triangle(7, 6, 8, 0),
	gsSP1Triangle(7, 8, 9, 0),
	gsSP1Triangle(10, 9, 8, 0),
	gsSP1Triangle(10, 8, 11, 0),
	gsSP1Triangle(12, 10, 11, 0),
	gsSP1Triangle(12, 13, 10, 0),
	gsSP1Triangle(14, 13, 12, 0),
	gsSP1Triangle(14, 15, 13, 0),
	gsSPVertex(ccm_dl_level_008_mesh_layer_1_vtx_3 + 363, 16, 0),
	gsSP1Triangle(0, 1, 2, 0),
	gsSP1Triangle(0, 3, 1, 0),
	gsSP1Triangle(4, 1, 3, 0),
	gsSP1Triangle(4, 5, 1, 0),
	gsSP1Triangle(4, 6, 5, 0),
	gsSP1Triangle(4, 7, 6, 0),
	gsSP1Triangle(5, 6, 8, 0),
	gsSP1Triangle(5, 8, 9, 0),
	gsSP1Triangle(9, 8, 10, 0),
	gsSP1Triangle(9, 10, 11, 0),
	gsSP1Triangle(2, 11, 10, 0),
	gsSP1Triangle(2, 1, 11, 0),
	gsSP1Triangle(1, 9, 11, 0),
	gsSP1Triangle(1, 5, 9, 0),
	gsSP1Triangle(12, 13, 14, 0),
	gsSP1Triangle(12, 15, 13, 0),
	gsSPVertex(ccm_dl_level_008_mesh_layer_1_vtx_3 + 379, 16, 0),
	gsSP1Triangle(0, 1, 2, 0),
	gsSP1Triangle(0, 3, 1, 0),
	gsSP1Triangle(4, 1, 3, 0),
	gsSP1Triangle(4, 3, 5, 0),
	gsSP1Triangle(6, 7, 8, 0),
	gsSP1Triangle(6, 9, 7, 0),
	gsSP1Triangle(10, 9, 6, 0),
	gsSP1Triangle(10, 6, 11, 0),
	gsSP1Triangle(12, 10, 11, 0),
	gsSP1Triangle(12, 11, 13, 0),
	gsSP1Triangle(14, 12, 13, 0),
	gsSP1Triangle(14, 13, 15, 0),
	gsSPVertex(ccm_dl_level_008_mesh_layer_1_vtx_3 + 395, 16, 0),
	gsSP1Triangle(0, 1, 2, 0),
	gsSP1Triangle(0, 3, 1, 0),
	gsSP1Triangle(4, 2, 1, 0),
	gsSP1Triangle(5, 2, 4, 0),
	gsSP1Triangle(4, 6, 5, 0),
	gsSP1Triangle(4, 7, 6, 0),
	gsSP1Triangle(4, 1, 7, 0),
	gsSP1Triangle(5, 8, 2, 0),
	gsSP1Triangle(9, 2, 8, 0),
	gsSP1Triangle(10, 11, 12, 0),
	gsSP1Triangle(10, 13, 11, 0),
	gsSP1Triangle(14, 13, 10, 0),
	gsSP1Triangle(14, 10, 15, 0),
	gsSPVertex(ccm_dl_level_008_mesh_layer_1_vtx_3 + 411, 16, 0),
	gsSP1Triangle(0, 1, 2, 0),
	gsSP1Triangle(2, 1, 3, 0),
	gsSP1Triangle(2, 3, 4, 0),
	gsSP1Triangle(4, 3, 5, 0),
	gsSP1Triangle(4, 5, 6, 0),
	gsSP1Triangle(0, 2, 7, 0),
	gsSP1Triangle(8, 0, 7, 0),
	gsSP1Triangle(8, 7, 9, 0),
	gsSP1Triangle(8, 10, 0, 0),
	gsSP1Triangle(8, 11, 10, 0),
	gsSP1Triangle(12, 11, 8, 0),
	gsSP1Triangle(12, 13, 11, 0),
	gsSP1Triangle(14, 11, 13, 0),
	gsSP1Triangle(10, 11, 14, 0),
	gsSP1Triangle(10, 14, 15, 0),
	gsSPVertex(ccm_dl_level_008_mesh_layer_1_vtx_3 + 427, 16, 0),
	gsSP1Triangle(0, 1, 2, 0),
	gsSP1Triangle(0, 3, 1, 0),
	gsSP1Triangle(4, 3, 0, 0),
	gsSP1Triangle(4, 0, 5, 0),
	gsSP1Triangle(4, 5, 6, 0),
	gsSP1Triangle(4, 6, 7, 0),
	gsSP1Triangle(8, 7, 6, 0),
	gsSP1Triangle(8, 9, 7, 0),
	gsSP1Triangle(10, 9, 8, 0),
	gsSP1Triangle(10, 8, 11, 0),
	gsSP1Triangle(12, 4, 7, 0),
	gsSP1Triangle(12, 3, 4, 0),
	gsSP1Triangle(3, 12, 10, 0),
	gsSP1Triangle(3, 10, 1, 0),
	gsSP1Triangle(13, 14, 15, 0),
	gsSPVertex(ccm_dl_level_008_mesh_layer_1_vtx_3 + 443, 16, 0),
	gsSP1Triangle(0, 1, 2, 0),
	gsSP1Triangle(2, 1, 3, 0),
	gsSP1Triangle(2, 3, 4, 0),
	gsSP1Triangle(5, 4, 3, 0),
	gsSP1Triangle(5, 3, 6, 0),
	gsSP1Triangle(7, 5, 6, 0),
	gsSP1Triangle(7, 6, 8, 0),
	gsSP1Triangle(9, 7, 8, 0),
	gsSP1Triangle(9, 10, 7, 0),
	gsSP1Triangle(11, 10, 9, 0),
	gsSP1Triangle(11, 12, 10, 0),
	gsSP1Triangle(12, 13, 10, 0),
	gsSP1Triangle(12, 14, 13, 0),
	gsSP1Triangle(10, 13, 15, 0),
	gsSP1Triangle(10, 15, 7, 0),
	gsSP1Triangle(15, 5, 7, 0),
	gsSPVertex(ccm_dl_level_008_mesh_layer_1_vtx_3 + 459, 16, 0),
	gsSP1Triangle(0, 1, 2, 0),
	gsSP1Triangle(1, 3, 2, 0),
	gsSP1Triangle(1, 4, 3, 0),
	gsSP1Triangle(5, 3, 4, 0),
	gsSP1Triangle(5, 6, 3, 0),
	gsSP1Triangle(7, 6, 5, 0),
	gsSP1Triangle(7, 8, 6, 0),
	gsSP1Triangle(9, 10, 11, 0),
	gsSP1Triangle(9, 12, 10, 0),
	gsSP1Triangle(13, 12, 9, 0),
	gsSP1Triangle(13, 14, 12, 0),
	gsSP1Triangle(15, 14, 13, 0),
	gsSPVertex(ccm_dl_level_008_mesh_layer_1_vtx_3 + 475, 16, 0),
	gsSP1Triangle(0, 1, 2, 0),
	gsSP1Triangle(3, 0, 2, 0),
	gsSP1Triangle(3, 4, 0, 0),
	gsSP1Triangle(5, 4, 3, 0),
	gsSP1Triangle(5, 6, 4, 0),
	gsSP1Triangle(7, 4, 6, 0),
	gsSP1Triangle(7, 6, 8, 0),
	gsSP1Triangle(0, 4, 7, 0),
	gsSP1Triangle(0, 7, 9, 0),
	gsSP1Triangle(10, 11, 12, 0),
	gsSP1Triangle(10, 12, 13, 0),
	gsSP1Triangle(13, 12, 14, 0),
	gsSP1Triangle(13, 14, 15, 0),
	gsSPVertex(ccm_dl_level_008_mesh_layer_1_vtx_3 + 491, 16, 0),
	gsSP1Triangle(0, 1, 2, 0),
	gsSP1Triangle(0, 2, 3, 0),
	gsSP1Triangle(4, 0, 3, 0),
	gsSP1Triangle(4, 5, 0, 0),
	gsSP1Triangle(6, 5, 4, 0),
	gsSP1Triangle(6, 7, 5, 0),
	gsSP1Triangle(7, 8, 5, 0),
	gsSP1Triangle(7, 9, 8, 0),
	gsSP1Triangle(10, 8, 9, 0),
	gsSP1Triangle(10, 11, 8, 0),
	gsSP1Triangle(10, 12, 11, 0),
	gsSP1Triangle(10, 13, 12, 0),
	gsSP1Triangle(11, 12, 1, 0),
	gsSP1Triangle(11, 1, 14, 0),
	gsSP1Triangle(14, 1, 0, 0),
	gsSP1Triangle(14, 0, 15, 0),
	gsSP1Triangle(5, 15, 0, 0),
	gsSP1Triangle(5, 8, 15, 0),
	gsSP1Triangle(8, 14, 15, 0),
	gsSP1Triangle(8, 11, 14, 0),
	gsSPVertex(ccm_dl_level_008_mesh_layer_1_vtx_3 + 507, 16, 0),
	gsSP1Triangle(0, 1, 2, 0),
	gsSP1Triangle(1, 3, 2, 0),
	gsSP1Triangle(1, 4, 3, 0),
	gsSP1Triangle(3, 4, 5, 0),
	gsSP1Triangle(3, 5, 6, 0),
	gsSP1Triangle(2, 3, 6, 0),
	gsSP1Triangle(2, 6, 7, 0),
	gsSP1Triangle(2, 7, 8, 0),
	gsSP1Triangle(2, 8, 9, 0),
	gsSP1Triangle(9, 8, 10, 0),
	gsSP1Triangle(9, 10, 0, 0),
	gsSP1Triangle(0, 2, 9, 0),
	gsSP1Triangle(11, 12, 13, 0),
	gsSP1Triangle(12, 14, 13, 0),
	gsSP1Triangle(12, 15, 14, 0),
	gsSPVertex(ccm_dl_level_008_mesh_layer_1_vtx_3 + 523, 16, 0),
	gsSP1Triangle(0, 1, 2, 0),
	gsSP1Triangle(0, 3, 1, 0),
	gsSP1Triangle(3, 4, 1, 0),
	gsSP1Triangle(3, 5, 4, 0),
	gsSP1Triangle(5, 6, 4, 0),
	gsSP1Triangle(5, 7, 6, 0),
	gsSP1Triangle(8, 6, 7, 0),
	gsSP1Triangle(8, 9, 6, 0),
	gsSP1Triangle(10, 6, 9, 0),
	gsSP1Triangle(10, 11, 6, 0),
	gsSP1Triangle(12, 6, 11, 0),
	gsSP1Triangle(12, 13, 6, 0),
	gsSP1Triangle(12, 14, 13, 0),
	gsSP1Triangle(12, 15, 14, 0),
	gsSPVertex(ccm_dl_level_008_mesh_layer_1_vtx_3 + 539, 16, 0),
	gsSP1Triangle(0, 1, 2, 0),
	gsSP1Triangle(0, 3, 1, 0),
	gsSP1Triangle(3, 4, 1, 0),
	gsSP1Triangle(3, 5, 4, 0),
	gsSP1Triangle(6, 4, 5, 0),
	gsSP1Triangle(6, 7, 4, 0),
	gsSP1Triangle(8, 4, 7, 0),
	gsSP1Triangle(8, 9, 4, 0),
	gsSP1Triangle(10, 4, 9, 0),
	gsSP1Triangle(10, 11, 4, 0),
	gsSP1Triangle(10, 12, 11, 0),
	gsSP1Triangle(11, 12, 13, 0),
	gsSP1Triangle(12, 14, 13, 0),
	gsSP1Triangle(12, 15, 14, 0),
	gsSPVertex(ccm_dl_level_008_mesh_layer_1_vtx_3 + 555, 15, 0),
	gsSP1Triangle(0, 1, 2, 0),
	gsSP1Triangle(0, 3, 1, 0),
	gsSP1Triangle(3, 4, 1, 0),
	gsSP1Triangle(3, 5, 4, 0),
	gsSP1Triangle(4, 5, 6, 0),
	gsSP1Triangle(4, 6, 7, 0),
	gsSP1Triangle(7, 8, 4, 0),
	gsSP1Triangle(7, 9, 8, 0),
	gsSP1Triangle(9, 10, 8, 0),
	gsSP1Triangle(9, 11, 10, 0),
	gsSP1Triangle(10, 11, 12, 0),
	gsSP1Triangle(10, 12, 13, 0),
	gsSP1Triangle(13, 14, 10, 0),
	gsSPEndDisplayList(),
};

Vtx ccm_dl_level_008_mesh_layer_1_vtx_4[189] = {
	{{{-876, -2, -494},0, {1008, 2032},{0xCC, 0xEE, 0xFF, 0xFF}}},
	{{{-422, -2, -555},0, {2032, 2032},{0xCC, 0xEE, 0xFF, 0xFF}}},
	{{{-335, -2, -825},0, {2032, 1008},{0xCC, 0xEE, 0xFF, 0xFF}}},
	{{{-875, -2, -833},0, {1008, 1008},{0xCC, 0xEE, 0xFF, 0xFF}}},
	{{{-495, -2, -1069},0, {2032, -16},{0xCC, 0xEE, 0xFF, 0xFF}}},
	{{{-894, -2, -1164},0, {1008, -16},{0xCC, 0xEE, 0xFF, 0xFF}}},
	{{{-1434, -2, -833},0, {-16, 1008},{0xCC, 0xEE, 0xFF, 0xFF}}},
	{{{-1402, -2, -1148},0, {-16, -16},{0xCC, 0xEE, 0xFF, 0xFF}}},
	{{{-1402, -2, -519},0, {-16, 2032},{0xCC, 0xEE, 0xFF, 0xFF}}},
	{{{-1440, -846, -520},0, {1205, 11808},{0xCC, 0xEE, 0xFF, 0xFF}}},
	{{{-1402, -2, -519},0, {1797, 11630},{0xCC, 0xEE, 0xFF, 0xFF}}},
	{{{-1434, -2, -833},0, {1728, 11399},{0xCC, 0xEE, 0xFF, 0xFF}}},
	{{{-1434, -857, -833},0, {1134, 11578},{0xCC, 0xEE, 0xFF, 0xFF}}},
	{{{-1402, -2, -1148},0, {1658, 11168},{0xCC, 0xEE, 0xFF, 0xFF}}},
	{{{-1443, -861, -1146},0, {1064, 11347},{0xCC, 0xEE, 0xFF, 0xFF}}},
	{{{-1411, -1677, -833},0, {549, 11754},{0xCC, 0xEE, 0xFF, 0xFF}}},
	{{{-1411, -1677, -833},0, {549, 11754},{0xCC, 0xEE, 0xFF, 0xFF}}},
	{{{-1443, -861, -1146},0, {1064, 11347},{0xCC, 0xEE, 0xFF, 0xFF}}},
	{{{-1411, -1687, -1148},0, {497, 11511},{0xCC, 0xEE, 0xFF, 0xFF}}},
	{{{-874, -1714, -837},0, {150, 11877},{0xCC, 0xEE, 0xFF, 0xFF}}},
	{{{-870, -1726, -1164},0, {77, 11641},{0xCC, 0xEE, 0xFF, 0xFF}}},
	{{{-351, -1679, -850},0, {-241, 11997},{0xCC, 0xEE, 0xFF, 0xFF}}},
	{{{-325, -1691, -1165},0, {-322, 11754},{0xCC, 0xEE, 0xFF, 0xFF}}},
	{{{-456, -1671, -591},0, {-164, 12243},{0xCC, 0xEE, 0xFF, 0xFF}}},
	{{{-891, -1722, -520},0, {224, 12115},{0xCC, 0xEE, 0xFF, 0xFF}}},
	{{{-1418, -1668, -514},0, {620, 11985},{0xCC, 0xEE, 0xFF, 0xFF}}},
	{{{-1434, -857, -833},0, {1134, 11578},{0xCC, 0xEE, 0xFF, 0xFF}}},
	{{{-1440, -846, -520},0, {1205, 11808},{0xCC, 0xEE, 0xFF, 0xFF}}},
	{{{-9667, -1844, -327},0, {1580, 7953},{0x77, 0x89, 0xFF, 0xFF}}},
	{{{-8469, -1844, -729},0, {3504, 7563},{0xA3, 0xEF, 0xFF, 0xFF}}},
	{{{-8188, -1844, -1294},0, {3928, 6644},{0x8D, 0xBC, 0xFF, 0xFF}}},
	{{{-9595, -1844, -1297},0, {1679, 6619},{0x85, 0xA7, 0xFF, 0xFF}}},
	{{{-9595, -1844, -1297},0, {1679, 6619},{0x85, 0xA7, 0xFF, 0xFF}}},
	{{{-8188, -1844, -1294},0, {3928, 6644},{0x8D, 0xBC, 0xFF, 0xFF}}},
	{{{-7907, -1844, -1859},0, {4157, 5711},{0x76, 0x88, 0xFF, 0xFF}}},
	{{{-9538, -1844, -2090},0, {1770, 5355},{0x93, 0xC5, 0xFF, 0xFF}}},
	{{{-9438, -1844, -3619},0, {1951, 1989},{0xA5, 0xF2, 0xFF, 0xFF}}},
	{{{-8308, -1844, -3056},0, {3766, 3787},{0xCC, 0xEE, 0xFF, 0xFF}}},
	{{{-11199, -1844, -2087},0, {-662, 5377},{0x89, 0x9F, 0xFF, 0xFF}}},
	{{{-10998, -1844, -1489},0, {-565, 6332},{0x94, 0xC3, 0xFF, 0xFF}}},
	{{{-10797, -1844, -890},0, {-272, 7301},{0x9F, 0xE6, 0xFF, 0xFF}}},
	{{{-9667, -1844, -327},0, {1580, 7953},{0x77, 0x89, 0xFF, 0xFF}}},
	{{{-10636, -1844, -3218},0, {-413, 2668},{0x77, 0x89, 0xFF, 0xFF}}},
	{{{-9969, -1844, -5537},0, {1141, -324},{0xA7, 0xDB, 0xFF, 0xFF}}},
	{{{-11100, -1844, -5369},0, {-773, -38},{0x8F, 0xBF, 0xFF, 0xFF}}},
	{{{-10499, -1844, -7455},0, {742, -3158},{0xA9, 0xC4, 0xFF, 0xFF}}},
	{{{-11564, -1844, -7520},0, {-1195, -3189},{0xA6, 0xF5, 0xFF, 0xFF}}},
	{{{-10048, -1861, -9021},0, {1009, -5865},{0xA7, 0xCF, 0xFF, 0xFF}}},
	{{{-11564, -1844, -7520},0, {-1195, -3189},{0xA6, 0xF5, 0xFF, 0xFF}}},
	{{{-10048, -1861, -9021},0, {1009, -5865},{0xA7, 0xCF, 0xFF, 0xFF}}},
	{{{-11435, -1842, -9183},0, {-1265, -6118},{0xA6, 0xE8, 0xFF, 0xFF}}},
	{{{-9597, -1878, -10588},0, {1675, -8429},{0xA5, 0xDA, 0xFF, 0xFF}}},
	{{{-11305, -1841, -10847},0, {-1095, -8849},{0xA5, 0xDA, 0xFF, 0xFF}}},
	{{{-9421, -808, 4346},0, {602, -2509},{0xA6, 0xF5, 0xFF, 0xFF}}},
	{{{-9315, -806, 4189},0, {778, -2768},{0x9D, 0xDD, 0xFF, 0xFF}}},
	{{{-9715, -982, 3957},0, {116, -3151},{0x93, 0xC5, 0xFF, 0xFF}}},
	{{{-10211, -1158, 3898},0, {-704, -3249},{0x93, 0xC5, 0xFF, 0xFF}}},
	{{{-10093, -1128, 3592},0, {-494, -3756},{0x88, 0xAD, 0xFF, 0xFF}}},
	{{{-9214, -798, 3998},0, {944, -3083},{0x93, 0xC5, 0xFF, 0xFF}}},
	{{{-9315, -806, 4189},0, {778, -2768},{0x9D, 0xDD, 0xFF, 0xFF}}},
	{{{-8404, -790, 4121},0, {2284, -2880},{0x93, 0xC5, 0xFF, 0xFF}}},
	{{{-8504, -800, 4313},0, {2119, -2562},{0x9D, 0xDD, 0xFF, 0xFF}}},
	{{{-8627, -800, 4475},0, {1965, -2253},{0xA6, 0xF4, 0xFF, 0xFF}}},
	{{{-7883, -335, 3499},0, {3145, -3908},{0x93, 0xC5, 0xFF, 0xFF}}},
	{{{-7883, -335, 3499},0, {3145, -3908},{0x93, 0xC5, 0xFF, 0xFF}}},
	{{{-8459, -335, 3341},0, {2192, -4169},{0x93, 0xC5, 0xFF, 0xFF}}},
	{{{-9214, -798, 3998},0, {944, -3083},{0x93, 0xC5, 0xFF, 0xFF}}},
	{{{-7676, 167, 2582},0, {3487, -5424},{0x7E, 0x97, 0xFF, 0xFF}}},
	{{{-7329, 167, 2812},0, {4061, -5044},{0xA6, 0xF5, 0xFF, 0xFF}}},
	{{{-6878, 1246, 933},0, {4806, -8150},{0x83, 0xA2, 0xFF, 0xFF}}},
	{{{-7526, 712, 1457},0, {3735, -7285},{0x92, 0xC6, 0xFF, 0xFF}}},
	{{{-7127, 1251, 618},0, {4395, -8671},{0x95, 0xCC, 0xFF, 0xFF}}},
	{{{-6713, 1269, 82},0, {5079, -9556},{0x91, 0xC1, 0xFF, 0xFF}}},
	{{{-6475, 1269, 344},0, {5472, -9123},{0x8B, 0xB4, 0xFF, 0xFF}}},
	{{{-6290, 1269, -443},0, {5778, -10424},{0x8D, 0xB7, 0xFF, 0xFF}}},
	{{{-6125, 1269, -194},0, {6151, -10070},{0x93, 0xC5, 0xFF, 0xFF}}},
	{{{-6535, 1269, -591},0, {5406, -10779},{0x86, 0xA9, 0xFF, 0xFF}}},
	{{{-6951, 1269, -180},0, {4686, -9989},{0x96, 0xCF, 0xFF, 0xFF}}},
	{{{-7374, 1246, 326},0, {3986, -9153},{0xA6, 0xF5, 0xFF, 0xFF}}},
	{{{-7526, 712, 1457},0, {3735, -7285},{0x92, 0xC6, 0xFF, 0xFF}}},
	{{{-10233, -1171, 2284},0, {-740, -5917},{0x93, 0xC5, 0xFF, 0xFF}}},
	{{{-10383, -1440, 508},0, {-939, -8998},{0x91, 0xC2, 0xFF, 0xFF}}},
	{{{-11056, -1440, 466},0, {-2173, -9066},{0x7E, 0x98, 0xFF, 0xFF}}},
	{{{-10920, -1171, 2163},0, {-1876, -6116},{0x93, 0xC5, 0xFF, 0xFF}}},
	{{{-10471, -1165, 2897},0, {-1133, -4903},{0x9D, 0xDD, 0xFF, 0xFF}}},
	{{{-10814, -1165, 2839},0, {-1700, -5000},{0x9D, 0xDD, 0xFF, 0xFF}}},
	{{{-10701, -1165, 3485},0, {-1514, -3931},{0xA6, 0xF5, 0xFF, 0xFF}}},
	{{{-10342, -1164, 3302},0, {-906, -4235},{0x92, 0xC5, 0xFF, 0xFF}}},
	{{{-10093, -1128, 3592},0, {-494, -3756},{0x88, 0xAD, 0xFF, 0xFF}}},
	{{{-10211, -1158, 3898},0, {-704, -3249},{0x93, 0xC5, 0xFF, 0xFF}}},
	{{{-10008, -1148, 3197},0, {-245, -4420},{0x7D, 0x94, 0xFF, 0xFF}}},
	{{{-10471, -1165, 2897},0, {-1133, -4903},{0x9D, 0xDD, 0xFF, 0xFF}}},
	{{{-9597, -1102, -10588},0, {-5681, -2532},{0x98, 0xE1, 0xFF, 0xFF}}},
	{{{-7890, -1102, -10328},0, {-3085, -2137},{0x98, 0xE1, 0xFF, 0xFF}}},
	{{{-7678, -1102, -10865},0, {-2763, -2953},{0x85, 0xB0, 0xFF, 0xFF}}},
	{{{-9456, -1069, -11159},0, {-5466, -3401},{0x85, 0xB0, 0xFF, 0xFF}}},
	{{{-9456, -1069, -11159},0, {-5466, -3401},{0x85, 0xB0, 0xFF, 0xFF}}},
	{{{-7678, -1102, -10865},0, {-2763, -2953},{0x85, 0xB0, 0xFF, 0xFF}}},
	{{{-7466, -1102, -11401},0, {-2440, -3768},{0x72, 0x7E, 0xFF, 0xFF}}},
	{{{-9315, -1069, -11731},0, {-5251, -4270},{0x72, 0x7E, 0xFF, 0xFF}}},
	{{{-11234, 413, -11454},0, {-8170, -3849},{0x86, 0xB1, 0xFF, 0xFF}}},
	{{{-11163, 445, -12061},0, {-8062, -4773},{0x74, 0x81, 0xFF, 0xFF}}},
	{{{-12088, 445, -12226},0, {-9468, -5024},{0x74, 0x80, 0xFF, 0xFF}}},
	{{{-13012, 445, -12392},0, {-10873, -5275},{0x73, 0x7F, 0xFF, 0xFF}}},
	{{{-13012, 445, -11749},0, {-10873, -4297},{0x8A, 0xB1, 0xFF, 0xFF}}},
	{{{-13012, 445, -11106},0, {-10873, -3320},{0xA1, 0xE3, 0xFF, 0xFF}}},
	{{{-11305, 445, -10847},0, {-8277, -2926},{0x98, 0xE1, 0xFF, 0xFF}}},
	{{{-9597, -1102, -10588},0, {-5681, -2532},{0x98, 0xE1, 0xFF, 0xFF}}},
	{{{-5604, -1738, -6787},0, {10254, -2644},{0xBE, 0xBB, 0xFF, 0xFF}}},
	{{{-5531, -1738, -6512},0, {9696, -2869},{0xBE, 0xBB, 0xFF, 0xFF}}},
	{{{-5028, -1738, -6370},0, {8481, -2574},{0xBE, 0xBB, 0xFF, 0xFF}}},
	{{{-5088, -1738, -6767},0, {9238, -2245},{0xBE, 0xBB, 0xFF, 0xFF}}},
	{{{-5088, -1738, -6767},0, {9238, -2245},{0xBE, 0xBB, 0xFF, 0xFF}}},
	{{{-5028, -1738, -6370},0, {8481, -2574},{0xBE, 0xBB, 0xFF, 0xFF}}},
	{{{-4505, -1738, -6235},0, {7266, -2279},{0xBE, 0xBB, 0xFF, 0xFF}}},
	{{{-4572, -1738, -6746},0, {8222, -1847},{0xBE, 0xBB, 0xFF, 0xFF}}},
	{{{-3687, -1738, -6594},0, {6289, -1276},{0xBE, 0xBB, 0xFF, 0xFF}}},
	{{{-3624, -1738, -6014},0, {5229, -1776},{0xBE, 0xBB, 0xFF, 0xFF}}},
	{{{-3981, -1738, -5481},0, {5045, -2573},{0xBE, 0xBB, 0xFF, 0xFF}}},
	{{{-3276, -1738, -5551},0, {3815, -1935},{0xBE, 0xBB, 0xFF, 0xFF}}},
	{{{-3457, -1738, -4727},0, {2825, -2866},{0xBE, 0xBB, 0xFF, 0xFF}}},
	{{{-2927, -1738, -5088},0, {2402, -2094},{0xBE, 0xBB, 0xFF, 0xFF}}},
	{{{-2309, -1738, -4734},0, {651, -1930},{0xBE, 0xBB, 0xFF, 0xFF}}},
	{{{-2683, -1738, -4356},0, {749, -2593},{0xBE, 0xBB, 0xFF, 0xFF}}},
	{{{-1908, -1738, -3985},0, {-1327, -2319},{0xBE, 0xBB, 0xFF, 0xFF}}},
	{{{-1691, -1738, -4380},0, {-1101, -1766},{0xBE, 0xBB, 0xFF, 0xFF}}},
	{{{-1162, -1738, -3789},0, {-3068, -1901},{0xBE, 0xBB, 0xFF, 0xFF}}},
	{{{-1021, -1738, -4210},0, {-2652, -1385},{0xBE, 0xBB, 0xFF, 0xFF}}},
	{{{-1021, -1738, -4210},0, {-2652, -1385},{0xBE, 0xBB, 0xFF, 0xFF}}},
	{{{-1162, -1738, -3789},0, {-3068, -1901},{0xBE, 0xBB, 0xFF, 0xFF}}},
	{{{-416, -1738, -3592},0, {-4808, -1484},{0xBE, 0xBB, 0xFF, 0xFF}}},
	{{{-351, -1738, -4040},0, {-4204, -1004},{0xBE, 0xBB, 0xFF, 0xFF}}},
	{{{307, -1738, -3474},0, {-6376, -1010},{0xBE, 0xBB, 0xFF, 0xFF}}},
	{{{259, -1738, -4031},0, {-5381, -519},{0xBE, 0xBB, 0xFF, 0xFF}}},
	{{{1030, -1738, -3357},0, {-7943, -537},{0xBE, 0xBB, 0xFF, 0xFF}}},
	{{{869, -1738, -4022},0, {-6559, -34},{0xBE, 0xBB, 0xFF, 0xFF}}},
	{{{1456, -1738, -4420},0, {-7033, 821},{0xBE, 0xBB, 0xFF, 0xFF}}},
	{{{1595, -1738, -3684},0, {-8489, 233},{0xBE, 0xBB, 0xFF, 0xFF}}},
	{{{1918, -1738, -4979},0, {-7006, 1729},{0xBE, 0xBB, 0xFF, 0xFF}}},
	{{{2250, -1738, -4360},0, {-8642, 1407},{0xBE, 0xBB, 0xFF, 0xFF}}},
	{{{2905, -1738, -5035},0, {-8795, 2581},{0xBE, 0xBB, 0xFF, 0xFF}}},
	{{{2381, -1738, -5539},0, {-6980, 2637},{0xBE, 0xBB, 0xFF, 0xFF}}},
	{{{2593, -1738, -6801},0, {-5340, 4011},{0xBE, 0xBB, 0xFF, 0xFF}}},
	{{{3191, -1738, -6496},0, {-6973, 4205},{0xBE, 0xBB, 0xFF, 0xFF}}},
	{{{2593, -1738, -6801},0, {-5340, 4011},{0xBE, 0xBB, 0xFF, 0xFF}}},
	{{{3191, -1738, -6496},0, {-6973, 4205},{0xBE, 0xBB, 0xFF, 0xFF}}},
	{{{3182, -1738, -7338},0, {-5590, 5000},{0xBE, 0xBB, 0xFF, 0xFF}}},
	{{{2565, -1738, -7377},0, {-4352, 4537},{0xBE, 0xBB, 0xFF, 0xFF}}},
	{{{3172, -1738, -8181},0, {-4207, 5795},{0xBE, 0xBB, 0xFF, 0xFF}}},
	{{{2537, -1738, -7953},0, {-3365, 5063},{0xBE, 0xBB, 0xFF, 0xFF}}},
	{{{2030, -1738, -8483},0, {-1541, 5156},{0xBE, 0xBB, 0xFF, 0xFF}}},
	{{{2452, -1738, -8904},0, {-1664, 5900},{0xBE, 0xBB, 0xFF, 0xFF}}},
	{{{1733, -1738, -9627},0, {879, 6006},{0xBE, 0xBB, 0xFF, 0xFF}}},
	{{{1523, -1738, -9012},0, {283, 5250},{0xBE, 0xBB, 0xFF, 0xFF}}},
	{{{-743, -1738, -9868},0, {5986, 4230},{0xBE, 0xBB, 0xFF, 0xFF}}},
	{{{-370, -1738, -10506},0, {6310, 5139},{0xBE, 0xBB, 0xFF, 0xFF}}},
	{{{-1321, -1738, -9818},0, {7006, 3713},{0xBE, 0xBB, 0xFF, 0xFF}}},
	{{{-1125, -1738, -10623},0, {7938, 4639},{0xBE, 0xBB, 0xFF, 0xFF}}},
	{{{-1880, -1738, -10740},0, {9566, 4139},{0xBE, 0xBB, 0xFF, 0xFF}}},
	{{{-1899, -1738, -9768},0, {8026, 3197},{0xBE, 0xBB, 0xFF, 0xFF}}},
	{{{-1899, -1738, -9768},0, {8026, 3197},{0xBE, 0xBB, 0xFF, 0xFF}}},
	{{{-1880, -1738, -10740},0, {9566, 4139},{0xBE, 0xBB, 0xFF, 0xFF}}},
	{{{-2660, -1738, -10208},0, {10189, 3000},{0xBE, 0xBB, 0xFF, 0xFF}}},
	{{{-2432, -1738, -9335},0, {8340, 2353},{0xBE, 0xBB, 0xFF, 0xFF}}},
	{{{-3439, -1738, -9676},0, {10811, 1862},{0xBE, 0xBB, 0xFF, 0xFF}}},
	{{{-2964, -1738, -8902},0, {8654, 1509},{0xBE, 0xBB, 0xFF, 0xFF}}},
	{{{-3358, -1738, -8038},0, {8002, 367},{0xBE, 0xBB, 0xFF, 0xFF}}},
	{{{-4039, -1738, -8467},0, {9994, 224},{0xBE, 0xBB, 0xFF, 0xFF}}},
	{{{-4639, -1738, -7257},0, {9178, -1414},{0xBE, 0xBB, 0xFF, 0xFF}}},
	{{{-3751, -1738, -7173},0, {7350, -775},{0xBE, 0xBB, 0xFF, 0xFF}}},
	{{{-3687, -1738, -6594},0, {6289, -1276},{0xBE, 0xBB, 0xFF, 0xFF}}},
	{{{-4572, -1738, -6746},0, {8222, -1847},{0xBE, 0xBB, 0xFF, 0xFF}}},
	{{{-5148, -1738, -7163},0, {9994, -1916},{0xBE, 0xBB, 0xFF, 0xFF}}},
	{{{-5088, -1738, -6767},0, {9238, -2245},{0xBE, 0xBB, 0xFF, 0xFF}}},
	{{{-5633, -1738, -7061},0, {10811, -2419},{0xBE, 0xBB, 0xFF, 0xFF}}},
	{{{-5604, -1738, -6787},0, {10254, -2644},{0xBE, 0xBB, 0xFF, 0xFF}}},
	{{{-289, -811, -595},0, {1008, 2032},{0xCC, 0xEE, 0xFF, 0xFF}}},
	{{{-456, -1671, -591},0, {2032, 2032},{0xCC, 0xEE, 0xFF, 0xFF}}},
	{{{-351, -1679, -850},0, {2032, 1008},{0xCC, 0xEE, 0xFF, 0xFF}}},
	{{{-306, -854, -837},0, {1008, 1008},{0xCC, 0xEE, 0xFF, 0xFF}}},
	{{{-325, -1691, -1165},0, {2032, -16},{0xCC, 0xEE, 0xFF, 0xFF}}},
	{{{-270, -871, -1079},0, {1008, -16},{0xCC, 0xEE, 0xFF, 0xFF}}},
	{{{-335, -2, -825},0, {-16, 1008},{0xCC, 0xEE, 0xFF, 0xFF}}},
	{{{-495, -2, -1069},0, {-16, -16},{0xCC, 0xEE, 0xFF, 0xFF}}},
	{{{-422, -2, -555},0, {-16, 2032},{0xCC, 0xEE, 0xFF, 0xFF}}},
	{{{-10008, -1148, 3197},0, {-245, -4420},{0x7D, 0x94, 0xFF, 0xFF}}},
	{{{-10093, -1128, 3592},0, {-494, -3756},{0x88, 0xAD, 0xFF, 0xFF}}},
	{{{-9715, -982, 3957},0, {116, -3151},{0x93, 0xC5, 0xFF, 0xFF}}},
	{{{-9214, -798, 3998},0, {944, -3083},{0x93, 0xC5, 0xFF, 0xFF}}},
};

Gfx ccm_dl_level_008_mesh_layer_1_tri_4[] = {
	gsSPVertex(ccm_dl_level_008_mesh_layer_1_vtx_4 + 0, 16, 0),
	gsSP1Triangle(0, 1, 2, 0),
	gsSP1Triangle(0, 2, 3, 0),
	gsSP1Triangle(3, 2, 4, 0),
	gsSP1Triangle(3, 4, 5, 0),
	gsSP1Triangle(6, 3, 5, 0),
	gsSP1Triangle(6, 5, 7, 0),
	gsSP1Triangle(8, 3, 6, 0),
	gsSP1Triangle(8, 0, 3, 0),
	gsSP1Triangle(9, 10, 11, 0),
	gsSP1Triangle(9, 11, 12, 0),
	gsSP1Triangle(12, 11, 13, 0),
	gsSP1Triangle(12, 13, 14, 0),
	gsSP1Triangle(15, 12, 14, 0),
	gsSPVertex(ccm_dl_level_008_mesh_layer_1_vtx_4 + 16, 16, 0),
	gsSP1Triangle(0, 1, 2, 0),
	gsSP1Triangle(3, 0, 2, 0),
	gsSP1Triangle(3, 2, 4, 0),
	gsSP1Triangle(5, 3, 4, 0),
	gsSP1Triangle(5, 4, 6, 0),
	gsSP1Triangle(7, 3, 5, 0),
	gsSP1Triangle(7, 8, 3, 0),
	gsSP1Triangle(8, 0, 3, 0),
	gsSP1Triangle(8, 9, 0, 0),
	gsSP1Triangle(9, 10, 0, 0),
	gsSP1Triangle(9, 11, 10, 0),
	gsSP1Triangle(12, 13, 14, 0),
	gsSP1Triangle(12, 14, 15, 0),
	gsSPVertex(ccm_dl_level_008_mesh_layer_1_vtx_4 + 32, 16, 0),
	gsSP1Triangle(0, 1, 2, 0),
	gsSP1Triangle(0, 2, 3, 0),
	gsSP1Triangle(2, 4, 3, 0),
	gsSP1Triangle(2, 5, 4, 0),
	gsSP1Triangle(6, 3, 4, 0),
	gsSP1Triangle(7, 3, 6, 0),
	gsSP1Triangle(7, 0, 3, 0),
	gsSP1Triangle(8, 0, 7, 0),
	gsSP1Triangle(8, 9, 0, 0),
	gsSP1Triangle(6, 4, 10, 0),
	gsSP1Triangle(10, 4, 11, 0),
	gsSP1Triangle(10, 11, 12, 0),
	gsSP1Triangle(12, 11, 13, 0),
	gsSP1Triangle(12, 13, 14, 0),
	gsSP1Triangle(14, 13, 15, 0),
	gsSPVertex(ccm_dl_level_008_mesh_layer_1_vtx_4 + 48, 16, 0),
	gsSP1Triangle(0, 1, 2, 0),
	gsSP1Triangle(2, 1, 3, 0),
	gsSP1Triangle(2, 3, 4, 0),
	gsSP1Triangle(5, 6, 7, 0),
	gsSP1Triangle(5, 7, 8, 0),
	gsSP1Triangle(8, 7, 9, 0),
	gsSP1Triangle(10, 7, 11, 0),
	gsSP1Triangle(11, 12, 10, 0),
	gsSP1Triangle(11, 13, 12, 0),
	gsSP1Triangle(5, 13, 11, 0),
	gsSP1Triangle(5, 14, 13, 0),
	gsSP1Triangle(15, 10, 12, 0),
	gsSPVertex(ccm_dl_level_008_mesh_layer_1_vtx_4 + 64, 16, 0),
	gsSP1Triangle(0, 1, 2, 0),
	gsSP1Triangle(3, 1, 0, 0),
	gsSP1Triangle(3, 0, 4, 0),
	gsSP1Triangle(3, 4, 5, 0),
	gsSP1Triangle(5, 6, 3, 0),
	gsSP1Triangle(5, 7, 6, 0),
	gsSP1Triangle(8, 7, 5, 0),
	gsSP1Triangle(8, 5, 9, 0),
	gsSP1Triangle(10, 8, 9, 0),
	gsSP1Triangle(10, 9, 11, 0),
	gsSP1Triangle(12, 8, 10, 0),
	gsSP1Triangle(12, 13, 8, 0),
	gsSP1Triangle(13, 7, 8, 0),
	gsSP1Triangle(13, 14, 7, 0),
	gsSP1Triangle(14, 15, 7, 0),
	gsSPVertex(ccm_dl_level_008_mesh_layer_1_vtx_4 + 80, 16, 0),
	gsSP1Triangle(0, 1, 2, 0),
	gsSP1Triangle(0, 2, 3, 0),
	gsSP1Triangle(3, 4, 0, 0),
	gsSP1Triangle(3, 5, 4, 0),
	gsSP1Triangle(6, 4, 5, 0),
	gsSP1Triangle(6, 7, 4, 0),
	gsSP1Triangle(6, 8, 7, 0),
	gsSP1Triangle(6, 9, 8, 0),
	gsSP1Triangle(10, 7, 8, 0),
	gsSP1Triangle(0, 7, 10, 0),
	gsSP1Triangle(0, 11, 7, 0),
	gsSP1Triangle(12, 13, 14, 0),
	gsSP1Triangle(12, 14, 15, 0),
	gsSPVertex(ccm_dl_level_008_mesh_layer_1_vtx_4 + 96, 16, 0),
	gsSP1Triangle(0, 1, 2, 0),
	gsSP1Triangle(0, 2, 3, 0),
	gsSP1Triangle(4, 0, 3, 0),
	gsSP1Triangle(4, 3, 5, 0),
	gsSP1Triangle(4, 5, 6, 0),
	gsSP1Triangle(4, 6, 7, 0),
	gsSP1Triangle(7, 8, 4, 0),
	gsSP1Triangle(9, 4, 8, 0),
	gsSP1Triangle(9, 10, 4, 0),
	gsSP1Triangle(10, 0, 4, 0),
	gsSP1Triangle(10, 11, 0, 0),
	gsSP1Triangle(12, 13, 14, 0),
	gsSP1Triangle(12, 14, 15, 0),
	gsSPVertex(ccm_dl_level_008_mesh_layer_1_vtx_4 + 112, 16, 0),
	gsSP1Triangle(0, 1, 2, 0),
	gsSP1Triangle(0, 2, 3, 0),
	gsSP1Triangle(4, 3, 2, 0),
	gsSP1Triangle(4, 2, 5, 0),
	gsSP1Triangle(5, 2, 6, 0),
	gsSP1Triangle(5, 6, 7, 0),
	gsSP1Triangle(7, 6, 8, 0),
	gsSP1Triangle(7, 8, 9, 0),
	gsSP1Triangle(8, 10, 9, 0),
	gsSP1Triangle(8, 11, 10, 0),
	gsSP1Triangle(10, 11, 12, 0),
	gsSP1Triangle(10, 12, 13, 0),
	gsSP1Triangle(13, 12, 14, 0),
	gsSP1Triangle(13, 14, 15, 0),
	gsSPVertex(ccm_dl_level_008_mesh_layer_1_vtx_4 + 128, 16, 0),
	gsSP1Triangle(0, 1, 2, 0),
	gsSP1Triangle(0, 2, 3, 0),
	gsSP1Triangle(3, 2, 4, 0),
	gsSP1Triangle(3, 4, 5, 0),
	gsSP1Triangle(5, 4, 6, 0),
	gsSP1Triangle(5, 6, 7, 0),
	gsSP1Triangle(8, 7, 6, 0),
	gsSP1Triangle(8, 6, 9, 0),
	gsSP1Triangle(9, 10, 8, 0),
	gsSP1Triangle(9, 11, 10, 0),
	gsSP1Triangle(10, 11, 12, 0),
	gsSP1Triangle(10, 12, 13, 0),
	gsSP1Triangle(14, 13, 12, 0),
	gsSP1Triangle(14, 12, 15, 0),
	gsSPVertex(ccm_dl_level_008_mesh_layer_1_vtx_4 + 144, 16, 0),
	gsSP1Triangle(0, 1, 2, 0),
	gsSP1Triangle(0, 2, 3, 0),
	gsSP1Triangle(3, 2, 4, 0),
	gsSP1Triangle(3, 4, 5, 0),
	gsSP1Triangle(4, 6, 5, 0),
	gsSP1Triangle(4, 7, 6, 0),
	gsSP1Triangle(6, 7, 8, 0),
	gsSP1Triangle(6, 8, 9, 0),
	gsSP1Triangle(10, 9, 8, 0),
	gsSP1Triangle(10, 8, 11, 0),
	gsSP1Triangle(11, 12, 10, 0),
	gsSP1Triangle(11, 13, 12, 0),
	gsSP1Triangle(12, 13, 14, 0),
	gsSP1Triangle(12, 14, 15, 0),
	gsSPVertex(ccm_dl_level_008_mesh_layer_1_vtx_4 + 160, 16, 0),
	gsSP1Triangle(0, 1, 2, 0),
	gsSP1Triangle(0, 2, 3, 0),
	gsSP1Triangle(3, 2, 4, 0),
	gsSP1Triangle(3, 4, 5, 0),
	gsSP1Triangle(4, 6, 5, 0),
	gsSP1Triangle(4, 7, 6, 0),
	gsSP1Triangle(6, 7, 8, 0),
	gsSP1Triangle(6, 8, 9, 0),
	gsSP1Triangle(8, 10, 9, 0),
	gsSP1Triangle(8, 11, 10, 0),
	gsSP1Triangle(12, 11, 8, 0),
	gsSP1Triangle(12, 13, 11, 0),
	gsSP1Triangle(14, 13, 12, 0),
	gsSP1Triangle(14, 15, 13, 0),
	gsSPVertex(ccm_dl_level_008_mesh_layer_1_vtx_4 + 176, 13, 0),
	gsSP1Triangle(0, 1, 2, 0),
	gsSP1Triangle(0, 2, 3, 0),
	gsSP1Triangle(3, 2, 4, 0),
	gsSP1Triangle(3, 4, 5, 0),
	gsSP1Triangle(6, 3, 5, 0),
	gsSP1Triangle(6, 5, 7, 0),
	gsSP1Triangle(8, 3, 6, 0),
	gsSP1Triangle(8, 0, 3, 0),
	gsSP1Triangle(9, 10, 11, 0),
	gsSP1Triangle(9, 11, 12, 0),
	gsSPEndDisplayList(),
};

Vtx ccm_dl_level_008_mesh_layer_1_vtx_5[426] = {
	{{{-1809, 333, 7193},0, {-20514, 2502},{0xCC, 0xEE, 0xFF, 0xFF}}},
	{{{-259, 333, 7224},0, {-23016, 2502},{0xCC, 0xEE, 0xFF, 0xFF}}},
	{{{-258, 179, 7230},0, {-23016, 2768},{0xCC, 0xEE, 0xFF, 0xFF}}},
	{{{-1811, 179, 7199},0, {-20514, 2768},{0xCC, 0xEE, 0xFF, 0xFF}}},
	{{{-244, 25, 7300},0, {-23016, 3035},{0xCC, 0xEE, 0xFF, 0xFF}}},
	{{{-1828, 25, 7268},0, {-20514, 3035},{0xCC, 0xEE, 0xFF, 0xFF}}},
	{{{-2555, 179, 7012},0, {-19188, 2768},{0xCC, 0xEE, 0xFF, 0xFF}}},
	{{{-2562, 25, 7026},0, {-19188, 3035},{0xCC, 0xEE, 0xFF, 0xFF}}},
	{{{-3249, 179, 6726},0, {-17847, 2768},{0xCC, 0xEE, 0xFF, 0xFF}}},
	{{{-3296, 25, 6784},0, {-17847, 3035},{0xCC, 0xEE, 0xFF, 0xFF}}},
	{{{-4387, 179, 5876},0, {-15364, 2768},{0xCC, 0xEE, 0xFF, 0xFF}}},
	{{{-4387, 25, 5876},0, {-15364, 3035},{0xCC, 0xEE, 0xFF, 0xFF}}},
	{{{-5092, 179, 4875},0, {-13459, 2768},{0xCC, 0xEE, 0xFF, 0xFF}}},
	{{{-5186, 25, 4796},0, {-13459, 3035},{0xCC, 0xEE, 0xFF, 0xFF}}},
	{{{-5353, 179, 3469},0, {-10403, 2768},{0xCC, 0xEE, 0xFF, 0xFF}}},
	{{{-5410, 25, 3552},0, {-10403, 3035},{0xCC, 0xEE, 0xFF, 0xFF}}},
	{{{-5046, 179, 2336},0, {-7759, 2768},{0xCC, 0xEE, 0xFF, 0xFF}}},
	{{{-5353, 179, 3469},0, {-10403, 2768},{0xCC, 0xEE, 0xFF, 0xFF}}},
	{{{-5410, 25, 3552},0, {-10403, 3035},{0xCC, 0xEE, 0xFF, 0xFF}}},
	{{{-5116, 25, 2317},0, {-7759, 3035},{0xCC, 0xEE, 0xFF, 0xFF}}},
	{{{-4704, 179, 1776},0, {-6465, 2768},{0xCC, 0xEE, 0xFF, 0xFF}}},
	{{{-4711, 25, 1774},0, {-6465, 3035},{0xCC, 0xEE, 0xFF, 0xFF}}},
	{{{-4253, 179, 1266},0, {-5227, 2768},{0xCC, 0xEE, 0xFF, 0xFF}}},
	{{{-4253, 25, 1266},0, {-5227, 3035},{0xCC, 0xEE, 0xFF, 0xFF}}},
	{{{-3066, 179, 460},0, {-2657, 2768},{0xCC, 0xEE, 0xFF, 0xFF}}},
	{{{-3109, 25, 400},0, {-2657, 3035},{0xCC, 0xEE, 0xFF, 0xFF}}},
	{{{-2355, 179, 202},0, {-1311, 2768},{0xCC, 0xEE, 0xFF, 0xFF}}},
	{{{-2361, 25, 187},0, {-1311, 3035},{0xCC, 0xEE, 0xFF, 0xFF}}},
	{{{-1600, 179, 44},0, {57, 2768},{0xCC, 0xEE, 0xFF, 0xFF}}},
	{{{-1614, 25, -26},0, {57, 3035},{0xCC, 0xEE, 0xFF, 0xFF}}},
	{{{-822, 179, 6},0, {1433, 2768},{0xCC, 0xEE, 0xFF, 0xFF}}},
	{{{-821, 25, -10},0, {1433, 3035},{0xCC, 0xEE, 0xFF, 0xFF}}},
	{{{-47, 179, 75},0, {2833, 2768},{0xCC, 0xEE, 0xFF, 0xFF}}},
	{{{-822, 179, 6},0, {1433, 2768},{0xCC, 0xEE, 0xFF, 0xFF}}},
	{{{-821, 25, -10},0, {1433, 3035},{0xCC, 0xEE, 0xFF, 0xFF}}},
	{{{-29, 25, 6},0, {2833, 3035},{0xCC, 0xEE, 0xFF, 0xFF}}},
	{{{1392, 179, 548},0, {5715, 2768},{0xCC, 0xEE, 0xFF, 0xFF}}},
	{{{1438, 25, 490},0, {5715, 3035},{0xCC, 0xEE, 0xFF, 0xFF}}},
	{{{2529, 179, 1398},0, {8481, 2768},{0xCC, 0xEE, 0xFF, 0xFF}}},
	{{{2529, 25, 1398},0, {8481, 3035},{0xCC, 0xEE, 0xFF, 0xFF}}},
	{{{2949, 179, 1924},0, {9755, 2768},{0xCC, 0xEE, 0xFF, 0xFF}}},
	{{{2956, 25, 1922},0, {9755, 3035},{0xCC, 0xEE, 0xFF, 0xFF}}},
	{{{3259, 179, 2495},0, {11054, 2768},{0xCC, 0xEE, 0xFF, 0xFF}}},
	{{{3329, 25, 2478},0, {11054, 3035},{0xCC, 0xEE, 0xFF, 0xFF}}},
	{{{3500, 179, 3637},0, {13698, 2768},{0xCC, 0xEE, 0xFF, 0xFF}}},
	{{{3552, 25, 3722},0, {13698, 3035},{0xCC, 0xEE, 0xFF, 0xFF}}},
	{{{3159, 179, 5033},0, {16754, 2768},{0xCC, 0xEE, 0xFF, 0xFF}}},
	{{{3258, 25, 4957},0, {16754, 3035},{0xCC, 0xEE, 0xFF, 0xFF}}},
	{{{2396, 179, 6008},0, {18700, 2768},{0xCC, 0xEE, 0xFF, 0xFF}}},
	{{{3159, 179, 5033},0, {16754, 2768},{0xCC, 0xEE, 0xFF, 0xFF}}},
	{{{3258, 25, 4957},0, {16754, 3035},{0xCC, 0xEE, 0xFF, 0xFF}}},
	{{{2396, 25, 6008},0, {18700, 3035},{0xCC, 0xEE, 0xFF, 0xFF}}},
	{{{1208, 179, 6814},0, {21379, 2768},{0xCC, 0xEE, 0xFF, 0xFF}}},
	{{{1251, 25, 6874},0, {21379, 3035},{0xCC, 0xEE, 0xFF, 0xFF}}},
	{{{-258, 179, 7230},0, {24293, 2768},{0xCC, 0xEE, 0xFF, 0xFF}}},
	{{{-244, 25, 7300},0, {24293, 3035},{0xCC, 0xEE, 0xFF, 0xFF}}},
	{{{-259, 333, 7224},0, {24293, 2502},{0xCC, 0xEE, 0xFF, 0xFF}}},
	{{{1204, 333, 6808},0, {21379, 2502},{0xCC, 0xEE, 0xFF, 0xFF}}},
	{{{2396, 333, 6008},0, {18700, 2502},{0xCC, 0xEE, 0xFF, 0xFF}}},
	{{{3150, 333, 5040},0, {16754, 2502},{0xCC, 0xEE, 0xFF, 0xFF}}},
	{{{3552, 333, 3722},0, {13698, 2502},{0xCC, 0xEE, 0xFF, 0xFF}}},
	{{{3500, 179, 3637},0, {13698, 2768},{0xCC, 0xEE, 0xFF, 0xFF}}},
	{{{3259, 179, 2495},0, {11054, 2768},{0xCC, 0xEE, 0xFF, 0xFF}}},
	{{{3329, 333, 2478},0, {11054, 2502},{0xCC, 0xEE, 0xFF, 0xFF}}},
	{{{3329, 333, 2478},0, {11054, 2502},{0xCC, 0xEE, 0xFF, 0xFF}}},
	{{{2949, 179, 1924},0, {9755, 2768},{0xCC, 0xEE, 0xFF, 0xFF}}},
	{{{3259, 179, 2495},0, {11054, 2768},{0xCC, 0xEE, 0xFF, 0xFF}}},
	{{{2956, 333, 1922},0, {9755, 2502},{0xCC, 0xEE, 0xFF, 0xFF}}},
	{{{2529, 179, 1398},0, {8481, 2768},{0xCC, 0xEE, 0xFF, 0xFF}}},
	{{{2529, 333, 1398},0, {8481, 2502},{0xCC, 0xEE, 0xFF, 0xFF}}},
	{{{1388, 333, 553},0, {5715, 2502},{0xCC, 0xEE, 0xFF, 0xFF}}},
	{{{1392, 179, 548},0, {5715, 2768},{0xCC, 0xEE, 0xFF, 0xFF}}},
	{{{-49, 333, 81},0, {2833, 2502},{0xCC, 0xEE, 0xFF, 0xFF}}},
	{{{-47, 179, 75},0, {2833, 2768},{0xCC, 0xEE, 0xFF, 0xFF}}},
	{{{-822, 179, 6},0, {1433, 2768},{0xCC, 0xEE, 0xFF, 0xFF}}},
	{{{-822, 333, 9},0, {1433, 2502},{0xCC, 0xEE, 0xFF, 0xFF}}},
	{{{-1600, 179, 44},0, {57, 2768},{0xCC, 0xEE, 0xFF, 0xFF}}},
	{{{-1599, 333, 50},0, {57, 2502},{0xCC, 0xEE, 0xFF, 0xFF}}},
	{{{-2355, 179, 202},0, {-1311, 2768},{0xCC, 0xEE, 0xFF, 0xFF}}},
	{{{-2353, 333, 205},0, {-1311, 2502},{0xCC, 0xEE, 0xFF, 0xFF}}},
	{{{-2353, 333, 205},0, {-1311, 2502},{0xCC, 0xEE, 0xFF, 0xFF}}},
	{{{-3066, 179, 460},0, {-2657, 2768},{0xCC, 0xEE, 0xFF, 0xFF}}},
	{{{-2355, 179, 202},0, {-1311, 2768},{0xCC, 0xEE, 0xFF, 0xFF}}},
	{{{-3062, 333, 466},0, {-2657, 2502},{0xCC, 0xEE, 0xFF, 0xFF}}},
	{{{-4253, 333, 1266},0, {-5227, 2502},{0xCC, 0xEE, 0xFF, 0xFF}}},
	{{{-4253, 179, 1266},0, {-5227, 2768},{0xCC, 0xEE, 0xFF, 0xFF}}},
	{{{-4704, 179, 1776},0, {-6465, 2768},{0xCC, 0xEE, 0xFF, 0xFF}}},
	{{{-4711, 333, 1774},0, {-6465, 2502},{0xCC, 0xEE, 0xFF, 0xFF}}},
	{{{-5046, 179, 2336},0, {-7759, 2768},{0xCC, 0xEE, 0xFF, 0xFF}}},
	{{{-5101, 333, 2321},0, {-7759, 2502},{0xCC, 0xEE, 0xFF, 0xFF}}},
	{{{-5398, 333, 3535},0, {-10403, 2502},{0xCC, 0xEE, 0xFF, 0xFF}}},
	{{{-5353, 179, 3469},0, {-10403, 2768},{0xCC, 0xEE, 0xFF, 0xFF}}},
	{{{-5083, 333, 4882},0, {-13459, 2502},{0xCC, 0xEE, 0xFF, 0xFF}}},
	{{{-5092, 179, 4875},0, {-13459, 2768},{0xCC, 0xEE, 0xFF, 0xFF}}},
	{{{-4387, 179, 5876},0, {-15364, 2768},{0xCC, 0xEE, 0xFF, 0xFF}}},
	{{{-4387, 333, 5876},0, {-15364, 2502},{0xCC, 0xEE, 0xFF, 0xFF}}},
	{{{-4387, 333, 5876},0, {-15364, 2502},{0xCC, 0xEE, 0xFF, 0xFF}}},
	{{{-3249, 179, 6726},0, {-17847, 2768},{0xCC, 0xEE, 0xFF, 0xFF}}},
	{{{-4387, 179, 5876},0, {-15364, 2768},{0xCC, 0xEE, 0xFF, 0xFF}}},
	{{{-3245, 333, 6721},0, {-17847, 2502},{0xCC, 0xEE, 0xFF, 0xFF}}},
	{{{-2555, 179, 7012},0, {-19188, 2768},{0xCC, 0xEE, 0xFF, 0xFF}}},
	{{{-2553, 333, 7009},0, {-19188, 2502},{0xCC, 0xEE, 0xFF, 0xFF}}},
	{{{-1811, 179, 7199},0, {-20514, 2768},{0xCC, 0xEE, 0xFF, 0xFF}}},
	{{{-1809, 333, 7193},0, {-20514, 2502},{0xCC, 0xEE, 0xFF, 0xFF}}},
	{{{-7829, 452, -15825},0, {-16083, 2308},{0xCC, 0xEE, 0xFF, 0xFF}}},
	{{{-7199, 445, -16036},0, {-16963, 2308},{0xCC, 0xEE, 0xFF, 0xFF}}},
	{{{-7223, 569, -16115},0, {-16963, 2094},{0xCC, 0xEE, 0xFF, 0xFF}}},
	{{{-7821, 569, -15874},0, {-16083, 2094},{0xCC, 0xEE, 0xFF, 0xFF}}},
	{{{-7226, 684, -16124},0, {-16963, 1880},{0xCC, 0xEE, 0xFF, 0xFF}}},
	{{{-7805, 687, -15885},0, {-16083, 1880},{0xCC, 0xEE, 0xFF, 0xFF}}},
	{{{-8382, 569, -15776},0, {-15256, 2094},{0xCC, 0xEE, 0xFF, 0xFF}}},
	{{{-8412, 687, -15718},0, {-15256, 1880},{0xCC, 0xEE, 0xFF, 0xFF}}},
	{{{-9023, 569, -16152},0, {-13757, 2094},{0xCC, 0xEE, 0xFF, 0xFF}}},
	{{{-8382, 569, -15776},0, {-15256, 2094},{0xCC, 0xEE, 0xFF, 0xFF}}},
	{{{-8412, 687, -15718},0, {-15256, 1880},{0xCC, 0xEE, 0xFF, 0xFF}}},
	{{{-9004, 684, -16163},0, {-13757, 1880},{0xCC, 0xEE, 0xFF, 0xFF}}},
	{{{-8685, 569, -17034},0, {-12065, 2094},{0xCC, 0xEE, 0xFF, 0xFF}}},
	{{{-8722, 687, -17053},0, {-12065, 1880},{0xCC, 0xEE, 0xFF, 0xFF}}},
	{{{-7761, 569, -17741},0, {-10541, 2094},{0xCC, 0xEE, 0xFF, 0xFF}}},
	{{{-7765, 684, -17730},0, {-10541, 1880},{0xCC, 0xEE, 0xFF, 0xFF}}},
	{{{-6845, 569, -17965},0, {-9098, 2094},{0xCC, 0xEE, 0xFF, 0xFF}}},
	{{{-6928, 687, -17941},0, {-9098, 1880},{0xCC, 0xEE, 0xFF, 0xFF}}},
	{{{-6233, 569, -18001},0, {-8278, 2094},{0xCC, 0xEE, 0xFF, 0xFF}}},
	{{{-6258, 687, -17973},0, {-8278, 1880},{0xCC, 0xEE, 0xFF, 0xFF}}},
	{{{-5792, 569, -17885},0, {-7439, 2094},{0xCC, 0xEE, 0xFF, 0xFF}}},
	{{{-5826, 684, -17864},0, {-7439, 1880},{0xCC, 0xEE, 0xFF, 0xFF}}},
	{{{-6168, 569, -16958},0, {-5843, 2094},{0xCC, 0xEE, 0xFF, 0xFF}}},
	{{{-6144, 687, -16925},0, {-5843, 1880},{0xCC, 0xEE, 0xFF, 0xFF}}},
	{{{-7223, 569, -16115},0, {-4071, 2094},{0xCC, 0xEE, 0xFF, 0xFF}}},
	{{{-6168, 569, -16958},0, {-5843, 2094},{0xCC, 0xEE, 0xFF, 0xFF}}},
	{{{-6144, 687, -16925},0, {-5843, 1880},{0xCC, 0xEE, 0xFF, 0xFF}}},
	{{{-7226, 684, -16124},0, {-4071, 1880},{0xCC, 0xEE, 0xFF, 0xFF}}},
	{{{-7199, 445, -16036},0, {-4071, 2308},{0xCC, 0xEE, 0xFF, 0xFF}}},
	{{{-6069, 452, -16941},0, {-5843, 2308},{0xCC, 0xEE, 0xFF, 0xFF}}},
	{{{-5792, 569, -17885},0, {-7439, 2094},{0xCC, 0xEE, 0xFF, 0xFF}}},
	{{{-5463, 457, -18063},0, {-7439, 2308},{0xCC, 0xEE, 0xFF, 0xFF}}},
	{{{-6233, 569, -18001},0, {-8278, 2094},{0xCC, 0xEE, 0xFF, 0xFF}}},
	{{{-6189, 452, -18043},0, {-8278, 2308},{0xCC, 0xEE, 0xFF, 0xFF}}},
	{{{-6845, 569, -17965},0, {-9098, 2094},{0xCC, 0xEE, 0xFF, 0xFF}}},
	{{{-6896, 452, -17988},0, {-9098, 2308},{0xCC, 0xEE, 0xFF, 0xFF}}},
	{{{-7761, 569, -17741},0, {-10541, 2094},{0xCC, 0xEE, 0xFF, 0xFF}}},
	{{{-7730, 450, -17844},0, {-10541, 2308},{0xCC, 0xEE, 0xFF, 0xFF}}},
	{{{-8776, 452, -17056},0, {-12065, 2308},{0xCC, 0xEE, 0xFF, 0xFF}}},
	{{{-8685, 569, -17034},0, {-12065, 2094},{0xCC, 0xEE, 0xFF, 0xFF}}},
	{{{-9221, 450, -16050},0, {-13757, 2308},{0xCC, 0xEE, 0xFF, 0xFF}}},
	{{{-8685, 569, -17034},0, {-12065, 2094},{0xCC, 0xEE, 0xFF, 0xFF}}},
	{{{-8776, 452, -17056},0, {-12065, 2308},{0xCC, 0xEE, 0xFF, 0xFF}}},
	{{{-9023, 569, -16152},0, {-13757, 2094},{0xCC, 0xEE, 0xFF, 0xFF}}},
	{{{-8439, 452, -15676},0, {-15256, 2308},{0xCC, 0xEE, 0xFF, 0xFF}}},
	{{{-8382, 569, -15776},0, {-15256, 2094},{0xCC, 0xEE, 0xFF, 0xFF}}},
	{{{-7821, 569, -15874},0, {-16083, 2094},{0xCC, 0xEE, 0xFF, 0xFF}}},
	{{{-7829, 452, -15825},0, {-16083, 2308},{0xCC, 0xEE, 0xFF, 0xFF}}},
	{{{-4620, 2896, -1799},0, {-4784, -1938},{0xCC, 0xEE, 0xFF, 0xFF}}},
	{{{-6405, 2896, -3402},0, {-8285, -1938},{0xCC, 0xEE, 0xFF, 0xFF}}},
	{{{-6481, 2896, -2918},0, {-8955, -1938},{0xCC, 0xEE, 0xFF, 0xFF}}},
	{{{-4227, 2896, -2092},0, {-4427, -1938},{0xCC, 0xEE, 0xFF, 0xFF}}},
	{{{-4225, 3757, -2089},0, {-4427, -3460},{0xCC, 0xEE, 0xFF, 0xFF}}},
	{{{-4303, 3802, -1620},0, {-4784, -3583},{0xCC, 0xEE, 0xFF, 0xFF}}},
	{{{-4442, 4433, -2216},0, {-4427, -4982},{0xCC, 0xEE, 0xFF, 0xFF}}},
	{{{-4489, 4634, -1752},0, {-4784, -5229},{0xCC, 0xEE, 0xFF, 0xFF}}},
	{{{-4225, 3757, -2089},0, {-4427, -3460},{0xCC, 0xEE, 0xFF, 0xFF}}},
	{{{-4442, 4433, -2216},0, {-4427, -4982},{0xCC, 0xEE, 0xFF, 0xFF}}},
	{{{-4416, 4229, -2598},0, {-4070, -4735},{0xCC, 0xEE, 0xFF, 0xFF}}},
	{{{-4272, 3689, -2626},0, {-4070, -3336},{0xCC, 0xEE, 0xFF, 0xFF}}},
	{{{-5913, 3689, -3613},0, {-7382, -3362},{0xCC, 0xEE, 0xFF, 0xFF}}},
	{{{-5870, 4229, -3472},0, {-7382, -4787},{0xCC, 0xEE, 0xFF, 0xFF}}},
	{{{-6196, 4433, -3271},0, {-8273, -4984},{0xCC, 0xEE, 0xFF, 0xFF}}},
	{{{-6409, 3757, -3403},0, {-8273, -3461},{0xCC, 0xEE, 0xFF, 0xFF}}},
	{{{-6586, 4645, -3013},0, {-8955, -5229},{0xCC, 0xEE, 0xFF, 0xFF}}},
	{{{-6790, 3803, -3116},0, {-8955, -3583},{0xCC, 0xEE, 0xFF, 0xFF}}},
	{{{-6405, 2896, -3402},0, {-8273, -1938},{0xCC, 0xEE, 0xFF, 0xFF}}},
	{{{-6481, 2896, -2918},0, {-8955, -1938},{0xCC, 0xEE, 0xFF, 0xFF}}},
	{{{-5909, 2896, -3633},0, {-7382, -1938},{0xCC, 0xEE, 0xFF, 0xFF}}},
	{{{-4256, 2896, -2639},0, {-4070, -1938},{0xCC, 0xEE, 0xFF, 0xFF}}},
	{{{-4227, 2896, -2092},0, {-4427, -1938},{0xCC, 0xEE, 0xFF, 0xFF}}},
	{{{-6405, 2896, -3402},0, {-8285, -1938},{0xCC, 0xEE, 0xFF, 0xFF}}},
	{{{-6405, 2896, -3402},0, {-8285, -1938},{0xCC, 0xEE, 0xFF, 0xFF}}},
	{{{-4256, 2896, -2639},0, {-4070, -1938},{0xCC, 0xEE, 0xFF, 0xFF}}},
	{{{-5909, 2896, -3633},0, {-7615, -1938},{0xCC, 0xEE, 0xFF, 0xFF}}},
	{{{-4227, 2896, -2092},0, {-4427, -1938},{0xCC, 0xEE, 0xFF, 0xFF}}},
	{{{-4225, 3757, -2089},0, {-4427, -3460},{0xCC, 0xEE, 0xFF, 0xFF}}},
	{{{-4272, 3689, -2626},0, {-4070, -3336},{0xCC, 0xEE, 0xFF, 0xFF}}},
	{{{4746, 1134, -12392},0, {24947, 1115},{0xC2, 0xD6, 0xFF, 0xFF}}},
	{{{4670, 1823, -13629},0, {20687, -78},{0xB8, 0xBE, 0xFF, 0xFF}}},
	{{{4746, 1823, -12392},0, {25601, -78},{0xB8, 0xBE, 0xFF, 0xFF}}},
	{{{4670, 1134, -13629},0, {20125, 1115},{0xC2, 0xD6, 0xFF, 0xFF}}},
	{{{4744, 484, -12427},0, {24293, 2308},{0xCC, 0xEE, 0xFF, 0xFF}}},
	{{{4670, 445, -13629},0, {19562, 2308},{0xCC, 0xEE, 0xFF, 0xFF}}},
	{{{4635, 1134, -15251},0, {16635, 1115},{0xC2, 0xD6, 0xFF, 0xFF}}},
	{{{4639, 445, -15335},0, {16138, 2308},{0xCC, 0xEE, 0xFF, 0xFF}}},
	{{{4580, 1134, -16323},0, {14031, 1115},{0xC2, 0xD6, 0xFF, 0xFF}}},
	{{{4580, 445, -16323},0, {13583, 2308},{0xCC, 0xEE, 0xFF, 0xFF}}},
	{{{4580, 445, -16323},0, {13583, 2308},{0xCC, 0xEE, 0xFF, 0xFF}}},
	{{{1817, 1134, -16972},0, {6564, 1115},{0xC2, 0xD6, 0xFF, 0xFF}}},
	{{{4580, 1134, -16323},0, {14031, 1115},{0xC2, 0xD6, 0xFF, 0xFF}}},
	{{{1817, 445, -16972},0, {6258, 2308},{0xCC, 0xEE, 0xFF, 0xFF}}},
	{{{-388, 1134, -17034},0, {2612, 1115},{0xC2, 0xD6, 0xFF, 0xFF}}},
	{{{-388, 445, -17034},0, {2381, 2308},{0xCC, 0xEE, 0xFF, 0xFF}}},
	{{{-2594, 1134, -17096},0, {-1707, 1115},{0xC2, 0xD6, 0xFF, 0xFF}}},
	{{{-2594, 445, -17096},0, {-1857, 2308},{0xCC, 0xEE, 0xFF, 0xFF}}},
	{{{-4852, 1134, -16521},0, {-5552, 1115},{0xC2, 0xD6, 0xFF, 0xFF}}},
	{{{-4896, 445, -16566},0, {-5629, 2308},{0xCC, 0xEE, 0xFF, 0xFF}}},
	{{{-7199, 1134, -16036},0, {-9617, 1115},{0xC2, 0xD6, 0xFF, 0xFF}}},
	{{{-7199, 445, -16036},0, {-9617, 2308},{0xCC, 0xEE, 0xFF, 0xFF}}},
	{{{-7240, 445, -14744},0, {-12172, 2308},{0xCC, 0xEE, 0xFF, 0xFF}}},
	{{{-7238, 1134, -14677},0, {-12221, 1115},{0xC2, 0xD6, 0xFF, 0xFF}}},
	{{{-7261, 445, -12879},0, {-15596, 2308},{0xCC, 0xEE, 0xFF, 0xFF}}},
	{{{-7261, 1134, -12879},0, {-15711, 1115},{0xC2, 0xD6, 0xFF, 0xFF}}},
	{{{-7238, 1134, -14677},0, {-12221, 1115},{0xC2, 0xD6, 0xFF, 0xFF}}},
	{{{-7261, 1134, -12879},0, {-15711, 1115},{0xC2, 0xD6, 0xFF, 0xFF}}},
	{{{-7261, 1794, -12919},0, {-15826, -78},{0xB8, 0xBE, 0xFF, 0xFF}}},
	{{{-7240, 1823, -14744},0, {-12271, -78},{0xB8, 0xBE, 0xFF, 0xFF}}},
	{{{-7199, 1134, -16036},0, {-9617, 1115},{0xC2, 0xD6, 0xFF, 0xFF}}},
	{{{-7199, 1823, -16036},0, {-9617, -78},{0xB8, 0xBE, 0xFF, 0xFF}}},
	{{{-4852, 1134, -16521},0, {-5552, 1115},{0xC2, 0xD6, 0xFF, 0xFF}}},
	{{{-4808, 1823, -16476},0, {-5475, -78},{0xB8, 0xBE, 0xFF, 0xFF}}},
	{{{-2594, 1134, -17096},0, {-1707, 1115},{0xC2, 0xD6, 0xFF, 0xFF}}},
	{{{-2594, 1823, -17096},0, {-1558, -78},{0xB8, 0xBE, 0xFF, 0xFF}}},
	{{{-388, 1134, -17034},0, {2612, 1115},{0xC2, 0xD6, 0xFF, 0xFF}}},
	{{{-388, 1823, -17034},0, {2843, -78},{0xB8, 0xBE, 0xFF, 0xFF}}},
	{{{1817, 1134, -16972},0, {6564, 1115},{0xC2, 0xD6, 0xFF, 0xFF}}},
	{{{1817, 1823, -16972},0, {6870, -78},{0xB8, 0xBE, 0xFF, 0xFF}}},
	{{{4580, 1134, -16323},0, {14031, 1115},{0xC2, 0xD6, 0xFF, 0xFF}}},
	{{{4580, 1823, -16323},0, {14478, -78},{0xB8, 0xBE, 0xFF, 0xFF}}},
	{{{4635, 1134, -15251},0, {16635, 1115},{0xC2, 0xD6, 0xFF, 0xFF}}},
	{{{4580, 1134, -16323},0, {14031, 1115},{0xC2, 0xD6, 0xFF, 0xFF}}},
	{{{4580, 1823, -16323},0, {14478, -78},{0xB8, 0xBE, 0xFF, 0xFF}}},
	{{{4639, 1823, -15335},0, {17131, -78},{0xB8, 0xBE, 0xFF, 0xFF}}},
	{{{4670, 1134, -13629},0, {20125, 1115},{0xC2, 0xD6, 0xFF, 0xFF}}},
	{{{4670, 1823, -13629},0, {20687, -78},{0xB8, 0xBE, 0xFF, 0xFF}}},
	{{{-224, 452, -19745},0, {-2264, 2308},{0xCC, 0xEE, 0xFF, 0xFF}}},
	{{{328, 569, -20536},0, {-4234, 2094},{0xCC, 0xEE, 0xFF, 0xFF}}},
	{{{367, 452, -20547},0, {-4234, 2308},{0xCC, 0xEE, 0xFF, 0xFF}}},
	{{{-103, 569, -19737},0, {-2264, 2094},{0xCC, 0xEE, 0xFF, 0xFF}}},
	{{{-38, 450, -18774},0, {-194, 2308},{0xCC, 0xEE, 0xFF, 0xFF}}},
	{{{84, 569, -18905},0, {-194, 2094},{0xCC, 0xEE, 0xFF, 0xFF}}},
	{{{871, 450, -18714},0, {2665, 2308},{0x79, 0xFF, 0xAF, 0xFF}}},
	{{{716, 569, -18891},0, {2665, 2094},{0xA2, 0xF7, 0xD6, 0xF7}}},
	{{{1278, 569, -19762},0, {4884, 2094},{0xCB, 0xEF, 0xFE, 0xFE}}},
	{{{1310, 455, -19739},0, {4884, 2308},{0xCA, 0xEF, 0xFD, 0xFD}}},
	{{{2730, 452, -19978},0, {7455, 2308},{0xCC, 0xEE, 0xFF, 0xFF}}},
	{{{1278, 569, -19762},0, {4884, 2094},{0xCB, 0xEF, 0xFE, 0xFE}}},
	{{{1310, 455, -19739},0, {4884, 2308},{0xCA, 0xEF, 0xFD, 0xFD}}},
	{{{2491, 569, -20061},0, {7455, 2094},{0xCB, 0xEE, 0xFE, 0xFE}}},
	{{{2769, 569, -20533},0, {9620, 2094},{0xC8, 0xEF, 0xFB, 0xFB}}},
	{{{2739, 452, -20543},0, {9620, 2308},{0xC4, 0xF0, 0xF7, 0xF7}}},
	{{{2747, 687, -20541},0, {9620, 1880},{0xCB, 0xEE, 0xFE, 0xFE}}},
	{{{2465, 684, -20070},0, {7455, 1880},{0xCA, 0xEE, 0xFD, 0xFD}}},
	{{{1083, 688, -19934},0, {4884, 1880},{0xCC, 0xEE, 0xFF, 0xFF}}},
	{{{716, 569, -18891},0, {2665, 2094},{0xA2, 0xF7, 0xD6, 0xF7}}},
	{{{707, 684, -18913},0, {2665, 1880},{0xCA, 0xEE, 0xFD, 0xFD}}},
	{{{84, 569, -18905},0, {-194, 2094},{0xCC, 0xEE, 0xFF, 0xFF}}},
	{{{95, 684, -18920},0, {-194, 1880},{0xCC, 0xEE, 0xFF, 0xFF}}},
	{{{-103, 569, -19737},0, {-2264, 2094},{0xCC, 0xEE, 0xFF, 0xFF}}},
	{{{-156, 687, -19766},0, {-2264, 1880},{0xCC, 0xEE, 0xFF, 0xFF}}},
	{{{328, 569, -20536},0, {-4234, 2094},{0xCC, 0xEE, 0xFF, 0xFF}}},
	{{{328, 569, -20536},0, {-4234, 2094},{0xCC, 0xEE, 0xFF, 0xFF}}},
	{{{-156, 687, -19766},0, {-2264, 1880},{0xCC, 0xEE, 0xFF, 0xFF}}},
	{{{357, 687, -20544},0, {-4234, 1880},{0xCC, 0xEE, 0xFF, 0xFF}}},
	{{{-5496, 478, -19338},0, {-6656, 2308},{0xCC, 0xEE, 0xFF, 0xFF}}},
	{{{-5197, 478, -20455},0, {-5057, 2308},{0xCC, 0xEE, 0xFF, 0xFF}}},
	{{{-5153, 1024, -20459},0, {-5057, 1304},{0xCC, 0xEE, 0xFF, 0xFF}}},
	{{{-5575, 1024, -19394},0, {-6656, 1304},{0xCC, 0xEE, 0xFF, 0xFF}}},
	{{{-5163, 1580, -20458},0, {-5057, 300},{0xCC, 0xEE, 0xFF, 0xFF}}},
	{{{-5538, 1580, -19340},0, {-6656, 300},{0xCC, 0xEE, 0xFF, 0xFF}}},
	{{{-6281, 1024, -18812},0, {-8143, 1304},{0xCC, 0xEE, 0xFF, 0xFF}}},
	{{{-6276, 1568, -18822},0, {-8143, 300},{0xCC, 0xEE, 0xFF, 0xFF}}},
	{{{-6953, 1024, -18716},0, {-9807, 1304},{0xCC, 0xEE, 0xFF, 0xFF}}},
	{{{-6845, 1580, -18737},0, {-9807, 300},{0xCC, 0xEE, 0xFF, 0xFF}}},
	{{{-8210, 1024, -18684},0, {-11852, 1304},{0xDA, 0xDA, 0xFF, 0xFF}}},
	{{{-8194, 1580, -18696},0, {-11852, 300},{0xCD, 0xED, 0xFF, 0xFF}}},
	{{{-6891, 478, -18695},0, {-9807, 2308},{0xCC, 0xEE, 0xFF, 0xFF}}},
	{{{-6301, 469, -18724},0, {-8143, 2308},{0xCC, 0xEE, 0xFF, 0xFF}}},
	{{{-6953, 1024, -18716},0, {-9807, 1304},{0xCC, 0xEE, 0xFF, 0xFF}}},
	{{{-6891, 478, -18695},0, {-9807, 2308},{0xCC, 0xEE, 0xFF, 0xFF}}},
	{{{-6281, 1024, -18812},0, {-8143, 1304},{0xCC, 0xEE, 0xFF, 0xFF}}},
	{{{-5575, 1024, -19394},0, {-6656, 1304},{0xCC, 0xEE, 0xFF, 0xFF}}},
	{{{-5496, 478, -19338},0, {-6656, 2308},{0xCC, 0xEE, 0xFF, 0xFF}}},
	{{{-8210, 1024, -18684},0, {-11852, 1304},{0xDA, 0xDA, 0xFF, 0xFF}}},
	{{{-8188, 478, -18700},0, {-11852, 2308},{0xE6, 0xC7, 0xFF, 0xFF}}},
	{{{4540, 475, -19201},0, {10116, 2308},{0xCC, 0xEE, 0xFF, 0xFF}}},
	{{{4333, 969, -20303},0, {9214, 1400},{0x7B, 0xFF, 0xB1, 0xFF}}},
	{{{4374, 475, -20308},0, {9214, 2308},{0x79, 0xFF, 0xAF, 0xFF}}},
	{{{4590, 969, -19256},0, {10116, 1400},{0xCC, 0xEE, 0xFF, 0xFF}}},
	{{{4687, 475, -18764},0, {10784, 2308},{0xCC, 0xEE, 0xFF, 0xFF}}},
	{{{4801, 969, -18730},0, {10784, 1400},{0xCC, 0xEE, 0xFF, 0xFF}}},
	{{{4934, 466, -18067},0, {11594, 2308},{0xCC, 0xEE, 0xFF, 0xFF}}},
	{{{5081, 969, -18194},0, {11594, 1400},{0xCC, 0xEE, 0xFF, 0xFF}}},
	{{{5732, 466, -18210},0, {12643, 2308},{0xCC, 0xEE, 0xFF, 0xFF}}},
	{{{5081, 969, -18194},0, {11594, 1400},{0xCC, 0xEE, 0xFF, 0xFF}}},
	{{{4934, 466, -18067},0, {11594, 2308},{0xCC, 0xEE, 0xFF, 0xFF}}},
	{{{5644, 969, -18266},0, {12643, 1400},{0xCC, 0xEE, 0xFF, 0xFF}}},
	{{{6189, 969, -18594},0, {13570, 1400},{0xCC, 0xEE, 0xFF, 0xFF}}},
	{{{6205, 489, -18589},0, {13570, 2308},{0xCC, 0xEE, 0xFF, 0xFF}}},
	{{{7274, 475, -18796},0, {14755, 2308},{0xCC, 0xEE, 0xFF, 0xFF}}},
	{{{7267, 969, -18778},0, {14755, 1400},{0xCC, 0xEE, 0xFF, 0xFF}}},
	{{{7272, 1471, -18791},0, {14755, 493},{0xCC, 0xEE, 0xFF, 0xFF}}},
	{{{6064, 1477, -18643},0, {13570, 493},{0xCC, 0xEE, 0xFF, 0xFF}}},
	{{{5639, 1460, -18270},0, {12643, 493},{0xCC, 0xEE, 0xFF, 0xFF}}},
	{{{5089, 1460, -18209},0, {11594, 493},{0xCC, 0xEE, 0xFF, 0xFF}}},
	{{{4801, 969, -18730},0, {10784, 1400},{0xCC, 0xEE, 0xFF, 0xFF}}},
	{{{4826, 1471, -18765},0, {10784, 493},{0xCC, 0xEE, 0xFF, 0xFF}}},
	{{{4590, 969, -19256},0, {10116, 1400},{0xCC, 0xEE, 0xFF, 0xFF}}},
	{{{4630, 1471, -19179},0, {10116, 493},{0xCC, 0xEE, 0xFF, 0xFF}}},
	{{{4333, 969, -20303},0, {9214, 1400},{0x7B, 0xFF, 0xB1, 0xFF}}},
	{{{4590, 969, -19256},0, {10116, 1400},{0xCC, 0xEE, 0xFF, 0xFF}}},
	{{{4630, 1471, -19179},0, {10116, 493},{0xCC, 0xEE, 0xFF, 0xFF}}},
	{{{4363, 1471, -20306},0, {9214, 493},{0x7C, 0xFF, 0xB2, 0xFF}}},
	{{{-2477, 717, -18228},0, {1726, 1836},{0xCC, 0xEE, 0xFF, 0xFF}}},
	{{{-1852, 978, -18685},0, {693, 1364},{0xCC, 0xEE, 0xFF, 0xFF}}},
	{{{-2490, 973, -18230},0, {1726, 1364},{0xCC, 0xEE, 0xFF, 0xFF}}},
	{{{-1895, 717, -18690},0, {693, 1836},{0xCC, 0xEE, 0xFF, 0xFF}}},
	{{{-2333, 456, -18200},0, {1726, 2308},{0xCC, 0xEE, 0xFF, 0xFF}}},
	{{{-1778, 460, -18691},0, {693, 2308},{0xCC, 0xEE, 0xFF, 0xFF}}},
	{{{-2086, 717, -19152},0, {-560, 1836},{0xCC, 0xEE, 0xFF, 0xFF}}},
	{{{-1909, 456, -19206},0, {-560, 2308},{0xCC, 0xEE, 0xFF, 0xFF}}},
	{{{-3101, 717, -19404},0, {-2508, 1836},{0xCC, 0xEE, 0xFF, 0xFF}}},
	{{{-3075, 460, -19481},0, {-2508, 2308},{0xCC, 0xEE, 0xFF, 0xFF}}},
	{{{-4227, 717, -19187},0, {-4518, 1836},{0xCC, 0xEE, 0xFF, 0xFF}}},
	{{{-4351, 456, -19230},0, {-4518, 2308},{0xCC, 0xEE, 0xFF, 0xFF}}},
	{{{-4812, 460, -18806},0, {-5791, 2308},{0xCC, 0xEE, 0xFF, 0xFF}}},
	{{{-4227, 717, -19187},0, {-4518, 1836},{0xCC, 0xEE, 0xFF, 0xFF}}},
	{{{-4351, 456, -19230},0, {-4518, 2308},{0xCC, 0xEE, 0xFF, 0xFF}}},
	{{{-4800, 717, -18773},0, {-5791, 1836},{0xCC, 0xEE, 0xFF, 0xFF}}},
	{{{-5463, 457, -18063},0, {-7022, 2308},{0xCC, 0xEE, 0xFF, 0xFF}}},
	{{{-5098, 717, -18156},0, {-7022, 1836},{0xCC, 0xEE, 0xFF, 0xFF}}},
	{{{-3775, 460, -17847},0, {-9017, 2308},{0xCC, 0xEE, 0xFF, 0xFF}}},
	{{{-3793, 717, -17924},0, {-9017, 1836},{0xCC, 0xEE, 0xFF, 0xFF}}},
	{{{-2333, 456, -18200},0, {-11132, 2308},{0xCC, 0xEE, 0xFF, 0xFF}}},
	{{{-2477, 717, -18228},0, {-11132, 1836},{0xCC, 0xEE, 0xFF, 0xFF}}},
	{{{-2490, 973, -18230},0, {-11132, 1364},{0xCC, 0xEE, 0xFF, 0xFF}}},
	{{{-3747, 978, -17873},0, {-9017, 1364},{0xCC, 0xEE, 0xFF, 0xFF}}},
	{{{-5059, 973, -18164},0, {-7022, 1364},{0xCC, 0xEE, 0xFF, 0xFF}}},
	{{{-4732, 978, -18807},0, {-5791, 1364},{0xCC, 0xEE, 0xFF, 0xFF}}},
	{{{-4212, 973, -19185},0, {-4518, 1364},{0xCC, 0xEE, 0xFF, 0xFF}}},
	{{{-3101, 717, -19404},0, {-2508, 1836},{0xCC, 0xEE, 0xFF, 0xFF}}},
	{{{-3101, 717, -19404},0, {-2508, 1836},{0xCC, 0xEE, 0xFF, 0xFF}}},
	{{{-4212, 973, -19185},0, {-4518, 1364},{0xCC, 0xEE, 0xFF, 0xFF}}},
	{{{-3089, 978, -19448},0, {-2508, 1364},{0xCC, 0xEE, 0xFF, 0xFF}}},
	{{{-2086, 717, -19152},0, {-560, 1836},{0xCC, 0xEE, 0xFF, 0xFF}}},
	{{{-2103, 973, -19148},0, {-560, 1364},{0xCC, 0xEE, 0xFF, 0xFF}}},
	{{{-1895, 717, -18690},0, {693, 1836},{0xCC, 0xEE, 0xFF, 0xFF}}},
	{{{-1852, 978, -18685},0, {693, 1364},{0xCC, 0xEE, 0xFF, 0xFF}}},
	{{{4103, -2138, -5429},0, {7103, 6809},{0xCC, 0xEE, 0xFF, 0xFF}}},
	{{{4681, -2154, -5638},0, {5849, 6809},{0xCC, 0xEE, 0xFF, 0xFF}}},
	{{{4681, -1755, -5638},0, {5849, 6117},{0xCC, 0xEE, 0xFF, 0xFF}}},
	{{{4205, -1755, -5631},0, {7103, 6117},{0xCC, 0xEE, 0xFF, 0xFF}}},
	{{{4689, -1372, -5660},0, {5849, 5426},{0xCC, 0xEE, 0xFF, 0xFF}}},
	{{{4215, -1380, -5653},0, {7103, 5426},{0xCC, 0xEE, 0xFF, 0xFF}}},
	{{{4222, -1755, -6580},0, {9072, 6117},{0xCC, 0xEE, 0xFF, 0xFF}}},
	{{{4157, -1372, -6575},0, {9072, 5426},{0xCC, 0xEE, 0xFF, 0xFF}}},
	{{{4512, -1755, -7156},0, {10165, 6117},{0xCC, 0xEE, 0xFF, 0xFF}}},
	{{{4512, -1755, -7156},0, {10165, 6117},{0xCC, 0xEE, 0xFF, 0xFF}}},
	{{{4157, -1372, -6575},0, {9072, 5426},{0xCC, 0xEE, 0xFF, 0xFF}}},
	{{{4518, -1372, -7153},0, {10165, 5426},{0xCC, 0xEE, 0xFF, 0xFF}}},
	{{{4871, -1755, -7594},0, {11130, 6117},{0xCC, 0xEE, 0xFF, 0xFF}}},
	{{{4869, -1380, -7574},0, {11130, 5426},{0xCC, 0xEE, 0xFF, 0xFF}}},
	{{{5520, -1755, -7761},0, {12413, 6117},{0xCC, 0xEE, 0xFF, 0xFF}}},
	{{{5511, -1372, -7738},0, {12413, 5426},{0xCC, 0xEE, 0xFF, 0xFF}}},
	{{{4847, -2138, -7781},0, {11130, 6809},{0xCC, 0xEE, 0xFF, 0xFF}}},
	{{{4467, -2131, -7180},0, {10165, 6809},{0xCC, 0xEE, 0xFF, 0xFF}}},
	{{{4222, -1755, -6580},0, {9072, 6117},{0xCC, 0xEE, 0xFF, 0xFF}}},
	{{{4117, -2131, -6571},0, {9072, 6809},{0xCC, 0xEE, 0xFF, 0xFF}}},
	{{{4103, -2138, -5429},0, {7103, 6809},{0xCC, 0xEE, 0xFF, 0xFF}}},
	{{{4205, -1755, -5631},0, {7103, 6117},{0xCC, 0xEE, 0xFF, 0xFF}}},
	{{{5520, -2154, -7761},0, {12413, 6809},{0xCC, 0xEE, 0xFF, 0xFF}}},
	{{{-1914, 179, 6401},0, {-14834, 2768},{0xCC, 0xEE, 0xFF, 0xFF}}},
	{{{-2781, 25, 6028},0, {-13161, 3035},{0xCC, 0xEE, 0xFF, 0xFF}}},
	{{{-1965, 25, 6579},0, {-14834, 3035},{0xCC, 0xEE, 0xFF, 0xFF}}},
	{{{-2752, 179, 6011},0, {-13161, 2768},{0xCC, 0xEE, 0xFF, 0xFF}}},
	{{{-1909, 333, 6385},0, {-14834, 2502},{0xCC, 0xEE, 0xFF, 0xFF}}},
	{{{-2747, 333, 6008},0, {-13161, 2502},{0xCC, 0xEE, 0xFF, 0xFF}}},
	{{{-3397, 179, 5507},0, {-11712, 2768},{0xCC, 0xEE, 0xFF, 0xFF}}},
	{{{-3379, 333, 5510},0, {-11712, 2502},{0xCC, 0xEE, 0xFF, 0xFF}}},
	{{{-4131, 179, 3483},0, {-7725, 2768},{0xCC, 0xEE, 0xFF, 0xFF}}},
	{{{-4118, 333, 3470},0, {-7725, 2502},{0xCC, 0xEE, 0xFF, 0xFF}}},
	{{{-3564, 179, 1841},0, {-4359, 2768},{0xCC, 0xEE, 0xFF, 0xFF}}},
	{{{-3550, 333, 1850},0, {-4359, 2502},{0xCC, 0xEE, 0xFF, 0xFF}}},
	{{{-2913, 179, 1162},0, {-2598, 2768},{0xCC, 0xEE, 0xFF, 0xFF}}},
	{{{-2908, 333, 1169},0, {-2598, 2502},{0xCC, 0xEE, 0xFF, 0xFF}}},
	{{{-2093, 179, 702},0, {-881, 2768},{0xCC, 0xEE, 0xFF, 0xFF}}},
	{{{-2087, 333, 718},0, {-881, 2502},{0xCC, 0xEE, 0xFF, 0xFF}}},
	{{{-2087, 333, 718},0, {-881, 2502},{0xCC, 0xEE, 0xFF, 0xFF}}},
	{{{-1167, 179, 541},0, {834, 2768},{0xCC, 0xEE, 0xFF, 0xFF}}},
	{{{-2093, 179, 702},0, {-881, 2768},{0xCC, 0xEE, 0xFF, 0xFF}}},
	{{{-1167, 333, 549},0, {834, 2502},{0xCC, 0xEE, 0xFF, 0xFF}}},
	{{{-236, 179, 652},0, {2579, 2768},{0xCC, 0xEE, 0xFF, 0xFF}}},
	{{{-241, 333, 667},0, {2579, 2502},{0xCC, 0xEE, 0xFF, 0xFF}}},
	{{{1290, 179, 1683},0, {6214, 2768},{0xCC, 0xEE, 0xFF, 0xFF}}},
	{{{1277, 333, 1694},0, {6214, 2502},{0xCC, 0xEE, 0xFF, 0xFF}}},
	{{{1946, 333, 3270},0, {9620, 2502},{0xCC, 0xEE, 0xFF, 0xFF}}},
	{{{1959, 179, 3282},0, {9620, 2768},{0xCC, 0xEE, 0xFF, 0xFF}}},
	{{{1361, 179, 5350},0, {13647, 2768},{0xCC, 0xEE, 0xFF, 0xFF}}},
	{{{1343, 333, 5354},0, {13647, 2502},{0xCC, 0xEE, 0xFF, 0xFF}}},
	{{{-66, 333, 6324},0, {16866, 2502},{0xCC, 0xEE, 0xFF, 0xFF}}},
	{{{-60, 179, 6339},0, {16866, 2768},{0xCC, 0xEE, 0xFF, 0xFF}}},
	{{{-1909, 333, 6385},0, {20024, 2502},{0xCC, 0xEE, 0xFF, 0xFF}}},
	{{{-1914, 179, 6401},0, {20024, 2768},{0xCC, 0xEE, 0xFF, 0xFF}}},
	{{{-60, 179, 6339},0, {16866, 2768},{0xCC, 0xEE, 0xFF, 0xFF}}},
	{{{-1914, 179, 6401},0, {20024, 2768},{0xCC, 0xEE, 0xFF, 0xFF}}},
	{{{-1965, 25, 6579},0, {20024, 3035},{0xCC, 0xEE, 0xFF, 0xFF}}},
	{{{3, 25, 6514},0, {16866, 3035},{0xCC, 0xEE, 0xFF, 0xFF}}},
	{{{1361, 179, 5350},0, {13647, 2768},{0xCC, 0xEE, 0xFF, 0xFF}}},
	{{{1557, 25, 5306},0, {13647, 3035},{0xCC, 0xEE, 0xFF, 0xFF}}},
	{{{1959, 179, 3282},0, {9620, 2768},{0xCC, 0xEE, 0xFF, 0xFF}}},
	{{{2104, 25, 3417},0, {9620, 3035},{0xCC, 0xEE, 0xFF, 0xFF}}},
	{{{1290, 179, 1683},0, {6214, 2768},{0xCC, 0xEE, 0xFF, 0xFF}}},
	{{{1434, 25, 1567},0, {6214, 3035},{0xCC, 0xEE, 0xFF, 0xFF}}},
	{{{-236, 179, 652},0, {2579, 2768},{0xCC, 0xEE, 0xFF, 0xFF}}},
	{{{-180, 25, 479},0, {2579, 3035},{0xCC, 0xEE, 0xFF, 0xFF}}},
	{{{-1167, 179, 541},0, {834, 2768},{0xCC, 0xEE, 0xFF, 0xFF}}},
	{{{-1168, 25, 501},0, {834, 3035},{0xCC, 0xEE, 0xFF, 0xFF}}},
	{{{-2093, 179, 702},0, {-881, 2768},{0xCC, 0xEE, 0xFF, 0xFF}}},
	{{{-2155, 25, 523},0, {-881, 3035},{0xCC, 0xEE, 0xFF, 0xFF}}},
	{{{-2913, 179, 1162},0, {-2598, 2768},{0xCC, 0xEE, 0xFF, 0xFF}}},
	{{{-2093, 179, 702},0, {-881, 2768},{0xCC, 0xEE, 0xFF, 0xFF}}},
	{{{-2155, 25, 523},0, {-881, 3035},{0xCC, 0xEE, 0xFF, 0xFF}}},
	{{{-2938, 25, 1130},0, {-2598, 3035},{0xCC, 0xEE, 0xFF, 0xFF}}},
	{{{-3564, 179, 1841},0, {-4359, 2768},{0xCC, 0xEE, 0xFF, 0xFF}}},
	{{{-3720, 25, 1738},0, {-4359, 3035},{0xCC, 0xEE, 0xFF, 0xFF}}},
	{{{-4131, 179, 3483},0, {-7725, 2768},{0xCC, 0xEE, 0xFF, 0xFF}}},
	{{{-4267, 25, 3627},0, {-7725, 3035},{0xCC, 0xEE, 0xFF, 0xFF}}},
	{{{-3397, 179, 5507},0, {-11712, 2768},{0xCC, 0xEE, 0xFF, 0xFF}}},
	{{{-3596, 25, 5477},0, {-11712, 3035},{0xCC, 0xEE, 0xFF, 0xFF}}},
	{{{-2752, 179, 6011},0, {-13161, 2768},{0xCC, 0xEE, 0xFF, 0xFF}}},
	{{{-2781, 25, 6028},0, {-13161, 3035},{0xCC, 0xEE, 0xFF, 0xFF}}},
};

Gfx ccm_dl_level_008_mesh_layer_1_tri_5[] = {
	gsSPVertex(ccm_dl_level_008_mesh_layer_1_vtx_5 + 0, 16, 0),
	gsSP1Triangle(0, 1, 2, 0),
	gsSP1Triangle(0, 2, 3, 0),
	gsSP1Triangle(3, 2, 4, 0),
	gsSP1Triangle(3, 4, 5, 0),
	gsSP1Triangle(6, 3, 5, 0),
	gsSP1Triangle(6, 5, 7, 0),
	gsSP1Triangle(8, 6, 7, 0),
	gsSP1Triangle(8, 7, 9, 0),
	gsSP1Triangle(10, 8, 9, 0),
	gsSP1Triangle(10, 9, 11, 0),
	gsSP1Triangle(12, 10, 11, 0),
	gsSP1Triangle(12, 11, 13, 0),
	gsSP1Triangle(14, 12, 13, 0),
	gsSP1Triangle(14, 13, 15, 0),
	gsSPVertex(ccm_dl_level_008_mesh_layer_1_vtx_5 + 16, 16, 0),
	gsSP1Triangle(0, 1, 2, 0),
	gsSP1Triangle(0, 2, 3, 0),
	gsSP1Triangle(4, 0, 3, 0),
	gsSP1Triangle(4, 3, 5, 0),
	gsSP1Triangle(6, 4, 5, 0),
	gsSP1Triangle(6, 5, 7, 0),
	gsSP1Triangle(8, 6, 7, 0),
	gsSP1Triangle(8, 7, 9, 0),
	gsSP1Triangle(10, 8, 9, 0),
	gsSP1Triangle(10, 9, 11, 0),
	gsSP1Triangle(12, 10, 11, 0),
	gsSP1Triangle(12, 11, 13, 0),
	gsSP1Triangle(14, 12, 13, 0),
	gsSP1Triangle(14, 13, 15, 0),
	gsSPVertex(ccm_dl_level_008_mesh_layer_1_vtx_5 + 32, 16, 0),
	gsSP1Triangle(0, 1, 2, 0),
	gsSP1Triangle(0, 2, 3, 0),
	gsSP1Triangle(4, 0, 3, 0),
	gsSP1Triangle(4, 3, 5, 0),
	gsSP1Triangle(6, 4, 5, 0),
	gsSP1Triangle(6, 5, 7, 0),
	gsSP1Triangle(8, 6, 7, 0),
	gsSP1Triangle(8, 7, 9, 0),
	gsSP1Triangle(10, 8, 9, 0),
	gsSP1Triangle(10, 9, 11, 0),
	gsSP1Triangle(12, 10, 11, 0),
	gsSP1Triangle(12, 11, 13, 0),
	gsSP1Triangle(14, 12, 13, 0),
	gsSP1Triangle(14, 13, 15, 0),
	gsSPVertex(ccm_dl_level_008_mesh_layer_1_vtx_5 + 48, 16, 0),
	gsSP1Triangle(0, 1, 2, 0),
	gsSP1Triangle(0, 2, 3, 0),
	gsSP1Triangle(4, 0, 3, 0),
	gsSP1Triangle(4, 3, 5, 0),
	gsSP1Triangle(6, 4, 5, 0),
	gsSP1Triangle(6, 5, 7, 0),
	gsSP1Triangle(8, 4, 6, 0),
	gsSP1Triangle(8, 9, 4, 0),
	gsSP1Triangle(9, 0, 4, 0),
	gsSP1Triangle(9, 10, 0, 0),
	gsSP1Triangle(11, 0, 10, 0),
	gsSP1Triangle(11, 1, 0, 0),
	gsSP1Triangle(12, 1, 11, 0),
	gsSP1Triangle(12, 13, 1, 0),
	gsSP1Triangle(12, 14, 13, 0),
	gsSP1Triangle(12, 15, 14, 0),
	gsSPVertex(ccm_dl_level_008_mesh_layer_1_vtx_5 + 64, 16, 0),
	gsSP1Triangle(0, 1, 2, 0),
	gsSP1Triangle(0, 3, 1, 0),
	gsSP1Triangle(3, 4, 1, 0),
	gsSP1Triangle(3, 5, 4, 0),
	gsSP1Triangle(6, 4, 5, 0),
	gsSP1Triangle(6, 7, 4, 0),
	gsSP1Triangle(8, 7, 6, 0),
	gsSP1Triangle(8, 9, 7, 0),
	gsSP1Triangle(8, 10, 9, 0),
	gsSP1Triangle(8, 11, 10, 0),
	gsSP1Triangle(11, 12, 10, 0),
	gsSP1Triangle(11, 13, 12, 0),
	gsSP1Triangle(13, 14, 12, 0),
	gsSP1Triangle(13, 15, 14, 0),
	gsSPVertex(ccm_dl_level_008_mesh_layer_1_vtx_5 + 80, 16, 0),
	gsSP1Triangle(0, 1, 2, 0),
	gsSP1Triangle(0, 3, 1, 0),
	gsSP1Triangle(4, 1, 3, 0),
	gsSP1Triangle(4, 5, 1, 0),
	gsSP1Triangle(4, 6, 5, 0),
	gsSP1Triangle(4, 7, 6, 0),
	gsSP1Triangle(7, 8, 6, 0),
	gsSP1Triangle(7, 9, 8, 0),
	gsSP1Triangle(10, 8, 9, 0),
	gsSP1Triangle(10, 11, 8, 0),
	gsSP1Triangle(12, 11, 10, 0),
	gsSP1Triangle(12, 13, 11, 0),
	gsSP1Triangle(12, 14, 13, 0),
	gsSP1Triangle(12, 15, 14, 0),
	gsSPVertex(ccm_dl_level_008_mesh_layer_1_vtx_5 + 96, 16, 0),
	gsSP1Triangle(0, 1, 2, 0),
	gsSP1Triangle(0, 3, 1, 0),
	gsSP1Triangle(3, 4, 1, 0),
	gsSP1Triangle(3, 5, 4, 0),
	gsSP1Triangle(5, 6, 4, 0),
	gsSP1Triangle(5, 7, 6, 0),
	gsSP1Triangle(8, 9, 10, 0),
	gsSP1Triangle(8, 10, 11, 0),
	gsSP1Triangle(11, 10, 12, 0),
	gsSP1Triangle(11, 12, 13, 0),
	gsSP1Triangle(14, 11, 13, 0),
	gsSP1Triangle(14, 13, 15, 0),
	gsSPVertex(ccm_dl_level_008_mesh_layer_1_vtx_5 + 112, 16, 0),
	gsSP1Triangle(0, 1, 2, 0),
	gsSP1Triangle(0, 2, 3, 0),
	gsSP1Triangle(4, 0, 3, 0),
	gsSP1Triangle(4, 3, 5, 0),
	gsSP1Triangle(6, 4, 5, 0),
	gsSP1Triangle(6, 5, 7, 0),
	gsSP1Triangle(8, 6, 7, 0),
	gsSP1Triangle(8, 7, 9, 0),
	gsSP1Triangle(10, 8, 9, 0),
	gsSP1Triangle(10, 9, 11, 0),
	gsSP1Triangle(12, 10, 11, 0),
	gsSP1Triangle(12, 11, 13, 0),
	gsSP1Triangle(14, 12, 13, 0),
	gsSP1Triangle(14, 13, 15, 0),
	gsSPVertex(ccm_dl_level_008_mesh_layer_1_vtx_5 + 128, 16, 0),
	gsSP1Triangle(0, 1, 2, 0),
	gsSP1Triangle(0, 2, 3, 0),
	gsSP1Triangle(4, 1, 0, 0),
	gsSP1Triangle(4, 5, 1, 0),
	gsSP1Triangle(5, 6, 1, 0),
	gsSP1Triangle(5, 7, 6, 0),
	gsSP1Triangle(7, 8, 6, 0),
	gsSP1Triangle(7, 9, 8, 0),
	gsSP1Triangle(9, 10, 8, 0),
	gsSP1Triangle(9, 11, 10, 0),
	gsSP1Triangle(11, 12, 10, 0),
	gsSP1Triangle(11, 13, 12, 0),
	gsSP1Triangle(14, 12, 13, 0),
	gsSP1Triangle(14, 15, 12, 0),
	gsSPVertex(ccm_dl_level_008_mesh_layer_1_vtx_5 + 144, 16, 0),
	gsSP1Triangle(0, 1, 2, 0),
	gsSP1Triangle(0, 3, 1, 0),
	gsSP1Triangle(4, 3, 0, 0),
	gsSP1Triangle(4, 5, 3, 0),
	gsSP1Triangle(4, 6, 5, 0),
	gsSP1Triangle(4, 7, 6, 0),
	gsSP1Triangle(8, 9, 10, 0),
	gsSP1Triangle(8, 11, 9, 0),
	gsSP1Triangle(8, 12, 11, 0),
	gsSP1Triangle(8, 13, 12, 0),
	gsSP1Triangle(13, 14, 12, 0),
	gsSP1Triangle(13, 15, 14, 0),
	gsSPVertex(ccm_dl_level_008_mesh_layer_1_vtx_5 + 160, 16, 0),
	gsSP1Triangle(0, 1, 2, 0),
	gsSP1Triangle(0, 2, 3, 0),
	gsSP1Triangle(4, 3, 2, 0),
	gsSP1Triangle(4, 2, 5, 0),
	gsSP1Triangle(6, 4, 5, 0),
	gsSP1Triangle(6, 7, 4, 0),
	gsSP1Triangle(8, 7, 6, 0),
	gsSP1Triangle(8, 9, 7, 0),
	gsSP1Triangle(9, 10, 7, 0),
	gsSP1Triangle(9, 11, 10, 0),
	gsSP1Triangle(7, 10, 12, 0),
	gsSP1Triangle(7, 12, 4, 0),
	gsSP1Triangle(13, 4, 12, 0),
	gsSP1Triangle(13, 3, 4, 0),
	gsSP1Triangle(14, 3, 13, 0),
	gsSP1Triangle(15, 14, 13, 0),
	gsSPVertex(ccm_dl_level_008_mesh_layer_1_vtx_5 + 176, 16, 0),
	gsSP1Triangle(0, 1, 2, 0),
	gsSP1Triangle(3, 4, 5, 0),
	gsSP1Triangle(6, 7, 8, 0),
	gsSP1Triangle(6, 9, 7, 0),
	gsSP1Triangle(10, 9, 6, 0),
	gsSP1Triangle(10, 11, 9, 0),
	gsSP1Triangle(11, 12, 9, 0),
	gsSP1Triangle(11, 13, 12, 0),
	gsSP1Triangle(13, 14, 12, 0),
	gsSP1Triangle(13, 15, 14, 0),
	gsSPVertex(ccm_dl_level_008_mesh_layer_1_vtx_5 + 192, 16, 0),
	gsSP1Triangle(0, 1, 2, 0),
	gsSP1Triangle(0, 3, 1, 0),
	gsSP1Triangle(3, 4, 1, 0),
	gsSP1Triangle(3, 5, 4, 0),
	gsSP1Triangle(5, 6, 4, 0),
	gsSP1Triangle(5, 7, 6, 0),
	gsSP1Triangle(7, 8, 6, 0),
	gsSP1Triangle(7, 9, 8, 0),
	gsSP1Triangle(9, 10, 8, 0),
	gsSP1Triangle(9, 11, 10, 0),
	gsSP1Triangle(12, 10, 11, 0),
	gsSP1Triangle(12, 13, 10, 0),
	gsSP1Triangle(14, 13, 12, 0),
	gsSP1Triangle(14, 15, 13, 0),
	gsSPVertex(ccm_dl_level_008_mesh_layer_1_vtx_5 + 208, 16, 0),
	gsSP1Triangle(0, 1, 2, 0),
	gsSP1Triangle(0, 2, 3, 0),
	gsSP1Triangle(4, 0, 3, 0),
	gsSP1Triangle(4, 3, 5, 0),
	gsSP1Triangle(6, 4, 5, 0),
	gsSP1Triangle(6, 5, 7, 0),
	gsSP1Triangle(8, 6, 7, 0),
	gsSP1Triangle(8, 7, 9, 0),
	gsSP1Triangle(10, 8, 9, 0),
	gsSP1Triangle(10, 9, 11, 0),
	gsSP1Triangle(12, 10, 11, 0),
	gsSP1Triangle(12, 11, 13, 0),
	gsSP1Triangle(14, 12, 13, 0),
	gsSP1Triangle(14, 13, 15, 0),
	gsSPVertex(ccm_dl_level_008_mesh_layer_1_vtx_5 + 224, 16, 0),
	gsSP1Triangle(0, 1, 2, 0),
	gsSP1Triangle(0, 2, 3, 0),
	gsSP1Triangle(4, 0, 3, 0),
	gsSP1Triangle(4, 3, 5, 0),
	gsSP1Triangle(6, 7, 8, 0),
	gsSP1Triangle(6, 9, 7, 0),
	gsSP1Triangle(10, 9, 6, 0),
	gsSP1Triangle(10, 11, 9, 0),
	gsSP1Triangle(12, 11, 10, 0),
	gsSP1Triangle(12, 13, 11, 0),
	gsSP1Triangle(12, 14, 13, 0),
	gsSP1Triangle(12, 15, 14, 0),
	gsSPVertex(ccm_dl_level_008_mesh_layer_1_vtx_5 + 240, 16, 0),
	gsSP1Triangle(0, 1, 2, 0),
	gsSP1Triangle(0, 3, 1, 0),
	gsSP1Triangle(0, 4, 3, 0),
	gsSP1Triangle(0, 5, 4, 0),
	gsSP1Triangle(3, 4, 6, 0),
	gsSP1Triangle(3, 6, 7, 0),
	gsSP1Triangle(1, 3, 7, 0),
	gsSP1Triangle(1, 7, 8, 0),
	gsSP1Triangle(9, 1, 8, 0),
	gsSP1Triangle(9, 8, 10, 0),
	gsSP1Triangle(11, 9, 10, 0),
	gsSP1Triangle(11, 10, 12, 0),
	gsSP1Triangle(13, 11, 12, 0),
	gsSP1Triangle(13, 12, 14, 0),
	gsSP1Triangle(15, 13, 14, 0),
	gsSPVertex(ccm_dl_level_008_mesh_layer_1_vtx_5 + 256, 16, 0),
	gsSP1Triangle(0, 1, 2, 0),
	gsSP1Triangle(3, 4, 5, 0),
	gsSP1Triangle(3, 5, 6, 0),
	gsSP1Triangle(6, 5, 7, 0),
	gsSP1Triangle(6, 7, 8, 0),
	gsSP1Triangle(9, 6, 8, 0),
	gsSP1Triangle(9, 8, 10, 0),
	gsSP1Triangle(11, 9, 10, 0),
	gsSP1Triangle(11, 10, 12, 0),
	gsSP1Triangle(13, 11, 12, 0),
	gsSP1Triangle(13, 12, 14, 0),
	gsSP1Triangle(15, 11, 13, 0),
	gsSPVertex(ccm_dl_level_008_mesh_layer_1_vtx_5 + 272, 16, 0),
	gsSP1Triangle(0, 1, 2, 0),
	gsSP1Triangle(0, 3, 1, 0),
	gsSP1Triangle(0, 4, 3, 0),
	gsSP1Triangle(0, 5, 4, 0),
	gsSP1Triangle(2, 6, 7, 0),
	gsSP1Triangle(8, 9, 10, 0),
	gsSP1Triangle(8, 11, 9, 0),
	gsSP1Triangle(12, 11, 8, 0),
	gsSP1Triangle(12, 13, 11, 0),
	gsSP1Triangle(14, 13, 12, 0),
	gsSP1Triangle(14, 15, 13, 0),
	gsSPVertex(ccm_dl_level_008_mesh_layer_1_vtx_5 + 288, 16, 0),
	gsSP1Triangle(0, 1, 2, 0),
	gsSP1Triangle(0, 3, 1, 0),
	gsSP1Triangle(0, 4, 3, 0),
	gsSP1Triangle(0, 5, 4, 0),
	gsSP1Triangle(6, 4, 5, 0),
	gsSP1Triangle(6, 7, 4, 0),
	gsSP1Triangle(4, 7, 8, 0),
	gsSP1Triangle(4, 8, 9, 0),
	gsSP1Triangle(3, 4, 9, 0),
	gsSP1Triangle(3, 9, 10, 0),
	gsSP1Triangle(1, 3, 10, 0),
	gsSP1Triangle(1, 10, 11, 0),
	gsSP1Triangle(12, 1, 11, 0),
	gsSP1Triangle(12, 11, 13, 0),
	gsSP1Triangle(14, 12, 13, 0),
	gsSP1Triangle(14, 13, 15, 0),
	gsSPVertex(ccm_dl_level_008_mesh_layer_1_vtx_5 + 304, 16, 0),
	gsSP1Triangle(0, 1, 2, 0),
	gsSP1Triangle(0, 2, 3, 0),
	gsSP1Triangle(4, 5, 6, 0),
	gsSP1Triangle(4, 7, 5, 0),
	gsSP1Triangle(8, 7, 4, 0),
	gsSP1Triangle(8, 9, 7, 0),
	gsSP1Triangle(9, 10, 7, 0),
	gsSP1Triangle(9, 11, 10, 0),
	gsSP1Triangle(11, 12, 10, 0),
	gsSP1Triangle(11, 13, 12, 0),
	gsSP1Triangle(13, 14, 12, 0),
	gsSP1Triangle(13, 15, 14, 0),
	gsSPVertex(ccm_dl_level_008_mesh_layer_1_vtx_5 + 320, 16, 0),
	gsSP1Triangle(0, 1, 2, 0),
	gsSP1Triangle(0, 3, 1, 0),
	gsSP1Triangle(4, 3, 0, 0),
	gsSP1Triangle(4, 5, 3, 0),
	gsSP1Triangle(6, 5, 4, 0),
	gsSP1Triangle(6, 7, 5, 0),
	gsSP1Triangle(8, 7, 6, 0),
	gsSP1Triangle(8, 9, 7, 0),
	gsSP1Triangle(7, 9, 10, 0),
	gsSP1Triangle(7, 10, 11, 0),
	gsSP1Triangle(5, 7, 11, 0),
	gsSP1Triangle(5, 11, 12, 0),
	gsSP1Triangle(3, 5, 12, 0),
	gsSP1Triangle(3, 12, 13, 0),
	gsSP1Triangle(1, 3, 13, 0),
	gsSP1Triangle(1, 13, 14, 0),
	gsSP1Triangle(15, 1, 14, 0),
	gsSPVertex(ccm_dl_level_008_mesh_layer_1_vtx_5 + 336, 16, 0),
	gsSP1Triangle(0, 1, 2, 0),
	gsSP1Triangle(3, 0, 2, 0),
	gsSP1Triangle(3, 2, 4, 0),
	gsSP1Triangle(5, 3, 4, 0),
	gsSP1Triangle(5, 4, 6, 0),
	gsSP1Triangle(7, 8, 9, 0),
	gsSP1Triangle(7, 9, 10, 0),
	gsSP1Triangle(10, 9, 11, 0),
	gsSP1Triangle(10, 11, 12, 0),
	gsSP1Triangle(13, 10, 12, 0),
	gsSP1Triangle(13, 12, 14, 0),
	gsSP1Triangle(15, 13, 14, 0),
	gsSPVertex(ccm_dl_level_008_mesh_layer_1_vtx_5 + 352, 14, 0),
	gsSP1Triangle(0, 1, 2, 0),
	gsSP1Triangle(3, 0, 2, 0),
	gsSP1Triangle(3, 2, 4, 0),
	gsSP1Triangle(5, 3, 4, 0),
	gsSP1Triangle(5, 4, 6, 0),
	gsSP1Triangle(7, 3, 5, 0),
	gsSP1Triangle(7, 0, 3, 0),
	gsSP1Triangle(7, 8, 0, 0),
	gsSP1Triangle(8, 9, 0, 0),
	gsSP1Triangle(8, 10, 9, 0),
	gsSP1Triangle(11, 9, 10, 0),
	gsSP1Triangle(11, 12, 9, 0),
	gsSP1Triangle(7, 5, 13, 0),
	gsSPVertex(ccm_dl_level_008_mesh_layer_1_vtx_5 + 366, 16, 0),
	gsSP1Triangle(0, 1, 2, 0),
	gsSP1Triangle(0, 3, 1, 0),
	gsSP1Triangle(4, 3, 0, 0),
	gsSP1Triangle(4, 5, 3, 0),
	gsSP1Triangle(5, 6, 3, 0),
	gsSP1Triangle(5, 7, 6, 0),
	gsSP1Triangle(8, 6, 7, 0),
	gsSP1Triangle(8, 7, 9, 0),
	gsSP1Triangle(9, 10, 8, 0),
	gsSP1Triangle(9, 11, 10, 0),
	gsSP1Triangle(11, 12, 10, 0),
	gsSP1Triangle(11, 13, 12, 0),
	gsSP1Triangle(13, 14, 12, 0),
	gsSP1Triangle(13, 15, 14, 0),
	gsSPVertex(ccm_dl_level_008_mesh_layer_1_vtx_5 + 382, 16, 0),
	gsSP1Triangle(0, 1, 2, 0),
	gsSP1Triangle(0, 3, 1, 0),
	gsSP1Triangle(3, 4, 1, 0),
	gsSP1Triangle(3, 5, 4, 0),
	gsSP1Triangle(5, 6, 4, 0),
	gsSP1Triangle(5, 7, 6, 0),
	gsSP1Triangle(8, 6, 7, 0),
	gsSP1Triangle(8, 9, 6, 0),
	gsSP1Triangle(8, 10, 9, 0),
	gsSP1Triangle(8, 11, 10, 0),
	gsSP1Triangle(12, 10, 11, 0),
	gsSP1Triangle(12, 13, 10, 0),
	gsSP1Triangle(14, 13, 12, 0),
	gsSP1Triangle(14, 15, 13, 0),
	gsSPVertex(ccm_dl_level_008_mesh_layer_1_vtx_5 + 398, 16, 0),
	gsSP1Triangle(0, 1, 2, 0),
	gsSP1Triangle(0, 2, 3, 0),
	gsSP1Triangle(4, 0, 3, 0),
	gsSP1Triangle(4, 3, 5, 0),
	gsSP1Triangle(6, 4, 5, 0),
	gsSP1Triangle(6, 5, 7, 0),
	gsSP1Triangle(8, 6, 7, 0),
	gsSP1Triangle(8, 7, 9, 0),
	gsSP1Triangle(10, 8, 9, 0),
	gsSP1Triangle(10, 9, 11, 0),
	gsSP1Triangle(12, 10, 11, 0),
	gsSP1Triangle(12, 11, 13, 0),
	gsSP1Triangle(14, 12, 13, 0),
	gsSP1Triangle(14, 13, 15, 0),
	gsSPVertex(ccm_dl_level_008_mesh_layer_1_vtx_5 + 414, 12, 0),
	gsSP1Triangle(0, 1, 2, 0),
	gsSP1Triangle(0, 2, 3, 0),
	gsSP1Triangle(4, 0, 3, 0),
	gsSP1Triangle(4, 3, 5, 0),
	gsSP1Triangle(6, 4, 5, 0),
	gsSP1Triangle(6, 5, 7, 0),
	gsSP1Triangle(8, 6, 7, 0),
	gsSP1Triangle(8, 7, 9, 0),
	gsSP1Triangle(10, 8, 9, 0),
	gsSP1Triangle(10, 9, 11, 0),
	gsSPEndDisplayList(),
};

Vtx ccm_dl_level_008_mesh_layer_1_vtx_6[92] = {
	{{{4639, 1823, -15335},0, {-5359, -13894},{0xB8, 0xBE, 0xFF, 0xFF}}},
	{{{4580, 1823, -16323},0, {-6085, -13909},{0xB8, 0xBE, 0xFF, 0xFF}}},
	{{{1817, 1823, -16972},0, {-6710, -11939},{0xB8, 0xBE, 0xFF, 0xFF}}},
	{{{1713, 1823, -16315},0, {-6250, -11813},{0xB8, 0xBE, 0xFF, 0xFF}}},
	{{{-388, 1823, -17034},0, {-6900, -10319},{0xB8, 0xBE, 0xFF, 0xFF}}},
	{{{-600, 1823, -16364},0, {-6423, -10125},{0xB8, 0xBE, 0xFF, 0xFF}}},
	{{{-2594, 1823, -17096},0, {-7062, -8710},{0xB8, 0xBE, 0xFF, 0xFF}}},
	{{{-2891, 1823, -16360},0, {-6556, -8450},{0xB8, 0xBE, 0xFF, 0xFF}}},
	{{{-4808, 1823, -16476},0, {-6758, -7052},{0xB8, 0xBE, 0xFF, 0xFF}}},
	{{{-5039, 1823, -15535},0, {-6080, -6831},{0xB8, 0xBE, 0xFF, 0xFF}}},
	{{{-7199, 1823, -16036},0, {-6574, -5281},{0xB8, 0xBE, 0xFF, 0xFF}}},
	{{{-7240, 1823, -14744},0, {-5632, -5175},{0xB8, 0xBE, 0xFF, 0xFF}}},
	{{{-5163, 1823, -13867},0, {-4868, -6641},{0xB8, 0xBE, 0xFF, 0xFF}}},
	{{{-7261, 1794, -12919},0, {-4270, -5048},{0xB8, 0xBE, 0xFF, 0xFF}}},
	{{{-5456, 1823, -12674},0, {-4013, -6356},{0xB8, 0xBE, 0xFF, 0xFF}}},
	{{{-7364, 1823, -12140},0, {-3736, -4930},{0xB8, 0xBE, 0xFF, 0xFF}}},
	{{{-7364, 1823, -12140},0, {-3736, -4930},{0xB8, 0xBE, 0xFF, 0xFF}}},
	{{{-7466, 1823, -11401},0, {-3201, -4811},{0xB8, 0xBE, 0xFF, 0xFF}}},
	{{{-5456, 1823, -12674},0, {-4013, -6356},{0xB8, 0xBE, 0xFF, 0xFF}}},
	{{{-3446, 1823, -13947},0, {-4824, -7901},{0xB8, 0xBE, 0xFF, 0xFF}}},
	{{{-5163, 1823, -13867},0, {-4868, -6641},{0xB8, 0xBE, 0xFF, 0xFF}}},
	{{{-3054, 1823, -14817},0, {-5437, -8239},{0xB8, 0xBE, 0xFF, 0xFF}}},
	{{{-987, 1823, -14001},0, {-4718, -9702},{0xB8, 0xBE, 0xFF, 0xFF}}},
	{{{-716, 1823, -14847},0, {-5320, -9950},{0xB8, 0xBE, 0xFF, 0xFF}}},
	{{{1472, 1823, -14056},0, {-4612, -11503},{0xB8, 0xBE, 0xFF, 0xFF}}},
	{{{1648, 1823, -14814},0, {-5156, -11676},{0xB8, 0xBE, 0xFF, 0xFF}}},
	{{{4670, 1823, -13629},0, {-4121, -13817},{0xB8, 0xBE, 0xFF, 0xFF}}},
	{{{3109, 1823, -13224},0, {-3907, -12650},{0xB8, 0xBE, 0xFF, 0xFF}}},
	{{{4746, 1823, -12392},0, {-3201, -13798},{0xB8, 0xBE, 0xFF, 0xFF}}},
	{{{1713, 1823, -16315},0, {-6250, -11813},{0xB8, 0xBE, 0xFF, 0xFF}}},
	{{{4639, 1823, -15335},0, {-5359, -13894},{0xB8, 0xBE, 0xFF, 0xFF}}},
	{{{-600, 1823, -16364},0, {-6423, -10125},{0xB8, 0xBE, 0xFF, 0xFF}}},
	{{{-716, 1823, -14847},0, {-5320, -9950},{0xB8, 0xBE, 0xFF, 0xFF}}},
	{{{-600, 1823, -16364},0, {-6423, -10125},{0xB8, 0xBE, 0xFF, 0xFF}}},
	{{{-2891, 1823, -16360},0, {-6556, -8450},{0xB8, 0xBE, 0xFF, 0xFF}}},
	{{{-3054, 1823, -14817},0, {-5437, -8239},{0xB8, 0xBE, 0xFF, 0xFF}}},
	{{{-5039, 1823, -15535},0, {-6080, -6831},{0xB8, 0xBE, 0xFF, 0xFF}}},
	{{{-5163, 1823, -13867},0, {-4868, -6641},{0xB8, 0xBE, 0xFF, 0xFF}}},
	{{{7485, 1493, -19396},0, {13801, -18416},{0x93, 0xC5, 0xFF, 0xFF}}},
	{{{6987, 1493, -20049},0, {13067, -19377},{0x93, 0xC5, 0xFF, 0xFF}}},
	{{{5766, 1493, -20475},0, {11272, -20005},{0x93, 0xC5, 0xFF, 0xFF}}},
	{{{6214, 1493, -19532},0, {11930, -18617},{0x93, 0xC5, 0xFF, 0xFF}}},
	{{{4363, 1471, -20306},0, {9163, -19751},{0x93, 0xC5, 0xFF, 0xFF}}},
	{{{4630, 1471, -19179},0, {9551, -18074},{0x93, 0xC5, 0xFF, 0xFF}}},
	{{{6064, 1477, -18643},0, {11731, -17287},{0x93, 0xC5, 0xFF, 0xFF}}},
	{{{4826, 1471, -18765},0, {9850, -17498},{0x93, 0xC5, 0xFF, 0xFF}}},
	{{{5639, 1460, -18270},0, {11163, -16702},{0x93, 0xC5, 0xFF, 0xFF}}},
	{{{5089, 1460, -18209},0, {10155, -16448},{0x93, 0xC5, 0xFF, 0xFF}}},
	{{{7272, 1471, -18791},0, {13480, -17507},{0x93, 0xC5, 0xFF, 0xFF}}},
	{{{6214, 1493, -19532},0, {11930, -18617},{0x93, 0xC5, 0xFF, 0xFF}}},
	{{{6064, 1477, -18643},0, {11731, -17287},{0x93, 0xC5, 0xFF, 0xFF}}},
	{{{7485, 1493, -19396},0, {13801, -18416},{0x93, 0xC5, 0xFF, 0xFF}}},
	{{{-6144, 687, -16925},0, {-6212, -14782},{0x93, 0xC5, 0xFF, 0xFF}}},
	{{{-5826, 684, -17864},0, {-5266, -16479},{0x93, 0xC5, 0xFF, 0xFF}}},
	{{{-6258, 687, -17973},0, {-6347, -16396},{0x93, 0xC5, 0xFF, 0xFF}}},
	{{{-6729, 692, -16831},0, {-7118, -14642},{0x93, 0xC5, 0xFF, 0xFF}}},
	{{{-6928, 687, -17941},0, {-7408, -16313},{0x93, 0xC5, 0xFF, 0xFF}}},
	{{{-7349, 692, -16747},0, {-8030, -14518},{0x93, 0xC5, 0xFF, 0xFF}}},
	{{{-7765, 684, -17730},0, {-8574, -16127},{0x93, 0xC5, 0xFF, 0xFF}}},
	{{{-8722, 687, -17053},0, {-10103, -14982},{0x93, 0xC5, 0xFF, 0xFF}}},
	{{{-8412, 687, -15718},0, {-9636, -12960},{0x93, 0xC5, 0xFF, 0xFF}}},
	{{{-9004, 684, -16163},0, {-10761, -13503},{0x93, 0xC5, 0xFF, 0xFF}}},
	{{{-7805, 687, -15885},0, {-8730, -13204},{0x93, 0xC5, 0xFF, 0xFF}}},
	{{{-7226, 684, -16124},0, {-7809, -13472},{0x93, 0xC5, 0xFF, 0xFF}}},
	{{{-5538, 1580, -19340},0, {-5338, -18320},{0x93, 0xC5, 0xFF, 0xFF}}},
	{{{-5163, 1580, -20458},0, {-4799, -19981},{0x93, 0xC5, 0xFF, 0xFF}}},
	{{{-5612, 1604, -20398},0, {-5473, -19891},{0x93, 0xC5, 0xFF, 0xFF}}},
	{{{-6177, 1604, -19532},0, {-6306, -18618},{0x93, 0xC5, 0xFF, 0xFF}}},
	{{{-6547, 1604, -20150},0, {-7032, -19751},{0x93, 0xC5, 0xFF, 0xFF}}},
	{{{-7445, 1604, -19243},0, {-8172, -18192},{0x93, 0xC5, 0xFF, 0xFF}}},
	{{{-6845, 1580, -18737},0, {-7296, -17423},{0x93, 0xC5, 0xFF, 0xFF}}},
	{{{-8194, 1580, -18696},0, {-9296, -17369},{0x93, 0xC5, 0xFF, 0xFF}}},
	{{{-6276, 1568, -18822},0, {-6529, -17422},{0x93, 0xC5, 0xFF, 0xFF}}},
	{{{707, 684, -18913},0, {3962, -17373},{0x93, 0xC5, 0xFF, 0xFF}}},
	{{{-156, 687, -19766},0, {2507, -18960},{0x93, 0xC5, 0xFF, 0xFF}}},
	{{{95, 684, -18920},0, {2772, -17484},{0x93, 0xC5, 0xFF, 0xFF}}},
	{{{1083, 688, -19934},0, {4390, -19194},{0x93, 0xC5, 0xFF, 0xFF}}},
	{{{357, 687, -20544},0, {3269, -20095},{0x93, 0xC5, 0xFF, 0xFF}}},
	{{{1678, 692, -20891},0, {5255, -20617},{0x93, 0xC5, 0xFF, 0xFF}}},
	{{{2465, 684, -20070},0, {6824, -19279},{0x93, 0xC5, 0xFF, 0xFF}}},
	{{{2465, 684, -20070},0, {6824, -19279},{0x93, 0xC5, 0xFF, 0xFF}}},
	{{{2747, 687, -20541},0, {6861, -20090},{0x93, 0xC5, 0xFF, 0xFF}}},
	{{{1678, 692, -20891},0, {5255, -20617},{0x93, 0xC5, 0xFF, 0xFF}}},
	{{{-1852, 978, -18685},0, {112, -17375},{0x93, 0xC5, 0xFF, 0xFF}}},
	{{{-2103, 973, -19148},0, {-53, -18100},{0x93, 0xC5, 0xFF, 0xFF}}},
	{{{-3089, 978, -19448},0, {-1756, -18530},{0x93, 0xC5, 0xFF, 0xFF}}},
	{{{-3175, 990, -18547},0, {-1887, -17168},{0x93, 0xC5, 0xFF, 0xFF}}},
	{{{-4212, 973, -19185},0, {-3634, -18129},{0x93, 0xC5, 0xFF, 0xFF}}},
	{{{-4732, 978, -18807},0, {-4222, -17563},{0x93, 0xC5, 0xFF, 0xFF}}},
	{{{-3747, 978, -17873},0, {-2742, -16144},{0x93, 0xC5, 0xFF, 0xFF}}},
	{{{-5059, 973, -18164},0, {-5266, -16479},{0x93, 0xC5, 0xFF, 0xFF}}},
	{{{-2490, 973, -18230},0, {-666, -16675},{0x93, 0xC5, 0xFF, 0xFF}}},
};

Gfx ccm_dl_level_008_mesh_layer_1_tri_6[] = {
	gsSPVertex(ccm_dl_level_008_mesh_layer_1_vtx_6 + 0, 16, 0),
	gsSP1Triangle(0, 1, 2, 0),
	gsSP1Triangle(0, 2, 3, 0),
	gsSP1Triangle(3, 2, 4, 0),
	gsSP1Triangle(3, 4, 5, 0),
	gsSP1Triangle(5, 4, 6, 0),
	gsSP1Triangle(5, 6, 7, 0),
	gsSP1Triangle(7, 6, 8, 0),
	gsSP1Triangle(7, 8, 9, 0),
	gsSP1Triangle(9, 8, 10, 0),
	gsSP1Triangle(9, 10, 11, 0),
	gsSP1Triangle(12, 9, 11, 0),
	gsSP1Triangle(12, 11, 13, 0),
	gsSP1Triangle(14, 12, 13, 0),
	gsSP1Triangle(13, 15, 14, 0),
	gsSPVertex(ccm_dl_level_008_mesh_layer_1_vtx_6 + 16, 16, 0),
	gsSP1Triangle(0, 1, 2, 0),
	gsSP1Triangle(3, 4, 2, 0),
	gsSP1Triangle(3, 5, 4, 0),
	gsSP1Triangle(6, 5, 3, 0),
	gsSP1Triangle(6, 7, 5, 0),
	gsSP1Triangle(8, 7, 6, 0),
	gsSP1Triangle(8, 9, 7, 0),
	gsSP1Triangle(10, 9, 8, 0),
	gsSP1Triangle(11, 10, 8, 0),
	gsSP1Triangle(11, 12, 10, 0),
	gsSP1Triangle(10, 13, 9, 0),
	gsSP1Triangle(10, 14, 13, 0),
	gsSP1Triangle(9, 13, 15, 0),
	gsSP1Triangle(9, 15, 7, 0),
	gsSPVertex(ccm_dl_level_008_mesh_layer_1_vtx_6 + 32, 16, 0),
	gsSP1Triangle(0, 1, 2, 0),
	gsSP1Triangle(0, 2, 3, 0),
	gsSP1Triangle(3, 2, 4, 0),
	gsSP1Triangle(3, 4, 5, 0),
	gsSP1Triangle(6, 7, 8, 0),
	gsSP1Triangle(6, 8, 9, 0),
	gsSP1Triangle(9, 8, 10, 0),
	gsSP1Triangle(9, 10, 11, 0),
	gsSP1Triangle(12, 9, 11, 0),
	gsSP1Triangle(12, 11, 13, 0),
	gsSP1Triangle(14, 12, 13, 0),
	gsSP1Triangle(14, 13, 15, 0),
	gsSPVertex(ccm_dl_level_008_mesh_layer_1_vtx_6 + 48, 16, 0),
	gsSP1Triangle(0, 1, 2, 0),
	gsSP1Triangle(0, 3, 1, 0),
	gsSP1Triangle(4, 5, 6, 0),
	gsSP1Triangle(4, 6, 7, 0),
	gsSP1Triangle(7, 6, 8, 0),
	gsSP1Triangle(7, 8, 9, 0),
	gsSP1Triangle(9, 8, 10, 0),
	gsSP1Triangle(9, 10, 11, 0),
	gsSP1Triangle(12, 9, 11, 0),
	gsSP1Triangle(12, 11, 13, 0),
	gsSP1Triangle(14, 9, 12, 0),
	gsSP1Triangle(14, 7, 9, 0),
	gsSP1Triangle(15, 7, 14, 0),
	gsSP1Triangle(15, 4, 7, 0),
	gsSPVertex(ccm_dl_level_008_mesh_layer_1_vtx_6 + 64, 16, 0),
	gsSP1Triangle(0, 1, 2, 0),
	gsSP1Triangle(0, 2, 3, 0),
	gsSP1Triangle(3, 2, 4, 0),
	gsSP1Triangle(3, 4, 5, 0),
	gsSP1Triangle(6, 3, 5, 0),
	gsSP1Triangle(6, 5, 7, 0),
	gsSP1Triangle(8, 3, 6, 0),
	gsSP1Triangle(8, 0, 3, 0),
	gsSP1Triangle(9, 10, 11, 0),
	gsSP1Triangle(9, 12, 10, 0),
	gsSP1Triangle(12, 13, 10, 0),
	gsSP1Triangle(12, 14, 13, 0),
	gsSP1Triangle(15, 14, 12, 0),
	gsSPVertex(ccm_dl_level_008_mesh_layer_1_vtx_6 + 80, 12, 0),
	gsSP1Triangle(0, 1, 2, 0),
	gsSP1Triangle(3, 4, 5, 0),
	gsSP1Triangle(3, 5, 6, 0),
	gsSP1Triangle(6, 5, 7, 0),
	gsSP1Triangle(6, 7, 8, 0),
	gsSP1Triangle(9, 6, 8, 0),
	gsSP1Triangle(9, 8, 10, 0),
	gsSP1Triangle(11, 6, 9, 0),
	gsSP1Triangle(11, 3, 6, 0),
	gsSPEndDisplayList(),
};

Vtx ccm_dl_level_008_mesh_layer_1_vtx_7[504] = {
	{{{-9985, -2154, -9021},0, {16089, 2032},{0xC3, 0xE4, 0xFF, 0xFF}}},
	{{{-9597, -2154, -10588},0, {18414, 2032},{0xB9, 0xD9, 0xFF, 0xFF}}},
	{{{-9597, -2016, -10588},0, {18414, 1298},{0xAF, 0xDA, 0xFF, 0xFF}}},
	{{{-10016, -2007, -9021},0, {16089, 1298},{0xB5, 0xD9, 0xFF, 0xFF}}},
	{{{-9597, -1878, -10588},0, {18414, 564},{0xA5, 0xDA, 0xFF, 0xFF}}},
	{{{-10048, -1861, -9021},0, {16089, 564},{0xA7, 0xCF, 0xFF, 0xFF}}},
	{{{-10436, -1999, -7455},0, {13764, 1298},{0xBB, 0xD9, 0xFF, 0xFF}}},
	{{{-10499, -1844, -7455},0, {13764, 564},{0xA9, 0xC4, 0xFF, 0xFF}}},
	{{{-9933, -1999, -5594},0, {10753, 1298},{0xB9, 0xE5, 0xFF, 0xFF}}},
	{{{-9969, -1844, -5537},0, {10753, 564},{0xA7, 0xDB, 0xFF, 0xFF}}},
	{{{-9431, -1999, -3733},0, {7742, 1298},{0xB8, 0xF0, 0xFF, 0xFF}}},
	{{{-9438, -1844, -3619},0, {7742, 564},{0xA5, 0xF2, 0xFF, 0xFF}}},
	{{{-8221, -1999, -3130},0, {5694, 1298},{0xCC, 0xEE, 0xFF, 0xFF}}},
	{{{-8308, -1844, -3056},0, {5694, 564},{0xCC, 0xEE, 0xFF, 0xFF}}},
	{{{-7791, -1999, -1849},0, {3983, 1298},{0x97, 0xAF, 0xFF, 0xFF}}},
	{{{-7907, -1844, -1859},0, {3983, 564},{0x76, 0x88, 0xFF, 0xFF}}},
	{{{-8093, -1999, -1244},0, {3007, 1298},{0xA7, 0xCF, 0xFF, 0xFF}}},
	{{{-7791, -1999, -1849},0, {3983, 1298},{0x97, 0xAF, 0xFF, 0xFF}}},
	{{{-7907, -1844, -1859},0, {3983, 564},{0x76, 0x88, 0xFF, 0xFF}}},
	{{{-8188, -1844, -1294},0, {3007, 564},{0x8D, 0xBC, 0xFF, 0xFF}}},
	{{{-8394, -1999, -639},0, {2032, 1298},{0xB8, 0xEF, 0xFF, 0xFF}}},
	{{{-8469, -1844, -729},0, {2032, 564},{0xA3, 0xEF, 0xFF, 0xFF}}},
	{{{-9675, -1999, -210},0, {-16, 1298},{0xA2, 0xBC, 0xFF, 0xFF}}},
	{{{-9667, -1844, -327},0, {-16, 564},{0x77, 0x89, 0xFF, 0xFF}}},
	{{{-10885, -1999, -812},0, {-1994, 1298},{0xB6, 0xEA, 0xFF, 0xFF}}},
	{{{-10797, -1844, -890},0, {-1994, 564},{0x9F, 0xE6, 0xFF, 0xFF}}},
	{{{-11099, -1999, -1453},0, {-2969, 1298},{0xB0, 0xD8, 0xFF, 0xFF}}},
	{{{-10998, -1844, -1489},0, {-2969, 564},{0x94, 0xC3, 0xFF, 0xFF}}},
	{{{-11314, -1999, -2093},0, {-3945, 1298},{0xAB, 0xC7, 0xFF, 0xFF}}},
	{{{-11199, -1844, -2087},0, {-3945, 564},{0x89, 0x9F, 0xFF, 0xFF}}},
	{{{-10712, -1999, -3303},0, {-5656, 1298},{0xA1, 0xBB, 0xFF, 0xFF}}},
	{{{-10636, -1844, -3218},0, {-5656, 564},{0x77, 0x89, 0xFF, 0xFF}}},
	{{{-11170, -1999, -5411},0, {-8667, 1298},{0xA8, 0xD6, 0xFF, 0xFF}}},
	{{{-10712, -1999, -3303},0, {-5656, 1298},{0xA1, 0xBB, 0xFF, 0xFF}}},
	{{{-10636, -1844, -3218},0, {-5656, 564},{0x77, 0x89, 0xFF, 0xFF}}},
	{{{-11100, -1844, -5369},0, {-8667, 564},{0x8F, 0xBF, 0xFF, 0xFF}}},
	{{{-11628, -1999, -7520},0, {-11678, 1298},{0xB0, 0xF1, 0xFF, 0xFF}}},
	{{{-11564, -1844, -7520},0, {-11678, 564},{0xA6, 0xF5, 0xFF, 0xFF}}},
	{{{-11466, -1998, -9183},0, {-14003, 1298},{0xAF, 0xE5, 0xFF, 0xFF}}},
	{{{-11435, -1842, -9183},0, {-14003, 564},{0xA6, 0xE8, 0xFF, 0xFF}}},
	{{{-11305, -1997, -10847},0, {-16327, 1298},{0xAF, 0xD9, 0xFF, 0xFF}}},
	{{{-11305, -1841, -10847},0, {-16327, 564},{0xA5, 0xDA, 0xFF, 0xFF}}},
	{{{-11305, -2154, -10847},0, {-16327, 2032},{0xB9, 0xD8, 0xFF, 0xFF}}},
	{{{-11498, -2154, -9183},0, {-14003, 2032},{0xB9, 0xE3, 0xFF, 0xFF}}},
	{{{-11692, -2154, -7520},0, {-11678, 2032},{0xB9, 0xED, 0xFF, 0xFF}}},
	{{{-11240, -2154, -5454},0, {-8667, 2032},{0xC2, 0xED, 0xFF, 0xFF}}},
	{{{-10788, -2154, -3388},0, {-5656, 2032},{0xCB, 0xED, 0xFF, 0xFF}}},
	{{{-11430, -2154, -2099},0, {-3945, 2032},{0xCC, 0xEE, 0xFF, 0xFF}}},
	{{{-11430, -2154, -2099},0, {-3945, 2032},{0xCC, 0xEE, 0xFF, 0xFF}}},
	{{{-11314, -1999, -2093},0, {-3945, 1298},{0xAB, 0xC7, 0xFF, 0xFF}}},
	{{{-10712, -1999, -3303},0, {-5656, 1298},{0xA1, 0xBB, 0xFF, 0xFF}}},
	{{{-11099, -1999, -1453},0, {-2969, 1298},{0xB0, 0xD8, 0xFF, 0xFF}}},
	{{{-11201, -2154, -1417},0, {-2969, 2032},{0xCC, 0xEE, 0xFF, 0xFF}}},
	{{{-10885, -1999, -812},0, {-1994, 1298},{0xB6, 0xEA, 0xFF, 0xFF}}},
	{{{-10972, -2154, -734},0, {-1994, 2032},{0xCC, 0xEE, 0xFF, 0xFF}}},
	{{{-9675, -1999, -210},0, {-16, 1298},{0xA2, 0xBC, 0xFF, 0xFF}}},
	{{{-9683, -2154, -93},0, {-16, 2032},{0xCC, 0xEE, 0xFF, 0xFF}}},
	{{{-8394, -1999, -639},0, {2032, 1298},{0xB8, 0xEF, 0xFF, 0xFF}}},
	{{{-8318, -2154, -550},0, {2032, 2032},{0xCC, 0xEE, 0xFF, 0xFF}}},
	{{{-8093, -1999, -1244},0, {3007, 1298},{0xA7, 0xCF, 0xFF, 0xFF}}},
	{{{-7997, -2154, -1195},0, {3007, 2032},{0xC2, 0xE2, 0xFF, 0xFF}}},
	{{{-7791, -1999, -1849},0, {3983, 1298},{0x97, 0xAF, 0xFF, 0xFF}}},
	{{{-7676, -2154, -1839},0, {3983, 2032},{0xB7, 0xD5, 0xFF, 0xFF}}},
	{{{-8221, -1999, -3130},0, {5694, 1298},{0xCC, 0xEE, 0xFF, 0xFF}}},
	{{{-7676, -2154, -1839},0, {3983, 2032},{0xB7, 0xD5, 0xFF, 0xFF}}},
	{{{-8134, -2154, -3204},0, {5694, 2032},{0xCC, 0xEE, 0xFF, 0xFF}}},
	{{{-8221, -1999, -3130},0, {5694, 1298},{0xCC, 0xEE, 0xFF, 0xFF}}},
	{{{-9423, -2154, -3846},0, {7742, 2032},{0xCB, 0xEE, 0xFF, 0xFF}}},
	{{{-9431, -1999, -3733},0, {7742, 1298},{0xB8, 0xF0, 0xFF, 0xFF}}},
	{{{-9933, -1999, -5594},0, {10753, 1298},{0xB9, 0xE5, 0xFF, 0xFF}}},
	{{{-9897, -2154, -5651},0, {10753, 2032},{0xCC, 0xEE, 0xFF, 0xFF}}},
	{{{-10436, -1999, -7455},0, {13764, 1298},{0xBB, 0xD9, 0xFF, 0xFF}}},
	{{{-10372, -2154, -7455},0, {13764, 2032},{0xCC, 0xEE, 0xFF, 0xFF}}},
	{{{-10016, -2007, -9021},0, {16089, 1298},{0xB5, 0xD9, 0xFF, 0xFF}}},
	{{{-9985, -2154, -9021},0, {16089, 2032},{0xC3, 0xE4, 0xFF, 0xFF}}},
	{{{-11305, 445, -10847},0, {-2968, -1143},{0x98, 0xE1, 0xFF, 0xFF}}},
	{{{-9597, -1520, -10588},0, {-180, 895},{0xA9, 0xDD, 0xFF, 0xFF}}},
	{{{-9597, -1102, -10588},0, {-180, -241},{0x98, 0xE1, 0xFF, 0xFF}}},
	{{{-11305, -962, -10847},0, {-2968, 444},{0xA9, 0xDD, 0xFF, 0xFF}}},
	{{{-13012, -855, -11106},0, {-5591, 332},{0xB7, 0xE9, 0xFF, 0xFF}}},
	{{{-13012, -855, -11106},0, {-5591, 332},{0xB7, 0xE9, 0xFF, 0xFF}}},
	{{{-11305, 445, -10847},0, {-2968, -1143},{0x98, 0xE1, 0xFF, 0xFF}}},
	{{{-13012, 445, -11106},0, {-5591, -1369},{0xA1, 0xE3, 0xFF, 0xFF}}},
	{{{-13012, -2154, -11106},0, {-5591, 2032},{0xCC, 0xEE, 0xFF, 0xFF}}},
	{{{-11305, -962, -10847},0, {-2968, 444},{0xA9, 0xDD, 0xFF, 0xFF}}},
	{{{-11305, -2154, -10847},0, {-2968, 2032},{0xB9, 0xD8, 0xFF, 0xFF}}},
	{{{-9597, -1520, -10588},0, {-180, 895},{0xA9, 0xDD, 0xFF, 0xFF}}},
	{{{-9597, -2154, -10588},0, {-180, 2032},{0xB9, 0xD9, 0xFF, 0xFF}}},
	{{{-7890, -1628, -10328},0, {2032, 1008},{0xB2, 0xE8, 0xFF, 0xFF}}},
	{{{-7890, -2154, -10328},0, {2032, 2032},{0xCC, 0xEE, 0xFF, 0xFF}}},
	{{{-7890, -1102, -10328},0, {2032, -16},{0x98, 0xE1, 0xFF, 0xFF}}},
	{{{-9597, -1102, -10588},0, {-180, -241},{0x98, 0xE1, 0xFF, 0xFF}}},
	{{{-8494, -1311, 3295},0, {-11922, 620},{0xCC, 0xEE, 0xFF, 0xFF}}},
	{{{-9214, -798, 3998},0, {-10234, -769},{0xCC, 0xEE, 0xFF, 0xFF}}},
	{{{-8459, -335, 3341},0, {-11922, -792},{0xCC, 0xEE, 0xFF, 0xFF}}},
	{{{-9242, -1582, 3902},0, {-10234, 631},{0xCC, 0xEE, 0xFF, 0xFF}}},
	{{{-8531, -2229, 3256},0, {-11922, 2032},{0xCC, 0xEE, 0xFF, 0xFF}}},
	{{{-9242, -1582, 3902},0, {-10234, 631},{0xCC, 0xEE, 0xFF, 0xFF}}},
	{{{-8494, -1311, 3295},0, {-11922, 620},{0xCC, 0xEE, 0xFF, 0xFF}}},
	{{{-9252, -2335, 3836},0, {-10234, 2032},{0xCC, 0xEE, 0xFF, 0xFF}}},
	{{{-10005, -1716, 3182},0, {-8103, 843},{0xA5, 0xC1, 0xFF, 0xFF}}},
	{{{-9997, -2247, 3166},0, {-8103, 2032},{0xCC, 0xEE, 0xFF, 0xFF}}},
	{{{-10146, -1670, 2189},0, {-6398, 869},{0xCC, 0xEE, 0xFF, 0xFF}}},
	{{{-10031, -2142, 2104},0, {-6398, 2032},{0xCC, 0xEE, 0xFF, 0xFF}}},
	{{{-10342, -1797, 497},0, {-3790, 1163},{0xCA, 0xEB, 0xFF, 0xFF}}},
	{{{-10288, -2143, 422},0, {-3790, 2032},{0xCC, 0xEE, 0xFF, 0xFF}}},
	{{{-11095, -1797, 454},0, {-2463, 1150},{0xA8, 0xC5, 0xFF, 0xFF}}},
	{{{-11160, -2143, 411},0, {-2463, 2032},{0xCC, 0xEE, 0xFF, 0xFF}}},
	{{{-10981, -1671, 2144},0, {169, 603},{0xCC, 0xEE, 0xFF, 0xFF}}},
	{{{-11052, -2139, 2145},0, {169, 2032},{0xCC, 0xEE, 0xFF, 0xFF}}},
	{{{-10859, -1706, 2862},0, {1266, 575},{0xC3, 0xF0, 0xFF, 0xFF}}},
	{{{-10916, -2226, 2893},0, {1266, 2032},{0xCC, 0xEE, 0xFF, 0xFF}}},
	{{{-10916, -2226, 2893},0, {1266, 2032},{0xCC, 0xEE, 0xFF, 0xFF}}},
	{{{-10723, -1749, 3511},0, {2272, 570},{0xB9, 0xF2, 0xFF, 0xFF}}},
	{{{-10859, -1706, 2862},0, {1266, 575},{0xC3, 0xF0, 0xFF, 0xFF}}},
	{{{-10757, -2312, 3585},0, {2272, 2032},{0xCC, 0xEE, 0xFF, 0xFF}}},
	{{{-10273, -1763, 3911},0, {3203, 477},{0xCC, 0xEE, 0xFF, 0xFF}}},
	{{{-10361, -2353, 3920},0, {3203, 2032},{0xCC, 0xEE, 0xFF, 0xFF}}},
	{{{-9445, -1623, 4379},0, {4668, 467},{0xB9, 0xF2, 0xFF, 0xFF}}},
	{{{-9477, -2395, 4450},0, {4668, 2032},{0xCC, 0xEE, 0xFF, 0xFF}}},
	{{{-8584, -1615, 4532},0, {5754, 368},{0xBA, 0xF2, 0xFF, 0xFF}}},
	{{{-8544, -2379, 4584},0, {5754, 2032},{0xCC, 0xEE, 0xFF, 0xFF}}},
	{{{-8413, -1615, 4374},0, {6106, 363},{0xC3, 0xF0, 0xFF, 0xFF}}},
	{{{-8295, -2396, 4453},0, {6106, 2032},{0xCC, 0xEE, 0xFF, 0xFF}}},
	{{{-8260, -1604, 4177},0, {6478, 363},{0xCC, 0xEE, 0xFF, 0xFF}}},
	{{{-8082, -2396, 4258},0, {6478, 2032},{0xCC, 0xEE, 0xFF, 0xFF}}},
	{{{-7765, -1381, 3543},0, {7977, 363},{0xCC, 0xEE, 0xFF, 0xFF}}},
	{{{-7619, -2386, 3606},0, {7977, 2032},{0xCC, 0xEE, 0xFF, 0xFF}}},
	{{{-7619, -2386, 3606},0, {7977, 2032},{0xCC, 0xEE, 0xFF, 0xFF}}},
	{{{-7244, -1123, 2810},0, {9632, 363},{0xB9, 0xF2, 0xFF, 0xFF}}},
	{{{-7765, -1381, 3543},0, {7977, 363},{0xCC, 0xEE, 0xFF, 0xFF}}},
	{{{-7133, -2376, 2874},0, {9632, 2032},{0xCC, 0xEE, 0xFF, 0xFF}}},
	{{{-6800, -600, 979},0, {12174, 363},{0xB1, 0xCF, 0xFF, 0xFF}}},
	{{{-6719, -2345, 1014},0, {12174, 2032},{0xCC, 0xEE, 0xFF, 0xFF}}},
	{{{-6383, -507, 370},0, {13239, 363},{0xBE, 0xDE, 0xFF, 0xFF}}},
	{{{-6271, -2209, 416},0, {13239, 2032},{0xCC, 0xEE, 0xFF, 0xFF}}},
	{{{-6015, -440, -174},0, {14236, 361},{0xCC, 0xEE, 0xFF, 0xFF}}},
	{{{-5859, -2073, -145},0, {14236, 2032},{0xCC, 0xEE, 0xFF, 0xFF}}},
	{{{-6239, -435, -473},0, {14875, 341},{0xC1, 0xE2, 0xFF, 0xFF}}},
	{{{-6185, -2068, -524},0, {14875, 2032},{0xCC, 0xEE, 0xFF, 0xFF}}},
	{{{-6547, -437, -668},0, {15514, 330},{0xB7, 0xD6, 0xFF, 0xFF}}},
	{{{-6577, -2072, -792},0, {15514, 2032},{0xCC, 0xEE, 0xFF, 0xFF}}},
	{{{-6988, -443, -236},0, {16512, 405},{0xB8, 0xE4, 0xFF, 0xFF}}},
	{{{-7044, -2084, -308},0, {16512, 2032},{0xCC, 0xEE, 0xFF, 0xFF}}},
	{{{-7044, -2084, -308},0, {16512, 2032},{0xCC, 0xEE, 0xFF, 0xFF}}},
	{{{-7413, -477, 333},0, {17629, 489},{0xB9, 0xF2, 0xFF, 0xFF}}},
	{{{-6988, -443, -236},0, {16512, 405},{0xB8, 0xE4, 0xFF, 0xFF}}},
	{{{-7495, -2098, 268},0, {17629, 2032},{0xCC, 0xEE, 0xFF, 0xFF}}},
	{{{-7582, -736, 1433},0, {19410, 556},{0xB0, 0xDB, 0xFF, 0xFF}}},
	{{{-7652, -2123, 1397},0, {19410, 2032},{0xCC, 0xEE, 0xFF, 0xFF}}},
	{{{-7744, -1009, 2517},0, {21169, 614},{0xA7, 0xC4, 0xFF, 0xFF}}},
	{{{-7804, -2150, 2515},0, {21169, 2032},{0xCC, 0xEE, 0xFF, 0xFF}}},
	{{{-8494, -1311, 3295},0, {22894, 620},{0xCC, 0xEE, 0xFF, 0xFF}}},
	{{{-8531, -2229, 3256},0, {22894, 2032},{0xCC, 0xEE, 0xFF, 0xFF}}},
	{{{-8459, -335, 3341},0, {22894, -792},{0xCC, 0xEE, 0xFF, 0xFF}}},
	{{{-7676, 167, 2582},0, {21169, -804},{0x82, 0x99, 0xFF, 0xFF}}},
	{{{-7526, 712, 1457},0, {19410, -920},{0x94, 0xC7, 0xFF, 0xFF}}},
	{{{-7374, 1246, 326},0, {17629, -1053},{0xA6, 0xF5, 0xFF, 0xFF}}},
	{{{-6951, 1269, -180},0, {16512, -1221},{0xA4, 0xD9, 0xFF, 0xFF}}},
	{{{-6547, -437, -668},0, {15514, 330},{0xB7, 0xD6, 0xFF, 0xFF}}},
	{{{-6547, -437, -668},0, {15514, 330},{0xB7, 0xD6, 0xFF, 0xFF}}},
	{{{-6951, 1269, -180},0, {16512, -1221},{0xA4, 0xD9, 0xFF, 0xFF}}},
	{{{-6535, 1269, -591},0, {15514, -1372},{0xA1, 0xBD, 0xFF, 0xFF}}},
	{{{-6239, -435, -473},0, {14875, 341},{0xC1, 0xE2, 0xFF, 0xFF}}},
	{{{-6290, 1269, -443},0, {14875, -1350},{0xB7, 0xD6, 0xFF, 0xFF}}},
	{{{-6015, -440, -174},0, {14236, 361},{0xCC, 0xEE, 0xFF, 0xFF}}},
	{{{-6125, 1269, -194},0, {14236, -1311},{0xCC, 0xEE, 0xFF, 0xFF}}},
	{{{-6383, -507, 370},0, {13239, 363},{0xBE, 0xDE, 0xFF, 0xFF}}},
	{{{-6475, 1269, 344},0, {13239, -1307},{0xB1, 0xCF, 0xFF, 0xFF}}},
	{{{-6800, -600, 979},0, {12174, 363},{0xB1, 0xCF, 0xFF, 0xFF}}},
	{{{-6878, 1246, 933},0, {12174, -1307},{0x95, 0xAF, 0xFF, 0xFF}}},
	{{{-7244, -1123, 2810},0, {9632, 363},{0xB9, 0xF2, 0xFF, 0xFF}}},
	{{{-7329, 167, 2812},0, {9632, -1307},{0xA6, 0xF5, 0xFF, 0xFF}}},
	{{{-7765, -1381, 3543},0, {7977, 363},{0xCC, 0xEE, 0xFF, 0xFF}}},
	{{{-7883, -335, 3499},0, {7977, -1307},{0xCC, 0xEE, 0xFF, 0xFF}}},
	{{{-8260, -1604, 4177},0, {6478, 363},{0xCC, 0xEE, 0xFF, 0xFF}}},
	{{{-8260, -1604, 4177},0, {6478, 363},{0xCC, 0xEE, 0xFF, 0xFF}}},
	{{{-7883, -335, 3499},0, {7977, -1307},{0xCC, 0xEE, 0xFF, 0xFF}}},
	{{{-8404, -790, 4121},0, {6478, -1307},{0xCC, 0xEE, 0xFF, 0xFF}}},
	{{{-8413, -1615, 4374},0, {6106, 363},{0xC3, 0xF0, 0xFF, 0xFF}}},
	{{{-8504, -800, 4313},0, {6106, -1307},{0xBA, 0xF2, 0xFF, 0xFF}}},
	{{{-8584, -1615, 4532},0, {5754, 368},{0xBA, 0xF2, 0xFF, 0xFF}}},
	{{{-8627, -800, 4475},0, {5754, -1296},{0xA7, 0xF5, 0xFF, 0xFF}}},
	{{{-9445, -1623, 4379},0, {4668, 467},{0xB9, 0xF2, 0xFF, 0xFF}}},
	{{{-9421, -808, 4346},0, {4668, -1098},{0xA6, 0xF5, 0xFF, 0xFF}}},
	{{{-10273, -1763, 3911},0, {3203, 477},{0xCC, 0xEE, 0xFF, 0xFF}}},
	{{{-10211, -1158, 3898},0, {3203, -1078},{0xCC, 0xEE, 0xFF, 0xFF}}},
	{{{-10723, -1749, 3511},0, {2272, 570},{0xB9, 0xF2, 0xFF, 0xFF}}},
	{{{-10701, -1165, 3485},0, {2272, -893},{0xA6, 0xF5, 0xFF, 0xFF}}},
	{{{-10859, -1706, 2862},0, {1266, 575},{0xC3, 0xF0, 0xFF, 0xFF}}},
	{{{-10814, -1165, 2839},0, {1266, -883},{0xB9, 0xF2, 0xFF, 0xFF}}},
	{{{-10981, -1671, 2144},0, {169, 603},{0xCC, 0xEE, 0xFF, 0xFF}}},
	{{{-10981, -1671, 2144},0, {169, 603},{0xCC, 0xEE, 0xFF, 0xFF}}},
	{{{-10814, -1165, 2839},0, {1266, -883},{0xB9, 0xF2, 0xFF, 0xFF}}},
	{{{-10920, -1171, 2163},0, {169, -826},{0xCC, 0xEE, 0xFF, 0xFF}}},
	{{{-11095, -1797, 454},0, {-2463, 1150},{0xA8, 0xC5, 0xFF, 0xFF}}},
	{{{-11056, -1440, 466},0, {-2463, 267},{0x83, 0x9B, 0xFF, 0xFF}}},
	{{{-10342, -1797, 497},0, {-3790, 1163},{0xCA, 0xEB, 0xFF, 0xFF}}},
	{{{-10383, -1440, 508},0, {-3790, 294},{0xC7, 0xE8, 0xFF, 0xFF}}},
	{{{-10146, -1670, 2189},0, {-6398, 869},{0xCC, 0xEE, 0xFF, 0xFF}}},
	{{{-10233, -1171, 2284},0, {-6398, -294},{0xCC, 0xEE, 0xFF, 0xFF}}},
	{{{-10005, -1716, 3182},0, {-8103, 843},{0xA5, 0xC1, 0xFF, 0xFF}}},
	{{{-10008, -1148, 3197},0, {-8103, -347},{0x7D, 0x94, 0xFF, 0xFF}}},
	{{{-9242, -1582, 3902},0, {-10234, 631},{0xCC, 0xEE, 0xFF, 0xFF}}},
	{{{-9214, -798, 3998},0, {-10234, -769},{0xCC, 0xEE, 0xFF, 0xFF}}},
	{{{-2964, -1738, -8902},0, {2032, -16},{0xBE, 0xBB, 0xFF, 0xFF}}},
	{{{-3064, -2154, -7921},0, {1008, 2032},{0x8F, 0xE5, 0xFF, 0xFF}}},
	{{{-2687, -2154, -8581},0, {2032, 2032},{0x8F, 0xE5, 0xFF, 0xFF}}},
	{{{-2964, -1738, -8902},0, {2032, -16},{0xBE, 0xBB, 0xFF, 0xFF}}},
	{{{-3358, -1738, -8038},0, {1008, -16},{0xBE, 0xBB, 0xFF, 0xFF}}},
	{{{-3064, -2154, -7921},0, {1008, 2032},{0x8F, 0xE5, 0xFF, 0xFF}}},
	{{{-3751, -1738, -7173},0, {-16, -16},{0xBE, 0xBB, 0xFF, 0xFF}}},
	{{{-3306, -2154, -7227},0, {-16, 2032},{0x8F, 0xE5, 0xFF, 0xFF}}},
	{{{-1747, -2154, -9382},0, {2032, 2032},{0x8F, 0xE5, 0xFF, 0xFF}}},
	{{{-1899, -1738, -9768},0, {2032, -16},{0xBE, 0xBB, 0xFF, 0xFF}}},
	{{{-2432, -1738, -9335},0, {1008, -16},{0xBE, 0xBB, 0xFF, 0xFF}}},
	{{{-2238, -2154, -9074},0, {1008, 2032},{0x8F, 0xE5, 0xFF, 0xFF}}},
	{{{-2964, -1738, -8902},0, {-16, -16},{0xBE, 0xBB, 0xFF, 0xFF}}},
	{{{-2687, -2154, -8581},0, {-16, 2032},{0x8F, 0xE5, 0xFF, 0xFF}}},
	{{{-373, -2154, -4343},0, {2032, 2032},{0x8F, 0xE5, 0xFF, 0xFF}}},
	{{{-351, -1738, -4040},0, {2032, -16},{0xBE, 0xBB, 0xFF, 0xFF}}},
	{{{259, -1738, -4031},0, {1008, -16},{0xBE, 0xBB, 0xFF, 0xFF}}},
	{{{185, -2154, -4300},0, {1008, 2032},{0x8F, 0xE5, 0xFF, 0xFF}}},
	{{{869, -1738, -4022},0, {-16, -16},{0xBE, 0xBB, 0xFF, 0xFF}}},
	{{{185, -2154, -4300},0, {1008, 2032},{0x8F, 0xE5, 0xFF, 0xFF}}},
	{{{869, -1738, -4022},0, {-16, -16},{0xBE, 0xBB, 0xFF, 0xFF}}},
	{{{658, -2154, -4341},0, {-16, 2032},{0x8F, 0xE5, 0xFF, 0xFF}}},
	{{{2280, -2154, -6786},0, {2032, 2032},{0x8F, 0xE5, 0xFF, 0xFF}}},
	{{{2593, -1738, -6801},0, {2032, -16},{0xBE, 0xBB, 0xFF, 0xFF}}},
	{{{2565, -1738, -7377},0, {1008, -16},{0xBE, 0xBB, 0xFF, 0xFF}}},
	{{{2272, -2154, -7322},0, {1008, 2032},{0x8F, 0xE5, 0xFF, 0xFF}}},
	{{{2537, -1738, -7953},0, {-16, -16},{0xBE, 0xBB, 0xFF, 0xFF}}},
	{{{2124, -2154, -7835},0, {-16, 2032},{0x8F, 0xE5, 0xFF, 0xFF}}},
	{{{-2927, -1738, -5088},0, {2032, -16},{0xBE, 0xBB, 0xFF, 0xFF}}},
	{{{-2122, -2154, -4936},0, {1008, 2032},{0x8F, 0xE5, 0xFF, 0xFF}}},
	{{{-2614, -2154, -5280},0, {2032, 2032},{0x8F, 0xE5, 0xFF, 0xFF}}},
	{{{-2309, -1738, -4734},0, {1008, -16},{0xBE, 0xBB, 0xFF, 0xFF}}},
	{{{-1691, -1738, -4380},0, {-16, -16},{0xBE, 0xBB, 0xFF, 0xFF}}},
	{{{-1556, -2154, -4659},0, {-16, 2032},{0x8F, 0xE5, 0xFF, 0xFF}}},
	{{{-3242, -2154, -6123},0, {2032, 2032},{0x8F, 0xE5, 0xFF, 0xFF}}},
	{{{-3624, -1738, -6014},0, {2032, -16},{0xBE, 0xBB, 0xFF, 0xFF}}},
	{{{-3276, -1738, -5551},0, {1008, -16},{0xBE, 0xBB, 0xFF, 0xFF}}},
	{{{-2991, -2154, -5676},0, {1008, 2032},{0x8F, 0xE5, 0xFF, 0xFF}}},
	{{{-2927, -1738, -5088},0, {-16, -16},{0xBE, 0xBB, 0xFF, 0xFF}}},
	{{{-2614, -2154, -5280},0, {-16, 2032},{0x8F, 0xE5, 0xFF, 0xFF}}},
	{{{2124, -2154, -7835},0, {2032, 2032},{0x8F, 0xE5, 0xFF, 0xFF}}},
	{{{2537, -1738, -7953},0, {2032, -16},{0xBE, 0xBB, 0xFF, 0xFF}}},
	{{{2030, -1738, -8483},0, {1008, -16},{0xBE, 0xBB, 0xFF, 0xFF}}},
	{{{1795, -2154, -8314},0, {1008, 2032},{0x8F, 0xE5, 0xFF, 0xFF}}},
	{{{1523, -1738, -9012},0, {-16, -16},{0xBE, 0xBB, 0xFF, 0xFF}}},
	{{{1382, -2154, -8696},0, {-16, 2032},{0x8F, 0xE5, 0xFF, 0xFF}}},
	{{{1338, -2154, -4748},0, {2032, 2032},{0x8F, 0xE5, 0xFF, 0xFF}}},
	{{{1456, -1738, -4420},0, {2032, -16},{0xBE, 0xBB, 0xFF, 0xFF}}},
	{{{1918, -1738, -4979},0, {1008, -16},{0xBE, 0xBB, 0xFF, 0xFF}}},
	{{{1700, -2154, -5164},0, {1008, 2032},{0x8F, 0xE5, 0xFF, 0xFF}}},
	{{{1700, -2154, -5164},0, {1008, 2032},{0x8F, 0xE5, 0xFF, 0xFF}}},
	{{{1918, -1738, -4979},0, {1008, -16},{0xBE, 0xBB, 0xFF, 0xFF}}},
	{{{2381, -1738, -5539},0, {-16, -16},{0xBE, 0xBB, 0xFF, 0xFF}}},
	{{{2020, -2154, -5678},0, {-16, 2032},{0x8F, 0xE5, 0xFF, 0xFF}}},
	{{{-367, -1755, -2405},0, {-1015, 403},{0xC2, 0xD6, 0xFF, 0xFF}}},
	{{{-367, -2154, -2405},0, {-1015, 2032},{0xCC, 0xEE, 0xFF, 0xFF}}},
	{{{-478, -2152, -2579},0, {-516, 2032},{0xCC, 0xEE, 0xFF, 0xFF}}},
	{{{-478, -1753, -2579},0, {-516, 403},{0xC7, 0xE2, 0xFF, 0xFF}}},
	{{{-588, -2150, -2754},0, {-16, 2032},{0xCC, 0xEE, 0xFF, 0xFF}}},
	{{{-588, -1751, -2754},0, {-16, 403},{0xCC, 0xEE, 0xFF, 0xFF}}},
	{{{-478, -1353, -2579},0, {-516, -1227},{0xC2, 0xD6, 0xFF, 0xFF}}},
	{{{-588, -1351, -2754},0, {-16, -1227},{0xCC, 0xEE, 0xFF, 0xFF}}},
	{{{-367, -1355, -2405},0, {-1015, -1227},{0xB8, 0xBE, 0xFF, 0xFF}}},
	{{{1338, -2154, -4748},0, {-16, 2032},{0x8F, 0xE5, 0xFF, 0xFF}}},
	{{{658, -2154, -4341},0, {2032, 2032},{0x8F, 0xE5, 0xFF, 0xFF}}},
	{{{869, -1738, -4022},0, {2032, -16},{0xBE, 0xBB, 0xFF, 0xFF}}},
	{{{1338, -2154, -4748},0, {-16, 2032},{0x8F, 0xE5, 0xFF, 0xFF}}},
	{{{869, -1738, -4022},0, {2032, -16},{0xBE, 0xBB, 0xFF, 0xFF}}},
	{{{1456, -1738, -4420},0, {-16, -16},{0xBE, 0xBB, 0xFF, 0xFF}}},
	{{{-3751, -1738, -7173},0, {2032, 710},{0xBE, 0xBB, 0xFF, 0xFF}}},
	{{{-3358, -2154, -6629},0, {1008, 2032},{0x8F, 0xE5, 0xFF, 0xFF}}},
	{{{-3306, -2154, -7227},0, {2032, 2032},{0x8F, 0xE5, 0xFF, 0xFF}}},
	{{{-3687, -1738, -6594},0, {1008, 710},{0xBE, 0xBB, 0xFF, 0xFF}}},
	{{{-3624, -1738, -6014},0, {-16, 710},{0xBE, 0xBB, 0xFF, 0xFF}}},
	{{{-3242, -2154, -6123},0, {-16, 2032},{0x8F, 0xE5, 0xFF, 0xFF}}},
	{{{3185, -2154, -6501},0, {-19977, 2032},{0xCC, 0xEE, 0xFF, 0xFF}}},
	{{{2883, -1946, -5037},0, {-22431, 1371},{0xC5, 0xD5, 0xFF, 0xFF}}},
	{{{2883, -2154, -5037},0, {-22431, 2032},{0xCC, 0xEE, 0xFF, 0xFF}}},
	{{{3185, -1946, -6501},0, {-19977, 1371},{0xC5, 0xD5, 0xFF, 0xFF}}},
	{{{3182, -1946, -7338},0, {-18653, 1371},{0xC5, 0xD5, 0xFF, 0xFF}}},
	{{{3182, -2154, -7338},0, {-18653, 2032},{0xCC, 0xEE, 0xFF, 0xFF}}},
	{{{3143, -1946, -8176},0, {-17312, 1371},{0xC5, 0xD5, 0xFF, 0xFF}}},
	{{{3182, -2154, -7338},0, {-18653, 2032},{0xCC, 0xEE, 0xFF, 0xFF}}},
	{{{3143, -2154, -8176},0, {-17312, 2032},{0xCC, 0xEE, 0xFF, 0xFF}}},
	{{{3143, -1946, -8176},0, {-17312, 1371},{0xC5, 0xD5, 0xFF, 0xFF}}},
	{{{2452, -1946, -8904},0, {-15661, 1371},{0xC5, 0xD5, 0xFF, 0xFF}}},
	{{{2452, -2154, -8904},0, {-15661, 2032},{0xCC, 0xEE, 0xFF, 0xFF}}},
	{{{1745, -1946, -9604},0, {-14039, 1371},{0xC5, 0xD5, 0xFF, 0xFF}}},
	{{{1745, -2154, -9604},0, {-14039, 2032},{0xCC, 0xEE, 0xFF, 0xFF}}},
	{{{-375, -1946, -10499},0, {-10037, 1371},{0xC5, 0xD5, 0xFF, 0xFF}}},
	{{{-375, -2154, -10499},0, {-10037, 2032},{0xCC, 0xEE, 0xFF, 0xFF}}},
	{{{-1125, -1946, -10623},0, {-8758, 1371},{0xC5, 0xD5, 0xFF, 0xFF}}},
	{{{-1125, -2154, -10623},0, {-8758, 2032},{0xCC, 0xEE, 0xFF, 0xFF}}},
	{{{-1881, -1946, -10713},0, {-7470, 1371},{0xC5, 0xD5, 0xFF, 0xFF}}},
	{{{-1881, -2154, -10713},0, {-7470, 2032},{0xCC, 0xEE, 0xFF, 0xFF}}},
	{{{-2660, -1946, -10208},0, {-5934, 1371},{0xC5, 0xD5, 0xFF, 0xFF}}},
	{{{-2660, -2154, -10208},0, {-5934, 2032},{0xCC, 0xEE, 0xFF, 0xFF}}},
	{{{-3432, -1946, -9648},0, {-4359, 1371},{0xC5, 0xD5, 0xFF, 0xFF}}},
	{{{-2660, -2154, -10208},0, {-5934, 2032},{0xCC, 0xEE, 0xFF, 0xFF}}},
	{{{-3432, -2154, -9648},0, {-4359, 2032},{0xCC, 0xEE, 0xFF, 0xFF}}},
	{{{-3432, -1946, -9648},0, {-4359, 1371},{0xC5, 0xD5, 0xFF, 0xFF}}},
	{{{-4039, -1946, -8467},0, {-2201, 1371},{0xC5, 0xD5, 0xFF, 0xFF}}},
	{{{-4039, -2154, -8467},0, {-2201, 2032},{0xCC, 0xEE, 0xFF, 0xFF}}},
	{{{-4635, -1946, -7304},0, {-64, 1371},{0xC5, 0xD5, 0xFF, 0xFF}}},
	{{{-4635, -2154, -7304},0, {-64, 2032},{0xCC, 0xEE, 0xFF, 0xFF}}},
	{{{-5148, -1946, -7163},0, {1008, 1371},{0xC5, 0xD5, 0xFF, 0xFF}}},
	{{{-5148, -2154, -7163},0, {1008, 2032},{0xCC, 0xEE, 0xFF, 0xFF}}},
	{{{-5633, -1946, -7061},0, {2031, 1371},{0xC5, 0xD5, 0xFF, 0xFF}}},
	{{{-5657, -2154, -7069},0, {2031, 2032},{0xCC, 0xEE, 0xFF, 0xFF}}},
	{{{-5604, -1946, -6787},0, {3037, 1371},{0xC5, 0xD5, 0xFF, 0xFF}}},
	{{{-5604, -2154, -6787},0, {3037, 2032},{0xCC, 0xEE, 0xFF, 0xFF}}},
	{{{-5531, -1946, -6512},0, {4044, 1371},{0xC5, 0xD5, 0xFF, 0xFF}}},
	{{{-5550, -2154, -6506},0, {4044, 2032},{0xCC, 0xEE, 0xFF, 0xFF}}},
	{{{-5028, -1946, -6370},0, {5067, 1371},{0xC5, 0xD5, 0xFF, 0xFF}}},
	{{{-5550, -2154, -6506},0, {4044, 2032},{0xCC, 0xEE, 0xFF, 0xFF}}},
	{{{-5028, -2154, -6370},0, {5067, 2032},{0xCC, 0xEE, 0xFF, 0xFF}}},
	{{{-5028, -1946, -6370},0, {5067, 1371},{0xC5, 0xD5, 0xFF, 0xFF}}},
	{{{-4505, -1946, -6209},0, {6108, 1371},{0xC5, 0xD5, 0xFF, 0xFF}}},
	{{{-4505, -2154, -6209},0, {6108, 2032},{0xCC, 0xEE, 0xFF, 0xFF}}},
	{{{-3981, -1946, -5481},0, {7515, 1371},{0xC5, 0xD5, 0xFF, 0xFF}}},
	{{{-3981, -2154, -5481},0, {7515, 2032},{0xCC, 0xEE, 0xFF, 0xFF}}},
	{{{-3446, -1946, -4743},0, {8942, 1371},{0xC5, 0xD5, 0xFF, 0xFF}}},
	{{{-3446, -2154, -4743},0, {8942, 2032},{0xCC, 0xEE, 0xFF, 0xFF}}},
	{{{-2683, -1946, -4356},0, {10429, 1371},{0xC5, 0xD5, 0xFF, 0xFF}}},
	{{{-2683, -2154, -4356},0, {10429, 2032},{0xCC, 0xEE, 0xFF, 0xFF}}},
	{{{-1910, -1946, -3992},0, {11910, 1371},{0xC5, 0xD5, 0xFF, 0xFF}}},
	{{{-1910, -2154, -3992},0, {11910, 2032},{0xCC, 0xEE, 0xFF, 0xFF}}},
	{{{-1162, -1946, -3789},0, {13222, 1371},{0xC5, 0xD5, 0xFF, 0xFF}}},
	{{{-1162, -2154, -3789},0, {13222, 2032},{0xCC, 0xEE, 0xFF, 0xFF}}},
	{{{-417, -1946, -3595},0, {14525, 1371},{0xC5, 0xD5, 0xFF, 0xFF}}},
	{{{-1162, -2154, -3789},0, {13222, 2032},{0xCC, 0xEE, 0xFF, 0xFF}}},
	{{{-417, -2154, -3595},0, {14525, 2032},{0xCC, 0xEE, 0xFF, 0xFF}}},
	{{{-417, -1946, -3595},0, {14525, 1371},{0xC5, 0xD5, 0xFF, 0xFF}}},
	{{{307, -1946, -3474},0, {15827, 1371},{0xC5, 0xD5, 0xFF, 0xFF}}},
	{{{307, -2154, -3474},0, {15827, 2032},{0xCC, 0xEE, 0xFF, 0xFF}}},
	{{{1011, -1946, -3368},0, {17098, 1371},{0xC5, 0xD5, 0xFF, 0xFF}}},
	{{{1011, -2154, -3368},0, {17098, 2032},{0xCC, 0xEE, 0xFF, 0xFF}}},
	{{{1610, -2154, -3705},0, {18309, 2032},{0xCC, 0xEE, 0xFF, 0xFF}}},
	{{{1610, -1946, -3705},0, {18309, 1371},{0xC5, 0xD5, 0xFF, 0xFF}}},
	{{{2250, -1946, -4360},0, {19849, 1371},{0xC5, 0xD5, 0xFF, 0xFF}}},
	{{{2250, -2154, -4360},0, {19849, 2032},{0xCC, 0xEE, 0xFF, 0xFF}}},
	{{{2883, -1946, -5037},0, {21431, 1371},{0xC5, 0xD5, 0xFF, 0xFF}}},
	{{{2883, -2154, -5037},0, {21431, 2032},{0xCC, 0xEE, 0xFF, 0xFF}}},
	{{{2905, -1738, -5035},0, {21431, 710},{0xBE, 0xBB, 0xFF, 0xFF}}},
	{{{2250, -1738, -4360},0, {19849, 710},{0xBE, 0xBB, 0xFF, 0xFF}}},
	{{{1595, -1738, -3684},0, {18309, 710},{0xBE, 0xBB, 0xFF, 0xFF}}},
	{{{1011, -1946, -3368},0, {17098, 1371},{0xC5, 0xD5, 0xFF, 0xFF}}},
	{{{1595, -1738, -3684},0, {18309, 710},{0xBE, 0xBB, 0xFF, 0xFF}}},
	{{{1030, -1738, -3357},0, {17098, 710},{0xBE, 0xBB, 0xFF, 0xFF}}},
	{{{307, -1946, -3474},0, {15827, 1371},{0xC5, 0xD5, 0xFF, 0xFF}}},
	{{{307, -1738, -3474},0, {15827, 710},{0xBE, 0xBB, 0xFF, 0xFF}}},
	{{{-417, -1946, -3595},0, {14525, 1371},{0xC5, 0xD5, 0xFF, 0xFF}}},
	{{{-416, -1738, -3592},0, {14525, 710},{0xBE, 0xBB, 0xFF, 0xFF}}},
	{{{-1162, -1946, -3789},0, {13222, 1371},{0xC5, 0xD5, 0xFF, 0xFF}}},
	{{{-1162, -1738, -3789},0, {13222, 710},{0xBE, 0xBB, 0xFF, 0xFF}}},
	{{{-1910, -1946, -3992},0, {11910, 1371},{0xC5, 0xD5, 0xFF, 0xFF}}},
	{{{-1908, -1738, -3985},0, {11910, 710},{0xBE, 0xBB, 0xFF, 0xFF}}},
	{{{-2683, -1946, -4356},0, {10429, 1371},{0xC5, 0xD5, 0xFF, 0xFF}}},
	{{{-2683, -1738, -4356},0, {10429, 710},{0xBE, 0xBB, 0xFF, 0xFF}}},
	{{{-3446, -1946, -4743},0, {8942, 1371},{0xC5, 0xD5, 0xFF, 0xFF}}},
	{{{-3457, -1738, -4727},0, {8942, 710},{0xBE, 0xBB, 0xFF, 0xFF}}},
	{{{-3981, -1946, -5481},0, {7515, 1371},{0xC5, 0xD5, 0xFF, 0xFF}}},
	{{{-3981, -1946, -5481},0, {7515, 1371},{0xC5, 0xD5, 0xFF, 0xFF}}},
	{{{-3457, -1738, -4727},0, {8942, 710},{0xBE, 0xBB, 0xFF, 0xFF}}},
	{{{-3981, -1738, -5481},0, {7515, 710},{0xBE, 0xBB, 0xFF, 0xFF}}},
	{{{-4505, -1946, -6209},0, {6108, 1371},{0xC5, 0xD5, 0xFF, 0xFF}}},
	{{{-4505, -1738, -6235},0, {6108, 710},{0xBE, 0xBB, 0xFF, 0xFF}}},
	{{{-5028, -1946, -6370},0, {5067, 1371},{0xC5, 0xD5, 0xFF, 0xFF}}},
	{{{-5028, -1738, -6370},0, {5067, 710},{0xBE, 0xBB, 0xFF, 0xFF}}},
	{{{-5531, -1946, -6512},0, {4044, 1371},{0xC5, 0xD5, 0xFF, 0xFF}}},
	{{{-5531, -1738, -6512},0, {4044, 710},{0xBE, 0xBB, 0xFF, 0xFF}}},
	{{{-5604, -1946, -6787},0, {3037, 1371},{0xC5, 0xD5, 0xFF, 0xFF}}},
	{{{-5604, -1738, -6787},0, {3037, 710},{0xBE, 0xBB, 0xFF, 0xFF}}},
	{{{-5633, -1946, -7061},0, {2031, 1371},{0xC5, 0xD5, 0xFF, 0xFF}}},
	{{{-5633, -1738, -7061},0, {2031, 710},{0xBE, 0xBB, 0xFF, 0xFF}}},
	{{{-5148, -1946, -7163},0, {1008, 1371},{0xC5, 0xD5, 0xFF, 0xFF}}},
	{{{-5148, -1738, -7163},0, {1008, 710},{0xBE, 0xBB, 0xFF, 0xFF}}},
	{{{-4635, -1946, -7304},0, {-64, 1371},{0xC5, 0xD5, 0xFF, 0xFF}}},
	{{{-4635, -1946, -7304},0, {-64, 1371},{0xC5, 0xD5, 0xFF, 0xFF}}},
	{{{-5148, -1738, -7163},0, {1008, 710},{0xBE, 0xBB, 0xFF, 0xFF}}},
	{{{-4639, -1738, -7257},0, {-64, 710},{0xBE, 0xBB, 0xFF, 0xFF}}},
	{{{-4039, -1946, -8467},0, {-2201, 1371},{0xC5, 0xD5, 0xFF, 0xFF}}},
	{{{-4039, -1738, -8467},0, {-2201, 710},{0xBE, 0xBB, 0xFF, 0xFF}}},
	{{{-3432, -1946, -9648},0, {-4359, 1371},{0xC5, 0xD5, 0xFF, 0xFF}}},
	{{{-3439, -1738, -9676},0, {-4359, 710},{0xBE, 0xBB, 0xFF, 0xFF}}},
	{{{-2660, -1946, -10208},0, {-5934, 1371},{0xC5, 0xD5, 0xFF, 0xFF}}},
	{{{-2660, -1738, -10208},0, {-5934, 710},{0xBE, 0xBB, 0xFF, 0xFF}}},
	{{{-1881, -1946, -10713},0, {-7470, 1371},{0xC5, 0xD5, 0xFF, 0xFF}}},
	{{{-1880, -1738, -10740},0, {-7470, 710},{0xBE, 0xBB, 0xFF, 0xFF}}},
	{{{-1125, -1946, -10623},0, {-8758, 1371},{0xC5, 0xD5, 0xFF, 0xFF}}},
	{{{-1125, -1738, -10623},0, {-8758, 710},{0xBE, 0xBB, 0xFF, 0xFF}}},
	{{{-375, -1946, -10499},0, {-10037, 1371},{0xC5, 0xD5, 0xFF, 0xFF}}},
	{{{-370, -1738, -10506},0, {-10037, 710},{0xBE, 0xBB, 0xFF, 0xFF}}},
	{{{1745, -1946, -9604},0, {-14039, 1371},{0xC5, 0xD5, 0xFF, 0xFF}}},
	{{{1745, -1946, -9604},0, {-14039, 1371},{0xC5, 0xD5, 0xFF, 0xFF}}},
	{{{-370, -1738, -10506},0, {-10037, 710},{0xBE, 0xBB, 0xFF, 0xFF}}},
	{{{1733, -1738, -9627},0, {-14039, 710},{0xBE, 0xBB, 0xFF, 0xFF}}},
	{{{2452, -1946, -8904},0, {-15661, 1371},{0xC5, 0xD5, 0xFF, 0xFF}}},
	{{{2452, -1738, -8904},0, {-15661, 710},{0xBE, 0xBB, 0xFF, 0xFF}}},
	{{{3143, -1946, -8176},0, {-17312, 1371},{0xC5, 0xD5, 0xFF, 0xFF}}},
	{{{3172, -1738, -8181},0, {-17312, 710},{0xBE, 0xBB, 0xFF, 0xFF}}},
	{{{3182, -1946, -7338},0, {-18653, 1371},{0xC5, 0xD5, 0xFF, 0xFF}}},
	{{{3182, -1738, -7338},0, {-18653, 710},{0xBE, 0xBB, 0xFF, 0xFF}}},
	{{{3185, -1946, -6501},0, {-19977, 1371},{0xC5, 0xD5, 0xFF, 0xFF}}},
	{{{3191, -1738, -6496},0, {-19977, 710},{0xBE, 0xBB, 0xFF, 0xFF}}},
	{{{2883, -1946, -5037},0, {-22431, 1371},{0xC5, 0xD5, 0xFF, 0xFF}}},
	{{{2905, -1738, -5035},0, {-22431, 710},{0xBE, 0xBB, 0xFF, 0xFF}}},
	{{{-662, -2154, -9490},0, {-16, 2032},{0x8F, 0xE5, 0xFF, 0xFF}}},
	{{{1382, -2154, -8696},0, {2032, 2032},{0x8F, 0xE5, 0xFF, 0xFF}}},
	{{{1523, -1738, -9012},0, {2032, -16},{0xBE, 0xBB, 0xFF, 0xFF}}},
	{{{-662, -2154, -9490},0, {-16, 2032},{0x8F, 0xE5, 0xFF, 0xFF}}},
	{{{1523, -1738, -9012},0, {2032, -16},{0xBE, 0xBB, 0xFF, 0xFF}}},
	{{{-743, -1738, -9868},0, {-16, -16},{0xBE, 0xBB, 0xFF, 0xFF}}},
	{{{2280, -2154, -6786},0, {-16, 2032},{0x8F, 0xE5, 0xFF, 0xFF}}},
	{{{2020, -2154, -5678},0, {2032, 2032},{0x8F, 0xE5, 0xFF, 0xFF}}},
	{{{2381, -1738, -5539},0, {2032, -16},{0xBE, 0xBB, 0xFF, 0xFF}}},
	{{{2593, -1738, -6801},0, {-16, -16},{0xBE, 0xBB, 0xFF, 0xFF}}},
	{{{-1691, -1738, -4380},0, {2032, -16},{0xBE, 0xBB, 0xFF, 0xFF}}},
	{{{-964, -2154, -4462},0, {1008, 2032},{0x8F, 0xE5, 0xFF, 0xFF}}},
	{{{-1556, -2154, -4659},0, {2032, 2032},{0x8F, 0xE5, 0xFF, 0xFF}}},
	{{{-1021, -1738, -4210},0, {1008, -16},{0xBE, 0xBB, 0xFF, 0xFF}}},
	{{{-351, -1738, -4040},0, {-16, -16},{0xBE, 0xBB, 0xFF, 0xFF}}},
	{{{-373, -2154, -4343},0, {-16, 2032},{0x8F, 0xE5, 0xFF, 0xFF}}},
	{{{-743, -1738, -9868},0, {2032, -16},{0xBE, 0xBB, 0xFF, 0xFF}}},
	{{{-1228, -2154, -9517},0, {1008, 2032},{0x8F, 0xE5, 0xFF, 0xFF}}},
	{{{-662, -2154, -9490},0, {2032, 2032},{0x8F, 0xE5, 0xFF, 0xFF}}},
	{{{-743, -1738, -9868},0, {2032, -16},{0xBE, 0xBB, 0xFF, 0xFF}}},
	{{{-1321, -1738, -9818},0, {1008, -16},{0xBE, 0xBB, 0xFF, 0xFF}}},
	{{{-1228, -2154, -9517},0, {1008, 2032},{0x8F, 0xE5, 0xFF, 0xFF}}},
	{{{-1899, -1738, -9768},0, {-16, -16},{0xBE, 0xBB, 0xFF, 0xFF}}},
	{{{-1747, -2154, -9382},0, {-16, 2032},{0x8F, 0xE5, 0xFF, 0xFF}}},
	{{{-879, -2150, -2738},0, {1008, 2032},{0xCC, 0xEE, 0xFF, 0xFF}}},
	{{{-1170, -2150, -2722},0, {2032, 2032},{0xCC, 0xEE, 0xFF, 0xFF}}},
	{{{-1170, -1751, -2722},0, {2032, 403},{0xCC, 0xEE, 0xFF, 0xFF}}},
	{{{-879, -1751, -2738},0, {1008, 403},{0xCC, 0xEE, 0xFF, 0xFF}}},
	{{{-1170, -1351, -2722},0, {2032, -1227},{0xCC, 0xEE, 0xFF, 0xFF}}},
	{{{-879, -1351, -2738},0, {1008, -1227},{0xCC, 0xEE, 0xFF, 0xFF}}},
	{{{-588, -1751, -2754},0, {-16, 403},{0xCC, 0xEE, 0xFF, 0xFF}}},
	{{{-588, -1351, -2754},0, {-16, -1227},{0xCC, 0xEE, 0xFF, 0xFF}}},
	{{{-588, -2150, -2754},0, {-16, 2032},{0xCC, 0xEE, 0xFF, 0xFF}}},
	{{{-1373, -1755, -2374},0, {3031, 403},{0xC2, 0xD6, 0xFF, 0xFF}}},
	{{{-1373, -1355, -2374},0, {3031, -1227},{0xB8, 0xBE, 0xFF, 0xFF}}},
	{{{-1272, -1353, -2548},0, {2532, -1227},{0xC2, 0xD6, 0xFF, 0xFF}}},
	{{{-1272, -1753, -2548},0, {2532, 403},{0xC7, 0xE2, 0xFF, 0xFF}}},
	{{{-1170, -1351, -2722},0, {2032, -1227},{0xCC, 0xEE, 0xFF, 0xFF}}},
	{{{-1170, -1751, -2722},0, {2032, 403},{0xCC, 0xEE, 0xFF, 0xFF}}},
	{{{-1272, -2152, -2548},0, {2532, 2032},{0xCC, 0xEE, 0xFF, 0xFF}}},
	{{{-1170, -2150, -2722},0, {2032, 2032},{0xCC, 0xEE, 0xFF, 0xFF}}},
	{{{-1373, -2154, -2374},0, {3031, 2032},{0xCC, 0xEE, 0xFF, 0xFF}}},
	{{{1005, 2896, 1902},0, {2032, -16},{0xCC, 0xEE, 0xFF, 0xFF}}},
	{{{599, 2355, 2284},0, {1008, 2032},{0xCC, 0xEE, 0xFF, 0xFF}}},
	{{{193, 2896, 2666},0, {2032, 2032},{0xCC, 0xEE, 0xFF, 0xFF}}},
	{{{1005, 2355, 1902},0, {1008, 1008},{0xCC, 0xEE, 0xFF, 0xFF}}},
	{{{1005, 1815, 1902},0, {-16, 2032},{0xCC, 0xEE, 0xFF, 0xFF}}},
	{{{-333, 2896, 1000},0, {2032, -16},{0x8E, 0xB1, 0xFF, 0xFF}}},
	{{{-633, 2896, 2108},0, {-16, 2032},{0xCC, 0xEE, 0xFF, 0xFF}}},
	{{{-483, 2355, 1554},0, {1008, 2032},{0xCC, 0xEE, 0xFF, 0xFF}}},
	{{{-333, 2355, 1000},0, {2032, 1008},{0xAD, 0xD0, 0xFF, 0xFF}}},
	{{{-333, 1815, 1000},0, {2032, 2032},{0xCC, 0xEE, 0xFF, 0xFF}}},
	{{{3552, 333, 3722},0, {2032, 2032},{0xCC, 0xEE, 0xFF, 0xFF}}},
	{{{4081, 333, 3737},0, {2032, -16},{0xCC, 0xEE, 0xFF, 0xFF}}},
	{{{4081, -962, 3737},0, {1008, 1008},{0xCC, 0xEE, 0xFF, 0xFF}}},
	{{{3817, -962, 3729},0, {1008, 2032},{0xCC, 0xEE, 0xFF, 0xFF}}},
	{{{4081, -2257, 3737},0, {-16, 2032},{0xCC, 0xEE, 0xFF, 0xFF}}},
	{{{-5101, 333, 2321},0, {2032, 2032},{0xCC, 0xEE, 0xFF, 0xFF}}},
	{{{-5595, 333, 2097},0, {2032, -16},{0xCC, 0xEE, 0xFF, 0xFF}}},
	{{{-5595, -1049, 2097},0, {1008, 1008},{0xCC, 0xEE, 0xFF, 0xFF}}},
	{{{-5369, -1020, 2241},0, {1008, 2032},{0xCC, 0xEE, 0xFF, 0xFF}}},
	{{{-5595, -2332, 2097},0, {-16, 2032},{0xCC, 0xEE, 0xFF, 0xFF}}},
	{{{-5398, 333, 3535},0, {-16, 2032},{0xCC, 0xEE, 0xFF, 0xFF}}},
	{{{-5939, -1049, 3537},0, {1023, 1008},{0xAD, 0xD0, 0xFF, 0xFF}}},
	{{{-5939, 333, 3537},0, {14, -16},{0xCC, 0xEE, 0xFF, 0xFF}}},
	{{{-5671, -1020, 3507},0, {1008, 2032},{0xAD, 0xD0, 0xFF, 0xFF}}},
	{{{-5939, -2430, 3537},0, {2032, 2032},{0x8E, 0xB1, 0xFF, 0xFF}}},
	{{{3329, 333, 2478},0, {-16, 2032},{0xCC, 0xEE, 0xFF, 0xFF}}},
	{{{3820, -962, 2284},0, {1023, 1008},{0xAD, 0xD0, 0xFF, 0xFF}}},
	{{{3820, 333, 2284},0, {14, -16},{0xCC, 0xEE, 0xFF, 0xFF}}},
	{{{3574, -962, 2381},0, {1008, 2032},{0xAD, 0xD0, 0xFF, 0xFF}}},
	{{{3820, -2257, 2284},0, {2032, 2032},{0x8E, 0xB1, 0xFF, 0xFF}}},
	{{{532, 2896, 3602},0, {-16, 2032},{0xCC, 0xEE, 0xFF, 0xFF}}},
	{{{1560, 1614, 3435},0, {1015, 1008},{0xCC, 0xEE, 0xFF, 0xFF}}},
	{{{1560, 2896, 3435},0, {-2, -16},{0xCC, 0xEE, 0xFF, 0xFF}}},
	{{{1046, 1614, 3518},0, {1008, 2032},{0xCC, 0xEE, 0xFF, 0xFF}}},
	{{{1560, 333, 3435},0, {2032, 2032},{0xCC, 0xEE, 0xFF, 0xFF}}},
	{{{255, 2896, 4558},0, {2032, 2032},{0xCC, 0xEE, 0xFF, 0xFF}}},
	{{{1107, 2896, 5001},0, {2080, -16},{0xCC, 0xEE, 0xFF, 0xFF}}},
	{{{1107, 1614, 5001},0, {1032, 1008},{0xCC, 0xEE, 0xFF, 0xFF}}},
	{{{681, 1614, 4779},0, {1008, 2032},{0xCC, 0xEE, 0xFF, 0xFF}}},
	{{{1107, 333, 5001},0, {-16, 2032},{0xCC, 0xEE, 0xFF, 0xFF}}},
	{{{-3723, 2896, 3609},0, {2032, -16},{0xCC, 0xEE, 0xFF, 0xFF}}},
	{{{-3208, 1614, 3659},0, {1008, 2032},{0xCC, 0xEE, 0xFF, 0xFF}}},
	{{{-2693, 2896, 3709},0, {2032, 2032},{0xCC, 0xEE, 0xFF, 0xFF}}},
	{{{-3723, 1614, 3609},0, {1008, 1008},{0xCC, 0xEE, 0xFF, 0xFF}}},
	{{{-3723, 333, 3609},0, {-16, 2032},{0xCC, 0xEE, 0xFF, 0xFF}}},
	{{{-2354, 2896, 4645},0, {-16, 2032},{0xCC, 0xEE, 0xFF, 0xFF}}},
	{{{-3167, 1614, 5142},0, {1063, 1008},{0xCC, 0xEE, 0xFF, 0xFF}}},
	{{{-3167, 2896, 5142},0, {94, -16},{0xCC, 0xEE, 0xFF, 0xFF}}},
	{{{-2761, 1614, 4893},0, {1008, 2032},{0xCC, 0xEE, 0xFF, 0xFF}}},
	{{{-3167, 333, 5142},0, {2032, 2032},{0xCC, 0xEE, 0xFF, 0xFF}}},
};

Gfx ccm_dl_level_008_mesh_layer_1_tri_7[] = {
	gsSPVertex(ccm_dl_level_008_mesh_layer_1_vtx_7 + 0, 16, 0),
	gsSP1Triangle(0, 1, 2, 0),
	gsSP1Triangle(0, 2, 3, 0),
	gsSP1Triangle(3, 2, 4, 0),
	gsSP1Triangle(3, 4, 5, 0),
	gsSP1Triangle(6, 3, 5, 0),
	gsSP1Triangle(6, 5, 7, 0),
	gsSP1Triangle(8, 6, 7, 0),
	gsSP1Triangle(8, 7, 9, 0),
	gsSP1Triangle(10, 8, 9, 0),
	gsSP1Triangle(10, 9, 11, 0),
	gsSP1Triangle(12, 10, 11, 0),
	gsSP1Triangle(12, 11, 13, 0),
	gsSP1Triangle(14, 12, 13, 0),
	gsSP1Triangle(14, 13, 15, 0),
	gsSPVertex(ccm_dl_level_008_mesh_layer_1_vtx_7 + 16, 16, 0),
	gsSP1Triangle(0, 1, 2, 0),
	gsSP1Triangle(0, 2, 3, 0),
	gsSP1Triangle(4, 0, 3, 0),
	gsSP1Triangle(4, 3, 5, 0),
	gsSP1Triangle(6, 4, 5, 0),
	gsSP1Triangle(6, 5, 7, 0),
	gsSP1Triangle(8, 6, 7, 0),
	gsSP1Triangle(8, 7, 9, 0),
	gsSP1Triangle(10, 8, 9, 0),
	gsSP1Triangle(10, 9, 11, 0),
	gsSP1Triangle(12, 10, 11, 0),
	gsSP1Triangle(12, 11, 13, 0),
	gsSP1Triangle(14, 12, 13, 0),
	gsSP1Triangle(14, 13, 15, 0),
	gsSPVertex(ccm_dl_level_008_mesh_layer_1_vtx_7 + 32, 16, 0),
	gsSP1Triangle(0, 1, 2, 0),
	gsSP1Triangle(0, 2, 3, 0),
	gsSP1Triangle(4, 0, 3, 0),
	gsSP1Triangle(4, 3, 5, 0),
	gsSP1Triangle(6, 4, 5, 0),
	gsSP1Triangle(6, 5, 7, 0),
	gsSP1Triangle(8, 6, 7, 0),
	gsSP1Triangle(8, 7, 9, 0),
	gsSP1Triangle(10, 6, 8, 0),
	gsSP1Triangle(10, 11, 6, 0),
	gsSP1Triangle(11, 4, 6, 0),
	gsSP1Triangle(11, 12, 4, 0),
	gsSP1Triangle(12, 0, 4, 0),
	gsSP1Triangle(12, 13, 0, 0),
	gsSP1Triangle(13, 1, 0, 0),
	gsSP1Triangle(13, 14, 1, 0),
	gsSP1Triangle(15, 1, 14, 0),
	gsSPVertex(ccm_dl_level_008_mesh_layer_1_vtx_7 + 48, 16, 0),
	gsSP1Triangle(0, 1, 2, 0),
	gsSP1Triangle(0, 3, 1, 0),
	gsSP1Triangle(0, 4, 3, 0),
	gsSP1Triangle(4, 5, 3, 0),
	gsSP1Triangle(4, 6, 5, 0),
	gsSP1Triangle(6, 7, 5, 0),
	gsSP1Triangle(6, 8, 7, 0),
	gsSP1Triangle(8, 9, 7, 0),
	gsSP1Triangle(8, 10, 9, 0),
	gsSP1Triangle(10, 11, 9, 0),
	gsSP1Triangle(10, 12, 11, 0),
	gsSP1Triangle(12, 13, 11, 0),
	gsSP1Triangle(12, 14, 13, 0),
	gsSP1Triangle(14, 15, 13, 0),
	gsSPVertex(ccm_dl_level_008_mesh_layer_1_vtx_7 + 64, 16, 0),
	gsSP1Triangle(0, 1, 2, 0),
	gsSP1Triangle(3, 2, 1, 0),
	gsSP1Triangle(3, 4, 2, 0),
	gsSP1Triangle(3, 5, 4, 0),
	gsSP1Triangle(3, 6, 5, 0),
	gsSP1Triangle(6, 7, 5, 0),
	gsSP1Triangle(6, 8, 7, 0),
	gsSP1Triangle(8, 9, 7, 0),
	gsSP1Triangle(8, 10, 9, 0),
	gsSP1Triangle(11, 12, 13, 0),
	gsSP1Triangle(11, 14, 12, 0),
	gsSP1Triangle(15, 14, 11, 0),
	gsSPVertex(ccm_dl_level_008_mesh_layer_1_vtx_7 + 80, 16, 0),
	gsSP1Triangle(0, 1, 2, 0),
	gsSP1Triangle(3, 4, 0, 0),
	gsSP1Triangle(3, 5, 4, 0),
	gsSP1Triangle(6, 4, 5, 0),
	gsSP1Triangle(6, 5, 7, 0),
	gsSP1Triangle(7, 8, 6, 0),
	gsSP1Triangle(7, 9, 8, 0),
	gsSP1Triangle(6, 8, 10, 0),
	gsSP1Triangle(6, 10, 11, 0),
	gsSP1Triangle(12, 13, 14, 0),
	gsSP1Triangle(12, 15, 13, 0),
	gsSPVertex(ccm_dl_level_008_mesh_layer_1_vtx_7 + 96, 16, 0),
	gsSP1Triangle(0, 1, 2, 0),
	gsSP1Triangle(0, 3, 1, 0),
	gsSP1Triangle(3, 4, 1, 0),
	gsSP1Triangle(3, 5, 4, 0),
	gsSP1Triangle(5, 6, 4, 0),
	gsSP1Triangle(5, 7, 6, 0),
	gsSP1Triangle(7, 8, 6, 0),
	gsSP1Triangle(7, 9, 8, 0),
	gsSP1Triangle(9, 10, 8, 0),
	gsSP1Triangle(9, 11, 10, 0),
	gsSP1Triangle(11, 12, 10, 0),
	gsSP1Triangle(11, 13, 12, 0),
	gsSP1Triangle(13, 14, 12, 0),
	gsSP1Triangle(13, 15, 14, 0),
	gsSPVertex(ccm_dl_level_008_mesh_layer_1_vtx_7 + 112, 16, 0),
	gsSP1Triangle(0, 1, 2, 0),
	gsSP1Triangle(0, 3, 1, 0),
	gsSP1Triangle(3, 4, 1, 0),
	gsSP1Triangle(3, 5, 4, 0),
	gsSP1Triangle(5, 6, 4, 0),
	gsSP1Triangle(5, 7, 6, 0),
	gsSP1Triangle(7, 8, 6, 0),
	gsSP1Triangle(7, 9, 8, 0),
	gsSP1Triangle(9, 10, 8, 0),
	gsSP1Triangle(9, 11, 10, 0),
	gsSP1Triangle(11, 12, 10, 0),
	gsSP1Triangle(11, 13, 12, 0),
	gsSP1Triangle(13, 14, 12, 0),
	gsSP1Triangle(13, 15, 14, 0),
	gsSPVertex(ccm_dl_level_008_mesh_layer_1_vtx_7 + 128, 16, 0),
	gsSP1Triangle(0, 1, 2, 0),
	gsSP1Triangle(0, 3, 1, 0),
	gsSP1Triangle(3, 4, 1, 0),
	gsSP1Triangle(3, 5, 4, 0),
	gsSP1Triangle(5, 6, 4, 0),
	gsSP1Triangle(5, 7, 6, 0),
	gsSP1Triangle(7, 8, 6, 0),
	gsSP1Triangle(7, 9, 8, 0),
	gsSP1Triangle(9, 10, 8, 0),
	gsSP1Triangle(9, 11, 10, 0),
	gsSP1Triangle(11, 12, 10, 0),
	gsSP1Triangle(11, 13, 12, 0),
	gsSP1Triangle(13, 14, 12, 0),
	gsSP1Triangle(13, 15, 14, 0),
	gsSPVertex(ccm_dl_level_008_mesh_layer_1_vtx_7 + 144, 16, 0),
	gsSP1Triangle(0, 1, 2, 0),
	gsSP1Triangle(0, 3, 1, 0),
	gsSP1Triangle(3, 4, 1, 0),
	gsSP1Triangle(3, 5, 4, 0),
	gsSP1Triangle(5, 6, 4, 0),
	gsSP1Triangle(5, 7, 6, 0),
	gsSP1Triangle(7, 8, 6, 0),
	gsSP1Triangle(7, 9, 8, 0),
	gsSP1Triangle(6, 8, 10, 0),
	gsSP1Triangle(6, 10, 11, 0),
	gsSP1Triangle(4, 6, 11, 0),
	gsSP1Triangle(4, 11, 12, 0),
	gsSP1Triangle(1, 4, 12, 0),
	gsSP1Triangle(1, 12, 13, 0),
	gsSP1Triangle(2, 1, 13, 0),
	gsSP1Triangle(2, 13, 14, 0),
	gsSP1Triangle(15, 2, 14, 0),
	gsSPVertex(ccm_dl_level_008_mesh_layer_1_vtx_7 + 160, 16, 0),
	gsSP1Triangle(0, 1, 2, 0),
	gsSP1Triangle(3, 0, 2, 0),
	gsSP1Triangle(3, 2, 4, 0),
	gsSP1Triangle(5, 3, 4, 0),
	gsSP1Triangle(5, 4, 6, 0),
	gsSP1Triangle(7, 5, 6, 0),
	gsSP1Triangle(7, 6, 8, 0),
	gsSP1Triangle(9, 7, 8, 0),
	gsSP1Triangle(9, 8, 10, 0),
	gsSP1Triangle(11, 9, 10, 0),
	gsSP1Triangle(11, 10, 12, 0),
	gsSP1Triangle(13, 11, 12, 0),
	gsSP1Triangle(13, 12, 14, 0),
	gsSP1Triangle(15, 13, 14, 0),
	gsSPVertex(ccm_dl_level_008_mesh_layer_1_vtx_7 + 176, 16, 0),
	gsSP1Triangle(0, 1, 2, 0),
	gsSP1Triangle(3, 0, 2, 0),
	gsSP1Triangle(3, 2, 4, 0),
	gsSP1Triangle(5, 3, 4, 0),
	gsSP1Triangle(5, 4, 6, 0),
	gsSP1Triangle(7, 5, 6, 0),
	gsSP1Triangle(7, 6, 8, 0),
	gsSP1Triangle(9, 7, 8, 0),
	gsSP1Triangle(9, 8, 10, 0),
	gsSP1Triangle(11, 9, 10, 0),
	gsSP1Triangle(11, 10, 12, 0),
	gsSP1Triangle(13, 11, 12, 0),
	gsSP1Triangle(13, 12, 14, 0),
	gsSP1Triangle(15, 13, 14, 0),
	gsSPVertex(ccm_dl_level_008_mesh_layer_1_vtx_7 + 192, 16, 0),
	gsSP1Triangle(0, 1, 2, 0),
	gsSP1Triangle(3, 0, 2, 0),
	gsSP1Triangle(3, 2, 4, 0),
	gsSP1Triangle(5, 3, 4, 0),
	gsSP1Triangle(5, 4, 6, 0),
	gsSP1Triangle(7, 5, 6, 0),
	gsSP1Triangle(7, 6, 8, 0),
	gsSP1Triangle(9, 7, 8, 0),
	gsSP1Triangle(9, 8, 10, 0),
	gsSP1Triangle(11, 9, 10, 0),
	gsSP1Triangle(11, 10, 12, 0),
	gsSP1Triangle(13, 14, 15, 0),
	gsSPVertex(ccm_dl_level_008_mesh_layer_1_vtx_7 + 208, 16, 0),
	gsSP1Triangle(0, 1, 2, 0),
	gsSP1Triangle(2, 1, 3, 0),
	gsSP1Triangle(2, 3, 4, 0),
	gsSP1Triangle(5, 6, 7, 0),
	gsSP1Triangle(5, 7, 8, 0),
	gsSP1Triangle(8, 7, 9, 0),
	gsSP1Triangle(8, 9, 10, 0),
	gsSP1Triangle(11, 12, 13, 0),
	gsSP1Triangle(11, 13, 14, 0),
	gsSP1Triangle(14, 13, 15, 0),
	gsSPVertex(ccm_dl_level_008_mesh_layer_1_vtx_7 + 224, 15, 0),
	gsSP1Triangle(0, 1, 2, 0),
	gsSP1Triangle(3, 4, 5, 0),
	gsSP1Triangle(3, 5, 6, 0),
	gsSP1Triangle(6, 5, 7, 0),
	gsSP1Triangle(6, 7, 8, 0),
	gsSP1Triangle(9, 10, 11, 0),
	gsSP1Triangle(9, 12, 10, 0),
	gsSP1Triangle(10, 12, 13, 0),
	gsSP1Triangle(10, 13, 14, 0),
	gsSPVertex(ccm_dl_level_008_mesh_layer_1_vtx_7 + 239, 16, 0),
	gsSP1Triangle(0, 1, 2, 0),
	gsSP1Triangle(0, 2, 3, 0),
	gsSP1Triangle(3, 2, 4, 0),
	gsSP1Triangle(3, 4, 5, 0),
	gsSP1Triangle(6, 7, 8, 0),
	gsSP1Triangle(6, 8, 9, 0),
	gsSP1Triangle(9, 8, 10, 0),
	gsSP1Triangle(9, 10, 11, 0),
	gsSP1Triangle(12, 13, 14, 0),
	gsSP1Triangle(12, 14, 15, 0),
	gsSPVertex(ccm_dl_level_008_mesh_layer_1_vtx_7 + 255, 16, 0),
	gsSP1Triangle(0, 1, 2, 0),
	gsSP1Triangle(0, 2, 3, 0),
	gsSP1Triangle(4, 5, 6, 0),
	gsSP1Triangle(4, 6, 7, 0),
	gsSP1Triangle(7, 6, 8, 0),
	gsSP1Triangle(7, 8, 9, 0),
	gsSP1Triangle(10, 7, 9, 0),
	gsSP1Triangle(10, 9, 11, 0),
	gsSP1Triangle(12, 7, 10, 0),
	gsSP1Triangle(12, 4, 7, 0),
	gsSP1Triangle(13, 14, 15, 0),
	gsSPVertex(ccm_dl_level_008_mesh_layer_1_vtx_7 + 271, 16, 0),
	gsSP1Triangle(0, 1, 2, 0),
	gsSP1Triangle(3, 4, 5, 0),
	gsSP1Triangle(3, 6, 4, 0),
	gsSP1Triangle(4, 6, 7, 0),
	gsSP1Triangle(4, 7, 8, 0),
	gsSP1Triangle(9, 10, 11, 0),
	gsSP1Triangle(9, 12, 10, 0),
	gsSP1Triangle(9, 13, 12, 0),
	gsSP1Triangle(9, 14, 13, 0),
	gsSP1Triangle(14, 15, 13, 0),
	gsSPVertex(ccm_dl_level_008_mesh_layer_1_vtx_7 + 287, 16, 0),
	gsSP1Triangle(0, 1, 2, 0),
	gsSP1Triangle(1, 3, 2, 0),
	gsSP1Triangle(1, 4, 3, 0),
	gsSP1Triangle(4, 5, 3, 0),
	gsSP1Triangle(4, 6, 5, 0),
	gsSP1Triangle(6, 7, 5, 0),
	gsSP1Triangle(6, 8, 7, 0),
	gsSP1Triangle(8, 9, 7, 0),
	gsSP1Triangle(8, 10, 9, 0),
	gsSP1Triangle(10, 11, 9, 0),
	gsSP1Triangle(10, 12, 11, 0),
	gsSP1Triangle(12, 13, 11, 0),
	gsSP1Triangle(12, 14, 13, 0),
	gsSP1Triangle(14, 15, 13, 0),
	gsSPVertex(ccm_dl_level_008_mesh_layer_1_vtx_7 + 303, 16, 0),
	gsSP1Triangle(0, 1, 2, 0),
	gsSP1Triangle(1, 3, 2, 0),
	gsSP1Triangle(1, 4, 3, 0),
	gsSP1Triangle(4, 5, 3, 0),
	gsSP1Triangle(4, 6, 5, 0),
	gsSP1Triangle(6, 7, 5, 0),
	gsSP1Triangle(6, 8, 7, 0),
	gsSP1Triangle(8, 9, 7, 0),
	gsSP1Triangle(8, 10, 9, 0),
	gsSP1Triangle(10, 11, 9, 0),
	gsSP1Triangle(10, 12, 11, 0),
	gsSP1Triangle(12, 13, 11, 0),
	gsSP1Triangle(12, 14, 13, 0),
	gsSP1Triangle(14, 15, 13, 0),
	gsSPVertex(ccm_dl_level_008_mesh_layer_1_vtx_7 + 319, 16, 0),
	gsSP1Triangle(0, 1, 2, 0),
	gsSP1Triangle(1, 3, 2, 0),
	gsSP1Triangle(1, 4, 3, 0),
	gsSP1Triangle(4, 5, 3, 0),
	gsSP1Triangle(4, 6, 5, 0),
	gsSP1Triangle(6, 7, 5, 0),
	gsSP1Triangle(6, 8, 7, 0),
	gsSP1Triangle(8, 9, 7, 0),
	gsSP1Triangle(8, 10, 9, 0),
	gsSP1Triangle(10, 11, 9, 0),
	gsSP1Triangle(10, 12, 11, 0),
	gsSP1Triangle(12, 13, 11, 0),
	gsSP1Triangle(12, 14, 13, 0),
	gsSP1Triangle(14, 15, 13, 0),
	gsSPVertex(ccm_dl_level_008_mesh_layer_1_vtx_7 + 335, 16, 0),
	gsSP1Triangle(0, 1, 2, 0),
	gsSP1Triangle(1, 3, 2, 0),
	gsSP1Triangle(1, 4, 3, 0),
	gsSP1Triangle(4, 5, 3, 0),
	gsSP1Triangle(4, 6, 5, 0),
	gsSP1Triangle(7, 5, 6, 0),
	gsSP1Triangle(7, 8, 5, 0),
	gsSP1Triangle(7, 9, 8, 0),
	gsSP1Triangle(7, 10, 9, 0),
	gsSP1Triangle(10, 11, 9, 0),
	gsSP1Triangle(10, 12, 11, 0),
	gsSP1Triangle(9, 11, 13, 0),
	gsSP1Triangle(9, 13, 14, 0),
	gsSP1Triangle(8, 9, 14, 0),
	gsSP1Triangle(8, 14, 15, 0),
	gsSP1Triangle(5, 8, 15, 0),
	gsSPVertex(ccm_dl_level_008_mesh_layer_1_vtx_7 + 351, 16, 0),
	gsSP1Triangle(0, 1, 2, 0),
	gsSP1Triangle(3, 0, 2, 0),
	gsSP1Triangle(3, 2, 4, 0),
	gsSP1Triangle(5, 3, 4, 0),
	gsSP1Triangle(5, 4, 6, 0),
	gsSP1Triangle(7, 5, 6, 0),
	gsSP1Triangle(7, 6, 8, 0),
	gsSP1Triangle(9, 7, 8, 0),
	gsSP1Triangle(9, 8, 10, 0),
	gsSP1Triangle(11, 9, 10, 0),
	gsSP1Triangle(11, 10, 12, 0),
	gsSP1Triangle(13, 11, 12, 0),
	gsSP1Triangle(13, 12, 14, 0),
	gsSP1Triangle(15, 13, 14, 0),
	gsSPVertex(ccm_dl_level_008_mesh_layer_1_vtx_7 + 367, 16, 0),
	gsSP1Triangle(0, 1, 2, 0),
	gsSP1Triangle(3, 0, 2, 0),
	gsSP1Triangle(3, 2, 4, 0),
	gsSP1Triangle(5, 3, 4, 0),
	gsSP1Triangle(5, 4, 6, 0),
	gsSP1Triangle(7, 5, 6, 0),
	gsSP1Triangle(7, 6, 8, 0),
	gsSP1Triangle(9, 7, 8, 0),
	gsSP1Triangle(9, 8, 10, 0),
	gsSP1Triangle(11, 9, 10, 0),
	gsSP1Triangle(11, 10, 12, 0),
	gsSP1Triangle(13, 11, 12, 0),
	gsSP1Triangle(13, 12, 14, 0),
	gsSP1Triangle(15, 13, 14, 0),
	gsSPVertex(ccm_dl_level_008_mesh_layer_1_vtx_7 + 383, 16, 0),
	gsSP1Triangle(0, 1, 2, 0),
	gsSP1Triangle(3, 0, 2, 0),
	gsSP1Triangle(3, 2, 4, 0),
	gsSP1Triangle(5, 3, 4, 0),
	gsSP1Triangle(5, 4, 6, 0),
	gsSP1Triangle(7, 5, 6, 0),
	gsSP1Triangle(7, 6, 8, 0),
	gsSP1Triangle(9, 7, 8, 0),
	gsSP1Triangle(9, 8, 10, 0),
	gsSP1Triangle(11, 9, 10, 0),
	gsSP1Triangle(11, 10, 12, 0),
	gsSP1Triangle(13, 11, 12, 0),
	gsSP1Triangle(13, 12, 14, 0),
	gsSP1Triangle(15, 13, 14, 0),
	gsSPVertex(ccm_dl_level_008_mesh_layer_1_vtx_7 + 399, 16, 0),
	gsSP1Triangle(0, 1, 2, 0),
	gsSP1Triangle(3, 0, 2, 0),
	gsSP1Triangle(3, 2, 4, 0),
	gsSP1Triangle(5, 3, 4, 0),
	gsSP1Triangle(5, 4, 6, 0),
	gsSP1Triangle(7, 5, 6, 0),
	gsSP1Triangle(7, 6, 8, 0),
	gsSP1Triangle(9, 7, 8, 0),
	gsSP1Triangle(9, 8, 10, 0),
	gsSP1Triangle(11, 9, 10, 0),
	gsSP1Triangle(11, 10, 12, 0),
	gsSP1Triangle(13, 14, 15, 0),
	gsSPVertex(ccm_dl_level_008_mesh_layer_1_vtx_7 + 415, 16, 0),
	gsSP1Triangle(0, 1, 2, 0),
	gsSP1Triangle(3, 4, 5, 0),
	gsSP1Triangle(3, 5, 6, 0),
	gsSP1Triangle(7, 8, 9, 0),
	gsSP1Triangle(7, 10, 8, 0),
	gsSP1Triangle(8, 10, 11, 0),
	gsSP1Triangle(8, 11, 12, 0),
	gsSP1Triangle(13, 14, 15, 0),
	gsSPVertex(ccm_dl_level_008_mesh_layer_1_vtx_7 + 431, 14, 0),
	gsSP1Triangle(0, 1, 2, 0),
	gsSP1Triangle(2, 1, 3, 0),
	gsSP1Triangle(2, 3, 4, 0),
	gsSP1Triangle(5, 6, 7, 0),
	gsSP1Triangle(5, 7, 8, 0),
	gsSP1Triangle(8, 7, 9, 0),
	gsSP1Triangle(8, 9, 10, 0),
	gsSP1Triangle(11, 8, 10, 0),
	gsSP1Triangle(11, 10, 12, 0),
	gsSP1Triangle(13, 8, 11, 0),
	gsSP1Triangle(13, 5, 8, 0),
	gsSPVertex(ccm_dl_level_008_mesh_layer_1_vtx_7 + 445, 14, 0),
	gsSP1Triangle(0, 1, 2, 0),
	gsSP1Triangle(0, 2, 3, 0),
	gsSP1Triangle(3, 2, 4, 0),
	gsSP1Triangle(3, 4, 5, 0),
	gsSP1Triangle(6, 3, 5, 0),
	gsSP1Triangle(6, 5, 7, 0),
	gsSP1Triangle(8, 3, 6, 0),
	gsSP1Triangle(8, 0, 3, 0),
	gsSP1Triangle(9, 10, 11, 0),
	gsSP1Triangle(9, 12, 10, 0),
	gsSP1Triangle(13, 10, 12, 0),
	gsSPVertex(ccm_dl_level_008_mesh_layer_1_vtx_7 + 459, 15, 0),
	gsSP1Triangle(0, 1, 2, 0),
	gsSP1Triangle(0, 2, 3, 0),
	gsSP1Triangle(4, 3, 2, 0),
	gsSP1Triangle(5, 6, 7, 0),
	gsSP1Triangle(5, 7, 8, 0),
	gsSP1Triangle(9, 8, 7, 0),
	gsSP1Triangle(10, 11, 12, 0),
	gsSP1Triangle(10, 12, 13, 0),
	gsSP1Triangle(14, 13, 12, 0),
	gsSPVertex(ccm_dl_level_008_mesh_layer_1_vtx_7 + 474, 15, 0),
	gsSP1Triangle(0, 1, 2, 0),
	gsSP1Triangle(0, 3, 1, 0),
	gsSP1Triangle(4, 1, 3, 0),
	gsSP1Triangle(5, 6, 7, 0),
	gsSP1Triangle(5, 8, 6, 0),
	gsSP1Triangle(9, 6, 8, 0),
	gsSP1Triangle(10, 11, 12, 0),
	gsSP1Triangle(10, 13, 11, 0),
	gsSP1Triangle(14, 11, 13, 0),
	gsSPVertex(ccm_dl_level_008_mesh_layer_1_vtx_7 + 489, 15, 0),
	gsSP1Triangle(0, 1, 2, 0),
	gsSP1Triangle(0, 2, 3, 0),
	gsSP1Triangle(4, 3, 2, 0),
	gsSP1Triangle(5, 6, 7, 0),
	gsSP1Triangle(5, 8, 6, 0),
	gsSP1Triangle(9, 6, 8, 0),
	gsSP1Triangle(10, 11, 12, 0),
	gsSP1Triangle(10, 13, 11, 0),
	gsSP1Triangle(14, 11, 13, 0),
	gsSPEndDisplayList(),
};

Vtx ccm_dl_level_008_mesh_layer_1_vtx_8[352] = {
	{{{-1928, 4164, 4925},0, {-3880, 13170},{0x93, 0xC5, 0xFF, 0xFF}}},
	{{{-1528, 4164, 5202},0, {-3152, 13674},{0x93, 0xC5, 0xFF, 0xFF}}},
	{{{-1528, 4164, 4486},0, {-3152, 12369},{0x93, 0xC5, 0xFF, 0xFF}}},
	{{{-1782, 4164, 3742},0, {-3614, 11010},{0x93, 0xC5, 0xFF, 0xFF}}},
	{{{-708, 4164, 3742},0, {-1656, 11010},{0x93, 0xC5, 0xFF, 0xFF}}},
	{{{-532, 4164, 4475},0, {-1334, 12347},{0x93, 0xC5, 0xFF, 0xFF}}},
	{{{532, 4164, 3602},0, {607, 10755},{0x93, 0xC5, 0xFF, 0xFF}}},
	{{{-532, 4164, 5169},0, {-1334, 13614},{0x93, 0xC5, 0xFF, 0xFF}}},
	{{{147, 4164, 4582},0, {-96, 12543},{0x93, 0xC5, 0xFF, 0xFF}}},
	{{{112, 4164, 2729},0, {-160, 9162},{0x93, 0xC5, 0xFF, 0xFF}}},
	{{{-633, 4164, 2108},0, {-1518, 8029},{0x93, 0xC5, 0xFF, 0xFF}}},
	{{{-1629, 4164, 2141},0, {-3337, 8090},{0x93, 0xC5, 0xFF, 0xFF}}},
	{{{-2012, 4164, 2454},0, {-4035, 8661},{0x93, 0xC5, 0xFF, 0xFF}}},
	{{{-2238, 4164, 3725},0, {-4446, 10980},{0x93, 0xC5, 0xFF, 0xFF}}},
	{{{-2693, 4164, 3709},0, {-5278, 10950},{0x93, 0xC5, 0xFF, 0xFF}}},
	{{{-2332, 4164, 2810},0, {-4618, 9310},{0x93, 0xC5, 0xFF, 0xFF}}},
	{{{-2693, 4164, 3709},0, {-5278, 10950},{0x93, 0xC5, 0xFF, 0xFF}}},
	{{{-2244, 4164, 4662},0, {-4458, 12689},{0x93, 0xC5, 0xFF, 0xFF}}},
	{{{-1928, 4164, 4925},0, {-3880, 13170},{0x93, 0xC5, 0xFF, 0xFF}}},
	{{{-1782, 4164, 3742},0, {-3614, 11010},{0x93, 0xC5, 0xFF, 0xFF}}},
	{{{-2238, 4164, 3725},0, {-4446, 10980},{0x93, 0xC5, 0xFF, 0xFF}}},
	{{{532, 2896, 3602},0, {607, 10755},{0x93, 0xC5, 0xFF, 0xFF}}},
	{{{1560, 2896, 3435},0, {2483, 10450},{0x93, 0xC5, 0xFF, 0xFF}}},
	{{{1005, 2896, 1902},0, {1469, 7654},{0x93, 0xC5, 0xFF, 0xFF}}},
	{{{193, 2896, 2666},0, {-12, 9047},{0x93, 0xC5, 0xFF, 0xFF}}},
	{{{-2418, 2923, 2748},0, {-4776, 9198},{0x93, 0xC5, 0xFF, 0xFF}}},
	{{{-3723, 2896, 3609},0, {-7155, 10769},{0x93, 0xC5, 0xFF, 0xFF}}},
	{{{-2693, 2896, 3709},0, {-5278, 10950},{0x93, 0xC5, 0xFF, 0xFF}}},
	{{{-3225, 2885, 2075},0, {-6248, 7970},{0x93, 0xC5, 0xFF, 0xFF}}},
	{{{-2035, 2923, 2429},0, {-4076, 8615},{0x93, 0xC5, 0xFF, 0xFF}}},
	{{{-2609, 2885, 1558},0, {-5124, 7027},{0x91, 0xBB, 0xFF, 0xFF}}},
	{{{-1630, 2923, 2136},0, {-3338, 8081},{0x93, 0xC5, 0xFF, 0xFF}}},
	{{{-1630, 2923, 2136},0, {-3338, 8081},{0x93, 0xC5, 0xFF, 0xFF}}},
	{{{-1973, 2888, 1027},0, {-3964, 6057},{0x8E, 0xB1, 0xFF, 0xFF}}},
	{{{-2609, 2885, 1558},0, {-5124, 7027},{0x91, 0xBB, 0xFF, 0xFF}}},
	{{{-333, 2896, 1000},0, {-972, 6008},{0x8E, 0xB1, 0xFF, 0xFF}}},
	{{{-633, 2896, 2108},0, {-1518, 8029},{0x93, 0xC5, 0xFF, 0xFF}}},
	{{{-391, 2885, -74},0, {-1078, 4049},{0x8E, 0xB1, 0xFF, 0xFF}}},
	{{{-1965, 2883, -40},0, {-3949, 4112},{0x8E, 0xB1, 0xFF, 0xFF}}},
	{{{-408, 2907, -1131},0, {-1107, 2121},{0x8E, 0xB1, 0xFF, 0xFF}}},
	{{{-2040, 2907, -1100},0, {-4086, 2178},{0x8E, 0xB1, 0xFF, 0xFF}}},
	{{{-482, 2931, -1778},0, {-1243, 940},{0x8E, 0xB1, 0xFF, 0xFF}}},
	{{{-1942, 2937, -1746},0, {-3907, 999},{0x91, 0xBB, 0xFF, 0xFF}}},
	{{{-1923, 2896, -2374},0, {-3871, -147},{0x93, 0xC5, 0xFF, 0xFF}}},
	{{{-521, 2896, -2405},0, {-1314, -204},{0x8E, 0xB1, 0xFF, 0xFF}}},
	{{{-586, 2886, -2739},0, {-1432, -813},{0x8E, 0xB1, 0xFF, 0xFF}}},
	{{{-1930, 2896, -2724},0, {-3886, -785},{0x91, 0xBB, 0xFF, 0xFF}}},
	{{{-773, 2882, -2978},0, {-1773, -1250},{0x8E, 0xB1, 0xFF, 0xFF}}},
	{{{-1930, 2896, -2724},0, {-3886, -785},{0x91, 0xBB, 0xFF, 0xFF}}},
	{{{-773, 2882, -2978},0, {-1773, -1250},{0x8E, 0xB1, 0xFF, 0xFF}}},
	{{{-1938, 2887, -3056},0, {-3899, -1392},{0x8E, 0xB1, 0xFF, 0xFF}}},
	{{{-3248, 2888, -2694},0, {-6290, -731},{0x8E, 0xB1, 0xFF, 0xFF}}},
	{{{-3098, 2882, -2927},0, {-6016, -1155},{0x8E, 0xB1, 0xFF, 0xFF}}},
	{{{-3124, 2970, -2469},0, {-6062, -321},{0x8E, 0xB1, 0xFF, 0xFF}}},
	{{{-1923, 2896, -2374},0, {-3871, -147},{0x93, 0xC5, 0xFF, 0xFF}}},
	{{{-3167, 2896, 5142},0, {-6142, 13565},{0x93, 0xC5, 0xFF, 0xFF}}},
	{{{-1952, 2923, 4937},0, {-3925, 13192},{0x93, 0xC5, 0xFF, 0xFF}}},
	{{{-2354, 2896, 4645},0, {-4659, 12658},{0x93, 0xC5, 0xFF, 0xFF}}},
	{{{-2479, 2885, 5584},0, {-4887, 14372},{0x93, 0xC5, 0xFF, 0xFF}}},
	{{{-1800, 2885, 6008},0, {-3648, 15145},{0x93, 0xC5, 0xFF, 0xFF}}},
	{{{-1528, 2896, 5202},0, {-3152, 13674},{0x93, 0xC5, 0xFF, 0xFF}}},
	{{{-200, 2885, 5955},0, {-729, 15049},{0x93, 0xC5, 0xFF, 0xFF}}},
	{{{-532, 2896, 5169},0, {-1334, 13614},{0x93, 0xC5, 0xFF, 0xFF}}},
	{{{255, 2896, 4558},0, {102, 12499},{0x93, 0xC5, 0xFF, 0xFF}}},
	{{{-200, 2885, 5955},0, {-729, 15049},{0x93, 0xC5, 0xFF, 0xFF}}},
	{{{1107, 2896, 5001},0, {1656, 13307},{0x93, 0xC5, 0xFF, 0xFF}}},
	{{{255, 2896, 4558},0, {102, 12499},{0x93, 0xC5, 0xFF, 0xFF}}},
	{{{-1528, 2896, 5202},0, {-3152, 13674},{0x93, 0xC5, 0xFF, 0xFF}}},
	{{{-532, 2896, 5169},0, {-1334, 13614},{0x93, 0xC5, 0xFF, 0xFF}}},
	{{{-532, 2896, 4475},0, {-1334, 12347},{0x93, 0xC5, 0xFF, 0xFF}}},
	{{{-1528, 2896, 4486},0, {-3152, 12369},{0x93, 0xC5, 0xFF, 0xFF}}},
	{{{7695, 2071, -5127},0, {13676, -5169},{0x93, 0xC5, 0xFF, 0xFF}}},
	{{{6411, 2071, -5296},0, {11332, -5478},{0x93, 0xC5, 0xFF, 0xFF}}},
	{{{6166, 2071, -4650},0, {10886, -4300},{0x93, 0xC5, 0xFF, 0xFF}}},
	{{{8453, 2071, -4211},0, {15057, -3500},{0x93, 0xC5, 0xFF, 0xFF}}},
	{{{5896, 2071, -3716},0, {10394, -2595},{0x93, 0xC5, 0xFF, 0xFF}}},
	{{{9186, 2071, -2736},0, {16395, -808},{0x93, 0xC5, 0xFF, 0xFF}}},
	{{{-1832, 1907, -12622},0, {-3707, -18843},{0x8E, 0xB1, 0xFF, 0xFF}}},
	{{{-2909, 1907, -12564},0, {-5671, -18739},{0x8E, 0xB1, 0xFF, 0xFF}}},
	{{{-2978, 1811, -12352},0, {-5797, -18351},{0x8E, 0xB1, 0xFF, 0xFF}}},
	{{{-1832, 1907, -12622},0, {-3707, -18843},{0x8E, 0xB1, 0xFF, 0xFF}}},
	{{{-2978, 1811, -12352},0, {-5797, -18351},{0x8E, 0xB1, 0xFF, 0xFF}}},
	{{{-1744, 1811, -12380},0, {-3545, -18403},{0x8E, 0xB1, 0xFF, 0xFF}}},
	{{{-2818, 1807, -12126},0, {-5505, -17939},{0x8E, 0xB1, 0xFF, 0xFF}}},
	{{{-1893, 1807, -12147},0, {-3818, -17977},{0x8E, 0xB1, 0xFF, 0xFF}}},
	{{{-7260, 1907, -8432},0, {-13609, -11199},{0x91, 0xBB, 0xFF, 0xFF}}},
	{{{-7476, 1883, -7617},0, {-14003, -9713},{0x8E, 0xB1, 0xFF, 0xFF}}},
	{{{-7334, 1810, -7370},0, {-13745, -9263},{0x8E, 0xB1, 0xFF, 0xFF}}},
	{{{-6971, 1823, -8288},0, {-13081, -10937},{0x8F, 0xB6, 0xFF, 0xFF}}},
	{{{-7032, 1807, -7512},0, {-13193, -9520},{0x8E, 0xB1, 0xFF, 0xFF}}},
	{{{-6663, 1813, -8198},0, {-12521, -10772},{0x8E, 0xB1, 0xFF, 0xFF}}},
	{{{-6578, 1823, -9282},0, {-12364, -12750},{0x91, 0xBB, 0xFF, 0xFF}}},
	{{{-6272, 1813, -9150},0, {-11807, -12509},{0x8E, 0xB1, 0xFF, 0xFF}}},
	{{{-6350, 1823, -9858},0, {-11949, -13801},{0x8F, 0xB6, 0xFF, 0xFF}}},
	{{{-6060, 1813, -9724},0, {-11419, -13557},{0x8E, 0xB1, 0xFF, 0xFF}}},
	{{{-6150, 1811, -10363},0, {-11584, -14723},{0x8E, 0xB1, 0xFF, 0xFF}}},
	{{{-6150, 1811, -10363},0, {-11584, -14723},{0x8E, 0xB1, 0xFF, 0xFF}}},
	{{{-6060, 1813, -9724},0, {-11419, -13557},{0x8E, 0xB1, 0xFF, 0xFF}}},
	{{{-5987, 1807, -10154},0, {-11287, -14340},{0x8E, 0xB1, 0xFF, 0xFF}}},
	{{{-6364, 1907, -10384},0, {-11975, -14761},{0x8E, 0xB1, 0xFF, 0xFF}}},
	{{{-6350, 1823, -9858},0, {-11949, -13801},{0x8F, 0xB6, 0xFF, 0xFF}}},
	{{{-6654, 1907, -9962},0, {-12504, -13991},{0x91, 0xBB, 0xFF, 0xFF}}},
	{{{-6578, 1823, -9282},0, {-12364, -12750},{0x91, 0xBB, 0xFF, 0xFF}}},
	{{{-6894, 1907, -9396},0, {-12940, -12958},{0x93, 0xC5, 0xFF, 0xFF}}},
	{{{-6971, 1823, -8288},0, {-13081, -10937},{0x8F, 0xB6, 0xFF, 0xFF}}},
	{{{-7260, 1907, -8432},0, {-13609, -11199},{0x91, 0xBB, 0xFF, 0xFF}}},
	{{{-5931, 2432, -3928},0, {-11185, -2982},{0x93, 0xC5, 0xFF, 0xFF}}},
	{{{-4994, 2412, -3470},0, {-9475, -2147},{0x8E, 0xB1, 0xFF, 0xFF}}},
	{{{-4829, 2348, -3654},0, {-9173, -2483},{0x8E, 0xB1, 0xFF, 0xFF}}},
	{{{-5762, 2359, -4217},0, {-10877, -3510},{0x91, 0xBB, 0xFF, 0xFF}}},
	{{{-4822, 2345, -3919},0, {-9160, -2965},{0x8E, 0xB1, 0xFF, 0xFF}}},
	{{{-5587, 2351, -4500},0, {-10556, -4027},{0x8E, 0xB1, 0xFF, 0xFF}}},
	{{{-6355, 2352, -4573},0, {-11958, -4160},{0x8E, 0xB1, 0xFF, 0xFF}}},
	{{{-5762, 2359, -4217},0, {-10877, -3510},{0x91, 0xBB, 0xFF, 0xFF}}},
	{{{-5587, 2351, -4500},0, {-10556, -4027},{0x8E, 0xB1, 0xFF, 0xFF}}},
	{{{-6168, 2345, -4728},0, {-11616, -4443},{0x8E, 0xB1, 0xFF, 0xFF}}},
	{{{-6423, 2447, -4344},0, {-12081, -3742},{0x8E, 0xB1, 0xFF, 0xFF}}},
	{{{-5931, 2432, -3928},0, {-11185, -2982},{0x93, 0xC5, 0xFF, 0xFF}}},
	{{{4190, 1812, -10564},0, {7281, -15089},{0x8E, 0xB1, 0xFF, 0xFF}}},
	{{{3468, 1813, -10594},0, {5964, -15144},{0x8E, 0xB1, 0xFF, 0xFF}}},
	{{{3998, 1807, -10396},0, {6931, -14783},{0x8E, 0xB1, 0xFF, 0xFF}}},
	{{{3657, 1823, -10868},0, {6308, -15645},{0x91, 0xBB, 0xFF, 0xFF}}},
	{{{4385, 1823, -10839},0, {7636, -15591},{0x8E, 0xB1, 0xFF, 0xFF}}},
	{{{3873, 1823, -11147},0, {6703, -16153},{0x93, 0xC5, 0xFF, 0xFF}}},
	{{{2580, 1823, -11516},0, {4344, -16827},{0x91, 0xBB, 0xFF, 0xFF}}},
	{{{2760, 1823, -11833},0, {4672, -17405},{0x93, 0xC5, 0xFF, 0xFF}}},
	{{{1505, 1823, -12164},0, {2382, -18008},{0x91, 0xBB, 0xFF, 0xFF}}},
	{{{1648, 1823, -12486},0, {2643, -18595},{0x93, 0xC5, 0xFF, 0xFF}}},
	{{{1648, 1823, -12486},0, {2643, -18595},{0x93, 0xC5, 0xFF, 0xFF}}},
	{{{-180, 1811, -12417},0, {-692, -18470},{0x8E, 0xB1, 0xFF, 0xFF}}},
	{{{1505, 1823, -12164},0, {2382, -18008},{0x91, 0xBB, 0xFF, 0xFF}}},
	{{{-96, 1907, -12660},0, {-539, -18914},{0x8E, 0xB1, 0xFF, 0xFF}}},
	{{{1357, 1813, -11867},0, {2112, -17466},{0x8E, 0xB1, 0xFF, 0xFF}}},
	{{{-45, 1807, -12197},0, {-446, -18069},{0x8E, 0xB1, 0xFF, 0xFF}}},
	{{{2580, 1823, -11516},0, {4344, -16827},{0x91, 0xBB, 0xFF, 0xFF}}},
	{{{2410, 1813, -11231},0, {4033, -16306},{0x8E, 0xB1, 0xFF, 0xFF}}},
	{{{3657, 1823, -10868},0, {6308, -15645},{0x91, 0xBB, 0xFF, 0xFF}}},
	{{{3468, 1813, -10594},0, {5964, -15144},{0x8E, 0xB1, 0xFF, 0xFF}}},
	{{{4656, 3453, -5742},0, {8130, -6291},{0x8E, 0xB1, 0xFF, 0xFF}}},
	{{{5011, 3453, -6641},0, {8779, -7931},{0x8E, 0xB1, 0xFF, 0xFF}}},
	{{{4728, 3453, -6846},0, {8263, -8307},{0x8E, 0xB1, 0xFF, 0xFF}}},
	{{{4309, 3453, -5785},0, {7497, -6370},{0x8E, 0xB1, 0xFF, 0xFF}}},
	{{{4383, 3453, -6882},0, {7633, -8373},{0x8E, 0xB1, 0xFF, 0xFF}}},
	{{{4032, 3453, -5995},0, {6992, -6753},{0x8E, 0xB1, 0xFF, 0xFF}}},
	{{{4658, 1368, -5852},0, {8134, -6492},{0x8E, 0xB1, 0xFF, 0xFF}}},
	{{{4937, 1368, -6559},0, {8644, -7783},{0x8E, 0xB1, 0xFF, 0xFF}}},
	{{{4804, 1368, -6765},0, {8401, -8159},{0x8E, 0xB1, 0xFF, 0xFF}}},
	{{{4419, 1368, -5792},0, {7699, -6384},{0x8E, 0xB1, 0xFF, 0xFF}}},
	{{{4565, 1368, -6706},0, {7965, -8051},{0x8E, 0xB1, 0xFF, 0xFF}}},
	{{{4286, 1368, -5999},0, {7455, -6760},{0x8E, 0xB1, 0xFF, 0xFF}}},
	{{{-6951, -919, -5323},0, {-13046, -5527},{0x93, 0xC5, 0xFF, 0xFF}}},
	{{{-6762, -919, -4810},0, {-12701, -4591},{0x93, 0xC5, 0xFF, 0xFF}}},
	{{{-6558, -919, -4310},0, {-12328, -3679},{0x93, 0xC5, 0xFF, 0xFF}}},
	{{{-6616, -919, -5195},0, {-12434, -5293},{0x91, 0xBB, 0xFF, 0xFF}}},
	{{{-6112, -919, -4019},0, {-11514, -3149},{0x91, 0xBB, 0xFF, 0xFF}}},
	{{{-5670, -945, -3753},0, {-10708, -2664},{0x8E, 0xB1, 0xFF, 0xFF}}},
	{{{-6280, -919, -5066},0, {-11822, -5059},{0x8E, 0xB1, 0xFF, 0xFF}}},
	{{{-6978, -919, -6259},0, {-13095, -7235},{0x8E, 0xB1, 0xFF, 0xFF}}},
	{{{-6675, -919, -6043},0, {-12542, -6841},{0x8E, 0xB1, 0xFF, 0xFF}}},
	{{{-7322, -945, -6328},0, {-13722, -7360},{0x8E, 0xB1, 0xFF, 0xFF}}},
	{{{-7141, -919, -5836},0, {-13391, -6463},{0x91, 0xBB, 0xFF, 0xFF}}},
	{{{-6616, -919, -5195},0, {-12434, -5293},{0x91, 0xBB, 0xFF, 0xFF}}},
	{{{-7322, -945, -6328},0, {-13722, -7360},{0x8E, 0xB1, 0xFF, 0xFF}}},
	{{{-6951, -919, -5323},0, {-13046, -5527},{0x93, 0xC5, 0xFF, 0xFF}}},
	{{{4157, -1372, -6575},0, {7220, -7812},{0x93, 0xC5, 0xFF, 0xFF}}},
	{{{4215, -1380, -5653},0, {7325, -6130},{0x93, 0xC5, 0xFF, 0xFF}}},
	{{{4689, -1372, -5660},0, {8192, -6142},{0x93, 0xC5, 0xFF, 0xFF}}},
	{{{5100, -1355, -6699},0, {8941, -8038},{0x93, 0xC5, 0xFF, 0xFF}}},
	{{{4890, -1355, -6169},0, {8559, -7070},{0x93, 0xC5, 0xFF, 0xFF}}},
	{{{5310, -1355, -7230},0, {9324, -9007},{0x93, 0xC5, 0xFF, 0xFF}}},
	{{{4518, -1372, -7153},0, {7879, -8867},{0x93, 0xC5, 0xFF, 0xFF}}},
	{{{5511, -1372, -7738},0, {9691, -9934},{0x93, 0xC5, 0xFF, 0xFF}}},
	{{{4869, -1380, -7574},0, {8519, -9635},{0x93, 0xC5, 0xFF, 0xFF}}},
	{{{-3312, 493, -2401},0, {-6406, -197},{0x93, 0xC5, 0xFF, 0xFF}}},
	{{{-1738, 489, -2476},0, {-3535, -333},{0x8E, 0xB1, 0xFF, 0xFF}}},
	{{{-1654, 440, -2727},0, {-3381, -791},{0x8E, 0xB1, 0xFF, 0xFF}}},
	{{{-3312, 493, -2401},0, {-6406, -197},{0x93, 0xC5, 0xFF, 0xFF}}},
	{{{-1654, 440, -2727},0, {-3381, -791},{0x8E, 0xB1, 0xFF, 0xFF}}},
	{{{-3157, 452, -2984},0, {-6124, -1260},{0x91, 0xBB, 0xFF, 0xFF}}},
	{{{-1893, 434, -3027},0, {-3817, -1339},{0x8E, 0xB1, 0xFF, 0xFF}}},
	{{{-3010, 440, -3574},0, {-5855, -2337},{0x8E, 0xB1, 0xFF, 0xFF}}},
	{{{-4757, 439, -3616},0, {-9042, -2414},{0x8E, 0xB1, 0xFF, 0xFF}}},
	{{{-4497, 434, -3812},0, {-8568, -2772},{0x8E, 0xB1, 0xFF, 0xFF}}},
	{{{-4676, 464, -3279},0, {-8894, -1798},{0x8E, 0xB1, 0xFF, 0xFF}}},
	{{{4968, 1823, -8968},0, {8700, -12178},{0x8E, 0xB1, 0xFF, 0xFF}}},
	{{{4749, 1823, -9564},0, {8300, -13264},{0x8E, 0xB1, 0xFF, 0xFF}}},
	{{{4520, 1823, -9606},0, {7882, -13342},{0x8E, 0xB1, 0xFF, 0xFF}}},
	{{{4822, 1823, -8787},0, {8433, -11848},{0x8E, 0xB1, 0xFF, 0xFF}}},
	{{{4373, 1823, -9425},0, {7615, -13012},{0x8E, 0xB1, 0xFF, 0xFF}}},
	{{{4593, 1823, -8830},0, {8016, -11925},{0x8E, 0xB1, 0xFF, 0xFF}}},
	{{{2830, 2359, -3789},0, {4800, -2729},{0x8E, 0xB1, 0xFF, 0xFF}}},
	{{{3511, 2359, -4220},0, {6042, -3515},{0x8E, 0xB1, 0xFF, 0xFF}}},
	{{{3531, 2359, -4470},0, {6079, -3971},{0x8E, 0xB1, 0xFF, 0xFF}}},
	{{{2596, 2359, -3877},0, {4372, -2890},{0x8E, 0xB1, 0xFF, 0xFF}}},
	{{{3297, 2359, -4558},0, {5651, -4132},{0x8E, 0xB1, 0xFF, 0xFF}}},
	{{{2616, 2359, -4127},0, {4410, -3345},{0x8E, 0xB1, 0xFF, 0xFF}}},
	{{{3349, -803, 7070},0, {5746, 17082},{0x8E, 0xB1, 0xFF, 0xFF}}},
	{{{2832, -803, 6432},0, {4803, 15918},{0x8E, 0xB1, 0xFF, 0xFF}}},
	{{{1474, -1224, 7349},0, {2325, 17591},{0x93, 0xC5, 0xFF, 0xFF}}},
	{{{1989, -1249, 7987},0, {3265, 18756},{0x8E, 0xB1, 0xFF, 0xFF}}},
	{{{-185, -1706, 8660},0, {-701, 19984},{0x8E, 0xB1, 0xFF, 0xFF}}},
	{{{-213, -1717, 7789},0, {-752, 18395},{0x93, 0xC5, 0xFF, 0xFF}}},
	{{{-1880, -1717, 7756},0, {-3794, 18335},{0x93, 0xC5, 0xFF, 0xFF}}},
	{{{-1942, -1709, 8625},0, {-3906, 19919},{0x8E, 0xB1, 0xFF, 0xFF}}},
	{{{-2732, -1520, 7532},0, {-5349, 17925},{0x93, 0xC5, 0xFF, 0xFF}}},
	{{{-2994, -1552, 8235},0, {-5826, 19209},{0x8E, 0xB1, 0xFF, 0xFF}}},
	{{{-4054, -1389, 7830},0, {-7760, 18469},{0x8E, 0xB1, 0xFF, 0xFF}}},
	{{{-2994, -1552, 8235},0, {-5826, 19209},{0x8E, 0xB1, 0xFF, 0xFF}}},
	{{{-2732, -1520, 7532},0, {-5349, 17925},{0x93, 0xC5, 0xFF, 0xFF}}},
	{{{-3538, -1353, 7248},0, {-6819, 17408},{0x93, 0xC5, 0xFF, 0xFF}}},
	{{{-4825, -804, 6303},0, {-9167, 15683},{0x93, 0xC5, 0xFF, 0xFF}}},
	{{{-5322, -829, 6857},0, {-10073, 16695},{0x8E, 0xB1, 0xFF, 0xFF}}},
	{{{-5264, -410, 5651},0, {-9967, 14494},{0x8E, 0xB1, 0xFF, 0xFF}}},
	{{{-5739, -441, 6218},0, {-10835, 15529},{0x8E, 0xB1, 0xFF, 0xFF}}},
	{{{3416, -1262, 1631},0, {5869, 7160},{0x8E, 0xB1, 0xFF, 0xFF}}},
	{{{3820, -1281, 2284},0, {6605, 8351},{0x8E, 0xB1, 0xFF, 0xFF}}},
	{{{4109, -1281, 2009},0, {7134, 7849},{0x8E, 0xB1, 0xFF, 0xFF}}},
	{{{3733, -1281, 1426},0, {6446, 6786},{0x8E, 0xB1, 0xFF, 0xFF}}},
	{{{4340, -1281, 1710},0, {7555, 7304},{0x8E, 0xB1, 0xFF, 0xFF}}},
	{{{4048, -1301, 1222},0, {7022, 6414},{0x8E, 0xB1, 0xFF, 0xFF}}},
	{{{3356, -1281, 844},0, {5759, 5723},{0x8E, 0xB1, 0xFF, 0xFF}}},
	{{{3723, -1281, 756},0, {6428, 5562},{0x8E, 0xB1, 0xFF, 0xFF}}},
	{{{3060, -1281, 1041},0, {5219, 6084},{0x8E, 0xB1, 0xFF, 0xFF}}},
	{{{3733, -1281, 1426},0, {6446, 6786},{0x8E, 0xB1, 0xFF, 0xFF}}},
	{{{3356, -1281, 844},0, {5759, 5723},{0x8E, 0xB1, 0xFF, 0xFF}}},
	{{{3416, -1262, 1631},0, {5869, 7160},{0x8E, 0xB1, 0xFF, 0xFF}}},
	{{{-6345, -13, 4146},0, {-11940, 11747},{0x8E, 0xB1, 0xFF, 0xFF}}},
	{{{-6190, -2, 5557},0, {-11657, 14322},{0x8E, 0xB1, 0xFF, 0xFF}}},
	{{{-5677, -2, 4990},0, {-10722, 13287},{0x8E, 0xB1, 0xFF, 0xFF}}},
	{{{-5939, -2, 3537},0, {-11198, 10637},{0x8E, 0xB1, 0xFF, 0xFF}}},
	{{{4481, -13, 4392},0, {7811, 12197},{0x8E, 0xB1, 0xFF, 0xFF}}},
	{{{4081, -2, 3737},0, {7082, 11001},{0x8E, 0xB1, 0xFF, 0xFF}}},
	{{{3719, -4, 5213},0, {6421, 13694},{0x93, 0xC5, 0xFF, 0xFF}}},
	{{{4235, -22, 5800},0, {7362, 14765},{0x8E, 0xB1, 0xFF, 0xFF}}},
	{{{3295, -410, 5818},0, {5649, 14798},{0x8E, 0xB1, 0xFF, 0xFF}}},
	{{{3800, -402, 6403},0, {6568, 15865},{0x8E, 0xB1, 0xFF, 0xFF}}},
	{{{-6419, -1716, 3861},0, {-12076, 11228},{0x8E, 0xB1, 0xFF, 0xFF}}},
	{{{-6241, -1716, 4855},0, {-11749, 13041},{0x8E, 0xB1, 0xFF, 0xFF}}},
	{{{-5695, -1716, 4968},0, {-10754, 13248},{0x8E, 0xB1, 0xFF, 0xFF}}},
	{{{-5939, -1716, 3537},0, {-11198, 10637},{0x8E, 0xB1, 0xFF, 0xFF}}},
	{{{-450, 1815, 6128},0, {-1186, 15363},{0x8E, 0xB1, 0xFF, 0xFF}}},
	{{{-1539, 1815, 6164},0, {-3171, 15429},{0x8E, 0xB1, 0xFF, 0xFF}}},
	{{{-1735, 1815, 6404},0, {-3529, 15867},{0x8E, 0xB1, 0xFF, 0xFF}}},
	{{{-239, 1815, 6354},0, {-799, 15776},{0x8E, 0xB1, 0xFF, 0xFF}}},
	{{{-1523, 1815, 6630},0, {-3143, 16280},{0x8E, 0xB1, 0xFF, 0xFF}}},
	{{{-435, 1815, 6594},0, {-1157, 16214},{0x8E, 0xB1, 0xFF, 0xFF}}},
	{{{-3935, 1815, 1899},0, {-7544, 7648},{0x8E, 0xB1, 0xFF, 0xFF}}},
	{{{-4363, 1815, 3376},0, {-8324, 10343},{0x8E, 0xB1, 0xFF, 0xFF}}},
	{{{-3723, 1815, 3609},0, {-7155, 10769},{0x8E, 0xB1, 0xFF, 0xFF}}},
	{{{-3301, 1815, 2082},0, {-6386, 7983},{0x8E, 0xB1, 0xFF, 0xFF}}},
	{{{-5939, 333, 3537},0, {-11198, 10637},{0x93, 0xC5, 0xFF, 0xFF}}},
	{{{-5083, 333, 4882},0, {-9638, 13091},{0x93, 0xC5, 0xFF, 0xFF}}},
	{{{-5398, 333, 3535},0, {-10212, 10634},{0x93, 0xC5, 0xFF, 0xFF}}},
	{{{-5560, 333, 5087},0, {-10507, 13464},{0x93, 0xC5, 0xFF, 0xFF}}},
	{{{-4765, 333, 6226},0, {-9057, 15542},{0x93, 0xC5, 0xFF, 0xFF}}},
	{{{-4387, 333, 5876},0, {-8367, 14904},{0x93, 0xC5, 0xFF, 0xFF}}},
	{{{-3485, 333, 7177},0, {-6722, 17278},{0x93, 0xC5, 0xFF, 0xFF}}},
	{{{-3245, 333, 6721},0, {-6284, 16445},{0x93, 0xC5, 0xFF, 0xFF}}},
	{{{-2553, 333, 7009},0, {-5022, 16971},{0x93, 0xC5, 0xFF, 0xFF}}},
	{{{-2718, 333, 7497},0, {-5322, 17862},{0x93, 0xC5, 0xFF, 0xFF}}},
	{{{-1897, 333, 7701},0, {-3824, 18234},{0x93, 0xC5, 0xFF, 0xFF}}},
	{{{-1809, 333, 7193},0, {-3664, 17307},{0x93, 0xC5, 0xFF, 0xFF}}},
	{{{-192, 333, 7735},0, {-714, 18296},{0x93, 0xC5, 0xFF, 0xFF}}},
	{{{-259, 333, 7224},0, {-836, 17363},{0x93, 0xC5, 0xFF, 0xFF}}},
	{{{1204, 333, 6808},0, {1834, 16605},{0x93, 0xC5, 0xFF, 0xFF}}},
	{{{1424, 333, 7275},0, {2234, 17456},{0x93, 0xC5, 0xFF, 0xFF}}},
	{{{1204, 333, 6808},0, {1834, 16605},{0x93, 0xC5, 0xFF, 0xFF}}},
	{{{1424, 333, 7275},0, {2234, 17456},{0x93, 0xC5, 0xFF, 0xFF}}},
	{{{2756, 333, 6376},0, {4665, 15815},{0x93, 0xC5, 0xFF, 0xFF}}},
	{{{2396, 333, 6008},0, {4007, 15145},{0x93, 0xC5, 0xFF, 0xFF}}},
	{{{3150, 333, 5040},0, {5383, 13379},{0x93, 0xC5, 0xFF, 0xFF}}},
	{{{3615, 333, 5269},0, {6231, 13797},{0x93, 0xC5, 0xFF, 0xFF}}},
	{{{3552, 333, 3722},0, {6117, 10974},{0x93, 0xC5, 0xFF, 0xFF}}},
	{{{4081, 333, 3737},0, {7082, 11001},{0x93, 0xC5, 0xFF, 0xFF}}},
	{{{3820, 333, 2284},0, {6605, 8351},{0x93, 0xC5, 0xFF, 0xFF}}},
	{{{2956, 333, 1922},0, {5030, 7690},{0x93, 0xC5, 0xFF, 0xFF}}},
	{{{3329, 333, 2478},0, {5709, 8705},{0x93, 0xC5, 0xFF, 0xFF}}},
	{{{3393, 333, 1646},0, {5826, 7187},{0x93, 0xC5, 0xFF, 0xFF}}},
	{{{2907, 333, 1048},0, {4940, 6096},{0x93, 0xC5, 0xFF, 0xFF}}},
	{{{2529, 333, 1398},0, {4250, 6734},{0x93, 0xC5, 0xFF, 0xFF}}},
	{{{1388, 333, 553},0, {2168, 5193},{0x93, 0xC5, 0xFF, 0xFF}}},
	{{{1627, 333, 97},0, {2605, 4361},{0x93, 0xC5, 0xFF, 0xFF}}},
	{{{1627, 333, 97},0, {2605, 4361},{0x93, 0xC5, 0xFF, 0xFF}}},
	{{{-49, 333, 81},0, {-453, 4332},{0x93, 0xC5, 0xFF, 0xFF}}},
	{{{1388, 333, 553},0, {2168, 5193},{0x93, 0xC5, 0xFF, 0xFF}}},
	{{{47, 333, -459},0, {-278, 3346},{0x93, 0xC5, 0xFF, 0xFF}}},
	{{{-822, 333, 9},0, {-1863, 4200},{0x93, 0xC5, 0xFF, 0xFF}}},
	{{{-811, 333, -523},0, {-1843, 3230},{0x93, 0xC5, 0xFF, 0xFF}}},
	{{{-1672, 333, -494},0, {-3413, 3283},{0x93, 0xC5, 0xFF, 0xFF}}},
	{{{-1599, 333, 50},0, {-3280, 4276},{0x93, 0xC5, 0xFF, 0xFF}}},
	{{{-2499, 333, -298},0, {-4923, 3639},{0x93, 0xC5, 0xFF, 0xFF}}},
	{{{-2353, 333, 205},0, {-4657, 4558},{0x93, 0xC5, 0xFF, 0xFF}}},
	{{{-3282, 333, -1},0, {-6351, 4183},{0x93, 0xC5, 0xFF, 0xFF}}},
	{{{-3062, 333, 466},0, {-5950, 5034},{0x93, 0xC5, 0xFF, 0xFF}}},
	{{{-4253, 333, 1266},0, {-8123, 6494},{0x93, 0xC5, 0xFF, 0xFF}}},
	{{{-4614, 333, 899},0, {-8781, 5823},{0x93, 0xC5, 0xFF, 0xFF}}},
	{{{-5133, 333, 1477},0, {-9728, 6878},{0x93, 0xC5, 0xFF, 0xFF}}},
	{{{-4711, 333, 1774},0, {-8958, 7421},{0x93, 0xC5, 0xFF, 0xFF}}},
	{{{-4711, 333, 1774},0, {-8958, 7421},{0x93, 0xC5, 0xFF, 0xFF}}},
	{{{-5133, 333, 1477},0, {-9728, 6878},{0x93, 0xC5, 0xFF, 0xFF}}},
	{{{-5595, 333, 2097},0, {-10572, 8010},{0x93, 0xC5, 0xFF, 0xFF}}},
	{{{-5101, 333, 2321},0, {-9671, 8418},{0x93, 0xC5, 0xFF, 0xFF}}},
	{{{-4576, -141, -10561},0, {-8712, -15084},{0x8E, 0xB1, 0xFF, 0xFF}}},
	{{{-4264, -138, -11236},0, {-8143, -16315},{0x8E, 0xB1, 0xFF, 0xFF}}},
	{{{-4892, -99, -11026},0, {-9288, -15932},{0x8F, 0xB5, 0xFF, 0xFF}}},
	{{{-4042, -142, -12084},0, {-7738, -17862},{0x8E, 0xB1, 0xFF, 0xFF}}},
	{{{-4393, -99, -11862},0, {-8378, -17457},{0x91, 0xBB, 0xFF, 0xFF}}},
	{{{-4759, -99, -11629},0, {-9047, -17033},{0x93, 0xC5, 0xFF, 0xFF}}},
	{{{-5126, -99, -11397},0, {-9715, -16610},{0x91, 0xBB, 0xFF, 0xFF}}},
	{{{-5477, -142, -11175},0, {-10355, -16204},{0x8E, 0xB1, 0xFF, 0xFF}}},
	{{{-5576, -138, -10556},0, {-10537, -15074},{0x8E, 0xB1, 0xFF, 0xFF}}},
	{{{-5501, -141, -10153},0, {-10400, -14339},{0x8E, 0xB1, 0xFF, 0xFF}}},
	{{{-5073, -121, -10198},0, {-9620, -14422},{0x8E, 0xB1, 0xFF, 0xFF}}},
	{{{-4747, -1089, -10164},0, {-9025, -14359},{0x8E, 0xB1, 0xFF, 0xFF}}},
	{{{-5101, -1068, -10071},0, {-9670, -14190},{0x8E, 0xB1, 0xFF, 0xFF}}},
	{{{-5138, -1087, -9901},0, {-9738, -13879},{0x8E, 0xB1, 0xFF, 0xFF}}},
	{{{-5475, -1089, -9888},0, {-10352, -13856},{0x8E, 0xB1, 0xFF, 0xFF}}},
	{{{-5443, -1108, -9711},0, {-10295, -13534},{0x8E, 0xB1, 0xFF, 0xFF}}},
	{{{-5182, -1120, -9702},0, {-9818, -13517},{0x8E, 0xB1, 0xFF, 0xFF}}},
	{{{-4870, -1108, -9926},0, {-9248, -13925},{0x8E, 0xB1, 0xFF, 0xFF}}},
	{{{-2087, 333, 718},0, {-4171, 5493},{0x93, 0xC5, 0xFF, 0xFF}}},
	{{{-1916, 333, 1198},0, {-3859, 6370},{0x93, 0xC5, 0xFF, 0xFF}}},
	{{{-1152, 333, 1058},0, {-2466, 6114},{0x93, 0xC5, 0xFF, 0xFF}}},
	{{{-2908, 333, 1169},0, {-5669, 6316},{0x93, 0xC5, 0xFF, 0xFF}}},
	{{{-2596, 333, 1572},0, {-5100, 7051},{0x93, 0xC5, 0xFF, 0xFF}}},
	{{{-3550, 333, 1850},0, {-6841, 7559},{0x93, 0xC5, 0xFF, 0xFF}}},
	{{{-3129, 333, 2136},0, {-6072, 8082},{0x93, 0xC5, 0xFF, 0xFF}}},
	{{{-4118, 333, 3470},0, {-7878, 10515},{0x93, 0xC5, 0xFF, 0xFF}}},
	{{{-3723, 333, 3609},0, {-7155, 10769},{0x93, 0xC5, 0xFF, 0xFF}}},
	{{{-4118, 333, 3470},0, {-7878, 10515},{0x93, 0xC5, 0xFF, 0xFF}}},
	{{{-3167, 333, 5142},0, {-6142, 13565},{0x93, 0xC5, 0xFF, 0xFF}}},
	{{{-3723, 333, 3609},0, {-7155, 10769},{0x93, 0xC5, 0xFF, 0xFF}}},
	{{{-3379, 333, 5510},0, {-6529, 14236},{0x93, 0xC5, 0xFF, 0xFF}}},
	{{{-2747, 333, 6008},0, {-5375, 15145},{0x93, 0xC5, 0xFF, 0xFF}}},
	{{{-2485, 333, 5579},0, {-4897, 14362},{0x93, 0xC5, 0xFF, 0xFF}}},
	{{{-1909, 333, 6385},0, {-3847, 15832},{0x93, 0xC5, 0xFF, 0xFF}}},
	{{{-1768, 333, 5895},0, {-3589, 14938},{0x93, 0xC5, 0xFF, 0xFF}}},
	{{{-66, 333, 6324},0, {-484, 15721},{0x93, 0xC5, 0xFF, 0xFF}}},
	{{{-239, 333, 5844},0, {-801, 14846},{0x93, 0xC5, 0xFF, 0xFF}}},
	{{{1107, 333, 5001},0, {1656, 13307},{0x93, 0xC5, 0xFF, 0xFF}}},
	{{{1343, 333, 5354},0, {2086, 13951},{0x93, 0xC5, 0xFF, 0xFF}}},
	{{{1560, 333, 3435},0, {2483, 10450},{0x93, 0xC5, 0xFF, 0xFF}}},
	{{{1946, 333, 3270},0, {3187, 10149},{0x93, 0xC5, 0xFF, 0xFF}}},
	{{{874, 333, 2007},0, {1231, 7846},{0x93, 0xC5, 0xFF, 0xFF}}},
	{{{1277, 333, 1694},0, {1965, 7274},{0x93, 0xC5, 0xFF, 0xFF}}},
	{{{-384, 333, 1156},0, {-1064, 6294},{0x93, 0xC5, 0xFF, 0xFF}}},
	{{{874, 333, 2007},0, {1231, 7846},{0x93, 0xC5, 0xFF, 0xFF}}},
	{{{1277, 333, 1694},0, {1965, 7274},{0x93, 0xC5, 0xFF, 0xFF}}},
	{{{-241, 333, 667},0, {-803, 5401},{0x93, 0xC5, 0xFF, 0xFF}}},
	{{{-1167, 333, 549},0, {-2492, 5185},{0x93, 0xC5, 0xFF, 0xFF}}},
	{{{-1152, 333, 1058},0, {-2466, 6114},{0x93, 0xC5, 0xFF, 0xFF}}},
	{{{-2087, 333, 718},0, {-4171, 5493},{0x93, 0xC5, 0xFF, 0xFF}}},
};

Gfx ccm_dl_level_008_mesh_layer_1_tri_8[] = {
	gsSPVertex(ccm_dl_level_008_mesh_layer_1_vtx_8 + 0, 16, 0),
	gsSP1Triangle(0, 1, 2, 0),
	gsSP1Triangle(0, 2, 3, 0),
	gsSP1Triangle(2, 4, 3, 0),
	gsSP1Triangle(2, 5, 4, 0),
	gsSP1Triangle(6, 4, 5, 0),
	gsSP1Triangle(6, 5, 7, 0),
	gsSP1Triangle(7, 8, 6, 0),
	gsSP1Triangle(4, 6, 9, 0),
	gsSP1Triangle(4, 9, 10, 0),
	gsSP1Triangle(3, 4, 10, 0),
	gsSP1Triangle(3, 10, 11, 0),
	gsSP1Triangle(12, 3, 11, 0),
	gsSP1Triangle(12, 13, 3, 0),
	gsSP1Triangle(14, 13, 12, 0),
	gsSP1Triangle(14, 12, 15, 0),
	gsSP1Triangle(14, 0, 13, 0),
	gsSPVertex(ccm_dl_level_008_mesh_layer_1_vtx_8 + 16, 16, 0),
	gsSP1Triangle(0, 1, 2, 0),
	gsSP1Triangle(3, 4, 2, 0),
	gsSP1Triangle(5, 6, 7, 0),
	gsSP1Triangle(5, 7, 8, 0),
	gsSP1Triangle(9, 10, 11, 0),
	gsSP1Triangle(9, 12, 10, 0),
	gsSP1Triangle(13, 12, 9, 0),
	gsSP1Triangle(13, 14, 12, 0),
	gsSP1Triangle(15, 14, 13, 0),
	gsSPVertex(ccm_dl_level_008_mesh_layer_1_vtx_8 + 32, 16, 0),
	gsSP1Triangle(0, 1, 2, 0),
	gsSP1Triangle(0, 3, 1, 0),
	gsSP1Triangle(0, 4, 3, 0),
	gsSP1Triangle(5, 1, 3, 0),
	gsSP1Triangle(5, 6, 1, 0),
	gsSP1Triangle(7, 6, 5, 0),
	gsSP1Triangle(7, 8, 6, 0),
	gsSP1Triangle(9, 8, 7, 0),
	gsSP1Triangle(9, 10, 8, 0),
	gsSP1Triangle(11, 10, 9, 0),
	gsSP1Triangle(11, 9, 12, 0),
	gsSP1Triangle(11, 12, 13, 0),
	gsSP1Triangle(11, 13, 14, 0),
	gsSP1Triangle(14, 13, 15, 0),
	gsSPVertex(ccm_dl_level_008_mesh_layer_1_vtx_8 + 48, 16, 0),
	gsSP1Triangle(0, 1, 2, 0),
	gsSP1Triangle(3, 0, 2, 0),
	gsSP1Triangle(3, 2, 4, 0),
	gsSP1Triangle(5, 0, 3, 0),
	gsSP1Triangle(5, 6, 0, 0),
	gsSP1Triangle(7, 8, 9, 0),
	gsSP1Triangle(7, 10, 8, 0),
	gsSP1Triangle(8, 10, 11, 0),
	gsSP1Triangle(8, 11, 12, 0),
	gsSP1Triangle(12, 11, 13, 0),
	gsSP1Triangle(12, 13, 14, 0),
	gsSP1Triangle(13, 15, 14, 0),
	gsSPVertex(ccm_dl_level_008_mesh_layer_1_vtx_8 + 64, 16, 0),
	gsSP1Triangle(0, 1, 2, 0),
	gsSP1Triangle(3, 4, 5, 0),
	gsSP1Triangle(3, 5, 6, 0),
	gsSP1Triangle(7, 8, 9, 0),
	gsSP1Triangle(7, 9, 10, 0),
	gsSP1Triangle(10, 9, 11, 0),
	gsSP1Triangle(10, 11, 12, 0),
	gsSP1Triangle(13, 14, 15, 0),
	gsSPVertex(ccm_dl_level_008_mesh_layer_1_vtx_8 + 80, 16, 0),
	gsSP1Triangle(0, 1, 2, 0),
	gsSP1Triangle(2, 1, 3, 0),
	gsSP1Triangle(2, 3, 4, 0),
	gsSP1Triangle(5, 6, 7, 0),
	gsSP1Triangle(5, 7, 8, 0),
	gsSP1Triangle(8, 7, 9, 0),
	gsSP1Triangle(8, 9, 10, 0),
	gsSP1Triangle(11, 8, 10, 0),
	gsSP1Triangle(11, 10, 12, 0),
	gsSP1Triangle(13, 11, 12, 0),
	gsSP1Triangle(13, 12, 14, 0),
	gsSP1Triangle(15, 13, 14, 0),
	gsSPVertex(ccm_dl_level_008_mesh_layer_1_vtx_8 + 96, 16, 0),
	gsSP1Triangle(0, 1, 2, 0),
	gsSP1Triangle(3, 4, 0, 0),
	gsSP1Triangle(3, 5, 4, 0),
	gsSP1Triangle(5, 6, 4, 0),
	gsSP1Triangle(5, 7, 6, 0),
	gsSP1Triangle(7, 8, 6, 0),
	gsSP1Triangle(7, 9, 8, 0),
	gsSP1Triangle(10, 11, 12, 0),
	gsSP1Triangle(10, 12, 13, 0),
	gsSP1Triangle(13, 12, 14, 0),
	gsSP1Triangle(13, 14, 15, 0),
	gsSPVertex(ccm_dl_level_008_mesh_layer_1_vtx_8 + 112, 16, 0),
	gsSP1Triangle(0, 1, 2, 0),
	gsSP1Triangle(0, 2, 3, 0),
	gsSP1Triangle(4, 1, 0, 0),
	gsSP1Triangle(4, 5, 1, 0),
	gsSP1Triangle(6, 7, 8, 0),
	gsSP1Triangle(6, 9, 7, 0),
	gsSP1Triangle(10, 9, 6, 0),
	gsSP1Triangle(10, 11, 9, 0),
	gsSP1Triangle(11, 12, 9, 0),
	gsSP1Triangle(11, 13, 12, 0),
	gsSP1Triangle(13, 14, 12, 0),
	gsSP1Triangle(13, 15, 14, 0),
	gsSPVertex(ccm_dl_level_008_mesh_layer_1_vtx_8 + 128, 16, 0),
	gsSP1Triangle(0, 1, 2, 0),
	gsSP1Triangle(0, 3, 1, 0),
	gsSP1Triangle(1, 4, 2, 0),
	gsSP1Triangle(1, 5, 4, 0),
	gsSP1Triangle(6, 2, 4, 0),
	gsSP1Triangle(6, 4, 7, 0),
	gsSP1Triangle(8, 6, 7, 0),
	gsSP1Triangle(8, 7, 9, 0),
	gsSP1Triangle(10, 11, 12, 0),
	gsSP1Triangle(10, 12, 13, 0),
	gsSP1Triangle(13, 12, 14, 0),
	gsSP1Triangle(13, 14, 15, 0),
	gsSPVertex(ccm_dl_level_008_mesh_layer_1_vtx_8 + 144, 16, 0),
	gsSP1Triangle(0, 1, 2, 0),
	gsSP1Triangle(0, 2, 3, 0),
	gsSP1Triangle(3, 2, 4, 0),
	gsSP1Triangle(3, 4, 5, 0),
	gsSP1Triangle(6, 7, 8, 0),
	gsSP1Triangle(8, 9, 6, 0),
	gsSP1Triangle(8, 10, 9, 0),
	gsSP1Triangle(9, 10, 11, 0),
	gsSP1Triangle(9, 11, 12, 0),
	gsSP1Triangle(13, 9, 12, 0),
	gsSP1Triangle(13, 12, 14, 0),
	gsSP1Triangle(9, 13, 15, 0),
	gsSPVertex(ccm_dl_level_008_mesh_layer_1_vtx_8 + 160, 16, 0),
	gsSP1Triangle(0, 1, 2, 0),
	gsSP1Triangle(0, 3, 1, 0),
	gsSP1Triangle(4, 5, 6, 0),
	gsSP1Triangle(6, 7, 4, 0),
	gsSP1Triangle(6, 8, 7, 0),
	gsSP1Triangle(4, 7, 9, 0),
	gsSP1Triangle(4, 9, 10, 0),
	gsSP1Triangle(10, 9, 11, 0),
	gsSP1Triangle(10, 11, 12, 0),
	gsSP1Triangle(13, 14, 15, 0),
	gsSPVertex(ccm_dl_level_008_mesh_layer_1_vtx_8 + 176, 14, 0),
	gsSP1Triangle(0, 1, 2, 0),
	gsSP1Triangle(2, 1, 3, 0),
	gsSP1Triangle(2, 3, 4, 0),
	gsSP1Triangle(5, 2, 4, 0),
	gsSP1Triangle(5, 4, 6, 0),
	gsSP1Triangle(7, 2, 5, 0),
	gsSP1Triangle(7, 0, 2, 0),
	gsSP1Triangle(8, 9, 10, 0),
	gsSP1Triangle(8, 10, 11, 0),
	gsSP1Triangle(11, 10, 12, 0),
	gsSP1Triangle(11, 12, 13, 0),
	gsSPVertex(ccm_dl_level_008_mesh_layer_1_vtx_8 + 190, 16, 0),
	gsSP1Triangle(0, 1, 2, 0),
	gsSP1Triangle(0, 2, 3, 0),
	gsSP1Triangle(3, 2, 4, 0),
	gsSP1Triangle(3, 4, 5, 0),
	gsSP1Triangle(6, 7, 8, 0),
	gsSP1Triangle(6, 8, 9, 0),
	gsSP1Triangle(10, 9, 8, 0),
	gsSP1Triangle(10, 8, 11, 0),
	gsSP1Triangle(10, 11, 12, 0),
	gsSP1Triangle(10, 12, 13, 0),
	gsSP1Triangle(14, 13, 12, 0),
	gsSP1Triangle(14, 15, 13, 0),
	gsSPVertex(ccm_dl_level_008_mesh_layer_1_vtx_8 + 206, 16, 0),
	gsSP1Triangle(0, 1, 2, 0),
	gsSP1Triangle(0, 2, 3, 0),
	gsSP1Triangle(0, 3, 4, 0),
	gsSP1Triangle(0, 4, 5, 0),
	gsSP1Triangle(5, 4, 6, 0),
	gsSP1Triangle(5, 6, 7, 0),
	gsSP1Triangle(8, 9, 10, 0),
	gsSP1Triangle(8, 10, 11, 0),
	gsSP1Triangle(11, 10, 12, 0),
	gsSP1Triangle(11, 12, 13, 0),
	gsSP1Triangle(14, 11, 13, 0),
	gsSP1Triangle(14, 13, 15, 0),
	gsSPVertex(ccm_dl_level_008_mesh_layer_1_vtx_8 + 222, 14, 0),
	gsSP1Triangle(0, 1, 2, 0),
	gsSP1Triangle(0, 3, 1, 0),
	gsSP1Triangle(4, 5, 6, 0),
	gsSP1Triangle(4, 6, 7, 0),
	gsSP1Triangle(8, 9, 10, 0),
	gsSP1Triangle(8, 10, 11, 0),
	gsSP1Triangle(11, 10, 12, 0),
	gsSP1Triangle(11, 12, 13, 0),
	gsSPVertex(ccm_dl_level_008_mesh_layer_1_vtx_8 + 236, 14, 0),
	gsSP1Triangle(0, 1, 2, 0),
	gsSP1Triangle(0, 2, 3, 0),
	gsSP1Triangle(4, 5, 6, 0),
	gsSP1Triangle(4, 6, 7, 0),
	gsSP1Triangle(7, 6, 8, 0),
	gsSP1Triangle(7, 8, 9, 0),
	gsSP1Triangle(10, 11, 12, 0),
	gsSP1Triangle(10, 12, 13, 0),
	gsSPVertex(ccm_dl_level_008_mesh_layer_1_vtx_8 + 250, 16, 0),
	gsSP1Triangle(0, 1, 2, 0),
	gsSP1Triangle(0, 3, 1, 0),
	gsSP1Triangle(1, 3, 4, 0),
	gsSP1Triangle(1, 4, 5, 0),
	gsSP1Triangle(5, 4, 6, 0),
	gsSP1Triangle(5, 6, 7, 0),
	gsSP1Triangle(6, 8, 7, 0),
	gsSP1Triangle(6, 9, 8, 0),
	gsSP1Triangle(8, 9, 10, 0),
	gsSP1Triangle(8, 10, 11, 0),
	gsSP1Triangle(11, 10, 12, 0),
	gsSP1Triangle(11, 12, 13, 0),
	gsSP1Triangle(12, 14, 13, 0),
	gsSP1Triangle(12, 15, 14, 0),
	gsSPVertex(ccm_dl_level_008_mesh_layer_1_vtx_8 + 266, 16, 0),
	gsSP1Triangle(0, 1, 2, 0),
	gsSP1Triangle(0, 2, 3, 0),
	gsSP1Triangle(2, 4, 3, 0),
	gsSP1Triangle(2, 5, 4, 0),
	gsSP1Triangle(5, 6, 4, 0),
	gsSP1Triangle(5, 7, 6, 0),
	gsSP1Triangle(8, 9, 10, 0),
	gsSP1Triangle(8, 11, 9, 0),
	gsSP1Triangle(9, 11, 12, 0),
	gsSP1Triangle(9, 12, 13, 0),
	gsSP1Triangle(14, 13, 12, 0),
	gsSP1Triangle(14, 12, 15, 0),
	gsSPVertex(ccm_dl_level_008_mesh_layer_1_vtx_8 + 282, 16, 0),
	gsSP1Triangle(0, 1, 2, 0),
	gsSP1Triangle(0, 3, 1, 0),
	gsSP1Triangle(3, 4, 1, 0),
	gsSP1Triangle(3, 5, 4, 0),
	gsSP1Triangle(4, 5, 6, 0),
	gsSP1Triangle(4, 6, 7, 0),
	gsSP1Triangle(7, 6, 8, 0),
	gsSP1Triangle(7, 8, 9, 0),
	gsSP1Triangle(9, 8, 10, 0),
	gsSP1Triangle(9, 10, 11, 0),
	gsSP1Triangle(12, 11, 10, 0),
	gsSP1Triangle(12, 10, 13, 0),
	gsSP1Triangle(12, 13, 14, 0),
	gsSP1Triangle(12, 14, 15, 0),
	gsSPVertex(ccm_dl_level_008_mesh_layer_1_vtx_8 + 298, 15, 0),
	gsSP1Triangle(0, 1, 2, 0),
	gsSP1Triangle(0, 2, 3, 0),
	gsSP1Triangle(4, 5, 6, 0),
	gsSP1Triangle(7, 6, 5, 0),
	gsSP1Triangle(7, 8, 6, 0),
	gsSP1Triangle(9, 6, 8, 0),
	gsSP1Triangle(9, 10, 6, 0),
	gsSP1Triangle(11, 6, 10, 0),
	gsSP1Triangle(11, 12, 6, 0),
	gsSP1Triangle(13, 6, 12, 0),
	gsSP1Triangle(13, 14, 6, 0),
	gsSP1Triangle(4, 6, 14, 0),
	gsSPVertex(ccm_dl_level_008_mesh_layer_1_vtx_8 + 313, 16, 0),
	gsSP1Triangle(0, 1, 2, 0),
	gsSP1Triangle(3, 2, 1, 0),
	gsSP1Triangle(3, 4, 2, 0),
	gsSP1Triangle(5, 2, 4, 0),
	gsSP1Triangle(5, 6, 2, 0),
	gsSP1Triangle(0, 2, 6, 0),
	gsSP1Triangle(7, 8, 9, 0),
	gsSP1Triangle(10, 8, 7, 0),
	gsSP1Triangle(10, 11, 8, 0),
	gsSP1Triangle(12, 11, 10, 0),
	gsSP1Triangle(12, 13, 11, 0),
	gsSP1Triangle(14, 13, 12, 0),
	gsSP1Triangle(14, 15, 13, 0),
	gsSPVertex(ccm_dl_level_008_mesh_layer_1_vtx_8 + 329, 16, 0),
	gsSP1Triangle(0, 1, 2, 0),
	gsSP1Triangle(0, 3, 1, 0),
	gsSP1Triangle(4, 1, 3, 0),
	gsSP1Triangle(4, 5, 1, 0),
	gsSP1Triangle(6, 5, 4, 0),
	gsSP1Triangle(6, 7, 5, 0),
	gsSP1Triangle(8, 7, 6, 0),
	gsSP1Triangle(8, 9, 7, 0),
	gsSP1Triangle(10, 9, 8, 0),
	gsSP1Triangle(10, 8, 11, 0),
	gsSP1Triangle(12, 10, 11, 0),
	gsSP1Triangle(12, 11, 13, 0),
	gsSP1Triangle(14, 12, 13, 0),
	gsSP1Triangle(14, 13, 15, 0),
	gsSPVertex(ccm_dl_level_008_mesh_layer_1_vtx_8 + 345, 7, 0),
	gsSP1Triangle(0, 1, 2, 0),
	gsSP1Triangle(0, 2, 3, 0),
	gsSP1Triangle(4, 0, 3, 0),
	gsSP1Triangle(4, 5, 0, 0),
	gsSP1Triangle(6, 5, 4, 0),
	gsSPEndDisplayList(),
};

Vtx ccm_dl_level_008_mesh_layer_1_vtx_9[144] = {
	{{{-4479, -370, 3476},0, {-16, 1008},{0x62, 0xBC, 0x2C, 0xFF}}},
	{{{-4882, -931, 3458},0, {496, 1008},{0x62, 0xBC, 0x2C, 0xFF}}},
	{{{-4392, -931, 2427},0, {496, 496},{0x62, 0xBC, 0x2C, 0xFF}}},
	{{{-4069, -370, 2541},0, {-16, 496},{0x62, 0xBC, 0x2C, 0xFF}}},
	{{{-4882, -931, 3458},0, {496, 1008},{0x62, 0x44, 0x2C, 0xFF}}},
	{{{-4479, -1492, 3476},0, {1008, 1008},{0x62, 0x44, 0x2C, 0xFF}}},
	{{{-4069, -1492, 2541},0, {1008, 496},{0x62, 0x44, 0x2C, 0xFF}}},
	{{{-4392, -931, 2427},0, {496, 496},{0x62, 0x44, 0x2C, 0xFF}}},
	{{{-4392, -931, 2427},0, {496, 496},{0x4B, 0x3F, 0x51, 0xFF}}},
	{{{-4069, -1492, 2541},0, {1008, 496},{0x4B, 0x3F, 0x51, 0xFF}}},
	{{{-3255, -1492, 1802},0, {1008, -16},{0x4B, 0x3F, 0x51, 0xFF}}},
	{{{-3517, -931, 1589},0, {496, -16},{0x4B, 0x3F, 0x51, 0xFF}}},
	{{{-4069, -370, 2541},0, {-16, 496},{0x4B, 0xC1, 0x51, 0xFF}}},
	{{{-4392, -931, 2427},0, {496, 496},{0x4B, 0xC1, 0x51, 0xFF}}},
	{{{-3517, -931, 1589},0, {496, -16},{0x4B, 0xC1, 0x51, 0xFF}}},
	{{{-3255, -370, 1802},0, {-16, -16},{0x4B, 0xC1, 0x51, 0xFF}}},
	{{{769, -1492, 1423},0, {-16, 1008},{0xE1, 0x36, 0x6F, 0xFF}}},
	{{{957, -931, 1171},0, {496, 1008},{0xE1, 0x36, 0x6F, 0xFF}}},
	{{{247, -929, 999},0, {496, 496},{0xE1, 0x36, 0x6F, 0xFF}}},
	{{{142, -1510, 1225},0, {-16, 496},{0xE1, 0x36, 0x6F, 0xFF}}},
	{{{957, -931, 1171},0, {496, 1008},{0xE1, 0xC9, 0x6E, 0xFF}}},
	{{{769, -370, 1423},0, {1008, 1008},{0xE1, 0xC9, 0x6E, 0xFF}}},
	{{{142, -346, 1230},0, {1008, 496},{0xE1, 0xC9, 0x6E, 0xFF}}},
	{{{247, -929, 999},0, {496, 496},{0xE1, 0xC9, 0x6E, 0xFF}}},
	{{{247, -929, 999},0, {496, 496},{0xD0, 0xDE, 0x71, 0xFF}}},
	{{{142, -346, 1230},0, {1008, 496},{0xD0, 0xDE, 0x71, 0xFF}}},
	{{{-521, -130, 911},0, {1008, -16},{0xD0, 0xDE, 0x71, 0xFF}}},
	{{{-333, -921, 851},0, {496, -16},{0xD0, 0xDE, 0x71, 0xFF}}},
	{{{142, -1510, 1225},0, {-16, 496},{0xCB, 0x1C, 0x70, 0xFF}}},
	{{{247, -929, 999},0, {496, 496},{0xCB, 0x1C, 0x70, 0xFF}}},
	{{{-333, -921, 851},0, {496, -16},{0xCB, 0x1C, 0x70, 0xFF}}},
	{{{-387, -1613, 876},0, {-16, -16},{0xCB, 0x1C, 0x70, 0xFF}}},
	{{{2492, -370, 4348},0, {-16, 1008},{0xA0, 0xBB, 0xD1, 0xFF}}},
	{{{2879, -930, 4428},0, {496, 1008},{0xA0, 0xBB, 0xD1, 0xFF}}},
	{{{2436, -931, 5291},0, {496, 496},{0xA0, 0xBB, 0xD1, 0xFF}}},
	{{{2123, -371, 5138},0, {-16, 496},{0xA0, 0xBB, 0xD1, 0xFF}}},
	{{{2879, -930, 4428},0, {496, 1008},{0xA0, 0x45, 0xD1, 0xFF}}},
	{{{2492, -1492, 4348},0, {1008, 1008},{0xA0, 0x45, 0xD1, 0xFF}}},
	{{{2123, -1492, 5138},0, {1008, 496},{0xA0, 0x45, 0xD1, 0xFF}}},
	{{{2436, -931, 5291},0, {496, 496},{0xA0, 0x45, 0xD1, 0xFF}}},
	{{{2436, -931, 5291},0, {496, 496},{0xC0, 0x3F, 0xA6, 0xFF}}},
	{{{2123, -1492, 5138},0, {1008, 496},{0xC0, 0x3F, 0xA6, 0xFF}}},
	{{{1411, -1493, 5627},0, {1008, -16},{0xC0, 0x3F, 0xA6, 0xFF}}},
	{{{1673, -935, 5850},0, {496, -16},{0xC0, 0x3F, 0xA6, 0xFF}}},
	{{{2123, -371, 5138},0, {-16, 496},{0xC0, 0xC1, 0xA6, 0xFF}}},
	{{{2436, -931, 5291},0, {496, 496},{0xC0, 0xC1, 0xA6, 0xFF}}},
	{{{1673, -935, 5850},0, {496, -16},{0xC0, 0xC1, 0xA6, 0xFF}}},
	{{{1411, -376, 5627},0, {-16, -16},{0xC0, 0xC1, 0xA6, 0xFF}}},
	{{{769, -370, 1423},0, {-16, 1008},{0xD3, 0xC5, 0x67, 0xFF}}},
	{{{957, -931, 1171},0, {496, 1008},{0xD3, 0xC5, 0x67, 0xFF}}},
	{{{1778, -930, 1545},0, {496, 496},{0xD3, 0xC5, 0x67, 0xFF}}},
	{{{1526, -370, 1741},0, {-16, 496},{0xD3, 0xC5, 0x67, 0xFF}}},
	{{{957, -931, 1171},0, {496, 1008},{0xD3, 0x3B, 0x67, 0xFF}}},
	{{{769, -1492, 1423},0, {1008, 1008},{0xD3, 0x3B, 0x67, 0xFF}}},
	{{{1526, -1492, 1741},0, {1008, 496},{0xD3, 0x3B, 0x67, 0xFF}}},
	{{{1778, -930, 1545},0, {496, 496},{0xD3, 0x3B, 0x67, 0xFF}}},
	{{{1778, -930, 1545},0, {496, 496},{0xB1, 0x41, 0x4C, 0xFF}}},
	{{{1526, -1492, 1741},0, {1008, 496},{0xB1, 0x41, 0x4C, 0xFF}}},
	{{{2143, -1492, 2405},0, {1008, -16},{0xB1, 0x41, 0x4C, 0xFF}}},
	{{{2489, -930, 2261},0, {496, -16},{0xB1, 0x41, 0x4C, 0xFF}}},
	{{{1526, -370, 1741},0, {-16, 496},{0xB1, 0xBF, 0x4C, 0xFF}}},
	{{{1778, -930, 1545},0, {496, 496},{0xB1, 0xBF, 0x4C, 0xFF}}},
	{{{2489, -930, 2261},0, {496, -16},{0xB1, 0xBF, 0x4C, 0xFF}}},
	{{{2143, -370, 2405},0, {-16, -16},{0xB1, 0xBF, 0x4C, 0xFF}}},
	{{{-4479, -370, 3476},0, {-16, 1008},{0x69, 0xB8, 0xFE, 0xFF}}},
	{{{-4481, -371, 4331},0, {496, 1008},{0x69, 0xB8, 0xFE, 0xFF}}},
	{{{-4846, -931, 4401},0, {496, 496},{0x69, 0xB8, 0xFE, 0xFF}}},
	{{{-4882, -931, 3458},0, {-16, 496},{0x69, 0xB8, 0xFE, 0xFF}}},
	{{{-4481, -371, 4331},0, {496, 1008},{0x54, 0xBD, 0xBC, 0xFF}}},
	{{{-3904, -377, 5022},0, {1008, 1008},{0x54, 0xBD, 0xBC, 0xFF}}},
	{{{-4242, -935, 5177},0, {1008, 496},{0x54, 0xBD, 0xBC, 0xFF}}},
	{{{-4846, -931, 4401},0, {496, 496},{0x54, 0xBD, 0xBC, 0xFF}}},
	{{{-4846, -931, 4401},0, {496, 496},{0x54, 0x43, 0xBC, 0xFF}}},
	{{{-4242, -935, 5177},0, {1008, 496},{0x54, 0x43, 0xBC, 0xFF}}},
	{{{-3904, -1494, 5022},0, {1008, -16},{0x54, 0x43, 0xBC, 0xFF}}},
	{{{-4481, -1492, 4331},0, {496, -16},{0x54, 0x43, 0xBC, 0xFF}}},
	{{{-4882, -931, 3458},0, {-16, 496},{0x69, 0x48, 0xFF, 0xFF}}},
	{{{-4846, -931, 4401},0, {496, 496},{0x69, 0x48, 0xFF, 0xFF}}},
	{{{-4481, -1492, 4331},0, {496, -16},{0x69, 0x48, 0xFF, 0xFF}}},
	{{{-4479, -1492, 3476},0, {-16, -16},{0x69, 0x48, 0xFF, 0xFF}}},
	{{{-195, -1771, 6464},0, {-16, 1008},{0xCB, 0x19, 0x8F, 0xFF}}},
	{{{-119, -955, 6455},0, {496, 1008},{0xCB, 0x19, 0x8F, 0xFF}}},
	{{{784, -944, 6187},0, {496, 496},{0xCB, 0x19, 0x8F, 0xFF}}},
	{{{631, -1519, 5968},0, {-16, 496},{0xCB, 0x19, 0x8F, 0xFF}}},
	{{{-119, -955, 6455},0, {496, 1008},{0xCC, 0xE6, 0x8F, 0xFF}}},
	{{{-159, -142, 6436},0, {1008, 1008},{0xCC, 0xE6, 0x8F, 0xFF}}},
	{{{631, -368, 5968},0, {1008, 496},{0xCC, 0xE6, 0x8F, 0xFF}}},
	{{{784, -944, 6187},0, {496, 496},{0xCC, 0xE6, 0x8F, 0xFF}}},
	{{{784, -944, 6187},0, {496, 496},{0xD5, 0xC7, 0x97, 0xFF}}},
	{{{631, -368, 5968},0, {1008, 496},{0xD5, 0xC7, 0x97, 0xFF}}},
	{{{1411, -376, 5627},0, {1008, -16},{0xD5, 0xC7, 0x97, 0xFF}}},
	{{{1673, -935, 5850},0, {496, -16},{0xD5, 0xC7, 0x97, 0xFF}}},
	{{{631, -1519, 5968},0, {-16, 496},{0xD4, 0x39, 0x97, 0xFF}}},
	{{{784, -944, 6187},0, {496, 496},{0xD4, 0x39, 0x97, 0xFF}}},
	{{{1673, -935, 5850},0, {496, -16},{0xD4, 0x39, 0x97, 0xFF}}},
	{{{1411, -1493, 5627},0, {-16, -16},{0xD4, 0x39, 0x97, 0xFF}}},
	{{{2143, -370, 2405},0, {-16, 1008},{0x9D, 0xBB, 0x28, 0xFF}}},
	{{{2489, -930, 2261},0, {496, 1008},{0x9D, 0xBB, 0x28, 0xFF}}},
	{{{2901, -930, 3317},0, {496, 496},{0x9D, 0xBB, 0x28, 0xFF}}},
	{{{2545, -370, 3349},0, {-16, 496},{0x9D, 0xBB, 0x28, 0xFF}}},
	{{{2489, -930, 2261},0, {496, 1008},{0x9D, 0x44, 0x28, 0xFF}}},
	{{{2143, -1492, 2405},0, {1008, 1008},{0x9D, 0x44, 0x28, 0xFF}}},
	{{{2545, -1492, 3349},0, {1008, 496},{0x9D, 0x44, 0x28, 0xFF}}},
	{{{2901, -930, 3317},0, {496, 496},{0x9D, 0x44, 0x28, 0xFF}}},
	{{{2901, -930, 3317},0, {496, 496},{0x96, 0x46, 0xFD, 0xFF}}},
	{{{2545, -1492, 3349},0, {1008, 496},{0x96, 0x46, 0xFD, 0xFF}}},
	{{{2492, -1492, 4348},0, {1008, -16},{0x96, 0x46, 0xFD, 0xFF}}},
	{{{2879, -930, 4428},0, {496, -16},{0x96, 0x46, 0xFD, 0xFF}}},
	{{{2545, -370, 3349},0, {-16, 496},{0x96, 0xBA, 0xFD, 0xFF}}},
	{{{2901, -930, 3317},0, {496, 496},{0x96, 0xBA, 0xFD, 0xFF}}},
	{{{2879, -930, 4428},0, {496, -16},{0x96, 0xBA, 0xFD, 0xFF}}},
	{{{2492, -370, 4348},0, {-16, -16},{0x96, 0xBA, 0xFD, 0xFF}}},
	{{{-1413, -1613, 883},0, {-16, 1008},{0x2D, 0x1C, 0x73, 0xFF}}},
	{{{-1471, -921, 859},0, {496, 1008},{0x2D, 0x1C, 0x73, 0xFF}}},
	{{{-2487, -929, 1138},0, {496, 496},{0x2D, 0x1C, 0x73, 0xFF}}},
	{{{-2347, -1510, 1353},0, {-16, 496},{0x2D, 0x1C, 0x73, 0xFF}}},
	{{{-1471, -921, 859},0, {496, 1008},{0x2B, 0xDF, 0x73, 0xFF}}},
	{{{-1270, -130, 917},0, {1008, 1008},{0x2B, 0xDF, 0x73, 0xFF}}},
	{{{-2347, -347, 1357},0, {1008, 496},{0x2B, 0xDF, 0x73, 0xFF}}},
	{{{-2487, -929, 1138},0, {496, 496},{0x2B, 0xDF, 0x73, 0xFF}}},
	{{{-2487, -929, 1138},0, {496, 496},{0x30, 0xC8, 0x68, 0xFF}}},
	{{{-2347, -347, 1357},0, {1008, 496},{0x30, 0xC8, 0x68, 0xFF}}},
	{{{-3255, -370, 1802},0, {1008, -16},{0x30, 0xC8, 0x68, 0xFF}}},
	{{{-3517, -931, 1589},0, {496, -16},{0x30, 0xC8, 0x68, 0xFF}}},
	{{{-2347, -1510, 1353},0, {-16, 496},{0x30, 0x38, 0x68, 0xFF}}},
	{{{-2487, -929, 1138},0, {496, 496},{0x30, 0x38, 0x68, 0xFF}}},
	{{{-3517, -931, 1589},0, {496, -16},{0x30, 0x38, 0x68, 0xFF}}},
	{{{-3255, -1492, 1802},0, {-16, -16},{0x30, 0x38, 0x68, 0xFF}}},
	{{{-3904, -377, 5022},0, {-16, 1008},{0x3C, 0xC7, 0xA0, 0xFF}}},
	{{{-2989, -368, 5626},0, {496, 1008},{0x3C, 0xC7, 0xA0, 0xFF}}},
	{{{-3192, -945, 5812},0, {496, 496},{0x3C, 0xC7, 0xA0, 0xFF}}},
	{{{-4242, -935, 5177},0, {-16, 496},{0x3C, 0xC7, 0xA0, 0xFF}}},
	{{{-2989, -368, 5626},0, {496, 1008},{0x41, 0xE6, 0x96, 0xFF}}},
	{{{-1899, -143, 6401},0, {1008, 1008},{0x41, 0xE6, 0x96, 0xFF}}},
	{{{-1955, -955, 6406},0, {1008, 496},{0x41, 0xE6, 0x96, 0xFF}}},
	{{{-3192, -945, 5812},0, {496, 496},{0x41, 0xE6, 0x96, 0xFF}}},
	{{{-3192, -945, 5812},0, {496, 496},{0x41, 0x1A, 0x96, 0xFF}}},
	{{{-1955, -955, 6406},0, {1008, 496},{0x41, 0x1A, 0x96, 0xFF}}},
	{{{-1863, -1772, 6431},0, {1008, -16},{0x41, 0x1A, 0x96, 0xFF}}},
	{{{-2989, -1519, 5626},0, {496, -16},{0x41, 0x1A, 0x96, 0xFF}}},
	{{{-4242, -935, 5177},0, {-16, 496},{0x3D, 0x3A, 0xA1, 0xFF}}},
	{{{-3192, -945, 5812},0, {496, 496},{0x3D, 0x3A, 0xA1, 0xFF}}},
	{{{-2989, -1519, 5626},0, {496, -16},{0x3D, 0x3A, 0xA1, 0xFF}}},
	{{{-3904, -1494, 5022},0, {-16, -16},{0x3D, 0x3A, 0xA1, 0xFF}}},
};

Gfx ccm_dl_level_008_mesh_layer_1_tri_9[] = {
	gsSPVertex(ccm_dl_level_008_mesh_layer_1_vtx_9 + 0, 16, 0),
	gsSP1Triangle(0, 1, 2, 0),
	gsSP1Triangle(0, 2, 3, 0),
	gsSP1Triangle(4, 5, 6, 0),
	gsSP1Triangle(4, 6, 7, 0),
	gsSP1Triangle(8, 9, 10, 0),
	gsSP1Triangle(8, 10, 11, 0),
	gsSP1Triangle(12, 13, 14, 0),
	gsSP1Triangle(12, 14, 15, 0),
	gsSPVertex(ccm_dl_level_008_mesh_layer_1_vtx_9 + 16, 16, 0),
	gsSP1Triangle(0, 1, 2, 0),
	gsSP1Triangle(0, 2, 3, 0),
	gsSP1Triangle(4, 5, 6, 0),
	gsSP1Triangle(4, 6, 7, 0),
	gsSP1Triangle(8, 9, 10, 0),
	gsSP1Triangle(8, 10, 11, 0),
	gsSP1Triangle(12, 13, 14, 0),
	gsSP1Triangle(12, 14, 15, 0),
	gsSPVertex(ccm_dl_level_008_mesh_layer_1_vtx_9 + 32, 16, 0),
	gsSP1Triangle(0, 1, 2, 0),
	gsSP1Triangle(0, 2, 3, 0),
	gsSP1Triangle(4, 5, 6, 0),
	gsSP1Triangle(4, 6, 7, 0),
	gsSP1Triangle(8, 9, 10, 0),
	gsSP1Triangle(8, 10, 11, 0),
	gsSP1Triangle(12, 13, 14, 0),
	gsSP1Triangle(12, 14, 15, 0),
	gsSPVertex(ccm_dl_level_008_mesh_layer_1_vtx_9 + 48, 16, 0),
	gsSP1Triangle(0, 1, 2, 0),
	gsSP1Triangle(0, 2, 3, 0),
	gsSP1Triangle(4, 5, 6, 0),
	gsSP1Triangle(4, 6, 7, 0),
	gsSP1Triangle(8, 9, 10, 0),
	gsSP1Triangle(8, 10, 11, 0),
	gsSP1Triangle(12, 13, 14, 0),
	gsSP1Triangle(12, 14, 15, 0),
	gsSPVertex(ccm_dl_level_008_mesh_layer_1_vtx_9 + 64, 16, 0),
	gsSP1Triangle(0, 1, 2, 0),
	gsSP1Triangle(0, 2, 3, 0),
	gsSP1Triangle(4, 5, 6, 0),
	gsSP1Triangle(4, 6, 7, 0),
	gsSP1Triangle(8, 9, 10, 0),
	gsSP1Triangle(8, 10, 11, 0),
	gsSP1Triangle(12, 13, 14, 0),
	gsSP1Triangle(12, 14, 15, 0),
	gsSPVertex(ccm_dl_level_008_mesh_layer_1_vtx_9 + 80, 16, 0),
	gsSP1Triangle(0, 1, 2, 0),
	gsSP1Triangle(0, 2, 3, 0),
	gsSP1Triangle(4, 5, 6, 0),
	gsSP1Triangle(4, 6, 7, 0),
	gsSP1Triangle(8, 9, 10, 0),
	gsSP1Triangle(8, 10, 11, 0),
	gsSP1Triangle(12, 13, 14, 0),
	gsSP1Triangle(12, 14, 15, 0),
	gsSPVertex(ccm_dl_level_008_mesh_layer_1_vtx_9 + 96, 16, 0),
	gsSP1Triangle(0, 1, 2, 0),
	gsSP1Triangle(0, 2, 3, 0),
	gsSP1Triangle(4, 5, 6, 0),
	gsSP1Triangle(4, 6, 7, 0),
	gsSP1Triangle(8, 9, 10, 0),
	gsSP1Triangle(8, 10, 11, 0),
	gsSP1Triangle(12, 13, 14, 0),
	gsSP1Triangle(12, 14, 15, 0),
	gsSPVertex(ccm_dl_level_008_mesh_layer_1_vtx_9 + 112, 16, 0),
	gsSP1Triangle(0, 1, 2, 0),
	gsSP1Triangle(0, 2, 3, 0),
	gsSP1Triangle(4, 5, 6, 0),
	gsSP1Triangle(4, 6, 7, 0),
	gsSP1Triangle(8, 9, 10, 0),
	gsSP1Triangle(8, 10, 11, 0),
	gsSP1Triangle(12, 13, 14, 0),
	gsSP1Triangle(12, 14, 15, 0),
	gsSPVertex(ccm_dl_level_008_mesh_layer_1_vtx_9 + 128, 16, 0),
	gsSP1Triangle(0, 1, 2, 0),
	gsSP1Triangle(0, 2, 3, 0),
	gsSP1Triangle(4, 5, 6, 0),
	gsSP1Triangle(4, 6, 7, 0),
	gsSP1Triangle(8, 9, 10, 0),
	gsSP1Triangle(8, 10, 11, 0),
	gsSP1Triangle(12, 13, 14, 0),
	gsSP1Triangle(12, 14, 15, 0),
	gsSPEndDisplayList(),
};

Vtx ccm_dl_level_008_mesh_layer_1_vtx_10[28] = {
	{{{-395, -1657, 205},0, {2032, 2769},{0xB8, 0xBE, 0xFF, 0xFF}}},
	{{{-887, -1747, 950},0, {1008, 3511},{0xB8, 0xBE, 0xFF, 0xFF}}},
	{{{-387, -1613, 876},0, {2032, 3511},{0xB8, 0xBE, 0xFF, 0xFF}}},
	{{{-877, -1694, 208},0, {1008, 2769},{0xB8, 0xBE, 0xFF, 0xFF}}},
	{{{-389, -1587, -504},0, {2032, 1974},{0xB8, 0xBE, 0xFF, 0xFF}}},
	{{{-872, -1612, -531},0, {1008, 1974},{0xB8, 0xBE, 0xFF, 0xFF}}},
	{{{-388, -1462, -1443},0, {2032, 1005},{0xB8, 0xBE, 0xFF, 0xFF}}},
	{{{-870, -1489, -1437},0, {1008, 1005},{0xB8, 0xBE, 0xFF, 0xFF}}},
	{{{-367, -1355, -2405},0, {2032, -16},{0xB8, 0xBE, 0xFF, 0xFF}}},
	{{{-870, -1355, -2389},0, {1008, -16},{0xB8, 0xBE, 0xFF, 0xFF}}},
	{{{-478, -1353, -2579},0, {1805, -234},{0xC2, 0xD6, 0xFF, 0xFF}}},
	{{{-875, -1353, -2564},0, {1008, -234},{0xC2, 0xD6, 0xFF, 0xFF}}},
	{{{-588, -1351, -2754},0, {1578, -451},{0xCC, 0xEE, 0xFF, 0xFF}}},
	{{{-879, -1351, -2738},0, {1008, -451},{0xCC, 0xEE, 0xFF, 0xFF}}},
	{{{-1272, -1353, -2548},0, {211, -234},{0xC2, 0xD6, 0xFF, 0xFF}}},
	{{{-1170, -1351, -2722},0, {438, -451},{0xCC, 0xEE, 0xFF, 0xFF}}},
	{{{-1373, -1355, -2374},0, {-16, -16},{0xB8, 0xBE, 0xFF, 0xFF}}},
	{{{-875, -1353, -2564},0, {1008, -234},{0xC2, 0xD6, 0xFF, 0xFF}}},
	{{{-1272, -1353, -2548},0, {211, -234},{0xC2, 0xD6, 0xFF, 0xFF}}},
	{{{-870, -1355, -2389},0, {1008, -16},{0xB8, 0xBE, 0xFF, 0xFF}}},
	{{{-1352, -1462, -1428},0, {-16, 1005},{0xB8, 0xBE, 0xFF, 0xFF}}},
	{{{-870, -1489, -1437},0, {1008, 1005},{0xB8, 0xBE, 0xFF, 0xFF}}},
	{{{-1353, -1587, -503},0, {-16, 1974},{0xB8, 0xBE, 0xFF, 0xFF}}},
	{{{-872, -1612, -531},0, {1008, 1974},{0xB8, 0xBE, 0xFF, 0xFF}}},
	{{{-1359, -1657, 205},0, {-16, 2769},{0xB8, 0xBE, 0xFF, 0xFF}}},
	{{{-877, -1694, 208},0, {1008, 2769},{0xB8, 0xBE, 0xFF, 0xFF}}},
	{{{-1413, -1613, 883},0, {-16, 3511},{0xB8, 0xBE, 0xFF, 0xFF}}},
	{{{-887, -1747, 950},0, {1008, 3511},{0xB8, 0xBE, 0xFF, 0xFF}}},
};

Gfx ccm_dl_level_008_mesh_layer_1_tri_10[] = {
	gsSPVertex(ccm_dl_level_008_mesh_layer_1_vtx_10 + 0, 16, 0),
	gsSP1Triangle(0, 1, 2, 0),
	gsSP1Triangle(0, 3, 1, 0),
	gsSP1Triangle(4, 3, 0, 0),
	gsSP1Triangle(4, 5, 3, 0),
	gsSP1Triangle(5, 4, 6, 0),
	gsSP1Triangle(5, 6, 7, 0),
	gsSP1Triangle(7, 6, 8, 0),
	gsSP1Triangle(7, 8, 9, 0),
	gsSP1Triangle(9, 8, 10, 0),
	gsSP1Triangle(9, 10, 11, 0),
	gsSP1Triangle(11, 10, 12, 0),
	gsSP1Triangle(11, 12, 13, 0),
	gsSP1Triangle(14, 11, 13, 0),
	gsSP1Triangle(14, 13, 15, 0),
	gsSPVertex(ccm_dl_level_008_mesh_layer_1_vtx_10 + 16, 12, 0),
	gsSP1Triangle(0, 1, 2, 0),
	gsSP1Triangle(0, 3, 1, 0),
	gsSP1Triangle(4, 3, 0, 0),
	gsSP1Triangle(4, 5, 3, 0),
	gsSP1Triangle(6, 5, 4, 0),
	gsSP1Triangle(6, 7, 5, 0),
	gsSP1Triangle(7, 6, 8, 0),
	gsSP1Triangle(7, 8, 9, 0),
	gsSP1Triangle(9, 8, 10, 0),
	gsSP1Triangle(9, 10, 11, 0),
	gsSPEndDisplayList(),
};

Vtx ccm_dl_level_008_mesh_layer_1_vtx_11[165] = {
	{{{-213, -1717, 7789},0, {2032, 2032},{0xDA, 0x76, 0x1C, 0xFF}}},
	{{{-1908, -1744, 7093},0, {-16, 1008},{0x59, 0x5B, 0xFD, 0xFF}}},
	{{{-1880, -1717, 7756},0, {-16, 2032},{0x24, 0x76, 0x1D, 0xFF}}},
	{{{-168, -1744, 7127},0, {2032, 1008},{0xA7, 0x5A, 0xFB, 0xFF}}},
	{{{-195, -1771, 6464},0, {2032, -16},{0xC8, 0x6E, 0xE2, 0xFF}}},
	{{{-1863, -1772, 6431},0, {-16, -16},{0x3A, 0x6D, 0xE3, 0xFF}}},
	{{{-1899, -143, 6401},0, {2032, 2032},{0x3E, 0x94, 0xE5, 0xFF}}},
	{{{-439, -124, 5290},0, {1008, 1008},{0xFC, 0x81, 0xFD, 0xFF}}},
	{{{-159, -142, 6436},0, {-16, 2032},{0xC5, 0x93, 0xE4, 0xFF}}},
	{{{-1613, -124, 5205},0, {2032, 1008},{0x5, 0x81, 0xFD, 0xFF}}},
	{{{-887, -96, 3605},0, {2032, -16},{0x0, 0x81, 0x0, 0xFF}}},
	{{{-887, -1773, 3605},0, {770, 1322},{0x0, 0x7F, 0x0, 0xFF}}},
	{{{-2500, -1729, 5131},0, {-1250, -1400},{0xE, 0x7E, 0xF8, 0xFF}}},
	{{{-1613, -1767, 5204},0, {-1451, -47},{0x5, 0x7F, 0xFF, 0xFF}}},
	{{{-2908, -1738, 4564},0, {-334, -1909},{0xB, 0x7E, 0xF6, 0xFF}}},
	{{{-3620, -1720, 4164},0, {394, -2942},{0x14, 0x7D, 0xF8, 0xFF}}},
	{{{-887, -1773, 3605},0, {770, 1322},{0x0, 0x7F, 0x0, 0xFF}}},
	{{{-3290, -1738, 3525},0, {1307, -2308},{0xD, 0x7E, 0x3, 0xFF}}},
	{{{-3620, -1720, 4164},0, {394, -2942},{0x14, 0x7D, 0xF8, 0xFF}}},
	{{{-3904, -1494, 5022},0, {-1043, -4066},{0x35, 0x62, 0xC3, 0xFF}}},
	{{{-2908, -1738, 4564},0, {-334, -1909},{0xB, 0x7E, 0xF6, 0xFF}}},
	{{{-4481, -1492, 4331},0, {247, -4837},{0x49, 0x65, 0xE5, 0xFF}}},
	{{{-4479, -1492, 3476},0, {1689, -4745},{0x4A, 0x66, 0x10, 0xFF}}},
	{{{-3290, -1738, 3525},0, {1307, -2308},{0xD, 0x7E, 0x3, 0xFF}}},
	{{{-3904, -1494, 5022},0, {-1043, -4066},{0x35, 0x62, 0xC3, 0xFF}}},
	{{{-2500, -1729, 5131},0, {-1250, -1400},{0xE, 0x7E, 0xF8, 0xFF}}},
	{{{-2989, -1519, 5626},0, {-2128, -2582},{0x32, 0x5E, 0xBB, 0xFF}}},
	{{{-1863, -1772, 6431},0, {-2907, -873},{0x3A, 0x6D, 0xE3, 0xFF}}},
	{{{-1613, -1767, 5204},0, {-1451, -47},{0x5, 0x7F, 0xFF, 0xFF}}},
	{{{-195, -1771, 6464},0, {-3447, 1996},{0xC8, 0x6E, 0xE2, 0xFF}}},
	{{{-439, -1767, 5290},0, {-1793, 1712},{0xFA, 0x7F, 0xFF, 0xFF}}},
	{{{261, -1729, 5399},0, {-2141, 2763},{0xF0, 0x7E, 0xF6, 0xFF}}},
	{{{-195, -1771, 6464},0, {-3447, 1996},{0xC8, 0x6E, 0xE2, 0xFF}}},
	{{{631, -1519, 5968},0, {-3409, 3425},{0xD6, 0x5E, 0xB6, 0xFF}}},
	{{{261, -1729, 5399},0, {-2141, 2763},{0xF0, 0x7E, 0xF6, 0xFF}}},
	{{{1411, -1493, 5627},0, {-3096, 4838},{0xD9, 0x61, 0xB8, 0xFF}}},
	{{{649, -1738, 4969},0, {-1561, 3418},{0xF7, 0x7E, 0xF4, 0xFF}}},
	{{{1392, -1720, 4776},0, {-1409, 4597},{0xF0, 0x7D, 0xF1, 0xFF}}},
	{{{2123, -1492, 5138},0, {-2367, 6087},{0xC4, 0x63, 0xCC, 0xFF}}},
	{{{2492, -1492, 4348},0, {-1138, 6925},{0xB6, 0x66, 0xEE, 0xFF}}},
	{{{1359, -1737, 4103},0, {-372, 4645},{0xF3, 0x7E, 0xFD, 0xFF}}},
	{{{1710, -1720, 3422},0, {602, 5317},{0xEC, 0x7D, 0x3, 0xFF}}},
	{{{2545, -1492, 3349},0, {555, 7136},{0xB5, 0x65, 0xD, 0xFF}}},
	{{{2143, -1492, 2405},0, {2239, 6707},{0xBF, 0x64, 0x2B, 0xFF}}},
	{{{1132, -1737, 2830},0, {1600, 4520},{0xF4, 0x7E, 0x8, 0xFF}}},
	{{{944, -1720, 2205},0, {2591, 4360},{0xF3, 0x7D, 0x15, 0xFF}}},
	{{{1526, -1492, 1741},0, {3445, 5734},{0xD2, 0x62, 0x43, 0xFF}}},
	{{{769, -1492, 1423},0, {4165, 4557},{0xE4, 0x60, 0x4F, 0xFF}}},
	{{{769, -1492, 1423},0, {4165, 4557},{0xE4, 0x60, 0x4F, 0xFF}}},
	{{{233, -1737, 2157},0, {2775, 3270},{0xF9, 0x7E, 0xE, 0xFF}}},
	{{{944, -1720, 2205},0, {2591, 4360},{0xF3, 0x7D, 0x15, 0xFF}}},
	{{{-106, -1727, 1817},0, {3343, 2821},{0xF2, 0x7D, 0x12, 0xFF}}},
	{{{142, -1510, 1225},0, {4513, 3500},{0xDD, 0x5F, 0x4D, 0xFF}}},
	{{{-387, -1613, 876},0, {4659, 2593},{0xBE, 0x67, 0x24, 0xFF}}},
	{{{-567, -1761, 1990},0, {3101, 2075},{0xF8, 0x7F, 0x5, 0xFF}}},
	{{{-910, -1768, 1745},0, {3516, 1592},{0x0, 0x7F, 0x6, 0xFF}}},
	{{{-887, -1747, 950},0, {4752, 1748},{0x0, 0x7F, 0x5, 0xFF}}},
	{{{-1413, -1613, 883},0, {4814, 708},{0x3F, 0x67, 0x29, 0xFF}}},
	{{{-1334, -1761, 2017},0, {3190, 896},{0x8, 0x7F, 0x7, 0xFF}}},
	{{{-2022, -1727, 1922},0, {3514, -124},{0xC, 0x7D, 0x11, 0xFF}}},
	{{{-2347, -1510, 1353},0, {4771, -723},{0x25, 0x5D, 0x4E, 0xFF}}},
	{{{-887, -1773, 3605},0, {770, 1322},{0x0, 0x7F, 0x0, 0xFF}}},
	{{{1132, -1737, 2830},0, {1600, 4520},{0xF4, 0x7E, 0x8, 0xFF}}},
	{{{1710, -1720, 3422},0, {602, 5317},{0xEC, 0x7D, 0x3, 0xFF}}},
	{{{-887, -1773, 3605},0, {770, 1322},{0x0, 0x7F, 0x0, 0xFF}}},
	{{{1359, -1737, 4103},0, {-372, 4645},{0xF3, 0x7E, 0xFD, 0xFF}}},
	{{{1710, -1720, 3422},0, {602, 5317},{0xEC, 0x7D, 0x3, 0xFF}}},
	{{{1392, -1720, 4776},0, {-1409, 4597},{0xF0, 0x7D, 0xF1, 0xFF}}},
	{{{649, -1738, 4969},0, {-1561, 3418},{0xF7, 0x7E, 0xF4, 0xFF}}},
	{{{261, -1729, 5399},0, {-2141, 2763},{0xF0, 0x7E, 0xF6, 0xFF}}},
	{{{-439, -1767, 5290},0, {-1793, 1712},{0xFA, 0x7F, 0xFF, 0xFF}}},
	{{{-1613, -1767, 5204},0, {-1451, -47},{0x5, 0x7F, 0xFF, 0xFF}}},
	{{{-910, -1768, 1745},0, {3516, 1592},{0x0, 0x7F, 0x6, 0xFF}}},
	{{{-1334, -1761, 2017},0, {3190, 896},{0x8, 0x7F, 0x7, 0xFF}}},
	{{{-3255, -1492, 1802},0, {4304, -2337},{0x2E, 0x61, 0x45, 0xFF}}},
	{{{-2022, -1727, 1922},0, {3514, -124},{0xC, 0x7D, 0x11, 0xFF}}},
	{{{-2347, -1510, 1353},0, {4771, -723},{0x25, 0x5D, 0x4E, 0xFF}}},
	{{{-2491, -1738, 2427},0, {2837, -906},{0xA, 0x7E, 0xD, 0xFF}}},
	{{{-1334, -1761, 2017},0, {3190, 896},{0x8, 0x7F, 0x7, 0xFF}}},
	{{{-4479, -1492, 3476},0, {1689, -4745},{0x4A, 0x66, 0x10, 0xFF}}},
	{{{-3290, -1738, 3525},0, {1307, -2308},{0xD, 0x7E, 0x3, 0xFF}}},
	{{{-3312, -1720, 2810},0, {2406, -2237},{0x11, 0x7D, 0xD, 0xFF}}},
	{{{-4069, -1492, 2541},0, {3171, -3805},{0x40, 0x64, 0x2E, 0xFF}}},
	{{{-3255, -1492, 1802},0, {4304, -2337},{0x2E, 0x61, 0x45, 0xFF}}},
	{{{-2491, -1738, 2427},0, {2837, -906},{0xA, 0x7E, 0xD, 0xFF}}},
	{{{-887, -1773, 3605},0, {770, 1322},{0x0, 0x7F, 0x0, 0xFF}}},
	{{{-3290, -1738, 3525},0, {1307, -2308},{0xD, 0x7E, 0x3, 0xFF}}},
	{{{-3904, -377, 5022},0, {-16, 2032},{0x34, 0x9E, 0xC2, 0xFF}}},
	{{{-2908, -132, 4564},0, {1008, 2032},{0xA, 0x82, 0xF4, 0xFF}}},
	{{{-2500, -152, 5131},0, {1349, 1349},{0xD, 0x82, 0xF5, 0xFF}}},
	{{{-887, -96, 3605},0, {2032, 2032},{0x0, 0x81, 0x0, 0xFF}}},
	{{{-1613, -124, 5205},0, {2032, 1008},{0x5, 0x81, 0xFD, 0xFF}}},
	{{{-1899, -143, 6401},0, {2032, -16},{0x3E, 0x94, 0xE5, 0xFF}}},
	{{{-2989, -368, 5626},0, {1008, 1008},{0x31, 0xA2, 0xBA, 0xFF}}},
	{{{-4479, -370, 3476},0, {-16, 2032},{0x4A, 0x9A, 0x10, 0xFF}}},
	{{{-3290, -126, 3525},0, {1008, 2032},{0xD, 0x82, 0x2, 0xFF}}},
	{{{-3620, -144, 4164},0, {1349, 1349},{0x13, 0x83, 0xF8, 0xFF}}},
	{{{-887, -96, 3605},0, {2032, 2032},{0x0, 0x81, 0x0, 0xFF}}},
	{{{-2908, -132, 4564},0, {2032, 1008},{0xA, 0x82, 0xF4, 0xFF}}},
	{{{-3904, -377, 5022},0, {2032, -16},{0x34, 0x9E, 0xC2, 0xFF}}},
	{{{-4481, -371, 4331},0, {1008, 1008},{0x49, 0x9B, 0xE5, 0xFF}}},
	{{{-4069, -370, 2541},0, {1008, 2032},{0x40, 0x9C, 0x2E, 0xFF}}},
	{{{-3312, -143, 2810},0, {1349, 1349},{0x11, 0x83, 0xD, 0xFF}}},
	{{{-3255, -370, 1802},0, {2032, 2032},{0x2E, 0x9F, 0x45, 0xFF}}},
	{{{-2491, -126, 2427},0, {2032, 1008},{0xA, 0x82, 0xD, 0xFF}}},
	{{{-887, -96, 3605},0, {2032, -16},{0x0, 0x81, 0x0, 0xFF}}},
	{{{-3290, -126, 3525},0, {1008, 1008},{0xD, 0x82, 0x2, 0xFF}}},
	{{{769, -370, 1423},0, {-16, 2032},{0xE4, 0xA0, 0x4F, 0xFF}}},
	{{{1526, -370, 1741},0, {1008, 2032},{0xD2, 0x9E, 0x43, 0xFF}}},
	{{{944, -143, 2205},0, {1349, 1349},{0xF4, 0x83, 0x14, 0xFF}}},
	{{{2143, -370, 2405},0, {2032, 2032},{0xBF, 0x9C, 0x2B, 0xFF}}},
	{{{944, -143, 2205},0, {1349, 1349},{0xF4, 0x83, 0x14, 0xFF}}},
	{{{1526, -370, 1741},0, {1008, 2032},{0xD2, 0x9E, 0x43, 0xFF}}},
	{{{1132, -126, 2831},0, {2032, 1008},{0xF4, 0x82, 0x8, 0xFF}}},
	{{{-887, -96, 3605},0, {2032, -16},{0x0, 0x81, 0x0, 0xFF}}},
	{{{233, -126, 2157},0, {1008, 1008},{0xF9, 0x82, 0xE, 0xFF}}},
	{{{769, -370, 1423},0, {-16, 2032},{0xE4, 0xA0, 0x4F, 0xFF}}},
	{{{-3255, -370, 1802},0, {-16, 2032},{0x2E, 0x9F, 0x45, 0xFF}}},
	{{{-2347, -347, 1357},0, {1008, 2032},{0x26, 0xA3, 0x4D, 0xFF}}},
	{{{-2022, -134, 1924},0, {1349, 1349},{0xE, 0x83, 0xE, 0xFF}}},
	{{{-1270, -130, 917},0, {2032, 2032},{0x35, 0x91, 0x1F, 0xFF}}},
	{{{-1334, -97, 2021},0, {2032, 1008},{0x7, 0x81, 0x4, 0xFF}}},
	{{{-2491, -126, 2427},0, {1008, 1008},{0xA, 0x82, 0xD, 0xFF}}},
	{{{-1270, -130, 917},0, {-16, 2032},{0x35, 0x91, 0x1F, 0xFF}}},
	{{{-885, -89, 915},0, {1008, 2032},{0x0, 0x81, 0x0, 0xFF}}},
	{{{-910, -91, 1746},0, {1349, 1349},{0x0, 0x81, 0x1, 0xFF}}},
	{{{-521, -130, 911},0, {2032, 2032},{0xC8, 0x91, 0x1A, 0xFF}}},
	{{{-910, -91, 1746},0, {1349, 1349},{0x0, 0x81, 0x1, 0xFF}}},
	{{{-885, -89, 915},0, {1008, 2032},{0x0, 0x81, 0x0, 0xFF}}},
	{{{-567, -97, 1994},0, {2032, 1008},{0xF8, 0x81, 0x2, 0xFF}}},
	{{{-887, -96, 3605},0, {2032, -16},{0x0, 0x81, 0x0, 0xFF}}},
	{{{-1334, -97, 2021},0, {1008, 1008},{0x7, 0x81, 0x4, 0xFF}}},
	{{{-1270, -130, 917},0, {-16, 2032},{0x35, 0x91, 0x1F, 0xFF}}},
	{{{-521, -130, 911},0, {-16, 2032},{0xC8, 0x91, 0x1A, 0xFF}}},
	{{{142, -346, 1230},0, {1008, 2032},{0xDB, 0xA2, 0x4D, 0xFF}}},
	{{{-106, -134, 1819},0, {1349, 1349},{0xEE, 0x83, 0xE, 0xFF}}},
	{{{769, -370, 1423},0, {2032, 2032},{0xE4, 0xA0, 0x4F, 0xFF}}},
	{{{233, -126, 2157},0, {2032, 1008},{0xF9, 0x82, 0xE, 0xFF}}},
	{{{-567, -97, 1994},0, {1008, 1008},{0xF8, 0x81, 0x2, 0xFF}}},
	{{{2143, -370, 2405},0, {-16, 2032},{0xBF, 0x9C, 0x2B, 0xFF}}},
	{{{2545, -370, 3349},0, {1008, 2032},{0xB5, 0x9A, 0xD, 0xFF}}},
	{{{1710, -143, 3422},0, {1349, 1349},{0xEC, 0x83, 0x3, 0xFF}}},
	{{{2492, -370, 4348},0, {2032, 2032},{0xB6, 0x9A, 0xEE, 0xFF}}},
	{{{1710, -143, 3422},0, {1349, 1349},{0xEC, 0x83, 0x3, 0xFF}}},
	{{{2545, -370, 3349},0, {1008, 2032},{0xB5, 0x9A, 0xD, 0xFF}}},
	{{{1359, -126, 4103},0, {2032, 1008},{0xF3, 0x82, 0xFD, 0xFF}}},
	{{{-887, -96, 3605},0, {2032, -16},{0x0, 0x81, 0x0, 0xFF}}},
	{{{1132, -126, 2831},0, {1008, 1008},{0xF4, 0x82, 0x8, 0xFF}}},
	{{{2143, -370, 2405},0, {-16, 2032},{0xBF, 0x9C, 0x2B, 0xFF}}},
	{{{2492, -370, 4348},0, {-16, 2032},{0xB6, 0x9A, 0xEE, 0xFF}}},
	{{{2123, -371, 5138},0, {1008, 2032},{0xC4, 0x9D, 0xCC, 0xFF}}},
	{{{1392, -144, 4776},0, {1349, 1349},{0xF0, 0x83, 0xF0, 0xFF}}},
	{{{1411, -376, 5627},0, {2032, 2032},{0xDA, 0x9F, 0xB7, 0xFF}}},
	{{{649, -132, 4969},0, {2032, 1008},{0xF8, 0x82, 0xF2, 0xFF}}},
	{{{1359, -126, 4103},0, {1008, 1008},{0xF3, 0x82, 0xFD, 0xFF}}},
	{{{1411, -376, 5627},0, {-16, 2032},{0xDA, 0x9F, 0xB7, 0xFF}}},
	{{{631, -368, 5968},0, {1008, 2032},{0xD8, 0xA2, 0xB4, 0xFF}}},
	{{{261, -152, 5399},0, {1349, 1349},{0xF2, 0x82, 0xF4, 0xFF}}},
	{{{-159, -142, 6436},0, {2032, 2032},{0xC5, 0x93, 0xE4, 0xFF}}},
	{{{261, -152, 5399},0, {1349, 1349},{0xF2, 0x82, 0xF4, 0xFF}}},
	{{{631, -368, 5968},0, {1008, 2032},{0xD8, 0xA2, 0xB4, 0xFF}}},
	{{{-439, -124, 5290},0, {2032, 1008},{0xFC, 0x81, 0xFD, 0xFF}}},
	{{{-887, -96, 3605},0, {2032, -16},{0x0, 0x81, 0x0, 0xFF}}},
	{{{649, -132, 4969},0, {1008, 1008},{0xF8, 0x82, 0xF2, 0xFF}}},
	{{{1411, -376, 5627},0, {-16, 2032},{0xDA, 0x9F, 0xB7, 0xFF}}},
};

Gfx ccm_dl_level_008_mesh_layer_1_tri_11[] = {
	gsSPVertex(ccm_dl_level_008_mesh_layer_1_vtx_11 + 0, 16, 0),
	gsSP1Triangle(0, 1, 2, 0),
	gsSP1Triangle(0, 3, 1, 0),
	gsSP1Triangle(1, 3, 4, 0),
	gsSP1Triangle(1, 4, 5, 0),
	gsSP1Triangle(6, 7, 8, 0),
	gsSP1Triangle(6, 9, 7, 0),
	gsSP1Triangle(10, 7, 9, 0),
	gsSP1Triangle(11, 12, 13, 0),
	gsSP1Triangle(11, 14, 12, 0),
	gsSP1Triangle(11, 15, 14, 0),
	gsSPVertex(ccm_dl_level_008_mesh_layer_1_vtx_11 + 16, 16, 0),
	gsSP1Triangle(0, 1, 2, 0),
	gsSP1Triangle(3, 4, 2, 0),
	gsSP1Triangle(3, 2, 5, 0),
	gsSP1Triangle(6, 5, 2, 0),
	gsSP1Triangle(6, 2, 7, 0),
	gsSP1Triangle(8, 9, 4, 0),
	gsSP1Triangle(8, 10, 9, 0),
	gsSP1Triangle(11, 9, 10, 0),
	gsSP1Triangle(11, 12, 9, 0),
	gsSP1Triangle(13, 12, 11, 0),
	gsSP1Triangle(13, 14, 12, 0),
	gsSP1Triangle(13, 15, 14, 0),
	gsSPVertex(ccm_dl_level_008_mesh_layer_1_vtx_11 + 32, 16, 0),
	gsSP1Triangle(0, 1, 2, 0),
	gsSP1Triangle(3, 2, 1, 0),
	gsSP1Triangle(3, 4, 2, 0),
	gsSP1Triangle(3, 5, 4, 0),
	gsSP1Triangle(3, 6, 5, 0),
	gsSP1Triangle(7, 5, 6, 0),
	gsSP1Triangle(7, 8, 5, 0),
	gsSP1Triangle(7, 9, 8, 0),
	gsSP1Triangle(7, 10, 9, 0),
	gsSP1Triangle(11, 9, 10, 0),
	gsSP1Triangle(11, 12, 9, 0),
	gsSP1Triangle(11, 13, 12, 0),
	gsSP1Triangle(11, 14, 13, 0),
	gsSP1Triangle(15, 13, 14, 0),
	gsSPVertex(ccm_dl_level_008_mesh_layer_1_vtx_11 + 48, 16, 0),
	gsSP1Triangle(0, 1, 2, 0),
	gsSP1Triangle(0, 3, 1, 0),
	gsSP1Triangle(0, 4, 3, 0),
	gsSP1Triangle(5, 3, 4, 0),
	gsSP1Triangle(5, 6, 3, 0),
	gsSP1Triangle(5, 7, 6, 0),
	gsSP1Triangle(5, 8, 7, 0),
	gsSP1Triangle(9, 7, 8, 0),
	gsSP1Triangle(9, 10, 7, 0),
	gsSP1Triangle(9, 11, 10, 0),
	gsSP1Triangle(9, 12, 11, 0),
	gsSP1Triangle(13, 6, 7, 0),
	gsSP1Triangle(13, 3, 6, 0),
	gsSP1Triangle(13, 1, 3, 0),
	gsSP1Triangle(13, 2, 1, 0),
	gsSP1Triangle(13, 14, 2, 0),
	gsSP1Triangle(13, 15, 14, 0),
	gsSPVertex(ccm_dl_level_008_mesh_layer_1_vtx_11 + 64, 15, 0),
	gsSP1Triangle(0, 1, 2, 0),
	gsSP1Triangle(0, 3, 1, 0),
	gsSP1Triangle(0, 4, 3, 0),
	gsSP1Triangle(0, 5, 4, 0),
	gsSP1Triangle(0, 6, 5, 0),
	gsSP1Triangle(0, 7, 6, 0),
	gsSP1Triangle(0, 8, 9, 0),
	gsSP1Triangle(10, 11, 12, 0),
	gsSP1Triangle(10, 13, 11, 0),
	gsSP1Triangle(0, 11, 13, 0),
	gsSP1Triangle(0, 14, 11, 0),
	gsSPVertex(ccm_dl_level_008_mesh_layer_1_vtx_11 + 79, 15, 0),
	gsSP1Triangle(0, 1, 2, 0),
	gsSP1Triangle(0, 2, 3, 0),
	gsSP1Triangle(4, 3, 2, 0),
	gsSP1Triangle(4, 2, 5, 0),
	gsSP1Triangle(6, 5, 2, 0),
	gsSP1Triangle(6, 2, 7, 0),
	gsSP1Triangle(8, 9, 10, 0),
	gsSP1Triangle(11, 10, 9, 0),
	gsSP1Triangle(11, 12, 10, 0),
	gsSP1Triangle(13, 10, 12, 0),
	gsSP1Triangle(13, 14, 10, 0),
	gsSP1Triangle(8, 10, 14, 0),
	gsSPVertex(ccm_dl_level_008_mesh_layer_1_vtx_11 + 94, 16, 0),
	gsSP1Triangle(0, 1, 2, 0),
	gsSP1Triangle(3, 2, 1, 0),
	gsSP1Triangle(3, 4, 2, 0),
	gsSP1Triangle(5, 2, 4, 0),
	gsSP1Triangle(5, 6, 2, 0),
	gsSP1Triangle(0, 2, 6, 0),
	gsSP1Triangle(0, 7, 8, 0),
	gsSP1Triangle(9, 8, 7, 0),
	gsSP1Triangle(9, 10, 8, 0),
	gsSP1Triangle(11, 8, 10, 0),
	gsSP1Triangle(11, 12, 8, 0),
	gsSP1Triangle(0, 8, 12, 0),
	gsSP1Triangle(13, 14, 15, 0),
	gsSPVertex(ccm_dl_level_008_mesh_layer_1_vtx_11 + 110, 16, 0),
	gsSP1Triangle(0, 1, 2, 0),
	gsSP1Triangle(0, 3, 1, 0),
	gsSP1Triangle(4, 1, 3, 0),
	gsSP1Triangle(4, 5, 1, 0),
	gsSP1Triangle(6, 1, 5, 0),
	gsSP1Triangle(7, 8, 9, 0),
	gsSP1Triangle(10, 9, 8, 0),
	gsSP1Triangle(10, 11, 9, 0),
	gsSP1Triangle(4, 9, 11, 0),
	gsSP1Triangle(4, 12, 9, 0),
	gsSP1Triangle(7, 9, 12, 0),
	gsSP1Triangle(13, 14, 15, 0),
	gsSPVertex(ccm_dl_level_008_mesh_layer_1_vtx_11 + 126, 16, 0),
	gsSP1Triangle(0, 1, 2, 0),
	gsSP1Triangle(0, 3, 1, 0),
	gsSP1Triangle(4, 1, 3, 0),
	gsSP1Triangle(4, 5, 1, 0),
	gsSP1Triangle(6, 1, 5, 0),
	gsSP1Triangle(7, 8, 9, 0),
	gsSP1Triangle(10, 9, 8, 0),
	gsSP1Triangle(10, 11, 9, 0),
	gsSP1Triangle(4, 9, 11, 0),
	gsSP1Triangle(4, 12, 9, 0),
	gsSP1Triangle(7, 9, 12, 0),
	gsSP1Triangle(13, 14, 15, 0),
	gsSPVertex(ccm_dl_level_008_mesh_layer_1_vtx_11 + 142, 16, 0),
	gsSP1Triangle(0, 1, 2, 0),
	gsSP1Triangle(0, 3, 1, 0),
	gsSP1Triangle(4, 1, 3, 0),
	gsSP1Triangle(4, 5, 1, 0),
	gsSP1Triangle(6, 1, 5, 0),
	gsSP1Triangle(7, 8, 9, 0),
	gsSP1Triangle(10, 9, 8, 0),
	gsSP1Triangle(10, 11, 9, 0),
	gsSP1Triangle(4, 9, 11, 0),
	gsSP1Triangle(4, 12, 9, 0),
	gsSP1Triangle(7, 9, 12, 0),
	gsSP1Triangle(13, 14, 15, 0),
	gsSPVertex(ccm_dl_level_008_mesh_layer_1_vtx_11 + 158, 7, 0),
	gsSP1Triangle(0, 1, 2, 0),
	gsSP1Triangle(0, 3, 1, 0),
	gsSP1Triangle(4, 1, 3, 0),
	gsSP1Triangle(4, 5, 1, 0),
	gsSP1Triangle(6, 1, 5, 0),
	gsSPEndDisplayList(),
};

Vtx ccm_dl_level_008_mesh_layer_1_vtx_12[243] = {
	{{{-914, 6467, -6942},0, {1066, 1081},{0xCC, 0xEE, 0xFF, 0xFF}}},
	{{{-3381, 6454, -3795},0, {2425, -30},{0xCC, 0xEE, 0xFF, 0xFF}}},
	{{{-4078, 6448, -4079},0, {2295, -333},{0xCC, 0xEE, 0xFF, 0xFF}}},
	{{{-5367, 6448, -4873},0, {1933, -890},{0xCC, 0xEE, 0xFF, 0xFF}}},
	{{{-4873, 6448, -4557},0, {2077, -677},{0xCC, 0xEE, 0xFF, 0xFF}}},
	{{{-4500, 6161, -3705},0, {2483, -541},{0xCC, 0xEE, 0xFF, 0xFF}}},
	{{{-3787, 6161, -3277},0, {2679, -229},{0xCC, 0xEE, 0xFF, 0xFF}}},
	{{{-3381, 6454, -3795},0, {2425, -30},{0xCC, 0xEE, 0xFF, 0xFF}}},
	{{{-3067, 6161, -2860},0, {2869, 87},{0xCC, 0xEE, 0xFF, 0xFF}}},
	{{{-2818, 6448, -3342},0, {2629, 212},{0xCC, 0xEE, 0xFF, 0xFF}}},
	{{{-604, 6448, -3367},0, {2639, 1186},{0xCC, 0xEE, 0xFF, 0xFF}}},
	{{{-78, 6454, -3480},0, {2593, 1417},{0xCC, 0xEE, 0xFF, 0xFF}}},
	{{{1345, 6454, -4050},0, {2356, 2046},{0xCC, 0xEE, 0xFF, 0xFF}}},
	{{{2846, 6454, -5004},0, {1948, 2713},{0xCC, 0xEE, 0xFF, 0xFF}}},
	{{{3161, 6448, -5095},0, {1911, 2852},{0xCC, 0xEE, 0xFF, 0xFF}}},
	{{{3210, 6454, -5539},0, {1717, 2876},{0xCC, 0xEE, 0xFF, 0xFF}}},
	{{{3210, 6454, -5539},0, {1717, 2876},{0xCC, 0xEE, 0xFF, 0xFF}}},
	{{{-914, 6467, -6942},0, {1066, 1081},{0xCC, 0xEE, 0xFF, 0xFF}}},
	{{{3851, 6454, -7163},0, {1010, 3170},{0xCC, 0xEE, 0xFF, 0xFF}}},
	{{{4136, 6448, -7588},0, {826, 3298},{0xCC, 0xEE, 0xFF, 0xFF}}},
	{{{3858, 6454, -7987},0, {648, 3179},{0xCC, 0xEE, 0xFF, 0xFF}}},
	{{{3291, 6454, -9512},0, {-26, 2943},{0xCC, 0xEE, 0xFF, 0xFF}}},
	{{{3236, 6467, -9994},0, {-237, 2922},{0xCC, 0xEE, 0xFF, 0xFF}}},
	{{{1964, 6467, -10759},0, {-582, 2376},{0xCC, 0xEE, 0xFF, 0xFF}}},
	{{{692, 6467, -11525},0, {-926, 1830},{0xCC, 0xEE, 0xFF, 0xFF}}},
	{{{-2619, 6448, -11454},0, {-930, 374},{0xCC, 0xEE, 0xFF, 0xFF}}},
	{{{-3213, 6454, -10939},0, {-709, 109},{0xCC, 0xEE, 0xFF, 0xFF}}},
	{{{-3944, 6448, -10635},0, {-582, -215},{0xCC, 0xEE, 0xFF, 0xFF}}},
	{{{-4503, 6454, -10122},0, {-360, -464},{0xCC, 0xEE, 0xFF, 0xFF}}},
	{{{-4342, 6161, -11121},0, {-826, -403},{0xCC, 0xEE, 0xFF, 0xFF}}},
	{{{-3589, 6161, -11598},0, {-1030, -63},{0xCC, 0xEE, 0xFF, 0xFF}}},
	{{{-4742, 5785, -11608},0, {-1082, -601},{0xCC, 0xEE, 0xFF, 0xFF}}},
	{{{-5582, 5785, -11076},0, {-844, -981},{0xCC, 0xEE, 0xFF, 0xFF}}},
	{{{-4742, 5785, -11608},0, {-1082, -601},{0xCC, 0xEE, 0xFF, 0xFF}}},
	{{{-4342, 6161, -11121},0, {-826, -403},{0xCC, 0xEE, 0xFF, 0xFF}}},
	{{{-5096, 6161, -10644},0, {-618, -740},{0xCC, 0xEE, 0xFF, 0xFF}}},
	{{{-3944, 6448, -10635},0, {-582, -215},{0xCC, 0xEE, 0xFF, 0xFF}}},
	{{{-4503, 6454, -10122},0, {-360, -464},{0xCC, 0xEE, 0xFF, 0xFF}}},
	{{{-5826, 6161, -10166},0, {-408, -1067},{0xCC, 0xEE, 0xFF, 0xFF}}},
	{{{-5246, 6448, -9791},0, {-221, -793},{0xCC, 0xEE, 0xFF, 0xFF}}},
	{{{-914, 6467, -6942},0, {1066, 1081},{0xCC, 0xEE, 0xFF, 0xFF}}},
	{{{-5322, 6454, -9277},0, {4, -831},{0xCC, 0xEE, 0xFF, 0xFF}}},
	{{{-6048, 6161, -9664},0, {-187, -1172},{0xCC, 0xEE, 0xFF, 0xFF}}},
	{{{-6646, 5785, -9980},0, {-354, -1470},{0xCC, 0xEE, 0xFF, 0xFF}}},
	{{{-6880, 5785, -9390},0, {-94, -1582},{0xCC, 0xEE, 0xFF, 0xFF}}},
	{{{-6254, 6161, -9143},0, {42, -1269},{0xCC, 0xEE, 0xFF, 0xFF}}},
	{{{-5322, 6454, -9277},0, {4, -831},{0xCC, 0xEE, 0xFF, 0xFF}}},
	{{{-5636, 6448, -8880},0, {176, -972},{0xCC, 0xEE, 0xFF, 0xFF}}},
	{{{-5636, 6448, -8880},0, {176, -972},{0xCC, 0xEE, 0xFF, 0xFF}}},
	{{{-914, 6467, -6942},0, {1066, 1081},{0xCC, 0xEE, 0xFF, 0xFF}}},
	{{{-5804, 6454, -8061},0, {533, -1052},{0xCC, 0xEE, 0xFF, 0xFF}}},
	{{{-6239, 6448, -7308},0, {859, -1250},{0xCC, 0xEE, 0xFF, 0xFF}}},
	{{{-5671, 6448, -5666},0, {1583, -1016},{0xCC, 0xEE, 0xFF, 0xFF}}},
	{{{-5393, 6454, -5311},0, {1741, -897},{0xCC, 0xEE, 0xFF, 0xFF}}},
	{{{-5969, 6448, -6475},0, {1226, -1139},{0xCC, 0xEE, 0xFF, 0xFF}}},
	{{{-6297, 6161, -5498},0, {1663, -1320},{0xCC, 0xEE, 0xFF, 0xFF}}},
	{{{-6128, 6161, -5041},0, {1867, -1248},{0xCC, 0xEE, 0xFF, 0xFF}}},
	{{{-5393, 6454, -5311},0, {1741, -897},{0xCC, 0xEE, 0xFF, 0xFF}}},
	{{{-5955, 6161, -4596},0, {2065, -1174},{0xCC, 0xEE, 0xFF, 0xFF}}},
	{{{-5367, 6448, -4873},0, {1933, -890},{0xCC, 0xEE, 0xFF, 0xFF}}},
	{{{-5397, 6161, -4245},0, {2232, -933},{0xCC, 0xEE, 0xFF, 0xFF}}},
	{{{-6539, 5788, -4327},0, {2202, -1470},{0xCC, 0xEE, 0xFF, 0xFF}}},
	{{{-5916, 5796, -3929},0, {2395, -1199},{0xCC, 0xEE, 0xFF, 0xFF}}},
	{{{-4500, 6161, -3705},0, {2483, -541},{0xCC, 0xEE, 0xFF, 0xFF}}},
	{{{-4500, 6161, -3705},0, {2483, -541},{0xCC, 0xEE, 0xFF, 0xFF}}},
	{{{-5397, 6161, -4245},0, {2232, -933},{0xCC, 0xEE, 0xFF, 0xFF}}},
	{{{-4873, 6448, -4557},0, {2077, -677},{0xCC, 0xEE, 0xFF, 0xFF}}},
	{{{-5367, 6448, -4873},0, {1933, -890},{0xCC, 0xEE, 0xFF, 0xFF}}},
	{{{-5916, 5796, -3929},0, {2395, -1199},{0xCC, 0xEE, 0xFF, 0xFF}}},
	{{{-4909, 5792, -3323},0, {2682, -758},{0xCC, 0xEE, 0xFF, 0xFF}}},
	{{{-4116, 5790, -2847},0, {2903, -404},{0xCC, 0xEE, 0xFF, 0xFF}}},
	{{{-3787, 6161, -3277},0, {2679, -229},{0xCC, 0xEE, 0xFF, 0xFF}}},
	{{{-3316, 5801, -2393},0, {3118, -46},{0xCC, 0xEE, 0xFF, 0xFF}}},
	{{{-3067, 6161, -2860},0, {2869, 87},{0xCC, 0xEE, 0xFF, 0xFF}}},
	{{{-1813, 6161, -2869},0, {2887, 645},{0xCC, 0xEE, 0xFF, 0xFF}}},
	{{{-2818, 6448, -3342},0, {2629, 212},{0xCC, 0xEE, 0xFF, 0xFF}}},
	{{{-1709, 6448, -3343},0, {2640, 698},{0xCC, 0xEE, 0xFF, 0xFF}}},
	{{{-604, 6448, -3367},0, {2639, 1186},{0xCC, 0xEE, 0xFF, 0xFF}}},
	{{{-563, 6161, -2897},0, {2886, 1202},{0xCC, 0xEE, 0xFF, 0xFF}}},
	{{{62, 6161, -2911},0, {2882, 1481},{0xCC, 0xEE, 0xFF, 0xFF}}},
	{{{62, 6161, -2911},0, {2882, 1481},{0xCC, 0xEE, 0xFF, 0xFF}}},
	{{{-604, 6448, -3367},0, {2639, 1186},{0xCC, 0xEE, 0xFF, 0xFF}}},
	{{{-78, 6454, -3480},0, {2593, 1417},{0xCC, 0xEE, 0xFF, 0xFF}}},
	{{{669, 6161, -2930},0, {2875, 1751},{0xCC, 0xEE, 0xFF, 0xFF}}},
	{{{479, 6448, -3398},0, {2635, 1660},{0xCC, 0xEE, 0xFF, 0xFF}}},
	{{{892, 6448, -3640},0, {2533, 1844},{0xCC, 0xEE, 0xFF, 0xFF}}},
	{{{1345, 6454, -4050},0, {2356, 2046},{0xCC, 0xEE, 0xFF, 0xFF}}},
	{{{1713, 6161, -3575},0, {2600, 2223},{0xCC, 0xEE, 0xFF, 0xFF}}},
	{{{2314, 6161, -3955},0, {2437, 2493},{0xCC, 0xEE, 0xFF, 0xFF}}},
	{{{1936, 6448, -4301},0, {2252, 2309},{0xCC, 0xEE, 0xFF, 0xFF}}},
	{{{2737, 6448, -4808},0, {2034, 2664},{0xCC, 0xEE, 0xFF, 0xFF}}},
	{{{2846, 6454, -5004},0, {1948, 2713},{0xCC, 0xEE, 0xFF, 0xFF}}},
	{{{3465, 6161, -4684},0, {2116, 3006},{0xCC, 0xEE, 0xFF, 0xFF}}},
	{{{3698, 6161, -4847},0, {2043, 3110},{0xCC, 0xEE, 0xFF, 0xFF}}},
	{{{3161, 6448, -5095},0, {1911, 2852},{0xCC, 0xEE, 0xFF, 0xFF}}},
	{{{3887, 6161, -5306},0, {1841, 3199},{0xCC, 0xEE, 0xFF, 0xFF}}},
	{{{3887, 6161, -5306},0, {1841, 3199},{0xCC, 0xEE, 0xFF, 0xFF}}},
	{{{3161, 6448, -5095},0, {1911, 2852},{0xCC, 0xEE, 0xFF, 0xFF}}},
	{{{3210, 6454, -5539},0, {1717, 2876},{0xCC, 0xEE, 0xFF, 0xFF}}},
	{{{4074, 6161, -5779},0, {1633, 3287},{0xCC, 0xEE, 0xFF, 0xFF}}},
	{{{3494, 6448, -5914},0, {1555, 3004},{0xCC, 0xEE, 0xFF, 0xFF}}},
	{{{3825, 6448, -6751},0, {1190, 3156},{0xCC, 0xEE, 0xFF, 0xFF}}},
	{{{3851, 6454, -7163},0, {1010, 3170},{0xCC, 0xEE, 0xFF, 0xFF}}},
	{{{4635, 6161, -7199},0, {1005, 3544},{0xCC, 0xEE, 0xFF, 0xFF}}},
	{{{4807, 6161, -7672},0, {794, 3621},{0xCC, 0xEE, 0xFF, 0xFF}}},
	{{{4136, 6448, -7588},0, {826, 3298},{0xCC, 0xEE, 0xFF, 0xFF}}},
	{{{4643, 6161, -8159},0, {575, 3554},{0xCC, 0xEE, 0xFF, 0xFF}}},
	{{{3858, 6454, -7987},0, {648, 3179},{0xCC, 0xEE, 0xFF, 0xFF}}},
	{{{4464, 6161, -8643},0, {358, 3481},{0xCC, 0xEE, 0xFF, 0xFF}}},
	{{{3840, 6448, -8444},0, {448, 3176},{0xCC, 0xEE, 0xFF, 0xFF}}},
	{{{3577, 6448, -9157},0, {132, 3066},{0xCC, 0xEE, 0xFF, 0xFF}}},
	{{{3291, 6454, -9512},0, {-26, 2943},{0xCC, 0xEE, 0xFF, 0xFF}}},
	{{{3990, 6161, -9930},0, {-218, 3279},{0xCC, 0xEE, 0xFF, 0xFF}}},
	{{{3577, 6448, -9157},0, {132, 3066},{0xCC, 0xEE, 0xFF, 0xFF}}},
	{{{3291, 6454, -9512},0, {-26, 2943},{0xCC, 0xEE, 0xFF, 0xFF}}},
	{{{3758, 6161, -10433},0, {-443, 3178},{0xCC, 0xEE, 0xFF, 0xFF}}},
	{{{3236, 6467, -9994},0, {-237, 2922},{0xCC, 0xEE, 0xFF, 0xFF}}},
	{{{2362, 6161, -11288},0, {-834, 2573},{0xCC, 0xEE, 0xFF, 0xFF}}},
	{{{1964, 6467, -10759},0, {-582, 2376},{0xCC, 0xEE, 0xFF, 0xFF}}},
	{{{948, 6161, -12122},0, {-1216, 1960},{0xCC, 0xEE, 0xFF, 0xFF}}},
	{{{692, 6467, -11525},0, {-926, 1830},{0xCC, 0xEE, 0xFF, 0xFF}}},
	{{{-336, 6161, -12131},0, {-1239, 1389},{0xCC, 0xEE, 0xFF, 0xFF}}},
	{{{-403, 6448, -11528},0, {-943, 1350},{0xCC, 0xEE, 0xFF, 0xFF}}},
	{{{-1508, 6448, -11503},0, {-942, 863},{0xCC, 0xEE, 0xFF, 0xFF}}},
	{{{-2619, 6448, -11454},0, {-930, 374},{0xCC, 0xEE, 0xFF, 0xFF}}},
	{{{-2841, 6161, -12056},0, {-1225, 274},{0xCC, 0xEE, 0xFF, 0xFF}}},
	{{{-3589, 6161, -11598},0, {-1030, -63},{0xCC, 0xEE, 0xFF, 0xFF}}},
	{{{-3213, 6454, -10939},0, {-709, 109},{0xCC, 0xEE, 0xFF, 0xFF}}},
	{{{-3901, 5785, -12140},0, {-1311, -215},{0xCC, 0xEE, 0xFF, 0xFF}}},
	{{{-2841, 6161, -12056},0, {-1225, 274},{0xCC, 0xEE, 0xFF, 0xFF}}},
	{{{-3589, 6161, -11598},0, {-1030, -63},{0xCC, 0xEE, 0xFF, 0xFF}}},
	{{{-3069, 5785, -12641},0, {-1530, 168},{0xCC, 0xEE, 0xFF, 0xFF}}},
	{{{-1664, 5785, -12705},0, {-1551, 800},{0xCC, 0xEE, 0xFF, 0xFF}}},
	{{{-1586, 6161, -12103},0, {-1239, 833},{0xCC, 0xEE, 0xFF, 0xFF}}},
	{{{-269, 5785, -12736},0, {-1551, 1429},{0xCC, 0xEE, 0xFF, 0xFF}}},
	{{{-336, 6161, -12131},0, {-1239, 1389},{0xCC, 0xEE, 0xFF, 0xFF}}},
	{{{1136, 5856, -12793},0, {-1519, 2077},{0xCC, 0xEE, 0xFF, 0xFF}}},
	{{{948, 6161, -12122},0, {-1216, 1960},{0xCC, 0xEE, 0xFF, 0xFF}}},
	{{{2362, 6161, -11288},0, {-834, 2573},{0xCC, 0xEE, 0xFF, 0xFF}}},
	{{{2761, 5856, -11816},0, {-1086, 2770},{0xCC, 0xEE, 0xFF, 0xFF}}},
	{{{3758, 6161, -10433},0, {-443, 3178},{0xCC, 0xEE, 0xFF, 0xFF}}},
	{{{4385, 5856, -10839},0, {-642, 3454},{0xCC, 0xEE, 0xFF, 0xFF}}},
	{{{3990, 6161, -9930},0, {-218, 3279},{0xCC, 0xEE, 0xFF, 0xFF}}},
	{{{4561, 5727, -10278},0, {-388, 3570},{0xCC, 0xEE, 0xFF, 0xFF}}},
	{{{4561, 5727, -10278},0, {-388, 3570},{0xCC, 0xEE, 0xFF, 0xFF}}},
	{{{4168, 6161, -9447},0, {-2, 3356},{0xCC, 0xEE, 0xFF, 0xFF}}},
	{{{3990, 6161, -9930},0, {-218, 3279},{0xCC, 0xEE, 0xFF, 0xFF}}},
	{{{4759, 5758, -9741},0, {-144, 3660},{0xCC, 0xEE, 0xFF, 0xFF}}},
	{{{5091, 5759, -8841},0, {264, 3801},{0xCC, 0xEE, 0xFF, 0xFF}}},
	{{{4464, 6161, -8643},0, {358, 3481},{0xCC, 0xEE, 0xFF, 0xFF}}},
	{{{4643, 6161, -8159},0, {575, 3554},{0xCC, 0xEE, 0xFF, 0xFF}}},
	{{{5287, 5719, -8306},0, {511, 3883},{0xCC, 0xEE, 0xFF, 0xFF}}},
	{{{4807, 6161, -7672},0, {794, 3621},{0xCC, 0xEE, 0xFF, 0xFF}}},
	{{{5463, 5714, -7757},0, {761, 3957},{0xCC, 0xEE, 0xFF, 0xFF}}},
	{{{4635, 6161, -7199},0, {1005, 3544},{0xCC, 0xEE, 0xFF, 0xFF}}},
	{{{5278, 5729, -7221},0, {1001, 3872},{0xCC, 0xEE, 0xFF, 0xFF}}},
	{{{4448, 6161, -6726},0, {1215, 3460},{0xCC, 0xEE, 0xFF, 0xFF}}},
	{{{5072, 5784, -6697},0, {1241, 3779},{0xCC, 0xEE, 0xFF, 0xFF}}},
	{{{4657, 5784, -5647},0, {1715, 3584},{0xCC, 0xEE, 0xFF, 0xFF}}},
	{{{4074, 6161, -5779},0, {1633, 3287},{0xCC, 0xEE, 0xFF, 0xFF}}},
	{{{4657, 5784, -5647},0, {1715, 3584},{0xCC, 0xEE, 0xFF, 0xFF}}},
	{{{3887, 6161, -5306},0, {1841, 3199},{0xCC, 0xEE, 0xFF, 0xFF}}},
	{{{4074, 6161, -5779},0, {1633, 3287},{0xCC, 0xEE, 0xFF, 0xFF}}},
	{{{4449, 5729, -5124},0, {1950, 3482},{0xCC, 0xEE, 0xFF, 0xFF}}},
	{{{3698, 6161, -4847},0, {2043, 3110},{0xCC, 0xEE, 0xFF, 0xFF}}},
	{{{4234, 5717, -4613},0, {2179, 3380},{0xCC, 0xEE, 0xFF, 0xFF}}},
	{{{3465, 6161, -4684},0, {2116, 3006},{0xCC, 0xEE, 0xFF, 0xFF}}},
	{{{3972, 5726, -4420},0, {2264, 3264},{0xCC, 0xEE, 0xFF, 0xFF}}},
	{{{3221, 6161, -4530},0, {2185, 2898},{0xCC, 0xEE, 0xFF, 0xFF}}},
	{{{3697, 5769, -4245},0, {2344, 3142},{0xCC, 0xEE, 0xFF, 0xFF}}},
	{{{2690, 5769, -3607},0, {2633, 2685},{0xCC, 0xEE, 0xFF, 0xFF}}},
	{{{2314, 6161, -3955},0, {2437, 2493},{0xCC, 0xEE, 0xFF, 0xFF}}},
	{{{1713, 6161, -3575},0, {2600, 2223},{0xCC, 0xEE, 0xFF, 0xFF}}},
	{{{2027, 5726, -3187},0, {2817, 2379},{0xCC, 0xEE, 0xFF, 0xFF}}},
	{{{1123, 6161, -3201},0, {2761, 1957},{0xCC, 0xEE, 0xFF, 0xFF}}},
	{{{1373, 5718, -2773},0, {2998, 2078},{0xCC, 0xEE, 0xFF, 0xFF}}},
	{{{840, 5720, -2465},0, {3126, 1844},{0xCC, 0xEE, 0xFF, 0xFF}}},
	{{{1123, 6161, -3201},0, {2761, 1957},{0xCC, 0xEE, 0xFF, 0xFF}}},
	{{{1373, 5718, -2773},0, {2998, 2078},{0xCC, 0xEE, 0xFF, 0xFF}}},
	{{{669, 6161, -2930},0, {2875, 1751},{0xCC, 0xEE, 0xFF, 0xFF}}},
	{{{62, 6161, -2911},0, {2882, 1481},{0xCC, 0xEE, 0xFF, 0xFF}}},
	{{{165, 5738, -2441},0, {3137, 1536},{0xCC, 0xEE, 0xFF, 0xFF}}},
	{{{-563, 6161, -2897},0, {2886, 1202},{0xCC, 0xEE, 0xFF, 0xFF}}},
	{{{-527, 5805, -2425},0, {3145, 1219},{0xCC, 0xEE, 0xFF, 0xFF}}},
	{{{-1916, 5835, -2394},0, {3145, 589},{0xCC, 0xEE, 0xFF, 0xFF}}},
	{{{-1813, 6161, -2869},0, {2887, 645},{0xCC, 0xEE, 0xFF, 0xFF}}},
	{{{-3316, 5801, -2393},0, {3118, -46},{0xCC, 0xEE, 0xFF, 0xFF}}},
	{{{-1709, 6448, -3343},0, {2640, 698},{0xCC, 0xEE, 0xFF, 0xFF}}},
	{{{-4742, 5785, -11608},0, {-1082, -601},{0xCC, 0xEE, 0xFF, 0xFF}}},
	{{{-3901, 5785, -12140},0, {-1311, -215},{0xCC, 0xEE, 0xFF, 0xFF}}},
	{{{-3589, 6161, -11598},0, {-1030, -63},{0xCC, 0xEE, 0xFF, 0xFF}}},
	{{{4168, 6161, -9447},0, {-2, 3356},{0xCC, 0xEE, 0xFF, 0xFF}}},
	{{{4464, 6161, -8643},0, {358, 3481},{0xCC, 0xEE, 0xFF, 0xFF}}},
	{{{3840, 6448, -8444},0, {448, 3176},{0xCC, 0xEE, 0xFF, 0xFF}}},
	{{{3577, 6448, -9157},0, {132, 3066},{0xCC, 0xEE, 0xFF, 0xFF}}},
	{{{3990, 6161, -9930},0, {-218, 3279},{0xCC, 0xEE, 0xFF, 0xFF}}},
	{{{3221, 6161, -4530},0, {2185, 2898},{0xCC, 0xEE, 0xFF, 0xFF}}},
	{{{2314, 6161, -3955},0, {2437, 2493},{0xCC, 0xEE, 0xFF, 0xFF}}},
	{{{1936, 6448, -4301},0, {2252, 2309},{0xCC, 0xEE, 0xFF, 0xFF}}},
	{{{2737, 6448, -4808},0, {2034, 2664},{0xCC, 0xEE, 0xFF, 0xFF}}},
	{{{3465, 6161, -4684},0, {2116, 3006},{0xCC, 0xEE, 0xFF, 0xFF}}},
	{{{4448, 6161, -6726},0, {1215, 3460},{0xCC, 0xEE, 0xFF, 0xFF}}},
	{{{4074, 6161, -5779},0, {1633, 3287},{0xCC, 0xEE, 0xFF, 0xFF}}},
	{{{3494, 6448, -5914},0, {1555, 3004},{0xCC, 0xEE, 0xFF, 0xFF}}},
	{{{3825, 6448, -6751},0, {1190, 3156},{0xCC, 0xEE, 0xFF, 0xFF}}},
	{{{4635, 6161, -7199},0, {1005, 3544},{0xCC, 0xEE, 0xFF, 0xFF}}},
	{{{-1586, 6161, -12103},0, {-1239, 833},{0xCC, 0xEE, 0xFF, 0xFF}}},
	{{{-336, 6161, -12131},0, {-1239, 1389},{0xCC, 0xEE, 0xFF, 0xFF}}},
	{{{-403, 6448, -11528},0, {-943, 1350},{0xCC, 0xEE, 0xFF, 0xFF}}},
	{{{-1508, 6448, -11503},0, {-942, 863},{0xCC, 0xEE, 0xFF, 0xFF}}},
	{{{-2841, 6161, -12056},0, {-1225, 274},{0xCC, 0xEE, 0xFF, 0xFF}}},
	{{{1713, 6161, -3575},0, {2600, 2223},{0xCC, 0xEE, 0xFF, 0xFF}}},
	{{{1123, 6161, -3201},0, {2761, 1957},{0xCC, 0xEE, 0xFF, 0xFF}}},
	{{{892, 6448, -3640},0, {2533, 1844},{0xCC, 0xEE, 0xFF, 0xFF}}},
	{{{479, 6448, -3398},0, {2635, 1660},{0xCC, 0xEE, 0xFF, 0xFF}}},
	{{{669, 6161, -2930},0, {2875, 1751},{0xCC, 0xEE, 0xFF, 0xFF}}},
	{{{-6385, 5785, -10541},0, {-604, -1350},{0xCC, 0xEE, 0xFF, 0xFF}}},
	{{{-5582, 5785, -11076},0, {-844, -981},{0xCC, 0xEE, 0xFF, 0xFF}}},
	{{{-5096, 6161, -10644},0, {-618, -740},{0xCC, 0xEE, 0xFF, 0xFF}}},
	{{{-5826, 6161, -10166},0, {-408, -1067},{0xCC, 0xEE, 0xFF, 0xFF}}},
	{{{-6646, 5785, -9980},0, {-354, -1470},{0xCC, 0xEE, 0xFF, 0xFF}}},
	{{{-6539, 5788, -4327},0, {2202, -1470},{0xCC, 0xEE, 0xFF, 0xFF}}},
	{{{-6128, 6161, -5041},0, {1867, -1248},{0xCC, 0xEE, 0xFF, 0xFF}}},
	{{{-5955, 6161, -4596},0, {2065, -1174},{0xCC, 0xEE, 0xFF, 0xFF}}},
	{{{-6734, 5777, -4817},0, {1977, -1555},{0xCC, 0xEE, 0xFF, 0xFF}}},
	{{{-6297, 6161, -5498},0, {1663, -1320},{0xCC, 0xEE, 0xFF, 0xFF}}},
	{{{-6924, 5781, -5329},0, {1746, -1638},{0xCC, 0xEE, 0xFF, 0xFF}}},
	{{{-6634, 6161, -6413},0, {1254, -1461},{0xCC, 0xEE, 0xFF, 0xFF}}},
	{{{-7301, 5785, -6352},0, {1284, -1797},{0xCC, 0xEE, 0xFF, 0xFF}}},
	{{{-6949, 6161, -7347},0, {835, -1588},{0xCC, 0xEE, 0xFF, 0xFF}}},
	{{{-7640, 5785, -7405},0, {807, -1938},{0xCC, 0xEE, 0xFF, 0xFF}}},
	{{{-6609, 6161, -8244},0, {439, -1432},{0xCC, 0xEE, 0xFF, 0xFF}}},
	{{{-7272, 5785, -8396},0, {357, -1764},{0xCC, 0xEE, 0xFF, 0xFF}}},
	{{{-6254, 6161, -9143},0, {42, -1269},{0xCC, 0xEE, 0xFF, 0xFF}}},
	{{{-6880, 5785, -9390},0, {-94, -1582},{0xCC, 0xEE, 0xFF, 0xFF}}},
	{{{-5636, 6448, -8880},0, {176, -972},{0xCC, 0xEE, 0xFF, 0xFF}}},
	{{{-5804, 6454, -8061},0, {533, -1052},{0xCC, 0xEE, 0xFF, 0xFF}}},
	{{{-6949, 6161, -7347},0, {835, -1588},{0xCC, 0xEE, 0xFF, 0xFF}}},
	{{{-5804, 6454, -8061},0, {533, -1052},{0xCC, 0xEE, 0xFF, 0xFF}}},
	{{{-6239, 6448, -7308},0, {859, -1250},{0xCC, 0xEE, 0xFF, 0xFF}}},
	{{{-6634, 6161, -6413},0, {1254, -1461},{0xCC, 0xEE, 0xFF, 0xFF}}},
	{{{-5969, 6448, -6475},0, {1226, -1139},{0xCC, 0xEE, 0xFF, 0xFF}}},
	{{{-6297, 6161, -5498},0, {1663, -1320},{0xCC, 0xEE, 0xFF, 0xFF}}},
};

Gfx ccm_dl_level_008_mesh_layer_1_tri_12[] = {
	gsSPVertex(ccm_dl_level_008_mesh_layer_1_vtx_12 + 0, 16, 0),
	gsSP1Triangle(0, 1, 2, 0),
	gsSP1Triangle(3, 0, 2, 0),
	gsSP1Triangle(2, 4, 3, 0),
	gsSP1Triangle(5, 4, 2, 0),
	gsSP1Triangle(6, 5, 2, 0),
	gsSP1Triangle(6, 2, 7, 0),
	gsSP1Triangle(8, 6, 7, 0),
	gsSP1Triangle(8, 7, 9, 0),
	gsSP1Triangle(9, 7, 0, 0),
	gsSP1Triangle(9, 0, 10, 0),
	gsSP1Triangle(0, 11, 10, 0),
	gsSP1Triangle(11, 0, 12, 0),
	gsSP1Triangle(12, 0, 13, 0),
	gsSP1Triangle(14, 13, 0, 0),
	gsSP1Triangle(14, 0, 15, 0),
	gsSPVertex(ccm_dl_level_008_mesh_layer_1_vtx_12 + 16, 16, 0),
	gsSP1Triangle(0, 1, 2, 0),
	gsSP1Triangle(3, 2, 1, 0),
	gsSP1Triangle(3, 1, 4, 0),
	gsSP1Triangle(4, 1, 5, 0),
	gsSP1Triangle(6, 5, 1, 0),
	gsSP1Triangle(6, 1, 7, 0),
	gsSP1Triangle(8, 7, 1, 0),
	gsSP1Triangle(8, 1, 9, 0),
	gsSP1Triangle(1, 10, 9, 0),
	gsSP1Triangle(11, 10, 1, 0),
	gsSP1Triangle(11, 1, 12, 0),
	gsSP1Triangle(13, 10, 11, 0),
	gsSP1Triangle(13, 14, 10, 0),
	gsSP1Triangle(15, 14, 13, 0),
	gsSPVertex(ccm_dl_level_008_mesh_layer_1_vtx_12 + 32, 16, 0),
	gsSP1Triangle(0, 1, 2, 0),
	gsSP1Triangle(0, 2, 3, 0),
	gsSP1Triangle(3, 2, 4, 0),
	gsSP1Triangle(3, 4, 5, 0),
	gsSP1Triangle(6, 3, 5, 0),
	gsSP1Triangle(6, 5, 7, 0),
	gsSP1Triangle(7, 5, 8, 0),
	gsSP1Triangle(7, 8, 9, 0),
	gsSP1Triangle(10, 6, 7, 0),
	gsSP1Triangle(11, 6, 10, 0),
	gsSP1Triangle(12, 11, 10, 0),
	gsSP1Triangle(12, 10, 13, 0),
	gsSP1Triangle(13, 10, 14, 0),
	gsSP1Triangle(10, 7, 14, 0),
	gsSP1Triangle(13, 14, 15, 0),
	gsSP1Triangle(15, 14, 8, 0),
	gsSPVertex(ccm_dl_level_008_mesh_layer_1_vtx_12 + 48, 16, 0),
	gsSP1Triangle(0, 1, 2, 0),
	gsSP1Triangle(3, 2, 1, 0),
	gsSP1Triangle(3, 1, 4, 0),
	gsSP1Triangle(1, 5, 4, 0),
	gsSP1Triangle(4, 6, 3, 0),
	gsSP1Triangle(7, 6, 4, 0),
	gsSP1Triangle(8, 7, 4, 0),
	gsSP1Triangle(8, 4, 9, 0),
	gsSP1Triangle(10, 8, 9, 0),
	gsSP1Triangle(10, 9, 11, 0),
	gsSP1Triangle(11, 9, 1, 0),
	gsSP1Triangle(12, 10, 11, 0),
	gsSP1Triangle(13, 10, 12, 0),
	gsSP1Triangle(13, 12, 14, 0),
	gsSP1Triangle(14, 12, 15, 0),
	gsSPVertex(ccm_dl_level_008_mesh_layer_1_vtx_12 + 64, 16, 0),
	gsSP1Triangle(0, 1, 2, 0),
	gsSP1Triangle(1, 3, 2, 0),
	gsSP1Triangle(4, 0, 5, 0),
	gsSP1Triangle(6, 5, 0, 0),
	gsSP1Triangle(6, 0, 7, 0),
	gsSP1Triangle(8, 6, 7, 0),
	gsSP1Triangle(8, 7, 9, 0),
	gsSP1Triangle(8, 9, 10, 0),
	gsSP1Triangle(10, 9, 11, 0),
	gsSP1Triangle(10, 11, 12, 0),
	gsSP1Triangle(13, 12, 11, 0),
	gsSP1Triangle(14, 12, 13, 0),
	gsSP1Triangle(15, 14, 13, 0),
	gsSPVertex(ccm_dl_level_008_mesh_layer_1_vtx_12 + 80, 16, 0),
	gsSP1Triangle(0, 1, 2, 0),
	gsSP1Triangle(3, 0, 2, 0),
	gsSP1Triangle(3, 2, 4, 0),
	gsSP1Triangle(5, 4, 2, 0),
	gsSP1Triangle(2, 6, 5, 0),
	gsSP1Triangle(7, 5, 6, 0),
	gsSP1Triangle(8, 7, 6, 0),
	gsSP1Triangle(8, 6, 9, 0),
	gsSP1Triangle(10, 9, 6, 0),
	gsSP1Triangle(6, 11, 10, 0),
	gsSP1Triangle(12, 10, 11, 0),
	gsSP1Triangle(13, 12, 11, 0),
	gsSP1Triangle(13, 11, 14, 0),
	gsSP1Triangle(15, 13, 14, 0),
	gsSPVertex(ccm_dl_level_008_mesh_layer_1_vtx_12 + 96, 16, 0),
	gsSP1Triangle(0, 1, 2, 0),
	gsSP1Triangle(3, 0, 2, 0),
	gsSP1Triangle(3, 2, 4, 0),
	gsSP1Triangle(5, 4, 2, 0),
	gsSP1Triangle(2, 6, 5, 0),
	gsSP1Triangle(7, 5, 6, 0),
	gsSP1Triangle(8, 7, 6, 0),
	gsSP1Triangle(8, 6, 9, 0),
	gsSP1Triangle(10, 8, 9, 0),
	gsSP1Triangle(10, 9, 11, 0),
	gsSP1Triangle(12, 10, 11, 0),
	gsSP1Triangle(12, 11, 13, 0),
	gsSP1Triangle(14, 13, 11, 0),
	gsSP1Triangle(11, 15, 14, 0),
	gsSPVertex(ccm_dl_level_008_mesh_layer_1_vtx_12 + 112, 16, 0),
	gsSP1Triangle(0, 1, 2, 0),
	gsSP1Triangle(3, 0, 2, 0),
	gsSP1Triangle(3, 2, 4, 0),
	gsSP1Triangle(5, 3, 4, 0),
	gsSP1Triangle(5, 4, 6, 0),
	gsSP1Triangle(7, 5, 6, 0),
	gsSP1Triangle(7, 6, 8, 0),
	gsSP1Triangle(9, 7, 8, 0),
	gsSP1Triangle(9, 8, 10, 0),
	gsSP1Triangle(11, 10, 8, 0),
	gsSP1Triangle(12, 11, 8, 0),
	gsSP1Triangle(13, 11, 12, 0),
	gsSP1Triangle(14, 13, 12, 0),
	gsSP1Triangle(14, 12, 15, 0),
	gsSPVertex(ccm_dl_level_008_mesh_layer_1_vtx_12 + 128, 16, 0),
	gsSP1Triangle(0, 1, 2, 0),
	gsSP1Triangle(0, 3, 1, 0),
	gsSP1Triangle(4, 1, 3, 0),
	gsSP1Triangle(4, 5, 1, 0),
	gsSP1Triangle(6, 5, 4, 0),
	gsSP1Triangle(6, 7, 5, 0),
	gsSP1Triangle(8, 7, 6, 0),
	gsSP1Triangle(8, 9, 7, 0),
	gsSP1Triangle(8, 10, 9, 0),
	gsSP1Triangle(8, 11, 10, 0),
	gsSP1Triangle(11, 12, 10, 0),
	gsSP1Triangle(11, 13, 12, 0),
	gsSP1Triangle(13, 14, 12, 0),
	gsSP1Triangle(13, 15, 14, 0),
	gsSPVertex(ccm_dl_level_008_mesh_layer_1_vtx_12 + 144, 16, 0),
	gsSP1Triangle(0, 1, 2, 0),
	gsSP1Triangle(0, 3, 1, 0),
	gsSP1Triangle(4, 1, 3, 0),
	gsSP1Triangle(4, 5, 1, 0),
	gsSP1Triangle(4, 6, 5, 0),
	gsSP1Triangle(4, 7, 6, 0),
	gsSP1Triangle(7, 8, 6, 0),
	gsSP1Triangle(7, 9, 8, 0),
	gsSP1Triangle(9, 10, 8, 0),
	gsSP1Triangle(9, 11, 10, 0),
	gsSP1Triangle(11, 12, 10, 0),
	gsSP1Triangle(11, 13, 12, 0),
	gsSP1Triangle(14, 12, 13, 0),
	gsSP1Triangle(14, 15, 12, 0),
	gsSPVertex(ccm_dl_level_008_mesh_layer_1_vtx_12 + 160, 16, 0),
	gsSP1Triangle(0, 1, 2, 0),
	gsSP1Triangle(0, 3, 1, 0),
	gsSP1Triangle(3, 4, 1, 0),
	gsSP1Triangle(3, 5, 4, 0),
	gsSP1Triangle(5, 6, 4, 0),
	gsSP1Triangle(5, 7, 6, 0),
	gsSP1Triangle(7, 8, 6, 0),
	gsSP1Triangle(7, 9, 8, 0),
	gsSP1Triangle(10, 8, 9, 0),
	gsSP1Triangle(10, 11, 8, 0),
	gsSP1Triangle(10, 12, 11, 0),
	gsSP1Triangle(10, 13, 12, 0),
	gsSP1Triangle(13, 14, 12, 0),
	gsSP1Triangle(13, 15, 14, 0),
	gsSPVertex(ccm_dl_level_008_mesh_layer_1_vtx_12 + 176, 15, 0),
	gsSP1Triangle(0, 1, 2, 0),
	gsSP1Triangle(0, 3, 1, 0),
	gsSP1Triangle(0, 4, 3, 0),
	gsSP1Triangle(0, 5, 4, 0),
	gsSP1Triangle(5, 6, 4, 0),
	gsSP1Triangle(5, 7, 6, 0),
	gsSP1Triangle(8, 6, 7, 0),
	gsSP1Triangle(8, 9, 6, 0),
	gsSP1Triangle(10, 9, 8, 0),
	gsSP1Triangle(6, 9, 11, 0),
	gsSP1Triangle(12, 13, 14, 0),
	gsSPVertex(ccm_dl_level_008_mesh_layer_1_vtx_12 + 191, 15, 0),
	gsSP1Triangle(0, 1, 2, 0),
	gsSP1Triangle(0, 2, 3, 0),
	gsSP1Triangle(4, 0, 3, 0),
	gsSP1Triangle(5, 6, 7, 0),
	gsSP1Triangle(5, 7, 8, 0),
	gsSP1Triangle(9, 5, 8, 0),
	gsSP1Triangle(10, 11, 12, 0),
	gsSP1Triangle(10, 12, 13, 0),
	gsSP1Triangle(14, 10, 13, 0),
	gsSPVertex(ccm_dl_level_008_mesh_layer_1_vtx_12 + 206, 15, 0),
	gsSP1Triangle(0, 1, 2, 0),
	gsSP1Triangle(0, 2, 3, 0),
	gsSP1Triangle(4, 0, 3, 0),
	gsSP1Triangle(5, 6, 7, 0),
	gsSP1Triangle(6, 8, 7, 0),
	gsSP1Triangle(6, 9, 8, 0),
	gsSP1Triangle(10, 11, 12, 0),
	gsSP1Triangle(10, 12, 13, 0),
	gsSP1Triangle(14, 10, 13, 0),
	gsSPVertex(ccm_dl_level_008_mesh_layer_1_vtx_12 + 221, 16, 0),
	gsSP1Triangle(0, 1, 2, 0),
	gsSP1Triangle(0, 3, 1, 0),
	gsSP1Triangle(3, 4, 1, 0),
	gsSP1Triangle(3, 5, 4, 0),
	gsSP1Triangle(5, 6, 4, 0),
	gsSP1Triangle(5, 7, 6, 0),
	gsSP1Triangle(7, 8, 6, 0),
	gsSP1Triangle(7, 9, 8, 0),
	gsSP1Triangle(9, 10, 8, 0),
	gsSP1Triangle(9, 11, 10, 0),
	gsSP1Triangle(11, 12, 10, 0),
	gsSP1Triangle(11, 13, 12, 0),
	gsSP1Triangle(10, 12, 14, 0),
	gsSP1Triangle(10, 14, 15, 0),
	gsSP1Triangle(8, 10, 15, 0),
	gsSPVertex(ccm_dl_level_008_mesh_layer_1_vtx_12 + 237, 6, 0),
	gsSP1Triangle(0, 1, 2, 0),
	gsSP1Triangle(3, 0, 2, 0),
	gsSP1Triangle(3, 2, 4, 0),
	gsSP1Triangle(5, 3, 4, 0),
	gsSPEndDisplayList(),
};

Vtx ccm_dl_level_008_mesh_layer_5_vtx_0[31] = {
	{{{9043, -3500, 12702},0, {-10218, 3334},{0xCC, 0xEE, 0xFF, 0x0}}},
	{{{15916, -3419, 12702},0, {-15002, 5151},{0xCC, 0xEE, 0xFF, 0x0}}},
	{{{13631, -2973, 9186},0, {-12530, 6953},{0xCC, 0xEE, 0xFF, 0xFF}}},
	{{{7638, -3051, 9187},0, {-8318, 5390},{0xCC, 0xEE, 0xFF, 0xFF}}},
	{{{6503, -3500, 12702},0, {-8495, 2651},{0xCC, 0xEE, 0xFF, 0x0}}},
	{{{5305, -3038, 9200},0, {-6714, 4759},{0xCC, 0xEE, 0xFF, 0xFF}}},
	{{{5300, -3500, 12702},0, {-7674, 2316},{0xCC, 0xEE, 0xFF, 0x0}}},
	{{{3972, -2986, 9587},0, {-5907, 4126},{0xCC, 0xEE, 0xFF, 0xFF}}},
	{{{2697, -2900, 9584},0, {-5032, 3780},{0xCC, 0xEE, 0xFF, 0xFF}}},
	{{{4068, -3500, 12702},0, {-6830, 1971},{0xCC, 0xEE, 0xFF, 0x0}}},
	{{{661, -3500, 12702},0, {-4458, 1002},{0xCC, 0xEE, 0xFF, 0x0}}},
	{{{35, -2838, 9683},0, {-3213, 3000},{0x96, 0xB9, 0xFF, 0xFF}}},
	{{{-1744, -3500, 12702},0, {-2725, 339},{0xCC, 0xEE, 0xFF, 0x0}}},
	{{{-1891, -2833, 9667},0, {-1860, 2522},{0x96, 0xB9, 0xFF, 0xFF}}},
	{{{-3145, -3500, 12702},0, {-1697, -24},{0xCC, 0xEE, 0xFF, 0x0}}},
	{{{-3714, -2878, 9525},0, {-550, 2168},{0x9F, 0xC1, 0xFF, 0xFF}}},
	{{{-5656, -3500, 12702},0, {178, -651},{0xCC, 0xEE, 0xFF, 0x0}}},
	{{{-3145, -3500, 12702},0, {-1697, -24},{0xCC, 0xEE, 0xFF, 0x0}}},
	{{{-3714, -2878, 9525},0, {-550, 2168},{0x9F, 0xC1, 0xFF, 0xFF}}},
	{{{-5141, -2470, 9192},0, {638, 2158},{0xCC, 0xEE, 0xFF, 0xFF}}},
	{{{-17576, -2758, 9186},0, {10113, -583},{0xCC, 0xEE, 0xFF, 0xFF}}},
	{{{-19878, -3195, 12702},0, {11095, -3809},{0xCC, 0xEE, 0xFF, 0x0}}},
	{{{-17542, -3500, 12702},0, {9254, -3274},{0xCC, 0xEE, 0xFF, 0x0}}},
	{{{-15539, -3051, 9186},0, {8511, -118},{0xCC, 0xEE, 0xFF, 0xFF}}},
	{{{-15138, -3500, 12702},0, {7414, -2738},{0xCC, 0xEE, 0xFF, 0x0}}},
	{{{-13443, -3034, 9186},0, {6909, 349},{0xCC, 0xEE, 0xFF, 0xFF}}},
	{{{-12597, -3500, 12702},0, {5474, -2173},{0xCC, 0xEE, 0xFF, 0x0}}},
	{{{-11228, -2477, 9186},0, {5189, 894},{0xCC, 0xEE, 0xFF, 0xFF}}},
	{{{-9126, -3500, 12702},0, {2825, -1413},{0xCC, 0xEE, 0xFF, 0x0}}},
	{{{-8205, -2461, 9194},0, {2927, 1521},{0xCC, 0xEE, 0xFF, 0xFF}}},
	{{{-5656, -3500, 12702},0, {178, -651},{0xCC, 0xEE, 0xFF, 0x0}}},
};

Gfx ccm_dl_level_008_mesh_layer_5_tri_0[] = {
	gsSPVertex(ccm_dl_level_008_mesh_layer_5_vtx_0 + 0, 16, 0),
	gsSP1Triangle(0, 1, 2, 0),
	gsSP1Triangle(0, 2, 3, 0),
	gsSP1Triangle(4, 0, 3, 0),
	gsSP1Triangle(4, 3, 5, 0),
	gsSP1Triangle(5, 6, 4, 0),
	gsSP1Triangle(5, 7, 6, 0),
	gsSP1Triangle(6, 7, 8, 0),
	gsSP1Triangle(6, 8, 9, 0),
	gsSP1Triangle(10, 9, 8, 0),
	gsSP1Triangle(10, 8, 11, 0),
	gsSP1Triangle(12, 10, 11, 0),
	gsSP1Triangle(12, 11, 13, 0),
	gsSP1Triangle(14, 12, 13, 0),
	gsSP1Triangle(14, 13, 15, 0),
	gsSPVertex(ccm_dl_level_008_mesh_layer_5_vtx_0 + 16, 15, 0),
	gsSP1Triangle(0, 1, 2, 0),
	gsSP1Triangle(0, 2, 3, 0),
	gsSP1Triangle(4, 5, 6, 0),
	gsSP1Triangle(4, 6, 7, 0),
	gsSP1Triangle(7, 6, 8, 0),
	gsSP1Triangle(7, 8, 9, 0),
	gsSP1Triangle(9, 8, 10, 0),
	gsSP1Triangle(9, 10, 11, 0),
	gsSP1Triangle(11, 10, 12, 0),
	gsSP1Triangle(11, 12, 13, 0),
	gsSP1Triangle(13, 12, 14, 0),
	gsSP1Triangle(13, 14, 3, 0),
	gsSPEndDisplayList(),
};

Vtx ccm_dl_level_008_mesh_layer_5_vtx_1[18] = {
	{{{-17635, 2115, 9186},0, {-1115, -5936},{0xCC, 0xEE, 0xFF, 0xFF}}},
	{{{-19878, -3195, 12702},0, {-5249, -9090},{0xCC, 0xEE, 0xFF, 0x0}}},
	{{{-17576, -2758, 9186},0, {-4943, -5969},{0xCC, 0xEE, 0xFF, 0xFF}}},
	{{{-19898, 1650, 12629},0, {-1268, -9056},{0xCC, 0xEE, 0xFF, 0x0}}},
	{{{-17635, 7281, 9186},0, {2713, -5904},{0xCC, 0xEE, 0xFF, 0xFF}}},
	{{{-19567, 5488, 12125},0, {2713, -9022},{0xCC, 0xEE, 0xFF, 0x0}}},
	{{{15916, -3419, 12702},0, {15300, -9581},{0xCC, 0xEE, 0xFF, 0x0}}},
	{{{13809, -1630, 9186},0, {13063, -6065},{0xCC, 0xEE, 0xFF, 0xFF}}},
	{{{13631, -2973, 9186},0, {14335, -5876},{0xCC, 0xEE, 0xFF, 0xFF}}},
	{{{16120, -2017, 12702},0, {13972, -9780},{0xCC, 0xEE, 0xFF, 0x0}}},
	{{{16120, -206, 12702},0, {12351, -10021},{0xCC, 0xEE, 0xFF, 0x0}}},
	{{{13809, 104, 9186},0, {11512, -6296},{0xCC, 0xEE, 0xFF, 0xFF}}},
	{{{16120, 4320, 12702},0, {8297, -10624},{0xCC, 0xEE, 0xFF, 0x0}}},
	{{{13809, 4442, 9186},0, {7629, -6873},{0xCC, 0xEE, 0xFF, 0xFF}}},
	{{{15741, 6843, 12125},0, {5692, -11009},{0xCC, 0xEE, 0xFF, 0x0}}},
	{{{13809, 7266, 9186},0, {5102, -7249},{0xCC, 0xEE, 0xFF, 0xFF}}},
	{{{13809, 4442, 9186},0, {7629, -6873},{0xCC, 0xEE, 0xFF, 0xFF}}},
	{{{16120, 4320, 12702},0, {8297, -10624},{0xCC, 0xEE, 0xFF, 0x0}}},
};

Gfx ccm_dl_level_008_mesh_layer_5_tri_1[] = {
	gsSPVertex(ccm_dl_level_008_mesh_layer_5_vtx_1 + 0, 14, 0),
	gsSP1Triangle(0, 1, 2, 0),
	gsSP1Triangle(0, 3, 1, 0),
	gsSP1Triangle(4, 3, 0, 0),
	gsSP1Triangle(4, 5, 3, 0),
	gsSP1Triangle(6, 7, 8, 0),
	gsSP1Triangle(6, 9, 7, 0),
	gsSP1Triangle(7, 9, 10, 0),
	gsSP1Triangle(7, 10, 11, 0),
	gsSP1Triangle(12, 11, 10, 0),
	gsSP1Triangle(12, 13, 11, 0),
	gsSPVertex(ccm_dl_level_008_mesh_layer_5_vtx_1 + 14, 4, 0),
	gsSP1Triangle(0, 1, 2, 0),
	gsSP1Triangle(0, 2, 3, 0),
	gsSPEndDisplayList(),
};

Gfx mat_ccm_dl_ice_inner_wall[] = {
	gsDPPipeSync(),
	gsDPSetCombineLERP(TEXEL0, PRIMITIVE, TEXEL1_ALPHA, PRIMITIVE, 0, 0, 0, ENVIRONMENT, COMBINED, TEXEL1, SHADE, TEXEL1, 0, 0, 0, COMBINED),
	gsSPClearGeometryMode(G_LIGHTING),
	gsDPSetCycleType(G_CYC_2CYCLE),
	gsSPTexture(65535, 65535, 0, 0, 1),
	gsDPSetTextureLUT(G_TT_RGBA16),
	gsDPSetTextureImage(G_IM_FMT_RGBA, G_IM_SIZ_16b, 1, ccm_dl_DRA_O_K_ROOF_ci4_pal_rgba16),
	gsDPTileSync(),
	gsDPSetTile(0, 0, 0, 256, 7, 0, G_TX_WRAP | G_TX_NOMIRROR, 0, 0, G_TX_WRAP | G_TX_NOMIRROR, 0, 0),
	gsDPLoadSync(),
	gsDPLoadTLUTCmd(7, 15),
	gsDPPipeSync(),
	gsDPTileSync(),
	gsDPSetTextureImage(G_IM_FMT_CI, G_IM_SIZ_16b, 1, ccm_dl_DRA_O_K_ROOF_ci4),
	gsDPSetTile(G_IM_FMT_CI, G_IM_SIZ_16b, 0, 0, 7, 0, G_TX_WRAP | G_TX_NOMIRROR, 6, 0, G_TX_WRAP | G_TX_NOMIRROR, 6, 0),
	gsDPLoadSync(),
	gsDPLoadBlock(7, 0, 0, 1023, 512),
	gsDPPipeSync(),
	gsDPSetTile(G_IM_FMT_CI, G_IM_SIZ_4b, 4, 0, 0, 0, G_TX_WRAP | G_TX_NOMIRROR, 6, 0, G_TX_WRAP | G_TX_NOMIRROR, 6, 0),
	gsDPSetTileSize(0, 0, 0, 252, 252),
	gsDPTileSync(),
	gsDPSetTextureImage(G_IM_FMT_IA, G_IM_SIZ_8b_LOAD_BLOCK, 1, ccm_dl_DRA_A_AA_SPLASH02_ia8),
	gsDPSetTile(G_IM_FMT_IA, G_IM_SIZ_8b_LOAD_BLOCK, 0, 256, 6, 0, G_TX_WRAP | G_TX_NOMIRROR, 5, 2, G_TX_WRAP | G_TX_NOMIRROR, 5, 2),
	gsDPLoadSync(),
	gsDPLoadBlock(6, 0, 0, 511, 512),
	gsDPPipeSync(),
	gsDPSetTile(G_IM_FMT_IA, G_IM_SIZ_8b, 4, 256, 1, 0, G_TX_WRAP | G_TX_NOMIRROR, 5, 2, G_TX_WRAP | G_TX_NOMIRROR, 5, 2),
	gsDPSetTileSize(1, 0, 0, 124, 124),
	gsDPSetPrimColor(0, 0, 128, 151, 172, 255),
	gsSPSetLights1(ccm_dl_ice_inner_wall_lights),
	gsSPEndDisplayList(),
};

Gfx mat_revert_ccm_dl_ice_inner_wall[] = {
	gsDPPipeSync(),
	gsSPSetGeometryMode(G_LIGHTING),
	gsDPSetCycleType(G_CYC_1CYCLE),
	gsDPSetTextureLUT(G_TT_NONE),
	gsSPEndDisplayList(),
};

Gfx mat_ccm_dl_ice_xlu[] = {
	gsDPPipeSync(),
	gsDPSetCombineLERP(TEXEL0, 0, SHADE, 0, 0, 0, 0, SHADE, TEXEL0, 0, SHADE, 0, 0, 0, 0, SHADE),
	gsSPClearGeometryMode(G_LIGHTING),
	gsSPTexture(65535, 65535, 0, 0, 1),
	gsDPSetTextureLUT(G_TT_RGBA16),
	gsDPSetTextureImage(G_IM_FMT_RGBA, G_IM_SIZ_16b, 1, ccm_dl_ice_test_ci4_pal_rgba16),
	gsDPTileSync(),
	gsDPSetTile(0, 0, 0, 256, 7, 0, G_TX_WRAP | G_TX_NOMIRROR, 0, 0, G_TX_WRAP | G_TX_NOMIRROR, 0, 0),
	gsDPLoadSync(),
	gsDPLoadTLUTCmd(7, 15),
	gsDPPipeSync(),
	gsDPTileSync(),
	gsDPSetTextureImage(G_IM_FMT_CI, G_IM_SIZ_16b, 1, ccm_dl_ice_test_ci4),
	gsDPSetTile(G_IM_FMT_CI, G_IM_SIZ_16b, 0, 0, 7, 0, G_TX_WRAP | G_TX_NOMIRROR, 6, 0, G_TX_WRAP | G_TX_NOMIRROR, 6, 0),
	gsDPLoadSync(),
	gsDPLoadBlock(7, 0, 0, 1023, 512),
	gsDPPipeSync(),
	gsDPSetTile(G_IM_FMT_CI, G_IM_SIZ_4b, 4, 0, 0, 0, G_TX_WRAP | G_TX_NOMIRROR, 6, 0, G_TX_WRAP | G_TX_NOMIRROR, 6, 0),
	gsDPSetTileSize(0, 0, 0, 252, 252),
	gsSPSetLights1(ccm_dl_ice_xlu_lights),
	gsSPEndDisplayList(),
};

Gfx mat_revert_ccm_dl_ice_xlu[] = {
	gsDPPipeSync(),
	gsSPSetGeometryMode(G_LIGHTING),
	gsDPSetTextureLUT(G_TT_NONE),
	gsSPEndDisplayList(),
};

Gfx mat_ccm_dl_ice_inner_wall_xlu[] = {
	gsDPPipeSync(),
	gsDPSetCombineLERP(TEXEL0, PRIMITIVE, TEXEL1_ALPHA, PRIMITIVE, 0, 0, 0, SHADE, COMBINED, TEXEL1, SHADE, TEXEL1, 0, 0, 0, COMBINED),
	gsSPClearGeometryMode(G_LIGHTING),
	gsDPSetCycleType(G_CYC_2CYCLE),
	gsSPTexture(65535, 65535, 0, 0, 1),
	gsDPSetTextureLUT(G_TT_RGBA16),
	gsDPSetTextureImage(G_IM_FMT_RGBA, G_IM_SIZ_16b, 1, ccm_dl_DRA_O_K_ROOF_ci4_pal_rgba16),
	gsDPTileSync(),
	gsDPSetTile(0, 0, 0, 256, 7, 0, G_TX_WRAP | G_TX_NOMIRROR, 0, 0, G_TX_WRAP | G_TX_NOMIRROR, 0, 0),
	gsDPLoadSync(),
	gsDPLoadTLUTCmd(7, 15),
	gsDPPipeSync(),
	gsDPTileSync(),
	gsDPSetTextureImage(G_IM_FMT_CI, G_IM_SIZ_16b, 1, ccm_dl_DRA_O_K_ROOF_ci4),
	gsDPSetTile(G_IM_FMT_CI, G_IM_SIZ_16b, 0, 0, 7, 0, G_TX_WRAP | G_TX_NOMIRROR, 6, 0, G_TX_WRAP | G_TX_NOMIRROR, 6, 0),
	gsDPLoadSync(),
	gsDPLoadBlock(7, 0, 0, 1023, 512),
	gsDPPipeSync(),
	gsDPSetTile(G_IM_FMT_CI, G_IM_SIZ_4b, 4, 0, 0, 0, G_TX_WRAP | G_TX_NOMIRROR, 6, 0, G_TX_WRAP | G_TX_NOMIRROR, 6, 0),
	gsDPSetTileSize(0, 0, 0, 252, 252),
	gsDPTileSync(),
	gsDPSetTextureImage(G_IM_FMT_IA, G_IM_SIZ_8b_LOAD_BLOCK, 1, ccm_dl_DRA_A_AA_SPLASH02_ia8),
	gsDPSetTile(G_IM_FMT_IA, G_IM_SIZ_8b_LOAD_BLOCK, 0, 256, 6, 0, G_TX_WRAP | G_TX_NOMIRROR, 5, 2, G_TX_WRAP | G_TX_NOMIRROR, 5, 2),
	gsDPLoadSync(),
	gsDPLoadBlock(6, 0, 0, 511, 512),
	gsDPPipeSync(),
	gsDPSetTile(G_IM_FMT_IA, G_IM_SIZ_8b, 4, 256, 1, 0, G_TX_WRAP | G_TX_NOMIRROR, 5, 2, G_TX_WRAP | G_TX_NOMIRROR, 5, 2),
	gsDPSetTileSize(1, 0, 0, 124, 124),
	gsDPSetPrimColor(0, 0, 128, 151, 172, 255),
	gsSPSetLights1(ccm_dl_ice_inner_wall_xlu_lights),
	gsSPEndDisplayList(),
};

Gfx mat_revert_ccm_dl_ice_inner_wall_xlu[] = {
	gsDPPipeSync(),
	gsSPSetGeometryMode(G_LIGHTING),
	gsDPSetCycleType(G_CYC_1CYCLE),
	gsDPSetTextureLUT(G_TT_NONE),
	gsSPEndDisplayList(),
};

Gfx mat_ccm_dl_ice[] = {
	gsDPPipeSync(),
	gsDPSetCombineLERP(TEXEL0, 0, SHADE, 0, 0, 0, 0, ENVIRONMENT, TEXEL0, 0, SHADE, 0, 0, 0, 0, ENVIRONMENT),
	gsSPClearGeometryMode(G_LIGHTING),
	gsSPTexture(65535, 65535, 0, 0, 1),
	gsDPSetTextureLUT(G_TT_RGBA16),
	gsDPSetTextureImage(G_IM_FMT_RGBA, G_IM_SIZ_16b, 1, ccm_dl_ice_test_ci4_pal_rgba16),
	gsDPTileSync(),
	gsDPSetTile(0, 0, 0, 256, 7, 0, G_TX_WRAP | G_TX_NOMIRROR, 0, 0, G_TX_WRAP | G_TX_NOMIRROR, 0, 0),
	gsDPLoadSync(),
	gsDPLoadTLUTCmd(7, 15),
	gsDPPipeSync(),
	gsDPTileSync(),
	gsDPSetTextureImage(G_IM_FMT_CI, G_IM_SIZ_16b, 1, ccm_dl_ice_test_ci4),
	gsDPSetTile(G_IM_FMT_CI, G_IM_SIZ_16b, 0, 0, 7, 0, G_TX_WRAP | G_TX_NOMIRROR, 6, 0, G_TX_WRAP | G_TX_NOMIRROR, 6, 0),
	gsDPLoadSync(),
	gsDPLoadBlock(7, 0, 0, 1023, 512),
	gsDPPipeSync(),
	gsDPSetTile(G_IM_FMT_CI, G_IM_SIZ_4b, 4, 0, 0, 0, G_TX_WRAP | G_TX_NOMIRROR, 6, 0, G_TX_WRAP | G_TX_NOMIRROR, 6, 0),
	gsDPSetTileSize(0, 0, 0, 252, 252),
	gsSPSetLights1(ccm_dl_ice_lights),
	gsSPEndDisplayList(),
};

Gfx mat_revert_ccm_dl_ice[] = {
	gsDPPipeSync(),
	gsSPSetGeometryMode(G_LIGHTING),
	gsDPSetTextureLUT(G_TT_NONE),
	gsSPEndDisplayList(),
};

Gfx mat_ccm_dl_cake_rock[] = {
	gsDPPipeSync(),
	gsDPSetCombineLERP(TEXEL0, 0, SHADE, 0, 0, 0, 0, ENVIRONMENT, TEXEL0, 0, SHADE, 0, 0, 0, 0, ENVIRONMENT),
	gsSPClearGeometryMode(G_LIGHTING),
	gsSPTexture(65535, 65535, 0, 0, 1),
	gsDPTileSync(),
	gsDPSetTextureImage(G_IM_FMT_I, G_IM_SIZ_16b, 1, ccm_dl_wild_okukabe01_i4),
	gsDPSetTile(G_IM_FMT_I, G_IM_SIZ_16b, 0, 0, 7, 0, G_TX_WRAP | G_TX_NOMIRROR, 7, 0, G_TX_WRAP | G_TX_NOMIRROR, 6, 0),
	gsDPLoadSync(),
	gsDPLoadBlock(7, 0, 0, 2047, 512),
	gsDPPipeSync(),
	gsDPSetTile(G_IM_FMT_I, G_IM_SIZ_4b, 4, 0, 0, 0, G_TX_WRAP | G_TX_NOMIRROR, 7, 0, G_TX_WRAP | G_TX_NOMIRROR, 6, 0),
	gsDPSetTileSize(0, 0, 0, 252, 508),
	gsSPSetLights1(ccm_dl_cake_rock_lights),
	gsSPEndDisplayList(),
};

Gfx mat_revert_ccm_dl_cake_rock[] = {
	gsDPPipeSync(),
	gsSPSetGeometryMode(G_LIGHTING),
	gsSPEndDisplayList(),
};

Gfx mat_ccm_dl_platform_side[] = {
	gsDPPipeSync(),
	gsDPSetCombineLERP(TEXEL0, 0, SHADE, 0, 0, 0, 0, ENVIRONMENT, TEXEL0, 0, SHADE, 0, 0, 0, 0, ENVIRONMENT),
	gsSPClearGeometryMode(G_LIGHTING),
	gsSPTexture(65535, 65535, 0, 0, 1),
	gsDPTileSync(),
	gsDPSetTextureImage(G_IM_FMT_I, G_IM_SIZ_8b_LOAD_BLOCK, 1, ccm_dl__0E007810_i8),
	gsDPSetTile(G_IM_FMT_I, G_IM_SIZ_8b_LOAD_BLOCK, 0, 0, 7, 0, G_TX_WRAP | G_TX_NOMIRROR, 6, 0, G_TX_WRAP | G_TX_NOMIRROR, 5, 0),
	gsDPLoadSync(),
	gsDPLoadBlock(7, 0, 0, 1023, 512),
	gsDPPipeSync(),
	gsDPSetTile(G_IM_FMT_I, G_IM_SIZ_8b, 4, 0, 0, 0, G_TX_WRAP | G_TX_NOMIRROR, 6, 0, G_TX_WRAP | G_TX_NOMIRROR, 5, 0),
	gsDPSetTileSize(0, 0, 0, 124, 252),
	gsSPSetLights1(ccm_dl_platform_side_lights),
	gsSPEndDisplayList(),
};

Gfx mat_revert_ccm_dl_platform_side[] = {
	gsDPPipeSync(),
	gsSPSetGeometryMode(G_LIGHTING),
	gsSPEndDisplayList(),
};

Gfx mat_ccm_dl_floor_2[] = {
	gsDPPipeSync(),
	gsDPSetCombineLERP(TEXEL0, 0, SHADE, 0, 0, 0, 0, ENVIRONMENT, TEXEL0, 0, SHADE, 0, 0, 0, 0, ENVIRONMENT),
	gsSPClearGeometryMode(G_LIGHTING),
	gsSPTexture(65535, 65535, 0, 0, 1),
	gsDPSetTextureLUT(G_TT_RGBA16),
	gsDPSetTextureImage(G_IM_FMT_RGBA, G_IM_SIZ_16b, 1, ccm_dl_end_gake6_ci4_pal_rgba16),
	gsDPTileSync(),
	gsDPSetTile(0, 0, 0, 256, 7, 0, G_TX_WRAP | G_TX_NOMIRROR, 0, 0, G_TX_WRAP | G_TX_NOMIRROR, 0, 0),
	gsDPLoadSync(),
	gsDPLoadTLUTCmd(7, 15),
	gsDPPipeSync(),
	gsDPTileSync(),
	gsDPSetTextureImage(G_IM_FMT_CI, G_IM_SIZ_16b, 1, ccm_dl_end_gake6_ci4),
	gsDPSetTile(G_IM_FMT_CI, G_IM_SIZ_16b, 0, 0, 7, 0, G_TX_WRAP | G_TX_NOMIRROR, 6, 0, G_TX_WRAP | G_TX_NOMIRROR, 6, 0),
	gsDPLoadSync(),
	gsDPLoadBlock(7, 0, 0, 1023, 512),
	gsDPPipeSync(),
	gsDPSetTile(G_IM_FMT_CI, G_IM_SIZ_4b, 4, 0, 0, 0, G_TX_WRAP | G_TX_NOMIRROR, 6, 0, G_TX_WRAP | G_TX_NOMIRROR, 6, 0),
	gsDPSetTileSize(0, 0, 0, 252, 252),
	gsSPSetLights1(ccm_dl_floor_2_lights),
	gsSPEndDisplayList(),
};

Gfx mat_revert_ccm_dl_floor_2[] = {
	gsDPPipeSync(),
	gsSPSetGeometryMode(G_LIGHTING),
	gsDPSetTextureLUT(G_TT_NONE),
	gsSPEndDisplayList(),
};

Gfx mat_ccm_dl_cavern_rock_wall[] = {
	gsDPPipeSync(),
	gsDPSetCombineLERP(TEXEL0, 0, SHADE, 0, 0, 0, 0, ENVIRONMENT, TEXEL0, 0, SHADE, 0, 0, 0, 0, ENVIRONMENT),
	gsSPClearGeometryMode(G_LIGHTING),
	gsSPTexture(65535, 65535, 0, 0, 1),
	gsDPSetTextureLUT(G_TT_RGBA16),
	gsDPSetTextureImage(G_IM_FMT_RGBA, G_IM_SIZ_16b, 1, ccm_dl_tk_bg_snow01_ci4_pal_rgba16),
	gsDPTileSync(),
	gsDPSetTile(0, 0, 0, 256, 7, 0, G_TX_WRAP | G_TX_NOMIRROR, 0, 0, G_TX_WRAP | G_TX_NOMIRROR, 0, 0),
	gsDPLoadSync(),
	gsDPLoadTLUTCmd(7, 15),
	gsDPPipeSync(),
	gsDPTileSync(),
	gsDPSetTextureImage(G_IM_FMT_CI, G_IM_SIZ_16b, 1, ccm_dl_tk_bg_snow01_ci4),
	gsDPSetTile(G_IM_FMT_CI, G_IM_SIZ_16b, 0, 0, 7, 0, G_TX_WRAP | G_TX_NOMIRROR, 6, 0, G_TX_WRAP | G_TX_NOMIRROR, 6, 0),
	gsDPLoadSync(),
	gsDPLoadBlock(7, 0, 0, 1023, 512),
	gsDPPipeSync(),
	gsDPSetTile(G_IM_FMT_CI, G_IM_SIZ_4b, 4, 0, 0, 0, G_TX_WRAP | G_TX_NOMIRROR, 6, 0, G_TX_WRAP | G_TX_NOMIRROR, 6, 0),
	gsDPSetTileSize(0, 0, 0, 252, 252),
	gsSPSetLights1(ccm_dl_cavern_rock_wall_lights),
	gsSPEndDisplayList(),
};

Gfx mat_revert_ccm_dl_cavern_rock_wall[] = {
	gsDPPipeSync(),
	gsSPSetGeometryMode(G_LIGHTING),
	gsDPSetTextureLUT(G_TT_NONE),
	gsSPEndDisplayList(),
};

Gfx mat_ccm_dl_stone_floor_3[] = {
	gsDPPipeSync(),
	gsDPSetCombineLERP(TEXEL0, 0, SHADE, 0, 0, 0, 0, ENVIRONMENT, TEXEL0, 0, SHADE, 0, 0, 0, 0, ENVIRONMENT),
	gsSPClearGeometryMode(G_LIGHTING),
	gsSPTexture(65535, 65535, 0, 0, 1),
	gsDPSetTextureLUT(G_TT_RGBA16),
	gsDPSetTextureImage(G_IM_FMT_RGBA, G_IM_SIZ_16b, 1, ccm_dl_Rock3CI_ci4_pal_rgba16),
	gsDPTileSync(),
	gsDPSetTile(0, 0, 0, 256, 7, 0, G_TX_WRAP | G_TX_NOMIRROR, 0, 0, G_TX_WRAP | G_TX_NOMIRROR, 0, 0),
	gsDPLoadSync(),
	gsDPLoadTLUTCmd(7, 15),
	gsDPPipeSync(),
	gsDPTileSync(),
	gsDPSetTextureImage(G_IM_FMT_CI, G_IM_SIZ_16b, 1, ccm_dl_Rock3CI_ci4),
	gsDPSetTile(G_IM_FMT_CI, G_IM_SIZ_16b, 0, 0, 7, 0, G_TX_WRAP | G_TX_NOMIRROR, 6, 0, G_TX_WRAP | G_TX_NOMIRROR, 6, 0),
	gsDPLoadSync(),
	gsDPLoadBlock(7, 0, 0, 1023, 512),
	gsDPPipeSync(),
	gsDPSetTile(G_IM_FMT_CI, G_IM_SIZ_4b, 4, 0, 0, 0, G_TX_WRAP | G_TX_NOMIRROR, 6, 0, G_TX_WRAP | G_TX_NOMIRROR, 6, 0),
	gsDPSetTileSize(0, 0, 0, 252, 252),
	gsSPSetLights1(ccm_dl_stone_floor_3_lights),
	gsSPEndDisplayList(),
};

Gfx mat_revert_ccm_dl_stone_floor_3[] = {
	gsDPPipeSync(),
	gsSPSetGeometryMode(G_LIGHTING),
	gsDPSetTextureLUT(G_TT_NONE),
	gsSPEndDisplayList(),
};

Gfx mat_ccm_dl_sloped_rock[] = {
	gsDPPipeSync(),
	gsDPSetCombineLERP(TEXEL0, 0, SHADE, 0, 0, 0, 0, ENVIRONMENT, TEXEL0, 0, SHADE, 0, 0, 0, 0, ENVIRONMENT),
	gsSPClearGeometryMode(G_LIGHTING),
	gsSPTexture(65535, 65535, 0, 0, 1),
	gsDPSetTextureLUT(G_TT_RGBA16),
	gsDPSetTextureImage(G_IM_FMT_RGBA, G_IM_SIZ_16b, 1, ccm_dl_end_gake3_ci4_pal_rgba16),
	gsDPTileSync(),
	gsDPSetTile(0, 0, 0, 256, 7, 0, G_TX_WRAP | G_TX_NOMIRROR, 0, 0, G_TX_WRAP | G_TX_NOMIRROR, 0, 0),
	gsDPLoadSync(),
	gsDPLoadTLUTCmd(7, 15),
	gsDPPipeSync(),
	gsDPTileSync(),
	gsDPSetTextureImage(G_IM_FMT_CI, G_IM_SIZ_16b, 1, ccm_dl_end_gake3_ci4),
	gsDPSetTile(G_IM_FMT_CI, G_IM_SIZ_16b, 0, 0, 7, 0, G_TX_WRAP | G_TX_MIRROR, 6, 0, G_TX_WRAP | G_TX_NOMIRROR, 6, 0),
	gsDPLoadSync(),
	gsDPLoadBlock(7, 0, 0, 1023, 512),
	gsDPPipeSync(),
	gsDPSetTile(G_IM_FMT_CI, G_IM_SIZ_4b, 4, 0, 0, 0, G_TX_WRAP | G_TX_MIRROR, 6, 0, G_TX_WRAP | G_TX_NOMIRROR, 6, 0),
	gsDPSetTileSize(0, 0, 0, 252, 252),
	gsSPSetLights1(ccm_dl_sloped_rock_lights),
	gsSPEndDisplayList(),
};

Gfx mat_revert_ccm_dl_sloped_rock[] = {
	gsDPPipeSync(),
	gsSPSetGeometryMode(G_LIGHTING),
	gsDPSetTextureLUT(G_TT_NONE),
	gsSPEndDisplayList(),
};

Gfx mat_ccm_dl_floor[] = {
	gsDPPipeSync(),
	gsDPSetCombineLERP(TEXEL0, 0, SHADE, 0, 0, 0, 0, ENVIRONMENT, TEXEL0, 0, SHADE, 0, 0, 0, 0, ENVIRONMENT),
	gsSPClearGeometryMode(G_LIGHTING),
	gsSPTexture(65535, 65535, 0, 0, 1),
	gsDPSetTextureLUT(G_TT_RGBA16),
	gsDPSetTextureImage(G_IM_FMT_RGBA, G_IM_SIZ_16b, 1, ccm_dl__0E00D050_ci8_pal_rgba16),
	gsDPTileSync(),
	gsDPSetTile(0, 0, 0, 256, 7, 0, G_TX_WRAP | G_TX_NOMIRROR, 0, 0, G_TX_WRAP | G_TX_NOMIRROR, 0, 0),
	gsDPLoadSync(),
	gsDPLoadTLUTCmd(7, 48),
	gsDPPipeSync(),
	gsDPTileSync(),
	gsDPSetTextureImage(G_IM_FMT_CI, G_IM_SIZ_8b_LOAD_BLOCK, 1, ccm_dl__0E00D050_ci8),
	gsDPSetTile(G_IM_FMT_CI, G_IM_SIZ_8b_LOAD_BLOCK, 0, 0, 7, 0, G_TX_WRAP | G_TX_NOMIRROR, 5, 0, G_TX_WRAP | G_TX_NOMIRROR, 6, 0),
	gsDPLoadSync(),
	gsDPLoadBlock(7, 0, 0, 1023, 256),
	gsDPPipeSync(),
	gsDPSetTile(G_IM_FMT_CI, G_IM_SIZ_8b, 8, 0, 0, 0, G_TX_WRAP | G_TX_NOMIRROR, 5, 0, G_TX_WRAP | G_TX_NOMIRROR, 6, 0),
	gsDPSetTileSize(0, 0, 0, 252, 124),
	gsSPSetLights1(ccm_dl_floor_lights),
	gsSPEndDisplayList(),
};

Gfx mat_revert_ccm_dl_floor[] = {
	gsDPPipeSync(),
	gsSPSetGeometryMode(G_LIGHTING),
	gsDPSetTextureLUT(G_TT_NONE),
	gsSPEndDisplayList(),
};

Gfx mat_ccm_dl_arena_wall[] = {
	gsDPPipeSync(),
	gsDPSetCombineLERP(0, 0, 0, SHADE, 0, 0, 0, ENVIRONMENT, 0, 0, 0, SHADE, 0, 0, 0, ENVIRONMENT),
	gsSPTexture(65535, 65535, 0, 0, 1),
	gsSPSetLights1(ccm_dl_arena_wall_lights),
	gsSPEndDisplayList(),
};

Gfx mat_ccm_dl_super_slip[] = {
	gsDPPipeSync(),
	gsDPSetCombineLERP(TEXEL0, 0, SHADE, 0, 0, 0, 0, ENVIRONMENT, TEXEL0, 0, SHADE, 0, 0, 0, 0, ENVIRONMENT),
	gsSPClearGeometryMode(G_LIGHTING),
	gsSPTexture(65535, 65535, 0, 0, 1),
	gsDPSetTextureLUT(G_TT_RGBA16),
	gsDPSetTextureImage(G_IM_FMT_RGBA, G_IM_SIZ_16b, 1, ccm_dl_DRA_O_BB_ROAD01_M6_ci4_pal_rgba16),
	gsDPTileSync(),
	gsDPSetTile(0, 0, 0, 256, 7, 0, G_TX_WRAP | G_TX_NOMIRROR, 0, 0, G_TX_WRAP | G_TX_NOMIRROR, 0, 0),
	gsDPLoadSync(),
	gsDPLoadTLUTCmd(7, 15),
	gsDPPipeSync(),
	gsDPTileSync(),
	gsDPSetTextureImage(G_IM_FMT_CI, G_IM_SIZ_16b, 1, ccm_dl_DRA_O_BB_ROAD01_M6_ci4),
	gsDPSetTile(G_IM_FMT_CI, G_IM_SIZ_16b, 0, 0, 7, 0, G_TX_WRAP | G_TX_NOMIRROR, 6, 0, G_TX_WRAP | G_TX_NOMIRROR, 6, 0),
	gsDPLoadSync(),
	gsDPLoadBlock(7, 0, 0, 1023, 512),
	gsDPPipeSync(),
	gsDPSetTile(G_IM_FMT_CI, G_IM_SIZ_4b, 4, 0, 0, 0, G_TX_WRAP | G_TX_NOMIRROR, 6, 0, G_TX_WRAP | G_TX_NOMIRROR, 6, 0),
	gsDPSetTileSize(0, 0, 0, 252, 252),
	gsSPSetLights1(ccm_dl_super_slip_lights),
	gsSPEndDisplayList(),
};

Gfx mat_revert_ccm_dl_super_slip[] = {
	gsDPPipeSync(),
	gsSPSetGeometryMode(G_LIGHTING),
	gsDPSetTextureLUT(G_TT_NONE),
	gsSPEndDisplayList(),
};

Gfx mat_ccm_dl_arena[] = {
	gsDPPipeSync(),
	gsDPSetCombineLERP(TEXEL0, 0, SHADE, 0, 0, 0, 0, ENVIRONMENT, TEXEL0, 0, SHADE, 0, 0, 0, 0, ENVIRONMENT),
	gsSPTexture(65535, 65535, 0, 0, 1),
	gsDPSetTextureLUT(G_TT_RGBA16),
	gsDPSetTextureImage(G_IM_FMT_RGBA, G_IM_SIZ_16b, 1, ccm_dl_ice_tile_ci4_pal_rgba16),
	gsDPTileSync(),
	gsDPSetTile(0, 0, 0, 256, 7, 0, G_TX_WRAP | G_TX_NOMIRROR, 0, 0, G_TX_WRAP | G_TX_NOMIRROR, 0, 0),
	gsDPLoadSync(),
	gsDPLoadTLUTCmd(7, 15),
	gsDPPipeSync(),
	gsDPTileSync(),
	gsDPSetTextureImage(G_IM_FMT_CI, G_IM_SIZ_16b, 1, ccm_dl_ice_tile_ci4),
	gsDPSetTile(G_IM_FMT_CI, G_IM_SIZ_16b, 0, 0, 7, 0, G_TX_WRAP | G_TX_NOMIRROR, 6, 0, G_TX_WRAP | G_TX_NOMIRROR, 6, 0),
	gsDPLoadSync(),
	gsDPLoadBlock(7, 0, 0, 1023, 512),
	gsDPPipeSync(),
	gsDPSetTile(G_IM_FMT_CI, G_IM_SIZ_4b, 4, 0, 0, 0, G_TX_WRAP | G_TX_NOMIRROR, 6, 0, G_TX_WRAP | G_TX_NOMIRROR, 6, 0),
	gsDPSetTileSize(0, 0, 0, 252, 252),
	gsSPSetLights1(ccm_dl_arena_lights),
	gsSPEndDisplayList(),
};

Gfx mat_revert_ccm_dl_arena[] = {
	gsDPPipeSync(),
	gsDPSetTextureLUT(G_TT_NONE),
	gsSPEndDisplayList(),
};

Gfx mat_ccm_dl_ice_ceiling[] = {
	gsDPPipeSync(),
	gsDPSetCombineLERP(TEXEL0, 0, SHADE, 0, 0, 0, 0, ENVIRONMENT, TEXEL0, 0, SHADE, 0, 0, 0, 0, ENVIRONMENT),
	gsSPClearGeometryMode(G_LIGHTING),
	gsSPTexture(65535, 65535, 0, 0, 1),
	gsDPSetTextureLUT(G_TT_RGBA16),
	gsDPSetTextureImage(G_IM_FMT_RGBA, G_IM_SIZ_16b, 1, ccm_dl_Rock3CI_ci4_pal_rgba16),
	gsDPTileSync(),
	gsDPSetTile(0, 0, 0, 256, 7, 0, G_TX_WRAP | G_TX_NOMIRROR, 0, 0, G_TX_WRAP | G_TX_NOMIRROR, 0, 0),
	gsDPLoadSync(),
	gsDPLoadTLUTCmd(7, 15),
	gsDPPipeSync(),
	gsDPTileSync(),
	gsDPSetTextureImage(G_IM_FMT_CI, G_IM_SIZ_16b, 1, ccm_dl_Rock3CI_ci4),
	gsDPSetTile(G_IM_FMT_CI, G_IM_SIZ_16b, 0, 0, 7, 0, G_TX_WRAP | G_TX_NOMIRROR, 6, 0, G_TX_WRAP | G_TX_NOMIRROR, 6, 0),
	gsDPLoadSync(),
	gsDPLoadBlock(7, 0, 0, 1023, 512),
	gsDPPipeSync(),
	gsDPSetTile(G_IM_FMT_CI, G_IM_SIZ_4b, 4, 0, 0, 0, G_TX_WRAP | G_TX_NOMIRROR, 6, 0, G_TX_WRAP | G_TX_NOMIRROR, 6, 0),
	gsDPSetTileSize(0, 0, 0, 252, 252),
	gsSPSetLights1(ccm_dl_ice_ceiling_lights),
	gsSPEndDisplayList(),
};

Gfx mat_revert_ccm_dl_ice_ceiling[] = {
	gsDPPipeSync(),
	gsSPSetGeometryMode(G_LIGHTING),
	gsDPSetTextureLUT(G_TT_NONE),
	gsSPEndDisplayList(),
};

Gfx ccm_dl_level_008_mesh_layer_1[] = {
	gsSPDisplayList(mat_ccm_dl_ice_inner_wall),
	gsSPDisplayList(ccm_dl_level_008_mesh_layer_1_tri_0),
	gsSPDisplayList(mat_revert_ccm_dl_ice_inner_wall),
	gsSPDisplayList(mat_ccm_dl_ice),
	gsSPDisplayList(ccm_dl_level_008_mesh_layer_1_tri_1),
	gsSPDisplayList(mat_revert_ccm_dl_ice),
	gsSPDisplayList(mat_ccm_dl_cake_rock),
	gsSPDisplayList(ccm_dl_level_008_mesh_layer_1_tri_2),
	gsSPDisplayList(mat_revert_ccm_dl_cake_rock),
	gsSPDisplayList(mat_ccm_dl_platform_side),
	gsSPDisplayList(ccm_dl_level_008_mesh_layer_1_tri_3),
	gsSPDisplayList(mat_revert_ccm_dl_platform_side),
	gsSPDisplayList(mat_ccm_dl_floor_2),
	gsSPDisplayList(ccm_dl_level_008_mesh_layer_1_tri_4),
	gsSPDisplayList(mat_revert_ccm_dl_floor_2),
	gsSPDisplayList(mat_ccm_dl_cavern_rock_wall),
	gsSPDisplayList(ccm_dl_level_008_mesh_layer_1_tri_5),
	gsSPDisplayList(mat_revert_ccm_dl_cavern_rock_wall),
	gsSPDisplayList(mat_ccm_dl_stone_floor_3),
	gsSPDisplayList(ccm_dl_level_008_mesh_layer_1_tri_6),
	gsSPDisplayList(mat_revert_ccm_dl_stone_floor_3),
	gsSPDisplayList(mat_ccm_dl_sloped_rock),
	gsSPDisplayList(ccm_dl_level_008_mesh_layer_1_tri_7),
	gsSPDisplayList(mat_revert_ccm_dl_sloped_rock),
	gsSPDisplayList(mat_ccm_dl_floor),
	gsSPDisplayList(ccm_dl_level_008_mesh_layer_1_tri_8),
	gsSPDisplayList(mat_revert_ccm_dl_floor),
	gsSPDisplayList(mat_ccm_dl_arena_wall),
	gsSPDisplayList(ccm_dl_level_008_mesh_layer_1_tri_9),
	gsSPDisplayList(mat_ccm_dl_super_slip),
	gsSPDisplayList(ccm_dl_level_008_mesh_layer_1_tri_10),
	gsSPDisplayList(mat_revert_ccm_dl_super_slip),
	gsSPDisplayList(mat_ccm_dl_arena),
	gsSPDisplayList(ccm_dl_level_008_mesh_layer_1_tri_11),
	gsSPDisplayList(mat_revert_ccm_dl_arena),
	gsSPDisplayList(mat_ccm_dl_ice_ceiling),
	gsSPDisplayList(ccm_dl_level_008_mesh_layer_1_tri_12),
	gsSPDisplayList(mat_revert_ccm_dl_ice_ceiling),
	gsSPEndDisplayList(),
};

Gfx ccm_dl_level_008_mesh_layer_5[] = {
	gsSPDisplayList(mat_ccm_dl_ice_xlu),
	gsSPDisplayList(ccm_dl_level_008_mesh_layer_5_tri_0),
	gsSPDisplayList(mat_revert_ccm_dl_ice_xlu),
	gsSPDisplayList(mat_ccm_dl_ice_inner_wall_xlu),
	gsSPDisplayList(ccm_dl_level_008_mesh_layer_5_tri_1),
	gsSPDisplayList(mat_revert_ccm_dl_ice_inner_wall_xlu),
	gsSPEndDisplayList(),
};

Gfx ccm_dl_material_revert_render_settings[] = {
	gsDPPipeSync(),
	gsSPSetGeometryMode(G_LIGHTING),
	gsSPClearGeometryMode(G_TEXTURE_GEN),
	gsDPSetCombineLERP(0, 0, 0, SHADE, 0, 0, 0, ENVIRONMENT, 0, 0, 0, SHADE, 0, 0, 0, ENVIRONMENT),
	gsSPTexture(65535, 65535, 0, 0, 0),
	gsDPSetEnvColor(255, 255, 255, 255),
	gsDPSetAlphaCompare(G_AC_NONE),
	gsSPEndDisplayList(),
};

