Lights1 totwc_dl_spell_sand_001_lights = gdSPDefLights1(
	0x7F, 0x7F, 0x7F,
	0xFE, 0xFE, 0xFE, 0x28, 0x28, 0x28);

Lights1 totwc_dl_spell_sand_xlu_lights = gdSPDefLights1(
	0x7F, 0x7F, 0x7F,
	0xFE, 0xFE, 0xFE, 0x28, 0x28, 0x28);

Lights1 totwc_dl_CASTLE_STONE_xlu_lights = gdSPDefLights1(
	0x7F, 0x7F, 0x7F,
	0xFE, 0xFE, 0xFE, 0x28, 0x28, 0x28);

Lights1 totwc_dl_CASTLE_STONE_lights = gdSPDefLights1(
	0x7F, 0x7F, 0x7F,
	0xFE, 0xFE, 0xFE, 0x28, 0x28, 0x28);

Lights1 totwc_dl_castling_lights = gdSPDefLights1(
	0x7F, 0x7F, 0x7F,
	0xFE, 0xFE, 0xFE, 0x28, 0x28, 0x28);

Lights1 totwc_dl_castle_stone_2_lights = gdSPDefLights1(
	0x7F, 0x7F, 0x7F,
	0xFE, 0xFE, 0xFE, 0x28, 0x28, 0x28);

Lights1 totwc_dl_castle_brick_top_lights = gdSPDefLights1(
	0x7F, 0x7F, 0x7F,
	0xFE, 0xFE, 0xFE, 0x28, 0x28, 0x28);

Lights1 totwc_dl_brid_lights = gdSPDefLights1(
	0x7F, 0x7F, 0x7F,
	0xFE, 0xFE, 0xFE, 0x28, 0x28, 0x28);

Lights1 totwc_dl_castling_top_lights = gdSPDefLights1(
	0x7F, 0x7F, 0x7F,
	0xFE, 0xFE, 0xFE, 0x28, 0x28, 0x28);

Lights1 totwc_dl_swap_bg_lights = gdSPDefLights1(
	0x7F, 0x7F, 0x7F,
	0xFE, 0xFE, 0xFE, 0x28, 0x28, 0x28);

Gfx totwc_dl_FIR_O_DD_SWAMP01_ci4_aligner[] = {gsSPEndDisplayList()};
u8 totwc_dl_FIR_O_DD_SWAMP01_ci4[] = {
	0x01, 0x21, 0x31, 0x11, 0x33, 0x14, 0x13, 0x34, 
	0x54, 0x65, 0x14, 0x66, 0x67, 0x66, 0x30, 0x05, 
	0x85, 0x41, 0x10, 0x26, 0x66, 0x67, 0x67, 0x79, 
	0x97, 0x67, 0x77, 0x79, 0x72, 0x64, 0x10, 0x14, 
	0x5a, 0x31, 0x14, 0x43, 0x5b, 0x45, 0x33, 0x33, 
	0x51, 0x66, 0x66, 0x26, 0x21, 0x42, 0x55, 0x01, 
	0x55, 0x11, 0x11, 0x26, 0x65, 0x17, 0x66, 0x79, 
	0x79, 0x77, 0x77, 0x79, 0x62, 0x62, 0x00, 0x14, 
	0x50, 0xa1, 0x15, 0x55, 0x44, 0x44, 0x41, 0xa3, 
	0x01, 0x77, 0x66, 0x66, 0x22, 0x12, 0x55, 0x45, 
	0x43, 0x46, 0x62, 0x14, 0x45, 0x16, 0x77, 0x79, 
	0x67, 0x66, 0x26, 0x76, 0x11, 0x21, 0x10, 0x14, 
	0x10, 0xa0, 0x01, 0x52, 0x6c, 0x6b, 0x51, 0x3a, 
	0xa1, 0x66, 0x6c, 0x76, 0x66, 0x64, 0x15, 0x45, 
	0x13, 0x42, 0x66, 0x66, 0x41, 0x56, 0x77, 0x97, 
	0x79, 0x96, 0x27, 0x66, 0x12, 0x0a, 0x04, 0x44, 
	0x22, 0x42, 0x03, 0x11, 0x16, 0x64, 0x11, 0x00, 
	0xa3, 0x54, 0x77, 0xc7, 0x26, 0x66, 0x15, 0x00, 
	0x03, 0x11, 0x14, 0x21, 0x11, 0x14, 0x67, 0x66, 
	0x77, 0x72, 0x66, 0x66, 0x26, 0x0a, 0x02, 0x66, 
	0x22, 0x11, 0x04, 0x61, 0x16, 0x64, 0x56, 0x65, 
	0x55, 0x16, 0x77, 0x77, 0xcc, 0x46, 0x61, 0x13, 
	0xa3, 0x30, 0x51, 0x00, 0x00, 0x16, 0x67, 0x64, 
	0x77, 0x67, 0x77, 0x67, 0x66, 0x20, 0x47, 0x76, 
	0x21, 0xc0, 0x01, 0x61, 0x4c, 0x66, 0x26, 0x64, 
	0x46, 0x66, 0x64, 0x44, 0x67, 0x76, 0x13, 0x3a, 
	0xa1, 0x11, 0x44, 0x10, 0x56, 0x6c, 0xc7, 0x64, 
	0x46, 0x47, 0x41, 0x22, 0x67, 0x61, 0x47, 0x72, 
	0x64, 0xc2, 0x04, 0x71, 0x04, 0x47, 0x66, 0x66, 
	0x64, 0x46, 0x66, 0x64, 0x43, 0x44, 0x30, 0x10, 
	0x00, 0x11, 0x00, 0x35, 0x6c, 0xc7, 0x77, 0x24, 
	0x64, 0x34, 0x72, 0x64, 0x27, 0x46, 0x66, 0x77, 
	0x65, 0x47, 0x62, 0x70, 0xa0, 0x69, 0x62, 0x61, 
	0x21, 0x01, 0x64, 0x66, 0x45, 0x44, 0x53, 0x12, 
	0x0a, 0x11, 0xaa, 0xa1, 0x66, 0x62, 0x66, 0x10, 
	0x64, 0x44, 0x26, 0x64, 0x17, 0x16, 0x77, 0x77, 
	0x64, 0x4c, 0x72, 0x64, 0x03, 0x17, 0x66, 0x67, 
	0x61, 0x38, 0x46, 0x42, 0x14, 0x44, 0x44, 0x11, 
	0x40, 0x01, 0x01, 0x21, 0x46, 0x40, 0x27, 0x62, 
	0x16, 0x41, 0x22, 0x66, 0x66, 0x26, 0x67, 0x97, 
	0x66, 0x6c, 0x90, 0x21, 0xa0, 0xa2, 0x66, 0x66, 
	0x21, 0x58, 0x4b, 0x41, 0x14, 0x33, 0x04, 0x61, 
	0x76, 0x02, 0x22, 0x22, 0x44, 0x14, 0x67, 0x96, 
	0x25, 0x54, 0x26, 0x66, 0x26, 0x67, 0x26, 0x66, 
	0x12, 0x66, 0x60, 0x61, 0xaa, 0xa0, 0x05, 0x10, 
	0x10, 0x04, 0x6c, 0xc2, 0x46, 0x64, 0x30, 0x11, 
	0x26, 0x11, 0x12, 0x22, 0x24, 0x26, 0x66, 0x76, 
	0x45, 0x31, 0x26, 0x64, 0x66, 0xb4, 0x54, 0x10, 
	0x34, 0x41, 0x20, 0x01, 0xaa, 0x00, 0x34, 0x00, 
	0x15, 0x8b, 0xbb, 0x46, 0x35, 0x85, 0x13, 0x03, 
	0x01, 0x1a, 0x33, 0x04, 0x67, 0x76, 0x76, 0x66, 
	0x76, 0x40, 0x26, 0x66, 0x67, 0x64, 0x15, 0x15, 
	0x34, 0x4c, 0xcc, 0x11, 0x0a, 0xa0, 0x34, 0x44, 
	0x44, 0xbc, 0xcc, 0x44, 0x53, 0x35, 0x14, 0x11, 
	0x54, 0x45, 0x55, 0x54, 0x67, 0x77, 0x76, 0x77, 
	0x77, 0x51, 0x66, 0x76, 0x66, 0x71, 0x51, 0x00, 
	0x34, 0x45, 0x61, 0x10, 0xa3, 0x30, 0x10, 0x01, 
	0x15, 0x4c, 0xc6, 0xb0, 0x13, 0x00, 0x11, 0x16, 
	0x45, 0x44, 0x33, 0x35, 0x67, 0x77, 0x79, 0x99, 
	0x77, 0x12, 0x26, 0x26, 0x66, 0x24, 0x1a, 0xa0, 
	0x3a, 0xda, 0xa5, 0x0a, 0x03, 0xaa, 0xaa, 0xaa, 
	0x05, 0x6c, 0xc7, 0x71, 0x00, 0x00, 0x01, 0x76, 
	0x45, 0x46, 0xc5, 0x31, 0x46, 0x79, 0x77, 0x99, 
	0x79, 0x26, 0x76, 0x66, 0x72, 0x11, 0xaa, 0xa5, 
	0xaa, 0xa0, 0x45, 0x00, 0x0a, 0xaa, 0xaa, 0xaa, 
	0x03, 0x4b, 0x44, 0x66, 0x61, 0x00, 0x04, 0x04, 
	0x45, 0x46, 0x64, 0x50, 0x16, 0x79, 0x97, 0x79, 
	0x97, 0x77, 0x10, 0xa7, 0x74, 0x10, 0xaa, 0xa3, 
	0x33, 0xa0, 0x54, 0x12, 0x03, 0x0a, 0xaa, 0xaa, 
	0x0d, 0x55, 0x44, 0xb6, 0x76, 0x1a, 0x06, 0x11, 
	0x55, 0x54, 0xb7, 0x74, 0x14, 0x67, 0x77, 0x79, 
	0x99, 0x91, 0x0a, 0xa6, 0x66, 0x10, 0x0a, 0xaa, 
	0x0a, 0x31, 0x11, 0x16, 0x76, 0x43, 0xaa, 0xaa, 
	0xa0, 0x3d, 0x84, 0xcc, 0x77, 0x70, 0x01, 0x12, 
	0xa0, 0x05, 0x84, 0x77, 0x64, 0x79, 0x99, 0x99, 
	0x76, 0x7a, 0xa0, 0x06, 0x72, 0x20, 0x10, 0x30, 
	0x13, 0x34, 0x56, 0x67, 0x97, 0x65, 0x0a, 0xa0, 
	0x11, 0x61, 0x01, 0x46, 0x67, 0x76, 0x22, 0x26, 
	0x20, 0x41, 0x05, 0xc6, 0x6c, 0x67, 0x99, 0x76, 
	0x66, 0x61, 0x00, 0x17, 0x67, 0x20, 0x46, 0x34, 
	0x14, 0x64, 0x42, 0x97, 0x99, 0x74, 0x51, 0x01, 
	0x41, 0x67, 0x42, 0x44, 0x79, 0x77, 0x66, 0x22, 
	0x21, 0x60, 0x03, 0x34, 0x66, 0x77, 0x77, 0x72, 
	0x66, 0x11, 0x46, 0x76, 0x12, 0x40, 0xcb, 0x00, 
	0x74, 0x62, 0x44, 0x77, 0x76, 0x76, 0x31, 0x41, 
	0x62, 0x14, 0x67, 0x74, 0x17, 0x79, 0x22, 0x64, 
	0x76, 0x1a, 0xa0, 0xa5, 0x42, 0x14, 0x46, 0x61, 
	0x41, 0x16, 0x47, 0x96, 0x11, 0x44, 0x66, 0x00, 
	0x6c, 0x10, 0x4c, 0xc6, 0x61, 0x44, 0x00, 0x40, 
	0x26, 0x66, 0xc7, 0x76, 0x26, 0x67, 0x20, 0x41, 
	0x26, 0x1a, 0x03, 0xaa, 0x52, 0x46, 0x60, 0x47, 
	0x64, 0x79, 0x26, 0x64, 0x46, 0xb7, 0x97, 0x13, 
	0x06, 0x42, 0x6c, 0x74, 0x11, 0x44, 0x20, 0x01, 
	0x11, 0x14, 0x64, 0x26, 0x66, 0xc6, 0x60, 0xa1, 
	0x11, 0x31, 0x0a, 0x3a, 0x34, 0x97, 0x74, 0x69, 
	0x99, 0x74, 0x34, 0x66, 0xbc, 0x7c, 0x44, 0xc0, 
	0x29, 0xc6, 0xc7, 0xc1, 0x11, 0x44, 0x11, 0x00, 
	0x11, 0x14, 0x11, 0x46, 0x76, 0x77, 0x61, 0x10, 
	0x11, 0x44, 0x05, 0x45, 0x47, 0x97, 0x27, 0x77, 
	0x67, 0x94, 0x56, 0x99, 0x99, 0x75, 0x34, 0x44, 
	0x6c, 0xc6, 0x6c, 0x61, 0x14, 0x66, 0x66, 0x11, 
	0x11, 0x41, 0x00, 0x16, 0x67, 0x77, 0x64, 0x00, 
	0x30, 0x66, 0x46, 0x97, 0x99, 0x99, 0x97, 0x77, 
	0x76, 0x76, 0x47, 0x47, 0x76, 0x66, 0x46, 0x44, 
	0xc7, 0x66, 0x41, 0x10, 0x04, 0x66, 0x76, 0x24, 
	0x11, 0x11, 0x00, 0x01, 0x46, 0x96, 0xc6, 0x45, 
	0x50, 0xcc, 0x6c, 0x79, 0x9c, 0x76, 0xcc, 0x66, 
	0x11, 0x67, 0x44, 0x14, 0x64, 0xcc, 0xc7, 0x74, 
	0x66, 0x24, 0x62, 0x61, 0x46, 0x66, 0x12, 0x0a, 
	0xa6, 0x43, 0x84, 0x62, 0x62, 0x16, 0xc4, 0x10, 
	0x31, 0x66, 0xc4, 0x62, 0x44, 0x42, 0xb4, 0x54, 
	0x44, 0x47, 0x41, 0xa0, 0x79, 0x76, 0x67, 0x96, 
	0x77, 0x67, 0x77, 0x77, 0x61, 0x01, 0x79, 0x62, 
	0x1c, 0xc1, 0x34, 0x54, 0x44, 0x44, 0x44, 0xb4, 
	0x42, 0x66, 0x61, 0x62, 0x10, 0x54, 0x58, 0x88, 
	0x66, 0x61, 0x10, 0xa1, 0x27, 0x66, 0x77, 0x97, 
	0x69, 0x77, 0x6c, 0x72, 0x11, 0x06, 0xcc, 0xbc, 
	0x1c, 0xc1, 0x01, 0x44, 0x44, 0x46, 0xcc, 0xcc, 
	0xc4, 0x67, 0x60, 0x22, 0x20, 0x03, 0xa5, 0x4b, 
	0xc7, 0x77, 0x22, 0x00, 0x77, 0x62, 0x79, 0x99, 
	0x4c, 0xc7, 0x62, 0x66, 0x22, 0x2c, 0xcb, 0xb4, 
	0x16, 0xb5, 0x01, 0x44, 0xcc, 0x66, 0x66, 0x76, 
	0x56, 0xcc, 0xc1, 0x21, 0x22, 0xa1, 0xa3, 0x46, 
	0xc9, 0x99, 0x76, 0x11, 0xc6, 0x41, 0x69, 0x99, 
	0x16, 0x47, 0x61, 0x66, 0x17, 0x94, 0x44, 0xb6, 
	0x26, 0xc1, 0x04, 0xcb, 0x40, 0x05, 0x46, 0x66, 
	0xbc, 0x7c, 0xb6, 0x76, 0x26, 0x19, 0x60, 0x04, 
	0x67, 0x97, 0x96, 0x72, 0x12, 0x60, 0x07, 0x99, 
	0xa0, 0x34, 0x69, 0x96, 0x76, 0x63, 0x46, 0x7b, 
	0xc7, 0x76, 0x01, 0xcc, 0x3a, 0x0b, 0xc6, 0x46, 
	0x67, 0x77, 0x72, 0x29, 0x66, 0x12, 0x76, 0x16, 
	0x69, 0x99, 0x77, 0x76, 0x62, 0x21, 0xaa, 0x29, 
	0xaa, 0x54, 0x16, 0x71, 0x16, 0x66, 0x46, 0x97, 
	0x65, 0x16, 0x61, 0x16, 0x42, 0x27, 0x66, 0x44, 
	0x66, 0x66, 0x21, 0x07, 0x64, 0x22, 0x22, 0x22, 
	0x62, 0x77, 0x76, 0x76, 0x66, 0x76, 0x1a, 0x06, 
	0xaa, 0x01, 0x67, 0x61, 0x47, 0x97, 0x99, 0x97, 
	0x43, 0x34, 0xc2, 0x67, 0x66, 0x6c, 0xc6, 0x66, 
	0x44, 0x62, 0x11, 0x12, 0x21, 0x27, 0x66, 0x44, 
	0x66, 0x67, 0x76, 0x76, 0x62, 0x66, 0x20, 0x19, 
	0x00, 0x02, 0x77, 0x64, 0x69, 0x79, 0x79, 0x77, 
	0x74, 0x54, 0x67, 0x76, 0x42, 0x6b, 0x66, 0x76, 
	0x40, 0x0a, 0x04, 0x41, 0x11, 0x16, 0x64, 0x64, 
	0x26, 0x66, 0x67, 0x74, 0x61, 0x16, 0x62, 0x69, 
	0x44, 0x46, 0x66, 0x64, 0x66, 0x26, 0x66, 0x67, 
	0x77, 0x41, 0x26, 0x64, 0x44, 0x46, 0x44, 0x46, 
	0x41, 0xaa, 0xa1, 0x22, 0x21, 0x12, 0x20, 0x10, 
	0x14, 0x66, 0x46, 0x74, 0x41, 0x46, 0x22, 0x27, 
	0x77, 0x77, 0x66, 0x66, 0x46, 0x46, 0x66, 0x77, 
	0x76, 0x41, 0x44, 0x44, 0x64, 0x14, 0x46, 0x66, 
	0x61, 0x3a, 0xaa, 0x16, 0x64, 0x42, 0x62, 0x13, 
	0x04, 0x66, 0x64, 0x61, 0x67, 0x22, 0x12, 0x67, 
	0x77, 0x77, 0x62, 0x46, 0x66, 0x64, 0x46, 0xc6, 
	0x66, 0x10, 0x01, 0x44, 0x44, 0x45, 0x46, 0x64, 
	0x10, 0xaa, 0xa0, 0x46, 0x22, 0x22, 0xc7, 0x66, 
	0x46, 0x66, 0x64, 0x41, 0x24, 0x22, 0x12, 0x77, 
	0x66, 0x26, 0x44, 0x4c, 0x66, 0x46, 0x24, 0x46, 
	0x66, 0x13, 0xa0, 0x64, 0x46, 0x54, 0x46, 0x44, 
	0x41, 0x0a, 0x00, 0x04, 0x76, 0x14, 0xc7, 0x66, 
	0x66, 0x64, 0x66, 0x64, 0x21, 0x42, 0x46, 0x77, 
	0x62, 0x24, 0x44, 0x77, 0x10, 0x54, 0x21, 0x58, 
	0x46, 0x40, 0xa0, 0x64, 0x44, 0x46, 0x67, 0x48, 
	0x44, 0x10, 0x00, 0x16, 0x61, 0x00, 0x46, 0x61, 
	0x69, 0x64, 0x27, 0x21, 0x46, 0x67, 0x21, 0x26, 
	0x16, 0x44, 0x47, 0x62, 0x00, 0x00, 0x00, 0x54, 
	0x64, 0x41, 0x10, 0x14, 0x44, 0x44, 0x46, 0x64, 
	0x44, 0x11, 0x41, 0x64, 0x64, 0xa0, 0x11, 0x11, 
	0x69, 0xcc, 0x12, 0x14, 0x77, 0x79, 0x64, 0x42, 
	0x46, 0x77, 0x79, 0x60, 0x00, 0xaa, 0x00, 0x14, 
	0x46, 0x14, 0x40, 0x16, 0x66, 0x65, 0x54, 0x44, 
	0x31, 0x02, 0x00, 0x44, 0x66, 0xaa, 0x10, 0x01, 
	0x69, 0x7c, 0x26, 0x27, 0x77, 0x69, 0x66, 0x62, 
	0x67, 0x77, 0x99, 0x24, 0x0a, 0xa0, 0x00, 0x10, 
	0x54, 0x22, 0x66, 0x6c, 0x66, 0x41, 0x4b, 0x43, 
	0x00, 0x11, 0x01, 0x26, 0x64, 0x10, 0x40, 0x01, 
	0x77, 0xcc, 0x76, 0x54, 0x66, 0x76, 0x22, 0x66, 
	0x79, 0x77, 0x96, 0x01, 0xaa, 0xa0, 0x31, 0x43, 
	0x54, 0x66, 0x76, 0x67, 0x66, 0x22, 0x44, 0x13, 
	0xa1, 0x10, 0xaa, 0x01, 0x45, 0x15, 0x41, 0x11, 
	0x77, 0xcc, 0x76, 0x51, 0x46, 0x66, 0x76, 0x62, 
	0x67, 0x77, 0x21, 0x00, 0x0a, 0x35, 0x54, 0x66, 
	0x64, 0x54, 0x66, 0x46, 0x66, 0x41, 0x22, 0x10, 
	0x11, 0x11, 0xaa, 0xa1, 0x00, 0x03, 0x41, 0x11, 
	0x27, 0xb4, 0x21, 0x26, 0x66, 0x64, 0xc6, 0x64, 
	0x67, 0x67, 0x70, 0x00, 0x01, 0x0d, 0x46, 0x66, 
	0x6c, 0x4c, 0x72, 0x16, 0x44, 0x22, 0x63, 0xd5, 
	0x41, 0x14, 0x10, 0xa0, 0x0a, 0xa3, 0x30, 0x10, 
	0x12, 0x70, 0x21, 0x16, 0x71, 0x0a, 0x14, 0x44, 
	0x46, 0x77, 0x21, 0x20, 0x4c, 0x74, 0x46, 0x66, 
	0x66, 0x46, 0x67, 0x77, 0x76, 0x26, 0x76, 0x35, 
	0x41, 0x44, 0xb4, 0x50, 0x0a, 0x00, 0x00, 0x20, 
	0x02, 0x72, 0x22, 0x21, 0x16, 0x03, 0x54, 0x11, 
	0x16, 0x66, 0x27, 0x66, 0x66, 0x66, 0x42, 0x66, 
	0x47, 0x74, 0x67, 0x77, 0xc6, 0x14, 0xc6, 0xa0, 
	0x34, 0x64, 0x66, 0x74, 0xaa, 0x0a, 0x11, 0xa0, 
	0x26, 0x61, 0x26, 0x22, 0x12, 0x13, 0xd4, 0x54, 
	0x54, 0x61, 0x47, 0x77, 0x7c, 0x67, 0x76, 0x77, 
	0x67, 0x66, 0x6c, 0xb6, 0x6b, 0x54, 0x74, 0x00, 
	0x44, 0x66, 0x64, 0x41, 0xaa, 0x00, 0xa1, 0x12, 
	0x66, 0x12, 0x11, 0x06, 0x74, 0x2a, 0x35, 0x15, 
	0x35, 0x46, 0x66, 0x76, 0x44, 0x44, 0x77, 0x76, 
	0x77, 0x76, 0x44, 0x88, 0x46, 0x46, 0x74, 0x01, 
	0xbc, 0x40, 0xa5, 0x33, 0x3a, 0x00, 0xa0, 0x11, 
	0x14, 0x14, 0x41, 0x46, 0x71, 0x23, 0xdd, 0x33, 
	0x51, 0x44, 0x10, 0x44, 0x54, 0x11, 0x6c, 0x76, 
	0x66, 0x67, 0x1a, 0x00, 0x44, 0x46, 0x66, 0x25, 
	0x46, 0x40, 0x04, 0x35, 0x53, 0x41, 0x01, 0x12, 
	0x62, 0x42, 0xa1, 0x46, 0x64, 0x10, 0xd5, 0x35, 
	0x15, 0x44, 0x42, 0x66, 0x74, 0x00, 0x13, 0x64, 
	0x66, 0x67, 0x2a, 0xaa, 0x01, 0x33, 0x54, 0xc1, 
	0x04, 0x44, 0x24, 0x51, 0x10, 0x0a, 0x00, 0x12, 
	0x61, 0x20, 0x04, 0x44, 0x4c, 0x11, 0x45, 0x44, 
	0x13, 0x41, 0x67, 0x77, 0x62, 0xa0, 0xa3, 0x41, 
	0x66, 0x76, 0x6a, 0xaa, 0x06, 0x44, 0x66, 0x66, 
	0x46, 0x10, 0x11, 0x44, 0x22, 0x22, 0x10, 0x06, 
	0x21, 0x91, 0x34, 0x44, 0x44, 0x44, 0x64, 0x41, 
	0x33, 0xa3, 0x47, 0x76, 0x21, 0x0a, 0xaa, 0x14, 
	0x66, 0x71, 0x49, 0x40, 0x79, 0x24, 0x66, 0x46, 
	0x62, 0x21, 0x01, 0x16, 0x40, 0x67, 0x62, 0x16, 
	0x27, 0x91, 0x31, 0x44, 0x66, 0x66, 0x74, 0x50, 
	0x35, 0xaa, 0x56, 0x66, 0x61, 0x10, 0xa0, 0x31, 
	0x77, 0x76, 0x69, 0x97, 0x96, 0x11, 0x47, 0x46, 
	0x66, 0x41, 0x11, 0x04, 0x62, 0x66, 0x76, 0x46, 
	0x67, 0x60, 0xa2, 0x21, 0x16, 0x64, 0x24, 0x43, 
	0x50, 0xaa, 0xd5, 0x44, 0x14, 0x11, 0x44, 0x26, 
	0x99, 0x72, 0x76, 0x66, 0x76, 0x41, 0x79, 0x97, 
	0x76, 0x15, 0x46, 0x26, 0xbb, 0x77, 0x71, 0x66, 
	0x64, 0x10, 0x10, 0x11, 0x56, 0x41, 0x44, 0x33, 
	0x5a, 0xaa, 0xd8, 0x45, 0x16, 0x44, 0x67, 0x99, 
	0x99, 0x97, 0x66, 0x44, 0x64, 0x44, 0x46, 0x7c, 
	0x46, 0x4b, 0x64, 0x6c, 0x6c, 0x66, 0x41, 0x26, 
	0x72, 0x01, 0x00, 0x00, 0x27, 0x76, 0x76, 0x55, 
	0xaa, 0xdd, 0xdd, 0x45, 0x44, 0x22, 0x67, 0x97, 
	0x97, 0x64, 0x54, 0x15, 0x44, 0x64, 0x34, 0x26, 
	0x4c, 0xc6, 0x64, 0xcc, 0x64, 0x41, 0x21, 0x27, 
	0x76, 0x50, 0x00, 0x40, 0x26, 0x44, 0x66, 0x84, 
	0x3a, 0xd8, 0x84, 0x65, 0x11, 0x11, 0x47, 0x97, 
	0x96, 0x44, 0x50, 0x35, 0x44, 0x61, 0x00, 0x6c, 
	0x66, 0x66, 0x67, 0x66, 0x22, 0x66, 0x76, 0x67, 
	0x66, 0x33, 0xaa, 0x51, 0x21, 0x64, 0x11, 0x33, 
	0x3d, 0x88, 0x84, 0x58, 0x51, 0x10, 0x47, 0x76, 
	0x21, 0x54, 0x45, 0x53, 0x4c, 0x40, 0x02, 0x15, 
	0x30, 0x44, 0x77, 0x64, 0x79, 0x77, 0x66, 0x76, 
	0x16, 0x74, 0x15, 0x41, 0x10, 0x41, 0x41, 0xa3, 
	0x35, 0x54, 0x66, 0xaa, 0x04, 0x32, 0x46, 0x64, 
	0x11, 0x05, 0x44, 0x44, 0x43, 0x31, 0x56, 0x43, 
	0xa1, 0x46, 0x77, 0x66, 0x77, 0x76, 0x44, 0x66, 
	0x47, 0x77, 0x74, 0x64, 0x54, 0x11, 0x41, 0x31, 
	0x48, 0x54, 0x64, 0xa0, 0x00, 0xa2, 0x04, 0x13, 
	0x01, 0x10, 0x54, 0x44, 0x10, 0x03, 0x56, 0x44, 
	0x31, 0x50, 0x41, 0x12, 0x66, 0x74, 0x44, 0x66, 
	0x67, 0x96, 0x96, 0x46, 0x66, 0x10, 0x41, 0x43, 
	0x14, 0x46, 0x65, 0x30, 0x30, 0x34, 0x13, 0x85, 
	0x35, 0x1a, 0xa3, 0x44, 0x21, 0x15, 0x33, 0x44, 
	0x54, 0x1a, 0x01, 0x24, 0x66, 0x94, 0x67, 0x77, 
	0x77, 0x77, 0x96, 0x67, 0x64, 0x15, 0x40, 0x01, 
	
};

Gfx totwc_dl_FIR_O_DD_SWAMP01_ci4_pal_rgba16_aligner[] = {gsSPEndDisplayList()};
u8 totwc_dl_FIR_O_DD_SWAMP01_ci4_pal_rgba16[] = {
	0x6b, 0x15, 0x62, 0xd1, 0x52, 0x4f, 0x73, 0x13, 
	0x5a, 0x4d, 0x62, 0xcf, 0x49, 0xcb, 0x39, 0x89, 
	0x6a, 0xcf, 0x31, 0x47, 0x7b, 0x97, 0x51, 0xc9, 
	0x41, 0x89, 0x73, 0x11, 
};

Gfx totwc_dl_k12_kb06CI_ci4_aligner[] = {gsSPEndDisplayList()};
u8 totwc_dl_k12_kb06CI_ci4[] = {
	0x00, 0x00, 0x11, 0x11, 0x12, 0x02, 0x34, 0x22, 
	0x23, 0x31, 0x11, 0x23, 0x23, 0x15, 0x32, 0x16, 
	0x15, 0x55, 0x51, 0x13, 0x35, 0x03, 0x21, 0x00, 
	0x30, 0x35, 0x36, 0x76, 0x88, 0x33, 0x00, 0x24, 
	0x15, 0x50, 0x11, 0x11, 0x00, 0x05, 0x01, 0x29, 
	0x93, 0x55, 0x10, 0x59, 0x55, 0x05, 0xa1, 0x12, 
	0x05, 0x05, 0x51, 0xa0, 0x50, 0x10, 0x55, 0x5a, 
	0x33, 0xaa, 0x33, 0x39, 0x9a, 0x05, 0x50, 0x50, 
	0x10, 0x55, 0x00, 0x11, 0x11, 0x10, 0x01, 0x5a, 
	0x55, 0x01, 0x10, 0x59, 0x55, 0xa9, 0x35, 0x01, 
	0x55, 0xaa, 0x55, 0x00, 0xa3, 0x5a, 0xa5, 0x55, 
	0xaa, 0xaa, 0x95, 0xa0, 0x05, 0x55, 0xa0, 0x01, 
	0x55, 0x00, 0x50, 0x01, 0x00, 0x44, 0x11, 0x50, 
	0x55, 0x00, 0x03, 0xa5, 0xaa, 0xa9, 0xaa, 0x54, 
	0x33, 0x9a, 0xa5, 0x01, 0x5a, 0x53, 0x93, 0xa5, 
	0x89, 0x99, 0x99, 0xa1, 0xaa, 0xa0, 0xaa, 0xa5, 
	0x5a, 0xa5, 0xa5, 0xa0, 0x01, 0x41, 0x41, 0x55, 
	0x05, 0x55, 0x39, 0x85, 0x3a, 0xa8, 0x5a, 0x51, 
	0xa5, 0x99, 0x55, 0x05, 0x05, 0xa3, 0x39, 0x9a, 
	0x9a, 0x85, 0x88, 0x54, 0x0a, 0xa5, 0x55, 0xa5, 
	0x5a, 0xa0, 0x9a, 0x01, 0x00, 0x14, 0x12, 0x9a, 
	0x05, 0x55, 0x53, 0x83, 0x93, 0x59, 0x5a, 0xa1, 
	0x95, 0x95, 0xa0, 0x00, 0x55, 0x9a, 0xa5, 0x59, 
	0xaa, 0x9a, 0x98, 0xa0, 0xa5, 0xaa, 0x5a, 0x55, 
	0x50, 0x50, 0x55, 0xa1, 0x40, 0x10, 0x02, 0xa5, 
	0x3a, 0x50, 0x55, 0x8a, 0xa5, 0xaa, 0xa9, 0x90, 
	0xaa, 0xaa, 0x55, 0xaa, 0x50, 0x99, 0x9a, 0x53, 
	0xaa, 0xa9, 0x99, 0xa3, 0xaa, 0x5a, 0xaa, 0x55, 
	0x91, 0x00, 0xa5, 0x91, 0x10, 0x10, 0x02, 0x39, 
	0x8a, 0x1a, 0x58, 0xba, 0xaa, 0xaa, 0x89, 0x95, 
	0x59, 0x80, 0x5a, 0xa5, 0x00, 0xa8, 0x95, 0xa3, 
	0x5a, 0xa9, 0x99, 0x93, 0x95, 0xa5, 0x15, 0x05, 
	0xa1, 0x10, 0x5a, 0xa4, 0x05, 0x41, 0x02, 0x39, 
	0x35, 0xa5, 0xa9, 0x95, 0x9a, 0xa3, 0x88, 0x50, 
	0x55, 0xaa, 0x5a, 0xa5, 0x5a, 0x98, 0xa5, 0xa9, 
	0xaa, 0x38, 0x99, 0x35, 0x50, 0x35, 0x05, 0x5a, 
	0x95, 0x00, 0x5a, 0x04, 0x05, 0x04, 0x02, 0x89, 
	0x93, 0x35, 0x38, 0xa0, 0xaa, 0x99, 0x88, 0x20, 
	0x1a, 0xa5, 0xaa, 0x55, 0x59, 0x99, 0xa5, 0x59, 
	0x59, 0x98, 0x99, 0x92, 0x00, 0x35, 0x0a, 0x5a, 
	0x53, 0x41, 0x50, 0x51, 0x15, 0x10, 0x02, 0x99, 
	0x88, 0x55, 0x98, 0x90, 0xaa, 0x38, 0x83, 0x22, 
	0x25, 0x55, 0xa9, 0xaa, 0x35, 0xa8, 0x35, 0x5a, 
	0xa9, 0x88, 0x88, 0x82, 0xa0, 0xaa, 0xa5, 0x53, 
	0xaa, 0x55, 0xa5, 0x00, 0x15, 0x05, 0x12, 0x39, 
	0x98, 0x33, 0x98, 0xaa, 0x39, 0x0b, 0x83, 0x52, 
	0x0a, 0xa5, 0x59, 0x59, 0x95, 0x9a, 0x9a, 0x5a, 
	0x93, 0xb8, 0xbb, 0xa1, 0x50, 0x55, 0x50, 0x55, 
	0x99, 0xa0, 0x51, 0x10, 0x50, 0x10, 0x14, 0x59, 
	0x93, 0xa9, 0x99, 0x88, 0x8a, 0x39, 0x99, 0x33, 
	0x0a, 0x35, 0x5a, 0x53, 0x99, 0x99, 0xa5, 0x89, 
	0x98, 0xb8, 0xb8, 0xa0, 0x5a, 0xaa, 0x05, 0x5a, 
	0x89, 0xa0, 0x11, 0x55, 0x50, 0x11, 0x14, 0x59, 
	0x5a, 0x99, 0xcc, 0xb8, 0x89, 0x39, 0x98, 0xa2, 
	0x55, 0xa5, 0xa9, 0x93, 0x88, 0xa9, 0x95, 0x98, 
	0x98, 0x89, 0x98, 0x30, 0x5a, 0x00, 0x09, 0xa9, 
	0x95, 0x54, 0x15, 0x55, 0x50, 0x54, 0x0d, 0xa3, 
	0x51, 0x53, 0x88, 0x88, 0x89, 0x93, 0x99, 0x51, 
	0x05, 0xaa, 0x98, 0x98, 0x99, 0x98, 0xa5, 0xaa, 
	0x9a, 0x89, 0x39, 0x51, 0x55, 0x01, 0x05, 0x55, 
	0x22, 0x44, 0x11, 0x12, 0x12, 0x14, 0x4d, 0x10, 
	0x11, 0x03, 0x32, 0x39, 0x93, 0x99, 0x33, 0x44, 
	0x11, 0x05, 0x0a, 0xa3, 0x01, 0x22, 0x44, 0x45, 
	0x12, 0x12, 0x14, 0x44, 0x41, 0x11, 0x11, 0x21, 
	0x38, 0xbe, 0xee, 0xb8, 0xb8, 0x95, 0x36, 0x61, 
	0x55, 0x39, 0x24, 0x3a, 0x88, 0x88, 0x91, 0x02, 
	0x21, 0x10, 0x10, 0x41, 0x29, 0x38, 0x8c, 0xc7, 
	0x71, 0x21, 0x23, 0x67, 0x76, 0x78, 0x33, 0x3d, 
	0x9b, 0xef, 0xee, 0xee, 0xeb, 0xbe, 0xbb, 0xba, 
	0xb9, 0x99, 0xb1, 0xce, 0xce, 0xb8, 0x8a, 0x89, 
	0x95, 0xa8, 0x88, 0x14, 0x9b, 0x88, 0xbc, 0xec, 
	0xee, 0xeb, 0xec, 0xbe, 0xcc, 0xec, 0xcc, 0x81, 
	0x9b, 0xee, 0xeb, 0xbe, 0xbb, 0xb8, 0x89, 0x98, 
	0xbb, 0xb9, 0x8d, 0xce, 0xee, 0xee, 0x88, 0x90, 
	0x0a, 0x8b, 0xbe, 0xa1, 0x6b, 0xcb, 0xbe, 0xee, 
	0xef, 0xfe, 0xbe, 0xbe, 0xee, 0xeb, 0x89, 0x14, 
	0x9e, 0xeb, 0xeb, 0xbb, 0xb8, 0x89, 0x88, 0x88, 
	0xbb, 0xb8, 0xa2, 0xbe, 0xef, 0xef, 0xef, 0xeb, 
	0x8a, 0xee, 0xef, 0xb3, 0x3e, 0xfe, 0xef, 0xee, 
	0xef, 0xfe, 0xef, 0xee, 0xeb, 0xeb, 0x93, 0x0d, 
	0x8e, 0xeb, 0xbe, 0xbb, 0xe8, 0x98, 0x99, 0x89, 
	0x8b, 0x88, 0x93, 0xee, 0xef, 0xee, 0xef, 0xff, 
	0xeb, 0xee, 0xef, 0xb9, 0x2e, 0xfe, 0xee, 0xfe, 
	0xee, 0xff, 0xef, 0xeb, 0xee, 0xbb, 0x90, 0x0d, 
	0x8f, 0xb8, 0xbb, 0xbb, 0xbe, 0xa9, 0x98, 0x8a, 
	0x88, 0xba, 0x95, 0xee, 0xee, 0xee, 0xee, 0xff, 
	0xeb, 0xfe, 0xbb, 0xb8, 0x39, 0xfe, 0xee, 0xee, 
	0xee, 0xef, 0xeb, 0xee, 0xbe, 0xeb, 0x90, 0x12, 
	0x8b, 0xb8, 0xbb, 0xbb, 0xbf, 0x9a, 0x98, 0x99, 
	0xbb, 0x88, 0x11, 0xee, 0xfe, 0xee, 0xee, 0xef, 
	0xfe, 0xfe, 0xbb, 0x8b, 0x2a, 0xef, 0xfe, 0xfe, 
	0xee, 0xeb, 0xeb, 0xbe, 0xb8, 0xee, 0xa5, 0x54, 
	0x9b, 0x8b, 0xb8, 0x8b, 0xbb, 0x59, 0xaa, 0x8a, 
	0xbb, 0x88, 0x12, 0xfe, 0xfe, 0xee, 0xeb, 0xee, 
	0xfe, 0xee, 0xb8, 0x88, 0x23, 0xee, 0xfb, 0xee, 
	0xff, 0xeb, 0xee, 0xbb, 0xe8, 0xbe, 0xa5, 0x14, 
	0x9e, 0x88, 0x99, 0x88, 0xba, 0x05, 0xa9, 0x88, 
	0x88, 0x89, 0x12, 0xfe, 0xee, 0xfe, 0xeb, 0xee, 
	0xbc, 0xeb, 0xbb, 0xc8, 0x2a, 0xee, 0xee, 0xee, 
	0xef, 0xbb, 0xbe, 0xbe, 0xbe, 0x9b, 0x90, 0x04, 
	0x9e, 0xb8, 0xa8, 0x99, 0x9a, 0x05, 0x58, 0xb8, 
	0xb8, 0x8b, 0x11, 0xee, 0xee, 0xef, 0xbb, 0xbe, 
	0xbb, 0xeb, 0xbb, 0xc8, 0x3a, 0xbe, 0xee, 0xeb, 
	0xee, 0xb8, 0xbb, 0xbb, 0xbf, 0x8b, 0x90, 0x04, 
	0x3e, 0xb9, 0x39, 0xa9, 0xaa, 0x5a, 0x98, 0xbb, 
	0xb8, 0xb8, 0x42, 0xee, 0xee, 0xee, 0xbb, 0xbb, 
	0xbb, 0xeb, 0xbb, 0xb8, 0x0a, 0xee, 0xff, 0xee, 
	0xbb, 0x8b, 0xb8, 0x8b, 0xeb, 0xa9, 0x90, 0xa0, 
	0x98, 0x98, 0x95, 0x59, 0x99, 0xa5, 0xab, 0xbb, 
	0xbb, 0xb5, 0x41, 0xee, 0xbe, 0xbb, 0x8b, 0xbb, 
	0xbb, 0xbb, 0xbe, 0x98, 0x09, 0xff, 0xff, 0xee, 
	0xbe, 0x88, 0x88, 0x88, 0xba, 0xbb, 0x90, 0x55, 
	0x39, 0x3a, 0x95, 0xab, 0xbb, 0x8a, 0x8b, 0xbb, 
	0xbb, 0x95, 0x42, 0xee, 0xee, 0xbb, 0x8b, 0xbb, 
	0xbb, 0x8b, 0xb8, 0x8b, 0xa9, 0xef, 0xff, 0xee, 
	0xbe, 0xb8, 0xa9, 0x88, 0x8b, 0x98, 0x90, 0x50, 
	0x8a, 0xa3, 0x5a, 0x9b, 0xee, 0x89, 0xbb, 0xb8, 
	0xb9, 0xb2, 0x42, 0xee, 0xee, 0xbe, 0x88, 0xb8, 
	0x8b, 0x8b, 0xb9, 0x88, 0x19, 0xff, 0xff, 0xff, 
	0xee, 0xb9, 0xa9, 0x98, 0xb8, 0x9b, 0x89, 0x54, 
	0x10, 0x35, 0xa5, 0x98, 0xbb, 0xb8, 0x9b, 0x98, 
	0x93, 0x11, 0x01, 0xbe, 0xee, 0xbe, 0xbb, 0x8a, 
	0x88, 0xa9, 0x98, 0x8a, 0x19, 0xee, 0xff, 0xff, 
	0xee, 0xbb, 0x89, 0x9b, 0x98, 0x8b, 0xb8, 0x91, 
	0x41, 0x01, 0x50, 0x99, 0x99, 0xaa, 0xa5, 0x8a, 
	0xa0, 0x41, 0x14, 0x5a, 0x99, 0x99, 0x88, 0xb9, 
	0x89, 0x5a, 0x95, 0x21, 0x45, 0x0a, 0x98, 0xa9, 
	0x9c, 0x8a, 0xa9, 0xb9, 0x53, 0x59, 0xa0, 0x4d, 
	0x00, 0x24, 0x41, 0x01, 0x06, 0x33, 0x00, 0x55, 
	0x01, 0x14, 0x11, 0x01, 0xa8, 0x7b, 0xb9, 0x99, 
	0x29, 0x53, 0x39, 0x30, 0x33, 0x35, 0x50, 0x53, 
	0x35, 0x5a, 0x93, 0xd0, 0x10, 0x38, 0x3a, 0xa9, 
	0xaa, 0xa0, 0x45, 0x50, 0x02, 0x99, 0x55, 0x55, 
	0x10, 0x04, 0x00, 0x55, 0x93, 0x93, 0xa3, 0x59, 
	0x33, 0x3a, 0x39, 0x80, 0xaa, 0xa3, 0x00, 0x05, 
	0x55, 0x51, 0x50, 0x10, 0x2a, 0xaa, 0x05, 0x59, 
	0x9b, 0xaa, 0xa5, 0x50, 0x4a, 0x98, 0x79, 0x99, 
	0xa0, 0x01, 0x05, 0x5a, 0x9a, 0xa9, 0x55, 0x37, 
	0x53, 0x88, 0x9c, 0x85, 0xa5, 0xa9, 0x0a, 0x05, 
	0x53, 0x51, 0x41, 0x05, 0xd9, 0xaa, 0x55, 0xaa, 
	0x88, 0x98, 0xa0, 0x04, 0xd6, 0x8b, 0x77, 0x89, 
	0x87, 0x6a, 0x50, 0x55, 0x99, 0x99, 0x55, 0x67, 
	0x29, 0x8b, 0x7c, 0x95, 0xa5, 0x59, 0xaa, 0x35, 
	0x35, 0xa1, 0x15, 0x29, 0x1a, 0xa5, 0xa5, 0x5a, 
	0x8b, 0x89, 0x51, 0x44, 0xd6, 0xcb, 0xf7, 0x7c, 
	0xcc, 0x78, 0x8a, 0x55, 0xa8, 0xb3, 0x99, 0x66, 
	0x38, 0x88, 0xcc, 0xb9, 0x39, 0xa9, 0x93, 0xa3, 
	0x5b, 0xe9, 0x99, 0x40, 0x5a, 0x0a, 0xa1, 0xa5, 
	0x8b, 0x99, 0x51, 0x41, 0xd6, 0xcb, 0xf7, 0xcc, 
	0xcc, 0xe7, 0xc9, 0xa9, 0x88, 0x85, 0x36, 0x66, 
	0x88, 0xcc, 0xcc, 0xc9, 0x39, 0x39, 0x33, 0x53, 
	0xac, 0xe8, 0x5a, 0xd1, 0x5a, 0x0a, 0x91, 0xa9, 
	0xbb, 0x5a, 0x04, 0x41, 0xd8, 0xcc, 0xfc, 0xcc, 
	0xcc, 0xcc, 0x76, 0xa9, 0xb8, 0xa6, 0x66, 0x76, 
	0xc8, 0x8c, 0xcc, 0x88, 0x33, 0x99, 0x90, 0x55, 
	0x5e, 0xba, 0x5a, 0xd4, 0xa0, 0x5a, 0x95, 0x98, 
	0x04, 0x40, 0x14, 0xdd, 0xd6, 0xcb, 0xff, 0xc7, 
	0x7c, 0xcc, 0x97, 0x98, 0x8b, 0x87, 0x77, 0x76, 
	0x88, 0xcc, 0xcc, 0xbb, 0xa3, 0x33, 0x30, 0x55, 
	0x9e, 0xb0, 0x5a, 0x41, 0x10, 0x5a, 0x9a, 0x83, 
	0x14, 0x10, 0x44, 0xdd, 0xd9, 0x8b, 0xef, 0xcf, 
	0xec, 0xc8, 0x39, 0xeb, 0xbb, 0x87, 0x77, 0x76, 
	0x8c, 0xcc, 0xcc, 0xbb, 0x3a, 0x95, 0x55, 0x55, 
	0xbb, 0xaa, 0x53, 0x41, 0x00, 0x05, 0xaa, 0x8a, 
	0x05, 0x14, 0x04, 0xdd, 0xd6, 0x98, 0xbf, 0x7e, 
	0xec, 0xcc, 0x97, 0xeb, 0xbb, 0x89, 0x66, 0x62, 
	0x7b, 0xcc, 0xcc, 0xb8, 0x33, 0x33, 0x55, 0x09, 
	0xc8, 0xa9, 0x53, 0xd1, 0x51, 0x5a, 0x5a, 0x95, 
	0x04, 0x41, 0x4d, 0xdd, 0x12, 0x99, 0x8e, 0xbb, 
	0xff, 0xfc, 0xc7, 0xbe, 0xb8, 0x95, 0x55, 0x32, 
	0x7c, 0xbb, 0xeb, 0xb9, 0xa3, 0x53, 0x50, 0x33, 
	0x8b, 0x80, 0xa5, 0xd4, 0xa1, 0xaa, 0x9a, 0x95, 
	0x14, 0x14, 0x44, 0x44, 0x56, 0x8a, 0xa9, 0x5a, 
	0x8f, 0xff, 0xc8, 0x8b, 0xbc, 0xb3, 0x9a, 0x76, 
	0x6b, 0x87, 0xcb, 0x98, 0x95, 0x55, 0xa9, 0xa8, 
	0xbe, 0x99, 0x95, 0xd1, 0x00, 0xa9, 0x89, 0x55, 
	0x11, 0x44, 0x01, 0x14, 0x02, 0x93, 0x5a, 0x55, 
	0xaf, 0xfc, 0xbb, 0x98, 0xbb, 0xb9, 0x93, 0x62, 
	0x68, 0x8b, 0x89, 0x99, 0x9a, 0x5a, 0x00, 0x59, 
	0xbb, 0x95, 0xa0, 0xd4, 0x15, 0xa9, 0x94, 0x14, 
	0xa2, 0x40, 0x50, 0x44, 0x42, 0x3a, 0xa3, 0x50, 
	0x8e, 0x8b, 0xbb, 0xbb, 0xb8, 0xb8, 0xa9, 0x52, 
	0x6b, 0xbc, 0xbb, 0x88, 0x33, 0x30, 0x10, 0x3a, 
	0x99, 0x85, 0x15, 0x24, 0x44, 0x09, 0x9a, 0x99, 
	0x14, 0x04, 0x44, 0x10, 0x41, 0x55, 0x9a, 0x01, 
	0xab, 0xbb, 0xbb, 0x88, 0x88, 0x9a, 0x95, 0x36, 
	0x68, 0xcb, 0x8b, 0x89, 0x65, 0xa5, 0x04, 0x10, 
	0xab, 0xba, 0x00, 0x41, 0x11, 0x11, 0x00, 0xaa, 
	0x41, 0xd4, 0xd4, 0xd4, 0xdd, 0x12, 0x50, 0x52, 
	0x55, 0x00, 0x30, 0x99, 0x88, 0xa0, 0x51, 0x22, 
	0x66, 0x21, 0x32, 0x32, 0x21, 0x02, 0x14, 0x42, 
	0x02, 0x62, 0x12, 0xdd, 0x40, 0x02, 0x01, 0x51, 
	0x16, 0x31, 0x28, 0x93, 0x30, 0x23, 0x5a, 0xa9, 
	0x25, 0x95, 0x36, 0x30, 0x50, 0x05, 0x50, 0x50, 
	0x53, 0x22, 0x20, 0x12, 0x33, 0x03, 0x22, 0x76, 
	0x93, 0x68, 0x67, 0x63, 0x36, 0x39, 0x93, 0x22, 
	0x23, 0x51, 0x53, 0x88, 0x99, 0xa0, 0x59, 0x8b, 
	0xa0, 0x5a, 0x81, 0x90, 0x50, 0xa5, 0x35, 0xa5, 
	0x5a, 0x35, 0x50, 0x03, 0x33, 0x50, 0x56, 0x83, 
	0x33, 0x33, 0x89, 0x53, 0x88, 0xa3, 0x9a, 0x03, 
	0x50, 0x11, 0x0a, 0x98, 0xbb, 0xaa, 0x8b, 0xb8, 
	0xaa, 0x00, 0x92, 0xaa, 0x99, 0x95, 0x93, 0x88, 
	0x95, 0x5a, 0x33, 0x93, 0x78, 0x58, 0x81, 0x39, 
	0xa5, 0x3a, 0x98, 0xa9, 0x98, 0x93, 0xaa, 0x02, 
	0x39, 0x55, 0x88, 0x8b, 0xeb, 0x99, 0x88, 0x89, 
	0x35, 0x01, 0xa2, 0x99, 0xa9, 0xa3, 0x37, 0x78, 
	0x83, 0x99, 0x9a, 0x78, 0x79, 0x58, 0x94, 0x23, 
	0x3a, 0x55, 0x99, 0x39, 0x39, 0x83, 0xaa, 0x51, 
	0x33, 0xa8, 0xbb, 0x8e, 0xeb, 0x59, 0x59, 0xa1, 
	0x09, 0x3a, 0xa1, 0x8a, 0x39, 0xa3, 0x53, 0xb3, 
	0x93, 0x93, 0x89, 0x86, 0x8a, 0x1b, 0x90, 0x25, 
	0x85, 0x9a, 0xa9, 0x88, 0x95, 0x88, 0x93, 0x92, 
	0x39, 0x38, 0xbb, 0xbe, 0xe1, 0x52, 0x50, 0x1a, 
	0xa8, 0x8a, 0x91, 0x89, 0xa3, 0x95, 0x39, 0x89, 
	0x53, 0x98, 0x93, 0x83, 0x89, 0x6a, 0x90, 0x2a, 
	0x95, 0x8a, 0x98, 0x89, 0x95, 0x99, 0x99, 0x32, 
	0x53, 0x38, 0xce, 0xec, 0xa3, 0x51, 0x22, 0x23, 
	0xa8, 0xa5, 0x83, 0x88, 0x9a, 0x93, 0x88, 0x59, 
	0xa7, 0x77, 0x69, 0x33, 0x8c, 0xb2, 0x91, 0x39, 
	0x35, 0x9a, 0x98, 0x89, 0xaa, 0x88, 0x93, 0x83, 
	0x39, 0x38, 0xec, 0x88, 0x3a, 0x10, 0x05, 0x93, 
	0x98, 0x98, 0xb6, 0x88, 0x8a, 0x99, 0xb8, 0x5a, 
	0xa9, 0x69, 0x33, 0x55, 0xbc, 0xc1, 0x54, 0x39, 
	0x35, 0xaa, 0x98, 0x93, 0x33, 0xb8, 0x99, 0x92, 
	0x38, 0x8c, 0xeb, 0xcb, 0xb3, 0x01, 0x30, 0x38, 
	0x88, 0x8b, 0xb9, 0x88, 0x88, 0x8c, 0x88, 0x35, 
	0x67, 0x99, 0xa9, 0x53, 0xce, 0xc8, 0x41, 0x33, 
	0x93, 0x99, 0x38, 0x95, 0x98, 0x8b, 0x9b, 0x85, 
	0xc8, 0x88, 0xc8, 0x03, 0x90, 0x15, 0x95, 0x8b, 
	0x88, 0x98, 0x93, 0x89, 0xbb, 0xb9, 0x89, 0x3a, 
	0x39, 0x99, 0x0a, 0x03, 0xcc, 0xb3, 0x1d, 0x8a, 
	0x99, 0x3a, 0x38, 0x8a, 0x99, 0xc8, 0xc8, 0x83, 
	0x88, 0x98, 0xca, 0x98, 0x93, 0x08, 0x8b, 0xb8, 
	0xa9, 0x98, 0x88, 0x88, 0xcb, 0xb8, 0x98, 0x93, 
	0x95, 0x88, 0x33, 0x19, 0xcc, 0xb8, 0x54, 0xca, 
	0x98, 0x93, 0x83, 0x93, 0xb9, 0xb9, 0x88, 0x83, 
	0x88, 0x96, 0x9a, 0x39, 0xa5, 0x98, 0x88, 0xb9, 
	0x8a, 0xa8, 0xb9, 0x99, 0xcb, 0x88, 0x88, 0x89, 
	0x83, 0x99, 0x99, 0x59, 0xcb, 0x8b, 0x80, 0x69, 
	0x98, 0x89, 0x89, 0x98, 0x88, 0xc8, 0x8b, 0x85, 
	0x88, 0x39, 0x30, 0x38, 0x55, 0xa9, 0x8b, 0x8a, 
	0x88, 0x98, 0xb3, 0x93, 0x88, 0xeb, 0xeb, 0x99, 
	0x37, 0x79, 0xc8, 0x30, 0xc9, 0x9b, 0x85, 0x63, 
	0x38, 0xc9, 0x39, 0x88, 0x8c, 0xcc, 0xb8, 0x83, 
	0x89, 0x58, 0x34, 0x12, 0x13, 0x98, 0xbb, 0xb9, 
	0x98, 0x88, 0x83, 0x8a, 0xa9, 0x93, 0x8b, 0x93, 
	0x3a, 0x5a, 0x88, 0x30, 0x53, 0x93, 0x82, 0x6a, 
	0x38, 0xca, 0x99, 0x98, 0x38, 0x9c, 0x89, 0x92, 
	0x33, 0x35, 0x14, 0xd4, 0x35, 0x13, 0x99, 0x83, 
	0x5a, 0x38, 0x31, 0x99, 0x93, 0x55, 0x53, 0x35, 
	0x30, 0x55, 0x03, 0x41, 0x11, 0x30, 0x51, 0x6a, 
	0x9a, 0x83, 0x9a, 0x01, 0x9c, 0x88, 0x23, 0x89, 
	0x22, 0x22, 0xd4, 0x40, 0x22, 0x09, 0x93, 0x35, 
	0x23, 0x23, 0x44, 0x20, 0x05, 0x15, 0x11, 0x22, 
	0x12, 0x01, 0x22, 0x41, 0x41, 0x20, 0x11, 0x22, 
	0x30, 0x33, 0x35, 0x17, 0x33, 0x36, 0x57, 0xc2, 
	
};

Gfx totwc_dl_k12_kb06CI_ci4_pal_rgba16_aligner[] = {gsSPEndDisplayList()};
u8 totwc_dl_k12_kb06CI_ci4_pal_rgba16[] = {
	0x3a, 0x57, 0x29, 0xd3, 0x3a, 0x53, 0x53, 0x17, 
	0x21, 0x91, 0x42, 0x97, 0x5b, 0x15, 0x6b, 0x99, 
	0x6b, 0xdd, 0x5b, 0x5b, 0x4b, 0x19, 0x7c, 0x61, 
	0x84, 0x5f, 0x08, 0x8b, 0x95, 0x27, 0xad, 0xeb, 
	
};

Gfx totwc_dl_OSC_O_M_WALL06_ci4_aligner[] = {gsSPEndDisplayList()};
u8 totwc_dl_OSC_O_M_WALL06_ci4[] = {
	0x00, 0x00, 0x00, 0x00, 0x00, 0x00, 0x00, 0x00, 
	0x00, 0x01, 0x11, 0x22, 0x10, 0x01, 0x11, 0x01, 
	0x01, 0x11, 0x11, 0x11, 0x11, 0x11, 0x21, 0x11, 
	0x22, 0x11, 0x22, 0x12, 0x11, 0x21, 0x11, 0x12, 
	0x22, 0x21, 0x22, 0x30, 0x12, 0x11, 0x42, 0x22, 
	0x22, 0x21, 0x10, 0x11, 0x11, 0x12, 0x22, 0x11, 
	0x11, 0x12, 0x21, 0x10, 0x11, 0x11, 0x21, 0x11, 
	0x11, 0x11, 0x12, 0x11, 0x02, 0x00, 0x00, 0x00, 
	0x45, 0x64, 0x44, 0x54, 0x64, 0x42, 0x22, 0x44, 
	0x44, 0x46, 0x53, 0x57, 0x44, 0x25, 0x56, 0x66, 
	0x56, 0x34, 0x54, 0x55, 0x56, 0x56, 0x65, 0x55, 
	0x85, 0x55, 0x55, 0x55, 0x55, 0x56, 0x55, 0x68, 
	0x88, 0x88, 0x99, 0x88, 0x88, 0x85, 0x85, 0x54, 
	0x55, 0x58, 0x99, 0x55, 0x78, 0x55, 0x85, 0x75, 
	0x54, 0x44, 0x44, 0x65, 0x44, 0x54, 0x48, 0x86, 
	0x55, 0x55, 0x57, 0x56, 0x44, 0x44, 0x44, 0x44, 
	0x99, 0x98, 0x99, 0xa9, 0x99, 0x88, 0xaa, 0xa8, 
	0xa9, 0x9a, 0xaa, 0xaa, 0xa8, 0x9a, 0xa9, 0x9a, 
	0x8a, 0xa8, 0xba, 0xaa, 0xaa, 0xaa, 0xab, 0xab, 
	0xaa, 0xab, 0xaa, 0x98, 0x99, 0x99, 0xab, 0xaa, 
	0xaa, 0xaa, 0xaa, 0xaa, 0xa9, 0xaa, 0xbb, 0xab, 
	0xba, 0xba, 0x99, 0x9a, 0x88, 0xaa, 0xaa, 0xaa, 
	0xaa, 0xaa, 0xa8, 0xa9, 0x9a, 0xaa, 0xaa, 0xaa, 
	0xaa, 0xaa, 0xaa, 0xaa, 0xaa, 0xaa, 0x99, 0xaa, 
	0x22, 0x11, 0x04, 0x89, 0x88, 0x89, 0x64, 0x42, 
	0x21, 0x24, 0x24, 0x59, 0x99, 0x98, 0x53, 0x43, 
	0x33, 0x34, 0x66, 0xaa, 0xaa, 0x96, 0x57, 0x78, 
	0x87, 0x75, 0xab, 0xab, 0xab, 0xaa, 0x44, 0x77, 
	0x77, 0x56, 0x99, 0xaa, 0xa5, 0x43, 0x38, 0x88, 
	0x88, 0x83, 0x46, 0x66, 0x54, 0x35, 0x77, 0x77, 
	0x78, 0x73, 0x44, 0x59, 0x64, 0x45, 0x78, 0x77, 
	0x77, 0x74, 0x22, 0x22, 0x44, 0x12, 0x22, 0x23, 
	0x22, 0x5b, 0xcc, 0xdc, 0xcc, 0xec, 0xcc, 0xea, 
	0x21, 0x6b, 0xcc, 0xee, 0xee, 0xcd, 0xcb, 0x63, 
	0x12, 0x6b, 0xee, 0xee, 0xee, 0xcc, 0xce, 0x93, 
	0x35, 0xac, 0xde, 0xee, 0xbe, 0xbe, 0xce, 0xa6, 
	0x46, 0xec, 0xcf, 0xcc, 0xcc, 0xcb, 0x85, 0x8a, 
	0x83, 0xaa, 0xbc, 0xdc, 0xcc, 0xec, 0xe9, 0x57, 
	0x73, 0x9e, 0xcc, 0xcc, 0xcc, 0xce, 0xb9, 0x78, 
	0x74, 0x4a, 0xbe, 0xcc, 0xcc, 0xcc, 0xbb, 0x84, 
	0x6e, 0xdc, 0xa4, 0x32, 0x21, 0x14, 0x8b, 0xcd, 
	0xbb, 0xdc, 0xa6, 0x44, 0x22, 0x28, 0x9e, 0xeb, 
	0x9e, 0xcb, 0x83, 0x44, 0x45, 0x24, 0x9e, 0xcc, 
	0x9c, 0xdb, 0x85, 0x22, 0x12, 0x43, 0x8b, 0xec, 
	0xac, 0xdb, 0xb8, 0x88, 0x68, 0xbc, 0xde, 0x88, 
	0x8c, 0xdc, 0xeb, 0xa9, 0x9a, 0xac, 0xcd, 0xca, 
	0x6b, 0xce, 0xa5, 0x55, 0x55, 0x5b, 0xcc, 0xe7, 
	0x5b, 0xcd, 0xea, 0x83, 0x45, 0x5a, 0xec, 0xdc, 
	0xcd, 0xa2, 0x2a, 0xbe, 0xeb, 0xb6, 0x22, 0x2b, 
	0xcd, 0xa2, 0x6a, 0xec, 0xeb, 0xb9, 0x57, 0xaa, 
	0xcc, 0x54, 0xae, 0xcc, 0xcc, 0xa4, 0x77, 0xae, 
	0xdc, 0x95, 0x6b, 0xee, 0xce, 0xe9, 0x57, 0x7a, 
	0xed, 0xe6, 0x46, 0x9a, 0xb9, 0x45, 0xac, 0xca, 
	0xcd, 0xe8, 0x9a, 0xee, 0xeb, 0xb9, 0x49, 0xcb, 
	0xcd, 0xa4, 0x9a, 0xbb, 0xa9, 0x58, 0x7a, 0xc9, 
	0xcd, 0xe8, 0x31, 0x69, 0xa8, 0x44, 0x42, 0xbb, 
	0xda, 0xe6, 0xed, 0xee, 0xbb, 0xcd, 0x83, 0x2b, 
	0xdb, 0xe9, 0xdb, 0xea, 0x9a, 0xbc, 0xe7, 0x4e, 
	0xdb, 0xba, 0xdc, 0xce, 0xbe, 0xcc, 0xb3, 0x3b, 
	0xdb, 0xc6, 0xcd, 0xeb, 0xab, 0xbf, 0xb7, 0x39, 
	0xde, 0xfc, 0x9c, 0xdc, 0xfc, 0xce, 0x75, 0xab, 
	0xdb, 0x5b, 0xdd, 0xce, 0xcc, 0xcd, 0xe4, 0x4e, 
	0xdb, 0x9b, 0xcc, 0xcc, 0xcd, 0xc8, 0x85, 0x9c, 
	0xca, 0xe4, 0xee, 0xcc, 0xec, 0xd5, 0x37, 0x2e, 
	0xe2, 0xec, 0x94, 0x20, 0x21, 0xad, 0xe2, 0x4d, 
	0xc9, 0xcb, 0x52, 0x69, 0x95, 0x5e, 0xd4, 0xad, 
	0xea, 0xde, 0xb5, 0x59, 0x94, 0x5e, 0xd7, 0x2c, 
	0xc5, 0xee, 0x98, 0x6a, 0x96, 0x6c, 0xc7, 0x2e, 
	0xe6, 0x9c, 0xca, 0x86, 0x25, 0xed, 0xa4, 0x5c, 
	0xce, 0xeb, 0xe8, 0x45, 0x64, 0x3b, 0xda, 0x6d, 
	0xcb, 0xca, 0xb5, 0x25, 0x4a, 0xcc, 0x84, 0xcd, 
	0xaa, 0xcb, 0xab, 0x64, 0x49, 0xdc, 0x82, 0xad, 
	0x2e, 0xee, 0xe9, 0xbc, 0xc5, 0x6d, 0xb2, 0xad, 
	0x94, 0xac, 0xbb, 0xdc, 0xda, 0x5b, 0xd5, 0xed, 
	0x59, 0xac, 0xeb, 0xcc, 0xde, 0x3b, 0xc5, 0xad, 
	0x94, 0xeb, 0xb9, 0xec, 0xce, 0x3e, 0xd5, 0x6c, 
	0xb9, 0xc9, 0xeb, 0xbe, 0xeb, 0x5b, 0xc4, 0xad, 
	0xb9, 0xbc, 0x9b, 0xcc, 0xfa, 0x34, 0xdb, 0xed, 
	0x86, 0xbc, 0xaa, 0xec, 0xe8, 0x9d, 0xa6, 0xda, 
	0x2a, 0x9e, 0xaa, 0xbc, 0xb1, 0xed, 0x84, 0xdc, 
	0x8d, 0xbe, 0xde, 0xb6, 0xd8, 0x2d, 0xe1, 0xee, 
	0x3a, 0xea, 0xcd, 0xe9, 0xda, 0x5b, 0xd6, 0xee, 
	0x2b, 0xca, 0xed, 0xa6, 0xbc, 0x3a, 0xc5, 0xec, 
	0x39, 0xda, 0xbe, 0xc9, 0xec, 0x4a, 0xc8, 0x9d, 
	0x7a, 0xf9, 0xbf, 0xcb, 0xed, 0x89, 0xd4, 0xbd, 
	0x8c, 0xcb, 0xcd, 0xe6, 0xec, 0x78, 0xda, 0xcc, 
	0x3b, 0xe6, 0xec, 0xe9, 0xd9, 0x6d, 0x8a, 0xc7, 
	0x3e, 0xea, 0xcc, 0x9c, 0xe2, 0xcd, 0x89, 0xdb, 
	0x8c, 0xee, 0x4b, 0xc9, 0xe4, 0x6d, 0xa4, 0xbe, 
	0x36, 0xec, 0xe6, 0xec, 0xb5, 0x4e, 0xc5, 0xcb, 
	0x39, 0xcc, 0xc8, 0xbc, 0xaa, 0x4b, 0xc4, 0xec, 
	0x79, 0xce, 0xde, 0xb6, 0xce, 0x7a, 0xd5, 0xbc, 
	0x75, 0xef, 0xfe, 0xbc, 0xae, 0x6a, 0xc6, 0xed, 
	0x4e, 0xdc, 0xd9, 0xef, 0xab, 0x2b, 0xd6, 0xcb, 
	0x3a, 0xcd, 0xca, 0xce, 0xe8, 0xad, 0x5e, 0xc7, 
	0x3b, 0xce, 0xae, 0xae, 0x81, 0xcb, 0x2b, 0xd8, 
	0x32, 0x21, 0x6a, 0xbc, 0x92, 0xed, 0x44, 0xee, 
	0x62, 0x22, 0x6b, 0xeb, 0xca, 0x4d, 0xc2, 0xce, 
	0x22, 0x25, 0x22, 0x6e, 0xce, 0x6c, 0xb2, 0xbe, 
	0x42, 0x9b, 0xa4, 0xaf, 0xa6, 0x2e, 0xd4, 0xee, 
	0x57, 0x5a, 0x86, 0x6e, 0xcb, 0x6f, 0xe4, 0xed, 
	0x42, 0x45, 0x46, 0xaa, 0xec, 0x9d, 0xe4, 0xce, 
	0x42, 0x9a, 0x54, 0xbc, 0xc6, 0xcd, 0x4b, 0xe4, 
	0x44, 0x65, 0x9b, 0xd9, 0x2a, 0xda, 0x2b, 0xd9, 
	0xee, 0xcc, 0xec, 0xb8, 0xbe, 0xdb, 0x44, 0xae, 
	0xcc, 0xce, 0xec, 0xe6, 0x6e, 0xed, 0x82, 0xbc, 
	0xcc, 0xee, 0xcc, 0xda, 0x6b, 0xcc, 0x52, 0xac, 
	0xee, 0xaa, 0xae, 0xea, 0xea, 0xbd, 0xa5, 0xac, 
	0xa6, 0x99, 0xbf, 0xfb, 0xea, 0xed, 0x98, 0xbf, 
	0xfe, 0xfe, 0xcf, 0xfe, 0x49, 0xcd, 0x64, 0xbc, 
	0xea, 0xaa, 0xec, 0xca, 0xcb, 0xda, 0x48, 0xec, 
	0xcc, 0xec, 0xca, 0xac, 0xac, 0xe2, 0x45, 0xae, 
	0x12, 0x24, 0x12, 0x9b, 0xdd, 0xec, 0x84, 0x62, 
	0x25, 0x46, 0x42, 0x22, 0x9c, 0xcb, 0xe5, 0x21, 
	0xab, 0xeb, 0xa9, 0x52, 0x9c, 0xca, 0xea, 0x92, 
	0x9b, 0xbb, 0xbb, 0x94, 0x9e, 0xdb, 0x62, 0x49, 
	0xab, 0xbe, 0xea, 0x96, 0xac, 0xe9, 0xa6, 0x46, 
	0x99, 0xaa, 0xa8, 0x54, 0xaf, 0xda, 0xe6, 0x49, 
	0xbb, 0xee, 0xeb, 0x86, 0xec, 0xee, 0x52, 0x48, 
	0xab, 0x95, 0x22, 0x5e, 0xcb, 0xb8, 0x22, 0x11, 
	0xba, 0xbe, 0xdd, 0xdc, 0xb4, 0x1a, 0xee, 0xee, 
	0xbb, 0xaa, 0xab, 0xec, 0xdc, 0x54, 0xed, 0xcc, 
	0xce, 0xbb, 0xbe, 0xec, 0xdc, 0x84, 0xbe, 0xce, 
	0xeb, 0xaa, 0xbb, 0xbe, 0xce, 0x89, 0xbe, 0xea, 
	0xaa, 0x99, 0x9b, 0xec, 0xde, 0x89, 0xeb, 0xb9, 
	0xa9, 0x99, 0xaa, 0xec, 0xdc, 0xa5, 0xbe, 0xea, 
	0xa6, 0x99, 0xa9, 0xec, 0xcb, 0x3b, 0xce, 0xea, 
	0xa9, 0xab, 0xcc, 0xcc, 0x85, 0xbc, 0xcd, 0xcc, 
	0xab, 0xbb, 0xa8, 0x54, 0x21, 0x21, 0x22, 0x59, 
	0xab, 0xbb, 0xba, 0xa8, 0x54, 0x73, 0x22, 0x9b, 
	0xec, 0xec, 0xee, 0xbb, 0x87, 0x73, 0x24, 0x5b, 
	0xee, 0xee, 0xce, 0xeb, 0x87, 0x57, 0x35, 0xba, 
	0xee, 0xef, 0xce, 0xba, 0x87, 0x53, 0x49, 0xaa, 
	0xec, 0xec, 0xfe, 0xeb, 0x87, 0x72, 0x36, 0xbb, 
	0xee, 0xdd, 0xcc, 0xeb, 0x87, 0x87, 0x58, 0xec, 
	0xec, 0xee, 0xba, 0x84, 0x33, 0x44, 0x48, 0x8a, 
	0x44, 0x42, 0x21, 0x12, 0x22, 0x21, 0x22, 0x22, 
	0x24, 0x43, 0x23, 0x54, 0x47, 0x23, 0x21, 0x22, 
	0x43, 0x37, 0x35, 0x73, 0x33, 0x32, 0x23, 0x33, 
	0x42, 0x34, 0x44, 0x38, 0x37, 0x58, 0x77, 0x78, 
	0x84, 0x43, 0x37, 0x75, 0x37, 0x88, 0x87, 0x87, 
	0x55, 0x87, 0x37, 0x58, 0x57, 0x77, 0x77, 0x34, 
	0x55, 0x65, 0x53, 0x77, 0x88, 0x78, 0x77, 0x43, 
	0x73, 0x57, 0x37, 0x77, 0x73, 0x53, 0x42, 0x44, 
	0xaa, 0x99, 0xaa, 0x99, 0x99, 0xaa, 0xaa, 0x99, 
	0x99, 0x99, 0xa9, 0x99, 0x98, 0x99, 0x99, 0x99, 
	0x99, 0x99, 0x65, 0x99, 0x99, 0x99, 0x9a, 0xa9, 
	0x9a, 0xaa, 0x98, 0xaa, 0x99, 0x99, 0x89, 0x89, 
	0x98, 0x98, 0x98, 0x99, 0x99, 0x99, 0x86, 0x99, 
	0x89, 0x88, 0x99, 0x99, 0x89, 0x99, 0x99, 0x99, 
	0x99, 0x99, 0x89, 0x68, 0x99, 0x99, 0x99, 0xa8, 
	0x99, 0x95, 0x99, 0x99, 0x88, 0x98, 0x99, 0x99, 
	0x85, 0x58, 0x44, 0x56, 0x25, 0x54, 0x54, 0x55, 
	0x42, 0x54, 0x52, 0x42, 0x54, 0x64, 0x54, 0x66, 
	0x64, 0x35, 0x33, 0x66, 0x46, 0x44, 0x53, 0x55, 
	0x55, 0x66, 0x55, 0x56, 0x55, 0x45, 0x55, 0x78, 
	0x95, 0x54, 0x55, 0x88, 0x58, 0x88, 0x88, 0x88, 
	0x85, 0x85, 0x55, 0x85, 0x55, 0x65, 0x55, 0x65, 
	0x64, 0x54, 0x53, 0x65, 0x55, 0x56, 0x88, 0x74, 
	0x55, 0x65, 0x47, 0x45, 0x45, 0x55, 0x95, 0x68, 
	0x01, 0x22, 0x11, 0x10, 0x10, 0x01, 0x11, 0x11, 
	0x11, 0x02, 0x21, 0x00, 0x01, 0x14, 0x10, 0x01, 
	0x12, 0x01, 0x11, 0x12, 0x12, 0x11, 0x21, 0x10, 
	0x22, 0x24, 0x11, 0x11, 0x11, 0x22, 0x12, 0x30, 
	0x14, 0x21, 0x22, 0x24, 0x12, 0x21, 0x12, 0x45, 
	0x44, 0x22, 0x22, 0x22, 0x22, 0x22, 0x11, 0x11, 
	0x11, 0x10, 0x12, 0x22, 0x44, 0x21, 0x22, 0x34, 
	0x12, 0x42, 0x22, 0x22, 0x12, 0x24, 0x44, 0x21, 
	0x88, 0x95, 0x86, 0x65, 0x66, 0x65, 0x65, 0x85, 
	0x55, 0x88, 0x99, 0x89, 0x85, 0x58, 0x85, 0x46, 
	0x88, 0x65, 0x89, 0x98, 0x88, 0x88, 0x88, 0x58, 
	0x98, 0x89, 0x88, 0x85, 0x55, 0x87, 0x89, 0x97, 
	0x88, 0x88, 0x99, 0x89, 0x85, 0x98, 0x88, 0x88, 
	0x88, 0x99, 0x88, 0x99, 0x48, 0x88, 0x58, 0x55, 
	0x75, 0x95, 0x58, 0x88, 0x88, 0x89, 0x88, 0x88, 
	0x95, 0x89, 0x99, 0x99, 0x88, 0x88, 0x59, 0x98, 
	0x42, 0x22, 0x35, 0x42, 0x22, 0x22, 0x22, 0x21, 
	0x31, 0x24, 0x52, 0x22, 0x22, 0x21, 0x12, 0x33, 
	0x21, 0x33, 0x22, 0x23, 0x28, 0x73, 0x33, 0x23, 
	0x35, 0x33, 0x83, 0x33, 0x32, 0x23, 0x73, 0x43, 
	0x33, 0x33, 0x37, 0x27, 0x32, 0x73, 0x77, 0x77, 
	0x88, 0x77, 0x57, 0x75, 0x37, 0x88, 0x77, 0x33, 
	0x33, 0x43, 0x37, 0x77, 0x87, 0x73, 0x77, 0x87, 
	0x77, 0x38, 0x77, 0x38, 0x23, 0x37, 0x75, 0x75, 
	0x33, 0x13, 0x43, 0x32, 0x22, 0x21, 0x12, 0x21, 
	0x21, 0x34, 0x44, 0x32, 0x22, 0x21, 0x12, 0x21, 
	0x11, 0x12, 0x13, 0x11, 0x22, 0x73, 0x33, 0x23, 
	0x33, 0x37, 0x43, 0x42, 0x32, 0x43, 0x27, 0x73, 
	0x32, 0x23, 0x12, 0x33, 0x52, 0x47, 0x77, 0x77, 
	0x78, 0x87, 0x77, 0x37, 0x33, 0x77, 0x77, 0x73, 
	0x37, 0x47, 0x77, 0x38, 0x87, 0x87, 0x33, 0x77, 
	0x77, 0x78, 0x77, 0x33, 0x77, 0x37, 0x75, 0x45, 
	0x43, 0x33, 0x22, 0x42, 0x11, 0x11, 0x12, 0x21, 
	0x12, 0x31, 0x42, 0x21, 0x11, 0x32, 0x32, 0x24, 
	0x21, 0x12, 0x22, 0x33, 0x31, 0x22, 0x32, 0x33, 
	0x24, 0x43, 0x23, 0x33, 0x33, 0x24, 0x33, 0x77, 
	0x33, 0x44, 0x32, 0x44, 0x23, 0x27, 0x77, 0x77, 
	0x78, 0x77, 0x77, 0x33, 0x33, 0x77, 0x77, 0x73, 
	0x77, 0x37, 0x73, 0x37, 0x77, 0x87, 0x87, 0x33, 
	0x23, 0x73, 0x77, 0x73, 0x33, 0x37, 0x33, 0x53, 
	0x34, 0x22, 0x42, 0x25, 0x42, 0x23, 0x21, 0x11, 
	0x11, 0x32, 0x13, 0x11, 0x12, 0x21, 0x12, 0x12, 
	0x11, 0x17, 0x31, 0x42, 0x11, 0x22, 0x33, 0x22, 
	0x44, 0x43, 0x22, 0x33, 0x38, 0x83, 0x43, 0x33, 
	0x33, 0x34, 0x22, 0x44, 0x32, 0x33, 0x53, 0x77, 
	0x78, 0x77, 0x77, 0x73, 0x77, 0x87, 0x73, 0x73, 
	0x33, 0x77, 0x77, 0x87, 0x77, 0x83, 0x77, 0x43, 
	0x33, 0x38, 0x74, 0x37, 0x33, 0x77, 0x33, 0x44, 
	0x23, 0x21, 0x41, 0x24, 0x41, 0x12, 0x01, 0x12, 
	0x12, 0x12, 0x31, 0x11, 0x12, 0x11, 0x21, 0x11, 
	0x12, 0x11, 0x11, 0x10, 0x11, 0x12, 0x23, 0x24, 
	0x33, 0x22, 0x22, 0x73, 0x32, 0x33, 0x33, 0x43, 
	0x77, 0x33, 0x32, 0x23, 0x73, 0x33, 0x74, 0x87, 
	0x83, 0x78, 0x88, 0x78, 0x78, 0x77, 0x77, 0x73, 
	0x33, 0x77, 0x77, 0x77, 0x77, 0x33, 0x73, 0x53, 
	0x33, 0x37, 0x87, 0x43, 0x37, 0x34, 0x33, 0x34, 
	0x43, 0x42, 0x21, 0x12, 0x22, 0x11, 0x12, 0x12, 
	0x22, 0x22, 0x21, 0x11, 0x11, 0x12, 0x21, 0x22, 
	0x31, 0x12, 0x13, 0x11, 0x11, 0x22, 0x22, 0x73, 
	0x21, 0x22, 0x33, 0x23, 0x33, 0x33, 0x73, 0x53, 
	0x27, 0x33, 0x33, 0x47, 0x33, 0x77, 0x73, 0x37, 
	0x73, 0x78, 0x87, 0x77, 0x77, 0x77, 0x73, 0x78, 
	0x77, 0x97, 0x87, 0x77, 0x77, 0x77, 0x73, 0x78, 
	0x34, 0x33, 0x78, 0x73, 0x54, 0x55, 0x24, 0x44, 
	0x72, 0x22, 0x10, 0x12, 0x42, 0x31, 0x12, 0x11, 
	0x21, 0x12, 0x21, 0x22, 0x21, 0x11, 0x11, 0x00, 
	0x11, 0x01, 0x01, 0x11, 0x13, 0x74, 0x23, 0x11, 
	0x11, 0x33, 0x33, 0x22, 0x73, 0x77, 0x33, 0x32, 
	0x38, 0x87, 0x77, 0x77, 0x57, 0x37, 0x33, 0x32, 
	0x37, 0x73, 0x87, 0x77, 0x77, 0x73, 0x38, 0x77, 
	0x77, 0x37, 0x77, 0x88, 0x77, 0x77, 0x73, 0x33, 
	0x37, 0x77, 0x23, 0x37, 0x44, 0x34, 0x22, 0x24, 
	0x32, 0x22, 0x21, 0x12, 0x34, 0x51, 0x11, 0x12, 
	0x42, 0x11, 0x11, 0x11, 0x21, 0x42, 0x01, 0x01, 
	0x22, 0x10, 0x01, 0x22, 0x10, 0x23, 0x21, 0x11, 
	0x21, 0x23, 0x82, 0x23, 0x33, 0x33, 0x33, 0x33, 
	0x37, 0x87, 0x87, 0x84, 0x33, 0x33, 0x38, 0x73, 
	0x38, 0x73, 0x73, 0x78, 0x77, 0x77, 0x78, 0x77, 
	0x77, 0x77, 0x78, 0x77, 0x75, 0x88, 0x73, 0x33, 
	0x77, 0x33, 0x24, 0x37, 0x33, 0x45, 0x42, 0x73, 
	0x21, 0x22, 0x21, 0x21, 0x55, 0x42, 0x13, 0x21, 
	0x11, 0x12, 0x11, 0x21, 0x12, 0x11, 0x83, 0x22, 
	0x01, 0x11, 0x01, 0x11, 0x01, 0x11, 0x12, 0x21, 
	0x22, 0x32, 0x32, 0x32, 0x38, 0x33, 0x74, 0x33, 
	0x38, 0x77, 0x75, 0x54, 0x22, 0x32, 0x33, 0x33, 
	0x38, 0x33, 0x77, 0x78, 0x77, 0x77, 0x87, 0x77, 
	0x77, 0x38, 0x87, 0x78, 0x73, 0x77, 0x37, 0x78, 
	0x77, 0x77, 0x33, 0x33, 0x32, 0x45, 0x42, 0x24, 
	0x32, 0x32, 0x22, 0x22, 0x22, 0x21, 0x24, 0x21, 
	0x11, 0x11, 0x11, 0x22, 0x10, 0x00, 0x22, 0x01, 
	0x11, 0x11, 0x11, 0x21, 0x10, 0x01, 0x11, 0x31, 
	0x21, 0x22, 0x11, 0x32, 0x23, 0x33, 0x78, 0x37, 
	0x73, 0x37, 0x78, 0x87, 0x33, 0x33, 0x33, 0x37, 
	0x33, 0x87, 0x78, 0x87, 0x87, 0x87, 0x87, 0x77, 
	0x77, 0x77, 0x88, 0x78, 0x87, 0x77, 0x87, 0x77, 
	0x77, 0x77, 0x77, 0x32, 0x53, 0x45, 0x43, 0x34, 
	
};

Gfx totwc_dl_OSC_O_M_WALL06_ci4_pal_rgba16_aligner[] = {gsSPEndDisplayList()};
u8 totwc_dl_OSC_O_M_WALL06_ci4_pal_rgba16[] = {
	0x19, 0x09, 0x21, 0x4b, 0x29, 0x8d, 0x31, 0xd1, 
	0x31, 0xcf, 0x3a, 0x11, 0x3a, 0x0f, 0x3a, 0x13, 
	0x42, 0x95, 0x4a, 0x93, 0x5b, 0x17, 0x63, 0x5b, 
	0x8c, 0xa3, 0x9d, 0x27, 0x73, 0xdd, 0x8c, 0x5f, 
	
};

Gfx totwc_dl_m00_pla_wall2_ci4_aligner[] = {gsSPEndDisplayList()};
u8 totwc_dl_m00_pla_wall2_ci4[] = {
	0x01, 0x22, 0x13, 0x44, 0x04, 0x15, 0x26, 0x56, 
	0x13, 0x34, 0x32, 0x62, 0x78, 0x73, 0x32, 0x22, 
	0x90, 0xa3, 0x23, 0x12, 0x24, 0x7b, 0xbb, 0x73, 
	0x11, 0x22, 0x30, 0xc2, 0x22, 0x21, 0x0b, 0xbb, 
	0xb4, 0x11, 0x11, 0x10, 0x8b, 0x72, 0x12, 0x55, 
	0x14, 0x13, 0x42, 0x56, 0xc7, 0xb9, 0x3c, 0x34, 
	0x03, 0xaa, 0xaa, 0xac, 0x34, 0x77, 0x04, 0x00, 
	0x00, 0x44, 0xc3, 0x32, 0x65, 0x56, 0xcb, 0xbb, 
	0x87, 0x3c, 0x31, 0x13, 0x44, 0x94, 0x33, 0x26, 
	0x13, 0x13, 0x40, 0x31, 0xc4, 0x99, 0x74, 0x47, 
	0x00, 0x09, 0x70, 0xaa, 0x39, 0x97, 0xcc, 0x7b, 
	0xb8, 0x01, 0x66, 0x12, 0x55, 0x56, 0x28, 0xb8, 
	0xb7, 0x32, 0x23, 0x31, 0x30, 0x74, 0x33, 0x04, 
	0x33, 0x43, 0x13, 0x04, 0xc4, 0x79, 0x74, 0x30, 
	0x78, 0x07, 0x00, 0xa0, 0x34, 0x78, 0x90, 0x44, 
	0x34, 0x3c, 0x25, 0x30, 0x04, 0x32, 0x3b, 0xdd, 
	0xbb, 0xbb, 0x87, 0x3c, 0x10, 0x70, 0x04, 0x40, 
	0x89, 0x79, 0x00, 0x77, 0x79, 0x0a, 0x7c, 0x3c, 
	0x09, 0x07, 0x70, 0x08, 0x99, 0x79, 0x87, 0xaa, 
	0x33, 0xa4, 0x31, 0x48, 0xbb, 0xbb, 0xbb, 0xbb, 
	0x8b, 0xb8, 0x09, 0x88, 0x09, 0x79, 0x88, 0x87, 
	0x79, 0x98, 0x88, 0x99, 0x88, 0x97, 0x74, 0x4c, 
	0x34, 0x00, 0x99, 0x9b, 0xdd, 0x89, 0x99, 0x0a, 
	0x1a, 0x98, 0x99, 0x8b, 0xb8, 0xbd, 0xb9, 0x90, 
	0x99, 0x0a, 0x22, 0x3a, 0x33, 0x33, 0x37, 0x93, 
	0x34, 0xa7, 0x89, 0x8b, 0xbb, 0x77, 0x74, 0x41, 
	0x21, 0x40, 0x88, 0x8d, 0xd8, 0x8d, 0x80, 0x31, 
	0x52, 0xa9, 0x98, 0xbd, 0xdb, 0xb8, 0x80, 0x00, 
	0x00, 0x32, 0x62, 0x23, 0x26, 0x65, 0x5c, 0x99, 
	0x07, 0x79, 0x99, 0x0a, 0x00, 0x00, 0x26, 0x52, 
	0x61, 0xca, 0x08, 0xbd, 0xbb, 0xdd, 0xd8, 0x7c, 
	0x31, 0x1c, 0x3a, 0x98, 0xdd, 0xb0, 0x87, 0x99, 
	0x99, 0x0a, 0x22, 0x13, 0xaa, 0x25, 0x5c, 0x79, 
	0x0a, 0xa0, 0x77, 0x00, 0xa7, 0x30, 0x33, 0x22, 
	0x55, 0x23, 0x77, 0x8d, 0xd8, 0xdb, 0x88, 0x70, 
	0x03, 0x12, 0x2c, 0x48, 0xdd, 0xb8, 0x78, 0x89, 
	0x9a, 0x1a, 0x32, 0x22, 0x2a, 0x01, 0x63, 0x78, 
	0x90, 0x4a, 0xaa, 0x43, 0xa4, 0x30, 0x33, 0xcc, 
	0x65, 0x55, 0xc1, 0x38, 0x77, 0xbb, 0x89, 0x0a, 
	0x3a, 0x31, 0x23, 0xa9, 0xdd, 0xb9, 0xa0, 0x00, 
	0x83, 0x1a, 0x36, 0x62, 0x62, 0x3a, 0x37, 0x89, 
	0x94, 0x31, 0x31, 0x33, 0x3a, 0x31, 0x33, 0x44, 
	0x16, 0x55, 0x25, 0xc8, 0x0a, 0x79, 0x79, 0x09, 
	0x03, 0x13, 0x3a, 0x00, 0x88, 0x80, 0x21, 0x39, 
	0x0a, 0xa0, 0xa1, 0x21, 0x66, 0x13, 0xa9, 0x97, 
	0x01, 0x11, 0x11, 0x1c, 0xc3, 0xa3, 0x52, 0x26, 
	0x12, 0x65, 0xcc, 0x4b, 0x9a, 0x90, 0x77, 0x77, 
	0x93, 0x21, 0x3a, 0x79, 0x9d, 0x80, 0x1a, 0x98, 
	0x89, 0x00, 0x00, 0x00, 0xac, 0x09, 0x99, 0x9d, 
	0x93, 0xcc, 0x3c, 0xcc, 0x33, 0x74, 0x22, 0x61, 
	0x16, 0x55, 0x3c, 0x4b, 0x89, 0x89, 0x77, 0x98, 
	0x90, 0xa3, 0x33, 0x47, 0x9d, 0x89, 0x98, 0xbb, 
	0xdb, 0x89, 0x88, 0x88, 0x88, 0xdd, 0xbb, 0x8b, 
	0xd8, 0x99, 0x97, 0x93, 0x00, 0x77, 0x73, 0x22, 
	0x33, 0x61, 0x43, 0x3b, 0xd8, 0x8b, 0x7b, 0xbb, 
	0xbb, 0x99, 0x99, 0x99, 0x8d, 0xdd, 0xdd, 0xdd, 
	0xb9, 0x00, 0x09, 0x8d, 0xdd, 0xdd, 0xdb, 0x98, 
	0xbb, 0x88, 0x8b, 0x99, 0x99, 0xbd, 0xd8, 0xb8, 
	0xbb, 0xbb, 0xbb, 0x88, 0x94, 0x47, 0x9a, 0x3a, 
	0xaa, 0x3a, 0x00, 0xa0, 0xc0, 0x0a, 0xaa, 0x0b, 
	0x03, 0x24, 0x7c, 0xc9, 0xdd, 0xdd, 0xb8, 0x99, 
	0x04, 0x49, 0x89, 0x89, 0x7a, 0x39, 0xdd, 0xdd, 
	0xdd, 0xdd, 0xdd, 0xd8, 0x89, 0x77, 0xac, 0xcc, 
	0xcc, 0xee, 0xee, 0x22, 0x66, 0x65, 0x55, 0x23, 
	0xa2, 0x21, 0x44, 0x16, 0xca, 0xaa, 0x74, 0x0a, 
	0x33, 0x79, 0x88, 0x7a, 0x33, 0xc3, 0x0b, 0xbd, 
	0xbb, 0x98, 0x80, 0x3a, 0x00, 0x09, 0x7c, 0xc1, 
	0x33, 0xc2, 0x22, 0x26, 0x66, 0x55, 0x55, 0x63, 
	0x73, 0x22, 0x13, 0xc6, 0x2c, 0x31, 0x12, 0x21, 
	0x1c, 0xa9, 0x88, 0x90, 0xcc, 0x34, 0x47, 0x09, 
	0xa1, 0x66, 0x22, 0x62, 0xc2, 0x21, 0x33, 0x22, 
	0x66, 0x65, 0x56, 0x11, 0x21, 0x16, 0x55, 0x53, 
	0x8c, 0x26, 0x21, 0xc2, 0x6c, 0xa3, 0xc1, 0xca, 
	0x44, 0xcc, 0x44, 0x07, 0x31, 0xc1, 0xc7, 0x30, 
	0x36, 0x66, 0x63, 0x41, 0x33, 0x11, 0x33, 0x3a, 
	0x13, 0x32, 0x1c, 0x1a, 0x43, 0x36, 0x55, 0x5a, 
	0x81, 0x26, 0x22, 0x1c, 0x2c, 0x34, 0x31, 0x22, 
	0x11, 0xc3, 0x1c, 0x33, 0x34, 0x43, 0x4b, 0x73, 
	0x33, 0x31, 0x23, 0x99, 0x99, 0x90, 0x33, 0x43, 
	0x22, 0x33, 0xa4, 0xc1, 0x4a, 0x33, 0x36, 0x29, 
	0xb3, 0x26, 0x62, 0x1c, 0x11, 0xc4, 0x31, 0xc1, 
	0x11, 0x11, 0x3c, 0xc4, 0x07, 0x87, 0x8d, 0x80, 
	0x1a, 0xac, 0x13, 0x98, 0x89, 0x99, 0x89, 0xa3, 
	0xcc, 0x40, 0x97, 0x00, 0x43, 0x13, 0x9a, 0x39, 
	0xb9, 0x32, 0x22, 0x21, 0xcc, 0x2c, 0xcc, 0xa4, 
	0xc1, 0x1c, 0x14, 0x43, 0x49, 0x8b, 0xdd, 0xbb, 
	0x11, 0x33, 0xc2, 0x3a, 0x09, 0x79, 0x99, 0x03, 
	0x3c, 0xa0, 0x90, 0xa3, 0x3a, 0x30, 0x78, 0x98, 
	0xb9, 0x0c, 0x3c, 0xc3, 0x3c, 0xaa, 0x77, 0x77, 
	0x00, 0xc1, 0x2c, 0xcc, 0xc3, 0xc8, 0xbb, 0x7b, 
	0x32, 0x23, 0xa1, 0x11, 0x30, 0x98, 0x88, 0x89, 
	0x04, 0x00, 0x09, 0x93, 0xc2, 0x66, 0x20, 0xa0, 
	0xdb, 0xb7, 0x77, 0x77, 0x77, 0x09, 0x89, 0x7d, 
	0xdd, 0xdb, 0xbb, 0xbb, 0xbb, 0xbb, 0xb7, 0x08, 
	0x43, 0x33, 0x41, 0x62, 0x3a, 0x7a, 0x34, 0x79, 
	0x9a, 0x44, 0x09, 0x87, 0x04, 0x35, 0x56, 0x20, 
	0xdd, 0xdd, 0x88, 0x87, 0x99, 0x90, 0x3c, 0x34, 
	0xaa, 0x3c, 0xc2, 0xcc, 0xa0, 0x22, 0x7b, 0x89, 
	0x33, 0x00, 0x41, 0x62, 0x21, 0xc1, 0xa3, 0x00, 
	0x90, 0x36, 0x21, 0x47, 0x99, 0x93, 0x31, 0x30, 
	0xdb, 0x8b, 0xb8, 0x89, 0x79, 0x99, 0x3c, 0xcc, 
	0xa9, 0x34, 0xc2, 0x62, 0x23, 0x33, 0x0d, 0xd9, 
	0x33, 0x34, 0x31, 0xcc, 0xcc, 0xcc, 0x40, 0x00, 
	0x00, 0x32, 0x61, 0x13, 0x4a, 0x43, 0xc1, 0x2c, 
	0x0c, 0xc3, 0x09, 0xa9, 0x99, 0x44, 0x66, 0x56, 
	0x21, 0xc3, 0x00, 0xaa, 0x33, 0x34, 0xc8, 0xdb, 
	0x03, 0x33, 0x13, 0x03, 0x34, 0x00, 0x47, 0x79, 
	0x4a, 0xa3, 0x1c, 0x3c, 0x3a, 0x31, 0x22, 0x21, 
	0x01, 0x56, 0x21, 0x3a, 0x09, 0x42, 0x55, 0x56, 
	0x56, 0x23, 0x79, 0x4c, 0x1c, 0x33, 0x20, 0xdb, 
	0x04, 0x00, 0xa4, 0x04, 0x43, 0x00, 0x77, 0x43, 
	0x47, 0x70, 0x15, 0x62, 0x22, 0x22, 0xc3, 0x33, 
	0x93, 0x3c, 0x12, 0x13, 0x49, 0x76, 0x55, 0x56, 
	0x66, 0x6c, 0x33, 0x12, 0x13, 0x3c, 0x10, 0x87, 
	0x00, 0x4c, 0x30, 0x4a, 0x04, 0x44, 0x90, 0x41, 
	0x14, 0x78, 0x94, 0x04, 0x3c, 0x32, 0x13, 0x4a, 
	0xba, 0x33, 0x3c, 0x1a, 0x79, 0x73, 0x55, 0x66, 
	0x21, 0xc2, 0x22, 0x33, 0x30, 0x99, 0x08, 0xb0, 
	0x33, 0x12, 0x22, 0x11, 0x31, 0x32, 0x22, 0x3c, 
	0xc3, 0x00, 0x99, 0x0c, 0x33, 0x7c, 0x33, 0x79, 
	0xd0, 0x26, 0x66, 0x63, 0x77, 0x97, 0x65, 0x62, 
	0x13, 0x33, 0x21, 0x34, 0x79, 0x00, 0x98, 0xb8, 
	0x31, 0x21, 0x12, 0x12, 0x26, 0x26, 0x2c, 0x44, 
	0x16, 0x13, 0x78, 0x8b, 0x7a, 0xa4, 0x44, 0x99, 
	0xd7, 0xc6, 0x56, 0x21, 0xc7, 0xbb, 0x42, 0x21, 
	0x3c, 0x23, 0x07, 0x90, 0x03, 0x13, 0x0b, 0xb7, 
	0x12, 0x13, 0x43, 0x12, 0x26, 0x62, 0xc3, 0x37, 
	0x03, 0x43, 0x13, 0x78, 0x80, 0x74, 0x33, 0x79, 
	0x30, 0xa3, 0x23, 0x12, 0x24, 0x7b, 0xbb, 0x73, 
	0x11, 0x22, 0x30, 0xc2, 0x22, 0x21, 0x0b, 0xbb, 
	0x01, 0x22, 0x13, 0x44, 0x04, 0x15, 0x26, 0x56, 
	0x13, 0x34, 0x32, 0x62, 0x78, 0x73, 0x32, 0x22, 
	0x03, 0xaa, 0xaa, 0xac, 0x34, 0x77, 0x04, 0x00, 
	0x00, 0x44, 0xc3, 0x32, 0x65, 0x56, 0xcb, 0xbb, 
	0xb4, 0x11, 0x11, 0x10, 0x8b, 0x72, 0x12, 0x55, 
	0x14, 0x13, 0x42, 0x56, 0xc7, 0xb9, 0x3c, 0x34, 
	0x00, 0x09, 0x70, 0xaa, 0x39, 0x97, 0xcc, 0x7b, 
	0xb8, 0x01, 0x66, 0x12, 0x55, 0x56, 0x28, 0xb8, 
	0x87, 0x3c, 0x31, 0x13, 0x44, 0x94, 0x33, 0x26, 
	0x13, 0x13, 0x40, 0x31, 0xc4, 0x99, 0x74, 0x47, 
	0x78, 0x07, 0x00, 0xa0, 0x34, 0x78, 0x90, 0x44, 
	0x34, 0x3c, 0x25, 0x30, 0x04, 0x32, 0x3b, 0xdd, 
	0xb7, 0x32, 0x23, 0x31, 0x30, 0x74, 0x33, 0x04, 
	0x33, 0x43, 0x13, 0x04, 0xc4, 0x79, 0x74, 0x30, 
	0x09, 0x07, 0x70, 0x08, 0x99, 0x79, 0x87, 0xaa, 
	0x33, 0xa4, 0x31, 0x48, 0xbb, 0xbb, 0xbb, 0xbb, 
	0xbb, 0xbb, 0x87, 0x3c, 0x10, 0x70, 0x04, 0x40, 
	0x89, 0x79, 0x00, 0x77, 0x79, 0x0a, 0x7c, 0x3c, 
	0x34, 0x00, 0x99, 0x9b, 0xdd, 0x89, 0x99, 0x0a, 
	0x1a, 0x98, 0x99, 0x8b, 0xb8, 0xbd, 0xb9, 0x90, 
	0x8b, 0xb8, 0x09, 0x88, 0x09, 0x79, 0x88, 0x87, 
	0x79, 0x98, 0x88, 0x99, 0x88, 0x97, 0x74, 0x4c, 
	0x21, 0x40, 0x88, 0x8d, 0xd8, 0x8d, 0x80, 0x31, 
	0x52, 0xa9, 0x98, 0xbd, 0xdb, 0xb8, 0x80, 0x00, 
	0x99, 0x0a, 0x22, 0x3a, 0x33, 0x33, 0x37, 0x93, 
	0x34, 0xa7, 0x89, 0x8b, 0xbb, 0x77, 0x74, 0x41, 
	0x61, 0xca, 0x08, 0xbd, 0xbb, 0xdd, 0xd8, 0x7c, 
	0x31, 0x1c, 0x3a, 0x98, 0xdd, 0xb0, 0x87, 0x99, 
	0x00, 0x32, 0x62, 0x23, 0x26, 0x65, 0x5c, 0x99, 
	0x07, 0x79, 0x99, 0x0a, 0x00, 0x00, 0x26, 0x52, 
	0x55, 0x23, 0x77, 0x8d, 0xd8, 0xdb, 0x88, 0x70, 
	0x03, 0x12, 0x2c, 0x48, 0xdd, 0xb8, 0x78, 0x89, 
	0x99, 0x0a, 0x22, 0x13, 0xaa, 0x25, 0x5c, 0x79, 
	0x0a, 0xa0, 0x77, 0x00, 0xa7, 0x30, 0x33, 0x22, 
	0x65, 0x55, 0xc1, 0x38, 0x77, 0xbb, 0x89, 0x0a, 
	0x3a, 0x31, 0x23, 0xa9, 0xdd, 0xb9, 0xa0, 0x00, 
	0x9a, 0x1a, 0x32, 0x22, 0x2a, 0x01, 0x63, 0x78, 
	0x90, 0x4a, 0xaa, 0x43, 0xa4, 0x30, 0x33, 0xcc, 
	0x16, 0x55, 0x25, 0xc8, 0x0a, 0x79, 0x79, 0x09, 
	0x03, 0x13, 0x3a, 0x00, 0x88, 0x80, 0x21, 0x39, 
	0x83, 0x1a, 0x36, 0x62, 0x62, 0x3a, 0x37, 0x89, 
	0x94, 0x31, 0x31, 0x33, 0x3a, 0x31, 0x33, 0x44, 
	0x12, 0x65, 0xcc, 0x4b, 0x9a, 0x90, 0x77, 0x77, 
	0x93, 0x21, 0x3a, 0x79, 0x9d, 0x80, 0x1a, 0x98, 
	0x0a, 0xa0, 0xa1, 0x21, 0x66, 0x13, 0xa9, 0x97, 
	0x01, 0x11, 0x11, 0x1c, 0xc3, 0xa3, 0x52, 0x26, 
	0x16, 0x55, 0x3c, 0x4b, 0x89, 0x89, 0x77, 0x98, 
	0x90, 0xa3, 0x33, 0x47, 0x9d, 0x89, 0x98, 0xbb, 
	0x89, 0x00, 0x00, 0x00, 0xac, 0x09, 0x99, 0x9d, 
	0x93, 0xcc, 0x3c, 0xcc, 0x33, 0x74, 0x22, 0x61, 
	0x33, 0x61, 0x43, 0x3b, 0xd8, 0x8b, 0x7b, 0xbb, 
	0xbb, 0x99, 0x99, 0x99, 0x8d, 0xdd, 0xdd, 0xdd, 
	0xdb, 0x89, 0x88, 0x88, 0x88, 0xdd, 0xbb, 0x8b, 
	0xd8, 0x99, 0x97, 0x93, 0x00, 0x77, 0x73, 0x22, 
	0xbb, 0xbb, 0xbb, 0x88, 0x94, 0x47, 0x9a, 0x3a, 
	0xaa, 0x3a, 0x00, 0xa0, 0xc0, 0x0a, 0xaa, 0x0b, 
	0xb9, 0x00, 0x09, 0x8d, 0xdd, 0xdd, 0xdb, 0x98, 
	0xbb, 0x88, 0x8b, 0x99, 0x99, 0xbd, 0xd8, 0xb8, 
	0xdd, 0xdd, 0xdd, 0xd8, 0x89, 0x77, 0xac, 0xcc, 
	0xcc, 0xee, 0xee, 0x22, 0x66, 0x65, 0x55, 0x23, 
	0x03, 0x24, 0x7c, 0xc9, 0xdd, 0xdd, 0xb8, 0x99, 
	0x04, 0x49, 0x89, 0x89, 0x7a, 0x39, 0xdd, 0xdd, 
	0xbb, 0x98, 0x80, 0x3a, 0x00, 0x09, 0x7c, 0xc1, 
	0x33, 0xc2, 0x22, 0x26, 0x66, 0x55, 0x55, 0x63, 
	0xa2, 0x21, 0x44, 0x16, 0xca, 0xaa, 0x74, 0x0a, 
	0x33, 0x79, 0x88, 0x7a, 0x33, 0xc3, 0x0b, 0xbd, 
	0xa1, 0x66, 0x22, 0x62, 0xc2, 0x21, 0x33, 0x22, 
	0x66, 0x65, 0x56, 0x11, 0x21, 0x16, 0x55, 0x53, 
	0x73, 0x22, 0x13, 0xc6, 0x2c, 0x31, 0x12, 0x21, 
	0x1c, 0xa9, 0x88, 0x90, 0xcc, 0x34, 0x47, 0x09, 
	0x36, 0x66, 0x63, 0x41, 0x33, 0x11, 0x33, 0x3a, 
	0x13, 0x32, 0x1c, 0x1a, 0x43, 0x36, 0x55, 0x5a, 
	0x8c, 0x26, 0x21, 0xc2, 0x6c, 0xa3, 0xc1, 0xca, 
	0x44, 0xcc, 0x44, 0x07, 0x31, 0xc1, 0xc7, 0x30, 
	0x33, 0x31, 0x23, 0x99, 0x99, 0x90, 0x33, 0x43, 
	0x22, 0x33, 0xa4, 0xc1, 0x4a, 0x33, 0x36, 0x29, 
	0x81, 0x26, 0x22, 0x1c, 0x2c, 0x34, 0x31, 0x22, 
	0x11, 0xc3, 0x1c, 0x33, 0x34, 0x43, 0x4b, 0x73, 
	0x1a, 0xac, 0x13, 0x98, 0x89, 0x99, 0x89, 0xa3, 
	0xcc, 0x40, 0x97, 0x00, 0x43, 0x13, 0x9a, 0x39, 
	0xb3, 0x26, 0x62, 0x1c, 0x11, 0xc4, 0x31, 0xc1, 
	0x11, 0x11, 0x3c, 0xc4, 0x07, 0x87, 0x8d, 0x80, 
	0x11, 0x33, 0xc2, 0x3a, 0x09, 0x79, 0x99, 0x03, 
	0x3c, 0xa0, 0x90, 0xa3, 0x3a, 0x30, 0x78, 0x98, 
	0xb9, 0x32, 0x22, 0x21, 0xcc, 0x2c, 0xcc, 0xa4, 
	0xc1, 0x1c, 0x14, 0x43, 0x49, 0x8b, 0xdd, 0xbb, 
	0x32, 0x23, 0xa1, 0x11, 0x30, 0x98, 0x88, 0x89, 
	0x04, 0x00, 0x09, 0x93, 0xc2, 0x66, 0x20, 0xa0, 
	0xb9, 0x0c, 0x3c, 0xc3, 0x3c, 0xaa, 0x77, 0x77, 
	0x00, 0xc1, 0x2c, 0xcc, 0xc3, 0xc8, 0xbb, 0x7b, 
	0x43, 0x33, 0x41, 0x62, 0x3a, 0x7a, 0x34, 0x79, 
	0x9a, 0x44, 0x09, 0x87, 0x04, 0x35, 0x56, 0x20, 
	0xdb, 0xb7, 0x77, 0x77, 0x77, 0x09, 0x89, 0x7d, 
	0xdd, 0xdb, 0xbb, 0xbb, 0xbb, 0xbb, 0xb7, 0x08, 
	0x33, 0x00, 0x41, 0x62, 0x21, 0xc1, 0xa3, 0x00, 
	0x90, 0x36, 0x21, 0x47, 0x99, 0x93, 0x31, 0x30, 
	0xdd, 0xdd, 0x88, 0x87, 0x99, 0x90, 0x3c, 0x34, 
	0xaa, 0x3c, 0xc2, 0xcc, 0xa0, 0x22, 0x7b, 0x89, 
	0x33, 0x34, 0x31, 0xcc, 0xcc, 0xcc, 0x40, 0x00, 
	0x00, 0x32, 0x61, 0x13, 0x4a, 0x43, 0xc1, 0x2c, 
	0xdb, 0x8b, 0xb8, 0x89, 0x79, 0x99, 0x3c, 0xcc, 
	0xa9, 0x34, 0xc2, 0x62, 0x23, 0x33, 0x0d, 0xd9, 
	0x03, 0x33, 0x13, 0x03, 0x34, 0x00, 0x47, 0x79, 
	0x4a, 0xa3, 0x1c, 0x3c, 0x3a, 0x31, 0x22, 0x21, 
	0x0c, 0xc3, 0x09, 0xa9, 0x99, 0x44, 0x66, 0x56, 
	0x21, 0xc3, 0x00, 0xaa, 0x33, 0x34, 0xc8, 0xdb, 
	0x04, 0x00, 0xa4, 0x04, 0x43, 0x00, 0x77, 0x43, 
	0x47, 0x70, 0x15, 0x62, 0x22, 0x22, 0xc3, 0x33, 
	0x01, 0x56, 0x21, 0x3a, 0x09, 0x42, 0x55, 0x56, 
	0x56, 0x23, 0x79, 0x4c, 0x1c, 0x33, 0x20, 0xdb, 
	0x00, 0x4c, 0x30, 0x4a, 0x04, 0x44, 0x90, 0x41, 
	0x14, 0x78, 0x94, 0x04, 0x3c, 0x32, 0x13, 0x4a, 
	0x93, 0x3c, 0x12, 0x13, 0x49, 0x76, 0x55, 0x56, 
	0x66, 0x6c, 0x33, 0x12, 0x13, 0x3c, 0x10, 0x87, 
	0x33, 0x12, 0x22, 0x11, 0x31, 0x32, 0x22, 0x3c, 
	0xc3, 0x00, 0x99, 0x0c, 0x33, 0x7c, 0x33, 0x79, 
	0xba, 0x33, 0x3c, 0x1a, 0x79, 0x73, 0x55, 0x66, 
	0x21, 0xc2, 0x22, 0x33, 0x30, 0x99, 0x08, 0xb0, 
	0x31, 0x21, 0x12, 0x12, 0x26, 0x26, 0x2c, 0x44, 
	0x16, 0x13, 0x78, 0x8b, 0x7a, 0xa4, 0x44, 0x99, 
	0xd0, 0x26, 0x66, 0x63, 0x77, 0x97, 0x65, 0x62, 
	0x13, 0x33, 0x21, 0x34, 0x79, 0x00, 0x98, 0xb8, 
	0x12, 0x13, 0x43, 0x12, 0x26, 0x62, 0xc3, 0x37, 
	0x03, 0x43, 0x13, 0x78, 0x80, 0x74, 0x33, 0x79, 
	0xd7, 0xc6, 0x56, 0x21, 0xc7, 0xbb, 0x42, 0x21, 
	0x3c, 0x23, 0x07, 0x90, 0x03, 0x13, 0x0b, 0xb7, 
	
};

Gfx totwc_dl_m00_pla_wall2_ci4_pal_rgba16_aligner[] = {gsSPEndDisplayList()};
u8 totwc_dl_m00_pla_wall2_ci4_pal_rgba16[] = {
	0x32, 0x59, 0x4b, 0x1d, 0x4b, 0x5d, 0x42, 0xdb, 
	0x3a, 0x99, 0x63, 0xe1, 0x53, 0x5f, 0x32, 0x55, 
	0x29, 0xd5, 0x32, 0x17, 0x3a, 0x9b, 0x21, 0x93, 
	0x4a, 0xdb, 0x19, 0x4f, 0x42, 0xd9, 
};

Gfx totwc_dl_m11_4001_CI_ci4_aligner[] = {gsSPEndDisplayList()};
u8 totwc_dl_m11_4001_CI_ci4[] = {
	0x01, 0x22, 0x12, 0x33, 0x33, 0x33, 0x33, 0x44, 
	0x54, 0x67, 0x60, 0x60, 0x67, 0x76, 0x76, 0x00, 
	0x07, 0x76, 0x00, 0x66, 0x66, 0x77, 0x72, 0x44, 
	0x89, 0x0a, 0xba, 0xaa, 0x1a, 0x0a, 0x21, 0x11, 
	0xc1, 0x2d, 0x12, 0x22, 0x33, 0x33, 0x3e, 0x40, 
	0x0e, 0x97, 0x66, 0x00, 0x77, 0x66, 0x66, 0x66, 
	0x77, 0x7d, 0xa0, 0x76, 0x07, 0x77, 0x79, 0x84, 
	0xe8, 0xc0, 0xab, 0xba, 0xaa, 0xa1, 0x11, 0x11, 
	0xd1, 0xdd, 0x20, 0x32, 0x33, 0x33, 0x39, 0x33, 
	0x30, 0xe9, 0x00, 0x07, 0x70, 0x76, 0x66, 0x70, 
	0x77, 0x66, 0x00, 0x66, 0x67, 0x77, 0x14, 0x8d, 
	0x35, 0x8c, 0x0a, 0xaa, 0xaa, 0x1c, 0xcc, 0x1c, 
	0xb2, 0x22, 0x22, 0x07, 0x77, 0x33, 0x9e, 0x33, 
	0x37, 0x7c, 0x53, 0x00, 0x00, 0x77, 0x77, 0x76, 
	0x76, 0x66, 0x66, 0x67, 0x77, 0x70, 0x98, 0x33, 
	0x77, 0x44, 0xc6, 0xaa, 0xaa, 0x11, 0x1c, 0xcc, 
	0x50, 0x00, 0x20, 0x07, 0x73, 0x3e, 0xe3, 0x33, 
	0x23, 0x73, 0xc3, 0x06, 0x66, 0x00, 0x67, 0x06, 
	0x66, 0x66, 0x66, 0x66, 0x67, 0x0c, 0x8e, 0x32, 
	0x22, 0xe9, 0x8a, 0x6b, 0xaa, 0x11, 0x1c, 0x1c, 
	0x10, 0x60, 0x55, 0x52, 0x63, 0xe9, 0x23, 0x3d, 
	0xd3, 0x3d, 0xde, 0x2a, 0x60, 0x0a, 0x06, 0x67, 
	0x76, 0x6a, 0xa6, 0x67, 0x77, 0xa8, 0x89, 0x26, 
	0x00, 0x62, 0x89, 0x11, 0x1a, 0x1f, 0xf1, 0xc1, 
	0xaa, 0x22, 0x55, 0x22, 0x31, 0x9e, 0x33, 0xdd, 
	0x23, 0x3d, 0x2e, 0xe3, 0x26, 0x0a, 0x66, 0x67, 
	0x66, 0x6a, 0x00, 0xa0, 0x01, 0x88, 0xe3, 0x00, 
	0x00, 0x33, 0x59, 0xc5, 0x0a, 0x1b, 0xb1, 0xcc, 
	0x0a, 0x22, 0x55, 0x23, 0xe9, 0x95, 0x22, 0x32, 
	0xd2, 0x73, 0x32, 0x9e, 0x3a, 0xaa, 0x06, 0x76, 
	0x66, 0x6a, 0x06, 0x77, 0x0c, 0x44, 0x9c, 0x32, 
	0xa6, 0x66, 0x01, 0x8c, 0x51, 0x1a, 0xdc, 0x21, 
	0x01, 0x32, 0x55, 0x2e, 0x95, 0x55, 0x22, 0x22, 
	0x22, 0x32, 0x23, 0xe9, 0x23, 0xaa, 0x66, 0x66, 
	0x66, 0x60, 0x06, 0x00, 0xc8, 0x84, 0x9c, 0x12, 
	0xa7, 0x66, 0x02, 0x98, 0xc2, 0x21, 0xdc, 0x11, 
	0x55, 0x55, 0x53, 0xee, 0x53, 0x30, 0x05, 0x23, 
	0x32, 0x2e, 0x22, 0x2e, 0x9e, 0x12, 0xaa, 0xba, 
	0xaa, 0xcb, 0xa0, 0x01, 0x88, 0x84, 0x95, 0x21, 
	0xa0, 0x0a, 0xa0, 0x6c, 0x85, 0x32, 0x2d, 0x1e, 
	0x22, 0x15, 0x5e, 0xe5, 0x30, 0x30, 0x05, 0x27, 
	0x33, 0x32, 0x22, 0x2e, 0x99, 0x32, 0xa0, 0x66, 
	0xaa, 0xaa, 0xa6, 0xa9, 0x84, 0x99, 0x51, 0x12, 
	0xba, 0x0a, 0x00, 0x73, 0x99, 0x11, 0xcd, 0xdc, 
	0x05, 0x32, 0xe9, 0xe3, 0x5e, 0xd1, 0x11, 0x26, 
	0x03, 0x33, 0x35, 0x11, 0x5c, 0xe2, 0xab, 0xb0, 
	0xa0, 0x6a, 0xa1, 0x98, 0x44, 0xe5, 0x11, 0x10, 
	0xa6, 0xaa, 0x66, 0x63, 0x29, 0xc1, 0x11, 0x1c, 
	0xa2, 0x22, 0xe9, 0x23, 0x22, 0x21, 0x23, 0x36, 
	0x05, 0x23, 0x35, 0x11, 0x15, 0xc2, 0x0a, 0xaa, 
	0xac, 0xca, 0xa9, 0x44, 0x49, 0x15, 0x11, 0x11, 
	0xca, 0xaa, 0x66, 0x72, 0x32, 0x49, 0xcc, 0x11, 
	0xdd, 0x3e, 0x57, 0x33, 0x20, 0x05, 0x20, 0x03, 
	0x05, 0x32, 0xdd, 0x55, 0x55, 0x5e, 0x07, 0x0a, 
	0xa0, 0x00, 0xc8, 0x89, 0x50, 0x00, 0x01, 0xc1, 
	0x11, 0xc1, 0xa0, 0x1a, 0x00, 0xc8, 0x9c, 0xee, 
	0xd2, 0xee, 0x33, 0x37, 0x60, 0x00, 0x50, 0x00, 
	0x53, 0x52, 0x25, 0x55, 0x5e, 0x59, 0xe0, 0xaa, 
	0xa0, 0xac, 0x84, 0x4e, 0x50, 0x05, 0x15, 0x21, 
	0xcd, 0x11, 0x00, 0xaa, 0x03, 0x5c, 0x9c, 0x2e, 
	0x2e, 0xc7, 0x77, 0x77, 0x05, 0x55, 0x51, 0x22, 
	0xde, 0xee, 0x23, 0x55, 0x11, 0x15, 0x91, 0x01, 
	0xab, 0x29, 0x49, 0x91, 0x1a, 0x00, 0x12, 0x22, 
	0x12, 0x15, 0x11, 0xda, 0xa6, 0x65, 0x99, 0xe1, 
	0xe9, 0x77, 0x00, 0x60, 0x05, 0x51, 0x51, 0x13, 
	0xde, 0xee, 0x23, 0x21, 0xee, 0x11, 0x59, 0x2a, 
	0xa0, 0xc4, 0xe9, 0xe1, 0x1a, 0x11, 0x12, 0xd5, 
	0x91, 0x0c, 0x11, 0x6a, 0xba, 0x62, 0x98, 0x9c, 
	0x95, 0x70, 0x76, 0x00, 0x00, 0x50, 0x51, 0x15, 
	0x32, 0x11, 0xe1, 0xee, 0x1c, 0xc1, 0x22, 0x93, 
	0x3e, 0x8e, 0x21, 0x11, 0x1c, 0x15, 0x2d, 0x55, 
	0x12, 0x15, 0x25, 0x1b, 0xaa, 0x02, 0x29, 0x8e, 
	0x93, 0x37, 0x77, 0x00, 0x52, 0x55, 0x55, 0x15, 
	0x05, 0x22, 0x55, 0x22, 0x11, 0xc1, 0x3e, 0x91, 
	0x39, 0x92, 0x33, 0x51, 0x11, 0x11, 0x67, 0x0c, 
	0x31, 0x51, 0xd1, 0xca, 0x6a, 0xa0, 0x23, 0x98, 
	0xe3, 0x30, 0x77, 0x00, 0x5a, 0x00, 0x22, 0x11, 
	0x5e, 0x15, 0x50, 0x51, 0xee, 0x99, 0x99, 0x44, 
	0x94, 0xe3, 0x00, 0x00, 0xa6, 0x21, 0xc1, 0x0a, 
	0x75, 0x50, 0x05, 0x11, 0xbb, 0xb0, 0x60, 0xa8, 
	0xe3, 0x20, 0x77, 0x00, 0x50, 0x00, 0x11, 0x1e, 
	0xee, 0xe1, 0x55, 0x1e, 0xc9, 0x99, 0x94, 0x44, 
	0x88, 0x92, 0xaa, 0x00, 0x06, 0x21, 0x00, 0x01, 
	0x11, 0x15, 0x21, 0xc1, 0xbb, 0xb6, 0x67, 0x08, 
	0x4e, 0x37, 0x76, 0x00, 0x05, 0x55, 0x1d, 0x55, 
	0x5e, 0xee, 0xe1, 0x11, 0xc9, 0x99, 0x94, 0x99, 
	0x49, 0x95, 0x2a, 0xa1, 0x22, 0x1c, 0xdd, 0x01, 
	0x76, 0x12, 0x21, 0xc1, 0xaa, 0x6a, 0xaa, 0x08, 
	0x84, 0x33, 0x20, 0x00, 0x55, 0x51, 0x11, 0x2e, 
	0xee, 0xee, 0xe5, 0x1e, 0xee, 0x94, 0x44, 0x84, 
	0x44, 0xe3, 0x00, 0x00, 0x03, 0x52, 0xdd, 0x00, 
	0x66, 0x22, 0x21, 0xcc, 0xaa, 0xab, 0x0c, 0x09, 
	0x94, 0xe5, 0x53, 0x03, 0x55, 0x2a, 0xa5, 0x52, 
	0x1e, 0xee, 0xee, 0xee, 0xe9, 0x99, 0x44, 0x83, 
	0x44, 0xe7, 0x00, 0x00, 0x02, 0x22, 0x66, 0x02, 
	0x10, 0x00, 0x11, 0xaa, 0x1a, 0x00, 0x05, 0x5c, 
	0x24, 0x49, 0x53, 0x22, 0x12, 0x2a, 0xa5, 0x12, 
	0x1e, 0x2e, 0xee, 0xee, 0xe9, 0x48, 0x44, 0x27, 
	0xe4, 0x45, 0x77, 0xa2, 0x22, 0xdd, 0xd1, 0x21, 
	0x07, 0x01, 0x15, 0xa1, 0xc1, 0x00, 0x19, 0x93, 
	0x5c, 0x44, 0xe3, 0x33, 0x22, 0x25, 0x51, 0x01, 
	0x19, 0x99, 0xee, 0xee, 0x94, 0x44, 0x49, 0x22, 
	0xd3, 0x44, 0xee, 0x52, 0x2e, 0xd3, 0x13, 0x15, 
	0xaa, 0x3c, 0x9c, 0xc1, 0x15, 0x0c, 0x99, 0x5b, 
	0x32, 0x54, 0x93, 0x33, 0x32, 0x25, 0x15, 0x55, 
	0x54, 0x49, 0x99, 0xee, 0xe9, 0x94, 0x95, 0x77, 
	0x32, 0xe9, 0x9e, 0x22, 0x2e, 0xe2, 0x11, 0x5c, 
	0xa1, 0x55, 0xcc, 0x1d, 0x11, 0xc9, 0x92, 0x1f, 
	0x02, 0x21, 0x99, 0xe2, 0x6a, 0x55, 0x55, 0x51, 
	0x2e, 0xee, 0xee, 0xee, 0xdd, 0x94, 0x66, 0x63, 
	0xd2, 0x22, 0x99, 0xe3, 0x35, 0x53, 0x51, 0x55, 
	0x55, 0x51, 0x99, 0xc1, 0x01, 0x99, 0xcb, 0xbc, 
	0x01, 0x22, 0xe4, 0xe3, 0x30, 0x05, 0x03, 0x52, 
	0x5e, 0x9c, 0xee, 0xee, 0x3d, 0x93, 0x76, 0x33, 
	0xd3, 0x3e, 0xe9, 0x23, 0x01, 0x11, 0x11, 0xcc, 
	0xc0, 0x51, 0x9e, 0x1c, 0xcc, 0x99, 0x2b, 0xaa, 
	0x11, 0x23, 0x29, 0x4e, 0x37, 0x0a, 0x05, 0x55, 
	0xee, 0xee, 0xe2, 0xd1, 0x19, 0xd6, 0x63, 0x2e, 
	0xe3, 0x30, 0x3e, 0xc5, 0x5e, 0xdd, 0xaa, 0xdd, 
	0x21, 0xc5, 0xca, 0xa0, 0x59, 0x80, 0x0b, 0xfb, 
	0xec, 0x1e, 0x1e, 0x49, 0xd7, 0x70, 0x05, 0x55, 
	0x1e, 0xde, 0xe5, 0x32, 0x9d, 0x6d, 0x73, 0x12, 
	0x22, 0x20, 0x32, 0xe9, 0x53, 0xdd, 0x60, 0x13, 
	0x23, 0x55, 0xa1, 0xa0, 0x19, 0x33, 0xaa, 0xab, 
	0x99, 0x12, 0x1e, 0x48, 0xe3, 0x77, 0x70, 0x05, 
	0x5e, 0x2e, 0xd3, 0x31, 0x16, 0x76, 0x22, 0x55, 
	0x55, 0x51, 0xdd, 0xde, 0xc5, 0x2d, 0xdd, 0x0a, 
	0x0a, 0xaa, 0x00, 0x59, 0x92, 0x3b, 0xbb, 0xaa, 
	0x99, 0xe1, 0x11, 0x59, 0x45, 0x32, 0x20, 0x51, 
	0x5e, 0xee, 0x23, 0x1c, 0xd3, 0x6d, 0x25, 0x15, 
	0x55, 0x11, 0x66, 0x3d, 0xee, 0x33, 0xdd, 0x00, 
	0xa0, 0xa0, 0xc9, 0x15, 0x91, 0xda, 0xab, 0xaa, 
	0xcc, 0x52, 0x22, 0x33, 0x99, 0x53, 0x62, 0x5c, 
	0x12, 0x31, 0x55, 0x9d, 0xdd, 0x2e, 0xd3, 0xd2, 
	0x21, 0xce, 0xed, 0xdd, 0xe4, 0xed, 0x0a, 0x67, 
	0x67, 0x01, 0x99, 0x98, 0x9c, 0xc1, 0x1b, 0xbc, 
	0xcc, 0x12, 0xd2, 0xee, 0xe9, 0xe3, 0x63, 0x55, 
	0x5e, 0x22, 0xd9, 0x13, 0xd6, 0x32, 0xdd, 0x23, 
	0xd3, 0x5e, 0x2d, 0xdd, 0xde, 0x93, 0xd6, 0x66, 
	0x77, 0x75, 0x98, 0x89, 0xe1, 0x11, 0xab, 0xac, 
	0x1e, 0xdd, 0xd1, 0x22, 0x55, 0x9e, 0x23, 0x25, 
	0x5e, 0x21, 0xcd, 0xd3, 0x33, 0x3e, 0x23, 0x21, 
	0x23, 0x22, 0x25, 0x33, 0x33, 0x19, 0x10, 0x67, 
	0x60, 0x71, 0x48, 0x4e, 0xda, 0xba, 0xaa, 0xab, 
	0x22, 0x22, 0x21, 0x12, 0x23, 0x59, 0xe7, 0x33, 
	0x55, 0x3c, 0xd6, 0xdd, 0xdd, 0xd2, 0x21, 0x23, 
	0x15, 0x51, 0x11, 0x23, 0x66, 0x29, 0x90, 0x07, 
	0x67, 0x60, 0x94, 0xed, 0xba, 0xaa, 0xba, 0xba, 
	0xdd, 0x1d, 0x11, 0x55, 0x00, 0x0c, 0x45, 0x3e, 
	0x27, 0xce, 0x36, 0xd2, 0x32, 0xee, 0x53, 0x73, 
	0x13, 0x3d, 0x1e, 0x23, 0x36, 0x72, 0x99, 0x70, 
	0x00, 0x00, 0x99, 0xc1, 0xab, 0xbb, 0xba, 0xab, 
	0xfd, 0xd2, 0x50, 0x00, 0x07, 0x73, 0xc4, 0x52, 
	0x2c, 0xc3, 0x77, 0x22, 0x33, 0xee, 0x15, 0x07, 
	0x51, 0x22, 0x55, 0x53, 0x26, 0x27, 0xe4, 0xc7, 
	0x00, 0x00, 0x9c, 0xaa, 0xbb, 0xbb, 0xaa, 0x0a, 
	0xcd, 0x11, 0x15, 0x02, 0x20, 0x77, 0x18, 0x93, 
	0x19, 0x77, 0x77, 0x66, 0x32, 0xcc, 0xdd, 0x25, 
	0x55, 0x51, 0xe1, 0x53, 0x60, 0x00, 0x39, 0x8c, 
	0x77, 0x7c, 0xc1, 0xaa, 0xab, 0xbb, 0xba, 0xaa, 
	0xcd, 0x11, 0x12, 0x53, 0x36, 0x67, 0x79, 0x8c, 
	0x81, 0x77, 0x77, 0x76, 0x32, 0xdd, 0xdd, 0x51, 
	0x15, 0x5e, 0xe5, 0xe2, 0x66, 0x66, 0x05, 0x48, 
	0x99, 0x8c, 0x11, 0xab, 0xbb, 0xbb, 0xba, 0xba, 
	0x2d, 0x11, 0xdd, 0xd2, 0x37, 0x77, 0x33, 0x48, 
	0x10, 0x77, 0x77, 0x66, 0x32, 0x2d, 0x23, 0x25, 
	0x11, 0x11, 0x55, 0x23, 0x26, 0x6a, 0x12, 0x14, 
	0x88, 0x89, 0x11, 0xbb, 0xbb, 0xbb, 0xbb, 0xbb, 
	0x11, 0xc2, 0xdd, 0x23, 0x33, 0x33, 0x33, 0xe8, 
	0x37, 0x77, 0x77, 0x76, 0x02, 0x12, 0x22, 0x15, 
	0x51, 0x55, 0x1e, 0x50, 0x06, 0x0a, 0x11, 0x09, 
	0x48, 0x89, 0xbf, 0xfc, 0xcb, 0xbb, 0xbb, 0xbb, 
	0xcc, 0x11, 0x11, 0x22, 0xd3, 0x33, 0x33, 0xe8, 
	0x43, 0x77, 0x76, 0x66, 0x03, 0x11, 0x23, 0x10, 
	0x05, 0x55, 0x1e, 0x37, 0x77, 0xaa, 0x10, 0x01, 
	0x44, 0x8c, 0x1f, 0xbb, 0xff, 0xbb, 0xbb, 0xbb, 
	0xd1, 0x12, 0x1d, 0x32, 0xe3, 0x33, 0x3e, 0x48, 
	0x89, 0x77, 0x66, 0x67, 0x70, 0x11, 0xe5, 0x11, 
	0x55, 0x11, 0x52, 0x76, 0x6d, 0xd0, 0xa0, 0x01, 
	0x44, 0x8c, 0xab, 0xbf, 0xff, 0xff, 0xbb, 0xbf, 
	0x12, 0x22, 0x22, 0x52, 0x23, 0x33, 0x39, 0x4e, 
	0x48, 0x27, 0x76, 0x00, 0x00, 0x11, 0x15, 0x11, 
	0x11, 0x55, 0x53, 0x77, 0x60, 0x61, 0xdd, 0x14, 
	0x93, 0xe8, 0xff, 0xbb, 0xff, 0xfb, 0xbb, 0xab, 
	0x21, 0x55, 0x63, 0x33, 0x33, 0x33, 0xe4, 0xee, 
	0x98, 0x46, 0x70, 0x22, 0xa0, 0x1c, 0x15, 0x51, 
	0x11, 0x11, 0x55, 0x70, 0x00, 0x06, 0x2d, 0x49, 
	0x76, 0xa8, 0x8c, 0xbb, 0xbf, 0xfb, 0xff, 0xfb, 
	0x11, 0x32, 0x23, 0x33, 0x3d, 0x3e, 0x4e, 0xec, 
	0xee, 0x89, 0x60, 0x22, 0x00, 0x1c, 0x11, 0x55, 
	0x1c, 0x15, 0x55, 0x00, 0x06, 0xd6, 0x14, 0x97, 
	0x76, 0xd6, 0xff, 0xbf, 0xff, 0xcf, 0xff, 0xbb, 
	0x1c, 0xdd, 0xd3, 0x33, 0xdd, 0xe4, 0xe5, 0xcc, 
	0xce, 0x98, 0x93, 0x22, 0x33, 0x02, 0x11, 0xa1, 
	0x55, 0x05, 0x26, 0x66, 0x00, 0x22, 0x98, 0x00, 
	0x6a, 0xa6, 0x69, 0xca, 0xaf, 0xfb, 0xff, 0xfb, 
	0xd1, 0xdd, 0x12, 0x22, 0x32, 0x9e, 0x55, 0xec, 
	0xe9, 0xe9, 0x4d, 0x32, 0x26, 0x65, 0x15, 0x11, 
	0x11, 0x11, 0x26, 0x66, 0x00, 0x01, 0x9e, 0x77, 
	0x0b, 0x66, 0x66, 0x9c, 0xff, 0xc1, 0xbf, 0xbb, 
	0xd1, 0x22, 0x35, 0x33, 0x5e, 0x9e, 0xee, 0x95, 
	0x51, 0x1e, 0x9e, 0x33, 0x36, 0x60, 0xa5, 0x55, 
	0x11, 0x15, 0x26, 0x77, 0x66, 0x14, 0xdd, 0xa9, 
	0xcc, 0xba, 0x6d, 0xf8, 0x9c, 0xcb, 0xbb, 0xff, 
	0xd2, 0x12, 0x55, 0x33, 0xe9, 0xee, 0xee, 0x9e, 
	0xcc, 0xce, 0xe9, 0xd3, 0x30, 0x60, 0x01, 0x55, 
	0x11, 0x12, 0x36, 0x66, 0x21, 0x9e, 0x2d, 0x1c, 
	0x11, 0xda, 0x6d, 0xd8, 0x9c, 0xcc, 0x9b, 0xbb, 
	0x21, 0x55, 0x05, 0x3e, 0xe5, 0x55, 0x5e, 0xee, 
	0xee, 0xec, 0xee, 0x92, 0x36, 0x26, 0x3d, 0x12, 
	0x50, 0x02, 0x6d, 0xd3, 0x39, 0x99, 0x11, 0xc1, 
	0x15, 0xaa, 0xa6, 0x72, 0x99, 0xc9, 0xcf, 0xff, 
	0xd1, 0x55, 0x51, 0xe9, 0xe5, 0x15, 0x5e, 0x99, 
	0x9e, 0xc1, 0x25, 0xe1, 0x77, 0x02, 0xd3, 0x32, 
	0x55, 0x02, 0x23, 0x77, 0x24, 0x99, 0x11, 0x11, 
	0x15, 0xaa, 0xa6, 0x62, 0x18, 0x9c, 0xcf, 0xff, 
	0x15, 0x03, 0x22, 0x9e, 0x1e, 0x15, 0x59, 0xee, 
	0x9e, 0xee, 0xe1, 0xe9, 0x37, 0x76, 0x00, 0x70, 
	0x77, 0x02, 0x66, 0x73, 0x99, 0x20, 0x01, 0x2b, 
	0xed, 0x1d, 0xd2, 0x33, 0x3c, 0x99, 0xcc, 0xff, 
	0x53, 0x07, 0x2c, 0x55, 0x51, 0xee, 0xee, 0x2e, 
	0x9e, 0x9e, 0xec, 0xee, 0xc7, 0x76, 0x66, 0x70, 
	0x77, 0x06, 0x77, 0x39, 0x9e, 0x07, 0x70, 0x7d, 
	0xd2, 0x11, 0xdd, 0x2d, 0xde, 0x99, 0xcc, 0xff, 
	0x33, 0x55, 0x9e, 0x53, 0x55, 0x2e, 0xe9, 0xee, 
	0x9e, 0x11, 0x11, 0x12, 0xcc, 0x77, 0x70, 0x70, 
	0x66, 0x67, 0x77, 0xe4, 0x91, 0x07, 0x0d, 0xcd, 
	0x0c, 0xe1, 0x2a, 0xaa, 0x2e, 0x98, 0x9c, 0xcf, 
	0x55, 0x5e, 0x9e, 0x35, 0x55, 0x1e, 0xee, 0x9e, 
	0x9e, 0xcc, 0x11, 0xc1, 0x5e, 0x57, 0x70, 0x00, 
	0x60, 0x67, 0x71, 0x9e, 0xe5, 0x06, 0xdd, 0xdd, 
	0x11, 0x11, 0xc1, 0x1b, 0xde, 0x99, 0x9c, 0xcf, 
	0x23, 0x94, 0x95, 0x51, 0x25, 0x5e, 0x99, 0xee, 
	0x91, 0x15, 0x55, 0x1c, 0x55, 0x97, 0x76, 0x60, 
	0x77, 0x77, 0x09, 0x23, 0x50, 0xaa, 0xa1, 0xa0, 
	0x00, 0x00, 0x00, 0xa1, 0x22, 0x1e, 0x99, 0xcf, 
	0x22, 0x99, 0x15, 0x35, 0x55, 0x5e, 0xee, 0x9e, 
	0x11, 0x15, 0x51, 0x15, 0x05, 0x51, 0x77, 0x70, 
	0x07, 0x77, 0xc5, 0x33, 0x50, 0xaa, 0xa1, 0xaa, 
	0xaa, 0xaa, 0x51, 0x11, 0xd2, 0x2e, 0xe9, 0xcd, 
	0x59, 0x15, 0x55, 0x55, 0x55, 0x51, 0xe9, 0x9e, 
	0x11, 0x55, 0x51, 0xee, 0x12, 0x6c, 0x97, 0x71, 
	0xa7, 0x79, 0xe2, 0x12, 0x55, 0x01, 0x1c, 0xc1, 
	0xbb, 0xc1, 0x21, 0x5d, 0xad, 0x1b, 0x2e, 0x84, 
	0x9e, 0x37, 0x55, 0x51, 0x55, 0x11, 0x59, 0xee, 
	0xe5, 0x5e, 0x55, 0x1e, 0x12, 0xd2, 0xc1, 0x71, 
	0xa7, 0x19, 0xe2, 0x22, 0x15, 0x15, 0x21, 0xaa, 
	0xba, 0x1c, 0x11, 0x1d, 0xad, 0x11, 0x1e, 0x98, 
	0xc5, 0x50, 0x55, 0x51, 0x55, 0x5c, 0xcc, 0xee, 
	0xe5, 0x55, 0x52, 0xe9, 0x12, 0x00, 0x69, 0x15, 
	0x55, 0x4d, 0x35, 0x56, 0x21, 0x11, 0x15, 0x51, 
	0xc2, 0x11, 0xaa, 0xaa, 0xa1, 0x1d, 0xdd, 0x6d, 
	0x75, 0x50, 0x55, 0x55, 0x15, 0x1c, 0xcc, 0xee, 
	0x11, 0x15, 0x55, 0x15, 0x50, 0x06, 0x33, 0x4e, 
	0x34, 0xe3, 0x31, 0x2a, 0x02, 0x55, 0x15, 0x15, 
	0x11, 0x11, 0xbb, 0xba, 0xad, 0xd6, 0x6d, 0x66, 
	
};

Gfx totwc_dl_m11_4001_CI_ci4_pal_rgba16_aligner[] = {gsSPEndDisplayList()};
u8 totwc_dl_m11_4001_CI_ci4_pal_rgba16[] = {
	0x7b, 0x93, 0x62, 0xd3, 0x73, 0x55, 0x83, 0x97, 
	0x39, 0xd1, 0x6b, 0x55, 0x83, 0x53, 0x94, 0x17, 
	0x29, 0x4d, 0x4a, 0x11, 0x6a, 0xcf, 0x62, 0x4b, 
	0x52, 0x4f, 0x7b, 0x13, 0x62, 0xd5, 0x5a, 0x0d, 
	
};

Gfx totwc_dl_Bars_ia8_aligner[] = {gsSPEndDisplayList()};
u8 totwc_dl_Bars_ia8[] = {
	0xf0, 0xf0, 0xf0, 0xf0, 0xf0, 0xf0, 0xf0, 0xf0, 
	0xf0, 0xf0, 0xf0, 0xf0, 0xf0, 0xf0, 0x2f, 0x4f, 
	0x7f, 0x4f, 0x2f, 0xf0, 0xf0, 0xf0, 0xf0, 0xf0, 
	0xf0, 0xf0, 0xf0, 0xf0, 0xf0, 0xf0, 0xf0, 0xf0, 
	0xf0, 0xf0, 0xf0, 0xf0, 0xf0, 0xf0, 0xf0, 0xf0, 
	0xf0, 0xf0, 0xf0, 0xf0, 0xf0, 0xf0, 0x2f, 0x4f, 
	0x7f, 0x4f, 0x2f, 0xf0, 0xf0, 0xf0, 0xf0, 0xf0, 
	0xf0, 0xf0, 0xf0, 0xf0, 0xf0, 0xf0, 0xf0, 0xf0, 
	0xf0, 0xf0, 0xf0, 0xf0, 0xf0, 0xf0, 0xf0, 0xf0, 
	0xf0, 0xf0, 0xf0, 0xf0, 0xf0, 0xf0, 0x2f, 0x4f, 
	0x7f, 0x4f, 0x2f, 0xf0, 0xf0, 0xf0, 0xf0, 0xf0, 
	0xf0, 0xf0, 0xf0, 0xf0, 0xf0, 0xf0, 0xf0, 0xf0, 
	0xf0, 0xf0, 0xf0, 0xf0, 0xf0, 0xf0, 0xf0, 0xf0, 
	0xf0, 0xf0, 0xf0, 0xf0, 0xf0, 0xf0, 0x2f, 0x4f, 
	0x7f, 0x4f, 0x2f, 0xf0, 0xf0, 0xf0, 0xf0, 0xf0, 
	0xf0, 0xf0, 0xf0, 0xf0, 0xf0, 0xf0, 0xf0, 0xf0, 
	0xf0, 0xf0, 0xf0, 0xf0, 0xf0, 0xf0, 0xf0, 0xf0, 
	0xf0, 0xf0, 0xf0, 0xf0, 0xf0, 0xf0, 0x2f, 0x4f, 
	0x7f, 0x4f, 0x2f, 0xf0, 0xf0, 0xf0, 0xf0, 0xf0, 
	0xf0, 0xf0, 0xf0, 0xf0, 0xf0, 0xf0, 0xf0, 0xf0, 
	0xf0, 0xf0, 0xf0, 0xf0, 0xf0, 0xf0, 0xf0, 0xf0, 
	0xf0, 0xf0, 0xf0, 0xf0, 0xf0, 0xf0, 0x2f, 0x4f, 
	0x7f, 0x4f, 0x2f, 0xf0, 0xf0, 0xf0, 0xf0, 0xf0, 
	0xf0, 0xf0, 0xf0, 0xf0, 0xf0, 0xf0, 0xf0, 0xf0, 
	0xf0, 0xf0, 0xf0, 0xf0, 0xf0, 0xf0, 0xf0, 0xf0, 
	0xf0, 0xf0, 0xf0, 0xf0, 0xf0, 0xf0, 0x2f, 0x4f, 
	0x7f, 0x4f, 0x2f, 0xf0, 0xf0, 0xf0, 0xf0, 0xf0, 
	0xf0, 0xf0, 0xf0, 0xf0, 0xf0, 0xf0, 0xf0, 0xf0, 
	0xf0, 0xf0, 0xf0, 0xf0, 0xf0, 0xf0, 0xf0, 0xf0, 
	0xf0, 0xf0, 0xf0, 0xf0, 0xf0, 0xf0, 0x2f, 0x4f, 
	0x7f, 0x7f, 0x2f, 0xf0, 0xf0, 0xf0, 0xf0, 0xf0, 
	0xf0, 0xf0, 0xf0, 0xf0, 0xf0, 0xf0, 0xf0, 0xf0, 
	0xf0, 0xf0, 0xf0, 0xf0, 0xf0, 0xf0, 0xf0, 0xf0, 
	0xf0, 0xf0, 0xf0, 0xf0, 0xf0, 0xf0, 0x2f, 0x4f, 
	0x7f, 0x7f, 0x2f, 0xf0, 0xf0, 0xf0, 0xf0, 0xf0, 
	0xf0, 0xf0, 0xf0, 0xf0, 0xf0, 0xf0, 0xf0, 0xf0, 
	0xf0, 0xf0, 0xf0, 0xf0, 0xf0, 0xf0, 0xf0, 0xf0, 
	0xf0, 0xf0, 0xf0, 0xf0, 0xf0, 0xf0, 0x2f, 0x4f, 
	0x7f, 0x7f, 0x2f, 0xf0, 0xf0, 0xf0, 0xf0, 0xf0, 
	0xf0, 0xf0, 0xf0, 0xf0, 0xf0, 0xf0, 0xf0, 0xf0, 
	0xf0, 0xf0, 0xf0, 0xf0, 0xf0, 0xf0, 0xf0, 0xf0, 
	0xf0, 0xf0, 0xf0, 0xf0, 0xf0, 0xf0, 0x2f, 0x4f, 
	0x7f, 0x4f, 0x2f, 0xf0, 0xf0, 0xf0, 0xf0, 0xf0, 
	0xf0, 0xf0, 0xf0, 0xf0, 0xf0, 0xf0, 0xf0, 0xf0, 
	0xf0, 0xf0, 0xf0, 0xf0, 0xf0, 0xf0, 0xf0, 0xf0, 
	0xf0, 0xf0, 0xf0, 0xf0, 0xf0, 0xf0, 0x2f, 0x4f, 
	0x7f, 0x4f, 0x2f, 0xf0, 0xf0, 0xf0, 0xf0, 0xf0, 
	0xf0, 0xf0, 0xf0, 0xf0, 0xf0, 0xf0, 0xf0, 0xf0, 
	0xf0, 0xf0, 0xf0, 0xf0, 0xf0, 0xf0, 0xf0, 0xf0, 
	0xf0, 0xf0, 0xf0, 0xf0, 0xf0, 0xf0, 0x2f, 0x4f, 
	0x7f, 0x2f, 0x2f, 0xf0, 0xf0, 0xf0, 0xf0, 0xf0, 
	0xf0, 0xf0, 0xf0, 0xf0, 0xf0, 0xf0, 0xf0, 0xf0, 
	0xf0, 0xf0, 0xf0, 0xf0, 0xf0, 0xf0, 0xf0, 0xf0, 
	0xf0, 0xf0, 0xf0, 0xf0, 0xf0, 0xf0, 0x2f, 0x4f, 
	0x7f, 0x4f, 0x2f, 0xf0, 0xf0, 0xf0, 0xf0, 0xf0, 
	0xf0, 0xf0, 0xf0, 0xf0, 0xf0, 0xf0, 0xf0, 0xf0, 
	0x2f, 0x2f, 0x2f, 0x2f, 0x2f, 0x2f, 0x2f, 0x2f, 
	0x2f, 0x2f, 0x2f, 0x2f, 0x2f, 0x2f, 0x2f, 0x4f, 
	0x7f, 0x4f, 0x2f, 0x2f, 0x2f, 0x2f, 0x2f, 0x2f, 
	0x2f, 0x2f, 0x2f, 0x2f, 0x2f, 0x2f, 0x2f, 0x2f, 
	0x4f, 0x4f, 0x4f, 0x4f, 0x4f, 0x4f, 0x4f, 0x4f, 
	0x4f, 0x4f, 0x4f, 0x4f, 0x4f, 0x4f, 0x4f, 0x4f, 
	0x7f, 0x4f, 0x4f, 0x4f, 0x7f, 0x4f, 0x4f, 0x4f, 
	0x4f, 0x4f, 0x4f, 0x4f, 0x4f, 0x4f, 0x4f, 0x4f, 
	0x7f, 0x7f, 0x7f, 0x7f, 0x7f, 0x7f, 0x7f, 0x7f, 
	0x7f, 0x7f, 0x7f, 0x7f, 0x7f, 0x7f, 0x4f, 0x7f, 
	0x7f, 0x7f, 0x7f, 0x7f, 0x7f, 0x7f, 0x7f, 0x7f, 
	0x7f, 0x7f, 0x7f, 0x7f, 0x7f, 0x7f, 0x7f, 0x7f, 
	0x4f, 0x4f, 0x4f, 0x4f, 0x4f, 0x4f, 0x4f, 0x4f, 
	0x2f, 0x4f, 0x4f, 0x4f, 0x2f, 0x4f, 0x4f, 0x4f, 
	0x7f, 0x4f, 0x4f, 0x4f, 0x4f, 0x4f, 0x2f, 0x2f, 
	0x4f, 0x4f, 0x4f, 0x4f, 0x2f, 0x4f, 0x4f, 0x4f, 
	0x2f, 0x2f, 0x2f, 0x2f, 0x2f, 0x2f, 0x2f, 0x2f, 
	0x2f, 0x2f, 0x2f, 0x2f, 0x2f, 0x2f, 0x2f, 0x4f, 
	0x7f, 0x4f, 0x2f, 0x2f, 0x2f, 0x2f, 0x2f, 0x2f, 
	0x2f, 0x2f, 0x2f, 0x2f, 0x2f, 0x2f, 0x2f, 0x2f, 
	0xf0, 0xf0, 0xf0, 0xf0, 0xf0, 0xf0, 0xf0, 0xf0, 
	0xf0, 0xf0, 0xf0, 0xf0, 0xf0, 0xf0, 0x2f, 0x4f, 
	0x7f, 0x4f, 0x2f, 0xf0, 0xf0, 0xf0, 0xf0, 0xf0, 
	0xf0, 0xf0, 0xf0, 0xf0, 0xf0, 0xf0, 0xf0, 0xf0, 
	0xf0, 0xf0, 0xf0, 0xf0, 0xf0, 0xf0, 0xf0, 0xf0, 
	0xf0, 0xf0, 0xf0, 0xf0, 0xf0, 0xf0, 0x2f, 0x4f, 
	0x7f, 0x4f, 0x2f, 0xf0, 0xf0, 0xf0, 0xf0, 0xf0, 
	0xf0, 0xf0, 0xf0, 0xf0, 0xf0, 0xf0, 0xf0, 0xf0, 
	0xf0, 0xf0, 0xf0, 0xf0, 0xf0, 0xf0, 0xf0, 0xf0, 
	0xf0, 0xf0, 0xf0, 0xf0, 0xf0, 0xf0, 0x2f, 0x4f, 
	0x7f, 0x4f, 0x2f, 0xf0, 0xf0, 0xf0, 0xf0, 0xf0, 
	0xf0, 0xf0, 0xf0, 0xf0, 0xf0, 0xf0, 0xf0, 0xf0, 
	0xf0, 0xf0, 0xf0, 0xf0, 0xf0, 0xf0, 0xf0, 0xf0, 
	0xf0, 0xf0, 0xf0, 0xf0, 0xf0, 0xf0, 0x2f, 0x4f, 
	0x7f, 0x4f, 0x2f, 0xf0, 0xf0, 0xf0, 0xf0, 0xf0, 
	0xf0, 0xf0, 0xf0, 0xf0, 0xf0, 0xf0, 0xf0, 0xf0, 
	0xf0, 0xf0, 0xf0, 0xf0, 0xf0, 0xf0, 0xf0, 0xf0, 
	0xf0, 0xf0, 0xf0, 0xf0, 0xf0, 0xf0, 0x2f, 0x2f, 
	0x7f, 0x4f, 0x2f, 0xf0, 0xf0, 0xf0, 0xf0, 0xf0, 
	0xf0, 0xf0, 0xf0, 0xf0, 0xf0, 0xf0, 0xf0, 0xf0, 
	0xf0, 0xf0, 0xf0, 0xf0, 0xf0, 0xf0, 0xf0, 0xf0, 
	0xf0, 0xf0, 0xf0, 0xf0, 0xf0, 0xf0, 0x2f, 0x4f, 
	0x4f, 0x4f, 0x2f, 0xf0, 0xf0, 0xf0, 0xf0, 0xf0, 
	0xf0, 0xf0, 0xf0, 0xf0, 0xf0, 0xf0, 0xf0, 0xf0, 
	0xf0, 0xf0, 0xf0, 0xf0, 0xf0, 0xf0, 0xf0, 0xf0, 
	0xf0, 0xf0, 0xf0, 0xf0, 0xf0, 0xf0, 0x2f, 0x4f, 
	0x7f, 0x4f, 0x2f, 0xf0, 0xf0, 0xf0, 0xf0, 0xf0, 
	0xf0, 0xf0, 0xf0, 0xf0, 0xf0, 0xf0, 0xf0, 0xf0, 
	0xf0, 0xf0, 0xf0, 0xf0, 0xf0, 0xf0, 0xf0, 0xf0, 
	0xf0, 0xf0, 0xf0, 0xf0, 0xf0, 0xf0, 0x2f, 0x4f, 
	0x7f, 0x4f, 0x2f, 0xf0, 0xf0, 0xf0, 0xf0, 0xf0, 
	0xf0, 0xf0, 0xf0, 0xf0, 0xf0, 0xf0, 0xf0, 0xf0, 
	0xf0, 0xf0, 0xf0, 0xf0, 0xf0, 0xf0, 0xf0, 0xf0, 
	0xf0, 0xf0, 0xf0, 0xf0, 0xf0, 0xf0, 0x2f, 0x4f, 
	0x7f, 0x4f, 0x2f, 0xf0, 0xf0, 0xf0, 0xf0, 0xf0, 
	0xf0, 0xf0, 0xf0, 0xf0, 0xf0, 0xf0, 0xf0, 0xf0, 
	0xf0, 0xf0, 0xf0, 0xf0, 0xf0, 0xf0, 0xf0, 0xf0, 
	0xf0, 0xf0, 0xf0, 0xf0, 0xf0, 0xf0, 0x2f, 0x4f, 
	0x7f, 0x4f, 0x2f, 0xf0, 0xf0, 0xf0, 0xf0, 0xf0, 
	0xf0, 0xf0, 0xf0, 0xf0, 0xf0, 0xf0, 0xf0, 0xf0, 
	0xf0, 0xf0, 0xf0, 0xf0, 0xf0, 0xf0, 0xf0, 0xf0, 
	0xf0, 0xf0, 0xf0, 0xf0, 0xf0, 0xf0, 0x2f, 0x4f, 
	0x7f, 0x4f, 0x2f, 0xf0, 0xf0, 0xf0, 0xf0, 0xf0, 
	0xf0, 0xf0, 0xf0, 0xf0, 0xf0, 0xf0, 0xf0, 0xf0, 
	0xf0, 0xf0, 0xf0, 0xf0, 0xf0, 0xf0, 0xf0, 0xf0, 
	0xf0, 0xf0, 0xf0, 0xf0, 0xf0, 0xf0, 0x2f, 0x4f, 
	0x7f, 0x4f, 0x2f, 0xf0, 0xf0, 0xf0, 0xf0, 0xf0, 
	0xf0, 0xf0, 0xf0, 0xf0, 0xf0, 0xf0, 0xf0, 0xf0, 
	0xf0, 0xf0, 0xf0, 0xf0, 0xf0, 0xf0, 0xf0, 0xf0, 
	0xf0, 0xf0, 0xf0, 0xf0, 0xf0, 0xf0, 0x2f, 0x4f, 
	0x7f, 0x4f, 0x2f, 0xf0, 0xf0, 0xf0, 0xf0, 0xf0, 
	0xf0, 0xf0, 0xf0, 0xf0, 0xf0, 0xf0, 0xf0, 0xf0, 
	
};

Gfx totwc_dl_cs_soil13_alb_ci8_aligner[] = {gsSPEndDisplayList()};
u8 totwc_dl_cs_soil13_alb_ci8[] = {
	0x00, 0x01, 0x00, 0x02, 0x02, 0x03, 0x00, 0x02, 
	0x00, 0x00, 0x00, 0x00, 0x00, 0x00, 0x00, 0x00, 
	0x00, 0x00, 0x00, 0x00, 0x00, 0x02, 0x03, 0x00, 
	0x02, 0x02, 0x04, 0x00, 0x01, 0x00, 0x00, 0x05, 
	0x00, 0x00, 0x02, 0x06, 0x02, 0x02, 0x00, 0x02, 
	0x02, 0x00, 0x00, 0x00, 0x00, 0x00, 0x00, 0x01, 
	0x00, 0x00, 0x00, 0x04, 0x02, 0x02, 0x00, 0x00, 
	0x00, 0x00, 0x02, 0x04, 0x01, 0x01, 0x01, 0x01, 
	0x05, 0x07, 0x08, 0x09, 0x03, 0x00, 0x00, 0x00, 
	0x00, 0x00, 0x02, 0x00, 0x00, 0x00, 0x00, 0x0a, 
	0x00, 0x02, 0x03, 0x00, 0x02, 0x02, 0x03, 0x00, 
	0x01, 0x00, 0x00, 0x00, 0x00, 0x0b, 0x01, 0x0a, 
	0x04, 0x02, 0x09, 0x00, 0x01, 0x00, 0x00, 0x01, 
	0x01, 0x00, 0x02, 0x00, 0x00, 0x02, 0x00, 0x03, 
	0x00, 0x00, 0x00, 0x02, 0x02, 0x02, 0x02, 0x02, 
	0x02, 0x00, 0x00, 0x01, 0x00, 0x01, 0x00, 0x00, 
	0x0a, 0x06, 0x06, 0x02, 0x00, 0x00, 0x00, 0x04, 
	0x02, 0x02, 0x00, 0x01, 0x00, 0x02, 0x02, 0x02, 
	0x02, 0x02, 0x02, 0x02, 0x02, 0x02, 0x02, 0x02, 
	0x06, 0x06, 0x02, 0x02, 0x0a, 0x00, 0x0a, 0x00, 
	0x00, 0x00, 0x02, 0x02, 0x00, 0x00, 0x00, 0x00, 
	0x00, 0x00, 0x00, 0x00, 0x00, 0x03, 0x02, 0x02, 
	0x02, 0x02, 0x02, 0x03, 0x00, 0x00, 0x03, 0x03, 
	0x06, 0x02, 0x02, 0x02, 0x02, 0x03, 0x00, 0x00, 
	0x00, 0x00, 0x02, 0x04, 0x02, 0x03, 0x00, 0x02, 
	0x00, 0x00, 0x00, 0x00, 0x04, 0x04, 0x02, 0x02, 
	0x02, 0x06, 0x02, 0x00, 0x00, 0x01, 0x01, 0x00, 
	0x00, 0x00, 0x0c, 0x02, 0x02, 0x02, 0x00, 0x00, 
	0x00, 0x09, 0x06, 0x09, 0x02, 0x02, 0x02, 0x02, 
	0x00, 0x00, 0x00, 0x00, 0x00, 0x02, 0x02, 0x03, 
	0x06, 0x02, 0x02, 0x02, 0x01, 0x00, 0x0a, 0x00, 
	0x00, 0x00, 0x0c, 0x02, 0x02, 0x02, 0x03, 0x00, 
	0x00, 0x03, 0x0d, 0x02, 0x02, 0x02, 0x06, 0x04, 
	0x00, 0x00, 0x03, 0x02, 0x00, 0x00, 0x00, 0x02, 
	0x02, 0x02, 0x02, 0x03, 0x00, 0x00, 0x00, 0x00, 
	0x03, 0x00, 0x00, 0x02, 0x02, 0x00, 0x02, 0x04, 
	0x00, 0x00, 0x02, 0x04, 0x02, 0x02, 0x01, 0x00, 
	0x02, 0x02, 0x00, 0x00, 0x00, 0x02, 0x00, 0x02, 
	0x06, 0x02, 0x00, 0x00, 0x00, 0x00, 0x02, 0x06, 
	0x02, 0x02, 0x00, 0x03, 0x02, 0x00, 0x00, 0x00, 
	0x00, 0x00, 0x01, 0x00, 0x00, 0x00, 0x01, 0x0a, 
	0x02, 0x02, 0x00, 0x00, 0x00, 0x02, 0x02, 0x00, 
	0x02, 0x02, 0x00, 0x00, 0x00, 0x00, 0x00, 0x08, 
	0x06, 0x02, 0x02, 0x02, 0x04, 0x00, 0x00, 0x01, 
	0x00, 0x00, 0x00, 0x02, 0x00, 0x00, 0x00, 0x00, 
	0x02, 0x02, 0x02, 0x02, 0x02, 0x02, 0x00, 0x00, 
	0x00, 0x00, 0x00, 0x00, 0x00, 0x00, 0x07, 0x08, 
	0x06, 0x02, 0x02, 0x02, 0x00, 0x01, 0x01, 0x00, 
	0x00, 0x00, 0x04, 0x02, 0x04, 0x00, 0x03, 0x02, 
	0x06, 0x02, 0x02, 0x02, 0x02, 0x00, 0x00, 0x00, 
	0x00, 0x00, 0x02, 0x0c, 0x09, 0x02, 0x02, 0x02, 
	0x02, 0x02, 0x02, 0x00, 0x00, 0x00, 0x04, 0x00, 
	0x00, 0x00, 0x04, 0x00, 0x00, 0x00, 0x02, 0x06, 
	0x0e, 0x06, 0x02, 0x02, 0x03, 0x03, 0x00, 0x00, 
	0x00, 0x02, 0x0c, 0x0c, 0x02, 0x09, 0x02, 0x02, 
	0x02, 0x06, 0x02, 0x03, 0x00, 0x00, 0x00, 0x02, 
	0x00, 0x02, 0x00, 0x00, 0x00, 0x00, 0x04, 0x06, 
	0x06, 0x06, 0x02, 0x02, 0x00, 0x00, 0x00, 0x00, 
	0x00, 0x00, 0x0f, 0x00, 0x02, 0x02, 0x09, 0x02, 
	0x02, 0x06, 0x06, 0x00, 0x00, 0x00, 0x00, 0x01, 
	0x00, 0x02, 0x02, 0x02, 0x00, 0x00, 0x02, 0x02, 
	0x02, 0x0d, 0x08, 0x02, 0x03, 0x03, 0x03, 0x00, 
	0x00, 0x00, 0x02, 0x02, 0x00, 0x02, 0x06, 0x02, 
	0x10, 0x11, 0x00, 0x00, 0x00, 0x00, 0x00, 0x0a, 
	0x0c, 0x0c, 0x12, 0x02, 0x00, 0x00, 0x02, 0x02, 
	0x06, 0x13, 0x06, 0x06, 0x02, 0x02, 0x06, 0x02, 
	0x02, 0x02, 0x02, 0x02, 0x03, 0x03, 0x02, 0x06, 
	0x02, 0x00, 0x02, 0x02, 0x00, 0x00, 0x00, 0x04, 
	0x00, 0x00, 0x14, 0x06, 0x00, 0x04, 0x02, 0x02, 
	0x02, 0x06, 0x09, 0x02, 0x02, 0x02, 0x07, 0x02, 
	0x02, 0x02, 0x02, 0x02, 0x03, 0x03, 0x00, 0x03, 
	0x00, 0x00, 0x03, 0x02, 0x04, 0x01, 0x00, 0x00, 
	0x04, 0x02, 0x04, 0x02, 0x02, 0x02, 0x02, 0x02, 
	0x02, 0x02, 0x04, 0x02, 0x02, 0x04, 0x02, 0x02, 
	0x02, 0x02, 0x04, 0x04, 0x00, 0x00, 0x00, 0x00, 
	0x00, 0x00, 0x00, 0x00, 0x04, 0x00, 0x00, 0x00, 
	0x00, 0x04, 0x02, 0x02, 0x02, 0x02, 0x06, 0x02, 
	0x00, 0x00, 0x00, 0x00, 0x02, 0x02, 0x09, 0x02, 
	0x02, 0x02, 0x02, 0x04, 0x00, 0x00, 0x00, 0x00, 
	0x04, 0x04, 0x00, 0x00, 0x00, 0x00, 0x00, 0x00, 
	0x00, 0x00, 0x02, 0x02, 0x02, 0x02, 0x02, 0x02, 
	0x00, 0x00, 0x04, 0x04, 0x00, 0x00, 0x02, 0x02, 
	0x0c, 0x0c, 0x00, 0x02, 0x00, 0x00, 0x00, 0x00, 
	0x00, 0x02, 0x02, 0x00, 0x00, 0x00, 0x00, 0x00, 
	0x00, 0x04, 0x02, 0x09, 0x02, 0x02, 0x02, 0x00, 
	0x00, 0x00, 0x00, 0x00, 0x00, 0x00, 0x02, 0x02, 
	0x02, 0x0c, 0x15, 0x02, 0x00, 0x00, 0x00, 0x00, 
	0x00, 0x02, 0x02, 0x02, 0x02, 0x02, 0x00, 0x00, 
	0x00, 0x00, 0x04, 0x02, 0x02, 0x03, 0x02, 0x00, 
	0x01, 0x00, 0x00, 0x05, 0x0c, 0x0c, 0x02, 0x02, 
	0x02, 0x0f, 0x0c, 0x02, 0x04, 0x00, 0x00, 0x00, 
	0x02, 0x02, 0x09, 0x02, 0x0d, 0x02, 0x00, 0x00, 
	0x04, 0x00, 0x0d, 0x07, 0x02, 0x02, 0x04, 0x01, 
	0x0a, 0x00, 0x00, 0x00, 0x02, 0x02, 0x02, 0x02, 
	0x02, 0x02, 0x0c, 0x0c, 0x00, 0x00, 0x00, 0x00, 
	0x00, 0x02, 0x02, 0x02, 0x06, 0x02, 0x03, 0x00, 
	0x00, 0x02, 0x06, 0x08, 0x02, 0x02, 0x06, 0x02, 
	0x04, 0x01, 0x03, 0x02, 0x02, 0x02, 0x09, 0x02, 
	0x02, 0x02, 0x03, 0x03, 0x02, 0x00, 0x00, 0x00, 
	0x02, 0x02, 0x00, 0x00, 0x03, 0x02, 0x00, 0x04, 
	0x00, 0x00, 0x06, 0x06, 0x02, 0x02, 0x06, 0x06, 
	0x00, 0x04, 0x00, 0x00, 0x02, 0x02, 0x02, 0x02, 
	0x02, 0x04, 0x03, 0x00, 0x00, 0x00, 0x00, 0x02, 
	0x02, 0x06, 0x04, 0x00, 0x00, 0x00, 0x00, 0x02, 
	0x00, 0x00, 0x00, 0x02, 0x02, 0x02, 0x00, 0x00, 
	0x02, 0x00, 0x00, 0x02, 0x03, 0x02, 0x02, 0x04, 
	0x02, 0x00, 0x02, 0x00, 0x00, 0x0a, 0x00, 0x02, 
	0x08, 0x08, 0x09, 0x02, 0x02, 0x00, 0x00, 0x01, 
	0x00, 0x02, 0x03, 0x03, 0x02, 0x03, 0x00, 0x05, 
	0x00, 0x0a, 0x04, 0x00, 0x00, 0x02, 0x02, 0x02, 
	0x00, 0x02, 0x00, 0x00, 0x01, 0x0a, 0x00, 0x00, 
	0x09, 0x06, 0x06, 0x09, 0x02, 0x02, 0x00, 0x0a, 
	0x00, 0x02, 0x09, 0x09, 0x02, 0x02, 0x02, 0x00, 
	0x0a, 0x01, 0x00, 0x02, 0x02, 0x00, 0x03, 0x03, 
	0x02, 0x00, 0x00, 0x01, 0x00, 0x00, 0x00, 0x00, 
	0x00, 0x02, 0x06, 0x08, 0x02, 0x03, 0x00, 0x0a, 
	0x00, 0x00, 0x02, 0x09, 0x02, 0x04, 0x00, 0x00, 
	0x00, 0x00, 0x00, 0x00, 0x00, 0x00, 0x00, 0x00, 
	0x00, 0x00, 0x04, 0x00, 0x00, 0x00, 0x00, 0x04, 
	0x00, 0x02, 0x06, 0x06, 0x00, 0x00, 0x00, 0x0a, 
	0x00, 0x00, 0x00, 0x02, 0x02, 0x00, 0x00, 0x01, 
	0x16, 0x00, 0x00, 0x00, 0x00, 0x00, 0x00, 0x0a, 
	0x00, 0x04, 0x00, 0x00, 0x04, 0x04, 0x00, 0x02, 
	0x03, 0x02, 0x02, 0x02, 0x00, 0x00, 0x00, 0x00, 
	0x01, 0x00, 0x00, 0x00, 0x00, 0x00, 0x0a, 0x00, 
	0x00, 0x16, 0x01, 0x05, 0x01, 0x00, 0x0a, 0x00, 
	0x00, 0x0a, 0x01, 0x00, 0x00, 0x00, 0x02, 0x04, 
	0x00, 0x03, 0x02, 0x00, 0x00, 0x01, 0x01, 0x01, 
	
};

Gfx totwc_dl_cs_soil13_alb_ci8_pal_rgba16_aligner[] = {gsSPEndDisplayList()};
u8 totwc_dl_cs_soil13_alb_ci8_pal_rgba16[] = {
	0x94, 0xa5, 0x8c, 0x63, 0x9c, 0xe7, 0x94, 0xe5, 
	0x9c, 0xa7, 0x94, 0x65, 0xa5, 0x29, 0x9d, 0x27, 
	0xad, 0x6b, 0xa4, 0xe9, 0x8c, 0xa3, 0x94, 0x63, 
	0x9c, 0xe5, 0xa5, 0x69, 0xb5, 0x6d, 0x94, 0xe7, 
	0xa4, 0xe7, 0x9c, 0xa5, 0xa5, 0x2b, 0xad, 0x2b, 
	0x9d, 0x29, 0x94, 0xa7, 0x94, 0xa3, 
};

Gfx totwc_dl_tempImgEd002C_ci8_aligner[] = {gsSPEndDisplayList()};
u8 totwc_dl_tempImgEd002C_ci8[] = {
	0x00, 0x01, 0x02, 0x03, 0x04, 0x05, 0x05, 0x06, 
	0x07, 0x08, 0x09, 0x0a, 0x08, 0x01, 0x05, 0x0b, 
	0x0b, 0x05, 0x05, 0x00, 0x0c, 0x09, 0x09, 0x05, 
	0x0b, 0x07, 0x0d, 0x0a, 0x0a, 0x0e, 0x0f, 0x00, 
	0x09, 0x06, 0x06, 0x06, 0x01, 0x05, 0x05, 0x0c, 
	0x08, 0x08, 0x08, 0x10, 0x10, 0x0d, 0x05, 0x07, 
	0x07, 0x11, 0x00, 0x07, 0x07, 0x07, 0x05, 0x0d, 
	0x0c, 0x00, 0x09, 0x08, 0x00, 0x01, 0x01, 0x09, 
	0x05, 0x01, 0x06, 0x05, 0x05, 0x05, 0x05, 0x07, 
	0x08, 0x00, 0x05, 0x08, 0x08, 0x00, 0x09, 0x00, 
	0x00, 0x05, 0x09, 0x07, 0x0c, 0x05, 0x00, 0x09, 
	0x00, 0x09, 0x0c, 0x08, 0x07, 0x01, 0x06, 0x05, 
	0x00, 0x05, 0x0d, 0x05, 0x05, 0x09, 0x09, 0x07, 
	0x0c, 0x01, 0x01, 0x0c, 0x00, 0x09, 0x05, 0x0b, 
	0x0b, 0x07, 0x07, 0x00, 0x05, 0x0d, 0x0d, 0x09, 
	0x09, 0x01, 0x12, 0x05, 0x07, 0x07, 0x09, 0x00, 
	0x07, 0x05, 0x01, 0x02, 0x0d, 0x01, 0x0c, 0x0b, 
	0x01, 0x05, 0x05, 0x13, 0x07, 0x08, 0x05, 0x05, 
	0x00, 0x07, 0x0d, 0x01, 0x01, 0x01, 0x0d, 0x00, 
	0x01, 0x13, 0x01, 0x01, 0x0c, 0x0b, 0x07, 0x08, 
	0x07, 0x09, 0x01, 0x01, 0x01, 0x0f, 0x0c, 0x0c, 
	0x14, 0x13, 0x02, 0x05, 0x00, 0x07, 0x08, 0x08, 
	0x07, 0x0b, 0x0c, 0x01, 0x13, 0x13, 0x01, 0x05, 
	0x01, 0x13, 0x13, 0x01, 0x00, 0x07, 0x07, 0x08, 
	0x07, 0x00, 0x09, 0x13, 0x13, 0x0c, 0x0c, 0x01, 
	0x13, 0x14, 0x14, 0x0d, 0x09, 0x0c, 0x0c, 0x0a, 
	0x08, 0x07, 0x0c, 0x12, 0x12, 0x14, 0x0c, 0x0f, 
	0x13, 0x12, 0x13, 0x0c, 0x07, 0x12, 0x05, 0x0b, 
	0x0f, 0x0d, 0x00, 0x0c, 0x0c, 0x00, 0x0c, 0x13, 
	0x01, 0x0f, 0x01, 0x05, 0x0c, 0x01, 0x01, 0x02, 
	0x0f, 0x05, 0x07, 0x0c, 0x0c, 0x05, 0x05, 0x13, 
	0x13, 0x13, 0x09, 0x07, 0x01, 0x0f, 0x0c, 0x01, 
	0x05, 0x12, 0x01, 0x0c, 0x0c, 0x07, 0x07, 0x05, 
	0x12, 0x01, 0x05, 0x0d, 0x01, 0x0f, 0x01, 0x12, 
	0x01, 0x0f, 0x0d, 0x09, 0x0c, 0x05, 0x05, 0x0c, 
	0x00, 0x00, 0x07, 0x07, 0x00, 0x05, 0x0c, 0x05, 
	0x0d, 0x01, 0x0f, 0x0c, 0x0c, 0x0c, 0x07, 0x0c, 
	0x05, 0x0d, 0x12, 0x12, 0x0d, 0x14, 0x13, 0x01, 
	0x01, 0x02, 0x13, 0x00, 0x00, 0x05, 0x07, 0x00, 
	0x09, 0x0c, 0x0f, 0x01, 0x00, 0x0c, 0x0c, 0x05, 
	0x05, 0x01, 0x12, 0x05, 0x12, 0x05, 0x0c, 0x00, 
	0x07, 0x09, 0x13, 0x14, 0x12, 0x13, 0x0f, 0x13, 
	0x00, 0x00, 0x0c, 0x12, 0x0c, 0x0c, 0x0c, 0x05, 
	0x12, 0x05, 0x0f, 0x13, 0x12, 0x0d, 0x01, 0x12, 
	0x0d, 0x06, 0x0d, 0x01, 0x13, 0x15, 0x13, 0x0d, 
	0x12, 0x12, 0x05, 0x01, 0x14, 0x12, 0x0e, 0x0f, 
	0x01, 0x0c, 0x0d, 0x14, 0x0f, 0x0f, 0x0c, 0x09, 
	0x12, 0x12, 0x14, 0x0f, 0x14, 0x0d, 0x01, 0x02, 
	0x05, 0x0d, 0x13, 0x13, 0x0f, 0x15, 0x15, 0x12, 
	0x13, 0x01, 0x0e, 0x05, 0x01, 0x13, 0x0c, 0x00, 
	0x00, 0x12, 0x13, 0x0f, 0x0f, 0x0e, 0x0f, 0x0c, 
	0x05, 0x12, 0x16, 0x01, 0x13, 0x13, 0x05, 0x05, 
	0x0d, 0x01, 0x02, 0x0f, 0x0e, 0x0e, 0x13, 0x0d, 
	0x0f, 0x13, 0x0f, 0x0e, 0x01, 0x0c, 0x0c, 0x00, 
	0x0c, 0x0f, 0x0f, 0x0f, 0x0e, 0x0e, 0x14, 0x0c, 
	0x01, 0x0d, 0x0f, 0x17, 0x01, 0x12, 0x0d, 0x05, 
	0x0f, 0x0f, 0x0f, 0x0e, 0x17, 0x0e, 0x01, 0x01, 
	0x14, 0x13, 0x0f, 0x18, 0x0c, 0x0c, 0x14, 0x0f, 
	0x0f, 0x0f, 0x0e, 0x0f, 0x0e, 0x0e, 0x01, 0x05, 
	0x13, 0x13, 0x0f, 0x18, 0x01, 0x12, 0x0f, 0x01, 
	0x0c, 0x13, 0x0f, 0x01, 0x17, 0x01, 0x01, 0x17, 
	0x13, 0x13, 0x12, 0x0c, 0x0c, 0x01, 0x0e, 0x0e, 
	0x0e, 0x0e, 0x0e, 0x14, 0x0f, 0x0f, 0x01, 0x0f, 
	0x0c, 0x0c, 0x01, 0x01, 0x01, 0x02, 0x02, 0x05, 
	0x0c, 0x01, 0x0e, 0x05, 0x0f, 0x12, 0x01, 0x0e, 
	0x13, 0x0f, 0x13, 0x0c, 0x0c, 0x14, 0x18, 0x0f, 
	0x0e, 0x0f, 0x17, 0x12, 0x0e, 0x01, 0x13, 0x0e, 
	0x12, 0x0c, 0x0c, 0x0d, 0x01, 0x0f, 0x01, 0x05, 
	0x05, 0x14, 0x01, 0x05, 0x01, 0x01, 0x14, 0x14, 
	0x01, 0x0f, 0x13, 0x0c, 0x12, 0x0f, 0x0f, 0x0f, 
	0x0f, 0x0e, 0x0e, 0x01, 0x0f, 0x01, 0x0f, 0x01, 
	0x0c, 0x0c, 0x09, 0x09, 0x05, 0x01, 0x15, 0x0d, 
	0x02, 0x0f, 0x05, 0x0d, 0x01, 0x0f, 0x01, 0x0d, 
	0x01, 0x0f, 0x01, 0x0c, 0x09, 0x01, 0x0f, 0x17, 
	0x0f, 0x0e, 0x01, 0x13, 0x01, 0x02, 0x13, 0x09, 
	0x0c, 0x12, 0x01, 0x12, 0x05, 0x0c, 0x0c, 0x02, 
	0x05, 0x01, 0x0d, 0x12, 0x14, 0x0f, 0x12, 0x12, 
	0x17, 0x0f, 0x17, 0x0f, 0x0c, 0x00, 0x13, 0x0f, 
	0x0f, 0x0e, 0x01, 0x01, 0x0f, 0x13, 0x12, 0x0c, 
	0x01, 0x01, 0x0f, 0x15, 0x0d, 0x05, 0x06, 0x09, 
	0x01, 0x07, 0x0d, 0x14, 0x14, 0x0e, 0x01, 0x12, 
	0x0f, 0x0e, 0x0f, 0x15, 0x13, 0x0c, 0x07, 0x07, 
	0x01, 0x12, 0x01, 0x14, 0x14, 0x0f, 0x0d, 0x0d, 
	0x12, 0x01, 0x14, 0x0f, 0x05, 0x0c, 0x05, 0x05, 
	0x09, 0x07, 0x05, 0x0f, 0x13, 0x0f, 0x01, 0x14, 
	0x0f, 0x13, 0x18, 0x14, 0x0c, 0x0c, 0x0c, 0x07, 
	0x07, 0x0c, 0x0f, 0x0f, 0x14, 0x18, 0x0c, 0x01, 
	0x0f, 0x01, 0x13, 0x12, 0x05, 0x0c, 0x0c, 0x05, 
	0x07, 0x00, 0x12, 0x12, 0x05, 0x01, 0x0f, 0x0f, 
	0x0e, 0x01, 0x0f, 0x0c, 0x0c, 0x0d, 0x05, 0x05, 
	0x00, 0x07, 0x0c, 0x12, 0x13, 0x0c, 0x0d, 0x0f, 
	0x14, 0x13, 0x13, 0x05, 0x12, 0x12, 0x00, 0x00, 
	0x01, 0x01, 0x0c, 0x0c, 0x05, 0x0c, 0x0c, 0x14, 
	0x0f, 0x14, 0x0c, 0x0c, 0x01, 0x0f, 0x12, 0x12, 
	0x05, 0x12, 0x09, 0x07, 0x09, 0x07, 0x0c, 0x0f, 
	0x13, 0x12, 0x0d, 0x12, 0x13, 0x13, 0x05, 0x0d, 
	0x05, 0x13, 0x01, 0x09, 0x13, 0x05, 0x0c, 0x00, 
	0x00, 0x00, 0x07, 0x07, 0x07, 0x0d, 0x12, 0x12, 
	0x12, 0x13, 0x0d, 0x07, 0x07, 0x07, 0x07, 0x0c, 
	0x0c, 0x0c, 0x05, 0x01, 0x01, 0x01, 0x0d, 0x05, 
	0x05, 0x01, 0x02, 0x00, 0x05, 0x0d, 0x0c, 0x0c, 
	0x0c, 0x0c, 0x13, 0x01, 0x07, 0x0c, 0x05, 0x01, 
	0x01, 0x01, 0x0f, 0x00, 0x05, 0x05, 0x0c, 0x09, 
	0x0c, 0x0d, 0x05, 0x01, 0x05, 0x0d, 0x05, 0x05, 
	0x00, 0x09, 0x0c, 0x0c, 0x00, 0x0c, 0x07, 0x05, 
	0x12, 0x0c, 0x02, 0x0e, 0x01, 0x05, 0x0d, 0x13, 
	0x05, 0x05, 0x0d, 0x07, 0x00, 0x0c, 0x07, 0x07, 
	0x07, 0x0c, 0x12, 0x13, 0x13, 0x06, 0x13, 0x02, 
	0x09, 0x07, 0x01, 0x02, 0x01, 0x0d, 0x07, 0x00, 
	0x0c, 0x00, 0x05, 0x0f, 0x01, 0x01, 0x01, 0x01, 
	0x0b, 0x00, 0x0c, 0x0d, 0x05, 0x0c, 0x00, 0x00, 
	0x00, 0x0c, 0x09, 0x12, 0x01, 0x01, 0x0f, 0x19, 
	0x07, 0x09, 0x01, 0x0f, 0x02, 0x0e, 0x01, 0x00, 
	0x14, 0x05, 0x05, 0x05, 0x12, 0x02, 0x0c, 0x00, 
	0x0b, 0x08, 0x0d, 0x02, 0x0f, 0x02, 0x05, 0x07, 
	0x01, 0x0d, 0x0d, 0x00, 0x01, 0x01, 0x00, 0x07, 
	0x05, 0x02, 0x02, 0x02, 0x0f, 0x0f, 0x01, 0x07, 
	0x01, 0x05, 0x06, 0x05, 0x0c, 0x09, 0x0a, 0x0a, 
	0x05, 0x03, 0x05, 0x13, 0x13, 0x02, 0x09, 0x07, 
	0x12, 0x0d, 0x06, 0x09, 0x0d, 0x00, 0x0a, 0x08, 
	0x13, 0x02, 0x0f, 0x0f, 0x02, 0x02, 0x01, 0x00, 
	0x01, 0x0f, 0x11, 0x02, 0x00, 0x08, 0x11, 0x07, 
	0x0f, 0x06, 0x11, 0x02, 0x01, 0x04, 0x09, 0x0b, 
	0x05, 0x01, 0x05, 0x0d, 0x07, 0x08, 0x05, 0x05, 
	0x00, 0x01, 0x02, 0x06, 0x02, 0x05, 0x05, 0x09, 
	0x08, 0x00, 0x06, 0x00, 0x0a, 0x00, 0x05, 0x0b, 
	0x00, 0x05, 0x0d, 0x09, 0x05, 0x0c, 0x0c, 0x00, 
	0x09, 0x09, 0x06, 0x0b, 0x0a, 0x01, 0x0f, 0x00, 
	
};

Gfx totwc_dl_tempImgEd002C_ci8_pal_rgba16_aligner[] = {gsSPEndDisplayList()};
u8 totwc_dl_tempImgEd002C_ci8_pal_rgba16[] = {
	0xb5, 0xed, 0xc6, 0x71, 0xc6, 0xb3, 0xbe, 0x6f, 
	0xc6, 0xb1, 0xbe, 0x2f, 0xbe, 0x71, 0xb5, 0xad, 
	0xad, 0xab, 0xb5, 0xef, 0xad, 0x6b, 0xad, 0xad, 
	0xbd, 0xef, 0xbe, 0x31, 0xce, 0xb5, 0xce, 0xb3, 
	0xa5, 0x69, 0xb6, 0x2f, 0xc6, 0x31, 0xc6, 0x73, 
	0xce, 0x73, 0xce, 0xf5, 0xdf, 0x37, 0xd6, 0xf5, 
	0xd6, 0xb5, 0xce, 0xf3, 
};

Vtx totwc_dl_Cone_mesh_layer_1_vtx_0[146] = {
	{{{-1180, -541, 0},0, {-3305, -1703},{0xFF, 0xFF, 0xFF, 0xFF}}},
	{{{-912, -339, 55},0, {-2725, -1837},{0xFF, 0xFF, 0xFF, 0xFF}}},
	{{{-767, -227, -4},0, {-2402, -2173},{0xFF, 0xFF, 0xFF, 0xFF}}},
	{{{-689, -200, 199},0, {-2041, -1796},{0xFF, 0xFF, 0xFF, 0xFF}}},
	{{{-681, -339, 661},0, {-1823, -835},{0xFF, 0xFF, 0xFF, 0xFF}}},
	{{{-835, -541, 905},0, {-1986, -346},{0xFF, 0xFF, 0xFF, 0xFF}}},
	{{{-545, -227, 585},0, {-1536, -1099},{0xFF, 0xFF, 0xFF, 0xFF}}},
	{{{-610, -339, 738},0, {-1641, -723},{0xFF, 0xFF, 0xFF, 0xFF}}},
	{{{-357, -200, 669},0, {-1114, -1015},{0xFF, 0xFF, 0xFF, 0xFF}}},
	{{{-50, -339, 989},0, {-460, -390},{0xFF, 0xFF, 0xFF, 0xFF}}},
	{{{0, -541, 1280},0, {-347, 88},{0xFF, 0xFF, 0xFF, 0xFF}}},
	{{{-4, -227, 832},0, {-371, -748},{0xFF, 0xFF, 0xFF, 0xFF}}},
	{{{50, -339, 989},0, {-258, -394},{0xFF, 0xFF, 0xFF, 0xFF}}},
	{{{184, -200, 747},0, {12, -910},{0xFF, 0xFF, 0xFF, 0xFF}}},
	{{{610, -339, 738},0, {914, -745},{0xFF, 0xFF, 0xFF, 0xFF}}},
	{{{835, -541, 905},0, {1280, -386},{0xFF, 0xFF, 0xFF, 0xFF}}},
	{{{835, -541, 905},0, {1280, -386},{0xFF, 0xFF, 0xFF, 0xFF}}},
	{{{540, -227, 591},0, {787, -1107},{0xFF, 0xFF, 0xFF, 0xFF}}},
	{{{610, -339, 738},0, {914, -745},{0xFF, 0xFF, 0xFF, 0xFF}}},
	{{{681, -339, 661},0, {1090, -863},{0xFF, 0xFF, 0xFF, 0xFF}}},
	{{{617, -200, 387},0, {1027, -1479},{0xFF, 0xFF, 0xFF, 0xFF}}},
	{{{912, -339, 55},0, {1978, -1867},{0xFF, 0xFF, 0xFF, 0xFF}}},
	{{{1180, -541, 0},0, {2549, -1759},{0xFF, 0xFF, 0xFF, 0xFF}}},
	{{{767, -227, 4},0, {1644, -2170},{0xFF, 0xFF, 0xFF, 0xFF}}},
	{{{912, -339, -55},0, {1963, -1830},{0xFF, 0xFF, 0xFF, 0xFF}}},
	{{{689, -200, -199},0, {1278, -1790},{0xFF, 0xFF, 0xFF, 0xFF}}},
	{{{681, -339, -661},0, {1058, -830},{0xFF, 0xFF, 0xFF, 0xFF}}},
	{{{835, -541, -905},0, {1219, -341},{0xFF, 0xFF, 0xFF, 0xFF}}},
	{{{545, -227, -585},0, {771, -1095},{0xFF, 0xFF, 0xFF, 0xFF}}},
	{{{610, -339, -738},0, {876, -719},{0xFF, 0xFF, 0xFF, 0xFF}}},
	{{{357, -200, -669},0, {349, -1012},{0xFF, 0xFF, 0xFF, 0xFF}}},
	{{{50, -339, -989},0, {-306, -390},{0xFF, 0xFF, 0xFF, 0xFF}}},
	{{{835, -541, -905},0, {1219, -341},{0xFF, 0xFF, 0xFF, 0xFF}}},
	{{{0, -541, -1280},0, {-421, 88},{0xFF, 0xFF, 0xFF, 0xFF}}},
	{{{50, -339, -989},0, {-306, -390},{0xFF, 0xFF, 0xFF, 0xFF}}},
	{{{4, -227, -832},0, {-394, -747},{0xFF, 0xFF, 0xFF, 0xFF}}},
	{{{-50, -339, -989},0, {-509, -394},{0xFF, 0xFF, 0xFF, 0xFF}}},
	{{{-184, -200, -747},0, {-777, -910},{0xFF, 0xFF, 0xFF, 0xFF}}},
	{{{-610, -339, -738},0, {-1680, -748},{0xFF, 0xFF, 0xFF, 0xFF}}},
	{{{-835, -541, -905},0, {-2046, -390},{0xFF, 0xFF, 0xFF, 0xFF}}},
	{{{-540, -227, -591},0, {-1551, -1110},{0xFF, 0xFF, 0xFF, 0xFF}}},
	{{{-681, -339, -661},0, {-1855, -867},{0xFF, 0xFF, 0xFF, 0xFF}}},
	{{{-617, -200, -387},0, {-1791, -1483},{0xFF, 0xFF, 0xFF, 0xFF}}},
	{{{-912, -339, -55},0, {-2740, -1873},{0xFF, 0xFF, 0xFF, 0xFF}}},
	{{{-1180, -541, 0},0, {-3305, -1703},{0xFF, 0xFF, 0xFF, 0xFF}}},
	{{{-767, -227, -4},0, {-2405, -2176},{0xFF, 0xFF, 0xFF, 0xFF}}},
	{{{-546, -122, -137},0, {-1737, -2056},{0xFF, 0xFF, 0xFF, 0xFF}}},
	{{{-288, -19, 0},0, {-1126, -2542},{0xFF, 0xFF, 0xFF, 0xFF}}},
	{{{-471, -118, -321},0, {-1476, -1710},{0xFF, 0xFF, 0xFF, 0xFF}}},
	{{{-546, -122, -137},0, {-1737, -2056},{0xFF, 0xFF, 0xFF, 0xFF}}},
	{{{-288, -19, 0},0, {-1126, -2542},{0xFF, 0xFF, 0xFF, 0xFF}}},
	{{{-203, -19, -221},0, {-865, -2034},{0xFF, 0xFF, 0xFF, 0xFF}}},
	{{{0, -19, -312},0, {-390, -1843},{0xFF, 0xFF, 0xFF, 0xFF}}},
	{{{203, -19, -221},0, {86, -2035},{0xFF, 0xFF, 0xFF, 0xFF}}},
	{{{288, -19, 0},0, {366, -2540},{0xFF, 0xFF, 0xFF, 0xFF}}},
	{{{-203, -19, 221},0, {-847, -2037},{0xFF, 0xFF, 0xFF, 0xFF}}},
	{{{-543, -118, 134},0, {-1711, -2047},{0xFF, 0xFF, 0xFF, 0xFF}}},
	{{{-767, -227, -4},0, {-2402, -2173},{0xFF, 0xFF, 0xFF, 0xFF}}},
	{{{-912, -339, 55},0, {-2725, -1837},{0xFF, 0xFF, 0xFF, 0xFF}}},
	{{{-689, -200, 199},0, {-2041, -1796},{0xFF, 0xFF, 0xFF, 0xFF}}},
	{{{-475, -122, 322},0, {-1467, -1688},{0xFF, 0xFF, 0xFF, 0xFF}}},
	{{{-617, -200, 387},0, {-1770, -1458},{0xFF, 0xFF, 0xFF, 0xFF}}},
	{{{-681, -339, 661},0, {-1823, -835},{0xFF, 0xFF, 0xFF, 0xFF}}},
	{{{-545, -227, 585},0, {-1536, -1099},{0xFF, 0xFF, 0xFF, 0xFF}}},
	{{{-545, -227, 585},0, {-1536, -1099},{0xFF, 0xFF, 0xFF, 0xFF}}},
	{{{-296, -118, 511},0, {-1012, -1372},{0xFF, 0xFF, 0xFF, 0xFF}}},
	{{{-203, -19, 221},0, {-847, -2037},{0xFF, 0xFF, 0xFF, 0xFF}}},
	{{{-610, -339, 738},0, {-1641, -723},{0xFF, 0xFF, 0xFF, 0xFF}}},
	{{{-357, -200, 669},0, {-1114, -1015},{0xFF, 0xFF, 0xFF, 0xFF}}},
	{{{-126, -122, 592},0, {-634, -1238},{0xFF, 0xFF, 0xFF, 0xFF}}},
	{{{-184, -200, 747},0, {-741, -901},{0xFF, 0xFF, 0xFF, 0xFF}}},
	{{{-50, -339, 989},0, {-460, -390},{0xFF, 0xFF, 0xFF, 0xFF}}},
	{{{-4, -227, 832},0, {-371, -748},{0xFF, 0xFF, 0xFF, 0xFF}}},
	{{{0, -19, 312},0, {-372, -1843},{0xFF, 0xFF, 0xFF, 0xFF}}},
	{{{124, -118, 589},0, {-106, -1253},{0xFF, 0xFF, 0xFF, 0xFF}}},
	{{{50, -339, 989},0, {-258, -394},{0xFF, 0xFF, 0xFF, 0xFF}}},
	{{{184, -200, 747},0, {12, -910},{0xFF, 0xFF, 0xFF, 0xFF}}},
	{{{297, -122, 516},0, {277, -1369},{0xFF, 0xFF, 0xFF, 0xFF}}},
	{{{357, -200, 669},0, {383, -1024},{0xFF, 0xFF, 0xFF, 0xFF}}},
	{{{610, -339, 738},0, {914, -745},{0xFF, 0xFF, 0xFF, 0xFF}}},
	{{{610, -339, 738},0, {914, -745},{0xFF, 0xFF, 0xFF, 0xFF}}},
	{{{540, -227, 591},0, {787, -1107},{0xFF, 0xFF, 0xFF, 0xFF}}},
	{{{297, -122, 516},0, {277, -1369},{0xFF, 0xFF, 0xFF, 0xFF}}},
	{{{203, -19, 221},0, {103, -2033},{0xFF, 0xFF, 0xFF, 0xFF}}},
	{{{471, -118, 321},0, {713, -1707},{0xFF, 0xFF, 0xFF, 0xFF}}},
	{{{681, -339, 661},0, {1090, -863},{0xFF, 0xFF, 0xFF, 0xFF}}},
	{{{617, -200, 387},0, {1027, -1479},{0xFF, 0xFF, 0xFF, 0xFF}}},
	{{{546, -122, 137},0, {975, -2053},{0xFF, 0xFF, 0xFF, 0xFF}}},
	{{{689, -200, 199},0, {1298, -1811},{0xFF, 0xFF, 0xFF, 0xFF}}},
	{{{912, -339, 55},0, {1978, -1867},{0xFF, 0xFF, 0xFF, 0xFF}}},
	{{{767, -227, 4},0, {1644, -2170},{0xFF, 0xFF, 0xFF, 0xFF}}},
	{{{288, -19, 0},0, {366, -2540},{0xFF, 0xFF, 0xFF, 0xFF}}},
	{{{543, -118, -134},0, {949, -2043},{0xFF, 0xFF, 0xFF, 0xFF}}},
	{{{912, -339, -55},0, {1963, -1830},{0xFF, 0xFF, 0xFF, 0xFF}}},
	{{{689, -200, -199},0, {1278, -1790},{0xFF, 0xFF, 0xFF, 0xFF}}},
	{{{475, -122, -322},0, {704, -1684},{0xFF, 0xFF, 0xFF, 0xFF}}},
	{{{689, -200, -199},0, {1278, -1790},{0xFF, 0xFF, 0xFF, 0xFF}}},
	{{{617, -200, -387},0, {1006, -1454},{0xFF, 0xFF, 0xFF, 0xFF}}},
	{{{475, -122, -322},0, {704, -1684},{0xFF, 0xFF, 0xFF, 0xFF}}},
	{{{681, -339, -661},0, {1058, -830},{0xFF, 0xFF, 0xFF, 0xFF}}},
	{{{545, -227, -585},0, {771, -1095},{0xFF, 0xFF, 0xFF, 0xFF}}},
	{{{203, -19, -221},0, {86, -2035},{0xFF, 0xFF, 0xFF, 0xFF}}},
	{{{296, -118, -511},0, {248, -1370},{0xFF, 0xFF, 0xFF, 0xFF}}},
	{{{610, -339, -738},0, {876, -719},{0xFF, 0xFF, 0xFF, 0xFF}}},
	{{{357, -200, -669},0, {349, -1012},{0xFF, 0xFF, 0xFF, 0xFF}}},
	{{{126, -122, -592},0, {-130, -1237},{0xFF, 0xFF, 0xFF, 0xFF}}},
	{{{184, -200, -747},0, {-23, -900},{0xFF, 0xFF, 0xFF, 0xFF}}},
	{{{50, -339, -989},0, {-306, -390},{0xFF, 0xFF, 0xFF, 0xFF}}},
	{{{4, -227, -832},0, {-394, -747},{0xFF, 0xFF, 0xFF, 0xFF}}},
	{{{0, -19, -312},0, {-390, -1843},{0xFF, 0xFF, 0xFF, 0xFF}}},
	{{{-124, -118, -589},0, {-658, -1253},{0xFF, 0xFF, 0xFF, 0xFF}}},
	{{{-50, -339, -989},0, {-509, -394},{0xFF, 0xFF, 0xFF, 0xFF}}},
	{{{-50, -339, -989},0, {-509, -394},{0xFF, 0xFF, 0xFF, 0xFF}}},
	{{{-184, -200, -747},0, {-777, -910},{0xFF, 0xFF, 0xFF, 0xFF}}},
	{{{-124, -118, -589},0, {-658, -1253},{0xFF, 0xFF, 0xFF, 0xFF}}},
	{{{-297, -122, -516},0, {-1040, -1370},{0xFF, 0xFF, 0xFF, 0xFF}}},
	{{{-357, -200, -669},0, {-1147, -1026},{0xFF, 0xFF, 0xFF, 0xFF}}},
	{{{-610, -339, -738},0, {-1680, -748},{0xFF, 0xFF, 0xFF, 0xFF}}},
	{{{-540, -227, -591},0, {-1551, -1110},{0xFF, 0xFF, 0xFF, 0xFF}}},
	{{{-203, -19, -221},0, {-865, -2034},{0xFF, 0xFF, 0xFF, 0xFF}}},
	{{{-471, -118, -321},0, {-1476, -1710},{0xFF, 0xFF, 0xFF, 0xFF}}},
	{{{-681, -339, -661},0, {-1855, -867},{0xFF, 0xFF, 0xFF, 0xFF}}},
	{{{-617, -200, -387},0, {-1791, -1483},{0xFF, 0xFF, 0xFF, 0xFF}}},
	{{{-546, -122, -137},0, {-1737, -2056},{0xFF, 0xFF, 0xFF, 0xFF}}},
	{{{-689, -200, -199},0, {-2060, -1815},{0xFF, 0xFF, 0xFF, 0xFF}}},
	{{{-912, -339, -55},0, {-2740, -1873},{0xFF, 0xFF, 0xFF, 0xFF}}},
	{{{0, -19, -312},0, {-390, -1843},{0xFF, 0xFF, 0xFF, 0xFF}}},
	{{{-543, -118, 134},0, {-1711, -2047},{0xFF, 0xFF, 0xFF, 0xFF}}},
	{{{-475, -122, 322},0, {-1467, -1688},{0xFF, 0xFF, 0xFF, 0xFF}}},
	{{{-203, -19, 221},0, {-847, -2037},{0xFF, 0xFF, 0xFF, 0xFF}}},
	{{{-296, -118, 511},0, {-1012, -1372},{0xFF, 0xFF, 0xFF, 0xFF}}},
	{{{-126, -122, 592},0, {-634, -1238},{0xFF, 0xFF, 0xFF, 0xFF}}},
	{{{0, -19, 312},0, {-372, -1843},{0xFF, 0xFF, 0xFF, 0xFF}}},
	{{{203, -19, 221},0, {103, -2033},{0xFF, 0xFF, 0xFF, 0xFF}}},
	{{{124, -118, 589},0, {-106, -1253},{0xFF, 0xFF, 0xFF, 0xFF}}},
	{{{297, -122, 516},0, {277, -1369},{0xFF, 0xFF, 0xFF, 0xFF}}},
	{{{288, -19, 0},0, {366, -2540},{0xFF, 0xFF, 0xFF, 0xFF}}},
	{{{471, -118, 321},0, {713, -1707},{0xFF, 0xFF, 0xFF, 0xFF}}},
	{{{546, -122, 137},0, {975, -2053},{0xFF, 0xFF, 0xFF, 0xFF}}},
	{{{543, -118, -134},0, {949, -2043},{0xFF, 0xFF, 0xFF, 0xFF}}},
	{{{475, -122, -322},0, {704, -1684},{0xFF, 0xFF, 0xFF, 0xFF}}},
	{{{203, -19, -221},0, {86, -2035},{0xFF, 0xFF, 0xFF, 0xFF}}},
	{{{296, -118, -511},0, {248, -1370},{0xFF, 0xFF, 0xFF, 0xFF}}},
	{{{126, -122, -592},0, {-130, -1237},{0xFF, 0xFF, 0xFF, 0xFF}}},
	{{{0, -19, -312},0, {-390, -1843},{0xFF, 0xFF, 0xFF, 0xFF}}},
	{{{203, -19, -221},0, {86, -2035},{0xFF, 0xFF, 0xFF, 0xFF}}},
};

Gfx totwc_dl_Cone_mesh_layer_1_tri_0[] = {
	gsSPVertex(totwc_dl_Cone_mesh_layer_1_vtx_0 + 0, 16, 0),
	gsSP1Triangle(0, 1, 2, 0),
	gsSP1Triangle(3, 1, 0, 0),
	gsSP1Triangle(4, 3, 0, 0),
	gsSP1Triangle(0, 5, 4, 0),
	gsSP1Triangle(5, 6, 4, 0),
	gsSP1Triangle(5, 7, 6, 0),
	gsSP1Triangle(8, 7, 5, 0),
	gsSP1Triangle(9, 8, 5, 0),
	gsSP1Triangle(5, 10, 9, 0),
	gsSP1Triangle(10, 11, 9, 0),
	gsSP1Triangle(10, 12, 11, 0),
	gsSP1Triangle(13, 12, 10, 0),
	gsSP1Triangle(14, 13, 10, 0),
	gsSP1Triangle(10, 15, 14, 0),
	gsSPVertex(totwc_dl_Cone_mesh_layer_1_vtx_0 + 16, 16, 0),
	gsSP1Triangle(0, 1, 2, 0),
	gsSP1Triangle(0, 3, 1, 0),
	gsSP1Triangle(4, 3, 0, 0),
	gsSP1Triangle(5, 4, 0, 0),
	gsSP1Triangle(0, 6, 5, 0),
	gsSP1Triangle(5, 6, 7, 0),
	gsSP1Triangle(6, 8, 7, 0),
	gsSP1Triangle(9, 8, 6, 0),
	gsSP1Triangle(10, 9, 6, 0),
	gsSP1Triangle(6, 11, 10, 0),
	gsSP1Triangle(11, 12, 10, 0),
	gsSP1Triangle(11, 13, 12, 0),
	gsSP1Triangle(14, 13, 11, 0),
	gsSP1Triangle(15, 14, 11, 0),
	gsSPVertex(totwc_dl_Cone_mesh_layer_1_vtx_0 + 32, 16, 0),
	gsSP1Triangle(0, 1, 2, 0),
	gsSP1Triangle(1, 3, 2, 0),
	gsSP1Triangle(1, 4, 3, 0),
	gsSP1Triangle(5, 4, 1, 0),
	gsSP1Triangle(6, 5, 1, 0),
	gsSP1Triangle(1, 7, 6, 0),
	gsSP1Triangle(7, 8, 6, 0),
	gsSP1Triangle(7, 9, 8, 0),
	gsSP1Triangle(10, 9, 7, 0),
	gsSP1Triangle(11, 10, 7, 0),
	gsSP1Triangle(7, 12, 11, 0),
	gsSP1Triangle(11, 12, 13, 0),
	gsSP1Triangle(11, 13, 14, 0),
	gsSP1Triangle(13, 15, 14, 0),
	gsSPVertex(totwc_dl_Cone_mesh_layer_1_vtx_0 + 48, 16, 0),
	gsSP1Triangle(0, 1, 2, 0),
	gsSP1Triangle(0, 2, 3, 0),
	gsSP1Triangle(4, 3, 2, 0),
	gsSP1Triangle(2, 5, 4, 0),
	gsSP1Triangle(2, 6, 5, 0),
	gsSP1Triangle(6, 2, 7, 0),
	gsSP1Triangle(8, 7, 2, 0),
	gsSP1Triangle(9, 8, 2, 0),
	gsSP1Triangle(10, 8, 9, 0),
	gsSP1Triangle(10, 11, 8, 0),
	gsSP1Triangle(11, 12, 8, 0),
	gsSP1Triangle(11, 13, 12, 0),
	gsSP1Triangle(14, 13, 11, 0),
	gsSP1Triangle(14, 12, 13, 0),
	gsSP1Triangle(14, 15, 12, 0),
	gsSP1Triangle(15, 7, 12, 0),
	gsSPVertex(totwc_dl_Cone_mesh_layer_1_vtx_0 + 64, 16, 0),
	gsSP1Triangle(0, 1, 2, 0),
	gsSP1Triangle(3, 1, 0, 0),
	gsSP1Triangle(3, 4, 1, 0),
	gsSP1Triangle(4, 5, 1, 0),
	gsSP1Triangle(4, 6, 5, 0),
	gsSP1Triangle(7, 6, 4, 0),
	gsSP1Triangle(7, 5, 6, 0),
	gsSP1Triangle(7, 8, 5, 0),
	gsSP1Triangle(8, 9, 5, 0),
	gsSP1Triangle(8, 10, 9, 0),
	gsSP1Triangle(11, 10, 8, 0),
	gsSP1Triangle(11, 12, 10, 0),
	gsSP1Triangle(12, 13, 10, 0),
	gsSP1Triangle(12, 14, 13, 0),
	gsSP1Triangle(15, 14, 12, 0),
	gsSP1Triangle(15, 13, 14, 0),
	gsSPVertex(totwc_dl_Cone_mesh_layer_1_vtx_0 + 80, 16, 0),
	gsSP1Triangle(0, 1, 2, 0),
	gsSP1Triangle(1, 3, 2, 0),
	gsSP1Triangle(1, 4, 3, 0),
	gsSP1Triangle(5, 4, 1, 0),
	gsSP1Triangle(5, 6, 4, 0),
	gsSP1Triangle(6, 7, 4, 0),
	gsSP1Triangle(6, 8, 7, 0),
	gsSP1Triangle(9, 8, 6, 0),
	gsSP1Triangle(9, 7, 8, 0),
	gsSP1Triangle(9, 10, 7, 0),
	gsSP1Triangle(10, 11, 7, 0),
	gsSP1Triangle(10, 12, 11, 0),
	gsSP1Triangle(13, 12, 10, 0),
	gsSP1Triangle(13, 14, 12, 0),
	gsSP1Triangle(14, 15, 12, 0),
	gsSPVertex(totwc_dl_Cone_mesh_layer_1_vtx_0 + 96, 16, 0),
	gsSP1Triangle(0, 1, 2, 0),
	gsSP1Triangle(3, 1, 0, 0),
	gsSP1Triangle(3, 2, 1, 0),
	gsSP1Triangle(3, 4, 2, 0),
	gsSP1Triangle(4, 5, 2, 0),
	gsSP1Triangle(4, 6, 5, 0),
	gsSP1Triangle(7, 6, 4, 0),
	gsSP1Triangle(7, 8, 6, 0),
	gsSP1Triangle(8, 9, 6, 0),
	gsSP1Triangle(8, 10, 9, 0),
	gsSP1Triangle(11, 10, 8, 0),
	gsSP1Triangle(11, 9, 10, 0),
	gsSP1Triangle(11, 12, 9, 0),
	gsSP1Triangle(12, 13, 9, 0),
	gsSP1Triangle(12, 14, 13, 0),
	gsSP1Triangle(15, 14, 12, 0),
	gsSPVertex(totwc_dl_Cone_mesh_layer_1_vtx_0 + 112, 15, 0),
	gsSP1Triangle(0, 1, 2, 0),
	gsSP1Triangle(1, 3, 2, 0),
	gsSP1Triangle(1, 4, 3, 0),
	gsSP1Triangle(5, 4, 1, 0),
	gsSP1Triangle(5, 3, 4, 0),
	gsSP1Triangle(5, 6, 3, 0),
	gsSP1Triangle(6, 7, 3, 0),
	gsSP1Triangle(6, 8, 7, 0),
	gsSP1Triangle(9, 8, 6, 0),
	gsSP1Triangle(9, 10, 8, 0),
	gsSP1Triangle(10, 11, 8, 0),
	gsSP1Triangle(10, 12, 11, 0),
	gsSP1Triangle(13, 12, 10, 0),
	gsSP1Triangle(13, 11, 12, 0),
	gsSP1Triangle(2, 3, 7, 0),
	gsSP1Triangle(2, 7, 14, 0),
	gsSPVertex(totwc_dl_Cone_mesh_layer_1_vtx_0 + 127, 15, 0),
	gsSP1Triangle(0, 1, 2, 0),
	gsSP1Triangle(3, 4, 5, 0),
	gsSP1Triangle(3, 5, 2, 0),
	gsSP1Triangle(2, 5, 6, 0),
	gsSP1Triangle(7, 6, 5, 0),
	gsSP1Triangle(7, 8, 6, 0),
	gsSP1Triangle(2, 6, 9, 0),
	gsSP1Triangle(10, 9, 6, 0),
	gsSP1Triangle(10, 11, 9, 0),
	gsSP1Triangle(12, 13, 14, 0),
	gsSP1Triangle(12, 14, 9, 0),
	gsSPVertex(totwc_dl_Cone_mesh_layer_1_vtx_0 + 142, 4, 0),
	gsSP1Triangle(0, 1, 2, 0),
	gsSP1Triangle(0, 2, 3, 0),
	gsSPEndDisplayList(),
};

Vtx totwc_dl_Cone_mesh_layer_5_vtx_0[16] = {
	{{{835, -541, 905},0, {1280, -386},{0xFF, 0xFF, 0xFF, 0xFF}}},
	{{{0, -541, 1280},0, {-347, 88},{0xFF, 0xFF, 0xFF, 0xFF}}},
	{{{0, -2257, 1872},0, {-517, 4014},{0xFF, 0xFF, 0xFF, 0x0}}},
	{{{-1221, -2257, 1324},0, {-3783, 3117},{0xFF, 0xFF, 0xFF, 0x0}}},
	{{{-835, -541, 905},0, {-1986, -346},{0xFF, 0xFF, 0xFF, 0xFF}}},
	{{{-1726, -2257, 0},0, {-6260, 1160},{0xFF, 0xFF, 0xFF, 0x0}}},
	{{{-1180, -541, 0},0, {-3305, -1703},{0xFF, 0xFF, 0xFF, 0xFF}}},
	{{{-1221, -2257, -1324},0, {-3783, 3117},{0xFF, 0xFF, 0xFF, 0x0}}},
	{{{-835, -541, -905},0, {-2046, -390},{0xFF, 0xFF, 0xFF, 0xFF}}},
	{{{0, -2257, -1872},0, {-517, 4014},{0xFF, 0xFF, 0xFF, 0x0}}},
	{{{0, -541, -1280},0, {-421, 88},{0xFF, 0xFF, 0xFF, 0xFF}}},
	{{{1221, -2257, -1324},0, {2925, 3369},{0xFF, 0xFF, 0xFF, 0x0}}},
	{{{835, -541, -905},0, {1219, -341},{0xFF, 0xFF, 0xFF, 0xFF}}},
	{{{1726, -2257, 0},0, {5806, 1283},{0xFF, 0xFF, 0xFF, 0x0}}},
	{{{1180, -541, 0},0, {2549, -1759},{0xFF, 0xFF, 0xFF, 0xFF}}},
	{{{1221, -2257, 1324},0, {2925, 3369},{0xFF, 0xFF, 0xFF, 0x0}}},
};

Gfx totwc_dl_Cone_mesh_layer_5_tri_0[] = {
	gsSPVertex(totwc_dl_Cone_mesh_layer_5_vtx_0 + 0, 16, 0),
	gsSP1Triangle(0, 1, 2, 0),
	gsSP1Triangle(1, 3, 2, 0),
	gsSP1Triangle(1, 4, 3, 0),
	gsSP1Triangle(4, 5, 3, 0),
	gsSP1Triangle(4, 6, 5, 0),
	gsSP1Triangle(6, 7, 5, 0),
	gsSP1Triangle(6, 8, 7, 0),
	gsSP1Triangle(8, 9, 7, 0),
	gsSP1Triangle(8, 10, 9, 0),
	gsSP1Triangle(10, 11, 9, 0),
	gsSP1Triangle(10, 12, 11, 0),
	gsSP1Triangle(12, 13, 11, 0),
	gsSP1Triangle(12, 14, 13, 0),
	gsSP1Triangle(14, 15, 13, 0),
	gsSP1Triangle(14, 0, 15, 0),
	gsSP1Triangle(0, 2, 15, 0),
	gsSPEndDisplayList(),
};

Vtx totwc_dl_Cube_060_mesh_layer_5_vtx_0[80] = {
	{{{307, 307, -185},0, {-1406, 2774},{0xFF, 0xEC, 0xAB, 0xFF}}},
	{{{307, 307, 185},0, {-3454, 2774},{0xFF, 0xEC, 0xAB, 0xFF}}},
	{{{307, -1461, 185},0, {-3454, 13660},{0xFF, 0xFF, 0xFF, 0x0}}},
	{{{307, -1461, -185},0, {-1406, 13660},{0xFF, 0xFF, 0xFF, 0x0}}},
	{{{307, 307, -307},0, {-721, 2774},{0xFF, 0xFF, 0xFF, 0xFF}}},
	{{{307, -1461, -307},0, {-721, 13660},{0xFF, 0xFF, 0xFF, 0x0}}},
	{{{-279, -1461, -307},0, {2718, 13660},{0xFF, 0xFF, 0xFF, 0x0}}},
	{{{-279, 307, -307},0, {2718, 2774},{0xFF, 0xFF, 0xFF, 0xFF}}},
	{{{-865, 307, -307},0, {6156, 2774},{0xFF, 0xFF, 0xFF, 0xFF}}},
	{{{-865, -1461, -307},0, {6156, 13660},{0xFF, 0xFF, 0xFF, 0x0}}},
	{{{-1451, -1461, -307},0, {9594, 13660},{0xFF, 0xFF, 0xFF, 0x0}}},
	{{{-1451, 307, -307},0, {9594, 2774},{0xFF, 0xFF, 0xFF, 0xFF}}},
	{{{-1567, -1461, -307},0, {10274, 13660},{0xFF, 0xFF, 0xFF, 0x0}}},
	{{{-1567, 307, -307},0, {10274, 2774},{0xFF, 0xFF, 0xFF, 0xFF}}},
	{{{-1921, 307, -307},0, {12352, 2774},{0xFF, 0xFF, 0xFF, 0xFF}}},
	{{{-1921, -1461, -307},0, {12352, 13660},{0xFF, 0xFF, 0xFF, 0x0}}},
	{{{-2037, 307, -307},0, {13032, 2774},{0xFF, 0xFF, 0xFF, 0xFF}}},
	{{{-1921, 307, -307},0, {12352, 2774},{0xFF, 0xFF, 0xFF, 0xFF}}},
	{{{-1921, -1461, -307},0, {12352, 13660},{0xFF, 0xFF, 0xFF, 0x0}}},
	{{{-2037, -1461, -307},0, {13032, 13660},{0xFF, 0xFF, 0xFF, 0x0}}},
	{{{-2037, -1461, -185},0, {13718, 13660},{0xFF, 0xFF, 0xFF, 0x0}}},
	{{{-2037, 307, -185},0, {13718, 2774},{0xFF, 0xFF, 0xFF, 0xFF}}},
	{{{-2037, -1461, 185},0, {15766, 13660},{0xFF, 0xFF, 0xFF, 0x0}}},
	{{{-2037, 307, 185},0, {15766, 2774},{0xFF, 0xFF, 0xFF, 0xFF}}},
	{{{307, 307, 307},0, {2737, 2774},{0xFF, 0xFF, 0xFF, 0xFF}}},
	{{{307, -1461, 185},0, {3422, 13660},{0xFF, 0xFF, 0xFF, 0x0}}},
	{{{307, 307, 185},0, {3422, 2774},{0xFF, 0xEC, 0xAB, 0xFF}}},
	{{{307, -1461, 307},0, {2737, 13660},{0xFF, 0xFF, 0xFF, 0x0}}},
	{{{-279, 307, 307},0, {-702, 2774},{0xFF, 0xFF, 0xFF, 0xFF}}},
	{{{-279, -1461, 307},0, {-702, 13660},{0xFF, 0xFF, 0xFF, 0x0}}},
	{{{-865, -1461, 307},0, {-4140, 13660},{0xFF, 0xFF, 0xFF, 0x0}}},
	{{{-865, 307, 307},0, {-4140, 2774},{0xFF, 0xFF, 0xFF, 0xFF}}},
	{{{-1451, 307, 307},0, {-7578, 2774},{0xFF, 0xFF, 0xFF, 0xFF}}},
	{{{-865, -1461, 307},0, {-4140, 13660},{0xFF, 0xFF, 0xFF, 0x0}}},
	{{{-865, 307, 307},0, {-4140, 2774},{0xFF, 0xFF, 0xFF, 0xFF}}},
	{{{-1451, -1461, 307},0, {-7578, 13660},{0xFF, 0xFF, 0xFF, 0x0}}},
	{{{-1567, -1461, 307},0, {-8258, 13660},{0xFF, 0xFF, 0xFF, 0x0}}},
	{{{-1567, 307, 307},0, {-8258, 2774},{0xFF, 0xFF, 0xFF, 0xFF}}},
	{{{-1921, 307, 307},0, {-10336, 2774},{0xFF, 0xFF, 0xFF, 0xFF}}},
	{{{-1921, -1461, 307},0, {-10336, 13660},{0xFF, 0xFF, 0xFF, 0x0}}},
	{{{-2037, 307, 307},0, {-11016, 2774},{0xFF, 0xFF, 0xFF, 0xFF}}},
	{{{-2037, -1461, 307},0, {-11016, 13660},{0xFF, 0xFF, 0xFF, 0x0}}},
	{{{-2037, -1461, 185},0, {-11702, 13660},{0xFF, 0xFF, 0xFF, 0x0}}},
	{{{-2037, 307, 185},0, {-11702, 2774},{0xFF, 0xFF, 0xFF, 0xFF}}},
	{{{-1575, 722, 707},0, {28085, 2032},{0xFF, 0xFF, 0xFF, 0xFF}}},
	{{{-1451, -1404, 707},0, {27336, 23794},{0xFF, 0xFF, 0xFF, 0x0}}},
	{{{-1575, -1404, 707},0, {28085, 23794},{0xFF, 0xFF, 0xFF, 0x0}}},
	{{{-1451, 722, 707},0, {27336, 2032},{0xFF, 0xFF, 0xFF, 0xFF}}},
	{{{-1451, 722, 707},0, {27336, 2032},{0xFF, 0xFF, 0xFF, 0xFF}}},
	{{{-1451, -1404, 1008},0, {25513, 23794},{0xFF, 0xFF, 0xFF, 0x0}}},
	{{{-1451, -1404, 707},0, {27336, 23794},{0xFF, 0xFF, 0xFF, 0x0}}},
	{{{-1451, 722, 1008},0, {25513, 2032},{0xFF, 0xFF, 0xFF, 0xFF}}},
	{{{-1451, -1404, 2443},0, {16832, 23794},{0xFF, 0xFF, 0xFF, 0x0}}},
	{{{-1451, 722, 2443},0, {16832, 2032},{0xFF, 0xFF, 0xFF, 0xFF}}},
	{{{-1575, -1404, 2443},0, {16083, 23794},{0xFF, 0xFF, 0xFF, 0x0}}},
	{{{-1575, 722, 2443},0, {16083, 2032},{0xFF, 0xFF, 0xFF, 0xFF}}},
	{{{-1913, -1404, 2443},0, {14035, 23794},{0xFF, 0xFF, 0xFF, 0x0}}},
	{{{-1913, 722, 2443},0, {14035, 2032},{0xFF, 0xFF, 0xFF, 0xFF}}},
	{{{-2037, -1404, 2443},0, {13285, 23794},{0xFF, 0xFF, 0xFF, 0x0}}},
	{{{-2037, 722, 2443},0, {13285, 2032},{0xFF, 0xFF, 0xFF, 0xFF}}},
	{{{-2037, -1404, 1008},0, {4604, 23794},{0xFF, 0xFF, 0xFF, 0x0}}},
	{{{-2037, 722, 1008},0, {4604, 2032},{0xFF, 0xFF, 0xFF, 0xFF}}},
	{{{-2037, -1404, 707},0, {2781, 23794},{0xFF, 0xFF, 0xFF, 0x0}}},
	{{{-2037, 722, 707},0, {2781, 2032},{0xFF, 0xFF, 0xFF, 0xFF}}},
	{{{-2037, 722, 707},0, {2781, 2032},{0xFF, 0xFF, 0xFF, 0xFF}}},
	{{{-1913, -1404, 707},0, {2032, 23794},{0xFF, 0xFF, 0xFF, 0x0}}},
	{{{-2037, -1404, 707},0, {2781, 23794},{0xFF, 0xFF, 0xFF, 0x0}}},
	{{{-1913, 722, 707},0, {2032, 2032},{0xFF, 0xFF, 0xFF, 0xFF}}},
	{{{-1575, -1404, 707},0, {-16, 23794},{0xFF, 0xFF, 0xFF, 0x0}}},
	{{{-1575, 722, 707},0, {-16, 2032},{0xFF, 0xFF, 0xFF, 0xFF}}},
	{{{3871, -38, -307},0, {-8218, 783},{0xFF, 0xF7, 0xDA, 0xFF}}},
	{{{4457, -1487, -307},0, {-4609, -11401},{0xFF, 0xFF, 0xFF, 0x0}}},
	{{{3871, -1487, -307},0, {-8218, -11401},{0xFF, 0xFF, 0xFF, 0x0}}},
	{{{4457, -38, -307},0, {-4609, 783},{0xFF, 0xFF, 0xFF, 0xFF}}},
	{{{4457, -1487, 307},0, {-796, -11401},{0xFF, 0xFF, 0xFF, 0x0}}},
	{{{4457, -38, 307},0, {-796, 783},{0xFF, 0xFF, 0xFF, 0xFF}}},
	{{{3871, -1487, 307},0, {2812, -11401},{0xFF, 0xFF, 0xFF, 0x0}}},
	{{{3871, -38, 307},0, {2812, 783},{0xFF, 0xF7, 0xDA, 0xFF}}},
	{{{3871, -1487, -307},0, {6625, -11401},{0xFF, 0xFF, 0xFF, 0x0}}},
	{{{3871, -38, -307},0, {6625, 783},{0xFF, 0xF7, 0xDA, 0xFF}}},
};

Gfx totwc_dl_Cube_060_mesh_layer_5_tri_0[] = {
	gsSPVertex(totwc_dl_Cube_060_mesh_layer_5_vtx_0 + 0, 16, 0),
	gsSP1Triangle(0, 1, 2, 0),
	gsSP1Triangle(0, 2, 3, 0),
	gsSP1Triangle(4, 0, 3, 0),
	gsSP1Triangle(4, 3, 5, 0),
	gsSP1Triangle(4, 5, 6, 0),
	gsSP1Triangle(4, 6, 7, 0),
	gsSP1Triangle(8, 7, 6, 0),
	gsSP1Triangle(8, 6, 9, 0),
	gsSP1Triangle(8, 9, 10, 0),
	gsSP1Triangle(8, 10, 11, 0),
	gsSP1Triangle(12, 11, 10, 0),
	gsSP1Triangle(12, 13, 11, 0),
	gsSP1Triangle(12, 14, 13, 0),
	gsSP1Triangle(12, 15, 14, 0),
	gsSPVertex(totwc_dl_Cube_060_mesh_layer_5_vtx_0 + 16, 16, 0),
	gsSP1Triangle(0, 1, 2, 0),
	gsSP1Triangle(0, 2, 3, 0),
	gsSP1Triangle(0, 3, 4, 0),
	gsSP1Triangle(0, 4, 5, 0),
	gsSP1Triangle(5, 4, 6, 0),
	gsSP1Triangle(5, 6, 7, 0),
	gsSP1Triangle(8, 9, 10, 0),
	gsSP1Triangle(8, 11, 9, 0),
	gsSP1Triangle(12, 11, 8, 0),
	gsSP1Triangle(12, 13, 11, 0),
	gsSP1Triangle(12, 14, 13, 0),
	gsSP1Triangle(12, 15, 14, 0),
	gsSPVertex(totwc_dl_Cube_060_mesh_layer_5_vtx_0 + 32, 16, 0),
	gsSP1Triangle(0, 1, 2, 0),
	gsSP1Triangle(0, 3, 1, 0),
	gsSP1Triangle(0, 4, 3, 0),
	gsSP1Triangle(0, 5, 4, 0),
	gsSP1Triangle(4, 5, 6, 0),
	gsSP1Triangle(4, 6, 7, 0),
	gsSP1Triangle(8, 7, 6, 0),
	gsSP1Triangle(8, 9, 7, 0),
	gsSP1Triangle(8, 10, 9, 0),
	gsSP1Triangle(8, 11, 10, 0),
	gsSP1Triangle(12, 13, 14, 0),
	gsSP1Triangle(12, 15, 13, 0),
	gsSPVertex(totwc_dl_Cube_060_mesh_layer_5_vtx_0 + 48, 16, 0),
	gsSP1Triangle(0, 1, 2, 0),
	gsSP1Triangle(0, 3, 1, 0),
	gsSP1Triangle(3, 4, 1, 0),
	gsSP1Triangle(3, 5, 4, 0),
	gsSP1Triangle(5, 6, 4, 0),
	gsSP1Triangle(5, 7, 6, 0),
	gsSP1Triangle(7, 8, 6, 0),
	gsSP1Triangle(7, 9, 8, 0),
	gsSP1Triangle(9, 10, 8, 0),
	gsSP1Triangle(9, 11, 10, 0),
	gsSP1Triangle(11, 12, 10, 0),
	gsSP1Triangle(11, 13, 12, 0),
	gsSP1Triangle(13, 14, 12, 0),
	gsSP1Triangle(13, 15, 14, 0),
	gsSPVertex(totwc_dl_Cube_060_mesh_layer_5_vtx_0 + 64, 16, 0),
	gsSP1Triangle(0, 1, 2, 0),
	gsSP1Triangle(0, 3, 1, 0),
	gsSP1Triangle(3, 4, 1, 0),
	gsSP1Triangle(3, 5, 4, 0),
	gsSP1Triangle(6, 7, 8, 0),
	gsSP1Triangle(6, 9, 7, 0),
	gsSP1Triangle(9, 10, 7, 0),
	gsSP1Triangle(9, 11, 10, 0),
	gsSP1Triangle(11, 12, 10, 0),
	gsSP1Triangle(11, 13, 12, 0),
	gsSP1Triangle(13, 14, 12, 0),
	gsSP1Triangle(13, 15, 14, 0),
	gsSPEndDisplayList(),
};

Vtx totwc_dl_Cube_060_mesh_layer_1_vtx_0[367] = {
	{{{-2037, 307, 185},0, {-11702, 2774},{0xFF, 0xFF, 0xFF, 0xFF}}},
	{{{-2037, 922, 307},0, {-11016, -1009},{0xFF, 0xFF, 0xFF, 0xFF}}},
	{{{-2037, 922, 185},0, {-11702, -1009},{0xFF, 0xFF, 0xFF, 0xFF}}},
	{{{-2037, 307, 307},0, {-11016, 2774},{0xFF, 0xFF, 0xFF, 0xFF}}},
	{{{-1921, 922, 307},0, {-10336, -1009},{0xFF, 0xFF, 0xFF, 0xFF}}},
	{{{-1921, 307, 307},0, {-10336, 2774},{0xFF, 0xFF, 0xFF, 0xFF}}},
	{{{-1567, 922, 307},0, {-8258, -1009},{0xFF, 0xFF, 0xFF, 0xFF}}},
	{{{-1567, 307, 307},0, {-8258, 2774},{0xFF, 0xFF, 0xFF, 0xFF}}},
	{{{-1451, 922, 307},0, {-7578, -1009},{0xFF, 0xFF, 0xFF, 0xFF}}},
	{{{-1451, 307, 307},0, {-7578, 2774},{0xFF, 0xFF, 0xFF, 0xFF}}},
	{{{-865, 922, 307},0, {-4140, -1009},{0xFF, 0xFF, 0xFF, 0xFF}}},
	{{{-865, 307, 307},0, {-4140, 2774},{0xFF, 0xFF, 0xFF, 0xFF}}},
	{{{-279, 922, 307},0, {-702, -1009},{0xFF, 0xFF, 0xFF, 0xFF}}},
	{{{-279, 307, 307},0, {-702, 2774},{0xFF, 0xFF, 0xFF, 0xFF}}},
	{{{-279, 922, 185},0, {-16, -1009},{0xFF, 0xEC, 0xAB, 0xFF}}},
	{{{-279, 307, 185},0, {-16, 2774},{0xFF, 0xEC, 0xAB, 0xFF}}},
	{{{-279, 307, 185},0, {-16, 2774},{0xFF, 0xEC, 0xAB, 0xFF}}},
	{{{-279, 922, -185},0, {2032, -1009},{0xFF, 0xEC, 0xAB, 0xFF}}},
	{{{-279, 922, 185},0, {-16, -1009},{0xFF, 0xEC, 0xAB, 0xFF}}},
	{{{-279, 307, -185},0, {2032, 2774},{0xFF, 0xEC, 0xAB, 0xFF}}},
	{{{-279, 922, -307},0, {2718, -1009},{0xFF, 0xFF, 0xFF, 0xFF}}},
	{{{-279, 307, -307},0, {2718, 2774},{0xFF, 0xFF, 0xFF, 0xFF}}},
	{{{-865, 922, -307},0, {6156, -1009},{0xFF, 0xFF, 0xFF, 0xFF}}},
	{{{-865, 307, -307},0, {6156, 2774},{0xFF, 0xFF, 0xFF, 0xFF}}},
	{{{-1451, 922, -307},0, {9594, -1009},{0xFF, 0xFF, 0xFF, 0xFF}}},
	{{{-1451, 307, -307},0, {9594, 2774},{0xFF, 0xFF, 0xFF, 0xFF}}},
	{{{-1567, 922, -307},0, {10274, -1009},{0xFF, 0xFF, 0xFF, 0xFF}}},
	{{{-1567, 307, -307},0, {10274, 2774},{0xFF, 0xFF, 0xFF, 0xFF}}},
	{{{-1921, 922, -307},0, {12352, -1009},{0xFF, 0xFF, 0xFF, 0xFF}}},
	{{{-1921, 307, -307},0, {12352, 2774},{0xFF, 0xFF, 0xFF, 0xFF}}},
	{{{-2037, 922, -307},0, {13032, -1009},{0xFF, 0xFF, 0xFF, 0xFF}}},
	{{{-2037, 307, -307},0, {13032, 2774},{0xFF, 0xFF, 0xFF, 0xFF}}},
	{{{-2037, 307, -307},0, {13032, 2774},{0xFF, 0xFF, 0xFF, 0xFF}}},
	{{{-2037, 922, -185},0, {13718, -1009},{0xFF, 0xFF, 0xFF, 0xFF}}},
	{{{-2037, 922, -307},0, {13032, -1009},{0xFF, 0xFF, 0xFF, 0xFF}}},
	{{{-2037, 307, -185},0, {13718, 2774},{0xFF, 0xFF, 0xFF, 0xFF}}},
	{{{-2037, 922, 185},0, {15766, -1009},{0xFF, 0xFF, 0xFF, 0xFF}}},
	{{{-2037, 307, 185},0, {15766, 2774},{0xFF, 0xFF, 0xFF, 0xFF}}},
	{{{-1921, 922, -307},0, {12352, -1009},{0xFF, 0xFF, 0xFF, 0xFF}}},
	{{{-2037, 1536, -307},0, {13032, -4421},{0xFF, 0xFF, 0xFF, 0xFF}}},
	{{{-1921, 1536, -307},0, {12352, -4421},{0xFF, 0xFF, 0xFF, 0xFF}}},
	{{{-2037, 2150, -307},0, {13032, -8204},{0xFF, 0xFF, 0xFF, 0xFF}}},
	{{{-2037, 2150, -179},0, {13747, -8204},{0xFF, 0xEC, 0xAB, 0xFF}}},
	{{{-2037, 1536, -179},0, {13747, -4421},{0xFF, 0xFF, 0xFF, 0xFF}}},
	{{{-2037, 2150, 179},0, {15683, -8204},{0xFF, 0xEC, 0xAB, 0xFF}}},
	{{{-2037, 1536, 179},0, {15683, -4421},{0xFF, 0xFF, 0xFF, 0xFF}}},
	{{{-2037, 2150, 307},0, {16403, -8204},{0xFF, 0xFF, 0xFF, 0xFF}}},
	{{{-2037, 1536, 307},0, {16403, -4421},{0xFF, 0xFF, 0xFF, 0xFF}}},
	{{{-2037, 1536, 307},0, {16403, -4421},{0xFF, 0xFF, 0xFF, 0xFF}}},
	{{{-1921, 2150, 307},0, {17083, -8204},{0xFF, 0xEC, 0xAB, 0xFF}}},
	{{{-2037, 2150, 307},0, {16403, -8204},{0xFF, 0xFF, 0xFF, 0xFF}}},
	{{{-1921, 1536, 307},0, {17083, -4421},{0xFF, 0xFF, 0xFF, 0xFF}}},
	{{{-2037, 922, 307},0, {16403, -1009},{0xFF, 0xFF, 0xFF, 0xFF}}},
	{{{-1921, 922, 307},0, {17083, -1009},{0xFF, 0xFF, 0xFF, 0xFF}}},
	{{{-1567, 1536, 307},0, {19161, -4421},{0xFF, 0xFF, 0xFF, 0xFF}}},
	{{{-1567, 922, 307},0, {19161, -1009},{0xFF, 0xFF, 0xFF, 0xFF}}},
	{{{-1567, 2150, 307},0, {19161, -8204},{0xFF, 0xEC, 0xAB, 0xFF}}},
	{{{-865, 922, -307},0, {6156, -1009},{0xFF, 0xFF, 0xFF, 0xFF}}},
	{{{-1451, 1536, -307},0, {9594, -4421},{0xFF, 0xFF, 0xFF, 0xFF}}},
	{{{-865, 1536, -307},0, {6156, -4421},{0xFF, 0xFF, 0xFF, 0xFF}}},
	{{{-1451, 922, -307},0, {9594, -1009},{0xFF, 0xFF, 0xFF, 0xFF}}},
	{{{-1567, 1536, -307},0, {10274, -4421},{0xFF, 0xFF, 0xFF, 0xFF}}},
	{{{-1567, 922, -307},0, {10274, -1009},{0xFF, 0xFF, 0xFF, 0xFF}}},
	{{{-1921, 1536, -307},0, {12352, -4421},{0xFF, 0xFF, 0xFF, 0xFF}}},
	{{{-1567, 922, -307},0, {10274, -1009},{0xFF, 0xFF, 0xFF, 0xFF}}},
	{{{-1921, 922, -307},0, {12352, -1009},{0xFF, 0xFF, 0xFF, 0xFF}}},
	{{{-1921, 1536, -307},0, {12352, -4421},{0xFF, 0xFF, 0xFF, 0xFF}}},
	{{{-1567, 1536, -307},0, {10274, -4421},{0xFF, 0xFF, 0xFF, 0xFF}}},
	{{{-1921, 2150, -307},0, {12352, -8204},{0xFF, 0xFF, 0xFF, 0xFF}}},
	{{{-2037, 2150, -307},0, {13032, -8204},{0xFF, 0xFF, 0xFF, 0xFF}}},
	{{{-1567, 2150, -307},0, {10274, -8204},{0xFF, 0xFF, 0xFF, 0xFF}}},
	{{{-1451, 1536, -307},0, {9594, -4421},{0xFF, 0xFF, 0xFF, 0xFF}}},
	{{{-1451, 2150, -307},0, {9594, -8204},{0xFF, 0xFF, 0xFF, 0xFF}}},
	{{{-1451, 1536, -179},0, {8879, -4421},{0xFF, 0xEC, 0xAB, 0xFF}}},
	{{{-1451, 2150, -179},0, {8879, -8204},{0xFF, 0xEC, 0xAB, 0xFF}}},
	{{{-1451, 1536, 179},0, {6943, -4421},{0xFF, 0xEC, 0xAB, 0xFF}}},
	{{{-1451, 2150, 179},0, {6943, -8204},{0xFF, 0xEC, 0xAB, 0xFF}}},
	{{{-1451, 1536, 307},0, {6223, -4421},{0xFF, 0xFF, 0xFF, 0xFF}}},
	{{{-1451, 2150, 307},0, {6223, -8204},{0xFF, 0xFF, 0xFF, 0xFF}}},
	{{{-1567, 1536, 307},0, {5543, -4421},{0xFF, 0xFF, 0xFF, 0xFF}}},
	{{{-1567, 1536, 307},0, {5543, -4421},{0xFF, 0xFF, 0xFF, 0xFF}}},
	{{{-1451, 2150, 307},0, {6223, -8204},{0xFF, 0xFF, 0xFF, 0xFF}}},
	{{{-1567, 2150, 307},0, {5543, -8204},{0xFF, 0xEC, 0xAB, 0xFF}}},
	{{{-1567, 922, 307},0, {5543, -1009},{0xFF, 0xFF, 0xFF, 0xFF}}},
	{{{-1451, 1536, 307},0, {6223, -4421},{0xFF, 0xFF, 0xFF, 0xFF}}},
	{{{-1451, 922, 307},0, {6223, -1009},{0xFF, 0xFF, 0xFF, 0xFF}}},
	{{{-865, 1536, 307},0, {9662, -4421},{0xFF, 0xFF, 0xFF, 0xFF}}},
	{{{-865, 922, 307},0, {9662, -1009},{0xFF, 0xFF, 0xFF, 0xFF}}},
	{{{-4169, 2150, -307},0, {-1732, 1950},{0xFF, 0xFF, 0xFF, 0xFF}}},
	{{{-4169, 2150, 307},0, {-1732, 7349},{0xFF, 0xFF, 0xFF, 0xFF}}},
	{{{-4812, 2150, 307},0, {-7382, 7349},{0xFF, 0xFF, 0xFF, 0xFF}}},
	{{{-4812, 2150, -307},0, {-7382, 1950},{0xFF, 0xFF, 0xFF, 0xFF}}},
	{{{-5274, 2150, 307},0, {-11443, 7349},{0xFF, 0xFF, 0xFF, 0xFF}}},
	{{{-5274, 2150, -307},0, {-11443, 1950},{0xFF, 0xFF, 0xFF, 0xFF}}},
	{{{-4169, 2549, 307},0, {-5005, 2032},{0xFF, 0xFF, 0xFF, 0xFF}}},
	{{{-4169, 2749, 307},0, {-5005, -16},{0xFF, 0xEC, 0xAB, 0xFF}}},
	{{{-4812, 2749, 307},0, {-7956, -16},{0xFF, 0xEC, 0xAB, 0xFF}}},
	{{{-4812, 2549, 307},0, {-7956, 2032},{0xFF, 0xFF, 0xFF, 0xFF}}},
	{{{-5274, 2765, 307},0, {-10077, -16},{0xFF, 0xFF, 0xFF, 0xFF}}},
	{{{-5274, 2549, 307},0, {-10077, 2032},{0xFF, 0xFF, 0xFF, 0xFF}}},
	{{{-4812, 2150, 307},0, {-7956, 6078},{0xFF, 0xFF, 0xFF, 0xFF}}},
	{{{-5274, 2150, 307},0, {-10077, 6078},{0xFF, 0xFF, 0xFF, 0xFF}}},
	{{{-4169, 2150, 307},0, {-5005, 6078},{0xFF, 0xFF, 0xFF, 0xFF}}},
	{{{-4055, 2150, 307},0, {-4520, 6078},{0xFF, 0xFF, 0xFF, 0xFF}}},
	{{{-4055, 2549, 307},0, {-4520, 2032},{0xFF, 0xFF, 0xFF, 0xFF}}},
	{{{-3683, 2150, 307},0, {-2967, 6078},{0xFF, 0xFF, 0xFF, 0xFF}}},
	{{{-3683, 2549, 307},0, {-2967, 2032},{0xFF, 0xFF, 0xFF, 0xFF}}},
	{{{-3569, 2150, 307},0, {-2483, 6078},{0xFF, 0xFF, 0xFF, 0xFF}}},
	{{{-3569, 2549, 307},0, {-2483, 2032},{0xFF, 0xFF, 0xFF, 0xFF}}},
	{{{-3569, 2549, -307},0, {-16, 2032},{0xFF, 0xFF, 0xFF, 0xFF}}},
	{{{-3569, 2150, 307},0, {-2483, 6078},{0xFF, 0xFF, 0xFF, 0xFF}}},
	{{{-3569, 2150, -307},0, {-16, 6078},{0xFF, 0xFF, 0xFF, 0xFF}}},
	{{{-3569, 2549, -307},0, {-16, 2032},{0xFF, 0xFF, 0xFF, 0xFF}}},
	{{{-3683, 2150, -307},0, {469, 6078},{0xFF, 0xFF, 0xFF, 0xFF}}},
	{{{-3683, 2549, -307},0, {469, 2032},{0xFF, 0xFF, 0xFF, 0xFF}}},
	{{{-4055, 2150, -307},0, {2022, 6078},{0xFF, 0xFF, 0xFF, 0xFF}}},
	{{{-4055, 2549, -307},0, {2022, 2032},{0xFF, 0xFF, 0xFF, 0xFF}}},
	{{{-4169, 2150, -307},0, {2507, 6078},{0xFF, 0xFF, 0xFF, 0xFF}}},
	{{{-4169, 2549, -307},0, {2507, 2032},{0xFF, 0xFF, 0xFF, 0xFF}}},
	{{{-4812, 2150, -307},0, {5457, 6078},{0xFF, 0xFF, 0xFF, 0xFF}}},
	{{{-4812, 2549, -307},0, {5457, 2032},{0xFF, 0xFF, 0xFF, 0xFF}}},
	{{{-5274, 2150, -307},0, {7579, 6078},{0xFF, 0xFF, 0xFF, 0xFF}}},
	{{{-5274, 2549, -307},0, {7579, 2032},{0xFF, 0xFF, 0xFF, 0xFF}}},
	{{{-5274, 2150, 307},0, {11271, 6078},{0xFF, 0xFF, 0xFF, 0xFF}}},
	{{{-5274, 2549, 307},0, {11271, 2032},{0xFF, 0xFF, 0xFF, 0xFF}}},
	{{{-3569, 2549, 307},0, {-2483, 2032},{0xFF, 0xFF, 0xFF, 0xFF}}},
	{{{-3569, 2549, -307},0, {-16, 2032},{0xFF, 0xFF, 0xFF, 0xFF}}},
	{{{-3569, 2749, -307},0, {-16, -16},{0xFF, 0xFF, 0xFF, 0xFF}}},
	{{{-3569, 2549, -753},0, {2032, 2032},{0xFF, 0xFF, 0xFF, 0xFF}}},
	{{{-3569, 2749, -753},0, {2032, -16},{0xFF, 0xFF, 0xFF, 0xFF}}},
	{{{-3683, 2549, -753},0, {2517, 2032},{0xFF, 0xFF, 0xFF, 0xFF}}},
	{{{-3683, 2749, -753},0, {2517, -16},{0xFF, 0xEC, 0xAB, 0xFF}}},
	{{{-4055, 2549, -753},0, {4070, 2032},{0xFF, 0xFF, 0xFF, 0xFF}}},
	{{{-4055, 2749, -753},0, {4070, -16},{0xFF, 0xEC, 0xAB, 0xFF}}},
	{{{-4169, 2549, -753},0, {4555, 2032},{0xFF, 0xFF, 0xFF, 0xFF}}},
	{{{-4169, 2749, -753},0, {4555, -16},{0xFF, 0xFF, 0xFF, 0xFF}}},
	{{{-4169, 2549, -307},0, {6603, 2032},{0xFF, 0xFF, 0xFF, 0xFF}}},
	{{{-4169, 2749, -307},0, {6603, -16},{0xFF, 0xEC, 0xAB, 0xFF}}},
	{{{-4812, 2549, -307},0, {9553, 2032},{0xFF, 0xFF, 0xFF, 0xFF}}},
	{{{-4812, 2749, -307},0, {9553, -16},{0xFF, 0xEC, 0xAB, 0xFF}}},
	{{{-5274, 2549, -307},0, {11675, 2032},{0xFF, 0xFF, 0xFF, 0xFF}}},
	{{{-4812, 2749, -307},0, {9553, -16},{0xFF, 0xEC, 0xAB, 0xFF}}},
	{{{-5274, 2549, -307},0, {11675, 2032},{0xFF, 0xFF, 0xFF, 0xFF}}},
	{{{-5274, 2765, -307},0, {11675, -16},{0xFF, 0xFF, 0xFF, 0xFF}}},
	{{{-5274, 2549, 307},0, {15367, 2032},{0xFF, 0xFF, 0xFF, 0xFF}}},
	{{{-5274, 2765, 307},0, {15367, -16},{0xFF, 0xFF, 0xFF, 0xFF}}},
	{{{-3569, 2549, 307},0, {-2483, 2032},{0xFF, 0xFF, 0xFF, 0xFF}}},
	{{{-3569, 2749, -307},0, {-16, -16},{0xFF, 0xFF, 0xFF, 0xFF}}},
	{{{-3569, 2749, 307},0, {-2483, -16},{0xFF, 0xFF, 0xFF, 0xFF}}},
	{{{-3569, 2749, 752},0, {-4523, -16},{0xFF, 0xFF, 0xFF, 0xFF}}},
	{{{-3569, 2549, 752},0, {-4523, 2032},{0xFF, 0xFF, 0xFF, 0xFF}}},
	{{{-3683, 2749, 752},0, {-5008, -16},{0xFF, 0xEC, 0xAB, 0xFF}}},
	{{{-3683, 2549, 752},0, {-5008, 2032},{0xFF, 0xFF, 0xFF, 0xFF}}},
	{{{-4055, 2749, 752},0, {-6561, -16},{0xFF, 0xEC, 0xAB, 0xFF}}},
	{{{-4055, 2549, 752},0, {-6561, 2032},{0xFF, 0xFF, 0xFF, 0xFF}}},
	{{{-4169, 2749, 752},0, {-7046, -16},{0xFF, 0xFF, 0xFF, 0xFF}}},
	{{{-4169, 2549, 752},0, {-7046, 2032},{0xFF, 0xFF, 0xFF, 0xFF}}},
	{{{-4169, 2749, 307},0, {-9087, -16},{0xFF, 0xEC, 0xAB, 0xFF}}},
	{{{-4169, 2549, 752},0, {-7046, 2032},{0xFF, 0xFF, 0xFF, 0xFF}}},
	{{{-4169, 2749, 752},0, {-7046, -16},{0xFF, 0xFF, 0xFF, 0xFF}}},
	{{{-4169, 2549, 307},0, {-9087, 2032},{0xFF, 0xFF, 0xFF, 0xFF}}},
	{{{3871, -38, -307},0, {-8218, 783},{0xFF, 0xF7, 0xDA, 0xFF}}},
	{{{3871, 307, -307},0, {-8218, 2812},{0xFF, 0xEC, 0xAB, 0xFF}}},
	{{{4457, 307, -307},0, {-4609, 2812},{0xFF, 0xFF, 0xFF, 0xFF}}},
	{{{4457, -38, -307},0, {-4609, 783},{0xFF, 0xFF, 0xFF, 0xFF}}},
	{{{4457, 307, 307},0, {-796, 2812},{0xFF, 0xFF, 0xFF, 0xFF}}},
	{{{4457, -38, 307},0, {-796, 783},{0xFF, 0xFF, 0xFF, 0xFF}}},
	{{{3871, 307, 307},0, {2812, 2812},{0xFF, 0xEC, 0xAB, 0xFF}}},
	{{{3871, -38, 307},0, {2812, 783},{0xFF, 0xF7, 0xDA, 0xFF}}},
	{{{3871, -38, -307},0, {6625, 783},{0xFF, 0xF7, 0xDA, 0xFF}}},
	{{{3871, 307, -307},0, {6625, 2812},{0xFF, 0xEC, 0xAB, 0xFF}}},
	{{{-5626, 3755, 787},0, {-8457, 2032},{0xFF, 0xFF, 0xFF, 0xFF}}},
	{{{-6515, 4017, 787},0, {-12265, -16},{0xFF, 0xFF, 0xFF, 0xFF}}},
	{{{-6515, 3755, 787},0, {-12265, 2032},{0xFF, 0xFF, 0xFF, 0xFF}}},
	{{{-5626, 4017, 787},0, {-8457, -16},{0xFF, 0xFF, 0xFF, 0xFF}}},
	{{{-5274, 3755, 307},0, {-5948, 2032},{0xFF, 0xFF, 0xFF, 0xFF}}},
	{{{-5274, 4017, 307},0, {-5948, -16},{0xFF, 0xEC, 0xAB, 0xFF}}},
	{{{-4812, 4017, 307},0, {-3900, -16},{0xFF, 0xEC, 0xAB, 0xFF}}},
	{{{-4812, 3755, 307},0, {-3900, 2032},{0xFF, 0xFF, 0xFF, 0xFF}}},
	{{{-5125, 4017, 0},0, {-1958, -16},{0xFF, 0xEC, 0xAB, 0xFF}}},
	{{{-5125, 3755, 0},0, {-1958, 2032},{0xFF, 0xFF, 0xFF, 0xFF}}},
	{{{-4812, 4017, -307},0, {-16, -16},{0xFF, 0xEC, 0xAB, 0xFF}}},
	{{{-4812, 3755, -307},0, {-16, 2032},{0xFF, 0xFF, 0xFF, 0xFF}}},
	{{{-5274, 4017, -307},0, {2032, -16},{0xFF, 0xEC, 0xAB, 0xFF}}},
	{{{-5274, 3755, -307},0, {2032, 2032},{0xFF, 0xFF, 0xFF, 0xFF}}},
	{{{-5626, 3755, -787},0, {4541, 2032},{0xFF, 0xFF, 0xFF, 0xFF}}},
	{{{-5626, 4017, -787},0, {4541, -16},{0xFF, 0xFF, 0xFF, 0xFF}}},
	{{{-5626, 4017, -787},0, {4541, -16},{0xFF, 0xFF, 0xFF, 0xFF}}},
	{{{-5626, 3755, -787},0, {4541, 2032},{0xFF, 0xFF, 0xFF, 0xFF}}},
	{{{-6515, 3755, -787},0, {8349, 2032},{0xFF, 0xFF, 0xFF, 0xFF}}},
	{{{-6515, 4017, -787},0, {8349, -16},{0xFF, 0xFF, 0xFF, 0xFF}}},
	{{{-6955, 3755, -417},0, {10771, 2032},{0xFF, 0xFF, 0xFF, 0xFF}}},
	{{{-6955, 4017, -417},0, {10771, -16},{0xFF, 0xFF, 0xFF, 0xFF}}},
	{{{-6955, 4017, 417},0, {14336, -16},{0xFF, 0xFF, 0xFF, 0xFF}}},
	{{{-6955, 3755, 417},0, {14336, 2032},{0xFF, 0xFF, 0xFF, 0xFF}}},
	{{{-6515, 3755, 787},0, {16758, 2032},{0xFF, 0xFF, 0xFF, 0xFF}}},
	{{{-6515, 4017, 787},0, {16758, -16},{0xFF, 0xFF, 0xFF, 0xFF}}},
	{{{-4055, 2549, -307},0, {-733, 1950},{0xFF, 0xFF, 0xFF, 0xFF}}},
	{{{-4169, 2549, -307},0, {-1732, 1950},{0xFF, 0xFF, 0xFF, 0xFF}}},
	{{{-4169, 2549, -753},0, {-1732, -1971},{0xFF, 0xFF, 0xFF, 0xFF}}},
	{{{-4055, 2549, -753},0, {-733, -1971},{0xFF, 0xFF, 0xFF, 0xFF}}},
	{{{-3683, 2549, -307},0, {2540, 1950},{0xFF, 0xFF, 0xFF, 0xFF}}},
	{{{-3683, 2549, -753},0, {2540, -1971},{0xFF, 0xFF, 0xFF, 0xFF}}},
	{{{-3569, 2549, -307},0, {3540, 1950},{0xFF, 0xFF, 0xFF, 0xFF}}},
	{{{-3683, 2549, -307},0, {2540, 1950},{0xFF, 0xFF, 0xFF, 0xFF}}},
	{{{-3683, 2549, -753},0, {2540, -1971},{0xFF, 0xFF, 0xFF, 0xFF}}},
	{{{-3569, 2549, -753},0, {3540, -1971},{0xFF, 0xFF, 0xFF, 0xFF}}},
	{{{-3546, 2749, -1775},0, {5666, 2032},{0xFF, 0xEC, 0xAB, 0xFF}}},
	{{{-3546, 2549, -1775},0, {5666, -16},{0xFF, 0xFF, 0xFF, 0xFF}}},
	{{{-4146, 2549, -1775},0, {3618, -16},{0xFF, 0xFF, 0xFF, 0xFF}}},
	{{{-4146, 2749, -1775},0, {3618, 2032},{0xFF, 0xEC, 0xAB, 0xFF}}},
	{{{-4146, 2549, -1298},0, {2032, -16},{0xFF, 0xFF, 0xFF, 0xFF}}},
	{{{-4146, 2749, -1298},0, {2032, 2032},{0xFF, 0xEC, 0xAB, 0xFF}}},
	{{{-3546, 2749, -1298},0, {-16, 2032},{0xFF, 0xEC, 0xAB, 0xFF}}},
	{{{-3546, 2549, -1298},0, {-16, -16},{0xFF, 0xFF, 0xFF, 0xFF}}},
	{{{-3546, 2549, -1775},0, {-1602, -16},{0xFF, 0xFF, 0xFF, 0xFF}}},
	{{{-3546, 2749, -1775},0, {-1602, 2032},{0xFF, 0xEC, 0xAB, 0xFF}}},
	{{{-3546, 2549, -1298},0, {3742, -6752},{0xFF, 0xFF, 0xFF, 0xFF}}},
	{{{-4146, 2549, -1298},0, {-1530, -6752},{0xFF, 0xFF, 0xFF, 0xFF}}},
	{{{-4146, 2549, -1775},0, {-1530, -10949},{0xFF, 0xFF, 0xFF, 0xFF}}},
	{{{-3546, 2549, -1775},0, {3742, -10949},{0xFF, 0xFF, 0xFF, 0xFF}}},
	{{{-3946, 3408, -3252},0, {-2986, 2032},{0xFF, 0xFF, 0xFF, 0xFF}}},
	{{{-4146, 3208, -3252},0, {-3673, -16},{0xFF, 0xFF, 0xFF, 0xFF}}},
	{{{-4146, 3408, -3252},0, {-3673, 2032},{0xFF, 0xFF, 0xFF, 0xFF}}},
	{{{-3946, 3208, -3252},0, {-2986, -16},{0xFF, 0xFF, 0xFF, 0xFF}}},
	{{{-3746, 3408, -3252},0, {-2300, 2032},{0xFF, 0xFF, 0xFF, 0xFF}}},
	{{{-3746, 3208, -3252},0, {-2300, -16},{0xFF, 0xFF, 0xFF, 0xFF}}},
	{{{-3546, 3408, -3252},0, {-1613, 2032},{0xFF, 0xFF, 0xFF, 0xFF}}},
	{{{-3546, 3208, -3252},0, {-1613, -16},{0xFF, 0xFF, 0xFF, 0xFF}}},
	{{{-3546, 3408, -2774},0, {-16, 2032},{0xFF, 0xEC, 0xAB, 0xFF}}},
	{{{-3546, 3208, -2774},0, {-16, -16},{0xFF, 0xFF, 0xFF, 0xFF}}},
	{{{-3746, 3408, -2774},0, {671, 2032},{0xFF, 0xEC, 0xAB, 0xFF}}},
	{{{-3746, 3208, -2774},0, {671, -16},{0xFF, 0xFF, 0xFF, 0xFF}}},
	{{{-3746, 3408, -2774},0, {671, 2032},{0xFF, 0xEC, 0xAB, 0xFF}}},
	{{{-3946, 3208, -2774},0, {1357, -16},{0xFF, 0xFF, 0xFF, 0xFF}}},
	{{{-3746, 3208, -2774},0, {671, -16},{0xFF, 0xFF, 0xFF, 0xFF}}},
	{{{-3946, 3408, -2774},0, {1357, 2032},{0xFF, 0xEC, 0xAB, 0xFF}}},
	{{{-4146, 3408, -2774},0, {2044, 2032},{0xFF, 0xEC, 0xAB, 0xFF}}},
	{{{-4146, 3208, -2774},0, {2044, -16},{0xFF, 0xFF, 0xFF, 0xFF}}},
	{{{-4146, 3408, -3252},0, {3641, 2032},{0xFF, 0xFF, 0xFF, 0xFF}}},
	{{{-4146, 3208, -3252},0, {3641, -16},{0xFF, 0xFF, 0xFF, 0xFF}}},
	{{{-3946, 3208, -2774},0, {227, -19728},{0xFF, 0xFF, 0xFF, 0xFF}}},
	{{{-4146, 3208, -2774},0, {-1530, -19728},{0xFF, 0xFF, 0xFF, 0xFF}}},
	{{{-4146, 3208, -3252},0, {-1530, -23925},{0xFF, 0xFF, 0xFF, 0xFF}}},
	{{{-3946, 3208, -3252},0, {227, -23925},{0xFF, 0xFF, 0xFF, 0xFF}}},
	{{{-3746, 3208, -2774},0, {1985, -19728},{0xFF, 0xFF, 0xFF, 0xFF}}},
	{{{-3746, 3208, -3252},0, {1985, -23925},{0xFF, 0xFF, 0xFF, 0xFF}}},
	{{{-3546, 3208, -2774},0, {3742, -19728},{0xFF, 0xFF, 0xFF, 0xFF}}},
	{{{-3546, 3208, -3252},0, {3742, -23925},{0xFF, 0xFF, 0xFF, 0xFF}}},
	{{{-3683, 2549, 307},0, {2540, 7349},{0xFF, 0xFF, 0xFF, 0xFF}}},
	{{{-3569, 2549, 307},0, {3540, 7349},{0xFF, 0xFF, 0xFF, 0xFF}}},
	{{{-3569, 2549, 752},0, {3540, 11257},{0xFF, 0xFF, 0xFF, 0xFF}}},
	{{{-3683, 2549, 752},0, {2540, 11257},{0xFF, 0xFF, 0xFF, 0xFF}}},
	{{{-4055, 2549, 307},0, {-733, 7349},{0xFF, 0xFF, 0xFF, 0xFF}}},
	{{{-4055, 2549, 752},0, {-733, 11257},{0xFF, 0xFF, 0xFF, 0xFF}}},
	{{{-4169, 2549, 307},0, {-1732, 7349},{0xFF, 0xFF, 0xFF, 0xFF}}},
	{{{-4169, 2549, 752},0, {-1732, 11257},{0xFF, 0xFF, 0xFF, 0xFF}}},
	{{{-4169, 1713, 1999},0, {-1732, 22213},{0xFF, 0xFF, 0xFF, 0xFF}}},
	{{{-3569, 1713, 1999},0, {3540, 22213},{0xFF, 0xFF, 0xFF, 0xFF}}},
	{{{-3569, 1713, 2443},0, {3540, 26120},{0xFF, 0xFF, 0xFF, 0xFF}}},
	{{{-4169, 1713, 2443},0, {-1732, 26120},{0xFF, 0xFF, 0xFF, 0xFF}}},
	{{{-3569, 1713, 1999},0, {-16, 2032},{0xFF, 0xFF, 0xFF, 0xFF}}},
	{{{-3569, 1913, 2443},0, {-1491, -16},{0xFF, 0xEC, 0xAB, 0xFF}}},
	{{{-3569, 1713, 2443},0, {-1491, 2032},{0xFF, 0xFF, 0xFF, 0xFF}}},
	{{{-3569, 1913, 1999},0, {-16, -16},{0xFF, 0xEC, 0xAB, 0xFF}}},
	{{{-3569, 1713, 1999},0, {-16, 2032},{0xFF, 0xFF, 0xFF, 0xFF}}},
	{{{-4169, 1913, 1999},0, {2032, -16},{0xFF, 0xEC, 0xAB, 0xFF}}},
	{{{-3569, 1913, 1999},0, {-16, -16},{0xFF, 0xEC, 0xAB, 0xFF}}},
	{{{-4169, 1713, 1999},0, {2032, 2032},{0xFF, 0xFF, 0xFF, 0xFF}}},
	{{{-4169, 1713, 2443},0, {3507, 2032},{0xFF, 0xFF, 0xFF, 0xFF}}},
	{{{-4169, 1913, 2443},0, {3507, -16},{0xFF, 0xFF, 0xFF, 0xFF}}},
	{{{-3569, 1713, 2443},0, {5555, 2032},{0xFF, 0xFF, 0xFF, 0xFF}}},
	{{{-3569, 1913, 2443},0, {5555, -16},{0xFF, 0xEC, 0xAB, 0xFF}}},
	{{{-1913, 1925, 707},0, {-16, 2032},{0xFF, 0xFF, 0xFF, 0xFF}}},
	{{{-2037, 1925, 707},0, {2032, 2032},{0xFF, 0xFF, 0xFF, 0xFF}}},
	{{{-2037, 1925, 307},0, {2032, -16},{0xFF, 0xFF, 0xFF, 0xFF}}},
	{{{-1913, 1925, 307},0, {-16, -16},{0xFF, 0xFF, 0xFF, 0xFF}}},
	{{{-2037, 1925, 707},0, {-6699, 2032},{0xFF, 0xFF, 0xFF, 0xFF}}},
	{{{-2037, 2150, 307},0, {-9419, -16},{0xFF, 0xEC, 0xAB, 0xFF}}},
	{{{-2037, 1925, 307},0, {-9419, 2032},{0xFF, 0xFF, 0xFF, 0xFF}}},
	{{{-2037, 2150, 707},0, {-6699, -16},{0xFF, 0xEC, 0xAB, 0xFF}}},
	{{{-2037, 1925, 707},0, {-6699, 2032},{0xFF, 0xFF, 0xFF, 0xFF}}},
	{{{-2037, 2150, 1008},0, {-4651, -16},{0xFF, 0xEC, 0xAB, 0xFF}}},
	{{{-2037, 2150, 707},0, {-6699, -16},{0xFF, 0xEC, 0xAB, 0xFF}}},
	{{{-2037, 1925, 1008},0, {-4651, 2032},{0xFF, 0xFF, 0xFF, 0xFF}}},
	{{{-1744, 2150, 707},0, {-2334, -16},{0xFF, 0xEC, 0xAB, 0xFF}}},
	{{{-1744, 1925, 707},0, {-2334, 2032},{0xFF, 0xFF, 0xFF, 0xFF}}},
	{{{-1451, 2150, 1008},0, {-16, -16},{0xFF, 0xEC, 0xAB, 0xFF}}},
	{{{-1451, 1925, 1008},0, {-16, 2032},{0xFF, 0xFF, 0xFF, 0xFF}}},
	{{{-1451, 2150, 707},0, {2032, -16},{0xFF, 0xEC, 0xAB, 0xFF}}},
	{{{-1451, 1925, 707},0, {2032, 2032},{0xFF, 0xFF, 0xFF, 0xFF}}},
	{{{-1451, 1925, 307},0, {4751, 2032},{0xFF, 0xFF, 0xFF, 0xFF}}},
	{{{-1451, 2150, 307},0, {4751, -16},{0xFF, 0xEC, 0xAB, 0xFF}}},
	{{{-3569, 1252, -307},0, {-4055, -16},{0xFF, 0xFF, 0xFF, 0xFF}}},
	{{{-3569, 1412, -307},0, {-4055, 2032},{0xFF, 0xEC, 0xAB, 0xFF}}},
	{{{-3569, 1412, 307},0, {-2007, 2032},{0xFF, 0xEC, 0xAB, 0xFF}}},
	{{{-3569, 1252, 307},0, {-2007, -16},{0xFF, 0xFF, 0xFF, 0xFF}}},
	{{{-3569, 1252, 307},0, {-2007, -16},{0xFF, 0xFF, 0xFF, 0xFF}}},
	{{{-3569, 1412, 307},0, {-2007, 2032},{0xFF, 0xEC, 0xAB, 0xFF}}},
	{{{-4169, 1412, 307},0, {-16, 2032},{0xFF, 0xFF, 0xFF, 0xFF}}},
	{{{-4169, 1252, 307},0, {-16, -16},{0xFF, 0xFF, 0xFF, 0xFF}}},
	{{{-4169, 1412, -307},0, {2032, 2032},{0xFF, 0xFF, 0xFF, 0xFF}}},
	{{{-4169, 1252, -307},0, {2032, -16},{0xFF, 0xFF, 0xFF, 0xFF}}},
	{{{-3569, 1412, -307},0, {4023, 2032},{0xFF, 0xEC, 0xAB, 0xFF}}},
	{{{-3569, 1252, -307},0, {4023, -16},{0xFF, 0xFF, 0xFF, 0xFF}}},
	{{{-2439, 839, -307},0, {-4055, -16},{0xFF, 0xFF, 0xFF, 0xFF}}},
	{{{-2439, 999, -307},0, {-4055, 2032},{0xFF, 0xEC, 0xAB, 0xFF}}},
	{{{-2439, 999, 307},0, {-2007, 2032},{0xFF, 0xEC, 0xAB, 0xFF}}},
	{{{-2439, 839, 307},0, {-2007, -16},{0xFF, 0xFF, 0xFF, 0xFF}}},
	{{{-3039, 999, 307},0, {-16, 2032},{0xFF, 0xEC, 0xAB, 0xFF}}},
	{{{-3039, 839, 307},0, {-16, -16},{0xFF, 0xFF, 0xFF, 0xFF}}},
	{{{-3039, 999, -307},0, {2032, 2032},{0xFF, 0xEC, 0xAB, 0xFF}}},
	{{{-3039, 839, -307},0, {2032, -16},{0xFF, 0xFF, 0xFF, 0xFF}}},
	{{{-3039, 839, -307},0, {2032, -16},{0xFF, 0xFF, 0xFF, 0xFF}}},
	{{{-3039, 999, -307},0, {2032, 2032},{0xFF, 0xEC, 0xAB, 0xFF}}},
	{{{-2439, 999, -307},0, {4023, 2032},{0xFF, 0xEC, 0xAB, 0xFF}}},
	{{{-2439, 839, -307},0, {4023, -16},{0xFF, 0xFF, 0xFF, 0xFF}}},
	{{{-1451, 1925, 707},0, {-16, 2032},{0xFF, 0xFF, 0xFF, 0xFF}}},
	{{{-1575, 1925, 707},0, {2032, 2032},{0xFF, 0xFF, 0xFF, 0xFF}}},
	{{{-1575, 1925, 307},0, {2032, -16},{0xFF, 0xFF, 0xFF, 0xFF}}},
	{{{-1451, 1925, 307},0, {-16, -16},{0xFF, 0xFF, 0xFF, 0xFF}}},
	{{{-1575, 1925, 707},0, {-16, 2032},{0xFF, 0xFF, 0xFF, 0xFF}}},
	{{{-1913, 1925, 707},0, {2032, 2032},{0xFF, 0xFF, 0xFF, 0xFF}}},
	{{{-1913, 1925, 307},0, {2032, -16},{0xFF, 0xFF, 0xFF, 0xFF}}},
	{{{-1575, 1925, 307},0, {-16, -16},{0xFF, 0xFF, 0xFF, 0xFF}}},
	{{{-1451, 722, 2443},0, {-11269, 2032},{0xFF, 0xFF, 0xFF, 0xFF}}},
	{{{-1575, 922, 2443},0, {-12019, -16},{0xFF, 0xEC, 0xAB, 0xFF}}},
	{{{-1575, 722, 2443},0, {-12019, 2032},{0xFF, 0xFF, 0xFF, 0xFF}}},
	{{{-1451, 922, 2443},0, {-11269, -16},{0xFF, 0xFF, 0xFF, 0xFF}}},
	{{{-1451, 722, 1008},0, {-2588, 2032},{0xFF, 0xFF, 0xFF, 0xFF}}},
	{{{-1451, 922, 2443},0, {-11269, -16},{0xFF, 0xFF, 0xFF, 0xFF}}},
	{{{-1451, 722, 2443},0, {-11269, 2032},{0xFF, 0xFF, 0xFF, 0xFF}}},
	{{{-1451, 922, 1008},0, {-2588, -16},{0xFF, 0xEC, 0xAB, 0xFF}}},
	{{{-1451, 722, 707},0, {-765, 2032},{0xFF, 0xFF, 0xFF, 0xFF}}},
	{{{-1451, 922, 707},0, {-765, -16},{0xFF, 0xFF, 0xFF, 0xFF}}},
	{{{-1575, 922, 707},0, {-16, -16},{0xFF, 0xFF, 0xFF, 0xFF}}},
	{{{-1575, 722, 707},0, {-16, 2032},{0xFF, 0xFF, 0xFF, 0xFF}}},
	{{{-1913, 922, 707},0, {2032, -16},{0xFF, 0xFF, 0xFF, 0xFF}}},
	{{{-1913, 722, 707},0, {2032, 2032},{0xFF, 0xFF, 0xFF, 0xFF}}},
	{{{-2037, 922, 707},0, {2781, -16},{0xFF, 0xFF, 0xFF, 0xFF}}},
	{{{-2037, 722, 707},0, {2781, 2032},{0xFF, 0xFF, 0xFF, 0xFF}}},
	{{{-2037, 722, 1008},0, {4604, 2032},{0xFF, 0xFF, 0xFF, 0xFF}}},
	{{{-2037, 922, 1008},0, {4604, -16},{0xFF, 0xEC, 0xAB, 0xFF}}},
	{{{-2037, 722, 2443},0, {13285, 2032},{0xFF, 0xFF, 0xFF, 0xFF}}},
	{{{-2037, 922, 2443},0, {13285, -16},{0xFF, 0xFF, 0xFF, 0xFF}}},
	{{{-1913, 722, 2443},0, {14035, 2032},{0xFF, 0xFF, 0xFF, 0xFF}}},
	{{{-2037, 922, 2443},0, {13285, -16},{0xFF, 0xFF, 0xFF, 0xFF}}},
	{{{-2037, 722, 2443},0, {13285, 2032},{0xFF, 0xFF, 0xFF, 0xFF}}},
	{{{-1913, 922, 2443},0, {14035, -16},{0xFF, 0xEC, 0xAB, 0xFF}}},
	{{{-1575, 722, 2443},0, {16083, 2032},{0xFF, 0xFF, 0xFF, 0xFF}}},
	{{{-1575, 922, 2443},0, {16083, -16},{0xFF, 0xEC, 0xAB, 0xFF}}},
	{{{-3665, 1252, 211},0, {2695, 6504},{0xFF, 0xFF, 0xFF, 0xFF}}},
	{{{-3569, 1252, -307},0, {3540, 1950},{0xFF, 0xFF, 0xFF, 0xFF}}},
	{{{-3569, 1252, 307},0, {3540, 7349},{0xFF, 0xFF, 0xFF, 0xFF}}},
	{{{-3665, 1252, -211},0, {2695, 2796},{0xFF, 0xFF, 0xFF, 0xFF}}},
	{{{-4073, 1252, 211},0, {-887, 6504},{0xFF, 0xFF, 0xFF, 0xFF}}},
	{{{-4169, 1252, 307},0, {-1732, 7349},{0xFF, 0xFF, 0xFF, 0xFF}}},
	{{{-4073, 1252, -211},0, {-887, 2796},{0xFF, 0xFF, 0xFF, 0xFF}}},
	{{{-4169, 1252, -307},0, {-1732, 1950},{0xFF, 0xFF, 0xFF, 0xFF}}},
	{{{-2536, 839, 211},0, {12623, 6504},{0xFF, 0xFF, 0xFF, 0xFF}}},
	{{{-2439, 839, -307},0, {13468, 1950},{0xFF, 0xFF, 0xFF, 0xFF}}},
	{{{-2439, 839, 307},0, {13468, 7349},{0xFF, 0xFF, 0xFF, 0xFF}}},
	{{{-2536, 839, -211},0, {12623, 2796},{0xFF, 0xFF, 0xFF, 0xFF}}},
	{{{-2943, 839, 211},0, {9041, 6504},{0xFF, 0xFF, 0xFF, 0xFF}}},
	{{{-3039, 839, 307},0, {8196, 7349},{0xFF, 0xFF, 0xFF, 0xFF}}},
	{{{-2943, 839, -211},0, {9041, 2796},{0xFF, 0xFF, 0xFF, 0xFF}}},
	{{{-3039, 839, -307},0, {8196, 1950},{0xFF, 0xFF, 0xFF, 0xFF}}},
};

Gfx totwc_dl_Cube_060_mesh_layer_1_tri_0[] = {
	gsSPVertex(totwc_dl_Cube_060_mesh_layer_1_vtx_0 + 0, 16, 0),
	gsSP1Triangle(0, 1, 2, 0),
	gsSP1Triangle(0, 3, 1, 0),
	gsSP1Triangle(3, 4, 1, 0),
	gsSP1Triangle(3, 5, 4, 0),
	gsSP1Triangle(5, 6, 4, 0),
	gsSP1Triangle(5, 7, 6, 0),
	gsSP1Triangle(7, 8, 6, 0),
	gsSP1Triangle(7, 9, 8, 0),
	gsSP1Triangle(9, 10, 8, 0),
	gsSP1Triangle(9, 11, 10, 0),
	gsSP1Triangle(11, 12, 10, 0),
	gsSP1Triangle(11, 13, 12, 0),
	gsSP1Triangle(13, 14, 12, 0),
	gsSP1Triangle(13, 15, 14, 0),
	gsSPVertex(totwc_dl_Cube_060_mesh_layer_1_vtx_0 + 16, 16, 0),
	gsSP1Triangle(0, 1, 2, 0),
	gsSP1Triangle(0, 3, 1, 0),
	gsSP1Triangle(3, 4, 1, 0),
	gsSP1Triangle(3, 5, 4, 0),
	gsSP1Triangle(5, 6, 4, 0),
	gsSP1Triangle(5, 7, 6, 0),
	gsSP1Triangle(7, 8, 6, 0),
	gsSP1Triangle(7, 9, 8, 0),
	gsSP1Triangle(9, 10, 8, 0),
	gsSP1Triangle(9, 11, 10, 0),
	gsSP1Triangle(11, 12, 10, 0),
	gsSP1Triangle(11, 13, 12, 0),
	gsSP1Triangle(13, 14, 12, 0),
	gsSP1Triangle(13, 15, 14, 0),
	gsSPVertex(totwc_dl_Cube_060_mesh_layer_1_vtx_0 + 32, 16, 0),
	gsSP1Triangle(0, 1, 2, 0),
	gsSP1Triangle(0, 3, 1, 0),
	gsSP1Triangle(3, 4, 1, 0),
	gsSP1Triangle(3, 5, 4, 0),
	gsSP1Triangle(6, 2, 7, 0),
	gsSP1Triangle(6, 7, 8, 0),
	gsSP1Triangle(8, 7, 9, 0),
	gsSP1Triangle(7, 10, 9, 0),
	gsSP1Triangle(7, 11, 10, 0),
	gsSP1Triangle(11, 12, 10, 0),
	gsSP1Triangle(11, 13, 12, 0),
	gsSP1Triangle(13, 14, 12, 0),
	gsSP1Triangle(13, 15, 14, 0),
	gsSPVertex(totwc_dl_Cube_060_mesh_layer_1_vtx_0 + 48, 16, 0),
	gsSP1Triangle(0, 1, 2, 0),
	gsSP1Triangle(0, 3, 1, 0),
	gsSP1Triangle(4, 3, 0, 0),
	gsSP1Triangle(4, 5, 3, 0),
	gsSP1Triangle(5, 6, 3, 0),
	gsSP1Triangle(5, 7, 6, 0),
	gsSP1Triangle(3, 6, 8, 0),
	gsSP1Triangle(3, 8, 1, 0),
	gsSP1Triangle(9, 10, 11, 0),
	gsSP1Triangle(9, 12, 10, 0),
	gsSP1Triangle(12, 13, 10, 0),
	gsSP1Triangle(12, 14, 13, 0),
	gsSP1Triangle(14, 15, 13, 0),
	gsSPVertex(totwc_dl_Cube_060_mesh_layer_1_vtx_0 + 64, 16, 0),
	gsSP1Triangle(0, 1, 2, 0),
	gsSP1Triangle(3, 2, 4, 0),
	gsSP1Triangle(2, 5, 4, 0),
	gsSP1Triangle(3, 4, 6, 0),
	gsSP1Triangle(7, 3, 6, 0),
	gsSP1Triangle(7, 6, 8, 0),
	gsSP1Triangle(9, 7, 8, 0),
	gsSP1Triangle(9, 8, 10, 0),
	gsSP1Triangle(11, 9, 10, 0),
	gsSP1Triangle(11, 10, 12, 0),
	gsSP1Triangle(13, 11, 12, 0),
	gsSP1Triangle(13, 12, 14, 0),
	gsSP1Triangle(15, 13, 14, 0),
	gsSPVertex(totwc_dl_Cube_060_mesh_layer_1_vtx_0 + 80, 14, 0),
	gsSP1Triangle(0, 1, 2, 0),
	gsSP1Triangle(3, 4, 0, 0),
	gsSP1Triangle(3, 5, 4, 0),
	gsSP1Triangle(5, 6, 4, 0),
	gsSP1Triangle(5, 7, 6, 0),
	gsSP1Triangle(8, 9, 10, 0),
	gsSP1Triangle(8, 10, 11, 0),
	gsSP1Triangle(11, 10, 12, 0),
	gsSP1Triangle(11, 12, 13, 0),
	gsSPVertex(totwc_dl_Cube_060_mesh_layer_1_vtx_0 + 94, 16, 0),
	gsSP1Triangle(0, 1, 2, 0),
	gsSP1Triangle(0, 2, 3, 0),
	gsSP1Triangle(3, 2, 4, 0),
	gsSP1Triangle(3, 4, 5, 0),
	gsSP1Triangle(6, 3, 5, 0),
	gsSP1Triangle(6, 5, 7, 0),
	gsSP1Triangle(8, 3, 6, 0),
	gsSP1Triangle(8, 0, 3, 0),
	gsSP1Triangle(9, 0, 8, 0),
	gsSP1Triangle(9, 10, 0, 0),
	gsSP1Triangle(11, 10, 9, 0),
	gsSP1Triangle(11, 12, 10, 0),
	gsSP1Triangle(13, 12, 11, 0),
	gsSP1Triangle(13, 14, 12, 0),
	gsSP1Triangle(13, 15, 14, 0),
	gsSPVertex(totwc_dl_Cube_060_mesh_layer_1_vtx_0 + 110, 15, 0),
	gsSP1Triangle(0, 1, 2, 0),
	gsSP1Triangle(2, 1, 3, 0),
	gsSP1Triangle(2, 3, 4, 0),
	gsSP1Triangle(4, 3, 5, 0),
	gsSP1Triangle(4, 5, 6, 0),
	gsSP1Triangle(6, 5, 7, 0),
	gsSP1Triangle(6, 7, 8, 0),
	gsSP1Triangle(8, 7, 9, 0),
	gsSP1Triangle(8, 9, 10, 0),
	gsSP1Triangle(10, 9, 11, 0),
	gsSP1Triangle(10, 11, 12, 0),
	gsSP1Triangle(13, 12, 11, 0),
	gsSP1Triangle(13, 14, 12, 0),
	gsSPVertex(totwc_dl_Cube_060_mesh_layer_1_vtx_0 + 125, 16, 0),
	gsSP1Triangle(0, 1, 2, 0),
	gsSP1Triangle(2, 1, 3, 0),
	gsSP1Triangle(2, 3, 4, 0),
	gsSP1Triangle(4, 3, 5, 0),
	gsSP1Triangle(4, 5, 6, 0),
	gsSP1Triangle(6, 5, 7, 0),
	gsSP1Triangle(6, 7, 8, 0),
	gsSP1Triangle(8, 7, 9, 0),
	gsSP1Triangle(8, 9, 10, 0),
	gsSP1Triangle(11, 10, 9, 0),
	gsSP1Triangle(11, 12, 10, 0),
	gsSP1Triangle(12, 11, 13, 0),
	gsSP1Triangle(12, 13, 14, 0),
	gsSP1Triangle(14, 13, 15, 0),
	gsSPVertex(totwc_dl_Cube_060_mesh_layer_1_vtx_0 + 141, 16, 0),
	gsSP1Triangle(0, 1, 2, 0),
	gsSP1Triangle(3, 2, 1, 0),
	gsSP1Triangle(3, 4, 2, 0),
	gsSP1Triangle(5, 6, 7, 0),
	gsSP1Triangle(5, 7, 8, 0),
	gsSP1Triangle(5, 8, 9, 0),
	gsSP1Triangle(9, 8, 10, 0),
	gsSP1Triangle(9, 10, 11, 0),
	gsSP1Triangle(11, 10, 12, 0),
	gsSP1Triangle(11, 12, 13, 0),
	gsSP1Triangle(13, 12, 14, 0),
	gsSP1Triangle(13, 14, 15, 0),
	gsSPVertex(totwc_dl_Cube_060_mesh_layer_1_vtx_0 + 157, 14, 0),
	gsSP1Triangle(0, 1, 2, 0),
	gsSP1Triangle(0, 3, 1, 0),
	gsSP1Triangle(4, 5, 6, 0),
	gsSP1Triangle(4, 6, 7, 0),
	gsSP1Triangle(7, 6, 8, 0),
	gsSP1Triangle(7, 8, 9, 0),
	gsSP1Triangle(9, 8, 10, 0),
	gsSP1Triangle(9, 10, 11, 0),
	gsSP1Triangle(10, 12, 11, 0),
	gsSP1Triangle(10, 13, 12, 0),
	gsSPVertex(totwc_dl_Cube_060_mesh_layer_1_vtx_0 + 171, 16, 0),
	gsSP1Triangle(0, 1, 2, 0),
	gsSP1Triangle(0, 3, 1, 0),
	gsSP1Triangle(4, 3, 0, 0),
	gsSP1Triangle(4, 5, 3, 0),
	gsSP1Triangle(4, 6, 5, 0),
	gsSP1Triangle(4, 7, 6, 0),
	gsSP1Triangle(7, 8, 6, 0),
	gsSP1Triangle(7, 9, 8, 0),
	gsSP1Triangle(9, 10, 8, 0),
	gsSP1Triangle(9, 11, 10, 0),
	gsSP1Triangle(11, 12, 10, 0),
	gsSP1Triangle(11, 13, 12, 0),
	gsSP1Triangle(12, 13, 14, 0),
	gsSP1Triangle(12, 14, 15, 0),
	gsSPVertex(totwc_dl_Cube_060_mesh_layer_1_vtx_0 + 187, 16, 0),
	gsSP1Triangle(0, 1, 2, 0),
	gsSP1Triangle(0, 2, 3, 0),
	gsSP1Triangle(3, 2, 4, 0),
	gsSP1Triangle(3, 4, 5, 0),
	gsSP1Triangle(4, 6, 5, 0),
	gsSP1Triangle(4, 7, 6, 0),
	gsSP1Triangle(8, 6, 7, 0),
	gsSP1Triangle(8, 9, 6, 0),
	gsSP1Triangle(10, 11, 12, 0),
	gsSP1Triangle(10, 12, 13, 0),
	gsSP1Triangle(14, 10, 13, 0),
	gsSP1Triangle(14, 13, 15, 0),
	gsSPVertex(totwc_dl_Cube_060_mesh_layer_1_vtx_0 + 203, 14, 0),
	gsSP1Triangle(0, 1, 2, 0),
	gsSP1Triangle(0, 2, 3, 0),
	gsSP1Triangle(4, 5, 6, 0),
	gsSP1Triangle(4, 6, 7, 0),
	gsSP1Triangle(8, 7, 6, 0),
	gsSP1Triangle(8, 9, 7, 0),
	gsSP1Triangle(10, 9, 8, 0),
	gsSP1Triangle(10, 8, 11, 0),
	gsSP1Triangle(10, 11, 12, 0),
	gsSP1Triangle(10, 12, 13, 0),
	gsSPVertex(totwc_dl_Cube_060_mesh_layer_1_vtx_0 + 217, 16, 0),
	gsSP1Triangle(0, 1, 2, 0),
	gsSP1Triangle(0, 2, 3, 0),
	gsSP1Triangle(4, 5, 6, 0),
	gsSP1Triangle(4, 7, 5, 0),
	gsSP1Triangle(8, 7, 4, 0),
	gsSP1Triangle(8, 9, 7, 0),
	gsSP1Triangle(10, 9, 8, 0),
	gsSP1Triangle(10, 11, 9, 0),
	gsSP1Triangle(12, 11, 10, 0),
	gsSP1Triangle(12, 13, 11, 0),
	gsSP1Triangle(13, 12, 14, 0),
	gsSP1Triangle(13, 14, 15, 0),
	gsSPVertex(totwc_dl_Cube_060_mesh_layer_1_vtx_0 + 233, 16, 0),
	gsSP1Triangle(0, 1, 2, 0),
	gsSP1Triangle(0, 3, 1, 0),
	gsSP1Triangle(4, 1, 3, 0),
	gsSP1Triangle(4, 5, 1, 0),
	gsSP1Triangle(5, 4, 6, 0),
	gsSP1Triangle(5, 6, 7, 0),
	gsSP1Triangle(8, 9, 10, 0),
	gsSP1Triangle(8, 10, 11, 0),
	gsSP1Triangle(12, 8, 11, 0),
	gsSP1Triangle(12, 11, 13, 0),
	gsSP1Triangle(14, 12, 13, 0),
	gsSP1Triangle(14, 13, 15, 0),
	gsSPVertex(totwc_dl_Cube_060_mesh_layer_1_vtx_0 + 249, 16, 0),
	gsSP1Triangle(0, 1, 2, 0),
	gsSP1Triangle(0, 2, 3, 0),
	gsSP1Triangle(4, 0, 3, 0),
	gsSP1Triangle(4, 3, 5, 0),
	gsSP1Triangle(6, 4, 5, 0),
	gsSP1Triangle(6, 5, 7, 0),
	gsSP1Triangle(8, 9, 10, 0),
	gsSP1Triangle(8, 10, 11, 0),
	gsSP1Triangle(12, 13, 14, 0),
	gsSP1Triangle(12, 15, 13, 0),
	gsSPVertex(totwc_dl_Cube_060_mesh_layer_1_vtx_0 + 265, 16, 0),
	gsSP1Triangle(0, 1, 2, 0),
	gsSP1Triangle(0, 3, 1, 0),
	gsSP1Triangle(1, 3, 4, 0),
	gsSP1Triangle(1, 4, 5, 0),
	gsSP1Triangle(6, 5, 4, 0),
	gsSP1Triangle(6, 7, 5, 0),
	gsSP1Triangle(8, 9, 10, 0),
	gsSP1Triangle(8, 10, 11, 0),
	gsSP1Triangle(12, 13, 14, 0),
	gsSP1Triangle(12, 15, 13, 0),
	gsSPVertex(totwc_dl_Cube_060_mesh_layer_1_vtx_0 + 281, 16, 0),
	gsSP1Triangle(0, 1, 2, 0),
	gsSP1Triangle(0, 3, 1, 0),
	gsSP1Triangle(3, 4, 1, 0),
	gsSP1Triangle(3, 5, 4, 0),
	gsSP1Triangle(5, 6, 4, 0),
	gsSP1Triangle(5, 7, 6, 0),
	gsSP1Triangle(7, 8, 6, 0),
	gsSP1Triangle(7, 9, 8, 0),
	gsSP1Triangle(8, 9, 10, 0),
	gsSP1Triangle(8, 10, 11, 0),
	gsSP1Triangle(12, 13, 14, 0),
	gsSP1Triangle(12, 14, 15, 0),
	gsSPVertex(totwc_dl_Cube_060_mesh_layer_1_vtx_0 + 297, 16, 0),
	gsSP1Triangle(0, 1, 2, 0),
	gsSP1Triangle(0, 2, 3, 0),
	gsSP1Triangle(3, 2, 4, 0),
	gsSP1Triangle(3, 4, 5, 0),
	gsSP1Triangle(5, 4, 6, 0),
	gsSP1Triangle(5, 6, 7, 0),
	gsSP1Triangle(8, 9, 10, 0),
	gsSP1Triangle(8, 10, 11, 0),
	gsSP1Triangle(11, 10, 12, 0),
	gsSP1Triangle(11, 12, 13, 0),
	gsSP1Triangle(13, 12, 14, 0),
	gsSP1Triangle(13, 14, 15, 0),
	gsSPVertex(totwc_dl_Cube_060_mesh_layer_1_vtx_0 + 313, 16, 0),
	gsSP1Triangle(0, 1, 2, 0),
	gsSP1Triangle(0, 2, 3, 0),
	gsSP1Triangle(4, 5, 6, 0),
	gsSP1Triangle(4, 6, 7, 0),
	gsSP1Triangle(8, 9, 10, 0),
	gsSP1Triangle(8, 10, 11, 0),
	gsSP1Triangle(12, 13, 14, 0),
	gsSP1Triangle(12, 15, 13, 0),
	gsSPVertex(totwc_dl_Cube_060_mesh_layer_1_vtx_0 + 329, 16, 0),
	gsSP1Triangle(0, 1, 2, 0),
	gsSP1Triangle(0, 3, 1, 0),
	gsSP1Triangle(3, 0, 4, 0),
	gsSP1Triangle(3, 4, 5, 0),
	gsSP1Triangle(4, 6, 5, 0),
	gsSP1Triangle(4, 7, 6, 0),
	gsSP1Triangle(7, 8, 6, 0),
	gsSP1Triangle(7, 9, 8, 0),
	gsSP1Triangle(9, 10, 8, 0),
	gsSP1Triangle(9, 11, 10, 0),
	gsSP1Triangle(12, 10, 11, 0),
	gsSP1Triangle(12, 13, 10, 0),
	gsSP1Triangle(13, 12, 14, 0),
	gsSP1Triangle(13, 14, 15, 0),
	gsSPVertex(totwc_dl_Cube_060_mesh_layer_1_vtx_0 + 345, 14, 0),
	gsSP1Triangle(0, 1, 2, 0),
	gsSP1Triangle(0, 3, 1, 0),
	gsSP1Triangle(4, 3, 0, 0),
	gsSP1Triangle(4, 5, 3, 0),
	gsSP1Triangle(6, 7, 8, 0),
	gsSP1Triangle(6, 9, 7, 0),
	gsSP1Triangle(9, 6, 10, 0),
	gsSP1Triangle(10, 6, 8, 0),
	gsSP1Triangle(10, 8, 11, 0),
	gsSP1Triangle(12, 10, 11, 0),
	gsSP1Triangle(12, 11, 13, 0),
	gsSP1Triangle(9, 12, 13, 0),
	gsSP1Triangle(9, 13, 7, 0),
	gsSP1Triangle(9, 10, 12, 0),
	gsSPVertex(totwc_dl_Cube_060_mesh_layer_1_vtx_0 + 359, 8, 0),
	gsSP1Triangle(0, 1, 2, 0),
	gsSP1Triangle(0, 3, 1, 0),
	gsSP1Triangle(3, 0, 4, 0),
	gsSP1Triangle(4, 0, 2, 0),
	gsSP1Triangle(4, 2, 5, 0),
	gsSP1Triangle(6, 4, 5, 0),
	gsSP1Triangle(6, 5, 7, 0),
	gsSP1Triangle(3, 6, 7, 0),
	gsSP1Triangle(3, 7, 1, 0),
	gsSP1Triangle(3, 4, 6, 0),
	gsSPEndDisplayList(),
};

Vtx totwc_dl_Cube_060_mesh_layer_1_vtx_1[472] = {
	{{{-2439, 999, -307},0, {5739, 1008},{0xFF, 0xEC, 0xAB, 0xFF}}},
	{{{-3039, 999, -307},0, {11883, 1008},{0xFF, 0xEC, 0xAB, 0xFF}}},
	{{{-3039, 1135, -307},0, {11883, -16},{0xAA, 0x9F, 0x85, 0xAA}}},
	{{{-2439, 1135, -307},0, {5739, -16},{0xAA, 0x9F, 0x85, 0xAA}}},
	{{{-2536, 999, -211},0, {4080, 1008},{0xFF, 0xEC, 0xAB, 0xFF}}},
	{{{-2536, 1135, -211},0, {4080, -16},{0xAA, 0x9F, 0x85, 0xAA}}},
	{{{-2943, 999, -211},0, {-2064, 1008},{0xFF, 0xEC, 0xAB, 0xFF}}},
	{{{-2943, 1135, -211},0, {-2064, -16},{0xAA, 0x9F, 0x85, 0xAA}}},
	{{{-3039, 999, -307},0, {-3723, 1008},{0xFF, 0xEC, 0xAB, 0xFF}}},
	{{{-3039, 1135, -307},0, {-3723, -16},{0xAA, 0x9F, 0x85, 0xAA}}},
	{{{-279, 307, -307},0, {-3289, 1008},{0xFF, 0xFF, 0xFF, 0xFF}}},
	{{{-279, 444, -185},0, {-2064, -16},{0xAA, 0x9F, 0x85, 0xAA}}},
	{{{-279, 444, -307},0, {-3289, -16},{0xAA, 0x9F, 0x85, 0xAA}}},
	{{{-279, 307, -185},0, {-2064, 1008},{0xFF, 0xEC, 0xAB, 0xFF}}},
	{{{307, 444, -185},0, {4080, -16},{0xAA, 0x9F, 0x85, 0xAA}}},
	{{{307, 307, -185},0, {4080, 1008},{0xFF, 0xEC, 0xAB, 0xFF}}},
	{{{307, 307, -185},0, {4080, 1008},{0xFF, 0xEC, 0xAB, 0xFF}}},
	{{{307, 444, -307},0, {5305, -16},{0xAA, 0x9F, 0x85, 0xAA}}},
	{{{307, 444, -185},0, {4080, -16},{0xAA, 0x9F, 0x85, 0xAA}}},
	{{{307, 307, -307},0, {5305, 1008},{0xFF, 0xFF, 0xFF, 0xFF}}},
	{{{-279, 444, -307},0, {11449, -16},{0xAA, 0x9F, 0x85, 0xAA}}},
	{{{-279, 307, -307},0, {11449, 1008},{0xFF, 0xFF, 0xFF, 0xFF}}},
	{{{-3996, 2150, -211},0, {-12314, 1008},{0xFF, 0xFF, 0xFF, 0xFF}}},
	{{{-4169, 2150, -307},0, {-11035, -16},{0xFF, 0xFF, 0xFF, 0xFF}}},
	{{{-4055, 2150, -307},0, {-12314, -16},{0xFF, 0xFF, 0xFF, 0xFF}}},
	{{{-4073, 2150, -211},0, {-11035, 1008},{0xFF, 0xFF, 0xFF, 0xFF}}},
	{{{-4169, 2150, 307},0, {-1295, -16},{0xFF, 0xFF, 0xFF, 0xFF}}},
	{{{-4073, 2150, 211},0, {-1295, 1008},{0xFF, 0xFF, 0xFF, 0xFF}}},
	{{{-4055, 2150, 307},0, {-16, -16},{0xFF, 0xFF, 0xFF, 0xFF}}},
	{{{-3996, 2150, 211},0, {-16, 1008},{0xFF, 0xFF, 0xFF, 0xFF}}},
	{{{-3683, 2150, 307},0, {4080, -16},{0xFF, 0xFF, 0xFF, 0xFF}}},
	{{{-3743, 2150, 211},0, {4080, 1008},{0xFF, 0xFF, 0xFF, 0xFF}}},
	{{{-3743, 2150, 211},0, {4080, 1008},{0xFF, 0xFF, 0xFF, 0xFF}}},
	{{{-3569, 2150, 307},0, {5359, -16},{0xFF, 0xFF, 0xFF, 0xFF}}},
	{{{-3683, 2150, 307},0, {4080, -16},{0xFF, 0xFF, 0xFF, 0xFF}}},
	{{{-3665, 2150, 211},0, {5359, 1008},{0xFF, 0xFF, 0xFF, 0xFF}}},
	{{{-3569, 2150, -307},0, {11865, -16},{0xFF, 0xFF, 0xFF, 0xFF}}},
	{{{-3665, 2150, -211},0, {11865, 1008},{0xFF, 0xFF, 0xFF, 0xFF}}},
	{{{-3683, 2150, -307},0, {13144, -16},{0xFF, 0xFF, 0xFF, 0xFF}}},
	{{{-3743, 2150, -211},0, {13144, 1008},{0xFF, 0xFF, 0xFF, 0xFF}}},
	{{{-4055, 2150, -307},0, {17240, -16},{0xFF, 0xFF, 0xFF, 0xFF}}},
	{{{-3996, 2150, -211},0, {17240, 1008},{0xFF, 0xFF, 0xFF, 0xFF}}},
	{{{-3743, 2749, -211},0, {-9080, 1008},{0xFF, 0xFF, 0xFF, 0xFF}}},
	{{{-3569, 2749, -307},0, {-7801, -16},{0xFF, 0xFF, 0xFF, 0xFF}}},
	{{{-3683, 2749, -307},0, {-9080, -16},{0xFF, 0xEC, 0xAB, 0xFF}}},
	{{{-3665, 2749, -211},0, {-7801, 1008},{0xFF, 0xFF, 0xFF, 0xFF}}},
	{{{-3569, 2749, 307},0, {-1295, -16},{0xFF, 0xFF, 0xFF, 0xFF}}},
	{{{-3665, 2749, 211},0, {-1295, 1008},{0xFF, 0xFF, 0xFF, 0xFF}}},
	{{{-3665, 2749, 211},0, {-1295, 1008},{0xFF, 0xFF, 0xFF, 0xFF}}},
	{{{-3683, 2749, 307},0, {-16, -16},{0xFF, 0xEC, 0xAB, 0xFF}}},
	{{{-3569, 2749, 307},0, {-1295, -16},{0xFF, 0xFF, 0xFF, 0xFF}}},
	{{{-3743, 2749, 211},0, {-16, 1008},{0xFF, 0xFF, 0xFF, 0xFF}}},
	{{{-4055, 2749, 307},0, {4080, -16},{0xFF, 0xEC, 0xAB, 0xFF}}},
	{{{-3996, 2749, 211},0, {4080, 1008},{0xFF, 0xFF, 0xFF, 0xFF}}},
	{{{-4169, 2749, 307},0, {5359, -16},{0xFF, 0xEC, 0xAB, 0xFF}}},
	{{{-4073, 2749, 211},0, {5359, 1008},{0xFF, 0xFF, 0xFF, 0xFF}}},
	{{{-4169, 2749, -307},0, {15099, -16},{0xFF, 0xEC, 0xAB, 0xFF}}},
	{{{-4073, 2749, -211},0, {15099, 1008},{0xFF, 0xFF, 0xFF, 0xFF}}},
	{{{-4055, 2749, -307},0, {16378, -16},{0xFF, 0xEC, 0xAB, 0xFF}}},
	{{{-3996, 2749, -211},0, {16378, 1008},{0xFF, 0xFF, 0xFF, 0xFF}}},
	{{{-3683, 2749, -307},0, {20474, -16},{0xFF, 0xEC, 0xAB, 0xFF}}},
	{{{-3743, 2749, -211},0, {20474, 1008},{0xFF, 0xFF, 0xFF, 0xFF}}},
	{{{-2037, 2150, 179},0, {-1386, 1008},{0xFF, 0xEC, 0xAB, 0xFF}}},
	{{{-2037, 2287, 307},0, {240, -16},{0xAA, 0x9F, 0x85, 0xAA}}},
	{{{-2037, 2287, 179},0, {-1386, -16},{0xAA, 0x9F, 0x85, 0xAA}}},
	{{{-2037, 2150, 307},0, {240, 1008},{0xFF, 0xFF, 0xFF, 0xFF}}},
	{{{-1921, 2287, 307},0, {1776, -16},{0xAA, 0x9F, 0x85, 0xAA}}},
	{{{-1921, 2150, 307},0, {1776, 1008},{0xFF, 0xEC, 0xAB, 0xFF}}},
	{{{-1921, 2287, 179},0, {3402, -16},{0xAA, 0x9F, 0x85, 0xAA}}},
	{{{-1921, 2150, 179},0, {3402, 1008},{0xFF, 0xEC, 0xAB, 0xFF}}},
	{{{-2037, 2287, 179},0, {4938, -16},{0xAA, 0x9F, 0x85, 0xAA}}},
	{{{-2037, 2150, 179},0, {4938, 1008},{0xFF, 0xEC, 0xAB, 0xFF}}},
	{{{-3546, 3408, -2774},0, {18993, 1008},{0xFF, 0xEC, 0xAB, 0xFF}}},
	{{{-3546, 3408, -3252},0, {25137, 1008},{0xFF, 0xFF, 0xFF, 0xFF}}},
	{{{-3546, 3544, -3252},0, {25137, -16},{0xAA, 0x9F, 0x85, 0xAA}}},
	{{{-3546, 3544, -2774},0, {18993, -16},{0xAA, 0x9F, 0x85, 0xAA}}},
	{{{-3591, 3408, -2819},0, {18104, 1008},{0xFF, 0xEC, 0xAB, 0xFF}}},
	{{{-3591, 3544, -2819},0, {18104, -16},{0xAA, 0x9F, 0x85, 0xAA}}},
	{{{-3591, 3408, -3207},0, {11960, 1008},{0xFF, 0xEC, 0xAB, 0xFF}}},
	{{{-3591, 3408, -2819},0, {18104, 1008},{0xFF, 0xEC, 0xAB, 0xFF}}},
	{{{-3591, 3544, -2819},0, {18104, -16},{0xAA, 0x9F, 0x85, 0xAA}}},
	{{{-3591, 3544, -3207},0, {11960, -16},{0xAA, 0x9F, 0x85, 0xAA}}},
	{{{-3761, 3408, -3207},0, {9333, 1008},{0xFF, 0xEC, 0xAB, 0xFF}}},
	{{{-3761, 3544, -3207},0, {9333, -16},{0xAA, 0x9F, 0x85, 0xAA}}},
	{{{-3931, 3408, -3207},0, {6707, 1008},{0xFF, 0xEC, 0xAB, 0xFF}}},
	{{{-3931, 3544, -3207},0, {6707, -16},{0xAA, 0x9F, 0x85, 0xAA}}},
	{{{-4101, 3408, -3207},0, {4080, 1008},{0xFF, 0xEC, 0xAB, 0xFF}}},
	{{{-4101, 3544, -3207},0, {4080, -16},{0xAA, 0x9F, 0x85, 0xAA}}},
	{{{-4101, 3408, -2819},0, {-2064, 1008},{0xFF, 0xEC, 0xAB, 0xFF}}},
	{{{-4101, 3544, -2819},0, {-2064, -16},{0xAA, 0x9F, 0x85, 0xAA}}},
	{{{-4146, 3408, -2774},0, {-2954, 1008},{0xFF, 0xEC, 0xAB, 0xFF}}},
	{{{-4146, 3544, -2774},0, {-2954, -16},{0xAA, 0x9F, 0x85, 0xAA}}},
	{{{-4146, 3408, -3252},0, {-9098, 1008},{0xFF, 0xFF, 0xFF, 0xFF}}},
	{{{-4146, 3544, -3252},0, {-9098, -16},{0xAA, 0x9F, 0x85, 0xAA}}},
	{{{-3946, 3408, -3252},0, {-11724, 1008},{0xFF, 0xFF, 0xFF, 0xFF}}},
	{{{-4146, 3408, -3252},0, {-9098, 1008},{0xFF, 0xFF, 0xFF, 0xFF}}},
	{{{-4146, 3544, -3252},0, {-9098, -16},{0xAA, 0x9F, 0x85, 0xAA}}},
	{{{-3946, 3544, -3252},0, {-11724, -16},{0xAA, 0x9F, 0x85, 0xAA}}},
	{{{-3746, 3408, -3252},0, {-14351, 1008},{0xFF, 0xFF, 0xFF, 0xFF}}},
	{{{-3746, 3544, -3252},0, {-14351, -16},{0xAA, 0x9F, 0x85, 0xAA}}},
	{{{-3546, 3408, -3252},0, {-16977, 1008},{0xFF, 0xFF, 0xFF, 0xFF}}},
	{{{-3546, 3544, -3252},0, {-16977, -16},{0xAA, 0x9F, 0x85, 0xAA}}},
	{{{-4169, 2749, -307},0, {-3519, 1008},{0xFF, 0xEC, 0xAB, 0xFF}}},
	{{{-4055, 2886, -307},0, {-2064, -16},{0xAA, 0x9F, 0x85, 0xAA}}},
	{{{-4169, 2886, -307},0, {-3519, -16},{0xAA, 0x9F, 0x85, 0xAA}}},
	{{{-4055, 2749, -307},0, {-2064, 1008},{0xFF, 0xEC, 0xAB, 0xFF}}},
	{{{-4055, 2886, -753},0, {4080, -16},{0xAA, 0x9F, 0x85, 0xAA}}},
	{{{-4055, 2749, -753},0, {4080, 1008},{0xFF, 0xEC, 0xAB, 0xFF}}},
	{{{-4169, 2886, -753},0, {5535, -16},{0xAA, 0x9F, 0x85, 0xAA}}},
	{{{-4169, 2749, -753},0, {5535, 1008},{0xFF, 0xFF, 0xFF, 0xFF}}},
	{{{-4169, 2749, -753},0, {5535, 1008},{0xFF, 0xFF, 0xFF, 0xFF}}},
	{{{-4169, 2886, -307},0, {11679, -16},{0xAA, 0x9F, 0x85, 0xAA}}},
	{{{-4169, 2886, -753},0, {5535, -16},{0xAA, 0x9F, 0x85, 0xAA}}},
	{{{-4169, 2749, -307},0, {11679, 1008},{0xFF, 0xEC, 0xAB, 0xFF}}},
	{{{-2037, 1027, -122},0, {-9856, 1008},{0xFF, 0xFF, 0xFF, 0xFF}}},
	{{{-2037, 922, -307},0, {-8406, -16},{0xFF, 0xFF, 0xFF, 0xFF}}},
	{{{-2037, 922, -185},0, {-9856, -16},{0xFF, 0xFF, 0xFF, 0xFF}}},
	{{{-2037, 1027, -202},0, {-8406, 1008},{0xFF, 0xFF, 0xFF, 0xFF}}},
	{{{-2037, 1536, -307},0, {-1527, -16},{0xFF, 0xFF, 0xFF, 0xFF}}},
	{{{-2037, 1431, -202},0, {-1527, 1008},{0xFF, 0xFF, 0xFF, 0xFF}}},
	{{{-2037, 1536, -179},0, {-16, -16},{0xFF, 0xFF, 0xFF, 0xFF}}},
	{{{-2037, 1431, -117},0, {-16, 1008},{0xFF, 0xFF, 0xFF, 0xFF}}},
	{{{-2037, 1536, 179},0, {4080, -16},{0xFF, 0xFF, 0xFF, 0xFF}}},
	{{{-2037, 1431, 117},0, {4080, 1008},{0xFF, 0xFF, 0xFF, 0xFF}}},
	{{{-2037, 1536, 307},0, {5603, -16},{0xFF, 0xFF, 0xFF, 0xFF}}},
	{{{-2037, 1431, 202},0, {5603, 1008},{0xFF, 0xFF, 0xFF, 0xFF}}},
	{{{-2037, 1431, 202},0, {5603, 1008},{0xFF, 0xFF, 0xFF, 0xFF}}},
	{{{-2037, 922, 307},0, {12481, -16},{0xFF, 0xFF, 0xFF, 0xFF}}},
	{{{-2037, 1536, 307},0, {5603, -16},{0xFF, 0xFF, 0xFF, 0xFF}}},
	{{{-2037, 1027, 202},0, {12481, 1008},{0xFF, 0xFF, 0xFF, 0xFF}}},
	{{{-2037, 922, 185},0, {13931, -16},{0xFF, 0xFF, 0xFF, 0xFF}}},
	{{{-2037, 1027, 122},0, {13931, 1008},{0xFF, 0xFF, 0xFF, 0xFF}}},
	{{{-2037, 922, -185},0, {18263, -16},{0xFF, 0xFF, 0xFF, 0xFF}}},
	{{{-2037, 1027, -122},0, {18263, 1008},{0xFF, 0xFF, 0xFF, 0xFF}}},
	{{{-865, 1027, 122},0, {-9867, 1008},{0xFF, 0xFF, 0xFF, 0xFF}}},
	{{{-865, 922, 307},0, {-8417, -16},{0xFF, 0xFF, 0xFF, 0xFF}}},
	{{{-865, 922, 185},0, {-9867, -16},{0xFF, 0xEC, 0xAB, 0xFF}}},
	{{{-865, 1027, 202},0, {-8417, 1008},{0xFF, 0xFF, 0xFF, 0xFF}}},
	{{{-865, 1536, 307},0, {-1539, -16},{0xFF, 0xFF, 0xFF, 0xFF}}},
	{{{-865, 1431, 202},0, {-1539, 1008},{0xFF, 0xFF, 0xFF, 0xFF}}},
	{{{-865, 1536, 179},0, {-16, -16},{0xFF, 0xEC, 0xAB, 0xFF}}},
	{{{-865, 1431, 117},0, {-16, 1008},{0xFF, 0xFF, 0xFF, 0xFF}}},
	{{{-865, 1431, 117},0, {-16, 1008},{0xFF, 0xFF, 0xFF, 0xFF}}},
	{{{-865, 1536, -179},0, {4080, -16},{0xFF, 0xEC, 0xAB, 0xFF}}},
	{{{-865, 1536, 179},0, {-16, -16},{0xFF, 0xEC, 0xAB, 0xFF}}},
	{{{-865, 1431, -117},0, {4080, 1008},{0xFF, 0xFF, 0xFF, 0xFF}}},
	{{{-865, 1536, -307},0, {5591, -16},{0xFF, 0xFF, 0xFF, 0xFF}}},
	{{{-865, 1431, -202},0, {5591, 1008},{0xFF, 0xFF, 0xFF, 0xFF}}},
	{{{-865, 922, -307},0, {12470, -16},{0xFF, 0xFF, 0xFF, 0xFF}}},
	{{{-865, 1027, -202},0, {12470, 1008},{0xFF, 0xFF, 0xFF, 0xFF}}},
	{{{-865, 922, -185},0, {13920, -16},{0xFF, 0xEC, 0xAB, 0xFF}}},
	{{{-865, 1027, -122},0, {13920, 1008},{0xFF, 0xFF, 0xFF, 0xFF}}},
	{{{-865, 922, 185},0, {18252, -16},{0xFF, 0xEC, 0xAB, 0xFF}}},
	{{{-865, 1027, 122},0, {18252, 1008},{0xFF, 0xFF, 0xFF, 0xFF}}},
	{{{-1451, 1536, -307},0, {-3341, 1008},{0xFF, 0xFF, 0xFF, 0xFF}}},
	{{{-1451, 1672, -179},0, {-2064, -16},{0xAA, 0x9F, 0x85, 0xAA}}},
	{{{-1451, 1672, -307},0, {-3341, -16},{0xAA, 0x9F, 0x85, 0xAA}}},
	{{{-1451, 1536, -179},0, {-2064, 1008},{0xFF, 0xEC, 0xAB, 0xFF}}},
	{{{-1451, 1536, -179},0, {-2064, 1008},{0xFF, 0xEC, 0xAB, 0xFF}}},
	{{{-865, 1672, -179},0, {4080, -16},{0xAA, 0x9F, 0x85, 0xAA}}},
	{{{-1451, 1672, -179},0, {-2064, -16},{0xAA, 0x9F, 0x85, 0xAA}}},
	{{{-865, 1536, -179},0, {4080, 1008},{0xFF, 0xEC, 0xAB, 0xFF}}},
	{{{-865, 1672, -307},0, {5357, -16},{0xAA, 0x9F, 0x85, 0xAA}}},
	{{{-865, 1536, -307},0, {5357, 1008},{0xFF, 0xFF, 0xFF, 0xFF}}},
	{{{-1451, 1672, -307},0, {11501, -16},{0xAA, 0x9F, 0x85, 0xAA}}},
	{{{-1451, 1536, -307},0, {11501, 1008},{0xFF, 0xFF, 0xFF, 0xFF}}},
	{{{-5626, 4017, 787},0, {-21397, 1008},{0xFF, 0xFF, 0xFF, 0xFF}}},
	{{{-5274, 4017, 307},0, {-15031, 1008},{0xFF, 0xEC, 0xAB, 0xFF}}},
	{{{-5274, 4153, 307},0, {-15031, -16},{0xAA, 0x9F, 0x85, 0xAA}}},
	{{{-5626, 4153, 787},0, {-21397, -16},{0xAA, 0x9F, 0x85, 0xAA}}},
	{{{-1451, 2150, 1307},0, {6128, -16},{0xFF, 0xFF, 0xFF, 0xFF}}},
	{{{-1451, 1322, 1361},0, {18065, 1008},{0xFF, 0xFF, 0xFF, 0xFF}}},
	{{{-1451, 1322, 1307},0, {18065, -16},{0xFF, 0xFF, 0xFF, 0xFF}}},
	{{{-1451, 2150, 1361},0, {6128, 1008},{0xFF, 0xFF, 0xFF, 0xFF}}},
	{{{-2037, 2150, 1307},0, {-2064, -16},{0xFF, 0xFF, 0xFF, 0xFF}}},
	{{{-1451, 2150, 1361},0, {6128, 1008},{0xFF, 0xFF, 0xFF, 0xFF}}},
	{{{-1451, 2150, 1307},0, {6128, -16},{0xFF, 0xFF, 0xFF, 0xFF}}},
	{{{-2037, 2150, 1361},0, {-2064, 1008},{0xFF, 0xFF, 0xFF, 0xFF}}},
	{{{-2037, 1322, 1307},0, {-14001, -16},{0xFF, 0xFF, 0xFF, 0xFF}}},
	{{{-2037, 1322, 1361},0, {-14001, 1008},{0xFF, 0xFF, 0xFF, 0xFF}}},
	{{{-1451, 1322, 1307},0, {-22193, -16},{0xFF, 0xFF, 0xFF, 0xFF}}},
	{{{-1451, 1322, 1361},0, {-22193, 1008},{0xFF, 0xFF, 0xFF, 0xFF}}},
	{{{-3683, 2749, -753},0, {5535, 1008},{0xFF, 0xEC, 0xAB, 0xFF}}},
	{{{-3683, 2749, -307},0, {11679, 1008},{0xFF, 0xEC, 0xAB, 0xFF}}},
	{{{-3683, 2886, -307},0, {11679, -16},{0xAA, 0x9F, 0x85, 0xAA}}},
	{{{-3683, 2886, -753},0, {5535, -16},{0xAA, 0x9F, 0x85, 0xAA}}},
	{{{-3569, 2749, -753},0, {4080, 1008},{0xFF, 0xFF, 0xFF, 0xFF}}},
	{{{-3569, 2886, -753},0, {4080, -16},{0xAA, 0x9F, 0x85, 0xAA}}},
	{{{-3569, 2749, -307},0, {-2064, 1008},{0xFF, 0xFF, 0xFF, 0xFF}}},
	{{{-3569, 2886, -307},0, {-2064, -16},{0xAA, 0x9F, 0x85, 0xAA}}},
	{{{-3683, 2749, -307},0, {-3519, 1008},{0xFF, 0xEC, 0xAB, 0xFF}}},
	{{{-3569, 2749, -307},0, {-2064, 1008},{0xFF, 0xFF, 0xFF, 0xFF}}},
	{{{-3569, 2886, -307},0, {-2064, -16},{0xAA, 0x9F, 0x85, 0xAA}}},
	{{{-3683, 2886, -307},0, {-3519, -16},{0xAA, 0x9F, 0x85, 0xAA}}},
	{{{-1575, 922, 2443},0, {10224, 1008},{0xFF, 0xEC, 0xAB, 0xFF}}},
	{{{-1451, 922, 2443},0, {11814, 1008},{0xFF, 0xFF, 0xFF, 0xFF}}},
	{{{-1451, 1058, 2443},0, {11814, -16},{0xE4, 0xD0, 0xAE, 0xFF}}},
	{{{-1575, 1058, 2443},0, {10224, -16},{0xE4, 0xD0, 0xAE, 0xFF}}},
	{{{-1575, 922, 1008},0, {-8208, 1008},{0xFF, 0xEC, 0xAB, 0xFF}}},
	{{{-1575, 1058, 1008},0, {-8208, -16},{0xE4, 0xD0, 0xAE, 0xFF}}},
	{{{-1451, 922, 1008},0, {-9798, 1008},{0xFF, 0xEC, 0xAB, 0xFF}}},
	{{{-1451, 1058, 1008},0, {-9798, -16},{0xE4, 0xD0, 0xAE, 0xFF}}},
	{{{-5274, 4017, -307},0, {19949, 1008},{0xFF, 0xEC, 0xAB, 0xFF}}},
	{{{-5626, 4017, -787},0, {26315, 1008},{0xFF, 0xFF, 0xFF, 0xFF}}},
	{{{-5626, 4153, -787},0, {26315, -16},{0xAA, 0x9F, 0x85, 0xAA}}},
	{{{-5274, 4153, -307},0, {19949, -16},{0xAA, 0x9F, 0x85, 0xAA}}},
	{{{-279, 307, 185},0, {-3289, 1008},{0xFF, 0xEC, 0xAB, 0xFF}}},
	{{{-279, 444, 307},0, {-2064, -16},{0xAA, 0x9F, 0x85, 0xAA}}},
	{{{-279, 444, 185},0, {-3289, -16},{0xAA, 0x9F, 0x85, 0xAA}}},
	{{{-279, 307, 307},0, {-2064, 1008},{0xFF, 0xFF, 0xFF, 0xFF}}},
	{{{307, 444, 307},0, {4080, -16},{0xAA, 0x9F, 0x85, 0xAA}}},
	{{{307, 307, 307},0, {4080, 1008},{0xFF, 0xFF, 0xFF, 0xFF}}},
	{{{307, 444, 185},0, {5305, -16},{0xAA, 0x9F, 0x85, 0xAA}}},
	{{{307, 307, 185},0, {5305, 1008},{0xFF, 0xEC, 0xAB, 0xFF}}},
	{{{-279, 444, 185},0, {11449, -16},{0xAA, 0x9F, 0x85, 0xAA}}},
	{{{-279, 307, 185},0, {11449, 1008},{0xFF, 0xEC, 0xAB, 0xFF}}},
	{{{-5274, 4017, 307},0, {-19127, 1008},{0xFF, 0xEC, 0xAB, 0xFF}}},
	{{{-5360, 4153, 279},0, {-18090, -16},{0xAA, 0x9F, 0x85, 0xAA}}},
	{{{-5274, 4153, 307},0, {-19127, -16},{0xAA, 0x9F, 0x85, 0xAA}}},
	{{{-5360, 4017, 279},0, {-18090, 1008},{0xFF, 0xEC, 0xAB, 0xFF}}},
	{{{-5669, 4153, 702},0, {-11724, -16},{0xAA, 0x9F, 0x85, 0xAA}}},
	{{{-5669, 4017, 702},0, {-11724, 1008},{0xFF, 0xEC, 0xAB, 0xFF}}},
	{{{-5669, 4017, 702},0, {-11724, 1008},{0xFF, 0xEC, 0xAB, 0xFF}}},
	{{{-6484, 4153, 702},0, {-2064, -16},{0xAA, 0x9F, 0x85, 0xAA}}},
	{{{-5669, 4153, 702},0, {-11724, -16},{0xAA, 0x9F, 0x85, 0xAA}}},
	{{{-6484, 4017, 702},0, {-2064, 1008},{0xFF, 0xEC, 0xAB, 0xFF}}},
	{{{-6869, 4153, 377},0, {4080, -16},{0xAA, 0x9F, 0x85, 0xAA}}},
	{{{-6869, 4017, 377},0, {4080, 1008},{0xFF, 0xEC, 0xAB, 0xFF}}},
	{{{-6869, 4153, -377},0, {13126, -16},{0xAA, 0x9F, 0x85, 0xAA}}},
	{{{-6869, 4017, -377},0, {13126, 1008},{0xFF, 0xEC, 0xAB, 0xFF}}},
	{{{-6484, 4153, -702},0, {19270, -16},{0xAA, 0x9F, 0x85, 0xAA}}},
	{{{-6484, 4017, -702},0, {19270, 1008},{0xFF, 0xEC, 0xAB, 0xFF}}},
	{{{-5360, 4017, -279},0, {27104, 1008},{0xFF, 0xEC, 0xAB, 0xFF}}},
	{{{-5274, 4017, -307},0, {28141, 1008},{0xFF, 0xEC, 0xAB, 0xFF}}},
	{{{-5274, 4153, -307},0, {28141, -16},{0xAA, 0x9F, 0x85, 0xAA}}},
	{{{-5360, 4153, -279},0, {27104, -16},{0xAA, 0x9F, 0x85, 0xAA}}},
	{{{-5669, 4017, -702},0, {20738, 1008},{0xFF, 0xEC, 0xAB, 0xFF}}},
	{{{-5669, 4153, -702},0, {20738, -16},{0xAA, 0x9F, 0x85, 0xAA}}},
	{{{-1567, 2150, -307},0, {10211, 1008},{0xFF, 0xFF, 0xFF, 0xFF}}},
	{{{-1921, 2150, -307},0, {16355, 1008},{0xFF, 0xFF, 0xFF, 0xFF}}},
	{{{-1921, 2287, -307},0, {16355, -16},{0xAA, 0x9F, 0x85, 0xAA}}},
	{{{-1567, 2287, -307},0, {10211, -16},{0xAA, 0x9F, 0x85, 0xAA}}},
	{{{-1451, 2150, -307},0, {8202, 1008},{0xFF, 0xFF, 0xFF, 0xFF}}},
	{{{-1451, 2287, -307},0, {8202, -16},{0xAA, 0x9F, 0x85, 0xAA}}},
	{{{-1451, 2150, -179},0, {6090, 1008},{0xFF, 0xEC, 0xAB, 0xFF}}},
	{{{-1451, 2287, -179},0, {6090, -16},{0xAA, 0x9F, 0x85, 0xAA}}},
	{{{-1567, 2150, -179},0, {4080, 1008},{0xFF, 0xEC, 0xAB, 0xFF}}},
	{{{-1567, 2287, -179},0, {4080, -16},{0xAA, 0x9F, 0x85, 0xAA}}},
	{{{-1921, 2150, -179},0, {-2064, 1008},{0xFF, 0xEC, 0xAB, 0xFF}}},
	{{{-1921, 2287, -179},0, {-2064, -16},{0xAA, 0x9F, 0x85, 0xAA}}},
	{{{-2037, 2150, -179},0, {-4074, 1008},{0xFF, 0xEC, 0xAB, 0xFF}}},
	{{{-2037, 2287, -179},0, {-4074, -16},{0xAA, 0x9F, 0x85, 0xAA}}},
	{{{-2037, 2150, -307},0, {-6186, 1008},{0xFF, 0xFF, 0xFF, 0xFF}}},
	{{{-2037, 2287, -307},0, {-6186, -16},{0xAA, 0x9F, 0x85, 0xAA}}},
	{{{-1921, 2150, -307},0, {-8195, 1008},{0xFF, 0xFF, 0xFF, 0xFF}}},
	{{{-2037, 2150, -307},0, {-6186, 1008},{0xFF, 0xFF, 0xFF, 0xFF}}},
	{{{-2037, 2287, -307},0, {-6186, -16},{0xAA, 0x9F, 0x85, 0xAA}}},
	{{{-1921, 2287, -307},0, {-8195, -16},{0xAA, 0x9F, 0x85, 0xAA}}},
	{{{-4146, 2749, -1775},0, {4970, 1008},{0xFF, 0xEC, 0xAB, 0xFF}}},
	{{{-4146, 2749, -1298},0, {11114, 1008},{0xFF, 0xEC, 0xAB, 0xFF}}},
	{{{-4146, 2886, -1298},0, {11114, -16},{0xAA, 0x9F, 0x85, 0xAA}}},
	{{{-4146, 2886, -1775},0, {4970, -16},{0xAA, 0x9F, 0x85, 0xAA}}},
	{{{-4101, 2749, -1730},0, {4080, 1008},{0xFF, 0xEC, 0xAB, 0xFF}}},
	{{{-4101, 2886, -1730},0, {4080, -16},{0xAA, 0x9F, 0x85, 0xAA}}},
	{{{-4101, 2749, -1343},0, {-2064, 1008},{0xFF, 0xEC, 0xAB, 0xFF}}},
	{{{-4101, 2886, -1343},0, {-2064, -16},{0xAA, 0x9F, 0x85, 0xAA}}},
	{{{-4146, 2749, -1298},0, {-2954, 1008},{0xFF, 0xEC, 0xAB, 0xFF}}},
	{{{-4146, 2886, -1298},0, {-2954, -16},{0xAA, 0x9F, 0x85, 0xAA}}},
	{{{-3546, 2749, -1298},0, {4970, 1008},{0xFF, 0xEC, 0xAB, 0xFF}}},
	{{{-3546, 2749, -1775},0, {11114, 1008},{0xFF, 0xEC, 0xAB, 0xFF}}},
	{{{-3546, 2886, -1775},0, {11114, -16},{0xAA, 0x9F, 0x85, 0xAA}}},
	{{{-3546, 2886, -1298},0, {4970, -16},{0xAA, 0x9F, 0x85, 0xAA}}},
	{{{-3591, 2749, -1343},0, {4080, 1008},{0xFF, 0xEC, 0xAB, 0xFF}}},
	{{{-3591, 2886, -1343},0, {4080, -16},{0xAA, 0x9F, 0x85, 0xAA}}},
	{{{-3591, 2749, -1730},0, {-2064, 1008},{0xFF, 0xEC, 0xAB, 0xFF}}},
	{{{-3591, 2886, -1730},0, {-2064, -16},{0xAA, 0x9F, 0x85, 0xAA}}},
	{{{-3546, 2749, -1775},0, {-2954, 1008},{0xFF, 0xEC, 0xAB, 0xFF}}},
	{{{-3546, 2886, -1775},0, {-2954, -16},{0xAA, 0x9F, 0x85, 0xAA}}},
	{{{-1913, 922, 2443},0, {7718, 1008},{0xFF, 0xEC, 0xAB, 0xFF}}},
	{{{-1913, 922, 1008},0, {26150, 1008},{0xFF, 0xEC, 0xAB, 0xFF}}},
	{{{-1913, 1058, 1008},0, {26150, -16},{0xE4, 0xD0, 0xAE, 0xFF}}},
	{{{-1913, 1058, 2443},0, {7718, -16},{0xE4, 0xD0, 0xAE, 0xFF}}},
	{{{-1451, 922, 2443},0, {7718, 1008},{0xFF, 0xFF, 0xFF, 0xFF}}},
	{{{-1451, 922, 1008},0, {26150, 1008},{0xFF, 0xEC, 0xAB, 0xFF}}},
	{{{-1451, 1058, 1008},0, {26150, -16},{0xE4, 0xD0, 0xAE, 0xFF}}},
	{{{-1451, 1058, 2443},0, {7718, -16},{0xE4, 0xD0, 0xAE, 0xFF}}},
	{{{-3683, 2749, 752},0, {-3524, 1008},{0xFF, 0xEC, 0xAB, 0xFF}}},
	{{{-3569, 2886, 752},0, {-2064, -16},{0xAA, 0x9F, 0x85, 0xAA}}},
	{{{-3683, 2886, 752},0, {-3524, -16},{0xAA, 0x9F, 0x85, 0xAA}}},
	{{{-3569, 2749, 752},0, {-2064, 1008},{0xFF, 0xFF, 0xFF, 0xFF}}},
	{{{-3569, 2886, 307},0, {4080, -16},{0xAA, 0x9F, 0x85, 0xAA}}},
	{{{-3569, 2749, 307},0, {4080, 1008},{0xFF, 0xFF, 0xFF, 0xFF}}},
	{{{-3683, 2886, 307},0, {5540, -16},{0xAA, 0x9F, 0x85, 0xAA}}},
	{{{-3683, 2749, 307},0, {5540, 1008},{0xFF, 0xEC, 0xAB, 0xFF}}},
	{{{-3683, 2886, 752},0, {11684, -16},{0xAA, 0x9F, 0x85, 0xAA}}},
	{{{-3683, 2749, 752},0, {11684, 1008},{0xFF, 0xEC, 0xAB, 0xFF}}},
	{{{-3569, 1412, -307},0, {18203, 1008},{0xFF, 0xEC, 0xAB, 0xFF}}},
	{{{-4169, 1412, -307},0, {24347, 1008},{0xFF, 0xFF, 0xFF, 0xFF}}},
	{{{-4169, 1548, -307},0, {24347, -16},{0xAA, 0x9F, 0x85, 0xAA}}},
	{{{-3569, 1548, -307},0, {18203, -16},{0xAA, 0x9F, 0x85, 0xAA}}},
	{{{-3665, 1412, -211},0, {16544, 1008},{0xFF, 0xEC, 0xAB, 0xFF}}},
	{{{-3665, 1548, -211},0, {16544, -16},{0xAA, 0x9F, 0x85, 0xAA}}},
	{{{-4073, 1412, -211},0, {10400, 1008},{0xFF, 0xEC, 0xAB, 0xFF}}},
	{{{-4073, 1548, -211},0, {10400, -16},{0xAA, 0x9F, 0x85, 0xAA}}},
	{{{-4073, 1412, 211},0, {4080, 1008},{0xFF, 0xEC, 0xAB, 0xFF}}},
	{{{-4073, 1548, 211},0, {4080, -16},{0xAA, 0x9F, 0x85, 0xAA}}},
	{{{-3665, 1412, 211},0, {-2064, 1008},{0xFF, 0xEC, 0xAB, 0xFF}}},
	{{{-3665, 1548, 211},0, {-2064, -16},{0xAA, 0x9F, 0x85, 0xAA}}},
	{{{-3569, 1412, 307},0, {-3723, 1008},{0xFF, 0xEC, 0xAB, 0xFF}}},
	{{{-3569, 1548, 307},0, {-3723, -16},{0xAA, 0x9F, 0x85, 0xAA}}},
	{{{-4169, 1412, 307},0, {-9867, 1008},{0xFF, 0xFF, 0xFF, 0xFF}}},
	{{{-4169, 1548, 307},0, {-9867, -16},{0xAA, 0x9F, 0x85, 0xAA}}},
	{{{-4169, 1412, -307},0, {-16187, 1008},{0xFF, 0xFF, 0xFF, 0xFF}}},
	{{{-4169, 1412, 307},0, {-9867, 1008},{0xFF, 0xFF, 0xFF, 0xFF}}},
	{{{-4169, 1548, 307},0, {-9867, -16},{0xAA, 0x9F, 0x85, 0xAA}}},
	{{{-4169, 1548, -307},0, {-16187, -16},{0xAA, 0x9F, 0x85, 0xAA}}},
	{{{-3629, 1913, 2384},0, {13909, 1008},{0xFF, 0xEC, 0xAB, 0xFF}}},
	{{{-4109, 1913, 2384},0, {22441, 1008},{0xFF, 0xEC, 0xAB, 0xFF}}},
	{{{-4109, 2050, 2384},0, {22441, -16},{0xAA, 0x9F, 0x85, 0xAA}}},
	{{{-3629, 2050, 2384},0, {13909, -16},{0xAA, 0x9F, 0x85, 0xAA}}},
	{{{-3569, 1913, 2443},0, {12611, 1008},{0xFF, 0xEC, 0xAB, 0xFF}}},
	{{{-3569, 2050, 2443},0, {12611, -16},{0xAA, 0x9F, 0x85, 0xAA}}},
	{{{-4169, 1913, 2443},0, {4080, 1008},{0xFF, 0xFF, 0xFF, 0xFF}}},
	{{{-4169, 2050, 2443},0, {4080, -16},{0xAA, 0x9F, 0x85, 0xAA}}},
	{{{-4169, 1913, 1999},0, {-2064, 1008},{0xFF, 0xEC, 0xAB, 0xFF}}},
	{{{-4169, 2050, 1999},0, {-2064, -16},{0xAA, 0x9F, 0x85, 0xAA}}},
	{{{-4109, 1913, 2058},0, {-3362, 1008},{0xFF, 0xEC, 0xAB, 0xFF}}},
	{{{-4109, 2050, 2058},0, {-3362, -16},{0xAA, 0x9F, 0x85, 0xAA}}},
	{{{-4109, 1913, 2384},0, {-9506, 1008},{0xFF, 0xEC, 0xAB, 0xFF}}},
	{{{-4109, 1913, 2058},0, {-3362, 1008},{0xFF, 0xEC, 0xAB, 0xFF}}},
	{{{-4109, 2050, 2058},0, {-3362, -16},{0xAA, 0x9F, 0x85, 0xAA}}},
	{{{-4109, 2050, 2384},0, {-9506, -16},{0xAA, 0x9F, 0x85, 0xAA}}},
	{{{-2536, 999, 211},0, {5739, 1008},{0xFF, 0xEC, 0xAB, 0xFF}}},
	{{{-2943, 999, 211},0, {11883, 1008},{0xFF, 0xEC, 0xAB, 0xFF}}},
	{{{-2943, 1135, 211},0, {11883, -16},{0xAA, 0x9F, 0x85, 0xAA}}},
	{{{-2536, 1135, 211},0, {5739, -16},{0xAA, 0x9F, 0x85, 0xAA}}},
	{{{-2439, 999, 307},0, {4080, 1008},{0xFF, 0xEC, 0xAB, 0xFF}}},
	{{{-2439, 1135, 307},0, {4080, -16},{0xAA, 0x9F, 0x85, 0xAA}}},
	{{{-3039, 999, 307},0, {-2064, 1008},{0xFF, 0xEC, 0xAB, 0xFF}}},
	{{{-3039, 1135, 307},0, {-2064, -16},{0xAA, 0x9F, 0x85, 0xAA}}},
	{{{-2943, 999, 211},0, {-3723, 1008},{0xFF, 0xEC, 0xAB, 0xFF}}},
	{{{-2943, 1135, 211},0, {-3723, -16},{0xAA, 0x9F, 0x85, 0xAA}}},
	{{{-4169, 2749, 307},0, {5540, 1008},{0xFF, 0xEC, 0xAB, 0xFF}}},
	{{{-4169, 2749, 752},0, {11684, 1008},{0xFF, 0xFF, 0xFF, 0xFF}}},
	{{{-4169, 2886, 752},0, {11684, -16},{0xAA, 0x9F, 0x85, 0xAA}}},
	{{{-4169, 2886, 307},0, {5540, -16},{0xAA, 0x9F, 0x85, 0xAA}}},
	{{{-4055, 2749, 307},0, {4080, 1008},{0xFF, 0xEC, 0xAB, 0xFF}}},
	{{{-4055, 2886, 307},0, {4080, -16},{0xAA, 0x9F, 0x85, 0xAA}}},
	{{{-4055, 2749, 752},0, {-2064, 1008},{0xFF, 0xEC, 0xAB, 0xFF}}},
	{{{-4055, 2886, 752},0, {-2064, -16},{0xAA, 0x9F, 0x85, 0xAA}}},
	{{{-4169, 2749, 752},0, {-3524, 1008},{0xFF, 0xFF, 0xFF, 0xFF}}},
	{{{-4169, 2886, 752},0, {-3524, -16},{0xAA, 0x9F, 0x85, 0xAA}}},
	{{{-279, 922, -307},0, {5305, 1008},{0xFF, 0xFF, 0xFF, 0xFF}}},
	{{{-865, 922, -307},0, {11449, 1008},{0xFF, 0xFF, 0xFF, 0xFF}}},
	{{{-865, 1058, -307},0, {11449, -16},{0xAA, 0x9F, 0x85, 0xAA}}},
	{{{-279, 1058, -307},0, {5305, -16},{0xAA, 0x9F, 0x85, 0xAA}}},
	{{{-279, 922, -185},0, {4080, 1008},{0xFF, 0xEC, 0xAB, 0xFF}}},
	{{{-279, 1058, -185},0, {4080, -16},{0xAA, 0x9F, 0x85, 0xAA}}},
	{{{-865, 922, -185},0, {-2064, 1008},{0xFF, 0xEC, 0xAB, 0xFF}}},
	{{{-279, 922, -185},0, {4080, 1008},{0xFF, 0xEC, 0xAB, 0xFF}}},
	{{{-279, 1058, -185},0, {4080, -16},{0xAA, 0x9F, 0x85, 0xAA}}},
	{{{-865, 1058, -185},0, {-2064, -16},{0xAA, 0x9F, 0x85, 0xAA}}},
	{{{-865, 922, -307},0, {-3289, 1008},{0xFF, 0xFF, 0xFF, 0xFF}}},
	{{{-865, 1058, -307},0, {-3289, -16},{0xAA, 0x9F, 0x85, 0xAA}}},
	{{{-1567, 2150, 179},0, {-1386, 1008},{0xFF, 0xEC, 0xAB, 0xFF}}},
	{{{-1567, 2287, 307},0, {240, -16},{0xAA, 0x9F, 0x85, 0xAA}}},
	{{{-1567, 2287, 179},0, {-1386, -16},{0xAA, 0x9F, 0x85, 0xAA}}},
	{{{-1567, 2150, 307},0, {240, 1008},{0xFF, 0xEC, 0xAB, 0xFF}}},
	{{{-1451, 2287, 307},0, {1776, -16},{0xAA, 0x9F, 0x85, 0xAA}}},
	{{{-1451, 2150, 307},0, {1776, 1008},{0xFF, 0xFF, 0xFF, 0xFF}}},
	{{{-1451, 2287, 179},0, {3402, -16},{0xAA, 0x9F, 0x85, 0xAA}}},
	{{{-1451, 2150, 179},0, {3402, 1008},{0xFF, 0xEC, 0xAB, 0xFF}}},
	{{{-1567, 2287, 179},0, {4938, -16},{0xAA, 0x9F, 0x85, 0xAA}}},
	{{{-1567, 2150, 179},0, {4938, 1008},{0xFF, 0xEC, 0xAB, 0xFF}}},
	{{{-865, 922, 185},0, {-3289, 1008},{0xFF, 0xEC, 0xAB, 0xFF}}},
	{{{-865, 1058, 307},0, {-2064, -16},{0xAA, 0x9F, 0x85, 0xAA}}},
	{{{-865, 1058, 185},0, {-3289, -16},{0xAA, 0x9F, 0x85, 0xAA}}},
	{{{-865, 922, 307},0, {-2064, 1008},{0xFF, 0xFF, 0xFF, 0xFF}}},
	{{{-279, 1058, 307},0, {4080, -16},{0xAA, 0x9F, 0x85, 0xAA}}},
	{{{-279, 922, 307},0, {4080, 1008},{0xFF, 0xFF, 0xFF, 0xFF}}},
	{{{-279, 1058, 185},0, {5305, -16},{0xAA, 0x9F, 0x85, 0xAA}}},
	{{{-279, 922, 185},0, {5305, 1008},{0xFF, 0xEC, 0xAB, 0xFF}}},
	{{{-865, 1058, 185},0, {11449, -16},{0xAA, 0x9F, 0x85, 0xAA}}},
	{{{-865, 922, 185},0, {11449, 1008},{0xFF, 0xEC, 0xAB, 0xFF}}},
	{{{-865, 1536, 179},0, {5366, 1008},{0xFF, 0xEC, 0xAB, 0xFF}}},
	{{{-1451, 1536, 179},0, {11510, 1008},{0xFF, 0xEC, 0xAB, 0xFF}}},
	{{{-1451, 1672, 179},0, {11510, -16},{0xAA, 0x9F, 0x85, 0xAA}}},
	{{{-865, 1672, 179},0, {5366, -16},{0xAA, 0x9F, 0x85, 0xAA}}},
	{{{-865, 1536, 307},0, {4080, 1008},{0xFF, 0xFF, 0xFF, 0xFF}}},
	{{{-865, 1672, 307},0, {4080, -16},{0xAA, 0x9F, 0x85, 0xAA}}},
	{{{-1451, 1536, 307},0, {-2064, 1008},{0xFF, 0xFF, 0xFF, 0xFF}}},
	{{{-865, 1536, 307},0, {4080, 1008},{0xFF, 0xFF, 0xFF, 0xFF}}},
	{{{-865, 1672, 307},0, {4080, -16},{0xAA, 0x9F, 0x85, 0xAA}}},
	{{{-1451, 1672, 307},0, {-2064, -16},{0xAA, 0x9F, 0x85, 0xAA}}},
	{{{-1451, 1536, 179},0, {-3350, 1008},{0xFF, 0xEC, 0xAB, 0xFF}}},
	{{{-1451, 1672, 179},0, {-3350, -16},{0xAA, 0x9F, 0x85, 0xAA}}},
	{{{-6515, 4017, 787},0, {-22865, 1008},{0xFF, 0xFF, 0xFF, 0xFF}}},
	{{{-5626, 4017, 787},0, {-13205, 1008},{0xFF, 0xFF, 0xFF, 0xFF}}},
	{{{-5626, 4153, 787},0, {-13205, -16},{0xAA, 0x9F, 0x85, 0xAA}}},
	{{{-6515, 4153, 787},0, {-22865, -16},{0xAA, 0x9F, 0x85, 0xAA}}},
	{{{-5626, 4017, -787},0, {18123, 1008},{0xFF, 0xFF, 0xFF, 0xFF}}},
	{{{-6515, 4017, -787},0, {27783, 1008},{0xFF, 0xFF, 0xFF, 0xFF}}},
	{{{-6515, 4153, -787},0, {27783, -16},{0xAA, 0x9F, 0x85, 0xAA}}},
	{{{-5626, 4153, -787},0, {18123, -16},{0xAA, 0x9F, 0x85, 0xAA}}},
	{{{-1913, 922, 1008},0, {-9798, 1008},{0xFF, 0xEC, 0xAB, 0xFF}}},
	{{{-2037, 1058, 1008},0, {-8208, -16},{0xE4, 0xD0, 0xAE, 0xFF}}},
	{{{-1913, 1058, 1008},0, {-9798, -16},{0xE4, 0xD0, 0xAE, 0xFF}}},
	{{{-2037, 922, 1008},0, {-8208, 1008},{0xFF, 0xEC, 0xAB, 0xFF}}},
	{{{-2037, 1058, 2443},0, {10224, -16},{0xE4, 0xD0, 0xAE, 0xFF}}},
	{{{-2037, 922, 2443},0, {10224, 1008},{0xFF, 0xFF, 0xFF, 0xFF}}},
	{{{-1913, 1058, 2443},0, {11814, -16},{0xE4, 0xD0, 0xAE, 0xFF}}},
	{{{-1913, 922, 2443},0, {11814, 1008},{0xFF, 0xEC, 0xAB, 0xFF}}},
	{{{-6955, 4017, -417},0, {-21671, 1008},{0xFF, 0xFF, 0xFF, 0xFF}}},
	{{{-6955, 4017, 417},0, {-12625, 1008},{0xFF, 0xFF, 0xFF, 0xFF}}},
	{{{-6955, 4153, 417},0, {-12625, -16},{0xAA, 0x9F, 0x85, 0xAA}}},
	{{{-6955, 4153, -417},0, {-21671, -16},{0xAA, 0x9F, 0x85, 0xAA}}},
	{{{-6515, 4017, -787},0, {19591, 1008},{0xFF, 0xFF, 0xFF, 0xFF}}},
	{{{-6955, 4017, -417},0, {25735, 1008},{0xFF, 0xFF, 0xFF, 0xFF}}},
	{{{-6955, 4153, -417},0, {25735, -16},{0xAA, 0x9F, 0x85, 0xAA}}},
	{{{-6515, 4153, -787},0, {19591, -16},{0xAA, 0x9F, 0x85, 0xAA}}},
	{{{-6955, 4017, 417},0, {-20817, 1008},{0xFF, 0xFF, 0xFF, 0xFF}}},
	{{{-6515, 4017, 787},0, {-14673, 1008},{0xFF, 0xFF, 0xFF, 0xFF}}},
	{{{-6515, 4153, 787},0, {-14673, -16},{0xAA, 0x9F, 0x85, 0xAA}}},
	{{{-6955, 4153, 417},0, {-20817, -16},{0xAA, 0x9F, 0x85, 0xAA}}},
	{{{-6484, 4017, -702},0, {15174, 1008},{0xFF, 0xEC, 0xAB, 0xFF}}},
	{{{-5669, 4017, -702},0, {24834, 1008},{0xFF, 0xEC, 0xAB, 0xFF}}},
	{{{-5669, 4153, -702},0, {24834, -16},{0xAA, 0x9F, 0x85, 0xAA}}},
	{{{-6484, 4153, -702},0, {15174, -16},{0xAA, 0x9F, 0x85, 0xAA}}},
	{{{3871, 307, 307},0, {12981, 1008},{0xFF, 0xEC, 0xAB, 0xFF}}},
	{{{4457, 307, 307},0, {17077, 1008},{0xFF, 0xFF, 0xFF, 0xFF}}},
	{{{4457, 413, 307},0, {17077, -16},{0xFF, 0xFF, 0xFF, 0xFF}}},
	{{{3871, 413, 307},0, {12981, -16},{0xFF, 0xFF, 0xFF, 0xFF}}},
	{{{3917, 307, 261},0, {12503, 1008},{0xFF, 0xEC, 0xAB, 0xFF}}},
	{{{3917, 413, 261},0, {12503, -16},{0xFF, 0xFF, 0xFF, 0xFF}}},
	{{{4411, 307, 261},0, {8407, 1008},{0xFF, 0xEC, 0xAB, 0xFF}}},
	{{{4411, 413, 261},0, {8407, -16},{0xFF, 0xFF, 0xFF, 0xFF}}},
	{{{4411, 307, -261},0, {4080, 1008},{0xFF, 0xEC, 0xAB, 0xFF}}},
	{{{4411, 307, 261},0, {8407, 1008},{0xFF, 0xEC, 0xAB, 0xFF}}},
	{{{4411, 413, 261},0, {8407, -16},{0xFF, 0xFF, 0xFF, 0xFF}}},
	{{{4411, 413, -261},0, {4080, -16},{0xFF, 0xFF, 0xFF, 0xFF}}},
	{{{3917, 307, -261},0, {-16, 1008},{0xFF, 0xEC, 0xAB, 0xFF}}},
	{{{3917, 413, -261},0, {-16, -16},{0xFF, 0xFF, 0xFF, 0xFF}}},
	{{{3871, 307, -307},0, {-493, 1008},{0xFF, 0xEC, 0xAB, 0xFF}}},
	{{{3871, 413, -307},0, {-493, -16},{0xFF, 0xFF, 0xFF, 0xFF}}},
	{{{4457, 307, -307},0, {-4589, 1008},{0xFF, 0xFF, 0xFF, 0xFF}}},
	{{{4457, 413, -307},0, {-4589, -16},{0xFF, 0xFF, 0xFF, 0xFF}}},
	{{{4457, 307, 307},0, {-8917, 1008},{0xFF, 0xFF, 0xFF, 0xFF}}},
	{{{4457, 413, 307},0, {-8917, -16},{0xFF, 0xFF, 0xFF, 0xFF}}},
	{{{-1506, 1377, 1361},0, {10048, 1008},{0xFF, 0xEC, 0xAB, 0xFF}}},
	{{{-1982, 1377, 1361},0, {14144, 1008},{0xFF, 0xEC, 0xAB, 0xFF}}},
	{{{-2037, 1322, 1361},0, {14144, -16},{0xFF, 0xFF, 0xFF, 0xFF}}},
	{{{-1451, 1322, 1361},0, {10048, -16},{0xFF, 0xFF, 0xFF, 0xFF}}},
	{{{-1506, 2095, 1361},0, {4080, 1008},{0xFF, 0xEC, 0xAB, 0xFF}}},
	{{{-1506, 1377, 1361},0, {10048, 1008},{0xFF, 0xEC, 0xAB, 0xFF}}},
	{{{-1451, 1322, 1361},0, {10048, -16},{0xFF, 0xFF, 0xFF, 0xFF}}},
	{{{-1451, 2150, 1361},0, {4080, -16},{0xFF, 0xFF, 0xFF, 0xFF}}},
	{{{-1982, 2095, 1361},0, {-16, 1008},{0xFF, 0xEC, 0xAB, 0xFF}}},
	{{{-2037, 2150, 1361},0, {-16, -16},{0xFF, 0xFF, 0xFF, 0xFF}}},
	{{{-1982, 1377, 1361},0, {-5984, 1008},{0xFF, 0xEC, 0xAB, 0xFF}}},
	{{{-2037, 1322, 1361},0, {-5984, -16},{0xFF, 0xFF, 0xFF, 0xFF}}},
	{{{-1982, 1377, 1307},0, {10048, 1008},{0xFF, 0xEC, 0xAB, 0xFF}}},
	{{{-1506, 1377, 1307},0, {14144, 1008},{0xFF, 0xEC, 0xAB, 0xFF}}},
	{{{-1451, 1322, 1307},0, {14144, -16},{0xFF, 0xFF, 0xFF, 0xFF}}},
	{{{-2037, 1322, 1307},0, {10048, -16},{0xFF, 0xFF, 0xFF, 0xFF}}},
	{{{-1982, 2095, 1307},0, {4080, 1008},{0xFF, 0xEC, 0xAB, 0xFF}}},
	{{{-2037, 2150, 1307},0, {4080, -16},{0xFF, 0xFF, 0xFF, 0xFF}}},
	{{{-1506, 2095, 1307},0, {-16, 1008},{0xFF, 0xEC, 0xAB, 0xFF}}},
	{{{-1451, 2150, 1307},0, {-16, -16},{0xFF, 0xFF, 0xFF, 0xFF}}},
	{{{-1506, 1377, 1307},0, {-5984, 1008},{0xFF, 0xEC, 0xAB, 0xFF}}},
	{{{-1506, 2095, 1307},0, {-16, 1008},{0xFF, 0xEC, 0xAB, 0xFF}}},
	{{{-1451, 2150, 1307},0, {-16, -16},{0xFF, 0xFF, 0xFF, 0xFF}}},
	{{{-1451, 1322, 1307},0, {-5984, -16},{0xFF, 0xFF, 0xFF, 0xFF}}},
};

Gfx totwc_dl_Cube_060_mesh_layer_1_tri_1[] = {
	gsSPVertex(totwc_dl_Cube_060_mesh_layer_1_vtx_1 + 0, 16, 0),
	gsSP1Triangle(0, 1, 2, 0),
	gsSP1Triangle(0, 2, 3, 0),
	gsSP1Triangle(4, 0, 3, 0),
	gsSP1Triangle(4, 3, 5, 0),
	gsSP1Triangle(6, 4, 5, 0),
	gsSP1Triangle(6, 5, 7, 0),
	gsSP1Triangle(8, 6, 7, 0),
	gsSP1Triangle(8, 7, 9, 0),
	gsSP1Triangle(10, 11, 12, 0),
	gsSP1Triangle(10, 13, 11, 0),
	gsSP1Triangle(13, 14, 11, 0),
	gsSP1Triangle(13, 15, 14, 0),
	gsSPVertex(totwc_dl_Cube_060_mesh_layer_1_vtx_1 + 16, 16, 0),
	gsSP1Triangle(0, 1, 2, 0),
	gsSP1Triangle(0, 3, 1, 0),
	gsSP1Triangle(3, 4, 1, 0),
	gsSP1Triangle(3, 5, 4, 0),
	gsSP1Triangle(6, 7, 8, 0),
	gsSP1Triangle(6, 9, 7, 0),
	gsSP1Triangle(9, 10, 7, 0),
	gsSP1Triangle(9, 11, 10, 0),
	gsSP1Triangle(11, 12, 10, 0),
	gsSP1Triangle(11, 13, 12, 0),
	gsSP1Triangle(13, 14, 12, 0),
	gsSP1Triangle(13, 15, 14, 0),
	gsSPVertex(totwc_dl_Cube_060_mesh_layer_1_vtx_1 + 32, 16, 0),
	gsSP1Triangle(0, 1, 2, 0),
	gsSP1Triangle(0, 3, 1, 0),
	gsSP1Triangle(3, 4, 1, 0),
	gsSP1Triangle(3, 5, 4, 0),
	gsSP1Triangle(5, 6, 4, 0),
	gsSP1Triangle(5, 7, 6, 0),
	gsSP1Triangle(7, 8, 6, 0),
	gsSP1Triangle(7, 9, 8, 0),
	gsSP1Triangle(10, 11, 12, 0),
	gsSP1Triangle(10, 13, 11, 0),
	gsSP1Triangle(13, 14, 11, 0),
	gsSP1Triangle(13, 15, 14, 0),
	gsSPVertex(totwc_dl_Cube_060_mesh_layer_1_vtx_1 + 48, 14, 0),
	gsSP1Triangle(0, 1, 2, 0),
	gsSP1Triangle(0, 3, 1, 0),
	gsSP1Triangle(3, 4, 1, 0),
	gsSP1Triangle(3, 5, 4, 0),
	gsSP1Triangle(5, 6, 4, 0),
	gsSP1Triangle(5, 7, 6, 0),
	gsSP1Triangle(7, 8, 6, 0),
	gsSP1Triangle(7, 9, 8, 0),
	gsSP1Triangle(9, 10, 8, 0),
	gsSP1Triangle(9, 11, 10, 0),
	gsSP1Triangle(11, 12, 10, 0),
	gsSP1Triangle(11, 13, 12, 0),
	gsSPVertex(totwc_dl_Cube_060_mesh_layer_1_vtx_1 + 62, 16, 0),
	gsSP1Triangle(0, 1, 2, 0),
	gsSP1Triangle(0, 3, 1, 0),
	gsSP1Triangle(3, 4, 1, 0),
	gsSP1Triangle(3, 5, 4, 0),
	gsSP1Triangle(5, 6, 4, 0),
	gsSP1Triangle(5, 7, 6, 0),
	gsSP1Triangle(7, 8, 6, 0),
	gsSP1Triangle(7, 9, 8, 0),
	gsSP1Triangle(10, 11, 12, 0),
	gsSP1Triangle(10, 12, 13, 0),
	gsSP1Triangle(14, 10, 13, 0),
	gsSP1Triangle(14, 13, 15, 0),
	gsSPVertex(totwc_dl_Cube_060_mesh_layer_1_vtx_1 + 78, 16, 0),
	gsSP1Triangle(0, 1, 2, 0),
	gsSP1Triangle(0, 2, 3, 0),
	gsSP1Triangle(4, 0, 3, 0),
	gsSP1Triangle(4, 3, 5, 0),
	gsSP1Triangle(6, 4, 5, 0),
	gsSP1Triangle(6, 5, 7, 0),
	gsSP1Triangle(8, 6, 7, 0),
	gsSP1Triangle(8, 7, 9, 0),
	gsSP1Triangle(10, 8, 9, 0),
	gsSP1Triangle(10, 9, 11, 0),
	gsSP1Triangle(12, 10, 11, 0),
	gsSP1Triangle(12, 11, 13, 0),
	gsSP1Triangle(14, 12, 13, 0),
	gsSP1Triangle(14, 13, 15, 0),
	gsSPVertex(totwc_dl_Cube_060_mesh_layer_1_vtx_1 + 94, 16, 0),
	gsSP1Triangle(0, 1, 2, 0),
	gsSP1Triangle(0, 2, 3, 0),
	gsSP1Triangle(4, 0, 3, 0),
	gsSP1Triangle(4, 3, 5, 0),
	gsSP1Triangle(6, 4, 5, 0),
	gsSP1Triangle(6, 5, 7, 0),
	gsSP1Triangle(8, 9, 10, 0),
	gsSP1Triangle(8, 11, 9, 0),
	gsSP1Triangle(11, 12, 9, 0),
	gsSP1Triangle(11, 13, 12, 0),
	gsSP1Triangle(13, 14, 12, 0),
	gsSP1Triangle(13, 15, 14, 0),
	gsSPVertex(totwc_dl_Cube_060_mesh_layer_1_vtx_1 + 110, 16, 0),
	gsSP1Triangle(0, 1, 2, 0),
	gsSP1Triangle(0, 3, 1, 0),
	gsSP1Triangle(4, 5, 6, 0),
	gsSP1Triangle(4, 7, 5, 0),
	gsSP1Triangle(7, 8, 5, 0),
	gsSP1Triangle(7, 9, 8, 0),
	gsSP1Triangle(9, 10, 8, 0),
	gsSP1Triangle(9, 11, 10, 0),
	gsSP1Triangle(11, 12, 10, 0),
	gsSP1Triangle(11, 13, 12, 0),
	gsSP1Triangle(13, 14, 12, 0),
	gsSP1Triangle(13, 15, 14, 0),
	gsSPVertex(totwc_dl_Cube_060_mesh_layer_1_vtx_1 + 126, 16, 0),
	gsSP1Triangle(0, 1, 2, 0),
	gsSP1Triangle(0, 3, 1, 0),
	gsSP1Triangle(3, 4, 1, 0),
	gsSP1Triangle(3, 5, 4, 0),
	gsSP1Triangle(5, 6, 4, 0),
	gsSP1Triangle(5, 7, 6, 0),
	gsSP1Triangle(8, 9, 10, 0),
	gsSP1Triangle(8, 11, 9, 0),
	gsSP1Triangle(11, 12, 9, 0),
	gsSP1Triangle(11, 13, 12, 0),
	gsSP1Triangle(13, 14, 12, 0),
	gsSP1Triangle(13, 15, 14, 0),
	gsSPVertex(totwc_dl_Cube_060_mesh_layer_1_vtx_1 + 142, 16, 0),
	gsSP1Triangle(0, 1, 2, 0),
	gsSP1Triangle(0, 3, 1, 0),
	gsSP1Triangle(3, 4, 1, 0),
	gsSP1Triangle(3, 5, 4, 0),
	gsSP1Triangle(5, 6, 4, 0),
	gsSP1Triangle(5, 7, 6, 0),
	gsSP1Triangle(7, 8, 6, 0),
	gsSP1Triangle(7, 9, 8, 0),
	gsSP1Triangle(9, 10, 8, 0),
	gsSP1Triangle(9, 11, 10, 0),
	gsSP1Triangle(12, 13, 14, 0),
	gsSP1Triangle(12, 15, 13, 0),
	gsSPVertex(totwc_dl_Cube_060_mesh_layer_1_vtx_1 + 158, 16, 0),
	gsSP1Triangle(0, 1, 2, 0),
	gsSP1Triangle(0, 3, 1, 0),
	gsSP1Triangle(3, 4, 1, 0),
	gsSP1Triangle(3, 5, 4, 0),
	gsSP1Triangle(5, 6, 4, 0),
	gsSP1Triangle(5, 7, 6, 0),
	gsSP1Triangle(8, 9, 10, 0),
	gsSP1Triangle(8, 10, 11, 0),
	gsSP1Triangle(12, 13, 14, 0),
	gsSP1Triangle(12, 15, 13, 0),
	gsSPVertex(totwc_dl_Cube_060_mesh_layer_1_vtx_1 + 174, 16, 0),
	gsSP1Triangle(0, 1, 2, 0),
	gsSP1Triangle(0, 3, 1, 0),
	gsSP1Triangle(4, 3, 0, 0),
	gsSP1Triangle(4, 5, 3, 0),
	gsSP1Triangle(6, 5, 4, 0),
	gsSP1Triangle(6, 7, 5, 0),
	gsSP1Triangle(8, 9, 10, 0),
	gsSP1Triangle(8, 10, 11, 0),
	gsSP1Triangle(12, 8, 11, 0),
	gsSP1Triangle(12, 11, 13, 0),
	gsSP1Triangle(14, 12, 13, 0),
	gsSP1Triangle(14, 13, 15, 0),
	gsSPVertex(totwc_dl_Cube_060_mesh_layer_1_vtx_1 + 190, 16, 0),
	gsSP1Triangle(0, 1, 2, 0),
	gsSP1Triangle(0, 2, 3, 0),
	gsSP1Triangle(4, 5, 6, 0),
	gsSP1Triangle(4, 6, 7, 0),
	gsSP1Triangle(8, 4, 7, 0),
	gsSP1Triangle(8, 7, 9, 0),
	gsSP1Triangle(10, 8, 9, 0),
	gsSP1Triangle(10, 9, 11, 0),
	gsSP1Triangle(12, 13, 14, 0),
	gsSP1Triangle(12, 14, 15, 0),
	gsSPVertex(totwc_dl_Cube_060_mesh_layer_1_vtx_1 + 206, 16, 0),
	gsSP1Triangle(0, 1, 2, 0),
	gsSP1Triangle(0, 3, 1, 0),
	gsSP1Triangle(3, 4, 1, 0),
	gsSP1Triangle(3, 5, 4, 0),
	gsSP1Triangle(5, 6, 4, 0),
	gsSP1Triangle(5, 7, 6, 0),
	gsSP1Triangle(7, 8, 6, 0),
	gsSP1Triangle(7, 9, 8, 0),
	gsSP1Triangle(10, 11, 12, 0),
	gsSP1Triangle(10, 13, 11, 0),
	gsSP1Triangle(13, 14, 11, 0),
	gsSP1Triangle(13, 15, 14, 0),
	gsSPVertex(totwc_dl_Cube_060_mesh_layer_1_vtx_1 + 222, 16, 0),
	gsSP1Triangle(0, 1, 2, 0),
	gsSP1Triangle(0, 3, 1, 0),
	gsSP1Triangle(3, 4, 1, 0),
	gsSP1Triangle(3, 5, 4, 0),
	gsSP1Triangle(5, 6, 4, 0),
	gsSP1Triangle(5, 7, 6, 0),
	gsSP1Triangle(7, 8, 6, 0),
	gsSP1Triangle(7, 9, 8, 0),
	gsSP1Triangle(10, 11, 12, 0),
	gsSP1Triangle(10, 12, 13, 0),
	gsSP1Triangle(14, 10, 13, 0),
	gsSP1Triangle(14, 13, 15, 0),
	gsSPVertex(totwc_dl_Cube_060_mesh_layer_1_vtx_1 + 238, 16, 0),
	gsSP1Triangle(0, 1, 2, 0),
	gsSP1Triangle(0, 2, 3, 0),
	gsSP1Triangle(4, 0, 3, 0),
	gsSP1Triangle(4, 3, 5, 0),
	gsSP1Triangle(6, 4, 5, 0),
	gsSP1Triangle(6, 5, 7, 0),
	gsSP1Triangle(8, 6, 7, 0),
	gsSP1Triangle(8, 7, 9, 0),
	gsSP1Triangle(10, 8, 9, 0),
	gsSP1Triangle(10, 9, 11, 0),
	gsSP1Triangle(12, 10, 11, 0),
	gsSP1Triangle(12, 11, 13, 0),
	gsSP1Triangle(14, 12, 13, 0),
	gsSP1Triangle(14, 13, 15, 0),
	gsSPVertex(totwc_dl_Cube_060_mesh_layer_1_vtx_1 + 254, 14, 0),
	gsSP1Triangle(0, 1, 2, 0),
	gsSP1Triangle(0, 2, 3, 0),
	gsSP1Triangle(4, 5, 6, 0),
	gsSP1Triangle(4, 6, 7, 0),
	gsSP1Triangle(8, 4, 7, 0),
	gsSP1Triangle(8, 7, 9, 0),
	gsSP1Triangle(10, 8, 9, 0),
	gsSP1Triangle(10, 9, 11, 0),
	gsSP1Triangle(12, 10, 11, 0),
	gsSP1Triangle(12, 11, 13, 0),
	gsSPVertex(totwc_dl_Cube_060_mesh_layer_1_vtx_1 + 268, 14, 0),
	gsSP1Triangle(0, 1, 2, 0),
	gsSP1Triangle(0, 2, 3, 0),
	gsSP1Triangle(4, 0, 3, 0),
	gsSP1Triangle(4, 3, 5, 0),
	gsSP1Triangle(6, 4, 5, 0),
	gsSP1Triangle(6, 5, 7, 0),
	gsSP1Triangle(8, 6, 7, 0),
	gsSP1Triangle(8, 7, 9, 0),
	gsSP1Triangle(10, 11, 12, 0),
	gsSP1Triangle(10, 12, 13, 0),
	gsSPVertex(totwc_dl_Cube_060_mesh_layer_1_vtx_1 + 282, 14, 0),
	gsSP1Triangle(0, 1, 2, 0),
	gsSP1Triangle(0, 2, 3, 0),
	gsSP1Triangle(4, 5, 6, 0),
	gsSP1Triangle(4, 7, 5, 0),
	gsSP1Triangle(7, 8, 5, 0),
	gsSP1Triangle(7, 9, 8, 0),
	gsSP1Triangle(9, 10, 8, 0),
	gsSP1Triangle(9, 11, 10, 0),
	gsSP1Triangle(11, 12, 10, 0),
	gsSP1Triangle(11, 13, 12, 0),
	gsSPVertex(totwc_dl_Cube_060_mesh_layer_1_vtx_1 + 296, 16, 0),
	gsSP1Triangle(0, 1, 2, 0),
	gsSP1Triangle(0, 2, 3, 0),
	gsSP1Triangle(4, 0, 3, 0),
	gsSP1Triangle(4, 3, 5, 0),
	gsSP1Triangle(6, 4, 5, 0),
	gsSP1Triangle(6, 5, 7, 0),
	gsSP1Triangle(8, 6, 7, 0),
	gsSP1Triangle(8, 7, 9, 0),
	gsSP1Triangle(10, 8, 9, 0),
	gsSP1Triangle(10, 9, 11, 0),
	gsSP1Triangle(12, 10, 11, 0),
	gsSP1Triangle(12, 11, 13, 0),
	gsSP1Triangle(14, 12, 13, 0),
	gsSP1Triangle(14, 13, 15, 0),
	gsSPVertex(totwc_dl_Cube_060_mesh_layer_1_vtx_1 + 312, 16, 0),
	gsSP1Triangle(0, 1, 2, 0),
	gsSP1Triangle(0, 2, 3, 0),
	gsSP1Triangle(4, 5, 6, 0),
	gsSP1Triangle(4, 6, 7, 0),
	gsSP1Triangle(8, 4, 7, 0),
	gsSP1Triangle(8, 7, 9, 0),
	gsSP1Triangle(10, 8, 9, 0),
	gsSP1Triangle(10, 9, 11, 0),
	gsSP1Triangle(12, 10, 11, 0),
	gsSP1Triangle(12, 11, 13, 0),
	gsSP1Triangle(14, 12, 13, 0),
	gsSP1Triangle(14, 13, 15, 0),
	gsSPVertex(totwc_dl_Cube_060_mesh_layer_1_vtx_1 + 328, 14, 0),
	gsSP1Triangle(0, 1, 2, 0),
	gsSP1Triangle(0, 2, 3, 0),
	gsSP1Triangle(4, 5, 6, 0),
	gsSP1Triangle(4, 6, 7, 0),
	gsSP1Triangle(8, 4, 7, 0),
	gsSP1Triangle(8, 7, 9, 0),
	gsSP1Triangle(10, 8, 9, 0),
	gsSP1Triangle(10, 9, 11, 0),
	gsSP1Triangle(12, 10, 11, 0),
	gsSP1Triangle(12, 11, 13, 0),
	gsSPVertex(totwc_dl_Cube_060_mesh_layer_1_vtx_1 + 342, 16, 0),
	gsSP1Triangle(0, 1, 2, 0),
	gsSP1Triangle(0, 2, 3, 0),
	gsSP1Triangle(4, 0, 3, 0),
	gsSP1Triangle(4, 3, 5, 0),
	gsSP1Triangle(6, 4, 5, 0),
	gsSP1Triangle(6, 5, 7, 0),
	gsSP1Triangle(8, 6, 7, 0),
	gsSP1Triangle(8, 7, 9, 0),
	gsSP1Triangle(10, 11, 12, 0),
	gsSP1Triangle(10, 12, 13, 0),
	gsSP1Triangle(14, 10, 13, 0),
	gsSP1Triangle(14, 13, 15, 0),
	gsSPVertex(totwc_dl_Cube_060_mesh_layer_1_vtx_1 + 358, 16, 0),
	gsSP1Triangle(0, 1, 2, 0),
	gsSP1Triangle(0, 2, 3, 0),
	gsSP1Triangle(4, 0, 3, 0),
	gsSP1Triangle(4, 3, 5, 0),
	gsSP1Triangle(6, 7, 8, 0),
	gsSP1Triangle(6, 9, 7, 0),
	gsSP1Triangle(9, 10, 7, 0),
	gsSP1Triangle(9, 11, 10, 0),
	gsSP1Triangle(11, 12, 10, 0),
	gsSP1Triangle(11, 13, 12, 0),
	gsSP1Triangle(13, 14, 12, 0),
	gsSP1Triangle(13, 15, 14, 0),
	gsSPVertex(totwc_dl_Cube_060_mesh_layer_1_vtx_1 + 374, 16, 0),
	gsSP1Triangle(0, 1, 2, 0),
	gsSP1Triangle(0, 3, 1, 0),
	gsSP1Triangle(3, 4, 1, 0),
	gsSP1Triangle(3, 5, 4, 0),
	gsSP1Triangle(5, 6, 4, 0),
	gsSP1Triangle(5, 7, 6, 0),
	gsSP1Triangle(7, 8, 6, 0),
	gsSP1Triangle(7, 9, 8, 0),
	gsSP1Triangle(10, 11, 12, 0),
	gsSP1Triangle(10, 12, 13, 0),
	gsSP1Triangle(14, 10, 13, 0),
	gsSP1Triangle(14, 13, 15, 0),
	gsSPVertex(totwc_dl_Cube_060_mesh_layer_1_vtx_1 + 390, 14, 0),
	gsSP1Triangle(0, 1, 2, 0),
	gsSP1Triangle(0, 2, 3, 0),
	gsSP1Triangle(4, 0, 3, 0),
	gsSP1Triangle(4, 3, 5, 0),
	gsSP1Triangle(6, 7, 8, 0),
	gsSP1Triangle(6, 8, 9, 0),
	gsSP1Triangle(10, 11, 12, 0),
	gsSP1Triangle(10, 12, 13, 0),
	gsSPVertex(totwc_dl_Cube_060_mesh_layer_1_vtx_1 + 404, 16, 0),
	gsSP1Triangle(0, 1, 2, 0),
	gsSP1Triangle(0, 3, 1, 0),
	gsSP1Triangle(3, 4, 1, 0),
	gsSP1Triangle(3, 5, 4, 0),
	gsSP1Triangle(5, 6, 4, 0),
	gsSP1Triangle(5, 7, 6, 0),
	gsSP1Triangle(8, 9, 10, 0),
	gsSP1Triangle(8, 10, 11, 0),
	gsSP1Triangle(12, 13, 14, 0),
	gsSP1Triangle(12, 14, 15, 0),
	gsSPVertex(totwc_dl_Cube_060_mesh_layer_1_vtx_1 + 420, 16, 0),
	gsSP1Triangle(0, 1, 2, 0),
	gsSP1Triangle(0, 2, 3, 0),
	gsSP1Triangle(4, 5, 6, 0),
	gsSP1Triangle(4, 6, 7, 0),
	gsSP1Triangle(8, 9, 10, 0),
	gsSP1Triangle(8, 10, 11, 0),
	gsSP1Triangle(12, 8, 11, 0),
	gsSP1Triangle(12, 11, 13, 0),
	gsSP1Triangle(14, 12, 13, 0),
	gsSP1Triangle(14, 13, 15, 0),
	gsSPVertex(totwc_dl_Cube_060_mesh_layer_1_vtx_1 + 436, 16, 0),
	gsSP1Triangle(0, 1, 2, 0),
	gsSP1Triangle(0, 2, 3, 0),
	gsSP1Triangle(4, 0, 3, 0),
	gsSP1Triangle(4, 3, 5, 0),
	gsSP1Triangle(6, 4, 5, 0),
	gsSP1Triangle(6, 5, 7, 0),
	gsSP1Triangle(8, 6, 7, 0),
	gsSP1Triangle(8, 7, 9, 0),
	gsSP1Triangle(10, 8, 9, 0),
	gsSP1Triangle(10, 9, 11, 0),
	gsSP1Triangle(12, 13, 14, 0),
	gsSP1Triangle(12, 14, 15, 0),
	gsSPVertex(totwc_dl_Cube_060_mesh_layer_1_vtx_1 + 452, 16, 0),
	gsSP1Triangle(0, 1, 2, 0),
	gsSP1Triangle(0, 2, 3, 0),
	gsSP1Triangle(4, 0, 3, 0),
	gsSP1Triangle(4, 3, 5, 0),
	gsSP1Triangle(6, 4, 5, 0),
	gsSP1Triangle(6, 5, 7, 0),
	gsSP1Triangle(8, 9, 10, 0),
	gsSP1Triangle(8, 10, 11, 0),
	gsSP1Triangle(12, 8, 11, 0),
	gsSP1Triangle(12, 11, 13, 0),
	gsSP1Triangle(14, 12, 13, 0),
	gsSP1Triangle(14, 13, 15, 0),
	gsSPVertex(totwc_dl_Cube_060_mesh_layer_1_vtx_1 + 468, 4, 0),
	gsSP1Triangle(0, 1, 2, 0),
	gsSP1Triangle(0, 2, 3, 0),
	gsSPEndDisplayList(),
};

Vtx totwc_dl_Cube_060_mesh_layer_1_vtx_2[70] = {
	{{{-865, 1431, 117},0, {-4673, 4080},{0xFF, 0xFF, 0xFF, 0xFF}}},
	{{{-2037, 1431, 202},0, {-3953, -2064},{0xFF, 0xFF, 0xFF, 0xFF}}},
	{{{-2037, 1431, 117},0, {-4673, -2064},{0xFF, 0xFF, 0xFF, 0xFF}}},
	{{{-865, 1431, 202},0, {-3953, 4080},{0xFF, 0xFF, 0xFF, 0xFF}}},
	{{{-2037, 1027, 202},0, {-702, -2064},{0xFF, 0xFF, 0xFF, 0xFF}}},
	{{{-865, 1027, 202},0, {-702, 4080},{0xFF, 0xFF, 0xFF, 0xFF}}},
	{{{-2037, 1027, 122},0, {-16, -2064},{0xFF, 0xFF, 0xFF, 0xFF}}},
	{{{-865, 1027, 122},0, {-16, 4080},{0xFF, 0xFF, 0xFF, 0xFF}}},
	{{{-2037, 1027, -122},0, {2032, -2064},{0xFF, 0xFF, 0xFF, 0xFF}}},
	{{{-865, 1027, -122},0, {2032, 4080},{0xFF, 0xFF, 0xFF, 0xFF}}},
	{{{-2037, 1027, -202},0, {2718, -2064},{0xFF, 0xFF, 0xFF, 0xFF}}},
	{{{-865, 1027, -202},0, {2718, 4080},{0xFF, 0xFF, 0xFF, 0xFF}}},
	{{{-2037, 1431, -202},0, {5969, -2064},{0xFF, 0xFF, 0xFF, 0xFF}}},
	{{{-865, 1431, -202},0, {5969, 4080},{0xFF, 0xFF, 0xFF, 0xFF}}},
	{{{-2037, 1431, -117},0, {6684, -2064},{0xFF, 0xFF, 0xFF, 0xFF}}},
	{{{-865, 1431, -117},0, {6684, 4080},{0xFF, 0xFF, 0xFF, 0xFF}}},
	{{{-865, 1431, -117},0, {6684, 4080},{0xFF, 0xFF, 0xFF, 0xFF}}},
	{{{-2037, 1431, 117},0, {8620, -2064},{0xFF, 0xFF, 0xFF, 0xFF}}},
	{{{-2037, 1431, -117},0, {6684, -2064},{0xFF, 0xFF, 0xFF, 0xFF}}},
	{{{-865, 1431, 117},0, {8620, 4080},{0xFF, 0xFF, 0xFF, 0xFF}}},
	{{{-4812, 2749, 307},0, {5127, 4449},{0xFF, 0xEC, 0xAB, 0xFF}}},
	{{{-5125, 2749, 0},0, {7216, 4449},{0xFF, 0xEC, 0xAB, 0xFF}}},
	{{{-5125, 3755, 0},0, {7216, -2433},{0xFF, 0xFF, 0xFF, 0xFF}}},
	{{{-4812, 3755, 307},0, {5127, -2433},{0xFF, 0xFF, 0xFF, 0xFF}}},
	{{{-5274, 2765, 307},0, {2925, 4449},{0xFF, 0xFF, 0xFF, 0xFF}}},
	{{{-5274, 3755, 307},0, {2925, -2433},{0xFF, 0xFF, 0xFF, 0xFF}}},
	{{{-5274, 2765, -307},0, {-909, 4449},{0xFF, 0xFF, 0xFF, 0xFF}}},
	{{{-5274, 3755, -307},0, {-909, -2433},{0xFF, 0xFF, 0xFF, 0xFF}}},
	{{{-4812, 2749, -307},0, {-3111, 4449},{0xFF, 0xEC, 0xAB, 0xFF}}},
	{{{-4812, 3755, -307},0, {-3111, -2433},{0xFF, 0xFF, 0xFF, 0xFF}}},
	{{{-5125, 2749, 0},0, {-5200, 4449},{0xFF, 0xEC, 0xAB, 0xFF}}},
	{{{-5125, 3755, 0},0, {-5200, -2433},{0xFF, 0xFF, 0xFF, 0xFF}}},
	{{{-3996, 2749, -211},0, {-8734, 3386},{0xFF, 0xFF, 0xFF, 0xFF}}},
	{{{-4073, 2150, -211},0, {-7865, -1370},{0xFF, 0xFF, 0xFF, 0xFF}}},
	{{{-3996, 2150, -211},0, {-8734, -1370},{0xFF, 0xFF, 0xFF, 0xFF}}},
	{{{-4073, 2749, -211},0, {-7865, 3386},{0xFF, 0xFF, 0xFF, 0xFF}}},
	{{{-4073, 2150, 211},0, {-1251, -1370},{0xFF, 0xFF, 0xFF, 0xFF}}},
	{{{-4073, 2749, 211},0, {-1251, 3386},{0xFF, 0xFF, 0xFF, 0xFF}}},
	{{{-3996, 2150, 211},0, {-383, -1370},{0xFF, 0xFF, 0xFF, 0xFF}}},
	{{{-3996, 2749, 211},0, {-383, 3386},{0xFF, 0xFF, 0xFF, 0xFF}}},
	{{{-3743, 2150, 211},0, {2399, -1370},{0xFF, 0xFF, 0xFF, 0xFF}}},
	{{{-3743, 2749, 211},0, {2399, 3386},{0xFF, 0xFF, 0xFF, 0xFF}}},
	{{{-3665, 2150, 211},0, {3267, -1370},{0xFF, 0xFF, 0xFF, 0xFF}}},
	{{{-3665, 2749, 211},0, {3267, 3386},{0xFF, 0xFF, 0xFF, 0xFF}}},
	{{{-3665, 2150, -211},0, {7685, -1370},{0xFF, 0xFF, 0xFF, 0xFF}}},
	{{{-3665, 2749, -211},0, {7685, 3386},{0xFF, 0xFF, 0xFF, 0xFF}}},
	{{{-3743, 2150, -211},0, {8553, -1370},{0xFF, 0xFF, 0xFF, 0xFF}}},
	{{{-3743, 2749, -211},0, {8553, 3386},{0xFF, 0xFF, 0xFF, 0xFF}}},
	{{{-3743, 2749, -211},0, {8553, 3386},{0xFF, 0xFF, 0xFF, 0xFF}}},
	{{{-3996, 2150, -211},0, {11335, -1370},{0xFF, 0xFF, 0xFF, 0xFF}}},
	{{{-3743, 2150, -211},0, {8553, -1370},{0xFF, 0xFF, 0xFF, 0xFF}}},
	{{{-3996, 2749, -211},0, {11335, 3386},{0xFF, 0xFF, 0xFF, 0xFF}}},
	{{{-2037, 922, 1008},0, {7740, 4449},{0xFF, 0xEC, 0xAB, 0xFF}}},
	{{{-1744, 922, 707},0, {11603, 4449},{0xFF, 0xEC, 0xAB, 0xFF}}},
	{{{-1744, 1925, 707},0, {11603, -2433},{0xFF, 0xFF, 0xFF, 0xFF}}},
	{{{-2037, 1925, 1008},0, {7740, -2433},{0xFF, 0xFF, 0xFF, 0xFF}}},
	{{{-2037, 922, 707},0, {4328, 4449},{0xFF, 0xFF, 0xFF, 0xFF}}},
	{{{-2037, 1925, 707},0, {4328, -2433},{0xFF, 0xFF, 0xFF, 0xFF}}},
	{{{-1913, 922, 707},0, {2925, 4449},{0xFF, 0xFF, 0xFF, 0xFF}}},
	{{{-1913, 1925, 707},0, {2925, -2433},{0xFF, 0xFF, 0xFF, 0xFF}}},
	{{{-1575, 922, 707},0, {-909, 4449},{0xFF, 0xFF, 0xFF, 0xFF}}},
	{{{-1575, 1925, 707},0, {-909, -2433},{0xFF, 0xFF, 0xFF, 0xFF}}},
	{{{-1451, 922, 707},0, {-2312, 4449},{0xFF, 0xFF, 0xFF, 0xFF}}},
	{{{-1451, 1925, 707},0, {-2312, -2433},{0xFF, 0xFF, 0xFF, 0xFF}}},
	{{{-1451, 922, 1008},0, {-5724, 4449},{0xFF, 0xEC, 0xAB, 0xFF}}},
	{{{-1451, 922, 707},0, {-2312, 4449},{0xFF, 0xFF, 0xFF, 0xFF}}},
	{{{-1451, 1925, 707},0, {-2312, -2433},{0xFF, 0xFF, 0xFF, 0xFF}}},
	{{{-1451, 1925, 1008},0, {-5724, -2433},{0xFF, 0xFF, 0xFF, 0xFF}}},
	{{{-1744, 922, 707},0, {-9587, 4449},{0xFF, 0xEC, 0xAB, 0xFF}}},
	{{{-1744, 1925, 707},0, {-9587, -2433},{0xFF, 0xFF, 0xFF, 0xFF}}},
};

Gfx totwc_dl_Cube_060_mesh_layer_1_tri_2[] = {
	gsSPVertex(totwc_dl_Cube_060_mesh_layer_1_vtx_2 + 0, 16, 0),
	gsSP1Triangle(0, 1, 2, 0),
	gsSP1Triangle(0, 3, 1, 0),
	gsSP1Triangle(3, 4, 1, 0),
	gsSP1Triangle(3, 5, 4, 0),
	gsSP1Triangle(5, 6, 4, 0),
	gsSP1Triangle(5, 7, 6, 0),
	gsSP1Triangle(7, 8, 6, 0),
	gsSP1Triangle(7, 9, 8, 0),
	gsSP1Triangle(9, 10, 8, 0),
	gsSP1Triangle(9, 11, 10, 0),
	gsSP1Triangle(11, 12, 10, 0),
	gsSP1Triangle(11, 13, 12, 0),
	gsSP1Triangle(13, 14, 12, 0),
	gsSP1Triangle(13, 15, 14, 0),
	gsSPVertex(totwc_dl_Cube_060_mesh_layer_1_vtx_2 + 16, 16, 0),
	gsSP1Triangle(0, 1, 2, 0),
	gsSP1Triangle(0, 3, 1, 0),
	gsSP1Triangle(4, 5, 6, 0),
	gsSP1Triangle(4, 6, 7, 0),
	gsSP1Triangle(8, 4, 7, 0),
	gsSP1Triangle(8, 7, 9, 0),
	gsSP1Triangle(10, 8, 9, 0),
	gsSP1Triangle(10, 9, 11, 0),
	gsSP1Triangle(12, 10, 11, 0),
	gsSP1Triangle(12, 11, 13, 0),
	gsSP1Triangle(14, 12, 13, 0),
	gsSP1Triangle(14, 13, 15, 0),
	gsSPVertex(totwc_dl_Cube_060_mesh_layer_1_vtx_2 + 32, 16, 0),
	gsSP1Triangle(0, 1, 2, 0),
	gsSP1Triangle(0, 3, 1, 0),
	gsSP1Triangle(3, 4, 1, 0),
	gsSP1Triangle(3, 5, 4, 0),
	gsSP1Triangle(5, 6, 4, 0),
	gsSP1Triangle(5, 7, 6, 0),
	gsSP1Triangle(7, 8, 6, 0),
	gsSP1Triangle(7, 9, 8, 0),
	gsSP1Triangle(9, 10, 8, 0),
	gsSP1Triangle(9, 11, 10, 0),
	gsSP1Triangle(11, 12, 10, 0),
	gsSP1Triangle(11, 13, 12, 0),
	gsSP1Triangle(13, 14, 12, 0),
	gsSP1Triangle(13, 15, 14, 0),
	gsSPVertex(totwc_dl_Cube_060_mesh_layer_1_vtx_2 + 48, 16, 0),
	gsSP1Triangle(0, 1, 2, 0),
	gsSP1Triangle(0, 3, 1, 0),
	gsSP1Triangle(4, 5, 6, 0),
	gsSP1Triangle(4, 6, 7, 0),
	gsSP1Triangle(8, 4, 7, 0),
	gsSP1Triangle(8, 7, 9, 0),
	gsSP1Triangle(10, 8, 9, 0),
	gsSP1Triangle(10, 9, 11, 0),
	gsSP1Triangle(12, 10, 11, 0),
	gsSP1Triangle(12, 11, 13, 0),
	gsSP1Triangle(14, 12, 13, 0),
	gsSP1Triangle(14, 13, 15, 0),
	gsSPVertex(totwc_dl_Cube_060_mesh_layer_1_vtx_2 + 64, 6, 0),
	gsSP1Triangle(0, 1, 2, 0),
	gsSP1Triangle(0, 2, 3, 0),
	gsSP1Triangle(4, 0, 3, 0),
	gsSP1Triangle(4, 3, 5, 0),
	gsSPEndDisplayList(),
};

Vtx totwc_dl_Cube_060_mesh_layer_1_vtx_3[148] = {
	{{{-4812, 2749, 307},0, {-5248, 21256},{0xFF, 0xEC, 0xAB, 0xFF}}},
	{{{-4812, 2749, -307},0, {7265, 21256},{0xFF, 0xEC, 0xAB, 0xFF}}},
	{{{-5125, 2749, 0},0, {1009, 14889},{0xFF, 0xEC, 0xAB, 0xFF}}},
	{{{-1451, 2150, 1008},0, {-2699, 29126},{0xFF, 0xEC, 0xAB, 0xFF}}},
	{{{-1451, 2150, 707},0, {-2699, 22990},{0xFF, 0xEC, 0xAB, 0xFF}}},
	{{{-1744, 2150, 707},0, {-8667, 22990},{0xFF, 0xEC, 0xAB, 0xFF}}},
	{{{-2037, 2150, 707},0, {-14635, 22990},{0xFF, 0xEC, 0xAB, 0xFF}}},
	{{{-2037, 2150, 1008},0, {-14635, 29126},{0xFF, 0xEC, 0xAB, 0xFF}}},
	{{{-4169, 2749, 307},0, {-5248, 30254},{0xFF, 0xEC, 0xAB, 0xFF}}},
	{{{-4169, 2749, -307},0, {7265, 30254},{0xFF, 0xEC, 0xAB, 0xFF}}},
	{{{-4812, 2749, -307},0, {7265, 17160},{0xFF, 0xEC, 0xAB, 0xFF}}},
	{{{-4812, 2749, 307},0, {-5248, 17160},{0xFF, 0xEC, 0xAB, 0xFF}}},
	{{{4411, 307, -261},0, {28677, 14089},{0xFF, 0xEC, 0xAB, 0xFF}}},
	{{{3917, 307, 261},0, {18028, 4017},{0xFF, 0xEC, 0xAB, 0xFF}}},
	{{{4411, 307, 261},0, {18028, 14089},{0xFF, 0xEC, 0xAB, 0xFF}}},
	{{{3917, 307, -261},0, {28677, 4017},{0xFF, 0xEC, 0xAB, 0xFF}}},
	{{{3917, 307, 261},0, {18028, 4017},{0xFF, 0xEC, 0xAB, 0xFF}}},
	{{{3917, 307, -261},0, {28677, 4017},{0xFF, 0xEC, 0xAB, 0xFF}}},
	{{{3871, 307, -307},0, {29609, 3085},{0xFF, 0xEC, 0xAB, 0xFF}}},
	{{{3871, 307, 307},0, {17096, 3085},{0xFF, 0xEC, 0xAB, 0xFF}}},
	{{{-4812, 4017, -307},0, {7265, 21256},{0xFF, 0xEC, 0xAB, 0xFF}}},
	{{{-5274, 4017, -307},0, {7265, 11844},{0xFF, 0xEC, 0xAB, 0xFF}}},
	{{{-5125, 4017, 0},0, {1009, 14889},{0xFF, 0xEC, 0xAB, 0xFF}}},
	{{{-5274, 4017, 307},0, {-5248, 11844},{0xFF, 0xEC, 0xAB, 0xFF}}},
	{{{-5360, 4017, -279},0, {6695, 10101},{0xFF, 0xEC, 0xAB, 0xFF}}},
	{{{-5360, 4017, 279},0, {-4678, 10101},{0xFF, 0xEC, 0xAB, 0xFF}}},
	{{{-5669, 4017, -702},0, {15296, 3804},{0xFF, 0xEC, 0xAB, 0xFF}}},
	{{{-5669, 4017, 702},0, {-13278, 3804},{0xFF, 0xEC, 0xAB, 0xFF}}},
	{{{-6484, 4017, -702},0, {15296, -12784},{0xFF, 0xEC, 0xAB, 0xFF}}},
	{{{-6484, 4017, 702},0, {-13278, -12784},{0xFF, 0xEC, 0xAB, 0xFF}}},
	{{{-6869, 4017, -377},0, {8691, -20638},{0xFF, 0xEC, 0xAB, 0xFF}}},
	{{{-6869, 4017, 377},0, {-6673, -20638},{0xFF, 0xEC, 0xAB, 0xFF}}},
	{{{-5274, 4017, 307},0, {-5248, 11844},{0xFF, 0xEC, 0xAB, 0xFF}}},
	{{{-4812, 4017, 307},0, {-5248, 21256},{0xFF, 0xEC, 0xAB, 0xFF}}},
	{{{-5125, 4017, 0},0, {1009, 14889},{0xFF, 0xEC, 0xAB, 0xFF}}},
	{{{-4101, 2749, -1343},0, {-27996, -18759},{0xFF, 0xEC, 0xAB, 0xFF}}},
	{{{-3591, 2749, -1343},0, {-17617, -18759},{0xFF, 0xEC, 0xAB, 0xFF}}},
	{{{-3591, 2749, -1730},0, {-17617, -26644},{0xFF, 0xEC, 0xAB, 0xFF}}},
	{{{-4101, 2749, -1730},0, {-27996, -26644},{0xFF, 0xEC, 0xAB, 0xFF}}},
	{{{-3761, 3408, -2819},0, {-25173, -20160},{0xFF, 0xEC, 0xAB, 0xFF}}},
	{{{-3591, 3408, -2819},0, {-21713, -20160},{0xFF, 0xEC, 0xAB, 0xFF}}},
	{{{-3591, 3408, -3207},0, {-21713, -28046},{0xFF, 0xEC, 0xAB, 0xFF}}},
	{{{-3761, 3408, -3207},0, {-25173, -28046},{0xFF, 0xEC, 0xAB, 0xFF}}},
	{{{-3931, 3408, -2819},0, {-28632, -20160},{0xFF, 0xEC, 0xAB, 0xFF}}},
	{{{-3931, 3408, -3207},0, {-28632, -28046},{0xFF, 0xEC, 0xAB, 0xFF}}},
	{{{-3629, 1913, 2058},0, {-18383, 21836},{0xFF, 0xEC, 0xAB, 0xFF}}},
	{{{-4109, 1913, 2058},0, {-28169, 21836},{0xFF, 0xEC, 0xAB, 0xFF}}},
	{{{-4109, 1913, 2384},0, {-28169, 28458},{0xFF, 0xEC, 0xAB, 0xFF}}},
	{{{-3629, 1913, 2058},0, {-18383, 21836},{0xFF, 0xEC, 0xAB, 0xFF}}},
	{{{-4109, 1913, 2384},0, {-28169, 28458},{0xFF, 0xEC, 0xAB, 0xFF}}},
	{{{-3629, 1913, 2384},0, {-18383, 28458},{0xFF, 0xEC, 0xAB, 0xFF}}},
	{{{-1744, 922, 707},0, {-8667, 22850},{0xFF, 0xEC, 0xAB, 0xFF}}},
	{{{-2037, 922, 1008},0, {-14635, 29126},{0xFF, 0xEC, 0xAB, 0xFF}}},
	{{{-1913, 922, 1008},0, {-12114, 29126},{0xFF, 0xEC, 0xAB, 0xFF}}},
	{{{-1575, 922, 1008},0, {-5220, 29126},{0xFF, 0xEC, 0xAB, 0xFF}}},
	{{{-1451, 922, 1008},0, {-2699, 29126},{0xFF, 0xEC, 0xAB, 0xFF}}},
	{{{-2037, 2150, 707},0, {-14635, 22990},{0xFF, 0xEC, 0xAB, 0xFF}}},
	{{{-1451, 2150, 707},0, {-2699, 22990},{0xFF, 0xEC, 0xAB, 0xFF}}},
	{{{-1451, 2150, 307},0, {-2699, 14843},{0xFF, 0xEC, 0xAB, 0xFF}}},
	{{{-2037, 2150, 307},0, {-14635, 14843},{0xFF, 0xEC, 0xAB, 0xFF}}},
	{{{-3665, 1412, 211},0, {-23281, 253},{0xFF, 0xEC, 0xAB, 0xFF}}},
	{{{-3569, 1412, 307},0, {-25240, 2212},{0xFF, 0xEC, 0xAB, 0xFF}}},
	{{{-3569, 1412, -307},0, {-12727, 2212},{0xFF, 0xEC, 0xAB, 0xFF}}},
	{{{-3665, 1412, -211},0, {-14686, 253},{0xFF, 0xEC, 0xAB, 0xFF}}},
	{{{-3665, 1412, -211},0, {-18782, 253},{0xFF, 0xEC, 0xAB, 0xFF}}},
	{{{-4073, 1412, -211},0, {-18782, -8048},{0xFF, 0xEC, 0xAB, 0xFF}}},
	{{{-4073, 1412, 211},0, {-27377, -8048},{0xFF, 0xEC, 0xAB, 0xFF}}},
	{{{-3665, 1412, 211},0, {-27377, 253},{0xFF, 0xEC, 0xAB, 0xFF}}},
	{{{-2536, 999, 211},0, {-23281, 23263},{0xFF, 0xEC, 0xAB, 0xFF}}},
	{{{-2439, 999, 307},0, {-25240, 25222},{0xFF, 0xEC, 0xAB, 0xFF}}},
	{{{-2439, 999, -307},0, {-12727, 25222},{0xFF, 0xEC, 0xAB, 0xFF}}},
	{{{-2536, 999, -211},0, {-14686, 23263},{0xFF, 0xEC, 0xAB, 0xFF}}},
	{{{-2943, 999, -211},0, {-14686, 14962},{0xFF, 0xEC, 0xAB, 0xFF}}},
	{{{-3039, 999, -307},0, {-12727, 13002},{0xFF, 0xEC, 0xAB, 0xFF}}},
	{{{-3039, 999, 307},0, {-25240, 13002},{0xFF, 0xEC, 0xAB, 0xFF}}},
	{{{-2943, 999, 211},0, {-23281, 14962},{0xFF, 0xEC, 0xAB, 0xFF}}},
	{{{-2536, 999, -211},0, {-18782, 23263},{0xFF, 0xEC, 0xAB, 0xFF}}},
	{{{-2943, 999, -211},0, {-18782, 14962},{0xFF, 0xEC, 0xAB, 0xFF}}},
	{{{-2943, 999, 211},0, {-27377, 14962},{0xFF, 0xEC, 0xAB, 0xFF}}},
	{{{-2536, 999, 211},0, {-27377, 23263},{0xFF, 0xEC, 0xAB, 0xFF}}},
	{{{-279, 922, -185},0, {18975, 14555},{0xFF, 0xEC, 0xAB, 0xFF}}},
	{{{-865, 922, -185},0, {18975, 2619},{0xFF, 0xEC, 0xAB, 0xFF}}},
	{{{-865, 922, 185},0, {11435, 2619},{0xFF, 0xEC, 0xAB, 0xFF}}},
	{{{-279, 922, 185},0, {11435, 14555},{0xFF, 0xEC, 0xAB, 0xFF}}},
	{{{307, 307, -185},0, {18975, 26491},{0xFF, 0xEC, 0xAB, 0xFF}}},
	{{{-279, 307, -185},0, {18975, 14555},{0xFF, 0xEC, 0xAB, 0xFF}}},
	{{{-279, 307, 185},0, {11435, 14555},{0xFF, 0xEC, 0xAB, 0xFF}}},
	{{{307, 307, 185},0, {11435, 26491},{0xFF, 0xEC, 0xAB, 0xFF}}},
	{{{-1921, 2150, -179},0, {-12275, 4949},{0xFF, 0xEC, 0xAB, 0xFF}}},
	{{{-2037, 2150, -179},0, {-14635, 4949},{0xFF, 0xEC, 0xAB, 0xFF}}},
	{{{-2037, 2150, 179},0, {-14635, 12225},{0xFF, 0xEC, 0xAB, 0xFF}}},
	{{{-1921, 2150, 179},0, {-12275, 12225},{0xFF, 0xEC, 0xAB, 0xFF}}},
	{{{-1567, 2150, -179},0, {-5059, 4949},{0xFF, 0xEC, 0xAB, 0xFF}}},
	{{{-1567, 2150, 179},0, {-5059, 12225},{0xFF, 0xEC, 0xAB, 0xFF}}},
	{{{-1921, 2150, 307},0, {-12275, 14843},{0xFF, 0xEC, 0xAB, 0xFF}}},
	{{{-1567, 2150, 307},0, {-5059, 14843},{0xFF, 0xEC, 0xAB, 0xFF}}},
	{{{-1451, 2150, -179},0, {-2699, 4949},{0xFF, 0xEC, 0xAB, 0xFF}}},
	{{{-1567, 2150, -179},0, {-5059, 4949},{0xFF, 0xEC, 0xAB, 0xFF}}},
	{{{-1567, 2150, 179},0, {-5059, 12225},{0xFF, 0xEC, 0xAB, 0xFF}}},
	{{{-1451, 2150, 179},0, {-2699, 12225},{0xFF, 0xEC, 0xAB, 0xFF}}},
	{{{-865, 1536, -179},0, {18843, 2619},{0xFF, 0xEC, 0xAB, 0xFF}}},
	{{{-1451, 1536, -179},0, {18843, -9317},{0xFF, 0xEC, 0xAB, 0xFF}}},
	{{{-1451, 1536, 179},0, {11567, -9317},{0xFF, 0xEC, 0xAB, 0xFF}}},
	{{{-865, 1536, 179},0, {11567, 2619},{0xFF, 0xEC, 0xAB, 0xFF}}},
	{{{-1575, 922, 1008},0, {-5220, 454},{0xFF, 0xEC, 0xAB, 0xFF}}},
	{{{-1913, 922, 1008},0, {-12114, 454},{0xFF, 0xEC, 0xAB, 0xFF}}},
	{{{-1913, 922, 2443},0, {-12114, 29675},{0xFF, 0xEC, 0xAB, 0xFF}}},
	{{{-1575, 922, 2443},0, {-5220, 29675},{0xFF, 0xEC, 0xAB, 0xFF}}},
	{{{-4109, 1913, 2058},0, {-24073, 30028},{0xFF, 0xEC, 0xAB, 0xFF}}},
	{{{-3629, 1913, 2058},0, {-14287, 30028},{0xFF, 0xEC, 0xAB, 0xFF}}},
	{{{-3569, 1913, 1999},0, {-13070, 28811},{0xFF, 0xEC, 0xAB, 0xFF}}},
	{{{-4169, 1913, 1999},0, {-25290, 28811},{0xFF, 0xEC, 0xAB, 0xFF}}},
	{{{-3629, 1913, 2058},0, {-26575, 21836},{0xFF, 0xEC, 0xAB, 0xFF}}},
	{{{-3629, 1913, 2384},0, {-26575, 28458},{0xFF, 0xEC, 0xAB, 0xFF}}},
	{{{-3569, 1913, 2443},0, {-25358, 29675},{0xFF, 0xEC, 0xAB, 0xFF}}},
	{{{-3569, 1913, 1999},0, {-25358, 20619},{0xFF, 0xEC, 0xAB, 0xFF}}},
	{{{-3591, 2749, -1343},0, {-13521, -18759},{0xFF, 0xEC, 0xAB, 0xFF}}},
	{{{-4101, 2749, -1343},0, {-23900, -18759},{0xFF, 0xEC, 0xAB, 0xFF}}},
	{{{-4146, 2749, -1298},0, {-24820, -17839},{0xFF, 0xEC, 0xAB, 0xFF}}},
	{{{-3546, 2749, -1298},0, {-12601, -17839},{0xFF, 0xEC, 0xAB, 0xFF}}},
	{{{-4101, 2749, -1730},0, {-23900, -26644},{0xFF, 0xEC, 0xAB, 0xFF}}},
	{{{-3591, 2749, -1730},0, {-13521, -26644},{0xFF, 0xEC, 0xAB, 0xFF}}},
	{{{-3546, 2749, -1775},0, {-12601, -27565},{0xFF, 0xEC, 0xAB, 0xFF}}},
	{{{-4146, 2749, -1775},0, {-24820, -27565},{0xFF, 0xEC, 0xAB, 0xFF}}},
	{{{-3931, 3408, -2819},0, {-20440, -28352},{0xFF, 0xEC, 0xAB, 0xFF}}},
	{{{-4101, 3408, -2819},0, {-23900, -28352},{0xFF, 0xEC, 0xAB, 0xFF}}},
	{{{-4146, 3408, -2774},0, {-24820, -27432},{0xFF, 0xEC, 0xAB, 0xFF}}},
	{{{-3946, 3408, -2774},0, {-20747, -27432},{0xFF, 0xEC, 0xAB, 0xFF}}},
	{{{-4055, 2749, -307},0, {-27069, 2331},{0xFF, 0xEC, 0xAB, 0xFF}}},
	{{{-3683, 2749, -307},0, {-19483, 2331},{0xFF, 0xEC, 0xAB, 0xFF}}},
	{{{-3683, 2749, -753},0, {-19483, -6758},{0xFF, 0xEC, 0xAB, 0xFF}}},
	{{{-4055, 2749, -753},0, {-27069, -6758},{0xFF, 0xEC, 0xAB, 0xFF}}},
	{{{-3683, 2749, 307},0, {-19483, 14843},{0xFF, 0xEC, 0xAB, 0xFF}}},
	{{{-4055, 2749, 307},0, {-27069, 14843},{0xFF, 0xEC, 0xAB, 0xFF}}},
	{{{-4055, 2749, 752},0, {-27069, 23899},{0xFF, 0xEC, 0xAB, 0xFF}}},
	{{{-3683, 2749, 752},0, {-19483, 23899},{0xFF, 0xEC, 0xAB, 0xFF}}},
	{{{-3591, 3408, -2819},0, {-21713, -28352},{0xFF, 0xEC, 0xAB, 0xFF}}},
	{{{-3761, 3408, -2819},0, {-25173, -28352},{0xFF, 0xEC, 0xAB, 0xFF}}},
	{{{-3746, 3408, -2774},0, {-24866, -27432},{0xFF, 0xEC, 0xAB, 0xFF}}},
	{{{-3546, 3408, -2774},0, {-20793, -27432},{0xFF, 0xEC, 0xAB, 0xFF}}},
	{{{-3761, 3408, -2819},0, {-21077, -28352},{0xFF, 0xEC, 0xAB, 0xFF}}},
	{{{-3931, 3408, -2819},0, {-24536, -28352},{0xFF, 0xEC, 0xAB, 0xFF}}},
	{{{-3946, 3408, -2774},0, {-24843, -27432},{0xFF, 0xEC, 0xAB, 0xFF}}},
	{{{-3746, 3408, -2774},0, {-20770, -27432},{0xFF, 0xEC, 0xAB, 0xFF}}},
	{{{-4101, 3408, -2819},0, {-27996, -20160},{0xFF, 0xEC, 0xAB, 0xFF}}},
	{{{-3931, 3408, -2819},0, {-24536, -20160},{0xFF, 0xEC, 0xAB, 0xFF}}},
	{{{-3931, 3408, -3207},0, {-24536, -28046},{0xFF, 0xEC, 0xAB, 0xFF}}},
	{{{-4101, 3408, -3207},0, {-27996, -28046},{0xFF, 0xEC, 0xAB, 0xFF}}},
};

Gfx totwc_dl_Cube_060_mesh_layer_1_tri_3[] = {
	gsSPVertex(totwc_dl_Cube_060_mesh_layer_1_vtx_3 + 0, 16, 0),
	gsSP1Triangle(0, 1, 2, 0),
	gsSP1Triangle(3, 4, 5, 0),
	gsSP1Triangle(6, 7, 5, 0),
	gsSP1Triangle(8, 9, 10, 0),
	gsSP1Triangle(8, 10, 11, 0),
	gsSP1Triangle(12, 13, 14, 0),
	gsSP1Triangle(12, 15, 13, 0),
	gsSPVertex(totwc_dl_Cube_060_mesh_layer_1_vtx_3 + 16, 16, 0),
	gsSP1Triangle(0, 1, 2, 0),
	gsSP1Triangle(0, 2, 3, 0),
	gsSP1Triangle(4, 5, 6, 0),
	gsSP1Triangle(5, 7, 6, 0),
	gsSP1Triangle(8, 7, 5, 0),
	gsSP1Triangle(8, 9, 7, 0),
	gsSP1Triangle(9, 8, 10, 0),
	gsSP1Triangle(9, 10, 11, 0),
	gsSP1Triangle(11, 10, 12, 0),
	gsSP1Triangle(11, 12, 13, 0),
	gsSP1Triangle(13, 12, 14, 0),
	gsSP1Triangle(13, 14, 15, 0),
	gsSPVertex(totwc_dl_Cube_060_mesh_layer_1_vtx_3 + 32, 16, 0),
	gsSP1Triangle(0, 1, 2, 0),
	gsSP1Triangle(3, 4, 5, 0),
	gsSP1Triangle(3, 5, 6, 0),
	gsSP1Triangle(7, 8, 9, 0),
	gsSP1Triangle(7, 9, 10, 0),
	gsSP1Triangle(11, 7, 10, 0),
	gsSP1Triangle(11, 10, 12, 0),
	gsSP1Triangle(13, 14, 15, 0),
	gsSPVertex(totwc_dl_Cube_060_mesh_layer_1_vtx_3 + 48, 16, 0),
	gsSP1Triangle(0, 1, 2, 0),
	gsSP1Triangle(3, 4, 5, 0),
	gsSP1Triangle(5, 6, 3, 0),
	gsSP1Triangle(6, 7, 3, 0),
	gsSP1Triangle(8, 9, 10, 0),
	gsSP1Triangle(8, 10, 11, 0),
	gsSP1Triangle(12, 13, 14, 0),
	gsSP1Triangle(12, 14, 15, 0),
	gsSPVertex(totwc_dl_Cube_060_mesh_layer_1_vtx_3 + 64, 16, 0),
	gsSP1Triangle(0, 1, 2, 0),
	gsSP1Triangle(0, 2, 3, 0),
	gsSP1Triangle(4, 5, 6, 0),
	gsSP1Triangle(4, 6, 7, 0),
	gsSP1Triangle(8, 9, 10, 0),
	gsSP1Triangle(8, 10, 11, 0),
	gsSP1Triangle(12, 13, 14, 0),
	gsSP1Triangle(12, 14, 15, 0),
	gsSPVertex(totwc_dl_Cube_060_mesh_layer_1_vtx_3 + 80, 16, 0),
	gsSP1Triangle(0, 1, 2, 0),
	gsSP1Triangle(0, 2, 3, 0),
	gsSP1Triangle(4, 5, 6, 0),
	gsSP1Triangle(4, 6, 7, 0),
	gsSP1Triangle(8, 9, 10, 0),
	gsSP1Triangle(8, 10, 11, 0),
	gsSP1Triangle(12, 8, 11, 0),
	gsSP1Triangle(12, 11, 13, 0),
	gsSP1Triangle(13, 11, 14, 0),
	gsSP1Triangle(13, 14, 15, 0),
	gsSPVertex(totwc_dl_Cube_060_mesh_layer_1_vtx_3 + 96, 16, 0),
	gsSP1Triangle(0, 1, 2, 0),
	gsSP1Triangle(0, 2, 3, 0),
	gsSP1Triangle(4, 5, 6, 0),
	gsSP1Triangle(4, 6, 7, 0),
	gsSP1Triangle(8, 9, 10, 0),
	gsSP1Triangle(8, 10, 11, 0),
	gsSP1Triangle(12, 13, 14, 0),
	gsSP1Triangle(12, 14, 15, 0),
	gsSPVertex(totwc_dl_Cube_060_mesh_layer_1_vtx_3 + 112, 16, 0),
	gsSP1Triangle(0, 1, 2, 0),
	gsSP1Triangle(0, 2, 3, 0),
	gsSP1Triangle(4, 5, 6, 0),
	gsSP1Triangle(4, 6, 7, 0),
	gsSP1Triangle(8, 9, 10, 0),
	gsSP1Triangle(8, 10, 11, 0),
	gsSP1Triangle(12, 13, 14, 0),
	gsSP1Triangle(12, 14, 15, 0),
	gsSPVertex(totwc_dl_Cube_060_mesh_layer_1_vtx_3 + 128, 16, 0),
	gsSP1Triangle(0, 1, 2, 0),
	gsSP1Triangle(0, 2, 3, 0),
	gsSP1Triangle(4, 5, 6, 0),
	gsSP1Triangle(4, 6, 7, 0),
	gsSP1Triangle(8, 9, 10, 0),
	gsSP1Triangle(8, 10, 11, 0),
	gsSP1Triangle(12, 13, 14, 0),
	gsSP1Triangle(12, 14, 15, 0),
	gsSPVertex(totwc_dl_Cube_060_mesh_layer_1_vtx_3 + 144, 4, 0),
	gsSP1Triangle(0, 1, 2, 0),
	gsSP1Triangle(0, 2, 3, 0),
	gsSPEndDisplayList(),
};

Vtx totwc_dl_Cube_060_mesh_layer_1_vtx_4[146] = {
	{{{307, 444, 185},0, {31426, 9142},{0xAA, 0x9F, 0x85, 0xAA}}},
	{{{-279, 444, 185},0, {22798, 9142},{0xAA, 0x9F, 0x85, 0xAA}}},
	{{{-279, 444, 307},0, {22798, 10940},{0xAA, 0x9F, 0x85, 0xAA}}},
	{{{307, 444, 307},0, {31426, 10940},{0xAA, 0x9F, 0x85, 0xAA}}},
	{{{-279, 1058, 185},0, {30990, 9142},{0xAA, 0x9F, 0x85, 0xAA}}},
	{{{-865, 1058, 185},0, {22362, 9142},{0xAA, 0x9F, 0x85, 0xAA}}},
	{{{-865, 1058, 307},0, {22362, 10940},{0xAA, 0x9F, 0x85, 0xAA}}},
	{{{-279, 1058, 307},0, {30990, 10940},{0xAA, 0x9F, 0x85, 0xAA}}},
	{{{-865, 1672, 179},0, {31578, 9047},{0xAA, 0x9F, 0x85, 0xAA}}},
	{{{-1451, 1672, 179},0, {22950, 9047},{0xAA, 0x9F, 0x85, 0xAA}}},
	{{{-1451, 1672, 307},0, {22950, 10940},{0xAA, 0x9F, 0x85, 0xAA}}},
	{{{-865, 1672, 307},0, {31578, 10940},{0xAA, 0x9F, 0x85, 0xAA}}},
	{{{-1921, 2287, 179},0, {21148, 9047},{0xAA, 0x9F, 0x85, 0xAA}}},
	{{{-2037, 2287, 179},0, {19442, 9047},{0xAA, 0x9F, 0x85, 0xAA}}},
	{{{-2037, 2287, 307},0, {19442, 10940},{0xAA, 0x9F, 0x85, 0xAA}}},
	{{{-1921, 2287, 307},0, {21148, 10940},{0xAA, 0x9F, 0x85, 0xAA}}},
	{{{-3683, 2886, -307},0, {-4788, 1895},{0xAA, 0x9F, 0x85, 0xAA}}},
	{{{-3569, 2886, -307},0, {-3114, 1895},{0xAA, 0x9F, 0x85, 0xAA}}},
	{{{-3569, 2886, -753},0, {-3114, -4675},{0xAA, 0x9F, 0x85, 0xAA}}},
	{{{-3683, 2886, -753},0, {-4788, -4675},{0xAA, 0x9F, 0x85, 0xAA}}},
	{{{-4055, 2886, 307},0, {-10272, 10940},{0xAA, 0x9F, 0x85, 0xAA}}},
	{{{-4169, 2886, 307},0, {-11947, 10940},{0xAA, 0x9F, 0x85, 0xAA}}},
	{{{-4169, 2886, 752},0, {-11947, 17486},{0xAA, 0x9F, 0x85, 0xAA}}},
	{{{-4055, 2886, 752},0, {-10272, 17486},{0xAA, 0x9F, 0x85, 0xAA}}},
	{{{-1913, 1058, 1008},0, {71, -9735},{0xE4, 0xD0, 0xAE, 0xFF}}},
	{{{-2037, 1058, 1008},0, {-1694, -9735},{0xE4, 0xD0, 0xAE, 0xFF}}},
	{{{-2037, 1058, 2443},0, {-1694, 10727},{0xE4, 0xD0, 0xAE, 0xFF}}},
	{{{-1913, 1058, 2443},0, {71, 10727},{0xE4, 0xD0, 0xAE, 0xFF}}},
	{{{-3665, 1548, -211},0, {-4530, 3311},{0xAA, 0x9F, 0x85, 0xAA}}},
	{{{-3569, 1548, -307},0, {-3114, 1895},{0xAA, 0x9F, 0x85, 0xAA}}},
	{{{-4169, 1548, -307},0, {-11947, 1895},{0xAA, 0x9F, 0x85, 0xAA}}},
	{{{-4073, 1548, -211},0, {-10531, 3311},{0xAA, 0x9F, 0x85, 0xAA}}},
	{{{-4073, 1548, -211},0, {-10531, 3311},{0xAA, 0x9F, 0x85, 0xAA}}},
	{{{-4169, 1548, -307},0, {-11947, 1895},{0xAA, 0x9F, 0x85, 0xAA}}},
	{{{-4169, 1548, 307},0, {-11947, 10940},{0xAA, 0x9F, 0x85, 0xAA}}},
	{{{-4073, 1548, 211},0, {-10531, 9523},{0xAA, 0x9F, 0x85, 0xAA}}},
	{{{-3569, 1548, 307},0, {-3114, 10940},{0xAA, 0x9F, 0x85, 0xAA}}},
	{{{-3665, 1548, 211},0, {-4530, 9523},{0xAA, 0x9F, 0x85, 0xAA}}},
	{{{-2536, 1135, -211},0, {12103, 3311},{0xAA, 0x9F, 0x85, 0xAA}}},
	{{{-2439, 1135, -307},0, {13519, 1895},{0xAA, 0x9F, 0x85, 0xAA}}},
	{{{-3039, 1135, -307},0, {4686, 1895},{0xAA, 0x9F, 0x85, 0xAA}}},
	{{{-2943, 1135, -211},0, {6102, 3311},{0xAA, 0x9F, 0x85, 0xAA}}},
	{{{-2943, 1135, 211},0, {6102, 9523},{0xAA, 0x9F, 0x85, 0xAA}}},
	{{{-3039, 1135, 307},0, {4686, 10940},{0xAA, 0x9F, 0x85, 0xAA}}},
	{{{-2439, 1135, 307},0, {13519, 10940},{0xAA, 0x9F, 0x85, 0xAA}}},
	{{{-2536, 1135, 211},0, {12103, 9523},{0xAA, 0x9F, 0x85, 0xAA}}},
	{{{-279, 1058, -307},0, {30990, 1895},{0xAA, 0x9F, 0x85, 0xAA}}},
	{{{-865, 1058, -307},0, {22362, 1895},{0xAA, 0x9F, 0x85, 0xAA}}},
	{{{-865, 1058, -185},0, {22362, 3692},{0xAA, 0x9F, 0x85, 0xAA}}},
	{{{-279, 1058, -185},0, {30990, 3692},{0xAA, 0x9F, 0x85, 0xAA}}},
	{{{307, 444, -307},0, {31426, 1895},{0xAA, 0x9F, 0x85, 0xAA}}},
	{{{-279, 444, -307},0, {22798, 1895},{0xAA, 0x9F, 0x85, 0xAA}}},
	{{{-279, 444, -185},0, {22798, 3692},{0xAA, 0x9F, 0x85, 0xAA}}},
	{{{307, 444, -185},0, {31426, 3692},{0xAA, 0x9F, 0x85, 0xAA}}},
	{{{-1921, 2287, -307},0, {21148, 1895},{0xAA, 0x9F, 0x85, 0xAA}}},
	{{{-2037, 2287, -307},0, {19442, 1895},{0xAA, 0x9F, 0x85, 0xAA}}},
	{{{-2037, 2287, -179},0, {19442, 3787},{0xAA, 0x9F, 0x85, 0xAA}}},
	{{{-1921, 2287, -179},0, {21148, 3787},{0xAA, 0x9F, 0x85, 0xAA}}},
	{{{-1567, 2287, -307},0, {26364, 1895},{0xAA, 0x9F, 0x85, 0xAA}}},
	{{{-1567, 2287, -179},0, {26364, 3787},{0xAA, 0x9F, 0x85, 0xAA}}},
	{{{-1451, 2287, -307},0, {28070, 1895},{0xAA, 0x9F, 0x85, 0xAA}}},
	{{{-1451, 2287, -179},0, {28070, 3787},{0xAA, 0x9F, 0x85, 0xAA}}},
	{{{-865, 1672, -307},0, {31578, 1895},{0xAA, 0x9F, 0x85, 0xAA}}},
	{{{-1451, 1672, -307},0, {22950, 1895},{0xAA, 0x9F, 0x85, 0xAA}}},
	{{{-1451, 1672, -179},0, {22950, 3787},{0xAA, 0x9F, 0x85, 0xAA}}},
	{{{-865, 1672, -179},0, {31578, 3787},{0xAA, 0x9F, 0x85, 0xAA}}},
	{{{-1451, 2287, 179},0, {28070, 9047},{0xAA, 0x9F, 0x85, 0xAA}}},
	{{{-1567, 2287, 179},0, {26364, 9047},{0xAA, 0x9F, 0x85, 0xAA}}},
	{{{-1567, 2287, 307},0, {26364, 10940},{0xAA, 0x9F, 0x85, 0xAA}}},
	{{{-1451, 2287, 307},0, {28070, 10940},{0xAA, 0x9F, 0x85, 0xAA}}},
	{{{-1451, 1058, 1008},0, {74, 10727},{0xE4, 0xD0, 0xAE, 0xFF}}},
	{{{-1575, 1058, 1008},0, {1839, 10727},{0xE4, 0xD0, 0xAE, 0xFF}}},
	{{{-1575, 1058, 2443},0, {1839, -9735},{0xE4, 0xD0, 0xAE, 0xFF}}},
	{{{-1451, 1058, 2443},0, {74, -9735},{0xE4, 0xD0, 0xAE, 0xFF}}},
	{{{-3629, 2050, 2384},0, {-3993, 30243},{0xAA, 0x9F, 0x85, 0xAA}}},
	{{{-4169, 2050, 2443},0, {-11947, 31123},{0xAA, 0x9F, 0x85, 0xAA}}},
	{{{-3569, 2050, 2443},0, {-3114, 31123},{0xAA, 0x9F, 0x85, 0xAA}}},
	{{{-4109, 2050, 2384},0, {-11067, 30243},{0xAA, 0x9F, 0x85, 0xAA}}},
	{{{-4109, 2050, 2384},0, {-11067, 30243},{0xAA, 0x9F, 0x85, 0xAA}}},
	{{{-4169, 2050, 1999},0, {-11947, 24577},{0xAA, 0x9F, 0x85, 0xAA}}},
	{{{-4169, 2050, 2443},0, {-11947, 31123},{0xAA, 0x9F, 0x85, 0xAA}}},
	{{{-4109, 2050, 2058},0, {-11067, 25456},{0xAA, 0x9F, 0x85, 0xAA}}},
	{{{-3591, 2886, -1730},0, {-3440, -19050},{0xAA, 0x9F, 0x85, 0xAA}}},
	{{{-3591, 2886, -1343},0, {-3440, -13350},{0xAA, 0x9F, 0x85, 0xAA}}},
	{{{-3546, 2886, -1298},0, {-2775, -12685},{0xAA, 0x9F, 0x85, 0xAA}}},
	{{{-3546, 2886, -1775},0, {-2775, -19716},{0xAA, 0x9F, 0x85, 0xAA}}},
	{{{-4101, 2886, -1343},0, {-10942, -13350},{0xAA, 0x9F, 0x85, 0xAA}}},
	{{{-4101, 2886, -1730},0, {-10942, -19050},{0xAA, 0x9F, 0x85, 0xAA}}},
	{{{-4146, 2886, -1775},0, {-11608, -19716},{0xAA, 0x9F, 0x85, 0xAA}}},
	{{{-4146, 2886, -1298},0, {-11608, -12685},{0xAA, 0x9F, 0x85, 0xAA}}},
	{{{-3591, 3544, -3207},0, {-3440, -29525},{0xAA, 0x9F, 0x85, 0xAA}}},
	{{{-3591, 3544, -2819},0, {-3440, -23825},{0xAA, 0x9F, 0x85, 0xAA}}},
	{{{-3546, 3544, -2774},0, {-2775, -23160},{0xAA, 0x9F, 0x85, 0xAA}}},
	{{{-3546, 3544, -3252},0, {-2775, -30191},{0xAA, 0x9F, 0x85, 0xAA}}},
	{{{-3761, 3544, -3207},0, {-5941, -29525},{0xAA, 0x9F, 0x85, 0xAA}}},
	{{{-3591, 3544, -3207},0, {-3440, -29525},{0xAA, 0x9F, 0x85, 0xAA}}},
	{{{-3546, 3544, -3252},0, {-2775, -30191},{0xAA, 0x9F, 0x85, 0xAA}}},
	{{{-3746, 3544, -3252},0, {-5719, -30191},{0xAA, 0x9F, 0x85, 0xAA}}},
	{{{-3931, 3544, -3207},0, {-8442, -29525},{0xAA, 0x9F, 0x85, 0xAA}}},
	{{{-3946, 3544, -3252},0, {-8663, -30191},{0xAA, 0x9F, 0x85, 0xAA}}},
	{{{-4101, 3544, -3207},0, {-10942, -29525},{0xAA, 0x9F, 0x85, 0xAA}}},
	{{{-4146, 3544, -3252},0, {-11608, -30191},{0xAA, 0x9F, 0x85, 0xAA}}},
	{{{-4101, 3544, -2819},0, {-10942, -23825},{0xAA, 0x9F, 0x85, 0xAA}}},
	{{{-4146, 3544, -2774},0, {-11608, -23160},{0xAA, 0x9F, 0x85, 0xAA}}},
	{{{-4169, 2886, -307},0, {-11947, 1895},{0xAA, 0x9F, 0x85, 0xAA}}},
	{{{-4055, 2886, -307},0, {-10272, 1895},{0xAA, 0x9F, 0x85, 0xAA}}},
	{{{-4055, 2886, -753},0, {-10272, -4675},{0xAA, 0x9F, 0x85, 0xAA}}},
	{{{-4169, 2886, -753},0, {-11947, -4675},{0xAA, 0x9F, 0x85, 0xAA}}},
	{{{-3569, 2886, 307},0, {-3114, 10940},{0xAA, 0x9F, 0x85, 0xAA}}},
	{{{-3683, 2886, 307},0, {-4788, 10940},{0xAA, 0x9F, 0x85, 0xAA}}},
	{{{-3683, 2886, 752},0, {-4788, 17486},{0xAA, 0x9F, 0x85, 0xAA}}},
	{{{-3569, 2886, 752},0, {-3114, 17486},{0xAA, 0x9F, 0x85, 0xAA}}},
	{{{-5669, 4153, -702},0, {-29931, -3910},{0xAA, 0x9F, 0x85, 0xAA}}},
	{{{-5360, 4153, -279},0, {-25379, 2306},{0xAA, 0x9F, 0x85, 0xAA}}},
	{{{-5274, 4153, -307},0, {-24119, 1895},{0xAA, 0x9F, 0x85, 0xAA}}},
	{{{-5626, 4153, -787},0, {-29292, -5170},{0xAA, 0x9F, 0x85, 0xAA}}},
	{{{-5360, 4153, 279},0, {-25379, 10528},{0xAA, 0x9F, 0x85, 0xAA}}},
	{{{-5669, 4153, 702},0, {-29931, 16745},{0xAA, 0x9F, 0x85, 0xAA}}},
	{{{-5626, 4153, 787},0, {-29292, 18005},{0xAA, 0x9F, 0x85, 0xAA}}},
	{{{-5274, 4153, 307},0, {-24119, 10940},{0xAA, 0x9F, 0x85, 0xAA}}},
	{{{-5669, 4153, 702},0, {-17643, 16745},{0xAA, 0x9F, 0x85, 0xAA}}},
	{{{-6484, 4153, 702},0, {-29635, 16745},{0xAA, 0x9F, 0x85, 0xAA}}},
	{{{-6515, 4153, 787},0, {-30094, 18005},{0xAA, 0x9F, 0x85, 0xAA}}},
	{{{-5626, 4153, 787},0, {-17004, 18005},{0xAA, 0x9F, 0x85, 0xAA}}},
	{{{-6484, 4153, -702},0, {-29635, -3910},{0xAA, 0x9F, 0x85, 0xAA}}},
	{{{-5669, 4153, -702},0, {-17643, -3910},{0xAA, 0x9F, 0x85, 0xAA}}},
	{{{-5626, 4153, -787},0, {-17004, -5170},{0xAA, 0x9F, 0x85, 0xAA}}},
	{{{-6515, 4153, -787},0, {-30094, -5170},{0xAA, 0x9F, 0x85, 0xAA}}},
	{{{-6869, 4153, -377},0, {-29168, 864},{0xAA, 0x9F, 0x85, 0xAA}}},
	{{{-6484, 4153, -702},0, {-23491, -3910},{0xAA, 0x9F, 0x85, 0xAA}}},
	{{{-6515, 4153, -787},0, {-23950, -5170},{0xAA, 0x9F, 0x85, 0xAA}}},
	{{{-6955, 4153, -417},0, {-30428, 278},{0xAA, 0x9F, 0x85, 0xAA}}},
	{{{-6869, 4153, 377},0, {-29168, 11970},{0xAA, 0x9F, 0x85, 0xAA}}},
	{{{-6955, 4153, 417},0, {-30428, 12557},{0xAA, 0x9F, 0x85, 0xAA}}},
	{{{-6484, 4153, 702},0, {-23491, 16745},{0xAA, 0x9F, 0x85, 0xAA}}},
	{{{-6515, 4153, 787},0, {-23950, 18005},{0xAA, 0x9F, 0x85, 0xAA}}},
	{{{3917, 413, -261},0, {-2101, -2225},{0xFF, 0xFF, 0xFF, 0xFF}}},
	{{{4457, 413, -307},0, {3523, -2702},{0xFF, 0xFF, 0xFF, 0xFF}}},
	{{{3871, 413, -307},0, {-2578, -2702},{0xFF, 0xFF, 0xFF, 0xFF}}},
	{{{4411, 413, -261},0, {3046, -2225},{0xFF, 0xFF, 0xFF, 0xFF}}},
	{{{4411, 413, -261},0, {3046, -2225},{0xFF, 0xFF, 0xFF, 0xFF}}},
	{{{4457, 413, 307},0, {3523, 3694},{0xFF, 0xFF, 0xFF, 0xFF}}},
	{{{4457, 413, -307},0, {3523, -2702},{0xFF, 0xFF, 0xFF, 0xFF}}},
	{{{4411, 413, 261},0, {3046, 3217},{0xFF, 0xFF, 0xFF, 0xFF}}},
	{{{3871, 413, 307},0, {-2578, 3694},{0xFF, 0xFF, 0xFF, 0xFF}}},
	{{{3917, 413, 261},0, {-2101, 3217},{0xFF, 0xFF, 0xFF, 0xFF}}},
};

Gfx totwc_dl_Cube_060_mesh_layer_1_tri_4[] = {
	gsSPVertex(totwc_dl_Cube_060_mesh_layer_1_vtx_4 + 0, 16, 0),
	gsSP1Triangle(0, 1, 2, 0),
	gsSP1Triangle(0, 2, 3, 0),
	gsSP1Triangle(4, 5, 6, 0),
	gsSP1Triangle(4, 6, 7, 0),
	gsSP1Triangle(8, 9, 10, 0),
	gsSP1Triangle(8, 10, 11, 0),
	gsSP1Triangle(12, 13, 14, 0),
	gsSP1Triangle(12, 14, 15, 0),
	gsSPVertex(totwc_dl_Cube_060_mesh_layer_1_vtx_4 + 16, 16, 0),
	gsSP1Triangle(0, 1, 2, 0),
	gsSP1Triangle(0, 2, 3, 0),
	gsSP1Triangle(4, 5, 6, 0),
	gsSP1Triangle(4, 6, 7, 0),
	gsSP1Triangle(8, 9, 10, 0),
	gsSP1Triangle(8, 10, 11, 0),
	gsSP1Triangle(12, 13, 14, 0),
	gsSP1Triangle(12, 14, 15, 0),
	gsSPVertex(totwc_dl_Cube_060_mesh_layer_1_vtx_4 + 32, 14, 0),
	gsSP1Triangle(0, 1, 2, 0),
	gsSP1Triangle(0, 2, 3, 0),
	gsSP1Triangle(3, 2, 4, 0),
	gsSP1Triangle(3, 4, 5, 0),
	gsSP1Triangle(6, 7, 8, 0),
	gsSP1Triangle(6, 8, 9, 0),
	gsSP1Triangle(10, 11, 12, 0),
	gsSP1Triangle(10, 12, 13, 0),
	gsSPVertex(totwc_dl_Cube_060_mesh_layer_1_vtx_4 + 46, 16, 0),
	gsSP1Triangle(0, 1, 2, 0),
	gsSP1Triangle(0, 2, 3, 0),
	gsSP1Triangle(4, 5, 6, 0),
	gsSP1Triangle(4, 6, 7, 0),
	gsSP1Triangle(8, 9, 10, 0),
	gsSP1Triangle(8, 10, 11, 0),
	gsSP1Triangle(12, 8, 11, 0),
	gsSP1Triangle(12, 11, 13, 0),
	gsSP1Triangle(14, 12, 13, 0),
	gsSP1Triangle(14, 13, 15, 0),
	gsSPVertex(totwc_dl_Cube_060_mesh_layer_1_vtx_4 + 62, 16, 0),
	gsSP1Triangle(0, 1, 2, 0),
	gsSP1Triangle(0, 2, 3, 0),
	gsSP1Triangle(4, 5, 6, 0),
	gsSP1Triangle(4, 6, 7, 0),
	gsSP1Triangle(8, 9, 10, 0),
	gsSP1Triangle(8, 10, 11, 0),
	gsSP1Triangle(12, 13, 14, 0),
	gsSP1Triangle(12, 15, 13, 0),
	gsSPVertex(totwc_dl_Cube_060_mesh_layer_1_vtx_4 + 78, 16, 0),
	gsSP1Triangle(0, 1, 2, 0),
	gsSP1Triangle(0, 3, 1, 0),
	gsSP1Triangle(4, 5, 6, 0),
	gsSP1Triangle(4, 6, 7, 0),
	gsSP1Triangle(8, 9, 10, 0),
	gsSP1Triangle(8, 10, 11, 0),
	gsSP1Triangle(12, 13, 14, 0),
	gsSP1Triangle(12, 14, 15, 0),
	gsSPVertex(totwc_dl_Cube_060_mesh_layer_1_vtx_4 + 94, 14, 0),
	gsSP1Triangle(0, 1, 2, 0),
	gsSP1Triangle(0, 2, 3, 0),
	gsSP1Triangle(4, 0, 3, 0),
	gsSP1Triangle(4, 3, 5, 0),
	gsSP1Triangle(6, 4, 5, 0),
	gsSP1Triangle(6, 5, 7, 0),
	gsSP1Triangle(8, 6, 7, 0),
	gsSP1Triangle(8, 7, 9, 0),
	gsSP1Triangle(10, 11, 12, 0),
	gsSP1Triangle(10, 12, 13, 0),
	gsSPVertex(totwc_dl_Cube_060_mesh_layer_1_vtx_4 + 108, 16, 0),
	gsSP1Triangle(0, 1, 2, 0),
	gsSP1Triangle(0, 2, 3, 0),
	gsSP1Triangle(4, 5, 6, 0),
	gsSP1Triangle(4, 6, 7, 0),
	gsSP1Triangle(8, 9, 10, 0),
	gsSP1Triangle(8, 10, 11, 0),
	gsSP1Triangle(12, 13, 14, 0),
	gsSP1Triangle(12, 14, 15, 0),
	gsSPVertex(totwc_dl_Cube_060_mesh_layer_1_vtx_4 + 124, 16, 0),
	gsSP1Triangle(0, 1, 2, 0),
	gsSP1Triangle(0, 2, 3, 0),
	gsSP1Triangle(4, 5, 6, 0),
	gsSP1Triangle(4, 6, 7, 0),
	gsSP1Triangle(8, 4, 7, 0),
	gsSP1Triangle(8, 7, 9, 0),
	gsSP1Triangle(10, 8, 9, 0),
	gsSP1Triangle(10, 9, 11, 0),
	gsSP1Triangle(12, 13, 14, 0),
	gsSP1Triangle(12, 15, 13, 0),
	gsSPVertex(totwc_dl_Cube_060_mesh_layer_1_vtx_4 + 140, 6, 0),
	gsSP1Triangle(0, 1, 2, 0),
	gsSP1Triangle(0, 3, 1, 0),
	gsSP1Triangle(3, 4, 1, 0),
	gsSP1Triangle(3, 5, 4, 0),
	gsSPEndDisplayList(),
};

Vtx totwc_dl_Cube_060_mesh_layer_4_vtx_0[8] = {
	{{{-1506, 1377, 1361},0, {2587, 3578},{0x0, 0x0, 0x7F, 0xFF}}},
	{{{-1506, 2095, 1361},0, {2587, -2562},{0x0, 0x0, 0x7F, 0xFF}}},
	{{{-1982, 2095, 1361},0, {-1479, -2562},{0x0, 0x0, 0x7F, 0xFF}}},
	{{{-1982, 1377, 1361},0, {-1479, 3578},{0x0, 0x0, 0x7F, 0xFF}}},
	{{{-1506, 1377, 1307},0, {2587, 3578},{0x0, 0x0, 0x81, 0xFF}}},
	{{{-1982, 1377, 1307},0, {-1479, 3578},{0x0, 0x0, 0x81, 0xFF}}},
	{{{-1982, 2095, 1307},0, {-1479, -2562},{0x0, 0x0, 0x81, 0xFF}}},
	{{{-1506, 2095, 1307},0, {2587, -2562},{0x0, 0x0, 0x81, 0xFF}}},
};

Gfx totwc_dl_Cube_060_mesh_layer_4_tri_0[] = {
	gsSPVertex(totwc_dl_Cube_060_mesh_layer_4_vtx_0 + 0, 8, 0),
	gsSP1Triangle(0, 1, 2, 0),
	gsSP1Triangle(0, 2, 3, 0),
	gsSP1Triangle(4, 5, 6, 0),
	gsSP1Triangle(4, 6, 7, 0),
	gsSPEndDisplayList(),
};

Vtx totwc_dl_Cylinder_mesh_layer_5_vtx_0[251] = {
	{{{-3706, -5529, -8947},0, {-926, 1006},{0xC2, 0x83, 0x72, 0x0}}},
	{{{0, -5529, -10482},0, {-1129, 1006},{0x78, 0x62, 0x4E, 0x0}}},
	{{{0, -3558, -9689},0, {-1129, 855},{0x8A, 0x6C, 0x58, 0x2A}}},
	{{{-3426, -3558, -8270},0, {-926, 855},{0xA4, 0x7B, 0x6A, 0x2A}}},
	{{{0, -1587, -8896},0, {-1129, 704},{0x8E, 0x72, 0x5A, 0xA0}}},
	{{{-3145, -1587, -7593},0, {-926, 704},{0x93, 0x75, 0x5E, 0xA0}}},
	{{{0, -294, -8001},0, {-1129, 534},{0x93, 0x7A, 0x5D, 0xFF}}},
	{{{-2829, -294, -6829},0, {-926, 534},{0x94, 0x7A, 0x5E, 0xFF}}},
	{{{0, 999, -7106},0, {-1129, 363},{0x9C, 0x84, 0x63, 0xFF}}},
	{{{-2512, 999, -6066},0, {-926, 363},{0x9B, 0x83, 0x63, 0xFF}}},
	{{{0, 2439, -6110},0, {-1129, 174},{0xAB, 0x93, 0x6D, 0xFF}}},
	{{{-2160, 2439, -5215},0, {-926, 174},{0xA4, 0x8D, 0x69, 0xFF}}},
	{{{0, 3879, -5113},0, {-1129, -16},{0xAC, 0x95, 0x6F, 0xFF}}},
	{{{-1808, 3879, -4365},0, {-926, -16},{0xAA, 0x93, 0x6E, 0xFF}}},
	{{{0, 4875, -2557},0, {-926, -16},{0xAD, 0x96, 0x70, 0xFF}}},
	{{{-1808, 4875, -1808},0, {-723, -16},{0xAE, 0x96, 0x71, 0xFF}}},
	{{{-1808, 4875, -1808},0, {-723, -16},{0xAE, 0x96, 0x71, 0xFF}}},
	{{{0, 4875, -2557},0, {-926, -16},{0xAD, 0x96, 0x70, 0xFF}}},
	{{{0, 5872, 0},0, {-723, -16},{0xB1, 0x9B, 0x73, 0xFF}}},
	{{{-3616, 3879, -3616},0, {-723, -16},{0xAA, 0x91, 0x6D, 0xFF}}},
	{{{-1808, 3879, -4365},0, {-926, -16},{0xAA, 0x93, 0x6E, 0xFF}}},
	{{{-4320, 2439, -4320},0, {-723, 174},{0xA3, 0x8B, 0x69, 0xFF}}},
	{{{-5215, 2439, -2160},0, {-520, 174},{0xA5, 0x8C, 0x6A, 0xFF}}},
	{{{-4365, 3879, -1808},0, {-520, -16},{0xAD, 0x94, 0x70, 0xFF}}},
	{{{-1808, 4875, -1808},0, {-520, -16},{0xAE, 0x96, 0x71, 0xFF}}},
	{{{-2557, 4875, 0},0, {-317, -16},{0xAD, 0x96, 0x70, 0xFF}}},
	{{{0, 5872, 0},0, {-317, -16},{0xB1, 0x9B, 0x73, 0xFF}}},
	{{{-5113, 3879, 0},0, {-317, -16},{0xAC, 0x93, 0x6F, 0xFF}}},
	{{{-6110, 2439, 0},0, {-317, 174},{0xA6, 0x8C, 0x6B, 0xFF}}},
	{{{-5215, 2439, 2160},0, {-113, 174},{0xA2, 0x8B, 0x68, 0xFF}}},
	{{{-4365, 3879, 1808},0, {-113, -16},{0xA9, 0x93, 0x6D, 0xFF}}},
	{{{-2557, 4875, 0},0, {-113, -16},{0xAD, 0x96, 0x70, 0xFF}}},
	{{{-1808, 4875, 1808},0, {90, -16},{0xAA, 0x96, 0x6D, 0xFF}}},
	{{{-4365, 3879, 1808},0, {-113, -16},{0xA9, 0x93, 0x6D, 0xFF}}},
	{{{-2557, 4875, 0},0, {-113, -16},{0xAD, 0x96, 0x70, 0xFF}}},
	{{{0, 5872, 0},0, {90, -16},{0xB1, 0x9B, 0x73, 0xFF}}},
	{{{-3616, 3879, 3616},0, {90, -16},{0xA4, 0x94, 0x66, 0xFF}}},
	{{{-4320, 2439, 4320},0, {90, 174},{0x9E, 0x8A, 0x64, 0xFF}}},
	{{{-2160, 2439, 5215},0, {293, 174},{0x9D, 0x8B, 0x62, 0xFF}}},
	{{{-1808, 3879, 4365},0, {293, -16},{0xA5, 0x93, 0x67, 0xFF}}},
	{{{-1808, 4875, 1808},0, {293, -16},{0xAA, 0x96, 0x6D, 0xFF}}},
	{{{0, 4875, 2557},0, {496, -16},{0xA9, 0x95, 0x6C, 0xFF}}},
	{{{0, 5872, 0},0, {496, -16},{0xB1, 0x9B, 0x73, 0xFF}}},
	{{{0, 3879, 5113},0, {496, -16},{0xA4, 0x92, 0x67, 0xFF}}},
	{{{0, 2439, 6110},0, {496, 174},{0x9D, 0x8C, 0x62, 0xFF}}},
	{{{2160, 2439, 5215},0, {699, 174},{0x9E, 0x8B, 0x64, 0xFF}}},
	{{{1808, 3879, 4365},0, {699, -16},{0xA5, 0x91, 0x69, 0xFF}}},
	{{{0, 4875, 2557},0, {699, -16},{0xA9, 0x95, 0x6C, 0xFF}}},
	{{{1808, 4875, 1808},0, {902, -16},{0xA9, 0x94, 0x6E, 0xFF}}},
	{{{1808, 3879, 4365},0, {699, -16},{0xA5, 0x91, 0x69, 0xFF}}},
	{{{0, 4875, 2557},0, {699, -16},{0xA9, 0x95, 0x6C, 0xFF}}},
	{{{0, 5872, 0},0, {902, -16},{0xB1, 0x9B, 0x73, 0xFF}}},
	{{{3616, 3879, 3616},0, {902, -16},{0xA5, 0x90, 0x6A, 0xFF}}},
	{{{4320, 2439, 4320},0, {902, 174},{0x9F, 0x8A, 0x66, 0xFF}}},
	{{{5215, 2439, 2160},0, {1105, 174},{0x9F, 0x89, 0x67, 0xFF}}},
	{{{4365, 3879, 1808},0, {1105, -16},{0xA6, 0x90, 0x6C, 0xFF}}},
	{{{1808, 4875, 1808},0, {1105, -16},{0xA9, 0x94, 0x6E, 0xFF}}},
	{{{2557, 4875, 0},0, {1309, -16},{0xAD, 0x97, 0x72, 0xFF}}},
	{{{0, 5872, 0},0, {1309, -16},{0xB1, 0x9B, 0x73, 0xFF}}},
	{{{5113, 3879, 0},0, {1309, -16},{0xA6, 0x90, 0x6D, 0xFF}}},
	{{{6110, 2439, 0},0, {1309, 174},{0x9F, 0x89, 0x68, 0xFF}}},
	{{{5215, 2439, -2160},0, {1512, 174},{0xA0, 0x89, 0x67, 0xFF}}},
	{{{4365, 3879, -1808},0, {1512, -16},{0xA7, 0x91, 0x6D, 0xFF}}},
	{{{2557, 4875, 0},0, {1512, -16},{0xAD, 0x97, 0x72, 0xFF}}},
	{{{1808, 4875, -1808},0, {1715, -16},{0xAC, 0x95, 0x70, 0xFF}}},
	{{{4365, 3879, -1808},0, {1512, -16},{0xA7, 0x91, 0x6D, 0xFF}}},
	{{{2557, 4875, 0},0, {1512, -16},{0xAD, 0x97, 0x72, 0xFF}}},
	{{{0, 5872, 0},0, {1715, -16},{0xB1, 0x9B, 0x73, 0xFF}}},
	{{{3616, 3879, -3616},0, {1715, -16},{0xA7, 0x91, 0x6C, 0xFF}}},
	{{{4320, 2439, -4320},0, {1715, 174},{0xA1, 0x8B, 0x67, 0xFF}}},
	{{{2160, 2439, -5215},0, {1918, 174},{0xA5, 0x90, 0x68, 0xFF}}},
	{{{1808, 3879, -4365},0, {1918, -16},{0xAA, 0x94, 0x6E, 0xFF}}},
	{{{1808, 4875, -1808},0, {1918, -16},{0xAC, 0x95, 0x70, 0xFF}}},
	{{{0, 4875, -2557},0, {2121, -16},{0xAD, 0x96, 0x70, 0xFF}}},
	{{{0, 5872, 0},0, {2121, -16},{0xB1, 0x9B, 0x73, 0xFF}}},
	{{{0, 3879, -5113},0, {2121, -16},{0xAC, 0x95, 0x6F, 0xFF}}},
	{{{0, 2439, -6110},0, {2121, 174},{0xAB, 0x93, 0x6D, 0xFF}}},
	{{{0, 999, -7106},0, {2121, 363},{0x9C, 0x84, 0x63, 0xFF}}},
	{{{2512, 999, -6066},0, {1918, 363},{0x9A, 0x84, 0x61, 0xFF}}},
	{{{0, -294, -8001},0, {2121, 534},{0x93, 0x7A, 0x5D, 0xFF}}},
	{{{0, -294, -8001},0, {2121, 534},{0x93, 0x7A, 0x5D, 0xFF}}},
	{{{2829, -294, -6829},0, {1918, 534},{0x8E, 0x77, 0x59, 0xFF}}},
	{{{2512, 999, -6066},0, {1918, 363},{0x9A, 0x84, 0x61, 0xFF}}},
	{{{0, -1587, -8896},0, {2121, 704},{0x8E, 0x72, 0x5A, 0xA0}}},
	{{{3145, -1587, -7593},0, {1918, 704},{0x82, 0x6B, 0x53, 0xA0}}},
	{{{0, -3558, -9689},0, {2121, 855},{0x8A, 0x6C, 0x58, 0x2A}}},
	{{{3426, -3558, -8270},0, {1918, 855},{0x80, 0x68, 0x52, 0x2A}}},
	{{{0, -5529, -10482},0, {2121, 1006},{0x78, 0x62, 0x4E, 0x0}}},
	{{{3706, -5529, -8947},0, {1918, 1006},{0x7E, 0x66, 0x51, 0x0}}},
	{{{6851, -3558, -6851},0, {1715, 855},{0x79, 0x62, 0x4E, 0x2A}}},
	{{{7412, -5529, -7412},0, {1715, 1006},{0x7C, 0x64, 0x50, 0x0}}},
	{{{8270, -3558, -3426},0, {1512, 855},{0x78, 0x62, 0x4E, 0x2A}}},
	{{{8947, -5529, -3706},0, {1512, 1006},{0xD9, 0x8E, 0x7D, 0x0}}},
	{{{9689, -3558, 0},0, {1309, 855},{0x8D, 0x6E, 0x5C, 0x2A}}},
	{{{10482, -5529, 0},0, {1309, 1006},{0xFA, 0x9E, 0x8E, 0x0}}},
	{{{8270, -3558, 3426},0, {1105, 855},{0x7A, 0x64, 0x50, 0x2A}}},
	{{{10482, -5529, 0},0, {1309, 1006},{0xFA, 0x9E, 0x8E, 0x0}}},
	{{{8947, -5529, 3706},0, {1105, 1006},{0x7C, 0x64, 0x51, 0x0}}},
	{{{8270, -3558, 3426},0, {1105, 855},{0x7A, 0x64, 0x50, 0x2A}}},
	{{{6851, -3558, 6851},0, {902, 855},{0x78, 0x62, 0x4E, 0x2A}}},
	{{{7412, -5529, 7412},0, {902, 1006},{0x78, 0x62, 0x4E, 0x0}}},
	{{{3426, -3558, 8270},0, {699, 855},{0x7C, 0x64, 0x50, 0x2A}}},
	{{{3706, -5529, 8947},0, {699, 1006},{0x8D, 0x6D, 0x5B, 0x0}}},
	{{{0, -3558, 9689},0, {496, 855},{0x8E, 0x6D, 0x59, 0x2A}}},
	{{{0, -5529, 10482},0, {496, 1006},{0xBE, 0x81, 0x72, 0x0}}},
	{{{-3426, -3558, 8270},0, {293, 855},{0x8A, 0x6A, 0x56, 0x2A}}},
	{{{-3706, -5529, 8947},0, {293, 1006},{0x92, 0x6D, 0x5A, 0x0}}},
	{{{-6851, -3558, 6851},0, {90, 855},{0x85, 0x67, 0x53, 0x2A}}},
	{{{-7412, -5529, 7412},0, {90, 1006},{0x87, 0x68, 0x55, 0x0}}},
	{{{-8270, -3558, 3426},0, {-113, 855},{0x86, 0x69, 0x55, 0x2A}}},
	{{{-8947, -5529, 3706},0, {-113, 1006},{0x89, 0x69, 0x56, 0x0}}},
	{{{-9689, -3558, 0},0, {-317, 855},{0x7E, 0x65, 0x51, 0x2A}}},
	{{{-8947, -5529, 3706},0, {-113, 1006},{0x89, 0x69, 0x56, 0x0}}},
	{{{-10482, -5529, 0},0, {-317, 1006},{0x7C, 0x64, 0x50, 0x0}}},
	{{{-9689, -3558, 0},0, {-317, 855},{0x7E, 0x65, 0x51, 0x2A}}},
	{{{-8270, -3558, -3426},0, {-520, 855},{0x98, 0x74, 0x64, 0x2A}}},
	{{{-8947, -5529, -3706},0, {-520, 1006},{0x96, 0x70, 0x5E, 0x0}}},
	{{{-6851, -3558, -6851},0, {-723, 855},{0x96, 0x73, 0x62, 0x2A}}},
	{{{-7412, -5529, -7412},0, {-723, 1006},{0x78, 0x62, 0x4E, 0x0}}},
	{{{-3426, -3558, -8270},0, {-926, 855},{0xA4, 0x7B, 0x6A, 0x2A}}},
	{{{-3706, -5529, -8947},0, {-926, 1006},{0xC2, 0x83, 0x72, 0x0}}},
	{{{-3145, -1587, -7593},0, {-926, 704},{0x93, 0x75, 0x5E, 0xA0}}},
	{{{-6290, -1587, -6290},0, {-723, 704},{0x90, 0x72, 0x5D, 0xA0}}},
	{{{-2829, -294, -6829},0, {-926, 534},{0x94, 0x7A, 0x5E, 0xFF}}},
	{{{-5658, -294, -5658},0, {-723, 534},{0x90, 0x77, 0x5C, 0xFF}}},
	{{{-2512, 999, -6066},0, {-926, 363},{0x9B, 0x83, 0x63, 0xFF}}},
	{{{-5025, 999, -5025},0, {-723, 363},{0x99, 0x81, 0x62, 0xFF}}},
	{{{-2160, 2439, -5215},0, {-926, 174},{0xA4, 0x8D, 0x69, 0xFF}}},
	{{{-5025, 999, -5025},0, {-723, 363},{0x99, 0x81, 0x62, 0xFF}}},
	{{{-2160, 2439, -5215},0, {-926, 174},{0xA4, 0x8D, 0x69, 0xFF}}},
	{{{-4320, 2439, -4320},0, {-723, 174},{0xA3, 0x8B, 0x69, 0xFF}}},
	{{{-1808, 3879, -4365},0, {-926, -16},{0xAA, 0x93, 0x6E, 0xFF}}},
	{{{-6066, 999, -2512},0, {-520, 363},{0x9A, 0x82, 0x63, 0xFF}}},
	{{{-6829, -294, -2829},0, {-520, 534},{0x91, 0x78, 0x5D, 0xFF}}},
	{{{-8001, -294, 0},0, {-317, 534},{0x8E, 0x75, 0x5B, 0xFF}}},
	{{{-7106, 999, 0},0, {-317, 363},{0x99, 0x80, 0x62, 0xFF}}},
	{{{-5215, 2439, -2160},0, {-520, 174},{0xA5, 0x8C, 0x6A, 0xFF}}},
	{{{-6110, 2439, 0},0, {-317, 174},{0xA6, 0x8C, 0x6B, 0xFF}}},
	{{{-4365, 3879, -1808},0, {-520, -16},{0xAD, 0x94, 0x70, 0xFF}}},
	{{{-6066, 999, 2512},0, {-113, 363},{0x95, 0x7E, 0x60, 0xFF}}},
	{{{-6829, -294, 2829},0, {-113, 534},{0x89, 0x72, 0x59, 0xFF}}},
	{{{-5658, -294, 5658},0, {90, 534},{0x82, 0x6C, 0x54, 0xFF}}},
	{{{-5025, 999, 5025},0, {90, 363},{0x93, 0x7D, 0x5D, 0xFF}}},
	{{{-5215, 2439, 2160},0, {-113, 174},{0xA2, 0x8B, 0x68, 0xFF}}},
	{{{-5025, 999, 5025},0, {90, 363},{0x93, 0x7D, 0x5D, 0xFF}}},
	{{{-5215, 2439, 2160},0, {-113, 174},{0xA2, 0x8B, 0x68, 0xFF}}},
	{{{-4320, 2439, 4320},0, {90, 174},{0x9E, 0x8A, 0x64, 0xFF}}},
	{{{-4365, 3879, 1808},0, {-113, -16},{0xA9, 0x93, 0x6D, 0xFF}}},
	{{{-2512, 999, 6066},0, {293, 363},{0x93, 0x7F, 0x5C, 0xFF}}},
	{{{-2829, -294, 6829},0, {293, 534},{0x84, 0x6F, 0x53, 0xFF}}},
	{{{0, -294, 8001},0, {496, 534},{0x89, 0x74, 0x55, 0xFF}}},
	{{{0, 999, 7106},0, {496, 363},{0x94, 0x81, 0x5C, 0xFF}}},
	{{{-2160, 2439, 5215},0, {293, 174},{0x9D, 0x8B, 0x62, 0xFF}}},
	{{{0, 2439, 6110},0, {496, 174},{0x9D, 0x8C, 0x62, 0xFF}}},
	{{{-1808, 3879, 4365},0, {293, -16},{0xA5, 0x93, 0x67, 0xFF}}},
	{{{2512, 999, 6066},0, {699, 363},{0x94, 0x80, 0x5D, 0xFF}}},
	{{{2829, -294, 6829},0, {699, 534},{0x8B, 0x75, 0x58, 0xFF}}},
	{{{5658, -294, 5658},0, {902, 534},{0x8A, 0x74, 0x58, 0xFF}}},
	{{{5025, 999, 5025},0, {902, 363},{0x94, 0x80, 0x5F, 0xFF}}},
	{{{2160, 2439, 5215},0, {699, 174},{0x9E, 0x8B, 0x64, 0xFF}}},
	{{{5025, 999, 5025},0, {902, 363},{0x94, 0x80, 0x5F, 0xFF}}},
	{{{2160, 2439, 5215},0, {699, 174},{0x9E, 0x8B, 0x64, 0xFF}}},
	{{{4320, 2439, 4320},0, {902, 174},{0x9F, 0x8A, 0x66, 0xFF}}},
	{{{1808, 3879, 4365},0, {699, -16},{0xA5, 0x91, 0x69, 0xFF}}},
	{{{6066, 999, 2512},0, {1105, 363},{0x95, 0x7F, 0x60, 0xFF}}},
	{{{6829, -294, 2829},0, {1105, 534},{0x8A, 0x73, 0x58, 0xFF}}},
	{{{8001, -294, 0},0, {1309, 534},{0x8A, 0x73, 0x59, 0xFF}}},
	{{{7106, 999, 0},0, {1309, 363},{0x95, 0x7F, 0x60, 0xFF}}},
	{{{5215, 2439, 2160},0, {1105, 174},{0x9F, 0x89, 0x67, 0xFF}}},
	{{{6110, 2439, 0},0, {1309, 174},{0x9F, 0x89, 0x68, 0xFF}}},
	{{{4365, 3879, 1808},0, {1105, -16},{0xA6, 0x90, 0x6C, 0xFF}}},
	{{{6066, 999, -2512},0, {1512, 363},{0x96, 0x80, 0x60, 0xFF}}},
	{{{6829, -294, -2829},0, {1512, 534},{0x8A, 0x74, 0x58, 0xFF}}},
	{{{5658, -294, -5658},0, {1715, 534},{0x8C, 0x76, 0x58, 0xFF}}},
	{{{5025, 999, -5025},0, {1715, 363},{0x98, 0x83, 0x5F, 0xFF}}},
	{{{5215, 2439, -2160},0, {1512, 174},{0xA0, 0x89, 0x67, 0xFF}}},
	{{{5025, 999, -5025},0, {1715, 363},{0x98, 0x83, 0x5F, 0xFF}}},
	{{{5215, 2439, -2160},0, {1512, 174},{0xA0, 0x89, 0x67, 0xFF}}},
	{{{4320, 2439, -4320},0, {1715, 174},{0xA1, 0x8B, 0x67, 0xFF}}},
	{{{4365, 3879, -1808},0, {1512, -16},{0xA7, 0x91, 0x6D, 0xFF}}},
	{{{2512, 999, -6066},0, {1918, 363},{0x9A, 0x84, 0x61, 0xFF}}},
	{{{2829, -294, -6829},0, {1918, 534},{0x8E, 0x77, 0x59, 0xFF}}},
	{{{5658, -294, -5658},0, {1715, 534},{0x8C, 0x76, 0x58, 0xFF}}},
	{{{3145, -1587, -7593},0, {1918, 704},{0x82, 0x6B, 0x53, 0xA0}}},
	{{{6290, -1587, -6290},0, {1715, 704},{0x81, 0x6A, 0x52, 0xA0}}},
	{{{3426, -3558, -8270},0, {1918, 855},{0x80, 0x68, 0x52, 0x2A}}},
	{{{6851, -3558, -6851},0, {1715, 855},{0x79, 0x62, 0x4E, 0x2A}}},
	{{{7593, -1587, -3145},0, {1512, 704},{0x7B, 0x63, 0x4E, 0xA0}}},
	{{{8270, -3558, -3426},0, {1512, 855},{0x78, 0x62, 0x4E, 0x2A}}},
	{{{8896, -1587, 0},0, {1309, 704},{0x80, 0x68, 0x53, 0xA0}}},
	{{{9689, -3558, 0},0, {1309, 855},{0x8D, 0x6E, 0x5C, 0x2A}}},
	{{{7593, -1587, 3145},0, {1105, 704},{0x81, 0x6A, 0x54, 0xA0}}},
	{{{9689, -3558, 0},0, {1309, 855},{0x8D, 0x6E, 0x5C, 0x2A}}},
	{{{8270, -3558, 3426},0, {1105, 855},{0x7A, 0x64, 0x50, 0x2A}}},
	{{{7593, -1587, 3145},0, {1105, 704},{0x81, 0x6A, 0x54, 0xA0}}},
	{{{6290, -1587, 6290},0, {902, 704},{0x81, 0x6A, 0x53, 0xA0}}},
	{{{6851, -3558, 6851},0, {902, 855},{0x78, 0x62, 0x4E, 0x2A}}},
	{{{3145, -1587, 7593},0, {699, 704},{0x84, 0x6C, 0x54, 0xA0}}},
	{{{3426, -3558, 8270},0, {699, 855},{0x7C, 0x64, 0x50, 0x2A}}},
	{{{0, -1587, 8896},0, {496, 704},{0x84, 0x6B, 0x53, 0xA0}}},
	{{{0, -3558, 9689},0, {496, 855},{0x8E, 0x6D, 0x59, 0x2A}}},
	{{{-3145, -1587, 7593},0, {293, 704},{0x7D, 0x66, 0x50, 0xA0}}},
	{{{-3426, -3558, 8270},0, {293, 855},{0x8A, 0x6A, 0x56, 0x2A}}},
	{{{-6290, -1587, 6290},0, {90, 704},{0x7E, 0x66, 0x51, 0xA0}}},
	{{{-6851, -3558, 6851},0, {90, 855},{0x85, 0x67, 0x53, 0x2A}}},
	{{{-7593, -1587, 3145},0, {-113, 704},{0x7F, 0x67, 0x52, 0xA0}}},
	{{{-8270, -3558, 3426},0, {-113, 855},{0x86, 0x69, 0x55, 0x2A}}},
	{{{-8896, -1587, 0},0, {-317, 704},{0x86, 0x6C, 0x57, 0xA0}}},
	{{{-8270, -3558, 3426},0, {-113, 855},{0x86, 0x69, 0x55, 0x2A}}},
	{{{-9689, -3558, 0},0, {-317, 855},{0x7E, 0x65, 0x51, 0x2A}}},
	{{{-8896, -1587, 0},0, {-317, 704},{0x86, 0x6C, 0x57, 0xA0}}},
	{{{-7593, -1587, -3145},0, {-520, 704},{0x8D, 0x70, 0x5B, 0xA0}}},
	{{{-8270, -3558, -3426},0, {-520, 855},{0x98, 0x74, 0x64, 0x2A}}},
	{{{-6290, -1587, -6290},0, {-723, 704},{0x90, 0x72, 0x5D, 0xA0}}},
	{{{-6851, -3558, -6851},0, {-723, 855},{0x96, 0x73, 0x62, 0x2A}}},
	{{{-5658, -294, -5658},0, {-723, 534},{0x90, 0x77, 0x5C, 0xFF}}},
	{{{-6829, -294, -2829},0, {-520, 534},{0x91, 0x78, 0x5D, 0xFF}}},
	{{{-5025, 999, -5025},0, {-723, 363},{0x99, 0x81, 0x62, 0xFF}}},
	{{{-8001, -294, 0},0, {-317, 534},{0x8E, 0x75, 0x5B, 0xFF}}},
	{{{-7593, -1587, 3145},0, {-113, 704},{0x7F, 0x67, 0x52, 0xA0}}},
	{{{-6829, -294, 2829},0, {-113, 534},{0x89, 0x72, 0x59, 0xFF}}},
	{{{-7106, 999, 0},0, {-317, 363},{0x99, 0x80, 0x62, 0xFF}}},
	{{{-6290, -1587, 6290},0, {90, 704},{0x7E, 0x66, 0x51, 0xA0}}},
	{{{-5658, -294, 5658},0, {90, 534},{0x82, 0x6C, 0x54, 0xFF}}},
	{{{-3145, -1587, 7593},0, {293, 704},{0x7D, 0x66, 0x50, 0xA0}}},
	{{{-6290, -1587, 6290},0, {90, 704},{0x7E, 0x66, 0x51, 0xA0}}},
	{{{-5658, -294, 5658},0, {90, 534},{0x82, 0x6C, 0x54, 0xFF}}},
	{{{-2829, -294, 6829},0, {293, 534},{0x84, 0x6F, 0x53, 0xFF}}},
	{{{-5025, 999, 5025},0, {90, 363},{0x93, 0x7D, 0x5D, 0xFF}}},
	{{{0, -1587, 8896},0, {496, 704},{0x84, 0x6B, 0x53, 0xA0}}},
	{{{0, -294, 8001},0, {496, 534},{0x89, 0x74, 0x55, 0xFF}}},
	{{{3145, -1587, 7593},0, {699, 704},{0x84, 0x6C, 0x54, 0xA0}}},
	{{{2829, -294, 6829},0, {699, 534},{0x8B, 0x75, 0x58, 0xFF}}},
	{{{0, 999, 7106},0, {496, 363},{0x94, 0x81, 0x5C, 0xFF}}},
	{{{6290, -1587, 6290},0, {902, 704},{0x81, 0x6A, 0x53, 0xA0}}},
	{{{5658, -294, 5658},0, {902, 534},{0x8A, 0x74, 0x58, 0xFF}}},
	{{{7593, -1587, 3145},0, {1105, 704},{0x81, 0x6A, 0x54, 0xA0}}},
	{{{6829, -294, 2829},0, {1105, 534},{0x8A, 0x73, 0x58, 0xFF}}},
	{{{5025, 999, 5025},0, {902, 363},{0x94, 0x80, 0x5F, 0xFF}}},
	{{{8896, -1587, 0},0, {1309, 704},{0x80, 0x68, 0x53, 0xA0}}},
	{{{8896, -1587, 0},0, {1309, 704},{0x80, 0x68, 0x53, 0xA0}}},
	{{{6829, -294, 2829},0, {1105, 534},{0x8A, 0x73, 0x58, 0xFF}}},
	{{{8001, -294, 0},0, {1309, 534},{0x8A, 0x73, 0x59, 0xFF}}},
	{{{7593, -1587, -3145},0, {1512, 704},{0x7B, 0x63, 0x4E, 0xA0}}},
	{{{6829, -294, -2829},0, {1512, 534},{0x8A, 0x74, 0x58, 0xFF}}},
	{{{7106, 999, 0},0, {1309, 363},{0x95, 0x7F, 0x60, 0xFF}}},
	{{{6290, -1587, -6290},0, {1715, 704},{0x81, 0x6A, 0x52, 0xA0}}},
	{{{5658, -294, -5658},0, {1715, 534},{0x8C, 0x76, 0x58, 0xFF}}},
	{{{2512, 999, -6066},0, {1918, 363},{0x9A, 0x84, 0x61, 0xFF}}},
	{{{4320, 2439, -4320},0, {1715, 174},{0xA1, 0x8B, 0x67, 0xFF}}},
	{{{2160, 2439, -5215},0, {1918, 174},{0xA5, 0x90, 0x68, 0xFF}}},
};

Gfx totwc_dl_Cylinder_mesh_layer_5_tri_0[] = {
	gsSPVertex(totwc_dl_Cylinder_mesh_layer_5_vtx_0 + 0, 16, 0),
	gsSP1Triangle(0, 1, 2, 0),
	gsSP1Triangle(0, 2, 3, 0),
	gsSP1Triangle(3, 2, 4, 0),
	gsSP1Triangle(3, 4, 5, 0),
	gsSP1Triangle(5, 4, 6, 0),
	gsSP1Triangle(5, 6, 7, 0),
	gsSP1Triangle(7, 6, 8, 0),
	gsSP1Triangle(7, 8, 9, 0),
	gsSP1Triangle(9, 8, 10, 0),
	gsSP1Triangle(9, 10, 11, 0),
	gsSP1Triangle(11, 10, 12, 0),
	gsSP1Triangle(11, 12, 13, 0),
	gsSP1Triangle(13, 12, 14, 0),
	gsSP1Triangle(15, 13, 14, 0),
	gsSPVertex(totwc_dl_Cylinder_mesh_layer_5_vtx_0 + 16, 16, 0),
	gsSP1Triangle(0, 1, 2, 0),
	gsSP1Triangle(3, 4, 0, 0),
	gsSP1Triangle(5, 4, 3, 0),
	gsSP1Triangle(6, 5, 3, 0),
	gsSP1Triangle(6, 3, 7, 0),
	gsSP1Triangle(7, 3, 8, 0),
	gsSP1Triangle(9, 7, 8, 0),
	gsSP1Triangle(9, 8, 10, 0),
	gsSP1Triangle(11, 7, 9, 0),
	gsSP1Triangle(12, 7, 11, 0),
	gsSP1Triangle(13, 12, 11, 0),
	gsSP1Triangle(13, 11, 14, 0),
	gsSP1Triangle(14, 11, 15, 0),
	gsSPVertex(totwc_dl_Cylinder_mesh_layer_5_vtx_0 + 32, 16, 0),
	gsSP1Triangle(0, 1, 2, 0),
	gsSP1Triangle(0, 2, 3, 0),
	gsSP1Triangle(4, 1, 0, 0),
	gsSP1Triangle(5, 1, 4, 0),
	gsSP1Triangle(6, 5, 4, 0),
	gsSP1Triangle(6, 4, 7, 0),
	gsSP1Triangle(7, 4, 8, 0),
	gsSP1Triangle(9, 7, 8, 0),
	gsSP1Triangle(9, 8, 10, 0),
	gsSP1Triangle(11, 7, 9, 0),
	gsSP1Triangle(12, 7, 11, 0),
	gsSP1Triangle(13, 12, 11, 0),
	gsSP1Triangle(13, 11, 14, 0),
	gsSP1Triangle(14, 11, 15, 0),
	gsSPVertex(totwc_dl_Cylinder_mesh_layer_5_vtx_0 + 48, 16, 0),
	gsSP1Triangle(0, 1, 2, 0),
	gsSP1Triangle(0, 2, 3, 0),
	gsSP1Triangle(4, 1, 0, 0),
	gsSP1Triangle(5, 1, 4, 0),
	gsSP1Triangle(6, 5, 4, 0),
	gsSP1Triangle(6, 4, 7, 0),
	gsSP1Triangle(7, 4, 8, 0),
	gsSP1Triangle(9, 7, 8, 0),
	gsSP1Triangle(9, 8, 10, 0),
	gsSP1Triangle(11, 7, 9, 0),
	gsSP1Triangle(12, 7, 11, 0),
	gsSP1Triangle(13, 12, 11, 0),
	gsSP1Triangle(13, 11, 14, 0),
	gsSP1Triangle(14, 11, 15, 0),
	gsSPVertex(totwc_dl_Cylinder_mesh_layer_5_vtx_0 + 64, 16, 0),
	gsSP1Triangle(0, 1, 2, 0),
	gsSP1Triangle(0, 2, 3, 0),
	gsSP1Triangle(4, 1, 0, 0),
	gsSP1Triangle(5, 1, 4, 0),
	gsSP1Triangle(6, 5, 4, 0),
	gsSP1Triangle(6, 4, 7, 0),
	gsSP1Triangle(7, 4, 8, 0),
	gsSP1Triangle(9, 7, 8, 0),
	gsSP1Triangle(9, 8, 10, 0),
	gsSP1Triangle(11, 7, 9, 0),
	gsSP1Triangle(12, 7, 11, 0),
	gsSP1Triangle(12, 6, 7, 0),
	gsSP1Triangle(13, 6, 12, 0),
	gsSP1Triangle(13, 14, 6, 0),
	gsSP1Triangle(15, 14, 13, 0),
	gsSPVertex(totwc_dl_Cylinder_mesh_layer_5_vtx_0 + 80, 16, 0),
	gsSP1Triangle(0, 1, 2, 0),
	gsSP1Triangle(3, 1, 0, 0),
	gsSP1Triangle(3, 4, 1, 0),
	gsSP1Triangle(5, 4, 3, 0),
	gsSP1Triangle(5, 6, 4, 0),
	gsSP1Triangle(7, 6, 5, 0),
	gsSP1Triangle(7, 8, 6, 0),
	gsSP1Triangle(8, 9, 6, 0),
	gsSP1Triangle(8, 10, 9, 0),
	gsSP1Triangle(10, 11, 9, 0),
	gsSP1Triangle(10, 12, 11, 0),
	gsSP1Triangle(12, 13, 11, 0),
	gsSP1Triangle(12, 14, 13, 0),
	gsSP1Triangle(14, 15, 13, 0),
	gsSPVertex(totwc_dl_Cylinder_mesh_layer_5_vtx_0 + 96, 16, 0),
	gsSP1Triangle(0, 1, 2, 0),
	gsSP1Triangle(1, 3, 2, 0),
	gsSP1Triangle(1, 4, 3, 0),
	gsSP1Triangle(4, 5, 3, 0),
	gsSP1Triangle(4, 6, 5, 0),
	gsSP1Triangle(6, 7, 5, 0),
	gsSP1Triangle(6, 8, 7, 0),
	gsSP1Triangle(8, 9, 7, 0),
	gsSP1Triangle(8, 10, 9, 0),
	gsSP1Triangle(10, 11, 9, 0),
	gsSP1Triangle(10, 12, 11, 0),
	gsSP1Triangle(12, 13, 11, 0),
	gsSP1Triangle(12, 14, 13, 0),
	gsSP1Triangle(14, 15, 13, 0),
	gsSPVertex(totwc_dl_Cylinder_mesh_layer_5_vtx_0 + 112, 16, 0),
	gsSP1Triangle(0, 1, 2, 0),
	gsSP1Triangle(1, 3, 2, 0),
	gsSP1Triangle(1, 4, 3, 0),
	gsSP1Triangle(4, 5, 3, 0),
	gsSP1Triangle(4, 6, 5, 0),
	gsSP1Triangle(6, 7, 5, 0),
	gsSP1Triangle(6, 8, 7, 0),
	gsSP1Triangle(5, 7, 9, 0),
	gsSP1Triangle(5, 9, 10, 0),
	gsSP1Triangle(10, 9, 11, 0),
	gsSP1Triangle(10, 11, 12, 0),
	gsSP1Triangle(12, 11, 13, 0),
	gsSP1Triangle(12, 13, 14, 0),
	gsSP1Triangle(14, 13, 15, 0),
	gsSPVertex(totwc_dl_Cylinder_mesh_layer_5_vtx_0 + 128, 16, 0),
	gsSP1Triangle(0, 1, 2, 0),
	gsSP1Triangle(2, 1, 3, 0),
	gsSP1Triangle(4, 0, 2, 0),
	gsSP1Triangle(5, 0, 4, 0),
	gsSP1Triangle(6, 5, 4, 0),
	gsSP1Triangle(6, 4, 7, 0),
	gsSP1Triangle(7, 4, 8, 0),
	gsSP1Triangle(4, 2, 8, 0),
	gsSP1Triangle(7, 8, 9, 0),
	gsSP1Triangle(9, 8, 10, 0),
	gsSP1Triangle(11, 7, 9, 0),
	gsSP1Triangle(12, 7, 11, 0),
	gsSP1Triangle(13, 12, 11, 0),
	gsSP1Triangle(13, 11, 14, 0),
	gsSP1Triangle(14, 11, 15, 0),
	gsSP1Triangle(11, 9, 15, 0),
	gsSPVertex(totwc_dl_Cylinder_mesh_layer_5_vtx_0 + 144, 16, 0),
	gsSP1Triangle(0, 1, 2, 0),
	gsSP1Triangle(2, 1, 3, 0),
	gsSP1Triangle(4, 0, 2, 0),
	gsSP1Triangle(5, 0, 4, 0),
	gsSP1Triangle(6, 5, 4, 0),
	gsSP1Triangle(6, 4, 7, 0),
	gsSP1Triangle(7, 4, 8, 0),
	gsSP1Triangle(4, 2, 8, 0),
	gsSP1Triangle(7, 8, 9, 0),
	gsSP1Triangle(9, 8, 10, 0),
	gsSP1Triangle(11, 7, 9, 0),
	gsSP1Triangle(12, 7, 11, 0),
	gsSP1Triangle(13, 12, 11, 0),
	gsSP1Triangle(13, 11, 14, 0),
	gsSP1Triangle(14, 11, 15, 0),
	gsSP1Triangle(11, 9, 15, 0),
	gsSPVertex(totwc_dl_Cylinder_mesh_layer_5_vtx_0 + 160, 16, 0),
	gsSP1Triangle(0, 1, 2, 0),
	gsSP1Triangle(2, 1, 3, 0),
	gsSP1Triangle(4, 0, 2, 0),
	gsSP1Triangle(5, 0, 4, 0),
	gsSP1Triangle(6, 5, 4, 0),
	gsSP1Triangle(6, 4, 7, 0),
	gsSP1Triangle(7, 4, 8, 0),
	gsSP1Triangle(4, 2, 8, 0),
	gsSP1Triangle(7, 8, 9, 0),
	gsSP1Triangle(9, 8, 10, 0),
	gsSP1Triangle(11, 7, 9, 0),
	gsSP1Triangle(12, 7, 11, 0),
	gsSP1Triangle(13, 12, 11, 0),
	gsSP1Triangle(13, 11, 14, 0),
	gsSP1Triangle(14, 11, 15, 0),
	gsSP1Triangle(11, 9, 15, 0),
	gsSPVertex(totwc_dl_Cylinder_mesh_layer_5_vtx_0 + 176, 16, 0),
	gsSP1Triangle(0, 1, 2, 0),
	gsSP1Triangle(2, 1, 3, 0),
	gsSP1Triangle(4, 0, 2, 0),
	gsSP1Triangle(5, 0, 4, 0),
	gsSP1Triangle(5, 6, 0, 0),
	gsSP1Triangle(7, 6, 5, 0),
	gsSP1Triangle(7, 8, 6, 0),
	gsSP1Triangle(9, 8, 7, 0),
	gsSP1Triangle(9, 10, 8, 0),
	gsSP1Triangle(10, 11, 8, 0),
	gsSP1Triangle(10, 12, 11, 0),
	gsSP1Triangle(12, 13, 11, 0),
	gsSP1Triangle(12, 14, 13, 0),
	gsSP1Triangle(14, 15, 13, 0),
	gsSPVertex(totwc_dl_Cylinder_mesh_layer_5_vtx_0 + 192, 16, 0),
	gsSP1Triangle(0, 1, 2, 0),
	gsSP1Triangle(1, 3, 2, 0),
	gsSP1Triangle(1, 4, 3, 0),
	gsSP1Triangle(4, 5, 3, 0),
	gsSP1Triangle(4, 6, 5, 0),
	gsSP1Triangle(6, 7, 5, 0),
	gsSP1Triangle(6, 8, 7, 0),
	gsSP1Triangle(8, 9, 7, 0),
	gsSP1Triangle(8, 10, 9, 0),
	gsSP1Triangle(10, 11, 9, 0),
	gsSP1Triangle(10, 12, 11, 0),
	gsSP1Triangle(12, 13, 11, 0),
	gsSP1Triangle(12, 14, 13, 0),
	gsSP1Triangle(14, 15, 13, 0),
	gsSPVertex(totwc_dl_Cylinder_mesh_layer_5_vtx_0 + 208, 16, 0),
	gsSP1Triangle(0, 1, 2, 0),
	gsSP1Triangle(1, 3, 2, 0),
	gsSP1Triangle(1, 4, 3, 0),
	gsSP1Triangle(4, 5, 3, 0),
	gsSP1Triangle(4, 6, 5, 0),
	gsSP1Triangle(3, 5, 7, 0),
	gsSP1Triangle(3, 7, 8, 0),
	gsSP1Triangle(8, 7, 9, 0),
	gsSP1Triangle(2, 3, 8, 0),
	gsSP1Triangle(2, 8, 10, 0),
	gsSP1Triangle(11, 2, 10, 0),
	gsSP1Triangle(11, 10, 12, 0),
	gsSP1Triangle(12, 10, 13, 0),
	gsSP1Triangle(14, 11, 12, 0),
	gsSP1Triangle(14, 12, 15, 0),
	gsSPVertex(totwc_dl_Cylinder_mesh_layer_5_vtx_0 + 224, 16, 0),
	gsSP1Triangle(0, 1, 2, 0),
	gsSP1Triangle(0, 2, 3, 0),
	gsSP1Triangle(3, 2, 4, 0),
	gsSP1Triangle(5, 0, 3, 0),
	gsSP1Triangle(5, 3, 6, 0),
	gsSP1Triangle(7, 5, 6, 0),
	gsSP1Triangle(7, 6, 8, 0),
	gsSP1Triangle(8, 6, 9, 0),
	gsSP1Triangle(10, 7, 8, 0),
	gsSP1Triangle(10, 8, 11, 0),
	gsSP1Triangle(12, 10, 11, 0),
	gsSP1Triangle(12, 11, 13, 0),
	gsSP1Triangle(13, 11, 14, 0),
	gsSP1Triangle(15, 12, 13, 0),
	gsSPVertex(totwc_dl_Cylinder_mesh_layer_5_vtx_0 + 240, 11, 0),
	gsSP1Triangle(0, 1, 2, 0),
	gsSP1Triangle(3, 0, 2, 0),
	gsSP1Triangle(3, 2, 4, 0),
	gsSP1Triangle(4, 2, 5, 0),
	gsSP1Triangle(6, 3, 4, 0),
	gsSP1Triangle(6, 4, 7, 0),
	gsSP1Triangle(8, 9, 10, 0),
	gsSPEndDisplayList(),
};

Gfx mat_totwc_dl_spell_sand_001[] = {
	gsDPPipeSync(),
	gsDPSetCombineLERP(TEXEL0, 0, TEXEL1, 0, 0, 0, 0, SHADE, COMBINED, 0, SHADE, 0, 0, 0, 0, COMBINED),
	gsSPClearGeometryMode(G_LIGHTING),
	gsDPSetCycleType(G_CYC_2CYCLE),
	gsSPTexture(65535, 65535, 0, 0, 1),
	gsDPSetTextureLUT(G_TT_RGBA16),
	gsDPSetTextureImage(G_IM_FMT_RGBA, G_IM_SIZ_16b, 1, totwc_dl_FIR_O_DD_SWAMP01_ci4_pal_rgba16),
	gsDPTileSync(),
	gsDPSetTile(0, 0, 0, 256, 7, 0, G_TX_WRAP | G_TX_NOMIRROR, 0, 0, G_TX_WRAP | G_TX_NOMIRROR, 0, 0),
	gsDPLoadSync(),
	gsDPLoadTLUTCmd(7, 13),
	gsDPPipeSync(),
	gsDPTileSync(),
	gsDPSetTextureImage(G_IM_FMT_CI, G_IM_SIZ_16b, 1, totwc_dl_FIR_O_DD_SWAMP01_ci4),
	gsDPSetTile(G_IM_FMT_CI, G_IM_SIZ_16b, 0, 0, 7, 0, G_TX_WRAP | G_TX_NOMIRROR, 6, 0, G_TX_WRAP | G_TX_NOMIRROR, 6, 0),
	gsDPLoadSync(),
	gsDPLoadBlock(7, 0, 0, 1023, 512),
	gsDPPipeSync(),
	gsDPSetTile(G_IM_FMT_CI, G_IM_SIZ_4b, 4, 0, 0, 0, G_TX_WRAP | G_TX_NOMIRROR, 6, 0, G_TX_WRAP | G_TX_NOMIRROR, 6, 0),
	gsDPSetTileSize(0, 0, 0, 252, 252),
	gsDPSetTextureLUT(G_TT_RGBA16),
	gsDPSetTextureImage(G_IM_FMT_RGBA, G_IM_SIZ_16b, 1, totwc_dl_FIR_O_DD_SWAMP01_ci4_pal_rgba16),
	gsDPTileSync(),
	gsDPSetTile(0, 0, 0, 256, 7, 0, G_TX_WRAP | G_TX_NOMIRROR, 0, 0, G_TX_WRAP | G_TX_NOMIRROR, 0, 0),
	gsDPLoadSync(),
	gsDPLoadTLUTCmd(7, 13),
	gsDPPipeSync(),
	gsDPTileSync(),
	gsDPSetTextureImage(G_IM_FMT_CI, G_IM_SIZ_16b, 1, totwc_dl_FIR_O_DD_SWAMP01_ci4),
	gsDPSetTile(G_IM_FMT_CI, G_IM_SIZ_16b, 0, 0, 6, 0, G_TX_WRAP | G_TX_NOMIRROR, 6, 1, G_TX_WRAP | G_TX_NOMIRROR, 6, 1),
	gsDPLoadSync(),
	gsDPLoadBlock(6, 0, 0, 1023, 512),
	gsDPPipeSync(),
	gsDPSetTile(G_IM_FMT_CI, G_IM_SIZ_4b, 4, 0, 1, 0, G_TX_WRAP | G_TX_NOMIRROR, 6, 1, G_TX_WRAP | G_TX_NOMIRROR, 6, 1),
	gsDPSetTileSize(1, 0, 0, 252, 252),
	gsSPSetLights1(totwc_dl_spell_sand_001_lights),
	gsSPEndDisplayList(),
};

Gfx mat_revert_totwc_dl_spell_sand_001[] = {
	gsDPPipeSync(),
	gsSPSetGeometryMode(G_LIGHTING),
	gsDPSetCycleType(G_CYC_1CYCLE),
	gsDPSetTextureLUT(G_TT_NONE),
	gsDPSetTextureLUT(G_TT_NONE),
	gsSPEndDisplayList(),
};

Gfx mat_totwc_dl_spell_sand_xlu[] = {
	gsDPPipeSync(),
	gsDPSetCombineLERP(TEXEL0, 0, TEXEL1, 0, 0, 0, 0, SHADE, COMBINED, 0, SHADE, 0, 0, 0, 0, COMBINED),
	gsSPClearGeometryMode(G_LIGHTING),
	gsDPSetCycleType(G_CYC_2CYCLE),
	gsSPTexture(65535, 65535, 0, 0, 1),
	gsDPSetTextureLUT(G_TT_RGBA16),
	gsDPSetTextureImage(G_IM_FMT_RGBA, G_IM_SIZ_16b, 1, totwc_dl_FIR_O_DD_SWAMP01_ci4_pal_rgba16),
	gsDPTileSync(),
	gsDPSetTile(0, 0, 0, 256, 7, 0, G_TX_WRAP | G_TX_NOMIRROR, 0, 0, G_TX_WRAP | G_TX_NOMIRROR, 0, 0),
	gsDPLoadSync(),
	gsDPLoadTLUTCmd(7, 13),
	gsDPPipeSync(),
	gsDPTileSync(),
	gsDPSetTextureImage(G_IM_FMT_CI, G_IM_SIZ_16b, 1, totwc_dl_FIR_O_DD_SWAMP01_ci4),
	gsDPSetTile(G_IM_FMT_CI, G_IM_SIZ_16b, 0, 0, 7, 0, G_TX_WRAP | G_TX_NOMIRROR, 6, 0, G_TX_WRAP | G_TX_NOMIRROR, 6, 0),
	gsDPLoadSync(),
	gsDPLoadBlock(7, 0, 0, 1023, 512),
	gsDPPipeSync(),
	gsDPSetTile(G_IM_FMT_CI, G_IM_SIZ_4b, 4, 0, 0, 0, G_TX_WRAP | G_TX_NOMIRROR, 6, 0, G_TX_WRAP | G_TX_NOMIRROR, 6, 0),
	gsDPSetTileSize(0, 0, 0, 252, 252),
	gsDPSetTextureLUT(G_TT_RGBA16),
	gsDPSetTextureImage(G_IM_FMT_RGBA, G_IM_SIZ_16b, 1, totwc_dl_FIR_O_DD_SWAMP01_ci4_pal_rgba16),
	gsDPTileSync(),
	gsDPSetTile(0, 0, 0, 256, 7, 0, G_TX_WRAP | G_TX_NOMIRROR, 0, 0, G_TX_WRAP | G_TX_NOMIRROR, 0, 0),
	gsDPLoadSync(),
	gsDPLoadTLUTCmd(7, 13),
	gsDPPipeSync(),
	gsDPTileSync(),
	gsDPSetTextureImage(G_IM_FMT_CI, G_IM_SIZ_16b, 1, totwc_dl_FIR_O_DD_SWAMP01_ci4),
	gsDPSetTile(G_IM_FMT_CI, G_IM_SIZ_16b, 0, 0, 6, 0, G_TX_WRAP | G_TX_NOMIRROR, 6, 1, G_TX_WRAP | G_TX_NOMIRROR, 6, 1),
	gsDPLoadSync(),
	gsDPLoadBlock(6, 0, 0, 1023, 512),
	gsDPPipeSync(),
	gsDPSetTile(G_IM_FMT_CI, G_IM_SIZ_4b, 4, 0, 1, 0, G_TX_WRAP | G_TX_NOMIRROR, 6, 1, G_TX_WRAP | G_TX_NOMIRROR, 6, 1),
	gsDPSetTileSize(1, 0, 0, 252, 252),
	gsSPSetLights1(totwc_dl_spell_sand_xlu_lights),
	gsSPEndDisplayList(),
};

Gfx mat_revert_totwc_dl_spell_sand_xlu[] = {
	gsDPPipeSync(),
	gsSPSetGeometryMode(G_LIGHTING),
	gsDPSetCycleType(G_CYC_1CYCLE),
	gsDPSetTextureLUT(G_TT_NONE),
	gsDPSetTextureLUT(G_TT_NONE),
	gsSPEndDisplayList(),
};

Gfx mat_totwc_dl_CASTLE_STONE_xlu[] = {
	gsDPPipeSync(),
	gsDPSetCombineLERP(TEXEL0, 0, SHADE, 0, 0, 0, 0, SHADE, TEXEL0, 0, SHADE, 0, 0, 0, 0, SHADE),
	gsSPClearGeometryMode(G_LIGHTING),
	gsSPTexture(65535, 65535, 0, 0, 1),
	gsDPSetTextureLUT(G_TT_RGBA16),
	gsDPSetTextureImage(G_IM_FMT_RGBA, G_IM_SIZ_16b, 1, totwc_dl_k12_kb06CI_ci4_pal_rgba16),
	gsDPTileSync(),
	gsDPSetTile(0, 0, 0, 256, 7, 0, G_TX_WRAP | G_TX_NOMIRROR, 0, 0, G_TX_WRAP | G_TX_NOMIRROR, 0, 0),
	gsDPLoadSync(),
	gsDPLoadTLUTCmd(7, 15),
	gsDPPipeSync(),
	gsDPTileSync(),
	gsDPSetTextureImage(G_IM_FMT_CI, G_IM_SIZ_16b, 1, totwc_dl_k12_kb06CI_ci4),
	gsDPSetTile(G_IM_FMT_CI, G_IM_SIZ_16b, 0, 0, 7, 0, G_TX_WRAP | G_TX_NOMIRROR, 6, 0, G_TX_WRAP | G_TX_NOMIRROR, 6, 0),
	gsDPLoadSync(),
	gsDPLoadBlock(7, 0, 0, 1023, 512),
	gsDPPipeSync(),
	gsDPSetTile(G_IM_FMT_CI, G_IM_SIZ_4b, 4, 0, 0, 0, G_TX_WRAP | G_TX_NOMIRROR, 6, 0, G_TX_WRAP | G_TX_NOMIRROR, 6, 0),
	gsDPSetTileSize(0, 0, 0, 252, 252),
	gsSPSetLights1(totwc_dl_CASTLE_STONE_xlu_lights),
	gsSPEndDisplayList(),
};

Gfx mat_revert_totwc_dl_CASTLE_STONE_xlu[] = {
	gsDPPipeSync(),
	gsSPSetGeometryMode(G_LIGHTING),
	gsDPSetTextureLUT(G_TT_NONE),
	gsSPEndDisplayList(),
};

Gfx mat_totwc_dl_CASTLE_STONE[] = {
	gsDPPipeSync(),
	gsDPSetCombineLERP(TEXEL0, 0, SHADE, 0, 0, 0, 0, ENVIRONMENT, TEXEL0, 0, SHADE, 0, 0, 0, 0, ENVIRONMENT),
	gsSPClearGeometryMode(G_LIGHTING),
	gsSPTexture(65535, 65535, 0, 0, 1),
	gsDPSetTextureLUT(G_TT_RGBA16),
	gsDPSetTextureImage(G_IM_FMT_RGBA, G_IM_SIZ_16b, 1, totwc_dl_k12_kb06CI_ci4_pal_rgba16),
	gsDPTileSync(),
	gsDPSetTile(0, 0, 0, 256, 7, 0, G_TX_WRAP | G_TX_NOMIRROR, 0, 0, G_TX_WRAP | G_TX_NOMIRROR, 0, 0),
	gsDPLoadSync(),
	gsDPLoadTLUTCmd(7, 15),
	gsDPPipeSync(),
	gsDPTileSync(),
	gsDPSetTextureImage(G_IM_FMT_CI, G_IM_SIZ_16b, 1, totwc_dl_k12_kb06CI_ci4),
	gsDPSetTile(G_IM_FMT_CI, G_IM_SIZ_16b, 0, 0, 7, 0, G_TX_WRAP | G_TX_NOMIRROR, 6, 0, G_TX_WRAP | G_TX_NOMIRROR, 6, 0),
	gsDPLoadSync(),
	gsDPLoadBlock(7, 0, 0, 1023, 512),
	gsDPPipeSync(),
	gsDPSetTile(G_IM_FMT_CI, G_IM_SIZ_4b, 4, 0, 0, 0, G_TX_WRAP | G_TX_NOMIRROR, 6, 0, G_TX_WRAP | G_TX_NOMIRROR, 6, 0),
	gsDPSetTileSize(0, 0, 0, 252, 252),
	gsSPSetLights1(totwc_dl_CASTLE_STONE_lights),
	gsSPEndDisplayList(),
};

Gfx mat_revert_totwc_dl_CASTLE_STONE[] = {
	gsDPPipeSync(),
	gsSPSetGeometryMode(G_LIGHTING),
	gsDPSetTextureLUT(G_TT_NONE),
	gsSPEndDisplayList(),
};

Gfx mat_totwc_dl_castling[] = {
	gsDPPipeSync(),
	gsDPSetCombineLERP(TEXEL0, 0, SHADE, 0, 0, 0, 0, ENVIRONMENT, TEXEL0, 0, SHADE, 0, 0, 0, 0, ENVIRONMENT),
	gsSPClearGeometryMode(G_CULL_BACK | G_LIGHTING),
	gsSPTexture(65535, 65535, 0, 0, 1),
	gsDPSetTextureLUT(G_TT_RGBA16),
	gsDPSetTextureImage(G_IM_FMT_RGBA, G_IM_SIZ_16b, 1, totwc_dl_OSC_O_M_WALL06_ci4_pal_rgba16),
	gsDPTileSync(),
	gsDPSetTile(0, 0, 0, 256, 7, 0, G_TX_WRAP | G_TX_NOMIRROR, 0, 0, G_TX_WRAP | G_TX_NOMIRROR, 0, 0),
	gsDPLoadSync(),
	gsDPLoadTLUTCmd(7, 15),
	gsDPPipeSync(),
	gsDPTileSync(),
	gsDPSetTextureImage(G_IM_FMT_CI, G_IM_SIZ_16b, 1, totwc_dl_OSC_O_M_WALL06_ci4),
	gsDPSetTile(G_IM_FMT_CI, G_IM_SIZ_16b, 0, 0, 7, 0, G_TX_WRAP | G_TX_NOMIRROR, 5, 0, G_TX_WRAP | G_TX_NOMIRROR, 7, 0),
	gsDPLoadSync(),
	gsDPLoadBlock(7, 0, 0, 1023, 256),
	gsDPPipeSync(),
	gsDPSetTile(G_IM_FMT_CI, G_IM_SIZ_4b, 8, 0, 0, 0, G_TX_WRAP | G_TX_NOMIRROR, 5, 0, G_TX_WRAP | G_TX_NOMIRROR, 7, 0),
	gsDPSetTileSize(0, 0, 0, 508, 124),
	gsSPSetLights1(totwc_dl_castling_lights),
	gsSPEndDisplayList(),
};

Gfx mat_revert_totwc_dl_castling[] = {
	gsDPPipeSync(),
	gsSPSetGeometryMode(G_CULL_BACK | G_LIGHTING),
	gsDPSetTextureLUT(G_TT_NONE),
	gsSPEndDisplayList(),
};

Gfx mat_totwc_dl_castle_stone_2[] = {
	gsDPPipeSync(),
	gsDPSetCombineLERP(TEXEL0, 0, SHADE, 0, 0, 0, 0, ENVIRONMENT, TEXEL0, 0, SHADE, 0, 0, 0, 0, ENVIRONMENT),
	gsSPClearGeometryMode(G_LIGHTING),
	gsSPTexture(65535, 65535, 0, 0, 1),
	gsDPSetTextureLUT(G_TT_RGBA16),
	gsDPSetTextureImage(G_IM_FMT_RGBA, G_IM_SIZ_16b, 1, totwc_dl_m00_pla_wall2_ci4_pal_rgba16),
	gsDPTileSync(),
	gsDPSetTile(0, 0, 0, 256, 7, 0, G_TX_WRAP | G_TX_NOMIRROR, 0, 0, G_TX_WRAP | G_TX_NOMIRROR, 0, 0),
	gsDPLoadSync(),
	gsDPLoadTLUTCmd(7, 14),
	gsDPPipeSync(),
	gsDPTileSync(),
	gsDPSetTextureImage(G_IM_FMT_CI, G_IM_SIZ_16b, 1, totwc_dl_m00_pla_wall2_ci4),
	gsDPSetTile(G_IM_FMT_CI, G_IM_SIZ_16b, 0, 0, 7, 0, G_TX_WRAP | G_TX_NOMIRROR, 6, 0, G_TX_WRAP | G_TX_NOMIRROR, 6, 0),
	gsDPLoadSync(),
	gsDPLoadBlock(7, 0, 0, 1023, 512),
	gsDPPipeSync(),
	gsDPSetTile(G_IM_FMT_CI, G_IM_SIZ_4b, 4, 0, 0, 0, G_TX_WRAP | G_TX_NOMIRROR, 6, 0, G_TX_WRAP | G_TX_NOMIRROR, 6, 0),
	gsDPSetTileSize(0, 0, 0, 252, 252),
	gsSPSetLights1(totwc_dl_castle_stone_2_lights),
	gsSPEndDisplayList(),
};

Gfx mat_revert_totwc_dl_castle_stone_2[] = {
	gsDPPipeSync(),
	gsSPSetGeometryMode(G_LIGHTING),
	gsDPSetTextureLUT(G_TT_NONE),
	gsSPEndDisplayList(),
};

Gfx mat_totwc_dl_castle_brick_top[] = {
	gsDPPipeSync(),
	gsDPSetCombineLERP(TEXEL0, 0, SHADE, 0, 0, 0, 0, ENVIRONMENT, TEXEL0, 0, SHADE, 0, 0, 0, 0, ENVIRONMENT),
	gsSPClearGeometryMode(G_LIGHTING),
	gsSPTexture(65535, 65535, 0, 0, 1),
	gsDPSetTextureLUT(G_TT_RGBA16),
	gsDPSetTextureImage(G_IM_FMT_RGBA, G_IM_SIZ_16b, 1, totwc_dl_m11_4001_CI_ci4_pal_rgba16),
	gsDPTileSync(),
	gsDPSetTile(0, 0, 0, 256, 7, 0, G_TX_WRAP | G_TX_NOMIRROR, 0, 0, G_TX_WRAP | G_TX_NOMIRROR, 0, 0),
	gsDPLoadSync(),
	gsDPLoadTLUTCmd(7, 15),
	gsDPPipeSync(),
	gsDPTileSync(),
	gsDPSetTextureImage(G_IM_FMT_CI, G_IM_SIZ_16b, 1, totwc_dl_m11_4001_CI_ci4),
	gsDPSetTile(G_IM_FMT_CI, G_IM_SIZ_16b, 0, 0, 7, 0, G_TX_WRAP | G_TX_MIRROR, 6, 0, G_TX_WRAP | G_TX_MIRROR, 6, 0),
	gsDPLoadSync(),
	gsDPLoadBlock(7, 0, 0, 1023, 512),
	gsDPPipeSync(),
	gsDPSetTile(G_IM_FMT_CI, G_IM_SIZ_4b, 4, 0, 0, 0, G_TX_WRAP | G_TX_MIRROR, 6, 0, G_TX_WRAP | G_TX_MIRROR, 6, 0),
	gsDPSetTileSize(0, 0, 0, 252, 252),
	gsSPSetLights1(totwc_dl_castle_brick_top_lights),
	gsSPEndDisplayList(),
};

Gfx mat_revert_totwc_dl_castle_brick_top[] = {
	gsDPPipeSync(),
	gsSPSetGeometryMode(G_LIGHTING),
	gsDPSetTextureLUT(G_TT_NONE),
	gsSPEndDisplayList(),
};

Gfx mat_totwc_dl_brid[] = {
	gsDPPipeSync(),
	gsDPSetCombineLERP(TEXEL0, 0, SHADE, 0, TEXEL0, 0, ENVIRONMENT, 0, TEXEL0, 0, SHADE, 0, TEXEL0, 0, ENVIRONMENT, 0),
	gsSPClearGeometryMode(G_CULL_BACK),
	gsSPTexture(65535, 65535, 0, 0, 1),
	gsDPTileSync(),
	gsDPSetTextureImage(G_IM_FMT_IA, G_IM_SIZ_8b_LOAD_BLOCK, 1, totwc_dl_Bars_ia8),
	gsDPSetTile(G_IM_FMT_IA, G_IM_SIZ_8b_LOAD_BLOCK, 0, 0, 7, 0, G_TX_WRAP | G_TX_NOMIRROR, 5, 0, G_TX_WRAP | G_TX_NOMIRROR, 5, 0),
	gsDPLoadSync(),
	gsDPLoadBlock(7, 0, 0, 511, 512),
	gsDPPipeSync(),
	gsDPSetTile(G_IM_FMT_IA, G_IM_SIZ_8b, 4, 0, 0, 0, G_TX_WRAP | G_TX_NOMIRROR, 5, 0, G_TX_WRAP | G_TX_NOMIRROR, 5, 0),
	gsDPSetTileSize(0, 0, 0, 124, 124),
	gsSPSetLights1(totwc_dl_brid_lights),
	gsSPEndDisplayList(),
};

Gfx mat_revert_totwc_dl_brid[] = {
	gsDPPipeSync(),
	gsSPSetGeometryMode(G_CULL_BACK),
	gsSPEndDisplayList(),
};

Gfx mat_totwc_dl_castling_top[] = {
	gsDPPipeSync(),
	gsDPSetCombineLERP(TEXEL0, 0, TEXEL1, 0, 0, 0, 0, ENVIRONMENT, COMBINED, 0, SHADE, 0, 0, 0, 0, COMBINED),
	gsSPClearGeometryMode(G_LIGHTING),
	gsDPSetCycleType(G_CYC_2CYCLE),
	gsSPTexture(65535, 65535, 0, 0, 1),
	gsDPSetTextureLUT(G_TT_RGBA16),
	gsDPSetTextureImage(G_IM_FMT_RGBA, G_IM_SIZ_16b, 1, totwc_dl_cs_soil13_alb_ci8_pal_rgba16),
	gsDPTileSync(),
	gsDPSetTile(0, 0, 0, 256, 7, 0, G_TX_WRAP | G_TX_NOMIRROR, 0, 0, G_TX_WRAP | G_TX_NOMIRROR, 0, 0),
	gsDPLoadSync(),
	gsDPLoadTLUTCmd(7, 22),
	gsDPPipeSync(),
	gsDPTileSync(),
	gsDPSetTextureImage(G_IM_FMT_CI, G_IM_SIZ_8b_LOAD_BLOCK, 1, totwc_dl_cs_soil13_alb_ci8),
	gsDPSetTile(G_IM_FMT_CI, G_IM_SIZ_8b_LOAD_BLOCK, 0, 0, 7, 0, G_TX_WRAP | G_TX_NOMIRROR, 5, 2, G_TX_WRAP | G_TX_NOMIRROR, 5, 2),
	gsDPLoadSync(),
	gsDPLoadBlock(7, 0, 0, 511, 512),
	gsDPPipeSync(),
	gsDPSetTile(G_IM_FMT_CI, G_IM_SIZ_8b, 4, 0, 0, 0, G_TX_WRAP | G_TX_NOMIRROR, 5, 2, G_TX_WRAP | G_TX_NOMIRROR, 5, 2),
	gsDPSetTileSize(0, 0, 0, 124, 124),
	gsDPSetTextureLUT(G_TT_RGBA16),
	gsDPSetTextureImage(G_IM_FMT_RGBA, G_IM_SIZ_16b, 1, totwc_dl_tempImgEd002C_ci8_pal_rgba16),
	gsDPTileSync(),
	gsDPSetTile(0, 0, 0, 256, 7, 0, G_TX_WRAP | G_TX_NOMIRROR, 0, 0, G_TX_WRAP | G_TX_NOMIRROR, 0, 0),
	gsDPLoadSync(),
	gsDPLoadTLUTCmd(7, 25),
	gsDPPipeSync(),
	gsDPTileSync(),
	gsDPSetTextureImage(G_IM_FMT_CI, G_IM_SIZ_8b_LOAD_BLOCK, 1, totwc_dl_tempImgEd002C_ci8),
	gsDPSetTile(G_IM_FMT_CI, G_IM_SIZ_8b_LOAD_BLOCK, 0, 128, 6, 0, G_TX_WRAP | G_TX_NOMIRROR, 6, 0, G_TX_WRAP | G_TX_NOMIRROR, 6, 0),
	gsDPLoadSync(),
	gsDPLoadBlock(6, 0, 0, 511, 512),
	gsDPPipeSync(),
	gsDPSetTile(G_IM_FMT_CI, G_IM_SIZ_8b, 8, 128, 1, 0, G_TX_WRAP | G_TX_NOMIRROR, 6, 0, G_TX_WRAP | G_TX_NOMIRROR, 6, 0),
	gsDPSetTileSize(1, 0, 0, 252, 252),
	gsSPSetLights1(totwc_dl_castling_top_lights),
	gsSPEndDisplayList(),
};

Gfx mat_revert_totwc_dl_castling_top[] = {
	gsDPPipeSync(),
	gsSPSetGeometryMode(G_LIGHTING),
	gsDPSetCycleType(G_CYC_1CYCLE),
	gsDPSetTextureLUT(G_TT_NONE),
	gsDPSetTextureLUT(G_TT_NONE),
	gsSPEndDisplayList(),
};

Gfx mat_totwc_dl_swap_bg[] = {
	gsDPPipeSync(),
	gsDPSetCombineLERP(0, 0, 0, SHADE, 0, 0, 0, SHADE, 0, 0, 0, SHADE, 0, 0, 0, SHADE),
	gsSPClearGeometryMode(G_LIGHTING),
	gsSPTexture(65535, 65535, 0, 0, 1),
	gsSPSetLights1(totwc_dl_swap_bg_lights),
	gsSPEndDisplayList(),
};

Gfx mat_revert_totwc_dl_swap_bg[] = {
	gsDPPipeSync(),
	gsSPSetGeometryMode(G_LIGHTING),
	gsSPEndDisplayList(),
};

Gfx totwc_dl_Cone_mesh_layer_1[] = {
	gsSPDisplayList(mat_totwc_dl_spell_sand_001),
	gsSPDisplayList(totwc_dl_Cone_mesh_layer_1_tri_0),
	gsSPDisplayList(mat_revert_totwc_dl_spell_sand_001),
	gsSPEndDisplayList(),
};

Gfx totwc_dl_Cone_mesh_layer_5[] = {
	gsSPDisplayList(mat_totwc_dl_spell_sand_xlu),
	gsSPDisplayList(totwc_dl_Cone_mesh_layer_5_tri_0),
	gsSPDisplayList(mat_revert_totwc_dl_spell_sand_xlu),
	gsSPEndDisplayList(),
};

Gfx totwc_dl_Cube_060_mesh_layer_5[] = {
	gsSPDisplayList(mat_totwc_dl_CASTLE_STONE_xlu),
	gsSPDisplayList(totwc_dl_Cube_060_mesh_layer_5_tri_0),
	gsSPDisplayList(mat_revert_totwc_dl_CASTLE_STONE_xlu),
	gsSPEndDisplayList(),
};

Gfx totwc_dl_Cube_060_mesh_layer_1[] = {
	gsSPDisplayList(mat_totwc_dl_CASTLE_STONE),
	gsSPDisplayList(totwc_dl_Cube_060_mesh_layer_1_tri_0),
	gsSPDisplayList(mat_revert_totwc_dl_CASTLE_STONE),
	gsSPDisplayList(mat_totwc_dl_castling),
	gsSPDisplayList(totwc_dl_Cube_060_mesh_layer_1_tri_1),
	gsSPDisplayList(mat_revert_totwc_dl_castling),
	gsSPDisplayList(mat_totwc_dl_castle_stone_2),
	gsSPDisplayList(totwc_dl_Cube_060_mesh_layer_1_tri_2),
	gsSPDisplayList(mat_revert_totwc_dl_castle_stone_2),
	gsSPDisplayList(mat_totwc_dl_castle_brick_top),
	gsSPDisplayList(totwc_dl_Cube_060_mesh_layer_1_tri_3),
	gsSPDisplayList(mat_revert_totwc_dl_castle_brick_top),
	gsSPDisplayList(mat_totwc_dl_castling_top),
	gsSPDisplayList(totwc_dl_Cube_060_mesh_layer_1_tri_4),
	gsSPDisplayList(mat_revert_totwc_dl_castling_top),
	gsSPEndDisplayList(),
};

Gfx totwc_dl_Cube_060_mesh_layer_4[] = {
	gsSPDisplayList(mat_totwc_dl_brid),
	gsSPDisplayList(totwc_dl_Cube_060_mesh_layer_4_tri_0),
	gsSPDisplayList(mat_revert_totwc_dl_brid),
	gsSPEndDisplayList(),
};

Gfx totwc_dl_Cylinder_mesh_layer_5[] = {
	gsSPDisplayList(mat_totwc_dl_swap_bg),
	gsSPDisplayList(totwc_dl_Cylinder_mesh_layer_5_tri_0),
	gsSPDisplayList(mat_revert_totwc_dl_swap_bg),
	gsSPEndDisplayList(),
};

Gfx totwc_dl_material_revert_render_settings[] = {
	gsDPPipeSync(),
	gsSPSetGeometryMode(G_LIGHTING),
	gsSPClearGeometryMode(G_TEXTURE_GEN),
	gsDPSetCombineLERP(0, 0, 0, SHADE, 0, 0, 0, ENVIRONMENT, 0, 0, 0, SHADE, 0, 0, 0, ENVIRONMENT),
	gsSPTexture(65535, 65535, 0, 0, 0),
	gsDPSetEnvColor(255, 255, 255, 255),
	gsDPSetAlphaCompare(G_AC_NONE),
	gsSPEndDisplayList(),
};

