Lights1 wmotr_dl_nice_lights = gdSPDefLights1(
	0x7F, 0x7F, 0x7F,
	0xFF, 0xFF, 0xFF, 0x28, 0x28, 0x28);

Lights1 wmotr_dl_rock_lights = gdSPDefLights1(
	0x59, 0x35, 0x15,
	0xB6, 0x71, 0x35, 0x28, 0x28, 0x28);

Gfx wmotr_dl__0E00F010_rgba16_aligner[] = {gsSPEndDisplayList()};
u8 wmotr_dl__0E00F010_rgba16[] = {
	0xbc, 0x15, 0xbc, 0x15, 0xbc, 0x15, 0xb3, 0x8f, 
	0x9b, 0x0d, 0x9b, 0x0d, 0xbb, 0xd3, 0xbb, 0xd3, 
	0x72, 0x49, 0x49, 0x87, 0x92, 0xcd, 0xbb, 0xd3, 
	0xa3, 0x4f, 0x7a, 0x4b, 0xa3, 0x4f, 0x7a, 0x4b, 
	0x82, 0x8b, 0xbb, 0xd3, 0xbb, 0xd3, 0xbb, 0xd3, 
	0xc4, 0x59, 0xab, 0x4f, 0x61, 0xc9, 0x61, 0xc9, 
	0x59, 0xc7, 0x41, 0x45, 0x41, 0x45, 0x92, 0xcd, 
	0xc4, 0x57, 0xc4, 0x57, 0xc4, 0x57, 0xc4, 0x57, 
	0xbc, 0x15, 0xbc, 0x15, 0xb3, 0x8f, 0xb3, 0x8f, 
	0x9b, 0x0d, 0xbb, 0xd3, 0xbb, 0xd3, 0x9b, 0x0d, 
	0x49, 0x87, 0x49, 0x87, 0x92, 0xcd, 0x92, 0xcd, 
	0x7a, 0x4b, 0xa3, 0x4f, 0xa3, 0x4f, 0x7a, 0x4b, 
	0x82, 0x8b, 0xbb, 0xd3, 0xbb, 0xd3, 0xc4, 0x9b, 
	0xc4, 0x59, 0x92, 0xcd, 0x92, 0xcd, 0x92, 0xcd, 
	0x72, 0x49, 0x72, 0x49, 0x59, 0xc7, 0x72, 0x49, 
	0xc4, 0x57, 0xc4, 0x57, 0xbb, 0xd1, 0xc4, 0x57, 
	0xbc, 0x15, 0xb3, 0x8f, 0x92, 0xcd, 0x92, 0xcd, 
	0x9b, 0x0d, 0x9b, 0x0d, 0x82, 0x8b, 0x39, 0x05, 
	0x49, 0x87, 0x49, 0x87, 0x49, 0x87, 0x49, 0x87, 
	0x18, 0x83, 0x18, 0x83, 0x41, 0x45, 0x18, 0x83, 
	0x59, 0xc7, 0xbb, 0xd3, 0xbb, 0xd3, 0xc4, 0x9b, 
	0x92, 0xcd, 0xab, 0x4f, 0xab, 0x4f, 0x92, 0xcd, 
	0x92, 0xcd, 0x92, 0xcd, 0x59, 0xc7, 0x59, 0xc7, 
	0x72, 0x49, 0xbb, 0xd1, 0xbb, 0xd1, 0xbb, 0xd1, 
	0xb3, 0x8f, 0x92, 0xcd, 0x92, 0xcd, 0x92, 0xcd, 
	0x82, 0x8b, 0x39, 0x05, 0x39, 0x05, 0x39, 0x05, 
	0x49, 0x87, 0x72, 0x49, 0x72, 0x49, 0x72, 0x49, 
	0x41, 0x45, 0x41, 0x45, 0x41, 0x45, 0x41, 0x45, 
	0x59, 0xc7, 0x59, 0xc7, 0x82, 0x8b, 0x59, 0xc7, 
	0xab, 0x4f, 0xc4, 0x59, 0xc4, 0x59, 0xab, 0x4f, 
	0x92, 0xcd, 0x92, 0xcd, 0x72, 0x49, 0x72, 0x49, 
	0x72, 0x49, 0x72, 0x49, 0xa3, 0x4f, 0xc4, 0x57, 
	0x92, 0xcd, 0x92, 0xcd, 0x92, 0xcd, 0x92, 0xcd, 
	0x41, 0x45, 0x41, 0x45, 0x6a, 0x09, 0x6a, 0x09, 
	0x92, 0xcd, 0x92, 0xcd, 0x92, 0xcd, 0x92, 0xcd, 
	0x92, 0xcd, 0x9b, 0x0d, 0x92, 0xcd, 0x92, 0xcd, 
	0x6a, 0x09, 0x8a, 0x8b, 0x8a, 0x8b, 0x8a, 0x8b, 
	0xbc, 0x15, 0xc4, 0x9b, 0xbc, 0x15, 0xbb, 0xd3, 
	0xa3, 0x4f, 0x92, 0xcd, 0x72, 0x49, 0x72, 0x49, 
	0x82, 0x8b, 0x82, 0x8b, 0x82, 0x8b, 0x82, 0x8b, 
	0x7a, 0x4b, 0x59, 0xc7, 0x59, 0xc7, 0x59, 0xc7, 
	0x41, 0x45, 0x6a, 0x09, 0x8a, 0x8b, 0x8a, 0x8b, 
	0xb3, 0x8f, 0xb3, 0x8f, 0xb3, 0x8f, 0xb3, 0x8f, 
	0x9b, 0x0d, 0x9b, 0x0d, 0x9b, 0x0d, 0x9b, 0x0d, 
	0x8a, 0x8b, 0x8a, 0x8b, 0xa3, 0x4f, 0xbb, 0xd3, 
	0xc4, 0x9b, 0xc4, 0x9b, 0xc4, 0x9b, 0xb3, 0x8f, 
	0xa3, 0x4f, 0x92, 0xcd, 0x72, 0x49, 0x82, 0x8b, 
	0x82, 0x8b, 0x92, 0xcd, 0x92, 0xcd, 0x82, 0x8b, 
	0x7a, 0x4b, 0x59, 0xc7, 0x59, 0xc7, 0x28, 0xc3, 
	0x6a, 0x09, 0x8a, 0x8b, 0xb3, 0x8f, 0xb3, 0x8f, 
	0xb3, 0x8f, 0xbc, 0x15, 0xb3, 0x8f, 0xbc, 0x15, 
	0xa3, 0x4f, 0xa3, 0x4f, 0xa3, 0x4f, 0xa3, 0x4f, 
	0xa3, 0x4f, 0x6a, 0x09, 0x8a, 0x8b, 0xbb, 0xd3, 
	0xc4, 0x9b, 0xc4, 0x9b, 0xc4, 0x9b, 0xb3, 0x8f, 
	0xa3, 0x4f, 0x92, 0xcd, 0xa3, 0x4f, 0x92, 0xcd, 
	0x6a, 0x09, 0x92, 0xcd, 0x92, 0xcd, 0x92, 0xcd, 
	0x92, 0xcd, 0x7a, 0x4b, 0x7a, 0x4b, 0x59, 0xc7, 
	0x8a, 0x8b, 0xb3, 0x8f, 0xb3, 0x8f, 0xb3, 0x8f, 
	0xbc, 0x15, 0xbc, 0x15, 0xcc, 0x9d, 0xcc, 0x9d, 
	0xbb, 0xd1, 0xbb, 0xd1, 0xbb, 0xd1, 0xbb, 0xd1, 
	0xbb, 0xd3, 0x6a, 0x09, 0x8a, 0x8b, 0xbb, 0xd3, 
	0xc4, 0x9b, 0xbc, 0x15, 0xc4, 0x9b, 0xbb, 0xd3, 
	0xa3, 0x4f, 0xa3, 0x4f, 0xa3, 0x4f, 0x92, 0xcd, 
	0x82, 0x8b, 0x92, 0xcd, 0xb3, 0x8f, 0xb3, 0x8f, 
	0xb3, 0x8f, 0x8a, 0x8b, 0x6a, 0x09, 0x6a, 0x09, 
	0x9b, 0x0d, 0xbb, 0xd3, 0xc4, 0x57, 0xbb, 0xd3, 
	0xbb, 0xd3, 0xb3, 0x8f, 0xbc, 0x15, 0xc4, 0x9b, 
	0xc4, 0x57, 0xbb, 0xd3, 0xbb, 0xd3, 0xbb, 0xd3, 
	0xb3, 0x8f, 0x72, 0x49, 0x59, 0xc7, 0xb3, 0x8f, 
	0xbc, 0x15, 0xbc, 0x15, 0xc4, 0x9b, 0xbb, 0xd3, 
	0xb3, 0x8f, 0xbb, 0xd3, 0xc4, 0x59, 0xa3, 0x4f, 
	0x93, 0x0d, 0xab, 0x4f, 0xbc, 0x15, 0xbc, 0x15, 
	0xb3, 0x8f, 0x8a, 0x8b, 0x41, 0x45, 0x6a, 0x09, 
	0x9b, 0x0d, 0x9b, 0x0d, 0xbb, 0xd3, 0xbb, 0xd3, 
	0xbb, 0xd3, 0xbb, 0xd3, 0xbc, 0x15, 0xbc, 0x15, 
	0xbb, 0xd3, 0xb3, 0x8f, 0xbb, 0xd3, 0xbb, 0xd3, 
	0xb3, 0x8f, 0x59, 0xc7, 0x72, 0x49, 0xb3, 0x8f, 
	0xb3, 0x8f, 0xbc, 0x15, 0xbb, 0xd3, 0xbc, 0x15, 
	0xc4, 0x59, 0xbb, 0xd3, 0xbb, 0xd3, 0xa3, 0x4f, 
	0xab, 0x4f, 0xab, 0x4f, 0x93, 0x0d, 0xab, 0x4f, 
	0x6a, 0x09, 0x6a, 0x09, 0x6a, 0x09, 0x8a, 0x8b, 
	0x9b, 0x0d, 0x9b, 0x0d, 0x9b, 0x0d, 0xb3, 0x8f, 
	0xb3, 0x8f, 0xbc, 0x15, 0xbb, 0xd3, 0xbc, 0x15, 
	0xc4, 0x57, 0xc4, 0x57, 0xbb, 0xd3, 0xb3, 0x8f, 
	0x72, 0x49, 0x59, 0xc7, 0xb3, 0x8f, 0xb3, 0x8f, 
	0xb3, 0x8f, 0xbb, 0xd3, 0xbc, 0x15, 0xbc, 0x15, 
	0xc4, 0x59, 0xbb, 0xd3, 0xb3, 0x8f, 0xb3, 0x8f, 
	0x93, 0x0d, 0x72, 0x09, 0x72, 0x09, 0x72, 0x09, 
	0x41, 0x45, 0x6a, 0x09, 0x8a, 0x8b, 0xb3, 0x8f, 
	0xb3, 0x8f, 0x9b, 0x0d, 0x9b, 0x0d, 0xb3, 0x8f, 
	0xbb, 0xd3, 0xbb, 0xd3, 0xc4, 0x9b, 0xbc, 0x15, 
	0xc4, 0x57, 0xc4, 0x57, 0xbb, 0xd3, 0x9b, 0x0d, 
	0x72, 0x49, 0x9b, 0x0d, 0xb3, 0x8f, 0xb3, 0x8f, 
	0xb3, 0x8f, 0xb3, 0x8f, 0xb3, 0x8f, 0xc4, 0x9b, 
	0xc4, 0x59, 0xbb, 0xd3, 0xbb, 0xd3, 0xb3, 0x8f, 
	0xab, 0x4f, 0x72, 0x09, 0x72, 0x09, 0x72, 0x09, 
	0x41, 0x45, 0x7a, 0x4b, 0xa3, 0x4f, 0xa3, 0x4f, 
	0x9b, 0x0d, 0x9b, 0x0d, 0xa3, 0x4f, 0xa3, 0x4f, 
	0xbb, 0xd3, 0xc4, 0x59, 0xc4, 0x59, 0xc4, 0x59, 
	0xbc, 0x15, 0xbc, 0x15, 0xbc, 0x15, 0x7a, 0x4b, 
	0x9b, 0x0d, 0x9b, 0x0d, 0xb3, 0x8f, 0xb3, 0x8f, 
	0xbb, 0xd1, 0xa3, 0x4f, 0xa3, 0x4f, 0xbb, 0xd1, 
	0xc4, 0x59, 0xbb, 0xd3, 0xb3, 0x8f, 0xb3, 0x8f, 
	0xb3, 0x8f, 0x82, 0x8b, 0x82, 0x8b, 0x59, 0xc7, 
	0x18, 0x83, 0x7a, 0x4b, 0xa3, 0x4f, 0xa3, 0x4f, 
	0xa3, 0x4f, 0xa3, 0x4f, 0xbb, 0xd1, 0xbb, 0xd1, 
	0xc4, 0x59, 0xc4, 0x59, 0xc4, 0x59, 0xc4, 0x59, 
	0xbc, 0x15, 0xbc, 0x15, 0x59, 0xc7, 0x7a, 0x4b, 
	0xb3, 0x8f, 0x9b, 0x0d, 0xb3, 0x8f, 0xb3, 0x8f, 
	0xbb, 0xd1, 0xbb, 0xd1, 0xa3, 0x4f, 0xa3, 0x4f, 
	0xbb, 0xd3, 0xb3, 0x8f, 0xbb, 0xd3, 0xb3, 0x8f, 
	0xb3, 0x8f, 0x82, 0x8b, 0x82, 0x8b, 0x59, 0xc7, 
	0x41, 0x45, 0x7a, 0x4b, 0xa3, 0x4f, 0xa3, 0x4f, 
	0xa3, 0x4f, 0xa3, 0x4f, 0xbb, 0xd1, 0xbb, 0xd1, 
	0xbb, 0xd3, 0xc4, 0x59, 0xc4, 0x59, 0xbb, 0xd3, 
	0x9b, 0x0d, 0x59, 0xc7, 0x59, 0xc7, 0x59, 0xc7, 
	0x72, 0x49, 0x9b, 0x0d, 0xb3, 0x8f, 0xb3, 0x8f, 
	0xbb, 0xd1, 0xbb, 0xd1, 0xb3, 0x8f, 0xa3, 0x4f, 
	0xa3, 0x4f, 0xb3, 0x8f, 0xb3, 0x8f, 0xb3, 0x8f, 
	0xb3, 0x8f, 0x82, 0x8b, 0x82, 0x8b, 0x59, 0xc7, 
	0x7a, 0x4b, 0xa3, 0x4f, 0xa3, 0x4f, 0xa3, 0x4f, 
	0xbb, 0xd1, 0xa3, 0x4f, 0xa3, 0x4f, 0x9b, 0x0d, 
	0xab, 0x4f, 0xab, 0x4f, 0xbb, 0xd3, 0x92, 0xcd, 
	0x59, 0xc7, 0x59, 0xc7, 0x59, 0xc7, 0x59, 0xc7, 
	0x59, 0xc7, 0x9b, 0x0d, 0xb3, 0x8f, 0xb3, 0x8f, 
	0xb3, 0x8f, 0xbb, 0xd1, 0xbb, 0xd1, 0xbb, 0xd1, 
	0xa3, 0x4f, 0xa3, 0x4f, 0xa3, 0x4f, 0xa3, 0x4f, 
	0x82, 0x8b, 0x82, 0x8b, 0x59, 0xc7, 0x00, 0x01, 
	0x92, 0xcd, 0x92, 0xcd, 0xb3, 0x8f, 0xb3, 0x8f, 
	0xbc, 0x15, 0xbc, 0x15, 0xbc, 0x15, 0xbc, 0x15, 
	0xa3, 0x4f, 0xa3, 0x4f, 0x7a, 0x4b, 0x41, 0x45, 
	0x7a, 0x4b, 0x8a, 0x8b, 0x7a, 0x4b, 0x9b, 0x0d, 
	0x6a, 0x09, 0x6a, 0x09, 0xa3, 0x4f, 0xbb, 0xd3, 
	0xbb, 0xd1, 0xbb, 0xd1, 0xbb, 0xd1, 0xb3, 0x8f, 
	0xa3, 0x4f, 0xa3, 0x4f, 0x9b, 0x0d, 0x92, 0xcd, 
	0x9b, 0x0d, 0x7a, 0x4b, 0x51, 0x87, 0x00, 0x01, 
	0x92, 0xcd, 0x92, 0xcd, 0xb3, 0x8f, 0xb3, 0x8f, 
	0xbc, 0x15, 0xbc, 0x15, 0xbc, 0x15, 0xbc, 0x15, 
	0xa3, 0x4f, 0xa3, 0x4f, 0x41, 0x45, 0x41, 0x45, 
	0x7a, 0x4b, 0x9b, 0x0d, 0xb3, 0x8f, 0x9b, 0x0d, 
	0x8a, 0x8b, 0x8a, 0x8b, 0x8a, 0x8b, 0xbb, 0xd3, 
	0xbb, 0xd1, 0xbb, 0xd1, 0xbb, 0xd1, 0xb3, 0x8f, 
	0xa3, 0x4f, 0xbb, 0xd1, 0x9b, 0x0d, 0x9b, 0x0d, 
	0x9b, 0x0d, 0x7a, 0x4b, 0x51, 0x87, 0x51, 0x87, 
	0x61, 0xc9, 0x61, 0xc9, 0x92, 0xcd, 0xb3, 0x8f, 
	0xbc, 0x15, 0xab, 0x4f, 0xab, 0x4f, 0x93, 0x0d, 
	0x7a, 0x4b, 0x41, 0x45, 0x18, 0x83, 0x41, 0x45, 
	0x8a, 0x8b, 0xb3, 0x8f, 0xb3, 0x8f, 0xb3, 0x8f, 
	0xbb, 0xd3, 0x8a, 0x8b, 0x8a, 0x8b, 0xa3, 0x4f, 
	0xc4, 0x57, 0xc4, 0x57, 0xbb, 0xd1, 0xb3, 0x8f, 
	0xa3, 0x4f, 0xbb, 0xd1, 0xa3, 0x4f, 0x9b, 0x0d, 
	0x9b, 0x0d, 0x9b, 0x0d, 0x7a, 0x4b, 0x7a, 0x4b, 
	0x41, 0x45, 0x41, 0x45, 0x41, 0x45, 0x61, 0xc9, 
	0x72, 0x09, 0x72, 0x09, 0x72, 0x09, 0x93, 0x0d, 
	0x41, 0x45, 0x41, 0x45, 0x18, 0x83, 0x7a, 0x4b, 
	0x7a, 0x4b, 0xb3, 0x8f, 0xb3, 0x8f, 0xb3, 0x8f, 
	0xa3, 0x4f, 0xa3, 0x4f, 0x8a, 0x8b, 0xa3, 0x4f, 
	0xc4, 0x57, 0xc4, 0x57, 0xc4, 0x57, 0xbb, 0xd1, 
	0xa3, 0x4f, 0xbb, 0xd1, 0xa3, 0x4f, 0xa3, 0x4f, 
	0x9b, 0x0d, 0x9b, 0x0d, 0x7a, 0x4b, 0x7a, 0x4b, 
	0x61, 0xc9, 0x61, 0xc9, 0x72, 0x09, 0x61, 0xc9, 
	0x59, 0xc7, 0x8a, 0x8b, 0x8a, 0x8b, 0x72, 0x49, 
	0x41, 0x45, 0x18, 0x83, 0x7a, 0x4b, 0x7a, 0x4b, 
	0x8a, 0x8b, 0x92, 0xcd, 0x9b, 0x0d, 0x9b, 0x0d, 
	0xb3, 0x8f, 0xb3, 0x8f, 0x9b, 0x0d, 0x92, 0xcd, 
	0xc4, 0x57, 0xc4, 0x57, 0xc4, 0x57, 0xc4, 0x57, 
	0xa3, 0x4f, 0xc4, 0x57, 0xbb, 0xd1, 0xa3, 0x4f, 
	0xa3, 0x4f, 0xa3, 0x4f, 0x92, 0xcd, 0x92, 0xcd, 
	0x8a, 0xcb, 0x8a, 0xcb, 0x72, 0x09, 0x61, 0xc9, 
	0x59, 0xc7, 0x8a, 0x8b, 0xa3, 0x4f, 0xa3, 0x4f, 
	0x7a, 0x4b, 0x41, 0x45, 0x7a, 0x4b, 0xa3, 0x4f, 
	0x8a, 0x8b, 0x92, 0xcd, 0x92, 0xcd, 0x9b, 0x0d, 
	0x9b, 0x0d, 0x9b, 0x0d, 0x9b, 0x0d, 0x61, 0xc9, 
	0x9b, 0x0d, 0xc4, 0x57, 0xc4, 0x57, 0xc4, 0x57, 
	0xc4, 0x57, 0xc4, 0x57, 0xc4, 0x57, 0xc4, 0x57, 
	0xc4, 0x57, 0xc4, 0x57, 0x72, 0x09, 0x92, 0xcd, 
	0x8a, 0xcb, 0x72, 0x49, 0x72, 0x09, 0x61, 0xc9, 
	0x59, 0xc7, 0x8a, 0x8b, 0xa3, 0x4f, 0xa3, 0x4f, 
	0x7a, 0x4b, 0x7a, 0x4b, 0x41, 0x45, 0xa3, 0x4f, 
	0x92, 0xcd, 0x92, 0xcd, 0x9b, 0x0d, 0x9b, 0x0d, 
	0xb3, 0x8f, 0xb3, 0x8f, 0x9b, 0x0d, 0x92, 0xcd, 
	0x61, 0xc9, 0x9b, 0x0d, 0xc4, 0x57, 0xc4, 0x57, 
	0xbb, 0xd1, 0xc4, 0x57, 0xc4, 0x57, 0xc4, 0x57, 
	0xc4, 0x57, 0xa3, 0x4f, 0x72, 0x09, 0xa3, 0x4f, 
	0x8a, 0xcb, 0x8a, 0xcb, 0x72, 0x49, 0x72, 0x09, 
	0x72, 0x49, 0xa3, 0x4f, 0xa3, 0x4f, 0xa3, 0x4f, 
	0x7a, 0x4b, 0x7a, 0x4b, 0x41, 0x45, 0xa3, 0x4f, 
	0x92, 0xcd, 0x9b, 0x0d, 0x9b, 0x0d, 0xb3, 0x8f, 
	0xb3, 0x8f, 0xb3, 0x8f, 0x9b, 0x0d, 0x61, 0xc9, 
	0x41, 0x45, 0x61, 0xc9, 0x9b, 0x0d, 0x9b, 0x0d, 
	0x9b, 0x0d, 0x9b, 0x0d, 0xbb, 0xd1, 0xbb, 0xd1, 
	0xc4, 0x57, 0x72, 0x09, 0xa3, 0x4f, 0xa3, 0x4f, 
	0x93, 0x0d, 0x93, 0x0d, 0x93, 0x0d, 0x72, 0x09, 
	0x8a, 0x8b, 0x8a, 0x8b, 0xb3, 0x8f, 0xb3, 0x8f, 
	0xa3, 0x4f, 0x7a, 0x4b, 0x41, 0x45, 0xa3, 0x4f, 
	0xa3, 0x4f, 0xa3, 0x4f, 0xb3, 0x8f, 0xb3, 0x8f, 
	0xa3, 0x4f, 0xa3, 0x4f, 0xa3, 0x4f, 0x49, 0x87, 
	0x51, 0x87, 0x51, 0x87, 0x6a, 0x09, 0x51, 0x87, 
	0x28, 0xc3, 0x28, 0xc3, 0x41, 0x45, 0x51, 0x87, 
	0x61, 0xc9, 0x92, 0xcd, 0xb3, 0x8f, 0xb3, 0x8f, 
	0xab, 0x4f, 0xab, 0x4f, 0x93, 0x0d, 0x93, 0x0d, 
	0x8a, 0x8b, 0x92, 0xcd, 0x9b, 0x0d, 0xb3, 0x8f, 
	0xa3, 0x4f, 0x7a, 0x4b, 0x41, 0x45, 0x7a, 0x4b, 
	0xb3, 0x8f, 0xb3, 0x8f, 0xb3, 0x8f, 0xb3, 0x8f, 
	0xa3, 0x4f, 0xa3, 0x4f, 0x8a, 0x8b, 0x49, 0x87, 
	0x51, 0x87, 0x6a, 0x09, 0x51, 0x87, 0x51, 0x87, 
	0x41, 0x45, 0x41, 0x45, 0x41, 0x45, 0x41, 0x45, 
	0x41, 0x45, 0xb3, 0x8f, 0xb3, 0x8f, 0xb3, 0x8f, 
	0xbc, 0x15, 0xab, 0x4f, 0xab, 0x4f, 0x93, 0x0d, 
	0x92, 0xcd, 0x8a, 0x8b, 0x92, 0xcd, 0x92, 0xcd, 
	0xa3, 0x4f, 0x7a, 0x4b, 0x41, 0x45, 0x18, 0x83, 
	0x92, 0xcd, 0xb3, 0x8f, 0xb3, 0x8f, 0xb3, 0x8f, 
	0xa3, 0x4f, 0xa3, 0x4f, 0x49, 0x87, 0x49, 0x87, 
	0x6a, 0x09, 0x82, 0x8b, 0x51, 0x87, 0x51, 0x87, 
	0x41, 0x45, 0x51, 0x87, 0x51, 0x87, 0x51, 0x87, 
	0x61, 0xc9, 0xb3, 0x8f, 0xb3, 0x8f, 0xb3, 0x8f, 
	0xbc, 0x15, 0xab, 0x4f, 0xab, 0x4f, 0xab, 0x4f, 
	0x92, 0xcd, 0x8a, 0x8b, 0x92, 0xcd, 0x92, 0xcd, 
	0x7a, 0x4b, 0x7a, 0x4b, 0x41, 0x45, 0x18, 0x83, 
	0x41, 0x45, 0x92, 0xcd, 0xb3, 0x8f, 0xb3, 0x8f, 
	0xbc, 0x15, 0xa3, 0x4f, 0x49, 0x87, 0x8a, 0x8b, 
	0x9b, 0x0d, 0x9b, 0x0d, 0x6a, 0x09, 0x6a, 0x09, 
	0x72, 0x49, 0x72, 0x49, 0x51, 0x87, 0x41, 0x45, 
	0x61, 0xc9, 0xb3, 0x8f, 0xb3, 0x8f, 0xb3, 0x8f, 
	0xbb, 0xd3, 0xb3, 0x8f, 0xa3, 0x4f, 0xa3, 0x4f, 
	0x9b, 0x0d, 0x8a, 0xcb, 0x93, 0x0d, 0x8a, 0xcb, 
	0x92, 0xcd, 0x92, 0xcd, 0x41, 0x45, 0x41, 0x45, 
	0x61, 0xc9, 0x61, 0xc9, 0x7a, 0x4b, 0x9b, 0x0f, 
	0xb3, 0x8f, 0x41, 0x45, 0x61, 0xc9, 0x92, 0xcd, 
	0x9b, 0x0d, 0x9b, 0x0d, 0x8a, 0x8b, 0x9b, 0x0d, 
	0x92, 0xcd, 0x92, 0xcd, 0x72, 0x49, 0x28, 0xc3, 
	0x9b, 0x0d, 0xbb, 0xd3, 0xc4, 0x57, 0xc4, 0x57, 
	0xbb, 0xd3, 0xbb, 0xd3, 0xb3, 0x8f, 0xa3, 0x4f, 
	0x9b, 0x0d, 0x93, 0x0d, 0x93, 0x0d, 0x9b, 0x0d, 
	0xbb, 0xd3, 0xbb, 0xd3, 0x6a, 0x09, 0x41, 0x45, 
	0x41, 0x45, 0x41, 0x45, 0x41, 0x45, 0x41, 0x45, 
	0x61, 0xc9, 0x41, 0x45, 0x41, 0x45, 0x61, 0xc9, 
	0x8a, 0x8b, 0x9b, 0x0d, 0x9b, 0x0d, 0x9b, 0x0d, 
	0x92, 0xcd, 0x92, 0xcd, 0x72, 0x49, 0x49, 0x87, 
	0xb3, 0x8f, 0xc4, 0x57, 0xc4, 0x57, 0xbb, 0xd3, 
	0xbb, 0xd3, 0xc4, 0x59, 0xbb, 0xd3, 0xb3, 0x8f, 
	0x9b, 0x0d, 0x93, 0x0d, 0x9b, 0x0d, 0xb3, 0x8f, 
	0xbb, 0xd3, 0xbb, 0xd3, 0x41, 0x45, 0x41, 0x45, 
	0x7a, 0x4b, 0x7a, 0x4b, 0x7a, 0x4b, 0x61, 0xc9, 
	0x61, 0xc9, 0x61, 0xc9, 0x61, 0xc9, 0x61, 0xc9, 
	0x61, 0xc9, 0x8a, 0x8b, 0x9b, 0x0d, 0x8a, 0x8b, 
	0x92, 0xcd, 0x72, 0x49, 0x72, 0x49, 0x49, 0x87, 
	0x9b, 0x0d, 0xb3, 0x8f, 0xbb, 0xd3, 0xbb, 0xd3, 
	0xb3, 0x8f, 0xc4, 0x59, 0xbb, 0xd3, 0xb3, 0x8f, 
	0x9b, 0x0d, 0x93, 0x0d, 0x9b, 0x0d, 0x9b, 0x0d, 
	0xbb, 0xd3, 0x6a, 0x09, 0x41, 0x45, 0x92, 0xcd, 
	0x9b, 0x0f, 0x7a, 0x4b, 0x7a, 0x4b, 0x7a, 0x4b, 
	0x92, 0xcd, 0x92, 0xcd, 0xb3, 0x8f, 0x92, 0xcd, 
	0x8a, 0x8b, 0x8a, 0x8b, 0x41, 0x45, 0x41, 0x45, 
	0x28, 0xc3, 0x28, 0xc3, 0x49, 0x87, 0x92, 0xcd, 
	0xb3, 0x8f, 0x9b, 0x0d, 0xb3, 0x8f, 0xbb, 0xd3, 
	
};

Gfx wmotr_dl_AdvGgtDimInd01_ia8_aligner[] = {gsSPEndDisplayList()};
u8 wmotr_dl_AdvGgtDimInd01_ia8[] = {
	0xf6, 0xf9, 0xf8, 0xf5, 0xf4, 0xf4, 0xf4, 0xf4, 
	0xf6, 0xf3, 0xf3, 0xf6, 0xf3, 0xf3, 0xf5, 0xf3, 
	0xf6, 0xf5, 0xf4, 0xf3, 0xf3, 0xf4, 0xf7, 0xf9, 
	0xf7, 0xfa, 0xf8, 0xf3, 0xf4, 0xf3, 0xf4, 0xf6, 
	0xf6, 0xf8, 0xf8, 0xf8, 0xf6, 0xf4, 0xf3, 0xf3, 
	0xf5, 0xf3, 0xf3, 0xf5, 0xf3, 0xf4, 0xf4, 0xf3, 
	0xf6, 0xf6, 0xf3, 0xf2, 0xf2, 0xf3, 0xf7, 0xfb, 
	0xf7, 0xfa, 0xff, 0xf7, 0xf5, 0xf3, 0xf3, 0xf5, 
	0xf7, 0xf6, 0xf4, 0xf6, 0xf8, 0xf3, 0xf2, 0xf2, 
	0xf4, 0xf3, 0xf3, 0xf5, 0xf3, 0xf4, 0xf4, 0xf3, 
	0xf8, 0xf7, 0xf3, 0xf2, 0xf2, 0xf3, 0xf5, 0xfa, 
	0xf6, 0xf6, 0xfc, 0xf9, 0xf6, 0xf5, 0xf4, 0xf5, 
	0xf7, 0xf7, 0xf4, 0xf4, 0xf7, 0xf3, 0xf2, 0xf2, 
	0xf3, 0xf4, 0xf3, 0xf5, 0xf3, 0xf4, 0xf4, 0xf4, 
	0xf9, 0xf6, 0xf2, 0xf2, 0xf2, 0xf3, 0xf5, 0xf9, 
	0xf5, 0xf3, 0xf5, 0xf6, 0xf6, 0xf5, 0xf4, 0xf5, 
	0xf7, 0xf9, 0xf3, 0xf3, 0xf7, 0xf2, 0xf2, 0xf2, 
	0xf3, 0xf4, 0xf3, 0xf4, 0xf4, 0xf4, 0xf5, 0xf6, 
	0xf9, 0xf5, 0xf2, 0xf2, 0xf2, 0xf3, 0xf6, 0xf8, 
	0xf4, 0xf2, 0xf2, 0xf5, 0xf4, 0xf5, 0xf4, 0xf4, 
	0xf6, 0xf9, 0xf3, 0xf3, 0xf7, 0xf3, 0xf2, 0xf2, 
	0xf3, 0xf5, 0xf3, 0xf3, 0xf4, 0xf6, 0xf7, 0xf8, 
	0xf8, 0xf4, 0xf2, 0xf2, 0xf2, 0xf3, 0xf6, 0xf6, 
	0xf3, 0xf2, 0xf2, 0xf4, 0xf3, 0xf4, 0xf4, 0xf4, 
	0xf4, 0xf9, 0xf4, 0xf3, 0xf8, 0xf4, 0xf2, 0xf2, 
	0xf4, 0xf5, 0xf3, 0xf3, 0xf4, 0xf6, 0xf8, 0xf9, 
	0xf6, 0xf5, 0xf2, 0xf2, 0xf2, 0xf3, 0xf4, 0xf5, 
	0xf4, 0xf2, 0xf2, 0xf3, 0xf4, 0xf3, 0xf4, 0xf4, 
	0xf4, 0xf7, 0xf5, 0xf4, 0xf8, 0xf8, 0xf3, 0xf3, 
	0xf4, 0xf7, 0xf4, 0xf4, 0xf4, 0xf5, 0xf8, 0xf9, 
	0xf7, 0xf6, 0xf2, 0xf2, 0xf2, 0xf3, 0xf4, 0xf4, 
	0xf4, 0xf2, 0xf2, 0xf2, 0xf4, 0xf3, 0xf4, 0xf4, 
	0xf3, 0xf6, 0xf5, 0xf4, 0xf5, 0xf9, 0xf5, 0xf3, 
	0xf3, 0xf6, 0xf5, 0xf4, 0xf5, 0xf5, 0xfa, 0xfa, 
	0xfa, 0xf5, 0xf2, 0xf2, 0xf2, 0xf3, 0xf4, 0xf3, 
	0xf4, 0xf2, 0xf2, 0xf2, 0xf3, 0xf5, 0xf5, 0xf4, 
	0xf3, 0xf6, 0xf4, 0xf3, 0xf4, 0xf6, 0xf5, 0xf3, 
	0xf2, 0xf3, 0xf5, 0xf3, 0xf5, 0xf8, 0xfc, 0xfa, 
	0xf7, 0xf4, 0xf3, 0xf2, 0xf3, 0xf3, 0xf3, 0xf3, 
	0xf3, 0xf3, 0xf2, 0xf2, 0xf3, 0xf6, 0xf5, 0xf4, 
	0xf3, 0xf7, 0xf6, 0xf3, 0xf4, 0xf7, 0xf6, 0xf3, 
	0xf2, 0xf3, 0xf4, 0xf3, 0xf4, 0xfb, 0xfc, 0xf7, 
	0xf5, 0xf5, 0xf5, 0xf5, 0xf4, 0xf3, 0xf3, 0xf3, 
	0xf3, 0xf3, 0xf2, 0xf2, 0xf2, 0xf6, 0xf5, 0xf3, 
	0xf6, 0xf7, 0xf6, 0xf4, 0xf5, 0xf7, 0xf8, 0xf4, 
	0xf2, 0xf3, 0xf4, 0xf3, 0xf3, 0xfa, 0xfa, 0xf4, 
	0xf3, 0xf3, 0xf3, 0xf4, 0xf5, 0xf3, 0xf3, 0xf3, 
	0xf3, 0xf3, 0xf2, 0xf2, 0xf2, 0xf6, 0xf4, 0xf3, 
	0xf8, 0xf6, 0xf4, 0xf4, 0xf4, 0xf5, 0xf7, 0xf6, 
	0xf3, 0xf3, 0xf4, 0xf3, 0xf3, 0xfa, 0xf8, 0xf4, 
	0xf4, 0xf4, 0xf3, 0xf3, 0xf3, 0xf4, 0xf3, 0xf3, 
	0xf3, 0xf3, 0xf2, 0xf2, 0xf2, 0xf6, 0xf4, 0xf5, 
	0xfa, 0xf5, 0xf3, 0xf4, 0xf4, 0xf4, 0xf5, 0xf7, 
	0xf3, 0xf3, 0xf5, 0xf3, 0xf4, 0xfa, 0xf8, 0xf3, 
	0xf4, 0xf4, 0xf4, 0xf3, 0xf3, 0xf4, 0xf3, 0xf3, 
	0xf3, 0xf3, 0xf3, 0xf2, 0xf2, 0xf6, 0xf5, 0xf9, 
	0xfc, 0xf5, 0xf3, 0xf3, 0xf3, 0xf4, 0xf4, 0xf7, 
	0xf4, 0xf4, 0xf6, 0xf4, 0xf6, 0xfb, 0xf7, 0xf3, 
	0xf2, 0xf2, 0xf3, 0xf3, 0xf3, 0xf4, 0xf4, 0xf3, 
	0xf3, 0xf3, 0xf3, 0xf2, 0xf2, 0xf7, 0xf7, 0xfa, 
	0xfd, 0xf4, 0xf3, 0xf3, 0xf3, 0xf3, 0xf4, 0xf5, 
	0xf9, 0xf9, 0xf9, 0xf6, 0xf9, 0xfd, 0xf7, 0xf3, 
	0xf2, 0xf2, 0xf2, 0xf2, 0xf3, 0xf3, 0xf6, 0xf4, 
	0xf4, 0xf3, 0xf3, 0xf2, 0xf3, 0xf7, 0xf8, 0xfb, 
	0xfd, 0xf5, 0xf3, 0xf3, 0xf3, 0xf4, 0xf4, 0xf3, 
	0xf7, 0xfc, 0xfc, 0xfc, 0xfd, 0xfe, 0xf8, 0xf2, 
	0xf2, 0xf2, 0xf2, 0xf2, 0xf3, 0xf3, 0xf7, 0xf8, 
	0xf8, 0xf6, 0xf3, 0xf2, 0xf3, 0xf5, 0xf7, 0xfb, 
	0xfd, 0xf6, 0xf3, 0xf3, 0xf3, 0xf4, 0xf4, 0xf3, 
	0xf4, 0xf9, 0xfb, 0xfe, 0xfe, 0xfe, 0xfa, 0xf3, 
	0xf2, 0xf2, 0xf2, 0xf2, 0xf3, 0xf6, 0xfb, 0xff, 
	0xfe, 0xfa, 0xf5, 0xf3, 0xf5, 0xf3, 0xf4, 0xfb, 
	0xfd, 0xf6, 0xf3, 0xf3, 0xf3, 0xf4, 0xf4, 0xf3, 
	0xf3, 0xf6, 0xf8, 0xfb, 0xfc, 0xfe, 0xfb, 0xf3, 
	0xf2, 0xf2, 0xf2, 0xf2, 0xf5, 0xf6, 0xfb, 0xfc, 
	0xfc, 0xfc, 0xfa, 0xf5, 0xf5, 0xf3, 0xf3, 0xfa, 
	0xfb, 0xf5, 0xf3, 0xf3, 0xf3, 0xf3, 0xf4, 0xf3, 
	0xf3, 0xf5, 0xf8, 0xf7, 0xf8, 0xfd, 0xfd, 0xf4, 
	0xf2, 0xf2, 0xf2, 0xf5, 0xf6, 0xf4, 0xf6, 0xf8, 
	0xf7, 0xf7, 0xfb, 0xfa, 0xf5, 0xf3, 0xf4, 0xfb, 
	0xf6, 0xf3, 0xf3, 0xf3, 0xf3, 0xf3, 0xf4, 0xf3, 
	0xf3, 0xf5, 0xf6, 0xf5, 0xf4, 0xfc, 0xfd, 0xf7, 
	0xf3, 0xf2, 0xf4, 0xf6, 0xf3, 0xf3, 0xf4, 0xf6, 
	0xf7, 0xf5, 0xf6, 0xfc, 0xf5, 0xf3, 0xf7, 0xfd, 
	0xf3, 0xf3, 0xf3, 0xf3, 0xf3, 0xf3, 0xf4, 0xf3, 
	0xf4, 0xf5, 0xf5, 0xf4, 0xf3, 0xf9, 0xfd, 0xfb, 
	0xf7, 0xf4, 0xf5, 0xf3, 0xf3, 0xf3, 0xf3, 0xf3, 
	0xf6, 0xf5, 0xf4, 0xfa, 0xf8, 0xf4, 0xfb, 0xf8, 
	0xf3, 0xf3, 0xf3, 0xf3, 0xf3, 0xf4, 0xf4, 0xf4, 
	0xf5, 0xf5, 0xf5, 0xf4, 0xf3, 0xf5, 0xfc, 0xfc, 
	0xfa, 0xf6, 0xf3, 0xf3, 0xf3, 0xf3, 0xf2, 0xf2, 
	0xf4, 0xf5, 0xf4, 0xf9, 0xfb, 0xf9, 0xf9, 0xf3, 
	0xf4, 0xf3, 0xf3, 0xf3, 0xf3, 0xf4, 0xf6, 0xf6, 
	0xf4, 0xf4, 0xf4, 0xf3, 0xf3, 0xf3, 0xf9, 0xf9, 
	0xf9, 0xf5, 0xf3, 0xf3, 0xf3, 0xf2, 0xf2, 0xf2, 
	0xf3, 0xf5, 0xf4, 0xf9, 0xfb, 0xf7, 0xf5, 0xf3, 
	0xf9, 0xf9, 0xf5, 0xf4, 0xf6, 0xf9, 0xfb, 0xf7, 
	0xf3, 0xf4, 0xf4, 0xf4, 0xf3, 0xf3, 0xf7, 0xf6, 
	0xf8, 0xf5, 0xf3, 0xf3, 0xf2, 0xf2, 0xf2, 0xf2, 
	0xf3, 0xf5, 0xf5, 0xfb, 0xfa, 0xf3, 0xf4, 0xf6, 
	0xf8, 0xfb, 0xfc, 0xfa, 0xfa, 0xfb, 0xfb, 0xf9, 
	0xf4, 0xf3, 0xf3, 0xf4, 0xf3, 0xf3, 0xf6, 0xf5, 
	0xf6, 0xf5, 0xf3, 0xf3, 0xf2, 0xf2, 0xf2, 0xf2, 
	0xf3, 0xf6, 0xf9, 0xfc, 0xf6, 0xf3, 0xf5, 0xf7, 
	0xf4, 0xf5, 0xf8, 0xf9, 0xf7, 0xf5, 0xf9, 0xfa, 
	0xf5, 0xf3, 0xf3, 0xf3, 0xf4, 0xf5, 0xf5, 0xf5, 
	0xf5, 0xf6, 0xf3, 0xf3, 0xf2, 0xf2, 0xf2, 0xf2, 
	0xf3, 0xf9, 0xfd, 0xfc, 0xf5, 0xf3, 0xf8, 0xf6, 
	0xf3, 0xf3, 0xf4, 0xf8, 0xf5, 0xf4, 0xf8, 0xfb, 
	0xf8, 0xf6, 0xf5, 0xf5, 0xf7, 0xf8, 0xf6, 0xf5, 
	0xf6, 0xf6, 0xf3, 0xf3, 0xf3, 0xf3, 0xf3, 0xf2, 
	0xf5, 0xfd, 0xfd, 0xfc, 0xf5, 0xf5, 0xf8, 0xf4, 
	0xf3, 0xf3, 0xf3, 0xf7, 0xf5, 0xf4, 0xf6, 0xf9, 
	0xf7, 0xf8, 0xfa, 0xf9, 0xf9, 0xf7, 0xf5, 0xf4, 
	0xf6, 0xf6, 0xf3, 0xf3, 0xf3, 0xf3, 0xf3, 0xf3, 
	0xfa, 0xfd, 0xfd, 0xfc, 0xf6, 0xf4, 0xf6, 0xf4, 
	0xf3, 0xf3, 0xf3, 0xf7, 0xf7, 0xf5, 0xf7, 0xf7, 
	0xf4, 0xf4, 0xf6, 0xfa, 0xf7, 0xf4, 0xf4, 0xf4, 
	0xf5, 0xf6, 0xf2, 0xf2, 0xf3, 0xf3, 0xf4, 0xf5, 
	0xfc, 0xfa, 0xfa, 0xfb, 0xf4, 0xf3, 0xf4, 0xf5, 
	0xf3, 0xf3, 0xf6, 0xfa, 0xfb, 0xf7, 0xf8, 0xf6, 
	0xf3, 0xf3, 0xf3, 0xf6, 0xf7, 0xf4, 0xf3, 0xf3, 
	0xf4, 0xf5, 0xf2, 0xf2, 0xf2, 0xf3, 0xf4, 0xf7, 
	0xfa, 0xf5, 0xf7, 0xf9, 0xf3, 0xf2, 0xf3, 0xf5, 
	0xf4, 0xf6, 0xf8, 0xfd, 0xfe, 0xfa, 0xf8, 0xf5, 
	0xf3, 0xf2, 0xf3, 0xf5, 0xf8, 0xf4, 0xf3, 0xf4, 
	0xf4, 0xf4, 0xf3, 0xf2, 0xf3, 0xf4, 0xf5, 0xf5, 
	0xf7, 0xf3, 0xf6, 0xf8, 0xf3, 0xf3, 0xf2, 0xf4, 
	0xf5, 0xf5, 0xf7, 0xfb, 0xfe, 0xfc, 0xf8, 0xf5, 
	0xf4, 0xf4, 0xf4, 0xf6, 0xf9, 0xf6, 0xf4, 0xf4, 
	0xf4, 0xf3, 0xf3, 0xf5, 0xf5, 0xf4, 0xf3, 0xf5, 
	0xf6, 0xf3, 0xf6, 0xf8, 0xf4, 0xf2, 0xf2, 0xf3, 
	0xf5, 0xf6, 0xf7, 0xf6, 0xf9, 0xfc, 0xf8, 0xf5, 
	0xf8, 0xf9, 0xf8, 0xf8, 0xf7, 0xf6, 0xf8, 0xf5, 
	0xf3, 0xf2, 0xf3, 0xf4, 0xf3, 0xf3, 0xf2, 0xf7, 
	0xf5, 0xf3, 0xf7, 0xf8, 0xf5, 0xf4, 0xf3, 0xf4, 
	0xf5, 0xf6, 0xf5, 0xf4, 0xf5, 0xfa, 0xf8, 0xf6, 
	0xf7, 0xf8, 0xf9, 0xfa, 0xf5, 0xf3, 0xf5, 0xf3, 
	0xf2, 0xf2, 0xf2, 0xf2, 0xf2, 0xf2, 0xf3, 0xf9, 
	0xf5, 0xf3, 0xf7, 0xfa, 0xfb, 0xfa, 0xf6, 0xf5, 
	0xf4, 0xf5, 0xf4, 0xf3, 0xf4, 0xf9, 0xf8, 0xf6, 
	0xf3, 0xf4, 0xf6, 0xfa, 0xf6, 0xf3, 0xf2, 0xf2, 
	0xf2, 0xf2, 0xf2, 0xf2, 0xf2, 0xf2, 0xf7, 0xfb, 
	0xf4, 0xf3, 0xf9, 0xfd, 0xfc, 0xfb, 0xf7, 0xf5, 
	0xf4, 0xf4, 0xf3, 0xf4, 0xf5, 0xf9, 0xf8, 0xf4, 
	0xf3, 0xf3, 0xf4, 0xfa, 0xf6, 0xf2, 0xf2, 0xf2, 
	0xf2, 0xf2, 0xf2, 0xf2, 0xf2, 0xf3, 0xfa, 0xfb, 
	0xf3, 0xf4, 0xfc, 0xfa, 0xf8, 0xf9, 0xf6, 0xf6, 
	0xf6, 0xf4, 0xf5, 0xf5, 0xf7, 0xf9, 0xf6, 0xf4, 
	0xf3, 0xf3, 0xf4, 0xf8, 0xf4, 0xf2, 0xf3, 0xf3, 
	0xf2, 0xf2, 0xf3, 0xf2, 0xf2, 0xf3, 0xfb, 0xfc, 
	0xf4, 0xf8, 0xf9, 0xf7, 0xf9, 0xf8, 0xf7, 0xf8, 
	0xf8, 0xf6, 0xf6, 0xf8, 0xfa, 0xf8, 0xf5, 0xf4, 
	0xf3, 0xf3, 0xf5, 0xf4, 0xf2, 0xf2, 0xf4, 0xf4, 
	0xf2, 0xf2, 0xf3, 0xf2, 0xf2, 0xf3, 0xfb, 0xfd, 
	0xf7, 0xf5, 0xf4, 0xf4, 0xf7, 0xfa, 0xf9, 0xfb, 
	0xf9, 0xf7, 0xf7, 0xfb, 0xfb, 0xf6, 0xf5, 0xf4, 
	0xf3, 0xf3, 0xf5, 0xf3, 0xf2, 0xf3, 0xf3, 0xf3, 
	0xf3, 0xf2, 0xf3, 0xf2, 0xf2, 0xf3, 0xfa, 0xfd, 
	0xf7, 0xf5, 0xf3, 0xf3, 0xf3, 0xf8, 0xf9, 0xfa, 
	0xf8, 0xf8, 0xf8, 0xfc, 0xf8, 0xf5, 0xf5, 0xf3, 
	0xf4, 0xf5, 0xf4, 0xf2, 0xf3, 0xf3, 0xf3, 0xf3, 
	0xf3, 0xf3, 0xf3, 0xf3, 0xf2, 0xf3, 0xfb, 0xfd, 
	0xf9, 0xf8, 0xf3, 0xf3, 0xf3, 0xf3, 0xf4, 0xf7, 
	0xf7, 0xf8, 0xf7, 0xfd, 0xf7, 0xf5, 0xf4, 0xf5, 
	0xf6, 0xf6, 0xf3, 0xf3, 0xf4, 0xf4, 0xf3, 0xf3, 
	0xf3, 0xf3, 0xf3, 0xf3, 0xf2, 0xf4, 0xfd, 0xfd, 
	0xfc, 0xf9, 0xf4, 0xf3, 0xf3, 0xf3, 0xf4, 0xf5, 
	0xf6, 0xf8, 0xf6, 0xfe, 0xf6, 0xf5, 0xf5, 0xf5, 
	0xf5, 0xf4, 0xf3, 0xf4, 0xf5, 0xf5, 0xf3, 0xf3, 
	0xf3, 0xf3, 0xf3, 0xf3, 0xf2, 0xf6, 0xfd, 0xfe, 
	0xfc, 0xf8, 0xf5, 0xf5, 0xf6, 0xf6, 0xf6, 0xf6, 
	0xf5, 0xf8, 0xf6, 0xfe, 0xf6, 0xf6, 0xf5, 0xf4, 
	0xf3, 0xf3, 0xf4, 0xf5, 0xf6, 0xf4, 0xf3, 0xf3, 
	0xf4, 0xf3, 0xf3, 0xf3, 0xf2, 0xf7, 0xfd, 0xfe, 
	0xfd, 0xfa, 0xf7, 0xf7, 0xf6, 0xf5, 0xf4, 0xf4, 
	0xf6, 0xf8, 0xf5, 0xfd, 0xf8, 0xf8, 0xf5, 0xf5, 
	0xf6, 0xf5, 0xf6, 0xf5, 0xf4, 0xf5, 0xf4, 0xf4, 
	0xf4, 0xf4, 0xf3, 0xf3, 0xf3, 0xf7, 0xfd, 0xfe, 
	0xfd, 0xfb, 0xf9, 0xf7, 0xf5, 0xf3, 0xf3, 0xf3, 
	0xf5, 0xf7, 0xf4, 0xfb, 0xfa, 0xf8, 0xf9, 0xfa, 
	0xfa, 0xf6, 0xf4, 0xf3, 0xf4, 0xf5, 0xf4, 0xf3, 
	0xf5, 0xf5, 0xf5, 0xf4, 0xf5, 0xf7, 0xfd, 0xfe, 
	0xfc, 0xfa, 0xf7, 0xf4, 0xf3, 0xf2, 0xf2, 0xf3, 
	0xf4, 0xf7, 0xf3, 0xfa, 0xfc, 0xf9, 0xfb, 0xfa, 
	0xf7, 0xf4, 0xf3, 0xf3, 0xf3, 0xf4, 0xf4, 0xf4, 
	0xf5, 0xf6, 0xf6, 0xf5, 0xf5, 0xf8, 0xfe, 0xfd, 
	0xf9, 0xf5, 0xf3, 0xf3, 0xf2, 0xf2, 0xf2, 0xf4, 
	0xf4, 0xf6, 0xf3, 0xf9, 0xfd, 0xfb, 0xf8, 0xf6, 
	0xf5, 0xf3, 0xf3, 0xf3, 0xf3, 0xf4, 0xf4, 0xf4, 
	0xf4, 0xf3, 0xf4, 0xf4, 0xf5, 0xf9, 0xfe, 0xfa, 
	0xf5, 0xf3, 0xf3, 0xf3, 0xf2, 0xf2, 0xf3, 0xf4, 
	0xf5, 0xf6, 0xf3, 0xf8, 0xfc, 0xfb, 0xf7, 0xf5, 
	0xf4, 0xf3, 0xf3, 0xf3, 0xf3, 0xf3, 0xf5, 0xf4, 
	0xf4, 0xf3, 0xf3, 0xf4, 0xf7, 0xf8, 0xfe, 0xf8, 
	0xf5, 0xf3, 0xf3, 0xf3, 0xf2, 0xf5, 0xf8, 0xf7, 
	0xf7, 0xf6, 0xf3, 0xf8, 0xfd, 0xfb, 0xf7, 0xf5, 
	0xf5, 0xf3, 0xf3, 0xf3, 0xf3, 0xf3, 0xf4, 0xf3, 
	0xf3, 0xf3, 0xf4, 0xf6, 0xfa, 0xf8, 0xfd, 0xfa, 
	0xf5, 0xf4, 0xf4, 0xf3, 0xf4, 0xf9, 0xf7, 0xf8, 
	0xf8, 0xf6, 0xf4, 0xf9, 0xfd, 0xfb, 0xf7, 0xf5, 
	0xf5, 0xf3, 0xf3, 0xf3, 0xf3, 0xf4, 0xf4, 0xf3, 
	0xf2, 0xf3, 0xf5, 0xfc, 0xfd, 0xfb, 0xfc, 0xfc, 
	0xf5, 0xf6, 0xf6, 0xf6, 0xf6, 0xf8, 0xf6, 0xf6, 
	0xf9, 0xf7, 0xf6, 0xfb, 0xfd, 0xfc, 0xf8, 0xf5, 
	0xf4, 0xf4, 0xf3, 0xf3, 0xf4, 0xf4, 0xf3, 0xf3, 
	0xf2, 0xf3, 0xf9, 0xff, 0xfd, 0xf9, 0xf7, 0xfd, 
	0xf7, 0xf5, 0xf8, 0xf9, 0xf6, 0xf7, 0xf6, 0xf5, 
	0xf7, 0xf8, 0xfb, 0xfd, 0xfc, 0xfb, 0xfa, 0xf8, 
	0xf7, 0xf7, 0xf5, 0xf4, 0xf4, 0xf3, 0xf3, 0xf3, 
	0xf4, 0xf8, 0xfb, 0xff, 0xf9, 0xf4, 0xf4, 0xfb, 
	0xfa, 0xf5, 0xf5, 0xf8, 0xf8, 0xf6, 0xf5, 0xf5, 
	0xf6, 0xfb, 0xfe, 0xfa, 0xf6, 0xf7, 0xfa, 0xfd, 
	0xfb, 0xf9, 0xfa, 0xfa, 0xf9, 0xf6, 0xf4, 0xf4, 
	0xf9, 0xfa, 0xfb, 0xfb, 0xf4, 0xf3, 0xf3, 0xf8, 
	0xfa, 0xf7, 0xf5, 0xf6, 0xf7, 0xf7, 0xf5, 0xf5, 
	0xf6, 0xfd, 0xfd, 0xf7, 0xf4, 0xf5, 0xf8, 0xfe, 
	0xfd, 0xfb, 0xfb, 0xfc, 0xfb, 0xfb, 0xf8, 0xf7, 
	0xf8, 0xf9, 0xfb, 0xf7, 0xf3, 0xf3, 0xf3, 0xf6, 
	0xf7, 0xf8, 0xf6, 0xf6, 0xf5, 0xf7, 0xf6, 0xf5, 
	0xf8, 0xfd, 0xfc, 0xf4, 0xf4, 0xf4, 0xf6, 0xfd, 
	0xfd, 0xfa, 0xfa, 0xfb, 0xfc, 0xfd, 0xfa, 0xf7, 
	0xf6, 0xfc, 0xfc, 0xf4, 0xf3, 0xf3, 0xf3, 0xf4, 
	0xf4, 0xf6, 0xf5, 0xf5, 0xf5, 0xf6, 0xf7, 0xf5, 
	0xfb, 0xfd, 0xfa, 0xf4, 0xf3, 0xf3, 0xf5, 0xfb, 
	0xfa, 0xf9, 0xf8, 0xfa, 0xfd, 0xfd, 0xfc, 0xf6, 
	0xf7, 0xfb, 0xfb, 0xf4, 0xf3, 0xf3, 0xf3, 0xf3, 
	0xf5, 0xf4, 0xf5, 0xf4, 0xf6, 0xf6, 0xf8, 0xf7, 
	0xfc, 0xfd, 0xf8, 0xf4, 0xf3, 0xf3, 0xf5, 0xf8, 
	0xf7, 0xf8, 0xf8, 0xfb, 0xfc, 0xfd, 0xfe, 0xf9, 
	0xf9, 0xfa, 0xfb, 0xf6, 0xf3, 0xf3, 0xf4, 0xf3, 
	0xf5, 0xf4, 0xf5, 0xf4, 0xf7, 0xf7, 0xf8, 0xfa, 
	0xfc, 0xfc, 0xf7, 0xf4, 0xf3, 0xf3, 0xf4, 0xf6, 
	0xf6, 0xf6, 0xf8, 0xf7, 0xf7, 0xfb, 0xfd, 0xfe, 
	0xfb, 0xf8, 0xfa, 0xf9, 0xf3, 0xf3, 0xf6, 0xf4, 
	0xf4, 0xf4, 0xf4, 0xf4, 0xf5, 0xf6, 0xf8, 0xfb, 
	0xfb, 0xfb, 0xf6, 0xf4, 0xf3, 0xf3, 0xf4, 0xf6, 
	0xf5, 0xf3, 0xf4, 0xf4, 0xf5, 0xf9, 0xfb, 0xfd, 
	0xfd, 0xf9, 0xf8, 0xf9, 0xf3, 0xf2, 0xf5, 0xf6, 
	0xf5, 0xf5, 0xf3, 0xf5, 0xf6, 0xf5, 0xf7, 0xfb, 
	0xfa, 0xfa, 0xf5, 0xf3, 0xf3, 0xf3, 0xf4, 0xf8, 
	0xf4, 0xf3, 0xf4, 0xf3, 0xf4, 0xf7, 0xf9, 0xfd, 
	0xfc, 0xf7, 0xf6, 0xf7, 0xf5, 0xf2, 0xf4, 0xf5, 
	0xf5, 0xf6, 0xf3, 0xf4, 0xf8, 0xf9, 0xf8, 0xfa, 
	0xf8, 0xf6, 0xf5, 0xf3, 0xf3, 0xf3, 0xf5, 0xf8, 
	0xf3, 0xf3, 0xf5, 0xf5, 0xf4, 0xf5, 0xf6, 0xfc, 
	0xfb, 0xf5, 0xf5, 0xf7, 0xf5, 0xf3, 0xf4, 0xf4, 
	0xf5, 0xf6, 0xf3, 0xf3, 0xf5, 0xfa, 0xfb, 0xfa, 
	0xf6, 0xf5, 0xf6, 0xf4, 0xf3, 0xf3, 0xf4, 0xf8, 
	0xf3, 0xf3, 0xf3, 0xf7, 0xf4, 0xf3, 0xf4, 0xf7, 
	0xf9, 0xf5, 0xf5, 0xf5, 0xf4, 0xf3, 0xf4, 0xf4, 
	0xf5, 0xf6, 0xf3, 0xf3, 0xf4, 0xf6, 0xf6, 0xf7, 
	0xf6, 0xf7, 0xf6, 0xf5, 0xf4, 0xf4, 0xf4, 0xf7, 
	0xf4, 0xf3, 0xf3, 0xf6, 0xf3, 0xf3, 0xf5, 0xf5, 
	0xf7, 0xf5, 0xf5, 0xf3, 0xf3, 0xf4, 0xf6, 0xf5, 
	0xf5, 0xf7, 0xf3, 0xf3, 0xf3, 0xf4, 0xf4, 0xf6, 
	
};

Gfx wmotr_dl_gen_i8_aligner[] = {gsSPEndDisplayList()};
u8 wmotr_dl_gen_i8[] = {
	0xae, 0xab, 0xaa, 0xa9, 0xa9, 0xaa, 0xaf, 0xb5, 
	0xbb, 0xbd, 0xbf, 0xbf, 0xbf, 0xc0, 0xc0, 0xc2, 
	0xc3, 0xc8, 0xcb, 0xc9, 0xc5, 0xc2, 0xbf, 0xbd, 
	0xbc, 0xbd, 0xbe, 0xbd, 0xbd, 0xbd, 0xbb, 0xb6, 
	0xb6, 0xb7, 0xb8, 0xb8, 0xba, 0xbd, 0xc4, 0xc7, 
	0xc7, 0xc5, 0xc1, 0xbe, 0xbd, 0xbc, 0xbd, 0xc0, 
	0xc1, 0xc3, 0xc5, 0xc6, 0xc4, 0xc0, 0xbf, 0xc2, 
	0xc1, 0xc0, 0xbe, 0xbc, 0xba, 0xba, 0xb7, 0xb2, 
	0xaf, 0xab, 0xa9, 0xa7, 0xa7, 0xa9, 0xae, 0xb3, 
	0xb9, 0xbc, 0xbf, 0xc3, 0xc2, 0xc2, 0xc2, 0xc3, 
	0xc5, 0xc7, 0xcb, 0xcb, 0xc9, 0xc6, 0xc4, 0xc1, 
	0xbf, 0xbf, 0xc1, 0xc1, 0xc0, 0xbe, 0xbb, 0xb6, 
	0xb5, 0xb5, 0xb5, 0xb7, 0xb9, 0xbd, 0xc4, 0xc7, 
	0xc7, 0xc4, 0xc0, 0xbd, 0xbc, 0xba, 0xb9, 0xba, 
	0xbb, 0xbd, 0xc0, 0xc2, 0xc0, 0xbf, 0xbf, 0xc3, 
	0xc2, 0xc2, 0xbf, 0xbd, 0xbd, 0xbc, 0xb9, 0xb4, 
	0xb2, 0xad, 0xaa, 0xa8, 0xa6, 0xa8, 0xad, 0xb2, 
	0xb9, 0xbe, 0xc2, 0xc6, 0xc8, 0xc6, 0xc5, 0xc5, 
	0xc7, 0xc8, 0xcb, 0xce, 0xd0, 0xcd, 0xca, 0xc5, 
	0xc2, 0xc1, 0xc2, 0xc2, 0xbf, 0xbc, 0xb9, 0xb5, 
	0xb4, 0xb3, 0xb4, 0xb5, 0xb8, 0xbd, 0xc2, 0xc4, 
	0xc3, 0xc1, 0xbe, 0xbb, 0xba, 0xb7, 0xb6, 0xb6, 
	0xb6, 0xb7, 0xb9, 0xbb, 0xbc, 0xbe, 0xbf, 0xc2, 
	0xc3, 0xc2, 0xbf, 0xbe, 0xbd, 0xbb, 0xbb, 0xb8, 
	0xb7, 0xb1, 0xac, 0xa9, 0xa7, 0xa8, 0xac, 0xb2, 
	0xb9, 0xbf, 0xc4, 0xc8, 0xcb, 0xcb, 0xc9, 0xc8, 
	0xca, 0xcb, 0xcd, 0xd2, 0xd5, 0xd4, 0xcf, 0xc9, 
	0xc4, 0xc2, 0xc2, 0xc1, 0xbd, 0xb9, 0xb5, 0xb4, 
	0xb3, 0xb1, 0xb3, 0xb5, 0xb8, 0xbd, 0xc0, 0xbe, 
	0xbd, 0xbc, 0xbb, 0xb8, 0xb6, 0xb4, 0xb3, 0xb2, 
	0xb2, 0xb3, 0xb6, 0xb8, 0xba, 0xbd, 0xbe, 0xc0, 
	0xc1, 0xc0, 0xbe, 0xbf, 0xbc, 0xba, 0xba, 0xbb, 
	0xbb, 0xb5, 0xaf, 0xac, 0xa9, 0xaa, 0xac, 0xb1, 
	0xb8, 0xbe, 0xc3, 0xc8, 0xcb, 0xcc, 0xcb, 0xcc, 
	0xcd, 0xce, 0xd1, 0xd5, 0xd7, 0xd6, 0xd3, 0xcd, 
	0xc8, 0xc5, 0xc1, 0xbe, 0xbb, 0xb7, 0xb4, 0xb2, 
	0xb1, 0xb0, 0xb2, 0xb4, 0xb7, 0xbb, 0xbc, 0xba, 
	0xb9, 0xb8, 0xb6, 0xb5, 0xb3, 0xb2, 0xb1, 0xb0, 
	0xaf, 0xb1, 0xb4, 0xb6, 0xb8, 0xbb, 0xbd, 0xbf, 
	0xbf, 0xbe, 0xbd, 0xbf, 0xbd, 0xbb, 0xbc, 0xbd, 
	0xbe, 0xb9, 0xb3, 0xaf, 0xac, 0xac, 0xad, 0xb1, 
	0xb6, 0xbc, 0xc0, 0xc6, 0xc9, 0xca, 0xcb, 0xcf, 
	0xd2, 0xd3, 0xd6, 0xd8, 0xd8, 0xd7, 0xd4, 0xcc, 
	0xc6, 0xc3, 0xbe, 0xba, 0xba, 0xb7, 0xb3, 0xb1, 
	0xb0, 0xae, 0xb0, 0xb3, 0xb6, 0xb9, 0xbb, 0xb9, 
	0xb7, 0xb6, 0xb5, 0xb3, 0xb2, 0xb0, 0xaf, 0xae, 
	0xad, 0xaf, 0xb2, 0xb4, 0xb7, 0xba, 0xbe, 0xc0, 
	0xbf, 0xbd, 0xbd, 0xbf, 0xbe, 0xbc, 0xbe, 0xbf, 
	0xbe, 0xbb, 0xb7, 0xb3, 0xb0, 0xad, 0xae, 0xb0, 
	0xb4, 0xba, 0xbd, 0xc2, 0xc6, 0xc7, 0xcb, 0xd1, 
	0xd6, 0xd8, 0xda, 0xda, 0xd7, 0xd5, 0xd3, 0xcc, 
	0xc5, 0xc0, 0xbb, 0xb6, 0xb5, 0xb5, 0xb4, 0xb0, 
	0xae, 0xad, 0xaf, 0xb1, 0xb4, 0xb9, 0xbb, 0xb7, 
	0xb6, 0xb4, 0xb3, 0xb2, 0xb0, 0xaf, 0xad, 0xac, 
	0xab, 0xad, 0xb0, 0xb3, 0xb5, 0xb8, 0xbd, 0xbf, 
	0xbd, 0xbc, 0xbb, 0xbd, 0xbe, 0xbd, 0xbe, 0xbe, 
	0xba, 0xb9, 0xb8, 0xb7, 0xb4, 0xb1, 0xaf, 0xb0, 
	0xb3, 0xb5, 0xba, 0xbe, 0xc2, 0xc5, 0xcb, 0xd3, 
	0xd8, 0xda, 0xdb, 0xdb, 0xd8, 0xd5, 0xd2, 0xcd, 
	0xc5, 0xbf, 0xb8, 0xb3, 0xb0, 0xb0, 0xb0, 0xae, 
	0xac, 0xac, 0xad, 0xb0, 0xb4, 0xb9, 0xbb, 0xb7, 
	0xb4, 0xb3, 0xb1, 0xb0, 0xaf, 0xad, 0xac, 0xab, 
	0xaa, 0xac, 0xaf, 0xb1, 0xb4, 0xb7, 0xbc, 0xbc, 
	0xbb, 0xba, 0xb9, 0xb9, 0xbb, 0xbb, 0xba, 0xba, 
	0xb8, 0xb9, 0xbb, 0xbb, 0xb9, 0xb5, 0xb1, 0xb0, 
	0xb2, 0xb4, 0xb7, 0xba, 0xbe, 0xc3, 0xc9, 0xd2, 
	0xd9, 0xdb, 0xdd, 0xdd, 0xdb, 0xd6, 0xd2, 0xcc, 
	0xc3, 0xbb, 0xb5, 0xb1, 0xac, 0xab, 0xab, 0xac, 
	0xab, 0xac, 0xad, 0xaf, 0xb6, 0xba, 0xba, 0xb5, 
	0xb3, 0xb3, 0xb2, 0xae, 0xad, 0xac, 0xab, 0xaa, 
	0xaa, 0xab, 0xad, 0xb0, 0xb3, 0xb7, 0xbc, 0xbb, 
	0xba, 0xb9, 0xb8, 0xb7, 0xb7, 0xb7, 0xb7, 0xb7, 
	0xb8, 0xba, 0xbd, 0xbe, 0xbc, 0xb9, 0xb3, 0xb0, 
	0xb1, 0xb3, 0xb6, 0xb9, 0xbb, 0xc0, 0xc7, 0xd0, 
	0xd8, 0xdc, 0xde, 0xde, 0xdd, 0xd9, 0xd2, 0xca, 
	0xc1, 0xb9, 0xb3, 0xae, 0xaa, 0xa7, 0xa7, 0xa7, 
	0xa8, 0xa9, 0xab, 0xb0, 0xb8, 0xba, 0xb9, 0xb3, 
	0xb1, 0xb2, 0xb1, 0xad, 0xac, 0xab, 0xaa, 0xab, 
	0xaa, 0xa9, 0xac, 0xaf, 0xb1, 0xb6, 0xba, 0xb9, 
	0xb8, 0xb7, 0xb6, 0xb5, 0xb4, 0xb4, 0xb5, 0xb7, 
	0xba, 0xbc, 0xbf, 0xbf, 0xbd, 0xba, 0xb5, 0xb0, 
	0xaf, 0xb1, 0xb5, 0xb8, 0xbb, 0xbe, 0xc4, 0xcd, 
	0xd4, 0xd9, 0xdc, 0xdd, 0xdd, 0xd9, 0xd3, 0xc8, 
	0xbf, 0xb7, 0xb0, 0xac, 0xa7, 0xa4, 0xa2, 0xa2, 
	0xa3, 0xa5, 0xa9, 0xb1, 0xb7, 0xb9, 0xb8, 0xb3, 
	0xb0, 0xaf, 0xae, 0xad, 0xae, 0xad, 0xab, 0xaa, 
	0xab, 0xa9, 0xab, 0xad, 0xb0, 0xb5, 0xb8, 0xb7, 
	0xb6, 0xb5, 0xb4, 0xb3, 0xb4, 0xb6, 0xb7, 0xb8, 
	0xbb, 0xbd, 0xbf, 0xbe, 0xbc, 0xb8, 0xb3, 0xb0, 
	0xae, 0xaf, 0xb1, 0xb3, 0xb7, 0xbb, 0xc0, 0xc7, 
	0xce, 0xd4, 0xd7, 0xd7, 0xd9, 0xd7, 0xd1, 0xc8, 
	0xbf, 0xb7, 0xb1, 0xac, 0xa6, 0xa2, 0xa0, 0x9f, 
	0x9f, 0xa2, 0xa8, 0xb1, 0xb6, 0xb8, 0xb7, 0xb3, 
	0xaf, 0xae, 0xaf, 0xaf, 0xb0, 0xae, 0xac, 0xab, 
	0xab, 0xa9, 0xaa, 0xad, 0xaf, 0xb3, 0xb8, 0xb8, 
	0xb6, 0xb4, 0xb3, 0xb4, 0xb6, 0xb7, 0xb9, 0xba, 
	0xbd, 0xbe, 0xbd, 0xba, 0xb8, 0xb4, 0xb0, 0xae, 
	0xab, 0xab, 0xab, 0xad, 0xb1, 0xb5, 0xba, 0xc0, 
	0xc6, 0xcc, 0xcf, 0xd1, 0xd3, 0xd2, 0xce, 0xc8, 
	0xbf, 0xb9, 0xb3, 0xad, 0xa7, 0xa2, 0x9e, 0x9d, 
	0x9c, 0x9f, 0xa6, 0xaf, 0xb4, 0xb6, 0xb5, 0xb2, 
	0xb0, 0xaf, 0xb0, 0xb1, 0xb2, 0xb0, 0xae, 0xad, 
	0xac, 0xaa, 0xaa, 0xac, 0xaf, 0xb3, 0xb8, 0xb9, 
	0xb7, 0xb5, 0xb5, 0xb6, 0xb8, 0xb9, 0xbb, 0xbd, 
	0xc1, 0xbf, 0xbd, 0xb8, 0xb4, 0xb0, 0xae, 0xac, 
	0xa9, 0xa7, 0xa7, 0xa9, 0xad, 0xb1, 0xb5, 0xba, 
	0xbf, 0xc4, 0xc8, 0xcc, 0xce, 0xd0, 0xce, 0xc8, 
	0xc1, 0xba, 0xb4, 0xae, 0xa9, 0xa3, 0x9e, 0x9b, 
	0x9a, 0x9d, 0xa3, 0xac, 0xb2, 0xb4, 0xb3, 0xb1, 
	0xb1, 0xb1, 0xb2, 0xb3, 0xb5, 0xb3, 0xb0, 0xaf, 
	0xad, 0xab, 0xab, 0xad, 0xaf, 0xb4, 0xb9, 0xba, 
	0xb8, 0xb8, 0xba, 0xbb, 0xbc, 0xbd, 0xc0, 0xc3, 
	0xc1, 0xbe, 0xbb, 0xb7, 0xb3, 0xb0, 0xad, 0xaa, 
	0xa7, 0xa4, 0xa3, 0xa6, 0xa9, 0xae, 0xb3, 0xb7, 
	0xbb, 0xbf, 0xc3, 0xc7, 0xca, 0xcd, 0xcd, 0xc9, 
	0xc3, 0xbd, 0xb9, 0xb0, 0xaa, 0xa5, 0x9f, 0x9b, 
	0x98, 0x99, 0x9f, 0xa8, 0xae, 0xb0, 0xaf, 0xae, 
	0xb1, 0xb2, 0xb3, 0xb4, 0xb6, 0xb5, 0xb4, 0xb1, 
	0xae, 0xac, 0xac, 0xae, 0xb1, 0xb6, 0xbb, 0xbb, 
	0xbb, 0xbd, 0xbf, 0xc0, 0xc1, 0xc3, 0xc6, 0xc6, 
	0xc2, 0xbf, 0xbc, 0xb9, 0xb6, 0xb3, 0xaf, 0xab, 
	0xa7, 0xa4, 0xa3, 0xa4, 0xa7, 0xad, 0xb2, 0xb5, 
	0xb8, 0xbb, 0xbf, 0xc3, 0xc6, 0xc9, 0xcc, 0xcb, 
	0xc7, 0xc1, 0xbc, 0xb2, 0xac, 0xa6, 0xa2, 0x9c, 
	0x97, 0x98, 0x9b, 0xa3, 0xa7, 0xa8, 0xa8, 0xaa, 
	0xaf, 0xb3, 0xb5, 0xb5, 0xb5, 0xb4, 0xb4, 0xb2, 
	0xaf, 0xad, 0xad, 0xaf, 0xb3, 0xb8, 0xbb, 0xbd, 
	0xc0, 0xc4, 0xc7, 0xc8, 0xc8, 0xcb, 0xca, 0xc7, 
	0xc6, 0xc1, 0xbe, 0xbc, 0xbb, 0xb9, 0xb4, 0xaf, 
	0xaa, 0xa6, 0xa4, 0xa6, 0xa7, 0xac, 0xb1, 0xb5, 
	0xb8, 0xba, 0xbd, 0xc0, 0xc3, 0xc7, 0xca, 0xcb, 
	0xc8, 0xc3, 0xbe, 0xb6, 0xae, 0xa8, 0xa5, 0x9e, 
	0x97, 0x96, 0x97, 0x9b, 0x9f, 0xa1, 0xa4, 0xa7, 
	0xad, 0xb2, 0xb6, 0xb5, 0xb4, 0xb3, 0xb3, 0xb2, 
	0xb0, 0xae, 0xae, 0xb0, 0xb5, 0xb9, 0xbb, 0xc2, 
	0xc6, 0xca, 0xcd, 0xce, 0xce, 0xcf, 0xcd, 0xca, 
	0xc8, 0xc5, 0xc5, 0xc4, 0xc1, 0xbe, 0xb8, 0xb2, 
	0xad, 0xa7, 0xa6, 0xa7, 0xa9, 0xad, 0xb1, 0xb5, 
	0xb9, 0xbb, 0xbd, 0xc0, 0xc3, 0xc6, 0xc9, 0xca, 
	0xc8, 0xc3, 0xbe, 0xba, 0xb1, 0xaa, 0xa7, 0xa0, 
	0x97, 0x94, 0x93, 0x96, 0x99, 0x9c, 0xa0, 0xa3, 
	0xa9, 0xaf, 0xb2, 0xb3, 0xb4, 0xb4, 0xb4, 0xb4, 
	0xb2, 0xb0, 0xaf, 0xb1, 0xb3, 0xb6, 0xbc, 0xc3, 
	0xc8, 0xcd, 0xd0, 0xd2, 0xd3, 0xd3, 0xd1, 0xcd, 
	0xc8, 0xc5, 0xc6, 0xc7, 0xc6, 0xc2, 0xbc, 0xb5, 
	0xaf, 0xaa, 0xa8, 0xa9, 0xaa, 0xaf, 0xb3, 0xb7, 
	0xbb, 0xbd, 0xbf, 0xc1, 0xc3, 0xc5, 0xc8, 0xc8, 
	0xc7, 0xc3, 0xbc, 0xb9, 0xb4, 0xac, 0xa8, 0xa0, 
	0x97, 0x92, 0x90, 0x91, 0x94, 0x98, 0x9c, 0xa1, 
	0xa6, 0xab, 0xb0, 0xb3, 0xb7, 0xb9, 0xb9, 0xb8, 
	0xb6, 0xb4, 0xb2, 0xb3, 0xb4, 0xb6, 0xbb, 0xc1, 
	0xc6, 0xca, 0xcf, 0xd4, 0xd6, 0xd6, 0xd3, 0xce, 
	0xc7, 0xc4, 0xc6, 0xc7, 0xc7, 0xc4, 0xbf, 0xb8, 
	0xb2, 0xad, 0xab, 0xab, 0xad, 0xb2, 0xb6, 0xba, 
	0xbf, 0xc0, 0xc2, 0xc3, 0xc4, 0xc5, 0xc9, 0xc8, 
	0xc4, 0xc0, 0xbb, 0xb8, 0xb5, 0xb0, 0xa9, 0xa0, 
	0x98, 0x92, 0x8f, 0x91, 0x96, 0x97, 0x9c, 0xa1, 
	0xa6, 0xab, 0xb1, 0xb6, 0xbd, 0xc0, 0xc0, 0xc0, 
	0xbd, 0xba, 0xb7, 0xb6, 0xb6, 0xb8, 0xbc, 0xc0, 
	0xc5, 0xc9, 0xce, 0xd2, 0xd5, 0xd6, 0xd4, 0xcf, 
	0xc6, 0xc2, 0xc2, 0xc3, 0xc4, 0xc4, 0xc0, 0xba, 
	0xb5, 0xb1, 0xae, 0xae, 0xaf, 0xb4, 0xb9, 0xbe, 
	0xc2, 0xc3, 0xc3, 0xc4, 0xc5, 0xc6, 0xc9, 0xc8, 
	0xc2, 0xbf, 0xbc, 0xb9, 0xb5, 0xaf, 0xa9, 0xa0, 
	0x99, 0x94, 0x92, 0x93, 0x96, 0x98, 0x9c, 0xa1, 
	0xa6, 0xab, 0xb1, 0xb9, 0xc1, 0xc5, 0xc7, 0xc7, 
	0xc5, 0xc2, 0xbf, 0xbc, 0xbb, 0xbb, 0xbf, 0xc2, 
	0xc7, 0xc9, 0xcd, 0xd2, 0xd4, 0xd5, 0xd3, 0xce, 
	0xc2, 0xbe, 0xbe, 0xbe, 0xbf, 0xc0, 0xbe, 0xb9, 
	0xb4, 0xb1, 0xae, 0xaf, 0xb2, 0xb6, 0xbb, 0xc1, 
	0xc5, 0xc6, 0xc6, 0xc6, 0xc6, 0xc7, 0xc7, 0xc7, 
	0xc1, 0xbc, 0xb9, 0xb6, 0xb3, 0xad, 0xa8, 0xa2, 
	0x9c, 0x99, 0x97, 0x97, 0x98, 0x99, 0x9c, 0xa1, 
	0xa6, 0xab, 0xb1, 0xbb, 0xc2, 0xc7, 0xca, 0xcb, 
	0xcb, 0xc9, 0xc7, 0xc4, 0xc1, 0xc2, 0xc5, 0xc5, 
	0xc9, 0xca, 0xcd, 0xd0, 0xd2, 0xd1, 0xce, 0xc9, 
	0xbb, 0xb9, 0xba, 0xbc, 0xbc, 0xbb, 0xba, 0xb6, 
	0xb2, 0xaf, 0xb0, 0xb1, 0xb4, 0xb9, 0xbe, 0xc3, 
	0xc8, 0xca, 0xcb, 0xc9, 0xc8, 0xc7, 0xc6, 0xc6, 
	0xc1, 0xbc, 0xb8, 0xb5, 0xb2, 0xad, 0xaa, 0xa7, 
	0xa3, 0xa0, 0x9e, 0x9d, 0x9b, 0x9c, 0x9d, 0xa2, 
	0xa8, 0xab, 0xb0, 0xb8, 0xbf, 0xc5, 0xc9, 0xcb, 
	0xcd, 0xce, 0xce, 0xcb, 0xc9, 0xc9, 0xc9, 0xc6, 
	0xc6, 0xc8, 0xcb, 0xcd, 0xcd, 0xca, 0xc5, 0xc0, 
	0xb4, 0xb4, 0xb6, 0xba, 0xba, 0xb6, 0xb4, 0xb2, 
	0xb0, 0xb0, 0xb2, 0xb5, 0xb8, 0xbb, 0xc0, 0xc5, 
	0xca, 0xcd, 0xd0, 0xce, 0xcd, 0xcb, 0xc8, 0xc6, 
	0xc1, 0xbc, 0xb8, 0xb6, 0xb5, 0xb1, 0xac, 0xac, 
	0xab, 0xa8, 0xa6, 0xa5, 0xa1, 0xa0, 0xa0, 0xa2, 
	0xa7, 0xab, 0xae, 0xb5, 0xbb, 0xc0, 0xc5, 0xca, 
	0xcd, 0xcf, 0xd0, 0xcf, 0xcb, 0xca, 0xc8, 0xc5, 
	0xc5, 0xc6, 0xc8, 0xc7, 0xc5, 0xbf, 0xba, 0xb6, 
	0xae, 0xaf, 0xb1, 0xb4, 0xb6, 0xb4, 0xb2, 0xb1, 
	0xb1, 0xb3, 0xb4, 0xba, 0xbe, 0xbf, 0xc3, 0xc7, 
	0xcb, 0xcf, 0xd3, 0xd5, 0xd4, 0xd0, 0xca, 0xc6, 
	0xc1, 0xbc, 0xba, 0xb7, 0xb6, 0xb4, 0xb1, 0xb1, 
	0xb1, 0xb0, 0xad, 0xab, 0xa8, 0xa5, 0xa3, 0xa4, 
	0xa6, 0xa9, 0xae, 0xb4, 0xb9, 0xbf, 0xc4, 0xc9, 
	0xcb, 0xce, 0xd0, 0xcf, 0xcc, 0xc9, 0xc5, 0xc3, 
	0xc4, 0xc4, 0xc2, 0xbe, 0xb8, 0xb4, 0xb0, 0xae, 
	0xa8, 0xaa, 0xac, 0xaf, 0xb3, 0xb2, 0xb1, 0xb2, 
	0xb4, 0xb6, 0xb9, 0xbf, 0xc3, 0xc4, 0xc6, 0xca, 
	0xce, 0xd2, 0xd6, 0xd9, 0xd9, 0xd6, 0xd1, 0xca, 
	0xc4, 0xc0, 0xbd, 0xba, 0xb7, 0xb7, 0xb8, 0xb8, 
	0xb5, 0xb3, 0xb0, 0xad, 0xad, 0xab, 0xa7, 0xa7, 
	0xa8, 0xaa, 0xae, 0xb3, 0xb8, 0xbe, 0xc3, 0xc6, 
	0xc9, 0xcd, 0xcf, 0xce, 0xca, 0xc5, 0xc3, 0xc1, 
	0xc0, 0xbd, 0xb9, 0xb4, 0xaf, 0xab, 0xa8, 0xa8, 
	0xa5, 0xa7, 0xa9, 0xac, 0xaf, 0xb0, 0xb2, 0xb4, 
	0xb8, 0xbc, 0xbf, 0xc4, 0xc7, 0xc9, 0xca, 0xcd, 
	0xd1, 0xd5, 0xda, 0xde, 0xdf, 0xdd, 0xd7, 0xd1, 
	0xcc, 0xc7, 0xc2, 0xbf, 0xbc, 0xbb, 0xbd, 0xbd, 
	0xba, 0xb5, 0xb2, 0xaf, 0xae, 0xaf, 0xab, 0xaa, 
	0xab, 0xad, 0xae, 0xb2, 0xb7, 0xbd, 0xbf, 0xc4, 
	0xc8, 0xcb, 0xcc, 0xcb, 0xc5, 0xc2, 0xc0, 0xbe, 
	0xbb, 0xb6, 0xb1, 0xad, 0xa9, 0xa5, 0xa5, 0xa5, 
	0xa2, 0xa4, 0xa7, 0xaa, 0xac, 0xb0, 0xb4, 0xb8, 
	0xbe, 0xc2, 0xc5, 0xc7, 0xc9, 0xcb, 0xce, 0xd1, 
	0xd5, 0xd7, 0xdc, 0xe1, 0xe3, 0xe3, 0xdf, 0xda, 
	0xd6, 0xd1, 0xca, 0xc5, 0xc2, 0xc1, 0xbf, 0xbd, 
	0xbe, 0xba, 0xb7, 0xb2, 0xb1, 0xb1, 0xb0, 0xae, 
	0xae, 0xaf, 0xb0, 0xb1, 0xb6, 0xb9, 0xbb, 0xc0, 
	0xc3, 0xc4, 0xc4, 0xc6, 0xc2, 0xc0, 0xbf, 0xbb, 
	0xb8, 0xb2, 0xae, 0xa8, 0xa5, 0xa4, 0xa4, 0xa3, 
	0xa1, 0xa3, 0xa5, 0xaa, 0xae, 0xb3, 0xb7, 0xbc, 
	0xc2, 0xc8, 0xcb, 0xcc, 0xcd, 0xce, 0xd0, 0xd2, 
	0xd6, 0xd7, 0xdc, 0xe1, 0xe5, 0xe6, 0xe2, 0xe0, 
	0xde, 0xd9, 0xd4, 0xce, 0xc8, 0xc5, 0xc1, 0xbf, 
	0xbf, 0xbc, 0xbb, 0xb7, 0xb5, 0xb3, 0xb2, 0xb2, 
	0xb3, 0xb3, 0xb3, 0xb2, 0xb3, 0xb6, 0xb8, 0xbb, 
	0xbd, 0xbf, 0xc2, 0xc3, 0xc0, 0xbf, 0xc0, 0xbb, 
	0xb8, 0xb3, 0xad, 0xa7, 0xa5, 0xa3, 0xa2, 0xa1, 
	0xa3, 0xa4, 0xa7, 0xad, 0xb1, 0xb7, 0xbc, 0xc0, 
	0xc5, 0xcb, 0xd1, 0xd3, 0xd3, 0xd2, 0xd3, 0xd5, 
	0xd7, 0xd7, 0xda, 0xde, 0xe2, 0xe5, 0xe3, 0xe3, 
	0xe2, 0xdd, 0xda, 0xd6, 0xcf, 0xc9, 0xc3, 0xc1, 
	0xbf, 0xbd, 0xbc, 0xbc, 0xb9, 0xb7, 0xb7, 0xb8, 
	0xb9, 0xbb, 0xb9, 0xb5, 0xb3, 0xb4, 0xb7, 0xb9, 
	0xbb, 0xbe, 0xc2, 0xc3, 0xc0, 0xbf, 0xc0, 0xbd, 
	0xba, 0xb5, 0xaf, 0xa9, 0xa7, 0xa5, 0xa3, 0xa2, 
	0xa5, 0xa7, 0xaa, 0xaf, 0xb4, 0xba, 0xc1, 0xc5, 
	0xc9, 0xcf, 0xd4, 0xd6, 0xd7, 0xd6, 0xd6, 0xd7, 
	0xd8, 0xd8, 0xdb, 0xe0, 0xe3, 0xe5, 0xe4, 0xe5, 
	0xe3, 0xdf, 0xdf, 0xdc, 0xd6, 0xce, 0xc7, 0xc3, 
	0xc1, 0xbf, 0xbd, 0xbd, 0xbc, 0xbc, 0xbd, 0xbe, 
	0xbf, 0xc0, 0xbb, 0xb7, 0xb5, 0xb5, 0xb7, 0xb9, 
	0xbb, 0xbf, 0xc3, 0xc2, 0xc0, 0xc0, 0xbd, 0xbb, 
	0xb9, 0xb6, 0xb2, 0xad, 0xab, 0xa9, 0xa7, 0xa4, 
	0xaa, 0xaa, 0xac, 0xb2, 0xba, 0xc0, 0xc7, 0xcb, 
	0xcd, 0xd1, 0xd6, 0xd8, 0xd8, 0xd9, 0xda, 0xd8, 
	0xd9, 0xd9, 0xdc, 0xdf, 0xe3, 0xe4, 0xe6, 0xe7, 
	0xe4, 0xe1, 0xe0, 0xe0, 0xdb, 0xd5, 0xce, 0xc7, 
	0xc3, 0xc1, 0xbf, 0xbf, 0xc0, 0xc2, 0xc4, 0xc5, 
	0xc5, 0xc3, 0xbe, 0xbb, 0xba, 0xba, 0xba, 0xbd, 
	0xc1, 0xc1, 0xc0, 0xbf, 0xbe, 0xbd, 0xba, 0xb9, 
	0xb7, 0xb5, 0xb3, 0xb1, 0xb0, 0xaf, 0xac, 0xa9, 
	0xb0, 0xb0, 0xb2, 0xb8, 0xc0, 0xc6, 0xcc, 0xcf, 
	0xd1, 0xd2, 0xd5, 0xd7, 0xd7, 0xda, 0xdd, 0xdc, 
	0xd9, 0xd9, 0xda, 0xdb, 0xdf, 0xe4, 0xe7, 0xe7, 
	0xe5, 0xe3, 0xe3, 0xe3, 0xdf, 0xd9, 0xd2, 0xcb, 
	0xc5, 0xc3, 0xc1, 0xc2, 0xc6, 0xc9, 0xca, 0xc9, 
	0xc8, 0xc6, 0xc3, 0xc1, 0xc0, 0xc1, 0xc2, 0xc3, 
	0xc4, 0xc2, 0xbf, 0xbd, 0xbc, 0xb9, 0xb8, 0xb6, 
	0xb4, 0xb5, 0xb4, 0xb4, 0xb5, 0xb5, 0xb2, 0xb0, 
	0xb6, 0xb6, 0xb7, 0xbc, 0xc1, 0xc8, 0xce, 0xd2, 
	0xd3, 0xd3, 0xd3, 0xd5, 0xd7, 0xdb, 0xdc, 0xdc, 
	0xd9, 0xd8, 0xd7, 0xd8, 0xdc, 0xe2, 0xe5, 0xe5, 
	0xe6, 0xe6, 0xe4, 0xe2, 0xde, 0xd6, 0xd1, 0xcc, 
	0xc8, 0xc6, 0xc5, 0xc6, 0xca, 0xcd, 0xcc, 0xca, 
	0xca, 0xca, 0xcb, 0xca, 0xc8, 0xc9, 0xc8, 0xc5, 
	0xc4, 0xc2, 0xc0, 0xbe, 0xbc, 0xba, 0xb7, 0xb4, 
	0xb3, 0xb4, 0xb5, 0xb6, 0xb8, 0xb9, 0xb9, 0xb6, 
	0xbd, 0xbc, 0xbc, 0xbf, 0xc3, 0xc8, 0xce, 0xd3, 
	0xd4, 0xd3, 0xd2, 0xd2, 0xd4, 0xd7, 0xd8, 0xd8, 
	0xd6, 0xd5, 0xd5, 0xd5, 0xd8, 0xdd, 0xe0, 0xe0, 
	0xe4, 0xe6, 0xe4, 0xe0, 0xda, 0xd5, 0xd3, 0xd0, 
	0xcd, 0xcc, 0xcc, 0xcc, 0xce, 0xd0, 0xce, 0xcd, 
	0xcf, 0xd0, 0xd1, 0xd1, 0xd0, 0xcd, 0xca, 0xc6, 
	0xc4, 0xc3, 0xc3, 0xc1, 0xbe, 0xbb, 0xb8, 0xb6, 
	0xb4, 0xb5, 0xb6, 0xb8, 0xba, 0xbe, 0xbe, 0xbd, 
	0xc2, 0xc1, 0xc1, 0xc2, 0xc5, 0xc9, 0xce, 0xd3, 
	0xd4, 0xd1, 0xd0, 0xcf, 0xd0, 0xd0, 0xd1, 0xd0, 
	0xcf, 0xcf, 0xd0, 0xcf, 0xd2, 0xd8, 0xda, 0xdb, 
	0xe0, 0xe1, 0xdf, 0xda, 0xd6, 0xd4, 0xd4, 0xd5, 
	0xd3, 0xd2, 0xd2, 0xd3, 0xd4, 0xd4, 0xd1, 0xd0, 
	0xd3, 0xd4, 0xd7, 0xd7, 0xd5, 0xd1, 0xcc, 0xc9, 
	0xc5, 0xc3, 0xc4, 0xc3, 0xc1, 0xbc, 0xb9, 0xb7, 
	0xb7, 0xb7, 0xb8, 0xba, 0xbd, 0xbf, 0xc0, 0xc1, 
	0xc3, 0xc3, 0xc4, 0xc5, 0xc7, 0xca, 0xce, 0xd1, 
	0xd3, 0xd1, 0xce, 0xcd, 0xcc, 0xcb, 0xca, 0xc8, 
	0xc7, 0xc8, 0xc8, 0xc8, 0xca, 0xd0, 0xd3, 0xd4, 
	0xd8, 0xd8, 0xd6, 0xd4, 0xd5, 0xd5, 0xd6, 0xd9, 
	0xd9, 0xd9, 0xda, 0xdb, 0xda, 0xd8, 0xd5, 0xd5, 
	0xd7, 0xd7, 0xd9, 0xd9, 0xd4, 0xd3, 0xd0, 0xca, 
	0xc5, 0xc2, 0xc2, 0xc2, 0xc2, 0xbe, 0xba, 0xbb, 
	0xbb, 0xb9, 0xb9, 0xbb, 0xbd, 0xbf, 0xc0, 0xc2, 
	0xc3, 0xc4, 0xc6, 0xc8, 0xca, 0xcc, 0xd0, 0xd2, 
	0xd3, 0xd1, 0xcc, 0xcb, 0xca, 0xc7, 0xc4, 0xc1, 
	0xbf, 0xc0, 0xbe, 0xbf, 0xc1, 0xc5, 0xc7, 0xcb, 
	0xd0, 0xd2, 0xd2, 0xcf, 0xd2, 0xd4, 0xd4, 0xd8, 
	0xdc, 0xde, 0xde, 0xde, 0xdd, 0xda, 0xd9, 0xdb, 
	0xda, 0xd8, 0xd9, 0xd7, 0xd3, 0xd4, 0xd1, 0xcd, 
	0xc6, 0xc1, 0xc0, 0xc0, 0xc1, 0xbd, 0xbb, 0xbc, 
	0xbd, 0xbc, 0xbb, 0xbc, 0xbd, 0xbe, 0xc0, 0xc1, 
	0xc3, 0xc4, 0xc7, 0xc9, 0xcb, 0xcd, 0xd0, 0xd3, 
	0xd3, 0xd0, 0xcb, 0xca, 0xca, 0xc7, 0xc2, 0xbd, 
	0xb8, 0xb8, 0xb7, 0xb7, 0xb7, 0xb9, 0xbb, 0xc0, 
	0xc4, 0xc8, 0xca, 0xc9, 0xcc, 0xcc, 0xcf, 0xd5, 
	0xdb, 0xdd, 0xdd, 0xdc, 0xdc, 0xde, 0xdd, 0xdc, 
	0xdb, 0xd9, 0xd6, 0xd2, 0xcf, 0xcf, 0xcf, 0xcd, 
	0xc6, 0xc1, 0xbf, 0xbe, 0xbe, 0xbd, 0xbd, 0xbd, 
	0xbe, 0xbe, 0xbe, 0xbf, 0xbf, 0xc0, 0xc2, 0xc2, 
	0xc4, 0xc5, 0xc7, 0xc8, 0xc9, 0xcb, 0xce, 0xd0, 
	0xd0, 0xcc, 0xca, 0xc9, 0xc9, 0xc5, 0xbf, 0xba, 
	0xb5, 0xb1, 0xb1, 0xb0, 0xb0, 0xb1, 0xb2, 0xb5, 
	0xb7, 0xba, 0xbd, 0xc1, 0xc3, 0xc7, 0xcb, 0xd3, 
	0xd6, 0xd8, 0xd9, 0xd9, 0xdb, 0xdd, 0xdc, 0xdb, 
	0xd9, 0xd7, 0xd4, 0xd0, 0xcb, 0xca, 0xca, 0xc9, 
	0xc4, 0xbf, 0xbd, 0xbc, 0xbd, 0xbf, 0xc0, 0xc0, 
	0xc1, 0xc1, 0xc2, 0xc2, 0xc3, 0xc3, 0xc4, 0xc4, 
	0xc7, 0xc6, 0xc6, 0xc7, 0xc8, 0xc9, 0xcb, 0xcd, 
	0xcc, 0xc9, 0xc7, 0xc6, 0xc4, 0xc2, 0xbd, 0xb6, 
	0xb2, 0xaf, 0xad, 0xab, 0xaa, 0xac, 0xae, 0xae, 
	0xae, 0xb1, 0xb4, 0xb8, 0xbc, 0xc2, 0xc8, 0xcf, 
	0xd1, 0xd3, 0xd5, 0xd7, 0xd8, 0xd8, 0xd6, 0xd5, 
	0xd2, 0xd0, 0xce, 0xcb, 0xc7, 0xc5, 0xc5, 0xc5, 
	0xc2, 0xbf, 0xbd, 0xbd, 0xbf, 0xc2, 0xc4, 0xc5, 
	0xc5, 0xc5, 0xc5, 0xc6, 0xc6, 0xc7, 0xc8, 0xc8, 
	0xcb, 0xc9, 0xc8, 0xc8, 0xc7, 0xc8, 0xc9, 0xca, 
	0xc8, 0xc6, 0xc4, 0xc2, 0xc0, 0xbe, 0xba, 0xb4, 
	0xaf, 0xac, 0xab, 0xa9, 0xa7, 0xa6, 0xa7, 0xa7, 
	0xa7, 0xaa, 0xad, 0xb2, 0xb8, 0xbf, 0xc6, 0xca, 
	0xcb, 0xcd, 0xce, 0xd1, 0xd0, 0xd0, 0xd0, 0xcf, 
	0xce, 0xcc, 0xc8, 0xc5, 0xc2, 0xc2, 0xc3, 0xc4, 
	0xc3, 0xc0, 0xbe, 0xbf, 0xc3, 0xc8, 0xca, 0xca, 
	0xcb, 0xcb, 0xca, 0xca, 0xca, 0xcb, 0xcc, 0xcd, 
	0xcc, 0xcb, 0xca, 0xc8, 0xc8, 0xc8, 0xca, 0xca, 
	0xc7, 0xc4, 0xc2, 0xc0, 0xbe, 0xbc, 0xb9, 0xb2, 
	0xad, 0xaa, 0xa8, 0xa7, 0xa5, 0xa3, 0xa3, 0xa2, 
	0xa2, 0xa4, 0xa9, 0xaf, 0xb5, 0xba, 0xbf, 0xc2, 
	0xc3, 0xc4, 0xc5, 0xc8, 0xc9, 0xc9, 0xc9, 0xc9, 
	0xc8, 0xc7, 0xc4, 0xc2, 0xbf, 0xc0, 0xc4, 0xc6, 
	0xc6, 0xc3, 0xc1, 0xc1, 0xc6, 0xcb, 0xcd, 0xce, 
	0xd0, 0xd0, 0xd0, 0xcf, 0xce, 0xd0, 0xd0, 0xcf, 
	0xcb, 0xca, 0xca, 0xc7, 0xc7, 0xc8, 0xcc, 0xcb, 
	0xc7, 0xc3, 0xc1, 0xbf, 0xbd, 0xbc, 0xb7, 0xb0, 
	0xab, 0xa7, 0xa7, 0xa7, 0xa5, 0xa4, 0xa3, 0xa4, 
	0xa5, 0xa7, 0xac, 0xb0, 0xb6, 0xbb, 0xbc, 0xbc, 
	0xbd, 0xbe, 0xc0, 0xc3, 0xc6, 0xc5, 0xc5, 0xc3, 
	0xc1, 0xc0, 0xbe, 0xbd, 0xbc, 0xbe, 0xc2, 0xc6, 
	0xc6, 0xc4, 0xc2, 0xc2, 0xc7, 0xcb, 0xce, 0xcf, 
	0xd2, 0xd3, 0xd3, 0xd4, 0xd3, 0xd3, 0xd2, 0xce, 
	0xcb, 0xc9, 0xc8, 0xc6, 0xc7, 0xc8, 0xcc, 0xcc, 
	0xc8, 0xc3, 0xc0, 0xbe, 0xbc, 0xbb, 0xb6, 0xae, 
	0xa9, 0xa6, 0xa8, 0xaa, 0xaa, 0xaa, 0xa9, 0xa7, 
	0xa8, 0xaa, 0xb0, 0xb7, 0xbb, 0xbd, 0xbc, 0xbb, 
	0xbb, 0xbb, 0xbd, 0xc0, 0xc5, 0xc6, 0xc3, 0xc0, 
	0xbc, 0xb9, 0xb7, 0xb7, 0xb8, 0xbc, 0xc0, 0xc2, 
	0xc1, 0xc1, 0xc0, 0xc1, 0xc4, 0xc9, 0xcc, 0xce, 
	0xd1, 0xd4, 0xd5, 0xd6, 0xd6, 0xd5, 0xd3, 0xcf, 
	0xcb, 0xc8, 0xc7, 0xc6, 0xc7, 0xc9, 0xcc, 0xcd, 
	0xca, 0xc4, 0xc0, 0xbd, 0xbc, 0xba, 0xb5, 0xad, 
	0xa8, 0xa5, 0xa7, 0xaa, 0xac, 0xad, 0xac, 0xab, 
	0xae, 0xb1, 0xb7, 0xbd, 0xbf, 0xbe, 0xbb, 0xbb, 
	0xbb, 0xba, 0xbc, 0xbe, 0xc2, 0xc1, 0xbe, 0xbb, 
	0xb7, 0xb3, 0xb0, 0xb0, 0xb2, 0xb5, 0xb7, 0xb9, 
	0xb9, 0xba, 0xbc, 0xbf, 0xc2, 0xc5, 0xc8, 0xca, 
	0xcd, 0xd1, 0xd3, 0xd5, 0xd6, 0xd5, 0xd2, 0xcf, 
	0xca, 0xc9, 0xc7, 0xc7, 0xc8, 0xc9, 0xcd, 0xcd, 
	0xca, 0xc4, 0xbf, 0xbe, 0xbc, 0xb9, 0xb3, 0xac, 
	0xa7, 0xa4, 0xa4, 0xa6, 0xaa, 0xac, 0xaa, 0xaa, 
	0xad, 0xb0, 0xb7, 0xbd, 0xbf, 0xbc, 0xba, 0xb9, 
	0xb9, 0xb8, 0xbb, 0xbd, 0xbf, 0xc0, 0xbc, 0xb8, 
	0xb3, 0xae, 0xaa, 0xa9, 0xaa, 0xab, 0xad, 0xaf, 
	0xb2, 0xb5, 0xb8, 0xbd, 0xc0, 0xc1, 0xc4, 0xc7, 
	0xc9, 0xcc, 0xcf, 0xd1, 0xd3, 0xd3, 0xd0, 0xce, 
	0xcb, 0xca, 0xc8, 0xc8, 0xc9, 0xca, 0xcd, 0xcc, 
	0xc9, 0xc3, 0xbd, 0xbb, 0xb9, 0xb6, 0xb1, 0xaa, 
	0xa6, 0xa2, 0xa2, 0xa4, 0xa6, 0xa7, 0xa7, 0xa9, 
	0xab, 0xae, 0xb4, 0xbb, 0xbd, 0xbb, 0xba, 0xb8, 
	0xb7, 0xb7, 0xb9, 0xbc, 0xbe, 0xc1, 0xbc, 0xb7, 
	0xb1, 0xac, 0xa7, 0xa3, 0xa4, 0xa4, 0xa7, 0xaa, 
	0xad, 0xb0, 0xb5, 0xb9, 0xbc, 0xbe, 0xc1, 0xc3, 
	0xc6, 0xc8, 0xca, 0xcc, 0xcd, 0xcd, 0xcd, 0xcc, 
	0xcc, 0xcb, 0xca, 0xca, 0xca, 0xcb, 0xcb, 0xca, 
	0xc7, 0xc2, 0xbb, 0xb7, 0xb3, 0xb0, 0xad, 0xa9, 
	0xa5, 0xa3, 0xa1, 0xa2, 0xa3, 0xa3, 0xa5, 0xa7, 
	0xa9, 0xad, 0xb1, 0xb7, 0xbb, 0xbc, 0xba, 0xb8, 
	0xb7, 0xb9, 0xbb, 0xbd, 0xbf, 0xc2, 0xbf, 0xb8, 
	0xb1, 0xac, 0xa7, 0xa1, 0xa0, 0xa0, 0xa2, 0xa5, 
	0xa8, 0xac, 0xb1, 0xb6, 0xb8, 0xbb, 0xbd, 0xc0, 
	0xc2, 0xc5, 0xc7, 0xc9, 0xca, 0xcb, 0xcc, 0xcc, 
	0xcf, 0xcd, 0xcd, 0xcd, 0xcd, 0xcd, 0xcb, 0xc9, 
	0xc4, 0xc0, 0xba, 0xb4, 0xb0, 0xad, 0xaa, 0xa8, 
	0xa6, 0xa4, 0xa2, 0xa0, 0xa1, 0xa1, 0xa3, 0xa5, 
	0xa7, 0xaa, 0xae, 0xb2, 0xb8, 0xbc, 0xbc, 0xb8, 
	0xb8, 0xbb, 0xbe, 0xc0, 0xc2, 0xc3, 0xc3, 0xbc, 
	0xb5, 0xae, 0xa8, 0xa4, 0xa1, 0xa0, 0xa1, 0xa4, 
	0xa6, 0xa9, 0xad, 0xb1, 0xb4, 0xb7, 0xba, 0xbd, 
	0xc0, 0xc3, 0xc6, 0xc8, 0xc9, 0xcc, 0xce, 0xcf, 
	0xd5, 0xd3, 0xd2, 0xd2, 0xd2, 0xd0, 0xcc, 0xc6, 
	0xc1, 0xbc, 0xb7, 0xb1, 0xad, 0xab, 0xa9, 0xa8, 
	0xa7, 0xa5, 0xa3, 0xa1, 0xa0, 0xa0, 0xa1, 0xa3, 
	0xa5, 0xa7, 0xa9, 0xae, 0xb2, 0xb8, 0xba, 0xb9, 
	0xb9, 0xbd, 0xc2, 0xc4, 0xc5, 0xc6, 0xc6, 0xc2, 
	0xba, 0xb3, 0xad, 0xa9, 0xa6, 0xa3, 0xa3, 0xa5, 
	0xa6, 0xa8, 0xab, 0xae, 0xb2, 0xb5, 0xb8, 0xbb, 
	0xbe, 0xc1, 0xc4, 0xc7, 0xca, 0xce, 0xd2, 0xd5, 
	0xd9, 0xd8, 0xd7, 0xd6, 0xd5, 0xd2, 0xcc, 0xc4, 
	0xbe, 0xb9, 0xb4, 0xaf, 0xac, 0xaa, 0xa9, 0xa9, 
	0xa8, 0xa7, 0xa5, 0xa3, 0xa1, 0x9f, 0xa0, 0xa3, 
	0xa3, 0xa4, 0xa6, 0xaa, 0xae, 0xb4, 0xb7, 0xb7, 
	0xb8, 0xbd, 0xc3, 0xc7, 0xc8, 0xc9, 0xc9, 0xc5, 
	0xbe, 0xb8, 0xb2, 0xaf, 0xac, 0xa9, 0xa8, 0xa8, 
	0xa9, 0xaa, 0xac, 0xae, 0xb0, 0xb3, 0xb6, 0xb9, 
	0xbc, 0xc0, 0xc5, 0xca, 0xce, 0xd2, 0xd8, 0xda, 
	0xdb, 0xd9, 0xd8, 0xd7, 0xd5, 0xd1, 0xca, 0xc2, 
	0xbc, 0xb7, 0xb2, 0xae, 0xac, 0xab, 0xab, 0xac, 
	0xaa, 0xa8, 0xa6, 0xa4, 0xa2, 0xa1, 0xa1, 0xa2, 
	0xa3, 0xa2, 0xa5, 0xa8, 0xab, 0xaf, 0xb4, 0xb5, 
	0xb8, 0xbd, 0xc3, 0xc8, 0xca, 0xcc, 0xcb, 0xc6, 
	0xc0, 0xbc, 0xba, 0xb7, 0xb2, 0xaf, 0xaf, 0xae, 
	0xad, 0xad, 0xaf, 0xb0, 0xb2, 0xb3, 0xb5, 0xba, 
	0xbe, 0xc2, 0xc7, 0xcc, 0xd1, 0xd7, 0xdb, 0xdc, 
	0xda, 0xd8, 0xd6, 0xd5, 0xd2, 0xcd, 0xc7, 0xc0, 
	0xba, 0xb5, 0xb1, 0xae, 0xad, 0xae, 0xae, 0xaf, 
	0xae, 0xac, 0xaa, 0xa8, 0xa6, 0xa4, 0xa4, 0xa4, 
	0xa4, 0xa3, 0xa3, 0xa6, 0xa9, 0xac, 0xb0, 0xb3, 
	0xb7, 0xbc, 0xc1, 0xc7, 0xcb, 0xcd, 0xcb, 0xc6, 
	0xc1, 0xbf, 0xbf, 0xbe, 0xba, 0xb7, 0xb5, 0xb4, 
	0xb3, 0xb2, 0xb3, 0xb3, 0xb4, 0xb5, 0xb7, 0xbb, 
	0xc0, 0xc4, 0xca, 0xcf, 0xd4, 0xd9, 0xdc, 0xdb, 
	0xd7, 0xd5, 0xd2, 0xd0, 0xcd, 0xc8, 0xc3, 0xbe, 
	0xb8, 0xb4, 0xb1, 0xaf, 0xb0, 0xb3, 0xb1, 0xb1, 
	0xb2, 0xb0, 0xae, 0xac, 0xaa, 0xa9, 0xa9, 0xa8, 
	0xa7, 0xa5, 0xa3, 0xa5, 0xa8, 0xab, 0xad, 0xb1, 
	0xb7, 0xbc, 0xc0, 0xc6, 0xca, 0xcc, 0xcb, 0xc6, 
	0xc2, 0xc1, 0xc2, 0xc1, 0xbf, 0xbd, 0xbc, 0xba, 
	0xb9, 0xb8, 0xb7, 0xb5, 0xb6, 0xb7, 0xb9, 0xbc, 
	0xc1, 0xc6, 0xcd, 0xd2, 0xd5, 0xd8, 0xda, 0xd8, 
	0xcf, 0xcd, 0xca, 0xc8, 0xc5, 0xc2, 0xbe, 0xba, 
	0xb5, 0xb3, 0xb1, 0xb1, 0xb2, 0xb5, 0xb4, 0xb3, 
	0xb5, 0xb4, 0xb2, 0xb0, 0xae, 0xad, 0xae, 0xad, 
	0xab, 0xa7, 0xa5, 0xa4, 0xa6, 0xa9, 0xac, 0xb0, 
	0xb6, 0xbb, 0xbe, 0xc2, 0xc8, 0xca, 0xc9, 0xc6, 
	0xc2, 0xc1, 0xc2, 0xc3, 0xc1, 0xbf, 0xbf, 0xbe, 
	0xbc, 0xba, 0xb9, 0xb8, 0xb8, 0xb9, 0xbb, 0xbd, 
	0xc2, 0xc8, 0xce, 0xd2, 0xd3, 0xd5, 0xd4, 0xd1, 
	0xc8, 0xc6, 0xc4, 0xc2, 0xbf, 0xbc, 0xb9, 0xb6, 
	0xb4, 0xb2, 0xb2, 0xb3, 0xb4, 0xb6, 0xb7, 0xb7, 
	0xb9, 0xb8, 0xb6, 0xb4, 0xb2, 0xb1, 0xb1, 0xb1, 
	0xad, 0xa9, 0xa7, 0xa5, 0xa5, 0xa8, 0xaa, 0xae, 
	0xb4, 0xb9, 0xbc, 0xbf, 0xc3, 0xc5, 0xc7, 0xc5, 
	0xc1, 0xc0, 0xc2, 0xc4, 0xc2, 0xbf, 0xbe, 0xbe, 
	0xbd, 0xbd, 0xbe, 0xbc, 0xbb, 0xbb, 0xbd, 0xbe, 
	0xc1, 0xc6, 0xcb, 0xcf, 0xd0, 0xcf, 0xcc, 0xca, 
	0xc2, 0xc1, 0xc0, 0xbd, 0xbb, 0xb9, 0xb7, 0xb5, 
	0xb4, 0xb3, 0xb4, 0xb5, 0xb7, 0xbb, 0xbc, 0xbb, 
	0xbb, 0xbb, 0xbb, 0xba, 0xb9, 0xb7, 0xb4, 0xb1, 
	0xad, 0xab, 0xa9, 0xa8, 0xa6, 0xa6, 0xa9, 0xac, 
	0xb2, 0xb7, 0xba, 0xbd, 0xbf, 0xc0, 0xc1, 0xc1, 
	0xc0, 0xc1, 0xc4, 0xc5, 0xc2, 0xc0, 0xbf, 0xc1, 
	0xc1, 0xc1, 0xc1, 0xc0, 0xbe, 0xbd, 0xbe, 0xbf, 
	0xc1, 0xc4, 0xc7, 0xc9, 0xc9, 0xc8, 0xc6, 0xc4, 
	0xbd, 0xbc, 0xba, 0xb9, 0xb7, 0xb6, 0xb5, 0xb5, 
	0xb5, 0xb5, 0xb6, 0xb7, 0xba, 0xbe, 0xc0, 0xbf, 
	0xbe, 0xc0, 0xc2, 0xc1, 0xbd, 0xba, 0xb5, 0xb2, 
	0xaf, 0xad, 0xac, 0xaa, 0xa8, 0xa8, 0xa9, 0xab, 
	0xaf, 0xb4, 0xb8, 0xbd, 0xbf, 0xbe, 0xbf, 0xc0, 
	0xc1, 0xc2, 0xc4, 0xc4, 0xc3, 0xc1, 0xc0, 0xc3, 
	0xc4, 0xc4, 0xc3, 0xc2, 0xc2, 0xc0, 0xbf, 0xc0, 
	0xc1, 0xc2, 0xc3, 0xc3, 0xc3, 0xc3, 0xc1, 0xbf, 
	0xb9, 0xb8, 0xb6, 0xb5, 0xb3, 0xb3, 0xb5, 0xb7, 
	0xb7, 0xb7, 0xb8, 0xb9, 0xbb, 0xbe, 0xc0, 0xbf, 
	0xc1, 0xc4, 0xc6, 0xc4, 0xbf, 0xba, 0xb6, 0xb3, 
	0xb1, 0xaf, 0xaf, 0xae, 0xac, 0xab, 0xab, 0xac, 
	0xae, 0xb2, 0xb7, 0xbd, 0xc0, 0xbf, 0xbe, 0xbf, 
	0xc0, 0xc2, 0xc2, 0xc3, 0xc4, 0xc1, 0xc0, 0xc3, 
	0xc5, 0xc7, 0xc6, 0xc6, 0xc5, 0xc2, 0xc0, 0xbf, 
	0xbe, 0xbf, 0xbf, 0xbf, 0xbf, 0xbf, 0xbd, 0xbc, 
	0xb6, 0xb4, 0xb3, 0xb1, 0xaf, 0xb1, 0xb6, 0xba, 
	0xbb, 0xb9, 0xbb, 0xbc, 0xbe, 0xbe, 0xbd, 0xbe, 
	0xc0, 0xc4, 0xc7, 0xc5, 0xc0, 0xbb, 0xb6, 0xb4, 
	0xb2, 0xb2, 0xb4, 0xb4, 0xb1, 0xaf, 0xae, 0xae, 
	0xaf, 0xb1, 0xb6, 0xbb, 0xbd, 0xbd, 0xbd, 0xbe, 
	0xbf, 0xc1, 0xc2, 0xc3, 0xc3, 0xc1, 0xc0, 0xc2, 
	0xc5, 0xc7, 0xc8, 0xc7, 0xc5, 0xc2, 0xc0, 0xbe, 
	0xbd, 0xbc, 0xbc, 0xbc, 0xbc, 0xbb, 0xb9, 0xb8, 
	0xb2, 0xb1, 0xaf, 0xae, 0xae, 0xb0, 0xb6, 0xbb, 
	0xbe, 0xbc, 0xbd, 0xbe, 0xc0, 0xbf, 0xbc, 0xbd, 
	0xc0, 0xc4, 0xc7, 0xc6, 0xc1, 0xbc, 0xb8, 0xb6, 
	0xb5, 0xb5, 0xb9, 0xb7, 0xb4, 0xb2, 0xb2, 0xb1, 
	0xb1, 0xb3, 0xb5, 0xb8, 0xbb, 0xbc, 0xbe, 0xbf, 
	0xbf, 0xc0, 0xc1, 0xc1, 0xc0, 0xbf, 0xc0, 0xc2, 
	0xc4, 0xc5, 0xc6, 0xc6, 0xc4, 0xc1, 0xbf, 0xbf, 
	0xbf, 0xbd, 0xbb, 0xba, 0xb9, 0xb8, 0xb6, 0xb4, 
	0xb1, 0xaf, 0xae, 0xac, 0xac, 0xae, 0xb4, 0xba, 
	0xbf, 0xbe, 0xbd, 0xbe, 0xc0, 0xbf, 0xbd, 0xbd, 
	0xc1, 0xc7, 0xc9, 0xc7, 0xc2, 0xbd, 0xb9, 0xb7, 
	0xb8, 0xbb, 0xbb, 0xb9, 0xb7, 0xb6, 0xb6, 0xb4, 
	0xb3, 0xb4, 0xb6, 0xb8, 0xba, 0xbc, 0xc0, 0xc2, 
	0xc0, 0xbf, 0xbf, 0xbf, 0xbf, 0xbe, 0xc0, 0xc2, 
	0xc3, 0xc4, 0xc5, 0xc5, 0xc4, 0xc0, 0xbf, 0xc0, 
	0xc1, 0xbe, 0xbc, 0xba, 0xb8, 0xb6, 0xb4, 0xb2, 
	0xae, 0xad, 0xab, 0xaa, 0xaa, 0xac, 0xb2, 0xb8, 
	0xbd, 0xbe, 0xbd, 0xbd, 0xbe, 0xbf, 0xbf, 0xc0, 
	0xc1, 0xc8, 0xca, 0xc9, 0xc4, 0xbf, 0xbb, 0xba, 
	0xba, 0xbd, 0xbe, 0xbb, 0xba, 0xbb, 0xba, 0xb6, 
	0xb5, 0xb6, 0xb7, 0xb9, 0xba, 0xbd, 0xc3, 0xc5, 
	0xc4, 0xc2, 0xc0, 0xbf, 0xbe, 0xbd, 0xbf, 0xc2, 
	0xc2, 0xc4, 0xc6, 0xc6, 0xc5, 0xc0, 0xbf, 0xc1, 
	0xc1, 0xbf, 0xbd, 0xbb, 0xb9, 0xb7, 0xb5, 0xb1, 
	
};

Gfx wmotr_dl_BORDER_1_ci4_aligner[] = {gsSPEndDisplayList()};
u8 wmotr_dl_BORDER_1_ci4[] = {
	0x01, 0x23, 0x44, 0x11, 0x11, 0x33, 0x41, 0x23, 
	0x11, 0x51, 0x51, 0x54, 0x55, 0x14, 0x11, 0x51, 
	0x11, 0x55, 0x61, 0x54, 0x14, 0x43, 0x33, 0x42, 
	0x23, 0x33, 0x33, 0x23, 0x22, 0x22, 0x24, 0x24, 
	0x41, 0x51, 0x43, 0x44, 0x41, 0x22, 0x42, 0x22, 
	0x22, 0x14, 0x27, 0x44, 0x27, 0x51, 0x43, 0x75, 
	0x16, 0x65, 0x55, 0x51, 0x24, 0x22, 0x21, 0x14, 
	0x15, 0x11, 0x56, 0x11, 0x41, 0x23, 0x22, 0x12, 
	0x21, 0x42, 0x82, 0x44, 0x42, 0x22, 0x44, 0x42, 
	0x44, 0x44, 0x14, 0x14, 0x44, 0x12, 0x11, 0x14, 
	0x14, 0x41, 0x51, 0x42, 0x44, 0x22, 0x49, 0x92, 
	0x24, 0x92, 0x22, 0x99, 0xa9, 0x29, 0x22, 0x92, 
	0x22, 0x44, 0x92, 0x44, 0x14, 0xaa, 0x22, 0x99, 
	0xaa, 0x99, 0x23, 0x94, 0x24, 0x41, 0x21, 0x21, 
	0x15, 0x11, 0x45, 0x44, 0x22, 0x22, 0x94, 0x44, 
	0x15, 0x41, 0x51, 0x11, 0x14, 0x99, 0x99, 0x22, 
	0x92, 0x29, 0x92, 0x49, 0x99, 0x21, 0x24, 0x42, 
	0x44, 0x94, 0x44, 0x44, 0x99, 0x22, 0x14, 0x41, 
	0x19, 0x44, 0x11, 0x42, 0x44, 0x22, 0x14, 0x89, 
	0x22, 0x92, 0x29, 0x22, 0x2a, 0x99, 0x29, 0x99, 
	0x99, 0x29, 0x99, 0x92, 0x99, 0x99, 0x99, 0x42, 
	0x89, 0x88, 0x99, 0x42, 0x22, 0x11, 0x14, 0x24, 
	0x51, 0x41, 0x21, 0x14, 0x22, 0x42, 0x94, 0x49, 
	0x49, 0x44, 0x11, 0x14, 0x92, 0x29, 0x99, 0x92, 
	0xaa, 0x98, 0x89, 0x42, 0x9a, 0x22, 0x22, 0x94, 
	0x99, 0x99, 0x99, 0x44, 0x44, 0x22, 0x14, 0x14, 
	0x44, 0x44, 0x44, 0x98, 0x99, 0x42, 0x44, 0x92, 
	0x99, 0xa9, 0x89, 0x2a, 0x22, 0x99, 0x92, 0x99, 
	0x99, 0x99, 0x22, 0x22, 0x99, 0x99, 0x29, 0x99, 
	0x99, 0x99, 0x99, 0x92, 0x24, 0x41, 0x14, 0x94, 
	0x41, 0x41, 0x22, 0x44, 0x42, 0x42, 0x92, 0x41, 
	0x22, 0x12, 0x11, 0x42, 0x99, 0x99, 0x99, 0x9a, 
	0x9a, 0x9a, 0x88, 0x28, 0xba, 0x92, 0x99, 0x94, 
	0x89, 0x98, 0x99, 0x41, 0x49, 0x22, 0x14, 0x42, 
	0x99, 0x99, 0x29, 0x44, 0x44, 0x44, 0x21, 0xa9, 
	0x99, 0xb9, 0x99, 0x29, 0x99, 0x88, 0x89, 0xa8, 
	0x99, 0x44, 0x22, 0x94, 0x99, 0x99, 0x29, 0x92, 
	0x99, 0x99, 0x99, 0x99, 0x99, 0x41, 0x44, 0x42, 
	0x93, 0x22, 0x42, 0x29, 0x99, 0x99, 0x94, 0x44, 
	0x99, 0x44, 0x22, 0x44, 0x92, 0x49, 0xb9, 0xaa, 
	0xa8, 0x29, 0xbb, 0x9a, 0xb9, 0x99, 0x92, 0x99, 
	0x98, 0x98, 0x94, 0x92, 0x99, 0x92, 0x41, 0x29, 
	0x99, 0x99, 0x99, 0x99, 0x39, 0x2b, 0x99, 0xa9, 
	0x89, 0x98, 0xaa, 0x99, 0xaa, 0x98, 0x88, 0x99, 
	0x88, 0x89, 0xa8, 0x91, 0x28, 0x99, 0x89, 0x29, 
	0x99, 0x99, 0x28, 0x89, 0x29, 0x44, 0x44, 0x99, 
	0x92, 0x22, 0x99, 0x99, 0xaa, 0x99, 0x92, 0x22, 
	0x99, 0x99, 0x92, 0x22, 0x99, 0x29, 0xab, 0x8a, 
	0x99, 0x22, 0xb9, 0x92, 0x2a, 0x88, 0x84, 0x99, 
	0x99, 0x99, 0x99, 0x22, 0x29, 0x92, 0x29, 0x42, 
	0x99, 0x99, 0x92, 0x22, 0x42, 0xa9, 0x89, 0x28, 
	0x99, 0x98, 0xaa, 0x82, 0xa9, 0x89, 0x99, 0x99, 
	0x88, 0x88, 0x8a, 0x93, 0x99, 0x89, 0x99, 0x99, 
	0x88, 0xaa, 0x99, 0x29, 0x29, 0xa4, 0x42, 0x92, 
	0x22, 0x29, 0x82, 0x92, 0xa2, 0xaa, 0x21, 0x22, 
	0x22, 0x22, 0x99, 0x99, 0x99, 0x92, 0x8a, 0x9a, 
	0x92, 0x31, 0xa9, 0xaa, 0xab, 0xa9, 0x92, 0x98, 
	0x88, 0x99, 0x99, 0x22, 0x49, 0x22, 0x22, 0x32, 
	0x99, 0x9a, 0x92, 0x29, 0x22, 0xaa, 0x92, 0x9a, 
	0xa9, 0x99, 0xaa, 0xa2, 0xaa, 0x88, 0x88, 0xa8, 
	0x8a, 0xbb, 0xaa, 0xa2, 0x44, 0x99, 0x99, 0x99, 
	0xba, 0xa9, 0x22, 0x99, 0x94, 0x29, 0x32, 0x92, 
	0x32, 0x99, 0xa2, 0x22, 0x9a, 0x8b, 0x92, 0x2a, 
	0x99, 0xa2, 0x22, 0x32, 0x22, 0xa2, 0xa9, 0xa9, 
	0xa2, 0xb2, 0xaa, 0xa8, 0x99, 0xaa, 0x29, 0x88, 
	0x88, 0x9a, 0x98, 0x49, 0x29, 0xaa, 0xaa, 0x99, 
	0xaa, 0xaa, 0x99, 0xaa, 0xaa, 0xaa, 0x89, 0x9a, 
	0x88, 0x88, 0x88, 0xbb, 0x88, 0xbb, 0x88, 0x88, 
	0x88, 0xba, 0xbb, 0x8a, 0x19, 0x88, 0x88, 0x88, 
	0xbb, 0x89, 0xab, 0x88, 0x89, 0x41, 0x42, 0x99, 
	0x99, 0x99, 0xaa, 0xbb, 0x88, 0x98, 0x89, 0x28, 
	0x88, 0xba, 0xa8, 0x98, 0x99, 0xab, 0xab, 0x88, 
	0x22, 0x11, 0x22, 0x29, 0x99, 0x99, 0x94, 0x42, 
	0x94, 0x41, 0x22, 0x14, 0x45, 0x14, 0x22, 0x22, 
	0xa2, 0x22, 0x29, 0x29, 0x22, 0x42, 0x28, 0x22, 
	0xaa, 0x99, 0x99, 0x9a, 0x99, 0xaa, 0x9a, 0xaa, 
	0xb9, 0x99, 0x99, 0xa3, 0xc1, 0x44, 0x29, 0x49, 
	0x24, 0x99, 0x92, 0x49, 0x92, 0x16, 0x11, 0x41, 
	0x41, 0x51, 0x12, 0x99, 0x99, 0x99, 0x89, 0x42, 
	0x42, 0x23, 0x22, 0x14, 0x41, 0x24, 0x22, 0x42, 
	0x11, 0x53, 0xc1, 0x22, 0x44, 0x14, 0x46, 0x11, 
	0x11, 0x11, 0x16, 0x11, 0x15, 0x55, 0x11, 0x44, 
	0x41, 0x36, 0x32, 0x21, 0x24, 0x23, 0x49, 0x14, 
	0x22, 0x42, 0x22, 0x22, 0x42, 0x22, 0x22, 0x22, 
	0x21, 0x44, 0x41, 0x24, 0xd1, 0x11, 0xc1, 0x11, 
	0x42, 0x99, 0x11, 0x14, 0x41, 0xc6, 0x55, 0x11, 
	0x15, 0x11, 0x11, 0x44, 0x44, 0x24, 0x11, 0x15, 
	0x44, 0x41, 0x41, 0x11, 0x11, 0x11, 0x41, 0x41, 
	0x11, 0x46, 0x61, 0x13, 0x55, 0x11, 0x54, 0x31, 
	0x11, 0x15, 0x51, 0x15, 0x56, 0x55, 0x51, 0x15, 
	0x11, 0x55, 0x11, 0x73, 0x51, 0x45, 0x11, 0x1c, 
	0x11, 0x52, 0x13, 0x31, 0x51, 0x51, 0x44, 0x14, 
	0x24, 0xc4, 0x11, 0x15, 0xd5, 0xc6, 0x61, 0x11, 
	0x54, 0x41, 0x41, 0x11, 0x56, 0xc6, 0x6c, 0x51, 
	0x65, 0x1c, 0x35, 0x11, 0x14, 0x4c, 0x44, 0x11, 
	0x11, 0x41, 0x41, 0x11, 0x15, 0x44, 0x14, 0x41, 
	0x15, 0x15, 0x66, 0x66, 0x6c, 0x1c, 0x15, 0x51, 
	0x41, 0x65, 0x56, 0x65, 0x5d, 0x61, 0x11, 0x51, 
	0x55, 0x61, 0xc6, 0x75, 0xc5, 0x15, 0x11, 0x7e, 
	0x41, 0xc1, 0x11, 0x17, 0x77, 0x55, 0x51, 0x43, 
	0x1c, 0x11, 0x55, 0x55, 0xdd, 0x66, 0x65, 0x15, 
	0x51, 0x11, 0x11, 0x11, 0xcc, 0xc6, 0x6d, 0x55, 
	0x65, 0x11, 0x14, 0x16, 0x11, 0x1c, 0x41, 0x51, 
	0x5c, 0x16, 0x11, 0xc5, 0x51, 0x44, 0x61, 0x51, 
	0xd6, 0xee, 0xdd, 0xdd, 0xdd, 0xdd, 0x6d, 0xdd, 
	0x66, 0xdd, 0xdd, 0x6d, 0xdd, 0xee, 0xee, 0xed, 
	0xdd, 0xdd, 0xdd, 0xee, 0xd6, 0x6e, 0x6d, 0xdd, 
	0xde, 0xee, 0x6e, 0xdd, 0x66, 0x66, 0xee, 0x66, 
	0x66, 0x6e, 0x66, 0x6e, 0xdd, 0xd6, 0x6d, 0x66, 
	0x6e, 0x66, 0x66, 0x6d, 0x6d, 0xdd, 0xdd, 0xdd, 
	0xee, 0xee, 0xdd, 0xed, 0xd6, 0xdd, 0xe6, 0xee, 
	0xdd, 0xd6, 0x6d, 0xed, 0xe6, 0x66, 0xd6, 0xe6, 
	0x66, 0xcc, 0xc6, 0xc6, 0x6d, 0xd6, 0xc6, 0xd6, 
	0xdd, 0xd6, 0xd6, 0x66, 0xdd, 0xcd, 0xcc, 0x6d, 
	0x6d, 0xdd, 0xd6, 0xcc, 0xdc, 0x66, 0xcc, 0x6c, 
	0xc6, 0x6d, 0xcc, 0xcc, 0xcc, 0xc6, 0x6c, 0xcc, 
	0xcc, 0xdc, 0xcc, 0xcc, 0x66, 0xcc, 0xcc, 0xcc, 
	0x16, 0xcd, 0xcc, 0xcc, 0xc6, 0xcc, 0xc6, 0x66, 
	0x6d, 0xde, 0xd6, 0xc6, 0x66, 0xc6, 0xcc, 0xc6, 
	0xc6, 0xcc, 0xcc, 0x6c, 0xcc, 0x66, 0x6c, 0xcc, 
	0x11, 0xcc, 0x1c, 0xc6, 0x33, 0xc6, 0xcc, 0xcc, 
	0x56, 0x73, 0x33, 0xc3, 0x6c, 0xcc, 0xc1, 0xc6, 
	0x73, 0x77, 0x6c, 0xc1, 0x11, 0x57, 0xff, 0xff, 
	0xcc, 0x6d, 0x11, 0x11, 0x1c, 0x39, 0xa2, 0xc1, 
	0xc1, 0xc1, 0x11, 0x32, 0xf3, 0x11, 0xc1, 0x44, 
	0x1c, 0x16, 0xc7, 0x37, 0x11, 0x11, 0xcc, 0xc7, 
	0x30, 0x37, 0x76, 0xc1, 0x1c, 0x16, 0xcc, 0x77, 
	0x3c, 0xc1, 0x11, 0x11, 0x73, 0xff, 0xf7, 0xc1, 
	0xc1, 0x11, 0x1c, 0x73, 0xbb, 0xf3, 0xc1, 0x1c, 
	0x03, 0xff, 0xbb, 0xbf, 0x33, 0xcc, 0xc1, 0x3c, 
	0xfb, 0xba, 0xa7, 0x1c, 0x1c, 0x3a, 0xab, 0xbb, 
	0xaf, 0x77, 0x14, 0x11, 0x33, 0xab, 0xbb, 0xa7, 
	0x11, 0x11, 0x2b, 0xbb, 0xab, 0xa3, 0xf1, 0x14, 
	0x41, 0x1c, 0xfa, 0xaf, 0x13, 0x44, 0x11, 0x3a, 
	0xaf, 0xaa, 0xff, 0x1c, 0x1c, 0x11, 0x74, 0xbb, 
	0xff, 0xc2, 0x22, 0x3c, 0xab, 0xab, 0xaa, 0xf3, 
	0x21, 0x44, 0x41, 0xab, 0xbb, 0xba, 0xc4, 0x46, 
	0x3a, 0xbf, 0xaa, 0xbb, 0x3f, 0x21, 0x44, 0x21, 
	0xab, 0xff, 0xaa, 0xc4, 0x12, 0xaf, 0xff, 0xfa, 
	0xba, 0x7f, 0x24, 0x22, 0x72, 0xaf, 0xff, 0xbf, 
	0x12, 0x12, 0xbb, 0xaf, 0x3f, 0xaa, 0x3a, 0x12, 
	0x94, 0xc3, 0xba, 0xab, 0xa1, 0x42, 0x73, 0xba, 
	0xbf, 0xff, 0xb3, 0xfa, 0x1c, 0x14, 0x3b, 0xba, 
	0xaf, 0xa3, 0x92, 0x39, 0xba, 0xff, 0xfa, 0xaa, 
	0x3a, 0x32, 0x91, 0xaa, 0x73, 0xba, 0x36, 0x73, 
	0xba, 0x30, 0x07, 0xfa, 0xa0, 0x3f, 0x39, 0x22, 
	0xba, 0x33, 0xaa, 0x17, 0x3a, 0xba, 0x70, 0x03, 
	0xfa, 0x07, 0xaf, 0x33, 0x7f, 0xff, 0xf0, 0xbf, 
	0x43, 0x3b, 0xbf, 0x30, 0xe7, 0x3b, 0xf3, 0xa3, 
	0x22, 0x3f, 0xbf, 0x7a, 0xb3, 0x15, 0xfb, 0xbf, 
	0x0e, 0xe0, 0xab, 0x0f, 0xb2, 0x32, 0x3b, 0xa3, 
	0x7f, 0xa3, 0x33, 0xaa, 0xf3, 0x70, 0x0f, 0xaa, 
	0x73, 0xa3, 0x11, 0xff, 0xf3, 0xfa, 0x71, 0x3a, 
	0x33, 0xef, 0xab, 0x3a, 0xb7, 0xe3, 0xa2, 0x37, 
	0xbf, 0xf0, 0xa3, 0x73, 0xaa, 0xf0, 0x0a, 0xf7, 
	0xff, 0x30, 0x7a, 0x23, 0x73, 0xaf, 0x33, 0xaf, 
	0x13, 0xba, 0x77, 0x0b, 0xf7, 0x7a, 0xa7, 0xfa, 
	0xf3, 0x73, 0xab, 0x0a, 0xb7, 0x73, 0xaf, 0x30, 
	0xfa, 0xf3, 0xfb, 0x70, 0xfa, 0x23, 0x7a, 0xaf, 
	0x0f, 0xf3, 0x7a, 0xbf, 0x30, 0xaa, 0x37, 0xaf, 
	0x70, 0x7f, 0xf3, 0x07, 0x7f, 0xaf, 0x7f, 0xfa, 
	0x7e, 0x0a, 0xfa, 0xff, 0xa7, 0x10, 0xff, 0xf3, 
	0x3f, 0x33, 0xaf, 0x3f, 0xa3, 0x00, 0xfa, 0xa3, 
	0x3a, 0xf7, 0x07, 0xab, 0xf0, 0x07, 0x0f, 0xb3, 
	0x3a, 0xb7, 0x00, 0xfb, 0xf7, 0x7a, 0xf0, 0x7f, 
	0xaa, 0xf7, 0xf7, 0x3a, 0xa7, 0x3f, 0xa0, 0x00, 
	0xaf, 0xf3, 0x7a, 0x33, 0x7f, 0xaa, 0x33, 0xff, 
	0x0b, 0xa0, 0xfa, 0xf0, 0xe7, 0xba, 0xf0, 0xaf, 
	0x11, 0x03, 0xfa, 0xff, 0x3a, 0xf7, 0xfa, 0x70, 
	0x60, 0x0f, 0x33, 0x7f, 0x23, 0x9c, 0x7f, 0xaf, 
	0xff, 0xaa, 0xf3, 0xf3, 0x0e, 0x77, 0x7f, 0xf0, 
	0xaf, 0x73, 0x30, 0x7a, 0xaa, 0xff, 0xab, 0xa7, 
	0xff, 0x7e, 0x77, 0x3a, 0x33, 0x7a, 0x77, 0x70, 
	0x3a, 0xab, 0xff, 0xaa, 0x37, 0xa7, 0x00, 0x70, 
	0xf3, 0x77, 0xff, 0x72, 0x20, 0xfb, 0xba, 0xfa, 
	0xba, 0x3f, 0x37, 0xee, 0x70, 0xaa, 0x3f, 0xa7, 
	0x41, 0x7e, 0x3a, 0xaa, 0xaa, 0x33, 0xf7, 0xe6, 
	0x11, 0x00, 0xfa, 0xb3, 0x04, 0x41, 0xe0, 0xfa, 
	0xfb, 0xaa, 0xff, 0x0e, 0x01, 0x4c, 0x0f, 0xfa, 
	0xbf, 0x03, 0x41, 0xe7, 0xfa, 0x8b, 0xbf, 0x73, 
	0x7e, 0x61, 0x4c, 0x0f, 0xaf, 0xa7, 0xe1, 0x47, 
	0x03, 0xff, 0xaa, 0xa3, 0xf7, 0x00, 0x61, 0xce, 
	0x73, 0x3f, 0xa3, 0x72, 0x91, 0x0f, 0xaa, 0xaa, 
	0xaf, 0x33, 0x0e, 0x51, 0x10, 0x3f, 0xaf, 0xa0, 
	0x11, 0x30, 0xe7, 0x7f, 0xf0, 0x07, 0xee, 0x6c, 
	0x1c, 0x60, 0x33, 0x30, 0xc4, 0x41, 0xc6, 0x73, 
	0x0f, 0x37, 0x70, 0xec, 0x41, 0x1c, 0xe3, 0xaa, 
	0x2e, 0xc1, 0x11, 0x7d, 0x77, 0x73, 0x30, 0x70, 
	0x73, 0xc1, 0x11, 0x6e, 0x00, 0x0e, 0xc4, 0x44, 
	0xce, 0x03, 0xff, 0xe7, 0x0e, 0xc7, 0xc1, 0x1c, 
	0xe3, 0x33, 0x7e, 0x14, 0x11, 0x70, 0x33, 0xff, 
	0x30, 0x7e, 0x63, 0x14, 0xc6, 0x73, 0xf3, 0x0e, 
	0xcc, 0x1c, 0x66, 0xee, 0xee, 0xe6, 0xcc, 0xcc, 
	0xc1, 0xc6, 0xee, 0xee, 0xcc, 0xcc, 0x6c, 0xed, 
	0xe0, 0xee, 0xe6, 0x11, 0x11, 0xc1, 0xc6, 0x00, 
	0xee, 0xc1, 0x41, 0xc6, 0x0e, 0xe0, 0xe0, 0x61, 
	0x1c, 0xcc, 0xcc, 0xcc, 0xde, 0x6c, 0xcc, 0x11, 
	0x1c, 0x6e, 0xee, 0xee, 0x6c, 0xcc, 0x6c, 0xc6, 
	0xcd, 0xee, 0xd6, 0xc1, 0x11, 0xc6, 0xee, 0xee, 
	0xee, 0x6c, 0xc1, 0x11, 0xcc, 0xe6, 0xe0, 0x6c, 
	0xc6, 0x66, 0x6e, 0x0e, 0xee, 0x66, 0x66, 0x66, 
	0xcc, 0xc6, 0xee, 0x06, 0x6c, 0xc6, 0xed, 0xee, 
	0xee, 0xe0, 0xcc, 0xcc, 0xc1, 0x55, 0xcc, 0x00, 
	0xe6, 0x0c, 0x1c, 0xc6, 0x66, 0xee, 0x6c, 0x65, 
	0xcc, 0xcc, 0xcc, 0x66, 0x66, 0x66, 0x6e, 0xcc, 
	0xcc, 0xc6, 0x60, 0x70, 0x6c, 0xc6, 0x66, 0x66, 
	0x66, 0x00, 0x0e, 0x66, 0x66, 0x6c, 0x06, 0x66, 
	0xe6, 0x6c, 0xc6, 0x66, 0x66, 0x66, 0x67, 0xcc, 
	0x82, 0x49, 0x23, 0x99, 0x99, 0x22, 0x22, 0x29, 
	0x99, 0x99, 0x44, 0x14, 0x14, 0x44, 0x94, 0x44, 
	0x44, 0x44, 0x99, 0x99, 0x88, 0x88, 0xab, 0x88, 
	0x88, 0x99, 0x89, 0x99, 0x99, 0x89, 0x89, 0x88, 
	0x99, 0x98, 0x89, 0x99, 0x98, 0x44, 0x99, 0x99, 
	0x99, 0x98, 0x88, 0x88, 0x88, 0x98, 0x88, 0x88, 
	0x89, 0x99, 0x88, 0x98, 0x99, 0x28, 0x89, 0x99, 
	0x99, 0x99, 0x99, 0xaf, 0x92, 0x99, 0x99, 0x22, 
	0x91, 0x92, 0x94, 0x99, 0x82, 0x44, 0x24, 0x92, 
	0x12, 0x41, 0x51, 0x44, 0x55, 0x5c, 0x14, 0x64, 
	0x14, 0x54, 0x44, 0x11, 0x28, 0x92, 0x29, 0x99, 
	0x92, 0x19, 0x49, 0x98, 0x99, 0x99, 0x22, 0x88, 
	0x92, 0x99, 0x92, 0x44, 0x99, 0x41, 0x44, 0x94, 
	0x99, 0x28, 0x89, 0x99, 0x99, 0x49, 0x44, 0x42, 
	0x44, 0x22, 0x48, 0x44, 0x42, 0x49, 0x24, 0x22, 
	0x42, 0x54, 0x44, 0x2a, 0x42, 0x99, 0x42, 0x29, 
	0x42, 0x24, 0x42, 0x44, 0x43, 0x44, 0x14, 0x42, 
	0x42, 0x94, 0x15, 0x56, 0x56, 0x5d, 0xd6, 0x55, 
	0x11, 0x55, 0x11, 0x55, 0x14, 0x49, 0x22, 0x29, 
	0x12, 0x55, 0x49, 0x44, 0x21, 0xc4, 0x42, 0x92, 
	0x44, 0x94, 0x22, 0x14, 0x22, 0x45, 0x41, 0x44, 
	0x98, 0x49, 0x94, 0x49, 0x94, 0x44, 0x44, 0x33, 
	0xc5, 0x15, 0x15, 0x51, 0x41, 0x44, 0x41, 0x51, 
	0x44, 0x15, 0x11, 0x22, 0x44, 0x23, 0x21, 0x22, 
	0x12, 0x43, 0x03, 0x44, 0x31, 0x21, 0x11, 0x15, 
	0x42, 0x99, 0x15, 0x57, 0x65, 0x5d, 0x56, 0x65, 
	0x51, 0x55, 0x11, 0x55, 0x11, 0x14, 0x21, 0x49, 
	0x29, 0x41, 0x98, 0x22, 0x21, 0x45, 0x14, 0x23, 
	0x15, 0x51, 0x15, 0x55, 0x51, 0x15, 0x11, 0x15, 
	0x22, 0x92, 0x44, 0x99, 0x41, 0x11, 0x11, 0x57, 
	0x5c, 0xc6, 0xd6, 0x14, 0x14, 0x14, 0x15, 0x51, 
	0x11, 0x55, 0x15, 0x17, 0x55, 0x13, 0x14, 0x27, 
	0x1d, 0x55, 0x33, 0x11, 0x15, 0x14, 0x51, 0x14, 
	0x51, 0x51, 0x55, 0x66, 0x55, 0x66, 0x66, 0x66, 
	0x66, 0x55, 0x56, 0x55, 0x51, 0x1c, 0x44, 0x99, 
	0x92, 0x11, 0x99, 0x88, 0x21, 0x44, 0x59, 0x35, 
	0x51, 0x55, 0x55, 0x55, 0x55, 0x55, 0x65, 0x51, 
	0x61, 0x29, 0x11, 0x41, 0xcd, 0x50, 0x55, 0x15, 
	0xc6, 0x6d, 0xd5, 0x41, 0x41, 0x55, 0x15, 0x55, 
	0x56, 0x15, 0x54, 0x65, 0x55, 0x56, 0x51, 0x25, 
	0xee, 0xee, 0x00, 0x65, 0x06, 0x07, 0x66, 0x00, 
	0xe0, 0x66, 0x66, 0xee, 0xde, 0xee, 0xee, 0xee, 
	0xee, 0xee, 0xe5, 0x6d, 0xe6, 0xe6, 0x55, 0x55, 
	0x00, 0x66, 0x77, 0x57, 0x57, 0x55, 0xe5, 0x7e, 
	0xe7, 0xee, 0x5e, 0x56, 0x6e, 0x56, 0x0e, 0x66, 
	0x65, 0x11, 0x55, 0x66, 0x6d, 0xe6, 0x6e, 0xee, 
	0x6e, 0xde, 0x6e, 0x66, 0x5e, 0xe6, 0x55, 0xe6, 
	0x0e, 0xe6, 0x56, 0xe6, 0x6d, 0xe6, 0x07, 0x06, 
	
};

Gfx wmotr_dl_BORDER_1_ci4_pal_rgba16_aligner[] = {gsSPEndDisplayList()};
u8 wmotr_dl_BORDER_1_ci4_pal_rgba16[] = {
	0x73, 0x9b, 0x9c, 0xa3, 0xad, 0x69, 0x9c, 0xa5, 
	0xad, 0x67, 0x8c, 0x1d, 0x7b, 0x99, 0x84, 0x21, 
	0xd6, 0x71, 0xbd, 0xed, 0xbd, 0xef, 0xce, 0x73, 
	0x94, 0x1d, 0x6a, 0xd3, 0x62, 0xd5, 0xad, 0x6b, 
	
};

Vtx wmotr_dl_Cube_mesh_layer_1_vtx_0[46] = {
	{{{-643, -514, 643},0, {-2837, -1372},{0xB8, 0xB6, 0x4A, 0x0}}},
	{{{-1068, 100, 1068},0, {-4302, -1372},{0x91, 0xC3, 0xE, 0x0}}},
	{{{-1068, 100, 0},0, {-4302, 496},{0x91, 0xC2, 0x0, 0x0}}},
	{{{-858, -521, 0},0, {-2826, 496},{0x94, 0xBD, 0x0, 0x0}}},
	{{{-1068, 100, -1068},0, {-4302, 2364},{0x91, 0xC3, 0xF2, 0x0}}},
	{{{-643, -514, -643},0, {-2837, 2364},{0xB8, 0xB6, 0xB6, 0x0}}},
	{{{-545, -956, 0},0, {-1260, 496},{0xB7, 0x98, 0x0, 0x0}}},
	{{{-454, -884, -454},0, {-1372, 2364},{0xC4, 0xA1, 0xC4, 0x0}}},
	{{{0, -1106, 0},0, {496, 496},{0x0, 0x81, 0x0, 0x0}}},
	{{{0, -956, -545},0, {496, 2264},{0x1, 0x99, 0xB5, 0x0}}},
	{{{-7, -521, -850},0, {496, 3863},{0xB, 0xC7, 0x8F, 0x0}}},
	{{{-643, -514, -643},0, {-1372, 3873},{0xB8, 0xB6, 0xB6, 0x0}}},
	{{{-45, 100, -1024},0, {496, 5382},{0x16, 0xEA, 0x85, 0x0}}},
	{{{-1068, 100, -1068},0, {-1372, 5382},{0xFF, 0xE8, 0x83, 0x0}}},
	{{{712, 100, -712},0, {2364, 5382},{0x5B, 0xF2, 0xA8, 0x0}}},
	{{{614, -514, -614},0, {2364, 3873},{0x54, 0xD0, 0xAD, 0x0}}},
	{{{0, -956, -545},0, {496, 2264},{0x1, 0x99, 0xB5, 0x0}}},
	{{{614, -514, -614},0, {2364, 3873},{0x54, 0xD0, 0xAD, 0x0}}},
	{{{454, -884, -454},0, {2364, 2364},{0x3E, 0xA4, 0xC2, 0x0}}},
	{{{545, -956, 0},0, {2252, 496},{0x4C, 0x9A, 0x0, 0x0}}},
	{{{843, -521, 0},0, {3818, 496},{0x76, 0xD1, 0x0, 0x0}}},
	{{{614, -514, -614},0, {3829, 2364},{0x54, 0xD0, 0xAD, 0x0}}},
	{{{979, 100, 0},0, {5294, 496},{0x7E, 0xF3, 0x0, 0x0}}},
	{{{712, 100, -712},0, {5294, 2364},{0x5B, 0xF2, 0xA8, 0x0}}},
	{{{712, 100, 712},0, {5294, -1372},{0x5B, 0xF2, 0x58, 0x0}}},
	{{{614, -514, 614},0, {3829, -1372},{0x54, 0xD0, 0x53, 0x0}}},
	{{{454, -884, 454},0, {2364, -1372},{0x3E, 0xA4, 0x3E, 0x0}}},
	{{{0, -1106, 0},0, {496, 496},{0x0, 0x81, 0x0, 0x0}}},
	{{{0, -956, 545},0, {496, -1272},{0x1, 0x99, 0x4B, 0x0}}},
	{{{-7, -521, 850},0, {496, -2871},{0xB, 0xC7, 0x71, 0x0}}},
	{{{614, -514, 614},0, {2364, -2881},{0x54, 0xD0, 0x53, 0x0}}},
	{{{-45, 100, 1024},0, {496, -4390},{0x16, 0xEA, 0x7B, 0x0}}},
	{{{614, -514, 614},0, {2364, -2881},{0x54, 0xD0, 0x53, 0x0}}},
	{{{712, 100, 712},0, {2364, -4390},{0x5B, 0xF2, 0x58, 0x0}}},
	{{{-45, 100, 1024},0, {496, -4390},{0x16, 0xEA, 0x7B, 0x0}}},
	{{{-7, -521, 850},0, {496, -2871},{0xB, 0xC7, 0x71, 0x0}}},
	{{{-1068, 100, 1068},0, {-1372, -4390},{0xFF, 0xE8, 0x7D, 0x0}}},
	{{{-643, -514, 643},0, {-1372, -2881},{0xB8, 0xB6, 0x4A, 0x0}}},
	{{{0, -956, 545},0, {496, -1272},{0x1, 0x99, 0x4B, 0x0}}},
	{{{-454, -884, 454},0, {-1372, -1372},{0xC4, 0xA1, 0x3C, 0x0}}},
	{{{-545, -956, 0},0, {-1260, 496},{0xB7, 0x98, 0x0, 0x0}}},
	{{{-858, -521, 0},0, {-2826, 496},{0x94, 0xBD, 0x0, 0x0}}},
	{{{-643, -514, 643},0, {-2837, -1372},{0xB8, 0xB6, 0x4A, 0x0}}},
	{{{0, -1106, 0},0, {496, 496},{0x0, 0x81, 0x0, 0x0}}},
	{{{0, -956, -545},0, {496, 2264},{0x1, 0x99, 0xB5, 0x0}}},
	{{{545, -956, 0},0, {2252, 496},{0x4C, 0x9A, 0x0, 0x0}}},
};

Gfx wmotr_dl_Cube_mesh_layer_1_tri_0[] = {
	gsSPVertex(wmotr_dl_Cube_mesh_layer_1_vtx_0 + 0, 16, 0),
	gsSP1Triangle(0, 1, 2, 0),
	gsSP1Triangle(0, 2, 3, 0),
	gsSP1Triangle(3, 2, 4, 0),
	gsSP1Triangle(3, 4, 5, 0),
	gsSP1Triangle(6, 3, 5, 0),
	gsSP1Triangle(6, 5, 7, 0),
	gsSP1Triangle(7, 8, 6, 0),
	gsSP1Triangle(7, 9, 8, 0),
	gsSP1Triangle(7, 10, 9, 0),
	gsSP1Triangle(7, 11, 10, 0),
	gsSP1Triangle(11, 12, 10, 0),
	gsSP1Triangle(11, 13, 12, 0),
	gsSP1Triangle(10, 12, 14, 0),
	gsSP1Triangle(10, 14, 15, 0),
	gsSP1Triangle(9, 10, 15, 0),
	gsSPVertex(wmotr_dl_Cube_mesh_layer_1_vtx_0 + 16, 16, 0),
	gsSP1Triangle(0, 1, 2, 0),
	gsSP1Triangle(0, 2, 3, 0),
	gsSP1Triangle(2, 4, 3, 0),
	gsSP1Triangle(2, 5, 4, 0),
	gsSP1Triangle(5, 6, 4, 0),
	gsSP1Triangle(5, 7, 6, 0),
	gsSP1Triangle(4, 6, 8, 0),
	gsSP1Triangle(4, 8, 9, 0),
	gsSP1Triangle(3, 4, 9, 0),
	gsSP1Triangle(3, 9, 10, 0),
	gsSP1Triangle(11, 3, 10, 0),
	gsSP1Triangle(11, 10, 12, 0),
	gsSP1Triangle(10, 13, 12, 0),
	gsSP1Triangle(10, 14, 13, 0),
	gsSP1Triangle(14, 15, 13, 0),
	gsSPVertex(wmotr_dl_Cube_mesh_layer_1_vtx_0 + 32, 14, 0),
	gsSP1Triangle(0, 1, 2, 0),
	gsSP1Triangle(3, 2, 4, 0),
	gsSP1Triangle(3, 4, 5, 0),
	gsSP1Triangle(6, 3, 5, 0),
	gsSP1Triangle(6, 5, 7, 0),
	gsSP1Triangle(8, 6, 7, 0),
	gsSP1Triangle(7, 9, 8, 0),
	gsSP1Triangle(7, 10, 9, 0),
	gsSP1Triangle(8, 11, 6, 0),
	gsSP1Triangle(12, 13, 11, 0),
	gsSPEndDisplayList(),
};

Vtx wmotr_dl_Cube_mesh_layer_1_vtx_1[89] = {
	{{{0, 204, -410},0, {1205, -590},{0x0, 0x0, 0x0, 0xFF}}},
	{{{-298, 204, -298},0, {-13, -133},{0x0, 0x0, 0x0, 0xFF}}},
	{{{-410, 204, 0},0, {-470, 1085},{0x0, 0x0, 0x0, 0xFF}}},
	{{{0, 204, 0},0, {1205, 1085},{0x0, 0x0, 0x0, 0xFF}}},
	{{{-298, 204, 298},0, {-13, 2303},{0x0, 0x0, 0x0, 0xFF}}},
	{{{0, 204, 410},0, {1205, 2760},{0x0, 0x0, 0x0, 0xFF}}},
	{{{410, 204, 0},0, {2880, 1085},{0x0, 0x0, 0x0, 0xFF}}},
	{{{298, 204, 298},0, {2423, 2303},{0x0, 0x0, 0x0, 0xFF}}},
	{{{0, 196, 552},0, {1205, 3340},{0x0, 0x0, 0x0, 0xC4}}},
	{{{-401, 196, 401},0, {-435, 2725},{0x0, 0x0, 0x0, 0xC4}}},
	{{{-298, 204, 298},0, {-13, 2303},{0x0, 0x0, 0x0, 0xFF}}},
	{{{-552, 196, 0},0, {-1050, 1085},{0x0, 0x0, 0x0, 0xC4}}},
	{{{-401, 196, -401},0, {-435, -555},{0x0, 0x0, 0x0, 0xC4}}},
	{{{-298, 204, -298},0, {-13, -133},{0x0, 0x0, 0x0, 0xFF}}},
	{{{0, 196, -552},0, {1205, -1170},{0x0, 0x0, 0x0, 0xC4}}},
	{{{401, 196, -401},0, {2845, -555},{0x0, 0x0, 0x0, 0xC4}}},
	{{{0, 204, -410},0, {1205, -590},{0x0, 0x0, 0x0, 0xFF}}},
	{{{298, 204, -298},0, {2423, -133},{0x0, 0x0, 0x0, 0xFF}}},
	{{{401, 196, -401},0, {2845, -555},{0x0, 0x0, 0x0, 0xC4}}},
	{{{0, 204, 0},0, {1205, 1085},{0x0, 0x0, 0x0, 0xFF}}},
	{{{410, 204, 0},0, {2880, 1085},{0x0, 0x0, 0x0, 0xFF}}},
	{{{552, 196, 0},0, {3460, 1085},{0x0, 0x0, 0x0, 0xC4}}},
	{{{401, 196, 401},0, {2845, 2725},{0x0, 0x0, 0x0, 0xC4}}},
	{{{298, 204, 298},0, {2423, 2303},{0x0, 0x0, 0x0, 0xFF}}},
	{{{0, 196, 552},0, {1205, 3340},{0x0, 0x0, 0x0, 0xC4}}},
	{{{0, 189, 694},0, {1205, 3921},{0x0, 0x0, 0x0, 0x5A}}},
	{{{-505, 189, 505},0, {-857, 3148},{0x0, 0x0, 0x0, 0x5A}}},
	{{{-401, 196, 401},0, {-435, 2725},{0x0, 0x0, 0x0, 0xC4}}},
	{{{-694, 189, 0},0, {-1631, 1085},{0x0, 0x0, 0x0, 0x5A}}},
	{{{-552, 196, 0},0, {-1050, 1085},{0x0, 0x0, 0x0, 0xC4}}},
	{{{-505, 189, -505},0, {-857, -977},{0x0, 0x0, 0x0, 0x5A}}},
	{{{-401, 196, -401},0, {-435, -555},{0x0, 0x0, 0x0, 0xC4}}},
	{{{-401, 196, -401},0, {-435, -555},{0x0, 0x0, 0x0, 0xC4}}},
	{{{0, 189, -694},0, {1205, -1751},{0x0, 0x0, 0x0, 0x5A}}},
	{{{-505, 189, -505},0, {-857, -977},{0x0, 0x0, 0x0, 0x5A}}},
	{{{0, 196, -552},0, {1205, -1170},{0x0, 0x0, 0x0, 0xC4}}},
	{{{505, 189, -505},0, {3268, -977},{0x0, 0x0, 0x0, 0x5A}}},
	{{{401, 196, -401},0, {2845, -555},{0x0, 0x0, 0x0, 0xC4}}},
	{{{694, 189, 0},0, {4041, 1085},{0x0, 0x0, 0x0, 0x5A}}},
	{{{552, 196, 0},0, {3460, 1085},{0x0, 0x0, 0x0, 0xC4}}},
	{{{298, 204, -298},0, {2423, -133},{0x0, 0x0, 0x0, 0xFF}}},
	{{{505, 189, 505},0, {3268, 3148},{0x0, 0x0, 0x0, 0x5A}}},
	{{{401, 196, 401},0, {2845, 2725},{0x0, 0x0, 0x0, 0xC4}}},
	{{{0, 189, 694},0, {1205, 3921},{0x0, 0x0, 0x0, 0x5A}}},
	{{{-6, 144, 780},0, {1205, 4300},{0x0, 0x0, 0x0, 0x40}}},
	{{{-588, 144, 588},0, {-1200, 3490},{0x0, 0x0, 0x0, 0x40}}},
	{{{-505, 189, 505},0, {-857, 3148},{0x0, 0x0, 0x0, 0x5A}}},
	{{{-786, 144, 0},0, {-2010, 1085},{0x0, 0x0, 0x0, 0x40}}},
	{{{-505, 189, 505},0, {-857, 3148},{0x0, 0x0, 0x0, 0x5A}}},
	{{{-694, 189, 0},0, {-1631, 1085},{0x0, 0x0, 0x0, 0x5A}}},
	{{{-786, 144, 0},0, {-2010, 1085},{0x0, 0x0, 0x0, 0x40}}},
	{{{-588, 144, -588},0, {-1200, -1320},{0x0, 0x0, 0x0, 0x40}}},
	{{{-505, 189, -505},0, {-857, -977},{0x0, 0x0, 0x0, 0x5A}}},
	{{{-6, 144, -780},0, {1205, -2130},{0x0, 0x0, 0x0, 0x40}}},
	{{{0, 189, -694},0, {1205, -1751},{0x0, 0x0, 0x0, 0x5A}}},
	{{{563, 144, -563},0, {3610, -1320},{0x0, 0x0, 0x0, 0x40}}},
	{{{505, 189, -505},0, {3268, -977},{0x0, 0x0, 0x0, 0x5A}}},
	{{{774, 144, 0},0, {4420, 1085},{0x0, 0x0, 0x0, 0x40}}},
	{{{694, 189, 0},0, {4041, 1085},{0x0, 0x0, 0x0, 0x5A}}},
	{{{563, 144, 563},0, {3610, 3490},{0x0, 0x0, 0x0, 0x40}}},
	{{{505, 189, 505},0, {3268, 3148},{0x0, 0x0, 0x0, 0x5A}}},
	{{{-6, 144, 780},0, {1205, 4300},{0x0, 0x0, 0x0, 0x40}}},
	{{{-39, 100, 892},0, {1205, 4890},{0x0, 0x0, 0x0, 0x0}}},
	{{{-931, 100, 931},0, {-2600, 4890},{0x0, 0x0, 0x0, 0x0}}},
	{{{-6, 144, 780},0, {1205, 4300},{0x0, 0x0, 0x0, 0x40}}},
	{{{-588, 144, 588},0, {-1200, 3490},{0x0, 0x0, 0x0, 0x40}}},
	{{{-931, 100, 931},0, {-2600, 4890},{0x0, 0x0, 0x0, 0x0}}},
	{{{-931, 100, 0},0, {-2600, 1085},{0x0, 0x0, 0x0, 0x0}}},
	{{{-786, 144, 0},0, {-2010, 1085},{0x0, 0x0, 0x0, 0x40}}},
	{{{-931, 100, -931},0, {-2600, -2720},{0x0, 0x0, 0x0, 0x0}}},
	{{{-588, 144, -588},0, {-1200, -1320},{0x0, 0x0, 0x0, 0x40}}},
	{{{-39, 100, -892},0, {1205, -2720},{0x0, 0x0, 0x0, 0x0}}},
	{{{-6, 144, -780},0, {1205, -2130},{0x0, 0x0, 0x0, 0x40}}},
	{{{621, 100, -621},0, {5010, -2720},{0x0, 0x0, 0x0, 0x0}}},
	{{{563, 144, -563},0, {3610, -1320},{0x0, 0x0, 0x0, 0x40}}},
	{{{853, 100, 0},0, {5010, 1085},{0x0, 0x0, 0x0, 0x0}}},
	{{{774, 144, 0},0, {4420, 1085},{0x0, 0x0, 0x0, 0x40}}},
	{{{621, 100, 621},0, {5010, 4890},{0x0, 0x0, 0x0, 0x0}}},
	{{{563, 144, 563},0, {3610, 3490},{0x0, 0x0, 0x0, 0x40}}},
	{{{-39, 100, 892},0, {1205, 4890},{0x0, 0x0, 0x0, 0x0}}},
	{{{-931, 100, 0},0, {-2600, 1085},{0x0, 0x0, 0x0, 0x0}}},
	{{{-931, 100, -931},0, {-2600, -2720},{0x0, 0x0, 0x0, 0x0}}},
	{{{-1000, 100, -1000},0, {-2880, -3000},{0x0, 0x0, 0x0, 0x0}}},
	{{{-1000, 100, 0},0, {-2880, 1085},{0x0, 0x0, 0x0, 0x0}}},
	{{{-1068, 100, -1068},0, {-3161, -3281},{0x0, 0x0, 0x0, 0x0}}},
	{{{-1068, 100, 0},0, {-3161, 1085},{0x0, 0x0, 0x0, 0x0}}},
	{{{-1000, 100, 1000},0, {-2880, 5171},{0x0, 0x0, 0x0, 0x0}}},
	{{{-1068, 100, 1068},0, {-3161, 5451},{0x0, 0x0, 0x0, 0x0}}},
	{{{-931, 100, 931},0, {-2600, 4890},{0x0, 0x0, 0x0, 0x0}}},
};

Gfx wmotr_dl_Cube_mesh_layer_1_tri_1[] = {
	gsSPVertex(wmotr_dl_Cube_mesh_layer_1_vtx_1 + 0, 16, 0),
	gsSP1Triangle(0, 1, 2, 0),
	gsSP1Triangle(0, 2, 3, 0),
	gsSP1Triangle(3, 2, 4, 0),
	gsSP1Triangle(3, 4, 5, 0),
	gsSP1Triangle(6, 3, 5, 0),
	gsSP1Triangle(6, 5, 7, 0),
	gsSP1Triangle(7, 5, 8, 0),
	gsSP1Triangle(5, 9, 8, 0),
	gsSP1Triangle(5, 10, 9, 0),
	gsSP1Triangle(10, 11, 9, 0),
	gsSP1Triangle(10, 2, 11, 0),
	gsSP1Triangle(2, 12, 11, 0),
	gsSP1Triangle(2, 13, 12, 0),
	gsSP1Triangle(13, 14, 12, 0),
	gsSP1Triangle(13, 0, 14, 0),
	gsSP1Triangle(0, 15, 14, 0),
	gsSPVertex(wmotr_dl_Cube_mesh_layer_1_vtx_1 + 16, 16, 0),
	gsSP1Triangle(0, 1, 2, 0),
	gsSP1Triangle(1, 0, 3, 0),
	gsSP1Triangle(1, 3, 4, 0),
	gsSP1Triangle(1, 4, 5, 0),
	gsSP1Triangle(4, 6, 5, 0),
	gsSP1Triangle(4, 7, 6, 0),
	gsSP1Triangle(7, 8, 6, 0),
	gsSP1Triangle(6, 8, 9, 0),
	gsSP1Triangle(8, 10, 9, 0),
	gsSP1Triangle(8, 11, 10, 0),
	gsSP1Triangle(11, 12, 10, 0),
	gsSP1Triangle(11, 13, 12, 0),
	gsSP1Triangle(13, 14, 12, 0),
	gsSP1Triangle(13, 15, 14, 0),
	gsSPVertex(wmotr_dl_Cube_mesh_layer_1_vtx_1 + 32, 16, 0),
	gsSP1Triangle(0, 1, 2, 0),
	gsSP1Triangle(0, 3, 1, 0),
	gsSP1Triangle(3, 4, 1, 0),
	gsSP1Triangle(3, 5, 4, 0),
	gsSP1Triangle(5, 6, 4, 0),
	gsSP1Triangle(5, 7, 6, 0),
	gsSP1Triangle(8, 7, 5, 0),
	gsSP1Triangle(7, 9, 6, 0),
	gsSP1Triangle(7, 10, 9, 0),
	gsSP1Triangle(10, 11, 9, 0),
	gsSP1Triangle(9, 11, 12, 0),
	gsSP1Triangle(11, 13, 12, 0),
	gsSP1Triangle(11, 14, 13, 0),
	gsSP1Triangle(14, 15, 13, 0),
	gsSPVertex(wmotr_dl_Cube_mesh_layer_1_vtx_1 + 48, 16, 0),
	gsSP1Triangle(0, 1, 2, 0),
	gsSP1Triangle(1, 3, 2, 0),
	gsSP1Triangle(1, 4, 3, 0),
	gsSP1Triangle(4, 5, 3, 0),
	gsSP1Triangle(4, 6, 5, 0),
	gsSP1Triangle(6, 7, 5, 0),
	gsSP1Triangle(6, 8, 7, 0),
	gsSP1Triangle(8, 9, 7, 0),
	gsSP1Triangle(8, 10, 9, 0),
	gsSP1Triangle(10, 11, 9, 0),
	gsSP1Triangle(10, 12, 11, 0),
	gsSP1Triangle(12, 13, 11, 0),
	gsSP1Triangle(11, 13, 14, 0),
	gsSP1Triangle(13, 15, 14, 0),
	gsSPVertex(wmotr_dl_Cube_mesh_layer_1_vtx_1 + 64, 16, 0),
	gsSP1Triangle(0, 1, 2, 0),
	gsSP1Triangle(1, 3, 2, 0),
	gsSP1Triangle(1, 4, 3, 0),
	gsSP1Triangle(4, 5, 3, 0),
	gsSP1Triangle(4, 6, 5, 0),
	gsSP1Triangle(6, 7, 5, 0),
	gsSP1Triangle(6, 8, 7, 0),
	gsSP1Triangle(8, 9, 7, 0),
	gsSP1Triangle(8, 10, 9, 0),
	gsSP1Triangle(10, 11, 9, 0),
	gsSP1Triangle(10, 12, 11, 0),
	gsSP1Triangle(12, 13, 11, 0),
	gsSP1Triangle(12, 14, 13, 0),
	gsSP1Triangle(14, 15, 13, 0),
	gsSPVertex(wmotr_dl_Cube_mesh_layer_1_vtx_1 + 80, 9, 0),
	gsSP1Triangle(0, 1, 2, 0),
	gsSP1Triangle(0, 2, 3, 0),
	gsSP1Triangle(3, 2, 4, 0),
	gsSP1Triangle(3, 4, 5, 0),
	gsSP1Triangle(6, 3, 5, 0),
	gsSP1Triangle(6, 5, 7, 0),
	gsSP1Triangle(8, 3, 6, 0),
	gsSP1Triangle(8, 0, 3, 0),
	gsSPEndDisplayList(),
};

Vtx wmotr_dl_Cube_mesh_layer_1_vtx_2[115] = {
	{{{-45, 100, -1024},0, {2032, 1008},{0x16, 0xEA, 0x85, 0x0}}},
	{{{-1068, 100, -1068},0, {4080, 1008},{0xFF, 0xE8, 0x83, 0x0}}},
	{{{-1068, 195, -1068},0, {4080, 496},{0x5, 0x0, 0x81, 0x0}}},
	{{{-45, 256, -1024},0, {2032, 496},{0x1B, 0x0, 0x84, 0x0}}},
	{{{-1068, 291, -1068},0, {4080, -16},{0x5, 0x0, 0x81, 0x0}}},
	{{{-45, 412, -1024},0, {2032, -16},{0x1D, 0x0, 0x84, 0x0}}},
	{{{712, 301, -712},0, {-16, 496},{0x5B, 0x0, 0xA7, 0x0}}},
	{{{712, 502, -712},0, {-16, -16},{0x5D, 0x0, 0xA9, 0x0}}},
	{{{712, 100, -712},0, {-16, 1008},{0x5B, 0xF2, 0xA8, 0x0}}},
	{{{-1000, 100, 1000},0, {2032, 1008},{0xA6, 0x0, 0xA6, 0x0}}},
	{{{-1068, 100, 1068},0, {4080, 1008},{0xA6, 0x0, 0xA6, 0x0}}},
	{{{-1068, 195, 1068},0, {4080, 496},{0xA6, 0x0, 0xA6, 0x0}}},
	{{{-1000, 195, 1000},0, {2032, 496},{0xA6, 0x0, 0xA6, 0x0}}},
	{{{-1068, 291, 1068},0, {4080, -16},{0xA6, 0x0, 0xA6, 0x0}}},
	{{{-1000, 291, 1000},0, {2032, -16},{0xA6, 0x0, 0xA6, 0x0}}},
	{{{-931, 195, 931},0, {-16, 496},{0xCD, 0x0, 0x8C, 0x0}}},
	{{{-931, 195, 931},0, {-16, 496},{0xCD, 0x0, 0x8C, 0x0}}},
	{{{-1000, 291, 1000},0, {2032, -16},{0xA6, 0x0, 0xA6, 0x0}}},
	{{{-931, 291, 931},0, {-16, -16},{0xCF, 0x0, 0x8B, 0x0}}},
	{{{-931, 100, 931},0, {-16, 1008},{0xCD, 0x0, 0x8C, 0x0}}},
	{{{-1000, 195, 1000},0, {2032, 496},{0xA6, 0x0, 0xA6, 0x0}}},
	{{{-1000, 100, 1000},0, {2032, 1008},{0xA6, 0x0, 0xA6, 0x0}}},
	{{{-45, 100, 1024},0, {2032, 1008},{0x16, 0xEA, 0x7B, 0x0}}},
	{{{712, 100, 712},0, {4080, 1008},{0x5B, 0xF2, 0x58, 0x0}}},
	{{{712, 301, 712},0, {4080, 496},{0x5B, 0x0, 0x59, 0x0}}},
	{{{-45, 256, 1024},0, {2032, 496},{0x1B, 0x0, 0x7C, 0x0}}},
	{{{712, 502, 712},0, {4080, -16},{0x5D, 0x0, 0x57, 0x0}}},
	{{{-45, 412, 1024},0, {2032, -16},{0x1D, 0x0, 0x7C, 0x0}}},
	{{{-1068, 195, 1068},0, {-16, 496},{0x5, 0x0, 0x7F, 0x0}}},
	{{{-1068, 291, 1068},0, {-16, -16},{0x5, 0x0, 0x7F, 0x0}}},
	{{{-1068, 100, 1068},0, {-16, 1008},{0xFF, 0xE8, 0x7D, 0x0}}},
	{{{-39, 412, -892},0, {2032, 1008},{0xF1, 0x7E, 0x0, 0x0}}},
	{{{621, 502, -621},0, {4080, 1008},{0xF8, 0x7F, 0xFB, 0x0}}},
	{{{666, 502, -666},0, {4080, 496},{0xF9, 0x7F, 0xFB, 0x0}}},
	{{{-42, 412, -958},0, {2032, 496},{0xF1, 0x7E, 0x1, 0x0}}},
	{{{712, 502, -712},0, {4080, -16},{0xF9, 0x7F, 0xFB, 0x0}}},
	{{{-45, 412, -1024},0, {2032, -16},{0xF2, 0x7E, 0x2, 0x0}}},
	{{{-1000, 291, -1000},0, {-16, 496},{0xF0, 0x7E, 0x8, 0x0}}},
	{{{-1068, 291, -1068},0, {-16, -16},{0xF1, 0x7E, 0x8, 0x0}}},
	{{{-931, 291, -931},0, {-16, 1008},{0xF0, 0x7E, 0x9, 0x0}}},
	{{{853, 533, 0},0, {2032, 1008},{0xFE, 0x7F, 0x0, 0x0}}},
	{{{621, 502, 621},0, {4080, 1008},{0xF8, 0x7F, 0x5, 0x0}}},
	{{{666, 502, 666},0, {4080, 496},{0xF9, 0x7F, 0x5, 0x0}}},
	{{{916, 533, 0},0, {2032, 496},{0xFE, 0x7F, 0x0, 0x0}}},
	{{{712, 502, 712},0, {4080, -16},{0xF9, 0x7F, 0x5, 0x0}}},
	{{{979, 533, 0},0, {2032, -16},{0xFE, 0x7F, 0x0, 0x0}}},
	{{{666, 502, -666},0, {-16, 496},{0xF9, 0x7F, 0xFB, 0x0}}},
	{{{666, 502, -666},0, {-16, 496},{0xF9, 0x7F, 0xFB, 0x0}}},
	{{{979, 533, 0},0, {2032, -16},{0xFE, 0x7F, 0x0, 0x0}}},
	{{{712, 502, -712},0, {-16, -16},{0xF9, 0x7F, 0xFB, 0x0}}},
	{{{621, 502, -621},0, {-16, 1008},{0xF8, 0x7F, 0xFB, 0x0}}},
	{{{916, 533, 0},0, {2032, 496},{0xFE, 0x7F, 0x0, 0x0}}},
	{{{853, 533, 0},0, {2032, 1008},{0xFE, 0x7F, 0x0, 0x0}}},
	{{{-39, 412, 892},0, {2032, 1008},{0xF1, 0x7E, 0x0, 0x0}}},
	{{{-931, 291, 931},0, {4080, 1008},{0xF0, 0x7E, 0xF7, 0x0}}},
	{{{-1000, 291, 1000},0, {4080, 496},{0xF0, 0x7E, 0xF8, 0x0}}},
	{{{-42, 412, 958},0, {2032, 496},{0xF1, 0x7E, 0xFF, 0x0}}},
	{{{-1068, 291, 1068},0, {4080, -16},{0xF1, 0x7E, 0xF8, 0x0}}},
	{{{-45, 412, 1024},0, {2032, -16},{0xF2, 0x7E, 0xFE, 0x0}}},
	{{{666, 502, 666},0, {-16, 496},{0xF9, 0x7F, 0x5, 0x0}}},
	{{{712, 502, 712},0, {-16, -16},{0xF9, 0x7F, 0x5, 0x0}}},
	{{{621, 502, 621},0, {-16, 1008},{0xF8, 0x7F, 0x5, 0x0}}},
	{{{853, 100, 0},0, {2032, 1008},{0x81, 0x0, 0x0, 0x0}}},
	{{{621, 100, 621},0, {4080, 1008},{0xA5, 0x0, 0xA7, 0x0}}},
	{{{621, 301, 621},0, {4080, 496},{0xA5, 0x0, 0xA7, 0x0}}},
	{{{853, 317, 0},0, {2032, 496},{0x81, 0x0, 0x0, 0x0}}},
	{{{621, 502, 621},0, {4080, -16},{0xA2, 0x0, 0xAA, 0x0}}},
	{{{853, 533, 0},0, {2032, -16},{0x81, 0x0, 0x0, 0x0}}},
	{{{621, 301, -621},0, {-16, 496},{0xA5, 0x0, 0x59, 0x0}}},
	{{{621, 502, -621},0, {-16, -16},{0xA2, 0x0, 0x56, 0x0}}},
	{{{621, 100, -621},0, {-16, 1008},{0xA5, 0x0, 0x59, 0x0}}},
	{{{979, 100, 0},0, {2032, 1008},{0x7E, 0xF3, 0x0, 0x0}}},
	{{{712, 100, -712},0, {4080, 1008},{0x5B, 0xF2, 0xA8, 0x0}}},
	{{{712, 301, -712},0, {4080, 496},{0x5B, 0x0, 0xA7, 0x0}}},
	{{{979, 317, 0},0, {2032, 496},{0x7F, 0x0, 0x0, 0x0}}},
	{{{712, 502, -712},0, {4080, -16},{0x5D, 0x0, 0xA9, 0x0}}},
	{{{979, 533, 0},0, {2032, -16},{0x7F, 0x0, 0x0, 0x0}}},
	{{{712, 301, 712},0, {-16, 496},{0x5B, 0x0, 0x59, 0x0}}},
	{{{712, 301, 712},0, {-16, 496},{0x5B, 0x0, 0x59, 0x0}}},
	{{{979, 533, 0},0, {2032, -16},{0x7F, 0x0, 0x0, 0x0}}},
	{{{712, 502, 712},0, {-16, -16},{0x5D, 0x0, 0x57, 0x0}}},
	{{{712, 100, 712},0, {-16, 1008},{0x5B, 0xF2, 0x58, 0x0}}},
	{{{979, 317, 0},0, {2032, 496},{0x7F, 0x0, 0x0, 0x0}}},
	{{{979, 100, 0},0, {2032, 1008},{0x7E, 0xF3, 0x0, 0x0}}},
	{{{-1000, 100, -1000},0, {2032, 1008},{0xA6, 0x0, 0x5A, 0x0}}},
	{{{-931, 100, -931},0, {4080, 1008},{0xCD, 0x0, 0x74, 0x0}}},
	{{{-931, 195, -931},0, {4080, 496},{0xCD, 0x0, 0x74, 0x0}}},
	{{{-1000, 195, -1000},0, {2032, 496},{0xA6, 0x0, 0x5A, 0x0}}},
	{{{-931, 291, -931},0, {4080, -16},{0xCF, 0x0, 0x75, 0x0}}},
	{{{-1000, 291, -1000},0, {2032, -16},{0xA6, 0x0, 0x5A, 0x0}}},
	{{{-1068, 195, -1068},0, {-16, 496},{0xA6, 0x0, 0x5A, 0x0}}},
	{{{-1068, 291, -1068},0, {-16, -16},{0xA6, 0x0, 0x5A, 0x0}}},
	{{{-1068, 100, -1068},0, {-16, 1008},{0xA6, 0x0, 0x5A, 0x0}}},
	{{{-39, 100, 892},0, {2032, 1008},{0xE5, 0x0, 0x84, 0x0}}},
	{{{-931, 100, 931},0, {4080, 1008},{0xCD, 0x0, 0x8C, 0x0}}},
	{{{-931, 195, 931},0, {4080, 496},{0xCD, 0x0, 0x8C, 0x0}}},
	{{{-39, 256, 892},0, {2032, 496},{0xE5, 0x0, 0x84, 0x0}}},
	{{{-931, 291, 931},0, {4080, -16},{0xCF, 0x0, 0x8B, 0x0}}},
	{{{-39, 412, 892},0, {2032, -16},{0xE3, 0x0, 0x84, 0x0}}},
	{{{621, 301, 621},0, {-16, 496},{0xA5, 0x0, 0xA7, 0x0}}},
	{{{621, 502, 621},0, {-16, -16},{0xA2, 0x0, 0xAA, 0x0}}},
	{{{621, 100, 621},0, {-16, 1008},{0xA5, 0x0, 0xA7, 0x0}}},
	{{{-39, 100, -892},0, {2032, 1008},{0xE5, 0x0, 0x7C, 0x0}}},
	{{{621, 100, -621},0, {4080, 1008},{0xA5, 0x0, 0x59, 0x0}}},
	{{{621, 301, -621},0, {4080, 496},{0xA5, 0x0, 0x59, 0x0}}},
	{{{-39, 256, -892},0, {2032, 496},{0xE5, 0x0, 0x7C, 0x0}}},
	{{{621, 502, -621},0, {4080, -16},{0xA2, 0x0, 0x56, 0x0}}},
	{{{-39, 412, -892},0, {2032, -16},{0xE3, 0x0, 0x7C, 0x0}}},
	{{{-931, 195, -931},0, {-16, 496},{0xCD, 0x0, 0x74, 0x0}}},
	{{{-931, 195, -931},0, {-16, 496},{0xCD, 0x0, 0x74, 0x0}}},
	{{{-39, 412, -892},0, {2032, -16},{0xE3, 0x0, 0x7C, 0x0}}},
	{{{-931, 291, -931},0, {-16, -16},{0xCF, 0x0, 0x75, 0x0}}},
	{{{-931, 100, -931},0, {-16, 1008},{0xCD, 0x0, 0x74, 0x0}}},
	{{{-39, 256, -892},0, {2032, 496},{0xE5, 0x0, 0x7C, 0x0}}},
	{{{-39, 100, -892},0, {2032, 1008},{0xE5, 0x0, 0x7C, 0x0}}},
};

Gfx wmotr_dl_Cube_mesh_layer_1_tri_2[] = {
	gsSPVertex(wmotr_dl_Cube_mesh_layer_1_vtx_2 + 0, 16, 0),
	gsSP1Triangle(0, 1, 2, 0),
	gsSP1Triangle(0, 2, 3, 0),
	gsSP1Triangle(3, 2, 4, 0),
	gsSP1Triangle(3, 4, 5, 0),
	gsSP1Triangle(6, 3, 5, 0),
	gsSP1Triangle(6, 5, 7, 0),
	gsSP1Triangle(8, 3, 6, 0),
	gsSP1Triangle(8, 0, 3, 0),
	gsSP1Triangle(9, 10, 11, 0),
	gsSP1Triangle(9, 11, 12, 0),
	gsSP1Triangle(12, 11, 13, 0),
	gsSP1Triangle(12, 13, 14, 0),
	gsSP1Triangle(15, 12, 14, 0),
	gsSPVertex(wmotr_dl_Cube_mesh_layer_1_vtx_2 + 16, 15, 0),
	gsSP1Triangle(0, 1, 2, 0),
	gsSP1Triangle(3, 4, 0, 0),
	gsSP1Triangle(3, 5, 4, 0),
	gsSP1Triangle(6, 7, 8, 0),
	gsSP1Triangle(6, 8, 9, 0),
	gsSP1Triangle(9, 8, 10, 0),
	gsSP1Triangle(9, 10, 11, 0),
	gsSP1Triangle(12, 9, 11, 0),
	gsSP1Triangle(12, 11, 13, 0),
	gsSP1Triangle(14, 9, 12, 0),
	gsSP1Triangle(14, 6, 9, 0),
	gsSPVertex(wmotr_dl_Cube_mesh_layer_1_vtx_2 + 31, 16, 0),
	gsSP1Triangle(0, 1, 2, 0),
	gsSP1Triangle(0, 2, 3, 0),
	gsSP1Triangle(3, 2, 4, 0),
	gsSP1Triangle(3, 4, 5, 0),
	gsSP1Triangle(6, 3, 5, 0),
	gsSP1Triangle(6, 5, 7, 0),
	gsSP1Triangle(8, 3, 6, 0),
	gsSP1Triangle(8, 0, 3, 0),
	gsSP1Triangle(9, 10, 11, 0),
	gsSP1Triangle(9, 11, 12, 0),
	gsSP1Triangle(12, 11, 13, 0),
	gsSP1Triangle(12, 13, 14, 0),
	gsSP1Triangle(15, 12, 14, 0),
	gsSPVertex(wmotr_dl_Cube_mesh_layer_1_vtx_2 + 47, 15, 0),
	gsSP1Triangle(0, 1, 2, 0),
	gsSP1Triangle(3, 4, 0, 0),
	gsSP1Triangle(3, 5, 4, 0),
	gsSP1Triangle(6, 7, 8, 0),
	gsSP1Triangle(6, 8, 9, 0),
	gsSP1Triangle(9, 8, 10, 0),
	gsSP1Triangle(9, 10, 11, 0),
	gsSP1Triangle(12, 9, 11, 0),
	gsSP1Triangle(12, 11, 13, 0),
	gsSP1Triangle(14, 9, 12, 0),
	gsSP1Triangle(14, 6, 9, 0),
	gsSPVertex(wmotr_dl_Cube_mesh_layer_1_vtx_2 + 62, 16, 0),
	gsSP1Triangle(0, 1, 2, 0),
	gsSP1Triangle(0, 2, 3, 0),
	gsSP1Triangle(3, 2, 4, 0),
	gsSP1Triangle(3, 4, 5, 0),
	gsSP1Triangle(6, 3, 5, 0),
	gsSP1Triangle(6, 5, 7, 0),
	gsSP1Triangle(8, 3, 6, 0),
	gsSP1Triangle(8, 0, 3, 0),
	gsSP1Triangle(9, 10, 11, 0),
	gsSP1Triangle(9, 11, 12, 0),
	gsSP1Triangle(12, 11, 13, 0),
	gsSP1Triangle(12, 13, 14, 0),
	gsSP1Triangle(15, 12, 14, 0),
	gsSPVertex(wmotr_dl_Cube_mesh_layer_1_vtx_2 + 78, 15, 0),
	gsSP1Triangle(0, 1, 2, 0),
	gsSP1Triangle(3, 4, 0, 0),
	gsSP1Triangle(3, 5, 4, 0),
	gsSP1Triangle(6, 7, 8, 0),
	gsSP1Triangle(6, 8, 9, 0),
	gsSP1Triangle(9, 8, 10, 0),
	gsSP1Triangle(9, 10, 11, 0),
	gsSP1Triangle(12, 9, 11, 0),
	gsSP1Triangle(12, 11, 13, 0),
	gsSP1Triangle(14, 9, 12, 0),
	gsSP1Triangle(14, 6, 9, 0),
	gsSPVertex(wmotr_dl_Cube_mesh_layer_1_vtx_2 + 93, 16, 0),
	gsSP1Triangle(0, 1, 2, 0),
	gsSP1Triangle(0, 2, 3, 0),
	gsSP1Triangle(3, 2, 4, 0),
	gsSP1Triangle(3, 4, 5, 0),
	gsSP1Triangle(6, 3, 5, 0),
	gsSP1Triangle(6, 5, 7, 0),
	gsSP1Triangle(8, 3, 6, 0),
	gsSP1Triangle(8, 0, 3, 0),
	gsSP1Triangle(9, 10, 11, 0),
	gsSP1Triangle(9, 11, 12, 0),
	gsSP1Triangle(12, 11, 13, 0),
	gsSP1Triangle(12, 13, 14, 0),
	gsSP1Triangle(15, 12, 14, 0),
	gsSPVertex(wmotr_dl_Cube_mesh_layer_1_vtx_2 + 109, 6, 0),
	gsSP1Triangle(0, 1, 2, 0),
	gsSP1Triangle(3, 4, 0, 0),
	gsSP1Triangle(3, 5, 4, 0),
	gsSPEndDisplayList(),
};

Vtx wmotr_dl_Cube_001_mesh_layer_1_vtx_0[414] = {
	{{{-4957, -7993, 21641},0, {-4633, 18972},{0xB0, 0x15, 0x61, 0x0}}},
	{{{-6312, -11635, 18087},0, {-10167, 18477},{0x82, 0x4, 0xE, 0x0}}},
	{{{-5059, -11520, 21804},0, {-5758, 23591},{0x88, 0x4, 0x29, 0x0}}},
	{{{-6214, -8106, 17987},0, {-8138, 16292},{0x82, 0x8, 0x11, 0x0}}},
	{{{-4709, -4474, 20502},0, {-3937, 16054},{0xB8, 0x35, 0x5A, 0x0}}},
	{{{-1659, -4539, 21010},0, {-1082, 16345},{0x9, 0x3E, 0x6F, 0x0}}},
	{{{-1720, -8070, 22286},0, {-753, 19436},{0x6, 0x18, 0x7D, 0x0}}},
	{{{-5059, -11520, 21804},0, {-5758, 23591},{0xE7, 0x6, 0x7C, 0x0}}},
	{{{-1795, -11598, 22469},0, {-608, 22706},{0x6, 0x6, 0x7F, 0x0}}},
	{{{2653, -8266, 20991},0, {3114, 18431},{0x29, 0x17, 0x76, 0x0}}},
	{{{2624, -11798, 21165},0, {4541, 21821},{0x29, 0x5, 0x78, 0x0}}},
	{{{7163, -8468, 19259},0, {6608, 16466},{0x36, 0x17, 0x71, 0x0}}},
	{{{7181, -12004, 19417},0, {8365, 19042},{0x37, 0x5, 0x72, 0x0}}},
	{{{11347, -8581, 16842},0, {9692, 13666},{0x4E, 0x18, 0x62, 0x0}}},
	{{{11411, -12120, 16976},0, {12188, 16264},{0x4F, 0x5, 0x64, 0x0}}},
	{{{14801, -8550, 13174},0, {12187, 9825},{0x69, 0x18, 0x43, 0x0}}},
	{{{14801, -8550, 13174},0, {12187, 9825},{0x69, 0x18, 0x43, 0x0}}},
	{{{11411, -12120, 16976},0, {12188, 16264},{0x4F, 0x5, 0x64, 0x0}}},
	{{{14903, -12088, 13267},0, {14884, 11428},{0x6B, 0x4, 0x44, 0x0}}},
	{{{16796, -8447, 8148},0, {13870, 4977},{0x7B, 0x18, 0x16, 0x0}}},
	{{{16921, -11983, 8184},0, {17579, 6592},{0x7D, 0x4, 0x17, 0x0}}},
	{{{16680, -8366, 2057},0, {14303, -944},{0x7A, 0x18, 0xE8, 0x0}}},
	{{{16804, -11900, 2025},0, {17579, -1093},{0x7D, 0x4, 0xE8, 0x0}}},
	{{{14425, -8369, -3691},0, {13456, -6828},{0x67, 0x18, 0xBA, 0x0}}},
	{{{14521, -11904, -3789},0, {17579, -8779},{0x69, 0x4, 0xB9, 0x0}}},
	{{{10199, -8459, -7696},0, {10983, -11544},{0x41, 0x17, 0x95, 0x0}}},
	{{{10243, -11995, -7840},0, {13592, -13596},{0x41, 0x5, 0x93, 0x0}}},
	{{{4345, -8442, -9709},0, {7142, -14998},{0x15, 0x16, 0x85, 0x0}}},
	{{{4313, -11978, -9876},0, {9604, -18413},{0x15, 0x5, 0x83, 0x0}}},
	{{{-2226, -8179, -9727},0, {1980, -16821},{0xE5, 0x17, 0x86, 0x0}}},
	{{{-2347, -11710, -9889},0, {2225, -19994},{0xE4, 0x6, 0x84, 0x0}}},
	{{{-6500, -7954, -7572},0, {-3238, -16573},{0xC9, 0x17, 0x90, 0x0}}},
	{{{-6500, -7954, -7572},0, {-3238, -16573},{0xC9, 0x17, 0x90, 0x0}}},
	{{{-2347, -11710, -9889},0, {2225, -19994},{0xE4, 0x6, 0x84, 0x0}}},
	{{{-6675, -11480, -7701},0, {-5154, -21575},{0xC7, 0x7, 0x8F, 0x0}}},
	{{{-5741, -4441, -6668},0, {-2393, -13648},{0x9C, 0x36, 0xC6, 0x0}}},
	{{{-2226, -8179, -9727},0, {1980, -16821},{0xE5, 0x17, 0x86, 0x0}}},
	{{{-1838, -4633, -8593},0, {1480, -13883},{0xEA, 0x3B, 0x92, 0x0}}},
	{{{-1055, -1102, -5968},0, {564, -11013},{0xF2, 0x51, 0x9F, 0x0}}},
	{{{-4096, -990, -4591},0, {-1988, -11050},{0xA8, 0x4B, 0xCB, 0x0}}},
	{{{-5470, -4512, -2976},0, {-5435, -11475},{0x8A, 0x17, 0x2A, 0x0}}},
	{{{-6500, -7954, -7572},0, {-3238, -16573},{0x82, 0xC, 0xC, 0x0}}},
	{{{-6072, -8038, -3497},0, {-7257, -13520},{0x8A, 0x9, 0x2D, 0x0}}},
	{{{-6675, -11480, -7701},0, {-5154, -21575},{0x82, 0x5, 0xD, 0x0}}},
	{{{-6224, -11565, -3571},0, {-9421, -15763},{0x8A, 0x4, 0x30, 0x0}}},
	{{{-3065, -8247, 349},0, {-9986, -9669},{0xAB, 0x2, 0x5F, 0x0}}},
	{{{-3166, -11778, 325},0, {-13687, -9951},{0xAC, 0x1, 0x60, 0x0}}},
	{{{-212, -8347, 2064},0, {-11229, -6845},{0xCE, 0x0, 0x75, 0x0}}},
	{{{-212, -8347, 2064},0, {-11229, -6845},{0xCE, 0x0, 0x75, 0x0}}},
	{{{-3166, -11778, 325},0, {-13687, -9951},{0xAC, 0x1, 0x60, 0x0}}},
	{{{-289, -11881, 2061},0, {-14365, -7540},{0xCE, 0x0, 0x75, 0x0}}},
	{{{1850, -8361, 2648},0, {-11716, -4785},{0xCA, 0x0, 0x73, 0x0}}},
	{{{1776, -11896, 2649},0, {-15043, -5130},{0xCA, 0x1, 0x73, 0x0}}},
	{{{3076, -8361, 3489},0, {-11971, -3168},{0xA1, 0x1, 0x55, 0x0}}},
	{{{3002, -11896, 3489},0, {-15291, -3620},{0xA2, 0x1, 0x55, 0x0}}},
	{{{3689, -8361, 4621},0, {-12150, -1767},{0x88, 0x2, 0x2A, 0x0}}},
	{{{3616, -11896, 4622},0, {-15539, -2110},{0x88, 0x2, 0x2A, 0x0}}},
	{{{3906, -8361, 5790},0, {-12289, -453},{0x81, 0x2, 0xFD, 0x0}}},
	{{{3832, -11896, 5791},0, {-15701, -774},{0x81, 0x2, 0xFD, 0x0}}},
	{{{3636, -8361, 6918},0, {-12415, 912},{0x8E, 0x2, 0xC7, 0x0}}},
	{{{3563, -11896, 6919},0, {-15863, 563},{0x8E, 0x2, 0xC7, 0x0}}},
	{{{2764, -8361, 7973},0, {-12535, 2465},{0xAA, 0x1, 0xA2, 0x0}}},
	{{{2690, -11896, 7973},0, {-15974, 2323},{0xAB, 0x1, 0xA2, 0x0}}},
	{{{1362, -8361, 8918},0, {-12617, 4216},{0xC2, 0x1, 0x91, 0x0}}},
	{{{1362, -8361, 8918},0, {-12617, 4216},{0xC2, 0x1, 0x91, 0x0}}},
	{{{2690, -11896, 7973},0, {-15974, 2323},{0xAB, 0x1, 0xA2, 0x0}}},
	{{{1289, -11896, 8919},0, {-16085, 4083},{0xC2, 0x1, 0x91, 0x0}}},
	{{{-434, -8361, 9735},0, {-12603, 6199},{0xD0, 0x0, 0x8A, 0x0}}},
	{{{-508, -11896, 9736},0, {-15945, 6448},{0xD0, 0x1, 0x8A, 0x0}}},
	{{{-2435, -8361, 10479},0, {-12456, 8277},{0xCE, 0x0, 0x8B, 0x0}}},
	{{{-2509, -11896, 10479},0, {-15805, 8813},{0xCE, 0x1, 0x8B, 0x0}}},
	{{{-4384, -8350, 11436},0, {-12021, 10401},{0xAB, 0x0, 0xA1, 0x0}}},
	{{{-4459, -11884, 11441},0, {-15190, 11088},{0xAB, 0x1, 0xA2, 0x0}}},
	{{{-5821, -8273, 13746},0, {-10798, 12960},{0x87, 0x2, 0xD8, 0x0}}},
	{{{-5903, -11806, 13780},0, {-14576, 13362},{0x88, 0x2, 0xD7, 0x0}}},
	{{{-6214, -8106, 17987},0, {-8138, 16292},{0x82, 0x8, 0x11, 0x0}}},
	{{{-6312, -11635, 18087},0, {-10167, 18477},{0x82, 0x4, 0xE, 0x0}}},
	{{{-5989, -4570, 17289},0, {-6481, 14267},{0x85, 0x17, 0x15, 0x0}}},
	{{{-5705, -4713, 13511},0, {-8321, 11866},{0x87, 0x4, 0xD8, 0x0}}},
	{{{-5448, -1335, 13006},0, {-6424, 10901},{0x89, 0x13, 0xD8, 0x0}}},
	{{{-5989, -4570, 17289},0, {-6481, 14267},{0x85, 0x17, 0x15, 0x0}}},
	{{{-5500, -1209, 15686},0, {-5284, 12440},{0x8D, 0x2F, 0x1A, 0x0}}},
	{{{-5448, -1335, 13006},0, {-6424, 10901},{0x89, 0x13, 0xD8, 0x0}}},
	{{{-4709, -4474, 20502},0, {-3937, 16054},{0xB8, 0x35, 0x5A, 0x0}}},
	{{{-6214, -8106, 17987},0, {-8138, 16292},{0x82, 0x8, 0x11, 0x0}}},
	{{{-4235, -1188, 17924},0, {-3634, 13484},{0xC5, 0x52, 0x4E, 0x0}}},
	{{{-1659, -4539, 21010},0, {-1082, 16345},{0x9, 0x3E, 0x6F, 0x0}}},
	{{{-1666, -1157, 18050},0, {-1741, 13352},{0xB, 0x5B, 0x58, 0x0}}},
	{{{2397, -4706, 19777},0, {1842, 15437},{0x26, 0x3E, 0x68, 0x0}}},
	{{{-1720, -8070, 22286},0, {-753, 19436},{0x6, 0x18, 0x7D, 0x0}}},
	{{{2653, -8266, 20991},0, {3114, 18431},{0x29, 0x17, 0x76, 0x0}}},
	{{{6570, -4878, 18150},0, {4643, 13798},{0x32, 0x3E, 0x63, 0x0}}},
	{{{7163, -8468, 19259},0, {6608, 16466},{0x36, 0x17, 0x71, 0x0}}},
	{{{10437, -4974, 15905},0, {7157, 11416},{0x45, 0x3F, 0x56, 0x0}}},
	{{{11347, -8581, 16842},0, {9692, 13666},{0x4E, 0x18, 0x62, 0x0}}},
	{{{13622, -4948, 12525},0, {9207, 8176},{0x5C, 0x41, 0x3B, 0x0}}},
	{{{13622, -4948, 12525},0, {9207, 8176},{0x5C, 0x41, 0x3B, 0x0}}},
	{{{11347, -8581, 16842},0, {9692, 13666},{0x4E, 0x18, 0x62, 0x0}}},
	{{{14801, -8550, 13174},0, {12187, 9825},{0x69, 0x18, 0x43, 0x0}}},
	{{{15459, -4860, 7900},0, {10527, 4050},{0x6B, 0x41, 0x14, 0x0}}},
	{{{16796, -8447, 8148},0, {13870, 4977},{0x7B, 0x18, 0x16, 0x0}}},
	{{{15355, -4791, 2286},0, {10862, -809},{0x6B, 0x41, 0xEC, 0x0}}},
	{{{16680, -8366, 2057},0, {14303, -944},{0x7A, 0x18, 0xE8, 0x0}}},
	{{{13289, -4794, -3008},0, {10121, -5610},{0x5B, 0x40, 0xC2, 0x0}}},
	{{{14425, -8369, -3691},0, {13456, -6828},{0x67, 0x18, 0xBA, 0x0}}},
	{{{9426, -4870, -6684},0, {8265, -9544},{0x3A, 0x3E, 0xA1, 0x0}}},
	{{{10199, -8459, -7696},0, {10983, -11544},{0x41, 0x17, 0x95, 0x0}}},
	{{{4105, -4856, -8539},0, {5318, -12362},{0x14, 0x3B, 0x91, 0x0}}},
	{{{4345, -8442, -9709},0, {7142, -14998},{0x15, 0x16, 0x85, 0x0}}},
	{{{-1838, -4633, -8593},0, {1480, -13883},{0xEA, 0x3B, 0x92, 0x0}}},
	{{{-2226, -8179, -9727},0, {1980, -16821},{0xE5, 0x17, 0x86, 0x0}}},
	{{{3431, -1243, -5770},0, {3109, -9673},{0x17, 0x55, 0xA4, 0x0}}},
	{{{-1838, -4633, -8593},0, {1480, -13883},{0xEA, 0x3B, 0x92, 0x0}}},
	{{{-1055, -1102, -5968},0, {564, -11013},{0xF2, 0x51, 0x9F, 0x0}}},
	{{{3431, -1243, -5770},0, {3109, -9673},{0x17, 0x55, 0xA4, 0x0}}},
	{{{2584, 2230, -2325},0, {672, -7134},{0x31, 0x59, 0xB3, 0x0}}},
	{{{-311, 2170, -3217},0, {-462, -8707},{0xFA, 0x4B, 0x99, 0x0}}},
	{{{-4096, -990, -4591},0, {-1988, -11050},{0xA8, 0x4B, 0xCB, 0x0}}},
	{{{-2400, 2195, -2452},0, {-1844, -8978},{0xAD, 0x47, 0xBF, 0x0}}},
	{{{-4182, -1033, -1786},0, {-3962, -9657},{0x8B, 0x23, 0x23, 0x0}}},
	{{{-5470, -4512, -2976},0, {-5435, -11475},{0x8A, 0x17, 0x2A, 0x0}}},
	{{{-2817, -4690, 520},0, {-7386, -8557},{0xAB, 0x3, 0x5F, 0x0}}},
	{{{-6072, -8038, -3497},0, {-7257, -13520},{0x8A, 0x9, 0x2D, 0x0}}},
	{{{-3065, -8247, 349},0, {-9986, -9669},{0xAB, 0x2, 0x5F, 0x0}}},
	{{{-133, -4775, 2085},0, {-8256, -6138},{0xD0, 0x0, 0x76, 0x0}}},
	{{{-212, -8347, 2064},0, {-11229, -6845},{0xCE, 0x0, 0x75, 0x0}}},
	{{{1904, -4787, 2648},0, {-8515, -4274},{0xCB, 0x1, 0x74, 0x0}}},
	{{{1850, -8361, 2648},0, {-11716, -4785},{0xCA, 0x0, 0x73, 0x0}}},
	{{{3130, -4787, 3488},0, {-8654, -2743},{0xA1, 0x2, 0x55, 0x0}}},
	{{{1904, -4787, 2648},0, {-8515, -4274},{0xCB, 0x1, 0x74, 0x0}}},
	{{{1850, -8361, 2648},0, {-11716, -4785},{0xCA, 0x0, 0x73, 0x0}}},
	{{{3076, -8361, 3489},0, {-11971, -3168},{0xA1, 0x1, 0x55, 0x0}}},
	{{{3744, -4787, 4621},0, {-8762, -1396},{0x88, 0x2, 0x2A, 0x0}}},
	{{{3689, -8361, 4621},0, {-12150, -1767},{0x88, 0x2, 0x2A, 0x0}}},
	{{{3960, -4787, 5790},0, {-8840, -106},{0x81, 0x2, 0xFD, 0x0}}},
	{{{3906, -8361, 5790},0, {-12289, -453},{0x81, 0x2, 0xFD, 0x0}}},
	{{{3691, -4787, 6918},0, {-8938, 1235},{0x8E, 0x2, 0xC8, 0x0}}},
	{{{3636, -8361, 6918},0, {-12415, 912},{0x8E, 0x2, 0xC7, 0x0}}},
	{{{2819, -4787, 7973},0, {-9095, 2711},{0xAA, 0x1, 0xA2, 0x0}}},
	{{{2764, -8361, 7973},0, {-12535, 2465},{0xAA, 0x1, 0xA2, 0x0}}},
	{{{1417, -4787, 8918},0, {-9264, 4344},{0xC2, 0x1, 0x91, 0x0}}},
	{{{1362, -8361, 8918},0, {-12617, 4216},{0xC2, 0x1, 0x91, 0x0}}},
	{{{-380, -4787, 9735},0, {-9380, 6118},{0xD0, 0x1, 0x8A, 0x0}}},
	{{{-434, -8361, 9735},0, {-12603, 6199},{0xD0, 0x0, 0x8A, 0x0}}},
	{{{-2380, -4787, 10479},0, {-9393, 7943},{0xCE, 0x1, 0x8B, 0x0}}},
	{{{-380, -4787, 9735},0, {-9380, 6118},{0xD0, 0x1, 0x8A, 0x0}}},
	{{{-434, -8361, 9735},0, {-12603, 6199},{0xD0, 0x0, 0x8A, 0x0}}},
	{{{-2435, -8361, 10479},0, {-12456, 8277},{0xCE, 0x0, 0x8B, 0x0}}},
	{{{-4322, -4778, 11406},0, {-9179, 9779},{0xAD, 0x0, 0xA0, 0x0}}},
	{{{-4384, -8350, 11436},0, {-12021, 10401},{0xAB, 0x0, 0xA1, 0x0}}},
	{{{-5705, -4713, 13511},0, {-8321, 11866},{0x87, 0x4, 0xD8, 0x0}}},
	{{{-5821, -8273, 13746},0, {-10798, 12960},{0x87, 0x2, 0xD8, 0x0}}},
	{{{-4217, -1301, 11388},0, {-6769, 9400},{0xB0, 0xA, 0x9E, 0x0}}},
	{{{-2306, -1237, 10512},0, {-6641, 7915},{0xCC, 0x9, 0x8C, 0x0}}},
	{{{-1844, 1908, 10783},0, {-4207, 8120},{0xBB, 0x3D, 0xA8, 0x0}}},
	{{{-3793, 1265, 11694},0, {-4903, 9365},{0xB2, 0x44, 0xB5, 0x0}}},
	{{{-5448, -1335, 13006},0, {-6424, 10901},{0x89, 0x13, 0xD8, 0x0}}},
	{{{-4865, 711, 12671},0, {-5233, 10329},{0x96, 0x3A, 0xD9, 0x0}}},
	{{{-5500, -1209, 15686},0, {-5284, 12440},{0x8D, 0x2F, 0x1A, 0x0}}},
	{{{-4545, 1143, 13968},0, {-4410, 10967},{0xAD, 0x5E, 0x16, 0x0}}},
	{{{-4235, -1188, 17924},0, {-3634, 13484},{0xC5, 0x52, 0x4E, 0x0}}},
	{{{-4545, 1143, 13968},0, {-4410, 10967},{0xAD, 0x5E, 0x16, 0x0}}},
	{{{-5500, -1209, 15686},0, {-5284, 12440},{0x8D, 0x2F, 0x1A, 0x0}}},
	{{{-3757, 783, 15568},0, {-3557, 11760},{0xD6, 0x65, 0x41, 0x0}}},
	{{{-1666, -1157, 18050},0, {-1741, 13352},{0xB, 0x5B, 0x58, 0x0}}},
	{{{-2022, 1316, 14815},0, {-2614, 11001},{0x0, 0x6D, 0x42, 0x0}}},
	{{{1662, -1189, 16920},0, {278, 12362},{0x1E, 0x59, 0x55, 0x0}}},
	{{{2397, -4706, 19777},0, {1842, 15437},{0x26, 0x3E, 0x68, 0x0}}},
	{{{6570, -4878, 18150},0, {4643, 13798},{0x32, 0x3E, 0x63, 0x0}}},
	{{{5075, -1297, 15582},0, {2299, 10933},{0x2A, 0x58, 0x52, 0x0}}},
	{{{10437, -4974, 15905},0, {7157, 11416},{0x45, 0x3F, 0x56, 0x0}}},
	{{{8169, -1348, 13721},0, {4115, 8939},{0x3A, 0x5A, 0x45, 0x0}}},
	{{{13622, -4948, 12525},0, {9207, 8176},{0x5C, 0x41, 0x3B, 0x0}}},
	{{{10738, -1364, 11020},0, {5684, 6327},{0x49, 0x5B, 0x31, 0x0}}},
	{{{15459, -4860, 7900},0, {10527, 4050},{0x6B, 0x41, 0x14, 0x0}}},
	{{{12216, -1254, 7331},0, {6703, 3061},{0x57, 0x5B, 0x14, 0x0}}},
	{{{15355, -4791, 2286},0, {10862, -809},{0x6B, 0x41, 0xEC, 0x0}}},
	{{{12216, -1254, 7331},0, {6703, 3061},{0x57, 0x5B, 0x14, 0x0}}},
	{{{15459, -4860, 7900},0, {10527, 4050},{0x6B, 0x41, 0x14, 0x0}}},
	{{{12184, -1205, 2830},0, {7007, -689},{0x59, 0x5A, 0xF0, 0x0}}},
	{{{13289, -4794, -3008},0, {10121, -5610},{0x5B, 0x40, 0xC2, 0x0}}},
	{{{10532, -1215, -1375},0, {6439, -4361},{0x49, 0x5A, 0xCC, 0x0}}},
	{{{9426, -4870, -6684},0, {8265, -9544},{0x3A, 0x3E, 0xA1, 0x0}}},
	{{{7520, -1312, -4276},0, {5138, -7421},{0x2F, 0x59, 0xB2, 0x0}}},
	{{{4105, -4856, -8539},0, {5318, -12362},{0x14, 0x3B, 0x91, 0x0}}},
	{{{3431, -1243, -5770},0, {3109, -9673},{0x17, 0x55, 0xA4, 0x0}}},
	{{{5398, 1476, -1327},0, {2125, -5374},{0x27, 0x6A, 0xC5, 0x0}}},
	{{{2584, 2230, -2325},0, {672, -7134},{0x31, 0x59, 0xB3, 0x0}}},
	{{{4106, 2430, 1107},0, {-172, -3741},{0x2, 0x7F, 0xFF, 0x0}}},
	{{{2795, 3121, 278},0, {-696, -5111},{0x57, 0x5C, 0xD, 0x0}}},
	{{{1453, 4830, -1312},0, {-807, -6884},{0x4F, 0x3A, 0xAF, 0x0}}},
	{{{-34, 4827, -1819},0, {-1182, -7566},{0x0, 0x38, 0x8E, 0x0}}},
	{{{2584, 2230, -2325},0, {672, -7134},{0x31, 0x59, 0xB3, 0x0}}},
	{{{-311, 2170, -3217},0, {-462, -8707},{0xFA, 0x4B, 0x99, 0x0}}},
	{{{-34, 4827, -1819},0, {-1182, -7566},{0x0, 0x38, 0x8E, 0x0}}},
	{{{-1467, 4802, -1344},0, {-1821, -7782},{0xAE, 0x39, 0xB1, 0x0}}},
	{{{-2400, 2195, -2452},0, {-1844, -8978},{0xAD, 0x47, 0xBF, 0x0}}},
	{{{-1952, 4827, -74},0, {-2308, -7444},{0x89, 0x2B, 0xA, 0x0}}},
	{{{-2817, 2181, -595},0, {-2902, -8257},{0x89, 0x25, 0x18, 0x0}}},
	{{{-4182, -1033, -1786},0, {-3962, -9657},{0x8B, 0x23, 0x23, 0x0}}},
	{{{-2342, -1140, 902},0, {-5136, -7584},{0xAB, 0x6, 0x5F, 0x0}}},
	{{{-2817, -4690, 520},0, {-7386, -8557},{0xAB, 0x3, 0x5F, 0x0}}},
	{{{-133, -4775, 2085},0, {-8256, -6138},{0xD0, 0x0, 0x76, 0x0}}},
	{{{-50, -1188, 2107},0, {-5482, -5633},{0xD7, 0x3, 0x78, 0x0}}},
	{{{1904, -4787, 2648},0, {-8515, -4274},{0xCB, 0x1, 0x74, 0x0}}},
	{{{1948, -1203, 2573},0, {-5392, -3948},{0xD3, 0xB, 0x76, 0x0}}},
	{{{3130, -4787, 3488},0, {-8654, -2743},{0xA1, 0x2, 0x55, 0x0}}},
	{{{3187, -1262, 3402},0, {-5373, -2474},{0xA2, 0xE, 0x55, 0x0}}},
	{{{3187, -1262, 3402},0, {-5373, -2474},{0xA2, 0xE, 0x55, 0x0}}},
	{{{3130, -4787, 3488},0, {-8654, -2743},{0xA1, 0x2, 0x55, 0x0}}},
	{{{3744, -4787, 4621},0, {-8762, -1396},{0x88, 0x2, 0x2A, 0x0}}},
	{{{3810, -1211, 4565},0, {-5372, -1099},{0x87, 0xA, 0x25, 0x0}}},
	{{{3960, -4787, 5790},0, {-8840, -106},{0x81, 0x2, 0xFD, 0x0}}},
	{{{4015, -1203, 5773},0, {-5392, 260},{0x81, 0x8, 0x0, 0x0}}},
	{{{3691, -4787, 6918},0, {-8938, 1235},{0x8E, 0x2, 0xC8, 0x0}}},
	{{{3782, -1211, 6916},0, {-5420, 1661},{0x8B, 0xA, 0xD0, 0x0}}},
	{{{2819, -4787, 7973},0, {-9095, 2711},{0xAA, 0x1, 0xA2, 0x0}}},
	{{{2916, -1268, 7991},0, {-5691, 3157},{0xAA, 0xB, 0xA3, 0x0}}},
	{{{1417, -4787, 8918},0, {-9264, 4344},{0xC2, 0x1, 0x91, 0x0}}},
	{{{1494, -1237, 8947},0, {-6042, 4733},{0xC5, 0x8, 0x90, 0x0}}},
	{{{-380, -4787, 9735},0, {-9380, 6118},{0xD0, 0x1, 0x8A, 0x0}}},
	{{{-325, -1243, 9754},0, {-6405, 6335},{0xD0, 0x7, 0x8B, 0x0}}},
	{{{-2380, -4787, 10479},0, {-9393, 7943},{0xCE, 0x1, 0x8B, 0x0}}},
	{{{-2306, -1237, 10512},0, {-6641, 7915},{0xCC, 0x9, 0x8C, 0x0}}},
	{{{-2306, -1237, 10512},0, {-6641, 7915},{0xCC, 0x9, 0x8C, 0x0}}},
	{{{-2380, -4787, 10479},0, {-9393, 7943},{0xCE, 0x1, 0x8B, 0x0}}},
	{{{-4322, -4778, 11406},0, {-9179, 9779},{0xAD, 0x0, 0xA0, 0x0}}},
	{{{-132, 1717, 9873},0, {-4077, 6709},{0xD0, 0x16, 0x8C, 0x0}}},
	{{{-325, -1243, 9754},0, {-6405, 6335},{0xD0, 0x7, 0x8B, 0x0}}},
	{{{1930, 1908, 9211},0, {-3072, 5375},{0xDC, 0x2C, 0x8E, 0x0}}},
	{{{229, 3465, 10104},0, {-2899, 7019},{0xD1, 0x30, 0x94, 0x0}}},
	{{{-569, 3492, 10693},0, {-2998, 7720},{0xA8, 0x4E, 0xD0, 0x0}}},
	{{{-1844, 1908, 10783},0, {-4207, 8120},{0xBB, 0x3D, 0xA8, 0x0}}},
	{{{-194, 3568, 11417},0, {-2503, 8128},{0xC1, 0x5C, 0x3C, 0x0}}},
	{{{-1236, 2692, 11923},0, {-2930, 8835},{0xCD, 0x71, 0x1E, 0x0}}},
	{{{-3793, 1265, 11694},0, {-4903, 9365},{0xB2, 0x44, 0xB5, 0x0}}},
	{{{-2967, 2152, 12754},0, {-3628, 9816},{0xD5, 0x77, 0x7, 0x0}}},
	{{{-4865, 711, 12671},0, {-5233, 10329},{0x96, 0x3A, 0xD9, 0x0}}},
	{{{-4545, 1143, 13968},0, {-4410, 10967},{0xAD, 0x5E, 0x16, 0x0}}},
	{{{-2022, 1316, 14815},0, {-2614, 11001},{0x0, 0x6D, 0x42, 0x0}}},
	{{{-2022, 1316, 14815},0, {-2614, 11001},{0x0, 0x6D, 0x42, 0x0}}},
	{{{-4545, 1143, 13968},0, {-4410, 10967},{0xAD, 0x5E, 0x16, 0x0}}},
	{{{-3757, 783, 15568},0, {-3557, 11760},{0xD6, 0x65, 0x41, 0x0}}},
	{{{578, 1920, 13460},0, {-1419, 9590},{0xA, 0x62, 0x50, 0x0}}},
	{{{-2967, 2152, 12754},0, {-3628, 9816},{0xD5, 0x77, 0x7, 0x0}}},
	{{{-1236, 2692, 11923},0, {-2930, 8835},{0xCD, 0x71, 0x1E, 0x0}}},
	{{{992, 3493, 11895},0, {-1733, 8152},{0xFB, 0x52, 0x61, 0x0}}},
	{{{2455, 3463, 11635},0, {-1011, 7614},{0x2B, 0x52, 0x57, 0x0}}},
	{{{3399, 1700, 12893},0, {160, 8599},{0x28, 0x5B, 0x4F, 0x0}}},
	{{{5075, -1297, 15582},0, {2299, 10933},{0x2A, 0x58, 0x52, 0x0}}},
	{{{1662, -1189, 16920},0, {278, 12362},{0x1E, 0x59, 0x55, 0x0}}},
	{{{8169, -1348, 13721},0, {4115, 8939},{0x3A, 0x5A, 0x45, 0x0}}},
	{{{5223, 1881, 11222},0, {893, 6765},{0x39, 0x68, 0x2D, 0x0}}},
	{{{10738, -1364, 11020},0, {5684, 6327},{0x49, 0x5B, 0x31, 0x0}}},
	{{{7359, 1427, 9408},0, {2290, 4765},{0x37, 0x6A, 0x2C, 0x0}}},
	{{{12216, -1254, 7331},0, {6703, 3061},{0x57, 0x5B, 0x14, 0x0}}},
	{{{12216, -1254, 7331},0, {6703, 3061},{0x57, 0x5B, 0x14, 0x0}}},
	{{{8323, 2158, 6731},0, {2876, 2093},{0x4E, 0x5C, 0x28, 0x0}}},
	{{{7359, 1427, 9408},0, {2290, 4765},{0x37, 0x6A, 0x2C, 0x0}}},
	{{{12184, -1205, 2830},0, {7007, -689},{0x59, 0x5A, 0xF0, 0x0}}},
	{{{8859, 2057, 3457},0, {3653, -546},{0x5E, 0x54, 0xEF, 0x0}}},
	{{{10532, -1215, -1375},0, {6439, -4361},{0x49, 0x5A, 0xCC, 0x0}}},
	{{{7301, 2168, 795},0, {2770, -2935},{0x31, 0x64, 0xC2, 0x0}}},
	{{{7520, -1312, -4276},0, {5138, -7421},{0x2F, 0x59, 0xB2, 0x0}}},
	{{{5398, 1476, -1327},0, {2125, -5374},{0x27, 0x6A, 0xC5, 0x0}}},
	{{{5194, 3030, 2201},0, {289, -2276},{0xBD, 0x5B, 0xC6, 0x0}}},
	{{{4106, 2430, 1107},0, {-172, -3741},{0x2, 0x7F, 0xFF, 0x0}}},
	{{{4204, 2169, 4107},0, {-1999, -1097},{0x87, 0x28, 0x4, 0x0}}},
	{{{3437, 1492, 2766},0, {-2440, -2702},{0xB1, 0x45, 0x48, 0x0}}},
	{{{2795, 3121, 278},0, {-696, -5111},{0x57, 0x5C, 0xD, 0x0}}},
	{{{2093, 2240, 1938},0, {-2517, -4258},{0xC, 0x39, 0x71, 0x0}}},
	{{{1948, 4928, 26},0, {-1166, -6016},{0x72, 0x37, 0x6, 0x0}}},
	{{{2795, 3121, 278},0, {-696, -5111},{0x57, 0x5C, 0xD, 0x0}}},
	{{{1453, 4830, -1312},0, {-807, -6884},{0x4F, 0x3A, 0xAF, 0x0}}},
	{{{1948, 4928, 26},0, {-1166, -6016},{0x72, 0x37, 0x6, 0x0}}},
	{{{986, 6234, -877},0, {-1322, -6872},{0x46, 0x4A, 0xB4, 0x0}}},
	{{{0, 6504, -1043},0, {-1571, -7123},{0x0, 0x5A, 0xA6, 0x0}}},
	{{{-34, 4827, -1819},0, {-1182, -7566},{0x0, 0x38, 0x8E, 0x0}}},
	{{{-986, 6234, -877},0, {-1824, -7301},{0xBA, 0x4B, 0xB5, 0x0}}},
	{{{-1467, 4802, -1344},0, {-1821, -7782},{0xAE, 0x39, 0xB1, 0x0}}},
	{{{-1173, 6504, 0},0, {-2013, -7064},{0xA8, 0x5C, 0x1, 0x0}}},
	{{{-1952, 4827, -74},0, {-2308, -7444},{0x89, 0x2B, 0xA, 0x0}}},
	{{{-986, 6234, 877},0, {-2143, -6775},{0xB9, 0x45, 0x4F, 0x0}}},
	{{{-1394, 4796, 1191},0, {-2500, -6760},{0xAE, 0x1F, 0x5C, 0x0}}},
	{{{-2817, 2181, -595},0, {-2902, -8257},{0x89, 0x25, 0x18, 0x0}}},
	{{{-1815, 2146, 1222},0, {-3431, -6965},{0xAC, 0xC, 0x5F, 0x0}}},
	{{{-2342, -1140, 902},0, {-5136, -7584},{0xAB, 0x6, 0x5F, 0x0}}},
	{{{-50, -1188, 2107},0, {-5482, -5633},{0xD7, 0x3, 0x78, 0x0}}},
	{{{-50, -1188, 2107},0, {-5482, -5633},{0xD7, 0x3, 0x78, 0x0}}},
	{{{22, 2141, 1996},0, {-3337, -5552},{0xE7, 0xD, 0x7C, 0x0}}},
	{{{-1815, 2146, 1222},0, {-3431, -6965},{0xAC, 0xC, 0x5F, 0x0}}},
	{{{1948, -1203, 2573},0, {-5392, -3948},{0xD3, 0xB, 0x76, 0x0}}},
	{{{2093, 2240, 1938},0, {-2517, -4258},{0xC, 0x39, 0x71, 0x0}}},
	{{{3187, -1262, 3402},0, {-5373, -2474},{0xA2, 0xE, 0x55, 0x0}}},
	{{{3437, 1492, 2766},0, {-2440, -2702},{0xB1, 0x45, 0x48, 0x0}}},
	{{{3810, -1211, 4565},0, {-5372, -1099},{0x87, 0xA, 0x25, 0x0}}},
	{{{4204, 2169, 4107},0, {-1999, -1097},{0x87, 0x28, 0x4, 0x0}}},
	{{{4015, -1203, 5773},0, {-5392, 260},{0x81, 0x8, 0x0, 0x0}}},
	{{{4208, 2058, 5674},0, {-2403, 441},{0x83, 0x14, 0x7, 0x0}}},
	{{{3782, -1211, 6916},0, {-5420, 1661},{0x8B, 0xA, 0xD0, 0x0}}},
	{{{4366, 2169, 6877},0, {-1892, 1921},{0x91, 0x3D, 0xF, 0x0}}},
	{{{2916, -1268, 7991},0, {-5691, 3157},{0xAA, 0xB, 0xA3, 0x0}}},
	{{{3472, 1458, 8124},0, {-2633, 3636},{0xB2, 0x40, 0xB3, 0x0}}},
	{{{1494, -1237, 8947},0, {-6042, 4733},{0xC5, 0x8, 0x90, 0x0}}},
	{{{3472, 1458, 8124},0, {-2633, 3636},{0xB2, 0x40, 0xB3, 0x0}}},
	{{{1494, -1237, 8947},0, {-6042, 4733},{0xC5, 0x8, 0x90, 0x0}}},
	{{{1930, 1908, 9211},0, {-3072, 5375},{0xDC, 0x2C, 0x8E, 0x0}}},
	{{{-325, -1243, 9754},0, {-6405, 6335},{0xD0, 0x7, 0x8B, 0x0}}},
	{{{4937, 2378, 8518},0, {-230, 4023},{0xFA, 0x7F, 0x8, 0x0}}},
	{{{5843, 3029, 7219},0, {391, 2370},{0x0, 0x5C, 0x57, 0x0}}},
	{{{8323, 2158, 6731},0, {2876, 2093},{0x4E, 0x5C, 0x28, 0x0}}},
	{{{7359, 1427, 9408},0, {2290, 4765},{0x37, 0x6A, 0x2C, 0x0}}},
	{{{3704, 2687, 9663},0, {-930, 5521},{0x1D, 0x6D, 0xC6, 0x0}}},
	{{{1567, 3492, 9867},0, {-2304, 6430},{0xFC, 0x35, 0x8D, 0x0}}},
	{{{229, 3465, 10104},0, {-2899, 7019},{0xD1, 0x30, 0x94, 0x0}}},
	{{{701, 4279, 10410},0, {-2385, 7204},{0xDE, 0x63, 0xB8, 0x0}}},
	{{{109, 4161, 10724},0, {-2553, 7552},{0xB6, 0x64, 0xE7, 0x0}}},
	{{{-569, 3492, 10693},0, {-2998, 7720},{0xA8, 0x4E, 0xD0, 0x0}}},
	{{{502, 4279, 11121},0, {-2245, 7683},{0xD5, 0x6D, 0x32, 0x0}}},
	{{{-194, 3568, 11417},0, {-2503, 8128},{0xC1, 0x5C, 0x3C, 0x0}}},
	{{{-194, 3568, 11417},0, {-2503, 8128},{0xC1, 0x5C, 0x3C, 0x0}}},
	{{{1119, 4161, 11430},0, {-1863, 7727},{0xFB, 0x5A, 0x5A, 0x0}}},
	{{{502, 4279, 11121},0, {-2245, 7683},{0xD5, 0x6D, 0x32, 0x0}}},
	{{{992, 3493, 11895},0, {-1733, 8152},{0xFB, 0x52, 0x61, 0x0}}},
	{{{-1236, 2692, 11923},0, {-2930, 8835},{0xCD, 0x71, 0x1E, 0x0}}},
	{{{1910, 4279, 11195},0, {-1562, 7391},{0x20, 0x68, 0x41, 0x0}}},
	{{{2455, 3463, 11635},0, {-1011, 7614},{0x2B, 0x52, 0x57, 0x0}}},
	{{{2532, 4161, 10851},0, {-1341, 7034},{0x47, 0x69, 0xE, 0x0}}},
	{{{3301, 3490, 10911},0, {-778, 6866},{0x4E, 0x63, 0x13, 0x0}}},
	{{{3399, 1700, 12893},0, {160, 8599},{0x28, 0x5B, 0x4F, 0x0}}},
	{{{5223, 1881, 11222},0, {893, 6765},{0x39, 0x68, 0x2D, 0x0}}},
	{{{2794, 3567, 10198},0, {-1400, 6404},{0x34, 0x53, 0xAE, 0x0}}},
	{{{3704, 2687, 9663},0, {-930, 5521},{0x1D, 0x6D, 0xC6, 0x0}}},
	{{{7359, 1427, 9408},0, {2290, 4765},{0x37, 0x6A, 0x2C, 0x0}}},
	{{{1567, 3492, 9867},0, {-2304, 6430},{0xFC, 0x35, 0x8D, 0x0}}},
	{{{1461, 4161, 10206},0, {-2123, 6856},{0x2, 0x52, 0x9F, 0x0}}},
	{{{1567, 3492, 9867},0, {-2304, 6430},{0xFC, 0x35, 0x8D, 0x0}}},
	{{{701, 4279, 10410},0, {-2385, 7204},{0xDE, 0x63, 0xB8, 0x0}}},
	{{{1461, 4161, 10206},0, {-2123, 6856},{0x2, 0x52, 0x9F, 0x0}}},
	{{{2108, 4279, 10484},0, {-1703, 6912},{0x28, 0x6B, 0xC8, 0x0}}},
	{{{1305, 4529, 10803},0, {-1982, 7308},{0x0, 0x7F, 0x0, 0x0}}},
	{{{109, 4161, 10724},0, {-2553, 7552},{0xB6, 0x64, 0xE7, 0x0}}},
	{{{502, 4279, 11121},0, {-2245, 7683},{0xD5, 0x6D, 0x32, 0x0}}},
	{{{1910, 4279, 11195},0, {-1562, 7391},{0x20, 0x68, 0x41, 0x0}}},
	{{{1119, 4161, 11430},0, {-1863, 7727},{0xFB, 0x5A, 0x5A, 0x0}}},
	{{{2532, 4161, 10851},0, {-1341, 7034},{0x47, 0x69, 0xE, 0x0}}},
	{{{3301, 3490, 10911},0, {-778, 6866},{0x4E, 0x63, 0x13, 0x0}}},
	{{{2794, 3567, 10198},0, {-1400, 6404},{0x34, 0x53, 0xAE, 0x0}}},
	{{{5843, 3029, 7219},0, {391, 2370},{0x0, 0x5C, 0x57, 0x0}}},
	{{{4366, 2169, 6877},0, {-1892, 1921},{0x91, 0x3D, 0xF, 0x0}}},
	{{{3472, 1458, 8124},0, {-2633, 3636},{0xB2, 0x40, 0xB3, 0x0}}},
	{{{6068, 4637, 6379},0, {714, 1147},{0x13, 0x3A, 0x70, 0x0}}},
	{{{5843, 3029, 7219},0, {391, 2370},{0x0, 0x5C, 0x57, 0x0}}},
	{{{7138, 4544, 5659},0, {1634, 746},{0x5E, 0x3E, 0x3B, 0x0}}},
	{{{6068, 4637, 6379},0, {714, 1147},{0x13, 0x3A, 0x70, 0x0}}},
	{{{8323, 2158, 6731},0, {2876, 2093},{0x4E, 0x5C, 0x28, 0x0}}},
	{{{7307, 4535, 3857},0, {1970, -388},{0x6E, 0x3D, 0xEC, 0x0}}},
	{{{8859, 2057, 3457},0, {3653, -546},{0x5E, 0x54, 0xEF, 0x0}}},
	{{{6634, 4545, 2498},0, {1612, -1342},{0x63, 0x3E, 0xCE, 0x0}}},
	{{{7301, 2168, 795},0, {2770, -2935},{0x31, 0x64, 0xC2, 0x0}}},
	{{{6367, 5790, 3288},0, {1274, -739},{0x23, 0x55, 0xA8, 0x0}}},
	{{{6639, 6028, 4200},0, {1325, -249},{0x56, 0x5C, 0xED, 0x0}}},
	{{{5861, 6528, 4682},0, {916, -123},{0xFC, 0x7F, 0x0, 0x0}}},
	{{{5720, 6028, 3693},0, {859, -585},{0xCF, 0x5C, 0xB7, 0x0}}},
	{{{6634, 4545, 2498},0, {1612, -1342},{0xD5, 0x3C, 0x98, 0x0}}},
	{{{5590, 4637, 2989},0, {642, -1222},{0xB1, 0x34, 0xAB, 0x0}}},
	{{{5194, 3030, 2201},0, {289, -2276},{0xBD, 0x5B, 0xC6, 0x0}}},
	{{{4774, 4544, 4334},0, {-294, -526},{0x8B, 0x23, 0xDD, 0x0}}},
	{{{5194, 3030, 2201},0, {289, -2276},{0xBD, 0x5B, 0xC6, 0x0}}},
	{{{4204, 2169, 4107},0, {-1999, -1097},{0x87, 0x28, 0x4, 0x0}}},
	{{{4774, 4544, 4334},0, {-294, -526},{0x8B, 0x23, 0xDD, 0x0}}},
	{{{4564, 4535, 5481},0, {-554, 292},{0x87, 0x23, 0x11, 0x0}}},
	{{{4208, 2058, 5674},0, {-2403, 441},{0x83, 0x14, 0x7, 0x0}}},
	{{{4984, 4544, 6214},0, {-200, 955},{0xB2, 0x31, 0x58, 0x0}}},
	{{{4366, 2169, 6877},0, {-1892, 1921},{0x91, 0x3D, 0xF, 0x0}}},
	{{{6068, 4637, 6379},0, {714, 1147},{0x13, 0x3A, 0x70, 0x0}}},
	{{{6003, 6028, 5671},0, {856, 384},{0x19, 0x5C, 0x53, 0x0}}},
	{{{6671, 5790, 5259},0, {1262, 283},{0x5D, 0x49, 0x2F, 0x0}}},
	{{{7138, 4544, 5659},0, {1634, 746},{0x5E, 0x3E, 0x3B, 0x0}}},
	{{{6639, 6028, 4200},0, {1325, -249},{0x56, 0x5C, 0xED, 0x0}}},
	{{{7307, 4535, 3857},0, {1970, -388},{0x6E, 0x3D, 0xEC, 0x0}}},
	{{{5861, 6528, 4682},0, {916, -123},{0xFC, 0x7F, 0x0, 0x0}}},
	{{{5291, 5790, 5779},0, {406, 436},{0xC7, 0x49, 0x57, 0x0}}},
	{{{5084, 6028, 5165},0, {391, 48},{0xA5, 0x56, 0x14, 0x0}}},
	{{{5720, 6028, 3693},0, {859, -585},{0xCF, 0x5C, 0xB7, 0x0}}},
	{{{5084, 6028, 5165},0, {391, 48},{0xA5, 0x56, 0x14, 0x0}}},
	{{{5861, 6528, 4682},0, {916, -123},{0xFC, 0x7F, 0x0, 0x0}}},
	{{{5116, 5790, 4402},0, {377, -338},{0x98, 0x3C, 0xD7, 0x0}}},
	{{{5590, 4637, 2989},0, {642, -1222},{0xB1, 0x34, 0xAB, 0x0}}},
	{{{4774, 4544, 4334},0, {-294, -526},{0x8B, 0x23, 0xDD, 0x0}}},
	{{{4564, 4535, 5481},0, {-554, 292},{0x87, 0x23, 0x11, 0x0}}},
	{{{5291, 5790, 5779},0, {406, 436},{0xC7, 0x49, 0x57, 0x0}}},
	{{{4984, 4544, 6214},0, {-200, 955},{0xB2, 0x31, 0x58, 0x0}}},
	{{{6003, 6028, 5671},0, {856, 384},{0x19, 0x5C, 0x53, 0x0}}},
	{{{0, 6504, -1043},0, {-1571, -7123},{0x0, 0x5A, 0xA6, 0x0}}},
	{{{-986, 6234, -877},0, {-1824, -7301},{0xBA, 0x4B, 0xB5, 0x0}}},
	{{{-1173, 6504, 0},0, {-2013, -7064},{0xA8, 0x5C, 0x1, 0x0}}},
	{{{0, 7072, 0},0, {-1787, -6840},{0x0, 0x7F, 0x0, 0x0}}},
	{{{-986, 6234, 877},0, {-2143, -6775},{0xB9, 0x45, 0x4F, 0x0}}},
	{{{0, 6504, 1043},0, {-1967, -6491},{0xFF, 0x57, 0x5D, 0x0}}},
	{{{-1394, 4796, 1191},0, {-2500, -6760},{0xAE, 0x1F, 0x5C, 0x0}}},
	{{{0, 6504, 1043},0, {-1967, -6491},{0xFF, 0x57, 0x5D, 0x0}}},
	{{{-986, 6234, 877},0, {-2143, -6775},{0xB9, 0x45, 0x4F, 0x0}}},
	{{{8, 4823, 1675},0, {-2311, -5985},{0xF7, 0x1E, 0x7B, 0x0}}},
	{{{-1815, 2146, 1222},0, {-3431, -6965},{0xAC, 0xC, 0x5F, 0x0}}},
	{{{22, 2141, 1996},0, {-3337, -5552},{0xE7, 0xD, 0x7C, 0x0}}},
	{{{1422, 4831, 1270},0, {-1817, -5558},{0x47, 0x2D, 0x60, 0x0}}},
	{{{2093, 2240, 1938},0, {-2517, -4258},{0xC, 0x39, 0x71, 0x0}}},
	{{{1948, 4928, 26},0, {-1166, -6016},{0x72, 0x37, 0x6, 0x0}}},
	{{{1173, 6504, 0},0, {-1526, -6550},{0x57, 0x5D, 0x0, 0x0}}},
	{{{986, 6234, -877},0, {-1322, -6872},{0x46, 0x4A, 0xB4, 0x0}}},
	{{{0, 7072, 0},0, {-1787, -6840},{0x0, 0x7F, 0x0, 0x0}}},
	{{{0, 6504, -1043},0, {-1571, -7123},{0x0, 0x5A, 0xA6, 0x0}}},
	{{{986, 6234, 877},0, {-1753, -6218},{0x45, 0x48, 0x4F, 0x0}}},
};

Gfx wmotr_dl_Cube_001_mesh_layer_1_tri_0[] = {
	gsSPVertex(wmotr_dl_Cube_001_mesh_layer_1_vtx_0 + 0, 16, 0),
	gsSP1Triangle(0, 1, 2, 0),
	gsSP1Triangle(0, 3, 1, 0),
	gsSP1Triangle(4, 3, 0, 0),
	gsSP1Triangle(5, 4, 0, 0),
	gsSP1Triangle(5, 0, 6, 0),
	gsSP1Triangle(6, 0, 7, 0),
	gsSP1Triangle(6, 7, 8, 0),
	gsSP1Triangle(9, 6, 8, 0),
	gsSP1Triangle(9, 8, 10, 0),
	gsSP1Triangle(11, 9, 10, 0),
	gsSP1Triangle(11, 10, 12, 0),
	gsSP1Triangle(13, 11, 12, 0),
	gsSP1Triangle(13, 12, 14, 0),
	gsSP1Triangle(15, 13, 14, 0),
	gsSPVertex(wmotr_dl_Cube_001_mesh_layer_1_vtx_0 + 16, 16, 0),
	gsSP1Triangle(0, 1, 2, 0),
	gsSP1Triangle(3, 0, 2, 0),
	gsSP1Triangle(3, 2, 4, 0),
	gsSP1Triangle(5, 3, 4, 0),
	gsSP1Triangle(5, 4, 6, 0),
	gsSP1Triangle(7, 5, 6, 0),
	gsSP1Triangle(7, 6, 8, 0),
	gsSP1Triangle(9, 7, 8, 0),
	gsSP1Triangle(9, 8, 10, 0),
	gsSP1Triangle(11, 9, 10, 0),
	gsSP1Triangle(11, 10, 12, 0),
	gsSP1Triangle(13, 11, 12, 0),
	gsSP1Triangle(13, 12, 14, 0),
	gsSP1Triangle(15, 13, 14, 0),
	gsSPVertex(wmotr_dl_Cube_001_mesh_layer_1_vtx_0 + 32, 16, 0),
	gsSP1Triangle(0, 1, 2, 0),
	gsSP1Triangle(3, 4, 0, 0),
	gsSP1Triangle(3, 5, 4, 0),
	gsSP1Triangle(3, 6, 5, 0),
	gsSP1Triangle(3, 7, 6, 0),
	gsSP1Triangle(8, 7, 3, 0),
	gsSP1Triangle(8, 3, 9, 0),
	gsSP1Triangle(8, 9, 10, 0),
	gsSP1Triangle(10, 9, 11, 0),
	gsSP1Triangle(10, 11, 12, 0),
	gsSP1Triangle(13, 10, 12, 0),
	gsSP1Triangle(13, 12, 14, 0),
	gsSP1Triangle(15, 13, 14, 0),
	gsSPVertex(wmotr_dl_Cube_001_mesh_layer_1_vtx_0 + 48, 16, 0),
	gsSP1Triangle(0, 1, 2, 0),
	gsSP1Triangle(3, 0, 2, 0),
	gsSP1Triangle(3, 2, 4, 0),
	gsSP1Triangle(5, 3, 4, 0),
	gsSP1Triangle(5, 4, 6, 0),
	gsSP1Triangle(7, 5, 6, 0),
	gsSP1Triangle(7, 6, 8, 0),
	gsSP1Triangle(9, 7, 8, 0),
	gsSP1Triangle(9, 8, 10, 0),
	gsSP1Triangle(11, 9, 10, 0),
	gsSP1Triangle(11, 10, 12, 0),
	gsSP1Triangle(13, 11, 12, 0),
	gsSP1Triangle(13, 12, 14, 0),
	gsSP1Triangle(15, 13, 14, 0),
	gsSPVertex(wmotr_dl_Cube_001_mesh_layer_1_vtx_0 + 64, 16, 0),
	gsSP1Triangle(0, 1, 2, 0),
	gsSP1Triangle(3, 0, 2, 0),
	gsSP1Triangle(3, 2, 4, 0),
	gsSP1Triangle(5, 3, 4, 0),
	gsSP1Triangle(5, 4, 6, 0),
	gsSP1Triangle(7, 5, 6, 0),
	gsSP1Triangle(7, 6, 8, 0),
	gsSP1Triangle(9, 7, 8, 0),
	gsSP1Triangle(9, 8, 10, 0),
	gsSP1Triangle(11, 9, 10, 0),
	gsSP1Triangle(11, 10, 12, 0),
	gsSP1Triangle(13, 9, 11, 0),
	gsSP1Triangle(13, 14, 9, 0),
	gsSP1Triangle(13, 15, 14, 0),
	gsSPVertex(wmotr_dl_Cube_001_mesh_layer_1_vtx_0 + 80, 16, 0),
	gsSP1Triangle(0, 1, 2, 0),
	gsSP1Triangle(3, 1, 0, 0),
	gsSP1Triangle(3, 0, 4, 0),
	gsSP1Triangle(3, 5, 1, 0),
	gsSP1Triangle(6, 5, 3, 0),
	gsSP1Triangle(6, 7, 5, 0),
	gsSP1Triangle(8, 7, 6, 0),
	gsSP1Triangle(8, 6, 9, 0),
	gsSP1Triangle(8, 9, 10, 0),
	gsSP1Triangle(11, 8, 10, 0),
	gsSP1Triangle(11, 10, 12, 0),
	gsSP1Triangle(13, 11, 12, 0),
	gsSP1Triangle(13, 12, 14, 0),
	gsSP1Triangle(15, 13, 14, 0),
	gsSPVertex(wmotr_dl_Cube_001_mesh_layer_1_vtx_0 + 96, 16, 0),
	gsSP1Triangle(0, 1, 2, 0),
	gsSP1Triangle(3, 0, 2, 0),
	gsSP1Triangle(3, 2, 4, 0),
	gsSP1Triangle(5, 3, 4, 0),
	gsSP1Triangle(5, 4, 6, 0),
	gsSP1Triangle(7, 5, 6, 0),
	gsSP1Triangle(7, 6, 8, 0),
	gsSP1Triangle(9, 7, 8, 0),
	gsSP1Triangle(9, 8, 10, 0),
	gsSP1Triangle(11, 9, 10, 0),
	gsSP1Triangle(11, 10, 12, 0),
	gsSP1Triangle(13, 11, 12, 0),
	gsSP1Triangle(13, 12, 14, 0),
	gsSP1Triangle(13, 15, 11, 0),
	gsSPVertex(wmotr_dl_Cube_001_mesh_layer_1_vtx_0 + 112, 16, 0),
	gsSP1Triangle(0, 1, 2, 0),
	gsSP1Triangle(1, 3, 2, 0),
	gsSP1Triangle(1, 4, 3, 0),
	gsSP1Triangle(5, 4, 1, 0),
	gsSP1Triangle(5, 6, 4, 0),
	gsSP1Triangle(7, 6, 5, 0),
	gsSP1Triangle(8, 7, 5, 0),
	gsSP1Triangle(9, 7, 8, 0),
	gsSP1Triangle(9, 8, 10, 0),
	gsSP1Triangle(9, 10, 11, 0),
	gsSP1Triangle(12, 9, 11, 0),
	gsSP1Triangle(12, 11, 13, 0),
	gsSP1Triangle(14, 12, 13, 0),
	gsSP1Triangle(14, 13, 15, 0),
	gsSPVertex(wmotr_dl_Cube_001_mesh_layer_1_vtx_0 + 128, 16, 0),
	gsSP1Triangle(0, 1, 2, 0),
	gsSP1Triangle(0, 2, 3, 0),
	gsSP1Triangle(4, 0, 3, 0),
	gsSP1Triangle(4, 3, 5, 0),
	gsSP1Triangle(6, 4, 5, 0),
	gsSP1Triangle(6, 5, 7, 0),
	gsSP1Triangle(8, 6, 7, 0),
	gsSP1Triangle(8, 7, 9, 0),
	gsSP1Triangle(10, 8, 9, 0),
	gsSP1Triangle(10, 9, 11, 0),
	gsSP1Triangle(12, 10, 11, 0),
	gsSP1Triangle(12, 11, 13, 0),
	gsSP1Triangle(14, 12, 13, 0),
	gsSP1Triangle(14, 13, 15, 0),
	gsSPVertex(wmotr_dl_Cube_001_mesh_layer_1_vtx_0 + 144, 16, 0),
	gsSP1Triangle(0, 1, 2, 0),
	gsSP1Triangle(0, 2, 3, 0),
	gsSP1Triangle(4, 0, 3, 0),
	gsSP1Triangle(4, 3, 5, 0),
	gsSP1Triangle(6, 4, 5, 0),
	gsSP1Triangle(6, 5, 7, 0),
	gsSP1Triangle(8, 4, 6, 0),
	gsSP1Triangle(9, 4, 8, 0),
	gsSP1Triangle(10, 9, 8, 0),
	gsSP1Triangle(10, 8, 11, 0),
	gsSP1Triangle(11, 8, 12, 0),
	gsSP1Triangle(8, 6, 12, 0),
	gsSP1Triangle(11, 12, 13, 0),
	gsSP1Triangle(14, 13, 12, 0),
	gsSP1Triangle(14, 15, 13, 0),
	gsSPVertex(wmotr_dl_Cube_001_mesh_layer_1_vtx_0 + 160, 16, 0),
	gsSP1Triangle(0, 1, 2, 0),
	gsSP1Triangle(0, 3, 1, 0),
	gsSP1Triangle(4, 3, 0, 0),
	gsSP1Triangle(4, 5, 3, 0),
	gsSP1Triangle(6, 5, 4, 0),
	gsSP1Triangle(7, 6, 4, 0),
	gsSP1Triangle(8, 6, 7, 0),
	gsSP1Triangle(8, 9, 6, 0),
	gsSP1Triangle(10, 9, 8, 0),
	gsSP1Triangle(10, 11, 9, 0),
	gsSP1Triangle(12, 11, 10, 0),
	gsSP1Triangle(12, 13, 11, 0),
	gsSP1Triangle(14, 13, 12, 0),
	gsSP1Triangle(14, 15, 13, 0),
	gsSPVertex(wmotr_dl_Cube_001_mesh_layer_1_vtx_0 + 176, 16, 0),
	gsSP1Triangle(0, 1, 2, 0),
	gsSP1Triangle(0, 3, 1, 0),
	gsSP1Triangle(4, 3, 0, 0),
	gsSP1Triangle(4, 5, 3, 0),
	gsSP1Triangle(6, 5, 4, 0),
	gsSP1Triangle(6, 7, 5, 0),
	gsSP1Triangle(8, 7, 6, 0),
	gsSP1Triangle(8, 9, 7, 0),
	gsSP1Triangle(9, 10, 7, 0),
	gsSP1Triangle(9, 11, 10, 0),
	gsSP1Triangle(11, 12, 10, 0),
	gsSP1Triangle(11, 13, 12, 0),
	gsSP1Triangle(13, 11, 14, 0),
	gsSP1Triangle(11, 15, 14, 0),
	gsSPVertex(wmotr_dl_Cube_001_mesh_layer_1_vtx_0 + 192, 16, 0),
	gsSP1Triangle(0, 1, 2, 0),
	gsSP1Triangle(1, 3, 2, 0),
	gsSP1Triangle(1, 4, 3, 0),
	gsSP1Triangle(4, 5, 3, 0),
	gsSP1Triangle(4, 6, 5, 0),
	gsSP1Triangle(7, 6, 4, 0),
	gsSP1Triangle(8, 6, 7, 0),
	gsSP1Triangle(9, 8, 7, 0),
	gsSP1Triangle(10, 8, 9, 0),
	gsSP1Triangle(10, 11, 8, 0),
	gsSP1Triangle(12, 11, 10, 0),
	gsSP1Triangle(12, 13, 11, 0),
	gsSP1Triangle(13, 12, 14, 0),
	gsSP1Triangle(13, 14, 15, 0),
	gsSPVertex(wmotr_dl_Cube_001_mesh_layer_1_vtx_0 + 208, 16, 0),
	gsSP1Triangle(0, 1, 2, 0),
	gsSP1Triangle(0, 2, 3, 0),
	gsSP1Triangle(3, 2, 4, 0),
	gsSP1Triangle(3, 4, 5, 0),
	gsSP1Triangle(5, 4, 6, 0),
	gsSP1Triangle(5, 6, 7, 0),
	gsSP1Triangle(7, 6, 8, 0),
	gsSP1Triangle(7, 8, 9, 0),
	gsSP1Triangle(9, 8, 10, 0),
	gsSP1Triangle(9, 10, 11, 0),
	gsSP1Triangle(11, 10, 12, 0),
	gsSP1Triangle(11, 12, 13, 0),
	gsSP1Triangle(13, 12, 14, 0),
	gsSP1Triangle(13, 14, 15, 0),
	gsSPVertex(wmotr_dl_Cube_001_mesh_layer_1_vtx_0 + 224, 16, 0),
	gsSP1Triangle(0, 1, 2, 0),
	gsSP1Triangle(3, 4, 0, 0),
	gsSP1Triangle(5, 4, 3, 0),
	gsSP1Triangle(5, 3, 6, 0),
	gsSP1Triangle(3, 7, 6, 0),
	gsSP1Triangle(3, 8, 7, 0),
	gsSP1Triangle(3, 0, 8, 0),
	gsSP1Triangle(8, 9, 7, 0),
	gsSP1Triangle(8, 10, 9, 0),
	gsSP1Triangle(10, 8, 11, 0),
	gsSP1Triangle(10, 11, 12, 0),
	gsSP1Triangle(12, 11, 13, 0),
	gsSP1Triangle(12, 13, 14, 0),
	gsSP1Triangle(15, 12, 14, 0),
	gsSPVertex(wmotr_dl_Cube_001_mesh_layer_1_vtx_0 + 240, 16, 0),
	gsSP1Triangle(0, 1, 2, 0),
	gsSP1Triangle(3, 4, 0, 0),
	gsSP1Triangle(3, 5, 4, 0),
	gsSP1Triangle(5, 3, 6, 0),
	gsSP1Triangle(3, 7, 6, 0),
	gsSP1Triangle(3, 8, 7, 0),
	gsSP1Triangle(9, 8, 3, 0),
	gsSP1Triangle(9, 3, 10, 0),
	gsSP1Triangle(10, 3, 0, 0),
	gsSP1Triangle(11, 8, 9, 0),
	gsSP1Triangle(11, 12, 8, 0),
	gsSP1Triangle(13, 12, 11, 0),
	gsSP1Triangle(13, 14, 12, 0),
	gsSP1Triangle(15, 14, 13, 0),
	gsSPVertex(wmotr_dl_Cube_001_mesh_layer_1_vtx_0 + 256, 16, 0),
	gsSP1Triangle(0, 1, 2, 0),
	gsSP1Triangle(3, 1, 0, 0),
	gsSP1Triangle(3, 4, 1, 0),
	gsSP1Triangle(5, 4, 3, 0),
	gsSP1Triangle(5, 6, 4, 0),
	gsSP1Triangle(7, 6, 5, 0),
	gsSP1Triangle(7, 8, 6, 0),
	gsSP1Triangle(8, 9, 6, 0),
	gsSP1Triangle(8, 10, 9, 0),
	gsSP1Triangle(10, 11, 9, 0),
	gsSP1Triangle(10, 12, 11, 0),
	gsSP1Triangle(13, 12, 10, 0),
	gsSP1Triangle(13, 14, 12, 0),
	gsSP1Triangle(14, 13, 15, 0),
	gsSPVertex(wmotr_dl_Cube_001_mesh_layer_1_vtx_0 + 272, 16, 0),
	gsSP1Triangle(0, 1, 2, 0),
	gsSP1Triangle(2, 1, 3, 0),
	gsSP1Triangle(1, 4, 3, 0),
	gsSP1Triangle(1, 5, 4, 0),
	gsSP1Triangle(5, 6, 4, 0),
	gsSP1Triangle(5, 7, 6, 0),
	gsSP1Triangle(7, 8, 6, 0),
	gsSP1Triangle(7, 9, 8, 0),
	gsSP1Triangle(9, 10, 8, 0),
	gsSP1Triangle(9, 11, 10, 0),
	gsSP1Triangle(12, 11, 9, 0),
	gsSP1Triangle(12, 13, 11, 0),
	gsSP1Triangle(14, 13, 12, 0),
	gsSP1Triangle(15, 13, 14, 0),
	gsSPVertex(wmotr_dl_Cube_001_mesh_layer_1_vtx_0 + 288, 16, 0),
	gsSP1Triangle(0, 1, 2, 0),
	gsSP1Triangle(3, 1, 0, 0),
	gsSP1Triangle(3, 4, 1, 0),
	gsSP1Triangle(4, 3, 5, 0),
	gsSP1Triangle(4, 5, 6, 0),
	gsSP1Triangle(6, 5, 7, 0),
	gsSP1Triangle(6, 7, 8, 0),
	gsSP1Triangle(8, 7, 9, 0),
	gsSP1Triangle(8, 9, 10, 0),
	gsSP1Triangle(10, 9, 11, 0),
	gsSP1Triangle(10, 11, 12, 0),
	gsSP1Triangle(12, 11, 13, 0),
	gsSP1Triangle(12, 13, 14, 0),
	gsSP1Triangle(14, 13, 15, 0),
	gsSPVertex(wmotr_dl_Cube_001_mesh_layer_1_vtx_0 + 304, 16, 0),
	gsSP1Triangle(0, 1, 2, 0),
	gsSP1Triangle(2, 1, 3, 0),
	gsSP1Triangle(4, 0, 2, 0),
	gsSP1Triangle(5, 0, 4, 0),
	gsSP1Triangle(6, 5, 4, 0),
	gsSP1Triangle(6, 4, 7, 0),
	gsSP1Triangle(7, 4, 8, 0),
	gsSP1Triangle(4, 2, 8, 0),
	gsSP1Triangle(8, 2, 9, 0),
	gsSP1Triangle(2, 10, 9, 0),
	gsSP1Triangle(9, 10, 11, 0),
	gsSP1Triangle(10, 12, 11, 0),
	gsSP1Triangle(10, 13, 12, 0),
	gsSP1Triangle(13, 14, 12, 0),
	gsSP1Triangle(13, 15, 14, 0),
	gsSPVertex(wmotr_dl_Cube_001_mesh_layer_1_vtx_0 + 320, 16, 0),
	gsSP1Triangle(0, 1, 2, 0),
	gsSP1Triangle(0, 3, 1, 0),
	gsSP1Triangle(4, 3, 0, 0),
	gsSP1Triangle(3, 5, 1, 0),
	gsSP1Triangle(3, 6, 5, 0),
	gsSP1Triangle(6, 7, 5, 0),
	gsSP1Triangle(6, 8, 7, 0),
	gsSP1Triangle(9, 8, 6, 0),
	gsSP1Triangle(9, 10, 8, 0),
	gsSP1Triangle(10, 11, 8, 0),
	gsSP1Triangle(10, 12, 11, 0),
	gsSP1Triangle(13, 12, 10, 0),
	gsSP1Triangle(12, 14, 11, 0),
	gsSP1Triangle(11, 14, 15, 0),
	gsSPVertex(wmotr_dl_Cube_001_mesh_layer_1_vtx_0 + 336, 16, 0),
	gsSP1Triangle(0, 1, 2, 0),
	gsSP1Triangle(3, 2, 1, 0),
	gsSP1Triangle(3, 1, 4, 0),
	gsSP1Triangle(4, 1, 5, 0),
	gsSP1Triangle(4, 5, 6, 0),
	gsSP1Triangle(7, 4, 6, 0),
	gsSP1Triangle(7, 6, 8, 0),
	gsSP1Triangle(9, 4, 7, 0),
	gsSP1Triangle(9, 3, 4, 0),
	gsSP1Triangle(10, 3, 9, 0),
	gsSP1Triangle(10, 11, 3, 0),
	gsSP1Triangle(11, 2, 3, 0),
	gsSP1Triangle(12, 13, 14, 0),
	gsSP1Triangle(13, 12, 15, 0),
	gsSPVertex(wmotr_dl_Cube_001_mesh_layer_1_vtx_0 + 352, 16, 0),
	gsSP1Triangle(0, 1, 2, 0),
	gsSP1Triangle(0, 3, 1, 0),
	gsSP1Triangle(3, 4, 1, 0),
	gsSP1Triangle(3, 5, 4, 0),
	gsSP1Triangle(5, 6, 4, 0),
	gsSP1Triangle(5, 7, 6, 0),
	gsSP1Triangle(4, 6, 8, 0),
	gsSP1Triangle(4, 8, 9, 0),
	gsSP1Triangle(8, 10, 9, 0),
	gsSP1Triangle(8, 11, 10, 0),
	gsSP1Triangle(12, 11, 8, 0),
	gsSP1Triangle(12, 13, 11, 0),
	gsSP1Triangle(7, 13, 12, 0),
	gsSP1Triangle(7, 14, 13, 0),
	gsSP1Triangle(14, 15, 13, 0),
	gsSPVertex(wmotr_dl_Cube_001_mesh_layer_1_vtx_0 + 368, 16, 0),
	gsSP1Triangle(0, 1, 2, 0),
	gsSP1Triangle(1, 3, 2, 0),
	gsSP1Triangle(1, 4, 3, 0),
	gsSP1Triangle(4, 5, 3, 0),
	gsSP1Triangle(4, 6, 5, 0),
	gsSP1Triangle(6, 7, 5, 0),
	gsSP1Triangle(5, 7, 8, 0),
	gsSP1Triangle(7, 9, 8, 0),
	gsSP1Triangle(7, 10, 9, 0),
	gsSP1Triangle(10, 11, 9, 0),
	gsSP1Triangle(10, 12, 11, 0),
	gsSP1Triangle(11, 8, 9, 0),
	gsSP1Triangle(11, 13, 8, 0),
	gsSP1Triangle(13, 14, 8, 0),
	gsSP1Triangle(13, 15, 14, 0),
	gsSPVertex(wmotr_dl_Cube_001_mesh_layer_1_vtx_0 + 384, 16, 0),
	gsSP1Triangle(0, 1, 2, 0),
	gsSP1Triangle(0, 3, 1, 0),
	gsSP1Triangle(4, 3, 0, 0),
	gsSP1Triangle(4, 5, 3, 0),
	gsSP1Triangle(5, 1, 3, 0),
	gsSP1Triangle(5, 6, 1, 0),
	gsSP1Triangle(6, 7, 1, 0),
	gsSP1Triangle(6, 8, 7, 0),
	gsSP1Triangle(8, 9, 7, 0),
	gsSP1Triangle(10, 11, 12, 0),
	gsSP1Triangle(10, 12, 13, 0),
	gsSP1Triangle(13, 12, 14, 0),
	gsSP1Triangle(13, 14, 15, 0),
	gsSPVertex(wmotr_dl_Cube_001_mesh_layer_1_vtx_0 + 400, 14, 0),
	gsSP1Triangle(0, 1, 2, 0),
	gsSP1Triangle(0, 3, 1, 0),
	gsSP1Triangle(4, 3, 0, 0),
	gsSP1Triangle(4, 5, 3, 0),
	gsSP1Triangle(5, 6, 3, 0),
	gsSP1Triangle(5, 7, 6, 0),
	gsSP1Triangle(7, 8, 6, 0),
	gsSP1Triangle(6, 8, 9, 0),
	gsSP1Triangle(8, 10, 9, 0),
	gsSP1Triangle(10, 11, 9, 0),
	gsSP1Triangle(10, 12, 11, 0),
	gsSP1Triangle(9, 11, 1, 0),
	gsSP1Triangle(9, 1, 13, 0),
	gsSP1Triangle(3, 13, 1, 0),
	gsSP1Triangle(3, 6, 13, 0),
	gsSP1Triangle(6, 9, 13, 0),
	gsSPEndDisplayList(),
};

Gfx mat_wmotr_dl_rock2_layer1[] = {
	gsDPPipeSync(),
	gsDPSetCombineLERP(ENVIRONMENT, PRIMITIVE, TEXEL1_ALPHA, 0, 0, 0, 0, ENVIRONMENT, 1, 0, COMBINED, TEXEL1, 0, 0, 0, COMBINED),
	gsDPSetCycleType(G_CYC_2CYCLE),
	gsDPSetRenderMode(G_RM_NOOP, G_RM_AA_ZB_OPA_SURF2),
	gsSPTexture(65535, 65535, 0, 0, 1),
	gsDPTileSync(),
	gsDPSetTextureImage(G_IM_FMT_RGBA, G_IM_SIZ_16b_LOAD_BLOCK, 1, wmotr_dl__0E00F010_rgba16),
	gsDPSetTile(G_IM_FMT_RGBA, G_IM_SIZ_16b_LOAD_BLOCK, 0, 0, 7, 0, G_TX_WRAP | G_TX_NOMIRROR, 5, 0, G_TX_WRAP | G_TX_NOMIRROR, 5, 0),
	gsDPLoadSync(),
	gsDPLoadBlock(7, 0, 0, 1023, 256),
	gsDPPipeSync(),
	gsDPSetTile(G_IM_FMT_RGBA, G_IM_SIZ_16b, 8, 0, 0, 0, G_TX_WRAP | G_TX_NOMIRROR, 5, 0, G_TX_WRAP | G_TX_NOMIRROR, 5, 0),
	gsDPSetTileSize(0, 0, 0, 124, 124),
	gsDPTileSync(),
	gsDPSetTextureImage(G_IM_FMT_IA, G_IM_SIZ_8b_LOAD_BLOCK, 1, wmotr_dl_AdvGgtDimInd01_ia8),
	gsDPSetTile(G_IM_FMT_IA, G_IM_SIZ_8b_LOAD_BLOCK, 0, 256, 6, 0, G_TX_WRAP | G_TX_NOMIRROR, 6, 0, G_TX_WRAP | G_TX_NOMIRROR, 5, 0),
	gsDPLoadSync(),
	gsDPLoadBlock(6, 0, 0, 1023, 512),
	gsDPPipeSync(),
	gsDPSetTile(G_IM_FMT_IA, G_IM_SIZ_8b, 4, 256, 1, 0, G_TX_WRAP | G_TX_NOMIRROR, 6, 0, G_TX_WRAP | G_TX_NOMIRROR, 5, 0),
	gsDPSetTileSize(1, 0, 0, 124, 252),
	gsDPSetPrimColor(0, 0, 255, 255, 255, 255),
	gsDPSetEnvColor(219, 255, 163, 255),
	gsSPEndDisplayList(),
};

Gfx mat_revert_wmotr_dl_rock2_layer1[] = {
	gsDPPipeSync(),
	gsDPSetCycleType(G_CYC_1CYCLE),
	gsDPSetRenderMode(G_RM_AA_ZB_OPA_SURF, G_RM_AA_ZB_OPA_SURF2),
	gsSPEndDisplayList(),
};

Gfx mat_wmotr_dl_grassy_layer1[] = {
	gsDPPipeSync(),
	gsDPSetCombineLERP(ENVIRONMENT, PRIMITIVE, SHADE_ALPHA, PRIMITIVE, 0, 0, 0, ENVIRONMENT, TEXEL0, 0, COMBINED, 0, 0, 0, 0, COMBINED),
	gsSPClearGeometryMode(G_LIGHTING),
	gsDPSetCycleType(G_CYC_2CYCLE),
	gsDPSetRenderMode(G_RM_NOOP, G_RM_AA_ZB_OPA_SURF2),
	gsSPTexture(65535, 65535, 0, 0, 1),
	gsDPTileSync(),
	gsDPSetTextureImage(G_IM_FMT_I, G_IM_SIZ_8b_LOAD_BLOCK, 1, wmotr_dl_gen_i8),
	gsDPSetTile(G_IM_FMT_I, G_IM_SIZ_8b_LOAD_BLOCK, 0, 0, 6, 0, G_TX_WRAP | G_TX_NOMIRROR, 6, 0, G_TX_WRAP | G_TX_NOMIRROR, 6, 0),
	gsDPLoadSync(),
	gsDPLoadBlock(6, 0, 0, 2047, 256),
	gsDPPipeSync(),
	gsDPSetTile(G_IM_FMT_I, G_IM_SIZ_8b, 8, 0, 1, 0, G_TX_WRAP | G_TX_NOMIRROR, 6, 0, G_TX_WRAP | G_TX_NOMIRROR, 6, 0),
	gsDPSetTileSize(1, 0, 0, 252, 252),
	gsDPSetPrimColor(0, 0, 182, 113, 53, 255),
	gsDPSetEnvColor(20, 255, 104, 255),
	gsSPEndDisplayList(),
};

Gfx mat_revert_wmotr_dl_grassy_layer1[] = {
	gsDPPipeSync(),
	gsSPSetGeometryMode(G_LIGHTING),
	gsDPSetCycleType(G_CYC_1CYCLE),
	gsDPSetRenderMode(G_RM_AA_ZB_OPA_SURF, G_RM_AA_ZB_OPA_SURF2),
	gsSPEndDisplayList(),
};

Gfx mat_wmotr_dl_nice[] = {
	gsDPPipeSync(),
	gsDPSetCombineLERP(TEXEL0, 0, SHADE, 0, 0, 0, 0, ENVIRONMENT, TEXEL0, 0, SHADE, 0, 0, 0, 0, ENVIRONMENT),
	gsSPTexture(65535, 65535, 0, 0, 1),
	gsDPSetTextureLUT(G_TT_RGBA16),
	gsDPSetTextureImage(G_IM_FMT_RGBA, G_IM_SIZ_16b, 1, wmotr_dl_BORDER_1_ci4_pal_rgba16),
	gsDPTileSync(),
	gsDPSetTile(0, 0, 0, 256, 7, 0, G_TX_WRAP | G_TX_NOMIRROR, 0, 0, G_TX_WRAP | G_TX_NOMIRROR, 0, 0),
	gsDPLoadSync(),
	gsDPLoadTLUTCmd(7, 15),
	gsDPPipeSync(),
	gsDPTileSync(),
	gsDPSetTextureImage(G_IM_FMT_CI, G_IM_SIZ_16b, 1, wmotr_dl_BORDER_1_ci4),
	gsDPSetTile(G_IM_FMT_CI, G_IM_SIZ_16b, 0, 0, 7, 0, G_TX_WRAP | G_TX_NOMIRROR, 5, 0, G_TX_WRAP | G_TX_NOMIRROR, 7, 0),
	gsDPLoadSync(),
	gsDPLoadBlock(7, 0, 0, 1023, 256),
	gsDPPipeSync(),
	gsDPSetTile(G_IM_FMT_CI, G_IM_SIZ_4b, 8, 0, 0, 0, G_TX_WRAP | G_TX_NOMIRROR, 5, 0, G_TX_WRAP | G_TX_NOMIRROR, 7, 0),
	gsDPSetTileSize(0, 0, 0, 508, 124),
	gsSPSetLights1(wmotr_dl_nice_lights),
	gsSPEndDisplayList(),
};

Gfx mat_revert_wmotr_dl_nice[] = {
	gsDPPipeSync(),
	gsDPSetTextureLUT(G_TT_NONE),
	gsSPEndDisplayList(),
};

Gfx mat_wmotr_dl_rock[] = {
	gsDPPipeSync(),
	gsDPSetCombineLERP(TEXEL0, 0, SHADE, 0, 0, 0, 0, ENVIRONMENT, TEXEL0, 0, SHADE, 0, 0, 0, 0, ENVIRONMENT),
	gsSPTexture(65535, 65535, 0, 0, 1),
	gsDPTileSync(),
	gsDPSetTextureImage(G_IM_FMT_I, G_IM_SIZ_8b_LOAD_BLOCK, 1, wmotr_dl_gen_i8),
	gsDPSetTile(G_IM_FMT_I, G_IM_SIZ_8b_LOAD_BLOCK, 0, 0, 7, 0, G_TX_WRAP | G_TX_NOMIRROR, 6, 0, G_TX_WRAP | G_TX_NOMIRROR, 6, 0),
	gsDPLoadSync(),
	gsDPLoadBlock(7, 0, 0, 2047, 256),
	gsDPPipeSync(),
	gsDPSetTile(G_IM_FMT_I, G_IM_SIZ_8b, 8, 0, 0, 0, G_TX_WRAP | G_TX_NOMIRROR, 6, 0, G_TX_WRAP | G_TX_NOMIRROR, 6, 0),
	gsDPSetTileSize(0, 0, 0, 252, 252),
	gsSPSetLights1(wmotr_dl_rock_lights),
	gsSPEndDisplayList(),
};

Gfx wmotr_dl_Cube_mesh_layer_1[] = {
	gsSPDisplayList(mat_wmotr_dl_rock2_layer1),
	gsSPDisplayList(wmotr_dl_Cube_mesh_layer_1_tri_0),
	gsSPDisplayList(mat_revert_wmotr_dl_rock2_layer1),
	gsSPDisplayList(mat_wmotr_dl_grassy_layer1),
	gsSPDisplayList(wmotr_dl_Cube_mesh_layer_1_tri_1),
	gsSPDisplayList(mat_revert_wmotr_dl_grassy_layer1),
	gsSPDisplayList(mat_wmotr_dl_nice),
	gsSPDisplayList(wmotr_dl_Cube_mesh_layer_1_tri_2),
	gsSPDisplayList(mat_revert_wmotr_dl_nice),
	gsSPEndDisplayList(),
};

Gfx wmotr_dl_Cube_001_mesh_layer_1[] = {
	gsSPDisplayList(mat_wmotr_dl_rock),
	gsSPDisplayList(wmotr_dl_Cube_001_mesh_layer_1_tri_0),
	gsSPEndDisplayList(),
};

Gfx wmotr_dl_material_revert_render_settings[] = {
	gsDPPipeSync(),
	gsSPSetGeometryMode(G_LIGHTING),
	gsSPClearGeometryMode(G_TEXTURE_GEN),
	gsDPSetCombineLERP(0, 0, 0, SHADE, 0, 0, 0, ENVIRONMENT, 0, 0, 0, SHADE, 0, 0, 0, ENVIRONMENT),
	gsSPTexture(65535, 65535, 0, 0, 0),
	gsDPSetEnvColor(255, 255, 255, 255),
	gsDPSetAlphaCompare(G_AC_NONE),
	gsSPEndDisplayList(),
};

