Lights1 goomba_anime_SM64_goomba_seg8_dl_0801B690_F3D_Mat_0_lights = gdSPDefLights1(
	0x7F, 0x7F, 0x7F,
	0xFE, 0xFE, 0xFE, 0x28, 0x28, 0x28);

Lights1 goomba_anime_SM64_goomba_seg8_dl_0801B5C8_F3D_Mat_0_lights = gdSPDefLights1(
	0x7F, 0x7F, 0x7F,
	0xFE, 0xFE, 0xFE, 0x28, 0x28, 0x28);

Lights1 goomba_anime_hair_lights = gdSPDefLights1(
	0x8, 0x6, 0x58,
	0x10, 0xD, 0xB1, 0x28, 0x28, 0x28);

Lights1 goomba_anime_f3d_material_004_lights = gdSPDefLights1(
	0x7F, 0xB, 0x12,
	0xFE, 0x17, 0x24, 0x28, 0x28, 0x28);

Gfx goomba_anime_goomba_body_rgba16_rgba16_aligner[] = {gsSPEndDisplayList()};
u8 goomba_anime_goomba_body_rgba16_rgba16[] = {
	0x94, 0x46, 0x94, 0x46, 0x94, 0x46, 0x94, 0x46, 
	0x94, 0x46, 0x94, 0x46, 0x94, 0x46, 0x94, 0x46, 
	0x94, 0x46, 0x94, 0x46, 0x94, 0x46, 0x94, 0x46, 
	0x94, 0x46, 0x94, 0x46, 0x94, 0x46, 0x94, 0x46, 
	0x94, 0x46, 0x94, 0x46, 0x94, 0x46, 0x94, 0x46, 
	0x94, 0x46, 0x94, 0x46, 0x94, 0x46, 0x94, 0x46, 
	0x94, 0x46, 0x94, 0x46, 0x94, 0x46, 0x94, 0x46, 
	0x94, 0x46, 0x94, 0x46, 0x94, 0x46, 0x94, 0x46, 
	0x94, 0x46, 0x94, 0x46, 0x94, 0x46, 0x94, 0x46, 
	0x94, 0x46, 0x94, 0x46, 0x94, 0x46, 0x94, 0x46, 
	0x94, 0x46, 0x94, 0x46, 0x94, 0x46, 0x94, 0x46, 
	0x94, 0x46, 0x94, 0x46, 0x94, 0x46, 0x94, 0x46, 
	0x94, 0x46, 0x94, 0x46, 0x94, 0x46, 0x94, 0x46, 
	0x94, 0x46, 0x94, 0x46, 0x94, 0x46, 0x94, 0x46, 
	0x94, 0x46, 0x94, 0x46, 0x94, 0x46, 0x94, 0x46, 
	0x94, 0x46, 0x94, 0x46, 0x94, 0x46, 0x94, 0x46, 
	0x94, 0x46, 0x94, 0x46, 0x94, 0x46, 0x94, 0x46, 
	0x94, 0x46, 0x94, 0x46, 0x94, 0x46, 0x94, 0x46, 
	0x94, 0x46, 0x94, 0x46, 0x94, 0x46, 0x94, 0x46, 
	0xbd, 0x8d, 0xbd, 0x8d, 0xc5, 0x8d, 0xc5, 0x8d, 
	0xc5, 0x8b, 0xbd, 0x8b, 0xbd, 0x8b, 0xc5, 0xcf, 
	0x94, 0x46, 0x94, 0x46, 0x94, 0x46, 0x94, 0x46, 
	0x94, 0x46, 0x94, 0x46, 0x94, 0x46, 0x94, 0x46, 
	0x94, 0x46, 0x94, 0x46, 0x94, 0x46, 0x94, 0x46, 
	0x94, 0x46, 0x94, 0x46, 0x94, 0x46, 0x94, 0x46, 
	0x94, 0x46, 0x94, 0x46, 0x94, 0x46, 0x94, 0x46, 
	0x94, 0x46, 0x94, 0x46, 0xbd, 0x8b, 0xbd, 0x8b, 
	0xbd, 0x8b, 0xbd, 0x8b, 0xbd, 0x89, 0xbd, 0x89, 
	0xc5, 0x8b, 0xc5, 0x89, 0xc5, 0x8b, 0xbd, 0x8b, 
	0xbd, 0x8b, 0xbd, 0x8b, 0x94, 0x46, 0x94, 0x46, 
	0x94, 0x46, 0x94, 0x46, 0x94, 0x46, 0x94, 0x46, 
	0x94, 0x46, 0x94, 0x46, 0x94, 0x46, 0x94, 0x46, 
	0x94, 0x46, 0x94, 0x46, 0x94, 0x46, 0x94, 0x46, 
	0x94, 0x46, 0x94, 0x46, 0x94, 0x46, 0x94, 0x46, 
	0xb5, 0x4b, 0xbd, 0x8b, 0xbd, 0x8b, 0xbd, 0x8b, 
	0xbd, 0x8b, 0xc5, 0x89, 0xc5, 0x89, 0xc5, 0xc9, 
	0xc5, 0xcb, 0xc5, 0xcb, 0xc5, 0xcb, 0xc5, 0xcb, 
	0xc5, 0xcb, 0xc5, 0x8b, 0xbd, 0x8b, 0xbd, 0x89, 
	0x94, 0x46, 0x94, 0x46, 0x94, 0x46, 0x94, 0x46, 
	0x94, 0x46, 0x94, 0x46, 0x94, 0x46, 0x94, 0x46, 
	0x94, 0x46, 0x94, 0x46, 0x94, 0x46, 0x94, 0x46, 
	0x94, 0x46, 0x94, 0x46, 0x94, 0x46, 0xb5, 0x4b, 
	0xbd, 0x4b, 0xbd, 0x8b, 0xbd, 0x8b, 0xbd, 0x89, 
	0xc5, 0x8b, 0xc5, 0x89, 0xc5, 0x89, 0xc5, 0xcb, 
	0xc5, 0xcb, 0xc5, 0xcd, 0xce, 0x0d, 0xce, 0x0f, 
	0xce, 0x0f, 0xcd, 0xcd, 0xc5, 0xcd, 0xc5, 0x8b, 
	0xbd, 0x8b, 0x94, 0x46, 0x94, 0x46, 0x94, 0x46, 
	0x94, 0x46, 0x94, 0x46, 0x94, 0x46, 0x94, 0x46, 
	0x94, 0x46, 0x94, 0x46, 0x94, 0x46, 0x94, 0x46, 
	0x94, 0x46, 0x94, 0x46, 0xbd, 0x4d, 0xbd, 0x4b, 
	0xbd, 0x8b, 0xbd, 0x8b, 0xbd, 0x89, 0xc5, 0x8b, 
	0xc5, 0x89, 0xc5, 0x89, 0xc5, 0xc9, 0xc5, 0xc9, 
	0xcd, 0xcd, 0xce, 0x0f, 0xd6, 0x53, 0xd6, 0x55, 
	0xd6, 0x55, 0xce, 0x53, 0xce, 0x11, 0xc5, 0xcd, 
	0xbd, 0x8b, 0xbd, 0x49, 0x94, 0x46, 0x94, 0x46, 
	0x94, 0x46, 0x94, 0x46, 0x94, 0x46, 0x94, 0x46, 
	0x94, 0x46, 0x94, 0x46, 0x94, 0x46, 0x94, 0x46, 
	0x94, 0x46, 0xbd, 0x91, 0xbd, 0x4b, 0xbd, 0x8b, 
	0xbd, 0x89, 0xbd, 0x89, 0xbd, 0x89, 0xc5, 0x89, 
	0xc5, 0xc9, 0xc5, 0xc9, 0xcd, 0xc9, 0xcd, 0xcb, 
	0xce, 0x0f, 0xd6, 0x55, 0xd6, 0x99, 0xde, 0x9b, 
	0xde, 0x9b, 0xd6, 0x59, 0xd6, 0x55, 0xce, 0x11, 
	0xc5, 0xcd, 0xbd, 0x8b, 0xbd, 0x4b, 0x94, 0x46, 
	0x94, 0x46, 0x94, 0x46, 0x94, 0x46, 0x94, 0x46, 
	0x94, 0x46, 0x94, 0x46, 0x94, 0x46, 0x94, 0x46, 
	0xc5, 0x93, 0xbd, 0x8d, 0xbd, 0x8b, 0xbd, 0x8b, 
	0xbd, 0x89, 0xc5, 0x89, 0xc5, 0x89, 0xc5, 0xc9, 
	0xc5, 0xc9, 0xc5, 0xc9, 0xcd, 0xcb, 0xce, 0x0f, 
	0xde, 0x57, 0xde, 0x9d, 0xe6, 0xe1, 0xe6, 0xe1, 
	0xe6, 0xe1, 0xde, 0xdf, 0xde, 0x9b, 0xd6, 0x57, 
	0xce, 0x11, 0xc5, 0x8b, 0xbd, 0x4b, 0xb5, 0x4b, 
	0x94, 0x46, 0x94, 0x46, 0x94, 0x46, 0x94, 0x46, 
	0x94, 0x46, 0x94, 0x46, 0x94, 0x46, 0x94, 0x46, 
	0xbd, 0x8f, 0xbd, 0x4b, 0xbd, 0x89, 0xbd, 0x89, 
	0xc5, 0x89, 0xc5, 0x89, 0xc5, 0xc9, 0xc5, 0x89, 
	0xc5, 0xc9, 0xcd, 0xc9, 0xce, 0x0b, 0xd6, 0x53, 
	0xde, 0x9d, 0xe6, 0xe3, 0xe6, 0xe5, 0xe7, 0x27, 
	0xe7, 0x27, 0xe7, 0x25, 0xe6, 0xe1, 0xde, 0x9b, 
	0xd6, 0x55, 0xc5, 0xcf, 0xbd, 0x4b, 0xb5, 0x49, 
	0x94, 0x46, 0x94, 0x46, 0x94, 0x46, 0x94, 0x46, 
	0x94, 0x46, 0x94, 0x46, 0x94, 0x46, 0xc5, 0xd5, 
	0xb5, 0x4b, 0xbd, 0x49, 0xbd, 0x89, 0xc5, 0x89, 
	0xc5, 0x89, 0xc5, 0x89, 0xc5, 0xc9, 0xcd, 0xc9, 
	0xcd, 0xc9, 0xcd, 0xcb, 0xd6, 0x0d, 0xde, 0x55, 
	0xe6, 0xdf, 0xe6, 0xe5, 0xef, 0x29, 0xef, 0x29, 
	0xef, 0x6b, 0xef, 0x29, 0xe7, 0x25, 0xde, 0x9f, 
	0xd6, 0x57, 0xcd, 0xd1, 0xbd, 0x8b, 0xbd, 0x4b, 
	0xb5, 0x09, 0x94, 0x46, 0x94, 0x46, 0x94, 0x46, 
	0x94, 0x46, 0x94, 0x46, 0x94, 0x46, 0xb5, 0x4d, 
	0xb5, 0x49, 0xbd, 0x49, 0xbd, 0x89, 0xc5, 0x89, 
	0xc5, 0x89, 0xc5, 0x89, 0xc5, 0xc9, 0xcd, 0xc9, 
	0xcd, 0xc9, 0xce, 0x0b, 0xd6, 0x0f, 0xde, 0x57, 
	0xe6, 0xdf, 0xef, 0x25, 0xef, 0x29, 0xef, 0x6b, 
	0xef, 0x6b, 0xef, 0x6b, 0xef, 0x27, 0xe6, 0xe1, 
	0xd6, 0x57, 0xcd, 0xcf, 0xbd, 0x8b, 0xb5, 0x49, 
	0xb5, 0x0b, 0x94, 0x46, 0x94, 0x46, 0x94, 0x46, 
	0x94, 0x46, 0x94, 0x46, 0xad, 0x0d, 0xad, 0x0b, 
	0xb5, 0x09, 0xb5, 0x49, 0xbd, 0x49, 0xbd, 0x89, 
	0xc5, 0x89, 0xc5, 0xc9, 0xc5, 0xc9, 0xc5, 0xc9, 
	0xcd, 0xc9, 0xce, 0x0b, 0xd6, 0x0f, 0xde, 0x95, 
	0xde, 0xdd, 0xe7, 0x23, 0xef, 0x27, 0xef, 0x29, 
	0xef, 0x6b, 0xef, 0x29, 0xef, 0x25, 0xe6, 0xdf, 
	0xd6, 0x57, 0xc6, 0x0f, 0xbd, 0x8b, 0xb5, 0x49, 
	0xb5, 0x4d, 0xad, 0x09, 0x94, 0x46, 0x94, 0x46, 
	0x94, 0x46, 0x94, 0x46, 0xac, 0xcb, 0xad, 0x0b, 
	0xad, 0x09, 0xb5, 0x49, 0xbd, 0x49, 0xbd, 0x89, 
	0xbd, 0x89, 0xc5, 0xc9, 0xc5, 0xc9, 0xc5, 0xc9, 
	0xcd, 0xc9, 0xce, 0x0b, 0xd6, 0x0d, 0xd6, 0x53, 
	0xde, 0x97, 0xe6, 0xdd, 0xee, 0xe1, 0xef, 0x25, 
	0xef, 0x25, 0xe7, 0x25, 0xe6, 0xe1, 0xde, 0x9b, 
	0xce, 0x13, 0xc5, 0xcd, 0xbd, 0x89, 0xb5, 0x49, 
	0xad, 0x09, 0xa4, 0xc9, 0x94, 0x46, 0x94, 0x46, 
	0x94, 0x46, 0x94, 0x46, 0xa4, 0xcb, 0xa4, 0xc9, 
	0xac, 0xc9, 0xb5, 0x09, 0xb5, 0x49, 0xbd, 0x49, 
	0xbd, 0x89, 0xc5, 0x89, 0xc5, 0x89, 0xc5, 0xc9, 
	0xcd, 0xc9, 0xcd, 0xc9, 0xce, 0x0b, 0xd6, 0x4f, 
	0xd6, 0x51, 0xde, 0x95, 0xe6, 0x99, 0xe6, 0x9b, 
	0xe6, 0xdd, 0xe6, 0xdd, 0xde, 0x9b, 0xd6, 0x55, 
	0xce, 0x11, 0xc5, 0x8b, 0xbd, 0x49, 0xb5, 0x49, 
	0xac, 0xc9, 0xa4, 0xc9, 0x94, 0x46, 0x94, 0x46, 
	0x94, 0x46, 0x94, 0x46, 0xa4, 0xcd, 0xa4, 0xc9, 
	0xa4, 0xc9, 0xad, 0x09, 0xb5, 0x09, 0xb5, 0x49, 
	0xbd, 0x89, 0xc5, 0x89, 0xc5, 0xc9, 0xc5, 0x89, 
	0xc5, 0xc9, 0xcd, 0xc9, 0xcd, 0xcb, 0xce, 0x0b, 
	0xd6, 0x0d, 0xd6, 0x4f, 0xd6, 0x51, 0xd6, 0x53, 
	0xd6, 0x53, 0xd6, 0x55, 0xd6, 0x13, 0xce, 0x11, 
	0xc5, 0xcd, 0xbd, 0x8b, 0xb5, 0x49, 0xb5, 0x09, 
	0xac, 0xc9, 0xa4, 0x89, 0x94, 0x46, 0x94, 0x46, 
	0x94, 0x46, 0x94, 0x46, 0xa4, 0x8b, 0xa4, 0x87, 
	0xa4, 0xc9, 0xac, 0xc9, 0xad, 0x09, 0xb5, 0x49, 
	0xb5, 0x49, 0xbd, 0x89, 0xbd, 0x89, 0xc5, 0x89, 
	0xc5, 0x89, 0xc5, 0xc9, 0xc5, 0xc9, 0xcd, 0xcb, 
	0xcd, 0xcb, 0xce, 0x0b, 0xce, 0x0b, 0xce, 0x0d, 
	0xce, 0x0d, 0xce, 0x0d, 0xce, 0x0d, 0xc5, 0xcd, 
	0xc5, 0x8b, 0xbd, 0x89, 0xb5, 0x49, 0xad, 0x09, 
	0xac, 0xc7, 0xa4, 0x89, 0x94, 0x46, 0x94, 0x46, 
	0x94, 0x46, 0x94, 0x46, 0x9c, 0x8b, 0x9c, 0x87, 
	0xa4, 0xc9, 0xa4, 0xc9, 0xad, 0x09, 0xad, 0x09, 
	0xb5, 0x49, 0xb5, 0x49, 0xbd, 0x89, 0xbd, 0x89, 
	0xc5, 0x89, 0xc5, 0x89, 0xc5, 0x89, 0xc5, 0xc9, 
	0xc5, 0xc9, 0xc5, 0xcb, 0xc5, 0xcb, 0xc5, 0xcb, 
	0xc5, 0xcb, 0xc5, 0xcb, 0xc5, 0x8b, 0xc5, 0x89, 
	0xbd, 0x89, 0xbd, 0x49, 0xb5, 0x49, 0xad, 0x07, 
	0xa4, 0xc7, 0x9c, 0x89, 0x94, 0x46, 0x94, 0x46, 
	0x94, 0x46, 0x94, 0x46, 0x9c, 0x8d, 0x94, 0x47, 
	0x9c, 0x87, 0xa4, 0xc7, 0xac, 0xc9, 0xad, 0x09, 
	0xad, 0x09, 0xb5, 0x49, 0xbd, 0x49, 0xbd, 0x89, 
	0xbd, 0x89, 0xbd, 0x89, 0xc5, 0x89, 0xc5, 0x89, 
	0xc5, 0x89, 0xc5, 0x89, 0xc5, 0x89, 0xc5, 0x89, 
	0xbd, 0x89, 0xbd, 0x89, 0xbd, 0x89, 0xbd, 0x49, 
	0xbd, 0x49, 0xb5, 0x49, 0xad, 0x07, 0xac, 0xc7, 
	0xa4, 0x87, 0x9c, 0x47, 0x94, 0x46, 0x94, 0x46, 
	0x94, 0x46, 0x94, 0x46, 0x94, 0x4d, 0x94, 0x49, 
	0x9c, 0x47, 0xa4, 0x87, 0xa4, 0xc7, 0xa4, 0xc9, 
	0xad, 0x09, 0xad, 0x09, 0xb5, 0x09, 0xb5, 0x49, 
	0xbd, 0x89, 0xbd, 0x89, 0xbd, 0x89, 0xbd, 0x89, 
	0xbd, 0x89, 0xbd, 0x89, 0xbd, 0x49, 0xbd, 0x49, 
	0xb5, 0x49, 0xbd, 0x49, 0xbd, 0x49, 0xb5, 0x49, 
	0xb5, 0x09, 0xb5, 0x07, 0xac, 0xc7, 0xa4, 0xc7, 
	0x9c, 0x47, 0x94, 0x49, 0x94, 0x46, 0x94, 0x46, 
	0x94, 0x46, 0x94, 0x46, 0x94, 0x46, 0x94, 0x49, 
	0x94, 0x07, 0x94, 0x47, 0x9c, 0x87, 0xa4, 0x87, 
	0xa4, 0xc9, 0xac, 0xc9, 0xad, 0x09, 0xad, 0x09, 
	0xb5, 0x49, 0xb5, 0x49, 0xbd, 0x49, 0xbd, 0x89, 
	0xbd, 0x49, 0xb5, 0x49, 0xb5, 0x49, 0xb5, 0x09, 
	0xb5, 0x07, 0xb5, 0x07, 0xb5, 0x07, 0xad, 0x07, 
	0xad, 0x07, 0xac, 0xc7, 0xa4, 0xc7, 0x9c, 0x47, 
	0x94, 0x49, 0x94, 0x46, 0x94, 0x46, 0x94, 0x46, 
	0x94, 0x46, 0x94, 0x46, 0x94, 0x46, 0x94, 0x4f, 
	0x8c, 0x07, 0x8c, 0x07, 0x94, 0x47, 0x9c, 0x87, 
	0x9c, 0x87, 0xa4, 0x87, 0xa4, 0xc7, 0xa4, 0xc7, 
	0xad, 0x07, 0xad, 0x09, 0xad, 0x49, 0xb5, 0x49, 
	0xb5, 0x49, 0xb5, 0x07, 0xad, 0x07, 0xad, 0x07, 
	0xad, 0x07, 0xad, 0x07, 0xac, 0xc7, 0xac, 0xc7, 
	0xac, 0xc7, 0xa4, 0x87, 0x9c, 0x87, 0x94, 0x47, 
	0x9c, 0x8d, 0x94, 0x46, 0x94, 0x46, 0x94, 0x46, 
	0x94, 0x46, 0x94, 0x46, 0x94, 0x46, 0x94, 0x46, 
	0x8c, 0x09, 0x8b, 0xc5, 0x8b, 0xc5, 0x8c, 0x07, 
	0x94, 0x05, 0x94, 0x47, 0x9c, 0x47, 0x9c, 0x87, 
	0xa4, 0xc7, 0xa4, 0xc7, 0xa4, 0xc7, 0xad, 0x07, 
	0xac, 0xc7, 0xac, 0xc7, 0xac, 0xc7, 0xa4, 0xc7, 
	0xac, 0xc7, 0xac, 0xc7, 0xac, 0xc7, 0xa4, 0xc7, 
	0xa4, 0x87, 0x9c, 0x47, 0x94, 0x07, 0x94, 0x4b, 
	0x94, 0x46, 0x94, 0x46, 0x94, 0x46, 0x94, 0x46, 
	0x94, 0x46, 0x94, 0x46, 0x94, 0x46, 0x94, 0x46, 
	0x8c, 0x0b, 0x83, 0xc5, 0x83, 0xc5, 0x83, 0xc5, 
	0x8b, 0xc5, 0x8c, 0x05, 0x94, 0x05, 0x94, 0x05, 
	0x94, 0x45, 0x9c, 0x87, 0x9c, 0x87, 0x9c, 0x87, 
	0x9c, 0x87, 0xa4, 0x87, 0xa4, 0x87, 0xa4, 0x87, 
	0xa4, 0x87, 0xa4, 0x87, 0x9c, 0x87, 0x9c, 0x87, 
	0x9c, 0x47, 0x94, 0x07, 0x8c, 0x07, 0x94, 0x4d, 
	0x94, 0x46, 0x94, 0x46, 0x94, 0x46, 0x94, 0x46, 
	0x94, 0x46, 0x94, 0x46, 0x94, 0x46, 0x94, 0x46, 
	0x94, 0x46, 0x83, 0x87, 0x7b, 0x85, 0x83, 0x85, 
	0x83, 0x85, 0x83, 0xc5, 0x83, 0xc5, 0x8b, 0xc5, 
	0x8c, 0x05, 0x94, 0x05, 0x94, 0x45, 0x94, 0x47, 
	0x94, 0x45, 0x9c, 0x45, 0x9c, 0x45, 0x94, 0x47, 
	0x9c, 0x47, 0x9c, 0x47, 0x94, 0x47, 0x94, 0x05, 
	0x8c, 0x05, 0x83, 0xc5, 0x83, 0xc7, 0x94, 0x46, 
	0x94, 0x46, 0x94, 0x46, 0x94, 0x46, 0x94, 0x46, 
	0x94, 0x46, 0x94, 0x46, 0x94, 0x46, 0x94, 0x46, 
	0x94, 0x46, 0x94, 0x46, 0x83, 0xc7, 0x7b, 0x85, 
	0x7b, 0x83, 0x83, 0x83, 0x83, 0x85, 0x83, 0xc5, 
	0x83, 0xc5, 0x8b, 0xc5, 0x8b, 0xc5, 0x8b, 0xc5, 
	0x8b, 0xc5, 0x8b, 0xc5, 0x83, 0xc5, 0x8b, 0xc5, 
	0x8c, 0x05, 0x8b, 0xc5, 0x8b, 0xc5, 0x83, 0xc5, 
	0x83, 0x85, 0x83, 0x85, 0x94, 0x46, 0x94, 0x46, 
	0x94, 0x46, 0x94, 0x46, 0x94, 0x46, 0x94, 0x46, 
	0x94, 0x46, 0x94, 0x46, 0x94, 0x46, 0x94, 0x46, 
	0x94, 0x46, 0x94, 0x46, 0x94, 0x46, 0x7b, 0x87, 
	0x7b, 0x43, 0x7b, 0x83, 0x7b, 0x83, 0x7b, 0x83, 
	0x83, 0x85, 0x83, 0x85, 0x83, 0x85, 0x83, 0x85, 
	0x83, 0x85, 0x7b, 0x85, 0x7b, 0x85, 0x7b, 0x85, 
	0x7b, 0x85, 0x7b, 0x85, 0x7b, 0x85, 0x7b, 0x83, 
	0x7b, 0x43, 0x94, 0x46, 0x94, 0x46, 0x94, 0x46, 
	0x94, 0x46, 0x94, 0x46, 0x94, 0x46, 0x94, 0x46, 
	0x94, 0x46, 0x94, 0x46, 0x94, 0x46, 0x94, 0x46, 
	0x94, 0x46, 0x94, 0x46, 0x94, 0x46, 0x94, 0x46, 
	0x73, 0x45, 0x73, 0x43, 0x73, 0x43, 0x73, 0x43, 
	0x7b, 0x43, 0x7b, 0x43, 0x7b, 0x43, 0x7b, 0x43, 
	0x7b, 0x43, 0x7b, 0x43, 0x7b, 0x43, 0x7b, 0x43, 
	0x73, 0x43, 0x73, 0x43, 0x73, 0x43, 0x73, 0x43, 
	0x94, 0x46, 0x94, 0x46, 0x94, 0x46, 0x94, 0x46, 
	0x94, 0x46, 0x94, 0x46, 0x94, 0x46, 0x94, 0x46, 
	0x94, 0x46, 0x94, 0x46, 0x94, 0x46, 0x94, 0x46, 
	0x94, 0x46, 0x94, 0x46, 0x94, 0x46, 0x94, 0x46, 
	0x94, 0x46, 0x94, 0x46, 0x73, 0x03, 0x73, 0x03, 
	0x73, 0x43, 0x73, 0x43, 0x73, 0x43, 0x73, 0x43, 
	0x73, 0x43, 0x73, 0x43, 0x73, 0x43, 0x73, 0x03, 
	0x73, 0x03, 0x73, 0x03, 0x94, 0x46, 0x94, 0x46, 
	0x94, 0x46, 0x94, 0x46, 0x94, 0x46, 0x94, 0x46, 
	0x94, 0x46, 0x94, 0x46, 0x94, 0x46, 0x94, 0x46, 
	0x94, 0x46, 0x94, 0x46, 0x94, 0x46, 0x94, 0x46, 
	0x94, 0x46, 0x94, 0x46, 0x94, 0x46, 0x94, 0x46, 
	0x94, 0x46, 0x94, 0x46, 0x94, 0x46, 0x94, 0x46, 
	0x6b, 0x03, 0x6b, 0x03, 0x6b, 0x03, 0x6b, 0x03, 
	0x6b, 0x03, 0x6b, 0x03, 0x6b, 0x03, 0x6b, 0x03, 
	0x94, 0x46, 0x94, 0x46, 0x94, 0x46, 0x94, 0x46, 
	0x94, 0x46, 0x94, 0x46, 0x94, 0x46, 0x94, 0x46, 
	0x94, 0x46, 0x94, 0x46, 0x94, 0x46, 0x94, 0x46, 
	0x94, 0x46, 0x94, 0x46, 0x94, 0x46, 0x94, 0x46, 
	0x94, 0x46, 0x94, 0x46, 0x94, 0x46, 0x94, 0x46, 
	0x94, 0x46, 0x94, 0x46, 0x94, 0x46, 0x94, 0x46, 
	0x94, 0x46, 0x94, 0x46, 0x94, 0x46, 0x94, 0x46, 
	0x94, 0x46, 0x94, 0x46, 0x94, 0x46, 0x94, 0x46, 
	0x94, 0x46, 0x94, 0x46, 0x94, 0x46, 0x94, 0x46, 
	0x94, 0x46, 0x94, 0x46, 0x94, 0x46, 0x94, 0x46, 
	0x94, 0x46, 0x94, 0x46, 0x94, 0x46, 0x94, 0x46, 
	0x94, 0x46, 0x94, 0x46, 0x94, 0x46, 0x94, 0x46, 
	0x94, 0x46, 0x94, 0x46, 0x94, 0x46, 0x94, 0x46, 
	0x94, 0x46, 0x94, 0x46, 0x94, 0x46, 0x94, 0x46, 
	0x94, 0x46, 0x94, 0x46, 0x94, 0x46, 0x94, 0x46, 
	0x94, 0x46, 0x94, 0x46, 0x94, 0x46, 0x94, 0x46, 
	0x94, 0x46, 0x94, 0x46, 0x94, 0x46, 0x94, 0x46, 
	0x94, 0x46, 0x94, 0x46, 0x94, 0x46, 0x94, 0x46, 
	0x94, 0x46, 0x94, 0x46, 0x94, 0x46, 0x94, 0x46, 
	
};

Gfx goomba_anime_goomba_face_rgba16_rgba16_aligner[] = {gsSPEndDisplayList()};
u8 goomba_anime_goomba_face_rgba16_rgba16[] = {
	0xa2, 0x41, 0xa2, 0x41, 0xa2, 0x41, 0xa2, 0x41, 
	0xa2, 0x41, 0xa2, 0x41, 0xa2, 0x41, 0xa2, 0x41, 
	0xa2, 0x41, 0xa2, 0x41, 0xa2, 0x41, 0xa2, 0x41, 
	0xa2, 0x41, 0xa2, 0x41, 0xa2, 0x41, 0xa2, 0x41, 
	0xa2, 0x41, 0xa2, 0x41, 0xa2, 0x41, 0xa2, 0x41, 
	0xa2, 0x41, 0xa2, 0x41, 0xa2, 0x41, 0xa2, 0x41, 
	0xa2, 0x41, 0xa2, 0x41, 0xa2, 0x41, 0xa2, 0x41, 
	0xa2, 0x41, 0xa2, 0x41, 0xa2, 0x41, 0xa2, 0x41, 
	0xa2, 0x41, 0xa2, 0x41, 0x9a, 0x01, 0x61, 0x41, 
	0x20, 0x83, 0x10, 0x85, 0x10, 0x85, 0x18, 0x83, 
	0x38, 0xc1, 0x79, 0xc1, 0xa2, 0x41, 0xa2, 0x41, 
	0xaa, 0x41, 0xaa, 0x41, 0xaa, 0x41, 0xaa, 0x41, 
	0xaa, 0x41, 0xa2, 0x41, 0xa2, 0x41, 0xaa, 0x41, 
	0xaa, 0x41, 0xa2, 0x41, 0x9a, 0x01, 0x49, 0x01, 
	0x18, 0x83, 0x10, 0x85, 0x10, 0x85, 0x18, 0x83, 
	0x49, 0x01, 0x89, 0xc1, 0x92, 0x01, 0xa2, 0x41, 
	0xa2, 0x41, 0x92, 0x01, 0x30, 0xc3, 0x10, 0x87, 
	0x18, 0xc9, 0x21, 0x4f, 0x29, 0x93, 0x21, 0x4d, 
	0x10, 0x87, 0x18, 0x83, 0x69, 0x41, 0xa2, 0x01, 
	0x92, 0x01, 0x9a, 0x01, 0xa2, 0x01, 0x92, 0x01, 
	0xa2, 0x01, 0x9a, 0x01, 0xa2, 0x01, 0xa2, 0x41, 
	0xa2, 0x41, 0x92, 0x01, 0x18, 0x83, 0x10, 0x85, 
	0x19, 0x0b, 0x21, 0x91, 0x21, 0x4f, 0x19, 0x09, 
	0x10, 0x87, 0x28, 0xc3, 0x81, 0xc1, 0xa2, 0x41, 
	0xa2, 0x41, 0x59, 0x43, 0x10, 0x85, 0x18, 0xc7, 
	0x18, 0xc9, 0x19, 0x0b, 0x29, 0x91, 0x3a, 0xe1, 
	0x43, 0x65, 0x21, 0x4d, 0x18, 0x83, 0x49, 0x01, 
	0x89, 0xc1, 0x89, 0xc1, 0x92, 0x01, 0x9a, 0x01, 
	0xa2, 0x41, 0x9a, 0x01, 0x9a, 0x01, 0xa2, 0x41, 
	0x81, 0xc1, 0x20, 0x83, 0x18, 0xc9, 0x43, 0x67, 
	0x3a, 0xe1, 0x21, 0x91, 0x18, 0xc9, 0x18, 0xc7, 
	0x10, 0xc7, 0x10, 0x85, 0x38, 0xc3, 0xa2, 0x41, 
	0xa2, 0x41, 0x79, 0xc1, 0x20, 0x81, 0x20, 0xcb, 
	0x20, 0x83, 0x21, 0x11, 0x21, 0x15, 0x18, 0xc9, 
	0x21, 0x4f, 0x43, 0x67, 0x21, 0x4d, 0x08, 0x43, 
	0x59, 0x41, 0x81, 0xc1, 0xa2, 0x01, 0xa2, 0x01, 
	0xa2, 0x01, 0x9a, 0x01, 0x9a, 0x01, 0x91, 0xc1, 
	0x18, 0x83, 0x19, 0x0b, 0x4b, 0xab, 0x21, 0x4f, 
	0x10, 0x85, 0x19, 0x15, 0x21, 0x15, 0x21, 0x13, 
	0x18, 0x87, 0x38, 0xc3, 0x61, 0x41, 0xa2, 0x41, 
	0xa2, 0x41, 0x89, 0xc1, 0x48, 0xc1, 0x51, 0x01, 
	0x51, 0x01, 0x49, 0x01, 0x6a, 0xe9, 0x73, 0xfb, 
	0x32, 0x23, 0x19, 0x0b, 0x3a, 0x9d, 0x18, 0xc9, 
	0x38, 0xc1, 0x71, 0x81, 0x89, 0xc1, 0xa2, 0x01, 
	0x9a, 0x01, 0x91, 0xc1, 0x92, 0x01, 0x41, 0x01, 
	0x10, 0xc7, 0x42, 0xe3, 0x18, 0xc9, 0x32, 0x23, 
	0x6b, 0xb7, 0x6a, 0xe9, 0x49, 0x47, 0x48, 0xc1, 
	0x49, 0x01, 0x38, 0xc1, 0x89, 0xc1, 0xa2, 0x41, 
	0xa2, 0x41, 0x9a, 0x01, 0x61, 0x41, 0x51, 0x01, 
	0x59, 0x8b, 0xa4, 0xfd, 0xce, 0x7f, 0xe7, 0x3f, 
	0xde, 0xff, 0x63, 0xf9, 0x19, 0x0f, 0x2a, 0x17, 
	0x18, 0x85, 0x59, 0x41, 0x69, 0x81, 0x92, 0x01, 
	0x92, 0x01, 0x81, 0xc1, 0x71, 0x81, 0x18, 0x83, 
	0x32, 0x19, 0x21, 0x4f, 0x42, 0xab, 0xce, 0xbf, 
	0xe7, 0x3f, 0xce, 0x7f, 0xa4, 0xf9, 0x62, 0x17, 
	0x49, 0x01, 0x61, 0x41, 0x9a, 0x01, 0xa2, 0x41, 
	0xa2, 0x41, 0x89, 0xc1, 0x69, 0x81, 0x51, 0x47, 
	0xad, 0x3d, 0xde, 0xff, 0xff, 0xff, 0xff, 0xff, 
	0xff, 0xff, 0xf7, 0xbf, 0x74, 0x79, 0x21, 0x93, 
	0x18, 0xc7, 0x41, 0x03, 0x79, 0x81, 0x81, 0xc1, 
	0x81, 0xc1, 0x81, 0xc1, 0x59, 0x41, 0x19, 0x0b, 
	0x21, 0x91, 0x53, 0xb9, 0xf7, 0xbf, 0xff, 0xff, 
	0xff, 0xff, 0xff, 0xff, 0xe7, 0x3f, 0xad, 0x3d, 
	0x51, 0x8f, 0x49, 0x01, 0x79, 0x81, 0xa2, 0x41, 
	0xa2, 0x41, 0x71, 0x81, 0x41, 0x03, 0x9c, 0xb9, 
	0xde, 0xff, 0xff, 0xff, 0xff, 0xff, 0xff, 0xff, 
	0xff, 0xff, 0xff, 0xff, 0xf7, 0xbf, 0x6b, 0xeb, 
	0x21, 0x4f, 0x29, 0x07, 0x79, 0xc1, 0x89, 0xc1, 
	0x89, 0xc1, 0x89, 0xc1, 0x28, 0xc3, 0x29, 0x95, 
	0x42, 0xa5, 0xf7, 0xbf, 0xff, 0xff, 0xff, 0xff, 
	0xff, 0xff, 0xff, 0xff, 0xff, 0xff, 0xde, 0xff, 
	0x9c, 0xbd, 0x49, 0x03, 0x61, 0x41, 0xa2, 0x41, 
	0xa2, 0x41, 0x61, 0x41, 0x72, 0x9f, 0xc6, 0x3f, 
	0xf7, 0xbf, 0xff, 0xff, 0xff, 0xff, 0xff, 0xff, 
	0xff, 0xff, 0xd6, 0xb5, 0x6b, 0x5b, 0x8c, 0xa9, 
	0x42, 0x5d, 0x19, 0x09, 0x79, 0xc1, 0x9a, 0x01, 
	0x9a, 0x01, 0x81, 0xc1, 0x21, 0x0b, 0x32, 0x1f, 
	0xad, 0xb1, 0x5a, 0xd7, 0xa5, 0x29, 0xff, 0xff, 
	0xff, 0xff, 0xff, 0xff, 0xff, 0xff, 0xf7, 0xbf, 
	0xc6, 0x3f, 0x5a, 0x5f, 0x38, 0xc1, 0xa2, 0x41, 
	0xa2, 0x41, 0x81, 0xc1, 0x94, 0x79, 0xde, 0xff, 
	0xff, 0xff, 0xff, 0xff, 0xff, 0xff, 0xff, 0xff, 
	0xe7, 0x39, 0x08, 0x43, 0x63, 0x1f, 0x42, 0x13, 
	0x31, 0x05, 0x21, 0x0f, 0x51, 0x43, 0xa2, 0x41, 
	0xa2, 0x41, 0x69, 0x83, 0x21, 0x51, 0x52, 0xdf, 
	0x42, 0x13, 0x8c, 0x65, 0x00, 0x03, 0xd6, 0xb5, 
	0xff, 0xff, 0xff, 0xff, 0xff, 0xff, 0xff, 0xff, 
	0xde, 0xff, 0x9c, 0xbd, 0x71, 0x83, 0xa2, 0x41, 
	0xa2, 0x41, 0x82, 0x53, 0xb5, 0xbf, 0xef, 0x7f, 
	0xff, 0xff, 0xff, 0xff, 0xff, 0xff, 0xff, 0xff, 
	0x84, 0x21, 0x18, 0xcb, 0xf7, 0xbf, 0xbd, 0xf1, 
	0x21, 0x07, 0x5a, 0xdb, 0x31, 0x49, 0xaa, 0x41, 
	0xa2, 0x41, 0x41, 0x89, 0x52, 0xe3, 0x39, 0xcf, 
	0xad, 0x6d, 0xff, 0xff, 0x21, 0x0b, 0x84, 0x21, 
	0xff, 0xff, 0xff, 0xff, 0xff, 0xff, 0xff, 0xff, 
	0xf7, 0xbf, 0xb5, 0xbf, 0x7a, 0x57, 0xa2, 0x41, 
	0xa2, 0x41, 0x8b, 0x21, 0xce, 0x7f, 0xff, 0xff, 
	0xff, 0xff, 0xff, 0xff, 0xff, 0xff, 0xff, 0xff, 
	0x5a, 0xd7, 0x10, 0x87, 0xf7, 0xbf, 0xce, 0x79, 
	0x00, 0x01, 0xb5, 0x69, 0x29, 0x4f, 0x89, 0xc1, 
	0x9a, 0x01, 0x19, 0x0f, 0xd6, 0xf9, 0x00, 0x01, 
	0xad, 0x6d, 0xff, 0xff, 0x21, 0x0f, 0x39, 0xcf, 
	0xff, 0xff, 0xff, 0xff, 0xff, 0xff, 0xff, 0xff, 
	0xff, 0xff, 0xce, 0x7f, 0x83, 0x25, 0xa2, 0x41, 
	0xa2, 0x41, 0x93, 0xf1, 0xde, 0xff, 0xff, 0xff, 
	0xff, 0xff, 0xff, 0xff, 0xff, 0xff, 0xff, 0xff, 
	0x4a, 0x53, 0x00, 0x01, 0x73, 0x9f, 0x52, 0x9b, 
	0x00, 0x01, 0xd6, 0xb5, 0x94, 0x23, 0x59, 0x41, 
	0x79, 0xc5, 0x84, 0x23, 0xf7, 0xbd, 0x00, 0x01, 
	0x52, 0x97, 0x7b, 0xe1, 0x00, 0x01, 0x39, 0xcf, 
	0xff, 0xff, 0xff, 0xff, 0xff, 0xff, 0xff, 0xff, 
	0xff, 0xff, 0xde, 0xff, 0x8c, 0x35, 0xa2, 0x41, 
	0xa2, 0x41, 0xa5, 0x3d, 0xe7, 0x3f, 0xff, 0xff, 
	0xff, 0xff, 0xff, 0xff, 0xff, 0xff, 0xff, 0xff, 
	0x7b, 0xdf, 0x00, 0x01, 0x00, 0x01, 0x00, 0x01, 
	0x08, 0x43, 0xff, 0xff, 0xde, 0x31, 0x69, 0x81, 
	0x69, 0x81, 0xcd, 0xf1, 0xff, 0xff, 0x08, 0x43, 
	0x00, 0x01, 0x00, 0x01, 0x00, 0x01, 0x6b, 0x5b, 
	0xff, 0xff, 0xff, 0xff, 0xff, 0xff, 0xff, 0xff, 
	0xff, 0xff, 0xef, 0x7f, 0xa5, 0x3f, 0xa2, 0x41, 
	0xa2, 0x41, 0xb5, 0xbf, 0xf7, 0xbf, 0xff, 0xff, 
	0xff, 0xff, 0xff, 0xff, 0xff, 0xff, 0xff, 0xff, 
	0xa5, 0x29, 0x00, 0x01, 0x00, 0x01, 0x00, 0x01, 
	0x18, 0xc7, 0xff, 0xff, 0xe6, 0xfd, 0x51, 0x47, 
	0x51, 0x01, 0xde, 0xbd, 0xff, 0xff, 0x6b, 0x5b, 
	0x00, 0x01, 0x00, 0x01, 0x00, 0x01, 0x84, 0x21, 
	0xff, 0xff, 0xff, 0xff, 0xff, 0xff, 0xff, 0xff, 
	0xff, 0xff, 0xf7, 0xbf, 0xbd, 0xff, 0xa2, 0x41, 
	0xa2, 0x41, 0xbd, 0xff, 0xf7, 0xbf, 0xff, 0xff, 
	0xff, 0xff, 0xff, 0xff, 0xff, 0xff, 0xff, 0xff, 
	0xf7, 0xbd, 0x29, 0x4b, 0x00, 0x01, 0x08, 0x43, 
	0xce, 0x75, 0xff, 0xff, 0xcd, 0xf9, 0x79, 0x81, 
	0x71, 0x81, 0xc5, 0xb5, 0xff, 0xff, 0xe7, 0x39, 
	0x18, 0xc7, 0x00, 0x01, 0x39, 0xcf, 0xf7, 0xbd, 
	0xff, 0xff, 0xff, 0xff, 0xff, 0xff, 0xff, 0xff, 
	0xff, 0xff, 0xff, 0xff, 0xc6, 0x3f, 0xa2, 0x41, 
	0xa2, 0x41, 0xb5, 0xbf, 0xf7, 0xbf, 0xff, 0xff, 
	0xff, 0xff, 0xff, 0xff, 0xff, 0xff, 0xff, 0xff, 
	0xff, 0xff, 0xf7, 0xbd, 0xc6, 0x31, 0xf7, 0xbd, 
	0xff, 0xff, 0xff, 0xbf, 0xbc, 0x21, 0xaa, 0x41, 
	0xaa, 0x41, 0xb3, 0xdf, 0xf7, 0x7f, 0xff, 0xff, 
	0xe7, 0x39, 0xb5, 0xad, 0xff, 0xff, 0xff, 0xff, 
	0xff, 0xff, 0xff, 0xff, 0xff, 0xff, 0xff, 0xff, 
	0xff, 0xff, 0xf7, 0xbf, 0xbd, 0xff, 0xa2, 0x41, 
	0xa2, 0x41, 0xa4, 0xb1, 0xe7, 0x3f, 0xff, 0xff, 
	0xff, 0xff, 0xff, 0xff, 0xff, 0xff, 0xff, 0xff, 
	0xff, 0xff, 0xff, 0xff, 0xff, 0xff, 0xff, 0xff, 
	0xff, 0xff, 0xe6, 0x7d, 0xa2, 0x87, 0xa2, 0x01, 
	0xa2, 0x01, 0xa2, 0x45, 0xde, 0x39, 0xff, 0xbf, 
	0xff, 0xff, 0xff, 0xff, 0xff, 0xff, 0xff, 0xff, 
	0xff, 0xff, 0xff, 0xff, 0xff, 0xff, 0xff, 0xff, 
	0xff, 0xff, 0xe7, 0x3f, 0xa4, 0xfd, 0xa2, 0x41, 
	0xa2, 0x41, 0x82, 0x53, 0xc5, 0xb9, 0xef, 0x3f, 
	0xf7, 0xbf, 0xff, 0xff, 0xff, 0xff, 0xff, 0xff, 
	0xff, 0xff, 0xff, 0xff, 0xff, 0xff, 0xff, 0xff, 
	0xe6, 0xbf, 0xa3, 0x13, 0x9a, 0x01, 0x9a, 0x01, 
	0x9a, 0x01, 0x9a, 0x01, 0xa3, 0x13, 0xe6, 0x7d, 
	0xf7, 0xbf, 0xff, 0xff, 0xff, 0xff, 0xff, 0xff, 
	0xff, 0xff, 0xff, 0xff, 0xff, 0xff, 0xff, 0xff, 
	0xef, 0x7f, 0xc5, 0xfd, 0x7a, 0x57, 0xa2, 0x41, 
	0xa2, 0x41, 0x89, 0xc1, 0xa2, 0xd3, 0xbc, 0xad, 
	0xd6, 0x7f, 0xef, 0x7f, 0xf7, 0xbf, 0xef, 0x7f, 
	0xf7, 0xbf, 0xff, 0xbf, 0xef, 0x7f, 0xce, 0x3d, 
	0x9a, 0xd3, 0x9a, 0x01, 0xa2, 0x01, 0xa2, 0x01, 
	0xa2, 0x01, 0x9a, 0x01, 0x9a, 0x01, 0xa2, 0xd3, 
	0xd5, 0xf9, 0xef, 0x3f, 0xf7, 0xbf, 0xf7, 0xbf, 
	0xef, 0x7f, 0xf7, 0xbf, 0xef, 0x7f, 0xde, 0xbf, 
	0xbc, 0xf9, 0x9a, 0xd3, 0x79, 0x81, 0xa2, 0x41, 
	0xa2, 0x41, 0x92, 0x01, 0xa2, 0x01, 0xa2, 0x41, 
	0xa2, 0xcf, 0xb3, 0xe1, 0xbc, 0xed, 0xc5, 0x31, 
	0xbd, 0x35, 0xbc, 0xf1, 0xab, 0xdf, 0xaa, 0x87, 
	0xa2, 0x41, 0xaa, 0x41, 0xaa, 0x41, 0xaa, 0x41, 
	0xaa, 0x41, 0xaa, 0x41, 0xa2, 0x41, 0xa2, 0x41, 
	0xa2, 0x45, 0xab, 0x9b, 0xb4, 0xad, 0xbd, 0x79, 
	0xc5, 0x35, 0xc4, 0xed, 0xb3, 0x9b, 0xa2, 0x8f, 
	0xa2, 0x41, 0x9a, 0x01, 0x81, 0xc1, 0xa2, 0x41, 
	0xa2, 0x41, 0x9a, 0x01, 0xa2, 0x41, 0xa2, 0x41, 
	0xaa, 0x41, 0xaa, 0x41, 0xaa, 0x41, 0xa2, 0x41, 
	0xa2, 0x41, 0xa2, 0x01, 0x9a, 0x01, 0x92, 0x01, 
	0x92, 0x01, 0x89, 0xc1, 0x81, 0xc1, 0x81, 0xc1, 
	0x81, 0xc1, 0x81, 0xc1, 0x89, 0xc1, 0x92, 0x01, 
	0x9a, 0x01, 0x9a, 0x01, 0xa2, 0x01, 0xa2, 0x41, 
	0xa2, 0x41, 0xaa, 0x41, 0xaa, 0x41, 0xaa, 0x41, 
	0xa2, 0x41, 0xa2, 0x01, 0x91, 0xc1, 0xa2, 0x41, 
	0xa2, 0x41, 0xa2, 0x01, 0xa2, 0x41, 0xa2, 0x41, 
	0xab, 0x0b, 0xa2, 0x41, 0xa2, 0x01, 0x92, 0x01, 
	0x89, 0xc1, 0x71, 0x81, 0x51, 0x01, 0x30, 0x81, 
	0x20, 0x41, 0x10, 0x41, 0x10, 0x41, 0x18, 0x41, 
	0x28, 0x81, 0x10, 0x41, 0x18, 0x41, 0x28, 0x81, 
	0x40, 0xc1, 0x61, 0x41, 0x81, 0xc1, 0x89, 0xc1, 
	0x9a, 0x01, 0xa2, 0x01, 0xa2, 0x41, 0xa2, 0x41, 
	0x9a, 0x01, 0xa2, 0x41, 0x9a, 0x01, 0xa2, 0x41, 
	0xa2, 0x41, 0xa2, 0x01, 0xa2, 0x41, 0xa2, 0x41, 
	0xde, 0x75, 0x9a, 0x87, 0x81, 0xc1, 0x51, 0x01, 
	0x20, 0x41, 0x08, 0x01, 0x00, 0x01, 0x00, 0x01, 
	0x28, 0x81, 0x61, 0x41, 0x89, 0xc1, 0x92, 0x01, 
	0x89, 0xc1, 0x71, 0x81, 0x40, 0xc1, 0x18, 0x41, 
	0x00, 0x01, 0x00, 0x01, 0x10, 0x41, 0x38, 0xc1, 
	0x69, 0x81, 0x89, 0xc1, 0x9a, 0x01, 0xe6, 0xb9, 
	0xa2, 0x45, 0xa2, 0x41, 0x9a, 0x01, 0xa2, 0x41, 
	0xa2, 0x41, 0xa2, 0x01, 0xa2, 0x01, 0x9a, 0x01, 
	0xef, 0x3f, 0x9c, 0x21, 0x10, 0x01, 0x00, 0x01, 
	0x00, 0x01, 0x00, 0x01, 0x30, 0x81, 0x71, 0x81, 
	0x92, 0x01, 0x9a, 0x01, 0xa2, 0x01, 0xa2, 0x01, 
	0xa2, 0x01, 0xa2, 0x01, 0x9a, 0x01, 0x89, 0xc1, 
	0x51, 0x01, 0x10, 0x41, 0x00, 0x01, 0x00, 0x01, 
	0x08, 0x01, 0x30, 0x81, 0xa4, 0x1f, 0xf7, 0x7f, 
	0x9a, 0x45, 0xa2, 0x41, 0xa2, 0x01, 0xa2, 0x41, 
	0xa2, 0x41, 0x92, 0x01, 0x81, 0xc1, 0x59, 0x43, 
	0xe6, 0xff, 0xf7, 0xbf, 0x21, 0x0b, 0x00, 0x01, 
	0x20, 0x81, 0x69, 0x41, 0x89, 0xc1, 0x92, 0x01, 
	0x92, 0x01, 0x92, 0x01, 0x92, 0x01, 0x91, 0xc1, 
	0x91, 0xc1, 0x92, 0x01, 0x92, 0x01, 0x92, 0x01, 
	0x91, 0xc1, 0x79, 0x81, 0x38, 0xc1, 0x10, 0x41, 
	0x00, 0x01, 0x20, 0xcb, 0xef, 0x7f, 0xef, 0x7f, 
	0x82, 0x0b, 0x89, 0xc1, 0x9a, 0x01, 0xa2, 0x41, 
	0xa2, 0x41, 0x49, 0x01, 0x10, 0x01, 0x10, 0x87, 
	0xde, 0xff, 0xff, 0xff, 0x7b, 0x9f, 0x59, 0x41, 
	0x79, 0x81, 0x81, 0xc1, 0x89, 0xc1, 0x81, 0xc1, 
	0x81, 0xc1, 0x81, 0xc1, 0x81, 0xc1, 0x81, 0xc1, 
	0x81, 0xc1, 0x81, 0xc1, 0x81, 0xc1, 0x81, 0xc1, 
	0x81, 0xc1, 0x81, 0xc1, 0x81, 0xc1, 0x61, 0x41, 
	0x28, 0x81, 0x7b, 0x9f, 0xff, 0xff, 0xe7, 0x3f, 
	0x20, 0xcb, 0x30, 0x81, 0x61, 0x41, 0xa2, 0x41, 
	0xa2, 0x41, 0x79, 0x81, 0x51, 0x01, 0x30, 0x81, 
	0x83, 0x59, 0xb4, 0x9f, 0x71, 0x81, 0x79, 0x81, 
	0x79, 0x81, 0x79, 0x81, 0x79, 0x81, 0x81, 0xc1, 
	0x79, 0x81, 0x79, 0x81, 0x79, 0x81, 0x81, 0xc1, 
	0x81, 0xc1, 0x79, 0x81, 0x81, 0xc1, 0x89, 0xc1, 
	0x89, 0xc1, 0x89, 0xc1, 0x79, 0x81, 0x71, 0x81, 
	0x71, 0x81, 0x61, 0x41, 0x9c, 0x1b, 0x8b, 0xdf, 
	0x38, 0xc1, 0x59, 0x01, 0x79, 0x81, 0xa2, 0x41, 
	0xa2, 0x41, 0x9a, 0x01, 0x89, 0xc1, 0x71, 0x81, 
	0x69, 0x41, 0x71, 0x81, 0x69, 0x41, 0x69, 0x41, 
	0x69, 0x41, 0x79, 0x81, 0x91, 0xc1, 0x92, 0x01, 
	0x92, 0x01, 0x9a, 0x01, 0x9a, 0x01, 0x92, 0x01, 
	0x89, 0xc1, 0x89, 0xc1, 0x89, 0xc1, 0x89, 0xc1, 
	0x89, 0xc1, 0x9a, 0x01, 0x9a, 0x01, 0x92, 0x01, 
	0x81, 0xc1, 0x69, 0x81, 0x69, 0x41, 0x69, 0x41, 
	0x69, 0x41, 0x71, 0x81, 0x92, 0x01, 0xa2, 0x41, 
	0xa2, 0x41, 0xa2, 0x01, 0x9a, 0x01, 0x92, 0x01, 
	0x81, 0xc1, 0x89, 0xc1, 0x89, 0xc1, 0x92, 0x01, 
	0x92, 0x01, 0x92, 0x01, 0x9a, 0x01, 0x9a, 0x01, 
	0x9a, 0x01, 0x9a, 0x01, 0x9a, 0x01, 0x9a, 0x01, 
	0x9a, 0x01, 0xa2, 0x01, 0x9a, 0x01, 0x9a, 0x01, 
	0x9a, 0x01, 0x9a, 0x01, 0x9a, 0x01, 0xa2, 0x41, 
	0xa2, 0x01, 0x9a, 0x01, 0x9a, 0x01, 0x89, 0xc1, 
	0x92, 0x01, 0x9a, 0x01, 0xa2, 0x41, 0xa2, 0x41, 
	0xa2, 0x41, 0xa2, 0x41, 0xa2, 0x41, 0xa2, 0x41, 
	0xa2, 0x41, 0xa2, 0x41, 0xa2, 0x41, 0xa2, 0x41, 
	0xa2, 0x41, 0xa2, 0x41, 0xa2, 0x41, 0xa2, 0x41, 
	0xa2, 0x41, 0xa2, 0x41, 0xa2, 0x41, 0xa2, 0x41, 
	0xa2, 0x41, 0xa2, 0x41, 0xa2, 0x41, 0xa2, 0x41, 
	0xa2, 0x41, 0xa2, 0x41, 0xa2, 0x41, 0xa2, 0x41, 
	0xa2, 0x41, 0xa2, 0x41, 0xa2, 0x41, 0xa2, 0x41, 
	0xa2, 0x41, 0xa2, 0x41, 0xa2, 0x41, 0xa2, 0x41, 
	
};

Vtx goomba_anime_000_displaylist_mesh_layer_4_vtx_0[4] = {
	{{{18, 18, 0},0, {974, -16},{0x0, 0x0, 0x7F, 0xFF}}},
	{{{-18, 18, 0},0, {-16, -16},{0x0, 0x0, 0x7F, 0xFF}}},
	{{{-18, -18, 0},0, {-16, 974},{0x0, 0x0, 0x7F, 0xFF}}},
	{{{18, -18, 0},0, {974, 974},{0x0, 0x0, 0x7F, 0xFF}}},
};

Gfx goomba_anime_000_displaylist_mesh_layer_4_tri_0[] = {
	gsSPVertex(goomba_anime_000_displaylist_mesh_layer_4_vtx_0 + 0, 4, 0),
	gsSP1Triangle(0, 1, 2, 0),
	gsSP1Triangle(0, 2, 3, 0),
	gsSPEndDisplayList(),
};

Vtx goomba_anime_000_offset_002_mesh_layer_1_vtx_0[75] = {
	{{{80, 58, 105},0, {1108, 306},{0x20, 0x3D, 0x6B, 0xFF}}},
	{{{-23, 109, 59},0, {826, 986},{0xC1, 0x63, 0x31, 0xFF}}},
	{{{-23, 55, 118},0, {1182, 962},{0xC2, 0x35, 0x61, 0xFF}}},
	{{{80, 98, 62},0, {842, 322},{0x20, 0x6D, 0x39, 0xFF}}},
	{{{143, 65, 69},0, {890, -94},{0x57, 0x43, 0x40, 0xFF}}},
	{{{82, 110, 0},0, {466, 314},{0x2A, 0x78, 0xFE, 0xFF}}},
	{{{156, 68, 0},0, {468, -172},{0x66, 0x4C, 0x0, 0xFF}}},
	{{{143, 65, -68},0, {46, -86},{0x57, 0x44, 0xC1, 0xFF}}},
	{{{80, 98, -61},0, {92, 330},{0x1D, 0x6F, 0xC9, 0xFF}}},
	{{{80, 58, -104},0, {-172, 320},{0x1F, 0x3E, 0x95, 0xFF}}},
	{{{-23, 55, -117},0, {-248, 974},{0xC2, 0x35, 0x9F, 0xFF}}},
	{{{-23, 109, -58},0, {106, 992},{0xC3, 0x64, 0xD0, 0xFF}}},
	{{{-1, 130, 0},0, {466, 856},{0xEA, 0x7D, 0xFC, 0xFF}}},
	{{{-23, 55, 118},0, {-914, 1210},{0xC2, 0x35, 0x61, 0xFF}}},
	{{{-23, 109, 59},0, {-1498, 1214},{0xC1, 0x63, 0x31, 0xFF}}},
	{{{-51, 49, 53},0, {-1560, 1494},{0x86, 0x19, 0x17, 0xFF}}},
	{{{-51, 49, 53},0, {-1560, 1494},{0x86, 0x19, 0x17, 0xFF}}},
	{{{-23, 109, 59},0, {-1498, 1214},{0xC1, 0x63, 0x31, 0xFF}}},
	{{{-23, 109, -58},0, {-2682, 1214},{0xC3, 0x64, 0xD0, 0xFF}}},
	{{{-51, 49, -52},0, {-2620, 1494},{0x86, 0x19, 0xE9, 0xFF}}},
	{{{-23, 55, -117},0, {-3266, 1210},{0xC2, 0x35, 0x9F, 0xFF}}},
	{{{-23, -54, -117},0, {-3266, 1210},{0xC0, 0xD2, 0x9C, 0xFF}}},
	{{{-1, 0, -140},0, {-3494, 988},{0xED, 0x0, 0x82, 0xFF}}},
	{{{82, 0, -119},0, {-3284, 152},{0x2B, 0xFF, 0x88, 0xFF}}},
	{{{80, 58, -104},0, {-3142, 180},{0x1F, 0x3E, 0x95, 0xFF}}},
	{{{143, 65, -68},0, {-2784, -456},{0x57, 0x44, 0xC1, 0xFF}}},
	{{{156, 0, -73},0, {-2824, -588},{0x67, 0xFF, 0xB6, 0xFF}}},
	{{{156, 68, 0},0, {-2090, -588},{0x66, 0x4C, 0x0, 0xFF}}},
	{{{177, 0, 0},0, {-2090, -790},{0x7F, 0x0, 0x0, 0xFF}}},
	{{{156, 0, 74},0, {-1356, -588},{0x67, 0x0, 0x4A, 0xFF}}},
	{{{143, 65, 69},0, {-1396, -456},{0x57, 0x43, 0x40, 0xFF}}},
	{{{80, 58, 105},0, {-1038, 180},{0x20, 0x3D, 0x6B, 0xFF}}},
	{{{156, 0, 74},0, {-1356, -588},{0x67, 0x0, 0x4A, 0xFF}}},
	{{{80, 58, 105},0, {-1038, 180},{0x20, 0x3D, 0x6B, 0xFF}}},
	{{{82, 0, 120},0, {-896, 152},{0x2D, 0x3, 0x77, 0xFF}}},
	{{{-23, 55, 118},0, {-914, 1210},{0xC2, 0x35, 0x61, 0xFF}}},
	{{{-1, 0, 141},0, {-686, 988},{0xEA, 0x3, 0x7D, 0xFF}}},
	{{{-23, -54, 118},0, {-914, 1210},{0xC1, 0xCD, 0x62, 0xFF}}},
	{{{-51, -48, 53},0, {-1560, 1494},{0x85, 0xE9, 0x16, 0xFF}}},
	{{{-51, 49, 53},0, {-1560, 1494},{0x86, 0x19, 0x17, 0xFF}}},
	{{{-51, -48, -52},0, {-2620, 1494},{0x85, 0xE9, 0xEA, 0xFF}}},
	{{{-51, 49, -52},0, {-2620, 1494},{0x86, 0x19, 0xE9, 0xFF}}},
	{{{-23, -54, -117},0, {-3266, 1210},{0xC0, 0xD2, 0x9C, 0xFF}}},
	{{{-23, -108, -74},0, {-2842, 1214},{0xC6, 0x9E, 0xC7, 0xFF}}},
	{{{80, -57, -104},0, {-3142, 180},{0x23, 0xC1, 0x97, 0xFF}}},
	{{{82, 0, -119},0, {-3284, 152},{0x2B, 0xFF, 0x88, 0xFF}}},
	{{{-1, 0, -140},0, {-3494, 988},{0xED, 0x0, 0x82, 0xFF}}},
	{{{156, 0, -73},0, {-2824, -588},{0x67, 0xFF, 0xB6, 0xFF}}},
	{{{156, 0, -73},0, {-2824, -588},{0x67, 0xFF, 0xB6, 0xFF}}},
	{{{143, -64, -68},0, {-2784, -456},{0x55, 0xBB, 0xBF, 0xFF}}},
	{{{80, -57, -104},0, {-3142, 180},{0x23, 0xC1, 0x97, 0xFF}}},
	{{{156, -67, 0},0, {-2090, -588},{0x66, 0xB4, 0x0, 0xFF}}},
	{{{177, 0, 0},0, {-2090, -790},{0x7F, 0x0, 0x0, 0xFF}}},
	{{{156, 0, 74},0, {-1356, -588},{0x67, 0x0, 0x4A, 0xFF}}},
	{{{143, -64, 69},0, {-1396, -456},{0x55, 0xBB, 0x40, 0xFF}}},
	{{{82, 0, 120},0, {-896, 152},{0x2D, 0x3, 0x77, 0xFF}}},
	{{{80, -57, 105},0, {-1038, 180},{0x20, 0xBB, 0x66, 0xFF}}},
	{{{-1, 0, 141},0, {-686, 988},{0xEA, 0x3, 0x7D, 0xFF}}},
	{{{-23, -54, 118},0, {-914, 1210},{0xC1, 0xCD, 0x62, 0xFF}}},
	{{{80, -97, 52},0, {-1576, 180},{0x1F, 0x90, 0x33, 0xFF}}},
	{{{-23, -108, 75},0, {-1338, 1214},{0xCA, 0x9E, 0x3C, 0xFF}}},
	{{{-51, -48, 53},0, {-1560, 1494},{0x85, 0xE9, 0x16, 0xFF}}},
	{{{-51, -48, -52},0, {-2620, 1494},{0x85, 0xE9, 0xEA, 0xFF}}},
	{{{-23, -108, -74},0, {-2842, 1214},{0xC6, 0x9E, 0xC7, 0xFF}}},
	{{{-23, -108, -74},0, {-2842, 1214},{0xC6, 0x9E, 0xC7, 0xFF}}},
	{{{-1, -129, 0},0, {-2090, 988},{0xEA, 0x83, 0x1, 0xFF}}},
	{{{-23, -108, 75},0, {-1338, 1214},{0xCA, 0x9E, 0x3C, 0xFF}}},
	{{{80, -97, -51},0, {-2604, 180},{0x23, 0x90, 0xCE, 0xFF}}},
	{{{80, -57, -104},0, {-3142, 180},{0x23, 0xC1, 0x97, 0xFF}}},
	{{{143, -64, -68},0, {-2784, -456},{0x55, 0xBB, 0xBF, 0xFF}}},
	{{{82, -109, 0},0, {-2090, 152},{0x2A, 0x88, 0x1, 0xFF}}},
	{{{156, -67, 0},0, {-2090, -588},{0x66, 0xB4, 0x0, 0xFF}}},
	{{{143, -64, 69},0, {-1396, -456},{0x55, 0xBB, 0x40, 0xFF}}},
	{{{80, -97, 52},0, {-1576, 180},{0x1F, 0x90, 0x33, 0xFF}}},
	{{{80, -57, 105},0, {-1038, 180},{0x20, 0xBB, 0x66, 0xFF}}},
};

Gfx goomba_anime_000_offset_002_mesh_layer_1_tri_0[] = {
	gsSPVertex(goomba_anime_000_offset_002_mesh_layer_1_vtx_0 + 0, 16, 0),
	gsSP1Triangle(0, 1, 2, 0),
	gsSP1Triangle(0, 3, 1, 0),
	gsSP1Triangle(4, 3, 0, 0),
	gsSP1Triangle(5, 3, 4, 0),
	gsSP1Triangle(5, 4, 6, 0),
	gsSP1Triangle(7, 5, 6, 0),
	gsSP1Triangle(7, 8, 5, 0),
	gsSP1Triangle(9, 8, 7, 0),
	gsSP1Triangle(10, 8, 9, 0),
	gsSP1Triangle(10, 11, 8, 0),
	gsSP1Triangle(11, 5, 8, 0),
	gsSP1Triangle(11, 12, 5, 0),
	gsSP1Triangle(1, 12, 11, 0),
	gsSP1Triangle(12, 1, 3, 0),
	gsSP1Triangle(12, 3, 5, 0),
	gsSP1Triangle(13, 14, 15, 0),
	gsSPVertex(goomba_anime_000_offset_002_mesh_layer_1_vtx_0 + 16, 16, 0),
	gsSP1Triangle(0, 1, 2, 0),
	gsSP1Triangle(0, 2, 3, 0),
	gsSP1Triangle(2, 4, 3, 0),
	gsSP1Triangle(5, 3, 4, 0),
	gsSP1Triangle(4, 6, 5, 0),
	gsSP1Triangle(7, 6, 4, 0),
	gsSP1Triangle(7, 4, 8, 0),
	gsSP1Triangle(7, 8, 9, 0),
	gsSP1Triangle(7, 9, 10, 0),
	gsSP1Triangle(11, 10, 9, 0),
	gsSP1Triangle(11, 12, 10, 0),
	gsSP1Triangle(13, 12, 11, 0),
	gsSP1Triangle(13, 11, 14, 0),
	gsSP1Triangle(13, 14, 15, 0),
	gsSPVertex(goomba_anime_000_offset_002_mesh_layer_1_vtx_0 + 32, 16, 0),
	gsSP1Triangle(0, 1, 2, 0),
	gsSP1Triangle(3, 2, 1, 0),
	gsSP1Triangle(3, 4, 2, 0),
	gsSP1Triangle(5, 4, 3, 0),
	gsSP1Triangle(3, 6, 5, 0),
	gsSP1Triangle(3, 7, 6, 0),
	gsSP1Triangle(7, 8, 6, 0),
	gsSP1Triangle(7, 9, 8, 0),
	gsSP1Triangle(10, 8, 9, 0),
	gsSP1Triangle(10, 11, 8, 0),
	gsSP1Triangle(12, 11, 10, 0),
	gsSP1Triangle(10, 13, 12, 0),
	gsSP1Triangle(10, 14, 13, 0),
	gsSP1Triangle(15, 12, 13, 0),
	gsSPVertex(goomba_anime_000_offset_002_mesh_layer_1_vtx_0 + 48, 16, 0),
	gsSP1Triangle(0, 1, 2, 0),
	gsSP1Triangle(0, 3, 1, 0),
	gsSP1Triangle(0, 4, 3, 0),
	gsSP1Triangle(3, 4, 5, 0),
	gsSP1Triangle(3, 5, 6, 0),
	gsSP1Triangle(7, 6, 5, 0),
	gsSP1Triangle(7, 8, 6, 0),
	gsSP1Triangle(9, 8, 7, 0),
	gsSP1Triangle(9, 10, 8, 0),
	gsSP1Triangle(10, 11, 8, 0),
	gsSP1Triangle(10, 12, 11, 0),
	gsSP1Triangle(12, 10, 13, 0),
	gsSP1Triangle(14, 12, 13, 0),
	gsSP1Triangle(14, 15, 12, 0),
	gsSPVertex(goomba_anime_000_offset_002_mesh_layer_1_vtx_0 + 64, 11, 0),
	gsSP1Triangle(0, 1, 2, 0),
	gsSP1Triangle(1, 0, 3, 0),
	gsSP1Triangle(4, 3, 0, 0),
	gsSP1Triangle(5, 3, 4, 0),
	gsSP1Triangle(6, 3, 5, 0),
	gsSP1Triangle(6, 5, 7, 0),
	gsSP1Triangle(8, 6, 7, 0),
	gsSP1Triangle(8, 9, 6, 0),
	gsSP1Triangle(10, 9, 8, 0),
	gsSP1Triangle(2, 6, 9, 0),
	gsSP1Triangle(2, 1, 6, 0),
	gsSP1Triangle(1, 3, 6, 0),
	gsSPEndDisplayList(),
};

Vtx goomba_anime_000_offset_002_mesh_layer_1_vtx_1[820] = {
	{{{72, 1, -139},0, {752, 496},{0xE, 0xF7, 0x82, 0xFF}}},
	{{{61, 51, -119},0, {816, 496},{0xD3, 0x2F, 0x93, 0xFF}}},
	{{{87, 65, -153},0, {752, 496},{0x2, 0x30, 0x8A, 0xFF}}},
	{{{48, 64, -114},0, {816, 560},{0x6, 0x32, 0x8B, 0xFF}}},
	{{{48, 4, -141},0, {752, 560},{0xC8, 0x8, 0x8E, 0xFF}}},
	{{{72, -49, -119},0, {688, 496},{0xDD, 0xD3, 0x8E, 0xFF}}},
	{{{91, -56, -135},0, {688, 496},{0xC, 0xD0, 0x8B, 0xFF}}},
	{{{48, -60, -121},0, {688, 560},{0x14, 0xD4, 0x8A, 0xFF}}},
	{{{72, -99, -98},0, {624, 496},{0xF5, 0x9B, 0xB3, 0xFF}}},
	{{{91, -56, -135},0, {624, 496},{0xC, 0xD0, 0x8B, 0xFF}}},
	{{{48, -85, -111},0, {655, 560},{0xD7, 0x98, 0xC3, 0xFF}}},
	{{{69, -91, -92},0, {624, 496},{0x9D, 0x35, 0x3B, 0xFF}}},
	{{{46, -107, -68},0, {593, 560},{0xA8, 0x59, 0xE9, 0xFF}}},
	{{{48, -116, -71},0, {593, 560},{0xD0, 0xB7, 0xA4, 0xFF}}},
	{{{48, -126, -47},0, {560, 560},{0x1F, 0x8E, 0xD1, 0xFF}}},
	{{{72, -119, -48},0, {560, 496},{0x29, 0x91, 0xD2, 0xFF}}},
	{{{72, -99, -98},0, {624, 496},{0xF5, 0x9B, 0xB3, 0xFF}}},
	{{{99, -107, -43},0, {560, 432},{0x36, 0x96, 0xD4, 0xFF}}},
	{{{72, -119, -48},0, {560, 496},{0x29, 0x91, 0xD2, 0xFF}}},
	{{{99, -89, -88},0, {624, 432},{0x38, 0x9E, 0xC6, 0xFF}}},
	{{{91, -56, -135},0, {624, 432},{0xC, 0xD0, 0x8B, 0xFF}}},
	{{{127, -95, -39},0, {560, 368},{0x3F, 0x9A, 0xD6, 0xFF}}},
	{{{127, -79, -78},0, {624, 368},{0x3E, 0xA4, 0xC3, 0xFF}}},
	{{{91, -56, -135},0, {624, 368},{0xC, 0xD0, 0x8B, 0xFF}}},
	{{{144, -84, -34},0, {560, 304},{0x48, 0x9F, 0xD8, 0xFF}}},
	{{{144, -69, -69},0, {624, 304},{0x48, 0xA0, 0xD6, 0xFF}}},
	{{{152, -45, -110},0, {624, 304},{0x2F, 0xD3, 0x93, 0xFF}}},
	{{{162, -73, -29},0, {560, 240},{0x52, 0xA6, 0xDB, 0xFF}}},
	{{{162, -60, -60},0, {624, 240},{0x56, 0xB0, 0xCF, 0xFF}}},
	{{{152, -45, -110},0, {624, 240},{0x2F, 0xD3, 0x93, 0xFF}}},
	{{{180, -56, -22},0, {560, 176},{0x59, 0xAB, 0xE0, 0xFF}}},
	{{{180, -46, -46},0, {624, 176},{0x4B, 0x9E, 0xE2, 0xFF}}},
	{{{180, -46, -46},0, {624, 176},{0x4B, 0x9E, 0xE2, 0xFF}}},
	{{{162, -60, -60},0, {624, 240},{0x56, 0xB0, 0xCF, 0xFF}}},
	{{{192, -35, -58},0, {624, 176},{0x5F, 0xD0, 0xBA, 0xFF}}},
	{{{180, -56, -22},0, {560, 176},{0x59, 0xAB, 0xE0, 0xFF}}},
	{{{192, -35, -58},0, {560, 176},{0x5F, 0xD0, 0xBA, 0xFF}}},
	{{{99, 1, -125},0, {752, 432},{0x39, 0xF4, 0x8F, 0xFF}}},
	{{{72, 1, -139},0, {752, 496},{0xE, 0xF7, 0x82, 0xFF}}},
	{{{87, 65, -153},0, {752, 432},{0x2, 0x30, 0x8A, 0xFF}}},
	{{{91, -56, -135},0, {752, 496},{0xC, 0xD0, 0x8B, 0xFF}}},
	{{{207, 24, 1},0, {976, 48},{0x7A, 0x24, 0x0, 0xFF}}},
	{{{211, 1, 1},0, {944, -16},{0x7F, 0x0, 0x0, 0xFF}}},
	{{{207, 17, -15},0, {912, 48},{0x7A, 0x19, 0xE7, 0xFF}}},
	{{{199, 41, -15},0, {944, 112},{0x6A, 0x41, 0xE5, 0xFF}}},
	{{{199, 34, -32},0, {880, 112},{0x71, 0x33, 0xE3, 0xFF}}},
	{{{180, 58, -22},0, {944, 176},{0x5A, 0x53, 0xDE, 0xFF}}},
	{{{180, 48, -46},0, {880, 176},{0x4B, 0x67, 0x6, 0xFF}}},
	{{{180, 48, -46},0, {880, 176},{0x4B, 0x67, 0x6, 0xFF}}},
	{{{199, 34, -32},0, {880, 112},{0x71, 0x33, 0xE3, 0xFF}}},
	{{{187, 53, -66},0, {880, 176},{0x49, 0x53, 0xC1, 0xFF}}},
	{{{162, 74, -29},0, {944, 240},{0x52, 0x5A, 0xDB, 0xFF}}},
	{{{180, 58, -22},0, {944, 176},{0x5A, 0x53, 0xDE, 0xFF}}},
	{{{162, 87, 1},0, {1008, 240},{0x54, 0x5F, 0x0, 0xFF}}},
	{{{144, 100, 1},0, {1008, 304},{0x4C, 0x66, 0x0, 0xFF}}},
	{{{144, 86, -34},0, {944, 304},{0x48, 0x61, 0xD8, 0xFF}}},
	{{{162, 62, -60},0, {880, 240},{0x4B, 0x59, 0xCC, 0xFF}}},
	{{{187, 53, -66},0, {880, 240},{0x49, 0x53, 0xC1, 0xFF}}},
	{{{144, 71, -69},0, {880, 304},{0x4A, 0x5B, 0xCF, 0xFF}}},
	{{{145, 46, -107},0, {880, 304},{0x23, 0x2F, 0x8F, 0xFF}}},
	{{{127, 81, -78},0, {880, 368},{0x3B, 0x5F, 0xC4, 0xFF}}},
	{{{145, 46, -107},0, {880, 368},{0x23, 0x2F, 0x8F, 0xFF}}},
	{{{127, 90, -56},0, {916, 368},{0x26, 0x70, 0xD2, 0xFF}}},
	{{{99, 96, -74},0, {900, 432},{0x3, 0x7A, 0x25, 0xFF}}},
	{{{99, 96, -74},0, {900, 432},{0x3, 0x7A, 0x25, 0xFF}}},
	{{{127, 81, -78},0, {880, 368},{0x3B, 0x5F, 0xC4, 0xFF}}},
	{{{99, 94, -79},0, {893, 432},{0x1B, 0x2B, 0x8B, 0xFF}}},
	{{{121, 73, -74},0, {880, 368},{0xB2, 0xAB, 0x35, 0xFF}}},
	{{{95, 86, -76},0, {893, 432},{0xD0, 0x96, 0xCC, 0xFF}}},
	{{{95, 88, -70},0, {900, 432},{0xB7, 0xE3, 0x64, 0xFF}}},
	{{{122, 82, -53},0, {916, 368},{0xA6, 0xAD, 0x22, 0xFF}}},
	{{{139, 64, -65},0, {880, 304},{0xB7, 0xA3, 0x2E, 0xFF}}},
	{{{142, 42, -98},0, {880, 368},{0xD9, 0xD2, 0x70, 0xFF}}},
	{{{139, 78, -31},0, {944, 304},{0xB8, 0x9F, 0x29, 0xFF}}},
	{{{156, 55, -56},0, {880, 240},{0xB2, 0xAA, 0x34, 0xFF}}},
	{{{142, 42, -98},0, {880, 304},{0xD9, 0xD2, 0x70, 0xFF}}},
	{{{156, 67, -26},0, {944, 240},{0xAE, 0xA6, 0x25, 0xFF}}},
	{{{174, 40, -46},0, {880, 176},{0xC3, 0x92, 0xEB, 0xFF}}},
	{{{181, 47, -61},0, {880, 240},{0xB6, 0xAB, 0x3A, 0xFF}}},
	{{{173, 51, -19},0, {944, 176},{0xA6, 0xAD, 0x22, 0xFF}}},
	{{{173, 51, -19},0, {944, 176},{0xA6, 0xAD, 0x22, 0xFF}}},
	{{{174, 40, -46},0, {880, 176},{0xC3, 0x92, 0xEB, 0xFF}}},
	{{{190, 30, -29},0, {880, 112},{0x8F, 0xCC, 0x1C, 0xFF}}},
	{{{181, 47, -61},0, {880, 176},{0xB6, 0xAB, 0x3A, 0xFF}}},
	{{{190, 36, -13},0, {944, 112},{0x96, 0xBF, 0x1B, 0xFF}}},
	{{{198, 15, -13},0, {912, 48},{0x86, 0xE7, 0x19, 0xFF}}},
	{{{198, 21, 1},0, {976, 48},{0x86, 0xDD, 0x0, 0xFF}}},
	{{{201, 1, 1},0, {944, -16},{0x81, 0x0, 0x0, 0xFF}}},
	{{{190, 42, 1},0, {1008, 112},{0x97, 0xB8, 0x0, 0xFF}}},
	{{{172, 61, 1},0, {1008, 176},{0xA2, 0xAB, 0x0, 0xFF}}},
	{{{156, 80, 1},0, {1008, 240},{0xAC, 0xA0, 0x0, 0xFF}}},
	{{{156, 67, -26},0, {944, 240},{0xAE, 0xA6, 0x25, 0xFF}}},
	{{{138, 92, 1},0, {1008, 304},{0xB5, 0x99, 0xFC, 0xFF}}},
	{{{139, 78, -31},0, {944, 304},{0xB8, 0x9F, 0x29, 0xFF}}},
	{{{122, 89, -35},0, {944, 368},{0xC1, 0x9A, 0x2A, 0xFF}}},
	{{{128, 92, -17},0, {973, 343},{0x82, 0x4, 0x10, 0xFF}}},
	{{{138, 92, 1},0, {1008, 304},{0xB5, 0x99, 0xFC, 0xFF}}},
	{{{122, 98, -13},0, {979, 368},{0xA7, 0xB5, 0xCD, 0xFF}}},
	{{{128, 92, -17},0, {973, 343},{0x82, 0x4, 0x10, 0xFF}}},
	{{{122, 105, 1},0, {1008, 368},{0xAF, 0x9F, 0x0, 0xFF}}},
	{{{119, 107, 4},0, {1008, 377},{0xD8, 0xE1, 0x75, 0xFF}}},
	{{{104, 111, -4},0, {994, 411},{0x83, 0xF1, 0x11, 0xFF}}},
	{{{123, 115, 1},0, {1008, 377},{0x1D, 0x6B, 0x3E, 0xFF}}},
	{{{108, 119, -8},0, {994, 411},{0xBE, 0x68, 0xE0, 0xFF}}},
	{{{127, 106, -16},0, {979, 368},{0x6, 0x43, 0x94, 0xFF}}},
	{{{127, 114, 1},0, {1008, 368},{0x42, 0x6D, 0x0, 0xFF}}},
	{{{144, 100, 1},0, {1008, 304},{0x4C, 0x66, 0x0, 0xFF}}},
	{{{134, 100, -20},0, {973, 343},{0xCE, 0x71, 0xE4, 0xFF}}},
	{{{127, 97, -39},0, {944, 368},{0x3F, 0x66, 0xD6, 0xFF}}},
	{{{144, 86, -34},0, {944, 304},{0x48, 0x61, 0xD8, 0xFF}}},
	{{{127, 90, -56},0, {916, 368},{0x26, 0x70, 0xD2, 0xFF}}},
	{{{99, 109, -43},0, {944, 432},{0x36, 0x6A, 0xD4, 0xFF}}},
	{{{99, 109, -43},0, {944, 432},{0x36, 0x6A, 0xD4, 0xFF}}},
	{{{127, 90, -56},0, {916, 368},{0x26, 0x70, 0xD2, 0xFF}}},
	{{{99, 107, -48},0, {937, 432},{0x4, 0x3B, 0x8F, 0xFF}}},
	{{{122, 82, -53},0, {916, 368},{0xA6, 0xAD, 0x22, 0xFF}}},
	{{{95, 88, -70},0, {900, 432},{0xB7, 0xE3, 0x64, 0xFF}}},
	{{{99, 96, -74},0, {900, 432},{0x3, 0x7A, 0x25, 0xFF}}},
	{{{86, 90, -76},0, {896, 452},{0x83, 0xEA, 0xF8, 0xFF}}},
	{{{91, 98, -80},0, {896, 452},{0xBE, 0x5D, 0xC8, 0xFF}}},
	{{{99, 94, -79},0, {893, 432},{0x1B, 0x2B, 0x8B, 0xFF}}},
	{{{95, 86, -76},0, {893, 432},{0xD0, 0x96, 0xCC, 0xFF}}},
	{{{95, 99, -45},0, {937, 432},{0xB8, 0xA4, 0xCD, 0xFF}}},
	{{{95, 101, -40},0, {944, 432},{0xCA, 0x96, 0x2C, 0xFF}}},
	{{{122, 89, -35},0, {944, 368},{0xC1, 0x9A, 0x2A, 0xFF}}},
	{{{139, 78, -31},0, {944, 304},{0xB8, 0x9F, 0x29, 0xFF}}},
	{{{95, 102, -36},0, {950, 432},{0xBC, 0xE2, 0x67, 0xFF}}},
	{{{85, 105, -42},0, {944, 455},{0x82, 0xF1, 0x9, 0xFF}}},
	{{{99, 111, -40},0, {950, 432},{0x9, 0x78, 0x28, 0xFF}}},
	{{{85, 105, -42},0, {944, 455},{0x82, 0xF1, 0x9, 0xFF}}},
	{{{95, 102, -36},0, {950, 432},{0xBC, 0xE2, 0x67, 0xFF}}},
	{{{127, 103, -24},0, {968, 368},{0x15, 0x76, 0x2B, 0xFF}}},
	{{{122, 95, -20},0, {968, 368},{0xBA, 0xEC, 0x68, 0xFF}}},
	{{{122, 89, -35},0, {944, 368},{0xC1, 0x9A, 0x2A, 0xFF}}},
	{{{128, 92, -17},0, {973, 343},{0x82, 0x4, 0x10, 0xFF}}},
	{{{134, 100, -20},0, {973, 343},{0xCE, 0x71, 0xE4, 0xFF}}},
	{{{127, 106, -16},0, {979, 368},{0x6, 0x43, 0x94, 0xFF}}},
	{{{122, 98, -13},0, {979, 368},{0xA7, 0xB5, 0xCD, 0xFF}}},
	{{{108, 119, -8},0, {994, 411},{0xBE, 0x68, 0xE0, 0xFF}}},
	{{{104, 111, -4},0, {994, 411},{0x83, 0xF1, 0x11, 0xFF}}},
	{{{127, 97, -39},0, {944, 368},{0x3F, 0x66, 0xD6, 0xFF}}},
	{{{99, 109, -43},0, {944, 432},{0x36, 0x6A, 0xD4, 0xFF}}},
	{{{89, 113, -45},0, {944, 455},{0xBE, 0x65, 0xDA, 0xFF}}},
	{{{99, 107, -48},0, {937, 432},{0x4, 0x3B, 0x8F, 0xFF}}},
	{{{89, 113, -45},0, {944, 455},{0xBE, 0x65, 0xDA, 0xFF}}},
	{{{99, 107, -48},0, {937, 432},{0x4, 0x3B, 0x8F, 0xFF}}},
	{{{95, 99, -45},0, {937, 432},{0xB8, 0xA4, 0xCD, 0xFF}}},
	{{{85, 105, -42},0, {944, 455},{0x82, 0xF1, 0x9, 0xFF}}},
	{{{95, 101, -40},0, {944, 432},{0xCA, 0x96, 0x2C, 0xFF}}},
	{{{99, 111, -40},0, {950, 432},{0x9, 0x78, 0x28, 0xFF}}},
	{{{207, 17, -15},0, {848, 48},{0x7A, 0x19, 0xE7, 0xFF}}},
	{{{211, 1, 1},0, {816, -16},{0x7F, 0x0, 0x0, 0xFF}}},
	{{{207, 1, -22},0, {784, 48},{0x7A, 0x0, 0xDC, 0xFF}}},
	{{{199, 17, -39},0, {816, 112},{0x78, 0x10, 0xD9, 0xFF}}},
	{{{199, 1, -45},0, {752, 112},{0x71, 0x0, 0xC5, 0xFF}}},
	{{{187, 53, -66},0, {816, 112},{0x49, 0x53, 0xC1, 0xFF}}},
	{{{199, 34, -32},0, {880, 112},{0x71, 0x33, 0xE3, 0xFF}}},
	{{{187, 53, -66},0, {880, 112},{0x49, 0x53, 0xC1, 0xFF}}},
	{{{207, 17, 18},0, {80, 48},{0x7A, 0x19, 0x19, 0xFF}}},
	{{{211, 1, 1},0, {48, -16},{0x7F, 0x0, 0x0, 0xFF}}},
	{{{207, 24, 1},0, {16, 48},{0x7A, 0x24, 0x0, 0xFF}}},
	{{{199, 41, 18},0, {48, 112},{0x6A, 0x41, 0x1B, 0xFF}}},
	{{{199, 48, 1},0, {-16, 112},{0x69, 0x48, 0x0, 0xFF}}},
	{{{180, 58, 25},0, {48, 176},{0x5A, 0x53, 0x22, 0xFF}}},
	{{{180, 67, 1},0, {-16, 176},{0x5E, 0x56, 0x0, 0xFF}}},
	{{{162, 74, 32},0, {48, 240},{0x41, 0x61, 0x33, 0xFF}}},
	{{{162, 87, 1},0, {-16, 240},{0x54, 0x5F, 0x0, 0xFF}}},
	{{{144, 95, 15},0, {9, 304},{0xFD, 0x55, 0x5F, 0xFF}}},
	{{{144, 100, 1},0, {-16, 304},{0x4C, 0x66, 0x0, 0xFF}}},
	{{{127, 113, 4},0, {-12, 368},{0x1A, 0x40, 0x6A, 0xFF}}},
	{{{127, 114, 1},0, {-16, 368},{0x42, 0x6D, 0x0, 0xFF}}},
	{{{123, 115, 1},0, {-16, 377},{0x1D, 0x6B, 0x3E, 0xFF}}},
	{{{119, 107, 4},0, {-16, 377},{0xD8, 0xE1, 0x75, 0xFF}}},
	{{{121, 105, 0},0, {-12, 368},{0xBD, 0xE9, 0x6A, 0xFF}}},
	{{{119, 107, 4},0, {-16, 377},{0xD8, 0xE1, 0x75, 0xFF}}},
	{{{122, 105, 1},0, {-16, 368},{0xAF, 0x9F, 0x0, 0xFF}}},
	{{{121, 105, 0},0, {-12, 368},{0xBD, 0xE9, 0x6A, 0xFF}}},
	{{{139, 87, 11},0, {9, 304},{0x94, 0xC0, 0x13, 0xFF}}},
	{{{138, 92, 1},0, {-16, 304},{0xB5, 0x99, 0xFC, 0xFF}}},
	{{{156, 80, 1},0, {-16, 240},{0xAC, 0xA0, 0x0, 0xFF}}},
	{{{157, 67, 28},0, {48, 240},{0xC0, 0xA1, 0xC9, 0xFF}}},
	{{{172, 61, 1},0, {-16, 176},{0xA2, 0xAB, 0x0, 0xFF}}},
	{{{173, 51, 22},0, {48, 176},{0xA6, 0xAD, 0xDE, 0xFF}}},
	{{{190, 42, 1},0, {-16, 112},{0x97, 0xB8, 0x0, 0xFF}}},
	{{{190, 36, 16},0, {48, 112},{0x96, 0xBF, 0xE5, 0xFF}}},
	{{{198, 21, 1},0, {16, 48},{0x86, 0xDD, 0x0, 0xFF}}},
	{{{198, 15, 16},0, {80, 48},{0x86, 0xE7, 0xE7, 0xFF}}},
	{{{201, 1, 1},0, {48, -16},{0x81, 0x0, 0x0, 0xFF}}},
	{{{190, 29, 33},0, {112, 112},{0x8F, 0xC9, 0xED, 0xFF}}},
	{{{173, 40, 47},0, {112, 176},{0xB2, 0x9C, 0xFC, 0xFF}}},
	{{{190, 29, 33},0, {112, 112},{0x8F, 0xC9, 0xED, 0xFF}}},
	{{{196, 35, 83},0, {112, 112},{0xAD, 0xD9, 0xA8, 0xFF}}},
	{{{173, 40, 47},0, {112, 176},{0xB2, 0x9C, 0xFC, 0xFF}}},
	{{{173, 51, 22},0, {48, 176},{0xA6, 0xAD, 0xDE, 0xFF}}},
	{{{190, 36, 16},0, {48, 112},{0x96, 0xBF, 0xE5, 0xFF}}},
	{{{157, 54, 60},0, {112, 240},{0xB8, 0x9C, 0xE0, 0xFF}}},
	{{{196, 35, 83},0, {112, 176},{0xAD, 0xD9, 0xA8, 0xFF}}},
	{{{157, 67, 28},0, {48, 240},{0xC0, 0xA1, 0xC9, 0xFF}}},
	{{{141, 65, 63},0, {101, 304},{0xA0, 0xCF, 0xBC, 0xFF}}},
	{{{140, 63, 70},0, {112, 304},{0xC2, 0x93, 0xEA, 0xFF}}},
	{{{155, 49, 118},0, {112, 240},{0xCF, 0xD2, 0x94, 0xFF}}},
	{{{122, 73, 76},0, {112, 368},{0xBE, 0xEF, 0x95, 0xFF}}},
	{{{127, 81, 81},0, {112, 368},{0x18, 0x7A, 0xE5, 0xFF}}},
	{{{144, 74, 65},0, {101, 304},{0xF6, 0x7D, 0xEA, 0xFF}}},
	{{{144, 71, 72},0, {112, 304},{0x3F, 0x6C, 0x19, 0xFF}}},
	{{{159, 53, 127},0, {112, 304},{0x2F, 0x2D, 0x6D, 0xFF}}},
	{{{144, 74, 65},0, {101, 304},{0xF6, 0x7D, 0xEA, 0xFF}}},
	{{{144, 71, 72},0, {112, 304},{0x3F, 0x6C, 0x19, 0xFF}}},
	{{{162, 62, 62},0, {112, 240},{0x48, 0x64, 0x21, 0xFF}}},
	{{{159, 53, 127},0, {112, 240},{0x2F, 0x2D, 0x6D, 0xFF}}},
	{{{151, 69, 38},0, {92, 262},{0xBC, 0x64, 0x28, 0xFF}}},
	{{{162, 74, 32},0, {48, 240},{0x41, 0x61, 0x33, 0xFF}}},
	{{{180, 58, 25},0, {48, 176},{0x5A, 0x53, 0x22, 0xFF}}},
	{{{180, 48, 48},0, {112, 176},{0x53, 0x60, 0xB, 0xFF}}},
	{{{202, 38, 90},0, {112, 176},{0x4F, 0x26, 0x5C, 0xFF}}},
	{{{199, 41, 18},0, {48, 112},{0x6A, 0x41, 0x1B, 0xFF}}},
	{{{199, 34, 34},0, {112, 112},{0x71, 0x38, 0x13, 0xFF}}},
	{{{202, 38, 90},0, {112, 112},{0x4F, 0x26, 0x5C, 0xFF}}},
	{{{207, 17, 18},0, {80, 48},{0x7A, 0x19, 0x19, 0xFF}}},
	{{{140, 63, 70},0, {112, 304},{0xC2, 0x93, 0xEA, 0xFF}}},
	{{{155, 49, 118},0, {112, 304},{0xCF, 0xD2, 0x94, 0xFF}}},
	{{{122, 73, 76},0, {112, 368},{0xBE, 0xEF, 0x95, 0xFF}}},
	{{{207, 1, 25},0, {208, 48},{0x7A, 0x0, 0x24, 0xFF}}},
	{{{211, 1, 1},0, {176, -16},{0x7F, 0x0, 0x0, 0xFF}}},
	{{{207, 17, 18},0, {144, 48},{0x7A, 0x19, 0x19, 0xFF}}},
	{{{199, 17, 41},0, {176, 112},{0x7E, 0x7, 0x12, 0xFF}}},
	{{{199, 34, 34},0, {112, 112},{0x71, 0x38, 0x13, 0xFF}}},
	{{{202, 38, 90},0, {176, 112},{0x4F, 0x26, 0x5C, 0xFF}}},
	{{{199, 1, 48},0, {240, 112},{0x79, 0xFD, 0x26, 0xFF}}},
	{{{202, 38, 90},0, {240, 112},{0x4F, 0x26, 0x5C, 0xFF}}},
	{{{207, -16, 18},0, {336, 48},{0x7A, 0xE7, 0x19, 0xFF}}},
	{{{211, 1, 1},0, {304, -16},{0x7F, 0x0, 0x0, 0xFF}}},
	{{{207, 1, 25},0, {272, 48},{0x7A, 0x0, 0x24, 0xFF}}},
	{{{199, -16, 41},0, {304, 112},{0x7C, 0xF6, 0x18, 0xFF}}},
	{{{197, -36, 90},0, {304, 112},{0x48, 0xD8, 0x61, 0xFF}}},
	{{{199, -32, 34},0, {368, 112},{0x76, 0xD8, 0x1B, 0xFF}}},
	{{{197, -36, 90},0, {368, 112},{0x48, 0xD8, 0x61, 0xFF}}},
	{{{207, -22, 1},0, {464, 48},{0x7A, 0xDC, 0x0, 0xFF}}},
	{{{211, 1, 1},0, {432, -16},{0x7F, 0x0, 0x0, 0xFF}}},
	{{{207, -16, 18},0, {400, 48},{0x7A, 0xE7, 0x19, 0xFF}}},
	{{{199, -39, 18},0, {432, 112},{0x78, 0xDA, 0x10, 0xFF}}},
	{{{199, -32, 34},0, {368, 112},{0x76, 0xD8, 0x1B, 0xFF}}},
	{{{190, -65, 29},0, {432, 112},{0x5D, 0xAF, 0x21, 0xFF}}},
	{{{199, -46, 1},0, {496, 112},{0x6E, 0xC1, 0xF3, 0xFF}}},
	{{{190, -65, 29},0, {496, 112},{0x5D, 0xAF, 0x21, 0xFF}}},
	{{{207, -16, -15},0, {592, 48},{0x7A, 0xE7, 0xE7, 0xFF}}},
	{{{211, 1, 1},0, {560, -16},{0x7F, 0x0, 0x0, 0xFF}}},
	{{{207, -22, 1},0, {528, 48},{0x7A, 0xDC, 0x0, 0xFF}}},
	{{{199, -39, -15},0, {560, 112},{0x6B, 0xBF, 0xE8, 0xFF}}},
	{{{180, -56, -22},0, {560, 176},{0x59, 0xAB, 0xE0, 0xFF}}},
	{{{180, -66, 1},0, {496, 176},{0x5B, 0xAD, 0xDF, 0xFF}}},
	{{{190, -65, 29},0, {496, 176},{0x5D, 0xAF, 0x21, 0xFF}}},
	{{{162, -73, -29},0, {560, 240},{0x52, 0xA6, 0xDB, 0xFF}}},
	{{{162, -73, -29},0, {560, 240},{0x52, 0xA6, 0xDB, 0xFF}}},
	{{{180, -66, 1},0, {496, 176},{0x5B, 0xAD, 0xDF, 0xFF}}},
	{{{162, -85, 1},0, {496, 240},{0x59, 0xAB, 0xE0, 0xFF}}},
	{{{190, -65, 29},0, {496, 240},{0x5D, 0xAF, 0x21, 0xFF}}},
	{{{144, -84, -34},0, {560, 304},{0x48, 0x9F, 0xD8, 0xFF}}},
	{{{144, -99, 1},0, {496, 304},{0x45, 0xA3, 0xCC, 0xFF}}},
	{{{168, -115, 49},0, {496, 304},{0x49, 0xA0, 0x28, 0xFF}}},
	{{{127, -95, -39},0, {560, 368},{0x3F, 0x9A, 0xD6, 0xFF}}},
	{{{127, -112, 1},0, {496, 368},{0x40, 0x98, 0xDD, 0xFF}}},
	{{{168, -115, 49},0, {496, 368},{0x49, 0xA0, 0x28, 0xFF}}},
	{{{99, -107, -43},0, {560, 432},{0x36, 0x96, 0xD4, 0xFF}}},
	{{{99, -126, 1},0, {496, 432},{0x36, 0x96, 0xD2, 0xFF}}},
	{{{118, -144, 61},0, {496, 432},{0x37, 0x96, 0x2C, 0xFF}}},
	{{{72, -119, -48},0, {560, 496},{0x29, 0x91, 0xD2, 0xFF}}},
	{{{72, -140, 1},0, {496, 496},{0xE7, 0x84, 0xF8, 0xFF}}},
	{{{118, -144, 61},0, {496, 496},{0x37, 0x96, 0x2C, 0xFF}}},
	{{{48, -126, -47},0, {560, 560},{0x1F, 0x8E, 0xD1, 0xFF}}},
	{{{72, -119, -48},0, {560, 496},{0x29, 0x91, 0xD2, 0xFF}}},
	{{{72, -140, 1},0, {496, 496},{0xE7, 0x84, 0xF8, 0xFF}}},
	{{{48, -136, -22},0, {527, 560},{0xDA, 0x8A, 0x1A, 0xFF}}},
	{{{70, -130, 3},0, {496, 496},{0xA7, 0x5B, 0x3, 0xFF}}},
	{{{50, -116, 21},0, {465, 560},{0xD6, 0x47, 0x9F, 0xFF}}},
	{{{48, -125, 24},0, {465, 560},{0xAD, 0xA4, 0xE3, 0xFF}}},
	{{{72, -119, 51},0, {432, 496},{0xD3, 0x92, 0x2D, 0xFF}}},
	{{{118, -144, 61},0, {432, 496},{0x37, 0x96, 0x2C, 0xFF}}},
	{{{48, -115, 49},0, {432, 560},{0xE7, 0x8D, 0x2F, 0xFF}}},
	{{{72, -99, 101},0, {368, 496},{0xC9, 0xA6, 0x47, 0xFF}}},
	{{{118, -144, 61},0, {368, 496},{0x37, 0x96, 0x2C, 0xFF}}},
	{{{48, -104, 74},0, {399, 560},{0xAD, 0xD4, 0x55, 0xFF}}},
	{{{73, -91, 95},0, {368, 496},{0xBE, 0x58, 0xC1, 0xFF}}},
	{{{45, -68, 108},0, {337, 560},{0xAE, 0xEC, 0xA1, 0xFF}}},
	{{{48, -72, 117},0, {337, 560},{0xCF, 0xA0, 0x43, 0xFF}}},
	{{{48, -72, 117},0, {337, 560},{0xCF, 0xA0, 0x43, 0xFF}}},
	{{{72, -99, 101},0, {368, 496},{0xC9, 0xA6, 0x47, 0xFF}}},
	{{{72, -49, 121},0, {304, 496},{0xC4, 0xD5, 0x68, 0xFF}}},
	{{{101, -75, 186},0, {304, 496},{0xA, 0xD0, 0x75, 0xFF}}},
	{{{48, -47, 127},0, {304, 560},{0x29, 0xD2, 0x6F, 0xFF}}},
	{{{72, 1, 142},0, {240, 496},{0xCA, 0x8, 0x73, 0xFF}}},
	{{{101, -75, 186},0, {240, 496},{0xA, 0xD0, 0x75, 0xFF}}},
	{{{48, -22, 138},0, {271, 560},{0xE0, 0x22, 0x76, 0xFF}}},
	{{{73, 1, 132},0, {240, 496},{0xC8, 0xF8, 0x8E, 0xFF}}},
	{{{49, 20, 118},0, {209, 560},{0xD3, 0xA0, 0xB9, 0xFF}}},
	{{{48, 24, 127},0, {209, 560},{0xB7, 0xE0, 0x63, 0xFF}}},
	{{{72, 51, 121},0, {176, 496},{0xAC, 0x24, 0x58, 0xFF}}},
	{{{89, 70, 168},0, {176, 496},{0xFB, 0x30, 0x76, 0xFF}}},
	{{{48, 49, 117},0, {176, 560},{0xFE, 0x30, 0x76, 0xFF}}},
	{{{72, 100, 101},0, {112, 496},{0xD2, 0x76, 0xFB, 0xFF}}},
	{{{89, 70, 168},0, {112, 496},{0xFB, 0x30, 0x76, 0xFF}}},
	{{{48, 49, 117},0, {176, 560},{0xFE, 0x30, 0x76, 0xFF}}},
	{{{72, 100, 101},0, {112, 496},{0xD2, 0x76, 0xFB, 0xFF}}},
	{{{48, 74, 106},0, {143, 560},{0xB0, 0x59, 0x2C, 0xFF}}},
	{{{73, 93, 95},0, {112, 496},{0xDE, 0x10, 0x87, 0xFF}}},
	{{{49, 70, 97},0, {143, 560},{0xD0, 0xF, 0x8B, 0xFF}}},
	{{{48, 45, 108},0, {176, 560},{0x4, 0xD0, 0x8A, 0xFF}}},
	{{{79, 48, 114},0, {176, 496},{0x5E, 0xE0, 0xB0, 0xFF}}},
	{{{90, 66, 159},0, {112, 496},{0x7, 0xCF, 0x8B, 0xFF}}},
	{{{49, 20, 118},0, {209, 560},{0xD3, 0xA0, 0xB9, 0xFF}}},
	{{{22, 43, 113},0, {176, 624},{0x93, 0xE1, 0xC7, 0xFF}}},
	{{{48, 24, 127},0, {209, 560},{0xB7, 0xE0, 0x63, 0xFF}}},
	{{{24, 47, 122},0, {176, 624},{0x9F, 0x18, 0x4F, 0xFF}}},
	{{{73, 1, 132},0, {240, 496},{0xC8, 0xF8, 0x8E, 0xFF}}},
	{{{90, 66, 159},0, {176, 496},{0x7, 0xCF, 0x8B, 0xFF}}},
	{{{199, -39, -15},0, {560, 112},{0x6B, 0xBF, 0xE8, 0xFF}}},
	{{{180, -56, -22},0, {560, 176},{0x59, 0xAB, 0xE0, 0xFF}}},
	{{{192, -35, -58},0, {560, 112},{0x5F, 0xD0, 0xBA, 0xFF}}},
	{{{207, 1, -22},0, {720, 48},{0x7A, 0x0, 0xDC, 0xFF}}},
	{{{211, 1, 1},0, {688, -16},{0x7F, 0x0, 0x0, 0xFF}}},
	{{{207, -16, -15},0, {656, 48},{0x7A, 0xE7, 0xE7, 0xFF}}},
	{{{199, -16, -39},0, {688, 112},{0x79, 0xF1, 0xDB, 0xFF}}},
	{{{199, -32, -32},0, {624, 112},{0x77, 0xDB, 0xE5, 0xFF}}},
	{{{192, -35, -58},0, {688, 112},{0x5F, 0xD0, 0xBA, 0xFF}}},
	{{{199, 1, -45},0, {752, 112},{0x71, 0x0, 0xC5, 0xFF}}},
	{{{192, -35, -58},0, {752, 112},{0x5F, 0xD0, 0xBA, 0xFF}}},
	{{{207, -16, -15},0, {592, 48},{0x7A, 0xE7, 0xE7, 0xFF}}},
	{{{192, -35, -58},0, {624, 112},{0x5F, 0xD0, 0xBA, 0xFF}}},
	{{{162, -30, -72},0, {688, 240},{0x5E, 0xE0, 0xB1, 0xFF}}},
	{{{162, -60, -60},0, {624, 240},{0x56, 0xB0, 0xCF, 0xFF}}},
	{{{152, -45, -110},0, {688, 240},{0x2F, 0xD3, 0x93, 0xFF}}},
	{{{162, -60, -60},0, {624, 240},{0x56, 0xB0, 0xCF, 0xFF}}},
	{{{162, -30, -72},0, {688, 240},{0x5E, 0xE0, 0xB1, 0xFF}}},
	{{{192, -35, -58},0, {624, 240},{0x5F, 0xD0, 0xBA, 0xFF}}},
	{{{127, -79, -78},0, {624, 368},{0x3E, 0xA4, 0xC3, 0xFF}}},
	{{{127, -39, -95},0, {688, 368},{0x13, 0xD0, 0x8C, 0xFF}}},
	{{{152, -45, -110},0, {624, 368},{0x2F, 0xD3, 0x93, 0xFF}}},
	{{{91, -56, -135},0, {688, 368},{0xC, 0xD0, 0x8B, 0xFF}}},
	{{{144, -69, 72},0, {368, 304},{0x4C, 0xB4, 0x44, 0xFF}}},
	{{{162, -60, 62},0, {368, 240},{0x5D, 0xBE, 0x37, 0xFF}}},
	{{{159, -57, 140},0, {368, 304},{0x25, 0xD2, 0x71, 0xFF}}},
	{{{168, -115, 49},0, {368, 240},{0x49, 0xA0, 0x28, 0xFF}}},
	{{{127, -79, 81},0, {368, 368},{0x41, 0xAD, 0x47, 0xFF}}},
	{{{159, -57, 140},0, {368, 368},{0x25, 0xD2, 0x71, 0xFF}}},
	{{{168, -115, 49},0, {368, 304},{0x49, 0xA0, 0x28, 0xFF}}},
	{{{180, -46, 48},0, {368, 176},{0x5C, 0xB4, 0x2B, 0xFF}}},
	{{{199, -32, 34},0, {368, 112},{0x76, 0xD8, 0x1B, 0xFF}}},
	{{{197, -36, 90},0, {368, 176},{0x48, 0xD8, 0x61, 0xFF}}},
	{{{190, -65, 29},0, {368, 112},{0x5D, 0xAF, 0x21, 0xFF}}},
	{{{162, -60, 62},0, {368, 240},{0x5D, 0xBE, 0x37, 0xFF}}},
	{{{197, -36, 90},0, {368, 240},{0x48, 0xD8, 0x61, 0xFF}}},
	{{{190, -65, 29},0, {368, 176},{0x5D, 0xAF, 0x21, 0xFF}}},
	{{{162, -73, 32},0, {432, 240},{0x6B, 0xC0, 0x1A, 0xFF}}},
	{{{162, -85, 1},0, {496, 240},{0x59, 0xAB, 0xE0, 0xFF}}},
	{{{190, -65, 29},0, {432, 240},{0x5D, 0xAF, 0x21, 0xFF}}},
	{{{168, -115, 49},0, {496, 240},{0x49, 0xA0, 0x28, 0xFF}}},
	{{{127, -95, 41},0, {432, 368},{0x38, 0x97, 0x2B, 0xFF}}},
	{{{127, -112, 1},0, {496, 368},{0x40, 0x98, 0xDD, 0xFF}}},
	{{{168, -115, 49},0, {432, 368},{0x49, 0xA0, 0x28, 0xFF}}},
	{{{118, -144, 61},0, {496, 368},{0x37, 0x96, 0x2C, 0xFF}}},
	{{{162, -60, 62},0, {368, 240},{0x5D, 0xBE, 0x37, 0xFF}}},
	{{{162, -30, 75},0, {304, 240},{0x42, 0xD7, 0x65, 0xFF}}},
	{{{159, -57, 140},0, {368, 240},{0x25, 0xD2, 0x71, 0xFF}}},
	{{{197, -36, 90},0, {304, 240},{0x48, 0xD8, 0x61, 0xFF}}},
	{{{162, -73, 32},0, {432, 240},{0x6B, 0xC0, 0x1A, 0xFF}}},
	{{{168, -115, 49},0, {432, 240},{0x49, 0xA0, 0x28, 0xFF}}},
	{{{190, -65, 29},0, {368, 240},{0x5D, 0xAF, 0x21, 0xFF}}},
	{{{127, -79, 81},0, {368, 368},{0x41, 0xAD, 0x47, 0xFF}}},
	{{{127, -95, 41},0, {432, 368},{0x38, 0x97, 0x2B, 0xFF}}},
	{{{168, -115, 49},0, {368, 368},{0x49, 0xA0, 0x28, 0xFF}}},
	{{{118, -144, 61},0, {432, 368},{0x37, 0x96, 0x2C, 0xFF}}},
	{{{99, -89, 91},0, {368, 432},{0x39, 0xA7, 0x46, 0xFF}}},
	{{{101, -75, 186},0, {368, 432},{0xA, 0xD0, 0x75, 0xFF}}},
	{{{118, -144, 61},0, {368, 368},{0x37, 0x96, 0x2C, 0xFF}}},
	{{{127, -39, 97},0, {304, 368},{0x15, 0xD0, 0x74, 0xFF}}},
	{{{159, -57, 140},0, {304, 368},{0x25, 0xD2, 0x71, 0xFF}}},
	{{{127, -79, 81},0, {368, 368},{0x41, 0xAD, 0x47, 0xFF}}},
	{{{127, -39, 97},0, {304, 368},{0x15, 0xD0, 0x74, 0xFF}}},
	{{{101, -75, 186},0, {368, 368},{0xA, 0xD0, 0x75, 0xFF}}},
	{{{72, -99, 101},0, {368, 496},{0xC9, 0xA6, 0x47, 0xFF}}},
	{{{99, -89, 91},0, {368, 432},{0x39, 0xA7, 0x46, 0xFF}}},
	{{{101, -75, 186},0, {368, 496},{0xA, 0xD0, 0x75, 0xFF}}},
	{{{118, -144, 61},0, {368, 432},{0x37, 0x96, 0x2C, 0xFF}}},
	{{{199, 1, 48},0, {240, 112},{0x79, 0xFD, 0x26, 0xFF}}},
	{{{180, 1, 68},0, {240, 176},{0x5E, 0xFC, 0x56, 0xFF}}},
	{{{197, -36, 90},0, {240, 112},{0x48, 0xD8, 0x61, 0xFF}}},
	{{{202, 38, 90},0, {240, 176},{0x4F, 0x26, 0x5C, 0xFF}}},
	{{{162, 1, 88},0, {240, 240},{0x55, 0x0, 0x5E, 0xFF}}},
	{{{162, 31, 75},0, {176, 240},{0x43, 0x29, 0x64, 0xFF}}},
	{{{159, 53, 127},0, {240, 240},{0x2F, 0x2D, 0x6D, 0xFF}}},
	{{{202, 38, 90},0, {176, 240},{0x4F, 0x26, 0x5C, 0xFF}}},
	{{{162, -30, 75},0, {304, 240},{0x42, 0xD7, 0x65, 0xFF}}},
	{{{162, 1, 88},0, {240, 240},{0x55, 0x0, 0x5E, 0xFF}}},
	{{{159, -57, 140},0, {304, 240},{0x25, 0xD2, 0x71, 0xFF}}},
	{{{197, -36, 90},0, {240, 240},{0x48, 0xD8, 0x61, 0xFF}}},
	{{{180, 1, 68},0, {240, 176},{0x5E, 0xFC, 0x56, 0xFF}}},
	{{{197, -36, 90},0, {240, 176},{0x48, 0xD8, 0x61, 0xFF}}},
	{{{202, 38, 90},0, {240, 240},{0x4F, 0x26, 0x5C, 0xFF}}},
	{{{144, 1, 101},0, {240, 304},{0x4C, 0x5, 0x66, 0xFF}}},
	{{{159, 53, 127},0, {240, 304},{0x2F, 0x2D, 0x6D, 0xFF}}},
	{{{159, -57, 140},0, {240, 240},{0x25, 0xD2, 0x71, 0xFF}}},
	{{{127, 1, 114},0, {240, 368},{0x3F, 0xA, 0x6E, 0xFF}}},
	{{{127, -39, 97},0, {304, 368},{0x15, 0xD0, 0x74, 0xFF}}},
	{{{159, -57, 140},0, {240, 368},{0x25, 0xD2, 0x71, 0xFF}}},
	{{{101, -75, 186},0, {304, 368},{0xA, 0xD0, 0x75, 0xFF}}},
	{{{159, 53, 127},0, {240, 368},{0x2F, 0x2D, 0x6D, 0xFF}}},
	{{{159, -57, 140},0, {240, 304},{0x25, 0xD2, 0x71, 0xFF}}},
	{{{127, 41, 97},0, {176, 368},{0x15, 0x30, 0x74, 0xFF}}},
	{{{127, 1, 114},0, {240, 368},{0x3F, 0xA, 0x6E, 0xFF}}},
	{{{159, 53, 127},0, {176, 368},{0x2F, 0x2D, 0x6D, 0xFF}}},
	{{{89, 70, 168},0, {240, 368},{0xFB, 0x30, 0x76, 0xFF}}},
	{{{99, 1, 128},0, {240, 432},{0x39, 0xB, 0x71, 0xFF}}},
	{{{89, 70, 168},0, {240, 432},{0xFB, 0x30, 0x76, 0xFF}}},
	{{{101, -75, 186},0, {240, 368},{0xA, 0xD0, 0x75, 0xFF}}},
	{{{72, 1, 142},0, {240, 496},{0xCA, 0x8, 0x73, 0xFF}}},
	{{{89, 70, 168},0, {240, 496},{0xFB, 0x30, 0x76, 0xFF}}},
	{{{101, -75, 186},0, {240, 432},{0xA, 0xD0, 0x75, 0xFF}}},
	{{{162, 62, 62},0, {112, 240},{0x48, 0x64, 0x21, 0xFF}}},
	{{{162, 31, 75},0, {176, 240},{0x43, 0x29, 0x64, 0xFF}}},
	{{{202, 38, 90},0, {112, 240},{0x4F, 0x26, 0x5C, 0xFF}}},
	{{{159, 53, 127},0, {176, 240},{0x2F, 0x2D, 0x6D, 0xFF}}},
	{{{127, 81, 81},0, {112, 368},{0x18, 0x7A, 0xE5, 0xFF}}},
	{{{89, 70, 168},0, {176, 368},{0xFB, 0x30, 0x76, 0xFF}}},
	{{{127, 81, 81},0, {112, 368},{0x18, 0x7A, 0xE5, 0xFF}}},
	{{{127, 41, 97},0, {176, 368},{0x15, 0x30, 0x74, 0xFF}}},
	{{{159, 53, 127},0, {112, 368},{0x2F, 0x2D, 0x6D, 0xFF}}},
	{{{199, 48, 1},0, {1008, 112},{0x69, 0x48, 0x0, 0xFF}}},
	{{{207, 24, 1},0, {976, 48},{0x7A, 0x24, 0x0, 0xFF}}},
	{{{199, 41, -15},0, {944, 112},{0x6A, 0x41, 0xE5, 0xFF}}},
	{{{180, 67, 1},0, {1008, 176},{0x5E, 0x56, 0x0, 0xFF}}},
	{{{180, 58, -22},0, {944, 176},{0x5A, 0x53, 0xDE, 0xFF}}},
	{{{162, 87, 1},0, {1008, 240},{0x54, 0x5F, 0x0, 0xFF}}},
	{{{162, 31, -72},0, {816, 240},{0x3E, 0x2A, 0x99, 0xFF}}},
	{{{162, 62, -60},0, {880, 240},{0x4B, 0x59, 0xCC, 0xFF}}},
	{{{187, 53, -66},0, {816, 240},{0x49, 0x53, 0xC1, 0xFF}}},
	{{{145, 46, -107},0, {880, 240},{0x23, 0x2F, 0x8F, 0xFF}}},
	{{{127, 41, -95},0, {816, 368},{0x19, 0x30, 0x8D, 0xFF}}},
	{{{127, 81, -78},0, {880, 368},{0x3B, 0x5F, 0xC4, 0xFF}}},
	{{{145, 46, -107},0, {816, 368},{0x23, 0x2F, 0x8F, 0xFF}}},
	{{{127, 81, -78},0, {880, 368},{0x3B, 0x5F, 0xC4, 0xFF}}},
	{{{127, 41, -95},0, {816, 368},{0x19, 0x30, 0x8D, 0xFF}}},
	{{{87, 65, -153},0, {880, 368},{0x2, 0x30, 0x8A, 0xFF}}},
	{{{61, 51, -119},0, {816, 496},{0xD3, 0x2F, 0x93, 0xFF}}},
	{{{72, 100, -98},0, {880, 496},{0x1D, 0x78, 0xE4, 0xFF}}},
	{{{87, 65, -153},0, {816, 496},{0x2, 0x30, 0x8A, 0xFF}}},
	{{{48, 112, -94},0, {880, 560},{0xE9, 0x7A, 0xE7, 0xFF}}},
	{{{48, 64, -114},0, {816, 560},{0x6, 0x32, 0x8B, 0xFF}}},
	{{{24, 76, -110},0, {816, 624},{0x9F, 0x2B, 0xBA, 0xFF}}},
	{{{48, 4, -141},0, {752, 560},{0xC8, 0x8, 0x8E, 0xFF}}},
	{{{47, 3, -131},0, {752, 560},{0x99, 0xFF, 0x4A, 0xFF}}},
	{{{23, -58, -114},0, {688, 624},{0x95, 0x4, 0x45, 0xFF}}},
	{{{24, -61, -124},0, {688, 624},{0xA5, 0xD1, 0xB4, 0xFF}}},
	{{{48, -60, -121},0, {688, 560},{0x14, 0xD4, 0x8A, 0xFF}}},
	{{{48, -85, -111},0, {655, 560},{0xD7, 0x98, 0xC3, 0xFF}}},
	{{{46, -81, -102},0, {655, 560},{0xB4, 0xDD, 0x60, 0xFF}}},
	{{{48, -85, -111},0, {655, 560},{0xD7, 0x98, 0xC3, 0xFF}}},
	{{{69, -91, -92},0, {624, 496},{0x9D, 0x35, 0x3B, 0xFF}}},
	{{{46, -81, -102},0, {655, 560},{0xB4, 0xDD, 0x60, 0xFF}}},
	{{{46, -56, -112},0, {688, 560},{0xEE, 0x2C, 0x76, 0xFF}}},
	{{{75, -45, -110},0, {688, 496},{0x2D, 0x2A, 0x6F, 0xFF}}},
	{{{90, -52, -126},0, {624, 496},{0xF6, 0x30, 0x75, 0xFF}}},
	{{{47, 3, -131},0, {752, 560},{0x99, 0xFF, 0x4A, 0xFF}}},
	{{{23, -58, -114},0, {688, 624},{0x95, 0x4, 0x45, 0xFF}}},
	{{{24, -61, -124},0, {688, 624},{0xA5, 0xD1, 0xB4, 0xFF}}},
	{{{71, 2, -129},0, {752, 496},{0xF3, 0x8, 0x7E, 0xFF}}},
	{{{90, -52, -126},0, {688, 496},{0xF6, 0x30, 0x75, 0xFF}}},
	{{{47, 60, -105},0, {816, 560},{0xFC, 0xCE, 0x75, 0xFF}}},
	{{{24, 73, -100},0, {816, 624},{0x9C, 0xEE, 0x4C, 0xFF}}},
	{{{47, 108, -85},0, {880, 560},{0xE5, 0x3C, 0x6D, 0xFF}}},
	{{{64, 47, -110},0, {816, 496},{0x35, 0xD2, 0x6A, 0xFF}}},
	{{{87, 61, -144},0, {752, 496},{0xFE, 0xCF, 0x75, 0xFF}}},
	{{{47, 108, -85},0, {880, 560},{0xE5, 0x3C, 0x6D, 0xFF}}},
	{{{64, 47, -110},0, {816, 496},{0x35, 0xD2, 0x6A, 0xFF}}},
	{{{71, 94, -90},0, {880, 496},{0x11, 0x6, 0x7E, 0xFF}}},
	{{{87, 61, -144},0, {816, 496},{0xFE, 0xCF, 0x75, 0xFF}}},
	{{{72, 100, -98},0, {880, 496},{0x1D, 0x78, 0xE4, 0xFF}}},
	{{{48, 112, -94},0, {880, 560},{0xE9, 0x7A, 0xE7, 0xFF}}},
	{{{24, 73, -100},0, {816, 624},{0x9C, 0xEE, 0x4C, 0xFF}}},
	{{{24, 76, -110},0, {816, 624},{0x9F, 0x2B, 0xBA, 0xFF}}},
	{{{47, 3, -131},0, {752, 560},{0x99, 0xFF, 0x4A, 0xFF}}},
	{{{180, 1, -65},0, {752, 176},{0x5E, 0x0, 0xAA, 0xFF}}},
	{{{199, 1, -45},0, {752, 112},{0x71, 0x0, 0xC5, 0xFF}}},
	{{{192, -35, -58},0, {752, 176},{0x5F, 0xD0, 0xBA, 0xFF}}},
	{{{187, 53, -66},0, {752, 112},{0x49, 0x53, 0xC1, 0xFF}}},
	{{{162, 1, -85},0, {752, 240},{0x5B, 0x2, 0xA7, 0xFF}}},
	{{{162, -30, -72},0, {688, 240},{0x5E, 0xE0, 0xB1, 0xFF}}},
	{{{152, -45, -110},0, {752, 240},{0x2F, 0xD3, 0x93, 0xFF}}},
	{{{162, -30, -72},0, {688, 240},{0x5E, 0xE0, 0xB1, 0xFF}}},
	{{{162, 1, -85},0, {752, 240},{0x5B, 0x2, 0xA7, 0xFF}}},
	{{{192, -35, -58},0, {688, 240},{0x5F, 0xD0, 0xBA, 0xFF}}},
	{{{144, 1, -98},0, {752, 304},{0x4C, 0x8, 0x9A, 0xFF}}},
	{{{145, 46, -107},0, {752, 240},{0x23, 0x2F, 0x8F, 0xFF}}},
	{{{152, -45, -110},0, {752, 304},{0x2F, 0xD3, 0x93, 0xFF}}},
	{{{180, 1, -65},0, {752, 176},{0x5E, 0x0, 0xAA, 0xFF}}},
	{{{192, -35, -58},0, {752, 240},{0x5F, 0xD0, 0xBA, 0xFF}}},
	{{{187, 53, -66},0, {752, 176},{0x49, 0x53, 0xC1, 0xFF}}},
	{{{162, 31, -72},0, {816, 240},{0x3E, 0x2A, 0x99, 0xFF}}},
	{{{145, 46, -107},0, {816, 240},{0x23, 0x2F, 0x8F, 0xFF}}},
	{{{187, 53, -66},0, {752, 240},{0x49, 0x53, 0xC1, 0xFF}}},
	{{{127, 1, -111},0, {752, 368},{0x41, 0xFF, 0x93, 0xFF}}},
	{{{127, -39, -95},0, {688, 368},{0x13, 0xD0, 0x8C, 0xFF}}},
	{{{91, -56, -135},0, {752, 368},{0xC, 0xD0, 0x8B, 0xFF}}},
	{{{152, -45, -110},0, {688, 368},{0x2F, 0xD3, 0x93, 0xFF}}},
	{{{144, 1, -98},0, {752, 304},{0x4C, 0x8, 0x9A, 0xFF}}},
	{{{127, 1, -111},0, {752, 368},{0x41, 0xFF, 0x93, 0xFF}}},
	{{{145, 46, -107},0, {752, 304},{0x23, 0x2F, 0x8F, 0xFF}}},
	{{{152, -45, -110},0, {752, 368},{0x2F, 0xD3, 0x93, 0xFF}}},
	{{{127, 41, -95},0, {816, 368},{0x19, 0x30, 0x8D, 0xFF}}},
	{{{145, 46, -107},0, {752, 368},{0x23, 0x2F, 0x8F, 0xFF}}},
	{{{87, 65, -153},0, {816, 368},{0x2, 0x30, 0x8A, 0xFF}}},
	{{{99, 1, -125},0, {752, 432},{0x39, 0xF4, 0x8F, 0xFF}}},
	{{{87, 65, -153},0, {752, 368},{0x2, 0x30, 0x8A, 0xFF}}},
	{{{91, -56, -135},0, {752, 432},{0xC, 0xD0, 0x8B, 0xFF}}},
	{{{162, 74, 32},0, {48, 240},{0x41, 0x61, 0x33, 0xFF}}},
	{{{144, 95, 15},0, {9, 304},{0xFD, 0x55, 0x5F, 0xFF}}},
	{{{151, 69, 38},0, {92, 262},{0xBC, 0x64, 0x28, 0xFF}}},
	{{{139, 87, 11},0, {9, 304},{0x94, 0xC0, 0x13, 0xFF}}},
	{{{121, 105, 0},0, {-12, 368},{0xBD, 0xE9, 0x6A, 0xFF}}},
	{{{127, 113, 4},0, {-12, 368},{0x1A, 0x40, 0x6A, 0xFF}}},
	{{{151, 69, 38},0, {92, 262},{0xBC, 0x64, 0x28, 0xFF}}},
	{{{139, 87, 11},0, {9, 304},{0x94, 0xC0, 0x13, 0xFF}}},
	{{{149, 60, 34},0, {92, 262},{0x9F, 0xB5, 0xDF, 0xFF}}},
	{{{157, 67, 28},0, {48, 240},{0xC0, 0xA1, 0xC9, 0xFF}}},
	{{{141, 65, 63},0, {101, 304},{0xA0, 0xCF, 0xBC, 0xFF}}},
	{{{144, 74, 65},0, {101, 304},{0xF6, 0x7D, 0xEA, 0xFF}}},
	{{{95, 2, -116},0, {752, 432},{0xC6, 0xD, 0x70, 0xFF}}},
	{{{87, 61, -144},0, {752, 432},{0xFE, 0xCF, 0x75, 0xFF}}},
	{{{71, 2, -129},0, {752, 496},{0xF3, 0x8, 0x7E, 0xFF}}},
	{{{90, -52, -126},0, {752, 496},{0xF6, 0x30, 0x75, 0xFF}}},
	{{{198, 15, -13},0, {848, 48},{0x86, 0xE7, 0x19, 0xFF}}},
	{{{198, 1, -19},0, {784, 48},{0x86, 0x0, 0x24, 0xFF}}},
	{{{201, 1, 1},0, {816, -16},{0x81, 0x0, 0x0, 0xFF}}},
	{{{189, 16, -35},0, {816, 112},{0x87, 0xF2, 0x23, 0xFF}}},
	{{{190, 30, -29},0, {880, 112},{0x8F, 0xCC, 0x1C, 0xFF}}},
	{{{181, 47, -61},0, {880, 112},{0xB6, 0xAB, 0x3A, 0xFF}}},
	{{{189, 16, -35},0, {816, 112},{0x87, 0xF2, 0x23, 0xFF}}},
	{{{190, 1, -41},0, {752, 112},{0x8E, 0x0, 0x39, 0xFF}}},
	{{{198, 1, -19},0, {784, 48},{0x86, 0x0, 0x24, 0xFF}}},
	{{{181, 47, -61},0, {816, 112},{0xB6, 0xAB, 0x3A, 0xFF}}},
	{{{198, 1, 22},0, {208, 48},{0x86, 0x0, 0xDC, 0xFF}}},
	{{{198, 15, 16},0, {144, 48},{0x86, 0xE7, 0xE7, 0xFF}}},
	{{{201, 1, 1},0, {176, -16},{0x81, 0x0, 0x0, 0xFF}}},
	{{{189, 17, 40},0, {176, 112},{0x81, 0xFF, 0xF5, 0xFF}}},
	{{{189, 1, 45},0, {240, 112},{0x86, 0x3, 0xDB, 0xFF}}},
	{{{196, 35, 83},0, {240, 112},{0xAD, 0xD9, 0xA8, 0xFF}}},
	{{{190, 29, 33},0, {112, 112},{0x8F, 0xC9, 0xED, 0xFF}}},
	{{{196, 35, 83},0, {176, 112},{0xAD, 0xD9, 0xA8, 0xFF}}},
	{{{198, -14, 16},0, {336, 48},{0x86, 0x19, 0xE7, 0xFF}}},
	{{{198, 1, 22},0, {272, 48},{0x86, 0x0, 0xDC, 0xFF}}},
	{{{201, 1, 1},0, {304, -16},{0x81, 0x0, 0x0, 0xFF}}},
	{{{189, -15, 39},0, {304, 112},{0x82, 0x6, 0xEE, 0xFF}}},
	{{{189, -29, 32},0, {368, 112},{0x8A, 0x27, 0xE5, 0xFF}}},
	{{{189, -15, 39},0, {304, 112},{0x82, 0x6, 0xEE, 0xFF}}},
	{{{198, -14, 16},0, {336, 48},{0x86, 0x19, 0xE7, 0xFF}}},
	{{{191, -33, 82},0, {368, 112},{0xB4, 0x28, 0xA2, 0xFF}}},
	{{{189, 1, 45},0, {240, 112},{0x86, 0x3, 0xDB, 0xFF}}},
	{{{198, 1, 22},0, {272, 48},{0x86, 0x0, 0xDC, 0xFF}}},
	{{{191, -33, 82},0, {304, 112},{0xB4, 0x28, 0xA2, 0xFF}}},
	{{{198, -20, 1},0, {464, 48},{0x86, 0x24, 0x0, 0xFF}}},
	{{{198, -14, 16},0, {400, 48},{0x86, 0x19, 0xE7, 0xFF}}},
	{{{201, 1, 1},0, {432, -16},{0x81, 0x0, 0x0, 0xFF}}},
	{{{189, -36, 17},0, {432, 112},{0x87, 0x23, 0xF0, 0xFF}}},
	{{{190, -41, 2},0, {496, 112},{0x92, 0x3E, 0xD, 0xFF}}},
	{{{183, -59, 26},0, {496, 112},{0xA1, 0x4F, 0xE2, 0xFF}}},
	{{{183, -59, 26},0, {432, 112},{0xA1, 0x4F, 0xE2, 0xFF}}},
	{{{198, -14, -13},0, {592, 48},{0x86, 0x19, 0x19, 0xFF}}},
	{{{198, -20, 1},0, {528, 48},{0x86, 0x24, 0x0, 0xFF}}},
	{{{201, 1, 1},0, {560, -16},{0x81, 0x0, 0x0, 0xFF}}},
	{{{190, -34, -13},0, {560, 112},{0x95, 0x41, 0x17, 0xFF}}},
	{{{189, -29, -29},0, {624, 112},{0x88, 0x22, 0x1A, 0xFF}}},
	{{{184, -31, -53},0, {624, 112},{0xA0, 0x31, 0x44, 0xFF}}},
	{{{190, -41, 2},0, {496, 112},{0x92, 0x3E, 0xD, 0xFF}}},
	{{{173, -49, -20},0, {560, 176},{0xA8, 0x56, 0x20, 0xFF}}},
	{{{184, -31, -53},0, {560, 112},{0xA0, 0x31, 0x44, 0xFF}}},
	{{{173, -59, 4},0, {496, 176},{0xA7, 0x53, 0x25, 0xFF}}},
	{{{156, -66, -26},0, {560, 240},{0xAE, 0x5A, 0x25, 0xFF}}},
	{{{156, -54, -56},0, {624, 240},{0xA9, 0x50, 0x30, 0xFF}}},
	{{{174, -38, -43},0, {624, 176},{0xBC, 0x68, 0x1B, 0xFF}}},
	{{{184, -31, -53},0, {560, 176},{0xA0, 0x31, 0x44, 0xFF}}},
	{{{184, -31, -53},0, {624, 176},{0xA0, 0x31, 0x44, 0xFF}}},
	{{{183, -59, 26},0, {496, 176},{0xA1, 0x4F, 0xE2, 0xFF}}},
	{{{198, 1, -19},0, {720, 48},{0x86, 0x0, 0x24, 0xFF}}},
	{{{198, -14, -13},0, {656, 48},{0x86, 0x19, 0x19, 0xFF}}},
	{{{201, 1, 1},0, {688, -16},{0x81, 0x0, 0x0, 0xFF}}},
	{{{189, -14, -36},0, {688, 112},{0x86, 0xE, 0x21, 0xFF}}},
	{{{190, 1, -41},0, {752, 112},{0x8E, 0x0, 0x39, 0xFF}}},
	{{{184, -31, -53},0, {752, 112},{0xA0, 0x31, 0x44, 0xFF}}},
	{{{189, -29, -29},0, {624, 112},{0x88, 0x22, 0x1A, 0xFF}}},
	{{{184, -31, -53},0, {688, 112},{0xA0, 0x31, 0x44, 0xFF}}},
	{{{156, -54, -56},0, {624, 240},{0xA9, 0x50, 0x30, 0xFF}}},
	{{{148, -42, -101},0, {624, 240},{0xCE, 0x2D, 0x6C, 0xFF}}},
	{{{139, -62, -66},0, {624, 304},{0xB8, 0x62, 0x26, 0xFF}}},
	{{{156, -66, -26},0, {560, 240},{0xAE, 0x5A, 0x25, 0xFF}}},
	{{{139, -76, -31},0, {560, 304},{0xB8, 0x61, 0x28, 0xFF}}},
	{{{122, -72, -73},0, {624, 368},{0xC1, 0x5C, 0x3D, 0xFF}}},
	{{{148, -42, -101},0, {624, 304},{0xCE, 0x2D, 0x6C, 0xFF}}},
	{{{122, -87, -35},0, {560, 368},{0xC1, 0x66, 0x2A, 0xFF}}},
	{{{95, -81, -84},0, {624, 432},{0xC8, 0x63, 0x38, 0xFF}}},
	{{{122, -87, -35},0, {560, 368},{0xC1, 0x66, 0x2A, 0xFF}}},
	{{{122, -72, -73},0, {624, 368},{0xC1, 0x5C, 0x3D, 0xFF}}},
	{{{90, -52, -126},0, {624, 368},{0xF6, 0x30, 0x75, 0xFF}}},
	{{{95, -99, -40},0, {560, 432},{0xC9, 0x6A, 0x2C, 0xFF}}},
	{{{69, -91, -92},0, {624, 496},{0x9D, 0x35, 0x3B, 0xFF}}},
	{{{90, -52, -126},0, {624, 432},{0xF6, 0x30, 0x75, 0xFF}}},
	{{{69, -110, -45},0, {560, 496},{0xD7, 0x6F, 0x2E, 0xFF}}},
	{{{45, -117, -43},0, {560, 560},{0xE1, 0x72, 0x2F, 0xFF}}},
	{{{46, -107, -68},0, {593, 560},{0xA8, 0x59, 0xE9, 0xFF}}},
	{{{21, -125, -41},0, {560, 624},{0x89, 0x25, 0x19, 0xFF}}},
	{{{48, -116, -71},0, {593, 560},{0xD0, 0xB7, 0xA4, 0xFF}}},
	{{{24, -134, -45},0, {560, 624},{0xAF, 0xA2, 0xE3, 0xFF}}},
	{{{48, -126, -47},0, {560, 560},{0x1F, 0x8E, 0xD1, 0xFF}}},
	{{{48, -136, -22},0, {527, 560},{0xDA, 0x8A, 0x1A, 0xFF}}},
	{{{45, -127, -18},0, {527, 560},{0xB3, 0x2D, 0x5B, 0xFF}}},
	{{{48, -136, -22},0, {527, 560},{0xDA, 0x8A, 0x1A, 0xFF}}},
	{{{70, -130, 3},0, {496, 496},{0xA7, 0x5B, 0x3, 0xFF}}},
	{{{45, -127, -18},0, {527, 560},{0xB3, 0x2D, 0x5B, 0xFF}}},
	{{{45, -117, -43},0, {560, 560},{0xE1, 0x72, 0x2F, 0xFF}}},
	{{{69, -110, -45},0, {560, 496},{0xD7, 0x6F, 0x2E, 0xFF}}},
	{{{95, -117, 5},0, {496, 432},{0xCA, 0x68, 0x31, 0xFF}}},
	{{{114, -136, 58},0, {496, 496},{0xCC, 0x6B, 0xD4, 0xFF}}},
	{{{95, -99, -40},0, {560, 432},{0xC9, 0x6A, 0x2C, 0xFF}}},
	{{{122, -104, 4},0, {496, 368},{0xC0, 0x68, 0x23, 0xFF}}},
	{{{114, -136, 58},0, {496, 432},{0xCC, 0x6B, 0xD4, 0xFF}}},
	{{{122, -87, -35},0, {560, 368},{0xC1, 0x66, 0x2A, 0xFF}}},
	{{{139, -91, 5},0, {496, 304},{0xBC, 0x5C, 0x38, 0xFF}}},
	{{{162, -108, 46},0, {496, 368},{0xB5, 0x5F, 0xDA, 0xFF}}},
	{{{139, -76, -31},0, {560, 304},{0xB8, 0x61, 0x28, 0xFF}}},
	{{{155, -79, 4},0, {496, 240},{0xA7, 0x55, 0x20, 0xFF}}},
	{{{162, -108, 46},0, {496, 304},{0xB5, 0x5F, 0xDA, 0xFF}}},
	{{{139, -76, -31},0, {560, 304},{0xB8, 0x61, 0x28, 0xFF}}},
	{{{155, -79, 4},0, {496, 240},{0xA7, 0x55, 0x20, 0xFF}}},
	{{{156, -66, -26},0, {560, 240},{0xAE, 0x5A, 0x25, 0xFF}}},
	{{{173, -59, 4},0, {496, 176},{0xA7, 0x53, 0x25, 0xFF}}},
	{{{183, -59, 26},0, {496, 240},{0xA1, 0x4F, 0xE2, 0xFF}}},
	{{{24, -134, -45},0, {560, 624},{0xAF, 0xA2, 0xE3, 0xFF}}},
	{{{45, -127, -18},0, {527, 560},{0xB3, 0x2D, 0x5B, 0xFF}}},
	{{{21, -125, -41},0, {560, 624},{0x89, 0x25, 0x19, 0xFF}}},
	{{{45, -117, -43},0, {560, 560},{0xE1, 0x72, 0x2F, 0xFF}}},
	{{{155, -27, -66},0, {688, 240},{0x9F, 0x1E, 0x4C, 0xFF}}},
	{{{148, -42, -101},0, {688, 240},{0xCE, 0x2D, 0x6C, 0xFF}}},
	{{{156, -54, -56},0, {624, 240},{0xA9, 0x50, 0x30, 0xFF}}},
	{{{184, -31, -53},0, {624, 240},{0xA0, 0x31, 0x44, 0xFF}}},
	{{{122, -72, -73},0, {624, 368},{0xC1, 0x5C, 0x3D, 0xFF}}},
	{{{148, -42, -101},0, {624, 368},{0xCE, 0x2D, 0x6C, 0xFF}}},
	{{{125, -35, -86},0, {688, 368},{0xF5, 0x2F, 0x76, 0xFF}}},
	{{{125, -35, -86},0, {688, 368},{0xF5, 0x2F, 0x76, 0xFF}}},
	{{{90, -52, -126},0, {688, 368},{0xF6, 0x30, 0x75, 0xFF}}},
	{{{122, -72, -73},0, {624, 368},{0xC1, 0x5C, 0x3D, 0xFF}}},
	{{{138, -63, 66},0, {368, 304},{0xB4, 0x4D, 0xBC, 0xFF}}},
	{{{156, -53, 131},0, {368, 304},{0xD8, 0x2E, 0x90, 0xFF}}},
	{{{155, -55, 58},0, {368, 240},{0xA2, 0x42, 0xCB, 0xFF}}},
	{{{162, -108, 46},0, {368, 240},{0xB5, 0x5F, 0xDA, 0xFF}}},
	{{{122, -72, 75},0, {368, 368},{0xBE, 0x53, 0xBA, 0xFF}}},
	{{{156, -53, 131},0, {368, 368},{0xD8, 0x2E, 0x90, 0xFF}}},
	{{{162, -108, 46},0, {368, 304},{0xB5, 0x5F, 0xDA, 0xFF}}},
	{{{173, -40, 45},0, {368, 176},{0xA6, 0x51, 0xD9, 0xFF}}},
	{{{191, -33, 82},0, {368, 176},{0xB4, 0x28, 0xA2, 0xFF}}},
	{{{189, -29, 32},0, {368, 112},{0x8A, 0x27, 0xE5, 0xFF}}},
	{{{183, -59, 26},0, {368, 112},{0xA1, 0x4F, 0xE2, 0xFF}}},
	{{{191, -33, 82},0, {368, 240},{0xB4, 0x28, 0xA2, 0xFF}}},
	{{{183, -59, 26},0, {368, 176},{0xA1, 0x4F, 0xE2, 0xFF}}},
	{{{154, -68, 30},0, {432, 240},{0x91, 0x39, 0xE6, 0xFF}}},
	{{{183, -59, 26},0, {432, 240},{0xA1, 0x4F, 0xE2, 0xFF}}},
	{{{155, -79, 4},0, {496, 240},{0xA7, 0x55, 0x20, 0xFF}}},
	{{{162, -108, 46},0, {496, 240},{0xB5, 0x5F, 0xDA, 0xFF}}},
	{{{122, -87, 38},0, {432, 368},{0xCB, 0x6A, 0xD2, 0xFF}}},
	{{{162, -108, 46},0, {432, 368},{0xB5, 0x5F, 0xDA, 0xFF}}},
	{{{122, -104, 4},0, {496, 368},{0xC0, 0x68, 0x23, 0xFF}}},
	{{{114, -136, 58},0, {496, 368},{0xCC, 0x6B, 0xD4, 0xFF}}},
	{{{75, -111, 47},0, {432, 496},{0x35, 0x6A, 0xD2, 0xFF}}},
	{{{114, -136, 58},0, {432, 496},{0xCC, 0x6B, 0xD4, 0xFF}}},
	{{{70, -130, 3},0, {496, 496},{0xA7, 0x5B, 0x3, 0xFF}}},
	{{{50, -116, 21},0, {465, 560},{0xD6, 0x47, 0x9F, 0xFF}}},
	{{{50, -106, 45},0, {432, 560},{0x1B, 0x73, 0xD0, 0xFF}}},
	{{{26, -101, 43},0, {432, 624},{0xAA, 0x56, 0xDD, 0xFF}}},
	{{{48, -125, 24},0, {465, 560},{0xAD, 0xA4, 0xE3, 0xFF}}},
	{{{24, -110, 47},0, {432, 624},{0x8C, 0xD0, 0x13, 0xFF}}},
	{{{24, -110, 47},0, {432, 624},{0x8C, 0xD0, 0x13, 0xFF}}},
	{{{48, -125, 24},0, {465, 560},{0xAD, 0xA4, 0xE3, 0xFF}}},
	{{{48, -115, 49},0, {432, 560},{0xE7, 0x8D, 0x2F, 0xFF}}},
	{{{48, -104, 74},0, {399, 560},{0xAD, 0xD4, 0x55, 0xFF}}},
	{{{50, -95, 70},0, {399, 560},{0xD3, 0x76, 0x11, 0xFF}}},
	{{{73, -91, 95},0, {368, 496},{0xBE, 0x58, 0xC1, 0xFF}}},
	{{{50, -106, 45},0, {432, 560},{0x1B, 0x73, 0xD0, 0xFF}}},
	{{{75, -111, 47},0, {432, 496},{0x35, 0x6A, 0xD2, 0xFF}}},
	{{{114, -136, 58},0, {368, 496},{0xCC, 0x6B, 0xD4, 0xFF}}},
	{{{26, -101, 43},0, {432, 624},{0xAA, 0x56, 0xDD, 0xFF}}},
	{{{155, -55, 58},0, {368, 240},{0xA2, 0x42, 0xCB, 0xFF}}},
	{{{156, -53, 131},0, {368, 240},{0xD8, 0x2E, 0x90, 0xFF}}},
	{{{157, -26, 67},0, {304, 240},{0xC2, 0x29, 0x99, 0xFF}}},
	{{{191, -33, 82},0, {304, 240},{0xB4, 0x28, 0xA2, 0xFF}}},
	{{{154, -68, 30},0, {432, 240},{0x91, 0x39, 0xE6, 0xFF}}},
	{{{162, -108, 46},0, {432, 240},{0xB5, 0x5F, 0xDA, 0xFF}}},
	{{{155, -55, 58},0, {368, 240},{0xA2, 0x42, 0xCB, 0xFF}}},
	{{{183, -59, 26},0, {368, 240},{0xA1, 0x4F, 0xE2, 0xFF}}},
	{{{154, -68, 30},0, {432, 240},{0x91, 0x39, 0xE6, 0xFF}}},
	{{{122, -72, 75},0, {368, 368},{0xBE, 0x53, 0xBA, 0xFF}}},
	{{{162, -108, 46},0, {368, 368},{0xB5, 0x5F, 0xDA, 0xFF}}},
	{{{122, -87, 38},0, {432, 368},{0xCB, 0x6A, 0xD2, 0xFF}}},
	{{{114, -136, 58},0, {432, 368},{0xCC, 0x6B, 0xD4, 0xFF}}},
	{{{95, -82, 85},0, {368, 432},{0xC4, 0x58, 0xBB, 0xFF}}},
	{{{100, -72, 176},0, {368, 432},{0xF7, 0x30, 0x8B, 0xFF}}},
	{{{114, -136, 58},0, {368, 368},{0xCC, 0x6B, 0xD4, 0xFF}}},
	{{{125, -35, 88},0, {304, 368},{0xF2, 0x30, 0x8B, 0xFF}}},
	{{{156, -53, 131},0, {304, 368},{0xD8, 0x2E, 0x90, 0xFF}}},
	{{{100, -72, 176},0, {368, 368},{0xF7, 0x30, 0x8B, 0xFF}}},
	{{{73, -91, 95},0, {368, 496},{0xBE, 0x58, 0xC1, 0xFF}}},
	{{{100, -72, 176},0, {368, 496},{0xF7, 0x30, 0x8B, 0xFF}}},
	{{{114, -136, 58},0, {368, 432},{0xCC, 0x6B, 0xD4, 0xFF}}},
	{{{77, -45, 113},0, {304, 496},{0x46, 0x28, 0x9E, 0xFF}}},
	{{{100, -72, 176},0, {304, 496},{0xF7, 0x30, 0x8B, 0xFF}}},
	{{{73, -91, 95},0, {368, 496},{0xBE, 0x58, 0xC1, 0xFF}}},
	{{{45, -68, 108},0, {337, 560},{0xAE, 0xEC, 0xA1, 0xFF}}},
	{{{45, -43, 119},0, {304, 560},{0xDB, 0x2E, 0x8F, 0xFF}}},
	{{{19, -42, 133},0, {304, 624},{0x84, 0x16, 0xED, 0xFF}}},
	{{{48, -72, 117},0, {337, 560},{0xCF, 0xA0, 0x43, 0xFF}}},
	{{{24, -45, 141},0, {304, 624},{0xBE, 0xE4, 0x69, 0xFF}}},
	{{{48, -47, 127},0, {304, 560},{0x29, 0xD2, 0x6F, 0xFF}}},
	{{{48, -22, 138},0, {271, 560},{0xE0, 0x22, 0x76, 0xFF}}},
	{{{45, -18, 129},0, {271, 560},{0xBA, 0x5C, 0xCC, 0xFF}}},
	{{{73, 1, 132},0, {240, 496},{0xC8, 0xF8, 0x8E, 0xFF}}},
	{{{100, -72, 176},0, {240, 496},{0xF7, 0x30, 0x8B, 0xFF}}},
	{{{189, 1, 45},0, {240, 112},{0x86, 0x3, 0xDB, 0xFF}}},
	{{{191, -33, 82},0, {240, 112},{0xB4, 0x28, 0xA2, 0xFF}}},
	{{{172, 1, 61},0, {240, 176},{0xA4, 0x5, 0xA8, 0xFF}}},
	{{{172, 1, 61},0, {240, 176},{0xA4, 0x5, 0xA8, 0xFF}}},
	{{{196, 35, 83},0, {240, 176},{0xAD, 0xD9, 0xA8, 0xFF}}},
	{{{189, 1, 45},0, {240, 112},{0x86, 0x3, 0xDB, 0xFF}}},
	{{{156, 1, 80},0, {240, 240},{0xA9, 0xFF, 0xA3, 0xFF}}},
	{{{155, 49, 118},0, {240, 240},{0xCF, 0xD2, 0x94, 0xFF}}},
	{{{157, 28, 67},0, {176, 240},{0xC0, 0xDA, 0x99, 0xFF}}},
	{{{196, 35, 83},0, {176, 240},{0xAD, 0xD9, 0xA8, 0xFF}}},
	{{{157, -26, 67},0, {304, 240},{0xC2, 0x29, 0x99, 0xFF}}},
	{{{156, -53, 131},0, {304, 240},{0xD8, 0x2E, 0x90, 0xFF}}},
	{{{191, -33, 82},0, {240, 240},{0xB4, 0x28, 0xA2, 0xFF}}},
	{{{191, -33, 82},0, {240, 176},{0xB4, 0x28, 0xA2, 0xFF}}},
	{{{196, 35, 83},0, {240, 240},{0xAD, 0xD9, 0xA8, 0xFF}}},
	{{{138, 0, 93},0, {240, 304},{0xB4, 0xFA, 0x9A, 0xFF}}},
	{{{155, 49, 118},0, {240, 304},{0xCF, 0xD2, 0x94, 0xFF}}},
	{{{156, -53, 131},0, {240, 240},{0xD8, 0x2E, 0x90, 0xFF}}},
	{{{122, 0, 105},0, {240, 368},{0xBF, 0xF6, 0x93, 0xFF}}},
	{{{156, -53, 131},0, {240, 368},{0xD8, 0x2E, 0x90, 0xFF}}},
	{{{125, -35, 88},0, {304, 368},{0xF2, 0x30, 0x8B, 0xFF}}},
	{{{100, -72, 176},0, {304, 368},{0xF7, 0x30, 0x8B, 0xFF}}},
	{{{155, 49, 118},0, {240, 368},{0xCF, 0xD2, 0x94, 0xFF}}},
	{{{138, 0, 93},0, {240, 304},{0xB4, 0xFA, 0x9A, 0xFF}}},
	{{{156, -53, 131},0, {240, 304},{0xD8, 0x2E, 0x90, 0xFF}}},
	{{{125, 37, 88},0, {176, 368},{0xF3, 0xD2, 0x8A, 0xFF}}},
	{{{155, 49, 118},0, {176, 368},{0xCF, 0xD2, 0x94, 0xFF}}},
	{{{90, 66, 159},0, {240, 368},{0x7, 0xCF, 0x8B, 0xFF}}},
	{{{95, 0, 119},0, {240, 432},{0xC4, 0xF5, 0x90, 0xFF}}},
	{{{90, 66, 159},0, {240, 432},{0x7, 0xCF, 0x8B, 0xFF}}},
	{{{100, -72, 176},0, {240, 368},{0xF7, 0x30, 0x8B, 0xFF}}},
	{{{73, 1, 132},0, {240, 496},{0xC8, 0xF8, 0x8E, 0xFF}}},
	{{{90, 66, 159},0, {240, 496},{0x7, 0xCF, 0x8B, 0xFF}}},
	{{{100, -72, 176},0, {240, 432},{0xF7, 0x30, 0x8B, 0xFF}}},
	{{{157, 54, 60},0, {112, 240},{0xB8, 0x9C, 0xE0, 0xFF}}},
	{{{196, 35, 83},0, {112, 240},{0xAD, 0xD9, 0xA8, 0xFF}}},
	{{{157, 28, 67},0, {176, 240},{0xC0, 0xDA, 0x99, 0xFF}}},
	{{{155, 49, 118},0, {176, 240},{0xCF, 0xD2, 0x94, 0xFF}}},
	{{{125, 37, 88},0, {176, 368},{0xF3, 0xD2, 0x8A, 0xFF}}},
	{{{90, 66, 159},0, {176, 368},{0x7, 0xCF, 0x8B, 0xFF}}},
	{{{122, 73, 76},0, {112, 368},{0xBE, 0xEF, 0x95, 0xFF}}},
	{{{155, 49, 118},0, {112, 368},{0xCF, 0xD2, 0x94, 0xFF}}},
	{{{157, 28, -64},0, {816, 240},{0xC9, 0xD3, 0x69, 0xFF}}},
	{{{181, 47, -61},0, {816, 240},{0xB6, 0xAB, 0x3A, 0xFF}}},
	{{{156, 55, -56},0, {880, 240},{0xB2, 0xAA, 0x34, 0xFF}}},
	{{{142, 42, -98},0, {880, 240},{0xD9, 0xD2, 0x70, 0xFF}}},
	{{{125, 37, -86},0, {816, 368},{0xED, 0xD1, 0x75, 0xFF}}},
	{{{142, 42, -98},0, {816, 368},{0xD9, 0xD2, 0x70, 0xFF}}},
	{{{121, 73, -74},0, {880, 368},{0xB2, 0xAB, 0x35, 0xFF}}},
	{{{87, 61, -144},0, {880, 368},{0xFE, 0xCF, 0x75, 0xFF}}},
	{{{172, 1, -58},0, {752, 176},{0xA3, 0x1, 0x56, 0xFF}}},
	{{{184, -31, -53},0, {752, 176},{0xA0, 0x31, 0x44, 0xFF}}},
	{{{190, 1, -41},0, {752, 112},{0x8E, 0x0, 0x39, 0xFF}}},
	{{{181, 47, -61},0, {752, 112},{0xB6, 0xAB, 0x3A, 0xFF}}},
	{{{155, 1, -78},0, {752, 240},{0xA5, 0xFF, 0x59, 0xFF}}},
	{{{148, -42, -101},0, {752, 240},{0xCE, 0x2D, 0x6C, 0xFF}}},
	{{{155, -27, -66},0, {688, 240},{0x9F, 0x1E, 0x4C, 0xFF}}},
	{{{184, -31, -53},0, {688, 240},{0xA0, 0x31, 0x44, 0xFF}}},
	{{{142, 42, -98},0, {752, 240},{0xD9, 0xD2, 0x70, 0xFF}}},
	{{{138, 0, -90},0, {752, 304},{0xB4, 0xF7, 0x66, 0xFF}}},
	{{{148, -42, -101},0, {752, 304},{0xCE, 0x2D, 0x6C, 0xFF}}},
	{{{184, -31, -53},0, {752, 240},{0xA0, 0x31, 0x44, 0xFF}}},
	{{{181, 47, -61},0, {752, 176},{0xB6, 0xAB, 0x3A, 0xFF}}},
	{{{157, 28, -64},0, {816, 240},{0xC9, 0xD3, 0x69, 0xFF}}},
	{{{142, 42, -98},0, {816, 240},{0xD9, 0xD2, 0x70, 0xFF}}},
	{{{181, 47, -61},0, {752, 240},{0xB6, 0xAB, 0x3A, 0xFF}}},
	{{{122, 1, -103},0, {752, 368},{0xBD, 0x2, 0x6C, 0xFF}}},
	{{{90, -52, -126},0, {752, 368},{0xF6, 0x30, 0x75, 0xFF}}},
	{{{125, -35, -86},0, {688, 368},{0xF5, 0x2F, 0x76, 0xFF}}},
	{{{148, -42, -101},0, {688, 368},{0xCE, 0x2D, 0x6C, 0xFF}}},
	{{{138, 0, -90},0, {752, 304},{0xB4, 0xF7, 0x66, 0xFF}}},
	{{{142, 42, -98},0, {752, 304},{0xD9, 0xD2, 0x70, 0xFF}}},
	{{{148, -42, -101},0, {752, 368},{0xCE, 0x2D, 0x6C, 0xFF}}},
	{{{142, 42, -98},0, {752, 368},{0xD9, 0xD2, 0x70, 0xFF}}},
	{{{125, 37, -86},0, {816, 368},{0xED, 0xD1, 0x75, 0xFF}}},
	{{{87, 61, -144},0, {816, 368},{0xFE, 0xCF, 0x75, 0xFF}}},
	{{{87, 61, -144},0, {752, 368},{0xFE, 0xCF, 0x75, 0xFF}}},
	{{{95, 2, -116},0, {752, 432},{0xC6, 0xD, 0x70, 0xFF}}},
	{{{90, -52, -126},0, {752, 432},{0xF6, 0x30, 0x75, 0xFF}}},
	{{{127, 81, 81},0, {-16, 1008},{0x18, 0x7A, 0xE5, 0xFF}}},
	{{{99, 90, 91},0, {-16, 1008},{0x18, 0x73, 0xCF, 0xFF}}},
	{{{89, 70, 168},0, {-16, 1008},{0xFB, 0x30, 0x76, 0xFF}}},
	{{{99, 90, 91},0, {-16, 1008},{0x18, 0x73, 0xCF, 0xFF}}},
	{{{127, 81, 81},0, {-16, 1008},{0x18, 0x7A, 0xE5, 0xFF}}},
	{{{122, 73, 76},0, {-16, 1008},{0xBE, 0xEF, 0x95, 0xFF}}},
	{{{95, 82, 88},0, {-16, 1008},{0xC8, 0xD5, 0x96, 0xFF}}},
	{{{90, 66, 159},0, {-16, 1008},{0x7, 0xCF, 0x8B, 0xFF}}},
	{{{73, 93, 95},0, {-16, 1008},{0xDE, 0x10, 0x87, 0xFF}}},
	{{{72, 100, 101},0, {-16, 1008},{0xD2, 0x76, 0xFB, 0xFF}}},
	{{{89, 70, 168},0, {-16, 1008},{0xFB, 0x30, 0x76, 0xFF}}},
	{{{99, 90, -88},0, {-16, 1008},{0x20, 0x76, 0x22, 0xFF}}},
	{{{127, 81, -78},0, {-16, 1008},{0x3B, 0x5F, 0xC4, 0xFF}}},
	{{{87, 65, -153},0, {-16, 1008},{0x2, 0x30, 0x8A, 0xFF}}},
	{{{95, 82, -84},0, {-16, 1008},{0xCD, 0xE5, 0x71, 0xFF}}},
	{{{71, 94, -90},0, {-16, 1008},{0x11, 0x6, 0x7E, 0xFF}}},
	{{{72, 100, -98},0, {-16, 1008},{0x1D, 0x78, 0xE4, 0xFF}}},
	{{{87, 61, -144},0, {-16, 1008},{0xFE, 0xCF, 0x75, 0xFF}}},
	{{{121, 73, -74},0, {-16, 1008},{0xB2, 0xAB, 0x35, 0xFF}}},
};

Gfx goomba_anime_000_offset_002_mesh_layer_1_tri_1[] = {
	gsSPVertex(goomba_anime_000_offset_002_mesh_layer_1_vtx_1 + 0, 16, 0),
	gsSP1Triangle(0, 1, 2, 0),
	gsSP1Triangle(3, 1, 0, 0),
	gsSP1Triangle(3, 0, 4, 0),
	gsSP1Triangle(4, 0, 5, 0),
	gsSP1Triangle(5, 0, 6, 0),
	gsSP1Triangle(4, 5, 7, 0),
	gsSP1Triangle(7, 5, 8, 0),
	gsSP1Triangle(8, 5, 9, 0),
	gsSP1Triangle(7, 8, 10, 0),
	gsSP1Triangle(10, 8, 11, 0),
	gsSP1Triangle(8, 12, 11, 0),
	gsSP1Triangle(8, 13, 12, 0),
	gsSP1Triangle(8, 14, 13, 0),
	gsSP1Triangle(8, 15, 14, 0),
	gsSPVertex(goomba_anime_000_offset_002_mesh_layer_1_vtx_1 + 16, 16, 0),
	gsSP1Triangle(0, 1, 2, 0),
	gsSP1Triangle(0, 3, 1, 0),
	gsSP1Triangle(3, 0, 4, 0),
	gsSP1Triangle(3, 5, 1, 0),
	gsSP1Triangle(3, 6, 5, 0),
	gsSP1Triangle(6, 3, 7, 0),
	gsSP1Triangle(6, 8, 5, 0),
	gsSP1Triangle(6, 9, 8, 0),
	gsSP1Triangle(9, 6, 10, 0),
	gsSP1Triangle(9, 11, 8, 0),
	gsSP1Triangle(9, 12, 11, 0),
	gsSP1Triangle(12, 9, 13, 0),
	gsSP1Triangle(12, 14, 11, 0),
	gsSP1Triangle(12, 15, 14, 0),
	gsSPVertex(goomba_anime_000_offset_002_mesh_layer_1_vtx_1 + 32, 16, 0),
	gsSP1Triangle(0, 1, 2, 0),
	gsSP1Triangle(3, 0, 4, 0),
	gsSP1Triangle(5, 6, 7, 0),
	gsSP1Triangle(6, 5, 8, 0),
	gsSP1Triangle(9, 10, 11, 0),
	gsSP1Triangle(12, 9, 11, 0),
	gsSP1Triangle(12, 11, 13, 0),
	gsSP1Triangle(14, 12, 13, 0),
	gsSP1Triangle(14, 13, 15, 0),
	gsSPVertex(goomba_anime_000_offset_002_mesh_layer_1_vtx_1 + 48, 16, 0),
	gsSP1Triangle(0, 1, 2, 0),
	gsSP1Triangle(3, 4, 0, 0),
	gsSP1Triangle(5, 4, 3, 0),
	gsSP1Triangle(6, 5, 3, 0),
	gsSP1Triangle(6, 3, 7, 0),
	gsSP1Triangle(7, 3, 8, 0),
	gsSP1Triangle(3, 0, 8, 0),
	gsSP1Triangle(8, 0, 9, 0),
	gsSP1Triangle(7, 8, 10, 0),
	gsSP1Triangle(10, 8, 11, 0),
	gsSP1Triangle(7, 10, 12, 0),
	gsSP1Triangle(12, 10, 13, 0),
	gsSP1Triangle(7, 12, 14, 0),
	gsSP1Triangle(15, 14, 12, 0),
	gsSPVertex(goomba_anime_000_offset_002_mesh_layer_1_vtx_1 + 64, 16, 0),
	gsSP1Triangle(0, 1, 2, 0),
	gsSP1Triangle(2, 1, 3, 0),
	gsSP1Triangle(2, 3, 4, 0),
	gsSP1Triangle(5, 4, 3, 0),
	gsSP1Triangle(5, 3, 6, 0),
	gsSP1Triangle(6, 3, 7, 0),
	gsSP1Triangle(3, 8, 7, 0),
	gsSP1Triangle(6, 7, 9, 0),
	gsSP1Triangle(9, 7, 10, 0),
	gsSP1Triangle(7, 11, 10, 0),
	gsSP1Triangle(9, 10, 12, 0),
	gsSP1Triangle(12, 10, 13, 0),
	gsSP1Triangle(10, 14, 13, 0),
	gsSP1Triangle(12, 13, 15, 0),
	gsSPVertex(goomba_anime_000_offset_002_mesh_layer_1_vtx_1 + 80, 16, 0),
	gsSP1Triangle(0, 1, 2, 0),
	gsSP1Triangle(1, 3, 2, 0),
	gsSP1Triangle(0, 2, 4, 0),
	gsSP1Triangle(4, 2, 5, 0),
	gsSP1Triangle(4, 5, 6, 0),
	gsSP1Triangle(6, 5, 7, 0),
	gsSP1Triangle(8, 4, 6, 0),
	gsSP1Triangle(9, 4, 8, 0),
	gsSP1Triangle(9, 0, 4, 0),
	gsSP1Triangle(10, 0, 9, 0),
	gsSP1Triangle(10, 11, 0, 0),
	gsSP1Triangle(12, 11, 10, 0),
	gsSP1Triangle(12, 13, 11, 0),
	gsSP1Triangle(14, 13, 12, 0),
	gsSP1Triangle(15, 14, 12, 0),
	gsSPVertex(goomba_anime_000_offset_002_mesh_layer_1_vtx_1 + 96, 16, 0),
	gsSP1Triangle(0, 1, 2, 0),
	gsSP1Triangle(0, 3, 1, 0),
	gsSP1Triangle(1, 3, 4, 0),
	gsSP1Triangle(1, 4, 5, 0),
	gsSP1Triangle(6, 5, 4, 0),
	gsSP1Triangle(6, 7, 5, 0),
	gsSP1Triangle(8, 7, 6, 0),
	gsSP1Triangle(8, 6, 9, 0),
	gsSP1Triangle(8, 9, 10, 0),
	gsSP1Triangle(11, 8, 10, 0),
	gsSP1Triangle(10, 12, 11, 0),
	gsSP1Triangle(10, 13, 12, 0),
	gsSP1Triangle(14, 12, 13, 0),
	gsSP1Triangle(15, 12, 14, 0),
	gsSPVertex(goomba_anime_000_offset_002_mesh_layer_1_vtx_1 + 112, 16, 0),
	gsSP1Triangle(0, 1, 2, 0),
	gsSP1Triangle(2, 1, 3, 0),
	gsSP1Triangle(1, 4, 3, 0),
	gsSP1Triangle(1, 5, 4, 0),
	gsSP1Triangle(5, 6, 4, 0),
	gsSP1Triangle(5, 7, 6, 0),
	gsSP1Triangle(8, 7, 5, 0),
	gsSP1Triangle(7, 8, 9, 0),
	gsSP1Triangle(7, 9, 6, 0),
	gsSP1Triangle(9, 4, 6, 0),
	gsSP1Triangle(2, 3, 10, 0),
	gsSP1Triangle(11, 10, 3, 0),
	gsSP1Triangle(11, 3, 12, 0),
	gsSP1Triangle(13, 12, 3, 0),
	gsSP1Triangle(14, 11, 12, 0),
	gsSP1Triangle(15, 11, 14, 0),
	gsSPVertex(goomba_anime_000_offset_002_mesh_layer_1_vtx_1 + 128, 16, 0),
	gsSP1Triangle(0, 1, 2, 0),
	gsSP1Triangle(3, 0, 2, 0),
	gsSP1Triangle(3, 2, 4, 0),
	gsSP1Triangle(2, 5, 4, 0),
	gsSP1Triangle(6, 4, 5, 0),
	gsSP1Triangle(7, 4, 6, 0),
	gsSP1Triangle(8, 7, 6, 0),
	gsSP1Triangle(8, 6, 9, 0),
	gsSP1Triangle(10, 8, 9, 0),
	gsSP1Triangle(10, 9, 11, 0),
	gsSP1Triangle(7, 3, 4, 0),
	gsSP1Triangle(12, 3, 7, 0),
	gsSP1Triangle(0, 3, 12, 0),
	gsSP1Triangle(0, 12, 13, 0),
	gsSP1Triangle(14, 0, 13, 0),
	gsSP1Triangle(15, 14, 13, 0),
	gsSPVertex(goomba_anime_000_offset_002_mesh_layer_1_vtx_1 + 144, 14, 0),
	gsSP1Triangle(0, 1, 2, 0),
	gsSP1Triangle(0, 2, 3, 0),
	gsSP1Triangle(2, 4, 3, 0),
	gsSP1Triangle(5, 0, 3, 0),
	gsSP1Triangle(6, 7, 8, 0),
	gsSP1Triangle(9, 6, 8, 0),
	gsSP1Triangle(9, 8, 10, 0),
	gsSP1Triangle(9, 10, 11, 0),
	gsSP1Triangle(12, 6, 9, 0),
	gsSP1Triangle(12, 9, 13, 0),
	gsSPVertex(goomba_anime_000_offset_002_mesh_layer_1_vtx_1 + 158, 16, 0),
	gsSP1Triangle(0, 1, 2, 0),
	gsSP1Triangle(3, 0, 2, 0),
	gsSP1Triangle(3, 2, 4, 0),
	gsSP1Triangle(5, 3, 4, 0),
	gsSP1Triangle(5, 4, 6, 0),
	gsSP1Triangle(7, 5, 6, 0),
	gsSP1Triangle(7, 6, 8, 0),
	gsSP1Triangle(9, 7, 8, 0),
	gsSP1Triangle(9, 8, 10, 0),
	gsSP1Triangle(11, 9, 10, 0),
	gsSP1Triangle(11, 10, 12, 0),
	gsSP1Triangle(13, 11, 12, 0),
	gsSP1Triangle(11, 13, 14, 0),
	gsSP1Triangle(11, 14, 15, 0),
	gsSPVertex(goomba_anime_000_offset_002_mesh_layer_1_vtx_1 + 174, 16, 0),
	gsSP1Triangle(0, 1, 2, 0),
	gsSP1Triangle(2, 1, 3, 0),
	gsSP1Triangle(1, 4, 3, 0),
	gsSP1Triangle(3, 4, 5, 0),
	gsSP1Triangle(3, 5, 6, 0),
	gsSP1Triangle(6, 5, 7, 0),
	gsSP1Triangle(6, 7, 8, 0),
	gsSP1Triangle(8, 7, 9, 0),
	gsSP1Triangle(8, 9, 10, 0),
	gsSP1Triangle(10, 9, 11, 0),
	gsSP1Triangle(10, 11, 12, 0),
	gsSP1Triangle(12, 11, 13, 0),
	gsSP1Triangle(14, 10, 12, 0),
	gsSP1Triangle(15, 10, 14, 0),
	gsSPVertex(goomba_anime_000_offset_002_mesh_layer_1_vtx_1 + 190, 16, 0),
	gsSP1Triangle(0, 1, 2, 0),
	gsSP1Triangle(2, 3, 4, 0),
	gsSP1Triangle(5, 3, 2, 0),
	gsSP1Triangle(2, 6, 5, 0),
	gsSP1Triangle(5, 7, 3, 0),
	gsSP1Triangle(8, 7, 5, 0),
	gsSP1Triangle(5, 9, 8, 0),
	gsSP1Triangle(5, 10, 9, 0),
	gsSP1Triangle(11, 8, 9, 0),
	gsSP1Triangle(12, 8, 11, 0),
	gsSP1Triangle(12, 13, 8, 0),
	gsSP1Triangle(12, 14, 13, 0),
	gsSP1Triangle(14, 12, 15, 0),
	gsSPVertex(goomba_anime_000_offset_002_mesh_layer_1_vtx_1 + 206, 16, 0),
	gsSP1Triangle(0, 1, 2, 0),
	gsSP1Triangle(2, 1, 3, 0),
	gsSP1Triangle(2, 4, 0, 0),
	gsSP1Triangle(2, 5, 4, 0),
	gsSP1Triangle(2, 6, 5, 0),
	gsSP1Triangle(2, 7, 6, 0),
	gsSP1Triangle(7, 2, 8, 0),
	gsSP1Triangle(7, 9, 6, 0),
	gsSP1Triangle(7, 10, 9, 0),
	gsSP1Triangle(10, 7, 11, 0),
	gsSP1Triangle(10, 12, 9, 0),
	gsSP1Triangle(13, 14, 15, 0),
	gsSPVertex(goomba_anime_000_offset_002_mesh_layer_1_vtx_1 + 222, 15, 0),
	gsSP1Triangle(0, 1, 2, 0),
	gsSP1Triangle(3, 0, 2, 0),
	gsSP1Triangle(3, 2, 4, 0),
	gsSP1Triangle(3, 4, 5, 0),
	gsSP1Triangle(6, 0, 3, 0),
	gsSP1Triangle(6, 3, 7, 0),
	gsSP1Triangle(8, 9, 10, 0),
	gsSP1Triangle(11, 8, 10, 0),
	gsSP1Triangle(11, 10, 6, 0),
	gsSP1Triangle(11, 6, 12, 0),
	gsSP1Triangle(13, 8, 11, 0),
	gsSP1Triangle(13, 11, 14, 0),
	gsSPVertex(goomba_anime_000_offset_002_mesh_layer_1_vtx_1 + 237, 16, 0),
	gsSP1Triangle(0, 1, 2, 0),
	gsSP1Triangle(3, 0, 2, 0),
	gsSP1Triangle(3, 2, 4, 0),
	gsSP1Triangle(3, 4, 5, 0),
	gsSP1Triangle(6, 0, 3, 0),
	gsSP1Triangle(6, 3, 7, 0),
	gsSP1Triangle(8, 9, 10, 0),
	gsSP1Triangle(11, 8, 10, 0),
	gsSP1Triangle(11, 10, 6, 0),
	gsSP1Triangle(12, 11, 6, 0),
	gsSP1Triangle(12, 6, 13, 0),
	gsSP1Triangle(13, 6, 14, 0),
	gsSP1Triangle(15, 12, 13, 0),
	gsSPVertex(goomba_anime_000_offset_002_mesh_layer_1_vtx_1 + 253, 16, 0),
	gsSP1Triangle(0, 1, 2, 0),
	gsSP1Triangle(2, 1, 3, 0),
	gsSP1Triangle(4, 0, 2, 0),
	gsSP1Triangle(4, 2, 5, 0),
	gsSP1Triangle(5, 2, 6, 0),
	gsSP1Triangle(7, 4, 5, 0),
	gsSP1Triangle(7, 5, 8, 0),
	gsSP1Triangle(8, 5, 9, 0),
	gsSP1Triangle(10, 7, 8, 0),
	gsSP1Triangle(10, 8, 11, 0),
	gsSP1Triangle(11, 8, 12, 0),
	gsSP1Triangle(13, 10, 11, 0),
	gsSP1Triangle(13, 11, 14, 0),
	gsSP1Triangle(14, 11, 15, 0),
	gsSPVertex(goomba_anime_000_offset_002_mesh_layer_1_vtx_1 + 269, 16, 0),
	gsSP1Triangle(0, 1, 2, 0),
	gsSP1Triangle(0, 2, 3, 0),
	gsSP1Triangle(3, 2, 4, 0),
	gsSP1Triangle(2, 5, 4, 0),
	gsSP1Triangle(2, 6, 5, 0),
	gsSP1Triangle(6, 2, 7, 0),
	gsSP1Triangle(7, 2, 8, 0),
	gsSP1Triangle(6, 7, 9, 0),
	gsSP1Triangle(9, 7, 10, 0),
	gsSP1Triangle(10, 7, 11, 0),
	gsSP1Triangle(9, 10, 12, 0),
	gsSP1Triangle(12, 10, 13, 0),
	gsSP1Triangle(10, 14, 13, 0),
	gsSP1Triangle(10, 15, 14, 0),
	gsSPVertex(goomba_anime_000_offset_002_mesh_layer_1_vtx_1 + 285, 16, 0),
	gsSP1Triangle(0, 1, 2, 0),
	gsSP1Triangle(2, 1, 3, 0),
	gsSP1Triangle(0, 2, 4, 0),
	gsSP1Triangle(4, 2, 5, 0),
	gsSP1Triangle(5, 2, 6, 0),
	gsSP1Triangle(4, 5, 7, 0),
	gsSP1Triangle(7, 5, 8, 0),
	gsSP1Triangle(5, 9, 8, 0),
	gsSP1Triangle(5, 10, 9, 0),
	gsSP1Triangle(10, 5, 11, 0),
	gsSP1Triangle(11, 5, 12, 0),
	gsSP1Triangle(10, 11, 13, 0),
	gsSP1Triangle(13, 11, 14, 0),
	gsSP1Triangle(14, 11, 15, 0),
	gsSPVertex(goomba_anime_000_offset_002_mesh_layer_1_vtx_1 + 301, 14, 0),
	gsSP1Triangle(0, 1, 2, 0),
	gsSP1Triangle(2, 1, 3, 0),
	gsSP1Triangle(2, 3, 4, 0),
	gsSP1Triangle(5, 4, 3, 0),
	gsSP1Triangle(5, 3, 6, 0),
	gsSP1Triangle(3, 7, 6, 0),
	gsSP1Triangle(8, 5, 6, 0),
	gsSP1Triangle(9, 5, 8, 0),
	gsSP1Triangle(10, 9, 8, 0),
	gsSP1Triangle(10, 11, 9, 0),
	gsSP1Triangle(11, 10, 0, 0),
	gsSP1Triangle(11, 0, 2, 0),
	gsSP1Triangle(11, 2, 4, 0),
	gsSP1Triangle(11, 4, 9, 0),
	gsSP1Triangle(9, 4, 5, 0),
	gsSP1Triangle(8, 6, 12, 0),
	gsSP1Triangle(6, 13, 12, 0),
	gsSPVertex(goomba_anime_000_offset_002_mesh_layer_1_vtx_1 + 315, 16, 0),
	gsSP1Triangle(0, 1, 2, 0),
	gsSP1Triangle(3, 4, 5, 0),
	gsSP1Triangle(6, 3, 5, 0),
	gsSP1Triangle(6, 5, 7, 0),
	gsSP1Triangle(6, 7, 8, 0),
	gsSP1Triangle(9, 3, 6, 0),
	gsSP1Triangle(9, 6, 10, 0),
	gsSP1Triangle(7, 11, 0, 0),
	gsSP1Triangle(7, 0, 12, 0),
	gsSP1Triangle(13, 14, 15, 0),
	gsSPVertex(goomba_anime_000_offset_002_mesh_layer_1_vtx_1 + 331, 14, 0),
	gsSP1Triangle(0, 1, 2, 0),
	gsSP1Triangle(3, 4, 5, 0),
	gsSP1Triangle(4, 3, 6, 0),
	gsSP1Triangle(7, 8, 9, 0),
	gsSP1Triangle(8, 7, 10, 0),
	gsSP1Triangle(11, 7, 12, 0),
	gsSP1Triangle(7, 11, 13, 0),
	gsSPVertex(goomba_anime_000_offset_002_mesh_layer_1_vtx_1 + 345, 15, 0),
	gsSP1Triangle(0, 1, 2, 0),
	gsSP1Triangle(1, 0, 3, 0),
	gsSP1Triangle(4, 0, 5, 0),
	gsSP1Triangle(0, 4, 6, 0),
	gsSP1Triangle(7, 8, 9, 0),
	gsSP1Triangle(8, 7, 10, 0),
	gsSP1Triangle(11, 12, 13, 0),
	gsSP1Triangle(12, 11, 14, 0),
	gsSPVertex(goomba_anime_000_offset_002_mesh_layer_1_vtx_1 + 360, 16, 0),
	gsSP1Triangle(0, 1, 2, 0),
	gsSP1Triangle(1, 0, 3, 0),
	gsSP1Triangle(4, 0, 5, 0),
	gsSP1Triangle(0, 4, 6, 0),
	gsSP1Triangle(7, 8, 9, 0),
	gsSP1Triangle(8, 7, 10, 0),
	gsSP1Triangle(11, 7, 12, 0),
	gsSP1Triangle(7, 11, 13, 0),
	gsSP1Triangle(14, 7, 15, 0),
	gsSPVertex(goomba_anime_000_offset_002_mesh_layer_1_vtx_1 + 376, 15, 0),
	gsSP1Triangle(0, 1, 2, 0),
	gsSP1Triangle(3, 4, 5, 0),
	gsSP1Triangle(4, 3, 6, 0),
	gsSP1Triangle(7, 8, 9, 0),
	gsSP1Triangle(8, 7, 10, 0),
	gsSP1Triangle(11, 12, 13, 0),
	gsSP1Triangle(12, 11, 14, 0),
	gsSPVertex(goomba_anime_000_offset_002_mesh_layer_1_vtx_1 + 391, 16, 0),
	gsSP1Triangle(0, 1, 2, 0),
	gsSP1Triangle(1, 0, 3, 0),
	gsSP1Triangle(4, 1, 5, 0),
	gsSP1Triangle(1, 4, 6, 0),
	gsSP1Triangle(7, 1, 8, 0),
	gsSP1Triangle(1, 7, 9, 0),
	gsSP1Triangle(10, 11, 12, 0),
	gsSP1Triangle(11, 10, 13, 0),
	gsSP1Triangle(10, 7, 14, 0),
	gsSP1Triangle(7, 10, 15, 0),
	gsSPVertex(goomba_anime_000_offset_002_mesh_layer_1_vtx_1 + 407, 16, 0),
	gsSP1Triangle(0, 1, 2, 0),
	gsSP1Triangle(1, 0, 3, 0),
	gsSP1Triangle(4, 1, 5, 0),
	gsSP1Triangle(1, 4, 6, 0),
	gsSP1Triangle(7, 4, 8, 0),
	gsSP1Triangle(4, 7, 9, 0),
	gsSP1Triangle(10, 11, 12, 0),
	gsSP1Triangle(11, 10, 13, 0),
	gsSP1Triangle(0, 14, 15, 0),
	gsSPVertex(goomba_anime_000_offset_002_mesh_layer_1_vtx_1 + 423, 16, 0),
	gsSP1Triangle(0, 1, 2, 0),
	gsSP1Triangle(3, 4, 5, 0),
	gsSP1Triangle(6, 3, 5, 0),
	gsSP1Triangle(6, 5, 7, 0),
	gsSP1Triangle(8, 6, 7, 0),
	gsSP1Triangle(9, 10, 11, 0),
	gsSP1Triangle(10, 9, 12, 0),
	gsSP1Triangle(13, 14, 15, 0),
	gsSPVertex(goomba_anime_000_offset_002_mesh_layer_1_vtx_1 + 439, 16, 0),
	gsSP1Triangle(0, 1, 2, 0),
	gsSP1Triangle(3, 4, 5, 0),
	gsSP1Triangle(6, 4, 3, 0),
	gsSP1Triangle(6, 3, 7, 0),
	gsSP1Triangle(8, 6, 7, 0),
	gsSP1Triangle(8, 7, 9, 0),
	gsSP1Triangle(8, 9, 10, 0),
	gsSP1Triangle(9, 11, 10, 0),
	gsSP1Triangle(9, 12, 11, 0),
	gsSP1Triangle(9, 13, 12, 0),
	gsSP1Triangle(12, 13, 14, 0),
	gsSP1Triangle(12, 14, 15, 0),
	gsSPVertex(goomba_anime_000_offset_002_mesh_layer_1_vtx_1 + 455, 16, 0),
	gsSP1Triangle(0, 1, 2, 0),
	gsSP1Triangle(3, 2, 1, 0),
	gsSP1Triangle(3, 1, 4, 0),
	gsSP1Triangle(1, 5, 4, 0),
	gsSP1Triangle(6, 3, 4, 0),
	gsSP1Triangle(6, 7, 3, 0),
	gsSP1Triangle(7, 2, 3, 0),
	gsSP1Triangle(8, 2, 7, 0),
	gsSP1Triangle(6, 4, 9, 0),
	gsSP1Triangle(4, 10, 9, 0),
	gsSP1Triangle(11, 6, 9, 0),
	gsSP1Triangle(12, 6, 11, 0),
	gsSP1Triangle(12, 11, 13, 0),
	gsSP1Triangle(13, 11, 14, 0),
	gsSP1Triangle(11, 9, 14, 0),
	gsSP1Triangle(9, 15, 14, 0),
	gsSPVertex(goomba_anime_000_offset_002_mesh_layer_1_vtx_1 + 471, 16, 0),
	gsSP1Triangle(0, 1, 2, 0),
	gsSP1Triangle(1, 3, 2, 0),
	gsSP1Triangle(4, 0, 2, 0),
	gsSP1Triangle(4, 5, 0, 0),
	gsSP1Triangle(5, 6, 0, 0),
	gsSP1Triangle(5, 7, 6, 0),
	gsSP1Triangle(7, 8, 6, 0),
	gsSP1Triangle(9, 10, 11, 0),
	gsSP1Triangle(10, 9, 12, 0),
	gsSP1Triangle(13, 14, 15, 0),
	gsSPVertex(goomba_anime_000_offset_002_mesh_layer_1_vtx_1 + 487, 16, 0),
	gsSP1Triangle(0, 1, 2, 0),
	gsSP1Triangle(1, 3, 4, 0),
	gsSP1Triangle(3, 1, 5, 0),
	gsSP1Triangle(1, 6, 7, 0),
	gsSP1Triangle(6, 1, 8, 0),
	gsSP1Triangle(9, 1, 10, 0),
	gsSP1Triangle(1, 9, 11, 0),
	gsSP1Triangle(12, 13, 14, 0),
	gsSP1Triangle(13, 12, 15, 0),
	gsSPVertex(goomba_anime_000_offset_002_mesh_layer_1_vtx_1 + 503, 16, 0),
	gsSP1Triangle(0, 1, 2, 0),
	gsSP1Triangle(1, 0, 3, 0),
	gsSP1Triangle(1, 4, 5, 0),
	gsSP1Triangle(4, 1, 6, 0),
	gsSP1Triangle(1, 7, 8, 0),
	gsSP1Triangle(7, 1, 9, 0),
	gsSP1Triangle(10, 11, 12, 0),
	gsSP1Triangle(12, 11, 13, 0),
	gsSP1Triangle(11, 14, 13, 0),
	gsSP1Triangle(11, 15, 14, 0),
	gsSPVertex(goomba_anime_000_offset_002_mesh_layer_1_vtx_1 + 519, 16, 0),
	gsSP1Triangle(0, 1, 2, 0),
	gsSP1Triangle(3, 2, 1, 0),
	gsSP1Triangle(4, 2, 3, 0),
	gsSP1Triangle(5, 2, 4, 0),
	gsSP1Triangle(5, 0, 2, 0),
	gsSP1Triangle(6, 7, 8, 0),
	gsSP1Triangle(8, 9, 6, 0),
	gsSP1Triangle(10, 11, 12, 0),
	gsSP1Triangle(13, 11, 10, 0),
	gsSP1Triangle(14, 13, 10, 0),
	gsSP1Triangle(14, 15, 13, 0),
	gsSPVertex(goomba_anime_000_offset_002_mesh_layer_1_vtx_1 + 535, 16, 0),
	gsSP1Triangle(0, 1, 2, 0),
	gsSP1Triangle(0, 3, 1, 0),
	gsSP1Triangle(4, 5, 6, 0),
	gsSP1Triangle(7, 5, 4, 0),
	gsSP1Triangle(8, 7, 4, 0),
	gsSP1Triangle(8, 9, 7, 0),
	gsSP1Triangle(7, 10, 5, 0),
	gsSP1Triangle(7, 11, 10, 0),
	gsSP1Triangle(12, 13, 14, 0),
	gsSP1Triangle(15, 13, 12, 0),
	gsSPVertex(goomba_anime_000_offset_002_mesh_layer_1_vtx_1 + 551, 14, 0),
	gsSP1Triangle(0, 1, 2, 0),
	gsSP1Triangle(0, 3, 1, 0),
	gsSP1Triangle(1, 4, 5, 0),
	gsSP1Triangle(1, 6, 4, 0),
	gsSP1Triangle(7, 8, 9, 0),
	gsSP1Triangle(10, 8, 7, 0),
	gsSP1Triangle(11, 10, 7, 0),
	gsSP1Triangle(11, 12, 10, 0),
	gsSP1Triangle(10, 0, 8, 0),
	gsSP1Triangle(10, 13, 0, 0),
	gsSPVertex(goomba_anime_000_offset_002_mesh_layer_1_vtx_1 + 565, 16, 0),
	gsSP1Triangle(0, 1, 2, 0),
	gsSP1Triangle(3, 1, 0, 0),
	gsSP1Triangle(4, 3, 0, 0),
	gsSP1Triangle(4, 5, 3, 0),
	gsSP1Triangle(3, 6, 1, 0),
	gsSP1Triangle(7, 6, 3, 0),
	gsSP1Triangle(3, 8, 7, 0),
	gsSP1Triangle(7, 9, 6, 0),
	gsSP1Triangle(10, 9, 7, 0),
	gsSP1Triangle(11, 10, 7, 0),
	gsSP1Triangle(11, 7, 12, 0),
	gsSP1Triangle(7, 13, 12, 0),
	gsSP1Triangle(12, 14, 11, 0),
	gsSP1Triangle(9, 15, 6, 0),
	gsSPVertex(goomba_anime_000_offset_002_mesh_layer_1_vtx_1 + 581, 16, 0),
	gsSP1Triangle(0, 1, 2, 0),
	gsSP1Triangle(3, 1, 0, 0),
	gsSP1Triangle(4, 3, 0, 0),
	gsSP1Triangle(4, 5, 3, 0),
	gsSP1Triangle(3, 6, 1, 0),
	gsSP1Triangle(3, 7, 6, 0),
	gsSP1Triangle(8, 9, 10, 0),
	gsSP1Triangle(10, 11, 8, 0),
	gsSP1Triangle(10, 12, 11, 0),
	gsSP1Triangle(13, 12, 10, 0),
	gsSP1Triangle(10, 14, 13, 0),
	gsSP1Triangle(13, 15, 12, 0),
	gsSPVertex(goomba_anime_000_offset_002_mesh_layer_1_vtx_1 + 597, 16, 0),
	gsSP1Triangle(0, 1, 2, 0),
	gsSP1Triangle(2, 3, 0, 0),
	gsSP1Triangle(0, 4, 1, 0),
	gsSP1Triangle(5, 4, 0, 0),
	gsSP1Triangle(0, 6, 5, 0),
	gsSP1Triangle(5, 7, 4, 0),
	gsSP1Triangle(5, 8, 7, 0),
	gsSP1Triangle(5, 9, 8, 0),
	gsSP1Triangle(10, 8, 9, 0),
	gsSP1Triangle(11, 10, 9, 0),
	gsSP1Triangle(11, 12, 10, 0),
	gsSP1Triangle(12, 11, 13, 0),
	gsSP1Triangle(12, 13, 14, 0),
	gsSP1Triangle(12, 14, 15, 0),
	gsSPVertex(goomba_anime_000_offset_002_mesh_layer_1_vtx_1 + 613, 16, 0),
	gsSP1Triangle(0, 1, 2, 0),
	gsSP1Triangle(3, 2, 1, 0),
	gsSP1Triangle(3, 1, 4, 0),
	gsSP1Triangle(4, 1, 5, 0),
	gsSP1Triangle(1, 6, 5, 0),
	gsSP1Triangle(4, 5, 7, 0),
	gsSP1Triangle(7, 5, 8, 0),
	gsSP1Triangle(5, 9, 8, 0),
	gsSP1Triangle(7, 8, 10, 0),
	gsSP1Triangle(10, 8, 11, 0),
	gsSP1Triangle(8, 12, 11, 0),
	gsSP1Triangle(10, 11, 13, 0),
	gsSP1Triangle(13, 11, 14, 0),
	gsSP1Triangle(11, 15, 14, 0),
	gsSPVertex(goomba_anime_000_offset_002_mesh_layer_1_vtx_1 + 629, 16, 0),
	gsSP1Triangle(0, 1, 2, 0),
	gsSP1Triangle(2, 1, 3, 0),
	gsSP1Triangle(1, 4, 3, 0),
	gsSP1Triangle(5, 6, 7, 0),
	gsSP1Triangle(7, 6, 8, 0),
	gsSP1Triangle(9, 10, 11, 0),
	gsSP1Triangle(11, 12, 9, 0),
	gsSP1Triangle(13, 14, 15, 0),
	gsSPVertex(goomba_anime_000_offset_002_mesh_layer_1_vtx_1 + 645, 16, 0),
	gsSP1Triangle(0, 1, 2, 0),
	gsSP1Triangle(3, 4, 5, 0),
	gsSP1Triangle(5, 6, 3, 0),
	gsSP1Triangle(7, 8, 3, 0),
	gsSP1Triangle(3, 9, 7, 0),
	gsSP1Triangle(10, 11, 12, 0),
	gsSP1Triangle(12, 13, 10, 0),
	gsSP1Triangle(5, 14, 10, 0),
	gsSP1Triangle(10, 15, 5, 0),
	gsSPVertex(goomba_anime_000_offset_002_mesh_layer_1_vtx_1 + 661, 16, 0),
	gsSP1Triangle(0, 1, 2, 0),
	gsSP1Triangle(2, 3, 0, 0),
	gsSP1Triangle(4, 5, 6, 0),
	gsSP1Triangle(6, 7, 4, 0),
	gsSP1Triangle(8, 9, 10, 0),
	gsSP1Triangle(11, 8, 10, 0),
	gsSP1Triangle(11, 12, 8, 0),
	gsSP1Triangle(13, 12, 11, 0),
	gsSP1Triangle(14, 13, 11, 0),
	gsSP1Triangle(14, 15, 13, 0),
	gsSPVertex(goomba_anime_000_offset_002_mesh_layer_1_vtx_1 + 677, 16, 0),
	gsSP1Triangle(0, 1, 2, 0),
	gsSP1Triangle(3, 0, 2, 0),
	gsSP1Triangle(0, 3, 4, 0),
	gsSP1Triangle(3, 5, 4, 0),
	gsSP1Triangle(6, 4, 5, 0),
	gsSP1Triangle(6, 5, 7, 0),
	gsSP1Triangle(5, 8, 7, 0),
	gsSP1Triangle(4, 6, 9, 0),
	gsSP1Triangle(0, 4, 9, 0),
	gsSP1Triangle(10, 11, 12, 0),
	gsSP1Triangle(12, 13, 10, 0),
	gsSP1Triangle(14, 15, 10, 0),
	gsSPVertex(goomba_anime_000_offset_002_mesh_layer_1_vtx_1 + 693, 16, 0),
	gsSP1Triangle(0, 1, 2, 0),
	gsSP1Triangle(3, 4, 5, 0),
	gsSP1Triangle(5, 6, 3, 0),
	gsSP1Triangle(7, 8, 3, 0),
	gsSP1Triangle(3, 9, 7, 0),
	gsSP1Triangle(10, 11, 3, 0),
	gsSP1Triangle(3, 12, 10, 0),
	gsSP1Triangle(13, 14, 7, 0),
	gsSP1Triangle(7, 15, 13, 0),
	gsSPVertex(goomba_anime_000_offset_002_mesh_layer_1_vtx_1 + 709, 16, 0),
	gsSP1Triangle(0, 1, 2, 0),
	gsSP1Triangle(3, 0, 2, 0),
	gsSP1Triangle(3, 4, 0, 0),
	gsSP1Triangle(5, 4, 3, 0),
	gsSP1Triangle(6, 5, 3, 0),
	gsSP1Triangle(6, 7, 5, 0),
	gsSP1Triangle(7, 6, 8, 0),
	gsSP1Triangle(7, 8, 9, 0),
	gsSP1Triangle(7, 9, 10, 0),
	gsSP1Triangle(9, 11, 10, 0),
	gsSP1Triangle(4, 10, 11, 0),
	gsSP1Triangle(4, 11, 0, 0),
	gsSP1Triangle(11, 12, 0, 0),
	gsSP1Triangle(5, 10, 4, 0),
	gsSP1Triangle(7, 10, 5, 0),
	gsSP1Triangle(13, 14, 15, 0),
	gsSPVertex(goomba_anime_000_offset_002_mesh_layer_1_vtx_1 + 725, 15, 0),
	gsSP1Triangle(0, 1, 2, 0),
	gsSP1Triangle(3, 4, 5, 0),
	gsSP1Triangle(5, 6, 3, 0),
	gsSP1Triangle(7, 8, 3, 0),
	gsSP1Triangle(3, 9, 7, 0),
	gsSP1Triangle(0, 10, 3, 0),
	gsSP1Triangle(3, 11, 0, 0),
	gsSP1Triangle(12, 13, 3, 0),
	gsSP1Triangle(3, 14, 12, 0),
	gsSPVertex(goomba_anime_000_offset_002_mesh_layer_1_vtx_1 + 740, 16, 0),
	gsSP1Triangle(0, 1, 2, 0),
	gsSP1Triangle(2, 3, 0, 0),
	gsSP1Triangle(0, 4, 5, 0),
	gsSP1Triangle(5, 6, 0, 0),
	gsSP1Triangle(7, 8, 0, 0),
	gsSP1Triangle(0, 9, 7, 0),
	gsSP1Triangle(10, 11, 0, 0),
	gsSP1Triangle(0, 12, 10, 0),
	gsSP1Triangle(13, 14, 10, 0),
	gsSP1Triangle(10, 15, 13, 0),
	gsSPVertex(goomba_anime_000_offset_002_mesh_layer_1_vtx_1 + 756, 16, 0),
	gsSP1Triangle(0, 1, 2, 0),
	gsSP1Triangle(2, 3, 0, 0),
	gsSP1Triangle(4, 5, 6, 0),
	gsSP1Triangle(6, 7, 4, 0),
	gsSP1Triangle(8, 9, 10, 0),
	gsSP1Triangle(10, 11, 8, 0),
	gsSP1Triangle(12, 13, 14, 0),
	gsSP1Triangle(14, 15, 12, 0),
	gsSPVertex(goomba_anime_000_offset_002_mesh_layer_1_vtx_1 + 772, 16, 0),
	gsSP1Triangle(0, 1, 2, 0),
	gsSP1Triangle(2, 3, 0, 0),
	gsSP1Triangle(4, 5, 6, 0),
	gsSP1Triangle(6, 7, 4, 0),
	gsSP1Triangle(4, 8, 9, 0),
	gsSP1Triangle(9, 10, 4, 0),
	gsSP1Triangle(4, 11, 0, 0),
	gsSP1Triangle(0, 12, 4, 0),
	gsSP1Triangle(13, 14, 4, 0),
	gsSP1Triangle(4, 15, 13, 0),
	gsSPVertex(goomba_anime_000_offset_002_mesh_layer_1_vtx_1 + 788, 16, 0),
	gsSP1Triangle(0, 1, 2, 0),
	gsSP1Triangle(2, 3, 0, 0),
	gsSP1Triangle(4, 5, 0, 0),
	gsSP1Triangle(0, 6, 4, 0),
	gsSP1Triangle(0, 7, 8, 0),
	gsSP1Triangle(8, 9, 0, 0),
	gsSP1Triangle(0, 10, 11, 0),
	gsSP1Triangle(11, 12, 0, 0),
	gsSP1Triangle(13, 14, 15, 0),
	gsSPVertex(goomba_anime_000_offset_002_mesh_layer_1_vtx_1 + 804, 16, 0),
	gsSP1Triangle(0, 1, 2, 0),
	gsSP1Triangle(0, 2, 3, 0),
	gsSP1Triangle(2, 4, 3, 0),
	gsSP1Triangle(3, 4, 5, 0),
	gsSP1Triangle(6, 3, 5, 0),
	gsSP1Triangle(6, 0, 3, 0),
	gsSP1Triangle(0, 6, 7, 0),
	gsSP1Triangle(8, 9, 10, 0),
	gsSP1Triangle(9, 8, 11, 0),
	gsSP1Triangle(8, 12, 11, 0),
	gsSP1Triangle(8, 13, 12, 0),
	gsSP1Triangle(13, 8, 10, 0),
	gsSP1Triangle(12, 14, 11, 0),
	gsSP1Triangle(11, 14, 15, 0),
	gsSP1Triangle(9, 11, 15, 0),
	gsSPEndDisplayList(),
};

Vtx goomba_anime_000_offset_003_mesh_layer_1_vtx_0[29] = {
	{{{60, 14, 51},0, {-16, -16},{0x18, 0x45, 0x68, 0xFF}}},
	{{{0, 11, 45},0, {-16, -16},{0xD6, 0x3E, 0x67, 0xFF}}},
	{{{2, -6, 39},0, {-16, -16},{0xD7, 0xAE, 0x58, 0xFF}}},
	{{{60, 14, -37},0, {-16, -16},{0x18, 0x45, 0x98, 0xFF}}},
	{{{90, 14, -14},0, {-16, -16},{0x62, 0x43, 0xD3, 0xFF}}},
	{{{90, 14, 29},0, {-16, -16},{0x62, 0x42, 0x2F, 0xFF}}},
	{{{60, -12, 44},0, {-16, -16},{0x17, 0xAD, 0x5D, 0xFF}}},
	{{{66, -17, 29},0, {-16, -16},{0x22, 0x88, 0x19, 0xFF}}},
	{{{4, -12, 26},0, {-16, -16},{0xE2, 0x87, 0x19, 0xFF}}},
	{{{-25, 0, 19},0, {-16, -16},{0xA5, 0xB0, 0x26, 0xFF}}},
	{{{-30, 14, 21},0, {-16, -16},{0x9F, 0x42, 0x30, 0xFF}}},
	{{{-30, 14, -7},0, {-16, -16},{0x9F, 0x41, 0xCF, 0xFF}}},
	{{{0, 11, -30},0, {-16, -16},{0xD6, 0x41, 0x9B, 0xFF}}},
	{{{60, -12, -30},0, {-16, -16},{0x19, 0xAD, 0xA3, 0xFF}}},
	{{{85, -4, -14},0, {-16, -16},{0x63, 0xC0, 0xD1, 0xFF}}},
	{{{85, -4, 29},0, {-16, -16},{0x62, 0xC1, 0x32, 0xFF}}},
	{{{66, -17, -14},0, {-16, -16},{0x22, 0x88, 0xE8, 0xFF}}},
	{{{85, -4, 29},0, {-16, -16},{0x62, 0xC1, 0x32, 0xFF}}},
	{{{66, -17, 29},0, {-16, -16},{0x22, 0x88, 0x19, 0xFF}}},
	{{{4, -12, 26},0, {-16, -16},{0xE2, 0x87, 0x19, 0xFF}}},
	{{{4, -12, -11},0, {-16, -16},{0xE1, 0x87, 0xEA, 0xFF}}},
	{{{-25, 0, -4},0, {-16, -16},{0xA5, 0xAE, 0xDD, 0xFF}}},
	{{{-25, 0, 19},0, {-16, -16},{0xA5, 0xB0, 0x26, 0xFF}}},
	{{{-30, 14, 21},0, {-16, -16},{0x9F, 0x42, 0x30, 0xFF}}},
	{{{-30, 14, -7},0, {-16, -16},{0x9F, 0x41, 0xCF, 0xFF}}},
	{{{2, -6, -25},0, {-16, -16},{0xD5, 0xB0, 0xA7, 0xFF}}},
	{{{0, 11, -30},0, {-16, -16},{0xD6, 0x41, 0x9B, 0xFF}}},
	{{{60, -12, -30},0, {-16, -16},{0x19, 0xAD, 0xA3, 0xFF}}},
	{{{85, -4, -14},0, {-16, -16},{0x63, 0xC0, 0xD1, 0xFF}}},
};

Gfx goomba_anime_000_offset_003_mesh_layer_1_tri_0[] = {
	gsSPVertex(goomba_anime_000_offset_003_mesh_layer_1_vtx_0 + 0, 16, 0),
	gsSP1Triangle(0, 1, 2, 0),
	gsSP1Triangle(1, 0, 3, 0),
	gsSP1Triangle(0, 4, 3, 0),
	gsSP1Triangle(0, 5, 4, 0),
	gsSP1Triangle(6, 5, 0, 0),
	gsSP1Triangle(0, 2, 6, 0),
	gsSP1Triangle(2, 7, 6, 0),
	gsSP1Triangle(2, 8, 7, 0),
	gsSP1Triangle(2, 9, 8, 0),
	gsSP1Triangle(1, 9, 2, 0),
	gsSP1Triangle(1, 10, 9, 0),
	gsSP1Triangle(11, 10, 1, 0),
	gsSP1Triangle(11, 1, 12, 0),
	gsSP1Triangle(1, 3, 12, 0),
	gsSP1Triangle(12, 3, 13, 0),
	gsSP1Triangle(3, 14, 13, 0),
	gsSP1Triangle(3, 4, 14, 0),
	gsSP1Triangle(4, 15, 14, 0),
	gsSP1Triangle(4, 5, 15, 0),
	gsSP1Triangle(6, 15, 5, 0),
	gsSP1Triangle(7, 15, 6, 0),
	gsSPVertex(goomba_anime_000_offset_003_mesh_layer_1_vtx_0 + 16, 13, 0),
	gsSP1Triangle(0, 1, 2, 0),
	gsSP1Triangle(0, 2, 3, 0),
	gsSP1Triangle(0, 3, 4, 0),
	gsSP1Triangle(3, 5, 4, 0),
	gsSP1Triangle(3, 6, 5, 0),
	gsSP1Triangle(7, 5, 6, 0),
	gsSP1Triangle(7, 8, 5, 0),
	gsSP1Triangle(9, 5, 8, 0),
	gsSP1Triangle(9, 8, 10, 0),
	gsSP1Triangle(10, 11, 9, 0),
	gsSP1Triangle(11, 4, 9, 0),
	gsSP1Triangle(11, 0, 4, 0),
	gsSP1Triangle(11, 12, 0, 0),
	gsSP1Triangle(0, 12, 1, 0),
	gsSP1Triangle(4, 5, 9, 0),
	gsSPEndDisplayList(),
};

Vtx goomba_anime_000_offset_004_mesh_layer_1_vtx_0[29] = {
	{{{60, 14, 37},0, {-16, -16},{0x19, 0x45, 0x68, 0xFF}}},
	{{{90, 14, 14},0, {-16, -16},{0x62, 0x42, 0x2E, 0xFF}}},
	{{{90, 14, -29},0, {-16, -16},{0x62, 0x43, 0xD2, 0xFF}}},
	{{{60, -12, 30},0, {-16, -16},{0x18, 0xAC, 0x5D, 0xFF}}},
	{{{2, -6, 25},0, {-16, -16},{0xD5, 0xB0, 0x59, 0xFF}}},
	{{{0, 11, 30},0, {-16, -16},{0xD5, 0x41, 0x65, 0xFF}}},
	{{{60, 14, -51},0, {-16, -16},{0x18, 0x46, 0x99, 0xFF}}},
	{{{85, -4, -29},0, {-16, -16},{0x63, 0xC0, 0xD0, 0xFF}}},
	{{{85, -4, 14},0, {-16, -16},{0x63, 0xC1, 0x31, 0xFF}}},
	{{{66, -17, 14},0, {-16, -16},{0x22, 0x88, 0x18, 0xFF}}},
	{{{4, -12, 11},0, {-16, -16},{0xE2, 0x87, 0x17, 0xFF}}},
	{{{-25, 0, 4},0, {-16, -16},{0xA5, 0xAF, 0x25, 0xFF}}},
	{{{-30, 14, 7},0, {-16, -16},{0x9F, 0x41, 0x32, 0xFF}}},
	{{{-30, 14, -21},0, {-16, -16},{0x9F, 0x42, 0xD0, 0xFF}}},
	{{{0, 11, -45},0, {-16, -16},{0xD5, 0x3F, 0x9A, 0xFF}}},
	{{{60, -12, -44},0, {-16, -16},{0x18, 0xAD, 0xA3, 0xFF}}},
	{{{60, -12, -44},0, {-16, -16},{0x18, 0xAD, 0xA3, 0xFF}}},
	{{{85, -4, -29},0, {-16, -16},{0x63, 0xC0, 0xD0, 0xFF}}},
	{{{66, -17, -29},0, {-16, -16},{0x22, 0x88, 0xE7, 0xFF}}},
	{{{85, -4, 14},0, {-16, -16},{0x63, 0xC1, 0x31, 0xFF}}},
	{{{66, -17, 14},0, {-16, -16},{0x22, 0x88, 0x18, 0xFF}}},
	{{{4, -12, 11},0, {-16, -16},{0xE2, 0x87, 0x17, 0xFF}}},
	{{{4, -12, -26},0, {-16, -16},{0xE1, 0x87, 0xE8, 0xFF}}},
	{{{-25, 0, -19},0, {-16, -16},{0xA5, 0xB0, 0xDA, 0xFF}}},
	{{{-25, 0, 4},0, {-16, -16},{0xA5, 0xAF, 0x25, 0xFF}}},
	{{{-30, 14, 7},0, {-16, -16},{0x9F, 0x41, 0x32, 0xFF}}},
	{{{-30, 14, -21},0, {-16, -16},{0x9F, 0x42, 0xD0, 0xFF}}},
	{{{2, -6, -39},0, {-16, -16},{0xD5, 0xAE, 0xA9, 0xFF}}},
	{{{0, 11, -45},0, {-16, -16},{0xD5, 0x3F, 0x9A, 0xFF}}},
};

Gfx goomba_anime_000_offset_004_mesh_layer_1_tri_0[] = {
	gsSPVertex(goomba_anime_000_offset_004_mesh_layer_1_vtx_0 + 0, 16, 0),
	gsSP1Triangle(0, 1, 2, 0),
	gsSP1Triangle(3, 1, 0, 0),
	gsSP1Triangle(4, 3, 0, 0),
	gsSP1Triangle(4, 0, 5, 0),
	gsSP1Triangle(5, 0, 6, 0),
	gsSP1Triangle(0, 2, 6, 0),
	gsSP1Triangle(6, 2, 7, 0),
	gsSP1Triangle(8, 7, 2, 0),
	gsSP1Triangle(8, 2, 1, 0),
	gsSP1Triangle(3, 8, 1, 0),
	gsSP1Triangle(9, 8, 3, 0),
	gsSP1Triangle(4, 9, 3, 0),
	gsSP1Triangle(4, 10, 9, 0),
	gsSP1Triangle(4, 11, 10, 0),
	gsSP1Triangle(5, 11, 4, 0),
	gsSP1Triangle(5, 12, 11, 0),
	gsSP1Triangle(5, 13, 12, 0),
	gsSP1Triangle(5, 14, 13, 0),
	gsSP1Triangle(5, 6, 14, 0),
	gsSP1Triangle(15, 14, 6, 0),
	gsSP1Triangle(6, 7, 15, 0),
	gsSPVertex(goomba_anime_000_offset_004_mesh_layer_1_vtx_0 + 16, 13, 0),
	gsSP1Triangle(0, 1, 2, 0),
	gsSP1Triangle(2, 1, 3, 0),
	gsSP1Triangle(2, 3, 4, 0),
	gsSP1Triangle(5, 2, 4, 0),
	gsSP1Triangle(5, 6, 2, 0),
	gsSP1Triangle(5, 7, 6, 0),
	gsSP1Triangle(5, 8, 7, 0),
	gsSP1Triangle(7, 8, 9, 0),
	gsSP1Triangle(7, 9, 10, 0),
	gsSP1Triangle(11, 7, 10, 0),
	gsSP1Triangle(11, 10, 12, 0),
	gsSP1Triangle(0, 11, 12, 0),
	gsSP1Triangle(0, 6, 11, 0),
	gsSP1Triangle(0, 2, 6, 0),
	gsSP1Triangle(6, 7, 11, 0),
	gsSPEndDisplayList(),
};


Gfx mat_goomba_anime_SM64_goomba_seg8_dl_0801B690_F3D_Mat_0[] = {
	gsDPPipeSync(),
	gsDPSetCombineLERP(TEXEL0, 0, SHADE, 0, 0, 0, 0, TEXEL0, TEXEL0, 0, SHADE, 0, 0, 0, 0, TEXEL0),
	gsSPTexture(65535, 65535, 0, 0, 1),
	gsDPTileSync(),
	gsDPSetTextureImage(G_IM_FMT_RGBA, G_IM_SIZ_16b_LOAD_BLOCK, 1, goomba_anime_goomba_body_rgba16_rgba16),
	gsDPSetTile(G_IM_FMT_RGBA, G_IM_SIZ_16b_LOAD_BLOCK, 0, 0, 7, 0, G_TX_WRAP | G_TX_NOMIRROR, 5, 0, G_TX_WRAP | G_TX_NOMIRROR, 5, 0),
	gsDPLoadSync(),
	gsDPLoadBlock(7, 0, 0, 1023, 256),
	gsDPPipeSync(),
	gsDPSetTile(G_IM_FMT_RGBA, G_IM_SIZ_16b, 8, 0, 0, 0, G_TX_WRAP | G_TX_NOMIRROR, 5, 0, G_TX_WRAP | G_TX_NOMIRROR, 5, 0),
	gsDPSetTileSize(0, 0, 0, 124, 124),
	gsSPSetLights1(goomba_anime_SM64_goomba_seg8_dl_0801B690_F3D_Mat_0_lights),
	gsSPEndDisplayList(),
};

Gfx mat_goomba_anime_SM64_goomba_seg8_dl_0801B5C8_F3D_Mat_0[] = {
	gsDPPipeSync(),
	gsDPSetCombineLERP(TEXEL0, 0, SHADE, 0, 0, 0, 0, 1, TEXEL0, 0, SHADE, 0, 0, 0, 0, 1),
	gsSPTexture(65535, 65535, 0, 0, 1),
	gsDPTileSync(),
	gsDPSetTextureImage(G_IM_FMT_RGBA, G_IM_SIZ_16b_LOAD_BLOCK, 1, goomba_anime_goomba_face_rgba16_rgba16),
	gsDPSetTile(G_IM_FMT_RGBA, G_IM_SIZ_16b_LOAD_BLOCK, 0, 0, 7, 0, G_TX_WRAP | G_TX_NOMIRROR, 5, 0, G_TX_CLAMP | G_TX_NOMIRROR, 5, 0),
	gsDPLoadSync(),
	gsDPLoadBlock(7, 0, 0, 1023, 256),
	gsDPPipeSync(),
	gsDPSetTile(G_IM_FMT_RGBA, G_IM_SIZ_16b, 8, 0, 0, 0, G_TX_WRAP | G_TX_NOMIRROR, 5, 0, G_TX_CLAMP | G_TX_NOMIRROR, 5, 0),
	gsDPSetTileSize(0, 0, 0, 124, 124),
	gsSPSetLights1(goomba_anime_SM64_goomba_seg8_dl_0801B5C8_F3D_Mat_0_lights),
	gsSPEndDisplayList(),
};

Gfx mat_goomba_anime_hair[] = {
	gsDPPipeSync(),
	gsDPSetCombineLERP(0, 0, 0, SHADE, 0, 0, 0, ENVIRONMENT, 0, 0, 0, SHADE, 0, 0, 0, ENVIRONMENT),
	gsSPTexture(65535, 65535, 0, 0, 1),
	gsSPSetLights1(goomba_anime_hair_lights),
	gsSPEndDisplayList(),
};

Gfx mat_goomba_anime_f3d_material_004[] = {
	gsDPPipeSync(),
	gsDPSetCombineLERP(0, 0, 0, SHADE, 0, 0, 0, ENVIRONMENT, 0, 0, 0, SHADE, 0, 0, 0, ENVIRONMENT),
	gsSPTexture(65535, 65535, 0, 0, 1),
	gsSPSetLights1(goomba_anime_f3d_material_004_lights),
	gsSPEndDisplayList(),
};

Gfx goomba_anime_000_displaylist_mesh_layer_4[] = {
	gsSPDisplayList(mat_goomba_anime_SM64_goomba_seg8_dl_0801B690_F3D_Mat_0),
	gsSPDisplayList(goomba_anime_000_displaylist_mesh_layer_4_tri_0),
	gsSPEndDisplayList(),
};

Gfx goomba_anime_000_offset_002_mesh_layer_1[] = {
	gsSPDisplayList(mat_goomba_anime_SM64_goomba_seg8_dl_0801B5C8_F3D_Mat_0),
	gsSPDisplayList(goomba_anime_000_offset_002_mesh_layer_1_tri_0),
	gsSPDisplayList(mat_goomba_anime_hair),
	gsSPDisplayList(goomba_anime_000_offset_002_mesh_layer_1_tri_1),
	gsSPEndDisplayList(),
};

Gfx goomba_anime_000_offset_003_mesh_layer_1[] = {
	gsSPDisplayList(mat_goomba_anime_f3d_material_004),
	gsSPDisplayList(goomba_anime_000_offset_003_mesh_layer_1_tri_0),
	gsSPEndDisplayList(),
};

Gfx goomba_anime_000_offset_004_mesh_layer_1[] = {
	gsSPDisplayList(mat_goomba_anime_f3d_material_004),
	gsSPDisplayList(goomba_anime_000_offset_004_mesh_layer_1_tri_0),
	gsSPEndDisplayList(),
};

Gfx goomba_anime_material_revert_render_settings[] = {
	gsDPPipeSync(),
	gsSPSetGeometryMode(G_LIGHTING),
	gsSPClearGeometryMode(G_TEXTURE_GEN),
	gsDPSetCombineLERP(0, 0, 0, SHADE, 0, 0, 0, ENVIRONMENT, 0, 0, 0, SHADE, 0, 0, 0, ENVIRONMENT),
	gsSPTexture(65535, 65535, 0, 0, 0),
	gsDPSetEnvColor(255, 255, 255, 255),
	gsDPSetAlphaCompare(G_AC_NONE),
	gsSPEndDisplayList(),
};

