Lights1 title_globe_layer1_lights = gdSPDefLights1(
	0x58, 0x56, 0x5C,
	0xB3, 0xB1, 0xBB, 0x28, 0x28, 0x28);

Lights1 title_ssrm_lights = gdSPDefLights1(
	0x7F, 0x7F, 0x7F,
	0xFF, 0xFF, 0xFF, 0x28, 0x28, 0x28);

Lights1 title_tourn_lights = gdSPDefLights1(
	0x7F, 0x7F, 0x7F,
	0xFF, 0xFF, 0xFF, 0x28, 0x28, 0x28);

Lights1 title_rope_lights = gdSPDefLights1(
	0x7F, 0x7F, 0x7F,
	0xFF, 0xFF, 0xFF, 0x28, 0x28, 0x28);

Gfx title_cs_narakucloud01_alb_rgba16_aligner[] = {gsSPEndDisplayList()};
u8 title_cs_narakucloud01_alb_rgba16[] = {
	0xac, 0x6d, 0xac, 0x2d, 0x9b, 0x69, 0x7a, 0xa3, 
	0x8a, 0xe7, 0x9b, 0x69, 0x82, 0xe5, 0x8b, 0x27, 
	0xac, 0x6d, 0xb4, 0xaf, 0xb4, 0xef, 0xb4, 0xaf, 
	0xbc, 0xf1, 0xc5, 0x33, 0xc5, 0x73, 0xc5, 0x73, 
	0xbd, 0x31, 0xb4, 0xef, 0xb4, 0x6d, 0xab, 0xed, 
	0x9b, 0xab, 0x9b, 0x69, 0x9b, 0x69, 0xa4, 0x2b, 
	0xb4, 0xaf, 0xb4, 0xef, 0xbd, 0x31, 0xc5, 0x31, 
	0xbd, 0x31, 0xb4, 0xf1, 0xb4, 0xaf, 0xb4, 0xaf, 
	0x9b, 0xab, 0xa4, 0x2d, 0xa3, 0xab, 0x7a, 0x63, 
	0xac, 0x2d, 0xbc, 0xaf, 0xb4, 0x6d, 0xbc, 0xef, 
	0xbc, 0xf1, 0xb4, 0xaf, 0xb4, 0xef, 0xb4, 0xf1, 
	0xbc, 0xf1, 0xc5, 0x33, 0xc5, 0x73, 0xc5, 0x33, 
	0xbd, 0x31, 0xb4, 0xf1, 0xb4, 0xaf, 0xa3, 0xeb, 
	0x93, 0x29, 0x9b, 0x6b, 0x9b, 0x69, 0xac, 0x2b, 
	0xc5, 0x33, 0xc5, 0x33, 0xc5, 0x31, 0xbc, 0xf1, 
	0xbd, 0x31, 0xb4, 0xaf, 0xac, 0x2d, 0xac, 0x2d, 
	0x9b, 0x69, 0xac, 0x2d, 0xa3, 0xeb, 0xb4, 0x6f, 
	0xc5, 0xb3, 0xcd, 0xf5, 0xcd, 0xf7, 0xcd, 0xb5, 
	0xcd, 0xb5, 0xc5, 0x73, 0xc5, 0x33, 0xb4, 0xaf, 
	0xbc, 0xf1, 0xbd, 0x31, 0xc5, 0x31, 0xc4, 0xf1, 
	0xb4, 0xaf, 0xbc, 0xf1, 0xc5, 0x33, 0xbd, 0x31, 
	0xb4, 0xaf, 0x8a, 0xa5, 0x9b, 0xab, 0xac, 0x6d, 
	0xc5, 0x73, 0xc5, 0xb3, 0xbd, 0x31, 0xb4, 0xf1, 
	0xbc, 0xf1, 0xac, 0x2d, 0x9b, 0x69, 0x92, 0xe7, 
	0x8a, 0xe5, 0x93, 0x27, 0xa3, 0xeb, 0xbd, 0x31, 
	0xcd, 0xb5, 0xc5, 0x73, 0xc5, 0x33, 0xc5, 0x73, 
	0xc5, 0x73, 0xc5, 0x73, 0xc5, 0x33, 0xb4, 0xaf, 
	0xbc, 0xf1, 0xbc, 0xf1, 0xb4, 0xaf, 0xb4, 0x6f, 
	0xac, 0x6d, 0xbc, 0xf1, 0xcd, 0xb5, 0xcd, 0xf5, 
	0xc5, 0x73, 0xbc, 0xf1, 0xb4, 0xf1, 0xac, 0x6f, 
	0xbc, 0xb1, 0xc5, 0x33, 0xbd, 0x31, 0xb4, 0xaf, 
	0xac, 0x2d, 0xa3, 0xeb, 0xa3, 0xab, 0x93, 0x27, 
	0x8a, 0xe7, 0xa3, 0xeb, 0xb4, 0x6f, 0xb4, 0xaf, 
	0xbc, 0xf1, 0xbd, 0x31, 0xb4, 0x6d, 0xac, 0x2d, 
	0xb4, 0xf1, 0xb4, 0xaf, 0xbc, 0xf1, 0xbd, 0x31, 
	0xbc, 0xf1, 0xbc, 0xef, 0xb4, 0x2f, 0xb4, 0xaf, 
	0xa3, 0xeb, 0xb4, 0xaf, 0xcd, 0xb5, 0xcd, 0xb5, 
	0xcd, 0xf5, 0xcd, 0xb5, 0xcd, 0xb5, 0xbd, 0x31, 
	0xb4, 0xaf, 0xac, 0x6d, 0xb4, 0xaf, 0xac, 0x6d, 
	0xb4, 0xaf, 0xa3, 0xeb, 0xa3, 0xab, 0xa3, 0xab, 
	0xa3, 0xeb, 0xac, 0x2d, 0xb4, 0xaf, 0xbc, 0xf1, 
	0xbc, 0xf1, 0xb4, 0xaf, 0xb4, 0xaf, 0xb4, 0xaf, 
	0xb4, 0xaf, 0xac, 0x6d, 0xbd, 0x31, 0xbd, 0x31, 
	0xbc, 0xf1, 0xc5, 0x31, 0xc5, 0x33, 0xc5, 0x33, 
	0xa3, 0xed, 0xac, 0x2d, 0xbd, 0x31, 0xcd, 0xb5, 
	0xcd, 0xb5, 0xcd, 0xf5, 0xcd, 0xb5, 0xc5, 0x73, 
	0xbc, 0xf1, 0xb4, 0xaf, 0xb4, 0xaf, 0xbc, 0xf1, 
	0xbc, 0xf1, 0xac, 0x6d, 0xab, 0xed, 0xac, 0x2d, 
	0xbc, 0xf1, 0xb4, 0xaf, 0xb4, 0xef, 0xbd, 0x31, 
	0xbd, 0x31, 0xb4, 0xaf, 0xb4, 0xaf, 0xb4, 0xef, 
	0xb4, 0x6f, 0xb4, 0x6f, 0xac, 0x6d, 0xbd, 0x31, 
	0xc5, 0x73, 0xcd, 0xb5, 0xcd, 0xb5, 0xcd, 0xb5, 
	0xbc, 0xf1, 0xb4, 0xaf, 0xb4, 0x6f, 0xb4, 0xef, 
	0xcd, 0xb5, 0xcd, 0xb5, 0xc5, 0x33, 0xb4, 0xaf, 
	0xb4, 0xaf, 0xb4, 0xb1, 0xbd, 0x31, 0xc5, 0x73, 
	0xbd, 0x31, 0xb4, 0xef, 0xb4, 0xb1, 0xb4, 0xaf, 
	0xbc, 0xf1, 0xc5, 0x31, 0xc5, 0x73, 0xbd, 0x31, 
	0xbc, 0xf1, 0xb4, 0xf1, 0xac, 0x6d, 0xab, 0xed, 
	0xac, 0x2d, 0xac, 0x2d, 0xac, 0x6d, 0xac, 0xaf, 
	0xbd, 0x31, 0xcd, 0xb5, 0xcd, 0xf5, 0xcd, 0xf5, 
	0xcd, 0xb5, 0xc5, 0x73, 0xb4, 0xf1, 0xb4, 0xaf, 
	0xbd, 0x31, 0xc5, 0x73, 0xb4, 0xaf, 0xb4, 0x6f, 
	0xb4, 0xaf, 0xbc, 0xf1, 0xc5, 0x73, 0xd5, 0xb3, 
	0xc5, 0x73, 0xbd, 0x31, 0xbc, 0xf1, 0xbc, 0xf1, 
	0xbd, 0x33, 0xc5, 0x33, 0xc5, 0x33, 0xc5, 0x73, 
	0xc5, 0x73, 0xb4, 0x6d, 0x9b, 0xab, 0xac, 0x2d, 
	0xac, 0x2d, 0xac, 0x6d, 0xbc, 0xf1, 0xb4, 0xaf, 
	0xb4, 0xaf, 0xc5, 0x33, 0xcd, 0xb5, 0xcd, 0xb5, 
	0xcd, 0xf5, 0xcd, 0xb5, 0xc5, 0x73, 0xb4, 0xaf, 
	0xac, 0x6d, 0xb4, 0x6d, 0xac, 0x6d, 0xb4, 0xaf, 
	0xb4, 0xaf, 0xb4, 0xf1, 0xbd, 0x31, 0xc5, 0x73, 
	0xcd, 0xb3, 0xcd, 0x73, 0xc5, 0x33, 0xbd, 0x31, 
	0xc5, 0x33, 0xbc, 0xf1, 0xbc, 0xf1, 0xc5, 0x73, 
	0xcd, 0x75, 0xb4, 0xaf, 0xb4, 0xad, 0xbc, 0xef, 
	0xb4, 0xaf, 0xb4, 0xef, 0xbc, 0xf1, 0xb4, 0xaf, 
	0xac, 0x6d, 0xac, 0x2d, 0xc5, 0x31, 0xcd, 0xb5, 
	0xcd, 0xf5, 0xcd, 0xb5, 0xc5, 0x73, 0xb4, 0xaf, 
	0xac, 0x6d, 0xac, 0x2d, 0xa3, 0xeb, 0xbc, 0xf1, 
	0xb4, 0xaf, 0xa3, 0xed, 0xb4, 0xaf, 0xc5, 0x73, 
	0xcd, 0x73, 0xc5, 0x73, 0xc5, 0x33, 0xbd, 0x33, 
	0xbd, 0x31, 0xbc, 0xf1, 0xbc, 0xf1, 0xbc, 0xf1, 
	0xb4, 0xaf, 0xb4, 0xaf, 0xac, 0x2d, 0xbc, 0xf1, 
	0xcd, 0xb3, 0xcd, 0xb3, 0xbd, 0x31, 0xb4, 0xaf, 
	0xbc, 0xf1, 0xac, 0x6d, 0xb4, 0xaf, 0xbc, 0xf1, 
	0xcd, 0x75, 0xbc, 0xb1, 0x9b, 0x69, 0x9b, 0xa9, 
	0xa4, 0x2b, 0xa3, 0xeb, 0xac, 0x2d, 0xcd, 0x75, 
	0xcd, 0x73, 0xbc, 0xf1, 0xac, 0x6d, 0xbc, 0xf1, 
	0xbc, 0xf1, 0xbc, 0xf1, 0xbd, 0x31, 0xbd, 0x31, 
	0xbd, 0x31, 0xbc, 0xf1, 0xb4, 0x6f, 0xac, 0x2d, 
	0x93, 0x27, 0x93, 0x69, 0x9b, 0x29, 0xb4, 0xaf, 
	0xcd, 0xb3, 0xcd, 0xb5, 0xc5, 0x73, 0xc5, 0x73, 
	0xbc, 0xf1, 0xb4, 0xaf, 0xac, 0x6d, 0xac, 0x6d, 
	0xb4, 0xaf, 0x9b, 0x69, 0x7a, 0x61, 0x7a, 0x61, 
	0x7a, 0xa1, 0xa3, 0xeb, 0xac, 0x2d, 0xc5, 0x75, 
	0xcd, 0xb3, 0xcd, 0x73, 0xbc, 0xf1, 0xb4, 0x6f, 
	0xa3, 0xab, 0xac, 0x2d, 0xbc, 0xf1, 0xbd, 0x31, 
	0xbc, 0xf1, 0xbc, 0xf1, 0xb4, 0x6f, 0x9b, 0x69, 
	0x82, 0xa5, 0x8a, 0xe5, 0xa3, 0xeb, 0xac, 0x6d, 
	0xbc, 0xef, 0xc4, 0xf1, 0xbd, 0x71, 0xbd, 0x31, 
	0xac, 0x2d, 0xb4, 0xaf, 0xa3, 0xed, 0xac, 0x2d, 
	0xb4, 0xb1, 0xb4, 0xf1, 0xb4, 0xef, 0x7a, 0xa1, 
	0x9b, 0xab, 0xac, 0x2d, 0xac, 0x6f, 0xcd, 0x71, 
	0xbd, 0x73, 0xc5, 0x73, 0xcd, 0x75, 0xac, 0x6d, 
	0x93, 0x69, 0xb4, 0xf1, 0xbc, 0xf1, 0xbc, 0xf1, 
	0xb4, 0xaf, 0xbc, 0xb1, 0xb4, 0xaf, 0xb4, 0xaf, 
	0xac, 0x6d, 0xbc, 0xef, 0xb4, 0xef, 0xa4, 0x2b, 
	0x9b, 0xa9, 0xac, 0x2d, 0xa4, 0x2d, 0x9b, 0xa9, 
	0x9b, 0xa9, 0xac, 0x2d, 0x9b, 0xab, 0xac, 0x6d, 
	0xcd, 0xb3, 0xd5, 0xb3, 0xc5, 0x73, 0xcd, 0xb5, 
	0xb4, 0xb1, 0xb4, 0x6f, 0xa4, 0x2d, 0xac, 0x6f, 
	0xac, 0x6d, 0xbc, 0xf1, 0xcd, 0xb5, 0xac, 0x6d, 
	0x93, 0x69, 0xb4, 0xaf, 0xbc, 0xf1, 0xb4, 0x6f, 
	0xac, 0x6d, 0xb4, 0xaf, 0xbc, 0xb1, 0xb4, 0x6f, 
	0xac, 0xad, 0xbc, 0xf1, 0xb4, 0xb1, 0xb4, 0x6f, 
	0xb4, 0x6f, 0x8b, 0x27, 0x7a, 0xa3, 0x93, 0x27, 
	0x8b, 0x27, 0xa3, 0xeb, 0xac, 0x2d, 0xb4, 0xaf, 
	0xcd, 0xb3, 0xcd, 0xb3, 0xcd, 0xb5, 0xcd, 0xb5, 
	0xcd, 0xb5, 0xc5, 0x73, 0xb4, 0x6f, 0x9b, 0xab, 
	0xa3, 0xab, 0xb4, 0xaf, 0xb4, 0xaf, 0xa4, 0x2d, 
	0xb4, 0x2d, 0xb4, 0xaf, 0xac, 0x6d, 0xb4, 0xaf, 
	0xb4, 0x6d, 0xbc, 0xf1, 0xbc, 0xf1, 0xbc, 0xb1, 
	0xb4, 0xaf, 0xb4, 0xef, 0xbc, 0xf1, 0xbc, 0xf1, 
	0xbc, 0xf1, 0x93, 0x69, 0x8a, 0xe7, 0x7a, 0xa3, 
	0x9b, 0x69, 0xb4, 0xaf, 0xb4, 0xaf, 0xbc, 0xf1, 
	0xbd, 0x31, 0xbd, 0x31, 0xc5, 0x73, 0xcd, 0xb5, 
	0xcd, 0xb5, 0xc5, 0x73, 0xbc, 0xb1, 0xa4, 0x2d, 
	0xa3, 0xab, 0xac, 0x6d, 0x9b, 0xa9, 0x8a, 0xe7, 
	0xb4, 0x2d, 0xb4, 0xaf, 0xb4, 0xaf, 0xac, 0x6d, 
	0xb4, 0x6f, 0xbc, 0xf1, 0xbc, 0xf1, 0xb4, 0xaf, 
	0xb4, 0xef, 0xb4, 0xaf, 0xb4, 0xaf, 0xac, 0x6d, 
	0xb4, 0xf1, 0xc5, 0x73, 0xbc, 0xf1, 0xa3, 0xeb, 
	0xb4, 0x6f, 0xb4, 0xef, 0xb4, 0xaf, 0xb4, 0xaf, 
	0xbc, 0xf1, 0xc5, 0x31, 0xc5, 0x73, 0xc5, 0x33, 
	0xc5, 0x33, 0xbd, 0x31, 0xbd, 0x31, 0xb4, 0xef, 
	0xbc, 0xf1, 0xb4, 0xaf, 0x93, 0x69, 0x8b, 0x27, 
	0xb4, 0xaf, 0xb4, 0x6f, 0xac, 0x6d, 0xb4, 0xaf, 
	0xb4, 0xaf, 0xbc, 0xf1, 0xbc, 0xf1, 0xb4, 0xaf, 
	0xbd, 0x31, 0xbc, 0xf1, 0xb4, 0xaf, 0xa3, 0xab, 
	0xac, 0x2f, 0xc5, 0x73, 0xc5, 0xb3, 0xbc, 0xf1, 
	0xac, 0x2d, 0xac, 0x2d, 0xa4, 0x2b, 0xbc, 0xf1, 
	0xc5, 0x31, 0xc5, 0x31, 0xc5, 0x33, 0xbc, 0xf1, 
	0xbc, 0xf1, 0xc5, 0x33, 0xc5, 0x33, 0xbd, 0x31, 
	0xc5, 0xb3, 0xc5, 0x73, 0xc4, 0xf3, 0xac, 0x2d, 
	0xb4, 0x6d, 0xac, 0x2d, 0xb4, 0x6d, 0xb4, 0xaf, 
	0xb4, 0xaf, 0xbc, 0xf1, 0xbd, 0x31, 0xbd, 0x31, 
	0xc5, 0x73, 0xc5, 0x33, 0xb4, 0xaf, 0xac, 0x6d, 
	0xac, 0x6d, 0xc4, 0xf3, 0xcd, 0xb5, 0xcd, 0xb5, 
	0xbc, 0xf1, 0xbc, 0xf1, 0xbc, 0xf1, 0xac, 0x6d, 
	0xb4, 0xef, 0xbd, 0x31, 0xc5, 0x31, 0xbc, 0xf1, 
	0xbd, 0x31, 0xc5, 0x31, 0xbd, 0x31, 0xbc, 0xf1, 
	0xc5, 0x73, 0xcd, 0xf5, 0xb4, 0xaf, 0xa3, 0xab, 
	0xa3, 0xeb, 0xa3, 0xeb, 0xb4, 0xaf, 0xac, 0x6f, 
	0xb4, 0xaf, 0xbc, 0xf1, 0xbd, 0x31, 0xc5, 0x75, 
	0xcd, 0xb5, 0xcd, 0xb5, 0xbc, 0xf1, 0xac, 0x6d, 
	0x9b, 0xa9, 0xac, 0x6d, 0xc5, 0xb3, 0xcd, 0xb5, 
	0xd5, 0xf7, 0xc5, 0x73, 0xc5, 0x33, 0xac, 0x6d, 
	0xac, 0x6d, 0xbc, 0xf1, 0xbc, 0xf1, 0xbc, 0xf1, 
	0xbd, 0x31, 0xbc, 0xf1, 0xb4, 0xf1, 0xbc, 0xf1, 
	0xc5, 0x73, 0xc5, 0x73, 0xb4, 0xaf, 0xa3, 0xeb, 
	0xac, 0x6d, 0xac, 0x2b, 0xa3, 0xed, 0xb4, 0x6f, 
	0xb4, 0xaf, 0xbc, 0xf1, 0xc5, 0x73, 0xcd, 0xb5, 
	0xcd, 0xf5, 0xcd, 0xb3, 0xbc, 0xf1, 0xac, 0x6d, 
	0xa3, 0xed, 0x9b, 0x6b, 0xac, 0x2d, 0xc5, 0x73, 
	0xc5, 0x73, 0xbd, 0x31, 0xbc, 0xf1, 0xac, 0x6d, 
	0xb4, 0x6f, 0xbc, 0xb1, 0xb4, 0xef, 0xbd, 0x31, 
	0xbc, 0xf1, 0xb4, 0xaf, 0xbc, 0xf1, 0xbc, 0xf1, 
	0xbd, 0x31, 0xc5, 0x33, 0xb4, 0xaf, 0xb4, 0xaf, 
	0xb4, 0xaf, 0xac, 0x6d, 0xb4, 0x6f, 0xb4, 0xaf, 
	0xbc, 0xf1, 0xc5, 0x33, 0xcd, 0xb5, 0xcd, 0xb5, 
	0xcd, 0xf5, 0xcd, 0x73, 0xb4, 0xaf, 0xb4, 0xaf, 
	0xa4, 0x2d, 0xa3, 0xeb, 0xa3, 0xeb, 0xb4, 0x6f, 
	0xbc, 0xef, 0xbc, 0xf1, 0xb4, 0xb1, 0xac, 0x6d, 
	0xac, 0x6d, 0xb4, 0xaf, 0xb4, 0xf1, 0xbc, 0xf1, 
	0xbc, 0xf1, 0xbc, 0xf1, 0xbd, 0x31, 0xbd, 0x31, 
	0xb4, 0xaf, 0xb4, 0xaf, 0xbc, 0xb1, 0xbc, 0xf1, 
	0xb4, 0xaf, 0xb4, 0xaf, 0xbc, 0xf1, 0xbc, 0xf1, 
	0xbd, 0x31, 0xbc, 0xf1, 0xc5, 0x73, 0xcd, 0xb5, 
	0xc5, 0x73, 0xb4, 0xaf, 0xa3, 0xeb, 0xb4, 0xaf, 
	0xac, 0xaf, 0xac, 0x6f, 0xb5, 0x2f, 0xb4, 0xef, 
	0xbc, 0xf1, 0xc5, 0x33, 0xb4, 0xaf, 0xb4, 0xaf, 
	0xb4, 0xef, 0xb4, 0xaf, 0xb4, 0xaf, 0xbc, 0xf1, 
	0xbc, 0xb1, 0xbc, 0xb1, 0xb4, 0xef, 0xbd, 0x71, 
	0xbd, 0x31, 0xc5, 0x73, 0xbd, 0x31, 0xb4, 0xaf, 
	0xb4, 0xaf, 0xc5, 0x31, 0xbd, 0x33, 0xbd, 0x31, 
	0xc5, 0x73, 0xbd, 0x31, 0xc5, 0x71, 0xcd, 0xb3, 
	0xc5, 0x73, 0xac, 0x6d, 0xac, 0x2d, 0xbc, 0xf1, 
	0xb4, 0xb1, 0xb4, 0xf1, 0xcd, 0x75, 0xcd, 0x75, 
	0xc5, 0x73, 0xc5, 0x33, 0xbd, 0x31, 0xc5, 0x33, 
	0xcd, 0xb5, 0xc5, 0x73, 0xbd, 0x31, 0xbc, 0xf1, 
	0xb4, 0x6f, 0xb4, 0x2d, 0xac, 0x6d, 0xac, 0x2d, 
	0xbc, 0xf1, 0xc5, 0x73, 0xc5, 0x73, 0xbc, 0xf1, 
	0xb4, 0xaf, 0xc5, 0x31, 0xc5, 0x73, 0xc5, 0x73, 
	0xc5, 0x73, 0xc5, 0x33, 0xc5, 0x31, 0xc5, 0x31, 
	0xc5, 0x33, 0xbc, 0xf1, 0xb4, 0xef, 0xb4, 0xf1, 
	0xbc, 0xef, 0xc5, 0x31, 0xcd, 0xb5, 0xcd, 0xb5, 
	0xc5, 0x73, 0xbd, 0x31, 0xc5, 0x33, 0xcd, 0xb5, 
	0xcd, 0xb5, 0xcd, 0xb5, 0xc5, 0xb3, 0xb4, 0xef, 
	0x9b, 0x69, 0xb4, 0xaf, 0xbd, 0x31, 0xb4, 0xb1, 
	0xac, 0x6d, 0xb4, 0xad, 0xb4, 0xaf, 0xb4, 0xaf, 
	0xb4, 0xaf, 0xbc, 0xf1, 0xc5, 0x33, 0xc5, 0x73, 
	0xc5, 0x31, 0xbc, 0xef, 0xb4, 0xaf, 0xb4, 0x6f, 
	0xb4, 0x6f, 0xbc, 0xf1, 0xbd, 0x31, 0xb4, 0xaf, 
	0xbc, 0xef, 0xc5, 0x31, 0xc5, 0x73, 0xc5, 0x73, 
	0xc5, 0x73, 0xc5, 0x73, 0xc5, 0x75, 0xcd, 0xb5, 
	0xcd, 0xb5, 0xcd, 0xb5, 0xbd, 0x71, 0x9b, 0xa9, 
	0x8a, 0xe7, 0xb4, 0xaf, 0xcd, 0xb3, 0xcd, 0xb3, 
	0xb4, 0xaf, 0xb4, 0xaf, 0xb4, 0xaf, 0xb4, 0xaf, 
	0xb4, 0xaf, 0xbc, 0xf1, 0xbd, 0x31, 0xbd, 0x31, 
	0xb4, 0xef, 0xb4, 0xaf, 0xb4, 0xaf, 0xb4, 0xaf, 
	0xb4, 0xaf, 0xbc, 0xf1, 0xbd, 0x31, 0xac, 0x6d, 
	0xb4, 0xaf, 0xc5, 0x31, 0xbd, 0x33, 0xc5, 0x33, 
	0xc5, 0x33, 0xc5, 0x33, 0xcd, 0x73, 0xcd, 0xb5, 
	0xcd, 0xb5, 0xc5, 0x73, 0xb4, 0x6f, 0x9b, 0xa9, 
	0xac, 0x2d, 0xac, 0x6d, 0xc5, 0x73, 0xc5, 0x73, 
	0xc5, 0x31, 0xbd, 0x31, 0xbd, 0x31, 0xbd, 0x31, 
	0xbc, 0xb1, 0xac, 0x2d, 0xb4, 0xaf, 0xb4, 0xad, 
	0x8a, 0xe5, 0xa4, 0x2b, 0xb4, 0xaf, 0xb4, 0xaf, 
	0xc5, 0x33, 0xc5, 0xb3, 0xc5, 0x33, 0xbc, 0xf1, 
	0xb4, 0xaf, 0xc5, 0x31, 0xbd, 0x33, 0xbd, 0x31, 
	0xbc, 0xf1, 0xbd, 0x31, 0xc5, 0x31, 0xcd, 0x73, 
	0xcd, 0x75, 0xb4, 0xaf, 0x8a, 0xe5, 0x8b, 0x25, 
	0xac, 0x2d, 0xac, 0x2d, 0xb4, 0xaf, 0xbc, 0xf1, 
	0xbd, 0x31, 0xbd, 0x31, 0xbd, 0x31, 0xbc, 0xf1, 
	0xa3, 0xed, 0x9b, 0x69, 0xac, 0x2d, 0xa3, 0xeb, 
	0x93, 0x29, 0xac, 0x2d, 0xac, 0x6d, 0xbc, 0xf1, 
	0xc5, 0x73, 0xc5, 0x73, 0xc5, 0x73, 0xbc, 0xf1, 
	0xb4, 0xaf, 0xb4, 0xf1, 0xc4, 0xf1, 0xb4, 0xaf, 
	0xb4, 0xaf, 0xbd, 0x31, 0xbc, 0xf1, 0xb4, 0xaf, 
	0xbc, 0xf1, 0xbd, 0x31, 0x9b, 0xa9, 0x9b, 0x6b, 
	0x93, 0x29, 0x9b, 0x69, 0xb4, 0x2d, 0xb4, 0xaf, 
	0xbc, 0xf1, 0xc5, 0x31, 0xbc, 0xf1, 0xb4, 0xaf, 
	0x9b, 0x29, 0xa3, 0xab, 0xa3, 0xeb, 0x9b, 0x29, 
	0xa3, 0xab, 0xa3, 0xab, 0xac, 0x6d, 0xb4, 0xaf, 
	0xbc, 0xf1, 0xc5, 0x73, 0xc5, 0x73, 0xb4, 0xef, 
	0xb4, 0xaf, 0xb4, 0xaf, 0xbc, 0xef, 0xbc, 0xef, 
	0xbd, 0x31, 0xbc, 0xf1, 0xb4, 0xaf, 0xb4, 0x6f, 
	0xb4, 0xaf, 0xac, 0x2d, 0x93, 0x69, 0x93, 0x29, 
	0x82, 0xe7, 0x93, 0x29, 0xbd, 0x31, 0xbc, 0xf1, 
	0xbc, 0xf1, 0xc5, 0x31, 0xc5, 0x71, 0xb4, 0xb1, 
	0xac, 0x6d, 0xb4, 0xaf, 0xac, 0x2d, 0xa3, 0xab, 
	0xa3, 0xab, 0x9b, 0xab, 0x9b, 0xa9, 0xa4, 0x2d, 
	0xa3, 0xed, 0xb4, 0xb1, 0xac, 0x6d, 0xac, 0x2d, 
	0xac, 0x6d, 0xb4, 0xaf, 0xbc, 0xf1, 0xbc, 0xf1, 
	0xbd, 0x31, 0xb4, 0xf1, 0xbc, 0xef, 0xb4, 0xaf, 
	0xbc, 0xf1, 0xb4, 0x6f, 0x9b, 0x29, 0xa3, 0x69, 
	0x8a, 0xa3, 0xa3, 0xeb, 0xb4, 0xaf, 0xb4, 0xad, 
	0xb4, 0xaf, 0xbd, 0x31, 0xc5, 0x33, 0xbd, 0x33, 
	0xb4, 0xaf, 0xb4, 0xef, 0xbc, 0xf1, 0xb4, 0x6f, 
	0xb4, 0xaf, 0xa3, 0xed, 0x9b, 0x69, 0x9b, 0xa9, 
	0x9b, 0x69, 0x9b, 0xa9, 0xa3, 0xab, 0x9b, 0x69, 
	0xb4, 0x6d, 0xb4, 0xaf, 0xbc, 0xf1, 0xb4, 0xef, 
	0xbc, 0xf1, 0xc5, 0x31, 0xc5, 0x31, 0xc5, 0x31, 
	0xbd, 0x31, 0xb4, 0xaf, 0xac, 0x2d, 0xac, 0x2d, 
	0x9b, 0xa9, 0x9b, 0x69, 0x9b, 0xab, 0xac, 0x2d, 
	0xb4, 0xaf, 0xbc, 0xf1, 0xbd, 0x31, 0xc5, 0x33, 
	0xc5, 0x33, 0xbc, 0xf1, 0xbc, 0xb1, 0xb4, 0xaf, 
	
};

Gfx title_wateralpha_ia8_aligner[] = {gsSPEndDisplayList()};
u8 title_wateralpha_ia8[] = {
	0xf9, 0xf9, 0xf4, 0xf4, 0xf2, 0xf1, 0xf4, 0xf4, 
	0xf3, 0xf2, 0xf3, 0xf8, 0xf4, 0xf7, 0xf5, 0xf8, 
	0xf8, 0xfa, 0xfa, 0xf9, 0xfa, 0xf9, 0xfb, 0xfc, 
	0xf8, 0xf8, 0xf8, 0xf8, 0xf9, 0xf8, 0xf2, 0xf6, 
	0xf6, 0xf1, 0xf4, 0xf5, 0xf1, 0xf1, 0xf3, 0xf1, 
	0xf1, 0xf2, 0xf2, 0xf9, 0xf6, 0xf7, 0xf4, 0xf8, 
	0xfb, 0xf9, 0xf8, 0xf9, 0xfb, 0xfb, 0xfb, 0xfb, 
	0xf9, 0xf9, 0xf9, 0xf9, 0xf9, 0xf8, 0xf5, 0xf8, 
	0xf2, 0xf1, 0xf3, 0xf5, 0xf2, 0xf2, 0xf2, 0xf2, 
	0xf3, 0xf1, 0xf1, 0xf8, 0xf9, 0xfb, 0xf8, 0xf8, 
	0xfa, 0xf6, 0xf8, 0xf9, 0xf9, 0xf9, 0xfa, 0xfb, 
	0xfa, 0xf8, 0xf6, 0xf6, 0xf8, 0xf9, 0xf9, 0xf8, 
	0xf2, 0xf1, 0xf1, 0xf4, 0xf4, 0xf5, 0xf7, 0xf6, 
	0xf2, 0xf1, 0xf1, 0xf4, 0xf5, 0xfb, 0xf8, 0xf8, 
	0xfb, 0xf7, 0xf8, 0xfa, 0xfa, 0xfa, 0xfa, 0xfb, 
	0xfb, 0xf9, 0xf8, 0xf7, 0xf8, 0xf9, 0xf9, 0xf3, 
	0xf6, 0xf5, 0xf5, 0xf9, 0xfa, 0xf8, 0xfb, 0xf9, 
	0xf4, 0xf2, 0xf1, 0xf5, 0xf7, 0xfb, 0xf7, 0xf6, 
	0xf9, 0xfb, 0xfa, 0xfa, 0xf9, 0xfa, 0xfb, 0xfb, 
	0xfa, 0xf8, 0xf5, 0xf3, 0xf4, 0xf9, 0xf7, 0xf3, 
	0xf7, 0xf6, 0xf4, 0xf8, 0xfa, 0xfb, 0xfb, 0xfa, 
	0xf6, 0xf2, 0xf1, 0xf7, 0xfa, 0xf9, 0xf7, 0xf6, 
	0xf7, 0xfa, 0xfa, 0xf9, 0xfa, 0xf9, 0xfc, 0xfb, 
	0xf8, 0xf8, 0xf7, 0xf2, 0xf6, 0xf9, 0xf8, 0xf3, 
	0xf6, 0xf4, 0xf5, 0xf6, 0xf9, 0xfa, 0xfc, 0xfa, 
	0xf4, 0xf6, 0xf3, 0xf5, 0xf8, 0xfa, 0xf9, 0xf4, 
	0xf7, 0xfa, 0xf9, 0xf9, 0xfa, 0xfb, 0xfb, 0xf9, 
	0xf5, 0xf9, 0xfa, 0xf4, 0xf8, 0xf4, 0xf6, 0xf2, 
	0xf4, 0xf6, 0xf4, 0xf6, 0xf9, 0xfb, 0xfa, 0xf6, 
	0xf6, 0xfa, 0xf5, 0xf3, 0xf3, 0xf9, 0xfa, 0xf5, 
	0xf7, 0xfa, 0xf8, 0xf7, 0xf8, 0xf9, 0xf9, 0xfa, 
	0xf9, 0xfa, 0xfb, 0xf6, 0xf9, 0xf4, 0xf6, 0xf2, 
	0xf1, 0xf2, 0xf1, 0xf5, 0xf7, 0xf7, 0xfa, 0xf9, 
	0xf7, 0xfb, 0xf8, 0xf6, 0xf5, 0xf8, 0xfb, 0xf9, 
	0xf6, 0xf8, 0xfa, 0xf8, 0xf8, 0xf9, 0xf9, 0xfa, 
	0xf8, 0xf6, 0xfe, 0xfa, 0xf9, 0xf4, 0xf6, 0xf1, 
	0xf3, 0xf3, 0xf5, 0xf7, 0xf8, 0xf6, 0xf9, 0xf8, 
	0xf5, 0xfa, 0xfc, 0xf8, 0xf8, 0xf5, 0xf7, 0xfa, 
	0xf9, 0xf6, 0xf9, 0xfa, 0xfa, 0xfb, 0xfb, 0xfc, 
	0xf7, 0xf3, 0xf5, 0xfe, 0xf9, 0xf5, 0xf9, 0xf4, 
	0xf8, 0xf9, 0xf2, 0xf3, 0xf5, 0xf8, 0xf8, 0xf6, 
	0xf5, 0xf3, 0xf7, 0xf7, 0xf5, 0xf4, 0xf6, 0xf9, 
	0xfb, 0xf8, 0xf6, 0xf7, 0xf8, 0xfb, 0xfe, 0xfc, 
	0xfc, 0xfb, 0xf6, 0xf6, 0xfb, 0xf9, 0xff, 0xfc, 
	0xf7, 0xfa, 0xf8, 0xf4, 0xf2, 0xf6, 0xf8, 0xf4, 
	0xf4, 0xf3, 0xf2, 0xf6, 0xf6, 0xf4, 0xfa, 0xf9, 
	0xfb, 0xfc, 0xf7, 0xf8, 0xf8, 0xfb, 0xfd, 0xf8, 
	0xf8, 0xf9, 0xfb, 0xf5, 0xf7, 0xfa, 0xf7, 0xf7, 
	0xf4, 0xf5, 0xf5, 0xf5, 0xf5, 0xf4, 0xf2, 0xf3, 
	0xf5, 0xf6, 0xf6, 0xf6, 0xf6, 0xf4, 0xf7, 0xf7, 
	0xf8, 0xfb, 0xf8, 0xf8, 0xf9, 0xfa, 0xf8, 0xf9, 
	0xfd, 0xfc, 0xfe, 0xfd, 0xf6, 0xfb, 0xf7, 0xf4, 
	0xf6, 0xf7, 0xf4, 0xf4, 0xf5, 0xf6, 0xf9, 0xf7, 
	0xf7, 0xf8, 0xf5, 0xf9, 0xfa, 0xf6, 0xf5, 0xf5, 
	0xf8, 0xfc, 0xf6, 0xf6, 0xf7, 0xf9, 0xf9, 0xfb, 
	0xfd, 0xfe, 0xfe, 0xff, 0xff, 0xff, 0xfe, 0xf4, 
	0xf2, 0xf3, 0xf5, 0xf5, 0xf6, 0xf5, 0xf5, 0xf5, 
	0xf6, 0xf6, 0xf4, 0xf8, 0xf9, 0xf6, 0xf7, 0xf5, 
	0xf9, 0xf9, 0xf7, 0xf9, 0xfc, 0xf9, 0xfe, 0xfc, 
	0xfa, 0xf9, 0xfb, 0xf7, 0xfa, 0xff, 0xff, 0xf9, 
	0xf7, 0xf6, 0xf6, 0xf5, 0xfa, 0xfa, 0xf7, 0xf7, 
	0xf7, 0xf6, 0xf6, 0xf6, 0xf7, 0xf6, 0xf7, 0xf6, 
	0xf7, 0xf8, 0xf7, 0xf9, 0xfd, 0xfd, 0xfd, 0xfb, 
	0xfe, 0xfd, 0xfd, 0xf8, 0xf6, 0xfb, 0xfd, 0xfe, 
	0xf8, 0xfc, 0xf7, 0xf6, 0xf7, 0xfd, 0xfb, 0xf7, 
	0xf5, 0xf6, 0xf7, 0xf8, 0xf8, 0xf6, 0xf5, 0xf6, 
	0xf7, 0xf5, 0xf6, 0xfa, 0xfc, 0xfc, 0xfc, 0xf8, 
	0xfd, 0xfe, 0xfd, 0xfc, 0xf7, 0xfb, 0xfa, 0xfb, 
	0xf9, 0xfc, 0xf9, 0xf6, 0xf7, 0xf8, 0xfa, 0xf6, 
	0xf5, 0xf7, 0xfa, 0xfa, 0xf7, 0xf6, 0xf6, 0xf6, 
	0xf6, 0xf6, 0xf6, 0xfe, 0xf9, 0xfa, 0xfe, 0xfb, 
	0xfd, 0xfd, 0xfe, 0xff, 0xfe, 0xfd, 0xfd, 0xfd, 
	0xff, 0xfd, 0xf9, 0xf8, 0xf8, 0xf7, 0xf7, 0xf6, 
	0xf6, 0xf7, 0xf9, 0xfb, 0xfb, 0xf6, 0xf6, 0xfa, 
	0xf7, 0xf6, 0xf7, 0xfe, 0xf7, 0xf7, 0xfe, 0xff, 
	0xff, 0xfe, 0xff, 0xff, 0xff, 0xff, 0xfe, 0xfc, 
	0xff, 0xfa, 0xfd, 0xfd, 0xf7, 0xf7, 0xf6, 0xf6, 
	0xf6, 0xf7, 0xf7, 0xf9, 0xf9, 0xf6, 0xf7, 0xfc, 
	0xf8, 0xf5, 0xf5, 0xfa, 0xfd, 0xfd, 0xfe, 0xfe, 
	0xff, 0xff, 0xfe, 0xff, 0xfe, 0xff, 0xfb, 0xfb, 
	0xff, 0xfb, 0xf7, 0xfe, 0xfb, 0xf6, 0xf5, 0xf6, 
	0xf6, 0xf5, 0xf5, 0xf5, 0xf5, 0xf6, 0xf7, 0xf7, 
	0xf6, 0xf7, 0xf7, 0xf7, 0xfd, 0xff, 0xfe, 0xfe, 
	0xfe, 0xfd, 0xff, 0xff, 0xff, 0xff, 0xfe, 0xff, 
	0xfd, 0xfb, 0xf8, 0xff, 0xfb, 0xf6, 0xf8, 0xf6, 
	0xf5, 0xf7, 0xf7, 0xf6, 0xf6, 0xf6, 0xf7, 0xf6, 
	0xf8, 0xf8, 0xfb, 0xf6, 0xfb, 0xf9, 0xfe, 0xff, 
	0xfe, 0xfd, 0xfd, 0xfc, 0xff, 0xff, 0xff, 0xfc, 
	0xfb, 0xfc, 0xfa, 0xfe, 0xf7, 0xf7, 0xf9, 0xf7, 
	0xf5, 0xf8, 0xf7, 0xf5, 0xf6, 0xf8, 0xf6, 0xf7, 
	0xf9, 0xf6, 0xfa, 0xf6, 0xfa, 0xf7, 0xfc, 0xfe, 
	0xfe, 0xfe, 0xfc, 0xff, 0xff, 0xfd, 0xf8, 0xf7, 
	0xf7, 0xf8, 0xf6, 0xfa, 0xf6, 0xfb, 0xfa, 0xf6, 
	0xf6, 0xf6, 0xf7, 0xf7, 0xf8, 0xfa, 0xf7, 0xf6, 
	0xf7, 0xf6, 0xf7, 0xf7, 0xfc, 0xf8, 0xfa, 0xfc, 
	0xfe, 0xfe, 0xfe, 0xff, 0xfe, 0xf7, 0xf6, 0xf6, 
	0xf7, 0xf9, 0xf9, 0xfa, 0xf7, 0xf8, 0xf5, 0xf4, 
	0xf6, 0xf6, 0xf5, 0xf6, 0xf6, 0xfa, 0xf7, 0xf5, 
	0xf6, 0xf6, 0xf5, 0xf8, 0xf8, 0xf6, 0xf9, 0xfb, 
	0xfc, 0xfe, 0xff, 0xff, 0xfb, 0xf8, 0xf7, 0xf8, 
	0xf8, 0xf9, 0xfd, 0xf9, 0xfa, 0xf3, 0xf4, 0xf5, 
	0xf7, 0xf7, 0xf4, 0xf5, 0xf5, 0xfa, 0xf7, 0xf4, 
	0xf7, 0xf6, 0xf7, 0xf9, 0xf9, 0xf8, 0xf9, 0xfa, 
	0xfa, 0xfb, 0xfe, 0xfc, 0xf9, 0xfa, 0xfb, 0xfd, 
	0xf8, 0xf6, 0xf9, 0xf9, 0xf8, 0xf2, 0xf4, 0xf7, 
	0xf8, 0xf7, 0xf6, 0xf6, 0xf4, 0xf7, 0xf5, 0xf6, 
	0xfa, 0xf9, 0xf6, 0xf9, 0xfc, 0xfa, 0xfa, 0xfb, 
	0xfb, 0xfb, 0xfb, 0xfd, 0xfc, 0xfb, 0xfa, 0xf9, 
	0xf9, 0xf6, 0xf8, 0xfa, 0xf7, 0xf3, 0xf4, 0xf7, 
	0xf8, 0xf4, 0xf5, 0xf6, 0xf6, 0xf5, 0xf3, 0xf9, 
	0xfa, 0xfb, 0xf8, 0xf8, 0xfb, 0xfb, 0xfa, 0xfa, 
	0xfa, 0xfa, 0xfc, 0xfd, 0xfc, 0xf9, 0xf8, 0xf7, 
	0xfa, 0xf8, 0xf7, 0xf8, 0xf5, 0xf1, 0xf2, 0xf6, 
	0xf8, 0xf3, 0xf2, 0xf4, 0xf7, 0xf4, 0xf6, 0xf9, 
	0xf6, 0xf9, 0xf9, 0xf9, 0xfa, 0xfb, 0xfa, 0xfa, 
	0xfb, 0xfa, 0xfa, 0xf7, 0xf9, 0xfb, 0xfb, 0xfd, 
	0xf4, 0xf7, 0xf8, 0xf3, 0xf1, 0xf4, 0xf8, 0xf4, 
	0xf4, 0xf5, 0xf5, 0xf4, 0xf6, 0xf2, 0xf9, 0xf7, 
	0xf8, 0xf9, 0xfa, 0xfb, 0xfb, 0xfa, 0xfb, 0xfb, 
	0xfa, 0xf8, 0xf4, 0xf1, 0xf7, 0xfa, 0xfb, 0xf9, 
	0xf5, 0xf2, 0xf6, 0xf8, 0xf2, 0xf4, 0xf6, 0xf2, 
	0xf1, 0xf3, 0xf3, 0xf2, 0xf2, 0xf3, 0xf8, 0xf8, 
	0xf8, 0xfa, 0xf8, 0xfa, 0xfa, 0xfa, 0xf9, 0xf9, 
	0xf9, 0xf6, 0xf8, 0xfa, 0xf9, 0xf9, 0xf8, 0xf7, 
	0xf9, 0xfa, 0xfb, 0xf8, 0xf1, 0xf1, 0xf4, 0xf5, 
	0xf2, 0xf1, 0xf1, 0xf1, 0xf3, 0xf9, 0xfb, 0xf9, 
	0xf7, 0xfb, 0xf9, 0xf9, 0xf9, 0xfa, 0xfa, 0xfa, 
	0xfa, 0xf9, 0xf7, 0xf7, 0xf9, 0xf8, 0xf2, 0xf7, 
	
};

Gfx title_OSC_Z_M_VORTEX02_ci4_aligner[] = {gsSPEndDisplayList()};
u8 title_OSC_Z_M_VORTEX02_ci4[] = {
	0x00, 0x11, 0x11, 0x11, 0x11, 0x11, 0x11, 0x11, 
	0x11, 0x11, 0x11, 0x11, 0x11, 0x11, 0x11, 0x11, 
	0x11, 0x11, 0x11, 0x11, 0x11, 0x11, 0x11, 0x11, 
	0x11, 0x11, 0x11, 0x11, 0x11, 0x11, 0x11, 0x11, 
	0x11, 0x11, 0x11, 0x11, 0x11, 0x11, 0x11, 0x11, 
	0x11, 0x11, 0x11, 0x11, 0x11, 0x11, 0x11, 0x11, 
	0x11, 0x11, 0x11, 0x11, 0x11, 0x11, 0x11, 0x11, 
	0x11, 0x11, 0x11, 0x11, 0x11, 0x11, 0x11, 0x11, 
	0x00, 0x01, 0x11, 0x11, 0x11, 0x11, 0x11, 0x11, 
	0x11, 0x11, 0x11, 0x11, 0x11, 0x11, 0x11, 0x11, 
	0x11, 0x11, 0x11, 0x11, 0x11, 0x11, 0x11, 0x11, 
	0x11, 0x11, 0x11, 0x11, 0x11, 0x11, 0x11, 0x11, 
	0x11, 0x11, 0x11, 0x11, 0x11, 0x11, 0x11, 0x11, 
	0x11, 0x11, 0x11, 0x11, 0x11, 0x11, 0x11, 0x11, 
	0x11, 0x11, 0x11, 0x11, 0x11, 0x00, 0x11, 0x11, 
	0x00, 0x11, 0x11, 0x11, 0x11, 0x11, 0x11, 0x11, 
	0x00, 0x00, 0x10, 0x00, 0x00, 0x11, 0x11, 0x10, 
	0x00, 0x00, 0x01, 0x11, 0x10, 0x00, 0x11, 0x01, 
	0x11, 0x11, 0x11, 0x00, 0x10, 0x00, 0x11, 0x11, 
	0x00, 0x11, 0x11, 0x11, 0x11, 0x11, 0x11, 0x11, 
	0x11, 0x11, 0x11, 0x11, 0x11, 0x11, 0x00, 0x11, 
	0x11, 0x11, 0x11, 0x11, 0x11, 0x11, 0x11, 0x11, 
	0x11, 0x11, 0x11, 0x10, 0x00, 0x22, 0x00, 0x00, 
	0x20, 0x00, 0x00, 0x10, 0x00, 0x00, 0x02, 0x01, 
	0x22, 0x22, 0x00, 0x02, 0x20, 0x00, 0x00, 0x02, 
	0x23, 0x22, 0x20, 0x22, 0x22, 0x20, 0x00, 0x20, 
	0x02, 0x22, 0x22, 0x20, 0x02, 0x22, 0x22, 0x20, 
	0x00, 0x00, 0x00, 0x00, 0x00, 0x00, 0x00, 0x01, 
	0x00, 0x00, 0x01, 0x11, 0x11, 0x00, 0x02, 0x00, 
	0x00, 0x10, 0x01, 0x11, 0x11, 0x10, 0x00, 0x00, 
	0x00, 0x11, 0x00, 0x00, 0x02, 0x33, 0x33, 0x33, 
	0x32, 0x22, 0x20, 0x22, 0x22, 0x22, 0x22, 0x20, 
	0x32, 0x23, 0x33, 0x33, 0x33, 0x33, 0x33, 0x33, 
	0x33, 0x33, 0x33, 0x33, 0x33, 0x33, 0x33, 0x33, 
	0x33, 0x33, 0x32, 0x22, 0x33, 0x33, 0x33, 0x33, 
	0x33, 0x33, 0x33, 0x32, 0x22, 0x33, 0x33, 0x33, 
	0x22, 0x20, 0x00, 0x00, 0x00, 0x22, 0x23, 0x33, 
	0x32, 0x22, 0x22, 0x20, 0x00, 0x00, 0x22, 0x22, 
	0x20, 0x00, 0x00, 0x02, 0x23, 0x33, 0x33, 0x33, 
	0x32, 0x22, 0x22, 0x33, 0x32, 0x23, 0x33, 0x34, 
	0x32, 0x23, 0x33, 0x33, 0x33, 0x33, 0x33, 0x33, 
	0x55, 0x55, 0x55, 0x55, 0x53, 0x33, 0x33, 0x33, 
	0x35, 0x53, 0x33, 0x33, 0x33, 0x33, 0x33, 0x33, 
	0x43, 0x33, 0x33, 0x33, 0x33, 0x33, 0x33, 0x33, 
	0x33, 0x22, 0x22, 0x23, 0x33, 0x33, 0x33, 0x33, 
	0x33, 0x32, 0x22, 0x22, 0x22, 0x33, 0x33, 0x34, 
	0x42, 0x00, 0x22, 0x23, 0x33, 0x33, 0x33, 0x25, 
	0x53, 0x22, 0x33, 0x55, 0x55, 0x55, 0x66, 0x55, 
	0x55, 0x55, 0x55, 0x55, 0x55, 0x55, 0x55, 0x55, 
	0x25, 0x22, 0x22, 0x62, 0x55, 0x55, 0x56, 0x56, 
	0x22, 0x22, 0x65, 0x55, 0x35, 0x56, 0x56, 0x66, 
	0x56, 0x52, 0x66, 0x55, 0x55, 0x66, 0x66, 0x66, 
	0x62, 0x33, 0x33, 0x33, 0x35, 0x55, 0x52, 0x22, 
	0x22, 0x53, 0x33, 0x34, 0x44, 0x43, 0x33, 0x53, 
	0x33, 0x33, 0x33, 0x33, 0x33, 0x35, 0x55, 0x55, 
	0x55, 0x52, 0x55, 0x57, 0x66, 0x66, 0x67, 0x77, 
	0x77, 0x77, 0x77, 0x77, 0x55, 0x33, 0x35, 0x55, 
	0x55, 0x55, 0x55, 0x55, 0x25, 0x53, 0x55, 0x55, 
	0x55, 0x57, 0x75, 0x55, 0x33, 0x33, 0x33, 0x35, 
	0x77, 0x65, 0x57, 0x76, 0x75, 0x76, 0x67, 0x62, 
	0x65, 0x65, 0x56, 0x66, 0x66, 0x55, 0x62, 0x22, 
	0x26, 0x65, 0x56, 0x66, 0x66, 0x56, 0x56, 0x67, 
	0x55, 0x55, 0x55, 0x55, 0x55, 0x55, 0x75, 0x55, 
	0x55, 0x55, 0x55, 0x55, 0x57, 0x77, 0x77, 0x77, 
	0x77, 0x77, 0x77, 0x77, 0x78, 0x85, 0x35, 0x55, 
	0x85, 0x55, 0x85, 0x85, 0x85, 0x55, 0x85, 0x55, 
	0x77, 0x87, 0x77, 0x88, 0x88, 0x44, 0x44, 0x44, 
	0x44, 0x44, 0x44, 0x43, 0x55, 0x35, 0x55, 0x75, 
	0x55, 0x55, 0x55, 0x55, 0x55, 0x55, 0x55, 0x55, 
	0x22, 0x77, 0x77, 0x77, 0x62, 0x25, 0x55, 0x58, 
	0x55, 0x57, 0x77, 0x77, 0x75, 0x85, 0x44, 0x44, 
	0x94, 0x44, 0x49, 0x44, 0x44, 0x45, 0x88, 0x77, 
	0x87, 0x77, 0x77, 0x77, 0x77, 0x77, 0x77, 0x77, 
	0x88, 0x88, 0x88, 0xa4, 0xa4, 0xaa, 0x88, 0x77, 
	0x77, 0x77, 0x77, 0x78, 0x88, 0xaa, 0x99, 0xbb, 
	0xbb, 0xbb, 0xbb, 0x44, 0x44, 0x44, 0x44, 0x44, 
	0x44, 0x44, 0x44, 0x44, 0x44, 0x43, 0x35, 0x35, 
	0x55, 0x55, 0x55, 0x77, 0x77, 0x75, 0x78, 0x58, 
	0x55, 0x58, 0x77, 0x77, 0x77, 0x8a, 0x49, 0xbb, 
	0xcc, 0xcc, 0xcc, 0xcb, 0xbb, 0x99, 0x4a, 0xaa, 
	0xaa, 0x88, 0x87, 0x77, 0x77, 0x77, 0x77, 0x77, 
	0x77, 0x78, 0x8a, 0xaa, 0xaa, 0x9a, 0xa8, 0x88, 
	0x88, 0x77, 0x77, 0x88, 0x88, 0xaa, 0xaa, 0x99, 
	0x99, 0x9b, 0xbb, 0xbb, 0xbb, 0xbb, 0xbb, 0xbb, 
	0xbb, 0xbb, 0xbb, 0xbb, 0xb9, 0x44, 0x44, 0xa4, 
	0x44, 0x44, 0x44, 0xa5, 0x58, 0x88, 0x8a, 0xaa, 
	0xaa, 0xaa, 0x88, 0x78, 0x8a, 0xaa, 0xa9, 0x9b, 
	0xbc, 0xcc, 0xcc, 0xcb, 0xbb, 0xbb, 0xbb, 0x99, 
	0x99, 0x99, 0x9a, 0xaa, 0xaa, 0x88, 0x87, 0x77, 
	0x77, 0x87, 0x88, 0xaa, 0x99, 0x99, 0x99, 0x99, 
	0xaa, 0xaa, 0xaa, 0xa9, 0x99, 0x99, 0xa9, 0x99, 
	0xbb, 0xbb, 0xbb, 0xcc, 0xcc, 0xcc, 0xcc, 0xcc, 
	0xcc, 0xcc, 0xcc, 0xcc, 0xcc, 0xb9, 0xaa, 0xaa, 
	0xa4, 0x49, 0x44, 0xa8, 0x88, 0x88, 0x8a, 0xa4, 
	0xaa, 0xaa, 0x44, 0x99, 0x99, 0x9a, 0xa9, 0x99, 
	0xbb, 0xbb, 0x99, 0xaa, 0xaa, 0x9c, 0xcc, 0xbb, 
	0xdc, 0xbb, 0xb9, 0x9b, 0xbb, 0xbb, 0xb9, 0x9a, 
	0xaa, 0xaa, 0xaa, 0xaa, 0xa9, 0x99, 0x99, 0x99, 
	0x99, 0x9a, 0xa9, 0x9b, 0xbb, 0xbb, 0xbb, 0xbb, 
	0xcc, 0xbb, 0xbb, 0xbb, 0xbc, 0xcd, 0xdd, 0xdd, 
	0xdd, 0xdd, 0xdd, 0xcc, 0xcc, 0xbb, 0x99, 0xbb, 
	0xbb, 0x99, 0x9a, 0xa8, 0x77, 0x8a, 0xaa, 0xaa, 
	0x99, 0x99, 0x9b, 0xbb, 0xbb, 0xb9, 0x99, 0x9b, 
	0xbb, 0xbb, 0xbb, 0x99, 0x99, 0xbc, 0xdd, 0xdd, 
	0xdd, 0xdd, 0xdd, 0xde, 0xee, 0xee, 0xed, 0xdc, 
	0xcb, 0xb9, 0x99, 0x99, 0x99, 0x99, 0x99, 0x99, 
	0x99, 0x9a, 0xaa, 0x99, 0xb9, 0x99, 0xbb, 0xbc, 
	0xdd, 0xdd, 0xcc, 0xcc, 0xcc, 0xcc, 0xdd, 0xdd, 
	0xdd, 0xdc, 0xbb, 0x99, 0x99, 0x99, 0x99, 0x99, 
	0x99, 0x99, 0xaa, 0xaa, 0xa9, 0x9b, 0xb9, 0x9b, 
	0xbb, 0xcc, 0xdd, 0xcc, 0xcc, 0xbb, 0x99, 0x99, 
	0x9b, 0xbb, 0xbb, 0xbb, 0x99, 0x9b, 0xcd, 0xdd, 
	0xee, 0xee, 0xed, 0xef, 0xee, 0xee, 0xde, 0xdd, 
	0xee, 0xdd, 0xdc, 0xcc, 0xbb, 0xbb, 0xbb, 0xb9, 
	0x9b, 0x99, 0xaa, 0xa9, 0x99, 0x99, 0xbb, 0xcc, 
	0xdd, 0xdd, 0xde, 0xee, 0xee, 0xee, 0xee, 0xee, 
	0xee, 0xed, 0xdc, 0xcc, 0xcb, 0xbb, 0x99, 0x9a, 
	0xaa, 0xaa, 0x99, 0x9b, 0xbc, 0xcc, 0xcc, 0xcc, 
	0xcd, 0xde, 0xee, 0xee, 0xed, 0xcb, 0x99, 0xbb, 
	0xbb, 0xcb, 0xbb, 0xb9, 0x99, 0x9b, 0xbc, 0xdd, 
	0xee, 0xde, 0xdd, 0xde, 0xdd, 0xdd, 0xdd, 0xdd, 
	0xee, 0xde, 0xdd, 0xde, 0xee, 0xdc, 0xbb, 0xbb, 
	0xbb, 0xbb, 0xb9, 0x99, 0xaa, 0x8a, 0xaa, 0xa9, 
	0x99, 0xbb, 0xbc, 0xcd, 0xdd, 0xee, 0xee, 0xee, 
	0xee, 0xee, 0xed, 0xdd, 0xdd, 0xdc, 0xb9, 0x9a, 
	0xaa, 0xa9, 0xbb, 0xcc, 0xcd, 0xdd, 0xdd, 0xde, 
	0xee, 0xee, 0xee, 0xee, 0xee, 0xed, 0xcc, 0xbb, 
	0xbb, 0xbb, 0xb9, 0x99, 0x99, 0xbb, 0xcc, 0xde, 
	0xdd, 0xed, 0xdd, 0xee, 0xee, 0xee, 0xee, 0xee, 
	0xee, 0xee, 0xed, 0xdd, 0xde, 0xee, 0xed, 0xdd, 
	0xdd, 0xde, 0xee, 0xed, 0xcb, 0x99, 0xaa, 0xaa, 
	0x99, 0x99, 0xbb, 0xcc, 0xdd, 0xee, 0xee, 0xee, 
	0xee, 0xee, 0xee, 0xee, 0xdd, 0xdd, 0xcc, 0xb9, 
	0x99, 0x9b, 0xcd, 0xde, 0xee, 0xee, 0xee, 0xee, 
	0xef, 0xff, 0xff, 0xee, 0xee, 0xdd, 0xcb, 0xb9, 
	0x99, 0x99, 0x99, 0x99, 0x99, 0x9b, 0xbc, 0xdd, 
	0xcc, 0xdd, 0xdd, 0xdd, 0xee, 0xee, 0xee, 0xee, 
	0xee, 0xee, 0xee, 0xdd, 0xee, 0xee, 0xee, 0xee, 
	0xee, 0xee, 0xee, 0xee, 0xdd, 0xcb, 0x99, 0x99, 
	0x99, 0x99, 0xbb, 0xcd, 0xde, 0xee, 0xee, 0xee, 
	0xee, 0xed, 0xdd, 0xdd, 0xdd, 0xee, 0xee, 0xed, 
	0xdd, 0xde, 0xee, 0xee, 0xee, 0xee, 0xee, 0xee, 
	0xee, 0xee, 0xee, 0xee, 0xee, 0xee, 0xdc, 0xb9, 
	0x99, 0x99, 0xa9, 0x99, 0x9b, 0xbb, 0xbb, 0xbb, 
	0xcc, 0xcc, 0xcc, 0xcc, 0xdd, 0xdd, 0xdd, 0xdd, 
	0xdd, 0xde, 0xee, 0xed, 0xdd, 0xdd, 0xdd, 0xee, 
	0xdd, 0xde, 0xee, 0xee, 0xec, 0xb9, 0x99, 0x99, 
	0x99, 0x9b, 0xbc, 0xcd, 0xdd, 0xde, 0xee, 0xee, 
	0xed, 0xdd, 0xee, 0xee, 0xee, 0xee, 0xee, 0xef, 
	0xff, 0xee, 0xee, 0xee, 0xee, 0xee, 0xed, 0xdd, 
	0xde, 0xee, 0xee, 0xee, 0xee, 0xee, 0xdc, 0xb9, 
	0x99, 0x99, 0x99, 0x99, 0x9b, 0xbb, 0xbc, 0xcc, 
	0xbc, 0xcd, 0xdd, 0xdc, 0xcc, 0xbb, 0xbb, 0xbc, 
	0xcb, 0xbb, 0xbc, 0xcd, 0xdd, 0xdd, 0xdd, 0xdc, 
	0xcc, 0xbb, 0xcd, 0xde, 0xed, 0xcb, 0x99, 0x99, 
	0x99, 0xbd, 0xde, 0xee, 0xee, 0xee, 0xee, 0xee, 
	0xee, 0xee, 0xee, 0xee, 0xee, 0xee, 0xef, 0xff, 
	0xff, 0xff, 0xff, 0xfe, 0xee, 0xee, 0xee, 0xed, 
	0xdd, 0xdd, 0xee, 0xee, 0xee, 0xed, 0xcb, 0xbb, 
	0xbb, 0xbb, 0xbb, 0xbb, 0xbb, 0xbb, 0xbb, 0xbb, 
	0xcc, 0xcc, 0xcc, 0xcc, 0xbb, 0x99, 0x99, 0xbb, 
	0xbb, 0xcb, 0xbb, 0xbb, 0xbb, 0xbb, 0xbb, 0x99, 
	0xbb, 0xbb, 0xbb, 0xbb, 0xbb, 0xb9, 0x99, 0xbb, 
	0xbc, 0xde, 0xee, 0xee, 0xee, 0xff, 0xff, 0xff, 
	0xff, 0xff, 0xfe, 0xee, 0xee, 0xee, 0xee, 0xff, 
	0xff, 0xff, 0xff, 0xee, 0xee, 0xee, 0xee, 0xdd, 
	0xcb, 0xbb, 0xcd, 0xdc, 0xcb, 0xbb, 0xbb, 0xcc, 
	0xcc, 0xcc, 0xcc, 0xcc, 0xcc, 0xcc, 0xcc, 0xcc, 
	0xdd, 0xdd, 0xdd, 0xdc, 0xcc, 0xcc, 0xcd, 0xed, 
	0xdd, 0xed, 0xdd, 0xcb, 0xb9, 0x99, 0x99, 0x99, 
	0x99, 0x9b, 0x99, 0x9b, 0xb9, 0x9b, 0x9b, 0xbb, 
	0xbb, 0xcd, 0xdd, 0xee, 0xee, 0xee, 0xff, 0xff, 
	0xff, 0xff, 0xee, 0xee, 0xee, 0xee, 0xee, 0xef, 
	0xff, 0xff, 0xfe, 0xee, 0xee, 0xee, 0xee, 0xdc, 
	0xbb, 0x99, 0x99, 0xb9, 0x99, 0x99, 0xbb, 0xbc, 
	0xcc, 0xcc, 0xcc, 0xcc, 0xcc, 0xcc, 0xcc, 0xcd, 
	0xdd, 0xdd, 0xdd, 0xdd, 0xde, 0xee, 0xee, 0xee, 
	0xed, 0xdd, 0xdc, 0xb9, 0x99, 0x99, 0x99, 0x99, 
	0xaa, 0xaa, 0xa8, 0x88, 0xaa, 0xa9, 0x99, 0x99, 
	0x99, 0x99, 0xbb, 0xbc, 0xcd, 0xdd, 0xee, 0xee, 
	0xee, 0xee, 0xee, 0xdd, 0xdd, 0xdd, 0xee, 0xee, 
	0xff, 0xff, 0xfe, 0xee, 0xee, 0xee, 0xee, 0xdc, 
	0xcb, 0xbb, 0xbb, 0xbb, 0x99, 0x99, 0x9b, 0xbb, 
	0xbb, 0xbb, 0xbc, 0xcc, 0xdd, 0xdd, 0xdd, 0xdd, 
	0xed, 0xdd, 0xdd, 0xdd, 0xdd, 0xdd, 0xed, 0xed, 
	0xdd, 0xdd, 0xdc, 0xb9, 0xaa, 0x88, 0xaa, 0xa8, 
	0x88, 0x87, 0x78, 0xaa, 0xaa, 0xa8, 0x72, 0x27, 
	0x77, 0x8a, 0x99, 0x99, 0x99, 0xaa, 0xaa, 0xaa, 
	0x99, 0xbb, 0xbc, 0xcc, 0xdd, 0xde, 0xee, 0xee, 
	0xef, 0xfe, 0xee, 0xee, 0xee, 0xdd, 0xdd, 0xdc, 
	0xbb, 0xbb, 0xbb, 0xbb, 0xbb, 0xbb, 0x99, 0x99, 
	0xbb, 0xbc, 0xcc, 0xdd, 0xee, 0xee, 0xee, 0xee, 
	0xdd, 0xcc, 0xbb, 0xbb, 0xbb, 0xbb, 0xcc, 0xcc, 
	0xcc, 0xbb, 0xb9, 0x44, 0x53, 0x55, 0x55, 0x55, 
	0x55, 0x55, 0x87, 0x77, 0x77, 0x77, 0x72, 0x77, 
	0x77, 0x78, 0x88, 0xaa, 0xaa, 0xaa, 0xa8, 0x88, 
	0xaa, 0xaa, 0x99, 0xbb, 0xbc, 0xcc, 0xcc, 0xcd, 
	0xdc, 0xcc, 0xdc, 0xcc, 0xc9, 0x49, 0xbb, 0x94, 
	0x49, 0x99, 0x99, 0x99, 0x99, 0xbb, 0xbb, 0xbb, 
	0xcc, 0xcd, 0xdd, 0xdd, 0xee, 0xee, 0xee, 0xdd, 
	0x99, 0x94, 0x94, 0x44, 0x4a, 0xaa, 0x5a, 0x99, 
	0x99, 0x94, 0x44, 0x43, 0x33, 0x33, 0x33, 0x33, 
	0x33, 0x33, 0x35, 0x65, 0x36, 0x62, 0x66, 0x77, 
	0x77, 0x77, 0x78, 0x88, 0xaa, 0xaa, 0xa8, 0x85, 
	0x58, 0x85, 0x44, 0x44, 0x44, 0x44, 0x44, 0x44, 
	0x44, 0x44, 0x33, 0x43, 0x33, 0x33, 0x34, 0x44, 
	0x44, 0x44, 0x33, 0x53, 0x9b, 0xbb, 0x9b, 0xbb, 
	0x99, 0xbc, 0xdc, 0xcc, 0xcc, 0xcc, 0xcb, 0xb9, 
	0x77, 0x78, 0x55, 0x55, 0x35, 0x53, 0x88, 0x85, 
	0x44, 0x44, 0x43, 0x32, 0x22, 0x32, 0x22, 0x23, 
	0x33, 0x22, 0x33, 0x33, 0x33, 0x33, 0x33, 0x55, 
	0x67, 0x75, 0x77, 0x85, 0x55, 0x33, 0x33, 0x33, 
	0x33, 0x53, 0x33, 0x33, 0x44, 0x44, 0x44, 0x44, 
	0x33, 0x44, 0x33, 0x33, 0x33, 0x23, 0x33, 0x33, 
	0x33, 0x33, 0x44, 0x44, 0x43, 0x33, 0x44, 0x35, 
	0x53, 0x44, 0x44, 0x49, 0x99, 0x94, 0xa8, 0x87, 
	0x66, 0x55, 0x33, 0x33, 0x33, 0x32, 0x33, 0x33, 
	0x33, 0x43, 0x32, 0x22, 0x22, 0x22, 0x00, 0x00, 
	0x02, 0x20, 0x22, 0x22, 0x22, 0x20, 0x23, 0x33, 
	0x33, 0x33, 0x33, 0x33, 0x33, 0x33, 0x33, 0x33, 
	0x33, 0x33, 0x33, 0x33, 0x33, 0x33, 0x32, 0x34, 
	0x33, 0x32, 0x20, 0x02, 0x20, 0x22, 0x22, 0x22, 
	0x22, 0x22, 0x22, 0x23, 0x44, 0x43, 0x33, 0x35, 
	0x35, 0x55, 0x55, 0x55, 0x55, 0x55, 0x66, 0x66, 
	0x33, 0x33, 0x33, 0x22, 0x22, 0x23, 0x33, 0x33, 
	0x33, 0x22, 0x20, 0x00, 0x00, 0x22, 0x01, 0x11, 
	0x11, 0x11, 0x00, 0x00, 0x02, 0x00, 0x02, 0x22, 
	0x22, 0x23, 0x33, 0x33, 0x22, 0x20, 0x02, 0x22, 
	0x20, 0x00, 0x22, 0x20, 0x00, 0x00, 0x00, 0x02, 
	0x22, 0x22, 0x00, 0x11, 0x11, 0x11, 0x11, 0x11, 
	0x10, 0x00, 0x00, 0x00, 0x11, 0x11, 0x23, 0x33, 
	0x33, 0x33, 0x33, 0x25, 0x55, 0x66, 0x22, 0x66, 
	0x42, 0x22, 0x22, 0x00, 0x00, 0x34, 0x44, 0x32, 
	0x00, 0x11, 0x11, 0x11, 0x11, 0x00, 0x11, 0x11, 
	0x11, 0x11, 0x11, 0x11, 0x00, 0x01, 0x02, 0x22, 
	0x20, 0x00, 0x00, 0x11, 0x00, 0x01, 0x11, 0x11, 
	0x11, 0x11, 0x10, 0x11, 0x11, 0x11, 0x11, 0x10, 
	0x00, 0x00, 0x01, 0x11, 0x11, 0x11, 0x11, 0x11, 
	0x11, 0x11, 0x11, 0x11, 0x11, 0x11, 0x10, 0x00, 
	0x22, 0x23, 0x33, 0x22, 0x22, 0x22, 0x23, 0x33, 
	0x00, 0x20, 0x11, 0x11, 0x11, 0x02, 0x34, 0x00, 
	0x11, 0x11, 0x11, 0x11, 0x11, 0x11, 0x11, 0x11, 
	0x11, 0x11, 0x11, 0x11, 0x11, 0x11, 0x10, 0x00, 
	0x00, 0x11, 0x11, 0x11, 0x11, 0x11, 0x11, 0x11, 
	0x11, 0x11, 0x11, 0x11, 0x11, 0x11, 0x11, 0x11, 
	0x11, 0x11, 0x11, 0x11, 0x11, 0x11, 0x11, 0x11, 
	0x11, 0x11, 0x11, 0x11, 0x11, 0x11, 0x11, 0x11, 
	0x10, 0x00, 0x03, 0x33, 0x33, 0x33, 0x33, 0x20, 
	0x11, 0x11, 0x11, 0x11, 0x11, 0x11, 0x11, 0x11, 
	0x11, 0x11, 0x11, 0x11, 0x11, 0x11, 0x11, 0x11, 
	0x11, 0x11, 0x11, 0x11, 0x11, 0x11, 0x11, 0x11, 
	0x11, 0x11, 0x11, 0x11, 0x11, 0x11, 0x11, 0x11, 
	0x11, 0x11, 0x11, 0x11, 0x11, 0x11, 0x11, 0x11, 
	0x11, 0x11, 0x11, 0x11, 0x11, 0x11, 0x11, 0x11, 
	0x11, 0x11, 0x11, 0x11, 0x11, 0x11, 0x11, 0x11, 
	0x11, 0x11, 0x11, 0x00, 0x22, 0x20, 0x02, 0x01, 
	
};

Gfx title_OSC_Z_M_VORTEX02_ci4_pal_rgba16_aligner[] = {gsSPEndDisplayList()};
u8 title_OSC_Z_M_VORTEX02_ci4_pal_rgba16[] = {
	0x20, 0xc1, 0x08, 0x41, 0x39, 0x45, 0x4a, 0x07, 
	0x6a, 0x45, 0x51, 0x87, 0x39, 0x07, 0x49, 0x05, 
	0x59, 0x45, 0x82, 0x81, 0x69, 0xc1, 0x93, 0x41, 
	0xbc, 0x01, 0xf5, 0x41, 0xf6, 0x03, 0xd6, 0x1b, 
	
};

Gfx title__31_ci8_aligner[] = {gsSPEndDisplayList()};
u8 title__31_ci8[] = {
	0x00, 0x01, 0x02, 0x03, 0x04, 0x05, 0x06, 0x07, 
	0x08, 0x02, 0x09, 0x0a, 0x00, 0x03, 0x0b, 0x07, 
	0x04, 0x07, 0x0c, 0x0d, 0x0e, 0x08, 0x0f, 0x10, 
	0x10, 0x10, 0x11, 0x11, 0x12, 0x0b, 0x11, 0x11, 
	0x00, 0x01, 0x08, 0x03, 0x04, 0x05, 0x06, 0x07, 
	0x04, 0x02, 0x13, 0x0a, 0x10, 0x12, 0x0b, 0x04, 
	0x04, 0x04, 0x0c, 0x0d, 0x0e, 0x08, 0x0f, 0x10, 
	0x10, 0x10, 0x11, 0x11, 0x12, 0x0b, 0x14, 0x11, 
	0x01, 0x01, 0x12, 0x10, 0x04, 0x08, 0x08, 0x07, 
	0x15, 0x16, 0x17, 0x0d, 0x18, 0x00, 0x12, 0x04, 
	0x04, 0x08, 0x0c, 0x0d, 0x01, 0x02, 0x08, 0x17, 
	0x10, 0x10, 0x11, 0x17, 0x0b, 0x00, 0x03, 0x0b, 
	0x0b, 0x0b, 0x0c, 0x0a, 0x19, 0x03, 0x07, 0x1a, 
	0x01, 0x1b, 0x19, 0x10, 0x1c, 0x1d, 0x1e, 0x09, 
	0x12, 0x12, 0x1f, 0x20, 0x1f, 0x13, 0x04, 0x21, 
	0x0a, 0x20, 0x0a, 0x22, 0x16, 0x01, 0x07, 0x07, 
	0x02, 0x08, 0x10, 0x20, 0x00, 0x0b, 0x12, 0x23, 
	0x23, 0x0f, 0x10, 0x1e, 0x24, 0x0d, 0x25, 0x10, 
	0x10, 0x18, 0x26, 0x26, 0x26, 0x18, 0x0b, 0x17, 
	0x0a, 0x20, 0x00, 0x21, 0x04, 0x16, 0x04, 0x04, 
	0x05, 0x1b, 0x07, 0x27, 0x0a, 0x28, 0x12, 0x23, 
	0x00, 0x00, 0x0d, 0x25, 0x0c, 0x29, 0x24, 0x20, 
	0x20, 0x0a, 0x0d, 0x25, 0x2a, 0x10, 0x01, 0x2b, 
	0x18, 0x10, 0x12, 0x0f, 0x04, 0x04, 0x05, 0x05, 
	0x06, 0x06, 0x2c, 0x1c, 0x10, 0x28, 0x12, 0x1a, 
	0x11, 0x0a, 0x2a, 0x18, 0x2d, 0x06, 0x01, 0x2e, 
	0x2e, 0x00, 0x24, 0x2a, 0x0a, 0x01, 0x10, 0x18, 
	0x2a, 0x10, 0x11, 0x0c, 0x22, 0x2f, 0x2f, 0x06, 
	0x0f, 0x2c, 0x24, 0x0a, 0x09, 0x1b, 0x0b, 0x30, 
	0x1f, 0x11, 0x0a, 0x01, 0x06, 0x02, 0x01, 0x0d, 
	0x0d, 0x09, 0x2c, 0x31, 0x10, 0x10, 0x10, 0x18, 
	0x18, 0x10, 0x0a, 0x00, 0x21, 0x1b, 0x02, 0x02, 
	0x24, 0x24, 0x2a, 0x0a, 0x09, 0x1b, 0x08, 0x21, 
	0x17, 0x06, 0x21, 0x15, 0x06, 0x08, 0x10, 0x20, 
	0x20, 0x13, 0x04, 0x06, 0x32, 0x0f, 0x10, 0x20, 
	0x10, 0x01, 0x11, 0x00, 0x07, 0x06, 0x04, 0x04, 
	0x0d, 0x0d, 0x25, 0x0a, 0x00, 0x12, 0x2f, 0x06, 
	0x04, 0x06, 0x05, 0x08, 0x04, 0x16, 0x13, 0x24, 
	0x24, 0x10, 0x16, 0x2f, 0x02, 0x21, 0x18, 0x2a, 
	0x2c, 0x33, 0x11, 0x11, 0x1a, 0x16, 0x16, 0x16, 
	0x25, 0x25, 0x25, 0x23, 0x01, 0x12, 0x0b, 0x0b, 
	0x07, 0x08, 0x02, 0x08, 0x16, 0x15, 0x32, 0x34, 
	0x0f, 0x12, 0x04, 0x04, 0x16, 0x0a, 0x0d, 0x24, 
	0x15, 0x33, 0x11, 0x10, 0x10, 0x24, 0x2c, 0x2c, 
	0x26, 0x26, 0x25, 0x24, 0x03, 0x03, 0x09, 0x28, 
	0x12, 0x0f, 0x12, 0x14, 0x14, 0x15, 0x04, 0x02, 
	0x08, 0x08, 0x07, 0x11, 0x0d, 0x0d, 0x1f, 0x30, 
	0x04, 0x2c, 0x00, 0x1a, 0x01, 0x20, 0x0d, 0x0d, 
	0x20, 0x20, 0x0a, 0x16, 0x32, 0x1e, 0x35, 0x01, 
	0x24, 0x10, 0x09, 0x01, 0x0c, 0x12, 0x0b, 0x04, 
	0x02, 0x02, 0x03, 0x18, 0x25, 0x0a, 0x11, 0x30, 
	0x04, 0x1a, 0x00, 0x0a, 0x11, 0x00, 0x36, 0x36, 
	0x25, 0x25, 0x0d, 0x28, 0x15, 0x2a, 0x35, 0x01, 
	0x00, 0x33, 0x0b, 0x15, 0x17, 0x0b, 0x01, 0x01, 
	0x04, 0x0b, 0x09, 0x00, 0x2b, 0x11, 0x0a, 0x17, 
	0x04, 0x16, 0x2c, 0x0d, 0x18, 0x12, 0x00, 0x00, 
	0x11, 0x11, 0x11, 0x00, 0x01, 0x10, 0x24, 0x09, 
	0x09, 0x00, 0x12, 0x07, 0x07, 0x0b, 0x01, 0x20, 
	0x01, 0x00, 0x01, 0x03, 0x12, 0x24, 0x20, 0x29, 
	0x12, 0x01, 0x1a, 0x0a, 0x23, 0x08, 0x03, 0x03, 
	0x08, 0x08, 0x07, 0x17, 0x00, 0x20, 0x1c, 0x20, 
	0x20, 0x24, 0x34, 0x02, 0x02, 0x0b, 0x0a, 0x27, 
	0x20, 0x01, 0x0b, 0x05, 0x1b, 0x0f, 0x0a, 0x20, 
	0x2a, 0x2a, 0x11, 0x00, 0x17, 0x1b, 0x08, 0x08, 
	0x00, 0x00, 0x11, 0x01, 0x09, 0x00, 0x1c, 0x20, 
	0x20, 0x24, 0x0f, 0x08, 0x02, 0x01, 0x0a, 0x25, 
	0x27, 0x20, 0x01, 0x02, 0x05, 0x21, 0x24, 0x20, 
	0x2a, 0x2a, 0x11, 0x00, 0x17, 0x08, 0x08, 0x08, 
	0x20, 0x18, 0x0d, 0x01, 0x21, 0x1a, 0x24, 0x01, 
	0x00, 0x09, 0x12, 0x08, 0x02, 0x19, 0x01, 0x23, 
	0x01, 0x01, 0x01, 0x04, 0x08, 0x17, 0x11, 0x0f, 
	0x12, 0x01, 0x1a, 0x18, 0x33, 0x08, 0x07, 0x07, 
	0x25, 0x25, 0x0a, 0x0b, 0x08, 0x2c, 0x24, 0x24, 
	0x24, 0x12, 0x04, 0x08, 0x02, 0x04, 0x19, 0x01, 
	0x0b, 0x04, 0x04, 0x04, 0x17, 0x37, 0x37, 0x34, 
	0x02, 0x02, 0x0f, 0x0d, 0x1e, 0x17, 0x11, 0x11, 
	0x25, 0x25, 0x14, 0x02, 0x08, 0x0f, 0x1a, 0x10, 
	0x20, 0x2c, 0x06, 0x22, 0x22, 0x04, 0x03, 0x0b, 
	0x0b, 0x02, 0x08, 0x07, 0x30, 0x2a, 0x35, 0x34, 
	0x08, 0x06, 0x08, 0x0a, 0x11, 0x11, 0x18, 0x18, 
	0x25, 0x25, 0x14, 0x38, 0x08, 0x04, 0x16, 0x0f, 
	0x01, 0x12, 0x06, 0x1a, 0x0c, 0x17, 0x16, 0x16, 
	0x16, 0x21, 0x07, 0x17, 0x18, 0x26, 0x37, 0x16, 
	0x2c, 0x34, 0x02, 0x0a, 0x11, 0x14, 0x25, 0x26, 
	0x25, 0x25, 0x18, 0x13, 0x08, 0x04, 0x17, 0x0f, 
	0x12, 0x0b, 0x09, 0x18, 0x36, 0x04, 0x04, 0x17, 
	0x17, 0x10, 0x04, 0x07, 0x11, 0x25, 0x18, 0x33, 
	0x15, 0x06, 0x16, 0x10, 0x12, 0x00, 0x25, 0x25, 
	0x0d, 0x0d, 0x2a, 0x0a, 0x2c, 0x2c, 0x01, 0x01, 
	0x01, 0x12, 0x24, 0x25, 0x0c, 0x08, 0x12, 0x24, 
	0x0a, 0x1a, 0x04, 0x16, 0x04, 0x11, 0x0a, 0x2a, 
	0x11, 0x1b, 0x34, 0x37, 0x37, 0x18, 0x25, 0x25, 
	0x0a, 0x0a, 0x2a, 0x2a, 0x20, 0x24, 0x10, 0x01, 
	0x01, 0x00, 0x2e, 0x25, 0x39, 0x0f, 0x01, 0x20, 
	0x20, 0x01, 0x0f, 0x12, 0x08, 0x05, 0x1a, 0x25, 
	0x3a, 0x28, 0x01, 0x2a, 0x2a, 0x26, 0x2a, 0x2a, 
	0x14, 0x11, 0x26, 0x0d, 0x24, 0x24, 0x24, 0x09, 
	0x13, 0x00, 0x00, 0x18, 0x00, 0x23, 0x24, 0x0d, 
	0x0d, 0x23, 0x24, 0x24, 0x0f, 0x06, 0x31, 0x0d, 
	0x2a, 0x1f, 0x18, 0x24, 0x10, 0x18, 0x0a, 0x11, 
	0x14, 0x11, 0x26, 0x0d, 0x28, 0x0f, 0x2b, 0x1a, 
	0x10, 0x0c, 0x2c, 0x10, 0x24, 0x27, 0x20, 0x2a, 
	0x3b, 0x27, 0x1c, 0x20, 0x01, 0x04, 0x10, 0x29, 
	0x2c, 0x18, 0x1f, 0x24, 0x24, 0x0a, 0x1a, 0x1a, 
	0x3a, 0x0d, 0x25, 0x0d, 0x30, 0x02, 0x28, 0x37, 
	0x2a, 0x31, 0x08, 0x09, 0x20, 0x20, 0x24, 0x10, 
	0x20, 0x27, 0x27, 0x10, 0x21, 0x17, 0x2b, 0x14, 
	0x0f, 0x34, 0x13, 0x3a, 0x0d, 0x0d, 0x24, 0x24, 
	0x25, 0x25, 0x25, 0x18, 0x14, 0x1b, 0x0f, 0x1f, 
	0x0a, 0x16, 0x02, 0x14, 0x11, 0x10, 0x12, 0x00, 
	0x10, 0x00, 0x00, 0x01, 0x08, 0x04, 0x30, 0x1f, 
	0x1a, 0x3c, 0x1a, 0x18, 0x25, 0x26, 0x20, 0x20, 
	0x26, 0x25, 0x11, 0x07, 0x12, 0x0a, 0x29, 0x0f, 
	0x16, 0x05, 0x02, 0x16, 0x01, 0x14, 0x01, 0x12, 
	0x12, 0x00, 0x09, 0x00, 0x0f, 0x02, 0x16, 0x2c, 
	0x00, 0x37, 0x25, 0x1f, 0x18, 0x18, 0x20, 0x20, 
	0x20, 0x20, 0x04, 0x22, 0x11, 0x0a, 0x15, 0x04, 
	0x07, 0x06, 0x05, 0x16, 0x14, 0x0a, 0x00, 0x07, 
	0x07, 0x00, 0x01, 0x11, 0x01, 0x06, 0x08, 0x0f, 
	0x13, 0x3a, 0x26, 0x37, 0x00, 0x20, 0x20, 0x20, 
	0x00, 0x01, 0x08, 0x17, 0x01, 0x0b, 0x1b, 0x03, 
	0x16, 0x2f, 0x16, 0x14, 0x11, 0x00, 0x00, 0x07, 
	0x07, 0x03, 0x00, 0x11, 0x10, 0x2c, 0x34, 0x13, 
	0x1a, 0x35, 0x2a, 0x11, 0x12, 0x19, 0x0a, 0x20, 
	0x00, 0x01, 0x02, 0x17, 0x01, 0x0b, 0x1b, 0x03, 
	0x06, 0x2f, 0x16, 0x14, 0x11, 0x00, 0x00, 0x07, 
	0x04, 0x03, 0x00, 0x11, 0x11, 0x1a, 0x34, 0x13, 
	0x1a, 0x35, 0x2a, 0x11, 0x03, 0x19, 0x0a, 0x20, 
	
};

Gfx title__31_ci8_pal_rgba16_aligner[] = {gsSPEndDisplayList()};
u8 title__31_ci8_pal_rgba16[] = {
	0x55, 0x45, 0x55, 0x05, 0x44, 0x09, 0x44, 0xc5, 
	0x44, 0x89, 0x44, 0x05, 0x44, 0x47, 0x44, 0xc9, 
	0x44, 0x49, 0x54, 0xc5, 0x55, 0x89, 0x44, 0x85, 
	0x5d, 0x45, 0x66, 0x09, 0x54, 0xc9, 0x4c, 0xc7, 
	0x55, 0x47, 0x55, 0x49, 0x4c, 0xc5, 0x54, 0xc7, 
	0x55, 0x09, 0x44, 0xc7, 0x44, 0x87, 0x4c, 0xc9, 
	0x5d, 0xc9, 0x54, 0x85, 0x55, 0x07, 0x44, 0x45, 
	0x55, 0xc7, 0x5d, 0xc5, 0x5d, 0x85, 0x5d, 0x89, 
	0x55, 0xc9, 0x4c, 0x89, 0x4c, 0x49, 0x55, 0x85, 
	0x55, 0x87, 0x66, 0x49, 0x6e, 0x49, 0x55, 0xc5, 
	0x4c, 0x85, 0x4d, 0x47, 0x5e, 0x09, 0x5d, 0x47, 
	0x4d, 0x07, 0x54, 0x87, 0x5d, 0xc7, 0x44, 0x07, 
	0x4d, 0x09, 0x4d, 0x49, 0x4c, 0x47, 0x4d, 0x05, 
	0x4c, 0x87, 0x65, 0xc7, 0x5d, 0x49, 0x5d, 0x87, 
	0x4c, 0x09, 0x5d, 0x05, 0x65, 0xc9, 0x5e, 0x07, 
	0x54, 0x45, 
};

Gfx title_k12_kb16_ci4_aligner[] = {gsSPEndDisplayList()};
u8 title_k12_kb16_ci4[] = {
	0x01, 0x23, 0x34, 0x53, 0x55, 0x53, 0x66, 0x26, 
	0x66, 0x22, 0x26, 0x66, 0x66, 0x66, 0x66, 0x66, 
	0x11, 0x22, 0x54, 0x75, 0x45, 0x44, 0x44, 0x55, 
	0x74, 0x48, 0x53, 0x33, 0x36, 0x53, 0x36, 0x66, 
	0x11, 0x89, 0x77, 0x47, 0x54, 0x77, 0x47, 0x77, 
	0x55, 0x57, 0x45, 0x55, 0x55, 0x35, 0x55, 0x66, 
	0x11, 0x89, 0x74, 0x77, 0x55, 0x57, 0xa4, 0x44, 
	0x44, 0x33, 0x47, 0x55, 0x54, 0x33, 0x54, 0x66, 
	0x11, 0x3a, 0x97, 0x44, 0x54, 0x55, 0x7a, 0x74, 
	0x55, 0x55, 0x44, 0x44, 0x55, 0x43, 0x23, 0x66, 
	0x01, 0x3a, 0x47, 0x47, 0x44, 0x55, 0x33, 0x55, 
	0x45, 0x52, 0x44, 0x55, 0x32, 0x34, 0x33, 0x26, 
	0x01, 0x84, 0x77, 0x45, 0x75, 0x44, 0x45, 0x55, 
	0x34, 0x44, 0x35, 0x55, 0x35, 0x55, 0x53, 0x66, 
	0x01, 0x87, 0x47, 0xa4, 0x57, 0x74, 0x74, 0x55, 
	0x44, 0x44, 0x74, 0x44, 0x45, 0x55, 0x55, 0x26, 
	0x01, 0x67, 0x44, 0x54, 0x45, 0xa4, 0x77, 0x44, 
	0x77, 0x45, 0x47, 0x45, 0x54, 0x45, 0x55, 0x36, 
	0x01, 0x64, 0x47, 0x47, 0x74, 0x54, 0x55, 0x74, 
	0x44, 0x44, 0x45, 0x55, 0x44, 0x45, 0x55, 0x32, 
	0x01, 0x34, 0x7a, 0x74, 0x7a, 0x75, 0x55, 0x54, 
	0x45, 0x74, 0x34, 0x54, 0x44, 0x74, 0x33, 0x22, 
	0x01, 0x34, 0x55, 0x74, 0x77, 0x55, 0x33, 0x34, 
	0x45, 0x55, 0x53, 0x44, 0x54, 0x45, 0x55, 0x22, 
	0x01, 0x8a, 0x44, 0x47, 0x45, 0x55, 0x44, 0x53, 
	0x33, 0x55, 0x54, 0x54, 0x54, 0x85, 0x48, 0x82, 
	0x01, 0x3a, 0x44, 0x44, 0x44, 0x47, 0x4a, 0x4b, 
	0xb5, 0x34, 0x54, 0x44, 0x5c, 0xb4, 0x88, 0x22, 
	0x01, 0x3a, 0x47, 0x47, 0xa4, 0x4d, 0xaa, 0xa7, 
	0xea, 0x5c, 0xe5, 0x34, 0x53, 0x45, 0x45, 0x22, 
	0x01, 0x37, 0x44, 0xa7, 0x7a, 0x77, 0x7a, 0xaa, 
	0xac, 0xe8, 0x54, 0xc4, 0x35, 0x44, 0x45, 0x22, 
	0x11, 0x37, 0x77, 0x74, 0x7a, 0x7a, 0x44, 0x55, 
	0x77, 0xc4, 0x44, 0x54, 0x32, 0x35, 0x74, 0x22, 
	0x01, 0x34, 0x44, 0x47, 0xaa, 0xde, 0x4e, 0x94, 
	0x47, 0x44, 0xcc, 0x55, 0x33, 0x22, 0x64, 0x22, 
	0x01, 0x65, 0x37, 0x47, 0x77, 0x9a, 0x74, 0x7a, 
	0x77, 0x74, 0x44, 0xe4, 0x75, 0x55, 0x33, 0x22, 
	0x11, 0x34, 0x4a, 0x7a, 0x77, 0x4a, 0x44, 0x54, 
	0x34, 0x44, 0x45, 0x44, 0x54, 0x45, 0x35, 0x22, 
	0x11, 0x35, 0xaa, 0x74, 0x77, 0x44, 0x57, 0x57, 
	0x45, 0x45, 0x54, 0x44, 0x55, 0x55, 0x23, 0x26, 
	0x11, 0x34, 0xa7, 0x77, 0x5a, 0x44, 0x47, 0x74, 
	0x77, 0x54, 0x54, 0x45, 0xb5, 0x52, 0x53, 0x66, 
	0xf0, 0x37, 0xa4, 0x7a, 0x79, 0xa4, 0x74, 0x53, 
	0x55, 0x53, 0x55, 0x44, 0xbc, 0xe8, 0x88, 0x66, 
	0x01, 0x37, 0xa7, 0xaa, 0xdc, 0x77, 0x44, 0x55, 
	0x44, 0x45, 0x5b, 0x4c, 0xbb, 0xbb, 0x88, 0x66, 
	0x01, 0x4a, 0x77, 0x47, 0xa9, 0xe4, 0x45, 0x33, 
	0x55, 0x5e, 0xee, 0x77, 0xdd, 0x8b, 0x5b, 0x66, 
	0x01, 0x3a, 0x74, 0x54, 0x77, 0xe4, 0x77, 0xcc, 
	0x47, 0xdb, 0xc4, 0x44, 0xee, 0xbb, 0xbb, 0x66, 
	0x11, 0x57, 0x47, 0x74, 0x77, 0x7e, 0xce, 0xdd, 
	0xed, 0x4b, 0x54, 0x47, 0xed, 0xbb, 0xb4, 0x26, 
	0x01, 0x37, 0x77, 0x77, 0x77, 0x74, 0xe7, 0xc7, 
	0xed, 0xbe, 0xc4, 0x44, 0xee, 0xdb, 0x44, 0x66, 
	0x01, 0x67, 0x75, 0x44, 0xaa, 0x77, 0x77, 0x4e, 
	0xec, 0x47, 0x74, 0x48, 0x77, 0xeb, 0x55, 0x66, 
	0x01, 0x6a, 0x74, 0x44, 0x45, 0x47, 0x47, 0x44, 
	0xcc, 0x74, 0x47, 0x74, 0x55, 0x84, 0x54, 0x36, 
	0x01, 0x3a, 0xa7, 0x77, 0xaa, 0x7d, 0x44, 0x47, 
	0x44, 0x74, 0x55, 0x44, 0x44, 0x44, 0x54, 0x66, 
	0x11, 0x3a, 0x77, 0x7a, 0xaa, 0xda, 0xe4, 0x54, 
	0x77, 0xc4, 0x55, 0x44, 0x74, 0x84, 0x54, 0x36, 
	0x01, 0x3a, 0x75, 0x47, 0x7a, 0xaa, 0x77, 0x47, 
	0x44, 0x4e, 0x73, 0x55, 0x77, 0xc8, 0x55, 0x36, 
	0x01, 0x3a, 0xa7, 0xaa, 0x77, 0x79, 0x77, 0x44, 
	0x45, 0xc4, 0x74, 0x52, 0x54, 0x85, 0x55, 0x66, 
	0x11, 0x57, 0x77, 0xa7, 0xaa, 0xea, 0xe8, 0x35, 
	0x44, 0x57, 0x77, 0x44, 0x35, 0x55, 0x54, 0x36, 
	0x01, 0x4a, 0xaa, 0xa7, 0x77, 0x77, 0xe4, 0x43, 
	0x44, 0x47, 0x44, 0x44, 0xb4, 0x85, 0x55, 0x36, 
	0xf1, 0xbc, 0xe7, 0x77, 0x7e, 0xed, 0x7e, 0xc4, 
	0xc4, 0xbc, 0x44, 0x44, 0xc3, 0x55, 0x33, 0x36, 
	0x11, 0xd9, 0x77, 0x77, 0xea, 0x9e, 0x77, 0xc4, 
	0x4c, 0xbc, 0xe4, 0x45, 0xc8, 0x35, 0x33, 0x26, 
	0x11, 0x47, 0x77, 0x77, 0xa7, 0x77, 0x77, 0xee, 
	0xd7, 0xc4, 0x44, 0x44, 0x45, 0x58, 0x55, 0x66, 
	0x01, 0x47, 0xa4, 0x77, 0xec, 0x77, 0x74, 0x74, 
	0x4e, 0xe4, 0x47, 0x54, 0xe4, 0x8b, 0x54, 0x26, 
	0x11, 0x99, 0xee, 0x7a, 0xd7, 0xcc, 0xe7, 0xc4, 
	0x83, 0x57, 0x44, 0x55, 0x54, 0xb8, 0x48, 0x66, 
	0x01, 0xd9, 0xad, 0x77, 0xe7, 0xea, 0xee, 0xe4, 
	0x44, 0x55, 0x45, 0x35, 0x54, 0xb8, 0x48, 0x66, 
	0x01, 0xe9, 0x9a, 0x7a, 0xa7, 0xaa, 0x7a, 0xec, 
	0x55, 0x44, 0xee, 0x74, 0x45, 0x55, 0x55, 0x66, 
	0x01, 0x39, 0x9a, 0x7a, 0xa7, 0xa7, 0x9d, 0x99, 
	0x77, 0xa7, 0x45, 0x58, 0x55, 0x53, 0x33, 0x26, 
	0x01, 0x28, 0x83, 0x88, 0x33, 0x57, 0x86, 0x38, 
	0x22, 0x66, 0x36, 0x66, 0x55, 0x53, 0x33, 0x66, 
	0x01, 0x8b, 0xcc, 0xcc, 0x54, 0x44, 0xcb, 0x88, 
	0xe8, 0x8b, 0x83, 0x88, 0x55, 0x32, 0x32, 0x66, 
	0x01, 0xb9, 0x9d, 0xae, 0xe7, 0xee, 0xed, 0xdc, 
	0xd9, 0xdd, 0xdb, 0xbb, 0xbb, 0xb8, 0xb8, 0x26, 
	0x01, 0xbd, 0x9a, 0xaa, 0xda, 0xdd, 0xde, 0xde, 
	0x88, 0xde, 0xeb, 0xee, 0xbc, 0xbb, 0x88, 0x26, 
	0x01, 0xcd, 0xde, 0xee, 0xd9, 0x9d, 0xde, 0xdc, 
	0xd9, 0xde, 0xdd, 0x9d, 0xed, 0xce, 0xbb, 0x26, 
	0x01, 0x89, 0x97, 0xed, 0xdd, 0xdd, 0xdd, 0xdd, 
	0xcc, 0xee, 0xd9, 0x99, 0xdc, 0xbb, 0x48, 0x36, 
	0x00, 0x67, 0xaa, 0x9d, 0xde, 0xde, 0xee, 0xcd, 
	0xde, 0xde, 0xed, 0xed, 0xeb, 0xcb, 0x88, 0x66, 
	0x01, 0x87, 0xaa, 0x99, 0x7a, 0xed, 0xde, 0xde, 
	0xdd, 0xdc, 0xde, 0xed, 0xdd, 0xee, 0xc8, 0x66, 
	0x01, 0x8e, 0x9a, 0xce, 0xdc, 0xaa, 0xaa, 0xad, 
	0xdd, 0xdd, 0xdc, 0xdd, 0xcc, 0xb8, 0xbb, 0x26, 
	0x11, 0xcd, 0x9e, 0xde, 0xac, 0x44, 0x47, 0xde, 
	0xdd, 0xdd, 0xec, 0xed, 0xeb, 0xcc, 0xcb, 0x36, 
	0x01, 0xba, 0x97, 0x9a, 0x99, 0xdd, 0xee, 0xcc, 
	0xee, 0xce, 0xed, 0xdd, 0xdd, 0xdb, 0xb8, 0x36, 
	0xf1, 0xb9, 0xda, 0x7a, 0xdd, 0xdd, 0xec, 0xec, 
	0xcc, 0xce, 0xde, 0xdd, 0xee, 0xde, 0xb8, 0x26, 
	0x11, 0x59, 0xdd, 0xad, 0xde, 0x7a, 0x4c, 0xee, 
	0x4d, 0xd7, 0xcb, 0x7e, 0xde, 0xe8, 0x8b, 0x86, 
	0x11, 0x2a, 0x9a, 0xa9, 0xac, 0x4e, 0xe4, 0x44, 
	0x4c, 0x4e, 0x44, 0x44, 0x4c, 0x8b, 0xb8, 0x36, 
	0x11, 0xb9, 0xda, 0xaa, 0x99, 0xe4, 0xc7, 0x7e, 
	0xeb, 0x8b, 0xbb, 0xcc, 0xcc, 0xcc, 0xc3, 0x86, 
	0x00, 0x89, 0xaa, 0xa7, 0x79, 0xdd, 0xec, 0x4c, 
	0xce, 0xdc, 0xee, 0xde, 0xcc, 0xee, 0xbb, 0x86, 
	0x11, 0x8a, 0xa7, 0xdc, 0xaa, 0xde, 0x7a, 0xee, 
	0xdc, 0xcc, 0x44, 0x74, 0xde, 0xcb, 0xbc, 0x36, 
	0x11, 0x8a, 0x9e, 0xdc, 0x9a, 0xe7, 0x77, 0x74, 
	0xcc, 0x44, 0x74, 0xed, 0xed, 0xcc, 0x33, 0x56, 
	0x11, 0x47, 0x4a, 0xa7, 0xee, 0x77, 0x47, 0xd4, 
	0x77, 0x54, 0x44, 0x5a, 0xac, 0xcc, 0x43, 0x22, 
	0x1f, 0x8a, 0x74, 0xaa, 0xd7, 0x77, 0xe7, 0xcc, 
	0x74, 0x55, 0x35, 0x44, 0xe4, 0x44, 0x84, 0x22, 
	0xf0, 0x37, 0x77, 0xee, 0xee, 0xcc, 0xc4, 0xcc, 
	0xc4, 0xb4, 0xcb, 0xb8, 0x4c, 0x5b, 0x83, 0x26, 
	0x01, 0x39, 0xaa, 0xee, 0xdd, 0xec, 0xce, 0xcc, 
	0x44, 0x44, 0xca, 0xcb, 0x5b, 0x5b, 0x88, 0x22, 
	0x01, 0x8a, 0xaa, 0xee, 0xde, 0xed, 0xde, 0xd4, 
	0x4c, 0xcc, 0x4b, 0xbc, 0xcc, 0xc8, 0xb3, 0x22, 
	0x11, 0x8c, 0x7a, 0xea, 0xec, 0xee, 0xdd, 0xec, 
	0xec, 0x7c, 0xcc, 0x4e, 0xb4, 0xbc, 0xb8, 0x66, 
	0xff, 0xba, 0x44, 0xaa, 0xde, 0xde, 0xcd, 0xde, 
	0xde, 0xee, 0xde, 0xbb, 0xa7, 0xce, 0xeb, 0x66, 
	0x00, 0xca, 0x77, 0x7a, 0xee, 0xe9, 0xdc, 0xdd, 
	0xdd, 0xec, 0xcc, 0xe8, 0x44, 0x4b, 0xeb, 0x56, 
	0x10, 0x87, 0x54, 0x77, 0x7d, 0xdd, 0xd7, 0xa7, 
	0xec, 0xce, 0xce, 0xcc, 0xce, 0xb5, 0xb8, 0x36, 
	0x10, 0x87, 0x54, 0x7a, 0xd7, 0x77, 0x44, 0x7e, 
	0xde, 0xeb, 0x44, 0xee, 0xdb, 0xbc, 0xc3, 0x36, 
	0x10, 0x89, 0xe4, 0xe9, 0xee, 0x47, 0x74, 0x44, 
	0x4c, 0xec, 0x88, 0x4e, 0xec, 0xdc, 0x83, 0x36, 
	0x01, 0xb9, 0xe4, 0xe9, 0xee, 0x44, 0x74, 0x54, 
	0x4c, 0xec, 0xeb, 0xe5, 0xec, 0xdc, 0x83, 0x56, 
	0x01, 0xca, 0xe4, 0x77, 0x77, 0x77, 0x74, 0x44, 
	0x44, 0x44, 0xec, 0x4e, 0xce, 0xee, 0x83, 0x56, 
	0x01, 0x89, 0x77, 0x74, 0x44, 0x77, 0x74, 0x4c, 
	0x45, 0x44, 0x47, 0x4e, 0xce, 0xec, 0xb3, 0x53, 
	0x01, 0xc9, 0x74, 0x44, 0x47, 0x44, 0xe4, 0x77, 
	0x84, 0xc4, 0xed, 0xe4, 0xc5, 0xcb, 0xdc, 0x56, 
	0x01, 0xbd, 0xa4, 0x47, 0x45, 0x47, 0xd4, 0x77, 
	0x44, 0x45, 0x44, 0x7c, 0x54, 0x88, 0xb5, 0x56, 
	0x11, 0x87, 0x9a, 0x77, 0x77, 0x7a, 0x97, 0xea, 
	0x44, 0xce, 0xc4, 0x5b, 0x5c, 0xbc, 0xbb, 0xb3, 
	0xf1, 0x88, 0x54, 0x77, 0x74, 0x74, 0x77, 0xed, 
	0xc4, 0x4c, 0xbd, 0xeb, 0xed, 0xcb, 0xbc, 0xb2, 
	0x01, 0x8c, 0xa4, 0x77, 0xc7, 0x47, 0xa7, 0xec, 
	0xee, 0x7e, 0xe7, 0x74, 0x44, 0x4b, 0xd4, 0x46, 
	0x01, 0x8c, 0xa7, 0x7e, 0xee, 0x75, 0xe7, 0xc4, 
	0x77, 0x44, 0xc4, 0x44, 0x44, 0xec, 0xcb, 0x86, 
	0x01, 0x8c, 0xa7, 0x7e, 0xae, 0xd7, 0x77, 0x44, 
	0x4e, 0xcc, 0x44, 0x44, 0x45, 0x7e, 0x45, 0x86, 
	0x01, 0x8c, 0xa7, 0xaa, 0xec, 0x7d, 0x44, 0x77, 
	0x44, 0xc4, 0x45, 0x53, 0x34, 0x54, 0x53, 0x86, 
	0x01, 0x87, 0x9a, 0xaa, 0xde, 0x77, 0xe4, 0x4c, 
	0xe4, 0x47, 0x44, 0xb8, 0x44, 0x4b, 0xc8, 0x86, 
	0x11, 0x87, 0xa7, 0xaa, 0xa7, 0x77, 0xad, 0xec, 
	0xec, 0x44, 0x47, 0xcb, 0xc4, 0xbb, 0xc4, 0x86, 
	0x01, 0x3a, 0xaa, 0x7d, 0x9e, 0x9a, 0xcd, 0x9b, 
	0x4c, 0xc4, 0x44, 0x7e, 0xc8, 0xc8, 0x55, 0x86, 
	0x10, 0x3b, 0xaa, 0xd7, 0xe4, 0x94, 0x79, 0x9c, 
	0xec, 0x44, 0x44, 0x44, 0xb4, 0x5b, 0x55, 0x56, 
	0xf0, 0xbe, 0x9a, 0x7e, 0xaa, 0x4a, 0x77, 0x77, 
	0x47, 0x74, 0x44, 0x74, 0x74, 0x74, 0x32, 0x36, 
	0x00, 0x8b, 0x99, 0x99, 0xac, 0xe7, 0xaa, 0x7a, 
	0xde, 0x7a, 0x77, 0x47, 0xe4, 0x55, 0x83, 0x36, 
	0x00, 0x22, 0x88, 0x44, 0xaa, 0xde, 0x47, 0xcc, 
	0x44, 0x66, 0x34, 0x44, 0x37, 0x74, 0x55, 0x32, 
	0x0f, 0x33, 0x33, 0x36, 0x63, 0x32, 0x35, 0x83, 
	0x55, 0x44, 0x26, 0x23, 0x36, 0x22, 0x66, 0x66, 
	0x00, 0x8c, 0xcd, 0xee, 0x35, 0x57, 0xaa, 0xaa, 
	0x44, 0xcb, 0xcc, 0xbc, 0xcb, 0x48, 0x25, 0x36, 
	0x00, 0x1b, 0xec, 0xae, 0x77, 0x4a, 0xcc, 0x44, 
	0x55, 0x88, 0x4c, 0x8c, 0xeb, 0x44, 0x53, 0x56, 
	0x00, 0x88, 0x74, 0x44, 0xbe, 0xdd, 0x9d, 0xe4, 
	0x4c, 0xb3, 0x44, 0x44, 0xbb, 0x8b, 0x53, 0x66, 
	0x01, 0x8c, 0x44, 0x49, 0xed, 0xde, 0xee, 0xde, 
	0xcb, 0xc8, 0x88, 0x44, 0x44, 0xc8, 0x44, 0x36, 
	0x11, 0x3b, 0x2a, 0xdd, 0xa7, 0xae, 0xde, 0xed, 
	0xdd, 0xdc, 0xbb, 0xcd, 0xee, 0xeb, 0xbb, 0x86, 
	0x11, 0xba, 0x4a, 0xec, 0x7e, 0xad, 0xdd, 0xdd, 
	0xdd, 0xed, 0xdc, 0xcd, 0xdd, 0xcb, 0xcb, 0x86, 
	0x01, 0x88, 0xdd, 0xde, 0xec, 0x77, 0x7d, 0xdd, 
	0xdd, 0xdd, 0xec, 0xdc, 0xb4, 0xbc, 0xbc, 0xb6, 
	0x11, 0xbc, 0xe9, 0x9d, 0x9d, 0x7e, 0x77, 0xce, 
	0xde, 0xde, 0xee, 0xdd, 0xbb, 0xee, 0xbb, 0xb6, 
	0x11, 0xbc, 0x7a, 0xd9, 0x9d, 0x9a, 0xce, 0xcc, 
	0xed, 0xcd, 0xdd, 0xdd, 0xcd, 0xc4, 0xbc, 0xc6, 
	0x0f, 0x8d, 0x77, 0xde, 0xd7, 0xee, 0xee, 0xe7, 
	0xce, 0xcc, 0xcb, 0xc4, 0x4c, 0xce, 0xbe, 0xe6, 
	0x00, 0x8c, 0x77, 0xa7, 0xe4, 0xed, 0x74, 0xe4, 
	0xee, 0xdc, 0xc8, 0x54, 0x74, 0x4c, 0xbb, 0xb6, 
	0x00, 0x8e, 0xa7, 0xa7, 0xde, 0x4c, 0xcc, 0x7c, 
	0x74, 0x57, 0x44, 0x54, 0x84, 0xbc, 0xb8, 0xb6, 
	0x11, 0xbe, 0x77, 0x77, 0x7a, 0xcc, 0x44, 0xcc, 
	0xce, 0xbc, 0x4d, 0xce, 0xeb, 0xbb, 0xbb, 0x86, 
	0x00, 0xbe, 0xa7, 0x7a, 0xaa, 0xed, 0xac, 0xea, 
	0xee, 0xdb, 0xee, 0xc4, 0xe4, 0xce, 0xcc, 0x86, 
	0xf1, 0x8b, 0xd7, 0xa4, 0xdd, 0xd4, 0x7e, 0x47, 
	0xeb, 0x47, 0x44, 0xee, 0xdd, 0xee, 0xee, 0xb6, 
	0xf1, 0xbb, 0xd9, 0xda, 0x4e, 0x44, 0x77, 0x77, 
	0x44, 0x47, 0x75, 0xed, 0xed, 0xdb, 0xbe, 0xd6, 
	0x01, 0x8a, 0x49, 0x77, 0xec, 0x9d, 0xce, 0x4c, 
	0xb4, 0x45, 0x84, 0x4a, 0xdd, 0xdd, 0xcb, 0x86, 
	0xf1, 0x8a, 0x77, 0x9a, 0xde, 0xd9, 0xdd, 0xd4, 
	0x4b, 0x54, 0x85, 0x7a, 0xee, 0xed, 0xeb, 0x86, 
	0x01, 0x8a, 0x57, 0xd9, 0xc9, 0xe9, 0x99, 0x99, 
	0xec, 0xbc, 0xdc, 0x4c, 0xed, 0xdd, 0xbb, 0x86, 
	0x11, 0x88, 0x77, 0xad, 0xde, 0xe4, 0x79, 0x99, 
	0xed, 0xed, 0xcc, 0xcb, 0xd9, 0xdb, 0xb8, 0x86, 
	0x11, 0x87, 0x77, 0xaa, 0xdd, 0xe7, 0xcc, 0x9e, 
	0xed, 0xee, 0xdd, 0xde, 0xbe, 0xdd, 0xdb, 0x66, 
	0x01, 0x84, 0x44, 0x7a, 0xdd, 0xe7, 0xec, 0xce, 
	0xeb, 0xdd, 0xdc, 0xde, 0xcd, 0x9e, 0xdc, 0x86, 
	0x11, 0x37, 0xa4, 0x77, 0xd7, 0x74, 0x57, 0x7c, 
	0xce, 0xce, 0xee, 0xee, 0xbd, 0xed, 0xbb, 0x86, 
	0x01, 0x3a, 0xa7, 0x57, 0x4d, 0xce, 0x47, 0x45, 
	0x44, 0xc4, 0xc8, 0x59, 0xdb, 0xdd, 0xbc, 0x86, 
	0x01, 0x37, 0x74, 0x44, 0x74, 0x44, 0x47, 0x77, 
	0x4c, 0xb5, 0x7d, 0x47, 0xeb, 0xcc, 0x44, 0xb6, 
	0x01, 0x54, 0x4a, 0xa7, 0xe7, 0x47, 0x73, 0x44, 
	0xee, 0xb8, 0x54, 0x48, 0xbe, 0xdb, 0x44, 0xb6, 
	0xf0, 0xba, 0x54, 0x47, 0x77, 0xcc, 0xcb, 0x54, 
	0x47, 0xcb, 0x8b, 0xcb, 0xbb, 0x48, 0x55, 0x56, 
	0xf0, 0x3a, 0x74, 0x77, 0x7e, 0xec, 0xee, 0x55, 
	0xe7, 0xdd, 0xdc, 0xeb, 0xcc, 0x83, 0x33, 0x66, 
	0x11, 0xb9, 0x9e, 0xee, 0x77, 0xe7, 0xee, 0xe8, 
	0x4c, 0xcb, 0xdd, 0xdb, 0xb4, 0x44, 0x54, 0x32, 
	0x01, 0xb9, 0x9d, 0xee, 0x47, 0x77, 0xcd, 0xdb, 
	0x4c, 0xcc, 0xbc, 0xec, 0xb4, 0x54, 0x55, 0x32, 
	0x01, 0xb9, 0x9d, 0xec, 0xe4, 0x4e, 0xdd, 0x9e, 
	0xec, 0xcd, 0xde, 0xbc, 0xbb, 0x54, 0xb5, 0x66, 
	0x01, 0x89, 0x9d, 0xac, 0x4e, 0x77, 0xed, 0xdd, 
	0xee, 0xec, 0xee, 0xce, 0xee, 0xbb, 0x88, 0x86, 
	0x01, 0xbd, 0xd9, 0xdd, 0x7a, 0xcc, 0x77, 0xdd, 
	0xed, 0xcc, 0xbc, 0xcc, 0xcb, 0xc4, 0xb8, 0x52, 
	0x01, 0x89, 0xee, 0xe7, 0x7a, 0xe4, 0x44, 0xc7, 
	0xed, 0xdd, 0xbe, 0xbb, 0xbb, 0xbb, 0xc8, 0x33, 
	0x01, 0x37, 0x9a, 0xea, 0xd9, 0x99, 0x9e, 0xdb, 
	0x4d, 0xde, 0xbc, 0xbb, 0x55, 0x47, 0x45, 0x22, 
	0x00, 0x63, 0x44, 0xee, 0xce, 0xed, 0xdd, 0x99, 
	0xde, 0xdd, 0xb4, 0xc8, 0x53, 0x33, 0x36, 0x66, 
	
};

Gfx title_k12_kb16_ci4_pal_rgba16_aligner[] = {gsSPEndDisplayList()};
u8 title_k12_kb16_ci4_pal_rgba16[] = {
	0x8b, 0x13, 0x6a, 0x0d, 0x08, 0x89, 0x21, 0x4f, 
	0x42, 0x99, 0x2a, 0x15, 0x08, 0x45, 0x53, 0x5d, 
	0x32, 0x11, 0x84, 0xe7, 0x6c, 0x21, 0x4a, 0xd7, 
	0x53, 0x5b, 0x6c, 0x1f, 0x63, 0x9d, 0xac, 0x5d, 
	
};

Vtx title_Icosphere_mesh_layer_1_vtx_0[105] = {
	{{{0, -1163, 0},0, {-342, 495},{0x0, 0x81, 0x0, 0x0}}},
	{{{238, -448, 103},0, {-296, 415},{0x32, 0x99, 0x37, 0x0}}},
	{{{-91, -448, 167},0, {-389, 415},{0xF3, 0x9D, 0x4E, 0x0}}},
	{{{147, -277, 270},0, {-342, 334},{0x18, 0xCE, 0x72, 0x0}}},
	{{{896, -520, 388},0, {-249, 334},{0x65, 0xC4, 0x30, 0x0}}},
	{{{330, 0, 270},0, {-296, 254},{0x35, 0xFF, 0x74, 0x0}}},
	{{{533, 0, 103},0, {-203, 254},{0x72, 0x0, 0x38, 0x0}}},
	{{{477, -277, 0},0, {-156, 334},{0x6A, 0xBA, 0x0, 0x0}}},
	{{{238, -448, 103},0, {-203, 415},{0x32, 0x99, 0x37, 0x0}}},
	{{{238, -448, -103},0, {-110, 415},{0x32, 0x99, 0xC9, 0x0}}},
	{{{0, -1163, 0},0, {-156, 495},{0x0, 0x81, 0x0, 0x0}}},
	{{{896, -520, -388},0, {-63, 334},{0x65, 0xC4, 0xD0, 0x0}}},
	{{{533, 0, -103},0, {-110, 254},{0x72, 0x0, 0xC8, 0x0}}},
	{{{330, 0, -270},0, {-17, 254},{0x35, 0xFF, 0x8C, 0x0}}},
	{{{147, -277, -270},0, {30, 334},{0x18, 0xCE, 0x8E, 0x0}}},
	{{{238, -448, -103},0, {-17, 415},{0x32, 0x99, 0xC9, 0x0}}},
	{{{238, -448, -103},0, {-17, 415},{0x32, 0x99, 0xC9, 0x0}}},
	{{{-91, -448, -167},0, {77, 415},{0xF3, 0x9D, 0xB2, 0x0}}},
	{{{147, -277, -270},0, {30, 334},{0x18, 0xCE, 0x8E, 0x0}}},
	{{{0, -1163, 0},0, {30, 495},{0x0, 0x81, 0x0, 0x0}}},
	{{{-342, -520, -628},0, {123, 334},{0xD3, 0xB9, 0xA1, 0x0}}},
	{{{0, 0, -334},0, {77, 254},{0x0, 0x0, 0x81, 0x0}}},
	{{{-330, 0, -270},0, {170, 254},{0xCB, 0x1, 0x8C, 0x0}}},
	{{{-386, -277, -167},0, {216, 334},{0xB0, 0xC5, 0xB1, 0x0}}},
	{{{-91, -448, -167},0, {170, 415},{0xF3, 0x9D, 0xB2, 0x0}}},
	{{{-295, -448, 0},0, {263, 415},{0xC0, 0x92, 0x0, 0x0}}},
	{{{0, -1163, 0},0, {216, 495},{0x0, 0x81, 0x0, 0x0}}},
	{{{-1108, -520, 0},0, {309, 334},{0x8D, 0xCA, 0x0, 0x0}}},
	{{{-533, 0, -103},0, {263, 254},{0x8E, 0x0, 0xC8, 0x0}}},
	{{{-533, 0, 103},0, {356, 254},{0x8E, 0x0, 0x38, 0x0}}},
	{{{-386, -277, 167},0, {402, 334},{0xB0, 0xC5, 0x4F, 0x0}}},
	{{{-295, -448, 0},0, {356, 415},{0xC0, 0x92, 0x0, 0x0}}},
	{{{-295, -448, 0},0, {356, 415},{0xC0, 0x92, 0x0, 0x0}}},
	{{{-91, -448, 167},0, {449, 415},{0xF3, 0x9D, 0x4E, 0x0}}},
	{{{-386, -277, 167},0, {402, 334},{0xB0, 0xC5, 0x4F, 0x0}}},
	{{{0, -1163, 0},0, {402, 495},{0x0, 0x81, 0x0, 0x0}}},
	{{{-342, -520, 628},0, {495, 334},{0xD3, 0xB9, 0x5F, 0x0}}},
	{{{-330, 0, 270},0, {449, 254},{0xCB, 0x1, 0x74, 0x0}}},
	{{{-533, 0, 103},0, {356, 254},{0x8E, 0x0, 0x38, 0x0}}},
	{{{-896, 520, 388},0, {402, 173},{0x9B, 0x3C, 0x30, 0x0}}},
	{{{-477, 277, 0},0, {309, 173},{0x96, 0x46, 0x0, 0x0}}},
	{{{-238, 448, 103},0, {356, 92},{0xCE, 0x67, 0x37, 0x0}}},
	{{{-238, 448, -103},0, {263, 92},{0xCE, 0x67, 0xC9, 0x0}}},
	{{{0, 1163, 0},0, {309, 12},{0x0, 0x7F, 0x0, 0x0}}},
	{{{-896, 520, -388},0, {216, 173},{0x9B, 0x3C, 0xD0, 0x0}}},
	{{{-533, 0, -103},0, {263, 254},{0x8E, 0x0, 0xC8, 0x0}}},
	{{{-330, 0, -270},0, {170, 254},{0xCB, 0x1, 0x8C, 0x0}}},
	{{{-147, 277, -270},0, {123, 173},{0xE8, 0x32, 0x8E, 0x0}}},
	{{{-147, 277, -270},0, {123, 173},{0xE8, 0x32, 0x8E, 0x0}}},
	{{{-896, 520, -388},0, {216, 173},{0x9B, 0x3C, 0xD0, 0x0}}},
	{{{-238, 448, -103},0, {170, 92},{0xCE, 0x67, 0xC9, 0x0}}},
	{{{91, 448, -167},0, {77, 92},{0xD, 0x63, 0xB2, 0x0}}},
	{{{0, 1163, 0},0, {123, 12},{0x0, 0x7F, 0x0, 0x0}}},
	{{{342, 520, -628},0, {30, 173},{0x2D, 0x47, 0xA1, 0x0}}},
	{{{0, 0, -334},0, {77, 254},{0x0, 0x0, 0x81, 0x0}}},
	{{{330, 0, -270},0, {-17, 254},{0x35, 0xFF, 0x8C, 0x0}}},
	{{{386, 277, -167},0, {-63, 173},{0x50, 0x3B, 0xB1, 0x0}}},
	{{{91, 448, -167},0, {-17, 92},{0xD, 0x63, 0xB2, 0x0}}},
	{{{295, 448, 0},0, {-110, 92},{0x40, 0x6E, 0x0, 0x0}}},
	{{{0, 1163, 0},0, {-63, 12},{0x0, 0x7F, 0x0, 0x0}}},
	{{{1108, 520, 0},0, {-156, 173},{0x73, 0x36, 0x0, 0x0}}},
	{{{533, 0, -103},0, {-110, 254},{0x72, 0x0, 0xC8, 0x0}}},
	{{{533, 0, 103},0, {-203, 254},{0x72, 0x0, 0x38, 0x0}}},
	{{{386, 277, 167},0, {-249, 173},{0x50, 0x3B, 0x4F, 0x0}}},
	{{{386, 277, 167},0, {-249, 173},{0x50, 0x3B, 0x4F, 0x0}}},
	{{{1108, 520, 0},0, {-156, 173},{0x73, 0x36, 0x0, 0x0}}},
	{{{295, 448, 0},0, {-203, 92},{0x40, 0x6E, 0x0, 0x0}}},
	{{{91, 448, 167},0, {-296, 92},{0xD, 0x63, 0x4E, 0x0}}},
	{{{0, 1163, 0},0, {-249, 12},{0x0, 0x7F, 0x0, 0x0}}},
	{{{342, 520, 628},0, {-342, 173},{0x2D, 0x47, 0x5F, 0x0}}},
	{{{330, 0, 270},0, {-296, 254},{0x35, 0xFF, 0x74, 0x0}}},
	{{{0, 0, 334},0, {-389, 254},{0x0, 0x0, 0x7F, 0x0}}},
	{{{-147, 277, 270},0, {-435, 173},{0xE8, 0x32, 0x72, 0x0}}},
	{{{91, 448, 167},0, {-389, 92},{0xD, 0x63, 0x4E, 0x0}}},
	{{{-238, 448, 103},0, {-482, 92},{0xCE, 0x67, 0x37, 0x0}}},
	{{{0, 1163, 0},0, {-435, 12},{0x0, 0x7F, 0x0, 0x0}}},
	{{{-896, 520, 388},0, {-529, 173},{0x9B, 0x3C, 0x30, 0x0}}},
	{{{-330, 0, 270},0, {-482, 254},{0xCB, 0x1, 0x74, 0x0}}},
	{{{-342, -520, 628},0, {-435, 334},{0xD3, 0xB9, 0x5F, 0x0}}},
	{{{147, -277, 270},0, {-342, 334},{0x18, 0xCE, 0x72, 0x0}}},
	{{{-91, -448, 167},0, {-389, 415},{0xF3, 0x9D, 0x4E, 0x0}}},
	{{{147, -277, 270},0, {-342, 334},{0x18, 0xCE, 0x72, 0x0}}},
	{{{-342, -520, 628},0, {-435, 334},{0xD3, 0xB9, 0x5F, 0x0}}},
	{{{0, 0, 334},0, {-389, 254},{0x0, 0x0, 0x7F, 0x0}}},
	{{{330, 0, 270},0, {-296, 254},{0x35, 0xFF, 0x74, 0x0}}},
	{{{533, 0, -103},0, {-110, 254},{0x72, 0x0, 0xC8, 0x0}}},
	{{{330, 0, -270},0, {-17, 254},{0x35, 0xFF, 0x8C, 0x0}}},
	{{{386, 277, -167},0, {-63, 173},{0x50, 0x3B, 0xB1, 0x0}}},
	{{{0, 0, -334},0, {77, 254},{0x0, 0x0, 0x81, 0x0}}},
	{{{-330, 0, -270},0, {170, 254},{0xCB, 0x1, 0x8C, 0x0}}},
	{{{-147, 277, -270},0, {123, 173},{0xE8, 0x32, 0x8E, 0x0}}},
	{{{-533, 0, -103},0, {263, 254},{0x8E, 0x0, 0xC8, 0x0}}},
	{{{-533, 0, 103},0, {356, 254},{0x8E, 0x0, 0x38, 0x0}}},
	{{{-477, 277, 0},0, {309, 173},{0x96, 0x46, 0x0, 0x0}}},
	{{{533, 0, 103},0, {-203, 254},{0x72, 0x0, 0x38, 0x0}}},
	{{{386, 277, 167},0, {-249, 173},{0x50, 0x3B, 0x4F, 0x0}}},
	{{{330, 0, -270},0, {-17, 254},{0x35, 0xFF, 0x8C, 0x0}}},
	{{{147, -277, -270},0, {30, 334},{0x18, 0xCE, 0x8E, 0x0}}},
	{{{0, 0, -334},0, {77, 254},{0x0, 0x0, 0x81, 0x0}}},
	{{{-330, 0, -270},0, {170, 254},{0xCB, 0x1, 0x8C, 0x0}}},
	{{{-386, -277, -167},0, {216, 334},{0xB0, 0xC5, 0xB1, 0x0}}},
	{{{-533, 0, -103},0, {263, 254},{0x8E, 0x0, 0xC8, 0x0}}},
	{{{533, 0, 103},0, {-203, 254},{0x72, 0x0, 0x38, 0x0}}},
	{{{477, -277, 0},0, {-156, 334},{0x6A, 0xBA, 0x0, 0x0}}},
	{{{533, 0, -103},0, {-110, 254},{0x72, 0x0, 0xC8, 0x0}}},
};

Gfx title_Icosphere_mesh_layer_1_tri_0[] = {
	gsSPVertex(title_Icosphere_mesh_layer_1_vtx_0 + 0, 16, 0),
	gsSP1Triangle(0, 1, 2, 0),
	gsSP1Triangle(2, 1, 3, 0),
	gsSP1Triangle(1, 4, 3, 0),
	gsSP1Triangle(3, 4, 5, 0),
	gsSP1Triangle(4, 6, 5, 0),
	gsSP1Triangle(4, 7, 6, 0),
	gsSP1Triangle(4, 8, 7, 0),
	gsSP1Triangle(7, 8, 9, 0),
	gsSP1Triangle(8, 10, 9, 0),
	gsSP1Triangle(7, 9, 11, 0),
	gsSP1Triangle(7, 11, 12, 0),
	gsSP1Triangle(11, 13, 12, 0),
	gsSP1Triangle(11, 14, 13, 0),
	gsSP1Triangle(15, 14, 11, 0),
	gsSPVertex(title_Icosphere_mesh_layer_1_vtx_0 + 16, 16, 0),
	gsSP1Triangle(0, 1, 2, 0),
	gsSP1Triangle(3, 1, 0, 0),
	gsSP1Triangle(1, 4, 2, 0),
	gsSP1Triangle(2, 4, 5, 0),
	gsSP1Triangle(4, 6, 5, 0),
	gsSP1Triangle(4, 7, 6, 0),
	gsSP1Triangle(8, 7, 4, 0),
	gsSP1Triangle(8, 9, 7, 0),
	gsSP1Triangle(10, 9, 8, 0),
	gsSP1Triangle(9, 11, 7, 0),
	gsSP1Triangle(7, 11, 12, 0),
	gsSP1Triangle(11, 13, 12, 0),
	gsSP1Triangle(11, 14, 13, 0),
	gsSP1Triangle(15, 14, 11, 0),
	gsSPVertex(title_Icosphere_mesh_layer_1_vtx_0 + 32, 16, 0),
	gsSP1Triangle(0, 1, 2, 0),
	gsSP1Triangle(3, 1, 0, 0),
	gsSP1Triangle(1, 4, 2, 0),
	gsSP1Triangle(2, 4, 5, 0),
	gsSP1Triangle(6, 2, 5, 0),
	gsSP1Triangle(6, 5, 7, 0),
	gsSP1Triangle(6, 7, 8, 0),
	gsSP1Triangle(8, 7, 9, 0),
	gsSP1Triangle(10, 8, 9, 0),
	gsSP1Triangle(10, 9, 11, 0),
	gsSP1Triangle(12, 8, 10, 0),
	gsSP1Triangle(13, 8, 12, 0),
	gsSP1Triangle(14, 13, 12, 0),
	gsSP1Triangle(14, 12, 15, 0),
	gsSPVertex(title_Icosphere_mesh_layer_1_vtx_0 + 48, 16, 0),
	gsSP1Triangle(0, 1, 2, 0),
	gsSP1Triangle(3, 0, 2, 0),
	gsSP1Triangle(3, 2, 4, 0),
	gsSP1Triangle(5, 0, 3, 0),
	gsSP1Triangle(6, 0, 5, 0),
	gsSP1Triangle(7, 6, 5, 0),
	gsSP1Triangle(7, 5, 8, 0),
	gsSP1Triangle(8, 5, 9, 0),
	gsSP1Triangle(10, 8, 9, 0),
	gsSP1Triangle(10, 9, 11, 0),
	gsSP1Triangle(12, 8, 10, 0),
	gsSP1Triangle(13, 8, 12, 0),
	gsSP1Triangle(14, 13, 12, 0),
	gsSP1Triangle(14, 12, 15, 0),
	gsSPVertex(title_Icosphere_mesh_layer_1_vtx_0 + 64, 16, 0),
	gsSP1Triangle(0, 1, 2, 0),
	gsSP1Triangle(3, 0, 2, 0),
	gsSP1Triangle(3, 2, 4, 0),
	gsSP1Triangle(5, 0, 3, 0),
	gsSP1Triangle(6, 0, 5, 0),
	gsSP1Triangle(7, 6, 5, 0),
	gsSP1Triangle(7, 5, 8, 0),
	gsSP1Triangle(8, 5, 9, 0),
	gsSP1Triangle(10, 8, 9, 0),
	gsSP1Triangle(10, 9, 11, 0),
	gsSP1Triangle(12, 8, 10, 0),
	gsSP1Triangle(13, 8, 12, 0),
	gsSP1Triangle(13, 7, 8, 0),
	gsSP1Triangle(14, 7, 13, 0),
	gsSP1Triangle(14, 15, 7, 0),
	gsSPVertex(title_Icosphere_mesh_layer_1_vtx_0 + 80, 16, 0),
	gsSP1Triangle(0, 1, 2, 0),
	gsSP1Triangle(3, 1, 4, 0),
	gsSP1Triangle(5, 6, 7, 0),
	gsSP1Triangle(8, 9, 10, 0),
	gsSP1Triangle(11, 12, 13, 0),
	gsSP1Triangle(4, 14, 15, 0),
	gsSPVertex(title_Icosphere_mesh_layer_1_vtx_0 + 96, 9, 0),
	gsSP1Triangle(0, 1, 2, 0),
	gsSP1Triangle(3, 4, 5, 0),
	gsSP1Triangle(6, 7, 8, 0),
	gsSPEndDisplayList(),
};

Vtx title_Text_011_mesh_layer_1_vtx_0[520] = {
	{{{2378, 179, 970},0, {7341, -189},{0x6, 0xFF, 0x7F, 0x0}}},
	{{{2521, 174, 963},0, {7998, -197},{0x6, 0xFF, 0x7F, 0x0}}},
	{{{2458, 197, 966},0, {7668, -242},{0x6, 0xFF, 0x7F, 0x0}}},
	{{{2378, 179, 970},0, {7341, -189},{0x4, 0x7F, 0xA, 0x0}}},
	{{{2563, 168, 1021},0, {8174, -51},{0x4, 0x7F, 0xA, 0x0}}},
	{{{2521, 174, 963},0, {7998, -197},{0x4, 0x7F, 0xA, 0x0}}},
	{{{2342, 176, 1019},0, {7150, -41},{0x4, 0x7F, 0x9, 0x0}}},
	{{{2563, 168, 1021},0, {8174, -51},{0x4, 0x7F, 0x9, 0x0}}},
	{{{2378, 179, 970},0, {7341, -189},{0x4, 0x7F, 0x9, 0x0}}},
	{{{2319, 171, 1109},0, {7044, 222},{0xEA, 0x7D, 0x1, 0x0}}},
	{{{2445, 194, 1033},0, {7660, 32},{0xEA, 0x7D, 0x1, 0x0}}},
	{{{2342, 176, 1019},0, {7150, -41},{0xEA, 0x7D, 0x1, 0x0}}},
	{{{2445, 194, 1033},0, {7660, 32},{0x3, 0x42, 0x93, 0x0}}},
	{{{2563, 168, 1021},0, {8174, -51},{0x3, 0x42, 0x93, 0x0}}},
	{{{2342, 176, 1019},0, {7150, -41},{0x3, 0x42, 0x93, 0x0}}},
	{{{2445, 194, 1033},0, {7660, 32},{0x1B, 0x7C, 0xFF, 0x0}}},
	{{{2573, 167, 1088},0, {8223, 170},{0x1B, 0x7C, 0xFF, 0x0}}},
	{{{2563, 168, 1021},0, {8174, -51},{0x1B, 0x7C, 0xFF, 0x0}}},
	{{{2319, 171, 1109},0, {7044, 222},{0xC5, 0x56, 0xB8, 0x0}}},
	{{{2424, 200, 1057},0, {7529, 81},{0xC5, 0x56, 0xB8, 0x0}}},
	{{{2445, 194, 1033},0, {7660, 32},{0xC5, 0x56, 0xB8, 0x0}}},
	{{{2472, 169, 1050},0, {7780, 77},{0xD5, 0x1F, 0x74, 0x0}}},
	{{{2573, 167, 1088},0, {8223, 170},{0xD5, 0x1F, 0x74, 0x0}}},
	{{{2445, 194, 1033},0, {7660, 32},{0xD5, 0x1F, 0x74, 0x0}}},
	{{{2480, 198, 1089},0, {7820, 188},{0x1F, 0x60, 0xB2, 0x0}}},
	{{{2573, 167, 1088},0, {8223, 170},{0x1F, 0x60, 0xB2, 0x0}}},
	{{{2472, 169, 1050},0, {7780, 77},{0x1F, 0x60, 0xB2, 0x0}}},
	{{{2319, 171, 1109},0, {7044, 222},{0xA, 0x65, 0x4D, 0x0}}},
	{{{2404, 173, 1094},0, {7450, 250},{0xA, 0x65, 0x4D, 0x0}}},
	{{{2424, 200, 1057},0, {7529, 81},{0xA, 0x65, 0x4D, 0x0}}},
	{{{2480, 198, 1089},0, {7820, 188},{0x27, 0x75, 0xE2, 0x0}}},
	{{{2558, 190, 1157},0, {8122, 417},{0x27, 0x75, 0xE2, 0x0}}},
	{{{2573, 167, 1088},0, {8223, 170},{0x27, 0x75, 0xE2, 0x0}}},
	{{{2466, 167, 1114},0, {7760, 315},{0xC9, 0x57, 0x4B, 0x0}}},
	{{{2558, 190, 1157},0, {8122, 417},{0xC9, 0x57, 0x4B, 0x0}}},
	{{{2480, 198, 1089},0, {7820, 188},{0xC9, 0x57, 0x4B, 0x0}}},
	{{{2412, 167, 1167},0, {7515, 511},{0xEC, 0x7C, 0xEC, 0x0}}},
	{{{2558, 190, 1157},0, {8122, 417},{0xEC, 0x7C, 0xEC, 0x0}}},
	{{{2466, 167, 1114},0, {7760, 315},{0xEC, 0x7C, 0xEC, 0x0}}},
	{{{2412, 167, 1167},0, {7515, 511},{0xEC, 0x7B, 0xEA, 0x0}}},
	{{{2477, 188, 1224},0, {7815, 675},{0xEC, 0x7B, 0xEA, 0x0}}},
	{{{2558, 190, 1157},0, {8122, 417},{0xEC, 0x7B, 0xEA, 0x0}}},
	{{{2332, 162, 1293},0, {7087, 870},{0xE4, 0x7B, 0xF3, 0x0}}},
	{{{2477, 188, 1224},0, {7815, 675},{0xE4, 0x7B, 0xF3, 0x0}}},
	{{{2412, 167, 1167},0, {7515, 511},{0xE4, 0x7B, 0xF3, 0x0}}},
	{{{2332, 162, 1293},0, {7087, 870},{0xE1, 0x7A, 0xED, 0x0}}},
	{{{2440, 186, 1271},0, {7642, 788},{0xE1, 0x7A, 0xED, 0x0}}},
	{{{2477, 188, 1224},0, {7815, 675},{0xE1, 0x7A, 0xED, 0x0}}},
	{{{2332, 162, 1293},0, {7087, 870},{0xDE, 0x74, 0xD9, 0x0}}},
	{{{2429, 185, 1277},0, {7537, 872},{0xDE, 0x74, 0xD9, 0x0}}},
	{{{2440, 186, 1271},0, {7642, 788},{0xDE, 0x74, 0xD9, 0x0}}},
	{{{2294, 183, 1392},0, {6929, 1185},{0xDE, 0x74, 0xDA, 0x0}}},
	{{{2429, 185, 1277},0, {7537, 872},{0xDE, 0x74, 0xDA, 0x0}}},
	{{{2332, 162, 1293},0, {7087, 870},{0xDE, 0x74, 0xDA, 0x0}}},
	{{{2294, 183, 1392},0, {6929, 1185},{0x1D, 0x76, 0x24, 0x0}}},
	{{{2553, 155, 1278},0, {8158, 863},{0x1D, 0x76, 0x24, 0x0}}},
	{{{2429, 185, 1277},0, {7537, 872},{0x1D, 0x76, 0x24, 0x0}}},
	{{{2294, 183, 1392},0, {6929, 1185},{0xFE, 0x7A, 0xDC, 0x0}}},
	{{{2544, 178, 1356},0, {8065, 1128},{0xFE, 0x7A, 0xDC, 0x0}}},
	{{{2553, 155, 1278},0, {8158, 863},{0xFE, 0x7A, 0xDC, 0x0}}},
	{{{2078, 180, 981},0, {5956, -179},{0x0, 0x5F, 0x55, 0x0}}},
	{{{2227, 180, 980},0, {6625, -186},{0x0, 0x5F, 0x55, 0x0}}},
	{{{2154, 204, 953},0, {6287, -232},{0x0, 0x5F, 0x55, 0x0}}},
	{{{2078, 180, 981},0, {5956, -179},{0x0, 0x7F, 0xB, 0x0}}},
	{{{2256, 176, 1019},0, {6807, -38},{0x0, 0x7F, 0xB, 0x0}}},
	{{{2227, 180, 980},0, {6625, -186},{0x0, 0x7F, 0xB, 0x0}}},
	{{{2044, 205, 1013},0, {5766, -32},{0x10, 0x6A, 0xBC, 0x0}}},
	{{{2256, 176, 1019},0, {6807, -38},{0x10, 0x6A, 0xBC, 0x0}}},
	{{{2078, 180, 981},0, {5956, -179},{0x10, 0x6A, 0xBC, 0x0}}},
	{{{2019, 172, 1095},0, {5664, 233},{0xD, 0x74, 0x32, 0x0}}},
	{{{2158, 178, 1047},0, {6285, 44},{0xD, 0x74, 0x32, 0x0}}},
	{{{2044, 205, 1013},0, {5766, -32},{0xD, 0x74, 0x32, 0x0}}},
	{{{2158, 178, 1047},0, {6285, 44},{0xE, 0x76, 0x2E, 0x0}}},
	{{{2256, 176, 1019},0, {6807, -38},{0xE, 0x76, 0x2E, 0x0}}},
	{{{2044, 205, 1013},0, {5766, -32},{0xE, 0x76, 0x2E, 0x0}}},
	{{{2158, 178, 1047},0, {6285, 44},{0x3, 0x7F, 0x4, 0x0}}},
	{{{2276, 173, 1091},0, {6862, 184},{0x3, 0x7F, 0x4, 0x0}}},
	{{{2256, 176, 1019},0, {6807, -38},{0x3, 0x7F, 0x4, 0x0}}},
	{{{2019, 172, 1095},0, {5664, 233},{0xD6, 0x14, 0x8A, 0x0}}},
	{{{2121, 199, 1064},0, {6153, 93},{0xD6, 0x14, 0x8A, 0x0}}},
	{{{2158, 178, 1047},0, {6285, 44},{0xD6, 0x14, 0x8A, 0x0}}},
	{{{2176, 201, 1058},0, {6409, 89},{0x2D, 0x14, 0x8B, 0x0}}},
	{{{2276, 173, 1091},0, {6862, 184},{0x2D, 0x14, 0x8B, 0x0}}},
	{{{2158, 178, 1047},0, {6285, 44},{0x2D, 0x14, 0x8B, 0x0}}},
	{{{2181, 202, 1093},0, {6452, 201},{0x24, 0x7A, 0xF8, 0x0}}},
	{{{2276, 173, 1091},0, {6862, 184},{0x24, 0x7A, 0xF8, 0x0}}},
	{{{2176, 201, 1058},0, {6409, 89},{0x24, 0x7A, 0xF8, 0x0}}},
	{{{2019, 172, 1095},0, {5664, 233},{0xF1, 0x76, 0x2E, 0x0}}},
	{{{2099, 175, 1116},0, {6077, 262},{0xF1, 0x76, 0x2E, 0x0}}},
	{{{2121, 199, 1064},0, {6153, 93},{0xF1, 0x76, 0x2E, 0x0}}},
	{{{2181, 202, 1093},0, {6452, 201},{0x24, 0x78, 0xED, 0x0}}},
	{{{2249, 191, 1155},0, {6766, 432},{0x24, 0x78, 0xED, 0x0}}},
	{{{2276, 173, 1091},0, {6862, 184},{0x24, 0x78, 0xED, 0x0}}},
	{{{2177, 196, 1127},0, {6394, 329},{0x0, 0x7D, 0x15, 0x0}}},
	{{{2249, 191, 1155},0, {6766, 432},{0x0, 0x7D, 0x15, 0x0}}},
	{{{2181, 202, 1093},0, {6452, 201},{0x0, 0x7D, 0x15, 0x0}}},
	{{{2120, 195, 1188},0, {6151, 525},{0x5, 0x7F, 0x8, 0x0}}},
	{{{2249, 191, 1155},0, {6766, 432},{0x5, 0x7F, 0x8, 0x0}}},
	{{{2177, 196, 1127},0, {6394, 329},{0x5, 0x7F, 0x8, 0x0}}},
	{{{2120, 195, 1188},0, {6151, 525},{0x1, 0x7F, 0xF9, 0x0}}},
	{{{2195, 196, 1224},0, {6461, 690},{0x1, 0x7F, 0xF9, 0x0}}},
	{{{2249, 191, 1155},0, {6766, 432},{0x1, 0x7F, 0xF9, 0x0}}},
	{{{2037, 192, 1301},0, {5727, 884},{0xFE, 0x7F, 0x0, 0x0}}},
	{{{2195, 196, 1224},0, {6461, 690},{0xFE, 0x7F, 0x0, 0x0}}},
	{{{2120, 195, 1188},0, {6151, 525},{0xFE, 0x7F, 0x0, 0x0}}},
	{{{2037, 192, 1301},0, {5727, 884},{0xE, 0x79, 0x23, 0x0}}},
	{{{2156, 186, 1274},0, {6288, 804},{0xE, 0x79, 0x23, 0x0}}},
	{{{2195, 196, 1224},0, {6461, 690},{0xE, 0x79, 0x23, 0x0}}},
	{{{2037, 192, 1301},0, {5727, 884},{0x1C, 0x3C, 0x6C, 0x0}}},
	{{{2132, 161, 1294},0, {6185, 888},{0x1C, 0x3C, 0x6C, 0x0}}},
	{{{2156, 186, 1274},0, {6288, 804},{0x1C, 0x3C, 0x6C, 0x0}}},
	{{{2001, 160, 1382},0, {5578, 1200},{0x27, 0x6A, 0x3B, 0x0}}},
	{{{2132, 161, 1294},0, {6185, 888},{0x27, 0x6A, 0x3B, 0x0}}},
	{{{2037, 192, 1301},0, {5727, 884},{0x27, 0x6A, 0x3B, 0x0}}},
	{{{2001, 160, 1382},0, {5578, 1200},{0xE5, 0x76, 0xD9, 0x0}}},
	{{{2276, 189, 1281},0, {6817, 882},{0xE5, 0x76, 0xD9, 0x0}}},
	{{{2132, 161, 1294},0, {6185, 888},{0xE5, 0x76, 0xD9, 0x0}}},
	{{{2001, 160, 1382},0, {5578, 1200},{0xF5, 0x7E, 0x5, 0x0}}},
	{{{2259, 184, 1375},0, {6788, 1187},{0xF5, 0x7E, 0x5, 0x0}}},
	{{{2276, 189, 1281},0, {6817, 882},{0xF5, 0x7E, 0x5, 0x0}}},
	{{{1751, 207, 1015},0, {4429, -58},{0xEE, 0x69, 0xBA, 0x0}}},
	{{{1900, 209, 978},0, {5154, -191},{0xEE, 0x69, 0xBA, 0x0}}},
	{{{1841, 184, 956},0, {4905, -226},{0xEE, 0x69, 0xBA, 0x0}}},
	{{{1751, 207, 1015},0, {4429, -58},{0x2, 0x7E, 0xE, 0x0}}},
	{{{1939, 205, 1001},0, {5311, -97},{0x2, 0x7E, 0xE, 0x0}}},
	{{{1900, 209, 978},0, {5154, -191},{0x2, 0x7E, 0xE, 0x0}}},
	{{{1751, 207, 1015},0, {4429, -58},{0x1, 0x7F, 0x0, 0x0}}},
	{{{1967, 205, 1038},0, {5403, 25},{0x1, 0x7F, 0x0, 0x0}}},
	{{{1939, 205, 1001},0, {5311, -97},{0x1, 0x7F, 0x0, 0x0}}},
	{{{1717, 201, 1187},0, {4262, 514},{0x30, 0x75, 0xD, 0x0}}},
	{{{1805, 179, 1064},0, {4731, 145},{0x30, 0x75, 0xD, 0x0}}},
	{{{1751, 207, 1015},0, {4429, -58},{0x30, 0x75, 0xD, 0x0}}},
	{{{1805, 179, 1064},0, {4731, 145},{0xE8, 0x5F, 0x51, 0x0}}},
	{{{1854, 205, 1048},0, {4884, 43},{0xE8, 0x5F, 0x51, 0x0}}},
	{{{1751, 207, 1015},0, {4429, -58},{0xE8, 0x5F, 0x51, 0x0}}},
	{{{1882, 175, 1070},0, {5033, 142},{0xDA, 0x2D, 0x71, 0x0}}},
	{{{1975, 202, 1090},0, {5454, 172},{0xDA, 0x2D, 0x71, 0x0}}},
	{{{1854, 205, 1048},0, {4884, 43},{0xDA, 0x2D, 0x71, 0x0}}},
	{{{1895, 174, 1182},0, {5069, 523},{0xDB, 0x79, 0x5, 0x0}}},
	{{{1975, 202, 1090},0, {5454, 172},{0xDB, 0x79, 0x5, 0x0}}},
	{{{1882, 175, 1070},0, {5033, 142},{0xDB, 0x79, 0x5, 0x0}}},
	{{{1717, 201, 1187},0, {4262, 514},{0x3, 0x7E, 0xED, 0x0}}},
	{{{1791, 197, 1177},0, {4674, 514},{0x3, 0x7E, 0xED, 0x0}}},
	{{{1805, 179, 1064},0, {4731, 145},{0x3, 0x7E, 0xED, 0x0}}},
	{{{1895, 174, 1182},0, {5069, 523},{0xD7, 0x78, 0x1, 0x0}}},
	{{{1974, 201, 1175},0, {5481, 504},{0xD7, 0x78, 0x1, 0x0}}},
	{{{1975, 202, 1090},0, {5454, 172},{0xD7, 0x78, 0x1, 0x0}}},
	{{{1895, 174, 1182},0, {5069, 523},{0xD9, 0x77, 0x15, 0x0}}},
	{{{1944, 161, 1344},0, {5315, 1055},{0xD9, 0x77, 0x15, 0x0}}},
	{{{1974, 201, 1175},0, {5481, 504},{0xD9, 0x77, 0x15, 0x0}}},
	{{{1717, 190, 1278},0, {4284, 810},{0x8, 0x7E, 0xF, 0x0}}},
	{{{1791, 197, 1177},0, {4674, 514},{0x8, 0x7E, 0xF, 0x0}}},
	{{{1717, 201, 1187},0, {4262, 514},{0x8, 0x7E, 0xF, 0x0}}},
	{{{1717, 190, 1278},0, {4284, 810},{0x19, 0x7A, 0x1B, 0x0}}},
	{{{1802, 171, 1282},0, {4711, 877},{0x19, 0x7A, 0x1B, 0x0}}},
	{{{1791, 197, 1177},0, {4674, 514},{0x19, 0x7A, 0x1B, 0x0}}},
	{{{1884, 198, 1261},0, {5035, 801},{0x54, 0x5E, 0xEE, 0x0}}},
	{{{1944, 161, 1344},0, {5315, 1055},{0x54, 0x5E, 0xEE, 0x0}}},
	{{{1895, 174, 1182},0, {5069, 523},{0x54, 0x5E, 0xEE, 0x0}}},
	{{{1862, 166, 1311},0, {4962, 931},{0xED, 0x6D, 0x3F, 0x0}}},
	{{{1944, 161, 1344},0, {5315, 1055},{0xED, 0x6D, 0x3F, 0x0}}},
	{{{1884, 198, 1261},0, {5035, 801},{0xED, 0x6D, 0x3F, 0x0}}},
	{{{1731, 194, 1337},0, {4361, 1017},{0x1B, 0x7B, 0xF1, 0x0}}},
	{{{1802, 171, 1282},0, {4711, 877},{0x1B, 0x7B, 0xF1, 0x0}}},
	{{{1717, 190, 1278},0, {4284, 810},{0x1B, 0x7B, 0xF1, 0x0}}},
	{{{1731, 194, 1337},0, {4361, 1017},{0x22, 0x7A, 0xFA, 0x0}}},
	{{{1836, 164, 1319},0, {4852, 972},{0x22, 0x7A, 0xFA, 0x0}}},
	{{{1802, 171, 1282},0, {4711, 877},{0x22, 0x7A, 0xFA, 0x0}}},
	{{{1836, 164, 1319},0, {4852, 972},{0xFF, 0x7D, 0x15, 0x0}}},
	{{{1944, 161, 1344},0, {5315, 1055},{0xFF, 0x7D, 0x15, 0x0}}},
	{{{1862, 166, 1311},0, {4962, 931},{0xFF, 0x7D, 0x15, 0x0}}},
	{{{1731, 194, 1337},0, {4361, 1017},{0x13, 0x6B, 0xBE, 0x0}}},
	{{{1944, 161, 1344},0, {5315, 1055},{0x13, 0x6B, 0xBE, 0x0}}},
	{{{1836, 164, 1319},0, {4852, 972},{0x13, 0x6B, 0xBE, 0x0}}},
	{{{1772, 163, 1358},0, {4544, 1176},{0x8, 0x4E, 0x64, 0x0}}},
	{{{1944, 161, 1344},0, {5315, 1055},{0x8, 0x4E, 0x64, 0x0}}},
	{{{1731, 194, 1337},0, {4361, 1017},{0x8, 0x4E, 0x64, 0x0}}},
	{{{1772, 163, 1358},0, {4544, 1176},{0x1, 0x7F, 0x0, 0x0}}},
	{{{1846, 162, 1390},0, {4841, 1228},{0x1, 0x7F, 0x0, 0x0}}},
	{{{1944, 161, 1344},0, {5315, 1055},{0x1, 0x7F, 0x0, 0x0}}},
	{{{1459, 207, 988},0, {3140, -172},{0x12, 0x74, 0x31, 0x0}}},
	{{{1616, 181, 989},0, {3820, -175},{0x12, 0x74, 0x31, 0x0}}},
	{{{1540, 208, 955},0, {3475, -223},{0x12, 0x74, 0x31, 0x0}}},
	{{{1459, 207, 988},0, {3140, -172},{0x10, 0x5F, 0xAD, 0x0}}},
	{{{1659, 204, 1024},0, {4013, -25},{0x10, 0x5F, 0xAD, 0x0}}},
	{{{1616, 181, 989},0, {3820, -175},{0x10, 0x5F, 0xAD, 0x0}}},
	{{{1422, 210, 1018},0, {2954, -24},{0x3, 0x7F, 0xF6, 0x0}}},
	{{{1659, 204, 1024},0, {4013, -25},{0x3, 0x7F, 0xF6, 0x0}}},
	{{{1459, 207, 988},0, {3140, -172},{0x3, 0x7F, 0xF6, 0x0}}},
	{{{1396, 180, 1098},0, {2864, 240},{0xFA, 0x77, 0x2B, 0x0}}},
	{{{1543, 204, 1056},0, {3484, 54},{0xFA, 0x77, 0x2B, 0x0}}},
	{{{1422, 210, 1018},0, {2954, -24},{0xFA, 0x77, 0x2B, 0x0}}},
	{{{1543, 204, 1056},0, {3484, 54},{0x2, 0x7E, 0xD, 0x0}}},
	{{{1659, 204, 1024},0, {4013, -25},{0x2, 0x7E, 0xD, 0x0}}},
	{{{1422, 210, 1018},0, {2954, -24},{0x2, 0x7E, 0xD, 0x0}}},
	{{{1543, 204, 1056},0, {3484, 54},{0xFF, 0x7F, 0xFF, 0x0}}},
	{{{1680, 205, 1083},0, {4080, 199},{0xFF, 0x7F, 0xFF, 0x0}}},
	{{{1659, 204, 1024},0, {4013, -25},{0xFF, 0x7F, 0xFF, 0x0}}},
	{{{1396, 180, 1098},0, {2864, 240},{0xEB, 0xC1, 0x94, 0x0}}},
	{{{1507, 205, 1062},0, {3353, 103},{0xEB, 0xC1, 0x94, 0x0}}},
	{{{1543, 204, 1056},0, {3484, 54},{0xEB, 0xC1, 0x94, 0x0}}},
	{{{1576, 203, 1054},0, {3612, 101},{0xFE, 0x82, 0x13, 0x0}}},
	{{{1680, 205, 1083},0, {4080, 199},{0xFE, 0x82, 0x13, 0x0}}},
	{{{1543, 204, 1056},0, {3484, 54},{0xFE, 0x82, 0x13, 0x0}}},
	{{{1580, 174, 1099},0, {3662, 214},{0xEB, 0x69, 0x44, 0x0}}},
	{{{1680, 205, 1083},0, {4080, 199},{0xEB, 0x69, 0x44, 0x0}}},
	{{{1576, 203, 1054},0, {3612, 101},{0xEB, 0x69, 0x44, 0x0}}},
	{{{1396, 180, 1098},0, {2864, 240},{0x4, 0x61, 0x52, 0x0}}},
	{{{1496, 179, 1094},0, {3284, 273},{0x4, 0x61, 0x52, 0x0}}},
	{{{1507, 205, 1062},0, {3353, 103},{0x4, 0x61, 0x52, 0x0}}},
	{{{1580, 174, 1099},0, {3662, 214},{0xDB, 0x7A, 0x2, 0x0}}},
	{{{1658, 197, 1157},0, {3995, 448},{0xDB, 0x7A, 0x2, 0x0}}},
	{{{1680, 205, 1083},0, {4080, 199},{0xDB, 0x7A, 0x2, 0x0}}},
	{{{1573, 176, 1122},0, {3610, 342},{0xE8, 0x7C, 0xF1, 0x0}}},
	{{{1658, 197, 1157},0, {3995, 448},{0xE8, 0x7C, 0xF1, 0x0}}},
	{{{1580, 174, 1099},0, {3662, 214},{0xE8, 0x7C, 0xF1, 0x0}}},
	{{{1523, 175, 1175},0, {3374, 537},{0xEA, 0x7C, 0xED, 0x0}}},
	{{{1658, 197, 1157},0, {3995, 448},{0xEA, 0x7C, 0xED, 0x0}}},
	{{{1573, 176, 1122},0, {3610, 342},{0xEA, 0x7C, 0xED, 0x0}}},
	{{{1523, 175, 1175},0, {3374, 537},{0xEF, 0x7C, 0x17, 0x0}}},
	{{{1582, 171, 1242},0, {3700, 706},{0xEF, 0x7C, 0x17, 0x0}}},
	{{{1658, 197, 1157},0, {3995, 448},{0xEF, 0x7C, 0x17, 0x0}}},
	{{{1430, 194, 1285},0, {2967, 895},{0x11, 0x7E, 0xF9, 0x0}}},
	{{{1582, 171, 1242},0, {3700, 706},{0x11, 0x7E, 0xF9, 0x0}}},
	{{{1523, 175, 1175},0, {3374, 537},{0x11, 0x7E, 0xF9, 0x0}}},
	{{{1430, 194, 1285},0, {2967, 895},{0xFA, 0x64, 0xB1, 0x0}}},
	{{{1541, 196, 1277},0, {3531, 819},{0xFA, 0x64, 0xB1, 0x0}}},
	{{{1582, 171, 1242},0, {3700, 706},{0xFA, 0x64, 0xB1, 0x0}}},
	{{{1430, 194, 1285},0, {2967, 895},{0x7, 0x26, 0x79, 0x0}}},
	{{{1530, 168, 1287},0, {3432, 903},{0x7, 0x26, 0x79, 0x0}}},
	{{{1541, 196, 1277},0, {3531, 819},{0x7, 0x26, 0x79, 0x0}}},
	{{{1405, 163, 1373},0, {2840, 1210},{0x1D, 0x72, 0x30, 0x0}}},
	{{{1530, 168, 1287},0, {3432, 903},{0x1D, 0x72, 0x30, 0x0}}},
	{{{1430, 194, 1285},0, {2967, 895},{0x1D, 0x72, 0x30, 0x0}}},
	{{{1405, 163, 1373},0, {2840, 1210},{0xED, 0x7C, 0xEB, 0x0}}},
	{{{1677, 194, 1307},0, {4076, 901},{0xED, 0x7C, 0xEB, 0x0}}},
	{{{1530, 168, 1287},0, {3432, 903},{0xED, 0x7C, 0xEB, 0x0}}},
	{{{1405, 163, 1373},0, {2840, 1210},{0xFF, 0x75, 0x32, 0x0}}},
	{{{1669, 165, 1374},0, {4068, 1209},{0xFF, 0x75, 0x32, 0x0}}},
	{{{1677, 194, 1307},0, {4076, 901},{0xFF, 0x75, 0x32, 0x0}}},
	{{{862, 187, 1377},0, {386, 1155},{0xFA, 0x7F, 0x5, 0x0}}},
	{{{915, 203, 1076},0, {623, 140},{0xFA, 0x7F, 0x5, 0x0}}},
	{{{834, 203, 977},0, {230, -206},{0xFA, 0x7F, 0x5, 0x0}}},
	{{{915, 203, 1076},0, {623, 140},{0xFF, 0x7F, 0x1, 0x0}}},
	{{{971, 205, 963},0, {840, -203},{0xFF, 0x7F, 0x1, 0x0}}},
	{{{834, 203, 977},0, {230, -206},{0xFF, 0x7F, 0x1, 0x0}}},
	{{{915, 203, 1076},0, {623, 140},{0x5, 0x7F, 0x4, 0x0}}},
	{{{1018, 193, 1231},0, {1109, 668},{0x5, 0x7F, 0x4, 0x0}}},
	{{{971, 205, 963},0, {840, -203},{0x5, 0x7F, 0x4, 0x0}}},
	{{{1018, 193, 1231},0, {1109, 668},{0xE8, 0x7C, 0xF6, 0x0}}},
	{{{1120, 201, 1082},0, {1552, 144},{0xE8, 0x7C, 0xF6, 0x0}}},
	{{{1070, 181, 956},0, {1312, -201},{0xE8, 0x7C, 0xF6, 0x0}}},
	{{{1120, 201, 1082},0, {1552, 144},{0xEA, 0x7D, 0xF5, 0x0}}},
	{{{1202, 205, 963},0, {1925, -199},{0xEA, 0x7D, 0xF5, 0x0}}},
	{{{1070, 181, 956},0, {1312, -201},{0xEA, 0x7D, 0xF5, 0x0}}},
	{{{1120, 201, 1082},0, {1552, 144},{0xB, 0x7E, 0xC, 0x0}}},
	{{{1203, 164, 1382},0, {1960, 1208},{0xB, 0x7E, 0xC, 0x0}}},
	{{{1202, 205, 963},0, {1925, -199},{0xB, 0x7E, 0xC, 0x0}}},
	{{{862, 187, 1377},0, {386, 1155},{0x2F, 0x75, 0xE, 0x0}}},
	{{{941, 156, 1370},0, {730, 1172},{0x2F, 0x75, 0xE, 0x0}}},
	{{{915, 203, 1076},0, {623, 140},{0x2F, 0x75, 0xE, 0x0}}},
	{{{993, 163, 1385},0, {996, 1186},{0xED, 0x7C, 0x15, 0x0}}},
	{{{1018, 193, 1231},0, {1109, 668},{0xED, 0x7C, 0x15, 0x0}}},
	{{{915, 203, 1076},0, {623, 140},{0xED, 0x7C, 0x15, 0x0}}},
	{{{1018, 193, 1231},0, {1109, 668},{0x11, 0x7D, 0x12, 0x0}}},
	{{{1067, 162, 1394},0, {1308, 1201},{0x11, 0x7D, 0x12, 0x0}}},
	{{{1120, 201, 1082},0, {1552, 144},{0x11, 0x7D, 0x12, 0x0}}},
	{{{1129, 165, 1371},0, {1590, 1206},{0x0, 0x7E, 0xF, 0x0}}},
	{{{1203, 164, 1382},0, {1960, 1208},{0x0, 0x7E, 0xF, 0x0}}},
	{{{1120, 201, 1082},0, {1552, 144},{0x0, 0x7E, 0xF, 0x0}}},
	{{{993, 163, 1385},0, {996, 1186},{0xFF, 0x7D, 0x18, 0x0}}},
	{{{1067, 162, 1394},0, {1308, 1201},{0xFF, 0x7D, 0x18, 0x0}}},
	{{{1018, 193, 1231},0, {1109, 668},{0xFF, 0x7D, 0x18, 0x0}}},
	{{{554, 186, 1353},0, {-1072, 1078},{0xFC, 0x7F, 0x5, 0x0}}},
	{{{581, 199, 1050},0, {-895, 78},{0xFC, 0x7F, 0x5, 0x0}}},
	{{{477, 198, 972},0, {-1371, -217},{0xFC, 0x7F, 0x5, 0x0}}},
	{{{581, 199, 1050},0, {-895, 78},{0xC, 0x7D, 0xEE, 0x0}}},
	{{{657, 178, 962},0, {-611, -211},{0xC, 0x7D, 0xEE, 0x0}}},
	{{{477, 198, 972},0, {-1371, -217},{0xC, 0x7D, 0xEE, 0x0}}},
	{{{581, 199, 1050},0, {-895, 78},{0x1, 0x7C, 0xE5, 0x0}}},
	{{{712, 181, 977},0, {-284, -173},{0x1, 0x7C, 0xE5, 0x0}}},
	{{{657, 178, 962},0, {-611, -211},{0x1, 0x7C, 0xE5, 0x0}}},
	{{{581, 199, 1050},0, {-895, 78},{0xC, 0x7E, 0xF8, 0x0}}},
	{{{761, 178, 1007},0, {-95, -40},{0xC, 0x7E, 0xF8, 0x0}}},
	{{{712, 181, 977},0, {-284, -173},{0xC, 0x7E, 0xF8, 0x0}}},
	{{{581, 199, 1050},0, {-895, 78},{0x0, 0x71, 0xC6, 0x0}}},
	{{{632, 200, 1053},0, {-695, 80},{0x0, 0x71, 0xC6, 0x0}}},
	{{{761, 178, 1007},0, {-95, -40},{0x0, 0x71, 0xC6, 0x0}}},
	{{{632, 200, 1053},0, {-695, 80},{0x8, 0x7A, 0xDC, 0x0}}},
	{{{776, 202, 1093},0, {-14, 193},{0x8, 0x7A, 0xDC, 0x0}}},
	{{{761, 178, 1007},0, {-95, -40},{0x8, 0x7A, 0xDC, 0x0}}},
	{{{554, 186, 1353},0, {-1072, 1078},{0x1F, 0x7B, 0x8, 0x0}}},
	{{{588, 192, 1128},0, {-874, 367},{0x1F, 0x7B, 0x8, 0x0}}},
	{{{581, 199, 1050},0, {-895, 78},{0x1F, 0x7B, 0x8, 0x0}}},
	{{{671, 200, 1065},0, {-523, 118},{0xEC, 0x69, 0x45, 0x0}}},
	{{{776, 202, 1093},0, {-14, 193},{0xEC, 0x69, 0x45, 0x0}}},
	{{{632, 200, 1053},0, {-695, 80},{0xEC, 0x69, 0x45, 0x0}}},
	{{{683, 203, 1096},0, {-471, 225},{0x0, 0x7F, 0xF5, 0x0}}},
	{{{776, 202, 1093},0, {-14, 193},{0x0, 0x7F, 0xF5, 0x0}}},
	{{{671, 200, 1065},0, {-523, 118},{0x0, 0x7F, 0xF5, 0x0}}},
	{{{683, 203, 1096},0, {-471, 225},{0x1, 0x7E, 0x11, 0x0}}},
	{{{766, 195, 1149},0, {-54, 397},{0x1, 0x7E, 0x11, 0x0}}},
	{{{776, 202, 1093},0, {-14, 193},{0x1, 0x7E, 0x11, 0x0}}},
	{{{669, 194, 1116},0, {-494, 307},{0xF2, 0x77, 0x29, 0x0}}},
	{{{766, 195, 1149},0, {-54, 397},{0xF2, 0x77, 0x29, 0x0}}},
	{{{683, 203, 1096},0, {-471, 225},{0xF2, 0x77, 0x29, 0x0}}},
	{{{659, 173, 1134},0, {-564, 351},{0xE3, 0x59, 0x56, 0x0}}},
	{{{766, 195, 1149},0, {-54, 397},{0xE3, 0x59, 0x56, 0x0}}},
	{{{669, 194, 1116},0, {-494, 307},{0xE3, 0x59, 0x56, 0x0}}},
	{{{630, 171, 1144},0, {-683, 369},{0xED, 0x78, 0xDB, 0x0}}},
	{{{766, 195, 1149},0, {-54, 397},{0xED, 0x78, 0xDB, 0x0}}},
	{{{659, 173, 1134},0, {-564, 351},{0xED, 0x78, 0xDB, 0x0}}},
	{{{554, 186, 1353},0, {-1072, 1078},{0x34, 0x73, 0xB, 0x0}}},
	{{{630, 171, 1144},0, {-683, 369},{0x34, 0x73, 0xB, 0x0}}},
	{{{588, 192, 1128},0, {-874, 367},{0x34, 0x73, 0xB, 0x0}}},
	{{{554, 186, 1353},0, {-1072, 1078},{0xA8, 0xA8, 0xE6, 0x0}}},
	{{{588, 191, 1222},0, {-852, 631},{0xA8, 0xA8, 0xE6, 0x0}}},
	{{{630, 171, 1144},0, {-683, 369},{0xA8, 0xA8, 0xE6, 0x0}}},
	{{{588, 191, 1222},0, {-852, 631},{0xED, 0x77, 0xD8, 0x0}}},
	{{{766, 195, 1149},0, {-54, 397},{0xED, 0x77, 0xD8, 0x0}}},
	{{{630, 171, 1144},0, {-683, 369},{0xED, 0x77, 0xD8, 0x0}}},
	{{{588, 191, 1222},0, {-852, 631},{0x20, 0x59, 0x55, 0x0}}},
	{{{739, 170, 1185},0, {-188, 534},{0x20, 0x59, 0x55, 0x0}}},
	{{{766, 195, 1149},0, {-54, 397},{0x20, 0x59, 0x55, 0x0}}},
	{{{588, 191, 1222},0, {-852, 631},{0x1E, 0x67, 0x44, 0x0}}},
	{{{702, 167, 1206},0, {-344, 588},{0x1E, 0x67, 0x44, 0x0}}},
	{{{739, 170, 1185},0, {-188, 534},{0x1E, 0x67, 0x44, 0x0}}},
	{{{588, 191, 1222},0, {-852, 631},{0x10, 0xF9, 0x7E, 0x0}}},
	{{{601, 168, 1219},0, {-812, 632},{0x10, 0xF9, 0x7E, 0x0}}},
	{{{702, 167, 1206},0, {-344, 588},{0x10, 0xF9, 0x7E, 0x0}}},
	{{{601, 168, 1219},0, {-812, 632},{0x0, 0x7F, 0xFD, 0x0}}},
	{{{741, 168, 1219},0, {-222, 640},{0x0, 0x7F, 0xFD, 0x0}}},
	{{{702, 167, 1206},0, {-344, 588},{0x0, 0x7F, 0xFD, 0x0}}},
	{{{554, 186, 1353},0, {-1072, 1078},{0x22, 0x7A, 0xD, 0x0}}},
	{{{641, 161, 1354},0, {-655, 1100},{0x22, 0x7A, 0xD, 0x0}}},
	{{{588, 191, 1222},0, {-852, 631},{0x22, 0x7A, 0xD, 0x0}}},
	{{{634, 169, 1220},0, {-699, 665},{0x0, 0x4B, 0x99, 0x0}}},
	{{{741, 168, 1219},0, {-222, 640},{0x0, 0x4B, 0x99, 0x0}}},
	{{{601, 168, 1219},0, {-812, 632},{0x0, 0x4B, 0x99, 0x0}}},
	{{{634, 169, 1220},0, {-699, 665},{0x0, 0x40, 0x92, 0x0}}},
	{{{759, 193, 1234},0, {-144, 714},{0x0, 0x40, 0x92, 0x0}}},
	{{{741, 168, 1219},0, {-222, 640},{0x0, 0x40, 0x92, 0x0}}},
	{{{651, 163, 1266},0, {-608, 772},{0xE6, 0x7A, 0x18, 0x0}}},
	{{{759, 193, 1234},0, {-144, 714},{0xE6, 0x7A, 0x18, 0x0}}},
	{{{634, 169, 1220},0, {-699, 665},{0xE6, 0x7A, 0x18, 0x0}}},
	{{{651, 163, 1266},0, {-608, 772},{0xE4, 0x7A, 0x13, 0x0}}},
	{{{760, 189, 1264},0, {-74, 800},{0xE4, 0x7A, 0x13, 0x0}}},
	{{{759, 193, 1234},0, {-144, 714},{0xE4, 0x7A, 0x13, 0x0}}},
	{{{735, 184, 1369},0, {-218, 1123},{0xE3, 0x7C, 0xFF, 0x0}}},
	{{{760, 189, 1264},0, {-74, 800},{0xE3, 0x7C, 0xFF, 0x0}}},
	{{{651, 163, 1266},0, {-608, 772},{0xE3, 0x7C, 0xFF, 0x0}}},
	{{{735, 184, 1369},0, {-218, 1123},{0x20, 0x7A, 0xC, 0x0}}},
	{{{834, 158, 1370},0, {256, 1148},{0x20, 0x7A, 0xC, 0x0}}},
	{{{760, 189, 1264},0, {-74, 800},{0x20, 0x7A, 0xC, 0x0}}},
	{{{204, 171, 976},0, {-2604, -198},{0xFE, 0x7F, 0xF9, 0x0}}},
	{{{391, 175, 982},0, {-1822, -143},{0xFE, 0x7F, 0xF9, 0x0}}},
	{{{289, 171, 951},0, {-2254, -250},{0xFE, 0x7F, 0xF9, 0x0}}},
	{{{171, 170, 1015},0, {-2782, -46},{0xFE, 0x7F, 0x0, 0x0}}},
	{{{391, 175, 982},0, {-1822, -143},{0xFE, 0x7F, 0x0, 0x0}}},
	{{{204, 171, 976},0, {-2604, -198},{0xFE, 0x7F, 0x0, 0x0}}},
	{{{171, 170, 1015},0, {-2782, -46},{0xF7, 0x76, 0xD1, 0x0}}},
	{{{287, 193, 1049},0, {-2276, 17},{0xF7, 0x76, 0xD1, 0x0}}},
	{{{391, 175, 982},0, {-1822, -143},{0xF7, 0x76, 0xD1, 0x0}}},
	{{{287, 193, 1049},0, {-2276, 17},{0x13, 0x7E, 0xFC, 0x0}}},
	{{{432, 172, 1079},0, {-1622, 183},{0x13, 0x7E, 0xFC, 0x0}}},
	{{{391, 175, 982},0, {-1822, -143},{0x13, 0x7E, 0xFC, 0x0}}},
	{{{168, 166, 1072},0, {-2825, 160},{0xE5, 0x7C, 0x7, 0x0}}},
	{{{287, 193, 1049},0, {-2276, 17},{0xE5, 0x7C, 0x7, 0x0}}},
	{{{171, 170, 1015},0, {-2782, -46},{0xE5, 0x7C, 0x7, 0x0}}},
	{{{168, 166, 1072},0, {-2825, 160},{0x13, 0x12, 0x7C, 0x0}}},
	{{{255, 168, 1058},0, {-2390, 48},{0x13, 0x12, 0x7C, 0x0}}},
	{{{287, 193, 1049},0, {-2276, 17},{0x13, 0x12, 0x7C, 0x0}}},
	{{{307, 195, 1045},0, {-2124, 62},{0xFE, 0x93, 0xBF, 0x0}}},
	{{{432, 172, 1079},0, {-1622, 183},{0xFE, 0x93, 0xBF, 0x0}}},
	{{{287, 193, 1049},0, {-2276, 17},{0xFE, 0x93, 0xBF, 0x0}}},
	{{{168, 166, 1072},0, {-2825, 160},{0xED, 0x41, 0x94, 0x0}}},
	{{{254, 196, 1076},0, {-2421, 126},{0xED, 0x41, 0x94, 0x0}}},
	{{{255, 168, 1058},0, {-2390, 48},{0xED, 0x41, 0x94, 0x0}}},
	{{{339, 192, 1095},0, {-2041, 203},{0x18, 0x7D, 0xFA, 0x0}}},
	{{{432, 172, 1079},0, {-1622, 183},{0x18, 0x7D, 0xFA, 0x0}}},
	{{{307, 195, 1045},0, {-2124, 62},{0x18, 0x7D, 0xFA, 0x0}}},
	{{{168, 166, 1072},0, {-2825, 160},{0xEC, 0x2C, 0x76, 0x0}}},
	{{{264, 164, 1090},0, {-2383, 188},{0xEC, 0x2C, 0x76, 0x0}}},
	{{{254, 196, 1076},0, {-2421, 126},{0xEC, 0x2C, 0x76, 0x0}}},
	{{{213, 185, 1140},0, {-2629, 408},{0x9, 0x78, 0xD7, 0x0}}},
	{{{264, 164, 1090},0, {-2383, 188},{0x9, 0x78, 0xD7, 0x0}}},
	{{{168, 166, 1072},0, {-2825, 160},{0x9, 0x78, 0xD7, 0x0}}},
	{{{213, 185, 1140},0, {-2629, 408},{0xEC, 0x6B, 0xBE, 0x0}}},
	{{{290, 169, 1091},0, {-2229, 242},{0xEC, 0x6B, 0xBE, 0x0}}},
	{{{264, 164, 1090},0, {-2383, 188},{0xEC, 0x6B, 0xBE, 0x0}}},
	{{{213, 185, 1140},0, {-2629, 408},{0xFA, 0x76, 0xD1, 0x0}}},
	{{{399, 193, 1134},0, {-1799, 371},{0xFA, 0x76, 0xD1, 0x0}}},
	{{{290, 169, 1091},0, {-2229, 242},{0xFA, 0x76, 0xD1, 0x0}}},
	{{{213, 185, 1140},0, {-2629, 408},{0xFC, 0x7E, 0xF, 0x0}}},
	{{{429, 187, 1193},0, {-1600, 529},{0xFC, 0x7E, 0xF, 0x0}}},
	{{{399, 193, 1134},0, {-1799, 371},{0xFC, 0x7E, 0xF, 0x0}}},
	{{{314, 184, 1196},0, {-2174, 569},{0xFE, 0x7F, 0x6, 0x0}}},
	{{{429, 187, 1193},0, {-1600, 529},{0xFE, 0x7F, 0x6, 0x0}}},
	{{{213, 185, 1140},0, {-2629, 408},{0xFE, 0x7F, 0x6, 0x0}}},
	{{{314, 184, 1196},0, {-2174, 569},{0xFE, 0x7F, 0x8, 0x0}}},
	{{{466, 184, 1244},0, {-1467, 702},{0xFE, 0x7F, 0x8, 0x0}}},
	{{{429, 187, 1193},0, {-1600, 529},{0xFE, 0x7F, 0x8, 0x0}}},
	{{{358, 165, 1215},0, {-1930, 646},{0xDB, 0x22, 0x75, 0x0}}},
	{{{466, 184, 1244},0, {-1467, 702},{0xDB, 0x22, 0x75, 0x0}}},
	{{{314, 184, 1196},0, {-2174, 569},{0xDB, 0x22, 0x75, 0x0}}},
	{{{372, 160, 1244},0, {-1844, 728},{0xE2, 0x77, 0x22, 0x0}}},
	{{{466, 184, 1244},0, {-1467, 702},{0xE2, 0x77, 0x22, 0x0}}},
	{{{358, 165, 1215},0, {-1930, 646},{0xE2, 0x77, 0x22, 0x0}}},
	{{{206, 185, 1205},0, {-2678, 626},{0x2B, 0x54, 0xAB, 0x0}}},
	{{{315, 186, 1261},0, {-2185, 754},{0x2B, 0x54, 0xAB, 0x0}}},
	{{{278, 163, 1220},0, {-2299, 628},{0x2B, 0x54, 0xAB, 0x0}}},
	{{{261, 184, 1289},0, {-2390, 916},{0xFE, 0x7F, 0x3, 0x0}}},
	{{{315, 186, 1261},0, {-2185, 754},{0xFE, 0x7F, 0x3, 0x0}}},
	{{{206, 185, 1205},0, {-2678, 626},{0xFE, 0x7F, 0x3, 0x0}}},
	{{{372, 160, 1244},0, {-1844, 728},{0xE4, 0x70, 0x36, 0x0}}},
	{{{469, 161, 1292},0, {-1439, 897},{0xE4, 0x70, 0x36, 0x0}}},
	{{{466, 184, 1244},0, {-1467, 702},{0xE4, 0x70, 0x36, 0x0}}},
	{{{381, 158, 1259},0, {-1851, 806},{0xF0, 0x7A, 0x1F, 0x0}}},
	{{{469, 161, 1292},0, {-1439, 897},{0xF0, 0x7A, 0x1F, 0x0}}},
	{{{372, 160, 1244},0, {-1844, 728},{0xF0, 0x7A, 0x1F, 0x0}}},
	{{{261, 184, 1289},0, {-2390, 916},{0x2D, 0x49, 0x5E, 0x0}}},
	{{{344, 162, 1266},0, {-1970, 833},{0x2D, 0x49, 0x5E, 0x0}}},
	{{{315, 186, 1261},0, {-2185, 754},{0x2D, 0x49, 0x5E, 0x0}}},
	{{{344, 162, 1266},0, {-1970, 833},{0x7, 0x7A, 0xDF, 0x0}}},
	{{{469, 161, 1292},0, {-1439, 897},{0x7, 0x7A, 0xDF, 0x0}}},
	{{{381, 158, 1259},0, {-1851, 806},{0x7, 0x7A, 0xDF, 0x0}}},
	{{{261, 184, 1289},0, {-2390, 916},{0xD, 0x70, 0xC5, 0x0}}},
	{{{469, 161, 1292},0, {-1439, 897},{0xD, 0x70, 0xC5, 0x0}}},
	{{{344, 162, 1266},0, {-1970, 833},{0xD, 0x70, 0xC5, 0x0}}},
	{{{261, 184, 1289},0, {-2390, 916},{0xD, 0x7E, 0xE, 0x0}}},
	{{{445, 159, 1330},0, {-1570, 1023},{0xD, 0x7E, 0xE, 0x0}}},
	{{{469, 161, 1292},0, {-1439, 897},{0xD, 0x7E, 0xE, 0x0}}},
	{{{367, 183, 1345},0, {-1868, 1053},{0x1A, 0x73, 0xD0, 0x0}}},
	{{{445, 159, 1330},0, {-1570, 1023},{0x1A, 0x73, 0xD0, 0x0}}},
	{{{261, 184, 1289},0, {-2390, 916},{0x1A, 0x73, 0xD0, 0x0}}},
	{{{-98, 190, 962},0, {-4031, -216},{0x8, 0x56, 0xA2, 0x0}}},
	{{{74, 196, 984},0, {-3271, -160},{0x8, 0x56, 0xA2, 0x0}}},
	{{{-26, 165, 947},0, {-3692, -267},{0x8, 0x56, 0xA2, 0x0}}},
	{{{-131, 187, 1002},0, {-4200, -66},{0xFB, 0x7F, 0x4, 0x0}}},
	{{{74, 196, 984},0, {-3271, -160},{0xFB, 0x7F, 0x4, 0x0}}},
	{{{-98, 190, 962},0, {-4031, -216},{0xFB, 0x7F, 0x4, 0x0}}},
	{{{-131, 187, 1002},0, {-4200, -66},{0x2, 0x62, 0x51, 0x0}}},
	{{{-34, 164, 1026},0, {-3708, -3},{0x2, 0x62, 0x51, 0x0}}},
	{{{74, 196, 984},0, {-3271, -160},{0x2, 0x62, 0x51, 0x0}}},
	{{{-34, 164, 1026},0, {-3708, -3},{0xEF, 0x76, 0x2D, 0x0}}},
	{{{117, 166, 1080},0, {-3068, 164},{0xEF, 0x76, 0x2D, 0x0}}},
	{{{74, 196, 984},0, {-3271, -160},{0xEF, 0x76, 0x2D, 0x0}}},
	{{{-128, 180, 1049},0, {-4172, 100},{0x19, 0x7C, 0x10, 0x0}}},
	{{{-34, 164, 1026},0, {-3708, -3},{0x19, 0x7C, 0x10, 0x0}}},
	{{{-131, 187, 1002},0, {-4200, -66},{0x19, 0x7C, 0x10, 0x0}}},
	{{{-128, 180, 1049},0, {-4172, 100},{0xEA, 0x24, 0x88, 0x0}}},
	{{{-55, 190, 1038},0, {-3818, 28},{0xEA, 0x24, 0x88, 0x0}}},
	{{{-34, 164, 1026},0, {-3708, -3},{0xEA, 0x24, 0x88, 0x0}}},
	{{{1, 184, 1034},0, {-3560, 43},{0x29, 0xE2, 0x8C, 0x0}}},
	{{{117, 166, 1080},0, {-3068, 164},{0x29, 0xE2, 0x8C, 0x0}}},
	{{{-34, 164, 1026},0, {-3708, -3},{0x29, 0xE2, 0x8C, 0x0}}},
	{{{-128, 180, 1049},0, {-4172, 100},{0xF3, 0x7C, 0x16, 0x0}}},
	{{{-52, 188, 1053},0, {-3820, 90},{0xF3, 0x7C, 0x16, 0x0}}},
	{{{-55, 190, 1038},0, {-3818, 28},{0xF3, 0x7C, 0x16, 0x0}}},
	{{{28, 190, 1072},0, {-3453, 169},{0x23, 0x72, 0xD5, 0x0}}},
	{{{117, 166, 1080},0, {-3068, 164},{0x23, 0x72, 0xD5, 0x0}}},
	{{{1, 184, 1034},0, {-3560, 43},{0x23, 0x72, 0xD5, 0x0}}},
	{{{-128, 180, 1049},0, {-4172, 100},{0xF3, 0x7D, 0x15, 0x0}}},
	{{{-44, 186, 1066},0, {-3766, 141},{0xF3, 0x7D, 0x15, 0x0}}},
	{{{-52, 188, 1053},0, {-3820, 90},{0xF3, 0x7D, 0x15, 0x0}}},
	{{{-77, 161, 1135},0, {-3948, 329},{0xF0, 0x78, 0x25, 0x0}}},
	{{{-44, 186, 1066},0, {-3766, 141},{0xF0, 0x78, 0x25, 0x0}}},
	{{{-128, 180, 1049},0, {-4172, 100},{0xF0, 0x78, 0x25, 0x0}}},
	{{{-77, 161, 1135},0, {-3948, 329},{0x23, 0x6C, 0x39, 0x0}}},
	{{{-10, 160, 1096},0, {-3609, 192},{0x23, 0x6C, 0x39, 0x0}}},
	{{{-44, 186, 1066},0, {-3766, 141},{0x23, 0x6C, 0x39, 0x0}}},
	{{{-77, 161, 1135},0, {-3948, 329},{0xED, 0x79, 0xDD, 0x0}}},
	{{{92, 188, 1135},0, {-3179, 316},{0xED, 0x79, 0xDD, 0x0}}},
	{{{-10, 160, 1096},0, {-3609, 192},{0xED, 0x79, 0xDD, 0x0}}},
	{{{-77, 161, 1135},0, {-3948, 329},{0xF5, 0x47, 0x69, 0x0}}},
	{{{130, 159, 1159},0, {-2946, 453},{0xF5, 0x47, 0x69, 0x0}}},
	{{{92, 188, 1135},0, {-3179, 316},{0xF5, 0x47, 0x69, 0x0}}},
	{{{28, 157, 1175},0, {-3502, 490},{0x0, 0x7E, 0xD, 0x0}}},
	{{{130, 159, 1159},0, {-2946, 453},{0x0, 0x7E, 0xD, 0x0}}},
	{{{-77, 161, 1135},0, {-3948, 329},{0x0, 0x7E, 0xD, 0x0}}},
	{{{28, 157, 1175},0, {-3502, 490},{0xFE, 0x7F, 0xFF, 0x0}}},
	{{{179, 160, 1216},0, {-2809, 624},{0xFE, 0x7F, 0xFF, 0x0}}},
	{{{130, 159, 1159},0, {-2946, 453},{0xFE, 0x7F, 0xFF, 0x0}}},
	{{{67, 153, 1200},0, {-3262, 568},{0xF3, 0x79, 0x26, 0x0}}},
	{{{179, 160, 1216},0, {-2809, 624},{0xF3, 0x79, 0x26, 0x0}}},
	{{{28, 157, 1175},0, {-3502, 490},{0xF3, 0x79, 0x26, 0x0}}},
	{{{82, 155, 1209},0, {-3178, 650},{0xFC, 0x7D, 0xEB, 0x0}}},
	{{{179, 160, 1216},0, {-2809, 624},{0xFC, 0x7D, 0xEB, 0x0}}},
	{{{67, 153, 1200},0, {-3262, 568},{0xFC, 0x7D, 0xEB, 0x0}}},
	{{{-85, 157, 1199},0, {-3994, 549},{0xF0, 0x6A, 0x44, 0x0}}},
	{{{16, 154, 1227},0, {-3512, 677},{0xF0, 0x6A, 0x44, 0x0}}},
	{{{-3, 179, 1184},0, {-3624, 550},{0xF0, 0x6A, 0x44, 0x0}}},
	{{{-25, 176, 1276},0, {-3711, 841},{0xF, 0x77, 0xD6, 0x0}}},
	{{{16, 154, 1227},0, {-3512, 677},{0xF, 0x77, 0xD6, 0x0}}},
	{{{-85, 157, 1199},0, {-3994, 549},{0xF, 0x77, 0xD6, 0x0}}},
	{{{82, 155, 1209},0, {-3178, 650},{0xFA, 0x7F, 0xFF, 0x0}}},
	{{{174, 161, 1261},0, {-2778, 821},{0xFA, 0x7F, 0xFF, 0x0}}},
	{{{179, 160, 1216},0, {-2809, 624},{0xFA, 0x7F, 0xFF, 0x0}}},
	{{{86, 159, 1230},0, {-3184, 729},{0x6, 0x7D, 0xE8, 0x0}}},
	{{{174, 161, 1261},0, {-2778, 821},{0x6, 0x7D, 0xE8, 0x0}}},
	{{{82, 155, 1209},0, {-3178, 650},{0x6, 0x7D, 0xE8, 0x0}}},
	{{{-25, 176, 1276},0, {-3711, 841},{0xEA, 0x69, 0xBC, 0x0}}},
	{{{70, 180, 1250},0, {-3300, 757},{0xEA, 0x69, 0xBC, 0x0}}},
	{{{16, 154, 1227},0, {-3512, 677},{0xEA, 0x69, 0xBC, 0x0}}},
	{{{70, 180, 1250},0, {-3300, 757},{0x1A, 0x60, 0xB0, 0x0}}},
	{{{174, 161, 1261},0, {-2778, 821},{0x1A, 0x60, 0xB0, 0x0}}},
	{{{86, 159, 1230},0, {-3184, 729},{0x1A, 0x60, 0xB0, 0x0}}},
	{{{-25, 176, 1276},0, {-3711, 841},{0xD, 0x6D, 0x40, 0x0}}},
	{{{174, 161, 1261},0, {-2778, 821},{0xD, 0x6D, 0x40, 0x0}}},
	{{{70, 180, 1250},0, {-3300, 757},{0xD, 0x6D, 0x40, 0x0}}},
	{{{-25, 176, 1276},0, {-3711, 841},{0xB, 0x7C, 0x1A, 0x0}}},
	{{{139, 154, 1309},0, {-2905, 949},{0xB, 0x7C, 0x1A, 0x0}}},
	{{{174, 161, 1261},0, {-2778, 821},{0xB, 0x7C, 0x1A, 0x0}}},
	{{{90, 175, 1320},0, {-3197, 978},{0x1C, 0x65, 0xB8, 0x0}}},
	{{{139, 154, 1309},0, {-2905, 949},{0x1C, 0x65, 0xB8, 0x0}}},
	{{{-25, 176, 1276},0, {-3711, 841},{0x1C, 0x65, 0xB8, 0x0}}},
	{{{1854, 205, 1048},0, {4884, 43},{0x0, 0x7F, 0x6, 0x0}}},
	{{{1967, 205, 1038},0, {5403, 25},{0x0, 0x7F, 0x6, 0x0}}},
	{{{1751, 207, 1015},0, {4429, -58},{0x0, 0x7F, 0x6, 0x0}}},
	{{{1975, 202, 1090},0, {5454, 172},{0x0, 0x7F, 0x6, 0x0}}},
};

Gfx title_Text_011_mesh_layer_1_tri_0[] = {
	gsSPVertex(title_Text_011_mesh_layer_1_vtx_0 + 0, 15, 0),
	gsSP1Triangle(0, 1, 2, 0),
	gsSP1Triangle(3, 4, 5, 0),
	gsSP1Triangle(6, 7, 8, 0),
	gsSP1Triangle(9, 10, 11, 0),
	gsSP1Triangle(12, 13, 14, 0),
	gsSPVertex(title_Text_011_mesh_layer_1_vtx_0 + 15, 15, 0),
	gsSP1Triangle(0, 1, 2, 0),
	gsSP1Triangle(3, 4, 5, 0),
	gsSP1Triangle(6, 7, 8, 0),
	gsSP1Triangle(9, 10, 11, 0),
	gsSP1Triangle(12, 13, 14, 0),
	gsSPVertex(title_Text_011_mesh_layer_1_vtx_0 + 30, 15, 0),
	gsSP1Triangle(0, 1, 2, 0),
	gsSP1Triangle(3, 4, 5, 0),
	gsSP1Triangle(6, 7, 8, 0),
	gsSP1Triangle(9, 10, 11, 0),
	gsSP1Triangle(12, 13, 14, 0),
	gsSPVertex(title_Text_011_mesh_layer_1_vtx_0 + 45, 15, 0),
	gsSP1Triangle(0, 1, 2, 0),
	gsSP1Triangle(3, 4, 5, 0),
	gsSP1Triangle(6, 7, 8, 0),
	gsSP1Triangle(9, 10, 11, 0),
	gsSP1Triangle(12, 13, 14, 0),
	gsSPVertex(title_Text_011_mesh_layer_1_vtx_0 + 60, 15, 0),
	gsSP1Triangle(0, 1, 2, 0),
	gsSP1Triangle(3, 4, 5, 0),
	gsSP1Triangle(6, 7, 8, 0),
	gsSP1Triangle(9, 10, 11, 0),
	gsSP1Triangle(12, 13, 14, 0),
	gsSPVertex(title_Text_011_mesh_layer_1_vtx_0 + 75, 15, 0),
	gsSP1Triangle(0, 1, 2, 0),
	gsSP1Triangle(3, 4, 5, 0),
	gsSP1Triangle(6, 7, 8, 0),
	gsSP1Triangle(9, 10, 11, 0),
	gsSP1Triangle(12, 13, 14, 0),
	gsSPVertex(title_Text_011_mesh_layer_1_vtx_0 + 90, 15, 0),
	gsSP1Triangle(0, 1, 2, 0),
	gsSP1Triangle(3, 4, 5, 0),
	gsSP1Triangle(6, 7, 8, 0),
	gsSP1Triangle(9, 10, 11, 0),
	gsSP1Triangle(12, 13, 14, 0),
	gsSPVertex(title_Text_011_mesh_layer_1_vtx_0 + 105, 15, 0),
	gsSP1Triangle(0, 1, 2, 0),
	gsSP1Triangle(3, 4, 5, 0),
	gsSP1Triangle(6, 7, 8, 0),
	gsSP1Triangle(9, 10, 11, 0),
	gsSP1Triangle(12, 13, 14, 0),
	gsSPVertex(title_Text_011_mesh_layer_1_vtx_0 + 120, 15, 0),
	gsSP1Triangle(0, 1, 2, 0),
	gsSP1Triangle(3, 4, 5, 0),
	gsSP1Triangle(6, 7, 8, 0),
	gsSP1Triangle(9, 10, 11, 0),
	gsSP1Triangle(12, 13, 14, 0),
	gsSPVertex(title_Text_011_mesh_layer_1_vtx_0 + 135, 15, 0),
	gsSP1Triangle(0, 1, 2, 0),
	gsSP1Triangle(3, 4, 5, 0),
	gsSP1Triangle(6, 7, 8, 0),
	gsSP1Triangle(9, 10, 11, 0),
	gsSP1Triangle(12, 13, 14, 0),
	gsSPVertex(title_Text_011_mesh_layer_1_vtx_0 + 150, 15, 0),
	gsSP1Triangle(0, 1, 2, 0),
	gsSP1Triangle(3, 4, 5, 0),
	gsSP1Triangle(6, 7, 8, 0),
	gsSP1Triangle(9, 10, 11, 0),
	gsSP1Triangle(12, 13, 14, 0),
	gsSPVertex(title_Text_011_mesh_layer_1_vtx_0 + 165, 15, 0),
	gsSP1Triangle(0, 1, 2, 0),
	gsSP1Triangle(3, 4, 5, 0),
	gsSP1Triangle(6, 7, 8, 0),
	gsSP1Triangle(9, 10, 11, 0),
	gsSP1Triangle(12, 13, 14, 0),
	gsSPVertex(title_Text_011_mesh_layer_1_vtx_0 + 180, 15, 0),
	gsSP1Triangle(0, 1, 2, 0),
	gsSP1Triangle(3, 4, 5, 0),
	gsSP1Triangle(6, 7, 8, 0),
	gsSP1Triangle(9, 10, 11, 0),
	gsSP1Triangle(12, 13, 14, 0),
	gsSPVertex(title_Text_011_mesh_layer_1_vtx_0 + 195, 15, 0),
	gsSP1Triangle(0, 1, 2, 0),
	gsSP1Triangle(3, 4, 5, 0),
	gsSP1Triangle(6, 7, 8, 0),
	gsSP1Triangle(9, 10, 11, 0),
	gsSP1Triangle(12, 13, 14, 0),
	gsSPVertex(title_Text_011_mesh_layer_1_vtx_0 + 210, 15, 0),
	gsSP1Triangle(0, 1, 2, 0),
	gsSP1Triangle(3, 4, 5, 0),
	gsSP1Triangle(6, 7, 8, 0),
	gsSP1Triangle(9, 10, 11, 0),
	gsSP1Triangle(12, 13, 14, 0),
	gsSPVertex(title_Text_011_mesh_layer_1_vtx_0 + 225, 15, 0),
	gsSP1Triangle(0, 1, 2, 0),
	gsSP1Triangle(3, 4, 5, 0),
	gsSP1Triangle(6, 7, 8, 0),
	gsSP1Triangle(9, 10, 11, 0),
	gsSP1Triangle(12, 13, 14, 0),
	gsSPVertex(title_Text_011_mesh_layer_1_vtx_0 + 240, 15, 0),
	gsSP1Triangle(0, 1, 2, 0),
	gsSP1Triangle(3, 4, 5, 0),
	gsSP1Triangle(6, 7, 8, 0),
	gsSP1Triangle(9, 10, 11, 0),
	gsSP1Triangle(12, 13, 14, 0),
	gsSPVertex(title_Text_011_mesh_layer_1_vtx_0 + 255, 15, 0),
	gsSP1Triangle(0, 1, 2, 0),
	gsSP1Triangle(3, 4, 5, 0),
	gsSP1Triangle(6, 7, 8, 0),
	gsSP1Triangle(9, 10, 11, 0),
	gsSP1Triangle(12, 13, 14, 0),
	gsSPVertex(title_Text_011_mesh_layer_1_vtx_0 + 270, 15, 0),
	gsSP1Triangle(0, 1, 2, 0),
	gsSP1Triangle(3, 4, 5, 0),
	gsSP1Triangle(6, 7, 8, 0),
	gsSP1Triangle(9, 10, 11, 0),
	gsSP1Triangle(12, 13, 14, 0),
	gsSPVertex(title_Text_011_mesh_layer_1_vtx_0 + 285, 15, 0),
	gsSP1Triangle(0, 1, 2, 0),
	gsSP1Triangle(3, 4, 5, 0),
	gsSP1Triangle(6, 7, 8, 0),
	gsSP1Triangle(9, 10, 11, 0),
	gsSP1Triangle(12, 13, 14, 0),
	gsSPVertex(title_Text_011_mesh_layer_1_vtx_0 + 300, 15, 0),
	gsSP1Triangle(0, 1, 2, 0),
	gsSP1Triangle(3, 4, 5, 0),
	gsSP1Triangle(6, 7, 8, 0),
	gsSP1Triangle(9, 10, 11, 0),
	gsSP1Triangle(12, 13, 14, 0),
	gsSPVertex(title_Text_011_mesh_layer_1_vtx_0 + 315, 15, 0),
	gsSP1Triangle(0, 1, 2, 0),
	gsSP1Triangle(3, 4, 5, 0),
	gsSP1Triangle(6, 7, 8, 0),
	gsSP1Triangle(9, 10, 11, 0),
	gsSP1Triangle(12, 13, 14, 0),
	gsSPVertex(title_Text_011_mesh_layer_1_vtx_0 + 330, 15, 0),
	gsSP1Triangle(0, 1, 2, 0),
	gsSP1Triangle(3, 4, 5, 0),
	gsSP1Triangle(6, 7, 8, 0),
	gsSP1Triangle(9, 10, 11, 0),
	gsSP1Triangle(12, 13, 14, 0),
	gsSPVertex(title_Text_011_mesh_layer_1_vtx_0 + 345, 15, 0),
	gsSP1Triangle(0, 1, 2, 0),
	gsSP1Triangle(3, 4, 5, 0),
	gsSP1Triangle(6, 7, 8, 0),
	gsSP1Triangle(9, 10, 11, 0),
	gsSP1Triangle(12, 13, 14, 0),
	gsSPVertex(title_Text_011_mesh_layer_1_vtx_0 + 360, 15, 0),
	gsSP1Triangle(0, 1, 2, 0),
	gsSP1Triangle(3, 4, 5, 0),
	gsSP1Triangle(6, 7, 8, 0),
	gsSP1Triangle(9, 10, 11, 0),
	gsSP1Triangle(12, 13, 14, 0),
	gsSPVertex(title_Text_011_mesh_layer_1_vtx_0 + 375, 15, 0),
	gsSP1Triangle(0, 1, 2, 0),
	gsSP1Triangle(3, 4, 5, 0),
	gsSP1Triangle(6, 7, 8, 0),
	gsSP1Triangle(9, 10, 11, 0),
	gsSP1Triangle(12, 13, 14, 0),
	gsSPVertex(title_Text_011_mesh_layer_1_vtx_0 + 390, 15, 0),
	gsSP1Triangle(0, 1, 2, 0),
	gsSP1Triangle(3, 4, 5, 0),
	gsSP1Triangle(6, 7, 8, 0),
	gsSP1Triangle(9, 10, 11, 0),
	gsSP1Triangle(12, 13, 14, 0),
	gsSPVertex(title_Text_011_mesh_layer_1_vtx_0 + 405, 15, 0),
	gsSP1Triangle(0, 1, 2, 0),
	gsSP1Triangle(3, 4, 5, 0),
	gsSP1Triangle(6, 7, 8, 0),
	gsSP1Triangle(9, 10, 11, 0),
	gsSP1Triangle(12, 13, 14, 0),
	gsSPVertex(title_Text_011_mesh_layer_1_vtx_0 + 420, 15, 0),
	gsSP1Triangle(0, 1, 2, 0),
	gsSP1Triangle(3, 4, 5, 0),
	gsSP1Triangle(6, 7, 8, 0),
	gsSP1Triangle(9, 10, 11, 0),
	gsSP1Triangle(12, 13, 14, 0),
	gsSPVertex(title_Text_011_mesh_layer_1_vtx_0 + 435, 15, 0),
	gsSP1Triangle(0, 1, 2, 0),
	gsSP1Triangle(3, 4, 5, 0),
	gsSP1Triangle(6, 7, 8, 0),
	gsSP1Triangle(9, 10, 11, 0),
	gsSP1Triangle(12, 13, 14, 0),
	gsSPVertex(title_Text_011_mesh_layer_1_vtx_0 + 450, 15, 0),
	gsSP1Triangle(0, 1, 2, 0),
	gsSP1Triangle(3, 4, 5, 0),
	gsSP1Triangle(6, 7, 8, 0),
	gsSP1Triangle(9, 10, 11, 0),
	gsSP1Triangle(12, 13, 14, 0),
	gsSPVertex(title_Text_011_mesh_layer_1_vtx_0 + 465, 15, 0),
	gsSP1Triangle(0, 1, 2, 0),
	gsSP1Triangle(3, 4, 5, 0),
	gsSP1Triangle(6, 7, 8, 0),
	gsSP1Triangle(9, 10, 11, 0),
	gsSP1Triangle(12, 13, 14, 0),
	gsSPVertex(title_Text_011_mesh_layer_1_vtx_0 + 480, 15, 0),
	gsSP1Triangle(0, 1, 2, 0),
	gsSP1Triangle(3, 4, 5, 0),
	gsSP1Triangle(6, 7, 8, 0),
	gsSP1Triangle(9, 10, 11, 0),
	gsSP1Triangle(12, 13, 14, 0),
	gsSPVertex(title_Text_011_mesh_layer_1_vtx_0 + 495, 15, 0),
	gsSP1Triangle(0, 1, 2, 0),
	gsSP1Triangle(3, 4, 5, 0),
	gsSP1Triangle(6, 7, 8, 0),
	gsSP1Triangle(9, 10, 11, 0),
	gsSP1Triangle(12, 13, 14, 0),
	gsSPVertex(title_Text_011_mesh_layer_1_vtx_0 + 510, 10, 0),
	gsSP1Triangle(0, 1, 2, 0),
	gsSP1Triangle(3, 4, 5, 0),
	gsSP1Triangle(6, 7, 8, 0),
	gsSP1Triangle(6, 9, 7, 0),
	gsSPEndDisplayList(),
};

Vtx title_Text_011_mesh_layer_1_vtx_1[412] = {
	{{{2798, 170, 268},0, {-529, 495},{0x7, 0x7F, 0x3, 0x0}}},
	{{{2910, 164, 195},0, {495, 495},{0x12, 0x7D, 0x11, 0x0}}},
	{{{2832, 190, 200},0, {495, -529},{0x27, 0x6E, 0x33, 0x0}}},
	{{{2908, 172, 632},0, {495, 495},{0x0, 0x7F, 0x2, 0x0}}},
	{{{2910, 164, 195},0, {495, -529},{0x12, 0x7D, 0x11, 0x0}}},
	{{{2738, 165, 315},0, {-529, 495},{0xF0, 0x7E, 0xF7, 0x0}}},
	{{{2816, 179, 351},0, {495, 495},{0x34, 0x73, 0xEE, 0x0}}},
	{{{2798, 170, 268},0, {495, -529},{0x7, 0x7F, 0x3, 0x0}}},
	{{{2816, 179, 351},0, {-529, 495},{0x34, 0x73, 0xEE, 0x0}}},
	{{{2743, 174, 415},0, {-529, 495},{0xFD, 0x7F, 0x4, 0x0}}},
	{{{2738, 165, 315},0, {495, -529},{0xF0, 0x7E, 0xF7, 0x0}}},
	{{{2784, 170, 390},0, {495, 495},{0x33, 0x61, 0x41, 0x0}}},
	{{{2816, 179, 351},0, {495, -529},{0x34, 0x73, 0xEE, 0x0}}},
	{{{2832, 169, 645},0, {-529, 495},{0xFC, 0x7F, 0x4, 0x0}}},
	{{{2409, 178, 252},0, {-529, 495},{0xE7, 0x7C, 0xF1, 0x0}}},
	{{{2492, 206, 330},0, {495, 495},{0xF5, 0x7E, 0xF9, 0x0}}},
	{{{2482, 175, 197},0, {495, -529},{0xF2, 0x7B, 0xE5, 0x0}}},
	{{{2408, 176, 327},0, {-529, 495},{0xF1, 0x7B, 0xE4, 0x0}}},
	{{{2409, 178, 252},0, {495, -529},{0xE7, 0x7C, 0xF1, 0x0}}},
	{{{2371, 205, 410},0, {-529, 495},{0x6, 0x7E, 0xE, 0x0}}},
	{{{2408, 176, 327},0, {495, 495},{0xF1, 0x7B, 0xE4, 0x0}}},
	{{{2378, 182, 311},0, {495, -529},{0x24, 0x77, 0xE7, 0x0}}},
	{{{2408, 176, 327},0, {495, -529},{0xF1, 0x7B, 0xE4, 0x0}}},
	{{{2545, 205, 317},0, {495, 495},{0x12, 0x79, 0x21, 0x0}}},
	{{{2492, 206, 330},0, {495, -529},{0xF5, 0x7E, 0xF9, 0x0}}},
	{{{2537, 178, 401},0, {495, 495},{0x13, 0x78, 0x24, 0x0}}},
	{{{2545, 205, 317},0, {495, -529},{0x12, 0x79, 0x21, 0x0}}},
	{{{2402, 185, 424},0, {-529, 495},{0xE, 0x76, 0x2D, 0x0}}},
	{{{2371, 205, 410},0, {495, -529},{0x6, 0x7E, 0xE, 0x0}}},
	{{{2408, 203, 507},0, {-529, 495},{0x1B, 0x7C, 0xF8, 0x0}}},
	{{{2492, 183, 422},0, {495, 495},{0x8, 0x7D, 0xED, 0x0}}},
	{{{2402, 185, 424},0, {495, -529},{0xE, 0x76, 0x2D, 0x0}}},
	{{{2492, 183, 422},0, {-529, 495},{0x8, 0x7D, 0xED, 0x0}}},
	{{{2537, 178, 401},0, {495, 495},{0x13, 0x78, 0x24, 0x0}}},
	{{{2486, 180, 523},0, {495, 495},{0x28, 0x79, 0x1, 0x0}}},
	{{{2492, 183, 422},0, {495, -529},{0x8, 0x7D, 0xED, 0x0}}},
	{{{2425, 204, 596},0, {-529, 495},{0x16, 0x7C, 0x12, 0x0}}},
	{{{2408, 203, 507},0, {495, -529},{0x1B, 0x7C, 0xF8, 0x0}}},
	{{{2492, 177, 543},0, {495, 495},{0x22, 0x79, 0xED, 0x0}}},
	{{{2486, 180, 523},0, {495, -529},{0x28, 0x79, 0x1, 0x0}}},
	{{{2519, 180, 562},0, {495, 495},{0xF3, 0x7E, 0x1, 0x0}}},
	{{{2492, 177, 543},0, {495, -529},{0x22, 0x79, 0xED, 0x0}}},
	{{{2519, 180, 562},0, {-529, 495},{0xF3, 0x7E, 0x1, 0x0}}},
	{{{2556, 176, 639},0, {495, 495},{0xFE, 0x7F, 0xFA, 0x0}}},
	{{{2543, 204, 559},0, {495, -529},{0xB0, 0x59, 0x2B, 0x0}}},
	{{{2425, 204, 596},0, {-529, 495},{0x16, 0x7C, 0x12, 0x0}}},
	{{{2556, 176, 639},0, {495, 495},{0xFE, 0x7F, 0xFA, 0x0}}},
	{{{2519, 180, 562},0, {495, -529},{0xF3, 0x7E, 0x1, 0x0}}},
	{{{2434, 181, 624},0, {-529, 495},{0xFE, 0x73, 0x37, 0x0}}},
	{{{2425, 204, 596},0, {495, -529},{0x16, 0x7C, 0x12, 0x0}}},
	{{{2490, 201, 651},0, {-529, 495},{0xE, 0x55, 0xA2, 0x0}}},
	{{{2434, 181, 624},0, {495, -529},{0xFE, 0x73, 0x37, 0x0}}},
	{{{2216, 209, 330},0, {-529, 495},{0x15, 0x60, 0x51, 0x0}}},
	{{{2307, 179, 342},0, {495, 495},{0x7, 0x7D, 0x13, 0x0}}},
	{{{2253, 207, 306},0, {495, -529},{0x20, 0x74, 0x28, 0x0}}},
	{{{2093, 188, 644},0, {-529, 495},{0xE8, 0x7C, 0xF6, 0x0}}},
	{{{2165, 211, 317},0, {495, 495},{0xC, 0x7E, 0xB, 0x0}}},
	{{{2085, 184, 333},0, {495, -529},{0xD8, 0x79, 0x0, 0x0}}},
	{{{2175, 179, 365},0, {495, 495},{0x32, 0x75, 0x4, 0x0}}},
	{{{2165, 211, 317},0, {495, -529},{0xC, 0x7E, 0xB, 0x0}}},
	{{{2175, 179, 365},0, {-529, 495},{0x32, 0x75, 0x4, 0x0}}},
	{{{2307, 179, 342},0, {495, 495},{0x7, 0x7D, 0x13, 0x0}}},
	{{{2216, 209, 330},0, {495, -529},{0x15, 0x60, 0x51, 0x0}}},
	{{{2331, 184, 428},0, {495, 495},{0x9, 0x7F, 0x0, 0x0}}},
	{{{2307, 179, 342},0, {495, -529},{0x7, 0x7D, 0x13, 0x0}}},
	{{{2093, 188, 644},0, {-529, 495},{0xE8, 0x7C, 0xF6, 0x0}}},
	{{{2181, 212, 430},0, {495, 495},{0xBF, 0x69, 0xE3, 0x0}}},
	{{{2175, 179, 365},0, {495, -529},{0x32, 0x75, 0x4, 0x0}}},
	{{{2181, 212, 430},0, {-529, 495},{0xBF, 0x69, 0xE3, 0x0}}},
	{{{2213, 204, 397},0, {495, 495},{0xE, 0x58, 0xA5, 0x0}}},
	{{{2213, 204, 397},0, {-529, 495},{0xE, 0x58, 0xA5, 0x0}}},
	{{{2243, 211, 410},0, {-529, 495},{0x2C, 0x55, 0xAD, 0x0}}},
	{{{2213, 204, 397},0, {495, -529},{0xE, 0x58, 0xA5, 0x0}}},
	{{{2253, 181, 471},0, {-529, 495},{0x7, 0x7D, 0x15, 0x0}}},
	{{{2243, 211, 410},0, {495, -529},{0x2C, 0x55, 0xAD, 0x0}}},
	{{{2093, 188, 644},0, {-529, 495},{0xE8, 0x7C, 0xF6, 0x0}}},
	{{{2182, 186, 473},0, {495, 495},{0x4B, 0x60, 0x25, 0x0}}},
	{{{2181, 212, 430},0, {495, -529},{0xBF, 0x69, 0xE3, 0x0}}},
	{{{2253, 181, 471},0, {-529, 495},{0x7, 0x7D, 0x15, 0x0}}},
	{{{2338, 180, 651},0, {495, 495},{0x2, 0x7F, 0x0, 0x0}}},
	{{{2331, 184, 428},0, {495, -529},{0x9, 0x7F, 0x0, 0x0}}},
	{{{2255, 183, 644},0, {-529, 495},{0x5, 0x7F, 0xFF, 0x0}}},
	{{{2253, 181, 471},0, {495, -529},{0x7, 0x7D, 0x15, 0x0}}},
	{{{2186, 213, 637},0, {495, 495},{0xDE, 0x79, 0xED, 0x0}}},
	{{{2182, 186, 473},0, {495, -529},{0x4B, 0x60, 0x25, 0x0}}},
	{{{1803, 190, 360},0, {-529, 495},{0xEF, 0x7D, 0xEE, 0x0}}},
	{{{1982, 187, 319},0, {495, 495},{0xFC, 0x7C, 0xE3, 0x0}}},
	{{{1897, 189, 311},0, {495, -529},{0x3, 0x7F, 0x3, 0x0}}},
	{{{2027, 209, 388},0, {495, 495},{0x0, 0x7E, 0xED, 0x0}}},
	{{{1982, 187, 319},0, {495, -529},{0xFC, 0x7C, 0xE3, 0x0}}},
	{{{1775, 189, 488},0, {-529, 495},{0xF7, 0x7E, 0xF9, 0x0}}},
	{{{1868, 212, 408},0, {495, 495},{0xF3, 0x7B, 0xE1, 0x0}}},
	{{{1803, 190, 360},0, {495, -529},{0xEF, 0x7D, 0xEE, 0x0}}},
	{{{1868, 212, 408},0, {-529, 495},{0xF3, 0x7B, 0xE1, 0x0}}},
	{{{1915, 190, 378},0, {495, 495},{0xF0, 0x62, 0x4F, 0x0}}},
	{{{1915, 190, 378},0, {-529, 495},{0xF0, 0x62, 0x4F, 0x0}}},
	{{{2027, 209, 388},0, {495, 495},{0x0, 0x7E, 0xED, 0x0}}},
	{{{1942, 211, 387},0, {-529, 495},{0x1, 0x5C, 0xA8, 0x0}}},
	{{{1915, 190, 378},0, {495, -529},{0xF0, 0x62, 0x4F, 0x0}}},
	{{{2050, 212, 502},0, {495, 495},{0xFD, 0x7E, 0xF5, 0x0}}},
	{{{2027, 209, 388},0, {495, -529},{0x0, 0x7E, 0xED, 0x0}}},
	{{{1953, 211, 451},0, {-529, 495},{0xF9, 0x7E, 0xC, 0x0}}},
	{{{1942, 211, 387},0, {495, -529},{0x1, 0x5C, 0xA8, 0x0}}},
	{{{1869, 211, 445},0, {495, 495},{0xF2, 0x7A, 0x1F, 0x0}}},
	{{{1868, 212, 408},0, {495, -529},{0xF3, 0x7B, 0xE1, 0x0}}},
	{{{1775, 189, 488},0, {-529, 495},{0xF7, 0x7E, 0xF9, 0x0}}},
	{{{1953, 211, 451},0, {495, 495},{0xF9, 0x7E, 0xC, 0x0}}},
	{{{1869, 211, 445},0, {495, -529},{0xF2, 0x7A, 0x1F, 0x0}}},
	{{{2050, 212, 502},0, {495, 495},{0xFD, 0x7E, 0xF5, 0x0}}},
	{{{1953, 211, 451},0, {495, -529},{0xF9, 0x7E, 0xC, 0x0}}},
	{{{1793, 217, 578},0, {-529, 495},{0xC, 0x7B, 0xE3, 0x0}}},
	{{{1875, 186, 508},0, {495, 495},{0x1, 0x7A, 0x24, 0x0}}},
	{{{1775, 189, 488},0, {495, -529},{0xF7, 0x7E, 0xF9, 0x0}}},
	{{{1875, 186, 508},0, {-529, 495},{0x1, 0x7A, 0x24, 0x0}}},
	{{{2039, 213, 501},0, {495, 495},{0x0, 0xDD, 0x86, 0x0}}},
	{{{2050, 212, 502},0, {495, -529},{0xFD, 0x7E, 0xF5, 0x0}}},
	{{{1880, 191, 559},0, {495, 495},{0xC, 0x65, 0xB4, 0x0}}},
	{{{1875, 186, 508},0, {495, -529},{0x1, 0x7A, 0x24, 0x0}}},
	{{{1936, 188, 561},0, {-529, 495},{0x15, 0x7D, 0xF3, 0x0}}},
	{{{2035, 211, 560},0, {495, 495},{0xE4, 0x7B, 0x11, 0x0}}},
	{{{1946, 216, 551},0, {495, -529},{0xF6, 0x2F, 0x76, 0x0}}},
	{{{1793, 217, 578},0, {-529, 495},{0xC, 0x7B, 0xE3, 0x0}}},
	{{{1908, 210, 568},0, {495, 495},{0xE, 0x77, 0xD5, 0x0}}},
	{{{1880, 191, 559},0, {495, -529},{0xC, 0x65, 0xB4, 0x0}}},
	{{{1936, 188, 561},0, {-529, 495},{0x15, 0x7D, 0xF3, 0x0}}},
	{{{1987, 210, 618},0, {495, 495},{0xFA, 0x7F, 0xF8, 0x0}}},
	{{{2035, 211, 560},0, {495, -529},{0xE4, 0x7B, 0x11, 0x0}}},
	{{{1908, 210, 568},0, {-529, 495},{0xE, 0x77, 0xD5, 0x0}}},
	{{{1936, 188, 561},0, {495, -529},{0x15, 0x7D, 0xF3, 0x0}}},
	{{{1844, 213, 632},0, {-529, 495},{0x7, 0x7D, 0x14, 0x0}}},
	{{{1793, 217, 578},0, {495, -529},{0xC, 0x7B, 0xE3, 0x0}}},
	{{{1908, 210, 568},0, {495, -529},{0xE, 0x77, 0xD5, 0x0}}},
	{{{1908, 184, 643},0, {495, 495},{0xC, 0x44, 0x6B, 0x0}}},
	{{{1987, 210, 618},0, {495, -529},{0xFA, 0x7F, 0xF8, 0x0}}},
	{{{1447, 190, 323},0, {-529, 495},{0xFD, 0x71, 0xC5, 0x0}}},
	{{{1529, 190, 318},0, {495, 495},{0xFF, 0x73, 0xCA, 0x0}}},
	{{{1484, 191, 310},0, {495, -529},{0x1, 0x7E, 0xF, 0x0}}},
	{{{1605, 188, 332},0, {-529, 495},{0xE6, 0x63, 0xB5, 0x0}}},
	{{{1698, 217, 337},0, {495, 495},{0xF8, 0x7D, 0x17, 0x0}}},
	{{{1652, 214, 307},0, {495, -529},{0xDB, 0x70, 0x2F, 0x0}}},
	{{{1313, 213, 645},0, {-529, 495},{0x14, 0x7D, 0xB, 0x0}}},
	{{{1409, 213, 315},0, {495, 495},{0xFD, 0x7F, 0x0, 0x0}}},
	{{{1321, 215, 312},0, {495, -529},{0x2, 0x7F, 0x0, 0x0}}},
	{{{1394, 217, 371},0, {495, 495},{0xB8, 0x64, 0xE3, 0x0}}},
	{{{1409, 213, 315},0, {495, -529},{0xFD, 0x7F, 0x0, 0x0}}},
	{{{1559, 214, 364},0, {-529, 495},{0x1, 0x7D, 0xE8, 0x0}}},
	{{{1605, 188, 332},0, {495, -529},{0xE6, 0x63, 0xB5, 0x0}}},
	{{{1394, 217, 371},0, {-529, 495},{0xB8, 0x64, 0xE3, 0x0}}},
	{{{1529, 190, 318},0, {495, 495},{0xFF, 0x73, 0xCA, 0x0}}},
	{{{1447, 190, 323},0, {495, -529},{0xFD, 0x71, 0xC5, 0x0}}},
	{{{1559, 214, 364},0, {495, 495},{0x1, 0x7D, 0xE8, 0x0}}},
	{{{1529, 190, 318},0, {495, -529},{0xFF, 0x73, 0xCA, 0x0}}},
	{{{1559, 214, 364},0, {-529, 495},{0x1, 0x7D, 0xE8, 0x0}}},
	{{{1734, 185, 433},0, {495, 495},{0x4, 0x7E, 0x11, 0x0}}},
	{{{1698, 217, 337},0, {495, -529},{0xF8, 0x7D, 0x17, 0x0}}},
	{{{1313, 213, 645},0, {-529, 495},{0x14, 0x7D, 0xB, 0x0}}},
	{{{1413, 215, 413},0, {495, 495},{0x3, 0x7F, 0x4, 0x0}}},
	{{{1394, 217, 371},0, {495, -529},{0xB8, 0x64, 0xE3, 0x0}}},
	{{{1413, 215, 413},0, {-529, 495},{0x3, 0x7F, 0x4, 0x0}}},
	{{{1450, 215, 404},0, {495, 495},{0x1, 0x7F, 0xFE, 0x0}}},
	{{{1450, 215, 404},0, {-529, 495},{0x1, 0x7F, 0xFE, 0x0}}},
	{{{1559, 214, 364},0, {495, 495},{0x1, 0x7D, 0xE8, 0x0}}},
	{{{1606, 214, 410},0, {495, 495},{0x14, 0x7B, 0x17, 0x0}}},
	{{{1559, 214, 364},0, {495, -529},{0x1, 0x7D, 0xE8, 0x0}}},
	{{{1606, 214, 410},0, {-529, 495},{0x14, 0x7B, 0x17, 0x0}}},
	{{{1471, 218, 405},0, {-529, 495},{0xF, 0x25, 0x87, 0x0}}},
	{{{1450, 215, 404},0, {495, -529},{0x1, 0x7F, 0xFE, 0x0}}},
	{{{1471, 218, 405},0, {-529, 495},{0xF, 0x25, 0x87, 0x0}}},
	{{{1583, 192, 414},0, {495, 495},{0xF8, 0x5C, 0x58, 0x0}}},
	{{{1606, 214, 410},0, {495, -529},{0x14, 0x7B, 0x17, 0x0}}},
	{{{1636, 189, 411},0, {-529, 495},{0xE8, 0x2A, 0x76, 0x0}}},
	{{{1734, 185, 433},0, {495, 495},{0x4, 0x7E, 0x11, 0x0}}},
	{{{1480, 193, 440},0, {-529, 495},{0xF7, 0x7D, 0x14, 0x0}}},
	{{{1471, 218, 405},0, {495, -529},{0xF, 0x25, 0x87, 0x0}}},
	{{{1313, 213, 645},0, {-529, 495},{0x14, 0x7D, 0xB, 0x0}}},
	{{{1405, 214, 475},0, {495, 495},{0x7, 0x7F, 0x4, 0x0}}},
	{{{1413, 215, 413},0, {495, -529},{0x3, 0x7F, 0x4, 0x0}}},
	{{{1573, 220, 464},0, {495, 495},{0xF1, 0x7A, 0xE0, 0x0}}},
	{{{1583, 192, 414},0, {495, -529},{0xF8, 0x5C, 0x58, 0x0}}},
	{{{1632, 188, 454},0, {-529, 495},{0x3, 0x7F, 0x1, 0x0}}},
	{{{1636, 189, 411},0, {495, -529},{0xE8, 0x2A, 0x76, 0x0}}},
	{{{1475, 192, 468},0, {-529, 495},{0xDE, 0x7A, 0xF5, 0x0}}},
	{{{1480, 193, 440},0, {495, -529},{0xF7, 0x7D, 0x14, 0x0}}},
	{{{1632, 188, 454},0, {-529, 495},{0x3, 0x7F, 0x1, 0x0}}},
	{{{1735, 187, 645},0, {495, 495},{0x3, 0x7F, 0x0, 0x0}}},
	{{{1734, 185, 433},0, {495, -529},{0x4, 0x7E, 0x11, 0x0}}},
	{{{1634, 189, 639},0, {-529, 495},{0x3, 0x7F, 0x0, 0x0}}},
	{{{1632, 188, 454},0, {495, -529},{0x3, 0x7F, 0x1, 0x0}}},
	{{{1473, 217, 650},0, {-529, 495},{0xC, 0x7E, 0x8, 0x0}}},
	{{{1573, 220, 464},0, {495, 495},{0xF1, 0x7A, 0xE0, 0x0}}},
	{{{1475, 192, 468},0, {495, -529},{0xDE, 0x7A, 0xF5, 0x0}}},
	{{{1574, 190, 628},0, {495, 495},{0x25, 0x78, 0x15, 0x0}}},
	{{{1573, 220, 464},0, {495, -529},{0xF1, 0x7A, 0xE0, 0x0}}},
	{{{1313, 213, 645},0, {-529, 495},{0x14, 0x7D, 0xB, 0x0}}},
	{{{1411, 191, 624},0, {495, 495},{0x1F, 0x7A, 0x11, 0x0}}},
	{{{1405, 214, 475},0, {495, -529},{0x7, 0x7F, 0x4, 0x0}}},
	{{{1086, 190, 316},0, {-529, 495},{0xF7, 0x48, 0x98, 0x0}}},
	{{{1189, 190, 306},0, {495, 495},{0x10, 0x7D, 0xF3, 0x0}}},
	{{{1133, 217, 306},0, {495, -529},{0xB, 0x18, 0x7C, 0x0}}},
	{{{1044, 215, 332},0, {-529, 495},{0x4, 0x6C, 0x43, 0x0}}},
	{{{1189, 190, 306},0, {495, 495},{0x10, 0x7D, 0xF3, 0x0}}},
	{{{1086, 190, 316},0, {495, -529},{0xF7, 0x48, 0x98, 0x0}}},
	{{{1241, 192, 342},0, {495, 495},{0x0, 0x79, 0xD8, 0x0}}},
	{{{1189, 190, 306},0, {495, -529},{0x10, 0x7D, 0xF3, 0x0}}},
	{{{1019, 188, 359},0, {-529, 495},{0x2, 0x7D, 0x14, 0x0}}},
	{{{1044, 215, 332},0, {495, -529},{0x4, 0x6C, 0x43, 0x0}}},
	{{{1250, 217, 392},0, {495, 495},{0xE7, 0x7C, 0xFC, 0x0}}},
	{{{1241, 192, 342},0, {495, -529},{0x0, 0x79, 0xD8, 0x0}}},
	{{{1002, 194, 399},0, {-529, 495},{0xFF, 0x7E, 0xF1, 0x0}}},
	{{{1139, 188, 388},0, {495, 495},{0xE4, 0x68, 0x44, 0x0}}},
	{{{1019, 188, 359},0, {495, -529},{0x2, 0x7D, 0x14, 0x0}}},
	{{{1139, 188, 388},0, {-529, 495},{0xE4, 0x68, 0x44, 0x0}}},
	{{{1162, 191, 397},0, {495, 495},{0xDF, 0x77, 0x1D, 0x0}}},
	{{{1250, 217, 392},0, {495, -529},{0xE7, 0x7C, 0xFC, 0x0}}},
	{{{1162, 191, 397},0, {-529, 495},{0xDF, 0x77, 0x1D, 0x0}}},
	{{{1262, 215, 427},0, {495, 495},{0xEF, 0x7E, 0x4, 0x0}}},
	{{{1250, 217, 392},0, {495, -529},{0xE7, 0x7C, 0xFC, 0x0}}},
	{{{1002, 194, 399},0, {-529, 495},{0xFF, 0x7E, 0xF1, 0x0}}},
	{{{1103, 217, 392},0, {495, 495},{0xEC, 0x38, 0x90, 0x0}}},
	{{{1139, 188, 388},0, {495, -529},{0xE4, 0x68, 0x44, 0x0}}},
	{{{1175, 189, 434},0, {-529, 495},{0xDF, 0x59, 0xAC, 0x0}}},
	{{{1162, 191, 397},0, {495, -529},{0xDF, 0x77, 0x1D, 0x0}}},
	{{{1090, 190, 414},0, {495, 495},{0xF5, 0x52, 0x60, 0x0}}},
	{{{1103, 217, 392},0, {495, -529},{0xEC, 0x38, 0x90, 0x0}}},
	{{{1148, 214, 440},0, {-529, 495},{0xF7, 0x7E, 0xD, 0x0}}},
	{{{1175, 189, 434},0, {495, -529},{0xDF, 0x59, 0xAC, 0x0}}},
	{{{1262, 196, 579},0, {495, 495},{0x6, 0x76, 0xD2, 0x0}}},
	{{{1262, 215, 427},0, {495, -529},{0xEF, 0x7E, 0x4, 0x0}}},
	{{{1066, 214, 450},0, {-529, 495},{0x2, 0x71, 0x3A, 0x0}}},
	{{{1161, 194, 484},0, {495, 495},{0xEA, 0x7B, 0x15, 0x0}}},
	{{{1148, 214, 440},0, {495, -529},{0xF7, 0x7E, 0xD, 0x0}}},
	{{{1161, 194, 484},0, {-529, 495},{0xEA, 0x7B, 0x15, 0x0}}},
	{{{1262, 196, 579},0, {495, 495},{0x6, 0x76, 0xD2, 0x0}}},
	{{{1008, 192, 493},0, {-529, 495},{0xED, 0x7E, 0x3, 0x0}}},
	{{{1066, 214, 450},0, {495, -529},{0x2, 0x71, 0x3A, 0x0}}},
	{{{1130, 220, 509},0, {495, 495},{0xF4, 0x5A, 0xA7, 0x0}}},
	{{{1161, 194, 484},0, {495, -529},{0xEA, 0x7B, 0x15, 0x0}}},
	{{{1170, 219, 516},0, {-529, 495},{0x37, 0x6B, 0xD7, 0x0}}},
	{{{994, 189, 560},0, {-529, 495},{0xF3, 0x7D, 0xF1, 0x0}}},
	{{{1008, 192, 493},0, {495, -529},{0xED, 0x7E, 0x3, 0x0}}},
	{{{1084, 217, 518},0, {495, 495},{0xE4, 0xBD, 0x98, 0x0}}},
	{{{1130, 220, 509},0, {495, -529},{0xF4, 0x5A, 0xA7, 0x0}}},
	{{{1161, 217, 536},0, {-529, 495},{0x5, 0x77, 0x2D, 0x0}}},
	{{{1170, 219, 516},0, {495, -529},{0x37, 0x6B, 0xD7, 0x0}}},
	{{{994, 189, 560},0, {-529, 495},{0xF3, 0x7D, 0xF1, 0x0}}},
	{{{1081, 216, 542},0, {495, 495},{0xE6, 0x74, 0x2C, 0x0}}},
	{{{1084, 217, 518},0, {495, -529},{0xE4, 0xBD, 0x98, 0x0}}},
	{{{1141, 194, 570},0, {-529, 495},{0xFB, 0xAA, 0x5E, 0x0}}},
	{{{1262, 196, 579},0, {495, 495},{0x6, 0x76, 0xD2, 0x0}}},
	{{{1161, 217, 536},0, {495, -529},{0x5, 0x77, 0x2D, 0x0}}},
	{{{1102, 189, 572},0, {495, 495},{0xDF, 0x5F, 0xB2, 0x0}}},
	{{{1081, 216, 542},0, {495, -529},{0xE6, 0x74, 0x2C, 0x0}}},
	{{{1016, 216, 612},0, {-529, 495},{0xB, 0x7A, 0xDD, 0x0}}},
	{{{994, 189, 560},0, {495, -529},{0xF3, 0x7D, 0xF1, 0x0}}},
	{{{1121, 193, 567},0, {-529, 495},{0x2, 0x79, 0xD9, 0x0}}},
	{{{1141, 194, 570},0, {495, -529},{0xFB, 0xAA, 0x5E, 0x0}}},
	{{{1121, 193, 567},0, {495, 495},{0x2, 0x79, 0xD9, 0x0}}},
	{{{1102, 189, 572},0, {495, -529},{0xDF, 0x5F, 0xB2, 0x0}}},
	{{{1274, 217, 602},0, {495, 495},{0x2, 0x7F, 0x2, 0x0}}},
	{{{1262, 196, 579},0, {495, -529},{0x6, 0x76, 0xD2, 0x0}}},
	{{{1016, 216, 612},0, {-529, 495},{0xB, 0x7A, 0xDD, 0x0}}},
	{{{1180, 194, 602},0, {495, 495},{0xEC, 0x7D, 0xF6, 0x0}}},
	{{{1121, 193, 567},0, {495, -529},{0x2, 0x79, 0xD9, 0x0}}},
	{{{1180, 194, 602},0, {-529, 495},{0xEC, 0x7D, 0xF6, 0x0}}},
	{{{1274, 217, 602},0, {495, 495},{0x2, 0x7F, 0x2, 0x0}}},
	{{{1140, 192, 618},0, {495, 495},{0x13, 0x71, 0x36, 0x0}}},
	{{{1180, 194, 602},0, {495, -529},{0xEC, 0x7D, 0xF6, 0x0}}},
	{{{1175, 215, 616},0, {-529, 495},{0x7, 0x6C, 0xBE, 0x0}}},
	{{{1271, 192, 636},0, {495, 495},{0xD, 0x6E, 0x3F, 0x0}}},
	{{{1274, 217, 602},0, {495, -529},{0x2, 0x7F, 0x2, 0x0}}},
	{{{1082, 194, 655},0, {-529, 495},{0x16, 0x7A, 0x1D, 0x0}}},
	{{{1016, 216, 612},0, {495, -529},{0xB, 0x7A, 0xDD, 0x0}}},
	{{{1187, 219, 639},0, {-529, 495},{0x23, 0x74, 0xD9, 0x0}}},
	{{{1175, 215, 616},0, {495, -529},{0x7, 0x6C, 0xBE, 0x0}}},
	{{{827, 185, 329},0, {-529, 495},{0xE5, 0x7A, 0xE7, 0x0}}},
	{{{934, 212, 345},0, {495, 495},{0xEC, 0x7D, 0x9, 0x0}}},
	{{{870, 189, 307},0, {495, -529},{0xE6, 0x79, 0xE2, 0x0}}},
	{{{704, 190, 640},0, {-529, 495},{0xE1, 0x7B, 0xF4, 0x0}}},
	{{{784, 190, 312},0, {495, 495},{0xFF, 0x7F, 0x0, 0x0}}},
	{{{691, 184, 311},0, {495, -529},{0xF9, 0x7F, 0xFF, 0x0}}},
	{{{785, 186, 378},0, {495, 495},{0x0, 0x7E, 0xF1, 0x0}}},
	{{{784, 190, 312},0, {495, -529},{0xFF, 0x7F, 0x0, 0x0}}},
	{{{785, 186, 378},0, {-529, 495},{0x0, 0x7E, 0xF1, 0x0}}},
	{{{827, 185, 329},0, {495, -529},{0xE5, 0x7A, 0xE7, 0x0}}},
	{{{950, 193, 440},0, {495, 495},{0x9, 0x7E, 0xF8, 0x0}}},
	{{{934, 212, 345},0, {495, -529},{0xEC, 0x7D, 0x9, 0x0}}},
	{{{804, 214, 418},0, {495, 495},{0xD3, 0x6D, 0xD0, 0x0}}},
	{{{785, 186, 378},0, {495, -529},{0x0, 0x7E, 0xF1, 0x0}}},
	{{{804, 214, 418},0, {-529, 495},{0xD3, 0x6D, 0xD0, 0x0}}},
	{{{827, 216, 417},0, {495, 495},{0x11, 0x64, 0xB3, 0x0}}},
	{{{827, 216, 417},0, {-529, 495},{0x11, 0x64, 0xB3, 0x0}}},
	{{{950, 193, 440},0, {495, 495},{0x9, 0x7E, 0xF8, 0x0}}},
	{{{785, 186, 378},0, {495, -529},{0x0, 0x7E, 0xF1, 0x0}}},
	{{{844, 192, 413},0, {-529, 495},{0xE1, 0x1A, 0x78, 0x0}}},
	{{{827, 216, 417},0, {495, -529},{0x11, 0x64, 0xB3, 0x0}}},
	{{{858, 218, 472},0, {-529, 495},{0x10, 0x7B, 0xE4, 0x0}}},
	{{{844, 192, 413},0, {495, -529},{0xE1, 0x1A, 0x78, 0x0}}},
	{{{704, 190, 640},0, {-529, 495},{0xE1, 0x7B, 0xF4, 0x0}}},
	{{{781, 193, 487},0, {495, 495},{0x5A, 0x4D, 0x2E, 0x0}}},
	{{{804, 214, 418},0, {495, -529},{0xD3, 0x6D, 0xD0, 0x0}}},
	{{{953, 218, 651},0, {495, 495},{0x5, 0x7F, 0xFE, 0x0}}},
	{{{950, 193, 440},0, {495, -529},{0x9, 0x7E, 0xF8, 0x0}}},
	{{{852, 212, 637},0, {-529, 495},{0xFA, 0x7F, 0x3, 0x0}}},
	{{{858, 218, 472},0, {495, -529},{0x10, 0x7B, 0xE4, 0x0}}},
	{{{780, 215, 635},0, {495, 495},{0xD7, 0x77, 0xEE, 0x0}}},
	{{{781, 193, 487},0, {495, -529},{0x5A, 0x4D, 0x2E, 0x0}}},
	{{{612, 184, 324},0, {-529, 495},{0xFD, 0x7E, 0xF3, 0x0}}},
	{{{670, 187, 335},0, {495, 495},{0xF7, 0x7C, 0xE5, 0x0}}},
	{{{634, 183, 307},0, {495, -529},{0xFD, 0x7E, 0xF4, 0x0}}},
	{{{486, 188, 630},0, {-529, 495},{0x6, 0x7F, 0x8, 0x0}}},
	{{{580, 209, 310},0, {495, 495},{0x18, 0x7C, 0xF, 0x0}}},
	{{{498, 213, 316},0, {495, -529},{0x6, 0x7E, 0xA, 0x0}}},
	{{{573, 189, 378},0, {495, 495},{0x2A, 0x78, 0x2, 0x0}}},
	{{{580, 209, 310},0, {495, -529},{0x18, 0x7C, 0xF, 0x0}}},
	{{{573, 189, 378},0, {-529, 495},{0x2A, 0x78, 0x2, 0x0}}},
	{{{612, 184, 324},0, {495, -529},{0xFD, 0x7E, 0xF3, 0x0}}},
	{{{652, 212, 413},0, {495, 495},{0xDD, 0x7A, 0x0, 0x0}}},
	{{{670, 187, 335},0, {495, -529},{0xF7, 0x7C, 0xE5, 0x0}}},
	{{{597, 211, 434},0, {495, 495},{0xE8, 0x7A, 0xE5, 0x0}}},
	{{{573, 189, 378},0, {495, -529},{0x2A, 0x78, 0x2, 0x0}}},
	{{{597, 211, 434},0, {-529, 495},{0xE8, 0x7A, 0xE5, 0x0}}},
	{{{630, 191, 405},0, {495, 495},{0xD3, 0x4D, 0x5B, 0x0}}},
	{{{630, 191, 405},0, {-529, 495},{0xD3, 0x4D, 0x5B, 0x0}}},
	{{{652, 212, 413},0, {495, 495},{0xDD, 0x7A, 0x0, 0x0}}},
	{{{573, 189, 378},0, {495, -529},{0x2A, 0x78, 0x2, 0x0}}},
	{{{486, 188, 630},0, {-529, 495},{0x6, 0x7F, 0x8, 0x0}}},
	{{{584, 188, 526},0, {495, 495},{0x1F, 0x78, 0x1C, 0x0}}},
	{{{597, 211, 434},0, {495, -529},{0xE8, 0x7A, 0xE5, 0x0}}},
	{{{579, 184, 643},0, {495, 495},{0x5, 0x7F, 0x4, 0x0}}},
	{{{584, 188, 526},0, {495, -529},{0x1F, 0x78, 0x1C, 0x0}}},
	{{{190, 185, 513},0, {-529, 495},{0x2, 0x7F, 0xFA, 0x0}}},
	{{{272, 205, 323},0, {495, 495},{0x1, 0x7E, 0xE, 0x0}}},
	{{{188, 205, 318},0, {495, -529},{0xFF, 0x7E, 0xD, 0x0}}},
	{{{271, 183, 484},0, {495, 495},{0x4, 0x7F, 0x6, 0x0}}},
	{{{272, 205, 323},0, {495, -529},{0x1, 0x7E, 0xE, 0x0}}},
	{{{338, 208, 477},0, {-529, 495},{0x7, 0x7F, 0x6, 0x0}}},
	{{{433, 180, 315},0, {495, 495},{0x10, 0x7E, 0xF5, 0x0}}},
	{{{340, 187, 325},0, {495, -529},{0x7, 0x7E, 0xEF, 0x0}}},
	{{{338, 208, 477},0, {-529, 495},{0x7, 0x7F, 0x6, 0x0}}},
	{{{433, 188, 636},0, {495, 495},{0x10, 0x7D, 0xF1, 0x0}}},
	{{{433, 180, 315},0, {495, -529},{0x10, 0x7E, 0xF5, 0x0}}},
	{{{334, 181, 526},0, {-529, 495},{0xF5, 0x7E, 0x3, 0x0}}},
	{{{338, 208, 477},0, {495, -529},{0x7, 0x7F, 0x6, 0x0}}},
	{{{190, 185, 513},0, {-529, 495},{0x2, 0x7F, 0xFA, 0x0}}},
	{{{281, 186, 525},0, {495, 495},{0xEE, 0x79, 0xDC, 0x0}}},
	{{{271, 183, 484},0, {495, -529},{0x4, 0x7F, 0x6, 0x0}}},
	{{{199, 207, 620},0, {-529, 495},{0x6, 0x7F, 0xFF, 0x0}}},
	{{{190, 185, 513},0, {495, -529},{0x2, 0x7F, 0xFA, 0x0}}},
	{{{311, 211, 546},0, {-529, 495},{0xF, 0x7E, 0xF7, 0x0}}},
	{{{334, 181, 526},0, {495, -529},{0xF5, 0x7E, 0x3, 0x0}}},
	{{{311, 211, 546},0, {495, 495},{0xF, 0x7E, 0xF7, 0x0}}},
	{{{281, 186, 525},0, {495, -529},{0xEE, 0x79, 0xDC, 0x0}}},
	{{{352, 184, 584},0, {495, 495},{0xE8, 0x6A, 0x42, 0x0}}},
	{{{311, 211, 546},0, {495, -529},{0xF, 0x7E, 0xF7, 0x0}}},
	{{{352, 184, 584},0, {-529, 495},{0xE8, 0x6A, 0x42, 0x0}}},
	{{{433, 188, 636},0, {495, 495},{0x10, 0x7D, 0xF1, 0x0}}},
	{{{311, 211, 546},0, {495, -529},{0xF, 0x7E, 0xF7, 0x0}}},
	{{{199, 207, 620},0, {-529, 495},{0x6, 0x7F, 0xFF, 0x0}}},
	{{{314, 184, 626},0, {495, 495},{0x17, 0x7B, 0x16, 0x0}}},
	{{{352, 184, 584},0, {495, -529},{0xE8, 0x6A, 0x42, 0x0}}},
	{{{346, 214, 639},0, {-529, 495},{0x1F, 0x6D, 0xC7, 0x0}}},
	{{{271, 185, 652},0, {-529, 495},{0x16, 0x79, 0x20, 0x0}}},
	{{{199, 207, 620},0, {495, -529},{0x6, 0x7F, 0xFF, 0x0}}},
	{{{-76, 204, 355},0, {-529, 495},{0xFF, 0x7F, 0xA, 0x0}}},
	{{{115, 178, 361},0, {495, 495},{0x16, 0x79, 0xE2, 0x0}}},
	{{{22, 202, 308},0, {495, -529},{0x10, 0x7B, 0x1A, 0x0}}},
	{{{-122, 179, 492},0, {-529, 495},{0x4, 0x7F, 0x6, 0x0}}},
	{{{11, 207, 384},0, {495, 495},{0x1, 0x7C, 0xE5, 0x0}}},
	{{{-76, 204, 355},0, {495, -529},{0xFF, 0x7F, 0xA, 0x0}}},
	{{{11, 207, 384},0, {-529, 495},{0x1, 0x7C, 0xE5, 0x0}}},
	{{{11, 207, 384},0, {-529, 495},{0x1, 0x7C, 0xE5, 0x0}}},
	{{{139, 211, 471},0, {495, 495},{0xFE, 0x7F, 0xF6, 0x0}}},
	{{{115, 178, 361},0, {495, -529},{0x16, 0x79, 0xE2, 0x0}}},
	{{{-122, 179, 492},0, {-529, 495},{0x4, 0x7F, 0x6, 0x0}}},
	{{{-22, 203, 416},0, {495, 495},{0xC8, 0x6B, 0xD8, 0x0}}},
	{{{11, 207, 384},0, {495, -529},{0x1, 0x7C, 0xE5, 0x0}}},
	{{{36, 182, 421},0, {-529, 495},{0xC7, 0x60, 0x3D, 0x0}}},
	{{{54, 207, 470},0, {-529, 495},{0xF1, 0x7C, 0xEA, 0x0}}},
	{{{36, 182, 421},0, {495, -529},{0xC7, 0x60, 0x3D, 0x0}}},
	{{{-41, 178, 481},0, {495, 495},{0x4, 0x7C, 0x1A, 0x0}}},
	{{{-22, 203, 416},0, {495, -529},{0xC8, 0x6B, 0xD8, 0x0}}},
	{{{113, 204, 595},0, {495, 495},{0xF6, 0x7F, 0xFC, 0x0}}},
	{{{139, 211, 471},0, {495, -529},{0xFE, 0x7F, 0xF6, 0x0}}},
	{{{38, 183, 538},0, {-529, 495},{0xF0, 0x7C, 0xE9, 0x0}}},
	{{{54, 207, 470},0, {495, -529},{0xF1, 0x7C, 0xEA, 0x0}}},
	{{{-122, 179, 492},0, {-529, 495},{0x4, 0x7F, 0x6, 0x0}}},
	{{{-20, 176, 548},0, {495, 495},{0xED, 0x74, 0xD0, 0x0}}},
	{{{-41, 178, 481},0, {495, -529},{0x4, 0x7C, 0x1A, 0x0}}},
	{{{-77, 201, 617},0, {-529, 495},{0xFE, 0x7C, 0xE3, 0x0}}},
	{{{-122, 179, 492},0, {495, -529},{0x4, 0x7F, 0x6, 0x0}}},
	{{{7, 204, 556},0, {495, 495},{0xF6, 0x79, 0xDA, 0x0}}},
	{{{-20, 176, 548},0, {495, -529},{0xED, 0x74, 0xD0, 0x0}}},
	{{{7, 204, 556},0, {-529, 495},{0xF6, 0x79, 0xDA, 0x0}}},
	{{{113, 204, 595},0, {495, 495},{0xF6, 0x7F, 0xFC, 0x0}}},
	{{{38, 183, 538},0, {495, -529},{0xF0, 0x7C, 0xE9, 0x0}}},
	{{{7, 204, 556},0, {495, -529},{0xF6, 0x79, 0xDA, 0x0}}},
	{{{12, 207, 648},0, {495, 495},{0xFD, 0x7E, 0xF3, 0x0}}},
	{{{113, 204, 595},0, {495, -529},{0xF6, 0x7F, 0xFC, 0x0}}},
	{{{-438, 192, 315},0, {-529, 495},{0x1, 0x7E, 0xF2, 0x0}}},
	{{{-146, 170, 210},0, {495, 495},{0x4, 0x7E, 0xF2, 0x0}}},
	{{{-435, 168, 197},0, {495, -529},{0x0, 0x7D, 0xE7, 0x0}}},
	{{{-438, 192, 315},0, {-529, 495},{0x1, 0x7E, 0xF2, 0x0}}},
	{{{-151, 178, 302},0, {495, 495},{0x4, 0x7F, 0xF6, 0x0}}},
	{{{-146, 170, 210},0, {495, -529},{0x4, 0x7E, 0xF2, 0x0}}},
	{{{-338, 179, 325},0, {-529, 495},{0x2, 0x7A, 0x22, 0x0}}},
	{{{-438, 192, 315},0, {495, -529},{0x1, 0x7E, 0xF2, 0x0}}},
	{{{-343, 198, 626},0, {-529, 495},{0x19, 0x7D, 0x2, 0x0}}},
	{{{-245, 184, 327},0, {495, 495},{0xFE, 0x7B, 0xDF, 0x0}}},
	{{{-338, 179, 325},0, {495, -529},{0x2, 0x7A, 0x22, 0x0}}},
	{{{-245, 184, 327},0, {-529, 495},{0xFE, 0x7B, 0xDF, 0x0}}},
	{{{-241, 171, 636},0, {495, 495},{0x20, 0x7B, 0x4, 0x0}}},
	{{{-245, 184, 327},0, {495, -529},{0xFE, 0x7B, 0xDF, 0x0}}},
};

Gfx title_Text_011_mesh_layer_1_tri_1[] = {
	gsSPVertex(title_Text_011_mesh_layer_1_vtx_1 + 0, 14, 0),
	gsSP1Triangle(0, 1, 2, 0),
	gsSP1Triangle(0, 3, 4, 0),
	gsSP1Triangle(5, 6, 7, 0),
	gsSP1Triangle(8, 3, 7, 0),
	gsSP1Triangle(9, 6, 10, 0),
	gsSP1Triangle(9, 11, 12, 0),
	gsSP1Triangle(13, 3, 12, 0),
	gsSPVertex(title_Text_011_mesh_layer_1_vtx_1 + 14, 15, 0),
	gsSP1Triangle(0, 1, 2, 0),
	gsSP1Triangle(3, 1, 4, 0),
	gsSP1Triangle(5, 6, 7, 0),
	gsSP1Triangle(5, 1, 8, 0),
	gsSP1Triangle(5, 9, 10, 0),
	gsSP1Triangle(5, 11, 12, 0),
	gsSP1Triangle(13, 11, 14, 0),
	gsSPVertex(title_Text_011_mesh_layer_1_vtx_1 + 29, 16, 0),
	gsSP1Triangle(0, 1, 2, 0),
	gsSP1Triangle(3, 4, 2, 0),
	gsSP1Triangle(0, 5, 6, 0),
	gsSP1Triangle(7, 5, 8, 0),
	gsSP1Triangle(7, 9, 10, 0),
	gsSP1Triangle(7, 11, 12, 0),
	gsSP1Triangle(13, 14, 15, 0),
	gsSPVertex(title_Text_011_mesh_layer_1_vtx_1 + 45, 15, 0),
	gsSP1Triangle(0, 1, 2, 0),
	gsSP1Triangle(3, 1, 4, 0),
	gsSP1Triangle(5, 1, 6, 0),
	gsSP1Triangle(7, 8, 9, 0),
	gsSP1Triangle(10, 11, 12, 0),
	gsSP1Triangle(10, 13, 14, 0),
	gsSPVertex(title_Text_011_mesh_layer_1_vtx_1 + 60, 15, 0),
	gsSP1Triangle(0, 1, 2, 0),
	gsSP1Triangle(0, 3, 4, 0),
	gsSP1Triangle(5, 6, 7, 0),
	gsSP1Triangle(8, 9, 7, 0),
	gsSP1Triangle(10, 3, 7, 0),
	gsSP1Triangle(11, 3, 12, 0),
	gsSP1Triangle(13, 3, 14, 0),
	gsSPVertex(title_Text_011_mesh_layer_1_vtx_1 + 75, 15, 0),
	gsSP1Triangle(0, 1, 2, 0),
	gsSP1Triangle(3, 4, 5, 0),
	gsSP1Triangle(6, 4, 7, 0),
	gsSP1Triangle(0, 8, 9, 0),
	gsSP1Triangle(10, 11, 12, 0),
	gsSP1Triangle(10, 13, 14, 0),
	gsSPVertex(title_Text_011_mesh_layer_1_vtx_1 + 90, 15, 0),
	gsSP1Triangle(0, 1, 2, 0),
	gsSP1Triangle(3, 4, 2, 0),
	gsSP1Triangle(5, 6, 2, 0),
	gsSP1Triangle(7, 6, 8, 0),
	gsSP1Triangle(7, 9, 10, 0),
	gsSP1Triangle(11, 9, 12, 0),
	gsSP1Triangle(0, 13, 14, 0),
	gsSPVertex(title_Text_011_mesh_layer_1_vtx_1 + 105, 16, 0),
	gsSP1Triangle(0, 1, 2, 0),
	gsSP1Triangle(0, 3, 4, 0),
	gsSP1Triangle(5, 6, 7, 0),
	gsSP1Triangle(8, 3, 7, 0),
	gsSP1Triangle(8, 9, 10, 0),
	gsSP1Triangle(5, 11, 12, 0),
	gsSP1Triangle(13, 14, 15, 0),
	gsSPVertex(title_Text_011_mesh_layer_1_vtx_1 + 121, 16, 0),
	gsSP1Triangle(0, 1, 2, 0),
	gsSP1Triangle(3, 4, 5, 0),
	gsSP1Triangle(6, 4, 7, 0),
	gsSP1Triangle(8, 1, 9, 0),
	gsSP1Triangle(8, 4, 10, 0),
	gsSP1Triangle(8, 11, 12, 0),
	gsSP1Triangle(13, 14, 15, 0),
	gsSPVertex(title_Text_011_mesh_layer_1_vtx_1 + 137, 15, 0),
	gsSP1Triangle(0, 1, 2, 0),
	gsSP1Triangle(3, 4, 5, 0),
	gsSP1Triangle(3, 6, 7, 0),
	gsSP1Triangle(8, 1, 9, 0),
	gsSP1Triangle(10, 11, 12, 0),
	gsSP1Triangle(10, 13, 14, 0),
	gsSPVertex(title_Text_011_mesh_layer_1_vtx_1 + 152, 15, 0),
	gsSP1Triangle(0, 1, 2, 0),
	gsSP1Triangle(3, 4, 5, 0),
	gsSP1Triangle(6, 7, 5, 0),
	gsSP1Triangle(8, 9, 5, 0),
	gsSP1Triangle(8, 10, 11, 0),
	gsSP1Triangle(12, 1, 11, 0),
	gsSP1Triangle(13, 10, 14, 0),
	gsSPVertex(title_Text_011_mesh_layer_1_vtx_1 + 167, 16, 0),
	gsSP1Triangle(0, 1, 2, 0),
	gsSP1Triangle(3, 4, 2, 0),
	gsSP1Triangle(5, 1, 6, 0),
	gsSP1Triangle(7, 8, 9, 0),
	gsSP1Triangle(5, 10, 11, 0),
	gsSP1Triangle(12, 4, 13, 0),
	gsSP1Triangle(14, 10, 15, 0),
	gsSPVertex(title_Text_011_mesh_layer_1_vtx_1 + 183, 16, 0),
	gsSP1Triangle(0, 1, 2, 0),
	gsSP1Triangle(3, 1, 4, 0),
	gsSP1Triangle(5, 6, 7, 0),
	gsSP1Triangle(5, 8, 9, 0),
	gsSP1Triangle(10, 11, 12, 0),
	gsSP1Triangle(13, 14, 15, 0),
	gsSPVertex(title_Text_011_mesh_layer_1_vtx_1 + 199, 15, 0),
	gsSP1Triangle(0, 1, 2, 0),
	gsSP1Triangle(0, 3, 4, 0),
	gsSP1Triangle(5, 3, 6, 0),
	gsSP1Triangle(5, 7, 8, 0),
	gsSP1Triangle(9, 10, 11, 0),
	gsSP1Triangle(12, 7, 11, 0),
	gsSP1Triangle(12, 13, 14, 0),
	gsSPVertex(title_Text_011_mesh_layer_1_vtx_1 + 214, 14, 0),
	gsSP1Triangle(0, 1, 2, 0),
	gsSP1Triangle(3, 4, 5, 0),
	gsSP1Triangle(6, 1, 7, 0),
	gsSP1Triangle(3, 8, 9, 0),
	gsSP1Triangle(10, 1, 11, 0),
	gsSP1Triangle(10, 12, 13, 0),
	gsSPVertex(title_Text_011_mesh_layer_1_vtx_1 + 228, 16, 0),
	gsSP1Triangle(0, 1, 2, 0),
	gsSP1Triangle(3, 4, 2, 0),
	gsSP1Triangle(5, 1, 6, 0),
	gsSP1Triangle(5, 7, 8, 0),
	gsSP1Triangle(9, 4, 8, 0),
	gsSP1Triangle(10, 7, 11, 0),
	gsSP1Triangle(10, 12, 13, 0),
	gsSP1Triangle(14, 4, 15, 0),
	gsSPVertex(title_Text_011_mesh_layer_1_vtx_1 + 244, 16, 0),
	gsSP1Triangle(0, 1, 2, 0),
	gsSP1Triangle(3, 4, 5, 0),
	gsSP1Triangle(0, 6, 7, 0),
	gsSP1Triangle(8, 6, 9, 0),
	gsSP1Triangle(10, 4, 11, 0),
	gsSP1Triangle(8, 12, 13, 0),
	gsSP1Triangle(10, 14, 15, 0),
	gsSPVertex(title_Text_011_mesh_layer_1_vtx_1 + 260, 14, 0),
	gsSP1Triangle(0, 1, 2, 0),
	gsSP1Triangle(3, 4, 2, 0),
	gsSP1Triangle(0, 5, 6, 0),
	gsSP1Triangle(7, 4, 6, 0),
	gsSP1Triangle(7, 8, 9, 0),
	gsSP1Triangle(10, 5, 11, 0),
	gsSP1Triangle(12, 8, 13, 0),
	gsSPVertex(title_Text_011_mesh_layer_1_vtx_1 + 274, 16, 0),
	gsSP1Triangle(0, 1, 2, 0),
	gsSP1Triangle(3, 4, 5, 0),
	gsSP1Triangle(3, 6, 7, 0),
	gsSP1Triangle(8, 1, 9, 0),
	gsSP1Triangle(8, 10, 11, 0),
	gsSP1Triangle(3, 12, 13, 0),
	gsSP1Triangle(14, 15, 13, 0),
	gsSPVertex(title_Text_011_mesh_layer_1_vtx_1 + 290, 16, 0),
	gsSP1Triangle(0, 1, 2, 0),
	gsSP1Triangle(3, 1, 4, 0),
	gsSP1Triangle(5, 1, 6, 0),
	gsSP1Triangle(7, 8, 9, 0),
	gsSP1Triangle(5, 10, 11, 0),
	gsSP1Triangle(12, 10, 13, 0),
	gsSP1Triangle(7, 14, 15, 0),
	gsSPVertex(title_Text_011_mesh_layer_1_vtx_1 + 306, 16, 0),
	gsSP1Triangle(0, 1, 2, 0),
	gsSP1Triangle(3, 4, 5, 0),
	gsSP1Triangle(3, 6, 7, 0),
	gsSP1Triangle(8, 1, 9, 0),
	gsSP1Triangle(8, 10, 11, 0),
	gsSP1Triangle(3, 12, 13, 0),
	gsSP1Triangle(14, 15, 13, 0),
	gsSPVertex(title_Text_011_mesh_layer_1_vtx_1 + 322, 16, 0),
	gsSP1Triangle(0, 1, 2, 0),
	gsSP1Triangle(3, 4, 5, 0),
	gsSP1Triangle(3, 6, 7, 0),
	gsSP1Triangle(8, 9, 10, 0),
	gsSP1Triangle(8, 11, 12, 0),
	gsSP1Triangle(13, 14, 15, 0),
	gsSPVertex(title_Text_011_mesh_layer_1_vtx_1 + 338, 16, 0),
	gsSP1Triangle(0, 1, 2, 0),
	gsSP1Triangle(3, 1, 4, 0),
	gsSP1Triangle(5, 6, 7, 0),
	gsSP1Triangle(8, 6, 9, 0),
	gsSP1Triangle(10, 1, 11, 0),
	gsSP1Triangle(8, 12, 13, 0),
	gsSP1Triangle(8, 14, 15, 0),
	gsSPVertex(title_Text_011_mesh_layer_1_vtx_1 + 354, 16, 0),
	gsSP1Triangle(0, 1, 2, 0),
	gsSP1Triangle(3, 4, 5, 0),
	gsSP1Triangle(6, 1, 5, 0),
	gsSP1Triangle(7, 4, 8, 0),
	gsSP1Triangle(9, 10, 11, 0),
	gsSP1Triangle(12, 13, 14, 0),
	gsSP1Triangle(15, 10, 14, 0),
	gsSPVertex(title_Text_011_mesh_layer_1_vtx_1 + 370, 15, 0),
	gsSP1Triangle(0, 1, 2, 0),
	gsSP1Triangle(3, 4, 5, 0),
	gsSP1Triangle(6, 1, 5, 0),
	gsSP1Triangle(7, 1, 8, 0),
	gsSP1Triangle(3, 9, 10, 0),
	gsSP1Triangle(7, 11, 12, 0),
	gsSP1Triangle(13, 11, 14, 0),
	gsSPVertex(title_Text_011_mesh_layer_1_vtx_1 + 385, 16, 0),
	gsSP1Triangle(0, 1, 2, 0),
	gsSP1Triangle(3, 1, 4, 0),
	gsSP1Triangle(3, 5, 6, 0),
	gsSP1Triangle(7, 8, 9, 0),
	gsSP1Triangle(3, 8, 10, 0),
	gsSP1Triangle(3, 11, 12, 0),
	gsSP1Triangle(13, 14, 15, 0),
	gsSPVertex(title_Text_011_mesh_layer_1_vtx_1 + 401, 11, 0),
	gsSP1Triangle(0, 1, 2, 0),
	gsSP1Triangle(3, 1, 4, 0),
	gsSP1Triangle(5, 6, 7, 0),
	gsSP1Triangle(8, 1, 7, 0),
	gsSP1Triangle(5, 9, 10, 0),
	gsSPEndDisplayList(),
};

Vtx title_Text_011_mesh_layer_1_vtx_2[222] = {
	{{{1703, 152, -190},0, {-16, 4080},{0xFD, 0x7F, 0xFF, 0x0}}},
	{{{1904, 158, -174},0, {1008, 4080},{0xFD, 0x7F, 0xFF, 0x0}}},
	{{{1806, 155, -227},0, {1008, -16},{0xFD, 0x7F, 0xFF, 0x0}}},
	{{{1656, 162, -90},0, {-16, 4080},{0xFB, 0x7E, 0xF2, 0x0}}},
	{{{1802, 159, -167},0, {1008, 4080},{0xFB, 0x7E, 0xF2, 0x0}}},
	{{{1703, 152, -190},0, {1008, -16},{0xFB, 0x7E, 0xF2, 0x0}}},
	{{{1802, 159, -167},0, {-16, 4080},{0x0, 0x7B, 0xE1, 0x0}}},
	{{{1904, 158, -174},0, {1008, 4080},{0x0, 0x7B, 0xE1, 0x0}}},
	{{{1703, 152, -190},0, {1008, -16},{0x0, 0x7B, 0xE1, 0x0}}},
	{{{1802, 159, -167},0, {-16, 4080},{0x0, 0x7F, 0xF9, 0x0}}},
	{{{1926, 163, -85},0, {1008, 4080},{0x0, 0x7F, 0xF9, 0x0}}},
	{{{1904, 158, -174},0, {1008, -16},{0x0, 0x7F, 0xF9, 0x0}}},
	{{{1656, 162, -90},0, {-16, 4080},{0x18, 0x76, 0x29, 0x0}}},
	{{{1762, 158, -140},0, {1008, 4080},{0x18, 0x76, 0x29, 0x0}}},
	{{{1802, 159, -167},0, {1008, -16},{0x18, 0x76, 0x29, 0x0}}},
	{{{1817, 184, -141},0, {-16, 4080},{0x3C, 0x3C, 0xA2, 0x0}}},
	{{{1926, 163, -85},0, {1008, 4080},{0x3C, 0x3C, 0xA2, 0x0}}},
	{{{1802, 159, -167},0, {1008, -16},{0x3C, 0x3C, 0xA2, 0x0}}},
	{{{1848, 165, -78},0, {-16, 4080},{0x6, 0x7A, 0x22, 0x0}}},
	{{{1926, 163, -85},0, {1008, 4080},{0x6, 0x7A, 0x22, 0x0}}},
	{{{1817, 184, -141},0, {1008, -16},{0x6, 0x7A, 0x22, 0x0}}},
	{{{1656, 162, -90},0, {-16, 4080},{0xEA, 0x6F, 0xC7, 0x0}}},
	{{{1747, 186, -80},0, {1008, 4080},{0xEA, 0x6F, 0xC7, 0x0}}},
	{{{1762, 158, -140},0, {1008, -16},{0xEA, 0x6F, 0xC7, 0x0}}},
	{{{1848, 165, -78},0, {-16, 4080},{0x0, 0x7B, 0xE0, 0x0}}},
	{{{1884, 193, 26},0, {1008, 4080},{0x0, 0x7B, 0xE0, 0x0}}},
	{{{1926, 163, -85},0, {1008, -16},{0x0, 0x7B, 0xE0, 0x0}}},
	{{{1832, 192, -22},0, {-16, 4080},{0x26, 0x71, 0xD5, 0x0}}},
	{{{1884, 193, 26},0, {1008, 4080},{0x26, 0x71, 0xD5, 0x0}}},
	{{{1848, 165, -78},0, {1008, -16},{0x26, 0x71, 0xD5, 0x0}}},
	{{{1656, 162, -90},0, {-16, 4080},{0xDE, 0x74, 0x26, 0x0}}},
	{{{1753, 170, -28},0, {1008, 4080},{0xDE, 0x74, 0x26, 0x0}}},
	{{{1747, 186, -80},0, {1008, -16},{0xDE, 0x74, 0x26, 0x0}}},
	{{{1705, 194, 43},0, {-16, 4080},{0xB, 0x7A, 0xDE, 0x0}}},
	{{{1753, 170, -28},0, {1008, 4080},{0xB, 0x7A, 0xDE, 0x0}}},
	{{{1656, 162, -90},0, {1008, -16},{0xB, 0x7A, 0xDE, 0x0}}},
	{{{1705, 194, 43},0, {-16, 4080},{0xDA, 0x69, 0xC3, 0x0}}},
	{{{1789, 191, -15},0, {1008, 4080},{0xDA, 0x69, 0xC3, 0x0}}},
	{{{1753, 170, -28},0, {1008, -16},{0xDA, 0x69, 0xC3, 0x0}}},
	{{{1789, 191, -15},0, {-16, 4080},{0xFF, 0x7F, 0x0, 0x0}}},
	{{{1884, 193, 26},0, {1008, 4080},{0xFF, 0x7F, 0x0, 0x0}}},
	{{{1832, 192, -22},0, {1008, -16},{0xFF, 0x7F, 0x0, 0x0}}},
	{{{1705, 194, 43},0, {-16, 4080},{0x0, 0x7F, 0xFB, 0x0}}},
	{{{1884, 193, 26},0, {1008, 4080},{0x0, 0x7F, 0xFB, 0x0}}},
	{{{1789, 191, -15},0, {1008, -16},{0x0, 0x7F, 0xFB, 0x0}}},
	{{{1705, 194, 43},0, {-16, 4080},{0x0, 0x7F, 0xF5, 0x0}}},
	{{{1788, 197, 67},0, {1008, 4080},{0x0, 0x7F, 0xF5, 0x0}}},
	{{{1884, 193, 26},0, {1008, -16},{0x0, 0x7F, 0xF5, 0x0}}},
	{{{1426, 155, -141},0, {-16, 4080},{0x0, 0x7A, 0x24, 0x0}}},
	{{{1642, 176, -217},0, {1008, 4080},{0x0, 0x7A, 0x24, 0x0}}},
	{{{1452, 175, -209},0, {1008, -16},{0x0, 0x7A, 0x24, 0x0}}},
	{{{1426, 155, -141},0, {-16, 4080},{0x2, 0x79, 0x28, 0x0}}},
	{{{1630, 154, -150},0, {1008, 4080},{0x2, 0x79, 0x28, 0x0}}},
	{{{1642, 176, -217},0, {1008, -16},{0x2, 0x79, 0x28, 0x0}}},
	{{{1426, 155, -141},0, {-16, 4080},{0x1, 0x7E, 0xC, 0x0}}},
	{{{1516, 154, -140},0, {1008, 4080},{0x1, 0x7E, 0xC, 0x0}}},
	{{{1630, 154, -150},0, {1008, -16},{0x1, 0x7E, 0xC, 0x0}}},
	{{{1516, 154, -140},0, {-16, 4080},{0xFE, 0x7A, 0xDE, 0x0}}},
	{{{1519, 190, -11},0, {1008, 4080},{0xFE, 0x7A, 0xDE, 0x0}}},
	{{{1630, 154, -150},0, {1008, -16},{0xFE, 0x7A, 0xDE, 0x0}}},
	{{{1410, 163, -10},0, {-16, 4080},{0xE2, 0x77, 0xE0, 0x0}}},
	{{{1519, 190, -11},0, {1008, 4080},{0xE2, 0x77, 0xE0, 0x0}}},
	{{{1516, 154, -140},0, {1008, -16},{0xE2, 0x77, 0xE0, 0x0}}},
	{{{1410, 163, -10},0, {-16, 4080},{0xFF, 0x9, 0x7F, 0x0}}},
	{{{1628, 192, -10},0, {1008, 4080},{0xFF, 0x9, 0x7F, 0x0}}},
	{{{1519, 190, -11},0, {1008, -16},{0xFF, 0x9, 0x7F, 0x0}}},
	{{{1410, 163, -10},0, {-16, 4080},{0xF1, 0x79, 0x23, 0x0}}},
	{{{1625, 168, 69},0, {1008, 4080},{0xF1, 0x79, 0x23, 0x0}}},
	{{{1628, 192, -10},0, {1008, -16},{0xF1, 0x79, 0x23, 0x0}}},
	{{{1392, 165, 78},0, {-16, 4080},{0xFF, 0x7F, 0xFD, 0x0}}},
	{{{1625, 168, 69},0, {1008, 4080},{0xFF, 0x7F, 0xFD, 0x0}}},
	{{{1410, 163, -10},0, {1008, -16},{0xFF, 0x7F, 0xFD, 0x0}}},
	{{{1281, 189, 60},0, {-16, 4080},{0x3, 0x7F, 0xFC, 0x0}}},
	{{{1413, 175, -196},0, {1008, 4080},{0x3, 0x7F, 0xFC, 0x0}}},
	{{{1329, 179, -180},0, {1008, -16},{0x3, 0x7F, 0xFC, 0x0}}},
	{{{1281, 189, 60},0, {-16, 4080},{0x1B, 0x7C, 0x7, 0x0}}},
	{{{1368, 169, 74},0, {1008, 4080},{0x1B, 0x7C, 0x7, 0x0}}},
	{{{1413, 175, -196},0, {1008, -16},{0x1B, 0x7C, 0x7, 0x0}}},
	{{{1340, 153, -216},0, {-16, 4080},{0x23, 0x70, 0x31, 0x0}}},
	{{{1438, 147, -274},0, {1008, 4080},{0x23, 0x70, 0x31, 0x0}}},
	{{{1350, 171, -265},0, {1008, -16},{0x23, 0x70, 0x31, 0x0}}},
	{{{1340, 153, -216},0, {-16, 4080},{0x9, 0x7F, 0x3, 0x0}}},
	{{{1420, 147, -214},0, {1008, 4080},{0x9, 0x7F, 0x3, 0x0}}},
	{{{1438, 147, -274},0, {1008, -16},{0x9, 0x7F, 0x3, 0x0}}},
	{{{1108, 177, -184},0, {-16, 4080},{0x1C, 0x63, 0x4B, 0x0}}},
	{{{1206, 149, -184},0, {1008, 4080},{0x1C, 0x63, 0x4B, 0x0}}},
	{{{1157, 174, -198},0, {1008, -16},{0x1C, 0x63, 0x4B, 0x0}}},
	{{{1082, 173, -156},0, {-16, 4080},{0x20, 0x72, 0x2E, 0x0}}},
	{{{1206, 149, -184},0, {1008, 4080},{0x20, 0x72, 0x2E, 0x0}}},
	{{{1108, 177, -184},0, {1008, -16},{0x20, 0x72, 0x2E, 0x0}}},
	{{{1082, 173, -156},0, {-16, 4080},{0x3, 0x67, 0xB6, 0x0}}},
	{{{1241, 155, -174},0, {1008, 4080},{0x3, 0x67, 0xB6, 0x0}}},
	{{{1206, 149, -184},0, {1008, -16},{0x3, 0x67, 0xB6, 0x0}}},
	{{{1043, 151, -129},0, {-16, 4080},{0x14, 0x4F, 0x61, 0x0}}},
	{{{1241, 155, -174},0, {1008, 4080},{0x14, 0x4F, 0x61, 0x0}}},
	{{{1082, 173, -156},0, {1008, -16},{0x14, 0x4F, 0x61, 0x0}}},
	{{{1043, 151, -129},0, {-16, 4080},{0xFE, 0x7F, 0xFF, 0x0}}},
	{{{1242, 155, -134},0, {1008, 4080},{0xFE, 0x7F, 0xFF, 0x0}}},
	{{{1241, 155, -174},0, {1008, -16},{0xFE, 0x7F, 0xFF, 0x0}}},
	{{{1027, 175, -106},0, {-16, 4080},{0xE9, 0x4E, 0x9E, 0x0}}},
	{{{1149, 181, -131},0, {1008, 4080},{0xE9, 0x4E, 0x9E, 0x0}}},
	{{{1043, 151, -129},0, {1008, -16},{0xE9, 0x4E, 0x9E, 0x0}}},
	{{{1149, 181, -131},0, {-16, 4080},{0xFD, 0x5, 0x81, 0x0}}},
	{{{1242, 155, -134},0, {1008, 4080},{0xFD, 0x5, 0x81, 0x0}}},
	{{{1043, 151, -129},0, {1008, -16},{0xFD, 0x5, 0x81, 0x0}}},
	{{{1149, 181, -131},0, {-16, 4080},{0xC, 0x1D, 0x7B, 0x0}}},
	{{{1165, 153, -126},0, {1008, 4080},{0xC, 0x1D, 0x7B, 0x0}}},
	{{{1242, 155, -134},0, {1008, -16},{0xC, 0x1D, 0x7B, 0x0}}},
	{{{1165, 153, -126},0, {-16, 4080},{0xFF, 0x7D, 0x14, 0x0}}},
	{{{1242, 153, -120},0, {1008, 4080},{0xFF, 0x7D, 0x14, 0x0}}},
	{{{1242, 155, -134},0, {1008, -16},{0xFF, 0x7D, 0x14, 0x0}}},
	{{{1027, 175, -106},0, {-16, 4080},{0x8, 0x82, 0xF, 0x0}}},
	{{{1105, 178, -130},0, {1008, 4080},{0x8, 0x82, 0xF, 0x0}}},
	{{{1149, 181, -131},0, {1008, -16},{0x8, 0x82, 0xF, 0x0}}},
	{{{1162, 156, -101},0, {-16, 4080},{0x1, 0x7E, 0xEE, 0x0}}},
	{{{1242, 153, -120},0, {1008, 4080},{0x1, 0x7E, 0xEE, 0x0}}},
	{{{1165, 153, -126},0, {1008, -16},{0x1, 0x7E, 0xEE, 0x0}}},
	{{{1027, 175, -106},0, {-16, 4080},{0x1F, 0x3A, 0x6D, 0x0}}},
	{{{1101, 150, -114},0, {1008, 4080},{0x1F, 0x3A, 0x6D, 0x0}}},
	{{{1105, 178, -130},0, {1008, -16},{0x1F, 0x3A, 0x6D, 0x0}}},
	{{{1127, 178, -101},0, {-16, 4080},{0xE4, 0xD4, 0x8C, 0x0}}},
	{{{1242, 153, -120},0, {1008, 4080},{0xE4, 0xD4, 0x8C, 0x0}}},
	{{{1162, 156, -101},0, {1008, -16},{0xE4, 0xD4, 0x8C, 0x0}}},
	{{{1127, 178, -101},0, {-16, 4080},{0x17, 0x7A, 0xE5, 0x0}}},
	{{{1224, 182, -4},0, {1008, 4080},{0x17, 0x7A, 0xE5, 0x0}}},
	{{{1242, 153, -120},0, {1008, -16},{0x17, 0x7A, 0xE5, 0x0}}},
	{{{1065, 183, -79},0, {-16, 4080},{0x0, 0x7D, 0xEA, 0x0}}},
	{{{1153, 185, -63},0, {1008, 4080},{0x0, 0x7D, 0xEA, 0x0}}},
	{{{1127, 178, -101},0, {1008, -16},{0x0, 0x7D, 0xEA, 0x0}}},
	{{{1153, 185, -63},0, {-16, 4080},{0x2E, 0x6B, 0xCE, 0x0}}},
	{{{1224, 182, -4},0, {1008, 4080},{0x2E, 0x6B, 0xCE, 0x0}}},
	{{{1127, 178, -101},0, {1008, -16},{0x2E, 0x6B, 0xCE, 0x0}}},
	{{{1002, 179, -63},0, {-16, 4080},{0xFB, 0x7F, 0x8, 0x0}}},
	{{{1153, 185, -63},0, {1008, 4080},{0xFB, 0x7F, 0x8, 0x0}}},
	{{{1065, 183, -79},0, {1008, -16},{0xFB, 0x7F, 0x8, 0x0}}},
	{{{1002, 179, -63},0, {-16, 4080},{0xFB, 0x7B, 0x20, 0x0}}},
	{{{1114, 179, -43},0, {1008, 4080},{0xFB, 0x7B, 0x20, 0x0}}},
	{{{1153, 185, -63},0, {1008, -16},{0xFB, 0x7B, 0x20, 0x0}}},
	{{{1151, 157, -34},0, {-16, 4080},{0xC5, 0x52, 0x4D, 0x0}}},
	{{{1224, 182, -4},0, {1008, 4080},{0xC5, 0x52, 0x4D, 0x0}}},
	{{{1153, 185, -63},0, {1008, -16},{0xC5, 0x52, 0x4D, 0x0}}},
	{{{977, 184, 9},0, {-16, 4080},{0x2, 0x7F, 0xF8, 0x0}}},
	{{{1114, 179, -43},0, {1008, 4080},{0x2, 0x7F, 0xF8, 0x0}}},
	{{{1002, 179, -63},0, {1008, -16},{0x2, 0x7F, 0xF8, 0x0}}},
	{{{977, 184, 9},0, {-16, 4080},{0x2C, 0x24, 0x72, 0x0}}},
	{{{1083, 158, -24},0, {1008, 4080},{0x2C, 0x24, 0x72, 0x0}}},
	{{{1114, 179, -43},0, {1008, -16},{0x2C, 0x24, 0x72, 0x0}}},
	{{{1138, 182, -9},0, {-16, 4080},{0x4, 0x5C, 0xA9, 0x0}}},
	{{{1224, 182, -4},0, {1008, 4080},{0x4, 0x5C, 0xA9, 0x0}}},
	{{{1151, 157, -34},0, {1008, -16},{0x4, 0x5C, 0xA9, 0x0}}},
	{{{977, 184, 9},0, {-16, 4080},{0x2E, 0x3D, 0x66, 0x0}}},
	{{{1060, 158, -14},0, {1008, 4080},{0x2E, 0x3D, 0x66, 0x0}}},
	{{{1083, 158, -24},0, {1008, -16},{0x2E, 0x3D, 0x66, 0x0}}},
	{{{1109, 156, -3},0, {-16, 4080},{0xFA, 0x23, 0x7A, 0x0}}},
	{{{1224, 182, -4},0, {1008, 4080},{0xFA, 0x23, 0x7A, 0x0}}},
	{{{1138, 182, -9},0, {1008, -16},{0xFA, 0x23, 0x7A, 0x0}}},
	{{{977, 184, 9},0, {-16, 4080},{0xFD, 0x4C, 0x9A, 0x0}}},
	{{{1071, 181, 3},0, {1008, 4080},{0xFD, 0x4C, 0x9A, 0x0}}},
	{{{1060, 158, -14},0, {1008, -16},{0xFD, 0x4C, 0x9A, 0x0}}},
	{{{981, 183, 60},0, {-16, 4080},{0x4, 0x7F, 0x3, 0x0}}},
	{{{1071, 181, 3},0, {1008, 4080},{0x4, 0x7F, 0x3, 0x0}}},
	{{{977, 184, 9},0, {1008, -16},{0x4, 0x7F, 0x3, 0x0}}},
	{{{1087, 185, 25},0, {-16, 4080},{0xED, 0x4D, 0x9C, 0x0}}},
	{{{1224, 182, -4},0, {1008, 4080},{0xED, 0x4D, 0x9C, 0x0}}},
	{{{1109, 156, -3},0, {1008, -16},{0xED, 0x4D, 0x9C, 0x0}}},
	{{{981, 183, 60},0, {-16, 4080},{0xF7, 0x7D, 0xEE, 0x0}}},
	{{{1087, 185, 25},0, {1008, 4080},{0xF7, 0x7D, 0xEE, 0x0}}},
	{{{1071, 181, 3},0, {1008, -16},{0xF7, 0x7D, 0xEE, 0x0}}},
	{{{1087, 185, 25},0, {-16, 4080},{0xFF, 0x7D, 0xE9, 0x0}}},
	{{{1219, 190, 42},0, {1008, 4080},{0xFF, 0x7D, 0xE9, 0x0}}},
	{{{1224, 182, -4},0, {1008, -16},{0xFF, 0x7D, 0xE9, 0x0}}},
	{{{981, 183, 60},0, {-16, 4080},{0x8, 0x7A, 0x21, 0x0}}},
	{{{1141, 182, 22},0, {1008, 4080},{0x8, 0x7A, 0x21, 0x0}}},
	{{{1087, 185, 25},0, {1008, -16},{0x8, 0x7A, 0x21, 0x0}}},
	{{{1141, 182, 22},0, {-16, 4080},{0xFD, 0x8F, 0x3A, 0x0}}},
	{{{1219, 190, 42},0, {1008, 4080},{0xFD, 0x8F, 0x3A, 0x0}}},
	{{{1087, 185, 25},0, {1008, -16},{0xFD, 0x8F, 0x3A, 0x0}}},
	{{{981, 183, 60},0, {-16, 4080},{0xFB, 0x7C, 0xE7, 0x0}}},
	{{{1107, 188, 55},0, {1008, 4080},{0xFB, 0x7C, 0xE7, 0x0}}},
	{{{1141, 182, 22},0, {1008, -16},{0xFB, 0x7C, 0xE7, 0x0}}},
	{{{1143, 164, 63},0, {-16, 4080},{0xE8, 0x71, 0x34, 0x0}}},
	{{{1219, 190, 42},0, {1008, 4080},{0xE8, 0x71, 0x34, 0x0}}},
	{{{1141, 182, 22},0, {1008, -16},{0xE8, 0x71, 0x34, 0x0}}},
	{{{1143, 164, 63},0, {-16, 4080},{0xF4, 0x64, 0x4E, 0x0}}},
	{{{1227, 162, 78},0, {1008, 4080},{0xF4, 0x64, 0x4E, 0x0}}},
	{{{1219, 190, 42},0, {1008, -16},{0xF4, 0x64, 0x4E, 0x0}}},
	{{{1048, 160, 90},0, {-16, 4080},{0x0, 0x64, 0x4F, 0x0}}},
	{{{1107, 188, 55},0, {1008, 4080},{0x0, 0x64, 0x4F, 0x0}}},
	{{{981, 183, 60},0, {1008, -16},{0x0, 0x64, 0x4F, 0x0}}},
	{{{1154, 160, 71},0, {-16, 4080},{0xF7, 0x6F, 0x3D, 0x0}}},
	{{{1227, 162, 78},0, {1008, 4080},{0xF7, 0x6F, 0x3D, 0x0}}},
	{{{1143, 164, 63},0, {1008, -16},{0xF7, 0x6F, 0x3D, 0x0}}},
	{{{626, 155, 79},0, {-16, 4080},{0x0, 0x7F, 0xFB, 0x0}}},
	{{{829, 141, -234},0, {1008, 4080},{0x0, 0x7F, 0xFB, 0x0}}},
	{{{751, 141, -224},0, {1008, -16},{0x0, 0x7F, 0xFB, 0x0}}},
	{{{626, 155, 79},0, {-16, 4080},{0xF5, 0x7E, 0xF4, 0x0}}},
	{{{792, 148, -125},0, {1008, 4080},{0xF5, 0x7E, 0xF4, 0x0}}},
	{{{829, 141, -234},0, {1008, -16},{0xF5, 0x7E, 0xF4, 0x0}}},
	{{{792, 148, -125},0, {-16, 4080},{0xFF, 0x7F, 0xF8, 0x0}}},
	{{{1057, 143, -257},0, {1008, 4080},{0xFF, 0x7F, 0xF8, 0x0}}},
	{{{925, 143, -241},0, {1008, -16},{0xFF, 0x7F, 0xF8, 0x0}}},
	{{{792, 148, -125},0, {-16, 4080},{0x3, 0x7F, 0x1, 0x0}}},
	{{{901, 146, -135},0, {1008, 4080},{0x3, 0x7F, 0x1, 0x0}}},
	{{{1057, 143, -257},0, {1008, -16},{0x3, 0x7F, 0x1, 0x0}}},
	{{{792, 148, -125},0, {-16, 4080},{0x0, 0x7D, 0xE9, 0x0}}},
	{{{952, 185, 74},0, {1008, 4080},{0x0, 0x7D, 0xE9, 0x0}}},
	{{{901, 146, -135},0, {1008, -16},{0x0, 0x7D, 0xE9, 0x0}}},
	{{{626, 155, 79},0, {-16, 4080},{0xFD, 0x7F, 0xFA, 0x0}}},
	{{{818, 153, -48},0, {1008, 4080},{0xFD, 0x7F, 0xFA, 0x0}}},
	{{{792, 148, -125},0, {1008, -16},{0xFD, 0x7F, 0xFA, 0x0}}},
	{{{818, 153, -48},0, {-16, 4080},{0xE0, 0x7B, 0x3, 0x0}}},
	{{{952, 185, 74},0, {1008, 4080},{0xE0, 0x7B, 0x3, 0x0}}},
	{{{792, 148, -125},0, {1008, -16},{0xE0, 0x7B, 0x3, 0x0}}},
	{{{626, 155, 79},0, {-16, 4080},{0x26, 0x6B, 0x39, 0x0}}},
	{{{756, 150, 0},0, {1008, 4080},{0x26, 0x6B, 0x39, 0x0}}},
	{{{818, 153, -48},0, {1008, -16},{0x26, 0x6B, 0x39, 0x0}}},
	{{{824, 156, 75},0, {-16, 4080},{0xE4, 0x7C, 0xFF, 0x0}}},
	{{{952, 185, 74},0, {1008, 4080},{0xE4, 0x7C, 0xFF, 0x0}}},
	{{{818, 153, -48},0, {1008, -16},{0xE4, 0x7C, 0xFF, 0x0}}},
	{{{626, 155, 79},0, {-16, 4080},{0x1, 0x7F, 0xFB, 0x0}}},
	{{{720, 154, 90},0, {1008, 4080},{0x1, 0x7F, 0xFB, 0x0}}},
	{{{756, 150, 0},0, {1008, -16},{0x1, 0x7F, 0xFB, 0x0}}},
};

Gfx title_Text_011_mesh_layer_1_tri_2[] = {
	gsSPVertex(title_Text_011_mesh_layer_1_vtx_2 + 0, 15, 0),
	gsSP1Triangle(0, 1, 2, 0),
	gsSP1Triangle(3, 4, 5, 0),
	gsSP1Triangle(6, 7, 8, 0),
	gsSP1Triangle(9, 10, 11, 0),
	gsSP1Triangle(12, 13, 14, 0),
	gsSPVertex(title_Text_011_mesh_layer_1_vtx_2 + 15, 15, 0),
	gsSP1Triangle(0, 1, 2, 0),
	gsSP1Triangle(3, 4, 5, 0),
	gsSP1Triangle(6, 7, 8, 0),
	gsSP1Triangle(9, 10, 11, 0),
	gsSP1Triangle(12, 13, 14, 0),
	gsSPVertex(title_Text_011_mesh_layer_1_vtx_2 + 30, 15, 0),
	gsSP1Triangle(0, 1, 2, 0),
	gsSP1Triangle(3, 4, 5, 0),
	gsSP1Triangle(6, 7, 8, 0),
	gsSP1Triangle(9, 10, 11, 0),
	gsSP1Triangle(12, 13, 14, 0),
	gsSPVertex(title_Text_011_mesh_layer_1_vtx_2 + 45, 15, 0),
	gsSP1Triangle(0, 1, 2, 0),
	gsSP1Triangle(3, 4, 5, 0),
	gsSP1Triangle(6, 7, 8, 0),
	gsSP1Triangle(9, 10, 11, 0),
	gsSP1Triangle(12, 13, 14, 0),
	gsSPVertex(title_Text_011_mesh_layer_1_vtx_2 + 60, 15, 0),
	gsSP1Triangle(0, 1, 2, 0),
	gsSP1Triangle(3, 4, 5, 0),
	gsSP1Triangle(6, 7, 8, 0),
	gsSP1Triangle(9, 10, 11, 0),
	gsSP1Triangle(12, 13, 14, 0),
	gsSPVertex(title_Text_011_mesh_layer_1_vtx_2 + 75, 15, 0),
	gsSP1Triangle(0, 1, 2, 0),
	gsSP1Triangle(3, 4, 5, 0),
	gsSP1Triangle(6, 7, 8, 0),
	gsSP1Triangle(9, 10, 11, 0),
	gsSP1Triangle(12, 13, 14, 0),
	gsSPVertex(title_Text_011_mesh_layer_1_vtx_2 + 90, 15, 0),
	gsSP1Triangle(0, 1, 2, 0),
	gsSP1Triangle(3, 4, 5, 0),
	gsSP1Triangle(6, 7, 8, 0),
	gsSP1Triangle(9, 10, 11, 0),
	gsSP1Triangle(12, 13, 14, 0),
	gsSPVertex(title_Text_011_mesh_layer_1_vtx_2 + 105, 15, 0),
	gsSP1Triangle(0, 1, 2, 0),
	gsSP1Triangle(3, 4, 5, 0),
	gsSP1Triangle(6, 7, 8, 0),
	gsSP1Triangle(9, 10, 11, 0),
	gsSP1Triangle(12, 13, 14, 0),
	gsSPVertex(title_Text_011_mesh_layer_1_vtx_2 + 120, 15, 0),
	gsSP1Triangle(0, 1, 2, 0),
	gsSP1Triangle(3, 4, 5, 0),
	gsSP1Triangle(6, 7, 8, 0),
	gsSP1Triangle(9, 10, 11, 0),
	gsSP1Triangle(12, 13, 14, 0),
	gsSPVertex(title_Text_011_mesh_layer_1_vtx_2 + 135, 15, 0),
	gsSP1Triangle(0, 1, 2, 0),
	gsSP1Triangle(3, 4, 5, 0),
	gsSP1Triangle(6, 7, 8, 0),
	gsSP1Triangle(9, 10, 11, 0),
	gsSP1Triangle(12, 13, 14, 0),
	gsSPVertex(title_Text_011_mesh_layer_1_vtx_2 + 150, 15, 0),
	gsSP1Triangle(0, 1, 2, 0),
	gsSP1Triangle(3, 4, 5, 0),
	gsSP1Triangle(6, 7, 8, 0),
	gsSP1Triangle(9, 10, 11, 0),
	gsSP1Triangle(12, 13, 14, 0),
	gsSPVertex(title_Text_011_mesh_layer_1_vtx_2 + 165, 15, 0),
	gsSP1Triangle(0, 1, 2, 0),
	gsSP1Triangle(3, 4, 5, 0),
	gsSP1Triangle(6, 7, 8, 0),
	gsSP1Triangle(9, 10, 11, 0),
	gsSP1Triangle(12, 13, 14, 0),
	gsSPVertex(title_Text_011_mesh_layer_1_vtx_2 + 180, 15, 0),
	gsSP1Triangle(0, 1, 2, 0),
	gsSP1Triangle(3, 4, 5, 0),
	gsSP1Triangle(6, 7, 8, 0),
	gsSP1Triangle(9, 10, 11, 0),
	gsSP1Triangle(12, 13, 14, 0),
	gsSPVertex(title_Text_011_mesh_layer_1_vtx_2 + 195, 15, 0),
	gsSP1Triangle(0, 1, 2, 0),
	gsSP1Triangle(3, 4, 5, 0),
	gsSP1Triangle(6, 7, 8, 0),
	gsSP1Triangle(9, 10, 11, 0),
	gsSP1Triangle(12, 13, 14, 0),
	gsSPVertex(title_Text_011_mesh_layer_1_vtx_2 + 210, 12, 0),
	gsSP1Triangle(0, 1, 2, 0),
	gsSP1Triangle(3, 4, 5, 0),
	gsSP1Triangle(6, 7, 8, 0),
	gsSP1Triangle(9, 10, 11, 0),
	gsSPEndDisplayList(),
};


Gfx mat_title_globe_layer1[] = {
	gsDPPipeSync(),
	gsDPSetCombineLERP(TEXEL0, PRIMITIVE, TEXEL1_ALPHA, PRIMITIVE, 0, 0, 0, ENVIRONMENT, COMBINED, 0, SHADE, 0, 0, 0, 0, 1),
	gsSPSetGeometryMode(G_TEXTURE_GEN),
	gsDPSetCycleType(G_CYC_2CYCLE),
	gsDPSetRenderMode(G_RM_NOOP, G_RM_AA_ZB_OPA_SURF2),
	gsSPTexture(1984, 1984, 0, 0, 1),
	gsDPTileSync(),
	gsDPSetTextureImage(G_IM_FMT_RGBA, G_IM_SIZ_16b_LOAD_BLOCK, 1, title_cs_narakucloud01_alb_rgba16),
	gsDPSetTile(G_IM_FMT_RGBA, G_IM_SIZ_16b_LOAD_BLOCK, 0, 0, 7, 0, G_TX_WRAP | G_TX_NOMIRROR, 5, 0, G_TX_WRAP | G_TX_NOMIRROR, 5, 0),
	gsDPLoadSync(),
	gsDPLoadBlock(7, 0, 0, 1023, 256),
	gsDPPipeSync(),
	gsDPSetTile(G_IM_FMT_RGBA, G_IM_SIZ_16b, 8, 0, 0, 0, G_TX_WRAP | G_TX_NOMIRROR, 5, 0, G_TX_WRAP | G_TX_NOMIRROR, 5, 0),
	gsDPSetTileSize(0, 0, 0, 124, 124),
	gsDPTileSync(),
	gsDPSetTextureImage(G_IM_FMT_IA, G_IM_SIZ_8b_LOAD_BLOCK, 1, title_wateralpha_ia8),
	gsDPSetTile(G_IM_FMT_IA, G_IM_SIZ_8b_LOAD_BLOCK, 0, 256, 6, 0, G_TX_WRAP | G_TX_NOMIRROR, 5, 0, G_TX_WRAP | G_TX_NOMIRROR, 5, 0),
	gsDPLoadSync(),
	gsDPLoadBlock(6, 0, 0, 511, 512),
	gsDPPipeSync(),
	gsDPSetTile(G_IM_FMT_IA, G_IM_SIZ_8b, 4, 256, 1, 0, G_TX_WRAP | G_TX_NOMIRROR, 5, 0, G_TX_WRAP | G_TX_NOMIRROR, 5, 0),
	gsDPSetTileSize(1, 0, 0, 124, 124),
	gsDPSetPrimColor(0, 0, 160, 0, 10, 255),
	gsSPSetLights1(title_globe_layer1_lights),
	gsSPEndDisplayList(),
};

Gfx mat_revert_title_globe_layer1[] = {
	gsDPPipeSync(),
	gsSPClearGeometryMode(G_TEXTURE_GEN),
	gsDPSetCycleType(G_CYC_1CYCLE),
	gsDPSetRenderMode(G_RM_AA_ZB_OPA_SURF, G_RM_AA_ZB_OPA_SURF2),
	gsSPEndDisplayList(),
};

Gfx mat_title_ssrm[] = {
	gsDPPipeSync(),
	gsDPSetCombineLERP(TEXEL0, 0, SHADE, 0, 0, 0, 0, ENVIRONMENT, TEXEL0, 0, SHADE, 0, 0, 0, 0, ENVIRONMENT),
	gsSPTexture(65535, 65535, 0, 0, 1),
	gsDPSetTextureLUT(G_TT_RGBA16),
	gsDPSetTextureImage(G_IM_FMT_RGBA, G_IM_SIZ_16b, 1, title_OSC_Z_M_VORTEX02_ci4_pal_rgba16),
	gsDPTileSync(),
	gsDPSetTile(0, 0, 0, 256, 7, 0, G_TX_WRAP | G_TX_NOMIRROR, 0, 0, G_TX_WRAP | G_TX_NOMIRROR, 0, 0),
	gsDPLoadSync(),
	gsDPLoadTLUTCmd(7, 15),
	gsDPPipeSync(),
	gsDPTileSync(),
	gsDPSetTextureImage(G_IM_FMT_CI, G_IM_SIZ_16b, 1, title_OSC_Z_M_VORTEX02_ci4),
	gsDPSetTile(G_IM_FMT_CI, G_IM_SIZ_16b, 0, 0, 7, 0, G_TX_CLAMP | G_TX_NOMIRROR, 5, 0, G_TX_WRAP | G_TX_NOMIRROR, 7, 0),
	gsDPLoadSync(),
	gsDPLoadBlock(7, 0, 0, 1023, 256),
	gsDPPipeSync(),
	gsDPSetTile(G_IM_FMT_CI, G_IM_SIZ_4b, 8, 0, 0, 0, G_TX_CLAMP | G_TX_NOMIRROR, 5, 0, G_TX_WRAP | G_TX_NOMIRROR, 7, 0),
	gsDPSetTileSize(0, 0, 0, 508, 124),
	gsSPSetLights1(title_ssrm_lights),
	gsSPEndDisplayList(),
};

Gfx mat_revert_title_ssrm[] = {
	gsDPPipeSync(),
	gsDPSetTextureLUT(G_TT_NONE),
	gsSPEndDisplayList(),
};

Gfx mat_title_tourn[] = {
	gsDPPipeSync(),
	gsDPSetCombineLERP(TEXEL0, 0, SHADE, 0, 0, 0, 0, ENVIRONMENT, TEXEL0, 0, SHADE, 0, 0, 0, 0, ENVIRONMENT),
	gsSPSetGeometryMode(G_TEXTURE_GEN),
	gsSPTexture(1984, 1984, 0, 0, 1),
	gsDPSetTextureLUT(G_TT_RGBA16),
	gsDPSetTextureImage(G_IM_FMT_RGBA, G_IM_SIZ_16b, 1, title__31_ci8_pal_rgba16),
	gsDPTileSync(),
	gsDPSetTile(0, 0, 0, 256, 7, 0, G_TX_WRAP | G_TX_NOMIRROR, 0, 0, G_TX_WRAP | G_TX_NOMIRROR, 0, 0),
	gsDPLoadSync(),
	gsDPLoadTLUTCmd(7, 60),
	gsDPPipeSync(),
	gsDPTileSync(),
	gsDPSetTextureImage(G_IM_FMT_CI, G_IM_SIZ_8b_LOAD_BLOCK, 1, title__31_ci8),
	gsDPSetTile(G_IM_FMT_CI, G_IM_SIZ_8b_LOAD_BLOCK, 0, 0, 7, 0, G_TX_WRAP | G_TX_NOMIRROR, 5, 0, G_TX_WRAP | G_TX_NOMIRROR, 5, 0),
	gsDPLoadSync(),
	gsDPLoadBlock(7, 0, 0, 511, 512),
	gsDPPipeSync(),
	gsDPSetTile(G_IM_FMT_CI, G_IM_SIZ_8b, 4, 0, 0, 0, G_TX_WRAP | G_TX_NOMIRROR, 5, 0, G_TX_WRAP | G_TX_NOMIRROR, 5, 0),
	gsDPSetTileSize(0, 0, 0, 124, 124),
	gsSPSetLights1(title_tourn_lights),
	gsSPEndDisplayList(),
};

Gfx mat_revert_title_tourn[] = {
	gsDPPipeSync(),
	gsSPClearGeometryMode(G_TEXTURE_GEN),
	gsDPSetTextureLUT(G_TT_NONE),
	gsSPEndDisplayList(),
};

Gfx mat_title_rope[] = {
	gsDPPipeSync(),
	gsDPSetCombineLERP(TEXEL0, 0, SHADE, 0, 0, 0, 0, ENVIRONMENT, TEXEL0, 0, SHADE, 0, 0, 0, 0, ENVIRONMENT),
	gsSPTexture(65535, 65535, 0, 0, 1),
	gsDPSetTextureLUT(G_TT_RGBA16),
	gsDPSetTextureImage(G_IM_FMT_RGBA, G_IM_SIZ_16b, 1, title_k12_kb16_ci4_pal_rgba16),
	gsDPTileSync(),
	gsDPSetTile(0, 0, 0, 256, 7, 0, G_TX_WRAP | G_TX_NOMIRROR, 0, 0, G_TX_WRAP | G_TX_NOMIRROR, 0, 0),
	gsDPLoadSync(),
	gsDPLoadTLUTCmd(7, 15),
	gsDPPipeSync(),
	gsDPTileSync(),
	gsDPSetTextureImage(G_IM_FMT_CI, G_IM_SIZ_16b, 1, title_k12_kb16_ci4),
	gsDPSetTile(G_IM_FMT_CI, G_IM_SIZ_16b, 0, 0, 7, 0, G_TX_WRAP | G_TX_NOMIRROR, 7, 0, G_TX_WRAP | G_TX_NOMIRROR, 5, 0),
	gsDPLoadSync(),
	gsDPLoadBlock(7, 0, 0, 1023, 1024),
	gsDPPipeSync(),
	gsDPSetTile(G_IM_FMT_CI, G_IM_SIZ_4b, 2, 0, 0, 0, G_TX_WRAP | G_TX_NOMIRROR, 7, 0, G_TX_WRAP | G_TX_NOMIRROR, 5, 0),
	gsDPSetTileSize(0, 0, 0, 124, 508),
	gsSPSetLights1(title_rope_lights),
	gsSPEndDisplayList(),
};

Gfx mat_revert_title_rope[] = {
	gsDPPipeSync(),
	gsDPSetTextureLUT(G_TT_NONE),
	gsSPEndDisplayList(),
};

Gfx title_Icosphere_mesh_layer_1[] = {
	gsSPDisplayList(mat_title_globe_layer1),
	gsSPDisplayList(title_Icosphere_mesh_layer_1_tri_0),
	gsSPDisplayList(mat_revert_title_globe_layer1),
	gsSPEndDisplayList(),
};

Gfx title_Text_011_mesh_layer_1[] = {
	gsSPDisplayList(mat_title_ssrm),
	gsSPDisplayList(title_Text_011_mesh_layer_1_tri_0),
	gsSPDisplayList(mat_revert_title_ssrm),
	gsSPDisplayList(mat_title_tourn),
	gsSPDisplayList(title_Text_011_mesh_layer_1_tri_1),
	gsSPDisplayList(mat_revert_title_tourn),
	gsSPDisplayList(mat_title_rope),
	gsSPDisplayList(title_Text_011_mesh_layer_1_tri_2),
	gsSPDisplayList(mat_revert_title_rope),
	gsSPEndDisplayList(),
};

Gfx title_material_revert_render_settings[] = {
	gsDPPipeSync(),
	gsSPSetGeometryMode(G_LIGHTING),
	gsSPClearGeometryMode(G_TEXTURE_GEN),
	gsDPSetCombineLERP(0, 0, 0, SHADE, 0, 0, 0, ENVIRONMENT, 0, 0, 0, SHADE, 0, 0, 0, ENVIRONMENT),
	gsSPTexture(65535, 65535, 0, 0, 0),
	gsDPSetEnvColor(255, 255, 255, 255),
	gsDPSetAlphaCompare(G_AC_NONE),
	gsSPEndDisplayList(),
};

