Lights1 hmc_dl_SM64_DL_thi_1_0xe024db0_F3D_Mat_0_001_lights = gdSPDefLights1(
	0x7F, 0x7F, 0x7F,
	0xFF, 0xFF, 0xFF, 0x28, 0x28, 0x28);

Lights1 hmc_dl_SM64_DL_thi_1_0xe024db0_F3D_Mat_1_001_lights = gdSPDefLights1(
	0x7F, 0x7F, 0x7F,
	0xFF, 0xFF, 0xFF, 0x28, 0x28, 0x28);

Lights1 hmc_dl_SM64_DL_thi_1_0xe024db0_F3D_Mat_2_001_lights = gdSPDefLights1(
	0x7F, 0x7F, 0x7F,
	0xFF, 0xFF, 0xFF, 0x28, 0x28, 0x28);

Lights1 hmc_dl_SM64_DL_thi_1_0xe024db0_F3D_Mat_3_001_lights = gdSPDefLights1(
	0x7F, 0x7F, 0x7F,
	0xFF, 0xFF, 0xFF, 0x28, 0x28, 0x28);

Lights1 hmc_dl_SM64_DL_thi_1_0xe024db0_F3D_Mat_4_001_lights = gdSPDefLights1(
	0x7F, 0x7F, 0x7F,
	0xFF, 0xFF, 0xFF, 0x28, 0x28, 0x28);

Lights1 hmc_dl_SM64_DL_thi_1_0xe024db0_F3D_Mat_5_001_lights = gdSPDefLights1(
	0x7F, 0x7F, 0x7F,
	0xFF, 0xFF, 0xFF, 0x28, 0x28, 0x28);

Lights1 hmc_dl_SM64_DL_thi_1_0xe024db0_F3D_Mat_6_001_lights = gdSPDefLights1(
	0x7F, 0x7F, 0x7F,
	0xFF, 0xFF, 0xFF, 0x28, 0x28, 0x28);

Lights1 hmc_dl_SM64_DL_thi_1_0xe024db0_F3D_Mat_7_001_lights = gdSPDefLights1(
	0x7F, 0x7F, 0x7F,
	0xFF, 0xFF, 0xFF, 0x28, 0x28, 0x28);

Lights1 hmc_dl_SM64_DL_thi_1_0xe024db0_F3D_Mat_8_001_lights = gdSPDefLights1(
	0x7F, 0x7F, 0x7F,
	0xFF, 0xFF, 0xFF, 0x28, 0x28, 0x28);

Lights1 hmc_dl_SM64_DL_thi_1_0xe02d210_F3D_Mat_0_001_lights = gdSPDefLights1(
	0x7F, 0x7F, 0x7F,
	0xFF, 0xFF, 0xFF, 0x28, 0x28, 0x28);

Lights1 hmc_dl_SM64_DL_thi_1_0xe02d210_F3D_Mat_1_001_lights = gdSPDefLights1(
	0x7F, 0x7F, 0x7F,
	0xFF, 0xFF, 0xFF, 0x28, 0x28, 0x28);

Gfx hmc_dl_thi_1_0xe000018_custom_rgba16_rgba16_aligner[] = {gsSPEndDisplayList()};
u8 hmc_dl_thi_1_0xe000018_custom_rgba16_rgba16[] = {
	0x31, 0xf1, 0x31, 0xf3, 0x29, 0xf1, 0x2a, 0x2f, 
	0x32, 0x2f, 0x31, 0xf1, 0x31, 0xf1, 0x29, 0xf1, 
	0x32, 0x31, 0x29, 0xf1, 0x29, 0xef, 0x31, 0xf1, 
	0x31, 0xf1, 0x2a, 0x2f, 0x2a, 0x2f, 0x32, 0x31, 
	0x31, 0xf3, 0x31, 0xf1, 0x29, 0xf1, 0x2a, 0x2f, 
	0x2a, 0x2f, 0x2a, 0x2f, 0x29, 0xef, 0x29, 0xf1, 
	0x29, 0xf1, 0x31, 0xf1, 0x29, 0xef, 0x29, 0xf1, 
	0x31, 0xf1, 0x2a, 0x2f, 0x32, 0x2f, 0x29, 0xef, 
	0x29, 0xf1, 0x31, 0xf1, 0x29, 0xef, 0x29, 0xf1, 
	0x2a, 0x2d, 0x29, 0xef, 0x31, 0xf3, 0x29, 0xef, 
	0x2a, 0x2f, 0x2a, 0x2f, 0x29, 0xf1, 0x31, 0xf1, 
	0x29, 0xf1, 0x32, 0x2f, 0x31, 0xf1, 0x32, 0x31, 
	0x29, 0xef, 0x31, 0xf1, 0x29, 0xf1, 0x31, 0xf3, 
	0x29, 0xef, 0x29, 0xf1, 0x29, 0xf1, 0x32, 0x31, 
	0x32, 0x31, 0x29, 0xf1, 0x29, 0xf1, 0x29, 0xef, 
	0x29, 0xf1, 0x2a, 0x2f, 0x2a, 0x2f, 0x29, 0xef, 
	0x2a, 0x2f, 0x29, 0xef, 0x29, 0xf1, 0x29, 0xef, 
	0x29, 0xef, 0x2a, 0x2d, 0x29, 0xf1, 0x2a, 0x2f, 
	0x2a, 0x2f, 0x2a, 0x2d, 0x29, 0xef, 0x2a, 0x2f, 
	0x29, 0xf1, 0x29, 0xf1, 0x29, 0xf1, 0x29, 0xef, 
	0x29, 0xf1, 0x32, 0x31, 0x31, 0xf3, 0x31, 0xf1, 
	0x31, 0xf1, 0x31, 0xf1, 0x31, 0xf1, 0x31, 0xf1, 
	0x31, 0xf1, 0x29, 0xef, 0x29, 0xf1, 0x29, 0xef, 
	0x31, 0xf1, 0x32, 0x2f, 0x2a, 0x2f, 0x32, 0x2f, 
	0x32, 0x2f, 0x29, 0xf1, 0x29, 0xef, 0x29, 0xef, 
	0x2a, 0x31, 0x2a, 0x2f, 0x32, 0x2f, 0x32, 0x2f, 
	0x2a, 0x2f, 0x2a, 0x2f, 0x2a, 0x2f, 0x2a, 0x2f, 
	0x29, 0xf1, 0x31, 0xf1, 0x2a, 0x2d, 0x2a, 0x2d, 
	0x2a, 0x2f, 0x29, 0xef, 0x29, 0xef, 0x29, 0xef, 
	0x29, 0xf1, 0x31, 0xf1, 0x31, 0xf1, 0x29, 0xf1, 
	0x29, 0xf1, 0x2a, 0x2f, 0x32, 0x31, 0x29, 0xf1, 
	0x31, 0xf1, 0x29, 0xf1, 0x29, 0xef, 0x2a, 0x2d, 
	0x2a, 0x2f, 0x29, 0xf1, 0x2a, 0x2f, 0x2a, 0x2f, 
	0x2a, 0x2d, 0x29, 0xed, 0x2a, 0x2f, 0x29, 0xf1, 
	0x32, 0x2f, 0x32, 0x31, 0x29, 0xef, 0x29, 0xef, 
	0x31, 0xf1, 0x32, 0x2f, 0x2a, 0x2d, 0x2a, 0x2f, 
	0x32, 0x31, 0x29, 0xf1, 0x2a, 0x2f, 0x29, 0xf1, 
	0x2a, 0x2f, 0x29, 0xf1, 0x31, 0xf1, 0x29, 0xf1, 
	0x2a, 0x2f, 0x2a, 0x2f, 0x29, 0xf1, 0x29, 0xf1, 
	0x2a, 0x2d, 0x2a, 0x2d, 0x29, 0xef, 0x2a, 0x2f, 
	0x29, 0xef, 0x29, 0xef, 0x29, 0xf1, 0x2a, 0x2f, 
	0x2a, 0x2f, 0x32, 0x2f, 0x2a, 0x2f, 0x2a, 0x2f, 
	0x2a, 0x2f, 0x32, 0x31, 0x31, 0xf1, 0x29, 0xf1, 
	0x29, 0xf1, 0x32, 0x2f, 0x2a, 0x2f, 0x31, 0xf1, 
	0x31, 0xf1, 0x2a, 0x2f, 0x2a, 0x31, 0x32, 0x31, 
	0x29, 0xef, 0x31, 0xf1, 0x29, 0xf1, 0x29, 0xf1, 
	0x2a, 0x2f, 0x2a, 0x2f, 0x2a, 0x2f, 0x29, 0xf1, 
	0x29, 0xf1, 0x2a, 0x2f, 0x29, 0xf1, 0x2a, 0x2f, 
	0x2a, 0x2f, 0x2a, 0x2f, 0x29, 0xef, 0x32, 0x31, 
	0x29, 0xf1, 0x29, 0xef, 0x2a, 0x2f, 0x32, 0x31, 
	0x29, 0xf1, 0x2a, 0x2f, 0x2a, 0x2f, 0x2a, 0x2d, 
	0x29, 0xef, 0x2a, 0x2f, 0x2a, 0x2f, 0x29, 0xf1, 
	0x29, 0xf1, 0x2a, 0x2f, 0x2a, 0x2f, 0x31, 0xf1, 
	0x31, 0xf1, 0x32, 0x2f, 0x2a, 0x2d, 0x2a, 0x2f, 
	0x29, 0xf1, 0x32, 0x2f, 0x2a, 0x2d, 0x2a, 0x2f, 
	0x32, 0x31, 0x31, 0xf1, 0x29, 0xef, 0x29, 0xef, 
	0x2a, 0x2d, 0x2a, 0x2f, 0x29, 0xef, 0x31, 0xf1, 
	0x2a, 0x2f, 0x32, 0x2f, 0x29, 0xf1, 0x2a, 0x2f, 
	0x2a, 0x2f, 0x29, 0xef, 0x2a, 0x2f, 0x2a, 0x2d, 
	0x2a, 0x2d, 0x2a, 0x2f, 0x2a, 0x2f, 0x2a, 0x2d, 
	0x29, 0xef, 0x29, 0xf1, 0x32, 0x31, 0x2a, 0x2d, 
	0x2a, 0x2f, 0x2a, 0x2f, 0x2a, 0x2d, 0x2a, 0x2f, 
	0x29, 0xef, 0x29, 0xf1, 0x2a, 0x2f, 0x29, 0xef, 
	0x29, 0xef, 0x2a, 0x2f, 0x29, 0xf1, 0x29, 0xef, 
	0x2a, 0x2f, 0x2a, 0x2f, 0x2a, 0x2f, 0x29, 0xf1, 
	0x2a, 0x2f, 0x2a, 0x2f, 0x32, 0x31, 0x29, 0xef, 
	0x32, 0x2f, 0x29, 0xef, 0x2a, 0x2f, 0x32, 0x31, 
	0x2a, 0x2f, 0x2a, 0x2d, 0x2a, 0x2d, 0x2a, 0x2d, 
	0x29, 0xf1, 0x31, 0xf1, 0x2a, 0x2f, 0x2a, 0x2d, 
	0x32, 0x2f, 0x2a, 0x2f, 0x2a, 0x2d, 0x2a, 0x2f, 
	0x29, 0xf1, 0x29, 0xf1, 0x29, 0xf1, 0x29, 0xf1, 
	0x2a, 0x2d, 0x2a, 0x2f, 0x29, 0xef, 0x2a, 0x2f, 
	0x2a, 0x2f, 0x2a, 0x2f, 0x2a, 0x2f, 0x29, 0xf1, 
	0x2a, 0x2f, 0x32, 0x31, 0x2a, 0x2f, 0x29, 0xef, 
	0x32, 0x31, 0x31, 0xf1, 0x29, 0xf1, 0x29, 0xf1, 
	0x29, 0xf1, 0x32, 0x2f, 0x2a, 0x2d, 0x2a, 0x31, 
	0x29, 0xf1, 0x32, 0x31, 0x2a, 0x31, 0x29, 0xef, 
	0x31, 0xf1, 0x29, 0xf1, 0x2a, 0x2f, 0x29, 0xef, 
	0x29, 0xf1, 0x32, 0x2f, 0x31, 0xf1, 0x29, 0xf1, 
	0x29, 0xf1, 0x2a, 0x2f, 0x29, 0xf1, 0x32, 0x2f, 
	0x31, 0xf1, 0x29, 0xf1, 0x29, 0xf1, 0x29, 0xef, 
	0x29, 0xf1, 0x29, 0xf1, 0x31, 0xf1, 0x29, 0xf1, 
	0x29, 0xf1, 0x32, 0x31, 0x29, 0xf1, 0x32, 0x31, 
	0x29, 0xf1, 0x29, 0xf1, 0x31, 0xf1, 0x31, 0xf1, 
	0x29, 0xf1, 0x32, 0x2f, 0x2a, 0x2f, 0x32, 0x31, 
	0x29, 0xf1, 0x32, 0x2f, 0x32, 0x2f, 0x2a, 0x2d, 
	0x29, 0xef, 0x29, 0xef, 0x2a, 0x2f, 0x2a, 0x2d, 
	0x29, 0xef, 0x29, 0xef, 0x29, 0xf1, 0x31, 0xf1, 
	0x31, 0xf1, 0x31, 0xf1, 0x29, 0xef, 0x2a, 0x2f, 
	0x31, 0xf1, 0x29, 0xf1, 0x31, 0xf1, 0x29, 0xf1, 
	0x31, 0xf1, 0x29, 0xef, 0x32, 0x31, 0x2a, 0x2f, 
	0x31, 0xf1, 0x31, 0xf1, 0x29, 0xf1, 0x29, 0xf1, 
	0x32, 0x31, 0x2a, 0x2f, 0x2a, 0x2f, 0x2a, 0x2d, 
	0x29, 0xf1, 0x2a, 0x2f, 0x2a, 0x2f, 0x2a, 0x2f, 
	0x2a, 0x2f, 0x29, 0xef, 0x2a, 0x2f, 0x2a, 0x2d, 
	0x2a, 0x2d, 0x29, 0xf1, 0x29, 0xef, 0x29, 0xf1, 
	0x31, 0xf1, 0x29, 0xf1, 0x29, 0xf1, 0x29, 0xf1, 
	0x29, 0xf1, 0x29, 0xf1, 0x2a, 0x2f, 0x29, 0xf1, 
	0x29, 0xf1, 0x29, 0xef, 0x29, 0xf1, 0x29, 0xef, 
	0x2a, 0x2f, 0x32, 0x31, 0x29, 0xf1, 0x29, 0xf1, 
	0x31, 0xf1, 0x31, 0xf1, 0x2a, 0x2f, 0x29, 0xef, 
	0x29, 0xef, 0x2a, 0x2f, 0x2a, 0x2d, 0x2a, 0x2f, 
	0x31, 0xf1, 0x29, 0xf1, 0x2a, 0x2f, 0x2a, 0x2f, 
	0x2a, 0x2f, 0x29, 0xef, 0x29, 0xf1, 0x29, 0xf1, 
	0x31, 0xf1, 0x29, 0xef, 0x2a, 0x2f, 0x31, 0xf1, 
	0x29, 0xf1, 0x29, 0xf1, 0x29, 0xf1, 0x29, 0xef, 
	0x2a, 0x2f, 0x2a, 0x2f, 0x31, 0xf1, 0x32, 0x31, 
	0x2a, 0x2f, 0x29, 0xef, 0x29, 0xf1, 0x32, 0x2f, 
	0x29, 0xf1, 0x2a, 0x31, 0x29, 0xf1, 0x31, 0xf1, 
	0x2a, 0x2d, 0x2a, 0x2f, 0x2a, 0x2f, 0x31, 0xf1, 
	0x29, 0xf1, 0x31, 0xf1, 0x29, 0xf1, 0x29, 0xef, 
	0x29, 0xef, 0x32, 0x31, 0x29, 0xf1, 0x31, 0xf1, 
	0x2a, 0x2f, 0x2a, 0x2f, 0x2a, 0x2d, 0x29, 0xf1, 
	0x29, 0xef, 0x29, 0xf1, 0x31, 0xf1, 0x29, 0xf1, 
	0x29, 0xef, 0x2a, 0x2f, 0x29, 0xf1, 0x29, 0xf1, 
	0x2a, 0x2f, 0x2a, 0x2f, 0x2a, 0x2f, 0x2a, 0x2f, 
	0x2a, 0x2d, 0x2a, 0x2d, 0x29, 0xf1, 0x31, 0xf1, 
	0x2a, 0x2d, 0x2a, 0x2d, 0x29, 0xef, 0x32, 0x31, 
	0x29, 0xf1, 0x29, 0xf1, 0x29, 0xf1, 0x29, 0xef, 
	0x29, 0xef, 0x29, 0xef, 0x29, 0xf1, 0x31, 0xf1, 
	0x29, 0xf1, 0x29, 0xf1, 0x29, 0xf1, 0x29, 0xf1, 
	0x2a, 0x2f, 0x32, 0x2f, 0x29, 0xf1, 0x29, 0xf1, 
	0x29, 0xef, 0x32, 0x2f, 0x32, 0x31, 0x29, 0xef, 
	0x2a, 0x2f, 0x2a, 0x2f, 0x2a, 0x2f, 0x2a, 0x2f, 
	0x2a, 0x2f, 0x2a, 0x2f, 0x29, 0xef, 0x31, 0xf1, 
	0x29, 0xf1, 0x29, 0xf1, 0x29, 0xf1, 0x29, 0xef, 
	0x2a, 0x2f, 0x2a, 0x2f, 0x31, 0xf1, 0x29, 0xf1, 
	0x31, 0xf1, 0x2a, 0x2f, 0x2a, 0x2f, 0x29, 0xf1, 
	0x32, 0x31, 0x31, 0xf1, 0x31, 0xf1, 0x2a, 0x2f, 
	0x32, 0x2f, 0x29, 0xf1, 0x31, 0xf1, 0x29, 0xf1, 
	0x29, 0xf1, 0x31, 0xf1, 0x2a, 0x2f, 0x2a, 0x2f, 
	0x29, 0xef, 0x2a, 0x2f, 0x2a, 0x2d, 0x2a, 0x2f, 
	0x2a, 0x2f, 0x2a, 0x2f, 0x2a, 0x2d, 0x29, 0xef, 
	0x31, 0xf1, 0x32, 0x31, 0x31, 0xf1, 0x31, 0xf1, 
	0x32, 0x31, 0x32, 0x2f, 0x29, 0xf1, 0x31, 0xf1, 
	0x31, 0xf1, 0x2a, 0x2f, 0x29, 0xef, 0x2a, 0x2f, 
	0x29, 0xed, 0x32, 0x31, 0x29, 0xf1, 0x29, 0xf1, 
	0x29, 0xf1, 0x29, 0xf1, 0x31, 0xf1, 0x29, 0xef, 
	0x29, 0xf1, 0x32, 0x31, 0x29, 0xf1, 0x32, 0x2f, 
	0x32, 0x31, 0x29, 0xf1, 0x2a, 0x2f, 0x2a, 0x2f, 
	0x2a, 0x2f, 0x2a, 0x31, 0x2a, 0x2f, 0x2a, 0x2f, 
	0x31, 0xf1, 0x29, 0xf1, 0x29, 0xef, 0x2a, 0x2f, 
	0x31, 0xf1, 0x32, 0x33, 0x29, 0xf1, 0x29, 0xef, 
	0x29, 0xef, 0x2a, 0x2f, 0x2a, 0x2d, 0x29, 0xf1, 
	0x2a, 0x2f, 0x29, 0xef, 0x29, 0xf1, 0x29, 0xf1, 
	0x31, 0xf1, 0x29, 0xf1, 0x29, 0xf1, 0x2a, 0x2f, 
	0x29, 0xf1, 0x29, 0xf1, 0x29, 0xf1, 0x2a, 0x2d, 
	0x31, 0xf1, 0x29, 0xf1, 0x29, 0xf1, 0x2a, 0x2f, 
	0x2a, 0x2f, 0x31, 0xef, 0x32, 0x31, 0x2a, 0x2f, 
	0x29, 0xf1, 0x32, 0x31, 0x2a, 0x2f, 0x2a, 0x2f, 
	0x29, 0xef, 0x29, 0xef, 0x31, 0xf1, 0x29, 0xf1, 
	0x29, 0xf1, 0x2a, 0x2f, 0x2a, 0x2f, 0x32, 0x2f, 
	0x29, 0xf1, 0x31, 0xf1, 0x29, 0xef, 0x29, 0xf1, 
	0x29, 0xf1, 0x2a, 0x2f, 0x2a, 0x2f, 0x29, 0xef, 
	0x2a, 0x31, 0x2a, 0x31, 0x2a, 0x2f, 0x2a, 0x2f, 
	0x2a, 0x31, 0x31, 0xf1, 0x29, 0xf1, 0x29, 0xf1, 
	0x31, 0xf1, 0x31, 0xf1, 0x29, 0xef, 0x2a, 0x2f, 
	0x29, 0xef, 0x2a, 0x2d, 0x2a, 0x2f, 0x2a, 0x2d, 
	0x2a, 0x2d, 0x2a, 0x2f, 0x2a, 0x2f, 0x2a, 0x2f, 
	0x29, 0xf1, 0x29, 0xf1, 0x2a, 0x2f, 0x32, 0x2f, 
	0x31, 0xf1, 0x2a, 0x2f, 0x29, 0xef, 0x32, 0x31, 
	0x29, 0xf1, 0x2a, 0x2f, 0x2a, 0x2d, 0x29, 0xef, 
	0x31, 0xf1, 0x29, 0xef, 0x2a, 0x2f, 0x2a, 0x2f, 
	0x2a, 0x2f, 0x31, 0xf1, 0x31, 0xf1, 0x32, 0x31, 
	0x32, 0x31, 0x29, 0xef, 0x2a, 0x2d, 0x29, 0xef, 
	0x2a, 0x2f, 0x2a, 0x2d, 0x2a, 0x2d, 0x2a, 0x2f, 
	0x2a, 0x2f, 0x31, 0xf1, 0x29, 0xf1, 0x29, 0xef, 
	0x32, 0x31, 0x29, 0xef, 0x2a, 0x2f, 0x29, 0xf1, 
	0x29, 0xf1, 0x29, 0xf1, 0x2a, 0x2f, 0x2a, 0x31, 
	0x29, 0xf1, 0x29, 0xf1, 0x32, 0x2f, 0x2a, 0x2f, 
	0x29, 0xf1, 0x31, 0xef, 0x32, 0x2f, 0x32, 0x31, 
	0x29, 0xef, 0x29, 0xf1, 0x29, 0xf1, 0x32, 0x31, 
	0x29, 0xef, 0x2a, 0x2f, 0x2a, 0x2f, 0x29, 0xf1, 
	0x2a, 0x2f, 0x31, 0xf1, 0x2a, 0x2f, 0x2a, 0x2f, 
	0x2a, 0x2f, 0x2a, 0x2f, 0x2a, 0x2f, 0x29, 0xef, 
	0x29, 0xf1, 0x32, 0x31, 0x29, 0xef, 0x31, 0xf1, 
	0x2a, 0x2f, 0x31, 0xf1, 0x32, 0x31, 0x2a, 0x2f, 
	0x2a, 0x2f, 0x29, 0xef, 0x29, 0xf1, 0x29, 0xf1, 
	0x29, 0xf1, 0x29, 0xf1, 0x29, 0xf1, 0x29, 0xef, 
	0x31, 0xef, 0x2a, 0x2f, 0x2a, 0x2f, 0x2a, 0x2f, 
	0x32, 0x31, 0x2a, 0x2f, 0x29, 0xef, 0x2a, 0x2f, 
	0x29, 0xef, 0x29, 0xef, 0x2a, 0x2f, 0x32, 0x2f, 
	0x2a, 0x2f, 0x2a, 0x2f, 0x2a, 0x2d, 0x2a, 0x2d, 
	0x32, 0x2f, 0x29, 0xf1, 0x31, 0xf1, 0x29, 0xef, 
	0x29, 0xf1, 0x2a, 0x2f, 0x29, 0xef, 0x31, 0xf1, 
	0x31, 0xf1, 0x2a, 0x2f, 0x2a, 0x2f, 0x29, 0xf1, 
	0x29, 0xf1, 0x29, 0xf1, 0x29, 0xf1, 0x29, 0xf1, 
	0x32, 0x31, 0x32, 0x31, 0x31, 0xf1, 0x29, 0xef, 
	0x29, 0xf1, 0x29, 0xf1, 0x2a, 0x2f, 0x2a, 0x2d, 
	0x29, 0xef, 0x2a, 0x2f, 0x2a, 0x2f, 0x29, 0xf1, 
	0x29, 0xef, 0x2a, 0x2f, 0x2a, 0x2d, 0x29, 0xed, 
	0x2a, 0x2f, 0x29, 0xef, 0x29, 0xf1, 0x29, 0xef, 
	0x29, 0xef, 0x2a, 0x2f, 0x29, 0xef, 0x29, 0xf1, 
	0x32, 0x31, 0x32, 0x31, 0x2a, 0x2f, 0x29, 0xef, 
	0x32, 0x31, 0x32, 0x31, 0x2a, 0x2f, 0x32, 0x31, 
	0x2a, 0x2f, 0x29, 0xf1, 0x31, 0xf1, 0x29, 0xf1, 
	0x32, 0x31, 0x29, 0xf1, 0x2a, 0x2d, 0x2a, 0x2d, 
	0x2a, 0x2d, 0x32, 0x2f, 0x2a, 0x2f, 0x2a, 0x2f, 
	0x31, 0xf1, 0x31, 0xf1, 0x2a, 0x2f, 0x32, 0x2f, 
	0x32, 0x2f, 0x2a, 0x2f, 0x2a, 0x2f, 0x29, 0xef, 
	0x29, 0xef, 0x31, 0xf1, 0x29, 0xef, 0x2a, 0x2f, 
	0x2a, 0x2f, 0x31, 0xf1, 0x29, 0xf1, 0x2a, 0x2d, 
	0x2a, 0x2f, 0x32, 0x2f, 0x2a, 0x2f, 0x2a, 0x2f, 
	0x2a, 0x2d, 0x32, 0x2f, 0x29, 0xf1, 0x2a, 0x2f, 
	0x2a, 0x2d, 0x32, 0x31, 0x2a, 0x2d, 0x2a, 0x2d, 
	0x2a, 0x2f, 0x2a, 0x2f, 0x2a, 0x2d, 0x31, 0xef, 
	0x31, 0xf1, 0x32, 0x31, 0x29, 0xef, 0x2a, 0x2d, 
	0x29, 0xf1, 0x31, 0xf1, 0x29, 0xef, 0x32, 0x31, 
	0x2a, 0x2f, 0x29, 0xf1, 0x31, 0xf1, 0x2a, 0x31, 
	0x29, 0xef, 0x31, 0xf1, 0x29, 0xf1, 0x29, 0xef, 
	0x2a, 0x31, 0x2a, 0x2f, 0x32, 0x31, 0x2a, 0x2f, 
	0x29, 0xef, 0x29, 0xf1, 0x31, 0xf1, 0x29, 0xf1, 
	0x29, 0xf1, 0x2a, 0x2d, 0x2a, 0x2d, 0x2a, 0x2f, 
	0x2a, 0x2d, 0x2a, 0x2f, 0x29, 0xef, 0x29, 0xf1, 
	0x29, 0xf1, 0x32, 0x2f, 0x29, 0xf1, 0x2a, 0x2f, 
	0x29, 0xf1, 0x29, 0xf1, 0x29, 0xf1, 0x29, 0xef, 
	0x32, 0x31, 0x31, 0xf1, 0x29, 0xef, 0x2a, 0x2f, 
	0x29, 0xf1, 0x29, 0xf1, 0x29, 0xf1, 0x29, 0xf1, 
	0x29, 0xf1, 0x29, 0xf1, 0x2a, 0x31, 0x31, 0xf1, 
	0x32, 0x31, 0x31, 0xf1, 0x29, 0xef, 0x29, 0xf1, 
	0x29, 0xf1, 0x2a, 0x2f, 0x32, 0x2f, 0x29, 0xef, 
	0x2a, 0x2f, 0x2a, 0x2f, 0x29, 0xef, 0x29, 0xf1, 
	0x29, 0xf1, 0x2a, 0x2f, 0x29, 0xf1, 0x31, 0xf3, 
	0x31, 0xf1, 0x29, 0xf1, 0x29, 0xef, 0x2a, 0x2f, 
	0x2a, 0x2d, 0x32, 0x31, 0x2a, 0x31, 0x32, 0x31, 
	0x29, 0xf1, 0x29, 0xf1, 0x2a, 0x2f, 0x2a, 0x2f, 
	0x29, 0xf1, 0x31, 0xf1, 0x29, 0xef, 0x2a, 0x2f, 
	0x29, 0xef, 0x29, 0xf1, 0x29, 0xef, 0x29, 0xef, 
	0x32, 0x31, 0x31, 0xf1, 0x32, 0x2f, 0x29, 0xf1, 
	0x32, 0x31, 0x29, 0xf1, 0x29, 0xf1, 0x29, 0xf1, 
	0x2a, 0x2f, 0x32, 0x2f, 0x29, 0xef, 0x29, 0xf1, 
	0x29, 0xf1, 0x32, 0x2f, 0x2a, 0x2f, 0x2a, 0x2d, 
	0x2a, 0x2d, 0x2a, 0x2d, 0x32, 0x31, 0x32, 0x31, 
	0x29, 0xef, 0x31, 0xf1, 0x31, 0xf1, 0x2a, 0x2f, 
	0x2a, 0x2d, 0x31, 0xf1, 0x2a, 0x2f, 0x2a, 0x2f, 
	0x29, 0xef, 0x29, 0xef, 0x29, 0xf1, 0x2a, 0x2f, 
	0x2a, 0x2d, 0x29, 0xf1, 0x29, 0xf1, 0x2a, 0x2f, 
	0x2a, 0x2f, 0x2a, 0x31, 0x29, 0xf1, 0x2a, 0x2f, 
	0x2a, 0x2d, 0x32, 0x31, 0x29, 0xf1, 0x31, 0xf1, 
	0x29, 0xf1, 0x2a, 0x31, 0x29, 0xef, 0x2a, 0x2d, 
	0x2a, 0x2f, 0x32, 0x2f, 0x29, 0xf1, 0x29, 0xf1, 
	0x32, 0x31, 0x32, 0x31, 0x29, 0xf1, 0x29, 0xed, 
	0x2a, 0x2f, 0x2a, 0x2f, 0x29, 0xef, 0x2a, 0x2f, 
	0x31, 0xf1, 0x32, 0x31, 0x2a, 0x2f, 0x2a, 0x2d, 
	0x2a, 0x2f, 0x32, 0x31, 0x29, 0xef, 0x2a, 0x2d, 
	0x2a, 0x2d, 0x32, 0x2f, 0x2a, 0x2f, 0x2a, 0x2f, 
	0x2a, 0x2f, 0x2a, 0x2f, 0x29, 0xf1, 0x31, 0xf1, 
	0x29, 0xf1, 0x32, 0x31, 0x29, 0xef, 0x32, 0x2f, 
	0x29, 0xf1, 0x31, 0xf1, 0x29, 0xef, 0x29, 0xef, 
	0x29, 0xef, 0x29, 0xf1, 0x31, 0xf1, 0x29, 0xf1, 
	0x32, 0x31, 0x29, 0xf1, 0x29, 0xf1, 0x29, 0xf1, 
	0x29, 0xf1, 0x32, 0x31, 0x2a, 0x2f, 0x29, 0xef, 
	0x29, 0xf1, 0x29, 0xf1, 0x29, 0xef, 0x2a, 0x2d, 
	0x29, 0xef, 0x2a, 0x2f, 0x2a, 0x2f, 0x29, 0xef, 
	0x2a, 0x2f, 0x29, 0xf1, 0x31, 0xf1, 0x31, 0xf1, 
	0x31, 0xf1, 0x2a, 0x2f, 0x29, 0xf1, 0x29, 0xef, 
	
};

Gfx hmc_dl_thi_1_0xe000820_custom_rgba16_rgba16_aligner[] = {gsSPEndDisplayList()};
u8 hmc_dl_thi_1_0xe000820_custom_rgba16_rgba16[] = {
	0x31, 0x4d, 0x31, 0x8d, 0x31, 0x4d, 0x29, 0x4b, 
	0x29, 0x4b, 0x31, 0x4d, 0x31, 0x4d, 0x31, 0x4d, 
	0x31, 0x8d, 0x31, 0x4d, 0x29, 0x4b, 0x31, 0x4d, 
	0x31, 0x4d, 0x29, 0x0b, 0x29, 0x4b, 0x31, 0x4d, 
	0x31, 0x4d, 0x31, 0x4d, 0x29, 0x4b, 0x29, 0x4b, 
	0x29, 0x4b, 0x29, 0x4b, 0x29, 0x4b, 0x31, 0x4d, 
	0x31, 0x4d, 0x31, 0x4d, 0x29, 0x0b, 0x31, 0x4d, 
	0x31, 0x4d, 0x29, 0x4b, 0x31, 0x4d, 0x29, 0x0b, 
	0x29, 0x4b, 0x31, 0x8d, 0x29, 0x4b, 0x31, 0x4d, 
	0x29, 0x0b, 0x29, 0x4b, 0x31, 0x4d, 0x29, 0x0b, 
	0x29, 0x4b, 0x29, 0x4b, 0x31, 0x4d, 0x31, 0x4d, 
	0x31, 0x4d, 0x31, 0x4d, 0x31, 0x4d, 0x31, 0x4d, 
	0x29, 0x4b, 0x31, 0x4d, 0x31, 0x4d, 0x31, 0x8d, 
	0x29, 0x4b, 0x31, 0x4d, 0x31, 0x4d, 0x31, 0x4d, 
	0x31, 0x4d, 0x31, 0x4d, 0x31, 0x4d, 0x29, 0x4b, 
	0x31, 0x4d, 0x29, 0x4b, 0x29, 0x4b, 0x29, 0x4b, 
	0x29, 0x4b, 0x29, 0x4b, 0x31, 0x4b, 0x29, 0x4b, 
	0x29, 0x4b, 0x29, 0x0b, 0x31, 0x4d, 0x29, 0x4b, 
	0x29, 0x0b, 0x29, 0x0b, 0x29, 0x4b, 0x29, 0x0b, 
	0x31, 0x4d, 0x31, 0x4d, 0x31, 0x4d, 0x29, 0x4b, 
	0x31, 0x4d, 0x31, 0x8d, 0x31, 0x8d, 0x31, 0x4d, 
	0x31, 0x4d, 0x31, 0x4d, 0x31, 0x4d, 0x31, 0x4d, 
	0x31, 0x4d, 0x29, 0x4b, 0x31, 0x4d, 0x29, 0x4b, 
	0x31, 0x4d, 0x29, 0x4b, 0x29, 0x4b, 0x29, 0x4b, 
	0x29, 0x4d, 0x31, 0x4d, 0x29, 0x4b, 0x29, 0x4b, 
	0x31, 0x4d, 0x29, 0x4b, 0x29, 0x4b, 0x29, 0x4b, 
	0x29, 0x4b, 0x29, 0x4b, 0x29, 0x4b, 0x29, 0x4b, 
	0x31, 0x4d, 0x31, 0x4d, 0x29, 0x0b, 0x21, 0x09, 
	0x29, 0x0b, 0x29, 0x4b, 0x29, 0x4b, 0x29, 0x4b, 
	0x31, 0x4d, 0x31, 0x4d, 0x31, 0x4d, 0x31, 0x4d, 
	0x31, 0x4d, 0x29, 0x4b, 0x31, 0x4d, 0x31, 0x4d, 
	0x31, 0x4d, 0x31, 0x4b, 0x29, 0x0b, 0x21, 0x09, 
	0x29, 0x4b, 0x31, 0x4d, 0x29, 0x0b, 0x29, 0x0b, 
	0x29, 0x0b, 0x29, 0x0b, 0x29, 0x4b, 0x31, 0x4d, 
	0x29, 0x4b, 0x31, 0x4d, 0x29, 0x4b, 0x29, 0x4b, 
	0x31, 0x4d, 0x31, 0x4d, 0x21, 0x09, 0x29, 0x4b, 
	0x31, 0x8d, 0x31, 0x4d, 0x29, 0x0b, 0x31, 0x4d, 
	0x29, 0x4b, 0x31, 0x4d, 0x31, 0x4d, 0x31, 0x4b, 
	0x29, 0x4b, 0x29, 0x4b, 0x31, 0x4d, 0x31, 0x4d, 
	0x29, 0x0b, 0x29, 0x0b, 0x29, 0x4b, 0x29, 0x0b, 
	0x29, 0x4b, 0x29, 0x4b, 0x31, 0x4d, 0x29, 0x0b, 
	0x29, 0x0b, 0x29, 0x4b, 0x29, 0x4b, 0x29, 0x4b, 
	0x29, 0x4b, 0x31, 0x4d, 0x31, 0x8d, 0x31, 0x4d, 
	0x31, 0x4d, 0x29, 0x4b, 0x29, 0x4b, 0x31, 0x8d, 
	0x31, 0x4d, 0x29, 0x4b, 0x31, 0x4b, 0x31, 0x4d, 
	0x29, 0x4b, 0x31, 0x4d, 0x31, 0x4d, 0x31, 0x4b, 
	0x29, 0x0b, 0x29, 0x4b, 0x29, 0x4b, 0x31, 0x4d, 
	0x31, 0x4d, 0x29, 0x4b, 0x31, 0x4d, 0x29, 0x4b, 
	0x29, 0x0b, 0x29, 0x4b, 0x29, 0x4b, 0x31, 0x4d, 
	0x31, 0x4d, 0x29, 0x4b, 0x29, 0x4b, 0x31, 0x4d, 
	0x31, 0x4d, 0x29, 0x4b, 0x29, 0x0b, 0x29, 0x0b, 
	0x29, 0x0b, 0x29, 0x4b, 0x29, 0x0b, 0x31, 0x4d, 
	0x31, 0x4d, 0x29, 0x4b, 0x29, 0x4b, 0x31, 0x4d, 
	0x31, 0x4d, 0x29, 0x4b, 0x29, 0x0b, 0x29, 0x4b, 
	0x31, 0x4d, 0x31, 0x4b, 0x21, 0x09, 0x29, 0x0b, 
	0x31, 0x4d, 0x31, 0x4d, 0x29, 0x4b, 0x29, 0x0b, 
	0x29, 0x0b, 0x29, 0x4b, 0x29, 0x4b, 0x31, 0x4d, 
	0x29, 0x4b, 0x31, 0x4b, 0x31, 0x4b, 0x29, 0x4b, 
	0x29, 0x4b, 0x29, 0x4b, 0x29, 0x4b, 0x21, 0x09, 
	0x29, 0x0b, 0x29, 0x0b, 0x29, 0x0b, 0x21, 0x0b, 
	0x29, 0x4b, 0x31, 0x4d, 0x31, 0x4d, 0x29, 0x0b, 
	0x29, 0x4b, 0x29, 0x4b, 0x29, 0x0b, 0x29, 0x0b, 
	0x29, 0x4b, 0x31, 0x4d, 0x29, 0x4b, 0x29, 0x0b, 
	0x29, 0x4b, 0x29, 0x0b, 0x31, 0x4d, 0x29, 0x0b, 
	0x29, 0x4b, 0x29, 0x0b, 0x29, 0x4b, 0x31, 0x4d, 
	0x29, 0x4b, 0x29, 0x4b, 0x31, 0x8d, 0x29, 0x4b, 
	0x31, 0x4d, 0x29, 0x4b, 0x29, 0x0b, 0x31, 0x4d, 
	0x29, 0x4b, 0x29, 0x0b, 0x21, 0x09, 0x29, 0x0b, 
	0x31, 0x4d, 0x31, 0x4d, 0x29, 0x4b, 0x29, 0x0b, 
	0x29, 0x4b, 0x29, 0x4b, 0x29, 0x0b, 0x29, 0x4b, 
	0x31, 0x4d, 0x29, 0x4b, 0x31, 0x4d, 0x31, 0x4d, 
	0x29, 0x0b, 0x29, 0x0b, 0x29, 0x4b, 0x29, 0x4b, 
	0x29, 0x0b, 0x29, 0x4b, 0x29, 0x4b, 0x31, 0x4d, 
	0x29, 0x4b, 0x31, 0x8d, 0x29, 0x0b, 0x29, 0x4b, 
	0x31, 0x4d, 0x31, 0x4d, 0x31, 0x4d, 0x31, 0x4d, 
	0x31, 0x4d, 0x31, 0x4d, 0x21, 0x09, 0x31, 0x4d, 
	0x31, 0x4d, 0x31, 0x4d, 0x31, 0x4d, 0x29, 0x4b, 
	0x31, 0x4d, 0x29, 0x4b, 0x29, 0x4b, 0x29, 0x4b, 
	0x31, 0x4d, 0x29, 0x4b, 0x31, 0x4d, 0x31, 0x4d, 
	0x31, 0x4d, 0x29, 0x4b, 0x31, 0x4d, 0x31, 0x4b, 
	0x31, 0x4d, 0x31, 0x4d, 0x31, 0x4b, 0x29, 0x4b, 
	0x31, 0x4d, 0x31, 0x4d, 0x31, 0x4d, 0x31, 0x4d, 
	0x31, 0x4d, 0x31, 0x4d, 0x31, 0x4d, 0x31, 0x4d, 
	0x31, 0x4d, 0x31, 0x4d, 0x31, 0x4d, 0x31, 0x8d, 
	0x31, 0x4d, 0x29, 0x4b, 0x29, 0x4b, 0x31, 0x4d, 
	0x31, 0x4d, 0x29, 0x4b, 0x29, 0x4b, 0x21, 0x09, 
	0x29, 0x4b, 0x29, 0x4b, 0x29, 0x4b, 0x29, 0x0b, 
	0x29, 0x0b, 0x29, 0x0b, 0x31, 0x4d, 0x31, 0x4d, 
	0x31, 0x8d, 0x31, 0x4d, 0x29, 0x4b, 0x29, 0x4b, 
	0x31, 0x4d, 0x31, 0x4d, 0x31, 0x4d, 0x31, 0x4d, 
	0x31, 0x4d, 0x29, 0x4b, 0x31, 0x4d, 0x29, 0x4b, 
	0x31, 0x4d, 0x31, 0x4d, 0x31, 0x4d, 0x29, 0x4b, 
	0x31, 0x4d, 0x29, 0x4b, 0x29, 0x4b, 0x29, 0x0b, 
	0x31, 0x4b, 0x29, 0x0b, 0x29, 0x4b, 0x29, 0x0b, 
	0x29, 0x4b, 0x29, 0x4b, 0x29, 0x4b, 0x21, 0x0b, 
	0x29, 0x0b, 0x31, 0x4d, 0x29, 0x0b, 0x31, 0x4d, 
	0x31, 0x4d, 0x31, 0x4d, 0x31, 0x4d, 0x31, 0x4d, 
	0x31, 0x4d, 0x31, 0x4d, 0x29, 0x4b, 0x31, 0x4d, 
	0x31, 0x4d, 0x29, 0x4b, 0x31, 0x4d, 0x29, 0x4b, 
	0x29, 0x4b, 0x31, 0x4d, 0x31, 0x4d, 0x31, 0x4d, 
	0x31, 0x4d, 0x31, 0x8d, 0x29, 0x0b, 0x29, 0x4b, 
	0x29, 0x4b, 0x29, 0x4b, 0x21, 0x09, 0x29, 0x4b, 
	0x31, 0x4d, 0x31, 0x4d, 0x29, 0x4b, 0x29, 0x4b, 
	0x29, 0x4b, 0x29, 0x4b, 0x31, 0x4d, 0x31, 0x4d, 
	0x31, 0x4d, 0x29, 0x4b, 0x29, 0x4b, 0x31, 0x8d, 
	0x31, 0x4d, 0x31, 0x4d, 0x31, 0x4d, 0x29, 0x4b, 
	0x29, 0x4b, 0x29, 0x4b, 0x31, 0x4d, 0x31, 0x4d, 
	0x29, 0x0b, 0x29, 0x0b, 0x31, 0x4b, 0x29, 0x4b, 
	0x31, 0x4d, 0x31, 0x4d, 0x31, 0x4d, 0x31, 0x8d, 
	0x29, 0x0b, 0x29, 0x4b, 0x29, 0x0b, 0x31, 0x4d, 
	0x31, 0x4d, 0x31, 0x4b, 0x31, 0x4d, 0x29, 0x4b, 
	0x29, 0x4b, 0x31, 0x4d, 0x31, 0x4d, 0x31, 0x8d, 
	0x29, 0x4b, 0x29, 0x0b, 0x29, 0x0b, 0x31, 0x4d, 
	0x29, 0x4b, 0x31, 0x4d, 0x31, 0x4d, 0x31, 0x4d, 
	0x29, 0x0b, 0x29, 0x0b, 0x31, 0x4d, 0x31, 0x4d, 
	0x29, 0x4b, 0x29, 0x4b, 0x29, 0x0b, 0x29, 0x0b, 
	0x21, 0x09, 0x29, 0x0b, 0x29, 0x4b, 0x31, 0x4d, 
	0x29, 0x0b, 0x29, 0x0b, 0x29, 0x4b, 0x31, 0x4d, 
	0x31, 0x4d, 0x31, 0x4d, 0x29, 0x4b, 0x29, 0x4b, 
	0x29, 0x4b, 0x29, 0x4b, 0x31, 0x4d, 0x31, 0x8d, 
	0x31, 0x4d, 0x31, 0x4d, 0x31, 0x4b, 0x31, 0x4d, 
	0x29, 0x4b, 0x29, 0x4b, 0x31, 0x4d, 0x31, 0x4d, 
	0x29, 0x4b, 0x29, 0x4b, 0x31, 0x4d, 0x29, 0x4b, 
	0x29, 0x4b, 0x29, 0x4b, 0x29, 0x0b, 0x29, 0x0b, 
	0x29, 0x4b, 0x29, 0x4b, 0x29, 0x4b, 0x31, 0x4d, 
	0x31, 0x4d, 0x31, 0x4d, 0x29, 0x4b, 0x29, 0x4b, 
	0x29, 0x4b, 0x29, 0x4b, 0x31, 0x4d, 0x31, 0x4d, 
	0x31, 0x4d, 0x29, 0x4d, 0x29, 0x4b, 0x31, 0x4d, 
	0x31, 0x8d, 0x31, 0x4d, 0x31, 0x4d, 0x29, 0x4b, 
	0x29, 0x4b, 0x31, 0x4d, 0x31, 0x4d, 0x31, 0x4d, 
	0x31, 0x4d, 0x31, 0x4d, 0x29, 0x0b, 0x29, 0x0b, 
	0x29, 0x4b, 0x29, 0x4b, 0x21, 0x09, 0x29, 0x4b, 
	0x29, 0x0b, 0x29, 0x4b, 0x29, 0x0b, 0x29, 0x4b, 
	0x31, 0x4d, 0x31, 0x8d, 0x31, 0x4d, 0x31, 0x4d, 
	0x31, 0x4d, 0x29, 0x4b, 0x31, 0x4d, 0x31, 0x8d, 
	0x31, 0x4d, 0x29, 0x0b, 0x29, 0x0b, 0x29, 0x0b, 
	0x29, 0x0b, 0x31, 0x8d, 0x31, 0x4d, 0x29, 0x4b, 
	0x31, 0x4d, 0x31, 0x4d, 0x31, 0x4d, 0x29, 0x4b, 
	0x31, 0x4d, 0x31, 0x8d, 0x31, 0x4d, 0x29, 0x4b, 
	0x31, 0x4d, 0x31, 0x4d, 0x29, 0x0b, 0x29, 0x0b, 
	0x29, 0x0b, 0x31, 0x4d, 0x29, 0x0b, 0x29, 0x4b, 
	0x31, 0x4d, 0x31, 0x4d, 0x29, 0x0b, 0x29, 0x4b, 
	0x31, 0x4d, 0x31, 0x8d, 0x31, 0x4d, 0x29, 0x4b, 
	0x29, 0x4b, 0x29, 0x4b, 0x29, 0x0b, 0x29, 0x4b, 
	0x29, 0x4b, 0x29, 0x4b, 0x31, 0x4d, 0x31, 0x4d, 
	0x31, 0x4d, 0x31, 0x4d, 0x31, 0x4d, 0x29, 0x4b, 
	0x31, 0x4d, 0x31, 0x4d, 0x31, 0x4d, 0x21, 0x09, 
	0x31, 0x4d, 0x31, 0x4d, 0x31, 0x4d, 0x29, 0x4b, 
	0x29, 0x4b, 0x29, 0x4b, 0x31, 0x4d, 0x29, 0x4b, 
	0x31, 0x4d, 0x31, 0x4d, 0x29, 0x4b, 0x29, 0x0b, 
	0x29, 0x4b, 0x29, 0x4b, 0x31, 0x4d, 0x31, 0x4d, 
	0x31, 0x4b, 0x29, 0x4b, 0x29, 0x4b, 0x29, 0x4b, 
	0x31, 0x4d, 0x31, 0x4d, 0x29, 0x4b, 0x31, 0x4d, 
	0x31, 0x4d, 0x29, 0x4b, 0x29, 0x4b, 0x29, 0x4b, 
	0x31, 0x4d, 0x31, 0x4d, 0x29, 0x4b, 0x29, 0x0b, 
	0x31, 0x4d, 0x31, 0x4d, 0x31, 0x4d, 0x31, 0x4d, 
	0x31, 0x8d, 0x31, 0x4d, 0x29, 0x4b, 0x29, 0x4b, 
	0x29, 0x4b, 0x29, 0x0b, 0x29, 0x4b, 0x21, 0x09, 
	0x29, 0x0b, 0x29, 0x4b, 0x29, 0x4b, 0x29, 0x4b, 
	0x31, 0x4d, 0x31, 0x4d, 0x29, 0x0b, 0x29, 0x4b, 
	0x31, 0x4d, 0x29, 0x4b, 0x29, 0x4b, 0x31, 0x4d, 
	0x31, 0x4d, 0x29, 0x0b, 0x21, 0x09, 0x29, 0x4b, 
	0x31, 0x4d, 0x29, 0x4b, 0x29, 0x0b, 0x29, 0x4b, 
	0x29, 0x4b, 0x31, 0x4d, 0x31, 0x4d, 0x31, 0x4d, 
	0x31, 0x4d, 0x29, 0x4b, 0x29, 0x0b, 0x29, 0x4b, 
	0x29, 0x0b, 0x29, 0x0b, 0x29, 0x0b, 0x29, 0x4b, 
	0x29, 0x4b, 0x31, 0x8d, 0x31, 0x4d, 0x29, 0x4b, 
	0x31, 0x4d, 0x29, 0x4b, 0x29, 0x0b, 0x31, 0x4d, 
	0x31, 0x4d, 0x31, 0x4d, 0x29, 0x4b, 0x31, 0x4d, 
	0x29, 0x4b, 0x31, 0x4d, 0x29, 0x4b, 0x29, 0x4b, 
	0x31, 0x4d, 0x29, 0x4b, 0x29, 0x4b, 0x31, 0x4d, 
	0x29, 0x4b, 0x31, 0x4d, 0x31, 0x4d, 0x31, 0x4d, 
	0x29, 0x4b, 0x29, 0x0b, 0x29, 0x0b, 0x31, 0x4d, 
	0x29, 0x4b, 0x31, 0x4d, 0x29, 0x4b, 0x29, 0x0b, 
	0x29, 0x4b, 0x29, 0x4b, 0x29, 0x4b, 0x29, 0x0b, 
	0x31, 0x4d, 0x31, 0x4d, 0x29, 0x4b, 0x31, 0x4d, 
	0x29, 0x4b, 0x31, 0x4d, 0x31, 0x4d, 0x29, 0x0b, 
	0x29, 0x0b, 0x29, 0x4b, 0x31, 0x4b, 0x31, 0x4d, 
	0x31, 0x4d, 0x31, 0x4d, 0x31, 0x4d, 0x29, 0x4b, 
	0x31, 0x4b, 0x29, 0x4b, 0x29, 0x0b, 0x29, 0x4b, 
	0x31, 0x4d, 0x29, 0x4b, 0x29, 0x4b, 0x29, 0x4b, 
	0x29, 0x4b, 0x29, 0x4b, 0x29, 0x4b, 0x29, 0x4b, 
	0x29, 0x4b, 0x29, 0x4b, 0x21, 0x09, 0x29, 0x0b, 
	0x29, 0x4b, 0x31, 0x4d, 0x31, 0x4d, 0x29, 0x4b, 
	0x31, 0x4d, 0x29, 0x4b, 0x29, 0x4b, 0x31, 0x4d, 
	0x31, 0x4d, 0x29, 0x4b, 0x29, 0x4b, 0x31, 0x4d, 
	0x31, 0x4d, 0x31, 0x4d, 0x31, 0x4d, 0x31, 0x4d, 
	0x31, 0x8d, 0x31, 0x4d, 0x31, 0x4d, 0x29, 0x4b, 
	0x31, 0x4d, 0x31, 0x4d, 0x29, 0x0b, 0x21, 0x09, 
	0x29, 0x4b, 0x29, 0x4b, 0x29, 0x4b, 0x31, 0x4d, 
	0x29, 0x4b, 0x29, 0x0b, 0x29, 0x0b, 0x29, 0x0b, 
	0x29, 0x0b, 0x29, 0x4b, 0x29, 0x4b, 0x29, 0x4b, 
	0x29, 0x4b, 0x29, 0x4b, 0x29, 0x4b, 0x29, 0x4b, 
	0x31, 0x4d, 0x31, 0x4d, 0x29, 0x4b, 0x29, 0x4b, 
	0x31, 0x4d, 0x31, 0x4d, 0x29, 0x0b, 0x31, 0x4d, 
	0x29, 0x4b, 0x31, 0x4d, 0x31, 0x4d, 0x31, 0x4d, 
	0x31, 0x4d, 0x31, 0x4d, 0x29, 0x0b, 0x29, 0x0b, 
	0x21, 0x09, 0x29, 0x4b, 0x29, 0x4b, 0x29, 0x4b, 
	0x31, 0x4d, 0x31, 0x4d, 0x29, 0x0b, 0x29, 0x4b, 
	0x29, 0x4b, 0x29, 0x0b, 0x29, 0x4b, 0x29, 0x0b, 
	0x29, 0x4b, 0x31, 0x4d, 0x29, 0x0b, 0x29, 0x4b, 
	0x29, 0x4b, 0x31, 0x4d, 0x31, 0x4d, 0x29, 0x0b, 
	0x29, 0x0b, 0x29, 0x4b, 0x29, 0x4b, 0x29, 0x0b, 
	0x29, 0x0b, 0x29, 0x4b, 0x31, 0x4d, 0x29, 0x4b, 
	0x21, 0x09, 0x31, 0x4d, 0x29, 0x0b, 0x21, 0x09, 
	0x29, 0x0b, 0x29, 0x0b, 0x29, 0x0b, 0x29, 0x4b, 
	0x31, 0x4d, 0x31, 0x4d, 0x29, 0x4b, 0x21, 0x09, 
	0x31, 0x4d, 0x31, 0x4d, 0x29, 0x4b, 0x31, 0x4d, 
	0x29, 0x4b, 0x31, 0x4b, 0x31, 0x4d, 0x29, 0x4b, 
	0x29, 0x4b, 0x31, 0x4d, 0x31, 0x4b, 0x29, 0x4b, 
	0x31, 0x4d, 0x29, 0x0b, 0x31, 0x4d, 0x29, 0x4b, 
	0x29, 0x4b, 0x29, 0x4b, 0x31, 0x4d, 0x31, 0x4d, 
	0x31, 0x4d, 0x29, 0x0b, 0x29, 0x0b, 0x29, 0x0b, 
	0x29, 0x0b, 0x29, 0x4b, 0x29, 0x4b, 0x31, 0x4d, 
	0x31, 0x4d, 0x29, 0x4b, 0x31, 0x4d, 0x29, 0x0b, 
	0x31, 0x4b, 0x31, 0x4d, 0x31, 0x4d, 0x29, 0x4b, 
	0x31, 0x4d, 0x31, 0x4d, 0x29, 0x4b, 0x29, 0x4b, 
	0x31, 0x4d, 0x31, 0x4d, 0x31, 0x4d, 0x31, 0x4d, 
	0x31, 0x4d, 0x31, 0x4d, 0x31, 0x4d, 0x31, 0x4d, 
	0x31, 0x4d, 0x31, 0x4d, 0x29, 0x4b, 0x31, 0x4d, 
	0x31, 0x4d, 0x29, 0x0b, 0x29, 0x4b, 0x29, 0x4b, 
	0x29, 0x0b, 0x29, 0x4b, 0x29, 0x4b, 0x31, 0x4d, 
	0x31, 0x4d, 0x29, 0x4b, 0x31, 0x4d, 0x31, 0x4d, 
	0x31, 0x4d, 0x29, 0x4d, 0x29, 0x4b, 0x29, 0x0b, 
	0x29, 0x0b, 0x31, 0x4d, 0x31, 0x4b, 0x31, 0x8d, 
	0x31, 0x4d, 0x31, 0x4d, 0x29, 0x4b, 0x29, 0x4b, 
	0x31, 0x4b, 0x31, 0x8d, 0x29, 0x4b, 0x29, 0x4b, 
	0x29, 0x4b, 0x31, 0x4d, 0x29, 0x4b, 0x29, 0x0b, 
	0x31, 0x4d, 0x31, 0x4d, 0x31, 0x4b, 0x31, 0x4d, 
	0x31, 0x4d, 0x31, 0x4d, 0x31, 0x4d, 0x31, 0x4d, 
	0x29, 0x4b, 0x31, 0x4d, 0x29, 0x4b, 0x31, 0x4d, 
	0x31, 0x4d, 0x31, 0x4d, 0x29, 0x0b, 0x21, 0x09, 
	0x29, 0x0b, 0x29, 0x0b, 0x31, 0x4d, 0x31, 0x4d, 
	0x29, 0x4b, 0x31, 0x4d, 0x31, 0x4d, 0x29, 0x0b, 
	0x21, 0x09, 0x31, 0x4d, 0x29, 0x0b, 0x29, 0x4b, 
	0x29, 0x4b, 0x29, 0x4b, 0x31, 0x4b, 0x29, 0x0b, 
	0x29, 0x0b, 0x31, 0x4d, 0x31, 0x4d, 0x29, 0x4b, 
	0x29, 0x4b, 0x31, 0x4d, 0x31, 0x4d, 0x29, 0x4b, 
	0x29, 0x0b, 0x31, 0x4d, 0x31, 0x4d, 0x31, 0x4d, 
	0x31, 0x4d, 0x31, 0x4d, 0x29, 0x0b, 0x29, 0x0b, 
	0x29, 0x4b, 0x29, 0x4b, 0x31, 0x4d, 0x31, 0x4d, 
	0x31, 0x4d, 0x31, 0x8d, 0x31, 0x4d, 0x29, 0x0b, 
	0x29, 0x4b, 0x29, 0x0b, 0x29, 0x4b, 0x29, 0x4b, 
	0x31, 0x4d, 0x31, 0x4d, 0x29, 0x4b, 0x29, 0x0b, 
	0x29, 0x4b, 0x31, 0x4d, 0x29, 0x4b, 0x29, 0x0b, 
	0x21, 0x0b, 0x29, 0x4b, 0x29, 0x0b, 0x29, 0x4b, 
	0x29, 0x4b, 0x29, 0x4b, 0x31, 0x4d, 0x31, 0x4d, 
	0x29, 0x4b, 0x31, 0x4d, 0x29, 0x4b, 0x29, 0x4b, 
	0x31, 0x4d, 0x31, 0x8d, 0x29, 0x4b, 0x29, 0x4b, 
	0x31, 0x4b, 0x31, 0x4d, 0x31, 0x4d, 0x31, 0x4d, 
	0x31, 0x4d, 0x31, 0x4d, 0x31, 0x4d, 0x31, 0x4d, 
	0x31, 0x4d, 0x31, 0x4d, 0x29, 0x0b, 0x29, 0x4b, 
	0x31, 0x4d, 0x31, 0x4d, 0x29, 0x4b, 0x29, 0x0b, 
	0x29, 0x0b, 0x29, 0x4b, 0x29, 0x4b, 0x29, 0x4b, 
	0x29, 0x4b, 0x31, 0x4d, 0x31, 0x4d, 0x31, 0x4d, 
	0x31, 0x4d, 0x29, 0x0b, 0x31, 0x4d, 0x29, 0x0b, 
	
};

Gfx hmc_dl_thi_1_0xe001020_custom_rgba16_rgba16_aligner[] = {gsSPEndDisplayList()};
u8 hmc_dl_thi_1_0xe001020_custom_rgba16_rgba16[] = {
	0xf9, 0x4f, 0xf9, 0x4f, 0xf9, 0x4f, 0xf9, 0x4f, 
	0xf9, 0x4f, 0xf9, 0x91, 0xf9, 0x4f, 0xf9, 0x4f, 
	0xf1, 0x0d, 0xf1, 0x0d, 0xf1, 0x0d, 0xf1, 0x0d, 
	0xe9, 0x0d, 0xe9, 0x0d, 0xe9, 0x0d, 0x30, 0x43, 
	0xc8, 0xc9, 0xe0, 0xcb, 0xe9, 0x4d, 0xf9, 0x91, 
	0xf1, 0x91, 0xf1, 0x91, 0xfa, 0x13, 0xfa, 0x13, 
	0xfa, 0x15, 0xfa, 0x15, 0xfa, 0x15, 0xfa, 0x15, 
	0xf9, 0xd3, 0xf9, 0xd3, 0xf1, 0x91, 0xe9, 0x0f, 
	0xf9, 0x4f, 0xf9, 0x4f, 0xf9, 0x4f, 0xf1, 0x0d, 
	0xf1, 0x4f, 0xf1, 0x4f, 0xf1, 0x4f, 0xf1, 0x4f, 
	0xf9, 0x91, 0xf9, 0x91, 0x38, 0x43, 0xb1, 0x4d, 
	0xd8, 0xcb, 0xd8, 0xcb, 0xd8, 0xcb, 0xe0, 0xcb, 
	0xe9, 0x0d, 0xe9, 0x0d, 0xf1, 0x4f, 0xf9, 0x91, 
	0xf9, 0xd3, 0x38, 0x85, 0xf9, 0xd3, 0xf9, 0xd3, 
	0xf1, 0xd1, 0xf1, 0xd1, 0xf1, 0xd1, 0xf1, 0xd1, 
	0xfa, 0x11, 0xfa, 0x11, 0xf1, 0x8f, 0xf1, 0x8f, 
	0xf1, 0x0d, 0xf1, 0x0d, 0xf1, 0x0d, 0xf9, 0x4f, 
	0xf9, 0x4f, 0xf9, 0x4f, 0xf9, 0x4f, 0xf9, 0x91, 
	0xf9, 0x91, 0xf1, 0x4f, 0xf1, 0x0d, 0xf1, 0x0d, 
	0xe9, 0x0d, 0xe9, 0x0d, 0xe9, 0x0d, 0x30, 0x43, 
	0xc8, 0xc9, 0xc8, 0xc9, 0xe0, 0xcb, 0xf9, 0x91, 
	0xf1, 0x91, 0xfa, 0x13, 0xfa, 0x13, 0xfa, 0x13, 
	0xfa, 0x15, 0xfa, 0x15, 0xfa, 0x15, 0xfa, 0x15, 
	0xf9, 0xd3, 0xf1, 0x91, 0xf1, 0x91, 0xe9, 0x0f, 
	0xf1, 0x0d, 0xf1, 0x0d, 0xf1, 0x0d, 0xf9, 0x4f, 
	0xf1, 0x4f, 0xf1, 0x4f, 0xf1, 0x4f, 0xf1, 0x4f, 
	0xf9, 0x91, 0xf9, 0x91, 0x38, 0x43, 0xf9, 0x91, 
	0xe9, 0x0b, 0xe0, 0xcb, 0xd8, 0xcb, 0xd8, 0xcb, 
	0xd8, 0xcb, 0xd8, 0xcb, 0xe9, 0x0d, 0xf9, 0x91, 
	0xf9, 0xd3, 0x38, 0x85, 0xf9, 0xd3, 0xf9, 0xd3, 
	0xfa, 0x55, 0xfa, 0x55, 0xf1, 0xd1, 0xf1, 0xd1, 
	0xf1, 0x8f, 0xf1, 0x8f, 0xf1, 0x8f, 0xf1, 0x8f, 
	0xe9, 0x0d, 0xe9, 0x0d, 0xf1, 0x0d, 0xf9, 0x4f, 
	0xf9, 0x91, 0xf9, 0x91, 0xf9, 0x91, 0xf9, 0x91, 
	0xf9, 0x91, 0xf9, 0x91, 0xf1, 0x4f, 0xf1, 0x4f, 
	0xe9, 0x0d, 0xe9, 0x0d, 0xe9, 0x0d, 0x30, 0x43, 
	0xc8, 0xc9, 0xc8, 0xc9, 0xe0, 0xcb, 0xe9, 0x4d, 
	0xe9, 0x4f, 0xf1, 0x91, 0xf1, 0x91, 0xfa, 0x13, 
	0xfa, 0x15, 0xfa, 0x15, 0xf1, 0xd3, 0xf1, 0x91, 
	0xf1, 0x91, 0xe9, 0x0f, 0xe9, 0x0f, 0xe9, 0x0f, 
	0xe9, 0x0d, 0xf1, 0x0d, 0xf1, 0x0d, 0xf9, 0x4f, 
	0xf1, 0x4f, 0xf1, 0x4f, 0xf1, 0x91, 0xf1, 0x91, 
	0xf9, 0x91, 0xf9, 0x91, 0x38, 0x43, 0xf9, 0x91, 
	0xf1, 0x4d, 0xf1, 0x4d, 0xe9, 0x0b, 0xe0, 0xcb, 
	0xd8, 0xcb, 0xd8, 0xcb, 0xe9, 0x0d, 0xf1, 0x4f, 
	0xf9, 0xd3, 0x38, 0x85, 0xf9, 0xd3, 0xf9, 0xd3, 
	0xfa, 0x55, 0xf1, 0xd1, 0xe9, 0x4f, 0xe9, 0x4f, 
	0xe9, 0x0d, 0xe9, 0x0d, 0xe9, 0x0d, 0xe9, 0x0d, 
	0xd8, 0xcb, 0xe9, 0x0d, 0xf1, 0x0d, 0xf1, 0x0d, 
	0xf9, 0x4f, 0xf9, 0x4f, 0xf9, 0x91, 0xf9, 0x91, 
	0xf1, 0x4f, 0xf1, 0x4f, 0xf1, 0x0d, 0xf1, 0x4f, 
	0xe9, 0x0d, 0xe9, 0x0d, 0xe9, 0x0d, 0x30, 0x43, 
	0xc8, 0xc9, 0xc8, 0xc9, 0xc8, 0xc9, 0xe0, 0xcb, 
	0xe9, 0x0b, 0xe9, 0x0b, 0xe9, 0x4f, 0xe9, 0x4f, 
	0xf1, 0x91, 0xf1, 0x0d, 0xf1, 0x0d, 0xf1, 0x0d, 
	0xe9, 0x0f, 0xe8, 0x8b, 0xe8, 0x8b, 0xe8, 0x8b, 
	0xd8, 0xcb, 0xd8, 0xcb, 0xe9, 0x0d, 0xe9, 0x0d, 
	0xf1, 0x0d, 0xf1, 0x4f, 0xf1, 0x91, 0xf9, 0xd3, 
	0xf9, 0x91, 0xf9, 0x91, 0x38, 0x43, 0xf9, 0x91, 
	0xf1, 0x4d, 0xf1, 0x4d, 0xe9, 0x0b, 0xe0, 0xcb, 
	0xd8, 0xcb, 0xd8, 0xcb, 0xd8, 0xcb, 0xe9, 0x0d, 
	0xb1, 0x8f, 0x38, 0x85, 0xf9, 0xd3, 0xf9, 0xd3, 
	0xe9, 0x4f, 0xe8, 0xcb, 0xe8, 0xcb, 0xe8, 0xcb, 
	0xd8, 0xcb, 0xd8, 0xcb, 0xd8, 0xcb, 0xd8, 0xcb, 
	0xb8, 0x05, 0xc0, 0x47, 0xc8, 0x89, 0xc8, 0x89, 
	0xd0, 0xc9, 0xd0, 0xc9, 0xd0, 0xcb, 0xd0, 0xcb, 
	0xd0, 0xcb, 0xc8, 0x89, 0xc8, 0x89, 0xe8, 0xcb, 
	0xb8, 0x47, 0xb8, 0x47, 0xb8, 0x47, 0x20, 0x01, 
	0xb8, 0x47, 0xb8, 0x47, 0x98, 0x05, 0xa8, 0x47, 
	0xb0, 0x05, 0xb0, 0x05, 0xb0, 0x05, 0xd0, 0x47, 
	0xa8, 0x45, 0xa8, 0x45, 0xa8, 0x45, 0xc0, 0x47, 
	0xa8, 0x05, 0xa8, 0x05, 0xa8, 0x05, 0xa8, 0x05, 
	0xa0, 0x05, 0xa0, 0x05, 0xa0, 0x05, 0xb8, 0x89, 
	0xd8, 0xc9, 0xf1, 0x0d, 0xf9, 0x4f, 0xf9, 0x4f, 
	0xd8, 0xcb, 0xd8, 0xcb, 0x30, 0x43, 0xd8, 0xcb, 
	0xe8, 0xcb, 0xc0, 0x49, 0xb0, 0x05, 0xb0, 0x05, 
	0x90, 0x05, 0xb0, 0x47, 0xa0, 0x05, 0xb0, 0x47, 
	0xa8, 0x87, 0x20, 0x01, 0xf8, 0x49, 0xf8, 0x49, 
	0x98, 0x05, 0x88, 0x03, 0xa0, 0x05, 0xa0, 0x05, 
	0x88, 0x03, 0x88, 0x03, 0x88, 0x03, 0x88, 0x03, 
	0xc0, 0x47, 0xc8, 0x89, 0xc8, 0xc9, 0xc8, 0xc9, 
	0xd0, 0xcb, 0xd0, 0xcb, 0xd0, 0xcb, 0xd0, 0xcb, 
	0xd0, 0xcb, 0xd0, 0xcb, 0xc8, 0x89, 0xc0, 0x47, 
	0xb8, 0x47, 0xb8, 0x47, 0xb8, 0x47, 0x20, 0x01, 
	0xc8, 0x89, 0xb8, 0x47, 0x98, 0x05, 0xa8, 0x47, 
	0xb0, 0x05, 0xb0, 0x05, 0xb0, 0x05, 0xb0, 0x05, 
	0x90, 0x05, 0x90, 0x05, 0x90, 0x05, 0x78, 0x03, 
	0x78, 0x03, 0x78, 0x03, 0x90, 0x05, 0xa8, 0x05, 
	0xb8, 0x89, 0xd1, 0x0b, 0xf1, 0x0d, 0xf1, 0x0d, 
	0xf9, 0x4f, 0xf9, 0x4f, 0xf9, 0x4f, 0xf9, 0x4f, 
	0xd8, 0xcb, 0xd8, 0xcb, 0x30, 0x43, 0xd8, 0xcb, 
	0xe8, 0xcb, 0xc0, 0x49, 0xb0, 0x05, 0xb0, 0x05, 
	0xa0, 0x05, 0xb0, 0x47, 0xb0, 0x47, 0xb0, 0x47, 
	0xa8, 0x87, 0x20, 0x01, 0xf8, 0x49, 0xa8, 0x87, 
	0x88, 0x03, 0x98, 0x05, 0x98, 0x05, 0x98, 0x05, 
	0x78, 0x03, 0x88, 0x03, 0x88, 0x03, 0x98, 0x03, 
	0xc8, 0x89, 0xc8, 0x89, 0xc8, 0xc9, 0xc8, 0xc9, 
	0xd0, 0xcb, 0xd0, 0xcb, 0xd0, 0xcb, 0xd0, 0xcb, 
	0xd0, 0xcb, 0xd0, 0xcb, 0xd0, 0xcb, 0xc0, 0x47, 
	0xb8, 0x47, 0xb8, 0x47, 0xb8, 0x47, 0x20, 0x01, 
	0xc8, 0x89, 0xc8, 0x89, 0xa8, 0x47, 0xa8, 0x47, 
	0xb0, 0x05, 0xb0, 0x05, 0x90, 0x03, 0x68, 0x03, 
	0x78, 0x03, 0x78, 0x03, 0x78, 0x03, 0x78, 0x03, 
	0x78, 0x03, 0x78, 0x03, 0x90, 0x05, 0xa8, 0x05, 
	0xd1, 0x0b, 0xf1, 0x0d, 0xf1, 0x0d, 0xf1, 0x0d, 
	0xf9, 0x4f, 0xf9, 0x4f, 0xf9, 0x4f, 0xf9, 0x4f, 
	0xd8, 0xcb, 0xd8, 0xcb, 0x30, 0x43, 0xd8, 0xcb, 
	0xe8, 0xcb, 0xc0, 0x49, 0xc0, 0x49, 0xb0, 0x05, 
	0xb0, 0x47, 0xc0, 0x47, 0xb0, 0x47, 0xa0, 0x05, 
	0xa8, 0x87, 0x20, 0x01, 0xa8, 0x87, 0xa8, 0x87, 
	0x78, 0x03, 0x88, 0x03, 0x88, 0x03, 0x78, 0x03, 
	0x88, 0x03, 0x88, 0x03, 0x98, 0x03, 0xa8, 0x05, 
	0xc8, 0x89, 0xc8, 0xc9, 0xc8, 0xc9, 0xc8, 0xc9, 
	0xd0, 0xcb, 0xd0, 0xcb, 0xd0, 0xcb, 0xd0, 0xcb, 
	0xd0, 0xcb, 0xd0, 0xcb, 0xd0, 0xcb, 0xc0, 0x47, 
	0xb8, 0x47, 0xb8, 0x47, 0xb8, 0x47, 0x20, 0x01, 
	0xc8, 0x89, 0xb8, 0x47, 0xa8, 0x47, 0xa8, 0x47, 
	0xb0, 0x05, 0x90, 0x03, 0x68, 0x03, 0x68, 0x03, 
	0x78, 0x03, 0x78, 0x03, 0x78, 0x03, 0x78, 0x03, 
	0x78, 0x03, 0x90, 0x05, 0xa8, 0x05, 0xb8, 0x47, 
	0xf1, 0x0d, 0xf1, 0x0d, 0xf1, 0x0d, 0xf1, 0x0d, 
	0xf9, 0x4f, 0xf9, 0x4f, 0xf9, 0x4f, 0xe9, 0x0b, 
	0xd8, 0xcb, 0xd8, 0xcb, 0x30, 0x43, 0xd8, 0xcb, 
	0xd0, 0xc9, 0xd0, 0xc9, 0xd0, 0xc9, 0xc0, 0x49, 
	0xc0, 0x47, 0xc0, 0x47, 0xb0, 0x47, 0x90, 0x05, 
	0x68, 0x45, 0x20, 0x01, 0xa8, 0x87, 0x68, 0x45, 
	0x78, 0x03, 0x88, 0x03, 0x88, 0x03, 0x88, 0x03, 
	0x88, 0x03, 0x98, 0x03, 0xa8, 0x05, 0xa8, 0x05, 
	0x98, 0x89, 0x98, 0x89, 0x98, 0x89, 0x98, 0x89, 
	0xa8, 0x87, 0xa8, 0x87, 0xa8, 0x87, 0xa8, 0x87, 
	0x98, 0x87, 0x98, 0x87, 0x98, 0x87, 0x98, 0x87, 
	0x70, 0x85, 0x70, 0x85, 0x70, 0x85, 0x28, 0x01, 
	0x90, 0x89, 0x90, 0x89, 0x90, 0x89, 0x90, 0x89, 
	0x60, 0x45, 0x98, 0x87, 0x60, 0x45, 0x60, 0x45, 
	0x68, 0x87, 0x68, 0x87, 0x68, 0x87, 0x68, 0x87, 
	0x80, 0x89, 0x80, 0x89, 0x80, 0x89, 0x80, 0x89, 
	0xa0, 0xc9, 0xa0, 0xc9, 0xa0, 0xc9, 0xa0, 0xc9, 
	0xa1, 0x0b, 0xa1, 0x0b, 0xa1, 0x0b, 0xa1, 0x0b, 
	0xb1, 0x4d, 0xb1, 0x4d, 0x28, 0x03, 0xb1, 0x4d, 
	0x98, 0xc9, 0x98, 0xc9, 0x98, 0xc9, 0x98, 0xc9, 
	0xb0, 0xc9, 0x70, 0x47, 0x70, 0x47, 0x70, 0x47, 
	0x68, 0x45, 0x28, 0x03, 0x68, 0x45, 0x28, 0x03, 
	0x68, 0x87, 0x68, 0x87, 0x68, 0x87, 0x68, 0x87, 
	0x68, 0x87, 0x68, 0x87, 0x68, 0x87, 0x68, 0x87, 
	0x98, 0x89, 0x98, 0x89, 0x98, 0x89, 0x98, 0x89, 
	0xa8, 0x87, 0xa8, 0x87, 0xa8, 0x87, 0xa8, 0x87, 
	0x98, 0x87, 0x98, 0x87, 0x98, 0x87, 0x98, 0x87, 
	0x70, 0x85, 0x70, 0x85, 0x28, 0x01, 0x28, 0x01, 
	0x40, 0x03, 0x90, 0x89, 0x90, 0x89, 0x90, 0x89, 
	0x98, 0x87, 0x98, 0x87, 0x60, 0x45, 0x60, 0x45, 
	0x68, 0x87, 0x68, 0x87, 0x68, 0x87, 0x68, 0x87, 
	0x80, 0x89, 0x80, 0x89, 0x80, 0x89, 0x80, 0x89, 
	0xa0, 0xc9, 0xa0, 0xc9, 0xa0, 0xc9, 0xa0, 0xc9, 
	0xa1, 0x0b, 0xa1, 0x0b, 0xa1, 0x0b, 0xa1, 0x0b, 
	0xb1, 0x4d, 0x70, 0x87, 0x28, 0x03, 0x70, 0x87, 
	0x98, 0xc9, 0x98, 0xc9, 0x98, 0xc9, 0x98, 0xc9, 
	0xb0, 0xc9, 0xb0, 0xc9, 0xb0, 0xc9, 0xb0, 0xc9, 
	0x68, 0x45, 0x28, 0x03, 0x28, 0x03, 0x68, 0x45, 
	0x68, 0x87, 0x68, 0x87, 0x68, 0x87, 0x68, 0x87, 
	0x68, 0x87, 0x68, 0x87, 0x68, 0x87, 0x68, 0x87, 
	0x40, 0x05, 0x40, 0x05, 0x40, 0x05, 0x40, 0x05, 
	0x28, 0x03, 0x28, 0x03, 0x28, 0x03, 0x28, 0x03, 
	0x40, 0x05, 0x40, 0x05, 0x40, 0x05, 0x40, 0x05, 
	0x28, 0x01, 0x28, 0x01, 0x28, 0x01, 0x28, 0x01, 
	0x40, 0x03, 0x40, 0x03, 0x40, 0x03, 0x40, 0x03, 
	0x20, 0x01, 0x20, 0x01, 0x20, 0x01, 0x20, 0x01, 
	0x20, 0x01, 0x20, 0x01, 0x20, 0x01, 0x20, 0x01, 
	0x40, 0x03, 0x40, 0x03, 0x40, 0x03, 0x40, 0x03, 
	0x58, 0x05, 0x58, 0x05, 0x58, 0x05, 0x58, 0x05, 
	0x58, 0x05, 0x58, 0x05, 0x58, 0x05, 0x58, 0x05, 
	0x28, 0x03, 0x28, 0x03, 0x28, 0x03, 0x28, 0x03, 
	0x48, 0x05, 0x48, 0x05, 0x48, 0x05, 0x48, 0x05, 
	0x38, 0x03, 0x38, 0x03, 0x38, 0x03, 0x38, 0x03, 
	0x28, 0x03, 0x28, 0x03, 0x28, 0x03, 0x28, 0x03, 
	0x28, 0x03, 0x28, 0x03, 0x28, 0x03, 0x28, 0x03, 
	0x28, 0x03, 0x28, 0x03, 0x28, 0x03, 0x28, 0x03, 
	0xf9, 0x09, 0xf9, 0x09, 0xf9, 0x09, 0xf9, 0x09, 
	0xf8, 0x87, 0xf8, 0x87, 0x68, 0x45, 0x28, 0x03, 
	0x98, 0x87, 0xf9, 0x09, 0xf9, 0x09, 0xf9, 0x09, 
	0xf9, 0x8d, 0xf9, 0x8d, 0xf9, 0x8d, 0xf9, 0x8d, 
	0xf8, 0xcb, 0xf8, 0xcb, 0xf8, 0xcb, 0xf8, 0xcb, 
	0xd0, 0xc9, 0xd0, 0xc9, 0x60, 0x45, 0x20, 0x01, 
	0x68, 0x87, 0xf9, 0x91, 0xf9, 0x91, 0xf9, 0x91, 
	0xf9, 0x91, 0xf9, 0x91, 0xf9, 0x91, 0xf9, 0x91, 
	0xf9, 0x8d, 0xf9, 0x8d, 0xf9, 0x8d, 0xf9, 0x8d, 
	0xf9, 0xcf, 0xf9, 0xcf, 0xf9, 0xcf, 0xf9, 0xcf, 
	0xf9, 0x91, 0xf9, 0x91, 0xf9, 0x91, 0xf9, 0x91, 
	0xf9, 0x4b, 0xf9, 0x4b, 0xf9, 0x4b, 0x48, 0x05, 
	0x38, 0x03, 0xf8, 0x89, 0xf8, 0x89, 0xf8, 0x89, 
	0xe8, 0xcb, 0xe8, 0xcb, 0xe8, 0xcb, 0xe8, 0xcb, 
	0xf9, 0x0b, 0xf9, 0x0b, 0xf9, 0x0b, 0xf9, 0x0b, 
	0xf1, 0x0d, 0xf1, 0x0d, 0xf1, 0x0d, 0xf1, 0x0d, 
	0xf9, 0x91, 0xf9, 0x91, 0xf9, 0x91, 0xf9, 0x91, 
	0xf8, 0xc7, 0xf8, 0xc7, 0xb0, 0xc7, 0x40, 0x03, 
	0xf1, 0x0d, 0xf1, 0x91, 0xfa, 0x15, 0xfa, 0x15, 
	0xfa, 0x57, 0xfa, 0x57, 0xf1, 0xd3, 0xf1, 0xd3, 
	0xf9, 0x91, 0xf9, 0x91, 0xe9, 0x0d, 0xe9, 0x0d, 
	0xc8, 0xc9, 0xc8, 0xc9, 0xc8, 0xc9, 0x30, 0x03, 
	0xe0, 0xcb, 0xe0, 0xcb, 0xfa, 0x57, 0xfa, 0x57, 
	0xfa, 0x13, 0xfa, 0x13, 0xe9, 0x51, 0xfa, 0x13, 
	0xf9, 0xd3, 0xf9, 0xd3, 0xf9, 0xd3, 0xf9, 0xd3, 
	0xfa, 0x15, 0xfa, 0x15, 0xfa, 0x15, 0xfa, 0x15, 
	0xfa, 0x97, 0xfa, 0x97, 0xfa, 0x97, 0xfa, 0x97, 
	0xf9, 0xd3, 0xf9, 0xd3, 0xf9, 0xd3, 0x78, 0x03, 
	0x88, 0x87, 0xe8, 0xcb, 0xe8, 0xcb, 0xe8, 0xcb, 
	0xe8, 0xcb, 0xe8, 0xcb, 0xe8, 0xcb, 0xe8, 0xcb, 
	0xe9, 0x0d, 0xf9, 0x91, 0xf9, 0x91, 0xf9, 0x91, 
	0xf9, 0x91, 0xf9, 0x91, 0xf9, 0x91, 0xf9, 0x91, 
	0xf9, 0x91, 0xd0, 0xcb, 0xc0, 0x45, 0xc0, 0x45, 
	0xb0, 0xc7, 0xb0, 0xc7, 0xb0, 0xc7, 0x40, 0x03, 
	0xf1, 0x0d, 0xf1, 0x91, 0xf1, 0x91, 0xf1, 0x91, 
	0xfa, 0x57, 0xe9, 0x4f, 0xe8, 0xcb, 0xe8, 0xcb, 
	0xd8, 0xcb, 0xd8, 0xcb, 0xc8, 0x89, 0xc8, 0x89, 
	0xc8, 0xc9, 0xc8, 0xc9, 0x98, 0x87, 0x30, 0x03, 
	0xc8, 0x87, 0xe0, 0xcb, 0xfa, 0x57, 0xfa, 0x57, 
	0xe0, 0xcb, 0xe0, 0xcb, 0xc8, 0x89, 0xc8, 0x89, 
	0xd9, 0x0d, 0xd9, 0x0d, 0xd9, 0x0d, 0xd9, 0x0d, 
	0xc9, 0x0b, 0xc9, 0x0b, 0xb8, 0x47, 0xb8, 0x47, 
	0xb8, 0x47, 0xc9, 0x0d, 0xe9, 0x91, 0xe9, 0x91, 
	0xf9, 0xd3, 0xf9, 0xd3, 0xb1, 0x0b, 0x78, 0x03, 
	0x88, 0x87, 0xe8, 0xcb, 0xe8, 0xcb, 0xb0, 0xc9, 
	0xc8, 0xcb, 0xb8, 0x47, 0xb8, 0x47, 0xb8, 0x47, 
	0xc0, 0x89, 0xd0, 0xcb, 0xc0, 0x89, 0xc0, 0x89, 
	0xb0, 0x47, 0xb0, 0x47, 0xb0, 0x47, 0xb0, 0x47, 
	0xe9, 0x0d, 0xf9, 0x91, 0xd0, 0xcb, 0xc0, 0x45, 
	0xb0, 0xc7, 0xb0, 0xc7, 0xb0, 0xc7, 0x40, 0x03, 
	0xf1, 0x91, 0xf1, 0x91, 0xf1, 0x91, 0xf1, 0x91, 
	0xf1, 0xd3, 0xe8, 0xcb, 0xe8, 0xcb, 0xe8, 0xcb, 
	0xd8, 0xcb, 0xc8, 0x89, 0xc8, 0x89, 0xc8, 0x89, 
	0xc8, 0xc9, 0xc8, 0xc9, 0xc8, 0xc9, 0x30, 0x03, 
	0xe0, 0xcb, 0xe0, 0xcb, 0xe9, 0x91, 0xe0, 0xcb, 
	0xe0, 0xcb, 0xc8, 0x89, 0xc8, 0x89, 0xc8, 0x89, 
	0xb0, 0x47, 0xd9, 0x0d, 0xb0, 0x47, 0xb0, 0x47, 
	0xb8, 0x47, 0xb8, 0x47, 0xb8, 0x47, 0xb8, 0x47, 
	0xb8, 0x47, 0xb8, 0x47, 0xb8, 0x47, 0xb8, 0x47, 
	0x78, 0x03, 0x78, 0x03, 0x78, 0x03, 0x78, 0x03, 
	0x88, 0x87, 0xe8, 0xcb, 0xe8, 0xcb, 0xe8, 0xcb, 
	0xb8, 0x47, 0xb8, 0x47, 0xb8, 0x47, 0xc8, 0xcb, 
	0xd0, 0xcb, 0xd0, 0xcb, 0xd0, 0xcb, 0xc0, 0x89, 
	0xb0, 0x47, 0xb0, 0x47, 0xb0, 0x47, 0xb0, 0x47, 
	0xd0, 0xcb, 0xd0, 0xcb, 0xe9, 0x0d, 0xe9, 0x0d, 
	0xb0, 0xc7, 0xb0, 0xc7, 0xb0, 0xc7, 0x40, 0x03, 
	0xf1, 0x91, 0xf1, 0x91, 0xf1, 0x91, 0xf1, 0x91, 
	0xe9, 0x4f, 0xe8, 0xcb, 0xe8, 0xcb, 0xe8, 0xcb, 
	0xd8, 0xcb, 0xd8, 0xcb, 0xd8, 0xcb, 0xd8, 0xcb, 
	0xc8, 0xc9, 0xc8, 0xc9, 0xc8, 0xc9, 0x30, 0x03, 
	0xe0, 0xcb, 0xe0, 0xcb, 0xc8, 0x87, 0xc8, 0x87, 
	0xc8, 0x89, 0xc8, 0x89, 0xc8, 0x89, 0xc8, 0x89, 
	0xb0, 0x47, 0xb0, 0x47, 0xb0, 0x47, 0xb0, 0x47, 
	0xb8, 0x47, 0xb8, 0x47, 0xb8, 0x47, 0xb8, 0x47, 
	0xb8, 0x47, 0xb8, 0x47, 0xb8, 0x47, 0xb8, 0x47, 
	0x78, 0x03, 0x78, 0x03, 0x78, 0x03, 0x78, 0x03, 
	0x68, 0x05, 0xb0, 0xc9, 0x88, 0x87, 0x88, 0x87, 
	0xb8, 0x47, 0xb8, 0x47, 0xb8, 0x47, 0xc8, 0xcb, 
	0xd0, 0xcb, 0xd0, 0xcb, 0xe9, 0x0d, 0xc0, 0x89, 
	0xb0, 0x47, 0xb0, 0x47, 0xb0, 0x47, 0xb0, 0x47, 
	0xd0, 0xcb, 0xd0, 0xcb, 0xc0, 0x89, 0xd0, 0xcb, 
	0xc0, 0x89, 0xc0, 0x89, 0xc0, 0x89, 0x28, 0x03, 
	0xf9, 0x4f, 0xf9, 0x4f, 0xf9, 0x4f, 0xf9, 0x4f, 
	0xe8, 0xcb, 0xe8, 0xcb, 0xe8, 0xcb, 0xe8, 0xcb, 
	0xe8, 0xcb, 0xe8, 0xcb, 0xe8, 0xcb, 0xe8, 0xcb, 
	0xb8, 0x47, 0xb8, 0x47, 0xb8, 0x47, 0x30, 0x03, 
	0xe8, 0xcb, 0xe8, 0xcb, 0xc8, 0xc9, 0xc8, 0xc9, 
	0xc8, 0x89, 0xc0, 0x47, 0xc0, 0x47, 0xc0, 0x47, 
	0xc8, 0x89, 0xa0, 0x45, 0x88, 0x05, 0x88, 0x05, 
	0xa0, 0x05, 0xa0, 0x05, 0xb8, 0x47, 0xb8, 0x47, 
	0xb8, 0x47, 0xb8, 0x47, 0xb8, 0x47, 0xb8, 0x47, 
	0x88, 0x05, 0x88, 0x05, 0x88, 0x05, 0x48, 0x03, 
	0x68, 0x05, 0xc0, 0x45, 0xa8, 0x45, 0x88, 0x45, 
	0xa0, 0x05, 0xa0, 0x05, 0xa0, 0x05, 0xb0, 0x05, 
	0xb8, 0x05, 0xb8, 0x05, 0xb8, 0x05, 0xe9, 0x4d, 
	0xc8, 0x89, 0xb0, 0x05, 0xb0, 0x05, 0xb0, 0x05, 
	0xd0, 0xcb, 0xd0, 0xcb, 0xc0, 0x89, 0xc0, 0x89, 
	0xc0, 0x89, 0x90, 0x47, 0x90, 0x47, 0x28, 0x03, 
	0xf9, 0x4f, 0xf9, 0x4f, 0xf9, 0x4f, 0xf9, 0x4f, 
	0xe8, 0xcb, 0xe8, 0xcb, 0xe8, 0xcb, 0xe8, 0xcb, 
	0xe8, 0xcb, 0xc0, 0xc9, 0xb0, 0x47, 0x90, 0x03, 
	0x88, 0x47, 0xb8, 0x47, 0xb8, 0x47, 0x30, 0x03, 
	0xe8, 0xcb, 0xe8, 0xcb, 0xc8, 0xc9, 0xc8, 0xc9, 
	0xc8, 0x89, 0xc8, 0x89, 0xc0, 0x47, 0xc8, 0x89, 
	0xc8, 0x89, 0xc8, 0x89, 0xa0, 0x45, 0x88, 0x05, 
	0x80, 0x03, 0x80, 0x03, 0x80, 0x03, 0xb8, 0x47, 
	0xb8, 0x47, 0xb8, 0x47, 0xb8, 0x47, 0xa8, 0x05, 
	0x88, 0x05, 0x88, 0x05, 0x88, 0x05, 0x48, 0x03, 
	0x68, 0x05, 0xc0, 0x45, 0xa8, 0x45, 0xa8, 0x45, 
	0xa0, 0x05, 0xb0, 0x05, 0xb0, 0x05, 0xb8, 0x45, 
	0xb8, 0x05, 0xc8, 0xc9, 0xf9, 0xd3, 0xf9, 0xd3, 
	0xf9, 0x91, 0xc8, 0x89, 0xb0, 0x05, 0xb0, 0x05, 
	0xd0, 0xcb, 0xd0, 0xcb, 0xc0, 0x89, 0xc0, 0x89, 
	0xc0, 0x89, 0x90, 0x47, 0x90, 0x47, 0x28, 0x03, 
	0xd8, 0xcb, 0xb8, 0xc9, 0xd8, 0xcb, 0xd8, 0xcb, 
	0xe8, 0xcb, 0xc0, 0xc9, 0xa8, 0x87, 0x88, 0x45, 
	0x90, 0x03, 0x90, 0x03, 0x90, 0x03, 0x90, 0x03, 
	0xb8, 0x47, 0xb8, 0x47, 0xb8, 0x47, 0x30, 0x03, 
	0xe8, 0xcb, 0xc8, 0xc9, 0xc8, 0xc9, 0xc8, 0xc9, 
	0xc8, 0x89, 0xc8, 0x89, 0xc0, 0x47, 0xc8, 0x89, 
	0xc8, 0x89, 0xc8, 0x89, 0xc8, 0x89, 0xa0, 0x45, 
	0x80, 0x03, 0x80, 0x03, 0x80, 0x03, 0x80, 0x03, 
	0xb8, 0x47, 0xb8, 0x47, 0xb8, 0x47, 0x98, 0x05, 
	0x88, 0x05, 0x88, 0x05, 0x88, 0x05, 0x48, 0x03, 
	0x68, 0x05, 0xc0, 0x45, 0xa8, 0x45, 0xa8, 0x45, 
	0xb0, 0x05, 0xb0, 0x05, 0xb8, 0x45, 0xc0, 0x47, 
	0xe9, 0x4d, 0xf9, 0xd3, 0xf9, 0xd3, 0xf9, 0xd3, 
	0xf9, 0x91, 0xf9, 0x91, 0xe1, 0x0d, 0xb0, 0x05, 
	0xb0, 0x47, 0x98, 0x05, 0x98, 0x05, 0x98, 0x05, 
	0x90, 0x47, 0x90, 0x47, 0x90, 0x47, 0x28, 0x03, 
	0xa0, 0x45, 0xa0, 0x45, 0xa0, 0x45, 0xa0, 0x45, 
	0x88, 0x45, 0x88, 0x45, 0x88, 0x45, 0x88, 0x45, 
	0x90, 0x03, 0x90, 0x03, 0x90, 0x03, 0x90, 0x03, 
	0xb8, 0x47, 0xb8, 0x47, 0xb8, 0x47, 0x30, 0x03, 
	0xc8, 0xc9, 0xb8, 0x47, 0xb8, 0x47, 0xb8, 0x47, 
	0xb0, 0x05, 0xb0, 0x05, 0xb0, 0x05, 0xb0, 0x05, 
	0xa0, 0x45, 0xa0, 0x45, 0x88, 0x05, 0x88, 0x05, 
	0x80, 0x03, 0x80, 0x03, 0x60, 0x03, 0x60, 0x03, 
	0x80, 0x05, 0xa8, 0x05, 0x98, 0x05, 0x80, 0x05, 
	0x88, 0x05, 0x88, 0x05, 0x88, 0x05, 0x60, 0x03, 
	0x68, 0x05, 0xa8, 0x45, 0xa8, 0x45, 0xa8, 0x45, 
	0xa0, 0x05, 0xb0, 0x05, 0xb8, 0x45, 0xc0, 0x47, 
	0xc8, 0xc9, 0xc8, 0xc9, 0xc8, 0xc9, 0xc8, 0xc9, 
	0xc8, 0x89, 0xc8, 0x89, 0xc8, 0x89, 0xb0, 0x05, 
	0x70, 0x87, 0x70, 0x87, 0x70, 0x87, 0x70, 0x87, 
	0x68, 0x45, 0x68, 0x45, 0x20, 0x01, 0x20, 0x01, 
	0x20, 0x01, 0x68, 0x87, 0x68, 0x87, 0x68, 0x87, 
	0x68, 0x87, 0x68, 0x87, 0x68, 0x87, 0x68, 0x87, 
	0x68, 0x85, 0x68, 0x85, 0x68, 0x85, 0x68, 0x85, 
	0x70, 0x87, 0x70, 0x87, 0x28, 0x01, 0x28, 0x01, 
	0x28, 0x01, 0x70, 0x87, 0x70, 0x87, 0x70, 0x87, 
	0x70, 0x87, 0x70, 0x87, 0x70, 0x87, 0x70, 0x87, 
	0x78, 0x87, 0x78, 0x87, 0x78, 0x87, 0x78, 0x87, 
	0x68, 0x45, 0x68, 0x45, 0x68, 0x45, 0x68, 0x45, 
	0x78, 0x47, 0x78, 0x47, 0x78, 0x47, 0x78, 0x47, 
	0x70, 0x87, 0x70, 0x87, 0x70, 0x87, 0x28, 0x03, 
	0x38, 0x03, 0x70, 0xc9, 0x70, 0xc9, 0x70, 0xc9, 
	0x68, 0x85, 0xb0, 0xc9, 0xb0, 0xc9, 0xb0, 0xc9, 
	0x99, 0x0b, 0x99, 0x0b, 0x99, 0x0b, 0x99, 0x0b, 
	0x99, 0x0b, 0x99, 0x0b, 0x99, 0x0b, 0x99, 0x0b, 
	0x28, 0x01, 0x28, 0x01, 0x28, 0x01, 0x28, 0x01, 
	0x20, 0x01, 0x20, 0x01, 0x20, 0x01, 0x20, 0x01, 
	0x20, 0x01, 0x20, 0x01, 0x20, 0x01, 0x20, 0x01, 
	0x20, 0x01, 0x20, 0x01, 0x20, 0x01, 0x20, 0x01, 
	0x28, 0x01, 0x28, 0x01, 0x28, 0x01, 0x28, 0x01, 
	0x28, 0x01, 0x28, 0x01, 0x28, 0x01, 0x28, 0x01, 
	0x28, 0x01, 0x28, 0x01, 0x28, 0x01, 0x28, 0x01, 
	0x38, 0x03, 0x38, 0x03, 0x38, 0x03, 0x38, 0x03, 
	0x40, 0x01, 0x40, 0x01, 0x40, 0x01, 0x40, 0x01, 
	0x28, 0x03, 0x28, 0x03, 0x28, 0x03, 0x28, 0x03, 
	0x20, 0x01, 0x20, 0x01, 0x20, 0x01, 0x20, 0x01, 
	0x28, 0x03, 0x28, 0x03, 0x28, 0x03, 0x28, 0x03, 
	0x38, 0x03, 0x38, 0x03, 0x38, 0x03, 0x38, 0x03, 
	0x30, 0x01, 0x30, 0x01, 0x30, 0x01, 0x30, 0x01, 
	0x40, 0x03, 0x40, 0x03, 0x40, 0x03, 0x40, 0x03, 
	0x40, 0x03, 0x40, 0x03, 0x40, 0x03, 0x40, 0x03, 
	0xf9, 0x91, 0xf9, 0x91, 0xf9, 0x91, 0xf9, 0x91, 
	0xf0, 0xcd, 0xf0, 0xcd, 0xf0, 0xcd, 0xf0, 0xcd, 
	0xa9, 0x0b, 0xa9, 0x0b, 0xf9, 0x4f, 0xf9, 0x4f, 
	0xf9, 0x91, 0xf9, 0x91, 0x68, 0x87, 0x20, 0x01, 
	0x68, 0x85, 0xf9, 0x4f, 0xf9, 0x4f, 0xf9, 0x4f, 
	0xf9, 0x91, 0xf9, 0x91, 0xf9, 0x91, 0xf9, 0x91, 
	0xf9, 0x91, 0xf9, 0x91, 0xf9, 0x91, 0xf9, 0x91, 
	0xf9, 0x8f, 0xf9, 0x8f, 0xf9, 0x8f, 0xf9, 0x8f, 
	0xf9, 0x91, 0xf9, 0x91, 0xf9, 0x91, 0xf9, 0x91, 
	0xf0, 0xcb, 0xf0, 0xcb, 0xf0, 0xcb, 0xf0, 0xcb, 
	0xd0, 0xcb, 0x78, 0x47, 0x20, 0x01, 0x78, 0x47, 
	0xf9, 0x91, 0xf9, 0x91, 0xf9, 0x91, 0xf9, 0x91, 
	0xf9, 0xd3, 0xf9, 0xd3, 0xf9, 0xd3, 0xf9, 0xd3, 
	0x68, 0x85, 0x30, 0x01, 0x68, 0x85, 0xf9, 0x0b, 
	0xf9, 0x91, 0xf9, 0x91, 0xf9, 0x91, 0xf9, 0x91, 
	0xf9, 0xd1, 0xf9, 0xd1, 0xf9, 0xd1, 0xf9, 0xd1, 
	0xf9, 0x91, 0xf9, 0x91, 0xf9, 0x91, 0xf9, 0x91, 
	0xf0, 0xcd, 0xf0, 0xcd, 0xf0, 0xcd, 0xf0, 0xcd, 
	0xf9, 0x4f, 0xf9, 0x4f, 0xf9, 0x4f, 0xf9, 0x4f, 
	0xf9, 0x91, 0xf9, 0x91, 0xf9, 0x91, 0x20, 0x01, 
	0xf9, 0x4f, 0xf9, 0x4f, 0xf9, 0x4f, 0xf9, 0x4f, 
	0xf9, 0x91, 0xf9, 0x91, 0xf9, 0x91, 0xf9, 0x91, 
	0xf9, 0x91, 0xf9, 0x91, 0xf9, 0x91, 0xf9, 0x91, 
	0xf9, 0x8f, 0xf9, 0x8f, 0xf9, 0x8f, 0xf9, 0x8f, 
	0xf9, 0x91, 0xf9, 0x91, 0xf9, 0x91, 0xf9, 0x91, 
	0xf0, 0xcb, 0xf0, 0xcb, 0xf0, 0xcb, 0xf0, 0xcb, 
	0xd0, 0xcb, 0x78, 0x47, 0x20, 0x01, 0xd0, 0xcb, 
	0xf9, 0x91, 0xf9, 0x91, 0xf9, 0x91, 0xf9, 0x91, 
	0xf9, 0xd3, 0xf9, 0xd3, 0xf9, 0xd3, 0xf9, 0xd3, 
	0xf9, 0x0b, 0x30, 0x01, 0xf9, 0x0b, 0xf9, 0x0b, 
	0xf9, 0x91, 0xf9, 0x91, 0xf9, 0x91, 0xf9, 0x91, 
	0xf9, 0xd1, 0xf9, 0xd1, 0xf9, 0xd1, 0xf9, 0xd1, 
	0xf1, 0x51, 0xd0, 0xcb, 0xc8, 0x87, 0xc8, 0x87, 
	0xc0, 0x47, 0xa0, 0x05, 0xa0, 0x05, 0xa0, 0x05, 
	0xa0, 0x87, 0xc9, 0x0b, 0xf9, 0x4f, 0xf9, 0x4f, 
	0xf0, 0x49, 0xf0, 0x49, 0xa8, 0x87, 0x28, 0x01, 
	0xe0, 0xcb, 0xf1, 0x0d, 0xd0, 0xc9, 0xc0, 0x47, 
	0xc0, 0x47, 0xc8, 0x87, 0xc8, 0x87, 0xc8, 0x87, 
	0xc8, 0x87, 0xc8, 0x87, 0xc8, 0x89, 0xc8, 0x89, 
	0xc0, 0x89, 0xb8, 0x47, 0xb8, 0x47, 0xb8, 0x47, 
	0xb8, 0x47, 0xc8, 0x89, 0xe8, 0xcb, 0xd0, 0xcb, 
	0xc8, 0xc9, 0xb8, 0x47, 0xb0, 0x05, 0xb8, 0x47, 
	0xc0, 0x47, 0x70, 0x03, 0x20, 0x01, 0xc0, 0x47, 
	0xe8, 0xcb, 0xe8, 0xcb, 0xe8, 0xcb, 0xe8, 0xcb, 
	0xe8, 0xcb, 0xe8, 0xcb, 0xf9, 0x4f, 0xe8, 0xcb, 
	0xd8, 0xcb, 0x30, 0x01, 0xd8, 0xcb, 0xd8, 0xcb, 
	0xd8, 0xcb, 0xc8, 0x89, 0xc8, 0x89, 0xc8, 0x89, 
	0xc8, 0x89, 0xc8, 0x89, 0xc8, 0x89, 0xd8, 0xcb, 
	0xe9, 0x0d, 0xd0, 0xcb, 0xc8, 0x87, 0xc8, 0x87, 
	0xc0, 0x47, 0xb0, 0x45, 0xa0, 0x05, 0xb0, 0x45, 
	0x78, 0x03, 0xa0, 0x87, 0xf9, 0x4f, 0xc9, 0x0b, 
	0xa8, 0x87, 0xa8, 0x87, 0xa8, 0x87, 0x28, 0x01, 
	0xe0, 0xcb, 0xe0, 0xcb, 0xd0, 0xc9, 0xc0, 0x47, 
	0xc0, 0x47, 0xc0, 0x47, 0xc8, 0x87, 0xc8, 0x87, 
	0xc8, 0x87, 0xc8, 0x87, 0xc8, 0x87, 0xc8, 0x87, 
	0xb8, 0x47, 0xb8, 0x47, 0xb8, 0x47, 0xb8, 0x47, 
	0xb8, 0x47, 0xb8, 0x47, 0xc8, 0x89, 0xe8, 0xcb, 
	0xc8, 0xc9, 0xc0, 0x89, 0xb8, 0x47, 0xb0, 0x05, 
	0x70, 0x03, 0x70, 0x03, 0x20, 0x01, 0xc0, 0x47, 
	0xc8, 0xcb, 0xb8, 0x49, 0xe8, 0xcb, 0xe8, 0xcb, 
	0xe8, 0xcb, 0xe8, 0xcb, 0xe8, 0xcb, 0xd0, 0xcb, 
	0xd8, 0xcb, 0x30, 0x01, 0xd8, 0xcb, 0xd8, 0xcb, 
	0xc8, 0x89, 0xc8, 0x89, 0xc8, 0x89, 0xc8, 0x89, 
	0xc8, 0x89, 0xc8, 0x89, 0xc8, 0x89, 0xc8, 0x89, 
	0xd0, 0xcb, 0xd0, 0xcb, 0xd0, 0xcb, 0xc8, 0x87, 
	0xc8, 0x87, 0xc0, 0x47, 0xb0, 0x45, 0xc0, 0x47, 
	0xa0, 0x87, 0x78, 0x03, 0x78, 0x03, 0x78, 0x03, 
	0xa8, 0x87, 0xa8, 0x87, 0xa8, 0x87, 0x28, 0x01, 
	0xe0, 0xcb, 0xe0, 0xcb, 0xd0, 0xc9, 0xd0, 0xc9, 
	0xc8, 0x89, 0xc0, 0x47, 0xc8, 0x87, 0xc8, 0x87, 
	0xc8, 0x87, 0xc8, 0x87, 0xc8, 0x87, 0xb8, 0x47, 
	0xb8, 0x47, 0xb8, 0x47, 0xb8, 0x47, 0xb8, 0x47, 
	0xb8, 0x47, 0xb8, 0x47, 0xb8, 0x47, 0xb8, 0x47, 
	0xc8, 0xc9, 0xc8, 0xc9, 0xb8, 0x47, 0xb0, 0x05, 
	0x70, 0x03, 0x70, 0x03, 0x20, 0x01, 0xc0, 0x47, 
	0xc8, 0xcb, 0xb8, 0x49, 0xe8, 0xcb, 0xe8, 0xcb, 
	0xe8, 0xcb, 0xe8, 0xcb, 0xe8, 0xcb, 0xd0, 0xcb, 
	0xd8, 0xcb, 0x30, 0x01, 0xd8, 0xcb, 0xd8, 0xcb, 
	0xc8, 0x89, 0xc8, 0x89, 0xc8, 0x89, 0xc8, 0x89, 
	0xc8, 0x89, 0xc8, 0x89, 0xc8, 0x89, 0xc8, 0x89, 
	0xd0, 0xcb, 0xd0, 0xcb, 0xd0, 0xcb, 0xd0, 0xcb, 
	0xc8, 0x87, 0xc0, 0x47, 0xc8, 0x87, 0xc8, 0x87, 
	0xa0, 0x87, 0x78, 0x03, 0x78, 0x03, 0x78, 0x03, 
	0x68, 0x43, 0x68, 0x43, 0x68, 0x43, 0x28, 0x01, 
	0xe0, 0xcb, 0xe0, 0xcb, 0xc0, 0x47, 0xc0, 0x47, 
	0xb8, 0x47, 0xb8, 0x47, 0xb8, 0x47, 0xc0, 0x47, 
	0xc0, 0x47, 0xc8, 0x87, 0xb8, 0x47, 0xb8, 0x47, 
	0xb8, 0x47, 0xb8, 0x47, 0xb8, 0x47, 0xb8, 0x47, 
	0xb8, 0x47, 0xb8, 0x47, 0xb8, 0x47, 0xb8, 0x47, 
	0xb8, 0x47, 0xc0, 0x89, 0xc0, 0x89, 0xb8, 0x47, 
	0x70, 0x03, 0x70, 0x03, 0x20, 0x01, 0xc0, 0x47, 
	0xb8, 0x49, 0xa8, 0x05, 0xb8, 0x49, 0xe8, 0xcb, 
	0xe8, 0xcb, 0xd0, 0xcb, 0xd0, 0xcb, 0xc0, 0x89, 
	0xa0, 0x89, 0x30, 0x01, 0xd8, 0xcb, 0xd8, 0xcb, 
	0xc8, 0x89, 0xc8, 0x89, 0xc8, 0x89, 0xc8, 0x89, 
	0xc8, 0x89, 0xc8, 0x89, 0xc8, 0x89, 0xc8, 0x89, 
	0xb8, 0x47, 0xb8, 0x47, 0xb8, 0x47, 0xb8, 0x47, 
	0xb0, 0x47, 0xa0, 0x05, 0xa0, 0x05, 0x90, 0x05, 
	0x68, 0x03, 0x58, 0x03, 0x58, 0x03, 0x58, 0x03, 
	0x50, 0x03, 0x68, 0x03, 0x68, 0x03, 0x20, 0x01, 
	0xc0, 0x89, 0xc0, 0x89, 0xb0, 0x45, 0xb0, 0x45, 
	0xb0, 0x05, 0xb0, 0x05, 0xb0, 0x05, 0xb0, 0x05, 
	0xa8, 0x45, 0xc0, 0x47, 0xb8, 0x47, 0xa8, 0x45, 
	0xa0, 0x05, 0xa0, 0x05, 0xa0, 0x05, 0xa0, 0x05, 
	0xa0, 0x05, 0xa8, 0x45, 0xa8, 0x45, 0xa0, 0x05, 
	0xa0, 0x45, 0x90, 0x05, 0x80, 0x05, 0x80, 0x05, 
	0x78, 0x03, 0x78, 0x03, 0x20, 0x01, 0xa0, 0x05, 
	0xa0, 0x05, 0x70, 0x03, 0x58, 0x03, 0x70, 0x03, 
	0xa0, 0x05, 0xb8, 0x47, 0xb8, 0x47, 0xb8, 0x47, 
	0xa0, 0x87, 0x28, 0x01, 0xd0, 0xcb, 0xd0, 0xcb, 
	0xb8, 0x47, 0xb8, 0x47, 0xb8, 0x47, 0xb8, 0x47, 
	0xb8, 0x47, 0xb8, 0x47, 0xc0, 0x47, 0xc8, 0x87, 
	0x98, 0x05, 0x98, 0x05, 0x98, 0x05, 0x88, 0x05, 
	0x90, 0x05, 0x90, 0x05, 0x90, 0x05, 0x78, 0x03, 
	0x68, 0x03, 0x68, 0x03, 0x58, 0x03, 0x58, 0x03, 
	0x50, 0x03, 0x68, 0x03, 0x68, 0x03, 0x20, 0x01, 
	0xb8, 0x47, 0xc0, 0x89, 0xa0, 0x05, 0xa0, 0x05, 
	0xa0, 0x05, 0xa0, 0x05, 0xa0, 0x05, 0xb0, 0x05, 
	0xc0, 0x47, 0xc0, 0x47, 0xc0, 0x47, 0xc0, 0x47, 
	0xc0, 0x47, 0xb0, 0x45, 0xa0, 0x05, 0xa0, 0x05, 
	0xa0, 0x05, 0x88, 0x05, 0x88, 0x05, 0x88, 0x05, 
	0x80, 0x05, 0x80, 0x05, 0x70, 0x03, 0x70, 0x03, 
	0x78, 0x03, 0x78, 0x03, 0x20, 0x01, 0xa0, 0x05, 
	0x88, 0x03, 0x58, 0x03, 0x58, 0x03, 0x70, 0x03, 
	0x70, 0x03, 0xa0, 0x05, 0xa0, 0x05, 0xb8, 0x47, 
	0xa0, 0x87, 0x28, 0x01, 0xd0, 0xcb, 0xd0, 0xcb, 
	0xb0, 0x05, 0xb0, 0x05, 0xb0, 0x05, 0xb0, 0x05, 
	0xb8, 0x47, 0xc0, 0x47, 0xc0, 0x47, 0xc0, 0x47, 
	0x88, 0x05, 0x88, 0x05, 0x88, 0x05, 0x88, 0x05, 
	0x90, 0x05, 0xa0, 0x05, 0x90, 0x05, 0x78, 0x03, 
	0x78, 0x03, 0x78, 0x03, 0x68, 0x03, 0x58, 0x03, 
	0x50, 0x03, 0x68, 0x03, 0x68, 0x03, 0x20, 0x01, 
	0xb8, 0x47, 0xc0, 0x89, 0xb8, 0x47, 0xb0, 0x45, 
	0xa0, 0x05, 0xb0, 0x05, 0xc0, 0x47, 0xc0, 0x47, 
	0xc0, 0x47, 0xc0, 0x47, 0xc0, 0x47, 0xc0, 0x47, 
	0xc0, 0x47, 0xc0, 0x47, 0xc0, 0x47, 0x90, 0x03, 
	0x88, 0x05, 0x88, 0x05, 0x88, 0x05, 0x88, 0x05, 
	0x80, 0x05, 0x80, 0x05, 0x80, 0x05, 0x80, 0x05, 
	0x78, 0x03, 0x78, 0x03, 0x20, 0x01, 0xa0, 0x05, 
	0x88, 0x03, 0x58, 0x03, 0x58, 0x03, 0x70, 0x03, 
	0x70, 0x03, 0x70, 0x03, 0xa0, 0x05, 0xb8, 0x47, 
	0xa0, 0x87, 0x28, 0x01, 0xd0, 0xcb, 0xd0, 0xcb, 
	0xb8, 0x47, 0xb8, 0x47, 0xb8, 0x47, 0xb8, 0x47, 
	0xc0, 0x47, 0xc0, 0x47, 0xc0, 0x47, 0xb8, 0x47, 
	0x88, 0x05, 0x88, 0x05, 0x88, 0x05, 0x88, 0x05, 
	0x90, 0x05, 0x90, 0x05, 0x90, 0x05, 0x90, 0x05, 
	0x80, 0x03, 0x80, 0x03, 0x78, 0x03, 0x68, 0x03, 
	0x68, 0x03, 0x68, 0x03, 0x68, 0x03, 0x20, 0x01, 
	0xb8, 0x47, 0xb8, 0x47, 0xb8, 0x47, 0xc0, 0x89, 
	0xb8, 0x45, 0xb8, 0x45, 0xc0, 0x47, 0xc0, 0x47, 
	0xc0, 0x47, 0xc0, 0x47, 0xc0, 0x47, 0xc0, 0x47, 
	0xc0, 0x47, 0xc0, 0x47, 0xa0, 0x05, 0x90, 0x03, 
	0x88, 0x05, 0x88, 0x05, 0x88, 0x05, 0x88, 0x05, 
	0x80, 0x05, 0x80, 0x05, 0x80, 0x05, 0x80, 0x05, 
	0xa0, 0x05, 0xa0, 0x05, 0x20, 0x01, 0xa0, 0x05, 
	0xa0, 0x05, 0x58, 0x03, 0x58, 0x03, 0x70, 0x03, 
	0x70, 0x03, 0x70, 0x03, 0xa0, 0x05, 0xb8, 0x47, 
	0xd0, 0xcb, 0x28, 0x01, 0xd0, 0xcb, 0xd0, 0xcb, 
	0xc0, 0x87, 0xc0, 0x47, 0xb0, 0x05, 0xb0, 0x05, 
	0xb8, 0x47, 0xc0, 0x47, 0xb8, 0x47, 0xa8, 0x05, 
	
};

Gfx hmc_dl_thi_1_0xe002020_custom_rgba16_rgba16_aligner[] = {gsSPEndDisplayList()};
u8 hmc_dl_thi_1_0xe002020_custom_rgba16_rgba16[] = {
	0x5a, 0x01, 0x5a, 0x01, 0x5a, 0x01, 0x5a, 0x01, 
	0x5a, 0x01, 0x5a, 0x01, 0x5a, 0x01, 0x5a, 0x01, 
	0x5a, 0x01, 0x5a, 0x01, 0x5a, 0x01, 0x5a, 0x01, 
	0x5a, 0x01, 0x5a, 0x01, 0x5a, 0x01, 0x5a, 0x01, 
	0xaa, 0xc1, 0xaa, 0xc1, 0xaa, 0xc1, 0xaa, 0xc1, 
	0xaa, 0xc1, 0xaa, 0xc1, 0xaa, 0xc1, 0xaa, 0xc1, 
	0xaa, 0xc1, 0xaa, 0xc1, 0xaa, 0xc1, 0xaa, 0xc1, 
	0xaa, 0xc1, 0xaa, 0xc1, 0xaa, 0xc1, 0xaa, 0xc1, 
	0x5a, 0x01, 0x5a, 0x01, 0x5a, 0x01, 0x5a, 0x01, 
	0x5a, 0x01, 0x5a, 0x01, 0x5a, 0x01, 0x5a, 0x01, 
	0x5a, 0x01, 0x5a, 0x01, 0x5a, 0x01, 0x5a, 0x01, 
	0x5a, 0x01, 0x5a, 0x01, 0x5a, 0x01, 0x5a, 0x01, 
	0xaa, 0xc1, 0xaa, 0xc1, 0xaa, 0xc1, 0xaa, 0xc1, 
	0xaa, 0xc1, 0xaa, 0xc1, 0xaa, 0xc1, 0xaa, 0xc1, 
	0xaa, 0xc1, 0xaa, 0xc1, 0xaa, 0xc1, 0xaa, 0xc1, 
	0xaa, 0xc1, 0xaa, 0xc1, 0xaa, 0xc1, 0xaa, 0xc1, 
	0x5a, 0x01, 0x49, 0xc1, 0x5a, 0x01, 0x49, 0xc1, 
	0x5a, 0x01, 0x49, 0xc1, 0x5a, 0x01, 0x49, 0xc1, 
	0x5a, 0x01, 0x49, 0xc1, 0x5a, 0x01, 0x49, 0xc1, 
	0x5a, 0x01, 0x49, 0xc1, 0x5a, 0x01, 0x49, 0xc1, 
	0xaa, 0xc1, 0xa2, 0x81, 0xaa, 0xc1, 0xa2, 0x81, 
	0xaa, 0xc1, 0xa2, 0x81, 0xaa, 0xc1, 0xa2, 0x81, 
	0xaa, 0xc1, 0xa2, 0x81, 0xaa, 0xc1, 0xa2, 0x81, 
	0xaa, 0xc1, 0xa2, 0x81, 0xaa, 0xc1, 0xa2, 0x81, 
	0x49, 0xc1, 0x49, 0xc1, 0x49, 0xc1, 0x49, 0xc1, 
	0x49, 0xc1, 0x49, 0xc1, 0x49, 0xc1, 0x49, 0xc1, 
	0x49, 0xc1, 0x49, 0xc1, 0x49, 0xc1, 0x49, 0xc1, 
	0x49, 0xc1, 0x49, 0xc1, 0x49, 0xc1, 0x49, 0xc1, 
	0xa2, 0x81, 0xa2, 0x81, 0xa2, 0x81, 0xa2, 0x81, 
	0xa2, 0x81, 0xa2, 0x81, 0xa2, 0x81, 0xa2, 0x81, 
	0xa2, 0x81, 0xa2, 0x81, 0xa2, 0x81, 0xa2, 0x81, 
	0xa2, 0x81, 0xa2, 0x81, 0xa2, 0x81, 0xa2, 0x81, 
	0x49, 0xc1, 0x49, 0xc1, 0x49, 0xc1, 0x49, 0xc1, 
	0x49, 0xc1, 0x49, 0xc1, 0x49, 0xc1, 0x49, 0xc1, 
	0x49, 0xc1, 0x49, 0xc1, 0x49, 0xc1, 0x49, 0xc1, 
	0x49, 0xc1, 0x49, 0xc1, 0x49, 0xc1, 0x49, 0xc1, 
	0xa2, 0x81, 0xa2, 0x81, 0xa2, 0x81, 0xa2, 0x81, 
	0xa2, 0x81, 0xa2, 0x81, 0xa2, 0x81, 0xa2, 0x81, 
	0xa2, 0x81, 0xa2, 0x81, 0xa2, 0x81, 0xa2, 0x81, 
	0xa2, 0x81, 0xa2, 0x81, 0xa2, 0x81, 0xa2, 0x81, 
	0x49, 0xc1, 0x49, 0xc1, 0x49, 0xc1, 0x49, 0xc1, 
	0x49, 0xc1, 0x49, 0xc1, 0x49, 0xc1, 0x49, 0xc1, 
	0x49, 0xc1, 0x49, 0xc1, 0x49, 0xc1, 0x49, 0xc1, 
	0x49, 0xc1, 0x49, 0xc1, 0x49, 0xc1, 0x49, 0xc1, 
	0xa2, 0x81, 0xa2, 0x81, 0xa2, 0x81, 0xa2, 0x81, 
	0xa2, 0x81, 0xa2, 0x81, 0xa2, 0x81, 0xa2, 0x81, 
	0xa2, 0x81, 0xa2, 0x81, 0xa2, 0x81, 0xa2, 0x81, 
	0xa2, 0x81, 0xa2, 0x81, 0xa2, 0x81, 0xa2, 0x81, 
	0x49, 0xc1, 0x49, 0xc1, 0x49, 0xc1, 0x49, 0xc1, 
	0x49, 0xc1, 0x49, 0xc1, 0x49, 0xc1, 0x49, 0xc1, 
	0x49, 0xc1, 0x49, 0xc1, 0x49, 0xc1, 0x49, 0xc1, 
	0x49, 0xc1, 0x49, 0xc1, 0x49, 0xc1, 0x49, 0xc1, 
	0xa2, 0x81, 0xa2, 0x81, 0xa2, 0x81, 0xa2, 0x81, 
	0xa2, 0x81, 0xa2, 0x81, 0xa2, 0x81, 0xa2, 0x81, 
	0xa2, 0x81, 0xa2, 0x81, 0xa2, 0x81, 0xa2, 0x81, 
	0xa2, 0x81, 0xa2, 0x81, 0xa2, 0x81, 0xa2, 0x81, 
	0x49, 0xc1, 0x49, 0xc1, 0x49, 0xc1, 0x49, 0xc1, 
	0x49, 0xc1, 0x49, 0xc1, 0x49, 0xc1, 0x49, 0xc1, 
	0x49, 0xc1, 0x49, 0xc1, 0x49, 0xc1, 0x49, 0xc1, 
	0x49, 0xc1, 0x49, 0xc1, 0x49, 0xc1, 0x49, 0xc1, 
	0xa2, 0x81, 0xa2, 0x81, 0xa2, 0x81, 0xa2, 0x81, 
	0xa2, 0x81, 0xa2, 0x81, 0xa2, 0x81, 0xa2, 0x81, 
	0xa2, 0x81, 0xa2, 0x81, 0xa2, 0x81, 0xa2, 0x81, 
	0xa2, 0x81, 0xa2, 0x81, 0xa2, 0x81, 0xa2, 0x81, 
	0x5a, 0x01, 0x49, 0xc1, 0x5a, 0x01, 0x49, 0xc1, 
	0x5a, 0x01, 0x49, 0xc1, 0x5a, 0x01, 0x49, 0xc1, 
	0x5a, 0x01, 0x49, 0xc1, 0x5a, 0x01, 0x49, 0xc1, 
	0x5a, 0x01, 0x49, 0xc1, 0x5a, 0x01, 0x49, 0xc1, 
	0xaa, 0xc1, 0xa2, 0x81, 0xaa, 0xc1, 0xa2, 0x81, 
	0xaa, 0xc1, 0xa2, 0x81, 0xaa, 0xc1, 0xa2, 0x81, 
	0xaa, 0xc1, 0xa2, 0x81, 0xaa, 0xc1, 0xa2, 0x81, 
	0xaa, 0xc1, 0xa2, 0x81, 0xaa, 0xc1, 0xa2, 0x81, 
	0x5a, 0x01, 0x5a, 0x01, 0x5a, 0x01, 0x5a, 0x01, 
	0x5a, 0x01, 0x5a, 0x01, 0x5a, 0x01, 0x5a, 0x01, 
	0x5a, 0x01, 0x5a, 0x01, 0x5a, 0x01, 0x5a, 0x01, 
	0x5a, 0x01, 0x5a, 0x01, 0x5a, 0x01, 0x5a, 0x01, 
	0xaa, 0xc1, 0xaa, 0xc1, 0xaa, 0xc1, 0xaa, 0xc1, 
	0xaa, 0xc1, 0xaa, 0xc1, 0xaa, 0xc1, 0xaa, 0xc1, 
	0xaa, 0xc1, 0xaa, 0xc1, 0xaa, 0xc1, 0xaa, 0xc1, 
	0xaa, 0xc1, 0xaa, 0xc1, 0xaa, 0xc1, 0xaa, 0xc1, 
	0x5a, 0x01, 0x5a, 0x01, 0x5a, 0x01, 0x5a, 0x01, 
	0x5a, 0x01, 0x5a, 0x01, 0x5a, 0x01, 0x5a, 0x01, 
	0x5a, 0x01, 0x5a, 0x01, 0x5a, 0x01, 0x5a, 0x01, 
	0x5a, 0x01, 0x5a, 0x01, 0x5a, 0x01, 0x5a, 0x01, 
	0xaa, 0xc1, 0xaa, 0xc1, 0xaa, 0xc1, 0xaa, 0xc1, 
	0xaa, 0xc1, 0xaa, 0xc1, 0xaa, 0xc1, 0xaa, 0xc1, 
	0xaa, 0xc1, 0xaa, 0xc1, 0xaa, 0xc1, 0xaa, 0xc1, 
	0xaa, 0xc1, 0xaa, 0xc1, 0xaa, 0xc1, 0xaa, 0xc1, 
	0x5a, 0x01, 0x5a, 0x01, 0x5a, 0x01, 0x5a, 0x01, 
	0x5a, 0x01, 0x5a, 0x01, 0x5a, 0x01, 0x5a, 0x01, 
	0x5a, 0x01, 0x5a, 0x01, 0x5a, 0x01, 0x5a, 0x01, 
	0x5a, 0x01, 0x5a, 0x01, 0x5a, 0x01, 0x5a, 0x01, 
	0xaa, 0xc1, 0xaa, 0xc1, 0xaa, 0xc1, 0xaa, 0xc1, 
	0xaa, 0xc1, 0xaa, 0xc1, 0xaa, 0xc1, 0xaa, 0xc1, 
	0xaa, 0xc1, 0xaa, 0xc1, 0xaa, 0xc1, 0xaa, 0xc1, 
	0xaa, 0xc1, 0xaa, 0xc1, 0xaa, 0xc1, 0xaa, 0xc1, 
	0x5a, 0x01, 0x62, 0x41, 0x5a, 0x01, 0x62, 0x41, 
	0x5a, 0x01, 0x62, 0x41, 0x5a, 0x01, 0x62, 0x41, 
	0x5a, 0x01, 0x62, 0x41, 0x5a, 0x01, 0x62, 0x41, 
	0x5a, 0x01, 0x62, 0x41, 0x5a, 0x01, 0x62, 0x41, 
	0xaa, 0xc1, 0xbb, 0x01, 0xaa, 0xc1, 0xbb, 0x01, 
	0xaa, 0xc1, 0xbb, 0x01, 0xaa, 0xc1, 0xbb, 0x01, 
	0xaa, 0xc1, 0xbb, 0x01, 0xaa, 0xc1, 0xbb, 0x01, 
	0xaa, 0xc1, 0xbb, 0x01, 0xaa, 0xc1, 0xbb, 0x01, 
	0x62, 0x41, 0x62, 0x41, 0x62, 0x41, 0x62, 0x41, 
	0x62, 0x41, 0x62, 0x41, 0x62, 0x41, 0x62, 0x41, 
	0x62, 0x41, 0x62, 0x41, 0x62, 0x41, 0x62, 0x41, 
	0x62, 0x41, 0x62, 0x41, 0x62, 0x41, 0x62, 0x41, 
	0xbb, 0x01, 0xbb, 0x01, 0xbb, 0x01, 0xbb, 0x01, 
	0xbb, 0x01, 0xbb, 0x01, 0xbb, 0x01, 0xbb, 0x01, 
	0xbb, 0x01, 0xbb, 0x01, 0xbb, 0x01, 0xbb, 0x01, 
	0xbb, 0x01, 0xbb, 0x01, 0xbb, 0x01, 0xbb, 0x01, 
	0x62, 0x41, 0x62, 0x41, 0x62, 0x41, 0x62, 0x41, 
	0x62, 0x41, 0x62, 0x41, 0x62, 0x41, 0x62, 0x41, 
	0x62, 0x41, 0x62, 0x41, 0x62, 0x41, 0x62, 0x41, 
	0x62, 0x41, 0x62, 0x41, 0x62, 0x41, 0x62, 0x41, 
	0xbb, 0x01, 0xbb, 0x01, 0xbb, 0x01, 0xbb, 0x01, 
	0xbb, 0x01, 0xbb, 0x01, 0xbb, 0x01, 0xbb, 0x01, 
	0xbb, 0x01, 0xbb, 0x01, 0xbb, 0x01, 0xbb, 0x01, 
	0xbb, 0x01, 0xbb, 0x01, 0xbb, 0x01, 0xbb, 0x01, 
	0x62, 0x41, 0x62, 0x41, 0x62, 0x41, 0x62, 0x41, 
	0x62, 0x41, 0x62, 0x41, 0x62, 0x41, 0x62, 0x41, 
	0x62, 0x41, 0x62, 0x41, 0x62, 0x41, 0x62, 0x41, 
	0x62, 0x41, 0x62, 0x41, 0x62, 0x41, 0x62, 0x41, 
	0xbb, 0x01, 0xbb, 0x01, 0xbb, 0x01, 0xbb, 0x01, 
	0xbb, 0x01, 0xbb, 0x01, 0xbb, 0x01, 0xbb, 0x01, 
	0xbb, 0x01, 0xbb, 0x01, 0xbb, 0x01, 0xbb, 0x01, 
	0xbb, 0x01, 0xbb, 0x01, 0xbb, 0x01, 0xbb, 0x01, 
	0xaa, 0xc1, 0xaa, 0xc1, 0xaa, 0xc1, 0xaa, 0xc1, 
	0xaa, 0xc1, 0xaa, 0xc1, 0xaa, 0xc1, 0xaa, 0xc1, 
	0xaa, 0xc1, 0xaa, 0xc1, 0xaa, 0xc1, 0xaa, 0xc1, 
	0xaa, 0xc1, 0xaa, 0xc1, 0xaa, 0xc1, 0xaa, 0xc1, 
	0x5a, 0x01, 0x5a, 0x01, 0x5a, 0x01, 0x5a, 0x01, 
	0x5a, 0x01, 0x5a, 0x01, 0x5a, 0x01, 0x5a, 0x01, 
	0x5a, 0x01, 0x5a, 0x01, 0x5a, 0x01, 0x5a, 0x01, 
	0x5a, 0x01, 0x5a, 0x01, 0x5a, 0x01, 0x5a, 0x01, 
	0xaa, 0xc1, 0xaa, 0xc1, 0xaa, 0xc1, 0xaa, 0xc1, 
	0xaa, 0xc1, 0xaa, 0xc1, 0xaa, 0xc1, 0xaa, 0xc1, 
	0xaa, 0xc1, 0xaa, 0xc1, 0xaa, 0xc1, 0xaa, 0xc1, 
	0xaa, 0xc1, 0xaa, 0xc1, 0xaa, 0xc1, 0xaa, 0xc1, 
	0x5a, 0x01, 0x5a, 0x01, 0x5a, 0x01, 0x5a, 0x01, 
	0x5a, 0x01, 0x5a, 0x01, 0x5a, 0x01, 0x5a, 0x01, 
	0x5a, 0x01, 0x5a, 0x01, 0x5a, 0x01, 0x5a, 0x01, 
	0x5a, 0x01, 0x5a, 0x01, 0x5a, 0x01, 0x5a, 0x01, 
	0xa2, 0x81, 0xaa, 0xc1, 0xa2, 0x81, 0xaa, 0xc1, 
	0xa2, 0x81, 0xaa, 0xc1, 0xa2, 0x81, 0xaa, 0xc1, 
	0xa2, 0x81, 0xaa, 0xc1, 0xa2, 0x81, 0xaa, 0xc1, 
	0xa2, 0x81, 0xaa, 0xc1, 0xa2, 0x81, 0xaa, 0xc1, 
	0x49, 0xc1, 0x5a, 0x01, 0x49, 0xc1, 0x5a, 0x01, 
	0x49, 0xc1, 0x5a, 0x01, 0x49, 0xc1, 0x5a, 0x01, 
	0x49, 0xc1, 0x5a, 0x01, 0x49, 0xc1, 0x5a, 0x01, 
	0x49, 0xc1, 0x5a, 0x01, 0x49, 0xc1, 0x5a, 0x01, 
	0xa2, 0x81, 0xa2, 0x81, 0xa2, 0x81, 0xa2, 0x81, 
	0xa2, 0x81, 0xa2, 0x81, 0xa2, 0x81, 0xa2, 0x81, 
	0xa2, 0x81, 0xa2, 0x81, 0xa2, 0x81, 0xa2, 0x81, 
	0xa2, 0x81, 0xa2, 0x81, 0xa2, 0x81, 0xa2, 0x81, 
	0x49, 0xc1, 0x49, 0xc1, 0x49, 0xc1, 0x49, 0xc1, 
	0x49, 0xc1, 0x49, 0xc1, 0x49, 0xc1, 0x49, 0xc1, 
	0x49, 0xc1, 0x49, 0xc1, 0x49, 0xc1, 0x49, 0xc1, 
	0x49, 0xc1, 0x49, 0xc1, 0x49, 0xc1, 0x49, 0xc1, 
	0xa2, 0x81, 0xa2, 0x81, 0xa2, 0x81, 0xa2, 0x81, 
	0xa2, 0x81, 0xa2, 0x81, 0xa2, 0x81, 0xa2, 0x81, 
	0xa2, 0x81, 0xa2, 0x81, 0xa2, 0x81, 0xa2, 0x81, 
	0xa2, 0x81, 0xa2, 0x81, 0xa2, 0x81, 0xa2, 0x81, 
	0x49, 0xc1, 0x49, 0xc1, 0x49, 0xc1, 0x49, 0xc1, 
	0x49, 0xc1, 0x49, 0xc1, 0x49, 0xc1, 0x49, 0xc1, 
	0x49, 0xc1, 0x49, 0xc1, 0x49, 0xc1, 0x49, 0xc1, 
	0x49, 0xc1, 0x49, 0xc1, 0x49, 0xc1, 0x49, 0xc1, 
	0xa2, 0x81, 0xa2, 0x81, 0xa2, 0x81, 0xa2, 0x81, 
	0xa2, 0x81, 0xa2, 0x81, 0xa2, 0x81, 0xa2, 0x81, 
	0xa2, 0x81, 0xa2, 0x81, 0xa2, 0x81, 0xa2, 0x81, 
	0xa2, 0x81, 0xa2, 0x81, 0xa2, 0x81, 0xa2, 0x81, 
	0x49, 0xc1, 0x49, 0xc1, 0x49, 0xc1, 0x49, 0xc1, 
	0x49, 0xc1, 0x49, 0xc1, 0x49, 0xc1, 0x49, 0xc1, 
	0x49, 0xc1, 0x49, 0xc1, 0x49, 0xc1, 0x49, 0xc1, 
	0x49, 0xc1, 0x49, 0xc1, 0x49, 0xc1, 0x49, 0xc1, 
	0xa2, 0x81, 0xa2, 0x81, 0xa2, 0x81, 0xa2, 0x81, 
	0xa2, 0x81, 0xa2, 0x81, 0xa2, 0x81, 0xa2, 0x81, 
	0xa2, 0x81, 0xa2, 0x81, 0xa2, 0x81, 0xa2, 0x81, 
	0xa2, 0x81, 0xa2, 0x81, 0xa2, 0x81, 0xa2, 0x81, 
	0x49, 0xc1, 0x49, 0xc1, 0x49, 0xc1, 0x49, 0xc1, 
	0x49, 0xc1, 0x49, 0xc1, 0x49, 0xc1, 0x49, 0xc1, 
	0x49, 0xc1, 0x49, 0xc1, 0x49, 0xc1, 0x49, 0xc1, 
	0x49, 0xc1, 0x49, 0xc1, 0x49, 0xc1, 0x49, 0xc1, 
	0xa2, 0x81, 0xa2, 0x81, 0xa2, 0x81, 0xa2, 0x81, 
	0xa2, 0x81, 0xa2, 0x81, 0xa2, 0x81, 0xa2, 0x81, 
	0xa2, 0x81, 0xa2, 0x81, 0xa2, 0x81, 0xa2, 0x81, 
	0xa2, 0x81, 0xa2, 0x81, 0xa2, 0x81, 0xa2, 0x81, 
	0x49, 0xc1, 0x49, 0xc1, 0x49, 0xc1, 0x49, 0xc1, 
	0x49, 0xc1, 0x49, 0xc1, 0x49, 0xc1, 0x49, 0xc1, 
	0x49, 0xc1, 0x49, 0xc1, 0x49, 0xc1, 0x49, 0xc1, 
	0x49, 0xc1, 0x49, 0xc1, 0x49, 0xc1, 0x49, 0xc1, 
	0xaa, 0xc1, 0xa2, 0x81, 0xaa, 0xc1, 0xa2, 0x81, 
	0xaa, 0xc1, 0xa2, 0x81, 0xaa, 0xc1, 0xa2, 0x81, 
	0xaa, 0xc1, 0xa2, 0x81, 0xaa, 0xc1, 0xa2, 0x81, 
	0xaa, 0xc1, 0xa2, 0x81, 0xaa, 0xc1, 0xa2, 0x81, 
	0x5a, 0x01, 0x49, 0xc1, 0x5a, 0x01, 0x49, 0xc1, 
	0x5a, 0x01, 0x49, 0xc1, 0x5a, 0x01, 0x49, 0xc1, 
	0x5a, 0x01, 0x49, 0xc1, 0x5a, 0x01, 0x49, 0xc1, 
	0x5a, 0x01, 0x49, 0xc1, 0x5a, 0x01, 0x49, 0xc1, 
	0xaa, 0xc1, 0xaa, 0xc1, 0xaa, 0xc1, 0xaa, 0xc1, 
	0xaa, 0xc1, 0xaa, 0xc1, 0xaa, 0xc1, 0xaa, 0xc1, 
	0xaa, 0xc1, 0xaa, 0xc1, 0xaa, 0xc1, 0xaa, 0xc1, 
	0xaa, 0xc1, 0xaa, 0xc1, 0xaa, 0xc1, 0xaa, 0xc1, 
	0x5a, 0x01, 0x5a, 0x01, 0x5a, 0x01, 0x5a, 0x01, 
	0x5a, 0x01, 0x5a, 0x01, 0x5a, 0x01, 0x5a, 0x01, 
	0x5a, 0x01, 0x5a, 0x01, 0x5a, 0x01, 0x5a, 0x01, 
	0x5a, 0x01, 0x5a, 0x01, 0x5a, 0x01, 0x5a, 0x01, 
	0xaa, 0xc1, 0xaa, 0xc1, 0xaa, 0xc1, 0xaa, 0xc1, 
	0xaa, 0xc1, 0xaa, 0xc1, 0xaa, 0xc1, 0xaa, 0xc1, 
	0xaa, 0xc1, 0xaa, 0xc1, 0xaa, 0xc1, 0xaa, 0xc1, 
	0xaa, 0xc1, 0xaa, 0xc1, 0xaa, 0xc1, 0xaa, 0xc1, 
	0x5a, 0x01, 0x5a, 0x01, 0x5a, 0x01, 0x5a, 0x01, 
	0x5a, 0x01, 0x5a, 0x01, 0x5a, 0x01, 0x5a, 0x01, 
	0x5a, 0x01, 0x5a, 0x01, 0x5a, 0x01, 0x5a, 0x01, 
	0x5a, 0x01, 0x5a, 0x01, 0x5a, 0x01, 0x5a, 0x01, 
	0xaa, 0xc1, 0xaa, 0xc1, 0xaa, 0xc1, 0xaa, 0xc1, 
	0xaa, 0xc1, 0xaa, 0xc1, 0xaa, 0xc1, 0xaa, 0xc1, 
	0xaa, 0xc1, 0xaa, 0xc1, 0xaa, 0xc1, 0xaa, 0xc1, 
	0xaa, 0xc1, 0xaa, 0xc1, 0xaa, 0xc1, 0xaa, 0xc1, 
	0x5a, 0x01, 0x5a, 0x01, 0x5a, 0x01, 0x5a, 0x01, 
	0x5a, 0x01, 0x5a, 0x01, 0x5a, 0x01, 0x5a, 0x01, 
	0x5a, 0x01, 0x5a, 0x01, 0x5a, 0x01, 0x5a, 0x01, 
	0x5a, 0x01, 0x5a, 0x01, 0x5a, 0x01, 0x5a, 0x01, 
	0xaa, 0xc1, 0xbb, 0x01, 0xaa, 0xc1, 0xbb, 0x01, 
	0xaa, 0xc1, 0xbb, 0x01, 0xaa, 0xc1, 0xbb, 0x01, 
	0xaa, 0xc1, 0xbb, 0x01, 0xaa, 0xc1, 0xbb, 0x01, 
	0xaa, 0xc1, 0xbb, 0x01, 0xaa, 0xc1, 0xbb, 0x01, 
	0x5a, 0x01, 0x62, 0x41, 0x5a, 0x01, 0x62, 0x41, 
	0x5a, 0x01, 0x62, 0x41, 0x5a, 0x01, 0x62, 0x41, 
	0x5a, 0x01, 0x62, 0x41, 0x5a, 0x01, 0x62, 0x41, 
	0x5a, 0x01, 0x62, 0x41, 0x5a, 0x01, 0x62, 0x41, 
	0xbb, 0x01, 0xbb, 0x01, 0xbb, 0x01, 0xbb, 0x01, 
	0xbb, 0x01, 0xbb, 0x01, 0xbb, 0x01, 0xbb, 0x01, 
	0xbb, 0x01, 0xbb, 0x01, 0xbb, 0x01, 0xbb, 0x01, 
	0xbb, 0x01, 0xbb, 0x01, 0xbb, 0x01, 0xbb, 0x01, 
	0x62, 0x41, 0x62, 0x41, 0x62, 0x41, 0x62, 0x41, 
	0x62, 0x41, 0x62, 0x41, 0x62, 0x41, 0x62, 0x41, 
	0x62, 0x41, 0x62, 0x41, 0x62, 0x41, 0x62, 0x41, 
	0x62, 0x41, 0x62, 0x41, 0x62, 0x41, 0x62, 0x41, 
	0xbb, 0x01, 0xbb, 0x01, 0xbb, 0x01, 0xbb, 0x01, 
	0xbb, 0x01, 0xbb, 0x01, 0xbb, 0x01, 0xbb, 0x01, 
	0xbb, 0x01, 0xbb, 0x01, 0xbb, 0x01, 0xbb, 0x01, 
	0xbb, 0x01, 0xbb, 0x01, 0xbb, 0x01, 0xbb, 0x01, 
	0x62, 0x41, 0x62, 0x41, 0x62, 0x41, 0x62, 0x41, 
	0x62, 0x41, 0x62, 0x41, 0x62, 0x41, 0x62, 0x41, 
	0x62, 0x41, 0x62, 0x41, 0x62, 0x41, 0x62, 0x41, 
	0x62, 0x41, 0x62, 0x41, 0x62, 0x41, 0x62, 0x41, 
	0xbb, 0x01, 0xbb, 0x01, 0xbb, 0x01, 0xbb, 0x01, 
	0xbb, 0x01, 0xbb, 0x01, 0xbb, 0x01, 0xbb, 0x01, 
	0xbb, 0x01, 0xbb, 0x01, 0xbb, 0x01, 0xbb, 0x01, 
	0xbb, 0x01, 0xbb, 0x01, 0xbb, 0x01, 0xbb, 0x01, 
	0x62, 0x41, 0x62, 0x41, 0x62, 0x41, 0x62, 0x41, 
	0x62, 0x41, 0x62, 0x41, 0x62, 0x41, 0x62, 0x41, 
	0x62, 0x41, 0x62, 0x41, 0x62, 0x41, 0x62, 0x41, 
	0x62, 0x41, 0x62, 0x41, 0x62, 0x41, 0x62, 0x41, 
	
};

Gfx hmc_dl_thi_1_0xe002820_custom_rgba16_rgba16_aligner[] = {gsSPEndDisplayList()};
u8 hmc_dl_thi_1_0xe002820_custom_rgba16_rgba16[] = {
	0x10, 0x85, 0x10, 0x85, 0x10, 0x85, 0x10, 0x85, 
	0x08, 0x43, 0x08, 0x43, 0x08, 0x43, 0x08, 0x43, 
	0x08, 0x43, 0x08, 0x43, 0x08, 0x43, 0x10, 0x85, 
	0x10, 0x85, 0x18, 0xc7, 0x10, 0x85, 0x10, 0x85, 
	0x10, 0x85, 0x10, 0x85, 0x10, 0x85, 0x10, 0x85, 
	0x10, 0x85, 0x18, 0xc7, 0x18, 0xc7, 0x10, 0x85, 
	0x10, 0x85, 0x08, 0x43, 0x08, 0x43, 0x10, 0x85, 
	0x10, 0x85, 0x10, 0x85, 0x10, 0x85, 0x18, 0xc7, 
	0x10, 0x85, 0x10, 0x85, 0x10, 0x85, 0x10, 0x85, 
	0x10, 0x85, 0x10, 0x85, 0x08, 0x43, 0x10, 0x85, 
	0x10, 0x85, 0x08, 0x43, 0x08, 0x43, 0x10, 0x85, 
	0x10, 0x85, 0x18, 0xc7, 0x18, 0xc7, 0x10, 0x85, 
	0x10, 0x85, 0x08, 0x43, 0x08, 0x43, 0x10, 0x85, 
	0x10, 0x85, 0x10, 0x85, 0x18, 0xc7, 0x10, 0x85, 
	0x10, 0x85, 0x10, 0x85, 0x08, 0x43, 0x08, 0x43, 
	0x10, 0x85, 0x10, 0x85, 0x10, 0x85, 0x10, 0x85, 
	0x10, 0x85, 0x10, 0x85, 0x10, 0x85, 0x18, 0xc7, 
	0x10, 0x85, 0x10, 0x85, 0x10, 0x85, 0x10, 0x85, 
	0x10, 0x85, 0x10, 0x85, 0x08, 0x43, 0x08, 0x43, 
	0x10, 0x85, 0x10, 0x85, 0x18, 0xc7, 0x18, 0xc7, 
	0x10, 0x85, 0x10, 0x85, 0x08, 0x43, 0x08, 0x43, 
	0x10, 0x85, 0x10, 0x85, 0x10, 0x85, 0x18, 0xc7, 
	0x10, 0x85, 0x10, 0x85, 0x10, 0x85, 0x10, 0x85, 
	0x10, 0x85, 0x10, 0x85, 0x10, 0x85, 0x10, 0x85, 
	0x10, 0x85, 0x10, 0x85, 0x10, 0x85, 0x10, 0x85, 
	0x18, 0xc7, 0x18, 0xc7, 0x10, 0x85, 0x10, 0x85, 
	0x10, 0x85, 0x10, 0x85, 0x08, 0x43, 0x08, 0x43, 
	0x08, 0x43, 0x10, 0x85, 0x10, 0x85, 0x18, 0xc7, 
	0x10, 0x85, 0x10, 0x85, 0x10, 0x85, 0x10, 0x85, 
	0x10, 0x85, 0x10, 0x85, 0x10, 0x85, 0x18, 0xc7, 
	0x18, 0xc7, 0x10, 0x85, 0x10, 0x85, 0x10, 0x85, 
	0x10, 0x85, 0x10, 0x85, 0x10, 0x85, 0x10, 0x85, 
	0x10, 0x85, 0x10, 0x85, 0x10, 0x85, 0x10, 0x85, 
	0x10, 0x85, 0x10, 0x85, 0x18, 0xc7, 0x10, 0x85, 
	0x10, 0x85, 0x10, 0x85, 0x10, 0x85, 0x08, 0x43, 
	0x08, 0x43, 0x10, 0x85, 0x10, 0x85, 0x10, 0x85, 
	0x10, 0x85, 0x10, 0x85, 0x10, 0x85, 0x10, 0x85, 
	0x10, 0x85, 0x10, 0x85, 0x10, 0x85, 0x10, 0x85, 
	0x18, 0xc7, 0x18, 0xc7, 0x10, 0x85, 0x10, 0x85, 
	0x10, 0x85, 0x10, 0x85, 0x10, 0x85, 0x10, 0x85, 
	0x08, 0x43, 0x08, 0x43, 0x10, 0x85, 0x10, 0x85, 
	0x10, 0x85, 0x10, 0x85, 0x10, 0x85, 0x18, 0xc7, 
	0x10, 0x85, 0x10, 0x85, 0x10, 0x85, 0x10, 0x85, 
	0x08, 0x43, 0x08, 0x43, 0x10, 0x85, 0x10, 0x85, 
	0x10, 0x85, 0x10, 0x85, 0x10, 0x85, 0x10, 0x85, 
	0x10, 0x85, 0x10, 0x85, 0x10, 0x85, 0x10, 0x85, 
	0x10, 0x85, 0x10, 0x85, 0x18, 0xc7, 0x10, 0x85, 
	0x10, 0x85, 0x10, 0x85, 0x10, 0x85, 0x08, 0x43, 
	0x10, 0x85, 0x08, 0x43, 0x08, 0x43, 0x10, 0x85, 
	0x10, 0x85, 0x10, 0x85, 0x10, 0x85, 0x10, 0x85, 
	0x18, 0xc7, 0x18, 0xc7, 0x10, 0x85, 0x10, 0x85, 
	0x10, 0x85, 0x10, 0x85, 0x10, 0x85, 0x10, 0x85, 
	0x10, 0x85, 0x10, 0x85, 0x10, 0x85, 0x10, 0x85, 
	0x10, 0x85, 0x10, 0x85, 0x18, 0xc7, 0x10, 0x85, 
	0x10, 0x85, 0x10, 0x85, 0x10, 0x85, 0x18, 0xc7, 
	0x18, 0xc7, 0x10, 0x85, 0x10, 0x85, 0x10, 0x85, 
	0x10, 0x85, 0x10, 0x85, 0x08, 0x43, 0x08, 0x43, 
	0x08, 0x43, 0x10, 0x85, 0x10, 0x85, 0x10, 0x85, 
	0x10, 0x85, 0x10, 0x85, 0x10, 0x85, 0x10, 0x85, 
	0x10, 0x85, 0x10, 0x85, 0x10, 0x85, 0x10, 0x85, 
	0x10, 0x85, 0x08, 0x43, 0x10, 0x85, 0x10, 0x85, 
	0x10, 0x85, 0x10, 0x85, 0x10, 0x85, 0x18, 0xc7, 
	0x10, 0x85, 0x10, 0x85, 0x10, 0x85, 0x10, 0x85, 
	0x10, 0x85, 0x18, 0xc7, 0x10, 0x85, 0x10, 0x85, 
	0x10, 0x85, 0x10, 0x85, 0x10, 0x85, 0x10, 0x85, 
	0x10, 0x85, 0x08, 0x43, 0x10, 0x85, 0x10, 0x85, 
	0x10, 0x85, 0x10, 0x85, 0x10, 0x85, 0x10, 0x85, 
	0x10, 0x85, 0x10, 0x85, 0x10, 0x85, 0x10, 0x85, 
	0x10, 0x85, 0x08, 0x43, 0x08, 0x43, 0x08, 0x43, 
	0x10, 0x85, 0x10, 0x85, 0x10, 0x85, 0x18, 0xc7, 
	0x18, 0xc7, 0x10, 0x85, 0x10, 0x85, 0x10, 0x85, 
	0x10, 0x85, 0x10, 0x85, 0x18, 0xc7, 0x10, 0x85, 
	0x18, 0xc7, 0x10, 0x85, 0x10, 0x85, 0x10, 0x85, 
	0x10, 0x85, 0x10, 0x85, 0x10, 0x85, 0x10, 0x85, 
	0x10, 0x85, 0x10, 0x85, 0x10, 0x85, 0x10, 0x85, 
	0x10, 0x85, 0x10, 0x85, 0x10, 0x85, 0x10, 0x85, 
	0x10, 0x85, 0x10, 0x85, 0x08, 0x43, 0x08, 0x43, 
	0x08, 0x43, 0x10, 0x85, 0x10, 0x85, 0x10, 0x85, 
	0x18, 0xc7, 0x18, 0xc7, 0x10, 0x85, 0x10, 0x85, 
	0x10, 0x85, 0x10, 0x85, 0x10, 0x85, 0x18, 0xc7, 
	0x10, 0x85, 0x10, 0x85, 0x10, 0x85, 0x10, 0x85, 
	0x10, 0x85, 0x10, 0x85, 0x10, 0x85, 0x10, 0x85, 
	0x10, 0x85, 0x08, 0x43, 0x10, 0x85, 0x10, 0x85, 
	0x08, 0x43, 0x10, 0x85, 0x10, 0x85, 0x10, 0x85, 
	0x18, 0xc7, 0x10, 0x85, 0x10, 0x85, 0x08, 0x43, 
	0x08, 0x43, 0x10, 0x85, 0x10, 0x85, 0x10, 0x85, 
	0x10, 0x85, 0x18, 0xc7, 0x10, 0x85, 0x10, 0x85, 
	0x10, 0x85, 0x10, 0x85, 0x10, 0x85, 0x10, 0x85, 
	0x10, 0x85, 0x10, 0x85, 0x10, 0x85, 0x10, 0x85, 
	0x10, 0x85, 0x10, 0x85, 0x10, 0x85, 0x10, 0x85, 
	0x10, 0x85, 0x10, 0x85, 0x10, 0x85, 0x08, 0x43, 
	0x08, 0x43, 0x10, 0x85, 0x10, 0x85, 0x10, 0x85, 
	0x18, 0xc7, 0x10, 0x85, 0x10, 0x85, 0x08, 0x43, 
	0x08, 0x43, 0x08, 0x43, 0x10, 0x85, 0x10, 0x85, 
	0x10, 0x85, 0x10, 0x85, 0x18, 0xc7, 0x10, 0x85, 
	0x10, 0x85, 0x10, 0x85, 0x10, 0x85, 0x10, 0x85, 
	0x10, 0x85, 0x10, 0x85, 0x10, 0x85, 0x10, 0x85, 
	0x10, 0x85, 0x10, 0x85, 0x10, 0x85, 0x10, 0x85, 
	0x10, 0x85, 0x10, 0x85, 0x10, 0x85, 0x10, 0x85, 
	0x08, 0x43, 0x08, 0x43, 0x10, 0x85, 0x10, 0x85, 
	0x10, 0x85, 0x18, 0xc7, 0x10, 0x85, 0x10, 0x85, 
	0x08, 0x43, 0x08, 0x43, 0x08, 0x43, 0x08, 0x43, 
	0x10, 0x85, 0x10, 0x85, 0x10, 0x85, 0x10, 0x85, 
	0x10, 0x85, 0x10, 0x85, 0x10, 0x85, 0x10, 0x85, 
	0x10, 0x85, 0x10, 0x85, 0x10, 0x85, 0x10, 0x85, 
	0x10, 0x85, 0x10, 0x85, 0x10, 0x85, 0x10, 0x85, 
	0x10, 0x85, 0x10, 0x85, 0x10, 0x85, 0x10, 0x85, 
	0x08, 0x43, 0x08, 0x43, 0x08, 0x43, 0x10, 0x85, 
	0x10, 0x85, 0x18, 0xc7, 0x18, 0xc7, 0x10, 0x85, 
	0x10, 0x85, 0x08, 0x43, 0x08, 0x43, 0x08, 0x43, 
	0x08, 0x43, 0x10, 0x85, 0x10, 0x85, 0x10, 0x85, 
	0x10, 0x85, 0x10, 0x85, 0x10, 0x85, 0x10, 0x85, 
	0x10, 0x85, 0x10, 0x85, 0x10, 0x85, 0x08, 0x43, 
	0x08, 0x43, 0x08, 0x43, 0x10, 0x85, 0x10, 0x85, 
	0x10, 0x85, 0x10, 0x85, 0x18, 0xc7, 0x10, 0x85, 
	0x10, 0x85, 0x08, 0x43, 0x08, 0x43, 0x10, 0x85, 
	0x10, 0x85, 0x10, 0x85, 0x18, 0xc7, 0x10, 0x85, 
	0x10, 0x85, 0x08, 0x43, 0x08, 0x43, 0x08, 0x43, 
	0x08, 0x43, 0x08, 0x43, 0x10, 0x85, 0x10, 0x85, 
	0x10, 0x85, 0x10, 0x85, 0x10, 0x85, 0x10, 0x85, 
	0x10, 0x85, 0x10, 0x85, 0x10, 0x85, 0x08, 0x43, 
	0x08, 0x43, 0x08, 0x43, 0x08, 0x43, 0x08, 0x43, 
	0x10, 0x85, 0x10, 0x85, 0x10, 0x85, 0x18, 0xc7, 
	0x10, 0x85, 0x10, 0x85, 0x08, 0x43, 0x08, 0x43, 
	0x10, 0x85, 0x10, 0x85, 0x10, 0x85, 0x18, 0xc7, 
	0x10, 0x85, 0x10, 0x85, 0x08, 0x43, 0x08, 0x43, 
	0x08, 0x43, 0x08, 0x43, 0x08, 0x43, 0x10, 0x85, 
	0x10, 0x85, 0x18, 0xc7, 0x10, 0x85, 0x10, 0x85, 
	0x10, 0x85, 0x10, 0x85, 0x10, 0x85, 0x10, 0x85, 
	0x08, 0x43, 0x08, 0x43, 0x08, 0x43, 0x08, 0x43, 
	0x08, 0x43, 0x10, 0x85, 0x10, 0x85, 0x10, 0x85, 
	0x10, 0x85, 0x10, 0x85, 0x10, 0x85, 0x08, 0x43, 
	0x08, 0x43, 0x10, 0x85, 0x10, 0x85, 0x10, 0x85, 
	0x10, 0x85, 0x10, 0x85, 0x10, 0x85, 0x08, 0x43, 
	0x08, 0x43, 0x08, 0x43, 0x08, 0x43, 0x08, 0x43, 
	0x10, 0x85, 0x10, 0x85, 0x10, 0x85, 0x10, 0x85, 
	0x18, 0xc7, 0x10, 0x85, 0x10, 0x85, 0x10, 0x85, 
	0x08, 0x43, 0x08, 0x43, 0x08, 0x43, 0x08, 0x43, 
	0x08, 0x43, 0x08, 0x43, 0x10, 0x85, 0x10, 0x85, 
	0x10, 0x85, 0x18, 0xc7, 0x10, 0x85, 0x10, 0x85, 
	0x08, 0x43, 0x08, 0x43, 0x10, 0x85, 0x10, 0x85, 
	0x10, 0x85, 0x10, 0x85, 0x10, 0x85, 0x10, 0x85, 
	0x08, 0x43, 0x08, 0x43, 0x08, 0x43, 0x08, 0x43, 
	0x10, 0x85, 0x10, 0x85, 0x10, 0x85, 0x10, 0x85, 
	0x10, 0x85, 0x18, 0xc7, 0x10, 0x85, 0x10, 0x85, 
	0x10, 0x85, 0x08, 0x43, 0x08, 0x43, 0x08, 0x43, 
	0x08, 0x43, 0x08, 0x43, 0x10, 0x85, 0x10, 0x85, 
	0x10, 0x85, 0x10, 0x85, 0x18, 0xc7, 0x10, 0x85, 
	0x08, 0x43, 0x08, 0x43, 0x10, 0x85, 0x10, 0x85, 
	0x10, 0x85, 0x18, 0xc7, 0x10, 0x85, 0x10, 0x85, 
	0x08, 0x43, 0x08, 0x43, 0x08, 0x43, 0x08, 0x43, 
	0x08, 0x43, 0x10, 0x85, 0x10, 0x85, 0x10, 0x85, 
	0x10, 0x85, 0x10, 0x85, 0x18, 0xc7, 0x10, 0x85, 
	0x10, 0x85, 0x10, 0x85, 0x08, 0x43, 0x08, 0x43, 
	0x08, 0x43, 0x08, 0x43, 0x08, 0x43, 0x10, 0x85, 
	0x10, 0x85, 0x10, 0x85, 0x10, 0x85, 0x10, 0x85, 
	0x10, 0x85, 0x08, 0x43, 0x08, 0x43, 0x08, 0x43, 
	0x10, 0x85, 0x10, 0x85, 0x10, 0x85, 0x10, 0x85, 
	0x10, 0x85, 0x08, 0x43, 0x08, 0x43, 0x08, 0x43, 
	0x08, 0x43, 0x08, 0x43, 0x08, 0x43, 0x10, 0x85, 
	0x10, 0x85, 0x10, 0x85, 0x10, 0x85, 0x18, 0xc7, 
	0x10, 0x85, 0x10, 0x85, 0x08, 0x43, 0x08, 0x43, 
	0x08, 0x43, 0x08, 0x43, 0x08, 0x43, 0x08, 0x43, 
	0x10, 0x85, 0x10, 0x85, 0x10, 0x85, 0x18, 0xc7, 
	0x10, 0x85, 0x08, 0x43, 0x08, 0x43, 0x08, 0x43, 
	0x10, 0x85, 0x10, 0x85, 0x10, 0x85, 0x10, 0x85, 
	0x10, 0x85, 0x10, 0x85, 0x08, 0x43, 0x08, 0x43, 
	0x08, 0x43, 0x08, 0x43, 0x08, 0x43, 0x10, 0x85, 
	0x10, 0x85, 0x10, 0x85, 0x10, 0x85, 0x10, 0x85, 
	0x18, 0xc7, 0x10, 0x85, 0x10, 0x85, 0x10, 0x85, 
	0x08, 0x43, 0x08, 0x43, 0x08, 0x43, 0x08, 0x43, 
	0x10, 0x85, 0x10, 0x85, 0x10, 0x85, 0x10, 0x85, 
	0x10, 0x85, 0x10, 0x85, 0x08, 0x43, 0x08, 0x43, 
	0x08, 0x43, 0x08, 0x43, 0x10, 0x85, 0x10, 0x85, 
	0x10, 0x85, 0x10, 0x85, 0x08, 0x43, 0x08, 0x43, 
	0x08, 0x43, 0x08, 0x43, 0x08, 0x43, 0x08, 0x43, 
	0x08, 0x43, 0x10, 0x85, 0x10, 0x85, 0x10, 0x85, 
	0x18, 0xc7, 0x10, 0x85, 0x10, 0x85, 0x10, 0x85, 
	0x08, 0x43, 0x08, 0x43, 0x08, 0x43, 0x08, 0x43, 
	0x10, 0x85, 0x10, 0x85, 0x10, 0x85, 0x10, 0x85, 
	0x18, 0xc7, 0x10, 0x85, 0x08, 0x43, 0x08, 0x43, 
	0x08, 0x43, 0x08, 0x43, 0x10, 0x85, 0x10, 0x85, 
	0x10, 0x85, 0x10, 0x85, 0x10, 0x85, 0x08, 0x43, 
	0x08, 0x43, 0x08, 0x43, 0x08, 0x43, 0x08, 0x43, 
	0x08, 0x43, 0x08, 0x43, 0x10, 0x85, 0x10, 0x85, 
	0x10, 0x85, 0x18, 0xc7, 0x10, 0x85, 0x10, 0x85, 
	0x10, 0x85, 0x08, 0x43, 0x08, 0x43, 0x08, 0x43, 
	0x10, 0x85, 0x10, 0x85, 0x10, 0x85, 0x10, 0x85, 
	0x18, 0xc7, 0x10, 0x85, 0x10, 0x85, 0x08, 0x43, 
	0x08, 0x43, 0x08, 0x43, 0x08, 0x43, 0x10, 0x85, 
	0x10, 0x85, 0x10, 0x85, 0x10, 0x85, 0x10, 0x85, 
	0x08, 0x43, 0x08, 0x43, 0x08, 0x43, 0x08, 0x43, 
	0x08, 0x43, 0x08, 0x43, 0x08, 0x43, 0x10, 0x85, 
	0x10, 0x85, 0x10, 0x85, 0x18, 0xc7, 0x10, 0x85, 
	0x10, 0x85, 0x10, 0x85, 0x08, 0x43, 0x08, 0x43, 
	0x08, 0x43, 0x10, 0x85, 0x10, 0x85, 0x10, 0x85, 
	0x10, 0x85, 0x18, 0xc7, 0x10, 0x85, 0x10, 0x85, 
	0x08, 0x43, 0x08, 0x43, 0x08, 0x43, 0x08, 0x43, 
	0x10, 0x85, 0x10, 0x85, 0x10, 0x85, 0x10, 0x85, 
	0x08, 0x43, 0x08, 0x43, 0x08, 0x43, 0x08, 0x43, 
	0x08, 0x43, 0x08, 0x43, 0x08, 0x43, 0x10, 0x85, 
	0x10, 0x85, 0x10, 0x85, 0x10, 0x85, 0x18, 0xc7, 
	0x10, 0x85, 0x10, 0x85, 0x10, 0x85, 0x08, 0x43, 
	0x08, 0x43, 0x10, 0x85, 0x10, 0x85, 0x10, 0x85, 
	0x10, 0x85, 0x18, 0xc7, 0x10, 0x85, 0x10, 0x85, 
	0x08, 0x43, 0x08, 0x43, 0x10, 0x85, 0x10, 0x85, 
	0x10, 0x85, 0x10, 0x85, 0x10, 0x85, 0x10, 0x85, 
	0x10, 0x85, 0x08, 0x43, 0x08, 0x43, 0x08, 0x43, 
	0x08, 0x43, 0x08, 0x43, 0x08, 0x43, 0x08, 0x43, 
	0x10, 0x85, 0x10, 0x85, 0x10, 0x85, 0x10, 0x85, 
	0x18, 0xc7, 0x10, 0x85, 0x10, 0x85, 0x10, 0x85, 
	0x08, 0x43, 0x10, 0x85, 0x10, 0x85, 0x10, 0x85, 
	0x10, 0x85, 0x18, 0xc7, 0x18, 0xc7, 0x10, 0x85, 
	0x10, 0x85, 0x08, 0x43, 0x08, 0x43, 0x10, 0x85, 
	0x10, 0x85, 0x10, 0x85, 0x10, 0x85, 0x10, 0x85, 
	0x10, 0x85, 0x10, 0x85, 0x08, 0x43, 0x08, 0x43, 
	0x08, 0x43, 0x08, 0x43, 0x08, 0x43, 0x08, 0x43, 
	0x08, 0x43, 0x10, 0x85, 0x10, 0x85, 0x10, 0x85, 
	0x10, 0x85, 0x18, 0xc7, 0x10, 0x85, 0x10, 0x85, 
	0x10, 0x85, 0x08, 0x43, 0x10, 0x85, 0x10, 0x85, 
	0x10, 0x85, 0x10, 0x85, 0x18, 0xc7, 0x10, 0x85, 
	0x10, 0x85, 0x10, 0x85, 0x08, 0x43, 0x10, 0x85, 
	0x10, 0x85, 0x10, 0x85, 0x10, 0x85, 0x10, 0x85, 
	0x10, 0x85, 0x10, 0x85, 0x10, 0x85, 0x08, 0x43, 
	0x08, 0x43, 0x08, 0x43, 0x08, 0x43, 0x08, 0x43, 
	0x08, 0x43, 0x08, 0x43, 0x10, 0x85, 0x10, 0x85, 
	0x10, 0x85, 0x10, 0x85, 0x18, 0xc7, 0x10, 0x85, 
	0x10, 0x85, 0x10, 0x85, 0x08, 0x43, 0x10, 0x85, 
	0x10, 0x85, 0x10, 0x85, 0x18, 0xc7, 0x18, 0xc7, 
	0x10, 0x85, 0x10, 0x85, 0x08, 0x43, 0x08, 0x43, 
	0x08, 0x43, 0x10, 0x85, 0x10, 0x85, 0x10, 0x85, 
	0x10, 0x85, 0x18, 0xc7, 0x10, 0x85, 0x10, 0x85, 
	0x10, 0x85, 0x08, 0x43, 0x08, 0x43, 0x08, 0x43, 
	0x08, 0x43, 0x08, 0x43, 0x10, 0x85, 0x10, 0x85, 
	0x10, 0x85, 0x10, 0x85, 0x10, 0x85, 0x18, 0xc7, 
	0x10, 0x85, 0x10, 0x85, 0x08, 0x43, 0x08, 0x43, 
	0x10, 0x85, 0x10, 0x85, 0x10, 0x85, 0x18, 0xc7, 
	0x18, 0xc7, 0x10, 0x85, 0x10, 0x85, 0x10, 0x85, 
	0x08, 0x43, 0x10, 0x85, 0x10, 0x85, 0x10, 0x85, 
	0x10, 0x85, 0x18, 0xc7, 0x10, 0x85, 0x10, 0x85, 
	0x10, 0x85, 0x08, 0x43, 0x08, 0x43, 0x08, 0x43, 
	0x08, 0x43, 0x08, 0x43, 0x08, 0x43, 0x10, 0x85, 
	0x10, 0x85, 0x10, 0x85, 0x10, 0x85, 0x18, 0xc7, 
	0x18, 0xc7, 0x10, 0x85, 0x10, 0x85, 0x08, 0x43, 
	0x10, 0x85, 0x10, 0x85, 0x10, 0x85, 0x10, 0x85, 
	0x18, 0xc7, 0x10, 0x85, 0x10, 0x85, 0x08, 0x43, 
	0x08, 0x43, 0x08, 0x43, 0x10, 0x85, 0x10, 0x85, 
	0x10, 0x85, 0x10, 0x85, 0x18, 0xc7, 0x10, 0x85, 
	0x10, 0x85, 0x10, 0x85, 0x08, 0x43, 0x08, 0x43, 
	0x08, 0x43, 0x08, 0x43, 0x08, 0x43, 0x08, 0x43, 
	0x10, 0x85, 0x10, 0x85, 0x10, 0x85, 0x10, 0x85, 
	0x18, 0xc7, 0x18, 0xc7, 0x10, 0x85, 0x10, 0x85, 
	0x10, 0x85, 0x10, 0x85, 0x10, 0x85, 0x10, 0x85, 
	0x10, 0x85, 0x18, 0xc7, 0x10, 0x85, 0x10, 0x85, 
	0x08, 0x43, 0x08, 0x43, 0x08, 0x43, 0x10, 0x85, 
	0x10, 0x85, 0x10, 0x85, 0x10, 0x85, 0x10, 0x85, 
	
};

Gfx hmc_dl_thi_1_0xe003020_custom_rgba16_rgba16_aligner[] = {gsSPEndDisplayList()};
u8 hmc_dl_thi_1_0xe003020_custom_rgba16_rgba16[] = {
	0xf8, 0x45, 0xf8, 0x45, 0xf0, 0x07, 0xf0, 0x07, 
	0xf0, 0x07, 0xf0, 0x07, 0xf0, 0x05, 0xf8, 0x05, 
	0xf0, 0x05, 0xf0, 0x05, 0xf0, 0x07, 0xf0, 0x07, 
	0xf0, 0x05, 0xf0, 0x05, 0xf0, 0x05, 0xf0, 0x05, 
	0xf0, 0x05, 0xf8, 0x05, 0xf8, 0x05, 0xf8, 0x07, 
	0xf8, 0x07, 0xf8, 0x07, 0xf8, 0x07, 0xf0, 0x07, 
	0xf0, 0x07, 0xf0, 0x07, 0xf0, 0x09, 0xf0, 0x07, 
	0xf0, 0x07, 0xf0, 0x47, 0xf8, 0x45, 0xf8, 0x45, 
	0xf0, 0x07, 0xf0, 0x07, 0xf0, 0x09, 0xf0, 0x07, 
	0xf0, 0x07, 0xf0, 0x07, 0xf0, 0x07, 0xf0, 0x07, 
	0xf0, 0x07, 0xf0, 0x07, 0xf0, 0x07, 0xf0, 0x07, 
	0xf0, 0x07, 0xf8, 0x05, 0xf8, 0x07, 0xf8, 0x07, 
	0xf8, 0x05, 0xf0, 0x07, 0xf0, 0x09, 0xf0, 0x07, 
	0xf0, 0x07, 0xf0, 0x05, 0xf0, 0x05, 0xf0, 0x07, 
	0xf0, 0x07, 0xf0, 0x09, 0xf0, 0x09, 0xf0, 0x09, 
	0xf0, 0x09, 0xf0, 0x07, 0xf0, 0x07, 0xf0, 0x07, 
	0xf0, 0x05, 0xf0, 0x05, 0xf0, 0x07, 0xf0, 0x05, 
	0xf0, 0x05, 0xf8, 0x05, 0xf8, 0x07, 0xf0, 0x07, 
	0xf0, 0x07, 0xf8, 0x05, 0xf8, 0x05, 0xf8, 0x07, 
	0xf8, 0x07, 0xf8, 0x47, 0xf8, 0x47, 0xf8, 0x07, 
	0xf8, 0x07, 0xf8, 0x47, 0xf8, 0x45, 0xf8, 0x45, 
	0xf0, 0x05, 0xf0, 0x05, 0xf0, 0x05, 0xf0, 0x05, 
	0xf0, 0x05, 0xf0, 0x07, 0xf0, 0x07, 0xf0, 0x07, 
	0xf0, 0x05, 0xf0, 0x05, 0xf8, 0x05, 0xf8, 0x05, 
	0xf8, 0x07, 0xf0, 0x05, 0xf0, 0x07, 0xf0, 0x05, 
	0xf0, 0x05, 0xf0, 0x07, 0xf8, 0x05, 0xf8, 0x07, 
	0xf8, 0x05, 0xf8, 0x47, 0xf8, 0x47, 0xf8, 0x47, 
	0xf8, 0x07, 0xf8, 0x47, 0xf0, 0x05, 0xf0, 0x05, 
	0xf8, 0x47, 0xf8, 0x45, 0xf8, 0x45, 0xf8, 0x47, 
	0xf8, 0x47, 0xf8, 0x45, 0xf8, 0x05, 0xf8, 0x05, 
	0xf8, 0x05, 0xf8, 0x05, 0xf8, 0x05, 0xf8, 0x05, 
	0xf8, 0x05, 0xf8, 0x05, 0xf8, 0x05, 0xf8, 0x07, 
	0xf8, 0x05, 0xf8, 0x05, 0xf0, 0x07, 0xf0, 0x07, 
	0xf8, 0x07, 0xf0, 0x07, 0xf8, 0x05, 0xf8, 0x05, 
	0xf8, 0x47, 0xf8, 0x47, 0xf8, 0x47, 0xf8, 0x47, 
	0xf8, 0x45, 0xf8, 0x45, 0xf8, 0x45, 0xf8, 0x45, 
	0xf8, 0x45, 0xf8, 0x45, 0xf8, 0x45, 0xf8, 0x45, 
	0xf8, 0x47, 0xf8, 0x47, 0xf8, 0x47, 0xf8, 0x07, 
	0xf8, 0x07, 0xf8, 0x07, 0xf8, 0x05, 0xf8, 0x05, 
	0xf8, 0x05, 0xf8, 0x05, 0xf8, 0x05, 0xf8, 0x07, 
	0xf8, 0x05, 0xf0, 0x05, 0xe8, 0x09, 0xf8, 0x07, 
	0xf8, 0x05, 0xf8, 0x05, 0xf8, 0x07, 0xf8, 0x07, 
	0xf8, 0x07, 0xf8, 0x07, 0xf8, 0x47, 0xf8, 0x47, 
	0xf8, 0x45, 0xf8, 0x45, 0xf9, 0x07, 0xf8, 0xc5, 
	0xf8, 0x45, 0xf8, 0x45, 0xf8, 0x47, 0xf8, 0x47, 
	0xf8, 0x47, 0xf8, 0x47, 0xf8, 0x05, 0xf8, 0x07, 
	0xf8, 0x05, 0xf8, 0x05, 0xf0, 0x05, 0xf0, 0x05, 
	0xf8, 0x05, 0xf8, 0x47, 0xf8, 0x47, 0xf8, 0x47, 
	0xf8, 0x05, 0xf0, 0x09, 0xf8, 0x47, 0xf8, 0x47, 
	0xf8, 0x07, 0xf8, 0x07, 0xf8, 0x07, 0xf8, 0x05, 
	0xf8, 0x07, 0xf8, 0x07, 0xf8, 0x07, 0xf8, 0x47, 
	0xf8, 0x47, 0xf8, 0x85, 0xf9, 0x07, 0xf9, 0x07, 
	0xf9, 0x07, 0xf8, 0x45, 0xf8, 0x45, 0xf8, 0x45, 
	0xf8, 0x47, 0xf8, 0x47, 0xf8, 0x45, 0xf8, 0x47, 
	0xf8, 0x47, 0xf8, 0x05, 0xf0, 0x05, 0xf8, 0x07, 
	0xf8, 0x47, 0xf8, 0x07, 0xf8, 0x47, 0xf8, 0x47, 
	0xf8, 0x07, 0xf8, 0x47, 0xf8, 0x47, 0xf8, 0x07, 
	0xf8, 0x05, 0xf8, 0x05, 0xf8, 0x05, 0xf8, 0x07, 
	0xf8, 0x05, 0xf8, 0x05, 0xf8, 0x07, 0xf8, 0x47, 
	0xf8, 0x45, 0xf8, 0xc5, 0xf8, 0x85, 0xf8, 0x45, 
	0xf8, 0x45, 0xf8, 0x45, 0xf8, 0x47, 0xf8, 0x47, 
	0xf8, 0x47, 0xf8, 0x47, 0xf8, 0x47, 0xf8, 0x45, 
	0xf8, 0x47, 0xf8, 0x07, 0xf8, 0x07, 0xf8, 0x07, 
	0xf8, 0x47, 0xf8, 0x07, 0xf8, 0x07, 0xf8, 0x47, 
	0xf8, 0x07, 0xf8, 0x45, 0xf8, 0x05, 0xf8, 0x05, 
	0xf8, 0x05, 0xf8, 0x07, 0xf0, 0x05, 0xf0, 0x05, 
	0xf8, 0x07, 0xf0, 0x07, 0xf8, 0x05, 0xf8, 0x07, 
	0xf8, 0x45, 0xf8, 0x45, 0xf8, 0x03, 0xf8, 0x05, 
	0xf8, 0x05, 0xf0, 0x07, 0xf8, 0x07, 0xf8, 0x47, 
	0xf8, 0x47, 0xf8, 0x47, 0xf8, 0x07, 0xf8, 0x45, 
	0xf8, 0x05, 0xf8, 0x07, 0xf0, 0x05, 0xf8, 0x07, 
	0xf8, 0x07, 0xf0, 0x05, 0xf0, 0x05, 0xf8, 0x07, 
	0xf8, 0x05, 0xf0, 0x05, 0xf8, 0x05, 0xf0, 0x05, 
	0xf0, 0x05, 0xf0, 0x07, 0xf0, 0x07, 0xf0, 0x07, 
	0xf0, 0x09, 0xf0, 0x09, 0xf0, 0x07, 0xf0, 0x07, 
	0xf0, 0x07, 0xf0, 0x07, 0xf0, 0x05, 0xf8, 0x05, 
	0xf0, 0x05, 0xf8, 0x07, 0xf8, 0x07, 0xf8, 0x07, 
	0xf8, 0x07, 0xf8, 0x47, 0xf8, 0x07, 0xf8, 0x45, 
	0xf8, 0x05, 0xf0, 0x07, 0xf0, 0x07, 0xf0, 0x07, 
	0xf0, 0x07, 0xf0, 0x09, 0xf0, 0x07, 0xf0, 0x05, 
	0xf0, 0x07, 0xf0, 0x09, 0xe0, 0x07, 0xe8, 0x09, 
	0xf0, 0x09, 0xf0, 0x09, 0xf0, 0x09, 0xf0, 0x09, 
	0xf0, 0x09, 0xf0, 0x09, 0xf0, 0x09, 0xf0, 0x09, 
	0xf0, 0x09, 0xf0, 0x07, 0xf0, 0x09, 0xe8, 0x09, 
	0xf0, 0x09, 0xf8, 0x07, 0xf8, 0x05, 0xf8, 0x07, 
	0xf8, 0x07, 0xf8, 0x07, 0xf8, 0x05, 0xf0, 0x05, 
	0xf0, 0x05, 0xf0, 0x09, 0xe8, 0x09, 0xf0, 0x09, 
	0xf0, 0x09, 0xf0, 0x09, 0xf0, 0x07, 0xf0, 0x07, 
	0xe8, 0x07, 0xe0, 0x07, 0xe0, 0x07, 0xe8, 0x09, 
	0xe8, 0x09, 0xe8, 0x09, 0xf0, 0x09, 0xf0, 0x09, 
	0xf0, 0x09, 0xe8, 0x09, 0xe8, 0x09, 0xf0, 0x09, 
	0xf0, 0x09, 0xf0, 0x09, 0xf0, 0x09, 0xf0, 0x09, 
	0xf8, 0x07, 0xf8, 0x05, 0xf8, 0x05, 0xf8, 0x05, 
	0xf8, 0x05, 0xf0, 0x05, 0xf0, 0x09, 0xe8, 0x09, 
	0xe0, 0x07, 0xe0, 0x07, 0xe0, 0x07, 0xe8, 0x09, 
	0xf0, 0x09, 0xf0, 0x09, 0xf0, 0x09, 0xf0, 0x07, 
	0xe0, 0x07, 0xe8, 0x09, 0xe0, 0x07, 0xe0, 0x07, 
	0xe0, 0x07, 0xe0, 0x07, 0xe8, 0x09, 0xe8, 0x09, 
	0xe8, 0x09, 0xf0, 0x09, 0xf0, 0x09, 0xf0, 0x09, 
	0xf0, 0x09, 0xe8, 0x09, 0xf0, 0x09, 0xf0, 0x07, 
	0xf8, 0x05, 0xf8, 0x05, 0xf8, 0x03, 0xf8, 0x05, 
	0xf8, 0x03, 0xf8, 0x05, 0xf0, 0x05, 0xf0, 0x07, 
	0xe8, 0x07, 0xe8, 0x09, 0xf0, 0x07, 0xf0, 0x07, 
	0xf0, 0x09, 0xf0, 0x09, 0xf0, 0x09, 0xe0, 0x07, 
	0xf0, 0x09, 0xf0, 0x09, 0xf0, 0x09, 0xf0, 0x09, 
	0xf0, 0x09, 0xf0, 0x07, 0xe8, 0x07, 0xe8, 0x07, 
	0xf0, 0x09, 0xf0, 0x09, 0xf0, 0x07, 0xf0, 0x07, 
	0xf0, 0x07, 0xf0, 0x07, 0xf0, 0x05, 0xf8, 0x07, 
	0xf0, 0x07, 0xf8, 0x07, 0xf8, 0x05, 0xf8, 0x05, 
	0xf8, 0x03, 0xf8, 0x05, 0xf8, 0x07, 0xe8, 0x07, 
	0xe8, 0x07, 0xf0, 0x07, 0xf8, 0x47, 0xf0, 0x05, 
	0xf0, 0x07, 0xe8, 0x09, 0xe0, 0x07, 0xe0, 0x07, 
	0xf8, 0x07, 0xf8, 0x07, 0xf8, 0x45, 0xf8, 0x47, 
	0xf8, 0x47, 0xf8, 0x05, 0xf8, 0x05, 0xf8, 0x05, 
	0xf8, 0x07, 0xf8, 0x07, 0xf0, 0x07, 0xf0, 0x07, 
	0xf0, 0x07, 0xf0, 0x05, 0xf8, 0x05, 0xf0, 0x07, 
	0xf8, 0x07, 0xf8, 0x07, 0xf8, 0x05, 0xf8, 0x05, 
	0xf8, 0x07, 0xf8, 0x07, 0xe0, 0x07, 0xe8, 0x05, 
	0xf8, 0x45, 0xf8, 0x45, 0xf8, 0x47, 0xf0, 0x09, 
	0xf0, 0x09, 0xf0, 0x07, 0xf0, 0x09, 0xf0, 0x07, 
	0xf8, 0x45, 0xf8, 0x45, 0xf8, 0x45, 0xf8, 0x47, 
	0xf8, 0x05, 0xf8, 0x05, 0xf8, 0x07, 0xf8, 0x47, 
	0xf8, 0x47, 0xf0, 0x07, 0xf0, 0x07, 0xf0, 0x07, 
	0xf0, 0x05, 0xf8, 0x07, 0xf8, 0x05, 0xf0, 0x07, 
	0xf0, 0x07, 0xe8, 0x07, 0xf0, 0x07, 0xf0, 0x09, 
	0xf0, 0x07, 0xe8, 0x09, 0xf8, 0x45, 0xf9, 0x07, 
	0xf8, 0x85, 0xf8, 0x45, 0xf8, 0x45, 0xf8, 0x45, 
	0xf8, 0x47, 0xf8, 0x05, 0xf8, 0x07, 0xf8, 0x45, 
	0xf8, 0x45, 0xf8, 0x47, 0xf8, 0x47, 0xf8, 0x47, 
	0xf8, 0x07, 0xf0, 0x05, 0xf8, 0x05, 0xf8, 0x47, 
	0xf8, 0x07, 0xf8, 0x07, 0xf0, 0x07, 0xf8, 0x07, 
	0xf8, 0x07, 0xf0, 0x05, 0xf0, 0x07, 0xf0, 0x07, 
	0xe8, 0x09, 0xe8, 0x05, 0xe8, 0x07, 0xf0, 0x07, 
	0xf0, 0x07, 0xf8, 0x85, 0xf8, 0xc5, 0xf8, 0x45, 
	0xf8, 0x47, 0xf8, 0x45, 0xf8, 0x45, 0xf8, 0x45, 
	0xf8, 0x45, 0xf8, 0x47, 0xf8, 0x47, 0xf8, 0x47, 
	0xf8, 0x47, 0xf8, 0x47, 0xf8, 0x47, 0xf8, 0x07, 
	0xf0, 0x07, 0xf8, 0x07, 0xf8, 0x07, 0xf8, 0x07, 
	0xf8, 0x05, 0xf0, 0x05, 0xf8, 0x07, 0xf8, 0x05, 
	0xf8, 0x05, 0xf0, 0x07, 0xf0, 0x05, 0xf8, 0x47, 
	0xf8, 0x45, 0xf8, 0x47, 0xf8, 0x45, 0xf8, 0x85, 
	0xf9, 0x07, 0xf8, 0xc5, 0xf8, 0x45, 0xf8, 0x45, 
	0xf8, 0x45, 0xf8, 0x45, 0xf8, 0x45, 0xf8, 0x45, 
	0xf8, 0x45, 0xf8, 0x85, 0xf8, 0x45, 0xf8, 0x45, 
	0xf8, 0x47, 0xf8, 0x07, 0xf8, 0x07, 0xf8, 0x47, 
	0xf8, 0x87, 0xf8, 0x85, 0xf8, 0x45, 0xf8, 0x47, 
	0xf8, 0x05, 0xf8, 0x03, 0xf8, 0x05, 0xf8, 0x05, 
	0xf0, 0x05, 0xf0, 0x07, 0xf8, 0x05, 0xf8, 0x47, 
	0xf0, 0x07, 0xf8, 0x45, 0xf8, 0x45, 0xf8, 0x45, 
	0xf8, 0x45, 0xf8, 0x45, 0xf8, 0x45, 0xf8, 0x45, 
	0xf8, 0x45, 0xf8, 0x45, 0xf8, 0x45, 0xf8, 0x45, 
	0xf8, 0x45, 0xf8, 0x45, 0xf8, 0x47, 0xf8, 0x07, 
	0xf8, 0x47, 0xf8, 0x07, 0xf8, 0x07, 0xf8, 0x07, 
	0xf8, 0x07, 0xf8, 0x47, 0xf8, 0x47, 0xf8, 0x07, 
	0xf8, 0x05, 0xf0, 0x07, 0xf0, 0x05, 0xf0, 0x05, 
	0xe8, 0x09, 0xe8, 0x07, 0xf8, 0x07, 0xf0, 0x07, 
	0xe8, 0x07, 0xf8, 0x47, 0xf8, 0x45, 0xf8, 0x45, 
	0xf8, 0x45, 0xf8, 0x45, 0xf8, 0xc5, 0xf8, 0xc5, 
	0xf8, 0x85, 0xf8, 0xc5, 0xf8, 0x45, 0xf8, 0x45, 
	0xf8, 0x47, 0xf8, 0x05, 0xf8, 0x05, 0xf8, 0x05, 
	0xf8, 0x07, 0xf8, 0x07, 0xf8, 0x07, 0xf8, 0x07, 
	0xf8, 0x05, 0xf0, 0x05, 0xf0, 0x05, 0xf8, 0x05, 
	0xf8, 0x05, 0xf0, 0x05, 0xf0, 0x07, 0xe8, 0x07, 
	0xe0, 0x07, 0xe8, 0x07, 0xf0, 0x07, 0xf0, 0x05, 
	0xf8, 0x47, 0xf8, 0x07, 0xf8, 0x47, 0xf8, 0x47, 
	0xf8, 0x45, 0xf8, 0xc5, 0xf9, 0x07, 0xf9, 0x07, 
	0xf9, 0x07, 0xf8, 0xc5, 0xf8, 0x47, 0xf8, 0x47, 
	0xf8, 0x07, 0xf8, 0x05, 0xf0, 0x05, 0xf0, 0x07, 
	0xf0, 0x07, 0xf8, 0x07, 0xf8, 0x07, 0xf8, 0x05, 
	0xf8, 0x05, 0xf0, 0x07, 0xf0, 0x07, 0xf0, 0x05, 
	0xf0, 0x05, 0xf0, 0x07, 0xe8, 0x07, 0xe0, 0x07, 
	0xe8, 0x07, 0xf8, 0x05, 0xf8, 0x47, 0xf0, 0x05, 
	0xf8, 0x05, 0xf8, 0x47, 0xf8, 0x47, 0xf8, 0x47, 
	0xf8, 0x45, 0xf8, 0x45, 0xf8, 0x45, 0xf8, 0x45, 
	0xf8, 0x45, 0xf8, 0x47, 0xf8, 0x07, 0xf8, 0x07, 
	0xf0, 0x05, 0xf0, 0x05, 0xf0, 0x09, 0xf0, 0x09, 
	0xf0, 0x09, 0xf0, 0x07, 0xf0, 0x07, 0xf0, 0x07, 
	0xf8, 0x05, 0xf0, 0x07, 0xf0, 0x05, 0xf0, 0x09, 
	0xf0, 0x09, 0xf0, 0x09, 0xe0, 0x07, 0xe0, 0x07, 
	0xf0, 0x07, 0xf8, 0x05, 0xf0, 0x05, 0xf0, 0x09, 
	0xf0, 0x09, 0xf0, 0x07, 0xf8, 0x45, 0xf8, 0x47, 
	0xf8, 0x47, 0xf8, 0x05, 0xf8, 0x05, 0xf8, 0x47, 
	0xf8, 0x47, 0xf8, 0x47, 0xf8, 0x05, 0xf8, 0x05, 
	0xf0, 0x05, 0xe8, 0x09, 0xe0, 0x07, 0xe0, 0x07, 
	0xf0, 0x09, 0xf0, 0x09, 0xf0, 0x05, 0xf8, 0x03, 
	0xf8, 0x05, 0xf8, 0x07, 0xf0, 0x07, 0xf0, 0x07, 
	0xe0, 0x07, 0xe0, 0x07, 0xe0, 0x07, 0xf0, 0x05, 
	0xf8, 0x45, 0xf8, 0x07, 0xf0, 0x07, 0xf0, 0x09, 
	0xf0, 0x07, 0xf0, 0x09, 0xe8, 0x07, 0xf0, 0x07, 
	0xf8, 0x05, 0xf8, 0x45, 0xf8, 0x45, 0xf8, 0x47, 
	0xf8, 0x47, 0xf8, 0x05, 0xf8, 0x05, 0xf8, 0x05, 
	0xf0, 0x07, 0xe0, 0x07, 0xe8, 0x07, 0xf0, 0x07, 
	0xf8, 0x07, 0xf8, 0x07, 0xf8, 0x07, 0xf8, 0x05, 
	0xf8, 0x05, 0xf8, 0x07, 0xf8, 0x07, 0xf8, 0x05, 
	0xf0, 0x05, 0xf0, 0x05, 0xf0, 0x05, 0xf0, 0x05, 
	0xe8, 0x09, 0xe0, 0x07, 0xe8, 0x09, 0xf0, 0x09, 
	0xf0, 0x09, 0xf0, 0x07, 0xf0, 0x05, 0xf0, 0x07, 
	0xf0, 0x05, 0xf8, 0x05, 0xf8, 0x05, 0xf8, 0x07, 
	0xf8, 0x07, 0xf8, 0x05, 0xf8, 0x05, 0xf0, 0x07, 
	0xf0, 0x07, 0xf0, 0x07, 0xf8, 0x07, 0xf8, 0x05, 
	0xf8, 0x47, 0xf8, 0x07, 0xf8, 0x07, 0xf8, 0x07, 
	0xf8, 0x05, 0xf8, 0x05, 0xf8, 0x05, 0xf8, 0x03, 
	0xf8, 0x05, 0xf8, 0x03, 0xf8, 0x05, 0xf0, 0x07, 
	0xf0, 0x07, 0xf0, 0x09, 0xf0, 0x09, 0xf0, 0x07, 
	0xf0, 0x07, 0xf0, 0x05, 0xf0, 0x05, 0xf8, 0x05, 
	0xf8, 0x05, 0xf8, 0x05, 0xf8, 0x05, 0xf8, 0x05, 
	0xf8, 0x05, 0xf8, 0x07, 0xf8, 0x05, 0xf8, 0x05, 
	0xf8, 0x45, 0xf8, 0x47, 0xf8, 0x47, 0xf8, 0x47, 
	0xf8, 0x47, 0xf8, 0x45, 0xf8, 0x47, 0xf8, 0x47, 
	0xf8, 0x45, 0xf8, 0x47, 0xf8, 0x47, 0xf8, 0x47, 
	0xf8, 0x07, 0xf8, 0x07, 0xf8, 0x05, 0xf8, 0x05, 
	0xf8, 0x05, 0xf0, 0x05, 0xf0, 0x05, 0xf0, 0x05, 
	0xf8, 0x07, 0xf8, 0x05, 0xf8, 0x05, 0xf8, 0x05, 
	0xf8, 0x07, 0xf8, 0x07, 0xf8, 0x05, 0xf8, 0x47, 
	0xf8, 0x47, 0xf8, 0x05, 0xf8, 0x05, 0xf8, 0x45, 
	0xf8, 0x45, 0xf8, 0x45, 0xf8, 0x07, 0xf8, 0x07, 
	0xf8, 0x47, 0xf8, 0x47, 0xf8, 0x47, 0xf8, 0x45, 
	0xf8, 0x45, 0xf8, 0x45, 0xf8, 0x45, 0xf8, 0x47, 
	0xf8, 0x47, 0xf8, 0x47, 0xf8, 0x47, 0xf8, 0x07, 
	0xf8, 0x05, 0xf8, 0x05, 0xf8, 0x05, 0xf8, 0x05, 
	0xf8, 0x05, 0xf8, 0x03, 0xf8, 0x05, 0xf8, 0x07, 
	0xf8, 0x07, 0xf8, 0x47, 0xf8, 0x47, 0xf8, 0x47, 
	0xf8, 0x07, 0xf0, 0x05, 0xf8, 0x85, 0xf8, 0xc5, 
	0xf8, 0xc5, 0xf8, 0x45, 0xf8, 0x47, 0xf8, 0x07, 
	0xf8, 0xc7, 0xf8, 0x45, 0xf8, 0x45, 0xf8, 0x45, 
	0xf8, 0x45, 0xf8, 0x45, 0xf8, 0x45, 0xf8, 0x45, 
	0xf8, 0x45, 0xf8, 0x47, 0xf8, 0x47, 0xf8, 0x07, 
	0xf8, 0x07, 0xf8, 0x07, 0xf8, 0x07, 0xf8, 0x07, 
	0xf8, 0x07, 0xf8, 0x07, 0xf8, 0x07, 0xf8, 0x07, 
	0xf8, 0x47, 0xf8, 0x47, 0xf8, 0x47, 0xf8, 0x05, 
	0xf8, 0x05, 0xf8, 0xc7, 0xf9, 0x07, 0xf9, 0x07, 
	0xf8, 0x45, 0xf8, 0x45, 0xf8, 0x47, 0xf8, 0x47, 
	0xf8, 0xc5, 0xf8, 0xc5, 0xf8, 0x85, 0xf8, 0x85, 
	0xf8, 0x85, 0xf8, 0x45, 0xf8, 0x45, 0xf8, 0x45, 
	0xf8, 0x45, 0xf8, 0x45, 0xf8, 0x47, 0xf8, 0x47, 
	0xf8, 0x47, 0xf8, 0x07, 0xf8, 0x07, 0xf8, 0x07, 
	0xf8, 0x07, 0xf8, 0x07, 0xf8, 0x07, 0xf8, 0x47, 
	0xf8, 0x47, 0xf8, 0x45, 0xf8, 0x45, 0xf8, 0x47, 
	0xf8, 0x85, 0xf9, 0x07, 0xf9, 0x07, 0xf8, 0xc5, 
	0xf8, 0x45, 0xf8, 0x45, 0xf8, 0x45, 0xf8, 0x45, 
	0xf8, 0x45, 0xf8, 0x85, 0xf8, 0xc5, 0xf8, 0x45, 
	0xf8, 0x45, 0xf8, 0x45, 0xf8, 0x45, 0xf8, 0x45, 
	0xf8, 0x47, 0xf8, 0x47, 0xf8, 0x47, 0xf8, 0x47, 
	0xf8, 0x07, 0xf8, 0x07, 0xf8, 0x05, 0xf8, 0x05, 
	0xf8, 0x05, 0xf8, 0x05, 0xf8, 0x07, 0xf8, 0x47, 
	0xf8, 0x47, 0xf8, 0x47, 0xf8, 0x45, 0xf8, 0x45, 
	0xf8, 0x45, 0xf8, 0x45, 0xf8, 0xc5, 0xf8, 0x45, 
	0xf8, 0x45, 0xf8, 0x45, 0xf8, 0x47, 0xf8, 0x45, 
	0xf8, 0x45, 0xf8, 0x45, 0xf8, 0x45, 0xf8, 0x45, 
	0xf8, 0x45, 0xf8, 0x45, 0xf8, 0x45, 0xf8, 0x47, 
	0xf8, 0x45, 0xf8, 0x47, 0xf8, 0x07, 0xf8, 0x07, 
	0xf8, 0x05, 0xf8, 0x05, 0xf8, 0x05, 0xf8, 0x05, 
	0xf8, 0x05, 0xf8, 0x05, 0xf8, 0x07, 0xf8, 0x07, 
	0xf8, 0x07, 0xf8, 0x07, 0xf8, 0x47, 0xf8, 0x47, 
	0xf8, 0x45, 0xf8, 0xc5, 0xf8, 0x85, 0xf8, 0x45, 
	0xf8, 0x45, 0xf8, 0x45, 0xf8, 0x45, 0xf8, 0x45, 
	
};

Gfx hmc_dl_thi_1_0xe003820_custom_rgba16_rgba16_aligner[] = {gsSPEndDisplayList()};
u8 hmc_dl_thi_1_0xe003820_custom_rgba16_rgba16[] = {
	0xe8, 0x01, 0xea, 0x41, 0xc0, 0x01, 0xd0, 0x41, 
	0xe0, 0xc1, 0xc8, 0x01, 0xc0, 0x01, 0xc8, 0x01, 
	0xe8, 0x81, 0xd0, 0x01, 0xd0, 0x01, 0xb8, 0x01, 
	0xa8, 0x01, 0xf4, 0x41, 0xfd, 0x49, 0x90, 0x01, 
	0xc0, 0x41, 0xfc, 0x43, 0xf2, 0x81, 0xe1, 0x41, 
	0xf1, 0x41, 0xfc, 0x41, 0xfa, 0x81, 0xc8, 0x01, 
	0x88, 0x01, 0x78, 0x01, 0xb0, 0x01, 0xea, 0x01, 
	0xf4, 0x41, 0xfe, 0xd3, 0xfd, 0x03, 0xc0, 0x01, 
	0xd9, 0x01, 0xd0, 0x01, 0xb0, 0x01, 0xb8, 0x01, 
	0xc0, 0x01, 0xd0, 0x01, 0xc8, 0x01, 0xa8, 0x01, 
	0xe8, 0x41, 0xd0, 0x01, 0xd8, 0x01, 0xe8, 0x01, 
	0xe2, 0x01, 0xfb, 0x41, 0xf2, 0x01, 0xfe, 0x11, 
	0xfb, 0x81, 0xff, 0x5d, 0xfb, 0x01, 0xe9, 0xc1, 
	0xfa, 0x81, 0xf9, 0x81, 0xf0, 0x01, 0xd0, 0x01, 
	0x98, 0x01, 0x78, 0x01, 0xb8, 0x01, 0xc0, 0x81, 
	0xb0, 0x01, 0xfd, 0x01, 0xfd, 0x01, 0xf3, 0xc1, 
	0xb0, 0x01, 0xb0, 0x01, 0xc8, 0x01, 0xd0, 0x01, 
	0xf1, 0x01, 0xf9, 0xc1, 0xf9, 0xc1, 0xc0, 0x01, 
	0xc8, 0x01, 0xe0, 0x01, 0xe0, 0x01, 0xe8, 0x81, 
	0xe9, 0x41, 0xe8, 0x01, 0xe9, 0x41, 0xff, 0xa3, 
	0xfe, 0xd3, 0xf4, 0x83, 0xfe, 0xcf, 0xe8, 0x01, 
	0xf1, 0x81, 0xf9, 0xc1, 0xf9, 0x41, 0xd0, 0x01, 
	0x90, 0x01, 0x90, 0x01, 0xb8, 0x01, 0xeb, 0x01, 
	0xa0, 0x01, 0xc0, 0x01, 0xd0, 0x41, 0xb8, 0x01, 
	0xc0, 0x01, 0xc0, 0x01, 0xe8, 0x41, 0xe8, 0x01, 
	0xe0, 0x01, 0xf9, 0x81, 0xfa, 0x01, 0xf0, 0xc1, 
	0xf1, 0x81, 0xe0, 0xc1, 0xe8, 0x01, 0xd8, 0x01, 
	0xe0, 0x01, 0xfb, 0xc1, 0xfb, 0x81, 0xfe, 0x55, 
	0xf5, 0x03, 0xd0, 0x01, 0xe1, 0x41, 0xe0, 0x41, 
	0xc8, 0x01, 0xe1, 0x41, 0xd9, 0x01, 0x98, 0x01, 
	0x90, 0x01, 0xb0, 0x01, 0xe0, 0x41, 0xfd, 0xd7, 
	0xc0, 0x01, 0xc0, 0x01, 0xc8, 0x01, 0xb0, 0x01, 
	0xfe, 0xd3, 0xf4, 0x07, 0xd8, 0x01, 0xe8, 0x41, 
	0xe0, 0x01, 0xf8, 0x41, 0xf0, 0x41, 0xe8, 0xc1, 
	0xd0, 0x01, 0xd0, 0x01, 0xd0, 0x01, 0xd8, 0x01, 
	0xd8, 0x41, 0xf1, 0x01, 0xea, 0x01, 0xeb, 0x81, 
	0xe3, 0x01, 0xd0, 0x01, 0xf4, 0x47, 0xe0, 0xc1, 
	0xd8, 0x01, 0xc0, 0x01, 0xd0, 0x41, 0xb0, 0x01, 
	0xb8, 0x01, 0xd0, 0x01, 0xd8, 0x01, 0xfb, 0x03, 
	0xf0, 0x81, 0xd8, 0x01, 0xd0, 0x01, 0xeb, 0x41, 
	0xe8, 0x41, 0xf5, 0x4f, 0xc0, 0x01, 0xf1, 0xc1, 
	0xf0, 0x81, 0xe0, 0x01, 0xe0, 0x41, 0xe0, 0x01, 
	0xd0, 0x01, 0xc8, 0x01, 0xe0, 0x01, 0xe0, 0x01, 
	0xd0, 0x81, 0xea, 0x41, 0xb8, 0x01, 0xa0, 0x01, 
	0xa8, 0x01, 0xd0, 0xc1, 0xf3, 0x41, 0xb8, 0x01, 
	0xd8, 0x01, 0xc8, 0x01, 0xd0, 0x41, 0xe8, 0x81, 
	0xe8, 0xc1, 0xf0, 0x41, 0xf0, 0x01, 0xf9, 0xc1, 
	0xf9, 0x01, 0xf0, 0x81, 0xd8, 0x01, 0xfc, 0x41, 
	0xc8, 0x01, 0xea, 0x81, 0xc8, 0x41, 0xfa, 0x01, 
	0xf9, 0xc1, 0xf9, 0x41, 0xd8, 0x01, 0xd8, 0x01, 
	0xd8, 0x01, 0xc8, 0x01, 0xd0, 0x01, 0xd0, 0x01, 
	0xd2, 0x01, 0xda, 0x41, 0xd9, 0x41, 0xd0, 0xc1, 
	0xa0, 0x41, 0xd0, 0x41, 0xea, 0x01, 0xe8, 0x81, 
	0xd0, 0x41, 0xd0, 0x81, 0xd8, 0x41, 0xf0, 0x01, 
	0xf8, 0x01, 0xfa, 0xc1, 0xfa, 0x85, 0xff, 0x6b, 
	0xe8, 0x01, 0xe8, 0x01, 0xf3, 0x01, 0xc0, 0x01, 
	0xa0, 0x01, 0xa8, 0x01, 0xea, 0x41, 0xd8, 0x01, 
	0xd0, 0x01, 0xe0, 0x01, 0xe0, 0x01, 0xd8, 0x01, 
	0xc8, 0x01, 0xe0, 0x01, 0xf0, 0x01, 0xc8, 0x01, 
	0xd9, 0x41, 0xd9, 0x01, 0xd9, 0x81, 0xd0, 0x01, 
	0xc8, 0x01, 0xd8, 0x41, 0xd0, 0xc1, 0xc8, 0x01, 
	0xc0, 0x01, 0xd8, 0x41, 0xe0, 0xc1, 0xe8, 0x81, 
	0xf8, 0x41, 0xf8, 0x01, 0xfe, 0x09, 0xfe, 0xd9, 
	0xf8, 0x01, 0xf0, 0x01, 0xfb, 0x01, 0xc8, 0x01, 
	0xb8, 0x81, 0xa8, 0x01, 0xfb, 0xc1, 0xe0, 0x01, 
	0xc0, 0x01, 0xd0, 0x01, 0xd0, 0x01, 0xe0, 0x01, 
	0xd8, 0x01, 0xf0, 0x01, 0xe8, 0xc1, 0xd8, 0x01, 
	0xe8, 0x81, 0xe9, 0x41, 0xd8, 0x41, 0xd8, 0x41, 
	0xd8, 0xc1, 0xfb, 0x81, 0xc9, 0x01, 0xb8, 0x01, 
	0xa8, 0x01, 0xb0, 0x41, 0xe9, 0x41, 0xe0, 0xc1, 
	0xf0, 0x41, 0xf8, 0x01, 0xfd, 0x03, 0xfa, 0xc3, 
	0xf8, 0x01, 0xfa, 0x41, 0xfd, 0x41, 0xe9, 0x81, 
	0xe0, 0xc1, 0xd0, 0x41, 0xf9, 0x01, 0xe8, 0x41, 
	0xe8, 0x01, 0xe8, 0x01, 0xf0, 0x01, 0xe8, 0x01, 
	0xd8, 0x01, 0xd8, 0x01, 0xf0, 0xc1, 0xe8, 0x01, 
	0xf0, 0x41, 0xe1, 0x01, 0xd0, 0x81, 0xd0, 0x81, 
	0xe1, 0x81, 0xf0, 0x41, 0xc1, 0x01, 0x98, 0x01, 
	0xa0, 0x41, 0xc0, 0x01, 0xe0, 0x01, 0xe8, 0x41, 
	0xe0, 0x01, 0xf8, 0x01, 0xfc, 0xc1, 0xf9, 0xc1, 
	0xfa, 0x81, 0xf8, 0xc1, 0xf0, 0x01, 0xf1, 0xc1, 
	0xd0, 0x01, 0xe0, 0x01, 0xe0, 0x01, 0xf0, 0x01, 
	0xf0, 0x01, 0xf0, 0x01, 0xf8, 0x01, 0xf0, 0x01, 
	0xe8, 0x41, 0xf0, 0x81, 0xe8, 0x01, 0xe0, 0x01, 
	0xe0, 0x01, 0xe0, 0x81, 0xc8, 0x01, 0xf4, 0x0f, 
	0xfb, 0xc9, 0xc0, 0x01, 0xc0, 0xc1, 0xa0, 0x01, 
	0xa8, 0x41, 0xd0, 0x41, 0xe0, 0x01, 0xf0, 0xc1, 
	0xe8, 0x01, 0xf8, 0x01, 0xfb, 0x41, 0xf9, 0x41, 
	0xfb, 0x81, 0xf8, 0x41, 0xf9, 0x01, 0xe8, 0x01, 
	0xe8, 0x01, 0xb8, 0x01, 0xb0, 0x01, 0xd0, 0x01, 
	0xea, 0x41, 0xf9, 0x01, 0xfa, 0x01, 0xf8, 0x41, 
	0xf8, 0x01, 0xf8, 0x01, 0xf0, 0x01, 0xf0, 0x01, 
	0xe0, 0x01, 0xe8, 0x01, 0xe9, 0xc1, 0xfd, 0x51, 
	0xc0, 0x01, 0xb0, 0x01, 0xe3, 0x41, 0xc8, 0x01, 
	0xd0, 0x01, 0xd8, 0x01, 0xe0, 0x01, 0xe0, 0x01, 
	0xe0, 0x01, 0xe8, 0x01, 0xf8, 0x01, 0xf0, 0x01, 
	0xf9, 0x01, 0xf8, 0x01, 0xfc, 0xd3, 0xfe, 0x09, 
	0xfa, 0x01, 0xb0, 0x01, 0xa8, 0x01, 0xa0, 0x01, 
	0xd0, 0x41, 0xf0, 0x41, 0xfb, 0x41, 0xff, 0x21, 
	0xfa, 0x81, 0xf8, 0x01, 0xf8, 0x01, 0xf8, 0x01, 
	0xf0, 0x01, 0xe8, 0x01, 0xf1, 0xc1, 0xff, 0x67, 
	0xc0, 0x01, 0xa8, 0x01, 0x98, 0x01, 0xc0, 0x01, 
	0xc0, 0x01, 0xd0, 0x01, 0xd8, 0x01, 0xc8, 0x01, 
	0xc0, 0x01, 0xf0, 0x01, 0xf0, 0x01, 0xe0, 0x01, 
	0xf0, 0x01, 0xf0, 0x01, 0xf0, 0xc1, 0xfd, 0x81, 
	0xf8, 0x01, 0xa8, 0x01, 0x98, 0x01, 0x98, 0x01, 
	0xa8, 0x01, 0xc0, 0x01, 0xe8, 0x01, 0xf0, 0x81, 
	0xf9, 0x01, 0xf0, 0x01, 0xf0, 0x01, 0xf8, 0x01, 
	0xf0, 0x01, 0xe0, 0x01, 0xe8, 0x81, 0xf1, 0xc5, 
	0xfd, 0xdb, 0xfc, 0x83, 0xa8, 0x01, 0x80, 0x01, 
	0xc8, 0x01, 0xc8, 0x01, 0xd0, 0x01, 0xb8, 0x01, 
	0xc0, 0x01, 0xd8, 0x01, 0xe0, 0x01, 0xe8, 0x01, 
	0xe8, 0x01, 0xe8, 0x01, 0xf8, 0x01, 0xf8, 0x01, 
	0xf0, 0x01, 0xb8, 0x01, 0xa0, 0x01, 0x98, 0x41, 
	0x98, 0x01, 0xa8, 0x01, 0xf0, 0x01, 0xf8, 0x01, 
	0xfa, 0x81, 0xf0, 0xc1, 0xf0, 0x01, 0xf0, 0x01, 
	0xf0, 0x01, 0xd8, 0x01, 0xd8, 0x01, 0xfc, 0x41, 
	0xfe, 0x55, 0xff, 0xab, 0xe1, 0x01, 0x68, 0x01, 
	0x68, 0x01, 0x98, 0x01, 0xe8, 0x01, 0xb0, 0x01, 
	0xd0, 0x01, 0xf0, 0x01, 0xe0, 0x01, 0xe0, 0x01, 
	0xe8, 0x01, 0xe0, 0x01, 0xe8, 0x01, 0xf8, 0x01, 
	0xf1, 0x01, 0xd0, 0x41, 0xb0, 0x41, 0xa0, 0x01, 
	0xa8, 0x01, 0xc0, 0x01, 0xd0, 0x01, 0xe8, 0x01, 
	0xe8, 0x41, 0xe8, 0x41, 0xe8, 0x41, 0xd0, 0x01, 
	0xc0, 0x01, 0xd0, 0x01, 0xc8, 0x01, 0xe0, 0xc1, 
	0xc0, 0x01, 0xfe, 0x93, 0xe9, 0x01, 0x80, 0x01, 
	0x70, 0x01, 0x80, 0x01, 0xd8, 0x01, 0xa8, 0x01, 
	0xd0, 0x01, 0xe0, 0x01, 0xd8, 0x01, 0xd8, 0x01, 
	0xe8, 0x01, 0xf0, 0x01, 0xf8, 0x01, 0xe8, 0x01, 
	0xe9, 0x41, 0xf0, 0x41, 0xd0, 0x03, 0xb0, 0x01, 
	0xa8, 0x01, 0xb8, 0x01, 0xb8, 0x01, 0xa8, 0x01, 
	0xa8, 0x01, 0xa8, 0x01, 0xc8, 0x81, 0xd9, 0x45, 
	0xa8, 0x01, 0xd8, 0x01, 0xe8, 0x01, 0xd0, 0x01, 
	0xd0, 0x01, 0xf2, 0x01, 0xb0, 0x01, 0x88, 0x01, 
	0x68, 0x01, 0x78, 0x01, 0xa0, 0x01, 0xa8, 0x01, 
	0xc0, 0x01, 0xf0, 0x01, 0xe8, 0x01, 0xf0, 0x01, 
	0xf0, 0x01, 0xf8, 0x01, 0xf8, 0x01, 0xe0, 0x01, 
	0xd9, 0x41, 0xd8, 0x01, 0xd0, 0x03, 0xd8, 0x05, 
	0xc8, 0x03, 0xc8, 0x03, 0xc0, 0x03, 0x90, 0x01, 
	0x80, 0x01, 0x88, 0x01, 0x98, 0x01, 0xe9, 0xc3, 
	0xe0, 0x01, 0xf8, 0x01, 0xe8, 0x01, 0xe8, 0x01, 
	0xd8, 0x01, 0xea, 0x01, 0xe9, 0x81, 0x80, 0x01, 
	0x68, 0x01, 0x50, 0x01, 0x68, 0x01, 0x70, 0x01, 
	0xd8, 0x01, 0xd8, 0x01, 0xe0, 0x01, 0xd0, 0x01, 
	0xc0, 0x01, 0xf8, 0x01, 0xf8, 0x01, 0xf9, 0x81, 
	0xc0, 0x01, 0xc8, 0x01, 0xd8, 0x03, 0xe8, 0x49, 
	0xe0, 0x47, 0xc8, 0x03, 0xb8, 0x03, 0x80, 0x01, 
	0x70, 0x01, 0x78, 0x01, 0x80, 0x01, 0xf3, 0xcf, 
	0xe8, 0x01, 0xf0, 0x01, 0xf0, 0x01, 0xe8, 0x01, 
	0xd8, 0x01, 0xd8, 0x41, 0xea, 0xc1, 0xb0, 0x01, 
	0x50, 0x01, 0x48, 0x01, 0x60, 0x01, 0x68, 0x01, 
	0xd0, 0x01, 0xc8, 0x01, 0xc0, 0x01, 0xe8, 0x01, 
	0xb8, 0x01, 0xd0, 0x01, 0xd0, 0x01, 0xc8, 0x41, 
	0xe0, 0x03, 0xd8, 0x03, 0xe0, 0x05, 0xe0, 0x47, 
	0xe0, 0x47, 0xb0, 0x01, 0x88, 0x01, 0x70, 0x01, 
	0x68, 0x01, 0x70, 0x01, 0x80, 0x01, 0x90, 0x01, 
	0xd0, 0x01, 0xf8, 0xc1, 0xf8, 0xc1, 0xe8, 0x41, 
	0xd8, 0x01, 0xb0, 0x01, 0xd0, 0x81, 0xd9, 0x81, 
	0x50, 0x01, 0x48, 0x01, 0x58, 0x01, 0x60, 0x01, 
	0xa0, 0x01, 0xc0, 0x01, 0xc0, 0x01, 0xe0, 0x01, 
	0xc0, 0x01, 0xc0, 0x01, 0xc8, 0x01, 0xd8, 0x83, 
	0xf8, 0x05, 0xf0, 0x03, 0xd0, 0x03, 0xd0, 0x03, 
	0xe0, 0x47, 0xb8, 0x01, 0x88, 0x01, 0x68, 0x01, 
	0x68, 0x01, 0x68, 0x01, 0x88, 0x01, 0x90, 0x01, 
	0xb8, 0x01, 0xfe, 0x15, 0xe8, 0x01, 0xe0, 0x01, 
	0xc0, 0x01, 0xb8, 0x01, 0xe8, 0x81, 0xa0, 0x01, 
	0xf5, 0x09, 0x68, 0x01, 0x58, 0x01, 0x70, 0x01, 
	0x88, 0x01, 0xa0, 0x01, 0xc8, 0x01, 0xc8, 0x01, 
	0xb0, 0x01, 0xb8, 0x01, 0xd0, 0x01, 0xf8, 0x05, 
	0xf8, 0x05, 0xf8, 0x03, 0xd0, 0x03, 0xd0, 0x03, 
	0xc0, 0x01, 0xb0, 0x01, 0x90, 0x01, 0x70, 0x01, 
	0x70, 0x01, 0x70, 0x01, 0x80, 0x01, 0x88, 0x01, 
	0xa8, 0x01, 0xfe, 0x95, 0xd8, 0x41, 0xb0, 0x01, 
	0xa8, 0x01, 0xc0, 0x01, 0xf1, 0x41, 0xe0, 0x41, 
	0xfc, 0x81, 0x78, 0x01, 0x68, 0x01, 0x70, 0x01, 
	0x88, 0x01, 0x80, 0x01, 0xb0, 0x01, 0xca, 0x41, 
	0xa0, 0x01, 0xa8, 0x01, 0xd0, 0x01, 0xf8, 0x01, 
	0xe8, 0x03, 0xf0, 0x03, 0xd8, 0x01, 0xb0, 0x01, 
	0xa0, 0x41, 0x98, 0x01, 0xa0, 0x01, 0x78, 0x01, 
	0x70, 0x01, 0x70, 0x01, 0x80, 0x01, 0x88, 0x01, 
	0xc8, 0x01, 0xe9, 0x81, 0xe9, 0x41, 0xfd, 0x4d, 
	0xa8, 0x01, 0xb8, 0x01, 0xe9, 0x01, 0xe9, 0x01, 
	0xfb, 0x41, 0xd0, 0x01, 0x70, 0x01, 0x70, 0x01, 
	0x88, 0x01, 0xa0, 0x41, 0xa8, 0x01, 0xc0, 0x01, 
	0xa0, 0x01, 0xa8, 0x01, 0xd0, 0x01, 0xd8, 0x01, 
	0xd8, 0x01, 0xe0, 0x01, 0xd8, 0x01, 0xa8, 0x41, 
	0xa0, 0xc1, 0x90, 0x01, 0x88, 0x01, 0x80, 0x01, 
	0x70, 0x01, 0x70, 0x01, 0x78, 0x01, 0x80, 0x01, 
	0x80, 0x01, 0x80, 0x01, 0xd8, 0x41, 0xd8, 0x01, 
	0xd9, 0x01, 0xc8, 0x81, 0xd0, 0x41, 0xe8, 0x01, 
	0xfb, 0x01, 0xfc, 0x09, 0xb0, 0x01, 0x78, 0x01, 
	0x88, 0x01, 0x88, 0x01, 0xa0, 0x01, 0xd8, 0x81, 
	0xb1, 0x01, 0xb0, 0x01, 0xd0, 0x01, 0xd0, 0x01, 
	0xc8, 0xc1, 0xc8, 0x01, 0xd0, 0x01, 0xa0, 0x01, 
	0xa8, 0xc1, 0xa0, 0x41, 0x88, 0x01, 0x88, 0x41, 
	0x80, 0x01, 0x78, 0x01, 0x78, 0x01, 0x80, 0x01, 
	0x88, 0x01, 0x88, 0x01, 0x90, 0x01, 0x90, 0x01, 
	0xc8, 0x01, 0xfe, 0xdb, 0xd8, 0x01, 0xe8, 0x81, 
	0xf8, 0xc1, 0xe1, 0x01, 0xe9, 0x81, 0x70, 0x01, 
	0x80, 0x01, 0x88, 0x01, 0x98, 0x01, 0xa8, 0x01, 
	0x88, 0x01, 0xc8, 0x01, 0xd8, 0x81, 0xd1, 0x81, 
	0xc0, 0x01, 0xc0, 0x01, 0xc8, 0x01, 0xc0, 0x01, 
	0xb8, 0x01, 0x98, 0x01, 0x88, 0x01, 0x98, 0x81, 
	0x88, 0x01, 0x88, 0x41, 0x80, 0x01, 0x88, 0x01, 
	0x88, 0x01, 0x90, 0x01, 0x98, 0x01, 0xb8, 0x01, 
	0xd8, 0x01, 0xf3, 0xc1, 0xd8, 0x01, 0xf1, 0x41, 
	0xe1, 0x01, 0xe1, 0x81, 0xfe, 0x9d, 0xb0, 0x01, 
	0x88, 0x01, 0x78, 0x01, 0x80, 0x01, 0x88, 0x01, 
	0x98, 0x41, 0x88, 0x01, 0x98, 0x01, 0xa8, 0x41, 
	0xb8, 0x41, 0xd8, 0x41, 0xe8, 0x81, 0xe0, 0x01, 
	0xea, 0x81, 0xd9, 0x01, 0x88, 0x01, 0x90, 0x41, 
	0x90, 0x01, 0x90, 0x81, 0x90, 0x01, 0x98, 0x01, 
	0x90, 0x01, 0x98, 0x01, 0xa0, 0x01, 0xd8, 0x01, 
	0xf0, 0x01, 0xfd, 0x41, 0xf0, 0x81, 0xd8, 0x81, 
	0xd0, 0x81, 0xec, 0x03, 0xff, 0x61, 0xf3, 0x41, 
	0xd8, 0x01, 0xe9, 0x81, 0x68, 0x01, 0x70, 0x01, 
	0x88, 0x01, 0x80, 0x01, 0x88, 0x01, 0x90, 0x01, 
	0xc8, 0x81, 0xe0, 0x41, 0xd0, 0x01, 0xd0, 0x01, 
	0xe8, 0x01, 0xfb, 0xc1, 0xc0, 0x81, 0x88, 0x01, 
	0xb8, 0x81, 0xb0, 0xc1, 0x98, 0x01, 0x98, 0x01, 
	0x90, 0x01, 0x98, 0x01, 0xd8, 0x01, 0xf8, 0x01, 
	0xf0, 0x41, 0xff, 0xa7, 0xfe, 0x13, 0xf4, 0x41, 
	0xeb, 0x81, 0xe3, 0x41, 0xff, 0x5d, 0xf5, 0x97, 
	0xb0, 0x01, 0xd8, 0x01, 0xf2, 0x43, 0x70, 0x01, 
	0x68, 0x01, 0x88, 0x01, 0xa0, 0x01, 0xa0, 0x01, 
	0xe1, 0x81, 0xd0, 0x01, 0xd0, 0x01, 0xd0, 0x01, 
	0xe0, 0x01, 0xf2, 0x01, 0xb0, 0x01, 0xb8, 0x01, 
	0xe3, 0x41, 0xb9, 0x41, 0x98, 0x01, 0x90, 0x01, 
	0x88, 0x01, 0x90, 0x01, 0xd0, 0x01, 0xf0, 0x01, 
	0xf0, 0x41, 0xff, 0x65, 0xc8, 0x01, 0xa8, 0x01, 
	0xd8, 0x81, 0xff, 0x63, 0xfe, 0x55, 0xfd, 0xcf, 
	0xc8, 0x01, 0xfc, 0x01, 0xe9, 0x43, 0x78, 0x01, 
	0x78, 0x01, 0xe0, 0x81, 0xe8, 0x41, 0xd8, 0x01, 
	0xfd, 0x81, 0xc0, 0x01, 0xe0, 0x41, 0xd8, 0x01, 
	0xd8, 0x01, 0xe0, 0x81, 0xd0, 0x41, 0xb0, 0x01, 
	0xd2, 0x01, 0xa8, 0x01, 0xa8, 0x41, 0x90, 0x01, 
	0x98, 0x01, 0xa0, 0x01, 0xc8, 0x01, 0xd0, 0x41, 
	0xf1, 0x01, 0xf0, 0x81, 0xc8, 0x01, 0x98, 0x01, 
	0x90, 0x01, 0xd8, 0x81, 0xea, 0xc1, 0xec, 0x01, 
	0xfb, 0x81, 0xc0, 0x01, 0x80, 0x01, 0x70, 0x01, 
	0x70, 0x01, 0xb0, 0x01, 0xfc, 0xc1, 0xfd, 0x01, 
	0xf4, 0x81, 0xc0, 0x01, 0xe8, 0x81, 0xe8, 0x01, 
	0xf1, 0x01, 0xd0, 0x01, 0xf4, 0x41, 0xfc, 0x81, 
	0xe0, 0x81, 0xd0, 0x01, 0xc8, 0x41, 0xd0, 0x41, 
	0xd8, 0xc1, 0xb0, 0x01, 0xa8, 0x01, 0xc0, 0x01, 
	0xe1, 0x01, 0xf1, 0x81, 0xe0, 0x81, 0xa8, 0x01, 
	0x98, 0x01, 0xb8, 0x01, 0xfd, 0x43, 0xfd, 0xcb, 
	0xf2, 0x41, 0xe0, 0xc1, 0x78, 0x01, 0x60, 0x01, 
	0x60, 0x01, 0xa0, 0x01, 0xd0, 0x01, 0xfb, 0x81, 
	0xea, 0x01, 0xd8, 0x81, 0xe8, 0xc1, 0xf9, 0x81, 
	0xf1, 0x41, 0xd0, 0x01, 0xd8, 0x01, 0xf3, 0x81, 
	0xe9, 0xc1, 0xe0, 0x01, 0xd0, 0x01, 0xc8, 0x41, 
	0xc0, 0x01, 0xe2, 0x03, 0xb0, 0x01, 0x98, 0x01, 
	0xb0, 0x01, 0xfd, 0xc1, 0xf1, 0xc1, 0xc0, 0x01, 
	0xd0, 0x81, 0xd8, 0x01, 0xfd, 0x01, 0xe1, 0x41, 
	0x90, 0x01, 0x88, 0x01, 0x68, 0x01, 0x80, 0x01, 
	0xd0, 0xc3, 0xe1, 0x81, 0xfb, 0x41, 0xd0, 0x41, 
	
};

Gfx hmc_dl_thi_1_0xe004820_custom_rgba16_rgba16_aligner[] = {gsSPEndDisplayList()};
u8 hmc_dl_thi_1_0xe004820_custom_rgba16_rgba16[] = {
	0xd1, 0x07, 0xd9, 0x07, 0xd0, 0xc7, 0xc8, 0xc7, 
	0xc8, 0xc7, 0xd1, 0x07, 0xd1, 0x07, 0xd0, 0xc7, 
	0xd1, 0x07, 0xd0, 0xc7, 0xc8, 0xc5, 0xd1, 0x07, 
	0xd1, 0x07, 0xc8, 0xc7, 0xc8, 0xc7, 0xd1, 0x07, 
	0xd9, 0x07, 0xd1, 0x07, 0xc8, 0xc7, 0xc8, 0xc7, 
	0xc8, 0xc7, 0xc8, 0xc7, 0xc8, 0xc5, 0xd1, 0x07, 
	0xd1, 0x07, 0xd1, 0x07, 0xc0, 0xc5, 0xd1, 0x07, 
	0xd1, 0x07, 0xc8, 0xc7, 0xd1, 0x07, 0xc8, 0xc5, 
	0xd0, 0xc7, 0xd1, 0x07, 0xc8, 0xc5, 0xd1, 0x07, 
	0xc0, 0x87, 0xc8, 0xc7, 0xd9, 0x07, 0xc8, 0xc7, 
	0xc8, 0xc7, 0xc8, 0xc5, 0xd1, 0x07, 0xd1, 0x07, 
	0xd0, 0xc7, 0xc9, 0x07, 0xd1, 0x07, 0xd1, 0x07, 
	0xc8, 0xc7, 0xd1, 0x07, 0xd1, 0x07, 0xd9, 0x07, 
	0xc8, 0xc7, 0xd1, 0x07, 0xd1, 0x07, 0xd0, 0xc7, 
	0xd1, 0x07, 0xd1, 0x07, 0xd0, 0xc7, 0xc8, 0xc7, 
	0xd1, 0x07, 0xc8, 0xc7, 0xc8, 0xc7, 0xc8, 0xc7, 
	0xc8, 0xc7, 0xc8, 0xc5, 0xd1, 0x07, 0xc8, 0xc5, 
	0xc8, 0xc7, 0xc0, 0x87, 0xd1, 0x07, 0xc8, 0x87, 
	0xc8, 0xc7, 0xc0, 0xc7, 0xc8, 0xc7, 0xc8, 0xc7, 
	0xd1, 0x07, 0xd1, 0x07, 0xd1, 0x07, 0xc8, 0xc5, 
	0xd0, 0xc7, 0xd1, 0x07, 0xd9, 0x47, 0xd1, 0x07, 
	0xd1, 0x07, 0xd1, 0x07, 0xd1, 0x07, 0xd1, 0x07, 
	0xd1, 0x07, 0xc8, 0xc7, 0xd1, 0x07, 0xc8, 0xc7, 
	0xd1, 0x07, 0xc8, 0xc7, 0xc8, 0xc5, 0xc8, 0xc7, 
	0xc9, 0x07, 0xd1, 0x07, 0xc8, 0xc7, 0xc8, 0xc5, 
	0xd0, 0xc7, 0xc8, 0xc7, 0xc8, 0xc7, 0xc8, 0xc7, 
	0xc8, 0xc7, 0xc8, 0xc7, 0xc8, 0xc7, 0xc8, 0x87, 
	0xd1, 0x07, 0xd1, 0x07, 0xc0, 0x87, 0xc0, 0x87, 
	0xc8, 0xc5, 0xc8, 0xc7, 0xc8, 0xc7, 0xc8, 0xc7, 
	0xd1, 0x07, 0xd1, 0x07, 0xd1, 0x07, 0xd1, 0x07, 
	0xd1, 0x07, 0xc8, 0xc7, 0xd1, 0x07, 0xd1, 0x07, 
	0xd1, 0x07, 0xd1, 0x07, 0xc8, 0xc7, 0xc0, 0x87, 
	0xc8, 0xc7, 0xd0, 0xc7, 0xc8, 0xc7, 0xc0, 0x87, 
	0xc0, 0xc7, 0xc0, 0xc7, 0xc8, 0xc7, 0xd1, 0x07, 
	0xc8, 0xc7, 0xd1, 0x07, 0xc8, 0xc5, 0xc9, 0x07, 
	0xd0, 0xc7, 0xd1, 0x07, 0xc0, 0x87, 0xc8, 0xc7, 
	0xd9, 0x07, 0xd1, 0x07, 0xc8, 0xc7, 0xd0, 0xc7, 
	0xc8, 0xc7, 0xd0, 0xc7, 0xd1, 0x07, 0xd0, 0xc7, 
	0xc8, 0xc7, 0xc8, 0xc7, 0xd0, 0xc7, 0xd1, 0x07, 
	0xc0, 0xc7, 0xc0, 0x87, 0xc8, 0xc7, 0xc0, 0xc7, 
	0xc8, 0xc7, 0xd0, 0xc7, 0xd0, 0xc7, 0xc8, 0x87, 
	0xc8, 0xc7, 0xc8, 0xc7, 0xc8, 0xc7, 0xc8, 0xc7, 
	0xc8, 0xc7, 0xd1, 0x07, 0xd1, 0x07, 0xd1, 0x07, 
	0xd0, 0xc7, 0xc8, 0xc7, 0xc8, 0xc7, 0xd1, 0x07, 
	0xd1, 0x07, 0xc8, 0xc7, 0xd0, 0xc7, 0xd1, 0x07, 
	0xc8, 0xc5, 0xd1, 0x07, 0xd1, 0x07, 0xd1, 0x07, 
	0xc8, 0xc7, 0xc8, 0xc7, 0xc8, 0xc7, 0xd0, 0xc7, 
	0xd1, 0x07, 0xc8, 0xc7, 0xd1, 0x07, 0xc8, 0xc7, 
	0xc8, 0xc5, 0xc8, 0xc7, 0xc8, 0xc7, 0xd1, 0x07, 
	0xd1, 0x07, 0xc8, 0xc7, 0xc8, 0xc5, 0xd1, 0x07, 
	0xd1, 0x07, 0xc8, 0xc7, 0xc8, 0xc7, 0xc0, 0x87, 
	0xc8, 0xc5, 0xc8, 0xc7, 0xc8, 0x87, 0xd1, 0x07, 
	0xd1, 0x07, 0xc8, 0xc7, 0xc8, 0xc7, 0xd1, 0x47, 
	0xd1, 0x07, 0xc8, 0xc7, 0xc0, 0x87, 0xc8, 0xc7, 
	0xd0, 0xc7, 0xc9, 0x07, 0xc0, 0x87, 0xc0, 0x87, 
	0xd1, 0x07, 0xd1, 0x07, 0xc8, 0xc7, 0xc8, 0xc5, 
	0xc0, 0x87, 0xc8, 0xc7, 0xc8, 0xc5, 0xd1, 0x07, 
	0xc8, 0xc7, 0xc9, 0x07, 0xd1, 0x07, 0xc8, 0xc7, 
	0xc8, 0xc7, 0xc8, 0xc7, 0xc8, 0xc7, 0xc0, 0x87, 
	0xc0, 0x87, 0xc8, 0x87, 0xc8, 0xc7, 0xc0, 0x87, 
	0xc8, 0xc7, 0xd1, 0x07, 0xd0, 0xc7, 0xc0, 0xc7, 
	0xc8, 0xc7, 0xc8, 0xc7, 0xc0, 0xc7, 0xc8, 0xc7, 
	0xc8, 0xc5, 0xd1, 0x07, 0xc8, 0xc7, 0xc8, 0xc5, 
	0xc8, 0xc7, 0xc8, 0xc7, 0xd1, 0x07, 0xc8, 0xc5, 
	0xc8, 0xc7, 0xc8, 0xc7, 0xc8, 0xc7, 0xd0, 0xc7, 
	0xc8, 0xc7, 0xc8, 0xc5, 0xd1, 0x47, 0xc9, 0x07, 
	0xd0, 0xc7, 0xc8, 0xc7, 0xc8, 0xc7, 0xd0, 0xc7, 
	0xc8, 0xc7, 0xc0, 0x87, 0xc0, 0x87, 0xc0, 0x87, 
	0xd0, 0xc7, 0xd1, 0x07, 0xc8, 0xc7, 0xc0, 0x87, 
	0xc0, 0xc7, 0xc8, 0xc7, 0xc0, 0xc7, 0xc8, 0xc7, 
	0xd0, 0xc7, 0xd0, 0xc7, 0xd1, 0x07, 0xd1, 0x07, 
	0xc0, 0x87, 0xc0, 0xc7, 0xc8, 0xc7, 0xc8, 0xc5, 
	0xc8, 0xc7, 0xc8, 0xc7, 0xc8, 0xc7, 0xd0, 0xc7, 
	0xc8, 0xc7, 0xd1, 0x07, 0xc8, 0xc7, 0xc8, 0xc7, 
	0xd0, 0xc7, 0xd1, 0x07, 0xd1, 0x07, 0xd1, 0x07, 
	0xd1, 0x07, 0xc8, 0xc7, 0xb8, 0x87, 0xd0, 0xc7, 
	0xd0, 0xc7, 0xd0, 0xc7, 0xd0, 0xc7, 0xc8, 0xc7, 
	0xd1, 0x07, 0xd0, 0xc7, 0xc8, 0xc7, 0xc8, 0xc7, 
	0xd1, 0x07, 0xc8, 0xc7, 0xd1, 0x07, 0xd1, 0x07, 
	0xd0, 0xc7, 0xc8, 0xc7, 0xd0, 0xc7, 0xc9, 0x07, 
	0xd1, 0x07, 0xd1, 0x07, 0xd1, 0x07, 0xc8, 0xc7, 
	0xd1, 0x07, 0xd1, 0x07, 0xd1, 0x07, 0xd1, 0x07, 
	0xd1, 0x07, 0xd0, 0xc7, 0xd1, 0x07, 0xd1, 0x07, 
	0xd1, 0x07, 0xd1, 0x07, 0xd1, 0x07, 0xd1, 0x07, 
	0xd1, 0x07, 0xc8, 0xc7, 0xc8, 0xc5, 0xd0, 0xc7, 
	0xd1, 0x07, 0xc8, 0xc7, 0xc8, 0xc7, 0xc0, 0x87, 
	0xc8, 0xc5, 0xc8, 0xc7, 0xc8, 0xc7, 0xc0, 0x87, 
	0xc8, 0xc5, 0xc8, 0xc7, 0xd1, 0x07, 0xd1, 0x47, 
	0xd9, 0x47, 0xd1, 0x07, 0xc8, 0xc7, 0xc8, 0xc7, 
	0xd1, 0x07, 0xd1, 0x07, 0xd1, 0x07, 0xd1, 0x07, 
	0xd1, 0x07, 0xc8, 0xc7, 0xd1, 0x07, 0xc8, 0xc7, 
	0xd1, 0x07, 0xd1, 0x07, 0xd1, 0x07, 0xd1, 0x07, 
	0xd1, 0x07, 0xc8, 0xc7, 0xc8, 0xc7, 0xc0, 0xc7, 
	0xd0, 0xc7, 0xc8, 0xc7, 0xc8, 0xc7, 0xc0, 0xc7, 
	0xc8, 0xc7, 0xc8, 0xc5, 0xc8, 0xc7, 0xc0, 0x87, 
	0xc0, 0x87, 0xd1, 0x07, 0xc8, 0xc5, 0xd1, 0x07, 
	0xd1, 0x07, 0xd1, 0x07, 0xd0, 0xc7, 0xd1, 0x07, 
	0xd1, 0x07, 0xd0, 0xc7, 0xc8, 0xc7, 0xd1, 0x07, 
	0xd1, 0x07, 0xc8, 0xc7, 0xd1, 0x07, 0xc9, 0x07, 
	0xc8, 0xc7, 0xd1, 0x07, 0xd0, 0xc7, 0xd1, 0x07, 
	0xd1, 0x07, 0xd9, 0x47, 0xc8, 0x87, 0xc8, 0xc5, 
	0xc8, 0xc7, 0xc8, 0xc7, 0xb8, 0x87, 0xc8, 0xc7, 
	0xd1, 0x07, 0xd1, 0x07, 0xc8, 0xc7, 0xc8, 0xc7, 
	0xc8, 0xc7, 0xc8, 0xc5, 0xd1, 0x07, 0xd0, 0xc7, 
	0xd1, 0x07, 0xc8, 0xc7, 0xc8, 0xc7, 0xd1, 0x07, 
	0xd1, 0x07, 0xd0, 0xc7, 0xd0, 0xc7, 0xc8, 0xc7, 
	0xc8, 0xc7, 0xc8, 0xc7, 0xd1, 0x07, 0xd1, 0x07, 
	0xc8, 0xc7, 0xc8, 0xc5, 0xd0, 0xc7, 0xc8, 0xc7, 
	0xd0, 0xc7, 0xd0, 0xc7, 0xd1, 0x07, 0xd1, 0x07, 
	0xc0, 0x87, 0xc8, 0xc7, 0xc8, 0xc7, 0xd1, 0x07, 
	0xd1, 0x07, 0xd1, 0x07, 0xd1, 0x07, 0xc8, 0xc7, 
	0xc8, 0xc5, 0xd0, 0xc7, 0xd1, 0x07, 0xd1, 0x07, 
	0xc8, 0xc7, 0xc0, 0xc7, 0xc0, 0xc7, 0xd1, 0x07, 
	0xc8, 0xc7, 0xd1, 0x07, 0xd1, 0x47, 0xd1, 0x07, 
	0xc8, 0xc5, 0xc8, 0xc7, 0xd0, 0xc7, 0xd1, 0x07, 
	0xc8, 0xc7, 0xc8, 0xc7, 0xc8, 0x87, 0xc8, 0x87, 
	0xc0, 0xc9, 0xc0, 0xc7, 0xd1, 0x07, 0xd1, 0x07, 
	0xc0, 0x87, 0xc0, 0xc7, 0xc8, 0xc7, 0xd1, 0x07, 
	0xd1, 0x07, 0xd1, 0x07, 0xd0, 0xc7, 0xc8, 0xc7, 
	0xc8, 0xc5, 0xc8, 0xc7, 0xd1, 0x07, 0xd1, 0x47, 
	0xd1, 0x07, 0xd1, 0x07, 0xd1, 0x07, 0xd0, 0xc7, 
	0xc8, 0xc7, 0xc8, 0xc7, 0xd1, 0x07, 0xd0, 0xc7, 
	0xd0, 0xc7, 0xc8, 0xc7, 0xd0, 0xc7, 0xc8, 0xc5, 
	0xc8, 0xc7, 0xc8, 0x87, 0xc8, 0xc7, 0xc8, 0xc7, 
	0xc8, 0xc7, 0xc8, 0xc7, 0xc8, 0xc7, 0xd1, 0x07, 
	0xd0, 0xc7, 0xd1, 0x07, 0xd0, 0xc7, 0xc8, 0xc7, 
	0xd0, 0xc7, 0xc8, 0xc7, 0xd0, 0xc7, 0xd1, 0x07, 
	0xd1, 0x07, 0xd0, 0xc7, 0xc8, 0xc7, 0xd0, 0xc7, 
	0xd1, 0x07, 0xd1, 0x07, 0xd1, 0x07, 0xc8, 0xc7, 
	0xc8, 0xc7, 0xd0, 0xc7, 0xd1, 0x07, 0xd1, 0x07, 
	0xd1, 0x07, 0xd1, 0x07, 0xc8, 0xc7, 0xc8, 0x87, 
	0xc8, 0xc5, 0xc8, 0xc7, 0xc0, 0x87, 0xc8, 0xc5, 
	0xc8, 0x87, 0xc8, 0xc7, 0xc0, 0x87, 0xc8, 0xc7, 
	0xd1, 0x07, 0xd1, 0x07, 0xd1, 0x07, 0xd1, 0x07, 
	0xd0, 0xc7, 0xc8, 0xc7, 0xd0, 0xc7, 0xd1, 0x07, 
	0xd1, 0x07, 0xc8, 0x87, 0xc8, 0xc5, 0xc0, 0xc7, 
	0xc0, 0xc7, 0xd1, 0x47, 0xd1, 0x07, 0xd0, 0xc7, 
	0xd1, 0x07, 0xd1, 0x07, 0xd1, 0x07, 0xc9, 0x07, 
	0xd0, 0xc7, 0xd1, 0x07, 0xd1, 0x07, 0xc8, 0xc7, 
	0xd1, 0x07, 0xd0, 0xc7, 0xc8, 0xc7, 0xc8, 0x87, 
	0xc0, 0x87, 0xd0, 0xc7, 0xc8, 0xc5, 0xc8, 0xc7, 
	0xd1, 0x07, 0xd1, 0x07, 0xc0, 0xc5, 0xc8, 0xc7, 
	0xd1, 0x07, 0xd9, 0x47, 0xd1, 0x07, 0xc8, 0xc5, 
	0xc8, 0xc7, 0xc8, 0xc7, 0xc0, 0x87, 0xd0, 0xc7, 
	0xd0, 0xc7, 0xc8, 0xc5, 0xd1, 0x07, 0xd1, 0x07, 
	0xd1, 0x07, 0xd1, 0x07, 0xd0, 0xc7, 0xc8, 0xc5, 
	0xd1, 0x07, 0xd1, 0x07, 0xd0, 0xc7, 0xc0, 0x87, 
	0xd1, 0x07, 0xd1, 0x07, 0xd0, 0xc7, 0xc8, 0xc7, 
	0xc8, 0xc7, 0xc9, 0x07, 0xd1, 0x07, 0xc8, 0xc7, 
	0xd1, 0x07, 0xd1, 0x07, 0xc8, 0xc7, 0xc8, 0xc7, 
	0xc8, 0xc5, 0xc8, 0xc7, 0xd1, 0x07, 0xd0, 0xc7, 
	0xd0, 0xc7, 0xc8, 0xc7, 0xc8, 0xc7, 0xc8, 0xc7, 
	0xd1, 0x07, 0xd1, 0x07, 0xc8, 0xc7, 0xd0, 0xc7, 
	0xd1, 0x07, 0xc8, 0xc7, 0xc8, 0xc7, 0xc8, 0xc7, 
	0xd0, 0xc7, 0xd0, 0xc7, 0xc8, 0xc7, 0xc8, 0xc7, 
	0xd0, 0xc7, 0xd1, 0x07, 0xd1, 0x07, 0xd1, 0x07, 
	0xd1, 0x07, 0xd1, 0x07, 0xc9, 0x07, 0xc8, 0xc7, 
	0xc8, 0xc7, 0xc0, 0xc7, 0xc8, 0xc7, 0xc0, 0x87, 
	0xc0, 0x87, 0xc8, 0xc7, 0xc8, 0xc7, 0xc8, 0xc7, 
	0xd0, 0xc7, 0xd0, 0xc7, 0xc8, 0x87, 0xc8, 0xc7, 
	0xd1, 0x07, 0xc8, 0xc7, 0xc9, 0x07, 0xd1, 0x07, 
	0xd1, 0x07, 0xc8, 0x87, 0xb8, 0x87, 0xc8, 0xc7, 
	0xd1, 0x07, 0xc8, 0xc7, 0xc0, 0x87, 0xc8, 0xc7, 
	0xc8, 0xc7, 0xd1, 0x07, 0xd1, 0x07, 0xd1, 0x07, 
	0xd1, 0x07, 0xc8, 0xc7, 0xc0, 0x87, 0xc8, 0xc7, 
	0xc8, 0xc5, 0xc0, 0xc7, 0xc0, 0x87, 0xc8, 0xc7, 
	0xc8, 0xc7, 0xd9, 0x47, 0xd1, 0x07, 0xc8, 0xc7, 
	0xd1, 0x07, 0xc8, 0xc7, 0xc8, 0xc7, 0xd0, 0xc7, 
	0xd1, 0x07, 0xd1, 0x07, 0xc8, 0xc7, 0xd0, 0xc7, 
	0xd0, 0xc7, 0xd0, 0xc7, 0xc8, 0xc7, 0xc8, 0xc7, 
	0xd1, 0x07, 0xc9, 0x07, 0xc8, 0xc7, 0xd1, 0x07, 
	0xc8, 0xc5, 0xd1, 0x07, 0xd1, 0x07, 0xd1, 0x07, 
	0xc8, 0xc7, 0xc8, 0xc7, 0xc8, 0xc7, 0xd1, 0x07, 
	0xc8, 0xc7, 0xd1, 0x07, 0xc8, 0xc7, 0xc8, 0xc7, 
	0xc8, 0xc7, 0xc8, 0xc7, 0xc8, 0xc7, 0xc8, 0xc5, 
	0xd1, 0x07, 0xd1, 0x07, 0xc8, 0xc5, 0xd1, 0x07, 
	0xc8, 0xc7, 0xd1, 0x07, 0xd0, 0xc7, 0xc8, 0x87, 
	0xc8, 0xc7, 0xc8, 0xc5, 0xd0, 0xc7, 0xd1, 0x07, 
	0xd1, 0x07, 0xd1, 0x07, 0xd0, 0xc7, 0xc8, 0xc5, 
	0xc9, 0x07, 0xc8, 0xc7, 0xc8, 0xc7, 0xc8, 0xc7, 
	0xd1, 0x07, 0xc8, 0xc7, 0xc8, 0xc7, 0xc8, 0xc7, 
	0xc8, 0xc7, 0xc8, 0xc7, 0xc8, 0xc5, 0xc8, 0xc7, 
	0xc8, 0xc7, 0xc8, 0xc7, 0xb8, 0x87, 0xc0, 0xc7, 
	0xc8, 0xc7, 0xd1, 0x07, 0xd1, 0x07, 0xc8, 0xc5, 
	0xd1, 0x07, 0xc8, 0xc7, 0xc9, 0x07, 0xd1, 0x07, 
	0xd1, 0x07, 0xc8, 0xc7, 0xc8, 0xc7, 0xd0, 0xc7, 
	0xd1, 0x07, 0xd1, 0x07, 0xd1, 0x07, 0xd0, 0xc7, 
	0xd1, 0x07, 0xd0, 0xc7, 0xd1, 0x07, 0xc9, 0x07, 
	0xd1, 0x07, 0xd0, 0xc7, 0xc8, 0xc7, 0xc0, 0x87, 
	0xc9, 0x07, 0xc8, 0xc7, 0xc8, 0xc7, 0xd0, 0xc7, 
	0xc8, 0xc7, 0xc8, 0xc7, 0xc0, 0x87, 0xc0, 0xc5, 
	0xc8, 0x87, 0xc8, 0xc7, 0xd0, 0xc7, 0xc8, 0xc7, 
	0xc8, 0xc7, 0xc8, 0xc7, 0xc8, 0xc7, 0xd0, 0xc7, 
	0xd1, 0x07, 0xd1, 0x07, 0xc8, 0xc7, 0xc8, 0xc7, 
	0xd0, 0xc7, 0xd1, 0x07, 0xc8, 0xc7, 0xd0, 0xc7, 
	0xc8, 0xc7, 0xd1, 0x07, 0xd1, 0x07, 0xd1, 0x07, 
	0xd0, 0xc7, 0xd0, 0xc7, 0xc0, 0x87, 0xc0, 0x87, 
	0xc0, 0x87, 0xc8, 0xc7, 0xc8, 0xc7, 0xc8, 0xc7, 
	0xd1, 0x07, 0xd1, 0x07, 0xc0, 0xc7, 0xc8, 0xc7, 
	0xc8, 0xc7, 0xc8, 0xc7, 0xc8, 0xc7, 0xc8, 0xc5, 
	0xc8, 0xc7, 0xd1, 0x07, 0xc0, 0xc5, 0xc8, 0xc7, 
	0xc8, 0xc7, 0xd1, 0x07, 0xd1, 0x07, 0xc0, 0xc7, 
	0xc8, 0x87, 0xc8, 0xc7, 0xc8, 0xc7, 0xc8, 0x87, 
	0xc0, 0x87, 0xc9, 0x07, 0xd1, 0x07, 0xc8, 0xc7, 
	0xb8, 0x87, 0xd1, 0x07, 0xc0, 0xc7, 0xc0, 0x87, 
	0xc8, 0x87, 0xc0, 0x87, 0xc0, 0x87, 0xc9, 0x07, 
	0xd1, 0x07, 0xd1, 0x07, 0xc8, 0xc7, 0xb8, 0x87, 
	0xd1, 0x07, 0xd1, 0x07, 0xc9, 0x07, 0xd0, 0xc7, 
	0xc8, 0xc7, 0xd1, 0x07, 0xd1, 0x07, 0xd0, 0xc7, 
	0xc9, 0x07, 0xd1, 0x07, 0xd0, 0xc7, 0xc8, 0xc7, 
	0xd0, 0xc7, 0xc8, 0xc7, 0xd1, 0x07, 0xc8, 0xc7, 
	0xc8, 0xc7, 0xc8, 0xc7, 0xd1, 0x07, 0xd1, 0x07, 
	0xd0, 0xc7, 0xc0, 0xc7, 0xc0, 0x87, 0xc8, 0x87, 
	0xc0, 0x87, 0xc8, 0xc7, 0xc8, 0xc7, 0xd1, 0x07, 
	0xd0, 0xc7, 0xc8, 0xc7, 0xd0, 0xc7, 0xc8, 0xc5, 
	0xd0, 0xc7, 0xd1, 0x07, 0xd0, 0xc7, 0xc8, 0xc7, 
	0xd1, 0x07, 0xd1, 0x07, 0xc8, 0xc7, 0xc8, 0xc7, 
	0xd1, 0x07, 0xd0, 0xc7, 0xd1, 0x07, 0xd1, 0x07, 
	0xd1, 0x07, 0xd0, 0xc7, 0xd0, 0xc7, 0xd1, 0x07, 
	0xd1, 0x07, 0xd1, 0x07, 0xc8, 0xc7, 0xd1, 0x07, 
	0xd1, 0x07, 0xc0, 0xc7, 0xc8, 0xc7, 0xc8, 0xc7, 
	0xc0, 0x87, 0xc8, 0xc7, 0xc8, 0xc7, 0xd0, 0xc7, 
	0xd0, 0xc7, 0xc8, 0xc7, 0xd1, 0x07, 0xd9, 0x07, 
	0xd1, 0x07, 0xd0, 0xc7, 0xc8, 0xc7, 0xc8, 0xc7, 
	0xc0, 0xc7, 0xd1, 0x07, 0xd0, 0xc7, 0xd1, 0x07, 
	0xd1, 0x07, 0xd1, 0x07, 0xc8, 0xc7, 0xc8, 0xc5, 
	0xd0, 0xc7, 0xd1, 0x07, 0xc8, 0xc7, 0xc8, 0xc7, 
	0xc8, 0xc7, 0xd0, 0xc7, 0xc8, 0xc7, 0xc8, 0xc5, 
	0xd0, 0xc7, 0xd1, 0x07, 0xd0, 0xc7, 0xd0, 0xc7, 
	0xd1, 0x07, 0xd1, 0x07, 0xd1, 0x07, 0xd1, 0x07, 
	0xc8, 0xc7, 0xc8, 0xc7, 0xc8, 0xc7, 0xd1, 0x07, 
	0xd1, 0x07, 0xd0, 0xc7, 0xc0, 0x87, 0xc0, 0x87, 
	0xc0, 0x87, 0xc0, 0xc7, 0xd0, 0xc7, 0xd0, 0xc7, 
	0xc8, 0xc5, 0xd1, 0x07, 0xd1, 0x07, 0xc8, 0xc7, 
	0xc0, 0x87, 0xd1, 0x07, 0xc8, 0xc7, 0xc8, 0xc7, 
	0xc8, 0xc7, 0xc8, 0xc7, 0xd0, 0xc7, 0xc8, 0xc7, 
	0xc0, 0x87, 0xd1, 0x07, 0xd1, 0x07, 0xc8, 0xc7, 
	0xc8, 0xc5, 0xd0, 0xc7, 0xd0, 0xc7, 0xc8, 0xc7, 
	0xc0, 0x87, 0xd1, 0x07, 0xd1, 0x07, 0xd1, 0x07, 
	0xd1, 0x07, 0xd0, 0xc7, 0xc8, 0xc5, 0xc0, 0x87, 
	0xc8, 0xc7, 0xc8, 0xc7, 0xd0, 0xc7, 0xd1, 0x07, 
	0xd1, 0x07, 0xd9, 0x07, 0xd1, 0x07, 0xc0, 0xc5, 
	0xc8, 0xc7, 0xc8, 0xc5, 0xc8, 0xc7, 0xc8, 0xc7, 
	0xd1, 0x07, 0xd1, 0x07, 0xc8, 0xc7, 0xc0, 0xc7, 
	0xc8, 0xc7, 0xd1, 0x07, 0xc8, 0xc7, 0xc0, 0xc7, 
	0xc0, 0x87, 0xc8, 0xc7, 0xc8, 0xc5, 0xc8, 0xc7, 
	0xc8, 0xc7, 0xc8, 0xc7, 0xd0, 0xc7, 0xd1, 0x07, 
	0xd1, 0x07, 0xd1, 0x07, 0xc8, 0xc7, 0xc8, 0xc7, 
	0xd0, 0xc7, 0xd1, 0x07, 0xc8, 0xc7, 0xc8, 0xc5, 
	0xd1, 0x07, 0xd1, 0x07, 0xd1, 0x07, 0xd1, 0x07, 
	0xd1, 0x07, 0xd1, 0x07, 0xd1, 0x07, 0xd1, 0x07, 
	0xd1, 0x07, 0xd1, 0x07, 0xc0, 0xc7, 0xc8, 0xc7, 
	0xd1, 0x07, 0xd1, 0x07, 0xc8, 0xc5, 0xc0, 0xc7, 
	0xc0, 0xc7, 0xc8, 0xc7, 0xc8, 0xc7, 0xc8, 0xc7, 
	0xc8, 0xc7, 0xd1, 0x07, 0xd1, 0x07, 0xd1, 0x07, 
	0xd1, 0x07, 0xc8, 0xc7, 0xd1, 0x07, 0xc8, 0xc7, 
	
};

Gfx hmc_dl_thi_1_0xe005020_custom_rgba16_rgba16_aligner[] = {gsSPEndDisplayList()};
u8 hmc_dl_thi_1_0xe005020_custom_rgba16_rgba16[] = {
	0x08, 0x43, 0x08, 0x43, 0x08, 0x43, 0x08, 0x43, 
	0x00, 0x01, 0x00, 0x01, 0x00, 0x01, 0x00, 0x01, 
	0x00, 0x01, 0x00, 0x01, 0x00, 0x01, 0x08, 0x43, 
	0x08, 0x43, 0x10, 0x85, 0x08, 0x43, 0x08, 0x43, 
	0x08, 0x43, 0x08, 0x43, 0x08, 0x43, 0x08, 0x43, 
	0x08, 0x43, 0x10, 0x85, 0x10, 0x85, 0x08, 0x43, 
	0x08, 0x43, 0x00, 0x01, 0x00, 0x01, 0x08, 0x43, 
	0x08, 0x43, 0x08, 0x43, 0x08, 0x43, 0x10, 0x85, 
	0x08, 0x43, 0x08, 0x43, 0x08, 0x43, 0x08, 0x43, 
	0x08, 0x43, 0x08, 0x43, 0x00, 0x01, 0x08, 0x43, 
	0x08, 0x43, 0x00, 0x01, 0x00, 0x01, 0x08, 0x43, 
	0x08, 0x43, 0x10, 0x85, 0x10, 0x85, 0x08, 0x43, 
	0x08, 0x43, 0x00, 0x01, 0x00, 0x01, 0x08, 0x43, 
	0x08, 0x43, 0x08, 0x43, 0x10, 0x85, 0x08, 0x43, 
	0x08, 0x43, 0x08, 0x43, 0x00, 0x01, 0x00, 0x01, 
	0x08, 0x43, 0x08, 0x43, 0x08, 0x43, 0x08, 0x43, 
	0x08, 0x43, 0x08, 0x43, 0x08, 0x43, 0x10, 0x85, 
	0x08, 0x43, 0x08, 0x43, 0x08, 0x43, 0x08, 0x43, 
	0x08, 0x43, 0x08, 0x43, 0x00, 0x01, 0x00, 0x01, 
	0x08, 0x43, 0x08, 0x43, 0x10, 0x85, 0x10, 0x85, 
	0x08, 0x43, 0x08, 0x43, 0x00, 0x01, 0x00, 0x01, 
	0x08, 0x43, 0x08, 0x43, 0x08, 0x43, 0x10, 0x85, 
	0x08, 0x43, 0x08, 0x43, 0x08, 0x43, 0x08, 0x43, 
	0x08, 0x43, 0x08, 0x43, 0x08, 0x43, 0x08, 0x43, 
	0x08, 0x43, 0x08, 0x43, 0x08, 0x43, 0x08, 0x43, 
	0x10, 0x85, 0x10, 0x85, 0x08, 0x43, 0x08, 0x43, 
	0x08, 0x43, 0x08, 0x43, 0x00, 0x01, 0x00, 0x01, 
	0x00, 0x01, 0x08, 0x43, 0x08, 0x43, 0x10, 0x85, 
	0x08, 0x43, 0x08, 0x43, 0x08, 0x43, 0x08, 0x43, 
	0x08, 0x43, 0x08, 0x43, 0x08, 0x43, 0x10, 0x85, 
	0x10, 0x85, 0x08, 0x43, 0x08, 0x43, 0x08, 0x43, 
	0x08, 0x43, 0x08, 0x43, 0x08, 0x43, 0x08, 0x43, 
	0x08, 0x43, 0x08, 0x43, 0x08, 0x43, 0x08, 0x43, 
	0x08, 0x43, 0x08, 0x43, 0x10, 0x85, 0x08, 0x43, 
	0x08, 0x43, 0x08, 0x43, 0x08, 0x43, 0x00, 0x01, 
	0x00, 0x01, 0x08, 0x43, 0x08, 0x43, 0x08, 0x43, 
	0x08, 0x43, 0x08, 0x43, 0x08, 0x43, 0x08, 0x43, 
	0x08, 0x43, 0x08, 0x43, 0x08, 0x43, 0x08, 0x43, 
	0x10, 0x85, 0x10, 0x85, 0x08, 0x43, 0x08, 0x43, 
	0x08, 0x43, 0x08, 0x43, 0x08, 0x43, 0x08, 0x43, 
	0x00, 0x01, 0x00, 0x01, 0x08, 0x43, 0x08, 0x43, 
	0x08, 0x43, 0x08, 0x43, 0x08, 0x43, 0x10, 0x85, 
	0x08, 0x43, 0x08, 0x43, 0x08, 0x43, 0x08, 0x43, 
	0x00, 0x01, 0x00, 0x01, 0x08, 0x43, 0x08, 0x43, 
	0x08, 0x43, 0x08, 0x43, 0x08, 0x43, 0x08, 0x43, 
	0x08, 0x43, 0x08, 0x43, 0x08, 0x43, 0x08, 0x43, 
	0x08, 0x43, 0x08, 0x43, 0x10, 0x85, 0x08, 0x43, 
	0x08, 0x43, 0x08, 0x43, 0x08, 0x43, 0x08, 0x43, 
	0x08, 0x43, 0x00, 0x01, 0x00, 0x01, 0x08, 0x43, 
	0x08, 0x43, 0x08, 0x43, 0x08, 0x43, 0x08, 0x43, 
	0x10, 0x85, 0x10, 0x85, 0x08, 0x43, 0x08, 0x43, 
	0x08, 0x43, 0x08, 0x43, 0x08, 0x43, 0x08, 0x43, 
	0x08, 0x43, 0x08, 0x43, 0x08, 0x43, 0x08, 0x43, 
	0x08, 0x43, 0x08, 0x43, 0x10, 0x85, 0x08, 0x43, 
	0x08, 0x43, 0x08, 0x43, 0x08, 0x43, 0x10, 0x85, 
	0x10, 0x85, 0x08, 0x43, 0x08, 0x43, 0x08, 0x43, 
	0x08, 0x43, 0x08, 0x43, 0x00, 0x01, 0x00, 0x01, 
	0x00, 0x01, 0x08, 0x43, 0x08, 0x43, 0x08, 0x43, 
	0x08, 0x43, 0x08, 0x43, 0x08, 0x43, 0x08, 0x43, 
	0x08, 0x43, 0x08, 0x43, 0x08, 0x43, 0x08, 0x43, 
	0x08, 0x43, 0x00, 0x01, 0x08, 0x43, 0x08, 0x43, 
	0x08, 0x43, 0x08, 0x43, 0x08, 0x43, 0x10, 0x85, 
	0x08, 0x43, 0x08, 0x43, 0x08, 0x43, 0x08, 0x43, 
	0x08, 0x43, 0x10, 0x85, 0x08, 0x43, 0x08, 0x43, 
	0x08, 0x43, 0x08, 0x43, 0x08, 0x43, 0x08, 0x43, 
	0x08, 0x43, 0x00, 0x01, 0x08, 0x43, 0x08, 0x43, 
	0x08, 0x43, 0x08, 0x43, 0x08, 0x43, 0x08, 0x43, 
	0x08, 0x43, 0x08, 0x43, 0x08, 0x43, 0x08, 0x43, 
	0x08, 0x43, 0x00, 0x01, 0x00, 0x01, 0x00, 0x01, 
	0x08, 0x43, 0x08, 0x43, 0x08, 0x43, 0x10, 0x85, 
	0x10, 0x85, 0x08, 0x43, 0x08, 0x43, 0x08, 0x43, 
	0x08, 0x43, 0x08, 0x43, 0x10, 0x85, 0x08, 0x43, 
	0x10, 0x85, 0x08, 0x43, 0x08, 0x43, 0x08, 0x43, 
	0x08, 0x43, 0x08, 0x43, 0x08, 0x43, 0x08, 0x43, 
	0x08, 0x43, 0x08, 0x43, 0x08, 0x43, 0x08, 0x43, 
	0x08, 0x43, 0x08, 0x43, 0x08, 0x43, 0x08, 0x43, 
	0x08, 0x43, 0x08, 0x43, 0x00, 0x01, 0x00, 0x01, 
	0x00, 0x01, 0x08, 0x43, 0x08, 0x43, 0x08, 0x43, 
	0x10, 0x85, 0x10, 0x85, 0x08, 0x43, 0x08, 0x43, 
	0x08, 0x43, 0x08, 0x43, 0x08, 0x43, 0x10, 0x85, 
	0x08, 0x43, 0x08, 0x43, 0x08, 0x43, 0x08, 0x43, 
	0x08, 0x43, 0x08, 0x43, 0x08, 0x43, 0x08, 0x43, 
	0x08, 0x43, 0x00, 0x01, 0x08, 0x43, 0x08, 0x43, 
	0x00, 0x01, 0x08, 0x43, 0x08, 0x43, 0x08, 0x43, 
	0x10, 0x85, 0x08, 0x43, 0x08, 0x43, 0x00, 0x01, 
	0x00, 0x01, 0x08, 0x43, 0x08, 0x43, 0x08, 0x43, 
	0x08, 0x43, 0x10, 0x85, 0x08, 0x43, 0x08, 0x43, 
	0x08, 0x43, 0x08, 0x43, 0x08, 0x43, 0x08, 0x43, 
	0x08, 0x43, 0x08, 0x43, 0x08, 0x43, 0x08, 0x43, 
	0x08, 0x43, 0x08, 0x43, 0x08, 0x43, 0x08, 0x43, 
	0x08, 0x43, 0x08, 0x43, 0x08, 0x43, 0x00, 0x01, 
	0x00, 0x01, 0x08, 0x43, 0x08, 0x43, 0x08, 0x43, 
	0x10, 0x85, 0x08, 0x43, 0x08, 0x43, 0x00, 0x01, 
	0x00, 0x01, 0x00, 0x01, 0x08, 0x43, 0x08, 0x43, 
	0x08, 0x43, 0x08, 0x43, 0x10, 0x85, 0x08, 0x43, 
	0x08, 0x43, 0x08, 0x43, 0x08, 0x43, 0x08, 0x43, 
	0x08, 0x43, 0x08, 0x43, 0x08, 0x43, 0x08, 0x43, 
	0x08, 0x43, 0x08, 0x43, 0x08, 0x43, 0x08, 0x43, 
	0x08, 0x43, 0x08, 0x43, 0x08, 0x43, 0x08, 0x43, 
	0x00, 0x01, 0x00, 0x01, 0x08, 0x43, 0x08, 0x43, 
	0x08, 0x43, 0x10, 0x85, 0x08, 0x43, 0x08, 0x43, 
	0x00, 0x01, 0x00, 0x01, 0x00, 0x01, 0x00, 0x01, 
	0x08, 0x43, 0x08, 0x43, 0x08, 0x43, 0x08, 0x43, 
	0x08, 0x43, 0x08, 0x43, 0x08, 0x43, 0x08, 0x43, 
	0x08, 0x43, 0x08, 0x43, 0x08, 0x43, 0x08, 0x43, 
	0x08, 0x43, 0x08, 0x43, 0x08, 0x43, 0x08, 0x43, 
	0x08, 0x43, 0x08, 0x43, 0x08, 0x43, 0x08, 0x43, 
	0x00, 0x01, 0x00, 0x01, 0x00, 0x01, 0x08, 0x43, 
	0x08, 0x43, 0x10, 0x85, 0x10, 0x85, 0x08, 0x43, 
	0x08, 0x43, 0x00, 0x01, 0x00, 0x01, 0x00, 0x01, 
	0x00, 0x01, 0x08, 0x43, 0x08, 0x43, 0x08, 0x43, 
	0x08, 0x43, 0x08, 0x43, 0x08, 0x43, 0x08, 0x43, 
	0x08, 0x43, 0x08, 0x43, 0x08, 0x43, 0x00, 0x01, 
	0x00, 0x01, 0x00, 0x01, 0x08, 0x43, 0x08, 0x43, 
	0x08, 0x43, 0x08, 0x43, 0x10, 0x85, 0x08, 0x43, 
	0x08, 0x43, 0x00, 0x01, 0x00, 0x01, 0x08, 0x43, 
	0x08, 0x43, 0x08, 0x43, 0x10, 0x85, 0x08, 0x43, 
	0x08, 0x43, 0x00, 0x01, 0x00, 0x01, 0x00, 0x01, 
	0x00, 0x01, 0x00, 0x01, 0x08, 0x43, 0x08, 0x43, 
	0x08, 0x43, 0x08, 0x43, 0x08, 0x43, 0x08, 0x43, 
	0x08, 0x43, 0x08, 0x43, 0x08, 0x43, 0x00, 0x01, 
	0x00, 0x01, 0x00, 0x01, 0x00, 0x01, 0x00, 0x01, 
	0x08, 0x43, 0x08, 0x43, 0x08, 0x43, 0x10, 0x85, 
	0x08, 0x43, 0x08, 0x43, 0x00, 0x01, 0x00, 0x01, 
	0x08, 0x43, 0x08, 0x43, 0x08, 0x43, 0x10, 0x85, 
	0x08, 0x43, 0x08, 0x43, 0x00, 0x01, 0x00, 0x01, 
	0x00, 0x01, 0x00, 0x01, 0x00, 0x01, 0x08, 0x43, 
	0x08, 0x43, 0x10, 0x85, 0x08, 0x43, 0x08, 0x43, 
	0x08, 0x43, 0x08, 0x43, 0x08, 0x43, 0x08, 0x43, 
	0x00, 0x01, 0x00, 0x01, 0x00, 0x01, 0x00, 0x01, 
	0x00, 0x01, 0x08, 0x43, 0x08, 0x43, 0x08, 0x43, 
	0x08, 0x43, 0x08, 0x43, 0x08, 0x43, 0x00, 0x01, 
	0x00, 0x01, 0x08, 0x43, 0x08, 0x43, 0x08, 0x43, 
	0x08, 0x43, 0x08, 0x43, 0x08, 0x43, 0x00, 0x01, 
	0x00, 0x01, 0x00, 0x01, 0x00, 0x01, 0x00, 0x01, 
	0x08, 0x43, 0x08, 0x43, 0x08, 0x43, 0x08, 0x43, 
	0x10, 0x85, 0x08, 0x43, 0x08, 0x43, 0x08, 0x43, 
	0x00, 0x01, 0x00, 0x01, 0x00, 0x01, 0x00, 0x01, 
	0x00, 0x01, 0x00, 0x01, 0x08, 0x43, 0x08, 0x43, 
	0x08, 0x43, 0x10, 0x85, 0x08, 0x43, 0x08, 0x43, 
	0x00, 0x01, 0x00, 0x01, 0x08, 0x43, 0x08, 0x43, 
	0x08, 0x43, 0x08, 0x43, 0x08, 0x43, 0x08, 0x43, 
	0x00, 0x01, 0x00, 0x01, 0x00, 0x01, 0x00, 0x01, 
	0x08, 0x43, 0x08, 0x43, 0x08, 0x43, 0x08, 0x43, 
	0x08, 0x43, 0x10, 0x85, 0x08, 0x43, 0x08, 0x43, 
	0x08, 0x43, 0x00, 0x01, 0x00, 0x01, 0x00, 0x01, 
	0x00, 0x01, 0x00, 0x01, 0x08, 0x43, 0x08, 0x43, 
	0x08, 0x43, 0x08, 0x43, 0x10, 0x85, 0x08, 0x43, 
	0x00, 0x01, 0x00, 0x01, 0x08, 0x43, 0x08, 0x43, 
	0x08, 0x43, 0x10, 0x85, 0x08, 0x43, 0x08, 0x43, 
	0x00, 0x01, 0x00, 0x01, 0x00, 0x01, 0x00, 0x01, 
	0x00, 0x01, 0x08, 0x43, 0x08, 0x43, 0x08, 0x43, 
	0x08, 0x43, 0x08, 0x43, 0x10, 0x85, 0x08, 0x43, 
	0x08, 0x43, 0x08, 0x43, 0x00, 0x01, 0x00, 0x01, 
	0x00, 0x01, 0x00, 0x01, 0x00, 0x01, 0x08, 0x43, 
	0x08, 0x43, 0x08, 0x43, 0x08, 0x43, 0x08, 0x43, 
	0x08, 0x43, 0x00, 0x01, 0x00, 0x01, 0x00, 0x01, 
	0x08, 0x43, 0x08, 0x43, 0x08, 0x43, 0x08, 0x43, 
	0x08, 0x43, 0x00, 0x01, 0x00, 0x01, 0x00, 0x01, 
	0x00, 0x01, 0x00, 0x01, 0x00, 0x01, 0x08, 0x43, 
	0x08, 0x43, 0x08, 0x43, 0x08, 0x43, 0x10, 0x85, 
	0x08, 0x43, 0x08, 0x43, 0x00, 0x01, 0x00, 0x01, 
	0x00, 0x01, 0x00, 0x01, 0x00, 0x01, 0x00, 0x01, 
	0x08, 0x43, 0x08, 0x43, 0x08, 0x43, 0x10, 0x85, 
	0x08, 0x43, 0x00, 0x01, 0x00, 0x01, 0x00, 0x01, 
	0x08, 0x43, 0x08, 0x43, 0x08, 0x43, 0x08, 0x43, 
	0x08, 0x43, 0x08, 0x43, 0x00, 0x01, 0x00, 0x01, 
	0x00, 0x01, 0x00, 0x01, 0x00, 0x01, 0x08, 0x43, 
	0x08, 0x43, 0x08, 0x43, 0x08, 0x43, 0x08, 0x43, 
	0x10, 0x85, 0x08, 0x43, 0x08, 0x43, 0x08, 0x43, 
	0x00, 0x01, 0x00, 0x01, 0x00, 0x01, 0x00, 0x01, 
	0x08, 0x43, 0x08, 0x43, 0x08, 0x43, 0x08, 0x43, 
	0x08, 0x43, 0x08, 0x43, 0x00, 0x01, 0x00, 0x01, 
	0x00, 0x01, 0x00, 0x01, 0x08, 0x43, 0x08, 0x43, 
	0x08, 0x43, 0x08, 0x43, 0x00, 0x01, 0x00, 0x01, 
	0x00, 0x01, 0x00, 0x01, 0x00, 0x01, 0x00, 0x01, 
	0x00, 0x01, 0x08, 0x43, 0x08, 0x43, 0x08, 0x43, 
	0x10, 0x85, 0x08, 0x43, 0x08, 0x43, 0x08, 0x43, 
	0x00, 0x01, 0x00, 0x01, 0x00, 0x01, 0x00, 0x01, 
	0x08, 0x43, 0x08, 0x43, 0x08, 0x43, 0x08, 0x43, 
	0x10, 0x85, 0x08, 0x43, 0x00, 0x01, 0x00, 0x01, 
	0x00, 0x01, 0x00, 0x01, 0x08, 0x43, 0x08, 0x43, 
	0x08, 0x43, 0x08, 0x43, 0x08, 0x43, 0x00, 0x01, 
	0x00, 0x01, 0x00, 0x01, 0x00, 0x01, 0x00, 0x01, 
	0x00, 0x01, 0x00, 0x01, 0x08, 0x43, 0x08, 0x43, 
	0x08, 0x43, 0x10, 0x85, 0x08, 0x43, 0x08, 0x43, 
	0x08, 0x43, 0x00, 0x01, 0x00, 0x01, 0x00, 0x01, 
	0x08, 0x43, 0x08, 0x43, 0x08, 0x43, 0x08, 0x43, 
	0x10, 0x85, 0x08, 0x43, 0x08, 0x43, 0x00, 0x01, 
	0x00, 0x01, 0x00, 0x01, 0x00, 0x01, 0x08, 0x43, 
	0x08, 0x43, 0x08, 0x43, 0x08, 0x43, 0x08, 0x43, 
	0x00, 0x01, 0x00, 0x01, 0x00, 0x01, 0x00, 0x01, 
	0x00, 0x01, 0x00, 0x01, 0x00, 0x01, 0x08, 0x43, 
	0x08, 0x43, 0x08, 0x43, 0x10, 0x85, 0x08, 0x43, 
	0x08, 0x43, 0x08, 0x43, 0x00, 0x01, 0x00, 0x01, 
	0x00, 0x01, 0x08, 0x43, 0x08, 0x43, 0x08, 0x43, 
	0x08, 0x43, 0x10, 0x85, 0x08, 0x43, 0x08, 0x43, 
	0x00, 0x01, 0x00, 0x01, 0x00, 0x01, 0x00, 0x01, 
	0x08, 0x43, 0x08, 0x43, 0x08, 0x43, 0x08, 0x43, 
	0x00, 0x01, 0x00, 0x01, 0x00, 0x01, 0x00, 0x01, 
	0x00, 0x01, 0x00, 0x01, 0x00, 0x01, 0x08, 0x43, 
	0x08, 0x43, 0x08, 0x43, 0x08, 0x43, 0x10, 0x85, 
	0x08, 0x43, 0x08, 0x43, 0x08, 0x43, 0x00, 0x01, 
	0x00, 0x01, 0x08, 0x43, 0x08, 0x43, 0x08, 0x43, 
	0x08, 0x43, 0x10, 0x85, 0x08, 0x43, 0x08, 0x43, 
	0x00, 0x01, 0x00, 0x01, 0x08, 0x43, 0x08, 0x43, 
	0x08, 0x43, 0x08, 0x43, 0x08, 0x43, 0x08, 0x43, 
	0x08, 0x43, 0x00, 0x01, 0x00, 0x01, 0x00, 0x01, 
	0x00, 0x01, 0x00, 0x01, 0x00, 0x01, 0x00, 0x01, 
	0x08, 0x43, 0x08, 0x43, 0x08, 0x43, 0x08, 0x43, 
	0x10, 0x85, 0x08, 0x43, 0x08, 0x43, 0x08, 0x43, 
	0x00, 0x01, 0x08, 0x43, 0x08, 0x43, 0x08, 0x43, 
	0x08, 0x43, 0x10, 0x85, 0x10, 0x85, 0x08, 0x43, 
	0x08, 0x43, 0x00, 0x01, 0x00, 0x01, 0x08, 0x43, 
	0x08, 0x43, 0x08, 0x43, 0x08, 0x43, 0x08, 0x43, 
	0x08, 0x43, 0x08, 0x43, 0x00, 0x01, 0x00, 0x01, 
	0x00, 0x01, 0x00, 0x01, 0x00, 0x01, 0x00, 0x01, 
	0x00, 0x01, 0x08, 0x43, 0x08, 0x43, 0x08, 0x43, 
	0x08, 0x43, 0x10, 0x85, 0x08, 0x43, 0x08, 0x43, 
	0x08, 0x43, 0x00, 0x01, 0x08, 0x43, 0x08, 0x43, 
	0x08, 0x43, 0x08, 0x43, 0x10, 0x85, 0x08, 0x43, 
	0x08, 0x43, 0x08, 0x43, 0x00, 0x01, 0x08, 0x43, 
	0x08, 0x43, 0x08, 0x43, 0x08, 0x43, 0x08, 0x43, 
	0x08, 0x43, 0x08, 0x43, 0x08, 0x43, 0x00, 0x01, 
	0x00, 0x01, 0x00, 0x01, 0x00, 0x01, 0x00, 0x01, 
	0x00, 0x01, 0x08, 0x43, 0x08, 0x43, 0x08, 0x43, 
	0x08, 0x43, 0x08, 0x43, 0x10, 0x85, 0x08, 0x43, 
	0x08, 0x43, 0x08, 0x43, 0x00, 0x01, 0x08, 0x43, 
	0x08, 0x43, 0x08, 0x43, 0x10, 0x85, 0x10, 0x85, 
	0x08, 0x43, 0x08, 0x43, 0x00, 0x01, 0x00, 0x01, 
	0x00, 0x01, 0x08, 0x43, 0x08, 0x43, 0x08, 0x43, 
	0x08, 0x43, 0x10, 0x85, 0x08, 0x43, 0x08, 0x43, 
	0x08, 0x43, 0x00, 0x01, 0x00, 0x01, 0x00, 0x01, 
	0x00, 0x01, 0x00, 0x01, 0x08, 0x43, 0x08, 0x43, 
	0x08, 0x43, 0x08, 0x43, 0x08, 0x43, 0x10, 0x85, 
	0x08, 0x43, 0x08, 0x43, 0x00, 0x01, 0x00, 0x01, 
	0x08, 0x43, 0x08, 0x43, 0x08, 0x43, 0x10, 0x85, 
	0x10, 0x85, 0x08, 0x43, 0x08, 0x43, 0x08, 0x43, 
	0x00, 0x01, 0x08, 0x43, 0x08, 0x43, 0x08, 0x43, 
	0x08, 0x43, 0x10, 0x85, 0x08, 0x43, 0x08, 0x43, 
	0x08, 0x43, 0x00, 0x01, 0x00, 0x01, 0x00, 0x01, 
	0x00, 0x01, 0x00, 0x01, 0x00, 0x01, 0x08, 0x43, 
	0x08, 0x43, 0x08, 0x43, 0x08, 0x43, 0x10, 0x85, 
	0x10, 0x85, 0x08, 0x43, 0x08, 0x43, 0x00, 0x01, 
	0x08, 0x43, 0x08, 0x43, 0x08, 0x43, 0x08, 0x43, 
	0x10, 0x85, 0x08, 0x43, 0x08, 0x43, 0x00, 0x01, 
	0x00, 0x01, 0x00, 0x01, 0x08, 0x43, 0x08, 0x43, 
	0x08, 0x43, 0x08, 0x43, 0x10, 0x85, 0x08, 0x43, 
	0x08, 0x43, 0x08, 0x43, 0x00, 0x01, 0x00, 0x01, 
	0x00, 0x01, 0x00, 0x01, 0x00, 0x01, 0x00, 0x01, 
	0x08, 0x43, 0x08, 0x43, 0x08, 0x43, 0x08, 0x43, 
	0x10, 0x85, 0x10, 0x85, 0x08, 0x43, 0x08, 0x43, 
	0x08, 0x43, 0x08, 0x43, 0x08, 0x43, 0x08, 0x43, 
	0x08, 0x43, 0x10, 0x85, 0x08, 0x43, 0x08, 0x43, 
	0x00, 0x01, 0x00, 0x01, 0x00, 0x01, 0x08, 0x43, 
	0x08, 0x43, 0x08, 0x43, 0x08, 0x43, 0x08, 0x43, 
	
};

Gfx hmc_dl_thi_1_0xe004020_custom_rgba16_rgba16_aligner[] = {gsSPEndDisplayList()};
u8 hmc_dl_thi_1_0xe004020_custom_rgba16_rgba16[] = {
	0x21, 0x95, 0x32, 0x19, 0x4a, 0xe5, 0x42, 0x5b, 
	0x29, 0xd7, 0x31, 0xd7, 0x29, 0x93, 0x32, 0xdd, 
	0x29, 0x95, 0x32, 0x19, 0x3a, 0x59, 0x42, 0x9b, 
	0x31, 0xd7, 0x31, 0xd7, 0x52, 0xdb, 0x94, 0xa7, 
	0x31, 0x97, 0x4a, 0xe5, 0x32, 0x19, 0x3a, 0x5b, 
	0x4a, 0xdb, 0x31, 0xd7, 0x31, 0x93, 0x4a, 0xdb, 
	0x21, 0x0d, 0x31, 0xd5, 0x32, 0x17, 0x31, 0xd5, 
	0x31, 0xd7, 0x31, 0xd5, 0x31, 0xd5, 0x73, 0x5b, 
	0x29, 0xd7, 0x00, 0x00, 0x00, 0x00, 0x00, 0x00, 
	0x00, 0x00, 0x00, 0x00, 0x2a, 0x17, 0x3b, 0x61, 
	0x29, 0x95, 0x00, 0x00, 0x00, 0x00, 0x00, 0x00, 
	0x00, 0x00, 0x00, 0x00, 0x52, 0xdb, 0xb5, 0x6d, 
	0x42, 0x61, 0x00, 0x00, 0x00, 0x00, 0x00, 0x00, 
	0x00, 0x00, 0x00, 0x00, 0x42, 0x57, 0x4a, 0xdb, 
	0x18, 0x89, 0x00, 0x00, 0x00, 0x00, 0x00, 0x00, 
	0x00, 0x00, 0x00, 0x00, 0x31, 0xd5, 0x9c, 0x61, 
	0x19, 0x09, 0x00, 0x00, 0x00, 0x00, 0x00, 0x00, 
	0x00, 0x00, 0x00, 0x00, 0x52, 0xdb, 0x84, 0xa9, 
	0x31, 0xcf, 0x00, 0x00, 0x00, 0x00, 0x00, 0x00, 
	0x00, 0x00, 0x00, 0x00, 0x39, 0x4f, 0x84, 0x69, 
	0x21, 0x0d, 0x00, 0x00, 0x00, 0x00, 0x00, 0x00, 
	0x00, 0x00, 0x00, 0x00, 0x31, 0xd5, 0x43, 0x1f, 
	0x18, 0x89, 0x00, 0x00, 0x00, 0x00, 0x00, 0x00, 
	0x00, 0x00, 0x00, 0x00, 0x29, 0x13, 0x94, 0x67, 
	0x19, 0x4b, 0x00, 0x00, 0x00, 0x00, 0x00, 0x00, 
	0x00, 0x00, 0x00, 0x00, 0x52, 0xdb, 0x84, 0xa9, 
	0x32, 0x13, 0x00, 0x00, 0x00, 0x00, 0x00, 0x00, 
	0x00, 0x00, 0x00, 0x00, 0x39, 0x4f, 0x74, 0x27, 
	0x29, 0x4d, 0x00, 0x00, 0x00, 0x00, 0x00, 0x00, 
	0x00, 0x00, 0x00, 0x00, 0x31, 0xd5, 0x4b, 0x61, 
	0x18, 0x89, 0x00, 0x00, 0x00, 0x00, 0x00, 0x00, 
	0x00, 0x00, 0x00, 0x00, 0x29, 0x13, 0x83, 0xe3, 
	0x19, 0x53, 0x00, 0x00, 0x00, 0x00, 0x00, 0x00, 
	0x00, 0x00, 0x00, 0x00, 0x4b, 0xa5, 0x84, 0xeb, 
	0x19, 0x51, 0x00, 0x00, 0x00, 0x00, 0x00, 0x00, 
	0x00, 0x00, 0x00, 0x00, 0x3a, 0x57, 0x53, 0x5f, 
	0x21, 0x4f, 0x00, 0x00, 0x00, 0x00, 0x00, 0x00, 
	0x00, 0x00, 0x00, 0x00, 0x4a, 0x5b, 0x5b, 0x61, 
	0x31, 0x51, 0x00, 0x00, 0x00, 0x00, 0x00, 0x00, 
	0x00, 0x00, 0x00, 0x00, 0x29, 0x91, 0x39, 0xd1, 
	0x29, 0x55, 0x00, 0x00, 0x00, 0x00, 0x00, 0x00, 
	0x00, 0x00, 0x00, 0x00, 0x4b, 0xa5, 0x84, 0xeb, 
	0x11, 0x0d, 0x00, 0x00, 0x00, 0x00, 0x00, 0x00, 
	0x00, 0x00, 0x00, 0x00, 0x29, 0x91, 0x4b, 0x1d, 
	0x21, 0x4f, 0x00, 0x00, 0x00, 0x00, 0x00, 0x00, 
	0x00, 0x00, 0x00, 0x00, 0x4a, 0x5b, 0x6c, 0x25, 
	0x31, 0x51, 0x00, 0x00, 0x00, 0x00, 0x00, 0x00, 
	0x00, 0x00, 0x00, 0x00, 0x29, 0x91, 0x39, 0xd1, 
	0x31, 0x9b, 0x31, 0x9b, 0x29, 0x59, 0x29, 0x59, 
	0x21, 0x91, 0x21, 0x91, 0x29, 0x95, 0x95, 0x2d, 
	0x10, 0xcb, 0x29, 0xd5, 0x31, 0x95, 0x31, 0x95, 
	0x3a, 0x1b, 0x3a, 0x1b, 0x29, 0x93, 0x29, 0x93, 
	0x18, 0xcb, 0x39, 0xd3, 0x3a, 0x5d, 0x3a, 0x5d, 
	0x31, 0xdb, 0x31, 0xdb, 0x21, 0x53, 0x8d, 0x2f, 
	0x29, 0x4f, 0x32, 0x17, 0x31, 0xd7, 0x31, 0xd7, 
	0x39, 0xd9, 0x39, 0xd9, 0x31, 0xd3, 0x31, 0xd3, 
	0xb5, 0xad, 0xb5, 0xad, 0x84, 0xa7, 0x74, 0x65, 
	0x53, 0x5f, 0x42, 0xdb, 0x29, 0x95, 0x95, 0x2d, 
	0x10, 0xcb, 0x43, 0x21, 0x5b, 0x61, 0x63, 0xa3, 
	0x8c, 0xa9, 0x9d, 0x2b, 0xbe, 0x33, 0xbe, 0x33, 
	0xa5, 0x2b, 0x94, 0xa7, 0x74, 0x69, 0x6c, 0x27, 
	0x64, 0x69, 0x4b, 0x23, 0x5b, 0x61, 0x8d, 0x2f, 
	0x43, 0x1f, 0x43, 0x1f, 0x5b, 0x61, 0x6c, 0x23, 
	0x8c, 0xeb, 0x95, 0x2d, 0xad, 0x2b, 0xd6, 0x33, 
	0x10, 0x47, 0x10, 0x47, 0x10, 0x49, 0x21, 0x0d, 
	0x29, 0x91, 0x29, 0x91, 0x42, 0x19, 0x94, 0xeb, 
	0x08, 0x89, 0x29, 0xd3, 0x29, 0x13, 0x18, 0xcd, 
	0x20, 0xcf, 0x08, 0x05, 0x10, 0xcb, 0x19, 0x4f, 
	0x21, 0x4f, 0x10, 0x89, 0x10, 0xcb, 0x21, 0x93, 
	0x19, 0x4f, 0x10, 0x8b, 0x52, 0x55, 0xc5, 0xf1, 
	0x21, 0x4f, 0x29, 0x91, 0x32, 0x1b, 0x32, 0x19, 
	0x32, 0x15, 0x32, 0x15, 0x2a, 0x17, 0x2a, 0x59, 
	0x29, 0x4f, 0x00, 0x00, 0x00, 0x00, 0x00, 0x00, 
	0x00, 0x00, 0x00, 0x00, 0x42, 0x19, 0x94, 0xeb, 
	0x19, 0x4f, 0x00, 0x00, 0x00, 0x00, 0x00, 0x00, 
	0x00, 0x00, 0x00, 0x00, 0x32, 0x17, 0x32, 0x17, 
	0x29, 0xd3, 0x00, 0x00, 0x00, 0x00, 0x00, 0x00, 
	0x00, 0x00, 0x00, 0x00, 0x7b, 0x9f, 0xc5, 0xf1, 
	0x21, 0x0d, 0x00, 0x00, 0x00, 0x00, 0x00, 0x00, 
	0x00, 0x00, 0x00, 0x00, 0x2a, 0x17, 0x2a, 0x59, 
	0x31, 0x0d, 0x00, 0x00, 0x00, 0x00, 0x00, 0x00, 
	0x00, 0x00, 0x00, 0x00, 0x42, 0x15, 0x94, 0xe9, 
	0x31, 0xd3, 0x00, 0x00, 0x00, 0x00, 0x00, 0x00, 
	0x00, 0x00, 0x00, 0x00, 0x39, 0x4b, 0x62, 0xd9, 
	0x31, 0x8f, 0x00, 0x00, 0x00, 0x00, 0x00, 0x00, 
	0x00, 0x00, 0x00, 0x00, 0x4a, 0xdd, 0x95, 0xb1, 
	0x29, 0x93, 0x00, 0x00, 0x00, 0x00, 0x00, 0x00, 
	0x00, 0x00, 0x00, 0x00, 0x29, 0x55, 0x4a, 0x9b, 
	0x29, 0x0f, 0x00, 0x00, 0x00, 0x00, 0x00, 0x00, 
	0x00, 0x00, 0x00, 0x00, 0x42, 0x15, 0x94, 0xe9, 
	0x29, 0x91, 0x00, 0x00, 0x00, 0x00, 0x00, 0x00, 
	0x00, 0x00, 0x00, 0x00, 0x39, 0x4b, 0x73, 0x9f, 
	0x31, 0x8f, 0x00, 0x00, 0x00, 0x00, 0x00, 0x00, 
	0x00, 0x00, 0x00, 0x00, 0x32, 0x19, 0x6c, 0x67, 
	0x21, 0x4f, 0x00, 0x00, 0x00, 0x00, 0x00, 0x00, 
	0x00, 0x00, 0x00, 0x00, 0x29, 0x55, 0x63, 0x61, 
	0x21, 0x15, 0x00, 0x00, 0x00, 0x00, 0x00, 0x00, 
	0x00, 0x00, 0x00, 0x00, 0x29, 0x13, 0x4c, 0x25, 
	0x21, 0x51, 0x00, 0x00, 0x00, 0x00, 0x00, 0x00, 
	0x00, 0x00, 0x00, 0x00, 0x5a, 0x9d, 0xad, 0x6f, 
	0x3a, 0x15, 0x00, 0x00, 0x00, 0x00, 0x00, 0x00, 
	0x00, 0x00, 0x00, 0x00, 0x31, 0x97, 0x7b, 0xe1, 
	0x29, 0x51, 0x00, 0x00, 0x00, 0x00, 0x00, 0x00, 
	0x00, 0x00, 0x00, 0x00, 0x42, 0x5b, 0x94, 0xa7, 
	0x21, 0x17, 0x00, 0x00, 0x00, 0x00, 0x00, 0x00, 
	0x00, 0x00, 0x00, 0x00, 0x29, 0x13, 0x43, 0xa3, 
	0x21, 0x0f, 0x00, 0x00, 0x00, 0x00, 0x00, 0x00, 
	0x00, 0x00, 0x00, 0x00, 0x5a, 0x9d, 0xbd, 0xf3, 
	0x4a, 0x99, 0x00, 0x00, 0x00, 0x00, 0x00, 0x00, 
	0x00, 0x00, 0x00, 0x00, 0x42, 0x19, 0x6b, 0x5f, 
	0x29, 0x0f, 0x00, 0x00, 0x00, 0x00, 0x00, 0x00, 
	0x00, 0x00, 0x00, 0x00, 0x29, 0xd9, 0xbd, 0xad, 
	0x29, 0x51, 0x29, 0x51, 0x32, 0x9f, 0x32, 0x9f, 
	0x21, 0xe1, 0x21, 0xe1, 0x29, 0x4f, 0x39, 0xd3, 
	0x18, 0xd3, 0x18, 0xd3, 0x29, 0x15, 0x29, 0x15, 
	0x21, 0x57, 0x21, 0x57, 0x2a, 0x17, 0xbd, 0xf1, 
	0x29, 0x4f, 0x29, 0x4f, 0x21, 0x9f, 0x21, 0x9f, 
	0x21, 0x9f, 0x21, 0x9f, 0x21, 0x09, 0x42, 0x13, 
	0x21, 0x9d, 0x21, 0x9b, 0x21, 0x9d, 0x21, 0x9d, 
	0x29, 0xd9, 0x29, 0xd9, 0x19, 0x15, 0xad, 0xaf, 
	0x3a, 0x17, 0x42, 0x99, 0x4b, 0xa3, 0x54, 0x25, 
	0x6c, 0x6b, 0x85, 0x2d, 0xad, 0xf1, 0xad, 0xf1, 
	0xbe, 0x33, 0xbe, 0x33, 0xbd, 0xef, 0xad, 0x6d, 
	0x7c, 0x5f, 0x53, 0x1b, 0x2a, 0x17, 0xbd, 0xf1, 
	0x29, 0x4f, 0x73, 0xa1, 0x74, 0x67, 0x74, 0x67, 
	0x84, 0xeb, 0x84, 0xeb, 0x9d, 0xb1, 0x9d, 0xb1, 
	0x95, 0x6f, 0x95, 0x6f, 0x7c, 0xa9, 0x7c, 0xa9, 
	0x53, 0xe3, 0x53, 0xe3, 0x63, 0x63, 0xad, 0xaf, 
	0x08, 0x05, 0x08, 0x05, 0x00, 0x47, 0x10, 0xcb, 
	0x21, 0x0f, 0x29, 0x51, 0x29, 0xd3, 0x29, 0x91, 
	0x31, 0x93, 0x42, 0x59, 0x39, 0xd5, 0x29, 0x51, 
	0x19, 0x11, 0x21, 0x55, 0x10, 0xcb, 0x94, 0xa7, 
	0x29, 0x91, 0x29, 0x91, 0x29, 0x95, 0x29, 0x95, 
	0x29, 0x95, 0x29, 0x95, 0x31, 0x4b, 0x31, 0x8f, 
	0x21, 0x0f, 0x21, 0x11, 0x18, 0xd7, 0x18, 0xd3, 
	0x29, 0x0f, 0x20, 0xcf, 0x29, 0x0d, 0xac, 0xe3, 
	0x3a, 0x1b, 0x00, 0x00, 0x00, 0x00, 0x00, 0x00, 
	0x00, 0x00, 0x00, 0x00, 0x29, 0x91, 0x32, 0x13, 
	0x18, 0xcd, 0x00, 0x00, 0x00, 0x00, 0x00, 0x00, 
	0x00, 0x00, 0x00, 0x00, 0x6b, 0x5d, 0xbd, 0xf1, 
	0x4a, 0x59, 0x00, 0x00, 0x00, 0x00, 0x00, 0x00, 
	0x00, 0x00, 0x00, 0x00, 0x31, 0x4b, 0x3a, 0x57, 
	0x21, 0x4f, 0x00, 0x00, 0x00, 0x00, 0x00, 0x00, 
	0x00, 0x00, 0x00, 0x00, 0x29, 0x0d, 0xac, 0xe3, 
	0x63, 0x23, 0x00, 0x00, 0x00, 0x00, 0x00, 0x00, 
	0x00, 0x00, 0x00, 0x00, 0x31, 0xd7, 0x5b, 0xa3, 
	0x31, 0x91, 0x00, 0x00, 0x00, 0x00, 0x00, 0x00, 
	0x00, 0x00, 0x00, 0x00, 0x42, 0x5b, 0x7c, 0xa9, 
	0x3a, 0x15, 0x00, 0x00, 0x00, 0x00, 0x00, 0x00, 
	0x00, 0x00, 0x00, 0x00, 0x29, 0x55, 0x63, 0x1f, 
	0x29, 0x4f, 0x00, 0x00, 0x00, 0x00, 0x00, 0x00, 
	0x00, 0x00, 0x00, 0x00, 0x31, 0x4d, 0x94, 0x1b, 
	0x21, 0x17, 0x00, 0x00, 0x00, 0x00, 0x00, 0x00, 
	0x00, 0x00, 0x00, 0x00, 0x31, 0xd7, 0x6c, 0x65, 
	0x20, 0xcd, 0x00, 0x00, 0x00, 0x00, 0x00, 0x00, 
	0x00, 0x00, 0x00, 0x00, 0x42, 0x5b, 0x6c, 0x25, 
	0x29, 0x91, 0x00, 0x00, 0x00, 0x00, 0x00, 0x00, 
	0x00, 0x00, 0x00, 0x00, 0x29, 0x55, 0x7b, 0xe3, 
	0x21, 0x0f, 0x00, 0x00, 0x00, 0x00, 0x00, 0x00, 
	0x00, 0x00, 0x00, 0x00, 0x31, 0x4d, 0x83, 0x99, 
	0x4a, 0x1b, 0x6b, 0x5f, 0x00, 0x00, 0x00, 0x00, 
	0x00, 0x00, 0x00, 0x00, 0x3a, 0x5b, 0x7b, 0xe3, 
	0x10, 0x49, 0x00, 0x00, 0x00, 0x00, 0x00, 0x00, 
	0x00, 0x00, 0x00, 0x00, 0x31, 0x53, 0x53, 0x5f, 
	0x21, 0x4f, 0x00, 0x00, 0x00, 0x00, 0x00, 0x00, 
	0x00, 0x00, 0x00, 0x00, 0x31, 0xdb, 0x7c, 0x23, 
	0x21, 0x0d, 0x00, 0x00, 0x00, 0x00, 0x00, 0x00, 
	0x00, 0x00, 0x00, 0x00, 0x29, 0x53, 0x4a, 0x57, 
	0x73, 0x61, 0x00, 0x00, 0x00, 0x00, 0x00, 0x00, 
	0x00, 0x00, 0x00, 0x00, 0x3a, 0x5b, 0xbd, 0x6d, 
	0x10, 0x49, 0x00, 0x00, 0x00, 0x00, 0x00, 0x00, 
	0x00, 0x00, 0x00, 0x00, 0x31, 0x53, 0x42, 0x59, 
	0x21, 0x4f, 0x00, 0x00, 0x00, 0x00, 0x00, 0x00, 
	0x00, 0x00, 0x00, 0x00, 0x31, 0xdb, 0x9d, 0x29, 
	0x29, 0x51, 0x00, 0x00, 0x00, 0x00, 0x00, 0x00, 
	0x00, 0x00, 0x00, 0x00, 0x29, 0x53, 0x4a, 0x57, 
	0x3a, 0x5b, 0x3a, 0x5b, 0x29, 0x95, 0x29, 0x95, 
	0x29, 0x53, 0x29, 0x53, 0x31, 0xd5, 0xbd, 0xaf, 
	0x42, 0x9b, 0x3a, 0x19, 0x42, 0x17, 0x42, 0x17, 
	0x31, 0xd9, 0x31, 0xd9, 0x29, 0x13, 0x29, 0x13, 
	0x18, 0x87, 0x18, 0x87, 0x32, 0x1b, 0x32, 0x1b, 
	0x29, 0x95, 0x29, 0x95, 0x21, 0x91, 0xa5, 0x2d, 
	0x21, 0x4f, 0x21, 0x0b, 0x29, 0x55, 0x29, 0xd9, 
	0x4a, 0xe1, 0x3a, 0x5d, 0x31, 0xdb, 0x31, 0xdb, 
	0xac, 0xe7, 0x8c, 0x23, 0x5b, 0xe3, 0x5b, 0xe3, 
	0x63, 0x5d, 0x5b, 0x1b, 0x31, 0xd5, 0xbd, 0xaf, 
	0x6b, 0xe5, 0x8d, 0x2d, 0x95, 0xaf, 0x95, 0xaf, 
	0xa5, 0xf1, 0xa5, 0xf1, 0xbe, 0x75, 0xbe, 0x75, 
	0xc6, 0xb7, 0xc6, 0xb7, 0xbe, 0x77, 0x8c, 0xeb, 
	0x6c, 0x23, 0x5b, 0x5f, 0x21, 0x91, 0xd6, 0x77, 
	0x21, 0x4f, 0x32, 0x9b, 0x3b, 0x23, 0x43, 0xa3, 
	0x63, 0xe5, 0x7c, 0xa9, 0xc5, 0xf1, 0xc5, 0xf1, 
	0x39, 0x95, 0x18, 0x8b, 0x29, 0x4f, 0x29, 0x4d, 
	0x29, 0x4d, 0x29, 0x0f, 0x29, 0x93, 0xb5, 0x29, 
	0x42, 0x17, 0x42, 0x17, 0x41, 0xcd, 0x41, 0xcd, 
	0x42, 0x11, 0x39, 0xcf, 0x31, 0xd1, 0x39, 0xd3, 
	0x31, 0x4b, 0x42, 0x0f, 0x42, 0x55, 0x19, 0x4f, 
	0x10, 0xcb, 0x10, 0xcb, 0x29, 0x93, 0x8c, 0xa7, 
	0x21, 0x4d, 0x21, 0x8f, 0x29, 0xd7, 0x21, 0x53, 
	0x19, 0x0f, 0x18, 0xcf, 0x08, 0x47, 0x29, 0x91, 
	0x31, 0x53, 0x00, 0x00, 0x00, 0x00, 0x00, 0x00, 
	0x00, 0x00, 0x00, 0x00, 0x6b, 0x5d, 0xb5, 0x29, 
	0x31, 0x53, 0x00, 0x00, 0x00, 0x00, 0x00, 0x00, 
	0x00, 0x00, 0x00, 0x00, 0x29, 0x09, 0x42, 0x59, 
	0x29, 0x09, 0x00, 0x00, 0x00, 0x00, 0x00, 0x00, 
	0x00, 0x00, 0x00, 0x00, 0x29, 0x93, 0x9c, 0xe9, 
	0x32, 0x13, 0x00, 0x00, 0x00, 0x00, 0x00, 0x00, 
	0x00, 0x00, 0x00, 0x00, 0x21, 0x4f, 0x42, 0x57, 
	0x29, 0x0f, 0x00, 0x00, 0x00, 0x00, 0x00, 0x00, 
	0x00, 0x00, 0x00, 0x00, 0x3a, 0x15, 0x8d, 0x2b, 
	0x5b, 0x1d, 0x00, 0x00, 0x00, 0x00, 0x00, 0x00, 
	0x00, 0x00, 0x00, 0x00, 0x29, 0x49, 0x53, 0x1b, 
	0x29, 0x4b, 0x00, 0x00, 0x00, 0x00, 0x00, 0x00, 
	0x00, 0x00, 0x00, 0x00, 0x39, 0x99, 0x6b, 0xe3, 
	0x29, 0x93, 0x00, 0x00, 0x00, 0x00, 0x00, 0x00, 
	0x00, 0x00, 0x00, 0x00, 0x29, 0x15, 0x52, 0x95, 
	0x29, 0x11, 0x00, 0x00, 0x00, 0x00, 0x00, 0x00, 
	0x00, 0x00, 0x00, 0x00, 0x3a, 0x15, 0x8d, 0x2b, 
	0x52, 0x9b, 0x00, 0x00, 0x00, 0x00, 0x00, 0x00, 
	0x00, 0x00, 0x00, 0x00, 0x31, 0xcf, 0x63, 0xe1, 
	0x31, 0xcf, 0x00, 0x00, 0x00, 0x00, 0x00, 0x00, 
	0x00, 0x00, 0x00, 0x00, 0x39, 0x99, 0x5b, 0x1f, 
	0x42, 0x99, 0x00, 0x00, 0x00, 0x00, 0x00, 0x00, 
	0x00, 0x00, 0x00, 0x00, 0x29, 0x15, 0x52, 0x95, 
	0x29, 0x11, 0x00, 0x00, 0x00, 0x00, 0x00, 0x00, 
	0x00, 0x00, 0x00, 0x00, 0x3a, 0x57, 0x74, 0x67, 
	0x6b, 0x5b, 0x00, 0x00, 0x00, 0x00, 0x00, 0x00, 
	0x00, 0x00, 0x00, 0x00, 0x4a, 0x9b, 0x84, 0x65, 
	0x31, 0xd1, 0x00, 0x00, 0x00, 0x00, 0x00, 0x00, 
	0x00, 0x00, 0x00, 0x00, 0x29, 0x95, 0x52, 0xd9, 
	0x32, 0x13, 0x00, 0x00, 0x00, 0x00, 0x00, 0x00, 
	0x00, 0x00, 0x00, 0x00, 0x21, 0x17, 0x6b, 0x1f, 
	0x21, 0x13, 0x00, 0x00, 0x00, 0x00, 0x00, 0x00, 
	0x00, 0x00, 0x00, 0x00, 0x3a, 0x57, 0x53, 0x1d, 
	0x39, 0xcd, 0x00, 0x00, 0x00, 0x00, 0x00, 0x00, 
	0x00, 0x00, 0x00, 0x00, 0x4a, 0x9b, 0xb5, 0xf1, 
	0x42, 0x55, 0x00, 0x00, 0x00, 0x00, 0x00, 0x00, 
	0x00, 0x00, 0x00, 0x00, 0x29, 0x95, 0x42, 0x57, 
	0x31, 0xd3, 0x00, 0x00, 0x00, 0x00, 0x00, 0x00, 
	0x00, 0x00, 0x00, 0x00, 0x21, 0x17, 0xac, 0xe7, 
	0x21, 0x95, 0x2a, 0x5b, 0x31, 0xd9, 0x31, 0xd9, 
	0x29, 0x99, 0x29, 0x99, 0x3a, 0x59, 0x3a, 0x59, 
	0x19, 0x13, 0x19, 0x13, 0x29, 0x13, 0x29, 0x13, 
	0x31, 0x51, 0x41, 0xd5, 0x3a, 0x53, 0xc6, 0x2f, 
	0x3a, 0x13, 0x3a, 0x13, 0x3a, 0x15, 0x3a, 0x15, 
	0x29, 0xd5, 0x29, 0xd5, 0x19, 0x0f, 0x42, 0x57, 
	0x21, 0x4f, 0x21, 0x4f, 0x4a, 0x0f, 0x4a, 0x0f, 
	0x4a, 0x11, 0x4a, 0x11, 0x32, 0x1b, 0xbd, 0xad, 
	0x2a, 0x5b, 0x3b, 0x61, 0x64, 0x67, 0x64, 0x67, 
	0x95, 0x6f, 0xa5, 0xf1, 0xad, 0xf1, 0xad, 0xf1, 
	0xc5, 0xf1, 0xc5, 0xf1, 0xad, 0x29, 0xad, 0x29, 
	0x8c, 0x23, 0x5a, 0x99, 0x5b, 0x59, 0xc6, 0x2f, 
	0x42, 0x55, 0x52, 0xd9, 0x6b, 0x5f, 0x8c, 0x65, 
	0xad, 0x6b, 0xad, 0x6b, 0xce, 0x33, 0xce, 0x33, 
	0xb5, 0xf1, 0xb5, 0xf1, 0x8d, 0x2b, 0x84, 0xe7, 
	0x7c, 0x65, 0x6b, 0x9f, 0x32, 0x1b, 0xad, 0x2b, 
	
};

Gfx hmc_dl_thi_1_0xe005820_custom_rgba16_rgba16_aligner[] = {gsSPEndDisplayList()};
u8 hmc_dl_thi_1_0xe005820_custom_rgba16_rgba16[] = {
	0x18, 0xc7, 0x18, 0xc7, 0x18, 0xc7, 0x10, 0x85, 
	0x10, 0x85, 0x10, 0x85, 0x10, 0x85, 0x10, 0x85, 
	0x10, 0x85, 0x10, 0x85, 0x10, 0x85, 0x10, 0x85, 
	0x18, 0xc7, 0x21, 0x09, 0x18, 0xc7, 0x10, 0x85, 
	0x10, 0x85, 0x10, 0x85, 0x10, 0x85, 0x18, 0xc7, 
	0x18, 0xc7, 0x18, 0xc7, 0x18, 0xc7, 0x18, 0xc7, 
	0x10, 0x85, 0x10, 0x85, 0x10, 0x85, 0x10, 0x85, 
	0x10, 0x85, 0x18, 0xc7, 0x18, 0xc7, 0x18, 0xc7, 
	0x18, 0xc7, 0x18, 0xc7, 0x18, 0xc7, 0x18, 0xc7, 
	0x10, 0x85, 0x10, 0x85, 0x10, 0x85, 0x10, 0x85, 
	0x10, 0x85, 0x10, 0x85, 0x10, 0x85, 0x10, 0x85, 
	0x18, 0xc7, 0x18, 0xc7, 0x18, 0xc7, 0x18, 0xc7, 
	0x10, 0x85, 0x10, 0x85, 0x10, 0x85, 0x10, 0x85, 
	0x18, 0xc7, 0x18, 0xc7, 0x18, 0xc7, 0x18, 0xc7, 
	0x18, 0xc7, 0x10, 0x85, 0x10, 0x85, 0x10, 0x85, 
	0x10, 0x85, 0x10, 0x85, 0x18, 0xc7, 0x18, 0xc7, 
	0x10, 0x85, 0x18, 0xc7, 0x18, 0xc7, 0x18, 0xc7, 
	0x18, 0xc7, 0x18, 0xc7, 0x18, 0xc7, 0x10, 0x85, 
	0x10, 0x85, 0x10, 0x85, 0x10, 0x85, 0x10, 0x85, 
	0x10, 0x85, 0x18, 0xc7, 0x18, 0xc7, 0x18, 0xc7, 
	0x18, 0xc7, 0x10, 0x85, 0x10, 0x85, 0x10, 0x85, 
	0x10, 0x85, 0x18, 0xc7, 0x18, 0xc7, 0x18, 0xc7, 
	0x18, 0xc7, 0x18, 0xc7, 0x10, 0x85, 0x10, 0x85, 
	0x10, 0x85, 0x10, 0x85, 0x10, 0x85, 0x10, 0x85, 
	0x10, 0x85, 0x10, 0x85, 0x18, 0xc7, 0x18, 0xc7, 
	0x18, 0xc7, 0x18, 0xc7, 0x18, 0xc7, 0x18, 0xc7, 
	0x18, 0xc7, 0x10, 0x85, 0x10, 0x85, 0x10, 0x85, 
	0x10, 0x85, 0x10, 0x85, 0x18, 0xc7, 0x18, 0xc7, 
	0x18, 0xc7, 0x18, 0xc7, 0x10, 0x85, 0x10, 0x85, 
	0x10, 0x85, 0x10, 0x85, 0x18, 0xc7, 0x18, 0xc7, 
	0x18, 0xc7, 0x18, 0xc7, 0x18, 0xc7, 0x10, 0x85, 
	0x10, 0x85, 0x10, 0x85, 0x10, 0x85, 0x10, 0x85, 
	0x10, 0x85, 0x10, 0x85, 0x10, 0x85, 0x10, 0x85, 
	0x18, 0xc7, 0x18, 0xc7, 0x18, 0xc7, 0x18, 0xc7, 
	0x18, 0xc7, 0x10, 0x85, 0x10, 0x85, 0x10, 0x85, 
	0x10, 0x85, 0x10, 0x85, 0x10, 0x85, 0x18, 0xc7, 
	0x18, 0xc7, 0x18, 0xc7, 0x18, 0xc7, 0x18, 0xc7, 
	0x18, 0xc7, 0x18, 0xc7, 0x18, 0xc7, 0x18, 0xc7, 
	0x18, 0xc7, 0x18, 0xc7, 0x18, 0xc7, 0x18, 0xc7, 
	0x10, 0x85, 0x10, 0x85, 0x10, 0x85, 0x10, 0x85, 
	0x10, 0x85, 0x10, 0x85, 0x10, 0x85, 0x10, 0x85, 
	0x10, 0x85, 0x18, 0xc7, 0x18, 0xc7, 0x18, 0xc7, 
	0x18, 0xc7, 0x18, 0xc7, 0x10, 0x85, 0x10, 0x85, 
	0x10, 0x85, 0x10, 0x85, 0x10, 0x85, 0x10, 0x85, 
	0x10, 0x85, 0x10, 0x85, 0x10, 0x85, 0x18, 0xc7, 
	0x18, 0xc7, 0x18, 0xc7, 0x18, 0xc7, 0x18, 0xc7, 
	0x18, 0xc7, 0x18, 0xc7, 0x18, 0xc7, 0x18, 0xc7, 
	0x18, 0xc7, 0x18, 0xc7, 0x10, 0x85, 0x10, 0x85, 
	0x10, 0x85, 0x10, 0x85, 0x10, 0x85, 0x10, 0x85, 
	0x10, 0x85, 0x10, 0x85, 0x10, 0x85, 0x18, 0xc7, 
	0x18, 0xc7, 0x18, 0xc7, 0x18, 0xc7, 0x10, 0x85, 
	0x10, 0x85, 0x10, 0x85, 0x10, 0x85, 0x10, 0x85, 
	0x10, 0x85, 0x10, 0x85, 0x10, 0x85, 0x10, 0x85, 
	0x18, 0xc7, 0x18, 0xc7, 0x18, 0xc7, 0x18, 0xc7, 
	0x18, 0xc7, 0x10, 0x85, 0x18, 0xc7, 0x18, 0xc7, 
	0x18, 0xc7, 0x18, 0xc7, 0x18, 0xc7, 0x10, 0x85, 
	0x18, 0xc7, 0x10, 0x85, 0x10, 0x85, 0x10, 0x85, 
	0x10, 0x85, 0x10, 0x85, 0x10, 0x85, 0x10, 0x85, 
	0x10, 0x85, 0x18, 0xc7, 0x18, 0xc7, 0x18, 0xc7, 
	0x18, 0xc7, 0x10, 0x85, 0x10, 0x85, 0x10, 0x85, 
	0x10, 0x85, 0x10, 0x85, 0x10, 0x85, 0x10, 0x85, 
	0x10, 0x85, 0x10, 0x85, 0x18, 0xc7, 0x18, 0xc7, 
	0x18, 0xc7, 0x18, 0xc7, 0x10, 0x85, 0x18, 0xc7, 
	0x18, 0xc7, 0x18, 0xc7, 0x18, 0xc7, 0x18, 0xc7, 
	0x18, 0xc7, 0x18, 0xc7, 0x10, 0x85, 0x10, 0x85, 
	0x10, 0x85, 0x10, 0x85, 0x10, 0x85, 0x10, 0x85, 
	0x10, 0x85, 0x10, 0x85, 0x18, 0xc7, 0x18, 0xc7, 
	0x18, 0xc7, 0x18, 0xc7, 0x18, 0xc7, 0x18, 0xc7, 
	0x10, 0x85, 0x10, 0x85, 0x10, 0x85, 0x10, 0x85, 
	0x10, 0x85, 0x10, 0x85, 0x18, 0xc7, 0x18, 0xc7, 
	0x18, 0xc7, 0x18, 0xc7, 0x10, 0x85, 0x10, 0x85, 
	0x10, 0x85, 0x18, 0xc7, 0x18, 0xc7, 0x18, 0xc7, 
	0x18, 0xc7, 0x18, 0xc7, 0x18, 0xc7, 0x18, 0xc7, 
	0x10, 0x85, 0x10, 0x85, 0x10, 0x85, 0x10, 0x85, 
	0x10, 0x85, 0x10, 0x85, 0x10, 0x85, 0x10, 0x85, 
	0x10, 0x85, 0x18, 0xc7, 0x18, 0xc7, 0x18, 0xc7, 
	0x18, 0xc7, 0x10, 0x85, 0x10, 0x85, 0x10, 0x85, 
	0x10, 0x85, 0x10, 0x85, 0x10, 0x85, 0x18, 0xc7, 
	0x18, 0xc7, 0x18, 0xc7, 0x18, 0xc7, 0x10, 0x85, 
	0x10, 0x85, 0x10, 0x85, 0x18, 0xc7, 0x18, 0xc7, 
	0x18, 0xc7, 0x18, 0xc7, 0x18, 0xc7, 0x18, 0xc7, 
	0x18, 0xc7, 0x18, 0xc7, 0x10, 0x85, 0x10, 0x85, 
	0x10, 0x85, 0x10, 0x85, 0x10, 0x85, 0x10, 0x85, 
	0x10, 0x85, 0x10, 0x85, 0x18, 0xc7, 0x18, 0xc7, 
	0x18, 0xc7, 0x18, 0xc7, 0x10, 0x85, 0x10, 0x85, 
	0x10, 0x85, 0x10, 0x85, 0x10, 0x85, 0x10, 0x85, 
	0x18, 0xc7, 0x18, 0xc7, 0x18, 0xc7, 0x18, 0xc7, 
	0x10, 0x85, 0x10, 0x85, 0x10, 0x85, 0x10, 0x85, 
	0x10, 0x85, 0x10, 0x85, 0x18, 0xc7, 0x18, 0xc7, 
	0x18, 0xc7, 0x18, 0xc7, 0x18, 0xc7, 0x18, 0xc7, 
	0x10, 0x85, 0x10, 0x85, 0x10, 0x85, 0x10, 0x85, 
	0x10, 0x85, 0x10, 0x85, 0x10, 0x85, 0x18, 0xc7, 
	0x18, 0xc7, 0x18, 0xc7, 0x18, 0xc7, 0x10, 0x85, 
	0x10, 0x85, 0x10, 0x85, 0x10, 0x85, 0x10, 0x85, 
	0x10, 0x85, 0x18, 0xc7, 0x18, 0xc7, 0x18, 0xc7, 
	0x10, 0x85, 0x10, 0x85, 0x10, 0x85, 0x10, 0x85, 
	0x10, 0x85, 0x10, 0x85, 0x10, 0x85, 0x10, 0x85, 
	0x10, 0x85, 0x18, 0xc7, 0x18, 0xc7, 0x18, 0xc7, 
	0x18, 0xc7, 0x18, 0xc7, 0x18, 0xc7, 0x10, 0x85, 
	0x10, 0x85, 0x10, 0x85, 0x10, 0x85, 0x10, 0x85, 
	0x18, 0xc7, 0x18, 0xc7, 0x18, 0xc7, 0x10, 0x85, 
	0x10, 0x85, 0x10, 0x85, 0x10, 0x85, 0x10, 0x85, 
	0x10, 0x85, 0x10, 0x85, 0x18, 0xc7, 0x18, 0xc7, 
	0x18, 0xc7, 0x10, 0x85, 0x10, 0x85, 0x10, 0x85, 
	0x10, 0x85, 0x10, 0x85, 0x10, 0x85, 0x10, 0x85, 
	0x10, 0x85, 0x10, 0x85, 0x18, 0xc7, 0x18, 0xc7, 
	0x18, 0xc7, 0x18, 0xc7, 0x18, 0xc7, 0x18, 0xc7, 
	0x10, 0x85, 0x10, 0x85, 0x10, 0x85, 0x10, 0x85, 
	0x10, 0x85, 0x18, 0xc7, 0x18, 0xc7, 0x18, 0xc7, 
	0x10, 0x85, 0x10, 0x85, 0x10, 0x85, 0x10, 0x85, 
	0x10, 0x85, 0x10, 0x85, 0x10, 0x85, 0x18, 0xc7, 
	0x18, 0xc7, 0x18, 0xc7, 0x10, 0x85, 0x10, 0x85, 
	0x10, 0x85, 0x10, 0x85, 0x10, 0x85, 0x10, 0x85, 
	0x10, 0x85, 0x10, 0x85, 0x10, 0x85, 0x10, 0x85, 
	0x18, 0xc7, 0x18, 0xc7, 0x18, 0xc7, 0x18, 0xc7, 
	0x10, 0x85, 0x10, 0x85, 0x10, 0x85, 0x10, 0x85, 
	0x10, 0x85, 0x18, 0xc7, 0x18, 0xc7, 0x18, 0xc7, 
	0x18, 0xc7, 0x10, 0x85, 0x10, 0x85, 0x10, 0x85, 
	0x10, 0x85, 0x10, 0x85, 0x10, 0x85, 0x10, 0x85, 
	0x18, 0xc7, 0x18, 0xc7, 0x18, 0xc7, 0x18, 0xc7, 
	0x18, 0xc7, 0x10, 0x85, 0x10, 0x85, 0x10, 0x85, 
	0x10, 0x85, 0x10, 0x85, 0x10, 0x85, 0x10, 0x85, 
	0x10, 0x85, 0x18, 0xc7, 0x18, 0xc7, 0x18, 0xc7, 
	0x18, 0xc7, 0x10, 0x85, 0x10, 0x85, 0x10, 0x85, 
	0x10, 0x85, 0x10, 0x85, 0x18, 0xc7, 0x18, 0xc7, 
	0x18, 0xc7, 0x10, 0x85, 0x10, 0x85, 0x10, 0x85, 
	0x10, 0x85, 0x10, 0x85, 0x10, 0x85, 0x10, 0x85, 
	0x18, 0xc7, 0x18, 0xc7, 0x18, 0xc7, 0x18, 0xc7, 
	0x18, 0xc7, 0x18, 0xc7, 0x10, 0x85, 0x10, 0x85, 
	0x10, 0x85, 0x10, 0x85, 0x10, 0x85, 0x10, 0x85, 
	0x10, 0x85, 0x10, 0x85, 0x10, 0x85, 0x18, 0xc7, 
	0x18, 0xc7, 0x18, 0xc7, 0x10, 0x85, 0x10, 0x85, 
	0x10, 0x85, 0x10, 0x85, 0x10, 0x85, 0x18, 0xc7, 
	0x18, 0xc7, 0x18, 0xc7, 0x10, 0x85, 0x10, 0x85, 
	0x10, 0x85, 0x10, 0x85, 0x10, 0x85, 0x10, 0x85, 
	0x10, 0x85, 0x18, 0xc7, 0x18, 0xc7, 0x18, 0xc7, 
	0x18, 0xc7, 0x18, 0xc7, 0x18, 0xc7, 0x10, 0x85, 
	0x10, 0x85, 0x10, 0x85, 0x10, 0x85, 0x10, 0x85, 
	0x10, 0x85, 0x10, 0x85, 0x10, 0x85, 0x18, 0xc7, 
	0x18, 0xc7, 0x18, 0xc7, 0x18, 0xc7, 0x10, 0x85, 
	0x10, 0x85, 0x10, 0x85, 0x10, 0x85, 0x10, 0x85, 
	0x18, 0xc7, 0x18, 0xc7, 0x18, 0xc7, 0x10, 0x85, 
	0x10, 0x85, 0x10, 0x85, 0x10, 0x85, 0x10, 0x85, 
	0x10, 0x85, 0x10, 0x85, 0x18, 0xc7, 0x18, 0xc7, 
	0x18, 0xc7, 0x18, 0xc7, 0x18, 0xc7, 0x18, 0xc7, 
	0x18, 0xc7, 0x10, 0x85, 0x10, 0x85, 0x10, 0x85, 
	0x10, 0x85, 0x10, 0x85, 0x10, 0x85, 0x10, 0x85, 
	0x18, 0xc7, 0x18, 0xc7, 0x18, 0xc7, 0x18, 0xc7, 
	0x10, 0x85, 0x10, 0x85, 0x10, 0x85, 0x10, 0x85, 
	0x18, 0xc7, 0x18, 0xc7, 0x18, 0xc7, 0x18, 0xc7, 
	0x10, 0x85, 0x10, 0x85, 0x10, 0x85, 0x10, 0x85, 
	0x10, 0x85, 0x10, 0x85, 0x10, 0x85, 0x18, 0xc7, 
	0x18, 0xc7, 0x18, 0xc7, 0x18, 0xc7, 0x18, 0xc7, 
	0x18, 0xc7, 0x10, 0x85, 0x10, 0x85, 0x10, 0x85, 
	0x10, 0x85, 0x10, 0x85, 0x10, 0x85, 0x10, 0x85, 
	0x10, 0x85, 0x18, 0xc7, 0x18, 0xc7, 0x18, 0xc7, 
	0x10, 0x85, 0x10, 0x85, 0x10, 0x85, 0x10, 0x85, 
	0x10, 0x85, 0x18, 0xc7, 0x18, 0xc7, 0x18, 0xc7, 
	0x10, 0x85, 0x10, 0x85, 0x10, 0x85, 0x10, 0x85, 
	0x10, 0x85, 0x10, 0x85, 0x10, 0x85, 0x10, 0x85, 
	0x10, 0x85, 0x18, 0xc7, 0x18, 0xc7, 0x18, 0xc7, 
	0x18, 0xc7, 0x18, 0xc7, 0x10, 0x85, 0x10, 0x85, 
	0x10, 0x85, 0x10, 0x85, 0x10, 0x85, 0x10, 0x85, 
	0x10, 0x85, 0x18, 0xc7, 0x18, 0xc7, 0x18, 0xc7, 
	0x18, 0xc7, 0x10, 0x85, 0x10, 0x85, 0x10, 0x85, 
	0x10, 0x85, 0x10, 0x85, 0x18, 0xc7, 0x18, 0xc7, 
	0x18, 0xc7, 0x10, 0x85, 0x10, 0x85, 0x10, 0x85, 
	0x10, 0x85, 0x10, 0x85, 0x10, 0x85, 0x10, 0x85, 
	0x10, 0x85, 0x10, 0x85, 0x10, 0x85, 0x18, 0xc7, 
	0x18, 0xc7, 0x18, 0xc7, 0x18, 0xc7, 0x10, 0x85, 
	0x10, 0x85, 0x10, 0x85, 0x10, 0x85, 0x10, 0x85, 
	0x10, 0x85, 0x18, 0xc7, 0x18, 0xc7, 0x18, 0xc7, 
	0x18, 0xc7, 0x10, 0x85, 0x10, 0x85, 0x10, 0x85, 
	0x10, 0x85, 0x10, 0x85, 0x18, 0xc7, 0x18, 0xc7, 
	0x18, 0xc7, 0x10, 0x85, 0x10, 0x85, 0x10, 0x85, 
	0x10, 0x85, 0x10, 0x85, 0x10, 0x85, 0x10, 0x85, 
	0x10, 0x85, 0x10, 0x85, 0x10, 0x85, 0x18, 0xc7, 
	0x18, 0xc7, 0x18, 0xc7, 0x18, 0xc7, 0x10, 0x85, 
	0x10, 0x85, 0x10, 0x85, 0x10, 0x85, 0x10, 0x85, 
	0x10, 0x85, 0x18, 0xc7, 0x18, 0xc7, 0x18, 0xc7, 
	0x18, 0xc7, 0x18, 0xc7, 0x10, 0x85, 0x10, 0x85, 
	0x10, 0x85, 0x10, 0x85, 0x10, 0x85, 0x10, 0x85, 
	0x18, 0xc7, 0x18, 0xc7, 0x10, 0x85, 0x10, 0x85, 
	0x10, 0x85, 0x10, 0x85, 0x10, 0x85, 0x10, 0x85, 
	0x10, 0x85, 0x10, 0x85, 0x10, 0x85, 0x18, 0xc7, 
	0x18, 0xc7, 0x18, 0xc7, 0x18, 0xc7, 0x18, 0xc7, 
	0x10, 0x85, 0x10, 0x85, 0x10, 0x85, 0x10, 0x85, 
	0x10, 0x85, 0x10, 0x85, 0x18, 0xc7, 0x18, 0xc7, 
	0x18, 0xc7, 0x18, 0xc7, 0x10, 0x85, 0x10, 0x85, 
	0x10, 0x85, 0x10, 0x85, 0x10, 0x85, 0x10, 0x85, 
	0x18, 0xc7, 0x18, 0xc7, 0x18, 0xc7, 0x10, 0x85, 
	0x10, 0x85, 0x10, 0x85, 0x10, 0x85, 0x10, 0x85, 
	0x10, 0x85, 0x10, 0x85, 0x10, 0x85, 0x10, 0x85, 
	0x18, 0xc7, 0x18, 0xc7, 0x18, 0xc7, 0x18, 0xc7, 
	0x18, 0xc7, 0x10, 0x85, 0x10, 0x85, 0x10, 0x85, 
	0x10, 0x85, 0x10, 0x85, 0x10, 0x85, 0x18, 0xc7, 
	0x18, 0xc7, 0x18, 0xc7, 0x18, 0xc7, 0x10, 0x85, 
	0x10, 0x85, 0x10, 0x85, 0x10, 0x85, 0x10, 0x85, 
	0x10, 0x85, 0x10, 0x85, 0x18, 0xc7, 0x18, 0xc7, 
	0x10, 0x85, 0x10, 0x85, 0x10, 0x85, 0x10, 0x85, 
	0x10, 0x85, 0x10, 0x85, 0x10, 0x85, 0x10, 0x85, 
	0x10, 0x85, 0x18, 0xc7, 0x18, 0xc7, 0x18, 0xc7, 
	0x18, 0xc7, 0x18, 0xc7, 0x10, 0x85, 0x10, 0x85, 
	0x10, 0x85, 0x10, 0x85, 0x10, 0x85, 0x18, 0xc7, 
	0x18, 0xc7, 0x21, 0x09, 0x18, 0xc7, 0x10, 0x85, 
	0x10, 0x85, 0x10, 0x85, 0x10, 0x85, 0x10, 0x85, 
	0x10, 0x85, 0x10, 0x85, 0x18, 0xc7, 0x18, 0xc7, 
	0x10, 0x85, 0x10, 0x85, 0x10, 0x85, 0x10, 0x85, 
	0x10, 0x85, 0x10, 0x85, 0x10, 0x85, 0x10, 0x85, 
	0x10, 0x85, 0x18, 0xc7, 0x10, 0x85, 0x18, 0xc7, 
	0x18, 0xc7, 0x18, 0xc7, 0x18, 0xc7, 0x10, 0x85, 
	0x10, 0x85, 0x10, 0x85, 0x10, 0x85, 0x18, 0xc7, 
	0x18, 0xc7, 0x18, 0xc7, 0x18, 0xc7, 0x18, 0xc7, 
	0x10, 0x85, 0x10, 0x85, 0x10, 0x85, 0x10, 0x85, 
	0x10, 0x85, 0x10, 0x85, 0x10, 0x85, 0x18, 0xc7, 
	0x18, 0xc7, 0x10, 0x85, 0x10, 0x85, 0x10, 0x85, 
	0x10, 0x85, 0x10, 0x85, 0x10, 0x85, 0x10, 0x85, 
	0x10, 0x85, 0x10, 0x85, 0x10, 0x85, 0x18, 0xc7, 
	0x18, 0xc7, 0x18, 0xc7, 0x18, 0xc7, 0x18, 0xc7, 
	0x10, 0x85, 0x10, 0x85, 0x10, 0x85, 0x10, 0x85, 
	0x18, 0xc7, 0x18, 0xc7, 0x18, 0xc7, 0x18, 0xc7, 
	0x18, 0xc7, 0x10, 0x85, 0x10, 0x85, 0x10, 0x85, 
	0x10, 0x85, 0x18, 0xc7, 0x10, 0x85, 0x18, 0xc7, 
	0x18, 0xc7, 0x18, 0xc7, 0x10, 0x85, 0x10, 0x85, 
	0x10, 0x85, 0x10, 0x85, 0x10, 0x85, 0x10, 0x85, 
	0x10, 0x85, 0x10, 0x85, 0x10, 0x85, 0x10, 0x85, 
	0x18, 0xc7, 0x18, 0xc7, 0x21, 0x09, 0x18, 0xc7, 
	0x18, 0xc7, 0x10, 0x85, 0x10, 0x85, 0x10, 0x85, 
	0x10, 0x85, 0x18, 0xc7, 0x18, 0xc7, 0x18, 0xc7, 
	0x18, 0xc7, 0x10, 0x85, 0x10, 0x85, 0x10, 0x85, 
	0x10, 0x85, 0x10, 0x85, 0x18, 0xc7, 0x18, 0xc7, 
	0x18, 0xc7, 0x18, 0xc7, 0x18, 0xc7, 0x10, 0x85, 
	0x10, 0x85, 0x10, 0x85, 0x10, 0x85, 0x10, 0x85, 
	0x10, 0x85, 0x10, 0x85, 0x10, 0x85, 0x10, 0x85, 
	0x10, 0x85, 0x18, 0xc7, 0x18, 0xc7, 0x18, 0xc7, 
	0x18, 0xc7, 0x18, 0xc7, 0x10, 0x85, 0x10, 0x85, 
	0x10, 0x85, 0x18, 0xc7, 0x18, 0xc7, 0x18, 0xc7, 
	0x18, 0xc7, 0x18, 0xc7, 0x10, 0x85, 0x10, 0x85, 
	0x10, 0x85, 0x10, 0x85, 0x10, 0x85, 0x18, 0xc7, 
	0x18, 0xc7, 0x18, 0xc7, 0x18, 0xc7, 0x18, 0xc7, 
	0x18, 0xc7, 0x10, 0x85, 0x10, 0x85, 0x10, 0x85, 
	0x10, 0x85, 0x10, 0x85, 0x10, 0x85, 0x10, 0x85, 
	0x10, 0x85, 0x10, 0x85, 0x10, 0x85, 0x18, 0xc7, 
	0x18, 0xc7, 0x18, 0xc7, 0x10, 0x85, 0x10, 0x85, 
	0x10, 0x85, 0x10, 0x85, 0x18, 0xc7, 0x18, 0xc7, 
	0x21, 0x09, 0x18, 0xc7, 0x18, 0xc7, 0x10, 0x85, 
	0x10, 0x85, 0x10, 0x85, 0x10, 0x85, 0x10, 0x85, 
	0x18, 0xc7, 0x18, 0xc7, 0x18, 0xc7, 0x18, 0xc7, 
	0x18, 0xc7, 0x18, 0xc7, 0x10, 0x85, 0x10, 0x85, 
	0x10, 0x85, 0x10, 0x85, 0x10, 0x85, 0x10, 0x85, 
	0x10, 0x85, 0x10, 0x85, 0x10, 0x85, 0x18, 0xc7, 
	0x18, 0xc7, 0x18, 0xc7, 0x18, 0xc7, 0x10, 0x85, 
	0x10, 0x85, 0x10, 0x85, 0x10, 0x85, 0x18, 0xc7, 
	0x18, 0xc7, 0x18, 0xc7, 0x18, 0xc7, 0x10, 0x85, 
	0x10, 0x85, 0x10, 0x85, 0x10, 0x85, 0x10, 0x85, 
	0x10, 0x85, 0x18, 0xc7, 0x18, 0xc7, 0x18, 0xc7, 
	
};

Vtx hmc_dl_DL_thi_1_0xe024db0_Obj_mesh_layer_1_vtx_0[600] = {
	{{{-16743, 19608, 1446},0, {743, 762},{0xB7, 0xB7, 0xB7, 0xFF}}},
	{{{-16852, 19499, 1446},0, {256, 275},{0x49, 0x49, 0xB7, 0xFF}}},
	{{{-16852, 19608, 1446},0, {256, 762},{0x49, 0xB7, 0xB7, 0xFF}}},
	{{{-16743, 19499, 1446},0, {743, 275},{0xB7, 0x49, 0xB7, 0xFF}}},
	{{{-16743, 19499, 1408},0, {743, -894},{0xDA, 0x26, 0x8D, 0xFF}}},
	{{{-16852, 19499, 1446},0, {256, -721},{0x49, 0x49, 0xB7, 0xFF}}},
	{{{-16743, 19499, 1446},0, {743, -721},{0xB7, 0x49, 0xB7, 0xFF}}},
	{{{-16852, 19499, 1408},0, {256, -894},{0xB7, 0x49, 0xB7, 0xFF}}},
	{{{-16852, 19499, 1446},0, {685, -721},{0x49, 0x49, 0xB7, 0xFF}}},
	{{{-16852, 19608, 1408},0, {198, -894},{0x26, 0xDA, 0x8D, 0xFF}}},
	{{{-16852, 19608, 1446},0, {198, -721},{0x49, 0xB7, 0xB7, 0xFF}}},
	{{{-16852, 19499, 1408},0, {685, -894},{0xB7, 0x49, 0xB7, 0xFF}}},
	{{{-16852, 19608, 1408},0, {-320, -894},{0x26, 0xDA, 0x8D, 0xFF}}},
	{{{-16743, 19608, 1446},0, {-807, -721},{0xB7, 0xB7, 0xB7, 0xFF}}},
	{{{-16852, 19608, 1446},0, {-320, -721},{0x49, 0xB7, 0xB7, 0xFF}}},
	{{{-16743, 19608, 1408},0, {-807, -894},{0xDA, 0xDA, 0x8D, 0xFF}}},
	{{{-16743, 19499, 1408},0, {-749, -894},{0xDA, 0x26, 0x8D, 0xFF}}},
	{{{-16743, 19608, 1446},0, {-262, -721},{0xB7, 0xB7, 0xB7, 0xFF}}},
	{{{-16743, 19608, 1408},0, {-262, -894},{0xDA, 0xDA, 0x8D, 0xFF}}},
	{{{-16743, 19499, 1446},0, {-749, -721},{0xB7, 0x49, 0xB7, 0xFF}}},
	{{{-16852, 18925, 1446},0, {685, -721},{0x49, 0x49, 0xB7, 0xFF}}},
	{{{-16852, 19033, 1408},0, {198, -894},{0x73, 0xDA, 0xDA, 0xFF}}},
	{{{-16852, 19033, 1446},0, {198, -721},{0x49, 0xB7, 0xB7, 0xFF}}},
	{{{-16852, 18925, 1408},0, {685, -894},{0xB7, 0x49, 0xB7, 0xFF}}},
	{{{-16852, 19033, 1408},0, {-320, -894},{0x73, 0xDA, 0xDA, 0xFF}}},
	{{{-16743, 19033, 1446},0, {-807, -721},{0xB7, 0xB7, 0xB7, 0xFF}}},
	{{{-16852, 19033, 1446},0, {-320, -721},{0x49, 0xB7, 0xB7, 0xFF}}},
	{{{-16743, 19033, 1408},0, {-807, -894},{0xDA, 0xDA, 0x8D, 0xFF}}},
	{{{-16743, 18925, 1408},0, {743, -894},{0xDA, 0x26, 0x8D, 0xFF}}},
	{{{-16852, 18925, 1446},0, {256, -721},{0x49, 0x49, 0xB7, 0xFF}}},
	{{{-16743, 18925, 1446},0, {743, -721},{0xB7, 0x49, 0xB7, 0xFF}}},
	{{{-16852, 18925, 1408},0, {256, -894},{0xB7, 0x49, 0xB7, 0xFF}}},
	{{{-16743, 18925, 1408},0, {-749, -894},{0xDA, 0x26, 0x8D, 0xFF}}},
	{{{-16743, 19033, 1446},0, {-262, -721},{0xB7, 0xB7, 0xB7, 0xFF}}},
	{{{-16743, 19033, 1408},0, {-262, -894},{0xDA, 0xDA, 0x8D, 0xFF}}},
	{{{-16743, 18925, 1446},0, {-749, -721},{0xB7, 0x49, 0xB7, 0xFF}}},
	{{{-16743, 19033, 1446},0, {743, 762},{0xB7, 0xB7, 0xB7, 0xFF}}},
	{{{-16852, 18925, 1446},0, {256, 275},{0x49, 0x49, 0xB7, 0xFF}}},
	{{{-16852, 19033, 1446},0, {256, 762},{0x49, 0xB7, 0xB7, 0xFF}}},
	{{{-16743, 18925, 1446},0, {743, 275},{0xB7, 0x49, 0xB7, 0xFF}}},
	{{{-16852, 18303, 1446},0, {685, -721},{0x49, 0x49, 0xB7, 0xFF}}},
	{{{-16852, 18412, 1408},0, {198, -894},{0x49, 0xB7, 0x49, 0xFF}}},
	{{{-16852, 18412, 1446},0, {198, -721},{0x49, 0xB7, 0xB7, 0xFF}}},
	{{{-16852, 18303, 1408},0, {685, -894},{0xB7, 0x49, 0xB7, 0xFF}}},
	{{{-16852, 18412, 1408},0, {-320, -894},{0x49, 0xB7, 0x49, 0xFF}}},
	{{{-16743, 18412, 1446},0, {-807, -721},{0xB7, 0xB7, 0xB7, 0xFF}}},
	{{{-16852, 18412, 1446},0, {-320, -721},{0x49, 0xB7, 0xB7, 0xFF}}},
	{{{-16743, 18412, 1408},0, {-807, -894},{0xDA, 0xDA, 0x8D, 0xFF}}},
	{{{-16743, 18303, 1408},0, {-749, -894},{0xDA, 0x26, 0x8D, 0xFF}}},
	{{{-16743, 18412, 1446},0, {-262, -721},{0xB7, 0xB7, 0xB7, 0xFF}}},
	{{{-16743, 18412, 1408},0, {-262, -894},{0xDA, 0xDA, 0x8D, 0xFF}}},
	{{{-16743, 18303, 1446},0, {-749, -721},{0xB7, 0x49, 0xB7, 0xFF}}},
	{{{-16743, 18412, 1446},0, {743, 762},{0xB7, 0xB7, 0xB7, 0xFF}}},
	{{{-16852, 18303, 1446},0, {256, 275},{0x49, 0x49, 0xB7, 0xFF}}},
	{{{-16852, 18412, 1446},0, {256, 762},{0x49, 0xB7, 0xB7, 0xFF}}},
	{{{-16743, 18303, 1446},0, {743, 275},{0xB7, 0x49, 0xB7, 0xFF}}},
	{{{-16743, 18303, 1408},0, {743, -894},{0xDA, 0x26, 0x8D, 0xFF}}},
	{{{-16852, 18303, 1446},0, {256, -721},{0x49, 0x49, 0xB7, 0xFF}}},
	{{{-16743, 18303, 1446},0, {743, -721},{0xB7, 0x49, 0xB7, 0xFF}}},
	{{{-16852, 18303, 1408},0, {256, -894},{0xB7, 0x49, 0xB7, 0xFF}}},
	{{{-16852, 17628, 1446},0, {685, -721},{0x49, 0x49, 0xB7, 0xFF}}},
	{{{-16852, 17736, 1408},0, {198, -894},{0xB7, 0xB7, 0xB7, 0xFF}}},
	{{{-16852, 17736, 1446},0, {198, -721},{0x49, 0xB7, 0xB7, 0xFF}}},
	{{{-16852, 17628, 1408},0, {685, -894},{0x73, 0x26, 0xDA, 0xFF}}},
	{{{-16852, 17736, 1408},0, {-320, -894},{0xB7, 0xB7, 0xB7, 0xFF}}},
	{{{-16743, 17736, 1446},0, {-807, -721},{0xB7, 0xB7, 0xB7, 0xFF}}},
	{{{-16852, 17736, 1446},0, {-320, -721},{0x49, 0xB7, 0xB7, 0xFF}}},
	{{{-16743, 17736, 1408},0, {-807, -894},{0xDA, 0xDA, 0x8D, 0xFF}}},
	{{{-16743, 17628, 1408},0, {743, -894},{0xDA, 0x26, 0x8D, 0xFF}}},
	{{{-16852, 17628, 1446},0, {256, -721},{0x49, 0x49, 0xB7, 0xFF}}},
	{{{-16743, 17628, 1446},0, {743, -721},{0xB7, 0x49, 0xB7, 0xFF}}},
	{{{-16852, 17628, 1408},0, {256, -894},{0x73, 0x26, 0xDA, 0xFF}}},
	{{{-16743, 17736, 1446},0, {743, 762},{0xB7, 0xB7, 0xB7, 0xFF}}},
	{{{-16852, 17628, 1446},0, {256, 275},{0x49, 0x49, 0xB7, 0xFF}}},
	{{{-16852, 17736, 1446},0, {256, 762},{0x49, 0xB7, 0xB7, 0xFF}}},
	{{{-16743, 17628, 1446},0, {743, 275},{0xB7, 0x49, 0xB7, 0xFF}}},
	{{{-16743, 17628, 1408},0, {-749, -894},{0xDA, 0x26, 0x8D, 0xFF}}},
	{{{-16743, 17736, 1446},0, {-262, -721},{0xB7, 0xB7, 0xB7, 0xFF}}},
	{{{-16743, 17736, 1408},0, {-262, -894},{0xDA, 0xDA, 0x8D, 0xFF}}},
	{{{-16743, 17628, 1446},0, {-749, -721},{0xB7, 0x49, 0xB7, 0xFF}}},
	{{{-16852, 17058, 1408},0, {-320, -894},{0xB7, 0xB7, 0xB7, 0xFF}}},
	{{{-16743, 17058, 1446},0, {-807, -721},{0xB7, 0xB7, 0xB7, 0xFF}}},
	{{{-16852, 17058, 1446},0, {-320, -721},{0x49, 0xB7, 0xB7, 0xFF}}},
	{{{-16743, 17058, 1408},0, {-807, -894},{0xDA, 0xDA, 0x8D, 0xFF}}},
	{{{-16743, 17058, 1446},0, {743, 762},{0xB7, 0xB7, 0xB7, 0xFF}}},
	{{{-16852, 16949, 1446},0, {256, 275},{0x49, 0x49, 0xB7, 0xFF}}},
	{{{-16852, 17058, 1446},0, {256, 762},{0x49, 0xB7, 0xB7, 0xFF}}},
	{{{-16743, 16949, 1446},0, {743, 275},{0xB7, 0x49, 0xB7, 0xFF}}},
	{{{-16852, 16949, 1446},0, {685, -721},{0x49, 0x49, 0xB7, 0xFF}}},
	{{{-16852, 17058, 1408},0, {198, -894},{0xB7, 0xB7, 0xB7, 0xFF}}},
	{{{-16852, 17058, 1446},0, {198, -721},{0x49, 0xB7, 0xB7, 0xFF}}},
	{{{-16852, 16949, 1408},0, {685, -894},{0x73, 0x26, 0xDA, 0xFF}}},
	{{{-16743, 16949, 1408},0, {-749, -894},{0xDA, 0x26, 0x8D, 0xFF}}},
	{{{-16743, 17058, 1446},0, {-262, -721},{0xB7, 0xB7, 0xB7, 0xFF}}},
	{{{-16743, 17058, 1408},0, {-262, -894},{0xDA, 0xDA, 0x8D, 0xFF}}},
	{{{-16743, 16949, 1446},0, {-749, -721},{0xB7, 0x49, 0xB7, 0xFF}}},
	{{{-16743, 16949, 1408},0, {743, -894},{0xDA, 0x26, 0x8D, 0xFF}}},
	{{{-16852, 16949, 1446},0, {256, -721},{0x49, 0x49, 0xB7, 0xFF}}},
	{{{-16743, 16949, 1446},0, {743, -721},{0xB7, 0x49, 0xB7, 0xFF}}},
	{{{-16852, 16949, 1408},0, {256, -894},{0x73, 0x26, 0xDA, 0xFF}}},
	{{{-16852, 16345, 1408},0, {-320, -894},{0xB7, 0xB7, 0xB7, 0xFF}}},
	{{{-16743, 16345, 1446},0, {-807, -721},{0xB7, 0xB7, 0xB7, 0xFF}}},
	{{{-16852, 16345, 1446},0, {-320, -721},{0x49, 0xB7, 0xB7, 0xFF}}},
	{{{-16743, 16345, 1408},0, {-807, -894},{0xDA, 0xDA, 0x8D, 0xFF}}},
	{{{-16743, 16236, 1408},0, {-749, -894},{0xDA, 0x26, 0x8D, 0xFF}}},
	{{{-16743, 16345, 1446},0, {-262, -721},{0xB7, 0xB7, 0xB7, 0xFF}}},
	{{{-16743, 16345, 1408},0, {-262, -894},{0xDA, 0xDA, 0x8D, 0xFF}}},
	{{{-16743, 16236, 1446},0, {-749, -721},{0xB7, 0x49, 0xB7, 0xFF}}},
	{{{-16743, 16345, 1446},0, {743, 762},{0xB7, 0xB7, 0xB7, 0xFF}}},
	{{{-16852, 16236, 1446},0, {256, 275},{0x49, 0x49, 0xB7, 0xFF}}},
	{{{-16852, 16345, 1446},0, {256, 762},{0x49, 0xB7, 0xB7, 0xFF}}},
	{{{-16743, 16236, 1446},0, {743, 275},{0xB7, 0x49, 0xB7, 0xFF}}},
	{{{-16743, 16236, 1408},0, {743, -894},{0xDA, 0x26, 0x8D, 0xFF}}},
	{{{-16852, 16236, 1446},0, {256, -721},{0x49, 0x49, 0xB7, 0xFF}}},
	{{{-16743, 16236, 1446},0, {743, -721},{0xB7, 0x49, 0xB7, 0xFF}}},
	{{{-16852, 16236, 1408},0, {256, -894},{0xB7, 0x49, 0xB7, 0xFF}}},
	{{{-16852, 16236, 1446},0, {685, -721},{0x49, 0x49, 0xB7, 0xFF}}},
	{{{-16852, 16345, 1408},0, {198, -894},{0xB7, 0xB7, 0xB7, 0xFF}}},
	{{{-16852, 16345, 1446},0, {198, -721},{0x49, 0xB7, 0xB7, 0xFF}}},
	{{{-16852, 16236, 1408},0, {685, -894},{0xB7, 0x49, 0xB7, 0xFF}}},
	{{{-16852, 15483, 1446},0, {685, -721},{0x49, 0x49, 0xB7, 0xFF}}},
	{{{-16852, 15592, 1408},0, {198, -894},{0xB7, 0xB7, 0xB7, 0xFF}}},
	{{{-16852, 15592, 1446},0, {198, -721},{0x49, 0xB7, 0xB7, 0xFF}}},
	{{{-16852, 15483, 1408},0, {685, -894},{0xB7, 0x49, 0xB7, 0xFF}}},
	{{{-16743, 15483, 1408},0, {-749, -894},{0xDA, 0x26, 0x8D, 0xFF}}},
	{{{-16743, 15592, 1446},0, {-262, -721},{0xB7, 0xB7, 0xB7, 0xFF}}},
	{{{-16743, 15592, 1408},0, {-262, -894},{0xDA, 0xDA, 0x8D, 0xFF}}},
	{{{-16743, 15483, 1446},0, {-749, -721},{0xB7, 0x49, 0xB7, 0xFF}}},
	{{{-16743, 15592, 1446},0, {743, 762},{0xB7, 0xB7, 0xB7, 0xFF}}},
	{{{-16852, 15483, 1446},0, {256, 275},{0x49, 0x49, 0xB7, 0xFF}}},
	{{{-16852, 15592, 1446},0, {256, 762},{0x49, 0xB7, 0xB7, 0xFF}}},
	{{{-16743, 15483, 1446},0, {743, 275},{0xB7, 0x49, 0xB7, 0xFF}}},
	{{{-16743, 15483, 1408},0, {743, -894},{0xDA, 0x26, 0x8D, 0xFF}}},
	{{{-16852, 15483, 1446},0, {256, -721},{0x49, 0x49, 0xB7, 0xFF}}},
	{{{-16743, 15483, 1446},0, {743, -721},{0xB7, 0x49, 0xB7, 0xFF}}},
	{{{-16852, 15483, 1408},0, {256, -894},{0xB7, 0x49, 0xB7, 0xFF}}},
	{{{-16852, 15592, 1408},0, {-320, -894},{0xB7, 0xB7, 0xB7, 0xFF}}},
	{{{-16743, 15592, 1446},0, {-807, -721},{0xB7, 0xB7, 0xB7, 0xFF}}},
	{{{-16852, 15592, 1446},0, {-320, -721},{0x49, 0xB7, 0xB7, 0xFF}}},
	{{{-16743, 15592, 1408},0, {-807, -894},{0xDA, 0xDA, 0x8D, 0xFF}}},
	{{{-16743, 14798, 1446},0, {743, 762},{0xB7, 0xB7, 0xB7, 0xFF}}},
	{{{-16852, 14689, 1446},0, {256, 275},{0x49, 0x49, 0xB7, 0xFF}}},
	{{{-16852, 14798, 1446},0, {256, 762},{0x49, 0xB7, 0xB7, 0xFF}}},
	{{{-16743, 14689, 1446},0, {743, 275},{0xB7, 0x49, 0xB7, 0xFF}}},
	{{{-16743, 14689, 1408},0, {-749, -894},{0xDA, 0x26, 0x8D, 0xFF}}},
	{{{-16743, 14798, 1446},0, {-262, -721},{0xB7, 0xB7, 0xB7, 0xFF}}},
	{{{-16743, 14798, 1408},0, {-262, -894},{0xDA, 0xDA, 0x8D, 0xFF}}},
	{{{-16743, 14689, 1446},0, {-749, -721},{0xB7, 0x49, 0xB7, 0xFF}}},
	{{{-16852, 14689, 1446},0, {685, -721},{0x49, 0x49, 0xB7, 0xFF}}},
	{{{-16852, 14798, 1408},0, {198, -894},{0x73, 0xDA, 0xDA, 0xFF}}},
	{{{-16852, 14798, 1446},0, {198, -721},{0x49, 0xB7, 0xB7, 0xFF}}},
	{{{-16852, 14689, 1408},0, {685, -894},{0xB7, 0x49, 0xB7, 0xFF}}},
	{{{-16852, 14798, 1408},0, {-320, -894},{0x73, 0xDA, 0xDA, 0xFF}}},
	{{{-16743, 14798, 1446},0, {-807, -721},{0xB7, 0xB7, 0xB7, 0xFF}}},
	{{{-16852, 14798, 1446},0, {-320, -721},{0x49, 0xB7, 0xB7, 0xFF}}},
	{{{-16743, 14798, 1408},0, {-807, -894},{0xDA, 0xDA, 0x8D, 0xFF}}},
	{{{-16743, 14689, 1408},0, {743, -894},{0xDA, 0x26, 0x8D, 0xFF}}},
	{{{-16852, 14689, 1446},0, {256, -721},{0x49, 0x49, 0xB7, 0xFF}}},
	{{{-16743, 14689, 1446},0, {743, -721},{0xB7, 0x49, 0xB7, 0xFF}}},
	{{{-16852, 14689, 1408},0, {256, -894},{0xB7, 0x49, 0xB7, 0xFF}}},
	{{{-16852, 13854, 1446},0, {685, -721},{0x49, 0x49, 0xB7, 0xFF}}},
	{{{-16852, 13963, 1408},0, {198, -894},{0xB7, 0xB7, 0xB7, 0xFF}}},
	{{{-16852, 13963, 1446},0, {198, -721},{0x49, 0xB7, 0xB7, 0xFF}}},
	{{{-16852, 13854, 1408},0, {685, -894},{0xB7, 0x49, 0xB7, 0xFF}}},
	{{{-16743, 13963, 1446},0, {743, 762},{0xB7, 0xB7, 0xB7, 0xFF}}},
	{{{-16852, 13854, 1446},0, {256, 275},{0x49, 0x49, 0xB7, 0xFF}}},
	{{{-16852, 13963, 1446},0, {256, 762},{0x49, 0xB7, 0xB7, 0xFF}}},
	{{{-16743, 13854, 1446},0, {743, 275},{0xB7, 0x49, 0xB7, 0xFF}}},
	{{{-16852, 13963, 1408},0, {-320, -894},{0xB7, 0xB7, 0xB7, 0xFF}}},
	{{{-16743, 13963, 1446},0, {-807, -721},{0xB7, 0xB7, 0xB7, 0xFF}}},
	{{{-16852, 13963, 1446},0, {-320, -721},{0x49, 0xB7, 0xB7, 0xFF}}},
	{{{-16743, 13963, 1408},0, {-807, -894},{0xDA, 0xDA, 0x8D, 0xFF}}},
	{{{-16743, 13854, 1408},0, {-749, -894},{0xDA, 0x26, 0x8D, 0xFF}}},
	{{{-16743, 13963, 1446},0, {-262, -721},{0xB7, 0xB7, 0xB7, 0xFF}}},
	{{{-16743, 13963, 1408},0, {-262, -894},{0xDA, 0xDA, 0x8D, 0xFF}}},
	{{{-16743, 13854, 1446},0, {-749, -721},{0xB7, 0x49, 0xB7, 0xFF}}},
	{{{-16743, 13854, 1408},0, {743, -894},{0xDA, 0x26, 0x8D, 0xFF}}},
	{{{-16852, 13854, 1446},0, {256, -721},{0x49, 0x49, 0xB7, 0xFF}}},
	{{{-16743, 13854, 1446},0, {743, -721},{0xB7, 0x49, 0xB7, 0xFF}}},
	{{{-16852, 13854, 1408},0, {256, -894},{0xB7, 0x49, 0xB7, 0xFF}}},
	{{{-16852, 12979, 1446},0, {685, -721},{0x49, 0x49, 0xB7, 0xFF}}},
	{{{-16852, 13087, 1408},0, {198, -894},{0x73, 0xDA, 0xDA, 0xFF}}},
	{{{-16852, 13087, 1446},0, {198, -721},{0x49, 0xB7, 0xB7, 0xFF}}},
	{{{-16852, 12979, 1408},0, {685, -894},{0xB7, 0x49, 0xB7, 0xFF}}},
	{{{-16743, 13087, 1446},0, {743, 762},{0xB7, 0xB7, 0xB7, 0xFF}}},
	{{{-16852, 12979, 1446},0, {256, 275},{0x49, 0x49, 0xB7, 0xFF}}},
	{{{-16852, 13087, 1446},0, {256, 762},{0x49, 0xB7, 0xB7, 0xFF}}},
	{{{-16743, 12979, 1446},0, {743, 275},{0xB7, 0x49, 0xB7, 0xFF}}},
	{{{-16852, 13087, 1408},0, {-320, -894},{0x73, 0xDA, 0xDA, 0xFF}}},
	{{{-16743, 13087, 1446},0, {-807, -721},{0xB7, 0xB7, 0xB7, 0xFF}}},
	{{{-16852, 13087, 1446},0, {-320, -721},{0x49, 0xB7, 0xB7, 0xFF}}},
	{{{-16743, 13087, 1408},0, {-807, -894},{0xDA, 0xDA, 0x8D, 0xFF}}},
	{{{-16743, 12979, 1408},0, {743, -894},{0xDA, 0x26, 0x8D, 0xFF}}},
	{{{-16852, 12979, 1446},0, {256, -721},{0x49, 0x49, 0xB7, 0xFF}}},
	{{{-16743, 12979, 1446},0, {743, -721},{0xB7, 0x49, 0xB7, 0xFF}}},
	{{{-16852, 12979, 1408},0, {256, -894},{0xB7, 0x49, 0xB7, 0xFF}}},
	{{{-16743, 12979, 1408},0, {-749, -894},{0xDA, 0x26, 0x8D, 0xFF}}},
	{{{-16743, 13087, 1446},0, {-262, -721},{0xB7, 0xB7, 0xB7, 0xFF}}},
	{{{-16743, 13087, 1408},0, {-262, -894},{0xDA, 0xDA, 0x8D, 0xFF}}},
	{{{-16743, 12979, 1446},0, {-749, -721},{0xB7, 0x49, 0xB7, 0xFF}}},
	{{{-16852, 12171, 1408},0, {-320, -894},{0xB7, 0xB7, 0xB7, 0xFF}}},
	{{{-16743, 12171, 1446},0, {-807, -721},{0xB7, 0xB7, 0xB7, 0xFF}}},
	{{{-16852, 12171, 1446},0, {-320, -721},{0x49, 0xB7, 0xB7, 0xFF}}},
	{{{-16743, 12171, 1408},0, {-807, -894},{0xDA, 0xDA, 0x8D, 0xFF}}},
	{{{-16743, 12171, 1446},0, {743, 762},{0xB7, 0xB7, 0xB7, 0xFF}}},
	{{{-16852, 12063, 1446},0, {256, 275},{0x49, 0x49, 0xB7, 0xFF}}},
	{{{-16852, 12171, 1446},0, {256, 762},{0x49, 0xB7, 0xB7, 0xFF}}},
	{{{-16743, 12063, 1446},0, {743, 275},{0xB7, 0x49, 0xB7, 0xFF}}},
	{{{-16852, 12063, 1446},0, {685, -721},{0x49, 0x49, 0xB7, 0xFF}}},
	{{{-16852, 12171, 1408},0, {198, -894},{0xB7, 0xB7, 0xB7, 0xFF}}},
	{{{-16852, 12171, 1446},0, {198, -721},{0x49, 0xB7, 0xB7, 0xFF}}},
	{{{-16852, 12063, 1408},0, {685, -894},{0x73, 0x26, 0xDA, 0xFF}}},
	{{{-16743, 12063, 1408},0, {743, -894},{0xDA, 0x26, 0x8D, 0xFF}}},
	{{{-16852, 12063, 1446},0, {256, -721},{0x49, 0x49, 0xB7, 0xFF}}},
	{{{-16743, 12063, 1446},0, {743, -721},{0xB7, 0x49, 0xB7, 0xFF}}},
	{{{-16852, 12063, 1408},0, {256, -894},{0x73, 0x26, 0xDA, 0xFF}}},
	{{{-16743, 12063, 1408},0, {-749, -894},{0xDA, 0x26, 0x8D, 0xFF}}},
	{{{-16743, 12171, 1446},0, {-262, -721},{0xB7, 0xB7, 0xB7, 0xFF}}},
	{{{-16743, 12171, 1408},0, {-262, -894},{0xDA, 0xDA, 0x8D, 0xFF}}},
	{{{-16743, 12063, 1446},0, {-749, -721},{0xB7, 0x49, 0xB7, 0xFF}}},
	{{{-16743, 11106, 1408},0, {-749, -894},{0xDA, 0x26, 0x8D, 0xFF}}},
	{{{-16743, 11214, 1446},0, {-262, -721},{0xB7, 0xB7, 0xB7, 0xFF}}},
	{{{-16743, 11214, 1408},0, {-262, -894},{0xDA, 0xDA, 0x8D, 0xFF}}},
	{{{-16743, 11106, 1446},0, {-749, -721},{0xB7, 0x49, 0xB7, 0xFF}}},
	{{{-16852, 11214, 1408},0, {-320, -894},{0xB7, 0xB7, 0xB7, 0xFF}}},
	{{{-16743, 11214, 1446},0, {-807, -721},{0xB7, 0xB7, 0xB7, 0xFF}}},
	{{{-16852, 11214, 1446},0, {-320, -721},{0x49, 0xB7, 0xB7, 0xFF}}},
	{{{-16743, 11214, 1408},0, {-807, -894},{0xDA, 0xDA, 0x8D, 0xFF}}},
	{{{-16743, 11214, 1446},0, {743, 762},{0xB7, 0xB7, 0xB7, 0xFF}}},
	{{{-16852, 11106, 1446},0, {256, 275},{0x49, 0x49, 0xB7, 0xFF}}},
	{{{-16852, 11214, 1446},0, {256, 762},{0x49, 0xB7, 0xB7, 0xFF}}},
	{{{-16743, 11106, 1446},0, {743, 275},{0xB7, 0x49, 0xB7, 0xFF}}},
	{{{-16743, 11106, 1408},0, {743, -894},{0xDA, 0x26, 0x8D, 0xFF}}},
	{{{-16852, 11106, 1446},0, {256, -721},{0x49, 0x49, 0xB7, 0xFF}}},
	{{{-16743, 11106, 1446},0, {743, -721},{0xB7, 0x49, 0xB7, 0xFF}}},
	{{{-16852, 11106, 1408},0, {256, -894},{0x73, 0x26, 0xDA, 0xFF}}},
	{{{-16852, 11106, 1446},0, {685, -721},{0x49, 0x49, 0xB7, 0xFF}}},
	{{{-16852, 11214, 1408},0, {198, -894},{0xB7, 0xB7, 0xB7, 0xFF}}},
	{{{-16852, 11214, 1446},0, {198, -721},{0x49, 0xB7, 0xB7, 0xFF}}},
	{{{-16852, 11106, 1408},0, {685, -894},{0x73, 0x26, 0xDA, 0xFF}}},
	{{{-16743, 10108, 1408},0, {743, -894},{0xDA, 0x26, 0x8D, 0xFF}}},
	{{{-16852, 10108, 1446},0, {256, -721},{0x49, 0x49, 0xB7, 0xFF}}},
	{{{-16743, 10108, 1446},0, {743, -721},{0xB7, 0x49, 0xB7, 0xFF}}},
	{{{-16852, 10108, 1408},0, {256, -894},{0xB7, 0x49, 0xB7, 0xFF}}},
	{{{-16743, 10217, 1446},0, {743, 762},{0xB7, 0xB7, 0xB7, 0xFF}}},
	{{{-16852, 10108, 1446},0, {256, 275},{0x49, 0x49, 0xB7, 0xFF}}},
	{{{-16852, 10217, 1446},0, {256, 762},{0x49, 0xB7, 0xB7, 0xFF}}},
	{{{-16743, 10108, 1446},0, {743, 275},{0xB7, 0x49, 0xB7, 0xFF}}},
	{{{-16852, 10108, 1446},0, {685, -721},{0x49, 0x49, 0xB7, 0xFF}}},
	{{{-16852, 10217, 1408},0, {198, -894},{0x73, 0xDA, 0xDA, 0xFF}}},
	{{{-16852, 10217, 1446},0, {198, -721},{0x49, 0xB7, 0xB7, 0xFF}}},
	{{{-16852, 10108, 1408},0, {685, -894},{0xB7, 0x49, 0xB7, 0xFF}}},
	{{{-16852, 10217, 1408},0, {-320, -894},{0x73, 0xDA, 0xDA, 0xFF}}},
	{{{-16743, 10217, 1446},0, {-807, -721},{0xB7, 0xB7, 0xB7, 0xFF}}},
	{{{-16852, 10217, 1446},0, {-320, -721},{0x49, 0xB7, 0xB7, 0xFF}}},
	{{{-16743, 10217, 1408},0, {-807, -894},{0xDA, 0xDA, 0x8D, 0xFF}}},
	{{{-16743, 10108, 1408},0, {-749, -894},{0xDA, 0x26, 0x8D, 0xFF}}},
	{{{-16743, 10217, 1446},0, {-262, -721},{0xB7, 0xB7, 0xB7, 0xFF}}},
	{{{-16743, 10217, 1408},0, {-262, -894},{0xDA, 0xDA, 0x8D, 0xFF}}},
	{{{-16743, 10108, 1446},0, {-749, -721},{0xB7, 0x49, 0xB7, 0xFF}}},
	{{{-16743, 9070, 1408},0, {-749, -894},{0xDA, 0x26, 0x8D, 0xFF}}},
	{{{-16743, 9179, 1446},0, {-262, -721},{0xB7, 0xB7, 0xB7, 0xFF}}},
	{{{-16743, 9179, 1408},0, {-262, -894},{0xDA, 0xDA, 0x8D, 0xFF}}},
	{{{-16743, 9070, 1446},0, {-749, -721},{0xB7, 0x49, 0xB7, 0xFF}}},
	{{{-16743, 9179, 1446},0, {743, 762},{0xB7, 0xB7, 0xB7, 0xFF}}},
	{{{-16852, 9070, 1446},0, {256, 275},{0x49, 0x49, 0xB7, 0xFF}}},
	{{{-16852, 9179, 1446},0, {256, 762},{0x49, 0xB7, 0xB7, 0xFF}}},
	{{{-16743, 9070, 1446},0, {743, 275},{0xB7, 0x49, 0xB7, 0xFF}}},
	{{{-16852, 9070, 1446},0, {685, -721},{0x49, 0x49, 0xB7, 0xFF}}},
	{{{-16852, 9179, 1408},0, {198, -894},{0x73, 0xDA, 0xDA, 0xFF}}},
	{{{-16852, 9179, 1446},0, {198, -721},{0x49, 0xB7, 0xB7, 0xFF}}},
	{{{-16852, 9070, 1408},0, {685, -894},{0xB7, 0x49, 0xB7, 0xFF}}},
	{{{-16743, 9070, 1408},0, {743, -894},{0xDA, 0x26, 0x8D, 0xFF}}},
	{{{-16852, 9070, 1446},0, {256, -721},{0x49, 0x49, 0xB7, 0xFF}}},
	{{{-16743, 9070, 1446},0, {743, -721},{0xB7, 0x49, 0xB7, 0xFF}}},
	{{{-16852, 9070, 1408},0, {256, -894},{0xB7, 0x49, 0xB7, 0xFF}}},
	{{{-16852, 9179, 1408},0, {-320, -894},{0x73, 0xDA, 0xDA, 0xFF}}},
	{{{-16743, 9179, 1446},0, {-807, -721},{0xB7, 0xB7, 0xB7, 0xFF}}},
	{{{-16852, 9179, 1446},0, {-320, -721},{0x49, 0xB7, 0xB7, 0xFF}}},
	{{{-16743, 9179, 1408},0, {-807, -894},{0xDA, 0xDA, 0x8D, 0xFF}}},
	{{{-16743, 7991, 1408},0, {743, -894},{0xDA, 0x26, 0x8D, 0xFF}}},
	{{{-16852, 7991, 1446},0, {256, -721},{0x49, 0x49, 0xB7, 0xFF}}},
	{{{-16743, 7991, 1446},0, {743, -721},{0xB7, 0x49, 0xB7, 0xFF}}},
	{{{-16852, 7991, 1408},0, {256, -894},{0x73, 0x26, 0xDA, 0xFF}}},
	{{{-16743, 7991, 1408},0, {-749, -894},{0xDA, 0x26, 0x8D, 0xFF}}},
	{{{-16743, 8100, 1446},0, {-262, -721},{0xB7, 0xB7, 0xB7, 0xFF}}},
	{{{-16743, 8100, 1408},0, {-262, -894},{0xDA, 0xDA, 0x8D, 0xFF}}},
	{{{-16743, 7991, 1446},0, {-749, -721},{0xB7, 0x49, 0xB7, 0xFF}}},
	{{{-16743, 8100, 1446},0, {743, 762},{0xB7, 0xB7, 0xB7, 0xFF}}},
	{{{-16852, 7991, 1446},0, {256, 275},{0x49, 0x49, 0xB7, 0xFF}}},
	{{{-16852, 8100, 1446},0, {256, 762},{0x49, 0xB7, 0xB7, 0xFF}}},
	{{{-16743, 7991, 1446},0, {743, 275},{0xB7, 0x49, 0xB7, 0xFF}}},
	{{{-16852, 8100, 1408},0, {-320, -894},{0x73, 0xDA, 0xDA, 0xFF}}},
	{{{-16743, 8100, 1446},0, {-807, -721},{0xB7, 0xB7, 0xB7, 0xFF}}},
	{{{-16852, 8100, 1446},0, {-320, -721},{0x49, 0xB7, 0xB7, 0xFF}}},
	{{{-16743, 8100, 1408},0, {-807, -894},{0xDA, 0xDA, 0x8D, 0xFF}}},
	{{{-16852, 7991, 1446},0, {685, -721},{0x49, 0x49, 0xB7, 0xFF}}},
	{{{-16852, 8100, 1408},0, {198, -894},{0x73, 0xDA, 0xDA, 0xFF}}},
	{{{-16852, 8100, 1446},0, {198, -721},{0x49, 0xB7, 0xB7, 0xFF}}},
	{{{-16852, 7991, 1408},0, {685, -894},{0x73, 0x26, 0xDA, 0xFF}}},
	{{{-16743, 6871, 1408},0, {743, -894},{0xDA, 0x26, 0x8D, 0xFF}}},
	{{{-16852, 6871, 1446},0, {256, -721},{0x49, 0x49, 0xB7, 0xFF}}},
	{{{-16743, 6871, 1446},0, {743, -721},{0xB7, 0x49, 0xB7, 0xFF}}},
	{{{-16852, 6871, 1408},0, {256, -894},{0xB7, 0x49, 0xB7, 0xFF}}},
	{{{-16743, 6871, 1408},0, {-749, -894},{0xDA, 0x26, 0x8D, 0xFF}}},
	{{{-16743, 6980, 1446},0, {-262, -721},{0xB7, 0xB7, 0xB7, 0xFF}}},
	{{{-16743, 6980, 1408},0, {-262, -894},{0xDA, 0xDA, 0x8D, 0xFF}}},
	{{{-16743, 6871, 1446},0, {-749, -721},{0xB7, 0x49, 0xB7, 0xFF}}},
	{{{-16852, 6980, 1408},0, {-320, -894},{0xB7, 0xB7, 0xB7, 0xFF}}},
	{{{-16743, 6980, 1446},0, {-807, -721},{0xB7, 0xB7, 0xB7, 0xFF}}},
	{{{-16852, 6980, 1446},0, {-320, -721},{0x49, 0xB7, 0xB7, 0xFF}}},
	{{{-16743, 6980, 1408},0, {-807, -894},{0xDA, 0xDA, 0x8D, 0xFF}}},
	{{{-16852, 6871, 1446},0, {685, -721},{0x49, 0x49, 0xB7, 0xFF}}},
	{{{-16852, 6980, 1408},0, {198, -894},{0xB7, 0xB7, 0xB7, 0xFF}}},
	{{{-16852, 6980, 1446},0, {198, -721},{0x49, 0xB7, 0xB7, 0xFF}}},
	{{{-16852, 6871, 1408},0, {685, -894},{0xB7, 0x49, 0xB7, 0xFF}}},
	{{{-16743, 6980, 1446},0, {743, 762},{0xB7, 0xB7, 0xB7, 0xFF}}},
	{{{-16852, 6871, 1446},0, {256, 275},{0x49, 0x49, 0xB7, 0xFF}}},
	{{{-16852, 6980, 1446},0, {256, 762},{0x49, 0xB7, 0xB7, 0xFF}}},
	{{{-16743, 6871, 1446},0, {743, 275},{0xB7, 0x49, 0xB7, 0xFF}}},
	{{{-16852, 5711, 1446},0, {685, -721},{0x49, 0x49, 0xB7, 0xFF}}},
	{{{-16852, 5820, 1408},0, {198, -894},{0x49, 0xB7, 0x49, 0xFF}}},
	{{{-16852, 5820, 1446},0, {198, -721},{0x49, 0xB7, 0xB7, 0xFF}}},
	{{{-16852, 5711, 1408},0, {685, -894},{0x73, 0x26, 0xDA, 0xFF}}},
	{{{-16743, 5711, 1408},0, {-749, -894},{0xDA, 0x26, 0x8D, 0xFF}}},
	{{{-16743, 5820, 1446},0, {-262, -721},{0xB7, 0xB7, 0xB7, 0xFF}}},
	{{{-16743, 5820, 1408},0, {-262, -894},{0xDA, 0xDA, 0x8D, 0xFF}}},
	{{{-16743, 5711, 1446},0, {-749, -721},{0xB7, 0x49, 0xB7, 0xFF}}},
	{{{-16852, 5820, 1408},0, {-320, -894},{0x49, 0xB7, 0x49, 0xFF}}},
	{{{-16743, 5820, 1446},0, {-807, -721},{0xB7, 0xB7, 0xB7, 0xFF}}},
	{{{-16852, 5820, 1446},0, {-320, -721},{0x49, 0xB7, 0xB7, 0xFF}}},
	{{{-16743, 5820, 1408},0, {-807, -894},{0xDA, 0xDA, 0x8D, 0xFF}}},
	{{{-16743, 5711, 1408},0, {743, -894},{0xDA, 0x26, 0x8D, 0xFF}}},
	{{{-16852, 5711, 1446},0, {256, -721},{0x49, 0x49, 0xB7, 0xFF}}},
	{{{-16743, 5711, 1446},0, {743, -721},{0xB7, 0x49, 0xB7, 0xFF}}},
	{{{-16852, 5711, 1408},0, {256, -894},{0x73, 0x26, 0xDA, 0xFF}}},
	{{{-16743, 5820, 1446},0, {743, 762},{0xB7, 0xB7, 0xB7, 0xFF}}},
	{{{-16852, 5711, 1446},0, {256, 275},{0x49, 0x49, 0xB7, 0xFF}}},
	{{{-16852, 5820, 1446},0, {256, 762},{0x49, 0xB7, 0xB7, 0xFF}}},
	{{{-16743, 5711, 1446},0, {743, 275},{0xB7, 0x49, 0xB7, 0xFF}}},
	{{{-16743, 4510, 1408},0, {-749, -894},{0xDA, 0x26, 0x8D, 0xFF}}},
	{{{-16743, 4619, 1446},0, {-262, -721},{0xB7, 0xB7, 0xB7, 0xFF}}},
	{{{-16743, 4619, 1408},0, {-262, -894},{0xDA, 0xDA, 0x8D, 0xFF}}},
	{{{-16743, 4510, 1446},0, {-749, -721},{0xB7, 0x49, 0xB7, 0xFF}}},
	{{{-16743, 4510, 1408},0, {743, -894},{0xDA, 0x26, 0x8D, 0xFF}}},
	{{{-16852, 4510, 1446},0, {256, -721},{0x49, 0x49, 0xB7, 0xFF}}},
	{{{-16743, 4510, 1446},0, {743, -721},{0xB7, 0x49, 0xB7, 0xFF}}},
	{{{-16852, 4510, 1408},0, {256, -894},{0x73, 0x26, 0xDA, 0xFF}}},
	{{{-16852, 4510, 1446},0, {685, -721},{0x49, 0x49, 0xB7, 0xFF}}},
	{{{-16852, 4619, 1408},0, {198, -894},{0xB7, 0xB7, 0xB7, 0xFF}}},
	{{{-16852, 4619, 1446},0, {198, -721},{0x49, 0xB7, 0xB7, 0xFF}}},
	{{{-16852, 4510, 1408},0, {685, -894},{0x73, 0x26, 0xDA, 0xFF}}},
	{{{-16852, 4619, 1408},0, {-320, -894},{0xB7, 0xB7, 0xB7, 0xFF}}},
	{{{-16743, 4619, 1446},0, {-807, -721},{0xB7, 0xB7, 0xB7, 0xFF}}},
	{{{-16852, 4619, 1446},0, {-320, -721},{0x49, 0xB7, 0xB7, 0xFF}}},
	{{{-16743, 4619, 1408},0, {-807, -894},{0xDA, 0xDA, 0x8D, 0xFF}}},
	{{{-16743, 4619, 1446},0, {743, 762},{0xB7, 0xB7, 0xB7, 0xFF}}},
	{{{-16852, 4510, 1446},0, {256, 275},{0x49, 0x49, 0xB7, 0xFF}}},
	{{{-16852, 4619, 1446},0, {256, 762},{0x49, 0xB7, 0xB7, 0xFF}}},
	{{{-16743, 4510, 1446},0, {743, 275},{0xB7, 0x49, 0xB7, 0xFF}}},
	{{{-16743, 3268, 1408},0, {-749, -894},{0xDA, 0x26, 0x8D, 0xFF}}},
	{{{-16743, 3377, 1446},0, {-262, -721},{0xB7, 0xB7, 0xB7, 0xFF}}},
	{{{-16743, 3377, 1408},0, {-262, -894},{0xDA, 0xDA, 0x8D, 0xFF}}},
	{{{-16743, 3268, 1446},0, {-749, -721},{0xB7, 0x49, 0xB7, 0xFF}}},
	{{{-16852, 3377, 1408},0, {-320, -894},{0x49, 0xB7, 0x49, 0xFF}}},
	{{{-16743, 3377, 1446},0, {-807, -721},{0xB7, 0xB7, 0xB7, 0xFF}}},
	{{{-16852, 3377, 1446},0, {-320, -721},{0x49, 0xB7, 0xB7, 0xFF}}},
	{{{-16743, 3377, 1408},0, {-807, -894},{0xDA, 0xDA, 0x8D, 0xFF}}},
	{{{-16852, 3268, 1446},0, {685, -721},{0x49, 0x49, 0xB7, 0xFF}}},
	{{{-16852, 3377, 1408},0, {198, -894},{0x49, 0xB7, 0x49, 0xFF}}},
	{{{-16852, 3377, 1446},0, {198, -721},{0x49, 0xB7, 0xB7, 0xFF}}},
	{{{-16852, 3268, 1408},0, {685, -894},{0xB7, 0x49, 0xB7, 0xFF}}},
	{{{-16743, 3377, 1446},0, {743, 762},{0xB7, 0xB7, 0xB7, 0xFF}}},
	{{{-16852, 3268, 1446},0, {256, 275},{0x49, 0x49, 0xB7, 0xFF}}},
	{{{-16852, 3377, 1446},0, {256, 762},{0x49, 0xB7, 0xB7, 0xFF}}},
	{{{-16743, 3268, 1446},0, {743, 275},{0xB7, 0x49, 0xB7, 0xFF}}},
	{{{-16743, 3268, 1408},0, {743, -894},{0xDA, 0x26, 0x8D, 0xFF}}},
	{{{-16852, 3268, 1446},0, {256, -721},{0x49, 0x49, 0xB7, 0xFF}}},
	{{{-16743, 3268, 1446},0, {743, -721},{0xB7, 0x49, 0xB7, 0xFF}}},
	{{{-16852, 3268, 1408},0, {256, -894},{0xB7, 0x49, 0xB7, 0xFF}}},
	{{{-16743, 1986, 1408},0, {-749, -894},{0xDA, 0x26, 0x8D, 0xFF}}},
	{{{-16743, 2095, 1446},0, {-262, -721},{0xB7, 0xB7, 0xB7, 0xFF}}},
	{{{-16743, 2095, 1408},0, {-262, -894},{0xDA, 0xDA, 0x8D, 0xFF}}},
	{{{-16743, 1986, 1446},0, {-749, -721},{0xB7, 0x49, 0xB7, 0xFF}}},
	{{{-16852, 2095, 1408},0, {-320, -894},{0xB7, 0xB7, 0xB7, 0xFF}}},
	{{{-16743, 2095, 1446},0, {-807, -721},{0xB7, 0xB7, 0xB7, 0xFF}}},
	{{{-16852, 2095, 1446},0, {-320, -721},{0x49, 0xB7, 0xB7, 0xFF}}},
	{{{-16743, 2095, 1408},0, {-807, -894},{0xDA, 0xDA, 0x8D, 0xFF}}},
	{{{-16852, 1986, 1446},0, {685, -721},{0x49, 0x49, 0xB7, 0xFF}}},
	{{{-16852, 2095, 1408},0, {198, -894},{0xB7, 0xB7, 0xB7, 0xFF}}},
	{{{-16852, 2095, 1446},0, {198, -721},{0x49, 0xB7, 0xB7, 0xFF}}},
	{{{-16852, 1986, 1408},0, {685, -894},{0x73, 0x26, 0xDA, 0xFF}}},
	{{{-16743, 2095, 1446},0, {743, 762},{0xB7, 0xB7, 0xB7, 0xFF}}},
	{{{-16852, 1986, 1446},0, {256, 275},{0x49, 0x49, 0xB7, 0xFF}}},
	{{{-16852, 2095, 1446},0, {256, 762},{0x49, 0xB7, 0xB7, 0xFF}}},
	{{{-16743, 1986, 1446},0, {743, 275},{0xB7, 0x49, 0xB7, 0xFF}}},
	{{{-16743, 1986, 1408},0, {743, -894},{0xDA, 0x26, 0x8D, 0xFF}}},
	{{{-16852, 1986, 1446},0, {256, -721},{0x49, 0x49, 0xB7, 0xFF}}},
	{{{-16743, 1986, 1446},0, {743, -721},{0xB7, 0x49, 0xB7, 0xFF}}},
	{{{-16852, 1986, 1408},0, {256, -894},{0x73, 0x26, 0xDA, 0xFF}}},
	{{{-16743, 771, 1446},0, {743, 762},{0xB7, 0xB7, 0xB7, 0xFF}}},
	{{{-16852, 663, 1446},0, {256, 275},{0x49, 0x49, 0xB7, 0xFF}}},
	{{{-16852, 771, 1446},0, {256, 762},{0x49, 0xB7, 0xB7, 0xFF}}},
	{{{-16743, 663, 1446},0, {743, 275},{0xB7, 0x49, 0xB7, 0xFF}}},
	{{{-16743, 663, 1408},0, {-749, -894},{0xDA, 0x26, 0x8D, 0xFF}}},
	{{{-16743, 771, 1446},0, {-262, -721},{0xB7, 0xB7, 0xB7, 0xFF}}},
	{{{-16743, 771, 1408},0, {-262, -894},{0xDA, 0xDA, 0x8D, 0xFF}}},
	{{{-16743, 663, 1446},0, {-749, -721},{0xB7, 0x49, 0xB7, 0xFF}}},
	{{{-16852, 771, 1408},0, {-320, -894},{0xB7, 0xB7, 0xB7, 0xFF}}},
	{{{-16743, 771, 1446},0, {-807, -721},{0xB7, 0xB7, 0xB7, 0xFF}}},
	{{{-16852, 771, 1446},0, {-320, -721},{0x49, 0xB7, 0xB7, 0xFF}}},
	{{{-16743, 771, 1408},0, {-807, -894},{0xDA, 0xDA, 0x8D, 0xFF}}},
	{{{-16852, 663, 1446},0, {685, -721},{0x49, 0x49, 0xB7, 0xFF}}},
	{{{-16852, 771, 1408},0, {198, -894},{0xB7, 0xB7, 0xB7, 0xFF}}},
	{{{-16852, 771, 1446},0, {198, -721},{0x49, 0xB7, 0xB7, 0xFF}}},
	{{{-16852, 663, 1408},0, {685, -894},{0xB7, 0x49, 0xB7, 0xFF}}},
	{{{-16743, 663, 1408},0, {743, -894},{0xDA, 0x26, 0x8D, 0xFF}}},
	{{{-16852, 663, 1446},0, {256, -721},{0x49, 0x49, 0xB7, 0xFF}}},
	{{{-16743, 663, 1446},0, {743, -721},{0xB7, 0x49, 0xB7, 0xFF}}},
	{{{-16852, 663, 1408},0, {256, -894},{0xB7, 0x49, 0xB7, 0xFF}}},
	{{{-16743, -701, 1408},0, {-749, -894},{0xDA, 0x26, 0x8D, 0xFF}}},
	{{{-16743, -592, 1446},0, {-262, -721},{0xB7, 0xB7, 0xB7, 0xFF}}},
	{{{-16743, -592, 1408},0, {-262, -894},{0xDA, 0xDA, 0x8D, 0xFF}}},
	{{{-16743, -701, 1446},0, {-749, -721},{0xB7, 0x49, 0xB7, 0xFF}}},
	{{{-16852, -592, 1408},0, {-320, -894},{0x73, 0xDA, 0xDA, 0xFF}}},
	{{{-16743, -592, 1446},0, {-807, -721},{0xB7, 0xB7, 0xB7, 0xFF}}},
	{{{-16852, -592, 1446},0, {-320, -721},{0x49, 0xB7, 0xB7, 0xFF}}},
	{{{-16743, -592, 1408},0, {-807, -894},{0xDA, 0xDA, 0x8D, 0xFF}}},
	{{{-16743, -701, 1408},0, {743, -894},{0xDA, 0x26, 0x8D, 0xFF}}},
	{{{-16852, -701, 1446},0, {256, -721},{0x49, 0x49, 0xB7, 0xFF}}},
	{{{-16743, -701, 1446},0, {743, -721},{0xB7, 0x49, 0xB7, 0xFF}}},
	{{{-16852, -701, 1408},0, {256, -894},{0xB7, 0x49, 0xB7, 0xFF}}},
	{{{-16852, -701, 1446},0, {685, -721},{0x49, 0x49, 0xB7, 0xFF}}},
	{{{-16852, -592, 1408},0, {198, -894},{0x73, 0xDA, 0xDA, 0xFF}}},
	{{{-16852, -592, 1446},0, {198, -721},{0x49, 0xB7, 0xB7, 0xFF}}},
	{{{-16852, -701, 1408},0, {685, -894},{0xB7, 0x49, 0xB7, 0xFF}}},
	{{{-16743, -592, 1446},0, {743, 762},{0xB7, 0xB7, 0xB7, 0xFF}}},
	{{{-16852, -701, 1446},0, {256, 275},{0x49, 0x49, 0xB7, 0xFF}}},
	{{{-16852, -592, 1446},0, {256, 762},{0x49, 0xB7, 0xB7, 0xFF}}},
	{{{-16743, -701, 1446},0, {743, 275},{0xB7, 0x49, 0xB7, 0xFF}}},
	{{{-16852, -1997, 1408},0, {-320, -894},{0xB7, 0xB7, 0xB7, 0xFF}}},
	{{{-16743, -1997, 1446},0, {-807, -721},{0xB7, 0xB7, 0xB7, 0xFF}}},
	{{{-16852, -1997, 1446},0, {-320, -721},{0x49, 0xB7, 0xB7, 0xFF}}},
	{{{-16743, -1997, 1408},0, {-807, -894},{0xDA, 0xDA, 0x8D, 0xFF}}},
	{{{-16743, -2106, 1408},0, {-749, -894},{0xDA, 0x26, 0x8D, 0xFF}}},
	{{{-16743, -1997, 1446},0, {-262, -721},{0xB7, 0xB7, 0xB7, 0xFF}}},
	{{{-16743, -1997, 1408},0, {-262, -894},{0xDA, 0xDA, 0x8D, 0xFF}}},
	{{{-16743, -2106, 1446},0, {-749, -721},{0xB7, 0x49, 0xB7, 0xFF}}},
	{{{-16743, -2106, 1408},0, {743, -894},{0xDA, 0x26, 0x8D, 0xFF}}},
	{{{-16852, -2106, 1446},0, {256, -721},{0x49, 0x49, 0xB7, 0xFF}}},
	{{{-16743, -2106, 1446},0, {743, -721},{0xB7, 0x49, 0xB7, 0xFF}}},
	{{{-16852, -2106, 1408},0, {256, -894},{0x73, 0x26, 0xDA, 0xFF}}},
	{{{-16743, -1997, 1446},0, {743, 762},{0xB7, 0xB7, 0xB7, 0xFF}}},
	{{{-16852, -2106, 1446},0, {256, 275},{0x49, 0x49, 0xB7, 0xFF}}},
	{{{-16852, -1997, 1446},0, {256, 762},{0x49, 0xB7, 0xB7, 0xFF}}},
	{{{-16743, -2106, 1446},0, {743, 275},{0xB7, 0x49, 0xB7, 0xFF}}},
	{{{-16852, -2106, 1446},0, {685, -721},{0x49, 0x49, 0xB7, 0xFF}}},
	{{{-16852, -1997, 1408},0, {198, -894},{0xB7, 0xB7, 0xB7, 0xFF}}},
	{{{-16852, -1997, 1446},0, {198, -721},{0x49, 0xB7, 0xB7, 0xFF}}},
	{{{-16852, -2106, 1408},0, {685, -894},{0x73, 0x26, 0xDA, 0xFF}}},
	{{{-16743, -3442, 1446},0, {743, 762},{0xB7, 0xB7, 0xB7, 0xFF}}},
	{{{-16852, -3551, 1446},0, {256, 275},{0x49, 0x49, 0xB7, 0xFF}}},
	{{{-16852, -3442, 1446},0, {256, 762},{0x49, 0xB7, 0xB7, 0xFF}}},
	{{{-16743, -3551, 1446},0, {743, 275},{0xB7, 0x49, 0xB7, 0xFF}}},
	{{{-16852, -3551, 1446},0, {685, -721},{0x49, 0x49, 0xB7, 0xFF}}},
	{{{-16852, -3442, 1408},0, {198, -894},{0xB7, 0xB7, 0xB7, 0xFF}}},
	{{{-16852, -3442, 1446},0, {198, -721},{0x49, 0xB7, 0xB7, 0xFF}}},
	{{{-16852, -3551, 1408},0, {685, -894},{0x73, 0x26, 0xDA, 0xFF}}},
	{{{-16743, -3551, 1408},0, {-749, -894},{0xDA, 0x26, 0x8D, 0xFF}}},
	{{{-16743, -3442, 1446},0, {-262, -721},{0xB7, 0xB7, 0xB7, 0xFF}}},
	{{{-16743, -3442, 1408},0, {-262, -894},{0xDA, 0xDA, 0x8D, 0xFF}}},
	{{{-16743, -3551, 1446},0, {-749, -721},{0xB7, 0x49, 0xB7, 0xFF}}},
	{{{-16852, -3442, 1408},0, {-320, -894},{0xB7, 0xB7, 0xB7, 0xFF}}},
	{{{-16743, -3442, 1446},0, {-807, -721},{0xB7, 0xB7, 0xB7, 0xFF}}},
	{{{-16852, -3442, 1446},0, {-320, -721},{0x49, 0xB7, 0xB7, 0xFF}}},
	{{{-16743, -3442, 1408},0, {-807, -894},{0xDA, 0xDA, 0x8D, 0xFF}}},
	{{{-16743, -3551, 1408},0, {743, -894},{0xDA, 0x26, 0x8D, 0xFF}}},
	{{{-16852, -3551, 1446},0, {256, -721},{0x49, 0x49, 0xB7, 0xFF}}},
	{{{-16743, -3551, 1446},0, {743, -721},{0xB7, 0x49, 0xB7, 0xFF}}},
	{{{-16852, -3551, 1408},0, {256, -894},{0x73, 0x26, 0xDA, 0xFF}}},
	{{{-16852, -4928, 1408},0, {-320, -894},{0xB7, 0xB7, 0xB7, 0xFF}}},
	{{{-16743, -4928, 1446},0, {-807, -721},{0xB7, 0xB7, 0xB7, 0xFF}}},
	{{{-16852, -4928, 1446},0, {-320, -721},{0x49, 0xB7, 0xB7, 0xFF}}},
	{{{-16743, -4928, 1408},0, {-807, -894},{0xDA, 0xDA, 0x8D, 0xFF}}},
	{{{-16743, -5037, 1408},0, {743, -894},{0xDA, 0x26, 0x8D, 0xFF}}},
	{{{-16852, -5037, 1446},0, {256, -721},{0x49, 0x49, 0xB7, 0xFF}}},
	{{{-16743, -5037, 1446},0, {743, -721},{0xB7, 0x49, 0xB7, 0xFF}}},
	{{{-16852, -5037, 1408},0, {256, -894},{0x73, 0x26, 0xDA, 0xFF}}},
	{{{-16852, -5037, 1446},0, {685, -721},{0x49, 0x49, 0xB7, 0xFF}}},
	{{{-16852, -4928, 1408},0, {198, -894},{0xB7, 0xB7, 0xB7, 0xFF}}},
	{{{-16852, -4928, 1446},0, {198, -721},{0x49, 0xB7, 0xB7, 0xFF}}},
	{{{-16852, -5037, 1408},0, {685, -894},{0x73, 0x26, 0xDA, 0xFF}}},
	{{{-16743, -5037, 1408},0, {-749, -894},{0xDA, 0x26, 0x8D, 0xFF}}},
	{{{-16743, -4928, 1446},0, {-262, -721},{0xB7, 0xB7, 0xB7, 0xFF}}},
	{{{-16743, -4928, 1408},0, {-262, -894},{0xDA, 0xDA, 0x8D, 0xFF}}},
	{{{-16743, -5037, 1446},0, {-749, -721},{0xB7, 0x49, 0xB7, 0xFF}}},
	{{{-16743, -4928, 1446},0, {743, 762},{0xB7, 0xB7, 0xB7, 0xFF}}},
	{{{-16852, -5037, 1446},0, {256, 275},{0x49, 0x49, 0xB7, 0xFF}}},
	{{{-16852, -4928, 1446},0, {256, 762},{0x49, 0xB7, 0xB7, 0xFF}}},
	{{{-16743, -5037, 1446},0, {743, 275},{0xB7, 0x49, 0xB7, 0xFF}}},
	{{{-16852, -6455, 1408},0, {-320, -894},{0xB7, 0xB7, 0xB7, 0xFF}}},
	{{{-16743, -6455, 1446},0, {-807, -721},{0xB7, 0xB7, 0xB7, 0xFF}}},
	{{{-16852, -6455, 1446},0, {-320, -721},{0x49, 0xB7, 0xB7, 0xFF}}},
	{{{-16743, -6455, 1408},0, {-807, -894},{0xDA, 0xDA, 0x8D, 0xFF}}},
	{{{-16743, -6563, 1408},0, {743, -894},{0xDA, 0x26, 0x8D, 0xFF}}},
	{{{-16852, -6563, 1446},0, {256, -721},{0x49, 0x49, 0xB7, 0xFF}}},
	{{{-16743, -6563, 1446},0, {743, -721},{0xB7, 0x49, 0xB7, 0xFF}}},
	{{{-16852, -6563, 1408},0, {256, -894},{0xB7, 0x49, 0xB7, 0xFF}}},
	{{{-16743, -6455, 1446},0, {743, 762},{0xB7, 0xB7, 0xB7, 0xFF}}},
	{{{-16852, -6563, 1446},0, {256, 275},{0x49, 0x49, 0xB7, 0xFF}}},
	{{{-16852, -6455, 1446},0, {256, 762},{0x49, 0xB7, 0xB7, 0xFF}}},
	{{{-16743, -6563, 1446},0, {743, 275},{0xB7, 0x49, 0xB7, 0xFF}}},
	{{{-16743, -6563, 1408},0, {-749, -894},{0xDA, 0x26, 0x8D, 0xFF}}},
	{{{-16743, -6455, 1446},0, {-262, -721},{0xB7, 0xB7, 0xB7, 0xFF}}},
	{{{-16743, -6455, 1408},0, {-262, -894},{0xDA, 0xDA, 0x8D, 0xFF}}},
	{{{-16743, -6563, 1446},0, {-749, -721},{0xB7, 0x49, 0xB7, 0xFF}}},
	{{{-16852, -6563, 1446},0, {685, -721},{0x49, 0x49, 0xB7, 0xFF}}},
	{{{-16852, -6455, 1408},0, {198, -894},{0xB7, 0xB7, 0xB7, 0xFF}}},
	{{{-16852, -6455, 1446},0, {198, -721},{0x49, 0xB7, 0xB7, 0xFF}}},
	{{{-16852, -6563, 1408},0, {685, -894},{0xB7, 0x49, 0xB7, 0xFF}}},
	{{{-16852, -8022, 1408},0, {-320, -894},{0x73, 0xDA, 0xDA, 0xFF}}},
	{{{-16743, -8022, 1446},0, {-807, -721},{0xB7, 0xB7, 0xB7, 0xFF}}},
	{{{-16852, -8022, 1446},0, {-320, -721},{0x49, 0xB7, 0xB7, 0xFF}}},
	{{{-16743, -8022, 1408},0, {-807, -894},{0xDA, 0xDA, 0x8D, 0xFF}}},
	{{{-16743, -8131, 1408},0, {743, -894},{0xDA, 0x26, 0x8D, 0xFF}}},
	{{{-16852, -8131, 1446},0, {256, -721},{0x49, 0x49, 0xB7, 0xFF}}},
	{{{-16743, -8131, 1446},0, {743, -721},{0xB7, 0x49, 0xB7, 0xFF}}},
	{{{-16852, -8131, 1408},0, {256, -894},{0x26, 0x26, 0x8D, 0xFF}}},
	{{{-16743, -8131, 1408},0, {-749, -894},{0xDA, 0x26, 0x8D, 0xFF}}},
	{{{-16743, -8022, 1446},0, {-262, -721},{0xB7, 0xB7, 0xB7, 0xFF}}},
	{{{-16743, -8022, 1408},0, {-262, -894},{0xDA, 0xDA, 0x8D, 0xFF}}},
	{{{-16743, -8131, 1446},0, {-749, -721},{0xB7, 0x49, 0xB7, 0xFF}}},
	{{{-16852, -8131, 1446},0, {685, -721},{0x49, 0x49, 0xB7, 0xFF}}},
	{{{-16852, -8022, 1408},0, {198, -894},{0x73, 0xDA, 0xDA, 0xFF}}},
	{{{-16852, -8022, 1446},0, {198, -721},{0x49, 0xB7, 0xB7, 0xFF}}},
	{{{-16852, -8131, 1408},0, {685, -894},{0x26, 0x26, 0x8D, 0xFF}}},
	{{{-16743, -8022, 1446},0, {743, 762},{0xB7, 0xB7, 0xB7, 0xFF}}},
	{{{-16852, -8131, 1446},0, {256, 275},{0x49, 0x49, 0xB7, 0xFF}}},
	{{{-16852, -8022, 1446},0, {256, 762},{0x49, 0xB7, 0xB7, 0xFF}}},
	{{{-16743, -8131, 1446},0, {743, 275},{0xB7, 0x49, 0xB7, 0xFF}}},
	{{{-3614, 785, 10458},0, {-320, -894},{0x26, 0xDA, 0x8D, 0xFF}}},
	{{{-3506, 785, 10496},0, {-807, -721},{0xB7, 0xB7, 0xB7, 0xFF}}},
	{{{-3614, 785, 10496},0, {-320, -721},{0x49, 0xB7, 0xB7, 0xFF}}},
	{{{-3506, 785, 10458},0, {-807, -894},{0xDA, 0xDA, 0x8D, 0xFF}}},
	{{{-3506, 676, 10458},0, {-749, -894},{0xDA, 0x26, 0x8D, 0xFF}}},
	{{{-3506, 785, 10496},0, {-262, -721},{0xB7, 0xB7, 0xB7, 0xFF}}},
	{{{-3506, 785, 10458},0, {-262, -894},{0xDA, 0xDA, 0x8D, 0xFF}}},
	{{{-3506, 676, 10496},0, {-749, -721},{0xB7, 0x49, 0xB7, 0xFF}}},
	{{{-3614, 676, 10496},0, {685, -721},{0x49, 0x49, 0xB7, 0xFF}}},
	{{{-3614, 785, 10458},0, {198, -894},{0x26, 0xDA, 0x8D, 0xFF}}},
	{{{-3614, 785, 10496},0, {198, -721},{0x49, 0xB7, 0xB7, 0xFF}}},
	{{{-3614, 676, 10458},0, {685, -894},{0x73, 0x26, 0xDA, 0xFF}}},
	{{{-3506, 785, 10496},0, {743, 762},{0xB7, 0xB7, 0xB7, 0xFF}}},
	{{{-3614, 676, 10496},0, {256, 275},{0x49, 0x49, 0xB7, 0xFF}}},
	{{{-3614, 785, 10496},0, {256, 762},{0x49, 0xB7, 0xB7, 0xFF}}},
	{{{-3506, 676, 10496},0, {743, 275},{0xB7, 0x49, 0xB7, 0xFF}}},
	{{{-3506, 676, 10458},0, {743, -894},{0xDA, 0x26, 0x8D, 0xFF}}},
	{{{-3614, 676, 10496},0, {256, -721},{0x49, 0x49, 0xB7, 0xFF}}},
	{{{-3506, 676, 10496},0, {743, -721},{0xB7, 0x49, 0xB7, 0xFF}}},
	{{{-3614, 676, 10458},0, {256, -894},{0x73, 0x26, 0xDA, 0xFF}}},
	{{{-3506, -254, 10496},0, {743, 762},{0xB7, 0xB7, 0xB7, 0xFF}}},
	{{{-3614, -363, 10496},0, {256, 275},{0x49, 0x49, 0xB7, 0xFF}}},
	{{{-3614, -254, 10496},0, {256, 762},{0x49, 0xB7, 0xB7, 0xFF}}},
	{{{-3506, -363, 10496},0, {743, 275},{0xB7, 0x49, 0xB7, 0xFF}}},
	{{{-3614, -254, 10458},0, {-320, -894},{0xB7, 0xB7, 0xB7, 0xFF}}},
	{{{-3506, -254, 10496},0, {-807, -721},{0xB7, 0xB7, 0xB7, 0xFF}}},
	{{{-3614, -254, 10496},0, {-320, -721},{0x49, 0xB7, 0xB7, 0xFF}}},
	{{{-3506, -254, 10458},0, {-807, -894},{0xDA, 0xDA, 0x8D, 0xFF}}},
	{{{-3614, -363, 10496},0, {685, -721},{0x49, 0x49, 0xB7, 0xFF}}},
	{{{-3614, -254, 10458},0, {198, -894},{0xB7, 0xB7, 0xB7, 0xFF}}},
	{{{-3614, -254, 10496},0, {198, -721},{0x49, 0xB7, 0xB7, 0xFF}}},
	{{{-3614, -363, 10458},0, {685, -894},{0x26, 0x26, 0x8D, 0xFF}}},
	{{{-3506, -363, 10458},0, {743, -894},{0xDA, 0x26, 0x8D, 0xFF}}},
	{{{-3614, -363, 10496},0, {256, -721},{0x49, 0x49, 0xB7, 0xFF}}},
	{{{-3506, -363, 10496},0, {743, -721},{0xB7, 0x49, 0xB7, 0xFF}}},
	{{{-3614, -363, 10458},0, {256, -894},{0x26, 0x26, 0x8D, 0xFF}}},
	{{{-3506, -363, 10458},0, {-749, -894},{0xDA, 0x26, 0x8D, 0xFF}}},
	{{{-3506, -254, 10496},0, {-262, -721},{0xB7, 0xB7, 0xB7, 0xFF}}},
	{{{-3506, -254, 10458},0, {-262, -894},{0xDA, 0xDA, 0x8D, 0xFF}}},
	{{{-3506, -363, 10496},0, {-749, -721},{0xB7, 0x49, 0xB7, 0xFF}}},
	{{{-3506, 157, 10458},0, {-749, -894},{0xDA, 0x26, 0x8D, 0xFF}}},
	{{{-3506, 266, 10496},0, {-262, -721},{0xB7, 0xB7, 0xB7, 0xFF}}},
	{{{-3506, 266, 10458},0, {-262, -894},{0xDA, 0xDA, 0x8D, 0xFF}}},
	{{{-3506, 157, 10496},0, {-749, -721},{0xB7, 0x49, 0xB7, 0xFF}}},
	{{{-3614, 157, 10496},0, {685, -721},{0x49, 0x49, 0xB7, 0xFF}}},
	{{{-3614, 266, 10458},0, {198, -894},{0x73, 0xDA, 0xDA, 0xFF}}},
	{{{-3614, 266, 10496},0, {198, -721},{0x49, 0xB7, 0xB7, 0xFF}}},
	{{{-3614, 157, 10458},0, {685, -894},{0x49, 0x49, 0x49, 0xFF}}},
	{{{-3506, 266, 10496},0, {743, 762},{0xB7, 0xB7, 0xB7, 0xFF}}},
	{{{-3614, 157, 10496},0, {256, 275},{0x49, 0x49, 0xB7, 0xFF}}},
	{{{-3614, 266, 10496},0, {256, 762},{0x49, 0xB7, 0xB7, 0xFF}}},
	{{{-3506, 157, 10496},0, {743, 275},{0xB7, 0x49, 0xB7, 0xFF}}},
	{{{-3614, 266, 10458},0, {-320, -894},{0x73, 0xDA, 0xDA, 0xFF}}},
	{{{-3506, 266, 10496},0, {-807, -721},{0xB7, 0xB7, 0xB7, 0xFF}}},
	{{{-3614, 266, 10496},0, {-320, -721},{0x49, 0xB7, 0xB7, 0xFF}}},
	{{{-3506, 266, 10458},0, {-807, -894},{0xDA, 0xDA, 0x8D, 0xFF}}},
	{{{-3506, 157, 10458},0, {743, -894},{0xDA, 0x26, 0x8D, 0xFF}}},
	{{{-3614, 157, 10496},0, {256, -721},{0x49, 0x49, 0xB7, 0xFF}}},
	{{{-3506, 157, 10496},0, {743, -721},{0xB7, 0x49, 0xB7, 0xFF}}},
	{{{-3614, 157, 10458},0, {256, -894},{0x49, 0x49, 0x49, 0xFF}}},
};

Gfx hmc_dl_DL_thi_1_0xe024db0_Obj_mesh_layer_1_tri_0[] = {
	gsSPVertex(hmc_dl_DL_thi_1_0xe024db0_Obj_mesh_layer_1_vtx_0 + 0, 16, 0),
	gsSP1Triangle(0, 1, 2, 0),
	gsSP1Triangle(1, 0, 3, 0),
	gsSP1Triangle(4, 5, 6, 0),
	gsSP1Triangle(5, 4, 7, 0),
	gsSP1Triangle(8, 9, 10, 0),
	gsSP1Triangle(9, 8, 11, 0),
	gsSP1Triangle(12, 13, 14, 0),
	gsSP1Triangle(13, 12, 15, 0),
	gsSPVertex(hmc_dl_DL_thi_1_0xe024db0_Obj_mesh_layer_1_vtx_0 + 16, 16, 0),
	gsSP1Triangle(0, 1, 2, 0),
	gsSP1Triangle(1, 0, 3, 0),
	gsSP1Triangle(4, 5, 6, 0),
	gsSP1Triangle(5, 4, 7, 0),
	gsSP1Triangle(8, 9, 10, 0),
	gsSP1Triangle(9, 8, 11, 0),
	gsSP1Triangle(12, 13, 14, 0),
	gsSP1Triangle(13, 12, 15, 0),
	gsSPVertex(hmc_dl_DL_thi_1_0xe024db0_Obj_mesh_layer_1_vtx_0 + 32, 16, 0),
	gsSP1Triangle(0, 1, 2, 0),
	gsSP1Triangle(1, 0, 3, 0),
	gsSP1Triangle(4, 5, 6, 0),
	gsSP1Triangle(5, 4, 7, 0),
	gsSP1Triangle(8, 9, 10, 0),
	gsSP1Triangle(9, 8, 11, 0),
	gsSP1Triangle(12, 13, 14, 0),
	gsSP1Triangle(13, 12, 15, 0),
	gsSPVertex(hmc_dl_DL_thi_1_0xe024db0_Obj_mesh_layer_1_vtx_0 + 48, 16, 0),
	gsSP1Triangle(0, 1, 2, 0),
	gsSP1Triangle(1, 0, 3, 0),
	gsSP1Triangle(4, 5, 6, 0),
	gsSP1Triangle(5, 4, 7, 0),
	gsSP1Triangle(8, 9, 10, 0),
	gsSP1Triangle(9, 8, 11, 0),
	gsSP1Triangle(12, 13, 14, 0),
	gsSP1Triangle(13, 12, 15, 0),
	gsSPVertex(hmc_dl_DL_thi_1_0xe024db0_Obj_mesh_layer_1_vtx_0 + 64, 16, 0),
	gsSP1Triangle(0, 1, 2, 0),
	gsSP1Triangle(1, 0, 3, 0),
	gsSP1Triangle(4, 5, 6, 0),
	gsSP1Triangle(5, 4, 7, 0),
	gsSP1Triangle(8, 9, 10, 0),
	gsSP1Triangle(9, 8, 11, 0),
	gsSP1Triangle(12, 13, 14, 0),
	gsSP1Triangle(13, 12, 15, 0),
	gsSPVertex(hmc_dl_DL_thi_1_0xe024db0_Obj_mesh_layer_1_vtx_0 + 80, 16, 0),
	gsSP1Triangle(0, 1, 2, 0),
	gsSP1Triangle(1, 0, 3, 0),
	gsSP1Triangle(4, 5, 6, 0),
	gsSP1Triangle(5, 4, 7, 0),
	gsSP1Triangle(8, 9, 10, 0),
	gsSP1Triangle(9, 8, 11, 0),
	gsSP1Triangle(12, 13, 14, 0),
	gsSP1Triangle(13, 12, 15, 0),
	gsSPVertex(hmc_dl_DL_thi_1_0xe024db0_Obj_mesh_layer_1_vtx_0 + 96, 16, 0),
	gsSP1Triangle(0, 1, 2, 0),
	gsSP1Triangle(1, 0, 3, 0),
	gsSP1Triangle(4, 5, 6, 0),
	gsSP1Triangle(5, 4, 7, 0),
	gsSP1Triangle(8, 9, 10, 0),
	gsSP1Triangle(9, 8, 11, 0),
	gsSP1Triangle(12, 13, 14, 0),
	gsSP1Triangle(13, 12, 15, 0),
	gsSPVertex(hmc_dl_DL_thi_1_0xe024db0_Obj_mesh_layer_1_vtx_0 + 112, 16, 0),
	gsSP1Triangle(0, 1, 2, 0),
	gsSP1Triangle(1, 0, 3, 0),
	gsSP1Triangle(4, 5, 6, 0),
	gsSP1Triangle(5, 4, 7, 0),
	gsSP1Triangle(8, 9, 10, 0),
	gsSP1Triangle(9, 8, 11, 0),
	gsSP1Triangle(12, 13, 14, 0),
	gsSP1Triangle(13, 12, 15, 0),
	gsSPVertex(hmc_dl_DL_thi_1_0xe024db0_Obj_mesh_layer_1_vtx_0 + 128, 16, 0),
	gsSP1Triangle(0, 1, 2, 0),
	gsSP1Triangle(1, 0, 3, 0),
	gsSP1Triangle(4, 5, 6, 0),
	gsSP1Triangle(5, 4, 7, 0),
	gsSP1Triangle(8, 9, 10, 0),
	gsSP1Triangle(9, 8, 11, 0),
	gsSP1Triangle(12, 13, 14, 0),
	gsSP1Triangle(13, 12, 15, 0),
	gsSPVertex(hmc_dl_DL_thi_1_0xe024db0_Obj_mesh_layer_1_vtx_0 + 144, 16, 0),
	gsSP1Triangle(0, 1, 2, 0),
	gsSP1Triangle(1, 0, 3, 0),
	gsSP1Triangle(4, 5, 6, 0),
	gsSP1Triangle(5, 4, 7, 0),
	gsSP1Triangle(8, 9, 10, 0),
	gsSP1Triangle(9, 8, 11, 0),
	gsSP1Triangle(12, 13, 14, 0),
	gsSP1Triangle(13, 12, 15, 0),
	gsSPVertex(hmc_dl_DL_thi_1_0xe024db0_Obj_mesh_layer_1_vtx_0 + 160, 16, 0),
	gsSP1Triangle(0, 1, 2, 0),
	gsSP1Triangle(1, 0, 3, 0),
	gsSP1Triangle(4, 5, 6, 0),
	gsSP1Triangle(5, 4, 7, 0),
	gsSP1Triangle(8, 9, 10, 0),
	gsSP1Triangle(9, 8, 11, 0),
	gsSP1Triangle(12, 13, 14, 0),
	gsSP1Triangle(13, 12, 15, 0),
	gsSPVertex(hmc_dl_DL_thi_1_0xe024db0_Obj_mesh_layer_1_vtx_0 + 176, 16, 0),
	gsSP1Triangle(0, 1, 2, 0),
	gsSP1Triangle(1, 0, 3, 0),
	gsSP1Triangle(4, 5, 6, 0),
	gsSP1Triangle(5, 4, 7, 0),
	gsSP1Triangle(8, 9, 10, 0),
	gsSP1Triangle(9, 8, 11, 0),
	gsSP1Triangle(12, 13, 14, 0),
	gsSP1Triangle(13, 12, 15, 0),
	gsSPVertex(hmc_dl_DL_thi_1_0xe024db0_Obj_mesh_layer_1_vtx_0 + 192, 16, 0),
	gsSP1Triangle(0, 1, 2, 0),
	gsSP1Triangle(1, 0, 3, 0),
	gsSP1Triangle(4, 5, 6, 0),
	gsSP1Triangle(5, 4, 7, 0),
	gsSP1Triangle(8, 9, 10, 0),
	gsSP1Triangle(9, 8, 11, 0),
	gsSP1Triangle(12, 13, 14, 0),
	gsSP1Triangle(13, 12, 15, 0),
	gsSPVertex(hmc_dl_DL_thi_1_0xe024db0_Obj_mesh_layer_1_vtx_0 + 208, 16, 0),
	gsSP1Triangle(0, 1, 2, 0),
	gsSP1Triangle(1, 0, 3, 0),
	gsSP1Triangle(4, 5, 6, 0),
	gsSP1Triangle(5, 4, 7, 0),
	gsSP1Triangle(8, 9, 10, 0),
	gsSP1Triangle(9, 8, 11, 0),
	gsSP1Triangle(12, 13, 14, 0),
	gsSP1Triangle(13, 12, 15, 0),
	gsSPVertex(hmc_dl_DL_thi_1_0xe024db0_Obj_mesh_layer_1_vtx_0 + 224, 16, 0),
	gsSP1Triangle(0, 1, 2, 0),
	gsSP1Triangle(1, 0, 3, 0),
	gsSP1Triangle(4, 5, 6, 0),
	gsSP1Triangle(5, 4, 7, 0),
	gsSP1Triangle(8, 9, 10, 0),
	gsSP1Triangle(9, 8, 11, 0),
	gsSP1Triangle(12, 13, 14, 0),
	gsSP1Triangle(13, 12, 15, 0),
	gsSPVertex(hmc_dl_DL_thi_1_0xe024db0_Obj_mesh_layer_1_vtx_0 + 240, 16, 0),
	gsSP1Triangle(0, 1, 2, 0),
	gsSP1Triangle(1, 0, 3, 0),
	gsSP1Triangle(4, 5, 6, 0),
	gsSP1Triangle(5, 4, 7, 0),
	gsSP1Triangle(8, 9, 10, 0),
	gsSP1Triangle(9, 8, 11, 0),
	gsSP1Triangle(12, 13, 14, 0),
	gsSP1Triangle(13, 12, 15, 0),
	gsSPVertex(hmc_dl_DL_thi_1_0xe024db0_Obj_mesh_layer_1_vtx_0 + 256, 16, 0),
	gsSP1Triangle(0, 1, 2, 0),
	gsSP1Triangle(1, 0, 3, 0),
	gsSP1Triangle(4, 5, 6, 0),
	gsSP1Triangle(5, 4, 7, 0),
	gsSP1Triangle(8, 9, 10, 0),
	gsSP1Triangle(9, 8, 11, 0),
	gsSP1Triangle(12, 13, 14, 0),
	gsSP1Triangle(13, 12, 15, 0),
	gsSPVertex(hmc_dl_DL_thi_1_0xe024db0_Obj_mesh_layer_1_vtx_0 + 272, 16, 0),
	gsSP1Triangle(0, 1, 2, 0),
	gsSP1Triangle(1, 0, 3, 0),
	gsSP1Triangle(4, 5, 6, 0),
	gsSP1Triangle(5, 4, 7, 0),
	gsSP1Triangle(8, 9, 10, 0),
	gsSP1Triangle(9, 8, 11, 0),
	gsSP1Triangle(12, 13, 14, 0),
	gsSP1Triangle(13, 12, 15, 0),
	gsSPVertex(hmc_dl_DL_thi_1_0xe024db0_Obj_mesh_layer_1_vtx_0 + 288, 16, 0),
	gsSP1Triangle(0, 1, 2, 0),
	gsSP1Triangle(1, 0, 3, 0),
	gsSP1Triangle(4, 5, 6, 0),
	gsSP1Triangle(5, 4, 7, 0),
	gsSP1Triangle(8, 9, 10, 0),
	gsSP1Triangle(9, 8, 11, 0),
	gsSP1Triangle(12, 13, 14, 0),
	gsSP1Triangle(13, 12, 15, 0),
	gsSPVertex(hmc_dl_DL_thi_1_0xe024db0_Obj_mesh_layer_1_vtx_0 + 304, 16, 0),
	gsSP1Triangle(0, 1, 2, 0),
	gsSP1Triangle(1, 0, 3, 0),
	gsSP1Triangle(4, 5, 6, 0),
	gsSP1Triangle(5, 4, 7, 0),
	gsSP1Triangle(8, 9, 10, 0),
	gsSP1Triangle(9, 8, 11, 0),
	gsSP1Triangle(12, 13, 14, 0),
	gsSP1Triangle(13, 12, 15, 0),
	gsSPVertex(hmc_dl_DL_thi_1_0xe024db0_Obj_mesh_layer_1_vtx_0 + 320, 16, 0),
	gsSP1Triangle(0, 1, 2, 0),
	gsSP1Triangle(1, 0, 3, 0),
	gsSP1Triangle(4, 5, 6, 0),
	gsSP1Triangle(5, 4, 7, 0),
	gsSP1Triangle(8, 9, 10, 0),
	gsSP1Triangle(9, 8, 11, 0),
	gsSP1Triangle(12, 13, 14, 0),
	gsSP1Triangle(13, 12, 15, 0),
	gsSPVertex(hmc_dl_DL_thi_1_0xe024db0_Obj_mesh_layer_1_vtx_0 + 336, 16, 0),
	gsSP1Triangle(0, 1, 2, 0),
	gsSP1Triangle(1, 0, 3, 0),
	gsSP1Triangle(4, 5, 6, 0),
	gsSP1Triangle(5, 4, 7, 0),
	gsSP1Triangle(8, 9, 10, 0),
	gsSP1Triangle(9, 8, 11, 0),
	gsSP1Triangle(12, 13, 14, 0),
	gsSP1Triangle(13, 12, 15, 0),
	gsSPVertex(hmc_dl_DL_thi_1_0xe024db0_Obj_mesh_layer_1_vtx_0 + 352, 16, 0),
	gsSP1Triangle(0, 1, 2, 0),
	gsSP1Triangle(1, 0, 3, 0),
	gsSP1Triangle(4, 5, 6, 0),
	gsSP1Triangle(5, 4, 7, 0),
	gsSP1Triangle(8, 9, 10, 0),
	gsSP1Triangle(9, 8, 11, 0),
	gsSP1Triangle(12, 13, 14, 0),
	gsSP1Triangle(13, 12, 15, 0),
	gsSPVertex(hmc_dl_DL_thi_1_0xe024db0_Obj_mesh_layer_1_vtx_0 + 368, 16, 0),
	gsSP1Triangle(0, 1, 2, 0),
	gsSP1Triangle(1, 0, 3, 0),
	gsSP1Triangle(4, 5, 6, 0),
	gsSP1Triangle(5, 4, 7, 0),
	gsSP1Triangle(8, 9, 10, 0),
	gsSP1Triangle(9, 8, 11, 0),
	gsSP1Triangle(12, 13, 14, 0),
	gsSP1Triangle(13, 12, 15, 0),
	gsSPVertex(hmc_dl_DL_thi_1_0xe024db0_Obj_mesh_layer_1_vtx_0 + 384, 16, 0),
	gsSP1Triangle(0, 1, 2, 0),
	gsSP1Triangle(1, 0, 3, 0),
	gsSP1Triangle(4, 5, 6, 0),
	gsSP1Triangle(5, 4, 7, 0),
	gsSP1Triangle(8, 9, 10, 0),
	gsSP1Triangle(9, 8, 11, 0),
	gsSP1Triangle(12, 13, 14, 0),
	gsSP1Triangle(13, 12, 15, 0),
	gsSPVertex(hmc_dl_DL_thi_1_0xe024db0_Obj_mesh_layer_1_vtx_0 + 400, 16, 0),
	gsSP1Triangle(0, 1, 2, 0),
	gsSP1Triangle(1, 0, 3, 0),
	gsSP1Triangle(4, 5, 6, 0),
	gsSP1Triangle(5, 4, 7, 0),
	gsSP1Triangle(8, 9, 10, 0),
	gsSP1Triangle(9, 8, 11, 0),
	gsSP1Triangle(12, 13, 14, 0),
	gsSP1Triangle(13, 12, 15, 0),
	gsSPVertex(hmc_dl_DL_thi_1_0xe024db0_Obj_mesh_layer_1_vtx_0 + 416, 16, 0),
	gsSP1Triangle(0, 1, 2, 0),
	gsSP1Triangle(1, 0, 3, 0),
	gsSP1Triangle(4, 5, 6, 0),
	gsSP1Triangle(5, 4, 7, 0),
	gsSP1Triangle(8, 9, 10, 0),
	gsSP1Triangle(9, 8, 11, 0),
	gsSP1Triangle(12, 13, 14, 0),
	gsSP1Triangle(13, 12, 15, 0),
	gsSPVertex(hmc_dl_DL_thi_1_0xe024db0_Obj_mesh_layer_1_vtx_0 + 432, 16, 0),
	gsSP1Triangle(0, 1, 2, 0),
	gsSP1Triangle(1, 0, 3, 0),
	gsSP1Triangle(4, 5, 6, 0),
	gsSP1Triangle(5, 4, 7, 0),
	gsSP1Triangle(8, 9, 10, 0),
	gsSP1Triangle(9, 8, 11, 0),
	gsSP1Triangle(12, 13, 14, 0),
	gsSP1Triangle(13, 12, 15, 0),
	gsSPVertex(hmc_dl_DL_thi_1_0xe024db0_Obj_mesh_layer_1_vtx_0 + 448, 16, 0),
	gsSP1Triangle(0, 1, 2, 0),
	gsSP1Triangle(1, 0, 3, 0),
	gsSP1Triangle(4, 5, 6, 0),
	gsSP1Triangle(5, 4, 7, 0),
	gsSP1Triangle(8, 9, 10, 0),
	gsSP1Triangle(9, 8, 11, 0),
	gsSP1Triangle(12, 13, 14, 0),
	gsSP1Triangle(13, 12, 15, 0),
	gsSPVertex(hmc_dl_DL_thi_1_0xe024db0_Obj_mesh_layer_1_vtx_0 + 464, 16, 0),
	gsSP1Triangle(0, 1, 2, 0),
	gsSP1Triangle(1, 0, 3, 0),
	gsSP1Triangle(4, 5, 6, 0),
	gsSP1Triangle(5, 4, 7, 0),
	gsSP1Triangle(8, 9, 10, 0),
	gsSP1Triangle(9, 8, 11, 0),
	gsSP1Triangle(12, 13, 14, 0),
	gsSP1Triangle(13, 12, 15, 0),
	gsSPVertex(hmc_dl_DL_thi_1_0xe024db0_Obj_mesh_layer_1_vtx_0 + 480, 16, 0),
	gsSP1Triangle(0, 1, 2, 0),
	gsSP1Triangle(1, 0, 3, 0),
	gsSP1Triangle(4, 5, 6, 0),
	gsSP1Triangle(5, 4, 7, 0),
	gsSP1Triangle(8, 9, 10, 0),
	gsSP1Triangle(9, 8, 11, 0),
	gsSP1Triangle(12, 13, 14, 0),
	gsSP1Triangle(13, 12, 15, 0),
	gsSPVertex(hmc_dl_DL_thi_1_0xe024db0_Obj_mesh_layer_1_vtx_0 + 496, 16, 0),
	gsSP1Triangle(0, 1, 2, 0),
	gsSP1Triangle(1, 0, 3, 0),
	gsSP1Triangle(4, 5, 6, 0),
	gsSP1Triangle(5, 4, 7, 0),
	gsSP1Triangle(8, 9, 10, 0),
	gsSP1Triangle(9, 8, 11, 0),
	gsSP1Triangle(12, 13, 14, 0),
	gsSP1Triangle(13, 12, 15, 0),
	gsSPVertex(hmc_dl_DL_thi_1_0xe024db0_Obj_mesh_layer_1_vtx_0 + 512, 16, 0),
	gsSP1Triangle(0, 1, 2, 0),
	gsSP1Triangle(1, 0, 3, 0),
	gsSP1Triangle(4, 5, 6, 0),
	gsSP1Triangle(5, 4, 7, 0),
	gsSP1Triangle(8, 9, 10, 0),
	gsSP1Triangle(9, 8, 11, 0),
	gsSP1Triangle(12, 13, 14, 0),
	gsSP1Triangle(13, 12, 15, 0),
	gsSPVertex(hmc_dl_DL_thi_1_0xe024db0_Obj_mesh_layer_1_vtx_0 + 528, 16, 0),
	gsSP1Triangle(0, 1, 2, 0),
	gsSP1Triangle(1, 0, 3, 0),
	gsSP1Triangle(4, 5, 6, 0),
	gsSP1Triangle(5, 4, 7, 0),
	gsSP1Triangle(8, 9, 10, 0),
	gsSP1Triangle(9, 8, 11, 0),
	gsSP1Triangle(12, 13, 14, 0),
	gsSP1Triangle(13, 12, 15, 0),
	gsSPVertex(hmc_dl_DL_thi_1_0xe024db0_Obj_mesh_layer_1_vtx_0 + 544, 16, 0),
	gsSP1Triangle(0, 1, 2, 0),
	gsSP1Triangle(1, 0, 3, 0),
	gsSP1Triangle(4, 5, 6, 0),
	gsSP1Triangle(5, 4, 7, 0),
	gsSP1Triangle(8, 9, 10, 0),
	gsSP1Triangle(9, 8, 11, 0),
	gsSP1Triangle(12, 13, 14, 0),
	gsSP1Triangle(13, 12, 15, 0),
	gsSPVertex(hmc_dl_DL_thi_1_0xe024db0_Obj_mesh_layer_1_vtx_0 + 560, 16, 0),
	gsSP1Triangle(0, 1, 2, 0),
	gsSP1Triangle(1, 0, 3, 0),
	gsSP1Triangle(4, 5, 6, 0),
	gsSP1Triangle(5, 4, 7, 0),
	gsSP1Triangle(8, 9, 10, 0),
	gsSP1Triangle(9, 8, 11, 0),
	gsSP1Triangle(12, 13, 14, 0),
	gsSP1Triangle(13, 12, 15, 0),
	gsSPVertex(hmc_dl_DL_thi_1_0xe024db0_Obj_mesh_layer_1_vtx_0 + 576, 16, 0),
	gsSP1Triangle(0, 1, 2, 0),
	gsSP1Triangle(1, 0, 3, 0),
	gsSP1Triangle(4, 5, 6, 0),
	gsSP1Triangle(5, 4, 7, 0),
	gsSP1Triangle(8, 9, 10, 0),
	gsSP1Triangle(9, 8, 11, 0),
	gsSP1Triangle(12, 13, 14, 0),
	gsSP1Triangle(13, 12, 15, 0),
	gsSPVertex(hmc_dl_DL_thi_1_0xe024db0_Obj_mesh_layer_1_vtx_0 + 592, 8, 0),
	gsSP1Triangle(0, 1, 2, 0),
	gsSP1Triangle(1, 0, 3, 0),
	gsSP1Triangle(4, 5, 6, 0),
	gsSP1Triangle(5, 4, 7, 0),
	gsSPEndDisplayList(),
};

Vtx hmc_dl_DL_thi_1_0xe024db0_Obj_mesh_layer_1_vtx_1[366] = {
	{{{-32768, 32767, 3319},0, {613, 6846},{0x0, 0x0, 0x81, 0xFF}}},
	{{{-30981, 30922, 3319},0, {1881, 5207},{0xCD, 0x19, 0x8E, 0xFF}}},
	{{{-32768, -20586, 3319},0, {613, -8637},{0x0, 0x0, 0x81, 0xFF}}},
	{{{-30981, 30922, 3319},0, {1881, -937},{0xCD, 0x19, 0x8E, 0xFF}}},
	{{{-32768, 32767, 3319},0, {613, 702},{0x0, 0x0, 0x81, 0xFF}}},
	{{{-28556, 32767, 3319},0, {2533, -292},{0xEC, 0x3C, 0x92, 0xFF}}},
	{{{-28556, 32767, 3319},0, {-5659, -292},{0xEC, 0x3C, 0x92, 0xFF}}},
	{{{-32768, 32767, 3319},0, {-7579, 702},{0x0, 0x0, 0x81, 0xFF}}},
	{{{30370, 32767, 3319},0, {10178, 702},{0x0, 0x0, 0x81, 0xFF}}},
	{{{-32768, -20586, 3319},0, {613, -6589},{0x0, 0x0, 0x81, 0xFF}}},
	{{{-30981, 30922, 3319},0, {1881, 7255},{0xCD, 0x19, 0x8E, 0xFF}}},
	{{{-31241, 11402, 3319},0, {1812, 2008},{0xC6, 0x18, 0x91, 0xFF}}},
	{{{-31241, 11402, 3319},0, {1812, -2088},{0xC6, 0x18, 0x91, 0xFF}}},
	{{{-30981, 30922, 3319},0, {1881, 3159},{0xCD, 0x19, 0x8E, 0xFF}}},
	{{{-30999, 27509, 3319},0, {1877, 2241},{0xC9, 0xEA, 0x90, 0xFF}}},
	{{{-25142, 32767, 3319},0, {-2693, -297},{0x24, 0x66, 0x43, 0xFF}}},
	{{{-3389, 32767, 3319},0, {3153, -163},{0xFF, 0x0, 0x81, 0xFF}}},
	{{{-22741, 30880, 3319},0, {-2048, -948},{0x33, 0x18, 0x8E, 0xFF}}},
	{{{-16079, 22510, 3319},0, {1791, 898},{0x26, 0x26, 0x8D, 0xFF}}},
	{{{-14329, 26522, 3319},0, {2261, 1976},{0x0, 0x0, 0x81, 0xFF}}},
	{{{-16079, 13675, 3319},0, {1791, -1477},{0x5A, 0x0, 0xA6, 0xFF}}},
	{{{-3389, 32767, 3319},0, {-5039, -163},{0xFF, 0x0, 0x81, 0xFF}}},
	{{{30370, 32767, 3319},0, {4034, 702},{0x0, 0x0, 0x81, 0xFF}}},
	{{{17417, 32767, 3319},0, {553, -322},{0xDD, 0x63, 0x48, 0xFF}}},
	{{{10842, 27762, 3319},0, {-1214, 261},{0x0, 0x0, 0x81, 0xFF}}},
	{{{17417, 32767, 3319},0, {553, 1726},{0xDD, 0x63, 0x48, 0xFF}}},
	{{{14701, 30524, 3319},0, {-177, 1004},{0xC6, 0x1B, 0x92, 0xFF}}},
	{{{-32768, -20586, 3319},0, {-7579, -445},{0x0, 0x0, 0x81, 0xFF}}},
	{{{-28337, -14592, 3319},0, {-5600, 1166},{0xE6, 0xC1, 0x95, 0xFF}}},
	{{{30370, -20586, 3319},0, {10178, -445},{0x0, 0x0, 0x81, 0xFF}}},
	{{{-28337, -14592, 3319},0, {2592, 1166},{0xE6, 0xC1, 0x95, 0xFF}}},
	{{{-32768, -20586, 3319},0, {613, -445},{0x0, 0x0, 0x81, 0xFF}}},
	{{{-29774, -13141, 3319},0, {2206, 1556},{0xC1, 0xE7, 0x94, 0xFF}}},
	{{{-16920, -12508, 3319},0, {1564, 1726},{0xDA, 0xDA, 0x8D, 0xFF}}},
	{{{-24844, -13166, 3319},0, {-565, 1549},{0x3E, 0xE6, 0x94, 0xFF}}},
	{{{-24834, -11124, 3319},0, {-562, 2098},{0x3F, 0x19, 0x94, 0xFF}}},
	{{{-16920, -12508, 3319},0, {1564, -322},{0xDA, 0xDA, 0x8D, 0xFF}}},
	{{{-24834, -11124, 3319},0, {-562, 50},{0x3F, 0x19, 0x94, 0xFF}}},
	{{{-23511, 3594, 3319},0, {-207, 4006},{0x17, 0xC6, 0x91, 0xFF}}},
	{{{-3670, 1958, 3319},0, {1030, 1518},{0x0, 0x0, 0x81, 0xFF}}},
	{{{-5569, -6258, 3319},0, {519, -690},{0x33, 0x15, 0x8D, 0xFF}}},
	{{{-4109, 5798, 3319},0, {912, 2550},{0x0, 0x0, 0x81, 0xFF}}},
	{{{30370, -20586, 3319},0, {-62, -445},{0x0, 0x0, 0x81, 0xFF}}},
	{{{24854, -14154, 3319},0, {-1544, 1284},{0x37, 0xE9, 0x90, 0xFF}}},
	{{{24869, -11237, 3319},0, {-1540, 2068},{0x37, 0x16, 0x90, 0xFF}}},
	{{{17162, 5766, 3319},0, {485, 4590},{0xC5, 0xE8, 0x92, 0xFF}}},
	{{{17826, -11201, 3319},0, {663, 30},{0xC9, 0x17, 0x90, 0xFF}}},
	{{{17811, -14118, 3319},0, {659, -755},{0xC9, 0xEA, 0x90, 0xFF}}},
	{{{-31264, 6851, 3319},0, {1805, 2833},{0xC6, 0xE9, 0x91, 0xFF}}},
	{{{-29764, -11099, 3319},0, {2209, -1991},{0xC2, 0x1A, 0x94, 0xFF}}},
	{{{-29774, -13141, 3319},0, {2206, -2540},{0xC1, 0xE7, 0x94, 0xFF}}},
	{{{-26270, -9673, 3319},0, {1099, 440},{0x1A, 0x3E, 0x94, 0xFF}}},
	{{{-23511, 3594, 3319},0, {1841, 4006},{0x17, 0xC6, 0x91, 0xFF}}},
	{{{-24834, -11124, 3319},0, {1486, 50},{0x3F, 0x19, 0x94, 0xFF}}},
	{{{-9692, -6872, 10458},0, {412, -2476},{0xB7, 0x49, 0xB7, 0xFF}}},
	{{{-9753, -6872, 10458},0, {396, -2476},{0xDA, 0x26, 0x8D, 0xFF}}},
	{{{-9692, 5021, 10458},0, {412, 721},{0xDA, 0x26, 0x8D, 0xFF}}},
	{{{-32768, 32767, 10458},0, {-2482, 7273},{0x0, 0x0, 0x81, 0xFF}}},
	{{{-5012, 11930, 10458},0, {5766, 529},{0x0, 0x0, 0x81, 0xFF}}},
	{{{-32768, -20586, 10458},0, {-2482, -8210},{0x0, 0x0, 0x81, 0xFF}}},
	{{{-5012, 11930, 10458},0, {-378, -3567},{0x0, 0x0, 0x81, 0xFF}}},
	{{{-32768, 32767, 10458},0, {-8626, 3177},{0x0, 0x0, 0x81, 0xFF}}},
	{{{30370, 32767, 10458},0, {9131, 3177},{0x0, 0x0, 0x81, 0xFF}}},
	{{{-32768, -20586, 10458},0, {-8626, -2066},{0x0, 0x0, 0x81, 0xFF}}},
	{{{-9692, -10753, 10458},0, {-1636, 577},{0xDA, 0xDA, 0x8D, 0xFF}}},
	{{{30370, -20586, 10458},0, {9131, -2066},{0x0, 0x0, 0x81, 0xFF}}},
	{{{-9753, -8939, 10458},0, {396, -983},{0xE2, 0xE2, 0x88, 0xFF}}},
	{{{-9753, -6872, 10458},0, {396, -428},{0xDA, 0x26, 0x8D, 0xFF}}},
	{{{-9753, -8098, 10458},0, {396, -757},{0x8E, 0x0, 0x39, 0xFF}}},
	{{{-9692, -10753, 10458},0, {412, 577},{0xDA, 0xDA, 0x8D, 0xFF}}},
	{{{-9753, -8939, 10458},0, {396, 1065},{0xE2, 0xE2, 0x88, 0xFF}}},
	{{{-9692, -8939, 10458},0, {412, 1065},{0xCC, 0xCC, 0x98, 0xFF}}},
	{{{30370, -20586, 10458},0, {7083, -2066},{0x0, 0x0, 0x81, 0xFF}}},
	{{{-9692, -10753, 10458},0, {-3684, 577},{0xDA, 0xDA, 0x8D, 0xFF}}},
	{{{-4285, -10753, 10458},0, {-2231, 577},{0x26, 0xDA, 0x8D, 0xFF}}},
	{{{-3748, -3216, 10458},0, {2010, 555},{0xDA, 0xDA, 0x8D, 0xFF}}},
	{{{-3748, -713, 10458},0, {2010, 1228},{0x0, 0x0, 0x81, 0xFF}}},
	{{{-3748, -1386, 10458},0, {2010, 1047},{0xB7, 0x49, 0x49, 0xFF}}},
	{{{30370, -20586, 10458},0, {5035, -4114},{0x0, 0x0, 0x81, 0xFF}}},
	{{{-2661, -3216, 10458},0, {-3842, 555},{0x26, 0xDA, 0x8D, 0xFF}}},
	{{{-2002, 9032, 10458},0, {-3665, 3847},{0x0, 0x0, 0x81, 0xFF}}},
	{{{30370, -20586, 10458},0, {5035, -8210},{0x0, 0x0, 0x81, 0xFF}}},
	{{{-2002, 9032, 10458},0, {-3665, -249},{0x0, 0x0, 0x81, 0xFF}}},
	{{{30370, 32767, 10458},0, {5035, 7273},{0x0, 0x0, 0x81, 0xFF}}},
	{{{-4139, 5943, 10458},0, {1904, 969},{0x0, 0x0, 0x81, 0xFF}}},
	{{{-3187, 5266, 10458},0, {2160, 786},{0x0, 0x0, 0x81, 0xFF}}},
	{{{-4684, 5615, 10458},0, {1758, 880},{0x0, 0x0, 0x81, 0xFF}}},
	{{{-3187, 5266, 10458},0, {112, 786},{0x0, 0x0, 0x81, 0xFF}}},
	{{{-4139, 5943, 10458},0, {-144, 969},{0x0, 0x0, 0x81, 0xFF}}},
	{{{-3488, 5670, 10458},0, {31, 895},{0x0, 0x0, 0x81, 0xFF}}},
	{{{-3614, -363, 10458},0, {2045, -726},{0x26, 0x26, 0x8D, 0xFF}}},
	{{{-3748, -713, 10458},0, {2010, -820},{0x0, 0x0, 0x81, 0xFF}}},
	{{{-3614, 785, 10458},0, {2045, -418},{0x26, 0xDA, 0x8D, 0xFF}}},
	{{{-9692, 5021, 10458},0, {412, 721},{0xDA, 0x26, 0x8D, 0xFF}}},
	{{{-4878, 5417, 10458},0, {1706, 827},{0x0, 0x0, 0x81, 0xFF}}},
	{{{-4711, 5021, 10458},0, {1751, 721},{0x0, 0x5A, 0xA6, 0xFF}}},
	{{{-16675, -12230, 3319},0, {1630, -247},{0x26, 0x26, 0x8D, 0xFF}}},
	{{{-16079, -8538, 3319},0, {1791, 745},{0x26, 0xDA, 0x8D, 0xFF}}},
	{{{-16675, -12508, 3319},0, {1630, -322},{0x26, 0xDA, 0x8D, 0xFF}}},
	{{{-16675, -9888, 3319},0, {1630, 382},{0x26, 0xDA, 0x8D, 0xFF}}},
	{{{-16920, -12230, 3319},0, {1564, -247},{0xB7, 0x49, 0x49, 0xFF}}},
	{{{-16920, -9888, 3319},0, {1564, 382},{0x49, 0xB7, 0xB7, 0xFF}}},
	{{{-16920, -12508, 3319},0, {1564, -322},{0xDA, 0xDA, 0x8D, 0xFF}}},
	{{{-16920, -9610, 3319},0, {1564, 457},{0xDA, 0x26, 0x8D, 0xFF}}},
	{{{-17517, -8538, 3319},0, {1404, 745},{0xDA, 0xDA, 0x8D, 0xFF}}},
	{{{-16675, -9610, 3319},0, {1630, 457},{0x26, 0x26, 0x8D, 0xFF}}},
	{{{-12937, 10123, 3319},0, {587, -383},{0x0, 0x0, 0x81, 0xFF}}},
	{{{-16079, 5911, 3319},0, {-257, -1515},{0x5A, 0x0, 0xA6, 0xFF}}},
	{{{-16079, 10659, 3319},0, {-257, -239},{0x5A, 0x0, 0xA6, 0xFF}}},
	{{{-16079, 5911, 3319},0, {-257, 533},{0x5A, 0x0, 0xA6, 0xFF}}},
	{{{-12937, 10123, 3319},0, {587, 1665},{0x0, 0x0, 0x81, 0xFF}}},
	{{{-16079, -8538, 3319},0, {-257, -3351},{0x26, 0xDA, 0x8D, 0xFF}}},
	{{{-13126, -1740, 3319},0, {536, -1524},{0x0, 0x0, 0x81, 0xFF}}},
	{{{-11899, 8231, 3319},0, {866, 1156},{0x0, 0x0, 0x81, 0xFF}}},
	{{{-13126, -1740, 3319},0, {536, 2572},{0x0, 0x0, 0x81, 0xFF}}},
	{{{-10851, -6231, 3319},0, {1148, 1365},{0xCD, 0x15, 0x8D, 0xFF}}},
	{{{-10862, -8419, 3319},0, {1145, 777},{0xCD, 0xEB, 0x8D, 0xFF}}},
	{{{-16079, -8538, 3319},0, {-257, 745},{0x26, 0xDA, 0x8D, 0xFF}}},
	{{{-9323, -9974, 3319},0, {1558, 359},{0xEB, 0xCD, 0x8D, 0xFF}}},
	{{{-9296, -4692, 3319},0, {1565, -2317},{0xEB, 0x33, 0x8D, 0xFF}}},
	{{{-7791, 6447, 3319},0, {1970, 677},{0x0, 0x0, 0x81, 0xFF}}},
	{{{-7108, -4703, 3319},0, {2154, -2320},{0x15, 0x33, 0x8D, 0xFF}}},
	{{{-10851, -6231, 3319},0, {1148, -2731},{0xCD, 0x15, 0x8D, 0xFF}}},
	{{{-7791, 6447, 3319},0, {1970, 677},{0x0, 0x0, 0x81, 0xFF}}},
	{{{-9296, -4692, 3319},0, {1565, -2317},{0xEB, 0x33, 0x8D, 0xFF}}},
	{{{-13126, -1740, 3319},0, {536, -1524},{0x0, 0x0, 0x81, 0xFF}}},
	{{{-7108, -4703, 3319},0, {106, -2320},{0x15, 0x33, 0x8D, 0xFF}}},
	{{{-7791, 6447, 3319},0, {-78, 677},{0x0, 0x0, 0x81, 0xFF}}},
	{{{-5933, 6725, 3319},0, {421, 751},{0x0, 0x0, 0x81, 0xFF}}},
	{{{-5569, -6258, 3319},0, {519, -2738},{0x33, 0x15, 0x8D, 0xFF}}},
	{{{-4109, 5798, 3319},0, {912, 502},{0x0, 0x0, 0x81, 0xFF}}},
	{{{-32768, -20586, 3319},0, {613, -2493},{0x0, 0x0, 0x81, 0xFF}}},
	{{{-31241, 11402, 3319},0, {1812, 6104},{0xC6, 0x18, 0x91, 0xFF}}},
	{{{-31264, 6851, 3319},0, {1805, 4881},{0xC6, 0xE9, 0x91, 0xFF}}},
	{{{-29774, -13141, 3319},0, {2206, -492},{0xC1, 0xE7, 0x94, 0xFF}}},
	{{{-28556, 32767, 3319},0, {-7707, -292},{0xEC, 0x3C, 0x92, 0xFF}}},
	{{{30370, 32767, 3319},0, {8130, 702},{0x0, 0x0, 0x81, 0xFF}}},
	{{{-25142, 32767, 3319},0, {-6789, -297},{0x24, 0x66, 0x43, 0xFF}}},
	{{{-25142, 32767, 3319},0, {-6789, -297},{0x24, 0x66, 0x43, 0xFF}}},
	{{{30370, 32767, 3319},0, {8130, 702},{0x0, 0x0, 0x81, 0xFF}}},
	{{{-3389, 32767, 3319},0, {-943, -163},{0xFF, 0x0, 0x81, 0xFF}}},
	{{{-22741, 30880, 3319},0, {-2048, 1100},{0x33, 0x18, 0x8E, 0xFF}}},
	{{{-3389, 32767, 3319},0, {3153, 1885},{0xFF, 0x0, 0x81, 0xFF}}},
	{{{-14329, 26522, 3319},0, {213, -72},{0x0, 0x0, 0x81, 0xFF}}},
	{{{-8469, 25252, 3319},0, {1788, -413},{0x0, 0x0, 0x81, 0xFF}}},
	{{{-22741, 30880, 3319},0, {0, 1100},{0x33, 0x18, 0x8E, 0xFF}}},
	{{{-14329, 26522, 3319},0, {2261, -72},{0x0, 0x0, 0x81, 0xFF}}},
	{{{-17517, 22510, 3319},0, {1404, -1150},{0xDA, 0x26, 0x8D, 0xFF}}},
	{{{-16079, 22510, 3319},0, {1791, -1150},{0x26, 0x26, 0x8D, 0xFF}}},
	{{{-3389, 32767, 3319},0, {-2991, 1885},{0xFF, 0x0, 0x81, 0xFF}}},
	{{{17417, 32767, 3319},0, {2601, 1726},{0xDD, 0x63, 0x48, 0xFF}}},
	{{{-2180, 25906, 3319},0, {-2666, -237},{0x0, 0x0, 0x81, 0xFF}}},
	{{{1070, 25426, 3319},0, {-1792, -366},{0x0, 0x0, 0x81, 0xFF}}},
	{{{10842, 27762, 3319},0, {834, 261},{0x0, 0x0, 0x81, 0xFF}}},
	{{{10842, 27762, 3319},0, {-1214, 2309},{0x0, 0x0, 0x81, 0xFF}}},
	{{{14701, 30524, 3319},0, {-177, 3052},{0xC6, 0x1B, 0x92, 0xFF}}},
	{{{13845, 14687, 3319},0, {-407, -1205},{0x0, 0x0, 0x81, 0xFF}}},
	{{{14682, 26703, 3319},0, {-182, 2025},{0xC3, 0xE7, 0x93, 0xFF}}},
	{{{17417, 32767, 3319},0, {-1495, -322},{0xDD, 0x63, 0x48, 0xFF}}},
	{{{30370, 32767, 3319},0, {1986, 702},{0x0, 0x0, 0x81, 0xFF}}},
	{{{21239, 32767, 3319},0, {-468, -327},{0x24, 0x62, 0x48, 0xFF}}},
	{{{23927, 30477, 3319},0, {255, -1057},{0x3A, 0x1A, 0x92, 0xFF}}},
	{{{23927, 30477, 3319},0, {-1793, 5087},{0x3A, 0x1A, 0x92, 0xFF}}},
	{{{30370, 32767, 3319},0, {-62, 6846},{0x0, 0x0, 0x81, 0xFF}}},
	{{{24869, -11237, 3319},0, {-1540, -6124},{0x37, 0x16, 0x90, 0xFF}}},
	{{{30370, -20586, 3319},0, {-62, -8637},{0x0, 0x0, 0x81, 0xFF}}},
	{{{30370, -20586, 3319},0, {8130, -445},{0x0, 0x0, 0x81, 0xFF}}},
	{{{-28337, -14592, 3319},0, {-7648, 1166},{0xE6, 0xC1, 0x95, 0xFF}}},
	{{{-26295, -14603, 3319},0, {-7099, 1163},{0x19, 0xC1, 0x94, 0xFF}}},
	{{{-24844, -13166, 3319},0, {-6709, 1549},{0x3E, 0xE6, 0x94, 0xFF}}},
	{{{30370, -20586, 3319},0, {8130, -445},{0x0, 0x0, 0x81, 0xFF}}},
	{{{-24844, -13166, 3319},0, {-6709, 1549},{0x3E, 0xE6, 0x94, 0xFF}}},
	{{{-16920, -12508, 3319},0, {-4580, 1726},{0xDA, 0xDA, 0x8D, 0xFF}}},
	{{{-16920, -12508, 3319},0, {1564, -2370},{0xDA, 0xDA, 0x8D, 0xFF}}},
	{{{-23511, 3594, 3319},0, {-207, 1958},{0x17, 0xC6, 0x91, 0xFF}}},
	{{{-20277, 6795, 3319},0, {662, 2818},{0x3A, 0xE8, 0x91, 0xFF}}},
	{{{-17517, -8538, 3319},0, {1404, -1303},{0xDA, 0xDA, 0x8D, 0xFF}}},
	{{{-17517, -8538, 3319},0, {1404, -3351},{0xDA, 0xDA, 0x8D, 0xFF}}},
	{{{-20277, 6795, 3319},0, {662, 770},{0x3A, 0xE8, 0x91, 0xFF}}},
	{{{-20254, 11346, 3319},0, {668, 1993},{0x3A, 0x17, 0x91, 0xFF}}},
	{{{-18900, 11141, 3319},0, {1032, 1938},{0x0, 0x0, 0x81, 0xFF}}},
	{{{-17517, 10905, 3319},0, {1404, 1875},{0xA6, 0x0, 0xA6, 0xFF}}},
	{{{-17517, 5911, 3319},0, {1404, 533},{0x81, 0x0, 0x0, 0xFF}}},
	{{{30370, -20586, 3319},0, {6082, -445},{0x0, 0x0, 0x81, 0xFF}}},
	{{{-16920, -12508, 3319},0, {-6628, 1726},{0xDA, 0xDA, 0x8D, 0xFF}}},
	{{{-16675, -12508, 3319},0, {-6562, 1726},{0x26, 0xDA, 0x8D, 0xFF}}},
	{{{30370, -20586, 3319},0, {6082, -445},{0x0, 0x0, 0x81, 0xFF}}},
	{{{-16675, -12508, 3319},0, {-6562, 1726},{0x26, 0xDA, 0x8D, 0xFF}}},
	{{{-16079, -8538, 3319},0, {-6401, 2793},{0x26, 0xDA, 0x8D, 0xFF}}},
	{{{-9323, -9974, 3319},0, {-4586, 2407},{0xEB, 0xCD, 0x8D, 0xFF}}},
	{{{-7135, -9985, 3319},0, {-3998, 2404},{0x15, 0xCD, 0x8D, 0xFF}}},
	{{{30370, -20586, 3319},0, {4034, -445},{0x0, 0x0, 0x81, 0xFF}}},
	{{{-7135, -9985, 3319},0, {-6046, 2404},{0x15, 0xCD, 0x8D, 0xFF}}},
	{{{-5580, -8446, 3319},0, {-5628, 2818},{0x33, 0xEB, 0x8D, 0xFF}}},
	{{{-5569, -6258, 3319},0, {-5625, 3406},{0x33, 0x15, 0x8D, 0xFF}}},
	{{{19863, -16192, 3319},0, {1211, 736},{0xE9, 0xC9, 0x90, 0xFF}}},
	{{{19863, -16192, 3319},0, {3259, -1312},{0xE9, 0xC9, 0x90, 0xFF}}},
	{{{-5569, -6258, 3319},0, {-3577, 1358},{0x33, 0x15, 0x8D, 0xFF}}},
	{{{-3670, 1958, 3319},0, {-3066, 3566},{0x0, 0x0, 0x81, 0xFF}}},
	{{{17811, -14118, 3319},0, {2707, -755},{0xC9, 0xEA, 0x90, 0xFF}}},
	{{{-233, 5456, 3319},0, {-2143, 4506},{0x0, 0x0, 0x81, 0xFF}}},
	{{{1820, 6041, 3319},0, {-1591, 4664},{0x0, 0x0, 0x81, 0xFF}}},
	{{{17811, -14118, 3319},0, {2707, -755},{0xC9, 0xEA, 0x90, 0xFF}}},
	{{{1820, 6041, 3319},0, {-1591, 4664},{0x0, 0x0, 0x81, 0xFF}}},
	{{{7713, 5079, 3319},0, {-7, 4405},{0x0, 0x0, 0x81, 0xFF}}},
	{{{17811, -14118, 3319},0, {659, -4851},{0xC9, 0xEA, 0x90, 0xFF}}},
	{{{7713, 5079, 3319},0, {-2055, 309},{0x0, 0x0, 0x81, 0xFF}}},
	{{{13845, 14687, 3319},0, {-407, 2891},{0x0, 0x0, 0x81, 0xFF}}},
	{{{14682, 26703, 3319},0, {-182, 6121},{0xC3, 0xE7, 0x93, 0xFF}}},
	{{{17162, 5766, 3319},0, {485, 494},{0xC5, 0xE8, 0x92, 0xFF}}},
	{{{30370, -20586, 3319},0, {1986, -445},{0x0, 0x0, 0x81, 0xFF}}},
	{{{19863, -16192, 3319},0, {-837, 736},{0xE9, 0xC9, 0x90, 0xFF}}},
	{{{22781, -16206, 3319},0, {-53, 732},{0x16, 0xC9, 0x90, 0xFF}}},
	{{{24854, -14154, 3319},0, {504, 1284},{0x37, 0xE9, 0x90, 0xFF}}},
	{{{14682, 26703, 3319},0, {-182, 2025},{0xC3, 0xE7, 0x93, 0xFF}}},
	{{{17173, 7779, 3319},0, {487, -3061},{0xC5, 0x19, 0x92, 0xFF}}},
	{{{17162, 5766, 3319},0, {485, -3602},{0xC5, 0xE8, 0x92, 0xFF}}},
	{{{17370, 23987, 3319},0, {541, 1295},{0xE7, 0xC4, 0x93, 0xFF}}},
	{{{17173, 7779, 3319},0, {487, -3061},{0xC5, 0x19, 0x92, 0xFF}}},
	{{{17370, 23987, 3319},0, {541, 1295},{0xE7, 0xC4, 0x93, 0xFF}}},
	{{{18603, 9195, 3319},0, {872, -2681},{0xE8, 0x3B, 0x92, 0xFF}}},
	{{{18603, 9195, 3319},0, {-1176, -2681},{0xE8, 0x3B, 0x92, 0xFF}}},
	{{{17370, 23987, 3319},0, {-1507, 1295},{0xE7, 0xC4, 0x93, 0xFF}}},
	{{{21192, 23967, 3319},0, {-480, 1290},{0x19, 0xC3, 0x93, 0xFF}}},
	{{{20616, 9185, 3319},0, {-635, -2683},{0x19, 0x3B, 0x92, 0xFF}}},
	{{{22032, 7754, 3319},0, {-254, -3068},{0x3B, 0x18, 0x92, 0xFF}}},
	{{{23908, 26656, 3319},0, {250, 2012},{0x3C, 0xE7, 0x93, 0xFF}}},
	{{{22032, 7754, 3319},0, {-254, -1020},{0x3B, 0x18, 0x92, 0xFF}}},
	{{{23908, 26656, 3319},0, {250, 4060},{0x3C, 0xE7, 0x93, 0xFF}}},
	{{{22816, -9164, 3319},0, {-44, -5567},{0x17, 0x37, 0x90, 0xFF}}},
	{{{24869, -11237, 3319},0, {508, -6124},{0x37, 0x16, 0x90, 0xFF}}},
	{{{23927, 30477, 3319},0, {255, 5087},{0x3A, 0x1A, 0x92, 0xFF}}},
	{{{17826, -11201, 3319},0, {663, -2018},{0xC9, 0x17, 0x90, 0xFF}}},
	{{{17162, 5766, 3319},0, {485, 2542},{0xC5, 0xE8, 0x92, 0xFF}}},
	{{{18579, 4336, 3319},0, {865, 2157},{0xE7, 0xC5, 0x92, 0xFF}}},
	{{{19899, -9149, 3319},0, {1220, -1467},{0xEA, 0x37, 0x90, 0xFF}}},
	{{{19899, -9149, 3319},0, {-828, -1467},{0xEA, 0x37, 0x90, 0xFF}}},
	{{{18579, 4336, 3319},0, {-1183, 2157},{0xE7, 0xC5, 0x92, 0xFF}}},
	{{{20591, 4325, 3319},0, {-642, 2155},{0x18, 0xC5, 0x92, 0xFF}}},
	{{{22816, -9164, 3319},0, {-44, -1471},{0x17, 0x37, 0x90, 0xFF}}},
	{{{22022, 5742, 3319},0, {-257, 2535},{0x3B, 0xE7, 0x92, 0xFF}}},
	{{{22032, 7754, 3319},0, {-254, 3076},{0x3B, 0x18, 0x92, 0xFF}}},
	{{{10842, 27762, 3319},0, {834, 261},{0x0, 0x0, 0x81, 0xFF}}},
	{{{7570, 18636, 3319},0, {-45, -2191},{0x0, 0x0, 0x81, 0xFF}}},
	{{{7570, 20580, 3319},0, {-45, -1669},{0x0, 0x0, 0x81, 0xFF}}},
	{{{7570, 18636, 3319},0, {-45, -143},{0x0, 0x0, 0x81, 0xFF}}},
	{{{10842, 27762, 3319},0, {834, 2309},{0x0, 0x0, 0x81, 0xFF}}},
	{{{13845, 14687, 3319},0, {1641, -1205},{0x0, 0x0, 0x81, 0xFF}}},
	{{{-14329, 26522, 3319},0, {213, 1976},{0x0, 0x0, 0x81, 0xFF}}},
	{{{-13188, 16272, 3319},0, {520, -779},{0x0, 0x0, 0x81, 0xFF}}},
	{{{-16079, 13675, 3319},0, {-257, -1477},{0x5A, 0x0, 0xA6, 0xFF}}},
	{{{-12400, 20528, 3319},0, {731, 365},{0x0, 0x0, 0x81, 0xFF}}},
	{{{-17517, 12383, 3319},0, {1404, -1824},{0xA6, 0x0, 0xA6, 0xFF}}},
	{{{-18900, 11141, 3319},0, {1032, -2158},{0x0, 0x0, 0x81, 0xFF}}},
	{{{-17517, 22510, 3319},0, {1404, 898},{0xDA, 0x26, 0x8D, 0xFF}}},
	{{{-20254, 11346, 3319},0, {668, -2103},{0x3A, 0x17, 0x91, 0xFF}}},
	{{{-22741, 30880, 3319},0, {0, 3148},{0x33, 0x18, 0x8E, 0xFF}}},
	{{{-22759, 27467, 3319},0, {-5, 2230},{0x36, 0xE9, 0x8F, 0xFF}}},
	{{{-23455, 14580, 3319},0, {-192, -1233},{0x18, 0x3A, 0x91, 0xFF}}},
	{{{-29764, -11099, 3319},0, {161, -1991},{0xC2, 0x1A, 0x94, 0xFF}}},
	{{{-31264, 6851, 3319},0, {-243, 2833},{0xC6, 0xE9, 0x91, 0xFF}}},
	{{{-28062, 3617, 3319},0, {618, 1964},{0xE8, 0xC6, 0x91, 0xFF}}},
	{{{-28312, -9662, 3319},0, {551, -1605},{0xE7, 0x3F, 0x94, 0xFF}}},
	{{{-26270, -9673, 3319},0, {1099, -1608},{0x1A, 0x3E, 0x94, 0xFF}}},
	{{{-26270, -9673, 3319},0, {1099, -1608},{0x1A, 0x3E, 0x94, 0xFF}}},
	{{{-28062, 3617, 3319},0, {618, 1964},{0xE8, 0xC6, 0x91, 0xFF}}},
	{{{-23511, 3594, 3319},0, {1841, 1958},{0x17, 0xC6, 0x91, 0xFF}}},
	{{{-30999, 27509, 3319},0, {-171, 2241},{0xC9, 0xEA, 0x90, 0xFF}}},
	{{{-28006, 14604, 3319},0, {633, -1227},{0xE9, 0x3A, 0x91, 0xFF}}},
	{{{-31241, 11402, 3319},0, {-236, -2088},{0xC6, 0x18, 0x91, 0xFF}}},
	{{{-28597, 25083, 3319},0, {474, 1589},{0xE9, 0xCA, 0x8F, 0xFF}}},
	{{{-25184, 25066, 3319},0, {1391, 1585},{0x16, 0xC9, 0x90, 0xFF}}},
	{{{-23455, 14580, 3319},0, {1856, -1233},{0x18, 0x3A, 0x91, 0xFF}}},
	{{{-22759, 27467, 3319},0, {2043, 2230},{0x36, 0xE9, 0x8F, 0xFF}}},
	{{{-2002, 9032, 10458},0, {431, -249},{0x0, 0x0, 0x81, 0xFF}}},
	{{{-4878, 5417, 10458},0, {-342, -1221},{0x0, 0x0, 0x81, 0xFF}}},
	{{{-5012, 9032, 10458},0, {-378, -249},{0x0, 0x0, 0x81, 0xFF}}},
	{{{-4684, 5615, 10458},0, {-290, -1168},{0x0, 0x0, 0x81, 0xFF}}},
	{{{-4139, 5943, 10458},0, {-144, -1079},{0x0, 0x0, 0x81, 0xFF}}},
	{{{-3780, 6378, 10458},0, {-47, -963},{0x0, 0x0, 0x81, 0xFF}}},
	{{{-3780, 6378, 10458},0, {-47, -963},{0x0, 0x0, 0x81, 0xFF}}},
	{{{-2002, 9032, 10458},0, {431, -249},{0x0, 0x0, 0x81, 0xFF}}},
	{{{-3488, 5670, 10458},0, {31, -1153},{0x0, 0x0, 0x81, 0xFF}}},
	{{{-3187, 5266, 10458},0, {112, -1262},{0x0, 0x0, 0x81, 0xFF}}},
	{{{-2661, -2812, 10458},0, {254, -1384},{0x26, 0x26, 0x8D, 0xFF}}},
	{{{-2002, 9032, 10458},0, {431, 1799},{0x0, 0x0, 0x81, 0xFF}}},
	{{{-2661, -3216, 10458},0, {254, -1493},{0x26, 0xDA, 0x8D, 0xFF}}},
	{{{-2848, 2427, 10458},0, {204, 23},{0x0, 0x0, 0x81, 0xFF}}},
	{{{-3372, -2812, 10458},0, {63, -1384},{0x49, 0x49, 0xB7, 0xFF}}},
	{{{-3372, -1386, 10458},0, {63, -1001},{0x26, 0x26, 0x8D, 0xFF}}},
	{{{-3372, -713, 10458},0, {63, -820},{0x0, 0x0, 0x81, 0xFF}}},
	{{{-3506, -363, 10458},0, {27, -726},{0xDA, 0x26, 0x8D, 0xFF}}},
	{{{-3614, -363, 10458},0, {-3, -726},{0x26, 0x26, 0x8D, 0xFF}}},
	{{{-3748, -713, 10458},0, {-38, -820},{0x0, 0x0, 0x81, 0xFF}}},
	{{{-3506, -254, 10458},0, {27, -697},{0xDA, 0xDA, 0x8D, 0xFF}}},
	{{{-3506, 157, 10458},0, {27, -587},{0xDA, 0x26, 0x8D, 0xFF}}},
	{{{-3614, -254, 10458},0, {-3, -697},{0xB7, 0xB7, 0xB7, 0xFF}}},
	{{{-3506, 157, 10458},0, {27, -587},{0xDA, 0x26, 0x8D, 0xFF}}},
	{{{-3506, -254, 10458},0, {27, -697},{0xDA, 0xDA, 0x8D, 0xFF}}},
	{{{-3614, 157, 10458},0, {-3, -587},{0x49, 0x49, 0x49, 0xFF}}},
	{{{-3614, -363, 10458},0, {-3, -726},{0x26, 0x26, 0x8D, 0xFF}}},
	{{{-3614, 266, 10458},0, {-3, -557},{0x73, 0xDA, 0xDA, 0xFF}}},
	{{{-3614, 676, 10458},0, {-3, -447},{0x73, 0x26, 0xDA, 0xFF}}},
	{{{-3614, 785, 10458},0, {-3, -418},{0x26, 0xDA, 0x8D, 0xFF}}},
	{{{-3506, 676, 10458},0, {27, -447},{0xDA, 0x26, 0x8D, 0xFF}}},
	{{{-3506, 266, 10458},0, {27, -557},{0xDA, 0xDA, 0x8D, 0xFF}}},
	{{{-2848, 2427, 10458},0, {204, 23},{0x0, 0x0, 0x81, 0xFF}}},
	{{{-3506, 785, 10458},0, {27, -418},{0xDA, 0xDA, 0x8D, 0xFF}}},
	{{{-3516, 2370, 10458},0, {24, 8},{0x0, 0x0, 0x81, 0xFF}}},
	{{{-3748, -713, 10458},0, {-38, -820},{0x0, 0x0, 0x81, 0xFF}}},
	{{{-2848, 2620, 10458},0, {204, 75},{0x0, 0x0, 0x81, 0xFF}}},
	{{{-2002, 9032, 10458},0, {431, 1799},{0x0, 0x0, 0x81, 0xFF}}},
	{{{-3187, 5266, 10458},0, {112, 786},{0x0, 0x0, 0x81, 0xFF}}},
	{{{-2002, 9032, 10458},0, {431, 1799},{0x0, 0x0, 0x81, 0xFF}}},
	{{{-2848, 2620, 10458},0, {204, 75},{0x0, 0x0, 0x81, 0xFF}}},
	{{{-3264, 4978, 10458},0, {92, 709},{0x0, 0x0, 0x81, 0xFF}}},
	{{{-3516, 3006, 10458},0, {24, 179},{0x0, 0x0, 0x81, 0xFF}}},
	{{{-32768, -20586, 10458},0, {-2482, -4114},{0x0, 0x0, 0x81, 0xFF}}},
	{{{-5012, 11930, 10458},0, {5766, 4625},{0x0, 0x0, 0x81, 0xFF}}},
	{{{-9692, 5021, 10458},0, {4508, 2769},{0xDA, 0x26, 0x8D, 0xFF}}},
	{{{-9753, -6872, 10458},0, {4492, -428},{0xDA, 0x26, 0x8D, 0xFF}}},
	{{{-5012, 11930, 10458},0, {-4474, -3567},{0x0, 0x0, 0x81, 0xFF}}},
	{{{30370, 32767, 10458},0, {5035, 3177},{0x0, 0x0, 0x81, 0xFF}}},
	{{{-2002, 11930, 10458},0, {-3665, -3567},{0x0, 0x0, 0x81, 0xFF}}},
	{{{-2002, 9032, 10458},0, {-3665, -4345},{0x0, 0x0, 0x81, 0xFF}}},
	{{{-9692, -10753, 10458},0, {4508, 577},{0xDA, 0xDA, 0x8D, 0xFF}}},
	{{{-32768, -20586, 10458},0, {-2482, -2066},{0x0, 0x0, 0x81, 0xFF}}},
	{{{-9753, -8939, 10458},0, {4492, 1065},{0xE2, 0xE2, 0x88, 0xFF}}},
	{{{-9753, -8939, 10458},0, {4492, 1065},{0xE2, 0xE2, 0x88, 0xFF}}},
	{{{-32768, -20586, 10458},0, {-2482, -2066},{0x0, 0x0, 0x81, 0xFF}}},
	{{{-9753, -6872, 10458},0, {4492, 1620},{0xDA, 0x26, 0x8D, 0xFF}}},
	{{{30370, -20586, 10458},0, {5035, -2066},{0x0, 0x0, 0x81, 0xFF}}},
	{{{-4285, -10753, 10458},0, {-4279, 577},{0x26, 0xDA, 0x8D, 0xFF}}},
	{{{-3748, -3216, 10458},0, {-4134, 2603},{0xDA, 0xDA, 0x8D, 0xFF}}},
	{{{-2661, -3216, 10458},0, {-3842, 2603},{0x26, 0xDA, 0x8D, 0xFF}}},
	{{{-3748, -3216, 10458},0, {2010, 555},{0xDA, 0xDA, 0x8D, 0xFF}}},
	{{{-4285, -10753, 10458},0, {1865, -1471},{0x26, 0xDA, 0x8D, 0xFF}}},
	{{{-4185, 2427, 10458},0, {1892, 2071},{0x0, 0x0, 0x81, 0xFF}}},
	{{{-4185, 2620, 10458},0, {1892, 2123},{0x0, 0x0, 0x81, 0xFF}}},
	{{{-4285, -7076, 10458},0, {1865, -483},{0x5A, 0x0, 0xA6, 0xFF}}},
	{{{-4285, -6001, 10458},0, {1865, -194},{0x31, 0x26, 0x91, 0xFF}}},
	{{{-4285, -5238, 10458},0, {1865, 11},{0x26, 0xDA, 0x8D, 0xFF}}},
	{{{-4946, -5821, 10458},0, {1687, -145},{0x51, 0x3E, 0xB5, 0xFF}}},
	{{{-4946, -5238, 10458},0, {1687, 11},{0x49, 0xB7, 0xB7, 0xFF}}},
	{{{-3748, -3216, 10458},0, {2010, -1493},{0xDA, 0xDA, 0x8D, 0xFF}}},
	{{{-4185, 2427, 10458},0, {1892, 23},{0x0, 0x0, 0x81, 0xFF}}},
	{{{-3748, -713, 10458},0, {2010, -820},{0x0, 0x0, 0x81, 0xFF}}},
	{{{-3516, 2370, 10458},0, {2072, 8},{0x0, 0x0, 0x81, 0xFF}}},
	{{{-4285, 4776, 10458},0, {1865, 655},{0x5A, 0x0, 0xA6, 0xFF}}},
	{{{-4185, 2620, 10458},0, {1892, 75},{0x0, 0x0, 0x81, 0xFF}}},
	{{{-4285, -5238, 10458},0, {1865, -2037},{0x26, 0xDA, 0x8D, 0xFF}}},
	{{{-3264, 4978, 10458},0, {2140, 709},{0x0, 0x0, 0x81, 0xFF}}},
	{{{-3516, 3006, 10458},0, {2072, 179},{0x0, 0x0, 0x81, 0xFF}}},
	{{{-4878, 5417, 10458},0, {1706, -1221},{0x0, 0x0, 0x81, 0xFF}}},
	{{{-9692, 5021, 10458},0, {412, -1327},{0xDA, 0x26, 0x8D, 0xFF}}},
	{{{-5012, 9032, 10458},0, {1670, -249},{0x0, 0x0, 0x81, 0xFF}}},
	{{{-5012, 11930, 10458},0, {1670, 529},{0x0, 0x0, 0x81, 0xFF}}},
	{{{7713, 5079, 3319},0, {-7, -1739},{0x0, 0x0, 0x81, 0xFF}}},
	{{{5296, 13101, 3319},0, {-657, 417},{0x0, 0x0, 0x81, 0xFF}}},
	{{{13845, 14687, 3319},0, {1641, 843},{0x0, 0x0, 0x81, 0xFF}}},
	{{{5296, 13101, 3319},0, {-657, 417},{0x0, 0x0, 0x81, 0xFF}}},
	{{{7713, 5079, 3319},0, {-7, -1739},{0x0, 0x0, 0x81, 0xFF}}},
	{{{4651, 11438, 3319},0, {-830, -30},{0x0, 0x0, 0x81, 0xFF}}},
	{{{-8469, 25252, 3319},0, {-260, -413},{0x0, 0x0, 0x81, 0xFF}}},
	{{{-3389, 32767, 3319},0, {1105, 1885},{0xFF, 0x0, 0x81, 0xFF}}},
	{{{-6949, 25818, 3319},0, {148, -261},{0x0, 0x0, 0x81, 0xFF}}},
};

Gfx hmc_dl_DL_thi_1_0xe024db0_Obj_mesh_layer_1_tri_1[] = {
	gsSPVertex(hmc_dl_DL_thi_1_0xe024db0_Obj_mesh_layer_1_vtx_1 + 0, 15, 0),
	gsSP1Triangle(0, 1, 2, 0),
	gsSP1Triangle(3, 4, 5, 0),
	gsSP1Triangle(6, 7, 8, 0),
	gsSP1Triangle(9, 10, 11, 0),
	gsSP1Triangle(12, 13, 14, 0),
	gsSPVertex(hmc_dl_DL_thi_1_0xe024db0_Obj_mesh_layer_1_vtx_1 + 15, 15, 0),
	gsSP1Triangle(0, 1, 2, 0),
	gsSP1Triangle(3, 4, 5, 0),
	gsSP1Triangle(6, 7, 8, 0),
	gsSP1Triangle(9, 10, 11, 0),
	gsSP1Triangle(12, 13, 14, 0),
	gsSPVertex(hmc_dl_DL_thi_1_0xe024db0_Obj_mesh_layer_1_vtx_1 + 30, 15, 0),
	gsSP1Triangle(0, 1, 2, 0),
	gsSP1Triangle(3, 4, 5, 0),
	gsSP1Triangle(6, 7, 8, 0),
	gsSP1Triangle(9, 10, 11, 0),
	gsSP1Triangle(12, 13, 14, 0),
	gsSPVertex(hmc_dl_DL_thi_1_0xe024db0_Obj_mesh_layer_1_vtx_1 + 45, 15, 0),
	gsSP1Triangle(0, 1, 2, 0),
	gsSP1Triangle(3, 4, 5, 0),
	gsSP1Triangle(6, 7, 8, 0),
	gsSP1Triangle(9, 10, 11, 0),
	gsSP1Triangle(12, 13, 14, 0),
	gsSPVertex(hmc_dl_DL_thi_1_0xe024db0_Obj_mesh_layer_1_vtx_1 + 60, 15, 0),
	gsSP1Triangle(0, 1, 2, 0),
	gsSP1Triangle(3, 4, 5, 0),
	gsSP1Triangle(6, 7, 8, 0),
	gsSP1Triangle(9, 10, 11, 0),
	gsSP1Triangle(12, 13, 14, 0),
	gsSPVertex(hmc_dl_DL_thi_1_0xe024db0_Obj_mesh_layer_1_vtx_1 + 75, 15, 0),
	gsSP1Triangle(0, 1, 2, 0),
	gsSP1Triangle(3, 4, 5, 0),
	gsSP1Triangle(6, 7, 8, 0),
	gsSP1Triangle(9, 10, 11, 0),
	gsSP1Triangle(12, 13, 14, 0),
	gsSPVertex(hmc_dl_DL_thi_1_0xe024db0_Obj_mesh_layer_1_vtx_1 + 90, 16, 0),
	gsSP1Triangle(0, 1, 2, 0),
	gsSP1Triangle(3, 4, 5, 0),
	gsSP1Triangle(6, 7, 8, 0),
	gsSP1Triangle(9, 7, 6, 0),
	gsSP1Triangle(10, 9, 6, 0),
	gsSP1Triangle(9, 10, 11, 0),
	gsSP1Triangle(12, 11, 10, 0),
	gsSP1Triangle(12, 13, 11, 0),
	gsSP1Triangle(12, 14, 13, 0),
	gsSP1Triangle(7, 13, 14, 0),
	gsSP1Triangle(13, 7, 15, 0),
	gsSP1Triangle(15, 7, 9, 0),
	gsSPVertex(hmc_dl_DL_thi_1_0xe024db0_Obj_mesh_layer_1_vtx_1 + 106, 16, 0),
	gsSP1Triangle(0, 1, 2, 0),
	gsSP1Triangle(3, 4, 5, 0),
	gsSP1Triangle(5, 4, 6, 0),
	gsSP1Triangle(6, 4, 7, 0),
	gsSP1Triangle(8, 9, 10, 0),
	gsSP1Triangle(10, 11, 8, 0),
	gsSP1Triangle(12, 11, 10, 0),
	gsSP1Triangle(13, 14, 15, 0),
	gsSPVertex(hmc_dl_DL_thi_1_0xe024db0_Obj_mesh_layer_1_vtx_1 + 122, 16, 0),
	gsSP1Triangle(0, 1, 2, 0),
	gsSP1Triangle(0, 3, 1, 0),
	gsSP1Triangle(4, 5, 6, 0),
	gsSP1Triangle(4, 6, 7, 0),
	gsSP1Triangle(7, 6, 8, 0),
	gsSP1Triangle(9, 10, 11, 0),
	gsSP1Triangle(12, 9, 11, 0),
	gsSP1Triangle(13, 14, 15, 0),
	gsSPVertex(hmc_dl_DL_thi_1_0xe024db0_Obj_mesh_layer_1_vtx_1 + 138, 16, 0),
	gsSP1Triangle(0, 1, 2, 0),
	gsSP1Triangle(3, 4, 5, 0),
	gsSP1Triangle(5, 4, 6, 0),
	gsSP1Triangle(7, 8, 9, 0),
	gsSP1Triangle(9, 8, 10, 0),
	gsSP1Triangle(11, 12, 13, 0),
	gsSP1Triangle(13, 12, 14, 0),
	gsSP1Triangle(14, 12, 15, 0),
	gsSPVertex(hmc_dl_DL_thi_1_0xe024db0_Obj_mesh_layer_1_vtx_1 + 154, 16, 0),
	gsSP1Triangle(0, 1, 2, 0),
	gsSP1Triangle(2, 1, 3, 0),
	gsSP1Triangle(4, 5, 6, 0),
	gsSP1Triangle(6, 5, 7, 0),
	gsSP1Triangle(8, 9, 10, 0),
	gsSP1Triangle(11, 10, 9, 0),
	gsSP1Triangle(12, 13, 14, 0),
	gsSP1Triangle(12, 14, 15, 0),
	gsSPVertex(hmc_dl_DL_thi_1_0xe024db0_Obj_mesh_layer_1_vtx_1 + 170, 16, 0),
	gsSP1Triangle(0, 1, 2, 0),
	gsSP1Triangle(3, 4, 5, 0),
	gsSP1Triangle(3, 5, 6, 0),
	gsSP1Triangle(7, 8, 9, 0),
	gsSP1Triangle(7, 9, 10, 0),
	gsSP1Triangle(7, 10, 11, 0),
	gsSP1Triangle(7, 11, 12, 0),
	gsSP1Triangle(13, 14, 15, 0),
	gsSPVertex(hmc_dl_DL_thi_1_0xe024db0_Obj_mesh_layer_1_vtx_1 + 186, 16, 0),
	gsSP1Triangle(0, 1, 2, 0),
	gsSP1Triangle(0, 2, 3, 0),
	gsSP1Triangle(0, 3, 4, 0),
	gsSP1Triangle(5, 6, 7, 0),
	gsSP1Triangle(5, 7, 8, 0),
	gsSP1Triangle(5, 8, 9, 0),
	gsSP1Triangle(10, 11, 12, 0),
	gsSP1Triangle(10, 12, 13, 0),
	gsSP1Triangle(13, 12, 14, 0),
	gsSP1Triangle(13, 14, 15, 0),
	gsSPVertex(hmc_dl_DL_thi_1_0xe024db0_Obj_mesh_layer_1_vtx_1 + 202, 16, 0),
	gsSP1Triangle(0, 1, 2, 0),
	gsSP1Triangle(3, 4, 5, 0),
	gsSP1Triangle(3, 5, 6, 0),
	gsSP1Triangle(3, 6, 7, 0),
	gsSP1Triangle(8, 9, 10, 0),
	gsSP1Triangle(8, 10, 11, 0),
	gsSP1Triangle(12, 13, 14, 0),
	gsSP1Triangle(13, 12, 15, 0),
	gsSPVertex(hmc_dl_DL_thi_1_0xe024db0_Obj_mesh_layer_1_vtx_1 + 218, 14, 0),
	gsSP1Triangle(0, 1, 2, 0),
	gsSP1Triangle(3, 4, 5, 0),
	gsSP1Triangle(3, 5, 6, 0),
	gsSP1Triangle(6, 5, 7, 0),
	gsSP1Triangle(7, 5, 8, 0),
	gsSP1Triangle(9, 10, 11, 0),
	gsSP1Triangle(11, 10, 12, 0),
	gsSP1Triangle(12, 10, 13, 0),
	gsSPVertex(hmc_dl_DL_thi_1_0xe024db0_Obj_mesh_layer_1_vtx_1 + 232, 16, 0),
	gsSP1Triangle(0, 1, 2, 0),
	gsSP1Triangle(0, 2, 3, 0),
	gsSP1Triangle(4, 5, 6, 0),
	gsSP1Triangle(4, 6, 7, 0),
	gsSP1Triangle(7, 6, 8, 0),
	gsSP1Triangle(7, 8, 9, 0),
	gsSP1Triangle(10, 11, 12, 0),
	gsSP1Triangle(13, 14, 15, 0),
	gsSPVertex(hmc_dl_DL_thi_1_0xe024db0_Obj_mesh_layer_1_vtx_1 + 248, 16, 0),
	gsSP1Triangle(0, 1, 2, 0),
	gsSP1Triangle(1, 0, 3, 0),
	gsSP1Triangle(4, 5, 6, 0),
	gsSP1Triangle(7, 6, 5, 0),
	gsSP1Triangle(8, 6, 7, 0),
	gsSP1Triangle(7, 9, 8, 0),
	gsSP1Triangle(10, 9, 7, 0),
	gsSP1Triangle(11, 12, 13, 0),
	gsSP1Triangle(11, 13, 14, 0),
	gsSP1Triangle(14, 13, 15, 0),
	gsSPVertex(hmc_dl_DL_thi_1_0xe024db0_Obj_mesh_layer_1_vtx_1 + 264, 16, 0),
	gsSP1Triangle(0, 1, 2, 0),
	gsSP1Triangle(3, 4, 5, 0),
	gsSP1Triangle(4, 3, 6, 0),
	gsSP1Triangle(4, 6, 7, 0),
	gsSP1Triangle(4, 7, 8, 0),
	gsSP1Triangle(8, 7, 9, 0),
	gsSP1Triangle(10, 11, 12, 0),
	gsSP1Triangle(11, 10, 13, 0),
	gsSP1Triangle(13, 10, 14, 0),
	gsSP1Triangle(14, 10, 15, 0),
	gsSPVertex(hmc_dl_DL_thi_1_0xe024db0_Obj_mesh_layer_1_vtx_1 + 280, 16, 0),
	gsSP1Triangle(0, 1, 2, 0),
	gsSP1Triangle(2, 1, 3, 0),
	gsSP1Triangle(4, 5, 6, 0),
	gsSP1Triangle(7, 5, 4, 0),
	gsSP1Triangle(8, 7, 4, 0),
	gsSP1Triangle(9, 7, 8, 0),
	gsSP1Triangle(10, 7, 9, 0),
	gsSP1Triangle(11, 7, 10, 0),
	gsSP1Triangle(10, 12, 11, 0),
	gsSP1Triangle(13, 12, 10, 0),
	gsSP1Triangle(14, 7, 11, 0),
	gsSP1Triangle(15, 7, 14, 0),
	gsSPVertex(hmc_dl_DL_thi_1_0xe024db0_Obj_mesh_layer_1_vtx_1 + 296, 16, 0),
	gsSP1Triangle(0, 1, 2, 0),
	gsSP1Triangle(1, 0, 3, 0),
	gsSP1Triangle(4, 3, 0, 0),
	gsSP1Triangle(4, 5, 3, 0),
	gsSP1Triangle(4, 6, 5, 0),
	gsSP1Triangle(4, 7, 6, 0),
	gsSP1Triangle(8, 5, 6, 0),
	gsSP1Triangle(5, 8, 9, 0),
	gsSP1Triangle(8, 10, 9, 0),
	gsSP1Triangle(11, 10, 8, 0),
	gsSP1Triangle(11, 12, 10, 0),
	gsSP1Triangle(7, 12, 11, 0),
	gsSP1Triangle(13, 12, 7, 0),
	gsSP1Triangle(9, 10, 1, 0),
	gsSP1Triangle(14, 15, 10, 0),
	gsSPVertex(hmc_dl_DL_thi_1_0xe024db0_Obj_mesh_layer_1_vtx_1 + 312, 16, 0),
	gsSP1Triangle(0, 1, 2, 0),
	gsSP1Triangle(2, 3, 0, 0),
	gsSP1Triangle(4, 3, 2, 0),
	gsSP1Triangle(5, 6, 7, 0),
	gsSP1Triangle(5, 7, 8, 0),
	gsSP1Triangle(9, 10, 11, 0),
	gsSP1Triangle(11, 10, 12, 0),
	gsSP1Triangle(13, 14, 15, 0),
	gsSPVertex(hmc_dl_DL_thi_1_0xe024db0_Obj_mesh_layer_1_vtx_1 + 328, 16, 0),
	gsSP1Triangle(0, 1, 2, 0),
	gsSP1Triangle(3, 4, 5, 0),
	gsSP1Triangle(3, 5, 6, 0),
	gsSP1Triangle(7, 8, 9, 0),
	gsSP1Triangle(8, 10, 9, 0),
	gsSP1Triangle(11, 10, 8, 0),
	gsSP1Triangle(12, 10, 11, 0),
	gsSP1Triangle(13, 10, 12, 0),
	gsSP1Triangle(14, 13, 12, 0),
	gsSP1Triangle(13, 14, 15, 0),
	gsSPVertex(hmc_dl_DL_thi_1_0xe024db0_Obj_mesh_layer_1_vtx_1 + 344, 16, 0),
	gsSP1Triangle(0, 1, 2, 0),
	gsSP1Triangle(3, 2, 1, 0),
	gsSP1Triangle(4, 5, 6, 0),
	gsSP1Triangle(5, 4, 7, 0),
	gsSP1Triangle(5, 7, 8, 0),
	gsSP1Triangle(9, 10, 11, 0),
	gsSP1Triangle(11, 10, 12, 0),
	gsSP1Triangle(13, 14, 15, 0),
	gsSPVertex(hmc_dl_DL_thi_1_0xe024db0_Obj_mesh_layer_1_vtx_1 + 360, 6, 0),
	gsSP1Triangle(0, 1, 2, 0),
	gsSP1Triangle(3, 4, 5, 0),
	gsSPEndDisplayList(),
};

Vtx hmc_dl_DL_thi_1_0xe024db0_Obj_mesh_layer_1_vtx_2[2994] = {
	{{{14564, -1790, -10646},0, {-180, 1725},{0x54, 0x46, 0x41, 0xFF}}},
	{{{13769, -1790, -11612},0, {-1962, -440},{0xBC, 0x64, 0x27, 0xFF}}},
	{{{13932, -1790, -10815},0, {-1596, 1345},{0xB6, 0x4D, 0x45, 0xFF}}},
	{{{13769, -1790, -11612},0, {-1962, 1608},{0xBC, 0x64, 0x27, 0xFF}}},
	{{{14564, -1790, -10646},0, {-180, 3773},{0x54, 0x46, 0x41, 0xFF}}},
	{{{13330, -1790, -12784},0, {-2946, -1017},{0x1B, 0x49, 0x9C, 0xFF}}},
	{{{13769, -1790, -11612},0, {2134, 1608},{0xBC, 0x64, 0x27, 0xFF}}},
	{{{13330, -1790, -12784},0, {1150, -1017},{0x1B, 0x49, 0x9C, 0xFF}}},
	{{{13160, -1790, -12152},0, {770, 400},{0xEE, 0x69, 0x46, 0xFF}}},
	{{{11475, -1790, -8862},0, {1094, 3671},{0xB3, 0x4C, 0x43, 0xFF}}},
	{{{11645, -1790, -9495},0, {1474, 2254},{0x2F, 0x73, 0xE7, 0xFF}}},
	{{{11191, -1790, -11549},0, {456, -2347},{0xA6, 0x4D, 0xD2, 0xFF}}},
	{{{11191, -1790, -11549},0, {456, 1749},{0xA6, 0x4D, 0xD2, 0xFF}}},
	{{{11824, -1790, -11380},0, {1874, 2128},{0x46, 0x69, 0x12, 0xFF}}},
	{{{12363, -1790, -11989},0, {3082, 765},{0x27, 0x64, 0x44, 0xFF}}},
	{{{11191, -1790, -11549},0, {-3640, 1749},{0xA6, 0x4D, 0xD2, 0xFF}}},
	{{{12363, -1790, -11989},0, {-1014, 765},{0x27, 0x64, 0x44, 0xFF}}},
	{{{13330, -1790, -12784},0, {1150, -1017},{0x1B, 0x49, 0x9C, 0xFF}}},
	{{{13330, -1790, -12784},0, {1150, 1031},{0x1B, 0x49, 0x9C, 0xFF}}},
	{{{12363, -1790, -11989},0, {-1014, 2813},{0x27, 0x64, 0x44, 0xFF}}},
	{{{13160, -1790, -12152},0, {770, 2448},{0xEE, 0x69, 0x46, 0xFF}}},
	{{{11645, -1967, -9495},0, {2558, 2254},{0x2F, 0x8D, 0xE7, 0xFF}}},
	{{{11475, -1967, -8862},0, {2938, 3671},{0xB3, 0xB4, 0x43, 0xFF}}},
	{{{11191, -1967, -11549},0, {3576, -2347},{0xA6, 0xB3, 0xD2, 0xFF}}},
	{{{12363, -1967, -11989},0, {5046, 2813},{0x27, 0x9C, 0x44, 0xFF}}},
	{{{13330, -1967, -12784},0, {2882, 1031},{0x1B, 0xB7, 0x9C, 0xFF}}},
	{{{13160, -1967, -12152},0, {3262, 2448},{0xEE, 0x97, 0x46, 0xFF}}},
	{{{13769, -1967, -11612},0, {1898, -440},{0xBC, 0x9C, 0x27, 0xFF}}},
	{{{14564, -1967, -10646},0, {116, 1725},{0x54, 0xBA, 0x41, 0xFF}}},
	{{{13932, -1967, -10815},0, {1532, 1345},{0xB6, 0xB3, 0x45, 0xFF}}},
	{{{14959, -2377, -8930},0, {3328, 1471},{0x44, 0x9C, 0xD9, 0xFF}}},
	{{{15398, -2377, -7758},0, {2344, 4096},{0xE5, 0xB7, 0x64, 0xFF}}},
	{{{14163, -2377, -9897},0, {5110, -693},{0xAC, 0xBA, 0xBF, 0xFF}}},
	{{{14959, -2377, -8930},0, {-768, 1471},{0x44, 0x9C, 0xD9, 0xFF}}},
	{{{14163, -2377, -9897},0, {1014, -693},{0xAC, 0xBA, 0xBF, 0xFF}}},
	{{{14796, -2377, -9727},0, {-402, -314},{0x4A, 0xB3, 0xBB, 0xFF}}},
	{{{15398, -2377, -7758},0, {6440, 2048},{0xE5, 0xB7, 0x64, 0xFF}}},
	{{{16364, -2377, -8554},0, {4276, 266},{0xD9, 0x9C, 0xBC, 0xFF}}},
	{{{17536, -2377, -8993},0, {1652, -717},{0x5A, 0xB3, 0x2E, 0xFF}}},
	{{{17536, -2377, -8993},0, {1652, 1331},{0x5A, 0xB3, 0x2E, 0xFF}}},
	{{{16364, -2377, -8554},0, {4276, 2314},{0xD9, 0x9C, 0xBC, 0xFF}}},
	{{{16904, -2377, -9162},0, {3068, 951},{0xBA, 0x97, 0xEE, 0xFF}}},
	{{{11645, -1142, -9495},0, {2558, 2254},{0x2F, 0x8D, 0xE7, 0xFF}}},
	{{{11475, -1142, -8862},0, {2938, 3671},{0xB3, 0xB4, 0x43, 0xFF}}},
	{{{11191, -1142, -11549},0, {3576, -2347},{0xA6, 0xB3, 0xD2, 0xFF}}},
	{{{12363, -1142, -11989},0, {5046, 2813},{0x27, 0x9C, 0x44, 0xFF}}},
	{{{13330, -1142, -12784},0, {2882, 1031},{0x1B, 0xB7, 0x9C, 0xFF}}},
	{{{13160, -1142, -12152},0, {3262, 2448},{0xEE, 0x97, 0x46, 0xFF}}},
	{{{13769, -1142, -11612},0, {1898, -440},{0xBC, 0x9C, 0x27, 0xFF}}},
	{{{14564, -1142, -10646},0, {116, 1725},{0x54, 0xBA, 0x41, 0xFF}}},
	{{{13932, -1142, -10815},0, {1532, 1345},{0xB6, 0xB3, 0x45, 0xFF}}},
	{{{14564, -971, -10646},0, {-180, 1725},{0x54, 0x46, 0x41, 0xFF}}},
	{{{13769, -971, -11612},0, {-1962, -440},{0xBC, 0x64, 0x27, 0xFF}}},
	{{{13932, -971, -10815},0, {-1596, 1345},{0xB6, 0x4D, 0x45, 0xFF}}},
	{{{13769, -971, -11612},0, {-1962, 1608},{0xBC, 0x64, 0x27, 0xFF}}},
	{{{14564, -971, -10646},0, {-180, 3773},{0x54, 0x46, 0x41, 0xFF}}},
	{{{13330, -971, -12784},0, {-2946, -1017},{0x1B, 0x49, 0x9C, 0xFF}}},
	{{{13769, -971, -11612},0, {2134, 1608},{0xBC, 0x64, 0x27, 0xFF}}},
	{{{13330, -971, -12784},0, {1150, -1017},{0x1B, 0x49, 0x9C, 0xFF}}},
	{{{13160, -971, -12152},0, {770, 400},{0xEE, 0x69, 0x46, 0xFF}}},
	{{{11475, -971, -8862},0, {1094, 3671},{0xB3, 0x4C, 0x43, 0xFF}}},
	{{{11645, -971, -9495},0, {1474, 2254},{0x2F, 0x73, 0xE7, 0xFF}}},
	{{{11191, -971, -11549},0, {456, -2347},{0xA6, 0x4D, 0xD2, 0xFF}}},
	{{{11191, -971, -11549},0, {456, 1749},{0xA6, 0x4D, 0xD2, 0xFF}}},
	{{{11824, -971, -11380},0, {1874, 2128},{0x46, 0x69, 0x12, 0xFF}}},
	{{{12363, -971, -11989},0, {3082, 765},{0x27, 0x64, 0x44, 0xFF}}},
	{{{11191, -971, -11549},0, {-3640, 1749},{0xA6, 0x4D, 0xD2, 0xFF}}},
	{{{12363, -971, -11989},0, {-1014, 765},{0x27, 0x64, 0x44, 0xFF}}},
	{{{13330, -971, -12784},0, {1150, -1017},{0x1B, 0x49, 0x9C, 0xFF}}},
	{{{13330, -971, -12784},0, {1150, 1031},{0x1B, 0x49, 0x9C, 0xFF}}},
	{{{12363, -971, -11989},0, {-1014, 2813},{0x27, 0x64, 0x44, 0xFF}}},
	{{{13160, -971, -12152},0, {770, 2448},{0xEE, 0x69, 0x46, 0xFF}}},
	{{{19546, -3110, -15361},0, {1248, -644},{0xDA, 0x8D, 0xDA, 0xFF}}},
	{{{19285, -3110, -14589},0, {1830, 1085},{0xDA, 0x8D, 0xDA, 0xFF}}},
	{{{19285, -3110, -15361},0, {1830, -644},{0xB7, 0xB7, 0xB7, 0xFF}}},
	{{{19974, -1104, -15361},0, {2440, 1404},{0x69, 0xCD, 0x33, 0xFF}}},
	{{{19974, -641, -15824},0, {1404, 367},{0x49, 0x49, 0xB7, 0xFF}}},
	{{{19974, -846, -14589},0, {1864, 3133},{0x64, 0xB1, 0x0, 0xFF}}},
	{{{19974, -3110, -15824},0, {-1258, 367},{0x49, 0xB7, 0xB7, 0xFF}}},
	{{{19974, -2647, -15361},0, {-2296, 1404},{0x69, 0x33, 0x33, 0xFF}}},
	{{{19974, -2904, -14589},0, {-1720, 3133},{0x64, 0x4F, 0x0, 0xFF}}},
	{{{19974, -641, -13354},0, {1404, 3850},{0x49, 0x49, 0x49, 0xFF}}},
	{{{19974, -846, -14589},0, {1864, 1085},{0x64, 0xB1, 0x0, 0xFF}}},
	{{{19974, -641, -15824},0, {1404, -1681},{0x49, 0x49, 0xB7, 0xFF}}},
	{{{19974, -846, -14589},0, {1864, -963},{0x64, 0xB1, 0x0, 0xFF}}},
	{{{19974, -641, -13354},0, {1404, 1802},{0x49, 0x49, 0x49, 0xFF}}},
	{{{19974, -1104, -13817},0, {2440, 765},{0x69, 0xCD, 0xCD, 0xFF}}},
	{{{19285, -641, -14589},0, {-1894, 1085},{0xDA, 0x73, 0xDA, 0xFF}}},
	{{{19974, -641, -13354},0, {-352, 3850},{0x49, 0x49, 0x49, 0xFF}}},
	{{{19974, -641, -15824},0, {-352, -1681},{0x49, 0x49, 0xB7, 0xFF}}},
	{{{19285, -641, -14589},0, {-1894, 1085},{0xDA, 0x73, 0xDA, 0xFF}}},
	{{{19546, -641, -15361},0, {-1312, -644},{0xDA, 0x73, 0xDA, 0xFF}}},
	{{{19285, -641, -15361},0, {-1894, -644},{0xB7, 0x49, 0xB7, 0xFF}}},
	{{{19025, -1104, -13817},0, {1592, 2813},{0x97, 0xCD, 0xCD, 0xFF}}},
	{{{19025, -641, -14589},0, {2628, 1085},{0xB7, 0x49, 0xB7, 0xFF}}},
	{{{19025, -846, -14589},0, {2168, 1085},{0xB4, 0xC4, 0xAD, 0xFF}}},
	{{{16364, -1380, -8554},0, {-244, 2314},{0xD9, 0x64, 0xBC, 0xFF}}},
	{{{17536, -1380, -8993},0, {2380, 1331},{0x5A, 0x4D, 0x2E, 0xFF}}},
	{{{16904, -1380, -9162},0, {964, 951},{0xBA, 0x69, 0xEE, 0xFF}}},
	{{{14959, -1380, -8930},0, {704, -577},{0x44, 0x64, 0xD9, 0xFF}}},
	{{{15398, -1380, -7758},0, {1688, 2048},{0xE5, 0x49, 0x64, 0xFF}}},
	{{{15567, -1380, -8390},0, {2066, 632},{0x12, 0x69, 0xBA, 0xFF}}},
	{{{19326, -1380, -11366},0, {2292, 112},{0x51, 0x49, 0x41, 0xFF}}},
	{{{18259, -1380, -11511},0, {-96, -213},{0xDE, 0x73, 0x2A, 0xFF}}},
	{{{18286, -1380, -11256},0, {-36, 358},{0xBF, 0x49, 0x51, 0xFF}}},
	{{{16364, -2199, -8554},0, {-244, 2314},{0xD9, 0x64, 0xBC, 0xFF}}},
	{{{17536, -2199, -8993},0, {2380, 1331},{0x5A, 0x4D, 0x2E, 0xFF}}},
	{{{16904, -2199, -9162},0, {964, 951},{0xBA, 0x69, 0xEE, 0xFF}}},
	{{{14959, -2199, -8930},0, {704, -577},{0x44, 0x64, 0xD9, 0xFF}}},
	{{{15398, -2199, -7758},0, {1688, 2048},{0xE5, 0x49, 0x64, 0xFF}}},
	{{{15567, -2199, -8390},0, {2066, 632},{0x12, 0x69, 0xBA, 0xFF}}},
	{{{-4163, 10066, 2729},0, {-2996, 3009},{0x26, 0x8D, 0x26, 0xFF}}},
	{{{-6564, 10066, 616},0, {2382, -1723},{0xB7, 0xB7, 0xB7, 0xFF}}},
	{{{-2957, 10066, 2729},0, {-5698, 3009},{0xDA, 0x8D, 0x26, 0xFF}}},
	{{{-2957, 10066, 2729},0, {2494, -1087},{0xDA, 0x8D, 0x26, 0xFF}}},
	{{{-815, 10066, 3319},0, {-2302, 234},{0x26, 0xDA, 0x8D, 0xFF}}},
	{{{-2957, 10066, 3319},0, {2494, 234},{0x0, 0xA6, 0xA6, 0xFF}}},
	{{{-815, 10066, 3319},0, {-2302, 2282},{0x26, 0xDA, 0x8D, 0xFF}}},
	{{{-2957, 10066, 2729},0, {2494, 961},{0xDA, 0x8D, 0x26, 0xFF}}},
	{{{-815, 10066, 616},0, {-2302, -3771},{0x49, 0xB7, 0xB7, 0xFF}}},
	{{{-815, 10066, 616},0, {-6398, -1723},{0x49, 0xB7, 0xB7, 0xFF}}},
	{{{-2957, 10066, 2729},0, {-1602, 3009},{0xDA, 0x8D, 0x26, 0xFF}}},
	{{{-6564, 10066, 616},0, {6478, -1723},{0xB7, 0xB7, 0xB7, 0xFF}}},
	{{{8271, 14806, -3256},0, {3672, 1891},{0x1A, 0x9D, 0xB4, 0xFF}}},
	{{{8271, 14988, -3703},0, {3264, 891},{0x47, 0xED, 0x98, 0xFF}}},
	{{{8271, 15414, -3256},0, {2310, 1891},{0x11, 0x48, 0x99, 0xFF}}},
	{{{4818, 15636, -3023},0, {2220, 365},{0xA6, 0x41, 0xC2, 0xFF}}},
	{{{4818, 14988, -2809},0, {768, 844},{0x8D, 0xDA, 0xDA, 0xFF}}},
	{{{4818, 15840, -2809},0, {2676, 844},{0xBA, 0x62, 0x2A, 0xFF}}},
	{{{4818, 14763, -3151},0, {264, 78},{0xAB, 0xA3, 0xEE, 0xFF}}},
	{{{4818, 14763, -2809},0, {264, 844},{0xA6, 0xA6, 0x0, 0xFF}}},
	{{{12287, 14974, -3033},0, {5218, -286},{0x0, 0x5C, 0x58, 0xFF}}},
	{{{15625, 14589, -3033},0, {-2258, -1149},{0x49, 0xB7, 0x49, 0xFF}}},
	{{{15625, 14752, -3033},0, {-2258, -784},{0x4C, 0x47, 0x4A, 0xFF}}},
	{{{12287, 15403, -3033},0, {-2974, -1374},{0x0, 0xA4, 0x58, 0xFF}}},
	{{{8948, 15788, -3033},0, {4502, -512},{0xB7, 0x49, 0x49, 0xFF}}},
	{{{8948, 15625, -3033},0, {4502, -877},{0xB4, 0xB9, 0x4A, 0xFF}}},
	{{{8948, 15788, -3033},0, {8598, -512},{0xB7, 0x49, 0x49, 0xFF}}},
	{{{12287, 15403, -3033},0, {1122, -1374},{0x0, 0xA4, 0x58, 0xFF}}},
	{{{15625, 15788, -3033},0, {-6354, -512},{0x49, 0x49, 0x49, 0xFF}}},
	{{{15625, 15788, -3033},0, {-2258, -512},{0x49, 0x49, 0x49, 0xFF}}},
	{{{12287, 15403, -3033},0, {5218, -1374},{0x0, 0xA4, 0x58, 0xFF}}},
	{{{15625, 15625, -3033},0, {-2258, -877},{0x4C, 0xB9, 0x4A, 0xFF}}},
	{{{20181, -3110, -11990},0, {3920, 762},{0xA6, 0xA6, 0x9, 0xFF}}},
	{{{20366, -3110, -11734},0, {3506, 1336},{0x51, 0xB7, 0x41, 0xFF}}},
	{{{20210, -3110, -11717},0, {3856, 1373},{0xBF, 0xB7, 0x51, 0xFF}}},
	{{{20366, -3110, -11734},0, {3506, 3384},{0x51, 0xB7, 0x41, 0xFF}}},
	{{{20181, -3110, -11990},0, {3920, 2810},{0xA6, 0xA6, 0x9, 0xFF}}},
	{{{20130, -3110, -13961},0, {4034, -1604},{0x41, 0xB7, 0xAF, 0xFF}}},
	{{{20130, -3110, -13961},0, {-62, -1604},{0x41, 0xB7, 0xAF, 0xFF}}},
	{{{20181, -3110, -11990},0, {-176, 2810},{0xA6, 0xA6, 0x9, 0xFF}}},
	{{{19974, -3110, -13944},0, {288, -1567},{0x23, 0x8B, 0xDE, 0xFF}}},
	{{{-6564, 15496, -4974},0, {2382, 884},{0x13, 0xB0, 0x61, 0xFF}}},
	{{{-3193, 13700, -4974},0, {-5168, -3141},{0x49, 0xB7, 0x49, 0xFF}}},
	{{{-5948, 15812, -4974},0, {1002, 1591},{0x29, 0xB0, 0x5A, 0xFF}}},
	{{{-5430, 16078, 616},0, {2538, 6469},{0x16, 0xA3, 0xAC, 0xFF}}},
	{{{-5544, 16020, -1179},0, {2826, 2448},{0x1C, 0x89, 0xDE, 0xFF}}},
	{{{-5430, 16078, -4974},0, {2538, -6052},{0x16, 0xA3, 0x54, 0xFF}}},
	{{{-5430, 16078, -4974},0, {2538, -4004},{0x16, 0xA3, 0x54, 0xFF}}},
	{{{-5544, 16020, -1179},0, {2826, 4496},{0x1C, 0x89, 0xDE, 0xFF}}},
	{{{-5544, 16020, -2945},0, {2826, 540},{0x12, 0x88, 0x26, 0xFF}}},
	{{{-6564, 13439, 616},0, {-2700, -3771},{0xA6, 0x0, 0xA6, 0xFF}}},
	{{{-6564, 15496, 3319},0, {1908, 2282},{0xB7, 0xB7, 0xB7, 0xFF}}},
	{{{-6564, 15496, 616},0, {1908, -3771},{0xEB, 0x8D, 0xCD, 0xFF}}},
	{{{-6564, 15496, 3319},0, {6004, 2282},{0xB7, 0xB7, 0xB7, 0xFF}}},
	{{{-6564, 13439, 616},0, {1396, -3771},{0xA6, 0x0, 0xA6, 0xFF}}},
	{{{-6564, 10066, 3319},0, {-6160, 2282},{0xDA, 0xDA, 0x8D, 0xFF}}},
	{{{-6564, 10066, 3319},0, {-2064, 2282},{0xDA, 0xDA, 0x8D, 0xFF}}},
	{{{-6564, 13439, 616},0, {5492, -3771},{0xA6, 0x0, 0xA6, 0xFF}}},
	{{{-6564, 10066, 616},0, {-2064, -3771},{0xB7, 0xB7, 0xB7, 0xFF}}},
	{{{-7306, 15496, 2139},0, {2124, -362},{0x5D, 0xAC, 0xEC, 0xFF}}},
	{{{-7306, 16675, 2953},0, {-514, 1462},{0x5A, 0x0, 0xA6, 0xFF}}},
	{{{-7306, 15496, 2953},0, {2124, 1462},{0x26, 0xDA, 0x8D, 0xFF}}},
	{{{-6668, 15496, 1008},0, {-1482, -1164},{0xDB, 0x8A, 0x1F, 0xFF}}},
	{{{-8036, 16675, 1008},0, {1582, 1474},{0x5D, 0xFB, 0x56, 0xFF}}},
	{{{-8036, 15496, 1008},0, {1582, -1164},{0x26, 0x8D, 0x26, 0xFF}}},
	{{{-6668, 20884, 1008},0, {-1482, 4757},{0xB7, 0xB7, 0x49, 0xFF}}},
	{{{-6668, 16675, 1008},0, {-1482, -4670},{0x8, 0x44, 0x95, 0xFF}}},
	{{{-6668, 17853, 1008},0, {-1482, -2031},{0x81, 0xFD, 0xFB, 0xFF}}},
	{{{-6668, 20884, 1008},0, {-1482, 2709},{0xB7, 0xB7, 0x49, 0xFF}}},
	{{{-6668, 17853, 1008},0, {-1482, -4079},{0x81, 0xFD, 0xFB, 0xFF}}},
	{{{-6668, 19031, 1008},0, {-1482, -1440},{0x8, 0x44, 0x95, 0xFF}}},
	{{{-8036, 15496, 2953},0, {1582, 1462},{0x26, 0x8D, 0xDA, 0xFF}}},
	{{{-8118, 15496, 3319},0, {1766, 2282},{0xDA, 0xDA, 0x8D, 0xFF}}},
	{{{-8118, 15496, 616},0, {1766, -3771},{0x0, 0x7F, 0x0, 0xFF}}},
	{{{-8036, 15496, 2953},0, {1582, 3510},{0x26, 0x8D, 0xDA, 0xFF}}},
	{{{-8118, 15496, 616},0, {1766, -1723},{0x0, 0x7F, 0x0, 0xFF}}},
	{{{-8036, 15496, 1008},0, {1582, -846},{0x26, 0x8D, 0x26, 0xFF}}},
	{{{-6564, 15496, 3319},0, {-1714, 2282},{0xB7, 0xB7, 0xB7, 0xFF}}},
	{{{-6987, 15496, 2953},0, {-766, 1462},{0xDA, 0x8F, 0xD3, 0xFF}}},
	{{{-6564, 15496, 616},0, {-1714, -3771},{0xEB, 0x8D, 0xCD, 0xFF}}},
	{{{-6564, 15496, 616},0, {-1714, -1723},{0xEB, 0x8D, 0xCD, 0xFF}}},
	{{{-6987, 15496, 2953},0, {-766, 3510},{0xDA, 0x8F, 0xD3, 0xFF}}},
	{{{-6668, 15496, 1008},0, {-1482, -846},{0xDB, 0x8A, 0x1F, 0xFF}}},
	{{{-17517, 20361, 1408},0, {-3582, -1999},{0xA6, 0x0, 0xA6, 0xFF}}},
	{{{-17517, 22510, 3319},0, {1232, 2282},{0xDA, 0x26, 0x8D, 0xFF}}},
	{{{-17517, 22510, 1408},0, {1232, -1999},{0xB7, 0x49, 0xB7, 0xFF}}},
	{{{-17517, 22510, 3319},0, {9424, 2282},{0xDA, 0x26, 0x8D, 0xFF}}},
	{{{-17517, 20361, 1408},0, {4610, -1999},{0xA6, 0x0, 0xA6, 0xFF}}},
	{{{-17517, 12383, 3319},0, {-13256, 2282},{0xA6, 0x0, 0xA6, 0xFF}}},
	{{{-17517, 12383, 3319},0, {-968, 2282},{0xA6, 0x0, 0xA6, 0xFF}}},
	{{{-17517, 20361, 1408},0, {16898, -1999},{0xA6, 0x0, 0xA6, 0xFF}}},
	{{{-17517, 5911, 1408},0, {-15464, -1999},{0xA6, 0x0, 0xA6, 0xFF}}},
	{{{-16920, -13956, -2944},0, {1478, -1505},{0xB7, 0x49, 0xB7, 0xFF}}},
	{{{-16920, -14098, -2761},0, {1160, -1096},{0x8D, 0xDA, 0x26, 0xFF}}},
	{{{-16920, -13956, 204},0, {1478, 5546},{0xB7, 0x49, 0x49, 0xFF}}},
	{{{-16920, -14098, 204},0, {1160, 3498},{0xB7, 0xB7, 0x49, 0xFF}}},
	{{{-16920, -13956, 204},0, {1478, 3498},{0xB7, 0x49, 0x49, 0xFF}}},
	{{{-16920, -14098, -2761},0, {1160, -3144},{0x8D, 0xDA, 0x26, 0xFF}}},
	{{{-5948, 15812, -1179},0, {-252, 4496},{0x50, 0xA3, 0xDE, 0xFF}}},
	{{{-6564, 15496, -4974},0, {1298, -4004},{0x13, 0xB0, 0x61, 0xFF}}},
	{{{-5948, 15812, -2945},0, {-252, 540},{0x57, 0xAB, 0x26, 0xFF}}},
	{{{-5948, 15812, -2945},0, {-252, 2588},{0x57, 0xAB, 0x26, 0xFF}}},
	{{{-6564, 15496, -4974},0, {1298, -1956},{0x13, 0xB0, 0x61, 0xFF}}},
	{{{-5948, 15812, -4974},0, {-252, -1956},{0x29, 0xB0, 0x5A, 0xFF}}},
	{{{19454, 14847, -3223},0, {58, 864},{0x49, 0xB7, 0xB7, 0xFF}}},
	{{{15993, 14847, -3223},0, {7810, 864},{0xD7, 0xB1, 0xA6, 0xFF}}},
	{{{16612, 14847, -3223},0, {6422, 864},{0x0, 0x0, 0x81, 0xFF}}},
	{{{14959, -1552, -8930},0, {3328, 1471},{0x44, 0x9C, 0xD9, 0xFF}}},
	{{{15398, -1552, -7758},0, {2344, 4096},{0xE5, 0xB7, 0x64, 0xFF}}},
	{{{14163, -1552, -9897},0, {5110, -693},{0xAC, 0xBA, 0xBF, 0xFF}}},
	{{{14959, -1552, -8930},0, {-768, 1471},{0x44, 0x9C, 0xD9, 0xFF}}},
	{{{14163, -1552, -9897},0, {1014, -693},{0xAC, 0xBA, 0xBF, 0xFF}}},
	{{{14796, -1552, -9727},0, {-402, -314},{0x4A, 0xB3, 0xBB, 0xFF}}},
	{{{15398, -1552, -7758},0, {6440, 2048},{0xE5, 0xB7, 0x64, 0xFF}}},
	{{{16364, -1552, -8554},0, {4276, 266},{0xD9, 0x9C, 0xBC, 0xFF}}},
	{{{17536, -1552, -8993},0, {1652, -717},{0x5A, 0xB3, 0x2E, 0xFF}}},
	{{{17536, -1552, -8993},0, {1652, 1331},{0x5A, 0xB3, 0x2E, 0xFF}}},
	{{{16364, -1552, -8554},0, {4276, 2314},{0xD9, 0x9C, 0xBC, 0xFF}}},
	{{{16904, -1552, -9162},0, {3068, 951},{0xBA, 0x97, 0xEE, 0xFF}}},
	{{{18259, -1552, -11511},0, {4128, -213},{0xDE, 0x8D, 0x2A, 0xFF}}},
	{{{19326, -1552, -11366},0, {1740, 112},{0x51, 0xB7, 0x41, 0xFF}}},
	{{{18286, -1552, -11256},0, {4068, 358},{0xBF, 0xB7, 0x51, 0xFF}}},
	{{{-193, -1415, -1243},0, {5246, 7270},{0xDA, 0x26, 0x73, 0xFF}}},
	{{{-193, -2768, -1243},0, {2216, 7270},{0x73, 0xDA, 0x26, 0xFF}}},
	{{{4719, -2768, -1243},0, {2216, -3731},{0x49, 0xB7, 0x49, 0xFF}}},
	{{{-193, -1415, -1243},0, {1150, 7270},{0xDA, 0x26, 0x73, 0xFF}}},
	{{{4719, -2768, -1243},0, {-1880, -3731},{0x49, 0xB7, 0x49, 0xFF}}},
	{{{3932, 1649, -1243},0, {8014, -1969},{0x0, 0x5A, 0x5A, 0xFF}}},
	{{{-193, -1415, -1243},0, {-2946, 1126},{0xDA, 0x26, 0x73, 0xFF}}},
	{{{-193, 1649, -1243},0, {3918, 1126},{0xB7, 0x49, 0x49, 0xFF}}},
	{{{-193, 867, -1243},0, {2166, 1126},{0x81, 0x0, 0x0, 0xFF}}},
	{{{-193, 1649, -1243},0, {3918, 5222},{0xB7, 0x49, 0x49, 0xFF}}},
	{{{-193, -1415, -1243},0, {-2946, 5222},{0xDA, 0x26, 0x73, 0xFF}}},
	{{{3932, 1649, -1243},0, {3918, -4017},{0x0, 0x5A, 0x5A, 0xFF}}},
	{{{4937, -3324, -20776},0, {4400, -14973},{0xD9, 0x26, 0x8D, 0xFF}}},
	{{{5240, 2008, -5706},0, {-7464, 18815},{0xDA, 0xDB, 0x73, 0xFF}}},
	{{{4937, 2008, -12372},0, {-7512, 3869},{0xA9, 0xA3, 0x3, 0xFF}}},
	{{{-500, -3609, -5706},0, {8524, 10006},{0x25, 0x24, 0x74, 0xFF}}},
	{{{-2051, -8172, -5706},0, {-1696, 13480},{0xB7, 0xB7, 0x49, 0xFF}}},
	{{{8579, -8172, -5706},0, {-1696, -10329},{0x49, 0xB7, 0x49, 0xFF}}},
	{{{-500, -3609, -5706},0, {8524, 12054},{0x25, 0x24, 0x74, 0xFF}}},
	{{{8579, -8172, -5706},0, {-1696, -8281},{0x49, 0xB7, 0x49, 0xFF}}},
	{{{5240, -3609, -5706},0, {8524, -802},{0xDB, 0x25, 0x74, 0xFF}}},
	{{{4123, 4786, -5706},0, {6846, 5796},{0x0, 0x5A, 0x5A, 0xFF}}},
	{{{5240, 2008, -5706},0, {624, 3294},{0xDA, 0xDB, 0x73, 0xFF}}},
	{{{8579, 4786, -5706},0, {6846, -4185},{0x49, 0x49, 0x49, 0xFF}}},
	{{{8579, 4786, -5706},0, {10942, -2137},{0x49, 0x49, 0x49, 0xFF}}},
	{{{5240, 2008, -5706},0, {4720, 5342},{0xDA, 0xDB, 0x73, 0xFF}}},
	{{{5240, -3609, -5706},0, {-7860, 5342},{0xDB, 0x25, 0x74, 0xFF}}},
	{{{8579, 4786, -5706},0, {15038, -2137},{0x49, 0x49, 0x49, 0xFF}}},
	{{{5240, -3609, -5706},0, {-3764, 5342},{0xDB, 0x25, 0x74, 0xFF}}},
	{{{8579, -8172, -5706},0, {-13984, -2137},{0x49, 0xB7, 0x49, 0xFF}}},
	{{{-1819, 2684, -1583},0, {3058, 701},{0xC4, 0xA2, 0x3D, 0xFF}}},
	{{{-1999, 3500, -1583},0, {4894, 1074},{0xA2, 0x3C, 0x3D, 0xFF}}},
	{{{-2078, 3054, -1583},0, {3900, 1268},{0x93, 0xE9, 0x3D, 0xFF}}},
	{{{-1628, 3759, -1583},0, {1364, 2282},{0xE8, 0x6D, 0x3D, 0xFF}}},
	{{{-1373, 2605, -1583},0, {-1232, 1754},{0x18, 0x93, 0x3D, 0xFF}}},
	{{{-1183, 3680, -1583},0, {1172, 1287},{0x3C, 0x5E, 0x3D, 0xFF}}},
	{{{-1183, 3680, -1583},0, {5268, 1287},{0x3C, 0x5E, 0x3D, 0xFF}}},
	{{{-1373, 2605, -1583},0, {2864, 1754},{0x18, 0x93, 0x3D, 0xFF}}},
	{{{-1002, 2864, -1583},0, {3432, 914},{0x5E, 0xC4, 0x3D, 0xFF}}},
	{{{-1183, 3680, -1583},0, {1172, 1287},{0x3C, 0x5E, 0x3D, 0xFF}}},
	{{{-1002, 2864, -1583},0, {-664, 914},{0x5E, 0xC4, 0x3D, 0xFF}}},
	{{{-923, 3310, -1583},0, {330, 720},{0x6D, 0x18, 0x3D, 0xFF}}},
	{{{492, -1415, -10034},0, {2882, -4040},{0xB7, 0xB7, 0xB7, 0xFF}}},
	{{{492, 72, -5952},0, {-450, 5103},{0x8D, 0x26, 0xDA, 0xFF}}},
	{{{492, 72, -10034},0, {-450, -4040},{0xB7, 0x49, 0xB7, 0xFF}}},
	{{{2164, -532, -11706},0, {-1082, 408},{0xDA, 0x73, 0xDA, 0xFF}}},
	{{{1169, -532, -11325},0, {1148, 1262},{0x8D, 0x26, 0xDA, 0xFF}}},
	{{{2164, -532, -11325},0, {-1082, 1262},{0xB7, 0x49, 0xB7, 0xFF}}},
	{{{1169, -532, -11325},0, {1148, 5358},{0x8D, 0x26, 0xDA, 0xFF}}},
	{{{2164, -532, -11706},0, {-1082, 4504},{0xDA, 0x73, 0xDA, 0xFF}}},
	{{{1169, -532, -15457},0, {1148, -3897},{0xB7, 0x49, 0xB7, 0xFF}}},
	{{{1169, -532, -15457},0, {5244, -3897},{0xB7, 0x49, 0xB7, 0xFF}}},
	{{{2164, -532, -11706},0, {3014, 4504},{0xDA, 0x73, 0xDA, 0xFF}}},
	{{{2618, -532, -12157},0, {1996, 3495},{0x26, 0x73, 0xDA, 0xFF}}},
	{{{1169, -532, -15457},0, {5244, -1849},{0xB7, 0x49, 0xB7, 0xFF}}},
	{{{2618, -532, -12157},0, {1996, 5543},{0x26, 0x73, 0xDA, 0xFF}}},
	{{{2618, -532, -15457},0, {1996, -1849},{0x49, 0x49, 0xB7, 0xFF}}},
	{{{3160, 72, -6551},0, {784, -335},{0x26, 0x73, 0xDA, 0xFF}}},
	{{{1169, 72, -5952},0, {5244, 1007},{0x0, 0x5A, 0xA6, 0xFF}}},
	{{{3160, 72, -5952},0, {784, 1007},{0x0, 0x5A, 0xA6, 0xFF}}},
	{{{1169, 72, -5952},0, {5244, 5103},{0x0, 0x5A, 0xA6, 0xFF}}},
	{{{3160, 72, -6551},0, {784, 3761},{0x26, 0x73, 0xDA, 0xFF}}},
	{{{1169, 72, -10034},0, {5244, -4040},{0xDA, 0x73, 0xDA, 0xFF}}},
	{{{1169, 72, -10034},0, {5244, -1992},{0xDA, 0x73, 0xDA, 0xFF}}},
	{{{3160, 72, -6551},0, {784, 5809},{0x26, 0x73, 0xDA, 0xFF}}},
	{{{3160, 72, -11706},0, {784, -5736},{0x49, 0x49, 0xB7, 0xFF}}},
	{{{1169, 72, -10034},0, {5244, 2104},{0xDA, 0x73, 0xDA, 0xFF}}},
	{{{3160, 72, -11706},0, {784, -1640},{0x49, 0x49, 0xB7, 0xFF}}},
	{{{2164, 72, -11325},0, {3014, -786},{0xDA, 0x73, 0xDA, 0xFF}}},
	{{{2164, 72, -11325},0, {3014, 1262},{0xDA, 0x73, 0xDA, 0xFF}}},
	{{{3160, 72, -11706},0, {784, 408},{0x49, 0x49, 0xB7, 0xFF}}},
	{{{2164, 72, -11706},0, {3014, 408},{0xB7, 0x49, 0xB7, 0xFF}}},
	{{{1169, 72, -11325},0, {1148, -786},{0xB7, 0x49, 0xB7, 0xFF}}},
	{{{1169, 72, -10034},0, {1148, 2104},{0xDA, 0x73, 0xDA, 0xFF}}},
	{{{2164, 72, -11325},0, {-1082, -786},{0xDA, 0x73, 0xDA, 0xFF}}},
	{{{4719, -2768, -2907},0, {6738, -365},{0x49, 0xB7, 0xB7, 0xFF}}},
	{{{-193, -2768, -2907},0, {-4262, -365},{0x68, 0xDC, 0xC0, 0xFF}}},
	{{{3932, -2768, -2907},0, {4978, -365},{0x0, 0x0, 0x81, 0xFF}}},
	{{{2618, -1415, -12157},0, {2036, 1447},{0x26, 0x8D, 0xDA, 0xFF}}},
	{{{1169, -1415, -10034},0, {-1212, 6200},{0xDA, 0x8D, 0xDA, 0xFF}}},
	{{{1169, -1415, -15457},0, {-1212, -5945},{0xB7, 0xB7, 0xB7, 0xFF}}},
	{{{2618, -1415, -12157},0, {2036, 5543},{0x26, 0x8D, 0xDA, 0xFF}}},
	{{{1169, -1415, -15457},0, {-1212, -1849},{0xB7, 0xB7, 0xB7, 0xFF}}},
	{{{2618, -1415, -15457},0, {2036, -1849},{0x49, 0xB7, 0xB7, 0xFF}}},
	{{{1169, -1415, -15457},0, {2882, -3897},{0xB7, 0xB7, 0xB7, 0xFF}}},
	{{{1169, -532, -11325},0, {904, 5358},{0x8D, 0x26, 0xDA, 0xFF}}},
	{{{1169, -532, -15457},0, {904, -3897},{0xB7, 0x49, 0xB7, 0xFF}}},
	{{{3932, 867, -2341},0, {-946, -1145},{0x0, 0x5A, 0xA6, 0xFF}}},
	{{{492, 867, -1776},0, {6760, 120},{0x0, 0x5A, 0xA6, 0xFF}}},
	{{{3932, 867, -1776},0, {-946, 120},{0xB7, 0x49, 0xB7, 0xFF}}},
	{{{492, 867, -1776},0, {6760, 2168},{0x0, 0x5A, 0xA6, 0xFF}}},
	{{{3932, 867, -2341},0, {-946, 903},{0x0, 0x5A, 0xA6, 0xFF}}},
	{{{492, 867, -3654},0, {6760, -2038},{0xDA, 0x73, 0xDA, 0xFF}}},
	{{{492, -2099, -3654},0, {-2728, 10},{0xDA, 0x8D, 0xDA, 0xFF}}},
	{{{3160, -2099, -2907},0, {3248, 1683},{0x0, 0xA6, 0xA6, 0xFF}}},
	{{{492, -2099, -2907},0, {-2728, 1683},{0x0, 0xA6, 0xA6, 0xFF}}},
	{{{3160, -2099, -2907},0, {3248, 5779},{0x0, 0xA6, 0xA6, 0xFF}}},
	{{{492, -2099, -3654},0, {-2728, 4106},{0xDA, 0x8D, 0xDA, 0xFF}}},
	{{{3160, -2099, -7219},0, {3248, -3880},{0x26, 0x8D, 0xDA, 0xFF}}},
	{{{3160, -2099, -7219},0, {3248, -1832},{0x26, 0x8D, 0xDA, 0xFF}}},
	{{{492, -2099, -3654},0, {-2728, 6154},{0xDA, 0x8D, 0xDA, 0xFF}}},
	{{{492, -2099, -8889},0, {-2728, -5570},{0xB7, 0xB7, 0xB7, 0xFF}}},
	{{{3160, -2099, -7219},0, {3248, 2264},{0x26, 0x8D, 0xDA, 0xFF}}},
	{{{492, -2099, -8889},0, {-2728, -1474},{0xB7, 0xB7, 0xB7, 0xFF}}},
	{{{3160, -2099, -8267},0, {3248, -83},{0x5C, 0xAF, 0xDE, 0xFF}}},
	{{{3160, -2099, -8267},0, {3248, 1965},{0x5C, 0xAF, 0xDE, 0xFF}}},
	{{{492, -2099, -8889},0, {-2728, 574},{0xB7, 0xB7, 0xB7, 0xFF}}},
	{{{2618, -2099, -8889},0, {2036, 574},{0x29, 0xB1, 0xA6, 0xFF}}},
	{{{4719, -2099, -2341},0, {-382, 903},{0x7F, 0x0, 0x0, 0xFF}}},
	{{{4719, -1540, -2907},0, {870, -365},{0x49, 0x49, 0xB7, 0xFF}}},
	{{{4719, -1540, -2341},0, {870, 903},{0x73, 0x26, 0xDA, 0xFF}}},
	{{{4719, -1540, -2907},0, {4966, -365},{0x49, 0x49, 0xB7, 0xFF}}},
	{{{4719, -2099, -2341},0, {3714, 903},{0x7F, 0x0, 0x0, 0xFF}}},
	{{{4719, -2768, -2907},0, {2216, -365},{0x49, 0xB7, 0xB7, 0xFF}}},
	{{{8579, 4786, -5706},0, {6846, 17943},{0x49, 0x49, 0x49, 0xFF}}},
	{{{8579, 59, -7293},0, {-3740, 14387},{0x73, 0x26, 0x26, 0xFF}}},
	{{{8579, 4786, -20776},0, {6846, -15810},{0x49, 0x49, 0xB7, 0xFF}}},
	{{{8579, 59, -7293},0, {4452, -1997},{0x73, 0x26, 0x26, 0xFF}}},
	{{{8579, 4786, -5706},0, {15038, 1559},{0x49, 0x49, 0x49, 0xFF}}},
	{{{8579, -8172, -5706},0, {-13984, 1559},{0x49, 0xB7, 0x49, 0xFF}}},
	{{{8579, 59, -7293},0, {12644, -1997},{0x73, 0x26, 0x26, 0xFF}}},
	{{{8579, -8172, -5706},0, {-5792, 1559},{0x49, 0xB7, 0x49, 0xFF}}},
	{{{8579, -3207, -7293},0, {5328, -1997},{0x73, 0xDA, 0x26, 0xFF}}},
	{{{8579, -3207, -7293},0, {9424, 51},{0x73, 0xDA, 0x26, 0xFF}}},
	{{{8579, -8172, -5706},0, {-1696, 3607},{0x49, 0xB7, 0x49, 0xFF}}},
	{{{8579, -3207, -8262},0, {9424, -2118},{0x73, 0xDA, 0xDA, 0xFF}}},
	{{{8579, 4786, -20776},0, {15038, -13762},{0x49, 0x49, 0xB7, 0xFF}}},
	{{{8579, 59, -8262},0, {4452, 14266},{0x73, 0x26, 0xDA, 0xFF}}},
	{{{8579, -8172, -20776},0, {-13984, -13762},{0x49, 0xB7, 0xB7, 0xFF}}},
	{{{8579, 59, -8262},0, {-3740, 14266},{0x73, 0x26, 0xDA, 0xFF}}},
	{{{8579, 4786, -20776},0, {6846, -13762},{0x49, 0x49, 0xB7, 0xFF}}},
	{{{8579, 59, -7293},0, {-3740, 16435},{0x73, 0x26, 0x26, 0xFF}}},
	{{{8579, -8172, -20776},0, {-5792, -13762},{0x49, 0xB7, 0xB7, 0xFF}}},
	{{{8579, 59, -8262},0, {12644, 14266},{0x73, 0x26, 0xDA, 0xFF}}},
	{{{8579, -3207, -8262},0, {5328, 14266},{0x73, 0xDA, 0xDA, 0xFF}}},
	{{{8579, -8172, -20776},0, {-1696, -15810},{0x49, 0xB7, 0xB7, 0xFF}}},
	{{{8579, -3207, -8262},0, {9424, 12218},{0x73, 0xDA, 0xDA, 0xFF}}},
	{{{8579, -8172, -5706},0, {-1696, 17943},{0x49, 0xB7, 0x49, 0xFF}}},
	{{{4937, -3324, -20776},0, {7158, -7618},{0xD9, 0x26, 0x8D, 0xFF}}},
	{{{4937, 2008, -12372},0, {-4784, 11205},{0xA9, 0xA3, 0x3, 0xFF}}},
	{{{4937, 2008, -20776},0, {-4784, -7618},{0xDA, 0xDA, 0x8D, 0xFF}}},
	{{{5240, -3609, -5706},0, {7796, 18349},{0xDB, 0x25, 0x74, 0xFF}}},
	{{{5240, 2008, -5706},0, {-4784, 18349},{0xDA, 0xDB, 0x73, 0xFF}}},
	{{{4937, -3324, -20776},0, {7158, -15411},{0xD9, 0x26, 0x8D, 0xFF}}},
	{{{-500, -3609, -5706},0, {-3470, 17744},{0x25, 0x24, 0x74, 0xFF}}},
	{{{-130, -3324, -20776},0, {-2802, -16018},{0x27, 0x26, 0x8D, 0xFF}}},
	{{{-130, 2008, -12372},0, {9132, 2810},{0x58, 0xA4, 0x2, 0xFF}}},
	{{{-130, -3324, -20776},0, {-3126, -7618},{0x27, 0x26, 0x8D, 0xFF}}},
	{{{-130, 2008, -20776},0, {8816, -7618},{0x26, 0xDA, 0x8D, 0xFF}}},
	{{{-130, 2008, -12372},0, {8816, 11205},{0x58, 0xA4, 0x2, 0xFF}}},
	{{{-500, -3609, -5706},0, {-3764, 9335},{0x25, 0x24, 0x74, 0xFF}}},
	{{{-130, 2008, -12372},0, {8816, -5617},{0x58, 0xA4, 0x2, 0xFF}}},
	{{{-501, 1806, -5706},0, {8364, 9335},{0x57, 0x0, 0x5D, 0xFF}}},
	{{{-193, -3753, -2907},0, {-166, 1683},{0x5A, 0xA6, 0x0, 0xFF}}},
	{{{-794, -3753, -3654},0, {-1512, 10},{0xB7, 0xB7, 0xB7, 0xFF}}},
	{{{-193, -3753, -3654},0, {-166, 10},{0x49, 0xB7, 0xB7, 0xFF}}},
	{{{4123, 4786, -5706},0, {2724, 7703},{0x0, 0x5A, 0x5A, 0xFF}}},
	{{{4937, 4786, -12372},0, {900, -7227},{0x0, 0x7F, 0x0, 0xFF}}},
	{{{4123, 4786, -12372},0, {2724, -7227},{0x0, 0x7F, 0x0, 0xFF}}},
	{{{4937, 4786, -12372},0, {4996, 11205},{0x0, 0x7F, 0x0, 0xFF}}},
	{{{8579, 4786, -20776},0, {-3160, -7618},{0x49, 0x49, 0xB7, 0xFF}}},
	{{{4937, 4786, -20776},0, {4996, -7618},{0x0, 0x5A, 0xA6, 0xFF}}},
	{{{-501, 1806, -5706},0, {4134, 8778},{0x57, 0x0, 0x5D, 0xFF}}},
	{{{-130, 2008, -12372},0, {3670, -6175},{0x58, 0xA4, 0x2, 0xFF}}},
	{{{-496, 2099, -5706},0, {3478, 8778},{0x25, 0xDB, 0x74, 0xFF}}},
	{{{-130, 2008, -12372},0, {8452, -6237},{0x58, 0xA4, 0x2, 0xFF}}},
	{{{4937, 2008, -12372},0, {-2896, -6237},{0xA9, 0xA3, 0x3, 0xFF}}},
	{{{5240, 2008, -5706},0, {-3576, 8693},{0xDA, 0xDB, 0x73, 0xFF}}},
	{{{-130, 2008, -12372},0, {8524, -6177},{0x58, 0xA4, 0x2, 0xFF}}},
	{{{5240, 2008, -5706},0, {-3502, 8754},{0xDA, 0xDB, 0x73, 0xFF}}},
	{{{-496, 2099, -5706},0, {9346, 8754},{0x25, 0xDB, 0x74, 0xFF}}},
	{{{-3441, 15396, -1077},0, {-518, 629},{0x5D, 0xAC, 0xEC, 0xFF}}},
	{{{-3710, 15396, -1077},0, {86, 629},{0xA3, 0xAC, 0xEC, 0xFF}}},
	{{{-3576, 15396, -1366},0, {-216, -20},{0x0, 0xBA, 0x96, 0xFF}}},
	{{{-3710, 16078, -1077},0, {86, 2677},{0xAF, 0x9F, 0xEF, 0xFF}}},
	{{{-4774, 16078, -2974},0, {2470, -1572},{0xDA, 0x8D, 0x26, 0xFF}}},
	{{{-3576, 16078, -1366},0, {-216, 2028},{0x0, 0x85, 0xE2, 0xFF}}},
	{{{-5297, 16078, -2974},0, {-456, 2524},{0x26, 0x8D, 0x26, 0xFF}}},
	{{{-5430, 16078, -4974},0, {-158, -1956},{0x16, 0xA3, 0x54, 0xFF}}},
	{{{-4774, 16078, -2974},0, {-1626, 2524},{0xDA, 0x8D, 0x26, 0xFF}}},
	{{{-3193, 16078, 616},0, {-1072, 2373},{0x26, 0x8D, 0xDA, 0xFF}}},
	{{{-3441, 16078, 616},0, {-518, 2373},{0x26, 0xDA, 0x73, 0xFF}}},
	{{{-3441, 16078, -1077},0, {-518, -1419},{0x51, 0x9F, 0xEE, 0xFF}}},
	{{{-3193, 16078, 616},0, {-1072, 6469},{0x26, 0x8D, 0xDA, 0xFF}}},
	{{{-3441, 16078, -1077},0, {-518, 2677},{0x51, 0x9F, 0xEE, 0xFF}}},
	{{{-3193, 16078, -4974},0, {-1072, -6052},{0x73, 0xDA, 0x26, 0xFF}}},
	{{{-3193, 16078, -4974},0, {-1072, -1956},{0x73, 0xDA, 0x26, 0xFF}}},
	{{{-4774, 16078, -2974},0, {2470, 2524},{0xDA, 0x8D, 0x26, 0xFF}}},
	{{{-5430, 16078, -4974},0, {3938, -1956},{0x16, 0xA3, 0x54, 0xFF}}},
	{{{-3710, 15396, 616},0, {-150, 325},{0xB7, 0x49, 0xB7, 0xFF}}},
	{{{-2691, 15396, 616},0, {2132, 325},{0xDA, 0x26, 0x8D, 0xFF}}},
	{{{-3441, 15396, 616},0, {454, 325},{0x49, 0xB7, 0x49, 0xFF}}},
	{{{3696, 14988, 1356},0, {-4214, 1982},{0x26, 0x8D, 0xDA, 0xFF}}},
	{{{-815, 14988, 616},0, {5890, 325},{0x5A, 0xA6, 0x0, 0xFF}}},
	{{{3696, 14988, -668},0, {-4214, -2553},{0x26, 0x8D, 0x26, 0xFF}}},
	{{{3696, 14988, -668},0, {-4214, -505},{0x26, 0x8D, 0x26, 0xFF}}},
	{{{-815, 14988, 616},0, {5890, 2373},{0x5A, 0xA6, 0x0, 0xFF}}},
	{{{-815, 14988, -1093},0, {5890, -1457},{0xB7, 0xB7, 0xB7, 0xFF}}},
	{{{3366, 14988, -3027},0, {622, 357},{0x5D, 0xAD, 0xE7, 0xFF}}},
	{{{3241, 14988, -3027},0, {902, 357},{0xA3, 0xAD, 0xE7, 0xFF}}},
	{{{3303, 14988, -3132},0, {762, 122},{0x0, 0xB9, 0x96, 0xFF}}},
	{{{4818, 14988, 3319},0, {1464, 6378},{0xB7, 0xB7, 0xB7, 0xFF}}},
	{{{4614, 14988, 1356},0, {1922, 1982},{0xDA, 0x8D, 0xDA, 0xFF}}},
	{{{4818, 14988, -2809},0, {1464, -7348},{0x8D, 0xDA, 0xDA, 0xFF}}},
	{{{4614, 14988, 1356},0, {1922, -2114},{0xDA, 0x8D, 0xDA, 0xFF}}},
	{{{4818, 14988, 3319},0, {1464, 2282},{0xB7, 0xB7, 0xB7, 0xFF}}},
	{{{3696, 14988, 1356},0, {3978, -2114},{0x26, 0x8D, 0xDA, 0xFF}}},
	{{{4818, 14988, -2809},0, {1464, -3252},{0x8D, 0xDA, 0xDA, 0xFF}}},
	{{{4614, 14988, 1356},0, {1922, 6078},{0xDA, 0x8D, 0xDA, 0xFF}}},
	{{{4614, 14988, -668},0, {1922, 1543},{0xDA, 0x8D, 0x26, 0xFF}}},
	{{{4189, 14988, -1093},0, {-5318, 591},{0xDA, 0x8D, 0xDA, 0xFF}}},
	{{{-815, 14988, -1093},0, {5890, 591},{0xB7, 0xB7, 0xB7, 0xFF}}},
	{{{1360, 14988, -1093},0, {1018, 591},{0x0, 0x0, 0x81, 0xFF}}},
	{{{4189, 14988, -1093},0, {2874, 591},{0xDA, 0x8D, 0xDA, 0xFF}}},
	{{{3241, 14988, -1093},0, {4998, 591},{0xB7, 0xB7, 0x49, 0xFF}}},
	{{{3366, 14988, -1093},0, {4718, 591},{0x26, 0xDA, 0x8D, 0xFF}}},
	{{{-3761, 16692, 3319},0, {-8456, 4330},{0x49, 0x49, 0xB7, 0xFF}}},
	{{{4189, 16692, -1093},0, {9350, -5553},{0xDA, 0x73, 0xDA, 0xFF}}},
	{{{-815, 16692, 616},0, {-1858, -1723},{0xDA, 0x73, 0xDA, 0xFF}}},
	{{{4189, 16692, -1093},0, {-2938, 2639},{0xDA, 0x73, 0xDA, 0xFF}}},
	{{{8271, 16692, -2809},0, {6206, -1204},{0x49, 0x49, 0xB7, 0xFF}}},
	{{{4189, 16692, -2809},0, {-2938, -1204},{0xB7, 0x49, 0xB7, 0xFF}}},
	{{{4189, 16692, -2809},0, {-2938, 844},{0xB7, 0x49, 0xB7, 0xFF}}},
	{{{8271, 16692, -2809},0, {6206, 844},{0x49, 0x49, 0xB7, 0xFF}}},
	{{{4818, 16692, -2809},0, {-1528, 844},{0x0, 0x0, 0x7F, 0xFF}}},
	{{{3241, 16692, -3027},0, {-966, 357},{0xA3, 0x53, 0xE7, 0xFF}}},
	{{{3366, 16692, -3027},0, {-686, 357},{0x5D, 0x53, 0xE7, 0xFF}}},
	{{{3303, 16692, -3132},0, {-826, 122},{0x0, 0x47, 0x96, 0xFF}}},
	{{{4189, 16692, -1093},0, {5254, -1457},{0xDA, 0x73, 0xDA, 0xFF}}},
	{{{-815, 16692, -1093},0, {-5954, -1457},{0xB7, 0x49, 0xB7, 0xFF}}},
	{{{-815, 16692, 616},0, {-5954, 2373},{0xDA, 0x73, 0xDA, 0xFF}}},
	{{{-815, 16692, 616},0, {6334, -3771},{0xDA, 0x73, 0xDA, 0xFF}}},
	{{{-3761, 16692, 616},0, {-264, -3771},{0x49, 0x49, 0x49, 0xFF}}},
	{{{-3761, 16692, 3319},0, {-264, 2282},{0x49, 0x49, 0xB7, 0xFF}}},
	{{{-3761, 16692, 616},0, {-264, 325},{0x49, 0x49, 0x49, 0xFF}}},
	{{{-815, 16692, 616},0, {6334, 325},{0xDA, 0x73, 0xDA, 0xFF}}},
	{{{-3193, 16692, 616},0, {1008, 325},{0x5A, 0x0, 0x5A, 0xFF}}},
	{{{5118, -52, -2907},0, {-858, 625},{0x53, 0x5D, 0xE9, 0xFF}}},
	{{{4719, -52, -2341},0, {-1752, 1893},{0x5A, 0x5A, 0x0, 0xFF}}},
	{{{5118, -52, -2341},0, {-858, 1893},{0x49, 0x49, 0x49, 0xFF}}},
	{{{3932, -1540, -2341},0, {870, 903},{0x49, 0x49, 0xB7, 0xFF}}},
	{{{3932, -174, -2907},0, {3930, -365},{0x62, 0xB1, 0xEC, 0xFF}}},
	{{{3932, -174, -2341},0, {3930, 903},{0x49, 0xB7, 0xB7, 0xFF}}},
	{{{3932, -113, -3020},0, {-30, 1429},{0x7A, 0x0, 0xDE, 0xFF}}},
	{{{3932, -66, -5007},0, {76, -3021},{0x6E, 0xCD, 0xDA, 0xFF}}},
	{{{3932, -52, -2907},0, {108, 1683},{0x62, 0x4F, 0xEC, 0xFF}}},
	{{{-4946, -10148, 3712},0, {-2076, -873},{0x26, 0xDA, 0x73, 0xFF}}},
	{{{-4946, -10148, 4672},0, {-2076, 1276},{0x52, 0xF8, 0x9F, 0xFF}}},
	{{{-5244, -10148, 3712},0, {-1410, -873},{0x0, 0xA0, 0x54, 0xFF}}},
	{{{-8169, -10753, 4672},0, {1046, -772},{0xA3, 0xAC, 0xED, 0xFF}}},
	{{{-5477, -10753, 5162},0, {-4984, 326},{0x0, 0x81, 0x0, 0xFF}}},
	{{{-8169, -10753, 5307},0, {1046, 650},{0xF0, 0x84, 0xE9, 0xFF}}},
	{{{-5138, -10753, 5778},0, {-1646, -344},{0x0, 0x81, 0x0, 0xFF}}},
	{{{-4946, -10753, 5824},0, {-2076, -240},{0x26, 0x8D, 0xDA, 0xFF}}},
	{{{-5294, -10753, 5818},0, {-1298, -254},{0x0, 0x81, 0x0, 0xFF}}},
	{{{-4285, -10753, 4672},0, {538, -772},{0x49, 0xB7, 0xB7, 0xFF}}},
	{{{-5542, -10753, 4672},0, {3352, -772},{0xAB, 0xB8, 0x3E, 0xFF}}},
	{{{-4946, -10753, 4672},0, {2020, -772},{0x55, 0xB8, 0x3E, 0xFF}}},
	{{{-5294, -10753, 5818},0, {-5394, -254},{0x0, 0x81, 0x0, 0xFF}}},
	{{{-9692, -10753, 5307},0, {4456, -1398},{0xB0, 0xA4, 0xDC, 0xFF}}},
	{{{-8169, -10753, 5307},0, {1046, -1398},{0xF0, 0x84, 0xE9, 0xFF}}},
	{{{-5294, -10753, 5818},0, {-1298, -254},{0x0, 0x81, 0x0, 0xFF}}},
	{{{-8169, -10753, 5307},0, {5142, -1398},{0xF0, 0x84, 0xE9, 0xFF}}},
	{{{-5477, -10753, 5162},0, {-888, -1722},{0x0, 0x81, 0x0, 0xFF}}},
	{{{-5294, -10753, 5818},0, {-1298, 1794},{0x0, 0x81, 0x0, 0xFF}}},
	{{{-5477, -10753, 5162},0, {-888, 326},{0x0, 0x81, 0x0, 0xFF}}},
	{{{-5294, -10753, 5039},0, {-1298, 49},{0x0, 0x81, 0x0, 0xFF}}},
	{{{-8169, -10753, 5307},0, {-3050, 650},{0xF0, 0x84, 0xE9, 0xFF}}},
	{{{-9692, -10753, 5307},0, {360, 650},{0xB0, 0xA4, 0xDC, 0xFF}}},
	{{{-8931, -10753, 5307},0, {-1344, 650},{0x0, 0x8B, 0x32, 0xFF}}},
	{{{-4946, -10753, 5824},0, {3110, -240},{0x26, 0x8D, 0xDA, 0xFF}}},
	{{{-4946, -9543, 5313},0, {400, -1384},{0x5A, 0xA6, 0x0, 0xFF}}},
	{{{-4946, -9543, 5824},0, {400, -240},{0x49, 0xB7, 0xB7, 0xFF}}},
	{{{-8169, -10753, 5307},0, {922, 650},{0xF0, 0x84, 0xE9, 0xFF}}},
	{{{-8169, -10148, 4672},0, {2278, -772},{0xBC, 0xA2, 0xCC, 0xFF}}},
	{{{-8169, -10753, 4672},0, {922, -772},{0xA3, 0xAC, 0xED, 0xFF}}},
	{{{-9753, -8791, 4470},0, {1222, 823},{0x81, 0x0, 0x0, 0xFF}}},
	{{{-9753, -8477, 4596},0, {1924, 1106},{0x81, 0x0, 0x0, 0xFF}}},
	{{{-9753, -8315, 4393},0, {2286, 652},{0x81, 0x0, 0x0, 0xFF}}},
	{{{-9753, -8939, 10458},0, {888, 8091},{0xE2, 0xE2, 0x88, 0xFF}}},
	{{{-9753, -8791, 4470},0, {1222, -5321},{0x81, 0x0, 0x0, 0xFF}}},
	{{{-9753, -8939, 3643},0, {888, -7174},{0xA3, 0xAD, 0xE7, 0xFF}}},
	{{{-4285, -6654, 8231},0, {-1974, 1056},{0x7F, 0x0, 0x0, 0xFF}}},
	{{{-4285, -7076, 7941},0, {-1030, 407},{0x73, 0x26, 0xDA, 0xFF}}},
	{{{-4285, -6410, 7941},0, {-2522, 407},{0x5A, 0x0, 0xA6, 0xFF}}},
	{{{-4285, -7076, 7941},0, {-1030, -1641},{0x73, 0x26, 0xDA, 0xFF}}},
	{{{-4285, -6654, 8231},0, {-1974, -992},{0x7F, 0x0, 0x0, 0xFF}}},
	{{{-4285, -6974, 8662},0, {-1258, -27},{0x7F, 0x0, 0x0, 0xFF}}},
	{{{-4285, -6735, 8645},0, {2302, -65},{0x7F, 0x0, 0x0, 0xFF}}},
	{{{-4285, -6212, 8440},0, {1132, -525},{0x7F, 0x0, 0x0, 0xFF}}},
	{{{-4285, -6501, 8855},0, {1778, 404},{0x7F, 0x0, 0x0, 0xFF}}},
	{{{-4285, -6374, 8383},0, {1494, -653},{0x7F, 0x0, 0x0, 0xFF}}},
	{{{-4285, -6303, 8281},0, {1334, -880},{0x7F, 0x0, 0x0, 0xFF}}},
	{{{-4285, -6212, 8440},0, {1132, -525},{0x7F, 0x0, 0x0, 0xFF}}},
	{{{-4946, -5238, 7941},0, {2020, -3689},{0x5A, 0xA6, 0x0, 0xFF}}},
	{{{-4285, -5238, 10458},0, {538, 1947},{0x26, 0xDA, 0x8D, 0xFF}}},
	{{{-4946, -5238, 10458},0, {2020, 1947},{0x49, 0xB7, 0xB7, 0xFF}}},
	{{{-4285, -5238, 10458},0, {538, 3995},{0x26, 0xDA, 0x8D, 0xFF}}},
	{{{-4946, -5238, 7941},0, {2020, -1641},{0x5A, 0xA6, 0x0, 0xFF}}},
	{{{-4285, -5238, 6925},0, {538, -3919},{0x73, 0xDA, 0x26, 0xFF}}},
	{{{-4285, -5238, 6925},0, {538, -1871},{0x73, 0xDA, 0x26, 0xFF}}},
	{{{-4946, -5238, 7941},0, {2020, 407},{0x5A, 0xA6, 0x0, 0xFF}}},
	{{{-4946, -5238, 6925},0, {2020, -1871},{0x49, 0xB7, 0x49, 0xFF}}},
	{{{-9753, -8098, 4672},0, {3534, 1276},{0x8D, 0x26, 0xDA, 0xFF}}},
	{{{-9692, -8098, 3712},0, {3672, -873},{0xB9, 0x6A, 0x0, 0xFF}}},
	{{{-9753, -8098, 3643},0, {3534, -1030},{0xA3, 0x53, 0xE7, 0xFF}}},
	{{{-9753, -8098, 3643},0, {3534, 1018},{0xA3, 0x53, 0xE7, 0xFF}}},
	{{{-9692, -8098, 3712},0, {3672, 1175},{0xB9, 0x6A, 0x0, 0xFF}}},
	{{{-9692, -8098, 3537},0, {3672, 782},{0x82, 0x8, 0xF3, 0xFF}}},
	{{{-9692, -6872, 3712},0, {-10864, 1175},{0x8D, 0xDA, 0x26, 0xFF}}},
	{{{-9692, 5021, 3437},0, {15772, 557},{0xDA, 0x26, 0x73, 0xFF}}},
	{{{-9692, -8098, 3537},0, {-13610, 782},{0x82, 0x8, 0xF3, 0xFF}}},
	{{{-9692, -8098, 3537},0, {-9514, 782},{0x82, 0x8, 0xF3, 0xFF}}},
	{{{-9692, 5021, 3437},0, {19868, 557},{0xDA, 0x26, 0x73, 0xFF}}},
	{{{-9692, -10753, 3437},0, {-15462, 557},{0xDA, 0xDA, 0x73, 0xFF}}},
	{{{-9692, -8098, 3712},0, {-1322, 1175},{0xB9, 0x6A, 0x0, 0xFF}}},
	{{{-9692, -6872, 3712},0, {1424, 1175},{0x8D, 0xDA, 0x26, 0xFF}}},
	{{{-9692, -8098, 3537},0, {-1322, 782},{0x82, 0x8, 0xF3, 0xFF}}},
	{{{-9692, -6872, 10458},0, {1424, 8091},{0xB7, 0x49, 0xB7, 0xFF}}},
	{{{-9692, -6872, 3712},0, {1424, -7017},{0x8D, 0xDA, 0x26, 0xFF}}},
	{{{-9692, -6872, 4672},0, {1424, -4868},{0x0, 0x5A, 0xA6, 0xFF}}},
	{{{-4946, -9543, 5313},0, {2020, -1384},{0x5A, 0xA6, 0x0, 0xFF}}},
	{{{-4285, -9543, 5824},0, {538, -240},{0x73, 0xDA, 0xDA, 0xFF}}},
	{{{-4946, -9543, 5824},0, {2020, -240},{0x49, 0xB7, 0xB7, 0xFF}}},
	{{{-9692, -8939, 3712},0, {360, 1175},{0xB9, 0x96, 0x0, 0xFF}}},
	{{{-9753, -8939, 3643},0, {498, 1018},{0xA3, 0xAD, 0xE7, 0xFF}}},
	{{{-9692, -8939, 3537},0, {360, 782},{0x82, 0xF8, 0xF3, 0xFF}}},
	{{{-4946, -7076, 6925},0, {-1030, -1871},{0x49, 0x49, 0x49, 0xFF}}},
	{{{-4946, -6410, 7941},0, {-2522, 407},{0x5A, 0x0, 0xA6, 0xFF}}},
	{{{-4946, -7076, 7941},0, {-1030, 407},{0x49, 0x49, 0xB7, 0xFF}}},
	{{{-7010, -1391, 9021},0, {-1550, 2824},{0xDA, 0x8D, 0x26, 0xFF}}},
	{{{-7434, -1391, 6774},0, {-602, -2208},{0xC, 0xA3, 0x56, 0xFF}}},
	{{{-7010, -1391, 7941},0, {-1550, 407},{0xDA, 0x8D, 0xDA, 0xFF}}},
	{{{-3895, -1391, 8219},0, {3760, 4484},{0x5A, 0x0, 0x5A, 0xFF}}},
	{{{-3895, -3762, 8219},0, {3760, -828},{0x49, 0xB7, 0x49, 0xFF}}},
	{{{-3895, -2151, 8219},0, {3760, 2781},{0x7F, 0x0, 0x0, 0xFF}}},
	{{{-4285, -2151, 6774},0, {3494, -2208},{0x73, 0x26, 0x26, 0xFF}}},
	{{{-7010, -2151, 7941},0, {-2610, 407},{0xDA, 0x73, 0xDA, 0xFF}}},
	{{{-4285, -2151, 7941},0, {3494, 407},{0x26, 0x26, 0x8D, 0xFF}}},
	{{{-7434, -2151, 10189},0, {538, 3392},{0xB, 0x5C, 0xAA, 0xFF}}},
	{{{-7010, -2151, 9021},0, {1486, 776},{0xDA, 0x73, 0x26, 0xFF}}},
	{{{-7434, -2151, 6774},0, {538, -4256},{0xB, 0x5C, 0x56, 0xFF}}},
	{{{-7279, 5021, 5703},0, {2246, -177},{0x0, 0x7F, 0x0, 0xFF}}},
	{{{-8149, 5021, 5703},0, {296, -177},{0x0, 0x7F, 0x0, 0xFF}}},
	{{{-7714, 5021, 5883},0, {1272, 227},{0x0, 0x7F, 0x0, 0xFF}}},
	{{{-8149, 5021, 4832},0, {296, 1970},{0x0, 0x7F, 0x0, 0xFF}}},
	{{{-7279, 5021, 4832},0, {2246, 1970},{0x0, 0x7F, 0x0, 0xFF}}},
	{{{-7714, 5021, 4652},0, {1272, 1567},{0x0, 0x7F, 0x0, 0xFF}}},
	{{{-5184, 5021, 6982},0, {1480, -570},{0x0, 0x7F, 0x0, 0xFF}}},
	{{{-6376, 5021, 6982},0, {-1190, -570},{0x0, 0x7F, 0x0, 0xFF}}},
	{{{-5780, 5021, 7229},0, {146, -17},{0x0, 0x7F, 0x0, 0xFF}}},
	{{{-5954, 8393, 8008},0, {1016, -4787},{0xB7, 0xB7, 0x49, 0xFF}}},
	{{{-4163, 10066, 8008},0, {-2996, -1039},{0x26, 0x26, 0x73, 0xFF}}},
	{{{-5954, 12773, 8008},0, {1016, 5023},{0xB7, 0x49, 0x49, 0xFF}}},
	{{{-4163, 10066, 8008},0, {1100, 1009},{0x26, 0x26, 0x73, 0xFF}}},
	{{{-5954, 8393, 8008},0, {5112, -2739},{0xB7, 0xB7, 0x49, 0xFF}}},
	{{{-1060, 8393, 8008},0, {-5850, -2739},{0x49, 0xB7, 0x49, 0xFF}}},
	{{{-5954, 12773, 8008},0, {5112, 927},{0xB7, 0x49, 0x49, 0xFF}}},
	{{{-4163, 11125, 8008},0, {1100, -2763},{0x26, 0xDA, 0x73, 0xFF}}},
	{{{-1060, 12773, 8008},0, {-5850, 927},{0x49, 0x49, 0x49, 0xFF}}},
	{{{-4163, 11125, 8008},0, {-2996, -715},{0x26, 0xDA, 0x73, 0xFF}}},
	{{{-5954, 12773, 8008},0, {1016, 2975},{0xB7, 0x49, 0x49, 0xFF}}},
	{{{-4163, 10066, 8008},0, {-2996, -3087},{0x26, 0x26, 0x73, 0xFF}}},
	{{{-1060, 12773, 8008},0, {-1754, 927},{0x49, 0x49, 0x49, 0xFF}}},
	{{{-4163, 11125, 8008},0, {5196, -2763},{0x26, 0xDA, 0x73, 0xFF}}},
	{{{-2957, 11125, 8008},0, {2494, -2763},{0xDA, 0xDA, 0x73, 0xFF}}},
	{{{-1060, 12773, 8008},0, {-1754, 5023},{0x49, 0x49, 0x49, 0xFF}}},
	{{{-2957, 11125, 8008},0, {2494, 1333},{0xDA, 0xDA, 0x73, 0xFF}}},
	{{{-1060, 8393, 8008},0, {-1754, -4787},{0x49, 0xB7, 0x49, 0xFF}}},
	{{{-4285, 5021, 7289},0, {3494, -3104},{0x26, 0x73, 0x26, 0xFF}}},
	{{{-4711, 5021, 10458},0, {2538, 3995},{0x0, 0x5A, 0xA6, 0xFF}}},
	{{{-4285, 5021, 10458},0, {3494, 3995},{0x26, 0x26, 0x8D, 0xFF}}},
	{{{-5780, 5021, 7462},0, {146, -667},{0x0, 0x7F, 0x0, 0xFF}}},
	{{{-4285, 5021, 7289},0, {3494, -1056},{0x26, 0x73, 0x26, 0xFF}}},
	{{{-5019, 5021, 7147},0, {1850, -1373},{0x0, 0x7F, 0x0, 0xFF}}},
	{{{-9692, 5021, 10458},0, {3672, 8091},{0xDA, 0x26, 0x8D, 0xFF}}},
	{{{-9551, 5021, 4712},0, {3988, -4779},{0x26, 0x73, 0xDA, 0xFF}}},
	{{{-9692, 5021, 3437},0, {3672, -7635},{0xDA, 0x26, 0x73, 0xFF}}},
	{{{-6541, 5021, 7147},0, {6634, -3421},{0x0, 0x7F, 0x0, 0xFF}}},
	{{{-9692, 5021, 10458},0, {-424, 3995},{0xDA, 0x26, 0x8D, 0xFF}}},
	{{{-5780, 5021, 7462},0, {8338, -2715},{0x0, 0x7F, 0x0, 0xFF}}},
	{{{-9692, 5021, 3437},0, {3672, -1491},{0xDA, 0x26, 0x73, 0xFF}}},
	{{{-9551, 5021, 4712},0, {3988, 1365},{0x26, 0x73, 0xDA, 0xFF}}},
	{{{-9551, 5021, 3702},0, {3988, -896},{0x26, 0x73, 0x26, 0xFF}}},
	{{{-8772, 5021, 4712},0, {1636, 1365},{0xB7, 0x49, 0x49, 0xFF}}},
	{{{-7714, 5021, 4482},0, {4006, 850},{0x0, 0x7F, 0x0, 0xFF}}},
	{{{-8772, 5021, 3702},0, {1636, -896},{0xDA, 0x73, 0x26, 0xFF}}},
	{{{-6928, 5021, 5267},0, {1670, 562},{0x0, 0x7F, 0x0, 0xFF}}},
	{{{-6541, 5021, 5625},0, {2538, 1362},{0x0, 0x7F, 0x0, 0xFF}}},
	{{{-5780, 5021, 5309},0, {4242, 656},{0x0, 0x7F, 0x0, 0xFF}}},
	{{{-4285, -3762, 7941},0, {-260, 407},{0x73, 0xDA, 0xDA, 0xFF}}},
	{{{-4285, -2151, 6774},0, {-3868, -2208},{0x73, 0x26, 0x26, 0xFF}}},
	{{{-4285, -2151, 7941},0, {-3868, 407},{0x26, 0x26, 0x8D, 0xFF}}},
	{{{-4285, 4776, 10458},0, {-3000, 1947},{0x5A, 0x0, 0xA6, 0xFF}}},
	{{{-4285, -1391, 10189},0, {10812, 1344},{0x73, 0xDA, 0xDA, 0xFF}}},
	{{{-4285, 3831, 9010},0, {-884, -1295},{0x73, 0xDA, 0xDA, 0xFF}}},
	{{{-4285, -1391, 10189},0, {2620, -704},{0x73, 0xDA, 0xDA, 0xFF}}},
	{{{-4285, 4776, 10458},0, {-11192, -101},{0x5A, 0x0, 0xA6, 0xFF}}},
	{{{-4285, -5238, 10458},0, {11238, -101},{0x26, 0xDA, 0x8D, 0xFF}}},
	{{{-4285, 3244, 9010},0, {432, 753},{0x73, 0x26, 0xDA, 0xFF}}},
	{{{-4285, 2277, 8301},0, {2598, -836},{0x73, 0x0, 0x36, 0xFF}}},
	{{{-4285, 2636, 7941},0, {1794, -1641},{0x73, 0x36, 0x0, 0xFF}}},
	{{{-4285, 658, 7941},0, {-1970, -1641},{0x73, 0xCA, 0x0, 0xFF}}},
	{{{-4285, -1391, 10189},0, {2620, 3392},{0x73, 0xDA, 0xDA, 0xFF}}},
	{{{-4285, 171, 8219},0, {-878, -1019},{0x73, 0x26, 0x26, 0xFF}}},
	{{{-4285, -1391, 10189},0, {-5572, -704},{0x73, 0xDA, 0xDA, 0xFF}}},
	{{{-4285, -5238, 10458},0, {3046, -101},{0x26, 0xDA, 0x8D, 0xFF}}},
	{{{-4285, -2151, 10189},0, {-3868, -704},{0x73, 0x26, 0xDA, 0xFF}}},
	{{{-4285, -7995, 9301},0, {1028, -644},{0x7F, 0x0, 0x0, 0xFF}}},
	{{{-4285, -7793, 9072},0, {574, -1158},{0x7F, 0x0, 0x0, 0xFF}}},
	{{{-4285, -7349, 9301},0, {-420, -644},{0x7F, 0x0, 0x0, 0xFF}}},
	{{{-4285, -7785, 9712},0, {556, -1772},{0x7F, 0x0, 0x0, 0xFF}}},
	{{{-4285, -7076, 10458},0, {-1030, -101},{0x5A, 0x0, 0xA6, 0xFF}}},
	{{{-4285, -8750, 10278},0, {2720, -503},{0x73, 0xDA, 0xDA, 0xFF}}},
	{{{-4285, -7076, 7941},0, {-1030, 407},{0x73, 0x26, 0xDA, 0xFF}}},
	{{{-4285, -7349, 9301},0, {-420, 3452},{0x7F, 0x0, 0x0, 0xFF}}},
	{{{-4285, -7076, 6925},0, {-1030, -1871},{0x73, 0x26, 0x26, 0xFF}}},
	{{{-4285, -7785, 9712},0, {556, 276},{0x7F, 0x0, 0x0, 0xFF}}},
	{{{-4285, -8750, 10278},0, {2720, 1545},{0x73, 0xDA, 0xDA, 0xFF}}},
	{{{-4285, -8272, 9385},0, {1648, -456},{0x7F, 0x0, 0x0, 0xFF}}},
	{{{-4285, 5021, 3437},0, {-15836, 557},{0x26, 0x26, 0x73, 0xFF}}},
	{{{-4285, -9543, 3712},0, {16784, 1175},{0x73, 0xDA, 0x26, 0xFF}}},
	{{{-4285, -10753, 3437},0, {19494, 557},{0x26, 0xDA, 0x73, 0xFF}}},
	{{{-4285, -1391, 6774},0, {6716, -160},{0x73, 0xDA, 0x26, 0xFF}}},
	{{{-4285, 1018, 7582},0, {1322, 1649},{0x73, 0x0, 0xCA, 0xFF}}},
	{{{-4285, 893, 7707},0, {1600, 1929},{0x5A, 0xC0, 0xC0, 0xFF}}},
	{{{-4285, 171, 7941},0, {3218, 407},{0x73, 0x26, 0xDA, 0xFF}}},
	{{{-4285, 658, 7941},0, {2126, 407},{0x73, 0xCA, 0x0, 0xFF}}},
	{{{-4285, 171, 8219},0, {3218, 1029},{0x73, 0x26, 0x26, 0xFF}}},
	{{{-4285, -9543, 3712},0, {8592, -2921},{0x73, 0xDA, 0x26, 0xFF}}},
	{{{-4285, -1391, 6774},0, {-9668, 3936},{0x73, 0xDA, 0x26, 0xFF}}},
	{{{-4285, -2151, 6774},0, {-7964, 3936},{0x73, 0x26, 0x26, 0xFF}}},
	{{{-4285, -9543, 3712},0, {8592, -4969},{0x73, 0xDA, 0x26, 0xFF}}},
	{{{-4285, -2151, 6774},0, {-7964, 1888},{0x73, 0x26, 0x26, 0xFF}}},
	{{{-4285, -3762, 7941},0, {-4356, 4503},{0x73, 0xDA, 0xDA, 0xFF}}},
	{{{-4285, -9543, 3712},0, {4496, -4969},{0x73, 0xDA, 0x26, 0xFF}}},
	{{{-4285, -3762, 7941},0, {-8452, 4503},{0x73, 0xDA, 0xDA, 0xFF}}},
	{{{-4285, -5238, 6925},0, {-5146, 2225},{0x73, 0xDA, 0x26, 0xFF}}},
	{{{-4285, -5238, 6925},0, {3046, -3919},{0x73, 0xDA, 0x26, 0xFF}}},
	{{{-4285, -3762, 7941},0, {-260, -1641},{0x73, 0xDA, 0xDA, 0xFF}}},
	{{{-4285, -5238, 10458},0, {3046, 3995},{0x26, 0xDA, 0x8D, 0xFF}}},
	{{{-4285, -9543, 3712},0, {4496, -2921},{0x73, 0xDA, 0x26, 0xFF}}},
	{{{-4285, -5238, 6925},0, {-5146, 4273},{0x73, 0xDA, 0x26, 0xFF}}},
	{{{-4285, -7076, 6925},0, {-1030, 4273},{0x73, 0x26, 0x26, 0xFF}}},
	{{{-4285, -9543, 3712},0, {4496, -7017},{0x73, 0xDA, 0x26, 0xFF}}},
	{{{-4285, -7076, 6925},0, {-1030, 177},{0x73, 0x26, 0x26, 0xFF}}},
	{{{-4285, -7349, 9301},0, {-420, 5500},{0x7F, 0x0, 0x0, 0xFF}}},
	{{{-4285, -9543, 3712},0, {400, -7017},{0x73, 0xDA, 0x26, 0xFF}}},
	{{{-4285, -7349, 9301},0, {-4516, 5500},{0x7F, 0x0, 0x0, 0xFF}}},
	{{{-4285, -8750, 5824},0, {-1376, -2288},{0x73, 0xDA, 0x26, 0xFF}}},
	{{{-4285, -9543, 3712},0, {400, -873},{0x73, 0xDA, 0x26, 0xFF}}},
	{{{-4285, -9543, 4825},0, {400, 1619},{0x49, 0x49, 0x49, 0xFF}}},
	{{{-4285, -9543, 4672},0, {400, 1276},{0x49, 0xB7, 0x49, 0xFF}}},
	{{{-4285, -10753, 3437},0, {3110, 557},{0x26, 0xDA, 0x73, 0xFF}}},
	{{{-4285, -9543, 3712},0, {400, 1175},{0x73, 0xDA, 0x26, 0xFF}}},
	{{{-4285, -10753, 3712},0, {3110, 1175},{0x49, 0xB7, 0x49, 0xFF}}},
	{{{-4285, -1391, 8219},0, {2620, -1019},{0x5A, 0x0, 0x5A, 0xFF}}},
	{{{-4285, -1391, 9021},0, {2620, 776},{0x26, 0x8D, 0x26, 0xFF}}},
	{{{-4285, -2151, 9021},0, {4324, 776},{0x73, 0x26, 0x26, 0xFF}}},
	{{{-4285, -1391, 8219},0, {-1476, -1019},{0x5A, 0x0, 0x5A, 0xFF}}},
	{{{-4285, -2151, 9021},0, {228, 776},{0x73, 0x26, 0x26, 0xFF}}},
	{{{-4285, -3762, 8219},0, {3836, -1019},{0x73, 0xDA, 0x26, 0xFF}}},
	{{{-9692, -10753, 3437},0, {360, 557},{0xDA, 0xDA, 0x73, 0xFF}}},
	{{{-7748, -10753, 3712},0, {-3994, 1175},{0x0, 0x8D, 0x36, 0xFF}}},
	{{{-9692, -10753, 3712},0, {360, 1175},{0xB7, 0xB7, 0x49, 0xFF}}},
	{{{1443, 2008, -15692},0, {3500, 5816},{0xDA, 0x8D, 0xDA, 0xFF}}},
	{{{-130, 2008, -20776},0, {-26, -5570},{0x26, 0xDA, 0x8D, 0xFF}}},
	{{{1596, 2008, -15692},0, {3840, 5816},{0x17, 0x84, 0xF0, 0xFF}}},
	{{{1186, 2008, -17945},0, {2922, 4867},{0xB, 0x83, 0xEF, 0xFF}}},
	{{{-130, 2008, -20776},0, {-26, -1474},{0x26, 0xDA, 0x8D, 0xFF}}},
	{{{1186, 2008, -19256},0, {2922, 1929},{0x26, 0x8D, 0x26, 0xFF}}},
	{{{4937, 2008, -12372},0, {3132, 11205},{0xA9, 0xA3, 0x3, 0xFF}}},
	{{{3216, 2008, -14342},0, {-722, 6792},{0xDA, 0x8D, 0xDA, 0xFF}}},
	{{{4937, 2008, -20776},0, {3132, -7618},{0xDA, 0xDA, 0x8D, 0xFF}}},
	{{{3216, 2008, -18122},0, {-722, 373},{0xA4, 0xAA, 0xF5, 0xFF}}},
	{{{3370, 2008, -17582},0, {-378, 1582},{0xDC, 0x89, 0x1B, 0xFF}}},
	{{{3216, 2008, -17582},0, {-722, 1582},{0xB7, 0xB7, 0x49, 0xFF}}},
	{{{2612, 2008, -14342},0, {2020, 648},{0x26, 0x8D, 0xDA, 0xFF}}},
	{{{2437, 2008, -12372},0, {1628, 5061},{0xB7, 0xB7, 0x49, 0xFF}}},
	{{{2437, 2008, -15692},0, {1628, -2376},{0xDA, 0x8D, 0x26, 0xFF}}},
	{{{2612, 2008, -15422},0, {2020, 2324},{0x5A, 0xA6, 0x0, 0xFF}}},
	{{{2437, 2008, -15692},0, {1628, 1720},{0xDA, 0x8D, 0x26, 0xFF}}},
	{{{2612, 2008, -15962},0, {2020, 1115},{0x5A, 0xA6, 0x0, 0xFF}}},
	{{{-8118, 20814, -6307},0, {1530, -6991},{0xAA, 0x55, 0xD8, 0xFF}}},
	{{{-8118, 18776, -2945},0, {-3036, 540},{0x92, 0xDA, 0x34, 0xFF}}},
	{{{-8118, 20814, 304},0, {1530, 7816},{0x8D, 0x26, 0xDA, 0xFF}}},
	{{{-8118, 20814, 304},0, {1530, -376},{0x8D, 0x26, 0xDA, 0xFF}}},
	{{{-8118, 18776, -2945},0, {-3036, -7652},{0x92, 0xDA, 0x34, 0xFF}}},
	{{{-8118, 19003, 3319},0, {-2526, 6378},{0xA6, 0x0, 0xA6, 0xFF}}},
	{{{-8118, 15496, -4974},0, {1908, 2140},{0x8D, 0xDA, 0x26, 0xFF}}},
	{{{-8118, 13700, -6307},0, {-2116, -847},{0xAC, 0xAB, 0xD4, 0xFF}}},
	{{{-8118, 13700, -4974},0, {-2116, 2140},{0xB7, 0xB7, 0x49, 0xFF}}},
	{{{-8118, 18776, -2203},0, {1060, -5989},{0x8D, 0x26, 0x26, 0xFF}}},
	{{{-8118, 19003, 3319},0, {1570, 6378},{0xA6, 0x0, 0xA6, 0xFF}}},
	{{{-8118, 18776, -2945},0, {1060, -7652},{0x92, 0xDA, 0x34, 0xFF}}},
	{{{-8118, 18776, -2203},0, {1060, 2203},{0x8D, 0x26, 0x26, 0xFF}}},
	{{{-8118, 18776, -2945},0, {1060, 540},{0x92, 0xDA, 0x34, 0xFF}}},
	{{{-8118, 18776, -2504},0, {1060, 1529},{0x69, 0x15, 0xBB, 0xFF}}},
	{{{-8118, 15496, 3319},0, {-2188, 10474},{0xDA, 0xDA, 0x8D, 0xFF}}},
	{{{-8118, 18068, -2203},0, {3572, -1893},{0x8D, 0xDA, 0x26, 0xFF}}},
	{{{-8118, 15496, -4974},0, {-2188, -8100},{0x8D, 0xDA, 0x26, 0xFF}}},
	{{{-8118, 15496, 3319},0, {1908, 10474},{0xDA, 0xDA, 0x8D, 0xFF}}},
	{{{-8118, 15496, -4974},0, {1908, -8100},{0x8D, 0xDA, 0x26, 0xFF}}},
	{{{-8118, 15496, 616},0, {1908, 4421},{0x0, 0x7F, 0x0, 0xFF}}},
	{{{-8118, 20814, 304},0, {-2566, -2424},{0x8D, 0x26, 0xDA, 0xFF}}},
	{{{-8118, 22510, 3319},0, {1232, 4330},{0xDA, 0x26, 0x8D, 0xFF}}},
	{{{-8118, 22510, 304},0, {1232, -2424},{0xB7, 0x49, 0xB7, 0xFF}}},
	{{{-8118, 22510, 3319},0, {5328, 4330},{0xDA, 0x26, 0x8D, 0xFF}}},
	{{{-8118, 20814, 304},0, {1530, -2424},{0x8D, 0x26, 0xDA, 0xFF}}},
	{{{-8118, 19003, 3319},0, {-2526, 4330},{0xA6, 0x0, 0xA6, 0xFF}}},
	{{{-3193, 21396, -6307},0, {1008, -6991},{0x4E, 0x52, 0xC6, 0xFF}}},
	{{{-3761, 21396, 616},0, {-264, 8517},{0x26, 0x73, 0x26, 0xFF}}},
	{{{-3193, 21396, 616},0, {1008, 8517},{0x49, 0x49, 0x49, 0xFF}}},
	{{{-3761, 21396, 616},0, {3832, -3771},{0x26, 0x73, 0x26, 0xFF}}},
	{{{-5316, 21396, 3319},0, {350, 2282},{0xED, 0x50, 0x9F, 0xFF}}},
	{{{-3761, 21396, 3319},0, {3832, 2282},{0x26, 0x26, 0x8D, 0xFF}}},
	{{{-5316, 21396, 3319},0, {350, 12522},{0xED, 0x50, 0x9F, 0xFF}}},
	{{{-3761, 21396, 616},0, {3832, 6469},{0x26, 0x73, 0x26, 0xFF}}},
	{{{-5316, 21396, -6307},0, {350, -9039},{0xE5, 0x65, 0xB8, 0xFF}}},
	{{{-5316, 21396, -6307},0, {350, -6991},{0xE5, 0x65, 0xB8, 0xFF}}},
	{{{-3761, 21396, 616},0, {3832, 8517},{0x26, 0x73, 0x26, 0xFF}}},
	{{{-3193, 21396, -6307},0, {5104, -6991},{0x4E, 0x52, 0xC6, 0xFF}}},
	{{{-6450, 20814, 304},0, {208, 7816},{0x3, 0x78, 0xD5, 0xFF}}},
	{{{-5912, 21090, -4254},0, {1560, -2393},{0xEE, 0x78, 0xDA, 0xFF}}},
	{{{-6450, 20814, -6307},0, {208, -6991},{0xF0, 0x76, 0xD5, 0xFF}}},
	{{{-6450, 20814, 304},0, {1906, 3720},{0x3, 0x78, 0xD5, 0xFF}}},
	{{{-7482, 20814, -2203},0, {-406, -1893},{0xDA, 0x73, 0xDA, 0xFF}}},
	{{{-8118, 20814, 304},0, {-1830, 3720},{0x8D, 0x26, 0xDA, 0xFF}}},
	{{{-7482, 20814, -2203},0, {-406, 2203},{0xDA, 0x73, 0xDA, 0xFF}}},
	{{{-6450, 20814, 304},0, {1906, 7816},{0x3, 0x78, 0xD5, 0xFF}}},
	{{{-6450, 20814, -6307},0, {1906, -6991},{0xF0, 0x76, 0xD5, 0xFF}}},
	{{{-7482, 20814, -2203},0, {-406, 6299},{0xDA, 0x73, 0xDA, 0xFF}}},
	{{{-6450, 20814, -6307},0, {1906, -2895},{0xF0, 0x76, 0xD5, 0xFF}}},
	{{{-7482, 20814, -5212},0, {-406, -442},{0xDA, 0x73, 0x26, 0xFF}}},
	{{{-8118, 20814, 304},0, {2266, 7816},{0x8D, 0x26, 0xDA, 0xFF}}},
	{{{-8005, 20814, -2203},0, {2518, 2203},{0x26, 0x73, 0xDA, 0xFF}}},
	{{{-8118, 20814, -6307},0, {2266, -6991},{0xAA, 0x55, 0xD8, 0xFF}}},
	{{{-8005, 20814, -2203},0, {2518, -1893},{0x26, 0x73, 0xDA, 0xFF}}},
	{{{-8118, 20814, 304},0, {2266, 3720},{0x8D, 0x26, 0xDA, 0xFF}}},
	{{{-7482, 20814, -2203},0, {3690, -1893},{0xDA, 0x73, 0xDA, 0xFF}}},
	{{{-8118, 20814, -6307},0, {2266, -2895},{0xAA, 0x55, 0xD8, 0xFF}}},
	{{{-8005, 20814, -2203},0, {2518, 6299},{0x26, 0x73, 0xDA, 0xFF}}},
	{{{-8005, 20814, -5212},0, {2518, -442},{0x26, 0x73, 0x26, 0xFF}}},
	{{{-3193, 21396, -6307},0, {-6994, -847},{0x4E, 0x52, 0xC6, 0xFF}}},
	{{{-3193, 16078, -4974},0, {4918, 2140},{0x73, 0xDA, 0x26, 0xFF}}},
	{{{-3193, 13700, -6307},0, {10244, -847},{0x54, 0xAD, 0xD1, 0xFF}}},
	{{{-3193, 16078, -4974},0, {822, -6052},{0x73, 0xDA, 0x26, 0xFF}}},
	{{{-3193, 16692, 616},0, {-554, 6469},{0x5A, 0x0, 0x5A, 0xFF}}},
	{{{-3193, 16078, 616},0, {822, 6469},{0x26, 0x8D, 0xDA, 0xFF}}},
	{{{-3193, 13700, -6307},0, {6148, -847},{0x54, 0xAD, 0xD1, 0xFF}}},
	{{{-3193, 16078, -4974},0, {822, 2140},{0x73, 0xDA, 0x26, 0xFF}}},
	{{{-3193, 13700, -4974},0, {6148, 2140},{0x49, 0xB7, 0x49, 0xFF}}},
	{{{-16079, 20361, 1408},0, {-12866, -1999},{0x5A, 0x0, 0xA6, 0xFF}}},
	{{{-16079, 13675, 3319},0, {2108, 2282},{0x5A, 0x0, 0xA6, 0xFF}}},
	{{{-16079, 5911, 1408},0, {19496, -1999},{0x5A, 0x0, 0x5A, 0xFF}}},
	{{{-16079, 5911, 1408},0, {11304, -1999},{0x5A, 0x0, 0x5A, 0xFF}}},
	{{{-16079, 13675, 3319},0, {-6084, 2282},{0x5A, 0x0, 0xA6, 0xFF}}},
	{{{-16079, 10659, 3319},0, {670, 2282},{0x5A, 0x0, 0xA6, 0xFF}}},
	{{{-16079, 5911, 1408},0, {7208, -1999},{0x5A, 0x0, 0x5A, 0xFF}}},
	{{{-16079, 10659, 3319},0, {-3426, 2282},{0x5A, 0x0, 0xA6, 0xFF}}},
	{{{-16079, 5911, 3319},0, {7208, 2282},{0x5A, 0x0, 0xA6, 0xFF}}},
	{{{-2820, 6330, -3224},0, {2188, -2133},{0xB7, 0xB7, 0xB7, 0xFF}}},
	{{{-2391, 6330, -755},0, {1228, 3398},{0x49, 0xB7, 0x49, 0xFF}}},
	{{{-2820, 6330, -755},0, {2188, 3398},{0xB7, 0xB7, 0x49, 0xFF}}},
	{{{-2391, 6330, -3224},0, {1228, -2133},{0x49, 0xB7, 0xB7, 0xFF}}},
	{{{-2391, 6330, -755},0, {1228, -3263},{0x49, 0xB7, 0x49, 0xFF}}},
	{{{-2820, 8799, -755},0, {2188, 2267},{0xB7, 0x49, 0x49, 0xFF}}},
	{{{-2820, 6330, -755},0, {2188, -3263},{0xB7, 0xB7, 0x49, 0xFF}}},
	{{{-2391, 8799, -755},0, {1228, 2267},{0x49, 0x49, 0x49, 0xFF}}},
	{{{-2391, 8799, -755},0, {2804, 3398},{0x49, 0x49, 0x49, 0xFF}}},
	{{{-2820, 8799, -3224},0, {1844, -2133},{0xB7, 0x49, 0xB7, 0xFF}}},
	{{{-2820, 8799, -755},0, {1844, 3398},{0xB7, 0x49, 0x49, 0xFF}}},
	{{{-2391, 8799, -3224},0, {2804, -2133},{0x49, 0x49, 0xB7, 0xFF}}},
	{{{-2391, 7564, -960},0, {2804, 0},{0x64, 0x0, 0xB1, 0xFF}}},
	{{{-2820, 6793, -1218},0, {1844, -1822},{0x97, 0x33, 0xCD, 0xFF}}},
	{{{-2820, 7564, -960},0, {1844, 0},{0x9C, 0x0, 0xB1, 0xFF}}},
	{{{-2391, 6793, -1218},0, {2804, -1822},{0x69, 0x33, 0xCD, 0xFF}}},
	{{{-2391, 6793, -1218},0, {2804, 1168},{0x69, 0x33, 0xCD, 0xFF}}},
	{{{-2820, 6535, -1989},0, {1844, -654},{0x9C, 0x4F, 0x0, 0xFF}}},
	{{{-2820, 6793, -1218},0, {1844, 1168},{0x97, 0x33, 0xCD, 0xFF}}},
	{{{-2391, 6535, -1989},0, {2804, -654},{0x64, 0x4F, 0x0, 0xFF}}},
	{{{-2391, 6535, -1989},0, {2804, 2376},{0x64, 0x4F, 0x0, 0xFF}}},
	{{{-2820, 6793, -2761},0, {1844, 555},{0x97, 0x33, 0x33, 0xFF}}},
	{{{-2820, 6535, -1989},0, {1844, 2376},{0x9C, 0x4F, 0x0, 0xFF}}},
	{{{-2391, 6793, -2761},0, {2804, 555},{0x69, 0x33, 0x33, 0xFF}}},
	{{{-2820, 8336, -2761},0, {2188, -1018},{0x97, 0xCD, 0x33, 0xFF}}},
	{{{-2391, 8593, -1989},0, {1228, 803},{0x64, 0xB1, 0x0, 0xFF}}},
	{{{-2820, 8593, -1989},0, {2188, 803},{0x9C, 0xB1, 0x0, 0xFF}}},
	{{{-2391, 8336, -2761},0, {1228, -1018},{0x69, 0xCD, 0x33, 0xFF}}},
	{{{-2820, 8593, -1989},0, {2188, 919},{0x9C, 0xB1, 0x0, 0xFF}}},
	{{{-2391, 8336, -1218},0, {1228, 2741},{0x69, 0xCD, 0xCD, 0xFF}}},
	{{{-2820, 8336, -1218},0, {2188, 2741},{0x97, 0xCD, 0xCD, 0xFF}}},
	{{{-2391, 8593, -1989},0, {1228, 919},{0x64, 0xB1, 0x0, 0xFF}}},
	{{{-2820, 8336, -1218},0, {2188, 849},{0x97, 0xCD, 0xCD, 0xFF}}},
	{{{-2391, 7564, -960},0, {1228, 2671},{0x64, 0x0, 0xB1, 0xFF}}},
	{{{-2820, 7564, -960},0, {2188, 2671},{0x9C, 0x0, 0xB1, 0xFF}}},
	{{{-2391, 8336, -1218},0, {1228, 849},{0x69, 0xCD, 0xCD, 0xFF}}},
	{{{-2820, 6793, -2761},0, {1844, 988},{0x97, 0x33, 0x33, 0xFF}}},
	{{{-2391, 7564, -3018},0, {2804, -834},{0x64, 0x0, 0x4F, 0xFF}}},
	{{{-2820, 7564, -3018},0, {1844, -834},{0x9C, 0x0, 0x4F, 0xFF}}},
	{{{-2391, 6793, -2761},0, {2804, 988},{0x69, 0x33, 0x33, 0xFF}}},
	{{{-2391, 7564, -3018},0, {1228, -1457},{0x64, 0x0, 0x4F, 0xFF}}},
	{{{-2820, 8336, -2761},0, {2188, 365},{0x97, 0xCD, 0x33, 0xFF}}},
	{{{-2820, 7564, -3018},0, {2188, -1457},{0x9C, 0x0, 0x4F, 0xFF}}},
	{{{-2391, 8336, -2761},0, {1228, 365},{0x69, 0xCD, 0x33, 0xFF}}},
	{{{11680, -1790, -9485},0, {1552, 228},{0x5A, 0x4A, 0xCD, 0xFF}}},
	{{{11475, -1790, -8862},0, {1094, 1623},{0xB3, 0x4C, 0x43, 0xFF}}},
	{{{11511, -1790, -8853},0, {1172, 1644},{0x34, 0x4A, 0x59, 0xFF}}},
	{{{11645, -1790, -9495},0, {1474, 206},{0x2F, 0x73, 0xE7, 0xFF}}},
	{{{11191, -1790, -11549},0, {456, -299},{0xA6, 0x4D, 0xD2, 0xFF}}},
	{{{11645, -1790, -9495},0, {1474, 4302},{0x2F, 0x73, 0xE7, 0xFF}}},
	{{{11987, -1790, -10583},0, {2238, 1865},{0x60, 0x53, 0x4, 0xFF}}},
	{{{11824, -1790, -11380},0, {1874, 80},{0x46, 0x69, 0x12, 0xFF}}},
	{{{11475, -1967, -8862},0, {2938, 1623},{0xB3, 0xB4, 0x43, 0xFF}}},
	{{{11680, -1967, -9485},0, {2480, 228},{0x5A, 0xB6, 0xCD, 0xFF}}},
	{{{11511, -1967, -8853},0, {2860, 1644},{0x34, 0xB6, 0x59, 0xFF}}},
	{{{11645, -1967, -9495},0, {2558, 206},{0x2F, 0x8D, 0xE7, 0xFF}}},
	{{{11645, -1967, -9495},0, {2558, 4302},{0x2F, 0x8D, 0xE7, 0xFF}}},
	{{{11191, -1967, -11549},0, {3576, -299},{0xA6, 0xB3, 0xD2, 0xFF}}},
	{{{11987, -1967, -10583},0, {1794, 1865},{0x60, 0xAD, 0x4, 0xFF}}},
	{{{11824, -1967, -11380},0, {2158, 80},{0x46, 0x97, 0x12, 0xFF}}},
	{{{11824, -1967, -11380},0, {2158, 2128},{0x46, 0x97, 0x12, 0xFF}}},
	{{{11191, -1967, -11549},0, {3576, 1749},{0xA6, 0xB3, 0xD2, 0xFF}}},
	{{{12363, -1967, -11989},0, {950, 765},{0x27, 0x9C, 0x44, 0xFF}}},
	{{{13330, -1967, -12784},0, {-1214, -1017},{0x1B, 0xB7, 0x9C, 0xFF}}},
	{{{14564, -1967, -10646},0, {116, 3773},{0x54, 0xBA, 0x41, 0xFF}}},
	{{{13769, -1967, -11612},0, {1898, 1608},{0xBC, 0x9C, 0x27, 0xFF}}},
	{{{13330, -1967, -12784},0, {2882, -1017},{0x1B, 0xB7, 0x9C, 0xFF}}},
	{{{13160, -1967, -12152},0, {3262, 400},{0xEE, 0x97, 0x46, 0xFF}}},
	{{{15398, -2377, -7758},0, {2344, 2048},{0xE5, 0xB7, 0x64, 0xFF}}},
	{{{14959, -2377, -8930},0, {3328, -577},{0x44, 0x9C, 0xD9, 0xFF}}},
	{{{15567, -2377, -8390},0, {1966, 632},{0x12, 0x97, 0xBA, 0xFF}}},
	{{{16364, -2377, -8554},0, {180, 266},{0xD9, 0x9C, 0xBC, 0xFF}}},
	{{{17536, -2377, -8993},0, {1652, 3379},{0x5A, 0xB3, 0x2E, 0xFF}}},
	{{{16904, -2377, -9162},0, {3068, 2999},{0xBA, 0x97, 0xEE, 0xFF}}},
	{{{17281, -2377, -11407},0, {2224, -2029},{0x2A, 0x8D, 0x22, 0xFF}}},
	{{{16741, -2377, -9959},0, {3434, 1214},{0xA0, 0xAD, 0xFC, 0xFF}}},
	{{{17281, -2377, -11407},0, {2224, 19},{0x2A, 0x8D, 0x22, 0xFF}}},
	{{{16741, -2377, -9959},0, {3434, 3262},{0xA0, 0xAD, 0xFC, 0xFF}}},
	{{{17083, -2377, -11047},0, {2668, 825},{0xAA, 0xA5, 0xE7, 0xFF}}},
	{{{17252, -2377, -11680},0, {2288, -592},{0xBE, 0xB4, 0xB3, 0xFF}}},
	{{{17281, -2377, -11407},0, {2224, 2067},{0x2A, 0x8D, 0x22, 0xFF}}},
	{{{17252, -2377, -11680},0, {2288, 1456},{0xBE, 0xB4, 0xB3, 0xFF}}},
	{{{18259, -2377, -11511},0, {32, 1835},{0x51, 0xB7, 0x41, 0xFF}}},
	{{{18237, -2377, -11723},0, {82, 1359},{0x2A, 0x8D, 0x22, 0xFF}}},
	{{{18230, -2377, -11783},0, {96, 1224},{0xD6, 0x8D, 0xDE, 0xFF}}},
	{{{20816, -2199, -11781},0, {1534, 1229},{0x51, 0x49, 0x41, 0xFF}}},
	{{{19276, -2199, -11833},0, {-1914, 1112},{0xDE, 0x73, 0x2A, 0xFF}}},
	{{{19299, -2199, -11621},0, {-1864, 1589},{0xBF, 0x49, 0x51, 0xFF}}},
	{{{20181, -2199, -11990},0, {112, 762},{0xD6, 0x73, 0xDE, 0xFF}}},
	{{{19270, -2199, -11893},0, {-1930, 978},{0x22, 0x73, 0xD6, 0xFF}}},
	{{{20181, -2199, -11990},0, {112, 2810},{0xD6, 0x73, 0xDE, 0xFF}}},
	{{{20816, -2199, -11781},0, {1534, 3277},{0x51, 0x49, 0x41, 0xFF}}},
	{{{20581, -2199, -14008},0, {1006, -1711},{0x41, 0x49, 0xAF, 0xFF}}},
	{{{19974, -2199, -13944},0, {-352, -1567},{0xAF, 0x49, 0xBF, 0xFF}}},
	{{{20816, -1552, -11781},0, {-1598, 1229},{0x51, 0xB7, 0x41, 0xFF}}},
	{{{19270, -1552, -11893},0, {1866, 978},{0xAF, 0xB7, 0xBF, 0xFF}}},
	{{{20181, -1552, -11990},0, {-176, 762},{0xD6, 0x8D, 0xDE, 0xFF}}},
	{{{19294, -1552, -11663},0, {1810, 1493},{0xD6, 0x8D, 0xDE, 0xFF}}},
	{{{19299, -1552, -11621},0, {1800, 1589},{0x2A, 0x8D, 0x22, 0xFF}}},
	{{{18255, -1552, -11553},0, {4138, 1740},{0x22, 0x8D, 0xD6, 0xFF}}},
	{{{18259, -1552, -11511},0, {4128, 1835},{0xDE, 0x8D, 0x2A, 0xFF}}},
	{{{19326, -1552, -11366},0, {1740, 2160},{0x51, 0xB7, 0x41, 0xFF}}},
	{{{20816, -1552, -11781},0, {2498, 3277},{0x51, 0xB7, 0x41, 0xFF}}},
	{{{20181, -1552, -11990},0, {3920, 2810},{0xD6, 0x8D, 0xDE, 0xFF}}},
	{{{20581, -1552, -14008},0, {3026, -1711},{0x41, 0xB7, 0xAF, 0xFF}}},
	{{{19974, -1552, -13944},0, {4384, -1567},{0xAF, 0xB7, 0xBF, 0xFF}}},
	{{{11475, -1142, -8862},0, {2938, 1623},{0xB3, 0xB4, 0x43, 0xFF}}},
	{{{11680, -1142, -9485},0, {2480, 228},{0x5A, 0xB6, 0xCD, 0xFF}}},
	{{{11511, -1142, -8853},0, {2860, 1644},{0x35, 0xB6, 0x59, 0xFF}}},
	{{{11645, -1142, -9495},0, {2558, 206},{0x2F, 0x8D, 0xE7, 0xFF}}},
	{{{11645, -1142, -9495},0, {2558, 4302},{0x2F, 0x8D, 0xE7, 0xFF}}},
	{{{11191, -1142, -11549},0, {3576, -299},{0xA6, 0xB3, 0xD2, 0xFF}}},
	{{{11987, -1142, -10583},0, {1794, 1865},{0x60, 0xAD, 0x4, 0xFF}}},
	{{{11824, -1142, -11380},0, {2158, 80},{0x46, 0x97, 0x12, 0xFF}}},
	{{{11824, -1142, -11380},0, {2158, 2128},{0x46, 0x97, 0x12, 0xFF}}},
	{{{11191, -1142, -11549},0, {3576, 1749},{0xA6, 0xB3, 0xD2, 0xFF}}},
	{{{12363, -1142, -11989},0, {950, 765},{0x27, 0x9C, 0x44, 0xFF}}},
	{{{13330, -1142, -12784},0, {-1214, -1017},{0x1B, 0xB7, 0x9C, 0xFF}}},
	{{{14564, -1142, -10646},0, {116, 3773},{0x54, 0xBA, 0x41, 0xFF}}},
	{{{13769, -1142, -11612},0, {1898, 1608},{0xBC, 0x9C, 0x27, 0xFF}}},
	{{{13330, -1142, -12784},0, {2882, -1017},{0x1B, 0xB7, 0x9C, 0xFF}}},
	{{{13160, -1142, -12152},0, {3262, 400},{0xEE, 0x97, 0x46, 0xFF}}},
	{{{11680, -971, -9485},0, {1552, 228},{0x5A, 0x4A, 0xCD, 0xFF}}},
	{{{11475, -971, -8862},0, {1094, 1623},{0xB3, 0x4C, 0x43, 0xFF}}},
	{{{11511, -971, -8853},0, {1172, 1644},{0x34, 0x4A, 0x59, 0xFF}}},
	{{{11645, -971, -9495},0, {1474, 206},{0x2F, 0x73, 0xE7, 0xFF}}},
	{{{11191, -971, -11549},0, {456, -299},{0xA6, 0x4D, 0xD2, 0xFF}}},
	{{{11645, -971, -9495},0, {1474, 4302},{0x2F, 0x73, 0xE7, 0xFF}}},
	{{{11987, -971, -10583},0, {2238, 1865},{0x60, 0x53, 0x4, 0xFF}}},
	{{{11824, -971, -11380},0, {1874, 80},{0x46, 0x69, 0x12, 0xFF}}},
	{{{20816, -1380, -11781},0, {1534, 1229},{0x51, 0x49, 0x41, 0xFF}}},
	{{{19294, -1380, -11663},0, {-1874, 1493},{0xD6, 0x73, 0xDE, 0xFF}}},
	{{{19299, -1380, -11621},0, {-1864, 1589},{0x2A, 0x73, 0x22, 0xFF}}},
	{{{19270, -1380, -11893},0, {-1930, 978},{0xAF, 0x49, 0xBF, 0xFF}}},
	{{{20181, -1380, -11990},0, {112, 762},{0xD6, 0x73, 0xDE, 0xFF}}},
	{{{20181, -1380, -11990},0, {112, 2810},{0xD6, 0x73, 0xDE, 0xFF}}},
	{{{20816, -1380, -11781},0, {1534, 3277},{0x51, 0x49, 0x41, 0xFF}}},
	{{{20581, -1380, -14008},0, {1006, -1711},{0x41, 0x49, 0xAF, 0xFF}}},
	{{{19974, -1380, -13944},0, {-352, -1567},{0xAF, 0x49, 0xBF, 0xFF}}},
	{{{19025, -3110, -14589},0, {2414, -963},{0xB7, 0xB7, 0xB7, 0xFF}}},
	{{{19974, -3110, -13354},0, {288, 1802},{0x49, 0xB7, 0x49, 0xFF}}},
	{{{19025, -3110, -13354},0, {2414, 1802},{0xB7, 0xB7, 0x49, 0xFF}}},
	{{{19974, -3110, -13354},0, {288, 1802},{0x49, 0xB7, 0x49, 0xFF}}},
	{{{19025, -3110, -14589},0, {2414, -963},{0xB7, 0xB7, 0xB7, 0xFF}}},
	{{{19974, -3110, -13944},0, {288, 481},{0x23, 0x8B, 0xDE, 0xFF}}},
	{{{19974, -3110, -13944},0, {288, 2529},{0x23, 0x8B, 0xDE, 0xFF}}},
	{{{19025, -3110, -14589},0, {2414, 1085},{0xB7, 0xB7, 0xB7, 0xFF}}},
	{{{19285, -3110, -14589},0, {1830, 1085},{0xDA, 0x8D, 0xDA, 0xFF}}},
	{{{19974, -3110, -15824},0, {288, -1681},{0x49, 0xB7, 0xB7, 0xFF}}},
	{{{19974, -3110, -15824},0, {288, 367},{0x49, 0xB7, 0xB7, 0xFF}}},
	{{{19285, -3110, -14589},0, {1830, 3133},{0xDA, 0x8D, 0xDA, 0xFF}}},
	{{{19546, -3110, -15361},0, {1248, 1404},{0xDA, 0x8D, 0xDA, 0xFF}}},
	{{{19546, -3110, -15824},0, {1248, 367},{0xB7, 0xB7, 0xB7, 0xFF}}},
	{{{19285, -1104, -15361},0, {1830, 340},{0xB9, 0xAB, 0xC3, 0xFF}}},
	{{{19974, -846, -14589},0, {288, 2162},{0x64, 0xB1, 0x0, 0xFF}}},
	{{{19285, -846, -14589},0, {1830, 2162},{0xB4, 0xC4, 0x53, 0xFF}}},
	{{{19974, -1104, -15361},0, {288, 340},{0x69, 0xCD, 0x33, 0xFF}}},
	{{{19546, -1104, -15361},0, {1248, 340},{0xAA, 0xF1, 0x5D, 0xFF}}},
	{{{19974, -3110, -13354},0, {288, -1878},{0x49, 0xB7, 0x49, 0xFF}}},
	{{{19025, -641, -13354},0, {2414, 3653},{0xB7, 0x49, 0x49, 0xFF}}},
	{{{19025, -3110, -13354},0, {2414, -1878},{0xB7, 0xB7, 0x49, 0xFF}}},
	{{{19974, -641, -13354},0, {288, 3653},{0x49, 0x49, 0x49, 0xFF}}},
	{{{19546, -1875, -15618},0, {1248, 282},{0x9C, 0x0, 0x4F, 0xFF}}},
	{{{19974, -1104, -15361},0, {288, 2103},{0x69, 0xCD, 0x33, 0xFF}}},
	{{{19546, -1104, -15361},0, {1248, 2103},{0xAA, 0xF1, 0x5D, 0xFF}}},
	{{{19974, -1875, -15618},0, {288, 282},{0x64, 0x0, 0x4F, 0xFF}}},
	{{{19974, -3110, -13944},0, {-1258, 2529},{0x23, 0x8B, 0xDE, 0xFF}}},
	{{{19974, -2904, -14589},0, {-1720, 1085},{0x64, 0x4F, 0x0, 0xFF}}},
	{{{19974, -2689, -13944},0, {-2200, 2529},{0xF8, 0x4F, 0x9D, 0xFF}}},
	{{{19974, -3110, -15824},0, {-1258, -1681},{0x49, 0xB7, 0xB7, 0xFF}}},
	{{{19974, -1875, -15618},0, {72, 828},{0x64, 0x0, 0x4F, 0xFF}}},
	{{{19974, -641, -15824},0, {-2692, 367},{0x49, 0x49, 0xB7, 0xFF}}},
	{{{19974, -1104, -15361},0, {-1656, 1404},{0x69, 0xCD, 0x33, 0xFF}}},
	{{{19974, -3110, -15824},0, {2838, 367},{0x49, 0xB7, 0xB7, 0xFF}}},
	{{{19974, -3110, -15824},0, {2838, 367},{0x49, 0xB7, 0xB7, 0xFF}}},
	{{{19974, -1875, -15618},0, {72, 828},{0x64, 0x0, 0x4F, 0xFF}}},
	{{{19974, -2647, -15361},0, {1800, 1404},{0x69, 0x33, 0x33, 0xFF}}},
	{{{19974, -1104, -13817},0, {-1656, 765},{0x69, 0xCD, 0xCD, 0xFF}}},
	{{{19974, -641, -13354},0, {-2692, 1802},{0x49, 0x49, 0x49, 0xFF}}},
	{{{19974, -1875, -13560},0, {72, 1341},{0x64, 0x0, 0xB1, 0xFF}}},
	{{{19974, -3110, -13354},0, {2838, 1802},{0x49, 0xB7, 0x49, 0xFF}}},
	{{{19974, -2647, -13817},0, {1800, 765},{0x69, 0x33, 0xCD, 0xFF}}},
	{{{19974, -2647, -13817},0, {-2296, 765},{0x69, 0x33, 0xCD, 0xFF}}},
	{{{19974, -3110, -13354},0, {-1258, 1802},{0x49, 0xB7, 0x49, 0xFF}}},
	{{{19974, -2689, -13944},0, {-2200, 481},{0xF8, 0x4F, 0x9D, 0xFF}}},
	{{{19974, -3110, -13944},0, {-1258, 481},{0x23, 0x8B, 0xDE, 0xFF}}},
	{{{19974, -2904, -14589},0, {-352, 2770},{0x64, 0x4F, 0x0, 0xFF}}},
	{{{19285, -2647, -15361},0, {-1894, 949},{0xB9, 0x55, 0xC3, 0xFF}}},
	{{{19285, -2904, -14589},0, {-1894, 2770},{0xD3, 0x6C, 0xCE, 0xFF}}},
	{{{19974, -2647, -15361},0, {-352, 949},{0x69, 0x33, 0x33, 0xFF}}},
	{{{19285, -2647, -15361},0, {-1894, 949},{0xB9, 0x55, 0xC3, 0xFF}}},
	{{{19974, -2647, -15361},0, {-352, 949},{0x69, 0x33, 0x33, 0xFF}}},
	{{{19546, -2647, -15361},0, {-1312, 949},{0xAA, 0xF, 0x5D, 0xFF}}},
	{{{19974, -641, -13354},0, {-352, 1802},{0x49, 0x49, 0x49, 0xFF}}},
	{{{19025, -641, -14589},0, {-2478, -963},{0xB7, 0x49, 0xB7, 0xFF}}},
	{{{19025, -641, -13354},0, {-2478, 1802},{0xB7, 0x49, 0x49, 0xFF}}},
	{{{19285, -641, -14589},0, {-1894, -963},{0xDA, 0x73, 0xDA, 0xFF}}},
	{{{19285, -641, -14589},0, {-1894, 3133},{0xDA, 0x73, 0xDA, 0xFF}}},
	{{{19974, -641, -15824},0, {-352, 367},{0x49, 0x49, 0xB7, 0xFF}}},
	{{{19546, -641, -15361},0, {-1312, 1404},{0xDA, 0x73, 0xDA, 0xFF}}},
	{{{19546, -641, -15824},0, {-1312, 367},{0xB7, 0x49, 0xB7, 0xFF}}},
	{{{19546, -2647, -15361},0, {-1312, 1881},{0xAA, 0xF, 0x5D, 0xFF}}},
	{{{19974, -1875, -15618},0, {-352, 59},{0x64, 0x0, 0x4F, 0xFF}}},
	{{{19546, -1875, -15618},0, {-1312, 59},{0x9C, 0x0, 0x4F, 0xFF}}},
	{{{19974, -2647, -15361},0, {-352, 1881},{0x69, 0x33, 0x33, 0xFF}}},
	{{{19025, -641, -13354},0, {6724, 1802},{0xB7, 0x49, 0x49, 0xFF}}},
	{{{19025, -1875, -13560},0, {3960, 1341},{0x9C, 0x0, 0xB1, 0xFF}}},
	{{{19025, -3110, -13354},0, {1194, 1802},{0xB7, 0xB7, 0x49, 0xFF}}},
	{{{19025, -2647, -13817},0, {2232, 765},{0x97, 0x33, 0xCD, 0xFF}}},
	{{{19025, -2904, -14589},0, {1656, -963},{0xB4, 0x3C, 0xAD, 0xFF}}},
	{{{19025, -3110, -14589},0, {1194, -963},{0xB7, 0xB7, 0xB7, 0xFF}}},
	{{{19025, -1875, -13560},0, {-136, 1341},{0x9C, 0x0, 0xB1, 0xFF}}},
	{{{19025, -641, -13354},0, {2628, 1802},{0xB7, 0x49, 0x49, 0xFF}}},
	{{{19025, -1104, -13817},0, {1592, 765},{0x97, 0xCD, 0xCD, 0xFF}}},
	{{{19025, -641, -14589},0, {2628, -963},{0xB7, 0x49, 0xB7, 0xFF}}},
	{{{19546, -641, -15824},0, {2628, 367},{0xB7, 0x49, 0xB7, 0xFF}}},
	{{{19546, -1104, -15361},0, {1592, 1404},{0xAA, 0xF1, 0x5D, 0xFF}}},
	{{{19546, -641, -15361},0, {2628, 1404},{0xDA, 0x73, 0xDA, 0xFF}}},
	{{{19546, -1875, -15618},0, {-136, 828},{0x9C, 0x0, 0x4F, 0xFF}}},
	{{{19546, -1875, -15618},0, {3960, 828},{0x9C, 0x0, 0x4F, 0xFF}}},
	{{{19546, -641, -15824},0, {6724, 367},{0xB7, 0x49, 0xB7, 0xFF}}},
	{{{19546, -3110, -15824},0, {1194, 367},{0xB7, 0xB7, 0xB7, 0xFF}}},
	{{{19546, -2647, -15361},0, {2232, 1404},{0xAA, 0xF, 0x5D, 0xFF}}},
	{{{19546, -3110, -15361},0, {1194, 1404},{0xDA, 0x8D, 0xDA, 0xFF}}},
	{{{19285, -3110, -15361},0, {1194, -644},{0xB7, 0xB7, 0xB7, 0xFF}}},
	{{{19285, -2904, -14589},0, {1656, 1085},{0xD3, 0x6C, 0xCE, 0xFF}}},
	{{{19285, -2647, -15361},0, {2232, -644},{0xB9, 0x55, 0xC3, 0xFF}}},
	{{{19285, -3110, -14589},0, {1194, 1085},{0xDA, 0x8D, 0xDA, 0xFF}}},
	{{{19285, -1104, -15361},0, {1592, -644},{0xB9, 0xAB, 0xC3, 0xFF}}},
	{{{19285, -641, -14589},0, {2628, 1085},{0xDA, 0x73, 0xDA, 0xFF}}},
	{{{19285, -641, -15361},0, {2628, -644},{0xB7, 0x49, 0xB7, 0xFF}}},
	{{{19285, -846, -14589},0, {2168, 1085},{0xB4, 0xC4, 0x53, 0xFF}}},
	{{{15398, -1380, -7758},0, {-2408, 2048},{0xE5, 0x49, 0x64, 0xFF}}},
	{{{16364, -1380, -8554},0, {-244, 266},{0xD9, 0x64, 0xBC, 0xFF}}},
	{{{15567, -1380, -8390},0, {-2030, 632},{0x12, 0x69, 0xBA, 0xFF}}},
	{{{16364, -1380, -8554},0, {-244, 266},{0xD9, 0x64, 0xBC, 0xFF}}},
	{{{15398, -1380, -7758},0, {-2408, 2048},{0xE5, 0x49, 0x64, 0xFF}}},
	{{{17536, -1380, -8993},0, {2380, -717},{0x5A, 0x4D, 0x2E, 0xFF}}},
	{{{16904, -1380, -9162},0, {964, 2999},{0xBA, 0x69, 0xEE, 0xFF}}},
	{{{17536, -1380, -8993},0, {2380, 3379},{0x5A, 0x4D, 0x2E, 0xFF}}},
	{{{17281, -1380, -11407},0, {1808, -2029},{0x2A, 0x73, 0x22, 0xFF}}},
	{{{16741, -1380, -9959},0, {598, 1214},{0xA0, 0x53, 0xFC, 0xFF}}},
	{{{16741, -1380, -9959},0, {598, 3262},{0xA0, 0x53, 0xFC, 0xFF}}},
	{{{17281, -1380, -11407},0, {1808, 19},{0x2A, 0x73, 0x22, 0xFF}}},
	{{{17083, -1380, -11047},0, {1364, 825},{0xAA, 0x5B, 0xE7, 0xFF}}},
	{{{17252, -1380, -11680},0, {1744, -592},{0xBE, 0x4C, 0xB3, 0xFF}}},
	{{{17252, -1380, -11680},0, {-2352, 1456},{0xBE, 0x4C, 0xB3, 0xFF}}},
	{{{17281, -1380, -11407},0, {-2288, 2067},{0x2A, 0x73, 0x22, 0xFF}}},
	{{{18259, -1380, -11511},0, {-96, 1835},{0xDE, 0x73, 0x2A, 0xFF}}},
	{{{18255, -1380, -11553},0, {-106, 1740},{0x22, 0x73, 0xD6, 0xFF}}},
	{{{19299, -1380, -11621},0, {2232, 1589},{0x2A, 0x73, 0x22, 0xFF}}},
	{{{18259, -1380, -11511},0, {-96, 1835},{0xDE, 0x73, 0x2A, 0xFF}}},
	{{{19326, -1380, -11366},0, {2292, 2160},{0x51, 0x49, 0x41, 0xFF}}},
	{{{19299, -1380, -11621},0, {2232, 1589},{0x2A, 0x73, 0x22, 0xFF}}},
	{{{18255, -1380, -11553},0, {-106, 1740},{0x22, 0x73, 0xD6, 0xFF}}},
	{{{19294, -1380, -11663},0, {2222, 1493},{0xD6, 0x73, 0xDE, 0xFF}}},
	{{{17252, -1380, -11680},0, {-2352, 1456},{0xBE, 0x4C, 0xB3, 0xFF}}},
	{{{18230, -1380, -11783},0, {-160, 1224},{0x41, 0x49, 0xAF, 0xFF}}},
	{{{15398, -1380, -7758},0, {1688, 4096},{0xE5, 0x49, 0x64, 0xFF}}},
	{{{14959, -1380, -8930},0, {704, 1471},{0x44, 0x64, 0xD9, 0xFF}}},
	{{{14163, -1380, -9897},0, {-1078, -693},{0xAC, 0x46, 0xBF, 0xFF}}},
	{{{14796, -1380, -9727},0, {338, -314},{0x4A, 0x4D, 0xBB, 0xFF}}},
	{{{15398, -2199, -7758},0, {-2408, 2048},{0xE5, 0x49, 0x64, 0xFF}}},
	{{{16364, -2199, -8554},0, {-244, 266},{0xD9, 0x64, 0xBC, 0xFF}}},
	{{{15567, -2199, -8390},0, {-2030, 632},{0x12, 0x69, 0xBA, 0xFF}}},
	{{{17536, -2199, -8993},0, {2380, -717},{0x5A, 0x4D, 0x2E, 0xFF}}},
	{{{16904, -2199, -9162},0, {964, 2999},{0xBA, 0x69, 0xEE, 0xFF}}},
	{{{17536, -2199, -8993},0, {2380, 3379},{0x5A, 0x4D, 0x2E, 0xFF}}},
	{{{17281, -2199, -11407},0, {1808, -2029},{0x2A, 0x73, 0x22, 0xFF}}},
	{{{16741, -2199, -9959},0, {598, 1214},{0xA0, 0x53, 0xFC, 0xFF}}},
	{{{16741, -2199, -9959},0, {598, 3262},{0xA0, 0x53, 0xFC, 0xFF}}},
	{{{17281, -2199, -11407},0, {1808, 19},{0x2A, 0x73, 0x22, 0xFF}}},
	{{{17083, -2199, -11047},0, {1364, 825},{0xAA, 0x5B, 0xE7, 0xFF}}},
	{{{17252, -2199, -11680},0, {1744, -592},{0xBE, 0x4C, 0xB3, 0xFF}}},
	{{{17252, -2199, -11680},0, {-2352, 1456},{0xBE, 0x4C, 0xB3, 0xFF}}},
	{{{17281, -2199, -11407},0, {-2288, 2067},{0x2A, 0x73, 0x22, 0xFF}}},
	{{{18259, -2199, -11511},0, {-96, 1835},{0x51, 0x49, 0x41, 0xFF}}},
	{{{18237, -2199, -11723},0, {-146, 1359},{0x2A, 0x73, 0x22, 0xFF}}},
	{{{18230, -2199, -11783},0, {-160, 1224},{0xD6, 0x73, 0xDE, 0xFF}}},
	{{{19276, -2199, -11833},0, {2182, 1112},{0xDE, 0x73, 0x2A, 0xFF}}},
	{{{18208, -2199, -11995},0, {-212, 751},{0xAF, 0x49, 0xBF, 0xFF}}},
	{{{19270, -2199, -11893},0, {2166, 978},{0x22, 0x73, 0xD6, 0xFF}}},
	{{{18208, -2199, -11995},0, {-212, 751},{0xAF, 0x49, 0xBF, 0xFF}}},
	{{{19270, -2199, -11893},0, {2166, 978},{0x22, 0x73, 0xD6, 0xFF}}},
	{{{19247, -2199, -12105},0, {2116, 504},{0x41, 0x49, 0xAF, 0xFF}}},
	{{{15398, -2199, -7758},0, {1688, 4096},{0xE5, 0x49, 0x64, 0xFF}}},
	{{{14959, -2199, -8930},0, {704, 1471},{0x44, 0x64, 0xD9, 0xFF}}},
	{{{14163, -2199, -9897},0, {-1078, -693},{0xAC, 0x46, 0xBF, 0xFF}}},
	{{{14796, -2199, -9727},0, {338, -314},{0x4A, 0x4D, 0xBB, 0xFF}}},
	{{{18230, -2377, -11783},0, {4192, 1224},{0xD6, 0x8D, 0xDE, 0xFF}}},
	{{{19276, -2377, -11833},0, {1850, 1112},{0xDE, 0x8D, 0x2A, 0xFF}}},
	{{{18237, -2377, -11723},0, {4178, 1359},{0x2A, 0x8D, 0x22, 0xFF}}},
	{{{18208, -2377, -11995},0, {4244, 751},{0xAF, 0xB7, 0xBF, 0xFF}}},
	{{{19270, -2377, -11893},0, {1866, 978},{0x22, 0x8D, 0xD6, 0xFF}}},
	{{{19247, -2377, -12105},0, {1916, 504},{0x41, 0xB7, 0xAF, 0xFF}}},
	{{{20181, -2377, -11990},0, {-176, 762},{0x8A, 0xDA, 0xE6, 0xFF}}},
	{{{20210, -2377, -11717},0, {-240, 1373},{0xE6, 0xDA, 0x76, 0xFF}}},
	{{{19299, -2377, -11621},0, {1800, 1589},{0xBF, 0xB7, 0x51, 0xFF}}},
	{{{-815, 10066, 3319},0, {6096, 2282},{0x26, 0xDA, 0x8D, 0xFF}}},
	{{{-815, 14988, 616},0, {-4928, -3771},{0x5A, 0xA6, 0x0, 0xFF}}},
	{{{-815, 14988, 3319},0, {-4928, 2282},{0x49, 0xB7, 0xB7, 0xFF}}},
	{{{-815, 12527, 616},0, {584, -3771},{0x5A, 0x0, 0xA6, 0xFF}}},
	{{{-815, 10066, 616},0, {6096, -3771},{0x49, 0xB7, 0xB7, 0xFF}}},
	{{{-8486, 18068, -2504},0, {-524, 1529},{0xB7, 0xB7, 0xB7, 0xFF}}},
	{{{-8486, 18776, -2203},0, {1060, 2203},{0xB7, 0x49, 0x49, 0xFF}}},
	{{{-8486, 18776, -2504},0, {1060, 1529},{0xB7, 0x49, 0xB7, 0xFF}}},
	{{{-8486, 18068, -2203},0, {-524, 2203},{0xB7, 0xB7, 0x49, 0xFF}}},
	{{{-8486, 18068, -2504},0, {-1506, 1529},{0xB7, 0xB7, 0xB7, 0xFF}}},
	{{{-8118, 18068, -2203},0, {-2330, 2203},{0x8D, 0xDA, 0x26, 0xFF}}},
	{{{-8486, 18068, -2203},0, {-1506, 2203},{0xB7, 0xB7, 0x49, 0xFF}}},
	{{{-8118, 18068, -2504},0, {-2330, 1529},{0x9F, 0x0, 0xAE, 0xFF}}},
	{{{-8118, 18068, -2203},0, {-2330, -1549},{0x8D, 0xDA, 0x26, 0xFF}}},
	{{{-8486, 18776, -2203},0, {-1506, 36},{0xB7, 0x49, 0x49, 0xFF}}},
	{{{-8486, 18068, -2203},0, {-1506, -1549},{0xB7, 0xB7, 0x49, 0xFF}}},
	{{{-8486, 18776, -2203},0, {-1506, 36},{0xB7, 0x49, 0x49, 0xFF}}},
	{{{-8118, 18068, -2203},0, {-2330, -1549},{0x8D, 0xDA, 0x26, 0xFF}}},
	{{{-8118, 18776, -2203},0, {-2330, 36},{0x8D, 0x26, 0x26, 0xFF}}},
	{{{-8118, 18776, -2504},0, {2266, 1529},{0x69, 0x15, 0xBB, 0xFF}}},
	{{{-8486, 18776, -2203},0, {1442, 2203},{0xB7, 0x49, 0x49, 0xFF}}},
	{{{-8118, 18776, -2203},0, {2266, 2203},{0x8D, 0x26, 0x26, 0xFF}}},
	{{{-8486, 18776, -2504},0, {1442, 1529},{0xB7, 0x49, 0xB7, 0xFF}}},
	{{{-5884, 13195, 616},0, {4956, -1723},{0x26, 0xDA, 0x8D, 0xFF}}},
	{{{-2251, 13195, 2472},0, {-3184, 2433},{0xB7, 0xB7, 0xB7, 0xFF}}},
	{{{-5884, 13195, 2472},0, {4956, 2433},{0x49, 0xB7, 0xB7, 0xFF}}},
	{{{-2251, 13195, 616},0, {-3184, -1723},{0xDA, 0xDA, 0x8D, 0xFF}}},
	{{{-2251, 12558, 616},0, {-578, -1723},{0xDA, 0x26, 0x8D, 0xFF}}},
	{{{-2251, 13195, 2472},0, {850, 2433},{0xB7, 0xB7, 0xB7, 0xFF}}},
	{{{-2251, 13195, 616},0, {850, -1723},{0xDA, 0xDA, 0x8D, 0xFF}}},
	{{{-2251, 12558, 2472},0, {-578, 2433},{0xB7, 0x49, 0xB7, 0xFF}}},
	{{{-2251, 12558, 616},0, {7216, -1723},{0xDA, 0x26, 0x8D, 0xFF}}},
	{{{-5884, 12558, 2472},0, {-924, 2433},{0x49, 0x49, 0xB7, 0xFF}}},
	{{{-2251, 12558, 2472},0, {7216, 2433},{0xB7, 0x49, 0xB7, 0xFF}}},
	{{{-5884, 12558, 616},0, {-924, -1723},{0x26, 0x26, 0x8D, 0xFF}}},
	{{{-5884, 12558, 2472},0, {4610, 2433},{0x49, 0x49, 0xB7, 0xFF}}},
	{{{-5884, 13195, 616},0, {3182, -1723},{0x26, 0xDA, 0x8D, 0xFF}}},
	{{{-5884, 13195, 2472},0, {3182, 2433},{0x49, 0xB7, 0xB7, 0xFF}}},
	{{{-5884, 12558, 616},0, {4610, -1723},{0x26, 0x26, 0x8D, 0xFF}}},
	{{{-1582, 9451, -47},0, {3378, 886},{0x49, 0xB7, 0x49, 0xFF}}},
	{{{-1582, 9896, -352},0, {2378, 205},{0x5B, 0x50, 0xDA, 0xFF}}},
	{{{-1582, 9896, -47},0, {2378, 886},{0x49, 0x49, 0x49, 0xFF}}},
	{{{-1582, 9451, -352},0, {3378, 205},{0x5B, 0xB0, 0xDA, 0xFF}}},
	{{{-1582, 9451, -47},0, {-584, -369},{0x49, 0xB7, 0x49, 0xFF}}},
	{{{-1739, 9896, -47},0, {-234, 629},{0xB7, 0x49, 0x49, 0xFF}}},
	{{{-1739, 9451, -47},0, {-234, -369},{0xB7, 0xB7, 0x49, 0xFF}}},
	{{{-1582, 9896, -47},0, {-584, 629},{0x49, 0x49, 0x49, 0xFF}}},
	{{{-6564, 10066, 616},0, {2382, -3771},{0xB7, 0xB7, 0xB7, 0xFF}}},
	{{{-4163, 10066, 3319},0, {-2996, 2282},{0x0, 0x0, 0x81, 0xFF}}},
	{{{-6564, 10066, 3319},0, {2382, 2282},{0xDA, 0xDA, 0x8D, 0xFF}}},
	{{{-4163, 10066, 2729},0, {-2996, 961},{0x26, 0x8D, 0x26, 0xFF}}},
	{{{-1582, 9896, -352},0, {520, 205},{0x5B, 0x50, 0xDA, 0xFF}}},
	{{{-1739, 9896, -47},0, {170, 886},{0xB7, 0x49, 0x49, 0xFF}}},
	{{{-1582, 9896, -47},0, {520, 886},{0x49, 0x49, 0x49, 0xFF}}},
	{{{-1739, 9896, -506},0, {170, -142},{0xD7, 0x46, 0x9E, 0xFF}}},
	{{{-1068, 9005, -352},0, {-1736, -1368},{0x49, 0xB7, 0x49, 0xFF}}},
	{{{-1224, 9451, -352},0, {-1386, -369},{0xB7, 0x49, 0x49, 0xFF}}},
	{{{-1224, 9005, -352},0, {-1386, -1368},{0xB7, 0xB7, 0x49, 0xFF}}},
	{{{-1068, 9451, -352},0, {-1736, -369},{0x49, 0x49, 0x49, 0xFF}}},
	{{{-1224, 9005, -656},0, {-1386, 1571},{0xA5, 0xB0, 0xDA, 0xFF}}},
	{{{-1068, 9005, -352},0, {-1736, 2253},{0x49, 0xB7, 0x49, 0xFF}}},
	{{{-1224, 9005, -352},0, {-1386, 2253},{0xB7, 0xB7, 0x49, 0xFF}}},
	{{{-1068, 9005, -811},0, {-1736, 1224},{0x29, 0xBA, 0x9E, 0xFF}}},
	{{{-1068, 9451, -811},0, {1672, 1224},{0x29, 0x46, 0x9E, 0xFF}}},
	{{{-1224, 9451, -352},0, {1322, 2253},{0xB7, 0x49, 0x49, 0xFF}}},
	{{{-1068, 9451, -352},0, {1672, 2253},{0x49, 0x49, 0x49, 0xFF}}},
	{{{-1224, 9451, -656},0, {1322, 1571},{0xA5, 0x50, 0xDA, 0xFF}}},
	{{{-1068, 9005, -352},0, {4376, 2253},{0x49, 0xB7, 0x49, 0xFF}}},
	{{{-1068, 9451, -811},0, {3378, 1224},{0x29, 0x46, 0x9E, 0xFF}}},
	{{{-1068, 9451, -352},0, {3378, 2253},{0x49, 0x49, 0x49, 0xFF}}},
	{{{-1068, 9005, -811},0, {4376, 1224},{0x29, 0xBA, 0x9E, 0xFF}}},
	{{{-1224, 9005, -656},0, {-344, 1571},{0xA5, 0xB0, 0xDA, 0xFF}}},
	{{{-1224, 9451, -352},0, {654, 2253},{0xB7, 0x49, 0x49, 0xFF}}},
	{{{-1224, 9451, -656},0, {654, 1571},{0xA5, 0x50, 0xDA, 0xFF}}},
	{{{-1224, 9005, -352},0, {-344, 2253},{0xB7, 0xB7, 0x49, 0xFF}}},
	{{{-1895, 8559, -656},0, {116, -319},{0x49, 0xB7, 0x49, 0xFF}}},
	{{{-2052, 9005, -656},0, {466, 680},{0xB7, 0x49, 0x49, 0xFF}}},
	{{{-2052, 8559, -656},0, {466, -319},{0xB7, 0xB7, 0x49, 0xFF}}},
	{{{-1895, 9005, -656},0, {116, 680},{0x49, 0x49, 0x49, 0xFF}}},
	{{{-1381, 8113, -960},0, {-1036, -1317},{0x49, 0xB7, 0x49, 0xFF}}},
	{{{-1537, 8559, -960},0, {-686, -319},{0xB7, 0x49, 0x49, 0xFF}}},
	{{{-1537, 8113, -960},0, {-686, -1317},{0xB7, 0xB7, 0x49, 0xFF}}},
	{{{-1381, 8559, -960},0, {-1036, -319},{0x49, 0x49, 0x49, 0xFF}}},
	{{{-1381, 8559, -1420},0, {972, -140},{0x29, 0x46, 0x9E, 0xFF}}},
	{{{-1537, 8559, -960},0, {622, 889},{0xB7, 0x49, 0x49, 0xFF}}},
	{{{-1381, 8559, -960},0, {972, 889},{0x49, 0x49, 0x49, 0xFF}}},
	{{{-1537, 8559, -1265},0, {622, 207},{0xA5, 0x50, 0xDA, 0xFF}}},
	{{{-1537, 8113, -1265},0, {-686, 207},{0xA5, 0xB0, 0xDA, 0xFF}}},
	{{{-1381, 8113, -960},0, {-1036, 889},{0x49, 0xB7, 0x49, 0xFF}}},
	{{{-1537, 8113, -960},0, {-686, 889},{0xB7, 0xB7, 0x49, 0xFF}}},
	{{{-1381, 8113, -1420},0, {-1036, -140},{0x29, 0xBA, 0x9E, 0xFF}}},
	{{{-1537, 8113, -1265},0, {-2342, 207},{0xA5, 0xB0, 0xDA, 0xFF}}},
	{{{-1537, 8559, -960},0, {-1342, 889},{0xB7, 0x49, 0x49, 0xFF}}},
	{{{-1537, 8559, -1265},0, {-1342, 207},{0xA5, 0x50, 0xDA, 0xFF}}},
	{{{-1537, 8113, -960},0, {-2342, 889},{0xB7, 0xB7, 0x49, 0xFF}}},
	{{{-1381, 8113, -960},0, {2278, 889},{0x49, 0xB7, 0x49, 0xFF}}},
	{{{-1381, 8559, -1420},0, {1278, -140},{0x29, 0x46, 0x9E, 0xFF}}},
	{{{-1381, 8559, -960},0, {1278, 889},{0x49, 0x49, 0x49, 0xFF}}},
	{{{-1381, 8113, -1420},0, {2278, -140},{0x29, 0xBA, 0x9E, 0xFF}}},
	{{{4818, 14763, -2809},0, {5560, -7348},{0xA6, 0xA6, 0x0, 0xFF}}},
	{{{8271, 14763, 3319},0, {-2174, 6378},{0x26, 0xDA, 0x8D, 0xFF}}},
	{{{4818, 14763, 3319},0, {5560, 6378},{0xDA, 0xDA, 0x8D, 0xFF}}},
	{{{8271, 14763, -3033},0, {-2174, -7848},{0x26, 0x8D, 0x26, 0xFF}}},
	{{{8271, 14763, -3033},0, {-2174, 344},{0x26, 0x8D, 0x26, 0xFF}}},
	{{{4818, 14763, -2809},0, {5560, 844},{0xA6, 0xA6, 0x0, 0xFF}}},
	{{{4818, 14763, -3151},0, {5560, 78},{0xAB, 0xA3, 0xEE, 0xFF}}},
	{{{8698, 14763, -3033},0, {-3130, 344},{0x49, 0xB7, 0x49, 0xFF}}},
	{{{8698, 14763, -3151},0, {-3130, 78},{0x55, 0xA3, 0xEE, 0xFF}}},
	{{{4818, 14988, -2809},0, {768, 2892},{0x8D, 0xDA, 0xDA, 0xFF}}},
	{{{4818, 15636, -3023},0, {2220, 2413},{0xA6, 0x41, 0xC2, 0xFF}}},
	{{{4818, 14988, -3703},0, {768, 891},{0xB9, 0xED, 0x98, 0xFF}}},
	{{{4818, 14988, -2809},0, {768, 2892},{0x8D, 0xDA, 0xDA, 0xFF}}},
	{{{4818, 14988, -3703},0, {768, 891},{0xB9, 0xED, 0x98, 0xFF}}},
	{{{4818, 14763, -3151},0, {264, 2126},{0xAB, 0xA3, 0xEE, 0xFF}}},
	{{{8271, 14763, 3319},0, {3768, 6378},{0x26, 0xDA, 0x8D, 0xFF}}},
	{{{8271, 16692, -2809},0, {-554, -7348},{0x49, 0x49, 0xB7, 0xFF}}},
	{{{8271, 16692, 3319},0, {-554, 6378},{0x26, 0x26, 0x8D, 0xFF}}},
	{{{8271, 15840, -2809},0, {1356, -7348},{0x67, 0x1D, 0xBB, 0xFF}}},
	{{{8271, 15627, -3033},0, {1832, -7848},{0x42, 0x61, 0xD0, 0xFF}}},
	{{{8271, 14763, -3033},0, {3768, -7848},{0x26, 0x8D, 0x26, 0xFF}}},
	{{{8698, 14763, -3033},0, {3768, 344},{0x49, 0xB7, 0x49, 0xFF}}},
	{{{8698, 15414, -3256},0, {2310, -157},{0x50, 0x27, 0xA5, 0xFF}}},
	{{{8698, 15627, -3033},0, {1832, 344},{0x46, 0x62, 0x2A, 0xFF}}},
	{{{8698, 14806, -3256},0, {3672, -157},{0x4C, 0xC7, 0xAC, 0xFF}}},
	{{{8698, 14763, -3151},0, {3768, 78},{0x55, 0xA3, 0xEE, 0xFF}}},
	{{{8698, 14763, -3033},0, {966, -759},{0x49, 0xB7, 0x49, 0xFF}}},
	{{{8271, 15627, -3033},0, {1922, 1176},{0x42, 0x61, 0xD0, 0xFF}}},
	{{{8271, 14763, -3033},0, {1922, -759},{0x26, 0x8D, 0x26, 0xFF}}},
	{{{8698, 15627, -3033},0, {966, 1176},{0x46, 0x62, 0x2A, 0xFF}}},
	{{{15625, 14589, -3033},0, {-6354, -1149},{0x49, 0xB7, 0x49, 0xFF}}},
	{{{8948, 14752, -3033},0, {8598, -784},{0xB4, 0x47, 0x4A, 0xFF}}},
	{{{8948, 14589, -3033},0, {8598, -1149},{0xB7, 0xB7, 0x49, 0xFF}}},
	{{{12287, 14974, -3033},0, {1122, -286},{0x0, 0x5C, 0x58, 0xFF}}},
	{{{8948, 14589, -4157},0, {-124, -128},{0xB3, 0xB6, 0xBC, 0xFF}}},
	{{{8948, 14752, -3033},0, {240, 2392},{0xB4, 0x47, 0x4A, 0xFF}}},
	{{{8948, 14752, -4157},0, {240, -128},{0xB1, 0x48, 0xBB, 0xFF}}},
	{{{8948, 14589, -3033},0, {-124, 2392},{0xB7, 0xB7, 0x49, 0xFF}}},
	{{{15625, 14752, -4157},0, {4018, -128},{0x4F, 0x48, 0xBB, 0xFF}}},
	{{{12287, 14974, -3033},0, {-3474, 2392},{0x0, 0x5C, 0x58, 0xFF}}},
	{{{15625, 14752, -3033},0, {4018, 2392},{0x4C, 0x47, 0x4A, 0xFF}}},
	{{{12287, 14974, -4157},0, {-3474, -128},{0x0, 0x7C, 0xE4, 0xFF}}},
	{{{8948, 14589, -4157},0, {8598, -128},{0xB3, 0xB6, 0xBC, 0xFF}}},
	{{{15625, 14589, -3033},0, {-6354, 2392},{0x49, 0xB7, 0x49, 0xFF}}},
	{{{8948, 14589, -3033},0, {8598, 2392},{0xB7, 0xB7, 0x49, 0xFF}}},
	{{{15625, 14589, -4157},0, {-6354, -128},{0x4D, 0xB6, 0xBC, 0xFF}}},
	{{{12287, 14974, -4157},0, {5078, -128},{0x0, 0x7C, 0xE4, 0xFF}}},
	{{{8948, 14752, -3033},0, {-2416, 2392},{0xB4, 0x47, 0x4A, 0xFF}}},
	{{{12287, 14974, -3033},0, {5078, 2392},{0x0, 0x5C, 0x58, 0xFF}}},
	{{{8948, 14752, -4157},0, {-2416, -128},{0xB1, 0x48, 0xBB, 0xFF}}},
	{{{8948, 15625, -4157},0, {6872, -128},{0xB1, 0xB8, 0xBB, 0xFF}}},
	{{{12287, 15403, -3033},0, {-622, 2392},{0x0, 0xA4, 0x58, 0xFF}}},
	{{{8948, 15625, -3033},0, {6872, 2392},{0xB4, 0xB9, 0x4A, 0xFF}}},
	{{{12287, 15403, -4157},0, {-622, -128},{0x0, 0x84, 0xE5, 0xFF}}},
	{{{12287, 15403, -4157},0, {7082, -128},{0x0, 0x84, 0xE5, 0xFF}}},
	{{{15625, 15625, -3033},0, {-410, 2392},{0x4C, 0xB9, 0x4A, 0xFF}}},
	{{{12287, 15403, -3033},0, {7082, 2392},{0x0, 0xA4, 0x58, 0xFF}}},
	{{{15625, 15625, -4157},0, {-410, -128},{0x4F, 0xB8, 0xBB, 0xFF}}},
	{{{8948, 15625, -4157},0, {-1900, -128},{0xB1, 0xB8, 0xBB, 0xFF}}},
	{{{8948, 15788, -3033},0, {-1536, 2392},{0xB7, 0x49, 0x49, 0xFF}}},
	{{{8948, 15788, -4157},0, {-1536, -128},{0xB3, 0x4A, 0xBC, 0xFF}}},
	{{{8948, 15625, -3033},0, {-1900, 2392},{0xB4, 0xB9, 0x4A, 0xFF}}},
	{{{15176, 14917, -3223},0, {2842, -83},{0xB7, 0xB7, 0xB7, 0xFF}}},
	{{{15625, 14917, -3033},0, {1838, 344},{0x49, 0xB7, 0x49, 0xFF}}},
	{{{15176, 14917, -3033},0, {2842, 344},{0xB7, 0xB7, 0x49, 0xFF}}},
	{{{15625, 14917, -3223},0, {1838, -83},{0x49, 0xB7, 0xB7, 0xFF}}},
	{{{15176, 14917, -3223},0, {610, -83},{0xB7, 0xB7, 0xB7, 0xFF}}},
	{{{15176, 15460, -3033},0, {1826, 344},{0xB7, 0x49, 0x49, 0xFF}}},
	{{{15176, 15460, -3223},0, {1826, -83},{0xB7, 0x49, 0xB7, 0xFF}}},
	{{{15176, 14917, -3033},0, {610, 344},{0xB7, 0xB7, 0x49, 0xFF}}},
	{{{15625, 15460, -3223},0, {2194, -83},{0x49, 0x49, 0xB7, 0xFF}}},
	{{{15176, 15460, -3033},0, {1190, 344},{0xB7, 0x49, 0x49, 0xFF}}},
	{{{15625, 15460, -3033},0, {2194, 344},{0x49, 0x49, 0x49, 0xFF}}},
	{{{15176, 15460, -3223},0, {1190, -83},{0xB7, 0x49, 0xB7, 0xFF}}},
	{{{15625, 14917, -3033},0, {1838, -414},{0x49, 0xB7, 0x49, 0xFF}}},
	{{{15176, 15460, -3033},0, {2842, 802},{0xB7, 0x49, 0x49, 0xFF}}},
	{{{15176, 14917, -3033},0, {2842, -414},{0xB7, 0xB7, 0x49, 0xFF}}},
	{{{15625, 15460, -3033},0, {1838, 802},{0x49, 0x49, 0x49, 0xFF}}},
	{{{15625, 14917, -3033},0, {3422, 344},{0x49, 0xB7, 0x49, 0xFF}}},
	{{{15625, 15460, -3223},0, {2206, -83},{0x49, 0x49, 0xB7, 0xFF}}},
	{{{15625, 15460, -3033},0, {2206, 344},{0x49, 0x49, 0x49, 0xFF}}},
	{{{15625, 14917, -3223},0, {3422, -83},{0x49, 0xB7, 0xB7, 0xFF}}},
	{{{15625, 14589, -3033},0, {4156, 2392},{0x49, 0xB7, 0x49, 0xFF}}},
	{{{15625, 14752, -4157},0, {3792, -128},{0x4F, 0x48, 0xBB, 0xFF}}},
	{{{15625, 14752, -3033},0, {3792, 2392},{0x4C, 0x47, 0x4A, 0xFF}}},
	{{{15625, 14589, -4157},0, {4156, -128},{0x4D, 0xB6, 0xBC, 0xFF}}},
	{{{15625, 15788, -4157},0, {6290, -128},{0x4D, 0x4A, 0xBC, 0xFF}}},
	{{{8948, 15788, -3033},0, {-8662, 2392},{0xB7, 0x49, 0x49, 0xFF}}},
	{{{15625, 15788, -3033},0, {6290, 2392},{0x49, 0x49, 0x49, 0xFF}}},
	{{{8948, 15788, -4157},0, {-8662, -128},{0xB3, 0x4A, 0xBC, 0xFF}}},
	{{{15625, 15625, -3033},0, {1836, 2392},{0x4C, 0xB9, 0x4A, 0xFF}}},
	{{{15625, 15788, -4157},0, {1472, -128},{0x4D, 0x4A, 0xBC, 0xFF}}},
	{{{15625, 15788, -3033},0, {1472, 2392},{0x49, 0x49, 0x49, 0xFF}}},
	{{{15625, 15625, -4157},0, {1836, -128},{0x4F, 0xB8, 0xBB, 0xFF}}},
	{{{20130, -2377, -13961},0, {4034, -1604},{0x1A, 0xDA, 0x8A, 0xFF}}},
	{{{20816, -2377, -11781},0, {2498, 3277},{0x51, 0xB7, 0x41, 0xFF}}},
	{{{20366, -2377, -11734},0, {3506, 3384},{0x32, 0xD9, 0x6E, 0xFF}}},
	{{{20581, -2377, -14008},0, {3026, -1711},{0x41, 0xB7, 0xAF, 0xFF}}},
	{{{20181, -3110, -11990},0, {1194, 1573},{0xA6, 0xA6, 0x9, 0xFF}}},
	{{{20210, -2377, -11717},0, {2836, 2187},{0xE6, 0xDA, 0x76, 0xFF}}},
	{{{20181, -2377, -11990},0, {2836, 1573},{0x8A, 0xDA, 0xE6, 0xFF}}},
	{{{20210, -3110, -11717},0, {1194, 2187},{0xBF, 0xB7, 0x51, 0xFF}}},
	{{{4818, 14763, -2809},0, {264, -7348},{0xA6, 0xA6, 0x0, 0xFF}}},
	{{{4818, 14988, 3319},0, {768, 6378},{0xB7, 0xB7, 0xB7, 0xFF}}},
	{{{4818, 14988, -2809},0, {768, -7348},{0x8D, 0xDA, 0xDA, 0xFF}}},
	{{{4818, 14763, 3319},0, {264, 6378},{0xDA, 0xDA, 0x8D, 0xFF}}},
	{{{-1895, 8559, -656},0, {1278, 1571},{0x49, 0xB7, 0x49, 0xFF}}},
	{{{-1895, 9005, -960},0, {280, 889},{0x5B, 0x50, 0xDA, 0xFF}}},
	{{{-1895, 9005, -656},0, {280, 1571},{0x49, 0x49, 0x49, 0xFF}}},
	{{{-1895, 8559, -960},0, {1278, 889},{0x5B, 0xB0, 0xDA, 0xFF}}},
	{{{-1895, 9005, -960},0, {3916, 889},{0x5B, 0x50, 0xDA, 0xFF}}},
	{{{-2052, 9005, -656},0, {3566, 1571},{0xB7, 0x49, 0x49, 0xFF}}},
	{{{-1895, 9005, -656},0, {3916, 1571},{0x49, 0x49, 0x49, 0xFF}}},
	{{{-2052, 9005, -1115},0, {3566, 542},{0xD7, 0x46, 0x9E, 0xFF}}},
	{{{-2052, 8559, -960},0, {466, 889},{0x0, 0x81, 0x0, 0xFF}}},
	{{{-1895, 8559, -656},0, {116, 1571},{0x49, 0xB7, 0x49, 0xFF}}},
	{{{-2052, 8559, -656},0, {466, 1571},{0xB7, 0xB7, 0x49, 0xFF}}},
	{{{-1895, 8559, -960},0, {116, 889},{0x5B, 0xB0, 0xDA, 0xFF}}},
	{{{-2052, 8559, -1115},0, {466, 542},{0xD7, 0xBA, 0x9E, 0xFF}}},
	{{{-2052, 8559, -1115},0, {-1342, 542},{0xD7, 0xBA, 0x9E, 0xFF}}},
	{{{-2052, 9005, -656},0, {-344, 1571},{0xB7, 0x49, 0x49, 0xFF}}},
	{{{-2052, 9005, -1115},0, {-344, 542},{0xD7, 0x46, 0x9E, 0xFF}}},
	{{{-2052, 9005, -656},0, {-344, 1571},{0xB7, 0x49, 0x49, 0xFF}}},
	{{{-2052, 8559, -1115},0, {-1342, 542},{0xD7, 0xBA, 0x9E, 0xFF}}},
	{{{-2052, 8559, -656},0, {-1342, 1571},{0xB7, 0xB7, 0x49, 0xFF}}},
	{{{-2052, 8559, -960},0, {-1342, 889},{0x0, 0x81, 0x0, 0xFF}}},
	{{{-1739, 9451, -325},0, {-234, 264},{0x0, 0x81, 0x0, 0xFF}}},
	{{{-1582, 9451, -47},0, {-584, 886},{0x49, 0xB7, 0x49, 0xFF}}},
	{{{-1739, 9451, -47},0, {-234, 886},{0xB7, 0xB7, 0x49, 0xFF}}},
	{{{-1582, 9451, -352},0, {-584, 205},{0x5B, 0xB0, 0xDA, 0xFF}}},
	{{{-1739, 9451, -352},0, {-234, 205},{0x0, 0x81, 0x0, 0xFF}}},
	{{{-1739, 9451, -506},0, {-234, -142},{0xD7, 0xBA, 0x9E, 0xFF}}},
	{{{-1739, 9451, -506},0, {654, -142},{0xD7, 0xBA, 0x9E, 0xFF}}},
	{{{-1739, 9896, -47},0, {1654, 886},{0xB7, 0x49, 0x49, 0xFF}}},
	{{{-1739, 9896, -506},0, {1654, -142},{0xD7, 0x46, 0x9E, 0xFF}}},
	{{{-1739, 9451, -47},0, {654, 886},{0xB7, 0xB7, 0x49, 0xFF}}},
	{{{-1739, 9451, -352},0, {654, 205},{0x0, 0x81, 0x0, 0xFF}}},
	{{{-1739, 9451, -325},0, {654, 264},{0x0, 0x81, 0x0, 0xFF}}},
	{{{4189, 14988, -2809},0, {-3328, -1204},{0xB7, 0xB7, 0xB7, 0xFF}}},
	{{{4189, 16692, -1093},0, {490, 2639},{0xDA, 0x73, 0xDA, 0xFF}}},
	{{{4189, 16692, -2809},0, {490, -1204},{0xB7, 0x49, 0xB7, 0xFF}}},
	{{{4189, 14988, -1093},0, {-3328, 2639},{0xDA, 0x8D, 0xDA, 0xFF}}},
	{{{-5436, 21334, -4254},0, {-1336, -6489},{0xA9, 0x55, 0xDA, 0xFF}}},
	{{{-5912, 21090, 3319},0, {-2536, 10474},{0xD7, 0x50, 0xA6, 0xFF}}},
	{{{-5436, 21334, 3319},0, {-1336, 10474},{0xD7, 0x50, 0xA6, 0xFF}}},
	{{{-5912, 21090, -4254},0, {-2536, -6489},{0xEE, 0x78, 0xDA, 0xFF}}},
	{{{-3193, 13700, -4974},0, {-5168, -1093},{0x49, 0xB7, 0x49, 0xFF}}},
	{{{-8118, 15496, -4974},0, {5862, 2932},{0x8D, 0xDA, 0x26, 0xFF}}},
	{{{-8118, 13700, -4974},0, {5862, -1093},{0xB7, 0xB7, 0x49, 0xFF}}},
	{{{-6564, 15496, -4974},0, {2382, 2932},{0x13, 0xB0, 0x61, 0xFF}}},
	{{{-5948, 15812, -4974},0, {5098, 1591},{0x29, 0xB0, 0x5A, 0xFF}}},
	{{{-3193, 13700, -4974},0, {-1072, -3141},{0x49, 0xB7, 0x49, 0xFF}}},
	{{{-5544, 16020, -4974},0, {4194, 2056},{0x29, 0xB0, 0x5A, 0xFF}}},
	{{{-5430, 16078, -4974},0, {3938, 2187},{0x16, 0xA3, 0x54, 0xFF}}},
	{{{-5430, 16078, -4974},0, {3938, 2187},{0x16, 0xA3, 0x54, 0xFF}}},
	{{{-3193, 13700, -4974},0, {-1072, -3141},{0x49, 0xB7, 0x49, 0xFF}}},
	{{{-3193, 16078, -4974},0, {-1072, 2187},{0x73, 0xDA, 0x26, 0xFF}}},
	{{{-3761, 16692, 3319},0, {7638, 2282},{0x49, 0x49, 0xB7, 0xFF}}},
	{{{-3761, 21396, 616},0, {-2898, -3771},{0x26, 0x73, 0x26, 0xFF}}},
	{{{-3761, 21396, 3319},0, {-2898, 2282},{0x26, 0x26, 0x8D, 0xFF}}},
	{{{-3761, 16692, 616},0, {7638, -3771},{0x49, 0x49, 0x49, 0xFF}}},
	{{{-8118, 15496, -4974},0, {1766, -6052},{0x8D, 0xDA, 0x26, 0xFF}}},
	{{{-6564, 15496, 616},0, {-1714, 6469},{0xEB, 0x8D, 0xCD, 0xFF}}},
	{{{-8118, 15496, 616},0, {1766, 6469},{0x0, 0x7F, 0x0, 0xFF}}},
	{{{-6564, 15496, -4974},0, {-1714, -6052},{0x13, 0xB0, 0x61, 0xFF}}},
	{{{-5544, 16020, -1179},0, {2826, -1648},{0x1C, 0x89, 0xDE, 0xFF}}},
	{{{-5430, 16078, 616},0, {2538, 2373},{0x16, 0xA3, 0xAC, 0xFF}}},
	{{{-5544, 16020, 616},0, {2826, 2373},{0x29, 0xB0, 0xA6, 0xFF}}},
	{{{-5948, 15812, -1179},0, {3844, -1648},{0x50, 0xA3, 0xDE, 0xFF}}},
	{{{-5948, 15812, 616},0, {3844, 2373},{0x29, 0xB0, 0xA6, 0xFF}}},
	{{{-5430, 16078, -4974},0, {2538, -1956},{0x16, 0xA3, 0x54, 0xFF}}},
	{{{-5544, 16020, -2945},0, {2826, 2588},{0x12, 0x88, 0x26, 0xFF}}},
	{{{-5544, 16020, -4974},0, {2826, -1956},{0x29, 0xB0, 0x5A, 0xFF}}},
	{{{-5948, 15812, -4974},0, {3844, -1956},{0x29, 0xB0, 0x5A, 0xFF}}},
	{{{-5948, 15812, -2945},0, {3844, 2588},{0x57, 0xAB, 0x26, 0xFF}}},
	{{{-3193, 16692, 616},0, {-1072, -4630},{0x5A, 0x0, 0x5A, 0xFF}}},
	{{{-3761, 21396, 616},0, {200, 5905},{0x26, 0x73, 0x26, 0xFF}}},
	{{{-3761, 16692, 616},0, {200, -4630},{0x49, 0x49, 0x49, 0xFF}}},
	{{{-3193, 21396, 616},0, {-1072, 5905},{0x49, 0x49, 0x49, 0xFF}}},
	{{{-8036, 20884, 1008},0, {1582, -846},{0x49, 0xB7, 0x49, 0xFF}}},
	{{{-6668, 20884, 2177},0, {-1482, 1771},{0xB7, 0xB7, 0xB7, 0xFF}}},
	{{{-8036, 20884, 2177},0, {1582, 1771},{0x49, 0xB7, 0xB7, 0xFF}}},
	{{{-6668, 20884, 1008},0, {-1482, -846},{0xB7, 0xB7, 0x49, 0xFF}}},
	{{{-6450, 22510, 304},0, {1906, -2424},{0x49, 0x49, 0xB7, 0xFF}}},
	{{{-8118, 22510, 3319},0, {-1830, 4330},{0xDA, 0x26, 0x8D, 0xFF}}},
	{{{-6450, 22510, 3319},0, {1906, 4330},{0x26, 0x26, 0x8D, 0xFF}}},
	{{{-8118, 22510, 3319},0, {-1830, 4330},{0xDA, 0x26, 0x8D, 0xFF}}},
	{{{-6450, 22510, 304},0, {1906, -2424},{0x49, 0x49, 0xB7, 0xFF}}},
	{{{-8118, 22510, 304},0, {-1830, -2424},{0xB7, 0x49, 0xB7, 0xFF}}},
	{{{-6450, 20814, 3319},0, {2502, 4330},{0x37, 0x5A, 0xB9, 0xFF}}},
	{{{-6450, 22510, 304},0, {-1296, -2424},{0x49, 0x49, 0xB7, 0xFF}}},
	{{{-6450, 22510, 3319},0, {-1296, 4330},{0x26, 0x26, 0x8D, 0xFF}}},
	{{{-6450, 20814, 304},0, {2502, -2424},{0x3, 0x78, 0xD5, 0xFF}}},
	{{{-7306, 20209, 2177},0, {-52, -277},{0x5A, 0x0, 0xA6, 0xFF}}},
	{{{-6668, 20209, 2953},0, {-1482, 1462},{0xB7, 0xB7, 0xB7, 0xFF}}},
	{{{-7306, 20209, 2953},0, {-52, 1462},{0x49, 0xB7, 0xB7, 0xFF}}},
	{{{-6668, 20209, 2177},0, {-1482, -277},{0x8D, 0xDA, 0xDA, 0xFF}}},
	{{{-7383, 15496, 2139},0, {-6284, -362},{0xA3, 0xAC, 0xEC, 0xFF}}},
	{{{-7383, 20209, 2177},0, {4270, -277},{0xA6, 0x0, 0xA6, 0xFF}}},
	{{{-7383, 20209, 2139},0, {4270, -362},{0xA3, 0x54, 0xEC, 0xFF}}},
	{{{-7383, 20209, 2953},0, {4270, 1462},{0xB7, 0xB7, 0xB7, 0xFF}}},
	{{{-7383, 19031, 2953},0, {1632, 1462},{0xA6, 0x0, 0xA6, 0xFF}}},
	{{{-7383, 19031, 2953},0, {5728, 1462},{0xA6, 0x0, 0xA6, 0xFF}}},
	{{{-7383, 15496, 2139},0, {-2188, -362},{0xA3, 0xAC, 0xEC, 0xFF}}},
	{{{-7383, 17853, 2953},0, {3088, 1462},{0xA6, 0x0, 0xA6, 0xFF}}},
	{{{-7383, 16675, 2953},0, {450, 1462},{0xA6, 0x0, 0xA6, 0xFF}}},
	{{{-7383, 15496, 2953},0, {-2188, 1462},{0xB7, 0xB7, 0x49, 0xFF}}},
	{{{-7306, 19031, 2953},0, {2400, 1462},{0x5A, 0x0, 0xA6, 0xFF}}},
	{{{-7306, 20209, 2177},0, {-238, -277},{0x5A, 0x0, 0xA6, 0xFF}}},
	{{{-7306, 20209, 2953},0, {-238, 1462},{0x49, 0xB7, 0xB7, 0xFF}}},
	{{{-7306, 20209, 2139},0, {-238, -362},{0x5D, 0x54, 0xEC, 0xFF}}},
	{{{-7306, 20209, 2139},0, {-4334, -362},{0x5D, 0x54, 0xEC, 0xFF}}},
	{{{-7306, 19031, 2953},0, {-1696, 1462},{0x5A, 0x0, 0xA6, 0xFF}}},
	{{{-7306, 15496, 2139},0, {6220, -362},{0x5D, 0xAC, 0xEC, 0xFF}}},
	{{{-7306, 17853, 2953},0, {944, 1462},{0x5A, 0x0, 0xA6, 0xFF}}},
	{{{-7306, 16675, 2953},0, {3582, 1462},{0x5A, 0x0, 0xA6, 0xFF}}},
	{{{-7306, 20209, 2139},0, {4084, -362},{0x5D, 0x54, 0xEC, 0xFF}}},
	{{{-7383, 20209, 2177},0, {3912, -277},{0xA6, 0x0, 0xA6, 0xFF}}},
	{{{-7306, 20209, 2177},0, {4084, -277},{0x5A, 0x0, 0xA6, 0xFF}}},
	{{{-7383, 20209, 2139},0, {3912, -362},{0xA3, 0x54, 0xEC, 0xFF}}},
	{{{-7345, 20209, 2056},0, {3998, -547},{0x0, 0x46, 0x96, 0xFF}}},
	{{{-7383, 15496, 2139},0, {120, -362},{0xA3, 0xAC, 0xEC, 0xFF}}},
	{{{-7306, 15496, 2953},0, {-52, 1462},{0x26, 0xDA, 0x8D, 0xFF}}},
	{{{-7383, 15496, 2953},0, {120, 1462},{0xB7, 0xB7, 0x49, 0xFF}}},
	{{{-7306, 15496, 2139},0, {-52, -362},{0x5D, 0xAC, 0xEC, 0xFF}}},
	{{{-7345, 15496, 2056},0, {34, -547},{0x0, 0xBA, 0x96, 0xFF}}},
	{{{-7710, 20209, 2177},0, {852, -277},{0x59, 0xEC, 0xA7, 0xFF}}},
	{{{-7383, 20209, 2953},0, {120, 1462},{0xB7, 0xB7, 0xB7, 0xFF}}},
	{{{-8036, 20209, 2953},0, {1582, 1462},{0x58, 0xB9, 0xC6, 0xFF}}},
	{{{-7383, 20209, 2177},0, {120, -277},{0xA6, 0x0, 0xA6, 0xFF}}},
	{{{-8036, 16675, 1008},0, {1582, -574},{0x5D, 0xFB, 0x56, 0xFF}}},
	{{{-6668, 15496, 1008},0, {-1482, -3212},{0xDB, 0x8A, 0x1F, 0xFF}}},
	{{{-8036, 17853, 1008},0, {1582, 2065},{0x5D, 0x5, 0x56, 0xFF}}},
	{{{-8036, 19031, 1008},0, {1582, 4704},{0x5F, 0xF8, 0x54, 0xFF}}},
	{{{-8036, 19031, 1008},0, {1582, 2656},{0x5F, 0xF8, 0x54, 0xFF}}},
	{{{-6668, 15496, 1008},0, {-1482, -5260},{0xDB, 0x8A, 0x1F, 0xFF}}},
	{{{-8036, 20209, 1008},0, {1582, 5294},{0x5F, 0x8, 0x54, 0xFF}}},
	{{{-8036, 20884, 1008},0, {1582, 6805},{0x49, 0xB7, 0x49, 0xFF}}},
	{{{-6668, 20884, 1008},0, {-1482, 6805},{0xB7, 0xB7, 0x49, 0xFF}}},
	{{{-6668, 16675, 1008},0, {-1482, -2622},{0x8, 0x44, 0x95, 0xFF}}},
	{{{-6668, 16675, 1008},0, {450, -2894},{0x8, 0x44, 0x95, 0xFF}}},
	{{{-6668, 17853, 2953},0, {3088, 1462},{0xB7, 0xB7, 0xB7, 0xFF}}},
	{{{-6668, 17853, 1008},0, {3088, -2894},{0x81, 0xFD, 0xFB, 0xFF}}},
	{{{-6668, 16675, 2953},0, {450, 1462},{0xB7, 0x49, 0xB7, 0xFF}}},
	{{{-8036, 17853, 2953},0, {5040, 1462},{0x49, 0x49, 0xB7, 0xFF}}},
	{{{-8036, 19031, 1008},0, {2400, -2894},{0x5F, 0xF8, 0x54, 0xFF}}},
	{{{-8036, 19031, 2953},0, {2400, 1462},{0x61, 0xF4, 0xAF, 0xFF}}},
	{{{-8036, 17853, 1008},0, {5040, -2894},{0x5D, 0x5, 0x56, 0xFF}}},
	{{{-6668, 19031, 1008},0, {-2464, -846},{0x8, 0x44, 0x95, 0xFF}}},
	{{{-6668, 20884, 2177},0, {1686, 1771},{0xB7, 0xB7, 0xB7, 0xFF}}},
	{{{-6668, 20884, 1008},0, {1686, -846},{0xB7, 0xB7, 0x49, 0xFF}}},
	{{{-6668, 20209, 2177},0, {174, 1771},{0x8D, 0xDA, 0xDA, 0xFF}}},
	{{{-6668, 20209, 2177},0, {174, -277},{0x8D, 0xDA, 0xDA, 0xFF}}},
	{{{-6668, 19031, 1008},0, {-2464, -2894},{0x8, 0x44, 0x95, 0xFF}}},
	{{{-6668, 20209, 2953},0, {174, 1462},{0xB7, 0xB7, 0xB7, 0xFF}}},
	{{{-6668, 19031, 2953},0, {-2464, 1462},{0xB7, 0x49, 0xB7, 0xFF}}},
	{{{-8036, 15496, 2953},0, {2124, 1462},{0x26, 0x8D, 0xDA, 0xFF}}},
	{{{-8036, 16675, 1008},0, {-514, -2894},{0x5D, 0xFB, 0x56, 0xFF}}},
	{{{-8036, 16675, 2953},0, {-514, 1462},{0x49, 0xB7, 0xB7, 0xFF}}},
	{{{-8036, 15496, 1008},0, {2124, -2894},{0x26, 0x8D, 0x26, 0xFF}}},
	{{{-8118, 15496, 3319},0, {1766, 234},{0xDA, 0xDA, 0x8D, 0xFF}}},
	{{{-8036, 15496, 2953},0, {1582, -586},{0x26, 0x8D, 0xDA, 0xFF}}},
	{{{-6564, 15496, 3319},0, {-1714, 234},{0xB7, 0xB7, 0xB7, 0xFF}}},
	{{{-6987, 15496, 2953},0, {-766, -586},{0xDA, 0x8F, 0xD3, 0xFF}}},
	{{{-7383, 15496, 2953},0, {120, -586},{0xB7, 0xB7, 0x49, 0xFF}}},
	{{{-7306, 15496, 2953},0, {-52, -586},{0x26, 0xDA, 0x8D, 0xFF}}},
	{{{-8036, 15496, 1008},0, {1582, 1202},{0x26, 0x8D, 0x26, 0xFF}}},
	{{{-8118, 15496, 616},0, {1766, 325},{0x0, 0x7F, 0x0, 0xFF}}},
	{{{-6668, 15496, 1008},0, {-1482, 1202},{0xDB, 0x8A, 0x1F, 0xFF}}},
	{{{-6564, 15496, 616},0, {-1714, 325},{0xEB, 0x8D, 0xCD, 0xFF}}},
	{{{-8036, 20209, 2177},0, {3858, 1771},{0x49, 0x49, 0xB7, 0xFF}}},
	{{{-8036, 20884, 1008},0, {2346, -846},{0x49, 0xB7, 0x49, 0xFF}}},
	{{{-8036, 20884, 2177},0, {2346, 1771},{0x49, 0xB7, 0xB7, 0xFF}}},
	{{{-8036, 20209, 1008},0, {3858, -846},{0x5F, 0x8, 0x54, 0xFF}}},
	{{{-16079, -8538, 3319},0, {14994, 2282},{0x26, 0xDA, 0x8D, 0xFF}}},
	{{{-16079, 5911, 1408},0, {-17368, -1999},{0x5A, 0x0, 0x5A, 0xFF}}},
	{{{-16079, 5911, 3319},0, {-17368, 2282},{0x5A, 0x0, 0xA6, 0xFF}}},
	{{{-16079, -8538, 1408},0, {14994, -1999},{0x49, 0xB7, 0xB7, 0xFF}}},
	{{{-17517, -8538, 1408},0, {2336, -1999},{0xB7, 0xB7, 0xB7, 0xFF}}},
	{{{-16079, -8538, 3319},0, {-884, 2282},{0x26, 0xDA, 0x8D, 0xFF}}},
	{{{-17517, -8538, 3319},0, {2336, 2282},{0xDA, 0xDA, 0x8D, 0xFF}}},
	{{{-16079, -8538, 1408},0, {-884, -1999},{0x49, 0xB7, 0xB7, 0xFF}}},
	{{{-17517, 12383, 3319},0, {7224, 2282},{0xA6, 0x0, 0xA6, 0xFF}}},
	{{{-17517, 5911, 1408},0, {-7272, -1999},{0xA6, 0x0, 0xA6, 0xFF}}},
	{{{-17517, 10905, 3319},0, {3912, 2282},{0xA6, 0x0, 0xA6, 0xFF}}},
	{{{-17517, 5911, 3319},0, {-7272, 2282},{0x81, 0x0, 0x0, 0xFF}}},
	{{{-16079, 22510, 1408},0, {4916, -1999},{0x49, 0x49, 0xB7, 0xFF}}},
	{{{-17517, 22510, 3319},0, {1696, 2282},{0xDA, 0x26, 0x8D, 0xFF}}},
	{{{-16079, 22510, 3319},0, {4916, 2282},{0x26, 0x26, 0x8D, 0xFF}}},
	{{{-17517, 22510, 1408},0, {1696, -1999},{0xB7, 0x49, 0xB7, 0xFF}}},
	{{{-16675, -9888, 3319},0, {1634, 2282},{0x26, 0xDA, 0x8D, 0xFF}}},
	{{{-16675, -9610, 1408},0, {1012, -1999},{0x49, 0x49, 0xB7, 0xFF}}},
	{{{-16675, -9610, 3319},0, {1012, 2282},{0x26, 0x26, 0x8D, 0xFF}}},
	{{{-16675, -9888, 1408},0, {1634, -1999},{0x49, 0xB7, 0xB7, 0xFF}}},
	{{{-16920, -9888, 1408},0, {1000, -1999},{0xB7, 0xB7, 0xB7, 0xFF}}},
	{{{-16675, -9888, 3319},0, {452, 2282},{0x26, 0xDA, 0x8D, 0xFF}}},
	{{{-16920, -9888, 3319},0, {1000, 2282},{0x49, 0xB7, 0xB7, 0xFF}}},
	{{{-16675, -9888, 1408},0, {452, -1999},{0x49, 0xB7, 0xB7, 0xFF}}},
	{{{-16920, -9888, 1408},0, {2398, -1999},{0xB7, 0xB7, 0xB7, 0xFF}}},
	{{{-16920, -9610, 3319},0, {3020, 2282},{0xDA, 0x26, 0x8D, 0xFF}}},
	{{{-16920, -9610, 1408},0, {3020, -1999},{0xB7, 0x49, 0xB7, 0xFF}}},
	{{{-16920, -9888, 3319},0, {2398, 2282},{0x49, 0xB7, 0xB7, 0xFF}}},
	{{{-16675, -9610, 1408},0, {3580, -1999},{0x49, 0x49, 0xB7, 0xFF}}},
	{{{-16920, -9610, 3319},0, {3032, 2282},{0xDA, 0x26, 0x8D, 0xFF}}},
	{{{-16675, -9610, 3319},0, {3580, 2282},{0x26, 0x26, 0x8D, 0xFF}}},
	{{{-16920, -9610, 1408},0, {3032, -1999},{0xB7, 0x49, 0xB7, 0xFF}}},
	{{{-16675, -12508, 3319},0, {-690, 2282},{0x26, 0xDA, 0x8D, 0xFF}}},
	{{{-16675, -12230, 882},0, {-1312, -3178},{0x49, 0x49, 0xB7, 0xFF}}},
	{{{-16675, -12230, 3319},0, {-1312, 2282},{0x26, 0x26, 0x8D, 0xFF}}},
	{{{-16675, -12508, 882},0, {-690, -3178},{0x49, 0xB7, 0xB7, 0xFF}}},
	{{{-16920, -12508, 882},0, {1000, -3178},{0xB7, 0xB7, 0xB7, 0xFF}}},
	{{{-16675, -12508, 3319},0, {452, 2282},{0x26, 0xDA, 0x8D, 0xFF}}},
	{{{-16920, -12508, 3319},0, {1000, 2282},{0xDA, 0xDA, 0x8D, 0xFF}}},
	{{{-16675, -12508, 882},0, {452, -3178},{0x49, 0xB7, 0xB7, 0xFF}}},
	{{{-16920, -12369, 882},0, {938, -3178},{0xA6, 0x0, 0xA6, 0xFF}}},
	{{{-16920, -12230, 3319},0, {1248, 2282},{0xB7, 0x49, 0x49, 0xFF}}},
	{{{-16920, -12230, 882},0, {1248, -3178},{0xB7, 0x49, 0xB7, 0xFF}}},
	{{{-16920, -12508, 3319},0, {626, 2282},{0xDA, 0xDA, 0x8D, 0xFF}}},
	{{{-16920, -12508, 882},0, {626, -3178},{0xB7, 0xB7, 0xB7, 0xFF}}},
	{{{-16675, -12230, 882},0, {3580, -3178},{0x49, 0x49, 0xB7, 0xFF}}},
	{{{-16920, -12230, 3319},0, {3032, 2282},{0xB7, 0x49, 0x49, 0xFF}}},
	{{{-16675, -12230, 3319},0, {3580, 2282},{0x26, 0x26, 0x8D, 0xFF}}},
	{{{-16920, -12230, 3319},0, {3032, 2282},{0xB7, 0x49, 0x49, 0xFF}}},
	{{{-16675, -12230, 882},0, {3580, -3178},{0x49, 0x49, 0xB7, 0xFF}}},
	{{{-16920, -12230, 882},0, {3032, -3178},{0xB7, 0x49, 0xB7, 0xFF}}},
	{{{-16675, -13956, -2944},0, {3580, -1505},{0x49, 0x49, 0xB7, 0xFF}}},
	{{{-16920, -13956, 204},0, {3032, 5546},{0xB7, 0x49, 0x49, 0xFF}}},
	{{{-16675, -13956, 204},0, {3580, 5546},{0x49, 0x49, 0x49, 0xFF}}},
	{{{-16920, -13956, -2944},0, {3032, -1505},{0xB7, 0x49, 0xB7, 0xFF}}},
	{{{-16920, -14098, -2761},0, {1160, 952},{0x8D, 0xDA, 0x26, 0xFF}}},
	{{{-16920, -13956, -2944},0, {1478, 543},{0xB7, 0x49, 0xB7, 0xFF}}},
	{{{-16920, -14459, -2944},0, {352, 543},{0xDA, 0x26, 0x8D, 0xFF}}},
	{{{-16920, -14459, -2761},0, {352, 952},{0xDA, 0x26, 0x73, 0xFF}}},
	{{{-16675, -14098, 204},0, {452, 135},{0x49, 0xB7, 0x49, 0xFF}}},
	{{{-16920, -13956, 204},0, {1000, 454},{0xB7, 0x49, 0x49, 0xFF}}},
	{{{-16920, -14098, 204},0, {1000, 135},{0xB7, 0xB7, 0x49, 0xFF}}},
	{{{-16675, -13956, 204},0, {452, 454},{0x49, 0x49, 0x49, 0xFF}}},
	{{{-16675, -13422, -169},0, {1358, 4710},{0x49, 0xB7, 0x49, 0xFF}}},
	{{{-16675, -13280, -3853},0, {1038, -3542},{0x49, 0x49, 0xB7, 0xFF}}},
	{{{-16675, -13280, -169},0, {1038, 4710},{0x49, 0x49, 0x49, 0xFF}}},
	{{{-16675, -13422, -3853},0, {1358, -3542},{0x49, 0xB7, 0xB7, 0xFF}}},
	{{{-16920, -13422, -3853},0, {2674, -3542},{0xB7, 0xB7, 0xB7, 0xFF}}},
	{{{-16920, -13280, -169},0, {2994, 4710},{0xB7, 0x49, 0x49, 0xFF}}},
	{{{-16920, -13280, -3853},0, {2994, -3542},{0xB7, 0x49, 0xB7, 0xFF}}},
	{{{-16920, -13422, -169},0, {2674, 4710},{0xB7, 0xB7, 0x49, 0xFF}}},
	{{{-16675, -13280, -3853},0, {3580, -3542},{0x49, 0x49, 0xB7, 0xFF}}},
	{{{-16920, -13280, -169},0, {3032, 4710},{0xB7, 0x49, 0x49, 0xFF}}},
	{{{-16675, -13280, -169},0, {3580, 4710},{0x49, 0x49, 0x49, 0xFF}}},
	{{{-16920, -13280, -3853},0, {3032, -3542},{0xB7, 0x49, 0xB7, 0xFF}}},
	{{{-16675, -13422, -169},0, {452, 1650},{0x49, 0xB7, 0x49, 0xFF}}},
	{{{-16920, -13280, -169},0, {1000, 1969},{0xB7, 0x49, 0x49, 0xFF}}},
	{{{-16920, -13422, -169},0, {1000, 1650},{0xB7, 0xB7, 0x49, 0xFF}}},
	{{{-16675, -13280, -169},0, {452, 1969},{0x49, 0x49, 0x49, 0xFF}}},
	{{{-16920, -13422, -3853},0, {1000, -3542},{0xB7, 0xB7, 0xB7, 0xFF}}},
	{{{-16675, -13422, -169},0, {452, 4710},{0x49, 0xB7, 0x49, 0xFF}}},
	{{{-16920, -13422, -169},0, {1000, 4710},{0xB7, 0xB7, 0x49, 0xFF}}},
	{{{-16675, -13422, -3853},0, {452, -3542},{0x49, 0xB7, 0xB7, 0xFF}}},
	{{{-16920, -14098, -2761},0, {1000, -3144},{0x8D, 0xDA, 0x26, 0xFF}}},
	{{{-16675, -14098, 204},0, {452, 3498},{0x49, 0xB7, 0x49, 0xFF}}},
	{{{-16920, -14098, 204},0, {1000, 3498},{0xB7, 0xB7, 0x49, 0xFF}}},
	{{{-16675, -14098, -2761},0, {452, -3144},{0x73, 0xDA, 0x26, 0xFF}}},
	{{{-17318, -15557, -2944},0, {1892, 543},{0xB7, 0xB7, 0xB7, 0xFF}}},
	{{{-16277, -15557, -2761},0, {-440, 952},{0x49, 0xB7, 0x49, 0xFF}}},
	{{{-17318, -15557, -2761},0, {1892, 952},{0xB7, 0xB7, 0x49, 0xFF}}},
	{{{-16277, -15557, -2944},0, {-440, 543},{0x49, 0xB7, 0xB7, 0xFF}}},
	{{{-16277, -15557, -2761},0, {-440, -1082},{0x49, 0xB7, 0x49, 0xFF}}},
	{{{-17318, -14459, -2761},0, {1892, 1377},{0xB7, 0x49, 0x49, 0xFF}}},
	{{{-17318, -15557, -2761},0, {1892, -1082},{0xB7, 0xB7, 0x49, 0xFF}}},
	{{{-16920, -14459, -2761},0, {1000, 1377},{0xDA, 0x26, 0x73, 0xFF}}},
	{{{-16920, -14459, -2761},0, {1000, 1377},{0xDA, 0x26, 0x73, 0xFF}}},
	{{{-16277, -15557, -2761},0, {-440, -1082},{0x49, 0xB7, 0x49, 0xFF}}},
	{{{-16920, -14098, -2761},0, {1000, 2183},{0x8D, 0xDA, 0x26, 0xFF}}},
	{{{-16675, -14459, -2761},0, {452, 1377},{0x26, 0x26, 0x73, 0xFF}}},
	{{{-16277, -14459, -2761},0, {-440, 1377},{0x49, 0x49, 0x49, 0xFF}}},
	{{{-16675, -14098, -2761},0, {452, 2183},{0x73, 0xDA, 0x26, 0xFF}}},
	{{{-16675, -14098, 204},0, {-1224, 5546},{0x49, 0xB7, 0x49, 0xFF}}},
	{{{-16675, -13956, -2944},0, {-1542, -1505},{0x49, 0x49, 0xB7, 0xFF}}},
	{{{-16675, -13956, 204},0, {-1542, 5546},{0x49, 0x49, 0x49, 0xFF}}},
	{{{-16675, -14098, -2761},0, {-1224, -1096},{0x73, 0xDA, 0x26, 0xFF}}},
	{{{-16675, -13956, -2944},0, {-1542, 543},{0x49, 0x49, 0xB7, 0xFF}}},
	{{{-16675, -14098, -2761},0, {-1224, 952},{0x73, 0xDA, 0x26, 0xFF}}},
	{{{-16675, -14459, -2944},0, {-416, 543},{0x26, 0x26, 0x8D, 0xFF}}},
	{{{-16675, -14459, -2761},0, {-416, 952},{0x26, 0x26, 0x73, 0xFF}}},
	{{{-16277, -15557, -2761},0, {2042, 952},{0x49, 0xB7, 0x49, 0xFF}}},
	{{{-16277, -14459, -2944},0, {-416, 543},{0x49, 0x49, 0xB7, 0xFF}}},
	{{{-16277, -14459, -2761},0, {-416, 952},{0x49, 0x49, 0x49, 0xFF}}},
	{{{-16277, -15557, -2944},0, {2042, 543},{0x49, 0xB7, 0xB7, 0xFF}}},
	{{{-16277, -14459, -2944},0, {4472, 543},{0x49, 0x49, 0xB7, 0xFF}}},
	{{{-16675, -14459, -2761},0, {3580, 952},{0x26, 0x26, 0x73, 0xFF}}},
	{{{-16277, -14459, -2761},0, {4472, 952},{0x49, 0x49, 0x49, 0xFF}}},
	{{{-16675, -14459, -2944},0, {3580, 543},{0x26, 0x26, 0x8D, 0xFF}}},
	{{{-17318, -15557, -2944},0, {1990, 543},{0xB7, 0xB7, 0xB7, 0xFF}}},
	{{{-17318, -14459, -2761},0, {4448, 952},{0xB7, 0x49, 0x49, 0xFF}}},
	{{{-17318, -14459, -2944},0, {4448, 543},{0xB7, 0x49, 0xB7, 0xFF}}},
	{{{-17318, -15557, -2761},0, {1990, 952},{0xB7, 0xB7, 0x49, 0xFF}}},
	{{{-16920, -14459, -2944},0, {3032, 543},{0xDA, 0x26, 0x8D, 0xFF}}},
	{{{-17318, -14459, -2761},0, {2140, 952},{0xB7, 0x49, 0x49, 0xFF}}},
	{{{-16920, -14459, -2761},0, {3032, 952},{0xDA, 0x26, 0x73, 0xFF}}},
	{{{-17318, -14459, -2944},0, {2140, 543},{0xB7, 0x49, 0xB7, 0xFF}}},
	{{{3696, 16442, -668},0, {3978, -2553},{0x49, 0xB7, 0x49, 0xFF}}},
	{{{4614, 16442, 1356},0, {1922, 1982},{0xB7, 0xB7, 0xB7, 0xFF}}},
	{{{3696, 16442, 1356},0, {3978, 1982},{0x49, 0xB7, 0xB7, 0xFF}}},
	{{{4614, 16442, -668},0, {1922, -2553},{0xB7, 0xB7, 0x49, 0xFF}}},
	{{{4614, 14988, -668},0, {1922, -2304},{0xDA, 0x8D, 0x26, 0xFF}}},
	{{{3696, 16442, -668},0, {3978, 953},{0x49, 0xB7, 0x49, 0xFF}}},
	{{{3696, 14988, -668},0, {3978, -2304},{0x26, 0x8D, 0x26, 0xFF}}},
	{{{4614, 16442, -668},0, {1922, 953},{0xB7, 0xB7, 0x49, 0xFF}}},
	{{{-6564, 15496, -4974},0, {1298, -6052},{0x13, 0xB0, 0x61, 0xFF}}},
	{{{-5948, 15812, 616},0, {-252, 6469},{0x29, 0xB0, 0xA6, 0xFF}}},
	{{{-6564, 15496, 616},0, {1298, 6469},{0xEB, 0x8D, 0xCD, 0xFF}}},
	{{{-5948, 15812, -1179},0, {-252, 2448},{0x50, 0xA3, 0xDE, 0xFF}}},
	{{{19454, 14847, -2018},0, {-4038, -1554},{0x49, 0xB7, 0x49, 0xFF}}},
	{{{15811, 15530, -2018},0, {4122, -23},{0xB7, 0x49, 0x49, 0xFF}}},
	{{{15811, 14847, -2018},0, {4122, -1554},{0xB7, 0xB7, 0x49, 0xFF}}},
	{{{16612, 15530, -2018},0, {2326, -23},{0xDA, 0x26, 0x73, 0xFF}}},
	{{{16612, 15530, -2018},0, {6422, -2071},{0xDA, 0x26, 0x73, 0xFF}}},
	{{{19454, 14847, -2018},0, {58, -3602},{0x49, 0xB7, 0x49, 0xFF}}},
	{{{16612, 18252, -2018},0, {6422, 4025},{0xB7, 0x49, 0x49, 0xFF}}},
	{{{19454, 18252, -2018},0, {58, 4025},{0x49, 0x49, 0x49, 0xFF}}},
	{{{15811, 14847, -3015},0, {-2578, -719},{0xA4, 0xAF, 0xDE, 0xFF}}},
	{{{15811, 15530, -2018},0, {-1048, 1515},{0xB7, 0x49, 0x49, 0xFF}}},
	{{{15811, 15530, -3015},0, {-1048, -719},{0xA4, 0x51, 0xDE, 0xFF}}},
	{{{15811, 14847, -2018},0, {-2578, 1515},{0xB7, 0xB7, 0x49, 0xFF}}},
	{{{19454, 18252, -3223},0, {3974, -1184},{0x49, 0x49, 0xB7, 0xFF}}},
	{{{16612, 18252, -2018},0, {-2390, 1515},{0xB7, 0x49, 0x49, 0xFF}}},
	{{{19454, 18252, -2018},0, {3974, 1515},{0x49, 0x49, 0x49, 0xFF}}},
	{{{16612, 18252, -3223},0, {-2390, -1184},{0xB7, 0x49, 0xB7, 0xFF}}},
	{{{16612, 15530, -3223},0, {1706, -1184},{0xDA, 0x26, 0x8D, 0xFF}}},
	{{{15811, 15530, -2018},0, {-90, 1515},{0xB7, 0x49, 0x49, 0xFF}}},
	{{{16612, 15530, -2018},0, {1706, 1515},{0xDA, 0x26, 0x73, 0xFF}}},
	{{{15811, 15530, -3015},0, {-90, -719},{0xA4, 0x51, 0xDE, 0xFF}}},
	{{{15811, 15530, -3015},0, {-90, -719},{0xA4, 0x51, 0xDE, 0xFF}}},
	{{{16612, 15530, -3223},0, {1706, -1184},{0xDA, 0x26, 0x8D, 0xFF}}},
	{{{15993, 15530, -3223},0, {318, -1184},{0xD7, 0x4F, 0xA5, 0xFF}}},
	{{{16612, 15530, -3223},0, {-1048, -1184},{0xDA, 0x26, 0x8D, 0xFF}}},
	{{{16612, 18252, -2018},0, {5048, 1515},{0xB7, 0x49, 0x49, 0xFF}}},
	{{{16612, 18252, -3223},0, {5048, -1184},{0xB7, 0x49, 0xB7, 0xFF}}},
	{{{16612, 15530, -2018},0, {-1048, 1515},{0xDA, 0x26, 0x73, 0xFF}}},
	{{{15811, 14847, -3015},0, {4122, -719},{0xA4, 0xAF, 0xDE, 0xFF}}},
	{{{19454, 14847, -2018},0, {-4038, 1515},{0x49, 0xB7, 0x49, 0xFF}}},
	{{{15811, 14847, -2018},0, {4122, 1515},{0xB7, 0xB7, 0x49, 0xFF}}},
	{{{19454, 14847, -3223},0, {-4038, -1184},{0x49, 0xB7, 0xB7, 0xFF}}},
	{{{15993, 14847, -3223},0, {3714, -1184},{0xD7, 0xB1, 0xA6, 0xFF}}},
	{{{19454, 14847, -2018},0, {6610, 1515},{0x49, 0xB7, 0x49, 0xFF}}},
	{{{19454, 18252, -3223},0, {-1016, -1184},{0x49, 0x49, 0xB7, 0xFF}}},
	{{{19454, 18252, -2018},0, {-1016, 1515},{0x49, 0x49, 0x49, 0xFF}}},
	{{{19454, 14847, -3223},0, {6610, -1184},{0x49, 0xB7, 0xB7, 0xFF}}},
	{{{-815, 14988, -1093},0, {-3328, -1457},{0xB7, 0xB7, 0xB7, 0xFF}}},
	{{{-815, 16692, 616},0, {490, 2373},{0xDA, 0x73, 0xDA, 0xFF}}},
	{{{-815, 16692, -1093},0, {490, -1457},{0xB7, 0x49, 0xB7, 0xFF}}},
	{{{-815, 14988, 616},0, {-3328, 2373},{0x5A, 0xA6, 0x0, 0xFF}}},
	{{{15398, -1552, -7758},0, {2344, 2048},{0xE5, 0xB7, 0x64, 0xFF}}},
	{{{14959, -1552, -8930},0, {3328, -577},{0x44, 0x9C, 0xD9, 0xFF}}},
	{{{15567, -1552, -8390},0, {1966, 632},{0x12, 0x97, 0xBA, 0xFF}}},
	{{{16364, -1552, -8554},0, {180, 266},{0xD9, 0x9C, 0xBC, 0xFF}}},
	{{{17536, -1552, -8993},0, {1652, 3379},{0x5A, 0xB3, 0x2E, 0xFF}}},
	{{{16904, -1552, -9162},0, {3068, 2999},{0xBA, 0x97, 0xEE, 0xFF}}},
	{{{17281, -1552, -11407},0, {2224, -2029},{0x2A, 0x8D, 0x22, 0xFF}}},
	{{{16741, -1552, -9959},0, {3434, 1214},{0xA0, 0xAD, 0xFC, 0xFF}}},
	{{{17281, -1552, -11407},0, {2224, 19},{0x2A, 0x8D, 0x22, 0xFF}}},
	{{{16741, -1552, -9959},0, {3434, 3262},{0xA0, 0xAD, 0xFC, 0xFF}}},
	{{{17083, -1552, -11047},0, {2668, 825},{0xAA, 0xA5, 0xE7, 0xFF}}},
	{{{17252, -1552, -11680},0, {2288, -592},{0xBE, 0xB4, 0xB3, 0xFF}}},
	{{{17281, -1552, -11407},0, {2224, 2067},{0x2A, 0x8D, 0x22, 0xFF}}},
	{{{17252, -1552, -11680},0, {2288, 1456},{0xBE, 0xB4, 0xB3, 0xFF}}},
	{{{18259, -1552, -11511},0, {32, 1835},{0xDE, 0x8D, 0x2A, 0xFF}}},
	{{{18255, -1552, -11553},0, {42, 1740},{0x22, 0x8D, 0xD6, 0xFF}}},
	{{{18230, -1552, -11783},0, {96, 1224},{0x41, 0xB7, 0xAF, 0xFF}}},
	{{{-193, -3753, -1243},0, {10, 1126},{0x49, 0xB7, 0x49, 0xFF}}},
	{{{-794, -1415, -1243},0, {5246, 2473},{0xB7, 0x49, 0x49, 0xFF}}},
	{{{-794, -3753, -1243},0, {10, 2473},{0xB7, 0xB7, 0x49, 0xFF}}},
	{{{-193, -2857, -1243},0, {2016, 1126},{0x5A, 0x0, 0x5A, 0xFF}}},
	{{{-193, -1415, -1243},0, {5246, 1126},{0xDA, 0x26, 0x73, 0xFF}}},
	{{{-193, -2768, -1243},0, {2216, 1126},{0x73, 0xDA, 0x26, 0xFF}}},
	{{{3932, 1649, -1243},0, {8014, 2127},{0x0, 0x5A, 0x5A, 0xFF}}},
	{{{4719, -2768, -1243},0, {-1880, 365},{0x49, 0xB7, 0x49, 0xFF}}},
	{{{4719, -2099, -1243},0, {-382, 365},{0x5A, 0x0, 0x5A, 0xFF}}},
	{{{4719, 1649, -1243},0, {8014, 365},{0x49, 0x49, 0x49, 0xFF}}},
	{{{3932, 72, -6551},0, {3150, -335},{0x49, 0x49, 0xB7, 0xFF}}},
	{{{3160, 72, -5952},0, {4880, 1007},{0x0, 0x5A, 0xA6, 0xFF}}},
	{{{3932, 72, -5952},0, {3150, 1007},{0x73, 0x26, 0xDA, 0xFF}}},
	{{{3160, 72, -6551},0, {4880, -335},{0x26, 0x73, 0xDA, 0xFF}}},
	{{{-2051, -8172, -20776},0, {-12520, -15810},{0xB7, 0xB7, 0xB7, 0xFF}}},
	{{{8579, -8172, -5706},0, {11288, 17943},{0x49, 0xB7, 0x49, 0xFF}}},
	{{{-2051, -8172, -5706},0, {-12520, 17943},{0xB7, 0xB7, 0x49, 0xFF}}},
	{{{8579, -8172, -20776},0, {11288, -15810},{0x49, 0xB7, 0xB7, 0xFF}}},
	{{{-2739, 4601, -2398},0, {-2232, -834},{0xD2, 0xB9, 0xA1, 0xFF}}},
	{{{-2404, 4607, -1583},0, {-1482, 992},{0x4B, 0xB8, 0x49, 0xFF}}},
	{{{-2739, 4601, -1583},0, {-2232, 992},{0xB8, 0xB5, 0x49, 0xFF}}},
	{{{-2404, 4607, -2148},0, {-1482, -274},{0x5B, 0xB3, 0xD3, 0xFF}}},
	{{{-2404, 4607, -1583},0, {998, 992},{0x4B, 0xB8, 0x49, 0xFF}}},
	{{{-2413, 5150, -2148},0, {2214, -274},{0x58, 0x50, 0xD3, 0xFF}}},
	{{{-2413, 5150, -1583},0, {2214, 992},{0x48, 0x4B, 0x49, 0xFF}}},
	{{{-2404, 4607, -2148},0, {998, -274},{0x5B, 0xB3, 0xD3, 0xFF}}},
	{{{-1671, 6249, -1583},0, {2214, 1145},{0xB8, 0xB5, 0x49, 0xFF}}},
	{{{-1346, 6798, -1583},0, {3430, 395},{0x48, 0x4B, 0x49, 0xFF}}},
	{{{-1681, 6793, -1583},0, {3430, 1145},{0xB5, 0x48, 0x49, 0xFF}}},
	{{{-1336, 6255, -1583},0, {2214, 395},{0x4B, 0xB8, 0x49, 0xFF}}},
	{{{-2757, 5688, -2398},0, {-1062, -834},{0xD2, 0xB9, 0xA1, 0xFF}}},
	{{{-2767, 6231, -1583},0, {-2278, 992},{0xB5, 0x48, 0x49, 0xFF}}},
	{{{-2767, 6231, -2398},0, {-2278, -834},{0xCF, 0x45, 0xA1, 0xFF}}},
	{{{-2757, 5688, -1583},0, {-1062, 992},{0xB8, 0xB5, 0x49, 0xFF}}},
	{{{-1671, 6249, -2148},0, {1818, -274},{0xA8, 0xB0, 0xD3, 0xFF}}},
	{{{-1681, 6793, -1583},0, {602, 992},{0xB5, 0x48, 0x49, 0xFF}}},
	{{{-1681, 6793, -2148},0, {602, -274},{0xA5, 0x4D, 0xD3, 0xFF}}},
	{{{-1671, 6249, -1583},0, {1818, 992},{0xB8, 0xB5, 0x49, 0xFF}}},
	{{{-1671, 6249, -2148},0, {-2232, -274},{0xA8, 0xB0, 0xD3, 0xFF}}},
	{{{-1336, 6255, -1583},0, {-1482, 992},{0x4B, 0xB8, 0x49, 0xFF}}},
	{{{-1671, 6249, -1583},0, {-2232, 992},{0xB8, 0xB5, 0x49, 0xFF}}},
	{{{-1336, 6255, -2398},0, {-1482, -834},{0x31, 0xBB, 0xA1, 0xFF}}},
	{{{-2757, 5688, -1583},0, {998, 1145},{0xB8, 0xB5, 0x49, 0xFF}}},
	{{{-2432, 6237, -1583},0, {2214, 395},{0x48, 0x4B, 0x49, 0xFF}}},
	{{{-2767, 6231, -1583},0, {2214, 1145},{0xB5, 0x48, 0x49, 0xFF}}},
	{{{-2423, 5693, -1583},0, {998, 395},{0x4B, 0xB8, 0x49, 0xFF}}},
	{{{-2413, 5150, -2148},0, {1418, -274},{0x58, 0x50, 0xD3, 0xFF}}},
	{{{-2748, 5144, -1583},0, {2168, 992},{0xB5, 0x48, 0x49, 0xFF}}},
	{{{-2413, 5150, -1583},0, {1418, 992},{0x48, 0x4B, 0x49, 0xFF}}},
	{{{-2748, 5144, -2398},0, {2168, -834},{0xCF, 0x45, 0xA1, 0xFF}}},
	{{{-2432, 6237, -2148},0, {1418, -274},{0x58, 0x50, 0xD3, 0xFF}}},
	{{{-2767, 6231, -1583},0, {2168, 992},{0xB5, 0x48, 0x49, 0xFF}}},
	{{{-2432, 6237, -1583},0, {1418, 992},{0x48, 0x4B, 0x49, 0xFF}}},
	{{{-2767, 6231, -2398},0, {2168, -834},{0xCF, 0x45, 0xA1, 0xFF}}},
	{{{-1327, 5712, -2398},0, {1418, -834},{0x2E, 0x47, 0xA1, 0xFF}}},
	{{{-1662, 5706, -1583},0, {2168, 992},{0xB5, 0x48, 0x49, 0xFF}}},
	{{{-1327, 5712, -1583},0, {1418, 992},{0x48, 0x4B, 0x49, 0xFF}}},
	{{{-1662, 5706, -2148},0, {2168, -274},{0xA5, 0x4D, 0xD3, 0xFF}}},
	{{{-1346, 6798, -2398},0, {1418, -834},{0x2E, 0x47, 0xA1, 0xFF}}},
	{{{-1681, 6793, -1583},0, {2168, 992},{0xB5, 0x48, 0x49, 0xFF}}},
	{{{-1346, 6798, -1583},0, {1418, 992},{0x48, 0x4B, 0x49, 0xFF}}},
	{{{-1681, 6793, -2148},0, {2168, -274},{0xA5, 0x4D, 0xD3, 0xFF}}},
	{{{-1653, 5163, -2148},0, {1818, -274},{0xA8, 0xB0, 0xD3, 0xFF}}},
	{{{-1662, 5706, -1583},0, {602, 992},{0xB5, 0x48, 0x49, 0xFF}}},
	{{{-1662, 5706, -2148},0, {602, -274},{0xA5, 0x4D, 0xD3, 0xFF}}},
	{{{-1653, 5163, -1583},0, {1818, 992},{0xB8, 0xB5, 0x49, 0xFF}}},
	{{{-2739, 4601, -1583},0, {998, 1145},{0xB8, 0xB5, 0x49, 0xFF}}},
	{{{-2413, 5150, -1583},0, {2214, 395},{0x48, 0x4B, 0x49, 0xFF}}},
	{{{-2748, 5144, -1583},0, {2214, 1145},{0xB5, 0x48, 0x49, 0xFF}}},
	{{{-2404, 4607, -1583},0, {998, 395},{0x4B, 0xB8, 0x49, 0xFF}}},
	{{{-1336, 6255, -1583},0, {2214, 992},{0x4B, 0xB8, 0x49, 0xFF}}},
	{{{-1346, 6798, -2398},0, {3430, -834},{0x2E, 0x47, 0xA1, 0xFF}}},
	{{{-1346, 6798, -1583},0, {3430, 992},{0x48, 0x4B, 0x49, 0xFF}}},
	{{{-1336, 6255, -2398},0, {2214, -834},{0x31, 0xBB, 0xA1, 0xFF}}},
	{{{-2757, 5688, -2398},0, {-2232, -834},{0xD2, 0xB9, 0xA1, 0xFF}}},
	{{{-2423, 5693, -1583},0, {-1482, 992},{0x4B, 0xB8, 0x49, 0xFF}}},
	{{{-2757, 5688, -1583},0, {-2232, 992},{0xB8, 0xB5, 0x49, 0xFF}}},
	{{{-2423, 5693, -2148},0, {-1482, -274},{0x5B, 0xB3, 0xD3, 0xFF}}},
	{{{-1318, 5169, -1583},0, {2214, 992},{0x4B, 0xB8, 0x49, 0xFF}}},
	{{{-1327, 5712, -2398},0, {3430, -834},{0x2E, 0x47, 0xA1, 0xFF}}},
	{{{-1327, 5712, -1583},0, {3430, 992},{0x48, 0x4B, 0x49, 0xFF}}},
	{{{-1318, 5169, -2398},0, {2214, -834},{0x31, 0xBB, 0xA1, 0xFF}}},
	{{{-1653, 5163, -1583},0, {2214, 1145},{0xB8, 0xB5, 0x49, 0xFF}}},
	{{{-1327, 5712, -1583},0, {3430, 395},{0x48, 0x4B, 0x49, 0xFF}}},
	{{{-1662, 5706, -1583},0, {3430, 1145},{0xB5, 0x48, 0x49, 0xFF}}},
	{{{-1318, 5169, -1583},0, {2214, 395},{0x4B, 0xB8, 0x49, 0xFF}}},
	{{{-2051, -8172, -5706},0, {-9888, 3240},{0xB7, 0xB7, 0x49, 0xFF}}},
	{{{-500, -3609, -5706},0, {332, -234},{0x25, 0x24, 0x74, 0xFF}}},
	{{{-501, 1806, -5706},0, {12460, -232},{0x57, 0x0, 0x5D, 0xFF}}},
	{{{-496, 2099, -5706},0, {13116, -243},{0x25, 0xDB, 0x74, 0xFF}}},
	{{{-496, 2099, -5706},0, {13116, -243},{0x25, 0xDB, 0x74, 0xFF}}},
	{{{-2051, 2008, -5706},0, {12912, 3240},{0xA6, 0x0, 0x5A, 0xFF}}},
	{{{-2051, -8172, -5706},0, {-9888, 3240},{0xB7, 0xB7, 0x49, 0xFF}}},
	{{{-2051, 2008, -5706},0, {624, 7336},{0xA6, 0x0, 0x5A, 0xFF}}},
	{{{4123, 4786, -5706},0, {6846, -6492},{0x0, 0x5A, 0x5A, 0xFF}}},
	{{{-2051, 4786, -5706},0, {6846, 7336},{0xB7, 0x49, 0x49, 0xFF}}},
	{{{-496, 2099, -5706},0, {828, 3853},{0x25, 0xDB, 0x74, 0xFF}}},
	{{{4123, 4786, -5706},0, {6846, -2396},{0x0, 0x5A, 0x5A, 0xFF}}},
	{{{-496, 2099, -5706},0, {828, 7949},{0x25, 0xDB, 0x74, 0xFF}}},
	{{{5240, 2008, -5706},0, {624, -4898},{0xDA, 0xDB, 0x73, 0xFF}}},
	{{{4937, 2008, -5706},0, {624, -4219},{0x0, 0x0, 0x7F, 0xFF}}},
	{{{-2739, 4601, -2398},0, {-1062, -834},{0xD2, 0xB9, 0xA1, 0xFF}}},
	{{{-2748, 5144, -1583},0, {-2278, 992},{0xB5, 0x48, 0x49, 0xFF}}},
	{{{-2748, 5144, -2398},0, {-2278, -834},{0xCF, 0x45, 0xA1, 0xFF}}},
	{{{-2739, 4601, -1583},0, {-1062, 992},{0xB8, 0xB5, 0x49, 0xFF}}},
	{{{-2423, 5693, -1583},0, {998, 992},{0x4B, 0xB8, 0x49, 0xFF}}},
	{{{-2432, 6237, -2148},0, {2214, -274},{0x58, 0x50, 0xD3, 0xFF}}},
	{{{-2432, 6237, -1583},0, {2214, 992},{0x48, 0x4B, 0x49, 0xFF}}},
	{{{-2423, 5693, -2148},0, {998, -274},{0x5B, 0xB3, 0xD3, 0xFF}}},
	{{{-1999, 3500, -1583},0, {798, 1074},{0xA2, 0x3C, 0x3D, 0xFF}}},
	{{{-1819, 2684, -1583},0, {-1038, 701},{0xC4, 0xA2, 0x3D, 0xFF}}},
	{{{-1628, 3759, -1583},0, {1364, 234},{0xE8, 0x6D, 0x3D, 0xFF}}},
	{{{-1373, 2605, -1583},0, {-1232, -294},{0x18, 0x93, 0x3D, 0xFF}}},
	{{{-193, -1415, -3654},0, {2882, -2038},{0xDA, 0x26, 0x8D, 0xFF}}},
	{{{-193, 867, -1776},0, {-2230, 2168},{0x8D, 0x26, 0xDA, 0xFF}}},
	{{{-193, 867, -3654},0, {-2230, -2038},{0xB7, 0x49, 0xB7, 0xFF}}},
	{{{-193, 867, -1243},0, {-2230, 3362},{0x81, 0x0, 0x0, 0xFF}}},
	{{{-193, -1415, -1243},0, {2882, 3362},{0xDA, 0x26, 0x73, 0xFF}}},
	{{{492, -66, -3654},0, {-140, 2058},{0xCC, 0xE3, 0x90, 0xFF}}},
	{{{492, 72, -3654},0, {-450, 2058},{0xA6, 0x0, 0x5A, 0xFF}}},
	{{{492, -66, -4855},0, {-140, -631},{0x92, 0xCD, 0x26, 0xFF}}},
	{{{492, 72, -5952},0, {-450, -3089},{0x8D, 0x26, 0xDA, 0xFF}}},
	{{{492, -66, -4855},0, {-140, -631},{0x92, 0xCD, 0x26, 0xFF}}},
	{{{492, 72, -3654},0, {-450, 2058},{0xA6, 0x0, 0x5A, 0xFF}}},
	{{{492, 867, -3654},0, {-2230, 2058},{0xDA, 0x73, 0xDA, 0xFF}}},
	{{{492, 867, -5952},0, {-2230, -3089},{0xB7, 0x49, 0xB7, 0xFF}}},
	{{{492, 72, -5952},0, {-450, 3055},{0x8D, 0x26, 0xDA, 0xFF}}},
	{{{492, -1415, -10034},0, {2882, -6088},{0xB7, 0xB7, 0xB7, 0xFF}}},
	{{{492, -66, -4855},0, {-140, 5513},{0x92, 0xCD, 0x26, 0xFF}}},
	{{{492, -808, -4855},0, {1522, 5513},{0x92, 0x33, 0x26, 0xFF}}},
	{{{492, -808, -4855},0, {-2574, 3465},{0x92, 0x33, 0x26, 0xFF}}},
	{{{492, -1415, -10034},0, {-1214, -8136},{0xB7, 0xB7, 0xB7, 0xFF}}},
	{{{492, -808, -3654},0, {-2574, 6154},{0xA4, 0x33, 0x48, 0xFF}}},
	{{{492, -1415, -3654},0, {-1214, 6154},{0xA6, 0x0, 0xA6, 0xFF}}},
	{{{492, -1415, -8889},0, {-1214, -5570},{0xB7, 0xB7, 0x49, 0xFF}}},
	{{{492, -2099, -8889},0, {318, -5570},{0xB7, 0xB7, 0xB7, 0xFF}}},
	{{{492, -2099, -3654},0, {318, 6154},{0xDA, 0x8D, 0xDA, 0xFF}}},
	{{{3160, -2099, -7219},0, {-382, 216},{0x26, 0x8D, 0xDA, 0xFF}}},
	{{{3160, -1415, -8267},0, {1150, -2131},{0x63, 0xE7, 0x4C, 0xFF}}},
	{{{3160, -1415, -7219},0, {1150, 216},{0x5A, 0x0, 0x5A, 0xFF}}},
	{{{3160, -2099, -8267},0, {-382, -2131},{0x5C, 0xAF, 0xDE, 0xFF}}},
	{{{3932, 72, -2341},0, {386, 4999},{0x5A, 0x0, 0xA6, 0xFF}}},
	{{{3932, 867, -5952},0, {2166, -3089},{0x49, 0x49, 0xB7, 0xFF}}},
	{{{3932, 867, -2341},0, {2166, 4999},{0x0, 0x5A, 0xA6, 0xFF}}},
	{{{3932, 72, -5952},0, {386, -3089},{0x73, 0x26, 0xDA, 0xFF}}},
	{{{3932, -52, -2341},0, {108, 4999},{0x49, 0x49, 0xB7, 0xFF}}},
	{{{3932, 72, -6551},0, {386, -4431},{0x49, 0x49, 0xB7, 0xFF}}},
	{{{3932, -52, -2907},0, {108, 3731},{0x62, 0x4F, 0xEC, 0xFF}}},
	{{{3932, -66, -6208},0, {76, -3662},{0x78, 0xE5, 0x21, 0xFF}}},
	{{{3932, -66, -5007},0, {76, -973},{0x6E, 0xCD, 0xDA, 0xFF}}},
	{{{2618, -532, -12157},0, {1996, 1447},{0x26, 0x73, 0xDA, 0xFF}}},
	{{{2164, -532, -11706},0, {3014, 2456},{0xDA, 0x73, 0xDA, 0xFF}}},
	{{{2618, -532, -11706},0, {1996, 2456},{0x0, 0x5A, 0xA6, 0xFF}}},
	{{{2618, -532, -11706},0, {1996, 2456},{0x0, 0x5A, 0xA6, 0xFF}}},
	{{{3160, -532, -12157},0, {784, 1447},{0x49, 0x49, 0xB7, 0xFF}}},
	{{{2618, -532, -12157},0, {1996, 1447},{0x26, 0x73, 0xDA, 0xFF}}},
	{{{3160, -532, -11706},0, {784, 2456},{0x73, 0x26, 0xDA, 0xFF}}},
	{{{3160, -2099, -7219},0, {-848, -3880},{0x26, 0x8D, 0xDA, 0xFF}}},
	{{{3932, -2099, -2907},0, {882, 5779},{0x26, 0xDA, 0x8D, 0xFF}}},
	{{{3160, -2099, -2907},0, {-848, 5779},{0x0, 0xA6, 0xA6, 0xFF}}},
	{{{3932, -2099, -7219},0, {882, -3880},{0x49, 0xB7, 0xB7, 0xFF}}},
	{{{492, 867, -3654},0, {2664, -2038},{0xDA, 0x73, 0xDA, 0xFF}}},
	{{{-193, 867, -1776},0, {4198, 2168},{0x8D, 0x26, 0xDA, 0xFF}}},
	{{{492, 867, -1776},0, {2664, 2168},{0x0, 0x5A, 0xA6, 0xFF}}},
	{{{-193, 867, -3654},0, {4198, -2038},{0xB7, 0x49, 0xB7, 0xFF}}},
	{{{3160, -532, -6551},0, {3128, 5809},{0x37, 0xF7, 0x8E, 0xFF}}},
	{{{3160, 72, -11706},0, {4482, -5736},{0x49, 0x49, 0xB7, 0xFF}}},
	{{{3160, 72, -6551},0, {4482, 5809},{0x26, 0x73, 0xDA, 0xFF}}},
	{{{3160, -532, -11706},0, {3128, -5736},{0x73, 0x26, 0xDA, 0xFF}}},
	{{{3160, -974, -6551},0, {2138, 5809},{0x4B, 0x47, 0xB6, 0xFF}}},
	{{{3160, -532, -11706},0, {3128, -5736},{0x73, 0x26, 0xDA, 0xFF}}},
	{{{3160, -532, -6551},0, {3128, 5809},{0x37, 0xF7, 0x8E, 0xFF}}},
	{{{2618, -1415, -8889},0, {-2060, 4670},{0x1E, 0x98, 0xBD, 0xFF}}},
	{{{3160, -1415, -12157},0, {-848, -2649},{0x49, 0xB7, 0xB7, 0xFF}}},
	{{{3160, -1415, -8267},0, {-848, 6061},{0x63, 0xE7, 0x4C, 0xFF}}},
	{{{2618, -1415, -12157},0, {-2060, -2649},{0x26, 0x8D, 0xDA, 0xFF}}},
	{{{4719, 1649, -2341},0, {1390, -1145},{0x49, 0x49, 0xB7, 0xFF}}},
	{{{3932, 1649, -1243},0, {3150, 1314},{0x0, 0x5A, 0x5A, 0xFF}}},
	{{{4719, 1649, -1243},0, {1390, 1314},{0x49, 0x49, 0x49, 0xFF}}},
	{{{3932, 1649, -1776},0, {3150, 120},{0xDA, 0x73, 0xDA, 0xFF}}},
	{{{3932, 1649, -2341},0, {3150, -1145},{0xB7, 0x49, 0xB7, 0xFF}}},
	{{{3932, 867, -2341},0, {1866, -1145},{0x0, 0x5A, 0xA6, 0xFF}}},
	{{{3932, 1649, -1776},0, {114, 120},{0xDA, 0x73, 0xDA, 0xFF}}},
	{{{3932, 1649, -2341},0, {114, -1145},{0xB7, 0x49, 0xB7, 0xFF}}},
	{{{3932, 867, -1776},0, {1866, 120},{0xB7, 0x49, 0xB7, 0xFF}}},
	{{{-193, -2768, -2907},0, {-4262, -2413},{0x68, 0xDC, 0xC0, 0xFF}}},
	{{{4719, -2768, -1243},0, {6738, 1314},{0x49, 0xB7, 0x49, 0xFF}}},
	{{{-193, -2768, -1243},0, {-4262, 1314},{0x73, 0xDA, 0x26, 0xFF}}},
	{{{4719, -2768, -2907},0, {6738, -2413},{0x49, 0xB7, 0xB7, 0xFF}}},
	{{{2618, -899, -12157},0, {2304, 5543},{0xB7, 0xB7, 0xB7, 0xFF}}},
	{{{2618, -532, -15457},0, {3128, -1849},{0x49, 0x49, 0xB7, 0xFF}}},
	{{{2618, -532, -12157},0, {3128, 5543},{0x26, 0x73, 0xDA, 0xFF}}},
	{{{2618, -899, -15457},0, {2304, -1849},{0x49, 0xB7, 0xB7, 0xFF}}},
	{{{1169, -532, -11325},0, {904, -786},{0x8D, 0x26, 0xDA, 0xFF}}},
	{{{1169, 72, -10034},0, {-450, 2104},{0xDA, 0x73, 0xDA, 0xFF}}},
	{{{1169, 72, -11325},0, {-450, -786},{0xB7, 0x49, 0xB7, 0xFF}}},
	{{{1169, -532, -10034},0, {904, 2104},{0xA6, 0x0, 0xA6, 0xFF}}},
	{{{1169, -1415, -8889},0, {-1212, 4670},{0x0, 0xA6, 0xA6, 0xFF}}},
	{{{2618, -1415, -12157},0, {2036, -2649},{0x26, 0x8D, 0xDA, 0xFF}}},
	{{{2618, -1415, -8889},0, {2036, 4670},{0x1E, 0x98, 0xBD, 0xFF}}},
	{{{1169, -1415, -10034},0, {-1212, 2104},{0xDA, 0x8D, 0xDA, 0xFF}}},
	{{{1169, -532, -11325},0, {904, 3310},{0x8D, 0x26, 0xDA, 0xFF}}},
	{{{1169, -1415, -15457},0, {2882, -5945},{0xB7, 0xB7, 0xB7, 0xFF}}},
	{{{1169, -532, -10034},0, {904, 6200},{0xA6, 0x0, 0xA6, 0xFF}}},
	{{{1169, -1415, -10034},0, {2882, 6200},{0xDA, 0x8D, 0xDA, 0xFF}}},
	{{{492, 867, -3654},0, {6760, 2058},{0xDA, 0x73, 0xDA, 0xFF}}},
	{{{3932, 867, -2341},0, {-946, 4999},{0x0, 0x5A, 0xA6, 0xFF}}},
	{{{3932, 867, -5952},0, {-946, -3089},{0x49, 0x49, 0xB7, 0xFF}}},
	{{{492, 867, -5952},0, {6760, -3089},{0xB7, 0x49, 0xB7, 0xFF}}},
	{{{-193, 867, -1776},0, {1866, 120},{0x8D, 0x26, 0xDA, 0xFF}}},
	{{{-193, 1649, -1243},0, {114, 1314},{0xB7, 0x49, 0x49, 0xFF}}},
	{{{-193, 1649, -1776},0, {114, 120},{0xB7, 0x49, 0xB7, 0xFF}}},
	{{{-193, 867, -1243},0, {1866, 1314},{0x81, 0x0, 0x0, 0xFF}}},
	{{{-193, -1415, -3654},0, {102, -2038},{0xDA, 0x26, 0x8D, 0xFF}}},
	{{{-794, -1415, -1243},0, {1448, 3362},{0xB7, 0x49, 0x49, 0xFF}}},
	{{{-193, -1415, -1243},0, {102, 3362},{0xDA, 0x26, 0x73, 0xFF}}},
	{{{-794, -1415, -3654},0, {1448, -2038},{0xB7, 0x49, 0xB7, 0xFF}}},
	{{{-1300, 4082, -1583},0, {2214, 992},{0x4B, 0xB8, 0x49, 0xFF}}},
	{{{-1309, 4625, -2398},0, {3430, -834},{0x2E, 0x47, 0xA1, 0xFF}}},
	{{{-1309, 4625, -1583},0, {3430, 992},{0x48, 0x4B, 0x49, 0xFF}}},
	{{{-1300, 4082, -2398},0, {2214, -834},{0x31, 0xBB, 0xA1, 0xFF}}},
	{{{-2721, 3515, -2398},0, {-1062, -834},{0xD2, 0xB9, 0xA1, 0xFF}}},
	{{{-2730, 4058, -1583},0, {-2278, 992},{0xB5, 0x48, 0x49, 0xFF}}},
	{{{-2730, 4058, -2398},0, {-2278, -834},{0xCF, 0x45, 0xA1, 0xFF}}},
	{{{-2721, 3515, -1583},0, {-1062, 992},{0xB8, 0xB5, 0x49, 0xFF}}},
	{{{-2721, 3515, -1583},0, {998, 1145},{0xB8, 0xB5, 0x49, 0xFF}}},
	{{{-2395, 4064, -1583},0, {2214, 395},{0x48, 0x4B, 0x49, 0xFF}}},
	{{{-2730, 4058, -1583},0, {2214, 1145},{0xB5, 0x48, 0x49, 0xFF}}},
	{{{-2386, 3520, -1583},0, {998, 395},{0x4B, 0xB8, 0x49, 0xFF}}},
	{{{3932, -1013, -7219},0, {2230, 216},{0x4B, 0x47, 0xB6, 0xFF}}},
	{{{3160, -974, -6551},0, {3962, 1713},{0x4B, 0x47, 0xB6, 0xFF}}},
	{{{3932, -1013, -6551},0, {2230, 1713},{0x74, 0x26, 0xDC, 0xFF}}},
	{{{3160, -974, -7219},0, {3962, 216},{0x74, 0x26, 0xDC, 0xFF}}},
	{{{3160, -532, -11706},0, {3128, -3688},{0x73, 0x26, 0xDA, 0xFF}}},
	{{{3160, -974, -6551},0, {2138, 7857},{0x4B, 0x47, 0xB6, 0xFF}}},
	{{{3160, -532, -12157},0, {3128, -4697},{0x49, 0x49, 0xB7, 0xFF}}},
	{{{3160, -974, -7219},0, {2138, 6360},{0x74, 0x26, 0xDC, 0xFF}}},
	{{{3160, -1415, -12157},0, {1150, -4697},{0x49, 0xB7, 0xB7, 0xFF}}},
	{{{3160, -1415, -7219},0, {1150, 6360},{0x5A, 0x0, 0x5A, 0xFF}}},
	{{{3160, -1415, -8267},0, {1150, 4013},{0x63, 0xE7, 0x4C, 0xFF}}},
	{{{1169, 72, -10034},0, {1148, -4040},{0xDA, 0x73, 0xDA, 0xFF}}},
	{{{492, 72, -5952},0, {2664, 5103},{0x8D, 0x26, 0xDA, 0xFF}}},
	{{{1169, 72, -5952},0, {1148, 5103},{0x0, 0x5A, 0xA6, 0xFF}}},
	{{{492, 72, -10034},0, {2664, -4040},{0xB7, 0x49, 0xB7, 0xFF}}},
	{{{-2051, 2008, -20776},0, {3408, -15810},{0xA6, 0x0, 0xA6, 0xFF}}},
	{{{-2051, 4786, -5706},0, {-2814, 17943},{0xB7, 0x49, 0x49, 0xFF}}},
	{{{-2051, 4786, -20776},0, {-2814, -15810},{0xB7, 0x49, 0xB7, 0xFF}}},
	{{{-2051, 2008, -5706},0, {3408, 17943},{0xA6, 0x0, 0x5A, 0xFF}}},
	{{{3932, 1649, -1776},0, {-946, 120},{0xDA, 0x73, 0xDA, 0xFF}}},
	{{{-193, 1649, -1243},0, {8294, 1314},{0xB7, 0x49, 0x49, 0xFF}}},
	{{{3932, 1649, -1243},0, {-946, 1314},{0x0, 0x5A, 0x5A, 0xFF}}},
	{{{-193, 1649, -1776},0, {8294, 120},{0xB7, 0x49, 0xB7, 0xFF}}},
	{{{4719, -2768, -1243},0, {2216, 1314},{0x49, 0xB7, 0x49, 0xFF}}},
	{{{4719, -2099, -2341},0, {3714, -1145},{0x7F, 0x0, 0x0, 0xFF}}},
	{{{4719, -2099, -1243},0, {3714, 1314},{0x5A, 0x0, 0x5A, 0xFF}}},
	{{{4719, -2768, -2907},0, {2216, -2413},{0x49, 0xB7, 0xB7, 0xFF}}},
	{{{492, -1415, -10034},0, {-2728, 56},{0xB7, 0xB7, 0xB7, 0xFF}}},
	{{{1169, -1415, -8889},0, {-1212, 2622},{0x0, 0xA6, 0xA6, 0xFF}}},
	{{{492, -1415, -8889},0, {-2728, 2622},{0xB7, 0xB7, 0x49, 0xFF}}},
	{{{1169, -1415, -10034},0, {-1212, 56},{0xDA, 0x8D, 0xDA, 0xFF}}},
	{{{2164, -532, -11706},0, {904, 408},{0xDA, 0x73, 0xDA, 0xFF}}},
	{{{2164, 72, -11325},0, {-450, 1262},{0xDA, 0x73, 0xDA, 0xFF}}},
	{{{2164, 72, -11706},0, {-450, 408},{0xB7, 0x49, 0xB7, 0xFF}}},
	{{{2164, -532, -11325},0, {904, 1262},{0xB7, 0x49, 0xB7, 0xFF}}},
	{{{2618, -1415, -12157},0, {1150, 5543},{0x26, 0x8D, 0xDA, 0xFF}}},
	{{{2618, -1064, -15457},0, {1938, -1849},{0x49, 0x49, 0xB7, 0xFF}}},
	{{{2618, -1064, -12157},0, {1938, 5543},{0x26, 0x26, 0x8D, 0xFF}}},
	{{{2618, -1415, -15457},0, {1150, -1849},{0x49, 0xB7, 0xB7, 0xFF}}},
	{{{-193, -3753, -2907},0, {10, 1683},{0x5A, 0xA6, 0x0, 0xFF}}},
	{{{-193, -2857, -3654},0, {2016, 10},{0x52, 0x3D, 0xB4, 0xFF}}},
	{{{-193, -2857, -2907},0, {2016, 1683},{0x7E, 0x7, 0xF5, 0xFF}}},
	{{{-193, -3753, -3654},0, {10, 10},{0x49, 0xB7, 0xB7, 0xFF}}},
	{{{-193, -2099, -3654},0, {-166, 10},{0x0, 0xA6, 0xA6, 0xFF}}},
	{{{-193, -2099, -2907},0, {-166, 1683},{0x39, 0xB4, 0xAC, 0xFF}}},
	{{{-494, -2099, -3654},0, {-840, 10},{0x21, 0xE5, 0x88, 0xFF}}},
	{{{492, -2099, -2907},0, {1368, 1683},{0x0, 0xA6, 0xA6, 0xFF}}},
	{{{492, -2099, -3654},0, {1368, 10},{0xDA, 0x8D, 0xDA, 0xFF}}},
	{{{-2051, -8172, -20776},0, {9824, -15810},{0xB7, 0xB7, 0xB7, 0xFF}}},
	{{{-2051, 2008, -5706},0, {-12976, 17943},{0xA6, 0x0, 0x5A, 0xFF}}},
	{{{-2051, 2008, -20776},0, {-12976, -15810},{0xA6, 0x0, 0xA6, 0xFF}}},
	{{{-2051, 2008, -5706},0, {-12976, 17943},{0xA6, 0x0, 0x5A, 0xFF}}},
	{{{-2051, -8172, -20776},0, {9824, -15810},{0xB7, 0xB7, 0xB7, 0xFF}}},
	{{{-2051, -8172, -5706},0, {9824, 17943},{0xB7, 0xB7, 0x49, 0xFF}}},
	{{{-193, -2857, -1243},0, {2016, 1314},{0x5A, 0x0, 0x5A, 0xFF}}},
	{{{-193, -2768, -2907},0, {2216, -2413},{0x68, 0xDC, 0xC0, 0xFF}}},
	{{{-193, -2768, -1243},0, {2216, 1314},{0x73, 0xDA, 0x26, 0xFF}}},
	{{{-193, -2857, -2907},0, {2016, -2413},{0x7E, 0x7, 0xF5, 0xFF}}},
	{{{-193, -3753, -1243},0, {10, 1314},{0x49, 0xB7, 0x49, 0xFF}}},
	{{{-193, -3753, -2907},0, {10, -2413},{0x5A, 0xA6, 0x0, 0xFF}}},
	{{{-794, -3753, -3654},0, {-1512, -2038},{0xB7, 0xB7, 0xB7, 0xFF}}},
	{{{-193, -3753, -1243},0, {-166, 3362},{0x49, 0xB7, 0x49, 0xFF}}},
	{{{-794, -3753, -1243},0, {-1512, 3362},{0xB7, 0xB7, 0x49, 0xFF}}},
	{{{-193, -3753, -2907},0, {-166, -365},{0x5A, 0xA6, 0x0, 0xFF}}},
	{{{4937, -3324, -20776},0, {-3196, -15359},{0xD9, 0x26, 0x8D, 0xFF}}},
	{{{-500, -3609, -5706},0, {8982, 18400},{0x25, 0x24, 0x74, 0xFF}}},
	{{{5240, -3609, -5706},0, {-3874, 18400},{0xDB, 0x25, 0x74, 0xFF}}},
	{{{-500, -3609, -5706},0, {8982, 18400},{0x25, 0x24, 0x74, 0xFF}}},
	{{{4937, -3324, -20776},0, {-3196, -15359},{0xD9, 0x26, 0x8D, 0xFF}}},
	{{{-130, -3324, -20776},0, {8154, -15359},{0x27, 0x26, 0x8D, 0xFF}}},
	{{{8579, 4786, -20776},0, {-3160, -15810},{0x49, 0x49, 0xB7, 0xFF}}},
	{{{4123, 4786, -5706},0, {6820, 17943},{0x0, 0x5A, 0x5A, 0xFF}}},
	{{{8579, 4786, -5706},0, {-3160, 17943},{0x49, 0x49, 0x49, 0xFF}}},
	{{{4937, 4786, -12372},0, {4996, 3013},{0x0, 0x7F, 0x0, 0xFF}}},
	{{{-2386, 3520, -1583},0, {998, 992},{0x4B, 0xB8, 0x49, 0xFF}}},
	{{{-2395, 4064, -2148},0, {2214, -274},{0x58, 0x50, 0xD3, 0xFF}}},
	{{{-2395, 4064, -1583},0, {2214, 992},{0x48, 0x4B, 0x49, 0xFF}}},
	{{{-2386, 3520, -2148},0, {998, -274},{0x5B, 0xB3, 0xD3, 0xFF}}},
	{{{-2721, 3515, -2398},0, {-2232, -834},{0xD2, 0xB9, 0xA1, 0xFF}}},
	{{{-2386, 3520, -1583},0, {-1482, 992},{0x4B, 0xB8, 0x49, 0xFF}}},
	{{{-2721, 3515, -1583},0, {-2232, 992},{0xB8, 0xB5, 0x49, 0xFF}}},
	{{{-2386, 3520, -2148},0, {-1482, -274},{0x5B, 0xB3, 0xD3, 0xFF}}},
	{{{-1635, 4076, -1583},0, {2214, 1145},{0xB8, 0xB5, 0x49, 0xFF}}},
	{{{-1309, 4625, -1583},0, {3430, 395},{0x48, 0x4B, 0x49, 0xFF}}},
	{{{-1644, 4620, -1583},0, {3430, 1145},{0xB5, 0x48, 0x49, 0xFF}}},
	{{{-1300, 4082, -1583},0, {2214, 395},{0x4B, 0xB8, 0x49, 0xFF}}},
	{{{-1635, 4076, -2148},0, {-2232, -274},{0xA8, 0xB0, 0xD3, 0xFF}}},
	{{{-1300, 4082, -1583},0, {-1482, 992},{0x4B, 0xB8, 0x49, 0xFF}}},
	{{{-1635, 4076, -1583},0, {-2232, 992},{0xB8, 0xB5, 0x49, 0xFF}}},
	{{{-1300, 4082, -2398},0, {-1482, -834},{0x31, 0xBB, 0xA1, 0xFF}}},
	{{{-1635, 4076, -2148},0, {1818, -274},{0xA8, 0xB0, 0xD3, 0xFF}}},
	{{{-1644, 4620, -1583},0, {602, 992},{0xB5, 0x48, 0x49, 0xFF}}},
	{{{-1644, 4620, -2148},0, {602, -274},{0xA5, 0x4D, 0xD3, 0xFF}}},
	{{{-1635, 4076, -1583},0, {1818, 992},{0xB8, 0xB5, 0x49, 0xFF}}},
	{{{-1653, 5163, -2148},0, {-2232, -274},{0xA8, 0xB0, 0xD3, 0xFF}}},
	{{{-1318, 5169, -1583},0, {-1482, 992},{0x4B, 0xB8, 0x49, 0xFF}}},
	{{{-1653, 5163, -1583},0, {-2232, 992},{0xB8, 0xB5, 0x49, 0xFF}}},
	{{{-1318, 5169, -2398},0, {-1482, -834},{0x31, 0xBB, 0xA1, 0xFF}}},
	{{{-1309, 4625, -2398},0, {1418, -834},{0x2E, 0x47, 0xA1, 0xFF}}},
	{{{-1644, 4620, -1583},0, {2168, 992},{0xB5, 0x48, 0x49, 0xFF}}},
	{{{-1309, 4625, -1583},0, {1418, 992},{0x48, 0x4B, 0x49, 0xFF}}},
	{{{-1644, 4620, -2148},0, {2168, -274},{0xA5, 0x4D, 0xD3, 0xFF}}},
	{{{-2395, 4064, -2148},0, {1418, -274},{0x58, 0x50, 0xD3, 0xFF}}},
	{{{-2730, 4058, -1583},0, {2168, 992},{0xB5, 0x48, 0x49, 0xFF}}},
	{{{-2395, 4064, -1583},0, {1418, 992},{0x48, 0x4B, 0x49, 0xFF}}},
	{{{-2730, 4058, -2398},0, {2168, -834},{0xCF, 0x45, 0xA1, 0xFF}}},
	{{{4123, 4786, -5706},0, {5106, 16885},{0x0, 0x5A, 0x5A, 0xFF}}},
	{{{-2051, 4786, -20776},0, {-8722, -16868},{0xB7, 0x49, 0xB7, 0xFF}}},
	{{{-2051, 4786, -5706},0, {-8722, 16885},{0xB7, 0x49, 0x49, 0xFF}}},
	{{{4123, 4786, -12372},0, {5106, 1955},{0x0, 0x7F, 0x0, 0xFF}}},
	{{{-2051, 4786, -20776},0, {-8722, -8676},{0xB7, 0x49, 0xB7, 0xFF}}},
	{{{4123, 4786, -12372},0, {5106, 10147},{0x0, 0x7F, 0x0, 0xFF}}},
	{{{4937, 4786, -12372},0, {6928, 10147},{0x0, 0x7F, 0x0, 0xFF}}},
	{{{4937, 4786, -20776},0, {6928, -8676},{0x0, 0x5A, 0xA6, 0xFF}}},
	{{{4937, 2008, -12372},0, {-2896, 1955},{0xA9, 0xA3, 0x3, 0xFF}}},
	{{{-130, 2008, -12372},0, {8452, 1955},{0x58, 0xA4, 0x2, 0xFF}}},
	{{{986, 2008, -12372},0, {5952, 1955},{0x0, 0xA6, 0xA6, 0xFF}}},
	{{{1291, 2008, -12372},0, {5270, 1955},{0x0, 0xA6, 0x5A, 0xFF}}},
	{{{1443, 2008, -12372},0, {4928, 1955},{0xDA, 0xDA, 0x73, 0xFF}}},
	{{{1596, 2008, -12372},0, {4586, 1955},{0x25, 0xA5, 0xB0, 0xFF}}},
	{{{1833, 2008, -12372},0, {4054, 1955},{0x49, 0xB7, 0x49, 0xFF}}},
	{{{2437, 2008, -12372},0, {2702, 1955},{0xB7, 0xB7, 0x49, 0xFF}}},
	{{{11331, -3207, -7293},0, {-2864, 51},{0x49, 0xB7, 0x49, 0xFF}}},
	{{{11331, 59, -8262},0, {4452, -2118},{0x49, 0x49, 0xB7, 0xFF}}},
	{{{11331, 59, -7293},0, {4452, 51},{0x49, 0x49, 0x49, 0xFF}}},
	{{{11331, -3207, -8262},0, {-2864, -2118},{0x49, 0xB7, 0xB7, 0xFF}}},
	{{{11331, 59, -8262},0, {-466, -2118},{0x49, 0x49, 0xB7, 0xFF}}},
	{{{8579, 59, -7293},0, {5698, 51},{0x73, 0x26, 0x26, 0xFF}}},
	{{{11331, 59, -7293},0, {-466, 51},{0x49, 0x49, 0x49, 0xFF}}},
	{{{8579, 59, -8262},0, {5698, -2118},{0x73, 0x26, 0xDA, 0xFF}}},
	{{{11331, -3207, -7293},0, {1406, -2843},{0x49, 0xB7, 0x49, 0xFF}}},
	{{{8579, 59, -7293},0, {-4880, 4368},{0x73, 0x26, 0x26, 0xFF}}},
	{{{8579, -3207, -7293},0, {-4756, -2946},{0x73, 0xDA, 0x26, 0xFF}}},
	{{{11331, 59, -7293},0, {1284, 4472},{0x49, 0x49, 0x49, 0xFF}}},
	{{{8579, -3207, -8262},0, {-4878, -2118},{0x73, 0xDA, 0xDA, 0xFF}}},
	{{{11331, -3207, -7293},0, {1286, 51},{0x49, 0xB7, 0x49, 0xFF}}},
	{{{8579, -3207, -7293},0, {-4878, 51},{0x73, 0xDA, 0x26, 0xFF}}},
	{{{11331, -3207, -8262},0, {1286, -2118},{0x49, 0xB7, 0xB7, 0xFF}}},
	{{{3366, 14988, -1093},0, {3264, 2639},{0x26, 0xDA, 0x8D, 0xFF}}},
	{{{3366, 16692, -3027},0, {-554, -1691},{0x5D, 0x53, 0xE7, 0xFF}}},
	{{{3366, 16692, -1093},0, {-554, 2639},{0x26, 0x26, 0x8D, 0xFF}}},
	{{{3366, 14988, -3027},0, {3264, -1691},{0x5D, 0xAD, 0xE7, 0xFF}}},
	{{{3241, 14988, -3027},0, {-3328, -1691},{0xA3, 0xAD, 0xE7, 0xFF}}},
	{{{3241, 16692, -1093},0, {490, 2639},{0xB7, 0x49, 0x49, 0xFF}}},
	{{{3241, 16692, -3027},0, {490, -1691},{0xA3, 0x53, 0xE7, 0xFF}}},
	{{{3241, 14988, -1093},0, {-3328, 2639},{0xB7, 0xB7, 0x49, 0xFF}}},
	{{{-3710, 15396, -1077},0, {-2414, -1419},{0xA3, 0xAC, 0xEC, 0xFF}}},
	{{{-3710, 16078, 616},0, {-886, 2373},{0xB7, 0xB7, 0xB7, 0xFF}}},
	{{{-3710, 16078, -1077},0, {-886, -1419},{0xAF, 0x9F, 0xEF, 0xFF}}},
	{{{-3710, 15396, 616},0, {-2414, 2373},{0xB7, 0x49, 0xB7, 0xFF}}},
	{{{-3710, 15396, -1077},0, {86, -1419},{0xA3, 0xAC, 0xEC, 0xFF}}},
	{{{-3441, 15396, 616},0, {-518, 2373},{0x49, 0xB7, 0x49, 0xFF}}},
	{{{-3710, 15396, 616},0, {86, 2373},{0xB7, 0x49, 0xB7, 0xFF}}},
	{{{-3441, 15396, -1077},0, {-518, -1419},{0x5D, 0xAC, 0xEC, 0xFF}}},
	{{{-4774, 16078, -2974},0, {2470, -3620},{0xDA, 0x8D, 0x26, 0xFF}}},
	{{{-3710, 16078, 616},0, {86, 4421},{0xB7, 0xB7, 0xB7, 0xFF}}},
	{{{-4774, 16078, 616},0, {2470, 4421},{0x0, 0xA6, 0x5A, 0xFF}}},
	{{{-3710, 16078, -1077},0, {86, 629},{0xAF, 0x9F, 0xEF, 0xFF}}},
	{{{-5430, 16078, -4974},0, {-158, -6052},{0x16, 0xA3, 0x54, 0xFF}}},
	{{{-5297, 16078, 616},0, {-456, 6469},{0x26, 0xDA, 0x8D, 0xFF}}},
	{{{-5430, 16078, 616},0, {-158, 6469},{0x16, 0xA3, 0xAC, 0xFF}}},
	{{{-5297, 16078, -2974},0, {-456, -1572},{0x26, 0x8D, 0x26, 0xFF}}},
	{{{-4774, 16078, 616},0, {2470, -1723},{0x0, 0xA6, 0x5A, 0xFF}}},
	{{{-3193, 16078, 2155},0, {-1072, 1722},{0x0, 0xA6, 0xA6, 0xFF}}},
	{{{-4774, 16078, 2155},0, {2470, 1722},{0x49, 0xB7, 0xB7, 0xFF}}},
	{{{-3193, 16078, 616},0, {-1072, -1723},{0x26, 0x8D, 0xDA, 0xFF}}},
	{{{-2691, 16078, 2155},0, {-2196, 1722},{0xB7, 0xB7, 0xB7, 0xFF}}},
	{{{-2691, 16078, 616},0, {-2196, -1723},{0xDA, 0xDA, 0x8D, 0xFF}}},
	{{{-3193, 16078, 616},0, {-1072, 325},{0x26, 0x8D, 0xDA, 0xFF}}},
	{{{-4774, 16078, 616},0, {2470, 325},{0x0, 0xA6, 0x5A, 0xFF}}},
	{{{-3710, 16078, 616},0, {86, 325},{0xB7, 0xB7, 0xB7, 0xFF}}},
	{{{-3441, 16078, 616},0, {-518, 325},{0x26, 0xDA, 0x73, 0xFF}}},
	{{{-3193, 16078, -4974},0, {-1072, -4004},{0x73, 0xDA, 0x26, 0xFF}}},
	{{{-3441, 16078, -1077},0, {-518, 4725},{0x51, 0x9F, 0xEE, 0xFF}}},
	{{{-3576, 16078, -1366},0, {-216, 4076},{0x0, 0x85, 0xE2, 0xFF}}},
	{{{-4774, 16078, -2974},0, {2470, 476},{0xDA, 0x8D, 0x26, 0xFF}}},
	{{{-2691, 15396, 616},0, {-2414, -1723},{0xDA, 0x26, 0x8D, 0xFF}}},
	{{{-2691, 16078, 2155},0, {-886, 1722},{0xB7, 0xB7, 0xB7, 0xFF}}},
	{{{-2691, 16078, 616},0, {-886, -1723},{0xDA, 0xDA, 0x8D, 0xFF}}},
	{{{-2691, 15396, 2155},0, {-2414, 1722},{0xB7, 0x49, 0xB7, 0xFF}}},
	{{{-2691, 15396, 616},0, {2132, -1723},{0xDA, 0x26, 0x8D, 0xFF}}},
	{{{-3710, 15396, 2155},0, {-150, 1722},{0x0, 0x5A, 0xA6, 0xFF}}},
	{{{-2691, 15396, 2155},0, {2132, 1722},{0xB7, 0x49, 0xB7, 0xFF}}},
	{{{-3710, 15396, 616},0, {-150, -1723},{0xB7, 0x49, 0xB7, 0xFF}}},
	{{{-3710, 15396, 616},0, {3946, -1723},{0xB7, 0x49, 0xB7, 0xFF}}},
	{{{-4774, 15396, 2155},0, {1562, 1722},{0x49, 0x49, 0xB7, 0xFF}}},
	{{{-3710, 15396, 2155},0, {3946, 1722},{0x0, 0x5A, 0xA6, 0xFF}}},
	{{{-4774, 15396, 616},0, {1562, -1723},{0x26, 0x26, 0x8D, 0xFF}}},
	{{{-4774, 15396, 2155},0, {2350, 1722},{0x49, 0x49, 0xB7, 0xFF}}},
	{{{-4774, 16078, 616},0, {822, -1723},{0x0, 0xA6, 0x5A, 0xFF}}},
	{{{-4774, 16078, 2155},0, {822, 1722},{0x49, 0xB7, 0xB7, 0xFF}}},
	{{{-4774, 15396, 616},0, {2350, -1723},{0x26, 0x26, 0x8D, 0xFF}}},
	{{{-3441, 15396, 616},0, {2350, 2373},{0x49, 0xB7, 0x49, 0xFF}}},
	{{{-3441, 16078, -1077},0, {822, -1419},{0x51, 0x9F, 0xEE, 0xFF}}},
	{{{-3441, 16078, 616},0, {822, 2373},{0x26, 0xDA, 0x73, 0xFF}}},
	{{{-3441, 15396, -1077},0, {2350, -1419},{0x5D, 0xAC, 0xEC, 0xFF}}},
	{{{-3441, 15396, 616},0, {-518, -1390},{0x49, 0xB7, 0x49, 0xFF}}},
	{{{-3710, 16078, 616},0, {86, 139},{0xB7, 0xB7, 0xB7, 0xFF}}},
	{{{-3710, 15396, 616},0, {86, -1390},{0xB7, 0x49, 0xB7, 0xFF}}},
	{{{-3441, 16078, 616},0, {-518, 139},{0x26, 0xDA, 0x73, 0xFF}}},
	{{{-815, 14988, 616},0, {9986, -3771},{0x5A, 0xA6, 0x0, 0xFF}}},
	{{{4818, 14988, 3319},0, {-2632, 2282},{0xB7, 0xB7, 0xB7, 0xFF}}},
	{{{-815, 14988, 3319},0, {9986, 2282},{0x49, 0xB7, 0xB7, 0xFF}}},
	{{{3696, 14988, 1356},0, {-118, -2114},{0x26, 0x8D, 0xDA, 0xFF}}},
	{{{3696, 14988, -668},0, {-118, 1543},{0x26, 0x8D, 0x26, 0xFF}}},
	{{{-815, 14988, -1093},0, {9986, 591},{0xB7, 0xB7, 0xB7, 0xFF}}},
	{{{4614, 14988, -668},0, {-2174, 1543},{0xDA, 0x8D, 0x26, 0xFF}}},
	{{{4189, 14988, -1093},0, {-1222, 591},{0xDA, 0x8D, 0xDA, 0xFF}}},
	{{{2293, 14988, -1647},0, {3024, 1400},{0xA3, 0xAD, 0xE6, 0xFF}}},
	{{{2418, 14988, -1093},0, {2744, 2639},{0x26, 0xDA, 0x8D, 0xFF}}},
	{{{2293, 14988, -1093},0, {3024, 2639},{0xB7, 0xB7, 0x49, 0xFF}}},
	{{{2418, 14988, -1647},0, {2744, 1400},{0x5D, 0xAD, 0xE7, 0xFF}}},
	{{{2356, 14988, -1751},0, {2884, 1166},{0x0, 0xB9, 0x96, 0xFF}}},
	{{{3241, 14988, -3027},0, {902, -1691},{0xA3, 0xAD, 0xE7, 0xFF}}},
	{{{3366, 14988, -1093},0, {622, 2639},{0x26, 0xDA, 0x8D, 0xFF}}},
	{{{3241, 14988, -1093},0, {902, 2639},{0xB7, 0xB7, 0x49, 0xFF}}},
	{{{3366, 14988, -3027},0, {622, -1691},{0x5D, 0xAD, 0xE7, 0xFF}}},
	{{{4818, 14988, -2809},0, {1464, -1204},{0x8D, 0xDA, 0xDA, 0xFF}}},
	{{{4614, 14988, -668},0, {1922, 3591},{0xDA, 0x8D, 0x26, 0xFF}}},
	{{{4189, 14988, -1093},0, {2874, 2639},{0xDA, 0x8D, 0xDA, 0xFF}}},
	{{{4189, 14988, -2809},0, {2874, -1204},{0xB7, 0xB7, 0xB7, 0xFF}}},
	{{{4189, 14988, -1093},0, {-1222, 591},{0xDA, 0x8D, 0xDA, 0xFF}}},
	{{{1360, 14988, -1093},0, {5114, 591},{0x0, 0x0, 0x81, 0xFF}}},
	{{{2293, 14988, -1093},0, {3024, 591},{0xB7, 0xB7, 0x49, 0xFF}}},
	{{{4189, 14988, -1093},0, {-1222, 591},{0xDA, 0x8D, 0xDA, 0xFF}}},
	{{{2293, 14988, -1093},0, {3024, 591},{0xB7, 0xB7, 0x49, 0xFF}}},
	{{{2418, 14988, -1093},0, {2744, 591},{0x26, 0xDA, 0x8D, 0xFF}}},
	{{{3241, 14988, -1093},0, {902, 591},{0xB7, 0xB7, 0x49, 0xFF}}},
	{{{2293, 14988, -1647},0, {-3328, 1400},{0xA3, 0xAD, 0xE6, 0xFF}}},
	{{{2293, 16692, -1093},0, {490, 2639},{0xDA, 0x26, 0x8D, 0xFF}}},
	{{{2293, 16692, -1647},0, {490, 1400},{0xA3, 0x53, 0xE6, 0xFF}}},
	{{{2293, 14988, -1093},0, {-3328, 2639},{0xB7, 0xB7, 0x49, 0xFF}}},
	{{{2418, 14988, -1093},0, {3264, 2639},{0x26, 0xDA, 0x8D, 0xFF}}},
	{{{2418, 16692, -1647},0, {-554, 1400},{0x5D, 0x53, 0xE7, 0xFF}}},
	{{{2418, 16692, -1093},0, {-554, 2639},{0x49, 0x49, 0x49, 0xFF}}},
	{{{2418, 14988, -1647},0, {3264, 1400},{0x5D, 0xAD, 0xE7, 0xFF}}},
	{{{8271, 16692, -2809},0, {14398, -7348},{0x49, 0x49, 0xB7, 0xFF}}},
	{{{-3761, 16692, 3319},0, {-12552, 6378},{0x49, 0x49, 0xB7, 0xFF}}},
	{{{8271, 16692, 3319},0, {14398, 6378},{0x26, 0x26, 0x8D, 0xFF}}},
	{{{4189, 16692, -1093},0, {5254, -3505},{0xDA, 0x73, 0xDA, 0xFF}}},
	{{{3366, 16692, -3027},0, {-686, -1691},{0x5D, 0x53, 0xE7, 0xFF}}},
	{{{3241, 16692, -1093},0, {-966, 2639},{0xB7, 0x49, 0x49, 0xFF}}},
	{{{3366, 16692, -1093},0, {-686, 2639},{0x26, 0x26, 0x8D, 0xFF}}},
	{{{3241, 16692, -3027},0, {-966, -1691},{0xA3, 0x53, 0xE7, 0xFF}}},
	{{{2418, 16692, -1647},0, {1288, 1400},{0x5D, 0x53, 0xE7, 0xFF}}},
	{{{2293, 16692, -1093},0, {1008, 2639},{0xDA, 0x26, 0x8D, 0xFF}}},
	{{{2418, 16692, -1093},0, {1288, 2639},{0x49, 0x49, 0x49, 0xFF}}},
	{{{2293, 16692, -1647},0, {1008, 1400},{0xA3, 0x53, 0xE6, 0xFF}}},
	{{{2356, 16692, -1751},0, {1148, 1166},{0x0, 0x47, 0x96, 0xFF}}},
	{{{-815, 16692, -1093},0, {-5954, 591},{0xB7, 0x49, 0xB7, 0xFF}}},
	{{{4189, 16692, -1093},0, {5254, 591},{0xDA, 0x73, 0xDA, 0xFF}}},
	{{{3366, 16692, -1093},0, {3410, 591},{0x26, 0x26, 0x8D, 0xFF}}},
	{{{3241, 16692, -1093},0, {3130, 591},{0xB7, 0x49, 0x49, 0xFF}}},
	{{{2418, 16692, -1093},0, {1288, 591},{0x49, 0x49, 0x49, 0xFF}}},
	{{{-815, 16692, -1093},0, {-1858, 591},{0xB7, 0x49, 0xB7, 0xFF}}},
	{{{2418, 16692, -1093},0, {5384, 591},{0x49, 0x49, 0x49, 0xFF}}},
	{{{2293, 16692, -1093},0, {5104, 591},{0xDA, 0x26, 0x8D, 0xFF}}},
	{{{1360, 16692, -1093},0, {3014, 591},{0x0, 0x0, 0x7F, 0xFF}}},
	{{{4719, -52, -2341},0, {2344, 1893},{0x5A, 0x5A, 0x0, 0xFF}}},
	{{{5118, -52, -2907},0, {3238, 625},{0x53, 0x5D, 0xE9, 0xFF}}},
	{{{3932, -52, -2341},0, {582, 1893},{0x49, 0x49, 0xB7, 0xFF}}},
	{{{3932, -52, -2907},0, {582, 625},{0x62, 0x4F, 0xEC, 0xFF}}},
	{{{4393, -52, -2907},0, {1614, 625},{0x0, 0x41, 0x93, 0xFF}}},
	{{{4186, -52, -2907},0, {1152, 625},{0x0, 0x6D, 0x41, 0xFF}}},
	{{{3932, -174, -2907},0, {3450, 625},{0x62, 0xB1, 0xEC, 0xFF}}},
	{{{4719, -174, -2341},0, {1688, 1893},{0x5A, 0xA6, 0x0, 0xFF}}},
	{{{3932, -174, -2341},0, {3450, 1893},{0x49, 0xB7, 0xB7, 0xFF}}},
	{{{5118, -174, -2341},0, {794, 1893},{0x49, 0xB7, 0x49, 0xFF}}},
	{{{5118, -174, -2907},0, {794, 625},{0x53, 0xA3, 0xE9, 0xFF}}},
	{{{4185, -174, -2907},0, {2882, 625},{0x0, 0x93, 0x41, 0xFF}}},
	{{{5118, -174, -2907},0, {794, 625},{0x53, 0xA3, 0xE9, 0xFF}}},
	{{{4185, -174, -2907},0, {2882, 625},{0x0, 0x93, 0x41, 0xFF}}},
	{{{4392, -174, -2907},0, {2420, 625},{0x0, 0xBF, 0x93, 0xFF}}},
	{{{3932, -174, -2907},0, {3930, 1683},{0x62, 0xB1, 0xEC, 0xFF}}},
	{{{3932, -1540, -2341},0, {870, 2951},{0x49, 0x49, 0xB7, 0xFF}}},
	{{{3932, -808, -5007},0, {2510, -3021},{0x6E, 0x33, 0xDA, 0xFF}}},
	{{{3932, -113, -3020},0, {4066, 1429},{0x7A, 0x0, 0xDE, 0xFF}}},
	{{{3932, -66, -5007},0, {4172, -3021},{0x6E, 0xCD, 0xDA, 0xFF}}},
	{{{3932, -808, -5007},0, {2510, -973},{0x6E, 0x33, 0xDA, 0xFF}}},
	{{{3932, -1540, -2341},0, {870, 4999},{0x49, 0x49, 0xB7, 0xFF}}},
	{{{3932, -808, -6208},0, {2510, -3662},{0x78, 0x1B, 0x21, 0xFF}}},
	{{{3932, -1013, -6551},0, {2050, -4431},{0x74, 0x26, 0xDC, 0xFF}}},
	{{{3932, -1013, -7219},0, {2050, -5928},{0x4B, 0x47, 0xB6, 0xFF}}},
	{{{3932, -1540, -2907},0, {870, 3731},{0x73, 0x26, 0xDA, 0xFF}}},
	{{{3932, -1013, -7219},0, {2050, -3880},{0x4B, 0x47, 0xB6, 0xFF}}},
	{{{3932, -1540, -2907},0, {870, 5779},{0x73, 0x26, 0xDA, 0xFF}}},
	{{{3932, -2099, -7219},0, {-382, -3880},{0x49, 0xB7, 0xB7, 0xFF}}},
	{{{3932, -2099, -2907},0, {-382, 5779},{0x26, 0xDA, 0x8D, 0xFF}}},
	{{{3932, 72, -6551},0, {4482, -335},{0x49, 0x49, 0xB7, 0xFF}}},
	{{{3932, -66, -6208},0, {4172, 434},{0x78, 0xE5, 0x21, 0xFF}}},
	{{{3932, -1013, -6551},0, {2050, -335},{0x74, 0x26, 0xDC, 0xFF}}},
	{{{3932, -808, -6208},0, {2510, 434},{0x78, 0x1B, 0x21, 0xFF}}},
	{{{-794, -3753, -3654},0, {4022, -2038},{0xB7, 0xB7, 0xB7, 0xFF}}},
	{{{-794, -1415, -1243},0, {-1214, 3362},{0xB7, 0x49, 0x49, 0xFF}}},
	{{{-794, -1415, -3654},0, {-1214, -2038},{0xB7, 0x49, 0xB7, 0xFF}}},
	{{{-794, -3753, -1243},0, {4022, 3362},{0xB7, 0xB7, 0x49, 0xFF}}},
	{{{4719, -2099, -1243},0, {-382, 1314},{0x5A, 0x0, 0x5A, 0xFF}}},
	{{{4719, 1649, -2341},0, {8014, -1145},{0x49, 0x49, 0xB7, 0xFF}}},
	{{{4719, 1649, -1243},0, {8014, 1314},{0x49, 0x49, 0x49, 0xFF}}},
	{{{4719, 867, -2341},0, {6262, -1145},{0x5A, 0x0, 0xA6, 0xFF}}},
	{{{4719, 867, -2341},0, {6262, -1145},{0x5A, 0x0, 0xA6, 0xFF}}},
	{{{4719, -2099, -1243},0, {-382, 1314},{0x5A, 0x0, 0x5A, 0xFF}}},
	{{{4719, -52, -2341},0, {4204, -1145},{0x5A, 0x5A, 0x0, 0xFF}}},
	{{{4719, -174, -2341},0, {3930, -1145},{0x5A, 0xA6, 0x0, 0xFF}}},
	{{{4719, -1540, -2341},0, {870, -1145},{0x73, 0x26, 0xDA, 0xFF}}},
	{{{4719, -2099, -2341},0, {-382, -1145},{0x7F, 0x0, 0x0, 0xFF}}},
	{{{5118, -174, -2341},0, {3930, 903},{0x49, 0xB7, 0x49, 0xFF}}},
	{{{5118, -52, -2907},0, {4204, -365},{0x53, 0x5D, 0xE9, 0xFF}}},
	{{{5118, -52, -2341},0, {4204, 903},{0x49, 0x49, 0x49, 0xFF}}},
	{{{5118, -113, -3020},0, {4066, -619},{0x46, 0x0, 0x96, 0xFF}}},
	{{{5118, -174, -2907},0, {3930, -365},{0x53, 0xA3, 0xE9, 0xFF}}},
	{{{4719, -174, -2341},0, {2870, -396},{0x5A, 0xA6, 0x0, 0xFF}}},
	{{{5118, -52, -2341},0, {3758, -107},{0x49, 0x49, 0x49, 0xFF}}},
	{{{4719, -52, -2341},0, {2864, -122},{0x5A, 0x5A, 0x0, 0xFF}}},
	{{{5118, -174, -2341},0, {3764, -381},{0x49, 0xB7, 0x49, 0xFF}}},
	{{{4719, -1540, -2907},0, {1390, -365},{0x49, 0x49, 0xB7, 0xFF}}},
	{{{3932, -1540, -2341},0, {3150, 903},{0x49, 0x49, 0xB7, 0xFF}}},
	{{{4719, -1540, -2341},0, {1390, 903},{0x73, 0x26, 0xDA, 0xFF}}},
	{{{3932, -1540, -2907},0, {3150, -365},{0x73, 0x26, 0xDA, 0xFF}}},
	{{{-4946, -10148, 4672},0, {1754, 1276},{0x52, 0xF8, 0x9F, 0xFF}}},
	{{{-4946, -9543, 3712},0, {400, -873},{0x49, 0xB7, 0x49, 0xFF}}},
	{{{-4946, -9543, 4672},0, {400, 1276},{0x49, 0xB7, 0xB7, 0xFF}}},
	{{{-4946, -10148, 3712},0, {1754, -873},{0x26, 0xDA, 0x73, 0xFF}}},
	{{{-6434, -10753, 3712},0, {-2840, -102},{0x0, 0x93, 0x41, 0xFF}}},
	{{{-7748, -10148, 3712},0, {102, 1253},{0x0, 0x9D, 0x50, 0xFF}}},
	{{{-7748, -10753, 3712},0, {102, -102},{0x0, 0x8D, 0x36, 0xFF}}},
	{{{-6434, -10148, 3712},0, {-2840, 1253},{0x0, 0xA0, 0x54, 0xFF}}},
	{{{-4285, -10753, 4825},0, {3110, -429},{0x49, 0xB7, 0x49, 0xFF}}},
	{{{-4285, -9543, 4672},0, {400, -772},{0x49, 0xB7, 0x49, 0xFF}}},
	{{{-4285, -9543, 4825},0, {400, -429},{0x49, 0x49, 0x49, 0xFF}}},
	{{{-4285, -10753, 4672},0, {3110, -772},{0x49, 0xB7, 0xB7, 0xFF}}},
	{{{-7748, -10148, 3712},0, {102, -873},{0x0, 0x9D, 0x50, 0xFF}}},
	{{{-6732, -10148, 4672},0, {-2174, 1276},{0xC3, 0xB4, 0xAE, 0xFF}}},
	{{{-7327, -10148, 4672},0, {-840, 1276},{0x37, 0xB3, 0xAB, 0xFF}}},
	{{{-6434, -10148, 3712},0, {-2840, -873},{0x0, 0xA0, 0x54, 0xFF}}},
	{{{-8860, -8098, 3712},0, {-1322, -873},{0xA6, 0x5A, 0x0, 0xFF}}},
	{{{-8860, -6872, 4672},0, {1424, 1276},{0xB7, 0xB7, 0xB7, 0xFF}}},
	{{{-8860, -6872, 3712},0, {1424, -873},{0xB7, 0xB7, 0x49, 0xFF}}},
	{{{-8860, -8098, 4672},0, {-1322, 1276},{0xB7, 0x49, 0xB7, 0xFF}}},
	{{{-4285, -10753, 3712},0, {538, -102},{0x49, 0xB7, 0x49, 0xFF}}},
	{{{-5244, -10148, 3712},0, {2686, 1253},{0x0, 0xA0, 0x54, 0xFF}}},
	{{{-5244, -10753, 3712},0, {2686, -102},{0x0, 0x93, 0x41, 0xFF}}},
	{{{-4946, -10148, 3712},0, {2020, 1253},{0x26, 0xDA, 0x73, 0xFF}}},
	{{{-4946, -9543, 3712},0, {2020, 2608},{0x49, 0xB7, 0x49, 0xFF}}},
	{{{-4285, -9543, 3712},0, {538, 2608},{0x73, 0xDA, 0x26, 0xFF}}},
	{{{-4285, -9338, 8021},0, {-60, 585},{0x73, 0x26, 0x26, 0xFF}}},
	{{{-4285, -8750, 7941},0, {-1376, 407},{0x26, 0x8D, 0xDA, 0xFF}}},
	{{{-4285, -8750, 8021},0, {-1376, 585},{0x26, 0xDA, 0x73, 0xFF}}},
	{{{-4285, -9338, 7941},0, {-60, 407},{0x73, 0x26, 0xDA, 0xFF}}},
	{{{-5244, -10753, 3712},0, {-1410, -102},{0x0, 0x93, 0x41, 0xFF}}},
	{{{-6434, -10148, 3712},0, {1256, 1253},{0x0, 0xA0, 0x54, 0xFF}}},
	{{{-6434, -10753, 3712},0, {1256, -102},{0x0, 0x93, 0x41, 0xFF}}},
	{{{-5244, -10148, 3712},0, {-1410, 1253},{0x0, 0xA0, 0x54, 0xFF}}},
	{{{-4285, -7076, 6925},0, {538, -58},{0x73, 0x26, 0x26, 0xFF}}},
	{{{-4946, -5238, 6925},0, {2020, 4058},{0x49, 0xB7, 0x49, 0xFF}}},
	{{{-4946, -7076, 6925},0, {2020, -58},{0x49, 0x49, 0x49, 0xFF}}},
	{{{-4285, -5238, 6925},0, {538, 4058},{0x73, 0xDA, 0x26, 0xFF}}},
	{{{-4946, -8750, 6883},0, {2020, 83},{0x55, 0xAB, 0xD6, 0xFF}}},
	{{{-4285, -8750, 6925},0, {538, 177},{0x5A, 0x0, 0x5A, 0xFF}}},
	{{{-4946, -8750, 6925},0, {2020, 177},{0x55, 0xAB, 0x2A, 0xFF}}},
	{{{-4285, -8750, 6883},0, {538, 83},{0x37, 0x91, 0xE5, 0xFF}}},
	{{{-4946, -8750, 6844},0, {2020, -2},{0x55, 0xAB, 0xD6, 0xFF}}},
	{{{-4285, -8750, 6883},0, {538, 83},{0x37, 0x91, 0xE5, 0xFF}}},
	{{{-4946, -8750, 6883},0, {2020, 83},{0x55, 0xAB, 0xD6, 0xFF}}},
	{{{-4285, -8750, 6844},0, {538, -2},{0x1E, 0x88, 0xE2, 0xFF}}},
	{{{-5194, -10753, 5059},0, {-1522, 95},{0x0, 0x81, 0x0, 0xFF}}},
	{{{-5052, -10753, 5191},0, {-1840, 391},{0x0, 0x81, 0x0, 0xFF}}},
	{{{-5138, -10753, 5778},0, {-1646, 1704},{0x0, 0x81, 0x0, 0xFF}}},
	{{{-4946, -10753, 4825},0, {-2076, -429},{0x26, 0x8D, 0x26, 0xFF}}},
	{{{-5244, -10753, 4802},0, {-1410, -480},{0x0, 0x81, 0x0, 0xFF}}},
	{{{-4946, -10753, 5824},0, {-2076, 1808},{0x26, 0x8D, 0xDA, 0xFF}}},
	{{{-5477, -10753, 5162},0, {-888, 326},{0x0, 0x81, 0x0, 0xFF}}},
	{{{-8169, -10753, 4672},0, {5142, -772},{0xA3, 0xAC, 0xED, 0xFF}}},
	{{{-4285, -10753, 4672},0, {-3558, -772},{0x49, 0xB7, 0xB7, 0xFF}}},
	{{{-7327, -10753, 4672},0, {3256, -772},{0x20, 0xE6, 0x88, 0xFF}}},
	{{{-6732, -10753, 4672},0, {1922, -772},{0xAB, 0xB8, 0x3E, 0xFF}}},
	{{{-6137, -10753, 4672},0, {590, -772},{0x22, 0xE3, 0x89, 0xFF}}},
	{{{-4285, -10753, 4672},0, {-3558, -772},{0x49, 0xB7, 0xB7, 0xFF}}},
	{{{-6137, -10753, 4672},0, {590, -772},{0x22, 0xE3, 0x89, 0xFF}}},
	{{{-5542, -10753, 4672},0, {-744, -772},{0xAB, 0xB8, 0x3E, 0xFF}}},
	{{{-4946, -10753, 4825},0, {2020, -429},{0x26, 0x8D, 0x26, 0xFF}}},
	{{{-5244, -10753, 4802},0, {2686, -480},{0x0, 0x81, 0x0, 0xFF}}},
	{{{-4285, -10753, 4825},0, {538, -429},{0x49, 0xB7, 0x49, 0xFF}}},
	{{{-4285, -10753, 4672},0, {538, -772},{0x49, 0xB7, 0xB7, 0xFF}}},
	{{{-9692, -10753, 5307},0, {4456, -5494},{0xB0, 0xA4, 0xDC, 0xFF}}},
	{{{-4285, -10753, 10458},0, {-7654, 6043},{0x26, 0xDA, 0x8D, 0xFF}}},
	{{{-9692, -10753, 10458},0, {4456, 6043},{0xDA, 0xDA, 0x8D, 0xFF}}},
	{{{-5294, -10753, 5818},0, {-5394, -4350},{0x0, 0x81, 0x0, 0xFF}}},
	{{{-4285, -10753, 10458},0, {538, 6043},{0x26, 0xDA, 0x8D, 0xFF}}},
	{{{-5294, -10753, 5818},0, {2798, -4350},{0x0, 0x81, 0x0, 0xFF}}},
	{{{-4946, -10753, 5824},0, {2020, -4336},{0x26, 0x8D, 0xDA, 0xFF}}},
	{{{-4285, -10753, 5824},0, {538, -4336},{0x49, 0xB7, 0xB7, 0xFF}}},
	{{{-9692, -6872, 3712},0, {360, -873},{0x8D, 0xDA, 0x26, 0xFF}}},
	{{{-8860, -6872, 4672},0, {-1502, 1276},{0xB7, 0xB7, 0xB7, 0xFF}}},
	{{{-9692, -6872, 4672},0, {360, 1276},{0x0, 0x5A, 0xA6, 0xFF}}},
	{{{-8860, -6872, 3712},0, {-1502, -873},{0xB7, 0xB7, 0x49, 0xFF}}},
	{{{-4946, -9543, 5313},0, {400, 664},{0x5A, 0xA6, 0x0, 0xFF}}},
	{{{-4946, -10753, 5824},0, {3110, 1808},{0x26, 0x8D, 0xDA, 0xFF}}},
	{{{-4946, -9543, 4825},0, {400, -429},{0x49, 0xB7, 0x49, 0xFF}}},
	{{{-4946, -10753, 4825},0, {3110, -429},{0x26, 0x8D, 0x26, 0xFF}}},
	{{{-6434, -10148, 3712},0, {1256, -873},{0x0, 0xA0, 0x54, 0xFF}}},
	{{{-5542, -10148, 4672},0, {-744, 1276},{0xC3, 0xB4, 0xAE, 0xFF}}},
	{{{-6137, -10148, 4672},0, {590, 1276},{0x3D, 0xB4, 0xAE, 0xFF}}},
	{{{-5244, -10148, 3712},0, {-1410, -873},{0x0, 0xA0, 0x54, 0xFF}}},
	{{{-4946, -9543, 3712},0, {2020, -873},{0x49, 0xB7, 0x49, 0xFF}}},
	{{{-4285, -9543, 4672},0, {538, 1276},{0x49, 0xB7, 0x49, 0xFF}}},
	{{{-4946, -9543, 4672},0, {2020, 1276},{0x49, 0xB7, 0xB7, 0xFF}}},
	{{{-4285, -9543, 3712},0, {538, -873},{0x73, 0xDA, 0x26, 0xFF}}},
	{{{-9529, -10148, 3712},0, {2278, -873},{0xDA, 0xDA, 0x73, 0xFF}}},
	{{{-9529, -9627, 4672},0, {3444, 1276},{0xDA, 0x26, 0x8D, 0xFF}}},
	{{{-9529, -9627, 3712},0, {3444, -873},{0xDA, 0x26, 0x73, 0xFF}}},
	{{{-9529, -10148, 4672},0, {2278, 1276},{0xB7, 0xB7, 0x49, 0xFF}}},
	{{{-9529, -10148, 3712},0, {-4, -873},{0xDA, 0xDA, 0x73, 0xFF}}},
	{{{-8931, -10148, 4672},0, {-1344, 1276},{0x0, 0x8A, 0xD1, 0xFF}}},
	{{{-9529, -10148, 4672},0, {-4, 1276},{0xB7, 0xB7, 0x49, 0xFF}}},
	{{{-8169, -10148, 4672},0, {-3050, 1276},{0xBC, 0xA2, 0xCC, 0xFF}}},
	{{{-7748, -10148, 3712},0, {-3994, -873},{0x0, 0x9D, 0x50, 0xFF}}},
	{{{-8860, -9627, 3712},0, {1438, -873},{0xB7, 0x49, 0x49, 0xFF}}},
	{{{-9529, -9627, 4672},0, {-60, 1276},{0xDA, 0x26, 0x8D, 0xFF}}},
	{{{-8860, -9627, 4672},0, {1438, 1276},{0xB7, 0x49, 0xB7, 0xFF}}},
	{{{-9529, -9627, 3712},0, {-60, -873},{0xDA, 0x26, 0x73, 0xFF}}},
	{{{-8860, -9627, 3712},0, {-652, -873},{0xB7, 0x49, 0x49, 0xFF}}},
	{{{-8860, -8939, 4672},0, {888, 1276},{0xB7, 0xB7, 0xB7, 0xFF}}},
	{{{-8860, -8939, 3712},0, {888, -873},{0xA6, 0xA6, 0x0, 0xFF}}},
	{{{-8860, -8939, 4672},0, {888, 1276},{0xB7, 0xB7, 0xB7, 0xFF}}},
	{{{-8860, -9627, 3712},0, {-652, -873},{0xB7, 0x49, 0x49, 0xFF}}},
	{{{-8860, -9627, 4672},0, {-652, 1276},{0xB7, 0x49, 0xB7, 0xFF}}},
	{{{-4285, -6001, 7941},0, {1752, -3689},{0x51, 0x3E, 0xB5, 0xFF}}},
	{{{-4946, -5821, 10458},0, {216, 1947},{0x51, 0x3E, 0xB5, 0xFF}}},
	{{{-4285, -6001, 10458},0, {1752, 1947},{0x31, 0x26, 0x91, 0xFF}}},
	{{{-4946, -5821, 7941},0, {216, -3689},{0x76, 0x23, 0xE2, 0xFF}}},
	{{{-9753, -8098, 3643},0, {2774, -1030},{0xA3, 0x53, 0xE7, 0xFF}}},
	{{{-9753, -8146, 4330},0, {2666, 509},{0x81, 0x0, 0x0, 0xFF}}},
	{{{-9753, -8098, 4672},0, {2774, 1276},{0x8D, 0x26, 0xDA, 0xFF}}},
	{{{-9753, -8939, 3643},0, {888, -1030},{0xA3, 0xAD, 0xE7, 0xFF}}},
	{{{-9753, -8462, 4179},0, {1958, 171},{0x81, 0x0, 0x0, 0xFF}}},
	{{{-9753, -8770, 4329},0, {1268, 509},{0x81, 0x0, 0x0, 0xFF}}},
	{{{-9753, -8791, 4470},0, {1222, 823},{0x81, 0x0, 0x0, 0xFF}}},
	{{{-9753, -8357, 4329},0, {2194, 509},{0x81, 0x0, 0x0, 0xFF}}},
	{{{-9753, -8098, 4672},0, {2774, -6916},{0x8D, 0x26, 0xDA, 0xFF}}},
	{{{-9753, -8146, 4330},0, {2666, -7683},{0x81, 0x0, 0x0, 0xFF}}},
	{{{-9753, -8098, 10458},0, {2774, 6043},{0x8E, 0x0, 0x39, 0xFF}}},
	{{{-9753, -8939, 10458},0, {888, 6043},{0xE2, 0xE2, 0x88, 0xFF}}},
	{{{-9753, -8477, 4596},0, {1924, -7086},{0x81, 0x0, 0x0, 0xFF}}},
	{{{-9753, -8791, 4470},0, {1222, -7369},{0x81, 0x0, 0x0, 0xFF}}},
	{{{-9692, -10753, 3712},0, {360, -102},{0xB7, 0xB7, 0x49, 0xFF}}},
	{{{-9529, -10148, 3712},0, {-4, 1253},{0xDA, 0xDA, 0x73, 0xFF}}},
	{{{-9692, -8939, 3712},0, {360, 3961},{0xB9, 0x96, 0x0, 0xFF}}},
	{{{-7748, -10753, 3712},0, {-3994, -102},{0x0, 0x8D, 0x36, 0xFF}}},
	{{{-7748, -10148, 3712},0, {-3994, 1253},{0x0, 0x9D, 0x50, 0xFF}}},
	{{{-9529, -9627, 3712},0, {-4, 372},{0xDA, 0x26, 0x73, 0xFF}}},
	{{{-9692, -8939, 3712},0, {360, 1913},{0xB9, 0x96, 0x0, 0xFF}}},
	{{{-9529, -10148, 3712},0, {-4, -795},{0xDA, 0xDA, 0x73, 0xFF}}},
	{{{-8860, -8939, 3712},0, {-1502, 1913},{0xA6, 0xA6, 0x0, 0xFF}}},
	{{{-8860, -9627, 3712},0, {-1502, 372},{0xB7, 0x49, 0x49, 0xFF}}},
	{{{-4285, -6212, 8440},0, {1132, 1523},{0x7F, 0x0, 0x0, 0xFF}}},
	{{{-4285, -6410, 7941},0, {1574, 407},{0x5A, 0x0, 0xA6, 0xFF}}},
	{{{-4285, -6001, 7941},0, {658, 407},{0x51, 0x3E, 0xB5, 0xFF}}},
	{{{-4285, -6303, 8281},0, {1334, 1168},{0x7F, 0x0, 0x0, 0xFF}}},
	{{{-4285, -6410, 7941},0, {1574, -1641},{0x5A, 0x0, 0xA6, 0xFF}}},
	{{{-4285, -6303, 8281},0, {1334, -880},{0x7F, 0x0, 0x0, 0xFF}}},
	{{{-4285, -6777, 8509},0, {2396, -369},{0x7F, 0x0, 0x0, 0xFF}}},
	{{{-4285, -6654, 8231},0, {2122, -992},{0x7F, 0x0, 0x0, 0xFF}}},
	{{{-4285, -6001, 10458},0, {658, 1947},{0x31, 0x26, 0x91, 0xFF}}},
	{{{-4285, -6212, 8440},0, {1132, -2573},{0x7F, 0x0, 0x0, 0xFF}}},
	{{{-4285, -6001, 7941},0, {658, -3689},{0x51, 0x3E, 0xB5, 0xFF}}},
	{{{-4285, -7076, 10458},0, {3066, 1947},{0x5A, 0x0, 0xA6, 0xFF}}},
	{{{-4285, -6212, 8440},0, {-2964, -2573},{0x7F, 0x0, 0x0, 0xFF}}},
	{{{-4285, -7076, 10458},0, {-1030, 1947},{0x5A, 0x0, 0xA6, 0xFF}}},
	{{{-4285, -6501, 8855},0, {-2318, -1644},{0x7F, 0x0, 0x0, 0xFF}}},
	{{{-4285, -6974, 8662},0, {-1258, -2075},{0x7F, 0x0, 0x0, 0xFF}}},
	{{{-4285, -7076, 7941},0, {-1030, -3689},{0x73, 0x26, 0xDA, 0xFF}}},
	{{{-4285, -6974, 8662},0, {-1258, -2075},{0x7F, 0x0, 0x0, 0xFF}}},
	{{{-4285, -7076, 10458},0, {-1030, 1947},{0x5A, 0x0, 0xA6, 0xFF}}},
	{{{-4285, -7349, 9301},0, {-420, -644},{0x7F, 0x0, 0x0, 0xFF}}},
	{{{-4285, -7396, 9448},0, {-314, -315},{0x7F, 0x0, 0x0, 0xFF}}},
	{{{-4285, -7785, 9712},0, {556, 276},{0x7F, 0x0, 0x0, 0xFF}}},
	{{{-4285, -8022, 9448},0, {1088, -315},{0x7F, 0x0, 0x0, 0xFF}}},
	{{{-8772, 4009, 3702},0, {1636, -896},{0xB7, 0x49, 0x49, 0xFF}}},
	{{{-9551, 4009, 4712},0, {-108, 1365},{0x49, 0x49, 0xB7, 0xFF}}},
	{{{-8772, 4009, 4712},0, {1636, 1365},{0xB7, 0x49, 0xB7, 0xFF}}},
	{{{-9551, 4009, 3702},0, {-108, -896},{0x49, 0x49, 0x49, 0xFF}}},
	{{{-8772, 4009, 3702},0, {-1700, -1855},{0xB7, 0x49, 0x49, 0xFF}}},
	{{{-9551, 4917, 3702},0, {44, 180},{0x5A, 0x0, 0x5A, 0xFF}}},
	{{{-9551, 4009, 3702},0, {44, -1855},{0x49, 0x49, 0x49, 0xFF}}},
	{{{-8772, 4917, 3702},0, {-1700, 180},{0xA6, 0x0, 0x5A, 0xFF}}},
	{{{-9551, 5021, 3702},0, {44, 412},{0x26, 0x73, 0x26, 0xFF}}},
	{{{-9551, 5021, 3702},0, {44, 412},{0x26, 0x73, 0x26, 0xFF}}},
	{{{-8772, 4917, 3702},0, {-1700, 180},{0xA6, 0x0, 0x5A, 0xFF}}},
	{{{-8772, 5021, 3702},0, {-1700, 412},{0xDA, 0x73, 0x26, 0xFF}}},
	{{{-9551, 4917, 4712},0, {780, 1365},{0x5A, 0x0, 0xA6, 0xFF}}},
	{{{-9551, 5021, 3702},0, {548, -896},{0x26, 0x73, 0x26, 0xFF}}},
	{{{-9551, 5021, 4712},0, {548, 1365},{0x26, 0x73, 0xDA, 0xFF}}},
	{{{-9551, 4917, 3702},0, {780, -896},{0x5A, 0x0, 0x5A, 0xFF}}},
	{{{-9551, 4009, 4712},0, {2814, 1365},{0x49, 0x49, 0xB7, 0xFF}}},
	{{{-9551, 4009, 3702},0, {2814, -896},{0x49, 0x49, 0x49, 0xFF}}},
	{{{-9692, -8098, 10458},0, {2298, 1750},{0x0, 0x0, 0x81, 0xFF}}},
	{{{-9753, -8939, 10458},0, {2162, -135},{0xE2, 0xE2, 0x88, 0xFF}}},
	{{{-9753, -8098, 10458},0, {2162, 1750},{0x8E, 0x0, 0x39, 0xFF}}},
	{{{-9692, -8939, 10458},0, {2298, -135},{0xCC, 0xCC, 0x98, 0xFF}}},
	{{{-4285, -7076, 6925},0, {3494, -1871},{0x73, 0x26, 0x26, 0xFF}}},
	{{{-4946, -7076, 7941},0, {2012, 407},{0x49, 0x49, 0xB7, 0xFF}}},
	{{{-4285, -7076, 7941},0, {3494, 407},{0x73, 0x26, 0xDA, 0xFF}}},
	{{{-4946, -7076, 7941},0, {2012, 407},{0x49, 0x49, 0xB7, 0xFF}}},
	{{{-4285, -7076, 6925},0, {3494, -1871},{0x73, 0x26, 0x26, 0xFF}}},
	{{{-4946, -7076, 6925},0, {2012, -1871},{0x49, 0x49, 0x49, 0xFF}}},
	{{{-4285, 3831, 7147},0, {3212, 675},{0x5A, 0xA6, 0x0, 0xFF}}},
	{{{-4285, 3870, 7147},0, {3126, 675},{0x6F, 0xDA, 0xCF, 0xFF}}},
	{{{-4285, 3831, 7289},0, {3212, 992},{0x2D, 0x8C, 0x1C, 0xFF}}},
	{{{-4285, 3831, 6847},0, {3212, 4},{0x73, 0xDA, 0x26, 0xFF}}},
	{{{-8860, -8098, 3712},0, {1438, -873},{0xA6, 0x5A, 0x0, 0xFF}}},
	{{{-9753, -8098, 4672},0, {-562, 1276},{0x8D, 0x26, 0xDA, 0xFF}}},
	{{{-8860, -8098, 4672},0, {1438, 1276},{0xB7, 0x49, 0xB7, 0xFF}}},
	{{{-9692, -8098, 3712},0, {-424, -873},{0xB9, 0x6A, 0x0, 0xFF}}},
	{{{-8772, 4917, 4712},0, {-844, 1365},{0xA6, 0x0, 0xA6, 0xFF}}},
	{{{-8772, 4009, 3702},0, {-2878, -896},{0xB7, 0x49, 0x49, 0xFF}}},
	{{{-8772, 4009, 4712},0, {-2878, 1365},{0xB7, 0x49, 0xB7, 0xFF}}},
	{{{-8772, 4917, 3702},0, {-844, -896},{0xA6, 0x0, 0x5A, 0xFF}}},
	{{{-8772, 5021, 4712},0, {-612, 1365},{0xB7, 0x49, 0x49, 0xFF}}},
	{{{-8772, 4917, 3702},0, {-844, -896},{0xA6, 0x0, 0x5A, 0xFF}}},
	{{{-8772, 5021, 4712},0, {-612, 1365},{0xB7, 0x49, 0x49, 0xFF}}},
	{{{-8772, 5021, 3702},0, {-612, -896},{0xDA, 0x73, 0x26, 0xFF}}},
	{{{-4946, -5821, 10458},0, {254, 1947},{0x51, 0x3E, 0xB5, 0xFF}}},
	{{{-4946, -5238, 7941},0, {-1050, -3689},{0x5A, 0xA6, 0x0, 0xFF}}},
	{{{-4946, -5238, 10458},0, {-1050, 1947},{0x49, 0xB7, 0xB7, 0xFF}}},
	{{{-4946, -5821, 7941},0, {254, -3689},{0x76, 0x23, 0xE2, 0xFF}}},
	{{{-8860, -8098, 3712},0, {1438, 1750},{0xA6, 0x5A, 0x0, 0xFF}}},
	{{{-9692, -8939, 3712},0, {-424, -135},{0xB9, 0x96, 0x0, 0xFF}}},
	{{{-9692, -8098, 3712},0, {-424, 1750},{0xB9, 0x6A, 0x0, 0xFF}}},
	{{{-8860, -8939, 3712},0, {1438, -135},{0xA6, 0xA6, 0x0, 0xFF}}},
	{{{-9692, 5021, 3437},0, {11676, -7635},{0xDA, 0x26, 0x73, 0xFF}}},
	{{{-9692, -6872, 3712},0, {-14960, -7017},{0x8D, 0xDA, 0x26, 0xFF}}},
	{{{-9692, 5021, 10458},0, {11676, 8091},{0xDA, 0x26, 0x8D, 0xFF}}},
	{{{-9692, -6872, 10458},0, {-14960, 8091},{0xB7, 0x49, 0xB7, 0xFF}}},
	{{{-9692, -8098, 3537},0, {6870, 782},{0x82, 0x8, 0xF3, 0xFF}}},
	{{{-9692, -10753, 3437},0, {922, 557},{0xDA, 0xDA, 0x73, 0xFF}}},
	{{{-9692, -8939, 3537},0, {4984, 782},{0x82, 0xF8, 0xF3, 0xFF}}},
	{{{-9692, -8939, 3712},0, {4984, 1175},{0xB9, 0x96, 0x0, 0xFF}}},
	{{{-9692, -10753, 3712},0, {922, 1175},{0xB7, 0xB7, 0x49, 0xFF}}},
	{{{-9692, -10148, 4672},0, {2278, -6916},{0xB0, 0xD9, 0xA5, 0xFF}}},
	{{{-9692, -8939, 10458},0, {4984, 6043},{0xCC, 0xCC, 0x98, 0xFF}}},
	{{{-9692, -8939, 4672},0, {4984, -6916},{0xDA, 0x8D, 0xDA, 0xFF}}},
	{{{-9692, -10753, 10458},0, {922, 6043},{0xDA, 0xDA, 0x8D, 0xFF}}},
	{{{-9692, -10753, 5307},0, {922, -5494},{0xB0, 0xA4, 0xDC, 0xFF}}},
	{{{-4285, -9543, 5824},0, {538, 1808},{0x73, 0xDA, 0xDA, 0xFF}}},
	{{{-4946, -9543, 5313},0, {2020, 664},{0x5A, 0xA6, 0x0, 0xFF}}},
	{{{-4285, -9543, 4825},0, {538, -429},{0x49, 0x49, 0x49, 0xFF}}},
	{{{-4946, -9543, 4825},0, {2020, -429},{0x49, 0xB7, 0x49, 0xFF}}},
	{{{-9753, -8939, 3643},0, {498, -7174},{0xA3, 0xAD, 0xE7, 0xFF}}},
	{{{-9692, -8939, 10458},0, {360, 8091},{0xCC, 0xCC, 0x98, 0xFF}}},
	{{{-9753, -8939, 10458},0, {498, 8091},{0xE2, 0xE2, 0x88, 0xFF}}},
	{{{-9692, -8939, 4672},0, {360, -4868},{0xDA, 0x8D, 0xDA, 0xFF}}},
	{{{-9692, -8939, 4672},0, {360, 1276},{0xDA, 0x8D, 0xDA, 0xFF}}},
	{{{-9753, -8939, 3643},0, {498, -1030},{0xA3, 0xAD, 0xE7, 0xFF}}},
	{{{-8860, -8939, 4672},0, {-1502, 1276},{0xB7, 0xB7, 0xB7, 0xFF}}},
	{{{-9692, -8939, 3712},0, {360, -873},{0xB9, 0x96, 0x0, 0xFF}}},
	{{{-8860, -8939, 3712},0, {-1502, -873},{0xA6, 0xA6, 0x0, 0xFF}}},
	{{{-8860, -8098, 3712},0, {-1502, -298},{0xA6, 0x5A, 0x0, 0xFF}}},
	{{{-9692, -6872, 3712},0, {360, 2448},{0x8D, 0xDA, 0x26, 0xFF}}},
	{{{-9692, -8098, 3712},0, {360, -298},{0xB9, 0x6A, 0x0, 0xFF}}},
	{{{-8860, -6872, 3712},0, {-1502, 2448},{0xB7, 0xB7, 0x49, 0xFF}}},
	{{{-7734, -1475, 6774},0, {-574, -4256},{0x52, 0xC2, 0x4B, 0xFF}}},
	{{{-7434, -1391, 10189},0, {-1272, 3392},{0xC, 0xA3, 0xAA, 0xFF}}},
	{{{-7734, -1475, 10189},0, {-574, 3392},{0x52, 0xC2, 0xB5, 0xFF}}},
	{{{-7434, -1391, 10189},0, {-1272, 3392},{0xC, 0xA3, 0xAA, 0xFF}}},
	{{{-7734, -1475, 6774},0, {-574, -4256},{0x52, 0xC2, 0x4B, 0xFF}}},
	{{{-7434, -1391, 6774},0, {-1272, -4256},{0xC, 0xA3, 0x56, 0xFF}}},
	{{{-4285, -8750, 6844},0, {-1376, -2},{0x1E, 0x88, 0xE2, 0xFF}}},
	{{{-4285, -9338, 6883},0, {-60, 83},{0x6F, 0x37, 0xE5, 0xFF}}},
	{{{-4285, -9338, 6844},0, {-60, -2},{0x66, 0x44, 0xDE, 0xFF}}},
	{{{-4285, -8750, 6883},0, {-1376, 83},{0x37, 0x91, 0xE5, 0xFF}}},
	{{{-4285, -9338, 6925},0, {-60, 177},{0x66, 0x44, 0x22, 0xFF}}},
	{{{-4285, -8750, 6925},0, {-1376, 177},{0x5A, 0x0, 0x5A, 0xFF}}},
	{{{-4946, -5821, 7941},0, {254, 407},{0x76, 0x23, 0xE2, 0xFF}}},
	{{{-4946, -5238, 6925},0, {-1050, -1871},{0x49, 0xB7, 0x49, 0xFF}}},
	{{{-4946, -5238, 7941},0, {-1050, 407},{0x5A, 0xA6, 0x0, 0xFF}}},
	{{{-4946, -7076, 6925},0, {3066, -1871},{0x49, 0x49, 0x49, 0xFF}}},
	{{{-4946, -6410, 7941},0, {1574, 407},{0x5A, 0x0, 0xA6, 0xFF}}},
	{{{-4285, -9338, 6925},0, {538, 1021},{0x66, 0x44, 0x22, 0xFF}}},
	{{{-4946, -8750, 6925},0, {2020, 2336},{0x55, 0xAB, 0x2A, 0xFF}}},
	{{{-4946, -9338, 6925},0, {2020, 1021},{0x55, 0x55, 0x2A, 0xFF}}},
	{{{-4285, -8750, 6925},0, {538, 2336},{0x5A, 0x0, 0x5A, 0xFF}}},
	{{{-6329, -2151, 9021},0, {1020, -1315},{0x0, 0x5A, 0x5A, 0xFF}}},
	{{{-7010, -1391, 9021},0, {2546, 388},{0xDA, 0x8D, 0x26, 0xFF}}},
	{{{-7010, -2151, 9021},0, {2546, -1315},{0xDA, 0x73, 0x26, 0xFF}}},
	{{{-6329, -1391, 9021},0, {1020, 388},{0x0, 0xA6, 0x5A, 0xFF}}},
	{{{-5648, -2151, 9021},0, {-506, -1315},{0x0, 0x5A, 0x5A, 0xFF}}},
	{{{-5648, -1391, 9021},0, {-506, 388},{0x0, 0xA6, 0x5A, 0xFF}}},
	{{{-4966, -2151, 9021},0, {-2032, -1315},{0x0, 0x5A, 0x5A, 0xFF}}},
	{{{-4966, -1391, 9021},0, {-2032, 388},{0x0, 0xA6, 0x5A, 0xFF}}},
	{{{-4966, -1391, 9021},0, {2064, 388},{0x0, 0xA6, 0x5A, 0xFF}}},
	{{{-4966, -2151, 9021},0, {2064, -1315},{0x0, 0x5A, 0x5A, 0xFF}}},
	{{{-4285, -2151, 9021},0, {538, -1315},{0x73, 0x26, 0x26, 0xFF}}},
	{{{-4285, -1391, 9021},0, {538, 388},{0x26, 0x8D, 0x26, 0xFF}}},
	{{{-4285, -10753, 4825},0, {538, -102},{0x49, 0xB7, 0x49, 0xFF}}},
	{{{-4946, -9543, 4825},0, {2020, 2608},{0x49, 0xB7, 0x49, 0xFF}}},
	{{{-4946, -10753, 4825},0, {2020, -102},{0x26, 0x8D, 0x26, 0xFF}}},
	{{{-4285, -9543, 4825},0, {538, 2608},{0x49, 0x49, 0x49, 0xFF}}},
	{{{-4966, -1391, 9021},0, {2064, -1272},{0x0, 0xA6, 0x5A, 0xFF}}},
	{{{-4285, -1391, 10189},0, {538, 1344},{0x73, 0xDA, 0xDA, 0xFF}}},
	{{{-4966, -1391, 10189},0, {2064, 1344},{0x0, 0xA6, 0xA6, 0xFF}}},
	{{{-4285, -1391, 9021},0, {538, -1272},{0x26, 0x8D, 0x26, 0xFF}}},
	{{{-7434, -1391, 6774},0, {-602, -4256},{0xC, 0xA3, 0x56, 0xFF}}},
	{{{-7010, -1391, 10189},0, {-1550, 3392},{0x0, 0xA6, 0xA6, 0xFF}}},
	{{{-7434, -1391, 10189},0, {-602, 3392},{0xC, 0xA3, 0xAA, 0xFF}}},
	{{{-7010, -1391, 9021},0, {-1550, 776},{0xDA, 0x8D, 0x26, 0xFF}}},
	{{{-7010, -1391, 7941},0, {2546, 407},{0xDA, 0x8D, 0xDA, 0xFF}}},
	{{{-7434, -1391, 6774},0, {3494, -2208},{0xC, 0xA3, 0x56, 0xFF}}},
	{{{-4285, -1391, 7941},0, {-3558, 407},{0x26, 0xDA, 0x8D, 0xFF}}},
	{{{-4285, -1391, 6774},0, {-3558, -2208},{0x73, 0xDA, 0x26, 0xFF}}},
	{{{-4285, -9338, 6883},0, {3494, 83},{0x6F, 0x37, 0xE5, 0xFF}}},
	{{{-4946, -9338, 6925},0, {2012, 177},{0x55, 0x55, 0x2A, 0xFF}}},
	{{{-4285, -9338, 6925},0, {3494, 177},{0x66, 0x44, 0x22, 0xFF}}},
	{{{-4946, -9338, 6883},0, {2012, 83},{0x55, 0x55, 0xD6, 0xFF}}},
	{{{-4285, -9338, 6844},0, {3494, -2},{0x66, 0x44, 0xDE, 0xFF}}},
	{{{-4946, -9338, 6844},0, {2012, -2},{0x55, 0x55, 0xD6, 0xFF}}},
	{{{-4285, -8750, 6883},0, {3494, 2336},{0x37, 0x91, 0xE5, 0xFF}}},
	{{{-4946, -9338, 6883},0, {2012, 1021},{0x55, 0x55, 0xD6, 0xFF}}},
	{{{-4946, -8750, 6883},0, {2012, 2336},{0x55, 0xAB, 0xD6, 0xFF}}},
	{{{-4285, -9338, 6883},0, {3494, 1021},{0x6F, 0x37, 0xE5, 0xFF}}},
	{{{-3787, 3831, 7289},0, {3518, -2252},{0x58, 0xB2, 0x30, 0xFF}}},
	{{{-4285, 5021, 7289},0, {4634, 412},{0x26, 0x73, 0x26, 0xFF}}},
	{{{-4285, 3831, 7289},0, {4634, -2252},{0x2D, 0x8C, 0x1C, 0xFF}}},
	{{{-3787, 5021, 7289},0, {3518, 412},{0x5B, 0x47, 0x35, 0xFF}}},
	{{{-4946, -9338, 6925},0, {-60, 177},{0x55, 0x55, 0x2A, 0xFF}}},
	{{{-4946, -8750, 6883},0, {-1376, 83},{0x55, 0xAB, 0xD6, 0xFF}}},
	{{{-4946, -8750, 6925},0, {-1376, 177},{0x55, 0xAB, 0x2A, 0xFF}}},
	{{{-4946, -9338, 6883},0, {-60, 83},{0x55, 0x55, 0xD6, 0xFF}}},
	{{{-3895, 171, 7941},0, {4368, 407},{0x49, 0x49, 0xB7, 0xFF}}},
	{{{-4285, 171, 8219},0, {3494, 1029},{0x73, 0x26, 0x26, 0xFF}}},
	{{{-3895, 171, 8219},0, {4368, 1029},{0x49, 0x49, 0x49, 0xFF}}},
	{{{-4285, 171, 7941},0, {3494, 407},{0x73, 0x26, 0xDA, 0xFF}}},
	{{{-4285, -9338, 5824},0, {538, 1021},{0x73, 0x26, 0x26, 0xFF}}},
	{{{-4946, -8750, 5824},0, {2020, 2336},{0x49, 0xB7, 0x49, 0xFF}}},
	{{{-4946, -9338, 5824},0, {2020, 1021},{0x49, 0x49, 0x49, 0xFF}}},
	{{{-4285, -8750, 5824},0, {538, 2336},{0x73, 0xDA, 0x26, 0xFF}}},
	{{{-3372, -2812, 10458},0, {1706, -101},{0x49, 0x49, 0xB7, 0xFF}}},
	{{{-3372, -1386, 10189},0, {-1486, -704},{0x49, 0x49, 0xB7, 0xFF}}},
	{{{-3372, -1386, 10458},0, {-1486, -101},{0x26, 0x26, 0x8D, 0xFF}}},
	{{{-3372, -2812, 10189},0, {1706, -704},{0x26, 0x26, 0x8D, 0xFF}}},
	{{{-3748, -3216, 10189},0, {3430, -704},{0xB7, 0xB7, 0xB7, 0xFF}}},
	{{{-2661, -3216, 10458},0, {998, -101},{0x26, 0xDA, 0x8D, 0xFF}}},
	{{{-3748, -3216, 10458},0, {3430, -101},{0xDA, 0xDA, 0x8D, 0xFF}}},
	{{{-2661, -3216, 10189},0, {998, -704},{0x49, 0xB7, 0xB7, 0xFF}}},
	{{{-3895, -3762, 8219},0, {-260, 1029},{0x49, 0xB7, 0x49, 0xFF}}},
	{{{-3895, -2151, 7941},0, {-3868, 407},{0x5A, 0x0, 0xA6, 0xFF}}},
	{{{-3895, -2151, 8219},0, {-3868, 1029},{0x7F, 0x0, 0x0, 0xFF}}},
	{{{-3895, -3762, 7941},0, {-260, 407},{0x49, 0xB7, 0xB7, 0xFF}}},
	{{{-7434, -2151, 6774},0, {836, -4256},{0xB, 0x5C, 0x56, 0xFF}}},
	{{{-7734, -2075, 10189},0, {142, 3392},{0x51, 0x3F, 0xB5, 0xFF}}},
	{{{-7434, -2151, 10189},0, {836, 3392},{0xB, 0x5C, 0xAA, 0xFF}}},
	{{{-7734, -2075, 6774},0, {142, -4256},{0x51, 0x3F, 0x4B, 0xFF}}},
	{{{-4285, -3762, 7941},0, {538, 407},{0x73, 0xDA, 0xDA, 0xFF}}},
	{{{-3895, -3762, 8219},0, {-336, 1029},{0x49, 0xB7, 0x49, 0xFF}}},
	{{{-4285, -3762, 8219},0, {538, 1029},{0x73, 0xDA, 0x26, 0xFF}}},
	{{{-3895, -3762, 7941},0, {-336, 407},{0x49, 0xB7, 0xB7, 0xFF}}},
	{{{-6329, -1391, 9021},0, {1020, -1272},{0x0, 0xA6, 0x5A, 0xFF}}},
	{{{-5648, -1391, 10189},0, {-506, 1344},{0x0, 0xA6, 0xA6, 0xFF}}},
	{{{-6329, -1391, 10189},0, {1020, 1344},{0x0, 0xA6, 0xA6, 0xFF}}},
	{{{-5648, -1391, 9021},0, {-506, -1272},{0x0, 0xA6, 0x5A, 0xFF}}},
	{{{-3895, -1391, 8219},0, {2620, 1029},{0x5A, 0x0, 0x5A, 0xFF}}},
	{{{-3895, 171, 7941},0, {-878, 407},{0x49, 0x49, 0xB7, 0xFF}}},
	{{{-3895, 171, 8219},0, {-878, 1029},{0x49, 0x49, 0x49, 0xFF}}},
	{{{-3895, -1391, 7941},0, {2620, 407},{0x5A, 0x0, 0xA6, 0xFF}}},
	{{{-3895, -2151, 8219},0, {4324, 1029},{0x7F, 0x0, 0x0, 0xFF}}},
	{{{-3895, -2151, 7941},0, {4324, 407},{0x5A, 0x0, 0xA6, 0xFF}}},
	{{{-7010, -2151, 7941},0, {-292, -1641},{0xDA, 0x73, 0xDA, 0xFF}}},
	{{{-7010, -1391, 9021},0, {1412, 776},{0xDA, 0x8D, 0x26, 0xFF}}},
	{{{-7010, -1391, 7941},0, {1412, -1641},{0xDA, 0x8D, 0xDA, 0xFF}}},
	{{{-7010, -2151, 9021},0, {-292, 776},{0xDA, 0x73, 0x26, 0xFF}}},
	{{{-4966, -2151, 9021},0, {1968, -1272},{0x0, 0x5A, 0x5A, 0xFF}}},
	{{{-5648, -2151, 10189},0, {442, 1344},{0x0, 0x5A, 0xA6, 0xFF}}},
	{{{-4966, -2151, 10189},0, {1968, 1344},{0x0, 0x5A, 0xA6, 0xFF}}},
	{{{-5648, -2151, 9021},0, {442, -1272},{0x0, 0x5A, 0x5A, 0xFF}}},
	{{{-7434, -2151, 6774},0, {-602, -1315},{0xB, 0x5C, 0x56, 0xFF}}},
	{{{-7734, -1475, 6774},0, {72, 200},{0x52, 0xC2, 0x4B, 0xFF}}},
	{{{-7734, -2075, 6774},0, {72, -1144},{0x51, 0x3F, 0x4B, 0xFF}}},
	{{{-7434, -1391, 6774},0, {-602, 388},{0xC, 0xA3, 0x56, 0xFF}}},
	{{{-7434, -1391, 6774},0, {3494, 388},{0xC, 0xA3, 0x56, 0xFF}}},
	{{{-7434, -2151, 6774},0, {3494, -1315},{0xB, 0x5C, 0x56, 0xFF}}},
	{{{-4285, -2151, 6774},0, {-3558, -1315},{0x73, 0x26, 0x26, 0xFF}}},
	{{{-4285, -1391, 6774},0, {-3558, 388},{0x73, 0xDA, 0x26, 0xFF}}},
	{{{-2661, -3216, 10458},0, {-1482, -101},{0x26, 0xDA, 0x8D, 0xFF}}},
	{{{-2661, -2812, 10189},0, {-2390, -704},{0x49, 0x49, 0xB7, 0xFF}}},
	{{{-2661, -2812, 10458},0, {-2390, -101},{0x26, 0x26, 0x8D, 0xFF}}},
	{{{-2661, -3216, 10189},0, {-1482, -704},{0x49, 0xB7, 0xB7, 0xFF}}},
	{{{-9753, -8098, 4672},0, {-1322, -6916},{0x8D, 0x26, 0xDA, 0xFF}}},
	{{{-9753, -6872, 10458},0, {1424, 6043},{0xDA, 0x26, 0x8D, 0xFF}}},
	{{{-9753, -6872, 4672},0, {1424, -6916},{0xB7, 0x49, 0xB7, 0xFF}}},
	{{{-9753, -8098, 10458},0, {-1322, 6043},{0x8E, 0x0, 0x39, 0xFF}}},
	{{{-3895, -3762, 8219},0, {-336, -828},{0x49, 0xB7, 0x49, 0xFF}}},
	{{{-4285, -1391, 8219},0, {538, 4484},{0x5A, 0x0, 0x5A, 0xFF}}},
	{{{-4285, -3762, 8219},0, {538, -828},{0x73, 0xDA, 0x26, 0xFF}}},
	{{{-3895, -1391, 8219},0, {-336, 4484},{0x5A, 0x0, 0x5A, 0xFF}}},
	{{{-9692, -6872, 4672},0, {3672, -6916},{0x0, 0x5A, 0xA6, 0xFF}}},
	{{{-9753, -6872, 10458},0, {3534, 6043},{0xDA, 0x26, 0x8D, 0xFF}}},
	{{{-9692, -6872, 10458},0, {3672, 6043},{0xB7, 0x49, 0xB7, 0xFF}}},
	{{{-9753, -6872, 4672},0, {3534, -6916},{0xB7, 0x49, 0xB7, 0xFF}}},
	{{{-3748, -3216, 10189},0, {1418, -704},{0xB7, 0xB7, 0xB7, 0xFF}}},
	{{{-3748, -1386, 10458},0, {5518, -101},{0xB7, 0x49, 0x49, 0xFF}}},
	{{{-3748, -1386, 10189},0, {5518, -704},{0xB7, 0x49, 0xB7, 0xFF}}},
	{{{-3748, -3216, 10458},0, {1418, -101},{0xDA, 0xDA, 0x8D, 0xFF}}},
	{{{-3895, -1391, 8219},0, {-336, -1660},{0x5A, 0x0, 0x5A, 0xFF}}},
	{{{-4285, 171, 8219},0, {538, 1839},{0x73, 0x26, 0x26, 0xFF}}},
	{{{-4285, -1391, 8219},0, {538, -1660},{0x5A, 0x0, 0x5A, 0xFF}}},
	{{{-3895, 171, 8219},0, {-336, 1839},{0x49, 0x49, 0x49, 0xFF}}},
	{{{-7010, -2151, 9021},0, {1486, -1272},{0xDA, 0x73, 0x26, 0xFF}}},
	{{{-7434, -2151, 10189},0, {538, 1344},{0xB, 0x5C, 0xAA, 0xFF}}},
	{{{-7010, -2151, 10189},0, {1486, 1344},{0x0, 0x5A, 0xA6, 0xFF}}},
	{{{-6329, -2151, 9021},0, {3012, -1272},{0x0, 0x5A, 0x5A, 0xFF}}},
	{{{-6329, -2151, 10189},0, {3012, 1344},{0x0, 0x5A, 0xA6, 0xFF}}},
	{{{-7434, -2151, 6774},0, {538, -2208},{0xB, 0x5C, 0x56, 0xFF}}},
	{{{-7010, -2151, 9021},0, {1486, 2824},{0xDA, 0x73, 0x26, 0xFF}}},
	{{{-7010, -2151, 7941},0, {1486, 407},{0xDA, 0x73, 0xDA, 0xFF}}},
	{{{-4285, -2151, 6774},0, {7590, -2208},{0x73, 0x26, 0x26, 0xFF}}},
	{{{-7734, -2075, 10189},0, {4152, 3392},{0x51, 0x3F, 0xB5, 0xFF}}},
	{{{-7734, -1475, 6774},0, {2808, -4256},{0x52, 0xC2, 0x4B, 0xFF}}},
	{{{-7734, -1475, 10189},0, {2808, 3392},{0x52, 0xC2, 0xB5, 0xFF}}},
	{{{-7734, -1475, 6774},0, {2808, -4256},{0x52, 0xC2, 0x4B, 0xFF}}},
	{{{-7734, -2075, 10189},0, {4152, 3392},{0x51, 0x3F, 0xB5, 0xFF}}},
	{{{-7734, -2075, 6774},0, {4152, -4256},{0x51, 0x3F, 0x4B, 0xFF}}},
	{{{-2661, -2812, 10189},0, {-1062, -704},{0x49, 0x49, 0xB7, 0xFF}}},
	{{{-3372, -2812, 10458},0, {-2654, -101},{0x49, 0x49, 0xB7, 0xFF}}},
	{{{-2661, -2812, 10458},0, {-1062, -101},{0x26, 0x26, 0x8D, 0xFF}}},
	{{{-3372, -2812, 10189},0, {-2654, -704},{0x26, 0x26, 0x8D, 0xFF}}},
	{{{-3372, -1386, 10189},0, {1442, -704},{0x49, 0x49, 0xB7, 0xFF}}},
	{{{-3748, -1386, 10458},0, {602, -101},{0xB7, 0x49, 0x49, 0xFF}}},
	{{{-3372, -1386, 10458},0, {1442, -101},{0x26, 0x26, 0x8D, 0xFF}}},
	{{{-3748, -1386, 10189},0, {602, -704},{0xB7, 0x49, 0xB7, 0xFF}}},
	{{{-8149, 5021, 5703},0, {296, 1871},{0x0, 0x7F, 0x0, 0xFF}}},
	{{{-7279, 5021, 5703},0, {2246, 1871},{0x0, 0x7F, 0x0, 0xFF}}},
	{{{-7099, 5021, 5267},0, {2650, 897},{0x0, 0x7F, 0x0, 0xFF}}},
	{{{-7446, 5021, 5322},0, {1872, 1019},{0x0, 0x7F, 0x0, 0xFF}}},
	{{{-7446, 5021, 4908},0, {1872, 92},{0x0, 0x7F, 0x0, 0xFF}}},
	{{{-7446, 5021, 4908},0, {1872, 92},{0x0, 0x7F, 0x0, 0xFF}}},
	{{{-7099, 5021, 5267},0, {2650, 897},{0x0, 0x7F, 0x0, 0xFF}}},
	{{{-7279, 5021, 4832},0, {2246, -78},{0x0, 0x7F, 0x0, 0xFF}}},
	{{{-7549, 5021, 4908},0, {1642, 92},{0x0, 0x7F, 0x0, 0xFF}}},
	{{{-7879, 5021, 4908},0, {900, 92},{0x0, 0x7F, 0x0, 0xFF}}},
	{{{-7982, 5021, 4908},0, {672, 92},{0x0, 0x7F, 0x0, 0xFF}}},
	{{{-8149, 5021, 4832},0, {296, -78},{0x0, 0x7F, 0x0, 0xFF}}},
	{{{-8329, 5021, 5267},0, {-108, 897},{0x0, 0x7F, 0x0, 0xFF}}},
	{{{-7982, 5021, 5322},0, {672, 1019},{0x0, 0x7F, 0x0, 0xFF}}},
	{{{-8149, 5021, 5703},0, {296, 1871},{0x0, 0x7F, 0x0, 0xFF}}},
	{{{-7446, 5021, 5322},0, {1872, 1019},{0x0, 0x7F, 0x0, 0xFF}}},
	{{{-7549, 5021, 5322},0, {1642, 1019},{0x0, 0x5A, 0xA6, 0xFF}}},
	{{{-7879, 5021, 5322},0, {900, 1019},{0x0, 0x5A, 0xA6, 0xFF}}},
	{{{-5413, 5021, 5893},0, {968, -960},{0x0, 0x7F, 0x0, 0xFF}}},
	{{{-4937, 5021, 6386},0, {2034, 143},{0x0, 0x7F, 0x0, 0xFF}}},
	{{{-5184, 5021, 5790},0, {1480, -1192},{0x0, 0x7F, 0x0, 0xFF}}},
	{{{-4937, 5021, 6386},0, {2034, 143},{0x0, 0x7F, 0x0, 0xFF}}},
	{{{-5413, 5021, 5893},0, {968, -960},{0x0, 0x7F, 0x0, 0xFF}}},
	{{{-5413, 5021, 6460},0, {968, 309},{0x0, 0x7F, 0x0, 0xFF}}},
	{{{-6376, 5021, 6982},0, {-1190, 1478},{0x0, 0x7F, 0x0, 0xFF}}},
	{{{-5184, 5021, 6982},0, {1480, 1478},{0x0, 0x7F, 0x0, 0xFF}}},
	{{{-5413, 5021, 5893},0, {968, 1088},{0x0, 0x7F, 0x0, 0xFF}}},
	{{{-5184, 5021, 5790},0, {1480, 856},{0x0, 0x7F, 0x0, 0xFF}}},
	{{{-5553, 5021, 5893},0, {654, 1088},{0x0, 0x7F, 0x0, 0xFF}}},
	{{{-6006, 5021, 5893},0, {-362, 1088},{0x0, 0x7F, 0x0, 0xFF}}},
	{{{-6147, 5021, 5893},0, {-676, 1088},{0x0, 0x7F, 0x0, 0xFF}}},
	{{{-6376, 5021, 5790},0, {-1190, 856},{0x0, 0x7F, 0x0, 0xFF}}},
	{{{-5780, 5021, 5543},0, {146, 303},{0x0, 0x7F, 0x0, 0xFF}}},
	{{{-6147, 5021, 6460},0, {3420, 309},{0x0, 0x7F, 0x0, 0xFF}}},
	{{{-6376, 5021, 6982},0, {2906, 1478},{0x0, 0x7F, 0x0, 0xFF}}},
	{{{-5413, 5021, 6460},0, {5064, 309},{0x0, 0x7F, 0x0, 0xFF}}},
	{{{-6623, 5021, 6386},0, {2354, 143},{0x0, 0x7F, 0x0, 0xFF}}},
	{{{-6623, 5021, 6386},0, {2354, 143},{0x0, 0x7F, 0x0, 0xFF}}},
	{{{-6147, 5021, 6460},0, {3420, 309},{0x0, 0x7F, 0x0, 0xFF}}},
	{{{-6147, 5021, 5893},0, {3420, -960},{0x0, 0x7F, 0x0, 0xFF}}},
	{{{-6376, 5021, 5790},0, {2906, -1192},{0x0, 0x7F, 0x0, 0xFF}}},
	{{{-6147, 5021, 6460},0, {-676, 309},{0x0, 0x7F, 0x0, 0xFF}}},
	{{{-5413, 5021, 6460},0, {968, 309},{0x0, 0x7F, 0x0, 0xFF}}},
	{{{-5553, 5021, 6460},0, {654, 309},{0x0, 0x5A, 0xA6, 0xFF}}},
	{{{-6006, 5021, 6460},0, {-362, 309},{0x0, 0x5A, 0x5A, 0xFF}}},
	{{{-5553, 5021, 5893},0, {654, -960},{0x0, 0x7F, 0x0, 0xFF}}},
	{{{-6006, 5021, 5893},0, {-362, -960},{0x0, 0x7F, 0x0, 0xFF}}},
	{{{-2957, 10066, 2729},0, {-1602, -1039},{0xDA, 0x8D, 0x26, 0xFF}}},
	{{{-4163, 11125, 2729},0, {1100, 1333},{0x49, 0xB7, 0x49, 0xFF}}},
	{{{-4163, 10066, 2729},0, {1100, -1039},{0x26, 0x8D, 0x26, 0xFF}}},
	{{{-2957, 11125, 2729},0, {-1602, 1333},{0xB7, 0xB7, 0x49, 0xFF}}},
	{{{-4163, 10066, 8008},0, {5196, 1009},{0x26, 0x26, 0x73, 0xFF}}},
	{{{-1060, 8393, 8008},0, {-1754, -2739},{0x49, 0xB7, 0x49, 0xFF}}},
	{{{-2957, 10066, 8008},0, {2494, 1009},{0xDA, 0x26, 0x73, 0xFF}}},
	{{{-2957, 11125, 8008},0, {2494, 3381},{0xDA, 0xDA, 0x73, 0xFF}}},
	{{{-1060, 8393, 8008},0, {5746, 4593},{0x49, 0xB7, 0x49, 0xFF}}},
	{{{-1060, 12773, 3437},0, {-4064, -5647},{0x26, 0x26, 0x73, 0xFF}}},
	{{{-1060, 12773, 8008},0, {-4064, 4593},{0x49, 0x49, 0x49, 0xFF}}},
	{{{-1060, 8393, 3437},0, {5746, -5647},{0x26, 0xDA, 0x73, 0xFF}}},
	{{{-3866, 5021, 7147},0, {4432, 675},{0x33, 0x4D, 0xA9, 0xFF}}},
	{{{-4285, 5021, 7289},0, {3494, 992},{0x26, 0x73, 0x26, 0xFF}}},
	{{{-3787, 5021, 7289},0, {4610, 992},{0x5B, 0x47, 0x35, 0xFF}}},
	{{{-5019, 5021, 7147},0, {1850, 675},{0x0, 0x7F, 0x0, 0xFF}}},
	{{{-4285, 5021, 7147},0, {3494, 675},{0x49, 0x49, 0x49, 0xFF}}},
	{{{-4703, 5021, 6386},0, {2556, -1030},{0x0, 0x7F, 0x0, 0xFF}}},
	{{{-4711, 5021, 10458},0, {6634, 3995},{0x0, 0x5A, 0xA6, 0xFF}}},
	{{{-4285, 5021, 7289},0, {7590, -3104},{0x26, 0x73, 0x26, 0xFF}}},
	{{{-9692, 5021, 10458},0, {-4520, 3995},{0xDA, 0x26, 0x8D, 0xFF}}},
	{{{-5780, 5021, 7462},0, {4242, -2715},{0x0, 0x7F, 0x0, 0xFF}}},
	{{{-4703, 5021, 6386},0, {2556, 3066},{0x0, 0x7F, 0x0, 0xFF}}},
	{{{-4285, 5021, 7147},0, {3494, 4771},{0x49, 0x49, 0x49, 0xFF}}},
	{{{-4285, 5021, 3437},0, {3494, -3539},{0x26, 0x26, 0x73, 0xFF}}},
	{{{-5019, 5021, 5625},0, {1850, 1362},{0x0, 0x7F, 0x0, 0xFF}}},
	{{{-5019, 5021, 5625},0, {1850, 3410},{0x0, 0x7F, 0x0, 0xFF}}},
	{{{-4285, 5021, 3437},0, {3494, -1491},{0x26, 0x26, 0x73, 0xFF}}},
	{{{-5780, 5021, 5309},0, {146, 2704},{0x0, 0x7F, 0x0, 0xFF}}},
	{{{-6928, 5021, 5267},0, {-2426, 2610},{0x0, 0x7F, 0x0, 0xFF}}},
	{{{-7158, 5021, 4712},0, {-2942, 1365},{0x0, 0x7F, 0x0, 0xFF}}},
	{{{-7158, 5021, 4712},0, {1154, 1365},{0x0, 0x7F, 0x0, 0xFF}}},
	{{{-4285, 5021, 3437},0, {7590, -1491},{0x26, 0x26, 0x73, 0xFF}}},
	{{{-7714, 5021, 4482},0, {-90, 850},{0x0, 0x7F, 0x0, 0xFF}}},
	{{{-7714, 5021, 4482},0, {-90, 850},{0x0, 0x7F, 0x0, 0xFF}}},
	{{{-4285, 5021, 3437},0, {7590, -1491},{0x26, 0x26, 0x73, 0xFF}}},
	{{{-8772, 5021, 3702},0, {-2460, -896},{0xDA, 0x73, 0x26, 0xFF}}},
	{{{-8772, 5021, 3702},0, {-2460, 1152},{0xDA, 0x73, 0x26, 0xFF}}},
	{{{-4285, 5021, 3437},0, {7590, 557},{0x26, 0x26, 0x73, 0xFF}}},
	{{{-9551, 5021, 3702},0, {-4204, 1152},{0x26, 0x73, 0x26, 0xFF}}},
	{{{-9692, 5021, 3437},0, {-4520, 557},{0xDA, 0x26, 0x73, 0xFF}}},
	{{{-9551, 5021, 4712},0, {-108, -6827},{0x26, 0x73, 0xDA, 0xFF}}},
	{{{-9692, 5021, 10458},0, {-424, 6043},{0xDA, 0x26, 0x8D, 0xFF}}},
	{{{-8270, 5021, 5823},0, {2762, -4338},{0x0, 0x7F, 0x0, 0xFF}}},
	{{{-6541, 5021, 7147},0, {6634, -1373},{0x0, 0x7F, 0x0, 0xFF}}},
	{{{-8270, 5021, 5823},0, {-1334, -2290},{0x0, 0x7F, 0x0, 0xFF}}},
	{{{-6541, 5021, 7147},0, {2538, 675},{0x0, 0x7F, 0x0, 0xFF}}},
	{{{-7714, 5021, 6053},0, {-90, -1774},{0x0, 0x7F, 0x0, 0xFF}}},
	{{{-6856, 5021, 6386},0, {1832, -1030},{0x0, 0x7F, 0x0, 0xFF}}},
	{{{-9551, 5021, 4712},0, {-108, -683},{0x26, 0x73, 0xDA, 0xFF}}},
	{{{-8270, 5021, 5823},0, {2762, 1806},{0x0, 0x7F, 0x0, 0xFF}}},
	{{{-8500, 5021, 5267},0, {2246, 562},{0x0, 0x7F, 0x0, 0xFF}}},
	{{{-8270, 5021, 4712},0, {2762, -683},{0x0, 0x7F, 0x0, 0xFF}}},
	{{{-8772, 5021, 4712},0, {1636, -683},{0xB7, 0x49, 0x49, 0xFF}}},
	{{{-7714, 5021, 4482},0, {4006, -1198},{0x0, 0x7F, 0x0, 0xFF}}},
	{{{-6541, 5021, 5625},0, {2538, -686},{0x0, 0x7F, 0x0, 0xFF}}},
	{{{-7714, 5021, 6053},0, {-90, 274},{0x0, 0x7F, 0x0, 0xFF}}},
	{{{-6856, 5021, 6386},0, {1832, 1018},{0x0, 0x7F, 0x0, 0xFF}}},
	{{{-7158, 5021, 5823},0, {1154, -242},{0x0, 0x7F, 0x0, 0xFF}}},
	{{{-6928, 5021, 5267},0, {1670, -1486},{0x0, 0x7F, 0x0, 0xFF}}},
	{{{-4285, 3831, 9010},0, {-4980, -1295},{0x73, 0xDA, 0xDA, 0xFF}}},
	{{{-4285, -1391, 10189},0, {6716, 1344},{0x73, 0xDA, 0xDA, 0xFF}}},
	{{{-4285, 3244, 9010},0, {-3664, -1295},{0x73, 0x26, 0xDA, 0xFF}}},
	{{{-4285, 2277, 8301},0, {-1498, -2884},{0x73, 0x0, 0x36, 0xFF}}},
	{{{-4285, 3244, 9010},0, {432, 2801},{0x73, 0x26, 0xDA, 0xFF}}},
	{{{-4285, 2636, 7941},0, {1794, 407},{0x73, 0x36, 0x0, 0xFF}}},
	{{{-4285, 3244, 6847},0, {432, -2044},{0x73, 0x26, 0x26, 0xFF}}},
	{{{-4285, 2277, 7582},0, {2598, -399},{0x73, 0x0, 0xCA, 0xFF}}},
	{{{-4285, 2277, 8301},0, {-1498, -836},{0x73, 0x0, 0x36, 0xFF}}},
	{{{-4285, -1391, 10189},0, {6716, 3392},{0x73, 0xDA, 0xDA, 0xFF}}},
	{{{-4285, 1917, 7941},0, {-692, -1641},{0x73, 0xCA, 0x0, 0xFF}}},
	{{{-4285, 1018, 8301},0, {1322, -836},{0x73, 0x0, 0x36, 0xFF}}},
	{{{-4285, 658, 7941},0, {2126, -1641},{0x73, 0xCA, 0x0, 0xFF}}},
	{{{-4285, 1917, 7941},0, {-692, 407},{0x73, 0xCA, 0x0, 0xFF}}},
	{{{-4285, 1018, 8301},0, {1322, 1212},{0x73, 0x0, 0x36, 0xFF}}},
	{{{-4285, 1378, 7941},0, {516, 407},{0x73, 0x36, 0x0, 0xFF}}},
	{{{-4285, 1018, 7582},0, {1322, -399},{0x73, 0x0, 0xCA, 0xFF}}},
	{{{-4285, 2034, 7824},0, {-956, 144},{0x5A, 0xC1, 0xC1, 0xFF}}},
	{{{-4285, -2151, 10189},0, {-3868, 1344},{0x73, 0x26, 0xDA, 0xFF}}},
	{{{-4285, -5238, 10458},0, {3046, 1947},{0x26, 0xDA, 0x8D, 0xFF}}},
	{{{-4285, -2151, 9021},0, {-3868, -1272},{0x73, 0x26, 0x26, 0xFF}}},
	{{{-4285, -3762, 8219},0, {-260, -3067},{0x73, 0xDA, 0x26, 0xFF}}},
	{{{-4285, -3762, 7941},0, {-260, -3689},{0x73, 0xDA, 0xDA, 0xFF}}},
	{{{-4285, -8750, 10278},0, {-1376, -503},{0x73, 0xDA, 0xDA, 0xFF}}},
	{{{-4285, -7076, 10458},0, {-5126, -101},{0x5A, 0x0, 0xA6, 0xFF}}},
	{{{-4285, -10753, 10458},0, {3110, -101},{0x26, 0xDA, 0x8D, 0xFF}}},
	{{{-4285, -9338, 10278},0, {-60, -503},{0x73, 0x26, 0xDA, 0xFF}}},
	{{{-4285, -9338, 10278},0, {-60, 1545},{0x73, 0x26, 0xDA, 0xFF}}},
	{{{-4285, -10753, 10458},0, {3110, 1947},{0x26, 0xDA, 0x8D, 0xFF}}},
	{{{-4285, -9338, 8021},0, {-60, -3511},{0x73, 0x26, 0x26, 0xFF}}},
	{{{-4285, -9338, 7941},0, {-60, -3689},{0x73, 0x26, 0xDA, 0xFF}}},
	{{{-4285, -9338, 7941},0, {-60, -1641},{0x73, 0x26, 0xDA, 0xFF}}},
	{{{-4285, -10753, 10458},0, {3110, 3995},{0x26, 0xDA, 0x8D, 0xFF}}},
	{{{-4285, -9338, 6925},0, {-60, -3919},{0x66, 0x44, 0x22, 0xFF}}},
	{{{-4285, -9338, 6925},0, {-60, -3919},{0x66, 0x44, 0x22, 0xFF}}},
	{{{-4285, -10753, 10458},0, {3110, 3995},{0x26, 0xDA, 0x8D, 0xFF}}},
	{{{-4285, -9338, 6883},0, {-60, -4013},{0x6F, 0x37, 0xE5, 0xFF}}},
	{{{-4285, -9338, 6844},0, {-60, -4098},{0x66, 0x44, 0xDE, 0xFF}}},
	{{{-4285, -9338, 6844},0, {-60, -2050},{0x66, 0x44, 0xDE, 0xFF}}},
	{{{-4285, -10753, 10458},0, {3110, 6043},{0x26, 0xDA, 0x8D, 0xFF}}},
	{{{-4285, -9338, 5824},0, {-60, -4336},{0x73, 0x26, 0x26, 0xFF}}},
	{{{-4285, -9543, 5824},0, {400, -4336},{0x73, 0xDA, 0xDA, 0xFF}}},
	{{{-4285, -10753, 5824},0, {3110, -4336},{0x49, 0xB7, 0xB7, 0xFF}}},
	{{{-4285, 3870, 7147},0, {3126, 4771},{0x6F, 0xDA, 0xCF, 0xFF}}},
	{{{-4285, 5021, 3437},0, {548, -3539},{0x26, 0x26, 0x73, 0xFF}}},
	{{{-4285, 5021, 7147},0, {548, 4771},{0x49, 0x49, 0x49, 0xFF}}},
	{{{-4285, 3831, 6847},0, {3212, 4100},{0x73, 0xDA, 0x26, 0xFF}}},
	{{{-4285, 5021, 3437},0, {-15836, -3539},{0x26, 0x26, 0x73, 0xFF}}},
	{{{-4285, 3831, 6847},0, {-13172, 4100},{0x73, 0xDA, 0x26, 0xFF}}},
	{{{-4285, -9543, 3712},0, {16784, -2921},{0x73, 0xDA, 0x26, 0xFF}}},
	{{{-4285, -9543, 3712},0, {16784, -2921},{0x73, 0xDA, 0x26, 0xFF}}},
	{{{-4285, 3831, 6847},0, {-13172, 4100},{0x73, 0xDA, 0x26, 0xFF}}},
	{{{-4285, 3244, 6847},0, {-11856, 4100},{0x73, 0x26, 0x26, 0xFF}}},
	{{{-4285, -9543, 3712},0, {12688, -4969},{0x73, 0xDA, 0x26, 0xFF}}},
	{{{-4285, 3244, 6847},0, {-15952, 2052},{0x73, 0x26, 0x26, 0xFF}}},
	{{{-4285, 2277, 7582},0, {-13786, 3697},{0x73, 0x0, 0xCA, 0xFF}}},
	{{{-4285, 2152, 7707},0, {-13506, 3977},{0x5A, 0xC1, 0xC0, 0xFF}}},
	{{{-4285, 2034, 7824},0, {-13244, 4240},{0x5A, 0xC1, 0xC1, 0xFF}}},
	{{{-4285, 1018, 7582},0, {-10966, 3697},{0x73, 0x0, 0xCA, 0xFF}}},
	{{{-4285, -1391, 6774},0, {-5572, 1888},{0x73, 0xDA, 0x26, 0xFF}}},
	{{{-4285, -1391, 6774},0, {2620, -2208},{0x73, 0xDA, 0x26, 0xFF}}},
	{{{-4285, 893, 7707},0, {-2496, -119},{0x5A, 0xC0, 0xC0, 0xFF}}},
	{{{-4285, 776, 7824},0, {-2232, 144},{0x5A, 0xC1, 0xC0, 0xFF}}},
	{{{-4285, 658, 7941},0, {-1970, 407},{0x73, 0xCA, 0x0, 0xFF}}},
	{{{-4285, 171, 7941},0, {-878, 407},{0x73, 0x26, 0xDA, 0xFF}}},
	{{{-4285, -1391, 7941},0, {2620, 407},{0x26, 0xDA, 0x8D, 0xFF}}},
	{{{-4285, -8750, 5824},0, {2720, -4336},{0x73, 0xDA, 0x26, 0xFF}}},
	{{{-4285, -7349, 9301},0, {-420, 3452},{0x7F, 0x0, 0x0, 0xFF}}},
	{{{-4285, -7793, 9072},0, {574, 2938},{0x7F, 0x0, 0x0, 0xFF}}},
	{{{-4285, -8272, 9385},0, {1648, 3640},{0x7F, 0x0, 0x0, 0xFF}}},
	{{{-4285, -8750, 5824},0, {-1376, -4336},{0x73, 0xDA, 0x26, 0xFF}}},
	{{{-4285, -8272, 9385},0, {-2448, 3640},{0x7F, 0x0, 0x0, 0xFF}}},
	{{{-4285, -8750, 10278},0, {-1376, 5641},{0x73, 0xDA, 0xDA, 0xFF}}},
	{{{-4285, -8750, 8021},0, {-1376, 585},{0x26, 0xDA, 0x73, 0xFF}}},
	{{{-4285, -8750, 5824},0, {-1376, -2288},{0x73, 0xDA, 0x26, 0xFF}}},
	{{{-4285, -8750, 8021},0, {-1376, 2633},{0x26, 0xDA, 0x73, 0xFF}}},
	{{{-4285, -8750, 7941},0, {-1376, 2455},{0x26, 0x8D, 0xDA, 0xFF}}},
	{{{-4285, -8750, 6925},0, {-1376, 177},{0x5A, 0x0, 0x5A, 0xFF}}},
	{{{-4285, -8750, 5824},0, {-1376, -240},{0x73, 0xDA, 0x26, 0xFF}}},
	{{{-4285, -8750, 6925},0, {-1376, 2225},{0x5A, 0x0, 0x5A, 0xFF}}},
	{{{-4285, -8750, 6883},0, {-1376, 2131},{0x37, 0x91, 0xE5, 0xFF}}},
	{{{-4285, -8750, 6844},0, {-1376, 2046},{0x1E, 0x88, 0xE2, 0xFF}}},
	{{{-4285, -9543, 3712},0, {400, -2921},{0x73, 0xDA, 0x26, 0xFF}}},
	{{{-4285, -8750, 5824},0, {-1376, 1808},{0x73, 0xDA, 0x26, 0xFF}}},
	{{{-4285, -9338, 5824},0, {-60, 1808},{0x73, 0x26, 0x26, 0xFF}}},
	{{{-4285, -9543, 5824},0, {400, 1808},{0x73, 0xDA, 0xDA, 0xFF}}},
	{{{-4285, -9543, 4825},0, {400, -429},{0x49, 0x49, 0x49, 0xFF}}},
	{{{-4285, -1391, 10189},0, {2620, 1344},{0x73, 0xDA, 0xDA, 0xFF}}},
	{{{-4285, -1391, 8219},0, {2620, -3067},{0x5A, 0x0, 0x5A, 0xFF}}},
	{{{-4285, 171, 8219},0, {-878, -3067},{0x73, 0x26, 0x26, 0xFF}}},
	{{{-4285, -1391, 9021},0, {2620, -1272},{0x26, 0x8D, 0x26, 0xFF}}},
	{{{-4285, 4776, 10458},0, {1096, 3995},{0x5A, 0x0, 0xA6, 0xFF}}},
	{{{-4285, 5021, 7289},0, {548, -3104},{0x26, 0x73, 0x26, 0xFF}}},
	{{{-4285, 5021, 10458},0, {548, 3995},{0x26, 0x26, 0x8D, 0xFF}}},
	{{{-4285, 3831, 7289},0, {3212, -3104},{0x2D, 0x8C, 0x1C, 0xFF}}},
	{{{-4285, 3831, 9010},0, {3212, 753},{0x73, 0xDA, 0xDA, 0xFF}}},
	{{{-7748, -10753, 3712},0, {102, 1175},{0x0, 0x8D, 0x36, 0xFF}}},
	{{{-9692, -10753, 3437},0, {4456, 557},{0xDA, 0xDA, 0x73, 0xFF}}},
	{{{-6434, -10753, 3712},0, {-2840, 1175},{0x0, 0x93, 0x41, 0xFF}}},
	{{{-5244, -10753, 3712},0, {-5506, 1175},{0x0, 0x93, 0x41, 0xFF}}},
	{{{-4285, -10753, 3712},0, {-7654, 1175},{0x49, 0xB7, 0x49, 0xFF}}},
	{{{-4285, -10753, 3437},0, {-7654, 557},{0x26, 0xDA, 0x73, 0xFF}}},
	{{{-5954, 8393, 3437},0, {5112, -5647},{0xDA, 0xDA, 0x73, 0xFF}}},
	{{{-1060, 8393, 8008},0, {-5850, 4593},{0x49, 0xB7, 0x49, 0xFF}}},
	{{{-5954, 8393, 8008},0, {5112, 4593},{0xB7, 0xB7, 0x49, 0xFF}}},
	{{{-1060, 8393, 3437},0, {-5850, -5647},{0x26, 0xDA, 0x73, 0xFF}}},
	{{{-5954, 8393, 3437},0, {-5810, -5647},{0xDA, 0xDA, 0x73, 0xFF}}},
	{{{-5954, 12773, 8008},0, {4000, 4593},{0xB7, 0x49, 0x49, 0xFF}}},
	{{{-5954, 12773, 3437},0, {4000, -5647},{0xDA, 0x26, 0x73, 0xFF}}},
	{{{-5954, 8393, 8008},0, {-5810, 4593},{0xB7, 0xB7, 0x49, 0xFF}}},
	{{{-1060, 12773, 3437},0, {5786, -5647},{0x26, 0x26, 0x73, 0xFF}}},
	{{{-5954, 12773, 8008},0, {-5176, 4593},{0xB7, 0x49, 0x49, 0xFF}}},
	{{{-1060, 12773, 8008},0, {5786, 4593},{0x49, 0x49, 0x49, 0xFF}}},
	{{{-5954, 12773, 3437},0, {-5176, -5647},{0xDA, 0x26, 0x73, 0xFF}}},
	{{{-4163, 11125, 2729},0, {1100, -5183},{0x49, 0xB7, 0x49, 0xFF}}},
	{{{-2957, 11125, 8008},0, {-1602, 6641},{0xDA, 0xDA, 0x73, 0xFF}}},
	{{{-4163, 11125, 8008},0, {1100, 6641},{0x26, 0xDA, 0x73, 0xFF}}},
	{{{-2957, 11125, 2729},0, {-1602, -5183},{0xB7, 0xB7, 0x49, 0xFF}}},
	{{{-4163, 10066, 8008},0, {2000, 6641},{0x26, 0x26, 0x73, 0xFF}}},
	{{{-4163, 11125, 2729},0, {-372, -5183},{0x49, 0xB7, 0x49, 0xFF}}},
	{{{-4163, 11125, 8008},0, {-372, 6641},{0x26, 0xDA, 0x73, 0xFF}}},
	{{{-4163, 10066, 2729},0, {2000, -5183},{0x26, 0x8D, 0x26, 0xFF}}},
	{{{-4163, 10066, 3319},0, {2000, -3862},{0x0, 0x0, 0x81, 0xFF}}},
	{{{-2957, 10066, 2729},0, {-2064, -5183},{0xDA, 0x8D, 0x26, 0xFF}}},
	{{{-2957, 11125, 8008},0, {308, 6641},{0xDA, 0xDA, 0x73, 0xFF}}},
	{{{-2957, 11125, 2729},0, {308, -5183},{0xB7, 0xB7, 0x49, 0xFF}}},
	{{{-2957, 11125, 8008},0, {308, 6641},{0xDA, 0xDA, 0x73, 0xFF}}},
	{{{-2957, 10066, 2729},0, {-2064, -5183},{0xDA, 0x8D, 0x26, 0xFF}}},
	{{{-2957, 10066, 8008},0, {-2064, 6641},{0xDA, 0x26, 0x73, 0xFF}}},
	{{{-2957, 10066, 3319},0, {-2064, -3862},{0x0, 0xA6, 0xA6, 0xFF}}},
	{{{-2957, 10066, 3319},0, {1538, -5910},{0x0, 0xA6, 0xA6, 0xFF}}},
	{{{-4163, 10066, 8008},0, {-1164, 4593},{0x26, 0x26, 0x73, 0xFF}}},
	{{{-2957, 10066, 8008},0, {1538, 4593},{0xDA, 0x26, 0x73, 0xFF}}},
	{{{-4163, 10066, 3319},0, {-1164, -5910},{0x0, 0x0, 0x81, 0xFF}}},
	{{{2612, 2008, -18821},0, {2310, -656},{0x49, 0xB7, 0x49, 0xFF}}},
	{{{2456, 2592, -18821},0, {2660, 653},{0xDA, 0x8D, 0x26, 0xFF}}},
	{{{2456, 2008, -18821},0, {2660, -656},{0xB7, 0xB7, 0x49, 0xFF}}},
	{{{2612, 2592, -18821},0, {2310, 653},{0x26, 0x8D, 0x26, 0xFF}}},
	{{{2456, 2008, -20131},0, {368, -1088},{0xDA, 0x8D, 0x26, 0xFF}}},
	{{{2456, 2592, -18821},0, {1676, 1847},{0xDA, 0x8D, 0x26, 0xFF}}},
	{{{2456, 2592, -20131},0, {1676, -1088},{0xB7, 0xB7, 0x49, 0xFF}}},
	{{{2456, 2008, -18821},0, {368, 1847},{0xB7, 0xB7, 0x49, 0xFF}}},
	{{{2612, 2008, -18821},0, {3664, 1847},{0x49, 0xB7, 0x49, 0xFF}}},
	{{{2612, 2592, -19256},0, {2356, 871},{0x49, 0xB7, 0x49, 0xFF}}},
	{{{2612, 2592, -18821},0, {2356, 1847},{0x26, 0x8D, 0x26, 0xFF}}},
	{{{2612, 2008, -19256},0, {3664, 871},{0x26, 0x8D, 0x26, 0xFF}}},
	{{{1916, 2008, -19256},0, {3664, 2919},{0x49, 0xB7, 0x49, 0xFF}}},
	{{{1916, 2592, -20131},0, {2356, 960},{0x49, 0xB7, 0x49, 0xFF}}},
	{{{1916, 2592, -19256},0, {2356, 2919},{0x26, 0x8D, 0x26, 0xFF}}},
	{{{1916, 2008, -20131},0, {3664, 960},{0x26, 0x8D, 0x26, 0xFF}}},
	{{{2456, 2008, -20131},0, {1670, -30},{0xDA, 0x8D, 0x26, 0xFF}}},
	{{{2612, 2008, -18821},0, {2020, 2905},{0x49, 0xB7, 0x49, 0xFF}}},
	{{{2456, 2008, -18821},0, {1670, 2905},{0xB7, 0xB7, 0x49, 0xFF}}},
	{{{2612, 2008, -19256},0, {2020, 1929},{0x26, 0x8D, 0x26, 0xFF}}},
	{{{2612, 2008, -19256},0, {-2076, 1929},{0x26, 0x8D, 0x26, 0xFF}}},
	{{{2456, 2008, -20131},0, {-2426, -30},{0xDA, 0x8D, 0x26, 0xFF}}},
	{{{3516, 2008, -19256},0, {-50, 1929},{0xDC, 0x89, 0x1B, 0xFF}}},
	{{{4937, 2008, -20776},0, {3132, -1474},{0xDA, 0xDA, 0x8D, 0xFF}}},
	{{{4937, 2008, -20776},0, {3132, -1474},{0xDA, 0xDA, 0x8D, 0xFF}}},
	{{{3376, 2008, -18759},0, {-364, 3042},{0xA9, 0xA6, 0xE9, 0xFF}}},
	{{{3516, 2008, -19256},0, {-50, 1929},{0xDC, 0x89, 0x1B, 0xFF}}},
	{{{3216, 2008, -18122},0, {-722, 4469},{0xA4, 0xAA, 0xF5, 0xFF}}},
	{{{-130, 2008, -20776},0, {-26, -7618},{0x26, 0xDA, 0x8D, 0xFF}}},
	{{{986, 2008, -12372},0, {2474, 11205},{0x0, 0xA6, 0xA6, 0xFF}}},
	{{{-130, 2008, -12372},0, {-26, 11205},{0x58, 0xA4, 0x2, 0xFF}}},
	{{{1291, 2008, -12372},0, {3158, 11205},{0x0, 0xA6, 0x5A, 0xFF}}},
	{{{1443, 2008, -12372},0, {3500, 11205},{0xDA, 0xDA, 0x73, 0xFF}}},
	{{{1443, 2008, -15692},0, {3500, 3768},{0xDA, 0x8D, 0xDA, 0xFF}}},
	{{{1596, 2008, -15692},0, {-256, 5816},{0x17, 0x84, 0xF0, 0xFF}}},
	{{{-130, 2008, -20776},0, {-4122, -5570},{0x26, 0xDA, 0x8D, 0xFF}}},
	{{{1833, 2008, -15692},0, {276, 5816},{0x26, 0x8D, 0x26, 0xFF}}},
	{{{1186, 2008, -17945},0, {-1174, 771},{0xB, 0x83, 0xEF, 0xFF}}},
	{{{1833, 2008, -15692},0, {276, 3768},{0x26, 0x8D, 0x26, 0xFF}}},
	{{{1186, 2008, -17945},0, {-1174, -1277},{0xB, 0x83, 0xEF, 0xFF}}},
	{{{2437, 2008, -15692},0, {1628, 3768},{0xDA, 0x8D, 0x26, 0xFF}}},
	{{{2612, 2008, -15962},0, {2020, 3163},{0x5A, 0xA6, 0x0, 0xFF}}},
	{{{2612, 2008, -16502},0, {2020, 1953},{0x5A, 0xA6, 0x0, 0xFF}}},
	{{{2612, 2008, -17042},0, {2020, 744},{0x5A, 0xA6, 0x0, 0xFF}}},
	{{{2612, 2008, -17042},0, {2020, 2792},{0x5A, 0xA6, 0x0, 0xFF}}},
	{{{1186, 2008, -17945},0, {-1174, 771},{0xB, 0x83, 0xEF, 0xFF}}},
	{{{2612, 2008, -17582},0, {2020, 1582},{0x5A, 0xA6, 0x0, 0xFF}}},
	{{{2612, 2008, -17945},0, {2020, 771},{0x55, 0xAA, 0xDA, 0xFF}}},
	{{{1186, 2008, -19256},0, {-1174, 1929},{0x26, 0x8D, 0x26, 0xFF}}},
	{{{-130, 2008, -20776},0, {-4122, -1474},{0x26, 0xDA, 0x8D, 0xFF}}},
	{{{1916, 2008, -19256},0, {462, 1929},{0x49, 0xB7, 0x49, 0xFF}}},
	{{{1916, 2008, -20131},0, {462, -30},{0x26, 0x8D, 0x26, 0xFF}}},
	{{{1916, 2008, -20131},0, {462, 2018},{0x26, 0x8D, 0x26, 0xFF}}},
	{{{-130, 2008, -20776},0, {-4122, 574},{0x26, 0xDA, 0x8D, 0xFF}}},
	{{{2456, 2008, -20131},0, {1670, 2018},{0xDA, 0x8D, 0x26, 0xFF}}},
	{{{4937, 2008, -20776},0, {7228, 574},{0xDA, 0xDA, 0x8D, 0xFF}}},
	{{{3216, 2008, -14342},0, {-722, -1400},{0xDA, 0x8D, 0xDA, 0xFF}}},
	{{{4937, 2008, -12372},0, {3132, 3013},{0xA9, 0xA3, 0x3, 0xFF}}},
	{{{2612, 2008, -14342},0, {-2076, -1400},{0x26, 0x8D, 0xDA, 0xFF}}},
	{{{2437, 2008, -12372},0, {-2468, 3013},{0xB7, 0xB7, 0x49, 0xFF}}},
	{{{4937, 2008, -20776},0, {3132, -5570},{0xDA, 0xDA, 0x8D, 0xFF}}},
	{{{3216, 2008, -14342},0, {-722, 8840},{0xDA, 0x8D, 0xDA, 0xFF}}},
	{{{3216, 2008, -14882},0, {-722, 7630},{0xA6, 0xA6, 0x0, 0xFF}}},
	{{{3216, 2008, -15422},0, {-722, 6420},{0xA6, 0xA6, 0x0, 0xFF}}},
	{{{3216, 2008, -15962},0, {-722, 5211},{0xA6, 0xA6, 0x0, 0xFF}}},
	{{{4937, 2008, -20776},0, {3132, -3522},{0xDA, 0xDA, 0x8D, 0xFF}}},
	{{{3216, 2008, -15962},0, {-722, 7259},{0xA6, 0xA6, 0x0, 0xFF}}},
	{{{3216, 2008, -16502},0, {-722, 6049},{0xA6, 0xA6, 0x0, 0xFF}}},
	{{{4937, 2008, -20776},0, {3132, -3522},{0xDA, 0xDA, 0x8D, 0xFF}}},
	{{{3216, 2008, -16502},0, {-722, 6049},{0xA6, 0xA6, 0x0, 0xFF}}},
	{{{3216, 2008, -17042},0, {-722, 4840},{0xA3, 0xAA, 0xF3, 0xFF}}},
	{{{3370, 2008, -17582},0, {-378, 3630},{0xDC, 0x89, 0x1B, 0xFF}}},
	{{{3216, 2008, -18122},0, {-722, 2421},{0xA4, 0xAA, 0xF5, 0xFF}}},
	{{{2612, 2008, -14342},0, {2020, 2696},{0x26, 0x8D, 0xDA, 0xFF}}},
	{{{2437, 2008, -15692},0, {1628, -328},{0xDA, 0x8D, 0x26, 0xFF}}},
	{{{2612, 2008, -14882},0, {2020, 1486},{0x5A, 0xA6, 0x0, 0xFF}}},
	{{{2612, 2008, -15422},0, {2020, 276},{0x5A, 0xA6, 0x0, 0xFF}}},
	{{{1596, 2008, -15692},0, {-256, -2376},{0x17, 0x84, 0xF0, 0xFF}}},
	{{{1833, 2008, -12372},0, {276, 5061},{0x49, 0xB7, 0x49, 0xFF}}},
	{{{1596, 2008, -12372},0, {-256, 5061},{0x25, 0xA5, 0xB0, 0xFF}}},
	{{{1833, 2008, -15692},0, {276, -2376},{0x26, 0x8D, 0x26, 0xFF}}},
	{{{-5316, 21396, -6307},0, {-1034, -9039},{0xE5, 0x65, 0xB8, 0xFF}}},
	{{{-5436, 21334, 3319},0, {-1336, 12522},{0xD7, 0x50, 0xA6, 0xFF}}},
	{{{-5316, 21396, 3319},0, {-1034, 12522},{0xED, 0x50, 0x9F, 0xFF}}},
	{{{-5436, 21334, 3319},0, {-1336, 12522},{0xD7, 0x50, 0xA6, 0xFF}}},
	{{{-5316, 21396, -6307},0, {-1034, -9039},{0xE5, 0x65, 0xB8, 0xFF}}},
	{{{-5436, 21334, -4254},0, {-1336, -4441},{0xA9, 0x55, 0xDA, 0xFF}}},
	{{{-5436, 21334, -4254},0, {-1336, 3751},{0xA9, 0x55, 0xDA, 0xFF}}},
	{{{-5316, 21396, -6307},0, {-1034, -847},{0xE5, 0x65, 0xB8, 0xFF}}},
	{{{-5436, 21334, -5211},0, {-1336, 1609},{0xA9, 0x55, 0x26, 0xFF}}},
	{{{-5436, 21334, -6307},0, {-1336, -847},{0xD2, 0x59, 0xB1, 0xFF}}},
	{{{-5912, 21090, -5211},0, {-2536, 1609},{0xEE, 0x78, 0x26, 0xFF}}},
	{{{-5912, 21090, -6307},0, {-2536, -847},{0xD3, 0x59, 0xB2, 0xFF}}},
	{{{-8118, 13700, -6307},0, {5862, -847},{0xAC, 0xAB, 0xD4, 0xFF}}},
	{{{-3193, 13700, -4974},0, {-5168, 2140},{0x49, 0xB7, 0x49, 0xFF}}},
	{{{-8118, 13700, -4974},0, {5862, 2140},{0xB7, 0xB7, 0x49, 0xFF}}},
	{{{-3193, 13700, -6307},0, {-5168, -847},{0x54, 0xAD, 0xD1, 0xFF}}},
	{{{-8118, 18776, -2945},0, {5156, 4636},{0x92, 0xDA, 0x34, 0xFF}}},
	{{{-8118, 20814, -6307},0, {9722, -2895},{0xAA, 0x55, 0xD8, 0xFF}}},
	{{{-8118, 13700, -6307},0, {-6212, -2895},{0xAC, 0xAB, 0xD4, 0xFF}}},
	{{{-8118, 18776, -2945},0, {5156, 4636},{0x92, 0xDA, 0x34, 0xFF}}},
	{{{-8118, 13700, -6307},0, {-6212, -2895},{0xAC, 0xAB, 0xD4, 0xFF}}},
	{{{-8118, 15496, -4974},0, {-2188, 92},{0x8D, 0xDA, 0x26, 0xFF}}},
	{{{-8118, 18776, -2945},0, {5156, 2588},{0x92, 0xDA, 0x34, 0xFF}}},
	{{{-8118, 15496, -4974},0, {-2188, -1956},{0x8D, 0xDA, 0x26, 0xFF}}},
	{{{-8118, 18068, -2945},0, {3572, 2588},{0x8A, 0x24, 0x20, 0xFF}}},
	{{{-8118, 18068, -2504},0, {3572, 3577},{0x9F, 0x0, 0xAE, 0xFF}}},
	{{{-8118, 18068, -2203},0, {3572, 4251},{0x8D, 0xDA, 0x26, 0xFF}}},
	{{{-8118, 19003, 3319},0, {5666, 6378},{0xA6, 0x0, 0xA6, 0xFF}}},
	{{{-8118, 18776, -2203},0, {5156, -5989},{0x8D, 0x26, 0x26, 0xFF}}},
	{{{-8118, 15496, 3319},0, {-2188, 6378},{0xDA, 0xDA, 0x8D, 0xFF}}},
	{{{-8118, 18068, -2203},0, {3572, -5989},{0x8D, 0xDA, 0x26, 0xFF}}},
	{{{-5912, 21090, -4254},0, {1560, -6489},{0xEE, 0x78, 0xDA, 0xFF}}},
	{{{-6450, 20814, 3319},0, {208, 10474},{0x37, 0x5A, 0xB9, 0xFF}}},
	{{{-5912, 21090, 3319},0, {1560, 10474},{0xD7, 0x50, 0xA6, 0xFF}}},
	{{{-6450, 20814, 304},0, {208, 3720},{0x3, 0x78, 0xD5, 0xFF}}},
	{{{-6450, 20814, -6307},0, {208, -847},{0xF0, 0x76, 0xD5, 0xFF}}},
	{{{-5912, 21090, -4254},0, {1560, 3751},{0xEE, 0x78, 0xDA, 0xFF}}},
	{{{-5912, 21090, -5211},0, {1560, 1609},{0xEE, 0x78, 0x26, 0xFF}}},
	{{{-5912, 21090, -6307},0, {1560, -847},{0xD3, 0x59, 0xB2, 0xFF}}},
	{{{-7482, 20814, -5212},0, {-406, 1606},{0xDA, 0x73, 0x26, 0xFF}}},
	{{{-6450, 20814, -6307},0, {1906, -847},{0xF0, 0x76, 0xD5, 0xFF}}},
	{{{-8005, 20814, -5212},0, {-1578, 1606},{0x26, 0x73, 0x26, 0xFF}}},
	{{{-8118, 20814, -6307},0, {-1830, -847},{0xAA, 0x55, 0xD8, 0xFF}}},
	{{{-3193, 16692, 616},0, {7638, 8517},{0x5A, 0x0, 0x5A, 0xFF}}},
	{{{-3193, 21396, -6307},0, {-2898, -6991},{0x4E, 0x52, 0xC6, 0xFF}}},
	{{{-3193, 21396, 616},0, {-2898, 8517},{0x49, 0x49, 0x49, 0xFF}}},
	{{{-3193, 16078, -4974},0, {9014, -4004},{0x73, 0xDA, 0x26, 0xFF}}},
	{{{-16079, 13675, 3319},0, {10300, 2282},{0x5A, 0x0, 0xA6, 0xFF}}},
	{{{-16079, 22510, 1408},0, {-9488, -1999},{0x49, 0x49, 0xB7, 0xFF}}},
	{{{-16079, 22510, 3319},0, {-9488, 2282},{0x26, 0x26, 0x8D, 0xFF}}},
	{{{-16079, 20361, 1408},0, {-4674, -1999},{0x5A, 0x0, 0xA6, 0xFF}}},
	{{{-17517, -8538, 1408},0, {-15058, -1999},{0xB7, 0xB7, 0xB7, 0xFF}}},
	{{{-17517, 5911, 3319},0, {17304, 2282},{0x81, 0x0, 0x0, 0xFF}}},
	{{{-17517, 5911, 1408},0, {17304, -1999},{0xA6, 0x0, 0xA6, 0xFF}}},
	{{{-17517, -8538, 3319},0, {-15058, 2282},{0xDA, 0xDA, 0x8D, 0xFF}}},
};

Gfx hmc_dl_DL_thi_1_0xe024db0_Obj_mesh_layer_1_tri_2[] = {
	gsSPVertex(hmc_dl_DL_thi_1_0xe024db0_Obj_mesh_layer_1_vtx_2 + 0, 15, 0),
	gsSP1Triangle(0, 1, 2, 0),
	gsSP1Triangle(3, 4, 5, 0),
	gsSP1Triangle(6, 7, 8, 0),
	gsSP1Triangle(9, 10, 11, 0),
	gsSP1Triangle(12, 13, 14, 0),
	gsSPVertex(hmc_dl_DL_thi_1_0xe024db0_Obj_mesh_layer_1_vtx_2 + 15, 15, 0),
	gsSP1Triangle(0, 1, 2, 0),
	gsSP1Triangle(3, 4, 5, 0),
	gsSP1Triangle(6, 7, 8, 0),
	gsSP1Triangle(9, 10, 11, 0),
	gsSP1Triangle(12, 13, 14, 0),
	gsSPVertex(hmc_dl_DL_thi_1_0xe024db0_Obj_mesh_layer_1_vtx_2 + 30, 15, 0),
	gsSP1Triangle(0, 1, 2, 0),
	gsSP1Triangle(3, 4, 5, 0),
	gsSP1Triangle(6, 7, 8, 0),
	gsSP1Triangle(9, 10, 11, 0),
	gsSP1Triangle(12, 13, 14, 0),
	gsSPVertex(hmc_dl_DL_thi_1_0xe024db0_Obj_mesh_layer_1_vtx_2 + 45, 15, 0),
	gsSP1Triangle(0, 1, 2, 0),
	gsSP1Triangle(3, 4, 5, 0),
	gsSP1Triangle(6, 7, 8, 0),
	gsSP1Triangle(9, 10, 11, 0),
	gsSP1Triangle(12, 13, 14, 0),
	gsSPVertex(hmc_dl_DL_thi_1_0xe024db0_Obj_mesh_layer_1_vtx_2 + 60, 15, 0),
	gsSP1Triangle(0, 1, 2, 0),
	gsSP1Triangle(3, 4, 5, 0),
	gsSP1Triangle(6, 7, 8, 0),
	gsSP1Triangle(9, 10, 11, 0),
	gsSP1Triangle(12, 13, 14, 0),
	gsSPVertex(hmc_dl_DL_thi_1_0xe024db0_Obj_mesh_layer_1_vtx_2 + 75, 15, 0),
	gsSP1Triangle(0, 1, 2, 0),
	gsSP1Triangle(3, 4, 5, 0),
	gsSP1Triangle(6, 7, 8, 0),
	gsSP1Triangle(9, 10, 11, 0),
	gsSP1Triangle(12, 13, 14, 0),
	gsSPVertex(hmc_dl_DL_thi_1_0xe024db0_Obj_mesh_layer_1_vtx_2 + 90, 15, 0),
	gsSP1Triangle(0, 1, 2, 0),
	gsSP1Triangle(3, 4, 5, 0),
	gsSP1Triangle(6, 7, 8, 0),
	gsSP1Triangle(9, 10, 11, 0),
	gsSP1Triangle(12, 13, 14, 0),
	gsSPVertex(hmc_dl_DL_thi_1_0xe024db0_Obj_mesh_layer_1_vtx_2 + 105, 15, 0),
	gsSP1Triangle(0, 1, 2, 0),
	gsSP1Triangle(3, 4, 5, 0),
	gsSP1Triangle(6, 7, 8, 0),
	gsSP1Triangle(9, 10, 11, 0),
	gsSP1Triangle(12, 13, 14, 0),
	gsSPVertex(hmc_dl_DL_thi_1_0xe024db0_Obj_mesh_layer_1_vtx_2 + 120, 14, 0),
	gsSP1Triangle(0, 1, 2, 0),
	gsSP1Triangle(3, 4, 5, 0),
	gsSP1Triangle(6, 7, 8, 0),
	gsSP1Triangle(7, 9, 10, 0),
	gsSP1Triangle(11, 12, 13, 0),
	gsSPVertex(hmc_dl_DL_thi_1_0xe024db0_Obj_mesh_layer_1_vtx_2 + 134, 15, 0),
	gsSP1Triangle(0, 1, 2, 0),
	gsSP1Triangle(3, 4, 5, 0),
	gsSP1Triangle(6, 7, 8, 0),
	gsSP1Triangle(9, 10, 11, 0),
	gsSP1Triangle(12, 13, 14, 0),
	gsSPVertex(hmc_dl_DL_thi_1_0xe024db0_Obj_mesh_layer_1_vtx_2 + 149, 15, 0),
	gsSP1Triangle(0, 1, 2, 0),
	gsSP1Triangle(3, 4, 5, 0),
	gsSP1Triangle(6, 7, 8, 0),
	gsSP1Triangle(9, 10, 11, 0),
	gsSP1Triangle(12, 13, 14, 0),
	gsSPVertex(hmc_dl_DL_thi_1_0xe024db0_Obj_mesh_layer_1_vtx_2 + 164, 15, 0),
	gsSP1Triangle(0, 1, 2, 0),
	gsSP1Triangle(3, 4, 5, 0),
	gsSP1Triangle(6, 7, 8, 0),
	gsSP1Triangle(9, 10, 11, 0),
	gsSP1Triangle(12, 13, 14, 0),
	gsSPVertex(hmc_dl_DL_thi_1_0xe024db0_Obj_mesh_layer_1_vtx_2 + 179, 15, 0),
	gsSP1Triangle(0, 1, 2, 0),
	gsSP1Triangle(3, 4, 5, 0),
	gsSP1Triangle(6, 7, 8, 0),
	gsSP1Triangle(9, 10, 11, 0),
	gsSP1Triangle(12, 13, 14, 0),
	gsSPVertex(hmc_dl_DL_thi_1_0xe024db0_Obj_mesh_layer_1_vtx_2 + 194, 15, 0),
	gsSP1Triangle(0, 1, 2, 0),
	gsSP1Triangle(3, 4, 5, 0),
	gsSP1Triangle(6, 7, 8, 0),
	gsSP1Triangle(9, 10, 11, 0),
	gsSP1Triangle(12, 13, 14, 0),
	gsSPVertex(hmc_dl_DL_thi_1_0xe024db0_Obj_mesh_layer_1_vtx_2 + 209, 15, 0),
	gsSP1Triangle(0, 1, 2, 0),
	gsSP1Triangle(3, 4, 5, 0),
	gsSP1Triangle(6, 7, 8, 0),
	gsSP1Triangle(9, 10, 11, 0),
	gsSP1Triangle(12, 13, 14, 0),
	gsSPVertex(hmc_dl_DL_thi_1_0xe024db0_Obj_mesh_layer_1_vtx_2 + 224, 15, 0),
	gsSP1Triangle(0, 1, 2, 0),
	gsSP1Triangle(3, 4, 5, 0),
	gsSP1Triangle(6, 7, 8, 0),
	gsSP1Triangle(9, 10, 11, 0),
	gsSP1Triangle(12, 13, 14, 0),
	gsSPVertex(hmc_dl_DL_thi_1_0xe024db0_Obj_mesh_layer_1_vtx_2 + 239, 15, 0),
	gsSP1Triangle(0, 1, 2, 0),
	gsSP1Triangle(3, 4, 5, 0),
	gsSP1Triangle(6, 7, 8, 0),
	gsSP1Triangle(9, 10, 11, 0),
	gsSP1Triangle(12, 13, 14, 0),
	gsSPVertex(hmc_dl_DL_thi_1_0xe024db0_Obj_mesh_layer_1_vtx_2 + 254, 15, 0),
	gsSP1Triangle(0, 1, 2, 0),
	gsSP1Triangle(3, 4, 5, 0),
	gsSP1Triangle(6, 7, 8, 0),
	gsSP1Triangle(9, 10, 11, 0),
	gsSP1Triangle(12, 13, 14, 0),
	gsSPVertex(hmc_dl_DL_thi_1_0xe024db0_Obj_mesh_layer_1_vtx_2 + 269, 15, 0),
	gsSP1Triangle(0, 1, 2, 0),
	gsSP1Triangle(3, 4, 5, 0),
	gsSP1Triangle(6, 7, 8, 0),
	gsSP1Triangle(9, 10, 11, 0),
	gsSP1Triangle(12, 13, 14, 0),
	gsSPVertex(hmc_dl_DL_thi_1_0xe024db0_Obj_mesh_layer_1_vtx_2 + 284, 15, 0),
	gsSP1Triangle(0, 1, 2, 0),
	gsSP1Triangle(3, 4, 5, 0),
	gsSP1Triangle(6, 7, 8, 0),
	gsSP1Triangle(9, 10, 11, 0),
	gsSP1Triangle(12, 13, 14, 0),
	gsSPVertex(hmc_dl_DL_thi_1_0xe024db0_Obj_mesh_layer_1_vtx_2 + 299, 15, 0),
	gsSP1Triangle(0, 1, 2, 0),
	gsSP1Triangle(3, 4, 5, 0),
	gsSP1Triangle(6, 7, 8, 0),
	gsSP1Triangle(9, 10, 11, 0),
	gsSP1Triangle(12, 13, 14, 0),
	gsSPVertex(hmc_dl_DL_thi_1_0xe024db0_Obj_mesh_layer_1_vtx_2 + 314, 15, 0),
	gsSP1Triangle(0, 1, 2, 0),
	gsSP1Triangle(3, 4, 5, 0),
	gsSP1Triangle(6, 7, 8, 0),
	gsSP1Triangle(9, 10, 11, 0),
	gsSP1Triangle(12, 13, 14, 0),
	gsSPVertex(hmc_dl_DL_thi_1_0xe024db0_Obj_mesh_layer_1_vtx_2 + 329, 15, 0),
	gsSP1Triangle(0, 1, 2, 0),
	gsSP1Triangle(3, 4, 5, 0),
	gsSP1Triangle(6, 7, 8, 0),
	gsSP1Triangle(9, 10, 11, 0),
	gsSP1Triangle(12, 13, 14, 0),
	gsSPVertex(hmc_dl_DL_thi_1_0xe024db0_Obj_mesh_layer_1_vtx_2 + 344, 15, 0),
	gsSP1Triangle(0, 1, 2, 0),
	gsSP1Triangle(3, 4, 5, 0),
	gsSP1Triangle(6, 7, 8, 0),
	gsSP1Triangle(9, 10, 11, 0),
	gsSP1Triangle(12, 13, 14, 0),
	gsSPVertex(hmc_dl_DL_thi_1_0xe024db0_Obj_mesh_layer_1_vtx_2 + 359, 15, 0),
	gsSP1Triangle(0, 1, 2, 0),
	gsSP1Triangle(3, 4, 5, 0),
	gsSP1Triangle(6, 7, 8, 0),
	gsSP1Triangle(9, 10, 11, 0),
	gsSP1Triangle(12, 13, 14, 0),
	gsSPVertex(hmc_dl_DL_thi_1_0xe024db0_Obj_mesh_layer_1_vtx_2 + 374, 15, 0),
	gsSP1Triangle(0, 1, 2, 0),
	gsSP1Triangle(3, 4, 5, 0),
	gsSP1Triangle(6, 7, 8, 0),
	gsSP1Triangle(9, 10, 11, 0),
	gsSP1Triangle(12, 13, 14, 0),
	gsSPVertex(hmc_dl_DL_thi_1_0xe024db0_Obj_mesh_layer_1_vtx_2 + 389, 15, 0),
	gsSP1Triangle(0, 1, 2, 0),
	gsSP1Triangle(3, 4, 5, 0),
	gsSP1Triangle(6, 7, 8, 0),
	gsSP1Triangle(9, 10, 11, 0),
	gsSP1Triangle(12, 13, 14, 0),
	gsSPVertex(hmc_dl_DL_thi_1_0xe024db0_Obj_mesh_layer_1_vtx_2 + 404, 15, 0),
	gsSP1Triangle(0, 1, 2, 0),
	gsSP1Triangle(3, 4, 5, 0),
	gsSP1Triangle(6, 7, 8, 0),
	gsSP1Triangle(9, 10, 11, 0),
	gsSP1Triangle(12, 13, 14, 0),
	gsSPVertex(hmc_dl_DL_thi_1_0xe024db0_Obj_mesh_layer_1_vtx_2 + 419, 15, 0),
	gsSP1Triangle(0, 1, 2, 0),
	gsSP1Triangle(3, 4, 5, 0),
	gsSP1Triangle(6, 7, 8, 0),
	gsSP1Triangle(9, 10, 11, 0),
	gsSP1Triangle(12, 13, 14, 0),
	gsSPVertex(hmc_dl_DL_thi_1_0xe024db0_Obj_mesh_layer_1_vtx_2 + 434, 15, 0),
	gsSP1Triangle(0, 1, 2, 0),
	gsSP1Triangle(3, 4, 5, 0),
	gsSP1Triangle(6, 7, 8, 0),
	gsSP1Triangle(9, 10, 11, 0),
	gsSP1Triangle(12, 13, 14, 0),
	gsSPVertex(hmc_dl_DL_thi_1_0xe024db0_Obj_mesh_layer_1_vtx_2 + 449, 15, 0),
	gsSP1Triangle(0, 1, 2, 0),
	gsSP1Triangle(3, 4, 5, 0),
	gsSP1Triangle(6, 7, 8, 0),
	gsSP1Triangle(9, 10, 11, 0),
	gsSP1Triangle(12, 13, 14, 0),
	gsSPVertex(hmc_dl_DL_thi_1_0xe024db0_Obj_mesh_layer_1_vtx_2 + 464, 15, 0),
	gsSP1Triangle(0, 1, 2, 0),
	gsSP1Triangle(3, 4, 5, 0),
	gsSP1Triangle(6, 7, 8, 0),
	gsSP1Triangle(9, 10, 11, 0),
	gsSP1Triangle(12, 13, 14, 0),
	gsSPVertex(hmc_dl_DL_thi_1_0xe024db0_Obj_mesh_layer_1_vtx_2 + 479, 15, 0),
	gsSP1Triangle(0, 1, 2, 0),
	gsSP1Triangle(3, 4, 5, 0),
	gsSP1Triangle(6, 7, 8, 0),
	gsSP1Triangle(9, 10, 11, 0),
	gsSP1Triangle(12, 13, 14, 0),
	gsSPVertex(hmc_dl_DL_thi_1_0xe024db0_Obj_mesh_layer_1_vtx_2 + 494, 15, 0),
	gsSP1Triangle(0, 1, 2, 0),
	gsSP1Triangle(3, 4, 5, 0),
	gsSP1Triangle(6, 7, 8, 0),
	gsSP1Triangle(9, 10, 11, 0),
	gsSP1Triangle(12, 13, 14, 0),
	gsSPVertex(hmc_dl_DL_thi_1_0xe024db0_Obj_mesh_layer_1_vtx_2 + 509, 15, 0),
	gsSP1Triangle(0, 1, 2, 0),
	gsSP1Triangle(3, 4, 5, 0),
	gsSP1Triangle(6, 7, 8, 0),
	gsSP1Triangle(9, 10, 11, 0),
	gsSP1Triangle(12, 13, 14, 0),
	gsSPVertex(hmc_dl_DL_thi_1_0xe024db0_Obj_mesh_layer_1_vtx_2 + 524, 15, 0),
	gsSP1Triangle(0, 1, 2, 0),
	gsSP1Triangle(3, 4, 5, 0),
	gsSP1Triangle(6, 7, 8, 0),
	gsSP1Triangle(9, 10, 11, 0),
	gsSP1Triangle(12, 13, 14, 0),
	gsSPVertex(hmc_dl_DL_thi_1_0xe024db0_Obj_mesh_layer_1_vtx_2 + 539, 15, 0),
	gsSP1Triangle(0, 1, 2, 0),
	gsSP1Triangle(3, 4, 5, 0),
	gsSP1Triangle(6, 7, 8, 0),
	gsSP1Triangle(9, 10, 11, 0),
	gsSP1Triangle(12, 13, 14, 0),
	gsSPVertex(hmc_dl_DL_thi_1_0xe024db0_Obj_mesh_layer_1_vtx_2 + 554, 15, 0),
	gsSP1Triangle(0, 1, 2, 0),
	gsSP1Triangle(3, 4, 5, 0),
	gsSP1Triangle(6, 7, 8, 0),
	gsSP1Triangle(9, 10, 11, 0),
	gsSP1Triangle(12, 13, 14, 0),
	gsSPVertex(hmc_dl_DL_thi_1_0xe024db0_Obj_mesh_layer_1_vtx_2 + 569, 15, 0),
	gsSP1Triangle(0, 1, 2, 0),
	gsSP1Triangle(3, 4, 5, 0),
	gsSP1Triangle(6, 7, 8, 0),
	gsSP1Triangle(9, 10, 11, 0),
	gsSP1Triangle(12, 13, 14, 0),
	gsSPVertex(hmc_dl_DL_thi_1_0xe024db0_Obj_mesh_layer_1_vtx_2 + 584, 15, 0),
	gsSP1Triangle(0, 1, 2, 0),
	gsSP1Triangle(3, 4, 5, 0),
	gsSP1Triangle(6, 7, 8, 0),
	gsSP1Triangle(9, 10, 11, 0),
	gsSP1Triangle(12, 13, 14, 0),
	gsSPVertex(hmc_dl_DL_thi_1_0xe024db0_Obj_mesh_layer_1_vtx_2 + 599, 15, 0),
	gsSP1Triangle(0, 1, 2, 0),
	gsSP1Triangle(3, 4, 5, 0),
	gsSP1Triangle(6, 7, 8, 0),
	gsSP1Triangle(9, 10, 11, 0),
	gsSP1Triangle(12, 13, 14, 0),
	gsSPVertex(hmc_dl_DL_thi_1_0xe024db0_Obj_mesh_layer_1_vtx_2 + 614, 15, 0),
	gsSP1Triangle(0, 1, 2, 0),
	gsSP1Triangle(3, 4, 5, 0),
	gsSP1Triangle(6, 7, 8, 0),
	gsSP1Triangle(9, 10, 11, 0),
	gsSP1Triangle(12, 13, 14, 0),
	gsSPVertex(hmc_dl_DL_thi_1_0xe024db0_Obj_mesh_layer_1_vtx_2 + 629, 15, 0),
	gsSP1Triangle(0, 1, 2, 0),
	gsSP1Triangle(3, 4, 5, 0),
	gsSP1Triangle(6, 7, 8, 0),
	gsSP1Triangle(9, 10, 11, 0),
	gsSP1Triangle(12, 13, 14, 0),
	gsSPVertex(hmc_dl_DL_thi_1_0xe024db0_Obj_mesh_layer_1_vtx_2 + 644, 15, 0),
	gsSP1Triangle(0, 1, 2, 0),
	gsSP1Triangle(3, 4, 5, 0),
	gsSP1Triangle(6, 7, 8, 0),
	gsSP1Triangle(9, 10, 11, 0),
	gsSP1Triangle(12, 13, 14, 0),
	gsSPVertex(hmc_dl_DL_thi_1_0xe024db0_Obj_mesh_layer_1_vtx_2 + 659, 15, 0),
	gsSP1Triangle(0, 1, 2, 0),
	gsSP1Triangle(3, 4, 5, 0),
	gsSP1Triangle(6, 7, 8, 0),
	gsSP1Triangle(9, 10, 11, 0),
	gsSP1Triangle(12, 13, 14, 0),
	gsSPVertex(hmc_dl_DL_thi_1_0xe024db0_Obj_mesh_layer_1_vtx_2 + 674, 15, 0),
	gsSP1Triangle(0, 1, 2, 0),
	gsSP1Triangle(3, 4, 5, 0),
	gsSP1Triangle(6, 7, 8, 0),
	gsSP1Triangle(9, 10, 11, 0),
	gsSP1Triangle(12, 13, 14, 0),
	gsSPVertex(hmc_dl_DL_thi_1_0xe024db0_Obj_mesh_layer_1_vtx_2 + 689, 15, 0),
	gsSP1Triangle(0, 1, 2, 0),
	gsSP1Triangle(3, 4, 5, 0),
	gsSP1Triangle(6, 7, 8, 0),
	gsSP1Triangle(9, 10, 11, 0),
	gsSP1Triangle(12, 13, 14, 0),
	gsSPVertex(hmc_dl_DL_thi_1_0xe024db0_Obj_mesh_layer_1_vtx_2 + 704, 15, 0),
	gsSP1Triangle(0, 1, 2, 0),
	gsSP1Triangle(3, 4, 5, 0),
	gsSP1Triangle(6, 7, 8, 0),
	gsSP1Triangle(9, 10, 11, 0),
	gsSP1Triangle(12, 13, 14, 0),
	gsSPVertex(hmc_dl_DL_thi_1_0xe024db0_Obj_mesh_layer_1_vtx_2 + 719, 15, 0),
	gsSP1Triangle(0, 1, 2, 0),
	gsSP1Triangle(3, 4, 5, 0),
	gsSP1Triangle(6, 7, 8, 0),
	gsSP1Triangle(9, 10, 11, 0),
	gsSP1Triangle(12, 13, 14, 0),
	gsSPVertex(hmc_dl_DL_thi_1_0xe024db0_Obj_mesh_layer_1_vtx_2 + 734, 15, 0),
	gsSP1Triangle(0, 1, 2, 0),
	gsSP1Triangle(3, 4, 5, 0),
	gsSP1Triangle(6, 7, 8, 0),
	gsSP1Triangle(9, 10, 11, 0),
	gsSP1Triangle(12, 13, 14, 0),
	gsSPVertex(hmc_dl_DL_thi_1_0xe024db0_Obj_mesh_layer_1_vtx_2 + 749, 15, 0),
	gsSP1Triangle(0, 1, 2, 0),
	gsSP1Triangle(3, 4, 5, 0),
	gsSP1Triangle(6, 7, 8, 0),
	gsSP1Triangle(9, 10, 11, 0),
	gsSP1Triangle(12, 13, 14, 0),
	gsSPVertex(hmc_dl_DL_thi_1_0xe024db0_Obj_mesh_layer_1_vtx_2 + 764, 15, 0),
	gsSP1Triangle(0, 1, 2, 0),
	gsSP1Triangle(3, 4, 5, 0),
	gsSP1Triangle(6, 7, 8, 0),
	gsSP1Triangle(9, 10, 11, 0),
	gsSP1Triangle(12, 13, 14, 0),
	gsSPVertex(hmc_dl_DL_thi_1_0xe024db0_Obj_mesh_layer_1_vtx_2 + 779, 15, 0),
	gsSP1Triangle(0, 1, 2, 0),
	gsSP1Triangle(3, 4, 5, 0),
	gsSP1Triangle(6, 7, 8, 0),
	gsSP1Triangle(9, 10, 11, 0),
	gsSP1Triangle(12, 13, 14, 0),
	gsSPVertex(hmc_dl_DL_thi_1_0xe024db0_Obj_mesh_layer_1_vtx_2 + 794, 16, 0),
	gsSP1Triangle(0, 1, 2, 0),
	gsSP1Triangle(1, 0, 3, 0),
	gsSP1Triangle(4, 5, 6, 0),
	gsSP1Triangle(5, 4, 7, 0),
	gsSP1Triangle(8, 9, 10, 0),
	gsSP1Triangle(9, 8, 11, 0),
	gsSP1Triangle(12, 13, 14, 0),
	gsSP1Triangle(13, 12, 15, 0),
	gsSPVertex(hmc_dl_DL_thi_1_0xe024db0_Obj_mesh_layer_1_vtx_2 + 810, 16, 0),
	gsSP1Triangle(0, 1, 2, 0),
	gsSP1Triangle(1, 0, 3, 0),
	gsSP1Triangle(4, 5, 6, 0),
	gsSP1Triangle(5, 4, 7, 0),
	gsSP1Triangle(8, 9, 10, 0),
	gsSP1Triangle(9, 8, 11, 0),
	gsSP1Triangle(12, 13, 14, 0),
	gsSP1Triangle(13, 12, 15, 0),
	gsSPVertex(hmc_dl_DL_thi_1_0xe024db0_Obj_mesh_layer_1_vtx_2 + 826, 16, 0),
	gsSP1Triangle(0, 1, 2, 0),
	gsSP1Triangle(1, 0, 3, 0),
	gsSP1Triangle(4, 5, 6, 0),
	gsSP1Triangle(5, 4, 7, 0),
	gsSP1Triangle(8, 9, 10, 0),
	gsSP1Triangle(9, 8, 11, 0),
	gsSP1Triangle(12, 13, 14, 0),
	gsSP1Triangle(13, 12, 15, 0),
	gsSPVertex(hmc_dl_DL_thi_1_0xe024db0_Obj_mesh_layer_1_vtx_2 + 842, 16, 0),
	gsSP1Triangle(0, 1, 2, 0),
	gsSP1Triangle(0, 2, 3, 0),
	gsSP1Triangle(4, 5, 6, 0),
	gsSP1Triangle(5, 4, 7, 0),
	gsSP1Triangle(8, 9, 10, 0),
	gsSP1Triangle(10, 9, 11, 0),
	gsSP1Triangle(12, 13, 14, 0),
	gsSP1Triangle(14, 13, 15, 0),
	gsSPVertex(hmc_dl_DL_thi_1_0xe024db0_Obj_mesh_layer_1_vtx_2 + 858, 16, 0),
	gsSP1Triangle(0, 1, 2, 0),
	gsSP1Triangle(2, 1, 3, 0),
	gsSP1Triangle(4, 5, 6, 0),
	gsSP1Triangle(7, 4, 6, 0),
	gsSP1Triangle(8, 9, 10, 0),
	gsSP1Triangle(10, 9, 11, 0),
	gsSP1Triangle(12, 13, 14, 0),
	gsSP1Triangle(12, 14, 15, 0),
	gsSPVertex(hmc_dl_DL_thi_1_0xe024db0_Obj_mesh_layer_1_vtx_2 + 874, 14, 0),
	gsSP1Triangle(0, 1, 2, 0),
	gsSP1Triangle(2, 1, 3, 0),
	gsSP1Triangle(3, 1, 4, 0),
	gsSP1Triangle(5, 6, 7, 0),
	gsSP1Triangle(6, 5, 8, 0),
	gsSP1Triangle(6, 8, 9, 0),
	gsSP1Triangle(10, 11, 12, 0),
	gsSP1Triangle(10, 12, 13, 0),
	gsSPVertex(hmc_dl_DL_thi_1_0xe024db0_Obj_mesh_layer_1_vtx_2 + 888, 16, 0),
	gsSP1Triangle(0, 1, 2, 0),
	gsSP1Triangle(0, 3, 1, 0),
	gsSP1Triangle(3, 0, 4, 0),
	gsSP1Triangle(4, 5, 3, 0),
	gsSP1Triangle(4, 6, 5, 0),
	gsSP1Triangle(7, 6, 4, 0),
	gsSP1Triangle(8, 9, 10, 0),
	gsSP1Triangle(10, 9, 11, 0),
	gsSP1Triangle(12, 13, 14, 0),
	gsSP1Triangle(13, 12, 15, 0),
	gsSPVertex(hmc_dl_DL_thi_1_0xe024db0_Obj_mesh_layer_1_vtx_2 + 904, 16, 0),
	gsSP1Triangle(0, 1, 2, 0),
	gsSP1Triangle(2, 1, 3, 0),
	gsSP1Triangle(4, 5, 6, 0),
	gsSP1Triangle(6, 5, 7, 0),
	gsSP1Triangle(8, 9, 10, 0),
	gsSP1Triangle(10, 9, 11, 0),
	gsSP1Triangle(12, 13, 14, 0),
	gsSP1Triangle(13, 12, 15, 0),
	gsSPVertex(hmc_dl_DL_thi_1_0xe024db0_Obj_mesh_layer_1_vtx_2 + 920, 16, 0),
	gsSP1Triangle(0, 1, 2, 0),
	gsSP1Triangle(0, 2, 3, 0),
	gsSP1Triangle(4, 5, 6, 0),
	gsSP1Triangle(5, 4, 7, 0),
	gsSP1Triangle(7, 4, 8, 0),
	gsSP1Triangle(9, 10, 11, 0),
	gsSP1Triangle(9, 11, 12, 0),
	gsSP1Triangle(13, 14, 15, 0),
	gsSPVertex(hmc_dl_DL_thi_1_0xe024db0_Obj_mesh_layer_1_vtx_2 + 936, 16, 0),
	gsSP1Triangle(0, 1, 2, 0),
	gsSP1Triangle(3, 4, 5, 0),
	gsSP1Triangle(3, 5, 6, 0),
	gsSP1Triangle(7, 8, 9, 0),
	gsSP1Triangle(7, 9, 10, 0),
	gsSP1Triangle(11, 12, 13, 0),
	gsSP1Triangle(12, 11, 14, 0),
	gsSP1Triangle(14, 11, 15, 0),
	gsSPVertex(hmc_dl_DL_thi_1_0xe024db0_Obj_mesh_layer_1_vtx_2 + 952, 16, 0),
	gsSP1Triangle(0, 1, 2, 0),
	gsSP1Triangle(1, 0, 3, 0),
	gsSP1Triangle(4, 5, 6, 0),
	gsSP1Triangle(5, 4, 7, 0),
	gsSP1Triangle(8, 9, 10, 0),
	gsSP1Triangle(11, 9, 8, 0),
	gsSP1Triangle(12, 13, 14, 0),
	gsSP1Triangle(13, 12, 15, 0),
	gsSPVertex(hmc_dl_DL_thi_1_0xe024db0_Obj_mesh_layer_1_vtx_2 + 968, 16, 0),
	gsSP1Triangle(0, 1, 2, 0),
	gsSP1Triangle(3, 4, 5, 0),
	gsSP1Triangle(5, 4, 6, 0),
	gsSP1Triangle(5, 6, 7, 0),
	gsSP1Triangle(8, 9, 10, 0),
	gsSP1Triangle(10, 9, 11, 0),
	gsSP1Triangle(12, 13, 14, 0),
	gsSP1Triangle(13, 12, 15, 0),
	gsSPVertex(hmc_dl_DL_thi_1_0xe024db0_Obj_mesh_layer_1_vtx_2 + 984, 15, 0),
	gsSP1Triangle(0, 1, 2, 0),
	gsSP1Triangle(3, 4, 5, 0),
	gsSP1Triangle(4, 3, 6, 0),
	gsSP1Triangle(7, 8, 9, 0),
	gsSP1Triangle(9, 8, 10, 0),
	gsSP1Triangle(11, 12, 13, 0),
	gsSP1Triangle(12, 11, 14, 0),
	gsSPVertex(hmc_dl_DL_thi_1_0xe024db0_Obj_mesh_layer_1_vtx_2 + 999, 14, 0),
	gsSP1Triangle(0, 1, 2, 0),
	gsSP1Triangle(2, 1, 3, 0),
	gsSP1Triangle(2, 3, 4, 0),
	gsSP1Triangle(2, 4, 5, 0),
	gsSP1Triangle(6, 7, 8, 0),
	gsSP1Triangle(8, 7, 9, 0),
	gsSP1Triangle(10, 11, 12, 0),
	gsSP1Triangle(11, 10, 13, 0),
	gsSPVertex(hmc_dl_DL_thi_1_0xe024db0_Obj_mesh_layer_1_vtx_2 + 1013, 16, 0),
	gsSP1Triangle(0, 1, 2, 0),
	gsSP1Triangle(0, 2, 3, 0),
	gsSP1Triangle(3, 2, 4, 0),
	gsSP1Triangle(5, 6, 7, 0),
	gsSP1Triangle(6, 5, 8, 0),
	gsSP1Triangle(9, 10, 11, 0),
	gsSP1Triangle(10, 9, 12, 0),
	gsSP1Triangle(13, 14, 15, 0),
	gsSPVertex(hmc_dl_DL_thi_1_0xe024db0_Obj_mesh_layer_1_vtx_2 + 1029, 16, 0),
	gsSP1Triangle(0, 1, 2, 0),
	gsSP1Triangle(3, 4, 5, 0),
	gsSP1Triangle(3, 5, 6, 0),
	gsSP1Triangle(7, 8, 9, 0),
	gsSP1Triangle(9, 8, 10, 0),
	gsSP1Triangle(11, 12, 13, 0),
	gsSP1Triangle(11, 13, 14, 0),
	gsSP1Triangle(13, 15, 14, 0),
	gsSPVertex(hmc_dl_DL_thi_1_0xe024db0_Obj_mesh_layer_1_vtx_2 + 1045, 15, 0),
	gsSP1Triangle(0, 1, 2, 0),
	gsSP1Triangle(3, 2, 4, 0),
	gsSP1Triangle(5, 3, 6, 0),
	gsSP1Triangle(7, 8, 9, 0),
	gsSP1Triangle(9, 8, 10, 0),
	gsSP1Triangle(11, 12, 13, 0),
	gsSP1Triangle(12, 11, 14, 0),
	gsSPVertex(hmc_dl_DL_thi_1_0xe024db0_Obj_mesh_layer_1_vtx_2 + 1060, 16, 0),
	gsSP1Triangle(0, 1, 2, 0),
	gsSP1Triangle(0, 2, 3, 0),
	gsSP1Triangle(4, 5, 6, 0),
	gsSP1Triangle(6, 5, 7, 0),
	gsSP1Triangle(8, 9, 10, 0),
	gsSP1Triangle(8, 10, 11, 0),
	gsSP1Triangle(8, 11, 12, 0),
	gsSP1Triangle(13, 12, 11, 0),
	gsSP1Triangle(12, 13, 14, 0),
	gsSP1Triangle(14, 13, 15, 0),
	gsSPVertex(hmc_dl_DL_thi_1_0xe024db0_Obj_mesh_layer_1_vtx_2 + 1076, 16, 0),
	gsSP1Triangle(0, 1, 2, 0),
	gsSP1Triangle(3, 4, 5, 0),
	gsSP1Triangle(5, 4, 6, 0),
	gsSP1Triangle(7, 8, 9, 0),
	gsSP1Triangle(8, 7, 10, 0),
	gsSP1Triangle(8, 10, 11, 0),
	gsSP1Triangle(11, 10, 12, 0),
	gsSP1Triangle(13, 8, 11, 0),
	gsSP1Triangle(14, 8, 13, 0),
	gsSP1Triangle(8, 14, 15, 0),
	gsSPVertex(hmc_dl_DL_thi_1_0xe024db0_Obj_mesh_layer_1_vtx_2 + 1092, 16, 0),
	gsSP1Triangle(0, 1, 2, 0),
	gsSP1Triangle(1, 0, 3, 0),
	gsSP1Triangle(3, 0, 4, 0),
	gsSP1Triangle(5, 6, 7, 0),
	gsSP1Triangle(6, 5, 8, 0),
	gsSP1Triangle(9, 10, 11, 0),
	gsSP1Triangle(10, 9, 12, 0),
	gsSP1Triangle(13, 14, 15, 0),
	gsSPVertex(hmc_dl_DL_thi_1_0xe024db0_Obj_mesh_layer_1_vtx_2 + 1108, 15, 0),
	gsSP1Triangle(0, 1, 2, 0),
	gsSP1Triangle(3, 4, 5, 0),
	gsSP1Triangle(4, 3, 6, 0),
	gsSP1Triangle(7, 8, 9, 0),
	gsSP1Triangle(8, 7, 10, 0),
	gsSP1Triangle(11, 12, 13, 0),
	gsSP1Triangle(12, 11, 14, 0),
	gsSPVertex(hmc_dl_DL_thi_1_0xe024db0_Obj_mesh_layer_1_vtx_2 + 1123, 16, 0),
	gsSP1Triangle(0, 1, 2, 0),
	gsSP1Triangle(1, 0, 3, 0),
	gsSP1Triangle(4, 5, 6, 0),
	gsSP1Triangle(5, 4, 7, 0),
	gsSP1Triangle(8, 9, 10, 0),
	gsSP1Triangle(9, 8, 11, 0),
	gsSP1Triangle(12, 13, 14, 0),
	gsSP1Triangle(13, 12, 15, 0),
	gsSPVertex(hmc_dl_DL_thi_1_0xe024db0_Obj_mesh_layer_1_vtx_2 + 1139, 16, 0),
	gsSP1Triangle(0, 1, 2, 0),
	gsSP1Triangle(1, 0, 3, 0),
	gsSP1Triangle(4, 5, 6, 0),
	gsSP1Triangle(5, 4, 7, 0),
	gsSP1Triangle(8, 9, 10, 0),
	gsSP1Triangle(9, 8, 11, 0),
	gsSP1Triangle(12, 13, 14, 0),
	gsSP1Triangle(13, 12, 15, 0),
	gsSPVertex(hmc_dl_DL_thi_1_0xe024db0_Obj_mesh_layer_1_vtx_2 + 1155, 16, 0),
	gsSP1Triangle(0, 1, 2, 0),
	gsSP1Triangle(1, 0, 3, 0),
	gsSP1Triangle(4, 5, 6, 0),
	gsSP1Triangle(5, 4, 7, 0),
	gsSP1Triangle(8, 9, 10, 0),
	gsSP1Triangle(9, 8, 11, 0),
	gsSP1Triangle(12, 13, 14, 0),
	gsSP1Triangle(13, 12, 15, 0),
	gsSPVertex(hmc_dl_DL_thi_1_0xe024db0_Obj_mesh_layer_1_vtx_2 + 1171, 16, 0),
	gsSP1Triangle(0, 1, 2, 0),
	gsSP1Triangle(1, 0, 3, 0),
	gsSP1Triangle(4, 5, 6, 0),
	gsSP1Triangle(5, 4, 7, 0),
	gsSP1Triangle(8, 9, 10, 0),
	gsSP1Triangle(9, 8, 11, 0),
	gsSP1Triangle(12, 13, 14, 0),
	gsSP1Triangle(13, 12, 15, 0),
	gsSPVertex(hmc_dl_DL_thi_1_0xe024db0_Obj_mesh_layer_1_vtx_2 + 1187, 16, 0),
	gsSP1Triangle(0, 1, 2, 0),
	gsSP1Triangle(1, 0, 3, 0),
	gsSP1Triangle(4, 5, 6, 0),
	gsSP1Triangle(5, 4, 7, 0),
	gsSP1Triangle(8, 9, 10, 0),
	gsSP1Triangle(8, 10, 11, 0),
	gsSP1Triangle(11, 10, 12, 0),
	gsSP1Triangle(13, 14, 15, 0),
	gsSPVertex(hmc_dl_DL_thi_1_0xe024db0_Obj_mesh_layer_1_vtx_2 + 1203, 14, 0),
	gsSP1Triangle(0, 1, 2, 0),
	gsSP1Triangle(3, 4, 5, 0),
	gsSP1Triangle(4, 3, 6, 0),
	gsSP1Triangle(6, 3, 7, 0),
	gsSP1Triangle(7, 3, 8, 0),
	gsSP1Triangle(9, 10, 11, 0),
	gsSP1Triangle(10, 9, 12, 0),
	gsSP1Triangle(12, 9, 13, 0),
	gsSPVertex(hmc_dl_DL_thi_1_0xe024db0_Obj_mesh_layer_1_vtx_2 + 1217, 16, 0),
	gsSP1Triangle(0, 1, 2, 0),
	gsSP1Triangle(1, 0, 3, 0),
	gsSP1Triangle(4, 5, 6, 0),
	gsSP1Triangle(5, 4, 7, 0),
	gsSP1Triangle(8, 9, 10, 0),
	gsSP1Triangle(9, 8, 11, 0),
	gsSP1Triangle(12, 13, 14, 0),
	gsSP1Triangle(13, 12, 15, 0),
	gsSPVertex(hmc_dl_DL_thi_1_0xe024db0_Obj_mesh_layer_1_vtx_2 + 1233, 16, 0),
	gsSP1Triangle(0, 1, 2, 0),
	gsSP1Triangle(1, 0, 3, 0),
	gsSP1Triangle(4, 5, 6, 0),
	gsSP1Triangle(5, 4, 7, 0),
	gsSP1Triangle(8, 9, 10, 0),
	gsSP1Triangle(9, 8, 11, 0),
	gsSP1Triangle(12, 13, 14, 0),
	gsSP1Triangle(13, 12, 15, 0),
	gsSPVertex(hmc_dl_DL_thi_1_0xe024db0_Obj_mesh_layer_1_vtx_2 + 1249, 16, 0),
	gsSP1Triangle(0, 1, 2, 0),
	gsSP1Triangle(1, 0, 3, 0),
	gsSP1Triangle(4, 5, 6, 0),
	gsSP1Triangle(5, 4, 7, 0),
	gsSP1Triangle(8, 9, 10, 0),
	gsSP1Triangle(9, 8, 11, 0),
	gsSP1Triangle(12, 13, 14, 0),
	gsSP1Triangle(13, 12, 15, 0),
	gsSPVertex(hmc_dl_DL_thi_1_0xe024db0_Obj_mesh_layer_1_vtx_2 + 1265, 16, 0),
	gsSP1Triangle(0, 1, 2, 0),
	gsSP1Triangle(1, 0, 3, 0),
	gsSP1Triangle(4, 5, 6, 0),
	gsSP1Triangle(5, 4, 7, 0),
	gsSP1Triangle(8, 9, 10, 0),
	gsSP1Triangle(9, 8, 11, 0),
	gsSP1Triangle(12, 13, 14, 0),
	gsSP1Triangle(13, 12, 15, 0),
	gsSPVertex(hmc_dl_DL_thi_1_0xe024db0_Obj_mesh_layer_1_vtx_2 + 1281, 16, 0),
	gsSP1Triangle(0, 1, 2, 0),
	gsSP1Triangle(1, 0, 3, 0),
	gsSP1Triangle(4, 5, 6, 0),
	gsSP1Triangle(5, 4, 7, 0),
	gsSP1Triangle(8, 9, 10, 0),
	gsSP1Triangle(9, 8, 11, 0),
	gsSP1Triangle(12, 13, 14, 0),
	gsSP1Triangle(13, 12, 15, 0),
	gsSPVertex(hmc_dl_DL_thi_1_0xe024db0_Obj_mesh_layer_1_vtx_2 + 1297, 16, 0),
	gsSP1Triangle(0, 1, 2, 0),
	gsSP1Triangle(1, 0, 3, 0),
	gsSP1Triangle(4, 5, 6, 0),
	gsSP1Triangle(5, 4, 7, 0),
	gsSP1Triangle(8, 9, 10, 0),
	gsSP1Triangle(9, 8, 11, 0),
	gsSP1Triangle(11, 8, 12, 0),
	gsSP1Triangle(13, 14, 15, 0),
	gsSPVertex(hmc_dl_DL_thi_1_0xe024db0_Obj_mesh_layer_1_vtx_2 + 1313, 16, 0),
	gsSP1Triangle(0, 1, 2, 0),
	gsSP1Triangle(2, 1, 3, 0),
	gsSP1Triangle(4, 5, 6, 0),
	gsSP1Triangle(5, 4, 7, 0),
	gsSP1Triangle(7, 4, 8, 0),
	gsSP1Triangle(7, 8, 9, 0),
	gsSP1Triangle(10, 11, 12, 0),
	gsSP1Triangle(11, 10, 13, 0),
	gsSP1Triangle(13, 10, 14, 0),
	gsSP1Triangle(13, 14, 15, 0),
	gsSPVertex(hmc_dl_DL_thi_1_0xe024db0_Obj_mesh_layer_1_vtx_2 + 1329, 16, 0),
	gsSP1Triangle(0, 1, 2, 0),
	gsSP1Triangle(1, 0, 3, 0),
	gsSP1Triangle(4, 5, 6, 0),
	gsSP1Triangle(5, 4, 7, 0),
	gsSP1Triangle(8, 9, 10, 0),
	gsSP1Triangle(9, 8, 11, 0),
	gsSP1Triangle(12, 13, 14, 0),
	gsSP1Triangle(14, 13, 15, 0),
	gsSPVertex(hmc_dl_DL_thi_1_0xe024db0_Obj_mesh_layer_1_vtx_2 + 1345, 16, 0),
	gsSP1Triangle(0, 1, 2, 0),
	gsSP1Triangle(3, 4, 5, 0),
	gsSP1Triangle(4, 3, 6, 0),
	gsSP1Triangle(7, 8, 9, 0),
	gsSP1Triangle(8, 7, 10, 0),
	gsSP1Triangle(11, 12, 13, 0),
	gsSP1Triangle(13, 14, 11, 0),
	gsSP1Triangle(14, 13, 15, 0),
	gsSPVertex(hmc_dl_DL_thi_1_0xe024db0_Obj_mesh_layer_1_vtx_2 + 1361, 16, 0),
	gsSP1Triangle(0, 1, 2, 0),
	gsSP1Triangle(1, 3, 2, 0),
	gsSP1Triangle(3, 1, 4, 0),
	gsSP1Triangle(5, 6, 7, 0),
	gsSP1Triangle(6, 5, 8, 0),
	gsSP1Triangle(9, 10, 11, 0),
	gsSP1Triangle(10, 9, 12, 0),
	gsSP1Triangle(13, 14, 15, 0),
	gsSPVertex(hmc_dl_DL_thi_1_0xe024db0_Obj_mesh_layer_1_vtx_2 + 1377, 16, 0),
	gsSP1Triangle(0, 1, 2, 0),
	gsSP1Triangle(3, 4, 5, 0),
	gsSP1Triangle(4, 3, 6, 0),
	gsSP1Triangle(7, 8, 9, 0),
	gsSP1Triangle(8, 7, 10, 0),
	gsSP1Triangle(11, 12, 13, 0),
	gsSP1Triangle(12, 11, 14, 0),
	gsSP1Triangle(14, 11, 15, 0),
	gsSPVertex(hmc_dl_DL_thi_1_0xe024db0_Obj_mesh_layer_1_vtx_2 + 1393, 14, 0),
	gsSP1Triangle(0, 1, 2, 0),
	gsSP1Triangle(2, 1, 3, 0),
	gsSP1Triangle(3, 1, 4, 0),
	gsSP1Triangle(5, 6, 7, 0),
	gsSP1Triangle(6, 5, 8, 0),
	gsSP1Triangle(9, 10, 11, 0),
	gsSP1Triangle(11, 10, 12, 0),
	gsSP1Triangle(11, 12, 13, 0),
	gsSPVertex(hmc_dl_DL_thi_1_0xe024db0_Obj_mesh_layer_1_vtx_2 + 1407, 14, 0),
	gsSP1Triangle(0, 1, 2, 0),
	gsSP1Triangle(1, 0, 3, 0),
	gsSP1Triangle(3, 0, 4, 0),
	gsSP1Triangle(5, 6, 7, 0),
	gsSP1Triangle(6, 5, 8, 0),
	gsSP1Triangle(8, 5, 9, 0),
	gsSP1Triangle(10, 11, 12, 0),
	gsSP1Triangle(11, 10, 13, 0),
	gsSPVertex(hmc_dl_DL_thi_1_0xe024db0_Obj_mesh_layer_1_vtx_2 + 1421, 14, 0),
	gsSP1Triangle(0, 1, 2, 0),
	gsSP1Triangle(2, 1, 3, 0),
	gsSP1Triangle(4, 5, 6, 0),
	gsSP1Triangle(6, 5, 7, 0),
	gsSP1Triangle(7, 5, 8, 0),
	gsSP1Triangle(8, 5, 9, 0),
	gsSP1Triangle(10, 11, 12, 0),
	gsSP1Triangle(11, 10, 13, 0),
	gsSPVertex(hmc_dl_DL_thi_1_0xe024db0_Obj_mesh_layer_1_vtx_2 + 1435, 16, 0),
	gsSP1Triangle(0, 1, 2, 0),
	gsSP1Triangle(1, 0, 3, 0),
	gsSP1Triangle(4, 5, 6, 0),
	gsSP1Triangle(5, 4, 7, 0),
	gsSP1Triangle(8, 9, 10, 0),
	gsSP1Triangle(10, 9, 11, 0),
	gsSP1Triangle(12, 13, 14, 0),
	gsSP1Triangle(13, 12, 15, 0),
	gsSPVertex(hmc_dl_DL_thi_1_0xe024db0_Obj_mesh_layer_1_vtx_2 + 1451, 14, 0),
	gsSP1Triangle(0, 1, 2, 0),
	gsSP1Triangle(3, 2, 1, 0),
	gsSP1Triangle(3, 1, 4, 0),
	gsSP1Triangle(3, 4, 5, 0),
	gsSP1Triangle(6, 7, 8, 0),
	gsSP1Triangle(9, 8, 7, 0),
	gsSP1Triangle(10, 11, 12, 0),
	gsSP1Triangle(11, 10, 13, 0),
	gsSPVertex(hmc_dl_DL_thi_1_0xe024db0_Obj_mesh_layer_1_vtx_2 + 1465, 16, 0),
	gsSP1Triangle(0, 1, 2, 0),
	gsSP1Triangle(1, 0, 3, 0),
	gsSP1Triangle(4, 5, 6, 0),
	gsSP1Triangle(5, 4, 7, 0),
	gsSP1Triangle(8, 9, 10, 0),
	gsSP1Triangle(10, 9, 11, 0),
	gsSP1Triangle(12, 13, 14, 0),
	gsSP1Triangle(13, 12, 15, 0),
	gsSPVertex(hmc_dl_DL_thi_1_0xe024db0_Obj_mesh_layer_1_vtx_2 + 1481, 16, 0),
	gsSP1Triangle(0, 1, 2, 0),
	gsSP1Triangle(1, 0, 3, 0),
	gsSP1Triangle(4, 5, 6, 0),
	gsSP1Triangle(5, 4, 7, 0),
	gsSP1Triangle(8, 9, 10, 0),
	gsSP1Triangle(9, 8, 11, 0),
	gsSP1Triangle(12, 13, 14, 0),
	gsSP1Triangle(13, 12, 15, 0),
	gsSPVertex(hmc_dl_DL_thi_1_0xe024db0_Obj_mesh_layer_1_vtx_2 + 1497, 16, 0),
	gsSP1Triangle(0, 1, 2, 0),
	gsSP1Triangle(1, 0, 3, 0),
	gsSP1Triangle(4, 5, 6, 0),
	gsSP1Triangle(5, 4, 7, 0),
	gsSP1Triangle(8, 9, 10, 0),
	gsSP1Triangle(9, 8, 11, 0),
	gsSP1Triangle(11, 8, 12, 0),
	gsSP1Triangle(13, 14, 15, 0),
	gsSPVertex(hmc_dl_DL_thi_1_0xe024db0_Obj_mesh_layer_1_vtx_2 + 1513, 15, 0),
	gsSP1Triangle(0, 1, 2, 0),
	gsSP1Triangle(3, 4, 5, 0),
	gsSP1Triangle(4, 3, 6, 0),
	gsSP1Triangle(7, 8, 9, 0),
	gsSP1Triangle(7, 9, 10, 0),
	gsSP1Triangle(11, 12, 13, 0),
	gsSP1Triangle(12, 11, 14, 0),
	gsSPVertex(hmc_dl_DL_thi_1_0xe024db0_Obj_mesh_layer_1_vtx_2 + 1528, 16, 0),
	gsSP1Triangle(0, 1, 2, 0),
	gsSP1Triangle(1, 0, 3, 0),
	gsSP1Triangle(4, 5, 6, 0),
	gsSP1Triangle(5, 4, 7, 0),
	gsSP1Triangle(8, 9, 10, 0),
	gsSP1Triangle(9, 8, 11, 0),
	gsSP1Triangle(12, 13, 14, 0),
	gsSP1Triangle(13, 12, 15, 0),
	gsSPVertex(hmc_dl_DL_thi_1_0xe024db0_Obj_mesh_layer_1_vtx_2 + 1544, 16, 0),
	gsSP1Triangle(0, 1, 2, 0),
	gsSP1Triangle(1, 0, 3, 0),
	gsSP1Triangle(4, 5, 6, 0),
	gsSP1Triangle(5, 4, 7, 0),
	gsSP1Triangle(8, 9, 10, 0),
	gsSP1Triangle(9, 8, 11, 0),
	gsSP1Triangle(12, 13, 14, 0),
	gsSP1Triangle(13, 12, 15, 0),
	gsSPVertex(hmc_dl_DL_thi_1_0xe024db0_Obj_mesh_layer_1_vtx_2 + 1560, 14, 0),
	gsSP1Triangle(0, 1, 2, 0),
	gsSP1Triangle(2, 1, 3, 0),
	gsSP1Triangle(3, 1, 4, 0),
	gsSP1Triangle(5, 2, 3, 0),
	gsSP1Triangle(6, 7, 8, 0),
	gsSP1Triangle(7, 6, 9, 0),
	gsSP1Triangle(10, 11, 12, 0),
	gsSP1Triangle(12, 11, 13, 0),
	gsSPVertex(hmc_dl_DL_thi_1_0xe024db0_Obj_mesh_layer_1_vtx_2 + 1574, 16, 0),
	gsSP1Triangle(0, 1, 2, 0),
	gsSP1Triangle(1, 0, 3, 0),
	gsSP1Triangle(4, 5, 6, 0),
	gsSP1Triangle(5, 4, 7, 0),
	gsSP1Triangle(8, 9, 10, 0),
	gsSP1Triangle(9, 8, 11, 0),
	gsSP1Triangle(12, 13, 14, 0),
	gsSP1Triangle(13, 12, 15, 0),
	gsSPVertex(hmc_dl_DL_thi_1_0xe024db0_Obj_mesh_layer_1_vtx_2 + 1590, 16, 0),
	gsSP1Triangle(0, 1, 2, 0),
	gsSP1Triangle(1, 0, 3, 0),
	gsSP1Triangle(4, 5, 6, 0),
	gsSP1Triangle(5, 4, 7, 0),
	gsSP1Triangle(8, 9, 10, 0),
	gsSP1Triangle(9, 8, 11, 0),
	gsSP1Triangle(12, 13, 14, 0),
	gsSP1Triangle(13, 12, 15, 0),
	gsSPVertex(hmc_dl_DL_thi_1_0xe024db0_Obj_mesh_layer_1_vtx_2 + 1606, 16, 0),
	gsSP1Triangle(0, 1, 2, 0),
	gsSP1Triangle(2, 1, 3, 0),
	gsSP1Triangle(4, 5, 6, 0),
	gsSP1Triangle(5, 4, 7, 0),
	gsSP1Triangle(8, 9, 10, 0),
	gsSP1Triangle(9, 8, 11, 0),
	gsSP1Triangle(12, 13, 14, 0),
	gsSP1Triangle(13, 12, 15, 0),
	gsSPVertex(hmc_dl_DL_thi_1_0xe024db0_Obj_mesh_layer_1_vtx_2 + 1622, 16, 0),
	gsSP1Triangle(0, 1, 2, 0),
	gsSP1Triangle(3, 4, 5, 0),
	gsSP1Triangle(4, 3, 6, 0),
	gsSP1Triangle(7, 8, 9, 0),
	gsSP1Triangle(8, 7, 10, 0),
	gsSP1Triangle(10, 7, 11, 0),
	gsSP1Triangle(12, 13, 14, 0),
	gsSP1Triangle(13, 12, 15, 0),
	gsSPVertex(hmc_dl_DL_thi_1_0xe024db0_Obj_mesh_layer_1_vtx_2 + 1638, 16, 0),
	gsSP1Triangle(0, 1, 2, 0),
	gsSP1Triangle(1, 0, 3, 0),
	gsSP1Triangle(4, 5, 6, 0),
	gsSP1Triangle(7, 4, 6, 0),
	gsSP1Triangle(8, 9, 10, 0),
	gsSP1Triangle(10, 9, 11, 0),
	gsSP1Triangle(12, 13, 14, 0),
	gsSP1Triangle(12, 14, 15, 0),
	gsSPVertex(hmc_dl_DL_thi_1_0xe024db0_Obj_mesh_layer_1_vtx_2 + 1654, 15, 0),
	gsSP1Triangle(0, 1, 2, 0),
	gsSP1Triangle(2, 1, 3, 0),
	gsSP1Triangle(3, 1, 4, 0),
	gsSP1Triangle(5, 6, 7, 0),
	gsSP1Triangle(6, 5, 8, 0),
	gsSP1Triangle(8, 9, 6, 0),
	gsSP1Triangle(9, 8, 10, 0),
	gsSP1Triangle(11, 12, 13, 0),
	gsSP1Triangle(14, 11, 13, 0),
	gsSPVertex(hmc_dl_DL_thi_1_0xe024db0_Obj_mesh_layer_1_vtx_2 + 1669, 16, 0),
	gsSP1Triangle(0, 1, 2, 0),
	gsSP1Triangle(1, 0, 3, 0),
	gsSP1Triangle(4, 5, 6, 0),
	gsSP1Triangle(5, 4, 7, 0),
	gsSP1Triangle(8, 9, 10, 0),
	gsSP1Triangle(9, 8, 11, 0),
	gsSP1Triangle(12, 13, 14, 0),
	gsSP1Triangle(13, 12, 15, 0),
	gsSPVertex(hmc_dl_DL_thi_1_0xe024db0_Obj_mesh_layer_1_vtx_2 + 1685, 16, 0),
	gsSP1Triangle(0, 1, 2, 0),
	gsSP1Triangle(1, 0, 3, 0),
	gsSP1Triangle(4, 5, 6, 0),
	gsSP1Triangle(5, 4, 7, 0),
	gsSP1Triangle(8, 9, 10, 0),
	gsSP1Triangle(9, 8, 11, 0),
	gsSP1Triangle(12, 13, 14, 0),
	gsSP1Triangle(13, 12, 15, 0),
	gsSPVertex(hmc_dl_DL_thi_1_0xe024db0_Obj_mesh_layer_1_vtx_2 + 1701, 16, 0),
	gsSP1Triangle(0, 1, 2, 0),
	gsSP1Triangle(1, 0, 3, 0),
	gsSP1Triangle(4, 5, 6, 0),
	gsSP1Triangle(5, 4, 7, 0),
	gsSP1Triangle(8, 9, 10, 0),
	gsSP1Triangle(9, 8, 11, 0),
	gsSP1Triangle(12, 13, 14, 0),
	gsSP1Triangle(13, 12, 15, 0),
	gsSPVertex(hmc_dl_DL_thi_1_0xe024db0_Obj_mesh_layer_1_vtx_2 + 1717, 16, 0),
	gsSP1Triangle(0, 1, 2, 0),
	gsSP1Triangle(1, 0, 3, 0),
	gsSP1Triangle(4, 5, 6, 0),
	gsSP1Triangle(5, 4, 7, 0),
	gsSP1Triangle(8, 9, 10, 0),
	gsSP1Triangle(9, 8, 11, 0),
	gsSP1Triangle(12, 13, 14, 0),
	gsSP1Triangle(13, 12, 15, 0),
	gsSPVertex(hmc_dl_DL_thi_1_0xe024db0_Obj_mesh_layer_1_vtx_2 + 1733, 16, 0),
	gsSP1Triangle(0, 1, 2, 0),
	gsSP1Triangle(1, 0, 3, 0),
	gsSP1Triangle(4, 5, 6, 0),
	gsSP1Triangle(5, 4, 7, 0),
	gsSP1Triangle(8, 9, 10, 0),
	gsSP1Triangle(9, 8, 11, 0),
	gsSP1Triangle(12, 13, 14, 0),
	gsSP1Triangle(15, 12, 14, 0),
	gsSPVertex(hmc_dl_DL_thi_1_0xe024db0_Obj_mesh_layer_1_vtx_2 + 1749, 15, 0),
	gsSP1Triangle(0, 1, 2, 0),
	gsSP1Triangle(3, 4, 5, 0),
	gsSP1Triangle(4, 3, 6, 0),
	gsSP1Triangle(7, 8, 9, 0),
	gsSP1Triangle(9, 8, 10, 0),
	gsSP1Triangle(11, 12, 13, 0),
	gsSP1Triangle(12, 11, 14, 0),
	gsSPVertex(hmc_dl_DL_thi_1_0xe024db0_Obj_mesh_layer_1_vtx_2 + 1764, 16, 0),
	gsSP1Triangle(0, 1, 2, 0),
	gsSP1Triangle(1, 0, 3, 0),
	gsSP1Triangle(4, 5, 6, 0),
	gsSP1Triangle(6, 5, 7, 0),
	gsSP1Triangle(8, 9, 10, 0),
	gsSP1Triangle(9, 8, 11, 0),
	gsSP1Triangle(11, 8, 12, 0),
	gsSP1Triangle(13, 14, 15, 0),
	gsSPVertex(hmc_dl_DL_thi_1_0xe024db0_Obj_mesh_layer_1_vtx_2 + 1780, 16, 0),
	gsSP1Triangle(0, 1, 2, 0),
	gsSP1Triangle(3, 0, 2, 0),
	gsSP1Triangle(0, 3, 4, 0),
	gsSP1Triangle(5, 6, 7, 0),
	gsSP1Triangle(7, 6, 8, 0),
	gsSP1Triangle(9, 10, 11, 0),
	gsSP1Triangle(11, 10, 12, 0),
	gsSP1Triangle(12, 10, 13, 0),
	gsSP1Triangle(14, 12, 13, 0),
	gsSP1Triangle(12, 14, 15, 0),
	gsSPVertex(hmc_dl_DL_thi_1_0xe024db0_Obj_mesh_layer_1_vtx_2 + 1796, 16, 0),
	gsSP1Triangle(0, 1, 2, 0),
	gsSP1Triangle(1, 0, 3, 0),
	gsSP1Triangle(4, 5, 6, 0),
	gsSP1Triangle(5, 4, 7, 0),
	gsSP1Triangle(8, 7, 4, 0),
	gsSP1Triangle(7, 8, 9, 0),
	gsSP1Triangle(9, 8, 10, 0),
	gsSP1Triangle(9, 10, 11, 0),
	gsSP1Triangle(11, 10, 12, 0),
	gsSP1Triangle(13, 14, 15, 0),
	gsSPVertex(hmc_dl_DL_thi_1_0xe024db0_Obj_mesh_layer_1_vtx_2 + 1812, 16, 0),
	gsSP1Triangle(0, 1, 2, 0),
	gsSP1Triangle(1, 0, 3, 0),
	gsSP1Triangle(4, 5, 6, 0),
	gsSP1Triangle(5, 4, 7, 0),
	gsSP1Triangle(8, 9, 10, 0),
	gsSP1Triangle(9, 8, 11, 0),
	gsSP1Triangle(12, 13, 14, 0),
	gsSP1Triangle(13, 12, 15, 0),
	gsSPVertex(hmc_dl_DL_thi_1_0xe024db0_Obj_mesh_layer_1_vtx_2 + 1828, 16, 0),
	gsSP1Triangle(0, 1, 2, 0),
	gsSP1Triangle(3, 4, 5, 0),
	gsSP1Triangle(4, 3, 6, 0),
	gsSP1Triangle(7, 8, 9, 0),
	gsSP1Triangle(8, 7, 10, 0),
	gsSP1Triangle(10, 7, 11, 0),
	gsSP1Triangle(12, 13, 14, 0),
	gsSP1Triangle(13, 12, 15, 0),
	gsSPVertex(hmc_dl_DL_thi_1_0xe024db0_Obj_mesh_layer_1_vtx_2 + 1844, 16, 0),
	gsSP1Triangle(0, 1, 2, 0),
	gsSP1Triangle(1, 0, 3, 0),
	gsSP1Triangle(4, 5, 6, 0),
	gsSP1Triangle(5, 4, 7, 0),
	gsSP1Triangle(8, 9, 10, 0),
	gsSP1Triangle(9, 8, 11, 0),
	gsSP1Triangle(12, 13, 14, 0),
	gsSP1Triangle(13, 12, 15, 0),
	gsSPVertex(hmc_dl_DL_thi_1_0xe024db0_Obj_mesh_layer_1_vtx_2 + 1860, 16, 0),
	gsSP1Triangle(0, 1, 2, 0),
	gsSP1Triangle(2, 1, 3, 0),
	gsSP1Triangle(4, 5, 6, 0),
	gsSP1Triangle(4, 6, 7, 0),
	gsSP1Triangle(8, 9, 10, 0),
	gsSP1Triangle(9, 8, 11, 0),
	gsSP1Triangle(12, 13, 14, 0),
	gsSP1Triangle(13, 12, 15, 0),
	gsSPVertex(hmc_dl_DL_thi_1_0xe024db0_Obj_mesh_layer_1_vtx_2 + 1876, 16, 0),
	gsSP1Triangle(0, 1, 2, 0),
	gsSP1Triangle(1, 0, 3, 0),
	gsSP1Triangle(4, 5, 6, 0),
	gsSP1Triangle(5, 4, 7, 0),
	gsSP1Triangle(8, 9, 10, 0),
	gsSP1Triangle(9, 8, 11, 0),
	gsSP1Triangle(12, 13, 14, 0),
	gsSP1Triangle(13, 12, 15, 0),
	gsSPVertex(hmc_dl_DL_thi_1_0xe024db0_Obj_mesh_layer_1_vtx_2 + 1892, 15, 0),
	gsSP1Triangle(0, 1, 2, 0),
	gsSP1Triangle(2, 1, 3, 0),
	gsSP1Triangle(2, 3, 4, 0),
	gsSP1Triangle(4, 3, 5, 0),
	gsSP1Triangle(4, 5, 6, 0),
	gsSP1Triangle(7, 8, 9, 0),
	gsSP1Triangle(8, 7, 10, 0),
	gsSP1Triangle(11, 12, 13, 0),
	gsSP1Triangle(12, 11, 14, 0),
	gsSPVertex(hmc_dl_DL_thi_1_0xe024db0_Obj_mesh_layer_1_vtx_2 + 1907, 16, 0),
	gsSP1Triangle(0, 1, 2, 0),
	gsSP1Triangle(1, 0, 3, 0),
	gsSP1Triangle(4, 5, 6, 0),
	gsSP1Triangle(7, 5, 4, 0),
	gsSP1Triangle(8, 9, 10, 0),
	gsSP1Triangle(9, 8, 11, 0),
	gsSP1Triangle(12, 13, 14, 0),
	gsSP1Triangle(13, 12, 15, 0),
	gsSPVertex(hmc_dl_DL_thi_1_0xe024db0_Obj_mesh_layer_1_vtx_2 + 1923, 16, 0),
	gsSP1Triangle(0, 1, 2, 0),
	gsSP1Triangle(1, 0, 3, 0),
	gsSP1Triangle(4, 5, 6, 0),
	gsSP1Triangle(5, 4, 7, 0),
	gsSP1Triangle(8, 9, 10, 0),
	gsSP1Triangle(8, 11, 9, 0),
	gsSP1Triangle(11, 8, 12, 0),
	gsSP1Triangle(13, 14, 15, 0),
	gsSPVertex(hmc_dl_DL_thi_1_0xe024db0_Obj_mesh_layer_1_vtx_2 + 1939, 16, 0),
	gsSP1Triangle(0, 1, 2, 0),
	gsSP1Triangle(3, 4, 5, 0),
	gsSP1Triangle(4, 3, 6, 0),
	gsSP1Triangle(7, 6, 3, 0),
	gsSP1Triangle(6, 7, 8, 0),
	gsSP1Triangle(9, 10, 11, 0),
	gsSP1Triangle(10, 9, 12, 0),
	gsSP1Triangle(13, 14, 15, 0),
	gsSPVertex(hmc_dl_DL_thi_1_0xe024db0_Obj_mesh_layer_1_vtx_2 + 1955, 15, 0),
	gsSP1Triangle(0, 1, 2, 0),
	gsSP1Triangle(3, 4, 5, 0),
	gsSP1Triangle(4, 3, 6, 0),
	gsSP1Triangle(7, 8, 9, 0),
	gsSP1Triangle(8, 7, 10, 0),
	gsSP1Triangle(11, 12, 13, 0),
	gsSP1Triangle(12, 11, 14, 0),
	gsSPVertex(hmc_dl_DL_thi_1_0xe024db0_Obj_mesh_layer_1_vtx_2 + 1970, 16, 0),
	gsSP1Triangle(0, 1, 2, 0),
	gsSP1Triangle(1, 0, 3, 0),
	gsSP1Triangle(4, 5, 6, 0),
	gsSP1Triangle(5, 4, 7, 0),
	gsSP1Triangle(8, 9, 10, 0),
	gsSP1Triangle(9, 8, 11, 0),
	gsSP1Triangle(12, 13, 14, 0),
	gsSP1Triangle(13, 12, 15, 0),
	gsSPVertex(hmc_dl_DL_thi_1_0xe024db0_Obj_mesh_layer_1_vtx_2 + 1986, 16, 0),
	gsSP1Triangle(0, 1, 2, 0),
	gsSP1Triangle(1, 0, 3, 0),
	gsSP1Triangle(4, 5, 6, 0),
	gsSP1Triangle(5, 4, 7, 0),
	gsSP1Triangle(8, 9, 10, 0),
	gsSP1Triangle(9, 8, 11, 0),
	gsSP1Triangle(12, 13, 14, 0),
	gsSP1Triangle(12, 14, 15, 0),
	gsSPVertex(hmc_dl_DL_thi_1_0xe024db0_Obj_mesh_layer_1_vtx_2 + 2002, 16, 0),
	gsSP1Triangle(0, 1, 2, 0),
	gsSP1Triangle(0, 2, 3, 0),
	gsSP1Triangle(0, 3, 4, 0),
	gsSP1Triangle(0, 4, 5, 0),
	gsSP1Triangle(0, 5, 6, 0),
	gsSP1Triangle(0, 6, 7, 0),
	gsSP1Triangle(8, 9, 10, 0),
	gsSP1Triangle(9, 8, 11, 0),
	gsSP1Triangle(12, 13, 14, 0),
	gsSP1Triangle(13, 12, 15, 0),
	gsSPVertex(hmc_dl_DL_thi_1_0xe024db0_Obj_mesh_layer_1_vtx_2 + 2018, 16, 0),
	gsSP1Triangle(0, 1, 2, 0),
	gsSP1Triangle(1, 0, 3, 0),
	gsSP1Triangle(4, 5, 6, 0),
	gsSP1Triangle(5, 4, 7, 0),
	gsSP1Triangle(8, 9, 10, 0),
	gsSP1Triangle(9, 8, 11, 0),
	gsSP1Triangle(12, 13, 14, 0),
	gsSP1Triangle(13, 12, 15, 0),
	gsSPVertex(hmc_dl_DL_thi_1_0xe024db0_Obj_mesh_layer_1_vtx_2 + 2034, 16, 0),
	gsSP1Triangle(0, 1, 2, 0),
	gsSP1Triangle(1, 0, 3, 0),
	gsSP1Triangle(4, 5, 6, 0),
	gsSP1Triangle(5, 4, 7, 0),
	gsSP1Triangle(8, 9, 10, 0),
	gsSP1Triangle(9, 8, 11, 0),
	gsSP1Triangle(12, 13, 14, 0),
	gsSP1Triangle(13, 12, 15, 0),
	gsSPVertex(hmc_dl_DL_thi_1_0xe024db0_Obj_mesh_layer_1_vtx_2 + 2050, 14, 0),
	gsSP1Triangle(0, 1, 2, 0),
	gsSP1Triangle(1, 0, 3, 0),
	gsSP1Triangle(3, 4, 1, 0),
	gsSP1Triangle(4, 3, 5, 0),
	gsSP1Triangle(6, 7, 8, 0),
	gsSP1Triangle(6, 8, 9, 0),
	gsSP1Triangle(10, 11, 12, 0),
	gsSP1Triangle(10, 12, 13, 0),
	gsSPVertex(hmc_dl_DL_thi_1_0xe024db0_Obj_mesh_layer_1_vtx_2 + 2064, 16, 0),
	gsSP1Triangle(0, 1, 2, 0),
	gsSP1Triangle(1, 0, 3, 0),
	gsSP1Triangle(4, 5, 6, 0),
	gsSP1Triangle(5, 4, 7, 0),
	gsSP1Triangle(8, 9, 10, 0),
	gsSP1Triangle(9, 8, 11, 0),
	gsSP1Triangle(12, 13, 14, 0),
	gsSP1Triangle(13, 12, 15, 0),
	gsSPVertex(hmc_dl_DL_thi_1_0xe024db0_Obj_mesh_layer_1_vtx_2 + 2080, 16, 0),
	gsSP1Triangle(0, 1, 2, 0),
	gsSP1Triangle(1, 0, 3, 0),
	gsSP1Triangle(4, 5, 6, 0),
	gsSP1Triangle(5, 4, 7, 0),
	gsSP1Triangle(8, 9, 10, 0),
	gsSP1Triangle(9, 8, 11, 0),
	gsSP1Triangle(12, 13, 14, 0),
	gsSP1Triangle(15, 14, 13, 0),
	gsSPVertex(hmc_dl_DL_thi_1_0xe024db0_Obj_mesh_layer_1_vtx_2 + 2096, 16, 0),
	gsSP1Triangle(0, 1, 2, 0),
	gsSP1Triangle(1, 0, 3, 0),
	gsSP1Triangle(3, 0, 4, 0),
	gsSP1Triangle(5, 6, 7, 0),
	gsSP1Triangle(6, 5, 8, 0),
	gsSP1Triangle(9, 10, 11, 0),
	gsSP1Triangle(9, 11, 12, 0),
	gsSP1Triangle(13, 14, 15, 0),
	gsSPVertex(hmc_dl_DL_thi_1_0xe024db0_Obj_mesh_layer_1_vtx_2 + 2112, 16, 0),
	gsSP1Triangle(0, 1, 2, 0),
	gsSP1Triangle(0, 2, 3, 0),
	gsSP1Triangle(4, 5, 6, 0),
	gsSP1Triangle(5, 4, 7, 0),
	gsSP1Triangle(8, 9, 10, 0),
	gsSP1Triangle(9, 8, 11, 0),
	gsSP1Triangle(12, 13, 14, 0),
	gsSP1Triangle(13, 12, 15, 0),
	gsSPVertex(hmc_dl_DL_thi_1_0xe024db0_Obj_mesh_layer_1_vtx_2 + 2128, 14, 0),
	gsSP1Triangle(0, 1, 2, 0),
	gsSP1Triangle(1, 0, 3, 0),
	gsSP1Triangle(4, 5, 6, 0),
	gsSP1Triangle(5, 4, 7, 0),
	gsSP1Triangle(7, 4, 8, 0),
	gsSP1Triangle(9, 10, 11, 0),
	gsSP1Triangle(9, 11, 12, 0),
	gsSP1Triangle(9, 12, 13, 0),
	gsSPVertex(hmc_dl_DL_thi_1_0xe024db0_Obj_mesh_layer_1_vtx_2 + 2142, 16, 0),
	gsSP1Triangle(0, 1, 2, 0),
	gsSP1Triangle(0, 2, 3, 0),
	gsSP1Triangle(4, 5, 6, 0),
	gsSP1Triangle(6, 5, 7, 0),
	gsSP1Triangle(7, 5, 8, 0),
	gsSP1Triangle(7, 8, 9, 0),
	gsSP1Triangle(10, 11, 12, 0),
	gsSP1Triangle(11, 10, 13, 0),
	gsSP1Triangle(13, 10, 14, 0),
	gsSP1Triangle(14, 10, 15, 0),
	gsSPVertex(hmc_dl_DL_thi_1_0xe024db0_Obj_mesh_layer_1_vtx_2 + 2158, 14, 0),
	gsSP1Triangle(0, 1, 2, 0),
	gsSP1Triangle(3, 4, 5, 0),
	gsSP1Triangle(5, 6, 3, 0),
	gsSP1Triangle(7, 6, 5, 0),
	gsSP1Triangle(8, 9, 10, 0),
	gsSP1Triangle(10, 9, 11, 0),
	gsSP1Triangle(11, 9, 12, 0),
	gsSP1Triangle(12, 9, 13, 0),
	gsSPVertex(hmc_dl_DL_thi_1_0xe024db0_Obj_mesh_layer_1_vtx_2 + 2172, 16, 0),
	gsSP1Triangle(0, 1, 2, 0),
	gsSP1Triangle(2, 1, 3, 0),
	gsSP1Triangle(4, 5, 6, 0),
	gsSP1Triangle(6, 5, 7, 0),
	gsSP1Triangle(8, 9, 10, 0),
	gsSP1Triangle(9, 8, 11, 0),
	gsSP1Triangle(12, 13, 14, 0),
	gsSP1Triangle(13, 12, 15, 0),
	gsSPVertex(hmc_dl_DL_thi_1_0xe024db0_Obj_mesh_layer_1_vtx_2 + 2188, 15, 0),
	gsSP1Triangle(0, 1, 2, 0),
	gsSP1Triangle(2, 1, 3, 0),
	gsSP1Triangle(3, 1, 4, 0),
	gsSP1Triangle(4, 1, 5, 0),
	gsSP1Triangle(6, 7, 8, 0),
	gsSP1Triangle(7, 6, 9, 0),
	gsSP1Triangle(9, 6, 10, 0),
	gsSP1Triangle(11, 12, 13, 0),
	gsSP1Triangle(12, 11, 14, 0),
	gsSPVertex(hmc_dl_DL_thi_1_0xe024db0_Obj_mesh_layer_1_vtx_2 + 2203, 16, 0),
	gsSP1Triangle(0, 1, 2, 0),
	gsSP1Triangle(1, 0, 3, 0),
	gsSP1Triangle(4, 5, 6, 0),
	gsSP1Triangle(5, 4, 7, 0),
	gsSP1Triangle(8, 9, 10, 0),
	gsSP1Triangle(9, 8, 11, 0),
	gsSP1Triangle(12, 13, 14, 0),
	gsSP1Triangle(13, 12, 15, 0),
	gsSPVertex(hmc_dl_DL_thi_1_0xe024db0_Obj_mesh_layer_1_vtx_2 + 2219, 14, 0),
	gsSP1Triangle(0, 1, 2, 0),
	gsSP1Triangle(1, 0, 3, 0),
	gsSP1Triangle(4, 5, 6, 0),
	gsSP1Triangle(5, 4, 7, 0),
	gsSP1Triangle(8, 9, 10, 0),
	gsSP1Triangle(9, 8, 11, 0),
	gsSP1Triangle(11, 8, 12, 0),
	gsSP1Triangle(12, 8, 13, 0),
	gsSPVertex(hmc_dl_DL_thi_1_0xe024db0_Obj_mesh_layer_1_vtx_2 + 2233, 16, 0),
	gsSP1Triangle(0, 1, 2, 0),
	gsSP1Triangle(1, 0, 3, 0),
	gsSP1Triangle(4, 5, 6, 0),
	gsSP1Triangle(5, 4, 7, 0),
	gsSP1Triangle(8, 9, 10, 0),
	gsSP1Triangle(9, 8, 11, 0),
	gsSP1Triangle(12, 13, 14, 0),
	gsSP1Triangle(13, 12, 15, 0),
	gsSPVertex(hmc_dl_DL_thi_1_0xe024db0_Obj_mesh_layer_1_vtx_2 + 2249, 16, 0),
	gsSP1Triangle(0, 1, 2, 0),
	gsSP1Triangle(1, 0, 3, 0),
	gsSP1Triangle(4, 5, 6, 0),
	gsSP1Triangle(7, 6, 5, 0),
	gsSP1Triangle(7, 5, 8, 0),
	gsSP1Triangle(9, 6, 7, 0),
	gsSP1Triangle(10, 11, 8, 0),
	gsSP1Triangle(12, 8, 11, 0),
	gsSP1Triangle(12, 11, 13, 0),
	gsSP1Triangle(12, 13, 14, 0),
	gsSP1Triangle(12, 14, 15, 0),
	gsSPVertex(hmc_dl_DL_thi_1_0xe024db0_Obj_mesh_layer_1_vtx_2 + 2265, 15, 0),
	gsSP1Triangle(0, 1, 2, 0),
	gsSP1Triangle(3, 4, 5, 0),
	gsSP1Triangle(5, 4, 6, 0),
	gsSP1Triangle(7, 8, 9, 0),
	gsSP1Triangle(8, 7, 10, 0),
	gsSP1Triangle(11, 12, 13, 0),
	gsSP1Triangle(14, 11, 13, 0),
	gsSPVertex(hmc_dl_DL_thi_1_0xe024db0_Obj_mesh_layer_1_vtx_2 + 2280, 16, 0),
	gsSP1Triangle(0, 1, 2, 0),
	gsSP1Triangle(1, 0, 3, 0),
	gsSP1Triangle(4, 5, 6, 0),
	gsSP1Triangle(6, 5, 7, 0),
	gsSP1Triangle(8, 9, 10, 0),
	gsSP1Triangle(9, 8, 11, 0),
	gsSP1Triangle(12, 13, 14, 0),
	gsSP1Triangle(13, 12, 15, 0),
	gsSPVertex(hmc_dl_DL_thi_1_0xe024db0_Obj_mesh_layer_1_vtx_2 + 2296, 16, 0),
	gsSP1Triangle(0, 1, 2, 0),
	gsSP1Triangle(1, 0, 3, 0),
	gsSP1Triangle(4, 5, 6, 0),
	gsSP1Triangle(5, 4, 7, 0),
	gsSP1Triangle(7, 4, 8, 0),
	gsSP1Triangle(9, 10, 11, 0),
	gsSP1Triangle(10, 9, 12, 0),
	gsSP1Triangle(13, 14, 15, 0),
	gsSPVertex(hmc_dl_DL_thi_1_0xe024db0_Obj_mesh_layer_1_vtx_2 + 2312, 15, 0),
	gsSP1Triangle(0, 1, 2, 0),
	gsSP1Triangle(3, 4, 5, 0),
	gsSP1Triangle(4, 3, 6, 0),
	gsSP1Triangle(7, 8, 9, 0),
	gsSP1Triangle(8, 7, 10, 0),
	gsSP1Triangle(8, 10, 11, 0),
	gsSP1Triangle(11, 10, 12, 0),
	gsSP1Triangle(12, 10, 13, 0),
	gsSP1Triangle(12, 14, 11, 0),
	gsSPVertex(hmc_dl_DL_thi_1_0xe024db0_Obj_mesh_layer_1_vtx_2 + 2327, 16, 0),
	gsSP1Triangle(0, 1, 2, 0),
	gsSP1Triangle(1, 3, 2, 0),
	gsSP1Triangle(3, 1, 4, 0),
	gsSP1Triangle(3, 4, 5, 0),
	gsSP1Triangle(6, 7, 8, 0),
	gsSP1Triangle(7, 6, 9, 0),
	gsSP1Triangle(7, 9, 10, 0),
	gsSP1Triangle(11, 12, 13, 0),
	gsSP1Triangle(12, 11, 14, 0),
	gsSP1Triangle(14, 11, 15, 0),
	gsSPVertex(hmc_dl_DL_thi_1_0xe024db0_Obj_mesh_layer_1_vtx_2 + 2343, 16, 0),
	gsSP1Triangle(0, 1, 2, 0),
	gsSP1Triangle(1, 0, 3, 0),
	gsSP1Triangle(4, 5, 6, 0),
	gsSP1Triangle(4, 6, 7, 0),
	gsSP1Triangle(8, 9, 10, 0),
	gsSP1Triangle(9, 8, 11, 0),
	gsSP1Triangle(12, 13, 14, 0),
	gsSP1Triangle(14, 13, 15, 0),
	gsSPVertex(hmc_dl_DL_thi_1_0xe024db0_Obj_mesh_layer_1_vtx_2 + 2359, 16, 0),
	gsSP1Triangle(0, 1, 2, 0),
	gsSP1Triangle(2, 3, 0, 0),
	gsSP1Triangle(3, 2, 4, 0),
	gsSP1Triangle(4, 2, 5, 0),
	gsSP1Triangle(6, 4, 5, 0),
	gsSP1Triangle(7, 8, 9, 0),
	gsSP1Triangle(8, 7, 10, 0),
	gsSP1Triangle(11, 12, 13, 0),
	gsSP1Triangle(12, 11, 14, 0),
	gsSP1Triangle(14, 15, 12, 0),
	gsSPVertex(hmc_dl_DL_thi_1_0xe024db0_Obj_mesh_layer_1_vtx_2 + 2375, 16, 0),
	gsSP1Triangle(0, 1, 2, 0),
	gsSP1Triangle(3, 4, 5, 0),
	gsSP1Triangle(4, 3, 6, 0),
	gsSP1Triangle(7, 6, 3, 0),
	gsSP1Triangle(6, 7, 8, 0),
	gsSP1Triangle(9, 10, 11, 0),
	gsSP1Triangle(10, 9, 12, 0),
	gsSP1Triangle(13, 14, 15, 0),
	gsSPVertex(hmc_dl_DL_thi_1_0xe024db0_Obj_mesh_layer_1_vtx_2 + 2391, 16, 0),
	gsSP1Triangle(0, 1, 2, 0),
	gsSP1Triangle(3, 4, 5, 0),
	gsSP1Triangle(6, 4, 3, 0),
	gsSP1Triangle(7, 8, 9, 0),
	gsSP1Triangle(8, 7, 10, 0),
	gsSP1Triangle(11, 12, 13, 0),
	gsSP1Triangle(12, 11, 14, 0),
	gsSP1Triangle(15, 14, 11, 0),
	gsSPVertex(hmc_dl_DL_thi_1_0xe024db0_Obj_mesh_layer_1_vtx_2 + 2407, 15, 0),
	gsSP1Triangle(0, 1, 2, 0),
	gsSP1Triangle(3, 4, 5, 0),
	gsSP1Triangle(4, 3, 6, 0),
	gsSP1Triangle(7, 8, 9, 0),
	gsSP1Triangle(8, 7, 10, 0),
	gsSP1Triangle(11, 12, 13, 0),
	gsSP1Triangle(12, 14, 13, 0),
	gsSPVertex(hmc_dl_DL_thi_1_0xe024db0_Obj_mesh_layer_1_vtx_2 + 2422, 14, 0),
	gsSP1Triangle(0, 1, 2, 0),
	gsSP1Triangle(2, 1, 3, 0),
	gsSP1Triangle(3, 1, 4, 0),
	gsSP1Triangle(5, 6, 7, 0),
	gsSP1Triangle(6, 5, 8, 0),
	gsSP1Triangle(8, 5, 9, 0),
	gsSP1Triangle(10, 11, 12, 0),
	gsSP1Triangle(12, 11, 13, 0),
	gsSPVertex(hmc_dl_DL_thi_1_0xe024db0_Obj_mesh_layer_1_vtx_2 + 2436, 16, 0),
	gsSP1Triangle(0, 1, 2, 0),
	gsSP1Triangle(1, 0, 3, 0),
	gsSP1Triangle(4, 5, 6, 0),
	gsSP1Triangle(6, 5, 7, 0),
	gsSP1Triangle(8, 6, 7, 0),
	gsSP1Triangle(9, 10, 11, 0),
	gsSP1Triangle(10, 9, 12, 0),
	gsSP1Triangle(13, 14, 15, 0),
	gsSPVertex(hmc_dl_DL_thi_1_0xe024db0_Obj_mesh_layer_1_vtx_2 + 2452, 14, 0),
	gsSP1Triangle(0, 1, 2, 0),
	gsSP1Triangle(3, 4, 5, 0),
	gsSP1Triangle(4, 3, 6, 0),
	gsSP1Triangle(6, 7, 4, 0),
	gsSP1Triangle(7, 6, 8, 0),
	gsSP1Triangle(9, 10, 11, 0),
	gsSP1Triangle(10, 9, 12, 0),
	gsSP1Triangle(12, 9, 13, 0),
	gsSPVertex(hmc_dl_DL_thi_1_0xe024db0_Obj_mesh_layer_1_vtx_2 + 2466, 16, 0),
	gsSP1Triangle(0, 1, 2, 0),
	gsSP1Triangle(1, 0, 3, 0),
	gsSP1Triangle(4, 5, 6, 0),
	gsSP1Triangle(5, 4, 7, 0),
	gsSP1Triangle(7, 4, 8, 0),
	gsSP1Triangle(7, 8, 9, 0),
	gsSP1Triangle(9, 8, 10, 0),
	gsSP1Triangle(9, 10, 11, 0),
	gsSP1Triangle(12, 13, 14, 0),
	gsSP1Triangle(12, 14, 15, 0),
	gsSPVertex(hmc_dl_DL_thi_1_0xe024db0_Obj_mesh_layer_1_vtx_2 + 2482, 16, 0),
	gsSP1Triangle(0, 1, 2, 0),
	gsSP1Triangle(1, 0, 3, 0),
	gsSP1Triangle(4, 5, 6, 0),
	gsSP1Triangle(5, 4, 7, 0),
	gsSP1Triangle(8, 9, 10, 0),
	gsSP1Triangle(9, 8, 11, 0),
	gsSP1Triangle(12, 13, 14, 0),
	gsSP1Triangle(14, 13, 15, 0),
	gsSPVertex(hmc_dl_DL_thi_1_0xe024db0_Obj_mesh_layer_1_vtx_2 + 2498, 14, 0),
	gsSP1Triangle(0, 1, 2, 0),
	gsSP1Triangle(1, 0, 3, 0),
	gsSP1Triangle(4, 3, 0, 0),
	gsSP1Triangle(3, 4, 5, 0),
	gsSP1Triangle(6, 7, 8, 0),
	gsSP1Triangle(7, 6, 9, 0),
	gsSP1Triangle(10, 11, 12, 0),
	gsSP1Triangle(11, 10, 13, 0),
	gsSPVertex(hmc_dl_DL_thi_1_0xe024db0_Obj_mesh_layer_1_vtx_2 + 2512, 16, 0),
	gsSP1Triangle(0, 1, 2, 0),
	gsSP1Triangle(1, 0, 3, 0),
	gsSP1Triangle(4, 5, 6, 0),
	gsSP1Triangle(5, 4, 7, 0),
	gsSP1Triangle(8, 9, 10, 0),
	gsSP1Triangle(9, 8, 11, 0),
	gsSP1Triangle(12, 13, 14, 0),
	gsSP1Triangle(13, 12, 15, 0),
	gsSPVertex(hmc_dl_DL_thi_1_0xe024db0_Obj_mesh_layer_1_vtx_2 + 2528, 16, 0),
	gsSP1Triangle(0, 1, 2, 0),
	gsSP1Triangle(1, 0, 3, 0),
	gsSP1Triangle(4, 5, 6, 0),
	gsSP1Triangle(5, 4, 7, 0),
	gsSP1Triangle(8, 9, 10, 0),
	gsSP1Triangle(9, 8, 11, 0),
	gsSP1Triangle(12, 13, 14, 0),
	gsSP1Triangle(13, 12, 15, 0),
	gsSPVertex(hmc_dl_DL_thi_1_0xe024db0_Obj_mesh_layer_1_vtx_2 + 2544, 14, 0),
	gsSP1Triangle(0, 1, 2, 0),
	gsSP1Triangle(1, 0, 3, 0),
	gsSP1Triangle(4, 5, 6, 0),
	gsSP1Triangle(5, 4, 7, 0),
	gsSP1Triangle(8, 7, 4, 0),
	gsSP1Triangle(7, 8, 9, 0),
	gsSP1Triangle(10, 11, 12, 0),
	gsSP1Triangle(11, 10, 13, 0),
	gsSPVertex(hmc_dl_DL_thi_1_0xe024db0_Obj_mesh_layer_1_vtx_2 + 2558, 16, 0),
	gsSP1Triangle(0, 1, 2, 0),
	gsSP1Triangle(1, 0, 3, 0),
	gsSP1Triangle(4, 5, 6, 0),
	gsSP1Triangle(5, 4, 7, 0),
	gsSP1Triangle(8, 9, 10, 0),
	gsSP1Triangle(8, 10, 11, 0),
	gsSP1Triangle(12, 13, 14, 0),
	gsSP1Triangle(13, 12, 15, 0),
	gsSPVertex(hmc_dl_DL_thi_1_0xe024db0_Obj_mesh_layer_1_vtx_2 + 2574, 16, 0),
	gsSP1Triangle(0, 1, 2, 0),
	gsSP1Triangle(1, 0, 3, 0),
	gsSP1Triangle(4, 5, 6, 0),
	gsSP1Triangle(5, 4, 7, 0),
	gsSP1Triangle(8, 9, 10, 0),
	gsSP1Triangle(9, 8, 11, 0),
	gsSP1Triangle(12, 13, 14, 0),
	gsSP1Triangle(13, 12, 15, 0),
	gsSPVertex(hmc_dl_DL_thi_1_0xe024db0_Obj_mesh_layer_1_vtx_2 + 2590, 16, 0),
	gsSP1Triangle(0, 1, 2, 0),
	gsSP1Triangle(1, 0, 3, 0),
	gsSP1Triangle(4, 5, 6, 0),
	gsSP1Triangle(6, 7, 4, 0),
	gsSP1Triangle(7, 6, 8, 0),
	gsSP1Triangle(9, 10, 11, 0),
	gsSP1Triangle(9, 11, 12, 0),
	gsSP1Triangle(13, 14, 15, 0),
	gsSPVertex(hmc_dl_DL_thi_1_0xe024db0_Obj_mesh_layer_1_vtx_2 + 2606, 16, 0),
	gsSP1Triangle(0, 1, 2, 0),
	gsSP1Triangle(3, 4, 5, 0),
	gsSP1Triangle(4, 3, 6, 0),
	gsSP1Triangle(7, 8, 9, 0),
	gsSP1Triangle(8, 7, 10, 0),
	gsSP1Triangle(11, 12, 13, 0),
	gsSP1Triangle(11, 13, 14, 0),
	gsSP1Triangle(14, 13, 15, 0),
	gsSPVertex(hmc_dl_DL_thi_1_0xe024db0_Obj_mesh_layer_1_vtx_2 + 2622, 16, 0),
	gsSP1Triangle(0, 1, 2, 0),
	gsSP1Triangle(0, 2, 3, 0),
	gsSP1Triangle(3, 2, 4, 0),
	gsSP1Triangle(4, 2, 5, 0),
	gsSP1Triangle(6, 5, 2, 0),
	gsSP1Triangle(7, 5, 6, 0),
	gsSP1Triangle(7, 8, 5, 0),
	gsSP1Triangle(9, 8, 7, 0),
	gsSP1Triangle(8, 9, 10, 0),
	gsSP1Triangle(8, 10, 11, 0),
	gsSP1Triangle(8, 11, 12, 0),
	gsSP1Triangle(3, 12, 11, 0),
	gsSP1Triangle(12, 3, 4, 0),
	gsSP1Triangle(13, 14, 15, 0),
	gsSPVertex(hmc_dl_DL_thi_1_0xe024db0_Obj_mesh_layer_1_vtx_2 + 2638, 16, 0),
	gsSP1Triangle(0, 1, 2, 0),
	gsSP1Triangle(3, 0, 2, 0),
	gsSP1Triangle(3, 4, 0, 0),
	gsSP1Triangle(5, 6, 7, 0),
	gsSP1Triangle(7, 6, 8, 0),
	gsSP1Triangle(8, 6, 9, 0),
	gsSP1Triangle(10, 9, 6, 0),
	gsSP1Triangle(10, 6, 11, 0),
	gsSP1Triangle(12, 13, 14, 0),
	gsSP1Triangle(13, 12, 15, 0),
	gsSPVertex(hmc_dl_DL_thi_1_0xe024db0_Obj_mesh_layer_1_vtx_2 + 2654, 14, 0),
	gsSP1Triangle(0, 1, 2, 0),
	gsSP1Triangle(0, 2, 3, 0),
	gsSP1Triangle(4, 5, 6, 0),
	gsSP1Triangle(4, 6, 7, 0),
	gsSP1Triangle(8, 7, 6, 0),
	gsSP1Triangle(7, 8, 9, 0),
	gsSP1Triangle(10, 11, 12, 0),
	gsSP1Triangle(11, 10, 13, 0),
	gsSPVertex(hmc_dl_DL_thi_1_0xe024db0_Obj_mesh_layer_1_vtx_2 + 2668, 14, 0),
	gsSP1Triangle(0, 1, 2, 0),
	gsSP1Triangle(2, 1, 3, 0),
	gsSP1Triangle(4, 5, 6, 0),
	gsSP1Triangle(5, 4, 7, 0),
	gsSP1Triangle(8, 9, 10, 0),
	gsSP1Triangle(11, 9, 8, 0),
	gsSP1Triangle(11, 8, 12, 0),
	gsSP1Triangle(11, 12, 13, 0),
	gsSPVertex(hmc_dl_DL_thi_1_0xe024db0_Obj_mesh_layer_1_vtx_2 + 2682, 16, 0),
	gsSP1Triangle(0, 1, 2, 0),
	gsSP1Triangle(2, 1, 3, 0),
	gsSP1Triangle(4, 5, 6, 0),
	gsSP1Triangle(4, 6, 7, 0),
	gsSP1Triangle(8, 9, 10, 0),
	gsSP1Triangle(10, 9, 11, 0),
	gsSP1Triangle(11, 9, 12, 0),
	gsSP1Triangle(13, 14, 15, 0),
	gsSPVertex(hmc_dl_DL_thi_1_0xe024db0_Obj_mesh_layer_1_vtx_2 + 2698, 15, 0),
	gsSP1Triangle(0, 1, 2, 0),
	gsSP1Triangle(3, 4, 5, 0),
	gsSP1Triangle(6, 5, 4, 0),
	gsSP1Triangle(7, 8, 9, 0),
	gsSP1Triangle(9, 8, 10, 0),
	gsSP1Triangle(11, 12, 13, 0),
	gsSP1Triangle(13, 12, 14, 0),
	gsSPVertex(hmc_dl_DL_thi_1_0xe024db0_Obj_mesh_layer_1_vtx_2 + 2713, 15, 0),
	gsSP1Triangle(0, 1, 2, 0),
	gsSP1Triangle(0, 2, 3, 0),
	gsSP1Triangle(0, 3, 4, 0),
	gsSP1Triangle(5, 4, 3, 0),
	gsSP1Triangle(6, 7, 8, 0),
	gsSP1Triangle(7, 6, 9, 0),
	gsSP1Triangle(9, 6, 10, 0),
	gsSP1Triangle(11, 12, 13, 0),
	gsSP1Triangle(13, 12, 14, 0),
	gsSPVertex(hmc_dl_DL_thi_1_0xe024db0_Obj_mesh_layer_1_vtx_2 + 2728, 14, 0),
	gsSP1Triangle(0, 1, 2, 0),
	gsSP1Triangle(3, 2, 1, 0),
	gsSP1Triangle(4, 5, 6, 0),
	gsSP1Triangle(6, 5, 7, 0),
	gsSP1Triangle(7, 5, 8, 0),
	gsSP1Triangle(9, 10, 11, 0),
	gsSP1Triangle(12, 9, 11, 0),
	gsSP1Triangle(12, 13, 9, 0),
	gsSPVertex(hmc_dl_DL_thi_1_0xe024db0_Obj_mesh_layer_1_vtx_2 + 2742, 16, 0),
	gsSP1Triangle(0, 1, 2, 0),
	gsSP1Triangle(2, 1, 3, 0),
	gsSP1Triangle(3, 1, 4, 0),
	gsSP1Triangle(5, 6, 7, 0),
	gsSP1Triangle(5, 7, 8, 0),
	gsSP1Triangle(9, 10, 11, 0),
	gsSP1Triangle(11, 10, 12, 0),
	gsSP1Triangle(13, 14, 15, 0),
	gsSPVertex(hmc_dl_DL_thi_1_0xe024db0_Obj_mesh_layer_1_vtx_2 + 2758, 16, 0),
	gsSP1Triangle(0, 1, 2, 0),
	gsSP1Triangle(2, 1, 3, 0),
	gsSP1Triangle(4, 5, 6, 0),
	gsSP1Triangle(6, 5, 7, 0),
	gsSP1Triangle(7, 5, 8, 0),
	gsSP1Triangle(9, 10, 11, 0),
	gsSP1Triangle(10, 9, 12, 0),
	gsSP1Triangle(13, 14, 15, 0),
	gsSPVertex(hmc_dl_DL_thi_1_0xe024db0_Obj_mesh_layer_1_vtx_2 + 2774, 16, 0),
	gsSP1Triangle(0, 1, 2, 0),
	gsSP1Triangle(3, 4, 5, 0),
	gsSP1Triangle(3, 5, 6, 0),
	gsSP1Triangle(3, 6, 7, 0),
	gsSP1Triangle(3, 7, 8, 0),
	gsSP1Triangle(3, 8, 9, 0),
	gsSP1Triangle(10, 11, 12, 0),
	gsSP1Triangle(10, 12, 13, 0),
	gsSP1Triangle(10, 13, 14, 0),
	gsSP1Triangle(10, 14, 15, 0),
	gsSPVertex(hmc_dl_DL_thi_1_0xe024db0_Obj_mesh_layer_1_vtx_2 + 2790, 16, 0),
	gsSP1Triangle(0, 1, 2, 0),
	gsSP1Triangle(0, 2, 3, 0),
	gsSP1Triangle(4, 5, 6, 0),
	gsSP1Triangle(4, 6, 7, 0),
	gsSP1Triangle(8, 9, 10, 0),
	gsSP1Triangle(8, 10, 11, 0),
	gsSP1Triangle(12, 13, 14, 0),
	gsSP1Triangle(12, 14, 15, 0),
	gsSPVertex(hmc_dl_DL_thi_1_0xe024db0_Obj_mesh_layer_1_vtx_2 + 2806, 14, 0),
	gsSP1Triangle(0, 1, 2, 0),
	gsSP1Triangle(0, 2, 3, 0),
	gsSP1Triangle(0, 3, 4, 0),
	gsSP1Triangle(5, 6, 7, 0),
	gsSP1Triangle(6, 5, 8, 0),
	gsSP1Triangle(9, 10, 11, 0),
	gsSP1Triangle(10, 9, 12, 0),
	gsSP1Triangle(12, 9, 13, 0),
	gsSPVertex(hmc_dl_DL_thi_1_0xe024db0_Obj_mesh_layer_1_vtx_2 + 2820, 14, 0),
	gsSP1Triangle(0, 1, 2, 0),
	gsSP1Triangle(2, 1, 3, 0),
	gsSP1Triangle(3, 1, 4, 0),
	gsSP1Triangle(4, 1, 5, 0),
	gsSP1Triangle(6, 7, 8, 0),
	gsSP1Triangle(7, 6, 9, 0),
	gsSP1Triangle(10, 11, 12, 0),
	gsSP1Triangle(11, 10, 13, 0),
	gsSPVertex(hmc_dl_DL_thi_1_0xe024db0_Obj_mesh_layer_1_vtx_2 + 2834, 16, 0),
	gsSP1Triangle(0, 1, 2, 0),
	gsSP1Triangle(1, 0, 3, 0),
	gsSP1Triangle(4, 5, 6, 0),
	gsSP1Triangle(5, 4, 7, 0),
	gsSP1Triangle(8, 9, 10, 0),
	gsSP1Triangle(9, 8, 11, 0),
	gsSP1Triangle(11, 8, 12, 0),
	gsSP1Triangle(13, 14, 15, 0),
	gsSPVertex(hmc_dl_DL_thi_1_0xe024db0_Obj_mesh_layer_1_vtx_2 + 2850, 16, 0),
	gsSP1Triangle(0, 1, 2, 0),
	gsSP1Triangle(2, 1, 3, 0),
	gsSP1Triangle(4, 5, 6, 0),
	gsSP1Triangle(5, 4, 7, 0),
	gsSP1Triangle(8, 9, 10, 0),
	gsSP1Triangle(9, 8, 11, 0),
	gsSP1Triangle(12, 13, 14, 0),
	gsSP1Triangle(13, 12, 15, 0),
	gsSPVertex(hmc_dl_DL_thi_1_0xe024db0_Obj_mesh_layer_1_vtx_2 + 2866, 16, 0),
	gsSP1Triangle(0, 1, 2, 0),
	gsSP1Triangle(1, 0, 3, 0),
	gsSP1Triangle(4, 5, 6, 0),
	gsSP1Triangle(5, 4, 7, 0),
	gsSP1Triangle(8, 9, 10, 0),
	gsSP1Triangle(9, 8, 11, 0),
	gsSP1Triangle(12, 13, 14, 0),
	gsSP1Triangle(15, 14, 13, 0),
	gsSPVertex(hmc_dl_DL_thi_1_0xe024db0_Obj_mesh_layer_1_vtx_2 + 2882, 14, 0),
	gsSP1Triangle(0, 1, 2, 0),
	gsSP1Triangle(0, 3, 1, 0),
	gsSP1Triangle(4, 5, 6, 0),
	gsSP1Triangle(5, 4, 7, 0),
	gsSP1Triangle(7, 4, 8, 0),
	gsSP1Triangle(8, 4, 9, 0),
	gsSP1Triangle(10, 11, 12, 0),
	gsSP1Triangle(12, 11, 13, 0),
	gsSPVertex(hmc_dl_DL_thi_1_0xe024db0_Obj_mesh_layer_1_vtx_2 + 2896, 14, 0),
	gsSP1Triangle(0, 1, 2, 0),
	gsSP1Triangle(2, 1, 3, 0),
	gsSP1Triangle(3, 1, 4, 0),
	gsSP1Triangle(4, 1, 5, 0),
	gsSP1Triangle(6, 7, 8, 0),
	gsSP1Triangle(9, 8, 7, 0),
	gsSP1Triangle(10, 11, 12, 0),
	gsSP1Triangle(12, 11, 13, 0),
	gsSPVertex(hmc_dl_DL_thi_1_0xe024db0_Obj_mesh_layer_1_vtx_2 + 2910, 16, 0),
	gsSP1Triangle(0, 1, 2, 0),
	gsSP1Triangle(3, 2, 1, 0),
	gsSP1Triangle(4, 5, 6, 0),
	gsSP1Triangle(7, 6, 5, 0),
	gsSP1Triangle(8, 9, 10, 0),
	gsSP1Triangle(8, 10, 11, 0),
	gsSP1Triangle(8, 11, 12, 0),
	gsSP1Triangle(13, 14, 15, 0),
	gsSPVertex(hmc_dl_DL_thi_1_0xe024db0_Obj_mesh_layer_1_vtx_2 + 2926, 16, 0),
	gsSP1Triangle(0, 1, 2, 0),
	gsSP1Triangle(0, 2, 3, 0),
	gsSP1Triangle(0, 3, 4, 0),
	gsSP1Triangle(5, 6, 7, 0),
	gsSP1Triangle(7, 6, 8, 0),
	gsSP1Triangle(9, 10, 11, 0),
	gsSP1Triangle(10, 9, 12, 0),
	gsSP1Triangle(13, 14, 15, 0),
	gsSPVertex(hmc_dl_DL_thi_1_0xe024db0_Obj_mesh_layer_1_vtx_2 + 2942, 16, 0),
	gsSP1Triangle(0, 1, 2, 0),
	gsSP1Triangle(3, 4, 5, 0),
	gsSP1Triangle(5, 4, 6, 0),
	gsSP1Triangle(6, 7, 5, 0),
	gsSP1Triangle(7, 6, 8, 0),
	gsSP1Triangle(9, 10, 11, 0),
	gsSP1Triangle(10, 9, 12, 0),
	gsSP1Triangle(13, 14, 15, 0),
	gsSPVertex(hmc_dl_DL_thi_1_0xe024db0_Obj_mesh_layer_1_vtx_2 + 2958, 16, 0),
	gsSP1Triangle(0, 1, 2, 0),
	gsSP1Triangle(3, 4, 5, 0),
	gsSP1Triangle(5, 4, 6, 0),
	gsSP1Triangle(6, 4, 7, 0),
	gsSP1Triangle(8, 9, 10, 0),
	gsSP1Triangle(10, 9, 11, 0),
	gsSP1Triangle(12, 13, 14, 0),
	gsSP1Triangle(13, 12, 15, 0),
	gsSPVertex(hmc_dl_DL_thi_1_0xe024db0_Obj_mesh_layer_1_vtx_2 + 2974, 16, 0),
	gsSP1Triangle(0, 1, 2, 0),
	gsSP1Triangle(0, 2, 3, 0),
	gsSP1Triangle(4, 5, 6, 0),
	gsSP1Triangle(7, 6, 5, 0),
	gsSP1Triangle(8, 9, 10, 0),
	gsSP1Triangle(9, 8, 11, 0),
	gsSP1Triangle(12, 13, 14, 0),
	gsSP1Triangle(13, 12, 15, 0),
	gsSPVertex(hmc_dl_DL_thi_1_0xe024db0_Obj_mesh_layer_1_vtx_2 + 2990, 4, 0),
	gsSP1Triangle(0, 1, 2, 0),
	gsSP1Triangle(1, 0, 3, 0),
	gsSPEndDisplayList(),
};

Vtx hmc_dl_DL_thi_1_0xe024db0_Obj_mesh_layer_1_vtx_3[895] = {
	{{{-2820, 8799, -3224},0, {857, -3695},{0xB7, 0x49, 0xB7, 0xFF}}},
	{{{-2820, 8593, -1989},0, {165, 453},{0x9C, 0xB1, 0x0, 0xFF}}},
	{{{-2820, 8799, -755},0, {857, 4601},{0xB7, 0x49, 0x49, 0xFF}}},
	{{{-2820, 8593, -1989},0, {165, 2501},{0x9C, 0xB1, 0x0, 0xFF}}},
	{{{-2820, 8799, -3224},0, {857, -1647},{0xB7, 0x49, 0xB7, 0xFF}}},
	{{{-2820, 8336, -2761},0, {-699, -92},{0x97, 0xCD, 0x33, 0xFF}}},
	{{{-2820, 8336, -2761},0, {1349, 1956},{0x97, 0xCD, 0x33, 0xFF}}},
	{{{-2820, 8799, -3224},0, {2905, 401},{0xB7, 0x49, 0xB7, 0xFF}}},
	{{{-2820, 7564, -3018},0, {-1243, 1092},{0x9C, 0x0, 0x4F, 0xFF}}},
	{{{-2820, 7564, -3018},0, {805, 1092},{0x9C, 0x0, 0x4F, 0xFF}}},
	{{{-2820, 8799, -3224},0, {4953, 401},{0xB7, 0x49, 0xB7, 0xFF}}},
	{{{-2820, 6330, -3224},0, {-3343, 401},{0xB7, 0xB7, 0xB7, 0xFF}}},
	{{{-2820, 7564, -3018},0, {2853, 1092},{0x9C, 0x0, 0x4F, 0xFF}}},
	{{{-2820, 6330, -3224},0, {-1295, 401},{0xB7, 0xB7, 0xB7, 0xFF}}},
	{{{-2820, 6793, -2761},0, {260, 1956},{0x97, 0x33, 0x33, 0xFF}}},
	{{{-2820, 6793, -2761},0, {260, -92},{0x97, 0x33, 0x33, 0xFF}}},
	{{{-2820, 6330, -3224},0, {-1295, -1647},{0xB7, 0xB7, 0xB7, 0xFF}}},
	{{{-2820, 6535, -1989},0, {-604, 2501},{0x9C, 0x4F, 0x0, 0xFF}}},
	{{{-2820, 8799, -755},0, {4953, 505},{0xB7, 0x49, 0x49, 0xFF}}},
	{{{-2820, 7564, -960},0, {805, -187},{0x9C, 0x0, 0xB1, 0xFF}}},
	{{{-2820, 6330, -755},0, {-3343, 505},{0xB7, 0xB7, 0x49, 0xFF}}},
	{{{-2820, 7564, -960},0, {-1243, 1861},{0x9C, 0x0, 0xB1, 0xFF}}},
	{{{-2820, 8799, -755},0, {2905, 2553},{0xB7, 0x49, 0x49, 0xFF}}},
	{{{-2820, 8336, -1218},0, {1349, 997},{0x97, 0xCD, 0xCD, 0xFF}}},
	{{{-2820, 8336, -1218},0, {-699, 997},{0x97, 0xCD, 0xCD, 0xFF}}},
	{{{-2820, 8799, -755},0, {857, 2553},{0xB7, 0x49, 0x49, 0xFF}}},
	{{{-2820, 8593, -1989},0, {165, -1595},{0x9C, 0xB1, 0x0, 0xFF}}},
	{{{-2820, 6330, -755},0, {-1295, 4601},{0xB7, 0xB7, 0x49, 0xFF}}},
	{{{-2820, 6535, -1989},0, {-604, 453},{0x9C, 0x4F, 0x0, 0xFF}}},
	{{{-2820, 6330, -3224},0, {-1295, -3695},{0xB7, 0xB7, 0xB7, 0xFF}}},
	{{{-2391, 8799, -755},0, {1127, 4601},{0x49, 0x49, 0x49, 0xFF}}},
	{{{-2391, 8593, -1989},0, {1819, 453},{0x64, 0xB1, 0x0, 0xFF}}},
	{{{-2391, 8799, -3224},0, {1127, -3695},{0x49, 0x49, 0xB7, 0xFF}}},
	{{{-2391, 8593, -1989},0, {1819, -1595},{0x64, 0xB1, 0x0, 0xFF}}},
	{{{-2391, 8799, -755},0, {1127, 2553},{0x49, 0x49, 0x49, 0xFF}}},
	{{{-2391, 8336, -1218},0, {2683, 997},{0x69, 0xCD, 0xCD, 0xFF}}},
	{{{-2391, 8336, -1218},0, {635, 997},{0x69, 0xCD, 0xCD, 0xFF}}},
	{{{-2391, 8799, -755},0, {-921, 2553},{0x49, 0x49, 0x49, 0xFF}}},
	{{{-2391, 7564, -960},0, {3227, 1861},{0x64, 0x0, 0xB1, 0xFF}}},
	{{{-2391, 7564, -960},0, {1179, -187},{0x64, 0x0, 0xB1, 0xFF}}},
	{{{-2391, 8799, -755},0, {-2969, 505},{0x49, 0x49, 0x49, 0xFF}}},
	{{{-2391, 6330, -755},0, {5327, 505},{0x49, 0xB7, 0x49, 0xFF}}},
	{{{-2391, 7564, -960},0, {-869, 1861},{0x64, 0x0, 0xB1, 0xFF}}},
	{{{-2391, 6330, -755},0, {3279, 2553},{0x49, 0xB7, 0x49, 0xFF}}},
	{{{-2391, 6793, -1218},0, {1724, 997},{0x69, 0x33, 0xCD, 0xFF}}},
	{{{-2391, 6793, -1218},0, {-324, 997},{0x69, 0x33, 0xCD, 0xFF}}},
	{{{-2391, 6330, -755},0, {1231, 2553},{0x49, 0xB7, 0x49, 0xFF}}},
	{{{-2391, 6535, -1989},0, {540, -1595},{0x64, 0x4F, 0x0, 0xFF}}},
	{{{-2391, 8799, -3224},0, {-2969, 401},{0x49, 0x49, 0xB7, 0xFF}}},
	{{{-2391, 7564, -3018},0, {1179, 1092},{0x64, 0x0, 0x4F, 0xFF}}},
	{{{-2391, 6330, -3224},0, {5327, 401},{0x49, 0xB7, 0xB7, 0xFF}}},
	{{{-2391, 7564, -3018},0, {3227, 1092},{0x64, 0x0, 0x4F, 0xFF}}},
	{{{-2391, 8799, -3224},0, {-921, 401},{0x49, 0x49, 0xB7, 0xFF}}},
	{{{-2391, 8336, -2761},0, {635, 1956},{0x69, 0xCD, 0x33, 0xFF}}},
	{{{-2391, 8336, -2761},0, {2683, -92},{0x69, 0xCD, 0x33, 0xFF}}},
	{{{-2391, 8799, -3224},0, {1127, -1647},{0x49, 0x49, 0xB7, 0xFF}}},
	{{{-2391, 8593, -1989},0, {1819, 2501},{0x64, 0xB1, 0x0, 0xFF}}},
	{{{-2391, 6330, -3224},0, {3279, 401},{0x49, 0xB7, 0xB7, 0xFF}}},
	{{{-2391, 7564, -3018},0, {-869, 1092},{0x64, 0x0, 0x4F, 0xFF}}},
	{{{-2391, 6793, -2761},0, {1724, 1956},{0x69, 0x33, 0x33, 0xFF}}},
	{{{-2391, 6330, -3224},0, {1231, -1647},{0x49, 0xB7, 0xB7, 0xFF}}},
	{{{-2391, 6793, -2761},0, {-324, -92},{0x69, 0x33, 0x33, 0xFF}}},
	{{{-2391, 6535, -1989},0, {540, 2501},{0x64, 0x4F, 0x0, 0xFF}}},
	{{{-2391, 6330, -3224},0, {1231, -3695},{0x49, 0xB7, 0xB7, 0xFF}}},
	{{{-2391, 6535, -1989},0, {540, 453},{0x64, 0x4F, 0x0, 0xFF}}},
	{{{-2391, 6330, -755},0, {1231, 4601},{0x49, 0xB7, 0x49, 0xFF}}},
	{{{-8118, 18776, -2945},0, {951, -710},{0x92, 0xDA, 0x34, 0xFF}}},
	{{{-7640, 18974, -2504},0, {-788, 773},{0x50, 0xA7, 0xD5, 0xFF}}},
	{{{-8118, 18776, -2504},0, {951, 773},{0x69, 0x15, 0xBB, 0xFF}}},
	{{{-4842, 19005, -5211},0, {-2196, -4790},{0x78, 0x12, 0x26, 0xFF}}},
	{{{-5436, 21334, -5211},0, {-201, 3034},{0xA9, 0x55, 0x26, 0xFF}}},
	{{{-5912, 21090, -5211},0, {1398, 2213},{0xEE, 0x78, 0x26, 0xFF}}},
	{{{-5436, 21334, -5211},0, {1847, 3034},{0xA9, 0x55, 0x26, 0xFF}}},
	{{{-4842, 19005, -5211},0, {-148, -4790},{0x78, 0x12, 0x26, 0xFF}}},
	{{{-4366, 19250, -5211},0, {-1747, -3969},{0xAB, 0xA9, 0x26, 0xFF}}},
	{{{-4057, 18647, -6612},0, {-1561, -741},{0x8D, 0x22, 0xD7, 0xFF}}},
	{{{-4366, 19250, -5211},0, {715, 3966},{0xAB, 0xA9, 0x26, 0xFF}}},
	{{{-4366, 19250, -6612},0, {715, -741},{0xD8, 0x8E, 0xD8, 0xFF}}},
	{{{-4057, 18647, -4254},0, {-1561, 5131},{0x9D, 0x20, 0xB7, 0xFF}}},
	{{{-4366, 19250, -5211},0, {715, 1918},{0xAB, 0xA9, 0x26, 0xFF}}},
	{{{-4057, 18647, -6612},0, {-1561, -2789},{0x8D, 0x22, 0xD7, 0xFF}}},
	{{{4818, 14988, -2809},0, {-229, -1904},{0x8D, 0xDA, 0xDA, 0xFF}}},
	{{{4818, 16692, -2809},0, {-229, 3823},{0x0, 0x0, 0x7F, 0xFF}}},
	{{{4818, 15840, -2809},0, {-229, 959},{0xBA, 0x62, 0x2A, 0xFF}}},
	{{{4818, 15636, -3023},0, {-229, 1229},{0xA6, 0x41, 0xC2, 0xFF}}},
	{{{5375, 15441, -3228},0, {1642, 278},{0x0, 0x5C, 0xA8, 0xFF}}},
	{{{5291, 15215, -3464},0, {1360, -818},{0x0, 0x5C, 0xA8, 0xFF}}},
	{{{-7203, 18258, -2504},0, {-4213, 773},{0x58, 0x57, 0xE4, 0xFF}}},
	{{{-5948, 15812, -2945},0, {5021, -710},{0x57, 0xAB, 0x26, 0xFF}}},
	{{{-7203, 18258, -2945},0, {-4213, -710},{0x1B, 0x38, 0x6F, 0xFF}}},
	{{{-7162, 19173, -2945},0, {1502, 6013},{0xDD, 0x9F, 0x4A, 0xFF}}},
	{{{-7203, 18258, -2945},0, {1639, 2939},{0x1B, 0x38, 0x6F, 0xFF}}},
	{{{-5948, 15812, -2945},0, {-2577, -5277},{0x57, 0xAB, 0x26, 0xFF}}},
	{{{-7162, 19173, -2945},0, {3550, 6013},{0xDD, 0x9F, 0x4A, 0xFF}}},
	{{{-5948, 15812, -2945},0, {-529, -5277},{0x57, 0xAB, 0x26, 0xFF}}},
	{{{-5544, 16020, -2945},0, {-1886, -4580},{0x12, 0x88, 0x26, 0xFF}}},
	{{{-6799, 18465, -2062},0, {4149, 209},{0xB2, 0xC9, 0xAC, 0xFF}}},
	{{{-5544, 16020, -2945},0, {-5085, -2758},{0x12, 0x88, 0x26, 0xFF}}},
	{{{-5544, 16020, -1179},0, {-5085, 3176},{0x1C, 0x89, 0xDE, 0xFF}}},
	{{{-16920, -14459, -2944},0, {2516, 3617},{0xDA, 0x26, 0x8D, 0xFF}}},
	{{{-17318, -15557, -2944},0, {1177, -72},{0xB7, 0xB7, 0xB7, 0xFF}}},
	{{{-17318, -14459, -2944},0, {1177, 3617},{0xB7, 0x49, 0xB7, 0xFF}}},
	{{{3932, -808, -5007},0, {-5498, -1955},{0x6E, 0x33, 0xDA, 0xFF}}},
	{{{492, -808, -4855},0, {6059, -1443},{0x92, 0x33, 0x26, 0xFF}}},
	{{{492, -808, -3654},0, {6059, 2591},{0xA4, 0x33, 0x48, 0xFF}}},
	{{{492, -808, -4855},0, {6059, 2653},{0x92, 0x33, 0x26, 0xFF}}},
	{{{3932, -808, -5007},0, {-5498, 2141},{0x6E, 0x33, 0xDA, 0xFF}}},
	{{{3932, -808, -6208},0, {-5498, -1894},{0x78, 0x1B, 0x21, 0xFF}}},
	{{{492, -66, -4855},0, {-6123, -1443},{0x92, 0xCD, 0x26, 0xFF}}},
	{{{3932, -66, -5007},0, {5434, -1955},{0x6E, 0xCD, 0xDA, 0xFF}}},
	{{{492, -66, -3654},0, {-6123, 2591},{0xCC, 0xE3, 0x90, 0xFF}}},
	{{{3932, -66, -5007},0, {5434, 2141},{0x6E, 0xCD, 0xDA, 0xFF}}},
	{{{492, -66, -4855},0, {-6123, 2653},{0x92, 0xCD, 0x26, 0xFF}}},
	{{{3932, -66, -6208},0, {5434, -1894},{0x78, 0xE5, 0x21, 0xFF}}},
	{{{492, -66, -3654},0, {1853, 939},{0xCC, 0xE3, 0x90, 0xFF}}},
	{{{492, 867, -3654},0, {-1282, 939},{0xDA, 0x73, 0xDA, 0xFF}}},
	{{{492, 72, -3654},0, {1390, 939},{0xA6, 0x0, 0x5A, 0xFF}}},
	{{{492, -66, -3654},0, {-2243, -1109},{0xCC, 0xE3, 0x90, 0xFF}}},
	{{{492, -1415, -3654},0, {2292, -1109},{0xA6, 0x0, 0xA6, 0xFF}}},
	{{{-193, -1415, -3654},0, {2292, 1193},{0xDA, 0x26, 0x8D, 0xFF}}},
	{{{492, -1415, -3654},0, {2292, 939},{0xA6, 0x0, 0xA6, 0xFF}}},
	{{{492, -66, -3654},0, {-2243, 939},{0xCC, 0xE3, 0x90, 0xFF}}},
	{{{492, -808, -3654},0, {251, 939},{0xA4, 0x33, 0x48, 0xFF}}},
	{{{3160, 72, -6551},0, {-2706, 169},{0x26, 0x73, 0xDA, 0xFF}}},
	{{{3160, -974, -6551},0, {808, 169},{0x4B, 0x47, 0xB6, 0xFF}}},
	{{{3160, -532, -6551},0, {-676, 169},{0x37, 0xF7, 0x8E, 0xFF}}},
	{{{3932, -2099, -2907},0, {-1556, 1670},{0x26, 0xDA, 0x8D, 0xFF}}},
	{{{4719, -2768, -2907},0, {692, -972},{0x49, 0xB7, 0xB7, 0xFF}}},
	{{{3932, -2768, -2907},0, {692, 1670},{0x0, 0x0, 0x81, 0xFF}}},
	{{{2314, -899, -15457},0, {559, 963},{0x26, 0xDA, 0x8D, 0xFF}}},
	{{{2618, -532, -15457},0, {-676, -61},{0x49, 0x49, 0xB7, 0xFF}}},
	{{{2618, -899, -15457},0, {559, -61},{0x49, 0xB7, 0xB7, 0xFF}}},
	{{{2618, -1415, -15457},0, {244, -61},{0x49, 0xB7, 0xB7, 0xFF}}},
	{{{2314, -1064, -15457},0, {-938, 963},{0x26, 0x26, 0x8D, 0xFF}}},
	{{{2618, -1064, -15457},0, {-938, -61},{0x49, 0x49, 0xB7, 0xFF}}},
	{{{3160, 72, -5952},0, {1390, 2217},{0x0, 0x5A, 0xA6, 0xFF}}},
	{{{3932, 867, -5952},0, {-1282, -378},{0x49, 0x49, 0xB7, 0xFF}}},
	{{{3932, 72, -5952},0, {1390, -378},{0x73, 0x26, 0xDA, 0xFF}}},
	{{{3160, -974, -7219},0, {-1240, 169},{0x74, 0x26, 0xDC, 0xFF}}},
	{{{3160, -2099, -7219},0, {2540, 169},{0x26, 0x8D, 0xDA, 0xFF}}},
	{{{3160, -1415, -7219},0, {244, 169},{0x5A, 0x0, 0x5A, 0xFF}}},
	{{{3160, -1415, -12157},0, {244, 169},{0x49, 0xB7, 0xB7, 0xFF}}},
	{{{2618, -1415, -12157},0, {244, 1987},{0x26, 0x8D, 0xDA, 0xFF}}},
	{{{2618, -1064, -12157},0, {-938, 1987},{0x26, 0x26, 0x8D, 0xFF}}},
	{{{-193, 1649, -1776},0, {-1860, 1193},{0xB7, 0x49, 0xB7, 0xFF}}},
	{{{492, 867, -1776},0, {766, -1109},{0x0, 0x5A, 0xA6, 0xFF}}},
	{{{-193, 867, -1776},0, {766, 1193},{0x8D, 0x26, 0xDA, 0xFF}}},
	{{{492, 867, -1776},0, {766, 5035},{0x0, 0x5A, 0xA6, 0xFF}}},
	{{{-193, 1649, -1776},0, {-1860, 7337},{0xB7, 0x49, 0xB7, 0xFF}}},
	{{{3932, 1649, -1776},0, {-1860, -6522},{0xDA, 0x73, 0xDA, 0xFF}}},
	{{{492, 867, -1776},0, {766, 7083},{0x0, 0x5A, 0xA6, 0xFF}}},
	{{{3932, 1649, -1776},0, {-1860, -4474},{0xDA, 0x73, 0xDA, 0xFF}}},
	{{{3932, 867, -1776},0, {766, -4474},{0xB7, 0x49, 0xB7, 0xFF}}},
	{{{1596, 2008, -12372},0, {952, 1327},{0x25, 0xA5, 0xB0, 0xFF}}},
	{{{1443, 2008, -12372},0, {952, 1839},{0xDA, 0xDA, 0x73, 0xFF}}},
	{{{1443, 1858, -12372},0, {449, 1839},{0xD7, 0x9E, 0x46, 0xFF}}},
	{{{2164, 72, -11706},0, {-658, 1465},{0xB7, 0x49, 0xB7, 0xFF}}},
	{{{2618, -532, -11706},0, {1372, -61},{0x0, 0x5A, 0xA6, 0xFF}}},
	{{{2164, -532, -11706},0, {1372, 1465},{0xDA, 0x73, 0xDA, 0xFF}}},
	{{{-794, -3753, -3654},0, {1953, 1165},{0xB7, 0xB7, 0xB7, 0xFF}}},
	{{{-494, -2768, -3654},0, {-1356, 155},{0x2B, 0x1A, 0x8B, 0xFF}}},
	{{{-193, -3753, -3654},0, {1953, -855},{0x49, 0xB7, 0xB7, 0xFF}}},
	{{{-494, -2768, -3654},0, {692, 155},{0x2B, 0x1A, 0x8B, 0xFF}}},
	{{{-794, -3753, -3654},0, {4001, 1165},{0xB7, 0xB7, 0xB7, 0xFF}}},
	{{{-794, -1415, -3654},0, {-3852, 1165},{0xB7, 0x49, 0xB7, 0xFF}}},
	{{{-193, -3753, -3654},0, {1953, 1193},{0x49, 0xB7, 0xB7, 0xFF}}},
	{{{-494, -2768, -3654},0, {-1356, 2203},{0x2B, 0x1A, 0x8B, 0xFF}}},
	{{{-193, -2857, -3654},0, {-1056, 1193},{0x52, 0x3D, 0xB4, 0xFF}}},
	{{{-2251, 13195, 616},0, {2647, -1782},{0xDA, 0xDA, 0x8D, 0xFF}}},
	{{{-3688, 13793, 616},0, {-2181, 228},{0x0, 0x0, 0x81, 0xFF}}},
	{{{-3130, 14063, 616},0, {-307, 1133},{0x0, 0x0, 0x81, 0xFF}}},
	{{{-2251, 13195, 616},0, {599, -1782},{0xDA, 0xDA, 0x8D, 0xFF}}},
	{{{-3130, 14063, 616},0, {-2355, 1133},{0x0, 0x0, 0x81, 0xFF}}},
	{{{-1694, 13429, 616},0, {2470, -995},{0x0, 0x0, 0x81, 0xFF}}},
	{{{-2251, 13195, 616},0, {599, 266},{0xDA, 0xDA, 0x8D, 0xFF}}},
	{{{-1694, 13429, 616},0, {2470, 1053},{0x0, 0x0, 0x81, 0xFF}}},
	{{{-2251, 12558, 616},0, {599, -1875},{0xDA, 0x26, 0x8D, 0xFF}}},
	{{{-6564, 10066, 616},0, {-7748, -4103},{0xB7, 0xB7, 0xB7, 0xFF}}},
	{{{-5884, 12558, 616},0, {-5465, 4269},{0x26, 0x26, 0x8D, 0xFF}}},
	{{{-815, 10066, 616},0, {11564, -4103},{0x49, 0xB7, 0xB7, 0xFF}}},
	{{{-815, 10066, 616},0, {9516, -4103},{0x49, 0xB7, 0xB7, 0xFF}}},
	{{{-5884, 12558, 616},0, {-7513, 4269},{0x26, 0x26, 0x8D, 0xFF}}},
	{{{-2251, 12558, 616},0, {4695, 4269},{0xDA, 0x26, 0x8D, 0xFF}}},
	{{{-8641, -10415, 4952},0, {-927, -950},{0x0, 0xA4, 0xA8, 0xFF}}},
	{{{-8931, -10753, 5307},0, {47, 695},{0x0, 0x8B, 0x32, 0xFF}}},
	{{{-8931, -10148, 4672},0, {47, -2251},{0x0, 0x8A, 0xD1, 0xFF}}},
	{{{-9692, -8939, 4672},0, {1427, 2373},{0xDA, 0x8D, 0xDA, 0xFF}}},
	{{{-9529, -9627, 4672},0, {1974, 62},{0xDA, 0x26, 0x8D, 0xFF}}},
	{{{-9692, -10148, 4672},0, {1427, -1688},{0xB0, 0xD9, 0xA5, 0xFF}}},
	{{{-9529, -10148, 4672},0, {1974, 360},{0xB7, 0xB7, 0x49, 0xFF}}},
	{{{-9692, -10148, 4672},0, {1427, 360},{0xB0, 0xD9, 0xA5, 0xFF}}},
	{{{-9529, -9627, 4672},0, {1974, 2110},{0xDA, 0x26, 0x8D, 0xFF}}},
	{{{-9692, -6872, 4672},0, {1427, 3176},{0x0, 0x5A, 0xA6, 0xFF}}},
	{{{-9753, -8098, 4672},0, {1221, -943},{0x8D, 0x26, 0xDA, 0xFF}}},
	{{{-9753, -6872, 4672},0, {1221, 3176},{0xB7, 0x49, 0xB7, 0xFF}}},
	{{{-4090, 2277, 8301},0, {1998, 1938},{0x49, 0x0, 0x68, 0xFF}}},
	{{{-4090, 2277, 7582},0, {1998, -478},{0x49, 0x0, 0x98, 0xFF}}},
	{{{-4090, 2636, 7941},0, {790, 730},{0x49, 0x68, 0x0, 0xFF}}},
	{{{-4090, 1018, 8301},0, {1998, 298},{0x49, 0x0, 0x68, 0xFF}}},
	{{{-4090, 1018, 7582},0, {1998, -2118},{0x49, 0x0, 0x98, 0xFF}}},
	{{{-4090, 1378, 7941},0, {790, -910},{0x49, 0x68, 0x0, 0xFF}}},
	{{{-4090, 1018, 7582},0, {-50, -2118},{0x49, 0x0, 0x98, 0xFF}}},
	{{{-4090, 1018, 8301},0, {-50, 298},{0x49, 0x0, 0x68, 0xFF}}},
	{{{-4090, 658, 7941},0, {1158, -910},{0x49, 0x98, 0x0, 0xFF}}},
	{{{-3748, -3216, 10189},0, {-1130, 1120},{0xB7, 0xB7, 0xB7, 0xFF}}},
	{{{-3372, -2812, 10189},0, {131, 2480},{0x26, 0x26, 0x8D, 0xFF}}},
	{{{-2661, -3216, 10189},0, {2520, 1120},{0x49, 0xB7, 0xB7, 0xFF}}},
	{{{-2661, -3216, 10189},0, {472, 1120},{0x49, 0xB7, 0xB7, 0xFF}}},
	{{{-3372, -2812, 10189},0, {-1917, 2480},{0x26, 0x26, 0x8D, 0xFF}}},
	{{{-2661, -2812, 10189},0, {472, 2480},{0x49, 0x49, 0xB7, 0xFF}}},
	{{{-2820, 6330, -755},0, {-1295, 2553},{0xB7, 0xB7, 0x49, 0xFF}}},
	{{{-2820, 7564, -960},0, {2853, 1861},{0x9C, 0x0, 0xB1, 0xFF}}},
	{{{-2820, 6793, -1218},0, {260, 997},{0x97, 0x33, 0xCD, 0xFF}}},
	{{{-2820, 6535, -1989},0, {-604, -1595},{0x9C, 0x4F, 0x0, 0xFF}}},
	{{{19974, -641, -15824},0, {1537, 4983},{0x49, 0x49, 0xB7, 0xFF}}},
	{{{19546, -3110, -15824},0, {97, -3313},{0xB7, 0xB7, 0xB7, 0xFF}}},
	{{{19546, -641, -15824},0, {97, 4983},{0xB7, 0x49, 0xB7, 0xFF}}},
	{{{19974, -3110, -15824},0, {1537, -3313},{0x49, 0xB7, 0xB7, 0xFF}}},
	{{{19974, -1875, -13560},0, {1537, 3137},{0x64, 0x0, 0xB1, 0xFF}}},
	{{{19285, -2647, -13817},0, {-778, 404},{0x0, 0x5A, 0xA6, 0xFF}}},
	{{{19285, -1875, -13560},0, {-778, 3137},{0x0, 0x0, 0x81, 0xFF}}},
	{{{19974, -2647, -13817},0, {1537, 404},{0x69, 0x33, 0xCD, 0xFF}}},
	{{{19974, -1104, -13817},0, {447, 70},{0x69, 0xCD, 0xCD, 0xFF}}},
	{{{19285, -1875, -13560},0, {2762, 2803},{0x0, 0x0, 0x81, 0xFF}}},
	{{{19285, -1104, -13817},0, {2762, 70},{0x0, 0xA6, 0xA6, 0xFF}}},
	{{{19974, -1875, -13560},0, {447, 2803},{0x64, 0x0, 0xB1, 0xFF}}},
	{{{19025, -641, -14589},0, {395, 887},{0xB7, 0x49, 0xB7, 0xFF}}},
	{{{19285, -846, -14589},0, {1270, 196},{0xB4, 0xC4, 0x53, 0xFF}}},
	{{{19025, -846, -14589},0, {395, 196},{0xB4, 0xC4, 0xAD, 0xFF}}},
	{{{19285, -641, -14589},0, {1270, 887},{0xDA, 0x73, 0xDA, 0xFF}}},
	{{{19285, -2904, -14589},0, {1270, 1475},{0xD3, 0x6C, 0xCE, 0xFF}}},
	{{{19025, -3110, -14589},0, {395, 783},{0xB7, 0xB7, 0xB7, 0xFF}}},
	{{{19025, -2904, -14589},0, {395, 1475},{0xB4, 0x3C, 0xAD, 0xFF}}},
	{{{19285, -3110, -14589},0, {1270, 783},{0xDA, 0x8D, 0xDA, 0xFF}}},
	{{{19546, -2647, -15361},0, {97, 2339},{0xAA, 0xF, 0x5D, 0xFF}}},
	{{{19285, -3110, -15361},0, {-778, 783},{0xB7, 0xB7, 0xB7, 0xFF}}},
	{{{19285, -2647, -15361},0, {-778, 2339},{0xB9, 0x55, 0xC3, 0xFF}}},
	{{{19546, -3110, -15361},0, {97, 783},{0xDA, 0x8D, 0xDA, 0xFF}}},
	{{{19546, -641, -15361},0, {97, 887},{0xDA, 0x73, 0xDA, 0xFF}}},
	{{{19285, -1104, -15361},0, {-778, -668},{0xB9, 0xAB, 0xC3, 0xFF}}},
	{{{19285, -641, -15361},0, {-778, 887},{0xB7, 0x49, 0xB7, 0xFF}}},
	{{{19546, -1104, -15361},0, {97, -668},{0xAA, 0xF1, 0x5D, 0xFF}}},
	{{{-7640, 18974, -2504},0, {1260, 773},{0x50, 0xA7, 0xD5, 0xFF}}},
	{{{-7162, 19173, -2062},0, {-479, 2257},{0xDD, 0x9F, 0xB6, 0xFF}}},
	{{{-7640, 18974, -2062},0, {1260, 2257},{0x64, 0xE0, 0xB8, 0xFF}}},
	{{{-7162, 19173, -2945},0, {-479, -710},{0xDD, 0x9F, 0x4A, 0xFF}}},
	{{{-8118, 18776, -2945},0, {2999, -710},{0x92, 0xDA, 0x34, 0xFF}}},
	{{{-7482, 20532, -5212},0, {1455, -4230},{0xB7, 0x49, 0x49, 0xFF}}},
	{{{-8005, 20532, -2203},0, {-303, 5880},{0x49, 0x49, 0xB7, 0xFF}}},
	{{{-7482, 20532, -2203},0, {1455, 5880},{0xB7, 0x49, 0xB7, 0xFF}}},
	{{{-8005, 20532, -5212},0, {-303, -4230},{0x49, 0x49, 0x49, 0xFF}}},
	{{{-7482, 20532, -5212},0, {-687, -4230},{0xB7, 0x49, 0x49, 0xFF}}},
	{{{-7482, 20814, -2203},0, {263, 5880},{0xDA, 0x73, 0xDA, 0xFF}}},
	{{{-7482, 20814, -5212},0, {263, -4230},{0xDA, 0x73, 0x26, 0xFF}}},
	{{{-7482, 20532, -2203},0, {-687, 5880},{0xB7, 0x49, 0xB7, 0xFF}}},
	{{{-7482, 20532, -5212},0, {-1519, 337},{0xB7, 0x49, 0x49, 0xFF}}},
	{{{-8005, 20814, -5212},0, {239, 1287},{0x26, 0x73, 0x26, 0xFF}}},
	{{{-8005, 20532, -5212},0, {239, 337},{0x49, 0x49, 0x49, 0xFF}}},
	{{{-8005, 20814, -5212},0, {239, 1287},{0x26, 0x73, 0x26, 0xFF}}},
	{{{-7482, 20532, -5212},0, {-1519, 337},{0xB7, 0x49, 0x49, 0xFF}}},
	{{{-7482, 20814, -5212},0, {-1519, 1287},{0xDA, 0x73, 0x26, 0xFF}}},
	{{{-8005, 20532, -2203},0, {623, 5880},{0x49, 0x49, 0xB7, 0xFF}}},
	{{{-8005, 20814, -5212},0, {-327, -4230},{0x26, 0x73, 0x26, 0xFF}}},
	{{{-8005, 20814, -2203},0, {-327, 5880},{0x26, 0x73, 0xDA, 0xFF}}},
	{{{-8005, 20532, -5212},0, {623, -4230},{0x49, 0x49, 0x49, 0xFF}}},
	{{{-5517, 16229, -5467},0, {2388, 3104},{0x1F, 0x63, 0xB7, 0xFF}}},
	{{{-5827, 16832, -6612},0, {113, -741},{0x76, 0xDD, 0xE0, 0xFF}}},
	{{{-5827, 16832, -5467},0, {113, 3104},{0x63, 0xE1, 0xB7, 0xFF}}},
	{{{-5517, 16229, -6612},0, {2388, -741},{0x27, 0x74, 0xDF, 0xFF}}},
	{{{-5187, 16934, -5467},0, {2836, 3104},{0x20, 0x63, 0xB7, 0xFF}}},
	{{{-5496, 17537, -6612},0, {561, -741},{0x73, 0xDE, 0xD7, 0xFF}}},
	{{{-5496, 17537, -5467},0, {561, 3104},{0x63, 0xE0, 0xB7, 0xFF}}},
	{{{-5187, 16934, -6612},0, {2836, -741},{0x28, 0x72, 0xD8, 0xFF}}},
	{{{-4711, 17178, -6612},0, {-53, -741},{0x8C, 0x22, 0xD8, 0xFF}}},
	{{{-5187, 16934, -5467},0, {-1850, 3104},{0x20, 0x63, 0xB7, 0xFF}}},
	{{{-4711, 17178, -5467},0, {-53, 3104},{0x9D, 0x20, 0xB7, 0xFF}}},
	{{{-5187, 16934, -6612},0, {-1850, -741},{0x28, 0x72, 0xD8, 0xFF}}},
	{{{-5496, 17537, -6612},0, {1786, -741},{0x73, 0xDE, 0xD7, 0xFF}}},
	{{{-5020, 17781, -5467},0, {-11, 3104},{0xE0, 0x9D, 0xB7, 0xFF}}},
	{{{-5496, 17537, -5467},0, {1786, 3104},{0x63, 0xE0, 0xB7, 0xFF}}},
	{{{-5020, 17781, -6612},0, {-11, -741},{0xD8, 0x8E, 0xD8, 0xFF}}},
	{{{-4711, 17178, -6612},0, {-852, -741},{0x8C, 0x22, 0xD8, 0xFF}}},
	{{{-5020, 17781, -5467},0, {1423, 3104},{0xE0, 0x9D, 0xB7, 0xFF}}},
	{{{-5020, 17781, -6612},0, {1423, -741},{0xD8, 0x8E, 0xD8, 0xFF}}},
	{{{-4711, 17178, -5467},0, {-852, 3104},{0x9D, 0x20, 0xB7, 0xFF}}},
	{{{-4380, 17898, -6612},0, {-1258, -741},{0x89, 0x24, 0xE7, 0xFF}}},
	{{{-4689, 18500, -5467},0, {1017, 3104},{0xE0, 0x9D, 0xB7, 0xFF}}},
	{{{-4689, 18500, -6612},0, {1017, -741},{0xD8, 0x8A, 0xE7, 0xFF}}},
	{{{-4380, 17898, -5467},0, {-1258, 3104},{0x9D, 0x1F, 0xB7, 0xFF}}},
	{{{-4533, 18403, -4254},0, {5593, 3083},{0x20, 0x63, 0xB7, 0xFF}}},
	{{{-5912, 21090, -5211},0, {-4554, -130},{0xEE, 0x78, 0x26, 0xFF}}},
	{{{-5912, 21090, -4254},0, {-4554, 3083},{0xEE, 0x78, 0xDA, 0xFF}}},
	{{{-4842, 19005, -5211},0, {3317, -130},{0x78, 0x12, 0x26, 0xFF}}},
	{{{-4842, 19005, -5211},0, {-779, 1918},{0x78, 0x12, 0x26, 0xFF}}},
	{{{-4533, 18403, -4254},0, {1497, 5131},{0x20, 0x63, 0xB7, 0xFF}}},
	{{{-4842, 19005, -6612},0, {-779, -2789},{0x73, 0xDF, 0xD6, 0xFF}}},
	{{{-4533, 18403, -6612},0, {1497, -2789},{0x27, 0x72, 0xD7, 0xFF}}},
	{{{-4057, 18647, -6612},0, {59, -2789},{0x8D, 0x22, 0xD7, 0xFF}}},
	{{{-4533, 18403, -4254},0, {-1739, 5131},{0x20, 0x63, 0xB7, 0xFF}}},
	{{{-4057, 18647, -4254},0, {59, 5131},{0x9D, 0x20, 0xB7, 0xFF}}},
	{{{-4533, 18403, -6612},0, {-1739, -2789},{0x27, 0x72, 0xD7, 0xFF}}},
	{{{-4366, 19250, -5211},0, {-3381, -130},{0xAB, 0xA9, 0x26, 0xFF}}},
	{{{-5436, 21334, -4254},0, {4490, 3083},{0xA9, 0x55, 0xDA, 0xFF}}},
	{{{-5436, 21334, -5211},0, {4490, -130},{0xA9, 0x55, 0x26, 0xFF}}},
	{{{-4057, 18647, -4254},0, {-5657, 3083},{0x9D, 0x20, 0xB7, 0xFF}}},
	{{{-4842, 19005, -6612},0, {1675, -741},{0x73, 0xDF, 0xD6, 0xFF}}},
	{{{-4366, 19250, -5211},0, {-123, 3966},{0xAB, 0xA9, 0x26, 0xFF}}},
	{{{-4842, 19005, -5211},0, {1675, 3966},{0x78, 0x12, 0x26, 0xFF}}},
	{{{-4366, 19250, -6612},0, {-123, -741},{0xD8, 0x8E, 0xD8, 0xFF}}},
	{{{1360, 16692, -1093},0, {4536, 3823},{0x0, 0x0, 0x7F, 0xFF}}},
	{{{-815, 14988, -1093},0, {-2772, -1904},{0xB7, 0xB7, 0xB7, 0xFF}}},
	{{{-815, 16692, -1093},0, {-2772, 3823},{0xB7, 0x49, 0xB7, 0xFF}}},
	{{{1360, 14988, -1093},0, {4536, -1904},{0x0, 0x0, 0x81, 0xFF}}},
	{{{4818, 16692, -2809},0, {1819, 3823},{0x0, 0x0, 0x7F, 0xFF}}},
	{{{4189, 14988, -2809},0, {-296, -1904},{0xB7, 0xB7, 0xB7, 0xFF}}},
	{{{4189, 16692, -2809},0, {-296, 3823},{0xB7, 0x49, 0xB7, 0xFF}}},
	{{{4818, 14988, -2809},0, {1819, -1904},{0x8D, 0xDA, 0xDA, 0xFF}}},
	{{{5745, 15215, -3464},0, {837, -818},{0x0, 0x5C, 0xA8, 0xFF}}},
	{{{5375, 15441, -3228},0, {-406, 278},{0x0, 0x5C, 0xA8, 0xFF}}},
	{{{5745, 15441, -3228},0, {837, 278},{0x0, 0x5C, 0xA8, 0xFF}}},
	{{{5291, 15215, -3464},0, {-688, -818},{0x0, 0x5C, 0xA8, 0xFF}}},
	{{{5375, 15441, -3228},0, {1642, -1770},{0x0, 0x5C, 0xA8, 0xFF}}},
	{{{4818, 15840, -2809},0, {-229, 174},{0xBA, 0x62, 0x2A, 0xFF}}},
	{{{5046, 15840, -2809},0, {536, 174},{0x0, 0x32, 0x8B, 0xFF}}},
	{{{4818, 15636, -3023},0, {-229, -819},{0xA6, 0x41, 0xC2, 0xFF}}},
	{{{8698, 15414, -3256},0, {519, 1576},{0x50, 0x27, 0xA5, 0xFF}}},
	{{{8271, 14806, -3256},0, {-916, -467},{0x1A, 0x9D, 0xB4, 0xFF}}},
	{{{8271, 15414, -3256},0, {-916, 1576},{0x11, 0x48, 0x99, 0xFF}}},
	{{{8698, 14806, -3256},0, {519, -467},{0x4C, 0xC7, 0xAC, 0xFF}}},
	{{{15625, 15460, -3223},0, {1260, 1731},{0x49, 0x49, 0xB7, 0xFF}}},
	{{{15176, 14917, -3223},0, {-248, -93},{0xB7, 0xB7, 0xB7, 0xFF}}},
	{{{15176, 15460, -3223},0, {-248, 1731},{0xB7, 0x49, 0xB7, 0xFF}}},
	{{{15625, 14917, -3223},0, {1260, -93},{0x49, 0xB7, 0xB7, 0xFF}}},
	{{{-4380, 17898, -6612},0, {-7, -741},{0x89, 0x24, 0xE7, 0xFF}}},
	{{{-4856, 17653, -5467},0, {-1805, 3104},{0x1F, 0x63, 0xB7, 0xFF}}},
	{{{-4380, 17898, -5467},0, {-7, 3104},{0x9D, 0x1F, 0xB7, 0xFF}}},
	{{{-4856, 17653, -6612},0, {-1805, -741},{0x27, 0x77, 0xE8, 0xFF}}},
	{{{-5165, 18256, -6612},0, {1741, -741},{0x77, 0xDC, 0xE7, 0xFF}}},
	{{{-4689, 18500, -5467},0, {-57, 3104},{0xE0, 0x9D, 0xB7, 0xFF}}},
	{{{-5165, 18256, -5467},0, {1741, 3104},{0x63, 0xE0, 0xB7, 0xFF}}},
	{{{-4689, 18500, -6612},0, {-57, -741},{0xD8, 0x8A, 0xE7, 0xFF}}},
	{{{-4856, 17653, -5467},0, {1194, 3104},{0x1F, 0x63, 0xB7, 0xFF}}},
	{{{-5165, 18256, -6612},0, {-1081, -741},{0x77, 0xDC, 0xE7, 0xFF}}},
	{{{-5165, 18256, -5467},0, {-1081, 3104},{0x63, 0xE0, 0xB7, 0xFF}}},
	{{{-4856, 17653, -6612},0, {1194, -741},{0x27, 0x77, 0xE8, 0xFF}}},
	{{{-5041, 16473, -6612},0, {-73, -741},{0x8A, 0x23, 0xE0, 0xFF}}},
	{{{-5517, 16229, -5467},0, {-1871, 3104},{0x1F, 0x63, 0xB7, 0xFF}}},
	{{{-5041, 16473, -5467},0, {-73, 3104},{0x9D, 0x1F, 0xB7, 0xFF}}},
	{{{-5517, 16229, -6612},0, {-1871, -741},{0x27, 0x74, 0xDF, 0xFF}}},
	{{{-5827, 16832, -6612},0, {1807, -741},{0x76, 0xDD, 0xE0, 0xFF}}},
	{{{-5351, 17076, -5467},0, {9, 3104},{0xE1, 0x9D, 0xB7, 0xFF}}},
	{{{-5827, 16832, -5467},0, {1807, 3104},{0x63, 0xE1, 0xB7, 0xFF}}},
	{{{-5351, 17076, -6612},0, {9, -741},{0xD9, 0x8C, 0xDF, 0xFF}}},
	{{{-5041, 16473, -6612},0, {-404, -741},{0x8A, 0x23, 0xE0, 0xFF}}},
	{{{-5351, 17076, -5467},0, {1871, 3104},{0xE1, 0x9D, 0xB7, 0xFF}}},
	{{{-5351, 17076, -6612},0, {1871, -741},{0xD9, 0x8C, 0xDF, 0xFF}}},
	{{{-5041, 16473, -5467},0, {-404, 3104},{0x9D, 0x1F, 0xB7, 0xFF}}},
	{{{-5948, 15812, -1179},0, {5021, 3176},{0x50, 0xA3, 0xDE, 0xFF}}},
	{{{-7203, 18258, -2504},0, {-4213, -1275},{0x58, 0x57, 0xE4, 0xFF}}},
	{{{-7203, 18258, -2062},0, {-4213, 209},{0x58, 0x22, 0xAB, 0xFF}}},
	{{{-5948, 15812, -2945},0, {5021, -2758},{0x57, 0xAB, 0x26, 0xFF}}},
	{{{-7203, 18258, -2062},0, {2587, 2257},{0x58, 0x22, 0xAB, 0xFF}}},
	{{{-7640, 18974, -2504},0, {-232, 773},{0x50, 0xA7, 0xD5, 0xFF}}},
	{{{-7640, 18974, -2062},0, {-232, 2257},{0x64, 0xE0, 0xB8, 0xFF}}},
	{{{-7203, 18258, -2504},0, {2587, 773},{0x58, 0x57, 0xE4, 0xFF}}},
	{{{-7203, 18258, -2945},0, {3073, -710},{0x1B, 0x38, 0x6F, 0xFF}}},
	{{{-8118, 18068, -2504},0, {-67, 773},{0x9F, 0x0, 0xAE, 0xFF}}},
	{{{-7203, 18258, -2504},0, {3073, 773},{0x58, 0x57, 0xE4, 0xFF}}},
	{{{-8118, 18068, -2945},0, {-67, -710},{0x8A, 0x24, 0x20, 0xFF}}},
	{{{-7203, 18258, -2945},0, {-2457, -1157},{0x1B, 0x38, 0x6F, 0xFF}}},
	{{{-8118, 18776, -2945},0, {617, 582},{0x92, 0xDA, 0x34, 0xFF}}},
	{{{-8118, 18068, -2945},0, {617, -1795},{0x8A, 0x24, 0x20, 0xFF}}},
	{{{-7162, 19173, -2945},0, {-2594, 1917},{0xDD, 0x9F, 0x4A, 0xFF}}},
	{{{-5544, 16020, -2945},0, {-5085, -710},{0x12, 0x88, 0x26, 0xFF}}},
	{{{-7162, 19173, -2062},0, {6821, 2257},{0xDD, 0x9F, 0xB6, 0xFF}}},
	{{{-7162, 19173, -2945},0, {6821, -710},{0xDD, 0x9F, 0x4A, 0xFF}}},
	{{{-6799, 18465, -2062},0, {4149, 2257},{0xB2, 0xC9, 0xAC, 0xFF}}},
	{{{-8118, 18776, -2504},0, {1367, 582},{0x69, 0x15, 0xBB, 0xFF}}},
	{{{-8486, 18068, -2504},0, {132, -1795},{0xB7, 0xB7, 0xB7, 0xFF}}},
	{{{-8486, 18776, -2504},0, {132, 582},{0xB7, 0x49, 0xB7, 0xFF}}},
	{{{-8118, 18068, -2504},0, {1367, -1795},{0x9F, 0x0, 0xAE, 0xFF}}},
	{{{-8118, 18068, -2504},0, {-681, -1795},{0x9F, 0x0, 0xAE, 0xFF}}},
	{{{-8118, 18776, -2504},0, {-681, 582},{0x69, 0x15, 0xBB, 0xFF}}},
	{{{-7640, 18974, -2504},0, {924, 1250},{0x50, 0xA7, 0xD5, 0xFF}}},
	{{{-7203, 18258, -2504},0, {2393, -1157},{0x58, 0x57, 0xE4, 0xFF}}},
	{{{-5297, 16266, -2974},0, {1381, -4902},{0x49, 0xB7, 0x49, 0xFF}}},
	{{{-4774, 16266, 616},0, {-376, 7159},{0xB7, 0xB7, 0xB7, 0xFF}}},
	{{{-5297, 16266, 616},0, {1381, 7159},{0x49, 0xB7, 0xB7, 0xFF}}},
	{{{-4774, 16266, -2974},0, {-376, -4902},{0xB7, 0xB7, 0x49, 0xFF}}},
	{{{-4774, 16078, -2974},0, {-1312, -4902},{0xDA, 0x8D, 0x26, 0xFF}}},
	{{{-4774, 16266, 616},0, {-680, 7159},{0xB7, 0xB7, 0xB7, 0xFF}}},
	{{{-4774, 16266, -2974},0, {-680, -4902},{0xB7, 0xB7, 0x49, 0xFF}}},
	{{{-4774, 16078, 616},0, {-1312, 7159},{0x0, 0xA6, 0x5A, 0xFF}}},
	{{{-5297, 16078, 616},0, {1248, 7159},{0x26, 0xDA, 0x8D, 0xFF}}},
	{{{-5297, 16266, -2974},0, {616, -4902},{0x49, 0xB7, 0x49, 0xFF}}},
	{{{-5297, 16266, 616},0, {616, 7159},{0x49, 0xB7, 0xB7, 0xFF}}},
	{{{-5297, 16078, -2974},0, {1248, -4902},{0x26, 0x8D, 0x26, 0xFF}}},
	{{{-4774, 16078, -2974},0, {-376, -288},{0xDA, 0x8D, 0x26, 0xFF}}},
	{{{-5297, 16266, -2974},0, {1381, 344},{0x49, 0xB7, 0x49, 0xFF}}},
	{{{-5297, 16078, -2974},0, {1381, -288},{0x26, 0x8D, 0x26, 0xFF}}},
	{{{-4774, 16266, -2974},0, {-376, 344},{0xB7, 0xB7, 0x49, 0xFF}}},
	{{{-6668, 20884, 2177},0, {4191, 1520},{0xB7, 0xB7, 0xB7, 0xFF}}},
	{{{-8036, 20209, 2177},0, {-406, -747},{0x49, 0x49, 0xB7, 0xFF}}},
	{{{-8036, 20884, 2177},0, {-406, 1520},{0x49, 0xB7, 0xB7, 0xFF}}},
	{{{-7710, 20209, 2177},0, {691, -747},{0x59, 0xEC, 0xA7, 0xFF}}},
	{{{-7710, 20209, 2177},0, {-1357, -747},{0x59, 0xEC, 0xA7, 0xFF}}},
	{{{-6668, 20884, 2177},0, {2143, 1520},{0xB7, 0xB7, 0xB7, 0xFF}}},
	{{{-7383, 20209, 2177},0, {-259, -747},{0xA6, 0x0, 0xA6, 0xFF}}},
	{{{-7306, 20209, 2177},0, {-2, -747},{0x5A, 0x0, 0xA6, 0xFF}}},
	{{{-6668, 20209, 2177},0, {2143, -747},{0x8D, 0xDA, 0xDA, 0xFF}}},
	{{{-16079, 22510, 1408},0, {3295, 2889},{0x49, 0x49, 0xB7, 0xFF}}},
	{{{-17517, 20361, 1408},0, {-1537, -4333},{0xA6, 0x0, 0xA6, 0xFF}}},
	{{{-17517, 22510, 1408},0, {-1537, 2889},{0xB7, 0x49, 0xB7, 0xFF}}},
	{{{-16079, 20361, 1408},0, {3295, -4333},{0x5A, 0x0, 0xA6, 0xFF}}},
	{{{-16675, -9610, 1408},0, {1290, 1475},{0x49, 0x49, 0xB7, 0xFF}}},
	{{{-16920, -9888, 1408},0, {468, 540},{0xB7, 0xB7, 0xB7, 0xFF}}},
	{{{-16920, -9610, 1408},0, {468, 1475},{0xB7, 0x49, 0xB7, 0xFF}}},
	{{{-16920, -9888, 1408},0, {468, 540},{0xB7, 0xB7, 0xB7, 0xFF}}},
	{{{-16675, -9610, 1408},0, {1290, 1475},{0x49, 0x49, 0xB7, 0xFF}}},
	{{{-16675, -9888, 1408},0, {1290, 540},{0x49, 0xB7, 0xB7, 0xFF}}},
	{{{-16675, -12230, 882},0, {1290, 865},{0x49, 0x49, 0xB7, 0xFF}}},
	{{{-16920, -12369, 882},0, {468, 398},{0xA6, 0x0, 0xA6, 0xFF}}},
	{{{-16920, -12230, 882},0, {468, 865},{0xB7, 0x49, 0xB7, 0xFF}}},
	{{{-16920, -12508, 882},0, {468, -69},{0xB7, 0xB7, 0xB7, 0xFF}}},
	{{{-16675, -12508, 882},0, {1290, -69},{0x49, 0xB7, 0xB7, 0xFF}}},
	{{{-17318, -15557, -2944},0, {-871, -72},{0xB7, 0xB7, 0xB7, 0xFF}}},
	{{{-16920, -14459, -2944},0, {468, 3617},{0xDA, 0x26, 0x8D, 0xFF}}},
	{{{-16277, -15557, -2944},0, {2628, -72},{0x49, 0xB7, 0xB7, 0xFF}}},
	{{{-16675, -14459, -2944},0, {1290, 3617},{0x26, 0x26, 0x8D, 0xFF}}},
	{{{-16277, -14459, -2944},0, {2628, 3617},{0x49, 0x49, 0xB7, 0xFF}}},
	{{{-16675, -13280, -3853},0, {1290, 1434},{0x49, 0x49, 0xB7, 0xFF}}},
	{{{-16920, -13422, -3853},0, {468, 955},{0xB7, 0xB7, 0xB7, 0xFF}}},
	{{{-16920, -13280, -3853},0, {468, 1434},{0xB7, 0x49, 0xB7, 0xFF}}},
	{{{-16920, -13422, -3853},0, {468, 955},{0xB7, 0xB7, 0xB7, 0xFF}}},
	{{{-16675, -13280, -3853},0, {1290, 1434},{0x49, 0x49, 0xB7, 0xFF}}},
	{{{-16675, -13422, -3853},0, {1290, 955},{0x49, 0xB7, 0xB7, 0xFF}}},
	{{{-16675, -13956, -2944},0, {1290, 1210},{0x49, 0x49, 0xB7, 0xFF}}},
	{{{-16920, -14459, -2944},0, {468, -479},{0xDA, 0x26, 0x8D, 0xFF}}},
	{{{-16920, -13956, -2944},0, {468, 1210},{0xB7, 0x49, 0xB7, 0xFF}}},
	{{{-16675, -14459, -2944},0, {1290, -479},{0x26, 0x26, 0x8D, 0xFF}}},
	{{{18855, 15673, -6403},0, {-133, -52},{0xE1, 0x61, 0xB4, 0xFF}}},
	{{{18855, 15374, -6403},0, {-133, -1057},{0xE1, 0x9F, 0xB4, 0xFF}}},
	{{{18746, 15523, -6403},0, {-498, -555},{0x9A, 0x0, 0xB4, 0xFF}}},
	{{{19030, 15616, -6403},0, {458, -244},{0x53, 0x3C, 0xB4, 0xFF}}},
	{{{19030, 15431, -6403},0, {458, -865},{0x53, 0xC4, 0xB4, 0xFF}}},
	{{{16612, 15530, -3223},0, {526, 1517},{0xDA, 0x26, 0x8D, 0xFF}}},
	{{{15993, 14847, -3223},0, {-1556, -779},{0xD7, 0xB1, 0xA6, 0xFF}}},
	{{{15993, 15530, -3223},0, {-1556, 1517},{0xD7, 0x4F, 0xA5, 0xFF}}},
	{{{16612, 14847, -3223},0, {526, -779},{0x0, 0x0, 0x81, 0xFF}}},
	{{{1833, 2592, -15692},0, {-1619, -5085},{0x49, 0xB7, 0x49, 0xFF}}},
	{{{2437, 2592, -12372},0, {411, 6071},{0xB7, 0xB7, 0xB7, 0xFF}}},
	{{{1833, 2592, -12372},0, {-1619, 6071},{0x49, 0xB7, 0xB7, 0xFF}}},
	{{{2437, 2592, -15692},0, {411, -5085},{0xB7, 0xB7, 0x49, 0xFF}}},
	{{{2612, 2008, -17042},0, {382, 2765},{0x5A, 0xA6, 0x0, 0xFF}}},
	{{{2612, 2592, -17582},0, {2345, 951},{0x5A, 0xA6, 0x0, 0xFF}}},
	{{{2612, 2592, -17042},0, {2345, 2765},{0x5A, 0xA6, 0x0, 0xFF}}},
	{{{2612, 2008, -17582},0, {382, 951},{0x5A, 0xA6, 0x0, 0xFF}}},
	{{{2437, 2008, -15692},0, {952, 549},{0xDA, 0x8D, 0x26, 0xFF}}},
	{{{1833, 2592, -15692},0, {2915, 2579},{0x49, 0xB7, 0x49, 0xFF}}},
	{{{1833, 2008, -15692},0, {952, 2579},{0x26, 0x8D, 0x26, 0xFF}}},
	{{{2437, 2592, -15692},0, {2915, 549},{0xB7, 0xB7, 0x49, 0xFF}}},
	{{{3216, 2008, -15962},0, {462, 250},{0xA6, 0xA6, 0x0, 0xFF}}},
	{{{3216, 2592, -15422},0, {-1501, 2064},{0xA6, 0xA6, 0x0, 0xFF}}},
	{{{3216, 2592, -15962},0, {-1501, 250},{0xA6, 0xA6, 0x0, 0xFF}}},
	{{{3216, 2008, -15422},0, {462, 2064},{0xA6, 0xA6, 0x0, 0xFF}}},
	{{{492, -808, -4855},0, {-315, 7593},{0x92, 0x33, 0x26, 0xFF}}},
	{{{3932, -66, -6208},0, {2179, -4826},{0x78, 0xE5, 0x21, 0xFF}}},
	{{{492, -66, -4855},0, {2179, 7593},{0x92, 0xCD, 0x26, 0xFF}}},
	{{{3932, -808, -6208},0, {-315, -4826},{0x78, 0x1B, 0x21, 0xFF}}},
	{{{3216, 2008, -17042},0, {462, 717},{0xA3, 0xAA, 0xF3, 0xFF}}},
	{{{3216, 2592, -16502},0, {-1501, 2531},{0xA6, 0xA6, 0x0, 0xFF}}},
	{{{3216, 2592, -17042},0, {-1501, 717},{0xAB, 0xA2, 0xF5, 0xFF}}},
	{{{3216, 2008, -16502},0, {462, 2531},{0xA6, 0xA6, 0x0, 0xFF}}},
	{{{2612, 2008, -14882},0, {382, 1830},{0x5A, 0xA6, 0x0, 0xFF}}},
	{{{2612, 2592, -15422},0, {2345, 16},{0x5A, 0xA6, 0x0, 0xFF}}},
	{{{2612, 2592, -14882},0, {2345, 1830},{0x5A, 0xA6, 0x0, 0xFF}}},
	{{{2612, 2008, -15422},0, {382, 16},{0x5A, 0xA6, 0x0, 0xFF}}},
	{{{2612, 2008, -15962},0, {382, 2298},{0x5A, 0xA6, 0x0, 0xFF}}},
	{{{2612, 2592, -16502},0, {2345, 483},{0x5A, 0xA6, 0x0, 0xFF}}},
	{{{2612, 2592, -15962},0, {2345, 2298},{0x5A, 0xA6, 0x0, 0xFF}}},
	{{{2612, 2008, -16502},0, {382, 483},{0x5A, 0xA6, 0x0, 0xFF}}},
	{{{2437, 2008, -15692},0, {1032, -5085},{0xDA, 0x8D, 0x26, 0xFF}}},
	{{{2437, 2592, -12372},0, {-931, 6071},{0xB7, 0xB7, 0xB7, 0xFF}}},
	{{{2437, 2592, -15692},0, {-931, -5085},{0xB7, 0xB7, 0x49, 0xFF}}},
	{{{2437, 2008, -12372},0, {1032, 6071},{0xB7, 0xB7, 0x49, 0xFF}}},
	{{{3216, 2008, -14882},0, {462, -218},{0xA6, 0xA6, 0x0, 0xFF}}},
	{{{3216, 2592, -14342},0, {-1501, 1597},{0xB7, 0xB7, 0xB7, 0xFF}}},
	{{{3216, 2592, -14882},0, {-1501, -218},{0xA6, 0xA6, 0x0, 0xFF}}},
	{{{3216, 2008, -14342},0, {462, 1597},{0xDA, 0x8D, 0xDA, 0xFF}}},
	{{{1833, 2008, -12372},0, {952, 6071},{0x49, 0xB7, 0x49, 0xFF}}},
	{{{1833, 2592, -15692},0, {2915, -5085},{0x49, 0xB7, 0x49, 0xFF}}},
	{{{1833, 2592, -12372},0, {2915, 6071},{0x49, 0xB7, 0xB7, 0xFF}}},
	{{{1833, 2008, -15692},0, {952, -5085},{0x26, 0x8D, 0x26, 0xFF}}},
	{{{1186, 2120, -18122},0, {760, 3232},{0x6A, 0xDE, 0xC3, 0xFF}}},
	{{{1186, 2592, -19256},0, {2345, -577},{0x49, 0xB7, 0x49, 0xFF}}},
	{{{1186, 2592, -18122},0, {2345, 3232},{0x49, 0xB7, 0xB7, 0xFF}}},
	{{{1186, 2008, -19256},0, {382, -577},{0x26, 0x8D, 0x26, 0xFF}}},
	{{{1186, 2008, -19256},0, {382, -577},{0x26, 0x8D, 0x26, 0xFF}}},
	{{{1186, 2120, -18122},0, {760, 3232},{0x6A, 0xDE, 0xC3, 0xFF}}},
	{{{1186, 2008, -17945},0, {382, 3830},{0xB, 0x83, 0xEF, 0xFF}}},
	{{{3216, 2008, -18122},0, {462, -864},{0xA4, 0xAA, 0xF5, 0xFF}}},
	{{{3216, 2592, -17582},0, {-1501, 951},{0xDA, 0xDA, 0x73, 0xFF}}},
	{{{3216, 2592, -18122},0, {-1501, -864},{0xAB, 0xA3, 0xF6, 0xFF}}},
	{{{3216, 2008, -17582},0, {462, 951},{0xB7, 0xB7, 0x49, 0xFF}}},
	{{{492, 867, -3654},0, {-3330, -1109},{0xDA, 0x73, 0xDA, 0xFF}}},
	{{{-193, -1415, -3654},0, {4340, 1193},{0xDA, 0x26, 0x8D, 0xFF}}},
	{{{-193, 867, -3654},0, {-3330, 1193},{0xB7, 0x49, 0xB7, 0xFF}}},
	{{{492, -66, -3654},0, {-195, -1109},{0xCC, 0xE3, 0x90, 0xFF}}},
	{{{2314, -1064, -12157},0, {874, 6794},{0x49, 0x49, 0xB7, 0xFF}}},
	{{{2314, -899, -15457},0, {1425, -4294},{0x26, 0xDA, 0x8D, 0xFF}}},
	{{{2314, -899, -12157},0, {1425, 6794},{0x49, 0xB7, 0xB7, 0xFF}}},
	{{{2314, -1064, -15457},0, {874, -4294},{0x26, 0x26, 0x8D, 0xFF}}},
	{{{1443, 1858, -15692},0, {-59, -5085},{0xD7, 0x9E, 0xBA, 0xFF}}},
	{{{1596, 2008, -12372},0, {660, 6071},{0x25, 0xA5, 0xB0, 0xFF}}},
	{{{1443, 1858, -12372},0, {-59, 6071},{0xD7, 0x9E, 0x46, 0xFF}}},
	{{{1596, 2008, -15692},0, {660, -5085},{0x17, 0x84, 0xF0, 0xFF}}},
	{{{1169, 72, -11325},0, {-658, 2761},{0xB7, 0x49, 0xB7, 0xFF}}},
	{{{2164, -532, -11325},0, {1372, -583},{0xB7, 0x49, 0xB7, 0xFF}}},
	{{{1169, -532, -11325},0, {1372, 2761},{0x8D, 0x26, 0xDA, 0xFF}}},
	{{{2164, 72, -11325},0, {-658, -583},{0xDA, 0x73, 0xDA, 0xFF}}},
	{{{3160, -974, -6551},0, {808, 2217},{0x4B, 0x47, 0xB6, 0xFF}}},
	{{{3160, 72, -6551},0, {-2706, 2217},{0x26, 0x73, 0xDA, 0xFF}}},
	{{{3932, 72, -6551},0, {-2706, -378},{0x49, 0x49, 0xB7, 0xFF}}},
	{{{3932, -1013, -6551},0, {941, -378},{0x74, 0x26, 0xDC, 0xFF}}},
	{{{4719, -1540, -2907},0, {-1386, -972},{0x49, 0x49, 0xB7, 0xFF}}},
	{{{3932, -2099, -2907},0, {492, 1670},{0x26, 0xDA, 0x8D, 0xFF}}},
	{{{3932, -1540, -2907},0, {-1386, 1670},{0x73, 0x26, 0xDA, 0xFF}}},
	{{{4719, -2768, -2907},0, {2740, -972},{0x49, 0xB7, 0xB7, 0xFF}}},
	{{{2618, -532, -15457},0, {-676, -2109},{0x49, 0x49, 0xB7, 0xFF}}},
	{{{1169, -1415, -15457},0, {2292, 2761},{0xB7, 0xB7, 0xB7, 0xFF}}},
	{{{1169, -532, -15457},0, {-676, 2761},{0xB7, 0x49, 0xB7, 0xFF}}},
	{{{2314, -899, -15457},0, {559, -1085},{0x26, 0xDA, 0x8D, 0xFF}}},
	{{{1169, -1415, -15457},0, {244, 2761},{0xB7, 0xB7, 0xB7, 0xFF}}},
	{{{2314, -899, -15457},0, {-1489, -1085},{0x26, 0xDA, 0x8D, 0xFF}}},
	{{{2314, -1064, -15457},0, {-938, -1085},{0x26, 0x26, 0x8D, 0xFF}}},
	{{{2618, -1415, -15457},0, {244, -2109},{0x49, 0xB7, 0xB7, 0xFF}}},
	{{{3932, 867, -5952},0, {-1282, -4474},{0x49, 0x49, 0xB7, 0xFF}}},
	{{{492, 72, -5952},0, {1390, 7083},{0x8D, 0x26, 0xDA, 0xFF}}},
	{{{492, 867, -5952},0, {-1282, 7083},{0xB7, 0x49, 0xB7, 0xFF}}},
	{{{1169, 72, -5952},0, {1390, 4809},{0x0, 0x5A, 0xA6, 0xFF}}},
	{{{3160, 72, -5952},0, {1390, -1879},{0x0, 0x5A, 0xA6, 0xFF}}},
	{{{3160, -2099, -7219},0, {2540, 2217},{0x26, 0x8D, 0xDA, 0xFF}}},
	{{{3160, -974, -7219},0, {-1240, 2217},{0x74, 0x26, 0xDC, 0xFF}}},
	{{{3932, -2099, -7219},0, {2540, -378},{0x49, 0xB7, 0xB7, 0xFF}}},
	{{{3932, -2099, -7219},0, {2540, -378},{0x49, 0xB7, 0xB7, 0xFF}}},
	{{{3160, -974, -7219},0, {-1240, 2217},{0x74, 0x26, 0xDC, 0xFF}}},
	{{{3932, -1013, -7219},0, {-1107, -378},{0x4B, 0x47, 0xB6, 0xFF}}},
	{{{2314, -899, -12157},0, {559, 963},{0x49, 0xB7, 0xB7, 0xFF}}},
	{{{2618, -1064, -12157},0, {1110, -61},{0x26, 0x26, 0x8D, 0xFF}}},
	{{{2314, -1064, -12157},0, {1110, 963},{0x49, 0x49, 0xB7, 0xFF}}},
	{{{2618, -899, -12157},0, {559, -61},{0xB7, 0xB7, 0xB7, 0xFF}}},
	{{{2618, -1064, -12157},0, {1110, 1987},{0x26, 0x26, 0x8D, 0xFF}}},
	{{{2618, -899, -12157},0, {559, 1987},{0xB7, 0xB7, 0xB7, 0xFF}}},
	{{{2618, -532, -12157},0, {-676, 1987},{0x26, 0x73, 0xDA, 0xFF}}},
	{{{3160, -532, -12157},0, {-676, 169},{0x49, 0x49, 0xB7, 0xFF}}},
	{{{3160, -1415, -12157},0, {2292, 169},{0x49, 0xB7, 0xB7, 0xFF}}},
	{{{2314, -899, -15457},0, {-3, -4294},{0x26, 0xDA, 0x8D, 0xFF}}},
	{{{2618, -899, -12157},0, {1021, 6794},{0xB7, 0xB7, 0xB7, 0xFF}}},
	{{{2314, -899, -12157},0, {-3, 6794},{0x49, 0xB7, 0xB7, 0xFF}}},
	{{{2618, -899, -15457},0, {1021, -4294},{0x49, 0xB7, 0xB7, 0xFF}}},
	{{{2618, -532, -11706},0, {1372, 1987},{0x0, 0x5A, 0xA6, 0xFF}}},
	{{{2164, 72, -11706},0, {-658, 3513},{0xB7, 0x49, 0xB7, 0xFF}}},
	{{{3160, 72, -11706},0, {-658, 169},{0x49, 0x49, 0xB7, 0xFF}}},
	{{{3160, -532, -11706},0, {1372, 169},{0x73, 0x26, 0xDA, 0xFF}}},
	{{{3932, 1649, -2341},0, {-1860, 1670},{0xB7, 0x49, 0xB7, 0xFF}}},
	{{{4719, 867, -2341},0, {766, -972},{0x5A, 0x0, 0xA6, 0xFF}}},
	{{{3932, 867, -2341},0, {766, 1670},{0x0, 0x5A, 0xA6, 0xFF}}},
	{{{4719, 1649, -2341},0, {-1860, -972},{0x49, 0x49, 0xB7, 0xFF}}},
	{{{1443, 1858, -15692},0, {-513, -5085},{0xD7, 0x9E, 0xBA, 0xFF}}},
	{{{1443, 2008, -12372},0, {-1016, 6071},{0xDA, 0xDA, 0x73, 0xFF}}},
	{{{1443, 2008, -15692},0, {-1016, -5085},{0xDA, 0x8D, 0xDA, 0xFF}}},
	{{{1443, 1858, -12372},0, {-513, 6071},{0xD7, 0x9E, 0x46, 0xFF}}},
	{{{2618, -1064, -15457},0, {963, -4294},{0x49, 0x49, 0xB7, 0xFF}}},
	{{{2314, -1064, -12157},0, {1987, 6794},{0x49, 0x49, 0xB7, 0xFF}}},
	{{{2618, -1064, -12157},0, {963, 6794},{0x26, 0x26, 0x8D, 0xFF}}},
	{{{2314, -1064, -15457},0, {1987, -4294},{0x26, 0x26, 0x8D, 0xFF}}},
	{{{-193, -1415, -3654},0, {-1804, -855},{0xDA, 0x26, 0x8D, 0xFF}}},
	{{{-494, -2099, -3654},0, {492, 155},{0x21, 0xE5, 0x88, 0xFF}}},
	{{{-794, -1415, -3654},0, {-1804, 1165},{0xB7, 0x49, 0xB7, 0xFF}}},
	{{{-494, -2768, -3654},0, {2740, 155},{0x2B, 0x1A, 0x8B, 0xFF}}},
	{{{-494, -2099, -3654},0, {492, 2203},{0x21, 0xE5, 0x88, 0xFF}}},
	{{{-193, -1415, -3654},0, {-1804, 1193},{0xDA, 0x26, 0x8D, 0xFF}}},
	{{{-193, -2099, -3654},0, {492, 1193},{0x0, 0xA6, 0xA6, 0xFF}}},
	{{{492, -2099, -3654},0, {492, -1109},{0xDA, 0x8D, 0xDA, 0xFF}}},
	{{{492, -1415, -3654},0, {-1804, -1109},{0xA6, 0x0, 0xA6, 0xFF}}},
	{{{8579, 59, -8262},0, {-3979, 7334},{0x73, 0x26, 0xDA, 0xFF}}},
	{{{11331, -3207, -8262},0, {5267, -3639},{0x49, 0xB7, 0xB7, 0xFF}}},
	{{{8579, -3207, -8262},0, {-3979, -3639},{0x73, 0xDA, 0xDA, 0xFF}}},
	{{{11331, 59, -8262},0, {5267, 7334},{0x49, 0x49, 0xB7, 0xFF}}},
	{{{3366, 14988, -3027},0, {2864, 2153},{0x5D, 0xAD, 0xE7, 0xFF}}},
	{{{3303, 16692, -3132},0, {-2863, 1743},{0x0, 0x47, 0x96, 0xFF}}},
	{{{3366, 16692, -3027},0, {-2863, 2153},{0x5D, 0x53, 0xE7, 0xFF}}},
	{{{3303, 16692, -3132},0, {-2863, 1743},{0x0, 0x47, 0x96, 0xFF}}},
	{{{3366, 14988, -3027},0, {2864, 2153},{0x5D, 0xAD, 0xE7, 0xFF}}},
	{{{3303, 14988, -3132},0, {2864, 1743},{0x0, 0xB9, 0x96, 0xFF}}},
	{{{2418, 14988, -1647},0, {2864, 407},{0x5D, 0xAD, 0xE7, 0xFF}}},
	{{{2356, 16692, -1751},0, {-2863, -3},{0x0, 0x47, 0x96, 0xFF}}},
	{{{2418, 16692, -1647},0, {-2863, 407},{0x5D, 0x53, 0xE7, 0xFF}}},
	{{{2356, 14988, -1751},0, {2864, -3},{0x0, 0xB9, 0x96, 0xFF}}},
	{{{2356, 14988, -1751},0, {-2928, 75},{0x0, 0xB9, 0x96, 0xFF}}},
	{{{2293, 16692, -1647},0, {2799, 485},{0xA3, 0x53, 0xE6, 0xFF}}},
	{{{2356, 16692, -1751},0, {2799, 75},{0x0, 0x47, 0x96, 0xFF}}},
	{{{2293, 14988, -1647},0, {-2928, 485},{0xA3, 0xAD, 0xE6, 0xFF}}},
	{{{3303, 14988, -3132},0, {-2928, 605},{0x0, 0xB9, 0x96, 0xFF}}},
	{{{3241, 16692, -3027},0, {2799, 1015},{0xA3, 0x53, 0xE7, 0xFF}}},
	{{{3303, 16692, -3132},0, {2799, 605},{0x0, 0x47, 0x96, 0xFF}}},
	{{{3241, 14988, -3027},0, {-2928, 1015},{0xA3, 0xAD, 0xE7, 0xFF}}},
	{{{-5863, 14308, 616},0, {2798, 8101},{0x0, 0x0, 0x81, 0xFF}}},
	{{{-6564, 10066, 616},0, {444, -6151},{0xB7, 0xB7, 0xB7, 0xFF}}},
	{{{-6564, 13439, 616},0, {444, 5183},{0xA6, 0x0, 0xA6, 0xFF}}},
	{{{-5884, 13195, 616},0, {2727, 4362},{0x26, 0xDA, 0x8D, 0xFF}}},
	{{{-5884, 12558, 616},0, {2727, 2221},{0x26, 0x26, 0x8D, 0xFF}}},
	{{{-5884, 13195, 616},0, {-5465, -1782},{0x26, 0xDA, 0x8D, 0xFF}}},
	{{{-5863, 14308, 616},0, {-5394, 1957},{0x0, 0x0, 0x81, 0xFF}}},
	{{{-2251, 13195, 616},0, {6743, -1782},{0xDA, 0xDA, 0x8D, 0xFF}}},
	{{{-3688, 13793, 616},0, {1915, 228},{0x0, 0x0, 0x81, 0xFF}}},
	{{{-815, 10066, 616},0, {3372, -6151},{0x49, 0xB7, 0xB7, 0xFF}}},
	{{{-2251, 12558, 616},0, {-1449, 2221},{0xDA, 0x26, 0x8D, 0xFF}}},
	{{{-1694, 13429, 616},0, {422, 5149},{0x0, 0x0, 0x81, 0xFF}}},
	{{{-815, 12527, 616},0, {3372, 2117},{0x5A, 0x0, 0xA6, 0xFF}}},
	{{{4393, -113, -3020},0, {389, 71},{0x0, 0x0, 0x81, 0xFF}}},
	{{{4186, -52, -2907},0, {-304, 504},{0x0, 0x6D, 0x41, 0xFF}}},
	{{{4393, -52, -2907},0, {389, 504},{0x0, 0x41, 0x93, 0xFF}}},
	{{{4186, -52, -2907},0, {-304, 504},{0x0, 0x6D, 0x41, 0xFF}}},
	{{{4393, -113, -3020},0, {389, 71},{0x0, 0x0, 0x81, 0xFF}}},
	{{{4186, -113, -3020},0, {-304, 71},{0x0, 0x0, 0x81, 0xFF}}},
	{{{4186, -113, -3020},0, {2288, 431},{0x0, 0x0, 0x81, 0xFF}}},
	{{{4392, -174, -2907},0, {1598, 865},{0x0, 0xBF, 0x93, 0xFF}}},
	{{{4185, -174, -2907},0, {2292, 865},{0x0, 0x93, 0x41, 0xFF}}},
	{{{4393, -113, -3020},0, {1595, 431},{0x0, 0x0, 0x81, 0xFF}}},
	{{{-5542, -10148, 4672},0, {1035, 2408},{0xC3, 0xB4, 0xAE, 0xFF}}},
	{{{-6137, -10753, 4672},0, {-965, 376},{0x22, 0xE3, 0x89, 0xFF}}},
	{{{-6137, -10148, 4672},0, {-965, 2408},{0x3D, 0xB4, 0xAE, 0xFF}}},
	{{{-5542, -10753, 4672},0, {1035, 376},{0xAB, 0xB8, 0x3E, 0xFF}}},
	{{{-6732, -10148, 4672},0, {1132, 2408},{0xC3, 0xB4, 0xAE, 0xFF}}},
	{{{-7327, -10753, 4672},0, {-868, 376},{0x20, 0xE6, 0x88, 0xFF}}},
	{{{-7327, -10148, 4672},0, {-868, 2408},{0x37, 0xB3, 0xAB, 0xFF}}},
	{{{-6732, -10753, 4672},0, {1132, 376},{0xAB, 0xB8, 0x3E, 0xFF}}},
	{{{-8931, -10753, 5307},0, {2095, 695},{0x0, 0x8B, 0x32, 0xFF}}},
	{{{-8641, -10415, 4952},0, {1121, -950},{0x0, 0xA4, 0xA8, 0xFF}}},
	{{{-8169, -10753, 5307},0, {-464, 695},{0xF0, 0x84, 0xE9, 0xFF}}},
	{{{-8518, -10450, 4989},0, {710, -780},{0x0, 0xA4, 0xA8, 0xFF}}},
	{{{-8396, -10415, 4952},0, {299, -950},{0x0, 0xA4, 0xA8, 0xFF}}},
	{{{-8169, -10148, 4672},0, {-464, -2251},{0xBC, 0xA2, 0xCC, 0xFF}}},
	{{{-8641, -10415, 4952},0, {-927, 1098},{0x0, 0xA4, 0xA8, 0xFF}}},
	{{{-8931, -10148, 4672},0, {47, -203},{0x0, 0x8A, 0xD1, 0xFF}}},
	{{{-8691, -10331, 4864},0, {-756, 687},{0x0, 0xA4, 0xA8, 0xFF}}},
	{{{-8641, -10247, 4775},0, {-927, 276},{0x0, 0xA4, 0xA8, 0xFF}}},
	{{{-8518, -10212, 4739},0, {-1338, 106},{0x0, 0xA4, 0xA8, 0xFF}}},
	{{{-8169, -10148, 4672},0, {-464, -203},{0xBC, 0xA2, 0xCC, 0xFF}}},
	{{{-8396, -10415, 4952},0, {299, 1098},{0x0, 0xA4, 0xA8, 0xFF}}},
	{{{-8345, -10331, 4864},0, {129, 687},{0x0, 0xA4, 0xA8, 0xFF}}},
	{{{-8396, -10247, 4775},0, {299, 276},{0x0, 0xA4, 0xA8, 0xFF}}},
	{{{-8518, -10212, 4739},0, {710, 106},{0x0, 0xA4, 0xA8, 0xFF}}},
	{{{-8169, -10148, 4672},0, {-464, -203},{0xBC, 0xA2, 0xCC, 0xFF}}},
	{{{-8518, -10212, 4739},0, {710, 106},{0x0, 0xA4, 0xA8, 0xFF}}},
	{{{-8931, -10148, 4672},0, {2095, -203},{0x0, 0x8A, 0xD1, 0xFF}}},
	{{{-4946, -8750, 5824},0, {997, -1881},{0x49, 0xB7, 0x49, 0xFF}}},
	{{{-4285, -8750, 6844},0, {-1224, 1549},{0x1E, 0x88, 0xE2, 0xFF}}},
	{{{-4946, -8750, 6844},0, {997, 1549},{0x55, 0xAB, 0xD6, 0xFF}}},
	{{{-4285, -8750, 5824},0, {-1224, -1881},{0x73, 0xDA, 0x26, 0xFF}}},
	{{{-4285, -9543, 4672},0, {1160, 2392},{0x49, 0xB7, 0x49, 0xFF}}},
	{{{-4946, -10148, 4672},0, {-1061, 360},{0x52, 0xF8, 0x9F, 0xFF}}},
	{{{-4946, -9543, 4672},0, {-1061, 2392},{0x49, 0xB7, 0xB7, 0xFF}}},
	{{{-4946, -10753, 4672},0, {-1061, -1672},{0x55, 0xB8, 0x3E, 0xFF}}},
	{{{-4285, -10753, 4672},0, {1160, -1672},{0x49, 0xB7, 0xB7, 0xFF}}},
	{{{-4946, -8750, 6925},0, {997, -2278},{0x55, 0xAB, 0x2A, 0xFF}}},
	{{{-4285, -8750, 7941},0, {-1224, 1138},{0x26, 0x8D, 0xDA, 0xFF}}},
	{{{-4946, -8750, 7941},0, {997, 1138},{0x49, 0xB7, 0xB7, 0xFF}}},
	{{{-4285, -8750, 6925},0, {-1224, -2278},{0x5A, 0x0, 0x5A, 0xFF}}},
	{{{-9529, -9627, 4672},0, {-74, 62},{0xDA, 0x26, 0x8D, 0xFF}}},
	{{{-9692, -8939, 4672},0, {-621, 2373},{0xDA, 0x8D, 0xDA, 0xFF}}},
	{{{-8860, -8939, 4672},0, {2174, 2373},{0xB7, 0xB7, 0xB7, 0xFF}}},
	{{{-8860, -9627, 4672},0, {2174, 62},{0xB7, 0x49, 0xB7, 0xFF}}},
	{{{-9571, -10494, 5035},0, {150, -568},{0x0, 0xA4, 0xA8, 0xFF}}},
	{{{-9339, -10494, 5035},0, {-630, -568},{0x0, 0xA4, 0xA8, 0xFF}}},
	{{{-9455, -10527, 5070},0, {-240, -406},{0x0, 0xA4, 0xA8, 0xFF}}},
	{{{-9619, -10414, 4951},0, {312, -958},{0x0, 0xA4, 0xA8, 0xFF}}},
	{{{-9290, -10414, 4951},0, {-792, -958},{0x0, 0xA4, 0xA8, 0xFF}}},
	{{{-9290, -10414, 4951},0, {-792, 1090},{0x0, 0xA4, 0xA8, 0xFF}}},
	{{{-9619, -10414, 4951},0, {312, 1090},{0x0, 0xA4, 0xA8, 0xFF}}},
	{{{-9571, -10334, 4866},0, {150, 699},{0x0, 0xA4, 0xA8, 0xFF}}},
	{{{-9339, -10334, 4866},0, {-630, 699},{0x0, 0xA4, 0xA8, 0xFF}}},
	{{{-9455, -10300, 4832},0, {-240, 538},{0x0, 0xA4, 0xA8, 0xFF}}},
	{{{-9631, -10269, 4799},0, {352, 385},{0x0, 0xA4, 0xA8, 0xFF}}},
	{{{-9541, -10269, 4799},0, {51, 385},{0xFF, 0xA7, 0xA5, 0xFF}}},
	{{{-9586, -10282, 4812},0, {202, 448},{0x0, 0xA5, 0xA7, 0xFF}}},
	{{{-9650, -10238, 4766},0, {415, 234},{0x0, 0xA4, 0xA8, 0xFF}}},
	{{{-9523, -10238, 4766},0, {-12, 234},{0x0, 0xA4, 0xA8, 0xFF}}},
	{{{-9631, -10207, 4734},0, {352, 83},{0x0, 0xA4, 0xA8, 0xFF}}},
	{{{-9541, -10207, 4734},0, {51, 83},{0x0, 0xA4, 0xA8, 0xFF}}},
	{{{-9586, -10194, 4720},0, {202, 21},{0x0, 0xA3, 0xA9, 0xFF}}},
	{{{-4946, -8750, 8021},0, {1736, -2855},{0x49, 0xB7, 0x49, 0xFF}}},
	{{{-4285, -8750, 10278},0, {-485, 4729},{0x73, 0xDA, 0xDA, 0xFF}}},
	{{{-4946, -8750, 10278},0, {1736, 4729},{0x49, 0xB7, 0xB7, 0xFF}}},
	{{{-4285, -8750, 8021},0, {-485, -2855},{0x26, 0xDA, 0x73, 0xFF}}},
	{{{-9753, -8098, 4672},0, {-827, -943},{0x8D, 0x26, 0xDA, 0xFF}}},
	{{{-9692, -6872, 4672},0, {-621, 3176},{0x0, 0x5A, 0xA6, 0xFF}}},
	{{{-8860, -8098, 4672},0, {2174, -943},{0xB7, 0x49, 0xB7, 0xFF}}},
	{{{-8860, -6872, 4672},0, {2174, 3176},{0xB7, 0xB7, 0xB7, 0xFF}}},
	{{{-4285, -9338, 8021},0, {1899, -2855},{0x73, 0x26, 0x26, 0xFF}}},
	{{{-4946, -9338, 10278},0, {-322, 4729},{0x49, 0x49, 0xB7, 0xFF}}},
	{{{-4285, -9338, 10278},0, {1899, 4729},{0x73, 0x26, 0xDA, 0xFF}}},
	{{{-4946, -9338, 8021},0, {-322, -2855},{0x49, 0x49, 0x49, 0xFF}}},
	{{{-9258, -10684, 5234},0, {1148, 358},{0x0, 0xA4, 0xA8, 0xFF}}},
	{{{-9024, -10684, 5234},0, {359, 358},{0x0, 0xA4, 0xA8, 0xFF}}},
	{{{-9141, -10717, 5269},0, {754, 521},{0x0, 0xA3, 0xA9, 0xFF}}},
	{{{-9307, -10603, 5149},0, {1311, -36},{0x0, 0xA4, 0xA8, 0xFF}}},
	{{{-8975, -10603, 5149},0, {196, -36},{0x0, 0xA4, 0xA8, 0xFF}}},
	{{{-9258, -10522, 5064},0, {1148, -430},{0x0, 0xA4, 0xA8, 0xFF}}},
	{{{-9024, -10522, 5064},0, {359, -430},{0x0, 0xA4, 0xA8, 0xFF}}},
	{{{-9141, -10489, 5029},0, {754, -593},{0x0, 0xA4, 0xA8, 0xFF}}},
	{{{-8772, 5021, 4712},0, {2469, 122},{0xB7, 0x49, 0x49, 0xFF}}},
	{{{-9551, 4917, 4712},0, {-147, -227},{0x5A, 0x0, 0xA6, 0xFF}}},
	{{{-9551, 5021, 4712},0, {-147, 122},{0x26, 0x73, 0xDA, 0xFF}}},
	{{{-8772, 4917, 4712},0, {2469, -227},{0xA6, 0x0, 0xA6, 0xFF}}},
	{{{-4285, 3244, 6847},0, {1160, -4585},{0x73, 0x26, 0x26, 0xFF}}},
	{{{-4596, 3244, 9010},0, {115, 2681},{0x49, 0x49, 0xB7, 0xFF}}},
	{{{-4285, 3244, 9010},0, {1160, 2681},{0x73, 0x26, 0xDA, 0xFF}}},
	{{{-4596, 3244, 6847},0, {115, -4585},{0x49, 0x49, 0x49, 0xFF}}},
	{{{-4090, 2277, 7582},0, {-50, -478},{0x49, 0x0, 0x98, 0xFF}}},
	{{{-4090, 2277, 8301},0, {-50, 1938},{0x49, 0x0, 0x68, 0xFF}}},
	{{{-4090, 1917, 7941},0, {1158, 730},{0x49, 0x98, 0x0, 0xFF}}},
	{{{-4090, 2152, 7707},0, {369, -59},{0x81, 0x0, 0x0, 0xFF}}},
	{{{-4090, 2034, 7824},0, {763, 335},{0x7F, 0x0, 0x0, 0xFF}}},
	{{{-4596, 3244, 9010},0, {2712, 2681},{0x49, 0x49, 0xB7, 0xFF}}},
	{{{-4596, 3831, 6847},0, {738, -4585},{0x49, 0xB7, 0x49, 0xFF}}},
	{{{-4596, 3831, 9010},0, {738, 2681},{0x49, 0xB7, 0xB7, 0xFF}}},
	{{{-4596, 3244, 6847},0, {2712, -4585},{0x49, 0x49, 0x49, 0xFF}}},
	{{{-4285, -9338, 8021},0, {-485, 872},{0x73, 0x26, 0x26, 0xFF}}},
	{{{-4946, -8750, 8021},0, {1736, 2845},{0x49, 0xB7, 0x49, 0xFF}}},
	{{{-4946, -9338, 8021},0, {1736, 872},{0x49, 0x49, 0x49, 0xFF}}},
	{{{-4946, -8750, 8021},0, {1736, 2845},{0x49, 0xB7, 0x49, 0xFF}}},
	{{{-4285, -9338, 8021},0, {-485, 872},{0x73, 0x26, 0x26, 0xFF}}},
	{{{-4285, -8750, 8021},0, {-485, 2845},{0x26, 0xDA, 0x73, 0xFF}}},
	{{{-4285, -9543, 5824},0, {1160, 2392},{0x73, 0xDA, 0xDA, 0xFF}}},
	{{{-4946, -10753, 5824},0, {-1061, -1672},{0x26, 0x8D, 0xDA, 0xFF}}},
	{{{-4946, -9543, 5824},0, {-1061, 2392},{0x49, 0xB7, 0xB7, 0xFF}}},
	{{{-4285, -10753, 5824},0, {1160, -1672},{0x49, 0xB7, 0xB7, 0xFF}}},
	{{{-4946, -9338, 7941},0, {1973, 1138},{0x49, 0x49, 0xB7, 0xFF}}},
	{{{-4946, -8750, 6925},0, {-1, -2278},{0x55, 0xAB, 0x2A, 0xFF}}},
	{{{-4946, -8750, 7941},0, {-1, 1138},{0x49, 0xB7, 0xB7, 0xFF}}},
	{{{-4946, -9338, 6925},0, {1973, -2278},{0x55, 0x55, 0x2A, 0xFF}}},
	{{{-4285, -6001, 7941},0, {1160, 2005},{0x51, 0x3E, 0xB5, 0xFF}}},
	{{{-4946, -6410, 7941},0, {-1061, 631},{0x5A, 0x0, 0xA6, 0xFF}}},
	{{{-4946, -5821, 7941},0, {-1061, 2610},{0x76, 0x23, 0xE2, 0xFF}}},
	{{{-4285, -6410, 7941},0, {1160, 631},{0x5A, 0x0, 0xA6, 0xFF}}},
	{{{-4285, 1917, 7941},0, {956, -1741},{0x73, 0xCA, 0x0, 0xFF}}},
	{{{-4090, 2277, 8301},0, {300, -33},{0x49, 0x0, 0x68, 0xFF}}},
	{{{-4285, 2277, 8301},0, {956, -33},{0x73, 0x0, 0x36, 0xFF}}},
	{{{-4090, 1917, 7941},0, {300, -1741},{0x49, 0x98, 0x0, 0xFF}}},
	{{{-4285, 3244, 6847},0, {-1224, -1752},{0x73, 0x26, 0x26, 0xFF}}},
	{{{-4596, 3831, 6847},0, {-179, 222},{0x49, 0xB7, 0x49, 0xFF}}},
	{{{-4596, 3244, 6847},0, {-179, -1752},{0x49, 0x49, 0x49, 0xFF}}},
	{{{-4285, 3831, 6847},0, {-1224, 222},{0x73, 0xDA, 0x26, 0xFF}}},
	{{{-4090, 2636, 7941},0, {-100, 300},{0x49, 0x68, 0x0, 0xFF}}},
	{{{-4285, 2277, 8301},0, {-756, 2009},{0x73, 0x0, 0x36, 0xFF}}},
	{{{-4090, 2277, 8301},0, {-100, 2009},{0x49, 0x0, 0x68, 0xFF}}},
	{{{-4285, 2636, 7941},0, {-756, 300},{0x73, 0x36, 0x0, 0xFF}}},
	{{{-8772, 4917, 4712},0, {2469, 1821},{0xA6, 0x0, 0xA6, 0xFF}}},
	{{{-9551, 4009, 4712},0, {-147, -1230},{0x49, 0x49, 0xB7, 0xFF}}},
	{{{-9551, 4917, 4712},0, {-147, 1821},{0x5A, 0x0, 0xA6, 0xFF}}},
	{{{-8772, 4009, 4712},0, {2469, -1230},{0xB7, 0x49, 0xB7, 0xFF}}},
	{{{-4285, -9338, 6925},0, {1160, -2278},{0x66, 0x44, 0x22, 0xFF}}},
	{{{-4946, -9338, 7941},0, {-1061, 1138},{0x49, 0x49, 0xB7, 0xFF}}},
	{{{-4285, -9338, 7941},0, {1160, 1138},{0x73, 0x26, 0xDA, 0xFF}}},
	{{{-4946, -9338, 6925},0, {-1061, -2278},{0x55, 0x55, 0x2A, 0xFF}}},
	{{{-4285, -9338, 5824},0, {1160, -1881},{0x73, 0x26, 0x26, 0xFF}}},
	{{{-4946, -9338, 6844},0, {-1061, 1549},{0x55, 0x55, 0xD6, 0xFF}}},
	{{{-4285, -9338, 6844},0, {1160, 1549},{0x66, 0x44, 0xDE, 0xFF}}},
	{{{-4946, -9338, 5824},0, {-1061, -1881},{0x49, 0x49, 0x49, 0xFF}}},
	{{{-4596, 3831, 6847},0, {-179, -4585},{0x49, 0xB7, 0x49, 0xFF}}},
	{{{-4285, 3831, 9010},0, {-1224, 2681},{0x73, 0xDA, 0xDA, 0xFF}}},
	{{{-4596, 3831, 9010},0, {-179, 2681},{0x49, 0xB7, 0xB7, 0xFF}}},
	{{{-4285, 3831, 7289},0, {-1224, -3103},{0x2D, 0x8C, 0x1C, 0xFF}}},
	{{{-4285, 3831, 7289},0, {-1224, 993},{0x2D, 0x8C, 0x1C, 0xFF}}},
	{{{-4596, 3831, 6847},0, {-179, -489},{0x49, 0xB7, 0x49, 0xFF}}},
	{{{-4285, 3831, 7147},0, {-1224, 516},{0x5A, 0xA6, 0x0, 0xFF}}},
	{{{-4285, 3831, 6847},0, {-1224, -489},{0x73, 0xDA, 0x26, 0xFF}}},
	{{{-4946, -9338, 6844},0, {1973, 1549},{0x55, 0x55, 0xD6, 0xFF}}},
	{{{-4946, -8750, 5824},0, {-1, -1881},{0x49, 0xB7, 0x49, 0xFF}}},
	{{{-4946, -8750, 6844},0, {-1, 1549},{0x55, 0xAB, 0xD6, 0xFF}}},
	{{{-4946, -9338, 5824},0, {1973, -1881},{0x49, 0x49, 0x49, 0xFF}}},
	{{{-4946, -9338, 10278},0, {2712, 4729},{0x49, 0x49, 0xB7, 0xFF}}},
	{{{-4946, -8750, 8021},0, {738, -2855},{0x49, 0xB7, 0x49, 0xFF}}},
	{{{-4946, -8750, 10278},0, {738, 4729},{0x49, 0xB7, 0xB7, 0xFF}}},
	{{{-4946, -9338, 8021},0, {2712, -2855},{0x49, 0x49, 0x49, 0xFF}}},
	{{{-3895, 171, 7941},0, {2472, 2262},{0x49, 0x49, 0xB7, 0xFF}}},
	{{{-4285, -1391, 7941},0, {1160, -2986},{0x26, 0xDA, 0x8D, 0xFF}}},
	{{{-4285, 171, 7941},0, {1160, 2262},{0x73, 0x26, 0xDA, 0xFF}}},
	{{{-3895, -1391, 7941},0, {2472, -2986},{0x5A, 0x0, 0xA6, 0xFF}}},
	{{{-4946, -9338, 6883},0, {1973, -371},{0x55, 0x55, 0xD6, 0xFF}}},
	{{{-4946, -8750, 6844},0, {-1, -499},{0x55, 0xAB, 0xD6, 0xFF}}},
	{{{-4946, -8750, 6883},0, {-1, -371},{0x55, 0xAB, 0xD6, 0xFF}}},
	{{{-4946, -9338, 6844},0, {1973, -499},{0x55, 0x55, 0xD6, 0xFF}}},
	{{{-4090, 1378, 7941},0, {1816, -971},{0x49, 0x68, 0x0, 0xFF}}},
	{{{-4285, 1018, 8301},0, {1160, 737},{0x73, 0x0, 0x36, 0xFF}}},
	{{{-4090, 1018, 8301},0, {1816, 737},{0x49, 0x0, 0x68, 0xFF}}},
	{{{-4285, 1378, 7941},0, {1160, -971},{0x73, 0x36, 0x0, 0xFF}}},
	{{{-4285, 658, 7941},0, {824, -800},{0x73, 0xCA, 0x0, 0xFF}}},
	{{{-4090, 1018, 8301},0, {168, 908},{0x49, 0x0, 0x68, 0xFF}}},
	{{{-4285, 1018, 8301},0, {824, 908},{0x73, 0x0, 0x36, 0xFF}}},
	{{{-4090, 658, 7941},0, {168, -800},{0x49, 0x98, 0x0, 0xFF}}},
	{{{-4285, 893, 7707},0, {824, -379},{0x5A, 0xC0, 0xC0, 0xFF}}},
	{{{-4090, 776, 7824},0, {168, 179},{0xA6, 0xC1, 0xC0, 0xFF}}},
	{{{-4285, 776, 7824},0, {824, 179},{0x5A, 0xC1, 0xC0, 0xFF}}},
	{{{-4090, 893, 7707},0, {168, -379},{0xA6, 0xC1, 0xC1, 0xFF}}},
	{{{-4090, 1018, 7582},0, {-50, -70},{0x49, 0x0, 0x98, 0xFF}}},
	{{{-4090, 658, 7941},0, {1158, 1138},{0x49, 0x98, 0x0, 0xFF}}},
	{{{-4090, 893, 7707},0, {369, 349},{0xA6, 0xC1, 0xC1, 0xFF}}},
	{{{-4090, 776, 7824},0, {763, 743},{0xA6, 0xC1, 0xC0, 0xFF}}},
	{{{-3372, -1386, 10189},0, {131, 3173},{0x49, 0x49, 0xB7, 0xFF}}},
	{{{-3748, -3216, 10189},0, {-1130, -2976},{0xB7, 0xB7, 0xB7, 0xFF}}},
	{{{-3748, -1386, 10189},0, {-1130, 3173},{0xB7, 0x49, 0xB7, 0xFF}}},
	{{{-3372, -2812, 10189},0, {131, -1616},{0x26, 0x26, 0x8D, 0xFF}}},
	{{{-3895, -2151, 7941},0, {2472, 4699},{0x5A, 0x0, 0xA6, 0xFF}}},
	{{{-4285, -3762, 7941},0, {1160, -714},{0x73, 0xDA, 0xDA, 0xFF}}},
	{{{-4285, -2151, 7941},0, {1160, 4699},{0x26, 0x26, 0x8D, 0xFF}}},
	{{{-3895, -3762, 7941},0, {2472, -714},{0x49, 0xB7, 0xB7, 0xFF}}},
	{{{-3372, -713, 10458},0, {927, 2693},{0x0, 0x0, 0x81, 0xFF}}},
	{{{-3748, -1386, 10458},0, {-334, 432},{0xB7, 0x49, 0x49, 0xFF}}},
	{{{-3748, -713, 10458},0, {-334, 2693},{0x0, 0x0, 0x81, 0xFF}}},
	{{{-3372, -1386, 10458},0, {927, 432},{0x26, 0x26, 0x8D, 0xFF}}},
	{{{-2002, 11930, 10458},0, {5832, 3580},{0x0, 0x0, 0x81, 0xFF}}},
	{{{-5012, 9032, 10458},0, {-2389, -4334},{0x0, 0x0, 0x81, 0xFF}}},
	{{{-5012, 11930, 10458},0, {-2389, 3580},{0x0, 0x0, 0x81, 0xFF}}},
	{{{-2002, 9032, 10458},0, {5832, -4334},{0x0, 0x0, 0x81, 0xFF}}},
	{{{1186, 2592, -19256},0, {-2315, -577},{0x49, 0xB7, 0x49, 0xFF}}},
	{{{2512, 2592, -18122},0, {2141, 3232},{0x23, 0x95, 0xC4, 0xFF}}},
	{{{1186, 2592, -18122},0, {-2315, 3232},{0x49, 0xB7, 0xB7, 0xFF}}},
	{{{2456, 2592, -18821},0, {1951, 887},{0xDA, 0x8D, 0x26, 0xFF}}},
	{{{1916, 2592, -19256},0, {140, -577},{0x26, 0x8D, 0x26, 0xFF}}},
	{{{2456, 2592, -18821},0, {-97, 2935},{0xDA, 0x8D, 0x26, 0xFF}}},
	{{{1916, 2592, -19256},0, {-1908, 1471},{0x26, 0x8D, 0x26, 0xFF}}},
	{{{2456, 2592, -20131},0, {-97, -1467},{0xB7, 0xB7, 0x49, 0xFF}}},
	{{{1916, 2592, -20131},0, {-1908, -1467},{0x49, 0xB7, 0x49, 0xFF}}},
	{{{2512, 2592, -18122},0, {93, 1184},{0x23, 0x95, 0xC4, 0xFF}}},
	{{{2612, 2592, -18821},0, {429, -1161},{0x26, 0x8D, 0x26, 0xFF}}},
	{{{2612, 2592, -17945},0, {429, 1782},{0x4F, 0x9E, 0xEC, 0xFF}}},
	{{{2456, 2592, -18821},0, {-97, -1161},{0xDA, 0x8D, 0x26, 0xFF}}},
	{{{1916, 2008, -19256},0, {382, 347},{0x49, 0xB7, 0x49, 0xFF}}},
	{{{1186, 2592, -19256},0, {2345, 2802},{0x49, 0xB7, 0x49, 0xFF}}},
	{{{1186, 2008, -19256},0, {382, 2802},{0x26, 0x8D, 0x26, 0xFF}}},
	{{{1186, 2592, -19256},0, {2345, 2802},{0x49, 0xB7, 0x49, 0xFF}}},
	{{{1916, 2008, -19256},0, {382, 347},{0x49, 0xB7, 0x49, 0xFF}}},
	{{{1916, 2592, -19256},0, {2345, 347},{0x26, 0x8D, 0x26, 0xFF}}},
	{{{3516, 2008, -19256},0, {382, -931},{0xDC, 0x89, 0x1B, 0xFF}}},
	{{{2612, 2592, -19256},0, {2345, 2106},{0x49, 0xB7, 0x49, 0xFF}}},
	{{{2612, 2008, -19256},0, {382, 2106},{0x26, 0x8D, 0x26, 0xFF}}},
	{{{3516, 2592, -19256},0, {2345, -931},{0xAC, 0xB8, 0x3F, 0xFF}}},
	{{{2456, 2008, -20131},0, {382, 584},{0xDA, 0x8D, 0x26, 0xFF}}},
	{{{1916, 2592, -20131},0, {2345, 2395},{0x49, 0xB7, 0x49, 0xFF}}},
	{{{1916, 2008, -20131},0, {382, 2395},{0x26, 0x8D, 0x26, 0xFF}}},
	{{{2456, 2592, -20131},0, {2345, 584},{0xB7, 0xB7, 0x49, 0xFF}}},
	{{{3216, 2592, -17582},0, {411, 951},{0xDA, 0xDA, 0x73, 0xFF}}},
	{{{2612, 2592, -17945},0, {-1619, -266},{0x4F, 0x9E, 0xEC, 0xFF}}},
	{{{3216, 2592, -18122},0, {411, -864},{0xAB, 0xA3, 0xF6, 0xFF}}},
	{{{2612, 2592, -17582},0, {-1619, 951},{0x5A, 0xA6, 0x0, 0xFF}}},
	{{{3370, 2592, -17582},0, {928, 951},{0xAC, 0xB8, 0x3F, 0xFF}}},
	{{{3216, 2592, -17042},0, {411, 2765},{0xAB, 0xA2, 0xF5, 0xFF}}},
	{{{2612, 2592, -17582},0, {-1619, 951},{0x5A, 0xA6, 0x0, 0xFF}}},
	{{{3370, 2592, -17582},0, {928, 951},{0xAC, 0xB8, 0x3F, 0xFF}}},
	{{{2612, 2592, -17042},0, {-1619, 2765},{0x5A, 0xA6, 0x0, 0xFF}}},
	{{{3216, 2592, -18122},0, {411, 1184},{0xAB, 0xA3, 0xF6, 0xFF}}},
	{{{2612, 2592, -17945},0, {-1619, 1782},{0x4F, 0x9E, 0xEC, 0xFF}}},
	{{{2612, 2592, -18821},0, {-1619, -1161},{0x26, 0x8D, 0x26, 0xFF}}},
	{{{3376, 2592, -18759},0, {947, -955},{0xA9, 0xA6, 0xE9, 0xFF}}},
	{{{3376, 2592, -18759},0, {947, 1093},{0xA9, 0xA6, 0xE9, 0xFF}}},
	{{{2612, 2592, -18821},0, {-1619, 887},{0x26, 0x8D, 0x26, 0xFF}}},
	{{{3516, 2592, -19256},0, {1419, -577},{0xAC, 0xB8, 0x3F, 0xFF}}},
	{{{2612, 2592, -19256},0, {-1619, -577},{0x49, 0xB7, 0x49, 0xFF}}},
	{{{2612, 2592, -14882},0, {-1619, -218},{0x5A, 0xA6, 0x0, 0xFF}}},
	{{{3216, 2592, -14342},0, {411, 1597},{0xB7, 0xB7, 0xB7, 0xFF}}},
	{{{2612, 2592, -14342},0, {-1619, 1597},{0x49, 0xB7, 0xB7, 0xFF}}},
	{{{3216, 2592, -14882},0, {411, -218},{0xA6, 0xA6, 0x0, 0xFF}}},
	{{{3216, 2592, -14882},0, {411, 1830},{0xA6, 0xA6, 0x0, 0xFF}}},
	{{{2612, 2592, -14882},0, {-1619, 1830},{0x5A, 0xA6, 0x0, 0xFF}}},
	{{{2612, 2592, -15422},0, {-1619, 16},{0x5A, 0xA6, 0x0, 0xFF}}},
	{{{3216, 2592, -15422},0, {411, 16},{0xA6, 0xA6, 0x0, 0xFF}}},
	{{{3216, 2592, -15422},0, {411, 2064},{0xA6, 0xA6, 0x0, 0xFF}}},
	{{{2612, 2592, -15422},0, {-1619, 2064},{0x5A, 0xA6, 0x0, 0xFF}}},
	{{{2612, 2592, -15962},0, {-1619, 250},{0x5A, 0xA6, 0x0, 0xFF}}},
	{{{3216, 2592, -15962},0, {411, 250},{0xA6, 0xA6, 0x0, 0xFF}}},
	{{{3216, 2592, -15962},0, {411, 2298},{0xA6, 0xA6, 0x0, 0xFF}}},
	{{{2612, 2592, -15962},0, {-1619, 2298},{0x5A, 0xA6, 0x0, 0xFF}}},
	{{{2612, 2592, -16502},0, {-1619, 483},{0x5A, 0xA6, 0x0, 0xFF}}},
	{{{3216, 2592, -16502},0, {411, 483},{0xA6, 0xA6, 0x0, 0xFF}}},
	{{{3216, 2592, -16502},0, {411, 2531},{0xA6, 0xA6, 0x0, 0xFF}}},
	{{{2612, 2592, -16502},0, {-1619, 2531},{0x5A, 0xA6, 0x0, 0xFF}}},
	{{{2612, 2592, -17042},0, {-1619, 717},{0x5A, 0xA6, 0x0, 0xFF}}},
	{{{3216, 2592, -17042},0, {411, 717},{0xAB, 0xA2, 0xF5, 0xFF}}},
	{{{3216, 2008, -17582},0, {1451, -455},{0xB7, 0xB7, 0x49, 0xFF}}},
	{{{3370, 2592, -17582},0, {934, 1507},{0xAC, 0xB8, 0x3F, 0xFF}}},
	{{{3216, 2592, -17582},0, {1451, 1507},{0xDA, 0xDA, 0x73, 0xFF}}},
	{{{3370, 2008, -17582},0, {934, -455},{0xDC, 0x89, 0x1B, 0xFF}}},
};

Gfx hmc_dl_DL_thi_1_0xe024db0_Obj_mesh_layer_1_tri_3[] = {
	gsSPVertex(hmc_dl_DL_thi_1_0xe024db0_Obj_mesh_layer_1_vtx_3 + 0, 15, 0),
	gsSP1Triangle(0, 1, 2, 0),
	gsSP1Triangle(3, 4, 5, 0),
	gsSP1Triangle(6, 7, 8, 0),
	gsSP1Triangle(9, 10, 11, 0),
	gsSP1Triangle(12, 13, 14, 0),
	gsSPVertex(hmc_dl_DL_thi_1_0xe024db0_Obj_mesh_layer_1_vtx_3 + 15, 15, 0),
	gsSP1Triangle(0, 1, 2, 0),
	gsSP1Triangle(3, 4, 5, 0),
	gsSP1Triangle(6, 7, 8, 0),
	gsSP1Triangle(9, 10, 11, 0),
	gsSP1Triangle(12, 13, 14, 0),
	gsSPVertex(hmc_dl_DL_thi_1_0xe024db0_Obj_mesh_layer_1_vtx_3 + 30, 15, 0),
	gsSP1Triangle(0, 1, 2, 0),
	gsSP1Triangle(3, 4, 5, 0),
	gsSP1Triangle(6, 7, 8, 0),
	gsSP1Triangle(9, 10, 11, 0),
	gsSP1Triangle(12, 13, 14, 0),
	gsSPVertex(hmc_dl_DL_thi_1_0xe024db0_Obj_mesh_layer_1_vtx_3 + 45, 15, 0),
	gsSP1Triangle(0, 1, 2, 0),
	gsSP1Triangle(3, 4, 5, 0),
	gsSP1Triangle(6, 7, 8, 0),
	gsSP1Triangle(9, 10, 11, 0),
	gsSP1Triangle(12, 13, 14, 0),
	gsSPVertex(hmc_dl_DL_thi_1_0xe024db0_Obj_mesh_layer_1_vtx_3 + 60, 15, 0),
	gsSP1Triangle(0, 1, 2, 0),
	gsSP1Triangle(3, 4, 5, 0),
	gsSP1Triangle(6, 7, 8, 0),
	gsSP1Triangle(9, 10, 11, 0),
	gsSP1Triangle(12, 13, 14, 0),
	gsSPVertex(hmc_dl_DL_thi_1_0xe024db0_Obj_mesh_layer_1_vtx_3 + 75, 15, 0),
	gsSP1Triangle(0, 1, 2, 0),
	gsSP1Triangle(3, 4, 5, 0),
	gsSP1Triangle(6, 7, 8, 0),
	gsSP1Triangle(9, 10, 11, 0),
	gsSP1Triangle(12, 13, 14, 0),
	gsSPVertex(hmc_dl_DL_thi_1_0xe024db0_Obj_mesh_layer_1_vtx_3 + 90, 15, 0),
	gsSP1Triangle(0, 1, 2, 0),
	gsSP1Triangle(3, 4, 5, 0),
	gsSP1Triangle(6, 7, 8, 0),
	gsSP1Triangle(9, 10, 11, 0),
	gsSP1Triangle(12, 13, 14, 0),
	gsSPVertex(hmc_dl_DL_thi_1_0xe024db0_Obj_mesh_layer_1_vtx_3 + 105, 15, 0),
	gsSP1Triangle(0, 1, 2, 0),
	gsSP1Triangle(3, 4, 5, 0),
	gsSP1Triangle(6, 7, 8, 0),
	gsSP1Triangle(9, 10, 11, 0),
	gsSP1Triangle(12, 13, 14, 0),
	gsSPVertex(hmc_dl_DL_thi_1_0xe024db0_Obj_mesh_layer_1_vtx_3 + 120, 15, 0),
	gsSP1Triangle(0, 1, 2, 0),
	gsSP1Triangle(3, 4, 5, 0),
	gsSP1Triangle(6, 7, 8, 0),
	gsSP1Triangle(9, 10, 11, 0),
	gsSP1Triangle(12, 13, 14, 0),
	gsSPVertex(hmc_dl_DL_thi_1_0xe024db0_Obj_mesh_layer_1_vtx_3 + 135, 15, 0),
	gsSP1Triangle(0, 1, 2, 0),
	gsSP1Triangle(3, 4, 5, 0),
	gsSP1Triangle(6, 7, 8, 0),
	gsSP1Triangle(9, 10, 11, 0),
	gsSP1Triangle(12, 13, 14, 0),
	gsSPVertex(hmc_dl_DL_thi_1_0xe024db0_Obj_mesh_layer_1_vtx_3 + 150, 15, 0),
	gsSP1Triangle(0, 1, 2, 0),
	gsSP1Triangle(3, 4, 5, 0),
	gsSP1Triangle(6, 7, 8, 0),
	gsSP1Triangle(9, 10, 11, 0),
	gsSP1Triangle(12, 13, 14, 0),
	gsSPVertex(hmc_dl_DL_thi_1_0xe024db0_Obj_mesh_layer_1_vtx_3 + 165, 15, 0),
	gsSP1Triangle(0, 1, 2, 0),
	gsSP1Triangle(3, 4, 5, 0),
	gsSP1Triangle(6, 7, 8, 0),
	gsSP1Triangle(9, 10, 11, 0),
	gsSP1Triangle(12, 13, 14, 0),
	gsSPVertex(hmc_dl_DL_thi_1_0xe024db0_Obj_mesh_layer_1_vtx_3 + 180, 15, 0),
	gsSP1Triangle(0, 1, 2, 0),
	gsSP1Triangle(3, 4, 5, 0),
	gsSP1Triangle(6, 7, 8, 0),
	gsSP1Triangle(9, 10, 11, 0),
	gsSP1Triangle(12, 13, 14, 0),
	gsSPVertex(hmc_dl_DL_thi_1_0xe024db0_Obj_mesh_layer_1_vtx_3 + 195, 15, 0),
	gsSP1Triangle(0, 1, 2, 0),
	gsSP1Triangle(3, 4, 5, 0),
	gsSP1Triangle(6, 7, 8, 0),
	gsSP1Triangle(9, 10, 11, 0),
	gsSP1Triangle(12, 13, 14, 0),
	gsSPVertex(hmc_dl_DL_thi_1_0xe024db0_Obj_mesh_layer_1_vtx_3 + 210, 16, 0),
	gsSP1Triangle(0, 1, 2, 0),
	gsSP1Triangle(0, 2, 3, 0),
	gsSP1Triangle(4, 5, 6, 0),
	gsSP1Triangle(5, 4, 7, 0),
	gsSP1Triangle(8, 9, 10, 0),
	gsSP1Triangle(9, 8, 11, 0),
	gsSP1Triangle(12, 13, 14, 0),
	gsSP1Triangle(13, 12, 15, 0),
	gsSPVertex(hmc_dl_DL_thi_1_0xe024db0_Obj_mesh_layer_1_vtx_3 + 226, 16, 0),
	gsSP1Triangle(0, 1, 2, 0),
	gsSP1Triangle(1, 0, 3, 0),
	gsSP1Triangle(4, 5, 6, 0),
	gsSP1Triangle(5, 4, 7, 0),
	gsSP1Triangle(8, 9, 10, 0),
	gsSP1Triangle(9, 8, 11, 0),
	gsSP1Triangle(12, 13, 14, 0),
	gsSP1Triangle(13, 12, 15, 0),
	gsSPVertex(hmc_dl_DL_thi_1_0xe024db0_Obj_mesh_layer_1_vtx_3 + 242, 16, 0),
	gsSP1Triangle(0, 1, 2, 0),
	gsSP1Triangle(1, 0, 3, 0),
	gsSP1Triangle(3, 0, 4, 0),
	gsSP1Triangle(5, 6, 7, 0),
	gsSP1Triangle(6, 5, 8, 0),
	gsSP1Triangle(9, 10, 11, 0),
	gsSP1Triangle(10, 9, 12, 0),
	gsSP1Triangle(13, 14, 15, 0),
	gsSPVertex(hmc_dl_DL_thi_1_0xe024db0_Obj_mesh_layer_1_vtx_3 + 258, 15, 0),
	gsSP1Triangle(0, 1, 2, 0),
	gsSP1Triangle(3, 4, 5, 0),
	gsSP1Triangle(4, 3, 6, 0),
	gsSP1Triangle(7, 8, 9, 0),
	gsSP1Triangle(8, 7, 10, 0),
	gsSP1Triangle(11, 12, 13, 0),
	gsSP1Triangle(12, 11, 14, 0),
	gsSPVertex(hmc_dl_DL_thi_1_0xe024db0_Obj_mesh_layer_1_vtx_3 + 273, 16, 0),
	gsSP1Triangle(0, 1, 2, 0),
	gsSP1Triangle(1, 0, 3, 0),
	gsSP1Triangle(4, 5, 6, 0),
	gsSP1Triangle(5, 4, 7, 0),
	gsSP1Triangle(8, 9, 10, 0),
	gsSP1Triangle(9, 8, 11, 0),
	gsSP1Triangle(12, 13, 14, 0),
	gsSP1Triangle(13, 12, 15, 0),
	gsSPVertex(hmc_dl_DL_thi_1_0xe024db0_Obj_mesh_layer_1_vtx_3 + 289, 16, 0),
	gsSP1Triangle(0, 1, 2, 0),
	gsSP1Triangle(1, 0, 3, 0),
	gsSP1Triangle(4, 5, 6, 0),
	gsSP1Triangle(6, 5, 7, 0),
	gsSP1Triangle(8, 9, 10, 0),
	gsSP1Triangle(9, 8, 11, 0),
	gsSP1Triangle(12, 13, 14, 0),
	gsSP1Triangle(13, 12, 15, 0),
	gsSPVertex(hmc_dl_DL_thi_1_0xe024db0_Obj_mesh_layer_1_vtx_3 + 305, 16, 0),
	gsSP1Triangle(0, 1, 2, 0),
	gsSP1Triangle(1, 0, 3, 0),
	gsSP1Triangle(4, 5, 6, 0),
	gsSP1Triangle(5, 4, 7, 0),
	gsSP1Triangle(8, 9, 10, 0),
	gsSP1Triangle(9, 8, 11, 0),
	gsSP1Triangle(12, 13, 14, 0),
	gsSP1Triangle(15, 13, 12, 0),
	gsSPVertex(hmc_dl_DL_thi_1_0xe024db0_Obj_mesh_layer_1_vtx_3 + 321, 16, 0),
	gsSP1Triangle(0, 1, 2, 0),
	gsSP1Triangle(1, 0, 3, 0),
	gsSP1Triangle(4, 5, 6, 0),
	gsSP1Triangle(5, 4, 7, 0),
	gsSP1Triangle(8, 9, 10, 0),
	gsSP1Triangle(9, 8, 11, 0),
	gsSP1Triangle(12, 13, 14, 0),
	gsSP1Triangle(13, 12, 15, 0),
	gsSPVertex(hmc_dl_DL_thi_1_0xe024db0_Obj_mesh_layer_1_vtx_3 + 337, 16, 0),
	gsSP1Triangle(0, 1, 2, 0),
	gsSP1Triangle(1, 0, 3, 0),
	gsSP1Triangle(4, 5, 6, 0),
	gsSP1Triangle(5, 4, 7, 0),
	gsSP1Triangle(8, 9, 10, 0),
	gsSP1Triangle(9, 8, 11, 0),
	gsSP1Triangle(12, 13, 14, 0),
	gsSP1Triangle(13, 12, 15, 0),
	gsSPVertex(hmc_dl_DL_thi_1_0xe024db0_Obj_mesh_layer_1_vtx_3 + 353, 16, 0),
	gsSP1Triangle(0, 1, 2, 0),
	gsSP1Triangle(1, 0, 3, 0),
	gsSP1Triangle(4, 5, 6, 0),
	gsSP1Triangle(7, 5, 4, 0),
	gsSP1Triangle(8, 9, 10, 0),
	gsSP1Triangle(9, 8, 11, 0),
	gsSP1Triangle(12, 13, 14, 0),
	gsSP1Triangle(13, 12, 15, 0),
	gsSPVertex(hmc_dl_DL_thi_1_0xe024db0_Obj_mesh_layer_1_vtx_3 + 369, 16, 0),
	gsSP1Triangle(0, 1, 2, 0),
	gsSP1Triangle(1, 0, 3, 0),
	gsSP1Triangle(4, 5, 6, 0),
	gsSP1Triangle(5, 4, 7, 0),
	gsSP1Triangle(8, 9, 10, 0),
	gsSP1Triangle(9, 8, 11, 0),
	gsSP1Triangle(12, 13, 14, 0),
	gsSP1Triangle(12, 14, 15, 0),
	gsSPVertex(hmc_dl_DL_thi_1_0xe024db0_Obj_mesh_layer_1_vtx_3 + 385, 16, 0),
	gsSP1Triangle(0, 1, 2, 0),
	gsSP1Triangle(1, 0, 3, 0),
	gsSP1Triangle(4, 5, 6, 0),
	gsSP1Triangle(5, 4, 7, 0),
	gsSP1Triangle(8, 9, 10, 0),
	gsSP1Triangle(9, 8, 11, 0),
	gsSP1Triangle(12, 13, 14, 0),
	gsSP1Triangle(13, 12, 15, 0),
	gsSPVertex(hmc_dl_DL_thi_1_0xe024db0_Obj_mesh_layer_1_vtx_3 + 401, 16, 0),
	gsSP1Triangle(0, 1, 2, 0),
	gsSP1Triangle(1, 0, 3, 0),
	gsSP1Triangle(4, 5, 6, 0),
	gsSP1Triangle(6, 5, 7, 0),
	gsSP1Triangle(7, 5, 8, 0),
	gsSP1Triangle(9, 10, 11, 0),
	gsSP1Triangle(10, 9, 12, 0),
	gsSP1Triangle(13, 14, 15, 0),
	gsSPVertex(hmc_dl_DL_thi_1_0xe024db0_Obj_mesh_layer_1_vtx_3 + 417, 16, 0),
	gsSP1Triangle(0, 1, 2, 0),
	gsSP1Triangle(3, 4, 5, 0),
	gsSP1Triangle(4, 3, 6, 0),
	gsSP1Triangle(6, 3, 7, 0),
	gsSP1Triangle(8, 9, 10, 0),
	gsSP1Triangle(10, 9, 11, 0),
	gsSP1Triangle(10, 11, 12, 0),
	gsSP1Triangle(13, 14, 15, 0),
	gsSPVertex(hmc_dl_DL_thi_1_0xe024db0_Obj_mesh_layer_1_vtx_3 + 433, 16, 0),
	gsSP1Triangle(0, 1, 2, 0),
	gsSP1Triangle(3, 4, 5, 0),
	gsSP1Triangle(4, 3, 6, 0),
	gsSP1Triangle(7, 8, 9, 0),
	gsSP1Triangle(8, 7, 10, 0),
	gsSP1Triangle(8, 10, 11, 0),
	gsSP1Triangle(12, 13, 14, 0),
	gsSP1Triangle(13, 12, 15, 0),
	gsSPVertex(hmc_dl_DL_thi_1_0xe024db0_Obj_mesh_layer_1_vtx_3 + 449, 16, 0),
	gsSP1Triangle(0, 1, 2, 0),
	gsSP1Triangle(1, 0, 3, 0),
	gsSP1Triangle(4, 5, 6, 0),
	gsSP1Triangle(5, 4, 7, 0),
	gsSP1Triangle(8, 9, 10, 0),
	gsSP1Triangle(9, 8, 11, 0),
	gsSP1Triangle(12, 13, 14, 0),
	gsSP1Triangle(13, 12, 15, 0),
	gsSPVertex(hmc_dl_DL_thi_1_0xe024db0_Obj_mesh_layer_1_vtx_3 + 465, 16, 0),
	gsSP1Triangle(0, 1, 2, 0),
	gsSP1Triangle(1, 0, 3, 0),
	gsSP1Triangle(4, 5, 6, 0),
	gsSP1Triangle(5, 4, 7, 0),
	gsSP1Triangle(8, 9, 10, 0),
	gsSP1Triangle(9, 8, 11, 0),
	gsSP1Triangle(12, 13, 14, 0),
	gsSP1Triangle(13, 12, 15, 0),
	gsSPVertex(hmc_dl_DL_thi_1_0xe024db0_Obj_mesh_layer_1_vtx_3 + 481, 16, 0),
	gsSP1Triangle(0, 1, 2, 0),
	gsSP1Triangle(1, 0, 3, 0),
	gsSP1Triangle(4, 5, 6, 0),
	gsSP1Triangle(5, 4, 7, 0),
	gsSP1Triangle(8, 9, 10, 0),
	gsSP1Triangle(9, 8, 11, 0),
	gsSP1Triangle(12, 13, 14, 0),
	gsSP1Triangle(13, 12, 15, 0),
	gsSPVertex(hmc_dl_DL_thi_1_0xe024db0_Obj_mesh_layer_1_vtx_3 + 497, 15, 0),
	gsSP1Triangle(0, 1, 2, 0),
	gsSP1Triangle(3, 4, 5, 0),
	gsSP1Triangle(4, 3, 6, 0),
	gsSP1Triangle(7, 8, 9, 0),
	gsSP1Triangle(8, 7, 10, 0),
	gsSP1Triangle(11, 12, 13, 0),
	gsSP1Triangle(12, 11, 14, 0),
	gsSPVertex(hmc_dl_DL_thi_1_0xe024db0_Obj_mesh_layer_1_vtx_3 + 512, 16, 0),
	gsSP1Triangle(0, 1, 2, 0),
	gsSP1Triangle(1, 0, 3, 0),
	gsSP1Triangle(4, 5, 6, 0),
	gsSP1Triangle(5, 4, 7, 0),
	gsSP1Triangle(8, 9, 10, 0),
	gsSP1Triangle(8, 10, 11, 0),
	gsSP1Triangle(12, 13, 14, 0),
	gsSP1Triangle(15, 13, 12, 0),
	gsSPVertex(hmc_dl_DL_thi_1_0xe024db0_Obj_mesh_layer_1_vtx_3 + 528, 16, 0),
	gsSP1Triangle(0, 1, 2, 0),
	gsSP1Triangle(1, 0, 3, 0),
	gsSP1Triangle(4, 5, 6, 0),
	gsSP1Triangle(6, 7, 4, 0),
	gsSP1Triangle(8, 9, 10, 0),
	gsSP1Triangle(9, 8, 11, 0),
	gsSP1Triangle(11, 8, 12, 0),
	gsSP1Triangle(13, 14, 15, 0),
	gsSPVertex(hmc_dl_DL_thi_1_0xe024db0_Obj_mesh_layer_1_vtx_3 + 544, 16, 0),
	gsSP1Triangle(0, 1, 2, 0),
	gsSP1Triangle(3, 4, 5, 0),
	gsSP1Triangle(4, 3, 6, 0),
	gsSP1Triangle(7, 8, 9, 0),
	gsSP1Triangle(7, 9, 10, 0),
	gsSP1Triangle(7, 10, 11, 0),
	gsSP1Triangle(12, 13, 14, 0),
	gsSP1Triangle(13, 12, 15, 0),
	gsSPVertex(hmc_dl_DL_thi_1_0xe024db0_Obj_mesh_layer_1_vtx_3 + 560, 16, 0),
	gsSP1Triangle(0, 1, 2, 0),
	gsSP1Triangle(0, 2, 3, 0),
	gsSP1Triangle(4, 5, 6, 0),
	gsSP1Triangle(5, 4, 7, 0),
	gsSP1Triangle(8, 9, 10, 0),
	gsSP1Triangle(9, 8, 11, 0),
	gsSP1Triangle(12, 13, 14, 0),
	gsSP1Triangle(13, 12, 15, 0),
	gsSPVertex(hmc_dl_DL_thi_1_0xe024db0_Obj_mesh_layer_1_vtx_3 + 576, 16, 0),
	gsSP1Triangle(0, 1, 2, 0),
	gsSP1Triangle(3, 2, 1, 0),
	gsSP1Triangle(4, 5, 6, 0),
	gsSP1Triangle(6, 5, 7, 0),
	gsSP1Triangle(7, 5, 8, 0),
	gsSP1Triangle(9, 10, 11, 0),
	gsSP1Triangle(10, 9, 12, 0),
	gsSP1Triangle(13, 14, 15, 0),
	gsSPVertex(hmc_dl_DL_thi_1_0xe024db0_Obj_mesh_layer_1_vtx_3 + 592, 15, 0),
	gsSP1Triangle(0, 1, 2, 0),
	gsSP1Triangle(3, 4, 5, 0),
	gsSP1Triangle(4, 3, 6, 0),
	gsSP1Triangle(7, 8, 9, 0),
	gsSP1Triangle(8, 7, 10, 0),
	gsSP1Triangle(11, 12, 13, 0),
	gsSP1Triangle(12, 11, 14, 0),
	gsSPVertex(hmc_dl_DL_thi_1_0xe024db0_Obj_mesh_layer_1_vtx_3 + 607, 16, 0),
	gsSP1Triangle(0, 1, 2, 0),
	gsSP1Triangle(1, 0, 3, 0),
	gsSP1Triangle(4, 1, 3, 0),
	gsSP1Triangle(5, 6, 7, 0),
	gsSP1Triangle(7, 6, 8, 0),
	gsSP1Triangle(9, 10, 11, 0),
	gsSP1Triangle(9, 11, 12, 0),
	gsSP1Triangle(13, 14, 15, 0),
	gsSPVertex(hmc_dl_DL_thi_1_0xe024db0_Obj_mesh_layer_1_vtx_3 + 623, 15, 0),
	gsSP1Triangle(0, 1, 2, 0),
	gsSP1Triangle(3, 4, 5, 0),
	gsSP1Triangle(4, 3, 6, 0),
	gsSP1Triangle(7, 8, 9, 0),
	gsSP1Triangle(8, 7, 10, 0),
	gsSP1Triangle(11, 12, 13, 0),
	gsSP1Triangle(12, 11, 14, 0),
	gsSPVertex(hmc_dl_DL_thi_1_0xe024db0_Obj_mesh_layer_1_vtx_3 + 638, 16, 0),
	gsSP1Triangle(0, 1, 2, 0),
	gsSP1Triangle(2, 1, 3, 0),
	gsSP1Triangle(4, 2, 3, 0),
	gsSP1Triangle(2, 4, 5, 0),
	gsSP1Triangle(6, 7, 8, 0),
	gsSP1Triangle(8, 7, 9, 0),
	gsSP1Triangle(9, 7, 10, 0),
	gsSP1Triangle(11, 12, 13, 0),
	gsSP1Triangle(11, 13, 14, 0),
	gsSP1Triangle(11, 14, 15, 0),
	gsSPVertex(hmc_dl_DL_thi_1_0xe024db0_Obj_mesh_layer_1_vtx_3 + 654, 16, 0),
	gsSP1Triangle(0, 1, 2, 0),
	gsSP1Triangle(3, 4, 5, 0),
	gsSP1Triangle(4, 3, 6, 0),
	gsSP1Triangle(7, 8, 9, 0),
	gsSP1Triangle(8, 7, 10, 0),
	gsSP1Triangle(10, 7, 11, 0),
	gsSP1Triangle(12, 13, 14, 0),
	gsSP1Triangle(13, 12, 15, 0),
	gsSPVertex(hmc_dl_DL_thi_1_0xe024db0_Obj_mesh_layer_1_vtx_3 + 670, 14, 0),
	gsSP1Triangle(0, 1, 2, 0),
	gsSP1Triangle(0, 2, 3, 0),
	gsSP1Triangle(4, 5, 6, 0),
	gsSP1Triangle(5, 4, 7, 0),
	gsSP1Triangle(5, 7, 8, 0),
	gsSP1Triangle(9, 10, 11, 0),
	gsSP1Triangle(9, 11, 12, 0),
	gsSP1Triangle(12, 11, 13, 0),
	gsSPVertex(hmc_dl_DL_thi_1_0xe024db0_Obj_mesh_layer_1_vtx_3 + 684, 16, 0),
	gsSP1Triangle(0, 1, 2, 0),
	gsSP1Triangle(1, 0, 3, 0),
	gsSP1Triangle(1, 3, 4, 0),
	gsSP1Triangle(4, 3, 5, 0),
	gsSP1Triangle(4, 5, 6, 0),
	gsSP1Triangle(6, 5, 7, 0),
	gsSP1Triangle(8, 9, 10, 0),
	gsSP1Triangle(9, 8, 11, 0),
	gsSP1Triangle(12, 13, 14, 0),
	gsSP1Triangle(14, 13, 15, 0),
	gsSPVertex(hmc_dl_DL_thi_1_0xe024db0_Obj_mesh_layer_1_vtx_3 + 700, 16, 0),
	gsSP1Triangle(0, 1, 2, 0),
	gsSP1Triangle(1, 0, 3, 0),
	gsSP1Triangle(4, 5, 6, 0),
	gsSP1Triangle(5, 4, 7, 0),
	gsSP1Triangle(5, 7, 8, 0),
	gsSP1Triangle(8, 7, 9, 0),
	gsSP1Triangle(8, 9, 10, 0),
	gsSP1Triangle(10, 9, 11, 0),
	gsSP1Triangle(12, 13, 14, 0),
	gsSP1Triangle(13, 12, 15, 0),
	gsSPVertex(hmc_dl_DL_thi_1_0xe024db0_Obj_mesh_layer_1_vtx_3 + 716, 16, 0),
	gsSP1Triangle(0, 1, 2, 0),
	gsSP1Triangle(1, 0, 3, 0),
	gsSP1Triangle(4, 5, 6, 0),
	gsSP1Triangle(4, 6, 7, 0),
	gsSP1Triangle(7, 6, 8, 0),
	gsSP1Triangle(9, 10, 11, 0),
	gsSP1Triangle(10, 9, 12, 0),
	gsSP1Triangle(13, 14, 15, 0),
	gsSPVertex(hmc_dl_DL_thi_1_0xe024db0_Obj_mesh_layer_1_vtx_3 + 732, 15, 0),
	gsSP1Triangle(0, 1, 2, 0),
	gsSP1Triangle(3, 4, 5, 0),
	gsSP1Triangle(4, 3, 6, 0),
	gsSP1Triangle(7, 8, 9, 0),
	gsSP1Triangle(8, 7, 10, 0),
	gsSP1Triangle(11, 12, 13, 0),
	gsSP1Triangle(12, 11, 14, 0),
	gsSPVertex(hmc_dl_DL_thi_1_0xe024db0_Obj_mesh_layer_1_vtx_3 + 747, 16, 0),
	gsSP1Triangle(0, 1, 2, 0),
	gsSP1Triangle(1, 0, 3, 0),
	gsSP1Triangle(4, 5, 6, 0),
	gsSP1Triangle(5, 4, 7, 0),
	gsSP1Triangle(8, 9, 10, 0),
	gsSP1Triangle(9, 8, 11, 0),
	gsSP1Triangle(12, 13, 14, 0),
	gsSP1Triangle(13, 12, 15, 0),
	gsSPVertex(hmc_dl_DL_thi_1_0xe024db0_Obj_mesh_layer_1_vtx_3 + 763, 16, 0),
	gsSP1Triangle(0, 1, 2, 0),
	gsSP1Triangle(1, 0, 3, 0),
	gsSP1Triangle(4, 5, 6, 0),
	gsSP1Triangle(5, 4, 7, 0),
	gsSP1Triangle(8, 9, 10, 0),
	gsSP1Triangle(9, 8, 11, 0),
	gsSP1Triangle(12, 13, 14, 0),
	gsSP1Triangle(14, 13, 15, 0),
	gsSPVertex(hmc_dl_DL_thi_1_0xe024db0_Obj_mesh_layer_1_vtx_3 + 779, 16, 0),
	gsSP1Triangle(0, 1, 2, 0),
	gsSP1Triangle(1, 0, 3, 0),
	gsSP1Triangle(4, 5, 6, 0),
	gsSP1Triangle(5, 4, 7, 0),
	gsSP1Triangle(8, 9, 10, 0),
	gsSP1Triangle(9, 8, 11, 0),
	gsSP1Triangle(12, 13, 14, 0),
	gsSP1Triangle(13, 12, 15, 0),
	gsSPVertex(hmc_dl_DL_thi_1_0xe024db0_Obj_mesh_layer_1_vtx_3 + 795, 16, 0),
	gsSP1Triangle(0, 1, 2, 0),
	gsSP1Triangle(1, 0, 3, 0),
	gsSP1Triangle(4, 5, 6, 0),
	gsSP1Triangle(5, 4, 7, 0),
	gsSP1Triangle(8, 9, 10, 0),
	gsSP1Triangle(9, 8, 11, 0),
	gsSP1Triangle(12, 13, 14, 0),
	gsSP1Triangle(14, 13, 15, 0),
	gsSPVertex(hmc_dl_DL_thi_1_0xe024db0_Obj_mesh_layer_1_vtx_3 + 811, 16, 0),
	gsSP1Triangle(0, 1, 2, 0),
	gsSP1Triangle(1, 0, 3, 0),
	gsSP1Triangle(4, 5, 6, 0),
	gsSP1Triangle(5, 4, 7, 0),
	gsSP1Triangle(8, 9, 10, 0),
	gsSP1Triangle(9, 8, 11, 0),
	gsSP1Triangle(12, 13, 14, 0),
	gsSP1Triangle(13, 12, 15, 0),
	gsSPVertex(hmc_dl_DL_thi_1_0xe024db0_Obj_mesh_layer_1_vtx_3 + 827, 16, 0),
	gsSP1Triangle(0, 1, 2, 0),
	gsSP1Triangle(1, 0, 3, 0),
	gsSP1Triangle(3, 0, 4, 0),
	gsSP1Triangle(5, 6, 7, 0),
	gsSP1Triangle(7, 6, 8, 0),
	gsSP1Triangle(9, 10, 11, 0),
	gsSP1Triangle(10, 9, 12, 0),
	gsSP1Triangle(13, 14, 15, 0),
	gsSPVertex(hmc_dl_DL_thi_1_0xe024db0_Obj_mesh_layer_1_vtx_3 + 843, 16, 0),
	gsSP1Triangle(0, 1, 2, 0),
	gsSP1Triangle(3, 4, 5, 0),
	gsSP1Triangle(4, 3, 6, 0),
	gsSP1Triangle(7, 8, 9, 0),
	gsSP1Triangle(8, 7, 10, 0),
	gsSP1Triangle(11, 12, 13, 0),
	gsSP1Triangle(12, 11, 14, 0),
	gsSP1Triangle(15, 14, 11, 0),
	gsSPVertex(hmc_dl_DL_thi_1_0xe024db0_Obj_mesh_layer_1_vtx_3 + 859, 16, 0),
	gsSP1Triangle(0, 1, 2, 0),
	gsSP1Triangle(0, 3, 1, 0),
	gsSP1Triangle(4, 5, 6, 0),
	gsSP1Triangle(4, 6, 7, 0),
	gsSP1Triangle(8, 9, 10, 0),
	gsSP1Triangle(10, 9, 11, 0),
	gsSP1Triangle(12, 13, 14, 0),
	gsSP1Triangle(13, 12, 15, 0),
	gsSPVertex(hmc_dl_DL_thi_1_0xe024db0_Obj_mesh_layer_1_vtx_3 + 875, 16, 0),
	gsSP1Triangle(0, 1, 2, 0),
	gsSP1Triangle(0, 2, 3, 0),
	gsSP1Triangle(4, 5, 6, 0),
	gsSP1Triangle(4, 6, 7, 0),
	gsSP1Triangle(8, 9, 10, 0),
	gsSP1Triangle(8, 10, 11, 0),
	gsSP1Triangle(12, 13, 14, 0),
	gsSP1Triangle(12, 14, 15, 0),
	gsSPVertex(hmc_dl_DL_thi_1_0xe024db0_Obj_mesh_layer_1_vtx_3 + 891, 4, 0),
	gsSP1Triangle(0, 1, 2, 0),
	gsSP1Triangle(1, 0, 3, 0),
	gsSPEndDisplayList(),
};

Vtx hmc_dl_DL_thi_1_0xe024db0_Obj_mesh_layer_1_vtx_4[1566] = {
	{{{19025, -846, -14589},0, {778, 721},{0xB4, 0xC4, 0xAD, 0xFF}}},
	{{{19285, -1104, -13817},0, {341, 2087},{0x0, 0xA6, 0xA6, 0xFF}}},
	{{{19025, -1104, -13817},0, {778, 2087},{0x97, 0xCD, 0xCD, 0xFF}}},
	{{{19974, -2199, -13944},0, {370, -338},{0xAF, 0x49, 0xBF, 0xFF}}},
	{{{20181, -2377, -11990},0, {71, 2964},{0x8A, 0xDA, 0xE6, 0xFF}}},
	{{{20181, -2199, -11990},0, {370, 2964},{0xD6, 0x73, 0xDE, 0xFF}}},
	{{{-5436, 21334, -4254},0, {1077, 2013},{0xA9, 0x55, 0xDA, 0xFF}}},
	{{{-4533, 18403, -4254},0, {2593, -2911},{0x20, 0x63, 0xB7, 0xFF}}},
	{{{-5912, 21090, -4254},0, {277, 1603},{0xEE, 0x78, 0xDA, 0xFF}}},
	{{{-4533, 18403, -4254},0, {545, -2911},{0x20, 0x63, 0xB7, 0xFF}}},
	{{{-5436, 21334, -4254},0, {-971, 2013},{0xA9, 0x55, 0xDA, 0xFF}}},
	{{{-4057, 18647, -4254},0, {1345, -2501},{0x9D, 0x20, 0xB7, 0xFF}}},
	{{{8698, 15414, -3256},0, {244, 570},{0x50, 0x27, 0xA5, 0xFF}}},
	{{{8271, 15627, -3033},0, {-474, 1088},{0x42, 0x61, 0xD0, 0xFF}}},
	{{{8698, 15627, -3033},0, {244, 1088},{0x46, 0x62, 0x2A, 0xFF}}},
	{{{5291, 15215, -3464},0, {664, 87},{0x0, 0x5C, 0xA8, 0xFF}}},
	{{{4818, 14988, -3703},0, {-131, -467},{0xB9, 0xED, 0x98, 0xFF}}},
	{{{4818, 15636, -3023},0, {-131, 1111},{0xA6, 0x41, 0xC2, 0xFF}}},
	{{{4818, 14988, -3703},0, {-2179, -467},{0xB9, 0xED, 0x98, 0xFF}}},
	{{{5291, 15215, -3464},0, {-1384, 87},{0x0, 0x5C, 0xA8, 0xFF}}},
	{{{8271, 14988, -3703},0, {3622, -467},{0x47, 0xED, 0x98, 0xFF}}},
	{{{8698, 14806, -3256},0, {-308, 881},{0x4C, 0xC7, 0xAC, 0xFF}}},
	{{{8698, 14763, -3151},0, {-308, 1071},{0x55, 0xA3, 0xEE, 0xFF}}},
	{{{8271, 14806, -3256},0, {410, 881},{0x1A, 0x9D, 0xB4, 0xFF}}},
	{{{12287, 14772, -4569},0, {1857, 292},{0x0, 0x0, 0x81, 0xFF}}},
	{{{15625, 14589, -4157},0, {-3750, 1048},{0x4D, 0xB6, 0xBC, 0xFF}}},
	{{{8948, 14589, -4157},0, {7464, 1048},{0xB3, 0xB6, 0xBC, 0xFF}}},
	{{{12287, 14772, -4569},0, {-3615, -520},{0x0, 0x0, 0x81, 0xFF}}},
	{{{12287, 14974, -4157},0, {-3638, 249},{0x0, 0x7C, 0xE4, 0xFF}}},
	{{{15625, 14752, -4157},0, {1982, 249},{0x4F, 0x48, 0xBB, 0xFF}}},
	{{{15625, 14589, -4157},0, {2085, 3660},{0x4D, 0xB6, 0xBC, 0xFF}}},
	{{{12287, 14772, -4569},0, {1779, -1990},{0x0, 0x0, 0x81, 0xFF}}},
	{{{15625, 14752, -4157},0, {1812, 3660},{0x4F, 0x48, 0xBB, 0xFF}}},
	{{{12287, 14772, -4569},0, {205, -1998},{0x0, 0x0, 0x81, 0xFF}}},
	{{{8948, 14589, -4157},0, {-101, 3651},{0xB3, 0xB6, 0xBC, 0xFF}}},
	{{{8948, 14752, -4157},0, {172, 3651},{0xB1, 0x48, 0xBB, 0xFF}}},
	{{{12287, 14772, -4569},0, {3778, 319},{0x0, 0x0, 0x81, 0xFF}}},
	{{{8948, 14752, -4157},0, {-1819, 1088},{0xB1, 0x48, 0xBB, 0xFF}}},
	{{{12287, 14974, -4157},0, {3800, 1088},{0x0, 0x7C, 0xE4, 0xFF}}},
	{{{12287, 15597, -4569},0, {127, -1101},{0x0, 0xFF, 0x81, 0xFF}}},
	{{{8948, 15788, -4157},0, {-5480, -340},{0xB3, 0x4A, 0xBC, 0xFF}}},
	{{{15625, 15788, -4157},0, {5734, -340},{0x4D, 0x4A, 0xBC, 0xFF}}},
	{{{15625, 15788, -4157},0, {72, 3660},{0x4D, 0x4A, 0xBC, 0xFF}}},
	{{{15625, 15625, -4157},0, {345, 3660},{0x4F, 0xB8, 0xBB, 0xFF}}},
	{{{12287, 15597, -4569},0, {392, -1990},{0x0, 0xFF, 0x81, 0xFF}}},
	{{{12287, 15597, -4569},0, {4258, -136},{0x0, 0xFF, 0x81, 0xFF}}},
	{{{15625, 15625, -4157},0, {-1340, 627},{0x4F, 0xB8, 0xBB, 0xFF}}},
	{{{12287, 15403, -4157},0, {4280, 627},{0x0, 0x84, 0xE5, 0xFF}}},
	{{{12287, 15597, -4569},0, {-2501, 741},{0x0, 0xFF, 0x81, 0xFF}}},
	{{{12287, 15403, -4157},0, {-2522, 1505},{0x0, 0x84, 0xE5, 0xFF}}},
	{{{8948, 15625, -4157},0, {3097, 1505},{0xB1, 0xB8, 0xBB, 0xFF}}},
	{{{12287, 15597, -4569},0, {-456, -1998},{0x0, 0xFF, 0x81, 0xFF}}},
	{{{8948, 15625, -4157},0, {-409, 3651},{0xB1, 0xB8, 0xBB, 0xFF}}},
	{{{8948, 15788, -4157},0, {-136, 3651},{0xB3, 0x4A, 0xBC, 0xFF}}},
	{{{-4689, 18500, -5467},0, {2331, 1348},{0xE0, 0x9D, 0xB7, 0xFF}}},
	{{{-4856, 17653, -5467},0, {2051, -74},{0x1F, 0x63, 0xB7, 0xFF}}},
	{{{-5165, 18256, -5467},0, {1532, 938},{0x63, 0xE0, 0xB7, 0xFF}}},
	{{{-4856, 17653, -5467},0, {3, -74},{0x1F, 0x63, 0xB7, 0xFF}}},
	{{{-4689, 18500, -5467},0, {283, 1348},{0xE0, 0x9D, 0xB7, 0xFF}}},
	{{{-4380, 17898, -5467},0, {803, 336},{0x9D, 0x1F, 0xB7, 0xFF}}},
	{{{-7162, 19173, -2062},0, {2273, 430},{0xDD, 0x9F, 0xB6, 0xFF}}},
	{{{-7203, 18258, -2062},0, {2205, -1106},{0x58, 0x22, 0xAB, 0xFF}}},
	{{{-7640, 18974, -2062},0, {1470, 97},{0x64, 0xE0, 0xB8, 0xFF}}},
	{{{-7203, 18258, -2062},0, {157, -1106},{0x58, 0x22, 0xAB, 0xFF}}},
	{{{-7162, 19173, -2062},0, {225, 430},{0xDD, 0x9F, 0xB6, 0xFF}}},
	{{{-6799, 18465, -2062},0, {835, -758},{0xB2, 0xC9, 0xAC, 0xFF}}},
	{{{-6668, 17853, 1008},0, {-1119, -1410},{0x81, 0xFD, 0xFB, 0xFF}}},
	{{{-6668, 17853, 2953},0, {-1119, 1856},{0xB7, 0xB7, 0xB7, 0xFF}}},
	{{{-6987, 17853, 2953},0, {-583, 1856},{0xDC, 0xDF, 0x8B, 0xFF}}},
	{{{-6668, 19031, 1008},0, {1055, -1410},{0x8, 0x44, 0x95, 0xFF}}},
	{{{-6987, 19031, 2953},0, {519, 1856},{0xDC, 0x21, 0x8B, 0xFF}}},
	{{{-6668, 19031, 2953},0, {1055, 1856},{0xB7, 0x49, 0xB7, 0xFF}}},
	{{{-6668, 16675, 1008},0, {1055, -1410},{0x8, 0x44, 0x95, 0xFF}}},
	{{{-6987, 16675, 2953},0, {519, 1856},{0xDC, 0x21, 0x8B, 0xFF}}},
	{{{-6668, 16675, 2953},0, {1055, 1856},{0xB7, 0x49, 0xB7, 0xFF}}},
	{{{-8036, 17853, 1008},0, {805, -1410},{0x5D, 0x5, 0x56, 0xFF}}},
	{{{-8036, 17853, 2953},0, {805, 1856},{0x49, 0x49, 0xB7, 0xFF}}},
	{{{-7710, 17853, 2953},0, {1354, 1856},{0x24, 0x21, 0x8B, 0xFF}}},
	{{{-8036, 16675, 1008},0, {1179, -1410},{0x5D, 0xFB, 0x56, 0xFF}}},
	{{{-7710, 16675, 2953},0, {630, 1856},{0x24, 0xDF, 0x8B, 0xFF}}},
	{{{-8036, 16675, 2953},0, {1179, 1856},{0x49, 0xB7, 0xB7, 0xFF}}},
	{{{-8036, 20209, 1008},0, {805, -1410},{0x5F, 0x8, 0x54, 0xFF}}},
	{{{-8036, 20209, 2177},0, {805, 552},{0x49, 0x49, 0xB7, 0xFF}}},
	{{{-7710, 20209, 2177},0, {1354, 552},{0x59, 0xEC, 0xA7, 0xFF}}},
	{{{-8036, 19031, 1008},0, {1179, -1410},{0x5F, 0xF8, 0x54, 0xFF}}},
	{{{-7710, 19031, 2177},0, {630, 552},{0x62, 0xAF, 0x6, 0xFF}}},
	{{{-8036, 19031, 2953},0, {1179, 1856},{0x61, 0xF4, 0xAF, 0xFF}}},
	{{{-17517, 20361, 1408},0, {1263, 12665},{0xA6, 0x0, 0xA6, 0xFF}}},
	{{{-16852, 19608, 1408},0, {2380, 11402},{0x26, 0xDA, 0x8D, 0xFF}}},
	{{{-17517, 5911, 1408},0, {1263, -11606},{0xA6, 0x0, 0xA6, 0xFF}}},
	{{{17075, 17859, -4963},0, {1024, 1070},{0xE1, 0x61, 0xB4, 0xFF}}},
	{{{17075, 17400, -4963},0, {1024, 299},{0xE1, 0x9F, 0xB4, 0xFF}}},
	{{{16908, 17629, -4963},0, {744, 684},{0x9A, 0x0, 0xB4, 0xFF}}},
	{{{17027, 16215, -4050},0, {943, 357},{0xC4, 0x53, 0xB4, 0xFF}}},
	{{{17149, 15838, -4050},0, {1149, -277},{0x0, 0x9A, 0xB4, 0xFF}}},
	{{{16951, 15982, -4050},0, {816, -35},{0x9F, 0xE1, 0xB4, 0xFF}}},
	{{{17087, 17006, -4717},0, {1044, -362},{0xE1, 0x61, 0xB4, 0xFF}}},
	{{{17087, 16621, -4717},0, {1044, -1009},{0xE1, 0x9F, 0xB4, 0xFF}}},
	{{{16947, 16814, -4717},0, {809, -686},{0x9A, 0x0, 0xB4, 0xFF}}},
	{{{17089, 15470, -3748},0, {1047, 1153},{0xE1, 0x61, 0xB4, 0xFF}}},
	{{{17089, 15096, -3748},0, {1047, 525},{0xE1, 0x9F, 0xB4, 0xFF}}},
	{{{16953, 15283, -3748},0, {819, 839},{0x9A, 0x0, 0xB4, 0xFF}}},
	{{{16612, 18252, -3223},0, {247, -318},{0xB7, 0x49, 0xB7, 0xFF}}},
	{{{17075, 17859, -3223},0, {1024, -978},{0xED, 0x3C, 0x92, 0xFF}}},
	{{{16908, 17629, -3223},0, {744, -1364},{0xC0, 0x0, 0x92, 0xFF}}},
	{{{19454, 14847, -3223},0, {924, 106},{0x49, 0xB7, 0xB7, 0xFF}}},
	{{{17309, 15167, -3223},0, {-2679, 645},{0x33, 0xDB, 0x92, 0xFF}}},
	{{{17309, 15398, -3223},0, {-2679, 1033},{0x33, 0x25, 0x92, 0xFF}}},
	{{{18011, 15811, -3223},0, {548, -322},{0xED, 0xC3, 0x92, 0xFF}}},
	{{{17348, 15982, -3223},0, {-565, -35},{0x3C, 0xED, 0x92, 0xFF}}},
	{{{17895, 15970, -3223},0, {354, -55},{0xC1, 0x0, 0x92, 0xFF}}},
	{{{-1034, 3275, -1866},0, {138, 614},{0x50, 0xF, 0x9E, 0xFF}}},
	{{{-1237, 3577, -1866},0, {749, 614},{0x2D, 0x43, 0x9E, 0xFF}}},
	{{{-923, 3310, -1583},0, {83, 1125},{0x6D, 0x18, 0x3D, 0xFF}}},
	{{{-1105, 2918, -1866},0, {600, 564},{0x43, 0xD2, 0x9E, 0xFF}}},
	{{{-1002, 2864, -1583},0, {693, 1069},{0x5E, 0xC4, 0x3D, 0xFF}}},
	{{{-1408, 2716, -1866},0, {-12, 564},{0x10, 0xB0, 0x9E, 0xFF}}},
	{{{-1408, 2716, -1866},0, {-372, 65},{0x10, 0xB0, 0x9E, 0xFF}}},
	{{{-1373, 2605, -1583},0, {-282, 571},{0x18, 0x93, 0x3D, 0xFF}}},
	{{{-1819, 2684, -1583},0, {-1042, 571},{0xC4, 0xA2, 0x3D, 0xFF}}},
	{{{-1002, 2864, -1583},0, {1588, -365},{0x5E, 0xC4, 0x3D, 0xFF}}},
	{{{-1034, 3275, -1866},0, {2258, -871},{0x50, 0xF, 0x9E, 0xFF}}},
	{{{-923, 3310, -1583},0, {2348, -365},{0x6D, 0x18, 0x3D, 0xFF}}},
	{{{-1593, 3648, -1866},0, {888, 552},{0xF0, 0x50, 0x9E, 0xFF}}},
	{{{-1628, 3759, -1583},0, {978, 1058},{0xE8, 0x6D, 0x3D, 0xFF}}},
	{{{-1183, 3680, -1583},0, {218, 1058},{0x3C, 0x5E, 0x3D, 0xFF}}},
	{{{-2078, 3054, -1583},0, {396, -253},{0x93, 0xE9, 0x3D, 0xFF}}},
	{{{-1999, 3500, -1583},0, {-364, -253},{0xA2, 0x3C, 0x3D, 0xFF}}},
	{{{-1896, 3446, -1866},0, {-305, -763},{0xBC, 0x2D, 0x9E, 0xFF}}},
	{{{-1593, 3648, -1866},0, {731, 310},{0xF0, 0x50, 0x9E, 0xFF}}},
	{{{-1183, 3680, -1583},0, {65, 821},{0x3C, 0x5E, 0x3D, 0xFF}}},
	{{{-1237, 3577, -1866},0, {120, 310},{0x2D, 0x43, 0x9E, 0xFF}}},
	{{{-1765, 2787, -1866},0, {-202, -168},{0xD3, 0xBD, 0x9E, 0xFF}}},
	{{{-2078, 3054, -1583},0, {-868, 343},{0x93, 0xE9, 0x3D, 0xFF}}},
	{{{-1967, 3089, -1866},0, {-813, -168},{0xB0, 0xF1, 0x9E, 0xFF}}},
	{{{-1002, 2864, -1583},0, {-323, -248},{0x5E, 0xC4, 0x3D, 0xFF}}},
	{{{-1105, 2918, -1866},0, {-268, -759},{0x43, 0xD2, 0x9E, 0xFF}}},
	{{{-1034, 3275, -1866},0, {344, -759},{0x50, 0xF, 0x9E, 0xFF}}},
	{{{-1896, 3446, -1866},0, {-52, 71},{0xBC, 0x2D, 0x9E, 0xFF}}},
	{{{-1999, 3500, -1583},0, {41, 576},{0xA2, 0x3C, 0x3D, 0xFF}}},
	{{{-1593, 3648, -1866},0, {-664, 71},{0xF0, 0x50, 0x9E, 0xFF}}},
	{{{-1593, 3648, -1866},0, {-473, -255},{0xF0, 0x50, 0x9E, 0xFF}}},
	{{{-1999, 3500, -1583},0, {228, 256},{0xA2, 0x3C, 0x3D, 0xFF}}},
	{{{-1628, 3759, -1583},0, {-532, 256},{0xE8, 0x6D, 0x3D, 0xFF}}},
	{{{-923, 3310, -1583},0, {102, 1177},{0x6D, 0x18, 0x3D, 0xFF}}},
	{{{-1237, 3577, -1866},0, {772, 671},{0x2D, 0x43, 0x9E, 0xFF}}},
	{{{-1183, 3680, -1583},0, {862, 1177},{0x3C, 0x5E, 0x3D, 0xFF}}},
	{{{-2078, 3054, -1583},0, {297, -86},{0x93, 0xE9, 0x3D, 0xFF}}},
	{{{-1896, 3446, -1866},0, {-408, -591},{0xBC, 0x2D, 0x9E, 0xFF}}},
	{{{-1967, 3089, -1866},0, {204, -591},{0xB0, 0xF1, 0x9E, 0xFF}}},
	{{{-1408, 2716, -1866},0, {-233, 711},{0x10, 0xB0, 0x9E, 0xFF}}},
	{{{-1002, 2864, -1583},0, {468, 1221},{0x5E, 0xC4, 0x3D, 0xFF}}},
	{{{-1373, 2605, -1583},0, {-292, 1221},{0x18, 0x93, 0x3D, 0xFF}}},
	{{{3932, -2768, -2907},0, {330, 307},{0x0, 0x0, 0x81, 0xFF}}},
	{{{3160, -2099, -2907},0, {-794, 1604},{0x0, 0xA6, 0xA6, 0xFF}}},
	{{{3932, -2099, -2907},0, {-794, 307},{0x26, 0xDA, 0x8D, 0xFF}}},
	{{{2618, -2099, -8889},0, {1254, 466},{0x29, 0xB1, 0xA6, 0xFF}}},
	{{{1169, -1415, -8889},0, {106, 2900},{0x0, 0xA6, 0xA6, 0xFF}}},
	{{{2618, -1415, -8889},0, {106, 466},{0x1E, 0x98, 0xBD, 0xFF}}},
	{{{-130, 2008, -20776},0, {2548, 5083},{0x26, 0xDA, 0x8D, 0xFF}}},
	{{{4937, 4786, -20776},0, {-2119, -3429},{0x0, 0x5A, 0xA6, 0xFF}}},
	{{{4937, 2008, -20776},0, {2548, -3429},{0xDA, 0xDA, 0x8D, 0xFF}}},
	{{{4937, 2008, -20776},0, {2548, 4763},{0xDA, 0xDA, 0x8D, 0xFF}}},
	{{{4937, 4786, -20776},0, {-2119, 4763},{0x0, 0x5A, 0xA6, 0xFF}}},
	{{{8579, 4786, -20776},0, {-2119, -1354},{0x49, 0x49, 0xB7, 0xFF}}},
	{{{4937, 2008, -20776},0, {-1548, 4763},{0xDA, 0xDA, 0x8D, 0xFF}}},
	{{{8579, 4786, -20776},0, {-6215, -1354},{0x49, 0x49, 0xB7, 0xFF}}},
	{{{4937, -3324, -20776},0, {7408, 4763},{0xD9, 0x26, 0x8D, 0xFF}}},
	{{{4937, -3324, -20776},0, {3312, 4763},{0xD9, 0x26, 0x8D, 0xFF}}},
	{{{8579, 4786, -20776},0, {-10311, -1354},{0x49, 0x49, 0xB7, 0xFF}}},
	{{{8579, -8172, -20776},0, {11455, -1354},{0x49, 0xB7, 0xB7, 0xFF}}},
	{{{-2051, -8172, -20776},0, {3263, 10358},{0xB7, 0xB7, 0xB7, 0xFF}}},
	{{{-130, -3324, -20776},0, {-4880, 7131},{0x27, 0x26, 0x8D, 0xFF}}},
	{{{8579, -8172, -20776},0, {3263, -7498},{0x49, 0xB7, 0xB7, 0xFF}}},
	{{{8579, -8172, -20776},0, {3263, -5450},{0x49, 0xB7, 0xB7, 0xFF}}},
	{{{-130, -3324, -20776},0, {-4880, 9179},{0x27, 0x26, 0x8D, 0xFF}}},
	{{{4937, -3324, -20776},0, {-4880, 667},{0xD9, 0x26, 0x8D, 0xFF}}},
	{{{1596, 2008, -15692},0, {500, 135},{0x17, 0x84, 0xF0, 0xFF}}},
	{{{1443, 1858, -15692},0, {752, 392},{0xD7, 0x9E, 0xBA, 0xFF}}},
	{{{1443, 2008, -15692},0, {500, 392},{0xDA, 0x8D, 0xDA, 0xFF}}},
	{{{-193, -2857, -2907},0, {1504, 614},{0x7E, 0x7, 0xF5, 0xFF}}},
	{{{-494, -2768, -3654},0, {1654, -738},{0x2B, 0x1A, 0x8B, 0xFF}}},
	{{{-193, -2768, -2907},0, {1654, 614},{0x68, 0xDC, 0xC0, 0xFF}}},
	{{{-494, -2768, -3654},0, {2176, -256},{0x2B, 0x1A, 0x8B, 0xFF}}},
	{{{-193, -2857, -2907},0, {1649, 998},{0x7E, 0x7, 0xF5, 0xFF}}},
	{{{-193, -2857, -3654},0, {1649, -256},{0x52, 0x3D, 0xB4, 0xFF}}},
	{{{-1105, 2918, -1866},0, {159, -251},{0x43, 0xD2, 0x9E, 0xFF}}},
	{{{-1237, 3577, -1866},0, {-61, 857},{0x2D, 0x43, 0x9E, 0xFF}}},
	{{{-1034, 3275, -1866},0, {278, 349},{0x50, 0xF, 0x9E, 0xFF}}},
	{{{-1819, 2684, -1583},0, {-166, 452},{0xC4, 0xA2, 0x3D, 0xFF}}},
	{{{-2078, 3054, -1583},0, {-926, 452},{0x93, 0xE9, 0x3D, 0xFF}}},
	{{{-1765, 2787, -1866},0, {-256, -53},{0xD3, 0xBD, 0x9E, 0xFF}}},
	{{{-1408, 2716, -1866},0, {-184, 136},{0x10, 0xB0, 0x9E, 0xFF}}},
	{{{-1819, 2684, -1583},0, {-850, 647},{0xC4, 0xA2, 0x3D, 0xFF}}},
	{{{-1765, 2787, -1866},0, {-795, 136},{0xD3, 0xBD, 0x9E, 0xFF}}},
	{{{-4774, 16266, 616},0, {2188, -356},{0xB7, 0xB7, 0xB7, 0xFF}}},
	{{{-5297, 16078, 616},0, {1309, -672},{0x26, 0xDA, 0x8D, 0xFF}}},
	{{{-5297, 16266, 616},0, {1309, -356},{0x49, 0xB7, 0xB7, 0xFF}}},
	{{{-2691, 15396, 616},0, {-457, 230},{0xDA, 0x26, 0x8D, 0xFF}}},
	{{{-815, 16692, 616},0, {2694, 2407},{0xDA, 0x73, 0xDA, 0xFF}}},
	{{{-1694, 13429, 616},0, {1219, -3073},{0x0, 0x0, 0x81, 0xFF}}},
	{{{-1694, 13429, 616},0, {1219, -1025},{0x0, 0x0, 0x81, 0xFF}}},
	{{{-815, 16692, 616},0, {2694, 4455},{0xDA, 0x73, 0xDA, 0xFF}}},
	{{{-815, 12527, 616},0, {2694, -2542},{0x5A, 0x0, 0xA6, 0xFF}}},
	{{{-815, 12527, 616},0, {646, -2542},{0x5A, 0x0, 0xA6, 0xFF}}},
	{{{-815, 16692, 616},0, {646, 4455},{0xDA, 0x73, 0xDA, 0xFF}}},
	{{{-815, 14988, 616},0, {646, 1592},{0x5A, 0xA6, 0x0, 0xFF}}},
	{{{-5863, 14308, 616},0, {359, -1598},{0x0, 0x0, 0x81, 0xFF}}},
	{{{-5948, 15812, 616},0, {217, 930},{0x29, 0xB0, 0xA6, 0xFF}}},
	{{{-5544, 16020, 616},0, {895, 1278},{0x29, 0xB0, 0xA6, 0xFF}}},
	{{{-4774, 15396, 616},0, {2188, 230},{0x26, 0x26, 0x8D, 0xFF}}},
	{{{-5297, 16078, 616},0, {1309, 1376},{0x26, 0xDA, 0x8D, 0xFF}}},
	{{{-4774, 16266, 616},0, {2188, 1692},{0xB7, 0xB7, 0xB7, 0xFF}}},
	{{{-4774, 15396, 616},0, {140, 230},{0x26, 0x26, 0x8D, 0xFF}}},
	{{{-4774, 16266, 616},0, {140, 1692},{0xB7, 0xB7, 0xB7, 0xFF}}},
	{{{-4774, 16078, 616},0, {140, 1376},{0x0, 0xA6, 0x5A, 0xFF}}},
	{{{-3688, 13793, 616},0, {1965, -414},{0x0, 0x0, 0x81, 0xFF}}},
	{{{-4774, 15396, 616},0, {140, 2278},{0x26, 0x26, 0x8D, 0xFF}}},
	{{{-3710, 15396, 616},0, {1927, 2278},{0xB7, 0x49, 0xB7, 0xFF}}},
	{{{-3130, 14063, 616},0, {855, -2010},{0x0, 0x0, 0x81, 0xFF}}},
	{{{-3441, 15396, 616},0, {333, 230},{0x49, 0xB7, 0x49, 0xFF}}},
	{{{-2691, 15396, 616},0, {1591, 230},{0xDA, 0x26, 0x8D, 0xFF}}},
	{{{-3130, 14063, 616},0, {-1193, 38},{0x0, 0x0, 0x81, 0xFF}}},
	{{{-2691, 15396, 616},0, {-457, 2278},{0xDA, 0x26, 0x8D, 0xFF}}},
	{{{-1694, 13429, 616},0, {1219, -1025},{0x0, 0x0, 0x81, 0xFF}}},
	{{{-7748, -10753, 3712},0, {69, -919},{0x0, 0x8D, 0x36, 0xFF}}},
	{{{-7327, -10753, 4672},0, {-638, 693},{0x20, 0xE6, 0x88, 0xFF}}},
	{{{-8169, -10753, 4672},0, {776, 693},{0xA3, 0xAC, 0xED, 0xFF}}},
	{{{-5244, -10753, 3712},0, {-41, -919},{0x0, 0x93, 0x41, 0xFF}}},
	{{{-4946, -10753, 4672},0, {-541, 693},{0x55, 0xB8, 0x3E, 0xFF}}},
	{{{-5542, -10753, 4672},0, {458, 693},{0xAB, 0xB8, 0x3E, 0xFF}}},
	{{{-6434, -10753, 3712},0, {-90, -919},{0x0, 0x93, 0x41, 0xFF}}},
	{{{-6137, -10753, 4672},0, {-590, 693},{0x22, 0xE3, 0x89, 0xFF}}},
	{{{-6732, -10753, 4672},0, {410, 693},{0xAB, 0xB8, 0x3E, 0xFF}}},
	{{{-7847, 20595, -6680},0, {-2974, 617},{0xC2, 0x46, 0xAA, 0xFF}}},
	{{{-6450, 20814, -6307},0, {-626, 1343},{0xF0, 0x76, 0xD5, 0xFF}}},
	{{{-3555, 20595, -6680},0, {4236, 617},{0x38, 0x1A, 0x91, 0xFF}}},
	{{{-3193, 21396, -6307},0, {2796, 423},{0x4E, 0x52, 0xC6, 0xFF}}},
	{{{-3555, 20595, -6680},0, {2188, -1060},{0x38, 0x1A, 0x91, 0xFF}}},
	{{{-5316, 21396, -6307},0, {-769, 423},{0xE5, 0x65, 0xB8, 0xFF}}},
	{{{-7847, 20595, -6680},0, {-926, 617},{0xC2, 0x46, 0xAA, 0xFF}}},
	{{{-8118, 20814, -6307},0, {-1381, 1343},{0xAA, 0x55, 0xD8, 0xFF}}},
	{{{-6450, 20814, -6307},0, {1422, 1343},{0xF0, 0x76, 0xD5, 0xFF}}},
	{{{-3555, 20595, -6680},0, {209, -1922},{0x38, 0x1A, 0x91, 0xFF}}},
	{{{-5436, 21334, -6307},0, {-2035, 701},{0xD2, 0x59, 0xB1, 0xFF}}},
	{{{-5316, 21396, -6307},0, {-1807, 701},{0xE5, 0x65, 0xB8, 0xFF}}},
	{{{-2391, 8799, -3224},0, {2095, 1436},{0x49, 0x49, 0xB7, 0xFF}}},
	{{{-2820, 6330, -3224},0, {1375, -2712},{0xB7, 0xB7, 0xB7, 0xFF}}},
	{{{-2820, 8799, -3224},0, {1375, 1436},{0xB7, 0x49, 0xB7, 0xFF}}},
	{{{-2391, 6330, -3224},0, {2095, -2712},{0x49, 0xB7, 0xB7, 0xFF}}},
	{{{11824, -1967, -11380},0, {-823, 2184},{0x46, 0x97, 0x12, 0xFF}}},
	{{{12363, -1790, -11989},0, {-1122, 818},{0x27, 0x64, 0x44, 0xFF}}},
	{{{11824, -1790, -11380},0, {-1122, 2184},{0x46, 0x69, 0x12, 0xFF}}},
	{{{12363, -1967, -11989},0, {-823, 818},{0x27, 0x9C, 0x44, 0xFF}}},
	{{{13330, -1790, -12784},0, {1058, -464},{0x1B, 0x49, 0x9C, 0xFF}}},
	{{{11191, -1967, -11549},0, {759, 3684},{0xA6, 0xB3, 0xD2, 0xFF}}},
	{{{11191, -1790, -11549},0, {1058, 3684},{0xA6, 0x4D, 0xD2, 0xFF}}},
	{{{13330, -1967, -12784},0, {759, -464},{0x1B, 0xB7, 0x9C, 0xFF}}},
	{{{13160, -1967, -12152},0, {759, -107},{0xEE, 0x97, 0x46, 0xFF}}},
	{{{13769, -1790, -11612},0, {1058, 1259},{0xBC, 0x64, 0x27, 0xFF}}},
	{{{13160, -1790, -12152},0, {1058, -107},{0xEE, 0x69, 0x46, 0xFF}}},
	{{{13769, -1967, -11612},0, {759, 1259},{0xBC, 0x9C, 0x27, 0xFF}}},
	{{{13769, -1790, -11612},0, {1058, 855},{0xBC, 0x64, 0x27, 0xFF}}},
	{{{13932, -1967, -10815},0, {759, 2222},{0xB6, 0xB3, 0x45, 0xFF}}},
	{{{13932, -1790, -10815},0, {1058, 2222},{0xB6, 0x4D, 0x45, 0xFF}}},
	{{{13769, -1967, -11612},0, {759, 855},{0xBC, 0x9C, 0x27, 0xFF}}},
	{{{14564, -1967, -10646},0, {-823, 3882},{0x54, 0xBA, 0x41, 0xFF}}},
	{{{13330, -1790, -12784},0, {-1122, -266},{0x1B, 0x49, 0x9C, 0xFF}}},
	{{{14564, -1790, -10646},0, {-1122, 3882},{0x54, 0x46, 0x41, 0xFF}}},
	{{{13330, -1967, -12784},0, {-823, -266},{0x1B, 0xB7, 0x9C, 0xFF}}},
	{{{12363, -1967, -11989},0, {-823, 1185},{0x27, 0x9C, 0x44, 0xFF}}},
	{{{13160, -1790, -12152},0, {-1122, -182},{0xEE, 0x69, 0x46, 0xFF}}},
	{{{12363, -1790, -11989},0, {-1122, 1185},{0x27, 0x64, 0x44, 0xFF}}},
	{{{13160, -1967, -12152},0, {-823, -182},{0xEE, 0x97, 0x46, 0xFF}}},
	{{{11987, -1967, -10583},0, {-823, 1948},{0x60, 0xAD, 0x4, 0xFF}}},
	{{{11824, -1790, -11380},0, {-1122, 582},{0x46, 0x69, 0x12, 0xFF}}},
	{{{11987, -1790, -10583},0, {-1122, 1948},{0x60, 0x53, 0x4, 0xFF}}},
	{{{11824, -1967, -11380},0, {-823, 582},{0x46, 0x97, 0x12, 0xFF}}},
	{{{13932, -1967, -10815},0, {759, -1585},{0xB6, 0xB3, 0x45, 0xFF}}},
	{{{14564, -1790, -10646},0, {1058, -485},{0x54, 0x46, 0x41, 0xFF}}},
	{{{13932, -1790, -10815},0, {1058, -1585},{0xB6, 0x4D, 0x45, 0xFF}}},
	{{{14564, -1967, -10646},0, {759, -485},{0x54, 0xBA, 0x41, 0xFF}}},
	{{{11191, -1790, -11549},0, {1058, -1986},{0xA6, 0x4D, 0xD2, 0xFF}}},
	{{{11475, -1967, -8862},0, {759, 2553},{0xB3, 0xB4, 0x43, 0xFF}}},
	{{{11475, -1790, -8862},0, {1058, 2553},{0xB3, 0x4C, 0x43, 0xFF}}},
	{{{11191, -1967, -11549},0, {759, -1986},{0xA6, 0xB3, 0xD2, 0xFF}}},
	{{{11645, -1967, -9495},0, {-823, 2444},{0x2F, 0x8D, 0xE7, 0xFF}}},
	{{{11987, -1790, -10583},0, {-1122, 528},{0x60, 0x53, 0x4, 0xFF}}},
	{{{11645, -1790, -9495},0, {-1122, 2444},{0x2F, 0x73, 0xE7, 0xFF}}},
	{{{11987, -1967, -10583},0, {-823, 528},{0x60, 0xAD, 0x4, 0xFF}}},
	{{{16904, -2377, -9162},0, {71, -691},{0xBA, 0x97, 0xEE, 0xFF}}},
	{{{16364, -2199, -8554},0, {370, 676},{0xD9, 0x64, 0xBC, 0xFF}}},
	{{{16904, -2199, -9162},0, {370, -691},{0xBA, 0x69, 0xEE, 0xFF}}},
	{{{16364, -2377, -8554},0, {71, 676},{0xD9, 0x9C, 0xBC, 0xFF}}},
	{{{17536, -2377, -8993},0, {-135, -1352},{0x5A, 0xB3, 0x2E, 0xFF}}},
	{{{15398, -2199, -7758},0, {-434, 2796},{0xE5, 0x49, 0x64, 0xFF}}},
	{{{15398, -2377, -7758},0, {-135, 2796},{0xE5, 0xB7, 0x64, 0xFF}}},
	{{{17536, -2199, -8993},0, {-434, -1352},{0x5A, 0x4D, 0x2E, 0xFF}}},
	{{{14959, -2199, -8930},0, {-434, -400},{0x44, 0x64, 0xD9, 0xFF}}},
	{{{15567, -2377, -8390},0, {-135, 966},{0x12, 0x97, 0xBA, 0xFF}}},
	{{{14959, -2377, -8930},0, {-135, -400},{0x44, 0x9C, 0xD9, 0xFF}}},
	{{{15567, -2199, -8390},0, {-434, 966},{0x12, 0x69, 0xBA, 0xFF}}},
	{{{14163, -2199, -9897},0, {370, -1509},{0xAC, 0x46, 0xBF, 0xFF}}},
	{{{15398, -2377, -7758},0, {71, 2639},{0xE5, 0xB7, 0x64, 0xFF}}},
	{{{15398, -2199, -7758},0, {370, 2639},{0xE5, 0x49, 0x64, 0xFF}}},
	{{{14163, -2377, -9897},0, {71, -1509},{0xAC, 0xBA, 0xBF, 0xFF}}},
	{{{14959, -2377, -8930},0, {-135, 1573},{0x44, 0x9C, 0xD9, 0xFF}}},
	{{{14796, -2199, -9727},0, {-434, 207},{0x4A, 0x4D, 0xBB, 0xFF}}},
	{{{14959, -2199, -8930},0, {-434, 1573},{0x44, 0x64, 0xD9, 0xFF}}},
	{{{14796, -2377, -9727},0, {-135, 207},{0x4A, 0xB3, 0xBB, 0xFF}}},
	{{{16741, -2199, -9959},0, {370, 480},{0xA0, 0x53, 0xFC, 0xFF}}},
	{{{16904, -2377, -9162},0, {71, 1847},{0xBA, 0x97, 0xEE, 0xFF}}},
	{{{16904, -2199, -9162},0, {370, 1847},{0xBA, 0x69, 0xEE, 0xFF}}},
	{{{16741, -2377, -9959},0, {71, 480},{0xA0, 0xAD, 0xFC, 0xFF}}},
	{{{16364, -2199, -8554},0, {370, -147},{0xD9, 0x64, 0xBC, 0xFF}}},
	{{{15567, -2377, -8390},0, {71, 1219},{0x12, 0x97, 0xBA, 0xFF}}},
	{{{15567, -2199, -8390},0, {370, 1219},{0x12, 0x69, 0xBA, 0xFF}}},
	{{{16364, -2377, -8554},0, {71, -147},{0xD9, 0x9C, 0xBC, 0xFF}}},
	{{{14163, -2199, -9897},0, {-434, -810},{0xAC, 0x46, 0xBF, 0xFF}}},
	{{{14796, -2377, -9727},0, {-135, 290},{0x4A, 0xB3, 0xBB, 0xFF}}},
	{{{14163, -2377, -9897},0, {-135, -810},{0xAC, 0xBA, 0xBF, 0xFF}}},
	{{{14796, -2199, -9727},0, {-434, 290},{0x4A, 0x4D, 0xBB, 0xFF}}},
	{{{17083, -2377, -11047},0, {71, -732},{0xAA, 0xA5, 0xE7, 0xFF}}},
	{{{16741, -2199, -9959},0, {370, 1184},{0xA0, 0x53, 0xFC, 0xFF}}},
	{{{17083, -2199, -11047},0, {370, -732},{0xAA, 0x5B, 0xE7, 0xFF}}},
	{{{16741, -2377, -9959},0, {71, 1184},{0xA0, 0xAD, 0xFC, 0xFF}}},
	{{{17252, -2199, -11680},0, {370, 1164},{0xBE, 0x4C, 0xB3, 0xFF}}},
	{{{17083, -2377, -11047},0, {71, 2264},{0xAA, 0xA5, 0xE7, 0xFF}}},
	{{{17083, -2199, -11047},0, {370, 2264},{0xAA, 0x5B, 0xE7, 0xFF}}},
	{{{17252, -2377, -11680},0, {71, 1164},{0xBE, 0xB4, 0xB3, 0xFF}}},
	{{{15398, -1552, -7758},0, {526, 2796},{0xE5, 0xB7, 0x64, 0xFF}}},
	{{{17536, -1380, -8993},0, {238, -1352},{0x5A, 0x4D, 0x2E, 0xFF}}},
	{{{15398, -1380, -7758},0, {238, 2796},{0xE5, 0x49, 0x64, 0xFF}}},
	{{{17536, -1552, -8993},0, {526, -1352},{0x5A, 0xB3, 0x2E, 0xFF}}},
	{{{13769, -1142, -11612},0, {97, 855},{0xBC, 0x9C, 0x27, 0xFF}}},
	{{{13932, -971, -10815},0, {385, 2222},{0xB6, 0x4D, 0x45, 0xFF}}},
	{{{13769, -971, -11612},0, {385, 855},{0xBC, 0x64, 0x27, 0xFF}}},
	{{{13932, -1142, -10815},0, {97, 2222},{0xB6, 0xB3, 0x45, 0xFF}}},
	{{{14163, -1380, -9897},0, {1746, -1509},{0xAC, 0x46, 0xBF, 0xFF}}},
	{{{15398, -1552, -7758},0, {1458, 2639},{0xE5, 0xB7, 0x64, 0xFF}}},
	{{{15398, -1380, -7758},0, {1746, 2639},{0xE5, 0x49, 0x64, 0xFF}}},
	{{{14163, -1552, -9897},0, {1458, -1509},{0xAC, 0xBA, 0xBF, 0xFF}}},
	{{{16904, -1380, -9162},0, {1746, -691},{0xBA, 0x69, 0xEE, 0xFF}}},
	{{{16364, -1552, -8554},0, {1458, 676},{0xD9, 0x9C, 0xBC, 0xFF}}},
	{{{16364, -1380, -8554},0, {1746, 676},{0xD9, 0x64, 0xBC, 0xFF}}},
	{{{16904, -1552, -9162},0, {1458, -691},{0xBA, 0x97, 0xEE, 0xFF}}},
	{{{14564, -1142, -10646},0, {-161, 3882},{0x54, 0xBA, 0x41, 0xFF}}},
	{{{13330, -971, -12784},0, {-449, -266},{0x1B, 0x49, 0x9C, 0xFF}}},
	{{{14564, -971, -10646},0, {-449, 3882},{0x54, 0x46, 0x41, 0xFF}}},
	{{{13330, -1142, -12784},0, {-161, -266},{0x1B, 0xB7, 0x9C, 0xFF}}},
	{{{14959, -1552, -8930},0, {526, 1573},{0x44, 0x9C, 0xD9, 0xFF}}},
	{{{14796, -1380, -9727},0, {238, 207},{0x4A, 0x4D, 0xBB, 0xFF}}},
	{{{14959, -1380, -8930},0, {238, 1573},{0x44, 0x64, 0xD9, 0xFF}}},
	{{{14796, -1552, -9727},0, {526, 207},{0x4A, 0xB3, 0xBB, 0xFF}}},
	{{{11824, -1142, -11380},0, {-161, 2184},{0x46, 0x97, 0x12, 0xFF}}},
	{{{12363, -971, -11989},0, {-449, 818},{0x27, 0x64, 0x44, 0xFF}}},
	{{{11824, -971, -11380},0, {-449, 2184},{0x46, 0x69, 0x12, 0xFF}}},
	{{{12363, -1142, -11989},0, {-161, 818},{0x27, 0x9C, 0x44, 0xFF}}},
	{{{11191, -971, -11549},0, {385, 3684},{0xA6, 0x4D, 0xD2, 0xFF}}},
	{{{13330, -1142, -12784},0, {97, -464},{0x1B, 0xB7, 0x9C, 0xFF}}},
	{{{11191, -1142, -11549},0, {97, 3684},{0xA6, 0xB3, 0xD2, 0xFF}}},
	{{{13330, -971, -12784},0, {385, -464},{0x1B, 0x49, 0x9C, 0xFF}}},
	{{{13769, -1142, -11612},0, {97, 1259},{0xBC, 0x9C, 0x27, 0xFF}}},
	{{{13160, -971, -12152},0, {385, -107},{0xEE, 0x69, 0x46, 0xFF}}},
	{{{13160, -1142, -12152},0, {97, -107},{0xEE, 0x97, 0x46, 0xFF}}},
	{{{13769, -971, -11612},0, {385, 1259},{0xBC, 0x64, 0x27, 0xFF}}},
	{{{15567, -1380, -8390},0, {238, 966},{0x12, 0x69, 0xBA, 0xFF}}},
	{{{14959, -1552, -8930},0, {526, -400},{0x44, 0x9C, 0xD9, 0xFF}}},
	{{{14959, -1380, -8930},0, {238, -400},{0x44, 0x64, 0xD9, 0xFF}}},
	{{{15567, -1552, -8390},0, {526, 966},{0x12, 0x97, 0xBA, 0xFF}}},
	{{{17252, -1552, -11680},0, {1458, 1164},{0xBE, 0xB4, 0xB3, 0xFF}}},
	{{{17083, -1380, -11047},0, {1746, 2264},{0xAA, 0x5B, 0xE7, 0xFF}}},
	{{{17252, -1380, -11680},0, {1746, 1164},{0xBE, 0x4C, 0xB3, 0xFF}}},
	{{{17083, -1552, -11047},0, {1458, 2264},{0xAA, 0xA5, 0xE7, 0xFF}}},
	{{{14796, -1380, -9727},0, {238, 290},{0x4A, 0x4D, 0xBB, 0xFF}}},
	{{{14163, -1552, -9897},0, {526, -810},{0xAC, 0xBA, 0xBF, 0xFF}}},
	{{{14163, -1380, -9897},0, {238, -810},{0xAC, 0x46, 0xBF, 0xFF}}},
	{{{14796, -1552, -9727},0, {526, 290},{0x4A, 0xB3, 0xBB, 0xFF}}},
	{{{12363, -1142, -11989},0, {-161, 1185},{0x27, 0x9C, 0x44, 0xFF}}},
	{{{13160, -971, -12152},0, {-449, -182},{0xEE, 0x69, 0x46, 0xFF}}},
	{{{12363, -971, -11989},0, {-449, 1185},{0x27, 0x64, 0x44, 0xFF}}},
	{{{13160, -1142, -12152},0, {-161, -182},{0xEE, 0x97, 0x46, 0xFF}}},
	{{{11987, -1142, -10583},0, {-161, 1948},{0x60, 0xAD, 0x4, 0xFF}}},
	{{{11824, -971, -11380},0, {-449, 582},{0x46, 0x69, 0x12, 0xFF}}},
	{{{11987, -971, -10583},0, {-449, 1948},{0x60, 0x53, 0x4, 0xFF}}},
	{{{11824, -1142, -11380},0, {-161, 582},{0x46, 0x97, 0x12, 0xFF}}},
	{{{16364, -1380, -8554},0, {1746, -147},{0xD9, 0x64, 0xBC, 0xFF}}},
	{{{15567, -1552, -8390},0, {1458, 1219},{0x12, 0x97, 0xBA, 0xFF}}},
	{{{15567, -1380, -8390},0, {1746, 1219},{0x12, 0x69, 0xBA, 0xFF}}},
	{{{16364, -1552, -8554},0, {1458, -147},{0xD9, 0x9C, 0xBC, 0xFF}}},
	{{{11645, -1142, -9495},0, {-161, 2444},{0x2F, 0x8D, 0xE7, 0xFF}}},
	{{{11987, -971, -10583},0, {-449, 528},{0x60, 0x53, 0x4, 0xFF}}},
	{{{11645, -971, -9495},0, {-449, 2444},{0x2F, 0x73, 0xE7, 0xFF}}},
	{{{11987, -1142, -10583},0, {-161, 528},{0x60, 0xAD, 0x4, 0xFF}}},
	{{{17083, -1380, -11047},0, {1746, -732},{0xAA, 0x5B, 0xE7, 0xFF}}},
	{{{16741, -1552, -9959},0, {1458, 1184},{0xA0, 0xAD, 0xFC, 0xFF}}},
	{{{16741, -1380, -9959},0, {1746, 1184},{0xA0, 0x53, 0xFC, 0xFF}}},
	{{{17083, -1552, -11047},0, {1458, -732},{0xAA, 0xA5, 0xE7, 0xFF}}},
	{{{13932, -1142, -10815},0, {97, -1585},{0xB6, 0xB3, 0x45, 0xFF}}},
	{{{14564, -971, -10646},0, {385, -485},{0x54, 0x46, 0x41, 0xFF}}},
	{{{13932, -971, -10815},0, {385, -1585},{0xB6, 0x4D, 0x45, 0xFF}}},
	{{{14564, -1142, -10646},0, {97, -485},{0x54, 0xBA, 0x41, 0xFF}}},
	{{{11191, -971, -11549},0, {385, -1986},{0xA6, 0x4D, 0xD2, 0xFF}}},
	{{{11475, -1142, -8862},0, {97, 2553},{0xB3, 0xB4, 0x43, 0xFF}}},
	{{{11475, -971, -8862},0, {385, 2553},{0xB3, 0x4C, 0x43, 0xFF}}},
	{{{11191, -1142, -11549},0, {97, -1986},{0xA6, 0xB3, 0xD2, 0xFF}}},
	{{{16741, -1552, -9959},0, {1458, 480},{0xA0, 0xAD, 0xFC, 0xFF}}},
	{{{16904, -1380, -9162},0, {1746, 1847},{0xBA, 0x69, 0xEE, 0xFF}}},
	{{{16741, -1380, -9959},0, {1746, 480},{0xA0, 0x53, 0xFC, 0xFF}}},
	{{{16904, -1552, -9162},0, {1458, 1847},{0xBA, 0x97, 0xEE, 0xFF}}},
	{{{19285, -1104, -13817},0, {2389, 2087},{0x0, 0xA6, 0xA6, 0xFF}}},
	{{{19025, -846, -14589},0, {2826, 721},{0xB4, 0xC4, 0xAD, 0xFF}}},
	{{{19974, -1104, -13817},0, {1232, 2087},{0x69, 0xCD, 0xCD, 0xFF}}},
	{{{19974, -846, -14589},0, {1232, 721},{0x64, 0xB1, 0x0, 0xFF}}},
	{{{19974, -846, -14589},0, {1232, 721},{0x64, 0xB1, 0x0, 0xFF}}},
	{{{19025, -846, -14589},0, {2826, 721},{0xB4, 0xC4, 0xAD, 0xFF}}},
	{{{19285, -846, -14589},0, {2389, 721},{0xB4, 0xC4, 0x53, 0xFF}}},
	{{{19285, -2647, -13817},0, {-405, 2143},{0x0, 0x5A, 0xA6, 0xFF}}},
	{{{19025, -2904, -14589},0, {-842, 776},{0xB4, 0x3C, 0xAD, 0xFF}}},
	{{{19025, -2647, -13817},0, {-842, 2143},{0x97, 0x33, 0xCD, 0xFF}}},
	{{{19974, -2647, -13817},0, {752, 2143},{0x69, 0x33, 0xCD, 0xFF}}},
	{{{19974, -2689, -13944},0, {752, 1918},{0xF8, 0x4F, 0x9D, 0xFF}}},
	{{{19285, -2904, -14589},0, {-405, 776},{0xD3, 0x6C, 0xCE, 0xFF}}},
	{{{19974, -2904, -14589},0, {752, 776},{0x64, 0x4F, 0x0, 0xFF}}},
	{{{17536, -1552, -8993},0, {526, 3407},{0x5A, 0xB3, 0x2E, 0xFF}}},
	{{{17281, -1380, -11407},0, {238, -672},{0x2A, 0x73, 0x22, 0xFF}}},
	{{{17536, -1380, -8993},0, {238, 3407},{0x5A, 0x4D, 0x2E, 0xFF}}},
	{{{17281, -1552, -11407},0, {526, -672},{0x2A, 0x8D, 0x22, 0xFF}}},
	{{{17536, -2377, -8993},0, {-135, 3407},{0x5A, 0xB3, 0x2E, 0xFF}}},
	{{{17281, -2199, -11407},0, {-434, -672},{0x2A, 0x73, 0x22, 0xFF}}},
	{{{17536, -2199, -8993},0, {-434, 3407},{0x5A, 0x4D, 0x2E, 0xFF}}},
	{{{17281, -2377, -11407},0, {-135, -672},{0x2A, 0x8D, 0x22, 0xFF}}},
	{{{20816, -1552, -11781},0, {526, 3424},{0x51, 0xB7, 0x41, 0xFF}}},
	{{{20581, -1380, -14008},0, {238, -338},{0x41, 0x49, 0xAF, 0xFF}}},
	{{{20816, -1380, -11781},0, {238, 3424},{0x51, 0x49, 0x41, 0xFF}}},
	{{{20581, -1552, -14008},0, {526, -338},{0x41, 0xB7, 0xAF, 0xFF}}},
	{{{20816, -1552, -11781},0, {526, -1048},{0x51, 0xB7, 0x41, 0xFF}}},
	{{{19299, -1380, -11621},0, {238, 1516},{0x2A, 0x73, 0x22, 0xFF}}},
	{{{19299, -1552, -11621},0, {526, 1516},{0x2A, 0x8D, 0x22, 0xFF}}},
	{{{20816, -1380, -11781},0, {238, -1048},{0x51, 0x49, 0x41, 0xFF}}},
	{{{20816, -2377, -11781},0, {-135, 3424},{0x51, 0xB7, 0x41, 0xFF}}},
	{{{20581, -2199, -14008},0, {-434, -338},{0x41, 0x49, 0xAF, 0xFF}}},
	{{{20816, -2199, -11781},0, {-434, 3424},{0x51, 0x49, 0x41, 0xFF}}},
	{{{20581, -2377, -14008},0, {-135, -338},{0x41, 0xB7, 0xAF, 0xFF}}},
	{{{19299, -2377, -11621},0, {-135, 1516},{0xBF, 0xB7, 0x51, 0xFF}}},
	{{{20816, -2199, -11781},0, {-434, -1048},{0x51, 0x49, 0x41, 0xFF}}},
	{{{19299, -2199, -11621},0, {-434, 1516},{0xBF, 0x49, 0x51, 0xFF}}},
	{{{20210, -2377, -11717},0, {-135, -24},{0xE6, 0xDA, 0x76, 0xFF}}},
	{{{20366, -2377, -11734},0, {-135, 1761},{0x32, 0xD9, 0x6E, 0xFF}}},
	{{{20210, -3110, -11717},0, {1096, 2024},{0xBF, 0xB7, 0x51, 0xFF}}},
	{{{20366, -3110, -11734},0, {1096, 1761},{0x51, 0xB7, 0x41, 0xFF}}},
	{{{20210, -2377, -11717},0, {-135, 2024},{0xE6, 0xDA, 0x76, 0xFF}}},
	{{{20816, -2199, -11781},0, {-434, 1000},{0x51, 0x49, 0x41, 0xFF}}},
	{{{20816, -2377, -11781},0, {-135, 1000},{0x51, 0xB7, 0x41, 0xFF}}},
	{{{18230, -2199, -11783},0, {370, -825},{0xD6, 0x73, 0xDE, 0xFF}}},
	{{{17252, -2377, -11680},0, {71, 828},{0xBE, 0xB4, 0xB3, 0xFF}}},
	{{{17252, -2199, -11680},0, {370, 828},{0xBE, 0x4C, 0xB3, 0xFF}}},
	{{{18230, -2377, -11783},0, {71, -825},{0xD6, 0x8D, 0xDE, 0xFF}}},
	{{{19270, -1380, -11893},0, {1746, 1516},{0xAF, 0x49, 0xBF, 0xFF}}},
	{{{20181, -1552, -11990},0, {1458, -24},{0xD6, 0x8D, 0xDE, 0xFF}}},
	{{{19270, -1552, -11893},0, {1458, 1516},{0xAF, 0xB7, 0xBF, 0xFF}}},
	{{{20181, -1380, -11990},0, {1746, -24},{0xD6, 0x73, 0xDE, 0xFF}}},
	{{{19974, -2199, -13944},0, {2418, 2024},{0xAF, 0x49, 0xBF, 0xFF}}},
	{{{20130, -2377, -13961},0, {2119, 1761},{0x1A, 0xDA, 0x8A, 0xFF}}},
	{{{19974, -2689, -13944},0, {1594, 2024},{0xF8, 0x4F, 0x9D, 0xFF}}},
	{{{20130, -3110, -13961},0, {888, 1761},{0x41, 0xB7, 0xAF, 0xFF}}},
	{{{19974, -3110, -13944},0, {888, 2024},{0x23, 0x8B, 0xDE, 0xFF}}},
	{{{20130, -2377, -13961},0, {71, 1761},{0x1A, 0xDA, 0x8A, 0xFF}}},
	{{{19974, -2199, -13944},0, {370, 2024},{0xAF, 0x49, 0xBF, 0xFF}}},
	{{{20581, -2199, -14008},0, {370, 1000},{0x41, 0x49, 0xAF, 0xFF}}},
	{{{20581, -2377, -14008},0, {71, 1000},{0x41, 0xB7, 0xAF, 0xFF}}},
	{{{20181, -2377, -11990},0, {2119, 2964},{0x8A, 0xDA, 0xE6, 0xFF}}},
	{{{19974, -2199, -13944},0, {2418, -338},{0xAF, 0x49, 0xBF, 0xFF}}},
	{{{19974, -2689, -13944},0, {1594, -338},{0xF8, 0x4F, 0x9D, 0xFF}}},
	{{{20181, -2377, -11990},0, {2119, 2964},{0x8A, 0xDA, 0xE6, 0xFF}}},
	{{{19974, -2689, -13944},0, {1594, -338},{0xF8, 0x4F, 0x9D, 0xFF}}},
	{{{20181, -3110, -11990},0, {888, 2964},{0xA6, 0xA6, 0x9, 0xFF}}},
	{{{19974, -3110, -13944},0, {888, -338},{0x23, 0x8B, 0xDE, 0xFF}}},
	{{{20581, -1380, -14008},0, {1746, 1000},{0x41, 0x49, 0xAF, 0xFF}}},
	{{{19974, -1552, -13944},0, {1458, 2024},{0xAF, 0xB7, 0xBF, 0xFF}}},
	{{{19974, -1380, -13944},0, {1746, 2024},{0xAF, 0x49, 0xBF, 0xFF}}},
	{{{20581, -1552, -14008},0, {1458, 1000},{0x41, 0xB7, 0xAF, 0xFF}}},
	{{{19974, -1380, -13944},0, {1746, -338},{0xAF, 0x49, 0xBF, 0xFF}}},
	{{{20181, -1552, -11990},0, {1458, 2964},{0xD6, 0x8D, 0xDE, 0xFF}}},
	{{{20181, -1380, -11990},0, {1746, 2964},{0xD6, 0x73, 0xDE, 0xFF}}},
	{{{19974, -1552, -13944},0, {1458, -338},{0xAF, 0xB7, 0xBF, 0xFF}}},
	{{{20181, -2199, -11990},0, {370, -24},{0xD6, 0x73, 0xDE, 0xFF}}},
	{{{19270, -2377, -11893},0, {71, 1516},{0x22, 0x8D, 0xD6, 0xFF}}},
	{{{19270, -2199, -11893},0, {370, 1516},{0x22, 0x73, 0xD6, 0xFF}}},
	{{{20181, -2377, -11990},0, {71, -24},{0x8A, 0xDA, 0xE6, 0xFF}}},
	{{{17252, -1380, -11680},0, {1746, 828},{0xBE, 0x4C, 0xB3, 0xFF}}},
	{{{18230, -1552, -11783},0, {1458, -825},{0x41, 0xB7, 0xAF, 0xFF}}},
	{{{17252, -1552, -11680},0, {1458, 828},{0xBE, 0xB4, 0xB3, 0xFF}}},
	{{{18230, -1380, -11783},0, {1746, -825},{0x41, 0x49, 0xAF, 0xFF}}},
	{{{17281, -2377, -11407},0, {-135, 828},{0x2A, 0x8D, 0x22, 0xFF}}},
	{{{18259, -2199, -11511},0, {-434, -825},{0x51, 0x49, 0x41, 0xFF}}},
	{{{17281, -2199, -11407},0, {-434, 828},{0x2A, 0x73, 0x22, 0xFF}}},
	{{{18259, -2377, -11511},0, {-135, -825},{0x51, 0xB7, 0x41, 0xFF}}},
	{{{18259, -1552, -11511},0, {526, -825},{0xDE, 0x8D, 0x2A, 0xFF}}},
	{{{17281, -1380, -11407},0, {238, 828},{0x2A, 0x73, 0x22, 0xFF}}},
	{{{17281, -1552, -11407},0, {526, 828},{0x2A, 0x8D, 0x22, 0xFF}}},
	{{{18259, -1380, -11511},0, {238, -825},{0xDE, 0x73, 0x2A, 0xFF}}},
	{{{19326, -1552, -11366},0, {526, -532},{0x51, 0xB7, 0x41, 0xFF}}},
	{{{18286, -1380, -11256},0, {238, 1223},{0xBF, 0x49, 0x51, 0xFF}}},
	{{{18286, -1552, -11256},0, {526, 1223},{0xBF, 0xB7, 0x51, 0xFF}}},
	{{{19326, -1380, -11366},0, {238, -532},{0x51, 0x49, 0x41, 0xFF}}},
	{{{18259, -1552, -11511},0, {1458, 1376},{0xDE, 0x8D, 0x2A, 0xFF}}},
	{{{18286, -1380, -11256},0, {1746, 1807},{0xBF, 0x49, 0x51, 0xFF}}},
	{{{18259, -1380, -11511},0, {1746, 1376},{0xDE, 0x73, 0x2A, 0xFF}}},
	{{{18286, -1552, -11256},0, {1458, 1807},{0xBF, 0xB7, 0x51, 0xFF}}},
	{{{19326, -1552, -11366},0, {526, 1807},{0x51, 0xB7, 0x41, 0xFF}}},
	{{{19299, -1380, -11621},0, {238, 1376},{0x2A, 0x73, 0x22, 0xFF}}},
	{{{19326, -1380, -11366},0, {238, 1807},{0x51, 0x49, 0x41, 0xFF}}},
	{{{19299, -1552, -11621},0, {526, 1376},{0x2A, 0x8D, 0x22, 0xFF}}},
	{{{18255, -1552, -11553},0, {526, 1304},{0x22, 0x8D, 0xD6, 0xFF}}},
	{{{18230, -1380, -11783},0, {238, 916},{0x41, 0x49, 0xAF, 0xFF}}},
	{{{18255, -1380, -11553},0, {238, 1304},{0x22, 0x73, 0xD6, 0xFF}}},
	{{{18230, -1552, -11783},0, {526, 916},{0x41, 0xB7, 0xAF, 0xFF}}},
	{{{19270, -1552, -11893},0, {1458, 916},{0xAF, 0xB7, 0xBF, 0xFF}}},
	{{{19294, -1380, -11663},0, {1746, 1304},{0xD6, 0x73, 0xDE, 0xFF}}},
	{{{19270, -1380, -11893},0, {1746, 916},{0xAF, 0x49, 0xBF, 0xFF}}},
	{{{19294, -1552, -11663},0, {1458, 1304},{0xD6, 0x8D, 0xDE, 0xFF}}},
	{{{19247, -2199, -12105},0, {370, -532},{0x41, 0x49, 0xAF, 0xFF}}},
	{{{18208, -2377, -11995},0, {71, 1223},{0xAF, 0xB7, 0xBF, 0xFF}}},
	{{{18208, -2199, -11995},0, {370, 1223},{0xAF, 0x49, 0xBF, 0xFF}}},
	{{{19247, -2377, -12105},0, {71, -532},{0x41, 0xB7, 0xAF, 0xFF}}},
	{{{19270, -2377, -11893},0, {-135, 916},{0x22, 0x8D, 0xD6, 0xFF}}},
	{{{19247, -2199, -12105},0, {-434, 558},{0x41, 0x49, 0xAF, 0xFF}}},
	{{{19270, -2199, -11893},0, {-434, 916},{0x22, 0x73, 0xD6, 0xFF}}},
	{{{19247, -2377, -12105},0, {-135, 558},{0x41, 0xB7, 0xAF, 0xFF}}},
	{{{18208, -2377, -11995},0, {71, 558},{0xAF, 0xB7, 0xBF, 0xFF}}},
	{{{18230, -2199, -11783},0, {370, 916},{0xD6, 0x73, 0xDE, 0xFF}}},
	{{{18208, -2199, -11995},0, {370, 558},{0xAF, 0x49, 0xBF, 0xFF}}},
	{{{18230, -2377, -11783},0, {71, 916},{0xD6, 0x8D, 0xDE, 0xFF}}},
	{{{19276, -2377, -11833},0, {71, 1017},{0xDE, 0x8D, 0x2A, 0xFF}}},
	{{{19299, -2199, -11621},0, {370, 1376},{0xBF, 0x49, 0x51, 0xFF}}},
	{{{19276, -2199, -11833},0, {370, 1017},{0xDE, 0x73, 0x2A, 0xFF}}},
	{{{19299, -2377, -11621},0, {71, 1376},{0xBF, 0xB7, 0x51, 0xFF}}},
	{{{18259, -2377, -11511},0, {-135, 1376},{0x51, 0xB7, 0x41, 0xFF}}},
	{{{18237, -2199, -11723},0, {-434, 1017},{0x2A, 0x73, 0x22, 0xFF}}},
	{{{18259, -2199, -11511},0, {-434, 1376},{0x51, 0x49, 0x41, 0xFF}}},
	{{{18237, -2377, -11723},0, {-135, 1017},{0x2A, 0x8D, 0x22, 0xFF}}},
	{{{19025, -1875, -13560},0, {-842, 1040},{0x9C, 0x0, 0xB1, 0xFF}}},
	{{{19285, -2647, -13817},0, {-405, -326},{0x0, 0x5A, 0xA6, 0xFF}}},
	{{{19025, -2647, -13817},0, {-842, -326},{0x97, 0x33, 0xCD, 0xFF}}},
	{{{19285, -1875, -13560},0, {-405, 1040},{0x0, 0x0, 0x81, 0xFF}}},
	{{{19285, -1104, -13817},0, {341, -493},{0x0, 0xA6, 0xA6, 0xFF}}},
	{{{19025, -1875, -13560},0, {778, 874},{0x9C, 0x0, 0xB1, 0xFF}}},
	{{{19025, -1104, -13817},0, {778, -493},{0x97, 0xCD, 0xCD, 0xFF}}},
	{{{19285, -1875, -13560},0, {341, 874},{0x0, 0x0, 0x81, 0xFF}}},
	{{{-2251, 13195, 2472},0, {4380, 629},{0xB7, 0xB7, 0xB7, 0xFF}}},
	{{{-5884, 12558, 2472},0, {-1724, -442},{0x49, 0x49, 0xB7, 0xFF}}},
	{{{-5884, 13195, 2472},0, {-1724, 629},{0x49, 0xB7, 0xB7, 0xFF}}},
	{{{-2251, 12558, 2472},0, {4380, -442},{0xB7, 0x49, 0xB7, 0xFF}}},
	{{{-7482, 20814, -2203},0, {1735, 1139},{0xDA, 0x73, 0xDA, 0xFF}}},
	{{{-8005, 20532, -2203},0, {857, 665},{0x49, 0x49, 0xB7, 0xFF}}},
	{{{-8005, 20814, -2203},0, {857, 1139},{0x26, 0x73, 0xDA, 0xFF}}},
	{{{-7482, 20532, -2203},0, {1735, 665},{0xB7, 0x49, 0xB7, 0xFF}}},
	{{{-5020, 17781, -5467},0, {1775, 140},{0xE0, 0x9D, 0xB7, 0xFF}}},
	{{{-5187, 16934, -5467},0, {1495, -1282},{0x20, 0x63, 0xB7, 0xFF}}},
	{{{-5496, 17537, -5467},0, {975, -270},{0x63, 0xE0, 0xB7, 0xFF}}},
	{{{-4711, 17178, -5467},0, {2294, -872},{0x9D, 0x20, 0xB7, 0xFF}}},
	{{{-5010, 16459, -6680},0, {-264, 1038},{0x94, 0x24, 0xC7, 0xFF}}},
	{{{-5351, 17076, -6612},0, {920, 1159},{0xD9, 0x8C, 0xDF, 0xFF}}},
	{{{-5344, 17110, -6680},0, {965, 1038},{0xDF, 0x94, 0xC6, 0xFF}}},
	{{{-5041, 16473, -6612},0, {-218, 1159},{0x8A, 0x23, 0xE0, 0xFF}}},
	{{{-5010, 16459, -6680},0, {1007, -1044},{0x94, 0x24, 0xC7, 0xFF}}},
	{{{-5517, 16229, -6612},0, {73, -920},{0x27, 0x74, 0xDF, 0xFF}}},
	{{{-5041, 16473, -6612},0, {971, -920},{0x8A, 0x23, 0xE0, 0xFF}}},
	{{{-5524, 16195, -6680},0, {37, -1044},{0x21, 0x6D, 0xC7, 0xFF}}},
	{{{-5858, 16846, -6680},0, {1947, 134},{0x6B, 0xDB, 0xC7, 0xFF}}},
	{{{-5351, 17076, -6612},0, {1013, 258},{0xD9, 0x8C, 0xDF, 0xFF}}},
	{{{-5827, 16832, -6612},0, {1911, 258},{0x76, 0xDD, 0xE0, 0xFF}}},
	{{{-5344, 17110, -6680},0, {977, 134},{0xDF, 0x94, 0xC6, 0xFF}}},
	{{{-5827, 16832, -6612},0, {1064, 1881},{0x76, 0xDD, 0xE0, 0xFF}}},
	{{{-5524, 16195, -6680},0, {2248, 1760},{0x21, 0x6D, 0xC7, 0xFF}}},
	{{{-5858, 16846, -6680},0, {1019, 1760},{0x6B, 0xDB, 0xC7, 0xFF}}},
	{{{-5517, 16229, -6612},0, {2202, 1881},{0x27, 0x74, 0xDF, 0xFF}}},
	{{{-4017, 18629, -6680},0, {59, 847},{0x9B, 0x23, 0xBB, 0xFF}}},
	{{{-4533, 18403, -6612},0, {-885, 977},{0x27, 0x72, 0xD7, 0xFF}}},
	{{{-4057, 18647, -6612},0, {13, 977},{0x8D, 0x22, 0xD7, 0xFF}}},
	{{{-4542, 18359, -6680},0, {-931, 847},{0x1E, 0x66, 0xBA, 0xFF}}},
	{{{-4842, 19005, -6612},0, {619, 1596},{0x73, 0xDF, 0xD6, 0xFF}}},
	{{{-4542, 18359, -6680},0, {1815, 1472},{0x1E, 0x66, 0xBA, 0xFF}}},
	{{{-4883, 19024, -6680},0, {560, 1472},{0x64, 0xDE, 0xBA, 0xFF}}},
	{{{-4533, 18403, -6612},0, {1756, 1596},{0x27, 0x72, 0xD7, 0xFF}}},
	{{{-4883, 19024, -6680},0, {867, 1025},{0x64, 0xDE, 0xBA, 0xFF}}},
	{{{-4366, 19250, -6612},0, {-77, 1155},{0xD8, 0x8E, 0xD8, 0xFF}}},
	{{{-4842, 19005, -6612},0, {821, 1155},{0x73, 0xDF, 0xD6, 0xFF}}},
	{{{-4358, 19293, -6680},0, {-123, 1025},{0xE2, 0x99, 0xBC, 0xFF}}},
	{{{-4017, 18629, -6680},0, {169, 1833},{0x9B, 0x23, 0xBB, 0xFF}}},
	{{{-4366, 19250, -6612},0, {1365, 1957},{0xD8, 0x8E, 0xD8, 0xFF}}},
	{{{-4358, 19293, -6680},0, {1424, 1833},{0xE2, 0x99, 0xBC, 0xFF}}},
	{{{-4057, 18647, -6612},0, {228, 1957},{0x8D, 0x22, 0xD7, 0xFF}}},
	{{{-5189, 18267, -6680},0, {1905, 1827},{0x70, 0xDA, 0xD2, 0xFF}}},
	{{{-4689, 18500, -6612},0, {980, 1947},{0xD8, 0x8A, 0xE7, 0xFF}}},
	{{{-5165, 18256, -6612},0, {1878, 1947},{0x77, 0xDC, 0xE7, 0xFF}}},
	{{{-4684, 18526, -6680},0, {953, 1827},{0xDE, 0x8E, 0xD2, 0xFF}}},
	{{{-5165, 18256, -6612},0, {-557, 1849},{0x77, 0xDC, 0xE7, 0xFF}}},
	{{{-4861, 17628, -6680},0, {615, 1731},{0x23, 0x72, 0xD4, 0xFF}}},
	{{{-5189, 18267, -6680},0, {-591, 1731},{0x70, 0xDA, 0xD2, 0xFF}}},
	{{{-4856, 17653, -6612},0, {581, 1849},{0x27, 0x77, 0xE8, 0xFF}}},
	{{{-4356, 17887, -6680},0, {1031, 823},{0x90, 0x26, 0xD2, 0xFF}}},
	{{{-4856, 17653, -6612},0, {106, 943},{0x27, 0x77, 0xE8, 0xFF}}},
	{{{-4380, 17898, -6612},0, {1004, 943},{0x89, 0x24, 0xE7, 0xFF}}},
	{{{-4861, 17628, -6680},0, {79, 823},{0x23, 0x72, 0xD4, 0xFF}}},
	{{{-4356, 17887, -6680},0, {-679, 711},{0x90, 0x26, 0xD2, 0xFF}}},
	{{{-4689, 18500, -6612},0, {493, 829},{0xD8, 0x8A, 0xE7, 0xFF}}},
	{{{-4684, 18526, -6680},0, {527, 711},{0xDE, 0x8E, 0xD2, 0xFF}}},
	{{{-4380, 17898, -6612},0, {-645, 829},{0x89, 0x24, 0xE7, 0xFF}}},
	{{{-4672, 17160, -6680},0, {3, -225},{0x9A, 0x23, 0xBC, 0xFF}}},
	{{{-5187, 16934, -6612},0, {-941, -96},{0x28, 0x72, 0xD8, 0xFF}}},
	{{{-4711, 17178, -6612},0, {-42, -96},{0x8C, 0x22, 0xD8, 0xFF}}},
	{{{-5195, 16892, -6680},0, {-986, -225},{0x1E, 0x67, 0xBD, 0xFF}}},
	{{{-5496, 17537, -6612},0, {264, 739},{0x73, 0xDE, 0xD7, 0xFF}}},
	{{{-5195, 16892, -6680},0, {1459, 615},{0x1E, 0x67, 0xBD, 0xFF}}},
	{{{-5536, 17555, -6680},0, {207, 615},{0x65, 0xDD, 0xBB, 0xFF}}},
	{{{-5187, 16934, -6612},0, {1402, 739},{0x28, 0x72, 0xD8, 0xFF}}},
	{{{-5536, 17555, -6680},0, {922, -37},{0x65, 0xDD, 0xBB, 0xFF}}},
	{{{-5020, 17781, -6612},0, {-22, 91},{0xD8, 0x8E, 0xD8, 0xFF}}},
	{{{-5496, 17537, -6612},0, {877, 91},{0x73, 0xDE, 0xD7, 0xFF}}},
	{{{-5012, 17823, -6680},0, {-67, -37},{0xE1, 0x99, 0xBD, 0xFF}}},
	{{{-4672, 17160, -6680},0, {-1523, 580},{0x9A, 0x23, 0xBC, 0xFF}}},
	{{{-5020, 17781, -6612},0, {-328, 704},{0xD8, 0x8E, 0xD8, 0xFF}}},
	{{{-5012, 17823, -6680},0, {-271, 580},{0xE1, 0x99, 0xBD, 0xFF}}},
	{{{-4711, 17178, -6612},0, {-1466, 704},{0x8C, 0x22, 0xD8, 0xFF}}},
	{{{-1582, 9896, -352},0, {-272, 735},{0x5B, 0x50, 0xDA, 0xFF}}},
	{{{-1739, 9451, -506},0, {477, 366},{0xD7, 0xBA, 0x9E, 0xFF}}},
	{{{-1739, 9896, -506},0, {-272, 366},{0xD7, 0x46, 0x9E, 0xFF}}},
	{{{-1582, 9451, -352},0, {477, 735},{0x5B, 0xB0, 0xDA, 0xFF}}},
	{{{-1068, 9451, -811},0, {-541, -739},{0x29, 0x46, 0x9E, 0xFF}}},
	{{{-1224, 9005, -656},0, {-1290, -370},{0xA5, 0xB0, 0xDA, 0xFF}}},
	{{{-1224, 9451, -656},0, {-541, -370},{0xA5, 0x50, 0xDA, 0xFF}}},
	{{{-1068, 9005, -811},0, {-1290, -739},{0x29, 0xBA, 0x9E, 0xFF}}},
	{{{-1895, 9005, -960},0, {1226, 1691},{0x5B, 0x50, 0xDA, 0xFF}}},
	{{{-2052, 8559, -1115},0, {1975, 1321},{0xD7, 0xBA, 0x9E, 0xFF}}},
	{{{-2052, 9005, -1115},0, {1226, 1321},{0xD7, 0x46, 0x9E, 0xFF}}},
	{{{-1895, 8559, -960},0, {1975, 1691},{0x5B, 0xB0, 0xDA, 0xFF}}},
	{{{-1381, 8559, -1420},0, {9, -1085},{0x29, 0x46, 0x9E, 0xFF}}},
	{{{-1537, 8113, -1265},0, {-740, -716},{0xA5, 0xB0, 0xDA, 0xFF}}},
	{{{-1537, 8559, -1265},0, {9, -716},{0xA5, 0x50, 0xDA, 0xFF}}},
	{{{-1381, 8113, -1420},0, {-740, -1085},{0x29, 0xBA, 0x9E, 0xFF}}},
	{{{8271, 16692, -2809},0, {3622, 359},{0x49, 0x49, 0xB7, 0xFF}}},
	{{{4818, 15840, -2809},0, {-2179, -1072},{0xBA, 0x62, 0x2A, 0xFF}}},
	{{{4818, 16692, -2809},0, {-2179, 359},{0x0, 0x0, 0x7F, 0xFF}}},
	{{{5046, 15840, -2809},0, {-1796, -1072},{0x0, 0x32, 0x8B, 0xFF}}},
	{{{8271, 15840, -2809},0, {3622, -1072},{0x67, 0x1D, 0xBB, 0xFF}}},
	{{{5745, 15215, -3464},0, {-2669, 87},{0x0, 0x5C, 0xA8, 0xFF}}},
	{{{8271, 14988, -3703},0, {1574, -467},{0x47, 0xED, 0x98, 0xFF}}},
	{{{5291, 15215, -3464},0, {-3432, 87},{0x0, 0x5C, 0xA8, 0xFF}}},
	{{{5745, 15215, -3464},0, {-2669, 87},{0x0, 0x5C, 0xA8, 0xFF}}},
	{{{8271, 15414, -3256},0, {1574, 570},{0x11, 0x48, 0x99, 0xFF}}},
	{{{8271, 14988, -3703},0, {1574, -467},{0x47, 0xED, 0x98, 0xFF}}},
	{{{5745, 15441, -3228},0, {-2669, 635},{0x0, 0x5C, 0xA8, 0xFF}}},
	{{{8698, 15414, -3256},0, {2292, 570},{0x50, 0x27, 0xA5, 0xFF}}},
	{{{8271, 15627, -3033},0, {1574, 1088},{0x42, 0x61, 0xD0, 0xFF}}},
	{{{5375, 15441, -3228},0, {-3291, 635},{0x0, 0x5C, 0xA8, 0xFF}}},
	{{{8271, 15627, -3033},0, {3622, -960},{0x42, 0x61, 0xD0, 0xFF}}},
	{{{5046, 15840, -2809},0, {-1796, -441},{0x0, 0x32, 0x8B, 0xFF}}},
	{{{8271, 15840, -2809},0, {3622, -441},{0x67, 0x1D, 0xBB, 0xFF}}},
	{{{5375, 15441, -3228},0, {-1243, -1413},{0x0, 0x5C, 0xA8, 0xFF}}},
	{{{4818, 14988, -3703},0, {4163, 71},{0xB9, 0xED, 0x98, 0xFF}}},
	{{{8698, 14763, -3151},0, {-2356, 1071},{0x55, 0xA3, 0xEE, 0xFF}}},
	{{{4818, 14763, -3151},0, {4163, 1071},{0xAB, 0xA3, 0xEE, 0xFF}}},
	{{{8271, 14806, -3256},0, {-1638, 881},{0x1A, 0x9D, 0xB4, 0xFF}}},
	{{{8271, 14988, -3703},0, {-1638, 71},{0x47, 0xED, 0x98, 0xFF}}},
	{{{19276, -2377, -11833},0, {-135, -532},{0xDE, 0x8D, 0x2A, 0xFF}}},
	{{{18237, -2199, -11723},0, {-434, 1223},{0x2A, 0x73, 0x22, 0xFF}}},
	{{{18237, -2377, -11723},0, {-135, 1223},{0x2A, 0x8D, 0x22, 0xFF}}},
	{{{19276, -2199, -11833},0, {-434, -532},{0xDE, 0x73, 0x2A, 0xFF}}},
	{{{19294, -1380, -11663},0, {1746, -532},{0xD6, 0x73, 0xDE, 0xFF}}},
	{{{18255, -1552, -11553},0, {1458, 1223},{0x22, 0x8D, 0xD6, 0xFF}}},
	{{{18255, -1380, -11553},0, {1746, 1223},{0x22, 0x73, 0xD6, 0xFF}}},
	{{{19294, -1552, -11663},0, {1458, -532},{0xD6, 0x8D, 0xDE, 0xFF}}},
	{{{20366, -3110, -11734},0, {1096, 3424},{0x51, 0xB7, 0x41, 0xFF}}},
	{{{20130, -2377, -13961},0, {-135, -338},{0x1A, 0xDA, 0x8A, 0xFF}}},
	{{{20366, -2377, -11734},0, {-135, 3424},{0x32, 0xD9, 0x6E, 0xFF}}},
	{{{20130, -3110, -13961},0, {1096, -338},{0x41, 0xB7, 0xAF, 0xFF}}},
	{{{11511, -1142, -8853},0, {-161, 2103},{0x35, 0xB6, 0x59, 0xFF}}},
	{{{11680, -971, -9485},0, {-449, 1004},{0x5A, 0x4A, 0xCD, 0xFF}}},
	{{{11511, -971, -8853},0, {-449, 2103},{0x34, 0x4A, 0x59, 0xFF}}},
	{{{11680, -1142, -9485},0, {-161, 1004},{0x5A, 0xB6, 0xCD, 0xFF}}},
	{{{11475, -1142, -8862},0, {97, -625},{0xB3, 0xB4, 0x43, 0xFF}}},
	{{{11511, -971, -8853},0, {385, -564},{0x34, 0x4A, 0x59, 0xFF}}},
	{{{11475, -971, -8862},0, {385, -625},{0xB3, 0x4C, 0x43, 0xFF}}},
	{{{11511, -1142, -8853},0, {97, -564},{0x35, 0xB6, 0x59, 0xFF}}},
	{{{11680, -971, -9485},0, {-449, -564},{0x5A, 0x4A, 0xCD, 0xFF}}},
	{{{11645, -1142, -9495},0, {-161, -625},{0x2F, 0x8D, 0xE7, 0xFF}}},
	{{{11645, -971, -9495},0, {-449, -625},{0x2F, 0x73, 0xE7, 0xFF}}},
	{{{11680, -1142, -9485},0, {-161, -564},{0x5A, 0xB6, 0xCD, 0xFF}}},
	{{{11511, -1967, -8853},0, {-823, 2103},{0x34, 0xB6, 0x59, 0xFF}}},
	{{{11680, -1790, -9485},0, {-1122, 1004},{0x5A, 0x4A, 0xCD, 0xFF}}},
	{{{11511, -1790, -8853},0, {-1122, 2103},{0x34, 0x4A, 0x59, 0xFF}}},
	{{{11680, -1967, -9485},0, {-823, 1004},{0x5A, 0xB6, 0xCD, 0xFF}}},
	{{{11511, -1967, -8853},0, {759, -564},{0x34, 0xB6, 0x59, 0xFF}}},
	{{{11475, -1790, -8862},0, {1058, -625},{0xB3, 0x4C, 0x43, 0xFF}}},
	{{{11475, -1967, -8862},0, {759, -625},{0xB3, 0xB4, 0x43, 0xFF}}},
	{{{11511, -1790, -8853},0, {1058, -564},{0x34, 0x4A, 0x59, 0xFF}}},
	{{{11680, -1790, -9485},0, {-1122, -564},{0x5A, 0x4A, 0xCD, 0xFF}}},
	{{{11645, -1967, -9495},0, {-823, -625},{0x2F, 0x8D, 0xE7, 0xFF}}},
	{{{11645, -1790, -9495},0, {-1122, -625},{0x2F, 0x73, 0xE7, 0xFF}}},
	{{{11680, -1967, -9485},0, {-823, -564},{0x5A, 0xB6, 0xCD, 0xFF}}},
	{{{-5351, 17076, -5467},0, {1220, 1004},{0xE1, 0x9D, 0xB7, 0xFF}}},
	{{{-5517, 16229, -5467},0, {940, -418},{0x1F, 0x63, 0xB7, 0xFF}}},
	{{{-5827, 16832, -5467},0, {420, 594},{0x63, 0xE1, 0xB7, 0xFF}}},
	{{{-5041, 16473, -5467},0, {1739, -8},{0x9D, 0x1F, 0xB7, 0xFF}}},
	{{{-6799, 18465, -2062},0, {64, -585},{0xB2, 0xC9, 0xAC, 0xFF}}},
	{{{-5948, 15812, -1179},0, {826, 4265},{0x50, 0xA3, 0xDE, 0xFF}}},
	{{{-7203, 18258, -2062},0, {826, -585},{0x58, 0x22, 0xAB, 0xFF}}},
	{{{-5544, 16020, -1179},0, {64, 4265},{0x1C, 0x89, 0xDE, 0xFF}}},
	{{{-6668, 20209, 2953},0, {1055, 123},{0xB7, 0xB7, 0xB7, 0xFF}}},
	{{{-7306, 19031, 2953},0, {-17, -1856},{0x5A, 0x0, 0xA6, 0xFF}}},
	{{{-7306, 20209, 2953},0, {-17, 123},{0x49, 0xB7, 0xB7, 0xFF}}},
	{{{-6987, 19031, 2953},0, {519, -1856},{0xDC, 0x21, 0x8B, 0xFF}}},
	{{{-6987, 19031, 2953},0, {519, -1856},{0xDC, 0x21, 0x8B, 0xFF}}},
	{{{-6668, 20209, 2953},0, {1055, 123},{0xB7, 0xB7, 0xB7, 0xFF}}},
	{{{-6668, 19031, 2953},0, {1055, -1856},{0xB7, 0x49, 0xB7, 0xFF}}},
	{{{-7306, 15496, 2139},0, {4657, 1141},{0x5D, 0xAC, 0xEC, 0xFF}}},
	{{{-7345, 20209, 2056},0, {-3259, 988},{0x0, 0x46, 0x96, 0xFF}}},
	{{{-7306, 20209, 2139},0, {-3259, 1141},{0x5D, 0x54, 0xEC, 0xFF}}},
	{{{-7345, 15496, 2056},0, {4657, 988},{0x0, 0xBA, 0x96, 0xFF}}},
	{{{-7345, 15496, 2056},0, {-4721, -929},{0x0, 0xBA, 0x96, 0xFF}}},
	{{{-7383, 20209, 2139},0, {3195, -776},{0xA3, 0x54, 0xEC, 0xFF}}},
	{{{-7345, 20209, 2056},0, {3195, -929},{0x0, 0x46, 0x96, 0xFF}}},
	{{{-7383, 15496, 2139},0, {-4721, -776},{0xA3, 0xAC, 0xEC, 0xFF}}},
	{{{-6987, 17853, 2953},0, {519, 261},{0xDC, 0xDF, 0x8B, 0xFF}}},
	{{{-7306, 16675, 2953},0, {-17, -1718},{0x5A, 0x0, 0xA6, 0xFF}}},
	{{{-7306, 17853, 2953},0, {-17, 261},{0x5A, 0x0, 0xA6, 0xFF}}},
	{{{-6987, 16675, 2953},0, {519, -1718},{0xDC, 0x21, 0x8B, 0xFF}}},
	{{{-6668, 17853, 2953},0, {1055, 261},{0xB7, 0xB7, 0xB7, 0xFF}}},
	{{{-6987, 16675, 2953},0, {519, -1718},{0xDC, 0x21, 0x8B, 0xFF}}},
	{{{-6668, 17853, 2953},0, {1055, 261},{0xB7, 0xB7, 0xB7, 0xFF}}},
	{{{-6668, 16675, 2953},0, {1055, -1718},{0xB7, 0x49, 0xB7, 0xFF}}},
	{{{-7383, 17853, 2953},0, {1902, 261},{0xA6, 0x0, 0xA6, 0xFF}}},
	{{{-7710, 16675, 2953},0, {1354, -1718},{0x24, 0xDF, 0x8B, 0xFF}}},
	{{{-7710, 17853, 2953},0, {1354, 261},{0x24, 0x21, 0x8B, 0xFF}}},
	{{{-7383, 16675, 2953},0, {1902, -1718},{0xA6, 0x0, 0xA6, 0xFF}}},
	{{{-6987, 16675, 2953},0, {519, 330},{0xDC, 0x21, 0x8B, 0xFF}}},
	{{{-7306, 15496, 2953},0, {-17, -1649},{0x26, 0xDA, 0x8D, 0xFF}}},
	{{{-7306, 16675, 2953},0, {-17, 330},{0x5A, 0x0, 0xA6, 0xFF}}},
	{{{-6987, 15496, 2953},0, {519, -1649},{0xDA, 0x8F, 0xD3, 0xFF}}},
	{{{-7710, 16675, 2953},0, {1354, 330},{0x24, 0xDF, 0x8B, 0xFF}}},
	{{{-8036, 15496, 2953},0, {805, -1649},{0x26, 0x8D, 0xDA, 0xFF}}},
	{{{-8036, 16675, 2953},0, {805, 330},{0x49, 0xB7, 0xB7, 0xFF}}},
	{{{-7383, 15496, 2953},0, {1902, -1649},{0xB7, 0xB7, 0x49, 0xFF}}},
	{{{-7383, 16675, 2953},0, {1902, 330},{0xA6, 0x0, 0xA6, 0xFF}}},
	{{{-6987, 19031, 2953},0, {519, 192},{0xDC, 0x21, 0x8B, 0xFF}}},
	{{{-7306, 17853, 2953},0, {-17, -1787},{0x5A, 0x0, 0xA6, 0xFF}}},
	{{{-7306, 19031, 2953},0, {-17, 192},{0x5A, 0x0, 0xA6, 0xFF}}},
	{{{-6987, 17853, 2953},0, {519, -1787},{0xDC, 0xDF, 0x8B, 0xFF}}},
	{{{-8036, 19031, 2953},0, {2816, 560},{0x61, 0xF4, 0xAF, 0xFF}}},
	{{{-7710, 20209, 2177},0, {837, -855},{0x59, 0xEC, 0xA7, 0xFF}}},
	{{{-8036, 20209, 2953},0, {837, 560},{0x58, 0xB9, 0xC6, 0xFF}}},
	{{{-7710, 19031, 2177},0, {2816, -855},{0x62, 0xAF, 0x6, 0xFF}}},
	{{{-7383, 20209, 2953},0, {1902, 123},{0xB7, 0xB7, 0xB7, 0xFF}}},
	{{{-8036, 19031, 2953},0, {805, -1856},{0x61, 0xF4, 0xAF, 0xFF}}},
	{{{-8036, 20209, 2953},0, {805, 123},{0x58, 0xB9, 0xC6, 0xFF}}},
	{{{-7383, 19031, 2953},0, {1902, -1856},{0xA6, 0x0, 0xA6, 0xFF}}},
	{{{-7383, 19031, 2953},0, {1902, 192},{0xA6, 0x0, 0xA6, 0xFF}}},
	{{{-8036, 17853, 2953},0, {805, -1787},{0x49, 0x49, 0xB7, 0xFF}}},
	{{{-8036, 19031, 2953},0, {805, 192},{0x61, 0xF4, 0xAF, 0xFF}}},
	{{{-7710, 17853, 2953},0, {1354, -1787},{0x24, 0x21, 0x8B, 0xFF}}},
	{{{-7710, 17853, 2953},0, {1354, -1787},{0x24, 0x21, 0x8B, 0xFF}}},
	{{{-7383, 19031, 2953},0, {1902, 192},{0xA6, 0x0, 0xA6, 0xFF}}},
	{{{-7383, 17853, 2953},0, {1902, -1787},{0xA6, 0x0, 0xA6, 0xFF}}},
	{{{-6668, 17853, 1008},0, {-763, -1666},{0x81, 0xFD, 0xFB, 0xFF}}},
	{{{-6987, 19031, 2953},0, {1216, 1644},{0xDC, 0x21, 0x8B, 0xFF}}},
	{{{-6668, 19031, 1008},0, {1216, -1666},{0x8, 0x44, 0x95, 0xFF}}},
	{{{-6987, 17853, 2953},0, {-763, 1644},{0xDC, 0xDF, 0x8B, 0xFF}}},
	{{{-7710, 19031, 2177},0, {2816, 1026},{0x62, 0xAF, 0x6, 0xFF}}},
	{{{-8036, 20209, 1008},0, {837, -1012},{0x5F, 0x8, 0x54, 0xFF}}},
	{{{-7710, 20209, 2177},0, {837, 1026},{0x59, 0xEC, 0xA7, 0xFF}}},
	{{{-8036, 19031, 1008},0, {2816, -1012},{0x5F, 0xF8, 0x54, 0xFF}}},
	{{{-7710, 16675, 2953},0, {2678, 1690},{0x24, 0xDF, 0x8B, 0xFF}}},
	{{{-8036, 17853, 1008},0, {699, -1622},{0x5D, 0x5, 0x56, 0xFF}}},
	{{{-7710, 17853, 2953},0, {699, 1690},{0x24, 0x21, 0x8B, 0xFF}}},
	{{{-8036, 16675, 1008},0, {2678, -1622},{0x5D, 0xFB, 0x56, 0xFF}}},
	{{{-6668, 15496, 1008},0, {-625, -1666},{0xDB, 0x8A, 0x1F, 0xFF}}},
	{{{-6987, 16675, 2953},0, {1354, 1644},{0xDC, 0x21, 0x8B, 0xFF}}},
	{{{-6668, 16675, 1008},0, {1354, -1666},{0x8, 0x44, 0x95, 0xFF}}},
	{{{-6987, 15496, 2953},0, {-625, 1644},{0xDA, 0x8F, 0xD3, 0xFF}}},
	{{{-16852, 19608, 1408},0, {332, -886},{0x26, 0xDA, 0x8D, 0xFF}}},
	{{{-17517, 20361, 1408},0, {-785, 377},{0xA6, 0x0, 0xA6, 0xFF}}},
	{{{-16079, 20361, 1408},0, {1631, 377},{0x5A, 0x0, 0xA6, 0xFF}}},
	{{{-16743, 19608, 1408},0, {515, -886},{0xDA, 0xDA, 0x8D, 0xFF}}},
	{{{-16743, 19499, 1408},0, {515, -1069},{0xDA, 0x26, 0x8D, 0xFF}}},
	{{{-16743, 19033, 1408},0, {515, -1852},{0xDA, 0xDA, 0x8D, 0xFF}}},
	{{{-16743, 18925, 1408},0, {515, -2035},{0xDA, 0x26, 0x8D, 0xFF}}},
	{{{-17517, 5911, 1408},0, {1263, 682},{0xA6, 0x0, 0xA6, 0xFF}}},
	{{{-16852, 19608, 1408},0, {2380, 23690},{0x26, 0xDA, 0x8D, 0xFF}}},
	{{{-17517, -8538, 1408},0, {1263, -23590},{0xB7, 0xB7, 0xB7, 0xFF}}},
	{{{-16852, -8131, 1408},0, {2380, -22906},{0x26, 0x26, 0x8D, 0xFF}}},
	{{{-16743, 16345, 1408},0, {515, -4320},{0xDA, 0xDA, 0x8D, 0xFF}}},
	{{{-16079, 20361, 1408},0, {1631, 2425},{0x5A, 0x0, 0xA6, 0xFF}}},
	{{{-16743, 16236, 1408},0, {515, -4502},{0xDA, 0x26, 0x8D, 0xFF}}},
	{{{-16743, 16949, 1408},0, {515, -3305},{0xDA, 0x26, 0x8D, 0xFF}}},
	{{{-16743, 17058, 1408},0, {515, -3123},{0xDA, 0xDA, 0x8D, 0xFF}}},
	{{{-16743, 17628, 1408},0, {515, -2165},{0xDA, 0x26, 0x8D, 0xFF}}},
	{{{-16743, 17736, 1408},0, {515, -1983},{0xDA, 0xDA, 0x8D, 0xFF}}},
	{{{-16743, 18303, 1408},0, {515, -1031},{0xDA, 0x26, 0x8D, 0xFF}}},
	{{{-16743, 18412, 1408},0, {515, -848},{0xDA, 0xDA, 0x8D, 0xFF}}},
	{{{-16743, 18925, 1408},0, {515, 13},{0xDA, 0x26, 0x8D, 0xFF}}},
	{{{-16852, 18412, 1408},0, {332, -848},{0x49, 0xB7, 0x49, 0xFF}}},
	{{{-16852, 18925, 1408},0, {332, 13},{0xB7, 0x49, 0xB7, 0xFF}}},
	{{{-16743, 16236, 1408},0, {515, -2454},{0xDA, 0x26, 0x8D, 0xFF}}},
	{{{-16079, 20361, 1408},0, {1631, 4473},{0x5A, 0x0, 0xA6, 0xFF}}},
	{{{-16743, 15592, 1408},0, {515, -3537},{0xDA, 0xDA, 0x8D, 0xFF}}},
	{{{-16743, 15483, 1408},0, {515, -3720},{0xDA, 0x26, 0x8D, 0xFF}}},
	{{{-16743, 15483, 1408},0, {515, -3720},{0xDA, 0x26, 0x8D, 0xFF}}},
	{{{-16079, 20361, 1408},0, {1631, 4473},{0x5A, 0x0, 0xA6, 0xFF}}},
	{{{-16743, 14798, 1408},0, {515, -4871},{0xDA, 0xDA, 0x8D, 0xFF}}},
	{{{-16743, 14689, 1408},0, {515, -5054},{0xDA, 0x26, 0x8D, 0xFF}}},
	{{{-16743, 13963, 1408},0, {515, -6273},{0xDA, 0xDA, 0x8D, 0xFF}}},
	{{{-16743, 13854, 1408},0, {515, -6456},{0xDA, 0x26, 0x8D, 0xFF}}},
	{{{-16743, 13854, 1408},0, {515, -4408},{0xDA, 0x26, 0x8D, 0xFF}}},
	{{{-16079, 20361, 1408},0, {1631, 6521},{0x5A, 0x0, 0xA6, 0xFF}}},
	{{{-16743, 13087, 1408},0, {515, -5696},{0xDA, 0xDA, 0x8D, 0xFF}}},
	{{{-16743, 12979, 1408},0, {515, -5878},{0xDA, 0x26, 0x8D, 0xFF}}},
	{{{-16743, 12171, 1408},0, {515, -7235},{0xDA, 0xDA, 0x8D, 0xFF}}},
	{{{-16743, 12063, 1408},0, {515, -7417},{0xDA, 0x26, 0x8D, 0xFF}}},
	{{{-16743, 12063, 1408},0, {515, -5369},{0xDA, 0x26, 0x8D, 0xFF}}},
	{{{-16079, 20361, 1408},0, {1631, 8569},{0x5A, 0x0, 0xA6, 0xFF}}},
	{{{-16743, 11214, 1408},0, {515, -6794},{0xDA, 0xDA, 0x8D, 0xFF}}},
	{{{-16743, 11106, 1408},0, {515, -6977},{0xDA, 0x26, 0x8D, 0xFF}}},
	{{{-16743, 11106, 1408},0, {515, -6977},{0xDA, 0x26, 0x8D, 0xFF}}},
	{{{-16079, 20361, 1408},0, {1631, 8569},{0x5A, 0x0, 0xA6, 0xFF}}},
	{{{-16743, 10217, 1408},0, {515, -8470},{0xDA, 0xDA, 0x8D, 0xFF}}},
	{{{-16743, 10108, 1408},0, {515, -8652},{0xDA, 0x26, 0x8D, 0xFF}}},
	{{{-16743, 9179, 1408},0, {515, -10214},{0xDA, 0xDA, 0x8D, 0xFF}}},
	{{{-16743, 9070, 1408},0, {515, -10396},{0xDA, 0x26, 0x8D, 0xFF}}},
	{{{-16743, 9070, 1408},0, {515, -8348},{0xDA, 0x26, 0x8D, 0xFF}}},
	{{{-16079, 20361, 1408},0, {1631, 10617},{0x5A, 0x0, 0xA6, 0xFF}}},
	{{{-16743, 8100, 1408},0, {515, -9978},{0xDA, 0xDA, 0x8D, 0xFF}}},
	{{{-16743, 7991, 1408},0, {515, -10161},{0xDA, 0x26, 0x8D, 0xFF}}},
	{{{-16743, 6980, 1408},0, {515, -11859},{0xDA, 0xDA, 0x8D, 0xFF}}},
	{{{-16743, 6871, 1408},0, {515, -12042},{0xDA, 0x26, 0x8D, 0xFF}}},
	{{{-16743, 6871, 1408},0, {515, -9994},{0xDA, 0x26, 0x8D, 0xFF}}},
	{{{-16079, 20361, 1408},0, {1631, 12665},{0x5A, 0x0, 0xA6, 0xFF}}},
	{{{-16743, 5820, 1408},0, {515, -11760},{0xDA, 0xDA, 0x8D, 0xFF}}},
	{{{-16743, 5711, 1408},0, {515, -11943},{0xDA, 0x26, 0x8D, 0xFF}}},
	{{{-16743, 5711, 1408},0, {515, -11943},{0xDA, 0x26, 0x8D, 0xFF}}},
	{{{-16079, 20361, 1408},0, {1631, 12665},{0x5A, 0x0, 0xA6, 0xFF}}},
	{{{-16743, 4619, 1408},0, {515, -13777},{0xDA, 0xDA, 0x8D, 0xFF}}},
	{{{-16743, 4510, 1408},0, {515, -13960},{0xDA, 0x26, 0x8D, 0xFF}}},
	{{{-16743, 4510, 1408},0, {515, -11912},{0xDA, 0x26, 0x8D, 0xFF}}},
	{{{-16079, 20361, 1408},0, {1631, 14713},{0x5A, 0x0, 0xA6, 0xFF}}},
	{{{-16743, 3377, 1408},0, {515, -13815},{0xDA, 0xDA, 0x8D, 0xFF}}},
	{{{-16743, 3268, 1408},0, {515, -13998},{0xDA, 0x26, 0x8D, 0xFF}}},
	{{{-16743, 2095, 1408},0, {515, -15970},{0xDA, 0xDA, 0x8D, 0xFF}}},
	{{{-16743, 1986, 1408},0, {515, -16152},{0xDA, 0x26, 0x8D, 0xFF}}},
	{{{-16743, 1986, 1408},0, {515, -14104},{0xDA, 0x26, 0x8D, 0xFF}}},
	{{{-16079, 20361, 1408},0, {1631, 16761},{0x5A, 0x0, 0xA6, 0xFF}}},
	{{{-16743, 771, 1408},0, {515, -16144},{0xDA, 0xDA, 0x8D, 0xFF}}},
	{{{-16743, 663, 1408},0, {515, -16327},{0xDA, 0x26, 0x8D, 0xFF}}},
	{{{-16743, -592, 1408},0, {515, -18435},{0xDA, 0xDA, 0x8D, 0xFF}}},
	{{{-16743, -701, 1408},0, {515, -18618},{0xDA, 0x26, 0x8D, 0xFF}}},
	{{{-16743, -701, 1408},0, {515, -16570},{0xDA, 0x26, 0x8D, 0xFF}}},
	{{{-16079, 20361, 1408},0, {1631, 18809},{0x5A, 0x0, 0xA6, 0xFF}}},
	{{{-16743, -1997, 1408},0, {515, -18746},{0xDA, 0xDA, 0x8D, 0xFF}}},
	{{{-16743, -2106, 1408},0, {515, -18929},{0xDA, 0x26, 0x8D, 0xFF}}},
	{{{-16743, -2106, 1408},0, {515, -16881},{0xDA, 0x26, 0x8D, 0xFF}}},
	{{{-16079, 20361, 1408},0, {1631, 20857},{0x5A, 0x0, 0xA6, 0xFF}}},
	{{{-16743, -3442, 1408},0, {515, -19126},{0xDA, 0xDA, 0x8D, 0xFF}}},
	{{{-16743, -3551, 1408},0, {515, -19309},{0xDA, 0x26, 0x8D, 0xFF}}},
	{{{-16743, -4928, 1408},0, {515, -21622},{0xDA, 0xDA, 0x8D, 0xFF}}},
	{{{-16743, -5037, 1408},0, {515, -21805},{0xDA, 0x26, 0x8D, 0xFF}}},
	{{{-16743, -5037, 1408},0, {515, -19757},{0xDA, 0x26, 0x8D, 0xFF}}},
	{{{-16079, 20361, 1408},0, {1631, 22905},{0x5A, 0x0, 0xA6, 0xFF}}},
	{{{-16743, -6455, 1408},0, {515, -22139},{0xDA, 0xDA, 0x8D, 0xFF}}},
	{{{-16743, -6563, 1408},0, {515, -22321},{0xDA, 0x26, 0x8D, 0xFF}}},
	{{{-16743, -8022, 1408},0, {515, -24771},{0xDA, 0xDA, 0x8D, 0xFF}}},
	{{{-16743, -8131, 1408},0, {515, -24954},{0xDA, 0x26, 0x8D, 0xFF}}},
	{{{-17517, -8538, 1408},0, {-785, 986},{0xB7, 0xB7, 0xB7, 0xFF}}},
	{{{-16852, -8131, 1408},0, {332, 1670},{0x26, 0x26, 0x8D, 0xFF}}},
	{{{-16079, -8538, 1408},0, {1631, 986},{0x49, 0xB7, 0xB7, 0xFF}}},
	{{{-16743, -8131, 1408},0, {515, 1670},{0xDA, 0x26, 0x8D, 0xFF}}},
	{{{-16852, -8131, 1408},0, {332, -22906},{0x26, 0x26, 0x8D, 0xFF}}},
	{{{-16852, 19608, 1408},0, {332, 23690},{0x26, 0xDA, 0x8D, 0xFF}}},
	{{{-16852, 19499, 1408},0, {332, 23507},{0xB7, 0x49, 0xB7, 0xFF}}},
	{{{-16852, 19033, 1408},0, {332, 22724},{0x73, 0xDA, 0xDA, 0xFF}}},
	{{{-16852, 18925, 1408},0, {332, 22541},{0xB7, 0x49, 0xB7, 0xFF}}},
	{{{-16852, 18412, 1408},0, {332, 21680},{0x49, 0xB7, 0x49, 0xFF}}},
	{{{-16852, 18303, 1408},0, {332, 21497},{0xB7, 0x49, 0xB7, 0xFF}}},
	{{{-16852, 17736, 1408},0, {332, 20545},{0xB7, 0xB7, 0xB7, 0xFF}}},
	{{{-16852, -8131, 1408},0, {332, -20858},{0x26, 0x26, 0x8D, 0xFF}}},
	{{{-16852, 17736, 1408},0, {332, 22593},{0xB7, 0xB7, 0xB7, 0xFF}}},
	{{{-16852, 17628, 1408},0, {332, 22411},{0x73, 0x26, 0xDA, 0xFF}}},
	{{{-16852, 17058, 1408},0, {332, 21453},{0xB7, 0xB7, 0xB7, 0xFF}}},
	{{{-16852, -8131, 1408},0, {332, -20858},{0x26, 0x26, 0x8D, 0xFF}}},
	{{{-16852, 17058, 1408},0, {332, 21453},{0xB7, 0xB7, 0xB7, 0xFF}}},
	{{{-16852, 16949, 1408},0, {332, 21271},{0x73, 0x26, 0xDA, 0xFF}}},
	{{{-16852, 16345, 1408},0, {332, 20256},{0xB7, 0xB7, 0xB7, 0xFF}}},
	{{{-16852, 16236, 1408},0, {332, 20074},{0xB7, 0x49, 0xB7, 0xFF}}},
	{{{-16852, 15592, 1408},0, {332, 18991},{0xB7, 0xB7, 0xB7, 0xFF}}},
	{{{-16852, 15483, 1408},0, {332, 18808},{0xB7, 0x49, 0xB7, 0xFF}}},
	{{{-16852, 14798, 1408},0, {332, 17657},{0x73, 0xDA, 0xDA, 0xFF}}},
	{{{-16852, -8131, 1408},0, {332, -18810},{0x26, 0x26, 0x8D, 0xFF}}},
	{{{-16852, 14798, 1408},0, {332, 19705},{0x73, 0xDA, 0xDA, 0xFF}}},
	{{{-16852, 14689, 1408},0, {332, 19522},{0xB7, 0x49, 0xB7, 0xFF}}},
	{{{-16852, 13963, 1408},0, {332, 18303},{0xB7, 0xB7, 0xB7, 0xFF}}},
	{{{-16852, 13854, 1408},0, {332, 18120},{0xB7, 0x49, 0xB7, 0xFF}}},
	{{{-16852, 13087, 1408},0, {332, 16832},{0x73, 0xDA, 0xDA, 0xFF}}},
	{{{-16852, 12979, 1408},0, {332, 16650},{0xB7, 0x49, 0xB7, 0xFF}}},
	{{{-16852, -8131, 1408},0, {332, -16762},{0x26, 0x26, 0x8D, 0xFF}}},
	{{{-16852, 12979, 1408},0, {332, 18698},{0xB7, 0x49, 0xB7, 0xFF}}},
	{{{-16852, 12171, 1408},0, {332, 17341},{0xB7, 0xB7, 0xB7, 0xFF}}},
	{{{-16852, 12063, 1408},0, {332, 17159},{0x73, 0x26, 0xDA, 0xFF}}},
	{{{-16852, 11214, 1408},0, {332, 15734},{0xB7, 0xB7, 0xB7, 0xFF}}},
	{{{-16852, 11106, 1408},0, {332, 15551},{0x73, 0x26, 0xDA, 0xFF}}},
	{{{-16852, 10217, 1408},0, {332, 14058},{0x73, 0xDA, 0xDA, 0xFF}}},
	{{{-16852, -8131, 1408},0, {332, -14714},{0x26, 0x26, 0x8D, 0xFF}}},
	{{{-16852, 10217, 1408},0, {332, 16106},{0x73, 0xDA, 0xDA, 0xFF}}},
	{{{-16852, 10108, 1408},0, {332, 15924},{0xB7, 0x49, 0xB7, 0xFF}}},
	{{{-16852, 9179, 1408},0, {332, 14362},{0x73, 0xDA, 0xDA, 0xFF}}},
	{{{-16852, 9070, 1408},0, {332, 14180},{0xB7, 0x49, 0xB7, 0xFF}}},
	{{{-16852, 8100, 1408},0, {332, 12550},{0x73, 0xDA, 0xDA, 0xFF}}},
	{{{-16852, -8131, 1408},0, {332, -12666},{0x26, 0x26, 0x8D, 0xFF}}},
	{{{-16852, 8100, 1408},0, {332, 14598},{0x73, 0xDA, 0xDA, 0xFF}}},
	{{{-16852, 7991, 1408},0, {332, 14415},{0x73, 0x26, 0xDA, 0xFF}}},
	{{{-16852, -8131, 1408},0, {332, -12666},{0x26, 0x26, 0x8D, 0xFF}}},
	{{{-16852, 7991, 1408},0, {332, 14415},{0x73, 0x26, 0xDA, 0xFF}}},
	{{{-16852, 6980, 1408},0, {332, 12717},{0xB7, 0xB7, 0xB7, 0xFF}}},
	{{{-16852, 6871, 1408},0, {332, 12534},{0xB7, 0x49, 0xB7, 0xFF}}},
	{{{-16852, -8131, 1408},0, {332, -10618},{0x26, 0x26, 0x8D, 0xFF}}},
	{{{-16852, 6871, 1408},0, {332, 14582},{0xB7, 0x49, 0xB7, 0xFF}}},
	{{{-16852, 5820, 1408},0, {332, 12816},{0x49, 0xB7, 0x49, 0xFF}}},
	{{{-16852, 5711, 1408},0, {332, 12633},{0x73, 0x26, 0xDA, 0xFF}}},
	{{{-16852, 4619, 1408},0, {332, 10799},{0xB7, 0xB7, 0xB7, 0xFF}}},
	{{{-16852, 4510, 1408},0, {332, 10616},{0x73, 0x26, 0xDA, 0xFF}}},
	{{{-16852, 3377, 1408},0, {332, 8713},{0x49, 0xB7, 0x49, 0xFF}}},
	{{{-16852, -8131, 1408},0, {332, -8570},{0x26, 0x26, 0x8D, 0xFF}}},
	{{{-16852, 3377, 1408},0, {332, 10761},{0x49, 0xB7, 0x49, 0xFF}}},
	{{{-16852, 3268, 1408},0, {332, 10578},{0xB7, 0x49, 0xB7, 0xFF}}},
	{{{-16852, 2095, 1408},0, {332, 8606},{0xB7, 0xB7, 0xB7, 0xFF}}},
	{{{-16852, 1986, 1408},0, {332, 8424},{0x73, 0x26, 0xDA, 0xFF}}},
	{{{-16852, -8131, 1408},0, {332, -6522},{0x26, 0x26, 0x8D, 0xFF}}},
	{{{-16852, 1986, 1408},0, {332, 10472},{0x73, 0x26, 0xDA, 0xFF}}},
	{{{-16852, 771, 1408},0, {332, 8432},{0xB7, 0xB7, 0xB7, 0xFF}}},
	{{{-16852, 663, 1408},0, {332, 8249},{0xB7, 0x49, 0xB7, 0xFF}}},
	{{{-16852, -592, 1408},0, {332, 6141},{0x73, 0xDA, 0xDA, 0xFF}}},
	{{{-16852, -8131, 1408},0, {332, -4474},{0x26, 0x26, 0x8D, 0xFF}}},
	{{{-16852, -592, 1408},0, {332, 8189},{0x73, 0xDA, 0xDA, 0xFF}}},
	{{{-16852, -701, 1408},0, {332, 8006},{0xB7, 0x49, 0xB7, 0xFF}}},
	{{{-16852, -1997, 1408},0, {332, 5830},{0xB7, 0xB7, 0xB7, 0xFF}}},
	{{{-16852, -2106, 1408},0, {332, 5647},{0x73, 0x26, 0xDA, 0xFF}}},
	{{{-16852, -3442, 1408},0, {332, 3402},{0xB7, 0xB7, 0xB7, 0xFF}}},
	{{{-16852, -8131, 1408},0, {332, -2426},{0x26, 0x26, 0x8D, 0xFF}}},
	{{{-16852, -3442, 1408},0, {332, 5450},{0xB7, 0xB7, 0xB7, 0xFF}}},
	{{{-16852, -3551, 1408},0, {332, 5267},{0x73, 0x26, 0xDA, 0xFF}}},
	{{{-16852, -4928, 1408},0, {332, 2954},{0xB7, 0xB7, 0xB7, 0xFF}}},
	{{{-16852, -5037, 1408},0, {332, 2771},{0x73, 0x26, 0xDA, 0xFF}}},
	{{{-16852, -8131, 1408},0, {332, -2426},{0x26, 0x26, 0x8D, 0xFF}}},
	{{{-16852, -5037, 1408},0, {332, 2771},{0x73, 0x26, 0xDA, 0xFF}}},
	{{{-16852, -6455, 1408},0, {332, 389},{0xB7, 0xB7, 0xB7, 0xFF}}},
	{{{-16743, -5037, 1408},0, {515, 2771},{0xDA, 0x26, 0x8D, 0xFF}}},
	{{{-16743, -6455, 1408},0, {515, 389},{0xDA, 0xDA, 0x8D, 0xFF}}},
	{{{-16852, -8131, 1408},0, {332, -378},{0x26, 0x26, 0x8D, 0xFF}}},
	{{{-16852, -6455, 1408},0, {332, 2437},{0xB7, 0xB7, 0xB7, 0xFF}}},
	{{{-16852, -6563, 1408},0, {332, 2255},{0xB7, 0x49, 0xB7, 0xFF}}},
	{{{-16852, -8022, 1408},0, {332, -195},{0x73, 0xDA, 0xDA, 0xFF}}},
	{{{-16743, -6563, 1408},0, {515, 2255},{0xDA, 0x26, 0x8D, 0xFF}}},
	{{{-16743, -8022, 1408},0, {515, -195},{0xDA, 0xDA, 0x8D, 0xFF}}},
	{{{-16079, -8538, 1408},0, {1631, -23590},{0x49, 0xB7, 0xB7, 0xFF}}},
	{{{-16743, -8131, 1408},0, {515, -22906},{0xDA, 0x26, 0x8D, 0xFF}}},
	{{{-16079, 20361, 1408},0, {1631, 24953},{0x5A, 0x0, 0xA6, 0xFF}}},
	{{{-16079, 5911, 1408},0, {1631, 682},{0x5A, 0x0, 0x5A, 0xFF}}},
	{{{-16743, -3551, 1408},0, {515, 1171},{0xDA, 0x26, 0x8D, 0xFF}}},
	{{{-16852, -4928, 1408},0, {332, -1142},{0xB7, 0xB7, 0xB7, 0xFF}}},
	{{{-16852, -3551, 1408},0, {332, 1171},{0x73, 0x26, 0xDA, 0xFF}}},
	{{{-16743, -4928, 1408},0, {515, -1142},{0xDA, 0xDA, 0x8D, 0xFF}}},
	{{{-16743, -2106, 1408},0, {515, 1551},{0xDA, 0x26, 0x8D, 0xFF}}},
	{{{-16852, -3442, 1408},0, {332, -694},{0xB7, 0xB7, 0xB7, 0xFF}}},
	{{{-16852, -2106, 1408},0, {332, 1551},{0x73, 0x26, 0xDA, 0xFF}}},
	{{{-16743, -3442, 1408},0, {515, -694},{0xDA, 0xDA, 0x8D, 0xFF}}},
	{{{-16743, -701, 1408},0, {515, 1862},{0xDA, 0x26, 0x8D, 0xFF}}},
	{{{-16852, -1997, 1408},0, {332, -314},{0xB7, 0xB7, 0xB7, 0xFF}}},
	{{{-16852, -701, 1408},0, {332, 1862},{0xB7, 0x49, 0xB7, 0xFF}}},
	{{{-16743, -1997, 1408},0, {515, -314},{0xDA, 0xDA, 0x8D, 0xFF}}},
	{{{-16743, 663, 1408},0, {515, 57},{0xDA, 0x26, 0x8D, 0xFF}}},
	{{{-16852, -592, 1408},0, {332, -2051},{0x73, 0xDA, 0xDA, 0xFF}}},
	{{{-16852, 663, 1408},0, {332, 57},{0xB7, 0x49, 0xB7, 0xFF}}},
	{{{-16743, -592, 1408},0, {515, -2051},{0xDA, 0xDA, 0x8D, 0xFF}}},
	{{{-16743, 1986, 1408},0, {515, 232},{0xDA, 0x26, 0x8D, 0xFF}}},
	{{{-16852, 771, 1408},0, {332, -1808},{0xB7, 0xB7, 0xB7, 0xFF}}},
	{{{-16852, 1986, 1408},0, {332, 232},{0x73, 0x26, 0xDA, 0xFF}}},
	{{{-16743, 771, 1408},0, {515, -1808},{0xDA, 0xDA, 0x8D, 0xFF}}},
	{{{-16743, 3268, 1408},0, {515, 338},{0xDA, 0x26, 0x8D, 0xFF}}},
	{{{-16852, 2095, 1408},0, {332, -1634},{0xB7, 0xB7, 0xB7, 0xFF}}},
	{{{-16852, 3268, 1408},0, {332, 338},{0xB7, 0x49, 0xB7, 0xFF}}},
	{{{-16743, 2095, 1408},0, {515, -1634},{0xDA, 0xDA, 0x8D, 0xFF}}},
	{{{-16743, 4510, 1408},0, {515, 376},{0xDA, 0x26, 0x8D, 0xFF}}},
	{{{-16852, 3377, 1408},0, {332, -1527},{0x49, 0xB7, 0x49, 0xFF}}},
	{{{-16852, 4510, 1408},0, {332, 376},{0x73, 0x26, 0xDA, 0xFF}}},
	{{{-16743, 3377, 1408},0, {515, -1527},{0xDA, 0xDA, 0x8D, 0xFF}}},
	{{{-16743, 5711, 1408},0, {515, 345},{0xDA, 0x26, 0x8D, 0xFF}}},
	{{{-16852, 4619, 1408},0, {332, -1489},{0xB7, 0xB7, 0xB7, 0xFF}}},
	{{{-16852, 5711, 1408},0, {332, 345},{0x73, 0x26, 0xDA, 0xFF}}},
	{{{-16743, 4619, 1408},0, {515, -1489},{0xDA, 0xDA, 0x8D, 0xFF}}},
	{{{-16743, 6871, 1408},0, {515, 246},{0xDA, 0x26, 0x8D, 0xFF}}},
	{{{-16852, 5820, 1408},0, {332, -1520},{0x49, 0xB7, 0x49, 0xFF}}},
	{{{-16852, 6871, 1408},0, {332, 246},{0xB7, 0x49, 0xB7, 0xFF}}},
	{{{-16743, 5820, 1408},0, {515, -1520},{0xDA, 0xDA, 0x8D, 0xFF}}},
	{{{-16743, 7991, 1408},0, {515, 79},{0xDA, 0x26, 0x8D, 0xFF}}},
	{{{-16852, 6980, 1408},0, {332, -1619},{0xB7, 0xB7, 0xB7, 0xFF}}},
	{{{-16852, 7991, 1408},0, {332, 79},{0x73, 0x26, 0xDA, 0xFF}}},
	{{{-16743, 6980, 1408},0, {515, -1619},{0xDA, 0xDA, 0x8D, 0xFF}}},
	{{{-16743, 9070, 1408},0, {515, -156},{0xDA, 0x26, 0x8D, 0xFF}}},
	{{{-16852, 8100, 1408},0, {332, -1786},{0x73, 0xDA, 0xDA, 0xFF}}},
	{{{-16852, 9070, 1408},0, {332, -156},{0xB7, 0x49, 0xB7, 0xFF}}},
	{{{-16743, 8100, 1408},0, {515, -1786},{0xDA, 0xDA, 0x8D, 0xFF}}},
	{{{-16743, 10108, 1408},0, {515, 1588},{0xDA, 0x26, 0x8D, 0xFF}}},
	{{{-16852, 9179, 1408},0, {332, 26},{0x73, 0xDA, 0xDA, 0xFF}}},
	{{{-16852, 10108, 1408},0, {332, 1588},{0xB7, 0x49, 0xB7, 0xFF}}},
	{{{-16743, 9179, 1408},0, {515, 26},{0xDA, 0xDA, 0x8D, 0xFF}}},
	{{{-16743, 11106, 1408},0, {515, 1215},{0xDA, 0x26, 0x8D, 0xFF}}},
	{{{-16852, 10217, 1408},0, {332, -278},{0x73, 0xDA, 0xDA, 0xFF}}},
	{{{-16852, 11106, 1408},0, {332, 1215},{0x73, 0x26, 0xDA, 0xFF}}},
	{{{-16743, 10217, 1408},0, {515, -278},{0xDA, 0xDA, 0x8D, 0xFF}}},
	{{{-16743, 12063, 1408},0, {515, 775},{0xDA, 0x26, 0x8D, 0xFF}}},
	{{{-16852, 11214, 1408},0, {332, -650},{0xB7, 0xB7, 0xB7, 0xFF}}},
	{{{-16852, 12063, 1408},0, {332, 775},{0x73, 0x26, 0xDA, 0xFF}}},
	{{{-16743, 11214, 1408},0, {515, -650},{0xDA, 0xDA, 0x8D, 0xFF}}},
	{{{-16743, 12979, 1408},0, {515, 266},{0xDA, 0x26, 0x8D, 0xFF}}},
	{{{-16852, 12171, 1408},0, {332, -1091},{0xB7, 0xB7, 0xB7, 0xFF}}},
	{{{-16852, 12979, 1408},0, {332, 266},{0xB7, 0x49, 0xB7, 0xFF}}},
	{{{-16743, 12171, 1408},0, {515, -1091},{0xDA, 0xDA, 0x8D, 0xFF}}},
	{{{-16743, 13854, 1408},0, {515, -312},{0xDA, 0x26, 0x8D, 0xFF}}},
	{{{-16852, 13087, 1408},0, {332, -1600},{0x73, 0xDA, 0xDA, 0xFF}}},
	{{{-16852, 13854, 1408},0, {332, -312},{0xB7, 0x49, 0xB7, 0xFF}}},
	{{{-16743, 13087, 1408},0, {515, -1600},{0xDA, 0xDA, 0x8D, 0xFF}}},
	{{{-16743, 14689, 1408},0, {515, 1090},{0xDA, 0x26, 0x8D, 0xFF}}},
	{{{-16852, 13963, 1408},0, {332, -129},{0xB7, 0xB7, 0xB7, 0xFF}}},
	{{{-16852, 14689, 1408},0, {332, 1090},{0xB7, 0x49, 0xB7, 0xFF}}},
	{{{-16743, 13963, 1408},0, {515, -129},{0xDA, 0xDA, 0x8D, 0xFF}}},
	{{{-16743, 15483, 1408},0, {515, 376},{0xDA, 0x26, 0x8D, 0xFF}}},
	{{{-16852, 14798, 1408},0, {332, -775},{0x73, 0xDA, 0xDA, 0xFF}}},
	{{{-16852, 15483, 1408},0, {332, 376},{0xB7, 0x49, 0xB7, 0xFF}}},
	{{{-16743, 14798, 1408},0, {515, -775},{0xDA, 0xDA, 0x8D, 0xFF}}},
	{{{-16743, 16236, 1408},0, {515, -406},{0xDA, 0x26, 0x8D, 0xFF}}},
	{{{-16852, 15592, 1408},0, {332, -1489},{0xB7, 0xB7, 0xB7, 0xFF}}},
	{{{-16852, 16236, 1408},0, {332, -406},{0xB7, 0x49, 0xB7, 0xFF}}},
	{{{-16743, 15592, 1408},0, {515, -1489},{0xDA, 0xDA, 0x8D, 0xFF}}},
	{{{-16743, 16949, 1408},0, {515, 791},{0xDA, 0x26, 0x8D, 0xFF}}},
	{{{-16852, 16345, 1408},0, {332, -224},{0xB7, 0xB7, 0xB7, 0xFF}}},
	{{{-16852, 16949, 1408},0, {332, 791},{0x73, 0x26, 0xDA, 0xFF}}},
	{{{-16743, 16345, 1408},0, {515, -224},{0xDA, 0xDA, 0x8D, 0xFF}}},
	{{{-16743, 17628, 1408},0, {515, -117},{0xDA, 0x26, 0x8D, 0xFF}}},
	{{{-16852, 17058, 1408},0, {332, -1075},{0xB7, 0xB7, 0xB7, 0xFF}}},
	{{{-16852, 17628, 1408},0, {332, -117},{0x73, 0x26, 0xDA, 0xFF}}},
	{{{-16743, 17058, 1408},0, {515, -1075},{0xDA, 0xDA, 0x8D, 0xFF}}},
	{{{-16743, 18303, 1408},0, {515, 1017},{0xDA, 0x26, 0x8D, 0xFF}}},
	{{{-16852, 17736, 1408},0, {332, 65},{0xB7, 0xB7, 0xB7, 0xFF}}},
	{{{-16852, 18303, 1408},0, {332, 1017},{0xB7, 0x49, 0xB7, 0xFF}}},
	{{{-16743, 17736, 1408},0, {515, 65},{0xDA, 0xDA, 0x8D, 0xFF}}},
	{{{-16743, 19499, 1408},0, {515, 979},{0xDA, 0x26, 0x8D, 0xFF}}},
	{{{-16852, 19033, 1408},0, {332, 196},{0x73, 0xDA, 0xDA, 0xFF}}},
	{{{-16852, 19499, 1408},0, {332, 979},{0xB7, 0x49, 0xB7, 0xFF}}},
	{{{-16743, 19033, 1408},0, {515, 196},{0xDA, 0xDA, 0x8D, 0xFF}}},
	{{{4614, 16442, 1356},0, {1575, 1987},{0xB7, 0xB7, 0xB7, 0xFF}}},
	{{{3696, 14988, 1356},0, {33, -456},{0x26, 0x8D, 0xDA, 0xFF}}},
	{{{3696, 16442, 1356},0, {33, 1987},{0x49, 0xB7, 0xB7, 0xFF}}},
	{{{4614, 14988, 1356},0, {1575, -456},{0xDA, 0x8D, 0xDA, 0xFF}}},
	{{{17075, 17400, -4963},0, {-1024, 299},{0xE1, 0x9F, 0xB4, 0xFF}}},
	{{{17075, 17859, -4963},0, {-1024, 1070},{0xE1, 0x61, 0xB4, 0xFF}}},
	{{{17345, 17487, -4963},0, {-571, 446},{0x53, 0xC4, 0xB4, 0xFF}}},
	{{{17345, 17771, -4963},0, {-571, 923},{0x53, 0x3C, 0xB4, 0xFF}}},
	{{{15993, 15530, -3223},0, {230, -10},{0xD7, 0x4F, 0xA5, 0xFF}}},
	{{{15811, 14847, -3015},0, {-918, 454},{0xA4, 0xAF, 0xDE, 0xFF}}},
	{{{15811, 15530, -3015},0, {230, 454},{0xA4, 0x51, 0xDE, 0xFF}}},
	{{{15993, 14847, -3223},0, {-918, -10},{0xD7, 0xB1, 0xA6, 0xFF}}},
	{{{17149, 15838, -4050},0, {-899, -277},{0x0, 0x9A, 0xB4, 0xFF}}},
	{{{17027, 16215, -4050},0, {-1105, 357},{0xC4, 0x53, 0xB4, 0xFF}}},
	{{{17272, 16215, -4050},0, {-693, 357},{0x3C, 0x53, 0xB4, 0xFF}}},
	{{{17348, 15982, -4050},0, {-565, -35},{0x61, 0xE1, 0xB4, 0xFF}}},
	{{{18011, 16129, -4274},0, {548, 213},{0xE1, 0x61, 0xB4, 0xFF}}},
	{{{18011, 15811, -4274},0, {548, -322},{0xE1, 0x9F, 0xB4, 0xFF}}},
	{{{17895, 15970, -4274},0, {354, -55},{0x9A, 0x0, 0xB4, 0xFF}}},
	{{{18198, 16068, -4274},0, {863, 111},{0x53, 0x3C, 0xB4, 0xFF}}},
	{{{18011, 15811, -4274},0, {548, -322},{0xE1, 0x9F, 0xB4, 0xFF}}},
	{{{18198, 16068, -4274},0, {863, 111},{0x53, 0x3C, 0xB4, 0xFF}}},
	{{{18198, 15871, -4274},0, {863, -220},{0x53, 0xC4, 0xB4, 0xFF}}},
	{{{18844, 17812, -5542},0, {-101, 991},{0xE1, 0x61, 0xB4, 0xFF}}},
	{{{18844, 17446, -5542},0, {-101, 377},{0xE1, 0x9F, 0xB4, 0xFF}}},
	{{{18711, 17629, -5542},0, {-323, 684},{0x9A, 0x0, 0xB4, 0xFF}}},
	{{{19059, 17516, -5542},0, {260, 495},{0x53, 0xC4, 0xB4, 0xFF}}},
	{{{19059, 17742, -5542},0, {260, 874},{0x53, 0x3C, 0xB4, 0xFF}}},
	{{{18839, 16900, -5780},0, {-108, -540},{0xE1, 0x61, 0xB4, 0xFF}}},
	{{{18839, 16508, -5780},0, {-108, -1200},{0xE0, 0x9F, 0xB4, 0xFF}}},
	{{{18697, 16704, -5780},0, {-347, -870},{0x9A, 0x0, 0xB4, 0xFF}}},
	{{{19070, 16582, -5780},0, {280, -1074},{0x53, 0xC4, 0xB4, 0xFF}}},
	{{{19070, 16825, -5780},0, {280, -666},{0x53, 0x3C, 0xB4, 0xFF}}},
	{{{17087, 16621, -4717},0, {-1004, -1009},{0xE1, 0x9F, 0xB4, 0xFF}}},
	{{{17087, 17006, -4717},0, {-1004, -362},{0xE1, 0x61, 0xB4, 0xFF}}},
	{{{17313, 16933, -4717},0, {-624, -486},{0x53, 0x3C, 0xB4, 0xFF}}},
	{{{17087, 16621, -4717},0, {-1004, -1009},{0xE1, 0x9F, 0xB4, 0xFF}}},
	{{{17313, 16933, -4717},0, {-624, -486},{0x53, 0x3C, 0xB4, 0xFF}}},
	{{{17313, 16695, -4717},0, {-624, -885},{0x53, 0xC4, 0xB4, 0xFF}}},
	{{{18009, 16870, -4545},0, {544, -591},{0xE1, 0x61, 0xB4, 0xFF}}},
	{{{18009, 16538, -4545},0, {544, -1149},{0xE1, 0x9F, 0xB4, 0xFF}}},
	{{{17888, 16704, -4545},0, {342, -870},{0x9A, 0x0, 0xB4, 0xFF}}},
	{{{18204, 16806, -4545},0, {872, -698},{0x53, 0x3C, 0xB4, 0xFF}}},
	{{{18204, 16601, -4545},0, {872, -1042},{0x53, 0xC4, 0xB4, 0xFF}}},
	{{{17089, 15096, -3748},0, {-1001, 525},{0xE1, 0x9F, 0xB4, 0xFF}}},
	{{{17089, 15470, -3748},0, {-1001, 1153},{0xE1, 0x61, 0xB4, 0xFF}}},
	{{{17309, 15398, -3748},0, {-631, 1033},{0x53, 0x3C, 0xB4, 0xFF}}},
	{{{17309, 15167, -3748},0, {-631, 645},{0x53, 0xC4, 0xB4, 0xFF}}},
	{{{17974, 17823, -5268},0, {486, 1010},{0xE1, 0x61, 0xB4, 0xFF}}},
	{{{17974, 17435, -5268},0, {486, 358},{0xE1, 0x9F, 0xB4, 0xFF}}},
	{{{17833, 17629, -5268},0, {250, 684},{0x9A, 0x0, 0xB4, 0xFF}}},
	{{{18202, 17509, -5268},0, {869, 483},{0x53, 0xC4, 0xB4, 0xFF}}},
	{{{18202, 17509, -5268},0, {869, 483},{0x53, 0xC4, 0xB4, 0xFF}}},
	{{{17974, 17823, -5268},0, {486, 1010},{0xE1, 0x61, 0xB4, 0xFF}}},
	{{{18202, 17749, -5268},0, {869, 886},{0x53, 0x3C, 0xB4, 0xFF}}},
	{{{17075, 17859, -3223},0, {-1024, -978},{0xED, 0x3C, 0x92, 0xFF}}},
	{{{16612, 18252, -3223},0, {-1801, -318},{0xB7, 0x49, 0xB7, 0xFF}}},
	{{{19454, 18252, -3223},0, {2972, -318},{0x49, 0x49, 0xB7, 0xFF}}},
	{{{17345, 17771, -3223},0, {-571, -1125},{0x33, 0x25, 0x92, 0xFF}}},
	{{{17345, 17771, -3223},0, {-2619, -1125},{0x33, 0x25, 0x92, 0xFF}}},
	{{{19454, 18252, -3223},0, {924, -318},{0x49, 0x49, 0xB7, 0xFF}}},
	{{{17974, 17823, -3223},0, {-1562, -1038},{0xED, 0x3C, 0x92, 0xFF}}},
	{{{18202, 17749, -3223},0, {-1179, -1162},{0x33, 0x25, 0x92, 0xFF}}},
	{{{18844, 17812, -3223},0, {-101, -1057},{0xED, 0x3C, 0x92, 0xFF}}},
	{{{19059, 17742, -3223},0, {260, -1174},{0x33, 0x25, 0x92, 0xFF}}},
	{{{19059, 17516, -3223},0, {260, -1553},{0x33, 0xDB, 0x92, 0xFF}}},
	{{{17345, 17771, -3223},0, {-571, 923},{0x33, 0x25, 0x92, 0xFF}}},
	{{{17974, 17823, -3223},0, {486, 1010},{0xED, 0x3C, 0x92, 0xFF}}},
	{{{17833, 17629, -3223},0, {250, 684},{0xC0, 0x0, 0x92, 0xFF}}},
	{{{17348, 15982, -3223},0, {-565, -2083},{0x3C, 0xED, 0x92, 0xFF}}},
	{{{17895, 15970, -3223},0, {354, -2103},{0xC1, 0x0, 0x92, 0xFF}}},
	{{{17888, 16704, -3223},0, {342, -870},{0xC1, 0x0, 0x92, 0xFF}}},
	{{{17974, 17435, -3223},0, {486, 358},{0xED, 0xC4, 0x92, 0xFF}}},
	{{{18009, 16870, -3223},0, {544, -591},{0xED, 0x3C, 0x92, 0xFF}}},
	{{{18202, 17509, -3223},0, {869, 483},{0x33, 0xDB, 0x92, 0xFF}}},
	{{{18204, 16806, -3223},0, {872, -698},{0x33, 0x25, 0x92, 0xFF}}},
	{{{18202, 17749, -3223},0, {869, 886},{0x33, 0x25, 0x92, 0xFF}}},
	{{{17345, 17487, -3223},0, {-571, 446},{0x33, 0xDB, 0x92, 0xFF}}},
	{{{17313, 16933, -3223},0, {-624, -486},{0x33, 0x25, 0x92, 0xFF}}},
	{{{17087, 17006, -3223},0, {-1004, -362},{0xED, 0x3D, 0x92, 0xFF}}},
	{{{17075, 17400, -3223},0, {-1024, 299},{0xED, 0xC3, 0x92, 0xFF}}},
	{{{18202, 17749, -3223},0, {-1179, 886},{0x33, 0x25, 0x92, 0xFF}}},
	{{{18844, 17812, -3223},0, {-101, 991},{0xED, 0x3C, 0x92, 0xFF}}},
	{{{18711, 17629, -3223},0, {-323, 684},{0xC0, 0x0, 0x92, 0xFF}}},
	{{{18204, 16806, -3223},0, {-1176, -698},{0x33, 0x25, 0x92, 0xFF}}},
	{{{18204, 16601, -3223},0, {-1176, -1042},{0x33, 0xDB, 0x92, 0xFF}}},
	{{{18697, 16704, -3223},0, {-347, -870},{0xC0, 0x0, 0x92, 0xFF}}},
	{{{18839, 16900, -3223},0, {-108, -540},{0xED, 0x3C, 0x92, 0xFF}}},
	{{{18844, 17446, -3223},0, {-101, 377},{0xED, 0xC4, 0x92, 0xFF}}},
	{{{19070, 16825, -3223},0, {280, -666},{0x33, 0x25, 0x92, 0xFF}}},
	{{{19059, 17516, -3223},0, {260, 495},{0x33, 0xDB, 0x92, 0xFF}}},
	{{{19454, 18252, -3223},0, {924, 1730},{0x49, 0x49, 0xB7, 0xFF}}},
	{{{19070, 16825, -3223},0, {280, 1382},{0x33, 0x25, 0x92, 0xFF}}},
	{{{19454, 18252, -3223},0, {924, 3778},{0x49, 0x49, 0xB7, 0xFF}}},
	{{{19454, 14847, -3223},0, {924, -1942},{0x49, 0xB7, 0xB7, 0xFF}}},
	{{{19070, 16582, -3223},0, {280, 974},{0x33, 0xDB, 0x92, 0xFF}}},
	{{{19030, 15431, -3223},0, {213, -960},{0x33, 0xDB, 0x92, 0xFF}}},
	{{{19030, 15616, -3223},0, {213, -650},{0x33, 0x25, 0x92, 0xFF}}},
	{{{19070, 16582, -3223},0, {280, 974},{0x33, 0xDB, 0x92, 0xFF}}},
	{{{19030, 15431, -3223},0, {213, -960},{0x33, 0xDB, 0x92, 0xFF}}},
	{{{18855, 15673, -3223},0, {-82, -554},{0xED, 0x3C, 0x92, 0xFF}}},
	{{{18839, 16508, -3223},0, {-108, 848},{0xED, 0xC4, 0x92, 0xFF}}},
	{{{18746, 15523, -3223},0, {-265, -805},{0xC1, 0x0, 0x92, 0xFF}}},
	{{{18697, 16704, -3223},0, {-347, 1178},{0xC0, 0x0, 0x92, 0xFF}}},
	{{{18204, 16601, -3223},0, {-1176, 1006},{0x33, 0xDB, 0x92, 0xFF}}},
	{{{18198, 15871, -3223},0, {-1185, -220},{0x33, 0xDB, 0x92, 0xFF}}},
	{{{18855, 15374, -3223},0, {-82, -1056},{0xED, 0xC3, 0x92, 0xFF}}},
	{{{16612, 14847, -3223},0, {-1801, 106},{0x0, 0x0, 0x81, 0xFF}}},
	{{{17089, 15096, -3223},0, {-1001, 525},{0xED, 0xC4, 0x92, 0xFF}}},
	{{{19454, 14847, -3223},0, {2972, 106},{0x49, 0xB7, 0xB7, 0xFF}}},
	{{{17309, 15167, -3223},0, {-631, 645},{0x33, 0xDB, 0x92, 0xFF}}},
	{{{17089, 15096, -3223},0, {1047, 525},{0xED, 0xC4, 0x92, 0xFF}}},
	{{{16612, 14847, -3223},0, {247, 106},{0x0, 0x0, 0x81, 0xFF}}},
	{{{16612, 15530, -3223},0, {247, 1254},{0xDA, 0x26, 0x8D, 0xFF}}},
	{{{16953, 15283, -3223},0, {819, 839},{0xC0, 0x0, 0x92, 0xFF}}},
	{{{16953, 15283, -3223},0, {819, -3257},{0xC0, 0x0, 0x92, 0xFF}}},
	{{{16612, 15530, -3223},0, {247, -2842},{0xDA, 0x26, 0x8D, 0xFF}}},
	{{{16612, 18252, -3223},0, {247, 1730},{0xB7, 0x49, 0xB7, 0xFF}}},
	{{{16908, 17629, -3223},0, {744, 684},{0xC0, 0x0, 0x92, 0xFF}}},
	{{{16953, 15283, -3223},0, {819, -1209},{0xC0, 0x0, 0x92, 0xFF}}},
	{{{16908, 17629, -3223},0, {744, 2732},{0xC0, 0x0, 0x92, 0xFF}}},
	{{{16947, 16814, -3223},0, {809, 1362},{0xC0, 0x0, 0x92, 0xFF}}},
	{{{16951, 15982, -3223},0, {816, -35},{0xC4, 0xED, 0x92, 0xFF}}},
	{{{17087, 16621, -3223},0, {1044, 1039},{0xED, 0xC4, 0x92, 0xFF}}},
	{{{17027, 16215, -3223},0, {943, 357},{0xDB, 0x33, 0x92, 0xFF}}},
	{{{17149, 15838, -3223},0, {1149, -277},{0x0, 0xC0, 0x92, 0xFF}}},
	{{{17089, 15470, -3223},0, {1047, -895},{0xED, 0x3C, 0x92, 0xFF}}},
	{{{19454, 14847, -3223},0, {924, -1942},{0x49, 0xB7, 0xB7, 0xFF}}},
	{{{17309, 15398, -3223},0, {-2679, -1015},{0x33, 0x25, 0x92, 0xFF}}},
	{{{17348, 15982, -3223},0, {-2613, -35},{0x3C, 0xED, 0x92, 0xFF}}},
	{{{18011, 15811, -3223},0, {-1500, -322},{0xED, 0xC3, 0x92, 0xFF}}},
	{{{19454, 14847, -3223},0, {924, 106},{0x49, 0xB7, 0xB7, 0xFF}}},
	{{{18011, 15811, -3223},0, {-1500, 1726},{0xED, 0xC3, 0x92, 0xFF}}},
	{{{18198, 15871, -3223},0, {-1185, 1828},{0x33, 0xDB, 0x92, 0xFF}}},
	{{{18855, 15374, -3223},0, {-82, 992},{0xED, 0xC3, 0x92, 0xFF}}},
	{{{19030, 15431, -3223},0, {213, 1088},{0x33, 0xDB, 0x92, 0xFF}}},
	{{{17089, 15470, -3223},0, {-1001, -895},{0xED, 0x3C, 0x92, 0xFF}}},
	{{{17149, 15838, -3223},0, {-899, -277},{0x0, 0xC0, 0x92, 0xFF}}},
	{{{17309, 15398, -3223},0, {-631, -1015},{0x33, 0x25, 0x92, 0xFF}}},
	{{{17348, 15982, -3223},0, {-565, -35},{0x3C, 0xED, 0x92, 0xFF}}},
	{{{17075, 17400, -3223},0, {1024, 299},{0xED, 0xC3, 0x92, 0xFF}}},
	{{{16947, 16814, -3223},0, {809, -686},{0xC0, 0x0, 0x92, 0xFF}}},
	{{{16908, 17629, -3223},0, {744, 684},{0xC0, 0x0, 0x92, 0xFF}}},
	{{{16947, 16814, -3223},0, {809, -686},{0xC0, 0x0, 0x92, 0xFF}}},
	{{{17075, 17400, -3223},0, {1024, 299},{0xED, 0xC3, 0x92, 0xFF}}},
	{{{17087, 17006, -3223},0, {1044, -362},{0xED, 0x3D, 0x92, 0xFF}}},
	{{{18009, 16538, -3223},0, {544, 899},{0xED, 0xC4, 0x92, 0xFF}}},
	{{{17895, 15970, -3223},0, {354, -55},{0xC1, 0x0, 0x92, 0xFF}}},
	{{{17888, 16704, -3223},0, {342, 1178},{0xC1, 0x0, 0x92, 0xFF}}},
	{{{18011, 16129, -3223},0, {548, 213},{0xED, 0x3C, 0x92, 0xFF}}},
	{{{18204, 16601, -3223},0, {872, 1006},{0x33, 0xDB, 0x92, 0xFF}}},
	{{{18198, 16068, -3223},0, {863, 111},{0x33, 0x25, 0x92, 0xFF}}},
	{{{18198, 15871, -3223},0, {863, -220},{0x33, 0xDB, 0x92, 0xFF}}},
	{{{17027, 16215, -3223},0, {-1105, 357},{0xDB, 0x33, 0x92, 0xFF}}},
	{{{17087, 16621, -3223},0, {-1004, 1039},{0xED, 0xC4, 0x92, 0xFF}}},
	{{{17272, 16215, -3223},0, {-693, 357},{0x25, 0x33, 0x92, 0xFF}}},
	{{{17313, 16695, -3223},0, {-624, 1163},{0x33, 0xDB, 0x92, 0xFF}}},
	{{{17348, 15982, -3223},0, {-565, -35},{0x3C, 0xED, 0x92, 0xFF}}},
	{{{17313, 16933, -3223},0, {-624, 1562},{0x33, 0x25, 0x92, 0xFF}}},
	{{{1833, 2592, -12372},0, {-481, 1785},{0x49, 0xB7, 0xB7, 0xFF}}},
	{{{2437, 2008, -12372},0, {500, 771},{0xB7, 0xB7, 0x49, 0xFF}}},
	{{{1833, 2008, -12372},0, {500, 1785},{0x49, 0xB7, 0x49, 0xFF}}},
	{{{2437, 2592, -12372},0, {-481, 771},{0xB7, 0xB7, 0xB7, 0xFF}}},
	{{{3216, 2592, -14342},0, {-481, 1510},{0xB7, 0xB7, 0xB7, 0xFF}}},
	{{{2612, 2008, -14342},0, {500, 2524},{0x26, 0x8D, 0xDA, 0xFF}}},
	{{{2612, 2592, -14342},0, {-481, 2524},{0x49, 0xB7, 0xB7, 0xFF}}},
	{{{3216, 2008, -14342},0, {500, 1510},{0xDA, 0x8D, 0xDA, 0xFF}}},
	{{{1186, 2592, -18122},0, {-481, 2872},{0x49, 0xB7, 0xB7, 0xFF}}},
	{{{2512, 2120, -18122},0, {311, 644},{0x34, 0xCF, 0x97, 0xFF}}},
	{{{1186, 2120, -18122},0, {311, 2872},{0x6A, 0xDE, 0xC3, 0xFF}}},
	{{{2512, 2592, -18122},0, {-481, 644},{0x23, 0x95, 0xC4, 0xFF}}},
	{{{1186, 2120, -18122},0, {-1912, 1126},{0x6A, 0xDE, 0xC3, 0xFF}}},
	{{{2612, 2008, -17945},0, {484, 1480},{0x55, 0xAA, 0xDA, 0xFF}}},
	{{{1186, 2008, -17945},0, {-1912, 1480},{0xB, 0x83, 0xEF, 0xFF}}},
	{{{2512, 2120, -18122},0, {316, 1126},{0x34, 0xCF, 0x97, 0xFF}}},
	{{{2612, 2008, -17945},0, {1484, 1634},{0x55, 0xAA, 0xDA, 0xFF}}},
	{{{2512, 2592, -18122},0, {2465, 1292},{0x23, 0x95, 0xC4, 0xFF}}},
	{{{2612, 2592, -17945},0, {2465, 1634},{0x4F, 0x9E, 0xEC, 0xFF}}},
	{{{2512, 2120, -18122},0, {1673, 1292},{0x34, 0xCF, 0x97, 0xFF}}},
	{{{3376, 2008, -18759},0, {500, 669},{0xA9, 0xA6, 0xE9, 0xFF}}},
	{{{3216, 2592, -18122},0, {-481, 1772},{0xAB, 0xA3, 0xF6, 0xFF}}},
	{{{3376, 2592, -18759},0, {-481, 669},{0xA9, 0xA6, 0xE9, 0xFF}}},
	{{{3216, 2008, -18122},0, {500, 1772},{0xA4, 0xAA, 0xF5, 0xFF}}},
	{{{-2413, 5150, -2148},0, {2127, 268},{0x58, 0x50, 0xD3, 0xFF}}},
	{{{-2739, 4601, -2398},0, {1214, -434},{0xD2, 0xB9, 0xA1, 0xFF}}},
	{{{-2748, 5144, -2398},0, {2127, -434},{0xCF, 0x45, 0xA1, 0xFF}}},
	{{{-2404, 4607, -2148},0, {1214, 268},{0x5B, 0xB3, 0xD3, 0xFF}}},
	{{{-2432, 6237, -2148},0, {2127, 984},{0x58, 0x50, 0xD3, 0xFF}}},
	{{{-2757, 5688, -2398},0, {1214, 282},{0xD2, 0xB9, 0xA1, 0xFF}}},
	{{{-2767, 6231, -2398},0, {2127, 282},{0xCF, 0x45, 0xA1, 0xFF}}},
	{{{-2423, 5693, -2148},0, {1214, 984},{0x5B, 0xB3, 0xD3, 0xFF}}},
	{{{-1346, 6798, -2398},0, {-1055, -430},{0x2E, 0x47, 0xA1, 0xFF}}},
	{{{-1671, 6249, -2148},0, {-143, 272},{0xA8, 0xB0, 0xD3, 0xFF}}},
	{{{-1681, 6793, -2148},0, {-1055, 272},{0xA5, 0x4D, 0xD3, 0xFF}}},
	{{{-1336, 6255, -2398},0, {-143, -430},{0x31, 0xBB, 0xA1, 0xFF}}},
	{{{-1327, 5712, -2398},0, {-1055, 902},{0x2E, 0x47, 0xA1, 0xFF}}},
	{{{-1653, 5163, -2148},0, {-143, 1604},{0xA8, 0xB0, 0xD3, 0xFF}}},
	{{{-1662, 5706, -2148},0, {-1055, 1604},{0xA5, 0x4D, 0xD3, 0xFF}}},
	{{{-1318, 5169, -2398},0, {-143, 902},{0x31, 0xBB, 0xA1, 0xFF}}},
	{{{-193, -2099, -2907},0, {-794, 5188},{0x39, 0xB4, 0xAC, 0xFF}}},
	{{{3932, -2768, -2907},0, {330, -1741},{0x0, 0x0, 0x81, 0xFF}}},
	{{{-193, -2768, -2907},0, {330, 5188},{0x68, 0xDC, 0xC0, 0xFF}}},
	{{{492, -2099, -2907},0, {-794, 4038},{0x0, 0xA6, 0xA6, 0xFF}}},
	{{{3160, -2099, -2907},0, {-794, -444},{0x0, 0xA6, 0xA6, 0xFF}}},
	{{{492, -1415, -8889},0, {106, 1990},{0xB7, 0xB7, 0x49, 0xFF}}},
	{{{2618, -2099, -8889},0, {1254, -1582},{0x29, 0xB1, 0xA6, 0xFF}}},
	{{{492, -2099, -8889},0, {1254, 1990},{0xB7, 0xB7, 0xB7, 0xFF}}},
	{{{2618, -2099, -8889},0, {1254, -1582},{0x29, 0xB1, 0xA6, 0xFF}}},
	{{{492, -1415, -8889},0, {106, 1990},{0xB7, 0xB7, 0x49, 0xFF}}},
	{{{1169, -1415, -8889},0, {106, 852},{0x0, 0xA6, 0xA6, 0xFF}}},
	{{{1169, 72, -10034},0, {-345, 852},{0xDA, 0x73, 0xDA, 0xFF}}},
	{{{1169, -532, -10034},0, {670, 852},{0xA6, 0x0, 0xA6, 0xFF}}},
	{{{492, 72, -10034},0, {-345, 1990},{0xB7, 0x49, 0xB7, 0xFF}}},
	{{{1169, -1415, -10034},0, {2154, 852},{0xDA, 0x8D, 0xDA, 0xFF}}},
	{{{492, -1415, -10034},0, {2154, 1990},{0xB7, 0xB7, 0xB7, 0xFF}}},
	{{{3516, 2592, -19256},0, {-481, -406},{0xAC, 0xB8, 0x3F, 0xFF}}},
	{{{3376, 2008, -18759},0, {500, 461},{0xA9, 0xA6, 0xE9, 0xFF}}},
	{{{3376, 2592, -18759},0, {-481, 461},{0xA9, 0xA6, 0xE9, 0xFF}}},
	{{{3516, 2008, -19256},0, {500, -406},{0xDC, 0x89, 0x1B, 0xFF}}},
	{{{4937, 4786, -20776},0, {-2119, -5477},{0x0, 0x5A, 0xA6, 0xFF}}},
	{{{-2051, 2008, -20776},0, {2548, 6262},{0xA6, 0x0, 0xA6, 0xFF}}},
	{{{-2051, 4786, -20776},0, {-2119, 6262},{0xB7, 0x49, 0xB7, 0xFF}}},
	{{{-130, 2008, -20776},0, {2548, 3035},{0x26, 0xDA, 0x8D, 0xFF}}},
	{{{-2051, 2008, -20776},0, {-7692, 2166},{0xA6, 0x0, 0xA6, 0xFF}}},
	{{{-130, 2008, -20776},0, {-7692, -1061},{0x26, 0xDA, 0x8D, 0xFF}}},
	{{{-2051, -8172, -20776},0, {9407, 2166},{0xB7, 0xB7, 0xB7, 0xFF}}},
	{{{-130, -3324, -20776},0, {1264, -1061},{0x27, 0x26, 0x8D, 0xFF}}},
	{{{3932, -66, -5007},0, {-113, -1179},{0x6E, 0xCD, 0xDA, 0xFF}}},
	{{{492, -808, -3654},0, {1133, 5031},{0xA4, 0x33, 0x48, 0xFF}}},
	{{{492, -66, -3654},0, {-113, 5031},{0xCC, 0xE3, 0x90, 0xFF}}},
	{{{3932, -808, -5007},0, {1133, -1179},{0x6E, 0x33, 0xDA, 0xFF}}},
	{{{-1309, 4625, -2398},0, {-1055, 902},{0x2E, 0x47, 0xA1, 0xFF}}},
	{{{-1635, 4076, -2148},0, {-143, 1604},{0xA8, 0xB0, 0xD3, 0xFF}}},
	{{{-1644, 4620, -2148},0, {-1055, 1604},{0xA5, 0x4D, 0xD3, 0xFF}}},
	{{{-1300, 4082, -2398},0, {-143, 902},{0x31, 0xBB, 0xA1, 0xFF}}},
	{{{3160, -2099, -8267},0, {730, -137},{0x5C, 0xAF, 0xDE, 0xFF}}},
	{{{2618, -1415, -8889},0, {1878, -1521},{0x1E, 0x98, 0xBD, 0xFF}}},
	{{{3160, -1415, -8267},0, {1878, -137},{0x63, 0xE7, 0x4C, 0xFF}}},
	{{{2618, -2099, -8889},0, {730, -1521},{0x29, 0xB1, 0xA6, 0xFF}}},
	{{{-193, -2768, -2907},0, {-394, 614},{0x68, 0xDC, 0xC0, 0xFF}}},
	{{{-494, -2099, -3654},0, {730, -738},{0x21, 0xE5, 0x88, 0xFF}}},
	{{{-193, -2099, -2907},0, {730, 614},{0x39, 0xB4, 0xAC, 0xFF}}},
	{{{-494, -2768, -3654},0, {-394, -738},{0x2B, 0x1A, 0x8B, 0xFF}}},
	{{{-2395, 4064, -2148},0, {2127, 268},{0x58, 0x50, 0xD3, 0xFF}}},
	{{{-2721, 3515, -2398},0, {1214, -434},{0xD2, 0xB9, 0xA1, 0xFF}}},
	{{{-2730, 4058, -2398},0, {2127, -434},{0xCF, 0x45, 0xA1, 0xFF}}},
	{{{-2386, 3520, -2148},0, {1214, 268},{0x5B, 0xB3, 0xD3, 0xFF}}},
	{{{-1896, 3446, -1866},0, {879, 637},{0xBC, 0x2D, 0x9E, 0xFF}}},
	{{{-1765, 2787, -1866},0, {1099, -471},{0xD3, 0xBD, 0x9E, 0xFF}}},
	{{{-1967, 3089, -1866},0, {760, 37},{0xB0, 0xF1, 0x9E, 0xFF}}},
	{{{-1593, 3648, -1866},0, {1387, 976},{0xF0, 0x50, 0x9E, 0xFF}}},
	{{{-1408, 2716, -1866},0, {1699, -590},{0x10, 0xB0, 0x9E, 0xFF}}},
	{{{-1237, 3577, -1866},0, {1987, 857},{0x2D, 0x43, 0x9E, 0xFF}}},
	{{{-1105, 2918, -1866},0, {2207, -251},{0x43, 0xD2, 0x9E, 0xFF}}},
	{{{4189, 16692, -1093},0, {860, 2407},{0xDA, 0x73, 0xDA, 0xFF}}},
	{{{3366, 14988, -1093},0, {-522, -456},{0x26, 0xDA, 0x8D, 0xFF}}},
	{{{3366, 16692, -1093},0, {-522, 2407},{0x26, 0x26, 0x8D, 0xFF}}},
	{{{4189, 14988, -1093},0, {860, -456},{0xDA, 0x8D, 0xDA, 0xFF}}},
	{{{3241, 16692, -1093},0, {1316, 2407},{0xB7, 0x49, 0x49, 0xFF}}},
	{{{2418, 14988, -1093},0, {-66, -456},{0x26, 0xDA, 0x8D, 0xFF}}},
	{{{2418, 16692, -1093},0, {-66, 2407},{0x49, 0x49, 0x49, 0xFF}}},
	{{{3241, 14988, -1093},0, {1316, -456},{0xB7, 0xB7, 0x49, 0xFF}}},
	{{{-3576, 15396, -1366},0, {-794, -601},{0x0, 0xBA, 0x96, 0xFF}}},
	{{{-3710, 16078, -1077},0, {352, -64},{0xAF, 0x9F, 0xEF, 0xFF}}},
	{{{-3576, 16078, -1366},0, {352, -601},{0x0, 0x85, 0xE2, 0xFF}}},
	{{{-3710, 15396, -1077},0, {-794, -64},{0xA3, 0xAC, 0xEC, 0xFF}}},
	{{{-3441, 15396, -1077},0, {730, 1008},{0x5D, 0xAC, 0xEC, 0xFF}}},
	{{{-3576, 16078, -1366},0, {-416, 472},{0x0, 0x85, 0xE2, 0xFF}}},
	{{{-3441, 16078, -1077},0, {-416, 1008},{0x51, 0x9F, 0xEE, 0xFF}}},
	{{{-3576, 15396, -1366},0, {730, 472},{0x0, 0xBA, 0x96, 0xFF}}},
	{{{-815, 16692, 616},0, {2694, 359},{0xDA, 0x73, 0xDA, 0xFF}}},
	{{{-3193, 16078, 616},0, {-1300, -672},{0x26, 0x8D, 0xDA, 0xFF}}},
	{{{-3193, 16692, 616},0, {-1300, 359},{0x5A, 0x0, 0x5A, 0xFF}}},
	{{{-2691, 16078, 616},0, {-457, -672},{0xDA, 0xDA, 0x8D, 0xFF}}},
	{{{-2691, 15396, 616},0, {-457, -1818},{0xDA, 0x26, 0x8D, 0xFF}}},
	{{{-5948, 15812, 616},0, {2265, 2978},{0x29, 0xB0, 0xA6, 0xFF}}},
	{{{-6564, 13439, 616},0, {1230, -1009},{0xA6, 0x0, 0xA6, 0xFF}}},
	{{{-6564, 15496, 616},0, {1230, 2447},{0xEB, 0x8D, 0xCD, 0xFF}}},
	{{{-5863, 14308, 616},0, {2407, 450},{0x0, 0x0, 0x81, 0xFF}}},
	{{{-5863, 14308, 616},0, {-1689, -1598},{0x0, 0x0, 0x81, 0xFF}}},
	{{{-5544, 16020, 616},0, {-1153, 1278},{0x29, 0xB0, 0xA6, 0xFF}}},
	{{{-3688, 13793, 616},0, {1965, -2462},{0x0, 0x0, 0x81, 0xFF}}},
	{{{-5430, 16078, 616},0, {-961, 1376},{0x16, 0xA3, 0xAC, 0xFF}}},
	{{{-5297, 16078, 616},0, {-739, 1376},{0x26, 0xDA, 0x8D, 0xFF}}},
	{{{-4774, 15396, 616},0, {140, 230},{0x26, 0x26, 0x8D, 0xFF}}},
	{{{-3688, 13793, 616},0, {-83, -414},{0x0, 0x0, 0x81, 0xFF}}},
	{{{-3710, 15396, 616},0, {-121, 2278},{0xB7, 0x49, 0xB7, 0xFF}}},
	{{{-3441, 15396, 616},0, {333, 2278},{0x49, 0xB7, 0x49, 0xFF}}},
	{{{-3130, 14063, 616},0, {855, 38},{0x0, 0x0, 0x81, 0xFF}}},
	{{{-3193, 16078, 2155},0, {2796, 1376},{0x0, 0xA6, 0xA6, 0xFF}}},
	{{{-4774, 15396, 2155},0, {140, 230},{0x49, 0x49, 0xB7, 0xFF}}},
	{{{-4774, 16078, 2155},0, {140, 1376},{0x49, 0xB7, 0xB7, 0xFF}}},
	{{{-3710, 15396, 2155},0, {1927, 230},{0x0, 0x5A, 0xA6, 0xFF}}},
	{{{-3710, 15396, 2155},0, {-121, 230},{0x0, 0x5A, 0xA6, 0xFF}}},
	{{{-3193, 16078, 2155},0, {748, 1376},{0x0, 0xA6, 0xA6, 0xFF}}},
	{{{-2691, 15396, 2155},0, {1591, 230},{0xB7, 0x49, 0xB7, 0xFF}}},
	{{{-2691, 16078, 2155},0, {1591, 1376},{0xB7, 0xB7, 0xB7, 0xFF}}},
	{{{4719, -174, -2341},0, {-1979, 1034},{0x5A, 0xA6, 0x0, 0xFF}}},
	{{{3932, -1540, -2341},0, {315, 2355},{0x49, 0x49, 0xB7, 0xFF}}},
	{{{3932, -174, -2341},0, {-1979, 2355},{0x49, 0xB7, 0xB7, 0xFF}}},
	{{{4719, -1540, -2341},0, {315, 1034},{0x73, 0x26, 0xDA, 0xFF}}},
	{{{4719, 867, -2341},0, {-1681, 1034},{0x5A, 0x0, 0xA6, 0xFF}}},
	{{{3932, 72, -2341},0, {-345, 2355},{0x5A, 0x0, 0xA6, 0xFF}}},
	{{{3932, 867, -2341},0, {-1681, 2355},{0x0, 0x5A, 0xA6, 0xFF}}},
	{{{3932, -52, -2341},0, {-136, 2355},{0x49, 0x49, 0xB7, 0xFF}}},
	{{{4719, -52, -2341},0, {-136, 1034},{0x5A, 0x5A, 0x0, 0xFF}}},
	{{{3932, -113, -3020},0, {1555, 712},{0x7A, 0x0, 0xDE, 0xFF}}},
	{{{4185, -174, -2907},0, {1130, 928},{0x0, 0x93, 0x41, 0xFF}}},
	{{{3932, -174, -2907},0, {1555, 928},{0x62, 0xB1, 0xEC, 0xFF}}},
	{{{4186, -113, -3020},0, {1128, 712},{0x0, 0x0, 0x81, 0xFF}}},
	{{{4186, -113, -3020},0, {856, 531},{0x0, 0x0, 0x81, 0xFF}}},
	{{{3932, -52, -2907},0, {429, 748},{0x62, 0x4F, 0xEC, 0xFF}}},
	{{{4186, -52, -2907},0, {856, 748},{0x0, 0x6D, 0x41, 0xFF}}},
	{{{3932, -113, -3020},0, {429, 531},{0x7A, 0x0, 0xDE, 0xFF}}},
	{{{5118, -113, -3020},0, {373, 531},{0x46, 0x0, 0x96, 0xFF}}},
	{{{4393, -52, -2907},0, {-845, 748},{0x0, 0x41, 0x93, 0xFF}}},
	{{{5118, -52, -2907},0, {373, 748},{0x53, 0x5D, 0xE9, 0xFF}}},
	{{{4393, -52, -2907},0, {-845, 748},{0x0, 0x41, 0x93, 0xFF}}},
	{{{5118, -113, -3020},0, {373, 531},{0x46, 0x0, 0x96, 0xFF}}},
	{{{4393, -113, -3020},0, {-845, 531},{0x0, 0x0, 0x81, 0xFF}}},
	{{{4393, -113, -3020},0, {781, 712},{0x0, 0x0, 0x81, 0xFF}}},
	{{{5118, -174, -2907},0, {-437, 928},{0x53, 0xA3, 0xE9, 0xFF}}},
	{{{4392, -174, -2907},0, {783, 928},{0x0, 0xBF, 0x93, 0xFF}}},
	{{{5118, -113, -3020},0, {-437, 712},{0x46, 0x0, 0x96, 0xFF}}},
	{{{2293, 16692, -1093},0, {1772, 2407},{0xDA, 0x26, 0x8D, 0xFF}}},
	{{{1360, 14988, -1093},0, {204, -456},{0x0, 0x0, 0x81, 0xFF}}},
	{{{1360, 16692, -1093},0, {204, 2407},{0x0, 0x0, 0x7F, 0xFF}}},
	{{{2293, 14988, -1093},0, {1772, -456},{0xB7, 0xB7, 0x49, 0xFF}}},
	{{{-7748, -10753, 3712},0, {-340, -470},{0x0, 0x8D, 0x36, 0xFF}}},
	{{{-8169, -10148, 4672},0, {676, 1290},{0xBC, 0xA2, 0xCC, 0xFF}}},
	{{{-7748, -10148, 3712},0, {676, -470},{0x0, 0x9D, 0x50, 0xFF}}},
	{{{-8169, -10753, 4672},0, {-340, 1290},{0xA3, 0xAC, 0xED, 0xFF}}},
	{{{-5244, -10753, 3712},0, {-340, -321},{0x0, 0x93, 0x41, 0xFF}}},
	{{{-5542, -10148, 4672},0, {676, 1366},{0xC3, 0xB4, 0xAE, 0xFF}}},
	{{{-5244, -10148, 3712},0, {676, -321},{0x0, 0xA0, 0x54, 0xFF}}},
	{{{-5542, -10753, 4672},0, {-340, 1366},{0xAB, 0xB8, 0x3E, 0xFF}}},
	{{{-4946, -10753, 4672},0, {276, 159},{0x55, 0xB8, 0x3E, 0xFF}}},
	{{{-5244, -10148, 3712},0, {-740, -1529},{0x0, 0xA0, 0x54, 0xFF}}},
	{{{-4946, -10148, 4672},0, {-740, 159},{0x52, 0xF8, 0x9F, 0xFF}}},
	{{{-5244, -10753, 3712},0, {276, -1529},{0x0, 0x93, 0x41, 0xFF}}},
	{{{-7327, -10753, 4672},0, {276, 2417},{0x20, 0xE6, 0x88, 0xFF}}},
	{{{-7748, -10148, 3712},0, {-740, 657},{0x0, 0x9D, 0x50, 0xFF}}},
	{{{-7327, -10148, 4672},0, {-740, 2417},{0x37, 0xB3, 0xAB, 0xFF}}},
	{{{-7748, -10753, 3712},0, {276, 657},{0x0, 0x8D, 0x36, 0xFF}}},
	{{{-6137, -10753, 4672},0, {276, 1614},{0x22, 0xE3, 0x89, 0xFF}}},
	{{{-6434, -10148, 3712},0, {-740, -73},{0x0, 0xA0, 0x54, 0xFF}}},
	{{{-6137, -10148, 4672},0, {-740, 1614},{0x3D, 0xB4, 0xAE, 0xFF}}},
	{{{-6434, -10753, 3712},0, {276, -73},{0x0, 0x93, 0x41, 0xFF}}},
	{{{-8641, -10415, 4952},0, {-479, 21},{0x0, 0xA4, 0xA8, 0xFF}}},
	{{{-8396, -10415, 4952},0, {-890, 21},{0x0, 0xA4, 0xA8, 0xFF}}},
	{{{-8518, -10450, 4989},0, {-685, 106},{0x0, 0xA4, 0xA8, 0xFF}}},
	{{{-8691, -10331, 4864},0, {-394, -184},{0x0, 0xA4, 0xA8, 0xFF}}},
	{{{-8345, -10331, 4864},0, {-976, -184},{0x0, 0xA4, 0xA8, 0xFF}}},
	{{{-8641, -10247, 4775},0, {-479, -390},{0x0, 0xA4, 0xA8, 0xFF}}},
	{{{-8396, -10247, 4775},0, {-890, -390},{0x0, 0xA4, 0xA8, 0xFF}}},
	{{{-8518, -10212, 4739},0, {-685, -475},{0x0, 0xA4, 0xA8, 0xFF}}},
	{{{-6434, -10753, 3712},0, {-340, -1777},{0x0, 0x93, 0x41, 0xFF}}},
	{{{-6732, -10148, 4672},0, {676, -89},{0xC3, 0xB4, 0xAE, 0xFF}}},
	{{{-6434, -10148, 3712},0, {676, -1777},{0x0, 0xA0, 0x54, 0xFF}}},
	{{{-6732, -10753, 4672},0, {-340, -89},{0xAB, 0xB8, 0x3E, 0xFF}}},
	{{{-9571, -10494, 5035},0, {-965, 212},{0x0, 0xA4, 0xA8, 0xFF}}},
	{{{-9692, -10753, 5307},0, {-761, 844},{0xB0, 0xA4, 0xDC, 0xFF}}},
	{{{-9619, -10414, 4951},0, {-884, 17},{0x0, 0xA4, 0xA8, 0xFF}}},
	{{{-9692, -10148, 4672},0, {-761, -630},{0xB0, 0xD9, 0xA5, 0xFF}}},
	{{{-9619, -10414, 4951},0, {-884, 17},{0x0, 0xA4, 0xA8, 0xFF}}},
	{{{-9692, -10148, 4672},0, {-761, -630},{0xB0, 0xD9, 0xA5, 0xFF}}},
	{{{-9650, -10238, 4766},0, {-833, -411},{0x0, 0xA4, 0xA8, 0xFF}}},
	{{{-9631, -10207, 4734},0, {-864, -486},{0x0, 0xA4, 0xA8, 0xFF}}},
	{{{-9586, -10194, 4720},0, {-939, -518},{0x0, 0xA3, 0xA9, 0xFF}}},
	{{{-9631, -10269, 4799},0, {-864, -335},{0x0, 0xA4, 0xA8, 0xFF}}},
	{{{-9571, -10334, 4866},0, {-965, -178},{0x0, 0xA4, 0xA8, 0xFF}}},
	{{{-9586, -10282, 4812},0, {-939, -304},{0x0, 0xA5, 0xA7, 0xFF}}},
	{{{-9571, -10334, 4866},0, {1083, -178},{0x0, 0xA4, 0xA8, 0xFF}}},
	{{{-9586, -10282, 4812},0, {1109, -304},{0x0, 0xA5, 0xA7, 0xFF}}},
	{{{-9455, -10300, 4832},0, {888, -259},{0x0, 0xA4, 0xA8, 0xFF}}},
	{{{-8931, -10148, 4672},0, {7, -630},{0x0, 0x8A, 0xD1, 0xFF}}},
	{{{-9541, -10269, 4799},0, {1033, -335},{0xFF, 0xA7, 0xA5, 0xFF}}},
	{{{-9523, -10238, 4766},0, {1002, -411},{0x0, 0xA4, 0xA8, 0xFF}}},
	{{{-9541, -10207, 4734},0, {1033, -486},{0x0, 0xA4, 0xA8, 0xFF}}},
	{{{-9586, -10194, 4720},0, {1109, -518},{0x0, 0xA3, 0xA9, 0xFF}}},
	{{{-8931, -10148, 4672},0, {7, -630},{0x0, 0x8A, 0xD1, 0xFF}}},
	{{{-9586, -10194, 4720},0, {1109, -518},{0x0, 0xA3, 0xA9, 0xFF}}},
	{{{-9692, -10148, 4672},0, {1287, -630},{0xB0, 0xD9, 0xA5, 0xFF}}},
	{{{-9529, -10148, 4672},0, {1013, -630},{0xB7, 0xB7, 0x49, 0xFF}}},
	{{{-9339, -10334, 4866},0, {693, -178},{0x0, 0xA4, 0xA8, 0xFF}}},
	{{{-9455, -10300, 4832},0, {888, -259},{0x0, 0xA4, 0xA8, 0xFF}}},
	{{{-9290, -10414, 4951},0, {612, 17},{0x0, 0xA4, 0xA8, 0xFF}}},
	{{{-9141, -10489, 5029},0, {361, 199},{0x0, 0xA4, 0xA8, 0xFF}}},
	{{{-9024, -10522, 5064},0, {164, 281},{0x0, 0xA4, 0xA8, 0xFF}}},
	{{{-8975, -10603, 5149},0, {82, 478},{0x0, 0xA4, 0xA8, 0xFF}}},
	{{{-8931, -10753, 5307},0, {7, 844},{0x0, 0x8B, 0x32, 0xFF}}},
	{{{-9024, -10684, 5234},0, {164, 675},{0x0, 0xA4, 0xA8, 0xFF}}},
	{{{-9141, -10717, 5269},0, {361, 757},{0x0, 0xA3, 0xA9, 0xFF}}},
	{{{-9692, -10753, 5307},0, {1287, 844},{0xB0, 0xA4, 0xDC, 0xFF}}},
	{{{-9258, -10684, 5234},0, {558, 675},{0x0, 0xA4, 0xA8, 0xFF}}},
	{{{-9571, -10494, 5035},0, {1083, 212},{0x0, 0xA4, 0xA8, 0xFF}}},
	{{{-9258, -10684, 5234},0, {558, 675},{0x0, 0xA4, 0xA8, 0xFF}}},
	{{{-9571, -10494, 5035},0, {1083, 212},{0x0, 0xA4, 0xA8, 0xFF}}},
	{{{-9307, -10603, 5149},0, {639, 478},{0x0, 0xA4, 0xA8, 0xFF}}},
	{{{-9455, -10527, 5070},0, {888, 293},{0x0, 0xA4, 0xA8, 0xFF}}},
	{{{-9258, -10522, 5064},0, {558, 281},{0x0, 0xA4, 0xA8, 0xFF}}},
	{{{-9339, -10494, 5035},0, {693, 212},{0x0, 0xA4, 0xA8, 0xFF}}},
	{{{-9141, -10489, 5029},0, {361, 199},{0x0, 0xA4, 0xA8, 0xFF}}},
	{{{-9290, -10414, 4951},0, {612, 17},{0x0, 0xA4, 0xA8, 0xFF}}},
	{{{-4285, -8750, 10278},0, {1588, 2000},{0x73, 0xDA, 0xDA, 0xFF}}},
	{{{-4946, -9338, 10278},0, {477, 1014},{0x49, 0x49, 0xB7, 0xFF}}},
	{{{-4946, -8750, 10278},0, {477, 2000},{0x49, 0xB7, 0xB7, 0xFF}}},
	{{{-4285, -9338, 10278},0, {1588, 1014},{0x73, 0x26, 0xDA, 0xFF}}},
	{{{-9692, -8939, 3537},0, {659, -523},{0x82, 0xF8, 0xF3, 0xFF}}},
	{{{-9753, -8098, 3643},0, {2073, -318},{0xA3, 0x53, 0xE7, 0xFF}}},
	{{{-9692, -8098, 3537},0, {2073, -523},{0x82, 0x8, 0xF3, 0xFF}}},
	{{{-9753, -8939, 3643},0, {659, -318},{0xA3, 0xAD, 0xE7, 0xFF}}},
	{{{-9692, -8939, 3537},0, {659, 834},{0x82, 0xF8, 0xF3, 0xFF}}},
	{{{-9692, -8098, 3712},0, {2073, 1129},{0xB9, 0x6A, 0x0, 0xFF}}},
	{{{-9692, -8098, 3537},0, {2073, 834},{0x82, 0x8, 0xF3, 0xFF}}},
	{{{-9692, -8939, 3712},0, {659, 1129},{0xB9, 0x96, 0x0, 0xFF}}},
	{{{-4090, 2277, 7582},0, {68, 563},{0x49, 0x0, 0x98, 0xFF}}},
	{{{-4285, 2152, 7707},0, {396, 860},{0x5A, 0xC1, 0xC0, 0xFF}}},
	{{{-4285, 2277, 7582},0, {396, 563},{0x73, 0x0, 0xCA, 0xFF}}},
	{{{-4285, 2034, 7824},0, {396, 1139},{0x5A, 0xC1, 0xC1, 0xFF}}},
	{{{-4285, 1917, 7941},0, {396, 1418},{0x73, 0xCA, 0x0, 0xFF}}},
	{{{-4090, 1917, 7941},0, {68, 1418},{0x49, 0x98, 0x0, 0xFF}}},
	{{{-4285, 3870, 7147},0, {2444, 27},{0x6F, 0xDA, 0xCF, 0xFF}}},
	{{{-3787, 3831, 7289},0, {1607, 273},{0x58, 0xB2, 0x30, 0xFF}}},
	{{{-4285, 3831, 7289},0, {2444, 273},{0x2D, 0x8C, 0x1C, 0xFF}}},
	{{{-3866, 3870, 7147},0, {1740, 27},{0x33, 0xC0, 0x9F, 0xFF}}},
	{{{-4285, 3831, 9010},0, {1588, 607},{0x73, 0xDA, 0xDA, 0xFF}}},
	{{{-4596, 3244, 9010},0, {1065, -380},{0x49, 0x49, 0xB7, 0xFF}}},
	{{{-4596, 3831, 9010},0, {1065, 607},{0x49, 0xB7, 0xB7, 0xFF}}},
	{{{-4285, 3244, 9010},0, {1588, -380},{0x73, 0x26, 0xDA, 0xFF}}},
	{{{-4285, -8750, 7941},0, {1588, 2000},{0x26, 0x8D, 0xDA, 0xFF}}},
	{{{-4946, -9338, 7941},0, {477, 1014},{0x49, 0x49, 0xB7, 0xFF}}},
	{{{-4946, -8750, 7941},0, {477, 2000},{0x49, 0xB7, 0xB7, 0xFF}}},
	{{{-4285, -9338, 7941},0, {1588, 1014},{0x73, 0x26, 0xDA, 0xFF}}},
	{{{-3787, 3831, 7289},0, {2401, 407},{0x58, 0xB2, 0x30, 0xFF}}},
	{{{-3866, 5021, 7147},0, {403, 133},{0x33, 0x4D, 0xA9, 0xFF}}},
	{{{-3787, 5021, 7289},0, {403, 407},{0x5B, 0x47, 0x35, 0xFF}}},
	{{{-3866, 3870, 7147},0, {2337, 133},{0x33, 0xC0, 0x9F, 0xFF}}},
	{{{-4285, -6410, 7941},0, {1588, 1835},{0x5A, 0x0, 0xA6, 0xFF}}},
	{{{-4946, -7076, 7941},0, {477, 716},{0x49, 0x49, 0xB7, 0xFF}}},
	{{{-4946, -6410, 7941},0, {477, 1835},{0x5A, 0x0, 0xA6, 0xFF}}},
	{{{-4285, -7076, 7941},0, {1588, 716},{0x73, 0x26, 0xDA, 0xFF}}},
	{{{-4285, -1391, 7941},0, {3636, 27},{0x26, 0xDA, 0x8D, 0xFF}}},
	{{{-7010, -2151, 7941},0, {-941, -1250},{0xDA, 0x73, 0xDA, 0xFF}}},
	{{{-7010, -1391, 7941},0, {-941, 27},{0xDA, 0x8D, 0xDA, 0xFF}}},
	{{{-4285, -2151, 7941},0, {3636, -1250},{0x26, 0x26, 0x8D, 0xFF}}},
	{{{-4285, -8750, 6844},0, {1588, 2000},{0x1E, 0x88, 0xE2, 0xFF}}},
	{{{-4946, -9338, 6844},0, {477, 1014},{0x55, 0x55, 0xD6, 0xFF}}},
	{{{-4946, -8750, 6844},0, {477, 2000},{0x55, 0xAB, 0xD6, 0xFF}}},
	{{{-4285, -9338, 6844},0, {1588, 1014},{0x66, 0x44, 0xDE, 0xFF}}},
	{{{-3866, 5021, 7147},0, {2292, 557},{0x33, 0x4D, 0xA9, 0xFF}}},
	{{{-4285, 3870, 7147},0, {1588, -1377},{0x6F, 0xDA, 0xCF, 0xFF}}},
	{{{-4285, 5021, 7147},0, {1588, 557},{0x49, 0x49, 0x49, 0xFF}}},
	{{{-3866, 3870, 7147},0, {2292, -1377},{0x33, 0xC0, 0x9F, 0xFF}}},
	{{{-4285, 1018, 7582},0, {396, 10},{0x73, 0x0, 0xCA, 0xFF}}},
	{{{-4090, 893, 7707},0, {68, 307},{0xA6, 0xC1, 0xC1, 0xFF}}},
	{{{-4285, 893, 7707},0, {396, 307},{0x5A, 0xC0, 0xC0, 0xFF}}},
	{{{-4090, 1018, 7582},0, {68, 10},{0x49, 0x0, 0x98, 0xFF}}},
	{{{-7434, -1391, 10189},0, {395, 27},{0xC, 0xA3, 0xAA, 0xFF}}},
	{{{-7734, -2075, 10189},0, {-109, -1122},{0x51, 0x3F, 0xB5, 0xFF}}},
	{{{-7734, -1475, 10189},0, {-109, -114},{0x52, 0xC2, 0xB5, 0xFF}}},
	{{{-7434, -2151, 10189},0, {395, -1250},{0xB, 0x5C, 0xAA, 0xFF}}},
	{{{-7010, -1391, 10189},0, {1107, 27},{0x0, 0xA6, 0xA6, 0xFF}}},
	{{{-7010, -2151, 10189},0, {1107, -1250},{0x0, 0x5A, 0xA6, 0xFF}}},
	{{{-6329, -1391, 10189},0, {2251, 27},{0x0, 0xA6, 0xA6, 0xFF}}},
	{{{-6329, -2151, 10189},0, {2251, -1250},{0x0, 0x5A, 0xA6, 0xFF}}},
	{{{-6329, -2151, 10189},0, {203, -1250},{0x0, 0x5A, 0xA6, 0xFF}}},
	{{{-6329, -1391, 10189},0, {203, 27},{0x0, 0xA6, 0xA6, 0xFF}}},
	{{{-5648, -1391, 10189},0, {1347, 27},{0x0, 0xA6, 0xA6, 0xFF}}},
	{{{-5648, -2151, 10189},0, {1347, -1250},{0x0, 0x5A, 0xA6, 0xFF}}},
	{{{-4966, -1391, 10189},0, {2492, 27},{0x0, 0xA6, 0xA6, 0xFF}}},
	{{{-4966, -2151, 10189},0, {2492, -1250},{0x0, 0x5A, 0xA6, 0xFF}}},
	{{{-4966, -2151, 10189},0, {444, -1250},{0x0, 0x5A, 0xA6, 0xFF}}},
	{{{-4966, -1391, 10189},0, {444, 27},{0x0, 0xA6, 0xA6, 0xFF}}},
	{{{-4285, -1391, 10189},0, {1588, 27},{0x73, 0xDA, 0xDA, 0xFF}}},
	{{{-4285, -2151, 10189},0, {1588, -1250},{0x73, 0x26, 0xDA, 0xFF}}},
	{{{-3895, -1391, 7941},0, {2244, 27},{0x5A, 0x0, 0xA6, 0xFF}}},
	{{{-4285, -2151, 7941},0, {1588, -1250},{0x26, 0x26, 0x8D, 0xFF}}},
	{{{-4285, -1391, 7941},0, {1588, 27},{0x26, 0xDA, 0x8D, 0xFF}}},
	{{{-3895, -2151, 7941},0, {2244, -1250},{0x5A, 0x0, 0xA6, 0xFF}}},
	{{{-4090, 1018, 7582},0, {1916, -928},{0x49, 0x0, 0x98, 0xFF}}},
	{{{-4285, 1378, 7941},0, {1588, -74},{0x73, 0x36, 0x0, 0xFF}}},
	{{{-4090, 1378, 7941},0, {1916, -74},{0x49, 0x68, 0x0, 0xFF}}},
	{{{-4285, 1018, 7582},0, {1588, -928},{0x73, 0x0, 0xCA, 0xFF}}},
	{{{-4285, 776, 7824},0, {396, 586},{0x5A, 0xC1, 0xC0, 0xFF}}},
	{{{-4090, 658, 7941},0, {68, 864},{0x49, 0x98, 0x0, 0xFF}}},
	{{{-4285, 658, 7941},0, {396, 864},{0x73, 0xCA, 0x0, 0xFF}}},
	{{{-4090, 776, 7824},0, {68, 586},{0xA6, 0xC1, 0xC0, 0xFF}}},
	{{{3370, 2008, -17582},0, {-756, -291},{0xDC, 0x89, 0x1B, 0xFF}}},
	{{{3216, 2592, -17042},0, {226, 652},{0xAB, 0xA2, 0xF5, 0xFF}}},
	{{{3370, 2592, -17582},0, {226, -291},{0xAC, 0xB8, 0x3F, 0xFF}}},
	{{{3216, 2008, -17042},0, {-756, 652},{0xA3, 0xAA, 0xF3, 0xFF}}},
	{{{-3193, 13700, -6307},0, {7675, 1943},{0x54, 0xAD, 0xD1, 0xFF}}},
	{{{-3555, 20595, -6680},0, {-3908, 1069},{0x38, 0x1A, 0x91, 0xFF}}},
	{{{-3193, 21396, -6307},0, {-5253, 1943},{0x4E, 0x52, 0xC6, 0xFF}}},
	{{{-3555, 13992, -6680},0, {7184, 1069},{0x34, 0xC3, 0x9D, 0xFF}}},
	{{{-7847, 20595, -6680},0, {5892, -343},{0xC2, 0x46, 0xAA, 0xFF}}},
	{{{-8118, 13700, -6307},0, {-5691, 431},{0xAC, 0xAB, 0xD4, 0xFF}}},
	{{{-8118, 20814, -6307},0, {6259, 431},{0xAA, 0x55, 0xD8, 0xFF}}},
	{{{-7847, 13992, -6680},0, {-5200, -343},{0xC1, 0xC4, 0xA3, 0xFF}}},
	{{{-7847, 13992, -6680},0, {2910, 187},{0xC1, 0xC4, 0xA3, 0xFF}}},
	{{{-3193, 13700, -6307},0, {-4908, 983},{0x54, 0xAD, 0xD1, 0xFF}}},
	{{{-8118, 13700, -6307},0, {3365, 983},{0xAC, 0xAB, 0xD4, 0xFF}}},
	{{{-3555, 13992, -6680},0, {-4300, 187},{0x34, 0xC3, 0x9D, 0xFF}}},
	{{{-5912, 21090, -6307},0, {-885, 701},{0xD3, 0x59, 0xB2, 0xFF}}},
	{{{-3555, 20595, -6680},0, {2257, -1922},{0x38, 0x1A, 0x91, 0xFF}}},
	{{{-6450, 20814, -6307},0, {-1900, 701},{0xF0, 0x76, 0xD5, 0xFF}}},
	{{{-5436, 21334, -6307},0, {13, 701},{0xD2, 0x59, 0xB1, 0xFF}}},
};

Gfx hmc_dl_DL_thi_1_0xe024db0_Obj_mesh_layer_1_tri_4[] = {
	gsSPVertex(hmc_dl_DL_thi_1_0xe024db0_Obj_mesh_layer_1_vtx_4 + 0, 15, 0),
	gsSP1Triangle(0, 1, 2, 0),
	gsSP1Triangle(3, 4, 5, 0),
	gsSP1Triangle(6, 7, 8, 0),
	gsSP1Triangle(9, 10, 11, 0),
	gsSP1Triangle(12, 13, 14, 0),
	gsSPVertex(hmc_dl_DL_thi_1_0xe024db0_Obj_mesh_layer_1_vtx_4 + 15, 15, 0),
	gsSP1Triangle(0, 1, 2, 0),
	gsSP1Triangle(3, 4, 5, 0),
	gsSP1Triangle(6, 7, 8, 0),
	gsSP1Triangle(9, 10, 11, 0),
	gsSP1Triangle(12, 13, 14, 0),
	gsSPVertex(hmc_dl_DL_thi_1_0xe024db0_Obj_mesh_layer_1_vtx_4 + 30, 15, 0),
	gsSP1Triangle(0, 1, 2, 0),
	gsSP1Triangle(3, 4, 5, 0),
	gsSP1Triangle(6, 7, 8, 0),
	gsSP1Triangle(9, 10, 11, 0),
	gsSP1Triangle(12, 13, 14, 0),
	gsSPVertex(hmc_dl_DL_thi_1_0xe024db0_Obj_mesh_layer_1_vtx_4 + 45, 15, 0),
	gsSP1Triangle(0, 1, 2, 0),
	gsSP1Triangle(3, 4, 5, 0),
	gsSP1Triangle(6, 7, 8, 0),
	gsSP1Triangle(9, 10, 11, 0),
	gsSP1Triangle(12, 13, 14, 0),
	gsSPVertex(hmc_dl_DL_thi_1_0xe024db0_Obj_mesh_layer_1_vtx_4 + 60, 15, 0),
	gsSP1Triangle(0, 1, 2, 0),
	gsSP1Triangle(3, 4, 5, 0),
	gsSP1Triangle(6, 7, 8, 0),
	gsSP1Triangle(9, 10, 11, 0),
	gsSP1Triangle(12, 13, 14, 0),
	gsSPVertex(hmc_dl_DL_thi_1_0xe024db0_Obj_mesh_layer_1_vtx_4 + 75, 15, 0),
	gsSP1Triangle(0, 1, 2, 0),
	gsSP1Triangle(3, 4, 5, 0),
	gsSP1Triangle(6, 7, 8, 0),
	gsSP1Triangle(9, 10, 11, 0),
	gsSP1Triangle(12, 13, 14, 0),
	gsSPVertex(hmc_dl_DL_thi_1_0xe024db0_Obj_mesh_layer_1_vtx_4 + 90, 15, 0),
	gsSP1Triangle(0, 1, 2, 0),
	gsSP1Triangle(3, 4, 5, 0),
	gsSP1Triangle(6, 7, 8, 0),
	gsSP1Triangle(9, 10, 11, 0),
	gsSP1Triangle(12, 13, 14, 0),
	gsSPVertex(hmc_dl_DL_thi_1_0xe024db0_Obj_mesh_layer_1_vtx_4 + 105, 15, 0),
	gsSP1Triangle(0, 1, 2, 0),
	gsSP1Triangle(3, 4, 5, 0),
	gsSP1Triangle(6, 7, 8, 0),
	gsSP1Triangle(9, 10, 11, 0),
	gsSP1Triangle(12, 13, 14, 0),
	gsSPVertex(hmc_dl_DL_thi_1_0xe024db0_Obj_mesh_layer_1_vtx_4 + 120, 15, 0),
	gsSP1Triangle(0, 1, 2, 0),
	gsSP1Triangle(3, 4, 5, 0),
	gsSP1Triangle(6, 7, 8, 0),
	gsSP1Triangle(9, 10, 11, 0),
	gsSP1Triangle(12, 13, 14, 0),
	gsSPVertex(hmc_dl_DL_thi_1_0xe024db0_Obj_mesh_layer_1_vtx_4 + 135, 15, 0),
	gsSP1Triangle(0, 1, 2, 0),
	gsSP1Triangle(3, 4, 5, 0),
	gsSP1Triangle(6, 7, 8, 0),
	gsSP1Triangle(9, 10, 11, 0),
	gsSP1Triangle(12, 13, 14, 0),
	gsSPVertex(hmc_dl_DL_thi_1_0xe024db0_Obj_mesh_layer_1_vtx_4 + 150, 15, 0),
	gsSP1Triangle(0, 1, 2, 0),
	gsSP1Triangle(3, 4, 5, 0),
	gsSP1Triangle(6, 7, 8, 0),
	gsSP1Triangle(9, 10, 11, 0),
	gsSP1Triangle(12, 13, 14, 0),
	gsSPVertex(hmc_dl_DL_thi_1_0xe024db0_Obj_mesh_layer_1_vtx_4 + 165, 15, 0),
	gsSP1Triangle(0, 1, 2, 0),
	gsSP1Triangle(3, 4, 5, 0),
	gsSP1Triangle(6, 7, 8, 0),
	gsSP1Triangle(9, 10, 11, 0),
	gsSP1Triangle(12, 13, 14, 0),
	gsSPVertex(hmc_dl_DL_thi_1_0xe024db0_Obj_mesh_layer_1_vtx_4 + 180, 15, 0),
	gsSP1Triangle(0, 1, 2, 0),
	gsSP1Triangle(3, 4, 5, 0),
	gsSP1Triangle(6, 7, 8, 0),
	gsSP1Triangle(9, 10, 11, 0),
	gsSP1Triangle(12, 13, 14, 0),
	gsSPVertex(hmc_dl_DL_thi_1_0xe024db0_Obj_mesh_layer_1_vtx_4 + 195, 15, 0),
	gsSP1Triangle(0, 1, 2, 0),
	gsSP1Triangle(3, 4, 5, 0),
	gsSP1Triangle(6, 7, 8, 0),
	gsSP1Triangle(9, 10, 11, 0),
	gsSP1Triangle(12, 13, 14, 0),
	gsSPVertex(hmc_dl_DL_thi_1_0xe024db0_Obj_mesh_layer_1_vtx_4 + 210, 15, 0),
	gsSP1Triangle(0, 1, 2, 0),
	gsSP1Triangle(3, 4, 5, 0),
	gsSP1Triangle(6, 7, 8, 0),
	gsSP1Triangle(9, 10, 11, 0),
	gsSP1Triangle(12, 13, 14, 0),
	gsSPVertex(hmc_dl_DL_thi_1_0xe024db0_Obj_mesh_layer_1_vtx_4 + 225, 15, 0),
	gsSP1Triangle(0, 1, 2, 0),
	gsSP1Triangle(3, 4, 5, 0),
	gsSP1Triangle(6, 7, 8, 0),
	gsSP1Triangle(9, 10, 11, 0),
	gsSP1Triangle(12, 13, 14, 0),
	gsSPVertex(hmc_dl_DL_thi_1_0xe024db0_Obj_mesh_layer_1_vtx_4 + 240, 14, 0),
	gsSP1Triangle(0, 1, 2, 0),
	gsSP1Triangle(3, 4, 5, 0),
	gsSP1Triangle(6, 7, 8, 0),
	gsSP1Triangle(7, 6, 9, 0),
	gsSP1Triangle(10, 11, 12, 0),
	gsSP1Triangle(11, 10, 13, 0),
	gsSPVertex(hmc_dl_DL_thi_1_0xe024db0_Obj_mesh_layer_1_vtx_4 + 254, 16, 0),
	gsSP1Triangle(0, 1, 2, 0),
	gsSP1Triangle(1, 0, 3, 0),
	gsSP1Triangle(4, 5, 6, 0),
	gsSP1Triangle(5, 4, 7, 0),
	gsSP1Triangle(8, 9, 10, 0),
	gsSP1Triangle(9, 8, 11, 0),
	gsSP1Triangle(12, 13, 14, 0),
	gsSP1Triangle(13, 12, 15, 0),
	gsSPVertex(hmc_dl_DL_thi_1_0xe024db0_Obj_mesh_layer_1_vtx_4 + 270, 16, 0),
	gsSP1Triangle(0, 1, 2, 0),
	gsSP1Triangle(1, 0, 3, 0),
	gsSP1Triangle(4, 5, 6, 0),
	gsSP1Triangle(5, 4, 7, 0),
	gsSP1Triangle(8, 9, 10, 0),
	gsSP1Triangle(9, 8, 11, 0),
	gsSP1Triangle(12, 13, 14, 0),
	gsSP1Triangle(13, 12, 15, 0),
	gsSPVertex(hmc_dl_DL_thi_1_0xe024db0_Obj_mesh_layer_1_vtx_4 + 286, 16, 0),
	gsSP1Triangle(0, 1, 2, 0),
	gsSP1Triangle(1, 0, 3, 0),
	gsSP1Triangle(4, 5, 6, 0),
	gsSP1Triangle(5, 4, 7, 0),
	gsSP1Triangle(8, 9, 10, 0),
	gsSP1Triangle(9, 8, 11, 0),
	gsSP1Triangle(12, 13, 14, 0),
	gsSP1Triangle(13, 12, 15, 0),
	gsSPVertex(hmc_dl_DL_thi_1_0xe024db0_Obj_mesh_layer_1_vtx_4 + 302, 16, 0),
	gsSP1Triangle(0, 1, 2, 0),
	gsSP1Triangle(1, 0, 3, 0),
	gsSP1Triangle(4, 5, 6, 0),
	gsSP1Triangle(5, 4, 7, 0),
	gsSP1Triangle(8, 9, 10, 0),
	gsSP1Triangle(9, 8, 11, 0),
	gsSP1Triangle(12, 13, 14, 0),
	gsSP1Triangle(13, 12, 15, 0),
	gsSPVertex(hmc_dl_DL_thi_1_0xe024db0_Obj_mesh_layer_1_vtx_4 + 318, 16, 0),
	gsSP1Triangle(0, 1, 2, 0),
	gsSP1Triangle(1, 0, 3, 0),
	gsSP1Triangle(4, 5, 6, 0),
	gsSP1Triangle(5, 4, 7, 0),
	gsSP1Triangle(8, 9, 10, 0),
	gsSP1Triangle(9, 8, 11, 0),
	gsSP1Triangle(12, 13, 14, 0),
	gsSP1Triangle(13, 12, 15, 0),
	gsSPVertex(hmc_dl_DL_thi_1_0xe024db0_Obj_mesh_layer_1_vtx_4 + 334, 16, 0),
	gsSP1Triangle(0, 1, 2, 0),
	gsSP1Triangle(1, 0, 3, 0),
	gsSP1Triangle(4, 5, 6, 0),
	gsSP1Triangle(5, 4, 7, 0),
	gsSP1Triangle(8, 9, 10, 0),
	gsSP1Triangle(9, 8, 11, 0),
	gsSP1Triangle(12, 13, 14, 0),
	gsSP1Triangle(13, 12, 15, 0),
	gsSPVertex(hmc_dl_DL_thi_1_0xe024db0_Obj_mesh_layer_1_vtx_4 + 350, 16, 0),
	gsSP1Triangle(0, 1, 2, 0),
	gsSP1Triangle(1, 0, 3, 0),
	gsSP1Triangle(4, 5, 6, 0),
	gsSP1Triangle(5, 4, 7, 0),
	gsSP1Triangle(8, 9, 10, 0),
	gsSP1Triangle(9, 8, 11, 0),
	gsSP1Triangle(12, 13, 14, 0),
	gsSP1Triangle(13, 12, 15, 0),
	gsSPVertex(hmc_dl_DL_thi_1_0xe024db0_Obj_mesh_layer_1_vtx_4 + 366, 16, 0),
	gsSP1Triangle(0, 1, 2, 0),
	gsSP1Triangle(1, 0, 3, 0),
	gsSP1Triangle(4, 5, 6, 0),
	gsSP1Triangle(5, 4, 7, 0),
	gsSP1Triangle(8, 9, 10, 0),
	gsSP1Triangle(9, 8, 11, 0),
	gsSP1Triangle(12, 13, 14, 0),
	gsSP1Triangle(13, 12, 15, 0),
	gsSPVertex(hmc_dl_DL_thi_1_0xe024db0_Obj_mesh_layer_1_vtx_4 + 382, 16, 0),
	gsSP1Triangle(0, 1, 2, 0),
	gsSP1Triangle(1, 0, 3, 0),
	gsSP1Triangle(4, 5, 6, 0),
	gsSP1Triangle(5, 4, 7, 0),
	gsSP1Triangle(8, 9, 10, 0),
	gsSP1Triangle(9, 8, 11, 0),
	gsSP1Triangle(12, 13, 14, 0),
	gsSP1Triangle(13, 12, 15, 0),
	gsSPVertex(hmc_dl_DL_thi_1_0xe024db0_Obj_mesh_layer_1_vtx_4 + 398, 16, 0),
	gsSP1Triangle(0, 1, 2, 0),
	gsSP1Triangle(1, 0, 3, 0),
	gsSP1Triangle(4, 5, 6, 0),
	gsSP1Triangle(5, 4, 7, 0),
	gsSP1Triangle(8, 9, 10, 0),
	gsSP1Triangle(9, 8, 11, 0),
	gsSP1Triangle(12, 13, 14, 0),
	gsSP1Triangle(14, 13, 15, 0),
	gsSPVertex(hmc_dl_DL_thi_1_0xe024db0_Obj_mesh_layer_1_vtx_4 + 414, 14, 0),
	gsSP1Triangle(0, 1, 2, 0),
	gsSP1Triangle(3, 4, 5, 0),
	gsSP1Triangle(4, 3, 6, 0),
	gsSP1Triangle(4, 6, 7, 0),
	gsSP1Triangle(4, 7, 8, 0),
	gsSP1Triangle(8, 7, 9, 0),
	gsSP1Triangle(10, 11, 12, 0),
	gsSP1Triangle(11, 10, 13, 0),
	gsSPVertex(hmc_dl_DL_thi_1_0xe024db0_Obj_mesh_layer_1_vtx_4 + 428, 16, 0),
	gsSP1Triangle(0, 1, 2, 0),
	gsSP1Triangle(1, 0, 3, 0),
	gsSP1Triangle(4, 5, 6, 0),
	gsSP1Triangle(5, 4, 7, 0),
	gsSP1Triangle(8, 9, 10, 0),
	gsSP1Triangle(9, 8, 11, 0),
	gsSP1Triangle(12, 13, 14, 0),
	gsSP1Triangle(13, 12, 15, 0),
	gsSPVertex(hmc_dl_DL_thi_1_0xe024db0_Obj_mesh_layer_1_vtx_4 + 444, 14, 0),
	gsSP1Triangle(0, 1, 2, 0),
	gsSP1Triangle(1, 0, 3, 0),
	gsSP1Triangle(4, 5, 6, 0),
	gsSP1Triangle(4, 7, 5, 0),
	gsSP1Triangle(8, 7, 4, 0),
	gsSP1Triangle(8, 4, 9, 0),
	gsSP1Triangle(10, 11, 12, 0),
	gsSP1Triangle(11, 10, 13, 0),
	gsSPVertex(hmc_dl_DL_thi_1_0xe024db0_Obj_mesh_layer_1_vtx_4 + 458, 16, 0),
	gsSP1Triangle(0, 1, 2, 0),
	gsSP1Triangle(1, 0, 3, 0),
	gsSP1Triangle(4, 5, 6, 0),
	gsSP1Triangle(6, 5, 7, 0),
	gsSP1Triangle(7, 8, 6, 0),
	gsSP1Triangle(9, 10, 11, 0),
	gsSP1Triangle(9, 11, 12, 0),
	gsSP1Triangle(13, 14, 15, 0),
	gsSPVertex(hmc_dl_DL_thi_1_0xe024db0_Obj_mesh_layer_1_vtx_4 + 474, 16, 0),
	gsSP1Triangle(0, 1, 2, 0),
	gsSP1Triangle(2, 1, 3, 0),
	gsSP1Triangle(4, 5, 6, 0),
	gsSP1Triangle(5, 4, 7, 0),
	gsSP1Triangle(8, 9, 10, 0),
	gsSP1Triangle(9, 8, 11, 0),
	gsSP1Triangle(12, 13, 14, 0),
	gsSP1Triangle(13, 12, 15, 0),
	gsSPVertex(hmc_dl_DL_thi_1_0xe024db0_Obj_mesh_layer_1_vtx_4 + 490, 16, 0),
	gsSP1Triangle(0, 1, 2, 0),
	gsSP1Triangle(1, 0, 3, 0),
	gsSP1Triangle(4, 5, 6, 0),
	gsSP1Triangle(5, 4, 7, 0),
	gsSP1Triangle(8, 9, 10, 0),
	gsSP1Triangle(9, 8, 11, 0),
	gsSP1Triangle(12, 13, 14, 0),
	gsSP1Triangle(13, 12, 15, 0),
	gsSPVertex(hmc_dl_DL_thi_1_0xe024db0_Obj_mesh_layer_1_vtx_4 + 506, 16, 0),
	gsSP1Triangle(0, 1, 2, 0),
	gsSP1Triangle(1, 0, 3, 0),
	gsSP1Triangle(4, 5, 6, 0),
	gsSP1Triangle(5, 4, 7, 0),
	gsSP1Triangle(8, 9, 10, 0),
	gsSP1Triangle(9, 8, 11, 0),
	gsSP1Triangle(12, 13, 14, 0),
	gsSP1Triangle(13, 12, 15, 0),
	gsSPVertex(hmc_dl_DL_thi_1_0xe024db0_Obj_mesh_layer_1_vtx_4 + 522, 16, 0),
	gsSP1Triangle(0, 1, 2, 0),
	gsSP1Triangle(1, 0, 3, 0),
	gsSP1Triangle(4, 5, 6, 0),
	gsSP1Triangle(5, 4, 7, 0),
	gsSP1Triangle(8, 9, 10, 0),
	gsSP1Triangle(9, 8, 11, 0),
	gsSP1Triangle(12, 13, 14, 0),
	gsSP1Triangle(13, 12, 15, 0),
	gsSPVertex(hmc_dl_DL_thi_1_0xe024db0_Obj_mesh_layer_1_vtx_4 + 538, 16, 0),
	gsSP1Triangle(0, 1, 2, 0),
	gsSP1Triangle(1, 0, 3, 0),
	gsSP1Triangle(4, 5, 6, 0),
	gsSP1Triangle(5, 4, 7, 0),
	gsSP1Triangle(8, 9, 10, 0),
	gsSP1Triangle(9, 8, 11, 0),
	gsSP1Triangle(12, 13, 14, 0),
	gsSP1Triangle(13, 12, 15, 0),
	gsSPVertex(hmc_dl_DL_thi_1_0xe024db0_Obj_mesh_layer_1_vtx_4 + 554, 16, 0),
	gsSP1Triangle(0, 1, 2, 0),
	gsSP1Triangle(1, 0, 3, 0),
	gsSP1Triangle(4, 5, 6, 0),
	gsSP1Triangle(5, 4, 7, 0),
	gsSP1Triangle(8, 9, 10, 0),
	gsSP1Triangle(9, 8, 11, 0),
	gsSP1Triangle(12, 13, 14, 0),
	gsSP1Triangle(13, 12, 15, 0),
	gsSPVertex(hmc_dl_DL_thi_1_0xe024db0_Obj_mesh_layer_1_vtx_4 + 570, 16, 0),
	gsSP1Triangle(0, 1, 2, 0),
	gsSP1Triangle(1, 0, 3, 0),
	gsSP1Triangle(4, 5, 6, 0),
	gsSP1Triangle(5, 4, 7, 0),
	gsSP1Triangle(8, 9, 10, 0),
	gsSP1Triangle(9, 8, 11, 0),
	gsSP1Triangle(12, 13, 14, 0),
	gsSP1Triangle(13, 12, 15, 0),
	gsSPVertex(hmc_dl_DL_thi_1_0xe024db0_Obj_mesh_layer_1_vtx_4 + 586, 16, 0),
	gsSP1Triangle(0, 1, 2, 0),
	gsSP1Triangle(1, 0, 3, 0),
	gsSP1Triangle(4, 5, 6, 0),
	gsSP1Triangle(5, 4, 7, 0),
	gsSP1Triangle(8, 9, 10, 0),
	gsSP1Triangle(9, 8, 11, 0),
	gsSP1Triangle(12, 13, 14, 0),
	gsSP1Triangle(13, 12, 15, 0),
	gsSPVertex(hmc_dl_DL_thi_1_0xe024db0_Obj_mesh_layer_1_vtx_4 + 602, 16, 0),
	gsSP1Triangle(0, 1, 2, 0),
	gsSP1Triangle(1, 0, 3, 0),
	gsSP1Triangle(4, 5, 6, 0),
	gsSP1Triangle(5, 4, 7, 0),
	gsSP1Triangle(8, 9, 10, 0),
	gsSP1Triangle(9, 8, 11, 0),
	gsSP1Triangle(12, 13, 14, 0),
	gsSP1Triangle(13, 12, 15, 0),
	gsSPVertex(hmc_dl_DL_thi_1_0xe024db0_Obj_mesh_layer_1_vtx_4 + 618, 16, 0),
	gsSP1Triangle(0, 1, 2, 0),
	gsSP1Triangle(1, 0, 3, 0),
	gsSP1Triangle(4, 5, 6, 0),
	gsSP1Triangle(5, 4, 7, 0),
	gsSP1Triangle(8, 9, 10, 0),
	gsSP1Triangle(9, 8, 11, 0),
	gsSP1Triangle(12, 13, 14, 0),
	gsSP1Triangle(13, 12, 15, 0),
	gsSPVertex(hmc_dl_DL_thi_1_0xe024db0_Obj_mesh_layer_1_vtx_4 + 634, 16, 0),
	gsSP1Triangle(0, 1, 2, 0),
	gsSP1Triangle(1, 0, 3, 0),
	gsSP1Triangle(4, 5, 6, 0),
	gsSP1Triangle(5, 4, 7, 0),
	gsSP1Triangle(8, 9, 10, 0),
	gsSP1Triangle(9, 8, 11, 0),
	gsSP1Triangle(11, 8, 12, 0),
	gsSP1Triangle(13, 14, 15, 0),
	gsSPVertex(hmc_dl_DL_thi_1_0xe024db0_Obj_mesh_layer_1_vtx_4 + 650, 16, 0),
	gsSP1Triangle(0, 1, 2, 0),
	gsSP1Triangle(3, 1, 0, 0),
	gsSP1Triangle(3, 4, 1, 0),
	gsSP1Triangle(5, 4, 3, 0),
	gsSP1Triangle(6, 5, 3, 0),
	gsSP1Triangle(7, 8, 9, 0),
	gsSP1Triangle(8, 7, 10, 0),
	gsSP1Triangle(11, 12, 13, 0),
	gsSP1Triangle(12, 11, 14, 0),
	gsSP1Triangle(14, 11, 15, 0),
	gsSPVertex(hmc_dl_DL_thi_1_0xe024db0_Obj_mesh_layer_1_vtx_4 + 666, 16, 0),
	gsSP1Triangle(0, 1, 2, 0),
	gsSP1Triangle(1, 0, 3, 0),
	gsSP1Triangle(4, 5, 6, 0),
	gsSP1Triangle(5, 4, 7, 0),
	gsSP1Triangle(8, 9, 10, 0),
	gsSP1Triangle(9, 8, 11, 0),
	gsSP1Triangle(12, 13, 14, 0),
	gsSP1Triangle(13, 12, 15, 0),
	gsSPVertex(hmc_dl_DL_thi_1_0xe024db0_Obj_mesh_layer_1_vtx_4 + 682, 16, 0),
	gsSP1Triangle(0, 1, 2, 0),
	gsSP1Triangle(1, 0, 3, 0),
	gsSP1Triangle(4, 5, 6, 0),
	gsSP1Triangle(5, 4, 7, 0),
	gsSP1Triangle(8, 9, 10, 0),
	gsSP1Triangle(9, 8, 11, 0),
	gsSP1Triangle(12, 13, 14, 0),
	gsSP1Triangle(13, 12, 15, 0),
	gsSPVertex(hmc_dl_DL_thi_1_0xe024db0_Obj_mesh_layer_1_vtx_4 + 698, 16, 0),
	gsSP1Triangle(0, 1, 2, 0),
	gsSP1Triangle(1, 0, 3, 0),
	gsSP1Triangle(4, 5, 6, 0),
	gsSP1Triangle(5, 4, 7, 0),
	gsSP1Triangle(8, 9, 10, 0),
	gsSP1Triangle(9, 8, 11, 0),
	gsSP1Triangle(12, 13, 14, 0),
	gsSP1Triangle(13, 12, 15, 0),
	gsSPVertex(hmc_dl_DL_thi_1_0xe024db0_Obj_mesh_layer_1_vtx_4 + 714, 16, 0),
	gsSP1Triangle(0, 1, 2, 0),
	gsSP1Triangle(3, 4, 5, 0),
	gsSP1Triangle(4, 3, 6, 0),
	gsSP1Triangle(7, 8, 9, 0),
	gsSP1Triangle(8, 7, 10, 0),
	gsSP1Triangle(11, 12, 13, 0),
	gsSP1Triangle(12, 11, 14, 0),
	gsSP1Triangle(14, 11, 15, 0),
	gsSPVertex(hmc_dl_DL_thi_1_0xe024db0_Obj_mesh_layer_1_vtx_4 + 730, 16, 0),
	gsSP1Triangle(0, 1, 2, 0),
	gsSP1Triangle(3, 4, 5, 0),
	gsSP1Triangle(4, 3, 6, 0),
	gsSP1Triangle(7, 8, 9, 0),
	gsSP1Triangle(8, 7, 10, 0),
	gsSP1Triangle(11, 12, 13, 0),
	gsSP1Triangle(12, 11, 14, 0),
	gsSP1Triangle(14, 11, 15, 0),
	gsSPVertex(hmc_dl_DL_thi_1_0xe024db0_Obj_mesh_layer_1_vtx_4 + 746, 16, 0),
	gsSP1Triangle(0, 1, 2, 0),
	gsSP1Triangle(1, 0, 3, 0),
	gsSP1Triangle(4, 5, 6, 0),
	gsSP1Triangle(5, 4, 7, 0),
	gsSP1Triangle(8, 9, 10, 0),
	gsSP1Triangle(9, 8, 11, 0),
	gsSP1Triangle(12, 13, 14, 0),
	gsSP1Triangle(13, 12, 15, 0),
	gsSPVertex(hmc_dl_DL_thi_1_0xe024db0_Obj_mesh_layer_1_vtx_4 + 762, 15, 0),
	gsSP1Triangle(0, 1, 2, 0),
	gsSP1Triangle(3, 4, 5, 0),
	gsSP1Triangle(4, 3, 6, 0),
	gsSP1Triangle(7, 8, 9, 0),
	gsSP1Triangle(8, 7, 10, 0),
	gsSP1Triangle(11, 12, 13, 0),
	gsSP1Triangle(12, 11, 14, 0),
	gsSPVertex(hmc_dl_DL_thi_1_0xe024db0_Obj_mesh_layer_1_vtx_4 + 777, 15, 0),
	gsSP1Triangle(0, 1, 2, 0),
	gsSP1Triangle(1, 0, 3, 0),
	gsSP1Triangle(4, 5, 6, 0),
	gsSP1Triangle(4, 6, 7, 0),
	gsSP1Triangle(7, 6, 8, 0),
	gsSP1Triangle(8, 6, 9, 0),
	gsSP1Triangle(9, 6, 10, 0),
	gsSP1Triangle(11, 12, 13, 0),
	gsSP1Triangle(14, 13, 12, 0),
	gsSPVertex(hmc_dl_DL_thi_1_0xe024db0_Obj_mesh_layer_1_vtx_4 + 792, 16, 0),
	gsSP1Triangle(0, 1, 2, 0),
	gsSP1Triangle(3, 1, 0, 0),
	gsSP1Triangle(4, 1, 3, 0),
	gsSP1Triangle(5, 1, 4, 0),
	gsSP1Triangle(6, 1, 5, 0),
	gsSP1Triangle(7, 1, 6, 0),
	gsSP1Triangle(8, 1, 7, 0),
	gsSP1Triangle(9, 1, 8, 0),
	gsSP1Triangle(10, 9, 8, 0),
	gsSP1Triangle(9, 10, 11, 0),
	gsSP1Triangle(12, 13, 14, 0),
	gsSP1Triangle(14, 13, 15, 0),
	gsSPVertex(hmc_dl_DL_thi_1_0xe024db0_Obj_mesh_layer_1_vtx_4 + 808, 16, 0),
	gsSP1Triangle(0, 1, 2, 0),
	gsSP1Triangle(2, 1, 3, 0),
	gsSP1Triangle(3, 1, 4, 0),
	gsSP1Triangle(4, 1, 5, 0),
	gsSP1Triangle(6, 7, 8, 0),
	gsSP1Triangle(8, 7, 9, 0),
	gsSP1Triangle(9, 7, 10, 0),
	gsSP1Triangle(10, 7, 11, 0),
	gsSP1Triangle(12, 13, 14, 0),
	gsSP1Triangle(14, 13, 15, 0),
	gsSPVertex(hmc_dl_DL_thi_1_0xe024db0_Obj_mesh_layer_1_vtx_4 + 824, 16, 0),
	gsSP1Triangle(0, 1, 2, 0),
	gsSP1Triangle(2, 1, 3, 0),
	gsSP1Triangle(3, 1, 4, 0),
	gsSP1Triangle(4, 1, 5, 0),
	gsSP1Triangle(6, 7, 8, 0),
	gsSP1Triangle(8, 7, 9, 0),
	gsSP1Triangle(9, 7, 10, 0),
	gsSP1Triangle(10, 7, 11, 0),
	gsSP1Triangle(12, 13, 14, 0),
	gsSP1Triangle(14, 13, 15, 0),
	gsSPVertex(hmc_dl_DL_thi_1_0xe024db0_Obj_mesh_layer_1_vtx_4 + 840, 16, 0),
	gsSP1Triangle(0, 1, 2, 0),
	gsSP1Triangle(2, 1, 3, 0),
	gsSP1Triangle(4, 5, 6, 0),
	gsSP1Triangle(6, 5, 7, 0),
	gsSP1Triangle(7, 5, 8, 0),
	gsSP1Triangle(8, 5, 9, 0),
	gsSP1Triangle(10, 11, 12, 0),
	gsSP1Triangle(12, 11, 13, 0),
	gsSP1Triangle(13, 11, 14, 0),
	gsSP1Triangle(14, 11, 15, 0),
	gsSPVertex(hmc_dl_DL_thi_1_0xe024db0_Obj_mesh_layer_1_vtx_4 + 856, 16, 0),
	gsSP1Triangle(0, 1, 2, 0),
	gsSP1Triangle(2, 1, 3, 0),
	gsSP1Triangle(4, 5, 6, 0),
	gsSP1Triangle(6, 5, 7, 0),
	gsSP1Triangle(7, 5, 8, 0),
	gsSP1Triangle(8, 5, 9, 0),
	gsSP1Triangle(10, 11, 12, 0),
	gsSP1Triangle(12, 11, 13, 0),
	gsSP1Triangle(13, 11, 14, 0),
	gsSP1Triangle(14, 11, 15, 0),
	gsSPVertex(hmc_dl_DL_thi_1_0xe024db0_Obj_mesh_layer_1_vtx_4 + 872, 16, 0),
	gsSP1Triangle(0, 1, 2, 0),
	gsSP1Triangle(2, 1, 3, 0),
	gsSP1Triangle(4, 5, 6, 0),
	gsSP1Triangle(4, 6, 7, 0),
	gsSP1Triangle(4, 7, 8, 0),
	gsSP1Triangle(4, 8, 9, 0),
	gsSP1Triangle(4, 9, 10, 0),
	gsSP1Triangle(4, 10, 11, 0),
	gsSP1Triangle(12, 13, 14, 0),
	gsSP1Triangle(12, 14, 15, 0),
	gsSPVertex(hmc_dl_DL_thi_1_0xe024db0_Obj_mesh_layer_1_vtx_4 + 888, 15, 0),
	gsSP1Triangle(0, 1, 2, 0),
	gsSP1Triangle(0, 2, 3, 0),
	gsSP1Triangle(0, 3, 4, 0),
	gsSP1Triangle(0, 4, 5, 0),
	gsSP1Triangle(0, 5, 6, 0),
	gsSP1Triangle(0, 6, 7, 0),
	gsSP1Triangle(8, 9, 10, 0),
	gsSP1Triangle(8, 10, 11, 0),
	gsSP1Triangle(8, 11, 12, 0),
	gsSP1Triangle(8, 12, 13, 0),
	gsSP1Triangle(8, 13, 14, 0),
	gsSPVertex(hmc_dl_DL_thi_1_0xe024db0_Obj_mesh_layer_1_vtx_4 + 903, 16, 0),
	gsSP1Triangle(0, 1, 2, 0),
	gsSP1Triangle(0, 2, 3, 0),
	gsSP1Triangle(0, 3, 4, 0),
	gsSP1Triangle(0, 4, 5, 0),
	gsSP1Triangle(0, 5, 6, 0),
	gsSP1Triangle(7, 8, 9, 0),
	gsSP1Triangle(7, 9, 10, 0),
	gsSP1Triangle(7, 10, 11, 0),
	gsSP1Triangle(7, 11, 12, 0),
	gsSP1Triangle(13, 14, 15, 0),
	gsSPVertex(hmc_dl_DL_thi_1_0xe024db0_Obj_mesh_layer_1_vtx_4 + 919, 16, 0),
	gsSP1Triangle(0, 1, 2, 0),
	gsSP1Triangle(0, 2, 3, 0),
	gsSP1Triangle(4, 5, 6, 0),
	gsSP1Triangle(4, 6, 7, 0),
	gsSP1Triangle(4, 7, 8, 0),
	gsSP1Triangle(4, 8, 9, 0),
	gsSP1Triangle(4, 9, 10, 0),
	gsSP1Triangle(11, 12, 13, 0),
	gsSP1Triangle(11, 13, 14, 0),
	gsSP1Triangle(11, 14, 15, 0),
	gsSPVertex(hmc_dl_DL_thi_1_0xe024db0_Obj_mesh_layer_1_vtx_4 + 935, 16, 0),
	gsSP1Triangle(0, 1, 2, 0),
	gsSP1Triangle(0, 2, 3, 0),
	gsSP1Triangle(0, 3, 4, 0),
	gsSP1Triangle(5, 6, 7, 0),
	gsSP1Triangle(5, 7, 8, 0),
	gsSP1Triangle(5, 8, 9, 0),
	gsSP1Triangle(5, 9, 10, 0),
	gsSP1Triangle(11, 12, 13, 0),
	gsSP1Triangle(11, 13, 14, 0),
	gsSP1Triangle(11, 14, 15, 0),
	gsSPVertex(hmc_dl_DL_thi_1_0xe024db0_Obj_mesh_layer_1_vtx_4 + 951, 15, 0),
	gsSP1Triangle(0, 1, 2, 0),
	gsSP1Triangle(3, 2, 1, 0),
	gsSP1Triangle(2, 3, 4, 0),
	gsSP1Triangle(5, 6, 7, 0),
	gsSP1Triangle(5, 7, 8, 0),
	gsSP1Triangle(9, 8, 7, 0),
	gsSP1Triangle(8, 9, 10, 0),
	gsSP1Triangle(11, 12, 13, 0),
	gsSP1Triangle(11, 13, 14, 0),
	gsSPVertex(hmc_dl_DL_thi_1_0xe024db0_Obj_mesh_layer_1_vtx_4 + 966, 16, 0),
	gsSP1Triangle(0, 1, 2, 0),
	gsSP1Triangle(1, 0, 3, 0),
	gsSP1Triangle(4, 5, 6, 0),
	gsSP1Triangle(5, 4, 7, 0),
	gsSP1Triangle(8, 9, 10, 0),
	gsSP1Triangle(9, 8, 11, 0),
	gsSP1Triangle(12, 13, 14, 0),
	gsSP1Triangle(13, 12, 15, 0),
	gsSPVertex(hmc_dl_DL_thi_1_0xe024db0_Obj_mesh_layer_1_vtx_4 + 982, 16, 0),
	gsSP1Triangle(0, 1, 2, 0),
	gsSP1Triangle(1, 0, 3, 0),
	gsSP1Triangle(4, 5, 6, 0),
	gsSP1Triangle(5, 4, 7, 0),
	gsSP1Triangle(8, 9, 10, 0),
	gsSP1Triangle(9, 8, 11, 0),
	gsSP1Triangle(12, 13, 14, 0),
	gsSP1Triangle(13, 12, 15, 0),
	gsSPVertex(hmc_dl_DL_thi_1_0xe024db0_Obj_mesh_layer_1_vtx_4 + 998, 16, 0),
	gsSP1Triangle(0, 1, 2, 0),
	gsSP1Triangle(1, 0, 3, 0),
	gsSP1Triangle(4, 5, 6, 0),
	gsSP1Triangle(5, 4, 7, 0),
	gsSP1Triangle(8, 9, 10, 0),
	gsSP1Triangle(9, 8, 11, 0),
	gsSP1Triangle(12, 13, 14, 0),
	gsSP1Triangle(13, 12, 15, 0),
	gsSPVertex(hmc_dl_DL_thi_1_0xe024db0_Obj_mesh_layer_1_vtx_4 + 1014, 16, 0),
	gsSP1Triangle(0, 1, 2, 0),
	gsSP1Triangle(1, 0, 3, 0),
	gsSP1Triangle(4, 5, 6, 0),
	gsSP1Triangle(5, 4, 7, 0),
	gsSP1Triangle(8, 9, 10, 0),
	gsSP1Triangle(9, 8, 11, 0),
	gsSP1Triangle(12, 13, 14, 0),
	gsSP1Triangle(13, 12, 15, 0),
	gsSPVertex(hmc_dl_DL_thi_1_0xe024db0_Obj_mesh_layer_1_vtx_4 + 1030, 16, 0),
	gsSP1Triangle(0, 1, 2, 0),
	gsSP1Triangle(1, 0, 3, 0),
	gsSP1Triangle(4, 5, 6, 0),
	gsSP1Triangle(5, 4, 7, 0),
	gsSP1Triangle(8, 9, 10, 0),
	gsSP1Triangle(9, 8, 11, 0),
	gsSP1Triangle(12, 13, 14, 0),
	gsSP1Triangle(13, 12, 15, 0),
	gsSPVertex(hmc_dl_DL_thi_1_0xe024db0_Obj_mesh_layer_1_vtx_4 + 1046, 16, 0),
	gsSP1Triangle(0, 1, 2, 0),
	gsSP1Triangle(1, 0, 3, 0),
	gsSP1Triangle(4, 5, 6, 0),
	gsSP1Triangle(5, 4, 7, 0),
	gsSP1Triangle(8, 9, 10, 0),
	gsSP1Triangle(9, 8, 11, 0),
	gsSP1Triangle(12, 13, 14, 0),
	gsSP1Triangle(13, 12, 15, 0),
	gsSPVertex(hmc_dl_DL_thi_1_0xe024db0_Obj_mesh_layer_1_vtx_4 + 1062, 16, 0),
	gsSP1Triangle(0, 1, 2, 0),
	gsSP1Triangle(2, 1, 3, 0),
	gsSP1Triangle(4, 5, 6, 0),
	gsSP1Triangle(5, 4, 7, 0),
	gsSP1Triangle(8, 9, 10, 0),
	gsSP1Triangle(8, 10, 11, 0),
	gsSP1Triangle(12, 13, 14, 0),
	gsSP1Triangle(13, 12, 15, 0),
	gsSPVertex(hmc_dl_DL_thi_1_0xe024db0_Obj_mesh_layer_1_vtx_4 + 1078, 16, 0),
	gsSP1Triangle(0, 1, 2, 0),
	gsSP1Triangle(3, 4, 5, 0),
	gsSP1Triangle(4, 3, 6, 0),
	gsSP1Triangle(6, 3, 7, 0),
	gsSP1Triangle(8, 9, 10, 0),
	gsSP1Triangle(9, 8, 11, 0),
	gsSP1Triangle(11, 8, 12, 0),
	gsSP1Triangle(13, 14, 15, 0),
	gsSPVertex(hmc_dl_DL_thi_1_0xe024db0_Obj_mesh_layer_1_vtx_4 + 1094, 16, 0),
	gsSP1Triangle(0, 1, 2, 0),
	gsSP1Triangle(3, 4, 5, 0),
	gsSP1Triangle(4, 3, 6, 0),
	gsSP1Triangle(4, 6, 7, 0),
	gsSP1Triangle(8, 9, 10, 0),
	gsSP1Triangle(8, 10, 11, 0),
	gsSP1Triangle(12, 13, 14, 0),
	gsSP1Triangle(13, 12, 15, 0),
	gsSPVertex(hmc_dl_DL_thi_1_0xe024db0_Obj_mesh_layer_1_vtx_4 + 1110, 14, 0),
	gsSP1Triangle(0, 1, 2, 0),
	gsSP1Triangle(3, 4, 5, 0),
	gsSP1Triangle(3, 5, 6, 0),
	gsSP1Triangle(7, 8, 9, 0),
	gsSP1Triangle(9, 8, 10, 0),
	gsSP1Triangle(10, 8, 11, 0),
	gsSP1Triangle(11, 8, 12, 0),
	gsSP1Triangle(12, 8, 13, 0),
	gsSPVertex(hmc_dl_DL_thi_1_0xe024db0_Obj_mesh_layer_1_vtx_4 + 1124, 15, 0),
	gsSP1Triangle(0, 1, 2, 0),
	gsSP1Triangle(0, 2, 3, 0),
	gsSP1Triangle(4, 3, 2, 0),
	gsSP1Triangle(4, 2, 5, 0),
	gsSP1Triangle(6, 5, 2, 0),
	gsSP1Triangle(5, 6, 7, 0),
	gsSP1Triangle(7, 6, 8, 0),
	gsSP1Triangle(7, 8, 9, 0),
	gsSP1Triangle(9, 8, 10, 0),
	gsSP1Triangle(3, 11, 0, 0),
	gsSP1Triangle(3, 12, 11, 0),
	gsSP1Triangle(13, 11, 12, 0),
	gsSP1Triangle(13, 14, 11, 0),
	gsSPVertex(hmc_dl_DL_thi_1_0xe024db0_Obj_mesh_layer_1_vtx_4 + 1139, 16, 0),
	gsSP1Triangle(0, 1, 2, 0),
	gsSP1Triangle(0, 2, 3, 0),
	gsSP1Triangle(3, 2, 4, 0),
	gsSP1Triangle(4, 2, 5, 0),
	gsSP1Triangle(2, 6, 5, 0),
	gsSP1Triangle(6, 2, 7, 0),
	gsSP1Triangle(6, 7, 8, 0),
	gsSP1Triangle(8, 7, 9, 0),
	gsSP1Triangle(9, 10, 8, 0),
	gsSP1Triangle(11, 12, 13, 0),
	gsSP1Triangle(13, 14, 11, 0),
	gsSP1Triangle(13, 15, 14, 0),
	gsSPVertex(hmc_dl_DL_thi_1_0xe024db0_Obj_mesh_layer_1_vtx_4 + 1155, 14, 0),
	gsSP1Triangle(0, 1, 2, 0),
	gsSP1Triangle(3, 1, 0, 0),
	gsSP1Triangle(3, 4, 1, 0),
	gsSP1Triangle(5, 4, 3, 0),
	gsSP1Triangle(4, 5, 6, 0),
	gsSP1Triangle(5, 7, 6, 0),
	gsSP1Triangle(5, 8, 7, 0),
	gsSP1Triangle(9, 8, 5, 0),
	gsSP1Triangle(10, 11, 12, 0),
	gsSP1Triangle(12, 11, 13, 0),
	gsSPVertex(hmc_dl_DL_thi_1_0xe024db0_Obj_mesh_layer_1_vtx_4 + 1169, 16, 0),
	gsSP1Triangle(0, 1, 2, 0),
	gsSP1Triangle(0, 2, 3, 0),
	gsSP1Triangle(4, 5, 6, 0),
	gsSP1Triangle(4, 6, 7, 0),
	gsSP1Triangle(8, 9, 10, 0),
	gsSP1Triangle(8, 10, 11, 0),
	gsSP1Triangle(12, 11, 10, 0),
	gsSP1Triangle(11, 12, 13, 0),
	gsSP1Triangle(14, 8, 11, 0),
	gsSP1Triangle(8, 14, 15, 0),
	gsSPVertex(hmc_dl_DL_thi_1_0xe024db0_Obj_mesh_layer_1_vtx_4 + 1185, 16, 0),
	gsSP1Triangle(0, 1, 2, 0),
	gsSP1Triangle(0, 2, 3, 0),
	gsSP1Triangle(4, 5, 6, 0),
	gsSP1Triangle(4, 6, 7, 0),
	gsSP1Triangle(4, 7, 8, 0),
	gsSP1Triangle(9, 10, 11, 0),
	gsSP1Triangle(11, 10, 12, 0),
	gsSP1Triangle(13, 14, 15, 0),
	gsSPVertex(hmc_dl_DL_thi_1_0xe024db0_Obj_mesh_layer_1_vtx_4 + 1201, 16, 0),
	gsSP1Triangle(0, 1, 2, 0),
	gsSP1Triangle(3, 4, 5, 0),
	gsSP1Triangle(4, 3, 6, 0),
	gsSP1Triangle(6, 3, 7, 0),
	gsSP1Triangle(6, 7, 8, 0),
	gsSP1Triangle(8, 7, 9, 0),
	gsSP1Triangle(10, 11, 12, 0),
	gsSP1Triangle(12, 11, 13, 0),
	gsSP1Triangle(12, 13, 14, 0),
	gsSP1Triangle(14, 13, 15, 0),
	gsSPVertex(hmc_dl_DL_thi_1_0xe024db0_Obj_mesh_layer_1_vtx_4 + 1217, 16, 0),
	gsSP1Triangle(0, 1, 2, 0),
	gsSP1Triangle(1, 0, 3, 0),
	gsSP1Triangle(4, 5, 6, 0),
	gsSP1Triangle(5, 4, 7, 0),
	gsSP1Triangle(8, 9, 10, 0),
	gsSP1Triangle(9, 8, 11, 0),
	gsSP1Triangle(12, 13, 14, 0),
	gsSP1Triangle(13, 12, 15, 0),
	gsSPVertex(hmc_dl_DL_thi_1_0xe024db0_Obj_mesh_layer_1_vtx_4 + 1233, 16, 0),
	gsSP1Triangle(0, 1, 2, 0),
	gsSP1Triangle(1, 0, 3, 0),
	gsSP1Triangle(4, 5, 6, 0),
	gsSP1Triangle(5, 4, 7, 0),
	gsSP1Triangle(8, 9, 10, 0),
	gsSP1Triangle(9, 8, 11, 0),
	gsSP1Triangle(12, 13, 14, 0),
	gsSP1Triangle(13, 12, 15, 0),
	gsSPVertex(hmc_dl_DL_thi_1_0xe024db0_Obj_mesh_layer_1_vtx_4 + 1249, 16, 0),
	gsSP1Triangle(0, 1, 2, 0),
	gsSP1Triangle(1, 0, 3, 0),
	gsSP1Triangle(4, 5, 6, 0),
	gsSP1Triangle(5, 4, 7, 0),
	gsSP1Triangle(8, 9, 10, 0),
	gsSP1Triangle(9, 8, 11, 0),
	gsSP1Triangle(9, 11, 12, 0),
	gsSP1Triangle(13, 14, 15, 0),
	gsSPVertex(hmc_dl_DL_thi_1_0xe024db0_Obj_mesh_layer_1_vtx_4 + 1265, 16, 0),
	gsSP1Triangle(0, 1, 2, 0),
	gsSP1Triangle(3, 4, 5, 0),
	gsSP1Triangle(6, 5, 4, 0),
	gsSP1Triangle(5, 6, 7, 0),
	gsSP1Triangle(8, 9, 10, 0),
	gsSP1Triangle(9, 8, 11, 0),
	gsSP1Triangle(12, 13, 14, 0),
	gsSP1Triangle(13, 12, 15, 0),
	gsSPVertex(hmc_dl_DL_thi_1_0xe024db0_Obj_mesh_layer_1_vtx_4 + 1281, 16, 0),
	gsSP1Triangle(0, 1, 2, 0),
	gsSP1Triangle(3, 2, 1, 0),
	gsSP1Triangle(4, 5, 6, 0),
	gsSP1Triangle(5, 4, 7, 0),
	gsSP1Triangle(8, 9, 10, 0),
	gsSP1Triangle(9, 8, 11, 0),
	gsSP1Triangle(12, 13, 14, 0),
	gsSP1Triangle(13, 12, 15, 0),
	gsSPVertex(hmc_dl_DL_thi_1_0xe024db0_Obj_mesh_layer_1_vtx_4 + 1297, 15, 0),
	gsSP1Triangle(0, 1, 2, 0),
	gsSP1Triangle(1, 0, 3, 0),
	gsSP1Triangle(4, 5, 6, 0),
	gsSP1Triangle(5, 4, 7, 0),
	gsSP1Triangle(8, 9, 10, 0),
	gsSP1Triangle(9, 8, 11, 0),
	gsSP1Triangle(9, 11, 12, 0),
	gsSP1Triangle(12, 11, 13, 0),
	gsSP1Triangle(12, 13, 14, 0),
	gsSPVertex(hmc_dl_DL_thi_1_0xe024db0_Obj_mesh_layer_1_vtx_4 + 1312, 16, 0),
	gsSP1Triangle(0, 1, 2, 0),
	gsSP1Triangle(1, 0, 3, 0),
	gsSP1Triangle(4, 5, 6, 0),
	gsSP1Triangle(5, 4, 7, 0),
	gsSP1Triangle(8, 9, 10, 0),
	gsSP1Triangle(9, 8, 11, 0),
	gsSP1Triangle(12, 13, 14, 0),
	gsSP1Triangle(13, 12, 15, 0),
	gsSPVertex(hmc_dl_DL_thi_1_0xe024db0_Obj_mesh_layer_1_vtx_4 + 1328, 15, 0),
	gsSP1Triangle(0, 1, 2, 0),
	gsSP1Triangle(1, 0, 3, 0),
	gsSP1Triangle(3, 0, 4, 0),
	gsSP1Triangle(5, 6, 7, 0),
	gsSP1Triangle(6, 5, 8, 0),
	gsSP1Triangle(9, 10, 11, 0),
	gsSP1Triangle(11, 10, 12, 0),
	gsSP1Triangle(11, 12, 13, 0),
	gsSP1Triangle(11, 13, 14, 0),
	gsSPVertex(hmc_dl_DL_thi_1_0xe024db0_Obj_mesh_layer_1_vtx_4 + 1343, 16, 0),
	gsSP1Triangle(0, 1, 2, 0),
	gsSP1Triangle(0, 2, 3, 0),
	gsSP1Triangle(4, 5, 6, 0),
	gsSP1Triangle(5, 4, 7, 0),
	gsSP1Triangle(8, 9, 10, 0),
	gsSP1Triangle(10, 9, 11, 0),
	gsSP1Triangle(12, 13, 14, 0),
	gsSP1Triangle(13, 12, 15, 0),
	gsSPVertex(hmc_dl_DL_thi_1_0xe024db0_Obj_mesh_layer_1_vtx_4 + 1359, 16, 0),
	gsSP1Triangle(0, 1, 2, 0),
	gsSP1Triangle(1, 0, 3, 0),
	gsSP1Triangle(3, 0, 4, 0),
	gsSP1Triangle(5, 6, 7, 0),
	gsSP1Triangle(6, 5, 8, 0),
	gsSP1Triangle(9, 10, 11, 0),
	gsSP1Triangle(10, 9, 12, 0),
	gsSP1Triangle(13, 14, 15, 0),
	gsSPVertex(hmc_dl_DL_thi_1_0xe024db0_Obj_mesh_layer_1_vtx_4 + 1375, 15, 0),
	gsSP1Triangle(0, 1, 2, 0),
	gsSP1Triangle(3, 4, 5, 0),
	gsSP1Triangle(4, 3, 6, 0),
	gsSP1Triangle(7, 8, 9, 0),
	gsSP1Triangle(8, 7, 10, 0),
	gsSP1Triangle(11, 12, 13, 0),
	gsSP1Triangle(12, 11, 14, 0),
	gsSPVertex(hmc_dl_DL_thi_1_0xe024db0_Obj_mesh_layer_1_vtx_4 + 1390, 16, 0),
	gsSP1Triangle(0, 1, 2, 0),
	gsSP1Triangle(1, 0, 3, 0),
	gsSP1Triangle(4, 5, 6, 0),
	gsSP1Triangle(5, 4, 7, 0),
	gsSP1Triangle(8, 9, 10, 0),
	gsSP1Triangle(9, 8, 11, 0),
	gsSP1Triangle(12, 13, 14, 0),
	gsSP1Triangle(13, 12, 15, 0),
	gsSPVertex(hmc_dl_DL_thi_1_0xe024db0_Obj_mesh_layer_1_vtx_4 + 1406, 16, 0),
	gsSP1Triangle(0, 1, 2, 0),
	gsSP1Triangle(1, 0, 3, 0),
	gsSP1Triangle(1, 3, 4, 0),
	gsSP1Triangle(4, 3, 5, 0),
	gsSP1Triangle(4, 5, 6, 0),
	gsSP1Triangle(6, 5, 7, 0),
	gsSP1Triangle(8, 9, 10, 0),
	gsSP1Triangle(9, 8, 11, 0),
	gsSP1Triangle(12, 13, 14, 0),
	gsSP1Triangle(14, 13, 15, 0),
	gsSPVertex(hmc_dl_DL_thi_1_0xe024db0_Obj_mesh_layer_1_vtx_4 + 1422, 16, 0),
	gsSP1Triangle(0, 1, 2, 0),
	gsSP1Triangle(2, 1, 3, 0),
	gsSP1Triangle(3, 1, 4, 0),
	gsSP1Triangle(0, 2, 5, 0),
	gsSP1Triangle(0, 5, 6, 0),
	gsSP1Triangle(6, 5, 7, 0),
	gsSP1Triangle(8, 9, 10, 0),
	gsSP1Triangle(11, 10, 9, 0),
	gsSP1Triangle(11, 9, 12, 0),
	gsSP1Triangle(11, 12, 13, 0),
	gsSP1Triangle(11, 13, 14, 0),
	gsSP1Triangle(11, 14, 15, 0),
	gsSPVertex(hmc_dl_DL_thi_1_0xe024db0_Obj_mesh_layer_1_vtx_4 + 1438, 16, 0),
	gsSP1Triangle(0, 1, 2, 0),
	gsSP1Triangle(0, 2, 3, 0),
	gsSP1Triangle(0, 4, 5, 0),
	gsSP1Triangle(0, 6, 4, 0),
	gsSP1Triangle(0, 7, 6, 0),
	gsSP1Triangle(0, 8, 7, 0),
	gsSP1Triangle(0, 9, 8, 0),
	gsSP1Triangle(10, 9, 0, 0),
	gsSP1Triangle(9, 10, 11, 0),
	gsSP1Triangle(11, 10, 12, 0),
	gsSP1Triangle(13, 12, 10, 0),
	gsSP1Triangle(12, 13, 14, 0),
	gsSP1Triangle(14, 13, 15, 0),
	gsSPVertex(hmc_dl_DL_thi_1_0xe024db0_Obj_mesh_layer_1_vtx_4 + 1454, 16, 0),
	gsSP1Triangle(0, 1, 2, 0),
	gsSP1Triangle(2, 1, 3, 0),
	gsSP1Triangle(3, 4, 2, 0),
	gsSP1Triangle(4, 3, 5, 0),
	gsSP1Triangle(4, 5, 6, 0),
	gsSP1Triangle(6, 5, 7, 0),
	gsSP1Triangle(8, 9, 10, 0),
	gsSP1Triangle(9, 8, 11, 0),
	gsSP1Triangle(12, 13, 14, 0),
	gsSP1Triangle(13, 12, 15, 0),
	gsSPVertex(hmc_dl_DL_thi_1_0xe024db0_Obj_mesh_layer_1_vtx_4 + 1470, 14, 0),
	gsSP1Triangle(0, 1, 2, 0),
	gsSP1Triangle(1, 0, 3, 0),
	gsSP1Triangle(4, 5, 6, 0),
	gsSP1Triangle(5, 4, 7, 0),
	gsSP1Triangle(7, 4, 8, 0),
	gsSP1Triangle(8, 4, 9, 0),
	gsSP1Triangle(10, 11, 12, 0),
	gsSP1Triangle(11, 10, 13, 0),
	gsSPVertex(hmc_dl_DL_thi_1_0xe024db0_Obj_mesh_layer_1_vtx_4 + 1484, 16, 0),
	gsSP1Triangle(0, 1, 2, 0),
	gsSP1Triangle(1, 0, 3, 0),
	gsSP1Triangle(4, 5, 6, 0),
	gsSP1Triangle(5, 4, 7, 0),
	gsSP1Triangle(8, 9, 10, 0),
	gsSP1Triangle(9, 8, 11, 0),
	gsSP1Triangle(12, 13, 14, 0),
	gsSP1Triangle(13, 12, 15, 0),
	gsSPVertex(hmc_dl_DL_thi_1_0xe024db0_Obj_mesh_layer_1_vtx_4 + 1500, 16, 0),
	gsSP1Triangle(0, 1, 2, 0),
	gsSP1Triangle(1, 0, 3, 0),
	gsSP1Triangle(4, 5, 6, 0),
	gsSP1Triangle(5, 4, 7, 0),
	gsSP1Triangle(8, 9, 10, 0),
	gsSP1Triangle(9, 8, 11, 0),
	gsSP1Triangle(12, 13, 14, 0),
	gsSP1Triangle(13, 12, 15, 0),
	gsSPVertex(hmc_dl_DL_thi_1_0xe024db0_Obj_mesh_layer_1_vtx_4 + 1516, 14, 0),
	gsSP1Triangle(0, 1, 2, 0),
	gsSP1Triangle(1, 0, 3, 0),
	gsSP1Triangle(3, 0, 4, 0),
	gsSP1Triangle(3, 4, 5, 0),
	gsSP1Triangle(5, 4, 6, 0),
	gsSP1Triangle(5, 6, 7, 0),
	gsSP1Triangle(8, 9, 10, 0),
	gsSP1Triangle(8, 10, 11, 0),
	gsSP1Triangle(11, 10, 12, 0),
	gsSP1Triangle(11, 12, 13, 0),
	gsSPVertex(hmc_dl_DL_thi_1_0xe024db0_Obj_mesh_layer_1_vtx_4 + 1530, 16, 0),
	gsSP1Triangle(0, 1, 2, 0),
	gsSP1Triangle(0, 2, 3, 0),
	gsSP1Triangle(4, 5, 6, 0),
	gsSP1Triangle(5, 4, 7, 0),
	gsSP1Triangle(8, 9, 10, 0),
	gsSP1Triangle(9, 8, 11, 0),
	gsSP1Triangle(12, 13, 14, 0),
	gsSP1Triangle(13, 12, 15, 0),
	gsSPVertex(hmc_dl_DL_thi_1_0xe024db0_Obj_mesh_layer_1_vtx_4 + 1546, 16, 0),
	gsSP1Triangle(0, 1, 2, 0),
	gsSP1Triangle(1, 0, 3, 0),
	gsSP1Triangle(4, 5, 6, 0),
	gsSP1Triangle(5, 4, 7, 0),
	gsSP1Triangle(8, 9, 10, 0),
	gsSP1Triangle(9, 8, 11, 0),
	gsSP1Triangle(12, 13, 14, 0),
	gsSP1Triangle(13, 12, 15, 0),
	gsSPVertex(hmc_dl_DL_thi_1_0xe024db0_Obj_mesh_layer_1_vtx_4 + 1562, 4, 0),
	gsSP1Triangle(0, 1, 2, 0),
	gsSP1Triangle(1, 0, 3, 0),
	gsSPEndDisplayList(),
};

Vtx hmc_dl_DL_thi_1_0xe024db0_Obj_mesh_layer_1_vtx_5[43] = {
	{{{-4285, -6974, 8662},0, {176, 1511},{0x7F, 0x0, 0x0, 0xFF}}},
	{{{-4285, -6654, 8231},0, {-898, 64},{0x7F, 0x0, 0x0, 0xFF}}},
	{{{-4285, -6777, 8509},0, {-485, 998},{0x7F, 0x0, 0x0, 0xFF}}},
	{{{-4285, -6374, 8383},0, {208, 573},{0x7F, 0x0, 0x0, 0xFF}}},
	{{{-4285, -6777, 8509},0, {1563, 998},{0x7F, 0x0, 0x0, 0xFF}}},
	{{{-4285, -6303, 8281},0, {-30, 232},{0x7F, 0x0, 0x0, 0xFF}}},
	{{{-5294, -10753, 5039},0, {117, -422},{0x0, 0x81, 0x0, 0xFF}}},
	{{{-5138, -10753, 5778},0, {-406, 2060},{0x0, 0x81, 0x0, 0xFF}}},
	{{{-5294, -10753, 5818},0, {117, 2195},{0x0, 0x81, 0x0, 0xFF}}},
	{{{-5194, -10753, 5059},0, {-220, -354},{0x0, 0x81, 0x0, 0xFF}}},
	{{{-5244, -10753, 4802},0, {-52, -1216},{0x0, 0x81, 0x0, 0xFF}}},
	{{{-5477, -10753, 5162},0, {732, -8},{0x0, 0x81, 0x0, 0xFF}}},
	{{{-5052, -10753, 5191},0, {-695, 90},{0x0, 0x81, 0x0, 0xFF}}},
	{{{-4090, 2277, 7582},0, {1816, 141},{0x49, 0x0, 0x98, 0xFF}}},
	{{{-4285, 2636, 7941},0, {1160, 1850},{0x73, 0x36, 0x0, 0xFF}}},
	{{{-4090, 2636, 7941},0, {1816, 1850},{0x49, 0x68, 0x0, 0xFF}}},
	{{{-4285, 2636, 7941},0, {1160, 1850},{0x73, 0x36, 0x0, 0xFF}}},
	{{{-4090, 2277, 7582},0, {1816, 141},{0x49, 0x0, 0x98, 0xFF}}},
	{{{-4285, 2277, 7582},0, {1160, 141},{0x73, 0x0, 0xCA, 0xFF}}},
	{{{-9753, -8357, 4329},0, {1259, -757},{0x81, 0x0, 0x0, 0xFF}}},
	{{{-9753, -8146, 4330},0, {1968, -756},{0x81, 0x0, 0x0, 0xFF}}},
	{{{-9753, -8462, 4179},0, {904, -1263},{0x81, 0x0, 0x0, 0xFF}}},
	{{{-9753, -8315, 4393},0, {1398, -542},{0x81, 0x0, 0x0, 0xFF}}},
	{{{-9753, -8791, 4470},0, {-200, -285},{0x81, 0x0, 0x0, 0xFF}}},
	{{{-9753, -8770, 4329},0, {-131, -757},{0x81, 0x0, 0x0, 0xFF}}},
	{{{-9753, -8477, 4596},0, {853, 139},{0x81, 0x0, 0x0, 0xFF}}},
	{{{-4285, -6735, 8645},0, {1420, -593},{0x7F, 0x0, 0x0, 0xFF}}},
	{{{-4285, -6374, 8383},0, {208, -1475},{0x7F, 0x0, 0x0, 0xFF}}},
	{{{-4285, -6212, 8440},0, {-335, -1283},{0x7F, 0x0, 0x0, 0xFF}}},
	{{{-4285, -6777, 8509},0, {1563, -1050},{0x7F, 0x0, 0x0, 0xFF}}},
	{{{-4285, -6974, 8662},0, {176, -537},{0x7F, 0x0, 0x0, 0xFF}}},
	{{{-4285, -6735, 8645},0, {-628, -593},{0x7F, 0x0, 0x0, 0xFF}}},
	{{{-4285, -6501, 8855},0, {-1412, 111},{0x7F, 0x0, 0x0, 0xFF}}},
	{{{-4285, -6777, 8509},0, {-485, -1050},{0x7F, 0x0, 0x0, 0xFF}}},
	{{{-4285, -7396, 9448},0, {-454, 55},{0x7F, 0x0, 0x0, 0xFF}}},
	{{{-4285, -7995, 9301},0, {1557, -439},{0x7F, 0x0, 0x0, 0xFF}}},
	{{{-4285, -7349, 9301},0, {-614, -439},{0x7F, 0x0, 0x0, 0xFF}}},
	{{{-4285, -8022, 9448},0, {1647, 55},{0x7F, 0x0, 0x0, 0xFF}}},
	{{{-4285, -8272, 9385},0, {439, -156},{0x7F, 0x0, 0x0, 0xFF}}},
	{{{-4285, -8022, 9448},0, {-401, 55},{0x7F, 0x0, 0x0, 0xFF}}},
	{{{-4285, -7785, 9712},0, {-1197, 943},{0x7F, 0x0, 0x0, 0xFF}}},
	{{{-4285, -7995, 9301},0, {-491, -439},{0x7F, 0x0, 0x0, 0xFF}}},
	{{{-4285, -7793, 9072},0, {-1170, -1208},{0x7F, 0x0, 0x0, 0xFF}}},
};

Gfx hmc_dl_DL_thi_1_0xe024db0_Obj_mesh_layer_1_tri_5[] = {
	gsSPVertex(hmc_dl_DL_thi_1_0xe024db0_Obj_mesh_layer_1_vtx_5 + 0, 16, 0),
	gsSP1Triangle(0, 1, 2, 0),
	gsSP1Triangle(3, 4, 5, 0),
	gsSP1Triangle(6, 7, 8, 0),
	gsSP1Triangle(7, 6, 9, 0),
	gsSP1Triangle(10, 9, 6, 0),
	gsSP1Triangle(10, 6, 11, 0),
	gsSP1Triangle(9, 10, 12, 0),
	gsSP1Triangle(13, 14, 15, 0),
	gsSPVertex(hmc_dl_DL_thi_1_0xe024db0_Obj_mesh_layer_1_vtx_5 + 16, 14, 0),
	gsSP1Triangle(0, 1, 2, 0),
	gsSP1Triangle(3, 4, 5, 0),
	gsSP1Triangle(4, 3, 6, 0),
	gsSP1Triangle(3, 7, 6, 0),
	gsSP1Triangle(7, 3, 8, 0),
	gsSP1Triangle(9, 4, 6, 0),
	gsSP1Triangle(10, 11, 12, 0),
	gsSP1Triangle(13, 11, 10, 0),
	gsSPVertex(hmc_dl_DL_thi_1_0xe024db0_Obj_mesh_layer_1_vtx_5 + 30, 13, 0),
	gsSP1Triangle(0, 1, 2, 0),
	gsSP1Triangle(1, 0, 3, 0),
	gsSP1Triangle(4, 5, 6, 0),
	gsSP1Triangle(5, 4, 7, 0),
	gsSP1Triangle(8, 9, 10, 0),
	gsSP1Triangle(8, 11, 9, 0),
	gsSP1Triangle(11, 8, 12, 0),
	gsSPEndDisplayList(),
};

Vtx hmc_dl_DL_thi_1_0xe024db0_Obj_mesh_layer_1_vtx_6[354] = {
	{{{-8118, 19003, 3319},0, {1342, -1479},{0xA6, 0x0, 0xA6, 0xFF}}},
	{{{-9655, 22276, 3319},0, {51, 1269},{0x0, 0x0, 0x81, 0xFF}}},
	{{{-8118, 22510, 3319},0, {1342, 1466},{0xDA, 0x26, 0x8D, 0xFF}}},
	{{{-6220, 24365, 3319},0, {2936, 976},{0x0, 0x0, 0x81, 0xFF}}},
	{{{-8118, 22510, 3319},0, {1342, -582},{0xDA, 0x26, 0x8D, 0xFF}}},
	{{{-9655, 22276, 3319},0, {51, -779},{0x0, 0x0, 0x81, 0xFF}}},
	{{{-5780, 5021, 7229},0, {1569, 1068},{0x0, 0x7F, 0x0, 0xFF}}},
	{{{-5019, 5021, 7147},0, {2209, 999},{0x0, 0x7F, 0x0, 0xFF}}},
	{{{-5184, 5021, 6982},0, {2070, 860},{0x0, 0x7F, 0x0, 0xFF}}},
	{{{-3488, 5670, 10458},0, {1135, -390},{0x0, 0x0, 0x81, 0xFF}}},
	{{{-4139, 5943, 10458},0, {587, -160},{0x0, 0x0, 0x81, 0xFF}}},
	{{{-3780, 6378, 10458},0, {889, 205},{0x0, 0x0, 0x81, 0xFF}}},
	{{{-6450, 22510, 304},0, {695, 1466},{0x49, 0x49, 0xB7, 0xFF}}},
	{{{-8118, 20814, 304},0, {-706, 42},{0x8D, 0x26, 0xDA, 0xFF}}},
	{{{-8118, 22510, 304},0, {-706, 1466},{0xB7, 0x49, 0xB7, 0xFF}}},
	{{{-6450, 20814, 304},0, {695, 42},{0x3, 0x78, 0xD5, 0xFF}}},
	{{{4614, 14988, -668},0, {268, -1617},{0xDA, 0x8D, 0x26, 0xFF}}},
	{{{4614, 16442, 1356},0, {1489, 83},{0xB7, 0xB7, 0xB7, 0xFF}}},
	{{{4614, 16442, -668},0, {1489, -1617},{0xB7, 0xB7, 0x49, 0xFF}}},
	{{{4614, 14988, 1356},0, {268, 83},{0xDA, 0x8D, 0xDA, 0xFF}}},
	{{{3696, 14988, 1356},0, {1716, 83},{0x26, 0x8D, 0xDA, 0xFF}}},
	{{{3696, 16442, -668},0, {495, -1617},{0x49, 0xB7, 0x49, 0xFF}}},
	{{{3696, 16442, 1356},0, {495, 83},{0x49, 0xB7, 0xB7, 0xFF}}},
	{{{3696, 14988, -668},0, {1716, -1617},{0x26, 0x8D, 0x26, 0xFF}}},
	{{{17309, 15167, -3223},0, {142, -336},{0x33, 0xDB, 0x92, 0xFF}}},
	{{{17309, 15398, -3748},0, {-53, -777},{0x53, 0x3C, 0xB4, 0xFF}}},
	{{{17309, 15398, -3223},0, {-53, -336},{0x33, 0x25, 0x92, 0xFF}}},
	{{{17309, 15167, -3748},0, {142, -777},{0x53, 0xC4, 0xB4, 0xFF}}},
	{{{18198, 15871, -3223},0, {1598, -336},{0x33, 0xDB, 0x92, 0xFF}}},
	{{{18198, 16068, -4274},0, {1433, -1219},{0x53, 0x3C, 0xB4, 0xFF}}},
	{{{18198, 16068, -3223},0, {1433, -336},{0x33, 0x25, 0x92, 0xFF}}},
	{{{18198, 15871, -4274},0, {1598, -1219},{0x53, 0xC4, 0xB4, 0xFF}}},
	{{{17089, 15096, -3748},0, {710, -777},{0xE1, 0x9F, 0xB4, 0xFF}}},
	{{{17309, 15167, -3223},0, {516, -336},{0x33, 0xDB, 0x92, 0xFF}}},
	{{{17089, 15096, -3223},0, {710, -336},{0xED, 0xC4, 0x92, 0xFF}}},
	{{{17309, 15167, -3748},0, {516, -777},{0x53, 0xC4, 0xB4, 0xFF}}},
	{{{18855, 15374, -6403},0, {1275, -959},{0xE1, 0x9F, 0xB4, 0xFF}}},
	{{{19030, 15431, -3223},0, {1120, 1712},{0x33, 0xDB, 0x92, 0xFF}}},
	{{{18855, 15374, -3223},0, {1275, 1712},{0xED, 0xC3, 0x92, 0xFF}}},
	{{{19030, 15431, -6403},0, {1120, -959},{0x53, 0xC4, 0xB4, 0xFF}}},
	{{{17309, 15398, -3748},0, {1032, -777},{0x53, 0x3C, 0xB4, 0xFF}}},
	{{{17089, 15470, -3223},0, {838, -336},{0xED, 0x3C, 0x92, 0xFF}}},
	{{{17309, 15398, -3223},0, {1032, -336},{0x33, 0x25, 0x92, 0xFF}}},
	{{{17089, 15470, -3748},0, {838, -777},{0xE1, 0x61, 0xB4, 0xFF}}},
	{{{18204, 16806, -4545},0, {-667, -1446},{0x53, 0x3C, 0xB4, 0xFF}}},
	{{{18009, 16870, -3223},0, {-839, -336},{0xED, 0x3C, 0x92, 0xFF}}},
	{{{18204, 16806, -3223},0, {-667, -336},{0x33, 0x25, 0x92, 0xFF}}},
	{{{18009, 16870, -4545},0, {-839, -1446},{0xE1, 0x61, 0xB4, 0xFF}}},
	{{{17089, 15096, -3748},0, {8, -777},{0xE1, 0x9F, 0xB4, 0xFF}}},
	{{{16953, 15283, -3223},0, {203, -336},{0xC0, 0x0, 0x92, 0xFF}}},
	{{{16953, 15283, -3748},0, {203, -777},{0x9A, 0x0, 0xB4, 0xFF}}},
	{{{17089, 15096, -3223},0, {8, -336},{0xED, 0xC4, 0x92, 0xFF}}},
	{{{17895, 15970, -4274},0, {-1023, -1219},{0x9A, 0x0, 0xB4, 0xFF}}},
	{{{18011, 16129, -3223},0, {-858, -336},{0xED, 0x3C, 0x92, 0xFF}}},
	{{{18011, 16129, -4274},0, {-858, -1219},{0xE1, 0x61, 0xB4, 0xFF}}},
	{{{17895, 15970, -3223},0, {-1023, -336},{0xC1, 0x0, 0x92, 0xFF}}},
	{{{18204, 16601, -3223},0, {985, -336},{0x33, 0xDB, 0x92, 0xFF}}},
	{{{18204, 16806, -4545},0, {813, -1446},{0x53, 0x3C, 0xB4, 0xFF}}},
	{{{18204, 16806, -3223},0, {813, -336},{0x33, 0x25, 0x92, 0xFF}}},
	{{{18204, 16601, -4545},0, {985, -1446},{0x53, 0xC4, 0xB4, 0xFF}}},
	{{{18009, 16538, -4545},0, {534, -1446},{0xE1, 0x9F, 0xB4, 0xFF}}},
	{{{17888, 16704, -3223},0, {707, -336},{0xC1, 0x0, 0x92, 0xFF}}},
	{{{17888, 16704, -4545},0, {707, -1446},{0x9A, 0x0, 0xB4, 0xFF}}},
	{{{18009, 16538, -3223},0, {534, -336},{0xED, 0xC4, 0x92, 0xFF}}},
	{{{18198, 16068, -4274},0, {-480, -1219},{0x53, 0x3C, 0xB4, 0xFF}}},
	{{{18011, 16129, -3223},0, {-645, -336},{0xED, 0x3C, 0x92, 0xFF}}},
	{{{18198, 16068, -3223},0, {-480, -336},{0x33, 0x25, 0x92, 0xFF}}},
	{{{18011, 16129, -4274},0, {-645, -1219},{0xE1, 0x61, 0xB4, 0xFF}}},
	{{{17888, 16704, -4545},0, {-528, -1446},{0x9A, 0x0, 0xB4, 0xFF}}},
	{{{18009, 16870, -3223},0, {-355, -336},{0xED, 0x3C, 0x92, 0xFF}}},
	{{{18009, 16870, -4545},0, {-355, -1446},{0xE1, 0x61, 0xB4, 0xFF}}},
	{{{17888, 16704, -3223},0, {-528, -336},{0xC1, 0x0, 0x92, 0xFF}}},
	{{{18011, 15811, -4274},0, {39, -1219},{0xE1, 0x9F, 0xB4, 0xFF}}},
	{{{17895, 15970, -3223},0, {204, -336},{0xC1, 0x0, 0x92, 0xFF}}},
	{{{17895, 15970, -4274},0, {204, -1219},{0x9A, 0x0, 0xB4, 0xFF}}},
	{{{18011, 15811, -3223},0, {39, -336},{0xED, 0xC3, 0x92, 0xFF}}},
	{{{18011, 15811, -4274},0, {1836, -1219},{0xE1, 0x9F, 0xB4, 0xFF}}},
	{{{18198, 15871, -3223},0, {1671, -336},{0x33, 0xDB, 0x92, 0xFF}}},
	{{{18011, 15811, -3223},0, {1836, -336},{0xED, 0xC3, 0x92, 0xFF}}},
	{{{18198, 15871, -4274},0, {1671, -1219},{0x53, 0xC4, 0xB4, 0xFF}}},
	{{{18009, 16538, -4545},0, {1649, -1446},{0xE1, 0x9F, 0xB4, 0xFF}}},
	{{{18204, 16601, -3223},0, {1477, -336},{0x33, 0xDB, 0x92, 0xFF}}},
	{{{18009, 16538, -3223},0, {1649, -336},{0xED, 0xC4, 0x92, 0xFF}}},
	{{{18204, 16601, -4545},0, {1477, -1446},{0x53, 0xC4, 0xB4, 0xFF}}},
	{{{19030, 15431, -3223},0, {1968, 1712},{0x33, 0xDB, 0x92, 0xFF}}},
	{{{19030, 15616, -6403},0, {1813, -959},{0x53, 0x3C, 0xB4, 0xFF}}},
	{{{19030, 15616, -3223},0, {1813, 1712},{0x33, 0x25, 0x92, 0xFF}}},
	{{{19030, 15431, -6403},0, {1968, -959},{0x53, 0xC4, 0xB4, 0xFF}}},
	{{{16947, 16814, -4717},0, {-918, -1591},{0x9A, 0x0, 0xB4, 0xFF}}},
	{{{17087, 17006, -3223},0, {-718, -336},{0xED, 0x3D, 0x92, 0xFF}}},
	{{{17087, 17006, -4717},0, {-718, -1591},{0xE1, 0x61, 0xB4, 0xFF}}},
	{{{16947, 16814, -3223},0, {-918, -336},{0xC0, 0x0, 0x92, 0xFF}}},
	{{{18844, 17446, -5542},0, {746, -236},{0xE1, 0x9F, 0xB4, 0xFF}}},
	{{{19059, 17516, -3223},0, {556, 1712},{0x33, 0xDB, 0x92, 0xFF}}},
	{{{18844, 17446, -3223},0, {746, 1712},{0xED, 0xC4, 0x92, 0xFF}}},
	{{{19059, 17516, -5542},0, {556, -236},{0x53, 0xC4, 0xB4, 0xFF}}},
	{{{17974, 17435, -5268},0, {1161, -6},{0xE1, 0x9F, 0xB4, 0xFF}}},
	{{{17833, 17629, -3223},0, {1362, 1712},{0xC0, 0x0, 0x92, 0xFF}}},
	{{{17833, 17629, -5268},0, {1362, -6},{0x9A, 0x0, 0xB4, 0xFF}}},
	{{{17974, 17435, -3223},0, {1161, 1712},{0xED, 0xC4, 0x92, 0xFF}}},
	{{{17974, 17435, -5268},0, {1444, -6},{0xE1, 0x9F, 0xB4, 0xFF}}},
	{{{18202, 17509, -3223},0, {1242, 1712},{0x33, 0xDB, 0x92, 0xFF}}},
	{{{17974, 17435, -3223},0, {1444, 1712},{0xED, 0xC4, 0x92, 0xFF}}},
	{{{18202, 17509, -5268},0, {1242, -6},{0x53, 0xC4, 0xB4, 0xFF}}},
	{{{17313, 16933, -4717},0, {637, -1591},{0x53, 0x3C, 0xB4, 0xFF}}},
	{{{17087, 17006, -3223},0, {437, -336},{0xED, 0x3D, 0x92, 0xFF}}},
	{{{17313, 16933, -3223},0, {637, -336},{0x33, 0x25, 0x92, 0xFF}}},
	{{{17087, 17006, -4717},0, {437, -1591},{0xE1, 0x61, 0xB4, 0xFF}}},
	{{{17087, 16621, -4717},0, {316, -1591},{0xE1, 0x9F, 0xB4, 0xFF}}},
	{{{17313, 16695, -3223},0, {116, -336},{0x33, 0xDB, 0x92, 0xFF}}},
	{{{17087, 16621, -3223},0, {316, -336},{0xED, 0xC4, 0x92, 0xFF}}},
	{{{17313, 16695, -4717},0, {116, -1591},{0x53, 0xC4, 0xB4, 0xFF}}},
	{{{17348, 15982, -3223},0, {400, -336},{0x3C, 0xED, 0x92, 0xFF}}},
	{{{17272, 16215, -4050},0, {194, -1031},{0x3C, 0x53, 0xB4, 0xFF}}},
	{{{17272, 16215, -3223},0, {194, -336},{0x25, 0x33, 0x92, 0xFF}}},
	{{{17348, 15982, -4050},0, {400, -1031},{0x61, 0xE1, 0xB4, 0xFF}}},
	{{{18844, 17446, -5542},0, {739, -236},{0xE1, 0x9F, 0xB4, 0xFF}}},
	{{{18711, 17629, -3223},0, {929, 1712},{0xC0, 0x0, 0x92, 0xFF}}},
	{{{18711, 17629, -5542},0, {929, -236},{0x9A, 0x0, 0xB4, 0xFF}}},
	{{{18844, 17446, -3223},0, {739, 1712},{0xED, 0xC4, 0x92, 0xFF}}},
	{{{19070, 16582, -3223},0, {1001, 1712},{0x33, 0xDB, 0x92, 0xFF}}},
	{{{19070, 16825, -5780},0, {797, -436},{0x53, 0x3C, 0xB4, 0xFF}}},
	{{{19070, 16825, -3223},0, {797, 1712},{0x33, 0x25, 0x92, 0xFF}}},
	{{{19070, 16582, -5780},0, {1001, -436},{0x53, 0xC4, 0xB4, 0xFF}}},
	{{{19070, 16825, -5780},0, {21, -436},{0x53, 0x3C, 0xB4, 0xFF}}},
	{{{18839, 16900, -3223},0, {-183, 1712},{0xED, 0x3C, 0x92, 0xFF}}},
	{{{19070, 16825, -3223},0, {21, 1712},{0x33, 0x25, 0x92, 0xFF}}},
	{{{18839, 16900, -5780},0, {-183, -436},{0xE1, 0x61, 0xB4, 0xFF}}},
	{{{18839, 16508, -5780},0, {993, -436},{0xE0, 0x9F, 0xB4, 0xFF}}},
	{{{19070, 16582, -3223},0, {790, 1712},{0x33, 0xDB, 0x92, 0xFF}}},
	{{{18839, 16508, -3223},0, {993, 1712},{0xED, 0xC4, 0x92, 0xFF}}},
	{{{19070, 16582, -5780},0, {790, -436},{0x53, 0xC4, 0xB4, 0xFF}}},
	{{{18697, 16704, -5780},0, {-128, -436},{0x9A, 0x0, 0xB4, 0xFF}}},
	{{{18839, 16900, -3223},0, {75, 1712},{0xED, 0x3C, 0x92, 0xFF}}},
	{{{18839, 16900, -5780},0, {75, -436},{0xE1, 0x61, 0xB4, 0xFF}}},
	{{{18697, 16704, -3223},0, {-128, 1712},{0xC0, 0x0, 0x92, 0xFF}}},
	{{{17149, 15838, -4050},0, {466, -1031},{0x0, 0x9A, 0xB4, 0xFF}}},
	{{{17348, 15982, -3223},0, {260, -336},{0x3C, 0xED, 0x92, 0xFF}}},
	{{{17149, 15838, -3223},0, {466, -336},{0x0, 0xC0, 0x92, 0xFF}}},
	{{{17348, 15982, -4050},0, {260, -1031},{0x61, 0xE1, 0xB4, 0xFF}}},
	{{{19059, 17516, -3223},0, {217, 1712},{0x33, 0xDB, 0x92, 0xFF}}},
	{{{19059, 17742, -5542},0, {27, -236},{0x53, 0x3C, 0xB4, 0xFF}}},
	{{{19059, 17742, -3223},0, {27, 1712},{0x33, 0x25, 0x92, 0xFF}}},
	{{{19059, 17516, -5542},0, {217, -236},{0x53, 0xC4, 0xB4, 0xFF}}},
	{{{16951, 15982, -4050},0, {868, -1031},{0x9F, 0xE1, 0xB4, 0xFF}}},
	{{{17027, 16215, -3223},0, {1074, -336},{0xDB, 0x33, 0x92, 0xFF}}},
	{{{17027, 16215, -4050},0, {1074, -1031},{0xC4, 0x53, 0xB4, 0xFF}}},
	{{{16951, 15982, -3223},0, {868, -336},{0xC4, 0xED, 0x92, 0xFF}}},
	{{{17087, 16621, -4717},0, {1046, -1591},{0xE1, 0x9F, 0xB4, 0xFF}}},
	{{{16947, 16814, -3223},0, {1246, -336},{0xC0, 0x0, 0x92, 0xFF}}},
	{{{16947, 16814, -4717},0, {1246, -1591},{0x9A, 0x0, 0xB4, 0xFF}}},
	{{{17087, 16621, -3223},0, {1046, -336},{0xED, 0xC4, 0x92, 0xFF}}},
	{{{18839, 16508, -5780},0, {103, -436},{0xE0, 0x9F, 0xB4, 0xFF}}},
	{{{18697, 16704, -3223},0, {307, 1712},{0xC0, 0x0, 0x92, 0xFF}}},
	{{{18697, 16704, -5780},0, {307, -436},{0x9A, 0x0, 0xB4, 0xFF}}},
	{{{18839, 16508, -3223},0, {103, 1712},{0xED, 0xC4, 0x92, 0xFF}}},
	{{{18746, 15523, -6403},0, {-906, -959},{0x9A, 0x0, 0xB4, 0xFF}}},
	{{{18855, 15673, -3223},0, {-751, 1712},{0xED, 0x3C, 0x92, 0xFF}}},
	{{{18855, 15673, -6403},0, {-751, -959},{0xE1, 0x61, 0xB4, 0xFF}}},
	{{{18746, 15523, -3223},0, {-906, 1712},{0xC1, 0x0, 0x92, 0xFF}}},
	{{{18711, 17629, -5542},0, {507, -236},{0x9A, 0x0, 0xB4, 0xFF}}},
	{{{18844, 17812, -3223},0, {697, 1712},{0xED, 0x3C, 0x92, 0xFF}}},
	{{{18844, 17812, -5542},0, {697, -236},{0xE1, 0x61, 0xB4, 0xFF}}},
	{{{18711, 17629, -3223},0, {507, 1712},{0xC0, 0x0, 0x92, 0xFF}}},
	{{{17833, 17629, -5268},0, {74, -6},{0x9A, 0x0, 0xB4, 0xFF}}},
	{{{17974, 17823, -3223},0, {275, 1712},{0xED, 0x3C, 0x92, 0xFF}}},
	{{{17974, 17823, -5268},0, {275, -6},{0xE1, 0x61, 0xB4, 0xFF}}},
	{{{17833, 17629, -3223},0, {74, 1712},{0xC0, 0x0, 0x92, 0xFF}}},
	{{{19030, 15616, -6403},0, {303, -959},{0x53, 0x3C, 0xB4, 0xFF}}},
	{{{18855, 15673, -3223},0, {148, 1712},{0xED, 0x3C, 0x92, 0xFF}}},
	{{{19030, 15616, -3223},0, {303, 1712},{0x33, 0x25, 0x92, 0xFF}}},
	{{{18855, 15673, -6403},0, {148, -959},{0xE1, 0x61, 0xB4, 0xFF}}},
	{{{17313, 16695, -3223},0, {907, -336},{0x33, 0xDB, 0x92, 0xFF}}},
	{{{17313, 16933, -4717},0, {707, -1591},{0x53, 0x3C, 0xB4, 0xFF}}},
	{{{17313, 16933, -3223},0, {707, -336},{0x33, 0x25, 0x92, 0xFF}}},
	{{{17313, 16695, -4717},0, {907, -1591},{0x53, 0xC4, 0xB4, 0xFF}}},
	{{{19059, 17742, -5542},0, {-227, -236},{0x53, 0x3C, 0xB4, 0xFF}}},
	{{{18844, 17812, -3223},0, {-416, 1712},{0xED, 0x3C, 0x92, 0xFF}}},
	{{{19059, 17742, -3223},0, {-227, 1712},{0x33, 0x25, 0x92, 0xFF}}},
	{{{18844, 17812, -5542},0, {-416, -236},{0xE1, 0x61, 0xB4, 0xFF}}},
	{{{17345, 17771, -4963},0, {445, 250},{0x53, 0x3C, 0xB4, 0xFF}}},
	{{{17075, 17859, -3223},0, {207, 1712},{0xED, 0x3C, 0x92, 0xFF}}},
	{{{17345, 17771, -3223},0, {445, 1712},{0x33, 0x25, 0x92, 0xFF}}},
	{{{17075, 17859, -4963},0, {207, 250},{0xE1, 0x61, 0xB4, 0xFF}}},
	{{{17075, 17400, -4963},0, {123, 250},{0xE1, 0x9F, 0xB4, 0xFF}}},
	{{{17345, 17487, -3223},0, {-115, 1712},{0x33, 0xDB, 0x92, 0xFF}}},
	{{{17075, 17400, -3223},0, {123, 1712},{0xED, 0xC3, 0x92, 0xFF}}},
	{{{17345, 17487, -4963},0, {-115, 250},{0x53, 0xC4, 0xB4, 0xFF}}},
	{{{17272, 16215, -4050},0, {662, -1031},{0x3C, 0x53, 0xB4, 0xFF}}},
	{{{17027, 16215, -3223},0, {456, -336},{0xDB, 0x33, 0x92, 0xFF}}},
	{{{17272, 16215, -3223},0, {662, -336},{0x25, 0x33, 0x92, 0xFF}}},
	{{{17027, 16215, -4050},0, {456, -1031},{0xC4, 0x53, 0xB4, 0xFF}}},
	{{{16953, 15283, -3748},0, {93, -777},{0x9A, 0x0, 0xB4, 0xFF}}},
	{{{17089, 15470, -3223},0, {287, -336},{0xED, 0x3C, 0x92, 0xFF}}},
	{{{17089, 15470, -3748},0, {287, -777},{0xE1, 0x61, 0xB4, 0xFF}}},
	{{{16953, 15283, -3223},0, {93, -336},{0xC0, 0x0, 0x92, 0xFF}}},
	{{{17345, 17487, -3223},0, {241, 1712},{0x33, 0xDB, 0x92, 0xFF}}},
	{{{17345, 17771, -4963},0, {3, 250},{0x53, 0x3C, 0xB4, 0xFF}}},
	{{{17345, 17771, -3223},0, {3, 1712},{0x33, 0x25, 0x92, 0xFF}}},
	{{{17345, 17487, -4963},0, {241, 250},{0x53, 0xC4, 0xB4, 0xFF}}},
	{{{18855, 15374, -6403},0, {1373, -959},{0xE1, 0x9F, 0xB4, 0xFF}}},
	{{{18746, 15523, -3223},0, {1529, 1712},{0xC1, 0x0, 0x92, 0xFF}}},
	{{{18746, 15523, -6403},0, {1529, -959},{0x9A, 0x0, 0xB4, 0xFF}}},
	{{{18855, 15374, -3223},0, {1373, 1712},{0xED, 0xC3, 0x92, 0xFF}}},
	{{{18202, 17509, -3223},0, {223, 1712},{0x33, 0xDB, 0x92, 0xFF}}},
	{{{18202, 17749, -5268},0, {21, -6},{0x53, 0x3C, 0xB4, 0xFF}}},
	{{{18202, 17749, -3223},0, {21, 1712},{0x33, 0x25, 0x92, 0xFF}}},
	{{{18202, 17509, -5268},0, {223, -6},{0x53, 0xC4, 0xB4, 0xFF}}},
	{{{16908, 17629, -4963},0, {-383, 250},{0x9A, 0x0, 0xB4, 0xFF}}},
	{{{17075, 17859, -3223},0, {-144, 1712},{0xED, 0x3C, 0x92, 0xFF}}},
	{{{17075, 17859, -4963},0, {-144, 250},{0xE1, 0x61, 0xB4, 0xFF}}},
	{{{16908, 17629, -3223},0, {-383, 1712},{0xC0, 0x0, 0x92, 0xFF}}},
	{{{16951, 15982, -4050},0, {1849, -1031},{0x9F, 0xE1, 0xB4, 0xFF}}},
	{{{17149, 15838, -3223},0, {1643, -336},{0x0, 0xC0, 0x92, 0xFF}}},
	{{{16951, 15982, -3223},0, {1849, -336},{0xC4, 0xED, 0x92, 0xFF}}},
	{{{17149, 15838, -4050},0, {1643, -1031},{0x0, 0x9A, 0xB4, 0xFF}}},
	{{{17075, 17400, -4963},0, {1581, 250},{0xE1, 0x9F, 0xB4, 0xFF}}},
	{{{16908, 17629, -3223},0, {1819, 1712},{0xC0, 0x0, 0x92, 0xFF}}},
	{{{16908, 17629, -4963},0, {1819, 250},{0x9A, 0x0, 0xB4, 0xFF}}},
	{{{17075, 17400, -3223},0, {1581, 1712},{0xED, 0xC3, 0x92, 0xFF}}},
	{{{18202, 17749, -5268},0, {-913, -6},{0x53, 0x3C, 0xB4, 0xFF}}},
	{{{17974, 17823, -3223},0, {-1114, 1712},{0xED, 0x3C, 0x92, 0xFF}}},
	{{{18202, 17749, -3223},0, {-913, 1712},{0x33, 0x25, 0x92, 0xFF}}},
	{{{17974, 17823, -5268},0, {-1114, -6},{0xE1, 0x61, 0xB4, 0xFF}}},
	{{{2612, 2008, -16502},0, {1750, 1864},{0x5A, 0xA6, 0x0, 0xFF}}},
	{{{2612, 2592, -17042},0, {2241, 1411},{0x5A, 0xA6, 0x0, 0xFF}}},
	{{{2612, 2592, -16502},0, {2241, 1864},{0x5A, 0xA6, 0x0, 0xFF}}},
	{{{2612, 2008, -17042},0, {1750, 1411},{0x5A, 0xA6, 0x0, 0xFF}}},
	{{{2612, 2008, -14342},0, {1750, 1631},{0x26, 0x8D, 0xDA, 0xFF}}},
	{{{2612, 2592, -14882},0, {2241, 1177},{0x5A, 0xA6, 0x0, 0xFF}}},
	{{{2612, 2592, -14342},0, {2241, 1631},{0x49, 0xB7, 0xB7, 0xFF}}},
	{{{2612, 2008, -14882},0, {1750, 1177},{0x5A, 0xA6, 0x0, 0xFF}}},
	{{{2612, 2008, -17582},0, {1750, 957},{0x5A, 0xA6, 0x0, 0xFF}}},
	{{{2612, 2592, -17945},0, {2241, 653},{0x4F, 0x9E, 0xEC, 0xFF}}},
	{{{2612, 2592, -17582},0, {2241, 957},{0x5A, 0xA6, 0x0, 0xFF}}},
	{{{2612, 2008, -17945},0, {1750, 653},{0x55, 0xAA, 0xDA, 0xFF}}},
	{{{3216, 2008, -15422},0, {234, 724},{0xA6, 0xA6, 0x0, 0xFF}}},
	{{{3216, 2592, -14882},0, {-257, 1177},{0xA6, 0xA6, 0x0, 0xFF}}},
	{{{3216, 2592, -15422},0, {-257, 724},{0xA6, 0xA6, 0x0, 0xFF}}},
	{{{3216, 2008, -14882},0, {234, 1177},{0xA6, 0xA6, 0x0, 0xFF}}},
	{{{2612, 2008, -15422},0, {1750, 724},{0x5A, 0xA6, 0x0, 0xFF}}},
	{{{2612, 2592, -15962},0, {2241, 270},{0x5A, 0xA6, 0x0, 0xFF}}},
	{{{2612, 2592, -15422},0, {2241, 724},{0x5A, 0xA6, 0x0, 0xFF}}},
	{{{2612, 2008, -15962},0, {1750, 270},{0x5A, 0xA6, 0x0, 0xFF}}},
	{{{3216, 2008, -16502},0, {234, -184},{0xA6, 0xA6, 0x0, 0xFF}}},
	{{{3216, 2592, -15962},0, {-257, 270},{0xA6, 0xA6, 0x0, 0xFF}}},
	{{{3216, 2592, -16502},0, {-257, -184},{0xA6, 0xA6, 0x0, 0xFF}}},
	{{{3216, 2008, -15962},0, {234, 270},{0xA6, 0xA6, 0x0, 0xFF}}},
	{{{-8118, 22510, 3319},0, {-706, -582},{0xDA, 0x26, 0x8D, 0xFF}}},
	{{{-6220, 24365, 3319},0, {888, 976},{0x0, 0x0, 0x81, 0xFF}}},
	{{{-6450, 22510, 3319},0, {695, -582},{0x26, 0x26, 0x8D, 0xFF}}},
	{{{-6450, 20814, 3319},0, {695, -2006},{0x37, 0x5A, 0xB9, 0xFF}}},
	{{{-5912, 21090, 3319},0, {1146, -1775},{0xD7, 0x50, 0xA6, 0xFF}}},
	{{{-5436, 21334, 3319},0, {1546, -1569},{0xD7, 0x50, 0xA6, 0xFF}}},
	{{{-5316, 21396, 3319},0, {1648, -1518},{0xED, 0x50, 0x9F, 0xFF}}},
	{{{-3761, 21396, 3319},0, {2953, -1518},{0x26, 0x26, 0x8D, 0xFF}}},
	{{{-4285, -2151, 9021},0, {1802, -625},{0x73, 0x26, 0x26, 0xFF}}},
	{{{-4966, -2151, 10189},0, {1230, 356},{0x0, 0x5A, 0xA6, 0xFF}}},
	{{{-4285, -2151, 10189},0, {1802, 356},{0x73, 0x26, 0xDA, 0xFF}}},
	{{{-4966, -2151, 9021},0, {1230, -625},{0x0, 0x5A, 0x5A, 0xFF}}},
	{{{-5019, 5021, 7147},0, {2209, -1049},{0x0, 0x7F, 0x0, 0xFF}}},
	{{{-5780, 5021, 7229},0, {1569, -980},{0x0, 0x7F, 0x0, 0xFF}}},
	{{{-5780, 5021, 7462},0, {1569, -784},{0x0, 0x7F, 0x0, 0xFF}}},
	{{{-6541, 5021, 7147},0, {930, -1049},{0x0, 0x7F, 0x0, 0xFF}}},
	{{{-5184, 5021, 6982},0, {22, 860},{0x0, 0x7F, 0x0, 0xFF}}},
	{{{-5019, 5021, 7147},0, {161, 999},{0x0, 0x7F, 0x0, 0xFF}}},
	{{{-4703, 5021, 6386},0, {425, 360},{0x0, 0x7F, 0x0, 0xFF}}},
	{{{-4937, 5021, 6386},0, {229, 360},{0x0, 0x7F, 0x0, 0xFF}}},
	{{{-5019, 5021, 5625},0, {161, -280},{0x0, 0x7F, 0x0, 0xFF}}},
	{{{-5184, 5021, 5790},0, {22, -141},{0x0, 0x7F, 0x0, 0xFF}}},
	{{{-5184, 5021, 5790},0, {2070, 1907},{0x0, 0x7F, 0x0, 0xFF}}},
	{{{-5019, 5021, 5625},0, {2209, 1768},{0x0, 0x7F, 0x0, 0xFF}}},
	{{{-5780, 5021, 5543},0, {1569, 1700},{0x0, 0x7F, 0x0, 0xFF}}},
	{{{-5780, 5021, 5309},0, {1569, 1504},{0x0, 0x7F, 0x0, 0xFF}}},
	{{{-6541, 5021, 5625},0, {930, 1768},{0x0, 0x7F, 0x0, 0xFF}}},
	{{{-6376, 5021, 5790},0, {1069, 1907},{0x0, 0x7F, 0x0, 0xFF}}},
	{{{-6541, 5021, 7147},0, {930, 999},{0x0, 0x7F, 0x0, 0xFF}}},
	{{{-5780, 5021, 7229},0, {1569, 1068},{0x0, 0x7F, 0x0, 0xFF}}},
	{{{-6376, 5021, 6982},0, {1069, 860},{0x0, 0x7F, 0x0, 0xFF}}},
	{{{-6856, 5021, 6386},0, {665, 360},{0x0, 0x7F, 0x0, 0xFF}}},
	{{{-6623, 5021, 6386},0, {861, 360},{0x0, 0x7F, 0x0, 0xFF}}},
	{{{-6376, 5021, 5790},0, {1069, -141},{0x0, 0x7F, 0x0, 0xFF}}},
	{{{-6541, 5021, 5625},0, {930, -280},{0x0, 0x7F, 0x0, 0xFF}}},
	{{{-7010, -1391, 9021},0, {423, -625},{0xDA, 0x8D, 0x26, 0xFF}}},
	{{{-6329, -1391, 10189},0, {-150, 356},{0x0, 0xA6, 0xA6, 0xFF}}},
	{{{-7010, -1391, 10189},0, {423, 356},{0x0, 0xA6, 0xA6, 0xFF}}},
	{{{-6329, -1391, 10189},0, {-150, 356},{0x0, 0xA6, 0xA6, 0xFF}}},
	{{{-7010, -1391, 9021},0, {423, -625},{0xDA, 0x8D, 0x26, 0xFF}}},
	{{{-6329, -1391, 9021},0, {-150, -625},{0x0, 0xA6, 0x5A, 0xFF}}},
	{{{-5648, -1391, 9021},0, {-722, -625},{0x0, 0xA6, 0x5A, 0xFF}}},
	{{{-4966, -1391, 10189},0, {-1294, 356},{0x0, 0xA6, 0xA6, 0xFF}}},
	{{{-5648, -1391, 10189},0, {-722, 356},{0x0, 0xA6, 0xA6, 0xFF}}},
	{{{-4966, -1391, 9021},0, {-1294, -625},{0x0, 0xA6, 0x5A, 0xFF}}},
	{{{-5648, -2151, 9021},0, {658, -625},{0x0, 0x5A, 0x5A, 0xFF}}},
	{{{-6329, -2151, 10189},0, {86, 356},{0x0, 0x5A, 0xA6, 0xFF}}},
	{{{-5648, -2151, 10189},0, {658, 356},{0x0, 0x5A, 0xA6, 0xFF}}},
	{{{-6329, -2151, 9021},0, {86, -625},{0x0, 0x5A, 0x5A, 0xFF}}},
	{{{-7446, 5021, 4908},0, {406, 1254},{0x0, 0x7F, 0x0, 0xFF}}},
	{{{-7549, 5021, 5322},0, {288, 1730},{0x0, 0x5A, 0xA6, 0xFF}}},
	{{{-7446, 5021, 5322},0, {406, 1730},{0x0, 0x7F, 0x0, 0xFF}}},
	{{{-7549, 5021, 4908},0, {288, 1254},{0x0, 0x7F, 0x0, 0xFF}}},
	{{{-7879, 5021, 4908},0, {1955, 1254},{0x0, 0x7F, 0x0, 0xFF}}},
	{{{-7982, 5021, 5322},0, {1837, 1730},{0x0, 0x7F, 0x0, 0xFF}}},
	{{{-7879, 5021, 5322},0, {1955, 1730},{0x0, 0x5A, 0xA6, 0xFF}}},
	{{{-7982, 5021, 4908},0, {1837, 1254},{0x0, 0x7F, 0x0, 0xFF}}},
	{{{-5413, 5021, 5893},0, {1878, -54},{0x0, 0x7F, 0x0, 0xFF}}},
	{{{-5553, 5021, 6460},0, {1760, 422},{0x0, 0x5A, 0xA6, 0xFF}}},
	{{{-5413, 5021, 6460},0, {1878, 422},{0x0, 0x7F, 0x0, 0xFF}}},
	{{{-5553, 5021, 5893},0, {1760, -54},{0x0, 0x7F, 0x0, 0xFF}}},
	{{{-6006, 5021, 5893},0, {1379, -54},{0x0, 0x7F, 0x0, 0xFF}}},
	{{{-6147, 5021, 6460},0, {1261, 422},{0x0, 0x7F, 0x0, 0xFF}}},
	{{{-6006, 5021, 6460},0, {1379, 422},{0x0, 0x5A, 0x5A, 0xFF}}},
	{{{-6147, 5021, 5893},0, {1261, -54},{0x0, 0x7F, 0x0, 0xFF}}},
	{{{-7158, 5021, 5823},0, {737, 259},{0x0, 0x7F, 0x0, 0xFF}}},
	{{{-7714, 5021, 5883},0, {98, 328},{0x0, 0x7F, 0x0, 0xFF}}},
	{{{-7714, 5021, 6053},0, {98, 524},{0x0, 0x7F, 0x0, 0xFF}}},
	{{{-7279, 5021, 5703},0, {598, 120},{0x0, 0x7F, 0x0, 0xFF}}},
	{{{-7279, 5021, 5703},0, {598, 2168},{0x0, 0x7F, 0x0, 0xFF}}},
	{{{-7158, 5021, 5823},0, {737, 2307},{0x0, 0x7F, 0x0, 0xFF}}},
	{{{-6928, 5021, 5267},0, {1002, 1668},{0x0, 0x7F, 0x0, 0xFF}}},
	{{{-7099, 5021, 5267},0, {806, 1668},{0x0, 0x7F, 0x0, 0xFF}}},
	{{{-7158, 5021, 4712},0, {737, 1029},{0x0, 0x7F, 0x0, 0xFF}}},
	{{{-7279, 5021, 4832},0, {598, 1167},{0x0, 0x7F, 0x0, 0xFF}}},
	{{{-7714, 5021, 4652},0, {98, 960},{0x0, 0x7F, 0x0, 0xFF}}},
	{{{-7714, 5021, 4482},0, {98, 764},{0x0, 0x7F, 0x0, 0xFF}}},
	{{{-7714, 5021, 5883},0, {2146, 328},{0x0, 0x7F, 0x0, 0xFF}}},
	{{{-8270, 5021, 5823},0, {1506, 259},{0x0, 0x7F, 0x0, 0xFF}}},
	{{{-7714, 5021, 6053},0, {2146, 524},{0x0, 0x7F, 0x0, 0xFF}}},
	{{{-8149, 5021, 5703},0, {1645, 120},{0x0, 0x7F, 0x0, 0xFF}}},
	{{{-8270, 5021, 5823},0, {1506, 2307},{0x0, 0x7F, 0x0, 0xFF}}},
	{{{-8149, 5021, 5703},0, {1645, 2168},{0x0, 0x7F, 0x0, 0xFF}}},
	{{{-8500, 5021, 5267},0, {1242, 1668},{0x0, 0x7F, 0x0, 0xFF}}},
	{{{-8329, 5021, 5267},0, {1438, 1668},{0x0, 0x7F, 0x0, 0xFF}}},
	{{{-8500, 5021, 5267},0, {1242, 1668},{0x0, 0x7F, 0x0, 0xFF}}},
	{{{-8329, 5021, 5267},0, {1438, 1668},{0x0, 0x7F, 0x0, 0xFF}}},
	{{{-8149, 5021, 4832},0, {1645, 1167},{0x0, 0x7F, 0x0, 0xFF}}},
	{{{-8270, 5021, 4712},0, {1506, 1029},{0x0, 0x7F, 0x0, 0xFF}}},
	{{{-7714, 5021, 4652},0, {2146, 960},{0x0, 0x7F, 0x0, 0xFF}}},
	{{{-7714, 5021, 4482},0, {2146, 764},{0x0, 0x7F, 0x0, 0xFF}}},
	{{{-4185, 2620, 10458},0, {549, -904},{0x0, 0x0, 0x81, 0xFF}}},
	{{{-3516, 2370, 10458},0, {1111, -1113},{0x0, 0x0, 0x81, 0xFF}}},
	{{{-4185, 2427, 10458},0, {549, -1066},{0x0, 0x0, 0x81, 0xFF}}},
	{{{-3516, 3006, 10458},0, {1111, -579},{0x0, 0x0, 0x81, 0xFF}}},
	{{{-2848, 2620, 10458},0, {1672, -904},{0x0, 0x0, 0x81, 0xFF}}},
	{{{-2848, 2427, 10458},0, {1672, -1066},{0x0, 0x0, 0x81, 0xFF}}},
	{{{-4684, 5615, 10458},0, {130, -436},{0x0, 0x0, 0x81, 0xFF}}},
	{{{-4711, 5021, 10458},0, {107, -935},{0x0, 0x5A, 0xA6, 0xFF}}},
	{{{-4878, 5417, 10458},0, {-33, -603},{0x0, 0x0, 0x81, 0xFF}}},
	{{{-4285, 5021, 10458},0, {465, -935},{0x26, 0x26, 0x8D, 0xFF}}},
	{{{-4285, 5021, 10458},0, {465, -935},{0x26, 0x26, 0x8D, 0xFF}}},
	{{{-4684, 5615, 10458},0, {130, -436},{0x0, 0x0, 0x81, 0xFF}}},
	{{{-3187, 5266, 10458},0, {1387, -729},{0x0, 0x0, 0x81, 0xFF}}},
	{{{-4285, 4776, 10458},0, {465, -1141},{0x5A, 0x0, 0xA6, 0xFF}}},
	{{{-3264, 4978, 10458},0, {1323, -971},{0x0, 0x0, 0x81, 0xFF}}},
};

Gfx hmc_dl_DL_thi_1_0xe024db0_Obj_mesh_layer_1_tri_6[] = {
	gsSPVertex(hmc_dl_DL_thi_1_0xe024db0_Obj_mesh_layer_1_vtx_6 + 0, 16, 0),
	gsSP1Triangle(0, 1, 2, 0),
	gsSP1Triangle(3, 4, 5, 0),
	gsSP1Triangle(6, 7, 8, 0),
	gsSP1Triangle(9, 10, 11, 0),
	gsSP1Triangle(12, 13, 14, 0),
	gsSP1Triangle(13, 12, 15, 0),
	gsSPVertex(hmc_dl_DL_thi_1_0xe024db0_Obj_mesh_layer_1_vtx_6 + 16, 16, 0),
	gsSP1Triangle(0, 1, 2, 0),
	gsSP1Triangle(1, 0, 3, 0),
	gsSP1Triangle(4, 5, 6, 0),
	gsSP1Triangle(5, 4, 7, 0),
	gsSP1Triangle(8, 9, 10, 0),
	gsSP1Triangle(9, 8, 11, 0),
	gsSP1Triangle(12, 13, 14, 0),
	gsSP1Triangle(13, 12, 15, 0),
	gsSPVertex(hmc_dl_DL_thi_1_0xe024db0_Obj_mesh_layer_1_vtx_6 + 32, 16, 0),
	gsSP1Triangle(0, 1, 2, 0),
	gsSP1Triangle(1, 0, 3, 0),
	gsSP1Triangle(4, 5, 6, 0),
	gsSP1Triangle(5, 4, 7, 0),
	gsSP1Triangle(8, 9, 10, 0),
	gsSP1Triangle(9, 8, 11, 0),
	gsSP1Triangle(12, 13, 14, 0),
	gsSP1Triangle(13, 12, 15, 0),
	gsSPVertex(hmc_dl_DL_thi_1_0xe024db0_Obj_mesh_layer_1_vtx_6 + 48, 16, 0),
	gsSP1Triangle(0, 1, 2, 0),
	gsSP1Triangle(1, 0, 3, 0),
	gsSP1Triangle(4, 5, 6, 0),
	gsSP1Triangle(5, 4, 7, 0),
	gsSP1Triangle(8, 9, 10, 0),
	gsSP1Triangle(9, 8, 11, 0),
	gsSP1Triangle(12, 13, 14, 0),
	gsSP1Triangle(13, 12, 15, 0),
	gsSPVertex(hmc_dl_DL_thi_1_0xe024db0_Obj_mesh_layer_1_vtx_6 + 64, 16, 0),
	gsSP1Triangle(0, 1, 2, 0),
	gsSP1Triangle(1, 0, 3, 0),
	gsSP1Triangle(4, 5, 6, 0),
	gsSP1Triangle(5, 4, 7, 0),
	gsSP1Triangle(8, 9, 10, 0),
	gsSP1Triangle(9, 8, 11, 0),
	gsSP1Triangle(12, 13, 14, 0),
	gsSP1Triangle(13, 12, 15, 0),
	gsSPVertex(hmc_dl_DL_thi_1_0xe024db0_Obj_mesh_layer_1_vtx_6 + 80, 16, 0),
	gsSP1Triangle(0, 1, 2, 0),
	gsSP1Triangle(1, 0, 3, 0),
	gsSP1Triangle(4, 5, 6, 0),
	gsSP1Triangle(5, 4, 7, 0),
	gsSP1Triangle(8, 9, 10, 0),
	gsSP1Triangle(9, 8, 11, 0),
	gsSP1Triangle(12, 13, 14, 0),
	gsSP1Triangle(13, 12, 15, 0),
	gsSPVertex(hmc_dl_DL_thi_1_0xe024db0_Obj_mesh_layer_1_vtx_6 + 96, 16, 0),
	gsSP1Triangle(0, 1, 2, 0),
	gsSP1Triangle(1, 0, 3, 0),
	gsSP1Triangle(4, 5, 6, 0),
	gsSP1Triangle(5, 4, 7, 0),
	gsSP1Triangle(8, 9, 10, 0),
	gsSP1Triangle(9, 8, 11, 0),
	gsSP1Triangle(12, 13, 14, 0),
	gsSP1Triangle(13, 12, 15, 0),
	gsSPVertex(hmc_dl_DL_thi_1_0xe024db0_Obj_mesh_layer_1_vtx_6 + 112, 16, 0),
	gsSP1Triangle(0, 1, 2, 0),
	gsSP1Triangle(1, 0, 3, 0),
	gsSP1Triangle(4, 5, 6, 0),
	gsSP1Triangle(5, 4, 7, 0),
	gsSP1Triangle(8, 9, 10, 0),
	gsSP1Triangle(9, 8, 11, 0),
	gsSP1Triangle(12, 13, 14, 0),
	gsSP1Triangle(13, 12, 15, 0),
	gsSPVertex(hmc_dl_DL_thi_1_0xe024db0_Obj_mesh_layer_1_vtx_6 + 128, 16, 0),
	gsSP1Triangle(0, 1, 2, 0),
	gsSP1Triangle(1, 0, 3, 0),
	gsSP1Triangle(4, 5, 6, 0),
	gsSP1Triangle(5, 4, 7, 0),
	gsSP1Triangle(8, 9, 10, 0),
	gsSP1Triangle(9, 8, 11, 0),
	gsSP1Triangle(12, 13, 14, 0),
	gsSP1Triangle(13, 12, 15, 0),
	gsSPVertex(hmc_dl_DL_thi_1_0xe024db0_Obj_mesh_layer_1_vtx_6 + 144, 16, 0),
	gsSP1Triangle(0, 1, 2, 0),
	gsSP1Triangle(1, 0, 3, 0),
	gsSP1Triangle(4, 5, 6, 0),
	gsSP1Triangle(5, 4, 7, 0),
	gsSP1Triangle(8, 9, 10, 0),
	gsSP1Triangle(9, 8, 11, 0),
	gsSP1Triangle(12, 13, 14, 0),
	gsSP1Triangle(13, 12, 15, 0),
	gsSPVertex(hmc_dl_DL_thi_1_0xe024db0_Obj_mesh_layer_1_vtx_6 + 160, 16, 0),
	gsSP1Triangle(0, 1, 2, 0),
	gsSP1Triangle(1, 0, 3, 0),
	gsSP1Triangle(4, 5, 6, 0),
	gsSP1Triangle(5, 4, 7, 0),
	gsSP1Triangle(8, 9, 10, 0),
	gsSP1Triangle(9, 8, 11, 0),
	gsSP1Triangle(12, 13, 14, 0),
	gsSP1Triangle(13, 12, 15, 0),
	gsSPVertex(hmc_dl_DL_thi_1_0xe024db0_Obj_mesh_layer_1_vtx_6 + 176, 16, 0),
	gsSP1Triangle(0, 1, 2, 0),
	gsSP1Triangle(1, 0, 3, 0),
	gsSP1Triangle(4, 5, 6, 0),
	gsSP1Triangle(5, 4, 7, 0),
	gsSP1Triangle(8, 9, 10, 0),
	gsSP1Triangle(9, 8, 11, 0),
	gsSP1Triangle(12, 13, 14, 0),
	gsSP1Triangle(13, 12, 15, 0),
	gsSPVertex(hmc_dl_DL_thi_1_0xe024db0_Obj_mesh_layer_1_vtx_6 + 192, 16, 0),
	gsSP1Triangle(0, 1, 2, 0),
	gsSP1Triangle(1, 0, 3, 0),
	gsSP1Triangle(4, 5, 6, 0),
	gsSP1Triangle(5, 4, 7, 0),
	gsSP1Triangle(8, 9, 10, 0),
	gsSP1Triangle(9, 8, 11, 0),
	gsSP1Triangle(12, 13, 14, 0),
	gsSP1Triangle(13, 12, 15, 0),
	gsSPVertex(hmc_dl_DL_thi_1_0xe024db0_Obj_mesh_layer_1_vtx_6 + 208, 16, 0),
	gsSP1Triangle(0, 1, 2, 0),
	gsSP1Triangle(1, 0, 3, 0),
	gsSP1Triangle(4, 5, 6, 0),
	gsSP1Triangle(5, 4, 7, 0),
	gsSP1Triangle(8, 9, 10, 0),
	gsSP1Triangle(9, 8, 11, 0),
	gsSP1Triangle(12, 13, 14, 0),
	gsSP1Triangle(13, 12, 15, 0),
	gsSPVertex(hmc_dl_DL_thi_1_0xe024db0_Obj_mesh_layer_1_vtx_6 + 224, 16, 0),
	gsSP1Triangle(0, 1, 2, 0),
	gsSP1Triangle(1, 0, 3, 0),
	gsSP1Triangle(4, 5, 6, 0),
	gsSP1Triangle(5, 4, 7, 0),
	gsSP1Triangle(8, 9, 10, 0),
	gsSP1Triangle(9, 8, 11, 0),
	gsSP1Triangle(12, 13, 14, 0),
	gsSP1Triangle(13, 12, 15, 0),
	gsSPVertex(hmc_dl_DL_thi_1_0xe024db0_Obj_mesh_layer_1_vtx_6 + 240, 16, 0),
	gsSP1Triangle(0, 1, 2, 0),
	gsSP1Triangle(1, 0, 3, 0),
	gsSP1Triangle(4, 5, 6, 0),
	gsSP1Triangle(5, 4, 7, 0),
	gsSP1Triangle(8, 9, 10, 0),
	gsSP1Triangle(10, 9, 11, 0),
	gsSP1Triangle(11, 9, 12, 0),
	gsSP1Triangle(12, 9, 13, 0),
	gsSP1Triangle(13, 9, 14, 0),
	gsSP1Triangle(14, 9, 15, 0),
	gsSPVertex(hmc_dl_DL_thi_1_0xe024db0_Obj_mesh_layer_1_vtx_6 + 256, 14, 0),
	gsSP1Triangle(0, 1, 2, 0),
	gsSP1Triangle(1, 0, 3, 0),
	gsSP1Triangle(4, 5, 6, 0),
	gsSP1Triangle(5, 7, 6, 0),
	gsSP1Triangle(8, 9, 10, 0),
	gsSP1Triangle(8, 10, 11, 0),
	gsSP1Triangle(11, 10, 12, 0),
	gsSP1Triangle(11, 12, 13, 0),
	gsSPVertex(hmc_dl_DL_thi_1_0xe024db0_Obj_mesh_layer_1_vtx_6 + 270, 16, 0),
	gsSP1Triangle(0, 1, 2, 0),
	gsSP1Triangle(2, 1, 3, 0),
	gsSP1Triangle(4, 2, 3, 0),
	gsSP1Triangle(4, 5, 2, 0),
	gsSP1Triangle(6, 7, 8, 0),
	gsSP1Triangle(6, 8, 9, 0),
	gsSP1Triangle(9, 8, 10, 0),
	gsSP1Triangle(9, 10, 11, 0),
	gsSP1Triangle(9, 11, 12, 0),
	gsSP1Triangle(13, 14, 15, 0),
	gsSPVertex(hmc_dl_DL_thi_1_0xe024db0_Obj_mesh_layer_1_vtx_6 + 286, 15, 0),
	gsSP1Triangle(0, 1, 2, 0),
	gsSP1Triangle(3, 4, 5, 0),
	gsSP1Triangle(4, 3, 6, 0),
	gsSP1Triangle(7, 8, 9, 0),
	gsSP1Triangle(8, 7, 10, 0),
	gsSP1Triangle(11, 12, 13, 0),
	gsSP1Triangle(12, 11, 14, 0),
	gsSPVertex(hmc_dl_DL_thi_1_0xe024db0_Obj_mesh_layer_1_vtx_6 + 301, 16, 0),
	gsSP1Triangle(0, 1, 2, 0),
	gsSP1Triangle(1, 0, 3, 0),
	gsSP1Triangle(4, 5, 6, 0),
	gsSP1Triangle(5, 4, 7, 0),
	gsSP1Triangle(8, 9, 10, 0),
	gsSP1Triangle(9, 8, 11, 0),
	gsSP1Triangle(12, 13, 14, 0),
	gsSP1Triangle(13, 12, 15, 0),
	gsSPVertex(hmc_dl_DL_thi_1_0xe024db0_Obj_mesh_layer_1_vtx_6 + 317, 16, 0),
	gsSP1Triangle(0, 1, 2, 0),
	gsSP1Triangle(0, 2, 3, 0),
	gsSP1Triangle(3, 2, 4, 0),
	gsSP1Triangle(3, 4, 5, 0),
	gsSP1Triangle(5, 4, 6, 0),
	gsSP1Triangle(6, 4, 7, 0),
	gsSP1Triangle(8, 9, 10, 0),
	gsSP1Triangle(9, 8, 11, 0),
	gsSP1Triangle(12, 13, 14, 0),
	gsSP1Triangle(14, 13, 15, 0),
	gsSPVertex(hmc_dl_DL_thi_1_0xe024db0_Obj_mesh_layer_1_vtx_6 + 333, 16, 0),
	gsSP1Triangle(0, 1, 2, 0),
	gsSP1Triangle(0, 2, 3, 0),
	gsSP1Triangle(3, 2, 4, 0),
	gsSP1Triangle(3, 4, 5, 0),
	gsSP1Triangle(6, 7, 8, 0),
	gsSP1Triangle(7, 6, 9, 0),
	gsSP1Triangle(7, 9, 10, 0),
	gsSP1Triangle(7, 10, 11, 0),
	gsSP1Triangle(12, 13, 14, 0),
	gsSP1Triangle(13, 12, 15, 0),
	gsSPVertex(hmc_dl_DL_thi_1_0xe024db0_Obj_mesh_layer_1_vtx_6 + 349, 5, 0),
	gsSP1Triangle(0, 1, 2, 0),
	gsSP1Triangle(0, 2, 3, 0),
	gsSP1Triangle(3, 2, 4, 0),
	gsSPEndDisplayList(),
};

Vtx hmc_dl_DL_thi_1_0xe024db0_Obj_mesh_layer_1_vtx_7[80] = {
	{{{-11899, 8231, 3319},0, {866, 1156},{0x0, 0x0, 0x81, 0xFF}}},
	{{{-7791, 6447, 3319},0, {1970, 677},{0x0, 0x0, 0x81, 0xFF}}},
	{{{-13126, -1740, 3319},0, {536, -1524},{0x0, 0x0, 0x81, 0xFF}}},
	{{{-8118, 15496, 3319},0, {1882, -987},{0xDA, 0xDA, 0x8D, 0xFF}}},
	{{{-9655, 22276, 3319},0, {1469, 835},{0x0, 0x0, 0x81, 0xFF}}},
	{{{-8118, 19003, 3319},0, {1882, -45},{0xA6, 0x0, 0xA6, 0xFF}}},
	{{{-233, 5456, 3319},0, {1953, -1638},{0x0, 0x0, 0x81, 0xFF}}},
	{{{-2957, 10066, 3319},0, {1221, -399},{0x0, 0xA6, 0xA6, 0xFF}}},
	{{{-815, 10066, 3319},0, {1797, -399},{0x26, 0xDA, 0x8D, 0xFF}}},
	{{{-12937, 10123, 3319},0, {587, -2431},{0x0, 0x0, 0x81, 0xFF}}},
	{{{-13188, 16272, 3319},0, {520, -779},{0x0, 0x0, 0x81, 0xFF}}},
	{{{-12400, 20528, 3319},0, {731, 365},{0x0, 0x0, 0x81, 0xFF}}},
	{{{10842, 27762, 3319},0, {834, 261},{0x0, 0x0, 0x81, 0xFF}}},
	{{{7570, 20580, 3319},0, {-45, -1669},{0x0, 0x0, 0x81, 0xFF}}},
	{{{1070, 25426, 3319},0, {-1792, -366},{0x0, 0x0, 0x81, 0xFF}}},
	{{{-8469, 25252, 3319},0, {1788, -413},{0x0, 0x0, 0x81, 0xFF}}},
	{{{-12400, 20528, 3319},0, {731, -1683},{0x0, 0x0, 0x81, 0xFF}}},
	{{{-14329, 26522, 3319},0, {213, -72},{0x0, 0x0, 0x81, 0xFF}}},
	{{{-12400, 20528, 3319},0, {731, 365},{0x0, 0x0, 0x81, 0xFF}}},
	{{{-8469, 25252, 3319},0, {1788, 1635},{0x0, 0x0, 0x81, 0xFF}}},
	{{{-9655, 22276, 3319},0, {1469, 835},{0x0, 0x0, 0x81, 0xFF}}},
	{{{-9655, 22276, 3319},0, {1469, -1213},{0x0, 0x0, 0x81, 0xFF}}},
	{{{-6220, 24365, 3319},0, {2392, -651},{0x0, 0x0, 0x81, 0xFF}}},
	{{{7713, 5079, 3319},0, {-7, -1739},{0x0, 0x0, 0x81, 0xFF}}},
	{{{1820, 6041, 3319},0, {-1591, -1480},{0x0, 0x0, 0x81, 0xFF}}},
	{{{4651, 11438, 3319},0, {-830, -30},{0x0, 0x0, 0x81, 0xFF}}},
	{{{-17517, 10905, 3319},0, {1404, -173},{0xA6, 0x0, 0xA6, 0xFF}}},
	{{{-18900, 11141, 3319},0, {1032, -110},{0x0, 0x0, 0x81, 0xFF}}},
	{{{-17517, 12383, 3319},0, {1404, 224},{0xA6, 0x0, 0xA6, 0xFF}}},
	{{{-7791, 6447, 3319},0, {1970, -1371},{0x0, 0x0, 0x81, 0xFF}}},
	{{{-9655, 22276, 3319},0, {1469, 2883},{0x0, 0x0, 0x81, 0xFF}}},
	{{{-8118, 15496, 3319},0, {1882, 1061},{0xDA, 0xDA, 0x8D, 0xFF}}},
	{{{-11899, 8231, 3319},0, {866, -892},{0x0, 0x0, 0x81, 0xFF}}},
	{{{-12400, 20528, 3319},0, {731, 2413},{0x0, 0x0, 0x81, 0xFF}}},
	{{{-12937, 10123, 3319},0, {587, -383},{0x0, 0x0, 0x81, 0xFF}}},
	{{{-7791, 6447, 3319},0, {-78, -1371},{0x0, 0x0, 0x81, 0xFF}}},
	{{{-8118, 15496, 3319},0, {-166, 1061},{0xDA, 0xDA, 0x8D, 0xFF}}},
	{{{-6564, 15496, 3319},0, {252, 1061},{0xB7, 0xB7, 0xB7, 0xFF}}},
	{{{-6564, 10066, 3319},0, {252, -399},{0xDA, 0xDA, 0x8D, 0xFF}}},
	{{{-5933, 6725, 3319},0, {421, -1297},{0x0, 0x0, 0x81, 0xFF}}},
	{{{-4163, 10066, 3319},0, {897, -399},{0x0, 0x0, 0x81, 0xFF}}},
	{{{-4109, 5798, 3319},0, {912, -1546},{0x0, 0x0, 0x81, 0xFF}}},
	{{{-2957, 10066, 3319},0, {1221, -399},{0x0, 0xA6, 0xA6, 0xFF}}},
	{{{-4109, 5798, 3319},0, {912, 502},{0x0, 0x0, 0x81, 0xFF}}},
	{{{-2957, 10066, 3319},0, {1221, 1649},{0x0, 0xA6, 0xA6, 0xFF}}},
	{{{-3670, 1958, 3319},0, {1030, -530},{0x0, 0x0, 0x81, 0xFF}}},
	{{{-233, 5456, 3319},0, {1953, 410},{0x0, 0x0, 0x81, 0xFF}}},
	{{{-13188, 16272, 3319},0, {520, 1269},{0x0, 0x0, 0x81, 0xFF}}},
	{{{-16079, 10659, 3319},0, {-257, -239},{0x5A, 0x0, 0xA6, 0xFF}}},
	{{{-16079, 13675, 3319},0, {-257, 571},{0x5A, 0x0, 0xA6, 0xFF}}},
	{{{-12937, 10123, 3319},0, {587, -383},{0x0, 0x0, 0x81, 0xFF}}},
	{{{-6220, 24365, 3319},0, {344, -651},{0x0, 0x0, 0x81, 0xFF}}},
	{{{-8469, 25252, 3319},0, {-260, -413},{0x0, 0x0, 0x81, 0xFF}}},
	{{{-6949, 25818, 3319},0, {148, -261},{0x0, 0x0, 0x81, 0xFF}}},
	{{{-3389, 32767, 3319},0, {1105, 1885},{0xFF, 0x0, 0x81, 0xFF}}},
	{{{-3761, 21396, 3319},0, {1005, -1449},{0x26, 0x26, 0x8D, 0xFF}}},
	{{{-3761, 16692, 3319},0, {1005, -2714},{0x49, 0x49, 0xB7, 0xFF}}},
	{{{-2180, 25906, 3319},0, {1430, -237},{0x0, 0x0, 0x81, 0xFF}}},
	{{{-3761, 16692, 3319},0, {-1043, -666},{0x49, 0x49, 0xB7, 0xFF}}},
	{{{-2180, 25906, 3319},0, {-618, 1811},{0x0, 0x0, 0x81, 0xFF}}},
	{{{8271, 16692, 3319},0, {2191, -666},{0x26, 0x26, 0x8D, 0xFF}}},
	{{{1070, 25426, 3319},0, {256, 1682},{0x0, 0x0, 0x81, 0xFF}}},
	{{{7570, 18636, 3319},0, {-45, -143},{0x0, 0x0, 0x81, 0xFF}}},
	{{{1070, 25426, 3319},0, {-1792, 1682},{0x0, 0x0, 0x81, 0xFF}}},
	{{{7570, 20580, 3319},0, {-45, 379},{0x0, 0x0, 0x81, 0xFF}}},
	{{{8271, 16692, 3319},0, {143, -666},{0x26, 0x26, 0x8D, 0xFF}}},
	{{{13845, 14687, 3319},0, {1641, -1205},{0x0, 0x0, 0x81, 0xFF}}},
	{{{8271, 14763, 3319},0, {143, -1184},{0x26, 0xDA, 0x8D, 0xFF}}},
	{{{4818, 14988, 3319},0, {1263, 924},{0xB7, 0xB7, 0xB7, 0xFF}}},
	{{{-815, 10066, 3319},0, {-251, -399},{0x26, 0xDA, 0x8D, 0xFF}}},
	{{{-815, 14988, 3319},0, {-251, 924},{0x49, 0xB7, 0xB7, 0xFF}}},
	{{{-233, 5456, 3319},0, {-95, -1638},{0x0, 0x0, 0x81, 0xFF}}},
	{{{1820, 6041, 3319},0, {457, -1480},{0x0, 0x0, 0x81, 0xFF}}},
	{{{4651, 11438, 3319},0, {1218, -30},{0x0, 0x0, 0x81, 0xFF}}},
	{{{4651, 11438, 3319},0, {-830, -30},{0x0, 0x0, 0x81, 0xFF}}},
	{{{4818, 14988, 3319},0, {-785, 924},{0xB7, 0xB7, 0xB7, 0xFF}}},
	{{{4818, 14763, 3319},0, {-785, 864},{0xDA, 0xDA, 0x8D, 0xFF}}},
	{{{5296, 13101, 3319},0, {-657, 417},{0x0, 0x0, 0x81, 0xFF}}},
	{{{8271, 14763, 3319},0, {143, 864},{0x26, 0xDA, 0x8D, 0xFF}}},
	{{{13845, 14687, 3319},0, {1641, 843},{0x0, 0x0, 0x81, 0xFF}}},
};

Gfx hmc_dl_DL_thi_1_0xe024db0_Obj_mesh_layer_1_tri_7[] = {
	gsSPVertex(hmc_dl_DL_thi_1_0xe024db0_Obj_mesh_layer_1_vtx_7 + 0, 15, 0),
	gsSP1Triangle(0, 1, 2, 0),
	gsSP1Triangle(3, 4, 5, 0),
	gsSP1Triangle(6, 7, 8, 0),
	gsSP1Triangle(9, 10, 11, 0),
	gsSP1Triangle(12, 13, 14, 0),
	gsSPVertex(hmc_dl_DL_thi_1_0xe024db0_Obj_mesh_layer_1_vtx_7 + 15, 14, 0),
	gsSP1Triangle(0, 1, 2, 0),
	gsSP1Triangle(3, 4, 5, 0),
	gsSP1Triangle(6, 0, 7, 0),
	gsSP1Triangle(8, 9, 10, 0),
	gsSP1Triangle(11, 12, 13, 0),
	gsSPVertex(hmc_dl_DL_thi_1_0xe024db0_Obj_mesh_layer_1_vtx_7 + 29, 14, 0),
	gsSP1Triangle(0, 1, 2, 0),
	gsSP1Triangle(0, 3, 1, 0),
	gsSP1Triangle(4, 1, 3, 0),
	gsSP1Triangle(5, 4, 3, 0),
	gsSP1Triangle(6, 7, 8, 0),
	gsSP1Triangle(6, 8, 9, 0),
	gsSP1Triangle(6, 9, 10, 0),
	gsSP1Triangle(10, 9, 11, 0),
	gsSP1Triangle(10, 11, 12, 0),
	gsSP1Triangle(12, 11, 13, 0),
	gsSPVertex(hmc_dl_DL_thi_1_0xe024db0_Obj_mesh_layer_1_vtx_7 + 43, 15, 0),
	gsSP1Triangle(0, 1, 2, 0),
	gsSP1Triangle(2, 1, 3, 0),
	gsSP1Triangle(4, 5, 6, 0),
	gsSP1Triangle(5, 4, 7, 0),
	gsSP1Triangle(8, 9, 10, 0),
	gsSP1Triangle(8, 10, 11, 0),
	gsSP1Triangle(8, 11, 12, 0),
	gsSP1Triangle(12, 11, 13, 0),
	gsSP1Triangle(13, 11, 14, 0),
	gsSPVertex(hmc_dl_DL_thi_1_0xe024db0_Obj_mesh_layer_1_vtx_7 + 58, 16, 0),
	gsSP1Triangle(0, 1, 2, 0),
	gsSP1Triangle(2, 1, 3, 0),
	gsSP1Triangle(4, 5, 6, 0),
	gsSP1Triangle(7, 5, 4, 0),
	gsSP1Triangle(7, 4, 8, 0),
	gsSP1Triangle(7, 8, 9, 0),
	gsSP1Triangle(10, 11, 12, 0),
	gsSP1Triangle(11, 10, 13, 0),
	gsSP1Triangle(13, 10, 14, 0),
	gsSP1Triangle(14, 10, 15, 0),
	gsSPVertex(hmc_dl_DL_thi_1_0xe024db0_Obj_mesh_layer_1_vtx_7 + 74, 6, 0),
	gsSP1Triangle(0, 1, 2, 0),
	gsSP1Triangle(0, 2, 3, 0),
	gsSP1Triangle(3, 2, 4, 0),
	gsSP1Triangle(3, 4, 5, 0),
	gsSPEndDisplayList(),
};

Vtx hmc_dl_DL_thi_1_0xe024db0_Obj_mesh_layer_1_vtx_8[204] = {
	{{{-32768, -20586, 3437},0, {3770, -10020},{0x0, 0x0, 0x7F, 0xFF}}},
	{{{-9692, -10753, 3437},0, {-4968, -6717},{0xDA, 0xDA, 0x73, 0xFF}}},
	{{{-32768, 32767, 3437},0, {3770, 9333},{0x0, 0x0, 0x7F, 0xFF}}},
	{{{-9692, -10753, 3437},0, {3224, 3523},{0xDA, 0xDA, 0x73, 0xFF}}},
	{{{-32768, -20586, 3437},0, {11962, 220},{0x0, 0x0, 0x7F, 0xFF}}},
	{{{30370, -20586, 3437},0, {-10235, 220},{0x0, 0x0, 0x7F, 0xFF}}},
	{{{-9692, -10753, 3437},0, {7320, 3523},{0xDA, 0xDA, 0x73, 0xFF}}},
	{{{30370, -20586, 3437},0, {-6139, 220},{0x0, 0x0, 0x7F, 0xFF}}},
	{{{-4285, -10753, 3437},0, {5504, 3523},{0x26, 0xDA, 0x73, 0xFF}}},
	{{{-32768, 32767, 3437},0, {11962, 3189},{0x0, 0x0, 0x7F, 0xFF}}},
	{{{-5954, 12773, 3437},0, {1968, -4957},{0xDA, 0x26, 0x73, 0xFF}}},
	{{{30370, 32767, 3437},0, {-10235, 3189},{0x0, 0x0, 0x7F, 0xFF}}},
	{{{-5954, 12773, 3437},0, {-4176, -2909},{0xDA, 0x26, 0x73, 0xFF}}},
	{{{-32768, 32767, 3437},0, {5818, 5237},{0x0, 0x0, 0x7F, 0xFF}}},
	{{{-9692, 5021, 3437},0, {-2920, -5513},{0xDA, 0x26, 0x73, 0xFF}}},
	{{{-9692, 5021, 3437},0, {-4968, -3465},{0xDA, 0x26, 0x73, 0xFF}}},
	{{{-32768, 32767, 3437},0, {3770, 7285},{0x0, 0x0, 0x7F, 0xFF}}},
	{{{-9692, -10753, 3437},0, {-4968, -8765},{0xDA, 0xDA, 0x73, 0xFF}}},
	{{{30370, 32767, 3437},0, {-4091, 3189},{0x0, 0x0, 0x7F, 0xFF}}},
	{{{-5954, 12773, 3437},0, {8112, -4957},{0xDA, 0x26, 0x73, 0xFF}}},
	{{{-1060, 12773, 3437},0, {6468, -4957},{0x26, 0x26, 0x73, 0xFF}}},
	{{{30370, 32767, 3437},0, {-4091, 9333},{0x0, 0x0, 0x7F, 0xFF}}},
	{{{-1060, 12773, 3437},0, {6468, 1187},{0x26, 0x26, 0x73, 0xFF}}},
	{{{30370, -20586, 3437},0, {-4091, -10020},{0x0, 0x0, 0x7F, 0xFF}}},
	{{{17811, -14118, 3319},0, {1399, 2255},{0xC9, 0xEA, 0x90, 0xFF}}},
	{{{17826, -11201, 3319},0, {2379, 2255},{0xC9, 0x17, 0x90, 0xFF}}},
	{{{21340, -12678, -7583},0, {1889, -1594},{0x0, 0x0, 0x81, 0xFF}}},
	{{{19863, -16192, 3319},0, {-401, 3820},{0xE9, 0xC9, 0x90, 0xFF}}},
	{{{17811, -14118, 3319},0, {579, 3820},{0xC9, 0xEA, 0x90, 0xFF}}},
	{{{21340, -12678, -7583},0, {89, -29},{0x0, 0x0, 0x81, 0xFF}}},
	{{{21340, -12678, -7583},0, {19, -1865},{0x0, 0x0, 0x81, 0xFF}}},
	{{{17826, -11201, 3319},0, {-471, 1984},{0xC9, 0x17, 0x90, 0xFF}}},
	{{{19899, -9149, 3319},0, {509, 1984},{0xEA, 0x37, 0x90, 0xFF}}},
	{{{24854, -14154, 3319},0, {585, 2579},{0x37, 0xE9, 0x90, 0xFF}}},
	{{{21340, -12678, -7583},0, {95, -1270},{0x0, 0x0, 0x81, 0xFF}}},
	{{{24869, -11237, 3319},0, {-395, 2579},{0x37, 0x16, 0x90, 0xFF}}},
	{{{21340, -12678, -7583},0, {-153, -2835},{0x0, 0x0, 0x81, 0xFF}}},
	{{{22816, -9164, 3319},0, {-643, 1014},{0x17, 0x37, 0x90, 0xFF}}},
	{{{24869, -11237, 3319},0, {337, 1014},{0x37, 0x16, 0x90, 0xFF}}},
	{{{21340, -12678, -7583},0, {969, -2182},{0x0, 0x0, 0x81, 0xFF}}},
	{{{22781, -16206, 3319},0, {479, 1667},{0x16, 0xC9, 0x90, 0xFF}}},
	{{{19863, -16192, 3319},0, {1459, 1667},{0xE9, 0xC9, 0x90, 0xFF}}},
	{{{21340, -12678, -7583},0, {-1033, -682},{0x0, 0x0, 0x81, 0xFF}}},
	{{{19899, -9149, 3319},0, {-1523, 3167},{0xEA, 0x37, 0x90, 0xFF}}},
	{{{22816, -9164, 3319},0, {-543, 3167},{0x17, 0x37, 0x90, 0xFF}}},
	{{{21340, -12678, -7583},0, {1965, -1000},{0x0, 0x0, 0x81, 0xFF}}},
	{{{24854, -14154, 3319},0, {1475, 2849},{0x37, 0xE9, 0x90, 0xFF}}},
	{{{22781, -16206, 3319},0, {2455, 2849},{0x16, 0xC9, 0x90, 0xFF}}},
	{{{-27304, -12132, -13241},0, {688, -5030},{0x0, 0x0, 0x81, 0xFF}}},
	{{{-29764, -11099, 3319},0, {198, 3006},{0xC2, 0x1A, 0x94, 0xFF}}},
	{{{-28312, -9662, 3319},0, {1178, 3006},{0xE7, 0x3F, 0x94, 0xFF}}},
	{{{-28337, -14592, 3319},0, {256, 4232},{0xE6, 0xC1, 0x95, 0xFF}}},
	{{{-29774, -13141, 3319},0, {1236, 4232},{0xC1, 0xE7, 0x94, 0xFF}}},
	{{{-27304, -12132, -13241},0, {746, -3804},{0x0, 0x0, 0x81, 0xFF}}},
	{{{-29774, -13141, 3319},0, {-474, 4182},{0xC1, 0xE7, 0x94, 0xFF}}},
	{{{-29764, -11099, 3319},0, {506, 4182},{0xC2, 0x1A, 0x94, 0xFF}}},
	{{{-27304, -12132, -13241},0, {16, -3853},{0x0, 0x0, 0x81, 0xFF}}},
	{{{-24844, -13166, 3319},0, {-3, 4429},{0x3E, 0xE6, 0x94, 0xFF}}},
	{{{-27304, -12132, -13241},0, {-493, -3607},{0x0, 0x0, 0x81, 0xFF}}},
	{{{-24834, -11124, 3319},0, {-983, 4429},{0x3F, 0x19, 0x94, 0xFF}}},
	{{{-27304, -12132, -13241},0, {825, -3656},{0x0, 0x0, 0x81, 0xFF}}},
	{{{-26270, -9673, 3319},0, {335, 4379},{0x1A, 0x3E, 0x94, 0xFF}}},
	{{{-24834, -11124, 3319},0, {1315, 4379},{0x3F, 0x19, 0x94, 0xFF}}},
	{{{-27304, -12132, -13241},0, {883, -2430},{0x0, 0x0, 0x81, 0xFF}}},
	{{{-24844, -13166, 3319},0, {393, 5605},{0x3E, 0xE6, 0x94, 0xFF}}},
	{{{-26295, -14603, 3319},0, {1373, 5605},{0x19, 0xC1, 0x94, 0xFF}}},
	{{{-27304, -12132, -13241},0, {548, -4911},{0x0, 0x0, 0x81, 0xFF}}},
	{{{-26295, -14603, 3319},0, {58, 3125},{0x19, 0xC1, 0x94, 0xFF}}},
	{{{-28337, -14592, 3319},0, {1038, 3125},{0xE6, 0xC1, 0x95, 0xFF}}},
	{{{-27304, -12132, -13241},0, {-1025, -2549},{0x0, 0x0, 0x81, 0xFF}}},
	{{{-28312, -9662, 3319},0, {-1515, 5486},{0xE7, 0x3F, 0x94, 0xFF}}},
	{{{-26270, -9673, 3319},0, {-535, 5486},{0x1A, 0x3E, 0x94, 0xFF}}},
	{{{-26870, 29194, -9351},0, {83, -400},{0x0, 0x1, 0x81, 0xFF}}},
	{{{-25184, 25066, 3319},0, {-407, 3426},{0x16, 0xC9, 0x90, 0xFF}}},
	{{{-28597, 25083, 3319},0, {573, 3426},{0xE9, 0xCA, 0x8F, 0xFF}}},
	{{{-28597, 25083, 3319},0, {-876, 3830},{0xE9, 0xCA, 0x8F, 0xFF}}},
	{{{-30999, 27509, 3319},0, {105, 3830},{0xC9, 0xEA, 0x90, 0xFF}}},
	{{{-26870, 29194, -9351},0, {-386, 4},{0x0, 0x1, 0x81, 0xFF}}},
	{{{-26870, 29194, -9351},0, {931, -443},{0x0, 0x1, 0x81, 0xFF}}},
	{{{-30981, 30922, 3319},0, {441, 3383},{0xCD, 0x19, 0x8E, 0xFF}}},
	{{{-28556, 32767, 3319},0, {1421, 3383},{0xEC, 0x3C, 0x92, 0xFF}}},
	{{{-30999, 27509, 3319},0, {179, 2261},{0xC9, 0xEA, 0x90, 0xFF}}},
	{{{-30981, 30922, 3319},0, {1159, 2261},{0xCD, 0x19, 0x8E, 0xFF}}},
	{{{-26870, 29194, -9351},0, {669, -1564},{0x0, 0x1, 0x81, 0xFF}}},
	{{{-26870, 29194, -9351},0, {103, -1340},{0x0, 0x1, 0x81, 0xFF}}},
	{{{-22759, 27467, 3319},0, {-387, 2485},{0x36, 0xE9, 0x8F, 0xFF}}},
	{{{-25184, 25066, 3319},0, {593, 2485},{0x16, 0xC9, 0x90, 0xFF}}},
	{{{-26870, 29194, -9351},0, {-629, -1787},{0x0, 0x1, 0x81, 0xFF}}},
	{{{-25142, 32767, 3319},0, {-1119, 2038},{0x24, 0x66, 0x43, 0xFF}}},
	{{{-22741, 30880, 3319},0, {-139, 2038},{0x33, 0x18, 0x8E, 0xFF}}},
	{{{-26870, 29194, -9351},0, {951, -1383},{0x0, 0x1, 0x81, 0xFF}}},
	{{{-28556, 32767, 3319},0, {461, 2442},{0xEC, 0x3C, 0x92, 0xFF}}},
	{{{-25142, 32767, 3319},0, {1441, 2442},{0x24, 0x66, 0x43, 0xFF}}},
	{{{-22759, 27467, 3319},0, {855, 3607},{0x36, 0xE9, 0x8F, 0xFF}}},
	{{{-26870, 29194, -9351},0, {365, -219},{0x0, 0x1, 0x81, 0xFF}}},
	{{{-22741, 30880, 3319},0, {-125, 3607},{0x33, 0x18, 0x8E, 0xFF}}},
	{{{-31264, 6851, 3319},0, {-210, 3280},{0xC6, 0xE9, 0x91, 0xFF}}},
	{{{-31241, 11402, 3319},0, {770, 3280},{0xC6, 0x18, 0x91, 0xFF}}},
	{{{-25759, 9099, -18157},0, {280, -1494},{0x0, 0x0, 0x81, 0xFF}}},
	{{{-25759, 9099, -18157},0, {913, -2135},{0x0, 0x0, 0x81, 0xFF}}},
	{{{-20277, 6795, 3319},0, {423, 2639},{0x3A, 0xE8, 0x91, 0xFF}}},
	{{{-23511, 3594, 3319},0, {1403, 2639},{0x17, 0xC6, 0x91, 0xFF}}},
	{{{-25759, 9099, -18157},0, {-119, -1559},{0x0, 0x0, 0x81, 0xFF}}},
	{{{-31241, 11402, 3319},0, {-609, 3215},{0xC6, 0x18, 0x91, 0xFF}}},
	{{{-28006, 14604, 3319},0, {371, 3215},{0xE9, 0x3A, 0x91, 0xFF}}},
	{{{-25759, 9099, -18157},0, {-190, -1302},{0x0, 0x0, 0x81, 0xFF}}},
	{{{-23511, 3594, 3319},0, {-680, 3472},{0x17, 0xC6, 0x91, 0xFF}}},
	{{{-28062, 3617, 3319},0, {300, 3472},{0xE8, 0xC6, 0x91, 0xFF}}},
	{{{-25759, 9099, -18157},0, {983, -2392},{0x0, 0x0, 0x81, 0xFF}}},
	{{{-28006, 14604, 3319},0, {493, 2382},{0xE9, 0x3A, 0x91, 0xFF}}},
	{{{-23455, 14580, 3319},0, {1473, 2382},{0x18, 0x3A, 0x91, 0xFF}}},
	{{{-28062, 3617, 3319},0, {-942, 2538},{0xE8, 0xC6, 0x91, 0xFF}}},
	{{{-31264, 6851, 3319},0, {38, 2538},{0xC6, 0xE9, 0x91, 0xFF}}},
	{{{-25759, 9099, -18157},0, {-452, -2236},{0x0, 0x0, 0x81, 0xFF}}},
	{{{-20277, 6795, 3319},0, {1003, 2574},{0x3A, 0xE8, 0x91, 0xFF}}},
	{{{-25759, 9099, -18157},0, {513, -2200},{0x0, 0x0, 0x81, 0xFF}}},
	{{{-20254, 11346, 3319},0, {23, 2574},{0x3A, 0x17, 0x91, 0xFF}}},
	{{{-25759, 9099, -18157},0, {-802, -1458},{0x0, 0x0, 0x81, 0xFF}}},
	{{{-23455, 14580, 3319},0, {-1293, 3316},{0x18, 0x3A, 0x91, 0xFF}}},
	{{{-20254, 11346, 3319},0, {-312, 3316},{0x3A, 0x17, 0x91, 0xFF}}},
	{{{19305, 28590, -20776},0, {1702, -1821},{0x0, 0x0, 0x81, 0xFF}}},
	{{{23908, 26656, 3319},0, {1212, 4470},{0x3C, 0xE7, 0x93, 0xFF}}},
	{{{21192, 23967, 3319},0, {2192, 4470},{0x19, 0xC3, 0x93, 0xFF}}},
	{{{14682, 26703, 3319},0, {-1186, 3871},{0xC3, 0xE7, 0x93, 0xFF}}},
	{{{14701, 30524, 3319},0, {-206, 3871},{0xC6, 0x1B, 0x92, 0xFF}}},
	{{{19305, 28590, -20776},0, {-696, -2420},{0x0, 0x0, 0x81, 0xFF}}},
	{{{23908, 26656, 3319},0, {1463, 3671},{0x3C, 0xE7, 0x93, 0xFF}}},
	{{{19305, 28590, -20776},0, {973, -2620},{0x0, 0x0, 0x81, 0xFF}}},
	{{{23927, 30477, 3319},0, {483, 3671},{0x3A, 0x1A, 0x92, 0xFF}}},
	{{{17370, 23987, 3319},0, {-672, 3164},{0xE7, 0xC4, 0x93, 0xFF}}},
	{{{14682, 26703, 3319},0, {308, 3164},{0xC3, 0xE7, 0x93, 0xFF}}},
	{{{19305, 28590, -20776},0, {-182, -3128},{0x0, 0x0, 0x81, 0xFF}}},
	{{{19305, 28590, -20776},0, {623, -1171},{0x0, 0x0, 0x81, 0xFF}}},
	{{{14701, 30524, 3319},0, {133, 5120},{0xC6, 0x1B, 0x92, 0xFF}}},
	{{{17417, 32767, 3319},0, {1113, 5120},{0xDD, 0x63, 0x48, 0xFF}}},
	{{{19305, 28590, -20776},0, {1369, -2880},{0x0, 0x0, 0x81, 0xFF}}},
	{{{21192, 23967, 3319},0, {879, 3412},{0x19, 0xC3, 0x93, 0xFF}}},
	{{{17370, 23987, 3319},0, {1859, 3412},{0xE7, 0xC4, 0x93, 0xFF}}},
	{{{19305, 28590, -20776},0, {459, -1913},{0x0, 0x0, 0x81, 0xFF}}},
	{{{21239, 32767, 3319},0, {-31, 4379},{0x24, 0x62, 0x48, 0xFF}}},
	{{{23927, 30477, 3319},0, {949, 4379},{0x3A, 0x1A, 0x92, 0xFF}}},
	{{{19305, 28590, -20776},0, {956, -2161},{0x0, 0x0, 0x81, 0xFF}}},
	{{{17417, 32767, 3319},0, {466, 4131},{0xDD, 0x63, 0x48, 0xFF}}},
	{{{21239, 32767, 3319},0, {1446, 4131},{0x24, 0x62, 0x48, 0xFF}}},
	{{{19597, 6760, -7765},0, {787, -1123},{0x0, 0x0, 0x81, 0xFF}}},
	{{{22022, 5742, 3319},0, {296, 4402},{0x3B, 0xE7, 0x92, 0xFF}}},
	{{{20591, 4325, 3319},0, {1277, 4402},{0x18, 0xC5, 0x92, 0xFF}}},
	{{{19597, 6760, -7765},0, {-79, -2160},{0x0, 0x0, 0x81, 0xFF}}},
	{{{20616, 9185, 3319},0, {-569, 3365},{0x19, 0x3B, 0x92, 0xFF}}},
	{{{22032, 7754, 3319},0, {411, 3365},{0x3B, 0x18, 0x92, 0xFF}}},
	{{{19597, 6760, -7765},0, {976, -1344},{0x0, 0x0, 0x81, 0xFF}}},
	{{{18603, 9195, 3319},0, {486, 4180},{0xE8, 0x3B, 0x92, 0xFF}}},
	{{{20616, 9185, 3319},0, {1467, 4180},{0x19, 0x3B, 0x92, 0xFF}}},
	{{{17162, 5766, 3319},0, {445, 3474},{0xC5, 0xE8, 0x92, 0xFF}}},
	{{{17173, 7779, 3319},0, {1426, 3474},{0xC5, 0x19, 0x92, 0xFF}}},
	{{{19597, 6760, -7765},0, {935, -2051},{0x0, 0x0, 0x81, 0xFF}}},
	{{{22022, 5742, 3319},0, {889, 3457},{0x3B, 0xE7, 0x92, 0xFF}}},
	{{{19597, 6760, -7765},0, {399, -2068},{0x0, 0x0, 0x81, 0xFF}}},
	{{{22032, 7754, 3319},0, {-91, 3457},{0x3B, 0x18, 0x92, 0xFF}}},
	{{{18579, 4336, 3319},0, {924, 3565},{0xE7, 0xC5, 0x92, 0xFF}}},
	{{{17162, 5766, 3319},0, {1904, 3565},{0xC5, 0xE8, 0x92, 0xFF}}},
	{{{19597, 6760, -7765},0, {1414, -1960},{0x0, 0x0, 0x81, 0xFF}}},
	{{{19597, 6760, -7765},0, {548, -948},{0x0, 0x0, 0x81, 0xFF}}},
	{{{17173, 7779, 3319},0, {58, 4577},{0xC5, 0x19, 0x92, 0xFF}}},
	{{{18603, 9195, 3319},0, {1038, 4577},{0xE8, 0x3B, 0x92, 0xFF}}},
	{{{19597, 6760, -7765},0, {358, -2775},{0x0, 0x0, 0x81, 0xFF}}},
	{{{20591, 4325, 3319},0, {-132, 2750},{0x18, 0xC5, 0x92, 0xFF}}},
	{{{18579, 4336, 3319},0, {848, 2750},{0xE7, 0xC5, 0x92, 0xFF}}},
	{{{-8216, -7339, -3224},0, {145, -2130},{0x0, 0x0, 0x81, 0xFF}}},
	{{{-7135, -9985, 3319},0, {-345, 1031},{0x15, 0xCD, 0x8D, 0xFF}}},
	{{{-9323, -9974, 3319},0, {635, 1031},{0xEB, 0xCD, 0x8D, 0xFF}}},
	{{{-8216, -7339, -3224},0, {-1038, -508},{0x0, 0x0, 0x81, 0xFF}}},
	{{{-9296, -4692, 3319},0, {-1528, 2652},{0xEB, 0x33, 0x8D, 0xFF}}},
	{{{-7108, -4703, 3319},0, {-548, 2652},{0x15, 0x33, 0x8D, 0xFF}}},
	{{{-8216, -7339, -3224},0, {-255, -1224},{0x0, 0x0, 0x81, 0xFF}}},
	{{{-10851, -6231, 3319},0, {-745, 1936},{0xCD, 0x15, 0x8D, 0xFF}}},
	{{{-9296, -4692, 3319},0, {235, 1936},{0xEB, 0x33, 0x8D, 0xFF}}},
	{{{-8216, -7339, -3224},0, {325, -1116},{0x0, 0x0, 0x81, 0xFF}}},
	{{{-7108, -4703, 3319},0, {-165, 2045},{0x15, 0x33, 0x8D, 0xFF}}},
	{{{-5569, -6258, 3319},0, {815, 2045},{0x33, 0x15, 0x8D, 0xFF}}},
	{{{-9323, -9974, 3319},0, {340, 1638},{0xEB, 0xCD, 0x8D, 0xFF}}},
	{{{-10862, -8419, 3319},0, {1320, 1638},{0xCD, 0xEB, 0x8D, 0xFF}}},
	{{{-8216, -7339, -3224},0, {830, -1522},{0x0, 0x0, 0x81, 0xFF}}},
	{{{-8216, -7339, -3224},0, {-638, -1414},{0x0, 0x0, 0x81, 0xFF}}},
	{{{-5580, -8446, 3319},0, {-1128, 1747},{0x33, 0xEB, 0x8D, 0xFF}}},
	{{{-7135, -9985, 3319},0, {-148, 1747},{0x15, 0xCD, 0x8D, 0xFF}}},
	{{{-5580, -8446, 3319},0, {277, 2518},{0x33, 0xEB, 0x8D, 0xFF}}},
	{{{-8216, -7339, -3224},0, {-213, -642},{0x0, 0x0, 0x81, 0xFF}}},
	{{{-5569, -6258, 3319},0, {-703, 2518},{0x33, 0x15, 0x8D, 0xFF}}},
	{{{-10862, -8419, 3319},0, {-1170, 1165},{0xCD, 0xEB, 0x8D, 0xFF}}},
	{{{-10851, -6231, 3319},0, {-190, 1165},{0xCD, 0x15, 0x8D, 0xFF}}},
	{{{-8216, -7339, -3224},0, {-680, -1996},{0x0, 0x0, 0x81, 0xFF}}},
	{{{-4285, -10753, 3437},0, {7552, -573},{0x26, 0xDA, 0x73, 0xFF}}},
	{{{30370, -20586, 3437},0, {-4091, -3876},{0x0, 0x0, 0x7F, 0xFF}}},
	{{{-4285, 5021, 3437},0, {7552, 4727},{0x26, 0x26, 0x73, 0xFF}}},
	{{{-1060, 8393, 3437},0, {6468, 5860},{0x26, 0xDA, 0x73, 0xFF}}},
	{{{-1060, 8393, 3437},0, {6468, 5860},{0x26, 0xDA, 0x73, 0xFF}}},
	{{{30370, -20586, 3437},0, {-4091, -3876},{0x0, 0x0, 0x7F, 0xFF}}},
	{{{-1060, 12773, 3437},0, {6468, 7331},{0x26, 0x26, 0x73, 0xFF}}},
	{{{-5954, 12773, 3437},0, {-80, 1187},{0xDA, 0x26, 0x73, 0xFF}}},
	{{{-9692, 5021, 3437},0, {1176, -1417},{0xDA, 0x26, 0x73, 0xFF}}},
	{{{-5954, 8393, 3437},0, {-80, -284},{0xDA, 0xDA, 0x73, 0xFF}}},
	{{{-4285, 5021, 3437},0, {-640, -1417},{0x26, 0x26, 0x73, 0xFF}}},
	{{{-1060, 8393, 3437},0, {-1724, -284},{0x26, 0xDA, 0x73, 0xFF}}},
};

Gfx hmc_dl_DL_thi_1_0xe024db0_Obj_mesh_layer_1_tri_8[] = {
	gsSPVertex(hmc_dl_DL_thi_1_0xe024db0_Obj_mesh_layer_1_vtx_8 + 0, 15, 0),
	gsSP1Triangle(0, 1, 2, 0),
	gsSP1Triangle(3, 4, 5, 0),
	gsSP1Triangle(6, 7, 8, 0),
	gsSP1Triangle(9, 10, 11, 0),
	gsSP1Triangle(12, 13, 14, 0),
	gsSPVertex(hmc_dl_DL_thi_1_0xe024db0_Obj_mesh_layer_1_vtx_8 + 15, 15, 0),
	gsSP1Triangle(0, 1, 2, 0),
	gsSP1Triangle(3, 4, 5, 0),
	gsSP1Triangle(6, 7, 8, 0),
	gsSP1Triangle(9, 10, 11, 0),
	gsSP1Triangle(12, 13, 14, 0),
	gsSPVertex(hmc_dl_DL_thi_1_0xe024db0_Obj_mesh_layer_1_vtx_8 + 30, 15, 0),
	gsSP1Triangle(0, 1, 2, 0),
	gsSP1Triangle(3, 4, 5, 0),
	gsSP1Triangle(6, 7, 8, 0),
	gsSP1Triangle(9, 10, 11, 0),
	gsSP1Triangle(12, 13, 14, 0),
	gsSPVertex(hmc_dl_DL_thi_1_0xe024db0_Obj_mesh_layer_1_vtx_8 + 45, 15, 0),
	gsSP1Triangle(0, 1, 2, 0),
	gsSP1Triangle(3, 4, 5, 0),
	gsSP1Triangle(6, 7, 8, 0),
	gsSP1Triangle(9, 10, 11, 0),
	gsSP1Triangle(12, 13, 14, 0),
	gsSPVertex(hmc_dl_DL_thi_1_0xe024db0_Obj_mesh_layer_1_vtx_8 + 60, 15, 0),
	gsSP1Triangle(0, 1, 2, 0),
	gsSP1Triangle(3, 4, 5, 0),
	gsSP1Triangle(6, 7, 8, 0),
	gsSP1Triangle(9, 10, 11, 0),
	gsSP1Triangle(12, 13, 14, 0),
	gsSPVertex(hmc_dl_DL_thi_1_0xe024db0_Obj_mesh_layer_1_vtx_8 + 75, 15, 0),
	gsSP1Triangle(0, 1, 2, 0),
	gsSP1Triangle(3, 4, 5, 0),
	gsSP1Triangle(6, 7, 8, 0),
	gsSP1Triangle(9, 10, 11, 0),
	gsSP1Triangle(12, 13, 14, 0),
	gsSPVertex(hmc_dl_DL_thi_1_0xe024db0_Obj_mesh_layer_1_vtx_8 + 90, 15, 0),
	gsSP1Triangle(0, 1, 2, 0),
	gsSP1Triangle(3, 4, 5, 0),
	gsSP1Triangle(6, 7, 8, 0),
	gsSP1Triangle(9, 10, 11, 0),
	gsSP1Triangle(12, 13, 14, 0),
	gsSPVertex(hmc_dl_DL_thi_1_0xe024db0_Obj_mesh_layer_1_vtx_8 + 105, 15, 0),
	gsSP1Triangle(0, 1, 2, 0),
	gsSP1Triangle(3, 4, 5, 0),
	gsSP1Triangle(6, 7, 8, 0),
	gsSP1Triangle(9, 10, 11, 0),
	gsSP1Triangle(12, 13, 14, 0),
	gsSPVertex(hmc_dl_DL_thi_1_0xe024db0_Obj_mesh_layer_1_vtx_8 + 120, 15, 0),
	gsSP1Triangle(0, 1, 2, 0),
	gsSP1Triangle(3, 4, 5, 0),
	gsSP1Triangle(6, 7, 8, 0),
	gsSP1Triangle(9, 10, 11, 0),
	gsSP1Triangle(12, 13, 14, 0),
	gsSPVertex(hmc_dl_DL_thi_1_0xe024db0_Obj_mesh_layer_1_vtx_8 + 135, 15, 0),
	gsSP1Triangle(0, 1, 2, 0),
	gsSP1Triangle(3, 4, 5, 0),
	gsSP1Triangle(6, 7, 8, 0),
	gsSP1Triangle(9, 10, 11, 0),
	gsSP1Triangle(12, 13, 14, 0),
	gsSPVertex(hmc_dl_DL_thi_1_0xe024db0_Obj_mesh_layer_1_vtx_8 + 150, 15, 0),
	gsSP1Triangle(0, 1, 2, 0),
	gsSP1Triangle(3, 4, 5, 0),
	gsSP1Triangle(6, 7, 8, 0),
	gsSP1Triangle(9, 10, 11, 0),
	gsSP1Triangle(12, 13, 14, 0),
	gsSPVertex(hmc_dl_DL_thi_1_0xe024db0_Obj_mesh_layer_1_vtx_8 + 165, 15, 0),
	gsSP1Triangle(0, 1, 2, 0),
	gsSP1Triangle(3, 4, 5, 0),
	gsSP1Triangle(6, 7, 8, 0),
	gsSP1Triangle(9, 10, 11, 0),
	gsSP1Triangle(12, 13, 14, 0),
	gsSPVertex(hmc_dl_DL_thi_1_0xe024db0_Obj_mesh_layer_1_vtx_8 + 180, 16, 0),
	gsSP1Triangle(0, 1, 2, 0),
	gsSP1Triangle(3, 4, 5, 0),
	gsSP1Triangle(6, 7, 8, 0),
	gsSP1Triangle(9, 10, 11, 0),
	gsSP1Triangle(12, 13, 14, 0),
	gsSP1Triangle(14, 13, 15, 0),
	gsSPVertex(hmc_dl_DL_thi_1_0xe024db0_Obj_mesh_layer_1_vtx_8 + 196, 8, 0),
	gsSP1Triangle(0, 1, 2, 0),
	gsSP1Triangle(3, 4, 5, 0),
	gsSP1Triangle(6, 5, 4, 0),
	gsSP1Triangle(5, 6, 7, 0),
	gsSPEndDisplayList(),
};

Vtx hmc_dl_DL_thi_1_0xe02d210_Obj_mesh_layer_5_vtx_0[8] = {
	{{{-8772, 5021, 3702},0, {2469, -816},{0x0, 0x7F, 0x0, 0xFF}}},
	{{{-9551, 5021, 4712},0, {-147, 2576},{0x0, 0x7F, 0x0, 0xFF}}},
	{{{-8772, 5021, 4712},0, {2469, 2576},{0x0, 0x7F, 0x0, 0xFF}}},
	{{{-9551, 5021, 3702},0, {-147, -816},{0x0, 0x7F, 0x0, 0xFF}}},
	{{{-9551, 4917, 3702},0, {2131, -816},{0x0, 0x81, 0x0, 0xFF}}},
	{{{-8772, 4917, 4712},0, {-485, 2576},{0x0, 0x81, 0x0, 0xFF}}},
	{{{-9551, 4917, 4712},0, {2131, 2576},{0x0, 0x81, 0x0, 0xFF}}},
	{{{-8772, 4917, 3702},0, {-485, -816},{0x0, 0x81, 0x0, 0xFF}}},
};

Gfx hmc_dl_DL_thi_1_0xe02d210_Obj_mesh_layer_5_tri_0[] = {
	gsSPVertex(hmc_dl_DL_thi_1_0xe02d210_Obj_mesh_layer_5_vtx_0 + 0, 8, 0),
	gsSP1Triangle(0, 1, 2, 0),
	gsSP1Triangle(1, 0, 3, 0),
	gsSP1Triangle(4, 5, 6, 0),
	gsSP1Triangle(5, 4, 7, 0),
	gsSPEndDisplayList(),
};

Vtx hmc_dl_DL_thi_1_0xe02d210_Obj_mesh_layer_5_vtx_1[57] = {
	{{{-4883, 19024, -6680},0, {2006, 180},{0x0, 0x0, 0x81, 0xFF}}},
	{{{-4684, 18526, -6680},0, {2340, -657},{0x0, 0x0, 0x81, 0xFF}}},
	{{{-5189, 18267, -6680},0, {1492, -1092},{0x0, 0x0, 0x81, 0xFF}}},
	{{{-4684, 18526, -6680},0, {292, -657},{0x0, 0x0, 0x81, 0xFF}}},
	{{{-4883, 19024, -6680},0, {-42, 180},{0x0, 0x0, 0x81, 0xFF}}},
	{{{-4542, 18359, -6680},0, {531, -936},{0x0, 0x0, 0x81, 0xFF}}},
	{{{-7847, 20595, -6680},0, {-926, 4868},{0x0, 0x0, 0x81, 0xFF}}},
	{{{-4883, 19024, -6680},0, {4054, 2228},{0x0, 0x0, 0x81, 0xFF}}},
	{{{-7847, 13992, -6680},0, {-926, -6224},{0x0, 0x0, 0x81, 0xFF}}},
	{{{-4883, 19024, -6680},0, {2006, -1868},{0x0, 0x0, 0x81, 0xFF}}},
	{{{-7847, 20595, -6680},0, {-2974, 772},{0x0, 0x0, 0x81, 0xFF}}},
	{{{-3555, 20595, -6680},0, {4236, 772},{0x0, 0x0, 0x81, 0xFF}}},
	{{{-7847, 13992, -6680},0, {-926, -4176},{0x0, 0x0, 0x81, 0xFF}}},
	{{{-4883, 19024, -6680},0, {4054, 4276},{0x0, 0x0, 0x81, 0xFF}}},
	{{{-5858, 16846, -6680},0, {2416, 618},{0x0, 0x0, 0x81, 0xFF}}},
	{{{-7847, 13992, -6680},0, {-2974, -2128},{0x0, 0x0, 0x81, 0xFF}}},
	{{{-5524, 16195, -6680},0, {929, 1573},{0x0, 0x0, 0x81, 0xFF}}},
	{{{-3555, 13992, -6680},0, {4236, -2128},{0x0, 0x0, 0x81, 0xFF}}},
	{{{-5524, 16195, -6680},0, {2977, 1573},{0x0, 0x0, 0x81, 0xFF}}},
	{{{-7847, 13992, -6680},0, {-926, -2128},{0x0, 0x0, 0x81, 0xFF}}},
	{{{-5858, 16846, -6680},0, {2416, 2666},{0x0, 0x0, 0x81, 0xFF}}},
	{{{-3555, 13992, -6680},0, {2188, -6224},{0x0, 0x0, 0x81, 0xFF}}},
	{{{-4017, 18629, -6680},0, {1412, 1564},{0x0, 0x0, 0x81, 0xFF}}},
	{{{-3555, 20595, -6680},0, {2188, 4868},{0x0, 0x0, 0x81, 0xFF}}},
	{{{-5344, 17110, -6680},0, {1231, -987},{0x0, 0x0, 0x81, 0xFF}}},
	{{{-5536, 17555, -6680},0, {909, -240},{0x0, 0x0, 0x81, 0xFF}}},
	{{{-5195, 16892, -6680},0, {1481, -1353},{0x0, 0x0, 0x81, 0xFF}}},
	{{{-5858, 16846, -6680},0, {368, -1430},{0x0, 0x0, 0x81, 0xFF}}},
	{{{-4883, 19024, -6680},0, {2006, 2228},{0x0, 0x0, 0x81, 0xFF}}},
	{{{-5189, 18267, -6680},0, {1492, 956},{0x0, 0x0, 0x81, 0xFF}}},
	{{{-5012, 17823, -6680},0, {1789, 211},{0x0, 0x0, 0x81, 0xFF}}},
	{{{-5012, 17823, -6680},0, {1789, 211},{0x0, 0x0, 0x81, 0xFF}}},
	{{{-5189, 18267, -6680},0, {1492, 956},{0x0, 0x0, 0x81, 0xFF}}},
	{{{-4861, 17628, -6680},0, {2043, -117},{0x0, 0x0, 0x81, 0xFF}}},
	{{{-5344, 17110, -6680},0, {1231, 1061},{0x0, 0x0, 0x81, 0xFF}}},
	{{{-5195, 16892, -6680},0, {1481, 695},{0x0, 0x0, 0x81, 0xFF}}},
	{{{-5010, 16459, -6680},0, {1792, -32},{0x0, 0x0, 0x81, 0xFF}}},
	{{{-4672, 17160, -6680},0, {2360, 1146},{0x0, 0x0, 0x81, 0xFF}}},
	{{{-5012, 17823, -6680},0, {-259, 211},{0x0, 0x0, 0x81, 0xFF}}},
	{{{-4861, 17628, -6680},0, {-5, -117},{0x0, 0x0, 0x81, 0xFF}}},
	{{{-4672, 17160, -6680},0, {312, -902},{0x0, 0x0, 0x81, 0xFF}}},
	{{{-4356, 17887, -6680},0, {842, 318},{0x0, 0x0, 0x81, 0xFF}}},
	{{{-4684, 18526, -6680},0, {292, 1391},{0x0, 0x0, 0x81, 0xFF}}},
	{{{-4542, 18359, -6680},0, {531, 1112},{0x0, 0x0, 0x81, 0xFF}}},
	{{{-4017, 18629, -6680},0, {1412, 1564},{0x0, 0x0, 0x81, 0xFF}}},
	{{{-4883, 19024, -6680},0, {-42, -1868},{0x0, 0x0, 0x81, 0xFF}}},
	{{{-3555, 20595, -6680},0, {2188, 772},{0x0, 0x0, 0x81, 0xFF}}},
	{{{-4358, 19293, -6680},0, {840, -1416},{0x0, 0x0, 0x81, 0xFF}}},
	{{{-4017, 18629, -6680},0, {1412, -2532},{0x0, 0x0, 0x81, 0xFF}}},
	{{{-3555, 13992, -6680},0, {2188, -2128},{0x0, 0x0, 0x81, 0xFF}}},
	{{{-5524, 16195, -6680},0, {-1119, 1573},{0x0, 0x0, 0x81, 0xFF}}},
	{{{-5010, 16459, -6680},0, {-256, 2016},{0x0, 0x0, 0x81, 0xFF}}},
	{{{-4672, 17160, -6680},0, {312, 3194},{0x0, 0x0, 0x81, 0xFF}}},
	{{{-3555, 13992, -6680},0, {2188, -4176},{0x0, 0x0, 0x81, 0xFF}}},
	{{{-4672, 17160, -6680},0, {312, 1146},{0x0, 0x0, 0x81, 0xFF}}},
	{{{-4356, 17887, -6680},0, {842, 2366},{0x0, 0x0, 0x81, 0xFF}}},
	{{{-4017, 18629, -6680},0, {1412, 3612},{0x0, 0x0, 0x81, 0xFF}}},
};

Gfx hmc_dl_DL_thi_1_0xe02d210_Obj_mesh_layer_5_tri_1[] = {
	gsSPVertex(hmc_dl_DL_thi_1_0xe02d210_Obj_mesh_layer_5_vtx_1 + 0, 15, 0),
	gsSP1Triangle(0, 1, 2, 0),
	gsSP1Triangle(3, 4, 5, 0),
	gsSP1Triangle(6, 7, 8, 0),
	gsSP1Triangle(9, 10, 11, 0),
	gsSP1Triangle(12, 13, 14, 0),
	gsSPVertex(hmc_dl_DL_thi_1_0xe02d210_Obj_mesh_layer_5_vtx_1 + 15, 16, 0),
	gsSP1Triangle(0, 1, 2, 0),
	gsSP1Triangle(3, 4, 5, 0),
	gsSP1Triangle(6, 7, 8, 0),
	gsSP1Triangle(9, 10, 11, 0),
	gsSP1Triangle(10, 9, 12, 0),
	gsSP1Triangle(12, 13, 10, 0),
	gsSP1Triangle(10, 13, 14, 0),
	gsSP1Triangle(14, 15, 10, 0),
	gsSPVertex(hmc_dl_DL_thi_1_0xe02d210_Obj_mesh_layer_5_vtx_1 + 31, 14, 0),
	gsSP1Triangle(0, 1, 2, 0),
	gsSP1Triangle(3, 4, 5, 0),
	gsSP1Triangle(5, 4, 6, 0),
	gsSP1Triangle(7, 8, 9, 0),
	gsSP1Triangle(9, 8, 10, 0),
	gsSP1Triangle(11, 12, 10, 0),
	gsSP1Triangle(10, 12, 13, 0),
	gsSPVertex(hmc_dl_DL_thi_1_0xe02d210_Obj_mesh_layer_5_vtx_1 + 45, 12, 0),
	gsSP1Triangle(0, 1, 2, 0),
	gsSP1Triangle(2, 1, 3, 0),
	gsSP1Triangle(4, 5, 6, 0),
	gsSP1Triangle(4, 6, 7, 0),
	gsSP1Triangle(8, 9, 10, 0),
	gsSP1Triangle(8, 10, 11, 0),
	gsSPEndDisplayList(),
};

Gfx mat_hmc_dl_SM64_DL_thi_1_0xe024db0_F3D_Mat_0_001[] = {
	gsDPPipeSync(),
	gsDPSetCombineLERP(TEXEL0, 0, SHADE, 0, 0, 0, 0, 1, TEXEL0, 0, SHADE, 0, 0, 0, 0, 1),
	gsSPTexture(65535, 65535, 0, 0, 1),
	gsDPTileSync(),
	gsDPSetTextureImage(G_IM_FMT_RGBA, G_IM_SIZ_16b_LOAD_BLOCK, 1, hmc_dl_thi_1_0xe000018_custom_rgba16_rgba16),
	gsDPSetTile(G_IM_FMT_RGBA, G_IM_SIZ_16b_LOAD_BLOCK, 0, 0, 7, 0, G_TX_WRAP | G_TX_NOMIRROR, 5, 0, G_TX_WRAP | G_TX_NOMIRROR, 5, 0),
	gsDPLoadSync(),
	gsDPLoadBlock(7, 0, 0, 1023, 256),
	gsDPPipeSync(),
	gsDPSetTile(G_IM_FMT_RGBA, G_IM_SIZ_16b, 8, 0, 0, 0, G_TX_WRAP | G_TX_NOMIRROR, 5, 0, G_TX_WRAP | G_TX_NOMIRROR, 5, 0),
	gsDPSetTileSize(0, 0, 0, 124, 124),
	gsSPSetLights1(hmc_dl_SM64_DL_thi_1_0xe024db0_F3D_Mat_0_001_lights),
	gsSPEndDisplayList(),
};

Gfx mat_hmc_dl_SM64_DL_thi_1_0xe024db0_F3D_Mat_1_001[] = {
	gsDPPipeSync(),
	gsDPSetCombineLERP(TEXEL0, 0, SHADE, 0, 0, 0, 0, 1, TEXEL0, 0, SHADE, 0, 0, 0, 0, 1),
	gsSPTexture(65535, 65535, 0, 0, 1),
	gsDPTileSync(),
	gsDPSetTextureImage(G_IM_FMT_RGBA, G_IM_SIZ_16b_LOAD_BLOCK, 1, hmc_dl_thi_1_0xe000820_custom_rgba16_rgba16),
	gsDPSetTile(G_IM_FMT_RGBA, G_IM_SIZ_16b_LOAD_BLOCK, 0, 0, 7, 0, G_TX_WRAP | G_TX_NOMIRROR, 5, 0, G_TX_WRAP | G_TX_NOMIRROR, 5, 0),
	gsDPLoadSync(),
	gsDPLoadBlock(7, 0, 0, 1023, 256),
	gsDPPipeSync(),
	gsDPSetTile(G_IM_FMT_RGBA, G_IM_SIZ_16b, 8, 0, 0, 0, G_TX_WRAP | G_TX_NOMIRROR, 5, 0, G_TX_WRAP | G_TX_NOMIRROR, 5, 0),
	gsDPSetTileSize(0, 0, 0, 124, 124),
	gsSPSetLights1(hmc_dl_SM64_DL_thi_1_0xe024db0_F3D_Mat_1_001_lights),
	gsSPEndDisplayList(),
};

Gfx mat_hmc_dl_SM64_DL_thi_1_0xe024db0_F3D_Mat_2_001[] = {
	gsDPPipeSync(),
	gsDPSetCombineLERP(TEXEL0, 0, SHADE, 0, 0, 0, 0, 1, TEXEL0, 0, SHADE, 0, 0, 0, 0, 1),
	gsSPTexture(65535, 65535, 0, 0, 1),
	gsDPTileSync(),
	gsDPSetTextureImage(G_IM_FMT_RGBA, G_IM_SIZ_16b_LOAD_BLOCK, 1, hmc_dl_thi_1_0xe001020_custom_rgba16_rgba16),
	gsDPSetTile(G_IM_FMT_RGBA, G_IM_SIZ_16b_LOAD_BLOCK, 0, 0, 7, 0, G_TX_WRAP | G_TX_NOMIRROR, 5, 0, G_TX_WRAP | G_TX_NOMIRROR, 6, 0),
	gsDPLoadSync(),
	gsDPLoadBlock(7, 0, 0, 2047, 128),
	gsDPPipeSync(),
	gsDPSetTile(G_IM_FMT_RGBA, G_IM_SIZ_16b, 16, 0, 0, 0, G_TX_WRAP | G_TX_NOMIRROR, 5, 0, G_TX_WRAP | G_TX_NOMIRROR, 6, 0),
	gsDPSetTileSize(0, 0, 0, 252, 124),
	gsSPSetLights1(hmc_dl_SM64_DL_thi_1_0xe024db0_F3D_Mat_2_001_lights),
	gsSPEndDisplayList(),
};

Gfx mat_hmc_dl_SM64_DL_thi_1_0xe024db0_F3D_Mat_3_001[] = {
	gsDPPipeSync(),
	gsDPSetCombineLERP(TEXEL0, 0, SHADE, 0, 0, 0, 0, 1, TEXEL0, 0, SHADE, 0, 0, 0, 0, 1),
	gsSPTexture(65535, 65535, 0, 0, 1),
	gsDPTileSync(),
	gsDPSetTextureImage(G_IM_FMT_RGBA, G_IM_SIZ_16b_LOAD_BLOCK, 1, hmc_dl_thi_1_0xe002020_custom_rgba16_rgba16),
	gsDPSetTile(G_IM_FMT_RGBA, G_IM_SIZ_16b_LOAD_BLOCK, 0, 0, 7, 0, G_TX_WRAP | G_TX_NOMIRROR, 5, 0, G_TX_WRAP | G_TX_NOMIRROR, 5, 0),
	gsDPLoadSync(),
	gsDPLoadBlock(7, 0, 0, 1023, 256),
	gsDPPipeSync(),
	gsDPSetTile(G_IM_FMT_RGBA, G_IM_SIZ_16b, 8, 0, 0, 0, G_TX_WRAP | G_TX_NOMIRROR, 5, 0, G_TX_WRAP | G_TX_NOMIRROR, 5, 0),
	gsDPSetTileSize(0, 0, 0, 124, 124),
	gsSPSetLights1(hmc_dl_SM64_DL_thi_1_0xe024db0_F3D_Mat_3_001_lights),
	gsSPEndDisplayList(),
};

Gfx mat_hmc_dl_SM64_DL_thi_1_0xe024db0_F3D_Mat_4_001[] = {
	gsDPPipeSync(),
	gsDPSetCombineLERP(TEXEL0, 0, SHADE, 0, 0, 0, 0, 1, TEXEL0, 0, SHADE, 0, 0, 0, 0, 1),
	gsSPTexture(65535, 65535, 0, 0, 1),
	gsDPTileSync(),
	gsDPSetTextureImage(G_IM_FMT_RGBA, G_IM_SIZ_16b_LOAD_BLOCK, 1, hmc_dl_thi_1_0xe002820_custom_rgba16_rgba16),
	gsDPSetTile(G_IM_FMT_RGBA, G_IM_SIZ_16b_LOAD_BLOCK, 0, 0, 7, 0, G_TX_WRAP | G_TX_NOMIRROR, 5, 0, G_TX_WRAP | G_TX_NOMIRROR, 5, 0),
	gsDPLoadSync(),
	gsDPLoadBlock(7, 0, 0, 1023, 256),
	gsDPPipeSync(),
	gsDPSetTile(G_IM_FMT_RGBA, G_IM_SIZ_16b, 8, 0, 0, 0, G_TX_WRAP | G_TX_NOMIRROR, 5, 0, G_TX_WRAP | G_TX_NOMIRROR, 5, 0),
	gsDPSetTileSize(0, 0, 0, 124, 124),
	gsSPSetLights1(hmc_dl_SM64_DL_thi_1_0xe024db0_F3D_Mat_4_001_lights),
	gsSPEndDisplayList(),
};

Gfx mat_hmc_dl_SM64_DL_thi_1_0xe024db0_F3D_Mat_5_001[] = {
	gsDPPipeSync(),
	gsDPSetCombineLERP(TEXEL0, 0, SHADE, 0, 0, 0, 0, 1, TEXEL0, 0, SHADE, 0, 0, 0, 0, 1),
	gsSPTexture(65535, 65535, 0, 0, 1),
	gsDPTileSync(),
	gsDPSetTextureImage(G_IM_FMT_RGBA, G_IM_SIZ_16b_LOAD_BLOCK, 1, hmc_dl_thi_1_0xe003020_custom_rgba16_rgba16),
	gsDPSetTile(G_IM_FMT_RGBA, G_IM_SIZ_16b_LOAD_BLOCK, 0, 0, 7, 0, G_TX_WRAP | G_TX_NOMIRROR, 5, 0, G_TX_WRAP | G_TX_NOMIRROR, 5, 0),
	gsDPLoadSync(),
	gsDPLoadBlock(7, 0, 0, 1023, 256),
	gsDPPipeSync(),
	gsDPSetTile(G_IM_FMT_RGBA, G_IM_SIZ_16b, 8, 0, 0, 0, G_TX_WRAP | G_TX_NOMIRROR, 5, 0, G_TX_WRAP | G_TX_NOMIRROR, 5, 0),
	gsDPSetTileSize(0, 0, 0, 124, 124),
	gsSPSetLights1(hmc_dl_SM64_DL_thi_1_0xe024db0_F3D_Mat_5_001_lights),
	gsSPEndDisplayList(),
};

Gfx mat_hmc_dl_SM64_DL_thi_1_0xe024db0_F3D_Mat_6_001[] = {
	gsDPPipeSync(),
	gsDPSetCombineLERP(TEXEL0, 0, SHADE, 0, 0, 0, 0, 1, TEXEL0, 0, SHADE, 0, 0, 0, 0, 1),
	gsSPTexture(65535, 65535, 0, 0, 1),
	gsDPTileSync(),
	gsDPSetTextureImage(G_IM_FMT_RGBA, G_IM_SIZ_16b_LOAD_BLOCK, 1, hmc_dl_thi_1_0xe003820_custom_rgba16_rgba16),
	gsDPSetTile(G_IM_FMT_RGBA, G_IM_SIZ_16b_LOAD_BLOCK, 0, 0, 7, 0, G_TX_WRAP | G_TX_NOMIRROR, 5, 0, G_TX_WRAP | G_TX_NOMIRROR, 5, 0),
	gsDPLoadSync(),
	gsDPLoadBlock(7, 0, 0, 1023, 256),
	gsDPPipeSync(),
	gsDPSetTile(G_IM_FMT_RGBA, G_IM_SIZ_16b, 8, 0, 0, 0, G_TX_WRAP | G_TX_NOMIRROR, 5, 0, G_TX_WRAP | G_TX_NOMIRROR, 5, 0),
	gsDPSetTileSize(0, 0, 0, 124, 124),
	gsSPSetLights1(hmc_dl_SM64_DL_thi_1_0xe024db0_F3D_Mat_6_001_lights),
	gsSPEndDisplayList(),
};

Gfx mat_hmc_dl_SM64_DL_thi_1_0xe024db0_F3D_Mat_7_001[] = {
	gsDPPipeSync(),
	gsDPSetCombineLERP(TEXEL0, 0, SHADE, 0, 0, 0, 0, 1, TEXEL0, 0, SHADE, 0, 0, 0, 0, 1),
	gsSPTexture(65535, 65535, 0, 0, 1),
	gsDPTileSync(),
	gsDPSetTextureImage(G_IM_FMT_RGBA, G_IM_SIZ_16b_LOAD_BLOCK, 1, hmc_dl_thi_1_0xe004820_custom_rgba16_rgba16),
	gsDPSetTile(G_IM_FMT_RGBA, G_IM_SIZ_16b_LOAD_BLOCK, 0, 0, 7, 0, G_TX_WRAP | G_TX_NOMIRROR, 5, 0, G_TX_WRAP | G_TX_NOMIRROR, 5, 0),
	gsDPLoadSync(),
	gsDPLoadBlock(7, 0, 0, 1023, 256),
	gsDPPipeSync(),
	gsDPSetTile(G_IM_FMT_RGBA, G_IM_SIZ_16b, 8, 0, 0, 0, G_TX_WRAP | G_TX_NOMIRROR, 5, 0, G_TX_WRAP | G_TX_NOMIRROR, 5, 0),
	gsDPSetTileSize(0, 0, 0, 124, 124),
	gsSPSetLights1(hmc_dl_SM64_DL_thi_1_0xe024db0_F3D_Mat_7_001_lights),
	gsSPEndDisplayList(),
};

Gfx mat_hmc_dl_SM64_DL_thi_1_0xe024db0_F3D_Mat_8_001[] = {
	gsDPPipeSync(),
	gsDPSetCombineLERP(TEXEL0, 0, SHADE, 0, 0, 0, 0, 1, TEXEL0, 0, SHADE, 0, 0, 0, 0, 1),
	gsSPTexture(65535, 65535, 0, 0, 1),
	gsDPTileSync(),
	gsDPSetTextureImage(G_IM_FMT_RGBA, G_IM_SIZ_16b_LOAD_BLOCK, 1, hmc_dl_thi_1_0xe005020_custom_rgba16_rgba16),
	gsDPSetTile(G_IM_FMT_RGBA, G_IM_SIZ_16b_LOAD_BLOCK, 0, 0, 7, 0, G_TX_WRAP | G_TX_NOMIRROR, 5, 0, G_TX_WRAP | G_TX_NOMIRROR, 5, 0),
	gsDPLoadSync(),
	gsDPLoadBlock(7, 0, 0, 1023, 256),
	gsDPPipeSync(),
	gsDPSetTile(G_IM_FMT_RGBA, G_IM_SIZ_16b, 8, 0, 0, 0, G_TX_WRAP | G_TX_NOMIRROR, 5, 0, G_TX_WRAP | G_TX_NOMIRROR, 5, 0),
	gsDPSetTileSize(0, 0, 0, 124, 124),
	gsSPSetLights1(hmc_dl_SM64_DL_thi_1_0xe024db0_F3D_Mat_8_001_lights),
	gsSPEndDisplayList(),
};

Gfx mat_hmc_dl_SM64_DL_thi_1_0xe02d210_F3D_Mat_0_001[] = {
	gsDPPipeSync(),
	gsDPSetCombineLERP(TEXEL0, 0, SHADE, 0, TEXEL0, 0, SHADE, 0, TEXEL0, 0, SHADE, 0, TEXEL0, 0, SHADE, 0),
	gsSPTexture(65535, 65535, 0, 0, 1),
	gsDPTileSync(),
	gsDPSetTextureImage(G_IM_FMT_RGBA, G_IM_SIZ_16b_LOAD_BLOCK, 1, hmc_dl_thi_1_0xe004020_custom_rgba16_rgba16),
	gsDPSetTile(G_IM_FMT_RGBA, G_IM_SIZ_16b_LOAD_BLOCK, 0, 0, 7, 0, G_TX_WRAP | G_TX_NOMIRROR, 5, 0, G_TX_WRAP | G_TX_NOMIRROR, 5, 0),
	gsDPLoadSync(),
	gsDPLoadBlock(7, 0, 0, 1023, 256),
	gsDPPipeSync(),
	gsDPSetTile(G_IM_FMT_RGBA, G_IM_SIZ_16b, 8, 0, 0, 0, G_TX_WRAP | G_TX_NOMIRROR, 5, 0, G_TX_WRAP | G_TX_NOMIRROR, 5, 0),
	gsDPSetTileSize(0, 0, 0, 124, 124),
	gsSPSetLights1(hmc_dl_SM64_DL_thi_1_0xe02d210_F3D_Mat_0_001_lights),
	gsSPEndDisplayList(),
};

Gfx mat_hmc_dl_SM64_DL_thi_1_0xe02d210_F3D_Mat_1_001[] = {
	gsDPPipeSync(),
	gsDPSetCombineLERP(TEXEL0, 0, SHADE, 0, TEXEL0, 0, ENVIRONMENT, 0, TEXEL0, 0, SHADE, 0, TEXEL0, 0, ENVIRONMENT, 0),
	gsSPTexture(65535, 65535, 0, 0, 1),
	gsDPTileSync(),
	gsDPSetTextureImage(G_IM_FMT_RGBA, G_IM_SIZ_16b_LOAD_BLOCK, 1, hmc_dl_thi_1_0xe005820_custom_rgba16_rgba16),
	gsDPSetTile(G_IM_FMT_RGBA, G_IM_SIZ_16b_LOAD_BLOCK, 0, 0, 7, 0, G_TX_WRAP | G_TX_NOMIRROR, 5, 0, G_TX_WRAP | G_TX_NOMIRROR, 5, 0),
	gsDPLoadSync(),
	gsDPLoadBlock(7, 0, 0, 1023, 256),
	gsDPPipeSync(),
	gsDPSetTile(G_IM_FMT_RGBA, G_IM_SIZ_16b, 8, 0, 0, 0, G_TX_WRAP | G_TX_NOMIRROR, 5, 0, G_TX_WRAP | G_TX_NOMIRROR, 5, 0),
	gsDPSetTileSize(0, 0, 0, 124, 124),
	gsSPSetLights1(hmc_dl_SM64_DL_thi_1_0xe02d210_F3D_Mat_1_001_lights),
	gsSPEndDisplayList(),
};

Gfx hmc_dl_DL_thi_1_0xe024db0_Obj_mesh_layer_1[] = {
	gsSPDisplayList(mat_hmc_dl_SM64_DL_thi_1_0xe024db0_F3D_Mat_0_001),
	gsSPDisplayList(hmc_dl_DL_thi_1_0xe024db0_Obj_mesh_layer_1_tri_0),
	gsSPDisplayList(mat_hmc_dl_SM64_DL_thi_1_0xe024db0_F3D_Mat_1_001),
	gsSPDisplayList(hmc_dl_DL_thi_1_0xe024db0_Obj_mesh_layer_1_tri_1),
	gsSPDisplayList(mat_hmc_dl_SM64_DL_thi_1_0xe024db0_F3D_Mat_2_001),
	gsSPDisplayList(hmc_dl_DL_thi_1_0xe024db0_Obj_mesh_layer_1_tri_2),
	gsSPDisplayList(mat_hmc_dl_SM64_DL_thi_1_0xe024db0_F3D_Mat_3_001),
	gsSPDisplayList(hmc_dl_DL_thi_1_0xe024db0_Obj_mesh_layer_1_tri_3),
	gsSPDisplayList(mat_hmc_dl_SM64_DL_thi_1_0xe024db0_F3D_Mat_4_001),
	gsSPDisplayList(hmc_dl_DL_thi_1_0xe024db0_Obj_mesh_layer_1_tri_4),
	gsSPDisplayList(mat_hmc_dl_SM64_DL_thi_1_0xe024db0_F3D_Mat_5_001),
	gsSPDisplayList(hmc_dl_DL_thi_1_0xe024db0_Obj_mesh_layer_1_tri_5),
	gsSPDisplayList(mat_hmc_dl_SM64_DL_thi_1_0xe024db0_F3D_Mat_6_001),
	gsSPDisplayList(hmc_dl_DL_thi_1_0xe024db0_Obj_mesh_layer_1_tri_6),
	gsSPDisplayList(mat_hmc_dl_SM64_DL_thi_1_0xe024db0_F3D_Mat_7_001),
	gsSPDisplayList(hmc_dl_DL_thi_1_0xe024db0_Obj_mesh_layer_1_tri_7),
	gsSPDisplayList(mat_hmc_dl_SM64_DL_thi_1_0xe024db0_F3D_Mat_8_001),
	gsSPDisplayList(hmc_dl_DL_thi_1_0xe024db0_Obj_mesh_layer_1_tri_8),
	gsSPEndDisplayList(),
};

Gfx hmc_dl_DL_thi_1_0xe02d210_Obj_mesh_layer_5[] = {
	gsSPDisplayList(mat_hmc_dl_SM64_DL_thi_1_0xe02d210_F3D_Mat_0_001),
	gsSPDisplayList(hmc_dl_DL_thi_1_0xe02d210_Obj_mesh_layer_5_tri_0),
	gsSPDisplayList(mat_hmc_dl_SM64_DL_thi_1_0xe02d210_F3D_Mat_1_001),
	gsSPDisplayList(hmc_dl_DL_thi_1_0xe02d210_Obj_mesh_layer_5_tri_1),
	gsSPEndDisplayList(),
};

Gfx hmc_dl_material_revert_render_settings[] = {
	gsDPPipeSync(),
	gsSPSetGeometryMode(G_LIGHTING),
	gsSPClearGeometryMode(G_TEXTURE_GEN),
	gsDPSetCombineLERP(0, 0, 0, SHADE, 0, 0, 0, ENVIRONMENT, 0, 0, 0, SHADE, 0, 0, 0, ENVIRONMENT),
	gsSPTexture(65535, 65535, 0, 0, 0),
	gsDPSetEnvColor(255, 255, 255, 255),
	gsDPSetAlphaCompare(G_AC_NONE),
	gsSPEndDisplayList(),
};

