Lights1 wf_dl_space_siding_lights = gdSPDefLights1(
	0x7F, 0x7F, 0x7F,
	0xFE, 0xFE, 0xFE, 0x28, 0x28, 0x28);

Lights1 wf_dl_rocky_tile_lights = gdSPDefLights1(
	0x7F, 0x7F, 0x7F,
	0xFE, 0xFE, 0xFE, 0x28, 0x28, 0x28);

Lights1 wf_dl_space_rock_lights = gdSPDefLights1(
	0x7F, 0x7F, 0x7F,
	0xFE, 0xFE, 0xFE, 0x28, 0x28, 0x28);

Lights1 wf_dl_water_space_rock_lights = gdSPDefLights1(
	0x7F, 0x7F, 0x7F,
	0xFE, 0xFE, 0xFE, 0x28, 0x28, 0x28);

Lights1 wf_dl_slippery_rock_lights = gdSPDefLights1(
	0x7F, 0x7F, 0x7F,
	0xFE, 0xFE, 0xFE, 0x28, 0x28, 0x28);

Lights1 wf_dl_arena_tile_lights = gdSPDefLights1(
	0x7F, 0x7F, 0x7F,
	0xFE, 0xFE, 0xFE, 0x28, 0x28, 0x28);

Lights1 wf_dl_scroll_lights = gdSPDefLights1(
	0x7F, 0x7F, 0x7F,
	0xFE, 0xFE, 0xFE, 0x28, 0x28, 0x28);

Lights1 wf_dl_star_pattern_lights = gdSPDefLights1(
	0x7F, 0x7F, 0x7F,
	0xFE, 0xFE, 0xFE, 0x28, 0x28, 0x28);

Lights1 wf_dl_water_layer5_lights = gdSPDefLights1(
	0x7F, 0x7F, 0x7F,
	0xFE, 0xFE, 0xFE, 0x28, 0x28, 0x28);

Gfx wf_dl__4200wn_2d_wall13_ci4_aligner[] = {gsSPEndDisplayList()};
u8 wf_dl__4200wn_2d_wall13_ci4[] = {
	0x01, 0x11, 0x21, 0x00, 0x03, 0x30, 0x00, 0x00, 
	0x00, 0x00, 0x03, 0x33, 0x00, 0x00, 0x00, 0x00, 
	0x01, 0x10, 0x00, 0x00, 0x00, 0x33, 0x31, 0x00, 
	0x33, 0x03, 0x33, 0x30, 0x33, 0x00, 0x30, 0x00, 
	0x03, 0x00, 0x00, 0x00, 0x00, 0x00, 0x00, 0x03, 
	0x30, 0x03, 0x30, 0x00, 0x03, 0x03, 0x00, 0x03, 
	0x00, 0x00, 0x00, 0x33, 0x33, 0x30, 0x03, 0x33, 
	0x00, 0x03, 0x33, 0x30, 0x33, 0x33, 0x33, 0x33, 
	0x12, 0x22, 0x21, 0x00, 0x00, 0x00, 0x00, 0x00, 
	0x00, 0x00, 0x00, 0x00, 0x00, 0x01, 0x10, 0x10, 
	0x11, 0x11, 0x00, 0x00, 0x00, 0x33, 0x40, 0x10, 
	0x00, 0x00, 0x00, 0x00, 0x00, 0x00, 0x00, 0x00, 
	0x00, 0x00, 0x00, 0x01, 0x11, 0x00, 0x10, 0x00, 
	0x00, 0x03, 0x00, 0x01, 0x33, 0x00, 0x00, 0x00, 
	0x01, 0x00, 0x00, 0x03, 0x00, 0x00, 0x00, 0x00, 
	0x00, 0x00, 0x03, 0x30, 0x00, 0x33, 0x03, 0x33, 
	0x22, 0x22, 0x21, 0x11, 0x11, 0x11, 0x10, 0x11, 
	0x00, 0x00, 0x11, 0x00, 0x01, 0x11, 0x11, 0x11, 
	0x11, 0x11, 0x11, 0x00, 0x00, 0x03, 0x33, 0x01, 
	0x00, 0x00, 0x10, 0x00, 0x00, 0x00, 0x01, 0x11, 
	0x11, 0x00, 0x10, 0x11, 0x11, 0x10, 0x01, 0x01, 
	0x10, 0x00, 0x00, 0x11, 0x30, 0x00, 0x00, 0x00, 
	0x01, 0x10, 0x01, 0x00, 0x00, 0x00, 0x00, 0x00, 
	0x00, 0x00, 0x00, 0x00, 0x01, 0x00, 0x00, 0x00, 
	0x12, 0x22, 0x01, 0x11, 0x01, 0x00, 0x10, 0x00, 
	0x00, 0x30, 0x00, 0x00, 0x01, 0x00, 0x01, 0x11, 
	0x00, 0x11, 0x11, 0x00, 0x00, 0x00, 0x03, 0x00, 
	0x00, 0x01, 0x00, 0x00, 0x00, 0x00, 0x00, 0x00, 
	0x00, 0x00, 0x03, 0x00, 0x01, 0x00, 0x00, 0x01, 
	0x03, 0x30, 0x00, 0x00, 0x30, 0x00, 0x00, 0x00, 
	0x00, 0x00, 0x00, 0x03, 0x00, 0x00, 0x33, 0x33, 
	0x00, 0x00, 0x00, 0x00, 0x00, 0x03, 0x30, 0x00, 
	0x55, 0x55, 0x55, 0x55, 0x55, 0x55, 0x55, 0x55, 
	0x55, 0x55, 0x55, 0x55, 0x55, 0x56, 0x66, 0x66, 
	0x66, 0x66, 0x66, 0x66, 0x66, 0x66, 0x66, 0x66, 
	0x66, 0x66, 0x66, 0x66, 0x66, 0x66, 0x66, 0x66, 
	0x66, 0x66, 0x66, 0x66, 0x66, 0x66, 0x66, 0x66, 
	0x66, 0x66, 0x66, 0x66, 0x66, 0x66, 0x66, 0x66, 
	0x66, 0x66, 0x66, 0x66, 0x66, 0x66, 0x66, 0x66, 
	0x66, 0x66, 0x66, 0x66, 0x66, 0x66, 0x66, 0x66, 
	0x77, 0x77, 0x77, 0x77, 0x77, 0x77, 0x77, 0x77, 
	0x77, 0x77, 0x77, 0x77, 0x77, 0x77, 0x77, 0x77, 
	0x77, 0x77, 0x77, 0x77, 0x77, 0x77, 0x77, 0x77, 
	0x77, 0x77, 0x77, 0x77, 0x77, 0x77, 0x77, 0x77, 
	0x77, 0x77, 0x77, 0x77, 0x77, 0x77, 0x77, 0x77, 
	0x77, 0x77, 0x77, 0x77, 0x77, 0x77, 0x77, 0x77, 
	0x77, 0x77, 0x77, 0x77, 0x77, 0x77, 0x77, 0x77, 
	0x77, 0x77, 0x77, 0x77, 0x77, 0x77, 0x77, 0x77, 
	0x88, 0x88, 0x88, 0x88, 0x88, 0x88, 0x88, 0x88, 
	0x88, 0x88, 0x88, 0x88, 0x88, 0x88, 0x88, 0x88, 
	0x88, 0x88, 0x88, 0x88, 0x88, 0x88, 0x88, 0x88, 
	0x88, 0x88, 0x88, 0x88, 0x88, 0x88, 0x88, 0x88, 
	0x88, 0x88, 0x88, 0x88, 0x88, 0x88, 0x88, 0x88, 
	0x88, 0x88, 0x88, 0x88, 0x88, 0x88, 0x88, 0x88, 
	0x88, 0x88, 0x88, 0x88, 0x88, 0x88, 0x88, 0x88, 
	0x88, 0x88, 0x88, 0x88, 0x88, 0x88, 0x88, 0x88, 
	0x11, 0x11, 0x11, 0x11, 0x11, 0x11, 0x11, 0x11, 
	0x11, 0x11, 0x11, 0x11, 0x11, 0x11, 0x11, 0x11, 
	0x11, 0x11, 0x11, 0x11, 0x11, 0x11, 0x11, 0x11, 
	0x11, 0x11, 0x11, 0x11, 0x11, 0x11, 0x11, 0x11, 
	0x11, 0x11, 0x11, 0x11, 0x11, 0x11, 0x11, 0x11, 
	0x11, 0x11, 0x11, 0x11, 0x11, 0x11, 0x11, 0x11, 
	0x11, 0x11, 0x11, 0x11, 0x11, 0x11, 0x11, 0x11, 
	0x11, 0x11, 0x11, 0x11, 0x11, 0x11, 0x11, 0x11, 
	0x11, 0x11, 0x11, 0x11, 0x11, 0x11, 0x11, 0x11, 
	0x11, 0x11, 0x11, 0x11, 0x11, 0x11, 0x11, 0x11, 
	0x11, 0x11, 0x11, 0x11, 0x11, 0x11, 0x11, 0x11, 
	0x11, 0x11, 0x11, 0x11, 0x11, 0x11, 0x11, 0x11, 
	0x11, 0x11, 0x11, 0x11, 0x11, 0x11, 0x11, 0x11, 
	0x11, 0x11, 0x11, 0x11, 0x11, 0x11, 0x11, 0x11, 
	0x11, 0x11, 0x11, 0x11, 0x11, 0x11, 0x11, 0x11, 
	0x11, 0x11, 0x11, 0x11, 0x11, 0x11, 0x11, 0x11, 
	0x33, 0x33, 0x33, 0x33, 0x33, 0x33, 0x01, 0x11, 
	0x30, 0x29, 0x99, 0x99, 0x99, 0x99, 0x99, 0x99, 
	0x99, 0x99, 0x99, 0x99, 0x99, 0x99, 0x99, 0x99, 
	0x99, 0x99, 0x99, 0x99, 0x99, 0x99, 0x99, 0x99, 
	0x99, 0x99, 0x99, 0x99, 0x99, 0x99, 0x99, 0x99, 
	0x99, 0x99, 0x99, 0x99, 0x99, 0x99, 0x99, 0x99, 
	0x99, 0x99, 0x99, 0x99, 0x99, 0x99, 0x99, 0x99, 
	0x99, 0x99, 0x99, 0x99, 0x99, 0x99, 0x99, 0x99, 
	0x77, 0x77, 0x77, 0x77, 0x77, 0x30, 0x00, 0x11, 
	0x45, 0xab, 0xcd, 0xdd, 0xdd, 0xdd, 0xdd, 0xdd, 
	0xdd, 0xdd, 0xdd, 0xdd, 0xdd, 0xdd, 0xdd, 0xdd, 
	0xdd, 0xdd, 0xdd, 0xdd, 0xdd, 0x88, 0x99, 0x99, 
	0x8d, 0xdd, 0xdd, 0xdd, 0xdd, 0xdd, 0xdd, 0xdd, 
	0xdd, 0xdd, 0xdd, 0xdd, 0xdd, 0xdd, 0xdd, 0xdd, 
	0xdd, 0xdd, 0xdd, 0xdd, 0xdd, 0xdd, 0xdd, 0xd9, 
	0x99, 0x99, 0x99, 0x99, 0x99, 0x99, 0x99, 0x99, 
	0x22, 0x22, 0x22, 0x22, 0x27, 0x40, 0x00, 0x10, 
	0x59, 0x99, 0x88, 0x88, 0x88, 0x88, 0x88, 0x88, 
	0x88, 0x88, 0x88, 0x88, 0x88, 0x88, 0x88, 0x88, 
	0x88, 0x88, 0x88, 0x88, 0x8d, 0xd9, 0x99, 0x98, 
	0xdd, 0x88, 0x88, 0x88, 0x88, 0x88, 0x88, 0x88, 
	0x88, 0x88, 0x88, 0x88, 0x88, 0x88, 0x88, 0x88, 
	0x88, 0x88, 0x88, 0x88, 0x88, 0x88, 0x88, 0x88, 
	0x88, 0xac, 0xdd, 0xdd, 0xdd, 0xdd, 0xdd, 0xdd, 
	0x33, 0x34, 0x44, 0x42, 0x73, 0x30, 0x01, 0x34, 
	0x99, 0x8e, 0xee, 0xee, 0xee, 0xee, 0xee, 0xee, 
	0xee, 0xee, 0xee, 0xee, 0xee, 0xee, 0xee, 0xee, 
	0xee, 0xee, 0xee, 0xee, 0xee, 0xdd, 0x99, 0x9d, 
	0xde, 0xee, 0xee, 0xee, 0xee, 0xee, 0xee, 0xee, 
	0xee, 0xee, 0xee, 0xee, 0xee, 0xee, 0xee, 0xee, 
	0xee, 0xee, 0xee, 0xee, 0xee, 0xee, 0xee, 0xee, 
	0xeb, 0xdd, 0xdd, 0xdd, 0xdd, 0xdd, 0xdd, 0xdd, 
	0x44, 0x45, 0x54, 0x02, 0x33, 0x00, 0x03, 0x49, 
	0xab, 0xbb, 0xcc, 0xcc, 0xcc, 0xcc, 0xcc, 0xcc, 
	0xcc, 0xcc, 0xcc, 0xcc, 0xcc, 0xcc, 0xcc, 0xcc, 
	0xcc, 0xdd, 0xdd, 0xdd, 0xda, 0xed, 0x99, 0x9d, 
	0xef, 0xcc, 0xcc, 0xcc, 0xcc, 0xcc, 0xcc, 0xcc, 
	0xcc, 0xcc, 0xcc, 0xcc, 0xcc, 0xcc, 0xcc, 0xcc, 
	0xcc, 0xcc, 0xcc, 0xcc, 0xcc, 0xcc, 0xcc, 0xcc, 
	0xcd, 0xdd, 0xca, 0xaa, 0xaa, 0xaa, 0xaa, 0xaa, 
	0x44, 0x44, 0x40, 0x20, 0x40, 0x00, 0x33, 0x9a, 
	0xbb, 0xcd, 0xdd, 0xdd, 0xdd, 0xdd, 0xdd, 0xdd, 
	0xdd, 0xdd, 0xdd, 0xdd, 0xdd, 0xdd, 0xdd, 0xdd, 
	0xdd, 0xdd, 0xdd, 0xdd, 0xdc, 0xa9, 0x99, 0x9e, 
	0xbc, 0xdd, 0xdd, 0xdd, 0xdd, 0xdd, 0xdd, 0xdd, 
	0xdd, 0xdd, 0xdd, 0xdd, 0xdd, 0xdd, 0xdd, 0xdd, 
	0xdd, 0xdd, 0xdd, 0xdd, 0xdd, 0xdd, 0xdd, 0xdd, 
	0xdd, 0xdd, 0xae, 0xee, 0xee, 0xee, 0xee, 0xee, 
	0x44, 0x45, 0x37, 0x04, 0x31, 0x20, 0x52, 0x9a, 
	0xaf, 0xff, 0xff, 0xff, 0xff, 0xff, 0xff, 0xff, 
	0xff, 0xff, 0xff, 0xff, 0xff, 0xff, 0xff, 0xff, 
	0xff, 0xff, 0xff, 0xfb, 0xdd, 0xdc, 0xcc, 0xcd, 
	0xdd, 0xdb, 0xff, 0xff, 0xff, 0xff, 0xff, 0xff, 
	0xff, 0xff, 0xff, 0xff, 0xff, 0xff, 0xff, 0xff, 
	0xff, 0xff, 0xff, 0xff, 0xff, 0xff, 0xff, 0xff, 
	0xff, 0xff, 0xee, 0xee, 0xee, 0xee, 0xee, 0xee, 
	0x44, 0x45, 0x37, 0x04, 0x31, 0x20, 0x52, 0x99, 
	0x88, 0x8e, 0xee, 0xee, 0xee, 0xee, 0xee, 0xee, 
	0xee, 0xee, 0xee, 0xee, 0xee, 0xee, 0xee, 0xee, 
	0xee, 0xee, 0xee, 0xee, 0xfd, 0xdd, 0xdd, 0xdd, 
	0xdd, 0xcf, 0xee, 0xee, 0xee, 0xee, 0xee, 0xee, 
	0xee, 0xee, 0xee, 0xee, 0xee, 0xee, 0xee, 0xee, 
	0xee, 0xee, 0xee, 0xee, 0xee, 0xee, 0xee, 0xee, 
	0xee, 0xee, 0xee, 0xee, 0xee, 0xee, 0xee, 0xee, 
	0x44, 0x45, 0x37, 0x04, 0x31, 0x20, 0x52, 0x9a, 
	0xaf, 0xff, 0xff, 0xff, 0xff, 0xff, 0xff, 0xff, 
	0xff, 0xff, 0xff, 0xff, 0xff, 0xff, 0xff, 0xff, 
	0xff, 0xff, 0xff, 0xfb, 0xdd, 0xdc, 0xcc, 0xcd, 
	0xdd, 0xdb, 0xff, 0xff, 0xff, 0xff, 0xff, 0xff, 
	0xff, 0xff, 0xff, 0xff, 0xff, 0xff, 0xff, 0xff, 
	0xff, 0xff, 0xff, 0xff, 0xff, 0xff, 0xff, 0xff, 
	0xff, 0xff, 0xee, 0xee, 0xee, 0xee, 0xee, 0xee, 
	0x44, 0x44, 0x40, 0x20, 0x40, 0x00, 0x33, 0x9a, 
	0xbb, 0xcd, 0xdd, 0xdd, 0xdd, 0xdd, 0xdd, 0xdd, 
	0xdd, 0xdd, 0xdd, 0xdd, 0xdd, 0xdd, 0xdd, 0xdd, 
	0xdd, 0xdd, 0xdd, 0xdd, 0xdc, 0xa9, 0x99, 0x9e, 
	0xbc, 0xdd, 0xdd, 0xdd, 0xdd, 0xdd, 0xdd, 0xdd, 
	0xdd, 0xdd, 0xdd, 0xdd, 0xdd, 0xdd, 0xdd, 0xdd, 
	0xdd, 0xdd, 0xdd, 0xdd, 0xdd, 0xdd, 0xdd, 0xdd, 
	0xdd, 0xdd, 0xae, 0xee, 0xee, 0xee, 0xee, 0xee, 
	0x44, 0x45, 0x54, 0x02, 0x33, 0x00, 0x03, 0x49, 
	0xab, 0xbb, 0xcc, 0xcc, 0xcc, 0xcc, 0xcc, 0xcc, 
	0xcc, 0xcc, 0xcc, 0xcc, 0xcc, 0xcc, 0xcc, 0xcc, 
	0xcc, 0xdd, 0xdd, 0xdd, 0xda, 0xed, 0x99, 0x9d, 
	0xef, 0xcc, 0xcc, 0xcc, 0xcc, 0xcc, 0xcc, 0xcc, 
	0xcc, 0xcc, 0xcc, 0xcc, 0xcc, 0xcc, 0xcc, 0xcc, 
	0xcc, 0xcc, 0xcc, 0xcc, 0xcc, 0xcc, 0xcc, 0xcc, 
	0xcd, 0xdd, 0xca, 0xaa, 0xaa, 0xaa, 0xaa, 0xaa, 
	0x33, 0x34, 0x44, 0x42, 0x73, 0x30, 0x01, 0x34, 
	0x99, 0x8e, 0xee, 0xee, 0xee, 0xee, 0xee, 0xee, 
	0xee, 0xee, 0xee, 0xee, 0xee, 0xee, 0xee, 0xee, 
	0xee, 0xee, 0xee, 0xee, 0xee, 0xdd, 0x99, 0x9d, 
	0xde, 0xee, 0xee, 0xee, 0xee, 0xee, 0xee, 0xee, 
	0xee, 0xee, 0xee, 0xee, 0xee, 0xee, 0xee, 0xee, 
	0xee, 0xee, 0xee, 0xee, 0xee, 0xee, 0xee, 0xee, 
	0xeb, 0xdd, 0xdd, 0xdd, 0xdd, 0xdd, 0xdd, 0xdd, 
	0x22, 0x22, 0x22, 0x22, 0x27, 0x40, 0x00, 0x10, 
	0x59, 0x99, 0x99, 0x99, 0x99, 0x99, 0x99, 0x99, 
	0x99, 0x99, 0x99, 0x99, 0x99, 0x99, 0x99, 0x99, 
	0x99, 0x99, 0x99, 0x98, 0x8d, 0xd9, 0x99, 0x98, 
	0xdd, 0x88, 0x99, 0x99, 0x99, 0x99, 0x99, 0x99, 
	0x99, 0x99, 0x99, 0x99, 0x99, 0x99, 0x99, 0x99, 
	0x99, 0x99, 0x99, 0x99, 0x99, 0x99, 0x99, 0x99, 
	0x99, 0xac, 0xdd, 0xdd, 0xdd, 0xdd, 0xdd, 0xdd, 
	0x77, 0x77, 0x77, 0x77, 0x77, 0x30, 0x00, 0x11, 
	0x45, 0x9b, 0xdd, 0xdd, 0xdd, 0xdd, 0xdd, 0xdd, 
	0xdd, 0xdd, 0xdd, 0xdd, 0xdd, 0xdd, 0xdd, 0xdd, 
	0xdd, 0xdd, 0xdd, 0xdd, 0xdd, 0x88, 0x99, 0x99, 
	0x8d, 0xdd, 0xdd, 0xdd, 0xdd, 0xdd, 0xdd, 0xdd, 
	0xdd, 0xdd, 0xdd, 0xdd, 0xdd, 0xdd, 0xdd, 0xdd, 
	0xdd, 0xdd, 0xdd, 0xdd, 0xdd, 0xdd, 0xdd, 0xd9, 
	0x99, 0x99, 0x99, 0x99, 0x99, 0x99, 0x99, 0x99, 
	0x33, 0x33, 0x33, 0x33, 0x33, 0x33, 0x01, 0x11, 
	0x30, 0x29, 0x99, 0x99, 0x99, 0x99, 0x99, 0x99, 
	0x99, 0x99, 0x99, 0x99, 0x99, 0x99, 0x99, 0x99, 
	0x99, 0x99, 0x99, 0x99, 0x99, 0x99, 0x99, 0x99, 
	0x99, 0x99, 0x99, 0x99, 0x99, 0x99, 0x99, 0x99, 
	0x99, 0x99, 0x99, 0x99, 0x99, 0x99, 0x99, 0x99, 
	0x99, 0x99, 0x99, 0x99, 0x99, 0x99, 0x99, 0x99, 
	0x99, 0x99, 0x99, 0x99, 0x99, 0x99, 0x99, 0x99, 
	0x11, 0x11, 0x11, 0x11, 0x11, 0x11, 0x11, 0x11, 
	0x11, 0x11, 0x11, 0x11, 0x11, 0x11, 0x11, 0x11, 
	0x11, 0x11, 0x11, 0x11, 0x11, 0x11, 0x11, 0x11, 
	0x11, 0x11, 0x11, 0x11, 0x11, 0x11, 0x11, 0x11, 
	0x11, 0x11, 0x11, 0x11, 0x11, 0x11, 0x11, 0x11, 
	0x11, 0x11, 0x11, 0x11, 0x11, 0x11, 0x11, 0x11, 
	0x11, 0x11, 0x11, 0x11, 0x11, 0x11, 0x11, 0x11, 
	0x11, 0x11, 0x11, 0x11, 0x11, 0x11, 0x11, 0x11, 
	0x11, 0x11, 0x11, 0x11, 0x11, 0x11, 0x11, 0x11, 
	0x11, 0x11, 0x11, 0x11, 0x11, 0x11, 0x11, 0x11, 
	0x11, 0x11, 0x11, 0x11, 0x11, 0x11, 0x11, 0x11, 
	0x11, 0x11, 0x11, 0x11, 0x11, 0x11, 0x11, 0x11, 
	0x11, 0x11, 0x11, 0x11, 0x11, 0x11, 0x11, 0x11, 
	0x11, 0x11, 0x11, 0x11, 0x11, 0x11, 0x11, 0x11, 
	0x11, 0x11, 0x11, 0x11, 0x11, 0x11, 0x11, 0x11, 
	0x11, 0x11, 0x11, 0x11, 0x11, 0x11, 0x11, 0x11, 
	0x88, 0x88, 0x88, 0x88, 0x88, 0x88, 0x88, 0x88, 
	0x88, 0x88, 0x88, 0x88, 0x88, 0x88, 0x88, 0x88, 
	0x88, 0x88, 0x88, 0x88, 0x88, 0x88, 0x88, 0x88, 
	0x88, 0x88, 0x88, 0x88, 0x88, 0x88, 0x88, 0x88, 
	0x88, 0x88, 0x88, 0x88, 0x88, 0x88, 0x88, 0x88, 
	0x88, 0x88, 0x88, 0x88, 0x88, 0x88, 0x88, 0x88, 
	0x88, 0x88, 0x88, 0x88, 0x88, 0x88, 0x88, 0x88, 
	0x88, 0x88, 0x88, 0x88, 0x88, 0x88, 0x88, 0x88, 
	0x77, 0x77, 0x77, 0x77, 0x77, 0x77, 0x77, 0x77, 
	0x77, 0x77, 0x77, 0x77, 0x77, 0x77, 0x77, 0x77, 
	0x77, 0x77, 0x77, 0x77, 0x77, 0x77, 0x77, 0x77, 
	0x77, 0x77, 0x77, 0x77, 0x77, 0x77, 0x77, 0x77, 
	0x77, 0x77, 0x77, 0x77, 0x77, 0x77, 0x77, 0x77, 
	0x77, 0x77, 0x77, 0x77, 0x77, 0x77, 0x77, 0x77, 
	0x77, 0x77, 0x77, 0x77, 0x77, 0x77, 0x77, 0x77, 
	0x77, 0x77, 0x77, 0x77, 0x77, 0x77, 0x77, 0x77, 
	0x55, 0x55, 0x55, 0x55, 0x55, 0x55, 0x55, 0x55, 
	0x55, 0x55, 0x55, 0x55, 0x55, 0x56, 0x66, 0x66, 
	0x66, 0x66, 0x66, 0x66, 0x66, 0x66, 0x66, 0x66, 
	0x66, 0x66, 0x66, 0x66, 0x66, 0x66, 0x66, 0x66, 
	0x66, 0x66, 0x66, 0x66, 0x66, 0x66, 0x66, 0x66, 
	0x66, 0x66, 0x66, 0x66, 0x66, 0x66, 0x66, 0x66, 
	0x66, 0x66, 0x66, 0x66, 0x66, 0x66, 0x66, 0x66, 
	0x66, 0x66, 0x66, 0x66, 0x66, 0x66, 0x66, 0x66, 
	0x12, 0x22, 0x01, 0x11, 0x01, 0x00, 0x10, 0x00, 
	0x00, 0x30, 0x00, 0x00, 0x01, 0x00, 0x01, 0x11, 
	0x00, 0x11, 0x11, 0x00, 0x00, 0x00, 0x03, 0x00, 
	0x00, 0x01, 0x00, 0x00, 0x00, 0x00, 0x00, 0x00, 
	0x00, 0x00, 0x03, 0x00, 0x01, 0x00, 0x00, 0x01, 
	0x03, 0x30, 0x00, 0x00, 0x30, 0x00, 0x00, 0x00, 
	0x00, 0x00, 0x00, 0x03, 0x00, 0x00, 0x33, 0x33, 
	0x00, 0x00, 0x00, 0x00, 0x00, 0x03, 0x30, 0x00, 
	0x22, 0x22, 0x21, 0x11, 0x11, 0x11, 0x10, 0x11, 
	0x00, 0x00, 0x11, 0x00, 0x01, 0x11, 0x11, 0x11, 
	0x11, 0x11, 0x11, 0x00, 0x00, 0x03, 0x33, 0x01, 
	0x00, 0x00, 0x10, 0x00, 0x00, 0x00, 0x01, 0x11, 
	0x11, 0x00, 0x10, 0x11, 0x11, 0x10, 0x01, 0x01, 
	0x10, 0x00, 0x00, 0x11, 0x30, 0x00, 0x00, 0x00, 
	0x01, 0x10, 0x01, 0x00, 0x00, 0x00, 0x00, 0x00, 
	0x00, 0x00, 0x00, 0x00, 0x01, 0x00, 0x00, 0x00, 
	0x12, 0x22, 0x21, 0x00, 0x00, 0x00, 0x00, 0x00, 
	0x00, 0x00, 0x00, 0x00, 0x00, 0x01, 0x10, 0x10, 
	0x11, 0x11, 0x00, 0x00, 0x00, 0x33, 0x40, 0x10, 
	0x00, 0x00, 0x00, 0x00, 0x00, 0x00, 0x00, 0x00, 
	0x00, 0x00, 0x00, 0x01, 0x11, 0x00, 0x10, 0x00, 
	0x00, 0x03, 0x00, 0x01, 0x33, 0x00, 0x00, 0x00, 
	0x01, 0x00, 0x00, 0x03, 0x00, 0x00, 0x00, 0x00, 
	0x00, 0x00, 0x03, 0x30, 0x00, 0x33, 0x03, 0x33, 
	
};

Gfx wf_dl__4200wn_2d_wall13_ci4_pal_rgba16_aligner[] = {gsSPEndDisplayList()};
u8 wf_dl__4200wn_2d_wall13_ci4_pal_rgba16[] = {
	0x6b, 0x59, 0x63, 0x17, 0x5a, 0xd5, 0x73, 0x9d, 
	0x84, 0x61, 0x94, 0xa3, 0xa5, 0x69, 0x4a, 0x51, 
	0x18, 0xc5, 0x00, 0x41, 0x6b, 0x1f, 0x8c, 0x6f, 
	0x6b, 0x31, 0x28, 0x31, 0x21, 0x07, 0x8c, 0x6d, 
	
};

Gfx wf_dl__0E0A09D0_i8_aligner[] = {gsSPEndDisplayList()};
u8 wf_dl__0E0A09D0_i8[] = {
	0xb0, 0xb8, 0xb8, 0xc0, 0xc0, 0xc8, 0xc0, 0xb0, 
	0xb8, 0xc0, 0xc0, 0xc8, 0xc8, 0xc8, 0xc0, 0xc0, 
	0xb8, 0xb8, 0xc0, 0xc8, 0xc8, 0xc0, 0xc0, 0xb8, 
	0xb0, 0xc0, 0xc8, 0xc0, 0xc0, 0xb8, 0xb8, 0xb0, 
	0xb0, 0x90, 0x90, 0x80, 0x60, 0x60, 0x98, 0xb8, 
	0xa0, 0xa8, 0xc0, 0xb8, 0xb8, 0xc0, 0xb0, 0x90, 
	0x68, 0x70, 0xa8, 0xb8, 0xb8, 0xc0, 0xa8, 0xa0, 
	0xb8, 0x98, 0x60, 0x60, 0x80, 0x90, 0x90, 0xb0, 
	0xa0, 0x70, 0x40, 0x58, 0x78, 0x90, 0x68, 0x80, 
	0x80, 0x88, 0x98, 0x80, 0x68, 0x98, 0x70, 0x40, 
	0x70, 0xa0, 0x70, 0x68, 0x80, 0x98, 0x88, 0x80, 
	0x80, 0x68, 0x90, 0x78, 0x58, 0x40, 0x70, 0xa0, 
	0xa8, 0x90, 0x60, 0x40, 0x50, 0x60, 0x28, 0x30, 
	0x30, 0x50, 0x68, 0x60, 0x48, 0x30, 0x40, 0x28, 
	0x40, 0x88, 0x50, 0x48, 0x60, 0x68, 0x50, 0x30, 
	0x30, 0x28, 0x60, 0x50, 0x40, 0x60, 0x90, 0xa8, 
	0xb0, 0x90, 0x48, 0x20, 0x20, 0x20, 0x18, 0x28, 
	0x30, 0x20, 0x20, 0x30, 0x28, 0x18, 0x28, 0x38, 
	0x18, 0x18, 0x18, 0x28, 0x30, 0x20, 0x20, 0x30, 
	0x28, 0x18, 0x20, 0x20, 0x20, 0x48, 0x90, 0xb0, 
	0xb0, 0x78, 0x68, 0x20, 0x38, 0x58, 0x30, 0x28, 
	0x40, 0x48, 0x40, 0x40, 0x38, 0x28, 0x38, 0x40, 
	0x40, 0x38, 0x38, 0x38, 0x40, 0x40, 0x48, 0x40, 
	0x28, 0x30, 0x58, 0x38, 0x20, 0x68, 0x78, 0xb0, 
	0xb8, 0x90, 0x70, 0x20, 0x20, 0x70, 0x70, 0x88, 
	0x70, 0x78, 0x68, 0x60, 0x80, 0x98, 0x70, 0x58, 
	0x48, 0x40, 0x48, 0x48, 0x58, 0x50, 0x48, 0x40, 
	0x50, 0x50, 0x68, 0x20, 0x20, 0x70, 0x90, 0xb8, 
	0xc8, 0x88, 0x70, 0x18, 0x28, 0x50, 0x68, 0x70, 
	0x58, 0x50, 0x80, 0x78, 0x80, 0x68, 0x58, 0x60, 
	0x28, 0x50, 0x78, 0x80, 0x70, 0x58, 0x58, 0x50, 
	0x60, 0x68, 0x48, 0x28, 0x18, 0x70, 0x88, 0xc8, 
	0xc0, 0x90, 0x58, 0x18, 0x28, 0x58, 0x58, 0x70, 
	0x60, 0x78, 0x90, 0x78, 0x58, 0x58, 0x60, 0x68, 
	0x58, 0x68, 0x90, 0x80, 0x70, 0x70, 0x78, 0x70, 
	0x68, 0x78, 0x48, 0x28, 0x18, 0x58, 0x90, 0xc0, 
	0xa8, 0x68, 0x68, 0x20, 0x28, 0x70, 0x70, 0x78, 
	0x68, 0x80, 0x68, 0x58, 0x58, 0x68, 0x70, 0x58, 
	0x68, 0x88, 0x68, 0x48, 0x50, 0x78, 0x60, 0x68, 
	0x70, 0x80, 0x48, 0x28, 0x20, 0x68, 0x68, 0xa8, 
	0x88, 0x58, 0xa8, 0x58, 0x20, 0x88, 0xa0, 0x88, 
	0x80, 0x80, 0x60, 0x50, 0x68, 0x70, 0x90, 0x78, 
	0x60, 0x78, 0x68, 0x38, 0x58, 0x58, 0x68, 0x68, 
	0x60, 0x70, 0x58, 0x20, 0x58, 0xa8, 0x58, 0x88, 
	0xa0, 0x58, 0x68, 0x30, 0x20, 0x88, 0x88, 0x88, 
	0x88, 0x78, 0x58, 0x60, 0x68, 0x80, 0x78, 0x58, 
	0x48, 0x80, 0x58, 0x30, 0x60, 0x60, 0x60, 0x78, 
	0x80, 0x80, 0x78, 0x20, 0x30, 0x68, 0x58, 0xa0, 
	0xa8, 0x80, 0x48, 0x30, 0x28, 0x78, 0x88, 0x70, 
	0x78, 0x68, 0x58, 0x70, 0x70, 0x88, 0x60, 0x78, 
	0x90, 0x78, 0x20, 0x38, 0x50, 0x48, 0x70, 0x80, 
	0x70, 0x78, 0x88, 0x28, 0x30, 0x48, 0x80, 0xa8, 
	0xb0, 0x78, 0x48, 0x28, 0x30, 0x60, 0x80, 0x68, 
	0x70, 0x68, 0x50, 0x50, 0x68, 0x70, 0x80, 0x70, 
	0x78, 0x38, 0x28, 0x48, 0x58, 0x68, 0x80, 0x78, 
	0x78, 0x88, 0xa0, 0x30, 0x28, 0x48, 0x78, 0xb0, 
	0xa8, 0x80, 0x48, 0x38, 0x30, 0x70, 0x58, 0x50, 
	0x58, 0x50, 0x50, 0x40, 0x40, 0x48, 0x40, 0x50, 
	0x68, 0x58, 0x50, 0x58, 0x78, 0x88, 0x80, 0x58, 
	0x70, 0x80, 0x88, 0x30, 0x38, 0x48, 0x80, 0xa8, 
	0xb0, 0x80, 0x58, 0x40, 0x30, 0x58, 0x80, 0x78, 
	0x50, 0x40, 0x48, 0x48, 0x40, 0x50, 0x50, 0x70, 
	0x70, 0x68, 0x50, 0x58, 0x70, 0x70, 0x70, 0x60, 
	0x58, 0x70, 0x88, 0x30, 0x40, 0x58, 0x80, 0xb0, 
	0xc0, 0xa0, 0x70, 0x30, 0x40, 0x78, 0x80, 0x70, 
	0x68, 0x58, 0x70, 0x50, 0x40, 0x60, 0x60, 0x70, 
	0x80, 0x80, 0x48, 0x50, 0x68, 0x68, 0x70, 0x48, 
	0x58, 0x60, 0x80, 0x40, 0x30, 0x70, 0xa0, 0xc0, 
	0xb8, 0xa8, 0x70, 0x38, 0x40, 0x58, 0x50, 0x60, 
	0x60, 0x50, 0x70, 0x70, 0x68, 0x68, 0x50, 0x68, 
	0x88, 0x68, 0x48, 0x60, 0x60, 0x68, 0x50, 0x40, 
	0x60, 0x70, 0x58, 0x40, 0x38, 0x70, 0xa8, 0xb8, 
	0xb8, 0x80, 0x30, 0x18, 0x20, 0x18, 0x58, 0x48, 
	0x40, 0x60, 0x60, 0x80, 0x70, 0x60, 0x60, 0x78, 
	0x78, 0x78, 0x48, 0x48, 0x68, 0x78, 0x50, 0x68, 
	0x90, 0x58, 0x88, 0x20, 0x18, 0x30, 0x80, 0xb8, 
	0xa0, 0x40, 0x40, 0x18, 0x18, 0x70, 0xa0, 0x80, 
	0x48, 0x40, 0x50, 0x68, 0x58, 0x70, 0x58, 0x78, 
	0x68, 0x80, 0x48, 0x38, 0x70, 0x78, 0x70, 0x78, 
	0x90, 0x80, 0x98, 0x18, 0x18, 0x40, 0x40, 0xa0, 
	0x90, 0x68, 0xb8, 0x60, 0x20, 0x90, 0x98, 0x80, 
	0x30, 0x50, 0x60, 0x58, 0x70, 0x80, 0x58, 0x70, 
	0x60, 0x70, 0x58, 0x68, 0x70, 0x78, 0x90, 0x78, 
	0x78, 0x80, 0x70, 0x20, 0x60, 0xb8, 0x68, 0x90, 
	0xb8, 0x80, 0x70, 0x40, 0x18, 0x60, 0x88, 0x58, 
	0x48, 0x78, 0x50, 0x40, 0x40, 0x50, 0x68, 0x78, 
	0x78, 0x80, 0x78, 0x78, 0x90, 0x90, 0x98, 0x80, 
	0x70, 0x50, 0x58, 0x18, 0x40, 0x70, 0x80, 0xb8, 
	0xc0, 0x90, 0x38, 0x28, 0x18, 0x60, 0x68, 0x38, 
	0x48, 0x48, 0x30, 0x20, 0x40, 0x50, 0x68, 0x78, 
	0x68, 0x78, 0x88, 0x98, 0x98, 0x88, 0x88, 0x88, 
	0x80, 0x40, 0x78, 0x18, 0x28, 0x38, 0x90, 0xc0, 
	0xc0, 0x98, 0x70, 0x40, 0x28, 0x90, 0x40, 0x20, 
	0x28, 0x50, 0x40, 0x50, 0x60, 0x50, 0x58, 0x60, 
	0x78, 0x88, 0xa0, 0xa8, 0x90, 0x70, 0x80, 0x78, 
	0x50, 0x60, 0x80, 0x28, 0x40, 0x70, 0x98, 0xc0, 
	0xb8, 0x98, 0x78, 0x40, 0x30, 0x48, 0x50, 0x28, 
	0x48, 0x78, 0x70, 0x60, 0x40, 0x78, 0x78, 0x70, 
	0x88, 0x88, 0x88, 0x88, 0x58, 0x58, 0x60, 0x50, 
	0x60, 0x70, 0x90, 0x30, 0x40, 0x78, 0x98, 0xb8, 
	0xb0, 0x98, 0x80, 0x30, 0x30, 0x40, 0x58, 0x38, 
	0x40, 0x68, 0x68, 0x68, 0x88, 0x78, 0x70, 0x50, 
	0x78, 0x78, 0x88, 0x70, 0x68, 0x60, 0x58, 0x68, 
	0x58, 0x58, 0x60, 0x30, 0x30, 0x80, 0x98, 0xb0, 
	0xc0, 0x98, 0x70, 0x28, 0x48, 0x50, 0x70, 0x48, 
	0x68, 0x70, 0x50, 0x58, 0x90, 0x70, 0x70, 0x70, 
	0x68, 0x60, 0x80, 0x68, 0x70, 0x60, 0x40, 0x50, 
	0x38, 0x38, 0x38, 0x48, 0x28, 0x70, 0x98, 0xc0, 
	0xb8, 0x80, 0x50, 0x20, 0x20, 0xa0, 0x78, 0x80, 
	0x80, 0x68, 0x88, 0x80, 0x70, 0x70, 0x88, 0x80, 
	0x58, 0x70, 0x58, 0x50, 0x50, 0x50, 0x60, 0x68, 
	0x58, 0x50, 0x58, 0x20, 0x20, 0x50, 0x80, 0xb8, 
	0xa0, 0x50, 0x80, 0x18, 0x18, 0x88, 0x80, 0x78, 
	0x60, 0x40, 0x78, 0x70, 0x70, 0x98, 0xa0, 0x70, 
	0x70, 0x58, 0x88, 0x80, 0x78, 0x80, 0x78, 0x80, 
	0x70, 0x68, 0x98, 0x18, 0x18, 0x80, 0x50, 0xa0, 
	0x90, 0x58, 0xb0, 0x60, 0x20, 0x80, 0x88, 0x70, 
	0x58, 0x58, 0x80, 0xb8, 0x88, 0x90, 0x70, 0x68, 
	0x78, 0x80, 0x98, 0x88, 0x98, 0xb0, 0x50, 0x50, 
	0x70, 0x80, 0x88, 0x20, 0x60, 0xb0, 0x58, 0x90, 
	0x98, 0x50, 0x60, 0x28, 0x28, 0x50, 0x70, 0x80, 
	0x70, 0x78, 0x78, 0x88, 0x90, 0x70, 0x48, 0x78, 
	0x80, 0x80, 0x70, 0x80, 0x90, 0x78, 0x50, 0x58, 
	0x80, 0x80, 0x50, 0x28, 0x28, 0x60, 0x50, 0x98, 
	0xa0, 0x60, 0x60, 0x28, 0x30, 0x48, 0x50, 0x80, 
	0xa0, 0x90, 0x88, 0x80, 0x90, 0x68, 0x70, 0x80, 
	0x70, 0x60, 0x50, 0x88, 0x88, 0x68, 0x68, 0x98, 
	0x70, 0x50, 0x48, 0x30, 0x28, 0x60, 0x60, 0xa0, 
	0xa0, 0x60, 0x60, 0x28, 0x30, 0x68, 0x68, 0x80, 
	0xa0, 0xa0, 0x80, 0x50, 0x70, 0x78, 0x80, 0x90, 
	0x78, 0x68, 0x70, 0x80, 0x68, 0x80, 0x90, 0x88, 
	0x60, 0x48, 0x68, 0x30, 0x28, 0x60, 0x60, 0xa0, 
	0x98, 0x50, 0x60, 0x28, 0x28, 0x58, 0x50, 0x80, 
	0x90, 0x70, 0x50, 0x48, 0x50, 0x80, 0x98, 0x68, 
	0x88, 0x90, 0x70, 0x60, 0x70, 0x88, 0x90, 0x78, 
	0x58, 0x68, 0x58, 0x28, 0x28, 0x60, 0x50, 0x98, 
	0x90, 0x58, 0xb0, 0x60, 0x20, 0x30, 0x48, 0x80, 
	0x78, 0x48, 0x48, 0x68, 0x68, 0x78, 0x60, 0x38, 
	0x78, 0x70, 0x68, 0x58, 0x60, 0x78, 0x98, 0x78, 
	0x50, 0x50, 0x30, 0x20, 0x60, 0xb0, 0x58, 0x90, 
	0xa0, 0x50, 0x80, 0x18, 0x18, 0x68, 0x80, 0x70, 
	0x58, 0x50, 0x68, 0x58, 0x48, 0x68, 0x48, 0x58, 
	0x80, 0x88, 0x78, 0x68, 0x88, 0xb0, 0xa0, 0x80, 
	0x60, 0x60, 0x60, 0x18, 0x18, 0x80, 0x50, 0xa0, 
	0xb8, 0x80, 0x50, 0x20, 0x20, 0x88, 0x98, 0x90, 
	0x80, 0x60, 0x50, 0x30, 0x38, 0x70, 0x70, 0x98, 
	0x78, 0x70, 0x68, 0x60, 0xa0, 0xa0, 0x68, 0x78, 
	0x80, 0x70, 0x70, 0x20, 0x20, 0x50, 0x80, 0xb8, 
	0xc0, 0x98, 0x70, 0x28, 0x48, 0x88, 0x90, 0x78, 
	0x48, 0x58, 0x60, 0x68, 0x88, 0x88, 0x88, 0x88, 
	0x58, 0x78, 0x88, 0x80, 0x68, 0x50, 0x70, 0x78, 
	0x68, 0x58, 0x68, 0x48, 0x28, 0x70, 0x98, 0xc0, 
	0xb0, 0x98, 0x80, 0x30, 0x30, 0x88, 0x78, 0x78, 
	0x88, 0x70, 0x70, 0x88, 0xa0, 0xa0, 0x80, 0x50, 
	0x60, 0x70, 0xa0, 0x88, 0x50, 0x68, 0x78, 0x70, 
	0x70, 0xa0, 0x88, 0x30, 0x30, 0x80, 0x98, 0xb0, 
	0xb8, 0x98, 0x78, 0x40, 0x30, 0x70, 0x60, 0x90, 
	0x78, 0x50, 0x58, 0x88, 0x90, 0x70, 0x50, 0x48, 
	0x48, 0x58, 0x60, 0x40, 0x30, 0x58, 0x88, 0x70, 
	0x80, 0x88, 0x48, 0x30, 0x40, 0x78, 0x98, 0xb8, 
	0xc0, 0x98, 0x70, 0x40, 0x28, 0x80, 0x48, 0x50, 
	0x58, 0x58, 0x68, 0x80, 0x78, 0x48, 0x48, 0x68, 
	0x68, 0x68, 0x58, 0x30, 0x40, 0x60, 0x88, 0x60, 
	0x68, 0x78, 0x60, 0x28, 0x40, 0x70, 0x98, 0xc0, 
	0xc0, 0x90, 0x38, 0x28, 0x18, 0x50, 0x50, 0x78, 
	0x78, 0x70, 0x68, 0x68, 0x58, 0x50, 0x68, 0x58, 
	0x48, 0x58, 0x50, 0x40, 0x40, 0x40, 0x80, 0x58, 
	0x68, 0x60, 0x70, 0x18, 0x28, 0x38, 0x90, 0xc0, 
	0xb8, 0x80, 0x70, 0x40, 0x18, 0x48, 0x90, 0x78, 
	0x98, 0x80, 0x78, 0x90, 0x80, 0x60, 0x50, 0x30, 
	0x28, 0x60, 0x80, 0x80, 0x60, 0x60, 0x68, 0x50, 
	0x70, 0x60, 0x70, 0x18, 0x40, 0x70, 0x80, 0xb8, 
	0x90, 0x68, 0xb8, 0x60, 0x20, 0x60, 0x70, 0x68, 
	0x70, 0x80, 0x90, 0x78, 0x48, 0x48, 0x50, 0x60, 
	0x68, 0x68, 0x88, 0x50, 0x58, 0x78, 0x88, 0x78, 
	0x60, 0x50, 0x60, 0x20, 0x60, 0xb8, 0x68, 0x90, 
	0xa0, 0x40, 0x40, 0x18, 0x18, 0x60, 0x78, 0x88, 
	0x70, 0x80, 0x70, 0x48, 0x40, 0x58, 0x68, 0x78, 
	0x78, 0x88, 0x98, 0x48, 0x58, 0x80, 0x88, 0x58, 
	0x58, 0x50, 0x68, 0x18, 0x18, 0x40, 0x40, 0xa0, 
	0xb8, 0x80, 0x30, 0x18, 0x20, 0x58, 0x70, 0x70, 
	0x38, 0x70, 0x70, 0x58, 0x68, 0x58, 0x98, 0x90, 
	0x98, 0x60, 0x50, 0x48, 0x60, 0x88, 0x70, 0x68, 
	0x60, 0x58, 0x60, 0x20, 0x18, 0x30, 0x80, 0xb8, 
	0xb8, 0xa8, 0x70, 0x38, 0x40, 0x60, 0x68, 0x40, 
	0x40, 0x68, 0x58, 0x68, 0x78, 0x60, 0x60, 0x80, 
	0x50, 0x48, 0x58, 0x68, 0x60, 0x80, 0x68, 0x70, 
	0x60, 0x50, 0x68, 0x40, 0x38, 0x70, 0xa8, 0xb8, 
	0xc0, 0xa0, 0x70, 0x30, 0x40, 0x68, 0x60, 0x58, 
	0x68, 0x78, 0x58, 0x50, 0x68, 0x40, 0x38, 0x70, 
	0x50, 0x58, 0x78, 0x58, 0x70, 0x58, 0x50, 0x50, 
	0x50, 0x78, 0x58, 0x40, 0x30, 0x70, 0xa0, 0xc0, 
	0xb0, 0x80, 0x58, 0x40, 0x30, 0x78, 0x68, 0x70, 
	0x80, 0x88, 0x48, 0x30, 0x38, 0x30, 0x48, 0x70, 
	0x68, 0x70, 0x70, 0x70, 0x58, 0x88, 0x80, 0x78, 
	0x80, 0x68, 0x58, 0x30, 0x40, 0x58, 0x80, 0xb0, 
	0xa8, 0x80, 0x48, 0x38, 0x30, 0x68, 0x60, 0x68, 
	0x70, 0x70, 0x50, 0x50, 0x30, 0x48, 0x40, 0x60, 
	0x68, 0x78, 0x68, 0x78, 0x80, 0x98, 0x88, 0x98, 
	0xa8, 0x50, 0x58, 0x30, 0x38, 0x48, 0x80, 0xa8, 
	0xb0, 0x78, 0x48, 0x28, 0x30, 0x88, 0x80, 0x58, 
	0x80, 0x68, 0x58, 0x58, 0x58, 0x50, 0x50, 0x58, 
	0x68, 0x50, 0x48, 0x70, 0x80, 0x70, 0x80, 0x90, 
	0x70, 0x68, 0x68, 0x30, 0x28, 0x48, 0x78, 0xb0, 
	0xa8, 0x80, 0x48, 0x30, 0x28, 0xa0, 0x88, 0x78, 
	0x70, 0x60, 0x70, 0x68, 0x50, 0x88, 0x48, 0x30, 
	0x48, 0x30, 0x40, 0x48, 0x50, 0x58, 0x80, 0x80, 
	0x70, 0x88, 0x70, 0x28, 0x30, 0x48, 0x80, 0xa8, 
	0xa0, 0x58, 0x68, 0x30, 0x20, 0x60, 0x40, 0x70, 
	0x68, 0x30, 0x30, 0x38, 0x50, 0x70, 0x40, 0x58, 
	0x40, 0x18, 0x38, 0x78, 0x80, 0xa0, 0x80, 0x60, 
	0x68, 0x68, 0x88, 0x20, 0x30, 0x68, 0x58, 0xa0, 
	0x88, 0x58, 0xa8, 0x58, 0x20, 0x58, 0x38, 0x68, 
	0x60, 0x20, 0x38, 0x68, 0x60, 0x48, 0x68, 0x60, 
	0x38, 0x20, 0x30, 0x70, 0x98, 0x88, 0x58, 0x70, 
	0x58, 0x50, 0x90, 0x20, 0x58, 0xa8, 0x58, 0x88, 
	0xa8, 0x68, 0x68, 0x20, 0x28, 0x50, 0x40, 0x50, 
	0x50, 0x50, 0x80, 0x80, 0x68, 0x68, 0x68, 0x60, 
	0x50, 0x38, 0x58, 0x80, 0x88, 0x70, 0x50, 0x78, 
	0x68, 0x60, 0x78, 0x28, 0x20, 0x68, 0x68, 0xa8, 
	0xc0, 0x90, 0x58, 0x18, 0x28, 0x80, 0x80, 0x60, 
	0x50, 0x78, 0x80, 0x68, 0x70, 0x78, 0x50, 0x50, 
	0x38, 0x60, 0x88, 0xa0, 0x90, 0x60, 0x50, 0x78, 
	0x80, 0x80, 0x70, 0x28, 0x18, 0x58, 0x90, 0xc0, 
	0xc8, 0x88, 0x70, 0x18, 0x28, 0x88, 0x50, 0x58, 
	0x58, 0x98, 0x90, 0x90, 0x68, 0x58, 0x40, 0x40, 
	0x60, 0x80, 0x78, 0x98, 0x70, 0x50, 0x68, 0x88, 
	0x90, 0x68, 0x78, 0x28, 0x18, 0x70, 0x88, 0xc8, 
	0xb8, 0x90, 0x70, 0x20, 0x20, 0x90, 0x50, 0x70, 
	0x60, 0x60, 0x80, 0x50, 0x48, 0x50, 0x50, 0x50, 
	0x68, 0x80, 0x68, 0x70, 0x60, 0x88, 0x80, 0x68, 
	0x50, 0x70, 0x78, 0x20, 0x20, 0x70, 0x90, 0xb8, 
	0xb0, 0x78, 0x68, 0x20, 0x38, 0x58, 0x30, 0x28, 
	0x40, 0x48, 0x40, 0x40, 0x38, 0x20, 0x38, 0x40, 
	0x40, 0x38, 0x38, 0x38, 0x40, 0x40, 0x48, 0x40, 
	0x28, 0x30, 0x58, 0x38, 0x20, 0x68, 0x78, 0xb0, 
	0xb0, 0x90, 0x48, 0x20, 0x20, 0x20, 0x18, 0x28, 
	0x30, 0x20, 0x20, 0x30, 0x28, 0x18, 0x28, 0x38, 
	0x18, 0x18, 0x18, 0x28, 0x30, 0x20, 0x20, 0x30, 
	0x28, 0x18, 0x20, 0x20, 0x20, 0x48, 0x90, 0xb0, 
	0xa8, 0x90, 0x60, 0x40, 0x50, 0x60, 0x28, 0x30, 
	0x30, 0x50, 0x68, 0x60, 0x48, 0x30, 0x40, 0x28, 
	0x40, 0x88, 0x50, 0x48, 0x60, 0x68, 0x50, 0x30, 
	0x30, 0x28, 0x60, 0x50, 0x40, 0x60, 0x90, 0xa8, 
	0xa0, 0x70, 0x40, 0x58, 0x78, 0x90, 0x68, 0x80, 
	0x80, 0x88, 0x98, 0x80, 0x68, 0x98, 0x70, 0x40, 
	0x70, 0xa0, 0x70, 0x68, 0x80, 0x98, 0x88, 0x80, 
	0x80, 0x68, 0x90, 0x78, 0x58, 0x40, 0x70, 0xa0, 
	0xb0, 0x90, 0x90, 0x80, 0x60, 0x60, 0x98, 0xb8, 
	0xa0, 0xa8, 0xc0, 0xb8, 0xb8, 0xc0, 0xb0, 0x90, 
	0x68, 0x70, 0xa8, 0xb8, 0xb8, 0xc0, 0xa8, 0xa0, 
	0xb8, 0x98, 0x60, 0x60, 0x80, 0x90, 0x90, 0xb0, 
	0xb0, 0xb8, 0xb8, 0xc0, 0xc0, 0xc8, 0xc0, 0xb0, 
	0xb8, 0xc0, 0xc0, 0xc8, 0xc8, 0xc8, 0xc0, 0xc0, 
	0xb8, 0xb8, 0xc0, 0xc8, 0xc8, 0xc0, 0xc0, 0xb8, 
	0xb0, 0xc0, 0xc8, 0xc0, 0xc0, 0xb8, 0xb8, 0xb0, 
	
};

Gfx wf_dl_RSVP8P_2ede6019fb34702a_14_ci4_aligner[] = {gsSPEndDisplayList()};
u8 wf_dl_RSVP8P_2ede6019fb34702a_14_ci4[] = {
	0x01, 0x22, 0x32, 0x02, 0x41, 0x13, 0x30, 0x53, 
	0x43, 0x22, 0x11, 0x16, 0x23, 0x77, 0x32, 0x86, 
	0x61, 0x11, 0x58, 0x21, 0x61, 0x16, 0x81, 0x61, 
	0x99, 0x16, 0x16, 0x29, 0x16, 0x81, 0x8a, 0x12, 
	0x30, 0x01, 0x10, 0x14, 0x70, 0x10, 0x11, 0x13, 
	0x84, 0x00, 0x36, 0x31, 0x37, 0xa3, 0x22, 0x11, 
	0x60, 0x31, 0x22, 0x06, 0x91, 0x91, 0x31, 0x62, 
	0x61, 0x16, 0x11, 0x19, 0x36, 0x96, 0x13, 0x32, 
	0x41, 0x11, 0x11, 0x4a, 0xb0, 0x62, 0x10, 0x22, 
	0x35, 0x8a, 0xa7, 0x31, 0x73, 0x57, 0x26, 0x19, 
	0x16, 0x23, 0x07, 0x96, 0x66, 0x01, 0x11, 0x16, 
	0x91, 0x69, 0x61, 0x01, 0x16, 0x66, 0x11, 0x61, 
	0x78, 0x12, 0x23, 0x7b, 0xb7, 0x23, 0x03, 0x53, 
	0x03, 0x1a, 0x8a, 0xcc, 0xa0, 0xaa, 0x31, 0x01, 
	0x91, 0x20, 0x1a, 0x89, 0x11, 0x22, 0x31, 0x16, 
	0x61, 0x11, 0x19, 0x19, 0x81, 0x91, 0x61, 0x04, 
	0x53, 0x02, 0x5a, 0x7a, 0x53, 0x7a, 0x73, 0x3c, 
	0x34, 0x47, 0x75, 0x40, 0x33, 0x15, 0x19, 0x69, 
	0x69, 0x62, 0x69, 0x21, 0x66, 0x99, 0x61, 0x12, 
	0x10, 0x09, 0x91, 0x37, 0x79, 0x99, 0x16, 0x14, 
	0x03, 0xbb, 0xab, 0xab, 0x75, 0x47, 0x88, 0x03, 
	0x00, 0x66, 0x77, 0xb4, 0x26, 0x05, 0x76, 0x66, 
	0x69, 0x19, 0x69, 0x68, 0x44, 0x00, 0x21, 0x62, 
	0x11, 0x21, 0x8a, 0xba, 0x31, 0x09, 0x22, 0x12, 
	0x52, 0x20, 0x30, 0x36, 0x96, 0x89, 0x69, 0xa0, 
	0x11, 0x11, 0x4c, 0xa8, 0x21, 0x5b, 0x72, 0x16, 
	0x86, 0x69, 0x16, 0x66, 0x69, 0x62, 0xc8, 0x89, 
	0x29, 0x63, 0xaa, 0x53, 0xa3, 0x30, 0x30, 0x01, 
	0x26, 0x62, 0x31, 0x03, 0x10, 0x84, 0x84, 0x33, 
	0x02, 0x11, 0xac, 0x74, 0x26, 0x5a, 0x52, 0x21, 
	0x16, 0x69, 0x16, 0x21, 0x16, 0x16, 0x66, 0x81, 
	0x30, 0x0b, 0xa3, 0x16, 0x03, 0x22, 0x40, 0x01, 
	0x21, 0x12, 0x26, 0x16, 0x62, 0x44, 0x0a, 0x12, 
	0x11, 0x74, 0x78, 0x47, 0x53, 0x78, 0x00, 0x19, 
	0x12, 0x23, 0x14, 0x22, 0x16, 0x69, 0x21, 0x60, 
	0x73, 0xab, 0x52, 0x69, 0x38, 0x3c, 0x35, 0x73, 
	0x21, 0x16, 0x66, 0x10, 0x21, 0x91, 0x71, 0x61, 
	0x68, 0x43, 0x84, 0x7a, 0x00, 0x81, 0x73, 0x08, 
	0x21, 0x16, 0x35, 0x00, 0x21, 0x86, 0x16, 0x63, 
	0xac, 0xba, 0x26, 0x91, 0x21, 0xd5, 0x3c, 0x30, 
	0x20, 0x10, 0x00, 0x32, 0x62, 0x06, 0x06, 0x19, 
	0x61, 0x77, 0x83, 0x8a, 0x37, 0x31, 0x78, 0x33, 
	0x69, 0x99, 0x90, 0x78, 0x02, 0x16, 0x19, 0x12, 
	0x82, 0x3a, 0x30, 0x10, 0x20, 0x01, 0x15, 0x02, 
	0x02, 0x03, 0x03, 0x82, 0x47, 0x51, 0x09, 0x26, 
	0x1c, 0x31, 0x36, 0x3a, 0x33, 0x47, 0x44, 0x33, 
	0x21, 0x62, 0x5a, 0x47, 0xa0, 0x38, 0x11, 0x52, 
	0x3a, 0xa1, 0x23, 0x00, 0x32, 0x12, 0x3c, 0x01, 
	0x12, 0x08, 0x33, 0x58, 0x5c, 0xc3, 0x21, 0x62, 
	0x23, 0x32, 0x82, 0x65, 0x36, 0x35, 0x30, 0x04, 
	0x32, 0x00, 0x00, 0x33, 0xc5, 0x83, 0xaa, 0xc2, 
	0x20, 0x48, 0x7a, 0x03, 0x30, 0x10, 0x26, 0x01, 
	0x20, 0x05, 0x30, 0x83, 0x03, 0xa2, 0x22, 0x80, 
	0x50, 0xc3, 0x11, 0x23, 0x52, 0x21, 0xcc, 0x77, 
	0x33, 0xca, 0xc1, 0x19, 0x66, 0x16, 0x12, 0x11, 
	0x11, 0x61, 0x82, 0x50, 0x20, 0x12, 0x69, 0x24, 
	0x32, 0x53, 0x2c, 0x73, 0x17, 0x70, 0x10, 0x11, 
	0x24, 0x14, 0x81, 0x02, 0x04, 0x3a, 0x08, 0x33, 
	0x77, 0x21, 0x11, 0x66, 0x11, 0x99, 0x69, 0x62, 
	0x61, 0x61, 0x20, 0x77, 0x23, 0x41, 0x11, 0x02, 
	0x00, 0x35, 0x5c, 0x02, 0x23, 0x33, 0x21, 0x20, 
	0x20, 0x41, 0x63, 0x00, 0x16, 0x60, 0x61, 0x62, 
	0x44, 0x02, 0x20, 0x40, 0x81, 0x11, 0x38, 0x03, 
	0x91, 0x43, 0x25, 0x42, 0x00, 0x01, 0x62, 0x10, 
	0x00, 0x21, 0x62, 0x22, 0x61, 0x13, 0x21, 0x21, 
	0x12, 0x22, 0x02, 0x16, 0x66, 0x14, 0x11, 0x22, 
	0x03, 0x12, 0x27, 0x70, 0x53, 0x03, 0x32, 0x98, 
	0x81, 0x10, 0x00, 0x21, 0x27, 0x11, 0x16, 0x12, 
	0x66, 0x14, 0x22, 0x50, 0x30, 0x88, 0x22, 0x07, 
	0xc4, 0x07, 0x16, 0x12, 0x22, 0x10, 0x91, 0x32, 
	0x32, 0x5b, 0x32, 0x53, 0x01, 0x2a, 0x03, 0x66, 
	0x1c, 0xc1, 0x11, 0x11, 0x67, 0xa0, 0x44, 0x02, 
	0x20, 0x04, 0xc1, 0x00, 0x33, 0x11, 0x81, 0x13, 
	0x16, 0x45, 0x82, 0x20, 0x88, 0x16, 0x16, 0x84, 
	0x73, 0x30, 0x03, 0x43, 0x16, 0x07, 0x07, 0x26, 
	0x66, 0x72, 0x11, 0x32, 0x10, 0x43, 0x5a, 0x32, 
	0x33, 0xa3, 0x51, 0x45, 0xc5, 0x24, 0x16, 0x20, 
	0x12, 0x33, 0x02, 0x03, 0x28, 0x03, 0x11, 0x11, 
	0x10, 0x23, 0x17, 0x33, 0x11, 0x03, 0x73, 0x22, 
	0x69, 0x61, 0x12, 0x12, 0x20, 0x03, 0xaa, 0xa3, 
	0xca, 0x42, 0x42, 0x21, 0x61, 0x23, 0xba, 0xa3, 
	0xaa, 0xaa, 0x33, 0x88, 0x04, 0x02, 0x81, 0x91, 
	0x77, 0x86, 0x62, 0x64, 0x81, 0x5a, 0x5a, 0x73, 
	0x11, 0x99, 0x11, 0x10, 0x55, 0x25, 0xbc, 0xcc, 
	0x55, 0xa0, 0x02, 0x21, 0x02, 0x36, 0x17, 0x37, 
	0x3a, 0x50, 0x23, 0x38, 0x42, 0x73, 0x61, 0x10, 
	0x30, 0x81, 0x11, 0x11, 0x04, 0x2a, 0x3c, 0x77, 
	0x12, 0x16, 0x96, 0x61, 0x30, 0x03, 0x55, 0xcc, 
	0x30, 0x28, 0x36, 0x11, 0x11, 0x66, 0x15, 0x33, 
	0x21, 0x11, 0x61, 0x02, 0x01, 0x22, 0x11, 0x8c, 
	0xc7, 0x30, 0x12, 0x69, 0x66, 0x10, 0x83, 0x30, 
	0x20, 0x62, 0x26, 0x16, 0x68, 0x23, 0x07, 0x73, 
	0x22, 0x23, 0xc3, 0x01, 0xa1, 0x19, 0x00, 0x21, 
	0x11, 0x12, 0x21, 0x10, 0x22, 0x62, 0x11, 0x35, 
	0xab, 0xa5, 0x20, 0x02, 0x19, 0x91, 0x33, 0x50, 
	0x38, 0x22, 0x03, 0x74, 0x12, 0xc0, 0x20, 0x71, 
	0x70, 0x3c, 0x51, 0x32, 0x00, 0x82, 0x5b, 0x81, 
	0x01, 0x33, 0x2c, 0x32, 0x15, 0xc0, 0x33, 0x7a, 
	0xab, 0x40, 0x10, 0x0c, 0x36, 0x10, 0x17, 0x72, 
	0x30, 0x32, 0x37, 0xaa, 0xa5, 0x53, 0x55, 0x04, 
	0x01, 0x05, 0x55, 0x30, 0x21, 0x77, 0xcc, 0x33, 
	0x33, 0x35, 0x03, 0x33, 0x32, 0x05, 0x03, 0x07, 
	0x37, 0xa4, 0x22, 0x04, 0x88, 0x47, 0x87, 0xa0, 
	0x23, 0x31, 0x33, 0xa5, 0xcb, 0x5c, 0x50, 0x33, 
	0xa8, 0x03, 0x35, 0x48, 0x55, 0x5c, 0xaa, 0x73, 
	0x55, 0xa5, 0x37, 0xc2, 0x16, 0x33, 0x52, 0xc3, 
	0x7a, 0x7a, 0x32, 0x61, 0x65, 0x5a, 0x3a, 0xc2, 
	0x81, 0x88, 0x01, 0x12, 0x05, 0x44, 0x35, 0xcc, 
	0x21, 0x00, 0x30, 0x47, 0xbb, 0xca, 0xbb, 0x73, 
	0xcc, 0xb5, 0x37, 0xa5, 0x12, 0x01, 0x12, 0x23, 
	0x0a, 0x7a, 0x70, 0x06, 0x28, 0x0c, 0x35, 0x30, 
	0x01, 0x96, 0x66, 0x11, 0x93, 0x92, 0x23, 0x31, 
	0x87, 0x37, 0x05, 0xa7, 0xa3, 0xba, 0xbb, 0x75, 
	0x7c, 0xac, 0x3c, 0x73, 0x20, 0x22, 0x03, 0x24, 
	0x24, 0xa7, 0xc5, 0x00, 0x11, 0x10, 0x23, 0x70, 
	0x33, 0x11, 0x61, 0x91, 0x11, 0x62, 0x16, 0x66, 
	0x81, 0x08, 0xcc, 0x33, 0x5a, 0xaa, 0xbb, 0xa7, 
	0x7c, 0xc5, 0x5c, 0x75, 0x20, 0x30, 0x04, 0x03, 
	0x00, 0xb7, 0xc3, 0x24, 0x20, 0x20, 0x00, 0x72, 
	0x33, 0x21, 0x31, 0x06, 0x60, 0x62, 0x06, 0x16, 
	0x07, 0x04, 0xc3, 0x33, 0xca, 0xaa, 0xba, 0xaa, 
	0x5c, 0x3c, 0xc3, 0x73, 0x00, 0x23, 0x33, 0x40, 
	0x20, 0xcc, 0x55, 0x85, 0x24, 0x23, 0x42, 0x82, 
	0x82, 0x66, 0x08, 0x23, 0x25, 0x42, 0x42, 0x21, 
	0x3a, 0x3c, 0xca, 0xcc, 0x05, 0xaa, 0x77, 0xa5, 
	0x2b, 0x05, 0xa5, 0x70, 0x50, 0x33, 0x53, 0x20, 
	0x33, 0xcc, 0x33, 0x03, 0x32, 0x20, 0x13, 0xa8, 
	0x84, 0x21, 0x61, 0x83, 0x21, 0x01, 0x22, 0x32, 
	0x1a, 0x23, 0x33, 0x05, 0x23, 0x3c, 0x55, 0x41, 
	0x7a, 0x00, 0x05, 0x88, 0x3a, 0x33, 0x45, 0x33, 
	0x05, 0x05, 0x33, 0x5c, 0x00, 0x3c, 0x00, 0x26, 
	0x12, 0x11, 0x98, 0x12, 0x10, 0x31, 0x61, 0x22, 
	0x23, 0x22, 0x73, 0x55, 0x53, 0x53, 0xc0, 0x77, 
	0x03, 0x45, 0x3a, 0x7a, 0xa7, 0x23, 0x53, 0x33, 
	0x1b, 0xac, 0x03, 0x35, 0x00, 0x3d, 0x03, 0x32, 
	0x38, 0x21, 0x11, 0x18, 0x21, 0x19, 0x96, 0x10, 
	0x16, 0x96, 0x13, 0x11, 0x44, 0xab, 0x34, 0x3a, 
	0x10, 0x45, 0x27, 0xc3, 0x05, 0x77, 0x5a, 0x5c, 
	0x47, 0x05, 0x33, 0x77, 0xa7, 0x30, 0x83, 0x3c, 
	0xa3, 0x19, 0x66, 0x66, 0x62, 0x16, 0x11, 0x11, 
	0x11, 0x12, 0x02, 0x19, 0x1a, 0x7a, 0x77, 0x35, 
	0x10, 0x43, 0x05, 0xc0, 0x30, 0x3a, 0xc7, 0x32, 
	0x18, 0x11, 0x02, 0x8a, 0xa7, 0x53, 0x17, 0x3a, 
	0xa0, 0x16, 0x66, 0x11, 0x66, 0x21, 0x10, 0x22, 
	0x00, 0x21, 0x43, 0x21, 0x32, 0x10, 0xa3, 0x5c, 
	0x71, 0x48, 0x20, 0x21, 0x21, 0x22, 0x02, 0x21, 
	0x53, 0x21, 0x19, 0x11, 0x74, 0x73, 0x00, 0x30, 
	0x62, 0x69, 0x16, 0x22, 0x00, 0x22, 0x28, 0x20, 
	0x50, 0x18, 0x22, 0x26, 0x13, 0x20, 0xc3, 0x3c, 
	0x33, 0x81, 0x27, 0x01, 0x3c, 0x00, 0x35, 0x38, 
	0x26, 0x21, 0x02, 0x62, 0x61, 0x66, 0x20, 0x24, 
	0x12, 0x20, 0x26, 0x20, 0x01, 0x32, 0x84, 0x03, 
	0x33, 0x33, 0x02, 0x23, 0x10, 0x33, 0x7a, 0x48, 
	0x11, 0x96, 0x12, 0x22, 0x31, 0x33, 0x77, 0x38, 
	0x01, 0x61, 0x26, 0x14, 0x21, 0x00, 0x22, 0x61, 
	0x81, 0x12, 0x16, 0x11, 0x88, 0x02, 0x37, 0x30, 
	0x48, 0x00, 0x20, 0x01, 0x53, 0x00, 0x87, 0x81, 
	0x16, 0x11, 0x10, 0x23, 0x33, 0x53, 0x03, 0x38, 
	0x01, 0x21, 0x14, 0x88, 0x81, 0x11, 0x66, 0x69, 
	0x61, 0x61, 0x26, 0x61, 0x08, 0x20, 0x33, 0x43, 
	0x27, 0x3a, 0xa3, 0x40, 0x21, 0x01, 0x22, 0x88, 
	0x12, 0x02, 0x16, 0x13, 0x55, 0xa7, 0x52, 0x20, 
	0x12, 0x87, 0x32, 0x10, 0x11, 0x60, 0x88, 0x66, 
	0x66, 0x69, 0x91, 0x16, 0x00, 0x24, 0x72, 0x30, 
	0xa3, 0x80, 0x13, 0x73, 0x50, 0x53, 0x82, 0x66, 
	0x61, 0x21, 0x11, 0x12, 0x07, 0x30, 0x00, 0xc0, 
	0x62, 0x28, 0x20, 0x40, 0x62, 0x13, 0x81, 0x11, 
	0x66, 0x60, 0x11, 0x10, 0x08, 0x01, 0x33, 0x73, 
	0x5c, 0x30, 0x55, 0x88, 0x63, 0x21, 0x56, 0x11, 
	0x11, 0x99, 0x61, 0x62, 0x7a, 0x3c, 0xc7, 0xa5, 
	0x11, 0x11, 0x12, 0x00, 0x11, 0x33, 0x40, 0x11, 
	0x63, 0x11, 0x11, 0x62, 0x37, 0x40, 0x55, 0x53, 
	0xc3, 0x05, 0x5c, 0x34, 0x31, 0x16, 0x22, 0x16, 
	0x61, 0x11, 0x21, 0x1a, 0xa7, 0x3c, 0xc7, 0x33, 
	0x61, 0x21, 0x21, 0x32, 0x10, 0x00, 0x22, 0x06, 
	0x16, 0x10, 0x23, 0x28, 0x35, 0x40, 0x4c, 0xc3, 
	0x35, 0xc3, 0x05, 0xa2, 0x12, 0x13, 0x0c, 0x01, 
	0x21, 0x01, 0x02, 0x4c, 0x75, 0xac, 0xa5, 0x30, 
	0x41, 0x04, 0x03, 0x34, 0x52, 0x33, 0x34, 0x16, 
	0x61, 0x33, 0xbc, 0x3c, 0x3c, 0x21, 0x03, 0xa4, 
	0x77, 0xc5, 0x05, 0x84, 0x41, 0x53, 0x03, 0x00, 
	0x20, 0x30, 0x02, 0x3a, 0xa7, 0xca, 0x30, 0x40, 
	0x88, 0x23, 0x42, 0xa3, 0x32, 0x03, 0x38, 0x66, 
	0x10, 0x14, 0x3c, 0x5c, 0x50, 0x20, 0x21, 0x30, 
	0x03, 0x33, 0x43, 0x20, 0x30, 0x33, 0x33, 0xc1, 
	0x13, 0x3c, 0x20, 0x7c, 0x7a, 0xc5, 0x77, 0x22, 
	0x00, 0x23, 0x3c, 0x43, 0x00, 0x05, 0x73, 0x00, 
	0x03, 0x82, 0x40, 0x30, 0x12, 0x01, 0x81, 0x62, 
	0x84, 0x55, 0x54, 0x21, 0x34, 0x23, 0x53, 0x06, 
	0x02, 0x33, 0xc2, 0x42, 0x3a, 0x55, 0x74, 0x30, 
	0x20, 0x05, 0x33, 0x88, 0x27, 0x35, 0x01, 0x11, 
	0x05, 0x22, 0x62, 0x02, 0x10, 0x01, 0x14, 0x38, 
	0x30, 0x43, 0xca, 0x11, 0x13, 0x10, 0x33, 0x40, 
	0x33, 0x47, 0x26, 0x13, 0x04, 0xc5, 0xc3, 0x03, 
	0x35, 0xcc, 0x73, 0x01, 0x34, 0xc3, 0xc3, 0x96, 
	0x33, 0x30, 0x69, 0x61, 0x00, 0x33, 0x77, 0x20, 
	0x03, 0x3c, 0xaa, 0x02, 0xc3, 0x44, 0x33, 0x3a, 
	0xa5, 0x31, 0x46, 0x13, 0x50, 0xc5, 0x31, 0x03, 
	0xcc, 0xcc, 0x74, 0x53, 0x37, 0xa3, 0x30, 0x61, 
	0xa3, 0x0c, 0x16, 0x68, 0x23, 0x70, 0x26, 0x26, 
	0x40, 0x32, 0x20, 0x44, 0x24, 0x01, 0x46, 0x11, 
	0x7a, 0x06, 0x22, 0x3c, 0x34, 0x70, 0x03, 0x34, 
	0xaa, 0xca, 0x34, 0x07, 0x7a, 0xc3, 0x02, 0x10, 
	0x04, 0x45, 0x66, 0x12, 0x20, 0x21, 0x11, 0x22, 
	0x16, 0x31, 0x11, 0x12, 0x62, 0x94, 0x42, 0x66, 
	0x1a, 0x11, 0x43, 0x03, 0x81, 0x47, 0x30, 0x58, 
	0x7a, 0x77, 0x00, 0x77, 0x7a, 0xc5, 0x51, 0x16, 
	0x33, 0x26, 0x19, 0x91, 0x22, 0x16, 0x12, 0x00, 
	0x83, 0x00, 0x02, 0x20, 0x01, 0x11, 0x10, 0x11, 
	0x14, 0x30, 0x48, 0x60, 0x30, 0x43, 0xa7, 0x50, 
	0x33, 0x31, 0x23, 0x53, 0xa7, 0xa3, 0x53, 0x20, 
	0x23, 0x06, 0x20, 0x32, 0x18, 0x00, 0x11, 0x11, 
	0x80, 0x2c, 0x32, 0x02, 0x21, 0x21, 0x23, 0x71, 
	0x11, 0x33, 0x81, 0x33, 0x66, 0x31, 0x53, 0x54, 
	0x35, 0x33, 0x03, 0x02, 0x30, 0x00, 0x43, 0x31, 
	0x11, 0x06, 0x96, 0x11, 0x63, 0x33, 0x22, 0x21, 
	0xc5, 0x30, 0x31, 0xc0, 0x21, 0x12, 0x11, 0x23, 
	0x11, 0x82, 0x13, 0x05, 0x11, 0x31, 0x00, 0x18, 
	0x2c, 0x43, 0x21, 0x21, 0x22, 0x11, 0x85, 0xc4, 
	0x30, 0x09, 0x21, 0x22, 0x10, 0x25, 0x50, 0x13, 
	0x55, 0xcc, 0x02, 0x11, 0x20, 0x21, 0x02, 0x25, 
	0x81, 0x10, 0x21, 0x20, 0x16, 0x10, 0x22, 0x87, 
	0xaa, 0x43, 0x12, 0x01, 0x14, 0x66, 0x11, 0x43, 
	0x20, 0x46, 0x60, 0x30, 0x13, 0x32, 0x03, 0x37, 
	0x37, 0x75, 0x70, 0x48, 0x16, 0x03, 0x03, 0x22, 
	0x42, 0x74, 0xa1, 0x82, 0x18, 0x43, 0x22, 0x37, 
	0xca, 0x30, 0x35, 0x28, 0x35, 0x46, 0x26, 0x1a, 
	0x30, 0x52, 0x00, 0x07, 0x01, 0xa7, 0xa3, 0x43, 
	0x42, 0xa7, 0xaa, 0x33, 0x2c, 0x33, 0x75, 0x73, 
	0x2a, 0x78, 0x40, 0x11, 0x4a, 0x41, 0x02, 0x04, 
	0xcc, 0xcc, 0x35, 0x77, 0x03, 0x48, 0x41, 0x60, 
	0x31, 0x32, 0x2a, 0x35, 0x41, 0x22, 0x02, 0x25, 
	0x37, 0xa3, 0x81, 0x04, 0x00, 0x31, 0x83, 0xa5, 
	0xa3, 0x41, 0x00, 0x27, 0x62, 0xac, 0x61, 0x38, 
	0x77, 0xc5, 0x50, 0x35, 0x73, 0x35, 0x88, 0x15, 
	0x33, 0x40, 0x33, 0xaa, 0x73, 0x11, 0x04, 0x32, 
	0xa3, 0x33, 0x71, 0x30, 0x33, 0xc0, 0x33, 0xac, 
	0x33, 0x31, 0x03, 0x83, 0x16, 0x90, 0x11, 0x28, 
	0x37, 0x73, 0xc3, 0x73, 0xa0, 0xc1, 0x22, 0x92, 
	0x00, 0x20, 0x37, 0xbc, 0xa3, 0x01, 0x17, 0x32, 
	0x30, 0xc0, 0x03, 0x33, 0xac, 0xa7, 0x05, 0xa5, 
	0x22, 0x06, 0x03, 0x33, 0x69, 0x68, 0x22, 0x12, 
	0x88, 0x54, 0x77, 0x53, 0xc5, 0x72, 0x33, 0x11, 
	0x18, 0x83, 0x3c, 0xbc, 0x72, 0x61, 0x18, 0x34, 
	0x33, 0x34, 0x5a, 0x33, 0x5c, 0x27, 0x53, 0xc7, 
	0x22, 0x23, 0x37, 0x32, 0x96, 0x14, 0x16, 0x22, 
	0x11, 0x69, 0x14, 0x17, 0x35, 0x37, 0x02, 0x40, 
	0x03, 0x41, 0xaa, 0xbb, 0x38, 0x10, 0x17, 0x44, 
	0x3c, 0x37, 0x77, 0x37, 0xa7, 0x30, 0x73, 0xc3, 
	0x30, 0x35, 0x35, 0x11, 0x10, 0x01, 0x21, 0x22, 
	0x86, 0x13, 0x77, 0x00, 0x53, 0xc0, 0x11, 0x11, 
	0x12, 0x06, 0xcb, 0x33, 0x12, 0x00, 0x34, 0x23, 
	0x5a, 0x50, 0x5a, 0x33, 0x5a, 0xcc, 0x37, 0x35, 
	0x3c, 0x30, 0x03, 0x11, 0x16, 0x66, 0x12, 0x10, 
	0x42, 0x03, 0x5d, 0x03, 0x30, 0x02, 0x21, 0x10, 
	0x48, 0x12, 0x10, 0x40, 0x80, 0x52, 0x3c, 0x23, 
	
};

Gfx wf_dl_RSVP8P_2ede6019fb34702a_14_ci4_pal_rgba16_aligner[] = {gsSPEndDisplayList()};
u8 wf_dl_RSVP8P_2ede6019fb34702a_14_ci4_pal_rgba16[] = {
	0x7b, 0x59, 0x83, 0xdd, 0x7b, 0x9b, 0x6b, 0x17, 
	0x73, 0x59, 0x6a, 0xd5, 0x94, 0x21, 0x62, 0xd5, 
	0x73, 0x5b, 0x9c, 0xa3, 0x52, 0x53, 0x4a, 0x11, 
	0x62, 0x95, 0x83, 0x5b, 
};

Gfx wf_dl_qua_o_ty1_rock01_ci4_aligner[] = {gsSPEndDisplayList()};
u8 wf_dl_qua_o_ty1_rock01_ci4[] = {
	0x01, 0x20, 0x02, 0x13, 0x34, 0x35, 0x67, 0x78, 
	0x98, 0x87, 0x67, 0x77, 0x75, 0x20, 0x05, 0x55, 
	0xab, 0xbb, 0xcc, 0x50, 0x53, 0x33, 0x5c, 0x01, 
	0x20, 0x21, 0x03, 0x35, 0x50, 0x35, 0x20, 0x54, 
	0xaa, 0x45, 0x52, 0x14, 0x45, 0x05, 0xa8, 0x76, 
	0xaa, 0xaa, 0x46, 0x76, 0x88, 0x43, 0x04, 0x4a, 
	0xb6, 0x6b, 0x7b, 0xc5, 0x55, 0x53, 0x30, 0x11, 
	0x20, 0x50, 0x33, 0x53, 0x55, 0x53, 0x55, 0x54, 
	0x5b, 0x65, 0x01, 0x0a, 0x78, 0xaa, 0xa9, 0x98, 
	0xc5, 0x45, 0x54, 0xaa, 0x67, 0x64, 0x20, 0x4a, 
	0xca, 0xac, 0xbc, 0xc2, 0x12, 0x22, 0x20, 0x00, 
	0x54, 0xba, 0x3b, 0x64, 0x5b, 0x65, 0x35, 0xb6, 
	0xb4, 0xc3, 0x02, 0x2a, 0x78, 0x68, 0x69, 0x97, 
	0x7c, 0x33, 0xc5, 0x55, 0x46, 0xa4, 0x20, 0xca, 
	0x03, 0x55, 0x4a, 0x53, 0x55, 0x44, 0x53, 0x5b, 
	0xab, 0xba, 0xb8, 0x74, 0x35, 0x65, 0x20, 0x5c, 
	0x5c, 0x52, 0x23, 0x4a, 0x68, 0x79, 0x98, 0x8a, 
	0x77, 0xcb, 0x8a, 0x76, 0x44, 0x44, 0x30, 0x56, 
	0xaa, 0x33, 0x33, 0x35, 0x44, 0xa4, 0x4c, 0xc5, 
	0x3c, 0x47, 0x99, 0x76, 0x6c, 0xba, 0x4a, 0xa4, 
	0x04, 0x53, 0x03, 0x5a, 0x7b, 0xbb, 0xb6, 0x86, 
	0x6b, 0xb8, 0x88, 0x6b, 0xb5, 0x33, 0x01, 0x23, 
	0x44, 0x45, 0x55, 0x54, 0xa4, 0x44, 0x3c, 0xcc, 
	0x4b, 0x79, 0x89, 0x96, 0xb7, 0xaa, 0xaa, 0x33, 
	0x12, 0xcb, 0x50, 0xba, 0xbb, 0x4c, 0xc5, 0xca, 
	0xbb, 0x7b, 0x88, 0x77, 0x86, 0x45, 0xa0, 0x23, 
	0x4a, 0xab, 0x53, 0x34, 0x4a, 0x46, 0x6b, 0xbb, 
	0x88, 0x88, 0x7b, 0xb7, 0x5c, 0xa4, 0x45, 0x53, 
	0xa4, 0xb7, 0x8c, 0xa7, 0x87, 0xb7, 0x7c, 0x5b, 
	0xbb, 0xb6, 0xb6, 0xd9, 0xd7, 0x66, 0x63, 0x03, 
	0x5a, 0x4a, 0xc3, 0x35, 0x44, 0xa6, 0x6c, 0xcb, 
	0xbb, 0xb7, 0xa4, 0xa4, 0x55, 0x55, 0xbb, 0x6a, 
	0x8b, 0xaa, 0x7b, 0x67, 0x89, 0xd7, 0x7a, 0xbb, 
	0xbc, 0x3c, 0x77, 0x88, 0x67, 0x76, 0x73, 0x03, 
	0x54, 0x4a, 0x33, 0x55, 0x54, 0xa5, 0xcc, 0xcc, 
	0xc5, 0xc4, 0xc4, 0xa4, 0x5c, 0xb7, 0x87, 0x78, 
	0x88, 0xb8, 0x9b, 0x88, 0x9d, 0x9b, 0xb9, 0x7a, 
	0xac, 0x5a, 0xbb, 0x78, 0xbc, 0xc5, 0xbc, 0x03, 
	0x55, 0x55, 0xc5, 0x6a, 0x54, 0xa4, 0x55, 0x53, 
	0x50, 0xb5, 0x03, 0x58, 0x8d, 0xd8, 0xd8, 0x89, 
	0x98, 0x78, 0x9b, 0xbc, 0xcc, 0xc7, 0xdd, 0xd9, 
	0x86, 0x4a, 0x7c, 0x6a, 0xbc, 0x5c, 0x33, 0x23, 
	0x4a, 0x68, 0x9d, 0xdd, 0x9b, 0xcb, 0x7a, 0x53, 
	0x53, 0xb5, 0x47, 0x99, 0x9e, 0xed, 0xdd, 0x89, 
	0xdd, 0xdd, 0x8b, 0xc5, 0x5b, 0x9e, 0xed, 0xdd, 
	0xd8, 0x88, 0x77, 0x77, 0xcb, 0xc0, 0x02, 0x5a, 
	0xd9, 0x87, 0x9d, 0x9e, 0xed, 0xdd, 0x83, 0x0c, 
	0xc5, 0xc6, 0x79, 0xd9, 0xdd, 0x99, 0x8b, 0x7d, 
	0x99, 0x99, 0x88, 0x77, 0xa7, 0xde, 0xdd, 0xdd, 
	0xee, 0x99, 0x86, 0xbc, 0xcc, 0xa5, 0x01, 0x07, 
	0x9d, 0xdd, 0xed, 0x9d, 0xed, 0xd9, 0x4c, 0x3c, 
	0x5c, 0xbb, 0xc6, 0x99, 0x77, 0x67, 0x7b, 0xcb, 
	0x98, 0x76, 0xa6, 0x78, 0xbb, 0xb8, 0x78, 0xde, 
	0xd9, 0x87, 0x7b, 0xc3, 0x30, 0x54, 0x33, 0x3b, 
	0xd9, 0x99, 0x88, 0x8d, 0x88, 0x86, 0x3c, 0x00, 
	0xcb, 0xb7, 0x79, 0xde, 0x87, 0x87, 0x77, 0x78, 
	0x98, 0xbc, 0xbb, 0xcc, 0x77, 0x63, 0x53, 0x66, 
	0xca, 0xac, 0xab, 0xcb, 0x45, 0x5c, 0x30, 0xc4, 
	0x68, 0x99, 0xd9, 0xd6, 0xaa, 0x43, 0x10, 0x20, 
	0xc9, 0x9b, 0xb8, 0x89, 0x79, 0xdd, 0x89, 0x88, 
	0x96, 0xb9, 0x98, 0x55, 0x67, 0x7a, 0x3c, 0x33, 
	0x33, 0xcc, 0xaa, 0xba, 0x64, 0x43, 0x33, 0x5a, 
	0x7a, 0xb7, 0x98, 0x86, 0x54, 0x44, 0x33, 0x20, 
	0x89, 0x98, 0xb8, 0x7b, 0x89, 0x99, 0x99, 0x89, 
	0xdd, 0x79, 0x89, 0xaa, 0x78, 0xcc, 0xc4, 0xb5, 
	0x55, 0xcc, 0x46, 0x66, 0x44, 0xc5, 0x05, 0x37, 
	0x74, 0xba, 0x67, 0x64, 0xa3, 0x4a, 0xa4, 0x3c, 
	0xd8, 0xee, 0xd8, 0x4c, 0x79, 0x98, 0x9d, 0x98, 
	0x89, 0x88, 0xb8, 0x98, 0x97, 0x55, 0xa4, 0x5a, 
	0x54, 0x45, 0xa6, 0x64, 0x53, 0x55, 0x00, 0x39, 
	0x84, 0xa6, 0xa6, 0xa4, 0xc3, 0x4a, 0x65, 0x34, 
	0x89, 0xdd, 0xe8, 0x76, 0x98, 0xdb, 0x89, 0x89, 
	0x77, 0x77, 0x7b, 0xbc, 0x66, 0xc6, 0x6a, 0x4a, 
	0x6a, 0xc5, 0x46, 0xa4, 0x53, 0x35, 0x00, 0x57, 
	0xa4, 0x44, 0x33, 0x53, 0x53, 0x0a, 0x65, 0xc8, 
	0x89, 0xdd, 0xd8, 0x89, 0x99, 0xde, 0xd8, 0xbb, 
	0xcc, 0xbb, 0xb7, 0x87, 0x67, 0x76, 0x6a, 0x44, 
	0x4b, 0xc5, 0xa4, 0x53, 0x53, 0x00, 0x20, 0x57, 
	0x84, 0x4a, 0x00, 0x20, 0x33, 0x23, 0x43, 0x3a, 
	0xca, 0x68, 0x99, 0x99, 0xdd, 0xdd, 0x8a, 0xcc, 
	0xcb, 0xcc, 0xa6, 0x76, 0x46, 0x76, 0x64, 0x54, 
	0x5a, 0x55, 0x55, 0x55, 0x53, 0x22, 0x03, 0x4a, 
	0x7a, 0xa4, 0x45, 0x22, 0x03, 0x50, 0xa4, 0x03, 
	0x50, 0x0c, 0xcc, 0x57, 0x99, 0x99, 0x6c, 0x3c, 
	0xcb, 0xbb, 0xb9, 0x88, 0x77, 0x64, 0x5a, 0xa5, 
	0x00, 0x00, 0x03, 0x33, 0x32, 0x12, 0x00, 0xcb, 
	0xcc, 0x44, 0x53, 0x03, 0x00, 0x01, 0x55, 0x32, 
	0x01, 0x0c, 0xbb, 0xb7, 0x7a, 0xa6, 0xbc, 0xcc, 
	0xbb, 0x76, 0xaa, 0x46, 0x77, 0x53, 0x35, 0x53, 
	0x00, 0x02, 0x22, 0x20, 0x22, 0x20, 0x03, 0xc5, 
	0x5a, 0xaa, 0xa3, 0x35, 0x43, 0x53, 0x33, 0x30, 
	0x11, 0x0a, 0x43, 0x34, 0x55, 0x05, 0xcc, 0x35, 
	0x33, 0x0c, 0xc2, 0x03, 0x34, 0x4a, 0x40, 0x20, 
	0x20, 0x12, 0x11, 0x30, 0x20, 0x22, 0x12, 0xa4, 
	0x54, 0xa4, 0xb5, 0x55, 0x44, 0x44, 0x77, 0x43, 
	0x20, 0x33, 0x02, 0x35, 0x33, 0x03, 0x55, 0xc4, 
	0x02, 0x3b, 0xcc, 0x00, 0x54, 0x44, 0xaa, 0x54, 
	0xa0, 0x52, 0x11, 0x21, 0x22, 0x02, 0x22, 0x5a, 
	0xa4, 0x44, 0x44, 0xaa, 0x6a, 0xa4, 0x66, 0x66, 
	0x40, 0x55, 0x00, 0x03, 0x03, 0x20, 0x03, 0x4c, 
	0x05, 0x50, 0x00, 0x23, 0x00, 0x46, 0x66, 0x76, 
	0x45, 0x22, 0x10, 0x21, 0x10, 0x20, 0x4a, 0x54, 
	0xa4, 0x44, 0x44, 0x5a, 0x45, 0x47, 0x67, 0x87, 
	0xa0, 0x34, 0x52, 0x00, 0x20, 0x21, 0x00, 0x44, 
	0x44, 0x45, 0x02, 0x12, 0x22, 0x33, 0x5a, 0x53, 
	0x00, 0x03, 0x66, 0xd9, 0x97, 0x98, 0x6a, 0x67, 
	0x76, 0x67, 0x76, 0x67, 0x67, 0x6c, 0xbb, 0xb7, 
	0x74, 0x03, 0x32, 0x22, 0x00, 0x21, 0x12, 0x33, 
	0x55, 0x43, 0x30, 0x30, 0x00, 0x00, 0x00, 0x20, 
	0x02, 0x57, 0x78, 0xac, 0x57, 0x76, 0x66, 0x88, 
	0x64, 0x4c, 0xac, 0x69, 0xd9, 0x79, 0xde, 0xee, 
	0xd9, 0x52, 0x32, 0x21, 0x12, 0x01, 0x02, 0x03, 
	0x20, 0x00, 0x02, 0x21, 0x11, 0x11, 0x20, 0x02, 
	0x22, 0x06, 0x76, 0xa3, 0x0c, 0x67, 0x76, 0x74, 
	0xcc, 0x67, 0x77, 0x9d, 0x9d, 0x99, 0x99, 0xee, 
	0xee, 0xe7, 0xa7, 0x76, 0x02, 0x01, 0x11, 0x00, 
	0x05, 0x20, 0x30, 0x03, 0x35, 0x33, 0x02, 0x00, 
	0x03, 0xaa, 0xaa, 0xa4, 0x66, 0x4a, 0x77, 0x44, 
	0x46, 0x88, 0x87, 0x79, 0x88, 0x97, 0x98, 0x7d, 
	0xee, 0xe9, 0xde, 0xed, 0x84, 0x32, 0x20, 0x03, 
	0x6a, 0x43, 0xa5, 0x35, 0x53, 0x03, 0x4a, 0x66, 
	0x6a, 0x4b, 0xc5, 0x54, 0x76, 0x66, 0x6a, 0x3a, 
	0x46, 0x79, 0x88, 0x88, 0xdd, 0xdd, 0x87, 0x66, 
	0x9d, 0x86, 0x9d, 0xee, 0x96, 0x64, 0x30, 0xaa, 
	0x64, 0xa6, 0x67, 0xaa, 0x30, 0x05, 0x46, 0x66, 
	0x7a, 0x67, 0x77, 0x76, 0xa6, 0xaa, 0x63, 0x35, 
	0x44, 0x68, 0x9d, 0x99, 0x9d, 0x98, 0x78, 0x77, 
	0x67, 0xaa, 0x78, 0x88, 0x75, 0x4b, 0xa5, 0xa7, 
	0x66, 0x79, 0x88, 0x87, 0xbc, 0xca, 0x66, 0xa6, 
	0xac, 0xcb, 0xbb, 0xa6, 0xba, 0xcc, 0x60, 0x53, 
	0x35, 0x67, 0x66, 0x78, 0x76, 0x45, 0x4a, 0x67, 
	0x76, 0x46, 0x77, 0x84, 0x60, 0xa6, 0x74, 0x8d, 
	0x99, 0x98, 0x77, 0xbc, 0xcc, 0xcb, 0xb6, 0xcc, 
	0xcc, 0xcc, 0xc5, 0xca, 0x64, 0xcc, 0xc2, 0x53, 
	0x00, 0x33, 0x33, 0x44, 0x44, 0x53, 0x56, 0xa5, 
	0xa6, 0x5a, 0xa6, 0x66, 0xa3, 0x55, 0x44, 0x8d, 
	0x79, 0x97, 0xbc, 0xc3, 0x46, 0xa3, 0x33, 0x44, 
	0x30, 0x35, 0xc5, 0x55, 0xa6, 0xc5, 0x40, 0x54, 
	0x35, 0x53, 0x33, 0x55, 0x55, 0x50, 0x35, 0xa7, 
	0xaa, 0x55, 0x5a, 0xa6, 0x60, 0x22, 0x33, 0x68, 
	0xbc, 0xbc, 0x3c, 0x8d, 0x8e, 0xe9, 0x3a, 0x67, 
	0x87, 0x67, 0x87, 0x77, 0xcc, 0x48, 0xd7, 0x53, 
	0x46, 0x5a, 0xaa, 0x44, 0x55, 0x02, 0x23, 0x03, 
	0x35, 0x32, 0x20, 0x35, 0x33, 0x52, 0x21, 0xa7, 
	0x55, 0xb3, 0xc8, 0xee, 0xdd, 0x99, 0x6b, 0x89, 
	0xdd, 0x79, 0xd9, 0x87, 0xa6, 0x77, 0x87, 0x76, 
	0x54, 0x55, 0x33, 0x03, 0x02, 0x00, 0x20, 0x20, 
	0x05, 0xa6, 0x65, 0x22, 0x23, 0x33, 0x21, 0x3c, 
	0x22, 0x03, 0x79, 0x99, 0xdd, 0xd9, 0x9c, 0xb7, 
	0x88, 0x78, 0x8c, 0x77, 0x66, 0x67, 0x7a, 0xa7, 
	0x65, 0x00, 0x05, 0x35, 0x53, 0x20, 0x00, 0x35, 
	0x30, 0x46, 0x45, 0x02, 0x03, 0x20, 0x02, 0x12, 
	0x05, 0xb9, 0xdd, 0xd9, 0x89, 0x99, 0x89, 0x98, 
	0x78, 0x7a, 0x4c, 0xa4, 0x4a, 0xa5, 0x44, 0xa6, 
	0x64, 0xa6, 0xa4, 0x46, 0x6a, 0xa4, 0x33, 0x53, 
	0x31, 0x12, 0x20, 0x02, 0x22, 0x22, 0x00, 0x01, 
	0xcb, 0x79, 0xdd, 0xd9, 0x7b, 0x7b, 0x78, 0x88, 
	0x87, 0x64, 0x76, 0xaa, 0x6a, 0x64, 0xca, 0xa6, 
	0x65, 0x47, 0x6a, 0xaa, 0xa6, 0x78, 0x66, 0x76, 
	0x64, 0x32, 0x02, 0x35, 0x33, 0x20, 0x4c, 0x55, 
	0xcc, 0xb8, 0xdd, 0xd9, 0x76, 0xcc, 0x66, 0x77, 
	0x7b, 0x77, 0x79, 0x78, 0xa6, 0x66, 0x6a, 0xa6, 
	0x44, 0x34, 0x66, 0x6a, 0x6a, 0x66, 0x66, 0x67, 
	0x77, 0x66, 0x96, 0x45, 0x6a, 0x76, 0x64, 0x53, 
	0x35, 0x76, 0x89, 0x78, 0xb7, 0x87, 0x7b, 0xb8, 
	0x97, 0xba, 0xc4, 0x50, 0x36, 0x76, 0xa6, 0x66, 
	0x66, 0x76, 0x66, 0xa7, 0x7a, 0x6a, 0x4a, 0x67, 
	0x79, 0x97, 0x66, 0x66, 0x79, 0x7a, 0x45, 0x50, 
	0x23, 0x44, 0x79, 0x78, 0x99, 0x8b, 0xbc, 0xc7, 
	0x8b, 0xc3, 0x03, 0x00, 0xcc, 0xac, 0xaa, 0x66, 
	0xa7, 0x77, 0x66, 0xa7, 0x64, 0x4a, 0x46, 0x67, 
	0x77, 0x9a, 0x53, 0x55, 0x69, 0x74, 0x6a, 0x42, 
	0x03, 0x5a, 0x78, 0x8d, 0x99, 0x98, 0x7c, 0x33, 
	0x30, 0x23, 0xcc, 0xcc, 0xc0, 0xc7, 0xd9, 0x6b, 
	0x6a, 0x7b, 0x77, 0x67, 0x6b, 0x76, 0x6a, 0x47, 
	0x67, 0x6a, 0x56, 0x77, 0x99, 0x87, 0x6a, 0x50, 
	0x55, 0x35, 0x78, 0x77, 0x78, 0x77, 0x66, 0x35, 
	0x53, 0x23, 0xa7, 0x8d, 0xdd, 0x79, 0xdd, 0xbc, 
	0xa6, 0x66, 0x78, 0x87, 0x6a, 0xaa, 0xab, 0xbb, 
	0x64, 0x53, 0x03, 0x34, 0x44, 0x4a, 0x64, 0x68, 
	0x66, 0x30, 0x35, 0x6d, 0x86, 0x66, 0xa3, 0x20, 
	0x02, 0x13, 0xc7, 0x88, 0x88, 0x77, 0x97, 0xa4, 
	0xa4, 0xa6, 0x79, 0x86, 0x66, 0x6a, 0x67, 0xcc, 
	0x54, 0x45, 0x55, 0x55, 0x35, 0x44, 0x4a, 0x68, 
	0x44, 0x22, 0x02, 0x04, 0x44, 0xb6, 0x30, 0x20, 
	0x02, 0x10, 0x47, 0x78, 0x97, 0xaa, 0x77, 0xc4, 
	0x65, 0xa9, 0xdd, 0x98, 0x76, 0x77, 0x9d, 0x8c, 
	0xb7, 0x6b, 0xa4, 0x45, 0x35, 0x36, 0x6a, 0x67, 
	0x2a, 0x53, 0x32, 0x30, 0x13, 0x02, 0x05, 0x53, 
	0x00, 0x48, 0x99, 0x77, 0x86, 0x5a, 0x67, 0xb8, 
	0x7a, 0x48, 0x79, 0x87, 0x74, 0x78, 0x7d, 0x98, 
	0xc8, 0x87, 0xa5, 0x55, 0x35, 0xaa, 0xa7, 0x73, 
	0x23, 0x4a, 0x51, 0x33, 0x30, 0x38, 0xd8, 0x8b, 
	0xc4, 0x68, 0xdd, 0x8b, 0xca, 0xa7, 0x7c, 0x68, 
	0x87, 0x48, 0xd9, 0x7b, 0x97, 0xdd, 0x87, 0x78, 
	0x66, 0x66, 0xa4, 0x50, 0x56, 0x45, 0x5a, 0x32, 
	0x55, 0x55, 0x53, 0x00, 0x55, 0xc7, 0x9d, 0xee, 
	0xd7, 0x88, 0xd9, 0xbc, 0x5c, 0x77, 0xba, 0xb8, 
	0xd8, 0x7b, 0x67, 0xb7, 0xaa, 0x98, 0xbb, 0x6a, 
	0x43, 0x3a, 0xa4, 0x5a, 0xa4, 0x50, 0x23, 0x03, 
	0x02, 0x22, 0x35, 0xca, 0xd9, 0xbb, 0x8d, 0xe9, 
	0x88, 0xcc, 0x6b, 0x3c, 0xc5, 0xb5, 0x33, 0x77, 
	0xa4, 0xa6, 0x66, 0x4c, 0x79, 0x98, 0x77, 0x5a, 
	0x44, 0xaa, 0xaa, 0x46, 0xa4, 0x45, 0x02, 0x00, 
	0x32, 0x22, 0xc7, 0x97, 0xd9, 0xcc, 0xc8, 0x97, 
	0x76, 0xcc, 0x3c, 0x4a, 0xbb, 0x32, 0x35, 0x73, 
	0x54, 0xa4, 0x44, 0xc3, 0x47, 0x99, 0x98, 0x78, 
	0x7a, 0xa4, 0x45, 0x53, 0x3c, 0x3c, 0x53, 0x50, 
	0xac, 0xcc, 0x67, 0x8d, 0xdd, 0x7c, 0xbb, 0xca, 
	0x4c, 0xc5, 0xcc, 0x57, 0x7a, 0x03, 0x5b, 0x85, 
	0xa6, 0xaa, 0x45, 0x35, 0x57, 0x89, 0xd9, 0x89, 
	0x86, 0x77, 0x66, 0x4a, 0xa3, 0x5c, 0x44, 0x6a, 
	0xa5, 0x44, 0x77, 0x76, 0x66, 0xc3, 0xa6, 0xa6, 
	0xa5, 0x30, 0x03, 0x49, 0xbc, 0x05, 0xba, 0xbc, 
	0xa6, 0xa5, 0x5c, 0x53, 0x47, 0xde, 0xee, 0xdd, 
	0xd9, 0x89, 0x84, 0x3c, 0xc0, 0xcc, 0x44, 0x44, 
	0x66, 0xa9, 0x7a, 0x76, 0x54, 0x54, 0xa7, 0x78, 
	0x7c, 0x33, 0x33, 0x3b, 0xd9, 0xd8, 0xdb, 0xcb, 
	0xa4, 0xa6, 0xc5, 0x55, 0xc6, 0x78, 0x99, 0x99, 
	0xde, 0xdd, 0x97, 0x87, 0x7c, 0xcc, 0x44, 0x68, 
	0x6a, 0xa8, 0x78, 0x86, 0x66, 0x67, 0x66, 0x77, 
	0xa3, 0x00, 0x03, 0x5c, 0x9d, 0xd9, 0x9b, 0x56, 
	0x46, 0xb8, 0x7b, 0x45, 0xa6, 0x7a, 0x5a, 0x53, 
	0x45, 0x54, 0xa4, 0xa8, 0xbc, 0xcc, 0xc5, 0x4a, 
	0x44, 0x56, 0x69, 0x87, 0x64, 0x4a, 0x67, 0x4a, 
	0x43, 0x20, 0x54, 0x55, 0xc8, 0xd9, 0x7c, 0x77, 
	0x77, 0x87, 0x7b, 0x7c, 0x78, 0xac, 0x03, 0x00, 
	0x00, 0x22, 0x22, 0x0c, 0x4c, 0xc6, 0x6a, 0xa6, 
	0x74, 0x43, 0x57, 0x87, 0x76, 0x54, 0x4a, 0x44, 
	0x45, 0x33, 0x55, 0xa5, 0x5a, 0x98, 0x6a, 0x77, 
	0x7b, 0x67, 0x78, 0x8b, 0x68, 0x73, 0x5c, 0x30, 
	0x03, 0x00, 0x01, 0x15, 0xcc, 0xa6, 0x66, 0x66, 
	0x7a, 0x35, 0x55, 0xaa, 0x5a, 0xbc, 0xba, 0x45, 
	0xaa, 0x34, 0xa4, 0x45, 0x55, 0x68, 0x54, 0xa7, 
	0x77, 0x97, 0x9d, 0xd9, 0x78, 0x89, 0xbc, 0x22, 
	0x20, 0x12, 0x31, 0x20, 0xca, 0x6a, 0x6a, 0x69, 
	0x87, 0x64, 0x55, 0xa4, 0x44, 0xbc, 0x54, 0x45, 
	0x44, 0x20, 0x3a, 0x30, 0x05, 0xa0, 0x54, 0x56, 
	0x78, 0x99, 0x97, 0xde, 0xed, 0xdd, 0x99, 0xb0, 
	0x22, 0x00, 0x00, 0x04, 0x4a, 0x44, 0x45, 0x49, 
	0x76, 0x74, 0x35, 0x45, 0x45, 0x30, 0x03, 0x55, 
	0x53, 0xa8, 0x87, 0x42, 0x05, 0x20, 0x4a, 0xa4, 
	0x68, 0x77, 0xbc, 0xcb, 0x9d, 0xee, 0x89, 0x9b, 
	0x30, 0xc6, 0x77, 0x76, 0x66, 0x66, 0x54, 0xa8, 
	0x64, 0x53, 0x00, 0x00, 0x33, 0x30, 0x02, 0x04, 
	0x78, 0x9e, 0x97, 0xa0, 0x00, 0x25, 0xa5, 0x35, 
	0x4a, 0x76, 0x64, 0xc5, 0xcc, 0x88, 0x87, 0xcc, 
	0x3c, 0x67, 0x77, 0x88, 0x97, 0xa6, 0xa6, 0x77, 
	0x35, 0x33, 0x30, 0x12, 0x22, 0x25, 0x35, 0xa7, 
	0x9d, 0x9e, 0xd8, 0x73, 0x01, 0x25, 0x55, 0x35, 
	0x4a, 0x6c, 0xc5, 0xc5, 0x35, 0x30, 0x00, 0x30, 
	0x10, 0x56, 0x77, 0x6b, 0x4a, 0x5a, 0x54, 0x55, 
	0x50, 0x03, 0x32, 0x11, 0x03, 0x49, 0xd7, 0x79, 
	0xed, 0xdd, 0x76, 0x65, 0x01, 0x20, 0x05, 0x54, 
	0xcb, 0xbc, 0x33, 0x32, 0x03, 0x01, 0x25, 0x01, 
	0x33, 0x13, 0x54, 0x55, 0x55, 0x32, 0x25, 0x55, 
	
};

Gfx wf_dl_qua_o_ty1_rock01_ci4_pal_rgba16_aligner[] = {gsSPEndDisplayList()};
u8 wf_dl_qua_o_ty1_rock01_ci4_pal_rgba16[] = {
	0x29, 0x4b, 0x19, 0x07, 0x21, 0x49, 0x31, 0x8d, 
	0x42, 0x51, 0x39, 0xcf, 0x4a, 0x95, 0x52, 0xd7, 
	0x5b, 0x59, 0x6b, 0x5b, 0x42, 0x53, 0x4a, 0x93, 
	0x42, 0x0f, 0x73, 0xdd, 0x84, 0x61, 
};

Gfx wf_dl_rock_slide_ci4_aligner[] = {gsSPEndDisplayList()};
u8 wf_dl_rock_slide_ci4[] = {
	0x00, 0x12, 0x33, 0x45, 0x54, 0x34, 0x56, 0x77, 
	0x78, 0x9a, 0x76, 0x55, 0x79, 0xbb, 0xa5, 0x66, 
	0x56, 0xa9, 0x9b, 0x9a, 0x65, 0x67, 0x66, 0x67, 
	0x9b, 0xb9, 0xac, 0x64, 0x31, 0x11, 0xd0, 0x1e, 
	0x22, 0x22, 0x34, 0x57, 0x65, 0x45, 0x67, 0x77, 
	0x7a, 0x99, 0xac, 0x77, 0x89, 0xbb, 0x87, 0xaa, 
	0x75, 0x6c, 0xa8, 0xa6, 0x55, 0x66, 0x65, 0x36, 
	0x9b, 0xb9, 0xac, 0x53, 0x2e, 0x10, 0x11, 0x1e, 
	0x12, 0x32, 0x23, 0x6c, 0x76, 0x56, 0x7c, 0x77, 
	0x7a, 0x9b, 0x98, 0xa8, 0x9b, 0xbb, 0x8c, 0x89, 
	0xa5, 0x46, 0x76, 0x55, 0x56, 0x7c, 0xc6, 0x45, 
	0x8b, 0xb9, 0xa7, 0x64, 0x22, 0x21, 0x01, 0x22, 
	0x2e, 0xe1, 0x24, 0x6c, 0xac, 0x7c, 0xcc, 0x76, 
	0x7c, 0x89, 0x99, 0x88, 0x99, 0x99, 0xa8, 0x9b, 
	0x85, 0x34, 0x55, 0x45, 0x6c, 0x7c, 0xc7, 0x45, 
	0xa9, 0x98, 0xc7, 0x52, 0x11, 0x21, 0xd0, 0x1e, 
	0x1e, 0x10, 0x14, 0x6c, 0xa8, 0x88, 0xc7, 0x76, 
	0x77, 0x6c, 0xaa, 0xac, 0xcc, 0xc7, 0x6a, 0x9b, 
	0x9c, 0x33, 0x43, 0x23, 0x55, 0x55, 0x65, 0x34, 
	0x6a, 0xac, 0x76, 0x43, 0x2e, 0x2e, 0xee, 0xee, 
	0x0e, 0x11, 0x12, 0x5c, 0x89, 0x98, 0x75, 0x66, 
	0x77, 0x7c, 0xcc, 0x66, 0x65, 0x45, 0x56, 0x78, 
	0x88, 0xc5, 0x55, 0x55, 0x44, 0x44, 0x33, 0x34, 
	0x67, 0xcc, 0xc7, 0x63, 0x23, 0xee, 0xee, 0x00, 
	0xdd, 0xe2, 0xe1, 0x46, 0xa9, 0x9a, 0x64, 0x56, 
	0x6c, 0x89, 0x9a, 0xc6, 0x65, 0x35, 0xc5, 0x57, 
	0xca, 0xaa, 0xc6, 0x67, 0x66, 0x45, 0x55, 0x55, 
	0x7c, 0xaa, 0xa7, 0x54, 0x1e, 0xee, 0xe1, 0x10, 
	0xee, 0x23, 0x42, 0x35, 0xc8, 0x9a, 0x74, 0x46, 
	0x67, 0xa9, 0x98, 0x8c, 0xc5, 0x4c, 0xa5, 0x45, 
	0x6c, 0xcc, 0xac, 0x77, 0xcc, 0x55, 0x55, 0x55, 
	0x67, 0xca, 0xa7, 0x52, 0xe1, 0x11, 0x22, 0x2e, 
	0x42, 0x22, 0x43, 0x45, 0x67, 0xa7, 0x64, 0x56, 
	0x67, 0x66, 0xca, 0xa7, 0x46, 0x78, 0x96, 0x44, 
	0x56, 0x77, 0xca, 0xc6, 0x66, 0x67, 0x76, 0x65, 
	0x56, 0x66, 0x77, 0x53, 0xee, 0x23, 0x43, 0x34, 
	0x44, 0x24, 0x64, 0x66, 0x7c, 0x75, 0x46, 0x55, 
	0x56, 0x7c, 0x66, 0x77, 0x6c, 0xa8, 0x8c, 0x55, 
	0x56, 0x66, 0x7c, 0xa7, 0x55, 0x6c, 0xaa, 0x99, 
	0xa6, 0x75, 0x55, 0x35, 0x46, 0x64, 0x64, 0x45, 
	0x54, 0x34, 0x53, 0x45, 0x55, 0x46, 0xcc, 0xc6, 
	0x67, 0xa8, 0xa7, 0xca, 0x8a, 0x89, 0x98, 0xa7, 
	0x66, 0x77, 0xca, 0xac, 0x76, 0xc9, 0xb9, 0x9b, 
	0x9a, 0x65, 0x45, 0x66, 0x5c, 0xc6, 0x66, 0x45, 
	0x66, 0x66, 0x43, 0x34, 0x67, 0xc8, 0x9a, 0xaa, 
	0xaa, 0x9b, 0x9c, 0xa9, 0xbb, 0x9b, 0xbb, 0xb9, 
	0x9a, 0xc7, 0xca, 0xa9, 0x99, 0x9b, 0xfb, 0xf9, 
	0xc7, 0x66, 0x66, 0x76, 0x66, 0x55, 0x42, 0x36, 
	0x55, 0x55, 0x44, 0x45, 0x7a, 0x89, 0x98, 0xaa, 
	0x99, 0x9b, 0x9c, 0xa9, 0xbb, 0xbb, 0xbb, 0xbb, 
	0xb9, 0xaa, 0x8a, 0xc8, 0xbb, 0xbb, 0xbb, 0xb8, 
	0x55, 0x66, 0x44, 0x65, 0x33, 0x23, 0x32, 0xe2, 
	0x54, 0x32, 0x22, 0x35, 0x5c, 0x89, 0x88, 0x88, 
	0xac, 0xa8, 0x8c, 0xca, 0x9b, 0xb9, 0x9b, 0xbb, 
	0xbb, 0x9a, 0xc6, 0x6c, 0xca, 0x89, 0x99, 0xa6, 
	0x45, 0x67, 0x67, 0x7a, 0x43, 0x43, 0x33, 0x34, 
	0x54, 0x2e, 0x22, 0xe2, 0x57, 0x89, 0x98, 0x9a, 
	0x65, 0x56, 0x7c, 0x7a, 0xa9, 0xbb, 0xbb, 0xbb, 
	0xbb, 0xbb, 0x8c, 0xc4, 0x44, 0x57, 0x76, 0x33, 
	0x47, 0xc7, 0xcc, 0x66, 0x35, 0x66, 0x45, 0x44, 
	0x52, 0x25, 0x54, 0x1e, 0x36, 0xa8, 0x89, 0xb8, 
	0x55, 0x66, 0x77, 0xcc, 0xc8, 0x9b, 0xbb, 0xbb, 
	0xff, 0xfb, 0xba, 0x64, 0x33, 0x44, 0x33, 0x22, 
	0x67, 0x7c, 0x77, 0x53, 0x45, 0x55, 0x55, 0x45, 
	0x66, 0x35, 0x45, 0x22, 0x35, 0x56, 0xa9, 0xf9, 
	0xca, 0xa6, 0x57, 0xca, 0xcc, 0xab, 0xfb, 0x9b, 
	0xbf, 0xff, 0xb8, 0x65, 0x43, 0x34, 0x54, 0x23, 
	0xc6, 0x88, 0x8c, 0x32, 0x35, 0x54, 0x56, 0x54, 
	0x45, 0x44, 0x24, 0x54, 0x54, 0x33, 0x5a, 0x99, 
	0xa8, 0x87, 0x56, 0x77, 0x76, 0xc9, 0xbf, 0xbf, 
	0xff, 0xff, 0xf9, 0x74, 0x32, 0x34, 0x43, 0x23, 
	0x67, 0xcc, 0x9c, 0x53, 0x54, 0x62, 0x45, 0x45, 
	0x33, 0x33, 0x32, 0x2e, 0x34, 0x46, 0xca, 0x88, 
	0x9b, 0xb9, 0xa7, 0x65, 0x55, 0x47, 0x8b, 0xbf, 
	0xff, 0xff, 0xfb, 0x9c, 0x53, 0x46, 0x64, 0x46, 
	0x67, 0xcc, 0xac, 0x66, 0x55, 0x6c, 0x64, 0x22, 
	0xee, 0x22, 0x23, 0x43, 0x36, 0x7c, 0x89, 0x99, 
	0x9b, 0xbb, 0x98, 0xc4, 0x44, 0x44, 0x78, 0xbb, 
	0xff, 0xff, 0xff, 0xfb, 0xa6, 0x7a, 0xa7, 0x56, 
	0x55, 0x66, 0x77, 0x66, 0x66, 0x66, 0x4e, 0xee, 
	0xe2, 0xee, 0xe2, 0x33, 0x24, 0x67, 0x9b, 0xbb, 
	0xbb, 0xbb, 0x99, 0x85, 0x44, 0x33, 0x57, 0x8b, 
	0xbf, 0xff, 0xff, 0xfb, 0xbb, 0xbb, 0xb9, 0x98, 
	0x65, 0x77, 0x65, 0x34, 0x55, 0x55, 0x2e, 0x0e, 
	0xe2, 0x22, 0x25, 0x44, 0x45, 0x55, 0x78, 0x99, 
	0x99, 0xb9, 0xbb, 0x9c, 0x53, 0x23, 0x33, 0x78, 
	0x9b, 0xff, 0xbb, 0x89, 0xbf, 0xff, 0xff, 0xb9, 
	0x98, 0xc6, 0x66, 0x44, 0x3e, 0xe2, 0x2e, 0xee, 
	0x22, 0x32, 0xee, 0xe3, 0x45, 0x34, 0x57, 0x89, 
	0x98, 0x9b, 0xfb, 0xba, 0x53, 0x23, 0x23, 0x6c, 
	0xa9, 0xfb, 0xb8, 0x69, 0xff, 0xff, 0xff, 0xfb, 
	0x99, 0x9a, 0x74, 0x22, 0x11, 0x01, 0xee, 0x01, 
	0x00, 0x0e, 0xed, 0x01, 0xe3, 0x56, 0x76, 0xc8, 
	0x88, 0x89, 0x99, 0x9c, 0x53, 0xee, 0x12, 0x55, 
	0x6a, 0x99, 0x8a, 0x8b, 0xff, 0xff, 0xff, 0xbf, 
	0xfb, 0x99, 0xa3, 0xee, 0x10, 0x00, 0x11, 0xee, 
	0x0d, 0x02, 0xee, 0x11, 0x24, 0x57, 0xcc, 0x7a, 
	0x99, 0xb9, 0x8a, 0x77, 0x63, 0xe2, 0x22, 0x45, 
	0x6a, 0x9a, 0x7c, 0x89, 0xbf, 0xff, 0xff, 0xff, 
	0xf8, 0xcc, 0x76, 0x21, 0x00, 0xd0, 0x00, 0xee, 
	0x01, 0x10, 0x00, 0x0e, 0xe3, 0x5c, 0xac, 0x77, 
	0xa9, 0xbb, 0x98, 0xa6, 0x64, 0x23, 0x33, 0x34, 
	0x57, 0xa8, 0x8a, 0xaa, 0xaa, 0x89, 0x9b, 0xff, 
	0xfb, 0xa6, 0x53, 0x21, 0xd0, 0xdd, 0x00, 0xee, 
	0xee, 0xe1, 0x0d, 0x01, 0xe3, 0x45, 0x77, 0x65, 
	0x6a, 0x9b, 0xbb, 0x9a, 0xac, 0xaa, 0x64, 0x56, 
	0x66, 0x7a, 0x88, 0xbb, 0x98, 0x9b, 0xbb, 0xff, 
	0xff, 0x9a, 0x74, 0xe0, 0x00, 0xdd, 0xdd, 0x00, 
	0x11, 0xe0, 0x00, 0x11, 0xe2, 0x34, 0x55, 0x43, 
	0x57, 0x8b, 0xbb, 0x97, 0xc8, 0x98, 0xc5, 0x66, 
	0x44, 0x57, 0xca, 0x9b, 0xb9, 0x89, 0xbf, 0xff, 
	0xff, 0xb9, 0x85, 0x20, 0xdd, 0x0d, 0x0d, 0x00, 
	0xd0, 0x00, 0x0d, 0x00, 0x12, 0x34, 0x55, 0x32, 
	0x46, 0xc9, 0xbb, 0xbb, 0x8a, 0x89, 0xb8, 0x53, 
	0x33, 0x55, 0x66, 0xa8, 0x89, 0x8a, 0xa8, 0xbb, 
	0xbb, 0xb9, 0x8c, 0x53, 0x0d, 0x0d, 0xdd, 0x00, 
	0x01, 0xd0, 0x00, 0x01, 0xe3, 0x34, 0x67, 0x55, 
	0x56, 0xc8, 0x89, 0x8b, 0xb8, 0xc8, 0xbb, 0xc5, 
	0x45, 0x66, 0x66, 0x7c, 0x67, 0xc6, 0xcc, 0xc9, 
	0x9b, 0xb9, 0x98, 0xa6, 0x4e, 0x0d, 0xd0, 0x00, 
	0x2e, 0xe0, 0xe1, 0x1e, 0xe2, 0x34, 0x6c, 0xaa, 
	0x8a, 0x89, 0x8c, 0xc8, 0xb8, 0xc8, 0xbb, 0x8c, 
	0x55, 0x7a, 0xca, 0xa8, 0x8a, 0xcc, 0x66, 0x67, 
	0x89, 0x9a, 0xaa, 0x8a, 0x52, 0x2e, 0x00, 0xee, 
	0x2e, 0xe2, 0x23, 0x22, 0xe2, 0x35, 0x6c, 0xca, 
	0x88, 0x8a, 0xac, 0xc8, 0x99, 0xbb, 0x99, 0x98, 
	0xa6, 0x6a, 0x89, 0x9b, 0xbb, 0x9a, 0x77, 0x67, 
	0x7a, 0x76, 0x65, 0x54, 0x31, 0xe2, 0xe1, 0xe3, 
	0x22, 0x35, 0x44, 0x43, 0x33, 0x46, 0x7c, 0xca, 
	0xaa, 0xaa, 0x7c, 0xc8, 0xbb, 0xbb, 0xb9, 0x99, 
	0x9c, 0x7a, 0xa8, 0xbb, 0xb9, 0x8c, 0x55, 0x66, 
	0x67, 0x65, 0x54, 0x4e, 0x20, 0xe2, 0x3e, 0x46, 
	0x55, 0x54, 0x33, 0x2e, 0x23, 0x47, 0xac, 0x77, 
	0x7a, 0x9a, 0x7c, 0xa8, 0xbb, 0xbb, 0xbb, 0xbb, 
	0xfb, 0xc7, 0xcc, 0x89, 0x99, 0xac, 0x89, 0xb9, 
	0xaa, 0xca, 0xc5, 0x33, 0x21, 0x11, 0xee, 0x46, 
	0x35, 0x53, 0x2e, 0xe1, 0x24, 0x55, 0x7c, 0xcc, 
	0x6c, 0x88, 0xc6, 0x6c, 0x99, 0x9b, 0xbb, 0x9a, 
	0x8b, 0xb8, 0xcc, 0xa9, 0xbb, 0x9a, 0x89, 0xbb, 
	0xb9, 0x99, 0x8c, 0x43, 0x30, 0xdd, 0x00, 0x24, 
	0x2e, 0x2e, 0x0e, 0x46, 0x4a, 0xac, 0x7a, 0x89, 
	0x99, 0x89, 0xb8, 0xaa, 0xcc, 0xa9, 0xb9, 0xa7, 
	0x7a, 0x8b, 0xbb, 0xb9, 0x99, 0x9b, 0x99, 0x9b, 
	0xbb, 0xbb, 0x87, 0x42, 0xe1, 0x1d, 0xdd, 0xe3, 
	0x11, 0x20, 0xe4, 0xcc, 0x67, 0x7c, 0xc8, 0x99, 
	0x99, 0x8b, 0xbb, 0x88, 0xc7, 0xca, 0x99, 0x8a, 
	0xac, 0xc9, 0xbf, 0xf9, 0x8a, 0x9b, 0xbf, 0xbb, 
	0xbf, 0xfb, 0x97, 0x42, 0x11, 0x10, 0xdd, 0x0e, 
	0xdd, 0x00, 0x35, 0x55, 0x66, 0x77, 0xa8, 0x9b, 
	0xbb, 0x99, 0xbb, 0xb9, 0x87, 0x7c, 0x8a, 0xa9, 
	0x99, 0xaa, 0x89, 0x9b, 0xff, 0xbb, 0xff, 0xbf, 
	0xff, 0xfb, 0x9c, 0x63, 0xe1, 0xd0, 0x0d, 0xdd, 
	0x01, 0x25, 0x66, 0x65, 0x45, 0x66, 0x78, 0x9b, 
	0xbb, 0x99, 0x9b, 0xb9, 0xa6, 0x44, 0x6c, 0xa8, 
	0x88, 0x99, 0x99, 0x88, 0x88, 0x9b, 0xff, 0xff, 
	0xfb, 0xbb, 0x9c, 0x64, 0xe1, 0x0d, 0x00, 0x0d, 
	0xe2, 0x35, 0x66, 0x65, 0x33, 0x45, 0x6a, 0x99, 
	0x99, 0x8a, 0xa8, 0x8a, 0xc5, 0x43, 0x46, 0xc8, 
	0x98, 0x99, 0xa8, 0x88, 0x99, 0x9b, 0xbf, 0xff, 
	0xff, 0xf9, 0x8c, 0x64, 0x2e, 0x00, 0xee, 0x11, 
	0xee, 0x24, 0x66, 0x65, 0x33, 0x34, 0x67, 0xa9, 
	0x9a, 0xcc, 0xa8, 0xac, 0x65, 0x44, 0x55, 0x6a, 
	0x99, 0x99, 0x99, 0x99, 0xbb, 0xbf, 0xff, 0xff, 
	0xff, 0xfb, 0xb8, 0x74, 0x32, 0x32, 0x2e, 0x10, 
	0x01, 0x32, 0x45, 0x34, 0x24, 0x66, 0x77, 0xc9, 
	0x98, 0x77, 0x7c, 0x65, 0x55, 0x43, 0x35, 0x56, 
	0xca, 0x9b, 0xbb, 0xbb, 0xbf, 0xff, 0xfb, 0xbb, 
	0xff, 0xbb, 0x98, 0xc5, 0x45, 0x3e, 0xe1, 0x10, 
	0xd0, 0xee, 0x35, 0x34, 0x56, 0x67, 0x77, 0x7a, 
	0x8a, 0x64, 0x45, 0x44, 0x55, 0x43, 0x33, 0x55, 
	0x5c, 0xa9, 0x98, 0xa8, 0x99, 0x99, 0x98, 0x88, 
	0x89, 0xb9, 0xa6, 0x53, 0x35, 0x3e, 0x2e, 0xed, 
	0x00, 0x1e, 0x34, 0x46, 0x56, 0x7c, 0xc7, 0x77, 
	0x65, 0x33, 0x33, 0x33, 0x44, 0x55, 0xc6, 0x57, 
	0x76, 0xa9, 0x9a, 0x7c, 0xa8, 0x9b, 0xbb, 0x98, 
	0xca, 0xa8, 0x76, 0x65, 0x65, 0x43, 0x2e, 0x10, 
	0x11, 0x01, 0x34, 0x33, 0x45, 0x6c, 0xcc, 0x65, 
	0x55, 0x44, 0x45, 0x6c, 0xcc, 0x56, 0xcc, 0x55, 
	0x66, 0xca, 0xc7, 0x7c, 0x8b, 0xbb, 0xbb, 0xb9, 
	0x88, 0x8a, 0x65, 0x33, 0x32, 0xe2, 0x2e, 0x24, 
	0x22, 0x00, 0x01, 0x26, 0x54, 0x57, 0xcc, 0x54, 
	0x54, 0x33, 0x35, 0x66, 0x76, 0x55, 0x65, 0x44, 
	0x54, 0x57, 0xca, 0xca, 0xbb, 0x9a, 0x9b, 0xbb, 
	0x98, 0xa6, 0x54, 0x44, 0x32, 0xee, 0xee, 0x24, 
	0xee, 0xdd, 0x0d, 0x02, 0x23, 0x57, 0x76, 0x54, 
	0x54, 0x33, 0x45, 0x56, 0x75, 0x44, 0x55, 0x34, 
	0x53, 0x5c, 0xaa, 0xa8, 0xbb, 0x8a, 0x9b, 0xb9, 
	0x98, 0xa7, 0x75, 0x54, 0x32, 0x12, 0x2e, 0x23, 
	0xde, 0x10, 0x00, 0x11, 0xe3, 0x45, 0x6c, 0x76, 
	0x66, 0x56, 0x76, 0x56, 0x76, 0x55, 0x66, 0x56, 
	0x76, 0x5c, 0xca, 0xca, 0x89, 0x99, 0x9b, 0xbb, 
	0x9b, 0xb9, 0x9a, 0x75, 0x32, 0x22, 0xe3, 0x30, 
	0xd0, 0xee, 0x1d, 0x1e, 0x23, 0x5a, 0x99, 0x98, 
	0xac, 0x77, 0xcc, 0x65, 0x56, 0x57, 0xc7, 0x7c, 
	0xca, 0xa8, 0x8a, 0x7c, 0x88, 0xbf, 0xff, 0xfb, 
	0x89, 0x9b, 0x98, 0x75, 0x43, 0x21, 0x1e, 0x0d, 
	0x11, 0x11, 0x11, 0x11, 0x34, 0x6a, 0x9b, 0xbb, 
	0xb9, 0xa7, 0xcc, 0x55, 0x55, 0x67, 0x77, 0x6c, 
	0x88, 0x99, 0x98, 0x88, 0x89, 0xff, 0xff, 0xff, 
	0xb9, 0x99, 0x98, 0xc6, 0x43, 0xe0, 0xd0, 0x00, 
	0x0d, 0xdd, 0x1e, 0x23, 0xcc, 0xcc, 0xa8, 0xbb, 
	0xbb, 0xa6, 0x66, 0x55, 0x56, 0x76, 0x66, 0x77, 
	0x7c, 0x89, 0x9b, 0xb9, 0x99, 0xbf, 0xff, 0xff, 
	0xbf, 0xfb, 0xb9, 0xc6, 0x32, 0x21, 0x0d, 0x00, 
	0x0d, 0xdd, 0xe3, 0x65, 0xcc, 0x7c, 0xc8, 0x9b, 
	0xb8, 0xc6, 0x56, 0x56, 0x7a, 0x77, 0x76, 0x76, 
	0x67, 0xc8, 0x89, 0x99, 0xbb, 0xbf, 0xff, 0xbf, 
	0xff, 0xfb, 0x98, 0x74, 0x22, 0x1e, 0x10, 0x10, 
	0xee, 0xee, 0x23, 0x5c, 0xca, 0xcc, 0xaa, 0xa8, 
	0x9a, 0x75, 0x66, 0x57, 0xcc, 0xcc, 0xcc, 0xc6, 
	0x77, 0x7a, 0x8a, 0xac, 0x89, 0x9b, 0xbb, 0xbb, 
	0xbb, 0xbb, 0x8a, 0xc6, 0x42, 0xee, 0xee, 0x2e, 
	0xe1, 0xee, 0x34, 0x55, 0x56, 0x66, 0x77, 0x7a, 
	0xc6, 0x33, 0x44, 0x5a, 0xc7, 0x7a, 0x99, 0xac, 
	0xcc, 0x88, 0x8c, 0x7c, 0x88, 0x9b, 0x9b, 0x99, 
	0x99, 0x99, 0x8c, 0x76, 0x4e, 0x2e, 0xee, 0xee, 
	0x22, 0xe5, 0x43, 0x55, 0x33, 0x47, 0xaa, 0x7c, 
	0x75, 0x32, 0x33, 0x46, 0xaa, 0x88, 0x98, 0xaa, 
	0xa9, 0xbb, 0xbb, 0x99, 0x99, 0x8a, 0xa8, 0x88, 
	0x9b, 0xb9, 0x8a, 0xac, 0x63, 0x2e, 0xee, 0x24, 
	0x22, 0x24, 0x46, 0x64, 0x33, 0x46, 0x67, 0x76, 
	0x43, 0x22, 0x23, 0x34, 0xc8, 0x99, 0x88, 0xa8, 
	0x9b, 0xff, 0xbf, 0xbf, 0xff, 0xbb, 0x99, 0x8a, 
	0xaa, 0x88, 0x8a, 0xcc, 0x53, 0x2e, 0xe1, 0xee, 
	0xee, 0xe3, 0x47, 0x65, 0x33, 0x34, 0x56, 0x65, 
	0x43, 0xee, 0x33, 0x33, 0x4c, 0x88, 0xa7, 0xa8, 
	0x99, 0xbb, 0xff, 0xbf, 0xff, 0xff, 0xbb, 0x98, 
	0xa8, 0x88, 0x8a, 0x76, 0x43, 0x22, 0x2e, 0xe2, 
	0x3e, 0xee, 0x35, 0x55, 0x55, 0x34, 0x45, 0x54, 
	0x33, 0x2e, 0x22, 0x34, 0x45, 0xc7, 0x6c, 0x89, 
	0x9b, 0xbb, 0xbb, 0xff, 0xff, 0xff, 0xff, 0xfb, 
	0xbb, 0xbb, 0x98, 0x76, 0x43, 0x22, 0x22, 0x22, 
	0x32, 0xe2, 0x34, 0x56, 0x55, 0x53, 0x44, 0x67, 
	0x64, 0xe3, 0x33, 0x34, 0x46, 0xcc, 0x7a, 0x9b, 
	0xbf, 0xfb, 0xff, 0xff, 0xff, 0xbb, 0xbb, 0xbb, 
	0xbf, 0xff, 0xb8, 0xa6, 0x43, 0x32, 0x2e, 0x25, 
	0x43, 0x34, 0x46, 0xcc, 0x75, 0x43, 0x33, 0x45, 
	0x75, 0xe2, 0x34, 0x34, 0x67, 0xaa, 0x89, 0xbb, 
	0xff, 0xff, 0xfb, 0xff, 0xfb, 0xb9, 0x9b, 0xbb, 
	0xfb, 0xb9, 0x8a, 0x65, 0x43, 0x2e, 0xe1, 0xe5, 
	0x33, 0x44, 0x45, 0x54, 0x54, 0x32, 0x23, 0x34, 
	0x53, 0x35, 0x55, 0x44, 0x6c, 0x7a, 0x99, 0x99, 
	0xbb, 0xbf, 0xbf, 0xbb, 0x9b, 0xb9, 0x99, 0xb9, 
	0x9a, 0xcc, 0xc6, 0x66, 0x43, 0x32, 0x1e, 0xe4, 
	0x33, 0x33, 0x55, 0x43, 0x33, 0x22, 0x23, 0x35, 
	0x77, 0x6c, 0x65, 0x54, 0x55, 0x6c, 0xa7, 0x67, 
	0xa9, 0xbb, 0xbf, 0xb9, 0x9b, 0xb9, 0x99, 0x99, 
	0xac, 0xcc, 0xc7, 0x77, 0x74, 0x22, 0x22, 0x33, 
	0x23, 0x34, 0x66, 0x66, 0x53, 0x22, 0x34, 0x56, 
	0xcc, 0x7c, 0x65, 0x54, 0x53, 0x35, 0x55, 0x45, 
	0x68, 0x9b, 0xbf, 0xbb, 0xbb, 0x99, 0x99, 0x99, 
	0x99, 0x99, 0x8a, 0x76, 0x43, 0x22, 0x1e, 0x11, 
	0x34, 0x56, 0xc7, 0x67, 0x64, 0x33, 0x45, 0x67, 
	0xca, 0xac, 0x65, 0x54, 0x43, 0x45, 0x65, 0x45, 
	0x5c, 0x9b, 0xbf, 0xbb, 0xbb, 0x98, 0x89, 0x99, 
	0xbb, 0xb9, 0x8c, 0x65, 0x43, 0xe0, 0x01, 0x11, 
	
};

Gfx wf_dl_rock_slide_ci4_pal_rgba16_aligner[] = {gsSPEndDisplayList()};
u8 wf_dl_rock_slide_ci4_pal_rgba16[] = {
	0x29, 0x8b, 0x3a, 0x0f, 0x4a, 0x95, 0x5b, 0x17, 
	0x63, 0x5b, 0x6b, 0x9d, 0x73, 0xdf, 0x7c, 0x21, 
	0x94, 0xa7, 0x9d, 0x29, 0x8c, 0x65, 0xad, 0xad, 
	0x84, 0x63, 0x21, 0x09, 0x42, 0x51, 0xbd, 0xf1, 
	
};

Gfx wf_dl_tk_behind_asiba01_ci4_aligner[] = {gsSPEndDisplayList()};
u8 wf_dl_tk_behind_asiba01_ci4[] = {
	0x01, 0x20, 0x33, 0x33, 0x00, 0x00, 0x20, 0x22, 
	0x33, 0x44, 0x44, 0x44, 0x02, 0x22, 0x00, 0x21, 
	0x43, 0x33, 0x33, 0x33, 0x00, 0x00, 0x20, 0x22, 
	0x33, 0x44, 0x44, 0x44, 0x01, 0x22, 0x02, 0x10, 
	0x01, 0x11, 0x43, 0x34, 0x12, 0x22, 0x22, 0x22, 
	0x33, 0x44, 0x44, 0x44, 0x22, 0x11, 0x11, 0x11, 
	0x44, 0x33, 0x44, 0x44, 0x12, 0x22, 0x22, 0x22, 
	0x33, 0x44, 0x44, 0x44, 0x12, 0x22, 0x11, 0x10, 
	0x02, 0x21, 0x44, 0x44, 0x12, 0x11, 0x22, 0x22, 
	0x34, 0x44, 0x44, 0x44, 0x01, 0x11, 0x11, 0x22, 
	0x44, 0x34, 0x44, 0x44, 0x12, 0x11, 0x22, 0x22, 
	0x34, 0x44, 0x44, 0x44, 0x12, 0x22, 0x12, 0x20, 
	0x00, 0x12, 0x34, 0x44, 0x22, 0x22, 0x22, 0x22, 
	0x34, 0x44, 0x44, 0x44, 0x12, 0x11, 0x11, 0x21, 
	0x33, 0x43, 0x33, 0x34, 0x22, 0x22, 0x22, 0x22, 
	0x34, 0x44, 0x44, 0x44, 0x12, 0x22, 0x21, 0x00, 
	0x34, 0x43, 0x55, 0x56, 0x55, 0x55, 0x55, 0x56, 
	0x66, 0x66, 0x66, 0x66, 0x66, 0x66, 0x77, 0x66, 
	0x66, 0x66, 0x66, 0x56, 0x66, 0x66, 0x66, 0x56, 
	0x66, 0x55, 0x55, 0x65, 0x55, 0x55, 0x21, 0x20, 
	0x34, 0x43, 0x57, 0x78, 0x78, 0x78, 0x89, 0x88, 
	0x99, 0xaa, 0xba, 0xab, 0x9a, 0xab, 0xbb, 0x9a, 
	0xaa, 0xba, 0xaa, 0x88, 0x98, 0x88, 0x88, 0x78, 
	0x87, 0x77, 0x77, 0x89, 0x87, 0x75, 0x21, 0x20, 
	0x34, 0x44, 0x57, 0x88, 0x87, 0x99, 0x8a, 0x8b, 
	0xa9, 0xaa, 0xbb, 0xbb, 0xab, 0xbb, 0xbc, 0x89, 
	0xa9, 0xaa, 0xba, 0x99, 0xbc, 0xb8, 0x99, 0x98, 
	0x98, 0x88, 0x88, 0x99, 0x87, 0x65, 0x21, 0x12, 
	0x34, 0x44, 0x57, 0x77, 0x77, 0x87, 0x8a, 0x8b, 
	0xbb, 0xab, 0xca, 0x9b, 0x9b, 0xab, 0xbb, 0x9b, 
	0xbc, 0xb9, 0xbb, 0xaa, 0xbb, 0xa9, 0x98, 0x89, 
	0x88, 0x78, 0x88, 0x98, 0x77, 0x75, 0x11, 0x10, 
	0x01, 0x12, 0x57, 0x87, 0x87, 0x77, 0x8a, 0x8a, 
	0xaa, 0xac, 0xcb, 0xbb, 0xab, 0xbc, 0xcc, 0x99, 
	0xaa, 0xbb, 0xcc, 0xb9, 0xbc, 0xb9, 0x98, 0x98, 
	0x88, 0x87, 0x89, 0x98, 0x77, 0x75, 0x34, 0x43, 
	0x02, 0x22, 0x57, 0x98, 0x88, 0x77, 0x79, 0x88, 
	0xaa, 0xbb, 0xbb, 0xaa, 0x9c, 0xab, 0xaa, 0x8b, 
	0xda, 0xba, 0xbc, 0x97, 0xaa, 0xaa, 0xaa, 0x99, 
	0x97, 0x78, 0x89, 0x98, 0x78, 0x75, 0x34, 0x43, 
	0x02, 0x12, 0x57, 0x76, 0x77, 0x77, 0x87, 0x79, 
	0x98, 0x87, 0x87, 0x68, 0x87, 0x9b, 0x99, 0x77, 
	0x9b, 0x99, 0x99, 0xaa, 0xac, 0xbb, 0x98, 0x9a, 
	0x98, 0x88, 0x89, 0x98, 0x77, 0x75, 0x44, 0x43, 
	0x02, 0x12, 0x58, 0xa8, 0x8b, 0xcc, 0xdd, 0xba, 
	0xbb, 0xaa, 0xac, 0xc9, 0x8b, 0xdb, 0xcd, 0xdd, 
	0xcb, 0xbc, 0xcc, 0xac, 0xeb, 0xdd, 0xa9, 0xab, 
	0xbb, 0xaf, 0xba, 0x9a, 0x98, 0x85, 0x34, 0x43, 
	0x22, 0x22, 0x58, 0x98, 0x98, 0xab, 0xcb, 0xbc, 
	0xcd, 0xb9, 0xcc, 0xca, 0xfb, 0xaf, 0xcd, 0xcc, 
	0xdb, 0xcb, 0xbc, 0xbb, 0xbc, 0xab, 0xaa, 0xaa, 
	0xaa, 0x98, 0x99, 0x99, 0xa9, 0x85, 0x33, 0x43, 
	0x02, 0x22, 0x58, 0x98, 0xaa, 0xaa, 0xbc, 0xdc, 
	0xcd, 0xcb, 0xdc, 0xdc, 0xbb, 0xfb, 0xbc, 0xdb, 
	0xde, 0xbb, 0xcb, 0xcb, 0xcb, 0xbb, 0xab, 0x9a, 
	0xaa, 0xba, 0xca, 0xaa, 0xa8, 0x85, 0x33, 0x33, 
	0x22, 0x22, 0x57, 0x89, 0x99, 0xbb, 0xcc, 0xcd, 
	0xed, 0xcb, 0xdd, 0xcc, 0xfd, 0xdb, 0xcd, 0xdc, 
	0xdd, 0xcc, 0xcc, 0xbb, 0xca, 0xbb, 0x9a, 0xaa, 
	0xac, 0xbb, 0xbb, 0xba, 0xa9, 0x75, 0x43, 0x33, 
	0x22, 0x22, 0x68, 0xa9, 0xaa, 0xac, 0xcb, 0xcd, 
	0xcc, 0xcc, 0xed, 0xdc, 0xab, 0xec, 0xec, 0xdd, 
	0xec, 0xcc, 0xcc, 0xcb, 0xbb, 0xab, 0x9b, 0xbc, 
	0xcd, 0xcb, 0xbb, 0xba, 0xa9, 0x86, 0x44, 0x33, 
	0x33, 0x33, 0x57, 0x89, 0xab, 0xba, 0xaa, 0xcc, 
	0xbd, 0xbc, 0xed, 0xcd, 0xfd, 0xbe, 0xcd, 0xdd, 
	0xcc, 0xcc, 0xdc, 0xac, 0xac, 0xaa, 0xbb, 0xbb, 
	0xbc, 0xdc, 0xcb, 0xaa, 0xa9, 0x86, 0x22, 0x20, 
	0x33, 0x44, 0x58, 0xa9, 0xa9, 0xaa, 0xaa, 0xcb, 
	0xbd, 0xbd, 0xee, 0xec, 0x8b, 0xde, 0xbc, 0xdc, 
	0xcb, 0xac, 0xbc, 0xca, 0xab, 0xfa, 0xbb, 0xab, 
	0xcc, 0xcb, 0xba, 0xba, 0xa9, 0x86, 0x22, 0x22, 
	0x44, 0x44, 0x68, 0xa9, 0x9a, 0xaa, 0xba, 0xac, 
	0xcc, 0xcd, 0xdd, 0xdd, 0xad, 0xee, 0xdc, 0xcc, 
	0xdb, 0xcb, 0xbc, 0xcb, 0xbb, 0xbc, 0xcb, 0xab, 
	0xbb, 0xcb, 0xb9, 0xa9, 0x9a, 0x95, 0x11, 0x11, 
	0x44, 0x44, 0x68, 0xaa, 0xaa, 0xba, 0xba, 0xbb, 
	0xcd, 0xcb, 0xcd, 0xcc, 0xbd, 0xdd, 0xcd, 0xed, 
	0xcc, 0xcc, 0xc9, 0xcc, 0xab, 0xcc, 0xcb, 0xca, 
	0xab, 0xcb, 0xab, 0x9b, 0xaa, 0x95, 0x11, 0x11, 
	0x44, 0x44, 0x68, 0xa9, 0xba, 0xaa, 0xba, 0x8b, 
	0xbc, 0xbb, 0xcc, 0xbb, 0xdc, 0xbd, 0xdc, 0xdb, 
	0xcb, 0xbf, 0xbc, 0xb7, 0xac, 0xab, 0xdc, 0xa9, 
	0x9a, 0x98, 0x89, 0x78, 0x8a, 0x85, 0x11, 0x11, 
	0x44, 0x44, 0x58, 0x8a, 0xa9, 0x99, 0xab, 0xa9, 
	0x87, 0x88, 0xcb, 0xcd, 0xbb, 0xbc, 0xdd, 0xed, 
	0xee, 0xed, 0xdc, 0xdd, 0xee, 0xee, 0xbd, 0xed, 
	0xdc, 0xcb, 0xa9, 0xab, 0xcc, 0xa6, 0x12, 0x11, 
	0x44, 0x44, 0x6a, 0xaa, 0xa8, 0xaa, 0xca, 0xbb, 
	0xb7, 0xad, 0xcd, 0xbd, 0xee, 0xed, 0xdc, 0xde, 
	0xec, 0xdd, 0xcb, 0xed, 0xcb, 0xbb, 0xcc, 0xdb, 
	0xbb, 0xa8, 0xa9, 0x98, 0x88, 0x86, 0x11, 0x22, 
	0x44, 0x44, 0x69, 0x9a, 0xa9, 0x99, 0xab, 0xba, 
	0x9a, 0xab, 0xcd, 0xcd, 0xed, 0xcc, 0xcc, 0xee, 
	0xee, 0xcb, 0xdd, 0xbc, 0xaa, 0xbc, 0xba, 0xaa, 
	0x9a, 0xa8, 0x79, 0x88, 0x99, 0x76, 0x11, 0x12, 
	0x02, 0x01, 0x68, 0xaa, 0x98, 0x9a, 0x9a, 0xb9, 
	0xbb, 0xac, 0xcd, 0xda, 0xce, 0xde, 0xbd, 0xed, 
	0xee, 0xdd, 0xdc, 0xbb, 0xca, 0xbb, 0xaa, 0xaa, 
	0xa9, 0x89, 0x88, 0x97, 0x98, 0x96, 0x44, 0x33, 
	0x22, 0x12, 0x6a, 0xaa, 0x98, 0x99, 0xa9, 0x9a, 
	0xa9, 0x8a, 0xea, 0xdc, 0xee, 0xde, 0xcd, 0xee, 
	0xee, 0xed, 0xec, 0xba, 0xab, 0xbb, 0xca, 0xaa, 
	0x9a, 0x99, 0x89, 0x88, 0x88, 0x75, 0x44, 0x43, 
	0x21, 0x11, 0x68, 0xa9, 0x99, 0x9a, 0xaa, 0xbb, 
	0xb9, 0x7c, 0xcc, 0xcb, 0xee, 0xed, 0xde, 0xee, 
	0xee, 0xee, 0xbc, 0xcb, 0xa9, 0xac, 0xaa, 0xbb, 
	0xa9, 0x99, 0x89, 0x77, 0x97, 0x75, 0x44, 0x43, 
	0x21, 0x11, 0x58, 0x9a, 0xa9, 0x8a, 0x9a, 0xbb, 
	0xbb, 0x8a, 0xcc, 0xcd, 0xed, 0xee, 0xed, 0xde, 
	0xee, 0xee, 0xcd, 0xaa, 0x9b, 0xcb, 0xb9, 0xaa, 
	0xa8, 0x98, 0x89, 0xa9, 0x79, 0x96, 0x44, 0x43, 
	0x01, 0x11, 0x68, 0xaa, 0x98, 0x89, 0xba, 0xab, 
	0xb9, 0x9b, 0xcc, 0xcd, 0xed, 0xee, 0xce, 0xed, 
	0xdd, 0xdd, 0xec, 0xab, 0xca, 0xcc, 0xcb, 0xaa, 
	0x99, 0x98, 0x78, 0x98, 0x78, 0x75, 0x44, 0x44, 
	0x01, 0x11, 0x69, 0xaa, 0x87, 0x9a, 0x9a, 0xbb, 
	0xbb, 0x8b, 0xcb, 0xbc, 0xab, 0xee, 0xed, 0xee, 
	0xee, 0xee, 0xed, 0xbb, 0xba, 0xbc, 0xbb, 0xaa, 
	0xa9, 0x88, 0x78, 0x79, 0x98, 0x86, 0x44, 0x44, 
	0x21, 0x22, 0x68, 0xa8, 0xaa, 0xaa, 0xaa, 0xba, 
	0xcb, 0x9b, 0xcc, 0xdc, 0xec, 0xed, 0xcd, 0xee, 
	0xde, 0xee, 0xdc, 0xaa, 0xbb, 0xbc, 0xba, 0xb9, 
	0x88, 0xa9, 0x88, 0x89, 0x87, 0x86, 0x44, 0x44, 
	0x11, 0x21, 0x69, 0xaa, 0xaa, 0xcc, 0xbb, 0xcb, 
	0xa8, 0x8b, 0xbb, 0xbb, 0xcd, 0xdc, 0xed, 0xed, 
	0xee, 0xee, 0xdd, 0xcc, 0xdd, 0xed, 0xcc, 0xaa, 
	0xbc, 0xca, 0xb9, 0x88, 0x88, 0x75, 0x44, 0x44, 
	0x44, 0x43, 0x69, 0xab, 0xac, 0xcd, 0xba, 0xcc, 
	0xa9, 0x9a, 0xbc, 0xcb, 0xcc, 0xdc, 0xee, 0xee, 
	0xee, 0xee, 0xdc, 0xdd, 0xee, 0xee, 0xed, 0xdb, 
	0xcc, 0xaa, 0xb9, 0xaa, 0xa9, 0x85, 0x02, 0x10, 
	0x34, 0x43, 0x57, 0x87, 0x8a, 0xa8, 0x9c, 0xba, 
	0x9b, 0xbb, 0xcd, 0xcd, 0xcc, 0xcc, 0xee, 0xee, 
	0xee, 0xee, 0xee, 0xdc, 0xcb, 0xcc, 0xbb, 0x9b, 
	0xba, 0xaa, 0x89, 0x98, 0x98, 0x85, 0x21, 0x10, 
	0x33, 0x34, 0x68, 0x88, 0xa9, 0x9a, 0x9b, 0xbb, 
	0xbc, 0xab, 0xcb, 0xcd, 0xdd, 0xdc, 0xde, 0xee, 
	0xee, 0xee, 0xed, 0xcb, 0xcc, 0xcc, 0xcc, 0xba, 
	0xa8, 0x98, 0x78, 0x88, 0x88, 0x75, 0x22, 0x20, 
	0x33, 0x43, 0x59, 0x99, 0xa8, 0xa9, 0xaa, 0xaa, 
	0xac, 0xbb, 0xcc, 0xcc, 0xcd, 0xdc, 0xcd, 0xee, 
	0xee, 0xee, 0xed, 0xdc, 0xcc, 0xcb, 0xcc, 0xaa, 
	0xa9, 0x89, 0x77, 0x89, 0x89, 0x75, 0x21, 0x20, 
	0x34, 0x43, 0x69, 0xbc, 0xa9, 0x79, 0x9a, 0xaa, 
	0xbc, 0xcc, 0xcc, 0xdc, 0xcd, 0xdd, 0xde, 0xde, 
	0xee, 0xee, 0xdd, 0xcd, 0xcc, 0xbb, 0xcb, 0xaa, 
	0x98, 0x98, 0x98, 0x89, 0x88, 0x86, 0x21, 0x20, 
	0x34, 0x43, 0x68, 0x9a, 0x98, 0x87, 0x8a, 0x9a, 
	0xbb, 0xcb, 0xbd, 0xcd, 0xcd, 0xdd, 0xec, 0xcd, 
	0xed, 0xdd, 0xdc, 0xba, 0xaa, 0xac, 0xbb, 0x9a, 
	0xaa, 0x9a, 0x98, 0x78, 0x87, 0x75, 0x21, 0x20, 
	0x34, 0x43, 0x69, 0x99, 0x98, 0x8a, 0x89, 0xab, 
	0xbb, 0xaa, 0xbc, 0xbc, 0xcc, 0xdd, 0xdc, 0xdd, 
	0xde, 0xdd, 0xdb, 0xfa, 0xa8, 0xaa, 0xcb, 0xa9, 
	0xaa, 0x99, 0x99, 0x78, 0x77, 0x75, 0x21, 0x12, 
	0x34, 0x44, 0x69, 0xa9, 0x98, 0x99, 0x89, 0xaa, 
	0xab, 0x9a, 0xbc, 0xbb, 0xcc, 0xcc, 0xcc, 0xcd, 
	0xdd, 0xcc, 0xbc, 0xbf, 0xaa, 0xba, 0xb9, 0xba, 
	0xa9, 0xa9, 0x88, 0x88, 0x76, 0x75, 0x01, 0x10, 
	0x01, 0x12, 0x69, 0x9a, 0x99, 0x9a, 0x89, 0xab, 
	0x9b, 0xbb, 0xbb, 0xcc, 0xcc, 0xcc, 0xdb, 0xfc, 
	0xdc, 0xcc, 0xcc, 0xba, 0xbb, 0xbb, 0xaa, 0xab, 
	0xa9, 0x98, 0x88, 0x88, 0x88, 0x75, 0x34, 0x43, 
	0x02, 0x22, 0x58, 0xaa, 0xa9, 0x98, 0x7a, 0xbb, 
	0xa8, 0xab, 0xdd, 0xcc, 0xcd, 0xcb, 0xcb, 0xcc, 
	0xde, 0xdc, 0xcb, 0xfa, 0xaa, 0xab, 0xaa, 0xac, 
	0xa7, 0x88, 0x87, 0x98, 0x88, 0x75, 0x34, 0x43, 
	0x02, 0x12, 0x57, 0x78, 0x88, 0x78, 0x88, 0xba, 
	0x98, 0x8a, 0x99, 0xa9, 0x9a, 0xca, 0xc9, 0xfb, 
	0xcc, 0xcc, 0xcc, 0xcc, 0xcc, 0xcc, 0xac, 0xcd, 
	0xc8, 0x88, 0x99, 0x88, 0x88, 0x86, 0x44, 0x43, 
	0x02, 0x12, 0x58, 0x87, 0x79, 0x89, 0x77, 0x79, 
	0xbb, 0xc9, 0xaa, 0x9f, 0xb9, 0x99, 0xcb, 0xbc, 
	0x98, 0xbb, 0xbb, 0xab, 0xba, 0x9b, 0xbb, 0xbb, 
	0x9a, 0xaa, 0x7a, 0xaa, 0xaa, 0xa6, 0x34, 0x43, 
	0x22, 0x22, 0x57, 0x88, 0xaa, 0xab, 0xbb, 0xba, 
	0xbc, 0x99, 0xcb, 0xff, 0xfb, 0xfb, 0xff, 0xcb, 
	0x98, 0xb9, 0xa7, 0x88, 0x8a, 0xba, 0xa8, 0x88, 
	0xf9, 0x9a, 0x9a, 0x9a, 0xaa, 0x86, 0x33, 0x43, 
	0x02, 0x22, 0x67, 0x79, 0x99, 0x99, 0x99, 0xa9, 
	0xaf, 0x8f, 0xba, 0xbf, 0xaf, 0x89, 0x9f, 0xff, 
	0xf8, 0x99, 0x98, 0xa8, 0x8a, 0xb9, 0x9a, 0x99, 
	0x98, 0x77, 0x79, 0x99, 0xa9, 0x75, 0x33, 0x33, 
	0x22, 0x22, 0x57, 0x8a, 0x9a, 0x99, 0x88, 0x99, 
	0xa9, 0x98, 0x88, 0x9f, 0xaf, 0xff, 0xaf, 0xff, 
	0xf9, 0xaa, 0x9b, 0x98, 0x99, 0x9a, 0xaa, 0x98, 
	0x88, 0x77, 0x89, 0x87, 0x87, 0x75, 0x43, 0x33, 
	0x22, 0x22, 0x58, 0x99, 0x89, 0x88, 0x89, 0x89, 
	0xa9, 0x98, 0x88, 0x9f, 0x9f, 0xff, 0xff, 0xff, 
	0xb9, 0xba, 0xaa, 0x99, 0x89, 0x9a, 0x98, 0x77, 
	0x88, 0x77, 0x8a, 0x89, 0x87, 0x75, 0x44, 0x33, 
	0x33, 0x33, 0x57, 0x79, 0x88, 0x88, 0x87, 0x9a, 
	0xa9, 0x98, 0xa9, 0x9f, 0xff, 0x99, 0xff, 0xff, 
	0x98, 0x9b, 0xaa, 0x98, 0x99, 0x9a, 0x97, 0x88, 
	0x88, 0x88, 0x89, 0x88, 0x9a, 0x75, 0x22, 0x20, 
	0x33, 0x44, 0x57, 0x79, 0x87, 0x88, 0x89, 0x9a, 
	0x98, 0x97, 0x89, 0x99, 0x98, 0x99, 0x87, 0xff, 
	0x8f, 0x9a, 0xa9, 0xa9, 0xad, 0xbb, 0x97, 0x88, 
	0x87, 0x8b, 0x8a, 0x87, 0x88, 0x75, 0x22, 0x22, 
	0x44, 0x44, 0x57, 0x8a, 0x98, 0x78, 0x99, 0x99, 
	0x99, 0xa7, 0xa9, 0x8a, 0x99, 0xff, 0xff, 0xff, 
	0x9a, 0xab, 0xba, 0x9a, 0x89, 0xa9, 0xaa, 0x99, 
	0x88, 0x89, 0xab, 0x99, 0x89, 0x86, 0x11, 0x11, 
	0x44, 0x44, 0x57, 0x79, 0x98, 0x78, 0x89, 0xba, 
	0xa9, 0x97, 0x78, 0x88, 0x99, 0x77, 0x7f, 0x9f, 
	0xfa, 0x9b, 0xa9, 0x99, 0x88, 0x98, 0x9a, 0x89, 
	0x9a, 0x79, 0xab, 0x88, 0x99, 0x85, 0x11, 0x11, 
	0x44, 0x44, 0x57, 0x78, 0xa8, 0x87, 0x89, 0x9a, 
	0x99, 0x87, 0x98, 0x99, 0x99, 0x97, 0x87, 0x98, 
	0xf9, 0x89, 0x99, 0xa9, 0x89, 0x99, 0x88, 0x98, 
	0xa9, 0x9a, 0xac, 0x98, 0x87, 0x75, 0x11, 0x11, 
	0x44, 0x44, 0x67, 0x78, 0xa7, 0x89, 0x99, 0xaa, 
	0x89, 0x8f, 0xca, 0xbc, 0xcd, 0xec, 0xca, 0x98, 
	0x88, 0xcc, 0xde, 0xdd, 0xeb, 0xac, 0xcb, 0xca, 
	0xaa, 0xbb, 0xbc, 0xa7, 0x78, 0x86, 0x12, 0x11, 
	0x44, 0x44, 0x68, 0x77, 0x98, 0x87, 0xba, 0xa9, 
	0xba, 0xaa, 0xcb, 0xdc, 0xcb, 0xab, 0x9b, 0xf9, 
	0xbb, 0xcb, 0xca, 0xc9, 0x97, 0x99, 0x9a, 0xba, 
	0xa9, 0xaa, 0xaa, 0xaa, 0xaa, 0x96, 0x11, 0x22, 
	0x44, 0x44, 0x57, 0x78, 0x78, 0x89, 0xa9, 0x89, 
	0xa8, 0x9a, 0x99, 0x9f, 0xf9, 0x78, 0x7b, 0xa8, 
	0xa9, 0x99, 0xab, 0x99, 0x99, 0x88, 0x89, 0xa9, 
	0x9a, 0xaa, 0xaa, 0xaa, 0x9a, 0x86, 0x11, 0x12, 
	0x02, 0x04, 0x57, 0x77, 0x67, 0x99, 0x97, 0x77, 
	0x98, 0x98, 0x89, 0x89, 0xf9, 0x77, 0x7b, 0xb7, 
	0x89, 0x99, 0xfb, 0x99, 0x88, 0x88, 0x88, 0x99, 
	0x89, 0x9a, 0xaa, 0x99, 0xa8, 0x75, 0x44, 0x33, 
	0x22, 0x12, 0x56, 0x77, 0x77, 0x97, 0x78, 0x98, 
	0x98, 0x78, 0x88, 0x77, 0x87, 0x79, 0x7a, 0xa9, 
	0x9a, 0x9f, 0xaa, 0x89, 0x98, 0x88, 0x87, 0x88, 
	0x8a, 0x9a, 0xaa, 0xa9, 0x89, 0x85, 0x44, 0x43, 
	0x21, 0x11, 0x57, 0x77, 0x88, 0x87, 0x77, 0x98, 
	0x87, 0x77, 0x77, 0x78, 0x88, 0x78, 0x7a, 0x99, 
	0x98, 0x88, 0x9a, 0x87, 0x77, 0x77, 0x77, 0x99, 
	0x88, 0x9a, 0x98, 0x98, 0x87, 0x85, 0x44, 0x43, 
	0x21, 0x11, 0x55, 0x55, 0x66, 0x55, 0x55, 0x66, 
	0x55, 0x65, 0x56, 0x66, 0x55, 0x66, 0x56, 0x65, 
	0x66, 0x66, 0x66, 0x55, 0x55, 0x55, 0x55, 0x56, 
	0x66, 0x66, 0x66, 0x66, 0x55, 0x55, 0x44, 0x43, 
	0x01, 0x11, 0x22, 0x21, 0x33, 0x43, 0x33, 0x44, 
	0x22, 0x11, 0x11, 0x11, 0x44, 0x44, 0x44, 0x44, 
	0x02, 0x22, 0x22, 0x20, 0x33, 0x43, 0x33, 0x44, 
	0x22, 0x11, 0x11, 0x11, 0x44, 0x34, 0x11, 0x10, 
	0x01, 0x11, 0x11, 0x11, 0x44, 0x44, 0x33, 0x34, 
	0x22, 0x11, 0x12, 0x11, 0x44, 0x44, 0x44, 0x44, 
	0x21, 0x21, 0x11, 0x11, 0x44, 0x44, 0x33, 0x34, 
	0x22, 0x11, 0x12, 0x11, 0x44, 0x44, 0x11, 0x10, 
	0x21, 0x20, 0x11, 0x11, 0x44, 0x44, 0x43, 0x33, 
	0x22, 0x11, 0x11, 0x21, 0x34, 0x44, 0x44, 0x44, 
	0x11, 0x22, 0x22, 0x11, 0x44, 0x44, 0x43, 0x33, 
	0x22, 0x11, 0x11, 0x21, 0x44, 0x44, 0x02, 0x12, 
	0x11, 0x22, 0x22, 0x21, 0x33, 0x33, 0x33, 0x33, 
	0x02, 0x11, 0x11, 0x22, 0x33, 0x33, 0x44, 0x44, 
	0x00, 0x00, 0x00, 0x20, 0x33, 0x33, 0x33, 0x33, 
	0x02, 0x11, 0x11, 0x22, 0x33, 0x33, 0x22, 0x11, 
	
};

Gfx wf_dl_tk_behind_asiba01_ci4_pal_rgba16_aligner[] = {gsSPEndDisplayList()};
u8 wf_dl_tk_behind_asiba01_ci4_pal_rgba16[] = {
	0x61, 0x49, 0x71, 0x8b, 0x69, 0x49, 0x59, 0x8d, 
	0x6a, 0x0f, 0x29, 0x4b, 0x31, 0xcf, 0x4a, 0x55, 
	0x5a, 0xd7, 0x63, 0x19, 0x6b, 0x5b, 0x73, 0x9d, 
	0x7b, 0xdf, 0x84, 0x23, 0x94, 0xa5, 0x6b, 0x59, 
	
};

Gfx wf_dl_RSVP8P_1e4a6b7d3db43d46_14_ci4_aligner[] = {gsSPEndDisplayList()};
u8 wf_dl_RSVP8P_1e4a6b7d3db43d46_14_ci4[] = {
	0x00, 0x12, 0x03, 0x41, 0x11, 0x11, 0x56, 0x70, 
	0x11, 0x16, 0x89, 0x80, 0x15, 0x51, 0x70, 0x55, 
	0x99, 0x9a, 0xa9, 0x9a, 0x47, 0x48, 0xb0, 0x4b, 
	0x11, 0x11, 0x14, 0xc3, 0x11, 0x24, 0x99, 0x0a, 
	0x00, 0xd2, 0x03, 0x41, 0x11, 0x11, 0x57, 0x70, 
	0x11, 0x17, 0x89, 0x80, 0x55, 0x58, 0x70, 0x55, 
	0x99, 0x9a, 0xa9, 0x9a, 0x47, 0x48, 0xb0, 0x4b, 
	0x11, 0x11, 0x14, 0xc3, 0x11, 0x2e, 0x9a, 0x0a, 
	0x00, 0x00, 0x03, 0x41, 0x11, 0x11, 0x57, 0x70, 
	0x11, 0x17, 0x89, 0x88, 0x55, 0x5f, 0x70, 0x55, 
	0x99, 0x98, 0xa9, 0x9a, 0x47, 0x48, 0x0d, 0x4b, 
	0x11, 0x11, 0x14, 0xc3, 0x11, 0x2e, 0x9a, 0x0a, 
	0x00, 0x00, 0x13, 0x41, 0x11, 0x11, 0x57, 0x70, 
	0x11, 0x17, 0x89, 0x88, 0x55, 0x5f, 0x70, 0x55, 
	0x99, 0x90, 0xd9, 0x9a, 0x77, 0x48, 0x0d, 0x4b, 
	0x11, 0x11, 0x14, 0xc3, 0x11, 0x2e, 0x98, 0x09, 
	0x00, 0x0d, 0x50, 0x65, 0x11, 0x11, 0xde, 0xe0, 
	0x11, 0x1e, 0x81, 0x08, 0x99, 0x98, 0x76, 0x55, 
	0x99, 0x90, 0x81, 0x18, 0xec, 0xe2, 0xd5, 0x60, 
	0x11, 0x11, 0x1e, 0xe0, 0x55, 0x04, 0x98, 0x89, 
	0x03, 0x3d, 0x50, 0x65, 0x11, 0x11, 0xde, 0xe0, 
	0x11, 0x1e, 0x81, 0x01, 0x99, 0x98, 0x76, 0x55, 
	0x99, 0x90, 0x08, 0x18, 0xec, 0xe2, 0xd5, 0x60, 
	0x11, 0x11, 0x1e, 0xe0, 0x55, 0x04, 0x90, 0x89, 
	0x03, 0x4d, 0x50, 0x65, 0x11, 0x11, 0xde, 0xe0, 
	0x10, 0x1e, 0x81, 0x38, 0x99, 0x90, 0x76, 0x55, 
	0x99, 0x96, 0x38, 0x18, 0xec, 0xe2, 0xd5, 0x60, 
	0x11, 0x11, 0x1e, 0xe0, 0x50, 0x04, 0x90, 0x09, 
	0x34, 0x4d, 0x50, 0x65, 0x11, 0x11, 0xde, 0x60, 
	0x10, 0x0e, 0x81, 0x38, 0x99, 0x90, 0x76, 0x55, 
	0x99, 0x96, 0x30, 0x88, 0xec, 0xe4, 0xd5, 0x00, 
	0x11, 0x11, 0x1e, 0xe0, 0x50, 0x04, 0x90, 0x09, 
	0x36, 0x60, 0x90, 0x39, 0x11, 0x11, 0xd7, 0x6d, 
	0x13, 0x04, 0x11, 0x41, 0x55, 0x50, 0x76, 0x55, 
	0x99, 0x9e, 0x43, 0x00, 0xe7, 0x76, 0x01, 0x20, 
	0x11, 0x11, 0xd7, 0x6d, 0xa2, 0x06, 0x93, 0x39, 
	0x36, 0xe0, 0x90, 0x39, 0x11, 0x11, 0xd7, 0x3d, 
	0x13, 0x04, 0x11, 0x41, 0x55, 0x50, 0x76, 0x55, 
	0x99, 0x9e, 0x43, 0x00, 0xe7, 0x7e, 0x01, 0x20, 
	0x11, 0x11, 0xd7, 0x6d, 0xa2, 0x06, 0x93, 0x39, 
	0x6e, 0xe0, 0x98, 0x09, 0x11, 0x11, 0xd7, 0x3d, 
	0x14, 0x03, 0x11, 0x41, 0x55, 0x50, 0x76, 0x55, 
	0x99, 0x9e, 0x74, 0x00, 0xee, 0x7e, 0x01, 0x08, 
	0x11, 0x11, 0xd7, 0x3d, 0xa6, 0x02, 0x93, 0x39, 
	0x6e, 0xe0, 0x98, 0x09, 0x11, 0x11, 0xd7, 0x3d, 
	0x14, 0x03, 0x11, 0x41, 0x55, 0x5d, 0x66, 0x55, 
	0x99, 0x9e, 0x74, 0x00, 0xee, 0x7e, 0x01, 0x08, 
	0x11, 0x11, 0xd7, 0x3d, 0xa6, 0x02, 0x93, 0x39, 
	0x6e, 0xe2, 0x51, 0xd5, 0x55, 0x55, 0x2e, 0x29, 
	0xa6, 0x22, 0xaa, 0x6a, 0x99, 0x9d, 0x33, 0x11, 
	0x99, 0x94, 0x7e, 0x22, 0xee, 0x7e, 0x09, 0xda, 
	0x55, 0x55, 0x1e, 0x01, 0x86, 0x83, 0x52, 0x25, 
	0x6e, 0xe2, 0x51, 0x11, 0x15, 0x55, 0x2e, 0x29, 
	0xa7, 0x22, 0xaa, 0x6a, 0x99, 0x98, 0x00, 0x11, 
	0x99, 0x94, 0x77, 0x22, 0xe4, 0x77, 0x09, 0xaa, 
	0xd5, 0x55, 0x1e, 0x01, 0x87, 0x88, 0x52, 0x25, 
	0x6e, 0xe2, 0x55, 0x5d, 0xd5, 0x55, 0x2e, 0x99, 
	0xa7, 0x2a, 0xaa, 0x6a, 0x99, 0x9a, 0x80, 0x81, 
	0x99, 0x94, 0x77, 0x22, 0xe6, 0x77, 0x09, 0x99, 
	0x85, 0x55, 0x1e, 0x11, 0x87, 0x88, 0x52, 0x85, 
	0x6e, 0xe2, 0x55, 0x58, 0x85, 0x55, 0x2e, 0x99, 
	0xa7, 0x6a, 0xaa, 0x2a, 0x99, 0x9a, 0x80, 0x81, 
	0x99, 0x94, 0x77, 0x22, 0xe6, 0xee, 0x09, 0x99, 
	0x25, 0x55, 0x1e, 0x11, 0x87, 0x88, 0x52, 0x85, 
	0x64, 0x40, 0x55, 0x50, 0x89, 0x99, 0xd6, 0x55, 
	0x07, 0x65, 0x11, 0x31, 0x99, 0x99, 0x88, 0x81, 
	0x55, 0x56, 0x77, 0x22, 0x43, 0x44, 0x09, 0x9d, 
	0x31, 0x11, 0x16, 0x11, 0x2c, 0x21, 0x52, 0x85, 
	0x64, 0x40, 0x55, 0x50, 0x09, 0x99, 0xd6, 0x55, 
	0x07, 0x65, 0x11, 0x31, 0x99, 0x9a, 0x88, 0x81, 
	0x55, 0x56, 0x77, 0x22, 0x42, 0x44, 0x09, 0x9d, 
	0x31, 0x11, 0x16, 0x11, 0x2c, 0x21, 0x52, 0x85, 
	0x36, 0x40, 0x55, 0x53, 0x09, 0x99, 0xd6, 0x55, 
	0x07, 0x65, 0x11, 0x31, 0x99, 0xa8, 0x88, 0x81, 
	0x55, 0x50, 0x77, 0x22, 0x42, 0x64, 0xd9, 0x9d, 
	0x61, 0x11, 0x16, 0x11, 0x2c, 0x21, 0x52, 0x85, 
	0x36, 0x40, 0x55, 0x53, 0xb9, 0x99, 0xd0, 0x55, 
	0x07, 0x65, 0x11, 0x31, 0x99, 0xad, 0x88, 0x01, 
	0x55, 0x50, 0xe7, 0x22, 0x42, 0x64, 0xd9, 0x9d, 
	0x61, 0x11, 0x13, 0x11, 0x2c, 0x21, 0x52, 0x85, 
	0x03, 0x40, 0x11, 0x16, 0xb5, 0x55, 0xd2, 0x55, 
	0x0c, 0x45, 0x11, 0x01, 0xaa, 0xab, 0x00, 0xb1, 
	0x99, 0x90, 0xee, 0x22, 0x42, 0x24, 0x85, 0x58, 
	0x70, 0x99, 0x10, 0x11, 0xbc, 0xb1, 0x50, 0xd5, 
	0x03, 0x40, 0x11, 0x17, 0x45, 0x55, 0xd2, 0x55, 
	0x0c, 0x45, 0x11, 0x01, 0xa0, 0xab, 0x00, 0xb1, 
	0x99, 0x98, 0x6e, 0x22, 0x48, 0x24, 0x85, 0x58, 
	0x70, 0x99, 0x10, 0x11, 0xbc, 0xb1, 0x50, 0xd5, 
	0xd0, 0x40, 0x11, 0x17, 0x45, 0x55, 0xd8, 0x55, 
	0x0c, 0x45, 0x11, 0x81, 0xa0, 0x04, 0x10, 0x41, 
	0x99, 0x9a, 0x6e, 0x22, 0x48, 0x24, 0x85, 0x52, 
	0x70, 0x99, 0x1d, 0x11, 0xbc, 0xb1, 0x5d, 0xd5, 
	0xdd, 0x40, 0x11, 0x17, 0x45, 0x55, 0x5d, 0x55, 
	0x0c, 0x45, 0x11, 0x81, 0xab, 0x04, 0x10, 0x41, 
	0x99, 0x9a, 0x36, 0x22, 0x28, 0x84, 0x85, 0x52, 
	0x70, 0x99, 0x11, 0x11, 0xbc, 0xb1, 0x5d, 0xdd, 
	0xdd, 0x60, 0x99, 0x27, 0xe1, 0x11, 0x11, 0x11, 
	0x3c, 0xef, 0x55, 0xd5, 0x84, 0x2e, 0x10, 0xe1, 
	0x11, 0x11, 0xbb, 0x88, 0x0d, 0xdb, 0x05, 0x56, 
	0xc3, 0x11, 0x11, 0x11, 0xbc, 0xb1, 0x5d, 0x1d, 
	0x55, 0x60, 0x99, 0x27, 0xe1, 0x11, 0x11, 0x11, 
	0x3c, 0xef, 0x15, 0x15, 0x8e, 0x2e, 0x10, 0xe1, 
	0x11, 0x11, 0x0b, 0x88, 0x08, 0xdb, 0x05, 0x56, 
	0xc3, 0x11, 0x11, 0x11, 0xbc, 0xb1, 0x51, 0x5d, 
	0x55, 0x60, 0x99, 0x27, 0xe1, 0x11, 0x11, 0x11, 
	0x3c, 0xef, 0x15, 0x55, 0x8e, 0x2e, 0x10, 0xe1, 
	0x11, 0x11, 0x80, 0xaa, 0x00, 0x8b, 0x05, 0x56, 
	0xc3, 0x11, 0x11, 0x11, 0xec, 0xb1, 0x55, 0x5d, 
	0x55, 0x66, 0x99, 0x27, 0xe1, 0x11, 0x11, 0x11, 
	0xec, 0xef, 0x15, 0x55, 0x8e, 0x2e, 0x10, 0xe1, 
	0x11, 0x11, 0x88, 0xaa, 0x0b, 0x0b, 0x05, 0x56, 
	0xc3, 0x11, 0x11, 0x11, 0xec, 0xb1, 0x55, 0x5d, 
	0x55, 0x4b, 0x99, 0x2c, 0x71, 0x11, 0x55, 0x55, 
	0xec, 0xe0, 0x19, 0x99, 0x07, 0x04, 0x13, 0x71, 
	0x55, 0x55, 0x11, 0x19, 0x06, 0x06, 0x35, 0x54, 
	0xc6, 0x55, 0x55, 0x55, 0xec, 0x40, 0x99, 0x98, 
	0x55, 0x4b, 0x99, 0x2c, 0x71, 0x11, 0x55, 0x55, 
	0xec, 0xe0, 0x19, 0x99, 0x07, 0x06, 0x13, 0x71, 
	0x5d, 0x55, 0x91, 0x19, 0x04, 0x06, 0x35, 0x54, 
	0xc6, 0x55, 0x55, 0x55, 0xec, 0x40, 0x99, 0x98, 
	0x55, 0x4b, 0x99, 0x2c, 0x71, 0x11, 0x55, 0x5d, 
	0xec, 0xe0, 0xd9, 0x99, 0x07, 0x06, 0x13, 0x71, 
	0x88, 0x55, 0x9d, 0xd9, 0x04, 0x66, 0x35, 0x54, 
	0xc6, 0x55, 0x55, 0x5d, 0xec, 0x40, 0x99, 0x98, 
	0x55, 0x4b, 0x99, 0x2c, 0x71, 0x11, 0x55, 0x50, 
	0xec, 0xe0, 0xd9, 0x99, 0x07, 0x00, 0x13, 0x71, 
	0x22, 0xd5, 0x9d, 0xd9, 0x07, 0x66, 0x35, 0x54, 
	0xc6, 0x55, 0x55, 0x50, 0xec, 0x44, 0x99, 0x98, 
	0x55, 0x4b, 0x99, 0x2c, 0x71, 0x11, 0x11, 0x1b, 
	0xe7, 0xe4, 0xd9, 0x99, 0x07, 0x11, 0x13, 0xe1, 
	0xbb, 0x11, 0x50, 0x05, 0xb7, 0x6b, 0x05, 0x56, 
	0xc3, 0x11, 0x11, 0x1b, 0xec, 0x66, 0x99, 0x98, 
	0x55, 0x4b, 0x99, 0x2c, 0x71, 0x11, 0x11, 0x1b, 
	0xe7, 0xe4, 0xd9, 0x99, 0x07, 0x11, 0x13, 0xe1, 
	0xbb, 0x11, 0x50, 0x05, 0xb7, 0x6b, 0x05, 0x56, 
	0xc3, 0x11, 0x11, 0x1b, 0xec, 0x66, 0x99, 0x98, 
	0x55, 0x4b, 0x99, 0x2c, 0x71, 0x11, 0x11, 0x14, 
	0xe7, 0x44, 0xd9, 0x99, 0x07, 0x11, 0x13, 0xe1, 
	0xee, 0x11, 0x5b, 0xb5, 0xb7, 0x6b, 0x05, 0x56, 
	0xc3, 0x11, 0x11, 0x14, 0xec, 0x66, 0x99, 0x98, 
	0x55, 0xbb, 0x99, 0x2c, 0x71, 0x11, 0x11, 0x14, 
	0xee, 0x4e, 0xd9, 0xd1, 0x07, 0x11, 0x13, 0xe1, 
	0xee, 0x11, 0x5b, 0xb5, 0x67, 0x6b, 0x05, 0x56, 
	0xc3, 0x11, 0x11, 0x14, 0xee, 0x66, 0x9a, 0xad, 
	0x55, 0x22, 0x99, 0x2e, 0x41, 0x01, 0x11, 0x1e, 
	0xee, 0x34, 0x01, 0x00, 0x37, 0x11, 0x50, 0x6d, 
	0x77, 0xaa, 0x96, 0x69, 0x47, 0x40, 0x05, 0x53, 
	0x73, 0xdd, 0x11, 0x1e, 0xee, 0x66, 0x10, 0x00, 
	0x55, 0x28, 0x99, 0x2e, 0x41, 0xb1, 0x11, 0x1e, 
	0xe4, 0x34, 0x01, 0xbb, 0x37, 0x11, 0x50, 0x6d, 
	0x77, 0xaa, 0x96, 0x69, 0x47, 0x40, 0x05, 0x53, 
	0x7d, 0xdd, 0x11, 0x1e, 0xee, 0x26, 0x10, 0x30, 
	0x55, 0x28, 0x99, 0x2e, 0x41, 0xb1, 0x11, 0x1e, 
	0x44, 0x04, 0x01, 0x44, 0x37, 0x11, 0x50, 0x6d, 
	0x77, 0xaa, 0x96, 0x69, 0x47, 0x40, 0x05, 0x53, 
	0x7d, 0x3d, 0x11, 0x1e, 0x66, 0x26, 0x13, 0x43, 
	0x55, 0x88, 0x99, 0x9e, 0xb1, 0x41, 0x11, 0x1e, 
	0x43, 0x04, 0x01, 0x44, 0x37, 0x11, 0x5d, 0x0d, 
	0x77, 0xaa, 0x96, 0x69, 0x47, 0x40, 0xd5, 0x50, 
	0x4d, 0x33, 0x11, 0x1e, 0x66, 0x26, 0x13, 0x43, 
	0x99, 0xd8, 0x55, 0x84, 0x01, 0x70, 0x11, 0x17, 
	0x42, 0x84, 0x11, 0xee, 0xb4, 0x11, 0x5d, 0x0d, 
	0xcc, 0xaa, 0x56, 0x65, 0x67, 0x6a, 0x89, 0x90, 
	0x6d, 0x60, 0x11, 0x17, 0xb0, 0x0b, 0x96, 0x76, 
	0x99, 0x88, 0x55, 0x50, 0x01, 0x70, 0x11, 0x17, 
	0x28, 0x84, 0x11, 0xee, 0xb4, 0x11, 0x5d, 0xdd, 
	0xcc, 0xaa, 0x56, 0x65, 0x67, 0x6a, 0xa9, 0x98, 
	0x05, 0x66, 0x11, 0x17, 0x0d, 0xdb, 0x96, 0x76, 
	0x99, 0xaa, 0x55, 0x58, 0x11, 0x70, 0x11, 0x17, 
	0x81, 0x14, 0x11, 0xee, 0xbb, 0x10, 0x55, 0x5d, 
	0xcc, 0xaa, 0x56, 0x65, 0x07, 0x6a, 0xa9, 0x9a, 
	0xd5, 0x66, 0x11, 0x17, 0xd1, 0xdb, 0x96, 0x76, 
	0x99, 0x99, 0x55, 0x55, 0x11, 0x70, 0x11, 0x17, 
	0x81, 0x12, 0x11, 0xee, 0xb0, 0x1b, 0x55, 0x5d, 
	0xcc, 0xaa, 0x56, 0x65, 0x06, 0x6a, 0x99, 0x99, 
	0x55, 0x66, 0x11, 0x17, 0x11, 0xd0, 0x96, 0x76, 
	0x11, 0x11, 0x11, 0x11, 0x11, 0x72, 0x11, 0x1e, 
	0x89, 0x90, 0xaa, 0xcc, 0x08, 0x80, 0xa9, 0x9d, 
	0xcc, 0x11, 0x96, 0x69, 0x03, 0x05, 0x11, 0x11, 
	0x99, 0x44, 0x11, 0x1e, 0xd9, 0xd0, 0x5e, 0xcb, 
	0x11, 0x11, 0x11, 0x11, 0x11, 0x72, 0x11, 0x1e, 
	0x89, 0x90, 0xaa, 0xcc, 0x09, 0x86, 0xa9, 0x9d, 
	0xcc, 0x11, 0x96, 0x69, 0xd3, 0x05, 0x11, 0x11, 
	0x99, 0x44, 0x11, 0x1e, 0xd9, 0xd0, 0x5e, 0xcb, 
	0x11, 0x11, 0x11, 0x11, 0x11, 0x72, 0x11, 0x1e, 
	0x89, 0x98, 0xaa, 0xcc, 0x09, 0x86, 0xa9, 0x9d, 
	0xcc, 0x11, 0x96, 0x69, 0xd0, 0xd5, 0x11, 0x11, 
	0x99, 0x44, 0x11, 0x1e, 0xd9, 0xdd, 0x5e, 0xcb, 
	0x11, 0x11, 0x11, 0x11, 0x11, 0x72, 0x11, 0x1e, 
	0x89, 0x9a, 0xaa, 0xcc, 0x09, 0x86, 0xa9, 0x9d, 
	0xcc, 0x11, 0x96, 0x69, 0x5d, 0xd5, 0x11, 0x11, 
	0x99, 0x44, 0x11, 0x1e, 0xd9, 0x9d, 0x5e, 0xcb, 
	0x99, 0x99, 0x99, 0x99, 0x11, 0x70, 0x11, 0x14, 
	0xd9, 0x9a, 0x11, 0xcc, 0x29, 0x2e, 0x19, 0x91, 
	0x77, 0x11, 0x9b, 0xb9, 0x11, 0x15, 0x55, 0x55, 
	0x55, 0x66, 0x11, 0x16, 0xa5, 0x11, 0xa4, 0xc3, 
	0x99, 0x99, 0x99, 0x99, 0x11, 0x70, 0x11, 0x14, 
	0xa9, 0x99, 0x11, 0xcc, 0x29, 0x2e, 0x19, 0x91, 
	0x77, 0x11, 0x9b, 0xb9, 0x51, 0x15, 0x55, 0x55, 
	0x55, 0x66, 0x11, 0x16, 0x15, 0x55, 0xa4, 0xc3, 
	0xaa, 0xaa, 0x19, 0x99, 0x11, 0x70, 0x11, 0x1b, 
	0xa9, 0x99, 0x11, 0xcc, 0x29, 0x2e, 0x19, 0x91, 
	0x77, 0x11, 0x9b, 0x09, 0x51, 0x11, 0x15, 0x55, 
	0x55, 0x66, 0x11, 0x13, 0x15, 0x55, 0xa4, 0xc3, 
	0xaa, 0xad, 0x11, 0x99, 0x11, 0x70, 0x11, 0x1b, 
	0xa9, 0x99, 0x11, 0xcc, 0x29, 0x2e, 0x19, 0x91, 
	0x77, 0x11, 0x90, 0x09, 0x5a, 0xa1, 0x81, 0x55, 
	0x55, 0x66, 0x11, 0x13, 0x15, 0x55, 0xa4, 0xc3, 
	0x0d, 0xd0, 0x85, 0x55, 0x55, 0xe0, 0x99, 0xad, 
	0x19, 0x99, 0x11, 0x77, 0x01, 0x04, 0x55, 0x55, 
	0xee, 0x55, 0x98, 0x89, 0x98, 0x88, 0x00, 0x11, 
	0x55, 0x66, 0x99, 0xad, 0x99, 0x99, 0x14, 0xc3, 
	0x00, 0xd3, 0x25, 0x55, 0x55, 0xe0, 0x99, 0xa8, 
	0x99, 0x99, 0x11, 0x77, 0x01, 0x04, 0xd5, 0x55, 
	0x3e, 0x55, 0x9a, 0xa9, 0x90, 0x08, 0x30, 0x11, 
	0x55, 0x66, 0x99, 0xa8, 0x99, 0x99, 0x14, 0xc3, 
	0x30, 0x04, 0x48, 0x85, 0x55, 0xe0, 0x98, 0x8a, 
	0x99, 0x99, 0x11, 0x77, 0x01, 0x1b, 0xd5, 0x55, 
	0x33, 0x55, 0x99, 0x99, 0x90, 0xb8, 0x43, 0x11, 
	0x55, 0x60, 0x98, 0x8a, 0x99, 0x99, 0x14, 0xc3, 
	0x33, 0x04, 0x48, 0x85, 0x55, 0xe0, 0x9d, 0xd8, 
	0x99, 0x99, 0x11, 0x67, 0x01, 0x1b, 0x0d, 0x55, 
	0x33, 0x55, 0x99, 0x99, 0x9b, 0xb0, 0x44, 0x01, 
	0x55, 0x00, 0x9d, 0xda, 0x99, 0x99, 0x13, 0xc3, 
	0x66, 0x0e, 0xe0, 0x01, 0x55, 0xbd, 0x10, 0x08, 
	0x55, 0x5d, 0x11, 0x67, 0xd5, 0x50, 0x0d, 0x99, 
	0x00, 0x99, 0x99, 0x99, 0xab, 0x40, 0x74, 0x00, 
	0x99, 0x00, 0x50, 0x0d, 0x99, 0xaa, 0x10, 0x70, 
	0x66, 0x0e, 0xe0, 0x01, 0x55, 0xbd, 0x10, 0x68, 
	0x55, 0x5d, 0x11, 0x67, 0xd5, 0x5d, 0xbd, 0x99, 
	0x80, 0x99, 0x99, 0x99, 0xa4, 0x40, 0x74, 0x00, 
	0x99, 0x08, 0x50, 0x6d, 0x99, 0xa8, 0x10, 0x70, 
	0x66, 0x0e, 0xe0, 0xb1, 0x55, 0x05, 0x16, 0x68, 
	0x55, 0x50, 0x11, 0x37, 0xd5, 0x5d, 0xbd, 0x99, 
	0x88, 0x99, 0x99, 0x99, 0x04, 0x40, 0x74, 0x30, 
	0x99, 0x88, 0x50, 0x6d, 0x99, 0xa0, 0x10, 0x70, 
	0x66, 0x0e, 0xe0, 0xb1, 0x55, 0xd5, 0x16, 0x68, 
	0x55, 0x50, 0x11, 0x36, 0xd5, 0x5d, 0xbd, 0x99, 
	0x88, 0x99, 0x99, 0x99, 0x04, 0x40, 0x74, 0x30, 
	0x99, 0x88, 0x56, 0x6d, 0x99, 0x80, 0x11, 0x60, 
	0x33, 0xf4, 0x63, 0x69, 0x11, 0x11, 0x1b, 0xe0, 
	0x55, 0x50, 0x81, 0x86, 0xa5, 0x51, 0x48, 0x99, 
	0x11, 0x11, 0x99, 0x99, 0x37, 0x68, 0xe6, 0x32, 
	0x11, 0x11, 0x16, 0x60, 0x11, 0xd0, 0x55, 0x6d, 
	0x32, 0xf4, 0x63, 0x69, 0x11, 0x11, 0x1e, 0xe0, 
	0x55, 0x56, 0x81, 0x86, 0x15, 0x51, 0x48, 0x99, 
	0x11, 0x11, 0x99, 0x91, 0x67, 0x68, 0xe3, 0x32, 
	0x11, 0x11, 0x16, 0x70, 0x11, 0xd0, 0x55, 0x6d, 
	0x22, 0xf4, 0x63, 0x69, 0x11, 0x11, 0x1e, 0xe0, 
	0x55, 0x56, 0x81, 0x86, 0x15, 0x51, 0x48, 0x99, 
	0x11, 0x11, 0x99, 0x91, 0x67, 0x68, 0x63, 0x62, 
	0x11, 0x11, 0x16, 0x70, 0x11, 0xd6, 0x55, 0x6d, 
	0x22, 0xf3, 0x33, 0x69, 0x11, 0x11, 0x1e, 0xe0, 
	0x55, 0x56, 0x81, 0x80, 0x15, 0x51, 0x48, 0x99, 
	0x11, 0x11, 0x99, 0x91, 0x67, 0x68, 0x32, 0x62, 
	0x11, 0x11, 0x16, 0x70, 0x11, 0xd6, 0x55, 0x0d, 
	
};

Gfx wf_dl_RSVP8P_1e4a6b7d3db43d46_14_ci4_pal_rgba16_aligner[] = {gsSPEndDisplayList()};
u8 wf_dl_RSVP8P_1e4a6b7d3db43d46_14_ci4_pal_rgba16[] = {
	0x2b, 0x21, 0x0a, 0x5b, 0x33, 0x5f, 0x43, 0xa3, 
	0x64, 0x25, 0x02, 0x5b, 0x53, 0xe5, 0x84, 0xeb, 
	0x1a, 0xdd, 0x02, 0x59, 0x12, 0x9b, 0x4b, 0xa3, 
	0x95, 0x2d, 0x12, 0xdd, 0x74, 0x69, 0x1a, 0x9b, 
	
};

Gfx wf_dl__3900mz_yellowwave_ci4_aligner[] = {gsSPEndDisplayList()};
u8 wf_dl__3900mz_yellowwave_ci4[] = {
	0x01, 0x10, 0x22, 0x22, 0x22, 0x23, 0x33, 0x23, 
	0x33, 0x33, 0x33, 0x33, 0x33, 0x33, 0x33, 0x23, 
	0x33, 0x33, 0x33, 0x32, 0x23, 0x32, 0x04, 0x55, 
	0x67, 0x88, 0x88, 0x99, 0x93, 0x23, 0x22, 0x22, 
	0x11, 0x00, 0xaa, 0x22, 0x22, 0x33, 0x22, 0x22, 
	0x33, 0x33, 0x33, 0x33, 0x33, 0x29, 0xbb, 0x33, 
	0x33, 0x33, 0x33, 0x33, 0x23, 0x33, 0x10, 0x55, 
	0x67, 0x77, 0x77, 0x99, 0x99, 0x22, 0x22, 0x22, 
	0xaa, 0xa2, 0xaa, 0x22, 0x32, 0x22, 0x22, 0x2a, 
	0x23, 0x33, 0x32, 0x22, 0x32, 0x2b, 0x6b, 0xa2, 
	0x22, 0x33, 0x33, 0x33, 0x2a, 0xaa, 0x10, 0x45, 
	0xc6, 0x77, 0x79, 0x99, 0xbb, 0x22, 0x22, 0x22, 
	0x22, 0x22, 0xaa, 0x22, 0x32, 0xa2, 0x2c, 0xc2, 
	0x3a, 0x22, 0x22, 0x22, 0x22, 0xb6, 0xbb, 0xbb, 
	0xcb, 0xa3, 0x33, 0x22, 0x10, 0x11, 0x00, 0x45, 
	0x6b, 0x77, 0x79, 0xbb, 0x6b, 0x22, 0x22, 0x22, 
	0x32, 0x22, 0x22, 0x22, 0x22, 0x22, 0xa1, 0xb2, 
	0x3b, 0x11, 0x11, 0xab, 0x66, 0x66, 0xcb, 0xcc, 
	0xcc, 0xca, 0xa2, 0xaa, 0x00, 0x00, 0x40, 0x04, 
	0x50, 0xbb, 0xbb, 0xcc, 0x1a, 0xa2, 0x33, 0x33, 
	0x22, 0x22, 0x22, 0x22, 0x22, 0x2a, 0xa2, 0xb2, 
	0x32, 0x1b, 0x1b, 0xab, 0xb6, 0x66, 0xcc, 0xc1, 
	0x1c, 0xcc, 0xc2, 0x11, 0x00, 0x00, 0x40, 0x00, 
	0x11, 0x1a, 0x11, 0x11, 0xaa, 0x23, 0x33, 0x33, 
	0xa2, 0x22, 0xaa, 0x22, 0x23, 0xab, 0x2a, 0xa2, 
	0x3a, 0x11, 0x11, 0xaa, 0xa1, 0xcc, 0x05, 0x00, 
	0xcc, 0x00, 0xaa, 0xaa, 0x11, 0x44, 0x40, 0x00, 
	0xa2, 0xaa, 0x11, 0x11, 0xaa, 0x23, 0x32, 0xaa, 
	0xbb, 0x2b, 0xa2, 0x23, 0x22, 0x22, 0x22, 0x22, 
	0x21, 0x11, 0x11, 0xaa, 0x1a, 0x1c, 0x05, 0x05, 
	0x55, 0x00, 0xaa, 0xa2, 0xa1, 0x00, 0x40, 0x10, 
	0x22, 0xaa, 0xaa, 0x11, 0x1a, 0x32, 0x22, 0xab, 
	0x99, 0x22, 0x22, 0x22, 0xaa, 0x11, 0x11, 0x11, 
	0x44, 0x44, 0x00, 0x11, 0xba, 0x11, 0x00, 0x05, 
	0x55, 0xc1, 0xaa, 0x22, 0x2a, 0x00, 0x44, 0x11, 
	0x22, 0xaa, 0xa1, 0x11, 0x11, 0xa2, 0x2a, 0x39, 
	0x79, 0xb2, 0x22, 0x22, 0xaa, 0x00, 0x00, 0x00, 
	0x44, 0x45, 0x44, 0x1a, 0xaa, 0x11, 0x01, 0x0d, 
	0x55, 0xc1, 0x1a, 0xa2, 0x2a, 0x11, 0x44, 0x1a, 
	0xa2, 0xa2, 0xa0, 0x11, 0xa1, 0xaa, 0x22, 0x38, 
	0x89, 0x23, 0x99, 0x2b, 0x10, 0x44, 0x44, 0x00, 
	0x44, 0x00, 0x11, 0xaa, 0x11, 0x10, 0x00, 0xcd, 
	0xcc, 0xcc, 0xba, 0x22, 0x22, 0xa1, 0x04, 0x44, 
	0x1a, 0x11, 0x00, 0x51, 0x11, 0xa2, 0x32, 0x39, 
	0x93, 0x33, 0x99, 0xbb, 0x11, 0x44, 0x44, 0x04, 
	0x44, 0x00, 0x11, 0xaa, 0x11, 0x00, 0x44, 0xc1, 
	0x1c, 0xcc, 0xba, 0x22, 0x22, 0x2a, 0x11, 0x00, 
	0x11, 0x10, 0xc5, 0x55, 0x55, 0xa2, 0x32, 0x33, 
	0x33, 0x39, 0x97, 0x6b, 0x10, 0x44, 0x44, 0x44, 
	0x40, 0x11, 0x04, 0x11, 0x00, 0x45, 0x55, 0x11, 
	0xbb, 0xbb, 0x22, 0x23, 0x22, 0x22, 0xaa, 0xa1, 
	0x00, 0x05, 0x55, 0xd5, 0x5c, 0xa2, 0x33, 0x22, 
	0x33, 0x39, 0x77, 0xbb, 0x10, 0x44, 0x44, 0x44, 
	0x41, 0x11, 0x44, 0x04, 0x04, 0x55, 0x5c, 0x1b, 
	0xbb, 0xbb, 0x22, 0x33, 0x33, 0x33, 0x33, 0x22, 
	0x00, 0x05, 0x5d, 0xd5, 0x51, 0xa2, 0x33, 0x33, 
	0x33, 0x39, 0x69, 0x9b, 0x11, 0x11, 0x04, 0x44, 
	0x01, 0x00, 0x05, 0x45, 0x55, 0xdc, 0xdc, 0xb1, 
	0xb7, 0x9b, 0x33, 0x33, 0x33, 0x33, 0x33, 0x22, 
	0x10, 0x44, 0x55, 0xdc, 0xcb, 0xb2, 0x32, 0x22, 
	0x33, 0x33, 0xbb, 0xba, 0xa1, 0x1c, 0x04, 0x44, 
	0x40, 0x00, 0x55, 0x55, 0xdd, 0x5d, 0xcc, 0x66, 
	0x97, 0x77, 0xb3, 0x33, 0x33, 0x33, 0x33, 0x32, 
	0x00, 0x44, 0x45, 0xdc, 0xcb, 0xb2, 0x22, 0x22, 
	0x22, 0x33, 0x22, 0x22, 0x21, 0x11, 0x44, 0x04, 
	0x01, 0x1a, 0x05, 0x55, 0xc6, 0x66, 0x66, 0x77, 
	0x77, 0xee, 0x89, 0x33, 0x33, 0x33, 0x33, 0x32, 
	0xa0, 0x00, 0x05, 0xcc, 0xcc, 0xba, 0xaa, 0x2a, 
	0xa2, 0x32, 0x33, 0x22, 0x31, 0x11, 0x44, 0x44, 
	0x01, 0xaa, 0x00, 0x55, 0xcc, 0x66, 0x66, 0x77, 
	0x7e, 0xee, 0x88, 0x83, 0x33, 0x33, 0x33, 0x22, 
	0x10, 0x00, 0x00, 0xcc, 0xcc, 0xba, 0x11, 0x11, 
	0xaa, 0x33, 0x33, 0x22, 0x33, 0x31, 0x04, 0x55, 
	0xaa, 0x22, 0x22, 0xbb, 0xb6, 0x66, 0x77, 0xee, 
	0xee, 0xee, 0xee, 0x88, 0x88, 0x33, 0x33, 0xa1, 
	0x00, 0x55, 0x55, 0x55, 0xcc, 0xc1, 0x00, 0x11, 
	0xaa, 0x22, 0x33, 0x22, 0x33, 0x3a, 0x44, 0x55, 
	0x6a, 0x22, 0x32, 0x32, 0xbb, 0xbb, 0x99, 0xee, 
	0xee, 0xee, 0x88, 0x88, 0x88, 0x99, 0x33, 0xa1, 
	0x50, 0x55, 0x55, 0x55, 0xc5, 0xcc, 0x01, 0x11, 
	0xa2, 0x99, 0x22, 0x33, 0x33, 0x33, 0xcc, 0xdd, 
	0xbb, 0x33, 0x33, 0x33, 0x22, 0x39, 0x33, 0x8e, 
	0xee, 0xee, 0x88, 0x88, 0xe8, 0x88, 0xb7, 0xbb, 
	0xcc, 0x6d, 0xdd, 0xdd, 0x55, 0x55, 0x01, 0xaa, 
	0xa9, 0xbb, 0xa2, 0x33, 0x33, 0x22, 0x1c, 0xd6, 
	0xb2, 0x33, 0x33, 0x33, 0x22, 0x33, 0x33, 0x33, 
	0x8e, 0x8e, 0x88, 0x88, 0xee, 0xe8, 0x99, 0x66, 
	0xc6, 0x6d, 0xdf, 0xcc, 0x5c, 0x50, 0x11, 0xaa, 
	0xab, 0xbb, 0x23, 0x2b, 0x99, 0xbb, 0x1c, 0xd6, 
	0x33, 0x33, 0x33, 0x33, 0x33, 0x33, 0x33, 0x33, 
	0x33, 0xee, 0xee, 0xee, 0xee, 0xe8, 0x88, 0x99, 
	0x97, 0x77, 0x6d, 0x66, 0xcc, 0x11, 0x11, 0xaa, 
	0xab, 0xb6, 0xb1, 0xb6, 0xee, 0x76, 0x1c, 0x66, 
	0x33, 0x33, 0x38, 0xe8, 0x33, 0x33, 0x33, 0x83, 
	0x33, 0x8e, 0xee, 0xee, 0xee, 0xe8, 0x89, 0x99, 
	0x97, 0x77, 0x66, 0x66, 0xc1, 0x11, 0x11, 0x11, 
	0x1a, 0xb6, 0xc5, 0x16, 0xff, 0x7c, 0x11, 0x6b, 
	0x22, 0x33, 0x88, 0xee, 0x83, 0x33, 0x33, 0x33, 
	0x33, 0x8e, 0xee, 0xee, 0xe7, 0x77, 0x93, 0x33, 
	0x97, 0x77, 0x66, 0x66, 0xab, 0x11, 0x00, 0x00, 
	0x11, 0xb6, 0x1c, 0x16, 0xff, 0x6c, 0x11, 0xba, 
	0x22, 0x33, 0x88, 0xee, 0x83, 0x33, 0x33, 0x33, 
	0x33, 0x38, 0xee, 0xee, 0xee, 0x87, 0x33, 0x33, 
	0x27, 0x77, 0x6b, 0x6b, 0xbb, 0x11, 0x00, 0x11, 
	0x11, 0xcc, 0xc6, 0x61, 0x66, 0xc1, 0x00, 0x11, 
	0x1a, 0x22, 0x99, 0x88, 0x83, 0x33, 0x33, 0x33, 
	0x33, 0x88, 0x8e, 0xee, 0xe8, 0x99, 0x23, 0x33, 
	0x97, 0x77, 0x76, 0x9b, 0xbb, 0x1c, 0x11, 0x11, 
	0x1a, 0xcc, 0xcc, 0x00, 0x00, 0x10, 0x40, 0x11, 
	0x1a, 0x2a, 0x99, 0x89, 0x33, 0x33, 0x33, 0x33, 
	0x33, 0x83, 0x38, 0x99, 0x89, 0x99, 0x22, 0x33, 
	0x97, 0x67, 0x7f, 0x6b, 0xbb, 0xc1, 0x11, 0x11, 
	0xab, 0xbb, 0x2b, 0x10, 0x00, 0x04, 0x44, 0x10, 
	0x11, 0x11, 0x15, 0x1a, 0x33, 0x33, 0x33, 0x33, 
	0x39, 0x83, 0x33, 0x39, 0x97, 0x9b, 0x99, 0x99, 
	0x87, 0xee, 0x77, 0x76, 0xbb, 0xb1, 0x1a, 0x1a, 
	0xaa, 0x22, 0xbb, 0x10, 0x00, 0x04, 0x44, 0x00, 
	0x01, 0xa1, 0xa1, 0xaa, 0x33, 0x33, 0x33, 0x39, 
	0x93, 0x33, 0x33, 0x39, 0x97, 0x79, 0x99, 0x98, 
	0x98, 0x77, 0x77, 0x76, 0xbb, 0x11, 0x2a, 0xaa, 
	0x22, 0x32, 0x9b, 0xc1, 0x11, 0x00, 0x00, 0x00, 
	0x12, 0x22, 0x2a, 0xaa, 0xaa, 0x23, 0x33, 0x39, 
	0x33, 0x33, 0x33, 0x33, 0x99, 0x88, 0x88, 0x88, 
	0x98, 0x97, 0x66, 0x76, 0xba, 0xaa, 0x22, 0x22, 
	0x22, 0x3b, 0xbb, 0xcb, 0x11, 0x00, 0x10, 0x00, 
	0x1a, 0x22, 0x22, 0xa2, 0x2a, 0x23, 0x23, 0x33, 
	0x33, 0x33, 0x33, 0x38, 0x98, 0x98, 0x88, 0x88, 
	0x98, 0x97, 0x66, 0xbb, 0xa2, 0xa2, 0x22, 0x23, 
	0x33, 0x3b, 0xcc, 0xcc, 0xcc, 0xc1, 0x11, 0x10, 
	0x01, 0xa2, 0x22, 0x22, 0x22, 0xab, 0xbb, 0x23, 
	0x33, 0x38, 0x33, 0x98, 0x99, 0x99, 0x88, 0x88, 
	0x89, 0x99, 0xc1, 0x1b, 0xaa, 0x1a, 0xaa, 0x23, 
	0x33, 0x32, 0xcc, 0xcc, 0x6c, 0x6c, 0xc1, 0x00, 
	0x00, 0xaa, 0x0a, 0x22, 0x22, 0xa1, 0x22, 0x23, 
	0x33, 0x38, 0x88, 0x88, 0x99, 0x39, 0x88, 0xe8, 
	0x99, 0xb9, 0x00, 0x11, 0xaa, 0x22, 0xa1, 0x22, 
	0x33, 0x33, 0x11, 0xc5, 0xdc, 0xdd, 0x66, 0x66, 
	0x50, 0x11, 0x01, 0x22, 0x22, 0x22, 0xaa, 0x23, 
	0x33, 0x8e, 0x88, 0x88, 0xe8, 0x33, 0x39, 0x79, 
	0x93, 0x32, 0xa1, 0x1a, 0x22, 0x22, 0x22, 0x23, 
	0x33, 0x33, 0x33, 0xc5, 0xdc, 0xcd, 0xfd, 0x6d, 
	0x5d, 0x51, 0x01, 0x22, 0x22, 0x22, 0xaa, 0x23, 
	0x38, 0x8e, 0xee, 0x8e, 0x88, 0x33, 0x39, 0x99, 
	0x92, 0x22, 0x11, 0xa1, 0x22, 0x22, 0xa2, 0x23, 
	0x33, 0x33, 0x33, 0xbd, 0xdc, 0xcc, 0xdf, 0xdd, 
	0xdd, 0xd6, 0xba, 0x22, 0x22, 0x22, 0x2a, 0x22, 
	0x29, 0x97, 0xe8, 0x88, 0xee, 0x83, 0x33, 0x33, 
	0x32, 0x22, 0xaa, 0xaa, 0xa2, 0x22, 0x22, 0x23, 
	0x33, 0x33, 0x33, 0xac, 0xcc, 0xcc, 0xdf, 0xd6, 
	0x66, 0xd6, 0xcb, 0x22, 0x22, 0x22, 0x22, 0x22, 
	0x29, 0x77, 0xe3, 0x98, 0xee, 0xe8, 0x93, 0x23, 
	0x22, 0x22, 0xaa, 0xaa, 0xa2, 0x22, 0x22, 0x23, 
	0x33, 0x32, 0xb3, 0x2b, 0xbb, 0xb6, 0xdd, 0xd6, 
	0xb3, 0x97, 0x7b, 0x22, 0x22, 0x29, 0x33, 0x23, 
	0x39, 0x87, 0xe3, 0x88, 0xee, 0xee, 0x79, 0x33, 
	0x33, 0x33, 0x32, 0x22, 0x22, 0x22, 0x22, 0x23, 
	0x33, 0x32, 0xb3, 0x3b, 0xb3, 0x26, 0xaa, 0xbb, 
	0x33, 0x39, 0x6b, 0x22, 0x22, 0x39, 0x33, 0x23, 
	0x99, 0x33, 0x33, 0x88, 0x88, 0xee, 0x79, 0x33, 
	0x33, 0x23, 0x32, 0x22, 0x22, 0x22, 0x22, 0x33, 
	0x33, 0x32, 0x2c, 0x2b, 0x23, 0xb2, 0x23, 0x33, 
	0x33, 0x39, 0x99, 0xbb, 0x22, 0x33, 0x32, 0x33, 
	0x33, 0x33, 0x39, 0x88, 0x88, 0x88, 0x73, 0x23, 
	0x22, 0x22, 0x2a, 0x2a, 0x22, 0x22, 0x33, 0x33, 
	0x33, 0x32, 0xc5, 0xb2, 0x22, 0xb2, 0x33, 0x33, 
	0x33, 0x39, 0xbb, 0xbb, 0x33, 0x99, 0x32, 0x33, 
	0x33, 0x33, 0x88, 0x88, 0x88, 0xe8, 0x73, 0x22, 
	0x22, 0x22, 0xab, 0xbb, 0x22, 0x22, 0x23, 0x33, 
	0x33, 0x22, 0xc5, 0xcb, 0xbb, 0xb3, 0x33, 0x32, 
	0x22, 0x3b, 0xbb, 0xbb, 0x79, 0x97, 0x92, 0x33, 
	0x22, 0x39, 0xe8, 0x88, 0xee, 0xee, 0xf9, 0x93, 
	0x33, 0x22, 0xbb, 0xbb, 0xb2, 0x22, 0x22, 0x33, 
	0x33, 0x22, 0xcc, 0xcc, 0xbb, 0x23, 0x33, 0x32, 
	0x22, 0x3b, 0xbb, 0x66, 0x97, 0x77, 0x92, 0x39, 
	0x22, 0x33, 0xee, 0x88, 0xee, 0xee, 0xf7, 0x79, 
	0x39, 0x22, 0xab, 0x2a, 0xb7, 0x92, 0x22, 0x33, 
	0x33, 0x32, 0xa1, 0x1c, 0xb2, 0x33, 0x33, 0x32, 
	0x22, 0x2b, 0xbb, 0xcc, 0x17, 0x77, 0x66, 0x66, 
	0x72, 0x39, 0xee, 0x88, 0xee, 0xe7, 0x77, 0x77, 
	0x33, 0x33, 0x22, 0x22, 0x97, 0x99, 0x33, 0x33, 
	0x33, 0x32, 0x21, 0x11, 0xba, 0xb3, 0x33, 0x2c, 
	0xb2, 0xbb, 0xbc, 0xc1, 0x1b, 0xb6, 0x66, 0x66, 
	0xb2, 0x33, 0xee, 0xee, 0x8e, 0xe7, 0x97, 0x99, 
	0x33, 0x33, 0x22, 0x22, 0x99, 0x93, 0x33, 0x33, 
	0x33, 0x22, 0x2a, 0x11, 0xca, 0x22, 0x22, 0x2b, 
	0xcb, 0xcc, 0x1c, 0xcc, 0xbb, 0xbb, 0x6c, 0xcc, 
	0x22, 0x33, 0x99, 0x79, 0x9e, 0xe9, 0x22, 0x93, 
	0x33, 0x33, 0x33, 0x2b, 0x29, 0x33, 0x33, 0x33, 
	0x32, 0xaa, 0xaa, 0xa1, 0xba, 0x22, 0x2a, 0xab, 
	0xbb, 0xcc, 0xc1, 0x11, 0x11, 0xbb, 0x5c, 0xc0, 
	0x92, 0x33, 0x33, 0x23, 0x88, 0x83, 0x22, 0x93, 
	0x33, 0x33, 0x33, 0x22, 0x22, 0x33, 0x33, 0x33, 
	0x2a, 0x11, 0x11, 0xaa, 0x11, 0xaa, 0xa1, 0xa1, 
	0xcc, 0x50, 0xc1, 0xbb, 0x9b, 0xb9, 0x6c, 0x50, 
	0x1a, 0x33, 0x33, 0x33, 0x33, 0x22, 0x22, 0x33, 
	0x33, 0x33, 0x2a, 0x22, 0x22, 0x33, 0x33, 0x33, 
	0x2a, 0x11, 0x11, 0x1a, 0x11, 0xaa, 0xaa, 0xa1, 
	0x11, 0x00, 0x11, 0xbb, 0xbb, 0xb9, 0x6c, 0x50, 
	0x1a, 0x33, 0x33, 0x33, 0x33, 0x33, 0x23, 0x33, 
	0x33, 0x33, 0x22, 0x23, 0x33, 0x33, 0x33, 0x33, 
	0x2a, 0x01, 0x11, 0x11, 0x1a, 0xaa, 0x11, 0x11, 
	0x11, 0x11, 0x11, 0xbb, 0x99, 0xb9, 0x66, 0x6a, 
	0x23, 0x33, 0x33, 0x33, 0x33, 0x33, 0x33, 0x33, 
	0x33, 0x33, 0x33, 0x33, 0x33, 0x33, 0x33, 0x33, 
	0x21, 0x01, 0x11, 0x11, 0x1a, 0xaa, 0x11, 0x11, 
	0x1a, 0xaa, 0x11, 0xbb, 0x99, 0x99, 0x76, 0xcb, 
	0x33, 0x33, 0x33, 0x33, 0x33, 0x33, 0x33, 0x33, 
	0x33, 0x33, 0x33, 0x33, 0x33, 0x23, 0x33, 0x33, 
	0xab, 0x11, 0x10, 0x11, 0x1a, 0x10, 0x00, 0x11, 
	0x11, 0xaa, 0x2a, 0x2b, 0x99, 0x97, 0x77, 0xb2, 
	0x33, 0x33, 0x33, 0x33, 0x33, 0x33, 0x33, 0x33, 
	0x33, 0x33, 0x33, 0x22, 0x22, 0x22, 0x33, 0x23, 
	0xbb, 0x11, 0x00, 0x11, 0x1a, 0x00, 0x55, 0x55, 
	0x11, 0xaa, 0x2a, 0x2b, 0x39, 0x97, 0x79, 0xb2, 
	0x33, 0x33, 0x33, 0x33, 0x33, 0x33, 0x33, 0x33, 
	0x33, 0x33, 0x33, 0x22, 0x2a, 0x22, 0x2a, 0x22, 
	0x1c, 0x00, 0x00, 0x01, 0x00, 0x55, 0xd5, 0x55, 
	0x1a, 0x29, 0x22, 0x33, 0x99, 0x87, 0xf7, 0xb3, 
	0x23, 0x33, 0x33, 0x33, 0x33, 0x33, 0x33, 0x33, 
	0x33, 0x33, 0x33, 0x33, 0x23, 0x22, 0x23, 0x2a, 
	0x11, 0x00, 0x00, 0x01, 0x00, 0x55, 0xdd, 0x55, 
	0x1a, 0x29, 0x99, 0x99, 0x99, 0xef, 0xe7, 0x96, 
	0x22, 0x23, 0x33, 0x33, 0x33, 0x33, 0x33, 0x99, 
	0x33, 0x33, 0x33, 0x33, 0x22, 0xb2, 0xaa, 0x2b, 
	0x11, 0x00, 0x11, 0x11, 0x44, 0x55, 0xdd, 0xcc, 
	0xba, 0x39, 0x77, 0x97, 0x39, 0xee, 0xe7, 0x2b, 
	0x22, 0xa1, 0x22, 0x33, 0x33, 0x33, 0x89, 0x33, 
	0x33, 0x33, 0x33, 0x33, 0x33, 0x22, 0x22, 0x2a, 
	0x11, 0x11, 0x11, 0x01, 0x04, 0x45, 0xdc, 0xcb, 
	0xba, 0x33, 0x97, 0x77, 0x39, 0x8e, 0x79, 0x33, 
	0x22, 0xa2, 0xa1, 0xa2, 0x33, 0x33, 0x83, 0x33, 
	0x33, 0x33, 0x33, 0x33, 0x33, 0x32, 0x22, 0x2a, 
	0xaa, 0xaa, 0x11, 0x11, 0x00, 0x00, 0xcc, 0x6b, 
	0xb2, 0x22, 0x22, 0xb6, 0x69, 0x99, 0x33, 0x33, 
	0x33, 0x22, 0x32, 0x23, 0x33, 0x22, 0x33, 0x33, 
	0x33, 0x33, 0x88, 0x83, 0x33, 0x33, 0x33, 0x2a, 
	0xaa, 0xaa, 0x11, 0x11, 0x00, 0x00, 0x11, 0xbb, 
	0xa2, 0x22, 0x22, 0xb6, 0xb3, 0x33, 0x33, 0x33, 
	0x33, 0x22, 0x22, 0x23, 0x33, 0x22, 0x33, 0x33, 
	0x83, 0x39, 0x88, 0x88, 0x33, 0x33, 0x33, 0x2a, 
	0x1a, 0xa2, 0xaa, 0x11, 0x00, 0x11, 0x11, 0xaa, 
	0x22, 0x22, 0x22, 0xab, 0xb2, 0x23, 0x33, 0x33, 
	0x33, 0x23, 0x33, 0x33, 0x32, 0x33, 0x22, 0x99, 
	0x83, 0x38, 0xee, 0x88, 0x99, 0x33, 0x22, 0xa1, 
	0xaa, 0x2a, 0xaa, 0x11, 0x10, 0x11, 0xaa, 0xa2, 
	0x22, 0x22, 0x22, 0x22, 0x22, 0x33, 0x33, 0x33, 
	0x33, 0x33, 0x33, 0x33, 0x32, 0x2b, 0xbb, 0x99, 
	0x78, 0x88, 0xee, 0x78, 0x99, 0x33, 0x2a, 0x1a, 
	0x11, 0x12, 0x22, 0xaa, 0xaa, 0xaa, 0x22, 0x22, 
	0x22, 0x22, 0x22, 0x23, 0x33, 0x33, 0x33, 0x33, 
	0x33, 0x33, 0x33, 0x33, 0x33, 0xab, 0xb6, 0x69, 
	0x79, 0x88, 0x7e, 0x79, 0x22, 0x22, 0x22, 0x11, 
	0x11, 0xaa, 0x22, 0xaa, 0xaa, 0xa2, 0x22, 0x22, 
	0x22, 0x22, 0x22, 0x23, 0x33, 0x33, 0x33, 0x33, 
	0x33, 0x33, 0x33, 0x33, 0x33, 0x33, 0x26, 0x66, 
	0x77, 0x88, 0x99, 0x99, 0x22, 0xa2, 0x2a, 0x11, 
	
};

Gfx wf_dl__3900mz_yellowwave_ci4_pal_rgba16_aligner[] = {gsSPEndDisplayList()};
u8 wf_dl__3900mz_yellowwave_ci4_pal_rgba16[] = {
	0x10, 0xd5, 0x10, 0xcf, 0x08, 0x45, 0x08, 0x41, 
	0x20, 0xe1, 0x32, 0x21, 0x42, 0x13, 0x42, 0x0d, 
	0x29, 0x45, 0x29, 0x49, 0x08, 0x89, 0x21, 0x4d, 
	0x3a, 0x19, 0x6b, 0xe5, 0x4a, 0x49, 0x83, 0xd9, 
	
};

Gfx wf_dl_AdvGgtDimInd01_ia8_aligner[] = {gsSPEndDisplayList()};
u8 wf_dl_AdvGgtDimInd01_ia8[] = {
	0xf6, 0xf9, 0xf8, 0xf5, 0xf4, 0xf4, 0xf4, 0xf4, 
	0xf6, 0xf3, 0xf3, 0xf6, 0xf3, 0xf3, 0xf5, 0xf3, 
	0xf6, 0xf5, 0xf4, 0xf3, 0xf3, 0xf4, 0xf7, 0xf9, 
	0xf7, 0xfa, 0xf8, 0xf3, 0xf4, 0xf3, 0xf4, 0xf6, 
	0xf6, 0xf8, 0xf8, 0xf8, 0xf6, 0xf4, 0xf3, 0xf3, 
	0xf5, 0xf3, 0xf3, 0xf5, 0xf3, 0xf4, 0xf4, 0xf3, 
	0xf6, 0xf6, 0xf3, 0xf2, 0xf2, 0xf3, 0xf7, 0xfb, 
	0xf7, 0xfa, 0xff, 0xf7, 0xf5, 0xf3, 0xf3, 0xf5, 
	0xf7, 0xf6, 0xf4, 0xf6, 0xf8, 0xf3, 0xf2, 0xf2, 
	0xf4, 0xf3, 0xf3, 0xf5, 0xf3, 0xf4, 0xf4, 0xf3, 
	0xf8, 0xf7, 0xf3, 0xf2, 0xf2, 0xf3, 0xf5, 0xfa, 
	0xf6, 0xf6, 0xfc, 0xf9, 0xf6, 0xf5, 0xf4, 0xf5, 
	0xf7, 0xf7, 0xf4, 0xf4, 0xf7, 0xf3, 0xf2, 0xf2, 
	0xf3, 0xf4, 0xf3, 0xf5, 0xf3, 0xf4, 0xf4, 0xf4, 
	0xf9, 0xf6, 0xf2, 0xf2, 0xf2, 0xf3, 0xf5, 0xf9, 
	0xf5, 0xf3, 0xf5, 0xf6, 0xf6, 0xf5, 0xf4, 0xf5, 
	0xf7, 0xf9, 0xf3, 0xf3, 0xf7, 0xf2, 0xf2, 0xf2, 
	0xf3, 0xf4, 0xf3, 0xf4, 0xf4, 0xf4, 0xf5, 0xf6, 
	0xf9, 0xf5, 0xf2, 0xf2, 0xf2, 0xf3, 0xf6, 0xf8, 
	0xf4, 0xf2, 0xf2, 0xf5, 0xf4, 0xf5, 0xf4, 0xf4, 
	0xf6, 0xf9, 0xf3, 0xf3, 0xf7, 0xf3, 0xf2, 0xf2, 
	0xf3, 0xf5, 0xf3, 0xf3, 0xf4, 0xf6, 0xf7, 0xf8, 
	0xf8, 0xf4, 0xf2, 0xf2, 0xf2, 0xf3, 0xf6, 0xf6, 
	0xf3, 0xf2, 0xf2, 0xf4, 0xf3, 0xf4, 0xf4, 0xf4, 
	0xf4, 0xf9, 0xf4, 0xf3, 0xf8, 0xf4, 0xf2, 0xf2, 
	0xf4, 0xf5, 0xf3, 0xf3, 0xf4, 0xf6, 0xf8, 0xf9, 
	0xf6, 0xf5, 0xf2, 0xf2, 0xf2, 0xf3, 0xf4, 0xf5, 
	0xf4, 0xf2, 0xf2, 0xf3, 0xf4, 0xf3, 0xf4, 0xf4, 
	0xf4, 0xf7, 0xf5, 0xf4, 0xf8, 0xf8, 0xf3, 0xf3, 
	0xf4, 0xf7, 0xf4, 0xf4, 0xf4, 0xf5, 0xf8, 0xf9, 
	0xf7, 0xf6, 0xf2, 0xf2, 0xf2, 0xf3, 0xf4, 0xf4, 
	0xf4, 0xf2, 0xf2, 0xf2, 0xf4, 0xf3, 0xf4, 0xf4, 
	0xf3, 0xf6, 0xf5, 0xf4, 0xf5, 0xf9, 0xf5, 0xf3, 
	0xf3, 0xf6, 0xf5, 0xf4, 0xf5, 0xf5, 0xfa, 0xfa, 
	0xfa, 0xf5, 0xf2, 0xf2, 0xf2, 0xf3, 0xf4, 0xf3, 
	0xf4, 0xf2, 0xf2, 0xf2, 0xf3, 0xf5, 0xf5, 0xf4, 
	0xf3, 0xf6, 0xf4, 0xf3, 0xf4, 0xf6, 0xf5, 0xf3, 
	0xf2, 0xf3, 0xf5, 0xf3, 0xf5, 0xf8, 0xfc, 0xfa, 
	0xf7, 0xf4, 0xf3, 0xf2, 0xf3, 0xf3, 0xf3, 0xf3, 
	0xf3, 0xf3, 0xf2, 0xf2, 0xf3, 0xf6, 0xf5, 0xf4, 
	0xf3, 0xf7, 0xf6, 0xf3, 0xf4, 0xf7, 0xf6, 0xf3, 
	0xf2, 0xf3, 0xf4, 0xf3, 0xf4, 0xfb, 0xfc, 0xf7, 
	0xf5, 0xf5, 0xf5, 0xf5, 0xf4, 0xf3, 0xf3, 0xf3, 
	0xf3, 0xf3, 0xf2, 0xf2, 0xf2, 0xf6, 0xf5, 0xf3, 
	0xf6, 0xf7, 0xf6, 0xf4, 0xf5, 0xf7, 0xf8, 0xf4, 
	0xf2, 0xf3, 0xf4, 0xf3, 0xf3, 0xfa, 0xfa, 0xf4, 
	0xf3, 0xf3, 0xf3, 0xf4, 0xf5, 0xf3, 0xf3, 0xf3, 
	0xf3, 0xf3, 0xf2, 0xf2, 0xf2, 0xf6, 0xf4, 0xf3, 
	0xf8, 0xf6, 0xf4, 0xf4, 0xf4, 0xf5, 0xf7, 0xf6, 
	0xf3, 0xf3, 0xf4, 0xf3, 0xf3, 0xfa, 0xf8, 0xf4, 
	0xf4, 0xf4, 0xf3, 0xf3, 0xf3, 0xf4, 0xf3, 0xf3, 
	0xf3, 0xf3, 0xf2, 0xf2, 0xf2, 0xf6, 0xf4, 0xf5, 
	0xfa, 0xf5, 0xf3, 0xf4, 0xf4, 0xf4, 0xf5, 0xf7, 
	0xf3, 0xf3, 0xf5, 0xf3, 0xf4, 0xfa, 0xf8, 0xf3, 
	0xf4, 0xf4, 0xf4, 0xf3, 0xf3, 0xf4, 0xf3, 0xf3, 
	0xf3, 0xf3, 0xf3, 0xf2, 0xf2, 0xf6, 0xf5, 0xf9, 
	0xfc, 0xf5, 0xf3, 0xf3, 0xf3, 0xf4, 0xf4, 0xf7, 
	0xf4, 0xf4, 0xf6, 0xf4, 0xf6, 0xfb, 0xf7, 0xf3, 
	0xf2, 0xf2, 0xf3, 0xf3, 0xf3, 0xf4, 0xf4, 0xf3, 
	0xf3, 0xf3, 0xf3, 0xf2, 0xf2, 0xf7, 0xf7, 0xfa, 
	0xfd, 0xf4, 0xf3, 0xf3, 0xf3, 0xf3, 0xf4, 0xf5, 
	0xf9, 0xf9, 0xf9, 0xf6, 0xf9, 0xfd, 0xf7, 0xf3, 
	0xf2, 0xf2, 0xf2, 0xf2, 0xf3, 0xf3, 0xf6, 0xf4, 
	0xf4, 0xf3, 0xf3, 0xf2, 0xf3, 0xf7, 0xf8, 0xfb, 
	0xfd, 0xf5, 0xf3, 0xf3, 0xf3, 0xf4, 0xf4, 0xf3, 
	0xf7, 0xfc, 0xfc, 0xfc, 0xfd, 0xfe, 0xf8, 0xf2, 
	0xf2, 0xf2, 0xf2, 0xf2, 0xf3, 0xf3, 0xf7, 0xf8, 
	0xf8, 0xf6, 0xf3, 0xf2, 0xf3, 0xf5, 0xf7, 0xfb, 
	0xfd, 0xf6, 0xf3, 0xf3, 0xf3, 0xf4, 0xf4, 0xf3, 
	0xf4, 0xf9, 0xfb, 0xfe, 0xfe, 0xfe, 0xfa, 0xf3, 
	0xf2, 0xf2, 0xf2, 0xf2, 0xf3, 0xf6, 0xfb, 0xff, 
	0xfe, 0xfa, 0xf5, 0xf3, 0xf5, 0xf3, 0xf4, 0xfb, 
	0xfd, 0xf6, 0xf3, 0xf3, 0xf3, 0xf4, 0xf4, 0xf3, 
	0xf3, 0xf6, 0xf8, 0xfb, 0xfc, 0xfe, 0xfb, 0xf3, 
	0xf2, 0xf2, 0xf2, 0xf2, 0xf5, 0xf6, 0xfb, 0xfc, 
	0xfc, 0xfc, 0xfa, 0xf5, 0xf5, 0xf3, 0xf3, 0xfa, 
	0xfb, 0xf5, 0xf3, 0xf3, 0xf3, 0xf3, 0xf4, 0xf3, 
	0xf3, 0xf5, 0xf8, 0xf7, 0xf8, 0xfd, 0xfd, 0xf4, 
	0xf2, 0xf2, 0xf2, 0xf5, 0xf6, 0xf4, 0xf6, 0xf8, 
	0xf7, 0xf7, 0xfb, 0xfa, 0xf5, 0xf3, 0xf4, 0xfb, 
	0xf6, 0xf3, 0xf3, 0xf3, 0xf3, 0xf3, 0xf4, 0xf3, 
	0xf3, 0xf5, 0xf6, 0xf5, 0xf4, 0xfc, 0xfd, 0xf7, 
	0xf3, 0xf2, 0xf4, 0xf6, 0xf3, 0xf3, 0xf4, 0xf6, 
	0xf7, 0xf5, 0xf6, 0xfc, 0xf5, 0xf3, 0xf7, 0xfd, 
	0xf3, 0xf3, 0xf3, 0xf3, 0xf3, 0xf3, 0xf4, 0xf3, 
	0xf4, 0xf5, 0xf5, 0xf4, 0xf3, 0xf9, 0xfd, 0xfb, 
	0xf7, 0xf4, 0xf5, 0xf3, 0xf3, 0xf3, 0xf3, 0xf3, 
	0xf6, 0xf5, 0xf4, 0xfa, 0xf8, 0xf4, 0xfb, 0xf8, 
	0xf3, 0xf3, 0xf3, 0xf3, 0xf3, 0xf4, 0xf4, 0xf4, 
	0xf5, 0xf5, 0xf5, 0xf4, 0xf3, 0xf5, 0xfc, 0xfc, 
	0xfa, 0xf6, 0xf3, 0xf3, 0xf3, 0xf3, 0xf2, 0xf2, 
	0xf4, 0xf5, 0xf4, 0xf9, 0xfb, 0xf9, 0xf9, 0xf3, 
	0xf4, 0xf3, 0xf3, 0xf3, 0xf3, 0xf4, 0xf6, 0xf6, 
	0xf4, 0xf4, 0xf4, 0xf3, 0xf3, 0xf3, 0xf9, 0xf9, 
	0xf9, 0xf5, 0xf3, 0xf3, 0xf3, 0xf2, 0xf2, 0xf2, 
	0xf3, 0xf5, 0xf4, 0xf9, 0xfb, 0xf7, 0xf5, 0xf3, 
	0xf9, 0xf9, 0xf5, 0xf4, 0xf6, 0xf9, 0xfb, 0xf7, 
	0xf3, 0xf4, 0xf4, 0xf4, 0xf3, 0xf3, 0xf7, 0xf6, 
	0xf8, 0xf5, 0xf3, 0xf3, 0xf2, 0xf2, 0xf2, 0xf2, 
	0xf3, 0xf5, 0xf5, 0xfb, 0xfa, 0xf3, 0xf4, 0xf6, 
	0xf8, 0xfb, 0xfc, 0xfa, 0xfa, 0xfb, 0xfb, 0xf9, 
	0xf4, 0xf3, 0xf3, 0xf4, 0xf3, 0xf3, 0xf6, 0xf5, 
	0xf6, 0xf5, 0xf3, 0xf3, 0xf2, 0xf2, 0xf2, 0xf2, 
	0xf3, 0xf6, 0xf9, 0xfc, 0xf6, 0xf3, 0xf5, 0xf7, 
	0xf4, 0xf5, 0xf8, 0xf9, 0xf7, 0xf5, 0xf9, 0xfa, 
	0xf5, 0xf3, 0xf3, 0xf3, 0xf4, 0xf5, 0xf5, 0xf5, 
	0xf5, 0xf6, 0xf3, 0xf3, 0xf2, 0xf2, 0xf2, 0xf2, 
	0xf3, 0xf9, 0xfd, 0xfc, 0xf5, 0xf3, 0xf8, 0xf6, 
	0xf3, 0xf3, 0xf4, 0xf8, 0xf5, 0xf4, 0xf8, 0xfb, 
	0xf8, 0xf6, 0xf5, 0xf5, 0xf7, 0xf8, 0xf6, 0xf5, 
	0xf6, 0xf6, 0xf3, 0xf3, 0xf3, 0xf3, 0xf3, 0xf2, 
	0xf5, 0xfd, 0xfd, 0xfc, 0xf5, 0xf5, 0xf8, 0xf4, 
	0xf3, 0xf3, 0xf3, 0xf7, 0xf5, 0xf4, 0xf6, 0xf9, 
	0xf7, 0xf8, 0xfa, 0xf9, 0xf9, 0xf7, 0xf5, 0xf4, 
	0xf6, 0xf6, 0xf3, 0xf3, 0xf3, 0xf3, 0xf3, 0xf3, 
	0xfa, 0xfd, 0xfd, 0xfc, 0xf6, 0xf4, 0xf6, 0xf4, 
	0xf3, 0xf3, 0xf3, 0xf7, 0xf7, 0xf5, 0xf7, 0xf7, 
	0xf4, 0xf4, 0xf6, 0xfa, 0xf7, 0xf4, 0xf4, 0xf4, 
	0xf5, 0xf6, 0xf2, 0xf2, 0xf3, 0xf3, 0xf4, 0xf5, 
	0xfc, 0xfa, 0xfa, 0xfb, 0xf4, 0xf3, 0xf4, 0xf5, 
	0xf3, 0xf3, 0xf6, 0xfa, 0xfb, 0xf7, 0xf8, 0xf6, 
	0xf3, 0xf3, 0xf3, 0xf6, 0xf7, 0xf4, 0xf3, 0xf3, 
	0xf4, 0xf5, 0xf2, 0xf2, 0xf2, 0xf3, 0xf4, 0xf7, 
	0xfa, 0xf5, 0xf7, 0xf9, 0xf3, 0xf2, 0xf3, 0xf5, 
	0xf4, 0xf6, 0xf8, 0xfd, 0xfe, 0xfa, 0xf8, 0xf5, 
	0xf3, 0xf2, 0xf3, 0xf5, 0xf8, 0xf4, 0xf3, 0xf4, 
	0xf4, 0xf4, 0xf3, 0xf2, 0xf3, 0xf4, 0xf5, 0xf5, 
	0xf7, 0xf3, 0xf6, 0xf8, 0xf3, 0xf3, 0xf2, 0xf4, 
	0xf5, 0xf5, 0xf7, 0xfb, 0xfe, 0xfc, 0xf8, 0xf5, 
	0xf4, 0xf4, 0xf4, 0xf6, 0xf9, 0xf6, 0xf4, 0xf4, 
	0xf4, 0xf3, 0xf3, 0xf5, 0xf5, 0xf4, 0xf3, 0xf5, 
	0xf6, 0xf3, 0xf6, 0xf8, 0xf4, 0xf2, 0xf2, 0xf3, 
	0xf5, 0xf6, 0xf7, 0xf6, 0xf9, 0xfc, 0xf8, 0xf5, 
	0xf8, 0xf9, 0xf8, 0xf8, 0xf7, 0xf6, 0xf8, 0xf5, 
	0xf3, 0xf2, 0xf3, 0xf4, 0xf3, 0xf3, 0xf2, 0xf7, 
	0xf5, 0xf3, 0xf7, 0xf8, 0xf5, 0xf4, 0xf3, 0xf4, 
	0xf5, 0xf6, 0xf5, 0xf4, 0xf5, 0xfa, 0xf8, 0xf6, 
	0xf7, 0xf8, 0xf9, 0xfa, 0xf5, 0xf3, 0xf5, 0xf3, 
	0xf2, 0xf2, 0xf2, 0xf2, 0xf2, 0xf2, 0xf3, 0xf9, 
	0xf5, 0xf3, 0xf7, 0xfa, 0xfb, 0xfa, 0xf6, 0xf5, 
	0xf4, 0xf5, 0xf4, 0xf3, 0xf4, 0xf9, 0xf8, 0xf6, 
	0xf3, 0xf4, 0xf6, 0xfa, 0xf6, 0xf3, 0xf2, 0xf2, 
	0xf2, 0xf2, 0xf2, 0xf2, 0xf2, 0xf2, 0xf7, 0xfb, 
	0xf4, 0xf3, 0xf9, 0xfd, 0xfc, 0xfb, 0xf7, 0xf5, 
	0xf4, 0xf4, 0xf3, 0xf4, 0xf5, 0xf9, 0xf8, 0xf4, 
	0xf3, 0xf3, 0xf4, 0xfa, 0xf6, 0xf2, 0xf2, 0xf2, 
	0xf2, 0xf2, 0xf2, 0xf2, 0xf2, 0xf3, 0xfa, 0xfb, 
	0xf3, 0xf4, 0xfc, 0xfa, 0xf8, 0xf9, 0xf6, 0xf6, 
	0xf6, 0xf4, 0xf5, 0xf5, 0xf7, 0xf9, 0xf6, 0xf4, 
	0xf3, 0xf3, 0xf4, 0xf8, 0xf4, 0xf2, 0xf3, 0xf3, 
	0xf2, 0xf2, 0xf3, 0xf2, 0xf2, 0xf3, 0xfb, 0xfc, 
	0xf4, 0xf8, 0xf9, 0xf7, 0xf9, 0xf8, 0xf7, 0xf8, 
	0xf8, 0xf6, 0xf6, 0xf8, 0xfa, 0xf8, 0xf5, 0xf4, 
	0xf3, 0xf3, 0xf5, 0xf4, 0xf2, 0xf2, 0xf4, 0xf4, 
	0xf2, 0xf2, 0xf3, 0xf2, 0xf2, 0xf3, 0xfb, 0xfd, 
	0xf7, 0xf5, 0xf4, 0xf4, 0xf7, 0xfa, 0xf9, 0xfb, 
	0xf9, 0xf7, 0xf7, 0xfb, 0xfb, 0xf6, 0xf5, 0xf4, 
	0xf3, 0xf3, 0xf5, 0xf3, 0xf2, 0xf3, 0xf3, 0xf3, 
	0xf3, 0xf2, 0xf3, 0xf2, 0xf2, 0xf3, 0xfa, 0xfd, 
	0xf7, 0xf5, 0xf3, 0xf3, 0xf3, 0xf8, 0xf9, 0xfa, 
	0xf8, 0xf8, 0xf8, 0xfc, 0xf8, 0xf5, 0xf5, 0xf3, 
	0xf4, 0xf5, 0xf4, 0xf2, 0xf3, 0xf3, 0xf3, 0xf3, 
	0xf3, 0xf3, 0xf3, 0xf3, 0xf2, 0xf3, 0xfb, 0xfd, 
	0xf9, 0xf8, 0xf3, 0xf3, 0xf3, 0xf3, 0xf4, 0xf7, 
	0xf7, 0xf8, 0xf7, 0xfd, 0xf7, 0xf5, 0xf4, 0xf5, 
	0xf6, 0xf6, 0xf3, 0xf3, 0xf4, 0xf4, 0xf3, 0xf3, 
	0xf3, 0xf3, 0xf3, 0xf3, 0xf2, 0xf4, 0xfd, 0xfd, 
	0xfc, 0xf9, 0xf4, 0xf3, 0xf3, 0xf3, 0xf4, 0xf5, 
	0xf6, 0xf8, 0xf6, 0xfe, 0xf6, 0xf5, 0xf5, 0xf5, 
	0xf5, 0xf4, 0xf3, 0xf4, 0xf5, 0xf5, 0xf3, 0xf3, 
	0xf3, 0xf3, 0xf3, 0xf3, 0xf2, 0xf6, 0xfd, 0xfe, 
	0xfc, 0xf8, 0xf5, 0xf5, 0xf6, 0xf6, 0xf6, 0xf6, 
	0xf5, 0xf8, 0xf6, 0xfe, 0xf6, 0xf6, 0xf5, 0xf4, 
	0xf3, 0xf3, 0xf4, 0xf5, 0xf6, 0xf4, 0xf3, 0xf3, 
	0xf4, 0xf3, 0xf3, 0xf3, 0xf2, 0xf7, 0xfd, 0xfe, 
	0xfd, 0xfa, 0xf7, 0xf7, 0xf6, 0xf5, 0xf4, 0xf4, 
	0xf6, 0xf8, 0xf5, 0xfd, 0xf8, 0xf8, 0xf5, 0xf5, 
	0xf6, 0xf5, 0xf6, 0xf5, 0xf4, 0xf5, 0xf4, 0xf4, 
	0xf4, 0xf4, 0xf3, 0xf3, 0xf3, 0xf7, 0xfd, 0xfe, 
	0xfd, 0xfb, 0xf9, 0xf7, 0xf5, 0xf3, 0xf3, 0xf3, 
	0xf5, 0xf7, 0xf4, 0xfb, 0xfa, 0xf8, 0xf9, 0xfa, 
	0xfa, 0xf6, 0xf4, 0xf3, 0xf4, 0xf5, 0xf4, 0xf3, 
	0xf5, 0xf5, 0xf5, 0xf4, 0xf5, 0xf7, 0xfd, 0xfe, 
	0xfc, 0xfa, 0xf7, 0xf4, 0xf3, 0xf2, 0xf2, 0xf3, 
	0xf4, 0xf7, 0xf3, 0xfa, 0xfc, 0xf9, 0xfb, 0xfa, 
	0xf7, 0xf4, 0xf3, 0xf3, 0xf3, 0xf4, 0xf4, 0xf4, 
	0xf5, 0xf6, 0xf6, 0xf5, 0xf5, 0xf8, 0xfe, 0xfd, 
	0xf9, 0xf5, 0xf3, 0xf3, 0xf2, 0xf2, 0xf2, 0xf4, 
	0xf4, 0xf6, 0xf3, 0xf9, 0xfd, 0xfb, 0xf8, 0xf6, 
	0xf5, 0xf3, 0xf3, 0xf3, 0xf3, 0xf4, 0xf4, 0xf4, 
	0xf4, 0xf3, 0xf4, 0xf4, 0xf5, 0xf9, 0xfe, 0xfa, 
	0xf5, 0xf3, 0xf3, 0xf3, 0xf2, 0xf2, 0xf3, 0xf4, 
	0xf5, 0xf6, 0xf3, 0xf8, 0xfc, 0xfb, 0xf7, 0xf5, 
	0xf4, 0xf3, 0xf3, 0xf3, 0xf3, 0xf3, 0xf5, 0xf4, 
	0xf4, 0xf3, 0xf3, 0xf4, 0xf7, 0xf8, 0xfe, 0xf8, 
	0xf5, 0xf3, 0xf3, 0xf3, 0xf2, 0xf5, 0xf8, 0xf7, 
	0xf7, 0xf6, 0xf3, 0xf8, 0xfd, 0xfb, 0xf7, 0xf5, 
	0xf5, 0xf3, 0xf3, 0xf3, 0xf3, 0xf3, 0xf4, 0xf3, 
	0xf3, 0xf3, 0xf4, 0xf6, 0xfa, 0xf8, 0xfd, 0xfa, 
	0xf5, 0xf4, 0xf4, 0xf3, 0xf4, 0xf9, 0xf7, 0xf8, 
	0xf8, 0xf6, 0xf4, 0xf9, 0xfd, 0xfb, 0xf7, 0xf5, 
	0xf5, 0xf3, 0xf3, 0xf3, 0xf3, 0xf4, 0xf4, 0xf3, 
	0xf2, 0xf3, 0xf5, 0xfc, 0xfd, 0xfb, 0xfc, 0xfc, 
	0xf5, 0xf6, 0xf6, 0xf6, 0xf6, 0xf8, 0xf6, 0xf6, 
	0xf9, 0xf7, 0xf6, 0xfb, 0xfd, 0xfc, 0xf8, 0xf5, 
	0xf4, 0xf4, 0xf3, 0xf3, 0xf4, 0xf4, 0xf3, 0xf3, 
	0xf2, 0xf3, 0xf9, 0xff, 0xfd, 0xf9, 0xf7, 0xfd, 
	0xf7, 0xf5, 0xf8, 0xf9, 0xf6, 0xf7, 0xf6, 0xf5, 
	0xf7, 0xf8, 0xfb, 0xfd, 0xfc, 0xfb, 0xfa, 0xf8, 
	0xf7, 0xf7, 0xf5, 0xf4, 0xf4, 0xf3, 0xf3, 0xf3, 
	0xf4, 0xf8, 0xfb, 0xff, 0xf9, 0xf4, 0xf4, 0xfb, 
	0xfa, 0xf5, 0xf5, 0xf8, 0xf8, 0xf6, 0xf5, 0xf5, 
	0xf6, 0xfb, 0xfe, 0xfa, 0xf6, 0xf7, 0xfa, 0xfd, 
	0xfb, 0xf9, 0xfa, 0xfa, 0xf9, 0xf6, 0xf4, 0xf4, 
	0xf9, 0xfa, 0xfb, 0xfb, 0xf4, 0xf3, 0xf3, 0xf8, 
	0xfa, 0xf7, 0xf5, 0xf6, 0xf7, 0xf7, 0xf5, 0xf5, 
	0xf6, 0xfd, 0xfd, 0xf7, 0xf4, 0xf5, 0xf8, 0xfe, 
	0xfd, 0xfb, 0xfb, 0xfc, 0xfb, 0xfb, 0xf8, 0xf7, 
	0xf8, 0xf9, 0xfb, 0xf7, 0xf3, 0xf3, 0xf3, 0xf6, 
	0xf7, 0xf8, 0xf6, 0xf6, 0xf5, 0xf7, 0xf6, 0xf5, 
	0xf8, 0xfd, 0xfc, 0xf4, 0xf4, 0xf4, 0xf6, 0xfd, 
	0xfd, 0xfa, 0xfa, 0xfb, 0xfc, 0xfd, 0xfa, 0xf7, 
	0xf6, 0xfc, 0xfc, 0xf4, 0xf3, 0xf3, 0xf3, 0xf4, 
	0xf4, 0xf6, 0xf5, 0xf5, 0xf5, 0xf6, 0xf7, 0xf5, 
	0xfb, 0xfd, 0xfa, 0xf4, 0xf3, 0xf3, 0xf5, 0xfb, 
	0xfa, 0xf9, 0xf8, 0xfa, 0xfd, 0xfd, 0xfc, 0xf6, 
	0xf7, 0xfb, 0xfb, 0xf4, 0xf3, 0xf3, 0xf3, 0xf3, 
	0xf5, 0xf4, 0xf5, 0xf4, 0xf6, 0xf6, 0xf8, 0xf7, 
	0xfc, 0xfd, 0xf8, 0xf4, 0xf3, 0xf3, 0xf5, 0xf8, 
	0xf7, 0xf8, 0xf8, 0xfb, 0xfc, 0xfd, 0xfe, 0xf9, 
	0xf9, 0xfa, 0xfb, 0xf6, 0xf3, 0xf3, 0xf4, 0xf3, 
	0xf5, 0xf4, 0xf5, 0xf4, 0xf7, 0xf7, 0xf8, 0xfa, 
	0xfc, 0xfc, 0xf7, 0xf4, 0xf3, 0xf3, 0xf4, 0xf6, 
	0xf6, 0xf6, 0xf8, 0xf7, 0xf7, 0xfb, 0xfd, 0xfe, 
	0xfb, 0xf8, 0xfa, 0xf9, 0xf3, 0xf3, 0xf6, 0xf4, 
	0xf4, 0xf4, 0xf4, 0xf4, 0xf5, 0xf6, 0xf8, 0xfb, 
	0xfb, 0xfb, 0xf6, 0xf4, 0xf3, 0xf3, 0xf4, 0xf6, 
	0xf5, 0xf3, 0xf4, 0xf4, 0xf5, 0xf9, 0xfb, 0xfd, 
	0xfd, 0xf9, 0xf8, 0xf9, 0xf3, 0xf2, 0xf5, 0xf6, 
	0xf5, 0xf5, 0xf3, 0xf5, 0xf6, 0xf5, 0xf7, 0xfb, 
	0xfa, 0xfa, 0xf5, 0xf3, 0xf3, 0xf3, 0xf4, 0xf8, 
	0xf4, 0xf3, 0xf4, 0xf3, 0xf4, 0xf7, 0xf9, 0xfd, 
	0xfc, 0xf7, 0xf6, 0xf7, 0xf5, 0xf2, 0xf4, 0xf5, 
	0xf5, 0xf6, 0xf3, 0xf4, 0xf8, 0xf9, 0xf8, 0xfa, 
	0xf8, 0xf6, 0xf5, 0xf3, 0xf3, 0xf3, 0xf5, 0xf8, 
	0xf3, 0xf3, 0xf5, 0xf5, 0xf4, 0xf5, 0xf6, 0xfc, 
	0xfb, 0xf5, 0xf5, 0xf7, 0xf5, 0xf3, 0xf4, 0xf4, 
	0xf5, 0xf6, 0xf3, 0xf3, 0xf5, 0xfa, 0xfb, 0xfa, 
	0xf6, 0xf5, 0xf6, 0xf4, 0xf3, 0xf3, 0xf4, 0xf8, 
	0xf3, 0xf3, 0xf3, 0xf7, 0xf4, 0xf3, 0xf4, 0xf7, 
	0xf9, 0xf5, 0xf5, 0xf5, 0xf4, 0xf3, 0xf4, 0xf4, 
	0xf5, 0xf6, 0xf3, 0xf3, 0xf4, 0xf6, 0xf6, 0xf7, 
	0xf6, 0xf7, 0xf6, 0xf5, 0xf4, 0xf4, 0xf4, 0xf7, 
	0xf4, 0xf3, 0xf3, 0xf6, 0xf3, 0xf3, 0xf5, 0xf5, 
	0xf7, 0xf5, 0xf5, 0xf3, 0xf3, 0xf4, 0xf6, 0xf5, 
	0xf5, 0xf7, 0xf3, 0xf3, 0xf3, 0xf4, 0xf4, 0xf6, 
	
};

Gfx wf_dl_wild_wave01_ia8_aligner[] = {gsSPEndDisplayList()};
u8 wf_dl_wild_wave01_ia8[] = {
	0x96, 0xa8, 0x97, 0x97, 0x65, 0xca, 0x98, 0xb8, 
	0x75, 0xdc, 0xec, 0xb9, 0xca, 0xba, 0xca, 0xdb, 
	0xba, 0xdc, 0x98, 0x77, 0xba, 0xa9, 0xa8, 0xa9, 
	0xcb, 0xa8, 0x98, 0xa9, 0xa9, 0xa9, 0xdc, 0xc9, 
	0x87, 0x97, 0x76, 0xa9, 0xdb, 0xca, 0xda, 0xa8, 
	0x98, 0xdc, 0xec, 0xec, 0xda, 0xca, 0xec, 0xdc, 
	0xdc, 0xa9, 0xdb, 0xba, 0xec, 0xca, 0xcb, 0xba, 
	0xdc, 0x75, 0xc9, 0xc9, 0x84, 0x75, 0x98, 0x98, 
	0x76, 0xdc, 0xca, 0xa7, 0xb9, 0xb9, 0xd9, 0xa7, 
	0xc9, 0xa8, 0xc8, 0xb8, 0x95, 0x86, 0xdb, 0xc9, 
	0xca, 0xea, 0xd9, 0xa8, 0xcc, 0xa9, 0xba, 0x98, 
	0xa9, 0x98, 0xa9, 0xba, 0x98, 0x87, 0xa9, 0xa8, 
	0xb8, 0xb9, 0x87, 0xa8, 0xa9, 0xca, 0xfd, 0xec, 
	0xdb, 0x97, 0xb8, 0xa5, 0xa6, 0xc9, 0xec, 0xdb, 
	0xba, 0xca, 0xb9, 0xca, 0x76, 0xcb, 0x96, 0xda, 
	0xcb, 0xeb, 0xb9, 0xa9, 0xa9, 0x87, 0xa8, 0x97, 
	0xc8, 0xca, 0xca, 0xdb, 0xb8, 0xda, 0xa6, 0x64, 
	0xa8, 0xdb, 0xda, 0xdb, 0xdb, 0xb9, 0xc9, 0xda, 
	0xdd, 0xee, 0xb9, 0xcb, 0xba, 0x97, 0xcb, 0xaa, 
	0xb9, 0xb9, 0x98, 0xdc, 0xcb, 0x98, 0x86, 0x98, 
	0x87, 0x87, 0xa9, 0xba, 0xc9, 0x23, 0x86, 0xca, 
	0x85, 0xc9, 0xc7, 0xc9, 0xed, 0xec, 0xea, 0xec, 
	0xed, 0xdc, 0xec, 0x65, 0xb8, 0xda, 0xa9, 0x65, 
	0x86, 0x76, 0xca, 0xda, 0xd9, 0xda, 0xc8, 0xa8, 
	0xb8, 0xeb, 0xb9, 0x98, 0xc8, 0xdb, 0xda, 0xda, 
	0xb7, 0xa7, 0xb9, 0xb8, 0xb9, 0xa8, 0xa6, 0x97, 
	0xec, 0xb8, 0xba, 0x75, 0xb9, 0xb9, 0xb9, 0xca, 
	0xa9, 0xa8, 0xa8, 0xa8, 0xda, 0xec, 0xc9, 0x76, 
	0x87, 0x76, 0x76, 0x87, 0xa5, 0xa6, 0x97, 0x98, 
	0x86, 0xda, 0xeb, 0x76, 0xc6, 0xb7, 0xeb, 0x97, 
	0x97, 0xfd, 0xea, 0xdb, 0xdc, 0xdc, 0xda, 0xca, 
	0xec, 0xeb, 0x97, 0xd9, 0xc9, 0xcb, 0xfe, 0xc9, 
	0xb7, 0xdc, 0xec, 0xc8, 0x54, 0xb9, 0xdd, 0x76, 
	0x86, 0xca, 0xa7, 0xa7, 0x86, 0x43, 0xdb, 0x87, 
	0xb8, 0xed, 0xdb, 0xda, 0xa9, 0xca, 0xba, 0xdc, 
	0xdb, 0xdb, 0x98, 0xb9, 0xc9, 0x76, 0x86, 0xdc, 
	0xdc, 0x97, 0x87, 0x55, 0x97, 0x76, 0x54, 0x76, 
	0x74, 0x76, 0xa6, 0x64, 0x86, 0xa7, 0x98, 0xa8, 
	0xa8, 0xca, 0xda, 0xb7, 0xda, 0xfd, 0xca, 0xed, 
	0xa9, 0xca, 0xee, 0xed, 0xda, 0xec, 0x75, 0xa7, 
	0xb7, 0xda, 0xda, 0x85, 0xa8, 0x87, 0x55, 0xa8, 
	0x97, 0x98, 0x65, 0x44, 0xc9, 0x86, 0x64, 0x75, 
	0xca, 0xb8, 0xc8, 0xa4, 0xb9, 0xdc, 0xcb, 0xa8, 
	0xb9, 0xba, 0x98, 0xb9, 0xb9, 0xa9, 0xca, 0xb9, 
	0xa8, 0x88, 0xa9, 0x98, 0x85, 0x98, 0x98, 0x66, 
	0xa5, 0x64, 0x53, 0x74, 0x76, 0x65, 0x76, 0x76, 
	0x98, 0xc9, 0xc9, 0xb8, 0xec, 0xfe, 0xdb, 0xc8, 
	0xea, 0xed, 0xc9, 0xec, 0xff, 0xdb, 0xb8, 0x98, 
	0xb9, 0x96, 0xec, 0xc9, 0xb9, 0x65, 0xb9, 0xb9, 
	0x54, 0xb7, 0x97, 0x98, 0x76, 0xba, 0xb7, 0x65, 
	0xed, 0xc9, 0xa9, 0xbb, 0x87, 0xdc, 0xdc, 0xdc, 
	0xed, 0xdc, 0xec, 0xfe, 0xa9, 0xdc, 0xdb, 0xb9, 
	0x97, 0x76, 0xa9, 0x86, 0x76, 0x65, 0x98, 0x66, 
	0x64, 0x65, 0x33, 0x76, 0x54, 0x54, 0x54, 0x87, 
	0x54, 0xc8, 0xc9, 0xb7, 0xed, 0xdc, 0xca, 0x94, 
	0xec, 0xec, 0xed, 0xdc, 0xed, 0xca, 0xec, 0xdb, 
	0xfd, 0xec, 0x43, 0x65, 0xdb, 0xca, 0x76, 0x87, 
	0xb8, 0x65, 0xb7, 0xa6, 0xa5, 0x74, 0x96, 0xed, 
	0xcb, 0xa7, 0x95, 0xb9, 0xa7, 0xec, 0xca, 0xdc, 
	0xdc, 0xdc, 0xdb, 0xed, 0x98, 0xa9, 0x97, 0xa8, 
	0xca, 0x97, 0x87, 0x87, 0x64, 0x86, 0x97, 0x76, 
	0x65, 0x44, 0x87, 0x44, 0x53, 0x44, 0x33, 0x44, 
	0x43, 0x75, 0xc9, 0x65, 0xdc, 0xa5, 0xc7, 0xfe, 
	0xfd, 0xca, 0xdb, 0xda, 0xc9, 0xb9, 0xcb, 0xb9, 
	0xcb, 0x65, 0x76, 0xc7, 0x85, 0x86, 0x98, 0x96, 
	0xcb, 0xb9, 0x86, 0x87, 0xb9, 0x87, 0xb8, 0x97, 
	0xdc, 0xb8, 0xc8, 0xa7, 0xdb, 0xdb, 0xcb, 0xba, 
	0xcb, 0xcb, 0xee, 0xeb, 0x87, 0xa9, 0xca, 0xb9, 
	0xdc, 0x97, 0xa8, 0x98, 0x64, 0x65, 0x75, 0x65, 
	0x54, 0x77, 0x33, 0x43, 0x55, 0x33, 0x44, 0x54, 
	0x44, 0x76, 0x87, 0x54, 0xb8, 0xd8, 0xeb, 0xdc, 
	0xc9, 0xed, 0xfe, 0xfe, 0xfe, 0xed, 0xdb, 0xdb, 
	0x76, 0xca, 0xa8, 0x86, 0x76, 0x85, 0x65, 0xa8, 
	0xb8, 0xa7, 0x96, 0x98, 0x86, 0xa8, 0x98, 0xa9, 
	0xb8, 0x86, 0x95, 0x97, 0xdb, 0xdb, 0xdb, 0xcb, 
	0xed, 0xba, 0xb9, 0xa8, 0xca, 0x88, 0x87, 0xb9, 
	0x96, 0xa8, 0xba, 0xca, 0x64, 0x33, 0x65, 0x86, 
	0x54, 0x44, 0x54, 0x43, 0x12, 0x44, 0x33, 0x44, 
	0x65, 0x64, 0x75, 0x43, 0x65, 0x65, 0xc9, 0xa8, 
	0xd6, 0xa8, 0x96, 0xec, 0xba, 0xca, 0xda, 0xdb, 
	0x54, 0x76, 0x86, 0x76, 0x97, 0x65, 0x76, 0x96, 
	0x43, 0x54, 0x75, 0x86, 0x87, 0x87, 0x86, 0xb7, 
	0xb7, 0x86, 0xb9, 0xb9, 0xcb, 0x98, 0xba, 0xa9, 
	0xcb, 0xdb, 0xba, 0x99, 0x98, 0xa8, 0x76, 0x98, 
	0x65, 0x97, 0xba, 0x97, 0x43, 0xa8, 0x33, 0x76, 
	0x33, 0x64, 0x65, 0x33, 0x64, 0x44, 0x54, 0x44, 
	0x75, 0x54, 0x65, 0x85, 0x54, 0x33, 0xd9, 0xb9, 
	0xa7, 0xa6, 0xfc, 0x96, 0x75, 0x86, 0xc9, 0xb8, 
	0x96, 0x97, 0x65, 0x65, 0x98, 0x75, 0x75, 0x86, 
	0x87, 0x76, 0x76, 0x86, 0x43, 0xb9, 0xb9, 0xa9, 
	0x86, 0x85, 0xb9, 0x87, 0xa7, 0xda, 0xdb, 0xca, 
	0xba, 0x98, 0x99, 0x98, 0xba, 0xcb, 0x98, 0xca, 
	0x98, 0x85, 0x98, 0x85, 0x64, 0x85, 0x75, 0x54, 
	0x54, 0x55, 0x76, 0x44, 0x44, 0x55, 0x45, 0x55, 
	0x33, 0x65, 0x55, 0x87, 0x85, 0x65, 0x53, 0xb8, 
	0xb8, 0xd9, 0x96, 0x65, 0xec, 0xb9, 0xd7, 0x55, 
	0x76, 0x76, 0x76, 0x96, 0x65, 0x55, 0x64, 0x97, 
	0x86, 0x55, 0x86, 0x97, 0x66, 0x86, 0x76, 0x76, 
	0x65, 0x97, 0xb8, 0xa8, 0xa8, 0x97, 0xdc, 0xca, 
	0xba, 0xba, 0xa9, 0x98, 0xba, 0xa8, 0x86, 0x98, 
	0x53, 0xa9, 0x87, 0x74, 0x65, 0x65, 0x97, 0x76, 
	0x75, 0x86, 0x54, 0x54, 0x33, 0x34, 0x33, 0x54, 
	0x44, 0x44, 0xa8, 0xca, 0x65, 0x43, 0x55, 0x86, 
	0x86, 0x64, 0x96, 0x76, 0x55, 0x76, 0x97, 0x96, 
	0x96, 0x76, 0x87, 0x76, 0x66, 0x75, 0x65, 0x85, 
	0x54, 0x98, 0xc9, 0x97, 0x97, 0x55, 0x75, 0xa8, 
	0x85, 0xc8, 0x65, 0x96, 0xb8, 0x76, 0x98, 0xa9, 
	0xcb, 0xa9, 0xa9, 0xa9, 0xa8, 0x76, 0x86, 0xa8, 
	0x76, 0x87, 0x95, 0x88, 0x97, 0x65, 0x64, 0x65, 
	0x75, 0x66, 0x55, 0x33, 0x55, 0x33, 0x53, 0x43, 
	0x55, 0x55, 0x65, 0x64, 0x86, 0xdb, 0x65, 0xc9, 
	0xb8, 0x87, 0xb8, 0xb9, 0xa7, 0x64, 0x76, 0xa8, 
	0x54, 0xa8, 0x77, 0x65, 0x97, 0x87, 0x76, 0x86, 
	0x87, 0x86, 0x65, 0x65, 0x54, 0xa8, 0x97, 0x96, 
	0x86, 0x86, 0x98, 0x76, 0x87, 0x98, 0xa8, 0x87, 
	0x98, 0x98, 0x98, 0x98, 0x85, 0x76, 0xa9, 0x87, 
	0x85, 0x94, 0xa8, 0xbb, 0x96, 0x43, 0x65, 0x76, 
	0x75, 0x54, 0x65, 0x55, 0x33, 0x55, 0x54, 0x54, 
	0x66, 0x66, 0x97, 0x65, 0x97, 0x44, 0x33, 0x44, 
	0x44, 0x64, 0xa7, 0x95, 0x86, 0x97, 0x43, 0x97, 
	0x65, 0xa8, 0xa7, 0x88, 0x98, 0x75, 0x86, 0x87, 
	0x86, 0x77, 0x86, 0x76, 0x97, 0x65, 0x98, 0x86, 
	0x97, 0x87, 0x64, 0x97, 0x86, 0x87, 0x98, 0x87, 
	0x88, 0x87, 0x87, 0x98, 0x75, 0x86, 0x95, 0x64, 
	0x96, 0xa8, 0x85, 0xb9, 0x86, 0x43, 0x33, 0x32, 
	0x54, 0x54, 0x64, 0x33, 0x54, 0x34, 0x66, 0x43, 
	0x66, 0x75, 0x75, 0x44, 0x65, 0x45, 0x54, 0x44, 
	0x65, 0x44, 0x76, 0x76, 0x87, 0x76, 0x87, 0x97, 
	0x77, 0x95, 0x86, 0x76, 0x87, 0x75, 0x76, 0x88, 
	0x97, 0x76, 0x97, 0x86, 0x75, 0x75, 0x75, 0x54, 
	0x98, 0x98, 0x53, 0x87, 0x98, 0x98, 0x77, 0x76, 
	0x88, 0x98, 0x66, 0x88, 0xa9, 0x64, 0x64, 0x76, 
	0x88, 0x64, 0x75, 0x96, 0x85, 0x43, 0x53, 0x74, 
	0x65, 0x33, 0x54, 0x43, 0x33, 0x53, 0x34, 0x66, 
	0x65, 0x65, 0x85, 0x44, 0x43, 0x44, 0x54, 0x54, 
	0x65, 0x54, 0x86, 0x98, 0x65, 0x76, 0x74, 0x96, 
	0x76, 0xa9, 0xc9, 0x86, 0x87, 0x97, 0x86, 0x75, 
	0x87, 0x87, 0x87, 0x98, 0x86, 0x87, 0x87, 0x87, 
	0x76, 0x88, 0x75, 0x76, 0x55, 0x86, 0xa9, 0x88, 
	0x87, 0x87, 0x87, 0x76, 0x77, 0x87, 0x76, 0x22, 
	0x98, 0x75, 0x64, 0x54, 0x12, 0x22, 0x12, 0x54, 
	0x64, 0x64, 0x44, 0x32, 0x54, 0x33, 0x33, 0x66, 
	0x76, 0x66, 0x76, 0x33, 0x55, 0x86, 0x54, 0x76, 
	0xa8, 0xb7, 0x76, 0x54, 0x96, 0x75, 0xa8, 0x76, 
	0xa8, 0x77, 0x86, 0xaa, 0x98, 0x98, 0x98, 0x76, 
	0x77, 0x76, 0x98, 0x87, 0x99, 0x98, 0x76, 0x86, 
	0x65, 0x88, 0x98, 0x98, 0x98, 0x98, 0x88, 0x87, 
	0x87, 0x76, 0x88, 0x87, 0x43, 0x65, 0x02, 0x75, 
	0x86, 0x64, 0x87, 0x33, 0x33, 0x54, 0x64, 0x85, 
	0x43, 0x64, 0x66, 0x23, 0x43, 0x43, 0x43, 0x54, 
	0x76, 0x65, 0x54, 0x44, 0x96, 0x96, 0xb9, 0x86, 
	0xa7, 0x55, 0x86, 0xb8, 0xb9, 0xa8, 0x97, 0x96, 
	0xb9, 0x86, 0x87, 0xa8, 0x87, 0x87, 0x76, 0x98, 
	0xa9, 0xa9, 0x76, 0x86, 0x75, 0x76, 0x87, 0x98, 
	0x87, 0x87, 0x76, 0x98, 0x87, 0x87, 0x76, 0x77, 
	0x87, 0x43, 0x77, 0x75, 0x54, 0x43, 0x75, 0x98, 
	0x43, 0x76, 0x33, 0x74, 0x75, 0x55, 0x33, 0x44, 
	0x54, 0x54, 0x33, 0x54, 0x75, 0x22, 0x54, 0x88, 
	0x65, 0x54, 0xa8, 0xb9, 0x65, 0x65, 0x75, 0x44, 
	0x65, 0x97, 0xcb, 0xca, 0xa7, 0xb8, 0xca, 0xca, 
	0xb9, 0xb9, 0x76, 0xa8, 0xa8, 0x87, 0xba, 0xb8, 
	0xa9, 0xba, 0x98, 0x86, 0x77, 0x87, 0x76, 0x76, 
	0x88, 0x87, 0x76, 0x87, 0x86, 0x87, 0x76, 0x76, 
	0x87, 0x87, 0x86, 0xa8, 0x64, 0x65, 0x75, 0x87, 
	0x53, 0x86, 0x34, 0x43, 0x43, 0x44, 0x54, 0x33, 
	0x43, 0x33, 0x22, 0x43, 0x55, 0x12, 0x44, 0x55, 
	0x76, 0x86, 0x66, 0x65, 0x65, 0xb8, 0xba, 0x87, 
	0xa8, 0xa8, 0xb8, 0xc9, 0xb9, 0xb9, 0xca, 0xa8, 
	0xa7, 0xa9, 0xcc, 0xcb, 0xb9, 0x98, 0x87, 0xca, 
	0x98, 0xb9, 0x99, 0x99, 0x87, 0x76, 0x87, 0x87, 
	0x75, 0x76, 0x98, 0x98, 0xa7, 0x98, 0x76, 0x53, 
	0x54, 0x87, 0x76, 0x53, 0x65, 0x76, 0x64, 0x33, 
	0x12, 0x44, 0x64, 0x33, 0x33, 0x23, 0x33, 0x22, 
	0x33, 0x33, 0x44, 0x43, 0x33, 0x55, 0x44, 0x76, 
	0x97, 0xb9, 0x76, 0x87, 0xca, 0xa9, 0x65, 0xa9, 
	0xa9, 0xb9, 0xdb, 0xcb, 0xba, 0xca, 0xdb, 0xca, 
	0xdc, 0xb9, 0xba, 0xa9, 0x98, 0x98, 0xca, 0xcb, 
	0xa8, 0xaa, 0xa9, 0xa9, 0x98, 0x87, 0x98, 0x76, 
	0x86, 0x76, 0x98, 0x85, 0x88, 0x98, 0x96, 0x96, 
	0x87, 0x77, 0x75, 0x76, 0x64, 0x65, 0x54, 0x22, 
	0x23, 0x12, 0x32, 0x43, 0x75, 0x85, 0x63, 0x43, 
	0x33, 0x22, 0x23, 0x54, 0x76, 0x75, 0x43, 0x77, 
	0xa9, 0xa8, 0xca, 0x77, 0xca, 0xba, 0x65, 0xa8, 
	0xb9, 0xca, 0xca, 0xb9, 0xcb, 0xba, 0xdc, 0xdb, 
	0xcc, 0xdb, 0xa8, 0xa9, 0xa8, 0xba, 0xa8, 0xdb, 
	0xca, 0xa9, 0xa9, 0x87, 0x98, 0x98, 0x98, 0xa9, 
	0x87, 0x87, 0x76, 0x97, 0x97, 0x98, 0x97, 0x54, 
	0x86, 0x86, 0x76, 0x53, 0x33, 0x75, 0x12, 0x86, 
	0x97, 0x43, 0x22, 0x43, 0x43, 0x32, 0x33, 0x43, 
	0x65, 0x44, 0x44, 0x98, 0x99, 0x87, 0xb7, 0x87, 
	0x98, 0xa9, 0x86, 0xc9, 0x98, 0xba, 0x98, 0x96, 
	0xb9, 0xa9, 0xcb, 0xed, 0xdc, 0xdc, 0xec, 0xcc, 
	0xcb, 0xcb, 0xa8, 0xa9, 0xa8, 0xba, 0xa8, 0xdb, 
	0xca, 0x99, 0xa9, 0x87, 0x98, 0x98, 0x97, 0xa8, 
	0x97, 0x88, 0x86, 0x98, 0x97, 0xca, 0x96, 0x75, 
	0x87, 0x86, 0x76, 0x87, 0x75, 0x75, 0x12, 0x86, 
	0x97, 0x43, 0x22, 0x43, 0x43, 0x43, 0x44, 0x86, 
	0x76, 0x65, 0x66, 0x98, 0x99, 0x77, 0x98, 0x87, 
	0xca, 0xdc, 0xcb, 0xba, 0xdb, 0xdb, 0x76, 0x86, 
	0x97, 0x98, 0xcb, 0xdb, 0xa8, 0xa6, 0xd8, 0x98, 
	0x97, 0x97, 0xa8, 0x97, 0x86, 0x86, 0xdc, 0xcb, 
	0xba, 0x88, 0xa8, 0xb9, 0xa9, 0x88, 0xcb, 0xba, 
	0xca, 0xba, 0xca, 0xb9, 0xba, 0xdc, 0xdc, 0xa9, 
	0xb9, 0x88, 0x86, 0x97, 0x55, 0x76, 0x54, 0x33, 
	0x23, 0x22, 0x33, 0x54, 0x76, 0x87, 0xa8, 0xb9, 
	0x97, 0x97, 0xaa, 0xba, 0xb9, 0xa9, 0xdc, 0xa8, 
	0x87, 0xba, 0xba, 0x98, 0xcb, 0xa8, 0xb9, 0xb8, 
	0x65, 0xda, 0xb9, 0x33, 0xa7, 0x33, 0x96, 0x54, 
	0x54, 0x96, 0x33, 0x75, 0xa6, 0xdb, 0xdc, 0x64, 
	0xc8, 0xdb, 0xa6, 0xca, 0xca, 0xdb, 0xed, 0xee, 
	0xed, 0xdc, 0xee, 0xca, 0xee, 0xca, 0xdb, 0xdc, 
	0x98, 0xa9, 0xa9, 0xdb, 0xa8, 0x98, 0x77, 0x65, 
	0x12, 0x64, 0x76, 0xb7, 0x98, 0xba, 0xb9, 0xb8, 
	0xca, 0xdb, 0x76, 0xa8, 0xcb, 0xa8, 0x98, 0x97, 
	0x98, 0xca, 0xdb, 0xb9, 0xa8, 0x64, 0xb9, 0xa8, 
	0xc8, 0xc7, 0x94, 0x83, 0x32, 0x33, 0x43, 0x44, 
	0x22, 0x33, 0x76, 0xb7, 0x64, 0xa8, 0x64, 0xc8, 
	0xdc, 0xc9, 0xb8, 0xdc, 0xb7, 0xdb, 0xdc, 0xed, 
	0xed, 0xed, 0xed, 0xda, 0xa9, 0xcb, 0xdd, 0x99, 
	0xba, 0xec, 0xdb, 0xb9, 0xb9, 0xcb, 0x98, 0x99, 
	0x55, 0x97, 0x97, 0xdb, 0xca, 0x97, 0x96, 0xca, 
	0xed, 0xca, 0xed, 0xed, 0xa7, 0x86, 0xca, 0xca, 
	0x97, 0xb9, 0xba, 0xca, 0xc9, 0xa7, 0xb9, 0x33, 
	0xc7, 0xa7, 0xb7, 0xc7, 0x65, 0x63, 0x12, 0x22, 
	0x54, 0x75, 0xfd, 0xc9, 0xdc, 0xa7, 0xda, 0xec, 
	0xa7, 0xca, 0xca, 0xed, 0xdc, 0xdc, 0xed, 0xdc, 
	0xba, 0xed, 0xcb, 0xba, 0xcb, 0xdc, 0xca, 0x88, 
	0xa9, 0xba, 0xba, 0xba, 0x98, 0xa8, 0xba, 0xa9, 
	0x53, 0x76, 0xba, 0x98, 0xdc, 0xba, 0xba, 0xa9, 
	0xa9, 0xed, 0xed, 0xc9, 0xeb, 0xfe, 0xec, 0xb9, 
	0xa9, 0xca, 0x87, 0x88, 0xba, 0xa8, 0xb9, 0xa6, 
	0xca, 0x96, 0xd9, 0x86, 0x65, 0x96, 0xc7, 0xb8, 
	0x43, 0xc9, 0xb6, 0x95, 0xa7, 0xb8, 0xc8, 0xb7, 
	0xca, 0xb8, 0xdc, 0xba, 0xed, 0xdd, 0xed, 0xdc, 
	0xcb, 0xed, 0xdc, 0xca, 0xcc, 0xed, 0xba, 0xba, 
	0xdc, 0xa9, 0xba, 0xb9, 0x87, 0xaa, 0xcb, 0x98, 
	0xb8, 0xc8, 0x98, 0xba, 0x98, 0xb9, 0xed, 0xca, 
	0xdc, 0xca, 0xca, 0xdb, 0xdc, 0xfe, 0xee, 0xcb, 
	0x98, 0xa8, 0xa8, 0xb8, 0xdc, 0xa8, 0xb8, 0xa6, 
	0xcb, 0xa8, 0xc6, 0xb9, 0x33, 0xb9, 0x55, 0x54, 
	0x97, 0xa8, 0x44, 0xc9, 0xcb, 0xb8, 0xc9, 0xcb, 
	0xc9, 0xb9, 0xec, 0xa8, 0xed, 0xdc, 0xed, 0xdb, 
	0xdc, 0xed, 0x98, 0xcb, 0xba, 0xed, 0xc9, 0x87, 
	0x98, 0xa9, 0xca, 0xa8, 0xb8, 0xa9, 0xba, 0xb9, 
	0x98, 0xa9, 0xa8, 0xed, 0xcb, 0xdb, 0xdb, 0xfe, 
	0xcb, 0xec, 0xed, 0xff, 0xfe, 0xed, 0xed, 0xba, 
	0xa9, 0xa8, 0xda, 0xba, 0x76, 0xa8, 0xca, 0xb7, 
	0xc8, 0xca, 0xba, 0xba, 0xd9, 0x43, 0x75, 0xa8, 
	0xb9, 0x85, 0x96, 0xa7, 0xb9, 0xb9, 0xb7, 0xa8, 
	0xb7, 0xa8, 0xdc, 0xba, 0xa9, 0xb9, 0xa7, 0xb9, 
	0xa9, 0xec, 0xb9, 0xca, 0xba, 0xa9, 0x97, 0xba, 
	0xb9, 0xaa, 0x88, 0x97, 0xa8, 0xa9, 0xb9, 0xa7, 
	0xcb, 0xed, 0x77, 0xba, 0xca, 0x97, 0xdb, 0xec, 
	0xb9, 0xdb, 0xed, 0xba, 0xdb, 0xfe, 0xdb, 0xcb, 
	0xca, 0xa9, 0xcb, 0xb8, 0xa7, 0xb8, 0xbb, 0x97, 
	0x76, 0x75, 0xc9, 0xca, 0xba, 0xa7, 0xa8, 0x86, 
	
};

Vtx wf_dl_Cube_011_mesh_layer_1_vtx_0[16] = {
	{{{-785, -117, 785},0, {-16400, -16},{0x81, 0x0, 0x0, 0xFF}}},
	{{{-785, 117, 785},0, {-16400, 1008},{0x81, 0x0, 0x0, 0xFF}}},
	{{{-785, 117, -785},0, {-8208, 1008},{0x81, 0x0, 0x0, 0xFF}}},
	{{{-785, -117, -785},0, {-8208, -16},{0x81, 0x0, 0x0, 0xFF}}},
	{{{-785, -117, -785},0, {-8208, -16},{0x0, 0x0, 0x81, 0xFF}}},
	{{{-785, 117, -785},0, {-8208, 1008},{0x0, 0x0, 0x81, 0xFF}}},
	{{{785, 117, -785},0, {-16, 1008},{0x0, 0x0, 0x81, 0xFF}}},
	{{{785, -117, -785},0, {-16, -16},{0x0, 0x0, 0x81, 0xFF}}},
	{{{785, -117, -785},0, {-16, -16},{0x7F, 0x0, 0x0, 0xFF}}},
	{{{785, 117, -785},0, {-16, 1008},{0x7F, 0x0, 0x0, 0xFF}}},
	{{{785, 117, 785},0, {8176, 1008},{0x7F, 0x0, 0x0, 0xFF}}},
	{{{785, -117, 785},0, {8176, -16},{0x7F, 0x0, 0x0, 0xFF}}},
	{{{785, -117, 785},0, {8176, -16},{0x0, 0x0, 0x7F, 0xFF}}},
	{{{785, 117, 785},0, {8176, 1008},{0x0, 0x0, 0x7F, 0xFF}}},
	{{{-785, 117, 785},0, {16368, 1008},{0x0, 0x0, 0x7F, 0xFF}}},
	{{{-785, -117, 785},0, {16368, -16},{0x0, 0x0, 0x7F, 0xFF}}},
};

Gfx wf_dl_Cube_011_mesh_layer_1_tri_0[] = {
	gsSPVertex(wf_dl_Cube_011_mesh_layer_1_vtx_0 + 0, 16, 0),
	gsSP1Triangle(0, 1, 2, 0),
	gsSP1Triangle(0, 2, 3, 0),
	gsSP1Triangle(4, 5, 6, 0),
	gsSP1Triangle(4, 6, 7, 0),
	gsSP1Triangle(8, 9, 10, 0),
	gsSP1Triangle(8, 10, 11, 0),
	gsSP1Triangle(12, 13, 14, 0),
	gsSP1Triangle(12, 14, 15, 0),
	gsSPEndDisplayList(),
};

Vtx wf_dl_Cube_011_mesh_layer_1_vtx_1[10] = {
	{{{785, 117, -785},0, {-1040, 4080},{0x94, 0xC8, 0xFF, 0xFF}}},
	{{{-785, 117, -785},0, {2032, 4080},{0x94, 0xC8, 0xFF, 0xFF}}},
	{{{0, 117, 0},0, {496, 1008},{0xBF, 0xFF, 0xE4, 0xFF}}},
	{{{-785, 117, 785},0, {2032, -2064},{0x94, 0xC8, 0xFF, 0xFF}}},
	{{{785, 117, 785},0, {-1040, -2064},{0x94, 0xC8, 0xFF, 0xFF}}},
	{{{-785, -117, -785},0, {-1040, 4080},{0x94, 0xC8, 0xFF, 0xFF}}},
	{{{785, -117, -785},0, {2032, 4080},{0x94, 0xC8, 0xFF, 0xFF}}},
	{{{0, -117, 0},0, {496, 1008},{0xBD, 0xFD, 0xE5, 0xFF}}},
	{{{785, -117, 785},0, {2032, -2064},{0x94, 0xC8, 0xFF, 0xFF}}},
	{{{-785, -117, 785},0, {-1040, -2064},{0x94, 0xC8, 0xFF, 0xFF}}},
};

Gfx wf_dl_Cube_011_mesh_layer_1_tri_1[] = {
	gsSPVertex(wf_dl_Cube_011_mesh_layer_1_vtx_1 + 0, 10, 0),
	gsSP1Triangle(0, 1, 2, 0),
	gsSP1Triangle(1, 3, 2, 0),
	gsSP1Triangle(3, 4, 2, 0),
	gsSP1Triangle(4, 0, 2, 0),
	gsSP1Triangle(5, 6, 7, 0),
	gsSP1Triangle(6, 8, 7, 0),
	gsSP1Triangle(8, 9, 7, 0),
	gsSP1Triangle(9, 5, 7, 0),
	gsSPEndDisplayList(),
};

Vtx wf_dl_Cube_012_mesh_layer_1_vtx_0[654] = {
	{{{-871, -196, 578},0, {1008, 2032},{0xFF, 0xFF, 0xFF, 0xFF}}},
	{{{-871, -110, 788},0, {2032, 2032},{0xFF, 0xFF, 0xFF, 0xFF}}},
	{{{-1257, -94, 779},0, {2032, 1008},{0xFF, 0xFF, 0xFF, 0xFF}}},
	{{{-1263, -182, 577},0, {1008, 1008},{0xFF, 0xFF, 0xFF, 0xFF}}},
	{{{-1483, -46, 738},0, {2032, -16},{0xFF, 0xFF, 0xFF, 0xFF}}},
	{{{-1538, -86, 572},0, {1008, -16},{0xFF, 0xFF, 0xFF, 0xFF}}},
	{{{-1265, -194, 295},0, {-16, 1008},{0xFF, 0xFF, 0xFF, 0xFF}}},
	{{{-1549, -89, 295},0, {-16, -16},{0xFF, 0xFF, 0xFF, 0xFF}}},
	{{{-871, -209, 295},0, {-16, 2032},{0xFF, 0xFF, 0xFF, 0xFF}}},
	{{{12, 411, -876},0, {1008, 2032},{0xFF, 0xFF, 0xFF, 0xFF}}},
	{{{148, 544, -788},0, {2032, 2032},{0xFF, 0xFF, 0xFF, 0xFF}}},
	{{{443, 544, -861},0, {2032, 1008},{0xFF, 0xFF, 0xFF, 0xFF}}},
	{{{428, 362, -872},0, {1008, 1008},{0xFF, 0xFF, 0xFF, 0xFF}}},
	{{{738, 544, -788},0, {2032, -16},{0xFF, 0xFF, 0xFF, 0xFF}}},
	{{{738, 356, -788},0, {1008, -16},{0xFF, 0xFF, 0xFF, 0xFF}}},
	{{{425, 173, -874},0, {-16, 1008},{0xFF, 0xFF, 0xFF, 0xFF}}},
	{{{425, 173, -874},0, {-16, 1008},{0xFF, 0xFF, 0xFF, 0xFF}}},
	{{{738, 356, -788},0, {1008, -16},{0xFF, 0xFF, 0xFF, 0xFF}}},
	{{{738, 168, -788},0, {-16, -16},{0xFF, 0xFF, 0xFF, 0xFF}}},
	{{{0, 210, -886},0, {-16, 2032},{0xFF, 0xFF, 0xFF, 0xFF}}},
	{{{428, 362, -872},0, {1008, 1008},{0xFF, 0xFF, 0xFF, 0xFF}}},
	{{{12, 411, -876},0, {1008, 2032},{0xFF, 0xFF, 0xFF, 0xFF}}},
	{{{1005, 318, 384},0, {1008, 2032},{0xFF, 0xFF, 0xFF, 0xFF}}},
	{{{886, 544, 295},0, {2032, 2032},{0xFF, 0xFF, 0xFF, 0xFF}}},
	{{{868, 544, 578},0, {2032, 1008},{0xFF, 0xFF, 0xFF, 0xFF}}},
	{{{881, 352, 589},0, {1008, 1008},{0xFF, 0xFF, 0xFF, 0xFF}}},
	{{{738, 544, 788},0, {2032, -16},{0xFF, 0xFF, 0xFF, 0xFF}}},
	{{{738, 356, 788},0, {1008, -16},{0xFF, 0xFF, 0xFF, 0xFF}}},
	{{{883, 164, 591},0, {-16, 1008},{0xFF, 0xFF, 0xFF, 0xFF}}},
	{{{738, 168, 788},0, {-16, -16},{0xFF, 0xFF, 0xFF, 0xFF}}},
	{{{1005, 140, 394},0, {-16, 2032},{0xFF, 0xFF, 0xFF, 0xFF}}},
	{{{12, 411, 876},0, {1008, 2032},{0xFF, 0xFF, 0xFF, 0xFF}}},
	{{{148, 544, 788},0, {2032, 2032},{0xFF, 0xFF, 0xFF, 0xFF}}},
	{{{-429, 728, 788},0, {2032, 1008},{0xFF, 0xFF, 0xFF, 0xFF}}},
	{{{-438, 539, 874},0, {1008, 1008},{0xFF, 0xFF, 0xFF, 0xFF}}},
	{{{-871, 900, 788},0, {2032, -16},{0xFF, 0xFF, 0xFF, 0xFF}}},
	{{{-871, 667, 874},0, {1008, -16},{0xFF, 0xFF, 0xFF, 0xFF}}},
	{{{-441, 296, 886},0, {-16, 1008},{0xFF, 0xFF, 0xFF, 0xFF}}},
	{{{-871, 381, 886},0, {-16, -16},{0xFF, 0xFF, 0xFF, 0xFF}}},
	{{{0, 210, 886},0, {-16, 2032},{0xFF, 0xFF, 0xFF, 0xFF}}},
	{{{441, -204, 295},0, {1008, 2032},{0xFF, 0xFF, 0xFF, 0xFF}}},
	{{{889, -167, 295},0, {2032, 2032},{0xFF, 0xFF, 0xFF, 0xFF}}},
	{{{741, -143, 574},0, {2032, 1008},{0xFF, 0xFF, 0xFF, 0xFF}}},
	{{{425, -194, 577},0, {1008, 1008},{0xFF, 0xFF, 0xFF, 0xFF}}},
	{{{665, -115, 738},0, {2032, -16},{0xFF, 0xFF, 0xFF, 0xFF}}},
	{{{415, -140, 779},0, {1008, -16},{0xFF, 0xFF, 0xFF, 0xFF}}},
	{{{0, -200, 578},0, {-16, 1008},{0xFF, 0xFF, 0xFF, 0xFF}}},
	{{{0, -200, 578},0, {-16, 1008},{0xFF, 0xFF, 0xFF, 0xFF}}},
	{{{415, -140, 779},0, {1008, -16},{0xFF, 0xFF, 0xFF, 0xFF}}},
	{{{0, -139, 788},0, {-16, -16},{0xFF, 0xFF, 0xFF, 0xFF}}},
	{{{0, -209, 295},0, {-16, 2032},{0xFF, 0xFF, 0xFF, 0xFF}}},
	{{{425, -194, 577},0, {1008, 1008},{0xFF, 0xFF, 0xFF, 0xFF}}},
	{{{441, -204, 295},0, {1008, 2032},{0xFF, 0xFF, 0xFF, 0xFF}}},
	{{{-454, 884, 287},0, {1008, 2032},{0xFF, 0xFF, 0xFF, 0xFF}}},
	{{{-1019, 1255, 197},0, {2032, 2032},{0xFF, 0xFF, 0xFF, 0xFF}}},
	{{{-883, 1054, 570},0, {2032, 1008},{0xFF, 0xFF, 0xFF, 0xFF}}},
	{{{-441, 831, 576},0, {1008, 1008},{0xFF, 0xFF, 0xFF, 0xFF}}},
	{{{-871, 900, 788},0, {2032, -16},{0xFF, 0xFF, 0xFF, 0xFF}}},
	{{{-429, 728, 788},0, {1008, -16},{0xFF, 0xFF, 0xFF, 0xFF}}},
	{{{18, 544, 578},0, {-16, 1008},{0xFF, 0xFF, 0xFF, 0xFF}}},
	{{{148, 544, 788},0, {-16, -16},{0xFF, 0xFF, 0xFF, 0xFF}}},
	{{{0, 544, 295},0, {-16, 2032},{0xFF, 0xFF, 0xFF, 0xFF}}},
	{{{-429, 728, -788},0, {1008, 2032},{0xFF, 0xFF, 0xFF, 0xFF}}},
	{{{-871, 900, -788},0, {2032, 2032},{0xFF, 0xFF, 0xFF, 0xFF}}},
	{{{-883, 1054, -570},0, {2032, 1008},{0xFF, 0xFF, 0xFF, 0xFF}}},
	{{{-441, 831, -576},0, {1008, 1008},{0xFF, 0xFF, 0xFF, 0xFF}}},
	{{{-1019, 1255, -197},0, {2032, -16},{0xFF, 0xFF, 0xFF, 0xFF}}},
	{{{-454, 884, -287},0, {1008, -16},{0xFF, 0xFF, 0xFF, 0xFF}}},
	{{{18, 544, -578},0, {-16, 1008},{0xFF, 0xFF, 0xFF, 0xFF}}},
	{{{0, 544, -295},0, {-16, -16},{0xFF, 0xFF, 0xFF, 0xFF}}},
	{{{148, 544, -788},0, {-16, 2032},{0xFF, 0xFF, 0xFF, 0xFF}}},
	{{{-454, 884, -287},0, {1008, 2032},{0xFF, 0xFF, 0xFF, 0xFF}}},
	{{{-1019, 1255, -197},0, {2032, 2032},{0xFF, 0xFF, 0xFF, 0xFF}}},
	{{{-919, 1255, 0},0, {2032, 1008},{0xFF, 0xFF, 0xFF, 0xFF}}},
	{{{-449, 897, 0},0, {1008, 1008},{0xFF, 0xFF, 0xFF, 0xFF}}},
	{{{-1019, 1255, 197},0, {2032, -16},{0xFF, 0xFF, 0xFF, 0xFF}}},
	{{{-454, 884, 287},0, {1008, -16},{0xFF, 0xFF, 0xFF, 0xFF}}},
	{{{0, 544, 0},0, {-16, 1008},{0xFF, 0xFF, 0xFF, 0xFF}}},
	{{{0, 544, 0},0, {-16, 1008},{0xFF, 0xFF, 0xFF, 0xFF}}},
	{{{-454, 884, 287},0, {1008, -16},{0xFF, 0xFF, 0xFF, 0xFF}}},
	{{{0, 544, 295},0, {-16, -16},{0xFF, 0xFF, 0xFF, 0xFF}}},
	{{{0, 544, -295},0, {-16, 2032},{0xFF, 0xFF, 0xFF, 0xFF}}},
	{{{-449, 897, 0},0, {1008, 1008},{0xFF, 0xFF, 0xFF, 0xFF}}},
	{{{-454, 884, -287},0, {1008, 2032},{0xFF, 0xFF, 0xFF, 0xFF}}},
	{{{415, -140, -779},0, {1008, 2032},{0xFF, 0xFF, 0xFF, 0xFF}}},
	{{{665, -115, -738},0, {2032, 2032},{0xFF, 0xFF, 0xFF, 0xFF}}},
	{{{741, -143, -574},0, {2032, 1008},{0xFF, 0xFF, 0xFF, 0xFF}}},
	{{{425, -194, -577},0, {1008, 1008},{0xFF, 0xFF, 0xFF, 0xFF}}},
	{{{889, -167, -295},0, {2032, -16},{0xFF, 0xFF, 0xFF, 0xFF}}},
	{{{441, -204, -295},0, {1008, -16},{0xFF, 0xFF, 0xFF, 0xFF}}},
	{{{0, -200, -578},0, {-16, 1008},{0xFF, 0xFF, 0xFF, 0xFF}}},
	{{{0, -209, -295},0, {-16, -16},{0xFF, 0xFF, 0xFF, 0xFF}}},
	{{{0, -139, -788},0, {-16, 2032},{0xFF, 0xFF, 0xFF, 0xFF}}},
	{{{441, -204, -295},0, {1008, 2032},{0xFF, 0xFF, 0xFF, 0xFF}}},
	{{{889, -167, -295},0, {2032, 2032},{0xFF, 0xFF, 0xFF, 0xFF}}},
	{{{898, -200, 0},0, {2032, 1008},{0xFF, 0xFF, 0xFF, 0xFF}}},
	{{{444, -207, 0},0, {1008, 1008},{0xFF, 0xFF, 0xFF, 0xFF}}},
	{{{889, -167, 295},0, {2032, -16},{0xFF, 0xFF, 0xFF, 0xFF}}},
	{{{441, -204, 295},0, {1008, -16},{0xFF, 0xFF, 0xFF, 0xFF}}},
	{{{0, -209, 0},0, {-16, 1008},{0xFF, 0xFF, 0xFF, 0xFF}}},
	{{{0, -209, 295},0, {-16, -16},{0xFF, 0xFF, 0xFF, 0xFF}}},
	{{{0, -209, -295},0, {-16, 2032},{0xFF, 0xFF, 0xFF, 0xFF}}},
	{{{738, 356, -788},0, {1008, 2032},{0xFF, 0xFF, 0xFF, 0xFF}}},
	{{{738, 544, -788},0, {2032, 2032},{0xFF, 0xFF, 0xFF, 0xFF}}},
	{{{868, 544, -578},0, {2032, 1008},{0xFF, 0xFF, 0xFF, 0xFF}}},
	{{{881, 352, -589},0, {1008, 1008},{0xFF, 0xFF, 0xFF, 0xFF}}},
	{{{886, 544, -295},0, {2032, -16},{0xFF, 0xFF, 0xFF, 0xFF}}},
	{{{1005, 318, -384},0, {1008, -16},{0xFF, 0xFF, 0xFF, 0xFF}}},
	{{{883, 164, -591},0, {-16, 1008},{0xFF, 0xFF, 0xFF, 0xFF}}},
	{{{883, 164, -591},0, {-16, 1008},{0xFF, 0xFF, 0xFF, 0xFF}}},
	{{{1005, 318, -384},0, {1008, -16},{0xFF, 0xFF, 0xFF, 0xFF}}},
	{{{1005, 140, -394},0, {-16, -16},{0xFF, 0xFF, 0xFF, 0xFF}}},
	{{{738, 168, -788},0, {-16, 2032},{0xFF, 0xFF, 0xFF, 0xFF}}},
	{{{881, 352, -589},0, {1008, 1008},{0xFF, 0xFF, 0xFF, 0xFF}}},
	{{{738, 356, -788},0, {1008, 2032},{0xFF, 0xFF, 0xFF, 0xFF}}},
	{{{-883, 1054, -570},0, {1008, 2032},{0xFF, 0xFF, 0xFF, 0xFF}}},
	{{{-871, 900, -788},0, {2032, 2032},{0xFF, 0xFF, 0xFF, 0xFF}}},
	{{{-1257, 966, -779},0, {2032, 1008},{0xFF, 0xFF, 0xFF, 0xFF}}},
	{{{-1269, 1125, -575},0, {1008, 1008},{0xFF, 0xFF, 0xFF, 0xFF}}},
	{{{-1483, 943, -738},0, {2032, -16},{0xFF, 0xFF, 0xFF, 0xFF}}},
	{{{-1551, 1048, -574},0, {1008, -16},{0xFF, 0xFF, 0xFF, 0xFF}}},
	{{{-1300, 1255, -283},0, {-16, 1008},{0xFF, 0xFF, 0xFF, 0xFF}}},
	{{{-1681, 1255, -295},0, {-16, -16},{0xFF, 0xFF, 0xFF, 0xFF}}},
	{{{-1019, 1255, -197},0, {-16, 2032},{0xFF, 0xFF, 0xFF, 0xFF}}},
	{{{-871, -209, 0},0, {1008, 2032},{0xFF, 0xFF, 0xFF, 0xFF}}},
	{{{-871, -209, 295},0, {2032, 2032},{0xFF, 0xFF, 0xFF, 0xFF}}},
	{{{-1265, -194, 295},0, {2032, 1008},{0xFF, 0xFF, 0xFF, 0xFF}}},
	{{{-1265, -193, 0},0, {1008, 1008},{0xFF, 0xFF, 0xFF, 0xFF}}},
	{{{-1549, -89, 295},0, {2032, -16},{0xFF, 0xFF, 0xFF, 0xFF}}},
	{{{-1549, -87, 0},0, {1008, -16},{0xFF, 0xFF, 0xFF, 0xFF}}},
	{{{-1265, -194, -295},0, {-16, 1008},{0xFF, 0xFF, 0xFF, 0xFF}}},
	{{{-1549, -89, -295},0, {-16, -16},{0xFF, 0xFF, 0xFF, 0xFF}}},
	{{{-871, -209, -295},0, {-16, 2032},{0xFF, 0xFF, 0xFF, 0xFF}}},
	{{{-441, -209, -295},0, {1008, 2032},{0xFF, 0xFF, 0xFF, 0xFF}}},
	{{{0, -209, -295},0, {2032, 2032},{0xFF, 0xFF, 0xFF, 0xFF}}},
	{{{0, -209, 0},0, {2032, 1008},{0xFF, 0xFF, 0xFF, 0xFF}}},
	{{{-441, -209, 0},0, {1008, 1008},{0xFF, 0xFF, 0xFF, 0xFF}}},
	{{{0, -209, 295},0, {2032, -16},{0xFF, 0xFF, 0xFF, 0xFF}}},
	{{{-441, -209, 295},0, {1008, -16},{0xFF, 0xFF, 0xFF, 0xFF}}},
	{{{-871, -209, 0},0, {-16, 1008},{0xFF, 0xFF, 0xFF, 0xFF}}},
	{{{-871, -209, 0},0, {-16, 1008},{0xFF, 0xFF, 0xFF, 0xFF}}},
	{{{-441, -209, 295},0, {1008, -16},{0xFF, 0xFF, 0xFF, 0xFF}}},
	{{{-871, -209, 295},0, {-16, -16},{0xFF, 0xFF, 0xFF, 0xFF}}},
	{{{-871, -209, -295},0, {-16, 2032},{0xFF, 0xFF, 0xFF, 0xFF}}},
	{{{-441, -209, 0},0, {1008, 1008},{0xFF, 0xFF, 0xFF, 0xFF}}},
	{{{-441, -209, -295},0, {1008, 2032},{0xFF, 0xFF, 0xFF, 0xFF}}},
	{{{-441, -125, -788},0, {1008, 2032},{0xFF, 0xFF, 0xFF, 0xFF}}},
	{{{0, -139, -788},0, {2032, 2032},{0xFF, 0xFF, 0xFF, 0xFF}}},
	{{{0, -200, -578},0, {2032, 1008},{0xFF, 0xFF, 0xFF, 0xFF}}},
	{{{-441, -198, -578},0, {1008, 1008},{0xFF, 0xFF, 0xFF, 0xFF}}},
	{{{0, -209, -295},0, {2032, -16},{0xFF, 0xFF, 0xFF, 0xFF}}},
	{{{-441, -209, -295},0, {1008, -16},{0xFF, 0xFF, 0xFF, 0xFF}}},
	{{{-871, -196, -578},0, {-16, 1008},{0xFF, 0xFF, 0xFF, 0xFF}}},
	{{{-871, -209, -295},0, {-16, -16},{0xFF, 0xFF, 0xFF, 0xFF}}},
	{{{-871, -110, -788},0, {-16, 2032},{0xFF, 0xFF, 0xFF, 0xFF}}},
	{{{-441, -209, 295},0, {1008, 2032},{0xFF, 0xFF, 0xFF, 0xFF}}},
	{{{0, -209, 295},0, {2032, 2032},{0xFF, 0xFF, 0xFF, 0xFF}}},
	{{{0, -200, 578},0, {2032, 1008},{0xFF, 0xFF, 0xFF, 0xFF}}},
	{{{-441, -198, 578},0, {1008, 1008},{0xFF, 0xFF, 0xFF, 0xFF}}},
	{{{0, -139, 788},0, {2032, -16},{0xFF, 0xFF, 0xFF, 0xFF}}},
	{{{-441, -125, 788},0, {1008, -16},{0xFF, 0xFF, 0xFF, 0xFF}}},
	{{{-871, -196, 578},0, {-16, 1008},{0xFF, 0xFF, 0xFF, 0xFF}}},
	{{{-871, -110, 788},0, {-16, -16},{0xFF, 0xFF, 0xFF, 0xFF}}},
	{{{-871, -209, 295},0, {-16, 2032},{0xFF, 0xFF, 0xFF, 0xFF}}},
	{{{738, 356, 788},0, {1008, 2032},{0xFF, 0xFF, 0xFF, 0xFF}}},
	{{{738, 544, 788},0, {2032, 2032},{0xFF, 0xFF, 0xFF, 0xFF}}},
	{{{443, 544, 861},0, {2032, 1008},{0xFF, 0xFF, 0xFF, 0xFF}}},
	{{{428, 362, 872},0, {1008, 1008},{0xFF, 0xFF, 0xFF, 0xFF}}},
	{{{148, 544, 788},0, {2032, -16},{0xFF, 0xFF, 0xFF, 0xFF}}},
	{{{12, 411, 876},0, {1008, -16},{0xFF, 0xFF, 0xFF, 0xFF}}},
	{{{425, 173, 874},0, {-16, 1008},{0xFF, 0xFF, 0xFF, 0xFF}}},
	{{{425, 173, 874},0, {-16, 1008},{0xFF, 0xFF, 0xFF, 0xFF}}},
	{{{12, 411, 876},0, {1008, -16},{0xFF, 0xFF, 0xFF, 0xFF}}},
	{{{0, 210, 886},0, {-16, -16},{0xFF, 0xFF, 0xFF, 0xFF}}},
	{{{738, 168, 788},0, {-16, 2032},{0xFF, 0xFF, 0xFF, 0xFF}}},
	{{{428, 362, 872},0, {1008, 1008},{0xFF, 0xFF, 0xFF, 0xFF}}},
	{{{738, 356, 788},0, {1008, 2032},{0xFF, 0xFF, 0xFF, 0xFF}}},
	{{{-871, 667, -874},0, {1008, 2032},{0xFF, 0xFF, 0xFF, 0xFF}}},
	{{{-871, 900, -788},0, {2032, 2032},{0xFF, 0xFF, 0xFF, 0xFF}}},
	{{{-429, 728, -788},0, {2032, 1008},{0xFF, 0xFF, 0xFF, 0xFF}}},
	{{{-438, 539, -874},0, {1008, 1008},{0xFF, 0xFF, 0xFF, 0xFF}}},
	{{{148, 544, -788},0, {2032, -16},{0xFF, 0xFF, 0xFF, 0xFF}}},
	{{{12, 411, -876},0, {1008, -16},{0xFF, 0xFF, 0xFF, 0xFF}}},
	{{{-441, 296, -886},0, {-16, 1008},{0xFF, 0xFF, 0xFF, 0xFF}}},
	{{{0, 210, -886},0, {-16, -16},{0xFF, 0xFF, 0xFF, 0xFF}}},
	{{{-871, 381, -886},0, {-16, 2032},{0xFF, 0xFF, 0xFF, 0xFF}}},
	{{{2212, 104, -295},0, {1008, 2032},{0xFF, 0xFF, 0xFF, 0xFF}}},
	{{{2212, 209, -295},0, {2032, 2032},{0xFF, 0xFF, 0xFF, 0xFF}}},
	{{{2212, 209, 0},0, {2032, 1008},{0xFF, 0xFF, 0xFF, 0xFF}}},
	{{{2212, 104, 0},0, {1008, 1008},{0xFF, 0xFF, 0xFF, 0xFF}}},
	{{{2212, 209, 295},0, {2032, -16},{0xFF, 0xFF, 0xFF, 0xFF}}},
	{{{2212, 104, 295},0, {1008, -16},{0xFF, 0xFF, 0xFF, 0xFF}}},
	{{{2212, 0, 0},0, {-16, 1008},{0xFF, 0xFF, 0xFF, 0xFF}}},
	{{{2212, 0, 295},0, {-16, -16},{0xFF, 0xFF, 0xFF, 0xFF}}},
	{{{2212, 0, -295},0, {-16, 2032},{0xFF, 0xFF, 0xFF, 0xFF}}},
	{{{2212, -100, -283},0, {1008, 2032},{0xFF, 0xFF, 0xFF, 0xFF}}},
	{{{2212, -174, -197},0, {2032, 2032},{0xFF, 0xFF, 0xFF, 0xFF}}},
	{{{2155, -171, -429},0, {2032, 1008},{0xFF, 0xFF, 0xFF, 0xFF}}},
	{{{2205, -100, -441},0, {1008, 1008},{0xFF, 0xFF, 0xFF, 0xFF}}},
	{{{2138, -158, -535},0, {2032, -16},{0xFF, 0xFF, 0xFF, 0xFF}}},
	{{{2200, -97, -585},0, {1008, -16},{0xFF, 0xFF, 0xFF, 0xFF}}},
	{{{2212, 0, -444},0, {-16, 1008},{0xFF, 0xFF, 0xFF, 0xFF}}},
	{{{2212, 0, -444},0, {-16, 1008},{0xFF, 0xFF, 0xFF, 0xFF}}},
	{{{2200, -97, -585},0, {1008, -16},{0xFF, 0xFF, 0xFF, 0xFF}}},
	{{{2212, 0, -594},0, {-16, -16},{0xFF, 0xFF, 0xFF, 0xFF}}},
	{{{1756, -202, 0},0, {1008, 2032},{0xFF, 0xFF, 0xFF, 0xFF}}},
	{{{1754, -180, -260},0, {2032, 2032},{0xFF, 0xFF, 0xFF, 0xFF}}},
	{{{2025, -202, -244},0, {2032, 1008},{0xFF, 0xFF, 0xFF, 0xFF}}},
	{{{2023, -206, 0},0, {1008, 1008},{0xFF, 0xFF, 0xFF, 0xFF}}},
	{{{2212, -174, -197},0, {2032, -16},{0xFF, 0xFF, 0xFF, 0xFF}}},
	{{{2212, -200, 0},0, {1008, -16},{0xFF, 0xFF, 0xFF, 0xFF}}},
	{{{2025, -202, 244},0, {-16, 1008},{0xFF, 0xFF, 0xFF, 0xFF}}},
	{{{2212, -174, 197},0, {-16, -16},{0xFF, 0xFF, 0xFF, 0xFF}}},
	{{{1754, -180, 260},0, {-16, 2032},{0xFF, 0xFF, 0xFF, 0xFF}}},
	{{{898, -200, 0},0, {1008, 2032},{0xFF, 0xFF, 0xFF, 0xFF}}},
	{{{889, -167, -295},0, {2032, 2032},{0xFF, 0xFF, 0xFF, 0xFF}}},
	{{{1337, -163, -214},0, {2032, 1008},{0xFF, 0xFF, 0xFF, 0xFF}}},
	{{{1356, -198, 0},0, {1008, 1008},{0xFF, 0xFF, 0xFF, 0xFF}}},
	{{{1356, -198, 0},0, {1008, 1008},{0xFF, 0xFF, 0xFF, 0xFF}}},
	{{{1337, -163, -214},0, {2032, 1008},{0xFF, 0xFF, 0xFF, 0xFF}}},
	{{{1754, -180, -260},0, {2032, -16},{0xFF, 0xFF, 0xFF, 0xFF}}},
	{{{1756, -202, 0},0, {1008, -16},{0xFF, 0xFF, 0xFF, 0xFF}}},
	{{{1337, -163, 214},0, {-16, 1008},{0xFF, 0xFF, 0xFF, 0xFF}}},
	{{{1754, -180, 260},0, {-16, -16},{0xFF, 0xFF, 0xFF, 0xFF}}},
	{{{889, -167, 295},0, {-16, 2032},{0xFF, 0xFF, 0xFF, 0xFF}}},
	{{{898, -200, 0},0, {1008, 2032},{0xFF, 0xFF, 0xFF, 0xFF}}},
	{{{886, 544, 0},0, {1008, 2032},{0xFF, 0xFF, 0xFF, 0xFF}}},
	{{{886, 544, 295},0, {2032, 2032},{0xFF, 0xFF, 0xFF, 0xFF}}},
	{{{1347, 336, 216},0, {2032, 1008},{0xFF, 0xFF, 0xFF, 0xFF}}},
	{{{1367, 368, 0},0, {1008, 1008},{0xFF, 0xFF, 0xFF, 0xFF}}},
	{{{1859, 209, 295},0, {2032, -16},{0xFF, 0xFF, 0xFF, 0xFF}}},
	{{{1859, 209, 0},0, {1008, -16},{0xFF, 0xFF, 0xFF, 0xFF}}},
	{{{1347, 336, -216},0, {-16, 1008},{0xFF, 0xFF, 0xFF, 0xFF}}},
	{{{1859, 209, -295},0, {-16, -16},{0xFF, 0xFF, 0xFF, 0xFF}}},
	{{{886, 544, -295},0, {-16, 2032},{0xFF, 0xFF, 0xFF, 0xFF}}},
	{{{1367, 368, 0},0, {1008, 1008},{0xFF, 0xFF, 0xFF, 0xFF}}},
	{{{1347, 336, -216},0, {-16, 1008},{0xFF, 0xFF, 0xFF, 0xFF}}},
	{{{886, 544, 0},0, {1008, 2032},{0xFF, 0xFF, 0xFF, 0xFF}}},
	{{{1005, 140, 394},0, {-16, 2032},{0xFF, 0xFF, 0xFF, 0xFF}}},
	{{{1002, -29, 384},0, {1008, 2032},{0xFF, 0xFF, 0xFF, 0xFF}}},
	{{{1283, -57, 302},0, {1008, 1008},{0xFF, 0xFF, 0xFF, 0xFF}}},
	{{{1250, 84, 314},0, {-16, 1008},{0xFF, 0xFF, 0xFF, 0xFF}}},
	{{{1585, -87, 336},0, {1008, -16},{0xFF, 0xFF, 0xFF, 0xFF}}},
	{{{1526, 28, 345},0, {-16, -16},{0xFF, 0xFF, 0xFF, 0xFF}}},
	{{{889, -167, 295},0, {2032, 2032},{0xFF, 0xFF, 0xFF, 0xFF}}},
	{{{1337, -163, 214},0, {2032, 1008},{0xFF, 0xFF, 0xFF, 0xFF}}},
	{{{1754, -180, 260},0, {2032, -16},{0xFF, 0xFF, 0xFF, 0xFF}}},
	{{{1005, 318, -384},0, {1008, 2032},{0xFF, 0xFF, 0xFF, 0xFF}}},
	{{{886, 544, -295},0, {2032, 2032},{0xFF, 0xFF, 0xFF, 0xFF}}},
	{{{1347, 336, -216},0, {2032, 1008},{0xFF, 0xFF, 0xFF, 0xFF}}},
	{{{1005, 318, -384},0, {1008, 2032},{0xFF, 0xFF, 0xFF, 0xFF}}},
	{{{1347, 336, -216},0, {2032, 1008},{0xFF, 0xFF, 0xFF, 0xFF}}},
	{{{1285, 226, -303},0, {1008, 1008},{0xFF, 0xFF, 0xFF, 0xFF}}},
	{{{1859, 209, -295},0, {2032, -16},{0xFF, 0xFF, 0xFF, 0xFF}}},
	{{{1592, 141, -339},0, {1008, -16},{0xFF, 0xFF, 0xFF, 0xFF}}},
	{{{1250, 84, -314},0, {-16, 1008},{0xFF, 0xFF, 0xFF, 0xFF}}},
	{{{1526, 28, -345},0, {-16, -16},{0xFF, 0xFF, 0xFF, 0xFF}}},
	{{{1005, 140, -394},0, {-16, 2032},{0xFF, 0xFF, 0xFF, 0xFF}}},
	{{{1885, 104, -549},0, {1008, 2032},{0xFF, 0xFF, 0xFF, 0xFF}}},
	{{{1911, 209, -549},0, {2032, 2032},{0xFF, 0xFF, 0xFF, 0xFF}}},
	{{{2041, 209, -589},0, {2032, 1008},{0xFF, 0xFF, 0xFF, 0xFF}}},
	{{{2039, 104, -589},0, {1008, 1008},{0xFF, 0xFF, 0xFF, 0xFF}}},
	{{{2212, 209, -594},0, {2032, -16},{0xFF, 0xFF, 0xFF, 0xFF}}},
	{{{2212, 104, -594},0, {1008, -16},{0xFF, 0xFF, 0xFF, 0xFF}}},
	{{{2037, 0, -589},0, {-16, 1008},{0xFF, 0xFF, 0xFF, 0xFF}}},
	{{{2212, 0, -594},0, {-16, -16},{0xFF, 0xFF, 0xFF, 0xFF}}},
	{{{1873, 0, -549},0, {-16, 2032},{0xFF, 0xFF, 0xFF, 0xFF}}},
	{{{2039, 104, -589},0, {1008, 1008},{0xFF, 0xFF, 0xFF, 0xFF}}},
	{{{2037, 0, -589},0, {-16, 1008},{0xFF, 0xFF, 0xFF, 0xFF}}},
	{{{1885, 104, -549},0, {1008, 2032},{0xFF, 0xFF, 0xFF, 0xFF}}},
	{{{1889, -98, 546},0, {1008, 2032},{0xFF, 0xFF, 0xFF, 0xFF}}},
	{{{1929, -159, 527},0, {2032, 2032},{0xFF, 0xFF, 0xFF, 0xFF}}},
	{{{2035, -171, 544},0, {2032, 1008},{0xFF, 0xFF, 0xFF, 0xFF}}},
	{{{2037, -100, 583},0, {1008, 1008},{0xFF, 0xFF, 0xFF, 0xFF}}},
	{{{2138, -158, 535},0, {2032, -16},{0xFF, 0xFF, 0xFF, 0xFF}}},
	{{{2200, -97, 585},0, {1008, -16},{0xFF, 0xFF, 0xFF, 0xFF}}},
	{{{1873, 0, 549},0, {-16, 2032},{0xFF, 0xFF, 0xFF, 0xFF}}},
	{{{2037, 0, 589},0, {-16, 1008},{0xFF, 0xFF, 0xFF, 0xFF}}},
	{{{2212, 0, 594},0, {-16, -16},{0xFF, 0xFF, 0xFF, 0xFF}}},
	{{{2025, -202, -244},0, {1008, 2032},{0xFF, 0xFF, 0xFF, 0xFF}}},
	{{{1754, -180, -260},0, {2032, 2032},{0xFF, 0xFF, 0xFF, 0xFF}}},
	{{{1879, -172, -435},0, {2032, 1008},{0xFF, 0xFF, 0xFF, 0xFF}}},
	{{{2025, -202, -244},0, {1008, 2032},{0xFF, 0xFF, 0xFF, 0xFF}}},
	{{{1879, -172, -435},0, {2032, 1008},{0xFF, 0xFF, 0xFF, 0xFF}}},
	{{{2031, -197, -432},0, {1008, 1008},{0xFF, 0xFF, 0xFF, 0xFF}}},
	{{{1929, -159, -527},0, {2032, -16},{0xFF, 0xFF, 0xFF, 0xFF}}},
	{{{2035, -171, -544},0, {1008, -16},{0xFF, 0xFF, 0xFF, 0xFF}}},
	{{{2155, -171, -429},0, {-16, 1008},{0xFF, 0xFF, 0xFF, 0xFF}}},
	{{{2138, -158, -535},0, {-16, -16},{0xFF, 0xFF, 0xFF, 0xFF}}},
	{{{2212, -174, -197},0, {-16, 2032},{0xFF, 0xFF, 0xFF, 0xFF}}},
	{{{1526, 28, 345},0, {-16, 2032},{0xFF, 0xFF, 0xFF, 0xFF}}},
	{{{1585, -87, 336},0, {1008, 2032},{0xFF, 0xFF, 0xFF, 0xFF}}},
	{{{1765, -98, 444},0, {1008, 1008},{0xFF, 0xFF, 0xFF, 0xFF}}},
	{{{1723, 3, 446},0, {-16, 1008},{0xFF, 0xFF, 0xFF, 0xFF}}},
	{{{1889, -98, 546},0, {1008, -16},{0xFF, 0xFF, 0xFF, 0xFF}}},
	{{{1873, 0, 549},0, {-16, -16},{0xFF, 0xFF, 0xFF, 0xFF}}},
	{{{1754, -180, 260},0, {2032, 2032},{0xFF, 0xFF, 0xFF, 0xFF}}},
	{{{1879, -172, 435},0, {2032, 1008},{0xFF, 0xFF, 0xFF, 0xFF}}},
	{{{1765, -98, 444},0, {1008, 1008},{0xFF, 0xFF, 0xFF, 0xFF}}},
	{{{1879, -172, 435},0, {2032, 1008},{0xFF, 0xFF, 0xFF, 0xFF}}},
	{{{1929, -159, 527},0, {2032, -16},{0xFF, 0xFF, 0xFF, 0xFF}}},
	{{{1889, -98, 546},0, {1008, -16},{0xFF, 0xFF, 0xFF, 0xFF}}},
	{{{2212, 104, 295},0, {1008, 2032},{0xFF, 0xFF, 0xFF, 0xFF}}},
	{{{2212, 209, 295},0, {2032, 2032},{0xFF, 0xFF, 0xFF, 0xFF}}},
	{{{2212, 209, 444},0, {2032, 1008},{0xFF, 0xFF, 0xFF, 0xFF}}},
	{{{2212, 104, 444},0, {1008, 1008},{0xFF, 0xFF, 0xFF, 0xFF}}},
	{{{2212, 209, 594},0, {2032, -16},{0xFF, 0xFF, 0xFF, 0xFF}}},
	{{{2212, 104, 594},0, {1008, -16},{0xFF, 0xFF, 0xFF, 0xFF}}},
	{{{2212, 0, 444},0, {-16, 1008},{0xFF, 0xFF, 0xFF, 0xFF}}},
	{{{2212, 0, 594},0, {-16, -16},{0xFF, 0xFF, 0xFF, 0xFF}}},
	{{{2212, 0, 295},0, {-16, 2032},{0xFF, 0xFF, 0xFF, 0xFF}}},
	{{{2025, -202, 244},0, {1008, 2032},{0xFF, 0xFF, 0xFF, 0xFF}}},
	{{{2212, -174, 197},0, {2032, 2032},{0xFF, 0xFF, 0xFF, 0xFF}}},
	{{{2155, -171, 429},0, {2032, 1008},{0xFF, 0xFF, 0xFF, 0xFF}}},
	{{{2025, -202, 244},0, {1008, 2032},{0xFF, 0xFF, 0xFF, 0xFF}}},
	{{{2155, -171, 429},0, {2032, 1008},{0xFF, 0xFF, 0xFF, 0xFF}}},
	{{{2031, -197, 432},0, {1008, 1008},{0xFF, 0xFF, 0xFF, 0xFF}}},
	{{{2138, -158, 535},0, {2032, -16},{0xFF, 0xFF, 0xFF, 0xFF}}},
	{{{2035, -171, 544},0, {1008, -16},{0xFF, 0xFF, 0xFF, 0xFF}}},
	{{{1879, -172, 435},0, {-16, 1008},{0xFF, 0xFF, 0xFF, 0xFF}}},
	{{{1929, -159, 527},0, {-16, -16},{0xFF, 0xFF, 0xFF, 0xFF}}},
	{{{1754, -180, 260},0, {-16, 2032},{0xFF, 0xFF, 0xFF, 0xFF}}},
	{{{1526, 28, -345},0, {-16, 2032},{0xFF, 0xFF, 0xFF, 0xFF}}},
	{{{1592, 141, -339},0, {1008, 2032},{0xFF, 0xFF, 0xFF, 0xFF}}},
	{{{1764, 108, -445},0, {1008, 1008},{0xFF, 0xFF, 0xFF, 0xFF}}},
	{{{1723, 3, -446},0, {-16, 1008},{0xFF, 0xFF, 0xFF, 0xFF}}},
	{{{1885, 104, -549},0, {1008, -16},{0xFF, 0xFF, 0xFF, 0xFF}}},
	{{{1911, 209, -549},0, {2032, -16},{0xFF, 0xFF, 0xFF, 0xFF}}},
	{{{1865, 209, -440},0, {2032, 1008},{0xFF, 0xFF, 0xFF, 0xFF}}},
	{{{1873, 0, -549},0, {-16, -16},{0xFF, 0xFF, 0xFF, 0xFF}}},
	{{{1592, 141, -339},0, {1008, 2032},{0xFF, 0xFF, 0xFF, 0xFF}}},
	{{{1859, 209, -295},0, {2032, 2032},{0xFF, 0xFF, 0xFF, 0xFF}}},
	{{{1865, 209, -440},0, {2032, 1008},{0xFF, 0xFF, 0xFF, 0xFF}}},
	{{{1764, 108, -445},0, {1008, 1008},{0xFF, 0xFF, 0xFF, 0xFF}}},
	{{{-1781, 868, -375},0, {1008, 2032},{0xFF, 0xFF, 0xFF, 0xFF}}},
	{{{-1681, 1255, -295},0, {2032, 2032},{0xFF, 0xFF, 0xFF, 0xFF}}},
	{{{-1551, 1048, -574},0, {2032, 1008},{0xFF, 0xFF, 0xFF, 0xFF}}},
	{{{-1663, 802, -585},0, {1008, 1008},{0xFF, 0xFF, 0xFF, 0xFF}}},
	{{{-1483, 943, -738},0, {2032, -16},{0xFF, 0xFF, 0xFF, 0xFF}}},
	{{{-1538, 747, -779},0, {1008, -16},{0xFF, 0xFF, 0xFF, 0xFF}}},
	{{{-1673, 474, -580},0, {-16, 1008},{0xFF, 0xFF, 0xFF, 0xFF}}},
	{{{-1549, 440, -788},0, {-16, -16},{0xFF, 0xFF, 0xFF, 0xFF}}},
	{{{-1765, 511, -295},0, {-16, 2032},{0xFF, 0xFF, 0xFF, 0xFF}}},
	{{{-1538, 747, 779},0, {1008, 2032},{0xFF, 0xFF, 0xFF, 0xFF}}},
	{{{-1483, 943, 738},0, {2032, 2032},{0xFF, 0xFF, 0xFF, 0xFF}}},
	{{{-1551, 1048, 574},0, {2032, 1008},{0xFF, 0xFF, 0xFF, 0xFF}}},
	{{{-1538, 747, 779},0, {1008, 2032},{0xFF, 0xFF, 0xFF, 0xFF}}},
	{{{-1551, 1048, 574},0, {2032, 1008},{0xFF, 0xFF, 0xFF, 0xFF}}},
	{{{-1663, 802, 585},0, {1008, 1008},{0xFF, 0xFF, 0xFF, 0xFF}}},
	{{{-1681, 1255, 295},0, {2032, -16},{0xFF, 0xFF, 0xFF, 0xFF}}},
	{{{-1781, 868, 375},0, {1008, -16},{0xFF, 0xFF, 0xFF, 0xFF}}},
	{{{-1673, 474, 580},0, {-16, 1008},{0xFF, 0xFF, 0xFF, 0xFF}}},
	{{{-1765, 511, 295},0, {-16, -16},{0xFF, 0xFF, 0xFF, 0xFF}}},
	{{{-1549, 440, 788},0, {-16, 2032},{0xFF, 0xFF, 0xFF, 0xFF}}},
	{{{-1781, 868, 375},0, {1008, 2032},{0xFF, 0xFF, 0xFF, 0xFF}}},
	{{{-1681, 1255, 295},0, {2032, 2032},{0xFF, 0xFF, 0xFF, 0xFF}}},
	{{{-2028, 1255, 295},0, {2032, 1008},{0xFF, 0xFF, 0xFF, 0xFF}}},
	{{{-2039, 900, 293},0, {1008, 1008},{0xFF, 0xFF, 0xFF, 0xFF}}},
	{{{-2348, 1255, 273},0, {2032, -16},{0xFF, 0xFF, 0xFF, 0xFF}}},
	{{{-2348, 903, 262},0, {1008, -16},{0xFF, 0xFF, 0xFF, 0xFF}}},
	{{{-2039, 631, 207},0, {-16, 1008},{0xFF, 0xFF, 0xFF, 0xFF}}},
	{{{-2335, 650, 193},0, {-16, -16},{0xFF, 0xFF, 0xFF, 0xFF}}},
	{{{-1765, 511, 295},0, {-16, 2032},{0xFF, 0xFF, 0xFF, 0xFF}}},
	{{{-2039, 900, 293},0, {1008, 1008},{0xFF, 0xFF, 0xFF, 0xFF}}},
	{{{-2039, 631, 207},0, {-16, 1008},{0xFF, 0xFF, 0xFF, 0xFF}}},
	{{{-1781, 868, 375},0, {1008, 2032},{0xFF, 0xFF, 0xFF, 0xFF}}},
	{{{-883, 1054, 570},0, {1008, 2032},{0xFF, 0xFF, 0xFF, 0xFF}}},
	{{{-1019, 1255, 197},0, {2032, 2032},{0xFF, 0xFF, 0xFF, 0xFF}}},
	{{{-1300, 1255, 283},0, {2032, 1008},{0xFF, 0xFF, 0xFF, 0xFF}}},
	{{{-1269, 1125, 575},0, {1008, 1008},{0xFF, 0xFF, 0xFF, 0xFF}}},
	{{{-1681, 1255, 295},0, {2032, -16},{0xFF, 0xFF, 0xFF, 0xFF}}},
	{{{-1551, 1048, 574},0, {1008, -16},{0xFF, 0xFF, 0xFF, 0xFF}}},
	{{{-1257, 966, 779},0, {-16, 1008},{0xFF, 0xFF, 0xFF, 0xFF}}},
	{{{-1483, 943, 738},0, {-16, -16},{0xFF, 0xFF, 0xFF, 0xFF}}},
	{{{-871, 900, 788},0, {-16, 2032},{0xFF, 0xFF, 0xFF, 0xFF}}},
	{{{-871, 98, -874},0, {1008, 2032},{0xFF, 0xFF, 0xFF, 0xFF}}},
	{{{-871, -110, -788},0, {2032, 2032},{0xFF, 0xFF, 0xFF, 0xFF}}},
	{{{-1257, -94, -779},0, {2032, 1008},{0xFF, 0xFF, 0xFF, 0xFF}}},
	{{{-871, 98, -874},0, {1008, 2032},{0xFF, 0xFF, 0xFF, 0xFF}}},
	{{{-1257, -94, -779},0, {2032, 1008},{0xFF, 0xFF, 0xFF, 0xFF}}},
	{{{-1263, 121, -862},0, {1008, 1008},{0xFF, 0xFF, 0xFF, 0xFF}}},
	{{{-1483, -46, -738},0, {2032, -16},{0xFF, 0xFF, 0xFF, 0xFF}}},
	{{{-1538, 136, -779},0, {1008, -16},{0xFF, 0xFF, 0xFF, 0xFF}}},
	{{{-1265, 420, -874},0, {-16, 1008},{0xFF, 0xFF, 0xFF, 0xFF}}},
	{{{-1549, 440, -788},0, {-16, -16},{0xFF, 0xFF, 0xFF, 0xFF}}},
	{{{-871, 381, -886},0, {-16, 2032},{0xFF, 0xFF, 0xFF, 0xFF}}},
	{{{-871, -196, -578},0, {1008, 2032},{0xFF, 0xFF, 0xFF, 0xFF}}},
	{{{-871, -209, -295},0, {2032, 2032},{0xFF, 0xFF, 0xFF, 0xFF}}},
	{{{-1265, -194, -295},0, {2032, 1008},{0xFF, 0xFF, 0xFF, 0xFF}}},
	{{{-1263, -182, -577},0, {1008, 1008},{0xFF, 0xFF, 0xFF, 0xFF}}},
	{{{-1549, -89, -295},0, {2032, -16},{0xFF, 0xFF, 0xFF, 0xFF}}},
	{{{-1538, -86, -572},0, {1008, -16},{0xFF, 0xFF, 0xFF, 0xFF}}},
	{{{-1257, -94, -779},0, {-16, 1008},{0xFF, 0xFF, 0xFF, 0xFF}}},
	{{{-1483, -46, -738},0, {-16, -16},{0xFF, 0xFF, 0xFF, 0xFF}}},
	{{{-871, -110, -788},0, {-16, 2032},{0xFF, 0xFF, 0xFF, 0xFF}}},
	{{{-1263, -182, -577},0, {1008, 1008},{0xFF, 0xFF, 0xFF, 0xFF}}},
	{{{-1257, -94, -779},0, {-16, 1008},{0xFF, 0xFF, 0xFF, 0xFF}}},
	{{{-871, -196, -578},0, {1008, 2032},{0xFF, 0xFF, 0xFF, 0xFF}}},
	{{{-871, 667, 874},0, {1008, 2032},{0xFF, 0xFF, 0xFF, 0xFF}}},
	{{{-871, 900, 788},0, {2032, 2032},{0xFF, 0xFF, 0xFF, 0xFF}}},
	{{{-1257, 966, 779},0, {2032, 1008},{0xFF, 0xFF, 0xFF, 0xFF}}},
	{{{-1263, 724, 862},0, {1008, 1008},{0xFF, 0xFF, 0xFF, 0xFF}}},
	{{{-1483, 943, 738},0, {2032, -16},{0xFF, 0xFF, 0xFF, 0xFF}}},
	{{{-1538, 747, 779},0, {1008, -16},{0xFF, 0xFF, 0xFF, 0xFF}}},
	{{{-1265, 420, 874},0, {-16, 1008},{0xFF, 0xFF, 0xFF, 0xFF}}},
	{{{-1549, 440, 788},0, {-16, -16},{0xFF, 0xFF, 0xFF, 0xFF}}},
	{{{-871, 381, 886},0, {-16, 2032},{0xFF, 0xFF, 0xFF, 0xFF}}},
	{{{-871, 98, 874},0, {1008, 2032},{0xFF, 0xFF, 0xFF, 0xFF}}},
	{{{-871, 381, 886},0, {2032, 2032},{0xFF, 0xFF, 0xFF, 0xFF}}},
	{{{-1265, 420, 874},0, {2032, 1008},{0xFF, 0xFF, 0xFF, 0xFF}}},
	{{{-871, 98, 874},0, {1008, 2032},{0xFF, 0xFF, 0xFF, 0xFF}}},
	{{{-1265, 420, 874},0, {2032, 1008},{0xFF, 0xFF, 0xFF, 0xFF}}},
	{{{-1263, 121, 862},0, {1008, 1008},{0xFF, 0xFF, 0xFF, 0xFF}}},
	{{{-1549, 440, 788},0, {2032, -16},{0xFF, 0xFF, 0xFF, 0xFF}}},
	{{{-1538, 136, 779},0, {1008, -16},{0xFF, 0xFF, 0xFF, 0xFF}}},
	{{{-1257, -94, 779},0, {-16, 1008},{0xFF, 0xFF, 0xFF, 0xFF}}},
	{{{-1483, -46, 738},0, {-16, -16},{0xFF, 0xFF, 0xFF, 0xFF}}},
	{{{-871, -110, 788},0, {-16, 2032},{0xFF, 0xFF, 0xFF, 0xFF}}},
	{{{-871, 667, -874},0, {1008, 2032},{0xFF, 0xFF, 0xFF, 0xFF}}},
	{{{-871, 381, -886},0, {2032, 2032},{0xFF, 0xFF, 0xFF, 0xFF}}},
	{{{-1265, 420, -874},0, {2032, 1008},{0xFF, 0xFF, 0xFF, 0xFF}}},
	{{{-1263, 724, -862},0, {1008, 1008},{0xFF, 0xFF, 0xFF, 0xFF}}},
	{{{-1549, 440, -788},0, {2032, -16},{0xFF, 0xFF, 0xFF, 0xFF}}},
	{{{-1538, 747, -779},0, {1008, -16},{0xFF, 0xFF, 0xFF, 0xFF}}},
	{{{-1257, 966, -779},0, {-16, 1008},{0xFF, 0xFF, 0xFF, 0xFF}}},
	{{{-1483, 943, -738},0, {-16, -16},{0xFF, 0xFF, 0xFF, 0xFF}}},
	{{{-871, 900, -788},0, {-16, 2032},{0xFF, 0xFF, 0xFF, 0xFF}}},
	{{{-1263, 724, -862},0, {1008, 1008},{0xFF, 0xFF, 0xFF, 0xFF}}},
	{{{-1257, 966, -779},0, {-16, 1008},{0xFF, 0xFF, 0xFF, 0xFF}}},
	{{{-871, 667, -874},0, {1008, 2032},{0xFF, 0xFF, 0xFF, 0xFF}}},
	{{{-1674, 162, 295},0, {1008, 2032},{0xFF, 0xFF, 0xFF, 0xFF}}},
	{{{-1765, 511, 295},0, {2032, 2032},{0xFF, 0xFF, 0xFF, 0xFF}}},
	{{{-1790, 425, 0},0, {2032, 1008},{0xFF, 0xFF, 0xFF, 0xFF}}},
	{{{-1678, 160, 0},0, {1008, 1008},{0xFF, 0xFF, 0xFF, 0xFF}}},
	{{{-1765, 511, -295},0, {2032, -16},{0xFF, 0xFF, 0xFF, 0xFF}}},
	{{{-1674, 162, -295},0, {1008, -16},{0xFF, 0xFF, 0xFF, 0xFF}}},
	{{{-1549, -87, 0},0, {-16, 1008},{0xFF, 0xFF, 0xFF, 0xFF}}},
	{{{-1549, -89, -295},0, {-16, -16},{0xFF, 0xFF, 0xFF, 0xFF}}},
	{{{-1549, -89, 295},0, {-16, 2032},{0xFF, 0xFF, 0xFF, 0xFF}}},
	{{{-1538, 136, 779},0, {1008, 2032},{0xFF, 0xFF, 0xFF, 0xFF}}},
	{{{-1549, 440, 788},0, {2032, 2032},{0xFF, 0xFF, 0xFF, 0xFF}}},
	{{{-1673, 474, 580},0, {2032, 1008},{0xFF, 0xFF, 0xFF, 0xFF}}},
	{{{-1538, 136, 779},0, {1008, 2032},{0xFF, 0xFF, 0xFF, 0xFF}}},
	{{{-1673, 474, 580},0, {2032, 1008},{0xFF, 0xFF, 0xFF, 0xFF}}},
	{{{-1651, 148, 577},0, {1008, 1008},{0xFF, 0xFF, 0xFF, 0xFF}}},
	{{{-1765, 511, 295},0, {2032, -16},{0xFF, 0xFF, 0xFF, 0xFF}}},
	{{{-1674, 162, 295},0, {1008, -16},{0xFF, 0xFF, 0xFF, 0xFF}}},
	{{{-1538, -86, 572},0, {-16, 1008},{0xFF, 0xFF, 0xFF, 0xFF}}},
	{{{-1549, -89, 295},0, {-16, -16},{0xFF, 0xFF, 0xFF, 0xFF}}},
	{{{-1483, -46, 738},0, {-16, 2032},{0xFF, 0xFF, 0xFF, 0xFF}}},
	{{{-1674, 162, -295},0, {1008, 2032},{0xFF, 0xFF, 0xFF, 0xFF}}},
	{{{-1765, 511, -295},0, {2032, 2032},{0xFF, 0xFF, 0xFF, 0xFF}}},
	{{{-1673, 474, -580},0, {2032, 1008},{0xFF, 0xFF, 0xFF, 0xFF}}},
	{{{-1651, 148, -577},0, {1008, 1008},{0xFF, 0xFF, 0xFF, 0xFF}}},
	{{{-1549, 440, -788},0, {2032, -16},{0xFF, 0xFF, 0xFF, 0xFF}}},
	{{{-1538, 136, -779},0, {1008, -16},{0xFF, 0xFF, 0xFF, 0xFF}}},
	{{{-1538, -86, -572},0, {-16, 1008},{0xFF, 0xFF, 0xFF, 0xFF}}},
	{{{-1483, -46, -738},0, {-16, -16},{0xFF, 0xFF, 0xFF, 0xFF}}},
	{{{-1549, -89, -295},0, {-16, 2032},{0xFF, 0xFF, 0xFF, 0xFF}}},
	{{{-1651, 148, -577},0, {1008, 1008},{0xFF, 0xFF, 0xFF, 0xFF}}},
	{{{-1538, -86, -572},0, {-16, 1008},{0xFF, 0xFF, 0xFF, 0xFF}}},
	{{{-1674, 162, -295},0, {1008, 2032},{0xFF, 0xFF, 0xFF, 0xFF}}},
	{{{1754, -180, -260},0, {-16, 2032},{0xFF, 0xFF, 0xFF, 0xFF}}},
	{{{1585, -87, -336},0, {1008, 2032},{0xFF, 0xFF, 0xFF, 0xFF}}},
	{{{1765, -98, -444},0, {1008, 1008},{0xFF, 0xFF, 0xFF, 0xFF}}},
	{{{1879, -172, -435},0, {-16, 1008},{0xFF, 0xFF, 0xFF, 0xFF}}},
	{{{1889, -98, -546},0, {1008, -16},{0xFF, 0xFF, 0xFF, 0xFF}}},
	{{{1929, -159, -527},0, {-16, -16},{0xFF, 0xFF, 0xFF, 0xFF}}},
	{{{1526, 28, -345},0, {2032, 2032},{0xFF, 0xFF, 0xFF, 0xFF}}},
	{{{1723, 3, -446},0, {2032, 1008},{0xFF, 0xFF, 0xFF, 0xFF}}},
	{{{1873, 0, -549},0, {2032, -16},{0xFF, 0xFF, 0xFF, 0xFF}}},
	{{{2212, -100, 283},0, {1008, 2032},{0xFF, 0xFF, 0xFF, 0xFF}}},
	{{{2212, 0, 295},0, {2032, 2032},{0xFF, 0xFF, 0xFF, 0xFF}}},
	{{{2212, 0, 444},0, {2032, 1008},{0xFF, 0xFF, 0xFF, 0xFF}}},
	{{{2212, -100, 283},0, {1008, 2032},{0xFF, 0xFF, 0xFF, 0xFF}}},
	{{{2212, 0, 444},0, {2032, 1008},{0xFF, 0xFF, 0xFF, 0xFF}}},
	{{{2205, -100, 441},0, {1008, 1008},{0xFF, 0xFF, 0xFF, 0xFF}}},
	{{{2212, 0, 594},0, {2032, -16},{0xFF, 0xFF, 0xFF, 0xFF}}},
	{{{2200, -97, 585},0, {1008, -16},{0xFF, 0xFF, 0xFF, 0xFF}}},
	{{{2212, -174, 197},0, {-16, 2032},{0xFF, 0xFF, 0xFF, 0xFF}}},
	{{{2155, -171, 429},0, {-16, 1008},{0xFF, 0xFF, 0xFF, 0xFF}}},
	{{{2138, -158, 535},0, {-16, -16},{0xFF, 0xFF, 0xFF, 0xFF}}},
	{{{1859, 209, 295},0, {-16, 2032},{0xFF, 0xFF, 0xFF, 0xFF}}},
	{{{1592, 141, 339},0, {1008, 2032},{0xFF, 0xFF, 0xFF, 0xFF}}},
	{{{1764, 108, 445},0, {1008, 1008},{0xFF, 0xFF, 0xFF, 0xFF}}},
	{{{1865, 209, 440},0, {-16, 1008},{0xFF, 0xFF, 0xFF, 0xFF}}},
	{{{1526, 28, 345},0, {2032, 2032},{0xFF, 0xFF, 0xFF, 0xFF}}},
	{{{1723, 3, 446},0, {2032, 1008},{0xFF, 0xFF, 0xFF, 0xFF}}},
	{{{1873, 0, 549},0, {2032, -16},{0xFF, 0xFF, 0xFF, 0xFF}}},
	{{{1885, 104, 549},0, {1008, -16},{0xFF, 0xFF, 0xFF, 0xFF}}},
	{{{1865, 209, 440},0, {-16, 1008},{0xFF, 0xFF, 0xFF, 0xFF}}},
	{{{1885, 104, 549},0, {1008, -16},{0xFF, 0xFF, 0xFF, 0xFF}}},
	{{{1911, 209, 549},0, {-16, -16},{0xFF, 0xFF, 0xFF, 0xFF}}},
	{{{1885, 104, 549},0, {1008, 2032},{0xFF, 0xFF, 0xFF, 0xFF}}},
	{{{1873, 0, 549},0, {2032, 2032},{0xFF, 0xFF, 0xFF, 0xFF}}},
	{{{2037, 0, 589},0, {2032, 1008},{0xFF, 0xFF, 0xFF, 0xFF}}},
	{{{2039, 104, 589},0, {1008, 1008},{0xFF, 0xFF, 0xFF, 0xFF}}},
	{{{2212, 0, 594},0, {2032, -16},{0xFF, 0xFF, 0xFF, 0xFF}}},
	{{{2212, 104, 594},0, {1008, -16},{0xFF, 0xFF, 0xFF, 0xFF}}},
	{{{2041, 209, 589},0, {-16, 1008},{0xFF, 0xFF, 0xFF, 0xFF}}},
	{{{2212, 209, 594},0, {-16, -16},{0xFF, 0xFF, 0xFF, 0xFF}}},
	{{{1911, 209, 549},0, {-16, 2032},{0xFF, 0xFF, 0xFF, 0xFF}}},
	{{{1889, -98, -546},0, {1008, 2032},{0xFF, 0xFF, 0xFF, 0xFF}}},
	{{{1873, 0, -549},0, {2032, 2032},{0xFF, 0xFF, 0xFF, 0xFF}}},
	{{{2037, 0, -589},0, {2032, 1008},{0xFF, 0xFF, 0xFF, 0xFF}}},
	{{{2037, -100, -583},0, {1008, 1008},{0xFF, 0xFF, 0xFF, 0xFF}}},
	{{{2037, -100, -583},0, {1008, 1008},{0xFF, 0xFF, 0xFF, 0xFF}}},
	{{{2037, 0, -589},0, {2032, 1008},{0xFF, 0xFF, 0xFF, 0xFF}}},
	{{{2212, 0, -594},0, {2032, -16},{0xFF, 0xFF, 0xFF, 0xFF}}},
	{{{2200, -97, -585},0, {1008, -16},{0xFF, 0xFF, 0xFF, 0xFF}}},
	{{{1929, -159, -527},0, {-16, 2032},{0xFF, 0xFF, 0xFF, 0xFF}}},
	{{{1889, -98, -546},0, {1008, 2032},{0xFF, 0xFF, 0xFF, 0xFF}}},
	{{{2035, -171, -544},0, {-16, 1008},{0xFF, 0xFF, 0xFF, 0xFF}}},
	{{{2138, -158, -535},0, {-16, -16},{0xFF, 0xFF, 0xFF, 0xFF}}},
	{{{889, -167, -295},0, {-16, 2032},{0xFF, 0xFF, 0xFF, 0xFF}}},
	{{{1002, -29, -384},0, {1008, 2032},{0xFF, 0xFF, 0xFF, 0xFF}}},
	{{{1283, -57, -302},0, {1008, 1008},{0xFF, 0xFF, 0xFF, 0xFF}}},
	{{{1337, -163, -214},0, {-16, 1008},{0xFF, 0xFF, 0xFF, 0xFF}}},
	{{{1585, -87, -336},0, {1008, -16},{0xFF, 0xFF, 0xFF, 0xFF}}},
	{{{1754, -180, -260},0, {-16, -16},{0xFF, 0xFF, 0xFF, 0xFF}}},
	{{{1005, 140, -394},0, {2032, 2032},{0xFF, 0xFF, 0xFF, 0xFF}}},
	{{{1250, 84, -314},0, {2032, 1008},{0xFF, 0xFF, 0xFF, 0xFF}}},
	{{{1283, -57, -302},0, {1008, 1008},{0xFF, 0xFF, 0xFF, 0xFF}}},
	{{{1250, 84, -314},0, {2032, 1008},{0xFF, 0xFF, 0xFF, 0xFF}}},
	{{{1526, 28, -345},0, {2032, -16},{0xFF, 0xFF, 0xFF, 0xFF}}},
	{{{1585, -87, -336},0, {1008, -16},{0xFF, 0xFF, 0xFF, 0xFF}}},
	{{{1005, 318, 384},0, {1008, 2032},{0xFF, 0xFF, 0xFF, 0xFF}}},
	{{{1005, 140, 394},0, {2032, 2032},{0xFF, 0xFF, 0xFF, 0xFF}}},
	{{{1250, 84, 314},0, {2032, 1008},{0xFF, 0xFF, 0xFF, 0xFF}}},
	{{{1285, 226, 303},0, {1008, 1008},{0xFF, 0xFF, 0xFF, 0xFF}}},
	{{{1526, 28, 345},0, {2032, -16},{0xFF, 0xFF, 0xFF, 0xFF}}},
	{{{1592, 141, 339},0, {1008, -16},{0xFF, 0xFF, 0xFF, 0xFF}}},
	{{{1347, 336, 216},0, {-16, 1008},{0xFF, 0xFF, 0xFF, 0xFF}}},
	{{{1859, 209, 295},0, {-16, -16},{0xFF, 0xFF, 0xFF, 0xFF}}},
	{{{886, 544, 295},0, {-16, 2032},{0xFF, 0xFF, 0xFF, 0xFF}}},
	{{{2212, 104, -295},0, {1008, 2032},{0xFF, 0xFF, 0xFF, 0xFF}}},
	{{{2212, 0, -295},0, {2032, 2032},{0xFF, 0xFF, 0xFF, 0xFF}}},
	{{{2212, 0, -444},0, {2032, 1008},{0xFF, 0xFF, 0xFF, 0xFF}}},
	{{{2212, 104, -295},0, {1008, 2032},{0xFF, 0xFF, 0xFF, 0xFF}}},
	{{{2212, 0, -444},0, {2032, 1008},{0xFF, 0xFF, 0xFF, 0xFF}}},
	{{{2212, 104, -444},0, {1008, 1008},{0xFF, 0xFF, 0xFF, 0xFF}}},
	{{{2212, 0, -594},0, {2032, -16},{0xFF, 0xFF, 0xFF, 0xFF}}},
	{{{2212, 104, -594},0, {1008, -16},{0xFF, 0xFF, 0xFF, 0xFF}}},
	{{{2212, 209, -444},0, {-16, 1008},{0xFF, 0xFF, 0xFF, 0xFF}}},
	{{{2212, 209, -594},0, {-16, -16},{0xFF, 0xFF, 0xFF, 0xFF}}},
	{{{2212, 209, -295},0, {-16, 2032},{0xFF, 0xFF, 0xFF, 0xFF}}},
	{{{2212, -100, -283},0, {1008, 2032},{0xFF, 0xFF, 0xFF, 0xFF}}},
	{{{2212, 0, -295},0, {2032, 2032},{0xFF, 0xFF, 0xFF, 0xFF}}},
	{{{2212, 0, 0},0, {2032, 1008},{0xFF, 0xFF, 0xFF, 0xFF}}},
	{{{2212, -103, 0},0, {1008, 1008},{0xFF, 0xFF, 0xFF, 0xFF}}},
	{{{2212, 0, 295},0, {2032, -16},{0xFF, 0xFF, 0xFF, 0xFF}}},
	{{{2212, -100, 283},0, {1008, -16},{0xFF, 0xFF, 0xFF, 0xFF}}},
	{{{2212, -200, 0},0, {-16, 1008},{0xFF, 0xFF, 0xFF, 0xFF}}},
	{{{2212, -174, 197},0, {-16, -16},{0xFF, 0xFF, 0xFF, 0xFF}}},
	{{{2212, -174, -197},0, {-16, 2032},{0xFF, 0xFF, 0xFF, 0xFF}}},
	{{{2212, -103, 0},0, {1008, 1008},{0xFF, 0xFF, 0xFF, 0xFF}}},
	{{{2212, -200, 0},0, {-16, 1008},{0xFF, 0xFF, 0xFF, 0xFF}}},
	{{{2212, -100, -283},0, {1008, 2032},{0xFF, 0xFF, 0xFF, 0xFF}}},
	{{{-871, 98, -874},0, {1008, 2032},{0xFF, 0xFF, 0xFF, 0xFF}}},
	{{{-871, 381, -886},0, {2032, 2032},{0xFF, 0xFF, 0xFF, 0xFF}}},
	{{{-441, 296, -886},0, {2032, 1008},{0xFF, 0xFF, 0xFF, 0xFF}}},
	{{{-441, 54, -874},0, {1008, 1008},{0xFF, 0xFF, 0xFF, 0xFF}}},
	{{{0, 210, -886},0, {2032, -16},{0xFF, 0xFF, 0xFF, 0xFF}}},
	{{{0, 10, -874},0, {1008, -16},{0xFF, 0xFF, 0xFF, 0xFF}}},
	{{{-441, -125, -788},0, {-16, 1008},{0xFF, 0xFF, 0xFF, 0xFF}}},
	{{{0, -139, -788},0, {-16, -16},{0xFF, 0xFF, 0xFF, 0xFF}}},
	{{{-871, -110, -788},0, {-16, 2032},{0xFF, 0xFF, 0xFF, 0xFF}}},
	{{{726, -9, 779},0, {1008, 2032},{0xFF, 0xFF, 0xFF, 0xFF}}},
	{{{738, 168, 788},0, {2032, 2032},{0xFF, 0xFF, 0xFF, 0xFF}}},
	{{{425, 173, 874},0, {2032, 1008},{0xFF, 0xFF, 0xFF, 0xFF}}},
	{{{726, -9, 779},0, {1008, 2032},{0xFF, 0xFF, 0xFF, 0xFF}}},
	{{{425, 173, 874},0, {2032, 1008},{0xFF, 0xFF, 0xFF, 0xFF}}},
	{{{422, -9, 862},0, {1008, 1008},{0xFF, 0xFF, 0xFF, 0xFF}}},
	{{{0, 210, 886},0, {2032, -16},{0xFF, 0xFF, 0xFF, 0xFF}}},
	{{{0, 10, 874},0, {1008, -16},{0xFF, 0xFF, 0xFF, 0xFF}}},
	{{{415, -140, 779},0, {-16, 1008},{0xFF, 0xFF, 0xFF, 0xFF}}},
	{{{0, -139, 788},0, {-16, -16},{0xFF, 0xFF, 0xFF, 0xFF}}},
	{{{665, -115, 738},0, {-16, 2032},{0xFF, 0xFF, 0xFF, 0xFF}}},
	{{{665, -115, -738},0, {-16, 2032},{0xFF, 0xFF, 0xFF, 0xFF}}},
	{{{726, -9, -779},0, {1008, 2032},{0xFF, 0xFF, 0xFF, 0xFF}}},
	{{{866, -14, -587},0, {1008, 1008},{0xFF, 0xFF, 0xFF, 0xFF}}},
	{{{741, -143, -574},0, {-16, 1008},{0xFF, 0xFF, 0xFF, 0xFF}}},
	{{{1002, -29, -384},0, {1008, -16},{0xFF, 0xFF, 0xFF, 0xFF}}},
	{{{889, -167, -295},0, {-16, -16},{0xFF, 0xFF, 0xFF, 0xFF}}},
	{{{738, 168, -788},0, {2032, 2032},{0xFF, 0xFF, 0xFF, 0xFF}}},
	{{{883, 164, -591},0, {2032, 1008},{0xFF, 0xFF, 0xFF, 0xFF}}},
	{{{866, -14, -587},0, {1008, 1008},{0xFF, 0xFF, 0xFF, 0xFF}}},
	{{{883, 164, -591},0, {2032, 1008},{0xFF, 0xFF, 0xFF, 0xFF}}},
	{{{1005, 140, -394},0, {2032, -16},{0xFF, 0xFF, 0xFF, 0xFF}}},
	{{{1002, -29, -384},0, {1008, -16},{0xFF, 0xFF, 0xFF, 0xFF}}},
	{{{0, 10, 874},0, {1008, 2032},{0xFF, 0xFF, 0xFF, 0xFF}}},
	{{{0, 210, 886},0, {2032, 2032},{0xFF, 0xFF, 0xFF, 0xFF}}},
	{{{-441, 296, 886},0, {2032, 1008},{0xFF, 0xFF, 0xFF, 0xFF}}},
	{{{-441, 54, 874},0, {1008, 1008},{0xFF, 0xFF, 0xFF, 0xFF}}},
	{{{-871, 381, 886},0, {2032, -16},{0xFF, 0xFF, 0xFF, 0xFF}}},
	{{{-871, 98, 874},0, {1008, -16},{0xFF, 0xFF, 0xFF, 0xFF}}},
	{{{-441, -125, 788},0, {-16, 1008},{0xFF, 0xFF, 0xFF, 0xFF}}},
	{{{-871, -110, 788},0, {-16, -16},{0xFF, 0xFF, 0xFF, 0xFF}}},
	{{{0, -139, 788},0, {-16, 2032},{0xFF, 0xFF, 0xFF, 0xFF}}},
	{{{889, -167, 295},0, {-16, 2032},{0xFF, 0xFF, 0xFF, 0xFF}}},
	{{{1002, -29, 384},0, {1008, 2032},{0xFF, 0xFF, 0xFF, 0xFF}}},
	{{{866, -14, 587},0, {1008, 1008},{0xFF, 0xFF, 0xFF, 0xFF}}},
	{{{889, -167, 295},0, {-16, 2032},{0xFF, 0xFF, 0xFF, 0xFF}}},
	{{{866, -14, 587},0, {1008, 1008},{0xFF, 0xFF, 0xFF, 0xFF}}},
	{{{741, -143, 574},0, {-16, 1008},{0xFF, 0xFF, 0xFF, 0xFF}}},
	{{{726, -9, 779},0, {1008, -16},{0xFF, 0xFF, 0xFF, 0xFF}}},
	{{{665, -115, 738},0, {-16, -16},{0xFF, 0xFF, 0xFF, 0xFF}}},
	{{{1002, -29, 384},0, {1008, 2032},{0xFF, 0xFF, 0xFF, 0xFF}}},
	{{{1005, 140, 394},0, {2032, 2032},{0xFF, 0xFF, 0xFF, 0xFF}}},
	{{{883, 164, 591},0, {2032, 1008},{0xFF, 0xFF, 0xFF, 0xFF}}},
	{{{738, 168, 788},0, {2032, -16},{0xFF, 0xFF, 0xFF, 0xFF}}},
	{{{0, 10, -874},0, {1008, 2032},{0xFF, 0xFF, 0xFF, 0xFF}}},
	{{{0, 210, -886},0, {2032, 2032},{0xFF, 0xFF, 0xFF, 0xFF}}},
	{{{425, 173, -874},0, {2032, 1008},{0xFF, 0xFF, 0xFF, 0xFF}}},
	{{{422, -9, -862},0, {1008, 1008},{0xFF, 0xFF, 0xFF, 0xFF}}},
	{{{738, 168, -788},0, {2032, -16},{0xFF, 0xFF, 0xFF, 0xFF}}},
	{{{726, -9, -779},0, {1008, -16},{0xFF, 0xFF, 0xFF, 0xFF}}},
	{{{415, -140, -779},0, {-16, 1008},{0xFF, 0xFF, 0xFF, 0xFF}}},
	{{{415, -140, -779},0, {-16, 1008},{0xFF, 0xFF, 0xFF, 0xFF}}},
	{{{726, -9, -779},0, {1008, -16},{0xFF, 0xFF, 0xFF, 0xFF}}},
	{{{665, -115, -738},0, {-16, -16},{0xFF, 0xFF, 0xFF, 0xFF}}},
	{{{0, -139, -788},0, {-16, 2032},{0xFF, 0xFF, 0xFF, 0xFF}}},
	{{{422, -9, -862},0, {1008, 1008},{0xFF, 0xFF, 0xFF, 0xFF}}},
	{{{0, 10, -874},0, {1008, 2032},{0xFF, 0xFF, 0xFF, 0xFF}}},
	{{{-2348, 903, 262},0, {1008, 2032},{0xFF, 0xFF, 0xFF, 0xFF}}},
	{{{-2348, 1255, 273},0, {2032, 2032},{0xFF, 0xFF, 0xFF, 0xFF}}},
	{{{-2375, 1255, 0},0, {2032, 1008},{0xFF, 0xFF, 0xFF, 0xFF}}},
	{{{-2375, 894, 0},0, {1008, 1008},{0xFF, 0xFF, 0xFF, 0xFF}}},
	{{{-2348, 1255, -273},0, {2032, -16},{0xFF, 0xFF, 0xFF, 0xFF}}},
	{{{-2348, 903, -262},0, {1008, -16},{0xFF, 0xFF, 0xFF, 0xFF}}},
	{{{-2348, 579, 0},0, {-16, 1008},{0xFF, 0xFF, 0xFF, 0xFF}}},
	{{{-2335, 650, -193},0, {-16, -16},{0xFF, 0xFF, 0xFF, 0xFF}}},
	{{{-2335, 650, 193},0, {-16, 2032},{0xFF, 0xFF, 0xFF, 0xFF}}},
	{{{-1781, 868, -375},0, {1008, 2032},{0xFF, 0xFF, 0xFF, 0xFF}}},
	{{{-1765, 511, -295},0, {2032, 2032},{0xFF, 0xFF, 0xFF, 0xFF}}},
	{{{-2039, 631, -207},0, {2032, 1008},{0xFF, 0xFF, 0xFF, 0xFF}}},
	{{{-2039, 900, -293},0, {1008, 1008},{0xFF, 0xFF, 0xFF, 0xFF}}},
	{{{-2335, 650, -193},0, {2032, -16},{0xFF, 0xFF, 0xFF, 0xFF}}},
	{{{-2348, 903, -262},0, {1008, -16},{0xFF, 0xFF, 0xFF, 0xFF}}},
	{{{-2028, 1255, -295},0, {-16, 1008},{0xFF, 0xFF, 0xFF, 0xFF}}},
	{{{-2348, 1255, -273},0, {-16, -16},{0xFF, 0xFF, 0xFF, 0xFF}}},
	{{{-1681, 1255, -295},0, {-16, 2032},{0xFF, 0xFF, 0xFF, 0xFF}}},
	{{{-1765, 511, -295},0, {-16, 2032},{0xFF, 0xFF, 0xFF, 0xFF}}},
	{{{-1790, 425, 0},0, {1008, 2032},{0xFF, 0xFF, 0xFF, 0xFF}}},
	{{{-2041, 538, 0},0, {1008, 1008},{0xFF, 0xFF, 0xFF, 0xFF}}},
	{{{-2039, 631, -207},0, {-16, 1008},{0xFF, 0xFF, 0xFF, 0xFF}}},
	{{{-2348, 579, 0},0, {1008, -16},{0xFF, 0xFF, 0xFF, 0xFF}}},
	{{{-2335, 650, -193},0, {-16, -16},{0xFF, 0xFF, 0xFF, 0xFF}}},
	{{{-1790, 425, 0},0, {1008, 2032},{0xFF, 0xFF, 0xFF, 0xFF}}},
	{{{-1765, 511, 295},0, {2032, 2032},{0xFF, 0xFF, 0xFF, 0xFF}}},
	{{{-2039, 631, 207},0, {2032, 1008},{0xFF, 0xFF, 0xFF, 0xFF}}},
	{{{-2041, 538, 0},0, {1008, 1008},{0xFF, 0xFF, 0xFF, 0xFF}}},
	{{{-2335, 650, 193},0, {2032, -16},{0xFF, 0xFF, 0xFF, 0xFF}}},
	{{{-2348, 579, 0},0, {1008, -16},{0xFF, 0xFF, 0xFF, 0xFF}}},
};

Gfx wf_dl_Cube_012_mesh_layer_1_tri_0[] = {
	gsSPVertex(wf_dl_Cube_012_mesh_layer_1_vtx_0 + 0, 16, 0),
	gsSP1Triangle(0, 1, 2, 0),
	gsSP1Triangle(0, 2, 3, 0),
	gsSP1Triangle(3, 2, 4, 0),
	gsSP1Triangle(3, 4, 5, 0),
	gsSP1Triangle(6, 3, 5, 0),
	gsSP1Triangle(6, 5, 7, 0),
	gsSP1Triangle(8, 3, 6, 0),
	gsSP1Triangle(8, 0, 3, 0),
	gsSP1Triangle(9, 10, 11, 0),
	gsSP1Triangle(9, 11, 12, 0),
	gsSP1Triangle(12, 11, 13, 0),
	gsSP1Triangle(12, 13, 14, 0),
	gsSP1Triangle(15, 12, 14, 0),
	gsSPVertex(wf_dl_Cube_012_mesh_layer_1_vtx_0 + 16, 15, 0),
	gsSP1Triangle(0, 1, 2, 0),
	gsSP1Triangle(3, 4, 0, 0),
	gsSP1Triangle(3, 5, 4, 0),
	gsSP1Triangle(6, 7, 8, 0),
	gsSP1Triangle(6, 8, 9, 0),
	gsSP1Triangle(9, 8, 10, 0),
	gsSP1Triangle(9, 10, 11, 0),
	gsSP1Triangle(12, 9, 11, 0),
	gsSP1Triangle(12, 11, 13, 0),
	gsSP1Triangle(14, 9, 12, 0),
	gsSP1Triangle(14, 6, 9, 0),
	gsSPVertex(wf_dl_Cube_012_mesh_layer_1_vtx_0 + 31, 16, 0),
	gsSP1Triangle(0, 1, 2, 0),
	gsSP1Triangle(0, 2, 3, 0),
	gsSP1Triangle(3, 2, 4, 0),
	gsSP1Triangle(3, 4, 5, 0),
	gsSP1Triangle(6, 3, 5, 0),
	gsSP1Triangle(6, 5, 7, 0),
	gsSP1Triangle(8, 3, 6, 0),
	gsSP1Triangle(8, 0, 3, 0),
	gsSP1Triangle(9, 10, 11, 0),
	gsSP1Triangle(9, 11, 12, 0),
	gsSP1Triangle(12, 11, 13, 0),
	gsSP1Triangle(12, 13, 14, 0),
	gsSP1Triangle(15, 12, 14, 0),
	gsSPVertex(wf_dl_Cube_012_mesh_layer_1_vtx_0 + 47, 15, 0),
	gsSP1Triangle(0, 1, 2, 0),
	gsSP1Triangle(3, 4, 0, 0),
	gsSP1Triangle(3, 5, 4, 0),
	gsSP1Triangle(6, 7, 8, 0),
	gsSP1Triangle(6, 8, 9, 0),
	gsSP1Triangle(9, 8, 10, 0),
	gsSP1Triangle(9, 10, 11, 0),
	gsSP1Triangle(12, 9, 11, 0),
	gsSP1Triangle(12, 11, 13, 0),
	gsSP1Triangle(14, 9, 12, 0),
	gsSP1Triangle(14, 6, 9, 0),
	gsSPVertex(wf_dl_Cube_012_mesh_layer_1_vtx_0 + 62, 16, 0),
	gsSP1Triangle(0, 1, 2, 0),
	gsSP1Triangle(0, 2, 3, 0),
	gsSP1Triangle(3, 2, 4, 0),
	gsSP1Triangle(3, 4, 5, 0),
	gsSP1Triangle(6, 3, 5, 0),
	gsSP1Triangle(6, 5, 7, 0),
	gsSP1Triangle(8, 3, 6, 0),
	gsSP1Triangle(8, 0, 3, 0),
	gsSP1Triangle(9, 10, 11, 0),
	gsSP1Triangle(9, 11, 12, 0),
	gsSP1Triangle(12, 11, 13, 0),
	gsSP1Triangle(12, 13, 14, 0),
	gsSP1Triangle(15, 12, 14, 0),
	gsSPVertex(wf_dl_Cube_012_mesh_layer_1_vtx_0 + 78, 15, 0),
	gsSP1Triangle(0, 1, 2, 0),
	gsSP1Triangle(3, 4, 0, 0),
	gsSP1Triangle(3, 5, 4, 0),
	gsSP1Triangle(6, 7, 8, 0),
	gsSP1Triangle(6, 8, 9, 0),
	gsSP1Triangle(9, 8, 10, 0),
	gsSP1Triangle(9, 10, 11, 0),
	gsSP1Triangle(12, 9, 11, 0),
	gsSP1Triangle(12, 11, 13, 0),
	gsSP1Triangle(14, 9, 12, 0),
	gsSP1Triangle(14, 6, 9, 0),
	gsSPVertex(wf_dl_Cube_012_mesh_layer_1_vtx_0 + 93, 16, 0),
	gsSP1Triangle(0, 1, 2, 0),
	gsSP1Triangle(0, 2, 3, 0),
	gsSP1Triangle(3, 2, 4, 0),
	gsSP1Triangle(3, 4, 5, 0),
	gsSP1Triangle(6, 3, 5, 0),
	gsSP1Triangle(6, 5, 7, 0),
	gsSP1Triangle(8, 3, 6, 0),
	gsSP1Triangle(8, 0, 3, 0),
	gsSP1Triangle(9, 10, 11, 0),
	gsSP1Triangle(9, 11, 12, 0),
	gsSP1Triangle(12, 11, 13, 0),
	gsSP1Triangle(12, 13, 14, 0),
	gsSP1Triangle(15, 12, 14, 0),
	gsSPVertex(wf_dl_Cube_012_mesh_layer_1_vtx_0 + 109, 15, 0),
	gsSP1Triangle(0, 1, 2, 0),
	gsSP1Triangle(3, 4, 0, 0),
	gsSP1Triangle(3, 5, 4, 0),
	gsSP1Triangle(6, 7, 8, 0),
	gsSP1Triangle(6, 8, 9, 0),
	gsSP1Triangle(9, 8, 10, 0),
	gsSP1Triangle(9, 10, 11, 0),
	gsSP1Triangle(12, 9, 11, 0),
	gsSP1Triangle(12, 11, 13, 0),
	gsSP1Triangle(14, 9, 12, 0),
	gsSP1Triangle(14, 6, 9, 0),
	gsSPVertex(wf_dl_Cube_012_mesh_layer_1_vtx_0 + 124, 16, 0),
	gsSP1Triangle(0, 1, 2, 0),
	gsSP1Triangle(0, 2, 3, 0),
	gsSP1Triangle(3, 2, 4, 0),
	gsSP1Triangle(3, 4, 5, 0),
	gsSP1Triangle(6, 3, 5, 0),
	gsSP1Triangle(6, 5, 7, 0),
	gsSP1Triangle(8, 3, 6, 0),
	gsSP1Triangle(8, 0, 3, 0),
	gsSP1Triangle(9, 10, 11, 0),
	gsSP1Triangle(9, 11, 12, 0),
	gsSP1Triangle(12, 11, 13, 0),
	gsSP1Triangle(12, 13, 14, 0),
	gsSP1Triangle(15, 12, 14, 0),
	gsSPVertex(wf_dl_Cube_012_mesh_layer_1_vtx_0 + 140, 15, 0),
	gsSP1Triangle(0, 1, 2, 0),
	gsSP1Triangle(3, 4, 0, 0),
	gsSP1Triangle(3, 5, 4, 0),
	gsSP1Triangle(6, 7, 8, 0),
	gsSP1Triangle(6, 8, 9, 0),
	gsSP1Triangle(9, 8, 10, 0),
	gsSP1Triangle(9, 10, 11, 0),
	gsSP1Triangle(12, 9, 11, 0),
	gsSP1Triangle(12, 11, 13, 0),
	gsSP1Triangle(14, 9, 12, 0),
	gsSP1Triangle(14, 6, 9, 0),
	gsSPVertex(wf_dl_Cube_012_mesh_layer_1_vtx_0 + 155, 16, 0),
	gsSP1Triangle(0, 1, 2, 0),
	gsSP1Triangle(0, 2, 3, 0),
	gsSP1Triangle(3, 2, 4, 0),
	gsSP1Triangle(3, 4, 5, 0),
	gsSP1Triangle(6, 3, 5, 0),
	gsSP1Triangle(6, 5, 7, 0),
	gsSP1Triangle(8, 3, 6, 0),
	gsSP1Triangle(8, 0, 3, 0),
	gsSP1Triangle(9, 10, 11, 0),
	gsSP1Triangle(9, 11, 12, 0),
	gsSP1Triangle(12, 11, 13, 0),
	gsSP1Triangle(12, 13, 14, 0),
	gsSP1Triangle(15, 12, 14, 0),
	gsSPVertex(wf_dl_Cube_012_mesh_layer_1_vtx_0 + 171, 15, 0),
	gsSP1Triangle(0, 1, 2, 0),
	gsSP1Triangle(3, 4, 0, 0),
	gsSP1Triangle(3, 5, 4, 0),
	gsSP1Triangle(6, 7, 8, 0),
	gsSP1Triangle(6, 8, 9, 0),
	gsSP1Triangle(9, 8, 10, 0),
	gsSP1Triangle(9, 10, 11, 0),
	gsSP1Triangle(12, 9, 11, 0),
	gsSP1Triangle(12, 11, 13, 0),
	gsSP1Triangle(14, 9, 12, 0),
	gsSP1Triangle(14, 6, 9, 0),
	gsSPVertex(wf_dl_Cube_012_mesh_layer_1_vtx_0 + 186, 16, 0),
	gsSP1Triangle(0, 1, 2, 0),
	gsSP1Triangle(0, 2, 3, 0),
	gsSP1Triangle(3, 2, 4, 0),
	gsSP1Triangle(3, 4, 5, 0),
	gsSP1Triangle(6, 3, 5, 0),
	gsSP1Triangle(6, 5, 7, 0),
	gsSP1Triangle(8, 3, 6, 0),
	gsSP1Triangle(8, 0, 3, 0),
	gsSP1Triangle(9, 10, 11, 0),
	gsSP1Triangle(9, 11, 12, 0),
	gsSP1Triangle(12, 11, 13, 0),
	gsSP1Triangle(12, 13, 14, 0),
	gsSP1Triangle(8, 9, 12, 0),
	gsSP1Triangle(8, 12, 15, 0),
	gsSP1Triangle(15, 12, 14, 0),
	gsSPVertex(wf_dl_Cube_012_mesh_layer_1_vtx_0 + 202, 16, 0),
	gsSP1Triangle(0, 1, 2, 0),
	gsSP1Triangle(3, 4, 5, 0),
	gsSP1Triangle(3, 5, 6, 0),
	gsSP1Triangle(6, 5, 7, 0),
	gsSP1Triangle(6, 7, 8, 0),
	gsSP1Triangle(9, 6, 8, 0),
	gsSP1Triangle(9, 8, 10, 0),
	gsSP1Triangle(11, 6, 9, 0),
	gsSP1Triangle(11, 3, 6, 0),
	gsSP1Triangle(12, 13, 14, 0),
	gsSP1Triangle(12, 14, 15, 0),
	gsSPVertex(wf_dl_Cube_012_mesh_layer_1_vtx_0 + 218, 16, 0),
	gsSP1Triangle(0, 1, 2, 0),
	gsSP1Triangle(0, 2, 3, 0),
	gsSP1Triangle(4, 0, 3, 0),
	gsSP1Triangle(4, 3, 5, 0),
	gsSP1Triangle(6, 0, 4, 0),
	gsSP1Triangle(6, 7, 0, 0),
	gsSP1Triangle(8, 9, 10, 0),
	gsSP1Triangle(8, 10, 11, 0),
	gsSP1Triangle(11, 10, 12, 0),
	gsSP1Triangle(11, 12, 13, 0),
	gsSP1Triangle(14, 11, 13, 0),
	gsSP1Triangle(14, 13, 15, 0),
	gsSPVertex(wf_dl_Cube_012_mesh_layer_1_vtx_0 + 234, 16, 0),
	gsSP1Triangle(0, 1, 2, 0),
	gsSP1Triangle(0, 3, 1, 0),
	gsSP1Triangle(4, 5, 6, 0),
	gsSP1Triangle(4, 6, 7, 0),
	gsSP1Triangle(7, 6, 8, 0),
	gsSP1Triangle(7, 8, 9, 0),
	gsSP1Triangle(5, 10, 11, 0),
	gsSP1Triangle(5, 11, 6, 0),
	gsSP1Triangle(6, 11, 12, 0),
	gsSP1Triangle(6, 12, 8, 0),
	gsSP1Triangle(13, 14, 15, 0),
	gsSPVertex(wf_dl_Cube_012_mesh_layer_1_vtx_0 + 250, 16, 0),
	gsSP1Triangle(0, 1, 2, 0),
	gsSP1Triangle(2, 1, 3, 0),
	gsSP1Triangle(2, 3, 4, 0),
	gsSP1Triangle(5, 2, 4, 0),
	gsSP1Triangle(5, 4, 6, 0),
	gsSP1Triangle(7, 2, 5, 0),
	gsSP1Triangle(7, 0, 2, 0),
	gsSP1Triangle(8, 9, 10, 0),
	gsSP1Triangle(8, 10, 11, 0),
	gsSP1Triangle(11, 10, 12, 0),
	gsSP1Triangle(11, 12, 13, 0),
	gsSP1Triangle(14, 11, 13, 0),
	gsSP1Triangle(14, 13, 15, 0),
	gsSPVertex(wf_dl_Cube_012_mesh_layer_1_vtx_0 + 266, 16, 0),
	gsSP1Triangle(0, 1, 2, 0),
	gsSP1Triangle(0, 3, 1, 0),
	gsSP1Triangle(4, 5, 6, 0),
	gsSP1Triangle(4, 6, 7, 0),
	gsSP1Triangle(7, 6, 8, 0),
	gsSP1Triangle(7, 8, 9, 0),
	gsSP1Triangle(10, 4, 7, 0),
	gsSP1Triangle(10, 7, 11, 0),
	gsSP1Triangle(11, 7, 9, 0),
	gsSP1Triangle(11, 9, 12, 0),
	gsSP1Triangle(13, 14, 15, 0),
	gsSPVertex(wf_dl_Cube_012_mesh_layer_1_vtx_0 + 282, 16, 0),
	gsSP1Triangle(0, 1, 2, 0),
	gsSP1Triangle(2, 1, 3, 0),
	gsSP1Triangle(2, 3, 4, 0),
	gsSP1Triangle(5, 2, 4, 0),
	gsSP1Triangle(5, 4, 6, 0),
	gsSP1Triangle(7, 2, 5, 0),
	gsSP1Triangle(7, 0, 2, 0),
	gsSP1Triangle(8, 9, 10, 0),
	gsSP1Triangle(8, 10, 11, 0),
	gsSP1Triangle(11, 10, 12, 0),
	gsSP1Triangle(11, 12, 13, 0),
	gsSP1Triangle(9, 14, 15, 0),
	gsSP1Triangle(9, 15, 10, 0),
	gsSPVertex(wf_dl_Cube_012_mesh_layer_1_vtx_0 + 298, 16, 0),
	gsSP1Triangle(0, 1, 2, 0),
	gsSP1Triangle(0, 2, 3, 0),
	gsSP1Triangle(4, 5, 6, 0),
	gsSP1Triangle(4, 6, 7, 0),
	gsSP1Triangle(7, 6, 8, 0),
	gsSP1Triangle(7, 8, 9, 0),
	gsSP1Triangle(10, 7, 9, 0),
	gsSP1Triangle(10, 9, 11, 0),
	gsSP1Triangle(12, 7, 10, 0),
	gsSP1Triangle(12, 4, 7, 0),
	gsSP1Triangle(13, 14, 15, 0),
	gsSPVertex(wf_dl_Cube_012_mesh_layer_1_vtx_0 + 314, 16, 0),
	gsSP1Triangle(0, 1, 2, 0),
	gsSP1Triangle(2, 1, 3, 0),
	gsSP1Triangle(2, 3, 4, 0),
	gsSP1Triangle(5, 2, 4, 0),
	gsSP1Triangle(5, 4, 6, 0),
	gsSP1Triangle(7, 2, 5, 0),
	gsSP1Triangle(7, 0, 2, 0),
	gsSP1Triangle(8, 9, 10, 0),
	gsSP1Triangle(8, 10, 11, 0),
	gsSP1Triangle(11, 10, 12, 0),
	gsSP1Triangle(10, 13, 12, 0),
	gsSP1Triangle(10, 14, 13, 0),
	gsSP1Triangle(11, 12, 15, 0),
	gsSPVertex(wf_dl_Cube_012_mesh_layer_1_vtx_0 + 330, 16, 0),
	gsSP1Triangle(0, 1, 2, 0),
	gsSP1Triangle(0, 2, 3, 0),
	gsSP1Triangle(4, 5, 6, 0),
	gsSP1Triangle(4, 6, 7, 0),
	gsSP1Triangle(7, 6, 8, 0),
	gsSP1Triangle(7, 8, 9, 0),
	gsSP1Triangle(10, 7, 9, 0),
	gsSP1Triangle(10, 9, 11, 0),
	gsSP1Triangle(12, 7, 10, 0),
	gsSP1Triangle(12, 4, 7, 0),
	gsSP1Triangle(13, 14, 15, 0),
	gsSPVertex(wf_dl_Cube_012_mesh_layer_1_vtx_0 + 346, 16, 0),
	gsSP1Triangle(0, 1, 2, 0),
	gsSP1Triangle(2, 1, 3, 0),
	gsSP1Triangle(2, 3, 4, 0),
	gsSP1Triangle(5, 2, 4, 0),
	gsSP1Triangle(5, 4, 6, 0),
	gsSP1Triangle(7, 2, 5, 0),
	gsSP1Triangle(7, 0, 2, 0),
	gsSP1Triangle(8, 9, 10, 0),
	gsSP1Triangle(8, 10, 11, 0),
	gsSP1Triangle(11, 10, 12, 0),
	gsSP1Triangle(11, 12, 13, 0),
	gsSP1Triangle(14, 11, 13, 0),
	gsSP1Triangle(14, 13, 15, 0),
	gsSPVertex(wf_dl_Cube_012_mesh_layer_1_vtx_0 + 362, 16, 0),
	gsSP1Triangle(0, 1, 2, 0),
	gsSP1Triangle(0, 3, 1, 0),
	gsSP1Triangle(4, 5, 6, 0),
	gsSP1Triangle(4, 6, 7, 0),
	gsSP1Triangle(7, 6, 8, 0),
	gsSP1Triangle(7, 8, 9, 0),
	gsSP1Triangle(10, 7, 9, 0),
	gsSP1Triangle(10, 9, 11, 0),
	gsSP1Triangle(12, 7, 10, 0),
	gsSP1Triangle(12, 4, 7, 0),
	gsSP1Triangle(13, 14, 15, 0),
	gsSPVertex(wf_dl_Cube_012_mesh_layer_1_vtx_0 + 378, 16, 0),
	gsSP1Triangle(0, 1, 2, 0),
	gsSP1Triangle(2, 1, 3, 0),
	gsSP1Triangle(2, 3, 4, 0),
	gsSP1Triangle(5, 2, 4, 0),
	gsSP1Triangle(5, 4, 6, 0),
	gsSP1Triangle(7, 2, 5, 0),
	gsSP1Triangle(7, 0, 2, 0),
	gsSP1Triangle(8, 9, 10, 0),
	gsSP1Triangle(8, 10, 11, 0),
	gsSP1Triangle(11, 10, 12, 0),
	gsSP1Triangle(11, 12, 13, 0),
	gsSP1Triangle(14, 11, 13, 0),
	gsSP1Triangle(14, 13, 15, 0),
	gsSPVertex(wf_dl_Cube_012_mesh_layer_1_vtx_0 + 394, 16, 0),
	gsSP1Triangle(0, 1, 2, 0),
	gsSP1Triangle(0, 3, 1, 0),
	gsSP1Triangle(4, 5, 6, 0),
	gsSP1Triangle(4, 6, 7, 0),
	gsSP1Triangle(7, 6, 8, 0),
	gsSP1Triangle(7, 8, 9, 0),
	gsSP1Triangle(10, 7, 9, 0),
	gsSP1Triangle(10, 9, 11, 0),
	gsSP1Triangle(12, 7, 10, 0),
	gsSP1Triangle(12, 4, 7, 0),
	gsSP1Triangle(13, 14, 15, 0),
	gsSPVertex(wf_dl_Cube_012_mesh_layer_1_vtx_0 + 410, 16, 0),
	gsSP1Triangle(0, 1, 2, 0),
	gsSP1Triangle(2, 1, 3, 0),
	gsSP1Triangle(2, 3, 4, 0),
	gsSP1Triangle(5, 2, 4, 0),
	gsSP1Triangle(5, 4, 6, 0),
	gsSP1Triangle(7, 2, 5, 0),
	gsSP1Triangle(7, 0, 2, 0),
	gsSP1Triangle(8, 9, 10, 0),
	gsSP1Triangle(8, 10, 11, 0),
	gsSP1Triangle(11, 10, 12, 0),
	gsSP1Triangle(11, 12, 13, 0),
	gsSP1Triangle(14, 11, 13, 0),
	gsSP1Triangle(14, 13, 15, 0),
	gsSPVertex(wf_dl_Cube_012_mesh_layer_1_vtx_0 + 426, 16, 0),
	gsSP1Triangle(0, 1, 2, 0),
	gsSP1Triangle(0, 3, 1, 0),
	gsSP1Triangle(4, 5, 6, 0),
	gsSP1Triangle(4, 6, 7, 0),
	gsSP1Triangle(7, 6, 8, 0),
	gsSP1Triangle(7, 8, 9, 0),
	gsSP1Triangle(10, 7, 9, 0),
	gsSP1Triangle(10, 9, 11, 0),
	gsSP1Triangle(12, 7, 10, 0),
	gsSP1Triangle(12, 4, 7, 0),
	gsSP1Triangle(13, 14, 15, 0),
	gsSPVertex(wf_dl_Cube_012_mesh_layer_1_vtx_0 + 442, 16, 0),
	gsSP1Triangle(0, 1, 2, 0),
	gsSP1Triangle(2, 1, 3, 0),
	gsSP1Triangle(2, 3, 4, 0),
	gsSP1Triangle(5, 2, 4, 0),
	gsSP1Triangle(5, 4, 6, 0),
	gsSP1Triangle(7, 2, 5, 0),
	gsSP1Triangle(7, 0, 2, 0),
	gsSP1Triangle(8, 9, 10, 0),
	gsSP1Triangle(8, 10, 11, 0),
	gsSP1Triangle(11, 10, 12, 0),
	gsSP1Triangle(11, 12, 13, 0),
	gsSP1Triangle(14, 11, 13, 0),
	gsSP1Triangle(14, 13, 15, 0),
	gsSPVertex(wf_dl_Cube_012_mesh_layer_1_vtx_0 + 458, 16, 0),
	gsSP1Triangle(0, 1, 2, 0),
	gsSP1Triangle(0, 3, 1, 0),
	gsSP1Triangle(4, 5, 6, 0),
	gsSP1Triangle(4, 6, 7, 0),
	gsSP1Triangle(7, 6, 8, 0),
	gsSP1Triangle(7, 8, 9, 0),
	gsSP1Triangle(5, 10, 11, 0),
	gsSP1Triangle(5, 11, 6, 0),
	gsSP1Triangle(6, 11, 12, 0),
	gsSP1Triangle(6, 12, 8, 0),
	gsSP1Triangle(13, 14, 15, 0),
	gsSPVertex(wf_dl_Cube_012_mesh_layer_1_vtx_0 + 474, 16, 0),
	gsSP1Triangle(0, 1, 2, 0),
	gsSP1Triangle(2, 1, 3, 0),
	gsSP1Triangle(2, 3, 4, 0),
	gsSP1Triangle(5, 0, 2, 0),
	gsSP1Triangle(5, 2, 6, 0),
	gsSP1Triangle(6, 2, 4, 0),
	gsSP1Triangle(6, 4, 7, 0),
	gsSP1Triangle(8, 9, 10, 0),
	gsSP1Triangle(8, 10, 11, 0),
	gsSP1Triangle(9, 12, 13, 0),
	gsSP1Triangle(9, 13, 10, 0),
	gsSP1Triangle(10, 13, 14, 0),
	gsSP1Triangle(10, 14, 15, 0),
	gsSP1Triangle(11, 10, 15, 0),
	gsSPVertex(wf_dl_Cube_012_mesh_layer_1_vtx_0 + 490, 16, 0),
	gsSP1Triangle(0, 1, 2, 0),
	gsSP1Triangle(3, 4, 5, 0),
	gsSP1Triangle(3, 5, 6, 0),
	gsSP1Triangle(6, 5, 7, 0),
	gsSP1Triangle(6, 7, 8, 0),
	gsSP1Triangle(9, 6, 8, 0),
	gsSP1Triangle(9, 8, 10, 0),
	gsSP1Triangle(11, 6, 9, 0),
	gsSP1Triangle(11, 3, 6, 0),
	gsSP1Triangle(12, 13, 14, 0),
	gsSP1Triangle(12, 14, 15, 0),
	gsSPVertex(wf_dl_Cube_012_mesh_layer_1_vtx_0 + 506, 16, 0),
	gsSP1Triangle(0, 1, 2, 0),
	gsSP1Triangle(0, 2, 3, 0),
	gsSP1Triangle(4, 5, 0, 0),
	gsSP1Triangle(4, 0, 6, 0),
	gsSP1Triangle(6, 0, 3, 0),
	gsSP1Triangle(6, 3, 7, 0),
	gsSP1Triangle(8, 9, 10, 0),
	gsSP1Triangle(8, 10, 11, 0),
	gsSP1Triangle(11, 10, 12, 0),
	gsSP1Triangle(11, 12, 13, 0),
	gsSP1Triangle(9, 14, 15, 0),
	gsSP1Triangle(9, 15, 10, 0),
	gsSPVertex(wf_dl_Cube_012_mesh_layer_1_vtx_0 + 522, 16, 0),
	gsSP1Triangle(0, 1, 2, 0),
	gsSP1Triangle(0, 2, 3, 0),
	gsSP1Triangle(4, 5, 6, 0),
	gsSP1Triangle(4, 6, 7, 0),
	gsSP1Triangle(7, 6, 8, 0),
	gsSP1Triangle(7, 8, 9, 0),
	gsSP1Triangle(10, 7, 9, 0),
	gsSP1Triangle(10, 9, 11, 0),
	gsSP1Triangle(12, 7, 10, 0),
	gsSP1Triangle(12, 4, 7, 0),
	gsSP1Triangle(13, 14, 15, 0),
	gsSPVertex(wf_dl_Cube_012_mesh_layer_1_vtx_0 + 538, 16, 0),
	gsSP1Triangle(0, 1, 2, 0),
	gsSP1Triangle(2, 1, 3, 0),
	gsSP1Triangle(2, 3, 4, 0),
	gsSP1Triangle(5, 2, 4, 0),
	gsSP1Triangle(5, 4, 6, 0),
	gsSP1Triangle(7, 2, 5, 0),
	gsSP1Triangle(7, 0, 2, 0),
	gsSP1Triangle(8, 9, 10, 0),
	gsSP1Triangle(8, 10, 11, 0),
	gsSP1Triangle(11, 10, 12, 0),
	gsSP1Triangle(11, 12, 13, 0),
	gsSP1Triangle(14, 11, 13, 0),
	gsSP1Triangle(14, 13, 15, 0),
	gsSPVertex(wf_dl_Cube_012_mesh_layer_1_vtx_0 + 554, 16, 0),
	gsSP1Triangle(0, 1, 2, 0),
	gsSP1Triangle(0, 3, 1, 0),
	gsSP1Triangle(4, 5, 6, 0),
	gsSP1Triangle(4, 6, 7, 0),
	gsSP1Triangle(7, 6, 8, 0),
	gsSP1Triangle(7, 8, 9, 0),
	gsSP1Triangle(10, 7, 9, 0),
	gsSP1Triangle(10, 9, 11, 0),
	gsSP1Triangle(12, 7, 10, 0),
	gsSP1Triangle(12, 4, 7, 0),
	gsSP1Triangle(13, 14, 15, 0),
	gsSPVertex(wf_dl_Cube_012_mesh_layer_1_vtx_0 + 570, 16, 0),
	gsSP1Triangle(0, 1, 2, 0),
	gsSP1Triangle(2, 1, 3, 0),
	gsSP1Triangle(2, 3, 4, 0),
	gsSP1Triangle(5, 2, 4, 0),
	gsSP1Triangle(5, 4, 6, 0),
	gsSP1Triangle(7, 2, 5, 0),
	gsSP1Triangle(7, 0, 2, 0),
	gsSP1Triangle(8, 9, 10, 0),
	gsSP1Triangle(8, 10, 11, 0),
	gsSP1Triangle(11, 10, 12, 0),
	gsSP1Triangle(11, 12, 13, 0),
	gsSP1Triangle(9, 14, 15, 0),
	gsSP1Triangle(9, 15, 10, 0),
	gsSPVertex(wf_dl_Cube_012_mesh_layer_1_vtx_0 + 586, 16, 0),
	gsSP1Triangle(0, 1, 2, 0),
	gsSP1Triangle(0, 2, 3, 0),
	gsSP1Triangle(4, 5, 6, 0),
	gsSP1Triangle(4, 6, 7, 0),
	gsSP1Triangle(7, 6, 8, 0),
	gsSP1Triangle(7, 8, 9, 0),
	gsSP1Triangle(10, 7, 9, 0),
	gsSP1Triangle(10, 9, 11, 0),
	gsSP1Triangle(12, 7, 10, 0),
	gsSP1Triangle(12, 4, 7, 0),
	gsSP1Triangle(13, 14, 15, 0),
	gsSPVertex(wf_dl_Cube_012_mesh_layer_1_vtx_0 + 602, 16, 0),
	gsSP1Triangle(0, 1, 2, 0),
	gsSP1Triangle(2, 1, 3, 0),
	gsSP1Triangle(2, 3, 4, 0),
	gsSP1Triangle(5, 6, 7, 0),
	gsSP1Triangle(5, 7, 1, 0),
	gsSP1Triangle(1, 7, 8, 0),
	gsSP1Triangle(1, 8, 3, 0),
	gsSP1Triangle(9, 10, 11, 0),
	gsSP1Triangle(9, 11, 12, 0),
	gsSP1Triangle(12, 11, 13, 0),
	gsSP1Triangle(12, 13, 14, 0),
	gsSP1Triangle(15, 12, 14, 0),
	gsSPVertex(wf_dl_Cube_012_mesh_layer_1_vtx_0 + 618, 15, 0),
	gsSP1Triangle(0, 1, 2, 0),
	gsSP1Triangle(3, 4, 0, 0),
	gsSP1Triangle(3, 5, 4, 0),
	gsSP1Triangle(6, 7, 8, 0),
	gsSP1Triangle(6, 8, 9, 0),
	gsSP1Triangle(9, 8, 10, 0),
	gsSP1Triangle(9, 10, 11, 0),
	gsSP1Triangle(12, 9, 11, 0),
	gsSP1Triangle(12, 11, 13, 0),
	gsSP1Triangle(14, 9, 12, 0),
	gsSP1Triangle(14, 6, 9, 0),
	gsSPVertex(wf_dl_Cube_012_mesh_layer_1_vtx_0 + 633, 15, 0),
	gsSP1Triangle(0, 1, 2, 0),
	gsSP1Triangle(0, 2, 3, 0),
	gsSP1Triangle(3, 2, 4, 0),
	gsSP1Triangle(3, 4, 5, 0),
	gsSP1Triangle(6, 3, 5, 0),
	gsSP1Triangle(6, 5, 7, 0),
	gsSP1Triangle(8, 3, 6, 0),
	gsSP1Triangle(8, 0, 3, 0),
	gsSP1Triangle(9, 10, 11, 0),
	gsSP1Triangle(9, 11, 12, 0),
	gsSP1Triangle(12, 11, 13, 0),
	gsSP1Triangle(12, 13, 14, 0),
	gsSPVertex(wf_dl_Cube_012_mesh_layer_1_vtx_0 + 648, 6, 0),
	gsSP1Triangle(0, 1, 2, 0),
	gsSP1Triangle(0, 2, 3, 0),
	gsSP1Triangle(3, 2, 4, 0),
	gsSP1Triangle(3, 4, 5, 0),
	gsSPEndDisplayList(),
};

Vtx wf_dl_Cube_012_mesh_layer_1_vtx_1[83] = {
	{{{2036, 209, 295},0, {496, 2032},{0xFF, 0xFF, 0xFF, 0xFF}}},
	{{{1859, 209, 295},0, {1008, 2032},{0xFF, 0xFF, 0xFF, 0xFF}}},
	{{{1865, 209, 440},0, {1008, 1008},{0xFF, 0xFF, 0xFF, 0xFF}}},
	{{{2037, 209, 444},0, {496, 1008},{0xFF, 0xFF, 0xFF, 0xFF}}},
	{{{1911, 209, 549},0, {1008, -16},{0xFF, 0xFF, 0xFF, 0xFF}}},
	{{{2041, 209, 589},0, {496, -16},{0xFF, 0xFF, 0xFF, 0xFF}}},
	{{{2212, 209, 444},0, {-16, 1008},{0xFF, 0xFF, 0xFF, 0xFF}}},
	{{{2212, 209, 594},0, {-16, -16},{0xFF, 0xFF, 0xFF, 0xFF}}},
	{{{2212, 209, 295},0, {-16, 2032},{0xFF, 0xFF, 0xFF, 0xFF}}},
	{{{443, 544, -295},0, {496, 2032},{0xFF, 0xFF, 0xFF, 0xFF}}},
	{{{0, 544, -295},0, {1008, 2032},{0xFF, 0xFF, 0xFF, 0xFF}}},
	{{{0, 544, 0},0, {1008, 1008},{0xFF, 0xFF, 0xFF, 0xFF}}},
	{{{443, 544, 0},0, {496, 1008},{0xFF, 0xFF, 0xFF, 0xFF}}},
	{{{0, 544, 295},0, {1008, -16},{0xFF, 0xFF, 0xFF, 0xFF}}},
	{{{443, 544, 295},0, {496, -16},{0xFF, 0xFF, 0xFF, 0xFF}}},
	{{{886, 544, 0},0, {-16, 1008},{0xFF, 0xFF, 0xFF, 0xFF}}},
	{{{886, 544, 0},0, {-16, 1008},{0xFF, 0xFF, 0xFF, 0xFF}}},
	{{{443, 544, 295},0, {496, -16},{0xFF, 0xFF, 0xFF, 0xFF}}},
	{{{886, 544, 295},0, {-16, -16},{0xFF, 0xFF, 0xFF, 0xFF}}},
	{{{886, 544, -295},0, {-16, 2032},{0xFF, 0xFF, 0xFF, 0xFF}}},
	{{{443, 544, 0},0, {496, 1008},{0xFF, 0xFF, 0xFF, 0xFF}}},
	{{{443, 544, -295},0, {496, 2032},{0xFF, 0xFF, 0xFF, 0xFF}}},
	{{{443, 544, -861},0, {496, 2032},{0xFF, 0xFF, 0xFF, 0xFF}}},
	{{{148, 544, -788},0, {1008, 2032},{0xFF, 0xFF, 0xFF, 0xFF}}},
	{{{18, 544, -578},0, {1008, 1008},{0xFF, 0xFF, 0xFF, 0xFF}}},
	{{{443, 544, -587},0, {496, 1008},{0xFF, 0xFF, 0xFF, 0xFF}}},
	{{{0, 544, -295},0, {1008, -16},{0xFF, 0xFF, 0xFF, 0xFF}}},
	{{{443, 544, -295},0, {496, -16},{0xFF, 0xFF, 0xFF, 0xFF}}},
	{{{868, 544, -578},0, {-16, 1008},{0xFF, 0xFF, 0xFF, 0xFF}}},
	{{{886, 544, -295},0, {-16, -16},{0xFF, 0xFF, 0xFF, 0xFF}}},
	{{{738, 544, -788},0, {-16, 2032},{0xFF, 0xFF, 0xFF, 0xFF}}},
	{{{443, 544, 295},0, {496, 2032},{0xFF, 0xFF, 0xFF, 0xFF}}},
	{{{0, 544, 295},0, {1008, 2032},{0xFF, 0xFF, 0xFF, 0xFF}}},
	{{{18, 544, 578},0, {1008, 1008},{0xFF, 0xFF, 0xFF, 0xFF}}},
	{{{443, 544, 587},0, {496, 1008},{0xFF, 0xFF, 0xFF, 0xFF}}},
	{{{148, 544, 788},0, {1008, -16},{0xFF, 0xFF, 0xFF, 0xFF}}},
	{{{443, 544, 861},0, {496, -16},{0xFF, 0xFF, 0xFF, 0xFF}}},
	{{{868, 544, 578},0, {-16, 1008},{0xFF, 0xFF, 0xFF, 0xFF}}},
	{{{738, 544, 788},0, {-16, -16},{0xFF, 0xFF, 0xFF, 0xFF}}},
	{{{886, 544, 295},0, {-16, 2032},{0xFF, 0xFF, 0xFF, 0xFF}}},
	{{{1859, 209, 0},0, {496, 2032},{0xFF, 0xFF, 0xFF, 0xFF}}},
	{{{1859, 209, 295},0, {1008, 2032},{0xFF, 0xFF, 0xFF, 0xFF}}},
	{{{2036, 209, 295},0, {1008, 1008},{0xFF, 0xFF, 0xFF, 0xFF}}},
	{{{2036, 209, 0},0, {496, 1008},{0xFF, 0xFF, 0xFF, 0xFF}}},
	{{{2212, 209, 295},0, {1008, -16},{0xFF, 0xFF, 0xFF, 0xFF}}},
	{{{2212, 209, 0},0, {496, -16},{0xFF, 0xFF, 0xFF, 0xFF}}},
	{{{2036, 209, -295},0, {-16, 1008},{0xFF, 0xFF, 0xFF, 0xFF}}},
	{{{2036, 209, -295},0, {-16, 1008},{0xFF, 0xFF, 0xFF, 0xFF}}},
	{{{2212, 209, 0},0, {496, -16},{0xFF, 0xFF, 0xFF, 0xFF}}},
	{{{2212, 209, -295},0, {-16, -16},{0xFF, 0xFF, 0xFF, 0xFF}}},
	{{{1859, 209, -295},0, {-16, 2032},{0xFF, 0xFF, 0xFF, 0xFF}}},
	{{{2036, 209, 0},0, {496, 1008},{0xFF, 0xFF, 0xFF, 0xFF}}},
	{{{1859, 209, 0},0, {496, 2032},{0xFF, 0xFF, 0xFF, 0xFF}}},
	{{{2036, 209, -295},0, {496, 2032},{0xFF, 0xFF, 0xFF, 0xFF}}},
	{{{2212, 209, -295},0, {1008, 2032},{0xFF, 0xFF, 0xFF, 0xFF}}},
	{{{2212, 209, -444},0, {1008, 1008},{0xFF, 0xFF, 0xFF, 0xFF}}},
	{{{2037, 209, -444},0, {496, 1008},{0xFF, 0xFF, 0xFF, 0xFF}}},
	{{{2212, 209, -594},0, {1008, -16},{0xFF, 0xFF, 0xFF, 0xFF}}},
	{{{2041, 209, -589},0, {496, -16},{0xFF, 0xFF, 0xFF, 0xFF}}},
	{{{1865, 209, -440},0, {-16, 1008},{0xFF, 0xFF, 0xFF, 0xFF}}},
	{{{1911, 209, -549},0, {-16, -16},{0xFF, 0xFF, 0xFF, 0xFF}}},
	{{{-919, 1255, 0},0, {496, 2032},{0xFF, 0xFF, 0xFF, 0xFF}}},
	{{{-1019, 1255, -197},0, {1008, 2032},{0xFF, 0xFF, 0xFF, 0xFF}}},
	{{{-1300, 1255, -283},0, {1008, 1008},{0xFF, 0xFF, 0xFF, 0xFF}}},
	{{{-1289, 1255, 0},0, {496, 1008},{0xFF, 0xFF, 0xFF, 0xFF}}},
	{{{-1681, 1255, -295},0, {1008, -16},{0xFF, 0xFF, 0xFF, 0xFF}}},
	{{{-1681, 1255, 0},0, {496, -16},{0xFF, 0xFF, 0xFF, 0xFF}}},
	{{{-1300, 1255, 283},0, {-16, 1008},{0xFF, 0xFF, 0xFF, 0xFF}}},
	{{{-1681, 1255, 295},0, {-16, -16},{0xFF, 0xFF, 0xFF, 0xFF}}},
	{{{-1019, 1255, 197},0, {-16, 2032},{0xFF, 0xFF, 0xFF, 0xFF}}},
	{{{-1681, 1255, 0},0, {496, 2032},{0xFF, 0xFF, 0xFF, 0xFF}}},
	{{{-1681, 1255, -295},0, {1008, 2032},{0xFF, 0xFF, 0xFF, 0xFF}}},
	{{{-2028, 1255, -295},0, {1008, 1008},{0xFF, 0xFF, 0xFF, 0xFF}}},
	{{{-2028, 1255, 0},0, {496, 1008},{0xFF, 0xFF, 0xFF, 0xFF}}},
	{{{-2348, 1255, -273},0, {1008, -16},{0xFF, 0xFF, 0xFF, 0xFF}}},
	{{{-2375, 1255, 0},0, {496, -16},{0xFF, 0xFF, 0xFF, 0xFF}}},
	{{{-2028, 1255, 295},0, {-16, 1008},{0xFF, 0xFF, 0xFF, 0xFF}}},
	{{{-2028, 1255, 295},0, {-16, 1008},{0xFF, 0xFF, 0xFF, 0xFF}}},
	{{{-2375, 1255, 0},0, {496, -16},{0xFF, 0xFF, 0xFF, 0xFF}}},
	{{{-2348, 1255, 273},0, {-16, -16},{0xFF, 0xFF, 0xFF, 0xFF}}},
	{{{-1681, 1255, 295},0, {-16, 2032},{0xFF, 0xFF, 0xFF, 0xFF}}},
	{{{-2028, 1255, 0},0, {496, 1008},{0xFF, 0xFF, 0xFF, 0xFF}}},
	{{{-1681, 1255, 0},0, {496, 2032},{0xFF, 0xFF, 0xFF, 0xFF}}},
};

Gfx wf_dl_Cube_012_mesh_layer_1_tri_1[] = {
	gsSPVertex(wf_dl_Cube_012_mesh_layer_1_vtx_1 + 0, 16, 0),
	gsSP1Triangle(0, 1, 2, 0),
	gsSP1Triangle(0, 2, 3, 0),
	gsSP1Triangle(3, 2, 4, 0),
	gsSP1Triangle(3, 4, 5, 0),
	gsSP1Triangle(6, 3, 5, 0),
	gsSP1Triangle(6, 5, 7, 0),
	gsSP1Triangle(8, 3, 6, 0),
	gsSP1Triangle(8, 0, 3, 0),
	gsSP1Triangle(9, 10, 11, 0),
	gsSP1Triangle(9, 11, 12, 0),
	gsSP1Triangle(12, 11, 13, 0),
	gsSP1Triangle(12, 13, 14, 0),
	gsSP1Triangle(15, 12, 14, 0),
	gsSPVertex(wf_dl_Cube_012_mesh_layer_1_vtx_1 + 16, 15, 0),
	gsSP1Triangle(0, 1, 2, 0),
	gsSP1Triangle(3, 4, 0, 0),
	gsSP1Triangle(3, 5, 4, 0),
	gsSP1Triangle(6, 7, 8, 0),
	gsSP1Triangle(6, 8, 9, 0),
	gsSP1Triangle(9, 8, 10, 0),
	gsSP1Triangle(9, 10, 11, 0),
	gsSP1Triangle(12, 9, 11, 0),
	gsSP1Triangle(12, 11, 13, 0),
	gsSP1Triangle(14, 9, 12, 0),
	gsSP1Triangle(14, 6, 9, 0),
	gsSPVertex(wf_dl_Cube_012_mesh_layer_1_vtx_1 + 31, 16, 0),
	gsSP1Triangle(0, 1, 2, 0),
	gsSP1Triangle(0, 2, 3, 0),
	gsSP1Triangle(3, 2, 4, 0),
	gsSP1Triangle(3, 4, 5, 0),
	gsSP1Triangle(6, 3, 5, 0),
	gsSP1Triangle(6, 5, 7, 0),
	gsSP1Triangle(8, 3, 6, 0),
	gsSP1Triangle(8, 0, 3, 0),
	gsSP1Triangle(9, 10, 11, 0),
	gsSP1Triangle(9, 11, 12, 0),
	gsSP1Triangle(12, 11, 13, 0),
	gsSP1Triangle(12, 13, 14, 0),
	gsSP1Triangle(15, 12, 14, 0),
	gsSPVertex(wf_dl_Cube_012_mesh_layer_1_vtx_1 + 47, 14, 0),
	gsSP1Triangle(0, 1, 2, 0),
	gsSP1Triangle(3, 4, 0, 0),
	gsSP1Triangle(3, 5, 4, 0),
	gsSP1Triangle(6, 7, 8, 0),
	gsSP1Triangle(6, 8, 9, 0),
	gsSP1Triangle(9, 8, 10, 0),
	gsSP1Triangle(9, 10, 11, 0),
	gsSP1Triangle(12, 9, 11, 0),
	gsSP1Triangle(12, 11, 13, 0),
	gsSP1Triangle(3, 9, 12, 0),
	gsSP1Triangle(3, 6, 9, 0),
	gsSPVertex(wf_dl_Cube_012_mesh_layer_1_vtx_1 + 61, 16, 0),
	gsSP1Triangle(0, 1, 2, 0),
	gsSP1Triangle(0, 2, 3, 0),
	gsSP1Triangle(3, 2, 4, 0),
	gsSP1Triangle(3, 4, 5, 0),
	gsSP1Triangle(6, 3, 5, 0),
	gsSP1Triangle(6, 5, 7, 0),
	gsSP1Triangle(8, 3, 6, 0),
	gsSP1Triangle(8, 0, 3, 0),
	gsSP1Triangle(9, 10, 11, 0),
	gsSP1Triangle(9, 11, 12, 0),
	gsSP1Triangle(12, 11, 13, 0),
	gsSP1Triangle(12, 13, 14, 0),
	gsSP1Triangle(15, 12, 14, 0),
	gsSPVertex(wf_dl_Cube_012_mesh_layer_1_vtx_1 + 77, 6, 0),
	gsSP1Triangle(0, 1, 2, 0),
	gsSP1Triangle(3, 4, 0, 0),
	gsSP1Triangle(3, 5, 4, 0),
	gsSPEndDisplayList(),
};

Vtx wf_dl_Cube_013_mesh_layer_1_vtx_0[248] = {
	{{{-3088, -171, 636},0, {4352, 1059},{0xFF, 0xFF, 0xFF, 0xFF}}},
	{{{-3317, 130, 814},0, {4974, -16},{0xFF, 0xFF, 0xFF, 0xFF}}},
	{{{-3370, 30, 631},0, {4352, -16},{0xFF, 0xFF, 0xFF, 0xFF}}},
	{{{-3081, 30, 859},0, {4974, 1059},{0xFF, 0xFF, 0xFF, 0xFF}}},
	{{{-2578, -200, 638},0, {4352, 2437},{0xFF, 0xFF, 0xFF, 0xFF}}},
	{{{-2578, 10, 868},0, {4974, 2437},{0xFF, 0xFF, 0xFF, 0xFF}}},
	{{{-1857, -200, 638},0, {4352, 4280},{0xFF, 0xFF, 0xFF, 0xFF}}},
	{{{-1857, 10, 868},0, {4974, 4280},{0xFF, 0xFF, 0xFF, 0xFF}}},
	{{{-1109, -200, 638},0, {4352, 6188},{0xFF, 0xFF, 0xFF, 0xFF}}},
	{{{-1109, 10, 868},0, {4974, 6188},{0xFF, 0xFF, 0xFF, 0xFF}}},
	{{{-505, 10, 868},0, {4987, 7780},{0xFF, 0xFF, 0xFF, 0xFF}}},
	{{{-505, -200, 638},0, {4355, 7753},{0xFF, 0xFF, 0xFF, 0xFF}}},
	{{{0, 10, 868},0, {5126, 9473},{0xFF, 0xFF, 0xFF, 0xFF}}},
	{{{0, -200, 638},0, {4360, 9082},{0xFF, 0xFF, 0xFF, 0xFF}}},
	{{{458, 30, 859},0, {4827, 10340},{0xFF, 0xFF, 0xFF, 0xFF}}},
	{{{465, -171, 636},0, {4335, 10295},{0xFF, 0xFF, 0xFF, 0xFF}}},
	{{{465, -171, 636},0, {4335, 10295},{0xFF, 0xFF, 0xFF, 0xFF}}},
	{{{733, 130, 814},0, {4785, 11513},{0xFF, 0xFF, 0xFF, 0xFF}}},
	{{{458, 30, 859},0, {4827, 10340},{0xFF, 0xFF, 0xFF, 0xFF}}},
	{{{800, 30, 631},0, {4328, 11513},{0xFF, 0xFF, 0xFF, 0xFF}}},
	{{{-3090, -200, 326},0, {3869, 1059},{0xFF, 0xFF, 0xFF, 0xFF}}},
	{{{-3088, -171, 636},0, {4352, 1059},{0xFF, 0xFF, 0xFF, 0xFF}}},
	{{{-3370, 30, 631},0, {4352, -16},{0xFF, 0xFF, 0xFF, 0xFF}}},
	{{{-3381, 10, 326},0, {3869, -16},{0xFF, 0xFF, 0xFF, 0xFF}}},
	{{{-3090, -200, 0},0, {3408, 1059},{0xFF, 0xFF, 0xFF, 0xFF}}},
	{{{-3381, 10, 0},0, {3408, -16},{0xFF, 0xFF, 0xFF, 0xFF}}},
	{{{-3090, -200, -326},0, {2947, 1059},{0xFF, 0xFF, 0xFF, 0xFF}}},
	{{{-3381, 10, -326},0, {2947, -16},{0xFF, 0xFF, 0xFF, 0xFF}}},
	{{{-3088, -171, -636},0, {2472, 1053},{0xFF, 0xFF, 0xFF, 0xFF}}},
	{{{-3370, 30, -631},0, {2508, -51},{0xFF, 0xFF, 0xFF, 0xFF}}},
	{{{458, 30, -859},0, {1871, 10307},{0xFF, 0xFF, 0xFF, 0xFF}}},
	{{{814, 535, -868},0, {1017, 11419},{0xE1, 0xEE, 0xFF, 0xFF}}},
	{{{733, 130, -814},0, {2184, 11793},{0xFF, 0xFF, 0xFF, 0xFF}}},
	{{{469, 523, -952},0, {991, 10279},{0xE1, 0xEE, 0xFF, 0xFF}}},
	{{{0, 10, -868},0, {1843, 9046},{0xFF, 0xFF, 0xFF, 0xFF}}},
	{{{0, 520, -963},0, {984, 9046},{0xE1, 0xEE, 0xFF, 0xFF}}},
	{{{-505, 10, -868},0, {1843, 7744},{0xFF, 0xFF, 0xFF, 0xFF}}},
	{{{-502, 520, -963},0, {984, 7744},{0xE1, 0xEE, 0xFF, 0xFF}}},
	{{{-1109, 10, -868},0, {1843, 6188},{0xFF, 0xFF, 0xFF, 0xFF}}},
	{{{-1098, 520, -963},0, {984, 6188},{0xE1, 0xEE, 0xFF, 0xFF}}},
	{{{-489, 1179, -972},0, {-16, 7744},{0xC2, 0xDD, 0xFF, 0xFF}}},
	{{{-1002, 1179, -972},0, {-16, 6188},{0xC2, 0xDD, 0xFF, 0xFF}}},
	{{{0, 1209, -977},0, {-16, 9046},{0xC2, 0xDD, 0xFF, 0xFF}}},
	{{{488, 1209, -977},0, {-16, 10270},{0xC2, 0xDD, 0xFF, 0xFF}}},
	{{{956, 1209, -963},0, {-16, 11385},{0xC2, 0xDD, 0xFF, 0xFF}}},
	{{{800, 30, 631},0, {2032, 15752},{0xFF, 0xFF, 0xFF, 0xFF}}},
	{{{814, 535, 868},0, {1008, 16704},{0xE1, 0xEE, 0xFF, 0xFF}}},
	{{{733, 130, 814},0, {2032, 16704},{0xFF, 0xFF, 0xFF, 0xFF}}},
	{{{940, 523, 638},0, {1008, 15752},{0xE1, 0xEE, 0xFF, 0xFF}}},
	{{{814, 10, 326},0, {2032, 14892},{0xFF, 0xFF, 0xFF, 0xFF}}},
	{{{956, 520, 326},0, {1008, 14892},{0xE1, 0xEE, 0xFF, 0xFF}}},
	{{{814, 10, 0},0, {2032, 14044},{0xFF, 0xFF, 0xFF, 0xFF}}},
	{{{956, 520, 0},0, {1008, 14044},{0xE1, 0xEE, 0xFF, 0xFF}}},
	{{{814, 10, -326},0, {2032, 13196},{0xFF, 0xFF, 0xFF, 0xFF}}},
	{{{956, 520, -326},0, {1008, 13196},{0xE1, 0xEE, 0xFF, 0xFF}}},
	{{{800, 30, -631},0, {2051, 12388},{0xFF, 0xFF, 0xFF, 0xFF}}},
	{{{940, 523, -638},0, {1011, 12345},{0xE1, 0xEE, 0xFF, 0xFF}}},
	{{{733, 130, -814},0, {2184, 11793},{0xFF, 0xFF, 0xFF, 0xFF}}},
	{{{814, 535, -868},0, {1017, 11419},{0xE1, 0xEE, 0xFF, 0xFF}}},
	{{{977, 1209, -651},0, {-16, 12337},{0xC2, 0xDD, 0xFF, 0xFF}}},
	{{{956, 1209, -963},0, {-16, 11385},{0xC2, 0xDD, 0xFF, 0xFF}}},
	{{{940, 523, -638},0, {1011, 12345},{0xE1, 0xEE, 0xFF, 0xFF}}},
	{{{977, 1209, -651},0, {-16, 12337},{0xC2, 0xDD, 0xFF, 0xFF}}},
	{{{977, 1209, -326},0, {-16, 13196},{0xC2, 0xDD, 0xFF, 0xFF}}},
	{{{956, 520, -326},0, {1008, 13196},{0xE1, 0xEE, 0xFF, 0xFF}}},
	{{{977, 1209, 0},0, {-16, 14044},{0xC2, 0xDD, 0xFF, 0xFF}}},
	{{{956, 520, 0},0, {1008, 14044},{0xE1, 0xEE, 0xFF, 0xFF}}},
	{{{977, 1209, 326},0, {-16, 14892},{0xC2, 0xDD, 0xFF, 0xFF}}},
	{{{956, 520, 326},0, {1008, 14892},{0xE1, 0xEE, 0xFF, 0xFF}}},
	{{{977, 1209, 651},0, {-16, 15752},{0xC2, 0xDD, 0xFF, 0xFF}}},
	{{{940, 523, 638},0, {1008, 15752},{0xE1, 0xEE, 0xFF, 0xFF}}},
	{{{956, 1209, 963},0, {-16, 16704},{0xC2, 0xDD, 0xFF, 0xFF}}},
	{{{814, 535, 868},0, {1008, 16704},{0xE1, 0xEE, 0xFF, 0xFF}}},
	{{{0, 10, -868},0, {1843, 9046},{0xFF, 0xFF, 0xFF, 0xFF}}},
	{{{465, -171, -636},0, {2472, 10292},{0xFF, 0xFF, 0xFF, 0xFF}}},
	{{{0, -200, -638},0, {2465, 9046},{0xFF, 0xFF, 0xFF, 0xFF}}},
	{{{458, 30, -859},0, {1871, 10307},{0xFF, 0xFF, 0xFF, 0xFF}}},
	{{{458, 30, -859},0, {1871, 10307},{0xFF, 0xFF, 0xFF, 0xFF}}},
	{{{800, 30, -631},0, {2508, 11548},{0xFF, 0xFF, 0xFF, 0xFF}}},
	{{{465, -171, -636},0, {2472, 10292},{0xFF, 0xFF, 0xFF, 0xFF}}},
	{{{733, 130, -814},0, {2184, 11793},{0xFF, 0xFF, 0xFF, 0xFF}}},
	{{{814, 10, -326},0, {2947, 11513},{0xFF, 0xFF, 0xFF, 0xFF}}},
	{{{468, -200, -326},0, {2947, 10286},{0xFF, 0xFF, 0xFF, 0xFF}}},
	{{{814, 10, 0},0, {3408, 11513},{0xFF, 0xFF, 0xFF, 0xFF}}},
	{{{468, -200, 0},0, {3408, 10286},{0xFF, 0xFF, 0xFF, 0xFF}}},
	{{{814, 10, 326},0, {3869, 11513},{0xFF, 0xFF, 0xFF, 0xFF}}},
	{{{468, -200, 326},0, {3869, 10286},{0xFF, 0xFF, 0xFF, 0xFF}}},
	{{{800, 30, 631},0, {4328, 11513},{0xFF, 0xFF, 0xFF, 0xFF}}},
	{{{465, -171, 636},0, {4335, 10295},{0xFF, 0xFF, 0xFF, 0xFF}}},
	{{{0, -230, 326},0, {3869, 9046},{0xFF, 0xFF, 0xFF, 0xFF}}},
	{{{0, -200, 638},0, {4360, 9082},{0xFF, 0xFF, 0xFF, 0xFF}}},
	{{{-505, -230, 326},0, {3869, 7744},{0xFF, 0xFF, 0xFF, 0xFF}}},
	{{{-505, -200, 638},0, {4355, 7753},{0xFF, 0xFF, 0xFF, 0xFF}}},
	{{{-1109, -230, 326},0, {3869, 6188},{0xFF, 0xFF, 0xFF, 0xFF}}},
	{{{-505, -230, 326},0, {3869, 7744},{0xFF, 0xFF, 0xFF, 0xFF}}},
	{{{-505, -200, 638},0, {4355, 7753},{0xFF, 0xFF, 0xFF, 0xFF}}},
	{{{-1109, -200, 638},0, {4352, 6188},{0xFF, 0xFF, 0xFF, 0xFF}}},
	{{{-1857, -200, 638},0, {4352, 4280},{0xFF, 0xFF, 0xFF, 0xFF}}},
	{{{-1857, -230, 326},0, {3869, 4280},{0xFF, 0xFF, 0xFF, 0xFF}}},
	{{{-2578, -200, 638},0, {4352, 2437},{0xFF, 0xFF, 0xFF, 0xFF}}},
	{{{-2578, -230, 326},0, {3869, 2437},{0xFF, 0xFF, 0xFF, 0xFF}}},
	{{{-3088, -171, 636},0, {4352, 1059},{0xFF, 0xFF, 0xFF, 0xFF}}},
	{{{-3090, -200, 326},0, {3869, 1059},{0xFF, 0xFF, 0xFF, 0xFF}}},
	{{{-2578, -230, 0},0, {3408, 2437},{0xFF, 0xFF, 0xFF, 0xFF}}},
	{{{-3090, -200, 0},0, {3408, 1059},{0xFF, 0xFF, 0xFF, 0xFF}}},
	{{{-2578, -230, -326},0, {2947, 2437},{0xFF, 0xFF, 0xFF, 0xFF}}},
	{{{-3090, -200, -326},0, {2947, 1059},{0xFF, 0xFF, 0xFF, 0xFF}}},
	{{{-2578, -200, -638},0, {2465, 2437},{0xFF, 0xFF, 0xFF, 0xFF}}},
	{{{-3088, -171, -636},0, {2472, 1053},{0xFF, 0xFF, 0xFF, 0xFF}}},
	{{{-1857, -230, -326},0, {2947, 4280},{0xFF, 0xFF, 0xFF, 0xFF}}},
	{{{-2578, -230, 0},0, {3408, 2437},{0xFF, 0xFF, 0xFF, 0xFF}}},
	{{{-2578, -230, -326},0, {2947, 2437},{0xFF, 0xFF, 0xFF, 0xFF}}},
	{{{-1857, -230, 0},0, {3408, 4280},{0xFF, 0xFF, 0xFF, 0xFF}}},
	{{{-1109, -230, -326},0, {2947, 6188},{0xFF, 0xFF, 0xFF, 0xFF}}},
	{{{-1109, -200, -638},0, {2465, 6188},{0xFF, 0xFF, 0xFF, 0xFF}}},
	{{{-1857, -200, -638},0, {2465, 4280},{0xFF, 0xFF, 0xFF, 0xFF}}},
	{{{-2578, -200, -638},0, {2465, 2437},{0xFF, 0xFF, 0xFF, 0xFF}}},
	{{{-1109, -230, 0},0, {3408, 6188},{0xFF, 0xFF, 0xFF, 0xFF}}},
	{{{-505, -230, 0},0, {3408, 7744},{0xFF, 0xFF, 0xFF, 0xFF}}},
	{{{-505, -230, -326},0, {2947, 7744},{0xFF, 0xFF, 0xFF, 0xFF}}},
	{{{-1109, -200, -638},0, {2465, 6188},{0xFF, 0xFF, 0xFF, 0xFF}}},
	{{{-505, -200, -638},0, {2465, 7744},{0xFF, 0xFF, 0xFF, 0xFF}}},
	{{{0, -230, -326},0, {2947, 9046},{0xFF, 0xFF, 0xFF, 0xFF}}},
	{{{0, -200, -638},0, {2465, 9046},{0xFF, 0xFF, 0xFF, 0xFF}}},
	{{{468, -200, -326},0, {2947, 10286},{0xFF, 0xFF, 0xFF, 0xFF}}},
	{{{0, -200, -638},0, {2465, 9046},{0xFF, 0xFF, 0xFF, 0xFF}}},
	{{{465, -171, -636},0, {2472, 10292},{0xFF, 0xFF, 0xFF, 0xFF}}},
	{{{468, -200, -326},0, {2947, 10286},{0xFF, 0xFF, 0xFF, 0xFF}}},
	{{{0, -230, -326},0, {2947, 9046},{0xFF, 0xFF, 0xFF, 0xFF}}},
	{{{468, -200, 0},0, {3408, 10286},{0xFF, 0xFF, 0xFF, 0xFF}}},
	{{{0, -230, 0},0, {3408, 9046},{0xFF, 0xFF, 0xFF, 0xFF}}},
	{{{468, -200, 326},0, {3869, 10286},{0xFF, 0xFF, 0xFF, 0xFF}}},
	{{{0, -230, 326},0, {3869, 9046},{0xFF, 0xFF, 0xFF, 0xFF}}},
	{{{-505, -230, 0},0, {3408, 7744},{0xFF, 0xFF, 0xFF, 0xFF}}},
	{{{-505, -230, 326},0, {3869, 7744},{0xFF, 0xFF, 0xFF, 0xFF}}},
	{{{-1109, -230, 0},0, {3408, 6188},{0xFF, 0xFF, 0xFF, 0xFF}}},
	{{{-1109, -230, 326},0, {3869, 6188},{0xFF, 0xFF, 0xFF, 0xFF}}},
	{{{-1857, -230, 326},0, {3869, 4280},{0xFF, 0xFF, 0xFF, 0xFF}}},
	{{{-1857, -230, 0},0, {3408, 4280},{0xFF, 0xFF, 0xFF, 0xFF}}},
	{{{-2578, -230, 326},0, {3869, 2437},{0xFF, 0xFF, 0xFF, 0xFF}}},
	{{{-2578, -230, 0},0, {3408, 2437},{0xFF, 0xFF, 0xFF, 0xFF}}},
	{{{-505, -230, -326},0, {2947, 7744},{0xFF, 0xFF, 0xFF, 0xFF}}},
	{{{0, -230, 0},0, {3408, 9046},{0xFF, 0xFF, 0xFF, 0xFF}}},
	{{{-505, -230, 0},0, {3408, 7744},{0xFF, 0xFF, 0xFF, 0xFF}}},
	{{{0, -230, -326},0, {2947, 9046},{0xFF, 0xFF, 0xFF, 0xFF}}},
	{{{0, 520, 963},0, {5851, 9116},{0xE1, 0xEE, 0xFF, 0xFF}}},
	{{{0, 1209, 977},0, {6833, 9065},{0xC2, 0xDD, 0xFF, 0xFF}}},
	{{{-489, 1179, 972},0, {6833, 7746},{0xC2, 0xDD, 0xFF, 0xFF}}},
	{{{-502, 520, 963},0, {5836, 7755},{0xE1, 0xEE, 0xFF, 0xFF}}},
	{{{-1002, 1179, 972},0, {6833, 6188},{0xC2, 0xDD, 0xFF, 0xFF}}},
	{{{-1098, 520, 963},0, {5832, 6188},{0xE1, 0xEE, 0xFF, 0xFF}}},
	{{{-1859, 1179, 972},0, {6833, 4280},{0xC2, 0xDD, 0xFF, 0xFF}}},
	{{{-1857, 520, 963},0, {5832, 4280},{0xE1, 0xEE, 0xFF, 0xFF}}},
	{{{-2711, 1179, 972},0, {6833, 2437},{0xC2, 0xDD, 0xFF, 0xFF}}},
	{{{-2592, 520, 963},0, {5832, 2437},{0xE1, 0xEE, 0xFF, 0xFF}}},
	{{{-3121, 1179, 972},0, {6833, 1059},{0xC2, 0xDD, 0xFF, 0xFF}}},
	{{{-3094, 523, 952},0, {5832, 1059},{0xE1, 0xEE, 0xFF, 0xFF}}},
	{{{-3094, 523, 952},0, {5832, 1059},{0xE1, 0xEE, 0xFF, 0xFF}}},
	{{{-3121, 1179, 972},0, {6833, 1059},{0xC2, 0xDD, 0xFF, 0xFF}}},
	{{{-3479, 1179, 952},0, {6833, -16},{0xC2, 0xDD, 0xFF, 0xFF}}},
	{{{-3380, 535, 868},0, {5832, -16},{0xE1, 0xEE, 0xFF, 0xFF}}},
	{{{-3081, 30, 859},0, {4974, 1059},{0xFF, 0xFF, 0xFF, 0xFF}}},
	{{{-3317, 130, 814},0, {4974, -16},{0xFF, 0xFF, 0xFF, 0xFF}}},
	{{{-2578, 10, 868},0, {4974, 2437},{0xFF, 0xFF, 0xFF, 0xFF}}},
	{{{-2592, 520, 963},0, {5832, 2437},{0xE1, 0xEE, 0xFF, 0xFF}}},
	{{{-1857, 10, 868},0, {4974, 4280},{0xFF, 0xFF, 0xFF, 0xFF}}},
	{{{-1857, 520, 963},0, {5832, 4280},{0xE1, 0xEE, 0xFF, 0xFF}}},
	{{{-1109, 10, 868},0, {4974, 6188},{0xFF, 0xFF, 0xFF, 0xFF}}},
	{{{-1098, 520, 963},0, {5832, 6188},{0xE1, 0xEE, 0xFF, 0xFF}}},
	{{{-505, 10, 868},0, {4987, 7780},{0xFF, 0xFF, 0xFF, 0xFF}}},
	{{{-502, 520, 963},0, {5836, 7755},{0xE1, 0xEE, 0xFF, 0xFF}}},
	{{{0, 10, 868},0, {5126, 9473},{0xFF, 0xFF, 0xFF, 0xFF}}},
	{{{0, 520, 963},0, {5851, 9116},{0xE1, 0xEE, 0xFF, 0xFF}}},
	{{{-1109, 10, -868},0, {1843, 6188},{0xFF, 0xFF, 0xFF, 0xFF}}},
	{{{-505, -200, -638},0, {2465, 7744},{0xFF, 0xFF, 0xFF, 0xFF}}},
	{{{-1109, -200, -638},0, {2465, 6188},{0xFF, 0xFF, 0xFF, 0xFF}}},
	{{{-505, 10, -868},0, {1843, 7744},{0xFF, 0xFF, 0xFF, 0xFF}}},
	{{{0, -200, -638},0, {2465, 9046},{0xFF, 0xFF, 0xFF, 0xFF}}},
	{{{0, 10, -868},0, {1843, 9046},{0xFF, 0xFF, 0xFF, 0xFF}}},
	{{{814, 535, 868},0, {1008, 16704},{0xE1, 0xEE, 0xFF, 0xFF}}},
	{{{956, 1209, 963},0, {-16, 16704},{0xC2, 0xDD, 0xFF, 0xFF}}},
	{{{488, 1209, 977},0, {-16, 17816},{0xC2, 0xDD, 0xFF, 0xFF}}},
	{{{469, 523, 952},0, {1008, 17816},{0xE1, 0xEE, 0xFF, 0xFF}}},
	{{{0, 1209, 977},0, {-16, 19024},{0xC2, 0xDD, 0xFF, 0xFF}}},
	{{{0, 520, 963},0, {1008, 19024},{0xE1, 0xEE, 0xFF, 0xFF}}},
	{{{458, 30, 859},0, {2032, 17816},{0xFF, 0xFF, 0xFF, 0xFF}}},
	{{{0, 10, 868},0, {2032, 19024},{0xFF, 0xFF, 0xFF, 0xFF}}},
	{{{733, 130, 814},0, {2032, 16704},{0xFF, 0xFF, 0xFF, 0xFF}}},
	{{{-3492, 520, -326},0, {1008, -1699},{0xE1, 0xEE, 0xFF, 0xFF}}},
	{{{-3508, 1209, -326},0, {-16, -1699},{0xC2, 0xDD, 0xFF, 0xFF}}},
	{{{-3503, 1179, -648},0, {-16, -848},{0xC2, 0xDD, 0xFF, 0xFF}}},
	{{{-3479, 523, -638},0, {1011, -856},{0xE1, 0xEE, 0xFF, 0xFF}}},
	{{{-3479, 1179, -952},0, {-16, 45},{0xC2, 0xDD, 0xFF, 0xFF}}},
	{{{-3380, 535, -868},0, {1017, 17},{0xE1, 0xEE, 0xFF, 0xFF}}},
	{{{-3370, 30, -631},0, {2051, -891},{0xFF, 0xFF, 0xFF, 0xFF}}},
	{{{-3317, 130, -814},0, {2184, -296},{0xFF, 0xFF, 0xFF, 0xFF}}},
	{{{-3381, 10, -326},0, {2032, -1699},{0xFF, 0xFF, 0xFF, 0xFF}}},
	{{{-3492, 520, -326},0, {1008, -1699},{0xE1, 0xEE, 0xFF, 0xFF}}},
	{{{-3381, 10, 0},0, {2032, -2547},{0xFF, 0xFF, 0xFF, 0xFF}}},
	{{{-3492, 520, 0},0, {1008, -2547},{0xE1, 0xEE, 0xFF, 0xFF}}},
	{{{-3381, 10, 326},0, {2032, -3395},{0xFF, 0xFF, 0xFF, 0xFF}}},
	{{{-3492, 520, 326},0, {1008, -3395},{0xE1, 0xEE, 0xFF, 0xFF}}},
	{{{-3508, 1209, 0},0, {-16, -2547},{0xC2, 0xDD, 0xFF, 0xFF}}},
	{{{-3508, 1209, 326},0, {-16, -3395},{0xC2, 0xDD, 0xFF, 0xFF}}},
	{{{-2578, 10, -868},0, {1843, 2437},{0xFF, 0xFF, 0xFF, 0xFF}}},
	{{{-2578, -200, -638},0, {2465, 2437},{0xFF, 0xFF, 0xFF, 0xFF}}},
	{{{-3088, -171, -636},0, {2472, 1053},{0xFF, 0xFF, 0xFF, 0xFF}}},
	{{{-3081, 30, -859},0, {1871, 1037},{0xFF, 0xFF, 0xFF, 0xFF}}},
	{{{-3370, 30, -631},0, {2508, -51},{0xFF, 0xFF, 0xFF, 0xFF}}},
	{{{-3317, 130, -814},0, {2184, -296},{0xFF, 0xFF, 0xFF, 0xFF}}},
	{{{-3121, 1179, -972},0, {-16, 1066},{0xC2, 0xDD, 0xFF, 0xFF}}},
	{{{-3380, 535, -868},0, {1017, 17},{0xE1, 0xEE, 0xFF, 0xFF}}},
	{{{-3479, 1179, -952},0, {-16, 45},{0xC2, 0xDD, 0xFF, 0xFF}}},
	{{{-3094, 523, -952},0, {991, 1059},{0xE1, 0xEE, 0xFF, 0xFF}}},
	{{{-2711, 1179, -972},0, {-16, 2437},{0xC2, 0xDD, 0xFF, 0xFF}}},
	{{{-2592, 520, -963},0, {984, 2437},{0xE1, 0xEE, 0xFF, 0xFF}}},
	{{{-1859, 1179, -972},0, {-16, 4280},{0xC2, 0xDD, 0xFF, 0xFF}}},
	{{{-1857, 520, -963},0, {984, 4280},{0xE1, 0xEE, 0xFF, 0xFF}}},
	{{{-1002, 1179, -972},0, {-16, 6188},{0xC2, 0xDD, 0xFF, 0xFF}}},
	{{{-1098, 520, -963},0, {984, 6188},{0xE1, 0xEE, 0xFF, 0xFF}}},
	{{{-1098, 520, -963},0, {984, 6188},{0xE1, 0xEE, 0xFF, 0xFF}}},
	{{{-1857, 10, -868},0, {1843, 4280},{0xFF, 0xFF, 0xFF, 0xFF}}},
	{{{-1857, 520, -963},0, {984, 4280},{0xE1, 0xEE, 0xFF, 0xFF}}},
	{{{-1109, 10, -868},0, {1843, 6188},{0xFF, 0xFF, 0xFF, 0xFF}}},
	{{{-2578, 10, -868},0, {1843, 2437},{0xFF, 0xFF, 0xFF, 0xFF}}},
	{{{-2592, 520, -963},0, {984, 2437},{0xE1, 0xEE, 0xFF, 0xFF}}},
	{{{-3081, 30, -859},0, {1871, 1037},{0xFF, 0xFF, 0xFF, 0xFF}}},
	{{{-3094, 523, -952},0, {991, 1059},{0xE1, 0xEE, 0xFF, 0xFF}}},
	{{{-3317, 130, -814},0, {2184, -296},{0xFF, 0xFF, 0xFF, 0xFF}}},
	{{{-3380, 535, -868},0, {1017, 17},{0xE1, 0xEE, 0xFF, 0xFF}}},
	{{{-3380, 535, 868},0, {1008, -5079},{0xE1, 0xEE, 0xFF, 0xFF}}},
	{{{-3479, 1179, 952},0, {-16, -5079},{0xC2, 0xDD, 0xFF, 0xFF}}},
	{{{-3503, 1179, 648},0, {-16, -4239},{0xC2, 0xDD, 0xFF, 0xFF}}},
	{{{-3479, 523, 638},0, {1008, -4239},{0xE1, 0xEE, 0xFF, 0xFF}}},
	{{{-3508, 1209, 326},0, {-16, -3395},{0xC2, 0xDD, 0xFF, 0xFF}}},
	{{{-3492, 520, 326},0, {1008, -3395},{0xE1, 0xEE, 0xFF, 0xFF}}},
	{{{-3370, 30, 631},0, {2032, -4239},{0xFF, 0xFF, 0xFF, 0xFF}}},
	{{{-3479, 523, 638},0, {1008, -4239},{0xE1, 0xEE, 0xFF, 0xFF}}},
	{{{-3492, 520, 326},0, {1008, -3395},{0xE1, 0xEE, 0xFF, 0xFF}}},
	{{{-3381, 10, 326},0, {2032, -3395},{0xFF, 0xFF, 0xFF, 0xFF}}},
	{{{-3317, 130, 814},0, {2032, -5079},{0xFF, 0xFF, 0xFF, 0xFF}}},
	{{{-3380, 535, 868},0, {1008, -5079},{0xE1, 0xEE, 0xFF, 0xFF}}},
	{{{-1109, 10, -868},0, {1843, 6188},{0xFF, 0xFF, 0xFF, 0xFF}}},
	{{{-1109, -200, -638},0, {2465, 6188},{0xFF, 0xFF, 0xFF, 0xFF}}},
	{{{-1857, -200, -638},0, {2465, 4280},{0xFF, 0xFF, 0xFF, 0xFF}}},
	{{{-1857, 10, -868},0, {1843, 4280},{0xFF, 0xFF, 0xFF, 0xFF}}},
	{{{-2578, -200, -638},0, {2465, 2437},{0xFF, 0xFF, 0xFF, 0xFF}}},
	{{{-2578, 10, -868},0, {1843, 2437},{0xFF, 0xFF, 0xFF, 0xFF}}},
};

Gfx wf_dl_Cube_013_mesh_layer_1_tri_0[] = {
	gsSPVertex(wf_dl_Cube_013_mesh_layer_1_vtx_0 + 0, 16, 0),
	gsSP1Triangle(0, 1, 2, 0),
	gsSP1Triangle(0, 3, 1, 0),
	gsSP1Triangle(4, 3, 0, 0),
	gsSP1Triangle(4, 5, 3, 0),
	gsSP1Triangle(6, 5, 4, 0),
	gsSP1Triangle(6, 7, 5, 0),
	gsSP1Triangle(8, 7, 6, 0),
	gsSP1Triangle(8, 9, 7, 0),
	gsSP1Triangle(8, 10, 9, 0),
	gsSP1Triangle(8, 11, 10, 0),
	gsSP1Triangle(11, 12, 10, 0),
	gsSP1Triangle(11, 13, 12, 0),
	gsSP1Triangle(13, 14, 12, 0),
	gsSP1Triangle(13, 15, 14, 0),
	gsSPVertex(wf_dl_Cube_013_mesh_layer_1_vtx_0 + 16, 14, 0),
	gsSP1Triangle(0, 1, 2, 0),
	gsSP1Triangle(0, 3, 1, 0),
	gsSP1Triangle(4, 5, 6, 0),
	gsSP1Triangle(4, 6, 7, 0),
	gsSP1Triangle(8, 4, 7, 0),
	gsSP1Triangle(8, 7, 9, 0),
	gsSP1Triangle(10, 8, 9, 0),
	gsSP1Triangle(10, 9, 11, 0),
	gsSP1Triangle(12, 10, 11, 0),
	gsSP1Triangle(12, 11, 13, 0),
	gsSPVertex(wf_dl_Cube_013_mesh_layer_1_vtx_0 + 30, 15, 0),
	gsSP1Triangle(0, 1, 2, 0),
	gsSP1Triangle(0, 3, 1, 0),
	gsSP1Triangle(4, 3, 0, 0),
	gsSP1Triangle(4, 5, 3, 0),
	gsSP1Triangle(6, 5, 4, 0),
	gsSP1Triangle(6, 7, 5, 0),
	gsSP1Triangle(8, 7, 6, 0),
	gsSP1Triangle(8, 9, 7, 0),
	gsSP1Triangle(9, 10, 7, 0),
	gsSP1Triangle(9, 11, 10, 0),
	gsSP1Triangle(7, 10, 12, 0),
	gsSP1Triangle(7, 12, 5, 0),
	gsSP1Triangle(5, 12, 13, 0),
	gsSP1Triangle(5, 13, 3, 0),
	gsSP1Triangle(3, 13, 14, 0),
	gsSP1Triangle(3, 14, 1, 0),
	gsSPVertex(wf_dl_Cube_013_mesh_layer_1_vtx_0 + 45, 16, 0),
	gsSP1Triangle(0, 1, 2, 0),
	gsSP1Triangle(0, 3, 1, 0),
	gsSP1Triangle(4, 3, 0, 0),
	gsSP1Triangle(4, 5, 3, 0),
	gsSP1Triangle(6, 5, 4, 0),
	gsSP1Triangle(6, 7, 5, 0),
	gsSP1Triangle(8, 7, 6, 0),
	gsSP1Triangle(8, 9, 7, 0),
	gsSP1Triangle(10, 9, 8, 0),
	gsSP1Triangle(10, 11, 9, 0),
	gsSP1Triangle(12, 11, 10, 0),
	gsSP1Triangle(12, 13, 11, 0),
	gsSP1Triangle(13, 14, 11, 0),
	gsSP1Triangle(13, 15, 14, 0),
	gsSPVertex(wf_dl_Cube_013_mesh_layer_1_vtx_0 + 61, 16, 0),
	gsSP1Triangle(0, 1, 2, 0),
	gsSP1Triangle(0, 2, 3, 0),
	gsSP1Triangle(3, 2, 4, 0),
	gsSP1Triangle(3, 4, 5, 0),
	gsSP1Triangle(5, 4, 6, 0),
	gsSP1Triangle(5, 6, 7, 0),
	gsSP1Triangle(7, 6, 8, 0),
	gsSP1Triangle(7, 8, 9, 0),
	gsSP1Triangle(9, 8, 10, 0),
	gsSP1Triangle(9, 10, 11, 0),
	gsSP1Triangle(12, 13, 14, 0),
	gsSP1Triangle(12, 15, 13, 0),
	gsSPVertex(wf_dl_Cube_013_mesh_layer_1_vtx_0 + 77, 16, 0),
	gsSP1Triangle(0, 1, 2, 0),
	gsSP1Triangle(0, 3, 1, 0),
	gsSP1Triangle(2, 1, 4, 0),
	gsSP1Triangle(2, 4, 5, 0),
	gsSP1Triangle(5, 4, 6, 0),
	gsSP1Triangle(5, 6, 7, 0),
	gsSP1Triangle(7, 6, 8, 0),
	gsSP1Triangle(7, 8, 9, 0),
	gsSP1Triangle(9, 8, 10, 0),
	gsSP1Triangle(9, 10, 11, 0),
	gsSP1Triangle(12, 9, 11, 0),
	gsSP1Triangle(12, 11, 13, 0),
	gsSP1Triangle(14, 12, 13, 0),
	gsSP1Triangle(14, 13, 15, 0),
	gsSPVertex(wf_dl_Cube_013_mesh_layer_1_vtx_0 + 93, 16, 0),
	gsSP1Triangle(0, 1, 2, 0),
	gsSP1Triangle(0, 2, 3, 0),
	gsSP1Triangle(0, 3, 4, 0),
	gsSP1Triangle(0, 4, 5, 0),
	gsSP1Triangle(5, 4, 6, 0),
	gsSP1Triangle(5, 6, 7, 0),
	gsSP1Triangle(7, 6, 8, 0),
	gsSP1Triangle(7, 8, 9, 0),
	gsSP1Triangle(10, 7, 9, 0),
	gsSP1Triangle(10, 9, 11, 0),
	gsSP1Triangle(12, 10, 11, 0),
	gsSP1Triangle(12, 11, 13, 0),
	gsSP1Triangle(14, 12, 13, 0),
	gsSP1Triangle(14, 13, 15, 0),
	gsSPVertex(wf_dl_Cube_013_mesh_layer_1_vtx_0 + 109, 16, 0),
	gsSP1Triangle(0, 1, 2, 0),
	gsSP1Triangle(0, 3, 1, 0),
	gsSP1Triangle(4, 3, 0, 0),
	gsSP1Triangle(5, 4, 0, 0),
	gsSP1Triangle(5, 0, 6, 0),
	gsSP1Triangle(6, 0, 2, 0),
	gsSP1Triangle(6, 2, 7, 0),
	gsSP1Triangle(4, 8, 3, 0),
	gsSP1Triangle(4, 9, 8, 0),
	gsSP1Triangle(4, 10, 9, 0),
	gsSP1Triangle(11, 10, 4, 0),
	gsSP1Triangle(11, 12, 10, 0),
	gsSP1Triangle(12, 13, 10, 0),
	gsSP1Triangle(12, 14, 13, 0),
	gsSP1Triangle(14, 15, 13, 0),
	gsSPVertex(wf_dl_Cube_013_mesh_layer_1_vtx_0 + 125, 16, 0),
	gsSP1Triangle(0, 1, 2, 0),
	gsSP1Triangle(3, 2, 4, 0),
	gsSP1Triangle(3, 4, 5, 0),
	gsSP1Triangle(5, 4, 6, 0),
	gsSP1Triangle(5, 6, 7, 0),
	gsSP1Triangle(8, 5, 7, 0),
	gsSP1Triangle(8, 7, 9, 0),
	gsSP1Triangle(10, 8, 9, 0),
	gsSP1Triangle(10, 9, 11, 0),
	gsSP1Triangle(10, 11, 12, 0),
	gsSP1Triangle(10, 12, 13, 0),
	gsSP1Triangle(13, 12, 14, 0),
	gsSP1Triangle(13, 14, 15, 0),
	gsSPVertex(wf_dl_Cube_013_mesh_layer_1_vtx_0 + 141, 16, 0),
	gsSP1Triangle(0, 1, 2, 0),
	gsSP1Triangle(0, 3, 1, 0),
	gsSP1Triangle(4, 5, 6, 0),
	gsSP1Triangle(4, 6, 7, 0),
	gsSP1Triangle(7, 6, 8, 0),
	gsSP1Triangle(7, 8, 9, 0),
	gsSP1Triangle(9, 8, 10, 0),
	gsSP1Triangle(9, 10, 11, 0),
	gsSP1Triangle(11, 10, 12, 0),
	gsSP1Triangle(11, 12, 13, 0),
	gsSP1Triangle(13, 12, 14, 0),
	gsSP1Triangle(13, 14, 15, 0),
	gsSPVertex(wf_dl_Cube_013_mesh_layer_1_vtx_0 + 157, 16, 0),
	gsSP1Triangle(0, 1, 2, 0),
	gsSP1Triangle(0, 2, 3, 0),
	gsSP1Triangle(4, 0, 3, 0),
	gsSP1Triangle(4, 3, 5, 0),
	gsSP1Triangle(6, 0, 4, 0),
	gsSP1Triangle(6, 7, 0, 0),
	gsSP1Triangle(8, 7, 6, 0),
	gsSP1Triangle(8, 9, 7, 0),
	gsSP1Triangle(10, 9, 8, 0),
	gsSP1Triangle(10, 11, 9, 0),
	gsSP1Triangle(12, 11, 10, 0),
	gsSP1Triangle(12, 13, 11, 0),
	gsSP1Triangle(14, 13, 12, 0),
	gsSP1Triangle(14, 15, 13, 0),
	gsSPVertex(wf_dl_Cube_013_mesh_layer_1_vtx_0 + 173, 15, 0),
	gsSP1Triangle(0, 1, 2, 0),
	gsSP1Triangle(0, 3, 1, 0),
	gsSP1Triangle(3, 4, 1, 0),
	gsSP1Triangle(3, 5, 4, 0),
	gsSP1Triangle(6, 7, 8, 0),
	gsSP1Triangle(6, 8, 9, 0),
	gsSP1Triangle(9, 8, 10, 0),
	gsSP1Triangle(9, 10, 11, 0),
	gsSP1Triangle(12, 9, 11, 0),
	gsSP1Triangle(12, 11, 13, 0),
	gsSP1Triangle(14, 9, 12, 0),
	gsSP1Triangle(14, 6, 9, 0),
	gsSPVertex(wf_dl_Cube_013_mesh_layer_1_vtx_0 + 188, 16, 0),
	gsSP1Triangle(0, 1, 2, 0),
	gsSP1Triangle(0, 2, 3, 0),
	gsSP1Triangle(3, 2, 4, 0),
	gsSP1Triangle(3, 4, 5, 0),
	gsSP1Triangle(6, 3, 5, 0),
	gsSP1Triangle(6, 5, 7, 0),
	gsSP1Triangle(8, 3, 6, 0),
	gsSP1Triangle(8, 0, 3, 0),
	gsSP1Triangle(9, 8, 10, 0),
	gsSP1Triangle(9, 10, 11, 0),
	gsSP1Triangle(11, 10, 12, 0),
	gsSP1Triangle(11, 12, 13, 0),
	gsSP1Triangle(14, 11, 13, 0),
	gsSP1Triangle(14, 13, 15, 0),
	gsSP1Triangle(1, 11, 14, 0),
	gsSP1Triangle(1, 9, 11, 0),
	gsSPVertex(wf_dl_Cube_013_mesh_layer_1_vtx_0 + 204, 16, 0),
	gsSP1Triangle(0, 1, 2, 0),
	gsSP1Triangle(0, 2, 3, 0),
	gsSP1Triangle(3, 2, 4, 0),
	gsSP1Triangle(3, 4, 5, 0),
	gsSP1Triangle(6, 7, 8, 0),
	gsSP1Triangle(6, 9, 7, 0),
	gsSP1Triangle(10, 9, 6, 0),
	gsSP1Triangle(10, 11, 9, 0),
	gsSP1Triangle(12, 11, 10, 0),
	gsSP1Triangle(12, 13, 11, 0),
	gsSP1Triangle(14, 13, 12, 0),
	gsSP1Triangle(14, 15, 13, 0),
	gsSPVertex(wf_dl_Cube_013_mesh_layer_1_vtx_0 + 220, 16, 0),
	gsSP1Triangle(0, 1, 2, 0),
	gsSP1Triangle(0, 3, 1, 0),
	gsSP1Triangle(2, 1, 4, 0),
	gsSP1Triangle(2, 4, 5, 0),
	gsSP1Triangle(5, 4, 6, 0),
	gsSP1Triangle(5, 6, 7, 0),
	gsSP1Triangle(7, 6, 8, 0),
	gsSP1Triangle(7, 8, 9, 0),
	gsSP1Triangle(10, 11, 12, 0),
	gsSP1Triangle(10, 12, 13, 0),
	gsSP1Triangle(13, 12, 14, 0),
	gsSP1Triangle(13, 14, 15, 0),
	gsSPVertex(wf_dl_Cube_013_mesh_layer_1_vtx_0 + 236, 12, 0),
	gsSP1Triangle(0, 1, 2, 0),
	gsSP1Triangle(0, 2, 3, 0),
	gsSP1Triangle(4, 1, 0, 0),
	gsSP1Triangle(4, 5, 1, 0),
	gsSP1Triangle(6, 7, 8, 0),
	gsSP1Triangle(6, 8, 9, 0),
	gsSP1Triangle(9, 8, 10, 0),
	gsSP1Triangle(9, 10, 11, 0),
	gsSPEndDisplayList(),
};

Vtx wf_dl_Cube_013_mesh_layer_1_vtx_1[107] = {
	{{{0, 109, 0},0, {3064, 1326},{0x80, 0xB7, 0xFF, 0xFF}}},
	{{{-488, 109, 467},0, {2218, 2181},{0x80, 0xB7, 0xFF, 0xFF}}},
	{{{0, 109, 467},0, {3018, 2033},{0x80, 0xB7, 0xFF, 0xFF}}},
	{{{-488, 109, 0},0, {2229, 1374},{0x80, 0xB7, 0xFF, 0xFF}}},
	{{{0, 109, -467},0, {3109, 620},{0x80, 0xB7, 0xFF, 0xFF}}},
	{{{-488, 109, -467},0, {2240, 567},{0x80, 0xB7, 0xFF, 0xFF}}},
	{{{-977, 109, 0},0, {1394, 1421},{0x80, 0xB7, 0xFF, 0xFF}}},
	{{{-977, 109, -467},0, {1370, 514},{0x80, 0xB7, 0xFF, 0xFF}}},
	{{{-1788, 109, -467},0, {3, 601},{0x80, 0xB7, 0xFF, 0xFF}}},
	{{{-1788, 109, 0},0, {53, 1406},{0x80, 0xB7, 0xFF, 0xFF}}},
	{{{-2599, 109, -467},0, {-1364, 689},{0x80, 0xB7, 0xFF, 0xFF}}},
	{{{-2599, 109, 0},0, {-1288, 1391},{0x80, 0xB7, 0xFF, 0xFF}}},
	{{{-1788, 109, 467},0, {104, 2211},{0x80, 0xB7, 0xFF, 0xFF}}},
	{{{-2599, 109, 467},0, {-1211, 2094},{0x80, 0xB7, 0xFF, 0xFF}}},
	{{{-977, 109, 467},0, {1419, 2329},{0x80, 0xB7, 0xFF, 0xFF}}},
	{{{-2599, 109, -467},0, {-1364, 689},{0x80, 0xB7, 0xFF, 0xFF}}},
	{{{-2935, 942, -581},0, {-3206, -137},{0xB2, 0xD4, 0xFF, 0xFF}}},
	{{{-2948, 659, -397},0, {-2771, 660},{0xA1, 0xCA, 0xFF, 0xFF}}},
	{{{-2471, 735, -607},0, {-1858, -350},{0xA1, 0xCA, 0xFF, 0xFF}}},
	{{{-1788, 109, -467},0, {3, 601},{0x80, 0xB7, 0xFF, 0xFF}}},
	{{{-1784, 667, -616},0, {-290, -611},{0xA1, 0xCA, 0xFF, 0xFF}}},
	{{{-977, 109, -467},0, {1370, 514},{0x80, 0xB7, 0xFF, 0xFF}}},
	{{{-1066, 659, -617},0, {1273, -766},{0xA1, 0xCA, 0xFF, 0xFF}}},
	{{{-497, 659, -617},0, {2575, -674},{0xA1, 0xCA, 0xFF, 0xFF}}},
	{{{-488, 109, -467},0, {2240, 567},{0x80, 0xB7, 0xFF, 0xFF}}},
	{{{0, 659, -617},0, {3725, -436},{0xA1, 0xCA, 0xFF, 0xFF}}},
	{{{0, 109, -467},0, {3109, 620},{0x80, 0xB7, 0xFF, 0xFF}}},
	{{{383, 934, -582},0, {4968, -284},{0xB2, 0xD4, 0xFF, 0xFF}}},
	{{{383, 659, -397},0, {4551, 544},{0xA1, 0xCA, 0xFF, 0xFF}}},
	{{{383, 1209, -767},0, {5385, -1113},{0xC2, 0xDD, 0xFF, 0xFF}}},
	{{{16, 1186, -761},0, {4340, -1493},{0xC2, 0xDD, 0xFF, 0xFF}}},
	{{{16, 1186, -761},0, {4340, -1493},{0xC2, 0xDD, 0xFF, 0xFF}}},
	{{{-489, 1186, -765},0, {2924, -1919},{0xC2, 0xDD, 0xFF, 0xFF}}},
	{{{-497, 659, -617},0, {2575, -674},{0xA1, 0xCA, 0xFF, 0xFF}}},
	{{{-1066, 659, -617},0, {1273, -766},{0xA1, 0xCA, 0xFF, 0xFF}}},
	{{{-997, 1186, -765},0, {1315, -2085},{0xC2, 0xDD, 0xFF, 0xFF}}},
	{{{-1789, 1187, -765},0, {-568, -1824},{0xC2, 0xDD, 0xFF, 0xFF}}},
	{{{-1784, 667, -616},0, {-290, -611},{0xA1, 0xCA, 0xFF, 0xFF}}},
	{{{-2573, 1190, -764},0, {-2340, -1356},{0xC2, 0xDD, 0xFF, 0xFF}}},
	{{{-2471, 735, -607},0, {-1858, -350},{0xA1, 0xCA, 0xFF, 0xFF}}},
	{{{-2951, 1198, -763},0, {-3639, -932},{0xC2, 0xDD, 0xFF, 0xFF}}},
	{{{-2935, 942, -581},0, {-3206, -137},{0xB2, 0xD4, 0xFF, 0xFF}}},
	{{{-3282, 1208, -760},0, {-4635, -561},{0xC2, 0xDD, 0xFF, 0xFF}}},
	{{{-3287, 1198, -550},0, {-4406, 35},{0xC2, 0xDD, 0xFF, 0xFF}}},
	{{{-2948, 659, -397},0, {-2771, 660},{0xA1, 0xCA, 0xFF, 0xFF}}},
	{{{-3283, 1186, -315},0, {-4178, 632},{0xC2, 0xDD, 0xFF, 0xFF}}},
	{{{-2948, 659, 0},0, {-2741, 1480},{0xA1, 0xCA, 0xFF, 0xFF}}},
	{{{-2948, 659, 0},0, {-2741, 1480},{0xA1, 0xCA, 0xFF, 0xFF}}},
	{{{-3283, 1186, -315},0, {-4178, 632},{0xC2, 0xDD, 0xFF, 0xFF}}},
	{{{-3298, 1209, 0},0, {-4194, 1569},{0xC2, 0xDD, 0xFF, 0xFF}}},
	{{{-2948, 659, 397},0, {-2710, 2300},{0xA1, 0xCA, 0xFF, 0xFF}}},
	{{{-3283, 1186, 315},0, {-4209, 2506},{0xC2, 0xDD, 0xFF, 0xFF}}},
	{{{-2935, 942, 581},0, {-3076, 3217},{0xB2, 0xD4, 0xFF, 0xFF}}},
	{{{-3287, 1198, 550},0, {-4379, 3183},{0xC2, 0xDD, 0xFF, 0xFF}}},
	{{{-2951, 1198, 763},0, {-3436, 4126},{0xC2, 0xDD, 0xFF, 0xFF}}},
	{{{-3282, 1208, 760},0, {-4549, 3860},{0xC2, 0xDD, 0xFF, 0xFF}}},
	{{{-2599, 109, 467},0, {-1211, 2094},{0x80, 0xB7, 0xFF, 0xFF}}},
	{{{-2599, 109, 0},0, {-1288, 1391},{0x80, 0xB7, 0xFF, 0xFF}}},
	{{{-2948, 659, -397},0, {-2771, 660},{0xA1, 0xCA, 0xFF, 0xFF}}},
	{{{-2599, 109, -467},0, {-1364, 689},{0x80, 0xB7, 0xFF, 0xFF}}},
	{{{383, 659, -397},0, {4551, 544},{0xA1, 0xCA, 0xFF, 0xFF}}},
	{{{0, 109, -467},0, {3109, 620},{0x80, 0xB7, 0xFF, 0xFF}}},
	{{{0, 109, 0},0, {3064, 1326},{0x80, 0xB7, 0xFF, 0xFF}}},
	{{{383, 659, -397},0, {4551, 544},{0xA1, 0xCA, 0xFF, 0xFF}}},
	{{{0, 109, 0},0, {3064, 1326},{0x80, 0xB7, 0xFF, 0xFF}}},
	{{{383, 659, 0},0, {4546, 1359},{0xA1, 0xCA, 0xFF, 0xFF}}},
	{{{0, 109, 467},0, {3018, 2033},{0x80, 0xB7, 0xFF, 0xFF}}},
	{{{383, 659, 397},0, {4542, 2173},{0xA1, 0xCA, 0xFF, 0xFF}}},
	{{{767, 1209, 0},0, {6029, 1391},{0xC2, 0xDD, 0xFF, 0xFF}}},
	{{{767, 1209, 326},0, {6067, 2313},{0xC2, 0xDD, 0xFF, 0xFF}}},
	{{{383, 934, 582},0, {4918, 3054},{0xB2, 0xD4, 0xFF, 0xFF}}},
	{{{767, 1209, 546},0, {6248, 2967},{0xC2, 0xDD, 0xFF, 0xFF}}},
	{{{383, 1209, 767},0, {5293, 3936},{0xC2, 0xDD, 0xFF, 0xFF}}},
	{{{751, 1209, 758},0, {6429, 3621},{0xC2, 0xDD, 0xFF, 0xFF}}},
	{{{767, 1209, -326},0, {5992, 468},{0xC2, 0xDD, 0xFF, 0xFF}}},
	{{{767, 1209, -546},0, {6211, -132},{0xC2, 0xDD, 0xFF, 0xFF}}},
	{{{383, 934, -582},0, {4968, -284},{0xB2, 0xD4, 0xFF, 0xFF}}},
	{{{751, 1209, -758},0, {6429, -733},{0xC2, 0xDD, 0xFF, 0xFF}}},
	{{{383, 1209, -767},0, {5385, -1113},{0xC2, 0xDD, 0xFF, 0xFF}}},
	{{{383, 934, 582},0, {4918, 3054},{0xB2, 0xD4, 0xFF, 0xFF}}},
	{{{16, 1186, 761},0, {4156, 4251},{0xC2, 0xDD, 0xFF, 0xFF}}},
	{{{383, 1209, 767},0, {5293, 3936},{0xC2, 0xDD, 0xFF, 0xFF}}},
	{{{0, 659, 617},0, {3587, 3142},{0xA1, 0xCA, 0xFF, 0xFF}}},
	{{{383, 659, 397},0, {4542, 2173},{0xA1, 0xCA, 0xFF, 0xFF}}},
	{{{0, 109, 467},0, {3018, 2033},{0x80, 0xB7, 0xFF, 0xFF}}},
	{{{-497, 659, 617},0, {2546, 3335},{0xA1, 0xCA, 0xFF, 0xFF}}},
	{{{-488, 109, 467},0, {2218, 2181},{0x80, 0xB7, 0xFF, 0xFF}}},
	{{{-1066, 659, 617},0, {1346, 3442},{0xA1, 0xCA, 0xFF, 0xFF}}},
	{{{-977, 109, 467},0, {1419, 2329},{0x80, 0xB7, 0xFF, 0xFF}}},
	{{{-1788, 109, 467},0, {104, 2211},{0x80, 0xB7, 0xFF, 0xFF}}},
	{{{-1784, 667, 616},0, {-134, 3390},{0xA1, 0xCA, 0xFF, 0xFF}}},
	{{{-2599, 109, 467},0, {-1211, 2094},{0x80, 0xB7, 0xFF, 0xFF}}},
	{{{-2471, 735, 607},0, {-1671, 3278},{0xA1, 0xCA, 0xFF, 0xFF}}},
	{{{-2948, 659, 397},0, {-2710, 2300},{0xA1, 0xCA, 0xFF, 0xFF}}},
	{{{-2935, 942, 581},0, {-3076, 3217},{0xB2, 0xD4, 0xFF, 0xFF}}},
	{{{-2573, 1190, 764},0, {-2080, 4372},{0xC2, 0xDD, 0xFF, 0xFF}}},
	{{{-2471, 735, 607},0, {-1671, 3278},{0xA1, 0xCA, 0xFF, 0xFF}}},
	{{{-2935, 942, 581},0, {-3076, 3217},{0xB2, 0xD4, 0xFF, 0xFF}}},
	{{{-2951, 1198, 763},0, {-3436, 4126},{0xC2, 0xDD, 0xFF, 0xFF}}},
	{{{-1789, 1187, 765},0, {-352, 4566},{0xC2, 0xDD, 0xFF, 0xFF}}},
	{{{-1784, 667, 616},0, {-134, 3390},{0xA1, 0xCA, 0xFF, 0xFF}}},
	{{{-997, 1186, 765},0, {1416, 4628},{0xC2, 0xDD, 0xFF, 0xFF}}},
	{{{-1066, 659, 617},0, {1346, 3442},{0xA1, 0xCA, 0xFF, 0xFF}}},
	{{{-497, 659, 617},0, {2546, 3335},{0xA1, 0xCA, 0xFF, 0xFF}}},
	{{{-489, 1186, 765},0, {2887, 4496},{0xC2, 0xDD, 0xFF, 0xFF}}},
	{{{0, 659, 617},0, {3587, 3142},{0xA1, 0xCA, 0xFF, 0xFF}}},
	{{{16, 1186, 761},0, {4156, 4251},{0xC2, 0xDD, 0xFF, 0xFF}}},
};

Gfx wf_dl_Cube_013_mesh_layer_1_tri_1[] = {
	gsSPVertex(wf_dl_Cube_013_mesh_layer_1_vtx_1 + 0, 15, 0),
	gsSP1Triangle(0, 1, 2, 0),
	gsSP1Triangle(0, 3, 1, 0),
	gsSP1Triangle(4, 3, 0, 0),
	gsSP1Triangle(4, 5, 3, 0),
	gsSP1Triangle(5, 6, 3, 0),
	gsSP1Triangle(5, 7, 6, 0),
	gsSP1Triangle(6, 7, 8, 0),
	gsSP1Triangle(6, 8, 9, 0),
	gsSP1Triangle(9, 8, 10, 0),
	gsSP1Triangle(9, 10, 11, 0),
	gsSP1Triangle(12, 9, 11, 0),
	gsSP1Triangle(12, 11, 13, 0),
	gsSP1Triangle(14, 9, 12, 0),
	gsSP1Triangle(14, 6, 9, 0),
	gsSP1Triangle(3, 6, 14, 0),
	gsSP1Triangle(3, 14, 1, 0),
	gsSPVertex(wf_dl_Cube_013_mesh_layer_1_vtx_1 + 15, 16, 0),
	gsSP1Triangle(0, 1, 2, 0),
	gsSP1Triangle(0, 3, 1, 0),
	gsSP1Triangle(4, 3, 0, 0),
	gsSP1Triangle(4, 5, 3, 0),
	gsSP1Triangle(6, 5, 4, 0),
	gsSP1Triangle(6, 7, 5, 0),
	gsSP1Triangle(8, 7, 6, 0),
	gsSP1Triangle(8, 6, 9, 0),
	gsSP1Triangle(10, 8, 9, 0),
	gsSP1Triangle(10, 9, 11, 0),
	gsSP1Triangle(12, 10, 11, 0),
	gsSP1Triangle(12, 11, 13, 0),
	gsSP1Triangle(14, 10, 12, 0),
	gsSP1Triangle(14, 15, 10, 0),
	gsSP1Triangle(15, 8, 10, 0),
	gsSPVertex(wf_dl_Cube_013_mesh_layer_1_vtx_1 + 31, 16, 0),
	gsSP1Triangle(0, 1, 2, 0),
	gsSP1Triangle(1, 3, 2, 0),
	gsSP1Triangle(1, 4, 3, 0),
	gsSP1Triangle(3, 4, 5, 0),
	gsSP1Triangle(3, 5, 6, 0),
	gsSP1Triangle(6, 5, 7, 0),
	gsSP1Triangle(6, 7, 8, 0),
	gsSP1Triangle(8, 7, 9, 0),
	gsSP1Triangle(8, 9, 10, 0),
	gsSP1Triangle(10, 9, 11, 0),
	gsSP1Triangle(10, 11, 12, 0),
	gsSP1Triangle(13, 10, 12, 0),
	gsSP1Triangle(13, 12, 14, 0),
	gsSP1Triangle(15, 13, 14, 0),
	gsSPVertex(wf_dl_Cube_013_mesh_layer_1_vtx_1 + 47, 16, 0),
	gsSP1Triangle(0, 1, 2, 0),
	gsSP1Triangle(3, 0, 2, 0),
	gsSP1Triangle(3, 2, 4, 0),
	gsSP1Triangle(5, 3, 4, 0),
	gsSP1Triangle(5, 4, 6, 0),
	gsSP1Triangle(7, 5, 6, 0),
	gsSP1Triangle(7, 6, 8, 0),
	gsSP1Triangle(9, 0, 3, 0),
	gsSP1Triangle(9, 10, 0, 0),
	gsSP1Triangle(10, 11, 0, 0),
	gsSP1Triangle(10, 12, 11, 0),
	gsSP1Triangle(13, 14, 15, 0),
	gsSPVertex(wf_dl_Cube_013_mesh_layer_1_vtx_1 + 63, 16, 0),
	gsSP1Triangle(0, 1, 2, 0),
	gsSP1Triangle(2, 1, 3, 0),
	gsSP1Triangle(2, 3, 4, 0),
	gsSP1Triangle(5, 2, 4, 0),
	gsSP1Triangle(5, 4, 6, 0),
	gsSP1Triangle(6, 4, 7, 0),
	gsSP1Triangle(6, 7, 8, 0),
	gsSP1Triangle(8, 7, 9, 0),
	gsSP1Triangle(8, 9, 10, 0),
	gsSP1Triangle(11, 2, 5, 0),
	gsSP1Triangle(11, 0, 2, 0),
	gsSP1Triangle(12, 0, 11, 0),
	gsSP1Triangle(12, 13, 0, 0),
	gsSP1Triangle(14, 13, 12, 0),
	gsSP1Triangle(14, 15, 13, 0),
	gsSPVertex(wf_dl_Cube_013_mesh_layer_1_vtx_1 + 79, 16, 0),
	gsSP1Triangle(0, 1, 2, 0),
	gsSP1Triangle(0, 3, 1, 0),
	gsSP1Triangle(4, 3, 0, 0),
	gsSP1Triangle(4, 5, 3, 0),
	gsSP1Triangle(5, 6, 3, 0),
	gsSP1Triangle(5, 7, 6, 0),
	gsSP1Triangle(7, 8, 6, 0),
	gsSP1Triangle(7, 9, 8, 0),
	gsSP1Triangle(8, 9, 10, 0),
	gsSP1Triangle(8, 10, 11, 0),
	gsSP1Triangle(11, 10, 12, 0),
	gsSP1Triangle(11, 12, 13, 0),
	gsSP1Triangle(13, 12, 14, 0),
	gsSP1Triangle(13, 14, 15, 0),
	gsSPVertex(wf_dl_Cube_013_mesh_layer_1_vtx_1 + 95, 12, 0),
	gsSP1Triangle(0, 1, 2, 0),
	gsSP1Triangle(0, 2, 3, 0),
	gsSP1Triangle(4, 1, 0, 0),
	gsSP1Triangle(4, 5, 1, 0),
	gsSP1Triangle(6, 5, 4, 0),
	gsSP1Triangle(6, 7, 5, 0),
	gsSP1Triangle(8, 7, 6, 0),
	gsSP1Triangle(8, 6, 9, 0),
	gsSP1Triangle(10, 8, 9, 0),
	gsSP1Triangle(10, 9, 11, 0),
	gsSPEndDisplayList(),
};

Vtx wf_dl_Cube_013_mesh_layer_1_vtx_2[128] = {
	{{{-992, 1209, -872},0, {496, -10041},{0xC2, 0xDD, 0xFF, 0xFF}}},
	{{{-489, 1179, -972},0, {1008, -9017},{0xC2, 0xDD, 0xFF, 0xFF}}},
	{{{-1002, 1179, -972},0, {1008, -10041},{0xC2, 0xDD, 0xFF, 0xFF}}},
	{{{-488, 1209, -872},0, {496, -9017},{0xC2, 0xDD, 0xFF, 0xFF}}},
	{{{-997, 1186, -765},0, {-16, -10041},{0xC2, 0xDD, 0xFF, 0xFF}}},
	{{{-489, 1186, -765},0, {-16, -9017},{0xC2, 0xDD, 0xFF, 0xFF}}},
	{{{-2, 1209, -872},0, {496, -7995},{0xC2, 0xDD, 0xFF, 0xFF}}},
	{{{16, 1186, -761},0, {-16, -7995},{0xC2, 0xDD, 0xFF, 0xFF}}},
	{{{436, 1209, -872},0, {496, -7013},{0xC2, 0xDD, 0xFF, 0xFF}}},
	{{{383, 1209, -767},0, {-16, -7013},{0xC2, 0xDD, 0xFF, 0xFF}}},
	{{{854, 1209, -860},0, {496, -6045},{0xC2, 0xDD, 0xFF, 0xFF}}},
	{{{751, 1209, -758},0, {-16, -6045},{0xC2, 0xDD, 0xFF, 0xFF}}},
	{{{872, 1209, -599},0, {496, -5360},{0xC2, 0xDD, 0xFF, 0xFF}}},
	{{{767, 1209, -546},0, {-16, -5360},{0xC2, 0xDD, 0xFF, 0xFF}}},
	{{{872, 1209, -323},0, {496, -4687},{0xC2, 0xDD, 0xFF, 0xFF}}},
	{{{767, 1209, -326},0, {-16, -4687},{0xC2, 0xDD, 0xFF, 0xFF}}},
	{{{767, 1209, -326},0, {-16, -4687},{0xC2, 0xDD, 0xFF, 0xFF}}},
	{{{872, 1209, 0},0, {496, -4005},{0xC2, 0xDD, 0xFF, 0xFF}}},
	{{{872, 1209, -323},0, {496, -4687},{0xC2, 0xDD, 0xFF, 0xFF}}},
	{{{767, 1209, 0},0, {-16, -4005},{0xC2, 0xDD, 0xFF, 0xFF}}},
	{{{872, 1209, 323},0, {496, -3322},{0xC2, 0xDD, 0xFF, 0xFF}}},
	{{{767, 1209, 326},0, {-16, -3322},{0xC2, 0xDD, 0xFF, 0xFF}}},
	{{{872, 1209, 599},0, {496, -2650},{0xC2, 0xDD, 0xFF, 0xFF}}},
	{{{767, 1209, 546},0, {-16, -2650},{0xC2, 0xDD, 0xFF, 0xFF}}},
	{{{854, 1209, 860},0, {496, -1964},{0xC2, 0xDD, 0xFF, 0xFF}}},
	{{{751, 1209, 758},0, {-16, -1964},{0xC2, 0xDD, 0xFF, 0xFF}}},
	{{{436, 1209, 872},0, {496, -997},{0xC2, 0xDD, 0xFF, 0xFF}}},
	{{{383, 1209, 767},0, {-16, -997},{0xC2, 0xDD, 0xFF, 0xFF}}},
	{{{-2, 1209, 872},0, {496, -14},{0xC2, 0xDD, 0xFF, 0xFF}}},
	{{{16, 1186, 761},0, {-16, -14},{0xC2, 0xDD, 0xFF, 0xFF}}},
	{{{-488, 1209, 872},0, {496, 1008},{0xC2, 0xDD, 0xFF, 0xFF}}},
	{{{-489, 1186, 765},0, {-16, 1008},{0xC2, 0xDD, 0xFF, 0xFF}}},
	{{{-489, 1186, 765},0, {-16, 1008},{0xC2, 0xDD, 0xFF, 0xFF}}},
	{{{-992, 1209, 872},0, {496, 2064},{0xC2, 0xDD, 0xFF, 0xFF}}},
	{{{-488, 1209, 872},0, {496, 1008},{0xC2, 0xDD, 0xFF, 0xFF}}},
	{{{-997, 1186, 765},0, {-16, 2064},{0xC2, 0xDD, 0xFF, 0xFF}}},
	{{{-1824, 1209, 872},0, {496, 3825},{0xC2, 0xDD, 0xFF, 0xFF}}},
	{{{-1789, 1187, 765},0, {-16, 3825},{0xC2, 0xDD, 0xFF, 0xFF}}},
	{{{-2652, 1209, 872},0, {496, 5577},{0xC2, 0xDD, 0xFF, 0xFF}}},
	{{{-2573, 1190, 764},0, {-16, 5577},{0xC2, 0xDD, 0xFF, 0xFF}}},
	{{{-3037, 1209, 872},0, {496, 6437},{0xC2, 0xDD, 0xFF, 0xFF}}},
	{{{-2951, 1198, 763},0, {-16, 6437},{0xC2, 0xDD, 0xFF, 0xFF}}},
	{{{-3387, 1209, 860},0, {496, 7251},{0xC2, 0xDD, 0xFF, 0xFF}}},
	{{{-3282, 1208, 760},0, {-16, 7251},{0xC2, 0xDD, 0xFF, 0xFF}}},
	{{{-3403, 1209, 599},0, {496, 7930},{0xC2, 0xDD, 0xFF, 0xFF}}},
	{{{-3287, 1198, 550},0, {-16, 7930},{0xC2, 0xDD, 0xFF, 0xFF}}},
	{{{-3403, 1209, 323},0, {496, 8603},{0xC2, 0xDD, 0xFF, 0xFF}}},
	{{{-3283, 1186, 315},0, {-16, 8603},{0xC2, 0xDD, 0xFF, 0xFF}}},
	{{{-3283, 1186, 315},0, {-16, 8603},{0xC2, 0xDD, 0xFF, 0xFF}}},
	{{{-3403, 1209, 0},0, {496, 9285},{0xC2, 0xDD, 0xFF, 0xFF}}},
	{{{-3403, 1209, 323},0, {496, 8603},{0xC2, 0xDD, 0xFF, 0xFF}}},
	{{{-3298, 1209, 0},0, {-16, 9285},{0xC2, 0xDD, 0xFF, 0xFF}}},
	{{{-3403, 1209, -323},0, {496, 9967},{0xC2, 0xDD, 0xFF, 0xFF}}},
	{{{-3283, 1186, -315},0, {-16, 9967},{0xC2, 0xDD, 0xFF, 0xFF}}},
	{{{-3403, 1209, -599},0, {496, 10640},{0xC2, 0xDD, 0xFF, 0xFF}}},
	{{{-3287, 1198, -550},0, {-16, 10640},{0xC2, 0xDD, 0xFF, 0xFF}}},
	{{{-3387, 1209, -860},0, {496, 11319},{0xC2, 0xDD, 0xFF, 0xFF}}},
	{{{-3282, 1208, -760},0, {-16, 11319},{0xC2, 0xDD, 0xFF, 0xFF}}},
	{{{-3037, 1209, -872},0, {496, 12133},{0xC2, 0xDD, 0xFF, 0xFF}}},
	{{{-2951, 1198, -763},0, {-16, 12133},{0xC2, 0xDD, 0xFF, 0xFF}}},
	{{{-2652, 1209, -872},0, {496, 12994},{0xC2, 0xDD, 0xFF, 0xFF}}},
	{{{-2573, 1190, -764},0, {-16, 12994},{0xC2, 0xDD, 0xFF, 0xFF}}},
	{{{-1824, 1209, -872},0, {496, 14746},{0xC2, 0xDD, 0xFF, 0xFF}}},
	{{{-1789, 1187, -765},0, {-16, 14746},{0xC2, 0xDD, 0xFF, 0xFF}}},
	{{{-1789, 1187, -765},0, {-16, 14746},{0xC2, 0xDD, 0xFF, 0xFF}}},
	{{{-992, 1209, -872},0, {496, 16538},{0xC2, 0xDD, 0xFF, 0xFF}}},
	{{{-1824, 1209, -872},0, {496, 14746},{0xC2, 0xDD, 0xFF, 0xFF}}},
	{{{-997, 1186, -765},0, {-16, 16538},{0xC2, 0xDD, 0xFF, 0xFF}}},
	{{{-1002, 1179, -972},0, {1008, 16538},{0xC2, 0xDD, 0xFF, 0xFF}}},
	{{{-1859, 1179, -972},0, {1008, 14746},{0xC2, 0xDD, 0xFF, 0xFF}}},
	{{{-2652, 1209, -872},0, {496, 12994},{0xC2, 0xDD, 0xFF, 0xFF}}},
	{{{-2711, 1179, -972},0, {1008, 12994},{0xC2, 0xDD, 0xFF, 0xFF}}},
	{{{-3037, 1209, -872},0, {496, 12133},{0xC2, 0xDD, 0xFF, 0xFF}}},
	{{{-3121, 1179, -972},0, {1008, 12133},{0xC2, 0xDD, 0xFF, 0xFF}}},
	{{{-3387, 1209, -860},0, {496, 11319},{0xC2, 0xDD, 0xFF, 0xFF}}},
	{{{-3479, 1179, -952},0, {1008, 11319},{0xC2, 0xDD, 0xFF, 0xFF}}},
	{{{-3403, 1209, -599},0, {496, 10640},{0xC2, 0xDD, 0xFF, 0xFF}}},
	{{{-3503, 1179, -648},0, {1008, 10640},{0xC2, 0xDD, 0xFF, 0xFF}}},
	{{{-3403, 1209, -323},0, {496, 9967},{0xC2, 0xDD, 0xFF, 0xFF}}},
	{{{-3508, 1209, -326},0, {1008, 9967},{0xC2, 0xDD, 0xFF, 0xFF}}},
	{{{-3403, 1209, 0},0, {496, 9285},{0xC2, 0xDD, 0xFF, 0xFF}}},
	{{{-3403, 1209, -323},0, {496, 9967},{0xC2, 0xDD, 0xFF, 0xFF}}},
	{{{-3508, 1209, -326},0, {1008, 9967},{0xC2, 0xDD, 0xFF, 0xFF}}},
	{{{-3508, 1209, 0},0, {1008, 9285},{0xC2, 0xDD, 0xFF, 0xFF}}},
	{{{-3403, 1209, 323},0, {496, 8603},{0xC2, 0xDD, 0xFF, 0xFF}}},
	{{{-3508, 1209, 326},0, {1008, 8603},{0xC2, 0xDD, 0xFF, 0xFF}}},
	{{{-3403, 1209, 599},0, {496, 7930},{0xC2, 0xDD, 0xFF, 0xFF}}},
	{{{-3503, 1179, 648},0, {1008, 7930},{0xC2, 0xDD, 0xFF, 0xFF}}},
	{{{-3387, 1209, 860},0, {496, 7251},{0xC2, 0xDD, 0xFF, 0xFF}}},
	{{{-3479, 1179, 952},0, {1008, 7251},{0xC2, 0xDD, 0xFF, 0xFF}}},
	{{{-3037, 1209, 872},0, {496, 6437},{0xC2, 0xDD, 0xFF, 0xFF}}},
	{{{-3121, 1179, 972},0, {1008, 6437},{0xC2, 0xDD, 0xFF, 0xFF}}},
	{{{-2652, 1209, 872},0, {496, 5577},{0xC2, 0xDD, 0xFF, 0xFF}}},
	{{{-2711, 1179, 972},0, {1008, 5577},{0xC2, 0xDD, 0xFF, 0xFF}}},
	{{{-1824, 1209, 872},0, {496, 3825},{0xC2, 0xDD, 0xFF, 0xFF}}},
	{{{-1859, 1179, 972},0, {1008, 3825},{0xC2, 0xDD, 0xFF, 0xFF}}},
	{{{-992, 1209, 872},0, {496, 2064},{0xC2, 0xDD, 0xFF, 0xFF}}},
	{{{-1824, 1209, 872},0, {496, 3825},{0xC2, 0xDD, 0xFF, 0xFF}}},
	{{{-1859, 1179, 972},0, {1008, 3825},{0xC2, 0xDD, 0xFF, 0xFF}}},
	{{{-1002, 1179, 972},0, {1008, 2064},{0xC2, 0xDD, 0xFF, 0xFF}}},
	{{{-488, 1209, 872},0, {496, 1008},{0xC2, 0xDD, 0xFF, 0xFF}}},
	{{{-489, 1179, 972},0, {1008, 1008},{0xC2, 0xDD, 0xFF, 0xFF}}},
	{{{-2, 1209, 872},0, {496, -14},{0xC2, 0xDD, 0xFF, 0xFF}}},
	{{{0, 1209, 977},0, {1008, -14},{0xC2, 0xDD, 0xFF, 0xFF}}},
	{{{436, 1209, 872},0, {496, -997},{0xC2, 0xDD, 0xFF, 0xFF}}},
	{{{488, 1209, 977},0, {1008, -997},{0xC2, 0xDD, 0xFF, 0xFF}}},
	{{{854, 1209, 860},0, {496, -1964},{0xC2, 0xDD, 0xFF, 0xFF}}},
	{{{956, 1209, 963},0, {1008, -1964},{0xC2, 0xDD, 0xFF, 0xFF}}},
	{{{872, 1209, 599},0, {496, -2650},{0xC2, 0xDD, 0xFF, 0xFF}}},
	{{{977, 1209, 651},0, {1008, -2650},{0xC2, 0xDD, 0xFF, 0xFF}}},
	{{{872, 1209, 323},0, {496, -3322},{0xC2, 0xDD, 0xFF, 0xFF}}},
	{{{977, 1209, 326},0, {1008, -3322},{0xC2, 0xDD, 0xFF, 0xFF}}},
	{{{872, 1209, 0},0, {496, -4005},{0xC2, 0xDD, 0xFF, 0xFF}}},
	{{{872, 1209, 323},0, {496, -3322},{0xC2, 0xDD, 0xFF, 0xFF}}},
	{{{977, 1209, 326},0, {1008, -3322},{0xC2, 0xDD, 0xFF, 0xFF}}},
	{{{977, 1209, 0},0, {1008, -4005},{0xC2, 0xDD, 0xFF, 0xFF}}},
	{{{872, 1209, -323},0, {496, -4687},{0xC2, 0xDD, 0xFF, 0xFF}}},
	{{{977, 1209, -326},0, {1008, -4687},{0xC2, 0xDD, 0xFF, 0xFF}}},
	{{{872, 1209, -599},0, {496, -5360},{0xC2, 0xDD, 0xFF, 0xFF}}},
	{{{977, 1209, -651},0, {1008, -5360},{0xC2, 0xDD, 0xFF, 0xFF}}},
	{{{854, 1209, -860},0, {496, -6045},{0xC2, 0xDD, 0xFF, 0xFF}}},
	{{{956, 1209, -963},0, {1008, -6045},{0xC2, 0xDD, 0xFF, 0xFF}}},
	{{{436, 1209, -872},0, {496, -7013},{0xC2, 0xDD, 0xFF, 0xFF}}},
	{{{488, 1209, -977},0, {1008, -7013},{0xC2, 0xDD, 0xFF, 0xFF}}},
	{{{-2, 1209, -872},0, {496, -7995},{0xC2, 0xDD, 0xFF, 0xFF}}},
	{{{0, 1209, -977},0, {1008, -7995},{0xC2, 0xDD, 0xFF, 0xFF}}},
	{{{-488, 1209, -872},0, {496, -9017},{0xC2, 0xDD, 0xFF, 0xFF}}},
	{{{-489, 1179, -972},0, {1008, -9017},{0xC2, 0xDD, 0xFF, 0xFF}}},
};

Gfx wf_dl_Cube_013_mesh_layer_1_tri_2[] = {
	gsSPVertex(wf_dl_Cube_013_mesh_layer_1_vtx_2 + 0, 16, 0),
	gsSP1Triangle(0, 1, 2, 0),
	gsSP1Triangle(0, 3, 1, 0),
	gsSP1Triangle(4, 3, 0, 0),
	gsSP1Triangle(4, 5, 3, 0),
	gsSP1Triangle(5, 6, 3, 0),
	gsSP1Triangle(5, 7, 6, 0),
	gsSP1Triangle(7, 8, 6, 0),
	gsSP1Triangle(7, 9, 8, 0),
	gsSP1Triangle(9, 10, 8, 0),
	gsSP1Triangle(9, 11, 10, 0),
	gsSP1Triangle(11, 12, 10, 0),
	gsSP1Triangle(11, 13, 12, 0),
	gsSP1Triangle(13, 14, 12, 0),
	gsSP1Triangle(13, 15, 14, 0),
	gsSPVertex(wf_dl_Cube_013_mesh_layer_1_vtx_2 + 16, 16, 0),
	gsSP1Triangle(0, 1, 2, 0),
	gsSP1Triangle(0, 3, 1, 0),
	gsSP1Triangle(3, 4, 1, 0),
	gsSP1Triangle(3, 5, 4, 0),
	gsSP1Triangle(5, 6, 4, 0),
	gsSP1Triangle(5, 7, 6, 0),
	gsSP1Triangle(7, 8, 6, 0),
	gsSP1Triangle(7, 9, 8, 0),
	gsSP1Triangle(9, 10, 8, 0),
	gsSP1Triangle(9, 11, 10, 0),
	gsSP1Triangle(11, 12, 10, 0),
	gsSP1Triangle(11, 13, 12, 0),
	gsSP1Triangle(13, 14, 12, 0),
	gsSP1Triangle(13, 15, 14, 0),
	gsSPVertex(wf_dl_Cube_013_mesh_layer_1_vtx_2 + 32, 16, 0),
	gsSP1Triangle(0, 1, 2, 0),
	gsSP1Triangle(0, 3, 1, 0),
	gsSP1Triangle(3, 4, 1, 0),
	gsSP1Triangle(3, 5, 4, 0),
	gsSP1Triangle(5, 6, 4, 0),
	gsSP1Triangle(5, 7, 6, 0),
	gsSP1Triangle(7, 8, 6, 0),
	gsSP1Triangle(7, 9, 8, 0),
	gsSP1Triangle(9, 10, 8, 0),
	gsSP1Triangle(9, 11, 10, 0),
	gsSP1Triangle(11, 12, 10, 0),
	gsSP1Triangle(11, 13, 12, 0),
	gsSP1Triangle(13, 14, 12, 0),
	gsSP1Triangle(13, 15, 14, 0),
	gsSPVertex(wf_dl_Cube_013_mesh_layer_1_vtx_2 + 48, 16, 0),
	gsSP1Triangle(0, 1, 2, 0),
	gsSP1Triangle(0, 3, 1, 0),
	gsSP1Triangle(3, 4, 1, 0),
	gsSP1Triangle(3, 5, 4, 0),
	gsSP1Triangle(5, 6, 4, 0),
	gsSP1Triangle(5, 7, 6, 0),
	gsSP1Triangle(7, 8, 6, 0),
	gsSP1Triangle(7, 9, 8, 0),
	gsSP1Triangle(9, 10, 8, 0),
	gsSP1Triangle(9, 11, 10, 0),
	gsSP1Triangle(11, 12, 10, 0),
	gsSP1Triangle(11, 13, 12, 0),
	gsSP1Triangle(13, 14, 12, 0),
	gsSP1Triangle(13, 15, 14, 0),
	gsSPVertex(wf_dl_Cube_013_mesh_layer_1_vtx_2 + 64, 16, 0),
	gsSP1Triangle(0, 1, 2, 0),
	gsSP1Triangle(0, 3, 1, 0),
	gsSP1Triangle(2, 1, 4, 0),
	gsSP1Triangle(2, 4, 5, 0),
	gsSP1Triangle(6, 2, 5, 0),
	gsSP1Triangle(6, 5, 7, 0),
	gsSP1Triangle(8, 6, 7, 0),
	gsSP1Triangle(8, 7, 9, 0),
	gsSP1Triangle(10, 8, 9, 0),
	gsSP1Triangle(10, 9, 11, 0),
	gsSP1Triangle(12, 10, 11, 0),
	gsSP1Triangle(12, 11, 13, 0),
	gsSP1Triangle(14, 12, 13, 0),
	gsSP1Triangle(14, 13, 15, 0),
	gsSPVertex(wf_dl_Cube_013_mesh_layer_1_vtx_2 + 80, 16, 0),
	gsSP1Triangle(0, 1, 2, 0),
	gsSP1Triangle(0, 2, 3, 0),
	gsSP1Triangle(4, 0, 3, 0),
	gsSP1Triangle(4, 3, 5, 0),
	gsSP1Triangle(6, 4, 5, 0),
	gsSP1Triangle(6, 5, 7, 0),
	gsSP1Triangle(8, 6, 7, 0),
	gsSP1Triangle(8, 7, 9, 0),
	gsSP1Triangle(10, 8, 9, 0),
	gsSP1Triangle(10, 9, 11, 0),
	gsSP1Triangle(12, 10, 11, 0),
	gsSP1Triangle(12, 11, 13, 0),
	gsSP1Triangle(14, 12, 13, 0),
	gsSP1Triangle(14, 13, 15, 0),
	gsSPVertex(wf_dl_Cube_013_mesh_layer_1_vtx_2 + 96, 16, 0),
	gsSP1Triangle(0, 1, 2, 0),
	gsSP1Triangle(0, 2, 3, 0),
	gsSP1Triangle(4, 0, 3, 0),
	gsSP1Triangle(4, 3, 5, 0),
	gsSP1Triangle(6, 4, 5, 0),
	gsSP1Triangle(6, 5, 7, 0),
	gsSP1Triangle(8, 6, 7, 0),
	gsSP1Triangle(8, 7, 9, 0),
	gsSP1Triangle(10, 8, 9, 0),
	gsSP1Triangle(10, 9, 11, 0),
	gsSP1Triangle(12, 10, 11, 0),
	gsSP1Triangle(12, 11, 13, 0),
	gsSP1Triangle(14, 12, 13, 0),
	gsSP1Triangle(14, 13, 15, 0),
	gsSPVertex(wf_dl_Cube_013_mesh_layer_1_vtx_2 + 112, 16, 0),
	gsSP1Triangle(0, 1, 2, 0),
	gsSP1Triangle(0, 2, 3, 0),
	gsSP1Triangle(4, 0, 3, 0),
	gsSP1Triangle(4, 3, 5, 0),
	gsSP1Triangle(6, 4, 5, 0),
	gsSP1Triangle(6, 5, 7, 0),
	gsSP1Triangle(8, 6, 7, 0),
	gsSP1Triangle(8, 7, 9, 0),
	gsSP1Triangle(10, 8, 9, 0),
	gsSP1Triangle(10, 9, 11, 0),
	gsSP1Triangle(12, 10, 11, 0),
	gsSP1Triangle(12, 11, 13, 0),
	gsSP1Triangle(14, 12, 13, 0),
	gsSP1Triangle(14, 13, 15, 0),
	gsSPEndDisplayList(),
};

Vtx wf_dl_Cube_015_mesh_layer_1_vtx_0[184] = {
	{{{121, 2325, 1055},0, {1008, 496},{0xFF, 0xA3, 0x98, 0xFF}}},
	{{{359, 2221, 829},0, {2032, -16},{0xFF, 0x8A, 0x7B, 0xFF}}},
	{{{415, 2328, 901},0, {1008, -16},{0xFF, 0xA3, 0x98, 0xFF}}},
	{{{117, 2195, 905},0, {2032, 496},{0xFF, 0x8A, 0x7B, 0xFF}}},
	{{{-287, 2324, 1077},0, {1008, 1008},{0xFF, 0xA3, 0x98, 0xFF}}},
	{{{-287, 2190, 921},0, {2032, 1008},{0xFF, 0x8A, 0x7B, 0xFF}}},
	{{{-696, 2325, 1055},0, {1008, 1520},{0xFF, 0xA3, 0x98, 0xFF}}},
	{{{-691, 2195, 905},0, {2032, 1520},{0xFF, 0x8A, 0x7B, 0xFF}}},
	{{{-990, 2328, 901},0, {1008, 2032},{0xFF, 0xA3, 0x98, 0xFF}}},
	{{{-934, 2221, 829},0, {2032, 2032},{0xFF, 0x8A, 0x7B, 0xFF}}},
	{{{107, 2501, 1044},0, {-16, 496},{0xFF, 0xBC, 0xB4, 0xFF}}},
	{{{399, 2501, 889},0, {-16, -16},{0xFF, 0xBC, 0xB4, 0xFF}}},
	{{{-287, 2501, 1066},0, {-16, 1008},{0xFF, 0xBC, 0xB4, 0xFF}}},
	{{{-682, 2501, 1044},0, {-16, 1520},{0xFF, 0xBC, 0xB4, 0xFF}}},
	{{{-974, 2501, 889},0, {-16, 2032},{0xFF, 0xBC, 0xB4, 0xFF}}},
	{{{-1110, 2325, 524},0, {1008, 496},{0xFF, 0xA3, 0x98, 0xFF}}},
	{{{-934, 2221, 829},0, {2032, -16},{0xFF, 0x8A, 0x7B, 0xFF}}},
	{{{-990, 2328, 901},0, {1008, -16},{0xFF, 0xA3, 0x98, 0xFF}}},
	{{{-994, 2195, 518},0, {2032, 496},{0xFF, 0x8A, 0x7B, 0xFF}}},
	{{{-1127, 2324, 0},0, {1008, 1008},{0xFF, 0xA3, 0x98, 0xFF}}},
	{{{-1006, 2190, 0},0, {2032, 1008},{0xFF, 0x8A, 0x7B, 0xFF}}},
	{{{-1110, 2325, -524},0, {1008, 1520},{0xFF, 0xA3, 0x98, 0xFF}}},
	{{{-994, 2195, -518},0, {2032, 1520},{0xFF, 0x8A, 0x7B, 0xFF}}},
	{{{-990, 2328, -901},0, {1008, 2032},{0xFF, 0xA3, 0x98, 0xFF}}},
	{{{-934, 2221, -829},0, {2032, 2032},{0xFF, 0x8A, 0x7B, 0xFF}}},
	{{{-1094, 2501, 511},0, {-16, 496},{0xFF, 0xBC, 0xB4, 0xFF}}},
	{{{-974, 2501, 889},0, {-16, -16},{0xFF, 0xBC, 0xB4, 0xFF}}},
	{{{-1111, 2501, 0},0, {-16, 1008},{0xFF, 0xBC, 0xB4, 0xFF}}},
	{{{-1094, 2501, -511},0, {-16, 1520},{0xFF, 0xBC, 0xB4, 0xFF}}},
	{{{-974, 2501, -889},0, {-16, 2032},{0xFF, 0xBC, 0xB4, 0xFF}}},
	{{{535, 2325, -524},0, {1008, 496},{0xFF, 0xA3, 0x98, 0xFF}}},
	{{{359, 2221, -829},0, {2032, -16},{0xFF, 0x8A, 0x7B, 0xFF}}},
	{{{415, 2328, -901},0, {1008, -16},{0xFF, 0xA3, 0x98, 0xFF}}},
	{{{419, 2195, -518},0, {2032, 496},{0xFF, 0x8A, 0x7B, 0xFF}}},
	{{{552, 2324, 0},0, {1008, 1008},{0xFF, 0xA3, 0x98, 0xFF}}},
	{{{431, 2190, 0},0, {2032, 1008},{0xFF, 0x8A, 0x7B, 0xFF}}},
	{{{535, 2325, 524},0, {1008, 1520},{0xFF, 0xA3, 0x98, 0xFF}}},
	{{{419, 2195, 518},0, {2032, 1520},{0xFF, 0x8A, 0x7B, 0xFF}}},
	{{{415, 2328, 901},0, {1008, 2032},{0xFF, 0xA3, 0x98, 0xFF}}},
	{{{359, 2221, 829},0, {2032, 2032},{0xFF, 0x8A, 0x7B, 0xFF}}},
	{{{519, 2501, -511},0, {-16, 496},{0xFF, 0xBC, 0xB4, 0xFF}}},
	{{{399, 2501, -889},0, {-16, -16},{0xFF, 0xBC, 0xB4, 0xFF}}},
	{{{536, 2501, 0},0, {-16, 1008},{0xFF, 0xBC, 0xB4, 0xFF}}},
	{{{519, 2501, 511},0, {-16, 1520},{0xFF, 0xBC, 0xB4, 0xFF}}},
	{{{399, 2501, 889},0, {-16, 2032},{0xFF, 0xBC, 0xB4, 0xFF}}},
	{{{-696, 2325, -1055},0, {1008, 496},{0xFF, 0xA3, 0x98, 0xFF}}},
	{{{-934, 2221, -829},0, {2032, -16},{0xFF, 0x8A, 0x7B, 0xFF}}},
	{{{-990, 2328, -901},0, {1008, -16},{0xFF, 0xA3, 0x98, 0xFF}}},
	{{{-691, 2195, -905},0, {2032, 496},{0xFF, 0x8A, 0x7B, 0xFF}}},
	{{{-287, 2324, -1077},0, {1008, 1008},{0xFF, 0xA3, 0x98, 0xFF}}},
	{{{-287, 2190, -921},0, {2032, 1008},{0xFF, 0x8A, 0x7B, 0xFF}}},
	{{{121, 2325, -1055},0, {1008, 1520},{0xFF, 0xA3, 0x98, 0xFF}}},
	{{{117, 2195, -905},0, {2032, 1520},{0xFF, 0x8A, 0x7B, 0xFF}}},
	{{{415, 2328, -901},0, {1008, 2032},{0xFF, 0xA3, 0x98, 0xFF}}},
	{{{359, 2221, -829},0, {2032, 2032},{0xFF, 0x8A, 0x7B, 0xFF}}},
	{{{-682, 2501, -1044},0, {-16, 496},{0xFF, 0xBC, 0xB4, 0xFF}}},
	{{{-974, 2501, -889},0, {-16, -16},{0xFF, 0xBC, 0xB4, 0xFF}}},
	{{{-287, 2501, -1066},0, {-16, 1008},{0xFF, 0xBC, 0xB4, 0xFF}}},
	{{{107, 2501, -1044},0, {-16, 1520},{0xFF, 0xBC, 0xB4, 0xFF}}},
	{{{399, 2501, -889},0, {-16, 2032},{0xFF, 0xBC, 0xB4, 0xFF}}},
	{{{-904, 2856, -418},0, {1520, 2032},{0xFF, 0xA5, 0xF5, 0xFF}}},
	{{{-812, 2856, -727},0, {2032, 2032},{0xFF, 0xB3, 0xEC, 0xFF}}},
	{{{-905, 2680, -820},0, {2032, 1008},{0xFF, 0xB8, 0xD0, 0xFF}}},
	{{{-1013, 2680, -471},0, {1520, 1008},{0xFF, 0xB1, 0xD5, 0xFF}}},
	{{{-974, 2501, -889},0, {2032, -16},{0xFF, 0xBC, 0xB4, 0xFF}}},
	{{{-1094, 2501, -511},0, {1520, -16},{0xFF, 0xBC, 0xB4, 0xFF}}},
	{{{-1028, 2680, 0},0, {1008, 1008},{0xFF, 0xAA, 0xD9, 0xFF}}},
	{{{-1111, 2501, 0},0, {1008, -16},{0xFF, 0xBC, 0xB4, 0xFF}}},
	{{{-1013, 2680, 471},0, {496, 1008},{0xFF, 0xB1, 0xD4, 0xFF}}},
	{{{-1094, 2501, 511},0, {496, -16},{0xFF, 0xBC, 0xB4, 0xFF}}},
	{{{-905, 2680, 820},0, {-16, 1008},{0xFF, 0xB8, 0xCF, 0xFF}}},
	{{{-974, 2501, 889},0, {-16, -16},{0xFF, 0xBC, 0xB4, 0xFF}}},
	{{{-812, 2856, 727},0, {-16, 2032},{0xFF, 0xB3, 0xEA, 0xFF}}},
	{{{-904, 2856, 418},0, {496, 2032},{0xFF, 0xA5, 0xF4, 0xFF}}},
	{{{-917, 2856, 0},0, {1008, 2032},{0xFF, 0x97, 0xFE, 0xFF}}},
	{{{14, 2856, -854},0, {1520, 2032},{0xFF, 0xB2, 0xEC, 0xFF}}},
	{{{237, 2856, -727},0, {2032, 2032},{0xFF, 0xB3, 0xEB, 0xFF}}},
	{{{330, 2680, -820},0, {2032, 1008},{0xFF, 0xB8, 0xD0, 0xFF}}},
	{{{68, 2680, -963},0, {1520, 1008},{0xFF, 0xB7, 0xD0, 0xFF}}},
	{{{399, 2501, -889},0, {2032, -16},{0xFF, 0xBC, 0xB4, 0xFF}}},
	{{{107, 2501, -1044},0, {1520, -16},{0xFF, 0xBC, 0xB4, 0xFF}}},
	{{{-287, 2680, -984},0, {1008, 1008},{0xFF, 0xB6, 0xD1, 0xFF}}},
	{{{-287, 2501, -1066},0, {1008, -16},{0xFF, 0xBC, 0xB4, 0xFF}}},
	{{{-642, 2680, -963},0, {496, 1008},{0xFF, 0xB7, 0xD0, 0xFF}}},
	{{{-682, 2501, -1044},0, {496, -16},{0xFF, 0xBC, 0xB4, 0xFF}}},
	{{{-905, 2680, -820},0, {-16, 1008},{0xFF, 0xB8, 0xD0, 0xFF}}},
	{{{-974, 2501, -889},0, {-16, -16},{0xFF, 0xBC, 0xB4, 0xFF}}},
	{{{-812, 2856, -727},0, {-16, 2032},{0xFF, 0xB3, 0xEC, 0xFF}}},
	{{{-589, 2856, -854},0, {496, 2032},{0xFF, 0xB2, 0xED, 0xFF}}},
	{{{-287, 2856, -872},0, {1008, 2032},{0xFF, 0xB0, 0xED, 0xFF}}},
	{{{-589, 2856, 854},0, {1520, 2032},{0xFF, 0xB3, 0xEB, 0xFF}}},
	{{{-812, 2856, 727},0, {2032, 2032},{0xFF, 0xB3, 0xEA, 0xFF}}},
	{{{-905, 2680, 820},0, {2032, 1008},{0xFF, 0xB8, 0xCF, 0xFF}}},
	{{{-642, 2680, 963},0, {1520, 1008},{0xFF, 0xB7, 0xD0, 0xFF}}},
	{{{-974, 2501, 889},0, {2032, -16},{0xFF, 0xBC, 0xB4, 0xFF}}},
	{{{-682, 2501, 1044},0, {1520, -16},{0xFF, 0xBC, 0xB4, 0xFF}}},
	{{{-287, 2680, 984},0, {1008, 1008},{0xFF, 0xB7, 0xD0, 0xFF}}},
	{{{-287, 2501, 1066},0, {1008, -16},{0xFF, 0xBC, 0xB4, 0xFF}}},
	{{{68, 2680, 963},0, {496, 1008},{0xFF, 0xB7, 0xD0, 0xFF}}},
	{{{107, 2501, 1044},0, {496, -16},{0xFF, 0xBC, 0xB4, 0xFF}}},
	{{{330, 2680, 820},0, {-16, 1008},{0xFF, 0xB8, 0xCF, 0xFF}}},
	{{{399, 2501, 889},0, {-16, -16},{0xFF, 0xBC, 0xB4, 0xFF}}},
	{{{237, 2856, 727},0, {-16, 2032},{0xFF, 0xB3, 0xEA, 0xFF}}},
	{{{14, 2856, 854},0, {496, 2032},{0xFF, 0xB3, 0xEB, 0xFF}}},
	{{{-287, 2856, 872},0, {1008, 2032},{0xFF, 0xB2, 0xEC, 0xFF}}},
	{{{329, 2856, 418},0, {1520, 2032},{0xFF, 0xA6, 0xF4, 0xFF}}},
	{{{237, 2856, 727},0, {2032, 2032},{0xFF, 0xB3, 0xEA, 0xFF}}},
	{{{330, 2680, 820},0, {2032, 1008},{0xFF, 0xB8, 0xCF, 0xFF}}},
	{{{438, 2680, 471},0, {1520, 1008},{0xFF, 0xB1, 0xD4, 0xFF}}},
	{{{399, 2501, 889},0, {2032, -16},{0xFF, 0xBC, 0xB4, 0xFF}}},
	{{{519, 2501, 511},0, {1520, -16},{0xFF, 0xBC, 0xB4, 0xFF}}},
	{{{454, 2680, 0},0, {1008, 1008},{0xFF, 0xAA, 0xD9, 0xFF}}},
	{{{536, 2501, 0},0, {1008, -16},{0xFF, 0xBC, 0xB4, 0xFF}}},
	{{{438, 2680, -471},0, {496, 1008},{0xFF, 0xB1, 0xD4, 0xFF}}},
	{{{519, 2501, -511},0, {496, -16},{0xFF, 0xBC, 0xB4, 0xFF}}},
	{{{330, 2680, -820},0, {-16, 1008},{0xFF, 0xB8, 0xD0, 0xFF}}},
	{{{399, 2501, -889},0, {-16, -16},{0xFF, 0xBC, 0xB4, 0xFF}}},
	{{{237, 2856, -727},0, {-16, 2032},{0xFF, 0xB3, 0xEB, 0xFF}}},
	{{{329, 2856, -418},0, {496, 2032},{0xFF, 0xA6, 0xF4, 0xFF}}},
	{{{342, 2856, 0},0, {1008, 2032},{0xFF, 0x98, 0xFD, 0xFF}}},
	{{{-691, 2195, -905},0, {-16, 496},{0xFF, 0x8A, 0x7B, 0xFF}}},
	{{{-994, 2195, -518},0, {496, -16},{0xFF, 0x8A, 0x7B, 0xFF}}},
	{{{-934, 2221, -829},0, {-16, -16},{0xFF, 0x8A, 0x7B, 0xFF}}},
	{{{-698, 2142, -527},0, {496, 496},{0xFF, 0x8A, 0x7B, 0xFF}}},
	{{{-287, 2190, -921},0, {-16, 1008},{0xFF, 0x8A, 0x7B, 0xFF}}},
	{{{-287, 2134, -530},0, {496, 1008},{0xFF, 0x8A, 0x7B, 0xFF}}},
	{{{117, 2195, -905},0, {-16, 1520},{0xFF, 0x8A, 0x7B, 0xFF}}},
	{{{124, 2142, -527},0, {496, 1520},{0xFF, 0x8A, 0x7B, 0xFF}}},
	{{{359, 2221, -829},0, {-16, 2032},{0xFF, 0x8A, 0x7B, 0xFF}}},
	{{{419, 2195, -518},0, {496, 2032},{0xFF, 0x8A, 0x7B, 0xFF}}},
	{{{126, 2134, 0},0, {1008, 1520},{0xFF, 0x8A, 0x7B, 0xFF}}},
	{{{431, 2190, 0},0, {1008, 2032},{0xFF, 0x8A, 0x7B, 0xFF}}},
	{{{124, 2142, 527},0, {1520, 1520},{0xFF, 0x8A, 0x7B, 0xFF}}},
	{{{419, 2195, 518},0, {1520, 2032},{0xFF, 0x8A, 0x7B, 0xFF}}},
	{{{117, 2195, 905},0, {2032, 1520},{0xFF, 0x8A, 0x7B, 0xFF}}},
	{{{359, 2221, 829},0, {2032, 2032},{0xFF, 0x8A, 0x7B, 0xFF}}},
	{{{124, 2142, 527},0, {1520, 1520},{0xFF, 0x8A, 0x7B, 0xFF}}},
	{{{117, 2195, 905},0, {2032, 1520},{0xFF, 0x8A, 0x7B, 0xFF}}},
	{{{-287, 2190, 921},0, {2032, 1008},{0xFF, 0x8A, 0x7B, 0xFF}}},
	{{{-287, 2134, 530},0, {1520, 1008},{0xFF, 0x8A, 0x7B, 0xFF}}},
	{{{-691, 2195, 905},0, {2032, 496},{0xFF, 0x8A, 0x7B, 0xFF}}},
	{{{-698, 2142, 527},0, {1520, 496},{0xFF, 0x8A, 0x7B, 0xFF}}},
	{{{-934, 2221, 829},0, {2032, -16},{0xFF, 0x8A, 0x7B, 0xFF}}},
	{{{-994, 2195, 518},0, {1520, -16},{0xFF, 0x8A, 0x7B, 0xFF}}},
	{{{-700, 2134, 0},0, {1008, 496},{0xFF, 0x8A, 0x7B, 0xFF}}},
	{{{-1006, 2190, 0},0, {1008, -16},{0xFF, 0x8A, 0x7B, 0xFF}}},
	{{{-698, 2142, -527},0, {496, 496},{0xFF, 0x8A, 0x7B, 0xFF}}},
	{{{-994, 2195, -518},0, {496, -16},{0xFF, 0x8A, 0x7B, 0xFF}}},
	{{{-287, 2134, -530},0, {496, 1008},{0xFF, 0x8A, 0x7B, 0xFF}}},
	{{{-287, 2126, 0},0, {1008, 1008},{0xFF, 0x8A, 0x7B, 0xFF}}},
	{{{124, 2142, -527},0, {496, 1520},{0xFF, 0x8A, 0x7B, 0xFF}}},
	{{{126, 2134, 0},0, {1008, 1520},{0xFF, 0x8A, 0x7B, 0xFF}}},
	{{{-589, 2856, -854},0, {1520, 2032},{0xFF, 0xB2, 0xED, 0xFF}}},
	{{{-812, 2856, -727},0, {2032, 2032},{0xFF, 0xB3, 0xEC, 0xFF}}},
	{{{-904, 2856, -418},0, {2032, 1520},{0xFF, 0xA5, 0xF5, 0xFF}}},
	{{{-600, 2856, -433},0, {1520, 1520},{0xFF, 0x9B, 0xF3, 0xFF}}},
	{{{-917, 2856, 0},0, {2032, 1008},{0xFF, 0x97, 0xFE, 0xFF}}},
	{{{-602, 2856, 0},0, {1520, 1008},{0xFF, 0x85, 0xF9, 0xFF}}},
	{{{-904, 2856, 418},0, {2032, 496},{0xFF, 0xA5, 0xF4, 0xFF}}},
	{{{-600, 2856, 433},0, {1520, 496},{0xFF, 0x9C, 0xF2, 0xFF}}},
	{{{-812, 2856, 727},0, {2032, -16},{0xFF, 0xB3, 0xEA, 0xFF}}},
	{{{-589, 2856, 854},0, {1520, -16},{0xFF, 0xB3, 0xEB, 0xFF}}},
	{{{-287, 2856, 436},0, {1008, 496},{0xFF, 0x92, 0xF0, 0xFF}}},
	{{{-287, 2856, 872},0, {1008, -16},{0xFF, 0xB2, 0xEC, 0xFF}}},
	{{{25, 2856, 433},0, {496, 496},{0xFF, 0x9C, 0xF2, 0xFF}}},
	{{{14, 2856, 854},0, {496, -16},{0xFF, 0xB3, 0xEB, 0xFF}}},
	{{{329, 2856, 418},0, {-16, 496},{0xFF, 0xA6, 0xF4, 0xFF}}},
	{{{237, 2856, 727},0, {-16, -16},{0xFF, 0xB3, 0xEA, 0xFF}}},
	{{{342, 2856, 0},0, {-16, 1008},{0xFF, 0x98, 0xFD, 0xFF}}},
	{{{25, 2856, 433},0, {496, 496},{0xFF, 0x9C, 0xF2, 0xFF}}},
	{{{329, 2856, 418},0, {-16, 496},{0xFF, 0xA6, 0xF4, 0xFF}}},
	{{{27, 2856, 0},0, {496, 1008},{0xFF, 0x85, 0xF8, 0xFF}}},
	{{{329, 2856, -418},0, {-16, 1520},{0xFF, 0xA6, 0xF4, 0xFF}}},
	{{{25, 2856, -433},0, {496, 1520},{0xFF, 0x9B, 0xF2, 0xFF}}},
	{{{237, 2856, -727},0, {-16, 2032},{0xFF, 0xB3, 0xEB, 0xFF}}},
	{{{14, 2856, -854},0, {496, 2032},{0xFF, 0xB2, 0xEC, 0xFF}}},
	{{{-287, 2856, -436},0, {1008, 1520},{0xFF, 0x91, 0xF0, 0xFF}}},
	{{{-287, 2856, -872},0, {1008, 2032},{0xFF, 0xB0, 0xED, 0xFF}}},
	{{{-600, 2856, -433},0, {1520, 1520},{0xFF, 0x9B, 0xF3, 0xFF}}},
	{{{-589, 2856, -854},0, {1520, 2032},{0xFF, 0xB2, 0xED, 0xFF}}},
	{{{-602, 2856, 0},0, {1520, 1008},{0xFF, 0x85, 0xF9, 0xFF}}},
	{{{-287, 2856, 0},0, {1008, 1008},{0xFF, 0x72, 0xF3, 0xFF}}},
	{{{-600, 2856, 433},0, {1520, 496},{0xFF, 0x9C, 0xF2, 0xFF}}},
	{{{-287, 2856, 436},0, {1008, 496},{0xFF, 0x92, 0xF0, 0xFF}}},
};

Gfx wf_dl_Cube_015_mesh_layer_1_tri_0[] = {
	gsSPVertex(wf_dl_Cube_015_mesh_layer_1_vtx_0 + 0, 15, 0),
	gsSP1Triangle(0, 1, 2, 0),
	gsSP1Triangle(0, 3, 1, 0),
	gsSP1Triangle(4, 3, 0, 0),
	gsSP1Triangle(4, 5, 3, 0),
	gsSP1Triangle(6, 5, 4, 0),
	gsSP1Triangle(6, 7, 5, 0),
	gsSP1Triangle(8, 7, 6, 0),
	gsSP1Triangle(8, 9, 7, 0),
	gsSP1Triangle(10, 2, 11, 0),
	gsSP1Triangle(10, 0, 2, 0),
	gsSP1Triangle(12, 0, 10, 0),
	gsSP1Triangle(12, 4, 0, 0),
	gsSP1Triangle(13, 4, 12, 0),
	gsSP1Triangle(13, 6, 4, 0),
	gsSP1Triangle(14, 6, 13, 0),
	gsSP1Triangle(14, 8, 6, 0),
	gsSPVertex(wf_dl_Cube_015_mesh_layer_1_vtx_0 + 15, 15, 0),
	gsSP1Triangle(0, 1, 2, 0),
	gsSP1Triangle(0, 3, 1, 0),
	gsSP1Triangle(4, 3, 0, 0),
	gsSP1Triangle(4, 5, 3, 0),
	gsSP1Triangle(6, 5, 4, 0),
	gsSP1Triangle(6, 7, 5, 0),
	gsSP1Triangle(8, 7, 6, 0),
	gsSP1Triangle(8, 9, 7, 0),
	gsSP1Triangle(10, 2, 11, 0),
	gsSP1Triangle(10, 0, 2, 0),
	gsSP1Triangle(12, 0, 10, 0),
	gsSP1Triangle(12, 4, 0, 0),
	gsSP1Triangle(13, 4, 12, 0),
	gsSP1Triangle(13, 6, 4, 0),
	gsSP1Triangle(14, 6, 13, 0),
	gsSP1Triangle(14, 8, 6, 0),
	gsSPVertex(wf_dl_Cube_015_mesh_layer_1_vtx_0 + 30, 15, 0),
	gsSP1Triangle(0, 1, 2, 0),
	gsSP1Triangle(0, 3, 1, 0),
	gsSP1Triangle(4, 3, 0, 0),
	gsSP1Triangle(4, 5, 3, 0),
	gsSP1Triangle(6, 5, 4, 0),
	gsSP1Triangle(6, 7, 5, 0),
	gsSP1Triangle(8, 7, 6, 0),
	gsSP1Triangle(8, 9, 7, 0),
	gsSP1Triangle(10, 2, 11, 0),
	gsSP1Triangle(10, 0, 2, 0),
	gsSP1Triangle(12, 0, 10, 0),
	gsSP1Triangle(12, 4, 0, 0),
	gsSP1Triangle(13, 4, 12, 0),
	gsSP1Triangle(13, 6, 4, 0),
	gsSP1Triangle(14, 6, 13, 0),
	gsSP1Triangle(14, 8, 6, 0),
	gsSPVertex(wf_dl_Cube_015_mesh_layer_1_vtx_0 + 45, 15, 0),
	gsSP1Triangle(0, 1, 2, 0),
	gsSP1Triangle(0, 3, 1, 0),
	gsSP1Triangle(4, 3, 0, 0),
	gsSP1Triangle(4, 5, 3, 0),
	gsSP1Triangle(6, 5, 4, 0),
	gsSP1Triangle(6, 7, 5, 0),
	gsSP1Triangle(8, 7, 6, 0),
	gsSP1Triangle(8, 9, 7, 0),
	gsSP1Triangle(10, 2, 11, 0),
	gsSP1Triangle(10, 0, 2, 0),
	gsSP1Triangle(12, 0, 10, 0),
	gsSP1Triangle(12, 4, 0, 0),
	gsSP1Triangle(13, 4, 12, 0),
	gsSP1Triangle(13, 6, 4, 0),
	gsSP1Triangle(14, 6, 13, 0),
	gsSP1Triangle(14, 8, 6, 0),
	gsSPVertex(wf_dl_Cube_015_mesh_layer_1_vtx_0 + 60, 15, 0),
	gsSP1Triangle(0, 1, 2, 0),
	gsSP1Triangle(0, 2, 3, 0),
	gsSP1Triangle(3, 2, 4, 0),
	gsSP1Triangle(3, 4, 5, 0),
	gsSP1Triangle(6, 3, 5, 0),
	gsSP1Triangle(6, 5, 7, 0),
	gsSP1Triangle(8, 6, 7, 0),
	gsSP1Triangle(8, 7, 9, 0),
	gsSP1Triangle(10, 8, 9, 0),
	gsSP1Triangle(10, 9, 11, 0),
	gsSP1Triangle(12, 8, 10, 0),
	gsSP1Triangle(12, 13, 8, 0),
	gsSP1Triangle(13, 6, 8, 0),
	gsSP1Triangle(13, 14, 6, 0),
	gsSP1Triangle(14, 3, 6, 0),
	gsSP1Triangle(14, 0, 3, 0),
	gsSPVertex(wf_dl_Cube_015_mesh_layer_1_vtx_0 + 75, 15, 0),
	gsSP1Triangle(0, 1, 2, 0),
	gsSP1Triangle(0, 2, 3, 0),
	gsSP1Triangle(3, 2, 4, 0),
	gsSP1Triangle(3, 4, 5, 0),
	gsSP1Triangle(6, 3, 5, 0),
	gsSP1Triangle(6, 5, 7, 0),
	gsSP1Triangle(8, 6, 7, 0),
	gsSP1Triangle(8, 7, 9, 0),
	gsSP1Triangle(10, 8, 9, 0),
	gsSP1Triangle(10, 9, 11, 0),
	gsSP1Triangle(12, 8, 10, 0),
	gsSP1Triangle(12, 13, 8, 0),
	gsSP1Triangle(13, 6, 8, 0),
	gsSP1Triangle(13, 14, 6, 0),
	gsSP1Triangle(14, 3, 6, 0),
	gsSP1Triangle(14, 0, 3, 0),
	gsSPVertex(wf_dl_Cube_015_mesh_layer_1_vtx_0 + 90, 15, 0),
	gsSP1Triangle(0, 1, 2, 0),
	gsSP1Triangle(0, 2, 3, 0),
	gsSP1Triangle(3, 2, 4, 0),
	gsSP1Triangle(3, 4, 5, 0),
	gsSP1Triangle(6, 3, 5, 0),
	gsSP1Triangle(6, 5, 7, 0),
	gsSP1Triangle(8, 6, 7, 0),
	gsSP1Triangle(8, 7, 9, 0),
	gsSP1Triangle(10, 8, 9, 0),
	gsSP1Triangle(10, 9, 11, 0),
	gsSP1Triangle(12, 8, 10, 0),
	gsSP1Triangle(12, 13, 8, 0),
	gsSP1Triangle(13, 6, 8, 0),
	gsSP1Triangle(13, 14, 6, 0),
	gsSP1Triangle(14, 3, 6, 0),
	gsSP1Triangle(14, 0, 3, 0),
	gsSPVertex(wf_dl_Cube_015_mesh_layer_1_vtx_0 + 105, 15, 0),
	gsSP1Triangle(0, 1, 2, 0),
	gsSP1Triangle(0, 2, 3, 0),
	gsSP1Triangle(3, 2, 4, 0),
	gsSP1Triangle(3, 4, 5, 0),
	gsSP1Triangle(6, 3, 5, 0),
	gsSP1Triangle(6, 5, 7, 0),
	gsSP1Triangle(8, 6, 7, 0),
	gsSP1Triangle(8, 7, 9, 0),
	gsSP1Triangle(10, 8, 9, 0),
	gsSP1Triangle(10, 9, 11, 0),
	gsSP1Triangle(12, 8, 10, 0),
	gsSP1Triangle(12, 13, 8, 0),
	gsSP1Triangle(13, 6, 8, 0),
	gsSP1Triangle(13, 14, 6, 0),
	gsSP1Triangle(14, 3, 6, 0),
	gsSP1Triangle(14, 0, 3, 0),
	gsSPVertex(wf_dl_Cube_015_mesh_layer_1_vtx_0 + 120, 16, 0),
	gsSP1Triangle(0, 1, 2, 0),
	gsSP1Triangle(0, 3, 1, 0),
	gsSP1Triangle(4, 3, 0, 0),
	gsSP1Triangle(4, 5, 3, 0),
	gsSP1Triangle(6, 5, 4, 0),
	gsSP1Triangle(6, 7, 5, 0),
	gsSP1Triangle(8, 7, 6, 0),
	gsSP1Triangle(8, 9, 7, 0),
	gsSP1Triangle(9, 10, 7, 0),
	gsSP1Triangle(9, 11, 10, 0),
	gsSP1Triangle(11, 12, 10, 0),
	gsSP1Triangle(11, 13, 12, 0),
	gsSP1Triangle(13, 14, 12, 0),
	gsSP1Triangle(13, 15, 14, 0),
	gsSPVertex(wf_dl_Cube_015_mesh_layer_1_vtx_0 + 136, 16, 0),
	gsSP1Triangle(0, 1, 2, 0),
	gsSP1Triangle(0, 2, 3, 0),
	gsSP1Triangle(3, 2, 4, 0),
	gsSP1Triangle(3, 4, 5, 0),
	gsSP1Triangle(5, 4, 6, 0),
	gsSP1Triangle(5, 6, 7, 0),
	gsSP1Triangle(8, 5, 7, 0),
	gsSP1Triangle(8, 7, 9, 0),
	gsSP1Triangle(10, 8, 9, 0),
	gsSP1Triangle(10, 9, 11, 0),
	gsSP1Triangle(12, 8, 10, 0),
	gsSP1Triangle(12, 13, 8, 0),
	gsSP1Triangle(14, 13, 12, 0),
	gsSP1Triangle(14, 15, 13, 0),
	gsSP1Triangle(15, 3, 13, 0),
	gsSP1Triangle(15, 0, 3, 0),
	gsSP1Triangle(13, 3, 5, 0),
	gsSP1Triangle(13, 5, 8, 0),
	gsSPVertex(wf_dl_Cube_015_mesh_layer_1_vtx_0 + 152, 16, 0),
	gsSP1Triangle(0, 1, 2, 0),
	gsSP1Triangle(0, 2, 3, 0),
	gsSP1Triangle(3, 2, 4, 0),
	gsSP1Triangle(3, 4, 5, 0),
	gsSP1Triangle(5, 4, 6, 0),
	gsSP1Triangle(5, 6, 7, 0),
	gsSP1Triangle(7, 6, 8, 0),
	gsSP1Triangle(7, 8, 9, 0),
	gsSP1Triangle(10, 7, 9, 0),
	gsSP1Triangle(10, 9, 11, 0),
	gsSP1Triangle(12, 10, 11, 0),
	gsSP1Triangle(12, 11, 13, 0),
	gsSP1Triangle(14, 12, 13, 0),
	gsSP1Triangle(14, 13, 15, 0),
	gsSPVertex(wf_dl_Cube_015_mesh_layer_1_vtx_0 + 168, 16, 0),
	gsSP1Triangle(0, 1, 2, 0),
	gsSP1Triangle(0, 3, 1, 0),
	gsSP1Triangle(4, 3, 0, 0),
	gsSP1Triangle(4, 5, 3, 0),
	gsSP1Triangle(6, 5, 4, 0),
	gsSP1Triangle(6, 7, 5, 0),
	gsSP1Triangle(7, 8, 5, 0),
	gsSP1Triangle(7, 9, 8, 0),
	gsSP1Triangle(9, 10, 8, 0),
	gsSP1Triangle(9, 11, 10, 0),
	gsSP1Triangle(8, 10, 12, 0),
	gsSP1Triangle(8, 12, 13, 0),
	gsSP1Triangle(13, 12, 14, 0),
	gsSP1Triangle(13, 14, 15, 0),
	gsSP1Triangle(3, 13, 15, 0),
	gsSP1Triangle(3, 15, 1, 0),
	gsSP1Triangle(5, 13, 3, 0),
	gsSP1Triangle(5, 8, 13, 0),
	gsSPEndDisplayList(),
};

Vtx wf_dl_Cube_016_mesh_layer_1_vtx_0[248] = {
	{{{-838, 2382, 0},0, {496, 2032},{0xFF, 0xFF, 0xFF, 0xFF}}},
	{{{-1038, 2382, 0},0, {1008, 2032},{0xFF, 0xFF, 0xFF, 0xFF}}},
	{{{-1029, 2382, 484},0, {1008, 1008},{0xFF, 0xFF, 0xFF, 0xFF}}},
	{{{-836, 2382, 502},0, {496, 1008},{0xFF, 0xFF, 0xFF, 0xFF}}},
	{{{-971, 2382, 843},0, {1008, -16},{0xFF, 0xFF, 0xFF, 0xFF}}},
	{{{-829, 2382, 990},0, {496, -16},{0xFF, 0xFF, 0xFF, 0xFF}}},
	{{{-637, 2382, 506},0, {-16, 1008},{0xFF, 0xFF, 0xFF, 0xFF}}},
	{{{-637, 2382, 1011},0, {-16, -16},{0xFF, 0xFF, 0xFF, 0xFF}}},
	{{{-637, 2382, 0},0, {-16, 2032},{0xFF, 0xFF, 0xFF, 0xFF}}},
	{{{-829, 2382, -990},0, {496, 2032},{0xFF, 0xFF, 0xFF, 0xFF}}},
	{{{-971, 2382, -843},0, {1008, 2032},{0xFF, 0xFF, 0xFF, 0xFF}}},
	{{{-1029, 2382, -484},0, {1008, 1008},{0xFF, 0xFF, 0xFF, 0xFF}}},
	{{{-836, 2382, -502},0, {496, 1008},{0xFF, 0xFF, 0xFF, 0xFF}}},
	{{{-1038, 2382, 0},0, {1008, -16},{0xFF, 0xFF, 0xFF, 0xFF}}},
	{{{-838, 2382, 0},0, {496, -16},{0xFF, 0xFF, 0xFF, 0xFF}}},
	{{{-637, 2382, -506},0, {-16, 1008},{0xFF, 0xFF, 0xFF, 0xFF}}},
	{{{-637, 2382, -506},0, {-16, 1008},{0xFF, 0xFF, 0xFF, 0xFF}}},
	{{{-838, 2382, 0},0, {496, -16},{0xFF, 0xFF, 0xFF, 0xFF}}},
	{{{-637, 2382, 0},0, {-16, -16},{0xFF, 0xFF, 0xFF, 0xFF}}},
	{{{-637, 2382, -1011},0, {-16, 2032},{0xFF, 0xFF, 0xFF, 0xFF}}},
	{{{-836, 2382, -502},0, {496, 1008},{0xFF, 0xFF, 0xFF, 0xFF}}},
	{{{-829, 2382, -990},0, {496, 2032},{0xFF, 0xFF, 0xFF, 0xFF}}},
	{{{-51, 2382, -1011},0, {496, 2032},{0xFF, 0xFF, 0xFF, 0xFF}}},
	{{{-249, 2382, -1011},0, {1008, 2032},{0xFF, 0xFF, 0xFF, 0xFF}}},
	{{{-249, 2382, -506},0, {1008, 1008},{0xFF, 0xFF, 0xFF, 0xFF}}},
	{{{-51, 2382, -506},0, {496, 1008},{0xFF, 0xFF, 0xFF, 0xFF}}},
	{{{-249, 2382, 0},0, {1008, -16},{0xFF, 0xFF, 0xFF, 0xFF}}},
	{{{-51, 2382, 0},0, {496, -16},{0xFF, 0xFF, 0xFF, 0xFF}}},
	{{{146, 2382, -506},0, {-16, 1008},{0xFF, 0xFF, 0xFF, 0xFF}}},
	{{{146, 2382, 0},0, {-16, -16},{0xFF, 0xFF, 0xFF, 0xFF}}},
	{{{146, 2382, -1011},0, {-16, 2032},{0xFF, 0xFF, 0xFF, 0xFF}}},
	{{{-51, 2382, 0},0, {496, 2032},{0xFF, 0xFF, 0xFF, 0xFF}}},
	{{{-249, 2382, 0},0, {1008, 2032},{0xFF, 0xFF, 0xFF, 0xFF}}},
	{{{-249, 2382, 506},0, {1008, 1008},{0xFF, 0xFF, 0xFF, 0xFF}}},
	{{{-51, 2382, 506},0, {496, 1008},{0xFF, 0xFF, 0xFF, 0xFF}}},
	{{{-249, 2382, 1011},0, {1008, -16},{0xFF, 0xFF, 0xFF, 0xFF}}},
	{{{-51, 2382, 1011},0, {496, -16},{0xFF, 0xFF, 0xFF, 0xFF}}},
	{{{146, 2382, 506},0, {-16, 1008},{0xFF, 0xFF, 0xFF, 0xFF}}},
	{{{146, 2382, 1011},0, {-16, -16},{0xFF, 0xFF, 0xFF, 0xFF}}},
	{{{146, 2382, 0},0, {-16, 2032},{0xFF, 0xFF, 0xFF, 0xFF}}},
	{{{-51, 2382, 1011},0, {496, 2032},{0xFF, 0xFF, 0xFF, 0xFF}}},
	{{{-249, 2382, 1011},0, {1008, 2032},{0xFF, 0xFF, 0xFF, 0xFF}}},
	{{{-249, 2382, 1663},0, {1008, 1008},{0xFF, 0xFF, 0xFF, 0xFF}}},
	{{{-51, 2382, 1663},0, {496, 1008},{0xFF, 0xFF, 0xFF, 0xFF}}},
	{{{-249, 2382, 2315},0, {1008, -16},{0xFF, 0xFF, 0xFF, 0xFF}}},
	{{{-51, 2382, 2315},0, {496, -16},{0xFF, 0xFF, 0xFF, 0xFF}}},
	{{{146, 2382, 1663},0, {-16, 1008},{0xFF, 0xFF, 0xFF, 0xFF}}},
	{{{146, 2382, 1663},0, {-16, 1008},{0xFF, 0xFF, 0xFF, 0xFF}}},
	{{{-51, 2382, 2315},0, {496, -16},{0xFF, 0xFF, 0xFF, 0xFF}}},
	{{{146, 2382, 2315},0, {-16, -16},{0xFF, 0xFF, 0xFF, 0xFF}}},
	{{{146, 2382, 1011},0, {-16, 2032},{0xFF, 0xFF, 0xFF, 0xFF}}},
	{{{-51, 2382, 1663},0, {496, 1008},{0xFF, 0xFF, 0xFF, 0xFF}}},
	{{{-51, 2382, 1011},0, {496, 2032},{0xFF, 0xFF, 0xFF, 0xFF}}},
	{{{343, 2382, 0},0, {496, 2032},{0xFF, 0xFF, 0xFF, 0xFF}}},
	{{{146, 2382, 0},0, {1008, 2032},{0xFF, 0xFF, 0xFF, 0xFF}}},
	{{{146, 2382, 506},0, {1008, 1008},{0xFF, 0xFF, 0xFF, 0xFF}}},
	{{{342, 2382, 502},0, {496, 1008},{0xFF, 0xFF, 0xFF, 0xFF}}},
	{{{146, 2382, 1011},0, {1008, -16},{0xFF, 0xFF, 0xFF, 0xFF}}},
	{{{335, 2382, 990},0, {496, -16},{0xFF, 0xFF, 0xFF, 0xFF}}},
	{{{532, 2382, 484},0, {-16, 1008},{0xFF, 0xFF, 0xFF, 0xFF}}},
	{{{474, 2382, 843},0, {-16, -16},{0xFF, 0xFF, 0xFF, 0xFF}}},
	{{{540, 2382, 0},0, {-16, 2032},{0xFF, 0xFF, 0xFF, 0xFF}}},
	{{{335, 2382, -990},0, {496, 2032},{0xFF, 0xFF, 0xFF, 0xFF}}},
	{{{146, 2382, -1011},0, {1008, 2032},{0xFF, 0xFF, 0xFF, 0xFF}}},
	{{{146, 2382, -506},0, {1008, 1008},{0xFF, 0xFF, 0xFF, 0xFF}}},
	{{{342, 2382, -502},0, {496, 1008},{0xFF, 0xFF, 0xFF, 0xFF}}},
	{{{146, 2382, 0},0, {1008, -16},{0xFF, 0xFF, 0xFF, 0xFF}}},
	{{{343, 2382, 0},0, {496, -16},{0xFF, 0xFF, 0xFF, 0xFF}}},
	{{{532, 2382, -484},0, {-16, 1008},{0xFF, 0xFF, 0xFF, 0xFF}}},
	{{{540, 2382, 0},0, {-16, -16},{0xFF, 0xFF, 0xFF, 0xFF}}},
	{{{474, 2382, -843},0, {-16, 2032},{0xFF, 0xFF, 0xFF, 0xFF}}},
	{{{-443, 2382, 1011},0, {496, 2032},{0xFF, 0xFF, 0xFF, 0xFF}}},
	{{{-637, 2382, 1011},0, {1008, 2032},{0xFF, 0xFF, 0xFF, 0xFF}}},
	{{{-637, 2382, 1663},0, {1008, 1008},{0xFF, 0xFF, 0xFF, 0xFF}}},
	{{{-443, 2382, 1663},0, {496, 1008},{0xFF, 0xFF, 0xFF, 0xFF}}},
	{{{-637, 2382, 2315},0, {1008, -16},{0xFF, 0xFF, 0xFF, 0xFF}}},
	{{{-443, 2382, 2315},0, {496, -16},{0xFF, 0xFF, 0xFF, 0xFF}}},
	{{{-249, 2382, 1663},0, {-16, 1008},{0xFF, 0xFF, 0xFF, 0xFF}}},
	{{{-249, 2382, 1663},0, {-16, 1008},{0xFF, 0xFF, 0xFF, 0xFF}}},
	{{{-443, 2382, 2315},0, {496, -16},{0xFF, 0xFF, 0xFF, 0xFF}}},
	{{{-249, 2382, 2315},0, {-16, -16},{0xFF, 0xFF, 0xFF, 0xFF}}},
	{{{-249, 2382, 1011},0, {-16, 2032},{0xFF, 0xFF, 0xFF, 0xFF}}},
	{{{-443, 2382, 1663},0, {496, 1008},{0xFF, 0xFF, 0xFF, 0xFF}}},
	{{{-443, 2382, 1011},0, {496, 2032},{0xFF, 0xFF, 0xFF, 0xFF}}},
	{{{-443, 2382, -1011},0, {496, 2032},{0xFF, 0xFF, 0xFF, 0xFF}}},
	{{{-637, 2382, -1011},0, {1008, 2032},{0xFF, 0xFF, 0xFF, 0xFF}}},
	{{{-637, 2382, -506},0, {1008, 1008},{0xFF, 0xFF, 0xFF, 0xFF}}},
	{{{-443, 2382, -506},0, {496, 1008},{0xFF, 0xFF, 0xFF, 0xFF}}},
	{{{-637, 2382, 0},0, {1008, -16},{0xFF, 0xFF, 0xFF, 0xFF}}},
	{{{-443, 2382, 0},0, {496, -16},{0xFF, 0xFF, 0xFF, 0xFF}}},
	{{{-249, 2382, -506},0, {-16, 1008},{0xFF, 0xFF, 0xFF, 0xFF}}},
	{{{-249, 2382, 0},0, {-16, -16},{0xFF, 0xFF, 0xFF, 0xFF}}},
	{{{-249, 2382, -1011},0, {-16, 2032},{0xFF, 0xFF, 0xFF, 0xFF}}},
	{{{-443, 2382, 0},0, {496, 2032},{0xFF, 0xFF, 0xFF, 0xFF}}},
	{{{-637, 2382, 0},0, {1008, 2032},{0xFF, 0xFF, 0xFF, 0xFF}}},
	{{{-637, 2382, 506},0, {1008, 1008},{0xFF, 0xFF, 0xFF, 0xFF}}},
	{{{-443, 2382, 506},0, {496, 1008},{0xFF, 0xFF, 0xFF, 0xFF}}},
	{{{-637, 2382, 1011},0, {1008, -16},{0xFF, 0xFF, 0xFF, 0xFF}}},
	{{{-443, 2382, 1011},0, {496, -16},{0xFF, 0xFF, 0xFF, 0xFF}}},
	{{{-249, 2382, 506},0, {-16, 1008},{0xFF, 0xFF, 0xFF, 0xFF}}},
	{{{-249, 2382, 1011},0, {-16, -16},{0xFF, 0xFF, 0xFF, 0xFF}}},
	{{{-249, 2382, 0},0, {-16, 2032},{0xFF, 0xFF, 0xFF, 0xFF}}},
	{{{-829, 4189, 1038},0, {496, 2032},{0xFF, 0xFF, 0xFF, 0xFF}}},
	{{{-971, 4189, 1228},0, {1008, 2032},{0xFF, 0xFF, 0xFF, 0xFF}}},
	{{{-1021, 4189, 1663},0, {1008, 1008},{0xFF, 0xFF, 0xFF, 0xFF}}},
	{{{-835, 4189, 1663},0, {496, 1008},{0xFF, 0xFF, 0xFF, 0xFF}}},
	{{{-971, 4189, 2097},0, {1008, -16},{0xFF, 0xFF, 0xFF, 0xFF}}},
	{{{-829, 4189, 2287},0, {496, -16},{0xFF, 0xFF, 0xFF, 0xFF}}},
	{{{-637, 4189, 1663},0, {-16, 1008},{0xFF, 0xFF, 0xFF, 0xFF}}},
	{{{-637, 4189, 1663},0, {-16, 1008},{0xFF, 0xFF, 0xFF, 0xFF}}},
	{{{-829, 4189, 2287},0, {496, -16},{0xFF, 0xFF, 0xFF, 0xFF}}},
	{{{-637, 4189, 2315},0, {-16, -16},{0xFF, 0xFF, 0xFF, 0xFF}}},
	{{{-637, 4189, 1011},0, {-16, 2032},{0xFF, 0xFF, 0xFF, 0xFF}}},
	{{{-835, 4189, 1663},0, {496, 1008},{0xFF, 0xFF, 0xFF, 0xFF}}},
	{{{-829, 4189, 1038},0, {496, 2032},{0xFF, 0xFF, 0xFF, 0xFF}}},
	{{{335, 4189, 1038},0, {496, 2032},{0xFF, 0xFF, 0xFF, 0xFF}}},
	{{{146, 4189, 1011},0, {1008, 2032},{0xFF, 0xFF, 0xFF, 0xFF}}},
	{{{146, 4189, 1663},0, {1008, 1008},{0xFF, 0xFF, 0xFF, 0xFF}}},
	{{{340, 4189, 1663},0, {496, 1008},{0xFF, 0xFF, 0xFF, 0xFF}}},
	{{{146, 4189, 2315},0, {1008, -16},{0xFF, 0xFF, 0xFF, 0xFF}}},
	{{{335, 4189, 2287},0, {496, -16},{0xFF, 0xFF, 0xFF, 0xFF}}},
	{{{524, 4189, 1663},0, {-16, 1008},{0xFF, 0xFF, 0xFF, 0xFF}}},
	{{{474, 4189, 2097},0, {-16, -16},{0xFF, 0xFF, 0xFF, 0xFF}}},
	{{{474, 4189, 1228},0, {-16, 2032},{0xFF, 0xFF, 0xFF, 0xFF}}},
	{{{146, 4186, 3301},0, {496, 2032},{0xFF, 0xFF, 0xFF, 0xFF}}},
	{{{146, 4186, 2810},0, {1008, 2032},{0xFF, 0xFF, 0xFF, 0xFF}}},
	{{{-246, 4186, 2810},0, {1008, 1008},{0xFF, 0xFF, 0xFF, 0xFF}}},
	{{{-246, 4186, 3301},0, {496, 1008},{0xFF, 0xFF, 0xFF, 0xFF}}},
	{{{-637, 4186, 2810},0, {1008, -16},{0xFF, 0xFF, 0xFF, 0xFF}}},
	{{{-637, 4186, 3301},0, {496, -16},{0xFF, 0xFF, 0xFF, 0xFF}}},
	{{{-246, 4186, 3791},0, {-16, 1008},{0xFF, 0xFF, 0xFF, 0xFF}}},
	{{{-637, 4186, 3791},0, {-16, -16},{0xFF, 0xFF, 0xFF, 0xFF}}},
	{{{146, 4186, 3791},0, {-16, 2032},{0xFF, 0xFF, 0xFF, 0xFF}}},
	{{{524, 4186, 3301},0, {496, 2032},{0xFF, 0xFF, 0xFF, 0xFF}}},
	{{{474, 4186, 2974},0, {1008, 2032},{0xFF, 0xFF, 0xFF, 0xFF}}},
	{{{335, 4186, 2831},0, {1008, 1008},{0xFF, 0xFF, 0xFF, 0xFF}}},
	{{{340, 4186, 3301},0, {496, 1008},{0xFF, 0xFF, 0xFF, 0xFF}}},
	{{{146, 4186, 2810},0, {1008, -16},{0xFF, 0xFF, 0xFF, 0xFF}}},
	{{{146, 4186, 3301},0, {496, -16},{0xFF, 0xFF, 0xFF, 0xFF}}},
	{{{335, 4186, 3771},0, {-16, 1008},{0xFF, 0xFF, 0xFF, 0xFF}}},
	{{{335, 4186, 3771},0, {-16, 1008},{0xFF, 0xFF, 0xFF, 0xFF}}},
	{{{146, 4186, 3301},0, {496, -16},{0xFF, 0xFF, 0xFF, 0xFF}}},
	{{{146, 4186, 3791},0, {-16, -16},{0xFF, 0xFF, 0xFF, 0xFF}}},
	{{{474, 4186, 3628},0, {-16, 2032},{0xFF, 0xFF, 0xFF, 0xFF}}},
	{{{340, 4186, 3301},0, {496, 1008},{0xFF, 0xFF, 0xFF, 0xFF}}},
	{{{524, 4186, 3301},0, {496, 2032},{0xFF, 0xFF, 0xFF, 0xFF}}},
	{{{-637, 4186, 3301},0, {496, 2032},{0xFF, 0xFF, 0xFF, 0xFF}}},
	{{{-637, 4186, 2810},0, {1008, 2032},{0xFF, 0xFF, 0xFF, 0xFF}}},
	{{{-829, 4186, 2831},0, {1008, 1008},{0xFF, 0xFF, 0xFF, 0xFF}}},
	{{{-835, 4186, 3301},0, {496, 1008},{0xFF, 0xFF, 0xFF, 0xFF}}},
	{{{-971, 4186, 2974},0, {1008, -16},{0xFF, 0xFF, 0xFF, 0xFF}}},
	{{{-1021, 4186, 3301},0, {496, -16},{0xFF, 0xFF, 0xFF, 0xFF}}},
	{{{-829, 4186, 3771},0, {-16, 1008},{0xFF, 0xFF, 0xFF, 0xFF}}},
	{{{-971, 4186, 3628},0, {-16, -16},{0xFF, 0xFF, 0xFF, 0xFF}}},
	{{{-637, 4186, 3791},0, {-16, 2032},{0xFF, 0xFF, 0xFF, 0xFF}}},
	{{{335, 1970, 6209},0, {496, 2032},{0xFF, 0xFF, 0xFF, 0xFF}}},
	{{{146, 1970, 6196},0, {1008, 2032},{0xFF, 0xFF, 0xFF, 0xFF}}},
	{{{146, 1970, 6506},0, {1008, 1008},{0xFF, 0xFF, 0xFF, 0xFF}}},
	{{{340, 1970, 6506},0, {496, 1008},{0xFF, 0xFF, 0xFF, 0xFF}}},
	{{{146, 1970, 6817},0, {1008, -16},{0xFF, 0xFF, 0xFF, 0xFF}}},
	{{{335, 1970, 6804},0, {496, -16},{0xFF, 0xFF, 0xFF, 0xFF}}},
	{{{524, 1970, 6506},0, {-16, 1008},{0xFF, 0xFF, 0xFF, 0xFF}}},
	{{{474, 1970, 6713},0, {-16, -16},{0xFF, 0xFF, 0xFF, 0xFF}}},
	{{{474, 1970, 6300},0, {-16, 2032},{0xFF, 0xFF, 0xFF, 0xFF}}},
	{{{-829, 1970, 6209},0, {496, 2032},{0xFF, 0xFF, 0xFF, 0xFF}}},
	{{{-971, 1970, 6300},0, {1008, 2032},{0xFF, 0xFF, 0xFF, 0xFF}}},
	{{{-1021, 1970, 6506},0, {1008, 1008},{0xFF, 0xFF, 0xFF, 0xFF}}},
	{{{-835, 1970, 6506},0, {496, 1008},{0xFF, 0xFF, 0xFF, 0xFF}}},
	{{{-971, 1970, 6713},0, {1008, -16},{0xFF, 0xFF, 0xFF, 0xFF}}},
	{{{-829, 1970, 6804},0, {496, -16},{0xFF, 0xFF, 0xFF, 0xFF}}},
	{{{-637, 1970, 6506},0, {-16, 1008},{0xFF, 0xFF, 0xFF, 0xFF}}},
	{{{-637, 1970, 6506},0, {-16, 1008},{0xFF, 0xFF, 0xFF, 0xFF}}},
	{{{-829, 1970, 6804},0, {496, -16},{0xFF, 0xFF, 0xFF, 0xFF}}},
	{{{-637, 1970, 6817},0, {-16, -16},{0xFF, 0xFF, 0xFF, 0xFF}}},
	{{{-637, 1970, 6196},0, {-16, 2032},{0xFF, 0xFF, 0xFF, 0xFF}}},
	{{{-835, 1970, 6506},0, {496, 1008},{0xFF, 0xFF, 0xFF, 0xFF}}},
	{{{-829, 1970, 6209},0, {496, 2032},{0xFF, 0xFF, 0xFF, 0xFF}}},
	{{{-246, 1970, 6196},0, {496, 2032},{0xFF, 0xFF, 0xFF, 0xFF}}},
	{{{-637, 1970, 6196},0, {1008, 2032},{0xFF, 0xFF, 0xFF, 0xFF}}},
	{{{-637, 1970, 6506},0, {1008, 1008},{0xFF, 0xFF, 0xFF, 0xFF}}},
	{{{-246, 1970, 6506},0, {496, 1008},{0xFF, 0xFF, 0xFF, 0xFF}}},
	{{{-637, 1970, 6817},0, {1008, -16},{0xFF, 0xFF, 0xFF, 0xFF}}},
	{{{-246, 1970, 6817},0, {496, -16},{0xFF, 0xFF, 0xFF, 0xFF}}},
	{{{146, 1970, 6506},0, {-16, 1008},{0xFF, 0xFF, 0xFF, 0xFF}}},
	{{{146, 1970, 6817},0, {-16, -16},{0xFF, 0xFF, 0xFF, 0xFF}}},
	{{{146, 1970, 6196},0, {-16, 2032},{0xFF, 0xFF, 0xFF, 0xFF}}},
	{{{-637, 2351, 9861},0, {496, 2032},{0xFF, 0xFF, 0xFF, 0xFF}}},
	{{{-637, 2351, 9333},0, {1008, 2032},{0xFF, 0xFF, 0xFF, 0xFF}}},
	{{{-829, 2351, 9355},0, {1008, 1008},{0xFF, 0xFF, 0xFF, 0xFF}}},
	{{{-835, 2351, 9861},0, {496, 1008},{0xFF, 0xFF, 0xFF, 0xFF}}},
	{{{-971, 2351, 9509},0, {1008, -16},{0xFF, 0xFF, 0xFF, 0xFF}}},
	{{{-1021, 2351, 9861},0, {496, -16},{0xFF, 0xFF, 0xFF, 0xFF}}},
	{{{-829, 2351, 10367},0, {-16, 1008},{0xFF, 0xFF, 0xFF, 0xFF}}},
	{{{-971, 2351, 10213},0, {-16, -16},{0xFF, 0xFF, 0xFF, 0xFF}}},
	{{{-637, 2351, 10389},0, {-16, 2032},{0xFF, 0xFF, 0xFF, 0xFF}}},
	{{{146, 2351, 9861},0, {496, 2032},{0xFF, 0xFF, 0xFF, 0xFF}}},
	{{{146, 2351, 9333},0, {1008, 2032},{0xFF, 0xFF, 0xFF, 0xFF}}},
	{{{-246, 2351, 9333},0, {1008, 1008},{0xFF, 0xFF, 0xFF, 0xFF}}},
	{{{-246, 2351, 9861},0, {496, 1008},{0xFF, 0xFF, 0xFF, 0xFF}}},
	{{{-637, 2351, 9333},0, {1008, -16},{0xFF, 0xFF, 0xFF, 0xFF}}},
	{{{-637, 2351, 9861},0, {496, -16},{0xFF, 0xFF, 0xFF, 0xFF}}},
	{{{-246, 2351, 10389},0, {-16, 1008},{0xFF, 0xFF, 0xFF, 0xFF}}},
	{{{-246, 2351, 10389},0, {-16, 1008},{0xFF, 0xFF, 0xFF, 0xFF}}},
	{{{-637, 2351, 9861},0, {496, -16},{0xFF, 0xFF, 0xFF, 0xFF}}},
	{{{-637, 2351, 10389},0, {-16, -16},{0xFF, 0xFF, 0xFF, 0xFF}}},
	{{{146, 2351, 10389},0, {-16, 2032},{0xFF, 0xFF, 0xFF, 0xFF}}},
	{{{-246, 2351, 9861},0, {496, 1008},{0xFF, 0xFF, 0xFF, 0xFF}}},
	{{{146, 2351, 9861},0, {496, 2032},{0xFF, 0xFF, 0xFF, 0xFF}}},
	{{{524, 2351, 9861},0, {496, 2032},{0xFF, 0xFF, 0xFF, 0xFF}}},
	{{{474, 2351, 9509},0, {1008, 2032},{0xFF, 0xFF, 0xFF, 0xFF}}},
	{{{335, 2351, 9355},0, {1008, 1008},{0xFF, 0xFF, 0xFF, 0xFF}}},
	{{{340, 2351, 9861},0, {496, 1008},{0xFF, 0xFF, 0xFF, 0xFF}}},
	{{{146, 2351, 9333},0, {1008, -16},{0xFF, 0xFF, 0xFF, 0xFF}}},
	{{{146, 2351, 9861},0, {496, -16},{0xFF, 0xFF, 0xFF, 0xFF}}},
	{{{335, 2351, 10367},0, {-16, 1008},{0xFF, 0xFF, 0xFF, 0xFF}}},
	{{{146, 2351, 10389},0, {-16, -16},{0xFF, 0xFF, 0xFF, 0xFF}}},
	{{{474, 2351, 10213},0, {-16, 2032},{0xFF, 0xFF, 0xFF, 0xFF}}},
	{{{-637, 2294, 13946},0, {496, 2032},{0xFF, 0xFF, 0xFF, 0xFF}}},
	{{{-637, 2294, 13546},0, {1008, 2032},{0xFF, 0xFF, 0xFF, 0xFF}}},
	{{{-829, 2294, 13563},0, {1008, 1008},{0xFF, 0xFF, 0xFF, 0xFF}}},
	{{{-835, 2294, 13946},0, {496, 1008},{0xFF, 0xFF, 0xFF, 0xFF}}},
	{{{-971, 2294, 13680},0, {1008, -16},{0xFF, 0xFF, 0xFF, 0xFF}}},
	{{{-1021, 2294, 13946},0, {496, -16},{0xFF, 0xFF, 0xFF, 0xFF}}},
	{{{-829, 2294, 14330},0, {-16, 1008},{0xFF, 0xFF, 0xFF, 0xFF}}},
	{{{-971, 2294, 14213},0, {-16, -16},{0xFF, 0xFF, 0xFF, 0xFF}}},
	{{{-637, 2294, 14346},0, {-16, 2032},{0xFF, 0xFF, 0xFF, 0xFF}}},
	{{{146, 2294, 13946},0, {496, 2032},{0xFF, 0xFF, 0xFF, 0xFF}}},
	{{{146, 2294, 13546},0, {1008, 2032},{0xFF, 0xFF, 0xFF, 0xFF}}},
	{{{-246, 2294, 13546},0, {1008, 1008},{0xFF, 0xFF, 0xFF, 0xFF}}},
	{{{-246, 2294, 13946},0, {496, 1008},{0xFF, 0xFF, 0xFF, 0xFF}}},
	{{{-637, 2294, 13546},0, {1008, -16},{0xFF, 0xFF, 0xFF, 0xFF}}},
	{{{-637, 2294, 13946},0, {496, -16},{0xFF, 0xFF, 0xFF, 0xFF}}},
	{{{-246, 2294, 14346},0, {-16, 1008},{0xFF, 0xFF, 0xFF, 0xFF}}},
	{{{-246, 2294, 14346},0, {-16, 1008},{0xFF, 0xFF, 0xFF, 0xFF}}},
	{{{-637, 2294, 13946},0, {496, -16},{0xFF, 0xFF, 0xFF, 0xFF}}},
	{{{-637, 2294, 14346},0, {-16, -16},{0xFF, 0xFF, 0xFF, 0xFF}}},
	{{{146, 2294, 14346},0, {-16, 2032},{0xFF, 0xFF, 0xFF, 0xFF}}},
	{{{-246, 2294, 13946},0, {496, 1008},{0xFF, 0xFF, 0xFF, 0xFF}}},
	{{{146, 2294, 13946},0, {496, 2032},{0xFF, 0xFF, 0xFF, 0xFF}}},
	{{{524, 2294, 13946},0, {496, 2032},{0xFF, 0xFF, 0xFF, 0xFF}}},
	{{{474, 2294, 13680},0, {1008, 2032},{0xFF, 0xFF, 0xFF, 0xFF}}},
	{{{335, 2294, 13563},0, {1008, 1008},{0xFF, 0xFF, 0xFF, 0xFF}}},
	{{{340, 2294, 13946},0, {496, 1008},{0xFF, 0xFF, 0xFF, 0xFF}}},
	{{{146, 2294, 13546},0, {1008, -16},{0xFF, 0xFF, 0xFF, 0xFF}}},
	{{{146, 2294, 13946},0, {496, -16},{0xFF, 0xFF, 0xFF, 0xFF}}},
	{{{335, 2294, 14330},0, {-16, 1008},{0xFF, 0xFF, 0xFF, 0xFF}}},
	{{{146, 2294, 14346},0, {-16, -16},{0xFF, 0xFF, 0xFF, 0xFF}}},
	{{{474, 2294, 14213},0, {-16, 2032},{0xFF, 0xFF, 0xFF, 0xFF}}},
};

Gfx wf_dl_Cube_016_mesh_layer_1_tri_0[] = {
	gsSPVertex(wf_dl_Cube_016_mesh_layer_1_vtx_0 + 0, 16, 0),
	gsSP1Triangle(0, 1, 2, 0),
	gsSP1Triangle(0, 2, 3, 0),
	gsSP1Triangle(3, 2, 4, 0),
	gsSP1Triangle(3, 4, 5, 0),
	gsSP1Triangle(6, 3, 5, 0),
	gsSP1Triangle(6, 5, 7, 0),
	gsSP1Triangle(8, 3, 6, 0),
	gsSP1Triangle(8, 0, 3, 0),
	gsSP1Triangle(9, 10, 11, 0),
	gsSP1Triangle(9, 11, 12, 0),
	gsSP1Triangle(12, 11, 13, 0),
	gsSP1Triangle(12, 13, 14, 0),
	gsSP1Triangle(15, 12, 14, 0),
	gsSPVertex(wf_dl_Cube_016_mesh_layer_1_vtx_0 + 16, 15, 0),
	gsSP1Triangle(0, 1, 2, 0),
	gsSP1Triangle(3, 4, 0, 0),
	gsSP1Triangle(3, 5, 4, 0),
	gsSP1Triangle(6, 7, 8, 0),
	gsSP1Triangle(6, 8, 9, 0),
	gsSP1Triangle(9, 8, 10, 0),
	gsSP1Triangle(9, 10, 11, 0),
	gsSP1Triangle(12, 9, 11, 0),
	gsSP1Triangle(12, 11, 13, 0),
	gsSP1Triangle(14, 9, 12, 0),
	gsSP1Triangle(14, 6, 9, 0),
	gsSPVertex(wf_dl_Cube_016_mesh_layer_1_vtx_0 + 31, 16, 0),
	gsSP1Triangle(0, 1, 2, 0),
	gsSP1Triangle(0, 2, 3, 0),
	gsSP1Triangle(3, 2, 4, 0),
	gsSP1Triangle(3, 4, 5, 0),
	gsSP1Triangle(6, 3, 5, 0),
	gsSP1Triangle(6, 5, 7, 0),
	gsSP1Triangle(8, 3, 6, 0),
	gsSP1Triangle(8, 0, 3, 0),
	gsSP1Triangle(9, 10, 11, 0),
	gsSP1Triangle(9, 11, 12, 0),
	gsSP1Triangle(12, 11, 13, 0),
	gsSP1Triangle(12, 13, 14, 0),
	gsSP1Triangle(15, 12, 14, 0),
	gsSPVertex(wf_dl_Cube_016_mesh_layer_1_vtx_0 + 47, 15, 0),
	gsSP1Triangle(0, 1, 2, 0),
	gsSP1Triangle(3, 4, 0, 0),
	gsSP1Triangle(3, 5, 4, 0),
	gsSP1Triangle(6, 7, 8, 0),
	gsSP1Triangle(6, 8, 9, 0),
	gsSP1Triangle(9, 8, 10, 0),
	gsSP1Triangle(9, 10, 11, 0),
	gsSP1Triangle(12, 9, 11, 0),
	gsSP1Triangle(12, 11, 13, 0),
	gsSP1Triangle(14, 9, 12, 0),
	gsSP1Triangle(14, 6, 9, 0),
	gsSPVertex(wf_dl_Cube_016_mesh_layer_1_vtx_0 + 62, 16, 0),
	gsSP1Triangle(0, 1, 2, 0),
	gsSP1Triangle(0, 2, 3, 0),
	gsSP1Triangle(3, 2, 4, 0),
	gsSP1Triangle(3, 4, 5, 0),
	gsSP1Triangle(6, 3, 5, 0),
	gsSP1Triangle(6, 5, 7, 0),
	gsSP1Triangle(8, 3, 6, 0),
	gsSP1Triangle(8, 0, 3, 0),
	gsSP1Triangle(9, 10, 11, 0),
	gsSP1Triangle(9, 11, 12, 0),
	gsSP1Triangle(12, 11, 13, 0),
	gsSP1Triangle(12, 13, 14, 0),
	gsSP1Triangle(15, 12, 14, 0),
	gsSPVertex(wf_dl_Cube_016_mesh_layer_1_vtx_0 + 78, 15, 0),
	gsSP1Triangle(0, 1, 2, 0),
	gsSP1Triangle(3, 4, 0, 0),
	gsSP1Triangle(3, 5, 4, 0),
	gsSP1Triangle(6, 7, 8, 0),
	gsSP1Triangle(6, 8, 9, 0),
	gsSP1Triangle(9, 8, 10, 0),
	gsSP1Triangle(9, 10, 11, 0),
	gsSP1Triangle(12, 9, 11, 0),
	gsSP1Triangle(12, 11, 13, 0),
	gsSP1Triangle(14, 9, 12, 0),
	gsSP1Triangle(14, 6, 9, 0),
	gsSPVertex(wf_dl_Cube_016_mesh_layer_1_vtx_0 + 93, 16, 0),
	gsSP1Triangle(0, 1, 2, 0),
	gsSP1Triangle(0, 2, 3, 0),
	gsSP1Triangle(3, 2, 4, 0),
	gsSP1Triangle(3, 4, 5, 0),
	gsSP1Triangle(6, 3, 5, 0),
	gsSP1Triangle(6, 5, 7, 0),
	gsSP1Triangle(8, 3, 6, 0),
	gsSP1Triangle(8, 0, 3, 0),
	gsSP1Triangle(9, 10, 11, 0),
	gsSP1Triangle(9, 11, 12, 0),
	gsSP1Triangle(12, 11, 13, 0),
	gsSP1Triangle(12, 13, 14, 0),
	gsSP1Triangle(15, 12, 14, 0),
	gsSPVertex(wf_dl_Cube_016_mesh_layer_1_vtx_0 + 109, 15, 0),
	gsSP1Triangle(0, 1, 2, 0),
	gsSP1Triangle(3, 4, 0, 0),
	gsSP1Triangle(3, 5, 4, 0),
	gsSP1Triangle(6, 7, 8, 0),
	gsSP1Triangle(6, 8, 9, 0),
	gsSP1Triangle(9, 8, 10, 0),
	gsSP1Triangle(9, 10, 11, 0),
	gsSP1Triangle(12, 9, 11, 0),
	gsSP1Triangle(12, 11, 13, 0),
	gsSP1Triangle(14, 9, 12, 0),
	gsSP1Triangle(14, 6, 9, 0),
	gsSPVertex(wf_dl_Cube_016_mesh_layer_1_vtx_0 + 124, 16, 0),
	gsSP1Triangle(0, 1, 2, 0),
	gsSP1Triangle(0, 2, 3, 0),
	gsSP1Triangle(3, 2, 4, 0),
	gsSP1Triangle(3, 4, 5, 0),
	gsSP1Triangle(6, 3, 5, 0),
	gsSP1Triangle(6, 5, 7, 0),
	gsSP1Triangle(8, 3, 6, 0),
	gsSP1Triangle(8, 0, 3, 0),
	gsSP1Triangle(9, 10, 11, 0),
	gsSP1Triangle(9, 11, 12, 0),
	gsSP1Triangle(12, 11, 13, 0),
	gsSP1Triangle(12, 13, 14, 0),
	gsSP1Triangle(15, 12, 14, 0),
	gsSPVertex(wf_dl_Cube_016_mesh_layer_1_vtx_0 + 140, 15, 0),
	gsSP1Triangle(0, 1, 2, 0),
	gsSP1Triangle(3, 4, 0, 0),
	gsSP1Triangle(3, 5, 4, 0),
	gsSP1Triangle(6, 7, 8, 0),
	gsSP1Triangle(6, 8, 9, 0),
	gsSP1Triangle(9, 8, 10, 0),
	gsSP1Triangle(9, 10, 11, 0),
	gsSP1Triangle(12, 9, 11, 0),
	gsSP1Triangle(12, 11, 13, 0),
	gsSP1Triangle(14, 9, 12, 0),
	gsSP1Triangle(14, 6, 9, 0),
	gsSPVertex(wf_dl_Cube_016_mesh_layer_1_vtx_0 + 155, 16, 0),
	gsSP1Triangle(0, 1, 2, 0),
	gsSP1Triangle(0, 2, 3, 0),
	gsSP1Triangle(3, 2, 4, 0),
	gsSP1Triangle(3, 4, 5, 0),
	gsSP1Triangle(6, 3, 5, 0),
	gsSP1Triangle(6, 5, 7, 0),
	gsSP1Triangle(8, 3, 6, 0),
	gsSP1Triangle(8, 0, 3, 0),
	gsSP1Triangle(9, 10, 11, 0),
	gsSP1Triangle(9, 11, 12, 0),
	gsSP1Triangle(12, 11, 13, 0),
	gsSP1Triangle(12, 13, 14, 0),
	gsSP1Triangle(15, 12, 14, 0),
	gsSPVertex(wf_dl_Cube_016_mesh_layer_1_vtx_0 + 171, 15, 0),
	gsSP1Triangle(0, 1, 2, 0),
	gsSP1Triangle(3, 4, 0, 0),
	gsSP1Triangle(3, 5, 4, 0),
	gsSP1Triangle(6, 7, 8, 0),
	gsSP1Triangle(6, 8, 9, 0),
	gsSP1Triangle(9, 8, 10, 0),
	gsSP1Triangle(9, 10, 11, 0),
	gsSP1Triangle(12, 9, 11, 0),
	gsSP1Triangle(12, 11, 13, 0),
	gsSP1Triangle(14, 9, 12, 0),
	gsSP1Triangle(14, 6, 9, 0),
	gsSPVertex(wf_dl_Cube_016_mesh_layer_1_vtx_0 + 186, 16, 0),
	gsSP1Triangle(0, 1, 2, 0),
	gsSP1Triangle(0, 2, 3, 0),
	gsSP1Triangle(3, 2, 4, 0),
	gsSP1Triangle(3, 4, 5, 0),
	gsSP1Triangle(6, 3, 5, 0),
	gsSP1Triangle(6, 5, 7, 0),
	gsSP1Triangle(8, 3, 6, 0),
	gsSP1Triangle(8, 0, 3, 0),
	gsSP1Triangle(9, 10, 11, 0),
	gsSP1Triangle(9, 11, 12, 0),
	gsSP1Triangle(12, 11, 13, 0),
	gsSP1Triangle(12, 13, 14, 0),
	gsSP1Triangle(15, 12, 14, 0),
	gsSPVertex(wf_dl_Cube_016_mesh_layer_1_vtx_0 + 202, 15, 0),
	gsSP1Triangle(0, 1, 2, 0),
	gsSP1Triangle(3, 4, 0, 0),
	gsSP1Triangle(3, 5, 4, 0),
	gsSP1Triangle(6, 7, 8, 0),
	gsSP1Triangle(6, 8, 9, 0),
	gsSP1Triangle(9, 8, 10, 0),
	gsSP1Triangle(9, 10, 11, 0),
	gsSP1Triangle(12, 9, 11, 0),
	gsSP1Triangle(12, 11, 13, 0),
	gsSP1Triangle(14, 9, 12, 0),
	gsSP1Triangle(14, 6, 9, 0),
	gsSPVertex(wf_dl_Cube_016_mesh_layer_1_vtx_0 + 217, 16, 0),
	gsSP1Triangle(0, 1, 2, 0),
	gsSP1Triangle(0, 2, 3, 0),
	gsSP1Triangle(3, 2, 4, 0),
	gsSP1Triangle(3, 4, 5, 0),
	gsSP1Triangle(6, 3, 5, 0),
	gsSP1Triangle(6, 5, 7, 0),
	gsSP1Triangle(8, 3, 6, 0),
	gsSP1Triangle(8, 0, 3, 0),
	gsSP1Triangle(9, 10, 11, 0),
	gsSP1Triangle(9, 11, 12, 0),
	gsSP1Triangle(12, 11, 13, 0),
	gsSP1Triangle(12, 13, 14, 0),
	gsSP1Triangle(15, 12, 14, 0),
	gsSPVertex(wf_dl_Cube_016_mesh_layer_1_vtx_0 + 233, 15, 0),
	gsSP1Triangle(0, 1, 2, 0),
	gsSP1Triangle(3, 4, 0, 0),
	gsSP1Triangle(3, 5, 4, 0),
	gsSP1Triangle(6, 7, 8, 0),
	gsSP1Triangle(6, 8, 9, 0),
	gsSP1Triangle(9, 8, 10, 0),
	gsSP1Triangle(9, 10, 11, 0),
	gsSP1Triangle(12, 9, 11, 0),
	gsSP1Triangle(12, 11, 13, 0),
	gsSP1Triangle(14, 9, 12, 0),
	gsSP1Triangle(14, 6, 9, 0),
	gsSPEndDisplayList(),
};

Vtx wf_dl_Cube_016_mesh_layer_1_vtx_1[1039] = {
	{{{-537, 1841, 529},0, {1008, 2032},{0xFF, 0xFF, 0xFF, 0xFF}}},
	{{{-537, 1841, 934},0, {2032, 2032},{0xFF, 0xFF, 0xFF, 0xFF}}},
	{{{-682, 1852, 937},0, {2032, 1008},{0xFF, 0xFF, 0xFF, 0xFF}}},
	{{{-682, 1852, 529},0, {1008, 1008},{0xFF, 0xFF, 0xFF, 0xFF}}},
	{{{-816, 1931, 955},0, {2032, -16},{0xFF, 0xFF, 0xFF, 0xFF}}},
	{{{-816, 1931, 526},0, {1008, -16},{0xFF, 0xFF, 0xFF, 0xFF}}},
	{{{-682, 1852, 148},0, {-16, 1008},{0xFF, 0xFF, 0xFF, 0xFF}}},
	{{{-816, 1931, 126},0, {-16, -16},{0xFF, 0xFF, 0xFF, 0xFF}}},
	{{{-537, 1841, 151},0, {-16, 2032},{0xFF, 0xFF, 0xFF, 0xFF}}},
	{{{-392, 1841, 934},0, {1008, 2032},{0xFF, 0xFF, 0xFF, 0xFF}}},
	{{{-248, 1841, 934},0, {2032, 2032},{0xFF, 0xFF, 0xFF, 0xFF}}},
	{{{-248, 1852, 1373},0, {2032, 1008},{0xFF, 0xFF, 0xFF, 0xFF}}},
	{{{-393, 1852, 1373},0, {1008, 1008},{0xFF, 0xFF, 0xFF, 0xFF}}},
	{{{-248, 1931, 1776},0, {2032, -16},{0xFF, 0xFF, 0xFF, 0xFF}}},
	{{{-401, 1931, 1776},0, {1008, -16},{0xFF, 0xFF, 0xFF, 0xFF}}},
	{{{-539, 1852, 1373},0, {-16, 1008},{0xFF, 0xFF, 0xFF, 0xFF}}},
	{{{-539, 1852, 1373},0, {-16, 1008},{0xFF, 0xFF, 0xFF, 0xFF}}},
	{{{-401, 1931, 1776},0, {1008, -16},{0xFF, 0xFF, 0xFF, 0xFF}}},
	{{{-554, 1931, 1776},0, {-16, -16},{0xFF, 0xFF, 0xFF, 0xFF}}},
	{{{-537, 1841, 934},0, {-16, 2032},{0xFF, 0xFF, 0xFF, 0xFF}}},
	{{{-393, 1852, 1373},0, {1008, 1008},{0xFF, 0xFF, 0xFF, 0xFF}}},
	{{{-392, 1841, 934},0, {1008, 2032},{0xFF, 0xFF, 0xFF, 0xFF}}},
	{{{-932, 2122, 73},0, {1008, 2032},{0xFF, 0xFF, 0xFF, 0xFF}}},
	{{{-816, 1931, 126},0, {2032, 2032},{0xFF, 0xFF, 0xFF, 0xFF}}},
	{{{-816, 1931, 526},0, {2032, 1008},{0xFF, 0xFF, 0xFF, 0xFF}}},
	{{{-931, 2122, 515},0, {1008, 1008},{0xFF, 0xFF, 0xFF, 0xFF}}},
	{{{-816, 1931, 955},0, {2032, -16},{0xFF, 0xFF, 0xFF, 0xFF}}},
	{{{-926, 2122, 980},0, {1008, -16},{0xFF, 0xFF, 0xFF, 0xFF}}},
	{{{-1029, 2382, 484},0, {-16, 1008},{0xFF, 0xFF, 0xFF, 0xFF}}},
	{{{-971, 2382, 843},0, {-16, -16},{0xFF, 0xFF, 0xFF, 0xFF}}},
	{{{-1038, 2382, 0},0, {-16, 2032},{0xFF, 0xFF, 0xFF, 0xFF}}},
	{{{435, 2122, 73},0, {1008, 2032},{0xFF, 0xFF, 0xFF, 0xFF}}},
	{{{320, 1931, 126},0, {2032, 2032},{0xFF, 0xFF, 0xFF, 0xFF}}},
	{{{318, 1939, -250},0, {2032, 1008},{0xFF, 0xFF, 0xFF, 0xFF}}},
	{{{429, 2124, -350},0, {1008, 1008},{0xFF, 0xFF, 0xFF, 0xFF}}},
	{{{309, 1976, -502},0, {2032, -16},{0xFF, 0xFF, 0xFF, 0xFF}}},
	{{{382, 2128, -658},0, {1008, -16},{0xFF, 0xFF, 0xFF, 0xFF}}},
	{{{532, 2382, -484},0, {-16, 1008},{0xFF, 0xFF, 0xFF, 0xFF}}},
	{{{474, 2382, -843},0, {-16, -16},{0xFF, 0xFF, 0xFF, 0xFF}}},
	{{{540, 2382, 0},0, {-16, 2032},{0xFF, 0xFF, 0xFF, 0xFF}}},
	{{{-637, 2382, -1011},0, {-16, 2032},{0xFF, 0xFF, 0xFF, 0xFF}}},
	{{{-756, 2124, -779},0, {1008, 1008},{0xFF, 0xFF, 0xFF, 0xFF}}},
	{{{-829, 2382, -990},0, {-16, 1008},{0xFF, 0xFF, 0xFF, 0xFF}}},
	{{{-590, 2122, -796},0, {1008, 2032},{0xFF, 0xFF, 0xFF, 0xFF}}},
	{{{-702, 1939, -534},0, {2032, 1008},{0xFF, 0xFF, 0xFF, 0xFF}}},
	{{{-554, 1931, -540},0, {2032, 2032},{0xFF, 0xFF, 0xFF, 0xFF}}},
	{{{-804, 1976, -502},0, {2032, -16},{0xFF, 0xFF, 0xFF, 0xFF}}},
	{{{-756, 2124, -779},0, {1008, 1008},{0xFF, 0xFF, 0xFF, 0xFF}}},
	{{{-804, 1976, -502},0, {2032, -16},{0xFF, 0xFF, 0xFF, 0xFF}}},
	{{{-878, 2128, -658},0, {1008, -16},{0xFF, 0xFF, 0xFF, 0xFF}}},
	{{{-829, 2382, -990},0, {-16, 1008},{0xFF, 0xFF, 0xFF, 0xFF}}},
	{{{-971, 2382, -843},0, {-16, -16},{0xFF, 0xFF, 0xFF, 0xFF}}},
	{{{429, 2122, 980},0, {1008, 2032},{0xFF, 0xFF, 0xFF, 0xFF}}},
	{{{320, 1931, 955},0, {2032, 2032},{0xFF, 0xFF, 0xFF, 0xFF}}},
	{{{320, 1931, 526},0, {2032, 1008},{0xFF, 0xFF, 0xFF, 0xFF}}},
	{{{434, 2122, 515},0, {1008, 1008},{0xFF, 0xFF, 0xFF, 0xFF}}},
	{{{320, 1931, 126},0, {2032, -16},{0xFF, 0xFF, 0xFF, 0xFF}}},
	{{{435, 2122, 73},0, {1008, -16},{0xFF, 0xFF, 0xFF, 0xFF}}},
	{{{532, 2382, 484},0, {-16, 1008},{0xFF, 0xFF, 0xFF, 0xFF}}},
	{{{540, 2382, 0},0, {-16, -16},{0xFF, 0xFF, 0xFF, 0xFF}}},
	{{{474, 2382, 843},0, {-16, 2032},{0xFF, 0xFF, 0xFF, 0xFF}}},
	{{{-878, 2128, -658},0, {1008, 2032},{0xFF, 0xFF, 0xFF, 0xFF}}},
	{{{-804, 1976, -502},0, {2032, 2032},{0xFF, 0xFF, 0xFF, 0xFF}}},
	{{{-814, 1939, -250},0, {2032, 1008},{0xFF, 0xFF, 0xFF, 0xFF}}},
	{{{-926, 2124, -350},0, {1008, 1008},{0xFF, 0xFF, 0xFF, 0xFF}}},
	{{{-816, 1931, 126},0, {2032, -16},{0xFF, 0xFF, 0xFF, 0xFF}}},
	{{{-932, 2122, 73},0, {1008, -16},{0xFF, 0xFF, 0xFF, 0xFF}}},
	{{{-1029, 2382, -484},0, {-16, 1008},{0xFF, 0xFF, 0xFF, 0xFF}}},
	{{{-1038, 2382, 0},0, {-16, -16},{0xFF, 0xFF, 0xFF, 0xFF}}},
	{{{-971, 2382, -843},0, {-16, 2032},{0xFF, 0xFF, 0xFF, 0xFF}}},
	{{{-539, 1852, -215},0, {1008, 2032},{0xFF, 0xFF, 0xFF, 0xFF}}},
	{{{-537, 1841, 151},0, {2032, 2032},{0xFF, 0xFF, 0xFF, 0xFF}}},
	{{{-682, 1852, 148},0, {2032, 1008},{0xFF, 0xFF, 0xFF, 0xFF}}},
	{{{-684, 1863, -218},0, {1008, 1008},{0xFF, 0xFF, 0xFF, 0xFF}}},
	{{{-814, 1939, -250},0, {1008, -16},{0xFF, 0xFF, 0xFF, 0xFF}}},
	{{{-702, 1939, -534},0, {-16, 1008},{0xFF, 0xFF, 0xFF, 0xFF}}},
	{{{-804, 1976, -502},0, {-16, -16},{0xFF, 0xFF, 0xFF, 0xFF}}},
	{{{-554, 1931, -540},0, {-16, 2032},{0xFF, 0xFF, 0xFF, 0xFF}}},
	{{{-684, 1863, -218},0, {1008, 1008},{0xFF, 0xFF, 0xFF, 0xFF}}},
	{{{-702, 1939, -534},0, {-16, 1008},{0xFF, 0xFF, 0xFF, 0xFF}}},
	{{{-539, 1852, -215},0, {1008, 2032},{0xFF, 0xFF, 0xFF, 0xFF}}},
	{{{45, 1852, -215},0, {1008, 2032},{0xFF, 0xFF, 0xFF, 0xFF}}},
	{{{43, 1841, 151},0, {2032, 2032},{0xFF, 0xFF, 0xFF, 0xFF}}},
	{{{-103, 1841, 151},0, {2032, 1008},{0xFF, 0xFF, 0xFF, 0xFF}}},
	{{{-102, 1852, -215},0, {1008, 1008},{0xFF, 0xFF, 0xFF, 0xFF}}},
	{{{-248, 1841, 151},0, {2032, -16},{0xFF, 0xFF, 0xFF, 0xFF}}},
	{{{-248, 1852, -215},0, {1008, -16},{0xFF, 0xFF, 0xFF, 0xFF}}},
	{{{-94, 1931, -540},0, {-16, 1008},{0xFF, 0xFF, 0xFF, 0xFF}}},
	{{{-248, 1931, -540},0, {-16, -16},{0xFF, 0xFF, 0xFF, 0xFF}}},
	{{{60, 1931, -540},0, {-16, 2032},{0xFF, 0xFF, 0xFF, 0xFF}}},
	{{{96, 2122, -796},0, {1008, 2032},{0xFF, 0xFF, 0xFF, 0xFF}}},
	{{{60, 1931, -540},0, {2032, 2032},{0xFF, 0xFF, 0xFF, 0xFF}}},
	{{{-94, 1931, -540},0, {2032, 1008},{0xFF, 0xFF, 0xFF, 0xFF}}},
	{{{96, 2122, -796},0, {1008, 2032},{0xFF, 0xFF, 0xFF, 0xFF}}},
	{{{-94, 1931, -540},0, {2032, 1008},{0xFF, 0xFF, 0xFF, 0xFF}}},
	{{{-76, 2122, -796},0, {1008, 1008},{0xFF, 0xFF, 0xFF, 0xFF}}},
	{{{-248, 1931, -540},0, {2032, -16},{0xFF, 0xFF, 0xFF, 0xFF}}},
	{{{-248, 2122, -796},0, {1008, -16},{0xFF, 0xFF, 0xFF, 0xFF}}},
	{{{-51, 2382, -1011},0, {-16, 1008},{0xFF, 0xFF, 0xFF, 0xFF}}},
	{{{-249, 2382, -1011},0, {-16, -16},{0xFF, 0xFF, 0xFF, 0xFF}}},
	{{{146, 2382, -1011},0, {-16, 2032},{0xFF, 0xFF, 0xFF, 0xFF}}},
	{{{-926, 2122, 980},0, {1008, 2032},{0xFF, 0xFF, 0xFF, 0xFF}}},
	{{{-816, 1931, 955},0, {2032, 2032},{0xFF, 0xFF, 0xFF, 0xFF}}},
	{{{-814, 1939, 1406},0, {2032, 1008},{0xFF, 0xFF, 0xFF, 0xFF}}},
	{{{-921, 2123, 1497},0, {1008, 1008},{0xFF, 0xFF, 0xFF, 0xFF}}},
	{{{-804, 1976, 1719},0, {2032, -16},{0xFF, 0xFF, 0xFF, 0xFF}}},
	{{{-874, 2127, 1889},0, {1008, -16},{0xFF, 0xFF, 0xFF, 0xFF}}},
	{{{-991, 2369, 1582},0, {-16, 1008},{0xFF, 0xFF, 0xFF, 0xFF}}},
	{{{-939, 2368, 2031},0, {-16, -16},{0xFF, 0xFF, 0xFF, 0xFF}}},
	{{{-971, 2382, 843},0, {-16, 2032},{0xFF, 0xFF, 0xFF, 0xFF}}},
	{{{-921, 2123, 1497},0, {1008, 1008},{0xFF, 0xFF, 0xFF, 0xFF}}},
	{{{-991, 2369, 1582},0, {-16, 1008},{0xFF, 0xFF, 0xFF, 0xFF}}},
	{{{-926, 2122, 980},0, {1008, 2032},{0xFF, 0xFF, 0xFF, 0xFF}}},
	{{{43, 1841, 529},0, {1008, 2032},{0xFF, 0xFF, 0xFF, 0xFF}}},
	{{{43, 1841, 934},0, {2032, 2032},{0xFF, 0xFF, 0xFF, 0xFF}}},
	{{{-103, 1841, 934},0, {2032, 1008},{0xFF, 0xFF, 0xFF, 0xFF}}},
	{{{-103, 1841, 529},0, {1008, 1008},{0xFF, 0xFF, 0xFF, 0xFF}}},
	{{{-248, 1841, 934},0, {2032, -16},{0xFF, 0xFF, 0xFF, 0xFF}}},
	{{{-248, 1841, 529},0, {1008, -16},{0xFF, 0xFF, 0xFF, 0xFF}}},
	{{{-103, 1841, 151},0, {-16, 1008},{0xFF, 0xFF, 0xFF, 0xFF}}},
	{{{-248, 1841, 151},0, {-16, -16},{0xFF, 0xFF, 0xFF, 0xFF}}},
	{{{43, 1841, 151},0, {-16, 2032},{0xFF, 0xFF, 0xFF, 0xFF}}},
	{{{146, 2382, 2315},0, {-16, 2032},{0xFF, 0xFF, 0xFF, 0xFF}}},
	{{{259, 2123, 2047},0, {1008, 1008},{0xFF, 0xFF, 0xFF, 0xFF}}},
	{{{311, 2369, 2219},0, {-16, 1008},{0xFF, 0xFF, 0xFF, 0xFF}}},
	{{{146, 2382, 2315},0, {-16, 2032},{0xFF, 0xFF, 0xFF, 0xFF}}},
	{{{96, 2122, 2075},0, {1008, 2032},{0xFF, 0xFF, 0xFF, 0xFF}}},
	{{{259, 2123, 2047},0, {1008, 1008},{0xFF, 0xFF, 0xFF, 0xFF}}},
	{{{207, 1939, 1766},0, {2032, 1008},{0xFF, 0xFF, 0xFF, 0xFF}}},
	{{{60, 1931, 1776},0, {2032, 2032},{0xFF, 0xFF, 0xFF, 0xFF}}},
	{{{309, 1976, 1719},0, {2032, -16},{0xFF, 0xFF, 0xFF, 0xFF}}},
	{{{378, 2127, 1889},0, {1008, -16},{0xFF, 0xFF, 0xFF, 0xFF}}},
	{{{311, 2369, 2219},0, {-16, 1008},{0xFF, 0xFF, 0xFF, 0xFF}}},
	{{{443, 2368, 2031},0, {-16, -16},{0xFF, 0xFF, 0xFF, 0xFF}}},
	{{{-590, 2122, 2075},0, {1008, 2032},{0xFF, 0xFF, 0xFF, 0xFF}}},
	{{{-554, 1931, 1776},0, {2032, 2032},{0xFF, 0xFF, 0xFF, 0xFF}}},
	{{{-401, 1931, 1776},0, {2032, 1008},{0xFF, 0xFF, 0xFF, 0xFF}}},
	{{{-419, 2122, 2077},0, {1008, 1008},{0xFF, 0xFF, 0xFF, 0xFF}}},
	{{{-248, 1931, 1776},0, {2032, -16},{0xFF, 0xFF, 0xFF, 0xFF}}},
	{{{-248, 2122, 2077},0, {1008, -16},{0xFF, 0xFF, 0xFF, 0xFF}}},
	{{{-443, 2382, 2315},0, {-16, 1008},{0xFF, 0xFF, 0xFF, 0xFF}}},
	{{{-443, 2382, 2315},0, {-16, 1008},{0xFF, 0xFF, 0xFF, 0xFF}}},
	{{{-248, 2122, 2077},0, {1008, -16},{0xFF, 0xFF, 0xFF, 0xFF}}},
	{{{-249, 2382, 2315},0, {-16, -16},{0xFF, 0xFF, 0xFF, 0xFF}}},
	{{{-637, 2382, 2315},0, {-16, 2032},{0xFF, 0xFF, 0xFF, 0xFF}}},
	{{{-419, 2122, 2077},0, {1008, 1008},{0xFF, 0xFF, 0xFF, 0xFF}}},
	{{{-590, 2122, 2075},0, {1008, 2032},{0xFF, 0xFF, 0xFF, 0xFF}}},
	{{{494, 2369, 1582},0, {1008, 2032},{0xFF, 0xFF, 0xFF, 0xFF}}},
	{{{474, 2382, 843},0, {2032, 2032},{0xFF, 0xFF, 0xFF, 0xFF}}},
	{{{474, 2622, 1195},0, {2032, 1008},{0xFF, 0xFF, 0xFF, 0xFF}}},
	{{{520, 2621, 1649},0, {1008, 1008},{0xFF, 0xFF, 0xFF, 0xFF}}},
	{{{474, 2928, 1228},0, {2032, -16},{0xFF, 0xFF, 0xFF, 0xFF}}},
	{{{524, 2928, 1663},0, {1008, -16},{0xFF, 0xFF, 0xFF, 0xFF}}},
	{{{471, 2620, 2089},0, {-16, 1008},{0xFF, 0xFF, 0xFF, 0xFF}}},
	{{{474, 2928, 2097},0, {-16, -16},{0xFF, 0xFF, 0xFF, 0xFF}}},
	{{{443, 2368, 2031},0, {-16, 2032},{0xFF, 0xFF, 0xFF, 0xFF}}},
	{{{429, 2122, 980},0, {1008, 2032},{0xFF, 0xFF, 0xFF, 0xFF}}},
	{{{474, 2382, 843},0, {2032, 2032},{0xFF, 0xFF, 0xFF, 0xFF}}},
	{{{494, 2369, 1582},0, {2032, 1008},{0xFF, 0xFF, 0xFF, 0xFF}}},
	{{{424, 2123, 1497},0, {1008, 1008},{0xFF, 0xFF, 0xFF, 0xFF}}},
	{{{443, 2368, 2031},0, {2032, -16},{0xFF, 0xFF, 0xFF, 0xFF}}},
	{{{378, 2127, 1889},0, {1008, -16},{0xFF, 0xFF, 0xFF, 0xFF}}},
	{{{318, 1939, 1406},0, {-16, 1008},{0xFF, 0xFF, 0xFF, 0xFF}}},
	{{{309, 1976, 1719},0, {-16, -16},{0xFF, 0xFF, 0xFF, 0xFF}}},
	{{{320, 1931, 955},0, {-16, 2032},{0xFF, 0xFF, 0xFF, 0xFF}}},
	{{{187, 1852, 937},0, {1008, 2032},{0xFF, 0xFF, 0xFF, 0xFF}}},
	{{{320, 1931, 955},0, {2032, 2032},{0xFF, 0xFF, 0xFF, 0xFF}}},
	{{{318, 1939, 1406},0, {2032, 1008},{0xFF, 0xFF, 0xFF, 0xFF}}},
	{{{189, 1863, 1376},0, {1008, 1008},{0xFF, 0xFF, 0xFF, 0xFF}}},
	{{{309, 1976, 1719},0, {2032, -16},{0xFF, 0xFF, 0xFF, 0xFF}}},
	{{{207, 1939, 1766},0, {1008, -16},{0xFF, 0xFF, 0xFF, 0xFF}}},
	{{{45, 1852, 1373},0, {-16, 1008},{0xFF, 0xFF, 0xFF, 0xFF}}},
	{{{45, 1852, 1373},0, {-16, 1008},{0xFF, 0xFF, 0xFF, 0xFF}}},
	{{{207, 1939, 1766},0, {1008, -16},{0xFF, 0xFF, 0xFF, 0xFF}}},
	{{{60, 1931, 1776},0, {-16, -16},{0xFF, 0xFF, 0xFF, 0xFF}}},
	{{{43, 1841, 934},0, {-16, 2032},{0xFF, 0xFF, 0xFF, 0xFF}}},
	{{{189, 1863, 1376},0, {1008, 1008},{0xFF, 0xFF, 0xFF, 0xFF}}},
	{{{187, 1852, 937},0, {1008, 2032},{0xFF, 0xFF, 0xFF, 0xFF}}},
	{{{-939, 2368, 2031},0, {-16, 2032},{0xFF, 0xFF, 0xFF, 0xFF}}},
	{{{-805, 2369, 2219},0, {1008, 2032},{0xFF, 0xFF, 0xFF, 0xFF}}},
	{{{-826, 2619, 2280},0, {1008, 1008},{0xFF, 0xFF, 0xFF, 0xFF}}},
	{{{-967, 2620, 2089},0, {-16, 1008},{0xFF, 0xFF, 0xFF, 0xFF}}},
	{{{-829, 2921, 2287},0, {1008, -16},{0xFF, 0xFF, 0xFF, 0xFF}}},
	{{{-971, 2928, 2097},0, {-16, -16},{0xFF, 0xFF, 0xFF, 0xFF}}},
	{{{-637, 2382, 2315},0, {2032, 2032},{0xFF, 0xFF, 0xFF, 0xFF}}},
	{{{-637, 2611, 2315},0, {2032, 1008},{0xFF, 0xFF, 0xFF, 0xFF}}},
	{{{-637, 2841, 2315},0, {2032, -16},{0xFF, 0xFF, 0xFF, 0xFF}}},
	{{{-103, 1841, 934},0, {1008, 2032},{0xFF, 0xFF, 0xFF, 0xFF}}},
	{{{43, 1841, 934},0, {2032, 2032},{0xFF, 0xFF, 0xFF, 0xFF}}},
	{{{45, 1852, 1373},0, {2032, 1008},{0xFF, 0xFF, 0xFF, 0xFF}}},
	{{{-102, 1852, 1373},0, {1008, 1008},{0xFF, 0xFF, 0xFF, 0xFF}}},
	{{{60, 1931, 1776},0, {2032, -16},{0xFF, 0xFF, 0xFF, 0xFF}}},
	{{{-94, 1931, 1776},0, {1008, -16},{0xFF, 0xFF, 0xFF, 0xFF}}},
	{{{-248, 1852, 1373},0, {-16, 1008},{0xFF, 0xFF, 0xFF, 0xFF}}},
	{{{-248, 1931, 1776},0, {-16, -16},{0xFF, 0xFF, 0xFF, 0xFF}}},
	{{{-248, 1841, 934},0, {-16, 2032},{0xFF, 0xFF, 0xFF, 0xFF}}},
	{{{-248, 2122, 2077},0, {1008, 2032},{0xFF, 0xFF, 0xFF, 0xFF}}},
	{{{-248, 1931, 1776},0, {2032, 2032},{0xFF, 0xFF, 0xFF, 0xFF}}},
	{{{-94, 1931, 1776},0, {2032, 1008},{0xFF, 0xFF, 0xFF, 0xFF}}},
	{{{-76, 2122, 2077},0, {1008, 1008},{0xFF, 0xFF, 0xFF, 0xFF}}},
	{{{96, 2122, 2075},0, {1008, -16},{0xFF, 0xFF, 0xFF, 0xFF}}},
	{{{-51, 2382, 2315},0, {-16, 1008},{0xFF, 0xFF, 0xFF, 0xFF}}},
	{{{146, 2382, 2315},0, {-16, -16},{0xFF, 0xFF, 0xFF, 0xFF}}},
	{{{-249, 2382, 2315},0, {-16, 2032},{0xFF, 0xFF, 0xFF, 0xFF}}},
	{{{-76, 2122, 2077},0, {1008, 1008},{0xFF, 0xFF, 0xFF, 0xFF}}},
	{{{-51, 2382, 2315},0, {-16, 1008},{0xFF, 0xFF, 0xFF, 0xFF}}},
	{{{-248, 2122, 2077},0, {1008, 2032},{0xFF, 0xFF, 0xFF, 0xFF}}},
	{{{320, 1931, 526},0, {1008, 2032},{0xFF, 0xFF, 0xFF, 0xFF}}},
	{{{320, 1931, 955},0, {2032, 2032},{0xFF, 0xFF, 0xFF, 0xFF}}},
	{{{187, 1852, 937},0, {2032, 1008},{0xFF, 0xFF, 0xFF, 0xFF}}},
	{{{187, 1852, 529},0, {1008, 1008},{0xFF, 0xFF, 0xFF, 0xFF}}},
	{{{43, 1841, 934},0, {2032, -16},{0xFF, 0xFF, 0xFF, 0xFF}}},
	{{{43, 1841, 529},0, {1008, -16},{0xFF, 0xFF, 0xFF, 0xFF}}},
	{{{187, 1852, 148},0, {-16, 1008},{0xFF, 0xFF, 0xFF, 0xFF}}},
	{{{43, 1841, 151},0, {-16, -16},{0xFF, 0xFF, 0xFF, 0xFF}}},
	{{{320, 1931, 126},0, {-16, 2032},{0xFF, 0xFF, 0xFF, 0xFF}}},
	{{{474, 2382, -843},0, {-16, 2032},{0xFF, 0xFF, 0xFF, 0xFF}}},
	{{{262, 2124, -779},0, {1008, 1008},{0xFF, 0xFF, 0xFF, 0xFF}}},
	{{{335, 2382, -990},0, {-16, 1008},{0xFF, 0xFF, 0xFF, 0xFF}}},
	{{{474, 2382, -843},0, {-16, 2032},{0xFF, 0xFF, 0xFF, 0xFF}}},
	{{{382, 2128, -658},0, {1008, 2032},{0xFF, 0xFF, 0xFF, 0xFF}}},
	{{{262, 2124, -779},0, {1008, 1008},{0xFF, 0xFF, 0xFF, 0xFF}}},
	{{{207, 1939, -534},0, {2032, 1008},{0xFF, 0xFF, 0xFF, 0xFF}}},
	{{{309, 1976, -502},0, {2032, 2032},{0xFF, 0xFF, 0xFF, 0xFF}}},
	{{{60, 1931, -540},0, {2032, -16},{0xFF, 0xFF, 0xFF, 0xFF}}},
	{{{96, 2122, -796},0, {1008, -16},{0xFF, 0xFF, 0xFF, 0xFF}}},
	{{{335, 2382, -990},0, {-16, 1008},{0xFF, 0xFF, 0xFF, 0xFF}}},
	{{{146, 2382, -1011},0, {-16, -16},{0xFF, 0xFF, 0xFF, 0xFF}}},
	{{{318, 1939, -250},0, {1008, 2032},{0xFF, 0xFF, 0xFF, 0xFF}}},
	{{{320, 1931, 126},0, {2032, 2032},{0xFF, 0xFF, 0xFF, 0xFF}}},
	{{{187, 1852, 148},0, {2032, 1008},{0xFF, 0xFF, 0xFF, 0xFF}}},
	{{{189, 1863, -218},0, {1008, 1008},{0xFF, 0xFF, 0xFF, 0xFF}}},
	{{{43, 1841, 151},0, {2032, -16},{0xFF, 0xFF, 0xFF, 0xFF}}},
	{{{45, 1852, -215},0, {1008, -16},{0xFF, 0xFF, 0xFF, 0xFF}}},
	{{{207, 1939, -534},0, {-16, 1008},{0xFF, 0xFF, 0xFF, 0xFF}}},
	{{{207, 1939, -534},0, {-16, 1008},{0xFF, 0xFF, 0xFF, 0xFF}}},
	{{{45, 1852, -215},0, {1008, -16},{0xFF, 0xFF, 0xFF, 0xFF}}},
	{{{60, 1931, -540},0, {-16, -16},{0xFF, 0xFF, 0xFF, 0xFF}}},
	{{{309, 1976, -502},0, {-16, 2032},{0xFF, 0xFF, 0xFF, 0xFF}}},
	{{{189, 1863, -218},0, {1008, 1008},{0xFF, 0xFF, 0xFF, 0xFF}}},
	{{{318, 1939, -250},0, {1008, 2032},{0xFF, 0xFF, 0xFF, 0xFF}}},
	{{{-939, 2368, 2031},0, {-16, 2032},{0xFF, 0xFF, 0xFF, 0xFF}}},
	{{{-753, 2123, 2047},0, {1008, 1008},{0xFF, 0xFF, 0xFF, 0xFF}}},
	{{{-805, 2369, 2219},0, {-16, 1008},{0xFF, 0xFF, 0xFF, 0xFF}}},
	{{{-874, 2127, 1889},0, {1008, 2032},{0xFF, 0xFF, 0xFF, 0xFF}}},
	{{{-702, 1939, 1766},0, {2032, 1008},{0xFF, 0xFF, 0xFF, 0xFF}}},
	{{{-804, 1976, 1719},0, {2032, 2032},{0xFF, 0xFF, 0xFF, 0xFF}}},
	{{{-554, 1931, 1776},0, {2032, -16},{0xFF, 0xFF, 0xFF, 0xFF}}},
	{{{-590, 2122, 2075},0, {1008, -16},{0xFF, 0xFF, 0xFF, 0xFF}}},
	{{{-637, 2382, 2315},0, {-16, -16},{0xFF, 0xFF, 0xFF, 0xFF}}},
	{{{-248, 1852, -215},0, {1008, 2032},{0xFF, 0xFF, 0xFF, 0xFF}}},
	{{{-248, 1841, 151},0, {2032, 2032},{0xFF, 0xFF, 0xFF, 0xFF}}},
	{{{-392, 1841, 151},0, {2032, 1008},{0xFF, 0xFF, 0xFF, 0xFF}}},
	{{{-393, 1852, -215},0, {1008, 1008},{0xFF, 0xFF, 0xFF, 0xFF}}},
	{{{-537, 1841, 151},0, {2032, -16},{0xFF, 0xFF, 0xFF, 0xFF}}},
	{{{-539, 1852, -215},0, {1008, -16},{0xFF, 0xFF, 0xFF, 0xFF}}},
	{{{-401, 1931, -540},0, {-16, 1008},{0xFF, 0xFF, 0xFF, 0xFF}}},
	{{{-554, 1931, -540},0, {-16, -16},{0xFF, 0xFF, 0xFF, 0xFF}}},
	{{{-248, 1931, -540},0, {-16, 2032},{0xFF, 0xFF, 0xFF, 0xFF}}},
	{{{-248, 2122, -796},0, {1008, 2032},{0xFF, 0xFF, 0xFF, 0xFF}}},
	{{{-248, 1931, -540},0, {2032, 2032},{0xFF, 0xFF, 0xFF, 0xFF}}},
	{{{-401, 1931, -540},0, {2032, 1008},{0xFF, 0xFF, 0xFF, 0xFF}}},
	{{{-419, 2122, -796},0, {1008, 1008},{0xFF, 0xFF, 0xFF, 0xFF}}},
	{{{-554, 1931, -540},0, {2032, -16},{0xFF, 0xFF, 0xFF, 0xFF}}},
	{{{-590, 2122, -796},0, {1008, -16},{0xFF, 0xFF, 0xFF, 0xFF}}},
	{{{-443, 2382, -1011},0, {-16, 1008},{0xFF, 0xFF, 0xFF, 0xFF}}},
	{{{-443, 2382, -1011},0, {-16, 1008},{0xFF, 0xFF, 0xFF, 0xFF}}},
	{{{-590, 2122, -796},0, {1008, -16},{0xFF, 0xFF, 0xFF, 0xFF}}},
	{{{-637, 2382, -1011},0, {-16, -16},{0xFF, 0xFF, 0xFF, 0xFF}}},
	{{{-249, 2382, -1011},0, {-16, 2032},{0xFF, 0xFF, 0xFF, 0xFF}}},
	{{{-419, 2122, -796},0, {1008, 1008},{0xFF, 0xFF, 0xFF, 0xFF}}},
	{{{-248, 2122, -796},0, {1008, 2032},{0xFF, 0xFF, 0xFF, 0xFF}}},
	{{{-682, 1852, 937},0, {1008, 2032},{0xFF, 0xFF, 0xFF, 0xFF}}},
	{{{-537, 1841, 934},0, {2032, 2032},{0xFF, 0xFF, 0xFF, 0xFF}}},
	{{{-539, 1852, 1373},0, {2032, 1008},{0xFF, 0xFF, 0xFF, 0xFF}}},
	{{{-684, 1863, 1376},0, {1008, 1008},{0xFF, 0xFF, 0xFF, 0xFF}}},
	{{{-554, 1931, 1776},0, {2032, -16},{0xFF, 0xFF, 0xFF, 0xFF}}},
	{{{-702, 1939, 1766},0, {1008, -16},{0xFF, 0xFF, 0xFF, 0xFF}}},
	{{{-814, 1939, 1406},0, {-16, 1008},{0xFF, 0xFF, 0xFF, 0xFF}}},
	{{{-804, 1976, 1719},0, {-16, -16},{0xFF, 0xFF, 0xFF, 0xFF}}},
	{{{-816, 1931, 955},0, {-16, 2032},{0xFF, 0xFF, 0xFF, 0xFF}}},
	{{{-248, 1841, 529},0, {1008, 2032},{0xFF, 0xFF, 0xFF, 0xFF}}},
	{{{-248, 1841, 934},0, {2032, 2032},{0xFF, 0xFF, 0xFF, 0xFF}}},
	{{{-392, 1841, 934},0, {2032, 1008},{0xFF, 0xFF, 0xFF, 0xFF}}},
	{{{-392, 1841, 529},0, {1008, 1008},{0xFF, 0xFF, 0xFF, 0xFF}}},
	{{{-537, 1841, 934},0, {2032, -16},{0xFF, 0xFF, 0xFF, 0xFF}}},
	{{{-537, 1841, 529},0, {1008, -16},{0xFF, 0xFF, 0xFF, 0xFF}}},
	{{{-392, 1841, 151},0, {-16, 1008},{0xFF, 0xFF, 0xFF, 0xFF}}},
	{{{-537, 1841, 151},0, {-16, -16},{0xFF, 0xFF, 0xFF, 0xFF}}},
	{{{-248, 1841, 151},0, {-16, 2032},{0xFF, 0xFF, 0xFF, 0xFF}}},
	{{{-971, 2928, 2097},0, {-16, 2032},{0xFF, 0xFF, 0xFF, 0xFF}}},
	{{{-829, 2921, 2287},0, {1008, 2032},{0xFF, 0xFF, 0xFF, 0xFF}}},
	{{{-829, 3331, 2287},0, {1008, 1008},{0xFF, 0xFF, 0xFF, 0xFF}}},
	{{{-971, 3331, 2097},0, {-16, 1008},{0xFF, 0xFF, 0xFF, 0xFF}}},
	{{{-829, 3730, 2287},0, {1008, -16},{0xFF, 0xFF, 0xFF, 0xFF}}},
	{{{-971, 3721, 2097},0, {-16, -16},{0xFF, 0xFF, 0xFF, 0xFF}}},
	{{{-829, 2921, 2287},0, {1008, 2032},{0xFF, 0xFF, 0xFF, 0xFF}}},
	{{{-637, 2841, 2315},0, {2032, 2032},{0xFF, 0xFF, 0xFF, 0xFF}}},
	{{{-637, 3333, 2315},0, {2032, 1008},{0xFF, 0xFF, 0xFF, 0xFF}}},
	{{{-829, 3331, 2287},0, {1008, 1008},{0xFF, 0xFF, 0xFF, 0xFF}}},
	{{{-637, 3824, 2315},0, {2032, -16},{0xFF, 0xFF, 0xFF, 0xFF}}},
	{{{-829, 3730, 2287},0, {1008, -16},{0xFF, 0xFF, 0xFF, 0xFF}}},
	{{{146, 2841, 2315},0, {-16, 2032},{0xFF, 0xFF, 0xFF, 0xFF}}},
	{{{335, 2921, 2287},0, {1008, 2032},{0xFF, 0xFF, 0xFF, 0xFF}}},
	{{{335, 3331, 2287},0, {1008, 1008},{0xFF, 0xFF, 0xFF, 0xFF}}},
	{{{146, 3333, 2315},0, {-16, 1008},{0xFF, 0xFF, 0xFF, 0xFF}}},
	{{{335, 3730, 2287},0, {1008, -16},{0xFF, 0xFF, 0xFF, 0xFF}}},
	{{{146, 3824, 2315},0, {-16, -16},{0xFF, 0xFF, 0xFF, 0xFF}}},
	{{{474, 2928, 2097},0, {2032, 2032},{0xFF, 0xFF, 0xFF, 0xFF}}},
	{{{474, 3331, 2097},0, {2032, 1008},{0xFF, 0xFF, 0xFF, 0xFF}}},
	{{{474, 3721, 2097},0, {2032, -16},{0xFF, 0xFF, 0xFF, 0xFF}}},
	{{{-637, 2382, 1011},0, {-16, 2032},{0xFF, 0xFF, 0xFF, 0xFF}}},
	{{{-829, 2382, 990},0, {1008, 2032},{0xFF, 0xFF, 0xFF, 0xFF}}},
	{{{-829, 2620, 1030},0, {1008, 1008},{0xFF, 0xFF, 0xFF, 0xFF}}},
	{{{-637, 2611, 1011},0, {-16, 1008},{0xFF, 0xFF, 0xFF, 0xFF}}},
	{{{-829, 2921, 1038},0, {1008, -16},{0xFF, 0xFF, 0xFF, 0xFF}}},
	{{{-637, 2841, 1011},0, {-16, -16},{0xFF, 0xFF, 0xFF, 0xFF}}},
	{{{-971, 2382, 843},0, {2032, 2032},{0xFF, 0xFF, 0xFF, 0xFF}}},
	{{{-970, 2622, 1195},0, {2032, 1008},{0xFF, 0xFF, 0xFF, 0xFF}}},
	{{{-971, 2928, 1228},0, {2032, -16},{0xFF, 0xFF, 0xFF, 0xFF}}},
	{{{146, 2382, 2315},0, {-16, 2032},{0xFF, 0xFF, 0xFF, 0xFF}}},
	{{{311, 2369, 2219},0, {1008, 2032},{0xFF, 0xFF, 0xFF, 0xFF}}},
	{{{332, 2619, 2280},0, {1008, 1008},{0xFF, 0xFF, 0xFF, 0xFF}}},
	{{{146, 2611, 2315},0, {-16, 1008},{0xFF, 0xFF, 0xFF, 0xFF}}},
	{{{335, 2921, 2287},0, {1008, -16},{0xFF, 0xFF, 0xFF, 0xFF}}},
	{{{146, 2841, 2315},0, {-16, -16},{0xFF, 0xFF, 0xFF, 0xFF}}},
	{{{311, 2369, 2219},0, {1008, 2032},{0xFF, 0xFF, 0xFF, 0xFF}}},
	{{{443, 2368, 2031},0, {2032, 2032},{0xFF, 0xFF, 0xFF, 0xFF}}},
	{{{471, 2620, 2089},0, {2032, 1008},{0xFF, 0xFF, 0xFF, 0xFF}}},
	{{{332, 2619, 2280},0, {1008, 1008},{0xFF, 0xFF, 0xFF, 0xFF}}},
	{{{474, 2928, 2097},0, {2032, -16},{0xFF, 0xFF, 0xFF, 0xFF}}},
	{{{335, 2921, 2287},0, {1008, -16},{0xFF, 0xFF, 0xFF, 0xFF}}},
	{{{-991, 2369, 1582},0, {1008, 2032},{0xFF, 0xFF, 0xFF, 0xFF}}},
	{{{-939, 2368, 2031},0, {2032, 2032},{0xFF, 0xFF, 0xFF, 0xFF}}},
	{{{-967, 2620, 2089},0, {2032, 1008},{0xFF, 0xFF, 0xFF, 0xFF}}},
	{{{-1017, 2621, 1649},0, {1008, 1008},{0xFF, 0xFF, 0xFF, 0xFF}}},
	{{{-971, 2928, 2097},0, {2032, -16},{0xFF, 0xFF, 0xFF, 0xFF}}},
	{{{-1021, 2928, 1663},0, {1008, -16},{0xFF, 0xFF, 0xFF, 0xFF}}},
	{{{-970, 2622, 1195},0, {-16, 1008},{0xFF, 0xFF, 0xFF, 0xFF}}},
	{{{-971, 2928, 1228},0, {-16, -16},{0xFF, 0xFF, 0xFF, 0xFF}}},
	{{{-971, 2382, 843},0, {-16, 2032},{0xFF, 0xFF, 0xFF, 0xFF}}},
	{{{474, 2382, 843},0, {-16, 2032},{0xFF, 0xFF, 0xFF, 0xFF}}},
	{{{335, 2382, 990},0, {1008, 2032},{0xFF, 0xFF, 0xFF, 0xFF}}},
	{{{335, 2620, 1030},0, {1008, 1008},{0xFF, 0xFF, 0xFF, 0xFF}}},
	{{{474, 2622, 1195},0, {-16, 1008},{0xFF, 0xFF, 0xFF, 0xFF}}},
	{{{146, 2382, 1011},0, {2032, 2032},{0xFF, 0xFF, 0xFF, 0xFF}}},
	{{{146, 2611, 1011},0, {2032, 1008},{0xFF, 0xFF, 0xFF, 0xFF}}},
	{{{146, 2841, 1011},0, {2032, -16},{0xFF, 0xFF, 0xFF, 0xFF}}},
	{{{335, 2921, 1038},0, {1008, -16},{0xFF, 0xFF, 0xFF, 0xFF}}},
	{{{474, 2928, 1228},0, {-16, -16},{0xFF, 0xFF, 0xFF, 0xFF}}},
	{{{-637, 3824, 1011},0, {-16, 2032},{0xFF, 0xFF, 0xFF, 0xFF}}},
	{{{-829, 3730, 1038},0, {1008, 2032},{0xFF, 0xFF, 0xFF, 0xFF}}},
	{{{-829, 3996, 1038},0, {1008, 1008},{0xFF, 0xFF, 0xFF, 0xFF}}},
	{{{-637, 4007, 1011},0, {-16, 1008},{0xFF, 0xFF, 0xFF, 0xFF}}},
	{{{-829, 4189, 1038},0, {1008, -16},{0xFF, 0xFF, 0xFF, 0xFF}}},
	{{{-637, 4189, 1011},0, {-16, -16},{0xFF, 0xFF, 0xFF, 0xFF}}},
	{{{-829, 3730, 1038},0, {1008, 2032},{0xFF, 0xFF, 0xFF, 0xFF}}},
	{{{-971, 3721, 1228},0, {2032, 2032},{0xFF, 0xFF, 0xFF, 0xFF}}},
	{{{-971, 3994, 1228},0, {2032, 1008},{0xFF, 0xFF, 0xFF, 0xFF}}},
	{{{-829, 3996, 1038},0, {1008, 1008},{0xFF, 0xFF, 0xFF, 0xFF}}},
	{{{-971, 4189, 1228},0, {2032, -16},{0xFF, 0xFF, 0xFF, 0xFF}}},
	{{{-829, 4189, 1038},0, {1008, -16},{0xFF, 0xFF, 0xFF, 0xFF}}},
	{{{-1021, 2928, 1663},0, {1008, 2032},{0xFF, 0xFF, 0xFF, 0xFF}}},
	{{{-971, 2928, 2097},0, {2032, 2032},{0xFF, 0xFF, 0xFF, 0xFF}}},
	{{{-971, 3331, 2097},0, {2032, 1008},{0xFF, 0xFF, 0xFF, 0xFF}}},
	{{{-1021, 3331, 1663},0, {1008, 1008},{0xFF, 0xFF, 0xFF, 0xFF}}},
	{{{-971, 3721, 2097},0, {2032, -16},{0xFF, 0xFF, 0xFF, 0xFF}}},
	{{{-1021, 3721, 1663},0, {1008, -16},{0xFF, 0xFF, 0xFF, 0xFF}}},
	{{{-971, 3331, 1228},0, {-16, 1008},{0xFF, 0xFF, 0xFF, 0xFF}}},
	{{{-971, 3721, 1228},0, {-16, -16},{0xFF, 0xFF, 0xFF, 0xFF}}},
	{{{-971, 2928, 1228},0, {-16, 2032},{0xFF, 0xFF, 0xFF, 0xFF}}},
	{{{474, 2928, 1228},0, {-16, 2032},{0xFF, 0xFF, 0xFF, 0xFF}}},
	{{{335, 2921, 1038},0, {1008, 2032},{0xFF, 0xFF, 0xFF, 0xFF}}},
	{{{335, 3331, 1038},0, {1008, 1008},{0xFF, 0xFF, 0xFF, 0xFF}}},
	{{{474, 3331, 1228},0, {-16, 1008},{0xFF, 0xFF, 0xFF, 0xFF}}},
	{{{335, 3730, 1038},0, {1008, -16},{0xFF, 0xFF, 0xFF, 0xFF}}},
	{{{474, 3721, 1228},0, {-16, -16},{0xFF, 0xFF, 0xFF, 0xFF}}},
	{{{146, 2841, 1011},0, {2032, 2032},{0xFF, 0xFF, 0xFF, 0xFF}}},
	{{{146, 3333, 1011},0, {2032, 1008},{0xFF, 0xFF, 0xFF, 0xFF}}},
	{{{146, 3824, 1011},0, {2032, -16},{0xFF, 0xFF, 0xFF, 0xFF}}},
	{{{-637, 2841, 1011},0, {-16, 2032},{0xFF, 0xFF, 0xFF, 0xFF}}},
	{{{-829, 2921, 1038},0, {1008, 2032},{0xFF, 0xFF, 0xFF, 0xFF}}},
	{{{-829, 3331, 1038},0, {1008, 1008},{0xFF, 0xFF, 0xFF, 0xFF}}},
	{{{-637, 3333, 1011},0, {-16, 1008},{0xFF, 0xFF, 0xFF, 0xFF}}},
	{{{-829, 3730, 1038},0, {1008, -16},{0xFF, 0xFF, 0xFF, 0xFF}}},
	{{{-637, 3824, 1011},0, {-16, -16},{0xFF, 0xFF, 0xFF, 0xFF}}},
	{{{-829, 2921, 1038},0, {1008, 2032},{0xFF, 0xFF, 0xFF, 0xFF}}},
	{{{-971, 2928, 1228},0, {2032, 2032},{0xFF, 0xFF, 0xFF, 0xFF}}},
	{{{-971, 3331, 1228},0, {2032, 1008},{0xFF, 0xFF, 0xFF, 0xFF}}},
	{{{-829, 3331, 1038},0, {1008, 1008},{0xFF, 0xFF, 0xFF, 0xFF}}},
	{{{-971, 3721, 1228},0, {2032, -16},{0xFF, 0xFF, 0xFF, 0xFF}}},
	{{{-829, 3730, 1038},0, {1008, -16},{0xFF, 0xFF, 0xFF, 0xFF}}},
	{{{524, 2928, 1663},0, {1008, 2032},{0xFF, 0xFF, 0xFF, 0xFF}}},
	{{{474, 2928, 1228},0, {2032, 2032},{0xFF, 0xFF, 0xFF, 0xFF}}},
	{{{474, 3331, 1228},0, {2032, 1008},{0xFF, 0xFF, 0xFF, 0xFF}}},
	{{{524, 3331, 1663},0, {1008, 1008},{0xFF, 0xFF, 0xFF, 0xFF}}},
	{{{474, 3721, 1228},0, {2032, -16},{0xFF, 0xFF, 0xFF, 0xFF}}},
	{{{524, 3721, 1663},0, {1008, -16},{0xFF, 0xFF, 0xFF, 0xFF}}},
	{{{474, 3331, 2097},0, {-16, 1008},{0xFF, 0xFF, 0xFF, 0xFF}}},
	{{{474, 3721, 2097},0, {-16, -16},{0xFF, 0xFF, 0xFF, 0xFF}}},
	{{{474, 2928, 2097},0, {-16, 2032},{0xFF, 0xFF, 0xFF, 0xFF}}},
	{{{524, 3721, 1663},0, {1008, 2032},{0xFF, 0xFF, 0xFF, 0xFF}}},
	{{{474, 3721, 1228},0, {2032, 2032},{0xFF, 0xFF, 0xFF, 0xFF}}},
	{{{474, 3994, 1228},0, {2032, 1008},{0xFF, 0xFF, 0xFF, 0xFF}}},
	{{{524, 3994, 1663},0, {1008, 1008},{0xFF, 0xFF, 0xFF, 0xFF}}},
	{{{474, 4189, 1228},0, {2032, -16},{0xFF, 0xFF, 0xFF, 0xFF}}},
	{{{524, 4189, 1663},0, {1008, -16},{0xFF, 0xFF, 0xFF, 0xFF}}},
	{{{474, 3994, 2097},0, {-16, 1008},{0xFF, 0xFF, 0xFF, 0xFF}}},
	{{{474, 4189, 2097},0, {-16, -16},{0xFF, 0xFF, 0xFF, 0xFF}}},
	{{{474, 3721, 2097},0, {-16, 2032},{0xFF, 0xFF, 0xFF, 0xFF}}},
	{{{146, 3824, 2315},0, {-16, 2032},{0xFF, 0xFF, 0xFF, 0xFF}}},
	{{{335, 3730, 2287},0, {1008, 2032},{0xFF, 0xFF, 0xFF, 0xFF}}},
	{{{335, 3996, 2287},0, {1008, 1008},{0xFF, 0xFF, 0xFF, 0xFF}}},
	{{{146, 4007, 2315},0, {-16, 1008},{0xFF, 0xFF, 0xFF, 0xFF}}},
	{{{335, 4189, 2287},0, {1008, -16},{0xFF, 0xFF, 0xFF, 0xFF}}},
	{{{146, 4189, 2315},0, {-16, -16},{0xFF, 0xFF, 0xFF, 0xFF}}},
	{{{335, 3730, 2287},0, {1008, 2032},{0xFF, 0xFF, 0xFF, 0xFF}}},
	{{{474, 3721, 2097},0, {2032, 2032},{0xFF, 0xFF, 0xFF, 0xFF}}},
	{{{474, 3994, 2097},0, {2032, 1008},{0xFF, 0xFF, 0xFF, 0xFF}}},
	{{{335, 3996, 2287},0, {1008, 1008},{0xFF, 0xFF, 0xFF, 0xFF}}},
	{{{474, 4189, 2097},0, {2032, -16},{0xFF, 0xFF, 0xFF, 0xFF}}},
	{{{335, 4189, 2287},0, {1008, -16},{0xFF, 0xFF, 0xFF, 0xFF}}},
	{{{-971, 3721, 2097},0, {-16, 2032},{0xFF, 0xFF, 0xFF, 0xFF}}},
	{{{-829, 3730, 2287},0, {1008, 2032},{0xFF, 0xFF, 0xFF, 0xFF}}},
	{{{-829, 3996, 2287},0, {1008, 1008},{0xFF, 0xFF, 0xFF, 0xFF}}},
	{{{-971, 3994, 2097},0, {-16, 1008},{0xFF, 0xFF, 0xFF, 0xFF}}},
	{{{-829, 4189, 2287},0, {1008, -16},{0xFF, 0xFF, 0xFF, 0xFF}}},
	{{{-971, 4189, 2097},0, {-16, -16},{0xFF, 0xFF, 0xFF, 0xFF}}},
	{{{-637, 3824, 2315},0, {2032, 2032},{0xFF, 0xFF, 0xFF, 0xFF}}},
	{{{-637, 4007, 2315},0, {2032, 1008},{0xFF, 0xFF, 0xFF, 0xFF}}},
	{{{-637, 4189, 2315},0, {2032, -16},{0xFF, 0xFF, 0xFF, 0xFF}}},
	{{{-1021, 3721, 1663},0, {1008, 2032},{0xFF, 0xFF, 0xFF, 0xFF}}},
	{{{-971, 3721, 2097},0, {2032, 2032},{0xFF, 0xFF, 0xFF, 0xFF}}},
	{{{-971, 3994, 2097},0, {2032, 1008},{0xFF, 0xFF, 0xFF, 0xFF}}},
	{{{-1021, 3994, 1663},0, {1008, 1008},{0xFF, 0xFF, 0xFF, 0xFF}}},
	{{{-971, 4189, 2097},0, {2032, -16},{0xFF, 0xFF, 0xFF, 0xFF}}},
	{{{-1021, 4189, 1663},0, {1008, -16},{0xFF, 0xFF, 0xFF, 0xFF}}},
	{{{-971, 3994, 1228},0, {-16, 1008},{0xFF, 0xFF, 0xFF, 0xFF}}},
	{{{-971, 4189, 1228},0, {-16, -16},{0xFF, 0xFF, 0xFF, 0xFF}}},
	{{{-971, 3721, 1228},0, {-16, 2032},{0xFF, 0xFF, 0xFF, 0xFF}}},
	{{{474, 3721, 1228},0, {-16, 2032},{0xFF, 0xFF, 0xFF, 0xFF}}},
	{{{335, 3730, 1038},0, {1008, 2032},{0xFF, 0xFF, 0xFF, 0xFF}}},
	{{{335, 3996, 1038},0, {1008, 1008},{0xFF, 0xFF, 0xFF, 0xFF}}},
	{{{474, 3994, 1228},0, {-16, 1008},{0xFF, 0xFF, 0xFF, 0xFF}}},
	{{{335, 4189, 1038},0, {1008, -16},{0xFF, 0xFF, 0xFF, 0xFF}}},
	{{{474, 4189, 1228},0, {-16, -16},{0xFF, 0xFF, 0xFF, 0xFF}}},
	{{{335, 3730, 1038},0, {1008, 2032},{0xFF, 0xFF, 0xFF, 0xFF}}},
	{{{146, 3824, 1011},0, {2032, 2032},{0xFF, 0xFF, 0xFF, 0xFF}}},
	{{{146, 4007, 1011},0, {2032, 1008},{0xFF, 0xFF, 0xFF, 0xFF}}},
	{{{335, 3996, 1038},0, {1008, 1008},{0xFF, 0xFF, 0xFF, 0xFF}}},
	{{{146, 4189, 1011},0, {2032, -16},{0xFF, 0xFF, 0xFF, 0xFF}}},
	{{{335, 4189, 1038},0, {1008, -16},{0xFF, 0xFF, 0xFF, 0xFF}}},
	{{{267, 3382, 4119},0, {1008, 2032},{0xFF, 0xFF, 0xFF, 0xFF}}},
	{{{415, 3452, 4094},0, {2032, 2032},{0xFF, 0xFF, 0xFF, 0xFF}}},
	{{{406, 2769, 4988},0, {2032, 1008},{0xFF, 0xFF, 0xFF, 0xFF}}},
	{{{260, 2714, 4990},0, {1008, 1008},{0xFF, 0xFF, 0xFF, 0xFF}}},
	{{{404, 2096, 5820},0, {2032, -16},{0xFF, 0xFF, 0xFF, 0xFF}}},
	{{{259, 2054, 5806},0, {1008, -16},{0xFF, 0xFF, 0xFF, 0xFF}}},
	{{{39, 2705, 4992},0, {-16, 1008},{0xFF, 0xFF, 0xFF, 0xFF}}},
	{{{39, 2048, 5804},0, {-16, -16},{0xFF, 0xFF, 0xFF, 0xFF}}},
	{{{41, 3366, 4134},0, {-16, 2032},{0xFF, 0xFF, 0xFF, 0xFF}}},
	{{{73, 3959, 2928},0, {1008, 2032},{0xFF, 0xFF, 0xFF, 0xFF}}},
	{{{146, 4186, 2810},0, {2032, 2032},{0xFF, 0xFF, 0xFF, 0xFF}}},
	{{{335, 4186, 2831},0, {2032, 1008},{0xFF, 0xFF, 0xFF, 0xFF}}},
	{{{314, 3978, 2912},0, {1008, 1008},{0xFF, 0xFF, 0xFF, 0xFF}}},
	{{{56, 3788, 3134},0, {-16, 2032},{0xFF, 0xFF, 0xFF, 0xFF}}},
	{{{295, 3820, 3096},0, {-16, 1008},{0xFF, 0xFF, 0xFF, 0xFF}}},
	{{{456, 3992, 3022},0, {1008, -16},{0xFF, 0xFF, 0xFF, 0xFF}}},
	{{{474, 4186, 2974},0, {2032, -16},{0xFF, 0xFF, 0xFF, 0xFF}}},
	{{{416, 3863, 3126},0, {-16, -16},{0xFF, 0xFF, 0xFF, 0xFF}}},
	{{{-931, 3954, 3093},0, {1008, 2032},{0xFF, 0xFF, 0xFF, 0xFF}}},
	{{{-971, 4186, 2974},0, {2032, 2032},{0xFF, 0xFF, 0xFF, 0xFF}}},
	{{{-829, 4186, 2831},0, {2032, 1008},{0xFF, 0xFF, 0xFF, 0xFF}}},
	{{{-794, 3950, 2965},0, {1008, 1008},{0xFF, 0xFF, 0xFF, 0xFF}}},
	{{{-886, 3814, 3218},0, {-16, 2032},{0xFF, 0xFF, 0xFF, 0xFF}}},
	{{{-770, 3780, 3171},0, {-16, 1008},{0xFF, 0xFF, 0xFF, 0xFF}}},
	{{{-564, 3949, 2947},0, {1008, -16},{0xFF, 0xFF, 0xFF, 0xFF}}},
	{{{-794, 3950, 2965},0, {1008, 1008},{0xFF, 0xFF, 0xFF, 0xFF}}},
	{{{-637, 4186, 2810},0, {2032, -16},{0xFF, 0xFF, 0xFF, 0xFF}}},
	{{{-564, 3949, 2947},0, {1008, -16},{0xFF, 0xFF, 0xFF, 0xFF}}},
	{{{-829, 4186, 2831},0, {2032, 1008},{0xFF, 0xFF, 0xFF, 0xFF}}},
	{{{-770, 3780, 3171},0, {-16, 1008},{0xFF, 0xFF, 0xFF, 0xFF}}},
	{{{-548, 3773, 3161},0, {-16, -16},{0xFF, 0xFF, 0xFF, 0xFF}}},
	{{{-564, 3949, 2947},0, {1008, 2032},{0xFF, 0xFF, 0xFF, 0xFF}}},
	{{{-637, 4186, 2810},0, {2032, 2032},{0xFF, 0xFF, 0xFF, 0xFF}}},
	{{{-246, 4186, 2810},0, {2032, 1008},{0xFF, 0xFF, 0xFF, 0xFF}}},
	{{{-248, 3950, 2944},0, {1008, 1008},{0xFF, 0xFF, 0xFF, 0xFF}}},
	{{{146, 4186, 2810},0, {2032, -16},{0xFF, 0xFF, 0xFF, 0xFF}}},
	{{{73, 3959, 2928},0, {1008, -16},{0xFF, 0xFF, 0xFF, 0xFF}}},
	{{{-250, 3775, 3158},0, {-16, 1008},{0xFF, 0xFF, 0xFF, 0xFF}}},
	{{{56, 3788, 3134},0, {-16, -16},{0xFF, 0xFF, 0xFF, 0xFF}}},
	{{{-548, 3773, 3161},0, {-16, 2032},{0xFF, 0xFF, 0xFF, 0xFF}}},
	{{{47, 3670, 3513},0, {1008, 2032},{0xFF, 0xFF, 0xFF, 0xFF}}},
	{{{56, 3788, 3134},0, {2032, 2032},{0xFF, 0xFF, 0xFF, 0xFF}}},
	{{{295, 3820, 3096},0, {2032, 1008},{0xFF, 0xFF, 0xFF, 0xFF}}},
	{{{281, 3699, 3476},0, {1008, 1008},{0xFF, 0xFF, 0xFF, 0xFF}}},
	{{{416, 3863, 3126},0, {2032, -16},{0xFF, 0xFF, 0xFF, 0xFF}}},
	{{{429, 3778, 3438},0, {1008, -16},{0xFF, 0xFF, 0xFF, 0xFF}}},
	{{{267, 3382, 4119},0, {-16, 1008},{0xFF, 0xFF, 0xFF, 0xFF}}},
	{{{415, 3452, 4094},0, {-16, -16},{0xFF, 0xFF, 0xFF, 0xFF}}},
	{{{41, 3366, 4134},0, {-16, 2032},{0xFF, 0xFF, 0xFF, 0xFF}}},
	{{{-544, 3660, 3533},0, {1008, 2032},{0xFF, 0xFF, 0xFF, 0xFF}}},
	{{{-548, 3773, 3161},0, {2032, 2032},{0xFF, 0xFF, 0xFF, 0xFF}}},
	{{{-250, 3775, 3158},0, {2032, 1008},{0xFF, 0xFF, 0xFF, 0xFF}}},
	{{{-251, 3661, 3530},0, {1008, 1008},{0xFF, 0xFF, 0xFF, 0xFF}}},
	{{{56, 3788, 3134},0, {2032, -16},{0xFF, 0xFF, 0xFF, 0xFF}}},
	{{{47, 3670, 3513},0, {1008, -16},{0xFF, 0xFF, 0xFF, 0xFF}}},
	{{{-252, 3362, 4140},0, {-16, 1008},{0xFF, 0xFF, 0xFF, 0xFF}}},
	{{{-252, 3362, 4140},0, {-16, 1008},{0xFF, 0xFF, 0xFF, 0xFF}}},
	{{{47, 3670, 3513},0, {1008, -16},{0xFF, 0xFF, 0xFF, 0xFF}}},
	{{{41, 3366, 4134},0, {-16, -16},{0xFF, 0xFF, 0xFF, 0xFF}}},
	{{{-543, 3362, 4141},0, {-16, 2032},{0xFF, 0xFF, 0xFF, 0xFF}}},
	{{{-251, 3661, 3530},0, {1008, 1008},{0xFF, 0xFF, 0xFF, 0xFF}}},
	{{{-544, 3660, 3533},0, {1008, 2032},{0xFF, 0xFF, 0xFF, 0xFF}}},
	{{{-971, 4186, 3628},0, {-16, 2032},{0xFF, 0xFF, 0xFF, 0xFF}}},
	{{{-982, 3914, 3434},0, {1008, 1008},{0xFF, 0xFF, 0xFF, 0xFF}}},
	{{{-984, 3628, 4049},0, {-16, 1008},{0xFF, 0xFF, 0xFF, 0xFF}}},
	{{{-1021, 4186, 3301},0, {1008, 2032},{0xFF, 0xFF, 0xFF, 0xFF}}},
	{{{-931, 3954, 3093},0, {2032, 1008},{0xFF, 0xFF, 0xFF, 0xFF}}},
	{{{-971, 4186, 2974},0, {2032, 2032},{0xFF, 0xFF, 0xFF, 0xFF}}},
	{{{-886, 3814, 3218},0, {2032, -16},{0xFF, 0xFF, 0xFF, 0xFF}}},
	{{{-906, 3738, 3513},0, {1008, -16},{0xFF, 0xFF, 0xFF, 0xFF}}},
	{{{-910, 3438, 4122},0, {-16, -16},{0xFF, 0xFF, 0xFF, 0xFF}}},
	{{{415, 3452, 4094},0, {-16, 2032},{0xFF, 0xFF, 0xFF, 0xFF}}},
	{{{500, 3942, 3381},0, {1008, 1008},{0xFF, 0xFF, 0xFF, 0xFF}}},
	{{{488, 3638, 4030},0, {-16, 1008},{0xFF, 0xFF, 0xFF, 0xFF}}},
	{{{429, 3778, 3438},0, {1008, 2032},{0xFF, 0xFF, 0xFF, 0xFF}}},
	{{{456, 3992, 3022},0, {2032, 1008},{0xFF, 0xFF, 0xFF, 0xFF}}},
	{{{416, 3863, 3126},0, {2032, 2032},{0xFF, 0xFF, 0xFF, 0xFF}}},
	{{{474, 4186, 2974},0, {2032, -16},{0xFF, 0xFF, 0xFF, 0xFF}}},
	{{{524, 4186, 3301},0, {1008, -16},{0xFF, 0xFF, 0xFF, 0xFF}}},
	{{{474, 4186, 3628},0, {-16, -16},{0xFF, 0xFF, 0xFF, 0xFF}}},
	{{{-906, 3738, 3513},0, {1008, 2032},{0xFF, 0xFF, 0xFF, 0xFF}}},
	{{{-886, 3814, 3218},0, {2032, 2032},{0xFF, 0xFF, 0xFF, 0xFF}}},
	{{{-770, 3780, 3171},0, {2032, 1008},{0xFF, 0xFF, 0xFF, 0xFF}}},
	{{{-765, 3670, 3531},0, {1008, 1008},{0xFF, 0xFF, 0xFF, 0xFF}}},
	{{{-548, 3773, 3161},0, {2032, -16},{0xFF, 0xFF, 0xFF, 0xFF}}},
	{{{-544, 3660, 3533},0, {1008, -16},{0xFF, 0xFF, 0xFF, 0xFF}}},
	{{{-765, 3371, 4138},0, {-16, 1008},{0xFF, 0xFF, 0xFF, 0xFF}}},
	{{{-765, 3371, 4138},0, {-16, 1008},{0xFF, 0xFF, 0xFF, 0xFF}}},
	{{{-544, 3660, 3533},0, {1008, -16},{0xFF, 0xFF, 0xFF, 0xFF}}},
	{{{-543, 3362, 4141},0, {-16, -16},{0xFF, 0xFF, 0xFF, 0xFF}}},
	{{{-910, 3438, 4122},0, {-16, 2032},{0xFF, 0xFF, 0xFF, 0xFF}}},
	{{{-765, 3670, 3531},0, {1008, 1008},{0xFF, 0xFF, 0xFF, 0xFF}}},
	{{{-906, 3738, 3513},0, {1008, 2032},{0xFF, 0xFF, 0xFF, 0xFF}}},
	{{{-252, 2048, 5804},0, {1008, 2032},{0xFF, 0xFF, 0xFF, 0xFF}}},
	{{{39, 2048, 5804},0, {2032, 2032},{0xFF, 0xFF, 0xFF, 0xFF}}},
	{{{40, 1766, 6304},0, {2032, 1008},{0xFF, 0xFF, 0xFF, 0xFF}}},
	{{{-252, 1766, 6304},0, {1008, 1008},{0xFF, 0xFF, 0xFF, 0xFF}}},
	{{{46, 1761, 6562},0, {2032, -16},{0xFF, 0xFF, 0xFF, 0xFF}}},
	{{{-251, 1761, 6562},0, {1008, -16},{0xFF, 0xFF, 0xFF, 0xFF}}},
	{{{-544, 1766, 6304},0, {-16, 1008},{0xFF, 0xFF, 0xFF, 0xFF}}},
	{{{-548, 1761, 6562},0, {-16, -16},{0xFF, 0xFF, 0xFF, 0xFF}}},
	{{{-543, 2048, 5804},0, {-16, 2032},{0xFF, 0xFF, 0xFF, 0xFF}}},
	{{{259, 2054, 5806},0, {1008, 2032},{0xFF, 0xFF, 0xFF, 0xFF}}},
	{{{404, 2096, 5820},0, {2032, 2032},{0xFF, 0xFF, 0xFF, 0xFF}}},
	{{{400, 1807, 6323},0, {2032, 1008},{0xFF, 0xFF, 0xFF, 0xFF}}},
	{{{260, 1771, 6306},0, {1008, 1008},{0xFF, 0xFF, 0xFF, 0xFF}}},
	{{{381, 1782, 6529},0, {2032, -16},{0xFF, 0xFF, 0xFF, 0xFF}}},
	{{{266, 1765, 6556},0, {1008, -16},{0xFF, 0xFF, 0xFF, 0xFF}}},
	{{{40, 1766, 6304},0, {-16, 1008},{0xFF, 0xFF, 0xFF, 0xFF}}},
	{{{46, 1761, 6562},0, {-16, -16},{0xFF, 0xFF, 0xFF, 0xFF}}},
	{{{39, 2048, 5804},0, {-16, 2032},{0xFF, 0xFF, 0xFF, 0xFF}}},
	{{{-252, 3362, 4140},0, {1008, 2032},{0xFF, 0xFF, 0xFF, 0xFF}}},
	{{{41, 3366, 4134},0, {2032, 2032},{0xFF, 0xFF, 0xFF, 0xFF}}},
	{{{39, 2705, 4992},0, {2032, 1008},{0xFF, 0xFF, 0xFF, 0xFF}}},
	{{{-252, 2705, 4992},0, {1008, 1008},{0xFF, 0xFF, 0xFF, 0xFF}}},
	{{{39, 2048, 5804},0, {2032, -16},{0xFF, 0xFF, 0xFF, 0xFF}}},
	{{{-252, 2048, 5804},0, {1008, -16},{0xFF, 0xFF, 0xFF, 0xFF}}},
	{{{-543, 2705, 4992},0, {-16, 1008},{0xFF, 0xFF, 0xFF, 0xFF}}},
	{{{-543, 2705, 4992},0, {-16, 1008},{0xFF, 0xFF, 0xFF, 0xFF}}},
	{{{-252, 2048, 5804},0, {1008, -16},{0xFF, 0xFF, 0xFF, 0xFF}}},
	{{{-543, 2048, 5804},0, {-16, -16},{0xFF, 0xFF, 0xFF, 0xFF}}},
	{{{-543, 3362, 4141},0, {-16, 2032},{0xFF, 0xFF, 0xFF, 0xFF}}},
	{{{-252, 2705, 4992},0, {1008, 1008},{0xFF, 0xFF, 0xFF, 0xFF}}},
	{{{-252, 3362, 4140},0, {1008, 2032},{0xFF, 0xFF, 0xFF, 0xFF}}},
	{{{-971, 4186, 3628},0, {-16, 2032},{0xFF, 0xFF, 0xFF, 0xFF}}},
	{{{-984, 3628, 4049},0, {1008, 2032},{0xFF, 0xFF, 0xFF, 0xFF}}},
	{{{-982, 2894, 4989},0, {1008, 1008},{0xFF, 0xFF, 0xFF, 0xFF}}},
	{{{-960, 3026, 4988},0, {-16, 1008},{0xFF, 0xFF, 0xFF, 0xFF}}},
	{{{-984, 2168, 5887},0, {1008, -16},{0xFF, 0xFF, 0xFF, 0xFF}}},
	{{{-971, 1970, 6300},0, {-16, -16},{0xFF, 0xFF, 0xFF, 0xFF}}},
	{{{-910, 3438, 4122},0, {2032, 2032},{0xFF, 0xFF, 0xFF, 0xFF}}},
	{{{-910, 2767, 4991},0, {2032, 1008},{0xFF, 0xFF, 0xFF, 0xFF}}},
	{{{-910, 2096, 5820},0, {2032, -16},{0xFF, 0xFF, 0xFF, 0xFF}}},
	{{{415, 3452, 4094},0, {-16, 2032},{0xFF, 0xFF, 0xFF, 0xFF}}},
	{{{488, 3638, 4030},0, {1008, 2032},{0xFF, 0xFF, 0xFF, 0xFF}}},
	{{{480, 2895, 4987},0, {1008, 1008},{0xFF, 0xFF, 0xFF, 0xFF}}},
	{{{406, 2769, 4988},0, {-16, 1008},{0xFF, 0xFF, 0xFF, 0xFF}}},
	{{{481, 2168, 5887},0, {1008, -16},{0xFF, 0xFF, 0xFF, 0xFF}}},
	{{{404, 2096, 5820},0, {-16, -16},{0xFF, 0xFF, 0xFF, 0xFF}}},
	{{{474, 4186, 3628},0, {2032, 2032},{0xFF, 0xFF, 0xFF, 0xFF}}},
	{{{462, 3026, 4988},0, {2032, 1008},{0xFF, 0xFF, 0xFF, 0xFF}}},
	{{{474, 1970, 6300},0, {2032, -16},{0xFF, 0xFF, 0xFF, 0xFF}}},
	{{{-765, 3371, 4138},0, {1008, 2032},{0xFF, 0xFF, 0xFF, 0xFF}}},
	{{{-543, 3362, 4141},0, {2032, 2032},{0xFF, 0xFF, 0xFF, 0xFF}}},
	{{{-543, 2705, 4992},0, {2032, 1008},{0xFF, 0xFF, 0xFF, 0xFF}}},
	{{{-765, 2713, 4992},0, {1008, 1008},{0xFF, 0xFF, 0xFF, 0xFF}}},
	{{{-543, 2048, 5804},0, {2032, -16},{0xFF, 0xFF, 0xFF, 0xFF}}},
	{{{-765, 2054, 5806},0, {1008, -16},{0xFF, 0xFF, 0xFF, 0xFF}}},
	{{{-910, 2767, 4991},0, {-16, 1008},{0xFF, 0xFF, 0xFF, 0xFF}}},
	{{{-910, 2767, 4991},0, {-16, 1008},{0xFF, 0xFF, 0xFF, 0xFF}}},
	{{{-765, 2054, 5806},0, {1008, -16},{0xFF, 0xFF, 0xFF, 0xFF}}},
	{{{-910, 2096, 5820},0, {-16, -16},{0xFF, 0xFF, 0xFF, 0xFF}}},
	{{{-910, 3438, 4122},0, {-16, 2032},{0xFF, 0xFF, 0xFF, 0xFF}}},
	{{{-765, 2713, 4992},0, {1008, 1008},{0xFF, 0xFF, 0xFF, 0xFF}}},
	{{{-765, 3371, 4138},0, {1008, 2032},{0xFF, 0xFF, 0xFF, 0xFF}}},
	{{{266, 1765, 6556},0, {1008, 2032},{0xFF, 0xFF, 0xFF, 0xFF}}},
	{{{381, 1782, 6529},0, {2032, 2032},{0xFF, 0xFF, 0xFF, 0xFF}}},
	{{{429, 1853, 6619},0, {2032, 1008},{0xFF, 0xFF, 0xFF, 0xFF}}},
	{{{294, 1851, 6700},0, {1008, 1008},{0xFF, 0xFF, 0xFF, 0xFF}}},
	{{{474, 1970, 6713},0, {2032, -16},{0xFF, 0xFF, 0xFF, 0xFF}}},
	{{{335, 1970, 6804},0, {1008, -16},{0xFF, 0xFF, 0xFF, 0xFF}}},
	{{{66, 1850, 6711},0, {-16, 1008},{0xFF, 0xFF, 0xFF, 0xFF}}},
	{{{146, 1970, 6817},0, {-16, -16},{0xFF, 0xFF, 0xFF, 0xFF}}},
	{{{46, 1761, 6562},0, {-16, 2032},{0xFF, 0xFF, 0xFF, 0xFF}}},
	{{{-770, 1765, 6556},0, {1008, 2032},{0xFF, 0xFF, 0xFF, 0xFF}}},
	{{{-548, 1761, 6562},0, {2032, 2032},{0xFF, 0xFF, 0xFF, 0xFF}}},
	{{{-564, 1850, 6711},0, {2032, 1008},{0xFF, 0xFF, 0xFF, 0xFF}}},
	{{{-794, 1851, 6700},0, {1008, 1008},{0xFF, 0xFF, 0xFF, 0xFF}}},
	{{{-637, 1970, 6817},0, {2032, -16},{0xFF, 0xFF, 0xFF, 0xFF}}},
	{{{-829, 1970, 6804},0, {1008, -16},{0xFF, 0xFF, 0xFF, 0xFF}}},
	{{{-931, 1853, 6619},0, {-16, 1008},{0xFF, 0xFF, 0xFF, 0xFF}}},
	{{{-971, 1970, 6713},0, {-16, -16},{0xFF, 0xFF, 0xFF, 0xFF}}},
	{{{-886, 1782, 6529},0, {-16, 2032},{0xFF, 0xFF, 0xFF, 0xFF}}},
	{{{-251, 1761, 6562},0, {1008, 2032},{0xFF, 0xFF, 0xFF, 0xFF}}},
	{{{46, 1761, 6562},0, {2032, 2032},{0xFF, 0xFF, 0xFF, 0xFF}}},
	{{{66, 1850, 6711},0, {2032, 1008},{0xFF, 0xFF, 0xFF, 0xFF}}},
	{{{-249, 1850, 6711},0, {1008, 1008},{0xFF, 0xFF, 0xFF, 0xFF}}},
	{{{146, 1970, 6817},0, {2032, -16},{0xFF, 0xFF, 0xFF, 0xFF}}},
	{{{-246, 1970, 6817},0, {1008, -16},{0xFF, 0xFF, 0xFF, 0xFF}}},
	{{{-564, 1850, 6711},0, {-16, 1008},{0xFF, 0xFF, 0xFF, 0xFF}}},
	{{{-564, 1850, 6711},0, {-16, 1008},{0xFF, 0xFF, 0xFF, 0xFF}}},
	{{{-246, 1970, 6817},0, {1008, -16},{0xFF, 0xFF, 0xFF, 0xFF}}},
	{{{-637, 1970, 6817},0, {-16, -16},{0xFF, 0xFF, 0xFF, 0xFF}}},
	{{{-548, 1761, 6562},0, {-16, 2032},{0xFF, 0xFF, 0xFF, 0xFF}}},
	{{{-249, 1850, 6711},0, {1008, 1008},{0xFF, 0xFF, 0xFF, 0xFF}}},
	{{{-251, 1761, 6562},0, {1008, 2032},{0xFF, 0xFF, 0xFF, 0xFF}}},
	{{{-971, 1970, 6300},0, {-16, 2032},{0xFF, 0xFF, 0xFF, 0xFF}}},
	{{{-984, 2168, 5887},0, {1008, 2032},{0xFF, 0xFF, 0xFF, 0xFF}}},
	{{{-982, 1887, 6389},0, {1008, 1008},{0xFF, 0xFF, 0xFF, 0xFF}}},
	{{{-1021, 1970, 6506},0, {-16, 1008},{0xFF, 0xFF, 0xFF, 0xFF}}},
	{{{-910, 2096, 5820},0, {2032, 2032},{0xFF, 0xFF, 0xFF, 0xFF}}},
	{{{-906, 1807, 6323},0, {2032, 1008},{0xFF, 0xFF, 0xFF, 0xFF}}},
	{{{-886, 1782, 6529},0, {2032, -16},{0xFF, 0xFF, 0xFF, 0xFF}}},
	{{{-931, 1853, 6619},0, {1008, -16},{0xFF, 0xFF, 0xFF, 0xFF}}},
	{{{-971, 1970, 6713},0, {-16, -16},{0xFF, 0xFF, 0xFF, 0xFF}}},
	{{{404, 2096, 5820},0, {-16, 2032},{0xFF, 0xFF, 0xFF, 0xFF}}},
	{{{481, 2168, 5887},0, {1008, 2032},{0xFF, 0xFF, 0xFF, 0xFF}}},
	{{{480, 1887, 6389},0, {1008, 1008},{0xFF, 0xFF, 0xFF, 0xFF}}},
	{{{400, 1807, 6323},0, {-16, 1008},{0xFF, 0xFF, 0xFF, 0xFF}}},
	{{{429, 1853, 6619},0, {1008, -16},{0xFF, 0xFF, 0xFF, 0xFF}}},
	{{{474, 1970, 6713},0, {2032, -16},{0xFF, 0xFF, 0xFF, 0xFF}}},
	{{{524, 1970, 6506},0, {2032, 1008},{0xFF, 0xFF, 0xFF, 0xFF}}},
	{{{381, 1782, 6529},0, {-16, -16},{0xFF, 0xFF, 0xFF, 0xFF}}},
	{{{474, 1970, 6300},0, {2032, 2032},{0xFF, 0xFF, 0xFF, 0xFF}}},
	{{{-765, 2054, 5806},0, {1008, 2032},{0xFF, 0xFF, 0xFF, 0xFF}}},
	{{{-543, 2048, 5804},0, {2032, 2032},{0xFF, 0xFF, 0xFF, 0xFF}}},
	{{{-544, 1766, 6304},0, {2032, 1008},{0xFF, 0xFF, 0xFF, 0xFF}}},
	{{{-765, 1771, 6306},0, {1008, 1008},{0xFF, 0xFF, 0xFF, 0xFF}}},
	{{{-548, 1761, 6562},0, {2032, -16},{0xFF, 0xFF, 0xFF, 0xFF}}},
	{{{-770, 1765, 6556},0, {1008, -16},{0xFF, 0xFF, 0xFF, 0xFF}}},
	{{{-906, 1807, 6323},0, {-16, 1008},{0xFF, 0xFF, 0xFF, 0xFF}}},
	{{{-906, 1807, 6323},0, {-16, 1008},{0xFF, 0xFF, 0xFF, 0xFF}}},
	{{{-770, 1765, 6556},0, {1008, -16},{0xFF, 0xFF, 0xFF, 0xFF}}},
	{{{-886, 1782, 6529},0, {-16, -16},{0xFF, 0xFF, 0xFF, 0xFF}}},
	{{{-910, 2096, 5820},0, {-16, 2032},{0xFF, 0xFF, 0xFF, 0xFF}}},
	{{{-765, 1771, 6306},0, {1008, 1008},{0xFF, 0xFF, 0xFF, 0xFF}}},
	{{{-765, 2054, 5806},0, {1008, 2032},{0xFF, 0xFF, 0xFF, 0xFF}}},
	{{{81, 2047, 10213},0, {-16, 2032},{0xFF, 0xFF, 0xFF, 0xFF}}},
	{{{327, 2177, 10346},0, {1008, 1008},{0xFF, 0xFF, 0xFF, 0xFF}}},
	{{{86, 2176, 10367},0, {-16, 1008},{0xFF, 0xFF, 0xFF, 0xFF}}},
	{{{322, 2052, 10198},0, {1008, 2032},{0xFF, 0xFF, 0xFF, 0xFF}}},
	{{{469, 2180, 10198},0, {2032, 1008},{0xFF, 0xFF, 0xFF, 0xFF}}},
	{{{442, 2078, 10125},0, {2032, 2032},{0xFF, 0xFF, 0xFF, 0xFF}}},
	{{{474, 2351, 10213},0, {2032, -16},{0xFF, 0xFF, 0xFF, 0xFF}}},
	{{{335, 2351, 10367},0, {1008, -16},{0xFF, 0xFF, 0xFF, 0xFF}}},
	{{{146, 2351, 10389},0, {-16, -16},{0xFF, 0xFF, 0xFF, 0xFF}}},
	{{{-938, 2078, 10125},0, {-16, 2032},{0xFF, 0xFF, 0xFF, 0xFF}}},
	{{{-821, 2177, 10346},0, {1008, 1008},{0xFF, 0xFF, 0xFF, 0xFF}}},
	{{{-965, 2180, 10198},0, {-16, 1008},{0xFF, 0xFF, 0xFF, 0xFF}}},
	{{{-817, 2052, 10198},0, {1008, 2032},{0xFF, 0xFF, 0xFF, 0xFF}}},
	{{{-579, 2176, 10367},0, {2032, 1008},{0xFF, 0xFF, 0xFF, 0xFF}}},
	{{{-574, 2047, 10213},0, {2032, 2032},{0xFF, 0xFF, 0xFF, 0xFF}}},
	{{{-637, 2351, 10389},0, {2032, -16},{0xFF, 0xFF, 0xFF, 0xFF}}},
	{{{-829, 2351, 10367},0, {1008, -16},{0xFF, 0xFF, 0xFF, 0xFF}}},
	{{{-971, 2351, 10213},0, {-16, -16},{0xFF, 0xFF, 0xFF, 0xFF}}},
	{{{-574, 2047, 10213},0, {-16, 2032},{0xFF, 0xFF, 0xFF, 0xFF}}},
	{{{-246, 2176, 10367},0, {1008, 1008},{0xFF, 0xFF, 0xFF, 0xFF}}},
	{{{-579, 2176, 10367},0, {-16, 1008},{0xFF, 0xFF, 0xFF, 0xFF}}},
	{{{-246, 2047, 10213},0, {1008, 2032},{0xFF, 0xFF, 0xFF, 0xFF}}},
	{{{86, 2176, 10367},0, {2032, 1008},{0xFF, 0xFF, 0xFF, 0xFF}}},
	{{{81, 2047, 10213},0, {2032, 2032},{0xFF, 0xFF, 0xFF, 0xFF}}},
	{{{146, 2351, 10389},0, {2032, -16},{0xFF, 0xFF, 0xFF, 0xFF}}},
	{{{-246, 2176, 10367},0, {1008, 1008},{0xFF, 0xFF, 0xFF, 0xFF}}},
	{{{146, 2351, 10389},0, {2032, -16},{0xFF, 0xFF, 0xFF, 0xFF}}},
	{{{-246, 2351, 10389},0, {1008, -16},{0xFF, 0xFF, 0xFF, 0xFF}}},
	{{{-579, 2176, 10367},0, {-16, 1008},{0xFF, 0xFF, 0xFF, 0xFF}}},
	{{{-637, 2351, 10389},0, {-16, -16},{0xFF, 0xFF, 0xFF, 0xFF}}},
	{{{81, 2047, 9509},0, {-16, 2032},{0xFF, 0xFF, 0xFF, 0xFF}}},
	{{{86, 2176, 9355},0, {1008, 2032},{0xFF, 0xFF, 0xFF, 0xFF}}},
	{{{327, 2177, 9376},0, {1008, 1008},{0xFF, 0xFF, 0xFF, 0xFF}}},
	{{{322, 2052, 9524},0, {-16, 1008},{0xFF, 0xFF, 0xFF, 0xFF}}},
	{{{469, 2180, 9524},0, {1008, -16},{0xFF, 0xFF, 0xFF, 0xFF}}},
	{{{442, 2078, 9597},0, {-16, -16},{0xFF, 0xFF, 0xFF, 0xFF}}},
	{{{146, 2351, 9333},0, {2032, 2032},{0xFF, 0xFF, 0xFF, 0xFF}}},
	{{{335, 2351, 9355},0, {2032, 1008},{0xFF, 0xFF, 0xFF, 0xFF}}},
	{{{474, 2351, 9509},0, {2032, -16},{0xFF, 0xFF, 0xFF, 0xFF}}},
	{{{-938, 2078, 9597},0, {-16, 2032},{0xFF, 0xFF, 0xFF, 0xFF}}},
	{{{-965, 2180, 9524},0, {1008, 2032},{0xFF, 0xFF, 0xFF, 0xFF}}},
	{{{-821, 2177, 9376},0, {1008, 1008},{0xFF, 0xFF, 0xFF, 0xFF}}},
	{{{-817, 2052, 9524},0, {-16, 1008},{0xFF, 0xFF, 0xFF, 0xFF}}},
	{{{-579, 2176, 9355},0, {1008, -16},{0xFF, 0xFF, 0xFF, 0xFF}}},
	{{{-574, 2047, 9509},0, {-16, -16},{0xFF, 0xFF, 0xFF, 0xFF}}},
	{{{-971, 2351, 9509},0, {2032, 2032},{0xFF, 0xFF, 0xFF, 0xFF}}},
	{{{-829, 2351, 9355},0, {2032, 1008},{0xFF, 0xFF, 0xFF, 0xFF}}},
	{{{-637, 2351, 9333},0, {2032, -16},{0xFF, 0xFF, 0xFF, 0xFF}}},
	{{{-574, 2047, 9509},0, {-16, 2032},{0xFF, 0xFF, 0xFF, 0xFF}}},
	{{{-579, 2176, 9355},0, {1008, 2032},{0xFF, 0xFF, 0xFF, 0xFF}}},
	{{{-246, 2176, 9355},0, {1008, 1008},{0xFF, 0xFF, 0xFF, 0xFF}}},
	{{{-246, 2047, 9509},0, {-16, 1008},{0xFF, 0xFF, 0xFF, 0xFF}}},
	{{{86, 2176, 9355},0, {1008, -16},{0xFF, 0xFF, 0xFF, 0xFF}}},
	{{{81, 2047, 9509},0, {-16, -16},{0xFF, 0xFF, 0xFF, 0xFF}}},
	{{{-579, 2176, 9355},0, {1008, 2032},{0xFF, 0xFF, 0xFF, 0xFF}}},
	{{{-637, 2351, 9333},0, {2032, 2032},{0xFF, 0xFF, 0xFF, 0xFF}}},
	{{{-246, 2351, 9333},0, {2032, 1008},{0xFF, 0xFF, 0xFF, 0xFF}}},
	{{{-246, 2176, 9355},0, {1008, 1008},{0xFF, 0xFF, 0xFF, 0xFF}}},
	{{{146, 2351, 9333},0, {2032, -16},{0xFF, 0xFF, 0xFF, 0xFF}}},
	{{{86, 2176, 9355},0, {1008, -16},{0xFF, 0xFF, 0xFF, 0xFF}}},
	{{{-959, 2058, 9861},0, {1008, 2032},{0xFF, 0xFF, 0xFF, 0xFF}}},
	{{{-938, 2078, 9597},0, {2032, 2032},{0xFF, 0xFF, 0xFF, 0xFF}}},
	{{{-817, 2052, 9524},0, {2032, 1008},{0xFF, 0xFF, 0xFF, 0xFF}}},
	{{{-819, 2009, 9861},0, {1008, 1008},{0xFF, 0xFF, 0xFF, 0xFF}}},
	{{{-574, 2047, 9509},0, {2032, -16},{0xFF, 0xFF, 0xFF, 0xFF}}},
	{{{-574, 2002, 9861},0, {1008, -16},{0xFF, 0xFF, 0xFF, 0xFF}}},
	{{{-817, 2052, 10198},0, {-16, 1008},{0xFF, 0xFF, 0xFF, 0xFF}}},
	{{{-574, 2047, 10213},0, {-16, -16},{0xFF, 0xFF, 0xFF, 0xFF}}},
	{{{-938, 2078, 10125},0, {-16, 2032},{0xFF, 0xFF, 0xFF, 0xFF}}},
	{{{81, 2002, 9861},0, {1008, 2032},{0xFF, 0xFF, 0xFF, 0xFF}}},
	{{{81, 2047, 9509},0, {2032, 2032},{0xFF, 0xFF, 0xFF, 0xFF}}},
	{{{322, 2052, 9524},0, {2032, 1008},{0xFF, 0xFF, 0xFF, 0xFF}}},
	{{{325, 2009, 9861},0, {1008, 1008},{0xFF, 0xFF, 0xFF, 0xFF}}},
	{{{442, 2078, 9597},0, {2032, -16},{0xFF, 0xFF, 0xFF, 0xFF}}},
	{{{463, 2058, 9861},0, {1008, -16},{0xFF, 0xFF, 0xFF, 0xFF}}},
	{{{322, 2052, 10198},0, {-16, 1008},{0xFF, 0xFF, 0xFF, 0xFF}}},
	{{{442, 2078, 10125},0, {-16, -16},{0xFF, 0xFF, 0xFF, 0xFF}}},
	{{{81, 2047, 10213},0, {-16, 2032},{0xFF, 0xFF, 0xFF, 0xFF}}},
	{{{-574, 2002, 9861},0, {1008, 2032},{0xFF, 0xFF, 0xFF, 0xFF}}},
	{{{-574, 2047, 9509},0, {2032, 2032},{0xFF, 0xFF, 0xFF, 0xFF}}},
	{{{-246, 2047, 9509},0, {2032, 1008},{0xFF, 0xFF, 0xFF, 0xFF}}},
	{{{-246, 2002, 9861},0, {1008, 1008},{0xFF, 0xFF, 0xFF, 0xFF}}},
	{{{81, 2047, 9509},0, {2032, -16},{0xFF, 0xFF, 0xFF, 0xFF}}},
	{{{81, 2002, 9861},0, {1008, -16},{0xFF, 0xFF, 0xFF, 0xFF}}},
	{{{-246, 2047, 10213},0, {-16, 1008},{0xFF, 0xFF, 0xFF, 0xFF}}},
	{{{-246, 2047, 10213},0, {-16, 1008},{0xFF, 0xFF, 0xFF, 0xFF}}},
	{{{81, 2002, 9861},0, {1008, -16},{0xFF, 0xFF, 0xFF, 0xFF}}},
	{{{81, 2047, 10213},0, {-16, -16},{0xFF, 0xFF, 0xFF, 0xFF}}},
	{{{-574, 2047, 10213},0, {-16, 2032},{0xFF, 0xFF, 0xFF, 0xFF}}},
	{{{-246, 2002, 9861},0, {1008, 1008},{0xFF, 0xFF, 0xFF, 0xFF}}},
	{{{-574, 2002, 9861},0, {1008, 2032},{0xFF, 0xFF, 0xFF, 0xFF}}},
	{{{-1021, 2351, 9861},0, {1008, 2032},{0xFF, 0xFF, 0xFF, 0xFF}}},
	{{{-971, 2351, 9509},0, {2032, 2032},{0xFF, 0xFF, 0xFF, 0xFF}}},
	{{{-965, 2180, 9524},0, {2032, 1008},{0xFF, 0xFF, 0xFF, 0xFF}}},
	{{{-1013, 2178, 9861},0, {1008, 1008},{0xFF, 0xFF, 0xFF, 0xFF}}},
	{{{-938, 2078, 9597},0, {2032, -16},{0xFF, 0xFF, 0xFF, 0xFF}}},
	{{{-959, 2058, 9861},0, {1008, -16},{0xFF, 0xFF, 0xFF, 0xFF}}},
	{{{-965, 2180, 10198},0, {-16, 1008},{0xFF, 0xFF, 0xFF, 0xFF}}},
	{{{-938, 2078, 10125},0, {-16, -16},{0xFF, 0xFF, 0xFF, 0xFF}}},
	{{{-971, 2351, 10213},0, {-16, 2032},{0xFF, 0xFF, 0xFF, 0xFF}}},
	{{{463, 2058, 9861},0, {1008, 2032},{0xFF, 0xFF, 0xFF, 0xFF}}},
	{{{442, 2078, 9597},0, {2032, 2032},{0xFF, 0xFF, 0xFF, 0xFF}}},
	{{{469, 2180, 9524},0, {2032, 1008},{0xFF, 0xFF, 0xFF, 0xFF}}},
	{{{516, 2178, 9861},0, {1008, 1008},{0xFF, 0xFF, 0xFF, 0xFF}}},
	{{{474, 2351, 9509},0, {2032, -16},{0xFF, 0xFF, 0xFF, 0xFF}}},
	{{{524, 2351, 9861},0, {1008, -16},{0xFF, 0xFF, 0xFF, 0xFF}}},
	{{{469, 2180, 10198},0, {-16, 1008},{0xFF, 0xFF, 0xFF, 0xFF}}},
	{{{474, 2351, 10213},0, {-16, -16},{0xFF, 0xFF, 0xFF, 0xFF}}},
	{{{442, 2078, 10125},0, {-16, 2032},{0xFF, 0xFF, 0xFF, 0xFF}}},
	{{{-574, 1936, 14465},0, {-335, -2620},{0xFF, 0xFF, 0xFF, 0xFF}}},
	{{{-246, 1990, 14572},0, {-710, -4459},{0xFF, 0xFF, 0xFF, 0xFF}}},
	{{{-574, 1990, 14572},0, {-710, -2620},{0xFF, 0xFF, 0xFF, 0xFF}}},
	{{{-246, 1936, 14465},0, {-335, -4459},{0xFF, 0xFF, 0xFF, 0xFF}}},
	{{{-574, 1929, 14258},0, {210, -2620},{0xFF, 0xFF, 0xFF, 0xFF}}},
	{{{-821, 1936, 14258},0, {210, -1188},{0xFF, 0xFF, 0xFF, 0xFF}}},
	{{{-820, 1944, 14465},0, {-339, -1195},{0xFF, 0xFF, 0xFF, 0xFF}}},
	{{{-820, 1944, 14465},0, {-339, -1195},{0xFF, 0xFF, 0xFF, 0xFF}}},
	{{{-574, 1936, 14465},0, {-335, -2620},{0xFF, 0xFF, 0xFF, 0xFF}}},
	{{{-574, 1990, 14572},0, {-710, -2620},{0xFF, 0xFF, 0xFF, 0xFF}}},
	{{{-817, 1995, 14568},0, {-732, -1230},{0xFF, 0xFF, 0xFF, 0xFF}}},
	{{{-965, 1995, 14462},0, {-350, -77},{0xFF, 0xFF, 0xFF, 0xFF}}},
	{{{-938, 2020, 14550},0, {-881, -390},{0xFF, 0xFF, 0xFF, 0xFF}}},
	{{{-971, 1990, 14258},0, {210, -49},{0xFF, 0xFF, 0xFF, 0xFF}}},
	{{{-821, 1936, 14258},0, {210, -1188},{0xFF, 0xFF, 0xFF, 0xFF}}},
	{{{-246, 1936, 14465},0, {-335, -4459},{0xFF, 0xFF, 0xFF, 0xFF}}},
	{{{81, 1990, 14572},0, {-710, -6294},{0xFF, 0xFF, 0xFF, 0xFF}}},
	{{{-246, 1990, 14572},0, {-710, -4459},{0xFF, 0xFF, 0xFF, 0xFF}}},
	{{{81, 1936, 14465},0, {-335, -6294},{0xFF, 0xFF, 0xFF, 0xFF}}},
	{{{-246, 1929, 14258},0, {210, -4459},{0xFF, 0xFF, 0xFF, 0xFF}}},
	{{{-574, 1929, 14258},0, {210, -2620},{0xFF, 0xFF, 0xFF, 0xFF}}},
	{{{-246, 1936, 13952},0, {1036, -4459},{0xFF, 0xFF, 0xFF, 0xFF}}},
	{{{-574, 1936, 13952},0, {1036, -2620},{0xFF, 0xFF, 0xFF, 0xFF}}},
	{{{-821, 1936, 14258},0, {210, -1188},{0xFF, 0xFF, 0xFF, 0xFF}}},
	{{{-574, 1936, 13952},0, {1036, -2620},{0xFF, 0xFF, 0xFF, 0xFF}}},
	{{{-574, 1929, 14258},0, {210, -2620},{0xFF, 0xFF, 0xFF, 0xFF}}},
	{{{-820, 1944, 13954},0, {1040, -1195},{0xFF, 0xFF, 0xFF, 0xFF}}},
	{{{-971, 1990, 14258},0, {210, -49},{0xFF, 0xFF, 0xFF, 0xFF}}},
	{{{-965, 1995, 13961},0, {1047, -77},{0xFF, 0xFF, 0xFF, 0xFF}}},
	{{{-817, 1995, 13691},0, {2053, -1230},{0xFF, 0xFF, 0xFF, 0xFF}}},
	{{{-938, 2020, 13746},0, {2203, -390},{0xFF, 0xFF, 0xFF, 0xFF}}},
	{{{-574, 1990, 13680},0, {2032, -2620},{0xFF, 0xFF, 0xFF, 0xFF}}},
	{{{-246, 1929, 14258},0, {210, -4459},{0xFF, 0xFF, 0xFF, 0xFF}}},
	{{{81, 1929, 14258},0, {210, -6294},{0xFF, 0xFF, 0xFF, 0xFF}}},
	{{{81, 1936, 14465},0, {-335, -6294},{0xFF, 0xFF, 0xFF, 0xFF}}},
	{{{81, 1936, 13952},0, {1036, -6294},{0xFF, 0xFF, 0xFF, 0xFF}}},
	{{{-246, 1936, 13952},0, {1036, -4459},{0xFF, 0xFF, 0xFF, 0xFF}}},
	{{{81, 1990, 13680},0, {2032, -6294},{0xFF, 0xFF, 0xFF, 0xFF}}},
	{{{-246, 1990, 13680},0, {2032, -4459},{0xFF, 0xFF, 0xFF, 0xFF}}},
	{{{-574, 1936, 13952},0, {1036, -2620},{0xFF, 0xFF, 0xFF, 0xFF}}},
	{{{-574, 1990, 13680},0, {2032, -2620},{0xFF, 0xFF, 0xFF, 0xFF}}},
	{{{-246, 1990, 13680},0, {2032, -4459},{0xFF, 0xFF, 0xFF, 0xFF}}},
	{{{81, 1929, 14258},0, {210, -6294},{0xFF, 0xFF, 0xFF, 0xFF}}},
	{{{81, 1936, 13952},0, {1036, -6294},{0xFF, 0xFF, 0xFF, 0xFF}}},
	{{{326, 1944, 13954},0, {1036, -7719},{0xFF, 0xFF, 0xFF, 0xFF}}},
	{{{322, 1995, 13691},0, {2032, -7719},{0xFF, 0xFF, 0xFF, 0xFF}}},
	{{{81, 1990, 13680},0, {2032, -6294},{0xFF, 0xFF, 0xFF, 0xFF}}},
	{{{442, 2020, 13746},0, {2032, -8871},{0xFF, 0xFF, 0xFF, 0xFF}}},
	{{{469, 1995, 13961},0, {1036, -8871},{0xFF, 0xFF, 0xFF, 0xFF}}},
	{{{327, 1936, 14258},0, {210, -7719},{0xFF, 0xFF, 0xFF, 0xFF}}},
	{{{474, 1990, 14258},0, {210, -8871},{0xFF, 0xFF, 0xFF, 0xFF}}},
	{{{469, 1995, 14462},0, {-335, -8871},{0xFF, 0xFF, 0xFF, 0xFF}}},
	{{{326, 1944, 14465},0, {-335, -7719},{0xFF, 0xFF, 0xFF, 0xFF}}},
	{{{442, 2020, 14550},0, {-710, -8871},{0xFF, 0xFF, 0xFF, 0xFF}}},
	{{{322, 1995, 14568},0, {-710, -7719},{0xFF, 0xFF, 0xFF, 0xFF}}},
	{{{81, 1936, 14465},0, {-335, -6294},{0xFF, 0xFF, 0xFF, 0xFF}}},
	{{{326, 1944, 14465},0, {-335, -7719},{0xFF, 0xFF, 0xFF, 0xFF}}},
	{{{322, 1995, 14568},0, {-710, -7719},{0xFF, 0xFF, 0xFF, 0xFF}}},
	{{{81, 1990, 14572},0, {-710, -6294},{0xFF, 0xFF, 0xFF, 0xFF}}},
	{{{81, 1929, 14258},0, {210, -6294},{0xFF, 0xFF, 0xFF, 0xFF}}},
	{{{327, 1936, 14258},0, {210, -7719},{0xFF, 0xFF, 0xFF, 0xFF}}},
	{{{326, 1944, 13954},0, {1036, -7719},{0xFF, 0xFF, 0xFF, 0xFF}}},
	{{{-1013, 2568, 14478},0, {-354, 3656},{0xFF, 0xFF, 0xFF, 0xFF}}},
	{{{-938, 2722, 14550},0, {-881, 5611},{0xFF, 0xFF, 0xFF, 0xFF}}},
	{{{-959, 2753, 14482},0, {-363, 5165},{0xFF, 0xFF, 0xFF, 0xFF}}},
	{{{-965, 2565, 14568},0, {-775, 3686},{0xFF, 0xFF, 0xFF, 0xFF}}},
	{{{-1022, 2325, 14464},0, {-322, 2209},{0xFF, 0xFF, 0xFF, 0xFF}}},
	{{{-971, 2328, 14572},0, {-765, 2225},{0xFF, 0xFF, 0xFF, 0xFF}}},
	{{{-965, 2127, 14568},0, {-775, 1000},{0xFF, 0xFF, 0xFF, 0xFF}}},
	{{{-1020, 2123, 14464},0, {-338, 1017},{0xFF, 0xFF, 0xFF, 0xFF}}},
	{{{-938, 2020, 14550},0, {-881, -390},{0xFF, 0xFF, 0xFF, 0xFF}}},
	{{{-1020, 2123, 14464},0, {-338, 1017},{0xFF, 0xFF, 0xFF, 0xFF}}},
	{{{-965, 1995, 14462},0, {-350, -77},{0xFF, 0xFF, 0xFF, 0xFF}}},
	{{{-938, 2020, 14550},0, {-881, -390},{0xFF, 0xFF, 0xFF, 0xFF}}},
	{{{-1024, 2120, 14254},0, {233, 1008},{0xFF, 0xFF, 0xFF, 0xFF}}},
	{{{-971, 1990, 14258},0, {210, -49},{0xFF, 0xFF, 0xFF, 0xFF}}},
	{{{-965, 2562, 14381},0, {87, 3666},{0xFF, 0xFF, 0xFF, 0xFF}}},
	{{{-959, 2753, 14482},0, {-363, 5165},{0xFF, 0xFF, 0xFF, 0xFF}}},
	{{{-938, 2722, 14414},0, {155, 5611},{0xFF, 0xFF, 0xFF, 0xFF}}},
	{{{-1013, 2568, 14478},0, {-354, 3656},{0xFF, 0xFF, 0xFF, 0xFF}}},
	{{{-971, 2294, 14213},0, {496, 2032},{0xFF, 0xFF, 0xFF, 0xFF}}},
	{{{-1022, 2325, 14464},0, {-322, 2209},{0xFF, 0xFF, 0xFF, 0xFF}}},
	{{{-1020, 2120, 13953},0, {1028, 997},{0xFF, 0xFF, 0xFF, 0xFF}}},
	{{{-1021, 2294, 13946},0, {1051, 2032},{0xFF, 0xFF, 0xFF, 0xFF}}},
	{{{-965, 2123, 13691},0, {1890, 976},{0xFF, 0xFF, 0xFF, 0xFF}}},
	{{{-971, 2294, 13680},0, {1861, 2032},{0xFF, 0xFF, 0xFF, 0xFF}}},
	{{{-938, 2020, 13746},0, {2203, -390},{0xFF, 0xFF, 0xFF, 0xFF}}},
	{{{-1020, 2120, 13953},0, {1028, 997},{0xFF, 0xFF, 0xFF, 0xFF}}},
	{{{-938, 2020, 13746},0, {2203, -390},{0xFF, 0xFF, 0xFF, 0xFF}}},
	{{{-965, 1995, 13961},0, {1047, -77},{0xFF, 0xFF, 0xFF, 0xFF}}},
	{{{-1024, 2120, 14254},0, {233, 1008},{0xFF, 0xFF, 0xFF, 0xFF}}},
	{{{-971, 1990, 14258},0, {210, -49},{0xFF, 0xFF, 0xFF, 0xFF}}},
	{{{86, 2119, 13563},0, {4896, 1008},{0xFF, 0xFF, 0xFF, 0xFF}}},
	{{{335, 2294, 13563},0, {5568, 2032},{0xFF, 0xFF, 0xFF, 0xFF}}},
	{{{327, 2120, 13579},0, {5568, 1008},{0xFF, 0xFF, 0xFF, 0xFF}}},
	{{{146, 2294, 13546},0, {4896, 2032},{0xFF, 0xFF, 0xFF, 0xFF}}},
	{{{-246, 2119, 13563},0, {4059, 1008},{0xFF, 0xFF, 0xFF, 0xFF}}},
	{{{-246, 2294, 13546},0, {4059, 2032},{0xFF, 0xFF, 0xFF, 0xFF}}},
	{{{-579, 2119, 13563},0, {3220, 1008},{0xFF, 0xFF, 0xFF, 0xFF}}},
	{{{-637, 2294, 13546},0, {3220, 2032},{0xFF, 0xFF, 0xFF, 0xFF}}},
	{{{-821, 2120, 13579},0, {2550, 1000},{0xFF, 0xFF, 0xFF, 0xFF}}},
	{{{-829, 2294, 13563},0, {2543, 2032},{0xFF, 0xFF, 0xFF, 0xFF}}},
	{{{474, 2294, 13680},0, {6245, 2032},{0xFF, 0xFF, 0xFF, 0xFF}}},
	{{{327, 2120, 13579},0, {5568, 1008},{0xFF, 0xFF, 0xFF, 0xFF}}},
	{{{474, 2294, 13680},0, {6245, 2032},{0xFF, 0xFF, 0xFF, 0xFF}}},
	{{{469, 2123, 13691},0, {6245, 1008},{0xFF, 0xFF, 0xFF, 0xFF}}},
	{{{322, 1995, 13691},0, {5568, -16},{0xFF, 0xFF, 0xFF, 0xFF}}},
	{{{442, 2020, 13746},0, {6245, -16},{0xFF, 0xFF, 0xFF, 0xFF}}},
	{{{81, 1990, 13680},0, {4896, -16},{0xFF, 0xFF, 0xFF, 0xFF}}},
	{{{86, 2119, 13563},0, {4896, 1008},{0xFF, 0xFF, 0xFF, 0xFF}}},
	{{{-246, 1990, 13680},0, {4059, -16},{0xFF, 0xFF, 0xFF, 0xFF}}},
	{{{-246, 2119, 13563},0, {4059, 1008},{0xFF, 0xFF, 0xFF, 0xFF}}},
	{{{-574, 1990, 13680},0, {3220, -16},{0xFF, 0xFF, 0xFF, 0xFF}}},
	{{{-579, 2119, 13563},0, {3220, 1008},{0xFF, 0xFF, 0xFF, 0xFF}}},
	{{{-817, 1995, 13691},0, {2586, -63},{0xFF, 0xFF, 0xFF, 0xFF}}},
	{{{-821, 2120, 13579},0, {2550, 1000},{0xFF, 0xFF, 0xFF, 0xFF}}},
	{{{-938, 2020, 13746},0, {2203, -390},{0xFF, 0xFF, 0xFF, 0xFF}}},
	{{{-965, 2123, 13691},0, {1890, 976},{0xFF, 0xFF, 0xFF, 0xFF}}},
	{{{-829, 2294, 13563},0, {2543, 2032},{0xFF, 0xFF, 0xFF, 0xFF}}},
	{{{-965, 2123, 13691},0, {1890, 976},{0xFF, 0xFF, 0xFF, 0xFF}}},
	{{{-971, 2294, 13680},0, {1861, 2032},{0xFF, 0xFF, 0xFF, 0xFF}}},
	{{{-829, 2294, 13563},0, {2543, 2032},{0xFF, 0xFF, 0xFF, 0xFF}}},
	{{{469, 1995, 13961},0, {7089, -16},{0xFF, 0xFF, 0xFF, 0xFF}}},
	{{{442, 2020, 13746},0, {6245, -16},{0xFF, 0xFF, 0xFF, 0xFF}}},
	{{{469, 2123, 13691},0, {6245, 1008},{0xFF, 0xFF, 0xFF, 0xFF}}},
	{{{523, 2120, 13953},0, {7087, 1019},{0xFF, 0xFF, 0xFF, 0xFF}}},
	{{{474, 2294, 13680},0, {6245, 2032},{0xFF, 0xFF, 0xFF, 0xFF}}},
	{{{524, 2294, 13946},0, {7075, 2099},{0xFF, 0xFF, 0xFF, 0xFF}}},
	{{{526, 2120, 14254},0, {7885, 1057},{0xFF, 0xFF, 0xFF, 0xFF}}},
	{{{474, 2294, 14213},0, {7779, 2566},{0xFF, 0xFF, 0xFF, 0xFF}}},
	{{{525, 2325, 14464},0, {8434, 2253},{0xFF, 0xFF, 0xFF, 0xFF}}},
	{{{469, 2562, 14381},0, {8077, 3701},{0xFF, 0xFF, 0xFF, 0xFF}}},
	{{{516, 2568, 14478},0, {8460, 3665},{0xFF, 0xFF, 0xFF, 0xFF}}},
	{{{442, 2722, 14414},0, {8120, 5236},{0xFF, 0xFF, 0xFF, 0xFF}}},
	{{{463, 2753, 14482},0, {8467, 5236},{0xFF, 0xFF, 0xFF, 0xFF}}},
	{{{526, 2120, 14254},0, {7885, 1057},{0xFF, 0xFF, 0xFF, 0xFF}}},
	{{{525, 2325, 14464},0, {8434, 2253},{0xFF, 0xFF, 0xFF, 0xFF}}},
	{{{523, 2123, 14464},0, {8436, 1039},{0xFF, 0xFF, 0xFF, 0xFF}}},
	{{{474, 1990, 14258},0, {7894, -16},{0xFF, 0xFF, 0xFF, 0xFF}}},
	{{{469, 1995, 13961},0, {7089, -16},{0xFF, 0xFF, 0xFF, 0xFF}}},
	{{{523, 2120, 13953},0, {7087, 1019},{0xFF, 0xFF, 0xFF, 0xFF}}},
	{{{469, 1995, 14462},0, {8439, -16},{0xFF, 0xFF, 0xFF, 0xFF}}},
	{{{469, 2127, 14568},0, {8814, 1032},{0xFF, 0xFF, 0xFF, 0xFF}}},
	{{{474, 2328, 14572},0, {8814, 2225},{0xFF, 0xFF, 0xFF, 0xFF}}},
	{{{516, 2568, 14478},0, {8460, 3665},{0xFF, 0xFF, 0xFF, 0xFF}}},
	{{{469, 2565, 14568},0, {8814, 3658},{0xFF, 0xFF, 0xFF, 0xFF}}},
	{{{463, 2753, 14482},0, {8467, 5236},{0xFF, 0xFF, 0xFF, 0xFF}}},
	{{{442, 2722, 14550},0, {8814, 5236},{0xFF, 0xFF, 0xFF, 0xFF}}},
	{{{442, 2020, 14550},0, {8814, -16},{0xFF, 0xFF, 0xFF, 0xFF}}},
	{{{322, 1995, 14568},0, {-4224, -16},{0xFF, 0xFF, 0xFF, 0xFF}}},
	{{{442, 2020, 14550},0, {-4750, -16},{0xFF, 0xFF, 0xFF, 0xFF}}},
	{{{469, 2127, 14568},0, {-4750, 1032},{0xFF, 0xFF, 0xFF, 0xFF}}},
	{{{326, 2124, 14606},0, {-4224, 1032},{0xFF, 0xFF, 0xFF, 0xFF}}},
	{{{474, 2328, 14572},0, {-4750, 2224},{0xFF, 0xFF, 0xFF, 0xFF}}},
	{{{327, 2328, 14612},0, {-4224, 2224},{0xFF, 0xFF, 0xFF, 0xFF}}},
	{{{469, 2565, 14568},0, {-4750, 3658},{0xFF, 0xFF, 0xFF, 0xFF}}},
	{{{326, 2570, 14606},0, {-4224, 3658},{0xFF, 0xFF, 0xFF, 0xFF}}},
	{{{442, 2722, 14550},0, {-4750, 5236},{0xFF, 0xFF, 0xFF, 0xFF}}},
	{{{322, 2762, 14568},0, {-4224, 5236},{0xFF, 0xFF, 0xFF, 0xFF}}},
	{{{81, 2572, 14612},0, {-3574, 3658},{0xFF, 0xFF, 0xFF, 0xFF}}},
	{{{81, 2770, 14572},0, {-3574, 5236},{0xFF, 0xFF, 0xFF, 0xFF}}},
	{{{-246, 2572, 14612},0, {-2737, 3658},{0xFF, 0xFF, 0xFF, 0xFF}}},
	{{{-246, 2770, 14572},0, {-2737, 5236},{0xFF, 0xFF, 0xFF, 0xFF}}},
	{{{-574, 2572, 14612},0, {-1898, 3658},{0xFF, 0xFF, 0xFF, 0xFF}}},
	{{{-574, 2770, 14572},0, {-1898, 5236},{0xFF, 0xFF, 0xFF, 0xFF}}},
	{{{-820, 2570, 14606},0, {-1252, 3666},{0xFF, 0xFF, 0xFF, 0xFF}}},
	{{{-574, 2572, 14612},0, {-1898, 3658},{0xFF, 0xFF, 0xFF, 0xFF}}},
	{{{-574, 2770, 14572},0, {-1898, 5236},{0xFF, 0xFF, 0xFF, 0xFF}}},
	{{{-817, 2762, 14568},0, {-1264, 5283},{0xFF, 0xFF, 0xFF, 0xFF}}},
	{{{-965, 2565, 14568},0, {-775, 3686},{0xFF, 0xFF, 0xFF, 0xFF}}},
	{{{-938, 2722, 14550},0, {-881, 5611},{0xFF, 0xFF, 0xFF, 0xFF}}},
	{{{-971, 2328, 14572},0, {-765, 2225},{0xFF, 0xFF, 0xFF, 0xFF}}},
	{{{-821, 2328, 14612},0, {-1250, 2224},{0xFF, 0xFF, 0xFF, 0xFF}}},
	{{{-965, 2127, 14568},0, {-775, 1000},{0xFF, 0xFF, 0xFF, 0xFF}}},
	{{{-820, 2124, 14606},0, {-1252, 1024},{0xFF, 0xFF, 0xFF, 0xFF}}},
	{{{-938, 2020, 14550},0, {-881, -390},{0xFF, 0xFF, 0xFF, 0xFF}}},
	{{{-817, 1995, 14568},0, {-1264, -63},{0xFF, 0xFF, 0xFF, 0xFF}}},
	{{{-574, 2123, 14612},0, {-1898, 1032},{0xFF, 0xFF, 0xFF, 0xFF}}},
	{{{-574, 1990, 14572},0, {-1898, -16},{0xFF, 0xFF, 0xFF, 0xFF}}},
	{{{-246, 2123, 14612},0, {-2737, 1032},{0xFF, 0xFF, 0xFF, 0xFF}}},
	{{{-246, 1990, 14572},0, {-2737, -16},{0xFF, 0xFF, 0xFF, 0xFF}}},
	{{{-246, 1990, 14572},0, {-2737, -16},{0xFF, 0xFF, 0xFF, 0xFF}}},
	{{{81, 2123, 14612},0, {-3574, 1032},{0xFF, 0xFF, 0xFF, 0xFF}}},
	{{{-246, 2123, 14612},0, {-2737, 1032},{0xFF, 0xFF, 0xFF, 0xFF}}},
	{{{81, 1990, 14572},0, {-3574, -16},{0xFF, 0xFF, 0xFF, 0xFF}}},
	{{{326, 2124, 14606},0, {-4224, 1032},{0xFF, 0xFF, 0xFF, 0xFF}}},
	{{{322, 1995, 14568},0, {-4224, -16},{0xFF, 0xFF, 0xFF, 0xFF}}},
	{{{327, 2328, 14612},0, {-4224, 2224},{0xFF, 0xFF, 0xFF, 0xFF}}},
	{{{81, 2328, 14617},0, {-3574, 2224},{0xFF, 0xFF, 0xFF, 0xFF}}},
	{{{326, 2570, 14606},0, {-4224, 3658},{0xFF, 0xFF, 0xFF, 0xFF}}},
	{{{81, 2572, 14612},0, {-3574, 3658},{0xFF, 0xFF, 0xFF, 0xFF}}},
	{{{-246, 2328, 14617},0, {-2737, 2224},{0xFF, 0xFF, 0xFF, 0xFF}}},
	{{{-246, 2572, 14612},0, {-2737, 3658},{0xFF, 0xFF, 0xFF, 0xFF}}},
	{{{-574, 2328, 14617},0, {-1898, 2224},{0xFF, 0xFF, 0xFF, 0xFF}}},
	{{{-574, 2572, 14612},0, {-1898, 3658},{0xFF, 0xFF, 0xFF, 0xFF}}},
	{{{-821, 2328, 14612},0, {-1250, 2224},{0xFF, 0xFF, 0xFF, 0xFF}}},
	{{{-820, 2570, 14606},0, {-1252, 3666},{0xFF, 0xFF, 0xFF, 0xFF}}},
	{{{-820, 2124, 14606},0, {-1252, 1024},{0xFF, 0xFF, 0xFF, 0xFF}}},
	{{{-574, 2328, 14617},0, {-1898, 2224},{0xFF, 0xFF, 0xFF, 0xFF}}},
	{{{-821, 2328, 14612},0, {-1250, 2224},{0xFF, 0xFF, 0xFF, 0xFF}}},
	{{{-574, 2123, 14612},0, {-1898, 1032},{0xFF, 0xFF, 0xFF, 0xFF}}},
	{{{-246, 2328, 14617},0, {-2737, 2224},{0xFF, 0xFF, 0xFF, 0xFF}}},
	{{{-246, 2123, 14612},0, {-2737, 1032},{0xFF, 0xFF, 0xFF, 0xFF}}},
	{{{81, 2328, 14617},0, {-3574, 2224},{0xFF, 0xFF, 0xFF, 0xFF}}},
	{{{81, 2123, 14612},0, {-3574, 1032},{0xFF, 0xFF, 0xFF, 0xFF}}},
	{{{469, 2562, 14381},0, {4024, 3634},{0xFF, 0xFF, 0xFF, 0xFF}}},
	{{{322, 2762, 14395},0, {3498, 5236},{0xFF, 0xFF, 0xFF, 0xFF}}},
	{{{442, 2722, 14414},0, {4024, 5236},{0xFF, 0xFF, 0xFF, 0xFF}}},
	{{{327, 2566, 14354},0, {3498, 3634},{0xFF, 0xFF, 0xFF, 0xFF}}},
	{{{474, 2294, 14213},0, {4024, 2032},{0xFF, 0xFF, 0xFF, 0xFF}}},
	{{{335, 2294, 14330},0, {3498, 2032},{0xFF, 0xFF, 0xFF, 0xFF}}},
	{{{86, 2567, 14352},0, {2848, 3634},{0xFF, 0xFF, 0xFF, 0xFF}}},
	{{{146, 2294, 14346},0, {2848, 2032},{0xFF, 0xFF, 0xFF, 0xFF}}},
	{{{146, 2294, 14346},0, {2848, 2032},{0xFF, 0xFF, 0xFF, 0xFF}}},
	{{{-246, 2567, 14352},0, {2011, 3634},{0xFF, 0xFF, 0xFF, 0xFF}}},
	{{{86, 2567, 14352},0, {2848, 3634},{0xFF, 0xFF, 0xFF, 0xFF}}},
	{{{-246, 2294, 14346},0, {2011, 2032},{0xFF, 0xFF, 0xFF, 0xFF}}},
	{{{-579, 2567, 14352},0, {1172, 3634},{0xFF, 0xFF, 0xFF, 0xFF}}},
	{{{-637, 2294, 14346},0, {1172, 2032},{0xFF, 0xFF, 0xFF, 0xFF}}},
	{{{-821, 2566, 14354},0, {535, 3642},{0xFF, 0xFF, 0xFF, 0xFF}}},
	{{{-829, 2294, 14330},0, {581, 2032},{0xFF, 0xFF, 0xFF, 0xFF}}},
	{{{-965, 2562, 14381},0, {87, 3666},{0xFF, 0xFF, 0xFF, 0xFF}}},
	{{{-971, 2294, 14213},0, {496, 2032},{0xFF, 0xFF, 0xFF, 0xFF}}},
	{{{-938, 2722, 14414},0, {155, 5611},{0xFF, 0xFF, 0xFF, 0xFF}}},
	{{{-817, 2762, 14395},0, {538, 5283},{0xFF, 0xFF, 0xFF, 0xFF}}},
	{{{-574, 2770, 14391},0, {1172, 5236},{0xFF, 0xFF, 0xFF, 0xFF}}},
	{{{-246, 2770, 14391},0, {2011, 5236},{0xFF, 0xFF, 0xFF, 0xFF}}},
	{{{81, 2770, 14391},0, {2848, 5236},{0xFF, 0xFF, 0xFF, 0xFF}}},
	{{{327, 2566, 14354},0, {3498, 3634},{0xFF, 0xFF, 0xFF, 0xFF}}},
	{{{327, 2566, 14354},0, {3498, 3634},{0xFF, 0xFF, 0xFF, 0xFF}}},
	{{{81, 2770, 14391},0, {2848, 5236},{0xFF, 0xFF, 0xFF, 0xFF}}},
	{{{322, 2762, 14395},0, {3498, 5236},{0xFF, 0xFF, 0xFF, 0xFF}}},
	{{{442, 2722, 14414},0, {-16, 14091},{0xFF, 0xFF, 0xFF, 0xFF}}},
	{{{325, 2830, 14482},0, {-363, 12939},{0xFF, 0xFF, 0xFF, 0xFF}}},
	{{{463, 2753, 14482},0, {-363, 14091},{0xFF, 0xFF, 0xFF, 0xFF}}},
	{{{322, 2762, 14395},0, {-16, 12939},{0xFF, 0xFF, 0xFF, 0xFF}}},
	{{{81, 2841, 14482},0, {-363, 11514},{0xFF, 0xFF, 0xFF, 0xFF}}},
	{{{81, 2770, 14391},0, {-16, 11514},{0xFF, 0xFF, 0xFF, 0xFF}}},
	{{{-246, 2841, 14482},0, {-363, 9679},{0xFF, 0xFF, 0xFF, 0xFF}}},
	{{{-246, 2770, 14391},0, {-16, 9679},{0xFF, 0xFF, 0xFF, 0xFF}}},
	{{{-574, 2841, 14482},0, {-363, 7840},{0xFF, 0xFF, 0xFF, 0xFF}}},
	{{{-574, 2770, 14391},0, {-16, 7840},{0xFF, 0xFF, 0xFF, 0xFF}}},
	{{{-819, 2830, 14482},0, {-363, 6406},{0xFF, 0xFF, 0xFF, 0xFF}}},
	{{{-817, 2762, 14395},0, {5, 6451},{0xFF, 0xFF, 0xFF, 0xFF}}},
	{{{-959, 2753, 14482},0, {-363, 5165},{0xFF, 0xFF, 0xFF, 0xFF}}},
	{{{-817, 2762, 14395},0, {5, 6451},{0xFF, 0xFF, 0xFF, 0xFF}}},
	{{{-938, 2722, 14414},0, {155, 5611},{0xFF, 0xFF, 0xFF, 0xFF}}},
	{{{-959, 2753, 14482},0, {-363, 5165},{0xFF, 0xFF, 0xFF, 0xFF}}},
	{{{463, 2753, 14482},0, {-363, 14091},{0xFF, 0xFF, 0xFF, 0xFF}}},
	{{{322, 2762, 14568},0, {-710, 12939},{0xFF, 0xFF, 0xFF, 0xFF}}},
	{{{442, 2722, 14550},0, {-710, 14091},{0xFF, 0xFF, 0xFF, 0xFF}}},
	{{{325, 2830, 14482},0, {-363, 12939},{0xFF, 0xFF, 0xFF, 0xFF}}},
	{{{81, 2770, 14572},0, {-710, 11514},{0xFF, 0xFF, 0xFF, 0xFF}}},
	{{{81, 2841, 14482},0, {-363, 11514},{0xFF, 0xFF, 0xFF, 0xFF}}},
	{{{-246, 2770, 14572},0, {-710, 9679},{0xFF, 0xFF, 0xFF, 0xFF}}},
	{{{-246, 2841, 14482},0, {-363, 9679},{0xFF, 0xFF, 0xFF, 0xFF}}},
	{{{-574, 2770, 14572},0, {-710, 7840},{0xFF, 0xFF, 0xFF, 0xFF}}},
	{{{-574, 2841, 14482},0, {-363, 7840},{0xFF, 0xFF, 0xFF, 0xFF}}},
	{{{-817, 2762, 14568},0, {-732, 6451},{0xFF, 0xFF, 0xFF, 0xFF}}},
	{{{-819, 2830, 14482},0, {-363, 6406},{0xFF, 0xFF, 0xFF, 0xFF}}},
	{{{-938, 2722, 14550},0, {-881, 5611},{0xFF, 0xFF, 0xFF, 0xFF}}},
};

Gfx wf_dl_Cube_016_mesh_layer_1_tri_1[] = {
	gsSPVertex(wf_dl_Cube_016_mesh_layer_1_vtx_1 + 0, 16, 0),
	gsSP1Triangle(0, 1, 2, 0),
	gsSP1Triangle(0, 2, 3, 0),
	gsSP1Triangle(3, 2, 4, 0),
	gsSP1Triangle(3, 4, 5, 0),
	gsSP1Triangle(6, 3, 5, 0),
	gsSP1Triangle(6, 5, 7, 0),
	gsSP1Triangle(8, 3, 6, 0),
	gsSP1Triangle(8, 0, 3, 0),
	gsSP1Triangle(9, 10, 11, 0),
	gsSP1Triangle(9, 11, 12, 0),
	gsSP1Triangle(12, 11, 13, 0),
	gsSP1Triangle(12, 13, 14, 0),
	gsSP1Triangle(15, 12, 14, 0),
	gsSPVertex(wf_dl_Cube_016_mesh_layer_1_vtx_1 + 16, 15, 0),
	gsSP1Triangle(0, 1, 2, 0),
	gsSP1Triangle(3, 4, 0, 0),
	gsSP1Triangle(3, 5, 4, 0),
	gsSP1Triangle(6, 7, 8, 0),
	gsSP1Triangle(6, 8, 9, 0),
	gsSP1Triangle(9, 8, 10, 0),
	gsSP1Triangle(9, 10, 11, 0),
	gsSP1Triangle(12, 9, 11, 0),
	gsSP1Triangle(12, 11, 13, 0),
	gsSP1Triangle(14, 9, 12, 0),
	gsSP1Triangle(14, 6, 9, 0),
	gsSPVertex(wf_dl_Cube_016_mesh_layer_1_vtx_1 + 31, 16, 0),
	gsSP1Triangle(0, 1, 2, 0),
	gsSP1Triangle(0, 2, 3, 0),
	gsSP1Triangle(3, 2, 4, 0),
	gsSP1Triangle(3, 4, 5, 0),
	gsSP1Triangle(6, 3, 5, 0),
	gsSP1Triangle(6, 5, 7, 0),
	gsSP1Triangle(8, 3, 6, 0),
	gsSP1Triangle(8, 0, 3, 0),
	gsSP1Triangle(9, 10, 11, 0),
	gsSP1Triangle(9, 12, 10, 0),
	gsSP1Triangle(12, 13, 10, 0),
	gsSP1Triangle(12, 14, 13, 0),
	gsSP1Triangle(10, 13, 15, 0),
	gsSPVertex(wf_dl_Cube_016_mesh_layer_1_vtx_1 + 47, 14, 0),
	gsSP1Triangle(0, 1, 2, 0),
	gsSP1Triangle(3, 0, 2, 0),
	gsSP1Triangle(3, 2, 4, 0),
	gsSP1Triangle(5, 6, 7, 0),
	gsSP1Triangle(5, 7, 8, 0),
	gsSP1Triangle(8, 7, 9, 0),
	gsSP1Triangle(8, 9, 10, 0),
	gsSP1Triangle(11, 8, 10, 0),
	gsSP1Triangle(11, 10, 12, 0),
	gsSP1Triangle(13, 8, 11, 0),
	gsSP1Triangle(13, 5, 8, 0),
	gsSPVertex(wf_dl_Cube_016_mesh_layer_1_vtx_1 + 61, 16, 0),
	gsSP1Triangle(0, 1, 2, 0),
	gsSP1Triangle(0, 2, 3, 0),
	gsSP1Triangle(3, 2, 4, 0),
	gsSP1Triangle(3, 4, 5, 0),
	gsSP1Triangle(6, 3, 5, 0),
	gsSP1Triangle(6, 5, 7, 0),
	gsSP1Triangle(8, 3, 6, 0),
	gsSP1Triangle(8, 0, 3, 0),
	gsSP1Triangle(9, 10, 11, 0),
	gsSP1Triangle(9, 11, 12, 0),
	gsSP1Triangle(12, 11, 4, 0),
	gsSP1Triangle(12, 4, 13, 0),
	gsSP1Triangle(14, 12, 13, 0),
	gsSP1Triangle(14, 13, 15, 0),
	gsSPVertex(wf_dl_Cube_016_mesh_layer_1_vtx_1 + 77, 16, 0),
	gsSP1Triangle(0, 1, 2, 0),
	gsSP1Triangle(0, 3, 1, 0),
	gsSP1Triangle(4, 5, 6, 0),
	gsSP1Triangle(4, 6, 7, 0),
	gsSP1Triangle(7, 6, 8, 0),
	gsSP1Triangle(7, 8, 9, 0),
	gsSP1Triangle(10, 7, 9, 0),
	gsSP1Triangle(10, 9, 11, 0),
	gsSP1Triangle(12, 7, 10, 0),
	gsSP1Triangle(12, 4, 7, 0),
	gsSP1Triangle(13, 14, 15, 0),
	gsSPVertex(wf_dl_Cube_016_mesh_layer_1_vtx_1 + 93, 16, 0),
	gsSP1Triangle(0, 1, 2, 0),
	gsSP1Triangle(2, 1, 3, 0),
	gsSP1Triangle(2, 3, 4, 0),
	gsSP1Triangle(5, 2, 4, 0),
	gsSP1Triangle(5, 4, 6, 0),
	gsSP1Triangle(7, 2, 5, 0),
	gsSP1Triangle(7, 0, 2, 0),
	gsSP1Triangle(8, 9, 10, 0),
	gsSP1Triangle(8, 10, 11, 0),
	gsSP1Triangle(11, 10, 12, 0),
	gsSP1Triangle(11, 12, 13, 0),
	gsSP1Triangle(14, 11, 13, 0),
	gsSP1Triangle(14, 13, 15, 0),
	gsSPVertex(wf_dl_Cube_016_mesh_layer_1_vtx_1 + 109, 16, 0),
	gsSP1Triangle(0, 1, 2, 0),
	gsSP1Triangle(0, 3, 1, 0),
	gsSP1Triangle(4, 5, 6, 0),
	gsSP1Triangle(4, 6, 7, 0),
	gsSP1Triangle(7, 6, 8, 0),
	gsSP1Triangle(7, 8, 9, 0),
	gsSP1Triangle(10, 7, 9, 0),
	gsSP1Triangle(10, 9, 11, 0),
	gsSP1Triangle(12, 7, 10, 0),
	gsSP1Triangle(12, 4, 7, 0),
	gsSP1Triangle(13, 14, 15, 0),
	gsSPVertex(wf_dl_Cube_016_mesh_layer_1_vtx_1 + 125, 16, 0),
	gsSP1Triangle(0, 1, 2, 0),
	gsSP1Triangle(1, 3, 2, 0),
	gsSP1Triangle(1, 4, 3, 0),
	gsSP1Triangle(2, 3, 5, 0),
	gsSP1Triangle(2, 5, 6, 0),
	gsSP1Triangle(7, 2, 6, 0),
	gsSP1Triangle(7, 6, 8, 0),
	gsSP1Triangle(9, 10, 11, 0),
	gsSP1Triangle(9, 11, 12, 0),
	gsSP1Triangle(12, 11, 13, 0),
	gsSP1Triangle(12, 13, 14, 0),
	gsSP1Triangle(15, 12, 14, 0),
	gsSPVertex(wf_dl_Cube_016_mesh_layer_1_vtx_1 + 141, 15, 0),
	gsSP1Triangle(0, 1, 2, 0),
	gsSP1Triangle(3, 4, 0, 0),
	gsSP1Triangle(3, 5, 4, 0),
	gsSP1Triangle(6, 7, 8, 0),
	gsSP1Triangle(6, 8, 9, 0),
	gsSP1Triangle(9, 8, 10, 0),
	gsSP1Triangle(9, 10, 11, 0),
	gsSP1Triangle(12, 9, 11, 0),
	gsSP1Triangle(12, 11, 13, 0),
	gsSP1Triangle(14, 9, 12, 0),
	gsSP1Triangle(14, 6, 9, 0),
	gsSPVertex(wf_dl_Cube_016_mesh_layer_1_vtx_1 + 156, 16, 0),
	gsSP1Triangle(0, 1, 2, 0),
	gsSP1Triangle(0, 2, 3, 0),
	gsSP1Triangle(3, 2, 4, 0),
	gsSP1Triangle(3, 4, 5, 0),
	gsSP1Triangle(6, 3, 5, 0),
	gsSP1Triangle(6, 5, 7, 0),
	gsSP1Triangle(8, 3, 6, 0),
	gsSP1Triangle(8, 0, 3, 0),
	gsSP1Triangle(9, 10, 11, 0),
	gsSP1Triangle(9, 11, 12, 0),
	gsSP1Triangle(12, 11, 13, 0),
	gsSP1Triangle(12, 13, 14, 0),
	gsSP1Triangle(15, 12, 14, 0),
	gsSPVertex(wf_dl_Cube_016_mesh_layer_1_vtx_1 + 172, 15, 0),
	gsSP1Triangle(0, 1, 2, 0),
	gsSP1Triangle(3, 4, 0, 0),
	gsSP1Triangle(3, 5, 4, 0),
	gsSP1Triangle(6, 7, 8, 0),
	gsSP1Triangle(6, 8, 9, 0),
	gsSP1Triangle(9, 8, 10, 0),
	gsSP1Triangle(9, 10, 11, 0),
	gsSP1Triangle(7, 12, 13, 0),
	gsSP1Triangle(7, 13, 8, 0),
	gsSP1Triangle(8, 13, 14, 0),
	gsSP1Triangle(8, 14, 10, 0),
	gsSPVertex(wf_dl_Cube_016_mesh_layer_1_vtx_1 + 187, 16, 0),
	gsSP1Triangle(0, 1, 2, 0),
	gsSP1Triangle(0, 2, 3, 0),
	gsSP1Triangle(3, 2, 4, 0),
	gsSP1Triangle(3, 4, 5, 0),
	gsSP1Triangle(6, 3, 5, 0),
	gsSP1Triangle(6, 5, 7, 0),
	gsSP1Triangle(8, 3, 6, 0),
	gsSP1Triangle(8, 0, 3, 0),
	gsSP1Triangle(9, 10, 11, 0),
	gsSP1Triangle(9, 11, 12, 0),
	gsSP1Triangle(12, 11, 4, 0),
	gsSP1Triangle(12, 4, 13, 0),
	gsSP1Triangle(14, 12, 13, 0),
	gsSP1Triangle(14, 13, 15, 0),
	gsSPVertex(wf_dl_Cube_016_mesh_layer_1_vtx_1 + 203, 16, 0),
	gsSP1Triangle(0, 1, 2, 0),
	gsSP1Triangle(0, 3, 1, 0),
	gsSP1Triangle(4, 5, 6, 0),
	gsSP1Triangle(4, 6, 7, 0),
	gsSP1Triangle(7, 6, 8, 0),
	gsSP1Triangle(7, 8, 9, 0),
	gsSP1Triangle(10, 7, 9, 0),
	gsSP1Triangle(10, 9, 11, 0),
	gsSP1Triangle(12, 7, 10, 0),
	gsSP1Triangle(12, 4, 7, 0),
	gsSP1Triangle(13, 14, 15, 0),
	gsSPVertex(wf_dl_Cube_016_mesh_layer_1_vtx_1 + 219, 16, 0),
	gsSP1Triangle(0, 1, 2, 0),
	gsSP1Triangle(1, 3, 2, 0),
	gsSP1Triangle(1, 4, 3, 0),
	gsSP1Triangle(2, 3, 5, 0),
	gsSP1Triangle(2, 5, 6, 0),
	gsSP1Triangle(7, 2, 6, 0),
	gsSP1Triangle(7, 6, 8, 0),
	gsSP1Triangle(9, 10, 11, 0),
	gsSP1Triangle(9, 11, 12, 0),
	gsSP1Triangle(12, 11, 13, 0),
	gsSP1Triangle(12, 13, 14, 0),
	gsSP1Triangle(15, 12, 14, 0),
	gsSPVertex(wf_dl_Cube_016_mesh_layer_1_vtx_1 + 235, 15, 0),
	gsSP1Triangle(0, 1, 2, 0),
	gsSP1Triangle(3, 4, 0, 0),
	gsSP1Triangle(3, 5, 4, 0),
	gsSP1Triangle(6, 7, 8, 0),
	gsSP1Triangle(6, 9, 7, 0),
	gsSP1Triangle(9, 10, 7, 0),
	gsSP1Triangle(9, 11, 10, 0),
	gsSP1Triangle(7, 10, 12, 0),
	gsSP1Triangle(7, 12, 13, 0),
	gsSP1Triangle(8, 7, 13, 0),
	gsSP1Triangle(8, 13, 14, 0),
	gsSPVertex(wf_dl_Cube_016_mesh_layer_1_vtx_1 + 250, 16, 0),
	gsSP1Triangle(0, 1, 2, 0),
	gsSP1Triangle(0, 2, 3, 0),
	gsSP1Triangle(3, 2, 4, 0),
	gsSP1Triangle(3, 4, 5, 0),
	gsSP1Triangle(6, 3, 5, 0),
	gsSP1Triangle(6, 5, 7, 0),
	gsSP1Triangle(8, 3, 6, 0),
	gsSP1Triangle(8, 0, 3, 0),
	gsSP1Triangle(9, 10, 11, 0),
	gsSP1Triangle(9, 11, 12, 0),
	gsSP1Triangle(12, 11, 13, 0),
	gsSP1Triangle(12, 13, 14, 0),
	gsSP1Triangle(15, 12, 14, 0),
	gsSPVertex(wf_dl_Cube_016_mesh_layer_1_vtx_1 + 266, 15, 0),
	gsSP1Triangle(0, 1, 2, 0),
	gsSP1Triangle(3, 4, 0, 0),
	gsSP1Triangle(3, 5, 4, 0),
	gsSP1Triangle(6, 7, 8, 0),
	gsSP1Triangle(6, 8, 9, 0),
	gsSP1Triangle(9, 8, 10, 0),
	gsSP1Triangle(9, 10, 11, 0),
	gsSP1Triangle(12, 9, 11, 0),
	gsSP1Triangle(12, 11, 13, 0),
	gsSP1Triangle(14, 9, 12, 0),
	gsSP1Triangle(14, 6, 9, 0),
	gsSPVertex(wf_dl_Cube_016_mesh_layer_1_vtx_1 + 281, 15, 0),
	gsSP1Triangle(0, 1, 2, 0),
	gsSP1Triangle(0, 2, 3, 0),
	gsSP1Triangle(3, 2, 4, 0),
	gsSP1Triangle(3, 4, 5, 0),
	gsSP1Triangle(6, 3, 5, 0),
	gsSP1Triangle(6, 5, 7, 0),
	gsSP1Triangle(8, 3, 6, 0),
	gsSP1Triangle(8, 0, 3, 0),
	gsSP1Triangle(9, 10, 11, 0),
	gsSP1Triangle(9, 11, 12, 0),
	gsSP1Triangle(12, 11, 13, 0),
	gsSP1Triangle(12, 13, 14, 0),
	gsSPVertex(wf_dl_Cube_016_mesh_layer_1_vtx_1 + 296, 15, 0),
	gsSP1Triangle(0, 1, 2, 0),
	gsSP1Triangle(0, 2, 3, 0),
	gsSP1Triangle(3, 2, 4, 0),
	gsSP1Triangle(3, 4, 5, 0),
	gsSP1Triangle(6, 7, 8, 0),
	gsSP1Triangle(6, 8, 9, 0),
	gsSP1Triangle(9, 8, 10, 0),
	gsSP1Triangle(9, 10, 11, 0),
	gsSP1Triangle(7, 12, 13, 0),
	gsSP1Triangle(7, 13, 8, 0),
	gsSP1Triangle(8, 13, 14, 0),
	gsSP1Triangle(8, 14, 10, 0),
	gsSPVertex(wf_dl_Cube_016_mesh_layer_1_vtx_1 + 311, 15, 0),
	gsSP1Triangle(0, 1, 2, 0),
	gsSP1Triangle(0, 2, 3, 0),
	gsSP1Triangle(3, 2, 4, 0),
	gsSP1Triangle(3, 4, 5, 0),
	gsSP1Triangle(1, 6, 7, 0),
	gsSP1Triangle(1, 7, 2, 0),
	gsSP1Triangle(2, 7, 8, 0),
	gsSP1Triangle(2, 8, 4, 0),
	gsSP1Triangle(9, 10, 11, 0),
	gsSP1Triangle(9, 11, 12, 0),
	gsSP1Triangle(12, 11, 13, 0),
	gsSP1Triangle(12, 13, 14, 0),
	gsSPVertex(wf_dl_Cube_016_mesh_layer_1_vtx_1 + 326, 15, 0),
	gsSP1Triangle(0, 1, 2, 0),
	gsSP1Triangle(0, 2, 3, 0),
	gsSP1Triangle(3, 2, 4, 0),
	gsSP1Triangle(3, 4, 5, 0),
	gsSP1Triangle(6, 7, 8, 0),
	gsSP1Triangle(6, 8, 9, 0),
	gsSP1Triangle(9, 8, 10, 0),
	gsSP1Triangle(9, 10, 11, 0),
	gsSP1Triangle(12, 9, 11, 0),
	gsSP1Triangle(12, 11, 13, 0),
	gsSP1Triangle(14, 9, 12, 0),
	gsSP1Triangle(14, 6, 9, 0),
	gsSPVertex(wf_dl_Cube_016_mesh_layer_1_vtx_1 + 341, 15, 0),
	gsSP1Triangle(0, 1, 2, 0),
	gsSP1Triangle(0, 2, 3, 0),
	gsSP1Triangle(1, 4, 5, 0),
	gsSP1Triangle(1, 5, 2, 0),
	gsSP1Triangle(2, 5, 6, 0),
	gsSP1Triangle(2, 6, 7, 0),
	gsSP1Triangle(3, 2, 7, 0),
	gsSP1Triangle(3, 7, 8, 0),
	gsSP1Triangle(9, 10, 11, 0),
	gsSP1Triangle(9, 11, 12, 0),
	gsSP1Triangle(12, 11, 13, 0),
	gsSP1Triangle(12, 13, 14, 0),
	gsSPVertex(wf_dl_Cube_016_mesh_layer_1_vtx_1 + 356, 15, 0),
	gsSP1Triangle(0, 1, 2, 0),
	gsSP1Triangle(0, 2, 3, 0),
	gsSP1Triangle(3, 2, 4, 0),
	gsSP1Triangle(3, 4, 5, 0),
	gsSP1Triangle(6, 7, 8, 0),
	gsSP1Triangle(6, 8, 9, 0),
	gsSP1Triangle(9, 8, 10, 0),
	gsSP1Triangle(9, 10, 11, 0),
	gsSP1Triangle(12, 9, 11, 0),
	gsSP1Triangle(12, 11, 13, 0),
	gsSP1Triangle(14, 9, 12, 0),
	gsSP1Triangle(14, 6, 9, 0),
	gsSPVertex(wf_dl_Cube_016_mesh_layer_1_vtx_1 + 371, 15, 0),
	gsSP1Triangle(0, 1, 2, 0),
	gsSP1Triangle(0, 2, 3, 0),
	gsSP1Triangle(3, 2, 4, 0),
	gsSP1Triangle(3, 4, 5, 0),
	gsSP1Triangle(1, 6, 7, 0),
	gsSP1Triangle(1, 7, 2, 0),
	gsSP1Triangle(2, 7, 8, 0),
	gsSP1Triangle(2, 8, 4, 0),
	gsSP1Triangle(9, 10, 11, 0),
	gsSP1Triangle(9, 11, 12, 0),
	gsSP1Triangle(12, 11, 13, 0),
	gsSP1Triangle(12, 13, 14, 0),
	gsSPVertex(wf_dl_Cube_016_mesh_layer_1_vtx_1 + 386, 15, 0),
	gsSP1Triangle(0, 1, 2, 0),
	gsSP1Triangle(0, 2, 3, 0),
	gsSP1Triangle(3, 2, 4, 0),
	gsSP1Triangle(3, 4, 5, 0),
	gsSP1Triangle(6, 7, 8, 0),
	gsSP1Triangle(6, 8, 9, 0),
	gsSP1Triangle(9, 8, 10, 0),
	gsSP1Triangle(9, 10, 11, 0),
	gsSP1Triangle(12, 9, 11, 0),
	gsSP1Triangle(12, 11, 13, 0),
	gsSP1Triangle(14, 9, 12, 0),
	gsSP1Triangle(14, 6, 9, 0),
	gsSPVertex(wf_dl_Cube_016_mesh_layer_1_vtx_1 + 401, 15, 0),
	gsSP1Triangle(0, 1, 2, 0),
	gsSP1Triangle(0, 2, 3, 0),
	gsSP1Triangle(3, 2, 4, 0),
	gsSP1Triangle(3, 4, 5, 0),
	gsSP1Triangle(6, 3, 5, 0),
	gsSP1Triangle(6, 5, 7, 0),
	gsSP1Triangle(8, 3, 6, 0),
	gsSP1Triangle(8, 0, 3, 0),
	gsSP1Triangle(9, 10, 11, 0),
	gsSP1Triangle(9, 11, 12, 0),
	gsSP1Triangle(12, 11, 13, 0),
	gsSP1Triangle(12, 13, 14, 0),
	gsSPVertex(wf_dl_Cube_016_mesh_layer_1_vtx_1 + 416, 15, 0),
	gsSP1Triangle(0, 1, 2, 0),
	gsSP1Triangle(0, 2, 3, 0),
	gsSP1Triangle(3, 2, 4, 0),
	gsSP1Triangle(3, 4, 5, 0),
	gsSP1Triangle(6, 7, 8, 0),
	gsSP1Triangle(6, 8, 9, 0),
	gsSP1Triangle(9, 8, 10, 0),
	gsSP1Triangle(9, 10, 11, 0),
	gsSP1Triangle(7, 12, 13, 0),
	gsSP1Triangle(7, 13, 8, 0),
	gsSP1Triangle(8, 13, 14, 0),
	gsSP1Triangle(8, 14, 10, 0),
	gsSPVertex(wf_dl_Cube_016_mesh_layer_1_vtx_1 + 431, 15, 0),
	gsSP1Triangle(0, 1, 2, 0),
	gsSP1Triangle(0, 2, 3, 0),
	gsSP1Triangle(3, 2, 4, 0),
	gsSP1Triangle(3, 4, 5, 0),
	gsSP1Triangle(6, 3, 5, 0),
	gsSP1Triangle(6, 5, 7, 0),
	gsSP1Triangle(8, 3, 6, 0),
	gsSP1Triangle(8, 0, 3, 0),
	gsSP1Triangle(9, 10, 11, 0),
	gsSP1Triangle(9, 11, 12, 0),
	gsSP1Triangle(12, 11, 13, 0),
	gsSP1Triangle(12, 13, 14, 0),
	gsSPVertex(wf_dl_Cube_016_mesh_layer_1_vtx_1 + 446, 15, 0),
	gsSP1Triangle(0, 1, 2, 0),
	gsSP1Triangle(0, 2, 3, 0),
	gsSP1Triangle(3, 2, 4, 0),
	gsSP1Triangle(3, 4, 5, 0),
	gsSP1Triangle(6, 7, 8, 0),
	gsSP1Triangle(6, 8, 9, 0),
	gsSP1Triangle(9, 8, 10, 0),
	gsSP1Triangle(9, 10, 11, 0),
	gsSP1Triangle(12, 9, 11, 0),
	gsSP1Triangle(12, 11, 13, 0),
	gsSP1Triangle(14, 9, 12, 0),
	gsSP1Triangle(14, 6, 9, 0),
	gsSPVertex(wf_dl_Cube_016_mesh_layer_1_vtx_1 + 461, 16, 0),
	gsSP1Triangle(0, 1, 2, 0),
	gsSP1Triangle(0, 2, 3, 0),
	gsSP1Triangle(4, 0, 3, 0),
	gsSP1Triangle(4, 3, 5, 0),
	gsSP1Triangle(5, 3, 6, 0),
	gsSP1Triangle(3, 7, 6, 0),
	gsSP1Triangle(3, 2, 7, 0),
	gsSP1Triangle(5, 6, 8, 0),
	gsSP1Triangle(9, 10, 11, 0),
	gsSP1Triangle(9, 11, 12, 0),
	gsSP1Triangle(13, 9, 12, 0),
	gsSP1Triangle(13, 12, 14, 0),
	gsSP1Triangle(14, 12, 15, 0),
	gsSPVertex(wf_dl_Cube_016_mesh_layer_1_vtx_1 + 477, 15, 0),
	gsSP1Triangle(0, 1, 2, 0),
	gsSP1Triangle(0, 3, 1, 0),
	gsSP1Triangle(4, 2, 5, 0),
	gsSP1Triangle(6, 7, 8, 0),
	gsSP1Triangle(6, 8, 9, 0),
	gsSP1Triangle(9, 8, 10, 0),
	gsSP1Triangle(9, 10, 11, 0),
	gsSP1Triangle(12, 9, 11, 0),
	gsSP1Triangle(12, 11, 13, 0),
	gsSP1Triangle(14, 9, 12, 0),
	gsSP1Triangle(14, 6, 9, 0),
	gsSPVertex(wf_dl_Cube_016_mesh_layer_1_vtx_1 + 492, 16, 0),
	gsSP1Triangle(0, 1, 2, 0),
	gsSP1Triangle(0, 2, 3, 0),
	gsSP1Triangle(3, 2, 4, 0),
	gsSP1Triangle(3, 4, 5, 0),
	gsSP1Triangle(6, 3, 5, 0),
	gsSP1Triangle(6, 5, 7, 0),
	gsSP1Triangle(8, 3, 6, 0),
	gsSP1Triangle(8, 0, 3, 0),
	gsSP1Triangle(9, 10, 11, 0),
	gsSP1Triangle(9, 11, 12, 0),
	gsSP1Triangle(12, 11, 13, 0),
	gsSP1Triangle(12, 13, 14, 0),
	gsSP1Triangle(15, 12, 14, 0),
	gsSPVertex(wf_dl_Cube_016_mesh_layer_1_vtx_1 + 508, 15, 0),
	gsSP1Triangle(0, 1, 2, 0),
	gsSP1Triangle(3, 4, 0, 0),
	gsSP1Triangle(3, 5, 4, 0),
	gsSP1Triangle(6, 7, 8, 0),
	gsSP1Triangle(6, 9, 7, 0),
	gsSP1Triangle(9, 10, 7, 0),
	gsSP1Triangle(9, 11, 10, 0),
	gsSP1Triangle(7, 10, 12, 0),
	gsSP1Triangle(7, 12, 13, 0),
	gsSP1Triangle(8, 7, 13, 0),
	gsSP1Triangle(8, 13, 14, 0),
	gsSPVertex(wf_dl_Cube_016_mesh_layer_1_vtx_1 + 523, 16, 0),
	gsSP1Triangle(0, 1, 2, 0),
	gsSP1Triangle(0, 3, 1, 0),
	gsSP1Triangle(3, 4, 1, 0),
	gsSP1Triangle(3, 5, 4, 0),
	gsSP1Triangle(1, 4, 6, 0),
	gsSP1Triangle(1, 6, 7, 0),
	gsSP1Triangle(2, 1, 7, 0),
	gsSP1Triangle(2, 7, 8, 0),
	gsSP1Triangle(9, 10, 11, 0),
	gsSP1Triangle(9, 11, 12, 0),
	gsSP1Triangle(12, 11, 13, 0),
	gsSP1Triangle(12, 13, 14, 0),
	gsSP1Triangle(15, 12, 14, 0),
	gsSPVertex(wf_dl_Cube_016_mesh_layer_1_vtx_1 + 539, 15, 0),
	gsSP1Triangle(0, 1, 2, 0),
	gsSP1Triangle(3, 4, 0, 0),
	gsSP1Triangle(3, 5, 4, 0),
	gsSP1Triangle(6, 7, 8, 0),
	gsSP1Triangle(6, 8, 9, 0),
	gsSP1Triangle(9, 8, 10, 0),
	gsSP1Triangle(9, 10, 11, 0),
	gsSP1Triangle(12, 9, 11, 0),
	gsSP1Triangle(12, 11, 13, 0),
	gsSP1Triangle(14, 9, 12, 0),
	gsSP1Triangle(14, 6, 9, 0),
	gsSPVertex(wf_dl_Cube_016_mesh_layer_1_vtx_1 + 554, 16, 0),
	gsSP1Triangle(0, 1, 2, 0),
	gsSP1Triangle(0, 2, 3, 0),
	gsSP1Triangle(3, 2, 4, 0),
	gsSP1Triangle(3, 4, 5, 0),
	gsSP1Triangle(6, 3, 5, 0),
	gsSP1Triangle(6, 5, 7, 0),
	gsSP1Triangle(8, 3, 6, 0),
	gsSP1Triangle(8, 0, 3, 0),
	gsSP1Triangle(9, 10, 11, 0),
	gsSP1Triangle(9, 11, 12, 0),
	gsSP1Triangle(12, 11, 13, 0),
	gsSP1Triangle(12, 13, 14, 0),
	gsSP1Triangle(15, 12, 14, 0),
	gsSPVertex(wf_dl_Cube_016_mesh_layer_1_vtx_1 + 570, 15, 0),
	gsSP1Triangle(0, 1, 2, 0),
	gsSP1Triangle(3, 4, 0, 0),
	gsSP1Triangle(3, 5, 4, 0),
	gsSP1Triangle(6, 7, 8, 0),
	gsSP1Triangle(6, 8, 9, 0),
	gsSP1Triangle(9, 8, 10, 0),
	gsSP1Triangle(9, 10, 11, 0),
	gsSP1Triangle(7, 12, 13, 0),
	gsSP1Triangle(7, 13, 8, 0),
	gsSP1Triangle(8, 13, 14, 0),
	gsSP1Triangle(8, 14, 10, 0),
	gsSPVertex(wf_dl_Cube_016_mesh_layer_1_vtx_1 + 585, 16, 0),
	gsSP1Triangle(0, 1, 2, 0),
	gsSP1Triangle(0, 2, 3, 0),
	gsSP1Triangle(3, 2, 4, 0),
	gsSP1Triangle(3, 4, 5, 0),
	gsSP1Triangle(1, 6, 7, 0),
	gsSP1Triangle(1, 7, 2, 0),
	gsSP1Triangle(2, 7, 8, 0),
	gsSP1Triangle(2, 8, 4, 0),
	gsSP1Triangle(9, 10, 11, 0),
	gsSP1Triangle(9, 11, 12, 0),
	gsSP1Triangle(12, 11, 13, 0),
	gsSP1Triangle(12, 13, 14, 0),
	gsSP1Triangle(15, 12, 14, 0),
	gsSPVertex(wf_dl_Cube_016_mesh_layer_1_vtx_1 + 601, 15, 0),
	gsSP1Triangle(0, 1, 2, 0),
	gsSP1Triangle(3, 4, 0, 0),
	gsSP1Triangle(3, 5, 4, 0),
	gsSP1Triangle(6, 7, 8, 0),
	gsSP1Triangle(6, 8, 9, 0),
	gsSP1Triangle(9, 8, 10, 0),
	gsSP1Triangle(9, 10, 11, 0),
	gsSP1Triangle(12, 9, 11, 0),
	gsSP1Triangle(12, 11, 13, 0),
	gsSP1Triangle(14, 9, 12, 0),
	gsSP1Triangle(14, 6, 9, 0),
	gsSPVertex(wf_dl_Cube_016_mesh_layer_1_vtx_1 + 616, 16, 0),
	gsSP1Triangle(0, 1, 2, 0),
	gsSP1Triangle(0, 2, 3, 0),
	gsSP1Triangle(3, 2, 4, 0),
	gsSP1Triangle(3, 4, 5, 0),
	gsSP1Triangle(6, 3, 5, 0),
	gsSP1Triangle(6, 5, 7, 0),
	gsSP1Triangle(8, 3, 6, 0),
	gsSP1Triangle(8, 0, 3, 0),
	gsSP1Triangle(9, 10, 11, 0),
	gsSP1Triangle(9, 11, 12, 0),
	gsSP1Triangle(12, 11, 13, 0),
	gsSP1Triangle(12, 13, 14, 0),
	gsSP1Triangle(15, 12, 14, 0),
	gsSPVertex(wf_dl_Cube_016_mesh_layer_1_vtx_1 + 632, 15, 0),
	gsSP1Triangle(0, 1, 2, 0),
	gsSP1Triangle(3, 4, 0, 0),
	gsSP1Triangle(3, 5, 4, 0),
	gsSP1Triangle(6, 7, 8, 0),
	gsSP1Triangle(6, 8, 9, 0),
	gsSP1Triangle(7, 10, 11, 0),
	gsSP1Triangle(7, 11, 8, 0),
	gsSP1Triangle(8, 11, 12, 0),
	gsSP1Triangle(8, 12, 13, 0),
	gsSP1Triangle(9, 8, 13, 0),
	gsSP1Triangle(9, 13, 14, 0),
	gsSPVertex(wf_dl_Cube_016_mesh_layer_1_vtx_1 + 647, 16, 0),
	gsSP1Triangle(0, 1, 2, 0),
	gsSP1Triangle(0, 2, 3, 0),
	gsSP1Triangle(3, 2, 4, 0),
	gsSP1Triangle(2, 5, 4, 0),
	gsSP1Triangle(2, 6, 5, 0),
	gsSP1Triangle(3, 4, 7, 0),
	gsSP1Triangle(1, 8, 2, 0),
	gsSP1Triangle(8, 6, 2, 0),
	gsSP1Triangle(9, 10, 11, 0),
	gsSP1Triangle(9, 11, 12, 0),
	gsSP1Triangle(12, 11, 13, 0),
	gsSP1Triangle(12, 13, 14, 0),
	gsSP1Triangle(15, 12, 14, 0),
	gsSPVertex(wf_dl_Cube_016_mesh_layer_1_vtx_1 + 663, 15, 0),
	gsSP1Triangle(0, 1, 2, 0),
	gsSP1Triangle(3, 4, 0, 0),
	gsSP1Triangle(3, 5, 4, 0),
	gsSP1Triangle(6, 7, 8, 0),
	gsSP1Triangle(6, 9, 7, 0),
	gsSP1Triangle(9, 10, 7, 0),
	gsSP1Triangle(9, 11, 10, 0),
	gsSP1Triangle(7, 10, 12, 0),
	gsSP1Triangle(7, 12, 13, 0),
	gsSP1Triangle(8, 7, 13, 0),
	gsSP1Triangle(8, 13, 14, 0),
	gsSPVertex(wf_dl_Cube_016_mesh_layer_1_vtx_1 + 678, 16, 0),
	gsSP1Triangle(0, 1, 2, 0),
	gsSP1Triangle(0, 3, 1, 0),
	gsSP1Triangle(3, 4, 1, 0),
	gsSP1Triangle(3, 5, 4, 0),
	gsSP1Triangle(1, 4, 6, 0),
	gsSP1Triangle(1, 6, 7, 0),
	gsSP1Triangle(2, 1, 7, 0),
	gsSP1Triangle(2, 7, 8, 0),
	gsSP1Triangle(9, 10, 11, 0),
	gsSP1Triangle(9, 12, 10, 0),
	gsSP1Triangle(12, 13, 10, 0),
	gsSP1Triangle(12, 14, 13, 0),
	gsSP1Triangle(10, 13, 15, 0),
	gsSPVertex(wf_dl_Cube_016_mesh_layer_1_vtx_1 + 694, 14, 0),
	gsSP1Triangle(0, 1, 2, 0),
	gsSP1Triangle(3, 0, 2, 0),
	gsSP1Triangle(3, 2, 4, 0),
	gsSP1Triangle(5, 6, 7, 0),
	gsSP1Triangle(5, 7, 8, 0),
	gsSP1Triangle(8, 7, 9, 0),
	gsSP1Triangle(8, 9, 10, 0),
	gsSP1Triangle(6, 11, 12, 0),
	gsSP1Triangle(6, 12, 7, 0),
	gsSP1Triangle(7, 12, 13, 0),
	gsSP1Triangle(7, 13, 9, 0),
	gsSPVertex(wf_dl_Cube_016_mesh_layer_1_vtx_1 + 708, 15, 0),
	gsSP1Triangle(0, 1, 2, 0),
	gsSP1Triangle(0, 2, 3, 0),
	gsSP1Triangle(3, 2, 4, 0),
	gsSP1Triangle(3, 4, 5, 0),
	gsSP1Triangle(1, 6, 7, 0),
	gsSP1Triangle(1, 7, 2, 0),
	gsSP1Triangle(2, 7, 8, 0),
	gsSP1Triangle(2, 8, 4, 0),
	gsSP1Triangle(9, 10, 11, 0),
	gsSP1Triangle(9, 11, 12, 0),
	gsSP1Triangle(12, 11, 13, 0),
	gsSP1Triangle(12, 13, 14, 0),
	gsSPVertex(wf_dl_Cube_016_mesh_layer_1_vtx_1 + 723, 15, 0),
	gsSP1Triangle(0, 1, 2, 0),
	gsSP1Triangle(0, 2, 3, 0),
	gsSP1Triangle(3, 2, 4, 0),
	gsSP1Triangle(3, 4, 5, 0),
	gsSP1Triangle(6, 7, 8, 0),
	gsSP1Triangle(6, 8, 9, 0),
	gsSP1Triangle(9, 8, 10, 0),
	gsSP1Triangle(9, 10, 11, 0),
	gsSP1Triangle(12, 9, 11, 0),
	gsSP1Triangle(12, 11, 13, 0),
	gsSP1Triangle(14, 9, 12, 0),
	gsSP1Triangle(14, 6, 9, 0),
	gsSPVertex(wf_dl_Cube_016_mesh_layer_1_vtx_1 + 738, 16, 0),
	gsSP1Triangle(0, 1, 2, 0),
	gsSP1Triangle(0, 2, 3, 0),
	gsSP1Triangle(3, 2, 4, 0),
	gsSP1Triangle(3, 4, 5, 0),
	gsSP1Triangle(6, 3, 5, 0),
	gsSP1Triangle(6, 5, 7, 0),
	gsSP1Triangle(8, 3, 6, 0),
	gsSP1Triangle(8, 0, 3, 0),
	gsSP1Triangle(9, 10, 11, 0),
	gsSP1Triangle(9, 11, 12, 0),
	gsSP1Triangle(12, 11, 13, 0),
	gsSP1Triangle(12, 13, 14, 0),
	gsSP1Triangle(15, 12, 14, 0),
	gsSPVertex(wf_dl_Cube_016_mesh_layer_1_vtx_1 + 754, 15, 0),
	gsSP1Triangle(0, 1, 2, 0),
	gsSP1Triangle(3, 4, 0, 0),
	gsSP1Triangle(3, 5, 4, 0),
	gsSP1Triangle(6, 7, 8, 0),
	gsSP1Triangle(6, 8, 9, 0),
	gsSP1Triangle(9, 8, 10, 0),
	gsSP1Triangle(9, 10, 11, 0),
	gsSP1Triangle(12, 9, 11, 0),
	gsSP1Triangle(12, 11, 13, 0),
	gsSP1Triangle(14, 9, 12, 0),
	gsSP1Triangle(14, 6, 9, 0),
	gsSPVertex(wf_dl_Cube_016_mesh_layer_1_vtx_1 + 769, 16, 0),
	gsSP1Triangle(0, 1, 2, 0),
	gsSP1Triangle(0, 2, 3, 0),
	gsSP1Triangle(3, 2, 4, 0),
	gsSP1Triangle(3, 4, 5, 0),
	gsSP1Triangle(6, 3, 5, 0),
	gsSP1Triangle(6, 5, 7, 0),
	gsSP1Triangle(8, 3, 6, 0),
	gsSP1Triangle(8, 0, 3, 0),
	gsSP1Triangle(9, 10, 11, 0),
	gsSP1Triangle(9, 12, 10, 0),
	gsSP1Triangle(13, 12, 9, 0),
	gsSP1Triangle(14, 13, 9, 0),
	gsSP1Triangle(14, 9, 15, 0),
	gsSPVertex(wf_dl_Cube_016_mesh_layer_1_vtx_1 + 785, 16, 0),
	gsSP1Triangle(0, 1, 2, 0),
	gsSP1Triangle(0, 2, 3, 0),
	gsSP1Triangle(4, 0, 3, 0),
	gsSP1Triangle(4, 3, 5, 0),
	gsSP1Triangle(6, 0, 4, 0),
	gsSP1Triangle(6, 7, 0, 0),
	gsSP1Triangle(8, 9, 10, 0),
	gsSP1Triangle(8, 11, 9, 0),
	gsSP1Triangle(12, 11, 8, 0),
	gsSP1Triangle(13, 12, 8, 0),
	gsSP1Triangle(13, 14, 12, 0),
	gsSP1Triangle(13, 15, 14, 0),
	gsSPVertex(wf_dl_Cube_016_mesh_layer_1_vtx_1 + 801, 16, 0),
	gsSP1Triangle(0, 1, 2, 0),
	gsSP1Triangle(0, 3, 1, 0),
	gsSP1Triangle(4, 3, 0, 0),
	gsSP1Triangle(4, 5, 3, 0),
	gsSP1Triangle(5, 6, 3, 0),
	gsSP1Triangle(5, 7, 6, 0),
	gsSP1Triangle(3, 6, 8, 0),
	gsSP1Triangle(3, 8, 1, 0),
	gsSP1Triangle(9, 10, 11, 0),
	gsSP1Triangle(9, 12, 10, 0),
	gsSP1Triangle(9, 13, 12, 0),
	gsSP1Triangle(13, 14, 12, 0),
	gsSP1Triangle(13, 15, 14, 0),
	gsSP1Triangle(1, 15, 13, 0),
	gsSPVertex(wf_dl_Cube_016_mesh_layer_1_vtx_1 + 817, 16, 0),
	gsSP1Triangle(0, 1, 2, 0),
	gsSP1Triangle(3, 4, 5, 0),
	gsSP1Triangle(4, 6, 5, 0),
	gsSP1Triangle(4, 7, 6, 0),
	gsSP1Triangle(5, 6, 8, 0),
	gsSP1Triangle(5, 8, 9, 0),
	gsSP1Triangle(10, 5, 9, 0),
	gsSP1Triangle(10, 9, 11, 0),
	gsSP1Triangle(10, 11, 12, 0),
	gsSP1Triangle(10, 12, 13, 0),
	gsSP1Triangle(13, 12, 14, 0),
	gsSP1Triangle(13, 14, 15, 0),
	gsSPVertex(wf_dl_Cube_016_mesh_layer_1_vtx_1 + 833, 16, 0),
	gsSP1Triangle(0, 1, 2, 0),
	gsSP1Triangle(0, 2, 3, 0),
	gsSP1Triangle(4, 1, 0, 0),
	gsSP1Triangle(4, 5, 1, 0),
	gsSP1Triangle(4, 6, 5, 0),
	gsSP1Triangle(7, 8, 9, 0),
	gsSP1Triangle(7, 10, 8, 0),
	gsSP1Triangle(11, 10, 7, 0),
	gsSP1Triangle(11, 12, 10, 0),
	gsSP1Triangle(11, 13, 12, 0),
	gsSP1Triangle(11, 14, 13, 0),
	gsSP1Triangle(14, 15, 13, 0),
	gsSPVertex(wf_dl_Cube_016_mesh_layer_1_vtx_1 + 849, 16, 0),
	gsSP1Triangle(0, 1, 2, 0),
	gsSP1Triangle(3, 1, 0, 0),
	gsSP1Triangle(3, 4, 1, 0),
	gsSP1Triangle(5, 6, 7, 0),
	gsSP1Triangle(5, 8, 6, 0),
	gsSP1Triangle(9, 8, 5, 0),
	gsSP1Triangle(9, 10, 8, 0),
	gsSP1Triangle(9, 0, 10, 0),
	gsSP1Triangle(9, 3, 0, 0),
	gsSP1Triangle(9, 11, 3, 0),
	gsSP1Triangle(9, 12, 11, 0),
	gsSP1Triangle(12, 13, 11, 0),
	gsSP1Triangle(12, 14, 13, 0),
	gsSP1Triangle(11, 13, 15, 0),
	gsSPVertex(wf_dl_Cube_016_mesh_layer_1_vtx_1 + 865, 16, 0),
	gsSP1Triangle(0, 1, 2, 0),
	gsSP1Triangle(3, 0, 2, 0),
	gsSP1Triangle(3, 2, 4, 0),
	gsSP1Triangle(5, 6, 7, 0),
	gsSP1Triangle(5, 8, 6, 0),
	gsSP1Triangle(9, 8, 5, 0),
	gsSP1Triangle(9, 10, 8, 0),
	gsSP1Triangle(11, 10, 9, 0),
	gsSP1Triangle(11, 12, 10, 0),
	gsSP1Triangle(13, 12, 11, 0),
	gsSP1Triangle(13, 14, 12, 0),
	gsSP1Triangle(7, 6, 15, 0),
	gsSPVertex(wf_dl_Cube_016_mesh_layer_1_vtx_1 + 881, 16, 0),
	gsSP1Triangle(0, 1, 2, 0),
	gsSP1Triangle(3, 0, 2, 0),
	gsSP1Triangle(3, 2, 4, 0),
	gsSP1Triangle(5, 0, 3, 0),
	gsSP1Triangle(5, 6, 0, 0),
	gsSP1Triangle(7, 6, 5, 0),
	gsSP1Triangle(7, 8, 6, 0),
	gsSP1Triangle(9, 8, 7, 0),
	gsSP1Triangle(9, 10, 8, 0),
	gsSP1Triangle(11, 10, 9, 0),
	gsSP1Triangle(11, 12, 10, 0),
	gsSP1Triangle(13, 12, 11, 0),
	gsSP1Triangle(13, 14, 12, 0),
	gsSP1Triangle(14, 15, 12, 0),
	gsSPVertex(wf_dl_Cube_016_mesh_layer_1_vtx_1 + 897, 16, 0),
	gsSP1Triangle(0, 1, 2, 0),
	gsSP1Triangle(3, 4, 5, 0),
	gsSP1Triangle(3, 5, 6, 0),
	gsSP1Triangle(6, 5, 7, 0),
	gsSP1Triangle(6, 7, 8, 0),
	gsSP1Triangle(9, 6, 8, 0),
	gsSP1Triangle(9, 8, 10, 0),
	gsSP1Triangle(9, 10, 11, 0),
	gsSP1Triangle(11, 10, 12, 0),
	gsSP1Triangle(11, 12, 13, 0),
	gsSP1Triangle(13, 12, 14, 0),
	gsSP1Triangle(13, 14, 15, 0),
	gsSPVertex(wf_dl_Cube_016_mesh_layer_1_vtx_1 + 913, 14, 0),
	gsSP1Triangle(0, 1, 2, 0),
	gsSP1Triangle(3, 4, 5, 0),
	gsSP1Triangle(3, 5, 0, 0),
	gsSP1Triangle(3, 0, 2, 0),
	gsSP1Triangle(3, 2, 6, 0),
	gsSP1Triangle(6, 2, 7, 0),
	gsSP1Triangle(2, 8, 7, 0),
	gsSP1Triangle(2, 1, 8, 0),
	gsSP1Triangle(8, 1, 9, 0),
	gsSP1Triangle(8, 9, 10, 0),
	gsSP1Triangle(10, 9, 11, 0),
	gsSP1Triangle(10, 11, 12, 0),
	gsSP1Triangle(6, 7, 13, 0),
	gsSPVertex(wf_dl_Cube_016_mesh_layer_1_vtx_1 + 927, 16, 0),
	gsSP1Triangle(0, 1, 2, 0),
	gsSP1Triangle(0, 2, 3, 0),
	gsSP1Triangle(3, 2, 4, 0),
	gsSP1Triangle(3, 4, 5, 0),
	gsSP1Triangle(5, 4, 6, 0),
	gsSP1Triangle(5, 6, 7, 0),
	gsSP1Triangle(7, 6, 8, 0),
	gsSP1Triangle(7, 8, 9, 0),
	gsSP1Triangle(10, 7, 9, 0),
	gsSP1Triangle(10, 9, 11, 0),
	gsSP1Triangle(12, 10, 11, 0),
	gsSP1Triangle(12, 11, 13, 0),
	gsSP1Triangle(14, 12, 13, 0),
	gsSP1Triangle(14, 13, 15, 0),
	gsSPVertex(wf_dl_Cube_016_mesh_layer_1_vtx_1 + 943, 16, 0),
	gsSP1Triangle(0, 1, 2, 0),
	gsSP1Triangle(0, 2, 3, 0),
	gsSP1Triangle(4, 0, 3, 0),
	gsSP1Triangle(4, 3, 5, 0),
	gsSP1Triangle(6, 0, 4, 0),
	gsSP1Triangle(6, 7, 0, 0),
	gsSP1Triangle(8, 7, 6, 0),
	gsSP1Triangle(8, 9, 7, 0),
	gsSP1Triangle(10, 9, 8, 0),
	gsSP1Triangle(10, 11, 9, 0),
	gsSP1Triangle(11, 12, 9, 0),
	gsSP1Triangle(11, 13, 12, 0),
	gsSP1Triangle(13, 14, 12, 0),
	gsSP1Triangle(13, 15, 14, 0),
	gsSPVertex(wf_dl_Cube_016_mesh_layer_1_vtx_1 + 959, 16, 0),
	gsSP1Triangle(0, 1, 2, 0),
	gsSP1Triangle(0, 3, 1, 0),
	gsSP1Triangle(3, 4, 1, 0),
	gsSP1Triangle(3, 5, 4, 0),
	gsSP1Triangle(1, 4, 6, 0),
	gsSP1Triangle(1, 6, 7, 0),
	gsSP1Triangle(7, 6, 8, 0),
	gsSP1Triangle(7, 8, 9, 0),
	gsSP1Triangle(10, 7, 9, 0),
	gsSP1Triangle(10, 9, 11, 0),
	gsSP1Triangle(12, 10, 11, 0),
	gsSP1Triangle(12, 11, 13, 0),
	gsSP1Triangle(14, 12, 13, 0),
	gsSP1Triangle(14, 13, 15, 0),
	gsSPVertex(wf_dl_Cube_016_mesh_layer_1_vtx_1 + 975, 16, 0),
	gsSP1Triangle(0, 1, 2, 0),
	gsSP1Triangle(0, 3, 1, 0),
	gsSP1Triangle(3, 4, 1, 0),
	gsSP1Triangle(3, 5, 4, 0),
	gsSP1Triangle(5, 6, 4, 0),
	gsSP1Triangle(5, 7, 6, 0),
	gsSP1Triangle(8, 9, 10, 0),
	gsSP1Triangle(8, 11, 9, 0),
	gsSP1Triangle(12, 11, 8, 0),
	gsSP1Triangle(12, 13, 11, 0),
	gsSP1Triangle(13, 14, 11, 0),
	gsSP1Triangle(13, 15, 14, 0),
	gsSPVertex(wf_dl_Cube_016_mesh_layer_1_vtx_1 + 991, 16, 0),
	gsSP1Triangle(0, 1, 2, 0),
	gsSP1Triangle(0, 3, 1, 0),
	gsSP1Triangle(3, 4, 1, 0),
	gsSP1Triangle(3, 5, 4, 0),
	gsSP1Triangle(5, 6, 4, 0),
	gsSP1Triangle(5, 7, 6, 0),
	gsSP1Triangle(7, 8, 6, 0),
	gsSP1Triangle(7, 9, 8, 0),
	gsSP1Triangle(6, 8, 10, 0),
	gsSP1Triangle(6, 10, 11, 0),
	gsSP1Triangle(4, 6, 11, 0),
	gsSP1Triangle(4, 11, 12, 0),
	gsSP1Triangle(1, 4, 12, 0),
	gsSP1Triangle(1, 12, 13, 0),
	gsSP1Triangle(2, 1, 13, 0),
	gsSP1Triangle(2, 13, 14, 0),
	gsSP1Triangle(15, 2, 14, 0),
	gsSPVertex(wf_dl_Cube_016_mesh_layer_1_vtx_1 + 1007, 16, 0),
	gsSP1Triangle(0, 1, 2, 0),
	gsSP1Triangle(3, 4, 5, 0),
	gsSP1Triangle(3, 6, 4, 0),
	gsSP1Triangle(6, 7, 4, 0),
	gsSP1Triangle(6, 8, 7, 0),
	gsSP1Triangle(8, 9, 7, 0),
	gsSP1Triangle(8, 10, 9, 0),
	gsSP1Triangle(10, 11, 9, 0),
	gsSP1Triangle(10, 12, 11, 0),
	gsSP1Triangle(12, 13, 11, 0),
	gsSP1Triangle(12, 14, 13, 0),
	gsSP1Triangle(14, 15, 13, 0),
	gsSPVertex(wf_dl_Cube_016_mesh_layer_1_vtx_1 + 1023, 16, 0),
	gsSP1Triangle(0, 1, 2, 0),
	gsSP1Triangle(3, 4, 5, 0),
	gsSP1Triangle(3, 6, 4, 0),
	gsSP1Triangle(6, 7, 4, 0),
	gsSP1Triangle(6, 8, 7, 0),
	gsSP1Triangle(8, 9, 7, 0),
	gsSP1Triangle(8, 10, 9, 0),
	gsSP1Triangle(10, 11, 9, 0),
	gsSP1Triangle(10, 12, 11, 0),
	gsSP1Triangle(12, 13, 11, 0),
	gsSP1Triangle(12, 14, 13, 0),
	gsSP1Triangle(14, 15, 13, 0),
	gsSP1Triangle(14, 2, 15, 0),
	gsSPEndDisplayList(),
};

Vtx wf_dl_Cube_016_mesh_layer_1_vtx_2[84] = {
	{{{146, 2382, 1663},0, {1005, 3434},{0x81, 0x0, 0x0, 0xFF}}},
	{{{146, 2382, 2315},0, {2203, 3434},{0x81, 0x0, 0x0, 0xFF}}},
	{{{146, 2611, 2315},0, {2203, 2865},{0x81, 0x0, 0x0, 0xFF}}},
	{{{146, 2611, 1663},0, {1005, 2865},{0x81, 0x0, 0x0, 0xFF}}},
	{{{146, 2841, 2315},0, {2203, 2295},{0x81, 0x0, 0x0, 0xFF}}},
	{{{146, 2841, 1663},0, {1005, 2295},{0x81, 0x0, 0x0, 0xFF}}},
	{{{146, 3333, 2315},0, {2203, 1075},{0x81, 0x0, 0x0, 0xFF}}},
	{{{146, 3333, 1663},0, {1005, 1075},{0x81, 0x0, 0x0, 0xFF}}},
	{{{146, 3824, 2315},0, {2203, -146},{0x81, 0x0, 0x0, 0xFF}}},
	{{{146, 3824, 1663},0, {1005, -146},{0x81, 0x0, 0x0, 0xFF}}},
	{{{146, 4007, 2315},0, {2203, -599},{0x81, 0x0, 0x0, 0xFF}}},
	{{{146, 4007, 1663},0, {1005, -599},{0x81, 0x0, 0x0, 0xFF}}},
	{{{146, 4189, 2315},0, {2203, -1052},{0x81, 0x0, 0x0, 0xFF}}},
	{{{146, 4189, 1663},0, {1005, -1052},{0x81, 0x0, 0x0, 0xFF}}},
	{{{146, 4007, 1011},0, {-194, -599},{0x81, 0x0, 0x0, 0xFF}}},
	{{{146, 4189, 1011},0, {-194, -1052},{0x81, 0x0, 0x0, 0xFF}}},
	{{{146, 3824, 1011},0, {-194, -146},{0x81, 0x0, 0x0, 0xFF}}},
	{{{146, 4007, 1663},0, {1005, -599},{0x81, 0x0, 0x0, 0xFF}}},
	{{{146, 4007, 1011},0, {-194, -599},{0x81, 0x0, 0x0, 0xFF}}},
	{{{146, 3824, 1663},0, {1005, -146},{0x81, 0x0, 0x0, 0xFF}}},
	{{{146, 3333, 1011},0, {-194, 1075},{0x81, 0x0, 0x0, 0xFF}}},
	{{{146, 3333, 1663},0, {1005, 1075},{0x81, 0x0, 0x0, 0xFF}}},
	{{{146, 2841, 1011},0, {-194, 2295},{0x81, 0x0, 0x0, 0xFF}}},
	{{{146, 2841, 1663},0, {1005, 2295},{0x81, 0x0, 0x0, 0xFF}}},
	{{{146, 2611, 1011},0, {-194, 2865},{0x81, 0x0, 0x0, 0xFF}}},
	{{{146, 2611, 1663},0, {1005, 2865},{0x81, 0x0, 0x0, 0xFF}}},
	{{{146, 2382, 1011},0, {-194, 3434},{0x81, 0x0, 0x0, 0xFF}}},
	{{{146, 2382, 1663},0, {1005, 3434},{0x81, 0x0, 0x0, 0xFF}}},
	{{{-637, 2382, 1663},0, {1055, 3775},{0x7F, 0x0, 0x0, 0xFF}}},
	{{{-637, 2382, 1011},0, {2195, 3775},{0x7F, 0x0, 0x0, 0xFF}}},
	{{{-637, 2611, 1011},0, {2195, 3114},{0x7F, 0x0, 0x0, 0xFF}}},
	{{{-637, 2611, 1663},0, {1055, 3114},{0x7F, 0x0, 0x0, 0xFF}}},
	{{{-637, 2611, 1663},0, {1055, 3114},{0x7F, 0x0, 0x0, 0xFF}}},
	{{{-637, 2611, 1011},0, {2195, 3114},{0x7F, 0x0, 0x0, 0xFF}}},
	{{{-637, 2841, 1011},0, {2195, 2454},{0x7F, 0x0, 0x0, 0xFF}}},
	{{{-637, 2841, 1663},0, {1055, 2454},{0x7F, 0x0, 0x0, 0xFF}}},
	{{{-637, 3333, 1011},0, {2195, 1038},{0x7F, 0x0, 0x0, 0xFF}}},
	{{{-637, 3333, 1663},0, {1055, 1038},{0x7F, 0x0, 0x0, 0xFF}}},
	{{{-637, 3824, 1011},0, {2195, -377},{0x7F, 0x0, 0x0, 0xFF}}},
	{{{-637, 3824, 1663},0, {1055, -377},{0x7F, 0x0, 0x0, 0xFF}}},
	{{{-637, 4007, 1011},0, {2195, -902},{0x7F, 0x0, 0x0, 0xFF}}},
	{{{-637, 4007, 1663},0, {1055, -902},{0x7F, 0x0, 0x0, 0xFF}}},
	{{{-637, 4189, 1011},0, {2195, -1428},{0x7F, 0x0, 0x0, 0xFF}}},
	{{{-637, 4189, 1663},0, {1055, -1428},{0x7F, 0x0, 0x0, 0xFF}}},
	{{{-637, 4007, 2315},0, {-85, -902},{0x7F, 0x0, 0x0, 0xFF}}},
	{{{-637, 4189, 2315},0, {-85, -1428},{0x7F, 0x0, 0x0, 0xFF}}},
	{{{-637, 3824, 2315},0, {-85, -377},{0x7F, 0x0, 0x0, 0xFF}}},
	{{{-637, 3333, 2315},0, {-85, 1038},{0x7F, 0x0, 0x0, 0xFF}}},
	{{{-637, 2841, 2315},0, {-85, 2454},{0x7F, 0x0, 0x0, 0xFF}}},
	{{{-637, 3333, 1663},0, {1055, 1038},{0x7F, 0x0, 0x0, 0xFF}}},
	{{{-637, 3333, 2315},0, {-85, 1038},{0x7F, 0x0, 0x0, 0xFF}}},
	{{{-637, 2841, 1663},0, {1055, 2454},{0x7F, 0x0, 0x0, 0xFF}}},
	{{{-637, 2611, 2315},0, {-85, 3114},{0x7F, 0x0, 0x0, 0xFF}}},
	{{{-637, 2611, 1663},0, {1055, 3114},{0x7F, 0x0, 0x0, 0xFF}}},
	{{{-637, 2382, 2315},0, {-85, 3775},{0x7F, 0x0, 0x0, 0xFF}}},
	{{{-637, 2382, 1663},0, {1055, 3775},{0x7F, 0x0, 0x0, 0xFF}}},
	{{{474, 4186, 3628},0, {2370, -2366},{0x37, 0x56, 0x4C, 0xFF}}},
	{{{328, 3073, 4992},0, {2016, 1391},{0xF, 0x5E, 0x54, 0xFF}}},
	{{{462, 3026, 4988},0, {2370, 1391},{0x37, 0x56, 0x4C, 0xFF}}},
	{{{335, 4186, 3771},0, {2016, -2366},{0x23, 0x5B, 0x52, 0xFF}}},
	{{{92, 3078, 4994},0, {1579, 1391},{0x1, 0x5E, 0x56, 0xFF}}},
	{{{146, 4186, 3791},0, {1579, -2366},{0x2, 0x5E, 0x56, 0xFF}}},
	{{{-246, 3078, 4994},0, {1015, 1391},{0x0, 0x5E, 0x56, 0xFF}}},
	{{{-246, 4186, 3791},0, {1015, -2366},{0x0, 0x5E, 0x56, 0xFF}}},
	{{{-246, 4186, 3791},0, {1015, -2366},{0x0, 0x5E, 0x56, 0xFF}}},
	{{{-584, 3078, 4994},0, {450, 1391},{0xFF, 0x5E, 0x56, 0xFF}}},
	{{{-246, 3078, 4994},0, {1015, 1391},{0x0, 0x5E, 0x56, 0xFF}}},
	{{{-637, 4186, 3791},0, {450, -2366},{0xFE, 0x5E, 0x56, 0xFF}}},
	{{{-823, 3073, 4992},0, {9, 1391},{0xF2, 0x5E, 0x54, 0xFF}}},
	{{{-829, 4186, 3771},0, {9, -2366},{0xDD, 0x5B, 0x52, 0xFF}}},
	{{{-960, 3026, 4988},0, {-350, 1391},{0xED, 0x5F, 0x52, 0xFF}}},
	{{{-971, 4186, 3628},0, {-350, -2366},{0xCA, 0x56, 0x4C, 0xFF}}},
	{{{-971, 1970, 6300},0, {-350, 5148},{0x9, 0x61, 0x52, 0xFF}}},
	{{{-829, 1970, 6209},0, {9, 5148},{0x5, 0x5F, 0x54, 0xFF}}},
	{{{-637, 1970, 6196},0, {450, 5148},{0x0, 0x5E, 0x56, 0xFF}}},
	{{{-246, 1970, 6196},0, {1015, 5148},{0x0, 0x5E, 0x56, 0xFF}}},
	{{{92, 3078, 4994},0, {1579, 1391},{0x1, 0x5E, 0x56, 0xFF}}},
	{{{146, 1970, 6196},0, {1579, 5148},{0x0, 0x5E, 0x56, 0xFF}}},
	{{{328, 3073, 4992},0, {2016, 1391},{0xF, 0x5E, 0x54, 0xFF}}},
	{{{335, 1970, 6209},0, {2016, 5148},{0xFB, 0x5F, 0x54, 0xFF}}},
	{{{462, 3026, 4988},0, {2370, 1391},{0xF7, 0x61, 0x52, 0xFF}}},
	{{{328, 3073, 4992},0, {2016, 1391},{0xF, 0x5E, 0x54, 0xFF}}},
	{{{335, 1970, 6209},0, {2016, 5148},{0xFB, 0x5F, 0x54, 0xFF}}},
	{{{474, 1970, 6300},0, {2370, 5148},{0xF7, 0x61, 0x52, 0xFF}}},
};

Gfx wf_dl_Cube_016_mesh_layer_1_tri_2[] = {
	gsSPVertex(wf_dl_Cube_016_mesh_layer_1_vtx_2 + 0, 16, 0),
	gsSP1Triangle(0, 1, 2, 0),
	gsSP1Triangle(0, 2, 3, 0),
	gsSP1Triangle(3, 2, 4, 0),
	gsSP1Triangle(3, 4, 5, 0),
	gsSP1Triangle(5, 4, 6, 0),
	gsSP1Triangle(5, 6, 7, 0),
	gsSP1Triangle(7, 6, 8, 0),
	gsSP1Triangle(7, 8, 9, 0),
	gsSP1Triangle(9, 8, 10, 0),
	gsSP1Triangle(9, 10, 11, 0),
	gsSP1Triangle(11, 10, 12, 0),
	gsSP1Triangle(11, 12, 13, 0),
	gsSP1Triangle(14, 11, 13, 0),
	gsSP1Triangle(14, 13, 15, 0),
	gsSPVertex(wf_dl_Cube_016_mesh_layer_1_vtx_2 + 16, 16, 0),
	gsSP1Triangle(0, 1, 2, 0),
	gsSP1Triangle(0, 3, 1, 0),
	gsSP1Triangle(4, 3, 0, 0),
	gsSP1Triangle(4, 5, 3, 0),
	gsSP1Triangle(6, 5, 4, 0),
	gsSP1Triangle(6, 7, 5, 0),
	gsSP1Triangle(8, 7, 6, 0),
	gsSP1Triangle(8, 9, 7, 0),
	gsSP1Triangle(10, 9, 8, 0),
	gsSP1Triangle(10, 11, 9, 0),
	gsSP1Triangle(12, 13, 14, 0),
	gsSP1Triangle(12, 14, 15, 0),
	gsSPVertex(wf_dl_Cube_016_mesh_layer_1_vtx_2 + 32, 16, 0),
	gsSP1Triangle(0, 1, 2, 0),
	gsSP1Triangle(0, 2, 3, 0),
	gsSP1Triangle(3, 2, 4, 0),
	gsSP1Triangle(3, 4, 5, 0),
	gsSP1Triangle(5, 4, 6, 0),
	gsSP1Triangle(5, 6, 7, 0),
	gsSP1Triangle(7, 6, 8, 0),
	gsSP1Triangle(7, 8, 9, 0),
	gsSP1Triangle(9, 8, 10, 0),
	gsSP1Triangle(9, 10, 11, 0),
	gsSP1Triangle(12, 9, 11, 0),
	gsSP1Triangle(12, 11, 13, 0),
	gsSP1Triangle(14, 9, 12, 0),
	gsSP1Triangle(14, 7, 9, 0),
	gsSP1Triangle(15, 7, 14, 0),
	gsSP1Triangle(15, 5, 7, 0),
	gsSPVertex(wf_dl_Cube_016_mesh_layer_1_vtx_2 + 48, 16, 0),
	gsSP1Triangle(0, 1, 2, 0),
	gsSP1Triangle(0, 3, 1, 0),
	gsSP1Triangle(4, 3, 0, 0),
	gsSP1Triangle(4, 5, 3, 0),
	gsSP1Triangle(6, 5, 4, 0),
	gsSP1Triangle(6, 7, 5, 0),
	gsSP1Triangle(8, 9, 10, 0),
	gsSP1Triangle(8, 11, 9, 0),
	gsSP1Triangle(11, 12, 9, 0),
	gsSP1Triangle(11, 13, 12, 0),
	gsSP1Triangle(13, 14, 12, 0),
	gsSP1Triangle(13, 15, 14, 0),
	gsSPVertex(wf_dl_Cube_016_mesh_layer_1_vtx_2 + 64, 16, 0),
	gsSP1Triangle(0, 1, 2, 0),
	gsSP1Triangle(0, 3, 1, 0),
	gsSP1Triangle(3, 4, 1, 0),
	gsSP1Triangle(3, 5, 4, 0),
	gsSP1Triangle(5, 6, 4, 0),
	gsSP1Triangle(5, 7, 6, 0),
	gsSP1Triangle(4, 6, 8, 0),
	gsSP1Triangle(4, 8, 9, 0),
	gsSP1Triangle(1, 4, 9, 0),
	gsSP1Triangle(1, 9, 10, 0),
	gsSP1Triangle(2, 1, 10, 0),
	gsSP1Triangle(2, 10, 11, 0),
	gsSP1Triangle(12, 2, 11, 0),
	gsSP1Triangle(12, 11, 13, 0),
	gsSP1Triangle(14, 12, 13, 0),
	gsSP1Triangle(14, 13, 15, 0),
	gsSPVertex(wf_dl_Cube_016_mesh_layer_1_vtx_2 + 80, 4, 0),
	gsSP1Triangle(0, 1, 2, 0),
	gsSP1Triangle(0, 2, 3, 0),
	gsSPEndDisplayList(),
};

Vtx wf_dl_Cube_017_mesh_layer_1_vtx_0[52] = {
	{{{977, -439, 0},0, {-16, 1008},{0xFF, 0xFF, 0xFF, 0xFF}}},
	{{{818, -381, -876},0, {-16, -16},{0xFF, 0xFF, 0xFF, 0xFF}}},
	{{{1125, -81, -1205},0, {1008, -16},{0xFF, 0xFF, 0xFF, 0xFF}}},
	{{{1544, -87, 0},0, {1008, 1008},{0xFF, 0xFF, 0xFF, 0xFF}}},
	{{{1346, 417, -1441},0, {2032, -16},{0xFF, 0xFF, 0xFF, 0xFF}}},
	{{{1850, 417, 0},0, {2032, 1008},{0xFF, 0xFF, 0xFF, 0xFF}}},
	{{{818, -381, 876},0, {-16, 2032},{0xFF, 0xFF, 0xFF, 0xFF}}},
	{{{1125, -81, 1205},0, {1008, 2032},{0xFF, 0xFF, 0xFF, 0xFF}}},
	{{{1346, 417, 1441},0, {2032, 2032},{0xFF, 0xFF, 0xFF, 0xFF}}},
	{{{-1125, -81, 1205},0, {-16, 1008},{0xFF, 0xFF, 0xFF, 0xFF}}},
	{{{-1346, 417, 1441},0, {-16, -16},{0xFF, 0xFF, 0xFF, 0xFF}}},
	{{{-1850, 417, 0},0, {1008, -16},{0xFF, 0xFF, 0xFF, 0xFF}}},
	{{{-1544, -87, 0},0, {1008, 1008},{0xFF, 0xFF, 0xFF, 0xFF}}},
	{{{-818, -381, 876},0, {-16, 2032},{0xFF, 0xFF, 0xFF, 0xFF}}},
	{{{-977, -439, 0},0, {1008, 2032},{0xFF, 0xFF, 0xFF, 0xFF}}},
	{{{-1125, -81, -1205},0, {2032, 1008},{0xFF, 0xFF, 0xFF, 0xFF}}},
	{{{-1544, -87, 0},0, {1008, 1008},{0xFF, 0xFF, 0xFF, 0xFF}}},
	{{{-1346, 417, -1441},0, {2032, -16},{0xFF, 0xFF, 0xFF, 0xFF}}},
	{{{-1125, -81, -1205},0, {2032, 1008},{0xFF, 0xFF, 0xFF, 0xFF}}},
	{{{-1850, 417, 0},0, {1008, -16},{0xFF, 0xFF, 0xFF, 0xFF}}},
	{{{-977, -439, 0},0, {1008, 2032},{0xFF, 0xFF, 0xFF, 0xFF}}},
	{{{-818, -381, -876},0, {2032, 2032},{0xFF, 0xFF, 0xFF, 0xFF}}},
	{{{1346, 417, 1441},0, {-16, 2032},{0xFF, 0xFF, 0xFF, 0xFF}}},
	{{{0, 417, 1982},0, {-16, 1008},{0xFF, 0xFF, 0xFF, 0xFF}}},
	{{{0, -87, 1654},0, {1008, 1008},{0xFF, 0xFF, 0xFF, 0xFF}}},
	{{{1125, -81, 1205},0, {1008, 2032},{0xFF, 0xFF, 0xFF, 0xFF}}},
	{{{0, -439, 1047},0, {2032, 1008},{0xFF, 0xFF, 0xFF, 0xFF}}},
	{{{-818, -381, 876},0, {2032, -16},{0xFF, 0xFF, 0xFF, 0xFF}}},
	{{{-1125, -81, 1205},0, {1008, -16},{0xFF, 0xFF, 0xFF, 0xFF}}},
	{{{-1346, 417, 1441},0, {-16, -16},{0xFF, 0xFF, 0xFF, 0xFF}}},
	{{{818, -381, 876},0, {2032, 2032},{0xFF, 0xFF, 0xFF, 0xFF}}},
	{{{0, -439, 1047},0, {-16, 1008},{0xFF, 0xFF, 0xFF, 0xFF}}},
	{{{-818, -381, 876},0, {-16, -16},{0xFF, 0xFF, 0xFF, 0xFF}}},
	{{{-977, -439, 0},0, {1008, -16},{0xFF, 0xFF, 0xFF, 0xFF}}},
	{{{0, -561, 0},0, {1008, 1008},{0xFF, 0xFF, 0xFF, 0xFF}}},
	{{{-818, -381, -876},0, {2032, -16},{0xFF, 0xFF, 0xFF, 0xFF}}},
	{{{0, -439, -1047},0, {2032, 1008},{0xFF, 0xFF, 0xFF, 0xFF}}},
	{{{977, -439, 0},0, {1008, 2032},{0xFF, 0xFF, 0xFF, 0xFF}}},
	{{{818, -381, -876},0, {2032, 2032},{0xFF, 0xFF, 0xFF, 0xFF}}},
	{{{818, -381, 876},0, {-16, 2032},{0xFF, 0xFF, 0xFF, 0xFF}}},
	{{{0, -439, -1047},0, {-16, 1008},{0xFF, 0xFF, 0xFF, 0xFF}}},
	{{{-818, -381, -876},0, {-16, -16},{0xFF, 0xFF, 0xFF, 0xFF}}},
	{{{-1125, -81, -1205},0, {1008, -16},{0xFF, 0xFF, 0xFF, 0xFF}}},
	{{{0, -87, -1654},0, {1008, 1008},{0xFF, 0xFF, 0xFF, 0xFF}}},
	{{{-1346, 417, -1441},0, {2032, -16},{0xFF, 0xFF, 0xFF, 0xFF}}},
	{{{0, 417, -1982},0, {2032, 1008},{0xFF, 0xFF, 0xFF, 0xFF}}},
	{{{818, -381, -876},0, {-16, 2032},{0xFF, 0xFF, 0xFF, 0xFF}}},
	{{{818, -381, -876},0, {-16, 2032},{0xFF, 0xFF, 0xFF, 0xFF}}},
	{{{0, -87, -1654},0, {1008, 1008},{0xFF, 0xFF, 0xFF, 0xFF}}},
	{{{1125, -81, -1205},0, {1008, 2032},{0xFF, 0xFF, 0xFF, 0xFF}}},
	{{{0, 417, -1982},0, {2032, 1008},{0xFF, 0xFF, 0xFF, 0xFF}}},
	{{{1346, 417, -1441},0, {2032, 2032},{0xFF, 0xFF, 0xFF, 0xFF}}},
};

Gfx wf_dl_Cube_017_mesh_layer_1_tri_0[] = {
	gsSPVertex(wf_dl_Cube_017_mesh_layer_1_vtx_0 + 0, 16, 0),
	gsSP1Triangle(0, 1, 2, 0),
	gsSP1Triangle(0, 2, 3, 0),
	gsSP1Triangle(3, 2, 4, 0),
	gsSP1Triangle(3, 4, 5, 0),
	gsSP1Triangle(6, 0, 3, 0),
	gsSP1Triangle(6, 3, 7, 0),
	gsSP1Triangle(7, 3, 5, 0),
	gsSP1Triangle(7, 5, 8, 0),
	gsSP1Triangle(9, 10, 11, 0),
	gsSP1Triangle(9, 11, 12, 0),
	gsSP1Triangle(13, 9, 12, 0),
	gsSP1Triangle(13, 12, 14, 0),
	gsSP1Triangle(14, 12, 15, 0),
	gsSPVertex(wf_dl_Cube_017_mesh_layer_1_vtx_0 + 16, 15, 0),
	gsSP1Triangle(0, 1, 2, 0),
	gsSP1Triangle(0, 3, 1, 0),
	gsSP1Triangle(4, 2, 5, 0),
	gsSP1Triangle(6, 7, 8, 0),
	gsSP1Triangle(6, 8, 9, 0),
	gsSP1Triangle(9, 8, 10, 0),
	gsSP1Triangle(8, 11, 10, 0),
	gsSP1Triangle(8, 12, 11, 0),
	gsSP1Triangle(7, 12, 8, 0),
	gsSP1Triangle(7, 13, 12, 0),
	gsSP1Triangle(9, 10, 14, 0),
	gsSPVertex(wf_dl_Cube_017_mesh_layer_1_vtx_0 + 31, 16, 0),
	gsSP1Triangle(0, 1, 2, 0),
	gsSP1Triangle(0, 2, 3, 0),
	gsSP1Triangle(3, 2, 4, 0),
	gsSP1Triangle(3, 4, 5, 0),
	gsSP1Triangle(6, 3, 5, 0),
	gsSP1Triangle(6, 5, 7, 0),
	gsSP1Triangle(8, 3, 6, 0),
	gsSP1Triangle(8, 0, 3, 0),
	gsSP1Triangle(9, 10, 11, 0),
	gsSP1Triangle(9, 11, 12, 0),
	gsSP1Triangle(12, 11, 13, 0),
	gsSP1Triangle(12, 13, 14, 0),
	gsSP1Triangle(15, 9, 12, 0),
	gsSPVertex(wf_dl_Cube_017_mesh_layer_1_vtx_0 + 47, 5, 0),
	gsSP1Triangle(0, 1, 2, 0),
	gsSP1Triangle(2, 1, 3, 0),
	gsSP1Triangle(2, 3, 4, 0),
	gsSPEndDisplayList(),
};

Vtx wf_dl_Cube_017_mesh_layer_1_vtx_1[30] = {
	{{{-1346, 417, -1441},0, {-2082, -2082},{0x0, 0x7F, 0x0, 0xFF}}},
	{{{-748, 417, -801},0, {-709, -709},{0x0, 0x7F, 0x0, 0xFF}}},
	{{{0, 417, -1336},0, {-1857, 1008},{0x0, 0x7F, 0x0, 0xFF}}},
	{{{0, 417, -1982},0, {-3241, 1008},{0x0, 0x7F, 0x0, 0xFF}}},
	{{{1346, 417, -1441},0, {-2082, 4098},{0x0, 0x7F, 0x0, 0xFF}}},
	{{{748, 417, -801},0, {-709, 2725},{0x0, 0x7F, 0x0, 0xFF}}},
	{{{0, 417, 0},0, {1008, 1008},{0x0, 0x7F, 0x0, 0xFF}}},
	{{{-748, 417, -801},0, {-709, -709},{0x0, 0x7F, 0x0, 0xFF}}},
	{{{1247, 417, 0},0, {1008, 3873},{0x0, 0x7F, 0x0, 0xFF}}},
	{{{748, 417, 801},0, {2725, 2725},{0x0, 0x7F, 0x0, 0xFF}}},
	{{{0, 417, 1336},0, {3873, 1008},{0x0, 0x7F, 0x0, 0xFF}}},
	{{{-748, 417, 801},0, {2725, -709},{0x0, 0x7F, 0x0, 0xFF}}},
	{{{-1247, 417, 0},0, {1008, -1857},{0x0, 0x7F, 0x0, 0xFF}}},
	{{{-748, 417, -801},0, {-709, -709},{0x0, 0x7F, 0x0, 0xFF}}},
	{{{-1346, 417, 1441},0, {4098, -2082},{0x0, 0x7F, 0x0, 0xFF}}},
	{{{0, 417, 1982},0, {5257, 1008},{0x0, 0x7F, 0x0, 0xFF}}},
	{{{1346, 417, 1441},0, {4098, 4098},{0x0, 0x7F, 0x0, 0xFF}}},
	{{{0, 417, 1336},0, {3873, 1008},{0x0, 0x7F, 0x0, 0xFF}}},
	{{{0, 417, 1982},0, {5257, 1008},{0x0, 0x7F, 0x0, 0xFF}}},
	{{{748, 417, 801},0, {2725, 2725},{0x0, 0x7F, 0x0, 0xFF}}},
	{{{1247, 417, 0},0, {1008, 3873},{0x0, 0x7F, 0x0, 0xFF}}},
	{{{1850, 417, 0},0, {1008, 5257},{0x0, 0x7F, 0x0, 0xFF}}},
	{{{1346, 417, -1441},0, {-2082, 4098},{0x0, 0x7F, 0x0, 0xFF}}},
	{{{748, 417, -801},0, {-709, 2725},{0x0, 0x7F, 0x0, 0xFF}}},
	{{{-1346, 417, -1441},0, {-2082, -2082},{0x0, 0x7F, 0x0, 0xFF}}},
	{{{-1247, 417, 0},0, {1008, -1857},{0x0, 0x7F, 0x0, 0xFF}}},
	{{{-748, 417, -801},0, {-709, -709},{0x0, 0x7F, 0x0, 0xFF}}},
	{{{-1850, 417, 0},0, {1008, -3241},{0x0, 0x7F, 0x0, 0xFF}}},
	{{{-1346, 417, 1441},0, {4098, -2082},{0x0, 0x7F, 0x0, 0xFF}}},
	{{{-748, 417, 801},0, {2725, -709},{0x0, 0x7F, 0x0, 0xFF}}},
};

Gfx wf_dl_Cube_017_mesh_layer_1_tri_1[] = {
	gsSPVertex(wf_dl_Cube_017_mesh_layer_1_vtx_1 + 0, 16, 0),
	gsSP1Triangle(0, 1, 2, 0),
	gsSP1Triangle(0, 2, 3, 0),
	gsSP1Triangle(4, 3, 2, 0),
	gsSP1Triangle(4, 2, 5, 0),
	gsSP1Triangle(6, 5, 2, 0),
	gsSP1Triangle(6, 2, 7, 0),
	gsSP1Triangle(6, 8, 5, 0),
	gsSP1Triangle(6, 9, 8, 0),
	gsSP1Triangle(6, 10, 9, 0),
	gsSP1Triangle(6, 11, 10, 0),
	gsSP1Triangle(6, 12, 11, 0),
	gsSP1Triangle(6, 13, 12, 0),
	gsSP1Triangle(14, 10, 11, 0),
	gsSP1Triangle(14, 15, 10, 0),
	gsSPVertex(wf_dl_Cube_017_mesh_layer_1_vtx_1 + 16, 14, 0),
	gsSP1Triangle(0, 1, 2, 0),
	gsSP1Triangle(0, 3, 1, 0),
	gsSP1Triangle(0, 4, 3, 0),
	gsSP1Triangle(0, 5, 4, 0),
	gsSP1Triangle(6, 4, 5, 0),
	gsSP1Triangle(6, 7, 4, 0),
	gsSP1Triangle(8, 9, 10, 0),
	gsSP1Triangle(8, 11, 9, 0),
	gsSP1Triangle(12, 9, 11, 0),
	gsSP1Triangle(12, 13, 9, 0),
	gsSPEndDisplayList(),
};

Vtx wf_dl_Cube_018_mesh_layer_1_vtx_0[184] = {
	{{{121, 2325, 1055},0, {1008, 496},{0xFF, 0xA3, 0x98, 0xFF}}},
	{{{359, 2221, 829},0, {2032, -16},{0xFF, 0x8A, 0x7B, 0xFF}}},
	{{{415, 2328, 901},0, {1008, -16},{0xFF, 0xA3, 0x98, 0xFF}}},
	{{{117, 2195, 905},0, {2032, 496},{0xFF, 0x8A, 0x7B, 0xFF}}},
	{{{-287, 2324, 1077},0, {1008, 1008},{0xFF, 0xA3, 0x98, 0xFF}}},
	{{{-287, 2190, 921},0, {2032, 1008},{0xFF, 0x8A, 0x7B, 0xFF}}},
	{{{-696, 2325, 1055},0, {1008, 1520},{0xFF, 0xA3, 0x98, 0xFF}}},
	{{{-691, 2195, 905},0, {2032, 1520},{0xFF, 0x8A, 0x7B, 0xFF}}},
	{{{-990, 2328, 901},0, {1008, 2032},{0xFF, 0xA3, 0x98, 0xFF}}},
	{{{-934, 2221, 829},0, {2032, 2032},{0xFF, 0x8A, 0x7B, 0xFF}}},
	{{{107, 2501, 1044},0, {-16, 496},{0xFF, 0xBC, 0xB4, 0xFF}}},
	{{{399, 2501, 889},0, {-16, -16},{0xFF, 0xBC, 0xB4, 0xFF}}},
	{{{-287, 2501, 1066},0, {-16, 1008},{0xFF, 0xBC, 0xB4, 0xFF}}},
	{{{-682, 2501, 1044},0, {-16, 1520},{0xFF, 0xBC, 0xB4, 0xFF}}},
	{{{-974, 2501, 889},0, {-16, 2032},{0xFF, 0xBC, 0xB4, 0xFF}}},
	{{{-1110, 2325, 524},0, {1008, 496},{0xFF, 0xA3, 0x98, 0xFF}}},
	{{{-934, 2221, 829},0, {2032, -16},{0xFF, 0x8A, 0x7B, 0xFF}}},
	{{{-990, 2328, 901},0, {1008, -16},{0xFF, 0xA3, 0x98, 0xFF}}},
	{{{-994, 2195, 518},0, {2032, 496},{0xFF, 0x8A, 0x7B, 0xFF}}},
	{{{-1127, 2324, 0},0, {1008, 1008},{0xFF, 0xA3, 0x98, 0xFF}}},
	{{{-1006, 2190, 0},0, {2032, 1008},{0xFF, 0x8A, 0x7B, 0xFF}}},
	{{{-1110, 2325, -524},0, {1008, 1520},{0xFF, 0xA3, 0x98, 0xFF}}},
	{{{-994, 2195, -518},0, {2032, 1520},{0xFF, 0x8A, 0x7B, 0xFF}}},
	{{{-990, 2328, -901},0, {1008, 2032},{0xFF, 0xA3, 0x98, 0xFF}}},
	{{{-934, 2221, -829},0, {2032, 2032},{0xFF, 0x8A, 0x7B, 0xFF}}},
	{{{-1094, 2501, 511},0, {-16, 496},{0xFF, 0xBC, 0xB4, 0xFF}}},
	{{{-974, 2501, 889},0, {-16, -16},{0xFF, 0xBC, 0xB4, 0xFF}}},
	{{{-1111, 2501, 0},0, {-16, 1008},{0xFF, 0xBC, 0xB4, 0xFF}}},
	{{{-1094, 2501, -511},0, {-16, 1520},{0xFF, 0xBC, 0xB4, 0xFF}}},
	{{{-974, 2501, -889},0, {-16, 2032},{0xFF, 0xBC, 0xB4, 0xFF}}},
	{{{535, 2325, -524},0, {1008, 496},{0xFF, 0xA3, 0x98, 0xFF}}},
	{{{359, 2221, -829},0, {2032, -16},{0xFF, 0x8A, 0x7B, 0xFF}}},
	{{{415, 2328, -901},0, {1008, -16},{0xFF, 0xA3, 0x98, 0xFF}}},
	{{{419, 2195, -518},0, {2032, 496},{0xFF, 0x8A, 0x7B, 0xFF}}},
	{{{552, 2324, 0},0, {1008, 1008},{0xFF, 0xA3, 0x98, 0xFF}}},
	{{{431, 2190, 0},0, {2032, 1008},{0xFF, 0x8A, 0x7B, 0xFF}}},
	{{{535, 2325, 524},0, {1008, 1520},{0xFF, 0xA3, 0x98, 0xFF}}},
	{{{419, 2195, 518},0, {2032, 1520},{0xFF, 0x8A, 0x7B, 0xFF}}},
	{{{415, 2328, 901},0, {1008, 2032},{0xFF, 0xA3, 0x98, 0xFF}}},
	{{{359, 2221, 829},0, {2032, 2032},{0xFF, 0x8A, 0x7B, 0xFF}}},
	{{{519, 2501, -511},0, {-16, 496},{0xFF, 0xBC, 0xB4, 0xFF}}},
	{{{399, 2501, -889},0, {-16, -16},{0xFF, 0xBC, 0xB4, 0xFF}}},
	{{{536, 2501, 0},0, {-16, 1008},{0xFF, 0xBC, 0xB4, 0xFF}}},
	{{{519, 2501, 511},0, {-16, 1520},{0xFF, 0xBC, 0xB4, 0xFF}}},
	{{{399, 2501, 889},0, {-16, 2032},{0xFF, 0xBC, 0xB4, 0xFF}}},
	{{{-696, 2325, -1055},0, {1008, 496},{0xFF, 0xA3, 0x98, 0xFF}}},
	{{{-934, 2221, -829},0, {2032, -16},{0xFF, 0x8A, 0x7B, 0xFF}}},
	{{{-990, 2328, -901},0, {1008, -16},{0xFF, 0xA3, 0x98, 0xFF}}},
	{{{-691, 2195, -905},0, {2032, 496},{0xFF, 0x8A, 0x7B, 0xFF}}},
	{{{-287, 2324, -1077},0, {1008, 1008},{0xFF, 0xA3, 0x98, 0xFF}}},
	{{{-287, 2190, -921},0, {2032, 1008},{0xFF, 0x8A, 0x7B, 0xFF}}},
	{{{121, 2325, -1055},0, {1008, 1520},{0xFF, 0xA3, 0x98, 0xFF}}},
	{{{117, 2195, -905},0, {2032, 1520},{0xFF, 0x8A, 0x7B, 0xFF}}},
	{{{415, 2328, -901},0, {1008, 2032},{0xFF, 0xA3, 0x98, 0xFF}}},
	{{{359, 2221, -829},0, {2032, 2032},{0xFF, 0x8A, 0x7B, 0xFF}}},
	{{{-682, 2501, -1044},0, {-16, 496},{0xFF, 0xBC, 0xB4, 0xFF}}},
	{{{-974, 2501, -889},0, {-16, -16},{0xFF, 0xBC, 0xB4, 0xFF}}},
	{{{-287, 2501, -1066},0, {-16, 1008},{0xFF, 0xBC, 0xB4, 0xFF}}},
	{{{107, 2501, -1044},0, {-16, 1520},{0xFF, 0xBC, 0xB4, 0xFF}}},
	{{{399, 2501, -889},0, {-16, 2032},{0xFF, 0xBC, 0xB4, 0xFF}}},
	{{{-904, 2856, -418},0, {1520, 2032},{0xFF, 0xA5, 0xF5, 0xFF}}},
	{{{-812, 2856, -727},0, {2032, 2032},{0xFF, 0xB3, 0xEC, 0xFF}}},
	{{{-905, 2680, -820},0, {2032, 1008},{0xFF, 0xB8, 0xD0, 0xFF}}},
	{{{-1013, 2680, -471},0, {1520, 1008},{0xFF, 0xB1, 0xD5, 0xFF}}},
	{{{-974, 2501, -889},0, {2032, -16},{0xFF, 0xBC, 0xB4, 0xFF}}},
	{{{-1094, 2501, -511},0, {1520, -16},{0xFF, 0xBC, 0xB4, 0xFF}}},
	{{{-1028, 2680, 0},0, {1008, 1008},{0xFF, 0xAA, 0xD9, 0xFF}}},
	{{{-1111, 2501, 0},0, {1008, -16},{0xFF, 0xBC, 0xB4, 0xFF}}},
	{{{-1013, 2680, 471},0, {496, 1008},{0xFF, 0xB1, 0xD4, 0xFF}}},
	{{{-1094, 2501, 511},0, {496, -16},{0xFF, 0xBC, 0xB4, 0xFF}}},
	{{{-905, 2680, 820},0, {-16, 1008},{0xFF, 0xB8, 0xCF, 0xFF}}},
	{{{-974, 2501, 889},0, {-16, -16},{0xFF, 0xBC, 0xB4, 0xFF}}},
	{{{-812, 2856, 727},0, {-16, 2032},{0xFF, 0xB3, 0xEA, 0xFF}}},
	{{{-904, 2856, 418},0, {496, 2032},{0xFF, 0xA5, 0xF4, 0xFF}}},
	{{{-917, 2856, 0},0, {1008, 2032},{0xFF, 0x97, 0xFE, 0xFF}}},
	{{{14, 2856, -854},0, {1520, 2032},{0xFF, 0xB2, 0xEC, 0xFF}}},
	{{{237, 2856, -727},0, {2032, 2032},{0xFF, 0xB3, 0xEB, 0xFF}}},
	{{{330, 2680, -820},0, {2032, 1008},{0xFF, 0xB8, 0xD0, 0xFF}}},
	{{{68, 2680, -963},0, {1520, 1008},{0xFF, 0xB7, 0xD0, 0xFF}}},
	{{{399, 2501, -889},0, {2032, -16},{0xFF, 0xBC, 0xB4, 0xFF}}},
	{{{107, 2501, -1044},0, {1520, -16},{0xFF, 0xBC, 0xB4, 0xFF}}},
	{{{-287, 2680, -984},0, {1008, 1008},{0xFF, 0xB6, 0xD1, 0xFF}}},
	{{{-287, 2501, -1066},0, {1008, -16},{0xFF, 0xBC, 0xB4, 0xFF}}},
	{{{-642, 2680, -963},0, {496, 1008},{0xFF, 0xB7, 0xD0, 0xFF}}},
	{{{-682, 2501, -1044},0, {496, -16},{0xFF, 0xBC, 0xB4, 0xFF}}},
	{{{-905, 2680, -820},0, {-16, 1008},{0xFF, 0xB8, 0xD0, 0xFF}}},
	{{{-974, 2501, -889},0, {-16, -16},{0xFF, 0xBC, 0xB4, 0xFF}}},
	{{{-812, 2856, -727},0, {-16, 2032},{0xFF, 0xB3, 0xEC, 0xFF}}},
	{{{-589, 2856, -854},0, {496, 2032},{0xFF, 0xB2, 0xED, 0xFF}}},
	{{{-287, 2856, -872},0, {1008, 2032},{0xFF, 0xB0, 0xED, 0xFF}}},
	{{{-589, 2856, 854},0, {1520, 2032},{0xFF, 0xB3, 0xEB, 0xFF}}},
	{{{-812, 2856, 727},0, {2032, 2032},{0xFF, 0xB3, 0xEA, 0xFF}}},
	{{{-905, 2680, 820},0, {2032, 1008},{0xFF, 0xB8, 0xCF, 0xFF}}},
	{{{-642, 2680, 963},0, {1520, 1008},{0xFF, 0xB7, 0xD0, 0xFF}}},
	{{{-974, 2501, 889},0, {2032, -16},{0xFF, 0xBC, 0xB4, 0xFF}}},
	{{{-682, 2501, 1044},0, {1520, -16},{0xFF, 0xBC, 0xB4, 0xFF}}},
	{{{-287, 2680, 984},0, {1008, 1008},{0xFF, 0xB7, 0xD0, 0xFF}}},
	{{{-287, 2501, 1066},0, {1008, -16},{0xFF, 0xBC, 0xB4, 0xFF}}},
	{{{68, 2680, 963},0, {496, 1008},{0xFF, 0xB7, 0xD0, 0xFF}}},
	{{{107, 2501, 1044},0, {496, -16},{0xFF, 0xBC, 0xB4, 0xFF}}},
	{{{330, 2680, 820},0, {-16, 1008},{0xFF, 0xB8, 0xCF, 0xFF}}},
	{{{399, 2501, 889},0, {-16, -16},{0xFF, 0xBC, 0xB4, 0xFF}}},
	{{{237, 2856, 727},0, {-16, 2032},{0xFF, 0xB3, 0xEA, 0xFF}}},
	{{{14, 2856, 854},0, {496, 2032},{0xFF, 0xB3, 0xEB, 0xFF}}},
	{{{-287, 2856, 872},0, {1008, 2032},{0xFF, 0xB2, 0xEC, 0xFF}}},
	{{{329, 2856, 418},0, {1520, 2032},{0xFF, 0xA6, 0xF4, 0xFF}}},
	{{{237, 2856, 727},0, {2032, 2032},{0xFF, 0xB3, 0xEA, 0xFF}}},
	{{{330, 2680, 820},0, {2032, 1008},{0xFF, 0xB8, 0xCF, 0xFF}}},
	{{{438, 2680, 471},0, {1520, 1008},{0xFF, 0xB1, 0xD4, 0xFF}}},
	{{{399, 2501, 889},0, {2032, -16},{0xFF, 0xBC, 0xB4, 0xFF}}},
	{{{519, 2501, 511},0, {1520, -16},{0xFF, 0xBC, 0xB4, 0xFF}}},
	{{{454, 2680, 0},0, {1008, 1008},{0xFF, 0xAA, 0xD9, 0xFF}}},
	{{{536, 2501, 0},0, {1008, -16},{0xFF, 0xBC, 0xB4, 0xFF}}},
	{{{438, 2680, -471},0, {496, 1008},{0xFF, 0xB1, 0xD4, 0xFF}}},
	{{{519, 2501, -511},0, {496, -16},{0xFF, 0xBC, 0xB4, 0xFF}}},
	{{{330, 2680, -820},0, {-16, 1008},{0xFF, 0xB8, 0xD0, 0xFF}}},
	{{{399, 2501, -889},0, {-16, -16},{0xFF, 0xBC, 0xB4, 0xFF}}},
	{{{237, 2856, -727},0, {-16, 2032},{0xFF, 0xB3, 0xEB, 0xFF}}},
	{{{329, 2856, -418},0, {496, 2032},{0xFF, 0xA6, 0xF4, 0xFF}}},
	{{{342, 2856, 0},0, {1008, 2032},{0xFF, 0x98, 0xFD, 0xFF}}},
	{{{-691, 2195, -905},0, {-16, 496},{0xFF, 0x8A, 0x7B, 0xFF}}},
	{{{-994, 2195, -518},0, {496, -16},{0xFF, 0x8A, 0x7B, 0xFF}}},
	{{{-934, 2221, -829},0, {-16, -16},{0xFF, 0x8A, 0x7B, 0xFF}}},
	{{{-698, 2142, -527},0, {496, 496},{0xFF, 0x8A, 0x7B, 0xFF}}},
	{{{-287, 2190, -921},0, {-16, 1008},{0xFF, 0x8A, 0x7B, 0xFF}}},
	{{{-287, 2134, -530},0, {496, 1008},{0xFF, 0x8A, 0x7B, 0xFF}}},
	{{{117, 2195, -905},0, {-16, 1520},{0xFF, 0x8A, 0x7B, 0xFF}}},
	{{{124, 2142, -527},0, {496, 1520},{0xFF, 0x8A, 0x7B, 0xFF}}},
	{{{359, 2221, -829},0, {-16, 2032},{0xFF, 0x8A, 0x7B, 0xFF}}},
	{{{419, 2195, -518},0, {496, 2032},{0xFF, 0x8A, 0x7B, 0xFF}}},
	{{{126, 2134, 0},0, {1008, 1520},{0xFF, 0x8A, 0x7B, 0xFF}}},
	{{{431, 2190, 0},0, {1008, 2032},{0xFF, 0x8A, 0x7B, 0xFF}}},
	{{{124, 2142, 527},0, {1520, 1520},{0xFF, 0x8A, 0x7B, 0xFF}}},
	{{{419, 2195, 518},0, {1520, 2032},{0xFF, 0x8A, 0x7B, 0xFF}}},
	{{{117, 2195, 905},0, {2032, 1520},{0xFF, 0x8A, 0x7B, 0xFF}}},
	{{{359, 2221, 829},0, {2032, 2032},{0xFF, 0x8A, 0x7B, 0xFF}}},
	{{{124, 2142, 527},0, {1520, 1520},{0xFF, 0x8A, 0x7B, 0xFF}}},
	{{{117, 2195, 905},0, {2032, 1520},{0xFF, 0x8A, 0x7B, 0xFF}}},
	{{{-287, 2190, 921},0, {2032, 1008},{0xFF, 0x8A, 0x7B, 0xFF}}},
	{{{-287, 2134, 530},0, {1520, 1008},{0xFF, 0x8A, 0x7B, 0xFF}}},
	{{{-691, 2195, 905},0, {2032, 496},{0xFF, 0x8A, 0x7B, 0xFF}}},
	{{{-698, 2142, 527},0, {1520, 496},{0xFF, 0x8A, 0x7B, 0xFF}}},
	{{{-934, 2221, 829},0, {2032, -16},{0xFF, 0x8A, 0x7B, 0xFF}}},
	{{{-994, 2195, 518},0, {1520, -16},{0xFF, 0x8A, 0x7B, 0xFF}}},
	{{{-700, 2134, 0},0, {1008, 496},{0xFF, 0x8A, 0x7B, 0xFF}}},
	{{{-1006, 2190, 0},0, {1008, -16},{0xFF, 0x8A, 0x7B, 0xFF}}},
	{{{-698, 2142, -527},0, {496, 496},{0xFF, 0x8A, 0x7B, 0xFF}}},
	{{{-994, 2195, -518},0, {496, -16},{0xFF, 0x8A, 0x7B, 0xFF}}},
	{{{-287, 2134, -530},0, {496, 1008},{0xFF, 0x8A, 0x7B, 0xFF}}},
	{{{-287, 2126, 0},0, {1008, 1008},{0xFF, 0x8A, 0x7B, 0xFF}}},
	{{{124, 2142, -527},0, {496, 1520},{0xFF, 0x8A, 0x7B, 0xFF}}},
	{{{126, 2134, 0},0, {1008, 1520},{0xFF, 0x8A, 0x7B, 0xFF}}},
	{{{-589, 2856, -854},0, {1520, 2032},{0xFF, 0xB2, 0xED, 0xFF}}},
	{{{-812, 2856, -727},0, {2032, 2032},{0xFF, 0xB3, 0xEC, 0xFF}}},
	{{{-904, 2856, -418},0, {2032, 1520},{0xFF, 0xA5, 0xF5, 0xFF}}},
	{{{-600, 2856, -433},0, {1520, 1520},{0xFF, 0x9B, 0xF3, 0xFF}}},
	{{{-917, 2856, 0},0, {2032, 1008},{0xFF, 0x97, 0xFE, 0xFF}}},
	{{{-602, 2856, 0},0, {1520, 1008},{0xFF, 0x85, 0xF9, 0xFF}}},
	{{{-904, 2856, 418},0, {2032, 496},{0xFF, 0xA5, 0xF4, 0xFF}}},
	{{{-600, 2856, 433},0, {1520, 496},{0xFF, 0x9C, 0xF2, 0xFF}}},
	{{{-812, 2856, 727},0, {2032, -16},{0xFF, 0xB3, 0xEA, 0xFF}}},
	{{{-589, 2856, 854},0, {1520, -16},{0xFF, 0xB3, 0xEB, 0xFF}}},
	{{{-287, 2856, 436},0, {1008, 496},{0xFF, 0x92, 0xF0, 0xFF}}},
	{{{-287, 2856, 872},0, {1008, -16},{0xFF, 0xB2, 0xEC, 0xFF}}},
	{{{25, 2856, 433},0, {496, 496},{0xFF, 0x9C, 0xF2, 0xFF}}},
	{{{14, 2856, 854},0, {496, -16},{0xFF, 0xB3, 0xEB, 0xFF}}},
	{{{329, 2856, 418},0, {-16, 496},{0xFF, 0xA6, 0xF4, 0xFF}}},
	{{{237, 2856, 727},0, {-16, -16},{0xFF, 0xB3, 0xEA, 0xFF}}},
	{{{342, 2856, 0},0, {-16, 1008},{0xFF, 0x98, 0xFD, 0xFF}}},
	{{{25, 2856, 433},0, {496, 496},{0xFF, 0x9C, 0xF2, 0xFF}}},
	{{{329, 2856, 418},0, {-16, 496},{0xFF, 0xA6, 0xF4, 0xFF}}},
	{{{27, 2856, 0},0, {496, 1008},{0xFF, 0x85, 0xF8, 0xFF}}},
	{{{329, 2856, -418},0, {-16, 1520},{0xFF, 0xA6, 0xF4, 0xFF}}},
	{{{25, 2856, -433},0, {496, 1520},{0xFF, 0x9B, 0xF2, 0xFF}}},
	{{{237, 2856, -727},0, {-16, 2032},{0xFF, 0xB3, 0xEB, 0xFF}}},
	{{{14, 2856, -854},0, {496, 2032},{0xFF, 0xB2, 0xEC, 0xFF}}},
	{{{-287, 2856, -436},0, {1008, 1520},{0xFF, 0x91, 0xF0, 0xFF}}},
	{{{-287, 2856, -872},0, {1008, 2032},{0xFF, 0xB0, 0xED, 0xFF}}},
	{{{-600, 2856, -433},0, {1520, 1520},{0xFF, 0x9B, 0xF3, 0xFF}}},
	{{{-589, 2856, -854},0, {1520, 2032},{0xFF, 0xB2, 0xED, 0xFF}}},
	{{{-602, 2856, 0},0, {1520, 1008},{0xFF, 0x85, 0xF9, 0xFF}}},
	{{{-287, 2856, 0},0, {1008, 1008},{0xFF, 0x72, 0xF3, 0xFF}}},
	{{{-600, 2856, 433},0, {1520, 496},{0xFF, 0x9C, 0xF2, 0xFF}}},
	{{{-287, 2856, 436},0, {1008, 496},{0xFF, 0x92, 0xF0, 0xFF}}},
};

Gfx wf_dl_Cube_018_mesh_layer_1_tri_0[] = {
	gsSPVertex(wf_dl_Cube_018_mesh_layer_1_vtx_0 + 0, 15, 0),
	gsSP1Triangle(0, 1, 2, 0),
	gsSP1Triangle(0, 3, 1, 0),
	gsSP1Triangle(4, 3, 0, 0),
	gsSP1Triangle(4, 5, 3, 0),
	gsSP1Triangle(6, 5, 4, 0),
	gsSP1Triangle(6, 7, 5, 0),
	gsSP1Triangle(8, 7, 6, 0),
	gsSP1Triangle(8, 9, 7, 0),
	gsSP1Triangle(10, 2, 11, 0),
	gsSP1Triangle(10, 0, 2, 0),
	gsSP1Triangle(12, 0, 10, 0),
	gsSP1Triangle(12, 4, 0, 0),
	gsSP1Triangle(13, 4, 12, 0),
	gsSP1Triangle(13, 6, 4, 0),
	gsSP1Triangle(14, 6, 13, 0),
	gsSP1Triangle(14, 8, 6, 0),
	gsSPVertex(wf_dl_Cube_018_mesh_layer_1_vtx_0 + 15, 15, 0),
	gsSP1Triangle(0, 1, 2, 0),
	gsSP1Triangle(0, 3, 1, 0),
	gsSP1Triangle(4, 3, 0, 0),
	gsSP1Triangle(4, 5, 3, 0),
	gsSP1Triangle(6, 5, 4, 0),
	gsSP1Triangle(6, 7, 5, 0),
	gsSP1Triangle(8, 7, 6, 0),
	gsSP1Triangle(8, 9, 7, 0),
	gsSP1Triangle(10, 2, 11, 0),
	gsSP1Triangle(10, 0, 2, 0),
	gsSP1Triangle(12, 0, 10, 0),
	gsSP1Triangle(12, 4, 0, 0),
	gsSP1Triangle(13, 4, 12, 0),
	gsSP1Triangle(13, 6, 4, 0),
	gsSP1Triangle(14, 6, 13, 0),
	gsSP1Triangle(14, 8, 6, 0),
	gsSPVertex(wf_dl_Cube_018_mesh_layer_1_vtx_0 + 30, 15, 0),
	gsSP1Triangle(0, 1, 2, 0),
	gsSP1Triangle(0, 3, 1, 0),
	gsSP1Triangle(4, 3, 0, 0),
	gsSP1Triangle(4, 5, 3, 0),
	gsSP1Triangle(6, 5, 4, 0),
	gsSP1Triangle(6, 7, 5, 0),
	gsSP1Triangle(8, 7, 6, 0),
	gsSP1Triangle(8, 9, 7, 0),
	gsSP1Triangle(10, 2, 11, 0),
	gsSP1Triangle(10, 0, 2, 0),
	gsSP1Triangle(12, 0, 10, 0),
	gsSP1Triangle(12, 4, 0, 0),
	gsSP1Triangle(13, 4, 12, 0),
	gsSP1Triangle(13, 6, 4, 0),
	gsSP1Triangle(14, 6, 13, 0),
	gsSP1Triangle(14, 8, 6, 0),
	gsSPVertex(wf_dl_Cube_018_mesh_layer_1_vtx_0 + 45, 15, 0),
	gsSP1Triangle(0, 1, 2, 0),
	gsSP1Triangle(0, 3, 1, 0),
	gsSP1Triangle(4, 3, 0, 0),
	gsSP1Triangle(4, 5, 3, 0),
	gsSP1Triangle(6, 5, 4, 0),
	gsSP1Triangle(6, 7, 5, 0),
	gsSP1Triangle(8, 7, 6, 0),
	gsSP1Triangle(8, 9, 7, 0),
	gsSP1Triangle(10, 2, 11, 0),
	gsSP1Triangle(10, 0, 2, 0),
	gsSP1Triangle(12, 0, 10, 0),
	gsSP1Triangle(12, 4, 0, 0),
	gsSP1Triangle(13, 4, 12, 0),
	gsSP1Triangle(13, 6, 4, 0),
	gsSP1Triangle(14, 6, 13, 0),
	gsSP1Triangle(14, 8, 6, 0),
	gsSPVertex(wf_dl_Cube_018_mesh_layer_1_vtx_0 + 60, 15, 0),
	gsSP1Triangle(0, 1, 2, 0),
	gsSP1Triangle(0, 2, 3, 0),
	gsSP1Triangle(3, 2, 4, 0),
	gsSP1Triangle(3, 4, 5, 0),
	gsSP1Triangle(6, 3, 5, 0),
	gsSP1Triangle(6, 5, 7, 0),
	gsSP1Triangle(8, 6, 7, 0),
	gsSP1Triangle(8, 7, 9, 0),
	gsSP1Triangle(10, 8, 9, 0),
	gsSP1Triangle(10, 9, 11, 0),
	gsSP1Triangle(12, 8, 10, 0),
	gsSP1Triangle(12, 13, 8, 0),
	gsSP1Triangle(13, 6, 8, 0),
	gsSP1Triangle(13, 14, 6, 0),
	gsSP1Triangle(14, 3, 6, 0),
	gsSP1Triangle(14, 0, 3, 0),
	gsSPVertex(wf_dl_Cube_018_mesh_layer_1_vtx_0 + 75, 15, 0),
	gsSP1Triangle(0, 1, 2, 0),
	gsSP1Triangle(0, 2, 3, 0),
	gsSP1Triangle(3, 2, 4, 0),
	gsSP1Triangle(3, 4, 5, 0),
	gsSP1Triangle(6, 3, 5, 0),
	gsSP1Triangle(6, 5, 7, 0),
	gsSP1Triangle(8, 6, 7, 0),
	gsSP1Triangle(8, 7, 9, 0),
	gsSP1Triangle(10, 8, 9, 0),
	gsSP1Triangle(10, 9, 11, 0),
	gsSP1Triangle(12, 8, 10, 0),
	gsSP1Triangle(12, 13, 8, 0),
	gsSP1Triangle(13, 6, 8, 0),
	gsSP1Triangle(13, 14, 6, 0),
	gsSP1Triangle(14, 3, 6, 0),
	gsSP1Triangle(14, 0, 3, 0),
	gsSPVertex(wf_dl_Cube_018_mesh_layer_1_vtx_0 + 90, 15, 0),
	gsSP1Triangle(0, 1, 2, 0),
	gsSP1Triangle(0, 2, 3, 0),
	gsSP1Triangle(3, 2, 4, 0),
	gsSP1Triangle(3, 4, 5, 0),
	gsSP1Triangle(6, 3, 5, 0),
	gsSP1Triangle(6, 5, 7, 0),
	gsSP1Triangle(8, 6, 7, 0),
	gsSP1Triangle(8, 7, 9, 0),
	gsSP1Triangle(10, 8, 9, 0),
	gsSP1Triangle(10, 9, 11, 0),
	gsSP1Triangle(12, 8, 10, 0),
	gsSP1Triangle(12, 13, 8, 0),
	gsSP1Triangle(13, 6, 8, 0),
	gsSP1Triangle(13, 14, 6, 0),
	gsSP1Triangle(14, 3, 6, 0),
	gsSP1Triangle(14, 0, 3, 0),
	gsSPVertex(wf_dl_Cube_018_mesh_layer_1_vtx_0 + 105, 15, 0),
	gsSP1Triangle(0, 1, 2, 0),
	gsSP1Triangle(0, 2, 3, 0),
	gsSP1Triangle(3, 2, 4, 0),
	gsSP1Triangle(3, 4, 5, 0),
	gsSP1Triangle(6, 3, 5, 0),
	gsSP1Triangle(6, 5, 7, 0),
	gsSP1Triangle(8, 6, 7, 0),
	gsSP1Triangle(8, 7, 9, 0),
	gsSP1Triangle(10, 8, 9, 0),
	gsSP1Triangle(10, 9, 11, 0),
	gsSP1Triangle(12, 8, 10, 0),
	gsSP1Triangle(12, 13, 8, 0),
	gsSP1Triangle(13, 6, 8, 0),
	gsSP1Triangle(13, 14, 6, 0),
	gsSP1Triangle(14, 3, 6, 0),
	gsSP1Triangle(14, 0, 3, 0),
	gsSPVertex(wf_dl_Cube_018_mesh_layer_1_vtx_0 + 120, 16, 0),
	gsSP1Triangle(0, 1, 2, 0),
	gsSP1Triangle(0, 3, 1, 0),
	gsSP1Triangle(4, 3, 0, 0),
	gsSP1Triangle(4, 5, 3, 0),
	gsSP1Triangle(6, 5, 4, 0),
	gsSP1Triangle(6, 7, 5, 0),
	gsSP1Triangle(8, 7, 6, 0),
	gsSP1Triangle(8, 9, 7, 0),
	gsSP1Triangle(9, 10, 7, 0),
	gsSP1Triangle(9, 11, 10, 0),
	gsSP1Triangle(11, 12, 10, 0),
	gsSP1Triangle(11, 13, 12, 0),
	gsSP1Triangle(13, 14, 12, 0),
	gsSP1Triangle(13, 15, 14, 0),
	gsSPVertex(wf_dl_Cube_018_mesh_layer_1_vtx_0 + 136, 16, 0),
	gsSP1Triangle(0, 1, 2, 0),
	gsSP1Triangle(0, 2, 3, 0),
	gsSP1Triangle(3, 2, 4, 0),
	gsSP1Triangle(3, 4, 5, 0),
	gsSP1Triangle(5, 4, 6, 0),
	gsSP1Triangle(5, 6, 7, 0),
	gsSP1Triangle(8, 5, 7, 0),
	gsSP1Triangle(8, 7, 9, 0),
	gsSP1Triangle(10, 8, 9, 0),
	gsSP1Triangle(10, 9, 11, 0),
	gsSP1Triangle(12, 8, 10, 0),
	gsSP1Triangle(12, 13, 8, 0),
	gsSP1Triangle(14, 13, 12, 0),
	gsSP1Triangle(14, 15, 13, 0),
	gsSP1Triangle(15, 3, 13, 0),
	gsSP1Triangle(15, 0, 3, 0),
	gsSP1Triangle(13, 3, 5, 0),
	gsSP1Triangle(13, 5, 8, 0),
	gsSPVertex(wf_dl_Cube_018_mesh_layer_1_vtx_0 + 152, 16, 0),
	gsSP1Triangle(0, 1, 2, 0),
	gsSP1Triangle(0, 2, 3, 0),
	gsSP1Triangle(3, 2, 4, 0),
	gsSP1Triangle(3, 4, 5, 0),
	gsSP1Triangle(5, 4, 6, 0),
	gsSP1Triangle(5, 6, 7, 0),
	gsSP1Triangle(7, 6, 8, 0),
	gsSP1Triangle(7, 8, 9, 0),
	gsSP1Triangle(10, 7, 9, 0),
	gsSP1Triangle(10, 9, 11, 0),
	gsSP1Triangle(12, 10, 11, 0),
	gsSP1Triangle(12, 11, 13, 0),
	gsSP1Triangle(14, 12, 13, 0),
	gsSP1Triangle(14, 13, 15, 0),
	gsSPVertex(wf_dl_Cube_018_mesh_layer_1_vtx_0 + 168, 16, 0),
	gsSP1Triangle(0, 1, 2, 0),
	gsSP1Triangle(0, 3, 1, 0),
	gsSP1Triangle(4, 3, 0, 0),
	gsSP1Triangle(4, 5, 3, 0),
	gsSP1Triangle(6, 5, 4, 0),
	gsSP1Triangle(6, 7, 5, 0),
	gsSP1Triangle(7, 8, 5, 0),
	gsSP1Triangle(7, 9, 8, 0),
	gsSP1Triangle(9, 10, 8, 0),
	gsSP1Triangle(9, 11, 10, 0),
	gsSP1Triangle(8, 10, 12, 0),
	gsSP1Triangle(8, 12, 13, 0),
	gsSP1Triangle(13, 12, 14, 0),
	gsSP1Triangle(13, 14, 15, 0),
	gsSP1Triangle(3, 13, 15, 0),
	gsSP1Triangle(3, 15, 1, 0),
	gsSP1Triangle(5, 13, 3, 0),
	gsSP1Triangle(5, 8, 13, 0),
	gsSPEndDisplayList(),
};

Vtx wf_dl_Cylinder_mesh_layer_5_vtx_0[294] = {
	{{{0, 12270, -17932},0, {7151, -2272},{0x0, 0x0, 0x7F, 0x1D}}},
	{{{7457, 13600, -16548},0, {6383, -2572},{0xD3, 0x0, 0x77, 0x0}}},
	{{{0, 13600, -17932},0, {7151, -2572},{0x0, 0x0, 0x7F, 0x0}}},
	{{{7457, 12270, -16548},0, {6383, -2272},{0xD3, 0x0, 0x77, 0x1D}}},
	{{{0, 9865, -17932},0, {7151, -1729},{0x0, 0x0, 0x7F, 0x5C}}},
	{{{7457, 9865, -16548},0, {6383, -1729},{0xD3, 0x0, 0x77, 0x5C}}},
	{{{0, 5670, -17932},0, {7151, -781},{0x0, 0x0, 0x7F, 0x6E}}},
	{{{7457, 5670, -16548},0, {6383, -781},{0xD3, 0x0, 0x77, 0x6E}}},
	{{{0, 401, -17932},0, {7151, 409},{0x0, 0x0, 0x7F, 0xFF}}},
	{{{7457, 401, -16548},0, {6383, 409},{0xD3, 0x0, 0x77, 0xFF}}},
	{{{0, -4885, -17932},0, {7151, 1602},{0x0, 0x0, 0x7F, 0x6E}}},
	{{{7457, -4885, -16548},0, {6383, 1602},{0xD3, 0x0, 0x77, 0x6E}}},
	{{{0, -9197, -17932},0, {7151, 2576},{0x0, 0x0, 0x7F, 0x5C}}},
	{{{7457, -9197, -16548},0, {6383, 2576},{0xD3, 0x0, 0x77, 0x5C}}},
	{{{0, -11885, -17932},0, {7151, 3183},{0x0, 0x0, 0x7F, 0x1D}}},
	{{{7457, -11885, -16548},0, {6383, 3183},{0xD3, 0x0, 0x77, 0x1D}}},
	{{{0, -13600, -17932},0, {7151, 3570},{0x0, 0x0, 0x7F, 0x0}}},
	{{{7457, -11885, -16548},0, {6383, 3183},{0xD3, 0x0, 0x77, 0x1D}}},
	{{{0, -11885, -17932},0, {7151, 3183},{0x0, 0x0, 0x7F, 0x1D}}},
	{{{7457, -13600, -16548},0, {6383, 3570},{0xD3, 0x0, 0x77, 0x0}}},
	{{{13794, -11885, -12680},0, {5615, 3183},{0xAA, 0x0, 0x5D, 0x1D}}},
	{{{13794, -13600, -12680},0, {5615, 3570},{0xAA, 0x0, 0x5D, 0x0}}},
	{{{18002, -11885, -6854},0, {4847, 3183},{0x8C, 0x0, 0x34, 0x1D}}},
	{{{18002, -13600, -6854},0, {4847, 3570},{0x8C, 0x0, 0x34, 0x0}}},
	{{{19507, -11885, 0},0, {4079, 3183},{0x81, 0x0, 0x0, 0x1D}}},
	{{{19507, -13600, 0},0, {4079, 3570},{0x81, 0x0, 0x0, 0x0}}},
	{{{18002, -11885, 6854},0, {3311, 3183},{0x8C, 0x0, 0xCC, 0x1D}}},
	{{{18002, -13600, 6854},0, {3311, 3570},{0x8C, 0x0, 0xCC, 0x0}}},
	{{{13794, -11885, 12680},0, {2544, 3183},{0xAA, 0x0, 0xA3, 0x1D}}},
	{{{13794, -13600, 12680},0, {2544, 3570},{0xAA, 0x0, 0xA3, 0x0}}},
	{{{7457, -11885, 16548},0, {1776, 3183},{0xD3, 0x0, 0x89, 0x1D}}},
	{{{7457, -13600, 16548},0, {1776, 3570},{0xD3, 0x0, 0x89, 0x0}}},
	{{{7457, -13600, 16548},0, {1776, 3570},{0xD3, 0x0, 0x89, 0x0}}},
	{{{0, -11885, 17932},0, {1008, 3183},{0x0, 0x0, 0x81, 0x1D}}},
	{{{7457, -11885, 16548},0, {1776, 3183},{0xD3, 0x0, 0x89, 0x1D}}},
	{{{0, -13600, 17932},0, {1008, 3570},{0x0, 0x0, 0x81, 0x0}}},
	{{{-7457, -11885, 16548},0, {240, 3183},{0x2D, 0x0, 0x89, 0x1D}}},
	{{{-7457, -13600, 16548},0, {240, 3570},{0x2D, 0x0, 0x89, 0x0}}},
	{{{-13794, -11885, 12680},0, {-528, 3183},{0x56, 0x0, 0xA3, 0x1D}}},
	{{{-13794, -13600, 12680},0, {-528, 3570},{0x56, 0x0, 0xA3, 0x0}}},
	{{{-18002, -11885, 6854},0, {-1295, 3183},{0x74, 0x0, 0xCC, 0x1D}}},
	{{{-18002, -13600, 6854},0, {-1295, 3570},{0x74, 0x0, 0xCC, 0x0}}},
	{{{-19507, -11885, 0},0, {-2063, 3183},{0x7F, 0x0, 0x0, 0x1D}}},
	{{{-19507, -13600, 0},0, {-2063, 3570},{0x7F, 0x0, 0x0, 0x0}}},
	{{{-18002, -11885, -6854},0, {-2831, 3183},{0x74, 0x0, 0x34, 0x1D}}},
	{{{-18002, -13600, -6854},0, {-2831, 3570},{0x74, 0x0, 0x34, 0x0}}},
	{{{-13794, -11885, -12680},0, {-3599, 3183},{0x56, 0x0, 0x5D, 0x1D}}},
	{{{-13794, -13600, -12680},0, {-3599, 3570},{0x56, 0x0, 0x5D, 0x0}}},
	{{{-13794, -13600, -12680},0, {-3599, 3570},{0x56, 0x0, 0x5D, 0x0}}},
	{{{-7457, -11885, -16548},0, {-4367, 3183},{0x2D, 0x0, 0x77, 0x1D}}},
	{{{-13794, -11885, -12680},0, {-3599, 3183},{0x56, 0x0, 0x5D, 0x1D}}},
	{{{-7457, -13600, -16548},0, {-4367, 3570},{0x2D, 0x0, 0x77, 0x0}}},
	{{{0, -11885, -17932},0, {-5135, 3183},{0x0, 0x0, 0x7F, 0x1D}}},
	{{{0, -13600, -17932},0, {-5135, 3570},{0x0, 0x0, 0x7F, 0x0}}},
	{{{0, -9197, -17932},0, {-5135, 2576},{0x0, 0x0, 0x7F, 0x5C}}},
	{{{-7457, -9197, -16548},0, {-4367, 2576},{0x2D, 0x0, 0x77, 0x5C}}},
	{{{0, -4885, -17932},0, {-5135, 1602},{0x0, 0x0, 0x7F, 0x6E}}},
	{{{-7457, -4885, -16548},0, {-4367, 1602},{0x2D, 0x0, 0x77, 0x6E}}},
	{{{0, 401, -17932},0, {-5135, 409},{0x0, 0x0, 0x7F, 0xFF}}},
	{{{-7457, 401, -16548},0, {-4367, 409},{0x2D, 0x0, 0x77, 0xFF}}},
	{{{0, 5670, -17932},0, {-5135, -781},{0x0, 0x0, 0x7F, 0x6E}}},
	{{{-7457, 5670, -16548},0, {-4367, -781},{0x2D, 0x0, 0x77, 0x6E}}},
	{{{0, 9865, -17932},0, {-5135, -1729},{0x0, 0x0, 0x7F, 0x5C}}},
	{{{-7457, 9865, -16548},0, {-4367, -1729},{0x2D, 0x0, 0x77, 0x5C}}},
	{{{-7457, 9865, -16548},0, {-4367, -1729},{0x2D, 0x0, 0x77, 0x5C}}},
	{{{0, 9865, -17932},0, {-5135, -1729},{0x0, 0x0, 0x7F, 0x5C}}},
	{{{0, 12270, -17932},0, {-5135, -2272},{0x0, 0x0, 0x7F, 0x1D}}},
	{{{-7457, 12270, -16548},0, {-4367, -2272},{0x2D, 0x0, 0x77, 0x1D}}},
	{{{0, 13600, -17932},0, {-5135, -2572},{0x0, 0x0, 0x7F, 0x0}}},
	{{{-7457, 13600, -16548},0, {-4367, -2572},{0x2D, 0x0, 0x77, 0x0}}},
	{{{-13794, 12270, -12680},0, {-3599, -2272},{0x56, 0x0, 0x5D, 0x1D}}},
	{{{-13794, 13600, -12680},0, {-3599, -2572},{0x56, 0x0, 0x5D, 0x0}}},
	{{{-18002, 12270, -6854},0, {-2831, -2272},{0x74, 0x0, 0x34, 0x1D}}},
	{{{-18002, 13600, -6854},0, {-2831, -2572},{0x74, 0x0, 0x34, 0x0}}},
	{{{-19507, 12270, 0},0, {-2063, -2272},{0x7F, 0x0, 0x0, 0x1D}}},
	{{{-19507, 13600, 0},0, {-2063, -2572},{0x7F, 0x0, 0x0, 0x0}}},
	{{{-18002, 12270, 6854},0, {-1295, -2272},{0x74, 0x0, 0xCC, 0x1D}}},
	{{{-18002, 13600, 6854},0, {-1295, -2572},{0x74, 0x0, 0xCC, 0x0}}},
	{{{-13794, 12270, 12680},0, {-528, -2272},{0x56, 0x0, 0xA3, 0x1D}}},
	{{{-13794, 13600, 12680},0, {-528, -2572},{0x56, 0x0, 0xA3, 0x0}}},
	{{{-7457, 12270, 16548},0, {240, -2272},{0x2D, 0x0, 0x89, 0x1D}}},
	{{{-13794, 12270, 12680},0, {-528, -2272},{0x56, 0x0, 0xA3, 0x1D}}},
	{{{-13794, 13600, 12680},0, {-528, -2572},{0x56, 0x0, 0xA3, 0x0}}},
	{{{-7457, 13600, 16548},0, {240, -2572},{0x2D, 0x0, 0x89, 0x0}}},
	{{{0, 12270, 17932},0, {1008, -2272},{0x0, 0x0, 0x81, 0x1D}}},
	{{{0, 13600, 17932},0, {1008, -2572},{0x0, 0x0, 0x81, 0x0}}},
	{{{7457, 12270, 16548},0, {1776, -2272},{0xD3, 0x0, 0x89, 0x1D}}},
	{{{7457, 13600, 16548},0, {1776, -2572},{0xD3, 0x0, 0x89, 0x0}}},
	{{{13794, 12270, 12680},0, {2544, -2272},{0xAA, 0x0, 0xA3, 0x1D}}},
	{{{13794, 13600, 12680},0, {2544, -2572},{0xAA, 0x0, 0xA3, 0x0}}},
	{{{18002, 12270, 6854},0, {3311, -2272},{0x8C, 0x0, 0xCC, 0x1D}}},
	{{{18002, 13600, 6854},0, {3311, -2572},{0x8C, 0x0, 0xCC, 0x0}}},
	{{{19507, 12270, 0},0, {4079, -2272},{0x81, 0x0, 0x0, 0x1D}}},
	{{{19507, 13600, 0},0, {4079, -2572},{0x81, 0x0, 0x0, 0x0}}},
	{{{18002, 12270, -6854},0, {4847, -2272},{0x8C, 0x0, 0x34, 0x1D}}},
	{{{18002, 13600, -6854},0, {4847, -2572},{0x8C, 0x0, 0x34, 0x0}}},
	{{{13794, 12270, -12680},0, {5615, -2272},{0xAA, 0x0, 0x5D, 0x1D}}},
	{{{18002, 12270, -6854},0, {4847, -2272},{0x8C, 0x0, 0x34, 0x1D}}},
	{{{18002, 13600, -6854},0, {4847, -2572},{0x8C, 0x0, 0x34, 0x0}}},
	{{{13794, 13600, -12680},0, {5615, -2572},{0xAA, 0x0, 0x5D, 0x0}}},
	{{{7457, 12270, -16548},0, {6383, -2272},{0xD3, 0x0, 0x77, 0x1D}}},
	{{{7457, 13600, -16548},0, {6383, -2572},{0xD3, 0x0, 0x77, 0x0}}},
	{{{7457, 9865, -16548},0, {6383, -1729},{0xD3, 0x0, 0x77, 0x5C}}},
	{{{13794, 9865, -12680},0, {5615, -1729},{0xAA, 0x0, 0x5D, 0x5C}}},
	{{{7457, 5670, -16548},0, {6383, -781},{0xD3, 0x0, 0x77, 0x6E}}},
	{{{13794, 5670, -12680},0, {5615, -781},{0xAA, 0x0, 0x5D, 0x6E}}},
	{{{7457, 401, -16548},0, {6383, 409},{0xD3, 0x0, 0x77, 0xFF}}},
	{{{13794, 401, -12680},0, {5615, 409},{0xAA, 0x0, 0x5D, 0xFF}}},
	{{{7457, -4885, -16548},0, {6383, 1602},{0xD3, 0x0, 0x77, 0x6E}}},
	{{{13794, -4885, -12680},0, {5615, 1602},{0xAA, 0x0, 0x5D, 0x6E}}},
	{{{7457, -9197, -16548},0, {6383, 2576},{0xD3, 0x0, 0x77, 0x5C}}},
	{{{13794, -9197, -12680},0, {5615, 2576},{0xAA, 0x0, 0x5D, 0x5C}}},
	{{{7457, -11885, -16548},0, {6383, 3183},{0xD3, 0x0, 0x77, 0x1D}}},
	{{{13794, -9197, -12680},0, {5615, 2576},{0xAA, 0x0, 0x5D, 0x5C}}},
	{{{7457, -9197, -16548},0, {6383, 2576},{0xD3, 0x0, 0x77, 0x5C}}},
	{{{13794, -11885, -12680},0, {5615, 3183},{0xAA, 0x0, 0x5D, 0x1D}}},
	{{{18002, -9197, -6854},0, {4847, 2576},{0x8C, 0x0, 0x34, 0x5C}}},
	{{{18002, -11885, -6854},0, {4847, 3183},{0x8C, 0x0, 0x34, 0x1D}}},
	{{{19507, -9197, 0},0, {4079, 2576},{0x81, 0x0, 0x0, 0x5C}}},
	{{{19507, -11885, 0},0, {4079, 3183},{0x81, 0x0, 0x0, 0x1D}}},
	{{{18002, -9197, 6854},0, {3311, 2576},{0x8C, 0x0, 0xCC, 0x5C}}},
	{{{18002, -11885, 6854},0, {3311, 3183},{0x8C, 0x0, 0xCC, 0x1D}}},
	{{{13794, -9197, 12680},0, {2544, 2576},{0xAA, 0x0, 0xA3, 0x5C}}},
	{{{13794, -11885, 12680},0, {2544, 3183},{0xAA, 0x0, 0xA3, 0x1D}}},
	{{{7457, -9197, 16548},0, {1776, 2576},{0xD3, 0x0, 0x89, 0x5C}}},
	{{{7457, -11885, 16548},0, {1776, 3183},{0xD3, 0x0, 0x89, 0x1D}}},
	{{{0, -9197, 17932},0, {1008, 2576},{0x0, 0x0, 0x81, 0x5C}}},
	{{{0, -11885, 17932},0, {1008, 3183},{0x0, 0x0, 0x81, 0x1D}}},
	{{{0, -11885, 17932},0, {1008, 3183},{0x0, 0x0, 0x81, 0x1D}}},
	{{{-7457, -9197, 16548},0, {240, 2576},{0x2D, 0x0, 0x89, 0x5C}}},
	{{{0, -9197, 17932},0, {1008, 2576},{0x0, 0x0, 0x81, 0x5C}}},
	{{{-7457, -11885, 16548},0, {240, 3183},{0x2D, 0x0, 0x89, 0x1D}}},
	{{{-13794, -9197, 12680},0, {-528, 2576},{0x56, 0x0, 0xA3, 0x5C}}},
	{{{-13794, -11885, 12680},0, {-528, 3183},{0x56, 0x0, 0xA3, 0x1D}}},
	{{{-18002, -9197, 6854},0, {-1295, 2576},{0x74, 0x0, 0xCC, 0x5C}}},
	{{{-18002, -11885, 6854},0, {-1295, 3183},{0x74, 0x0, 0xCC, 0x1D}}},
	{{{-19507, -9197, 0},0, {-2063, 2576},{0x7F, 0x0, 0x0, 0x5C}}},
	{{{-19507, -11885, 0},0, {-2063, 3183},{0x7F, 0x0, 0x0, 0x1D}}},
	{{{-18002, -9197, -6854},0, {-2831, 2576},{0x74, 0x0, 0x34, 0x5C}}},
	{{{-18002, -11885, -6854},0, {-2831, 3183},{0x74, 0x0, 0x34, 0x1D}}},
	{{{-13794, -9197, -12680},0, {-3599, 2576},{0x56, 0x0, 0x5D, 0x5C}}},
	{{{-13794, -11885, -12680},0, {-3599, 3183},{0x56, 0x0, 0x5D, 0x1D}}},
	{{{-7457, -9197, -16548},0, {-4367, 2576},{0x2D, 0x0, 0x77, 0x5C}}},
	{{{-7457, -11885, -16548},0, {-4367, 3183},{0x2D, 0x0, 0x77, 0x1D}}},
	{{{-13794, -9197, -12680},0, {-3599, 2576},{0x56, 0x0, 0x5D, 0x5C}}},
	{{{-7457, -9197, -16548},0, {-4367, 2576},{0x2D, 0x0, 0x77, 0x5C}}},
	{{{-7457, -4885, -16548},0, {-4367, 1602},{0x2D, 0x0, 0x77, 0x6E}}},
	{{{-13794, -4885, -12680},0, {-3599, 1602},{0x56, 0x0, 0x5D, 0x6E}}},
	{{{-7457, 401, -16548},0, {-4367, 409},{0x2D, 0x0, 0x77, 0xFF}}},
	{{{-13794, 401, -12680},0, {-3599, 409},{0x56, 0x0, 0x5D, 0xFF}}},
	{{{-7457, 5670, -16548},0, {-4367, -781},{0x2D, 0x0, 0x77, 0x6E}}},
	{{{-13794, 5670, -12680},0, {-3599, -781},{0x56, 0x0, 0x5D, 0x6E}}},
	{{{-7457, 9865, -16548},0, {-4367, -1729},{0x2D, 0x0, 0x77, 0x5C}}},
	{{{-13794, 9865, -12680},0, {-3599, -1729},{0x56, 0x0, 0x5D, 0x5C}}},
	{{{-7457, 12270, -16548},0, {-4367, -2272},{0x2D, 0x0, 0x77, 0x1D}}},
	{{{-13794, 12270, -12680},0, {-3599, -2272},{0x56, 0x0, 0x5D, 0x1D}}},
	{{{-18002, 9865, -6854},0, {-2831, -1729},{0x74, 0x0, 0x34, 0x5C}}},
	{{{-18002, 12270, -6854},0, {-2831, -2272},{0x74, 0x0, 0x34, 0x1D}}},
	{{{-19507, 9865, 0},0, {-2063, -1729},{0x7F, 0x0, 0x0, 0x5C}}},
	{{{-19507, 12270, 0},0, {-2063, -2272},{0x7F, 0x0, 0x0, 0x1D}}},
	{{{-18002, 9865, 6854},0, {-1295, -1729},{0x74, 0x0, 0xCC, 0x5C}}},
	{{{-19507, 9865, 0},0, {-2063, -1729},{0x7F, 0x0, 0x0, 0x5C}}},
	{{{-19507, 12270, 0},0, {-2063, -2272},{0x7F, 0x0, 0x0, 0x1D}}},
	{{{-18002, 12270, 6854},0, {-1295, -2272},{0x74, 0x0, 0xCC, 0x1D}}},
	{{{-13794, 9865, 12680},0, {-528, -1729},{0x56, 0x0, 0xA3, 0x5C}}},
	{{{-13794, 12270, 12680},0, {-528, -2272},{0x56, 0x0, 0xA3, 0x1D}}},
	{{{-7457, 9865, 16548},0, {240, -1729},{0x2D, 0x0, 0x89, 0x5C}}},
	{{{-7457, 12270, 16548},0, {240, -2272},{0x2D, 0x0, 0x89, 0x1D}}},
	{{{0, 9865, 17932},0, {1008, -1729},{0x0, 0x0, 0x81, 0x5C}}},
	{{{0, 12270, 17932},0, {1008, -2272},{0x0, 0x0, 0x81, 0x1D}}},
	{{{7457, 9865, 16548},0, {1776, -1729},{0xD3, 0x0, 0x89, 0x5C}}},
	{{{7457, 12270, 16548},0, {1776, -2272},{0xD3, 0x0, 0x89, 0x1D}}},
	{{{13794, 9865, 12680},0, {2544, -1729},{0xAA, 0x0, 0xA3, 0x5C}}},
	{{{13794, 12270, 12680},0, {2544, -2272},{0xAA, 0x0, 0xA3, 0x1D}}},
	{{{18002, 9865, 6854},0, {3311, -1729},{0x8C, 0x0, 0xCC, 0x5C}}},
	{{{18002, 12270, 6854},0, {3311, -2272},{0x8C, 0x0, 0xCC, 0x1D}}},
	{{{19507, 9865, 0},0, {4079, -1729},{0x81, 0x0, 0x0, 0x5C}}},
	{{{18002, 9865, 6854},0, {3311, -1729},{0x8C, 0x0, 0xCC, 0x5C}}},
	{{{18002, 12270, 6854},0, {3311, -2272},{0x8C, 0x0, 0xCC, 0x1D}}},
	{{{19507, 12270, 0},0, {4079, -2272},{0x81, 0x0, 0x0, 0x1D}}},
	{{{18002, 9865, -6854},0, {4847, -1729},{0x8C, 0x0, 0x34, 0x5C}}},
	{{{18002, 12270, -6854},0, {4847, -2272},{0x8C, 0x0, 0x34, 0x1D}}},
	{{{13794, 9865, -12680},0, {5615, -1729},{0xAA, 0x0, 0x5D, 0x5C}}},
	{{{13794, 12270, -12680},0, {5615, -2272},{0xAA, 0x0, 0x5D, 0x1D}}},
	{{{13794, 5670, -12680},0, {5615, -781},{0xAA, 0x0, 0x5D, 0x6E}}},
	{{{18002, 5670, -6854},0, {4847, -781},{0x8C, 0x0, 0x34, 0x6E}}},
	{{{13794, 401, -12680},0, {5615, 409},{0xAA, 0x0, 0x5D, 0xFF}}},
	{{{18002, 401, -6854},0, {4847, 409},{0x8C, 0x0, 0x34, 0xFF}}},
	{{{13794, -4885, -12680},0, {5615, 1602},{0xAA, 0x0, 0x5D, 0x6E}}},
	{{{18002, -4885, -6854},0, {4847, 1602},{0x8C, 0x0, 0x34, 0x6E}}},
	{{{13794, -9197, -12680},0, {5615, 2576},{0xAA, 0x0, 0x5D, 0x5C}}},
	{{{18002, -9197, -6854},0, {4847, 2576},{0x8C, 0x0, 0x34, 0x5C}}},
	{{{18002, -9197, -6854},0, {4847, 2576},{0x8C, 0x0, 0x34, 0x5C}}},
	{{{19507, -4885, 0},0, {4079, 1602},{0x81, 0x0, 0x0, 0x6E}}},
	{{{18002, -4885, -6854},0, {4847, 1602},{0x8C, 0x0, 0x34, 0x6E}}},
	{{{19507, -9197, 0},0, {4079, 2576},{0x81, 0x0, 0x0, 0x5C}}},
	{{{18002, -4885, 6854},0, {3311, 1602},{0x8C, 0x0, 0xCC, 0x6E}}},
	{{{18002, -9197, 6854},0, {3311, 2576},{0x8C, 0x0, 0xCC, 0x5C}}},
	{{{13794, -4885, 12680},0, {2544, 1602},{0xAA, 0x0, 0xA3, 0x6E}}},
	{{{13794, -9197, 12680},0, {2544, 2576},{0xAA, 0x0, 0xA3, 0x5C}}},
	{{{7457, -4885, 16548},0, {1776, 1602},{0xD3, 0x0, 0x89, 0x6E}}},
	{{{7457, -9197, 16548},0, {1776, 2576},{0xD3, 0x0, 0x89, 0x5C}}},
	{{{0, -4885, 17932},0, {1008, 1602},{0x0, 0x0, 0x81, 0x6E}}},
	{{{0, -9197, 17932},0, {1008, 2576},{0x0, 0x0, 0x81, 0x5C}}},
	{{{-7457, -4885, 16548},0, {240, 1602},{0x2D, 0x0, 0x89, 0x6E}}},
	{{{-7457, -9197, 16548},0, {240, 2576},{0x2D, 0x0, 0x89, 0x5C}}},
	{{{-13794, -4885, 12680},0, {-528, 1602},{0x56, 0x0, 0xA3, 0x6E}}},
	{{{-13794, -9197, 12680},0, {-528, 2576},{0x56, 0x0, 0xA3, 0x5C}}},
	{{{-13794, -9197, 12680},0, {-528, 2576},{0x56, 0x0, 0xA3, 0x5C}}},
	{{{-18002, -4885, 6854},0, {-1295, 1602},{0x74, 0x0, 0xCC, 0x6E}}},
	{{{-13794, -4885, 12680},0, {-528, 1602},{0x56, 0x0, 0xA3, 0x6E}}},
	{{{-18002, -9197, 6854},0, {-1295, 2576},{0x74, 0x0, 0xCC, 0x5C}}},
	{{{-19507, -4885, 0},0, {-2063, 1602},{0x7F, 0x0, 0x0, 0x6E}}},
	{{{-19507, -9197, 0},0, {-2063, 2576},{0x7F, 0x0, 0x0, 0x5C}}},
	{{{-18002, -4885, -6854},0, {-2831, 1602},{0x74, 0x0, 0x34, 0x6E}}},
	{{{-18002, -9197, -6854},0, {-2831, 2576},{0x74, 0x0, 0x34, 0x5C}}},
	{{{-13794, -4885, -12680},0, {-3599, 1602},{0x56, 0x0, 0x5D, 0x6E}}},
	{{{-13794, -9197, -12680},0, {-3599, 2576},{0x56, 0x0, 0x5D, 0x5C}}},
	{{{-13794, 401, -12680},0, {-3599, 409},{0x56, 0x0, 0x5D, 0xFF}}},
	{{{-18002, 401, -6854},0, {-2831, 409},{0x74, 0x0, 0x34, 0xFF}}},
	{{{-13794, 5670, -12680},0, {-3599, -781},{0x56, 0x0, 0x5D, 0x6E}}},
	{{{-18002, 5670, -6854},0, {-2831, -781},{0x74, 0x0, 0x34, 0x6E}}},
	{{{-13794, 9865, -12680},0, {-3599, -1729},{0x56, 0x0, 0x5D, 0x5C}}},
	{{{-18002, 9865, -6854},0, {-2831, -1729},{0x74, 0x0, 0x34, 0x5C}}},
	{{{-19507, 5670, 0},0, {-2063, -781},{0x7F, 0x0, 0x0, 0x6E}}},
	{{{-18002, 5670, -6854},0, {-2831, -781},{0x74, 0x0, 0x34, 0x6E}}},
	{{{-18002, 9865, -6854},0, {-2831, -1729},{0x74, 0x0, 0x34, 0x5C}}},
	{{{-19507, 9865, 0},0, {-2063, -1729},{0x7F, 0x0, 0x0, 0x5C}}},
	{{{-18002, 5670, 6854},0, {-1295, -781},{0x74, 0x0, 0xCC, 0x6E}}},
	{{{-18002, 9865, 6854},0, {-1295, -1729},{0x74, 0x0, 0xCC, 0x5C}}},
	{{{-13794, 5670, 12680},0, {-528, -781},{0x56, 0x0, 0xA3, 0x6E}}},
	{{{-13794, 9865, 12680},0, {-528, -1729},{0x56, 0x0, 0xA3, 0x5C}}},
	{{{-7457, 5670, 16548},0, {240, -781},{0x2D, 0x0, 0x89, 0x6E}}},
	{{{-7457, 9865, 16548},0, {240, -1729},{0x2D, 0x0, 0x89, 0x5C}}},
	{{{0, 5670, 17932},0, {1008, -781},{0x0, 0x0, 0x81, 0x6E}}},
	{{{0, 9865, 17932},0, {1008, -1729},{0x0, 0x0, 0x81, 0x5C}}},
	{{{7457, 5670, 16548},0, {1776, -781},{0xD3, 0x0, 0x89, 0x6E}}},
	{{{7457, 9865, 16548},0, {1776, -1729},{0xD3, 0x0, 0x89, 0x5C}}},
	{{{13794, 5670, 12680},0, {2544, -781},{0xAA, 0x0, 0xA3, 0x6E}}},
	{{{13794, 9865, 12680},0, {2544, -1729},{0xAA, 0x0, 0xA3, 0x5C}}},
	{{{18002, 5670, 6854},0, {3311, -781},{0x8C, 0x0, 0xCC, 0x6E}}},
	{{{13794, 5670, 12680},0, {2544, -781},{0xAA, 0x0, 0xA3, 0x6E}}},
	{{{13794, 9865, 12680},0, {2544, -1729},{0xAA, 0x0, 0xA3, 0x5C}}},
	{{{18002, 9865, 6854},0, {3311, -1729},{0x8C, 0x0, 0xCC, 0x5C}}},
	{{{19507, 5670, 0},0, {4079, -781},{0x81, 0x0, 0x0, 0x6E}}},
	{{{19507, 9865, 0},0, {4079, -1729},{0x81, 0x0, 0x0, 0x5C}}},
	{{{18002, 5670, -6854},0, {4847, -781},{0x8C, 0x0, 0x34, 0x6E}}},
	{{{18002, 9865, -6854},0, {4847, -1729},{0x8C, 0x0, 0x34, 0x5C}}},
	{{{18002, 401, -6854},0, {4847, 409},{0x8C, 0x0, 0x34, 0xFF}}},
	{{{19507, 401, 0},0, {4079, 409},{0x81, 0x0, 0x0, 0xFF}}},
	{{{18002, -4885, -6854},0, {4847, 1602},{0x8C, 0x0, 0x34, 0x6E}}},
	{{{19507, -4885, 0},0, {4079, 1602},{0x81, 0x0, 0x0, 0x6E}}},
	{{{18002, 401, 6854},0, {3311, 409},{0x8C, 0x0, 0xCC, 0xFF}}},
	{{{18002, -4885, 6854},0, {3311, 1602},{0x8C, 0x0, 0xCC, 0x6E}}},
	{{{13794, 401, 12680},0, {2544, 409},{0xAA, 0x0, 0xA3, 0xFF}}},
	{{{13794, -4885, 12680},0, {2544, 1602},{0xAA, 0x0, 0xA3, 0x6E}}},
	{{{13794, -4885, 12680},0, {2544, 1602},{0xAA, 0x0, 0xA3, 0x6E}}},
	{{{7457, 401, 16548},0, {1776, 409},{0xD3, 0x0, 0x89, 0xFF}}},
	{{{13794, 401, 12680},0, {2544, 409},{0xAA, 0x0, 0xA3, 0xFF}}},
	{{{7457, -4885, 16548},0, {1776, 1602},{0xD3, 0x0, 0x89, 0x6E}}},
	{{{0, 401, 17932},0, {1008, 409},{0x0, 0x0, 0x81, 0xFF}}},
	{{{0, -4885, 17932},0, {1008, 1602},{0x0, 0x0, 0x81, 0x6E}}},
	{{{-7457, 401, 16548},0, {240, 409},{0x2D, 0x0, 0x89, 0xFF}}},
	{{{-7457, -4885, 16548},0, {240, 1602},{0x2D, 0x0, 0x89, 0x6E}}},
	{{{-13794, 401, 12680},0, {-528, 409},{0x56, 0x0, 0xA3, 0xFF}}},
	{{{-13794, -4885, 12680},0, {-528, 1602},{0x56, 0x0, 0xA3, 0x6E}}},
	{{{-18002, 401, 6854},0, {-1295, 409},{0x74, 0x0, 0xCC, 0xFF}}},
	{{{-18002, -4885, 6854},0, {-1295, 1602},{0x74, 0x0, 0xCC, 0x6E}}},
	{{{-19507, 401, 0},0, {-2063, 409},{0x7F, 0x0, 0x0, 0xFF}}},
	{{{-19507, -4885, 0},0, {-2063, 1602},{0x7F, 0x0, 0x0, 0x6E}}},
	{{{-18002, 401, -6854},0, {-2831, 409},{0x74, 0x0, 0x34, 0xFF}}},
	{{{-18002, -4885, -6854},0, {-2831, 1602},{0x74, 0x0, 0x34, 0x6E}}},
	{{{-19507, 401, 0},0, {-2063, 409},{0x7F, 0x0, 0x0, 0xFF}}},
	{{{-18002, 401, -6854},0, {-2831, 409},{0x74, 0x0, 0x34, 0xFF}}},
	{{{-18002, 5670, -6854},0, {-2831, -781},{0x74, 0x0, 0x34, 0x6E}}},
	{{{-19507, 5670, 0},0, {-2063, -781},{0x7F, 0x0, 0x0, 0x6E}}},
	{{{-18002, 401, 6854},0, {-1295, 409},{0x74, 0x0, 0xCC, 0xFF}}},
	{{{-18002, 5670, 6854},0, {-1295, -781},{0x74, 0x0, 0xCC, 0x6E}}},
	{{{-13794, 401, 12680},0, {-528, 409},{0x56, 0x0, 0xA3, 0xFF}}},
	{{{-13794, 5670, 12680},0, {-528, -781},{0x56, 0x0, 0xA3, 0x6E}}},
	{{{-7457, 401, 16548},0, {240, 409},{0x2D, 0x0, 0x89, 0xFF}}},
	{{{-7457, 5670, 16548},0, {240, -781},{0x2D, 0x0, 0x89, 0x6E}}},
	{{{0, 401, 17932},0, {1008, 409},{0x0, 0x0, 0x81, 0xFF}}},
	{{{0, 5670, 17932},0, {1008, -781},{0x0, 0x0, 0x81, 0x6E}}},
	{{{7457, 401, 16548},0, {1776, 409},{0xD3, 0x0, 0x89, 0xFF}}},
	{{{7457, 5670, 16548},0, {1776, -781},{0xD3, 0x0, 0x89, 0x6E}}},
	{{{13794, 401, 12680},0, {2544, 409},{0xAA, 0x0, 0xA3, 0xFF}}},
	{{{13794, 5670, 12680},0, {2544, -781},{0xAA, 0x0, 0xA3, 0x6E}}},
	{{{18002, 401, 6854},0, {3311, 409},{0x8C, 0x0, 0xCC, 0xFF}}},
	{{{13794, 401, 12680},0, {2544, 409},{0xAA, 0x0, 0xA3, 0xFF}}},
	{{{13794, 5670, 12680},0, {2544, -781},{0xAA, 0x0, 0xA3, 0x6E}}},
	{{{18002, 5670, 6854},0, {3311, -781},{0x8C, 0x0, 0xCC, 0x6E}}},
	{{{19507, 401, 0},0, {4079, 409},{0x81, 0x0, 0x0, 0xFF}}},
	{{{19507, 5670, 0},0, {4079, -781},{0x81, 0x0, 0x0, 0x6E}}},
};

Gfx wf_dl_Cylinder_mesh_layer_5_tri_0[] = {
	gsSPVertex(wf_dl_Cylinder_mesh_layer_5_vtx_0 + 0, 16, 0),
	gsSP1Triangle(0, 1, 2, 0),
	gsSP1Triangle(0, 3, 1, 0),
	gsSP1Triangle(4, 3, 0, 0),
	gsSP1Triangle(4, 5, 3, 0),
	gsSP1Triangle(6, 5, 4, 0),
	gsSP1Triangle(6, 7, 5, 0),
	gsSP1Triangle(8, 7, 6, 0),
	gsSP1Triangle(8, 9, 7, 0),
	gsSP1Triangle(10, 9, 8, 0),
	gsSP1Triangle(10, 11, 9, 0),
	gsSP1Triangle(12, 11, 10, 0),
	gsSP1Triangle(12, 13, 11, 0),
	gsSP1Triangle(14, 13, 12, 0),
	gsSP1Triangle(14, 15, 13, 0),
	gsSPVertex(wf_dl_Cylinder_mesh_layer_5_vtx_0 + 16, 16, 0),
	gsSP1Triangle(0, 1, 2, 0),
	gsSP1Triangle(0, 3, 1, 0),
	gsSP1Triangle(3, 4, 1, 0),
	gsSP1Triangle(3, 5, 4, 0),
	gsSP1Triangle(5, 6, 4, 0),
	gsSP1Triangle(5, 7, 6, 0),
	gsSP1Triangle(7, 8, 6, 0),
	gsSP1Triangle(7, 9, 8, 0),
	gsSP1Triangle(9, 10, 8, 0),
	gsSP1Triangle(9, 11, 10, 0),
	gsSP1Triangle(11, 12, 10, 0),
	gsSP1Triangle(11, 13, 12, 0),
	gsSP1Triangle(13, 14, 12, 0),
	gsSP1Triangle(13, 15, 14, 0),
	gsSPVertex(wf_dl_Cylinder_mesh_layer_5_vtx_0 + 32, 16, 0),
	gsSP1Triangle(0, 1, 2, 0),
	gsSP1Triangle(0, 3, 1, 0),
	gsSP1Triangle(3, 4, 1, 0),
	gsSP1Triangle(3, 5, 4, 0),
	gsSP1Triangle(5, 6, 4, 0),
	gsSP1Triangle(5, 7, 6, 0),
	gsSP1Triangle(7, 8, 6, 0),
	gsSP1Triangle(7, 9, 8, 0),
	gsSP1Triangle(9, 10, 8, 0),
	gsSP1Triangle(9, 11, 10, 0),
	gsSP1Triangle(11, 12, 10, 0),
	gsSP1Triangle(11, 13, 12, 0),
	gsSP1Triangle(13, 14, 12, 0),
	gsSP1Triangle(13, 15, 14, 0),
	gsSPVertex(wf_dl_Cylinder_mesh_layer_5_vtx_0 + 48, 16, 0),
	gsSP1Triangle(0, 1, 2, 0),
	gsSP1Triangle(0, 3, 1, 0),
	gsSP1Triangle(3, 4, 1, 0),
	gsSP1Triangle(3, 5, 4, 0),
	gsSP1Triangle(1, 4, 6, 0),
	gsSP1Triangle(1, 6, 7, 0),
	gsSP1Triangle(7, 6, 8, 0),
	gsSP1Triangle(7, 8, 9, 0),
	gsSP1Triangle(9, 8, 10, 0),
	gsSP1Triangle(9, 10, 11, 0),
	gsSP1Triangle(11, 10, 12, 0),
	gsSP1Triangle(11, 12, 13, 0),
	gsSP1Triangle(13, 12, 14, 0),
	gsSP1Triangle(13, 14, 15, 0),
	gsSPVertex(wf_dl_Cylinder_mesh_layer_5_vtx_0 + 64, 16, 0),
	gsSP1Triangle(0, 1, 2, 0),
	gsSP1Triangle(0, 2, 3, 0),
	gsSP1Triangle(3, 2, 4, 0),
	gsSP1Triangle(3, 4, 5, 0),
	gsSP1Triangle(6, 3, 5, 0),
	gsSP1Triangle(6, 5, 7, 0),
	gsSP1Triangle(8, 6, 7, 0),
	gsSP1Triangle(8, 7, 9, 0),
	gsSP1Triangle(10, 8, 9, 0),
	gsSP1Triangle(10, 9, 11, 0),
	gsSP1Triangle(12, 10, 11, 0),
	gsSP1Triangle(12, 11, 13, 0),
	gsSP1Triangle(14, 12, 13, 0),
	gsSP1Triangle(14, 13, 15, 0),
	gsSPVertex(wf_dl_Cylinder_mesh_layer_5_vtx_0 + 80, 16, 0),
	gsSP1Triangle(0, 1, 2, 0),
	gsSP1Triangle(0, 2, 3, 0),
	gsSP1Triangle(4, 0, 3, 0),
	gsSP1Triangle(4, 3, 5, 0),
	gsSP1Triangle(6, 4, 5, 0),
	gsSP1Triangle(6, 5, 7, 0),
	gsSP1Triangle(8, 6, 7, 0),
	gsSP1Triangle(8, 7, 9, 0),
	gsSP1Triangle(10, 8, 9, 0),
	gsSP1Triangle(10, 9, 11, 0),
	gsSP1Triangle(12, 10, 11, 0),
	gsSP1Triangle(12, 11, 13, 0),
	gsSP1Triangle(14, 12, 13, 0),
	gsSP1Triangle(14, 13, 15, 0),
	gsSPVertex(wf_dl_Cylinder_mesh_layer_5_vtx_0 + 96, 16, 0),
	gsSP1Triangle(0, 1, 2, 0),
	gsSP1Triangle(0, 2, 3, 0),
	gsSP1Triangle(4, 0, 3, 0),
	gsSP1Triangle(4, 3, 5, 0),
	gsSP1Triangle(6, 0, 4, 0),
	gsSP1Triangle(6, 7, 0, 0),
	gsSP1Triangle(8, 7, 6, 0),
	gsSP1Triangle(8, 9, 7, 0),
	gsSP1Triangle(10, 9, 8, 0),
	gsSP1Triangle(10, 11, 9, 0),
	gsSP1Triangle(12, 11, 10, 0),
	gsSP1Triangle(12, 13, 11, 0),
	gsSP1Triangle(14, 13, 12, 0),
	gsSP1Triangle(14, 15, 13, 0),
	gsSPVertex(wf_dl_Cylinder_mesh_layer_5_vtx_0 + 112, 16, 0),
	gsSP1Triangle(0, 1, 2, 0),
	gsSP1Triangle(0, 3, 1, 0),
	gsSP1Triangle(3, 4, 1, 0),
	gsSP1Triangle(3, 5, 4, 0),
	gsSP1Triangle(5, 6, 4, 0),
	gsSP1Triangle(5, 7, 6, 0),
	gsSP1Triangle(7, 8, 6, 0),
	gsSP1Triangle(7, 9, 8, 0),
	gsSP1Triangle(9, 10, 8, 0),
	gsSP1Triangle(9, 11, 10, 0),
	gsSP1Triangle(11, 12, 10, 0),
	gsSP1Triangle(11, 13, 12, 0),
	gsSP1Triangle(13, 14, 12, 0),
	gsSP1Triangle(13, 15, 14, 0),
	gsSPVertex(wf_dl_Cylinder_mesh_layer_5_vtx_0 + 128, 16, 0),
	gsSP1Triangle(0, 1, 2, 0),
	gsSP1Triangle(0, 3, 1, 0),
	gsSP1Triangle(3, 4, 1, 0),
	gsSP1Triangle(3, 5, 4, 0),
	gsSP1Triangle(5, 6, 4, 0),
	gsSP1Triangle(5, 7, 6, 0),
	gsSP1Triangle(7, 8, 6, 0),
	gsSP1Triangle(7, 9, 8, 0),
	gsSP1Triangle(9, 10, 8, 0),
	gsSP1Triangle(9, 11, 10, 0),
	gsSP1Triangle(11, 12, 10, 0),
	gsSP1Triangle(11, 13, 12, 0),
	gsSP1Triangle(13, 14, 12, 0),
	gsSP1Triangle(13, 15, 14, 0),
	gsSPVertex(wf_dl_Cylinder_mesh_layer_5_vtx_0 + 144, 16, 0),
	gsSP1Triangle(0, 1, 2, 0),
	gsSP1Triangle(0, 2, 3, 0),
	gsSP1Triangle(3, 2, 4, 0),
	gsSP1Triangle(3, 4, 5, 0),
	gsSP1Triangle(5, 4, 6, 0),
	gsSP1Triangle(5, 6, 7, 0),
	gsSP1Triangle(7, 6, 8, 0),
	gsSP1Triangle(7, 8, 9, 0),
	gsSP1Triangle(9, 8, 10, 0),
	gsSP1Triangle(9, 10, 11, 0),
	gsSP1Triangle(12, 9, 11, 0),
	gsSP1Triangle(12, 11, 13, 0),
	gsSP1Triangle(14, 12, 13, 0),
	gsSP1Triangle(14, 13, 15, 0),
	gsSPVertex(wf_dl_Cylinder_mesh_layer_5_vtx_0 + 160, 16, 0),
	gsSP1Triangle(0, 1, 2, 0),
	gsSP1Triangle(0, 2, 3, 0),
	gsSP1Triangle(4, 0, 3, 0),
	gsSP1Triangle(4, 3, 5, 0),
	gsSP1Triangle(6, 4, 5, 0),
	gsSP1Triangle(6, 5, 7, 0),
	gsSP1Triangle(8, 6, 7, 0),
	gsSP1Triangle(8, 7, 9, 0),
	gsSP1Triangle(10, 8, 9, 0),
	gsSP1Triangle(10, 9, 11, 0),
	gsSP1Triangle(12, 10, 11, 0),
	gsSP1Triangle(12, 11, 13, 0),
	gsSP1Triangle(14, 12, 13, 0),
	gsSP1Triangle(14, 13, 15, 0),
	gsSPVertex(wf_dl_Cylinder_mesh_layer_5_vtx_0 + 176, 16, 0),
	gsSP1Triangle(0, 1, 2, 0),
	gsSP1Triangle(0, 2, 3, 0),
	gsSP1Triangle(4, 0, 3, 0),
	gsSP1Triangle(4, 3, 5, 0),
	gsSP1Triangle(6, 4, 5, 0),
	gsSP1Triangle(6, 5, 7, 0),
	gsSP1Triangle(8, 4, 6, 0),
	gsSP1Triangle(8, 9, 4, 0),
	gsSP1Triangle(10, 9, 8, 0),
	gsSP1Triangle(10, 11, 9, 0),
	gsSP1Triangle(12, 11, 10, 0),
	gsSP1Triangle(12, 13, 11, 0),
	gsSP1Triangle(14, 13, 12, 0),
	gsSP1Triangle(14, 15, 13, 0),
	gsSPVertex(wf_dl_Cylinder_mesh_layer_5_vtx_0 + 192, 16, 0),
	gsSP1Triangle(0, 1, 2, 0),
	gsSP1Triangle(0, 3, 1, 0),
	gsSP1Triangle(3, 4, 1, 0),
	gsSP1Triangle(3, 5, 4, 0),
	gsSP1Triangle(5, 6, 4, 0),
	gsSP1Triangle(5, 7, 6, 0),
	gsSP1Triangle(7, 8, 6, 0),
	gsSP1Triangle(7, 9, 8, 0),
	gsSP1Triangle(9, 10, 8, 0),
	gsSP1Triangle(9, 11, 10, 0),
	gsSP1Triangle(11, 12, 10, 0),
	gsSP1Triangle(11, 13, 12, 0),
	gsSP1Triangle(13, 14, 12, 0),
	gsSP1Triangle(13, 15, 14, 0),
	gsSPVertex(wf_dl_Cylinder_mesh_layer_5_vtx_0 + 208, 16, 0),
	gsSP1Triangle(0, 1, 2, 0),
	gsSP1Triangle(0, 3, 1, 0),
	gsSP1Triangle(3, 4, 1, 0),
	gsSP1Triangle(3, 5, 4, 0),
	gsSP1Triangle(5, 6, 4, 0),
	gsSP1Triangle(5, 7, 6, 0),
	gsSP1Triangle(7, 8, 6, 0),
	gsSP1Triangle(7, 9, 8, 0),
	gsSP1Triangle(6, 8, 10, 0),
	gsSP1Triangle(6, 10, 11, 0),
	gsSP1Triangle(11, 10, 12, 0),
	gsSP1Triangle(11, 12, 13, 0),
	gsSP1Triangle(13, 12, 14, 0),
	gsSP1Triangle(13, 14, 15, 0),
	gsSPVertex(wf_dl_Cylinder_mesh_layer_5_vtx_0 + 224, 16, 0),
	gsSP1Triangle(0, 1, 2, 0),
	gsSP1Triangle(0, 2, 3, 0),
	gsSP1Triangle(4, 0, 3, 0),
	gsSP1Triangle(4, 3, 5, 0),
	gsSP1Triangle(6, 4, 5, 0),
	gsSP1Triangle(6, 5, 7, 0),
	gsSP1Triangle(8, 6, 7, 0),
	gsSP1Triangle(8, 7, 9, 0),
	gsSP1Triangle(10, 8, 9, 0),
	gsSP1Triangle(10, 9, 11, 0),
	gsSP1Triangle(12, 10, 11, 0),
	gsSP1Triangle(12, 11, 13, 0),
	gsSP1Triangle(14, 12, 13, 0),
	gsSP1Triangle(14, 13, 15, 0),
	gsSPVertex(wf_dl_Cylinder_mesh_layer_5_vtx_0 + 240, 16, 0),
	gsSP1Triangle(0, 1, 2, 0),
	gsSP1Triangle(0, 2, 3, 0),
	gsSP1Triangle(4, 0, 3, 0),
	gsSP1Triangle(4, 3, 5, 0),
	gsSP1Triangle(6, 4, 5, 0),
	gsSP1Triangle(6, 5, 7, 0),
	gsSP1Triangle(8, 4, 6, 0),
	gsSP1Triangle(8, 9, 4, 0),
	gsSP1Triangle(10, 9, 8, 0),
	gsSP1Triangle(10, 11, 9, 0),
	gsSP1Triangle(11, 12, 9, 0),
	gsSP1Triangle(11, 13, 12, 0),
	gsSP1Triangle(13, 14, 12, 0),
	gsSP1Triangle(13, 15, 14, 0),
	gsSPVertex(wf_dl_Cylinder_mesh_layer_5_vtx_0 + 256, 16, 0),
	gsSP1Triangle(0, 1, 2, 0),
	gsSP1Triangle(0, 3, 1, 0),
	gsSP1Triangle(3, 4, 1, 0),
	gsSP1Triangle(3, 5, 4, 0),
	gsSP1Triangle(5, 6, 4, 0),
	gsSP1Triangle(5, 7, 6, 0),
	gsSP1Triangle(7, 8, 6, 0),
	gsSP1Triangle(7, 9, 8, 0),
	gsSP1Triangle(9, 10, 8, 0),
	gsSP1Triangle(9, 11, 10, 0),
	gsSP1Triangle(11, 12, 10, 0),
	gsSP1Triangle(11, 13, 12, 0),
	gsSP1Triangle(13, 14, 12, 0),
	gsSP1Triangle(13, 15, 14, 0),
	gsSPVertex(wf_dl_Cylinder_mesh_layer_5_vtx_0 + 272, 16, 0),
	gsSP1Triangle(0, 1, 2, 0),
	gsSP1Triangle(0, 2, 3, 0),
	gsSP1Triangle(4, 0, 3, 0),
	gsSP1Triangle(4, 3, 5, 0),
	gsSP1Triangle(6, 4, 5, 0),
	gsSP1Triangle(6, 5, 7, 0),
	gsSP1Triangle(8, 6, 7, 0),
	gsSP1Triangle(8, 7, 9, 0),
	gsSP1Triangle(10, 8, 9, 0),
	gsSP1Triangle(10, 9, 11, 0),
	gsSP1Triangle(12, 10, 11, 0),
	gsSP1Triangle(12, 11, 13, 0),
	gsSP1Triangle(14, 12, 13, 0),
	gsSP1Triangle(14, 13, 15, 0),
	gsSPVertex(wf_dl_Cylinder_mesh_layer_5_vtx_0 + 288, 6, 0),
	gsSP1Triangle(0, 1, 2, 0),
	gsSP1Triangle(0, 2, 3, 0),
	gsSP1Triangle(4, 0, 3, 0),
	gsSP1Triangle(4, 3, 5, 0),
	gsSPEndDisplayList(),
};

Vtx wf_dl_slate_mesh_layer_1_vtx_0[214] = {
	{{{-1001, -38, 188},0, {-4081, 1965},{0x85, 0xDF, 0x6, 0xFF}}},
	{{{-1008, 0, 230},0, {-4115, 2175},{0x85, 0xDF, 0x6, 0xFF}}},
	{{{-1022, 0, 0},0, {-4187, 1008},{0x85, 0xDF, 0x6, 0xFF}}},
	{{{-1008, -47, 0},0, {-4115, 1008},{0x85, 0xDF, 0x6, 0xFF}}},
	{{{-1008, 0, 230},0, {-4115, 2175},{0x85, 0x21, 0x6, 0xFF}}},
	{{{-1001, 38, 188},0, {-4081, 1965},{0x85, 0x21, 0x6, 0xFF}}},
	{{{-1008, 47, 0},0, {-4115, 1008},{0x85, 0x21, 0x6, 0xFF}}},
	{{{-1022, 0, 0},0, {-4187, 1008},{0x85, 0x21, 0x6, 0xFF}}},
	{{{-1022, 0, 0},0, {-4187, 1008},{0x85, 0x21, 0xFA, 0xFF}}},
	{{{-1008, 47, 0},0, {-4115, 1008},{0x85, 0x21, 0xFA, 0xFF}}},
	{{{-1001, 38, -188},0, {-4081, 51},{0x85, 0x21, 0xFA, 0xFF}}},
	{{{-1008, 0, -230},0, {-4115, -159},{0x85, 0x21, 0xFA, 0xFF}}},
	{{{-1008, -47, 0},0, {-4115, 1008},{0x85, 0xDF, 0xFA, 0xFF}}},
	{{{-1022, 0, 0},0, {-4187, 1008},{0x85, 0xDF, 0xFA, 0xFF}}},
	{{{-1008, 0, -230},0, {-4115, -159},{0x85, 0xDF, 0xFA, 0xFF}}},
	{{{-1001, -38, -188},0, {-4081, 51},{0x85, 0xDF, 0xFA, 0xFF}}},
	{{{626, -51, -251},0, {4192, -268},{0x2, 0x90, 0xC3, 0xFF}}},
	{{{626, 0, -345},0, {4192, -747},{0x2, 0x90, 0xC3, 0xFF}}},
	{{{932, 0, -331},0, {5745, -673},{0x2, 0x90, 0xC3, 0xFF}}},
	{{{931, -49, -240},0, {5741, -213},{0x2, 0x90, 0xC3, 0xFF}}},
	{{{626, 0, -345},0, {4192, -747},{0x2, 0x70, 0xC3, 0xFF}}},
	{{{626, 51, -251},0, {4192, -268},{0x2, 0x70, 0xC3, 0xFF}}},
	{{{931, 49, -240},0, {5741, -213},{0x2, 0x70, 0xC3, 0xFF}}},
	{{{932, 0, -331},0, {5745, -673},{0x2, 0x70, 0xC3, 0xFF}}},
	{{{932, 0, -331},0, {5745, -673},{0x43, 0x5C, 0xC7, 0xFF}}},
	{{{931, 49, -240},0, {5741, -213},{0x43, 0x5C, 0xC7, 0xFF}}},
	{{{1001, 38, -188},0, {6097, 51},{0x43, 0x5C, 0xC7, 0xFF}}},
	{{{1008, 0, -230},0, {6131, -159},{0x43, 0x5C, 0xC7, 0xFF}}},
	{{{931, -49, -240},0, {5741, -213},{0x43, 0xA4, 0xC7, 0xFF}}},
	{{{932, 0, -331},0, {5745, -673},{0x43, 0xA4, 0xC7, 0xFF}}},
	{{{1008, 0, -230},0, {6131, -159},{0x43, 0xA4, 0xC7, 0xFF}}},
	{{{1001, -38, -188},0, {6097, 51},{0x43, 0xA4, 0xC7, 0xFF}}},
	{{{1001, -38, -188},0, {6097, 51},{0x7B, 0xDF, 0xFA, 0xFF}}},
	{{{1008, 0, -230},0, {6131, -159},{0x7B, 0xDF, 0xFA, 0xFF}}},
	{{{1022, 0, 0},0, {6203, 1008},{0x7B, 0xDF, 0xFA, 0xFF}}},
	{{{1008, -47, 0},0, {6131, 1008},{0x7B, 0xDF, 0xFA, 0xFF}}},
	{{{1008, 0, -230},0, {6131, -159},{0x7B, 0x21, 0xFA, 0xFF}}},
	{{{1001, 38, -188},0, {6097, 51},{0x7B, 0x21, 0xFA, 0xFF}}},
	{{{1008, 47, 0},0, {6131, 1008},{0x7B, 0x21, 0xFA, 0xFF}}},
	{{{1022, 0, 0},0, {6203, 1008},{0x7B, 0x21, 0xFA, 0xFF}}},
	{{{1022, 0, 0},0, {6203, 1008},{0x7B, 0x21, 0x6, 0xFF}}},
	{{{1008, 47, 0},0, {6131, 1008},{0x7B, 0x21, 0x6, 0xFF}}},
	{{{1001, 38, 188},0, {6097, 1965},{0x7B, 0x21, 0x6, 0xFF}}},
	{{{1008, 0, 230},0, {6131, 2175},{0x7B, 0x21, 0x6, 0xFF}}},
	{{{1008, -47, 0},0, {6131, 1008},{0x7B, 0xDF, 0x6, 0xFF}}},
	{{{1022, 0, 0},0, {6203, 1008},{0x7B, 0xDF, 0x6, 0xFF}}},
	{{{1008, 0, 230},0, {6131, 2175},{0x7B, 0xDF, 0x6, 0xFF}}},
	{{{1001, -38, 188},0, {6097, 1965},{0x7B, 0xDF, 0x6, 0xFF}}},
	{{{-626, -51, 251},0, {-2176, 2284},{0xFE, 0x90, 0x3D, 0xFF}}},
	{{{-626, 0, 345},0, {-2176, 2763},{0xFE, 0x90, 0x3D, 0xFF}}},
	{{{-932, 0, 331},0, {-3729, 2689},{0xFE, 0x90, 0x3D, 0xFF}}},
	{{{-931, -49, 240},0, {-3725, 2229},{0xFE, 0x90, 0x3D, 0xFF}}},
	{{{-626, 0, 345},0, {-2176, 2763},{0xFE, 0x70, 0x3D, 0xFF}}},
	{{{-626, 51, 251},0, {-2176, 2284},{0xFE, 0x70, 0x3D, 0xFF}}},
	{{{-931, 49, 240},0, {-3725, 2229},{0xFE, 0x70, 0x3D, 0xFF}}},
	{{{-932, 0, 331},0, {-3729, 2689},{0xFE, 0x70, 0x3D, 0xFF}}},
	{{{-932, 0, 331},0, {-3729, 2689},{0xBD, 0x5C, 0x39, 0xFF}}},
	{{{-931, 49, 240},0, {-3725, 2229},{0xBD, 0x5C, 0x39, 0xFF}}},
	{{{-1001, 38, 188},0, {-4081, 1965},{0xBD, 0x5C, 0x39, 0xFF}}},
	{{{-1008, 0, 230},0, {-4115, 2175},{0xBD, 0x5C, 0x39, 0xFF}}},
	{{{-931, -49, 240},0, {-3725, 2229},{0xBD, 0xA4, 0x39, 0xFF}}},
	{{{-932, 0, 331},0, {-3729, 2689},{0xBD, 0xA4, 0x39, 0xFF}}},
	{{{-1008, 0, 230},0, {-4115, 2175},{0xBD, 0xA4, 0x39, 0xFF}}},
	{{{-1001, -38, 188},0, {-4081, 1965},{0xBD, 0xA4, 0x39, 0xFF}}},
	{{{626, -51, -251},0, {4192, -268},{0x1, 0x81, 0xF7, 0xFF}}},
	{{{931, -49, -240},0, {5741, -213},{0x1, 0x81, 0xF7, 0xFF}}},
	{{{932, -67, 0},0, {5745, 1008},{0x1, 0x81, 0xF7, 0xFF}}},
	{{{626, -70, 0},0, {4192, 1008},{0x1, 0x81, 0xF7, 0xFF}}},
	{{{931, -49, -240},0, {5741, -213},{0x1D, 0x85, 0xF8, 0xFF}}},
	{{{1001, -38, -188},0, {6097, 51},{0x1D, 0x85, 0xF8, 0xFF}}},
	{{{1008, -47, 0},0, {6131, 1008},{0x1D, 0x85, 0xF8, 0xFF}}},
	{{{932, -67, 0},0, {5745, 1008},{0x1D, 0x85, 0xF8, 0xFF}}},
	{{{932, -67, 0},0, {5745, 1008},{0x1D, 0x85, 0x8, 0xFF}}},
	{{{1008, -47, 0},0, {6131, 1008},{0x1D, 0x85, 0x8, 0xFF}}},
	{{{1001, -38, 188},0, {6097, 1965},{0x1D, 0x85, 0x8, 0xFF}}},
	{{{931, -49, 240},0, {5741, 2229},{0x1D, 0x85, 0x8, 0xFF}}},
	{{{626, -70, 0},0, {4192, 1008},{0x1, 0x81, 0x9, 0xFF}}},
	{{{932, -67, 0},0, {5745, 1008},{0x1, 0x81, 0x9, 0xFF}}},
	{{{931, -49, 240},0, {5741, 2229},{0x1, 0x81, 0x9, 0xFF}}},
	{{{626, -51, 251},0, {4192, 2284},{0x1, 0x81, 0x9, 0xFF}}},
	{{{-626, 51, -251},0, {-2176, -268},{0xFF, 0x7F, 0xF7, 0xFF}}},
	{{{-931, 49, -240},0, {-3725, -213},{0xFF, 0x7F, 0xF7, 0xFF}}},
	{{{-932, 67, 0},0, {-3729, 1008},{0xFF, 0x7F, 0xF7, 0xFF}}},
	{{{-626, 70, 0},0, {-2176, 1008},{0xFF, 0x7F, 0xF7, 0xFF}}},
	{{{-931, 49, -240},0, {-3725, -213},{0xE3, 0x7B, 0xF8, 0xFF}}},
	{{{-1001, 38, -188},0, {-4081, 51},{0xE3, 0x7B, 0xF8, 0xFF}}},
	{{{-1008, 47, 0},0, {-4115, 1008},{0xE3, 0x7B, 0xF8, 0xFF}}},
	{{{-932, 67, 0},0, {-3729, 1008},{0xE3, 0x7B, 0xF8, 0xFF}}},
	{{{-932, 67, 0},0, {-3729, 1008},{0xE3, 0x7B, 0x8, 0xFF}}},
	{{{-1008, 47, 0},0, {-4115, 1008},{0xE3, 0x7B, 0x8, 0xFF}}},
	{{{-1001, 38, 188},0, {-4081, 1965},{0xE3, 0x7B, 0x8, 0xFF}}},
	{{{-931, 49, 240},0, {-3725, 2229},{0xE3, 0x7B, 0x8, 0xFF}}},
	{{{-626, 70, 0},0, {-2176, 1008},{0xFF, 0x7F, 0x9, 0xFF}}},
	{{{-932, 67, 0},0, {-3729, 1008},{0xFF, 0x7F, 0x9, 0xFF}}},
	{{{-931, 49, 240},0, {-3725, 2229},{0xFF, 0x7F, 0x9, 0xFF}}},
	{{{-626, 51, 251},0, {-2176, 2284},{0xFF, 0x7F, 0x9, 0xFF}}},
	{{{1001, 38, -188},0, {6097, 51},{0x1D, 0x7B, 0xF8, 0xFF}}},
	{{{931, 49, -240},0, {5741, -213},{0x1D, 0x7B, 0xF8, 0xFF}}},
	{{{932, 67, 0},0, {5745, 1008},{0x1D, 0x7B, 0xF8, 0xFF}}},
	{{{1008, 47, 0},0, {6131, 1008},{0x1D, 0x7B, 0xF8, 0xFF}}},
	{{{931, 49, -240},0, {5741, -213},{0x1, 0x7F, 0xF7, 0xFF}}},
	{{{626, 51, -251},0, {4192, -268},{0x1, 0x7F, 0xF7, 0xFF}}},
	{{{626, 70, 0},0, {4192, 1008},{0x1, 0x7F, 0xF7, 0xFF}}},
	{{{932, 67, 0},0, {5745, 1008},{0x1, 0x7F, 0xF7, 0xFF}}},
	{{{932, 67, 0},0, {5745, 1008},{0x1, 0x7F, 0x9, 0xFF}}},
	{{{626, 70, 0},0, {4192, 1008},{0x1, 0x7F, 0x9, 0xFF}}},
	{{{626, 51, 251},0, {4192, 2284},{0x1, 0x7F, 0x9, 0xFF}}},
	{{{931, 49, 240},0, {5741, 2229},{0x1, 0x7F, 0x9, 0xFF}}},
	{{{1008, 47, 0},0, {6131, 1008},{0x1D, 0x7B, 0x8, 0xFF}}},
	{{{932, 67, 0},0, {5745, 1008},{0x1D, 0x7B, 0x8, 0xFF}}},
	{{{931, 49, 240},0, {5741, 2229},{0x1D, 0x7B, 0x8, 0xFF}}},
	{{{1001, 38, 188},0, {6097, 1965},{0x1D, 0x7B, 0x8, 0xFF}}},
	{{{626, 51, -251},0, {4192, -268},{0x0, 0x7F, 0xF7, 0xFF}}},
	{{{0, 70, 0},0, {1008, 1008},{0x0, 0x7F, 0xF7, 0xFF}}},
	{{{626, 70, 0},0, {4192, 1008},{0x0, 0x7F, 0xF7, 0xFF}}},
	{{{0, 51, -251},0, {1008, -268},{0x0, 0x7F, 0xF7, 0xFF}}},
	{{{-626, 70, 0},0, {-2176, 1008},{0x0, 0x7F, 0xF7, 0xFF}}},
	{{{-626, 51, -251},0, {-2176, -268},{0x0, 0x7F, 0xF7, 0xFF}}},
	{{{0, 70, 0},0, {1008, 1008},{0x0, 0x7F, 0x9, 0xFF}}},
	{{{-626, 70, 0},0, {-2176, 1008},{0x0, 0x7F, 0x9, 0xFF}}},
	{{{-626, 51, 251},0, {-2176, 2284},{0x0, 0x7F, 0x9, 0xFF}}},
	{{{0, 51, 251},0, {1008, 2284},{0x0, 0x7F, 0x9, 0xFF}}},
	{{{626, 70, 0},0, {4192, 1008},{0x0, 0x7F, 0x9, 0xFF}}},
	{{{626, 51, 251},0, {4192, 2284},{0x0, 0x7F, 0x9, 0xFF}}},
	{{{-1001, -38, -188},0, {-4081, 51},{0xE3, 0x85, 0xF8, 0xFF}}},
	{{{-931, -49, -240},0, {-3725, -213},{0xE3, 0x85, 0xF8, 0xFF}}},
	{{{-932, -67, 0},0, {-3729, 1008},{0xE3, 0x85, 0xF8, 0xFF}}},
	{{{-1008, -47, 0},0, {-4115, 1008},{0xE3, 0x85, 0xF8, 0xFF}}},
	{{{-931, -49, -240},0, {-3725, -213},{0xFF, 0x81, 0xF7, 0xFF}}},
	{{{-626, -51, -251},0, {-2176, -268},{0xFF, 0x81, 0xF7, 0xFF}}},
	{{{-626, -70, 0},0, {-2176, 1008},{0xFF, 0x81, 0xF7, 0xFF}}},
	{{{-932, -67, 0},0, {-3729, 1008},{0xFF, 0x81, 0xF7, 0xFF}}},
	{{{-932, -67, 0},0, {-3729, 1008},{0xFF, 0x81, 0x9, 0xFF}}},
	{{{-626, -70, 0},0, {-2176, 1008},{0xFF, 0x81, 0x9, 0xFF}}},
	{{{-626, -51, 251},0, {-2176, 2284},{0xFF, 0x81, 0x9, 0xFF}}},
	{{{-931, -49, 240},0, {-3725, 2229},{0xFF, 0x81, 0x9, 0xFF}}},
	{{{-1008, -47, 0},0, {-4115, 1008},{0xE3, 0x85, 0x8, 0xFF}}},
	{{{-932, -67, 0},0, {-3729, 1008},{0xE3, 0x85, 0x8, 0xFF}}},
	{{{-931, -49, 240},0, {-3725, 2229},{0xE3, 0x85, 0x8, 0xFF}}},
	{{{-1001, -38, 188},0, {-4081, 1965},{0xE3, 0x85, 0x8, 0xFF}}},
	{{{-626, -51, -251},0, {-2176, -268},{0x0, 0x81, 0xF7, 0xFF}}},
	{{{0, -70, 0},0, {1008, 1008},{0x0, 0x81, 0xF7, 0xFF}}},
	{{{-626, -70, 0},0, {-2176, 1008},{0x0, 0x81, 0xF7, 0xFF}}},
	{{{0, -51, -251},0, {1008, -268},{0x0, 0x81, 0xF7, 0xFF}}},
	{{{0, -51, -251},0, {1008, -268},{0x0, 0x81, 0xF7, 0xFF}}},
	{{{626, -70, 0},0, {4192, 1008},{0x0, 0x81, 0xF7, 0xFF}}},
	{{{0, -70, 0},0, {1008, 1008},{0x0, 0x81, 0xF7, 0xFF}}},
	{{{626, -51, -251},0, {4192, -268},{0x0, 0x81, 0xF7, 0xFF}}},
	{{{0, -70, 0},0, {1008, 1008},{0x0, 0x81, 0x9, 0xFF}}},
	{{{626, -70, 0},0, {4192, 1008},{0x0, 0x81, 0x9, 0xFF}}},
	{{{626, -51, 251},0, {4192, 2284},{0x0, 0x81, 0x9, 0xFF}}},
	{{{0, -51, 251},0, {1008, 2284},{0x0, 0x81, 0x9, 0xFF}}},
	{{{-626, -70, 0},0, {-2176, 1008},{0x0, 0x81, 0x9, 0xFF}}},
	{{{-626, -51, 251},0, {-2176, 2284},{0x0, 0x81, 0x9, 0xFF}}},
	{{{1001, -38, 188},0, {6097, 1965},{0x43, 0xA4, 0x39, 0xFF}}},
	{{{1008, 0, 230},0, {6131, 2175},{0x43, 0xA4, 0x39, 0xFF}}},
	{{{932, 0, 331},0, {5745, 2689},{0x43, 0xA4, 0x39, 0xFF}}},
	{{{931, -49, 240},0, {5741, 2229},{0x43, 0xA4, 0x39, 0xFF}}},
	{{{1008, 0, 230},0, {6131, 2175},{0x43, 0x5C, 0x39, 0xFF}}},
	{{{1001, 38, 188},0, {6097, 1965},{0x43, 0x5C, 0x39, 0xFF}}},
	{{{931, 49, 240},0, {5741, 2229},{0x43, 0x5C, 0x39, 0xFF}}},
	{{{932, 0, 331},0, {5745, 2689},{0x43, 0x5C, 0x39, 0xFF}}},
	{{{932, 0, 331},0, {5745, 2689},{0x2, 0x70, 0x3D, 0xFF}}},
	{{{931, 49, 240},0, {5741, 2229},{0x2, 0x70, 0x3D, 0xFF}}},
	{{{626, 51, 251},0, {4192, 2284},{0x2, 0x70, 0x3D, 0xFF}}},
	{{{626, 0, 345},0, {4192, 2763},{0x2, 0x70, 0x3D, 0xFF}}},
	{{{931, -49, 240},0, {5741, 2229},{0x2, 0x90, 0x3D, 0xFF}}},
	{{{932, 0, 331},0, {5745, 2689},{0x2, 0x90, 0x3D, 0xFF}}},
	{{{626, 0, 345},0, {4192, 2763},{0x2, 0x90, 0x3D, 0xFF}}},
	{{{626, -51, 251},0, {4192, 2284},{0x2, 0x90, 0x3D, 0xFF}}},
	{{{626, -51, 251},0, {4192, 2284},{0x0, 0x90, 0x3D, 0xFF}}},
	{{{626, 0, 345},0, {4192, 2763},{0x0, 0x90, 0x3D, 0xFF}}},
	{{{0, 0, 345},0, {1008, 2763},{0x0, 0x90, 0x3D, 0xFF}}},
	{{{0, -51, 251},0, {1008, 2284},{0x0, 0x90, 0x3D, 0xFF}}},
	{{{0, -51, 251},0, {1008, 2284},{0x0, 0x90, 0x3D, 0xFF}}},
	{{{0, 0, 345},0, {1008, 2763},{0x0, 0x90, 0x3D, 0xFF}}},
	{{{-626, 0, 345},0, {-2176, 2763},{0x0, 0x90, 0x3D, 0xFF}}},
	{{{-626, -51, 251},0, {-2176, 2284},{0x0, 0x90, 0x3D, 0xFF}}},
	{{{626, 0, 345},0, {4192, 2763},{0x0, 0x70, 0x3D, 0xFF}}},
	{{{626, 51, 251},0, {4192, 2284},{0x0, 0x70, 0x3D, 0xFF}}},
	{{{0, 51, 251},0, {1008, 2284},{0x0, 0x70, 0x3D, 0xFF}}},
	{{{0, 0, 345},0, {1008, 2763},{0x0, 0x70, 0x3D, 0xFF}}},
	{{{-626, 51, 251},0, {-2176, 2284},{0x0, 0x70, 0x3D, 0xFF}}},
	{{{-626, 0, 345},0, {-2176, 2763},{0x0, 0x70, 0x3D, 0xFF}}},
	{{{-1001, -38, -188},0, {-4081, 51},{0xBD, 0xA4, 0xC7, 0xFF}}},
	{{{-1008, 0, -230},0, {-4115, -159},{0xBD, 0xA4, 0xC7, 0xFF}}},
	{{{-932, 0, -331},0, {-3729, -673},{0xBD, 0xA4, 0xC7, 0xFF}}},
	{{{-931, -49, -240},0, {-3725, -213},{0xBD, 0xA4, 0xC7, 0xFF}}},
	{{{-1008, 0, -230},0, {-4115, -159},{0xBD, 0x5C, 0xC7, 0xFF}}},
	{{{-1001, 38, -188},0, {-4081, 51},{0xBD, 0x5C, 0xC7, 0xFF}}},
	{{{-931, 49, -240},0, {-3725, -213},{0xBD, 0x5C, 0xC7, 0xFF}}},
	{{{-932, 0, -331},0, {-3729, -673},{0xBD, 0x5C, 0xC7, 0xFF}}},
	{{{-932, 0, -331},0, {-3729, -673},{0xFE, 0x70, 0xC3, 0xFF}}},
	{{{-931, 49, -240},0, {-3725, -213},{0xFE, 0x70, 0xC3, 0xFF}}},
	{{{-626, 51, -251},0, {-2176, -268},{0xFE, 0x70, 0xC3, 0xFF}}},
	{{{-626, 0, -345},0, {-2176, -747},{0xFE, 0x70, 0xC3, 0xFF}}},
	{{{-931, -49, -240},0, {-3725, -213},{0xFE, 0x90, 0xC3, 0xFF}}},
	{{{-932, 0, -331},0, {-3729, -673},{0xFE, 0x90, 0xC3, 0xFF}}},
	{{{-626, 0, -345},0, {-2176, -747},{0xFE, 0x90, 0xC3, 0xFF}}},
	{{{-626, -51, -251},0, {-2176, -268},{0xFE, 0x90, 0xC3, 0xFF}}},
	{{{-626, -51, -251},0, {-2176, -268},{0x0, 0x90, 0xC3, 0xFF}}},
	{{{-626, 0, -345},0, {-2176, -747},{0x0, 0x90, 0xC3, 0xFF}}},
	{{{0, 0, -345},0, {1008, -747},{0x0, 0x90, 0xC3, 0xFF}}},
	{{{0, -51, -251},0, {1008, -268},{0x0, 0x90, 0xC3, 0xFF}}},
	{{{0, -51, -251},0, {1008, -268},{0x0, 0x90, 0xC3, 0xFF}}},
	{{{0, 0, -345},0, {1008, -747},{0x0, 0x90, 0xC3, 0xFF}}},
	{{{626, 0, -345},0, {4192, -747},{0x0, 0x90, 0xC3, 0xFF}}},
	{{{626, -51, -251},0, {4192, -268},{0x0, 0x90, 0xC3, 0xFF}}},
	{{{-626, 0, -345},0, {-2176, -747},{0x0, 0x70, 0xC3, 0xFF}}},
	{{{-626, 51, -251},0, {-2176, -268},{0x0, 0x70, 0xC3, 0xFF}}},
	{{{0, 51, -251},0, {1008, -268},{0x0, 0x70, 0xC3, 0xFF}}},
	{{{0, 0, -345},0, {1008, -747},{0x0, 0x70, 0xC3, 0xFF}}},
	{{{626, 51, -251},0, {4192, -268},{0x0, 0x70, 0xC3, 0xFF}}},
	{{{626, 0, -345},0, {4192, -747},{0x0, 0x70, 0xC3, 0xFF}}},
};

Gfx wf_dl_slate_mesh_layer_1_tri_0[] = {
	gsSPVertex(wf_dl_slate_mesh_layer_1_vtx_0 + 0, 16, 0),
	gsSP1Triangle(0, 1, 2, 0),
	gsSP1Triangle(0, 2, 3, 0),
	gsSP1Triangle(4, 5, 6, 0),
	gsSP1Triangle(4, 6, 7, 0),
	gsSP1Triangle(8, 9, 10, 0),
	gsSP1Triangle(8, 10, 11, 0),
	gsSP1Triangle(12, 13, 14, 0),
	gsSP1Triangle(12, 14, 15, 0),
	gsSPVertex(wf_dl_slate_mesh_layer_1_vtx_0 + 16, 16, 0),
	gsSP1Triangle(0, 1, 2, 0),
	gsSP1Triangle(0, 2, 3, 0),
	gsSP1Triangle(4, 5, 6, 0),
	gsSP1Triangle(4, 6, 7, 0),
	gsSP1Triangle(8, 9, 10, 0),
	gsSP1Triangle(8, 10, 11, 0),
	gsSP1Triangle(12, 13, 14, 0),
	gsSP1Triangle(12, 14, 15, 0),
	gsSPVertex(wf_dl_slate_mesh_layer_1_vtx_0 + 32, 16, 0),
	gsSP1Triangle(0, 1, 2, 0),
	gsSP1Triangle(0, 2, 3, 0),
	gsSP1Triangle(4, 5, 6, 0),
	gsSP1Triangle(4, 6, 7, 0),
	gsSP1Triangle(8, 9, 10, 0),
	gsSP1Triangle(8, 10, 11, 0),
	gsSP1Triangle(12, 13, 14, 0),
	gsSP1Triangle(12, 14, 15, 0),
	gsSPVertex(wf_dl_slate_mesh_layer_1_vtx_0 + 48, 16, 0),
	gsSP1Triangle(0, 1, 2, 0),
	gsSP1Triangle(0, 2, 3, 0),
	gsSP1Triangle(4, 5, 6, 0),
	gsSP1Triangle(4, 6, 7, 0),
	gsSP1Triangle(8, 9, 10, 0),
	gsSP1Triangle(8, 10, 11, 0),
	gsSP1Triangle(12, 13, 14, 0),
	gsSP1Triangle(12, 14, 15, 0),
	gsSPVertex(wf_dl_slate_mesh_layer_1_vtx_0 + 64, 16, 0),
	gsSP1Triangle(0, 1, 2, 0),
	gsSP1Triangle(0, 2, 3, 0),
	gsSP1Triangle(4, 5, 6, 0),
	gsSP1Triangle(4, 6, 7, 0),
	gsSP1Triangle(8, 9, 10, 0),
	gsSP1Triangle(8, 10, 11, 0),
	gsSP1Triangle(12, 13, 14, 0),
	gsSP1Triangle(12, 14, 15, 0),
	gsSPVertex(wf_dl_slate_mesh_layer_1_vtx_0 + 80, 16, 0),
	gsSP1Triangle(0, 1, 2, 0),
	gsSP1Triangle(0, 2, 3, 0),
	gsSP1Triangle(4, 5, 6, 0),
	gsSP1Triangle(4, 6, 7, 0),
	gsSP1Triangle(8, 9, 10, 0),
	gsSP1Triangle(8, 10, 11, 0),
	gsSP1Triangle(12, 13, 14, 0),
	gsSP1Triangle(12, 14, 15, 0),
	gsSPVertex(wf_dl_slate_mesh_layer_1_vtx_0 + 96, 16, 0),
	gsSP1Triangle(0, 1, 2, 0),
	gsSP1Triangle(0, 2, 3, 0),
	gsSP1Triangle(4, 5, 6, 0),
	gsSP1Triangle(4, 6, 7, 0),
	gsSP1Triangle(8, 9, 10, 0),
	gsSP1Triangle(8, 10, 11, 0),
	gsSP1Triangle(12, 13, 14, 0),
	gsSP1Triangle(12, 14, 15, 0),
	gsSPVertex(wf_dl_slate_mesh_layer_1_vtx_0 + 112, 16, 0),
	gsSP1Triangle(0, 1, 2, 0),
	gsSP1Triangle(0, 3, 1, 0),
	gsSP1Triangle(3, 4, 1, 0),
	gsSP1Triangle(3, 5, 4, 0),
	gsSP1Triangle(6, 7, 8, 0),
	gsSP1Triangle(6, 8, 9, 0),
	gsSP1Triangle(10, 6, 9, 0),
	gsSP1Triangle(10, 9, 11, 0),
	gsSP1Triangle(12, 13, 14, 0),
	gsSP1Triangle(12, 14, 15, 0),
	gsSPVertex(wf_dl_slate_mesh_layer_1_vtx_0 + 128, 16, 0),
	gsSP1Triangle(0, 1, 2, 0),
	gsSP1Triangle(0, 2, 3, 0),
	gsSP1Triangle(4, 5, 6, 0),
	gsSP1Triangle(4, 6, 7, 0),
	gsSP1Triangle(8, 9, 10, 0),
	gsSP1Triangle(8, 10, 11, 0),
	gsSP1Triangle(12, 13, 14, 0),
	gsSP1Triangle(12, 15, 13, 0),
	gsSPVertex(wf_dl_slate_mesh_layer_1_vtx_0 + 144, 14, 0),
	gsSP1Triangle(0, 1, 2, 0),
	gsSP1Triangle(0, 3, 1, 0),
	gsSP1Triangle(4, 5, 6, 0),
	gsSP1Triangle(4, 6, 7, 0),
	gsSP1Triangle(8, 4, 7, 0),
	gsSP1Triangle(8, 7, 9, 0),
	gsSP1Triangle(10, 11, 12, 0),
	gsSP1Triangle(10, 12, 13, 0),
	gsSPVertex(wf_dl_slate_mesh_layer_1_vtx_0 + 158, 16, 0),
	gsSP1Triangle(0, 1, 2, 0),
	gsSP1Triangle(0, 2, 3, 0),
	gsSP1Triangle(4, 5, 6, 0),
	gsSP1Triangle(4, 6, 7, 0),
	gsSP1Triangle(8, 9, 10, 0),
	gsSP1Triangle(8, 10, 11, 0),
	gsSP1Triangle(12, 13, 14, 0),
	gsSP1Triangle(12, 14, 15, 0),
	gsSPVertex(wf_dl_slate_mesh_layer_1_vtx_0 + 174, 14, 0),
	gsSP1Triangle(0, 1, 2, 0),
	gsSP1Triangle(0, 2, 3, 0),
	gsSP1Triangle(4, 5, 6, 0),
	gsSP1Triangle(4, 6, 7, 0),
	gsSP1Triangle(7, 6, 8, 0),
	gsSP1Triangle(7, 8, 9, 0),
	gsSP1Triangle(10, 11, 12, 0),
	gsSP1Triangle(10, 12, 13, 0),
	gsSPVertex(wf_dl_slate_mesh_layer_1_vtx_0 + 188, 16, 0),
	gsSP1Triangle(0, 1, 2, 0),
	gsSP1Triangle(0, 2, 3, 0),
	gsSP1Triangle(4, 5, 6, 0),
	gsSP1Triangle(4, 6, 7, 0),
	gsSP1Triangle(8, 9, 10, 0),
	gsSP1Triangle(8, 10, 11, 0),
	gsSP1Triangle(12, 13, 14, 0),
	gsSP1Triangle(12, 14, 15, 0),
	gsSPVertex(wf_dl_slate_mesh_layer_1_vtx_0 + 204, 10, 0),
	gsSP1Triangle(0, 1, 2, 0),
	gsSP1Triangle(0, 2, 3, 0),
	gsSP1Triangle(4, 5, 6, 0),
	gsSP1Triangle(4, 6, 7, 0),
	gsSP1Triangle(7, 6, 8, 0),
	gsSP1Triangle(7, 8, 9, 0),
	gsSPEndDisplayList(),
};

Vtx wf_dl_slate_001_mesh_layer_1_vtx_0[214] = {
	{{{-1001, -38, 188},0, {-4081, 1965},{0x85, 0xDF, 0x6, 0xFF}}},
	{{{-1008, 0, 230},0, {-4115, 2175},{0x85, 0xDF, 0x6, 0xFF}}},
	{{{-1022, 0, 0},0, {-4187, 1008},{0x85, 0xDF, 0x6, 0xFF}}},
	{{{-1008, -47, 0},0, {-4115, 1008},{0x85, 0xDF, 0x6, 0xFF}}},
	{{{-1008, 0, 230},0, {-4115, 2175},{0x85, 0x21, 0x6, 0xFF}}},
	{{{-1001, 38, 188},0, {-4081, 1965},{0x85, 0x21, 0x6, 0xFF}}},
	{{{-1008, 47, 0},0, {-4115, 1008},{0x85, 0x21, 0x6, 0xFF}}},
	{{{-1022, 0, 0},0, {-4187, 1008},{0x85, 0x21, 0x6, 0xFF}}},
	{{{-1022, 0, 0},0, {-4187, 1008},{0x85, 0x21, 0xFA, 0xFF}}},
	{{{-1008, 47, 0},0, {-4115, 1008},{0x85, 0x21, 0xFA, 0xFF}}},
	{{{-1001, 38, -188},0, {-4081, 51},{0x85, 0x21, 0xFA, 0xFF}}},
	{{{-1008, 0, -230},0, {-4115, -159},{0x85, 0x21, 0xFA, 0xFF}}},
	{{{-1008, -47, 0},0, {-4115, 1008},{0x85, 0xDF, 0xFA, 0xFF}}},
	{{{-1022, 0, 0},0, {-4187, 1008},{0x85, 0xDF, 0xFA, 0xFF}}},
	{{{-1008, 0, -230},0, {-4115, -159},{0x85, 0xDF, 0xFA, 0xFF}}},
	{{{-1001, -38, -188},0, {-4081, 51},{0x85, 0xDF, 0xFA, 0xFF}}},
	{{{626, -51, -251},0, {4192, -268},{0x2, 0x90, 0xC3, 0xFF}}},
	{{{626, 0, -345},0, {4192, -747},{0x2, 0x90, 0xC3, 0xFF}}},
	{{{932, 0, -331},0, {5745, -673},{0x2, 0x90, 0xC3, 0xFF}}},
	{{{931, -49, -240},0, {5741, -213},{0x2, 0x90, 0xC3, 0xFF}}},
	{{{626, 0, -345},0, {4192, -747},{0x2, 0x70, 0xC3, 0xFF}}},
	{{{626, 51, -251},0, {4192, -268},{0x2, 0x70, 0xC3, 0xFF}}},
	{{{931, 49, -240},0, {5741, -213},{0x2, 0x70, 0xC3, 0xFF}}},
	{{{932, 0, -331},0, {5745, -673},{0x2, 0x70, 0xC3, 0xFF}}},
	{{{932, 0, -331},0, {5745, -673},{0x43, 0x5C, 0xC7, 0xFF}}},
	{{{931, 49, -240},0, {5741, -213},{0x43, 0x5C, 0xC7, 0xFF}}},
	{{{1001, 38, -188},0, {6097, 51},{0x43, 0x5C, 0xC7, 0xFF}}},
	{{{1008, 0, -230},0, {6131, -159},{0x43, 0x5C, 0xC7, 0xFF}}},
	{{{931, -49, -240},0, {5741, -213},{0x43, 0xA4, 0xC7, 0xFF}}},
	{{{932, 0, -331},0, {5745, -673},{0x43, 0xA4, 0xC7, 0xFF}}},
	{{{1008, 0, -230},0, {6131, -159},{0x43, 0xA4, 0xC7, 0xFF}}},
	{{{1001, -38, -188},0, {6097, 51},{0x43, 0xA4, 0xC7, 0xFF}}},
	{{{1001, -38, -188},0, {6097, 51},{0x7B, 0xDF, 0xFA, 0xFF}}},
	{{{1008, 0, -230},0, {6131, -159},{0x7B, 0xDF, 0xFA, 0xFF}}},
	{{{1022, 0, 0},0, {6203, 1008},{0x7B, 0xDF, 0xFA, 0xFF}}},
	{{{1008, -47, 0},0, {6131, 1008},{0x7B, 0xDF, 0xFA, 0xFF}}},
	{{{1008, 0, -230},0, {6131, -159},{0x7B, 0x21, 0xFA, 0xFF}}},
	{{{1001, 38, -188},0, {6097, 51},{0x7B, 0x21, 0xFA, 0xFF}}},
	{{{1008, 47, 0},0, {6131, 1008},{0x7B, 0x21, 0xFA, 0xFF}}},
	{{{1022, 0, 0},0, {6203, 1008},{0x7B, 0x21, 0xFA, 0xFF}}},
	{{{1022, 0, 0},0, {6203, 1008},{0x7B, 0x21, 0x6, 0xFF}}},
	{{{1008, 47, 0},0, {6131, 1008},{0x7B, 0x21, 0x6, 0xFF}}},
	{{{1001, 38, 188},0, {6097, 1965},{0x7B, 0x21, 0x6, 0xFF}}},
	{{{1008, 0, 230},0, {6131, 2175},{0x7B, 0x21, 0x6, 0xFF}}},
	{{{1008, -47, 0},0, {6131, 1008},{0x7B, 0xDF, 0x6, 0xFF}}},
	{{{1022, 0, 0},0, {6203, 1008},{0x7B, 0xDF, 0x6, 0xFF}}},
	{{{1008, 0, 230},0, {6131, 2175},{0x7B, 0xDF, 0x6, 0xFF}}},
	{{{1001, -38, 188},0, {6097, 1965},{0x7B, 0xDF, 0x6, 0xFF}}},
	{{{-626, -51, 251},0, {-2176, 2284},{0xFE, 0x90, 0x3D, 0xFF}}},
	{{{-626, 0, 345},0, {-2176, 2763},{0xFE, 0x90, 0x3D, 0xFF}}},
	{{{-932, 0, 331},0, {-3729, 2689},{0xFE, 0x90, 0x3D, 0xFF}}},
	{{{-931, -49, 240},0, {-3725, 2229},{0xFE, 0x90, 0x3D, 0xFF}}},
	{{{-626, 0, 345},0, {-2176, 2763},{0xFE, 0x70, 0x3D, 0xFF}}},
	{{{-626, 51, 251},0, {-2176, 2284},{0xFE, 0x70, 0x3D, 0xFF}}},
	{{{-931, 49, 240},0, {-3725, 2229},{0xFE, 0x70, 0x3D, 0xFF}}},
	{{{-932, 0, 331},0, {-3729, 2689},{0xFE, 0x70, 0x3D, 0xFF}}},
	{{{-932, 0, 331},0, {-3729, 2689},{0xBD, 0x5C, 0x39, 0xFF}}},
	{{{-931, 49, 240},0, {-3725, 2229},{0xBD, 0x5C, 0x39, 0xFF}}},
	{{{-1001, 38, 188},0, {-4081, 1965},{0xBD, 0x5C, 0x39, 0xFF}}},
	{{{-1008, 0, 230},0, {-4115, 2175},{0xBD, 0x5C, 0x39, 0xFF}}},
	{{{-931, -49, 240},0, {-3725, 2229},{0xBD, 0xA4, 0x39, 0xFF}}},
	{{{-932, 0, 331},0, {-3729, 2689},{0xBD, 0xA4, 0x39, 0xFF}}},
	{{{-1008, 0, 230},0, {-4115, 2175},{0xBD, 0xA4, 0x39, 0xFF}}},
	{{{-1001, -38, 188},0, {-4081, 1965},{0xBD, 0xA4, 0x39, 0xFF}}},
	{{{626, -51, -251},0, {4192, -268},{0x1, 0x81, 0xF7, 0xFF}}},
	{{{931, -49, -240},0, {5741, -213},{0x1, 0x81, 0xF7, 0xFF}}},
	{{{932, -67, 0},0, {5745, 1008},{0x1, 0x81, 0xF7, 0xFF}}},
	{{{626, -70, 0},0, {4192, 1008},{0x1, 0x81, 0xF7, 0xFF}}},
	{{{931, -49, -240},0, {5741, -213},{0x1D, 0x85, 0xF8, 0xFF}}},
	{{{1001, -38, -188},0, {6097, 51},{0x1D, 0x85, 0xF8, 0xFF}}},
	{{{1008, -47, 0},0, {6131, 1008},{0x1D, 0x85, 0xF8, 0xFF}}},
	{{{932, -67, 0},0, {5745, 1008},{0x1D, 0x85, 0xF8, 0xFF}}},
	{{{932, -67, 0},0, {5745, 1008},{0x1D, 0x85, 0x8, 0xFF}}},
	{{{1008, -47, 0},0, {6131, 1008},{0x1D, 0x85, 0x8, 0xFF}}},
	{{{1001, -38, 188},0, {6097, 1965},{0x1D, 0x85, 0x8, 0xFF}}},
	{{{931, -49, 240},0, {5741, 2229},{0x1D, 0x85, 0x8, 0xFF}}},
	{{{626, -70, 0},0, {4192, 1008},{0x1, 0x81, 0x9, 0xFF}}},
	{{{932, -67, 0},0, {5745, 1008},{0x1, 0x81, 0x9, 0xFF}}},
	{{{931, -49, 240},0, {5741, 2229},{0x1, 0x81, 0x9, 0xFF}}},
	{{{626, -51, 251},0, {4192, 2284},{0x1, 0x81, 0x9, 0xFF}}},
	{{{-626, 51, -251},0, {-2176, -268},{0xFF, 0x7F, 0xF7, 0xFF}}},
	{{{-931, 49, -240},0, {-3725, -213},{0xFF, 0x7F, 0xF7, 0xFF}}},
	{{{-932, 67, 0},0, {-3729, 1008},{0xFF, 0x7F, 0xF7, 0xFF}}},
	{{{-626, 70, 0},0, {-2176, 1008},{0xFF, 0x7F, 0xF7, 0xFF}}},
	{{{-931, 49, -240},0, {-3725, -213},{0xE3, 0x7B, 0xF8, 0xFF}}},
	{{{-1001, 38, -188},0, {-4081, 51},{0xE3, 0x7B, 0xF8, 0xFF}}},
	{{{-1008, 47, 0},0, {-4115, 1008},{0xE3, 0x7B, 0xF8, 0xFF}}},
	{{{-932, 67, 0},0, {-3729, 1008},{0xE3, 0x7B, 0xF8, 0xFF}}},
	{{{-932, 67, 0},0, {-3729, 1008},{0xE3, 0x7B, 0x8, 0xFF}}},
	{{{-1008, 47, 0},0, {-4115, 1008},{0xE3, 0x7B, 0x8, 0xFF}}},
	{{{-1001, 38, 188},0, {-4081, 1965},{0xE3, 0x7B, 0x8, 0xFF}}},
	{{{-931, 49, 240},0, {-3725, 2229},{0xE3, 0x7B, 0x8, 0xFF}}},
	{{{-626, 70, 0},0, {-2176, 1008},{0xFF, 0x7F, 0x9, 0xFF}}},
	{{{-932, 67, 0},0, {-3729, 1008},{0xFF, 0x7F, 0x9, 0xFF}}},
	{{{-931, 49, 240},0, {-3725, 2229},{0xFF, 0x7F, 0x9, 0xFF}}},
	{{{-626, 51, 251},0, {-2176, 2284},{0xFF, 0x7F, 0x9, 0xFF}}},
	{{{1001, 38, -188},0, {6097, 51},{0x1D, 0x7B, 0xF8, 0xFF}}},
	{{{931, 49, -240},0, {5741, -213},{0x1D, 0x7B, 0xF8, 0xFF}}},
	{{{932, 67, 0},0, {5745, 1008},{0x1D, 0x7B, 0xF8, 0xFF}}},
	{{{1008, 47, 0},0, {6131, 1008},{0x1D, 0x7B, 0xF8, 0xFF}}},
	{{{931, 49, -240},0, {5741, -213},{0x1, 0x7F, 0xF7, 0xFF}}},
	{{{626, 51, -251},0, {4192, -268},{0x1, 0x7F, 0xF7, 0xFF}}},
	{{{626, 70, 0},0, {4192, 1008},{0x1, 0x7F, 0xF7, 0xFF}}},
	{{{932, 67, 0},0, {5745, 1008},{0x1, 0x7F, 0xF7, 0xFF}}},
	{{{932, 67, 0},0, {5745, 1008},{0x1, 0x7F, 0x9, 0xFF}}},
	{{{626, 70, 0},0, {4192, 1008},{0x1, 0x7F, 0x9, 0xFF}}},
	{{{626, 51, 251},0, {4192, 2284},{0x1, 0x7F, 0x9, 0xFF}}},
	{{{931, 49, 240},0, {5741, 2229},{0x1, 0x7F, 0x9, 0xFF}}},
	{{{1008, 47, 0},0, {6131, 1008},{0x1D, 0x7B, 0x8, 0xFF}}},
	{{{932, 67, 0},0, {5745, 1008},{0x1D, 0x7B, 0x8, 0xFF}}},
	{{{931, 49, 240},0, {5741, 2229},{0x1D, 0x7B, 0x8, 0xFF}}},
	{{{1001, 38, 188},0, {6097, 1965},{0x1D, 0x7B, 0x8, 0xFF}}},
	{{{626, 51, -251},0, {4192, -268},{0x0, 0x7F, 0xF7, 0xFF}}},
	{{{0, 70, 0},0, {1008, 1008},{0x0, 0x7F, 0xF7, 0xFF}}},
	{{{626, 70, 0},0, {4192, 1008},{0x0, 0x7F, 0xF7, 0xFF}}},
	{{{0, 51, -251},0, {1008, -268},{0x0, 0x7F, 0xF7, 0xFF}}},
	{{{-626, 70, 0},0, {-2176, 1008},{0x0, 0x7F, 0xF7, 0xFF}}},
	{{{-626, 51, -251},0, {-2176, -268},{0x0, 0x7F, 0xF7, 0xFF}}},
	{{{0, 70, 0},0, {1008, 1008},{0x0, 0x7F, 0x9, 0xFF}}},
	{{{-626, 70, 0},0, {-2176, 1008},{0x0, 0x7F, 0x9, 0xFF}}},
	{{{-626, 51, 251},0, {-2176, 2284},{0x0, 0x7F, 0x9, 0xFF}}},
	{{{0, 51, 251},0, {1008, 2284},{0x0, 0x7F, 0x9, 0xFF}}},
	{{{626, 70, 0},0, {4192, 1008},{0x0, 0x7F, 0x9, 0xFF}}},
	{{{626, 51, 251},0, {4192, 2284},{0x0, 0x7F, 0x9, 0xFF}}},
	{{{-1001, -38, -188},0, {-4081, 51},{0xE3, 0x85, 0xF8, 0xFF}}},
	{{{-931, -49, -240},0, {-3725, -213},{0xE3, 0x85, 0xF8, 0xFF}}},
	{{{-932, -67, 0},0, {-3729, 1008},{0xE3, 0x85, 0xF8, 0xFF}}},
	{{{-1008, -47, 0},0, {-4115, 1008},{0xE3, 0x85, 0xF8, 0xFF}}},
	{{{-931, -49, -240},0, {-3725, -213},{0xFF, 0x81, 0xF7, 0xFF}}},
	{{{-626, -51, -251},0, {-2176, -268},{0xFF, 0x81, 0xF7, 0xFF}}},
	{{{-626, -70, 0},0, {-2176, 1008},{0xFF, 0x81, 0xF7, 0xFF}}},
	{{{-932, -67, 0},0, {-3729, 1008},{0xFF, 0x81, 0xF7, 0xFF}}},
	{{{-932, -67, 0},0, {-3729, 1008},{0xFF, 0x81, 0x9, 0xFF}}},
	{{{-626, -70, 0},0, {-2176, 1008},{0xFF, 0x81, 0x9, 0xFF}}},
	{{{-626, -51, 251},0, {-2176, 2284},{0xFF, 0x81, 0x9, 0xFF}}},
	{{{-931, -49, 240},0, {-3725, 2229},{0xFF, 0x81, 0x9, 0xFF}}},
	{{{-1008, -47, 0},0, {-4115, 1008},{0xE3, 0x85, 0x8, 0xFF}}},
	{{{-932, -67, 0},0, {-3729, 1008},{0xE3, 0x85, 0x8, 0xFF}}},
	{{{-931, -49, 240},0, {-3725, 2229},{0xE3, 0x85, 0x8, 0xFF}}},
	{{{-1001, -38, 188},0, {-4081, 1965},{0xE3, 0x85, 0x8, 0xFF}}},
	{{{-626, -51, -251},0, {-2176, -268},{0x0, 0x81, 0xF7, 0xFF}}},
	{{{0, -70, 0},0, {1008, 1008},{0x0, 0x81, 0xF7, 0xFF}}},
	{{{-626, -70, 0},0, {-2176, 1008},{0x0, 0x81, 0xF7, 0xFF}}},
	{{{0, -51, -251},0, {1008, -268},{0x0, 0x81, 0xF7, 0xFF}}},
	{{{0, -51, -251},0, {1008, -268},{0x0, 0x81, 0xF7, 0xFF}}},
	{{{626, -70, 0},0, {4192, 1008},{0x0, 0x81, 0xF7, 0xFF}}},
	{{{0, -70, 0},0, {1008, 1008},{0x0, 0x81, 0xF7, 0xFF}}},
	{{{626, -51, -251},0, {4192, -268},{0x0, 0x81, 0xF7, 0xFF}}},
	{{{0, -70, 0},0, {1008, 1008},{0x0, 0x81, 0x9, 0xFF}}},
	{{{626, -70, 0},0, {4192, 1008},{0x0, 0x81, 0x9, 0xFF}}},
	{{{626, -51, 251},0, {4192, 2284},{0x0, 0x81, 0x9, 0xFF}}},
	{{{0, -51, 251},0, {1008, 2284},{0x0, 0x81, 0x9, 0xFF}}},
	{{{-626, -70, 0},0, {-2176, 1008},{0x0, 0x81, 0x9, 0xFF}}},
	{{{-626, -51, 251},0, {-2176, 2284},{0x0, 0x81, 0x9, 0xFF}}},
	{{{1001, -38, 188},0, {6097, 1965},{0x43, 0xA4, 0x39, 0xFF}}},
	{{{1008, 0, 230},0, {6131, 2175},{0x43, 0xA4, 0x39, 0xFF}}},
	{{{932, 0, 331},0, {5745, 2689},{0x43, 0xA4, 0x39, 0xFF}}},
	{{{931, -49, 240},0, {5741, 2229},{0x43, 0xA4, 0x39, 0xFF}}},
	{{{1008, 0, 230},0, {6131, 2175},{0x43, 0x5C, 0x39, 0xFF}}},
	{{{1001, 38, 188},0, {6097, 1965},{0x43, 0x5C, 0x39, 0xFF}}},
	{{{931, 49, 240},0, {5741, 2229},{0x43, 0x5C, 0x39, 0xFF}}},
	{{{932, 0, 331},0, {5745, 2689},{0x43, 0x5C, 0x39, 0xFF}}},
	{{{932, 0, 331},0, {5745, 2689},{0x2, 0x70, 0x3D, 0xFF}}},
	{{{931, 49, 240},0, {5741, 2229},{0x2, 0x70, 0x3D, 0xFF}}},
	{{{626, 51, 251},0, {4192, 2284},{0x2, 0x70, 0x3D, 0xFF}}},
	{{{626, 0, 345},0, {4192, 2763},{0x2, 0x70, 0x3D, 0xFF}}},
	{{{931, -49, 240},0, {5741, 2229},{0x2, 0x90, 0x3D, 0xFF}}},
	{{{932, 0, 331},0, {5745, 2689},{0x2, 0x90, 0x3D, 0xFF}}},
	{{{626, 0, 345},0, {4192, 2763},{0x2, 0x90, 0x3D, 0xFF}}},
	{{{626, -51, 251},0, {4192, 2284},{0x2, 0x90, 0x3D, 0xFF}}},
	{{{626, -51, 251},0, {4192, 2284},{0x0, 0x90, 0x3D, 0xFF}}},
	{{{626, 0, 345},0, {4192, 2763},{0x0, 0x90, 0x3D, 0xFF}}},
	{{{0, 0, 345},0, {1008, 2763},{0x0, 0x90, 0x3D, 0xFF}}},
	{{{0, -51, 251},0, {1008, 2284},{0x0, 0x90, 0x3D, 0xFF}}},
	{{{0, -51, 251},0, {1008, 2284},{0x0, 0x90, 0x3D, 0xFF}}},
	{{{0, 0, 345},0, {1008, 2763},{0x0, 0x90, 0x3D, 0xFF}}},
	{{{-626, 0, 345},0, {-2176, 2763},{0x0, 0x90, 0x3D, 0xFF}}},
	{{{-626, -51, 251},0, {-2176, 2284},{0x0, 0x90, 0x3D, 0xFF}}},
	{{{626, 0, 345},0, {4192, 2763},{0x0, 0x70, 0x3D, 0xFF}}},
	{{{626, 51, 251},0, {4192, 2284},{0x0, 0x70, 0x3D, 0xFF}}},
	{{{0, 51, 251},0, {1008, 2284},{0x0, 0x70, 0x3D, 0xFF}}},
	{{{0, 0, 345},0, {1008, 2763},{0x0, 0x70, 0x3D, 0xFF}}},
	{{{-626, 51, 251},0, {-2176, 2284},{0x0, 0x70, 0x3D, 0xFF}}},
	{{{-626, 0, 345},0, {-2176, 2763},{0x0, 0x70, 0x3D, 0xFF}}},
	{{{-1001, -38, -188},0, {-4081, 51},{0xBD, 0xA4, 0xC7, 0xFF}}},
	{{{-1008, 0, -230},0, {-4115, -159},{0xBD, 0xA4, 0xC7, 0xFF}}},
	{{{-932, 0, -331},0, {-3729, -673},{0xBD, 0xA4, 0xC7, 0xFF}}},
	{{{-931, -49, -240},0, {-3725, -213},{0xBD, 0xA4, 0xC7, 0xFF}}},
	{{{-1008, 0, -230},0, {-4115, -159},{0xBD, 0x5C, 0xC7, 0xFF}}},
	{{{-1001, 38, -188},0, {-4081, 51},{0xBD, 0x5C, 0xC7, 0xFF}}},
	{{{-931, 49, -240},0, {-3725, -213},{0xBD, 0x5C, 0xC7, 0xFF}}},
	{{{-932, 0, -331},0, {-3729, -673},{0xBD, 0x5C, 0xC7, 0xFF}}},
	{{{-932, 0, -331},0, {-3729, -673},{0xFE, 0x70, 0xC3, 0xFF}}},
	{{{-931, 49, -240},0, {-3725, -213},{0xFE, 0x70, 0xC3, 0xFF}}},
	{{{-626, 51, -251},0, {-2176, -268},{0xFE, 0x70, 0xC3, 0xFF}}},
	{{{-626, 0, -345},0, {-2176, -747},{0xFE, 0x70, 0xC3, 0xFF}}},
	{{{-931, -49, -240},0, {-3725, -213},{0xFE, 0x90, 0xC3, 0xFF}}},
	{{{-932, 0, -331},0, {-3729, -673},{0xFE, 0x90, 0xC3, 0xFF}}},
	{{{-626, 0, -345},0, {-2176, -747},{0xFE, 0x90, 0xC3, 0xFF}}},
	{{{-626, -51, -251},0, {-2176, -268},{0xFE, 0x90, 0xC3, 0xFF}}},
	{{{-626, -51, -251},0, {-2176, -268},{0x0, 0x90, 0xC3, 0xFF}}},
	{{{-626, 0, -345},0, {-2176, -747},{0x0, 0x90, 0xC3, 0xFF}}},
	{{{0, 0, -345},0, {1008, -747},{0x0, 0x90, 0xC3, 0xFF}}},
	{{{0, -51, -251},0, {1008, -268},{0x0, 0x90, 0xC3, 0xFF}}},
	{{{0, -51, -251},0, {1008, -268},{0x0, 0x90, 0xC3, 0xFF}}},
	{{{0, 0, -345},0, {1008, -747},{0x0, 0x90, 0xC3, 0xFF}}},
	{{{626, 0, -345},0, {4192, -747},{0x0, 0x90, 0xC3, 0xFF}}},
	{{{626, -51, -251},0, {4192, -268},{0x0, 0x90, 0xC3, 0xFF}}},
	{{{-626, 0, -345},0, {-2176, -747},{0x0, 0x70, 0xC3, 0xFF}}},
	{{{-626, 51, -251},0, {-2176, -268},{0x0, 0x70, 0xC3, 0xFF}}},
	{{{0, 51, -251},0, {1008, -268},{0x0, 0x70, 0xC3, 0xFF}}},
	{{{0, 0, -345},0, {1008, -747},{0x0, 0x70, 0xC3, 0xFF}}},
	{{{626, 51, -251},0, {4192, -268},{0x0, 0x70, 0xC3, 0xFF}}},
	{{{626, 0, -345},0, {4192, -747},{0x0, 0x70, 0xC3, 0xFF}}},
};

Gfx wf_dl_slate_001_mesh_layer_1_tri_0[] = {
	gsSPVertex(wf_dl_slate_001_mesh_layer_1_vtx_0 + 0, 16, 0),
	gsSP1Triangle(0, 1, 2, 0),
	gsSP1Triangle(0, 2, 3, 0),
	gsSP1Triangle(4, 5, 6, 0),
	gsSP1Triangle(4, 6, 7, 0),
	gsSP1Triangle(8, 9, 10, 0),
	gsSP1Triangle(8, 10, 11, 0),
	gsSP1Triangle(12, 13, 14, 0),
	gsSP1Triangle(12, 14, 15, 0),
	gsSPVertex(wf_dl_slate_001_mesh_layer_1_vtx_0 + 16, 16, 0),
	gsSP1Triangle(0, 1, 2, 0),
	gsSP1Triangle(0, 2, 3, 0),
	gsSP1Triangle(4, 5, 6, 0),
	gsSP1Triangle(4, 6, 7, 0),
	gsSP1Triangle(8, 9, 10, 0),
	gsSP1Triangle(8, 10, 11, 0),
	gsSP1Triangle(12, 13, 14, 0),
	gsSP1Triangle(12, 14, 15, 0),
	gsSPVertex(wf_dl_slate_001_mesh_layer_1_vtx_0 + 32, 16, 0),
	gsSP1Triangle(0, 1, 2, 0),
	gsSP1Triangle(0, 2, 3, 0),
	gsSP1Triangle(4, 5, 6, 0),
	gsSP1Triangle(4, 6, 7, 0),
	gsSP1Triangle(8, 9, 10, 0),
	gsSP1Triangle(8, 10, 11, 0),
	gsSP1Triangle(12, 13, 14, 0),
	gsSP1Triangle(12, 14, 15, 0),
	gsSPVertex(wf_dl_slate_001_mesh_layer_1_vtx_0 + 48, 16, 0),
	gsSP1Triangle(0, 1, 2, 0),
	gsSP1Triangle(0, 2, 3, 0),
	gsSP1Triangle(4, 5, 6, 0),
	gsSP1Triangle(4, 6, 7, 0),
	gsSP1Triangle(8, 9, 10, 0),
	gsSP1Triangle(8, 10, 11, 0),
	gsSP1Triangle(12, 13, 14, 0),
	gsSP1Triangle(12, 14, 15, 0),
	gsSPVertex(wf_dl_slate_001_mesh_layer_1_vtx_0 + 64, 16, 0),
	gsSP1Triangle(0, 1, 2, 0),
	gsSP1Triangle(0, 2, 3, 0),
	gsSP1Triangle(4, 5, 6, 0),
	gsSP1Triangle(4, 6, 7, 0),
	gsSP1Triangle(8, 9, 10, 0),
	gsSP1Triangle(8, 10, 11, 0),
	gsSP1Triangle(12, 13, 14, 0),
	gsSP1Triangle(12, 14, 15, 0),
	gsSPVertex(wf_dl_slate_001_mesh_layer_1_vtx_0 + 80, 16, 0),
	gsSP1Triangle(0, 1, 2, 0),
	gsSP1Triangle(0, 2, 3, 0),
	gsSP1Triangle(4, 5, 6, 0),
	gsSP1Triangle(4, 6, 7, 0),
	gsSP1Triangle(8, 9, 10, 0),
	gsSP1Triangle(8, 10, 11, 0),
	gsSP1Triangle(12, 13, 14, 0),
	gsSP1Triangle(12, 14, 15, 0),
	gsSPVertex(wf_dl_slate_001_mesh_layer_1_vtx_0 + 96, 16, 0),
	gsSP1Triangle(0, 1, 2, 0),
	gsSP1Triangle(0, 2, 3, 0),
	gsSP1Triangle(4, 5, 6, 0),
	gsSP1Triangle(4, 6, 7, 0),
	gsSP1Triangle(8, 9, 10, 0),
	gsSP1Triangle(8, 10, 11, 0),
	gsSP1Triangle(12, 13, 14, 0),
	gsSP1Triangle(12, 14, 15, 0),
	gsSPVertex(wf_dl_slate_001_mesh_layer_1_vtx_0 + 112, 16, 0),
	gsSP1Triangle(0, 1, 2, 0),
	gsSP1Triangle(0, 3, 1, 0),
	gsSP1Triangle(3, 4, 1, 0),
	gsSP1Triangle(3, 5, 4, 0),
	gsSP1Triangle(6, 7, 8, 0),
	gsSP1Triangle(6, 8, 9, 0),
	gsSP1Triangle(10, 6, 9, 0),
	gsSP1Triangle(10, 9, 11, 0),
	gsSP1Triangle(12, 13, 14, 0),
	gsSP1Triangle(12, 14, 15, 0),
	gsSPVertex(wf_dl_slate_001_mesh_layer_1_vtx_0 + 128, 16, 0),
	gsSP1Triangle(0, 1, 2, 0),
	gsSP1Triangle(0, 2, 3, 0),
	gsSP1Triangle(4, 5, 6, 0),
	gsSP1Triangle(4, 6, 7, 0),
	gsSP1Triangle(8, 9, 10, 0),
	gsSP1Triangle(8, 10, 11, 0),
	gsSP1Triangle(12, 13, 14, 0),
	gsSP1Triangle(12, 15, 13, 0),
	gsSPVertex(wf_dl_slate_001_mesh_layer_1_vtx_0 + 144, 14, 0),
	gsSP1Triangle(0, 1, 2, 0),
	gsSP1Triangle(0, 3, 1, 0),
	gsSP1Triangle(4, 5, 6, 0),
	gsSP1Triangle(4, 6, 7, 0),
	gsSP1Triangle(8, 4, 7, 0),
	gsSP1Triangle(8, 7, 9, 0),
	gsSP1Triangle(10, 11, 12, 0),
	gsSP1Triangle(10, 12, 13, 0),
	gsSPVertex(wf_dl_slate_001_mesh_layer_1_vtx_0 + 158, 16, 0),
	gsSP1Triangle(0, 1, 2, 0),
	gsSP1Triangle(0, 2, 3, 0),
	gsSP1Triangle(4, 5, 6, 0),
	gsSP1Triangle(4, 6, 7, 0),
	gsSP1Triangle(8, 9, 10, 0),
	gsSP1Triangle(8, 10, 11, 0),
	gsSP1Triangle(12, 13, 14, 0),
	gsSP1Triangle(12, 14, 15, 0),
	gsSPVertex(wf_dl_slate_001_mesh_layer_1_vtx_0 + 174, 14, 0),
	gsSP1Triangle(0, 1, 2, 0),
	gsSP1Triangle(0, 2, 3, 0),
	gsSP1Triangle(4, 5, 6, 0),
	gsSP1Triangle(4, 6, 7, 0),
	gsSP1Triangle(7, 6, 8, 0),
	gsSP1Triangle(7, 8, 9, 0),
	gsSP1Triangle(10, 11, 12, 0),
	gsSP1Triangle(10, 12, 13, 0),
	gsSPVertex(wf_dl_slate_001_mesh_layer_1_vtx_0 + 188, 16, 0),
	gsSP1Triangle(0, 1, 2, 0),
	gsSP1Triangle(0, 2, 3, 0),
	gsSP1Triangle(4, 5, 6, 0),
	gsSP1Triangle(4, 6, 7, 0),
	gsSP1Triangle(8, 9, 10, 0),
	gsSP1Triangle(8, 10, 11, 0),
	gsSP1Triangle(12, 13, 14, 0),
	gsSP1Triangle(12, 14, 15, 0),
	gsSPVertex(wf_dl_slate_001_mesh_layer_1_vtx_0 + 204, 10, 0),
	gsSP1Triangle(0, 1, 2, 0),
	gsSP1Triangle(0, 2, 3, 0),
	gsSP1Triangle(4, 5, 6, 0),
	gsSP1Triangle(4, 6, 7, 0),
	gsSP1Triangle(7, 6, 8, 0),
	gsSP1Triangle(7, 8, 9, 0),
	gsSPEndDisplayList(),
};

Vtx wf_dl_slate_002_mesh_layer_1_vtx_0[214] = {
	{{{-1001, -38, 188},0, {-4081, 1965},{0x85, 0xDF, 0x6, 0xFF}}},
	{{{-1008, 0, 230},0, {-4115, 2175},{0x85, 0xDF, 0x6, 0xFF}}},
	{{{-1022, 0, 0},0, {-4187, 1008},{0x85, 0xDF, 0x6, 0xFF}}},
	{{{-1008, -47, 0},0, {-4115, 1008},{0x85, 0xDF, 0x6, 0xFF}}},
	{{{-1008, 0, 230},0, {-4115, 2175},{0x85, 0x21, 0x6, 0xFF}}},
	{{{-1001, 38, 188},0, {-4081, 1965},{0x85, 0x21, 0x6, 0xFF}}},
	{{{-1008, 47, 0},0, {-4115, 1008},{0x85, 0x21, 0x6, 0xFF}}},
	{{{-1022, 0, 0},0, {-4187, 1008},{0x85, 0x21, 0x6, 0xFF}}},
	{{{-1022, 0, 0},0, {-4187, 1008},{0x85, 0x21, 0xFA, 0xFF}}},
	{{{-1008, 47, 0},0, {-4115, 1008},{0x85, 0x21, 0xFA, 0xFF}}},
	{{{-1001, 38, -188},0, {-4081, 51},{0x85, 0x21, 0xFA, 0xFF}}},
	{{{-1008, 0, -230},0, {-4115, -159},{0x85, 0x21, 0xFA, 0xFF}}},
	{{{-1008, -47, 0},0, {-4115, 1008},{0x85, 0xDF, 0xFA, 0xFF}}},
	{{{-1022, 0, 0},0, {-4187, 1008},{0x85, 0xDF, 0xFA, 0xFF}}},
	{{{-1008, 0, -230},0, {-4115, -159},{0x85, 0xDF, 0xFA, 0xFF}}},
	{{{-1001, -38, -188},0, {-4081, 51},{0x85, 0xDF, 0xFA, 0xFF}}},
	{{{626, -51, -251},0, {4192, -268},{0x2, 0x90, 0xC3, 0xFF}}},
	{{{626, 0, -345},0, {4192, -747},{0x2, 0x90, 0xC3, 0xFF}}},
	{{{932, 0, -331},0, {5745, -673},{0x2, 0x90, 0xC3, 0xFF}}},
	{{{931, -49, -240},0, {5741, -213},{0x2, 0x90, 0xC3, 0xFF}}},
	{{{626, 0, -345},0, {4192, -747},{0x2, 0x70, 0xC3, 0xFF}}},
	{{{626, 51, -251},0, {4192, -268},{0x2, 0x70, 0xC3, 0xFF}}},
	{{{931, 49, -240},0, {5741, -213},{0x2, 0x70, 0xC3, 0xFF}}},
	{{{932, 0, -331},0, {5745, -673},{0x2, 0x70, 0xC3, 0xFF}}},
	{{{932, 0, -331},0, {5745, -673},{0x43, 0x5C, 0xC7, 0xFF}}},
	{{{931, 49, -240},0, {5741, -213},{0x43, 0x5C, 0xC7, 0xFF}}},
	{{{1001, 38, -188},0, {6097, 51},{0x43, 0x5C, 0xC7, 0xFF}}},
	{{{1008, 0, -230},0, {6131, -159},{0x43, 0x5C, 0xC7, 0xFF}}},
	{{{931, -49, -240},0, {5741, -213},{0x43, 0xA4, 0xC7, 0xFF}}},
	{{{932, 0, -331},0, {5745, -673},{0x43, 0xA4, 0xC7, 0xFF}}},
	{{{1008, 0, -230},0, {6131, -159},{0x43, 0xA4, 0xC7, 0xFF}}},
	{{{1001, -38, -188},0, {6097, 51},{0x43, 0xA4, 0xC7, 0xFF}}},
	{{{1001, -38, -188},0, {6097, 51},{0x7B, 0xDF, 0xFA, 0xFF}}},
	{{{1008, 0, -230},0, {6131, -159},{0x7B, 0xDF, 0xFA, 0xFF}}},
	{{{1022, 0, 0},0, {6203, 1008},{0x7B, 0xDF, 0xFA, 0xFF}}},
	{{{1008, -47, 0},0, {6131, 1008},{0x7B, 0xDF, 0xFA, 0xFF}}},
	{{{1008, 0, -230},0, {6131, -159},{0x7B, 0x21, 0xFA, 0xFF}}},
	{{{1001, 38, -188},0, {6097, 51},{0x7B, 0x21, 0xFA, 0xFF}}},
	{{{1008, 47, 0},0, {6131, 1008},{0x7B, 0x21, 0xFA, 0xFF}}},
	{{{1022, 0, 0},0, {6203, 1008},{0x7B, 0x21, 0xFA, 0xFF}}},
	{{{1022, 0, 0},0, {6203, 1008},{0x7B, 0x21, 0x6, 0xFF}}},
	{{{1008, 47, 0},0, {6131, 1008},{0x7B, 0x21, 0x6, 0xFF}}},
	{{{1001, 38, 188},0, {6097, 1965},{0x7B, 0x21, 0x6, 0xFF}}},
	{{{1008, 0, 230},0, {6131, 2175},{0x7B, 0x21, 0x6, 0xFF}}},
	{{{1008, -47, 0},0, {6131, 1008},{0x7B, 0xDF, 0x6, 0xFF}}},
	{{{1022, 0, 0},0, {6203, 1008},{0x7B, 0xDF, 0x6, 0xFF}}},
	{{{1008, 0, 230},0, {6131, 2175},{0x7B, 0xDF, 0x6, 0xFF}}},
	{{{1001, -38, 188},0, {6097, 1965},{0x7B, 0xDF, 0x6, 0xFF}}},
	{{{-626, -51, 251},0, {-2176, 2284},{0xFE, 0x90, 0x3D, 0xFF}}},
	{{{-626, 0, 345},0, {-2176, 2763},{0xFE, 0x90, 0x3D, 0xFF}}},
	{{{-932, 0, 331},0, {-3729, 2689},{0xFE, 0x90, 0x3D, 0xFF}}},
	{{{-931, -49, 240},0, {-3725, 2229},{0xFE, 0x90, 0x3D, 0xFF}}},
	{{{-626, 0, 345},0, {-2176, 2763},{0xFE, 0x70, 0x3D, 0xFF}}},
	{{{-626, 51, 251},0, {-2176, 2284},{0xFE, 0x70, 0x3D, 0xFF}}},
	{{{-931, 49, 240},0, {-3725, 2229},{0xFE, 0x70, 0x3D, 0xFF}}},
	{{{-932, 0, 331},0, {-3729, 2689},{0xFE, 0x70, 0x3D, 0xFF}}},
	{{{-932, 0, 331},0, {-3729, 2689},{0xBD, 0x5C, 0x39, 0xFF}}},
	{{{-931, 49, 240},0, {-3725, 2229},{0xBD, 0x5C, 0x39, 0xFF}}},
	{{{-1001, 38, 188},0, {-4081, 1965},{0xBD, 0x5C, 0x39, 0xFF}}},
	{{{-1008, 0, 230},0, {-4115, 2175},{0xBD, 0x5C, 0x39, 0xFF}}},
	{{{-931, -49, 240},0, {-3725, 2229},{0xBD, 0xA4, 0x39, 0xFF}}},
	{{{-932, 0, 331},0, {-3729, 2689},{0xBD, 0xA4, 0x39, 0xFF}}},
	{{{-1008, 0, 230},0, {-4115, 2175},{0xBD, 0xA4, 0x39, 0xFF}}},
	{{{-1001, -38, 188},0, {-4081, 1965},{0xBD, 0xA4, 0x39, 0xFF}}},
	{{{626, -51, -251},0, {4192, -268},{0x1, 0x81, 0xF7, 0xFF}}},
	{{{931, -49, -240},0, {5741, -213},{0x1, 0x81, 0xF7, 0xFF}}},
	{{{932, -67, 0},0, {5745, 1008},{0x1, 0x81, 0xF7, 0xFF}}},
	{{{626, -70, 0},0, {4192, 1008},{0x1, 0x81, 0xF7, 0xFF}}},
	{{{931, -49, -240},0, {5741, -213},{0x1D, 0x85, 0xF8, 0xFF}}},
	{{{1001, -38, -188},0, {6097, 51},{0x1D, 0x85, 0xF8, 0xFF}}},
	{{{1008, -47, 0},0, {6131, 1008},{0x1D, 0x85, 0xF8, 0xFF}}},
	{{{932, -67, 0},0, {5745, 1008},{0x1D, 0x85, 0xF8, 0xFF}}},
	{{{932, -67, 0},0, {5745, 1008},{0x1D, 0x85, 0x8, 0xFF}}},
	{{{1008, -47, 0},0, {6131, 1008},{0x1D, 0x85, 0x8, 0xFF}}},
	{{{1001, -38, 188},0, {6097, 1965},{0x1D, 0x85, 0x8, 0xFF}}},
	{{{931, -49, 240},0, {5741, 2229},{0x1D, 0x85, 0x8, 0xFF}}},
	{{{626, -70, 0},0, {4192, 1008},{0x1, 0x81, 0x9, 0xFF}}},
	{{{932, -67, 0},0, {5745, 1008},{0x1, 0x81, 0x9, 0xFF}}},
	{{{931, -49, 240},0, {5741, 2229},{0x1, 0x81, 0x9, 0xFF}}},
	{{{626, -51, 251},0, {4192, 2284},{0x1, 0x81, 0x9, 0xFF}}},
	{{{-626, 51, -251},0, {-2176, -268},{0xFF, 0x7F, 0xF7, 0xFF}}},
	{{{-931, 49, -240},0, {-3725, -213},{0xFF, 0x7F, 0xF7, 0xFF}}},
	{{{-932, 67, 0},0, {-3729, 1008},{0xFF, 0x7F, 0xF7, 0xFF}}},
	{{{-626, 70, 0},0, {-2176, 1008},{0xFF, 0x7F, 0xF7, 0xFF}}},
	{{{-931, 49, -240},0, {-3725, -213},{0xE3, 0x7B, 0xF8, 0xFF}}},
	{{{-1001, 38, -188},0, {-4081, 51},{0xE3, 0x7B, 0xF8, 0xFF}}},
	{{{-1008, 47, 0},0, {-4115, 1008},{0xE3, 0x7B, 0xF8, 0xFF}}},
	{{{-932, 67, 0},0, {-3729, 1008},{0xE3, 0x7B, 0xF8, 0xFF}}},
	{{{-932, 67, 0},0, {-3729, 1008},{0xE3, 0x7B, 0x8, 0xFF}}},
	{{{-1008, 47, 0},0, {-4115, 1008},{0xE3, 0x7B, 0x8, 0xFF}}},
	{{{-1001, 38, 188},0, {-4081, 1965},{0xE3, 0x7B, 0x8, 0xFF}}},
	{{{-931, 49, 240},0, {-3725, 2229},{0xE3, 0x7B, 0x8, 0xFF}}},
	{{{-626, 70, 0},0, {-2176, 1008},{0xFF, 0x7F, 0x9, 0xFF}}},
	{{{-932, 67, 0},0, {-3729, 1008},{0xFF, 0x7F, 0x9, 0xFF}}},
	{{{-931, 49, 240},0, {-3725, 2229},{0xFF, 0x7F, 0x9, 0xFF}}},
	{{{-626, 51, 251},0, {-2176, 2284},{0xFF, 0x7F, 0x9, 0xFF}}},
	{{{1001, 38, -188},0, {6097, 51},{0x1D, 0x7B, 0xF8, 0xFF}}},
	{{{931, 49, -240},0, {5741, -213},{0x1D, 0x7B, 0xF8, 0xFF}}},
	{{{932, 67, 0},0, {5745, 1008},{0x1D, 0x7B, 0xF8, 0xFF}}},
	{{{1008, 47, 0},0, {6131, 1008},{0x1D, 0x7B, 0xF8, 0xFF}}},
	{{{931, 49, -240},0, {5741, -213},{0x1, 0x7F, 0xF7, 0xFF}}},
	{{{626, 51, -251},0, {4192, -268},{0x1, 0x7F, 0xF7, 0xFF}}},
	{{{626, 70, 0},0, {4192, 1008},{0x1, 0x7F, 0xF7, 0xFF}}},
	{{{932, 67, 0},0, {5745, 1008},{0x1, 0x7F, 0xF7, 0xFF}}},
	{{{932, 67, 0},0, {5745, 1008},{0x1, 0x7F, 0x9, 0xFF}}},
	{{{626, 70, 0},0, {4192, 1008},{0x1, 0x7F, 0x9, 0xFF}}},
	{{{626, 51, 251},0, {4192, 2284},{0x1, 0x7F, 0x9, 0xFF}}},
	{{{931, 49, 240},0, {5741, 2229},{0x1, 0x7F, 0x9, 0xFF}}},
	{{{1008, 47, 0},0, {6131, 1008},{0x1D, 0x7B, 0x8, 0xFF}}},
	{{{932, 67, 0},0, {5745, 1008},{0x1D, 0x7B, 0x8, 0xFF}}},
	{{{931, 49, 240},0, {5741, 2229},{0x1D, 0x7B, 0x8, 0xFF}}},
	{{{1001, 38, 188},0, {6097, 1965},{0x1D, 0x7B, 0x8, 0xFF}}},
	{{{626, 51, -251},0, {4192, -268},{0x0, 0x7F, 0xF7, 0xFF}}},
	{{{0, 70, 0},0, {1008, 1008},{0x0, 0x7F, 0xF7, 0xFF}}},
	{{{626, 70, 0},0, {4192, 1008},{0x0, 0x7F, 0xF7, 0xFF}}},
	{{{0, 51, -251},0, {1008, -268},{0x0, 0x7F, 0xF7, 0xFF}}},
	{{{-626, 70, 0},0, {-2176, 1008},{0x0, 0x7F, 0xF7, 0xFF}}},
	{{{-626, 51, -251},0, {-2176, -268},{0x0, 0x7F, 0xF7, 0xFF}}},
	{{{0, 70, 0},0, {1008, 1008},{0x0, 0x7F, 0x9, 0xFF}}},
	{{{-626, 70, 0},0, {-2176, 1008},{0x0, 0x7F, 0x9, 0xFF}}},
	{{{-626, 51, 251},0, {-2176, 2284},{0x0, 0x7F, 0x9, 0xFF}}},
	{{{0, 51, 251},0, {1008, 2284},{0x0, 0x7F, 0x9, 0xFF}}},
	{{{626, 70, 0},0, {4192, 1008},{0x0, 0x7F, 0x9, 0xFF}}},
	{{{626, 51, 251},0, {4192, 2284},{0x0, 0x7F, 0x9, 0xFF}}},
	{{{-1001, -38, -188},0, {-4081, 51},{0xE3, 0x85, 0xF8, 0xFF}}},
	{{{-931, -49, -240},0, {-3725, -213},{0xE3, 0x85, 0xF8, 0xFF}}},
	{{{-932, -67, 0},0, {-3729, 1008},{0xE3, 0x85, 0xF8, 0xFF}}},
	{{{-1008, -47, 0},0, {-4115, 1008},{0xE3, 0x85, 0xF8, 0xFF}}},
	{{{-931, -49, -240},0, {-3725, -213},{0xFF, 0x81, 0xF7, 0xFF}}},
	{{{-626, -51, -251},0, {-2176, -268},{0xFF, 0x81, 0xF7, 0xFF}}},
	{{{-626, -70, 0},0, {-2176, 1008},{0xFF, 0x81, 0xF7, 0xFF}}},
	{{{-932, -67, 0},0, {-3729, 1008},{0xFF, 0x81, 0xF7, 0xFF}}},
	{{{-932, -67, 0},0, {-3729, 1008},{0xFF, 0x81, 0x9, 0xFF}}},
	{{{-626, -70, 0},0, {-2176, 1008},{0xFF, 0x81, 0x9, 0xFF}}},
	{{{-626, -51, 251},0, {-2176, 2284},{0xFF, 0x81, 0x9, 0xFF}}},
	{{{-931, -49, 240},0, {-3725, 2229},{0xFF, 0x81, 0x9, 0xFF}}},
	{{{-1008, -47, 0},0, {-4115, 1008},{0xE3, 0x85, 0x8, 0xFF}}},
	{{{-932, -67, 0},0, {-3729, 1008},{0xE3, 0x85, 0x8, 0xFF}}},
	{{{-931, -49, 240},0, {-3725, 2229},{0xE3, 0x85, 0x8, 0xFF}}},
	{{{-1001, -38, 188},0, {-4081, 1965},{0xE3, 0x85, 0x8, 0xFF}}},
	{{{-626, -51, -251},0, {-2176, -268},{0x0, 0x81, 0xF7, 0xFF}}},
	{{{0, -70, 0},0, {1008, 1008},{0x0, 0x81, 0xF7, 0xFF}}},
	{{{-626, -70, 0},0, {-2176, 1008},{0x0, 0x81, 0xF7, 0xFF}}},
	{{{0, -51, -251},0, {1008, -268},{0x0, 0x81, 0xF7, 0xFF}}},
	{{{0, -51, -251},0, {1008, -268},{0x0, 0x81, 0xF7, 0xFF}}},
	{{{626, -70, 0},0, {4192, 1008},{0x0, 0x81, 0xF7, 0xFF}}},
	{{{0, -70, 0},0, {1008, 1008},{0x0, 0x81, 0xF7, 0xFF}}},
	{{{626, -51, -251},0, {4192, -268},{0x0, 0x81, 0xF7, 0xFF}}},
	{{{0, -70, 0},0, {1008, 1008},{0x0, 0x81, 0x9, 0xFF}}},
	{{{626, -70, 0},0, {4192, 1008},{0x0, 0x81, 0x9, 0xFF}}},
	{{{626, -51, 251},0, {4192, 2284},{0x0, 0x81, 0x9, 0xFF}}},
	{{{0, -51, 251},0, {1008, 2284},{0x0, 0x81, 0x9, 0xFF}}},
	{{{-626, -70, 0},0, {-2176, 1008},{0x0, 0x81, 0x9, 0xFF}}},
	{{{-626, -51, 251},0, {-2176, 2284},{0x0, 0x81, 0x9, 0xFF}}},
	{{{1001, -38, 188},0, {6097, 1965},{0x43, 0xA4, 0x39, 0xFF}}},
	{{{1008, 0, 230},0, {6131, 2175},{0x43, 0xA4, 0x39, 0xFF}}},
	{{{932, 0, 331},0, {5745, 2689},{0x43, 0xA4, 0x39, 0xFF}}},
	{{{931, -49, 240},0, {5741, 2229},{0x43, 0xA4, 0x39, 0xFF}}},
	{{{1008, 0, 230},0, {6131, 2175},{0x43, 0x5C, 0x39, 0xFF}}},
	{{{1001, 38, 188},0, {6097, 1965},{0x43, 0x5C, 0x39, 0xFF}}},
	{{{931, 49, 240},0, {5741, 2229},{0x43, 0x5C, 0x39, 0xFF}}},
	{{{932, 0, 331},0, {5745, 2689},{0x43, 0x5C, 0x39, 0xFF}}},
	{{{932, 0, 331},0, {5745, 2689},{0x2, 0x70, 0x3D, 0xFF}}},
	{{{931, 49, 240},0, {5741, 2229},{0x2, 0x70, 0x3D, 0xFF}}},
	{{{626, 51, 251},0, {4192, 2284},{0x2, 0x70, 0x3D, 0xFF}}},
	{{{626, 0, 345},0, {4192, 2763},{0x2, 0x70, 0x3D, 0xFF}}},
	{{{931, -49, 240},0, {5741, 2229},{0x2, 0x90, 0x3D, 0xFF}}},
	{{{932, 0, 331},0, {5745, 2689},{0x2, 0x90, 0x3D, 0xFF}}},
	{{{626, 0, 345},0, {4192, 2763},{0x2, 0x90, 0x3D, 0xFF}}},
	{{{626, -51, 251},0, {4192, 2284},{0x2, 0x90, 0x3D, 0xFF}}},
	{{{626, -51, 251},0, {4192, 2284},{0x0, 0x90, 0x3D, 0xFF}}},
	{{{626, 0, 345},0, {4192, 2763},{0x0, 0x90, 0x3D, 0xFF}}},
	{{{0, 0, 345},0, {1008, 2763},{0x0, 0x90, 0x3D, 0xFF}}},
	{{{0, -51, 251},0, {1008, 2284},{0x0, 0x90, 0x3D, 0xFF}}},
	{{{0, -51, 251},0, {1008, 2284},{0x0, 0x90, 0x3D, 0xFF}}},
	{{{0, 0, 345},0, {1008, 2763},{0x0, 0x90, 0x3D, 0xFF}}},
	{{{-626, 0, 345},0, {-2176, 2763},{0x0, 0x90, 0x3D, 0xFF}}},
	{{{-626, -51, 251},0, {-2176, 2284},{0x0, 0x90, 0x3D, 0xFF}}},
	{{{626, 0, 345},0, {4192, 2763},{0x0, 0x70, 0x3D, 0xFF}}},
	{{{626, 51, 251},0, {4192, 2284},{0x0, 0x70, 0x3D, 0xFF}}},
	{{{0, 51, 251},0, {1008, 2284},{0x0, 0x70, 0x3D, 0xFF}}},
	{{{0, 0, 345},0, {1008, 2763},{0x0, 0x70, 0x3D, 0xFF}}},
	{{{-626, 51, 251},0, {-2176, 2284},{0x0, 0x70, 0x3D, 0xFF}}},
	{{{-626, 0, 345},0, {-2176, 2763},{0x0, 0x70, 0x3D, 0xFF}}},
	{{{-1001, -38, -188},0, {-4081, 51},{0xBD, 0xA4, 0xC7, 0xFF}}},
	{{{-1008, 0, -230},0, {-4115, -159},{0xBD, 0xA4, 0xC7, 0xFF}}},
	{{{-932, 0, -331},0, {-3729, -673},{0xBD, 0xA4, 0xC7, 0xFF}}},
	{{{-931, -49, -240},0, {-3725, -213},{0xBD, 0xA4, 0xC7, 0xFF}}},
	{{{-1008, 0, -230},0, {-4115, -159},{0xBD, 0x5C, 0xC7, 0xFF}}},
	{{{-1001, 38, -188},0, {-4081, 51},{0xBD, 0x5C, 0xC7, 0xFF}}},
	{{{-931, 49, -240},0, {-3725, -213},{0xBD, 0x5C, 0xC7, 0xFF}}},
	{{{-932, 0, -331},0, {-3729, -673},{0xBD, 0x5C, 0xC7, 0xFF}}},
	{{{-932, 0, -331},0, {-3729, -673},{0xFE, 0x70, 0xC3, 0xFF}}},
	{{{-931, 49, -240},0, {-3725, -213},{0xFE, 0x70, 0xC3, 0xFF}}},
	{{{-626, 51, -251},0, {-2176, -268},{0xFE, 0x70, 0xC3, 0xFF}}},
	{{{-626, 0, -345},0, {-2176, -747},{0xFE, 0x70, 0xC3, 0xFF}}},
	{{{-931, -49, -240},0, {-3725, -213},{0xFE, 0x90, 0xC3, 0xFF}}},
	{{{-932, 0, -331},0, {-3729, -673},{0xFE, 0x90, 0xC3, 0xFF}}},
	{{{-626, 0, -345},0, {-2176, -747},{0xFE, 0x90, 0xC3, 0xFF}}},
	{{{-626, -51, -251},0, {-2176, -268},{0xFE, 0x90, 0xC3, 0xFF}}},
	{{{-626, -51, -251},0, {-2176, -268},{0x0, 0x90, 0xC3, 0xFF}}},
	{{{-626, 0, -345},0, {-2176, -747},{0x0, 0x90, 0xC3, 0xFF}}},
	{{{0, 0, -345},0, {1008, -747},{0x0, 0x90, 0xC3, 0xFF}}},
	{{{0, -51, -251},0, {1008, -268},{0x0, 0x90, 0xC3, 0xFF}}},
	{{{0, -51, -251},0, {1008, -268},{0x0, 0x90, 0xC3, 0xFF}}},
	{{{0, 0, -345},0, {1008, -747},{0x0, 0x90, 0xC3, 0xFF}}},
	{{{626, 0, -345},0, {4192, -747},{0x0, 0x90, 0xC3, 0xFF}}},
	{{{626, -51, -251},0, {4192, -268},{0x0, 0x90, 0xC3, 0xFF}}},
	{{{-626, 0, -345},0, {-2176, -747},{0x0, 0x70, 0xC3, 0xFF}}},
	{{{-626, 51, -251},0, {-2176, -268},{0x0, 0x70, 0xC3, 0xFF}}},
	{{{0, 51, -251},0, {1008, -268},{0x0, 0x70, 0xC3, 0xFF}}},
	{{{0, 0, -345},0, {1008, -747},{0x0, 0x70, 0xC3, 0xFF}}},
	{{{626, 51, -251},0, {4192, -268},{0x0, 0x70, 0xC3, 0xFF}}},
	{{{626, 0, -345},0, {4192, -747},{0x0, 0x70, 0xC3, 0xFF}}},
};

Gfx wf_dl_slate_002_mesh_layer_1_tri_0[] = {
	gsSPVertex(wf_dl_slate_002_mesh_layer_1_vtx_0 + 0, 16, 0),
	gsSP1Triangle(0, 1, 2, 0),
	gsSP1Triangle(0, 2, 3, 0),
	gsSP1Triangle(4, 5, 6, 0),
	gsSP1Triangle(4, 6, 7, 0),
	gsSP1Triangle(8, 9, 10, 0),
	gsSP1Triangle(8, 10, 11, 0),
	gsSP1Triangle(12, 13, 14, 0),
	gsSP1Triangle(12, 14, 15, 0),
	gsSPVertex(wf_dl_slate_002_mesh_layer_1_vtx_0 + 16, 16, 0),
	gsSP1Triangle(0, 1, 2, 0),
	gsSP1Triangle(0, 2, 3, 0),
	gsSP1Triangle(4, 5, 6, 0),
	gsSP1Triangle(4, 6, 7, 0),
	gsSP1Triangle(8, 9, 10, 0),
	gsSP1Triangle(8, 10, 11, 0),
	gsSP1Triangle(12, 13, 14, 0),
	gsSP1Triangle(12, 14, 15, 0),
	gsSPVertex(wf_dl_slate_002_mesh_layer_1_vtx_0 + 32, 16, 0),
	gsSP1Triangle(0, 1, 2, 0),
	gsSP1Triangle(0, 2, 3, 0),
	gsSP1Triangle(4, 5, 6, 0),
	gsSP1Triangle(4, 6, 7, 0),
	gsSP1Triangle(8, 9, 10, 0),
	gsSP1Triangle(8, 10, 11, 0),
	gsSP1Triangle(12, 13, 14, 0),
	gsSP1Triangle(12, 14, 15, 0),
	gsSPVertex(wf_dl_slate_002_mesh_layer_1_vtx_0 + 48, 16, 0),
	gsSP1Triangle(0, 1, 2, 0),
	gsSP1Triangle(0, 2, 3, 0),
	gsSP1Triangle(4, 5, 6, 0),
	gsSP1Triangle(4, 6, 7, 0),
	gsSP1Triangle(8, 9, 10, 0),
	gsSP1Triangle(8, 10, 11, 0),
	gsSP1Triangle(12, 13, 14, 0),
	gsSP1Triangle(12, 14, 15, 0),
	gsSPVertex(wf_dl_slate_002_mesh_layer_1_vtx_0 + 64, 16, 0),
	gsSP1Triangle(0, 1, 2, 0),
	gsSP1Triangle(0, 2, 3, 0),
	gsSP1Triangle(4, 5, 6, 0),
	gsSP1Triangle(4, 6, 7, 0),
	gsSP1Triangle(8, 9, 10, 0),
	gsSP1Triangle(8, 10, 11, 0),
	gsSP1Triangle(12, 13, 14, 0),
	gsSP1Triangle(12, 14, 15, 0),
	gsSPVertex(wf_dl_slate_002_mesh_layer_1_vtx_0 + 80, 16, 0),
	gsSP1Triangle(0, 1, 2, 0),
	gsSP1Triangle(0, 2, 3, 0),
	gsSP1Triangle(4, 5, 6, 0),
	gsSP1Triangle(4, 6, 7, 0),
	gsSP1Triangle(8, 9, 10, 0),
	gsSP1Triangle(8, 10, 11, 0),
	gsSP1Triangle(12, 13, 14, 0),
	gsSP1Triangle(12, 14, 15, 0),
	gsSPVertex(wf_dl_slate_002_mesh_layer_1_vtx_0 + 96, 16, 0),
	gsSP1Triangle(0, 1, 2, 0),
	gsSP1Triangle(0, 2, 3, 0),
	gsSP1Triangle(4, 5, 6, 0),
	gsSP1Triangle(4, 6, 7, 0),
	gsSP1Triangle(8, 9, 10, 0),
	gsSP1Triangle(8, 10, 11, 0),
	gsSP1Triangle(12, 13, 14, 0),
	gsSP1Triangle(12, 14, 15, 0),
	gsSPVertex(wf_dl_slate_002_mesh_layer_1_vtx_0 + 112, 16, 0),
	gsSP1Triangle(0, 1, 2, 0),
	gsSP1Triangle(0, 3, 1, 0),
	gsSP1Triangle(3, 4, 1, 0),
	gsSP1Triangle(3, 5, 4, 0),
	gsSP1Triangle(6, 7, 8, 0),
	gsSP1Triangle(6, 8, 9, 0),
	gsSP1Triangle(10, 6, 9, 0),
	gsSP1Triangle(10, 9, 11, 0),
	gsSP1Triangle(12, 13, 14, 0),
	gsSP1Triangle(12, 14, 15, 0),
	gsSPVertex(wf_dl_slate_002_mesh_layer_1_vtx_0 + 128, 16, 0),
	gsSP1Triangle(0, 1, 2, 0),
	gsSP1Triangle(0, 2, 3, 0),
	gsSP1Triangle(4, 5, 6, 0),
	gsSP1Triangle(4, 6, 7, 0),
	gsSP1Triangle(8, 9, 10, 0),
	gsSP1Triangle(8, 10, 11, 0),
	gsSP1Triangle(12, 13, 14, 0),
	gsSP1Triangle(12, 15, 13, 0),
	gsSPVertex(wf_dl_slate_002_mesh_layer_1_vtx_0 + 144, 14, 0),
	gsSP1Triangle(0, 1, 2, 0),
	gsSP1Triangle(0, 3, 1, 0),
	gsSP1Triangle(4, 5, 6, 0),
	gsSP1Triangle(4, 6, 7, 0),
	gsSP1Triangle(8, 4, 7, 0),
	gsSP1Triangle(8, 7, 9, 0),
	gsSP1Triangle(10, 11, 12, 0),
	gsSP1Triangle(10, 12, 13, 0),
	gsSPVertex(wf_dl_slate_002_mesh_layer_1_vtx_0 + 158, 16, 0),
	gsSP1Triangle(0, 1, 2, 0),
	gsSP1Triangle(0, 2, 3, 0),
	gsSP1Triangle(4, 5, 6, 0),
	gsSP1Triangle(4, 6, 7, 0),
	gsSP1Triangle(8, 9, 10, 0),
	gsSP1Triangle(8, 10, 11, 0),
	gsSP1Triangle(12, 13, 14, 0),
	gsSP1Triangle(12, 14, 15, 0),
	gsSPVertex(wf_dl_slate_002_mesh_layer_1_vtx_0 + 174, 14, 0),
	gsSP1Triangle(0, 1, 2, 0),
	gsSP1Triangle(0, 2, 3, 0),
	gsSP1Triangle(4, 5, 6, 0),
	gsSP1Triangle(4, 6, 7, 0),
	gsSP1Triangle(7, 6, 8, 0),
	gsSP1Triangle(7, 8, 9, 0),
	gsSP1Triangle(10, 11, 12, 0),
	gsSP1Triangle(10, 12, 13, 0),
	gsSPVertex(wf_dl_slate_002_mesh_layer_1_vtx_0 + 188, 16, 0),
	gsSP1Triangle(0, 1, 2, 0),
	gsSP1Triangle(0, 2, 3, 0),
	gsSP1Triangle(4, 5, 6, 0),
	gsSP1Triangle(4, 6, 7, 0),
	gsSP1Triangle(8, 9, 10, 0),
	gsSP1Triangle(8, 10, 11, 0),
	gsSP1Triangle(12, 13, 14, 0),
	gsSP1Triangle(12, 14, 15, 0),
	gsSPVertex(wf_dl_slate_002_mesh_layer_1_vtx_0 + 204, 10, 0),
	gsSP1Triangle(0, 1, 2, 0),
	gsSP1Triangle(0, 2, 3, 0),
	gsSP1Triangle(4, 5, 6, 0),
	gsSP1Triangle(4, 6, 7, 0),
	gsSP1Triangle(7, 6, 8, 0),
	gsSP1Triangle(7, 8, 9, 0),
	gsSPEndDisplayList(),
};

Vtx wf_dl_slate_003_mesh_layer_1_vtx_0[214] = {
	{{{-1001, -38, 188},0, {-4081, 1965},{0x85, 0xDF, 0x6, 0xFF}}},
	{{{-1008, 0, 230},0, {-4115, 2175},{0x85, 0xDF, 0x6, 0xFF}}},
	{{{-1022, 0, 0},0, {-4187, 1008},{0x85, 0xDF, 0x6, 0xFF}}},
	{{{-1008, -47, 0},0, {-4115, 1008},{0x85, 0xDF, 0x6, 0xFF}}},
	{{{-1008, 0, 230},0, {-4115, 2175},{0x85, 0x21, 0x6, 0xFF}}},
	{{{-1001, 38, 188},0, {-4081, 1965},{0x85, 0x21, 0x6, 0xFF}}},
	{{{-1008, 47, 0},0, {-4115, 1008},{0x85, 0x21, 0x6, 0xFF}}},
	{{{-1022, 0, 0},0, {-4187, 1008},{0x85, 0x21, 0x6, 0xFF}}},
	{{{-1022, 0, 0},0, {-4187, 1008},{0x85, 0x21, 0xFA, 0xFF}}},
	{{{-1008, 47, 0},0, {-4115, 1008},{0x85, 0x21, 0xFA, 0xFF}}},
	{{{-1001, 38, -188},0, {-4081, 51},{0x85, 0x21, 0xFA, 0xFF}}},
	{{{-1008, 0, -230},0, {-4115, -159},{0x85, 0x21, 0xFA, 0xFF}}},
	{{{-1008, -47, 0},0, {-4115, 1008},{0x85, 0xDF, 0xFA, 0xFF}}},
	{{{-1022, 0, 0},0, {-4187, 1008},{0x85, 0xDF, 0xFA, 0xFF}}},
	{{{-1008, 0, -230},0, {-4115, -159},{0x85, 0xDF, 0xFA, 0xFF}}},
	{{{-1001, -38, -188},0, {-4081, 51},{0x85, 0xDF, 0xFA, 0xFF}}},
	{{{626, -51, -251},0, {4192, -268},{0x2, 0x90, 0xC3, 0xFF}}},
	{{{626, 0, -345},0, {4192, -747},{0x2, 0x90, 0xC3, 0xFF}}},
	{{{932, 0, -331},0, {5745, -673},{0x2, 0x90, 0xC3, 0xFF}}},
	{{{931, -49, -240},0, {5741, -213},{0x2, 0x90, 0xC3, 0xFF}}},
	{{{626, 0, -345},0, {4192, -747},{0x2, 0x70, 0xC3, 0xFF}}},
	{{{626, 51, -251},0, {4192, -268},{0x2, 0x70, 0xC3, 0xFF}}},
	{{{931, 49, -240},0, {5741, -213},{0x2, 0x70, 0xC3, 0xFF}}},
	{{{932, 0, -331},0, {5745, -673},{0x2, 0x70, 0xC3, 0xFF}}},
	{{{932, 0, -331},0, {5745, -673},{0x43, 0x5C, 0xC7, 0xFF}}},
	{{{931, 49, -240},0, {5741, -213},{0x43, 0x5C, 0xC7, 0xFF}}},
	{{{1001, 38, -188},0, {6097, 51},{0x43, 0x5C, 0xC7, 0xFF}}},
	{{{1008, 0, -230},0, {6131, -159},{0x43, 0x5C, 0xC7, 0xFF}}},
	{{{931, -49, -240},0, {5741, -213},{0x43, 0xA4, 0xC7, 0xFF}}},
	{{{932, 0, -331},0, {5745, -673},{0x43, 0xA4, 0xC7, 0xFF}}},
	{{{1008, 0, -230},0, {6131, -159},{0x43, 0xA4, 0xC7, 0xFF}}},
	{{{1001, -38, -188},0, {6097, 51},{0x43, 0xA4, 0xC7, 0xFF}}},
	{{{1001, -38, -188},0, {6097, 51},{0x7B, 0xDF, 0xFA, 0xFF}}},
	{{{1008, 0, -230},0, {6131, -159},{0x7B, 0xDF, 0xFA, 0xFF}}},
	{{{1022, 0, 0},0, {6203, 1008},{0x7B, 0xDF, 0xFA, 0xFF}}},
	{{{1008, -47, 0},0, {6131, 1008},{0x7B, 0xDF, 0xFA, 0xFF}}},
	{{{1008, 0, -230},0, {6131, -159},{0x7B, 0x21, 0xFA, 0xFF}}},
	{{{1001, 38, -188},0, {6097, 51},{0x7B, 0x21, 0xFA, 0xFF}}},
	{{{1008, 47, 0},0, {6131, 1008},{0x7B, 0x21, 0xFA, 0xFF}}},
	{{{1022, 0, 0},0, {6203, 1008},{0x7B, 0x21, 0xFA, 0xFF}}},
	{{{1022, 0, 0},0, {6203, 1008},{0x7B, 0x21, 0x6, 0xFF}}},
	{{{1008, 47, 0},0, {6131, 1008},{0x7B, 0x21, 0x6, 0xFF}}},
	{{{1001, 38, 188},0, {6097, 1965},{0x7B, 0x21, 0x6, 0xFF}}},
	{{{1008, 0, 230},0, {6131, 2175},{0x7B, 0x21, 0x6, 0xFF}}},
	{{{1008, -47, 0},0, {6131, 1008},{0x7B, 0xDF, 0x6, 0xFF}}},
	{{{1022, 0, 0},0, {6203, 1008},{0x7B, 0xDF, 0x6, 0xFF}}},
	{{{1008, 0, 230},0, {6131, 2175},{0x7B, 0xDF, 0x6, 0xFF}}},
	{{{1001, -38, 188},0, {6097, 1965},{0x7B, 0xDF, 0x6, 0xFF}}},
	{{{-626, -51, 251},0, {-2176, 2284},{0xFE, 0x90, 0x3D, 0xFF}}},
	{{{-626, 0, 345},0, {-2176, 2763},{0xFE, 0x90, 0x3D, 0xFF}}},
	{{{-932, 0, 331},0, {-3729, 2689},{0xFE, 0x90, 0x3D, 0xFF}}},
	{{{-931, -49, 240},0, {-3725, 2229},{0xFE, 0x90, 0x3D, 0xFF}}},
	{{{-626, 0, 345},0, {-2176, 2763},{0xFE, 0x70, 0x3D, 0xFF}}},
	{{{-626, 51, 251},0, {-2176, 2284},{0xFE, 0x70, 0x3D, 0xFF}}},
	{{{-931, 49, 240},0, {-3725, 2229},{0xFE, 0x70, 0x3D, 0xFF}}},
	{{{-932, 0, 331},0, {-3729, 2689},{0xFE, 0x70, 0x3D, 0xFF}}},
	{{{-932, 0, 331},0, {-3729, 2689},{0xBD, 0x5C, 0x39, 0xFF}}},
	{{{-931, 49, 240},0, {-3725, 2229},{0xBD, 0x5C, 0x39, 0xFF}}},
	{{{-1001, 38, 188},0, {-4081, 1965},{0xBD, 0x5C, 0x39, 0xFF}}},
	{{{-1008, 0, 230},0, {-4115, 2175},{0xBD, 0x5C, 0x39, 0xFF}}},
	{{{-931, -49, 240},0, {-3725, 2229},{0xBD, 0xA4, 0x39, 0xFF}}},
	{{{-932, 0, 331},0, {-3729, 2689},{0xBD, 0xA4, 0x39, 0xFF}}},
	{{{-1008, 0, 230},0, {-4115, 2175},{0xBD, 0xA4, 0x39, 0xFF}}},
	{{{-1001, -38, 188},0, {-4081, 1965},{0xBD, 0xA4, 0x39, 0xFF}}},
	{{{626, -51, -251},0, {4192, -268},{0x1, 0x81, 0xF7, 0xFF}}},
	{{{931, -49, -240},0, {5741, -213},{0x1, 0x81, 0xF7, 0xFF}}},
	{{{932, -67, 0},0, {5745, 1008},{0x1, 0x81, 0xF7, 0xFF}}},
	{{{626, -70, 0},0, {4192, 1008},{0x1, 0x81, 0xF7, 0xFF}}},
	{{{931, -49, -240},0, {5741, -213},{0x1D, 0x85, 0xF8, 0xFF}}},
	{{{1001, -38, -188},0, {6097, 51},{0x1D, 0x85, 0xF8, 0xFF}}},
	{{{1008, -47, 0},0, {6131, 1008},{0x1D, 0x85, 0xF8, 0xFF}}},
	{{{932, -67, 0},0, {5745, 1008},{0x1D, 0x85, 0xF8, 0xFF}}},
	{{{932, -67, 0},0, {5745, 1008},{0x1D, 0x85, 0x8, 0xFF}}},
	{{{1008, -47, 0},0, {6131, 1008},{0x1D, 0x85, 0x8, 0xFF}}},
	{{{1001, -38, 188},0, {6097, 1965},{0x1D, 0x85, 0x8, 0xFF}}},
	{{{931, -49, 240},0, {5741, 2229},{0x1D, 0x85, 0x8, 0xFF}}},
	{{{626, -70, 0},0, {4192, 1008},{0x1, 0x81, 0x9, 0xFF}}},
	{{{932, -67, 0},0, {5745, 1008},{0x1, 0x81, 0x9, 0xFF}}},
	{{{931, -49, 240},0, {5741, 2229},{0x1, 0x81, 0x9, 0xFF}}},
	{{{626, -51, 251},0, {4192, 2284},{0x1, 0x81, 0x9, 0xFF}}},
	{{{-626, 51, -251},0, {-2176, -268},{0xFF, 0x7F, 0xF7, 0xFF}}},
	{{{-931, 49, -240},0, {-3725, -213},{0xFF, 0x7F, 0xF7, 0xFF}}},
	{{{-932, 67, 0},0, {-3729, 1008},{0xFF, 0x7F, 0xF7, 0xFF}}},
	{{{-626, 70, 0},0, {-2176, 1008},{0xFF, 0x7F, 0xF7, 0xFF}}},
	{{{-931, 49, -240},0, {-3725, -213},{0xE3, 0x7B, 0xF8, 0xFF}}},
	{{{-1001, 38, -188},0, {-4081, 51},{0xE3, 0x7B, 0xF8, 0xFF}}},
	{{{-1008, 47, 0},0, {-4115, 1008},{0xE3, 0x7B, 0xF8, 0xFF}}},
	{{{-932, 67, 0},0, {-3729, 1008},{0xE3, 0x7B, 0xF8, 0xFF}}},
	{{{-932, 67, 0},0, {-3729, 1008},{0xE3, 0x7B, 0x8, 0xFF}}},
	{{{-1008, 47, 0},0, {-4115, 1008},{0xE3, 0x7B, 0x8, 0xFF}}},
	{{{-1001, 38, 188},0, {-4081, 1965},{0xE3, 0x7B, 0x8, 0xFF}}},
	{{{-931, 49, 240},0, {-3725, 2229},{0xE3, 0x7B, 0x8, 0xFF}}},
	{{{-626, 70, 0},0, {-2176, 1008},{0xFF, 0x7F, 0x9, 0xFF}}},
	{{{-932, 67, 0},0, {-3729, 1008},{0xFF, 0x7F, 0x9, 0xFF}}},
	{{{-931, 49, 240},0, {-3725, 2229},{0xFF, 0x7F, 0x9, 0xFF}}},
	{{{-626, 51, 251},0, {-2176, 2284},{0xFF, 0x7F, 0x9, 0xFF}}},
	{{{1001, 38, -188},0, {6097, 51},{0x1D, 0x7B, 0xF8, 0xFF}}},
	{{{931, 49, -240},0, {5741, -213},{0x1D, 0x7B, 0xF8, 0xFF}}},
	{{{932, 67, 0},0, {5745, 1008},{0x1D, 0x7B, 0xF8, 0xFF}}},
	{{{1008, 47, 0},0, {6131, 1008},{0x1D, 0x7B, 0xF8, 0xFF}}},
	{{{931, 49, -240},0, {5741, -213},{0x1, 0x7F, 0xF7, 0xFF}}},
	{{{626, 51, -251},0, {4192, -268},{0x1, 0x7F, 0xF7, 0xFF}}},
	{{{626, 70, 0},0, {4192, 1008},{0x1, 0x7F, 0xF7, 0xFF}}},
	{{{932, 67, 0},0, {5745, 1008},{0x1, 0x7F, 0xF7, 0xFF}}},
	{{{932, 67, 0},0, {5745, 1008},{0x1, 0x7F, 0x9, 0xFF}}},
	{{{626, 70, 0},0, {4192, 1008},{0x1, 0x7F, 0x9, 0xFF}}},
	{{{626, 51, 251},0, {4192, 2284},{0x1, 0x7F, 0x9, 0xFF}}},
	{{{931, 49, 240},0, {5741, 2229},{0x1, 0x7F, 0x9, 0xFF}}},
	{{{1008, 47, 0},0, {6131, 1008},{0x1D, 0x7B, 0x8, 0xFF}}},
	{{{932, 67, 0},0, {5745, 1008},{0x1D, 0x7B, 0x8, 0xFF}}},
	{{{931, 49, 240},0, {5741, 2229},{0x1D, 0x7B, 0x8, 0xFF}}},
	{{{1001, 38, 188},0, {6097, 1965},{0x1D, 0x7B, 0x8, 0xFF}}},
	{{{626, 51, -251},0, {4192, -268},{0x0, 0x7F, 0xF7, 0xFF}}},
	{{{0, 70, 0},0, {1008, 1008},{0x0, 0x7F, 0xF7, 0xFF}}},
	{{{626, 70, 0},0, {4192, 1008},{0x0, 0x7F, 0xF7, 0xFF}}},
	{{{0, 51, -251},0, {1008, -268},{0x0, 0x7F, 0xF7, 0xFF}}},
	{{{-626, 70, 0},0, {-2176, 1008},{0x0, 0x7F, 0xF7, 0xFF}}},
	{{{-626, 51, -251},0, {-2176, -268},{0x0, 0x7F, 0xF7, 0xFF}}},
	{{{0, 70, 0},0, {1008, 1008},{0x0, 0x7F, 0x9, 0xFF}}},
	{{{-626, 70, 0},0, {-2176, 1008},{0x0, 0x7F, 0x9, 0xFF}}},
	{{{-626, 51, 251},0, {-2176, 2284},{0x0, 0x7F, 0x9, 0xFF}}},
	{{{0, 51, 251},0, {1008, 2284},{0x0, 0x7F, 0x9, 0xFF}}},
	{{{626, 70, 0},0, {4192, 1008},{0x0, 0x7F, 0x9, 0xFF}}},
	{{{626, 51, 251},0, {4192, 2284},{0x0, 0x7F, 0x9, 0xFF}}},
	{{{-1001, -38, -188},0, {-4081, 51},{0xE3, 0x85, 0xF8, 0xFF}}},
	{{{-931, -49, -240},0, {-3725, -213},{0xE3, 0x85, 0xF8, 0xFF}}},
	{{{-932, -67, 0},0, {-3729, 1008},{0xE3, 0x85, 0xF8, 0xFF}}},
	{{{-1008, -47, 0},0, {-4115, 1008},{0xE3, 0x85, 0xF8, 0xFF}}},
	{{{-931, -49, -240},0, {-3725, -213},{0xFF, 0x81, 0xF7, 0xFF}}},
	{{{-626, -51, -251},0, {-2176, -268},{0xFF, 0x81, 0xF7, 0xFF}}},
	{{{-626, -70, 0},0, {-2176, 1008},{0xFF, 0x81, 0xF7, 0xFF}}},
	{{{-932, -67, 0},0, {-3729, 1008},{0xFF, 0x81, 0xF7, 0xFF}}},
	{{{-932, -67, 0},0, {-3729, 1008},{0xFF, 0x81, 0x9, 0xFF}}},
	{{{-626, -70, 0},0, {-2176, 1008},{0xFF, 0x81, 0x9, 0xFF}}},
	{{{-626, -51, 251},0, {-2176, 2284},{0xFF, 0x81, 0x9, 0xFF}}},
	{{{-931, -49, 240},0, {-3725, 2229},{0xFF, 0x81, 0x9, 0xFF}}},
	{{{-1008, -47, 0},0, {-4115, 1008},{0xE3, 0x85, 0x8, 0xFF}}},
	{{{-932, -67, 0},0, {-3729, 1008},{0xE3, 0x85, 0x8, 0xFF}}},
	{{{-931, -49, 240},0, {-3725, 2229},{0xE3, 0x85, 0x8, 0xFF}}},
	{{{-1001, -38, 188},0, {-4081, 1965},{0xE3, 0x85, 0x8, 0xFF}}},
	{{{-626, -51, -251},0, {-2176, -268},{0x0, 0x81, 0xF7, 0xFF}}},
	{{{0, -70, 0},0, {1008, 1008},{0x0, 0x81, 0xF7, 0xFF}}},
	{{{-626, -70, 0},0, {-2176, 1008},{0x0, 0x81, 0xF7, 0xFF}}},
	{{{0, -51, -251},0, {1008, -268},{0x0, 0x81, 0xF7, 0xFF}}},
	{{{0, -51, -251},0, {1008, -268},{0x0, 0x81, 0xF7, 0xFF}}},
	{{{626, -70, 0},0, {4192, 1008},{0x0, 0x81, 0xF7, 0xFF}}},
	{{{0, -70, 0},0, {1008, 1008},{0x0, 0x81, 0xF7, 0xFF}}},
	{{{626, -51, -251},0, {4192, -268},{0x0, 0x81, 0xF7, 0xFF}}},
	{{{0, -70, 0},0, {1008, 1008},{0x0, 0x81, 0x9, 0xFF}}},
	{{{626, -70, 0},0, {4192, 1008},{0x0, 0x81, 0x9, 0xFF}}},
	{{{626, -51, 251},0, {4192, 2284},{0x0, 0x81, 0x9, 0xFF}}},
	{{{0, -51, 251},0, {1008, 2284},{0x0, 0x81, 0x9, 0xFF}}},
	{{{-626, -70, 0},0, {-2176, 1008},{0x0, 0x81, 0x9, 0xFF}}},
	{{{-626, -51, 251},0, {-2176, 2284},{0x0, 0x81, 0x9, 0xFF}}},
	{{{1001, -38, 188},0, {6097, 1965},{0x43, 0xA4, 0x39, 0xFF}}},
	{{{1008, 0, 230},0, {6131, 2175},{0x43, 0xA4, 0x39, 0xFF}}},
	{{{932, 0, 331},0, {5745, 2689},{0x43, 0xA4, 0x39, 0xFF}}},
	{{{931, -49, 240},0, {5741, 2229},{0x43, 0xA4, 0x39, 0xFF}}},
	{{{1008, 0, 230},0, {6131, 2175},{0x43, 0x5C, 0x39, 0xFF}}},
	{{{1001, 38, 188},0, {6097, 1965},{0x43, 0x5C, 0x39, 0xFF}}},
	{{{931, 49, 240},0, {5741, 2229},{0x43, 0x5C, 0x39, 0xFF}}},
	{{{932, 0, 331},0, {5745, 2689},{0x43, 0x5C, 0x39, 0xFF}}},
	{{{932, 0, 331},0, {5745, 2689},{0x2, 0x70, 0x3D, 0xFF}}},
	{{{931, 49, 240},0, {5741, 2229},{0x2, 0x70, 0x3D, 0xFF}}},
	{{{626, 51, 251},0, {4192, 2284},{0x2, 0x70, 0x3D, 0xFF}}},
	{{{626, 0, 345},0, {4192, 2763},{0x2, 0x70, 0x3D, 0xFF}}},
	{{{931, -49, 240},0, {5741, 2229},{0x2, 0x90, 0x3D, 0xFF}}},
	{{{932, 0, 331},0, {5745, 2689},{0x2, 0x90, 0x3D, 0xFF}}},
	{{{626, 0, 345},0, {4192, 2763},{0x2, 0x90, 0x3D, 0xFF}}},
	{{{626, -51, 251},0, {4192, 2284},{0x2, 0x90, 0x3D, 0xFF}}},
	{{{626, -51, 251},0, {4192, 2284},{0x0, 0x90, 0x3D, 0xFF}}},
	{{{626, 0, 345},0, {4192, 2763},{0x0, 0x90, 0x3D, 0xFF}}},
	{{{0, 0, 345},0, {1008, 2763},{0x0, 0x90, 0x3D, 0xFF}}},
	{{{0, -51, 251},0, {1008, 2284},{0x0, 0x90, 0x3D, 0xFF}}},
	{{{0, -51, 251},0, {1008, 2284},{0x0, 0x90, 0x3D, 0xFF}}},
	{{{0, 0, 345},0, {1008, 2763},{0x0, 0x90, 0x3D, 0xFF}}},
	{{{-626, 0, 345},0, {-2176, 2763},{0x0, 0x90, 0x3D, 0xFF}}},
	{{{-626, -51, 251},0, {-2176, 2284},{0x0, 0x90, 0x3D, 0xFF}}},
	{{{626, 0, 345},0, {4192, 2763},{0x0, 0x70, 0x3D, 0xFF}}},
	{{{626, 51, 251},0, {4192, 2284},{0x0, 0x70, 0x3D, 0xFF}}},
	{{{0, 51, 251},0, {1008, 2284},{0x0, 0x70, 0x3D, 0xFF}}},
	{{{0, 0, 345},0, {1008, 2763},{0x0, 0x70, 0x3D, 0xFF}}},
	{{{-626, 51, 251},0, {-2176, 2284},{0x0, 0x70, 0x3D, 0xFF}}},
	{{{-626, 0, 345},0, {-2176, 2763},{0x0, 0x70, 0x3D, 0xFF}}},
	{{{-1001, -38, -188},0, {-4081, 51},{0xBD, 0xA4, 0xC7, 0xFF}}},
	{{{-1008, 0, -230},0, {-4115, -159},{0xBD, 0xA4, 0xC7, 0xFF}}},
	{{{-932, 0, -331},0, {-3729, -673},{0xBD, 0xA4, 0xC7, 0xFF}}},
	{{{-931, -49, -240},0, {-3725, -213},{0xBD, 0xA4, 0xC7, 0xFF}}},
	{{{-1008, 0, -230},0, {-4115, -159},{0xBD, 0x5C, 0xC7, 0xFF}}},
	{{{-1001, 38, -188},0, {-4081, 51},{0xBD, 0x5C, 0xC7, 0xFF}}},
	{{{-931, 49, -240},0, {-3725, -213},{0xBD, 0x5C, 0xC7, 0xFF}}},
	{{{-932, 0, -331},0, {-3729, -673},{0xBD, 0x5C, 0xC7, 0xFF}}},
	{{{-932, 0, -331},0, {-3729, -673},{0xFE, 0x70, 0xC3, 0xFF}}},
	{{{-931, 49, -240},0, {-3725, -213},{0xFE, 0x70, 0xC3, 0xFF}}},
	{{{-626, 51, -251},0, {-2176, -268},{0xFE, 0x70, 0xC3, 0xFF}}},
	{{{-626, 0, -345},0, {-2176, -747},{0xFE, 0x70, 0xC3, 0xFF}}},
	{{{-931, -49, -240},0, {-3725, -213},{0xFE, 0x90, 0xC3, 0xFF}}},
	{{{-932, 0, -331},0, {-3729, -673},{0xFE, 0x90, 0xC3, 0xFF}}},
	{{{-626, 0, -345},0, {-2176, -747},{0xFE, 0x90, 0xC3, 0xFF}}},
	{{{-626, -51, -251},0, {-2176, -268},{0xFE, 0x90, 0xC3, 0xFF}}},
	{{{-626, -51, -251},0, {-2176, -268},{0x0, 0x90, 0xC3, 0xFF}}},
	{{{-626, 0, -345},0, {-2176, -747},{0x0, 0x90, 0xC3, 0xFF}}},
	{{{0, 0, -345},0, {1008, -747},{0x0, 0x90, 0xC3, 0xFF}}},
	{{{0, -51, -251},0, {1008, -268},{0x0, 0x90, 0xC3, 0xFF}}},
	{{{0, -51, -251},0, {1008, -268},{0x0, 0x90, 0xC3, 0xFF}}},
	{{{0, 0, -345},0, {1008, -747},{0x0, 0x90, 0xC3, 0xFF}}},
	{{{626, 0, -345},0, {4192, -747},{0x0, 0x90, 0xC3, 0xFF}}},
	{{{626, -51, -251},0, {4192, -268},{0x0, 0x90, 0xC3, 0xFF}}},
	{{{-626, 0, -345},0, {-2176, -747},{0x0, 0x70, 0xC3, 0xFF}}},
	{{{-626, 51, -251},0, {-2176, -268},{0x0, 0x70, 0xC3, 0xFF}}},
	{{{0, 51, -251},0, {1008, -268},{0x0, 0x70, 0xC3, 0xFF}}},
	{{{0, 0, -345},0, {1008, -747},{0x0, 0x70, 0xC3, 0xFF}}},
	{{{626, 51, -251},0, {4192, -268},{0x0, 0x70, 0xC3, 0xFF}}},
	{{{626, 0, -345},0, {4192, -747},{0x0, 0x70, 0xC3, 0xFF}}},
};

Gfx wf_dl_slate_003_mesh_layer_1_tri_0[] = {
	gsSPVertex(wf_dl_slate_003_mesh_layer_1_vtx_0 + 0, 16, 0),
	gsSP1Triangle(0, 1, 2, 0),
	gsSP1Triangle(0, 2, 3, 0),
	gsSP1Triangle(4, 5, 6, 0),
	gsSP1Triangle(4, 6, 7, 0),
	gsSP1Triangle(8, 9, 10, 0),
	gsSP1Triangle(8, 10, 11, 0),
	gsSP1Triangle(12, 13, 14, 0),
	gsSP1Triangle(12, 14, 15, 0),
	gsSPVertex(wf_dl_slate_003_mesh_layer_1_vtx_0 + 16, 16, 0),
	gsSP1Triangle(0, 1, 2, 0),
	gsSP1Triangle(0, 2, 3, 0),
	gsSP1Triangle(4, 5, 6, 0),
	gsSP1Triangle(4, 6, 7, 0),
	gsSP1Triangle(8, 9, 10, 0),
	gsSP1Triangle(8, 10, 11, 0),
	gsSP1Triangle(12, 13, 14, 0),
	gsSP1Triangle(12, 14, 15, 0),
	gsSPVertex(wf_dl_slate_003_mesh_layer_1_vtx_0 + 32, 16, 0),
	gsSP1Triangle(0, 1, 2, 0),
	gsSP1Triangle(0, 2, 3, 0),
	gsSP1Triangle(4, 5, 6, 0),
	gsSP1Triangle(4, 6, 7, 0),
	gsSP1Triangle(8, 9, 10, 0),
	gsSP1Triangle(8, 10, 11, 0),
	gsSP1Triangle(12, 13, 14, 0),
	gsSP1Triangle(12, 14, 15, 0),
	gsSPVertex(wf_dl_slate_003_mesh_layer_1_vtx_0 + 48, 16, 0),
	gsSP1Triangle(0, 1, 2, 0),
	gsSP1Triangle(0, 2, 3, 0),
	gsSP1Triangle(4, 5, 6, 0),
	gsSP1Triangle(4, 6, 7, 0),
	gsSP1Triangle(8, 9, 10, 0),
	gsSP1Triangle(8, 10, 11, 0),
	gsSP1Triangle(12, 13, 14, 0),
	gsSP1Triangle(12, 14, 15, 0),
	gsSPVertex(wf_dl_slate_003_mesh_layer_1_vtx_0 + 64, 16, 0),
	gsSP1Triangle(0, 1, 2, 0),
	gsSP1Triangle(0, 2, 3, 0),
	gsSP1Triangle(4, 5, 6, 0),
	gsSP1Triangle(4, 6, 7, 0),
	gsSP1Triangle(8, 9, 10, 0),
	gsSP1Triangle(8, 10, 11, 0),
	gsSP1Triangle(12, 13, 14, 0),
	gsSP1Triangle(12, 14, 15, 0),
	gsSPVertex(wf_dl_slate_003_mesh_layer_1_vtx_0 + 80, 16, 0),
	gsSP1Triangle(0, 1, 2, 0),
	gsSP1Triangle(0, 2, 3, 0),
	gsSP1Triangle(4, 5, 6, 0),
	gsSP1Triangle(4, 6, 7, 0),
	gsSP1Triangle(8, 9, 10, 0),
	gsSP1Triangle(8, 10, 11, 0),
	gsSP1Triangle(12, 13, 14, 0),
	gsSP1Triangle(12, 14, 15, 0),
	gsSPVertex(wf_dl_slate_003_mesh_layer_1_vtx_0 + 96, 16, 0),
	gsSP1Triangle(0, 1, 2, 0),
	gsSP1Triangle(0, 2, 3, 0),
	gsSP1Triangle(4, 5, 6, 0),
	gsSP1Triangle(4, 6, 7, 0),
	gsSP1Triangle(8, 9, 10, 0),
	gsSP1Triangle(8, 10, 11, 0),
	gsSP1Triangle(12, 13, 14, 0),
	gsSP1Triangle(12, 14, 15, 0),
	gsSPVertex(wf_dl_slate_003_mesh_layer_1_vtx_0 + 112, 16, 0),
	gsSP1Triangle(0, 1, 2, 0),
	gsSP1Triangle(0, 3, 1, 0),
	gsSP1Triangle(3, 4, 1, 0),
	gsSP1Triangle(3, 5, 4, 0),
	gsSP1Triangle(6, 7, 8, 0),
	gsSP1Triangle(6, 8, 9, 0),
	gsSP1Triangle(10, 6, 9, 0),
	gsSP1Triangle(10, 9, 11, 0),
	gsSP1Triangle(12, 13, 14, 0),
	gsSP1Triangle(12, 14, 15, 0),
	gsSPVertex(wf_dl_slate_003_mesh_layer_1_vtx_0 + 128, 16, 0),
	gsSP1Triangle(0, 1, 2, 0),
	gsSP1Triangle(0, 2, 3, 0),
	gsSP1Triangle(4, 5, 6, 0),
	gsSP1Triangle(4, 6, 7, 0),
	gsSP1Triangle(8, 9, 10, 0),
	gsSP1Triangle(8, 10, 11, 0),
	gsSP1Triangle(12, 13, 14, 0),
	gsSP1Triangle(12, 15, 13, 0),
	gsSPVertex(wf_dl_slate_003_mesh_layer_1_vtx_0 + 144, 14, 0),
	gsSP1Triangle(0, 1, 2, 0),
	gsSP1Triangle(0, 3, 1, 0),
	gsSP1Triangle(4, 5, 6, 0),
	gsSP1Triangle(4, 6, 7, 0),
	gsSP1Triangle(8, 4, 7, 0),
	gsSP1Triangle(8, 7, 9, 0),
	gsSP1Triangle(10, 11, 12, 0),
	gsSP1Triangle(10, 12, 13, 0),
	gsSPVertex(wf_dl_slate_003_mesh_layer_1_vtx_0 + 158, 16, 0),
	gsSP1Triangle(0, 1, 2, 0),
	gsSP1Triangle(0, 2, 3, 0),
	gsSP1Triangle(4, 5, 6, 0),
	gsSP1Triangle(4, 6, 7, 0),
	gsSP1Triangle(8, 9, 10, 0),
	gsSP1Triangle(8, 10, 11, 0),
	gsSP1Triangle(12, 13, 14, 0),
	gsSP1Triangle(12, 14, 15, 0),
	gsSPVertex(wf_dl_slate_003_mesh_layer_1_vtx_0 + 174, 14, 0),
	gsSP1Triangle(0, 1, 2, 0),
	gsSP1Triangle(0, 2, 3, 0),
	gsSP1Triangle(4, 5, 6, 0),
	gsSP1Triangle(4, 6, 7, 0),
	gsSP1Triangle(7, 6, 8, 0),
	gsSP1Triangle(7, 8, 9, 0),
	gsSP1Triangle(10, 11, 12, 0),
	gsSP1Triangle(10, 12, 13, 0),
	gsSPVertex(wf_dl_slate_003_mesh_layer_1_vtx_0 + 188, 16, 0),
	gsSP1Triangle(0, 1, 2, 0),
	gsSP1Triangle(0, 2, 3, 0),
	gsSP1Triangle(4, 5, 6, 0),
	gsSP1Triangle(4, 6, 7, 0),
	gsSP1Triangle(8, 9, 10, 0),
	gsSP1Triangle(8, 10, 11, 0),
	gsSP1Triangle(12, 13, 14, 0),
	gsSP1Triangle(12, 14, 15, 0),
	gsSPVertex(wf_dl_slate_003_mesh_layer_1_vtx_0 + 204, 10, 0),
	gsSP1Triangle(0, 1, 2, 0),
	gsSP1Triangle(0, 2, 3, 0),
	gsSP1Triangle(4, 5, 6, 0),
	gsSP1Triangle(4, 6, 7, 0),
	gsSP1Triangle(7, 6, 8, 0),
	gsSP1Triangle(7, 8, 9, 0),
	gsSPEndDisplayList(),
};

Vtx wf_dl_slate_004_mesh_layer_1_vtx_0[214] = {
	{{{-1001, -38, 188},0, {-4081, 1965},{0x85, 0xDF, 0x6, 0xFF}}},
	{{{-1008, 0, 230},0, {-4115, 2175},{0x85, 0xDF, 0x6, 0xFF}}},
	{{{-1022, 0, 0},0, {-4187, 1008},{0x85, 0xDF, 0x6, 0xFF}}},
	{{{-1008, -47, 0},0, {-4115, 1008},{0x85, 0xDF, 0x6, 0xFF}}},
	{{{-1008, 0, 230},0, {-4115, 2175},{0x85, 0x21, 0x6, 0xFF}}},
	{{{-1001, 38, 188},0, {-4081, 1965},{0x85, 0x21, 0x6, 0xFF}}},
	{{{-1008, 47, 0},0, {-4115, 1008},{0x85, 0x21, 0x6, 0xFF}}},
	{{{-1022, 0, 0},0, {-4187, 1008},{0x85, 0x21, 0x6, 0xFF}}},
	{{{-1022, 0, 0},0, {-4187, 1008},{0x85, 0x21, 0xFA, 0xFF}}},
	{{{-1008, 47, 0},0, {-4115, 1008},{0x85, 0x21, 0xFA, 0xFF}}},
	{{{-1001, 38, -188},0, {-4081, 51},{0x85, 0x21, 0xFA, 0xFF}}},
	{{{-1008, 0, -230},0, {-4115, -159},{0x85, 0x21, 0xFA, 0xFF}}},
	{{{-1008, -47, 0},0, {-4115, 1008},{0x85, 0xDF, 0xFA, 0xFF}}},
	{{{-1022, 0, 0},0, {-4187, 1008},{0x85, 0xDF, 0xFA, 0xFF}}},
	{{{-1008, 0, -230},0, {-4115, -159},{0x85, 0xDF, 0xFA, 0xFF}}},
	{{{-1001, -38, -188},0, {-4081, 51},{0x85, 0xDF, 0xFA, 0xFF}}},
	{{{626, -51, -251},0, {4192, -268},{0x2, 0x90, 0xC3, 0xFF}}},
	{{{626, 0, -345},0, {4192, -747},{0x2, 0x90, 0xC3, 0xFF}}},
	{{{932, 0, -331},0, {5745, -673},{0x2, 0x90, 0xC3, 0xFF}}},
	{{{931, -49, -240},0, {5741, -213},{0x2, 0x90, 0xC3, 0xFF}}},
	{{{626, 0, -345},0, {4192, -747},{0x2, 0x70, 0xC3, 0xFF}}},
	{{{626, 51, -251},0, {4192, -268},{0x2, 0x70, 0xC3, 0xFF}}},
	{{{931, 49, -240},0, {5741, -213},{0x2, 0x70, 0xC3, 0xFF}}},
	{{{932, 0, -331},0, {5745, -673},{0x2, 0x70, 0xC3, 0xFF}}},
	{{{932, 0, -331},0, {5745, -673},{0x43, 0x5C, 0xC7, 0xFF}}},
	{{{931, 49, -240},0, {5741, -213},{0x43, 0x5C, 0xC7, 0xFF}}},
	{{{1001, 38, -188},0, {6097, 51},{0x43, 0x5C, 0xC7, 0xFF}}},
	{{{1008, 0, -230},0, {6131, -159},{0x43, 0x5C, 0xC7, 0xFF}}},
	{{{931, -49, -240},0, {5741, -213},{0x43, 0xA4, 0xC7, 0xFF}}},
	{{{932, 0, -331},0, {5745, -673},{0x43, 0xA4, 0xC7, 0xFF}}},
	{{{1008, 0, -230},0, {6131, -159},{0x43, 0xA4, 0xC7, 0xFF}}},
	{{{1001, -38, -188},0, {6097, 51},{0x43, 0xA4, 0xC7, 0xFF}}},
	{{{1001, -38, -188},0, {6097, 51},{0x7B, 0xDF, 0xFA, 0xFF}}},
	{{{1008, 0, -230},0, {6131, -159},{0x7B, 0xDF, 0xFA, 0xFF}}},
	{{{1022, 0, 0},0, {6203, 1008},{0x7B, 0xDF, 0xFA, 0xFF}}},
	{{{1008, -47, 0},0, {6131, 1008},{0x7B, 0xDF, 0xFA, 0xFF}}},
	{{{1008, 0, -230},0, {6131, -159},{0x7B, 0x21, 0xFA, 0xFF}}},
	{{{1001, 38, -188},0, {6097, 51},{0x7B, 0x21, 0xFA, 0xFF}}},
	{{{1008, 47, 0},0, {6131, 1008},{0x7B, 0x21, 0xFA, 0xFF}}},
	{{{1022, 0, 0},0, {6203, 1008},{0x7B, 0x21, 0xFA, 0xFF}}},
	{{{1022, 0, 0},0, {6203, 1008},{0x7B, 0x21, 0x6, 0xFF}}},
	{{{1008, 47, 0},0, {6131, 1008},{0x7B, 0x21, 0x6, 0xFF}}},
	{{{1001, 38, 188},0, {6097, 1965},{0x7B, 0x21, 0x6, 0xFF}}},
	{{{1008, 0, 230},0, {6131, 2175},{0x7B, 0x21, 0x6, 0xFF}}},
	{{{1008, -47, 0},0, {6131, 1008},{0x7B, 0xDF, 0x6, 0xFF}}},
	{{{1022, 0, 0},0, {6203, 1008},{0x7B, 0xDF, 0x6, 0xFF}}},
	{{{1008, 0, 230},0, {6131, 2175},{0x7B, 0xDF, 0x6, 0xFF}}},
	{{{1001, -38, 188},0, {6097, 1965},{0x7B, 0xDF, 0x6, 0xFF}}},
	{{{-626, -51, 251},0, {-2176, 2284},{0xFE, 0x90, 0x3D, 0xFF}}},
	{{{-626, 0, 345},0, {-2176, 2763},{0xFE, 0x90, 0x3D, 0xFF}}},
	{{{-932, 0, 331},0, {-3729, 2689},{0xFE, 0x90, 0x3D, 0xFF}}},
	{{{-931, -49, 240},0, {-3725, 2229},{0xFE, 0x90, 0x3D, 0xFF}}},
	{{{-626, 0, 345},0, {-2176, 2763},{0xFE, 0x70, 0x3D, 0xFF}}},
	{{{-626, 51, 251},0, {-2176, 2284},{0xFE, 0x70, 0x3D, 0xFF}}},
	{{{-931, 49, 240},0, {-3725, 2229},{0xFE, 0x70, 0x3D, 0xFF}}},
	{{{-932, 0, 331},0, {-3729, 2689},{0xFE, 0x70, 0x3D, 0xFF}}},
	{{{-932, 0, 331},0, {-3729, 2689},{0xBD, 0x5C, 0x39, 0xFF}}},
	{{{-931, 49, 240},0, {-3725, 2229},{0xBD, 0x5C, 0x39, 0xFF}}},
	{{{-1001, 38, 188},0, {-4081, 1965},{0xBD, 0x5C, 0x39, 0xFF}}},
	{{{-1008, 0, 230},0, {-4115, 2175},{0xBD, 0x5C, 0x39, 0xFF}}},
	{{{-931, -49, 240},0, {-3725, 2229},{0xBD, 0xA4, 0x39, 0xFF}}},
	{{{-932, 0, 331},0, {-3729, 2689},{0xBD, 0xA4, 0x39, 0xFF}}},
	{{{-1008, 0, 230},0, {-4115, 2175},{0xBD, 0xA4, 0x39, 0xFF}}},
	{{{-1001, -38, 188},0, {-4081, 1965},{0xBD, 0xA4, 0x39, 0xFF}}},
	{{{626, -51, -251},0, {4192, -268},{0x1, 0x81, 0xF7, 0xFF}}},
	{{{931, -49, -240},0, {5741, -213},{0x1, 0x81, 0xF7, 0xFF}}},
	{{{932, -67, 0},0, {5745, 1008},{0x1, 0x81, 0xF7, 0xFF}}},
	{{{626, -70, 0},0, {4192, 1008},{0x1, 0x81, 0xF7, 0xFF}}},
	{{{931, -49, -240},0, {5741, -213},{0x1D, 0x85, 0xF8, 0xFF}}},
	{{{1001, -38, -188},0, {6097, 51},{0x1D, 0x85, 0xF8, 0xFF}}},
	{{{1008, -47, 0},0, {6131, 1008},{0x1D, 0x85, 0xF8, 0xFF}}},
	{{{932, -67, 0},0, {5745, 1008},{0x1D, 0x85, 0xF8, 0xFF}}},
	{{{932, -67, 0},0, {5745, 1008},{0x1D, 0x85, 0x8, 0xFF}}},
	{{{1008, -47, 0},0, {6131, 1008},{0x1D, 0x85, 0x8, 0xFF}}},
	{{{1001, -38, 188},0, {6097, 1965},{0x1D, 0x85, 0x8, 0xFF}}},
	{{{931, -49, 240},0, {5741, 2229},{0x1D, 0x85, 0x8, 0xFF}}},
	{{{626, -70, 0},0, {4192, 1008},{0x1, 0x81, 0x9, 0xFF}}},
	{{{932, -67, 0},0, {5745, 1008},{0x1, 0x81, 0x9, 0xFF}}},
	{{{931, -49, 240},0, {5741, 2229},{0x1, 0x81, 0x9, 0xFF}}},
	{{{626, -51, 251},0, {4192, 2284},{0x1, 0x81, 0x9, 0xFF}}},
	{{{-626, 51, -251},0, {-2176, -268},{0xFF, 0x7F, 0xF7, 0xFF}}},
	{{{-931, 49, -240},0, {-3725, -213},{0xFF, 0x7F, 0xF7, 0xFF}}},
	{{{-932, 67, 0},0, {-3729, 1008},{0xFF, 0x7F, 0xF7, 0xFF}}},
	{{{-626, 70, 0},0, {-2176, 1008},{0xFF, 0x7F, 0xF7, 0xFF}}},
	{{{-931, 49, -240},0, {-3725, -213},{0xE3, 0x7B, 0xF8, 0xFF}}},
	{{{-1001, 38, -188},0, {-4081, 51},{0xE3, 0x7B, 0xF8, 0xFF}}},
	{{{-1008, 47, 0},0, {-4115, 1008},{0xE3, 0x7B, 0xF8, 0xFF}}},
	{{{-932, 67, 0},0, {-3729, 1008},{0xE3, 0x7B, 0xF8, 0xFF}}},
	{{{-932, 67, 0},0, {-3729, 1008},{0xE3, 0x7B, 0x8, 0xFF}}},
	{{{-1008, 47, 0},0, {-4115, 1008},{0xE3, 0x7B, 0x8, 0xFF}}},
	{{{-1001, 38, 188},0, {-4081, 1965},{0xE3, 0x7B, 0x8, 0xFF}}},
	{{{-931, 49, 240},0, {-3725, 2229},{0xE3, 0x7B, 0x8, 0xFF}}},
	{{{-626, 70, 0},0, {-2176, 1008},{0xFF, 0x7F, 0x9, 0xFF}}},
	{{{-932, 67, 0},0, {-3729, 1008},{0xFF, 0x7F, 0x9, 0xFF}}},
	{{{-931, 49, 240},0, {-3725, 2229},{0xFF, 0x7F, 0x9, 0xFF}}},
	{{{-626, 51, 251},0, {-2176, 2284},{0xFF, 0x7F, 0x9, 0xFF}}},
	{{{1001, 38, -188},0, {6097, 51},{0x1D, 0x7B, 0xF8, 0xFF}}},
	{{{931, 49, -240},0, {5741, -213},{0x1D, 0x7B, 0xF8, 0xFF}}},
	{{{932, 67, 0},0, {5745, 1008},{0x1D, 0x7B, 0xF8, 0xFF}}},
	{{{1008, 47, 0},0, {6131, 1008},{0x1D, 0x7B, 0xF8, 0xFF}}},
	{{{931, 49, -240},0, {5741, -213},{0x1, 0x7F, 0xF7, 0xFF}}},
	{{{626, 51, -251},0, {4192, -268},{0x1, 0x7F, 0xF7, 0xFF}}},
	{{{626, 70, 0},0, {4192, 1008},{0x1, 0x7F, 0xF7, 0xFF}}},
	{{{932, 67, 0},0, {5745, 1008},{0x1, 0x7F, 0xF7, 0xFF}}},
	{{{932, 67, 0},0, {5745, 1008},{0x1, 0x7F, 0x9, 0xFF}}},
	{{{626, 70, 0},0, {4192, 1008},{0x1, 0x7F, 0x9, 0xFF}}},
	{{{626, 51, 251},0, {4192, 2284},{0x1, 0x7F, 0x9, 0xFF}}},
	{{{931, 49, 240},0, {5741, 2229},{0x1, 0x7F, 0x9, 0xFF}}},
	{{{1008, 47, 0},0, {6131, 1008},{0x1D, 0x7B, 0x8, 0xFF}}},
	{{{932, 67, 0},0, {5745, 1008},{0x1D, 0x7B, 0x8, 0xFF}}},
	{{{931, 49, 240},0, {5741, 2229},{0x1D, 0x7B, 0x8, 0xFF}}},
	{{{1001, 38, 188},0, {6097, 1965},{0x1D, 0x7B, 0x8, 0xFF}}},
	{{{626, 51, -251},0, {4192, -268},{0x0, 0x7F, 0xF7, 0xFF}}},
	{{{0, 70, 0},0, {1008, 1008},{0x0, 0x7F, 0xF7, 0xFF}}},
	{{{626, 70, 0},0, {4192, 1008},{0x0, 0x7F, 0xF7, 0xFF}}},
	{{{0, 51, -251},0, {1008, -268},{0x0, 0x7F, 0xF7, 0xFF}}},
	{{{-626, 70, 0},0, {-2176, 1008},{0x0, 0x7F, 0xF7, 0xFF}}},
	{{{-626, 51, -251},0, {-2176, -268},{0x0, 0x7F, 0xF7, 0xFF}}},
	{{{0, 70, 0},0, {1008, 1008},{0x0, 0x7F, 0x9, 0xFF}}},
	{{{-626, 70, 0},0, {-2176, 1008},{0x0, 0x7F, 0x9, 0xFF}}},
	{{{-626, 51, 251},0, {-2176, 2284},{0x0, 0x7F, 0x9, 0xFF}}},
	{{{0, 51, 251},0, {1008, 2284},{0x0, 0x7F, 0x9, 0xFF}}},
	{{{626, 70, 0},0, {4192, 1008},{0x0, 0x7F, 0x9, 0xFF}}},
	{{{626, 51, 251},0, {4192, 2284},{0x0, 0x7F, 0x9, 0xFF}}},
	{{{-1001, -38, -188},0, {-4081, 51},{0xE3, 0x85, 0xF8, 0xFF}}},
	{{{-931, -49, -240},0, {-3725, -213},{0xE3, 0x85, 0xF8, 0xFF}}},
	{{{-932, -67, 0},0, {-3729, 1008},{0xE3, 0x85, 0xF8, 0xFF}}},
	{{{-1008, -47, 0},0, {-4115, 1008},{0xE3, 0x85, 0xF8, 0xFF}}},
	{{{-931, -49, -240},0, {-3725, -213},{0xFF, 0x81, 0xF7, 0xFF}}},
	{{{-626, -51, -251},0, {-2176, -268},{0xFF, 0x81, 0xF7, 0xFF}}},
	{{{-626, -70, 0},0, {-2176, 1008},{0xFF, 0x81, 0xF7, 0xFF}}},
	{{{-932, -67, 0},0, {-3729, 1008},{0xFF, 0x81, 0xF7, 0xFF}}},
	{{{-932, -67, 0},0, {-3729, 1008},{0xFF, 0x81, 0x9, 0xFF}}},
	{{{-626, -70, 0},0, {-2176, 1008},{0xFF, 0x81, 0x9, 0xFF}}},
	{{{-626, -51, 251},0, {-2176, 2284},{0xFF, 0x81, 0x9, 0xFF}}},
	{{{-931, -49, 240},0, {-3725, 2229},{0xFF, 0x81, 0x9, 0xFF}}},
	{{{-1008, -47, 0},0, {-4115, 1008},{0xE3, 0x85, 0x8, 0xFF}}},
	{{{-932, -67, 0},0, {-3729, 1008},{0xE3, 0x85, 0x8, 0xFF}}},
	{{{-931, -49, 240},0, {-3725, 2229},{0xE3, 0x85, 0x8, 0xFF}}},
	{{{-1001, -38, 188},0, {-4081, 1965},{0xE3, 0x85, 0x8, 0xFF}}},
	{{{-626, -51, -251},0, {-2176, -268},{0x0, 0x81, 0xF7, 0xFF}}},
	{{{0, -70, 0},0, {1008, 1008},{0x0, 0x81, 0xF7, 0xFF}}},
	{{{-626, -70, 0},0, {-2176, 1008},{0x0, 0x81, 0xF7, 0xFF}}},
	{{{0, -51, -251},0, {1008, -268},{0x0, 0x81, 0xF7, 0xFF}}},
	{{{0, -51, -251},0, {1008, -268},{0x0, 0x81, 0xF7, 0xFF}}},
	{{{626, -70, 0},0, {4192, 1008},{0x0, 0x81, 0xF7, 0xFF}}},
	{{{0, -70, 0},0, {1008, 1008},{0x0, 0x81, 0xF7, 0xFF}}},
	{{{626, -51, -251},0, {4192, -268},{0x0, 0x81, 0xF7, 0xFF}}},
	{{{0, -70, 0},0, {1008, 1008},{0x0, 0x81, 0x9, 0xFF}}},
	{{{626, -70, 0},0, {4192, 1008},{0x0, 0x81, 0x9, 0xFF}}},
	{{{626, -51, 251},0, {4192, 2284},{0x0, 0x81, 0x9, 0xFF}}},
	{{{0, -51, 251},0, {1008, 2284},{0x0, 0x81, 0x9, 0xFF}}},
	{{{-626, -70, 0},0, {-2176, 1008},{0x0, 0x81, 0x9, 0xFF}}},
	{{{-626, -51, 251},0, {-2176, 2284},{0x0, 0x81, 0x9, 0xFF}}},
	{{{1001, -38, 188},0, {6097, 1965},{0x43, 0xA4, 0x39, 0xFF}}},
	{{{1008, 0, 230},0, {6131, 2175},{0x43, 0xA4, 0x39, 0xFF}}},
	{{{932, 0, 331},0, {5745, 2689},{0x43, 0xA4, 0x39, 0xFF}}},
	{{{931, -49, 240},0, {5741, 2229},{0x43, 0xA4, 0x39, 0xFF}}},
	{{{1008, 0, 230},0, {6131, 2175},{0x43, 0x5C, 0x39, 0xFF}}},
	{{{1001, 38, 188},0, {6097, 1965},{0x43, 0x5C, 0x39, 0xFF}}},
	{{{931, 49, 240},0, {5741, 2229},{0x43, 0x5C, 0x39, 0xFF}}},
	{{{932, 0, 331},0, {5745, 2689},{0x43, 0x5C, 0x39, 0xFF}}},
	{{{932, 0, 331},0, {5745, 2689},{0x2, 0x70, 0x3D, 0xFF}}},
	{{{931, 49, 240},0, {5741, 2229},{0x2, 0x70, 0x3D, 0xFF}}},
	{{{626, 51, 251},0, {4192, 2284},{0x2, 0x70, 0x3D, 0xFF}}},
	{{{626, 0, 345},0, {4192, 2763},{0x2, 0x70, 0x3D, 0xFF}}},
	{{{931, -49, 240},0, {5741, 2229},{0x2, 0x90, 0x3D, 0xFF}}},
	{{{932, 0, 331},0, {5745, 2689},{0x2, 0x90, 0x3D, 0xFF}}},
	{{{626, 0, 345},0, {4192, 2763},{0x2, 0x90, 0x3D, 0xFF}}},
	{{{626, -51, 251},0, {4192, 2284},{0x2, 0x90, 0x3D, 0xFF}}},
	{{{626, -51, 251},0, {4192, 2284},{0x0, 0x90, 0x3D, 0xFF}}},
	{{{626, 0, 345},0, {4192, 2763},{0x0, 0x90, 0x3D, 0xFF}}},
	{{{0, 0, 345},0, {1008, 2763},{0x0, 0x90, 0x3D, 0xFF}}},
	{{{0, -51, 251},0, {1008, 2284},{0x0, 0x90, 0x3D, 0xFF}}},
	{{{0, -51, 251},0, {1008, 2284},{0x0, 0x90, 0x3D, 0xFF}}},
	{{{0, 0, 345},0, {1008, 2763},{0x0, 0x90, 0x3D, 0xFF}}},
	{{{-626, 0, 345},0, {-2176, 2763},{0x0, 0x90, 0x3D, 0xFF}}},
	{{{-626, -51, 251},0, {-2176, 2284},{0x0, 0x90, 0x3D, 0xFF}}},
	{{{626, 0, 345},0, {4192, 2763},{0x0, 0x70, 0x3D, 0xFF}}},
	{{{626, 51, 251},0, {4192, 2284},{0x0, 0x70, 0x3D, 0xFF}}},
	{{{0, 51, 251},0, {1008, 2284},{0x0, 0x70, 0x3D, 0xFF}}},
	{{{0, 0, 345},0, {1008, 2763},{0x0, 0x70, 0x3D, 0xFF}}},
	{{{-626, 51, 251},0, {-2176, 2284},{0x0, 0x70, 0x3D, 0xFF}}},
	{{{-626, 0, 345},0, {-2176, 2763},{0x0, 0x70, 0x3D, 0xFF}}},
	{{{-1001, -38, -188},0, {-4081, 51},{0xBD, 0xA4, 0xC7, 0xFF}}},
	{{{-1008, 0, -230},0, {-4115, -159},{0xBD, 0xA4, 0xC7, 0xFF}}},
	{{{-932, 0, -331},0, {-3729, -673},{0xBD, 0xA4, 0xC7, 0xFF}}},
	{{{-931, -49, -240},0, {-3725, -213},{0xBD, 0xA4, 0xC7, 0xFF}}},
	{{{-1008, 0, -230},0, {-4115, -159},{0xBD, 0x5C, 0xC7, 0xFF}}},
	{{{-1001, 38, -188},0, {-4081, 51},{0xBD, 0x5C, 0xC7, 0xFF}}},
	{{{-931, 49, -240},0, {-3725, -213},{0xBD, 0x5C, 0xC7, 0xFF}}},
	{{{-932, 0, -331},0, {-3729, -673},{0xBD, 0x5C, 0xC7, 0xFF}}},
	{{{-932, 0, -331},0, {-3729, -673},{0xFE, 0x70, 0xC3, 0xFF}}},
	{{{-931, 49, -240},0, {-3725, -213},{0xFE, 0x70, 0xC3, 0xFF}}},
	{{{-626, 51, -251},0, {-2176, -268},{0xFE, 0x70, 0xC3, 0xFF}}},
	{{{-626, 0, -345},0, {-2176, -747},{0xFE, 0x70, 0xC3, 0xFF}}},
	{{{-931, -49, -240},0, {-3725, -213},{0xFE, 0x90, 0xC3, 0xFF}}},
	{{{-932, 0, -331},0, {-3729, -673},{0xFE, 0x90, 0xC3, 0xFF}}},
	{{{-626, 0, -345},0, {-2176, -747},{0xFE, 0x90, 0xC3, 0xFF}}},
	{{{-626, -51, -251},0, {-2176, -268},{0xFE, 0x90, 0xC3, 0xFF}}},
	{{{-626, -51, -251},0, {-2176, -268},{0x0, 0x90, 0xC3, 0xFF}}},
	{{{-626, 0, -345},0, {-2176, -747},{0x0, 0x90, 0xC3, 0xFF}}},
	{{{0, 0, -345},0, {1008, -747},{0x0, 0x90, 0xC3, 0xFF}}},
	{{{0, -51, -251},0, {1008, -268},{0x0, 0x90, 0xC3, 0xFF}}},
	{{{0, -51, -251},0, {1008, -268},{0x0, 0x90, 0xC3, 0xFF}}},
	{{{0, 0, -345},0, {1008, -747},{0x0, 0x90, 0xC3, 0xFF}}},
	{{{626, 0, -345},0, {4192, -747},{0x0, 0x90, 0xC3, 0xFF}}},
	{{{626, -51, -251},0, {4192, -268},{0x0, 0x90, 0xC3, 0xFF}}},
	{{{-626, 0, -345},0, {-2176, -747},{0x0, 0x70, 0xC3, 0xFF}}},
	{{{-626, 51, -251},0, {-2176, -268},{0x0, 0x70, 0xC3, 0xFF}}},
	{{{0, 51, -251},0, {1008, -268},{0x0, 0x70, 0xC3, 0xFF}}},
	{{{0, 0, -345},0, {1008, -747},{0x0, 0x70, 0xC3, 0xFF}}},
	{{{626, 51, -251},0, {4192, -268},{0x0, 0x70, 0xC3, 0xFF}}},
	{{{626, 0, -345},0, {4192, -747},{0x0, 0x70, 0xC3, 0xFF}}},
};

Gfx wf_dl_slate_004_mesh_layer_1_tri_0[] = {
	gsSPVertex(wf_dl_slate_004_mesh_layer_1_vtx_0 + 0, 16, 0),
	gsSP1Triangle(0, 1, 2, 0),
	gsSP1Triangle(0, 2, 3, 0),
	gsSP1Triangle(4, 5, 6, 0),
	gsSP1Triangle(4, 6, 7, 0),
	gsSP1Triangle(8, 9, 10, 0),
	gsSP1Triangle(8, 10, 11, 0),
	gsSP1Triangle(12, 13, 14, 0),
	gsSP1Triangle(12, 14, 15, 0),
	gsSPVertex(wf_dl_slate_004_mesh_layer_1_vtx_0 + 16, 16, 0),
	gsSP1Triangle(0, 1, 2, 0),
	gsSP1Triangle(0, 2, 3, 0),
	gsSP1Triangle(4, 5, 6, 0),
	gsSP1Triangle(4, 6, 7, 0),
	gsSP1Triangle(8, 9, 10, 0),
	gsSP1Triangle(8, 10, 11, 0),
	gsSP1Triangle(12, 13, 14, 0),
	gsSP1Triangle(12, 14, 15, 0),
	gsSPVertex(wf_dl_slate_004_mesh_layer_1_vtx_0 + 32, 16, 0),
	gsSP1Triangle(0, 1, 2, 0),
	gsSP1Triangle(0, 2, 3, 0),
	gsSP1Triangle(4, 5, 6, 0),
	gsSP1Triangle(4, 6, 7, 0),
	gsSP1Triangle(8, 9, 10, 0),
	gsSP1Triangle(8, 10, 11, 0),
	gsSP1Triangle(12, 13, 14, 0),
	gsSP1Triangle(12, 14, 15, 0),
	gsSPVertex(wf_dl_slate_004_mesh_layer_1_vtx_0 + 48, 16, 0),
	gsSP1Triangle(0, 1, 2, 0),
	gsSP1Triangle(0, 2, 3, 0),
	gsSP1Triangle(4, 5, 6, 0),
	gsSP1Triangle(4, 6, 7, 0),
	gsSP1Triangle(8, 9, 10, 0),
	gsSP1Triangle(8, 10, 11, 0),
	gsSP1Triangle(12, 13, 14, 0),
	gsSP1Triangle(12, 14, 15, 0),
	gsSPVertex(wf_dl_slate_004_mesh_layer_1_vtx_0 + 64, 16, 0),
	gsSP1Triangle(0, 1, 2, 0),
	gsSP1Triangle(0, 2, 3, 0),
	gsSP1Triangle(4, 5, 6, 0),
	gsSP1Triangle(4, 6, 7, 0),
	gsSP1Triangle(8, 9, 10, 0),
	gsSP1Triangle(8, 10, 11, 0),
	gsSP1Triangle(12, 13, 14, 0),
	gsSP1Triangle(12, 14, 15, 0),
	gsSPVertex(wf_dl_slate_004_mesh_layer_1_vtx_0 + 80, 16, 0),
	gsSP1Triangle(0, 1, 2, 0),
	gsSP1Triangle(0, 2, 3, 0),
	gsSP1Triangle(4, 5, 6, 0),
	gsSP1Triangle(4, 6, 7, 0),
	gsSP1Triangle(8, 9, 10, 0),
	gsSP1Triangle(8, 10, 11, 0),
	gsSP1Triangle(12, 13, 14, 0),
	gsSP1Triangle(12, 14, 15, 0),
	gsSPVertex(wf_dl_slate_004_mesh_layer_1_vtx_0 + 96, 16, 0),
	gsSP1Triangle(0, 1, 2, 0),
	gsSP1Triangle(0, 2, 3, 0),
	gsSP1Triangle(4, 5, 6, 0),
	gsSP1Triangle(4, 6, 7, 0),
	gsSP1Triangle(8, 9, 10, 0),
	gsSP1Triangle(8, 10, 11, 0),
	gsSP1Triangle(12, 13, 14, 0),
	gsSP1Triangle(12, 14, 15, 0),
	gsSPVertex(wf_dl_slate_004_mesh_layer_1_vtx_0 + 112, 16, 0),
	gsSP1Triangle(0, 1, 2, 0),
	gsSP1Triangle(0, 3, 1, 0),
	gsSP1Triangle(3, 4, 1, 0),
	gsSP1Triangle(3, 5, 4, 0),
	gsSP1Triangle(6, 7, 8, 0),
	gsSP1Triangle(6, 8, 9, 0),
	gsSP1Triangle(10, 6, 9, 0),
	gsSP1Triangle(10, 9, 11, 0),
	gsSP1Triangle(12, 13, 14, 0),
	gsSP1Triangle(12, 14, 15, 0),
	gsSPVertex(wf_dl_slate_004_mesh_layer_1_vtx_0 + 128, 16, 0),
	gsSP1Triangle(0, 1, 2, 0),
	gsSP1Triangle(0, 2, 3, 0),
	gsSP1Triangle(4, 5, 6, 0),
	gsSP1Triangle(4, 6, 7, 0),
	gsSP1Triangle(8, 9, 10, 0),
	gsSP1Triangle(8, 10, 11, 0),
	gsSP1Triangle(12, 13, 14, 0),
	gsSP1Triangle(12, 15, 13, 0),
	gsSPVertex(wf_dl_slate_004_mesh_layer_1_vtx_0 + 144, 14, 0),
	gsSP1Triangle(0, 1, 2, 0),
	gsSP1Triangle(0, 3, 1, 0),
	gsSP1Triangle(4, 5, 6, 0),
	gsSP1Triangle(4, 6, 7, 0),
	gsSP1Triangle(8, 4, 7, 0),
	gsSP1Triangle(8, 7, 9, 0),
	gsSP1Triangle(10, 11, 12, 0),
	gsSP1Triangle(10, 12, 13, 0),
	gsSPVertex(wf_dl_slate_004_mesh_layer_1_vtx_0 + 158, 16, 0),
	gsSP1Triangle(0, 1, 2, 0),
	gsSP1Triangle(0, 2, 3, 0),
	gsSP1Triangle(4, 5, 6, 0),
	gsSP1Triangle(4, 6, 7, 0),
	gsSP1Triangle(8, 9, 10, 0),
	gsSP1Triangle(8, 10, 11, 0),
	gsSP1Triangle(12, 13, 14, 0),
	gsSP1Triangle(12, 14, 15, 0),
	gsSPVertex(wf_dl_slate_004_mesh_layer_1_vtx_0 + 174, 14, 0),
	gsSP1Triangle(0, 1, 2, 0),
	gsSP1Triangle(0, 2, 3, 0),
	gsSP1Triangle(4, 5, 6, 0),
	gsSP1Triangle(4, 6, 7, 0),
	gsSP1Triangle(7, 6, 8, 0),
	gsSP1Triangle(7, 8, 9, 0),
	gsSP1Triangle(10, 11, 12, 0),
	gsSP1Triangle(10, 12, 13, 0),
	gsSPVertex(wf_dl_slate_004_mesh_layer_1_vtx_0 + 188, 16, 0),
	gsSP1Triangle(0, 1, 2, 0),
	gsSP1Triangle(0, 2, 3, 0),
	gsSP1Triangle(4, 5, 6, 0),
	gsSP1Triangle(4, 6, 7, 0),
	gsSP1Triangle(8, 9, 10, 0),
	gsSP1Triangle(8, 10, 11, 0),
	gsSP1Triangle(12, 13, 14, 0),
	gsSP1Triangle(12, 14, 15, 0),
	gsSPVertex(wf_dl_slate_004_mesh_layer_1_vtx_0 + 204, 10, 0),
	gsSP1Triangle(0, 1, 2, 0),
	gsSP1Triangle(0, 2, 3, 0),
	gsSP1Triangle(4, 5, 6, 0),
	gsSP1Triangle(4, 6, 7, 0),
	gsSP1Triangle(7, 6, 8, 0),
	gsSP1Triangle(7, 8, 9, 0),
	gsSPEndDisplayList(),
};

Vtx wf_dl_slate_005_mesh_layer_1_vtx_0[214] = {
	{{{-1001, -38, 188},0, {-4081, 1965},{0x85, 0xDF, 0x6, 0xFF}}},
	{{{-1008, 0, 230},0, {-4115, 2175},{0x85, 0xDF, 0x6, 0xFF}}},
	{{{-1022, 0, 0},0, {-4187, 1008},{0x85, 0xDF, 0x6, 0xFF}}},
	{{{-1008, -47, 0},0, {-4115, 1008},{0x85, 0xDF, 0x6, 0xFF}}},
	{{{-1008, 0, 230},0, {-4115, 2175},{0x85, 0x21, 0x6, 0xFF}}},
	{{{-1001, 38, 188},0, {-4081, 1965},{0x85, 0x21, 0x6, 0xFF}}},
	{{{-1008, 47, 0},0, {-4115, 1008},{0x85, 0x21, 0x6, 0xFF}}},
	{{{-1022, 0, 0},0, {-4187, 1008},{0x85, 0x21, 0x6, 0xFF}}},
	{{{-1022, 0, 0},0, {-4187, 1008},{0x85, 0x21, 0xFA, 0xFF}}},
	{{{-1008, 47, 0},0, {-4115, 1008},{0x85, 0x21, 0xFA, 0xFF}}},
	{{{-1001, 38, -188},0, {-4081, 51},{0x85, 0x21, 0xFA, 0xFF}}},
	{{{-1008, 0, -230},0, {-4115, -159},{0x85, 0x21, 0xFA, 0xFF}}},
	{{{-1008, -47, 0},0, {-4115, 1008},{0x85, 0xDF, 0xFA, 0xFF}}},
	{{{-1022, 0, 0},0, {-4187, 1008},{0x85, 0xDF, 0xFA, 0xFF}}},
	{{{-1008, 0, -230},0, {-4115, -159},{0x85, 0xDF, 0xFA, 0xFF}}},
	{{{-1001, -38, -188},0, {-4081, 51},{0x85, 0xDF, 0xFA, 0xFF}}},
	{{{626, -51, -251},0, {4192, -268},{0x2, 0x90, 0xC3, 0xFF}}},
	{{{626, 0, -345},0, {4192, -747},{0x2, 0x90, 0xC3, 0xFF}}},
	{{{932, 0, -331},0, {5745, -673},{0x2, 0x90, 0xC3, 0xFF}}},
	{{{931, -49, -240},0, {5741, -213},{0x2, 0x90, 0xC3, 0xFF}}},
	{{{626, 0, -345},0, {4192, -747},{0x2, 0x70, 0xC3, 0xFF}}},
	{{{626, 51, -251},0, {4192, -268},{0x2, 0x70, 0xC3, 0xFF}}},
	{{{931, 49, -240},0, {5741, -213},{0x2, 0x70, 0xC3, 0xFF}}},
	{{{932, 0, -331},0, {5745, -673},{0x2, 0x70, 0xC3, 0xFF}}},
	{{{932, 0, -331},0, {5745, -673},{0x43, 0x5C, 0xC7, 0xFF}}},
	{{{931, 49, -240},0, {5741, -213},{0x43, 0x5C, 0xC7, 0xFF}}},
	{{{1001, 38, -188},0, {6097, 51},{0x43, 0x5C, 0xC7, 0xFF}}},
	{{{1008, 0, -230},0, {6131, -159},{0x43, 0x5C, 0xC7, 0xFF}}},
	{{{931, -49, -240},0, {5741, -213},{0x43, 0xA4, 0xC7, 0xFF}}},
	{{{932, 0, -331},0, {5745, -673},{0x43, 0xA4, 0xC7, 0xFF}}},
	{{{1008, 0, -230},0, {6131, -159},{0x43, 0xA4, 0xC7, 0xFF}}},
	{{{1001, -38, -188},0, {6097, 51},{0x43, 0xA4, 0xC7, 0xFF}}},
	{{{1001, -38, -188},0, {6097, 51},{0x7B, 0xDF, 0xFA, 0xFF}}},
	{{{1008, 0, -230},0, {6131, -159},{0x7B, 0xDF, 0xFA, 0xFF}}},
	{{{1022, 0, 0},0, {6203, 1008},{0x7B, 0xDF, 0xFA, 0xFF}}},
	{{{1008, -47, 0},0, {6131, 1008},{0x7B, 0xDF, 0xFA, 0xFF}}},
	{{{1008, 0, -230},0, {6131, -159},{0x7B, 0x21, 0xFA, 0xFF}}},
	{{{1001, 38, -188},0, {6097, 51},{0x7B, 0x21, 0xFA, 0xFF}}},
	{{{1008, 47, 0},0, {6131, 1008},{0x7B, 0x21, 0xFA, 0xFF}}},
	{{{1022, 0, 0},0, {6203, 1008},{0x7B, 0x21, 0xFA, 0xFF}}},
	{{{1022, 0, 0},0, {6203, 1008},{0x7B, 0x21, 0x6, 0xFF}}},
	{{{1008, 47, 0},0, {6131, 1008},{0x7B, 0x21, 0x6, 0xFF}}},
	{{{1001, 38, 188},0, {6097, 1965},{0x7B, 0x21, 0x6, 0xFF}}},
	{{{1008, 0, 230},0, {6131, 2175},{0x7B, 0x21, 0x6, 0xFF}}},
	{{{1008, -47, 0},0, {6131, 1008},{0x7B, 0xDF, 0x6, 0xFF}}},
	{{{1022, 0, 0},0, {6203, 1008},{0x7B, 0xDF, 0x6, 0xFF}}},
	{{{1008, 0, 230},0, {6131, 2175},{0x7B, 0xDF, 0x6, 0xFF}}},
	{{{1001, -38, 188},0, {6097, 1965},{0x7B, 0xDF, 0x6, 0xFF}}},
	{{{-626, -51, 251},0, {-2176, 2284},{0xFE, 0x90, 0x3D, 0xFF}}},
	{{{-626, 0, 345},0, {-2176, 2763},{0xFE, 0x90, 0x3D, 0xFF}}},
	{{{-932, 0, 331},0, {-3729, 2689},{0xFE, 0x90, 0x3D, 0xFF}}},
	{{{-931, -49, 240},0, {-3725, 2229},{0xFE, 0x90, 0x3D, 0xFF}}},
	{{{-626, 0, 345},0, {-2176, 2763},{0xFE, 0x70, 0x3D, 0xFF}}},
	{{{-626, 51, 251},0, {-2176, 2284},{0xFE, 0x70, 0x3D, 0xFF}}},
	{{{-931, 49, 240},0, {-3725, 2229},{0xFE, 0x70, 0x3D, 0xFF}}},
	{{{-932, 0, 331},0, {-3729, 2689},{0xFE, 0x70, 0x3D, 0xFF}}},
	{{{-932, 0, 331},0, {-3729, 2689},{0xBD, 0x5C, 0x39, 0xFF}}},
	{{{-931, 49, 240},0, {-3725, 2229},{0xBD, 0x5C, 0x39, 0xFF}}},
	{{{-1001, 38, 188},0, {-4081, 1965},{0xBD, 0x5C, 0x39, 0xFF}}},
	{{{-1008, 0, 230},0, {-4115, 2175},{0xBD, 0x5C, 0x39, 0xFF}}},
	{{{-931, -49, 240},0, {-3725, 2229},{0xBD, 0xA4, 0x39, 0xFF}}},
	{{{-932, 0, 331},0, {-3729, 2689},{0xBD, 0xA4, 0x39, 0xFF}}},
	{{{-1008, 0, 230},0, {-4115, 2175},{0xBD, 0xA4, 0x39, 0xFF}}},
	{{{-1001, -38, 188},0, {-4081, 1965},{0xBD, 0xA4, 0x39, 0xFF}}},
	{{{626, -51, -251},0, {4192, -268},{0x1, 0x81, 0xF7, 0xFF}}},
	{{{931, -49, -240},0, {5741, -213},{0x1, 0x81, 0xF7, 0xFF}}},
	{{{932, -67, 0},0, {5745, 1008},{0x1, 0x81, 0xF7, 0xFF}}},
	{{{626, -70, 0},0, {4192, 1008},{0x1, 0x81, 0xF7, 0xFF}}},
	{{{931, -49, -240},0, {5741, -213},{0x1D, 0x85, 0xF8, 0xFF}}},
	{{{1001, -38, -188},0, {6097, 51},{0x1D, 0x85, 0xF8, 0xFF}}},
	{{{1008, -47, 0},0, {6131, 1008},{0x1D, 0x85, 0xF8, 0xFF}}},
	{{{932, -67, 0},0, {5745, 1008},{0x1D, 0x85, 0xF8, 0xFF}}},
	{{{932, -67, 0},0, {5745, 1008},{0x1D, 0x85, 0x8, 0xFF}}},
	{{{1008, -47, 0},0, {6131, 1008},{0x1D, 0x85, 0x8, 0xFF}}},
	{{{1001, -38, 188},0, {6097, 1965},{0x1D, 0x85, 0x8, 0xFF}}},
	{{{931, -49, 240},0, {5741, 2229},{0x1D, 0x85, 0x8, 0xFF}}},
	{{{626, -70, 0},0, {4192, 1008},{0x1, 0x81, 0x9, 0xFF}}},
	{{{932, -67, 0},0, {5745, 1008},{0x1, 0x81, 0x9, 0xFF}}},
	{{{931, -49, 240},0, {5741, 2229},{0x1, 0x81, 0x9, 0xFF}}},
	{{{626, -51, 251},0, {4192, 2284},{0x1, 0x81, 0x9, 0xFF}}},
	{{{-626, 51, -251},0, {-2176, -268},{0xFF, 0x7F, 0xF7, 0xFF}}},
	{{{-931, 49, -240},0, {-3725, -213},{0xFF, 0x7F, 0xF7, 0xFF}}},
	{{{-932, 67, 0},0, {-3729, 1008},{0xFF, 0x7F, 0xF7, 0xFF}}},
	{{{-626, 70, 0},0, {-2176, 1008},{0xFF, 0x7F, 0xF7, 0xFF}}},
	{{{-931, 49, -240},0, {-3725, -213},{0xE3, 0x7B, 0xF8, 0xFF}}},
	{{{-1001, 38, -188},0, {-4081, 51},{0xE3, 0x7B, 0xF8, 0xFF}}},
	{{{-1008, 47, 0},0, {-4115, 1008},{0xE3, 0x7B, 0xF8, 0xFF}}},
	{{{-932, 67, 0},0, {-3729, 1008},{0xE3, 0x7B, 0xF8, 0xFF}}},
	{{{-932, 67, 0},0, {-3729, 1008},{0xE3, 0x7B, 0x8, 0xFF}}},
	{{{-1008, 47, 0},0, {-4115, 1008},{0xE3, 0x7B, 0x8, 0xFF}}},
	{{{-1001, 38, 188},0, {-4081, 1965},{0xE3, 0x7B, 0x8, 0xFF}}},
	{{{-931, 49, 240},0, {-3725, 2229},{0xE3, 0x7B, 0x8, 0xFF}}},
	{{{-626, 70, 0},0, {-2176, 1008},{0xFF, 0x7F, 0x9, 0xFF}}},
	{{{-932, 67, 0},0, {-3729, 1008},{0xFF, 0x7F, 0x9, 0xFF}}},
	{{{-931, 49, 240},0, {-3725, 2229},{0xFF, 0x7F, 0x9, 0xFF}}},
	{{{-626, 51, 251},0, {-2176, 2284},{0xFF, 0x7F, 0x9, 0xFF}}},
	{{{1001, 38, -188},0, {6097, 51},{0x1D, 0x7B, 0xF8, 0xFF}}},
	{{{931, 49, -240},0, {5741, -213},{0x1D, 0x7B, 0xF8, 0xFF}}},
	{{{932, 67, 0},0, {5745, 1008},{0x1D, 0x7B, 0xF8, 0xFF}}},
	{{{1008, 47, 0},0, {6131, 1008},{0x1D, 0x7B, 0xF8, 0xFF}}},
	{{{931, 49, -240},0, {5741, -213},{0x1, 0x7F, 0xF7, 0xFF}}},
	{{{626, 51, -251},0, {4192, -268},{0x1, 0x7F, 0xF7, 0xFF}}},
	{{{626, 70, 0},0, {4192, 1008},{0x1, 0x7F, 0xF7, 0xFF}}},
	{{{932, 67, 0},0, {5745, 1008},{0x1, 0x7F, 0xF7, 0xFF}}},
	{{{932, 67, 0},0, {5745, 1008},{0x1, 0x7F, 0x9, 0xFF}}},
	{{{626, 70, 0},0, {4192, 1008},{0x1, 0x7F, 0x9, 0xFF}}},
	{{{626, 51, 251},0, {4192, 2284},{0x1, 0x7F, 0x9, 0xFF}}},
	{{{931, 49, 240},0, {5741, 2229},{0x1, 0x7F, 0x9, 0xFF}}},
	{{{1008, 47, 0},0, {6131, 1008},{0x1D, 0x7B, 0x8, 0xFF}}},
	{{{932, 67, 0},0, {5745, 1008},{0x1D, 0x7B, 0x8, 0xFF}}},
	{{{931, 49, 240},0, {5741, 2229},{0x1D, 0x7B, 0x8, 0xFF}}},
	{{{1001, 38, 188},0, {6097, 1965},{0x1D, 0x7B, 0x8, 0xFF}}},
	{{{626, 51, -251},0, {4192, -268},{0x0, 0x7F, 0xF7, 0xFF}}},
	{{{0, 70, 0},0, {1008, 1008},{0x0, 0x7F, 0xF7, 0xFF}}},
	{{{626, 70, 0},0, {4192, 1008},{0x0, 0x7F, 0xF7, 0xFF}}},
	{{{0, 51, -251},0, {1008, -268},{0x0, 0x7F, 0xF7, 0xFF}}},
	{{{-626, 70, 0},0, {-2176, 1008},{0x0, 0x7F, 0xF7, 0xFF}}},
	{{{-626, 51, -251},0, {-2176, -268},{0x0, 0x7F, 0xF7, 0xFF}}},
	{{{0, 70, 0},0, {1008, 1008},{0x0, 0x7F, 0x9, 0xFF}}},
	{{{-626, 70, 0},0, {-2176, 1008},{0x0, 0x7F, 0x9, 0xFF}}},
	{{{-626, 51, 251},0, {-2176, 2284},{0x0, 0x7F, 0x9, 0xFF}}},
	{{{0, 51, 251},0, {1008, 2284},{0x0, 0x7F, 0x9, 0xFF}}},
	{{{626, 70, 0},0, {4192, 1008},{0x0, 0x7F, 0x9, 0xFF}}},
	{{{626, 51, 251},0, {4192, 2284},{0x0, 0x7F, 0x9, 0xFF}}},
	{{{-1001, -38, -188},0, {-4081, 51},{0xE3, 0x85, 0xF8, 0xFF}}},
	{{{-931, -49, -240},0, {-3725, -213},{0xE3, 0x85, 0xF8, 0xFF}}},
	{{{-932, -67, 0},0, {-3729, 1008},{0xE3, 0x85, 0xF8, 0xFF}}},
	{{{-1008, -47, 0},0, {-4115, 1008},{0xE3, 0x85, 0xF8, 0xFF}}},
	{{{-931, -49, -240},0, {-3725, -213},{0xFF, 0x81, 0xF7, 0xFF}}},
	{{{-626, -51, -251},0, {-2176, -268},{0xFF, 0x81, 0xF7, 0xFF}}},
	{{{-626, -70, 0},0, {-2176, 1008},{0xFF, 0x81, 0xF7, 0xFF}}},
	{{{-932, -67, 0},0, {-3729, 1008},{0xFF, 0x81, 0xF7, 0xFF}}},
	{{{-932, -67, 0},0, {-3729, 1008},{0xFF, 0x81, 0x9, 0xFF}}},
	{{{-626, -70, 0},0, {-2176, 1008},{0xFF, 0x81, 0x9, 0xFF}}},
	{{{-626, -51, 251},0, {-2176, 2284},{0xFF, 0x81, 0x9, 0xFF}}},
	{{{-931, -49, 240},0, {-3725, 2229},{0xFF, 0x81, 0x9, 0xFF}}},
	{{{-1008, -47, 0},0, {-4115, 1008},{0xE3, 0x85, 0x8, 0xFF}}},
	{{{-932, -67, 0},0, {-3729, 1008},{0xE3, 0x85, 0x8, 0xFF}}},
	{{{-931, -49, 240},0, {-3725, 2229},{0xE3, 0x85, 0x8, 0xFF}}},
	{{{-1001, -38, 188},0, {-4081, 1965},{0xE3, 0x85, 0x8, 0xFF}}},
	{{{-626, -51, -251},0, {-2176, -268},{0x0, 0x81, 0xF7, 0xFF}}},
	{{{0, -70, 0},0, {1008, 1008},{0x0, 0x81, 0xF7, 0xFF}}},
	{{{-626, -70, 0},0, {-2176, 1008},{0x0, 0x81, 0xF7, 0xFF}}},
	{{{0, -51, -251},0, {1008, -268},{0x0, 0x81, 0xF7, 0xFF}}},
	{{{0, -51, -251},0, {1008, -268},{0x0, 0x81, 0xF7, 0xFF}}},
	{{{626, -70, 0},0, {4192, 1008},{0x0, 0x81, 0xF7, 0xFF}}},
	{{{0, -70, 0},0, {1008, 1008},{0x0, 0x81, 0xF7, 0xFF}}},
	{{{626, -51, -251},0, {4192, -268},{0x0, 0x81, 0xF7, 0xFF}}},
	{{{0, -70, 0},0, {1008, 1008},{0x0, 0x81, 0x9, 0xFF}}},
	{{{626, -70, 0},0, {4192, 1008},{0x0, 0x81, 0x9, 0xFF}}},
	{{{626, -51, 251},0, {4192, 2284},{0x0, 0x81, 0x9, 0xFF}}},
	{{{0, -51, 251},0, {1008, 2284},{0x0, 0x81, 0x9, 0xFF}}},
	{{{-626, -70, 0},0, {-2176, 1008},{0x0, 0x81, 0x9, 0xFF}}},
	{{{-626, -51, 251},0, {-2176, 2284},{0x0, 0x81, 0x9, 0xFF}}},
	{{{1001, -38, 188},0, {6097, 1965},{0x43, 0xA4, 0x39, 0xFF}}},
	{{{1008, 0, 230},0, {6131, 2175},{0x43, 0xA4, 0x39, 0xFF}}},
	{{{932, 0, 331},0, {5745, 2689},{0x43, 0xA4, 0x39, 0xFF}}},
	{{{931, -49, 240},0, {5741, 2229},{0x43, 0xA4, 0x39, 0xFF}}},
	{{{1008, 0, 230},0, {6131, 2175},{0x43, 0x5C, 0x39, 0xFF}}},
	{{{1001, 38, 188},0, {6097, 1965},{0x43, 0x5C, 0x39, 0xFF}}},
	{{{931, 49, 240},0, {5741, 2229},{0x43, 0x5C, 0x39, 0xFF}}},
	{{{932, 0, 331},0, {5745, 2689},{0x43, 0x5C, 0x39, 0xFF}}},
	{{{932, 0, 331},0, {5745, 2689},{0x2, 0x70, 0x3D, 0xFF}}},
	{{{931, 49, 240},0, {5741, 2229},{0x2, 0x70, 0x3D, 0xFF}}},
	{{{626, 51, 251},0, {4192, 2284},{0x2, 0x70, 0x3D, 0xFF}}},
	{{{626, 0, 345},0, {4192, 2763},{0x2, 0x70, 0x3D, 0xFF}}},
	{{{931, -49, 240},0, {5741, 2229},{0x2, 0x90, 0x3D, 0xFF}}},
	{{{932, 0, 331},0, {5745, 2689},{0x2, 0x90, 0x3D, 0xFF}}},
	{{{626, 0, 345},0, {4192, 2763},{0x2, 0x90, 0x3D, 0xFF}}},
	{{{626, -51, 251},0, {4192, 2284},{0x2, 0x90, 0x3D, 0xFF}}},
	{{{626, -51, 251},0, {4192, 2284},{0x0, 0x90, 0x3D, 0xFF}}},
	{{{626, 0, 345},0, {4192, 2763},{0x0, 0x90, 0x3D, 0xFF}}},
	{{{0, 0, 345},0, {1008, 2763},{0x0, 0x90, 0x3D, 0xFF}}},
	{{{0, -51, 251},0, {1008, 2284},{0x0, 0x90, 0x3D, 0xFF}}},
	{{{0, -51, 251},0, {1008, 2284},{0x0, 0x90, 0x3D, 0xFF}}},
	{{{0, 0, 345},0, {1008, 2763},{0x0, 0x90, 0x3D, 0xFF}}},
	{{{-626, 0, 345},0, {-2176, 2763},{0x0, 0x90, 0x3D, 0xFF}}},
	{{{-626, -51, 251},0, {-2176, 2284},{0x0, 0x90, 0x3D, 0xFF}}},
	{{{626, 0, 345},0, {4192, 2763},{0x0, 0x70, 0x3D, 0xFF}}},
	{{{626, 51, 251},0, {4192, 2284},{0x0, 0x70, 0x3D, 0xFF}}},
	{{{0, 51, 251},0, {1008, 2284},{0x0, 0x70, 0x3D, 0xFF}}},
	{{{0, 0, 345},0, {1008, 2763},{0x0, 0x70, 0x3D, 0xFF}}},
	{{{-626, 51, 251},0, {-2176, 2284},{0x0, 0x70, 0x3D, 0xFF}}},
	{{{-626, 0, 345},0, {-2176, 2763},{0x0, 0x70, 0x3D, 0xFF}}},
	{{{-1001, -38, -188},0, {-4081, 51},{0xBD, 0xA4, 0xC7, 0xFF}}},
	{{{-1008, 0, -230},0, {-4115, -159},{0xBD, 0xA4, 0xC7, 0xFF}}},
	{{{-932, 0, -331},0, {-3729, -673},{0xBD, 0xA4, 0xC7, 0xFF}}},
	{{{-931, -49, -240},0, {-3725, -213},{0xBD, 0xA4, 0xC7, 0xFF}}},
	{{{-1008, 0, -230},0, {-4115, -159},{0xBD, 0x5C, 0xC7, 0xFF}}},
	{{{-1001, 38, -188},0, {-4081, 51},{0xBD, 0x5C, 0xC7, 0xFF}}},
	{{{-931, 49, -240},0, {-3725, -213},{0xBD, 0x5C, 0xC7, 0xFF}}},
	{{{-932, 0, -331},0, {-3729, -673},{0xBD, 0x5C, 0xC7, 0xFF}}},
	{{{-932, 0, -331},0, {-3729, -673},{0xFE, 0x70, 0xC3, 0xFF}}},
	{{{-931, 49, -240},0, {-3725, -213},{0xFE, 0x70, 0xC3, 0xFF}}},
	{{{-626, 51, -251},0, {-2176, -268},{0xFE, 0x70, 0xC3, 0xFF}}},
	{{{-626, 0, -345},0, {-2176, -747},{0xFE, 0x70, 0xC3, 0xFF}}},
	{{{-931, -49, -240},0, {-3725, -213},{0xFE, 0x90, 0xC3, 0xFF}}},
	{{{-932, 0, -331},0, {-3729, -673},{0xFE, 0x90, 0xC3, 0xFF}}},
	{{{-626, 0, -345},0, {-2176, -747},{0xFE, 0x90, 0xC3, 0xFF}}},
	{{{-626, -51, -251},0, {-2176, -268},{0xFE, 0x90, 0xC3, 0xFF}}},
	{{{-626, -51, -251},0, {-2176, -268},{0x0, 0x90, 0xC3, 0xFF}}},
	{{{-626, 0, -345},0, {-2176, -747},{0x0, 0x90, 0xC3, 0xFF}}},
	{{{0, 0, -345},0, {1008, -747},{0x0, 0x90, 0xC3, 0xFF}}},
	{{{0, -51, -251},0, {1008, -268},{0x0, 0x90, 0xC3, 0xFF}}},
	{{{0, -51, -251},0, {1008, -268},{0x0, 0x90, 0xC3, 0xFF}}},
	{{{0, 0, -345},0, {1008, -747},{0x0, 0x90, 0xC3, 0xFF}}},
	{{{626, 0, -345},0, {4192, -747},{0x0, 0x90, 0xC3, 0xFF}}},
	{{{626, -51, -251},0, {4192, -268},{0x0, 0x90, 0xC3, 0xFF}}},
	{{{-626, 0, -345},0, {-2176, -747},{0x0, 0x70, 0xC3, 0xFF}}},
	{{{-626, 51, -251},0, {-2176, -268},{0x0, 0x70, 0xC3, 0xFF}}},
	{{{0, 51, -251},0, {1008, -268},{0x0, 0x70, 0xC3, 0xFF}}},
	{{{0, 0, -345},0, {1008, -747},{0x0, 0x70, 0xC3, 0xFF}}},
	{{{626, 51, -251},0, {4192, -268},{0x0, 0x70, 0xC3, 0xFF}}},
	{{{626, 0, -345},0, {4192, -747},{0x0, 0x70, 0xC3, 0xFF}}},
};

Gfx wf_dl_slate_005_mesh_layer_1_tri_0[] = {
	gsSPVertex(wf_dl_slate_005_mesh_layer_1_vtx_0 + 0, 16, 0),
	gsSP1Triangle(0, 1, 2, 0),
	gsSP1Triangle(0, 2, 3, 0),
	gsSP1Triangle(4, 5, 6, 0),
	gsSP1Triangle(4, 6, 7, 0),
	gsSP1Triangle(8, 9, 10, 0),
	gsSP1Triangle(8, 10, 11, 0),
	gsSP1Triangle(12, 13, 14, 0),
	gsSP1Triangle(12, 14, 15, 0),
	gsSPVertex(wf_dl_slate_005_mesh_layer_1_vtx_0 + 16, 16, 0),
	gsSP1Triangle(0, 1, 2, 0),
	gsSP1Triangle(0, 2, 3, 0),
	gsSP1Triangle(4, 5, 6, 0),
	gsSP1Triangle(4, 6, 7, 0),
	gsSP1Triangle(8, 9, 10, 0),
	gsSP1Triangle(8, 10, 11, 0),
	gsSP1Triangle(12, 13, 14, 0),
	gsSP1Triangle(12, 14, 15, 0),
	gsSPVertex(wf_dl_slate_005_mesh_layer_1_vtx_0 + 32, 16, 0),
	gsSP1Triangle(0, 1, 2, 0),
	gsSP1Triangle(0, 2, 3, 0),
	gsSP1Triangle(4, 5, 6, 0),
	gsSP1Triangle(4, 6, 7, 0),
	gsSP1Triangle(8, 9, 10, 0),
	gsSP1Triangle(8, 10, 11, 0),
	gsSP1Triangle(12, 13, 14, 0),
	gsSP1Triangle(12, 14, 15, 0),
	gsSPVertex(wf_dl_slate_005_mesh_layer_1_vtx_0 + 48, 16, 0),
	gsSP1Triangle(0, 1, 2, 0),
	gsSP1Triangle(0, 2, 3, 0),
	gsSP1Triangle(4, 5, 6, 0),
	gsSP1Triangle(4, 6, 7, 0),
	gsSP1Triangle(8, 9, 10, 0),
	gsSP1Triangle(8, 10, 11, 0),
	gsSP1Triangle(12, 13, 14, 0),
	gsSP1Triangle(12, 14, 15, 0),
	gsSPVertex(wf_dl_slate_005_mesh_layer_1_vtx_0 + 64, 16, 0),
	gsSP1Triangle(0, 1, 2, 0),
	gsSP1Triangle(0, 2, 3, 0),
	gsSP1Triangle(4, 5, 6, 0),
	gsSP1Triangle(4, 6, 7, 0),
	gsSP1Triangle(8, 9, 10, 0),
	gsSP1Triangle(8, 10, 11, 0),
	gsSP1Triangle(12, 13, 14, 0),
	gsSP1Triangle(12, 14, 15, 0),
	gsSPVertex(wf_dl_slate_005_mesh_layer_1_vtx_0 + 80, 16, 0),
	gsSP1Triangle(0, 1, 2, 0),
	gsSP1Triangle(0, 2, 3, 0),
	gsSP1Triangle(4, 5, 6, 0),
	gsSP1Triangle(4, 6, 7, 0),
	gsSP1Triangle(8, 9, 10, 0),
	gsSP1Triangle(8, 10, 11, 0),
	gsSP1Triangle(12, 13, 14, 0),
	gsSP1Triangle(12, 14, 15, 0),
	gsSPVertex(wf_dl_slate_005_mesh_layer_1_vtx_0 + 96, 16, 0),
	gsSP1Triangle(0, 1, 2, 0),
	gsSP1Triangle(0, 2, 3, 0),
	gsSP1Triangle(4, 5, 6, 0),
	gsSP1Triangle(4, 6, 7, 0),
	gsSP1Triangle(8, 9, 10, 0),
	gsSP1Triangle(8, 10, 11, 0),
	gsSP1Triangle(12, 13, 14, 0),
	gsSP1Triangle(12, 14, 15, 0),
	gsSPVertex(wf_dl_slate_005_mesh_layer_1_vtx_0 + 112, 16, 0),
	gsSP1Triangle(0, 1, 2, 0),
	gsSP1Triangle(0, 3, 1, 0),
	gsSP1Triangle(3, 4, 1, 0),
	gsSP1Triangle(3, 5, 4, 0),
	gsSP1Triangle(6, 7, 8, 0),
	gsSP1Triangle(6, 8, 9, 0),
	gsSP1Triangle(10, 6, 9, 0),
	gsSP1Triangle(10, 9, 11, 0),
	gsSP1Triangle(12, 13, 14, 0),
	gsSP1Triangle(12, 14, 15, 0),
	gsSPVertex(wf_dl_slate_005_mesh_layer_1_vtx_0 + 128, 16, 0),
	gsSP1Triangle(0, 1, 2, 0),
	gsSP1Triangle(0, 2, 3, 0),
	gsSP1Triangle(4, 5, 6, 0),
	gsSP1Triangle(4, 6, 7, 0),
	gsSP1Triangle(8, 9, 10, 0),
	gsSP1Triangle(8, 10, 11, 0),
	gsSP1Triangle(12, 13, 14, 0),
	gsSP1Triangle(12, 15, 13, 0),
	gsSPVertex(wf_dl_slate_005_mesh_layer_1_vtx_0 + 144, 14, 0),
	gsSP1Triangle(0, 1, 2, 0),
	gsSP1Triangle(0, 3, 1, 0),
	gsSP1Triangle(4, 5, 6, 0),
	gsSP1Triangle(4, 6, 7, 0),
	gsSP1Triangle(8, 4, 7, 0),
	gsSP1Triangle(8, 7, 9, 0),
	gsSP1Triangle(10, 11, 12, 0),
	gsSP1Triangle(10, 12, 13, 0),
	gsSPVertex(wf_dl_slate_005_mesh_layer_1_vtx_0 + 158, 16, 0),
	gsSP1Triangle(0, 1, 2, 0),
	gsSP1Triangle(0, 2, 3, 0),
	gsSP1Triangle(4, 5, 6, 0),
	gsSP1Triangle(4, 6, 7, 0),
	gsSP1Triangle(8, 9, 10, 0),
	gsSP1Triangle(8, 10, 11, 0),
	gsSP1Triangle(12, 13, 14, 0),
	gsSP1Triangle(12, 14, 15, 0),
	gsSPVertex(wf_dl_slate_005_mesh_layer_1_vtx_0 + 174, 14, 0),
	gsSP1Triangle(0, 1, 2, 0),
	gsSP1Triangle(0, 2, 3, 0),
	gsSP1Triangle(4, 5, 6, 0),
	gsSP1Triangle(4, 6, 7, 0),
	gsSP1Triangle(7, 6, 8, 0),
	gsSP1Triangle(7, 8, 9, 0),
	gsSP1Triangle(10, 11, 12, 0),
	gsSP1Triangle(10, 12, 13, 0),
	gsSPVertex(wf_dl_slate_005_mesh_layer_1_vtx_0 + 188, 16, 0),
	gsSP1Triangle(0, 1, 2, 0),
	gsSP1Triangle(0, 2, 3, 0),
	gsSP1Triangle(4, 5, 6, 0),
	gsSP1Triangle(4, 6, 7, 0),
	gsSP1Triangle(8, 9, 10, 0),
	gsSP1Triangle(8, 10, 11, 0),
	gsSP1Triangle(12, 13, 14, 0),
	gsSP1Triangle(12, 14, 15, 0),
	gsSPVertex(wf_dl_slate_005_mesh_layer_1_vtx_0 + 204, 10, 0),
	gsSP1Triangle(0, 1, 2, 0),
	gsSP1Triangle(0, 2, 3, 0),
	gsSP1Triangle(4, 5, 6, 0),
	gsSP1Triangle(4, 6, 7, 0),
	gsSP1Triangle(7, 6, 8, 0),
	gsSP1Triangle(7, 8, 9, 0),
	gsSPEndDisplayList(),
};

Vtx wf_dl_water_001_mesh_layer_5_vtx_0[32] = {
	{{{-1991, 0, -379},0, {-444, 3400},{0x0, 0x7F, 0x0, 0xFF}}},
	{{{-995, 0, -758},0, {-1384, 2460},{0x0, 0x7F, 0x0, 0xFF}}},
	{{{-1991, 0, -758},0, {-1384, 3400},{0x0, 0x7F, 0x0, 0xFF}}},
	{{{-995, 0, -379},0, {-444, 2460},{0x0, 0x7F, 0x0, 0xFF}}},
	{{{-1991, 0, 0},0, {496, 3400},{0x0, 0x7F, 0x0, 0xFF}}},
	{{{-995, 0, 0},0, {496, 2460},{0x0, 0x7F, 0x0, 0xFF}}},
	{{{-1991, 0, 379},0, {1436, 3400},{0x0, 0x7F, 0x0, 0xFF}}},
	{{{-995, 0, 379},0, {1436, 2460},{0x0, 0x7F, 0x0, 0xFF}}},
	{{{-1991, 0, 758},0, {2376, 3400},{0x0, 0x7F, 0x0, 0xFF}}},
	{{{-995, 0, 758},0, {2376, 2460},{0x0, 0x7F, 0x0, 0xFF}}},
	{{{0, 0, 379},0, {1436, 1520},{0x0, 0x7F, 0x0, 0xFF}}},
	{{{0, 0, 758},0, {2376, 1520},{0x0, 0x7F, 0x0, 0xFF}}},
	{{{995, 0, 379},0, {1436, 580},{0x0, 0x7F, 0x0, 0xFF}}},
	{{{995, 0, 758},0, {2376, 580},{0x0, 0x7F, 0x0, 0xFF}}},
	{{{1991, 0, 379},0, {1436, -360},{0x0, 0x7F, 0x0, 0xFF}}},
	{{{1991, 0, 758},0, {2376, -360},{0x0, 0x7F, 0x0, 0xFF}}},
	{{{995, 0, 379},0, {1436, 580},{0x0, 0x7F, 0x0, 0xFF}}},
	{{{1991, 0, 379},0, {1436, -360},{0x0, 0x7F, 0x0, 0xFF}}},
	{{{1991, 0, 0},0, {496, -360},{0x0, 0x7F, 0x0, 0xFF}}},
	{{{995, 0, 0},0, {496, 580},{0x0, 0x7F, 0x0, 0xFF}}},
	{{{1991, 0, -379},0, {-444, -360},{0x0, 0x7F, 0x0, 0xFF}}},
	{{{995, 0, -379},0, {-444, 580},{0x0, 0x7F, 0x0, 0xFF}}},
	{{{1991, 0, -758},0, {-1384, -360},{0x0, 0x7F, 0x0, 0xFF}}},
	{{{995, 0, -758},0, {-1384, 580},{0x0, 0x7F, 0x0, 0xFF}}},
	{{{0, 0, -379},0, {-444, 1520},{0x0, 0x7F, 0x0, 0xFF}}},
	{{{0, 0, -758},0, {-1384, 1520},{0x0, 0x7F, 0x0, 0xFF}}},
	{{{-995, 0, -379},0, {-444, 2460},{0x0, 0x7F, 0x0, 0xFF}}},
	{{{-995, 0, -758},0, {-1384, 2460},{0x0, 0x7F, 0x0, 0xFF}}},
	{{{-995, 0, 0},0, {496, 2460},{0x0, 0x7F, 0x0, 0xFF}}},
	{{{0, 0, 0},0, {496, 1520},{0x0, 0x7F, 0x0, 0xFF}}},
	{{{-995, 0, 379},0, {1436, 2460},{0x0, 0x7F, 0x0, 0xFF}}},
	{{{0, 0, 379},0, {1436, 1520},{0x0, 0x7F, 0x0, 0xFF}}},
};

Gfx wf_dl_water_001_mesh_layer_5_tri_0[] = {
	gsSPVertex(wf_dl_water_001_mesh_layer_5_vtx_0 + 0, 16, 0),
	gsSP1Triangle(0, 1, 2, 0),
	gsSP1Triangle(0, 3, 1, 0),
	gsSP1Triangle(4, 3, 0, 0),
	gsSP1Triangle(4, 5, 3, 0),
	gsSP1Triangle(6, 5, 4, 0),
	gsSP1Triangle(6, 7, 5, 0),
	gsSP1Triangle(8, 7, 6, 0),
	gsSP1Triangle(8, 9, 7, 0),
	gsSP1Triangle(9, 10, 7, 0),
	gsSP1Triangle(9, 11, 10, 0),
	gsSP1Triangle(11, 12, 10, 0),
	gsSP1Triangle(11, 13, 12, 0),
	gsSP1Triangle(13, 14, 12, 0),
	gsSP1Triangle(13, 15, 14, 0),
	gsSPVertex(wf_dl_water_001_mesh_layer_5_vtx_0 + 16, 16, 0),
	gsSP1Triangle(0, 1, 2, 0),
	gsSP1Triangle(0, 2, 3, 0),
	gsSP1Triangle(3, 2, 4, 0),
	gsSP1Triangle(3, 4, 5, 0),
	gsSP1Triangle(5, 4, 6, 0),
	gsSP1Triangle(5, 6, 7, 0),
	gsSP1Triangle(8, 5, 7, 0),
	gsSP1Triangle(8, 7, 9, 0),
	gsSP1Triangle(10, 8, 9, 0),
	gsSP1Triangle(10, 9, 11, 0),
	gsSP1Triangle(12, 8, 10, 0),
	gsSP1Triangle(12, 13, 8, 0),
	gsSP1Triangle(14, 13, 12, 0),
	gsSP1Triangle(14, 15, 13, 0),
	gsSP1Triangle(15, 3, 13, 0),
	gsSP1Triangle(15, 0, 3, 0),
	gsSP1Triangle(13, 3, 5, 0),
	gsSP1Triangle(13, 5, 8, 0),
	gsSPEndDisplayList(),
};

Gfx mat_wf_dl_space_siding[] = {
	gsDPPipeSync(),
	gsDPSetCombineLERP(TEXEL0, 0, SHADE, 0, 0, 0, 0, ENVIRONMENT, TEXEL0, 0, SHADE, 0, 0, 0, 0, ENVIRONMENT),
	gsSPTexture(65535, 65535, 0, 0, 1),
	gsDPSetTextureLUT(G_TT_RGBA16),
	gsDPSetTextureImage(G_IM_FMT_RGBA, G_IM_SIZ_16b, 1, wf_dl__4200wn_2d_wall13_ci4_pal_rgba16),
	gsDPTileSync(),
	gsDPSetTile(0, 0, 0, 256, 7, 0, G_TX_WRAP | G_TX_NOMIRROR, 0, 0, G_TX_WRAP | G_TX_NOMIRROR, 0, 0),
	gsDPLoadSync(),
	gsDPLoadTLUTCmd(7, 15),
	gsDPPipeSync(),
	gsDPTileSync(),
	gsDPSetTextureImage(G_IM_FMT_CI, G_IM_SIZ_16b, 1, wf_dl__4200wn_2d_wall13_ci4),
	gsDPSetTile(G_IM_FMT_CI, G_IM_SIZ_16b, 0, 0, 7, 0, G_TX_WRAP | G_TX_NOMIRROR, 5, 0, G_TX_WRAP | G_TX_MIRROR, 7, 0),
	gsDPLoadSync(),
	gsDPLoadBlock(7, 0, 0, 1023, 256),
	gsDPPipeSync(),
	gsDPSetTile(G_IM_FMT_CI, G_IM_SIZ_4b, 8, 0, 0, 0, G_TX_WRAP | G_TX_NOMIRROR, 5, 0, G_TX_WRAP | G_TX_MIRROR, 7, 0),
	gsDPSetTileSize(0, 0, 0, 508, 124),
	gsSPSetLights1(wf_dl_space_siding_lights),
	gsSPEndDisplayList(),
};

Gfx mat_revert_wf_dl_space_siding[] = {
	gsDPPipeSync(),
	gsDPSetTextureLUT(G_TT_NONE),
	gsSPEndDisplayList(),
};

Gfx mat_wf_dl_rocky_tile[] = {
	gsDPPipeSync(),
	gsDPSetCombineLERP(TEXEL0, 0, SHADE, 0, 0, 0, 0, ENVIRONMENT, TEXEL0, 0, SHADE, 0, 0, 0, 0, ENVIRONMENT),
	gsSPClearGeometryMode(G_LIGHTING),
	gsSPTexture(65535, 65535, 0, 0, 1),
	gsDPTileSync(),
	gsDPSetTextureImage(G_IM_FMT_I, G_IM_SIZ_8b_LOAD_BLOCK, 1, wf_dl__0E0A09D0_i8),
	gsDPSetTile(G_IM_FMT_I, G_IM_SIZ_8b_LOAD_BLOCK, 0, 0, 7, 0, G_TX_WRAP | G_TX_NOMIRROR, 6, 0, G_TX_WRAP | G_TX_NOMIRROR, 5, 0),
	gsDPLoadSync(),
	gsDPLoadBlock(7, 0, 0, 1023, 512),
	gsDPPipeSync(),
	gsDPSetTile(G_IM_FMT_I, G_IM_SIZ_8b, 4, 0, 0, 0, G_TX_WRAP | G_TX_NOMIRROR, 6, 0, G_TX_WRAP | G_TX_NOMIRROR, 5, 0),
	gsDPSetTileSize(0, 0, 0, 124, 252),
	gsSPSetLights1(wf_dl_rocky_tile_lights),
	gsSPEndDisplayList(),
};

Gfx mat_revert_wf_dl_rocky_tile[] = {
	gsDPPipeSync(),
	gsSPSetGeometryMode(G_LIGHTING),
	gsSPEndDisplayList(),
};

Gfx mat_wf_dl_space_rock[] = {
	gsDPPipeSync(),
	gsDPSetCombineLERP(TEXEL0, 0, SHADE, 0, 0, 0, 0, ENVIRONMENT, TEXEL0, 0, SHADE, 0, 0, 0, 0, ENVIRONMENT),
	gsSPClearGeometryMode(G_LIGHTING),
	gsSPTexture(65535, 65535, 0, 0, 1),
	gsDPSetTextureLUT(G_TT_RGBA16),
	gsDPSetTextureImage(G_IM_FMT_RGBA, G_IM_SIZ_16b, 1, wf_dl_RSVP8P_2ede6019fb34702a_14_ci4_pal_rgba16),
	gsDPTileSync(),
	gsDPSetTile(0, 0, 0, 256, 7, 0, G_TX_WRAP | G_TX_NOMIRROR, 0, 0, G_TX_WRAP | G_TX_NOMIRROR, 0, 0),
	gsDPLoadSync(),
	gsDPLoadTLUTCmd(7, 13),
	gsDPPipeSync(),
	gsDPTileSync(),
	gsDPSetTextureImage(G_IM_FMT_CI, G_IM_SIZ_16b, 1, wf_dl_RSVP8P_2ede6019fb34702a_14_ci4),
	gsDPSetTile(G_IM_FMT_CI, G_IM_SIZ_16b, 0, 0, 7, 0, G_TX_WRAP | G_TX_NOMIRROR, 6, 0, G_TX_WRAP | G_TX_NOMIRROR, 6, 0),
	gsDPLoadSync(),
	gsDPLoadBlock(7, 0, 0, 1023, 512),
	gsDPPipeSync(),
	gsDPSetTile(G_IM_FMT_CI, G_IM_SIZ_4b, 4, 0, 0, 0, G_TX_WRAP | G_TX_NOMIRROR, 6, 0, G_TX_WRAP | G_TX_NOMIRROR, 6, 0),
	gsDPSetTileSize(0, 0, 0, 252, 252),
	gsSPSetLights1(wf_dl_space_rock_lights),
	gsSPEndDisplayList(),
};

Gfx mat_revert_wf_dl_space_rock[] = {
	gsDPPipeSync(),
	gsSPSetGeometryMode(G_LIGHTING),
	gsDPSetTextureLUT(G_TT_NONE),
	gsSPEndDisplayList(),
};

Gfx mat_wf_dl_water_space_rock[] = {
	gsDPPipeSync(),
	gsDPSetCombineLERP(TEXEL0, 0, SHADE, 0, 0, 0, 0, ENVIRONMENT, TEXEL0, 0, SHADE, 0, 0, 0, 0, ENVIRONMENT),
	gsSPClearGeometryMode(G_LIGHTING),
	gsSPTexture(65535, 65535, 0, 0, 1),
	gsDPSetTextureLUT(G_TT_RGBA16),
	gsDPSetTextureImage(G_IM_FMT_RGBA, G_IM_SIZ_16b, 1, wf_dl_qua_o_ty1_rock01_ci4_pal_rgba16),
	gsDPTileSync(),
	gsDPSetTile(0, 0, 0, 256, 7, 0, G_TX_WRAP | G_TX_NOMIRROR, 0, 0, G_TX_WRAP | G_TX_NOMIRROR, 0, 0),
	gsDPLoadSync(),
	gsDPLoadTLUTCmd(7, 14),
	gsDPPipeSync(),
	gsDPTileSync(),
	gsDPSetTextureImage(G_IM_FMT_CI, G_IM_SIZ_16b, 1, wf_dl_qua_o_ty1_rock01_ci4),
	gsDPSetTile(G_IM_FMT_CI, G_IM_SIZ_16b, 0, 0, 7, 0, G_TX_WRAP | G_TX_NOMIRROR, 6, 0, G_TX_WRAP | G_TX_NOMIRROR, 6, 0),
	gsDPLoadSync(),
	gsDPLoadBlock(7, 0, 0, 1023, 512),
	gsDPPipeSync(),
	gsDPSetTile(G_IM_FMT_CI, G_IM_SIZ_4b, 4, 0, 0, 0, G_TX_WRAP | G_TX_NOMIRROR, 6, 0, G_TX_WRAP | G_TX_NOMIRROR, 6, 0),
	gsDPSetTileSize(0, 0, 0, 252, 252),
	gsSPSetLights1(wf_dl_water_space_rock_lights),
	gsSPEndDisplayList(),
};

Gfx mat_revert_wf_dl_water_space_rock[] = {
	gsDPPipeSync(),
	gsSPSetGeometryMode(G_LIGHTING),
	gsDPSetTextureLUT(G_TT_NONE),
	gsSPEndDisplayList(),
};

Gfx mat_wf_dl_slippery_rock[] = {
	gsDPPipeSync(),
	gsDPSetCombineLERP(TEXEL0, 0, SHADE, 0, 0, 0, 0, ENVIRONMENT, TEXEL0, 0, SHADE, 0, 0, 0, 0, ENVIRONMENT),
	gsSPTexture(65535, 65535, 0, 0, 1),
	gsDPSetTextureLUT(G_TT_RGBA16),
	gsDPSetTextureImage(G_IM_FMT_RGBA, G_IM_SIZ_16b, 1, wf_dl_rock_slide_ci4_pal_rgba16),
	gsDPTileSync(),
	gsDPSetTile(0, 0, 0, 256, 7, 0, G_TX_WRAP | G_TX_NOMIRROR, 0, 0, G_TX_WRAP | G_TX_NOMIRROR, 0, 0),
	gsDPLoadSync(),
	gsDPLoadTLUTCmd(7, 15),
	gsDPPipeSync(),
	gsDPTileSync(),
	gsDPSetTextureImage(G_IM_FMT_CI, G_IM_SIZ_16b, 1, wf_dl_rock_slide_ci4),
	gsDPSetTile(G_IM_FMT_CI, G_IM_SIZ_16b, 0, 0, 7, 0, G_TX_WRAP | G_TX_NOMIRROR, 6, 0, G_TX_WRAP | G_TX_NOMIRROR, 6, 0),
	gsDPLoadSync(),
	gsDPLoadBlock(7, 0, 0, 1023, 512),
	gsDPPipeSync(),
	gsDPSetTile(G_IM_FMT_CI, G_IM_SIZ_4b, 4, 0, 0, 0, G_TX_WRAP | G_TX_NOMIRROR, 6, 0, G_TX_WRAP | G_TX_NOMIRROR, 6, 0),
	gsDPSetTileSize(0, 0, 0, 252, 252),
	gsSPSetLights1(wf_dl_slippery_rock_lights),
	gsSPEndDisplayList(),
};

Gfx mat_revert_wf_dl_slippery_rock[] = {
	gsDPPipeSync(),
	gsDPSetTextureLUT(G_TT_NONE),
	gsSPEndDisplayList(),
};

Gfx mat_wf_dl_arena_tile[] = {
	gsDPPipeSync(),
	gsDPSetCombineLERP(TEXEL0, 0, SHADE, 0, 0, 0, 0, ENVIRONMENT, TEXEL0, 0, SHADE, 0, 0, 0, 0, ENVIRONMENT),
	gsSPTexture(65535, 65535, 0, 0, 1),
	gsDPSetTextureLUT(G_TT_RGBA16),
	gsDPSetTextureImage(G_IM_FMT_RGBA, G_IM_SIZ_16b, 1, wf_dl_tk_behind_asiba01_ci4_pal_rgba16),
	gsDPTileSync(),
	gsDPSetTile(0, 0, 0, 256, 7, 0, G_TX_WRAP | G_TX_NOMIRROR, 0, 0, G_TX_WRAP | G_TX_NOMIRROR, 0, 0),
	gsDPLoadSync(),
	gsDPLoadTLUTCmd(7, 15),
	gsDPPipeSync(),
	gsDPTileSync(),
	gsDPSetTextureImage(G_IM_FMT_CI, G_IM_SIZ_16b, 1, wf_dl_tk_behind_asiba01_ci4),
	gsDPSetTile(G_IM_FMT_CI, G_IM_SIZ_16b, 0, 0, 7, 0, G_TX_WRAP | G_TX_NOMIRROR, 6, 0, G_TX_WRAP | G_TX_NOMIRROR, 6, 0),
	gsDPLoadSync(),
	gsDPLoadBlock(7, 0, 0, 1023, 512),
	gsDPPipeSync(),
	gsDPSetTile(G_IM_FMT_CI, G_IM_SIZ_4b, 4, 0, 0, 0, G_TX_WRAP | G_TX_NOMIRROR, 6, 0, G_TX_WRAP | G_TX_NOMIRROR, 6, 0),
	gsDPSetTileSize(0, 0, 0, 252, 252),
	gsSPSetLights1(wf_dl_arena_tile_lights),
	gsSPEndDisplayList(),
};

Gfx mat_revert_wf_dl_arena_tile[] = {
	gsDPPipeSync(),
	gsDPSetTextureLUT(G_TT_NONE),
	gsSPEndDisplayList(),
};

Gfx mat_wf_dl_scroll[] = {
	gsDPPipeSync(),
	gsDPSetCombineLERP(0, 0, 0, TEXEL0, 0, 0, 0, SHADE, 0, 0, 0, TEXEL0, 0, 0, 0, SHADE),
	gsSPTexture(65535, 65535, 0, 0, 1),
	gsDPSetTextureLUT(G_TT_RGBA16),
	gsDPSetTextureImage(G_IM_FMT_RGBA, G_IM_SIZ_16b, 1, wf_dl_RSVP8P_1e4a6b7d3db43d46_14_ci4_pal_rgba16),
	gsDPTileSync(),
	gsDPSetTile(0, 0, 0, 256, 7, 0, G_TX_WRAP | G_TX_NOMIRROR, 0, 0, G_TX_WRAP | G_TX_NOMIRROR, 0, 0),
	gsDPLoadSync(),
	gsDPLoadTLUTCmd(7, 15),
	gsDPPipeSync(),
	gsDPTileSync(),
	gsDPSetTextureImage(G_IM_FMT_CI, G_IM_SIZ_16b, 1, wf_dl_RSVP8P_1e4a6b7d3db43d46_14_ci4),
	gsDPSetTile(G_IM_FMT_CI, G_IM_SIZ_16b, 0, 0, 7, 0, G_TX_WRAP | G_TX_NOMIRROR, 6, 0, G_TX_WRAP | G_TX_NOMIRROR, 6, 0),
	gsDPLoadSync(),
	gsDPLoadBlock(7, 0, 0, 1023, 512),
	gsDPPipeSync(),
	gsDPSetTile(G_IM_FMT_CI, G_IM_SIZ_4b, 4, 0, 0, 0, G_TX_WRAP | G_TX_NOMIRROR, 6, 0, G_TX_WRAP | G_TX_NOMIRROR, 6, 0),
	gsDPSetTileSize(0, 0, 0, 252, 252),
	gsSPSetLights1(wf_dl_scroll_lights),
	gsSPEndDisplayList(),
};

Gfx mat_revert_wf_dl_scroll[] = {
	gsDPPipeSync(),
	gsDPSetTextureLUT(G_TT_NONE),
	gsSPEndDisplayList(),
};

Gfx mat_wf_dl_star_pattern[] = {
	gsDPPipeSync(),
	gsDPSetCombineLERP(TEXEL0, 0, SHADE, 0, 0, 0, 0, ENVIRONMENT, TEXEL0, 0, SHADE, 0, 0, 0, 0, ENVIRONMENT),
	gsSPTexture(65535, 65535, 0, 0, 1),
	gsDPSetTextureLUT(G_TT_RGBA16),
	gsDPSetTextureImage(G_IM_FMT_RGBA, G_IM_SIZ_16b, 1, wf_dl__3900mz_yellowwave_ci4_pal_rgba16),
	gsDPTileSync(),
	gsDPSetTile(0, 0, 0, 256, 7, 0, G_TX_WRAP | G_TX_NOMIRROR, 0, 0, G_TX_WRAP | G_TX_NOMIRROR, 0, 0),
	gsDPLoadSync(),
	gsDPLoadTLUTCmd(7, 15),
	gsDPPipeSync(),
	gsDPTileSync(),
	gsDPSetTextureImage(G_IM_FMT_CI, G_IM_SIZ_16b, 1, wf_dl__3900mz_yellowwave_ci4),
	gsDPSetTile(G_IM_FMT_CI, G_IM_SIZ_16b, 0, 0, 7, 0, G_TX_WRAP | G_TX_NOMIRROR, 6, 0, G_TX_WRAP | G_TX_NOMIRROR, 6, 0),
	gsDPLoadSync(),
	gsDPLoadBlock(7, 0, 0, 1023, 512),
	gsDPPipeSync(),
	gsDPSetTile(G_IM_FMT_CI, G_IM_SIZ_4b, 4, 0, 0, 0, G_TX_WRAP | G_TX_NOMIRROR, 6, 0, G_TX_WRAP | G_TX_NOMIRROR, 6, 0),
	gsDPSetTileSize(0, 0, 0, 252, 252),
	gsSPSetLights1(wf_dl_star_pattern_lights),
	gsSPEndDisplayList(),
};

Gfx mat_revert_wf_dl_star_pattern[] = {
	gsDPPipeSync(),
	gsDPSetTextureLUT(G_TT_NONE),
	gsSPEndDisplayList(),
};

Gfx mat_wf_dl_water_layer5[] = {
	gsDPPipeSync(),
	gsDPSetCombineLERP(TEXEL0, 0, TEXEL1, 0, TEXEL0, 0, TEXEL1, 0, COMBINED, 0, PRIMITIVE, 0, COMBINED, 0, SHADE, 0),
	gsSPClearGeometryMode(G_CULL_BACK),
	gsDPSetCycleType(G_CYC_2CYCLE),
	gsDPSetAlphaCompare(G_AC_THRESHOLD),
	gsDPSetRenderMode(G_RM_NOOP, G_RM_AA_ZB_XLU_SURF2),
	gsDPSetBlendColor(0, 0, 0, 51),
	gsSPTexture(65535, 65535, 0, 0, 1),
	gsDPTileSync(),
	gsDPSetTextureImage(G_IM_FMT_IA, G_IM_SIZ_8b_LOAD_BLOCK, 1, wf_dl_AdvGgtDimInd01_ia8),
	gsDPSetTile(G_IM_FMT_IA, G_IM_SIZ_8b_LOAD_BLOCK, 0, 0, 7, 0, G_TX_WRAP | G_TX_NOMIRROR, 6, 0, G_TX_WRAP | G_TX_NOMIRROR, 5, 0),
	gsDPLoadSync(),
	gsDPLoadBlock(7, 0, 0, 1023, 512),
	gsDPPipeSync(),
	gsDPSetTile(G_IM_FMT_IA, G_IM_SIZ_8b, 4, 0, 0, 0, G_TX_WRAP | G_TX_NOMIRROR, 6, 0, G_TX_WRAP | G_TX_NOMIRROR, 5, 0),
	gsDPSetTileSize(0, 0, 0, 124, 252),
	gsDPTileSync(),
	gsDPSetTextureImage(G_IM_FMT_IA, G_IM_SIZ_8b_LOAD_BLOCK, 1, wf_dl_wild_wave01_ia8),
	gsDPSetTile(G_IM_FMT_IA, G_IM_SIZ_8b_LOAD_BLOCK, 0, 256, 6, 0, G_TX_WRAP | G_TX_NOMIRROR, 5, 0, G_TX_WRAP | G_TX_NOMIRROR, 6, 0),
	gsDPLoadSync(),
	gsDPLoadBlock(6, 0, 0, 1023, 256),
	gsDPPipeSync(),
	gsDPSetTile(G_IM_FMT_IA, G_IM_SIZ_8b, 8, 256, 1, 0, G_TX_WRAP | G_TX_NOMIRROR, 5, 0, G_TX_WRAP | G_TX_NOMIRROR, 6, 0),
	gsDPSetTileSize(1, 0, 0, 252, 124),
	gsDPSetPrimColor(0, 0, 40, 157, 254, 255),
	gsSPSetLights1(wf_dl_water_layer5_lights),
	gsSPEndDisplayList(),
};

Gfx mat_revert_wf_dl_water_layer5[] = {
	gsDPPipeSync(),
	gsSPSetGeometryMode(G_CULL_BACK),
	gsDPSetCycleType(G_CYC_1CYCLE),
	gsDPSetAlphaCompare(G_AC_NONE),
	gsDPSetRenderMode(G_RM_AA_ZB_XLU_SURF, G_RM_AA_ZB_XLU_SURF2),
	gsSPEndDisplayList(),
};

Gfx wf_dl_Cube_011_mesh_layer_1[] = {
	gsSPDisplayList(mat_wf_dl_space_siding),
	gsSPDisplayList(wf_dl_Cube_011_mesh_layer_1_tri_0),
	gsSPDisplayList(mat_revert_wf_dl_space_siding),
	gsSPDisplayList(mat_wf_dl_rocky_tile),
	gsSPDisplayList(wf_dl_Cube_011_mesh_layer_1_tri_1),
	gsSPDisplayList(mat_revert_wf_dl_rocky_tile),
	gsSPEndDisplayList(),
};

Gfx wf_dl_Cube_012_mesh_layer_1[] = {
	gsSPDisplayList(mat_wf_dl_space_rock),
	gsSPDisplayList(wf_dl_Cube_012_mesh_layer_1_tri_0),
	gsSPDisplayList(mat_revert_wf_dl_space_rock),
	gsSPDisplayList(mat_wf_dl_rocky_tile),
	gsSPDisplayList(wf_dl_Cube_012_mesh_layer_1_tri_1),
	gsSPDisplayList(mat_revert_wf_dl_rocky_tile),
	gsSPEndDisplayList(),
};

Gfx wf_dl_Cube_013_mesh_layer_1[] = {
	gsSPDisplayList(mat_wf_dl_space_rock),
	gsSPDisplayList(wf_dl_Cube_013_mesh_layer_1_tri_0),
	gsSPDisplayList(mat_revert_wf_dl_space_rock),
	gsSPDisplayList(mat_wf_dl_water_space_rock),
	gsSPDisplayList(wf_dl_Cube_013_mesh_layer_1_tri_1),
	gsSPDisplayList(mat_revert_wf_dl_water_space_rock),
	gsSPDisplayList(mat_wf_dl_rocky_tile),
	gsSPDisplayList(wf_dl_Cube_013_mesh_layer_1_tri_2),
	gsSPDisplayList(mat_revert_wf_dl_rocky_tile),
	gsSPEndDisplayList(),
};

Gfx wf_dl_Cube_015_mesh_layer_1[] = {
	gsSPDisplayList(mat_wf_dl_space_rock),
	gsSPDisplayList(wf_dl_Cube_015_mesh_layer_1_tri_0),
	gsSPDisplayList(mat_revert_wf_dl_space_rock),
	gsSPEndDisplayList(),
};

Gfx wf_dl_Cube_016_mesh_layer_1[] = {
	gsSPDisplayList(mat_wf_dl_rocky_tile),
	gsSPDisplayList(wf_dl_Cube_016_mesh_layer_1_tri_0),
	gsSPDisplayList(mat_revert_wf_dl_rocky_tile),
	gsSPDisplayList(mat_wf_dl_space_rock),
	gsSPDisplayList(wf_dl_Cube_016_mesh_layer_1_tri_1),
	gsSPDisplayList(mat_revert_wf_dl_space_rock),
	gsSPDisplayList(mat_wf_dl_slippery_rock),
	gsSPDisplayList(wf_dl_Cube_016_mesh_layer_1_tri_2),
	gsSPDisplayList(mat_revert_wf_dl_slippery_rock),
	gsSPEndDisplayList(),
};

Gfx wf_dl_Cube_017_mesh_layer_1[] = {
	gsSPDisplayList(mat_wf_dl_space_rock),
	gsSPDisplayList(wf_dl_Cube_017_mesh_layer_1_tri_0),
	gsSPDisplayList(mat_revert_wf_dl_space_rock),
	gsSPDisplayList(mat_wf_dl_arena_tile),
	gsSPDisplayList(wf_dl_Cube_017_mesh_layer_1_tri_1),
	gsSPDisplayList(mat_revert_wf_dl_arena_tile),
	gsSPEndDisplayList(),
};

Gfx wf_dl_Cube_018_mesh_layer_1[] = {
	gsSPDisplayList(mat_wf_dl_space_rock),
	gsSPDisplayList(wf_dl_Cube_018_mesh_layer_1_tri_0),
	gsSPDisplayList(mat_revert_wf_dl_space_rock),
	gsSPEndDisplayList(),
};

Gfx wf_dl_Cylinder_mesh_layer_5[] = {
	gsSPDisplayList(mat_wf_dl_scroll),
	gsSPDisplayList(wf_dl_Cylinder_mesh_layer_5_tri_0),
	gsSPDisplayList(mat_revert_wf_dl_scroll),
	gsSPEndDisplayList(),
};

Gfx wf_dl_slate_mesh_layer_1[] = {
	gsSPDisplayList(mat_wf_dl_star_pattern),
	gsSPDisplayList(wf_dl_slate_mesh_layer_1_tri_0),
	gsSPDisplayList(mat_revert_wf_dl_star_pattern),
	gsSPEndDisplayList(),
};

Gfx wf_dl_slate_001_mesh_layer_1[] = {
	gsSPDisplayList(mat_wf_dl_star_pattern),
	gsSPDisplayList(wf_dl_slate_001_mesh_layer_1_tri_0),
	gsSPDisplayList(mat_revert_wf_dl_star_pattern),
	gsSPEndDisplayList(),
};

Gfx wf_dl_slate_002_mesh_layer_1[] = {
	gsSPDisplayList(mat_wf_dl_star_pattern),
	gsSPDisplayList(wf_dl_slate_002_mesh_layer_1_tri_0),
	gsSPDisplayList(mat_revert_wf_dl_star_pattern),
	gsSPEndDisplayList(),
};

Gfx wf_dl_slate_003_mesh_layer_1[] = {
	gsSPDisplayList(mat_wf_dl_star_pattern),
	gsSPDisplayList(wf_dl_slate_003_mesh_layer_1_tri_0),
	gsSPDisplayList(mat_revert_wf_dl_star_pattern),
	gsSPEndDisplayList(),
};

Gfx wf_dl_slate_004_mesh_layer_1[] = {
	gsSPDisplayList(mat_wf_dl_star_pattern),
	gsSPDisplayList(wf_dl_slate_004_mesh_layer_1_tri_0),
	gsSPDisplayList(mat_revert_wf_dl_star_pattern),
	gsSPEndDisplayList(),
};

Gfx wf_dl_slate_005_mesh_layer_1[] = {
	gsSPDisplayList(mat_wf_dl_star_pattern),
	gsSPDisplayList(wf_dl_slate_005_mesh_layer_1_tri_0),
	gsSPDisplayList(mat_revert_wf_dl_star_pattern),
	gsSPEndDisplayList(),
};

Gfx wf_dl_water_001_mesh_layer_5[] = {
	gsSPDisplayList(mat_wf_dl_water_layer5),
	gsSPDisplayList(wf_dl_water_001_mesh_layer_5_tri_0),
	gsSPDisplayList(mat_revert_wf_dl_water_layer5),
	gsSPEndDisplayList(),
};

Gfx wf_dl_material_revert_render_settings[] = {
	gsDPPipeSync(),
	gsSPSetGeometryMode(G_LIGHTING),
	gsSPClearGeometryMode(G_TEXTURE_GEN),
	gsDPSetCombineLERP(0, 0, 0, SHADE, 0, 0, 0, ENVIRONMENT, 0, 0, 0, SHADE, 0, 0, 0, ENVIRONMENT),
	gsSPTexture(65535, 65535, 0, 0, 0),
	gsDPSetEnvColor(255, 255, 255, 255),
	gsDPSetAlphaCompare(G_AC_NONE),
	gsSPEndDisplayList(),
};

