Lights1 jrb_dl_checkerboard_lights = gdSPDefLights1(
	0x7F, 0x7F, 0x7F,
	0xFE, 0xFE, 0xFE, 0x28, 0x28, 0x28);

Lights1 jrb_dl_grid_lights = gdSPDefLights1(
	0x7F, 0x7F, 0x7F,
	0xFE, 0xFE, 0xFE, 0x28, 0x28, 0x28);

Lights1 jrb_dl_lava_rock_lights = gdSPDefLights1(
	0x7F, 0x7F, 0x7F,
	0xFE, 0xFE, 0xFE, 0x28, 0x28, 0x28);

Lights1 jrb_dl_wall_rock_lights = gdSPDefLights1(
	0x7F, 0x7F, 0x7F,
	0xFE, 0xFE, 0xFE, 0x28, 0x28, 0x28);

Lights1 jrb_dl_top_rock_lights = gdSPDefLights1(
	0x7F, 0x7F, 0x7F,
	0xFE, 0xFE, 0xFE, 0x28, 0x28, 0x28);

Lights1 jrb_dl_sand_lights = gdSPDefLights1(
	0x7F, 0x7F, 0x7F,
	0xFE, 0xFE, 0xFE, 0x28, 0x28, 0x28);

Lights1 jrb_dl_lava_trans_lights = gdSPDefLights1(
	0x7F, 0x7F, 0x7F,
	0xFE, 0xFE, 0xFE, 0x28, 0x28, 0x28);

Lights1 jrb_dl_igneous_rock_lights = gdSPDefLights1(
	0x7F, 0x7F, 0x7F,
	0xFE, 0xFE, 0xFE, 0x28, 0x28, 0x28);

Lights1 jrb_dl_fire_grass_lights = gdSPDefLights1(
	0x7F, 0x7F, 0x7F,
	0xFE, 0xFE, 0xFE, 0x28, 0x28, 0x28);

Lights1 jrb_dl_other_rock_lights = gdSPDefLights1(
	0x7F, 0x7F, 0x7F,
	0xFE, 0xFE, 0xFE, 0x28, 0x28, 0x28);

Lights1 jrb_dl_wall_rock_fade_lights = gdSPDefLights1(
	0x7F, 0x7F, 0x7F,
	0xFE, 0xFE, 0xFE, 0x28, 0x28, 0x28);

Lights1 jrb_dl_lava_static_lights = gdSPDefLights1(
	0x7F, 0x7F, 0x7F,
	0xFE, 0xFE, 0xFE, 0x28, 0x28, 0x28);

Lights1 jrb_dl_water_lights = gdSPDefLights1(
	0x7F, 0x7F, 0x7F,
	0xFE, 0xFE, 0xFE, 0x28, 0x28, 0x28);

Lights1 jrb_dl_sand_fade_lights = gdSPDefLights1(
	0x7F, 0x7F, 0x7F,
	0xFE, 0xFE, 0xFE, 0x28, 0x28, 0x28);

Gfx jrb_dl_Floor_2_ci4_aligner[] = {gsSPEndDisplayList()};
u8 jrb_dl_Floor_2_ci4[] = {
	0x00, 0x00, 0x00, 0x00, 0x00, 0x00, 0x00, 0x00, 
	0x11, 0x11, 0x11, 0x11, 0x11, 0x11, 0x11, 0x11, 
	0x02, 0x22, 0x22, 0x22, 0x22, 0x22, 0x22, 0x20, 
	0x13, 0x33, 0x33, 0x33, 0x33, 0x33, 0x33, 0x31, 
	0x02, 0x22, 0x45, 0x62, 0x22, 0x22, 0x22, 0x20, 
	0x13, 0x33, 0x33, 0x33, 0x37, 0x89, 0x33, 0x31, 
	0x02, 0x24, 0x56, 0x52, 0x22, 0x45, 0x62, 0x20, 
	0x13, 0x37, 0x89, 0x33, 0x38, 0x78, 0x93, 0x31, 
	0x02, 0x45, 0x65, 0x42, 0x24, 0x56, 0x52, 0x20, 
	0x13, 0x38, 0x78, 0x93, 0x39, 0x87, 0x89, 0x31, 
	0x02, 0x56, 0x54, 0x22, 0x45, 0x65, 0x42, 0x20, 
	0x13, 0x39, 0x87, 0x89, 0x33, 0x98, 0x78, 0x31, 
	0x02, 0x65, 0x42, 0x24, 0x56, 0x54, 0x22, 0x20, 
	0x13, 0x33, 0x98, 0x78, 0x93, 0x39, 0x87, 0x31, 
	0x02, 0x22, 0x22, 0x45, 0x65, 0x42, 0x22, 0x20, 
	0x13, 0x33, 0x39, 0x87, 0x89, 0x33, 0x33, 0x31, 
	0x02, 0x22, 0x24, 0x56, 0x54, 0x24, 0x56, 0x20, 
	0x13, 0x78, 0x93, 0x98, 0x78, 0x93, 0x33, 0x31, 
	0x02, 0x22, 0x45, 0x65, 0x42, 0x45, 0x65, 0x20, 
	0x13, 0x87, 0x89, 0x39, 0x87, 0x89, 0x33, 0x31, 
	0x02, 0x24, 0x56, 0x54, 0x24, 0x56, 0x54, 0x20, 
	0x13, 0x98, 0x78, 0x93, 0x98, 0x78, 0x93, 0x31, 
	0x02, 0x25, 0x65, 0x42, 0x45, 0x65, 0x42, 0x20, 
	0x13, 0x39, 0x87, 0x89, 0x39, 0x87, 0x83, 0x31, 
	0x02, 0x26, 0x54, 0x22, 0x56, 0x54, 0x22, 0x20, 
	0x13, 0x33, 0x98, 0x78, 0x33, 0x98, 0x73, 0x31, 
	0x02, 0x22, 0x22, 0x22, 0x65, 0x42, 0x22, 0x20, 
	0x13, 0x33, 0x39, 0x87, 0x33, 0x33, 0x33, 0x31, 
	0x02, 0x22, 0x22, 0x22, 0x22, 0x22, 0x22, 0x20, 
	0x13, 0x33, 0x33, 0x33, 0x33, 0x33, 0x33, 0x31, 
	0x00, 0x00, 0x00, 0x00, 0x00, 0x00, 0x00, 0x00, 
	0x11, 0x11, 0x11, 0x11, 0x11, 0x11, 0x11, 0x11, 
	0x11, 0x11, 0x11, 0x11, 0x11, 0x11, 0x11, 0x11, 
	0x00, 0x00, 0x00, 0x00, 0x00, 0x00, 0x00, 0x00, 
	0x13, 0x33, 0x33, 0x33, 0x33, 0x33, 0x33, 0x31, 
	0x02, 0x22, 0x22, 0x22, 0x22, 0x22, 0x22, 0x20, 
	0x13, 0x33, 0x33, 0x33, 0x78, 0x93, 0x33, 0x31, 
	0x02, 0x22, 0x24, 0x56, 0x22, 0x22, 0x22, 0x20, 
	0x13, 0x37, 0x89, 0x33, 0x87, 0x89, 0x33, 0x31, 
	0x02, 0x22, 0x45, 0x65, 0x22, 0x45, 0x62, 0x20, 
	0x13, 0x38, 0x78, 0x93, 0x98, 0x78, 0x93, 0x31, 
	0x02, 0x24, 0x56, 0x54, 0x24, 0x56, 0x52, 0x20, 
	0x13, 0x39, 0x87, 0x89, 0x39, 0x87, 0x89, 0x31, 
	0x02, 0x45, 0x65, 0x42, 0x45, 0x65, 0x42, 0x20, 
	0x13, 0x33, 0x98, 0x78, 0x93, 0x98, 0x78, 0x31, 
	0x02, 0x56, 0x54, 0x24, 0x56, 0x54, 0x22, 0x20, 
	0x13, 0x33, 0x39, 0x87, 0x89, 0x39, 0x87, 0x31, 
	0x02, 0x65, 0x42, 0x45, 0x65, 0x42, 0x22, 0x20, 
	0x13, 0x33, 0x33, 0x98, 0x78, 0x93, 0x33, 0x31, 
	0x02, 0x22, 0x24, 0x56, 0x54, 0x22, 0x22, 0x20, 
	0x13, 0x78, 0x93, 0x39, 0x87, 0x89, 0x33, 0x31, 
	0x02, 0x22, 0x45, 0x65, 0x42, 0x24, 0x56, 0x20, 
	0x13, 0x87, 0x89, 0x33, 0x98, 0x78, 0x93, 0x31, 
	0x02, 0x24, 0x56, 0x54, 0x22, 0x45, 0x65, 0x20, 
	0x13, 0x98, 0x78, 0x93, 0x39, 0x87, 0x83, 0x31, 
	0x02, 0x25, 0x65, 0x42, 0x24, 0x56, 0x54, 0x20, 
	0x13, 0x39, 0x87, 0x83, 0x33, 0x98, 0x73, 0x31, 
	0x02, 0x26, 0x54, 0x22, 0x25, 0x65, 0x42, 0x20, 
	0x13, 0x33, 0x98, 0x73, 0x33, 0x33, 0x33, 0x31, 
	0x02, 0x22, 0x22, 0x22, 0x26, 0x54, 0x22, 0x20, 
	0x13, 0x33, 0x33, 0x33, 0x33, 0x33, 0x33, 0x31, 
	0x02, 0x22, 0x22, 0x22, 0x22, 0x22, 0x22, 0x20, 
	0x11, 0x11, 0x11, 0x11, 0x11, 0x11, 0x11, 0x11, 
	0x00, 0x00, 0x00, 0x00, 0x00, 0x00, 0x00, 0x00, 
	
};

Gfx jrb_dl_Floor_2_ci4_pal_rgba16_aligner[] = {gsSPEndDisplayList()};
u8 jrb_dl_Floor_2_ci4_pal_rgba16[] = {
	0x42, 0x09, 0x63, 0x4d, 0x3a, 0x09, 0x73, 0xcf, 
	0x42, 0x49, 0x4a, 0x49, 0x52, 0x8b, 0xa5, 0x55, 
	0x8c, 0x93, 0x7c, 0x11, 
};

Gfx jrb_dl_ng_ami_w_ia8_aligner[] = {gsSPEndDisplayList()};
u8 jrb_dl_ng_ami_w_ia8[] = {
	0x00, 0x00, 0x00, 0x00, 0x00, 0x00, 0x00, 0x00, 
	0x00, 0x00, 0x00, 0x00, 0x00, 0x00, 0x00, 0x00, 
	0x00, 0x00, 0x00, 0x00, 0x00, 0x00, 0x9f, 0x9f, 
	0xaf, 0xbf, 0xcf, 0xdf, 0xef, 0xff, 0xff, 0xff, 
	0xef, 0xcf, 0xcf, 0xcf, 0xbf, 0xaf, 0x9f, 0x8f, 
	0x6f, 0x5f, 0x00, 0x00, 0x00, 0x00, 0x00, 0x00, 
	0x00, 0x00, 0x00, 0x00, 0x00, 0x00, 0x00, 0x00, 
	0x00, 0x00, 0x00, 0x00, 0x00, 0x00, 0x00, 0x00, 
	0x00, 0x00, 0x00, 0x00, 0x00, 0x00, 0x00, 0x00, 
	0x00, 0x00, 0x00, 0x00, 0x00, 0x00, 0x00, 0x00, 
	0x00, 0x00, 0x00, 0x00, 0x00, 0x00, 0x9f, 0x9f, 
	0xaf, 0xbf, 0xcf, 0xdf, 0xef, 0xff, 0xff, 0xff, 
	0xef, 0xcf, 0xcf, 0xcf, 0xbf, 0xaf, 0x9f, 0x8f, 
	0x6f, 0x5f, 0x00, 0x00, 0x00, 0x00, 0x00, 0x00, 
	0x00, 0x00, 0x00, 0x00, 0x00, 0x00, 0x00, 0x00, 
	0x00, 0x00, 0x00, 0x00, 0x00, 0x00, 0x00, 0x00, 
	0x00, 0x00, 0x00, 0x00, 0x00, 0x00, 0x00, 0x00, 
	0x00, 0x00, 0x00, 0x00, 0x00, 0x00, 0x00, 0x00, 
	0x00, 0x00, 0x00, 0x00, 0x00, 0x00, 0x9f, 0x9f, 
	0xaf, 0xbf, 0xcf, 0xdf, 0xef, 0xff, 0xff, 0xff, 
	0xef, 0xcf, 0xcf, 0xcf, 0xbf, 0xaf, 0x9f, 0x8f, 
	0x6f, 0x5f, 0x00, 0x00, 0x00, 0x00, 0x00, 0x00, 
	0x00, 0x00, 0x00, 0x00, 0x00, 0x00, 0x00, 0x00, 
	0x00, 0x00, 0x00, 0x00, 0x00, 0x00, 0x00, 0x00, 
	0x00, 0x00, 0x00, 0x00, 0x00, 0x00, 0x00, 0x00, 
	0x00, 0x00, 0x00, 0x00, 0x00, 0x00, 0x00, 0x00, 
	0x00, 0x00, 0x00, 0x00, 0x00, 0x00, 0x9f, 0x9f, 
	0xaf, 0xbf, 0xcf, 0xdf, 0xef, 0xff, 0xff, 0xff, 
	0xef, 0xcf, 0xcf, 0xcf, 0xbf, 0xaf, 0x9f, 0x8f, 
	0x6f, 0x5f, 0x00, 0x00, 0x00, 0x00, 0x00, 0x00, 
	0x00, 0x00, 0x00, 0x00, 0x00, 0x00, 0x00, 0x00, 
	0x00, 0x00, 0x00, 0x00, 0x00, 0x00, 0x00, 0x00, 
	0x00, 0x00, 0x00, 0x00, 0x00, 0x00, 0x00, 0x00, 
	0x00, 0x00, 0x00, 0x00, 0x00, 0x00, 0x00, 0x00, 
	0x00, 0x00, 0x00, 0x00, 0x00, 0x00, 0x9f, 0x9f, 
	0xaf, 0xbf, 0xcf, 0xcf, 0xef, 0xff, 0xff, 0xff, 
	0xef, 0xcf, 0xcf, 0xcf, 0xbf, 0xaf, 0x9f, 0x8f, 
	0x6f, 0x5f, 0x00, 0x00, 0x00, 0x00, 0x00, 0x00, 
	0x00, 0x00, 0x00, 0x00, 0x00, 0x00, 0x00, 0x00, 
	0x00, 0x00, 0x00, 0x00, 0x00, 0x00, 0x00, 0x00, 
	0x00, 0x00, 0x00, 0x00, 0x00, 0x00, 0x00, 0x00, 
	0x00, 0x00, 0x00, 0x00, 0x00, 0x00, 0x00, 0x00, 
	0x00, 0x00, 0x00, 0x00, 0x00, 0x00, 0x9f, 0x9f, 
	0xaf, 0xbf, 0xcf, 0xcf, 0xef, 0xff, 0xff, 0xff, 
	0xef, 0xdf, 0xcf, 0xcf, 0xbf, 0xaf, 0x9f, 0x8f, 
	0x6f, 0x5f, 0x00, 0x00, 0x00, 0x00, 0x00, 0x00, 
	0x00, 0x00, 0x00, 0x00, 0x00, 0x00, 0x00, 0x00, 
	0x00, 0x00, 0x00, 0x00, 0x00, 0x00, 0x00, 0x00, 
	0x00, 0x00, 0x00, 0x00, 0x00, 0x00, 0x00, 0x00, 
	0x00, 0x00, 0x00, 0x00, 0x00, 0x00, 0x00, 0x00, 
	0x00, 0x00, 0x00, 0x00, 0x00, 0x00, 0x9f, 0x9f, 
	0xaf, 0xbf, 0xcf, 0xcf, 0xef, 0xff, 0xff, 0xff, 
	0xef, 0xdf, 0xcf, 0xcf, 0xbf, 0xaf, 0x9f, 0x8f, 
	0x6f, 0x5f, 0x00, 0x00, 0x00, 0x00, 0x00, 0x00, 
	0x00, 0x00, 0x00, 0x00, 0x00, 0x00, 0x00, 0x00, 
	0x00, 0x00, 0x00, 0x00, 0x00, 0x00, 0x00, 0x00, 
	0x00, 0x00, 0x00, 0x00, 0x00, 0x00, 0x00, 0x00, 
	0x00, 0x00, 0x00, 0x00, 0x00, 0x00, 0x00, 0x00, 
	0x00, 0x00, 0x00, 0x00, 0x00, 0x00, 0x9f, 0x9f, 
	0xaf, 0xbf, 0xcf, 0xcf, 0xef, 0xff, 0xff, 0xff, 
	0xef, 0xdf, 0xcf, 0xcf, 0xbf, 0xaf, 0x9f, 0x8f, 
	0x6f, 0x5f, 0x00, 0x00, 0x00, 0x00, 0x00, 0x00, 
	0x00, 0x00, 0x00, 0x00, 0x00, 0x00, 0x00, 0x00, 
	0x00, 0x00, 0x00, 0x00, 0x00, 0x00, 0x00, 0x00, 
	0x00, 0x00, 0x00, 0x00, 0x00, 0x00, 0x00, 0x00, 
	0x00, 0x00, 0x00, 0x00, 0x00, 0x00, 0x00, 0x00, 
	0x00, 0x00, 0x00, 0x00, 0x00, 0x00, 0x9f, 0x9f, 
	0xaf, 0xbf, 0xbf, 0xcf, 0xef, 0xff, 0xff, 0xff, 
	0xef, 0xdf, 0xcf, 0xcf, 0xbf, 0xaf, 0x9f, 0x8f, 
	0x6f, 0x5f, 0x00, 0x00, 0x00, 0x00, 0x00, 0x00, 
	0x00, 0x00, 0x00, 0x00, 0x00, 0x00, 0x00, 0x00, 
	0x00, 0x00, 0x00, 0x00, 0x00, 0x00, 0x00, 0x00, 
	0x00, 0x00, 0x00, 0x00, 0x00, 0x00, 0x00, 0x00, 
	0x00, 0x00, 0x00, 0x00, 0x00, 0x00, 0x00, 0x00, 
	0x00, 0x00, 0x00, 0x00, 0x00, 0x00, 0x9f, 0x9f, 
	0xaf, 0xbf, 0xbf, 0xcf, 0xef, 0xff, 0xff, 0xff, 
	0xef, 0xdf, 0xcf, 0xcf, 0xbf, 0xaf, 0x9f, 0x8f, 
	0x6f, 0x5f, 0x00, 0x00, 0x00, 0x00, 0x00, 0x00, 
	0x00, 0x00, 0x00, 0x00, 0x00, 0x00, 0x00, 0x00, 
	0x00, 0x00, 0x00, 0x00, 0x00, 0x00, 0x00, 0x00, 
	0x00, 0x00, 0x00, 0x00, 0x00, 0x00, 0x00, 0x00, 
	0x00, 0x00, 0x00, 0x00, 0x00, 0x00, 0x00, 0x00, 
	0x00, 0x00, 0x00, 0x00, 0x00, 0x00, 0x9f, 0x9f, 
	0xaf, 0xbf, 0xbf, 0xcf, 0xef, 0xff, 0xff, 0xff, 
	0xef, 0xdf, 0xcf, 0xcf, 0xbf, 0xaf, 0x9f, 0x8f, 
	0x6f, 0x5f, 0x00, 0x00, 0x00, 0x00, 0x00, 0x00, 
	0x00, 0x00, 0x00, 0x00, 0x00, 0x00, 0x00, 0x00, 
	0x00, 0x00, 0x00, 0x00, 0x00, 0x00, 0x00, 0x00, 
	0x00, 0x00, 0x00, 0x00, 0x00, 0x00, 0x00, 0x00, 
	0x00, 0x00, 0x00, 0x00, 0x00, 0x00, 0x00, 0x00, 
	0x00, 0x00, 0x00, 0x00, 0x00, 0x00, 0x9f, 0x9f, 
	0xaf, 0xbf, 0xbf, 0xcf, 0xef, 0xff, 0xff, 0xff, 
	0xef, 0xdf, 0xcf, 0xcf, 0xbf, 0xaf, 0x9f, 0x8f, 
	0x6f, 0x5f, 0x00, 0x00, 0x00, 0x00, 0x00, 0x00, 
	0x00, 0x00, 0x00, 0x00, 0x00, 0x00, 0x00, 0x00, 
	0x00, 0x00, 0x00, 0x00, 0x00, 0x00, 0x00, 0x00, 
	0x00, 0x00, 0x00, 0x00, 0x00, 0x00, 0x00, 0x00, 
	0x00, 0x00, 0x00, 0x00, 0x00, 0x00, 0x00, 0x00, 
	0x00, 0x00, 0x00, 0x00, 0x00, 0x00, 0x9f, 0x9f, 
	0xaf, 0xbf, 0xbf, 0xcf, 0xef, 0xef, 0xff, 0xff, 
	0xef, 0xdf, 0xcf, 0xcf, 0xbf, 0xaf, 0x9f, 0x8f, 
	0x6f, 0x5f, 0x00, 0x00, 0x00, 0x00, 0x00, 0x00, 
	0x00, 0x00, 0x00, 0x00, 0x00, 0x00, 0x00, 0x00, 
	0x00, 0x00, 0x00, 0x00, 0x00, 0x00, 0x00, 0x00, 
	0x00, 0x00, 0x00, 0x00, 0x00, 0x00, 0x00, 0x00, 
	0x00, 0x00, 0x00, 0x00, 0x00, 0x00, 0x00, 0x00, 
	0x00, 0x00, 0x00, 0x00, 0x00, 0x00, 0x9f, 0x9f, 
	0xaf, 0xbf, 0xbf, 0xcf, 0xef, 0xef, 0xff, 0xff, 
	0xef, 0xdf, 0xcf, 0xcf, 0xbf, 0xaf, 0x9f, 0x8f, 
	0x6f, 0x5f, 0x00, 0x00, 0x00, 0x00, 0x00, 0x00, 
	0x00, 0x00, 0x00, 0x00, 0x00, 0x00, 0x00, 0x00, 
	0x00, 0x00, 0x00, 0x00, 0x00, 0x00, 0x00, 0x00, 
	0x00, 0x00, 0x00, 0x00, 0x00, 0x00, 0x00, 0x00, 
	0x00, 0x00, 0x00, 0x00, 0x00, 0x00, 0x00, 0x00, 
	0x00, 0x00, 0x00, 0x00, 0x00, 0x00, 0x9f, 0x9f, 
	0xaf, 0xbf, 0xbf, 0xcf, 0xef, 0xef, 0xff, 0xff, 
	0xef, 0xdf, 0xcf, 0xcf, 0xbf, 0xaf, 0x9f, 0x8f, 
	0x6f, 0x5f, 0x00, 0x00, 0x00, 0x00, 0x00, 0x00, 
	0x00, 0x00, 0x00, 0x00, 0x00, 0x00, 0x00, 0x00, 
	0x00, 0x00, 0x00, 0x00, 0x00, 0x00, 0x00, 0x00, 
	0x00, 0x00, 0x00, 0x00, 0x00, 0x00, 0x00, 0x00, 
	0x00, 0x00, 0x00, 0x00, 0x00, 0x00, 0x00, 0x00, 
	0x00, 0x00, 0x00, 0x00, 0x00, 0x00, 0x9f, 0x9f, 
	0xaf, 0xbf, 0xbf, 0xcf, 0xef, 0xef, 0xff, 0xff, 
	0xef, 0xdf, 0xcf, 0xcf, 0xbf, 0xaf, 0x9f, 0x8f, 
	0x6f, 0x5f, 0x00, 0x00, 0x00, 0x00, 0x00, 0x00, 
	0x00, 0x00, 0x00, 0x00, 0x00, 0x00, 0x00, 0x00, 
	0x00, 0x00, 0x00, 0x00, 0x00, 0x00, 0x00, 0x00, 
	0x00, 0x00, 0x00, 0x00, 0x00, 0x00, 0x00, 0x00, 
	0x00, 0x00, 0x00, 0x00, 0x00, 0x00, 0x00, 0x00, 
	0x00, 0x00, 0x00, 0x00, 0x00, 0x00, 0x9f, 0x9f, 
	0xaf, 0xaf, 0xbf, 0xcf, 0xef, 0xef, 0xff, 0xff, 
	0xef, 0xcf, 0xcf, 0xcf, 0xbf, 0xaf, 0x9f, 0x8f, 
	0x6f, 0x5f, 0x00, 0x00, 0x00, 0x00, 0x00, 0x00, 
	0x00, 0x00, 0x00, 0x00, 0x00, 0x00, 0x00, 0x00, 
	0x00, 0x00, 0x00, 0x00, 0x00, 0x00, 0x00, 0x00, 
	0x00, 0x00, 0x00, 0x00, 0x00, 0x00, 0x00, 0x00, 
	0x00, 0x00, 0x00, 0x00, 0x00, 0x00, 0x00, 0x00, 
	0x00, 0x00, 0x00, 0x00, 0x00, 0x00, 0x9f, 0x9f, 
	0xaf, 0xaf, 0xbf, 0xcf, 0xef, 0xef, 0xff, 0xff, 
	0xef, 0xcf, 0xcf, 0xcf, 0xbf, 0xaf, 0x9f, 0x8f, 
	0x6f, 0x5f, 0x00, 0x00, 0x00, 0x00, 0x00, 0x00, 
	0x00, 0x00, 0x00, 0x00, 0x00, 0x00, 0x00, 0x00, 
	0x00, 0x00, 0x00, 0x00, 0x00, 0x00, 0x00, 0x00, 
	0x00, 0x00, 0x00, 0x00, 0x00, 0x00, 0x00, 0x00, 
	0x00, 0x00, 0x00, 0x00, 0x00, 0x00, 0x00, 0x00, 
	0x00, 0x00, 0x00, 0x00, 0x00, 0x00, 0x9f, 0x9f, 
	0xaf, 0xaf, 0xbf, 0xcf, 0xef, 0xef, 0xff, 0xff, 
	0xef, 0xcf, 0xcf, 0xcf, 0xbf, 0xaf, 0x9f, 0x8f, 
	0x6f, 0x5f, 0x00, 0x00, 0x00, 0x00, 0x00, 0x00, 
	0x00, 0x00, 0x00, 0x00, 0x00, 0x00, 0x00, 0x00, 
	0x00, 0x00, 0x00, 0x00, 0x00, 0x00, 0x00, 0x00, 
	0x00, 0x00, 0x00, 0x00, 0x00, 0x00, 0x00, 0x00, 
	0x00, 0x00, 0x00, 0x00, 0x00, 0x00, 0x00, 0x00, 
	0x00, 0x00, 0x00, 0x00, 0x00, 0x00, 0x9f, 0x9f, 
	0xaf, 0xaf, 0xbf, 0xcf, 0xef, 0xef, 0xff, 0xff, 
	0xef, 0xcf, 0xcf, 0xcf, 0xbf, 0xaf, 0x9f, 0x8f, 
	0x6f, 0x5f, 0x00, 0x00, 0x00, 0x00, 0x00, 0x00, 
	0x00, 0x00, 0x00, 0x00, 0x00, 0x00, 0x00, 0x00, 
	0x00, 0x00, 0x00, 0x00, 0x00, 0x00, 0x00, 0x00, 
	0x00, 0x00, 0x00, 0x00, 0x00, 0x00, 0x00, 0x00, 
	0x00, 0x00, 0x00, 0x00, 0x00, 0x00, 0x00, 0x00, 
	0x00, 0x00, 0x00, 0x00, 0x00, 0x00, 0x9f, 0x9f, 
	0xaf, 0xbf, 0xcf, 0xcf, 0xef, 0xef, 0xff, 0xef, 
	0xdf, 0xcf, 0xcf, 0xcf, 0xbf, 0xaf, 0x9f, 0x8f, 
	0x7f, 0x6f, 0x00, 0x00, 0x00, 0x00, 0x00, 0x00, 
	0x00, 0x00, 0x00, 0x00, 0x00, 0x00, 0x00, 0x00, 
	0x00, 0x00, 0x00, 0x00, 0x00, 0x00, 0x00, 0x00, 
	0x00, 0x00, 0x00, 0x00, 0x00, 0x00, 0x00, 0x00, 
	0x00, 0x00, 0x00, 0x00, 0x00, 0x00, 0x00, 0x00, 
	0x00, 0x00, 0x00, 0x00, 0x00, 0x00, 0x9f, 0x9f, 
	0xaf, 0xbf, 0xcf, 0xcf, 0xef, 0xef, 0xff, 0xef, 
	0xdf, 0xcf, 0xcf, 0xcf, 0xbf, 0xaf, 0x9f, 0x8f, 
	0x7f, 0x7f, 0x00, 0x00, 0x00, 0x00, 0x00, 0x00, 
	0x00, 0x00, 0x00, 0x00, 0x00, 0x00, 0x00, 0x00, 
	0x00, 0x00, 0x00, 0x00, 0x00, 0x00, 0x00, 0x00, 
	0x8f, 0x8f, 0x8f, 0x8f, 0x8f, 0x8f, 0x8f, 0x8f, 
	0x8f, 0x8f, 0x8f, 0x8f, 0x8f, 0x8f, 0x8f, 0x8f, 
	0x8f, 0x8f, 0x8f, 0x8f, 0x8f, 0x9f, 0x9f, 0x9f, 
	0xaf, 0xbf, 0xcf, 0xcf, 0xef, 0xef, 0xff, 0xef, 
	0xdf, 0xcf, 0xcf, 0xcf, 0xbf, 0xaf, 0x9f, 0x8f, 
	0x7f, 0x7f, 0x7f, 0x7f, 0x7f, 0x8f, 0x8f, 0x8f, 
	0x8f, 0x8f, 0x8f, 0x8f, 0x8f, 0x8f, 0x9f, 0x8f, 
	0x8f, 0x9f, 0x9f, 0x9f, 0x9f, 0x9f, 0x9f, 0x9f, 
	0x8f, 0x8f, 0x8f, 0x8f, 0x8f, 0x8f, 0x8f, 0x8f, 
	0x8f, 0x8f, 0x8f, 0x8f, 0x8f, 0x8f, 0x8f, 0x8f, 
	0x8f, 0x8f, 0x8f, 0x8f, 0x9f, 0x9f, 0x9f, 0x9f, 
	0xaf, 0xbf, 0xcf, 0xcf, 0xef, 0xef, 0xff, 0xef, 
	0xdf, 0xdf, 0xcf, 0xcf, 0xbf, 0xaf, 0x9f, 0x8f, 
	0x7f, 0x7f, 0x7f, 0x7f, 0x8f, 0x8f, 0x8f, 0x8f, 
	0x8f, 0x8f, 0x8f, 0x8f, 0x8f, 0x8f, 0x8f, 0x8f, 
	0x8f, 0x8f, 0x8f, 0x8f, 0x8f, 0x8f, 0x8f, 0x8f, 
	0xaf, 0xaf, 0xaf, 0xaf, 0xaf, 0xaf, 0xaf, 0xaf, 
	0xaf, 0xaf, 0xaf, 0xaf, 0xaf, 0xaf, 0xaf, 0xaf, 
	0xaf, 0xaf, 0xaf, 0xaf, 0xaf, 0xaf, 0xaf, 0xaf, 
	0xbf, 0xbf, 0xbf, 0xdf, 0xef, 0xef, 0xff, 0xef, 
	0xdf, 0xdf, 0xcf, 0xcf, 0xbf, 0xaf, 0x9f, 0x9f, 
	0x8f, 0x8f, 0x8f, 0x8f, 0x8f, 0x8f, 0x8f, 0x8f, 
	0x9f, 0x9f, 0x9f, 0x9f, 0xaf, 0xaf, 0xaf, 0xaf, 
	0xaf, 0xaf, 0xaf, 0xaf, 0xaf, 0xaf, 0xaf, 0xaf, 
	0xbf, 0xbf, 0xbf, 0xbf, 0xbf, 0xbf, 0xbf, 0xbf, 
	0xbf, 0xbf, 0xbf, 0xbf, 0xaf, 0xaf, 0xaf, 0xaf, 
	0xaf, 0xaf, 0xaf, 0xaf, 0xaf, 0xaf, 0xaf, 0xaf, 
	0xbf, 0xbf, 0xbf, 0xdf, 0xef, 0xef, 0xff, 0xef, 
	0xdf, 0xdf, 0xdf, 0xcf, 0xbf, 0xaf, 0x9f, 0x9f, 
	0x9f, 0x9f, 0x9f, 0x9f, 0x9f, 0x9f, 0x9f, 0x9f, 
	0xaf, 0xaf, 0xaf, 0xaf, 0xbf, 0xbf, 0xbf, 0xbf, 
	0xbf, 0xbf, 0xbf, 0xbf, 0xbf, 0xbf, 0xbf, 0xbf, 
	0xcf, 0xcf, 0xcf, 0xcf, 0xcf, 0xcf, 0xcf, 0xcf, 
	0xbf, 0xbf, 0xbf, 0xbf, 0xbf, 0xbf, 0xbf, 0xbf, 
	0xbf, 0xbf, 0xbf, 0xbf, 0xbf, 0xbf, 0xbf, 0xbf, 
	0xbf, 0xbf, 0xcf, 0xdf, 0xef, 0xef, 0xff, 0xef, 
	0xdf, 0xdf, 0xdf, 0xcf, 0xbf, 0xaf, 0xaf, 0xaf, 
	0xaf, 0xaf, 0xaf, 0xaf, 0xbf, 0xbf, 0xbf, 0xbf, 
	0xaf, 0xbf, 0xbf, 0xbf, 0xcf, 0xcf, 0xcf, 0xcf, 
	0xcf, 0xcf, 0xcf, 0xcf, 0xcf, 0xcf, 0xcf, 0xcf, 
	0xdf, 0xdf, 0xdf, 0xdf, 0xdf, 0xdf, 0xdf, 0xdf, 
	0xcf, 0xcf, 0xcf, 0xcf, 0xcf, 0xcf, 0xcf, 0xcf, 
	0xcf, 0xcf, 0xcf, 0xcf, 0xcf, 0xcf, 0xcf, 0xcf, 
	0xcf, 0xcf, 0xcf, 0xdf, 0xef, 0xef, 0xff, 0xef, 
	0xdf, 0xdf, 0xdf, 0xcf, 0xcf, 0xcf, 0xcf, 0xcf, 
	0xcf, 0xcf, 0xcf, 0xcf, 0xcf, 0xcf, 0xcf, 0xcf, 
	0xdf, 0xdf, 0xdf, 0xdf, 0xdf, 0xdf, 0xdf, 0xdf, 
	0xdf, 0xdf, 0xdf, 0xdf, 0xdf, 0xdf, 0xdf, 0xdf, 
	0xef, 0xef, 0xef, 0xef, 0xef, 0xef, 0xef, 0xef, 
	0xef, 0xef, 0xef, 0xef, 0xef, 0xef, 0xef, 0xef, 
	0xef, 0xef, 0xef, 0xef, 0xef, 0xef, 0xef, 0xef, 
	0xef, 0xef, 0xef, 0xef, 0xef, 0xff, 0xff, 0xef, 
	0xef, 0xef, 0xef, 0xef, 0xdf, 0xdf, 0xdf, 0xdf, 
	0xdf, 0xdf, 0xdf, 0xdf, 0xdf, 0xdf, 0xdf, 0xef, 
	0xef, 0xef, 0xef, 0xef, 0xef, 0xef, 0xef, 0xef, 
	0xef, 0xef, 0xef, 0xef, 0xef, 0xef, 0xef, 0xef, 
	0xef, 0xef, 0xef, 0xef, 0xef, 0xef, 0xef, 0xef, 
	0xef, 0xef, 0xef, 0xef, 0xef, 0xef, 0xef, 0xef, 
	0xef, 0xef, 0xef, 0xef, 0xef, 0xef, 0xef, 0xef, 
	0xef, 0xef, 0xef, 0xef, 0xef, 0xff, 0xff, 0xff, 
	0xff, 0xff, 0xff, 0xef, 0xdf, 0xdf, 0xef, 0xef, 
	0xef, 0xef, 0xef, 0xef, 0xef, 0xef, 0xef, 0xef, 
	0xef, 0xef, 0xef, 0xef, 0xef, 0xef, 0xef, 0xef, 
	0xef, 0xef, 0xef, 0xef, 0xef, 0xef, 0xef, 0xef, 
	0xff, 0xff, 0xff, 0xff, 0xff, 0xff, 0xff, 0xff, 
	0xff, 0xff, 0xff, 0xff, 0xff, 0xff, 0xff, 0xff, 
	0xff, 0xff, 0xff, 0xff, 0xff, 0xff, 0xff, 0xff, 
	0xff, 0xff, 0xff, 0xff, 0xff, 0xff, 0xff, 0xff, 
	0xff, 0xff, 0xff, 0xef, 0xef, 0xef, 0xef, 0xef, 
	0xff, 0xff, 0xff, 0xff, 0xff, 0xff, 0xef, 0xef, 
	0xef, 0xef, 0xef, 0xef, 0xef, 0xef, 0xef, 0xff, 
	0xff, 0xff, 0xff, 0xff, 0xff, 0xff, 0xff, 0xff, 
	0xef, 0xff, 0xff, 0xff, 0xff, 0xff, 0xff, 0xff, 
	0xff, 0xff, 0xff, 0xff, 0xff, 0xff, 0xff, 0xff, 
	0xff, 0xff, 0xff, 0xff, 0xff, 0xff, 0xff, 0xff, 
	0xff, 0xff, 0xef, 0xef, 0xff, 0xff, 0xff, 0xff, 
	0xff, 0xff, 0xff, 0xef, 0xef, 0xef, 0xef, 0xef, 
	0xff, 0xff, 0xff, 0xff, 0xff, 0xff, 0xff, 0xff, 
	0xff, 0xef, 0xef, 0xef, 0xef, 0xff, 0xff, 0xff, 
	0xff, 0xff, 0xff, 0xff, 0xff, 0xff, 0xff, 0xff, 
	0xff, 0xff, 0xff, 0xff, 0xff, 0xff, 0xff, 0xff, 
	0xff, 0xff, 0xff, 0xff, 0xff, 0xff, 0xff, 0xff, 
	0xff, 0xff, 0xff, 0xff, 0xef, 0xef, 0xef, 0xef, 
	0xef, 0xef, 0xdf, 0xdf, 0xef, 0xff, 0xff, 0xff, 
	0xef, 0xef, 0xef, 0xdf, 0xdf, 0xdf, 0xef, 0xef, 
	0xff, 0xff, 0xff, 0xff, 0xef, 0xef, 0xef, 0xef, 
	0xef, 0xef, 0xef, 0xef, 0xef, 0xef, 0xef, 0xef, 
	0xef, 0xef, 0xef, 0xef, 0xef, 0xef, 0xef, 0xef, 
	0xef, 0xef, 0xef, 0xef, 0xef, 0xef, 0xef, 0xef, 
	0xef, 0xef, 0xef, 0xef, 0xef, 0xef, 0xef, 0xef, 
	0xef, 0xef, 0xef, 0xef, 0xdf, 0xdf, 0xdf, 0xdf, 
	0xdf, 0xdf, 0xdf, 0xdf, 0xef, 0xef, 0xff, 0xff, 
	0xef, 0xef, 0xef, 0xdf, 0xdf, 0xdf, 0xef, 0xef, 
	0xdf, 0xdf, 0xdf, 0xdf, 0xdf, 0xdf, 0xdf, 0xdf, 
	0xef, 0xdf, 0xdf, 0xdf, 0xdf, 0xdf, 0xdf, 0xdf, 
	0xdf, 0xdf, 0xdf, 0xdf, 0xdf, 0xdf, 0xdf, 0xdf, 
	0xdf, 0xdf, 0xdf, 0xdf, 0xdf, 0xdf, 0xdf, 0xdf, 
	0xdf, 0xdf, 0xdf, 0xdf, 0xdf, 0xdf, 0xdf, 0xdf, 
	0xdf, 0xdf, 0xdf, 0xdf, 0xdf, 0xdf, 0xdf, 0xdf, 
	0xcf, 0xcf, 0xcf, 0xcf, 0xdf, 0xef, 0xff, 0xff, 
	0xef, 0xef, 0xdf, 0xcf, 0xcf, 0xcf, 0xcf, 0xcf, 
	0xdf, 0xdf, 0xdf, 0xdf, 0xcf, 0xcf, 0xcf, 0xcf, 
	0xcf, 0xcf, 0xcf, 0xcf, 0xcf, 0xcf, 0xcf, 0xcf, 
	0xcf, 0xcf, 0xcf, 0xcf, 0xcf, 0xcf, 0xcf, 0xcf, 
	0xcf, 0xcf, 0xcf, 0xcf, 0xcf, 0xcf, 0xcf, 0xcf, 
	0xcf, 0xcf, 0xcf, 0xcf, 0xcf, 0xcf, 0xcf, 0xcf, 
	0xcf, 0xcf, 0xcf, 0xcf, 0xcf, 0xcf, 0xcf, 0xcf, 
	0xcf, 0xcf, 0xcf, 0xcf, 0xdf, 0xef, 0xff, 0xef, 
	0xef, 0xdf, 0xcf, 0xcf, 0xbf, 0xbf, 0xbf, 0xbf, 
	0xcf, 0xcf, 0xcf, 0xcf, 0xcf, 0xcf, 0xcf, 0xcf, 
	0xcf, 0xcf, 0xcf, 0xcf, 0xcf, 0xcf, 0xcf, 0xcf, 
	0xcf, 0xcf, 0xcf, 0xcf, 0xcf, 0xcf, 0xcf, 0xcf, 
	0xaf, 0xaf, 0xaf, 0xaf, 0xaf, 0xaf, 0xaf, 0xaf, 
	0xaf, 0xaf, 0xaf, 0xaf, 0xaf, 0xaf, 0xaf, 0xaf, 
	0xbf, 0xbf, 0xbf, 0xbf, 0xbf, 0xbf, 0xbf, 0xbf, 
	0xbf, 0xbf, 0xbf, 0xcf, 0xdf, 0xef, 0xff, 0xef, 
	0xef, 0xdf, 0xcf, 0xcf, 0xbf, 0xbf, 0xbf, 0xbf, 
	0xbf, 0xbf, 0xbf, 0xbf, 0xbf, 0xbf, 0xbf, 0xbf, 
	0xbf, 0xbf, 0xbf, 0xbf, 0xbf, 0xbf, 0xbf, 0xbf, 
	0xbf, 0xbf, 0xbf, 0xbf, 0xbf, 0xbf, 0xbf, 0xbf, 
	0x9f, 0x9f, 0x9f, 0x9f, 0x9f, 0x9f, 0x9f, 0x9f, 
	0x9f, 0x9f, 0x9f, 0x9f, 0x9f, 0x9f, 0x9f, 0x9f, 
	0xaf, 0xaf, 0xaf, 0xaf, 0xaf, 0xaf, 0xaf, 0xaf, 
	0xaf, 0xaf, 0xbf, 0xcf, 0xdf, 0xef, 0xff, 0xef, 
	0xef, 0xdf, 0xcf, 0xcf, 0xbf, 0xaf, 0xaf, 0xaf, 
	0x9f, 0x9f, 0x9f, 0x9f, 0x9f, 0x9f, 0x9f, 0x9f, 
	0xaf, 0xaf, 0xaf, 0xaf, 0xaf, 0xaf, 0xaf, 0xaf, 
	0xaf, 0xaf, 0xaf, 0xaf, 0xaf, 0xaf, 0xaf, 0xaf, 
	0x8f, 0x8f, 0x8f, 0x8f, 0x8f, 0x8f, 0x8f, 0x8f, 
	0x8f, 0x8f, 0x8f, 0x8f, 0x8f, 0x8f, 0x8f, 0x8f, 
	0x8f, 0x8f, 0x8f, 0x8f, 0x9f, 0x9f, 0x9f, 0x9f, 
	0x9f, 0x9f, 0xaf, 0xcf, 0xdf, 0xef, 0xff, 0xef, 
	0xef, 0xdf, 0xcf, 0xcf, 0xbf, 0xaf, 0x9f, 0x9f, 
	0x8f, 0x8f, 0x8f, 0x8f, 0x8f, 0x8f, 0x8f, 0x8f, 
	0x8f, 0x8f, 0x8f, 0x8f, 0x8f, 0x8f, 0x8f, 0x8f, 
	0x8f, 0x8f, 0x8f, 0x8f, 0x8f, 0x8f, 0x8f, 0x8f, 
	0x7f, 0x7f, 0x7f, 0x7f, 0x7f, 0x7f, 0x7f, 0x7f, 
	0x7f, 0x7f, 0x7f, 0x7f, 0x7f, 0x7f, 0x7f, 0x7f, 
	0x7f, 0x7f, 0x7f, 0x7f, 0x8f, 0x8f, 0x8f, 0x8f, 
	0x9f, 0x9f, 0xaf, 0xcf, 0xdf, 0xef, 0xff, 0xef, 
	0xef, 0xdf, 0xcf, 0xcf, 0xbf, 0xaf, 0x9f, 0x8f, 
	0x7f, 0x7f, 0x7f, 0x7f, 0x7f, 0x7f, 0x7f, 0x7f, 
	0x7f, 0x7f, 0x7f, 0x7f, 0x7f, 0x7f, 0x7f, 0x7f, 
	0x7f, 0x7f, 0x7f, 0x7f, 0x7f, 0x7f, 0x7f, 0x7f, 
	0x6f, 0x6f, 0x6f, 0x6f, 0x6f, 0x6f, 0x6f, 0x6f, 
	0x6f, 0x6f, 0x6f, 0x6f, 0x6f, 0x6f, 0x6f, 0x6f, 
	0x6f, 0x6f, 0x6f, 0x6f, 0x6f, 0x6f, 0x6f, 0x7f, 
	0x8f, 0x8f, 0xaf, 0xbf, 0xcf, 0xef, 0xef, 0xef, 
	0xef, 0xdf, 0xcf, 0xcf, 0xaf, 0x9f, 0x8f, 0x7f, 
	0x6f, 0x6f, 0x6f, 0x6f, 0x5f, 0x5f, 0x5f, 0x5f, 
	0x5f, 0x5f, 0x5f, 0x5f, 0x5f, 0x5f, 0x5f, 0x5f, 
	0x5f, 0x5f, 0x5f, 0x5f, 0x5f, 0x5f, 0x5f, 0x5f, 
	0x5f, 0x5f, 0x5f, 0x5f, 0x5f, 0x5f, 0x5f, 0x5f, 
	0x5f, 0x5f, 0x5f, 0x5f, 0x5f, 0x5f, 0x5f, 0x5f, 
	0x5f, 0x5f, 0x5f, 0x6f, 0x6f, 0x6f, 0x6f, 0x6f, 
	0x7f, 0x8f, 0xaf, 0xbf, 0xcf, 0xef, 0xef, 0xef, 
	0xef, 0xdf, 0xcf, 0xcf, 0xaf, 0x9f, 0x8f, 0x7f, 
	0x6f, 0x6f, 0x6f, 0x5f, 0x5f, 0x5f, 0x5f, 0x5f, 
	0x5f, 0x5f, 0x5f, 0x5f, 0x5f, 0x5f, 0x5f, 0x5f, 
	0x5f, 0x5f, 0x5f, 0x5f, 0x5f, 0x5f, 0x5f, 0x5f, 
	0x00, 0x00, 0x00, 0x00, 0x00, 0x00, 0x00, 0x00, 
	0x00, 0x00, 0x00, 0x00, 0x00, 0x00, 0x00, 0x00, 
	0x00, 0x00, 0x00, 0x00, 0x00, 0x00, 0x6f, 0x6f, 
	0x7f, 0x8f, 0xaf, 0xbf, 0xcf, 0xef, 0xef, 0xef, 
	0xef, 0xdf, 0xcf, 0xcf, 0xaf, 0x9f, 0x8f, 0x7f, 
	0x6f, 0x6f, 0x00, 0x00, 0x00, 0x00, 0x00, 0x00, 
	0x00, 0x00, 0x00, 0x00, 0x00, 0x00, 0x00, 0x00, 
	0x00, 0x00, 0x00, 0x00, 0x00, 0x00, 0x00, 0x00, 
	0x00, 0x00, 0x00, 0x00, 0x00, 0x00, 0x00, 0x00, 
	0x00, 0x00, 0x00, 0x00, 0x00, 0x00, 0x00, 0x00, 
	0x00, 0x00, 0x00, 0x00, 0x00, 0x00, 0x7f, 0x6f, 
	0x7f, 0x8f, 0xaf, 0xbf, 0xcf, 0xef, 0xef, 0xef, 
	0xef, 0xdf, 0xcf, 0xcf, 0xaf, 0x9f, 0x8f, 0x7f, 
	0x6f, 0x5f, 0x00, 0x00, 0x00, 0x00, 0x00, 0x00, 
	0x00, 0x00, 0x00, 0x00, 0x00, 0x00, 0x00, 0x00, 
	0x00, 0x00, 0x00, 0x00, 0x00, 0x00, 0x00, 0x00, 
	0x00, 0x00, 0x00, 0x00, 0x00, 0x00, 0x00, 0x00, 
	0x00, 0x00, 0x00, 0x00, 0x00, 0x00, 0x00, 0x00, 
	0x00, 0x00, 0x00, 0x00, 0x00, 0x00, 0x7f, 0x7f, 
	0x7f, 0x9f, 0xaf, 0xbf, 0xdf, 0xef, 0xef, 0xef, 
	0xef, 0xdf, 0xcf, 0xbf, 0xaf, 0x9f, 0x8f, 0x7f, 
	0x5f, 0x5f, 0x00, 0x00, 0x00, 0x00, 0x00, 0x00, 
	0x00, 0x00, 0x00, 0x00, 0x00, 0x00, 0x00, 0x00, 
	0x00, 0x00, 0x00, 0x00, 0x00, 0x00, 0x00, 0x00, 
	0x00, 0x00, 0x00, 0x00, 0x00, 0x00, 0x00, 0x00, 
	0x00, 0x00, 0x00, 0x00, 0x00, 0x00, 0x00, 0x00, 
	0x00, 0x00, 0x00, 0x00, 0x00, 0x00, 0x7f, 0x7f, 
	0x7f, 0x9f, 0xaf, 0xbf, 0xdf, 0xef, 0xef, 0xef, 
	0xef, 0xdf, 0xcf, 0xbf, 0xaf, 0x9f, 0x8f, 0x7f, 
	0x5f, 0x5f, 0x00, 0x00, 0x00, 0x00, 0x00, 0x00, 
	0x00, 0x00, 0x00, 0x00, 0x00, 0x00, 0x00, 0x00, 
	0x00, 0x00, 0x00, 0x00, 0x00, 0x00, 0x00, 0x00, 
	0x00, 0x00, 0x00, 0x00, 0x00, 0x00, 0x00, 0x00, 
	0x00, 0x00, 0x00, 0x00, 0x00, 0x00, 0x00, 0x00, 
	0x00, 0x00, 0x00, 0x00, 0x00, 0x00, 0x7f, 0x7f, 
	0x7f, 0x9f, 0xaf, 0xbf, 0xdf, 0xef, 0xef, 0xef, 
	0xef, 0xcf, 0xcf, 0xbf, 0xaf, 0x9f, 0x8f, 0x7f, 
	0x5f, 0x5f, 0x00, 0x00, 0x00, 0x00, 0x00, 0x00, 
	0x00, 0x00, 0x00, 0x00, 0x00, 0x00, 0x00, 0x00, 
	0x00, 0x00, 0x00, 0x00, 0x00, 0x00, 0x00, 0x00, 
	0x00, 0x00, 0x00, 0x00, 0x00, 0x00, 0x00, 0x00, 
	0x00, 0x00, 0x00, 0x00, 0x00, 0x00, 0x00, 0x00, 
	0x00, 0x00, 0x00, 0x00, 0x00, 0x00, 0x7f, 0x7f, 
	0x7f, 0x9f, 0xaf, 0xbf, 0xdf, 0xef, 0xef, 0xef, 
	0xef, 0xcf, 0xcf, 0xbf, 0xaf, 0x9f, 0x8f, 0x7f, 
	0x5f, 0x5f, 0x00, 0x00, 0x00, 0x00, 0x00, 0x00, 
	0x00, 0x00, 0x00, 0x00, 0x00, 0x00, 0x00, 0x00, 
	0x00, 0x00, 0x00, 0x00, 0x00, 0x00, 0x00, 0x00, 
	0x00, 0x00, 0x00, 0x00, 0x00, 0x00, 0x00, 0x00, 
	0x00, 0x00, 0x00, 0x00, 0x00, 0x00, 0x00, 0x00, 
	0x00, 0x00, 0x00, 0x00, 0x00, 0x00, 0x7f, 0x7f, 
	0x8f, 0x9f, 0xaf, 0xbf, 0xdf, 0xef, 0xef, 0xef, 
	0xef, 0xcf, 0xcf, 0xcf, 0xaf, 0x9f, 0x8f, 0x7f, 
	0x5f, 0x5f, 0x00, 0x00, 0x00, 0x00, 0x00, 0x00, 
	0x00, 0x00, 0x00, 0x00, 0x00, 0x00, 0x00, 0x00, 
	0x00, 0x00, 0x00, 0x00, 0x00, 0x00, 0x00, 0x00, 
	0x00, 0x00, 0x00, 0x00, 0x00, 0x00, 0x00, 0x00, 
	0x00, 0x00, 0x00, 0x00, 0x00, 0x00, 0x00, 0x00, 
	0x00, 0x00, 0x00, 0x00, 0x00, 0x00, 0x7f, 0x7f, 
	0x8f, 0x9f, 0xaf, 0xbf, 0xdf, 0xef, 0xef, 0xef, 
	0xef, 0xcf, 0xcf, 0xcf, 0xaf, 0x9f, 0x8f, 0x7f, 
	0x5f, 0x5f, 0x00, 0x00, 0x00, 0x00, 0x00, 0x00, 
	0x00, 0x00, 0x00, 0x00, 0x00, 0x00, 0x00, 0x00, 
	0x00, 0x00, 0x00, 0x00, 0x00, 0x00, 0x00, 0x00, 
	0x00, 0x00, 0x00, 0x00, 0x00, 0x00, 0x00, 0x00, 
	0x00, 0x00, 0x00, 0x00, 0x00, 0x00, 0x00, 0x00, 
	0x00, 0x00, 0x00, 0x00, 0x00, 0x00, 0x7f, 0x7f, 
	0x8f, 0x9f, 0xaf, 0xbf, 0xdf, 0xef, 0xef, 0xef, 
	0xef, 0xcf, 0xcf, 0xcf, 0xaf, 0x9f, 0x8f, 0x7f, 
	0x5f, 0x5f, 0x00, 0x00, 0x00, 0x00, 0x00, 0x00, 
	0x00, 0x00, 0x00, 0x00, 0x00, 0x00, 0x00, 0x00, 
	0x00, 0x00, 0x00, 0x00, 0x00, 0x00, 0x00, 0x00, 
	0x00, 0x00, 0x00, 0x00, 0x00, 0x00, 0x00, 0x00, 
	0x00, 0x00, 0x00, 0x00, 0x00, 0x00, 0x00, 0x00, 
	0x00, 0x00, 0x00, 0x00, 0x00, 0x00, 0x7f, 0x7f, 
	0x8f, 0x9f, 0xaf, 0xbf, 0xdf, 0xef, 0xef, 0xef, 
	0xef, 0xcf, 0xcf, 0xcf, 0xaf, 0x9f, 0x8f, 0x7f, 
	0x5f, 0x5f, 0x00, 0x00, 0x00, 0x00, 0x00, 0x00, 
	0x00, 0x00, 0x00, 0x00, 0x00, 0x00, 0x00, 0x00, 
	0x00, 0x00, 0x00, 0x00, 0x00, 0x00, 0x00, 0x00, 
	0x00, 0x00, 0x00, 0x00, 0x00, 0x00, 0x00, 0x00, 
	0x00, 0x00, 0x00, 0x00, 0x00, 0x00, 0x00, 0x00, 
	0x00, 0x00, 0x00, 0x00, 0x00, 0x00, 0x7f, 0x7f, 
	0x8f, 0xaf, 0xbf, 0xcf, 0xdf, 0xef, 0xff, 0xff, 
	0xef, 0xdf, 0xcf, 0xcf, 0xaf, 0x9f, 0x8f, 0x6f, 
	0x5f, 0x5f, 0x00, 0x00, 0x00, 0x00, 0x00, 0x00, 
	0x00, 0x00, 0x00, 0x00, 0x00, 0x00, 0x00, 0x00, 
	0x00, 0x00, 0x00, 0x00, 0x00, 0x00, 0x00, 0x00, 
	0x00, 0x00, 0x00, 0x00, 0x00, 0x00, 0x00, 0x00, 
	0x00, 0x00, 0x00, 0x00, 0x00, 0x00, 0x00, 0x00, 
	0x00, 0x00, 0x00, 0x00, 0x00, 0x00, 0x7f, 0x7f, 
	0x8f, 0xaf, 0xbf, 0xcf, 0xdf, 0xef, 0xff, 0xff, 
	0xef, 0xdf, 0xcf, 0xcf, 0xaf, 0x9f, 0x8f, 0x6f, 
	0x5f, 0x5f, 0x00, 0x00, 0x00, 0x00, 0x00, 0x00, 
	0x00, 0x00, 0x00, 0x00, 0x00, 0x00, 0x00, 0x00, 
	0x00, 0x00, 0x00, 0x00, 0x00, 0x00, 0x00, 0x00, 
	0x00, 0x00, 0x00, 0x00, 0x00, 0x00, 0x00, 0x00, 
	0x00, 0x00, 0x00, 0x00, 0x00, 0x00, 0x00, 0x00, 
	0x00, 0x00, 0x00, 0x00, 0x00, 0x00, 0x8f, 0x7f, 
	0x8f, 0xaf, 0xbf, 0xcf, 0xdf, 0xef, 0xff, 0xff, 
	0xef, 0xdf, 0xcf, 0xcf, 0xaf, 0x9f, 0x8f, 0x6f, 
	0x5f, 0x5f, 0x00, 0x00, 0x00, 0x00, 0x00, 0x00, 
	0x00, 0x00, 0x00, 0x00, 0x00, 0x00, 0x00, 0x00, 
	0x00, 0x00, 0x00, 0x00, 0x00, 0x00, 0x00, 0x00, 
	0x00, 0x00, 0x00, 0x00, 0x00, 0x00, 0x00, 0x00, 
	0x00, 0x00, 0x00, 0x00, 0x00, 0x00, 0x00, 0x00, 
	0x00, 0x00, 0x00, 0x00, 0x00, 0x00, 0x8f, 0x7f, 
	0x8f, 0xaf, 0xbf, 0xcf, 0xdf, 0xef, 0xff, 0xff, 
	0xef, 0xdf, 0xcf, 0xcf, 0xaf, 0x9f, 0x8f, 0x6f, 
	0x5f, 0x5f, 0x00, 0x00, 0x00, 0x00, 0x00, 0x00, 
	0x00, 0x00, 0x00, 0x00, 0x00, 0x00, 0x00, 0x00, 
	0x00, 0x00, 0x00, 0x00, 0x00, 0x00, 0x00, 0x00, 
	0x00, 0x00, 0x00, 0x00, 0x00, 0x00, 0x00, 0x00, 
	0x00, 0x00, 0x00, 0x00, 0x00, 0x00, 0x00, 0x00, 
	0x00, 0x00, 0x00, 0x00, 0x00, 0x00, 0x8f, 0x8f, 
	0x9f, 0xaf, 0xbf, 0xcf, 0xcf, 0xef, 0xff, 0xff, 
	0xef, 0xdf, 0xcf, 0xcf, 0xbf, 0x9f, 0x8f, 0x7f, 
	0x5f, 0x5f, 0x00, 0x00, 0x00, 0x00, 0x00, 0x00, 
	0x00, 0x00, 0x00, 0x00, 0x00, 0x00, 0x00, 0x00, 
	0x00, 0x00, 0x00, 0x00, 0x00, 0x00, 0x00, 0x00, 
	0x00, 0x00, 0x00, 0x00, 0x00, 0x00, 0x00, 0x00, 
	0x00, 0x00, 0x00, 0x00, 0x00, 0x00, 0x00, 0x00, 
	0x00, 0x00, 0x00, 0x00, 0x00, 0x00, 0x8f, 0x8f, 
	0x9f, 0xaf, 0xbf, 0xcf, 0xcf, 0xef, 0xff, 0xff, 
	0xef, 0xdf, 0xcf, 0xcf, 0xbf, 0x9f, 0x8f, 0x7f, 
	0x5f, 0x5f, 0x00, 0x00, 0x00, 0x00, 0x00, 0x00, 
	0x00, 0x00, 0x00, 0x00, 0x00, 0x00, 0x00, 0x00, 
	0x00, 0x00, 0x00, 0x00, 0x00, 0x00, 0x00, 0x00, 
	0x00, 0x00, 0x00, 0x00, 0x00, 0x00, 0x00, 0x00, 
	0x00, 0x00, 0x00, 0x00, 0x00, 0x00, 0x00, 0x00, 
	0x00, 0x00, 0x00, 0x00, 0x00, 0x00, 0x8f, 0x8f, 
	0x9f, 0xaf, 0xbf, 0xcf, 0xcf, 0xef, 0xff, 0xff, 
	0xef, 0xdf, 0xcf, 0xcf, 0xbf, 0x9f, 0x8f, 0x7f, 
	0x5f, 0x5f, 0x00, 0x00, 0x00, 0x00, 0x00, 0x00, 
	0x00, 0x00, 0x00, 0x00, 0x00, 0x00, 0x00, 0x00, 
	0x00, 0x00, 0x00, 0x00, 0x00, 0x00, 0x00, 0x00, 
	0x00, 0x00, 0x00, 0x00, 0x00, 0x00, 0x00, 0x00, 
	0x00, 0x00, 0x00, 0x00, 0x00, 0x00, 0x00, 0x00, 
	0x00, 0x00, 0x00, 0x00, 0x00, 0x00, 0x8f, 0x8f, 
	0x9f, 0xaf, 0xbf, 0xcf, 0xcf, 0xef, 0xff, 0xff, 
	0xef, 0xdf, 0xcf, 0xcf, 0xbf, 0x9f, 0x8f, 0x7f, 
	0x5f, 0x5f, 0x00, 0x00, 0x00, 0x00, 0x00, 0x00, 
	0x00, 0x00, 0x00, 0x00, 0x00, 0x00, 0x00, 0x00, 
	0x00, 0x00, 0x00, 0x00, 0x00, 0x00, 0x00, 0x00, 
	0x00, 0x00, 0x00, 0x00, 0x00, 0x00, 0x00, 0x00, 
	0x00, 0x00, 0x00, 0x00, 0x00, 0x00, 0x00, 0x00, 
	0x00, 0x00, 0x00, 0x00, 0x00, 0x00, 0x8f, 0x8f, 
	0x9f, 0xaf, 0xbf, 0xcf, 0xdf, 0xdf, 0xff, 0xff, 
	0xef, 0xdf, 0xcf, 0xcf, 0xaf, 0x9f, 0x8f, 0x6f, 
	0x5f, 0x5f, 0x00, 0x00, 0x00, 0x00, 0x00, 0x00, 
	0x00, 0x00, 0x00, 0x00, 0x00, 0x00, 0x00, 0x00, 
	0x00, 0x00, 0x00, 0x00, 0x00, 0x00, 0x00, 0x00, 
	0x00, 0x00, 0x00, 0x00, 0x00, 0x00, 0x00, 0x00, 
	0x00, 0x00, 0x00, 0x00, 0x00, 0x00, 0x00, 0x00, 
	0x00, 0x00, 0x00, 0x00, 0x00, 0x00, 0x8f, 0x8f, 
	0x9f, 0xaf, 0xbf, 0xcf, 0xdf, 0xdf, 0xff, 0xff, 
	0xef, 0xdf, 0xcf, 0xcf, 0xaf, 0x9f, 0x8f, 0x6f, 
	0x5f, 0x5f, 0x00, 0x00, 0x00, 0x00, 0x00, 0x00, 
	0x00, 0x00, 0x00, 0x00, 0x00, 0x00, 0x00, 0x00, 
	0x00, 0x00, 0x00, 0x00, 0x00, 0x00, 0x00, 0x00, 
	0x00, 0x00, 0x00, 0x00, 0x00, 0x00, 0x00, 0x00, 
	0x00, 0x00, 0x00, 0x00, 0x00, 0x00, 0x00, 0x00, 
	0x00, 0x00, 0x00, 0x00, 0x00, 0x00, 0x8f, 0x8f, 
	0x9f, 0xaf, 0xbf, 0xcf, 0xdf, 0xdf, 0xff, 0xff, 
	0xef, 0xdf, 0xcf, 0xcf, 0xaf, 0x9f, 0x8f, 0x6f, 
	0x5f, 0x5f, 0x00, 0x00, 0x00, 0x00, 0x00, 0x00, 
	0x00, 0x00, 0x00, 0x00, 0x00, 0x00, 0x00, 0x00, 
	0x00, 0x00, 0x00, 0x00, 0x00, 0x00, 0x00, 0x00, 
	0x00, 0x00, 0x00, 0x00, 0x00, 0x00, 0x00, 0x00, 
	0x00, 0x00, 0x00, 0x00, 0x00, 0x00, 0x00, 0x00, 
	0x00, 0x00, 0x00, 0x00, 0x00, 0x00, 0x8f, 0x8f, 
	0x9f, 0xaf, 0xbf, 0xcf, 0xdf, 0xdf, 0xff, 0xff, 
	0xef, 0xdf, 0xcf, 0xcf, 0xaf, 0x9f, 0x8f, 0x6f, 
	0x5f, 0x5f, 0x00, 0x00, 0x00, 0x00, 0x00, 0x00, 
	0x00, 0x00, 0x00, 0x00, 0x00, 0x00, 0x00, 0x00, 
	0x00, 0x00, 0x00, 0x00, 0x00, 0x00, 0x00, 0x00, 
	
};

Gfx jrb_dl_temple_terre_laclave_txy_CI_ci4_aligner[] = {gsSPEndDisplayList()};
u8 jrb_dl_temple_terre_laclave_txy_CI_ci4[] = {
	0x01, 0x22, 0x34, 0x50, 0x44, 0x66, 0x67, 0x77, 
	0x66, 0x34, 0x67, 0x66, 0x66, 0x61, 0x46, 0x44, 
	0x44, 0x44, 0x44, 0x44, 0x44, 0x44, 0x44, 0x48, 
	0x02, 0x99, 0x99, 0x22, 0x20, 0x10, 0x20, 0xa5, 
	0x1b, 0xb6, 0x66, 0x6b, 0x13, 0x46, 0x66, 0x67, 
	0xcc, 0xc3, 0x33, 0x66, 0x66, 0x66, 0x44, 0x46, 
	0x44, 0x44, 0x44, 0x44, 0xb4, 0x44, 0x44, 0x48, 
	0x29, 0x99, 0x99, 0xdd, 0x0a, 0x59, 0xdd, 0xd1, 
	0x44, 0x66, 0x77, 0x66, 0x76, 0x7b, 0x66, 0x66, 
	0x67, 0x37, 0x66, 0x66, 0x66, 0x6b, 0x44, 0x46, 
	0x76, 0x64, 0x44, 0x44, 0x10, 0x51, 0xb8, 0x1d, 
	0x9e, 0xe9, 0x99, 0x99, 0x22, 0x21, 0x44, 0x44, 
	0x66, 0x66, 0x66, 0x76, 0x77, 0x4b, 0xaa, 0x46, 
	0x66, 0x73, 0x76, 0x66, 0x46, 0x45, 0x46, 0x67, 
	0x64, 0x44, 0x44, 0x77, 0x48, 0x0d, 0x15, 0x99, 
	0xee, 0xe9, 0x99, 0x99, 0x95, 0xbb, 0xbb, 0x44, 
	0x66, 0x66, 0x3c, 0xcc, 0xc7, 0x73, 0xba, 0xa4, 
	0x66, 0x67, 0x66, 0x64, 0x46, 0x4b, 0x66, 0x76, 
	0x44, 0x44, 0x46, 0x44, 0x44, 0x59, 0x99, 0x9d, 
	0xd9, 0x99, 0xee, 0x92, 0x5b, 0x51, 0x46, 0x66, 
	0x64, 0x43, 0xcc, 0xcc, 0xc7, 0x46, 0xbb, 0x0b, 
	0x64, 0x66, 0x66, 0x4b, 0x46, 0xb6, 0x66, 0x66, 
	0x66, 0x44, 0x44, 0x44, 0x0d, 0xd0, 0x0a, 0x2d, 
	0x29, 0x9e, 0xed, 0x00, 0x01, 0x16, 0x64, 0xb4, 
	0x64, 0x33, 0x77, 0x77, 0xcc, 0x66, 0x4b, 0x21, 
	0x68, 0x14, 0x44, 0x44, 0x66, 0x66, 0x66, 0x64, 
	0x46, 0x44, 0x41, 0x02, 0xdd, 0x20, 0x11, 0xad, 
	0xd9, 0x9e, 0x22, 0x0a, 0xa1, 0x46, 0x6b, 0x66, 
	0x66, 0x37, 0x77, 0x77, 0x7c, 0x66, 0x41, 0x50, 
	0xb0, 0x11, 0x13, 0x84, 0x44, 0x66, 0x66, 0x64, 
	0x46, 0x66, 0x40, 0x25, 0x50, 0xa5, 0x1a, 0x0d, 
	0xd9, 0x9e, 0x52, 0xb4, 0x4b, 0x46, 0xbb, 0x66, 
	0x47, 0x37, 0x67, 0x77, 0x7c, 0x76, 0x43, 0xb5, 
	0xd1, 0x88, 0x18, 0x88, 0x44, 0x46, 0x46, 0x64, 
	0x44, 0x84, 0x4b, 0x02, 0x52, 0x5b, 0xba, 0xdd, 
	0x29, 0x99, 0x25, 0xb6, 0x66, 0x64, 0xb6, 0x64, 
	0x46, 0x37, 0x66, 0x77, 0x77, 0x66, 0x43, 0x0a, 
	0xd5, 0xaa, 0xaa, 0x1b, 0xbb, 0x44, 0x3b, 0x46, 
	0x44, 0xb1, 0x11, 0x52, 0x25, 0x14, 0x66, 0x05, 
	0xad, 0x99, 0x55, 0xb4, 0xb3, 0x44, 0x36, 0x63, 
	0x66, 0x77, 0x66, 0x76, 0x77, 0x67, 0x74, 0x31, 
	0x52, 0xdd, 0xd9, 0xa1, 0x11, 0x44, 0x14, 0x44, 
	0xb4, 0xb4, 0xba, 0x05, 0x11, 0xb6, 0x6b, 0x00, 
	0xad, 0x29, 0x92, 0x11, 0x44, 0x6a, 0xb6, 0x63, 
	0x66, 0x67, 0x66, 0x66, 0x7c, 0x67, 0x74, 0x8a, 
	0x02, 0x29, 0x9d, 0x51, 0x11, 0x4b, 0xa4, 0xb4, 
	0xb1, 0xb1, 0x51, 0xb0, 0xa4, 0x4b, 0x61, 0x0b, 
	0x52, 0xa2, 0x25, 0x04, 0x66, 0x40, 0xb4, 0x43, 
	0x46, 0x66, 0x66, 0x66, 0x77, 0x66, 0x73, 0x1a, 
	0x0f, 0xfe, 0x9f, 0x5a, 0x1a, 0xbb, 0xa1, 0xbb, 
	0xaa, 0xb1, 0x52, 0xa4, 0x44, 0x64, 0x46, 0x81, 
	0x20, 0x00, 0x2b, 0xab, 0x44, 0x02, 0xb4, 0x44, 
	0x66, 0x66, 0x66, 0x67, 0x77, 0x64, 0x43, 0x10, 
	0x0f, 0xfe, 0x92, 0x55, 0x00, 0x51, 0x10, 0x5a, 
	0x52, 0x00, 0x5b, 0xb6, 0x66, 0x64, 0x64, 0xb1, 
	0x10, 0x55, 0x2a, 0xa0, 0x14, 0x52, 0x11, 0xb3, 
	0x66, 0x66, 0x66, 0x63, 0x74, 0x44, 0x48, 0xa0, 
	0x0f, 0x2e, 0xef, 0xd2, 0x05, 0x20, 0x15, 0x22, 
	0x22, 0x20, 0xb4, 0x47, 0x66, 0x66, 0x64, 0x61, 
	0x10, 0x00, 0xf0, 0xbb, 0x0b, 0x5d, 0x01, 0xb4, 
	0x66, 0x66, 0x66, 0x44, 0x34, 0x44, 0x4a, 0x00, 
	0xf2, 0xde, 0xed, 0x02, 0x2d, 0xd2, 0x52, 0xdd, 
	0x25, 0x50, 0xb4, 0x67, 0x66, 0x66, 0x64, 0x4b, 
	0x15, 0x02, 0x25, 0x0a, 0xa5, 0xdd, 0x20, 0x16, 
	0x66, 0x66, 0x66, 0x64, 0x4b, 0x4b, 0x15, 0x00, 
	0xff, 0xde, 0x9d, 0x0e, 0x99, 0x9d, 0x22, 0x2d, 
	0x20, 0xa1, 0xb4, 0x67, 0x66, 0x66, 0x44, 0x4b, 
	0xa5, 0x2d, 0x55, 0x22, 0xad, 0x51, 0x1b, 0x46, 
	0x66, 0x66, 0x66, 0x64, 0x4b, 0xbb, 0x1a, 0x55, 
	0x5f, 0xd9, 0x99, 0x99, 0x9d, 0xdd, 0x9d, 0xd2, 
	0xa1, 0xab, 0x46, 0x66, 0x66, 0x66, 0x44, 0xbb, 
	0x05, 0xd9, 0x55, 0x22, 0x50, 0x3b, 0xb4, 0x46, 
	0x66, 0x66, 0x66, 0x64, 0x4b, 0x55, 0x00, 0x2d, 
	0xdd, 0xe9, 0x99, 0xdd, 0x25, 0x0a, 0x05, 0x50, 
	0xbb, 0xb4, 0x44, 0x66, 0x66, 0x64, 0x84, 0xbb, 
	0xa2, 0xd9, 0x22, 0x0d, 0x20, 0x4b, 0x46, 0x76, 
	0x66, 0x66, 0x66, 0x64, 0x4b, 0x05, 0x5d, 0xd2, 
	0x99, 0xe2, 0x92, 0x50, 0xaa, 0xa1, 0xab, 0xbb, 
	0x44, 0x44, 0x44, 0x66, 0x66, 0x63, 0x4b, 0x1b, 
	0x5d, 0x99, 0x9d, 0xd2, 0x51, 0x6b, 0x66, 0x36, 
	0x66, 0x76, 0x66, 0x66, 0x4b, 0x4b, 0xa5, 0x29, 
	0xee, 0x22, 0x25, 0x05, 0x00, 0xb4, 0xb4, 0x46, 
	0x66, 0x66, 0x66, 0x66, 0x77, 0x44, 0xb1, 0x15, 
	0xd5, 0xd9, 0xdd, 0xdb, 0xa1, 0x44, 0x66, 0x76, 
	0x66, 0x76, 0x66, 0x66, 0x41, 0xba, 0x05, 0x59, 
	0xed, 0x25, 0x00, 0x50, 0x1b, 0xb4, 0x46, 0x66, 
	0x66, 0x66, 0x66, 0x66, 0x76, 0x64, 0xbb, 0x02, 
	0x0a, 0xd2, 0x00, 0x0a, 0x1b, 0x4b, 0x66, 0x66, 
	0x76, 0x64, 0x66, 0x66, 0x6b, 0x1b, 0x05, 0x29, 
	0x92, 0x50, 0x10, 0x1b, 0x44, 0xb4, 0x44, 0x66, 
	0x66, 0x66, 0x66, 0x66, 0x66, 0x64, 0xa0, 0x2a, 
	0x12, 0x2a, 0x01, 0xb1, 0xbb, 0x44, 0x66, 0x66, 
	0x67, 0x66, 0x46, 0x64, 0x4b, 0xb1, 0x52, 0x99, 
	0x92, 0x01, 0x04, 0x44, 0xb4, 0x37, 0x76, 0x66, 
	0x66, 0x66, 0x66, 0x66, 0x66, 0xb1, 0x55, 0xd5, 
	0x05, 0xa1, 0x10, 0xb4, 0x24, 0x66, 0x46, 0x66, 
	0x67, 0x66, 0x66, 0x64, 0xbb, 0x10, 0x2d, 0x5d, 
	0x92, 0xb4, 0x16, 0x44, 0xb4, 0x76, 0x66, 0x66, 
	0x66, 0x66, 0x66, 0x66, 0x64, 0xb1, 0x15, 0x92, 
	0xb4, 0xba, 0x01, 0xb4, 0xb4, 0x66, 0x44, 0x66, 
	0x67, 0x76, 0x66, 0x43, 0xb1, 0xa5, 0x25, 0x0d, 
	0xd0, 0xb4, 0x16, 0x66, 0x46, 0x67, 0x77, 0x76, 
	0x67, 0x76, 0x66, 0x64, 0x41, 0xb5, 0xd2, 0x24, 
	0x44, 0xb8, 0x44, 0x46, 0x64, 0x46, 0x66, 0x66, 
	0x66, 0xc7, 0x66, 0x64, 0xb1, 0x00, 0x05, 0x22, 
	0xab, 0x48, 0xb6, 0x66, 0x66, 0x7c, 0xc7, 0x63, 
	0x36, 0x66, 0x66, 0x6b, 0xbb, 0xdd, 0x51, 0xb6, 
	0x43, 0x44, 0x46, 0x66, 0x66, 0x44, 0x66, 0x66, 
	0x66, 0x67, 0x76, 0x64, 0x3b, 0x1a, 0xa0, 0x92, 
	0xa1, 0x44, 0x86, 0x66, 0x76, 0x7c, 0xc7, 0x33, 
	0x76, 0x66, 0x66, 0x68, 0xab, 0x22, 0x0a, 0x64, 
	0x36, 0x66, 0x66, 0x67, 0x76, 0x66, 0x46, 0x66, 
	0x66, 0x66, 0x66, 0x66, 0x64, 0x4b, 0x1a, 0xd2, 
	0xba, 0x44, 0x66, 0x76, 0x66, 0x6c, 0x77, 0xc3, 
	0x33, 0x66, 0x66, 0x44, 0xba, 0xda, 0x5a, 0x43, 
	0x76, 0x76, 0x66, 0x77, 0x77, 0x66, 0x66, 0x66, 
	0x66, 0x66, 0x68, 0x66, 0x66, 0x44, 0x01, 0xbd, 
	0x5b, 0xb4, 0x66, 0x66, 0x77, 0x67, 0x77, 0xc7, 
	0x36, 0x64, 0x64, 0xa1, 0x00, 0x25, 0x14, 0x83, 
	0x67, 0x77, 0x77, 0x7c, 0x77, 0x77, 0x66, 0x66, 
	0x66, 0x6b, 0x44, 0x66, 0x64, 0xbb, 0xbb, 0x1a, 
	0xd5, 0x46, 0x66, 0x67, 0xc7, 0x7c, 0x77, 0xc3, 
	0x36, 0x46, 0x64, 0xb1, 0x00, 0x22, 0xbb, 0xcc, 
	0x7c, 0xcc, 0x77, 0x7c, 0xc7, 0x73, 0x66, 0x66, 
	0x6a, 0xa1, 0x44, 0x46, 0x64, 0x44, 0xb4, 0x41, 
	0xa5, 0xb4, 0x67, 0x67, 0x77, 0x7c, 0x7c, 0xc3, 
	0x77, 0x66, 0x6b, 0x41, 0x4b, 0xab, 0x1b, 0xc7, 
	0xcc, 0xc7, 0x77, 0x77, 0x77, 0x73, 0x76, 0x66, 
	0x62, 0x2d, 0x51, 0x66, 0x66, 0x66, 0x44, 0x41, 
	0xbb, 0x56, 0x67, 0x67, 0x67, 0xcc, 0x7c, 0x33, 
	0x76, 0x66, 0x44, 0x44, 0x44, 0x31, 0xa4, 0x37, 
	0xcc, 0x77, 0x77, 0x7c, 0xc7, 0x7c, 0x46, 0x66, 
	0x4d, 0x25, 0x66, 0x66, 0x66, 0x66, 0x4b, 0xab, 
	0x1b, 0x46, 0x66, 0x66, 0x77, 0x77, 0xc3, 0x37, 
	0x66, 0x64, 0x6b, 0x4b, 0x44, 0x3b, 0x16, 0x33, 
	0x37, 0x3c, 0xc7, 0x7c, 0xc7, 0x7c, 0x46, 0x66, 
	0x5d, 0xab, 0x66, 0x46, 0x66, 0x44, 0x4a, 0x50, 
	0xa4, 0x46, 0x46, 0x66, 0x66, 0x38, 0x37, 0x37, 
	0x66, 0x66, 0xb1, 0xa1, 0x44, 0x34, 0x66, 0x33, 
	0x77, 0x33, 0x77, 0x66, 0x66, 0x7c, 0x66, 0x66, 
	0x50, 0x66, 0x66, 0x46, 0x66, 0x6b, 0xa5, 0x5d, 
	0xa4, 0x46, 0x66, 0x66, 0x67, 0x36, 0x67, 0x76, 
	0x66, 0x64, 0x14, 0xd1, 0xb4, 0x44, 0x66, 0x36, 
	0x66, 0x66, 0x66, 0x66, 0x66, 0x7c, 0x66, 0x68, 
	0x66, 0x66, 0x66, 0x76, 0x66, 0x6b, 0x15, 0x55, 
	0x14, 0x46, 0x66, 0x66, 0x66, 0x66, 0x66, 0x66, 
	0x66, 0x64, 0x1d, 0x9b, 0xb1, 0x47, 0x66, 0x66, 
	0x66, 0x66, 0x66, 0x66, 0x67, 0x33, 0x66, 0x64, 
	0x6b, 0x46, 0x66, 0x76, 0x66, 0x64, 0xbb, 0x05, 
	0x54, 0xb4, 0x46, 0x66, 0x66, 0x77, 0x64, 0x46, 
	0x66, 0x4a, 0xb4, 0x5b, 0x44, 0x66, 0x66, 0x66, 
	0x66, 0x66, 0x66, 0x66, 0x76, 0x36, 0x64, 0x64, 
	0xb4, 0x66, 0x67, 0x76, 0x66, 0x66, 0xb4, 0x15, 
	0x2a, 0x4b, 0x44, 0x44, 0x66, 0x3a, 0xa1, 0x46, 
	0x44, 0xb4, 0x46, 0x14, 0x44, 0x76, 0x66, 0x66, 
	0x66, 0x66, 0x66, 0x66, 0x67, 0x66, 0x66, 0x68, 
	0x66, 0x66, 0x63, 0x76, 0x66, 0x66, 0x44, 0x41, 
	0x52, 0xbb, 0x11, 0xb3, 0x4b, 0xb4, 0x1b, 0x46, 
	0x44, 0xb6, 0x46, 0x64, 0x46, 0x66, 0x66, 0x66, 
	0x66, 0x66, 0x66, 0x66, 0x67, 0x64, 0x46, 0xb1, 
	0x66, 0x63, 0x6c, 0x77, 0x66, 0x66, 0x46, 0x41, 
	0x29, 0x51, 0x0a, 0x1b, 0x44, 0x4a, 0x0a, 0x66, 
	0x66, 0x66, 0x43, 0x66, 0x67, 0x76, 0x66, 0x66, 
	0x66, 0x66, 0x66, 0x66, 0x66, 0x64, 0x36, 0x14, 
	0x66, 0x6c, 0x77, 0xc7, 0x77, 0x76, 0x66, 0x44, 
	0x0d, 0x25, 0x00, 0x01, 0xbb, 0x63, 0x16, 0x46, 
	0x46, 0x46, 0x66, 0x37, 0x77, 0x66, 0x66, 0x66, 
	0x66, 0x66, 0x66, 0x66, 0x66, 0x71, 0x44, 0x44, 
	0x67, 0x6c, 0xc7, 0x77, 0x77, 0x77, 0x66, 0x44, 
	0xb0, 0x5d, 0xd2, 0x01, 0x00, 0xa5, 0xaa, 0xa6, 
	0x36, 0x34, 0x66, 0x66, 0x66, 0x66, 0x66, 0x66, 
	0x66, 0x66, 0x66, 0x66, 0x67, 0x1b, 0x34, 0xbb, 
	0x67, 0x67, 0xc7, 0x67, 0x77, 0x33, 0x66, 0x64, 
	0x1a, 0x02, 0x2f, 0xaa, 0x5b, 0x09, 0x52, 0x5b, 
	0x46, 0x68, 0x37, 0x77, 0x77, 0x66, 0x66, 0x66, 
	0x66, 0x66, 0x66, 0x66, 0x64, 0x47, 0xb6, 0x11, 
	0x44, 0x66, 0x7c, 0x77, 0x77, 0x38, 0x66, 0x64, 
	0xb1, 0xa5, 0x2f, 0xd2, 0xd2, 0x99, 0xd5, 0x20, 
	0xb4, 0x63, 0xbc, 0xcc, 0x33, 0x34, 0x46, 0x46, 
	0x66, 0x66, 0x66, 0x66, 0x46, 0x73, 0x40, 0xb1, 
	0xbb, 0x66, 0x67, 0x77, 0x76, 0x18, 0x66, 0x64, 
	0x48, 0x5f, 0xdf, 0xff, 0x99, 0x99, 0x92, 0x10, 
	0xab, 0x66, 0x66, 0x64, 0x44, 0x4b, 0xb4, 0x44, 
	0x66, 0x66, 0x66, 0x66, 0x77, 0x74, 0x45, 0xba, 
	0x1b, 0x46, 0x66, 0x66, 0x61, 0x18, 0x66, 0x44, 
	0x38, 0xaa, 0x9d, 0xfd, 0x9d, 0x20, 0xdd, 0x5b, 
	0xa4, 0x46, 0x66, 0x64, 0x4b, 0xba, 0xbb, 0x44, 
	0x33, 0x77, 0x73, 0x3c, 0x74, 0x44, 0x00, 0x08, 
	0x11, 0x44, 0x66, 0x63, 0x84, 0x48, 0x64, 0x44, 
	0x3a, 0xaa, 0xe9, 0x9d, 0xd2, 0x20, 0xd1, 0x3a, 
	0x11, 0xb6, 0x43, 0xbb, 0xb1, 0x52, 0x11, 0xb3, 
	0x41, 0x37, 0x77, 0x66, 0x44, 0x6b, 0x52, 0x11, 
	0x01, 0x34, 0x66, 0x66, 0x66, 0x84, 0x63, 0x44, 
	0x8a, 0x1f, 0x99, 0x92, 0x25, 0xa0, 0x84, 0x4b, 
	0x1a, 0x1b, 0xb1, 0x11, 0xb0, 0xd2, 0x0a, 0xbb, 
	0x43, 0x18, 0x37, 0x77, 0x76, 0x41, 0x02, 0x20, 
	0x51, 0x84, 0x46, 0x73, 0x33, 0x46, 0x44, 0x44, 
	0x88, 0x8f, 0x99, 0xd5, 0x21, 0xbb, 0x44, 0x66, 
	0x4a, 0x00, 0x0a, 0xa0, 0x52, 0x02, 0xa5, 0x1b, 
	0xb6, 0x66, 0x64, 0x66, 0x44, 0x3b, 0xa5, 0xd2, 
	0xd1, 0x84, 0x44, 0x64, 0x66, 0x66, 0x44, 0x44, 
	0x88, 0x12, 0x9d, 0x50, 0x10, 0xb4, 0x46, 0x66, 
	0x4b, 0x02, 0x25, 0x52, 0xd2, 0x05, 0x0a, 0xbb, 
	0xbb, 0x34, 0x44, 0x44, 0x44, 0xbb, 0xa0, 0x5d, 
	0x91, 0xb4, 0xb4, 0x46, 0x66, 0x44, 0x44, 0x4b, 
	0x88, 0x59, 0x9d, 0x01, 0xab, 0x44, 0x43, 0x46, 
	0x7b, 0x42, 0x9d, 0xd9, 0x5d, 0x52, 0x22, 0x05, 
	0xb4, 0xa1, 0x44, 0x44, 0x8b, 0xb1, 0xa0, 0x0d, 
	0xd2, 0x1b, 0x44, 0xb4, 0x48, 0xbb, 0xb4, 0x64, 
	0xa2, 0x22, 0xd2, 0xa1, 0x14, 0x44, 0x44, 0xbb, 
	0x6b, 0x6a, 0x22, 0x29, 0x99, 0x2d, 0x05, 0x5a, 
	0x1b, 0x43, 0x34, 0x43, 0x83, 0x10, 0x05, 0x5d, 
	0x55, 0x21, 0xb4, 0xba, 0xab, 0xbb, 0x66, 0x4a, 
	0xa0, 0x22, 0x52, 0x11, 0xb4, 0x44, 0xbb, 0x46, 
	0x86, 0x64, 0xb1, 0xa5, 0x2d, 0x9d, 0xdd, 0x5a, 
	0x1b, 0xb1, 0x1b, 0xbb, 0xba, 0xa0, 0xa5, 0x22, 
	0x00, 0x5a, 0x01, 0x44, 0xbb, 0x46, 0x66, 0x4b, 
	0xab, 0x1a, 0xb5, 0x5a, 0xb4, 0x4b, 0xbb, 0x46, 
	0x66, 0x64, 0xbb, 0x41, 0x0d, 0x9d, 0x50, 0x00, 
	0x11, 0x0a, 0xb1, 0x1b, 0x11, 0xba, 0xa2, 0x50, 
	0x11, 0xa2, 0x50, 0x00, 0xab, 0xb6, 0x66, 0x4b, 
	0x44, 0x44, 0x40, 0x51, 0xbb, 0x1b, 0x66, 0x43, 
	0x66, 0x66, 0x4b, 0xb4, 0x0d, 0xd2, 0xab, 0xbb, 
	0x11, 0x2a, 0x05, 0x01, 0x1a, 0x55, 0xa0, 0x01, 
	0x3b, 0xaa, 0x2d, 0x50, 0x0b, 0x66, 0x18, 0xb4, 
	0x46, 0x64, 0x3b, 0x1a, 0x1b, 0x36, 0x66, 0x63, 
	0x46, 0x66, 0x66, 0x14, 0x02, 0xa4, 0xbb, 0xb3, 
	0x3b, 0x20, 0x55, 0x00, 0x50, 0x50, 0xa1, 0xbb, 
	0x41, 0x11, 0xb5, 0x99, 0x2b, 0xb0, 0xa6, 0x44, 
	0x66, 0x66, 0x44, 0xab, 0xb3, 0x46, 0x46, 0x63, 
	0x44, 0x46, 0x64, 0x13, 0x20, 0x44, 0x44, 0x4b, 
	0xbb, 0x02, 0xd2, 0x05, 0x20, 0xa0, 0x51, 0xb4, 
	0x44, 0xb0, 0x1a, 0x99, 0x55, 0x5b, 0x66, 0x66, 
	0x46, 0x66, 0x64, 0xb4, 0x34, 0x66, 0xb6, 0x68, 
	0x44, 0x46, 0x63, 0xb1, 0x55, 0x44, 0x66, 0x4b, 
	0x11, 0x00, 0x2d, 0x55, 0x5a, 0x1b, 0x1b, 0x44, 
	0xb4, 0xb1, 0x00, 0x95, 0xaa, 0x44, 0x66, 0x64, 
	0x16, 0x66, 0x64, 0x43, 0x44, 0x6b, 0xb6, 0x44, 
	0x64, 0x66, 0x6b, 0x14, 0x4a, 0xb4, 0x46, 0x43, 
	0x1a, 0x50, 0x5d, 0xd2, 0x05, 0xab, 0xb4, 0xba, 
	0x0b, 0xba, 0x05, 0xd5, 0x0b, 0x46, 0x66, 0x64, 
	0x46, 0x66, 0x66, 0x66, 0x44, 0x40, 0x44, 0x44, 
	0x66, 0x46, 0x4b, 0xb4, 0x44, 0x14, 0x48, 0x33, 
	0x10, 0x50, 0x22, 0xda, 0xb4, 0x4b, 0xbb, 0x15, 
	0x55, 0x05, 0x5d, 0x21, 0xab, 0x66, 0x66, 0x67, 
	0x36, 0x66, 0x66, 0x66, 0x44, 0x15, 0x66, 0x44, 
	0x66, 0x46, 0x34, 0x44, 0x44, 0x44, 0x63, 0xa8, 
	0xa5, 0x22, 0xdd, 0xd0, 0x14, 0x44, 0x44, 0xba, 
	0x22, 0x22, 0x59, 0x5a, 0xab, 0x66, 0x66, 0x66, 
	0x76, 0x66, 0x46, 0x66, 0x46, 0x50, 0x66, 0x64, 
	0x46, 0x64, 0x44, 0x44, 0x44, 0x44, 0x43, 0x8a, 
	0xaa, 0xa5, 0x99, 0x25, 0x5b, 0x4b, 0xaa, 0xba, 
	0x25, 0x22, 0xd2, 0x54, 0xb4, 0x66, 0x67, 0x66, 
	0x63, 0x33, 0x36, 0x66, 0x66, 0x55, 0x46, 0x44, 
	0x44, 0x44, 0x44, 0x44, 0x44, 0x44, 0x44, 0x81, 
	0xa0, 0xf9, 0x9d, 0x55, 0x25, 0x0a, 0x55, 0x10, 
	
};

Gfx jrb_dl_temple_terre_laclave_txy_CI_ci4_pal_rgba16_aligner[] = {gsSPEndDisplayList()};
u8 jrb_dl_temple_terre_laclave_txy_CI_ci4_pal_rgba16[] = {
	0x80, 0x83, 0x58, 0x83, 0xb8, 0xc1, 0x40, 0xc7, 
	0x30, 0x45, 0x98, 0x81, 0x20, 0x85, 0x31, 0x09, 
	0x48, 0xc3, 0xf9, 0xc1, 0x68, 0xc3, 0x48, 0x83, 
	0x51, 0x4b, 0xd8, 0xc1, 0xfb, 0x81, 0xa1, 0x83, 
	
};

Gfx jrb_dl_rock_ci4_aligner[] = {gsSPEndDisplayList()};
u8 jrb_dl_rock_ci4[] = {
	0x00, 0x12, 0x22, 0x21, 0x11, 0x34, 0x45, 0x66, 
	0x77, 0x77, 0x88, 0x11, 0x00, 0x00, 0x00, 0x12, 
	0x23, 0x22, 0x11, 0x11, 0x28, 0x44, 0x69, 0x99, 
	0x38, 0x88, 0x88, 0x55, 0x99, 0x20, 0x00, 0x00, 
	0x01, 0x12, 0x22, 0xa2, 0x13, 0x64, 0x44, 0x56, 
	0x77, 0x88, 0x88, 0xa1, 0x00, 0x00, 0x01, 0x22, 
	0x33, 0x72, 0x11, 0x1a, 0x88, 0x54, 0x55, 0x66, 
	0x88, 0x88, 0x88, 0x85, 0x59, 0x20, 0x00, 0x00, 
	0x01, 0x12, 0x22, 0xaa, 0x13, 0x64, 0xbb, 0x45, 
	0x88, 0x55, 0x88, 0x81, 0x00, 0x00, 0x02, 0x22, 
	0x77, 0x77, 0x33, 0xa3, 0x55, 0x44, 0x44, 0x46, 
	0x88, 0x58, 0x88, 0x85, 0x59, 0x22, 0x00, 0x00, 
	0x01, 0x11, 0x2a, 0xaa, 0x16, 0x44, 0xbb, 0xbb, 
	0xc5, 0x55, 0x88, 0x89, 0x10, 0x00, 0x12, 0x22, 
	0x77, 0x77, 0x88, 0x38, 0x44, 0x44, 0x44, 0x44, 
	0x55, 0x58, 0x88, 0x88, 0x55, 0x92, 0x10, 0x00, 
	0x01, 0x1d, 0xaa, 0xaa, 0x95, 0x44, 0x44, 0x44, 
	0x4c, 0x55, 0xee, 0xe8, 0xa1, 0x11, 0x11, 0x33, 
	0x38, 0x88, 0x88, 0x8e, 0x55, 0x55, 0x44, 0x44, 
	0x44, 0x45, 0x55, 0x55, 0x55, 0x39, 0x11, 0x00, 
	0x01, 0x11, 0xaa, 0xaa, 0x65, 0x65, 0x44, 0x54, 
	0xcc, 0xc5, 0xee, 0xe5, 0x9a, 0x1a, 0x11, 0x33, 
	0x38, 0x8e, 0xee, 0xff, 0x53, 0x38, 0x88, 0x88, 
	0x44, 0x44, 0xcc, 0xcc, 0x54, 0x59, 0x11, 0x00, 
	0x01, 0xd1, 0xaa, 0xa9, 0x55, 0x66, 0x58, 0x88, 
	0x5c, 0xc5, 0x5e, 0xee, 0x89, 0x99, 0x33, 0x77, 
	0x88, 0xee, 0xef, 0xff, 0x8a, 0xaa, 0x22, 0x33, 
	0x88, 0x54, 0x44, 0x44, 0x44, 0x59, 0x11, 0x10, 
	0x01, 0xdd, 0xaa, 0xa8, 0x45, 0x55, 0x55, 0x88, 
	0x85, 0x55, 0xee, 0xee, 0x89, 0x88, 0x77, 0x88, 
	0x88, 0xee, 0xff, 0xff, 0x8a, 0xaa, 0x22, 0x22, 
	0x22, 0x28, 0x54, 0x44, 0x44, 0x53, 0x11, 0x11, 
	0x11, 0xdd, 0xdd, 0x95, 0x45, 0x55, 0x88, 0x88, 
	0x66, 0x5c, 0xee, 0x44, 0x48, 0x8e, 0xcc, 0xcc, 
	0x55, 0xc4, 0x4b, 0xb5, 0x9a, 0xaa, 0x22, 0x22, 
	0xa1, 0x1a, 0x33, 0x64, 0x44, 0x55, 0xd1, 0x11, 
	0x11, 0xda, 0xdd, 0x95, 0x55, 0x58, 0x88, 0x88, 
	0x66, 0x65, 0xee, 0xee, 0x4e, 0x44, 0xff, 0xff, 
	0x4b, 0xbb, 0xbb, 0x45, 0x33, 0x99, 0x22, 0x2a, 
	0xa1, 0x1d, 0x11, 0x33, 0x54, 0x44, 0x91, 0x11, 
	0x11, 0xda, 0xdd, 0x65, 0x88, 0x88, 0x88, 0x88, 
	0x55, 0x66, 0x8e, 0x4e, 0xee, 0x44, 0xbb, 0xbb, 
	0xbb, 0xbb, 0xb4, 0x53, 0x33, 0x98, 0x22, 0x12, 
	0x11, 0xdd, 0x11, 0x11, 0x25, 0x44, 0xcd, 0x11, 
	0x11, 0xda, 0xd9, 0x55, 0x88, 0x88, 0x88, 0x88, 
	0x55, 0x55, 0x88, 0xe4, 0x4e, 0x44, 0xbb, 0xbb, 
	0xbb, 0xbb, 0xb4, 0x33, 0x33, 0x39, 0x22, 0x11, 
	0x11, 0x0d, 0x11, 0x11, 0x28, 0x54, 0xc9, 0x11, 
	0xdd, 0xda, 0x98, 0xc8, 0x88, 0x88, 0x88, 0x55, 
	0x88, 0x55, 0x88, 0x38, 0xc4, 0x44, 0xbb, 0xbb, 
	0x4f, 0xbb, 0x48, 0x32, 0x33, 0x33, 0x2a, 0x11, 
	0xa1, 0x00, 0xda, 0x3a, 0xaa, 0x85, 0x46, 0x11, 
	0xdd, 0xda, 0x8c, 0xc8, 0x85, 0x88, 0x88, 0x88, 
	0x88, 0x38, 0x83, 0x33, 0x33, 0x38, 0xec, 0xcc, 
	0xff, 0xbb, 0x43, 0x22, 0x32, 0x23, 0x2a, 0x11, 
	0xa1, 0xd0, 0xd3, 0x33, 0x33, 0x35, 0x44, 0x11, 
	0xad, 0xd7, 0xcf, 0xc8, 0x55, 0x58, 0x83, 0x88, 
	0x88, 0x38, 0x88, 0x33, 0x33, 0x33, 0x77, 0xee, 
	0xef, 0xbb, 0x42, 0x22, 0x32, 0x23, 0x2a, 0xaa, 
	0xaa, 0xd0, 0xda, 0x38, 0x38, 0x38, 0x44, 0x31, 
	0xad, 0xd7, 0xcf, 0x88, 0x55, 0x83, 0x33, 0x33, 
	0x88, 0x85, 0x58, 0x88, 0x88, 0x83, 0x77, 0x7e, 
	0xef, 0xbb, 0x82, 0x23, 0x32, 0x33, 0x22, 0xaa, 
	0xaa, 0x1d, 0xda, 0x38, 0x88, 0x3a, 0x64, 0x61, 
	0x99, 0x98, 0x55, 0x88, 0x83, 0x33, 0x3a, 0xa3, 
	0x88, 0x85, 0xc8, 0xcc, 0xee, 0xee, 0x88, 0x88, 
	0x5c, 0x44, 0x88, 0x88, 0x33, 0x33, 0x32, 0x22, 
	0x99, 0xa1, 0x12, 0x22, 0x96, 0x93, 0x25, 0x59, 
	0x88, 0x8c, 0x58, 0x88, 0x3a, 0xaa, 0xa1, 0xa3, 
	0x88, 0x85, 0xc8, 0xce, 0xff, 0xff, 0xe8, 0x88, 
	0x54, 0x4c, 0x55, 0x55, 0x88, 0x88, 0x83, 0x22, 
	0x99, 0xaa, 0xa2, 0x21, 0x39, 0x93, 0x26, 0x56, 
	0xcc, 0xcc, 0x58, 0x33, 0xaa, 0xaa, 0x11, 0xa8, 
	0x88, 0x85, 0xcc, 0xec, 0xff, 0xff, 0xfc, 0xe8, 
	0xc4, 0x45, 0x55, 0x5c, 0xcc, 0x88, 0x88, 0x33, 
	0x99, 0x99, 0x22, 0xaa, 0x22, 0x39, 0x29, 0x55, 
	0xff, 0xfc, 0x83, 0xaa, 0xda, 0xaa, 0xa3, 0x38, 
	0x88, 0x85, 0x8c, 0xec, 0xff, 0xff, 0xff, 0xcc, 
	0x4b, 0x45, 0xcc, 0xcc, 0x44, 0xcc, 0x88, 0x88, 
	0x99, 0x99, 0x22, 0x11, 0x22, 0x23, 0x29, 0x55, 
	0x44, 0x48, 0x63, 0x22, 0x1a, 0xa9, 0x38, 0x88, 
	0x83, 0x88, 0x8e, 0xcc, 0xff, 0xff, 0xff, 0xfc, 
	0x44, 0x44, 0xff, 0xff, 0xf4, 0x55, 0xec, 0xe5, 
	0x83, 0x33, 0xa1, 0x11, 0x11, 0xa2, 0x22, 0x44, 
	0x44, 0xc8, 0x69, 0x32, 0xa1, 0x1a, 0x38, 0x89, 
	0x33, 0x88, 0x8e, 0xcc, 0xff, 0xff, 0xff, 0xff, 
	0x44, 0x44, 0xff, 0xff, 0xff, 0x45, 0xcc, 0xfe, 
	0xe3, 0x33, 0xaa, 0x11, 0x21, 0x2a, 0x22, 0x44, 
	0x44, 0xc8, 0x66, 0x69, 0x91, 0xa9, 0x23, 0x93, 
	0xaa, 0x86, 0xee, 0xcc, 0xff, 0xfb, 0xff, 0xcc, 
	0x44, 0x44, 0xbb, 0xbb, 0xbb, 0xbf, 0xff, 0xff, 
	0xce, 0x83, 0x33, 0x3a, 0xa1, 0x12, 0x22, 0x44, 
	0x4c, 0x88, 0x69, 0x66, 0x99, 0x99, 0x22, 0x22, 
	0xaa, 0x86, 0xec, 0xcc, 0xff, 0xbb, 0xcc, 0x83, 
	0x88, 0x88, 0x88, 0xcf, 0xbf, 0xbb, 0xfc, 0x5c, 
	0xcc, 0xe8, 0x88, 0x88, 0x2a, 0x22, 0x22, 0x54, 
	0xcc, 0x88, 0x88, 0x88, 0x99, 0x99, 0x99, 0xa9, 
	0xa9, 0x86, 0x8e, 0xff, 0xff, 0xfc, 0x88, 0x33, 
	0x89, 0x89, 0x66, 0x66, 0xee, 0xec, 0xff, 0xfc, 
	0xff, 0xfe, 0x88, 0x88, 0x73, 0x22, 0x22, 0x85, 
	0xc8, 0x88, 0x88, 0x88, 0x9a, 0xa1, 0x19, 0x99, 
	0xa9, 0x88, 0x8f, 0xff, 0xff, 0xc8, 0x33, 0x23, 
	0x98, 0x88, 0x96, 0x99, 0x88, 0x8e, 0xff, 0xff, 
	0xff, 0xfe, 0x83, 0x88, 0x77, 0x32, 0x22, 0x85, 
	0x87, 0x78, 0x83, 0x33, 0x9a, 0x11, 0x1a, 0x99, 
	0xaa, 0x99, 0x8f, 0xff, 0xcc, 0x83, 0x23, 0x22, 
	0x98, 0x88, 0x39, 0x93, 0x33, 0x38, 0xcf, 0xff, 
	0xfc, 0xce, 0x83, 0x33, 0x77, 0x73, 0x22, 0x85, 
	0x87, 0xd7, 0x33, 0xaa, 0xa1, 0x11, 0x11, 0x99, 
	0x99, 0x99, 0x8f, 0xff, 0xc8, 0x83, 0x22, 0x22, 
	0x98, 0x89, 0x33, 0x22, 0x33, 0x33, 0x8c, 0xff, 
	0xfc, 0xee, 0x83, 0x22, 0x77, 0x73, 0x22, 0x88, 
	0x8a, 0x1a, 0x2a, 0x22, 0x11, 0x1a, 0x11, 0xa9, 
	0x99, 0x99, 0xcf, 0xff, 0x89, 0x32, 0x33, 0xaa, 
	0xa8, 0x83, 0xaa, 0xdd, 0xda, 0x3a, 0x38, 0xcf, 
	0xfe, 0xe8, 0x89, 0xaa, 0xa7, 0x77, 0x33, 0x88, 
	0x3a, 0x11, 0xaa, 0xa2, 0xa1, 0x1a, 0x11, 0xa9, 
	0x66, 0x66, 0xff, 0xfc, 0x83, 0x32, 0x33, 0xaa, 
	0x38, 0x88, 0x7a, 0xad, 0xda, 0x33, 0x88, 0xcf, 
	0xfe, 0xe8, 0x8a, 0xa1, 0xda, 0x77, 0x37, 0x87, 
	0x3a, 0x11, 0x11, 0xa2, 0x2a, 0x1a, 0xa1, 0xa9, 
	0x66, 0x65, 0xff, 0xc8, 0x92, 0x22, 0x33, 0x33, 
	0x38, 0x8a, 0xaa, 0xad, 0xdd, 0x38, 0x88, 0xcf, 
	0xff, 0xe8, 0x89, 0xa1, 0xda, 0xa7, 0x37, 0x87, 
	0x3a, 0x11, 0x11, 0x1a, 0x2a, 0xa2, 0x99, 0x99, 
	0x96, 0x65, 0xff, 0xc8, 0x32, 0x32, 0x33, 0x33, 
	0x38, 0x31, 0xda, 0xad, 0xdd, 0x88, 0xcc, 0xcc, 
	0xff, 0xfe, 0x88, 0x9a, 0xdd, 0xaa, 0x38, 0x87, 
	0x9a, 0xaa, 0x11, 0x1d, 0xa1, 0x1a, 0x23, 0x33, 
	0x88, 0x84, 0xcc, 0x88, 0x72, 0x37, 0x93, 0xaa, 
	0x77, 0xad, 0x0d, 0xaa, 0x18, 0x8c, 0x55, 0x53, 
	0x88, 0x88, 0x99, 0x99, 0x99, 0xaa, 0x3c, 0xc8, 
	0x9a, 0xa1, 0x11, 0x1d, 0x11, 0x13, 0x33, 0x23, 
	0x88, 0x84, 0xcc, 0x88, 0x72, 0x33, 0x33, 0xaa, 
	0xa7, 0xad, 0x00, 0xaa, 0x88, 0x8c, 0x53, 0xa3, 
	0x8a, 0xaa, 0x99, 0x99, 0x99, 0x66, 0x3c, 0xc8, 
	0x9a, 0xa1, 0x11, 0x01, 0x11, 0xa3, 0x33, 0x28, 
	0xee, 0xe4, 0xcc, 0x88, 0x73, 0x77, 0x99, 0xaa, 
	0xa7, 0x7d, 0x00, 0xd8, 0x88, 0xc8, 0x8a, 0xaa, 
	0xad, 0xdd, 0x11, 0xaa, 0x1a, 0x96, 0x44, 0xc8, 
	0x99, 0xa1, 0x1d, 0x00, 0xaa, 0xa3, 0x33, 0x84, 
	0x44, 0x44, 0xcc, 0x88, 0x77, 0x77, 0x89, 0x3a, 
	0xa7, 0x7a, 0x00, 0xd8, 0x8c, 0x88, 0x3a, 0xaa, 
	0xaa, 0x3a, 0xaa, 0x11, 0x11, 0xa9, 0xc4, 0xc8, 
	0x33, 0xad, 0x02, 0x22, 0x22, 0x33, 0x55, 0x55, 
	0x44, 0x44, 0x44, 0x48, 0x88, 0x88, 0x88, 0x99, 
	0x33, 0x73, 0x11, 0x18, 0xcc, 0x88, 0xaa, 0x31, 
	0xdd, 0xaa, 0xaa, 0xdd, 0x00, 0xda, 0x85, 0x58, 
	0x83, 0x3d, 0x02, 0x29, 0x83, 0x88, 0x55, 0x99, 
	0x22, 0x22, 0x98, 0x44, 0xe8, 0xe8, 0x68, 0x89, 
	0x33, 0x77, 0xaa, 0x38, 0xcc, 0x78, 0xa3, 0x3a, 
	0xdd, 0xda, 0xaa, 0xdd, 0xdd, 0x11, 0x35, 0x58, 
	0x88, 0x8a, 0x29, 0x95, 0x88, 0x88, 0x92, 0x22, 
	0x11, 0x11, 0xaa, 0x94, 0x44, 0xee, 0x66, 0x89, 
	0x37, 0x77, 0x33, 0x38, 0xc8, 0x77, 0xa3, 0x83, 
	0xdd, 0xda, 0x77, 0xdd, 0x11, 0x11, 0x35, 0x58, 
	0x88, 0x88, 0x55, 0x55, 0x88, 0x32, 0x20, 0x00, 
	0x11, 0x11, 0xaa, 0xa9, 0xe4, 0x44, 0x66, 0x89, 
	0x77, 0x77, 0x88, 0x88, 0xc8, 0x77, 0xa8, 0x83, 
	0xad, 0xdd, 0xa7, 0xad, 0xa1, 0xaa, 0x38, 0x55, 
	0x85, 0x44, 0x66, 0x83, 0x83, 0x3a, 0xdd, 0x00, 
	0xdd, 0x01, 0xdd, 0xda, 0x34, 0x44, 0x55, 0x69, 
	0x77, 0x78, 0x88, 0x88, 0xc8, 0x77, 0x78, 0x87, 
	0x7d, 0xdd, 0x37, 0x77, 0xd7, 0x77, 0x33, 0xcc, 
	0x84, 0x45, 0x8a, 0x3a, 0xaa, 0xad, 0x0d, 0xdd, 
	0x00, 0xd1, 0xdd, 0xda, 0x16, 0x44, 0x45, 0x56, 
	0x77, 0x77, 0x88, 0x88, 0xc8, 0x78, 0x78, 0x88, 
	0x77, 0xd7, 0x77, 0x77, 0x77, 0x77, 0x33, 0xc4, 
	0x54, 0x42, 0xaa, 0xaa, 0xaa, 0xdd, 0xdd, 0xdd, 
	0x0d, 0xd1, 0xdd, 0xdd, 0x13, 0x44, 0x44, 0x45, 
	0x58, 0x88, 0x85, 0x88, 0xc8, 0x88, 0x78, 0x88, 
	0x88, 0x77, 0x77, 0x77, 0x77, 0x77, 0x33, 0xc4, 
	0x44, 0x82, 0xaa, 0xaa, 0xaa, 0xdd, 0xdd, 0xdd, 
	0xdd, 0x0d, 0xda, 0xad, 0x13, 0x64, 0x44, 0x44, 
	0xcc, 0x58, 0x88, 0x55, 0xcc, 0x88, 0x88, 0x88, 
	0x88, 0x88, 0x77, 0x77, 0x78, 0x88, 0x33, 0x44, 
	0xff, 0x72, 0xd7, 0x7d, 0xaa, 0x11, 0x11, 0x11, 
	0x1d, 0xdd, 0xda, 0xaa, 0x22, 0x85, 0xff, 0xff, 
	0xff, 0xe8, 0x88, 0x88, 0xee, 0x85, 0x88, 0x88, 
	0x88, 0x88, 0x88, 0x88, 0x85, 0x44, 0x44, 0x44, 
	0xff, 0x72, 0xd7, 0x77, 0xaa, 0xaa, 0xaa, 0xaa, 
	0xa1, 0x1d, 0xdd, 0xaa, 0x22, 0x85, 0xff, 0xff, 
	0xff, 0xfe, 0xe8, 0x88, 0xee, 0xe8, 0x88, 0x88, 
	0x88, 0x88, 0x88, 0x8e, 0x44, 0x44, 0x44, 0x44, 
	0xff, 0x72, 0xd7, 0x77, 0x33, 0x3a, 0x33, 0x3a, 
	0xad, 0xdd, 0xda, 0xaa, 0x22, 0x85, 0x8e, 0xff, 
	0xff, 0xff, 0xff, 0xe8, 0xee, 0xe5, 0x88, 0x88, 
	0x88, 0x88, 0x8e, 0x44, 0x44, 0x55, 0x88, 0x88, 
	0xef, 0xe2, 0xdd, 0x77, 0x33, 0x3a, 0x33, 0x31, 
	0xad, 0x1d, 0xa3, 0x33, 0x22, 0x85, 0x88, 0x88, 
	0x88, 0xef, 0xff, 0xfe, 0xee, 0xee, 0x88, 0x88, 
	0x88, 0x88, 0x44, 0x4e, 0x88, 0x88, 0x99, 0x98, 
	0x95, 0x59, 0xaa, 0x3a, 0x33, 0x33, 0x77, 0x72, 
	0x32, 0x23, 0x77, 0x77, 0x7d, 0x8c, 0x55, 0x83, 
	0x11, 0x37, 0x88, 0x88, 0x55, 0x55, 0xe8, 0x88, 
	0x88, 0x84, 0x59, 0x99, 0x22, 0x32, 0x22, 0x22, 
	0x95, 0x56, 0xaa, 0xa8, 0x33, 0x33, 0x77, 0x77, 
	0x73, 0x77, 0x77, 0x77, 0xdd, 0x7c, 0x55, 0x58, 
	0x31, 0x11, 0x22, 0x38, 0x66, 0x55, 0x4e, 0x88, 
	0x38, 0x48, 0x92, 0x22, 0x22, 0x11, 0x11, 0x22, 
	0x26, 0x56, 0x8a, 0xa8, 0x83, 0x33, 0x77, 0x77, 
	0x77, 0x77, 0x77, 0x73, 0xdd, 0x7c, 0x55, 0x58, 
	0x87, 0x73, 0x22, 0x22, 0x29, 0x65, 0x44, 0x4e, 
	0x38, 0x43, 0x22, 0x22, 0x22, 0x11, 0x11, 0x12, 
	0x22, 0x95, 0x63, 0x3a, 0x83, 0xa3, 0x77, 0x77, 
	0x77, 0x77, 0x33, 0x73, 0xdd, 0x8c, 0x58, 0x88, 
	0x77, 0x88, 0x88, 0x82, 0x22, 0x96, 0x44, 0x44, 
	0x44, 0x82, 0x22, 0x22, 0x22, 0x21, 0x21, 0x11, 
	0x1a, 0x98, 0x55, 0x99, 0x88, 0x33, 0x77, 0x77, 
	0x77, 0x73, 0xaa, 0x3a, 0xaa, 0x85, 0x58, 0x88, 
	0x77, 0x78, 0xce, 0xe8, 0x33, 0x33, 0x84, 0x44, 
	0x55, 0x8a, 0x22, 0x22, 0x33, 0x22, 0x22, 0x11, 
	0x11, 0xa9, 0x96, 0x56, 0x38, 0x83, 0x77, 0x73, 
	0x33, 0x32, 0xaa, 0xaa, 0x33, 0x55, 0x58, 0x88, 
	0x88, 0x77, 0xcc, 0xc8, 0x93, 0x22, 0x28, 0x44, 
	0x58, 0xaa, 0x11, 0x22, 0x99, 0x32, 0x22, 0x11, 
	0x11, 0xa9, 0x29, 0x65, 0x88, 0x88, 0x33, 0x22, 
	0x32, 0x22, 0xaa, 0x3a, 0x33, 0x55, 0x87, 0x78, 
	0x88, 0x78, 0xcc, 0xc8, 0x93, 0x22, 0x25, 0x44, 
	0x58, 0xaa, 0x11, 0x12, 0x66, 0x93, 0x22, 0x10, 
	0x11, 0x1a, 0x22, 0x96, 0xee, 0x88, 0x72, 0x22, 
	0x32, 0x32, 0xaa, 0xa3, 0x33, 0x55, 0x87, 0x77, 
	0x77, 0x77, 0xcc, 0xe8, 0x39, 0x32, 0x25, 0x44, 
	0x53, 0xaa, 0x11, 0x12, 0x99, 0x99, 0x22, 0x10, 
	0x11, 0x12, 0x1a, 0x98, 0xcc, 0x88, 0x99, 0x92, 
	0x22, 0x22, 0x22, 0x23, 0x85, 0x55, 0x77, 0x77, 
	0x22, 0x22, 0x9c, 0xcc, 0x88, 0x99, 0x29, 0x55, 
	0x6a, 0x3a, 0x32, 0x23, 0x22, 0x22, 0x22, 0x21, 
	0x11, 0x21, 0x11, 0xa8, 0x8c, 0xc8, 0x99, 0x99, 
	0x33, 0x33, 0x88, 0x88, 0x55, 0x55, 0x77, 0x77, 
	0x22, 0x22, 0xd9, 0xcc, 0x8c, 0x89, 0x29, 0x55, 
	0x83, 0x33, 0x93, 0x32, 0x11, 0x22, 0x22, 0x22, 
	0x22, 0x22, 0x11, 0x19, 0xcc, 0x4c, 0x69, 0x96, 
	0x38, 0x88, 0x88, 0x88, 0x55, 0x58, 0x77, 0x33, 
	0x22, 0x11, 0x1d, 0x9c, 0xcc, 0x88, 0x65, 0x55, 
	0x83, 0x38, 0x69, 0x32, 0x10, 0x01, 0x22, 0x22, 
	0x22, 0x22, 0x11, 0x1a, 0x3c, 0x44, 0x56, 0x66, 
	0x88, 0x88, 0x88, 0x88, 0x88, 0x88, 0x77, 0x32, 
	0x21, 0x11, 0x11, 0xdc, 0xcc, 0x88, 0x65, 0x56, 
	0x83, 0x38, 0x69, 0x32, 0x00, 0x00, 0x01, 0x22, 
	0x22, 0x22, 0x11, 0x11, 0x36, 0x44, 0x44, 0x44, 
	0xcc, 0xcc, 0x89, 0x99, 0x22, 0x22, 0x99, 0x22, 
	0x11, 0x11, 0x11, 0xd9, 0x84, 0x88, 0x54, 0x43, 
	0x93, 0x98, 0x83, 0x22, 0x10, 0x00, 0x00, 0x01, 
	0x22, 0x22, 0x22, 0x11, 0x13, 0x44, 0x44, 0x48, 
	0x88, 0x88, 0x89, 0xaa, 0x22, 0x22, 0x22, 0x22, 
	0x22, 0x22, 0x11, 0x1d, 0x94, 0x48, 0x54, 0x53, 
	0x83, 0x99, 0x88, 0x33, 0x21, 0x00, 0x00, 0x00, 
	0x02, 0x22, 0x22, 0x11, 0x11, 0x64, 0x44, 0x89, 
	0x77, 0x78, 0x9a, 0x1a, 0x10, 0x00, 0x02, 0x22, 
	0x22, 0x22, 0x11, 0x11, 0xa8, 0x44, 0x55, 0x33, 
	0x93, 0x99, 0x88, 0x88, 0x22, 0x10, 0x00, 0x00, 
	0x01, 0x22, 0x22, 0x11, 0x11, 0x34, 0x44, 0x89, 
	0x77, 0x77, 0x9a, 0x11, 0x00, 0x00, 0x00, 0x22, 
	0x22, 0x22, 0x11, 0x11, 0xa9, 0x44, 0x55, 0x99, 
	0x39, 0x89, 0x88, 0x88, 0x22, 0x10, 0x00, 0x00, 
	
};

Gfx jrb_dl_rock_ci4_pal_rgba16_aligner[] = {gsSPEndDisplayList()};
u8 jrb_dl_rock_ci4_pal_rgba16[] = {
	0xbd, 0x1f, 0xac, 0x5b, 0x9b, 0xd7, 0x8b, 0x53, 
	0x5a, 0x0d, 0x6a, 0x8f, 0x72, 0xd1, 0x8b, 0x51, 
	0x7a, 0xcf, 0x83, 0x55, 0x9b, 0xd5, 0x49, 0x89, 
	0x6a, 0x4d, 0xac, 0x57, 0x6a, 0x4b, 0x59, 0xc9, 
	
};

Gfx jrb_dl_DRA_O_K_ROOF_ci4_aligner[] = {gsSPEndDisplayList()};
u8 jrb_dl_DRA_O_K_ROOF_ci4[] = {
	0x00, 0x10, 0x12, 0x34, 0x50, 0x67, 0x04, 0x43, 
	0x38, 0x44, 0x66, 0x93, 0x82, 0x16, 0x91, 0x12, 
	0x00, 0xa6, 0x21, 0x29, 0x52, 0x06, 0x00, 0x4b, 
	0x77, 0x46, 0x75, 0x77, 0x93, 0x94, 0x46, 0x00, 
	0x06, 0x06, 0x60, 0x89, 0x04, 0x05, 0x20, 0x37, 
	0x98, 0x21, 0x22, 0x98, 0x88, 0x22, 0x89, 0x62, 
	0x06, 0x06, 0x51, 0x11, 0xc0, 0x15, 0x60, 0x04, 
	0x46, 0xb6, 0x55, 0x68, 0x23, 0x33, 0x34, 0x60, 
	0x45, 0x39, 0x74, 0x49, 0x99, 0x20, 0x81, 0x26, 
	0x02, 0x10, 0xa1, 0x45, 0x97, 0x62, 0x4d, 0x77, 
	0x46, 0x56, 0xe4, 0x92, 0x21, 0x10, 0x89, 0x12, 
	0x74, 0x62, 0x20, 0x06, 0x65, 0x98, 0x3b, 0x77, 
	0x65, 0x29, 0x77, 0x77, 0x98, 0x65, 0x99, 0x12, 
	0x21, 0x62, 0x20, 0x45, 0x7b, 0xb7, 0xdf, 0x34, 
	0x65, 0x20, 0xe7, 0x73, 0x92, 0x20, 0x49, 0x56, 
	0x65, 0x00, 0xa0, 0x16, 0x55, 0x33, 0x7d, 0x54, 
	0x26, 0x55, 0x7b, 0xb7, 0x76, 0x22, 0x02, 0x11, 
	0x16, 0x36, 0x20, 0x94, 0x5b, 0xfd, 0x4b, 0x73, 
	0x20, 0x55, 0x7b, 0xb7, 0x71, 0xc1, 0x88, 0x90, 
	0x66, 0x65, 0x22, 0x20, 0x54, 0x54, 0x57, 0x75, 
	0x40, 0x64, 0x64, 0xbd, 0x77, 0x63, 0x22, 0x06, 
	0x60, 0x43, 0x22, 0x63, 0x4d, 0xfd, 0xb3, 0x47, 
	0x42, 0x05, 0x05, 0xbb, 0x49, 0x12, 0xac, 0xcc, 
	0xa1, 0x65, 0x2a, 0x00, 0x55, 0x54, 0x45, 0x47, 
	0x49, 0x55, 0xe9, 0xbb, 0x74, 0x65, 0x60, 0x93, 
	0x44, 0x44, 0x38, 0x37, 0xbf, 0xfd, 0x77, 0x54, 
	0x33, 0x38, 0x92, 0xbb, 0xb4, 0x10, 0x1a, 0x1a, 
	0x11, 0x11, 0x11, 0x12, 0x94, 0x45, 0x94, 0x74, 
	0x42, 0x4e, 0x92, 0x7b, 0x45, 0x06, 0x20, 0x34, 
	0x55, 0x47, 0x33, 0x77, 0xdd, 0xdf, 0x7b, 0xb5, 
	0x32, 0x47, 0x81, 0x7d, 0x7b, 0x25, 0x09, 0x21, 
	0xca, 0xac, 0xcc, 0xa1, 0x03, 0x06, 0x34, 0x49, 
	0xaa, 0x9e, 0x50, 0x65, 0x57, 0x66, 0x00, 0x44, 
	0x48, 0x67, 0x43, 0x77, 0xbd, 0xbd, 0x77, 0xd2, 
	0xac, 0x37, 0x45, 0x07, 0xbb, 0x24, 0x65, 0x22, 
	0xa1, 0xa8, 0x1a, 0xa2, 0x02, 0x99, 0x05, 0xb1, 
	0x12, 0x47, 0x47, 0x55, 0x45, 0x00, 0x23, 0x73, 
	0x79, 0x50, 0x03, 0x87, 0xb5, 0xb7, 0xb7, 0xb0, 
	0x11, 0x57, 0x77, 0x49, 0x54, 0x82, 0x01, 0x81, 
	0x15, 0x12, 0xa2, 0x22, 0x11, 0x23, 0x65, 0x52, 
	0x93, 0x34, 0x57, 0x39, 0x92, 0x40, 0xa5, 0x74, 
	0x64, 0x48, 0x66, 0x34, 0xb5, 0x73, 0xd9, 0x76, 
	0x05, 0x33, 0x07, 0x92, 0x0a, 0x50, 0x22, 0x11, 
	0x13, 0x01, 0x22, 0x18, 0x81, 0x22, 0x50, 0x46, 
	0x44, 0x46, 0x75, 0xb9, 0x90, 0x60, 0x27, 0x44, 
	0x4b, 0x99, 0x15, 0x77, 0x47, 0x49, 0x94, 0x42, 
	0x44, 0x48, 0x74, 0x71, 0x02, 0x50, 0x44, 0xac, 
	0x20, 0x21, 0x82, 0x88, 0x83, 0xa1, 0x26, 0x60, 
	0xbd, 0x52, 0x47, 0xb8, 0x56, 0x1c, 0x24, 0x77, 
	0x43, 0x89, 0x36, 0x4e, 0xbd, 0xbd, 0x7b, 0x52, 
	0xbd, 0x42, 0x54, 0x55, 0x74, 0x02, 0x07, 0x39, 
	0x92, 0xc1, 0x18, 0x64, 0x65, 0x66, 0x25, 0x62, 
	0xbb, 0xb6, 0x25, 0x87, 0x74, 0x02, 0x83, 0xdb, 
	0x92, 0x34, 0x37, 0x49, 0x84, 0x75, 0x77, 0x7b, 
	0xbb, 0xd9, 0x26, 0x67, 0x7b, 0xb7, 0x43, 0x33, 
	0xe4, 0xb6, 0x21, 0x25, 0x2a, 0x00, 0x20, 0x07, 
	0xb7, 0x77, 0x50, 0x67, 0x44, 0x44, 0x2b, 0x44, 
	0x43, 0x41, 0x84, 0x43, 0x19, 0xb5, 0x57, 0x4f, 
	0xb7, 0x77, 0x71, 0x4b, 0xff, 0xdd, 0xbb, 0x12, 
	0x00, 0x20, 0x02, 0xa2, 0xaa, 0x93, 0x34, 0x5b, 
	0x77, 0x74, 0x74, 0x06, 0x57, 0x47, 0x2d, 0x44, 
	0x37, 0x22, 0x21, 0x18, 0x94, 0xb4, 0x57, 0x45, 
	0x77, 0x74, 0xd7, 0x14, 0xdd, 0xd7, 0x4b, 0x22, 
	0x34, 0x82, 0x92, 0xcc, 0xa1, 0x99, 0x55, 0x45, 
	0x44, 0x77, 0x4b, 0x65, 0x12, 0x31, 0x2e, 0x37, 
	0x67, 0x30, 0x2a, 0xa1, 0x16, 0x73, 0x47, 0xb5, 
	0x44, 0x47, 0x47, 0x21, 0xa1, 0x13, 0x00, 0x11, 
	0x96, 0x12, 0x21, 0xcc, 0xa0, 0x38, 0x53, 0x76, 
	0x38, 0x77, 0x44, 0x51, 0x2a, 0xa1, 0x48, 0x50, 
	0x00, 0x99, 0x1a, 0xcc, 0xc0, 0x74, 0x13, 0x72, 
	0x50, 0xe4, 0x99, 0x5a, 0xaa, 0x11, 0xcc, 0xa1, 
	0x06, 0x21, 0x0c, 0xcc, 0x16, 0x74, 0x25, 0x52, 
	0x20, 0x84, 0x4b, 0x39, 0xa1, 0xa1, 0x94, 0x32, 
	0x20, 0x91, 0x11, 0x11, 0xac, 0x94, 0x11, 0x05, 
	0x28, 0x87, 0x54, 0x46, 0xac, 0xac, 0xa1, 0x2a, 
	0x52, 0xa8, 0x0c, 0xa2, 0x02, 0x55, 0x00, 0x03, 
	0x07, 0x74, 0x77, 0x49, 0x88, 0xc1, 0x98, 0xe2, 
	0x21, 0xaa, 0x16, 0x11, 0x0a, 0x12, 0xaa, 0x67, 
	0x84, 0x73, 0x64, 0x75, 0x30, 0xcc, 0xaa, 0x2a, 
	0x1a, 0x1c, 0xaa, 0x29, 0x52, 0x89, 0x22, 0x33, 
	0x47, 0x4b, 0xb5, 0xb4, 0x88, 0xa2, 0x60, 0x25, 
	0x2c, 0x26, 0x47, 0x0c, 0x21, 0xaa, 0xca, 0x00, 
	0x37, 0x47, 0xb7, 0x7b, 0x26, 0x81, 0xa1, 0x16, 
	0x1c, 0xc1, 0xaa, 0x21, 0x10, 0x01, 0xa1, 0x60, 
	0x53, 0x74, 0x57, 0x34, 0xa1, 0xc1, 0x12, 0x66, 
	0x01, 0x65, 0x44, 0x21, 0x06, 0x11, 0xaa, 0xa0, 
	0x33, 0x77, 0x5b, 0x4d, 0x10, 0x18, 0xcc, 0x22, 
	0x8c, 0xca, 0xaa, 0x02, 0x12, 0x01, 0x1a, 0xa0, 
	0x02, 0x93, 0x57, 0xb7, 0x11, 0xac, 0x16, 0x20, 
	0x54, 0x56, 0x44, 0x22, 0x50, 0xa1, 0x00, 0x93, 
	0x02, 0x64, 0x4b, 0x77, 0x2c, 0x01, 0xac, 0xa1, 
	0x01, 0xa1, 0x05, 0x01, 0x40, 0x2a, 0x00, 0x94, 
	0x02, 0x98, 0x55, 0x54, 0x56, 0x62, 0x62, 0x90, 
	0x97, 0x56, 0x50, 0x42, 0x62, 0xc6, 0x55, 0x9b, 
	0x02, 0x62, 0x66, 0x66, 0x01, 0x66, 0x2a, 0xca, 
	0x11, 0xa2, 0x67, 0x72, 0x92, 0xa8, 0x33, 0x97, 
	0x11, 0x91, 0x65, 0x77, 0x52, 0x28, 0xa2, 0x09, 
	0x56, 0x65, 0x47, 0xd6, 0x62, 0x05, 0x61, 0x11, 
	0x11, 0x91, 0x84, 0x52, 0x0a, 0xc4, 0x11, 0xcc, 
	0x1c, 0x10, 0x0b, 0x42, 0x12, 0x77, 0x70, 0x00, 
	0x1a, 0x22, 0x5b, 0xbb, 0x62, 0x22, 0xc1, 0x53, 
	0x46, 0x05, 0x34, 0x45, 0x01, 0x06, 0x01, 0x22, 
	0x1c, 0x28, 0x4b, 0x76, 0xaa, 0xca, 0xcc, 0xaa, 
	0x1a, 0x06, 0x54, 0x54, 0x99, 0x47, 0x50, 0x02, 
	0x2c, 0x29, 0x20, 0x46, 0x77, 0x62, 0x2a, 0x29, 
	0x26, 0x60, 0x48, 0x21, 0x82, 0x45, 0x91, 0x1a, 
	0x1c, 0x29, 0x81, 0x36, 0xb7, 0x0a, 0xcc, 0x12, 
	0x10, 0x44, 0x76, 0x47, 0x24, 0xe7, 0x40, 0x1a, 
	0x1c, 0xa0, 0x70, 0x25, 0x74, 0x50, 0xa2, 0x02, 
	0x52, 0x77, 0x34, 0x88, 0x02, 0x50, 0x0a, 0xc1, 
	0x1c, 0xa0, 0x78, 0x83, 0x44, 0x72, 0xa4, 0xb7, 
	0x40, 0x55, 0x57, 0x76, 0x4e, 0xb5, 0x70, 0xaa, 
	0xac, 0xa6, 0x92, 0x03, 0x47, 0x72, 0x12, 0x12, 
	0x60, 0xb4, 0x36, 0x62, 0x10, 0x74, 0x22, 0xa2, 
	0xac, 0xc6, 0x90, 0x94, 0xdd, 0xb1, 0x2b, 0x7b, 
	0x77, 0x4b, 0x55, 0x60, 0x5b, 0xb7, 0x46, 0x11, 
	0xc1, 0x14, 0x40, 0x00, 0x44, 0x26, 0x22, 0x16, 
	0x00, 0x44, 0x33, 0x00, 0x10, 0x06, 0x50, 0xaa, 
	0xc2, 0x14, 0x32, 0x39, 0xbb, 0x40, 0x06, 0x25, 
	0xbd, 0xb8, 0x06, 0x36, 0x20, 0x82, 0x02, 0x11, 
	0xa2, 0x88, 0x88, 0x35, 0x84, 0x02, 0x04, 0x40, 
	0x12, 0x54, 0x44, 0x63, 0x81, 0x54, 0x22, 0x1a, 
	0xa2, 0x02, 0x89, 0x34, 0x5b, 0x31, 0x23, 0x34, 
	0x7b, 0xd6, 0x74, 0x65, 0x44, 0x57, 0x89, 0x21, 
	0xa3, 0x12, 0xc9, 0x66, 0x42, 0x12, 0x16, 0x55, 
	0x50, 0x54, 0x65, 0x93, 0x81, 0x24, 0x2a, 0x1c, 
	0xa3, 0x21, 0xc9, 0x74, 0xb6, 0x20, 0x19, 0x04, 
	0xbb, 0x65, 0x22, 0x74, 0x46, 0x77, 0x58, 0x21, 
	0x02, 0x10, 0x12, 0x94, 0x50, 0x34, 0x85, 0x33, 
	0x46, 0x44, 0x66, 0x89, 0x02, 0x19, 0x61, 0x22, 
	0x01, 0xa6, 0x11, 0x29, 0x41, 0x06, 0x02, 0x7b, 
	0xbb, 0x45, 0x77, 0x4b, 0x33, 0x34, 0x48, 0x00, 
	0x06, 0x02, 0x60, 0x89, 0x27, 0x03, 0x26, 0x4b, 
	0x56, 0x61, 0x11, 0x98, 0x66, 0x2a, 0x20, 0x22, 
	0x29, 0x20, 0x6a, 0x11, 0xc0, 0x15, 0x02, 0x24, 
	0x76, 0xd0, 0x44, 0x42, 0x24, 0x49, 0x33, 0x00, 
	0x76, 0x66, 0xb4, 0x56, 0x56, 0x12, 0x81, 0x04, 
	0x52, 0x28, 0xca, 0x45, 0x64, 0x01, 0x4d, 0x77, 
	0x45, 0x66, 0x74, 0x91, 0x62, 0x12, 0x03, 0xa1, 
	0x77, 0x62, 0x29, 0x89, 0x44, 0x38, 0x4d, 0x7b, 
	0x54, 0x06, 0x74, 0x76, 0x56, 0x49, 0x73, 0x14, 
	0x60, 0x82, 0x12, 0x45, 0x4b, 0x74, 0xff, 0x4b, 
	0x63, 0x20, 0x74, 0xe8, 0x46, 0x11, 0x49, 0x20, 
	0x66, 0x02, 0xc0, 0x89, 0x47, 0x74, 0xbd, 0x4b, 
	0x93, 0x00, 0xb7, 0x77, 0x75, 0x82, 0x60, 0x22, 
	0x11, 0x12, 0x29, 0x49, 0x0b, 0xfb, 0x4d, 0x7b, 
	0x06, 0x06, 0xb7, 0x74, 0x42, 0xaa, 0x2a, 0x21, 
	0x00, 0x18, 0x28, 0x66, 0x77, 0xb7, 0x5b, 0x7b, 
	0x48, 0x20, 0x44, 0x7b, 0x4b, 0x48, 0x26, 0x10, 
	0x11, 0x12, 0x94, 0x81, 0x7d, 0xb7, 0x7b, 0x3d, 
	0x50, 0x22, 0x55, 0x77, 0x04, 0x48, 0xcc, 0xc1, 
	0x1a, 0x37, 0x89, 0x05, 0x77, 0x74, 0x4b, 0x4d, 
	0x02, 0x16, 0x77, 0x76, 0x4b, 0x73, 0x99, 0x62, 
	0x88, 0x26, 0x45, 0x99, 0xbf, 0xbb, 0xd4, 0x72, 
	0x82, 0x18, 0x47, 0x74, 0x47, 0x40, 0x9a, 0x57, 
	0x50, 0x93, 0x56, 0x19, 0x44, 0x74, 0xb4, 0x79, 
	0x61, 0x12, 0x77, 0x47, 0x47, 0x74, 0x33, 0x20, 
	0x49, 0x05, 0xb7, 0x47, 0xdd, 0xf7, 0xb7, 0x22, 
	0x8a, 0xa2, 0xb7, 0x3b, 0x7b, 0xdd, 0x88, 0xb4, 
	0x7b, 0x09, 0x54, 0x22, 0x37, 0x76, 0x77, 0x28, 
	0x21, 0x60, 0x77, 0x47, 0x4d, 0xb4, 0x66, 0x09, 
	0x54, 0x02, 0x04, 0x43, 0x74, 0x77, 0x77, 0x81, 
	0x21, 0x60, 0xbb, 0x57, 0x4b, 0x47, 0x07, 0x66, 
	0x4b, 0xb6, 0x04, 0x92, 0x29, 0x65, 0x54, 0x82, 
	0x81, 0x55, 0x34, 0x47, 0x7b, 0x76, 0x04, 0x60, 
	0x45, 0xa2, 0x64, 0x44, 0x44, 0x4b, 0x67, 0x32, 
	0x21, 0x55, 0x47, 0x47, 0x74, 0x73, 0x62, 0x56, 
	0x54, 0x74, 0x42, 0x88, 0x8e, 0x07, 0x55, 0x30, 
	0x18, 0x94, 0x92, 0x47, 0x4b, 0x49, 0x77, 0x06, 
	0x72, 0x12, 0x62, 0x7d, 0xbb, 0x7d, 0xb4, 0x46, 
	0xa8, 0x05, 0x8a, 0x47, 0xbb, 0x39, 0x97, 0x01, 
	0x99, 0x49, 0x49, 0x09, 0x50, 0x3b, 0x74, 0x40, 
	0x44, 0x39, 0x79, 0x47, 0xb4, 0x93, 0x39, 0x57, 
	0x62, 0x1a, 0x10, 0x7d, 0xff, 0xdd, 0xd5, 0x57, 
	0x43, 0x66, 0xe8, 0xbb, 0xdd, 0x1e, 0x44, 0x6b, 
	0x39, 0x90, 0x77, 0x33, 0x75, 0x3b, 0xb4, 0x55, 
	0xb4, 0x40, 0x56, 0x45, 0x78, 0x28, 0x47, 0x76, 
	0x12, 0xa2, 0x22, 0x89, 0xbb, 0x77, 0x47, 0x77, 
	0xd4, 0x90, 0x74, 0x4b, 0xd4, 0x74, 0x76, 0x7b, 
	0x79, 0xb5, 0x07, 0x40, 0x60, 0x05, 0x44, 0x47, 
	0x44, 0x52, 0x47, 0x77, 0x98, 0x89, 0x57, 0x00, 
	0x12, 0xa8, 0x25, 0x81, 0x14, 0x70, 0xb4, 0x74, 
	0x44, 0x92, 0xbd, 0xdd, 0x74, 0x35, 0x06, 0x55, 
	0x39, 0x06, 0x0a, 0x11, 0x21, 0x00, 0x73, 0x45, 
	0x48, 0x43, 0xd5, 0xe9, 0x66, 0x33, 0x44, 0x93, 
	0x21, 0x09, 0x89, 0xe8, 0x8b, 0xdb, 0x65, 0x74, 
	0x52, 0x44, 0xf7, 0xd7, 0x7b, 0x77, 0x44, 0x39, 
	0x01, 0x22, 0x0a, 0x1c, 0xc8, 0x04, 0x65, 0x44, 
	0x80, 0x29, 0x75, 0x88, 0x60, 0x3e, 0x77, 0x99, 
	0x88, 0x04, 0x99, 0x99, 0x84, 0x4b, 0x65, 0x74, 
	0x00, 0x24, 0xbb, 0x66, 0x47, 0x7b, 0x94, 0x90, 
	0x65, 0x01, 0x60, 0x90, 0x92, 0x04, 0x54, 0x43, 
	0x22, 0x3b, 0xb3, 0x28, 0x60, 0x3e, 0x49, 0x24, 
	0x99, 0x0a, 0x3b, 0xe0, 0x16, 0x75, 0x42, 0x39, 
	0x11, 0x4d, 0xdb, 0x29, 0x77, 0x77, 0x24, 0x28, 
	0xa6, 0x28, 0x68, 0x64, 0x29, 0x51, 0x50, 0x50, 
	0x7b, 0xdd, 0xb7, 0x44, 0x01, 0x07, 0x49, 0x21, 
	0x93, 0x52, 0x22, 0xee, 0x7b, 0x47, 0x62, 0x18, 
	0x7d, 0xfd, 0xdd, 0xbb, 0x21, 0x2b, 0x07, 0x90, 
	0x65, 0x22, 0x27, 0xd7, 0x93, 0x56, 0x20, 0x16, 
	0xdd, 0xbb, 0xbb, 0x73, 0x50, 0x03, 0x95, 0x18, 
	0x66, 0x02, 0xa2, 0x03, 0x5b, 0xd4, 0xb6, 0x5d, 
	0xdd, 0xdd, 0xdd, 0xd7, 0xb7, 0x93, 0xc5, 0x91, 
	0x89, 0x21, 0x77, 0x87, 0x55, 0x75, 0x50, 0x3b, 
	0xdb, 0xbb, 0xb7, 0x46, 0x65, 0x40, 0x98, 0x81, 
	0x20, 0x06, 0x14, 0x99, 0x52, 0x57, 0x5b, 0x4d, 
	0xdd, 0xdd, 0xdd, 0xb5, 0x00, 0xe4, 0x50, 0x93, 
	0x38, 0x10, 0x40, 0x94, 0x50, 0x05, 0x05, 0x9b, 
	0xc9, 0x00, 0x37, 0x93, 0x65, 0x99, 0x02, 0xa1, 
	0x20, 0x03, 0x98, 0x46, 0x00, 0x05, 0xa2, 0x30, 
	0xa5, 0x88, 0x57, 0x58, 0x3e, 0x29, 0x20, 0x29, 
	0x34, 0x83, 0x00, 0x56, 0x56, 0x00, 0xa1, 0x08, 
	0x49, 0x46, 0x84, 0x83, 0x60, 0x95, 0x62, 0x10, 
	0x08, 0x53, 0x6a, 0x22, 0x20, 0x21, 0x0a, 0xa0, 
	0x45, 0x49, 0x07, 0x04, 0x26, 0x93, 0x20, 0x04, 
	0x92, 0x37, 0x62, 0x21, 0x12, 0x12, 0x21, 0xc2, 
	0x02, 0x98, 0x94, 0x40, 0x06, 0x07, 0x62, 0x10, 
	0x82, 0x60, 0x00, 0x11, 0x99, 0x38, 0x20, 0x61, 
	0x88, 0x92, 0x33, 0x50, 0x16, 0x79, 0x22, 0x2a, 
	0x29, 0x45, 0x52, 0x22, 0x82, 0x62, 0x20, 0x01, 
	0x00, 0x88, 0x58, 0x36, 0x05, 0x05, 0x82, 0xac, 
	0x19, 0x06, 0x56, 0x49, 0x33, 0xa2, 0x22, 0x21, 
	0x89, 0x02, 0x46, 0x50, 0x60, 0x88, 0x22, 0xa1, 
	0x29, 0x65, 0x05, 0x60, 0x82, 0x11, 0x22, 0x22, 
	0xa2, 0x21, 0x99, 0x55, 0x01, 0x12, 0x12, 0xa1, 
	0x00, 0x54, 0x57, 0x76, 0x65, 0x32, 0xaa, 0x2a, 
	0xa2, 0x81, 0x36, 0x98, 0x60, 0xa2, 0xa1, 0x12, 
	0x50, 0x45, 0x03, 0x70, 0x06, 0x56, 0x21, 0x21, 
	0xac, 0x10, 0x6e, 0x45, 0x21, 0x21, 0xca, 0x01, 
	0x62, 0x66, 0x65, 0x44, 0x65, 0x39, 0x01, 0x11, 
	0xac, 0x18, 0x67, 0x49, 0x1a, 0xaa, 0xca, 0x22, 
	0x56, 0x54, 0x47, 0x44, 0x74, 0x75, 0x62, 0x81, 
	0x2a, 0x10, 0x88, 0x50, 0x66, 0x22, 0x1a, 0xa2, 
	0xa2, 0x01, 0x45, 0x98, 0x90, 0x44, 0x61, 0x11, 
	0x2a, 0x12, 0x22, 0x38, 0x49, 0x1c, 0xca, 0x89, 
	0x03, 0x45, 0x75, 0x77, 0x55, 0x77, 0x58, 0x21, 
	0x21, 0x18, 0x38, 0x20, 0x60, 0x02, 0xa1, 0x21, 
	0x01, 0x45, 0x59, 0x99, 0x60, 0x50, 0x02, 0x12, 
	0x2a, 0x10, 0x52, 0x28, 0x99, 0x92, 0xa0, 0xb7, 
	0x40, 0x77, 0x47, 0x74, 0x47, 0x73, 0x49, 0x22, 
	0xac, 0xc0, 0x22, 0x88, 0x63, 0x41, 0x11, 0x11, 
	0x21, 0x34, 0x98, 0x00, 0x20, 0xe4, 0x02, 0x11, 
	0xcc, 0xc0, 0x88, 0x00, 0x77, 0x71, 0x25, 0x77, 
	0x74, 0x5b, 0x34, 0x43, 0x37, 0x74, 0x49, 0x11, 
	0xc1, 0x16, 0x60, 0x88, 0x66, 0x20, 0x12, 0xa8, 
	0x22, 0x09, 0x59, 0x26, 0x10, 0x89, 0x90, 0xa1, 
	0xca, 0xa0, 0x98, 0x60, 0x44, 0x50, 0x00, 0x84, 
	0xbb, 0x45, 0x65, 0x33, 0x88, 0x02, 0x02, 0x11, 
	0xa1, 0x22, 0x20, 0x96, 0x05, 0x21, 0x06, 0x52, 
	0x12, 0x65, 0x35, 0x65, 0x81, 0x04, 0x82, 0xaa, 
	0xa1, 0x22, 0x29, 0x66, 0x97, 0x81, 0x25, 0x54, 
	0x77, 0xb5, 0x43, 0x93, 0x54, 0x37, 0x06, 0x21, 
	0xa6, 0x12, 0xc0, 0x96, 0x62, 0x12, 0x16, 0x66, 
	0x62, 0x55, 0x60, 0x65, 0x81, 0x15, 0x2a, 0xac, 
	0xa6, 0x11, 0xc0, 0x55, 0x70, 0x18, 0xa0, 0x04, 
	0xb7, 0x95, 0x02, 0x44, 0x46, 0x44, 0x62, 0x1a, 
	
};

Gfx jrb_dl_DRA_O_K_ROOF_ci4_pal_rgba16_aligner[] = {gsSPEndDisplayList()};
u8 jrb_dl_DRA_O_K_ROOF_ci4_pal_rgba16[] = {
	0x52, 0x93, 0x41, 0xcf, 0x4a, 0x51, 0x62, 0xd5, 
	0x6b, 0x17, 0x62, 0xd7, 0x5a, 0x95, 0x73, 0x59, 
	0x5a, 0x91, 0x62, 0xd3, 0x39, 0x8d, 0x7b, 0x9b, 
	0x31, 0x4b, 0x8c, 0x1f, 0x7b, 0x57, 0x9c, 0xe3, 
	
};

Gfx jrb_dl_Texture0141_RGB_rgba16_aligner[] = {gsSPEndDisplayList()};
u8 jrb_dl_Texture0141_RGB_rgba16[] = {
	0xf7, 0x61, 0xe6, 0x9b, 0xee, 0xdd, 0xf7, 0x61, 
	0xf7, 0xa5, 0xf7, 0xa1, 0xf7, 0x9f, 0xf7, 0x1d, 
	0xf6, 0xdd, 0xf7, 0x1d, 0xee, 0x9b, 0xf7, 0x1d, 
	0xf7, 0x1f, 0xf7, 0x5f, 0xf7, 0x1d, 0xf7, 0x1f, 
	0xf7, 0x1f, 0xf7, 0x5f, 0xf7, 0x5f, 0xf7, 0x61, 
	0xf7, 0x1f, 0xf7, 0x1d, 0xf7, 0x1f, 0xf7, 0x1f, 
	0xf7, 0x61, 0xee, 0xdb, 0xee, 0xdd, 0xef, 0x1d, 
	0xf7, 0x1d, 0xf7, 0x1d, 0xf7, 0x5f, 0xf7, 0x61, 
	0xf7, 0xa3, 0xee, 0x9b, 0xf7, 0x5f, 0xf7, 0x5f, 
	0xf7, 0x5f, 0xf7, 0xa1, 0xf7, 0xa1, 0xf7, 0x1f, 
	0xf7, 0xa1, 0xf7, 0x5f, 0xf6, 0xdd, 0xf7, 0x1f, 
	0xf7, 0x1f, 0xf7, 0x1d, 0xf7, 0x5f, 0xf7, 0x1d, 
	0xee, 0xdd, 0xf7, 0x5f, 0xf7, 0x5f, 0xf7, 0x1f, 
	0xf7, 0x1f, 0xf7, 0x1f, 0xf7, 0x1f, 0xf7, 0x5f, 
	0xf7, 0x1f, 0xf7, 0x5f, 0xf6, 0xdd, 0xee, 0xdd, 
	0xee, 0xdd, 0xee, 0xdd, 0xf7, 0x1d, 0xf7, 0x5f, 
	0xf7, 0x5f, 0xf7, 0x1f, 0xee, 0xdb, 0xee, 0xdb, 
	0xf7, 0x5f, 0xf7, 0x9f, 0xf7, 0x1d, 0xf7, 0x63, 
	0xf7, 0x61, 0xf7, 0x1f, 0xf7, 0x1d, 0xf7, 0x1d, 
	0xee, 0xdb, 0xee, 0x9b, 0xf7, 0x1f, 0xf7, 0x1f, 
	0xe6, 0x9d, 0xf7, 0x1f, 0xf7, 0x1f, 0xf7, 0x5f, 
	0xf7, 0x1d, 0xf7, 0x1f, 0xf7, 0x1f, 0xf7, 0x5f, 
	0xf7, 0x1f, 0xf7, 0x1d, 0xf7, 0x1d, 0xf7, 0x1d, 
	0xf7, 0x1d, 0xf7, 0x5f, 0xf7, 0x5f, 0xf7, 0x5f, 
	0xf7, 0x5f, 0xee, 0xdb, 0xf7, 0x1d, 0xf7, 0x5f, 
	0xee, 0xdd, 0xf7, 0x5f, 0xf7, 0x1d, 0xf7, 0x1d, 
	0xf7, 0x1f, 0xee, 0x9b, 0xee, 0x9b, 0xee, 0xdd, 
	0xee, 0xdb, 0xee, 0xdd, 0xf7, 0x1f, 0xf7, 0x1f, 
	0xef, 0x1d, 0xee, 0xdd, 0xf7, 0x1d, 0xf6, 0xdd, 
	0xf7, 0x1d, 0xf7, 0x1f, 0xf7, 0x63, 0xf7, 0x1f, 
	0xf7, 0x1d, 0xf7, 0x1d, 0xf7, 0x1f, 0xee, 0x9b, 
	0xee, 0xdd, 0xe6, 0x9b, 0xe6, 0x9b, 0xe6, 0x9b, 
	0xf7, 0x1f, 0xf7, 0x5f, 0xf7, 0xa1, 0xf7, 0x1f, 
	0xf7, 0x21, 0xee, 0x9d, 0xf7, 0x1d, 0xee, 0xdd, 
	0xf7, 0x1d, 0xee, 0x9b, 0xf6, 0xdd, 0xf7, 0x1f, 
	0xee, 0xdd, 0xee, 0xdb, 0xee, 0xdd, 0xf7, 0x1f, 
	0xf7, 0x61, 0xf6, 0xdd, 0xe6, 0x9b, 0xf7, 0x1d, 
	0xf7, 0x1d, 0xf7, 0x61, 0xef, 0x21, 0xf6, 0xdd, 
	0xf7, 0x1d, 0xee, 0xdb, 0xee, 0xdb, 0xee, 0xdb, 
	0xee, 0xdb, 0xee, 0xdd, 0xf7, 0x1f, 0xee, 0xdd, 
	0xf7, 0x5f, 0xee, 0x9b, 0xf7, 0x5f, 0xee, 0xdd, 
	0xef, 0x1d, 0xf7, 0x5f, 0xf7, 0x1f, 0xf7, 0x61, 
	0xf7, 0x1d, 0xf6, 0xdd, 0xf7, 0x1d, 0xf7, 0x1f, 
	0xf7, 0x1d, 0xee, 0xdb, 0xee, 0xdd, 0xf7, 0x1f, 
	0xf7, 0x5f, 0xf6, 0xdd, 0xee, 0x9b, 0xee, 0xdb, 
	0xee, 0xdd, 0xf7, 0x5f, 0xe6, 0x9d, 0xe6, 0x9b, 
	0xee, 0xdd, 0xf7, 0x1d, 0xee, 0xdb, 0xf7, 0x1d, 
	0xf6, 0xdd, 0xf6, 0xdd, 0xee, 0xdb, 0xee, 0x9b, 
	0xf7, 0x61, 0xf7, 0x5f, 0xee, 0x9d, 0xf7, 0x1d, 
	0xf7, 0x5f, 0xf7, 0x5f, 0xf7, 0x5f, 0xf7, 0x1d, 
	0xee, 0xdd, 0xf6, 0xdd, 0xf7, 0x61, 0xf7, 0x5f, 
	0xf7, 0x1d, 0xf7, 0x1d, 0xf7, 0x1f, 0xf7, 0x1f, 
	0xee, 0xdd, 0xf7, 0x1d, 0xf7, 0x1f, 0xf7, 0x1f, 
	0xf6, 0xdd, 0xf7, 0x1f, 0xee, 0xdd, 0xef, 0x1f, 
	0xee, 0xdd, 0xf7, 0x5f, 0xf7, 0x5f, 0xf7, 0x1f, 
	0xf6, 0xdd, 0xee, 0x9b, 0xe6, 0x9b, 0xee, 0xdd, 
	0xe6, 0x9b, 0xee, 0xdd, 0xf7, 0x1d, 0xf7, 0x1d, 
	0xf7, 0x1f, 0xf7, 0x1f, 0xef, 0x1d, 0xf7, 0x1f, 
	0xf6, 0xdd, 0xee, 0xdd, 0xf7, 0x63, 0xf7, 0x1f, 
	0xee, 0xdd, 0xf7, 0x1f, 0xf7, 0x1f, 0xf7, 0x61, 
	0xf6, 0xdd, 0xf7, 0x1d, 0xf7, 0x1f, 0xf7, 0x61, 
	0xf7, 0x5f, 0xf7, 0x5f, 0xf7, 0x1d, 0xf7, 0x1d, 
	0xf7, 0x5f, 0xf7, 0x5f, 0xf7, 0x61, 0xf7, 0x1f, 
	0xf7, 0x1d, 0xee, 0x9b, 0xf6, 0xdd, 0xf7, 0x5f, 
	0xf7, 0x5f, 0xf7, 0x1d, 0xf7, 0x5f, 0xee, 0xdd, 
	0xf7, 0x1d, 0xef, 0x1d, 0xe6, 0xdb, 0xee, 0x9b, 
	0xf7, 0x1d, 0xf6, 0xdd, 0xf7, 0x5f, 0xf7, 0x1f, 
	0xe6, 0xdb, 0xf7, 0x5f, 0xf7, 0x5f, 0xf7, 0x5f, 
	0xf7, 0x1d, 0xf7, 0x1d, 0xf7, 0x5f, 0xf7, 0x61, 
	0xf7, 0x1f, 0xf7, 0x1f, 0xf7, 0x1f, 0xf7, 0x1d, 
	0xee, 0xdb, 0xf7, 0x1f, 0xee, 0xdd, 0xf6, 0xdd, 
	0xee, 0xdb, 0xee, 0xdd, 0xf6, 0xdd, 0xf7, 0x5f, 
	0xf7, 0x61, 0xf7, 0xa1, 0xf7, 0x5f, 0xee, 0xdd, 
	0xe6, 0x9b, 0xee, 0xdb, 0xee, 0xdd, 0xee, 0xdb, 
	0xf7, 0x1d, 0xf7, 0x1d, 0xee, 0xdd, 0xf7, 0x5f, 
	0xf7, 0x5f, 0xf7, 0xa3, 0xf7, 0x1f, 0xf7, 0x1f, 
	0xf7, 0x5f, 0xf7, 0x1d, 0xf7, 0x1f, 0xf7, 0x1f, 
	0xf7, 0x1d, 0xf7, 0x5f, 0xf7, 0x1f, 0xf7, 0x1d, 
	0xf6, 0xdd, 0xf7, 0x63, 0xee, 0xdd, 0xf6, 0xdd, 
	0xee, 0xdd, 0xf7, 0x5f, 0xf7, 0x5f, 0xf7, 0x1d, 
	0xf7, 0x1d, 0xf7, 0x1f, 0xf7, 0x61, 0xf7, 0xa1, 
	0xf7, 0x1f, 0xe6, 0x9b, 0xe6, 0x9b, 0xee, 0xdd, 
	0xf7, 0x1d, 0xf7, 0x1d, 0xf7, 0x1d, 0xee, 0xdd, 
	0xf7, 0x61, 0xf7, 0xa3, 0xf7, 0x5f, 0xf7, 0x61, 
	0xf7, 0x61, 0xf7, 0x1f, 0xf7, 0x1f, 0xf7, 0x1f, 
	0xf7, 0x1f, 0xef, 0x1d, 0xf7, 0x61, 0xf7, 0x1d, 
	0xf7, 0x61, 0xf7, 0x5f, 0xf7, 0x1d, 0xee, 0xdb, 
	0xf7, 0x1d, 0xee, 0xdb, 0xf7, 0x1d, 0xf6, 0xdd, 
	0xf7, 0x1d, 0xee, 0xdd, 0xf7, 0x1f, 0xf7, 0x63, 
	0xf7, 0x61, 0xee, 0xdd, 0xef, 0x1d, 0xee, 0x9b, 
	0xf7, 0x1f, 0xf6, 0xdd, 0xf7, 0x1f, 0xef, 0x1d, 
	0xee, 0xdd, 0xf7, 0x1f, 0xf7, 0x5f, 0xef, 0x1f, 
	0xef, 0x1f, 0xf7, 0x1f, 0xee, 0xdd, 0xee, 0xdd, 
	0xf7, 0x1d, 0xf7, 0x5f, 0xf7, 0x5f, 0xf7, 0x1d, 
	0xe6, 0x9b, 0xf7, 0x21, 0xf7, 0x1f, 0xf7, 0x5f, 
	0xf7, 0x9f, 0xf7, 0x5f, 0xf7, 0x1d, 0xf7, 0x1d, 
	0xf7, 0x5f, 0xee, 0xdd, 0xee, 0xdd, 0xf7, 0x61, 
	0xf7, 0x5f, 0xf7, 0x5f, 0xf7, 0x5f, 0xf7, 0x5f, 
	0xee, 0xdd, 0xf7, 0x1d, 0xf6, 0xdd, 0xee, 0xdb, 
	0xee, 0xdd, 0xee, 0xdd, 0xf7, 0x5f, 0xef, 0x1d, 
	0xf6, 0xdd, 0xf7, 0x1d, 0xee, 0xdb, 0xef, 0x1d, 
	0xf7, 0x5f, 0xf7, 0x5f, 0xee, 0xdd, 0xe6, 0x9b, 
	0xe6, 0x59, 0xe6, 0x9b, 0xee, 0xdb, 0xf7, 0x1d, 
	0xf7, 0x5f, 0xf7, 0x61, 0xf7, 0x5f, 0xf7, 0x1d, 
	0xe6, 0x9b, 0xee, 0xdd, 0xe6, 0x9b, 0xef, 0x1f, 
	0xf7, 0x5f, 0xf7, 0x1f, 0xf7, 0x5f, 0xf7, 0xa1, 
	0xf7, 0x1f, 0xf7, 0x1f, 0xf6, 0xdd, 0xee, 0xdf, 
	0xee, 0xdd, 0xf7, 0x1d, 0xf7, 0x1d, 0xf7, 0x5f, 
	0xf7, 0x1f, 0xf6, 0xdd, 0xee, 0xdd, 0xee, 0xdb, 
	0xf7, 0x61, 0xf7, 0x61, 0xe6, 0x9b, 0xe6, 0xdb, 
	0xe6, 0x59, 0xe6, 0x9b, 0xe6, 0x9b, 0xee, 0x9b, 
	0xf7, 0x5f, 0xf7, 0x61, 0xee, 0xdd, 0xf7, 0x1d, 
	0xee, 0x9b, 0xee, 0x9b, 0xee, 0xdd, 0xf7, 0x1f, 
	0xf7, 0x1d, 0xf6, 0xdd, 0xf7, 0xa1, 0xf7, 0x61, 
	0xf7, 0x1d, 0xf7, 0x5f, 0xf7, 0x1d, 0xf7, 0x1f, 
	0xf7, 0x1d, 0xf7, 0x1d, 0xe6, 0x9b, 0xef, 0x1d, 
	0xf7, 0x5f, 0xf7, 0x1d, 0xf7, 0x1d, 0xf7, 0x1d, 
	0xf7, 0x1f, 0xf7, 0xa1, 0xef, 0x5f, 0xef, 0x1d, 
	0xee, 0xdd, 0xee, 0xdb, 0xee, 0xdd, 0xee, 0x9d, 
	0xef, 0x1f, 0xf7, 0x1d, 0xf7, 0x1d, 0xf7, 0x1d, 
	0xf7, 0x1f, 0xee, 0xdd, 0xf7, 0x5f, 0xf7, 0x61, 
	0xf6, 0xdd, 0xee, 0xdb, 0xf7, 0x1d, 0xf7, 0x65, 
	0xf7, 0x1d, 0xf7, 0x5f, 0xf7, 0x5f, 0xf7, 0x1f, 
	0xf7, 0x1d, 0xf6, 0xdd, 0xee, 0xdd, 0xee, 0xdd, 
	0xf7, 0x1f, 0xf7, 0x1d, 0xf7, 0x61, 0xf7, 0x61, 
	0xef, 0x1d, 0xf7, 0x5f, 0xf7, 0x5f, 0xf7, 0x1d, 
	0xef, 0x1d, 0xef, 0x1d, 0xf7, 0x1d, 0xf7, 0x1f, 
	0xf7, 0x1f, 0xf7, 0x1f, 0xf7, 0x1f, 0xf7, 0x1f, 
	0xf7, 0x1f, 0xee, 0xdd, 0xee, 0xdd, 0xee, 0xdb, 
	0xee, 0xdb, 0xee, 0x9b, 0xf7, 0x5f, 0xf7, 0x1f, 
	0xee, 0x9b, 0xf7, 0x61, 0xf7, 0x61, 0xf7, 0x1f, 
	0xee, 0xdd, 0xf7, 0x1d, 0xef, 0x1d, 0xf7, 0x1f, 
	0xf7, 0x1d, 0xf7, 0x5f, 0xf7, 0x61, 0xf7, 0x5f, 
	0xf7, 0x5f, 0xf7, 0x1f, 0xf7, 0x1f, 0xee, 0xdd, 
	0xef, 0x1d, 0xef, 0x1d, 0xee, 0xdd, 0xf7, 0x1f, 
	0xf7, 0x1f, 0xf7, 0x5f, 0xf7, 0x1f, 0xf7, 0x1d, 
	0xf7, 0x1d, 0xf7, 0x5f, 0xf7, 0x1f, 0xf7, 0x1d, 
	0xe6, 0x9b, 0xf7, 0x1d, 0xf7, 0x63, 0xf7, 0x1f, 
	0xf7, 0x61, 0xf7, 0x61, 0xf7, 0x5f, 0xf7, 0x1f, 
	0xf7, 0x1d, 0xf7, 0x1f, 0xf7, 0x1f, 0xee, 0xdd, 
	0xf7, 0x1f, 0xf7, 0x61, 0xf7, 0x1f, 0xf7, 0x1f, 
	0xf7, 0x5f, 0xf7, 0x1f, 0xf7, 0x1f, 0xf7, 0x1f, 
	0xf7, 0x1d, 0xee, 0xdd, 0xee, 0xdd, 0xf7, 0x1d, 
	0xf7, 0x1f, 0xf7, 0x5f, 0xf7, 0x1f, 0xe6, 0xdd, 
	0xf6, 0xdd, 0xf7, 0x1d, 0xf7, 0x1f, 0xf7, 0x1d, 
	0xf7, 0x63, 0xf7, 0x1f, 0xf7, 0x5f, 0xee, 0xdd, 
	0xf7, 0x5f, 0xf7, 0x61, 0xf7, 0x61, 0xf7, 0x1f, 
	0xf7, 0x1f, 0xf7, 0x1f, 0xf7, 0x1f, 0xf7, 0x1f, 
	0xf7, 0x21, 0xf7, 0x1d, 0xf7, 0x1f, 0xee, 0xdd, 
	0xf7, 0x5f, 0xf7, 0x1f, 0xf7, 0x5f, 0xf7, 0x61, 
	0xf7, 0x1d, 0xee, 0xdd, 0xef, 0x1d, 0xf7, 0x1d, 
	0xf7, 0x1f, 0xf7, 0x5f, 0xf7, 0x1f, 0xee, 0xdb, 
	0xee, 0xdd, 0xf7, 0x1d, 0xf7, 0x61, 0xee, 0xdd, 
	0xee, 0xdd, 0xf7, 0x1d, 0xee, 0x9b, 0xe6, 0x9b, 
	0xf7, 0x1f, 0xef, 0x1d, 0xf7, 0x1f, 0xf7, 0x1f, 
	0xf7, 0x21, 0xf7, 0x61, 0xf7, 0x61, 0xf7, 0x1f, 
	0xf7, 0x1f, 0xe6, 0x9b, 0xee, 0x9b, 0xee, 0xdb, 
	0xf7, 0x5f, 0xf7, 0x1d, 0xf7, 0x1f, 0xf7, 0x5f, 
	0xee, 0xdd, 0xf7, 0x1f, 0xf7, 0x1d, 0xee, 0xdd, 
	0xf7, 0x1f, 0xf7, 0x5f, 0xe6, 0x9b, 0xee, 0xdd, 
	0xf7, 0x1f, 0xf7, 0x5f, 0xf7, 0x61, 0xf7, 0x1f, 
	0xf7, 0x1d, 0xf7, 0x1f, 0xee, 0xdd, 0xf7, 0x1f, 
	0xf7, 0x1d, 0xee, 0xdd, 0xee, 0xdd, 0xef, 0x1f, 
	0xf7, 0x61, 0xf7, 0x61, 0xf7, 0x61, 0xf7, 0x1f, 
	0xee, 0xdd, 0xe6, 0x99, 0xee, 0xdb, 0xf6, 0xdd, 
	0xee, 0xdd, 0xee, 0xdd, 0xf7, 0x1f, 0xf7, 0x1f, 
	0xf7, 0x1f, 0xf7, 0x1f, 0xf7, 0x1f, 0xf7, 0x1d, 
	0xf7, 0x1f, 0xf7, 0x1f, 0xee, 0x9b, 0xf6, 0xdd, 
	0xf7, 0x1f, 0xf7, 0x1f, 0xf7, 0x1f, 0xf7, 0x1f, 
	0xf7, 0x5f, 0xf7, 0x1f, 0xf7, 0x5f, 0xf7, 0x1f, 
	0xee, 0xdd, 0xee, 0xdd, 0xee, 0xdd, 0xee, 0xdf, 
	0xf7, 0x1f, 0xf7, 0x1f, 0xf7, 0x1f, 0xf7, 0x61, 
	0xee, 0xdd, 0xe6, 0xdd, 0xf7, 0x1d, 0xf7, 0x5f, 
	0xf7, 0x1d, 0xf7, 0x1d, 0xf7, 0x61, 0xf7, 0x1d, 
	0xf7, 0x1f, 0xf7, 0x1f, 0xf7, 0x21, 0xf7, 0x1f, 
	0xf7, 0x1f, 0xf7, 0x1d, 0xee, 0xdd, 0xf7, 0x1f, 
	0xe6, 0x9d, 0xef, 0x23, 0xf7, 0x1f, 0xee, 0xdd, 
	0xf7, 0x5f, 0xf7, 0x5f, 0xf7, 0x5f, 0xf7, 0x1d, 
	0xee, 0xdd, 0xee, 0xdd, 0xee, 0xdd, 0xf7, 0x1f, 
	0xf7, 0x1f, 0xee, 0xdd, 0xee, 0xdd, 0xf7, 0x1f, 
	0xee, 0xdd, 0xf7, 0x1d, 0xf6, 0xdd, 0xf7, 0x1f, 
	0xf7, 0x5f, 0xf7, 0x1f, 0xf7, 0x1f, 0xf7, 0x1d, 
	0xf7, 0x1d, 0xf7, 0x1d, 0xf7, 0x61, 0xf7, 0x61, 
	0xee, 0xdd, 0xee, 0xdd, 0xf6, 0xdd, 0xf7, 0x1d, 
	0xee, 0xdd, 0xf7, 0x23, 0xf7, 0x1f, 0xee, 0xdd, 
	0xf7, 0x1d, 0xf7, 0x1f, 0xf7, 0x1f, 0xee, 0xdd, 
	0xf7, 0x1d, 0xf7, 0x1d, 0xf7, 0x1f, 0xf7, 0x1f, 
	0xef, 0x1d, 0xee, 0xdd, 0xef, 0x1d, 0xf7, 0x1f, 
	0xf7, 0x1f, 0xf7, 0x61, 0xf7, 0x1d, 0xf7, 0x1f, 
	0xee, 0xdd, 0xf7, 0x1d, 0xf7, 0x1f, 0xf7, 0x5f, 
	0xf7, 0x1f, 0xf7, 0x1f, 0xf7, 0x5f, 0xf7, 0xa3, 
	0xf7, 0x61, 0xf7, 0x63, 0xee, 0xdd, 0xf7, 0x5f, 
	0xf7, 0x63, 0xf7, 0x1f, 0xf7, 0x1f, 0xf7, 0x1f, 
	0xee, 0xdd, 0xf7, 0x1d, 0xee, 0xdd, 0xee, 0xdd, 
	0xee, 0xdd, 0xf7, 0x1f, 0xf7, 0x1f, 0xf7, 0x1f, 
	0xf6, 0xdd, 0xef, 0x1d, 0xf7, 0x1d, 0xee, 0xdd, 
	0xf7, 0x1f, 0xf7, 0x61, 0xf6, 0xdd, 0xf7, 0x1f, 
	0xef, 0x21, 0xee, 0xdd, 0xf7, 0x5f, 0xef, 0x1d, 
	0xe6, 0xdd, 0xf7, 0x1d, 0xf7, 0x1d, 0xf6, 0xdd, 
	0xf7, 0x1d, 0xee, 0xdd, 0xf7, 0x61, 0xf7, 0xa3, 
	0xf7, 0x1f, 0xf7, 0x1f, 0xf7, 0x1f, 0xee, 0xdd, 
	0xee, 0xdb, 0xee, 0xdd, 0xee, 0xdb, 0xee, 0x9b, 
	0xee, 0xdd, 0xf6, 0xdd, 0xf7, 0x1f, 0xf7, 0x1d, 
	0xf7, 0x1d, 0xf7, 0x1d, 0xf7, 0x1d, 0xef, 0x1d, 
	0xf7, 0x5f, 0xf7, 0x1d, 0xf6, 0xdd, 0xf7, 0x1f, 
	0xe6, 0x9d, 0xee, 0xdd, 0xf7, 0x1f, 0xee, 0xdd, 
	0xe6, 0x9b, 0xee, 0xdb, 0xf7, 0x1d, 0xee, 0xdd, 
	0xf7, 0x1d, 0xe6, 0x9b, 0xf7, 0x5f, 0xee, 0xdd, 
	0xee, 0xdd, 0xef, 0x1d, 0xef, 0x1d, 0xee, 0xdb, 
	0xee, 0x9b, 0xee, 0xdd, 0xee, 0xdb, 0xee, 0xdd, 
	0xee, 0xdd, 0xf6, 0xdd, 0xf7, 0x1d, 0xf6, 0xdd, 
	0xee, 0xdd, 0xf7, 0x1d, 0xf7, 0x1f, 0xf7, 0x1f, 
	0xf7, 0x1f, 0xf7, 0x1d, 0xf7, 0x1f, 0xf7, 0x1d, 
	0xee, 0xdd, 0xf7, 0x1f, 0xf7, 0x1f, 0xef, 0x1f, 
	0xe6, 0x9b, 0xee, 0xdd, 0xf7, 0x1f, 0xee, 0xdd, 
	0xf7, 0x1d, 0xf7, 0x1d, 0xf7, 0x1f, 0xf7, 0x1f, 
	0xee, 0xdd, 0xee, 0x9b, 0xee, 0x9b, 0xee, 0x9b, 
	0xee, 0xdb, 0xf6, 0xdd, 0xf6, 0xdd, 0xee, 0xdd, 
	0xee, 0xdd, 0xee, 0xdd, 0xee, 0xdd, 0xee, 0xdd, 
	0xee, 0xdd, 0xf7, 0x1d, 0xf7, 0x1f, 0xf7, 0x1f, 
	0xf7, 0x1f, 0xf7, 0x1f, 0xf7, 0x1d, 0xee, 0xdd, 
	0xee, 0xdd, 0xf7, 0x1d, 0xf7, 0x1d, 0xf7, 0x1d, 
	0xee, 0xdd, 0xee, 0xdd, 0xee, 0xdb, 0xf7, 0x1d, 
	0xf6, 0xdd, 0xf7, 0x1d, 0xef, 0x1d, 0xee, 0xdd, 
	0xe6, 0x9b, 0xe6, 0x9b, 0xe6, 0xdd, 0xee, 0xdb, 
	0xf6, 0xdd, 0xf7, 0x1d, 0xee, 0xdd, 0xee, 0xdd, 
	0xe6, 0x9b, 0xe6, 0x9b, 0xe6, 0x9b, 0xee, 0xdd, 
	0xf7, 0x1f, 0xee, 0xdd, 0xf7, 0x1f, 0xf7, 0x1f, 
	0xf7, 0x1f, 0xf6, 0xdd, 0xf6, 0xdd, 0xee, 0xdd, 
	0xee, 0xdd, 0xee, 0xdd, 0xee, 0xdd, 0xee, 0xdd, 
	0xee, 0xdd, 0xee, 0xdd, 0xee, 0xdb, 0xee, 0xdd, 
	0xf6, 0xdd, 0xf6, 0xdd, 0xf6, 0xdd, 0xe6, 0x9b, 
	0xe6, 0x9b, 0xe6, 0x9d, 0xef, 0x1f, 0xef, 0x1d, 
	0xee, 0xdd, 0xee, 0xdd, 0xee, 0x9b, 0xee, 0xdb, 
	0xee, 0xdd, 0xef, 0x1d, 0xee, 0xdd, 0xf7, 0x1d, 
	0xef, 0x1d, 0xee, 0xdd, 0xee, 0xdd, 0xf7, 0x1f, 
	0xf7, 0x1d, 0xf6, 0xdd, 0xf6, 0xdd, 0xf6, 0xdd, 
	0xee, 0xdd, 0xee, 0xdd, 0xee, 0xdd, 0xee, 0xdd, 
	0xee, 0xdd, 0xef, 0x1f, 0xee, 0xdd, 0xee, 0xdd, 
	0xf7, 0x1f, 0xee, 0xdd, 0xf7, 0x1d, 0xee, 0xdd, 
	0xee, 0xdd, 0xf7, 0x1f, 0xf6, 0xdf, 0xee, 0xdd, 
	0xee, 0xdd, 0xee, 0x9b, 0xee, 0xdd, 0xf7, 0x5f, 
	0xf7, 0x5f, 0xf7, 0x1d, 0xe6, 0xdb, 0xee, 0xdd, 
	0xee, 0xdd, 0xee, 0xdd, 0xe6, 0xdd, 0xee, 0xdd, 
	0xee, 0xdd, 0xf6, 0xdd, 0xf7, 0x1d, 0xf6, 0xdd, 
	0xf6, 0xdd, 0xf6, 0xdd, 0xee, 0xdd, 0xee, 0xdd, 
	0xee, 0x9d, 0xf7, 0x1f, 0xf7, 0x1f, 0xee, 0xdb, 
	0xf7, 0x1f, 0xf7, 0x61, 0xee, 0xdd, 0xee, 0xdd, 
	0xee, 0xdd, 0xf7, 0x1d, 0xee, 0xdd, 0xee, 0xdf, 
	0xef, 0x21, 0xee, 0xdd, 0xee, 0xdd, 0xf7, 0x5f, 
	0xf7, 0x61, 0xf7, 0x61, 0xee, 0xdd, 0xee, 0xdb, 
	0xf7, 0x1d, 0xee, 0xdd, 0xef, 0x1d, 0xee, 0xdd, 
	0xee, 0xdd, 0xf6, 0xdd, 0xf7, 0x1d, 0xf6, 0xdd, 
	0xf6, 0xdd, 0xf6, 0xdd, 0xf7, 0x1d, 0xee, 0xdd, 
	0xee, 0xdd, 0xee, 0xdd, 0xf7, 0x1d, 0xf7, 0x1d, 
	0xef, 0x1d, 0xf7, 0x1f, 0xf7, 0x1f, 0xee, 0xdd, 
	
};

Gfx jrb_dl_I8_light_cloud_i4_aligner[] = {gsSPEndDisplayList()};
u8 jrb_dl_I8_light_cloud_i4[] = {
	0xfe, 0xee, 0xef, 0xff, 0xff, 0xff, 0xff, 0xff, 
	0xed, 0xdc, 0xbb, 0xbc, 0xde, 0xed, 0xdd, 0xdd, 
	0xef, 0xee, 0xdd, 0xdd, 0xcb, 0xcd, 0xee, 0xee, 
	0xff, 0xfe, 0xef, 0xff, 0xff, 0xff, 0xfe, 0xff, 
	0xfe, 0xdd, 0xef, 0xff, 0xff, 0xff, 0xff, 0xff, 
	0xfe, 0xdd, 0xcc, 0xcc, 0xde, 0xee, 0xdd, 0xdd, 
	0xee, 0xee, 0xdd, 0xdd, 0xcc, 0xcd, 0xee, 0xee, 
	0xef, 0xfe, 0xef, 0xff, 0xff, 0xff, 0xff, 0xff, 
	0xfe, 0xee, 0xee, 0xff, 0xff, 0xff, 0xff, 0xff, 
	0xfe, 0xed, 0xdc, 0xcd, 0xde, 0xee, 0xee, 0xdd, 
	0xee, 0xee, 0xee, 0xed, 0xdc, 0xcc, 0xdd, 0xde, 
	0xee, 0xee, 0xef, 0xfe, 0xef, 0xff, 0xff, 0xff, 
	0xee, 0xde, 0xee, 0xff, 0xff, 0xff, 0xfe, 0xff, 
	0xff, 0xee, 0xed, 0xdd, 0xee, 0xee, 0xee, 0xee, 
	0xee, 0xee, 0xee, 0xee, 0xdc, 0xcc, 0xcc, 0xdd, 
	0xde, 0xee, 0xef, 0xee, 0xef, 0xee, 0xff, 0xfe, 
	0xdd, 0xde, 0xef, 0xff, 0xff, 0xfe, 0xee, 0xee, 
	0xff, 0xfe, 0xee, 0xde, 0xee, 0xee, 0xee, 0xee, 
	0xde, 0xee, 0xee, 0xee, 0xed, 0xcc, 0xcc, 0xcc, 
	0xdd, 0xee, 0xee, 0xed, 0xee, 0xef, 0xff, 0xed, 
	0xdd, 0xde, 0xef, 0xff, 0xff, 0xee, 0xdd, 0xee, 
	0xee, 0xee, 0xee, 0xee, 0xee, 0xee, 0xee, 0xed, 
	0xdd, 0xdd, 0xee, 0xee, 0xed, 0xcc, 0xcb, 0xbc, 
	0xcd, 0xde, 0xee, 0xdd, 0xee, 0xee, 0xee, 0xcc, 
	0xcd, 0xee, 0xff, 0xff, 0xff, 0xee, 0xdd, 0xee, 
	0xee, 0xee, 0xee, 0xee, 0xee, 0xee, 0xee, 0xdd, 
	0xcc, 0xdd, 0xee, 0xee, 0xed, 0xcc, 0xcb, 0xbb, 
	0xcd, 0xdd, 0xde, 0xee, 0xee, 0xee, 0xed, 0xcc, 
	0xcd, 0xef, 0xff, 0xff, 0xff, 0xfe, 0xdd, 0xee, 
	0xee, 0xee, 0xee, 0xdd, 0xde, 0xee, 0xed, 0xcc, 
	0xbc, 0xcd, 0xee, 0xee, 0xed, 0xcc, 0xcb, 0xbb, 
	0xcd, 0xdd, 0xde, 0xee, 0xee, 0xdd, 0xdc, 0xdd, 
	0xcd, 0xff, 0xff, 0xff, 0xff, 0xef, 0xfe, 0xdd, 
	0xee, 0xee, 0xee, 0xdd, 0xdd, 0xdd, 0xcc, 0xbb, 
	0xbc, 0xcd, 0xee, 0xee, 0xdd, 0xcc, 0xcb, 0xbb, 
	0xbc, 0xdd, 0xdd, 0xed, 0xde, 0xee, 0xec, 0xcc, 
	0xde, 0xff, 0xff, 0xff, 0xff, 0xef, 0xfe, 0xcd, 
	0xee, 0xee, 0xee, 0xed, 0xdc, 0xcc, 0xcb, 0xbb, 
	0xbc, 0xde, 0xee, 0xee, 0xdc, 0xcc, 0xcb, 0xbb, 
	0xbb, 0xcc, 0xdd, 0xdd, 0xde, 0xee, 0xed, 0xcc, 
	0xde, 0xff, 0xff, 0xfe, 0xee, 0xee, 0xed, 0xcc, 
	0xdd, 0xee, 0xee, 0xdd, 0xcc, 0xcb, 0xbb, 0xbc, 
	0xde, 0xef, 0xfe, 0xed, 0xdc, 0xcc, 0xcc, 0xbb, 
	0xbb, 0xcc, 0xdd, 0xdd, 0xde, 0xee, 0xee, 0xee, 
	0xee, 0xff, 0xff, 0xfe, 0xdd, 0xde, 0xed, 0xcb, 
	0xcd, 0xee, 0xee, 0xdc, 0xcc, 0xbb, 0xbc, 0xce, 
	0xef, 0xff, 0xfe, 0xed, 0xcb, 0xbc, 0xcc, 0xbb, 
	0xbb, 0xbc, 0xcd, 0xdd, 0xdd, 0xde, 0xef, 0xff, 
	0xef, 0xff, 0xfe, 0xed, 0xcc, 0xdd, 0xed, 0xcb, 
	0xcd, 0xee, 0xed, 0xdd, 0xcc, 0xcb, 0xbc, 0xde, 
	0xff, 0xff, 0xee, 0xdd, 0xcc, 0xbc, 0xbb, 0xbb, 
	0xbb, 0xbb, 0xcc, 0xcd, 0xdd, 0xde, 0xef, 0xff, 
	0xee, 0xff, 0xee, 0xdc, 0xcc, 0xcd, 0xdc, 0xbc, 
	0xcc, 0xdd, 0xdd, 0xcc, 0xcc, 0xcb, 0xcd, 0xef, 
	0xff, 0xff, 0xee, 0xdc, 0xcc, 0xcc, 0xbb, 0xbb, 
	0xbb, 0xbb, 0xbc, 0xcd, 0xdd, 0xde, 0xee, 0xee, 
	0xee, 0xfe, 0xed, 0xcc, 0xdc, 0xcc, 0xcc, 0xcc, 
	0xdd, 0xdd, 0xdd, 0xcc, 0xcc, 0xcc, 0xde, 0xef, 
	0xff, 0xff, 0xee, 0xdd, 0xcc, 0xbc, 0xbc, 0xbb, 
	0xbb, 0xcb, 0xcc, 0xcd, 0xdd, 0xdd, 0xdd, 0xee, 
	0xee, 0xee, 0xdd, 0xcd, 0xdd, 0xdc, 0xcc, 0xcd, 
	0xdd, 0xdd, 0xdd, 0xcc, 0xcc, 0xcd, 0xee, 0xff, 
	0xff, 0xff, 0xfe, 0xdd, 0xcc, 0xbb, 0xbc, 0xbb, 
	0xbb, 0xbb, 0xcc, 0xcd, 0xdc, 0xdd, 0xdd, 0xee, 
	0xee, 0xdd, 0xdc, 0xcd, 0xdd, 0xdc, 0xcc, 0xcd, 
	0xdd, 0xdd, 0xdd, 0xdc, 0xcc, 0xde, 0xef, 0xff, 
	0xff, 0xff, 0xee, 0xee, 0xdc, 0xcb, 0xbb, 0xbb, 
	0xbb, 0xbc, 0xcc, 0xcc, 0xcb, 0xcc, 0xcd, 0xee, 
	0xed, 0xdd, 0xdc, 0xcc, 0xdd, 0xcc, 0xcc, 0xcd, 
	0xdd, 0xdd, 0xdd, 0xdd, 0xdd, 0xee, 0xff, 0xff, 
	0xff, 0xff, 0xfe, 0xee, 0xed, 0xcb, 0xbb, 0xbb, 
	0xcc, 0xcc, 0xcc, 0xbb, 0xbb, 0xbc, 0xdd, 0xdd, 
	0xdd, 0xdd, 0xcc, 0xcc, 0xcc, 0xcc, 0xcc, 0xcc, 
	0xdd, 0xdd, 0xdd, 0xdd, 0xde, 0xef, 0xff, 0xff, 
	0xff, 0xff, 0xff, 0xee, 0xed, 0xdc, 0xbb, 0xcc, 
	0xcc, 0xcc, 0xcc, 0xbb, 0xbb, 0xcd, 0xdd, 0xdd, 
	0xdd, 0xdd, 0xcc, 0xbb, 0xbb, 0xcc, 0xcc, 0xcc, 
	0xdd, 0xdd, 0xcc, 0xdd, 0xde, 0xef, 0xff, 0xff, 
	0xff, 0xff, 0xff, 0xff, 0xee, 0xdd, 0xcc, 0xcc, 
	0xcc, 0xcc, 0xcc, 0xbb, 0xbb, 0xcc, 0xdd, 0xdd, 
	0xed, 0xdc, 0xcb, 0xbb, 0xbb, 0xbc, 0xcc, 0xcc, 
	0xcc, 0xcc, 0xcc, 0xcd, 0xdd, 0xee, 0xff, 0xff, 
	0xff, 0xff, 0xff, 0xff, 0xfe, 0xed, 0xdc, 0xcc, 
	0xdc, 0xcc, 0xcc, 0xbb, 0xbb, 0xcc, 0xdd, 0xde, 
	0xed, 0xdd, 0xcc, 0xbb, 0xbb, 0xbb, 0xbc, 0xcc, 
	0xcb, 0xcc, 0xbc, 0xcd, 0xdd, 0xee, 0xef, 0xff, 
	0xff, 0xff, 0xff, 0xff, 0xff, 0xee, 0xdc, 0xcc, 
	0xcc, 0xcc, 0xcc, 0xcb, 0xbc, 0xcd, 0xde, 0xee, 
	0xee, 0xdd, 0xcc, 0xcb, 0xbb, 0xbb, 0xbc, 0xcc, 
	0xbc, 0xcc, 0xcc, 0xcd, 0xee, 0xee, 0xee, 0xff, 
	0xff, 0xff, 0xff, 0xff, 0xff, 0xee, 0xdd, 0xcc, 
	0xcc, 0xcc, 0xcc, 0xcc, 0xcd, 0xde, 0xee, 0xee, 
	0xee, 0xed, 0xdd, 0xcc, 0xcb, 0xbb, 0xbc, 0xcc, 
	0xcc, 0xdc, 0xcd, 0xdd, 0xee, 0xee, 0xee, 0xff, 
	0xff, 0xff, 0xff, 0xff, 0xff, 0xfe, 0xed, 0xdd, 
	0xcc, 0xcc, 0xcc, 0xcc, 0xdd, 0xee, 0xee, 0xee, 
	0xee, 0xee, 0xed, 0xdd, 0xdd, 0xcc, 0xcc, 0xcc, 
	0xcc, 0xdd, 0xdd, 0xde, 0xef, 0xfe, 0xee, 0xef, 
	0xff, 0xff, 0xff, 0xff, 0xff, 0xfe, 0xfe, 0xdd, 
	0xcc, 0xcc, 0xcc, 0xcd, 0xde, 0xee, 0xee, 0xee, 
	0xee, 0xee, 0xed, 0xde, 0xee, 0xdd, 0xdd, 0xdd, 
	0xdd, 0xdd, 0xdd, 0xde, 0xef, 0xff, 0xfe, 0xef, 
	0xff, 0xff, 0xff, 0xff, 0xff, 0xff, 0xff, 0xed, 
	0xdc, 0xdc, 0xcc, 0xcd, 0xde, 0xee, 0xee, 0xee, 
	0xee, 0xee, 0xed, 0xdd, 0xee, 0xee, 0xdd, 0xde, 
	0xdc, 0xdd, 0xdd, 0xef, 0xff, 0xff, 0xfe, 0xef, 
	0xff, 0xff, 0xff, 0xff, 0xff, 0xff, 0xfe, 0xed, 
	0xdc, 0xcc, 0xcc, 0xcd, 0xee, 0xee, 0xee, 0xee, 
	0xee, 0xee, 0xed, 0xdd, 0xde, 0xee, 0xee, 0xdd, 
	0xdc, 0xdd, 0xdd, 0xef, 0xff, 0xff, 0xff, 0xef, 
	0xff, 0xff, 0xff, 0xff, 0xff, 0xff, 0xfe, 0xed, 
	0xdc, 0xcc, 0xcc, 0xcd, 0xee, 0xee, 0xee, 0xee, 
	0xee, 0xee, 0xdd, 0xdc, 0xdd, 0xee, 0xee, 0xee, 
	0xed, 0xdd, 0xdd, 0xef, 0xff, 0xff, 0xff, 0xff, 
	0xff, 0xff, 0xff, 0xff, 0xff, 0xff, 0xff, 0xed, 
	0xdc, 0xcc, 0xcc, 0xcd, 0xee, 0xee, 0xee, 0xee, 
	0xee, 0xee, 0xdd, 0xdc, 0xcd, 0xde, 0xee, 0xee, 
	0xed, 0xdd, 0xdd, 0xef, 0xff, 0xff, 0xff, 0xff, 
	0xff, 0xff, 0xff, 0xff, 0xff, 0xff, 0xff, 0xee, 
	0xdc, 0xcc, 0xbb, 0xcd, 0xee, 0xee, 0xee, 0xee, 
	0xee, 0xee, 0xdd, 0xdc, 0xcc, 0xde, 0xee, 0xee, 
	0xee, 0xdd, 0xdd, 0xef, 0xff, 0xfe, 0xff, 0xff, 
	0xff, 0xff, 0xff, 0xff, 0xff, 0xff, 0xff, 0xfe, 
	0xdc, 0xcb, 0xbb, 0xbd, 0xee, 0xee, 0xed, 0xee, 
	0xef, 0xee, 0xdd, 0xdc, 0xcb, 0xcd, 0xee, 0xee, 
	0xfe, 0xee, 0xee, 0xff, 0xff, 0xff, 0xff, 0xff, 
	0xff, 0xee, 0xff, 0xef, 0xff, 0xff, 0xff, 0xfe, 
	0xed, 0xcc, 0xbb, 0xbc, 0xde, 0xed, 0xdd, 0xde, 
	0xff, 0xee, 0xdd, 0xdd, 0xcb, 0xcd, 0xee, 0xee, 
	0xff, 0xfe, 0xef, 0xff, 0xff, 0xff, 0xfe, 0xff, 
	0xfe, 0xee, 0xef, 0xff, 0xff, 0xff, 0xff, 0xff, 
	0xed, 0xdc, 0xbb, 0xbc, 0xde, 0xed, 0xdd, 0xdd, 
	0xee, 0xee, 0xdd, 0xdd, 0xcc, 0xcd, 0xee, 0xee, 
	0xef, 0xfe, 0xef, 0xff, 0xff, 0xff, 0xff, 0xff, 
	0xfe, 0xdd, 0xef, 0xff, 0xff, 0xff, 0xff, 0xff, 
	0xfe, 0xdd, 0xcc, 0xcc, 0xde, 0xee, 0xdd, 0xdd, 
	0xee, 0xee, 0xee, 0xed, 0xdc, 0xcc, 0xdd, 0xde, 
	0xee, 0xee, 0xef, 0xfe, 0xef, 0xff, 0xff, 0xff, 
	0xfe, 0xee, 0xee, 0xff, 0xff, 0xff, 0xff, 0xff, 
	0xfe, 0xed, 0xdc, 0xcd, 0xde, 0xee, 0xee, 0xdd, 
	0xee, 0xee, 0xee, 0xee, 0xdc, 0xcc, 0xcc, 0xdd, 
	0xde, 0xee, 0xef, 0xee, 0xef, 0xee, 0xff, 0xfe, 
	0xee, 0xde, 0xee, 0xff, 0xff, 0xff, 0xfe, 0xff, 
	0xff, 0xee, 0xed, 0xdd, 0xee, 0xee, 0xee, 0xee, 
	0xde, 0xee, 0xee, 0xee, 0xed, 0xcc, 0xcc, 0xcc, 
	0xdd, 0xee, 0xee, 0xed, 0xee, 0xef, 0xff, 0xed, 
	0xdd, 0xde, 0xef, 0xff, 0xff, 0xfe, 0xee, 0xee, 
	0xff, 0xfe, 0xee, 0xde, 0xee, 0xee, 0xee, 0xee, 
	0xdd, 0xdd, 0xee, 0xee, 0xed, 0xcc, 0xcb, 0xbc, 
	0xcd, 0xde, 0xee, 0xdd, 0xee, 0xee, 0xee, 0xcc, 
	0xdd, 0xde, 0xef, 0xff, 0xff, 0xee, 0xdd, 0xee, 
	0xee, 0xee, 0xee, 0xee, 0xee, 0xee, 0xee, 0xed, 
	0xcc, 0xdd, 0xee, 0xee, 0xed, 0xcc, 0xcb, 0xbb, 
	0xcd, 0xdd, 0xde, 0xee, 0xee, 0xee, 0xed, 0xcc, 
	0xcd, 0xee, 0xff, 0xff, 0xff, 0xee, 0xdd, 0xee, 
	0xee, 0xee, 0xee, 0xee, 0xee, 0xee, 0xee, 0xdd, 
	0xbc, 0xcd, 0xee, 0xee, 0xed, 0xcc, 0xcb, 0xbb, 
	0xcd, 0xdd, 0xde, 0xee, 0xee, 0xdd, 0xdc, 0xdd, 
	0xcd, 0xef, 0xff, 0xff, 0xff, 0xfe, 0xdd, 0xee, 
	0xee, 0xee, 0xee, 0xdd, 0xde, 0xee, 0xed, 0xcc, 
	0xbc, 0xcd, 0xee, 0xee, 0xdd, 0xcc, 0xcb, 0xbb, 
	0xbc, 0xdd, 0xdd, 0xed, 0xde, 0xee, 0xec, 0xcc, 
	0xcd, 0xff, 0xff, 0xff, 0xff, 0xef, 0xfe, 0xdd, 
	0xee, 0xee, 0xee, 0xdd, 0xdd, 0xdd, 0xcc, 0xbb, 
	0xbc, 0xde, 0xee, 0xee, 0xdc, 0xcc, 0xcb, 0xbb, 
	0xbb, 0xcc, 0xdd, 0xdd, 0xde, 0xee, 0xed, 0xcc, 
	0xde, 0xff, 0xff, 0xff, 0xff, 0xef, 0xfe, 0xcd, 
	0xee, 0xee, 0xee, 0xed, 0xdc, 0xcc, 0xcb, 0xbb, 
	0xde, 0xef, 0xfe, 0xed, 0xdc, 0xcc, 0xcc, 0xbb, 
	0xbb, 0xcc, 0xdd, 0xdd, 0xde, 0xee, 0xee, 0xee, 
	0xde, 0xff, 0xff, 0xfe, 0xee, 0xee, 0xed, 0xcc, 
	0xdd, 0xee, 0xee, 0xdd, 0xcc, 0xcb, 0xbb, 0xbc, 
	0xef, 0xff, 0xfe, 0xed, 0xcb, 0xbc, 0xcc, 0xbb, 
	0xbb, 0xbc, 0xcd, 0xdd, 0xdd, 0xde, 0xef, 0xff, 
	0xee, 0xff, 0xff, 0xfe, 0xdd, 0xde, 0xed, 0xcb, 
	0xcd, 0xee, 0xee, 0xdc, 0xcc, 0xbb, 0xbc, 0xce, 
	0xff, 0xff, 0xee, 0xdd, 0xcc, 0xbc, 0xbb, 0xbb, 
	0xbb, 0xbb, 0xcc, 0xcd, 0xdd, 0xde, 0xef, 0xff, 
	0xef, 0xff, 0xfe, 0xed, 0xcc, 0xdd, 0xed, 0xcb, 
	0xcd, 0xee, 0xed, 0xdd, 0xcc, 0xcb, 0xbc, 0xde, 
	0xff, 0xff, 0xee, 0xdc, 0xcc, 0xcc, 0xbb, 0xbb, 
	0xbb, 0xbb, 0xbc, 0xcd, 0xdd, 0xde, 0xee, 0xee, 
	0xee, 0xff, 0xee, 0xdc, 0xcc, 0xcd, 0xdc, 0xbc, 
	0xcc, 0xdd, 0xdd, 0xcc, 0xcc, 0xcb, 0xcd, 0xef, 
	0xff, 0xff, 0xee, 0xdd, 0xcc, 0xbc, 0xbc, 0xbb, 
	0xbb, 0xcb, 0xcc, 0xcd, 0xdd, 0xdd, 0xdd, 0xee, 
	0xee, 0xfe, 0xed, 0xcc, 0xdc, 0xcc, 0xcc, 0xcc, 
	0xdd, 0xdd, 0xdd, 0xcc, 0xcc, 0xcc, 0xde, 0xef, 
	0xff, 0xff, 0xfe, 0xdd, 0xcc, 0xbb, 0xbc, 0xbb, 
	0xbb, 0xbb, 0xcc, 0xcd, 0xdc, 0xdd, 0xdd, 0xee, 
	0xee, 0xee, 0xdd, 0xcd, 0xdd, 0xdc, 0xcc, 0xcd, 
	0xdd, 0xdd, 0xdd, 0xcc, 0xcc, 0xcd, 0xee, 0xff, 
	0xff, 0xff, 0xee, 0xee, 0xdc, 0xcb, 0xbb, 0xbb, 
	0xbb, 0xbc, 0xcc, 0xcc, 0xcb, 0xcc, 0xcd, 0xee, 
	0xee, 0xdd, 0xdc, 0xcd, 0xdd, 0xdc, 0xcc, 0xcd, 
	0xdd, 0xdd, 0xdd, 0xdc, 0xcc, 0xde, 0xef, 0xff, 
	0xff, 0xff, 0xfe, 0xee, 0xed, 0xcb, 0xbb, 0xbb, 
	0xcc, 0xcc, 0xcc, 0xbb, 0xbb, 0xbc, 0xdd, 0xdd, 
	0xed, 0xdd, 0xdc, 0xcc, 0xdd, 0xcc, 0xcc, 0xcd, 
	0xdd, 0xdd, 0xdd, 0xdd, 0xdd, 0xee, 0xff, 0xff, 
	0xff, 0xff, 0xff, 0xee, 0xed, 0xdc, 0xbb, 0xcc, 
	0xcc, 0xcc, 0xcc, 0xbb, 0xbb, 0xcd, 0xdd, 0xdd, 
	0xdd, 0xdd, 0xcc, 0xcc, 0xcc, 0xcc, 0xcc, 0xcc, 
	0xdd, 0xdd, 0xdd, 0xdd, 0xde, 0xef, 0xff, 0xff, 
	0xff, 0xff, 0xff, 0xff, 0xee, 0xdd, 0xcc, 0xcc, 
	0xcc, 0xcc, 0xcc, 0xbb, 0xbb, 0xcc, 0xdd, 0xdd, 
	0xdd, 0xdd, 0xcc, 0xbb, 0xbb, 0xcc, 0xcc, 0xcc, 
	0xdd, 0xdd, 0xcc, 0xdd, 0xde, 0xef, 0xff, 0xff, 
	0xff, 0xff, 0xff, 0xff, 0xfe, 0xed, 0xdc, 0xcc, 
	0xdc, 0xcc, 0xcc, 0xbb, 0xbb, 0xcc, 0xdd, 0xde, 
	0xed, 0xdc, 0xcb, 0xbb, 0xbb, 0xbc, 0xcc, 0xcc, 
	0xcc, 0xcc, 0xcc, 0xcd, 0xdd, 0xee, 0xff, 0xff, 
	0xff, 0xff, 0xff, 0xff, 0xff, 0xee, 0xdc, 0xcc, 
	0xcc, 0xcc, 0xcc, 0xcb, 0xbc, 0xcd, 0xde, 0xee, 
	0xed, 0xdd, 0xcc, 0xbb, 0xbb, 0xbb, 0xbc, 0xcc, 
	0xcb, 0xcc, 0xbc, 0xcd, 0xdd, 0xee, 0xef, 0xff, 
	0xff, 0xff, 0xff, 0xff, 0xff, 0xee, 0xdd, 0xcc, 
	0xcc, 0xcc, 0xcc, 0xcc, 0xcd, 0xde, 0xee, 0xee, 
	0xee, 0xdd, 0xcc, 0xcb, 0xbb, 0xbb, 0xbc, 0xcc, 
	0xbc, 0xcc, 0xcc, 0xcd, 0xee, 0xee, 0xee, 0xff, 
	0xff, 0xff, 0xff, 0xff, 0xff, 0xfe, 0xed, 0xdd, 
	0xcc, 0xcc, 0xcc, 0xcc, 0xdd, 0xee, 0xee, 0xee, 
	0xee, 0xed, 0xdd, 0xcc, 0xcb, 0xbb, 0xbc, 0xcc, 
	0xcc, 0xdc, 0xcd, 0xdd, 0xee, 0xee, 0xee, 0xff, 
	0xff, 0xff, 0xff, 0xff, 0xff, 0xfe, 0xfe, 0xdd, 
	0xcc, 0xcc, 0xcc, 0xcd, 0xde, 0xee, 0xee, 0xee, 
	0xee, 0xee, 0xed, 0xdd, 0xdd, 0xcc, 0xcc, 0xcc, 
	0xcc, 0xdd, 0xdd, 0xde, 0xef, 0xfe, 0xee, 0xef, 
	0xff, 0xff, 0xff, 0xff, 0xff, 0xff, 0xff, 0xed, 
	0xdc, 0xdc, 0xcc, 0xcd, 0xde, 0xee, 0xee, 0xee, 
	0xee, 0xee, 0xed, 0xde, 0xee, 0xdd, 0xdd, 0xdd, 
	0xdd, 0xdd, 0xdd, 0xde, 0xef, 0xff, 0xfe, 0xef, 
	0xff, 0xff, 0xff, 0xff, 0xff, 0xff, 0xfe, 0xed, 
	0xdc, 0xcc, 0xcc, 0xcd, 0xee, 0xee, 0xee, 0xee, 
	0xee, 0xee, 0xed, 0xdd, 0xee, 0xee, 0xdd, 0xde, 
	0xdc, 0xdd, 0xdd, 0xef, 0xff, 0xff, 0xfe, 0xef, 
	0xff, 0xff, 0xff, 0xff, 0xff, 0xff, 0xfe, 0xed, 
	0xdc, 0xcc, 0xcc, 0xcd, 0xee, 0xee, 0xee, 0xee, 
	0xee, 0xee, 0xed, 0xdd, 0xde, 0xee, 0xee, 0xdd, 
	0xdc, 0xdd, 0xdd, 0xef, 0xff, 0xff, 0xff, 0xef, 
	0xff, 0xff, 0xff, 0xff, 0xff, 0xff, 0xff, 0xed, 
	0xdc, 0xcc, 0xcc, 0xcd, 0xee, 0xee, 0xee, 0xee, 
	0xee, 0xee, 0xdd, 0xdc, 0xdd, 0xee, 0xee, 0xee, 
	0xed, 0xdd, 0xdd, 0xef, 0xff, 0xff, 0xff, 0xff, 
	0xff, 0xff, 0xff, 0xff, 0xff, 0xff, 0xff, 0xee, 
	0xdc, 0xcc, 0xbb, 0xcd, 0xee, 0xee, 0xee, 0xee, 
	0xee, 0xee, 0xdd, 0xdc, 0xcd, 0xde, 0xee, 0xee, 
	0xed, 0xdd, 0xdd, 0xef, 0xff, 0xff, 0xff, 0xff, 
	0xff, 0xff, 0xff, 0xff, 0xff, 0xff, 0xff, 0xfe, 
	0xdc, 0xcb, 0xbb, 0xbd, 0xee, 0xee, 0xed, 0xee, 
	0xee, 0xee, 0xdd, 0xdc, 0xcc, 0xde, 0xee, 0xee, 
	0xee, 0xdd, 0xdd, 0xef, 0xff, 0xfe, 0xff, 0xff, 
	0xff, 0xee, 0xff, 0xef, 0xff, 0xff, 0xff, 0xfe, 
	0xed, 0xcc, 0xbb, 0xbc, 0xde, 0xed, 0xdd, 0xde, 
	0xef, 0xee, 0xdd, 0xdc, 0xcb, 0xcd, 0xee, 0xee, 
	0xfe, 0xee, 0xee, 0xff, 0xff, 0xff, 0xff, 0xff, 
	
};

Gfx jrb_dl_FIR_O_F_METEORITE01_ci4_aligner[] = {gsSPEndDisplayList()};
u8 jrb_dl_FIR_O_F_METEORITE01_ci4[] = {
	0x01, 0x00, 0x01, 0x23, 0x41, 0x10, 0x00, 0x05, 
	0x51, 0x05, 0x23, 0x36, 0x10, 0x15, 0x57, 0x37, 
	0x89, 0x87, 0x28, 0xab, 0x31, 0x05, 0x55, 0xcc, 
	0xc6, 0x57, 0x37, 0x97, 0x25, 0x61, 0x56, 0x61, 
	0x01, 0x10, 0x05, 0xd4, 0x72, 0x15, 0x51, 0x00, 
	0x11, 0x00, 0x53, 0x37, 0x00, 0x01, 0x05, 0x22, 
	0x4a, 0xa2, 0x52, 0x88, 0x40, 0x01, 0x10, 0xd1, 
	0x1c, 0xdd, 0xe2, 0x9f, 0x65, 0xd1, 0x62, 0x50, 
	0x00, 0x01, 0x11, 0x52, 0x33, 0x65, 0x10, 0x00, 
	0x00, 0x00, 0x01, 0x27, 0x41, 0x11, 0x10, 0x00, 
	0xd6, 0x50, 0x1f, 0x68, 0xe0, 0x06, 0xe5, 0x61, 
	0xc1, 0xc0, 0x54, 0x24, 0x75, 0x10, 0x00, 0x00, 
	0x00, 0x00, 0x15, 0x55, 0x23, 0x61, 0x1d, 0x11, 
	0x00, 0x00, 0x01, 0x06, 0xb7, 0x00, 0x00, 0x00, 
	0x56, 0x92, 0x06, 0x56, 0x61, 0x11, 0x6f, 0x65, 
	0xdc, 0x66, 0x22, 0x75, 0x11, 0x01, 0x00, 0x00, 
	0x00, 0x00, 0x15, 0x62, 0x33, 0x51, 0x56, 0xdd, 
	0x00, 0x00, 0x16, 0x55, 0x43, 0xf0, 0x00, 0x00, 
	0x05, 0x55, 0x00, 0x00, 0x11, 0x11, 0x52, 0x61, 
	0x11, 0xfb, 0x38, 0x37, 0x66, 0x1f, 0x00, 0x00, 
	0x00, 0x00, 0x01, 0x52, 0x37, 0x72, 0x05, 0xd5, 
	0x00, 0x01, 0x16, 0x55, 0x57, 0x71, 0x00, 0x00, 
	0x01, 0x05, 0x00, 0x15, 0x01, 0x15, 0xf3, 0x25, 
	0x11, 0x23, 0x8a, 0x94, 0x99, 0xf6, 0x00, 0x00, 
	0x00, 0x15, 0x65, 0x27, 0x33, 0x88, 0x26, 0x55, 
	0x51, 0x10, 0x15, 0x22, 0x24, 0x75, 0x50, 0x01, 
	0x10, 0x01, 0x1c, 0xc5, 0x50, 0xd6, 0x74, 0x25, 
	0x65, 0xef, 0x99, 0x9a, 0xa9, 0x34, 0xd0, 0x00, 
	0x52, 0x42, 0x24, 0xe4, 0x38, 0x8b, 0x36, 0xf6, 
	0x55, 0x1d, 0x11, 0x1d, 0x54, 0x96, 0x66, 0x15, 
	0x22, 0x65, 0x10, 0xdc, 0xce, 0x37, 0x26, 0x16, 
	0x66, 0xc5, 0x64, 0x77, 0x4e, 0xe2, 0x61, 0x10, 
	0xf8, 0x99, 0xf9, 0xf2, 0x72, 0x23, 0xb8, 0xb8, 
	0x65, 0x1d, 0xd1, 0x00, 0x62, 0xc5, 0x66, 0x66, 
	0xee, 0x4f, 0x1d, 0xcd, 0xde, 0x26, 0x11, 0x11, 
	0x0d, 0x00, 0x11, 0x22, 0x51, 0xc2, 0x42, 0x46, 
	0x4f, 0x46, 0xff, 0x61, 0x01, 0x13, 0xb8, 0xb8, 
	0xf5, 0x11, 0xe6, 0x55, 0x33, 0x4f, 0x3f, 0x99, 
	0x42, 0x44, 0x4f, 0x2c, 0x54, 0x66, 0x10, 0x01, 
	0xdd, 0x56, 0x55, 0x61, 0x11, 0x16, 0xef, 0xff, 
	0x9f, 0xf6, 0x65, 0x00, 0x51, 0x57, 0x83, 0x42, 
	0x70, 0x01, 0xee, 0x66, 0x88, 0x4f, 0x88, 0x88, 
	0x89, 0xf3, 0x4f, 0xff, 0xf6, 0x66, 0x00, 0x11, 
	0x11, 0x15, 0x61, 0x55, 0x00, 0x00, 0x6c, 0xf9, 
	0x4f, 0x61, 0x11, 0x10, 0x55, 0x12, 0x36, 0x01, 
	0x51, 0x51, 0x16, 0x62, 0x37, 0x65, 0x66, 0x64, 
	0xf9, 0x88, 0x9f, 0x98, 0x91, 0x00, 0x1c, 0xd1, 
	0xd1, 0x01, 0xce, 0x25, 0x11, 0x00, 0x01, 0xe9, 
	0x62, 0x5d, 0x11, 0x15, 0x56, 0x56, 0x55, 0x0d, 
	0xd5, 0x50, 0x15, 0x52, 0x75, 0x10, 0x1d, 0xd5, 
	0x24, 0x38, 0x99, 0x88, 0x8f, 0x50, 0xcc, 0x11, 
	0x0d, 0x61, 0xd6, 0x25, 0x51, 0x00, 0x10, 0x6e, 
	0xcc, 0x01, 0xdd, 0x5e, 0xe5, 0x51, 0x62, 0x22, 
	0x77, 0x37, 0x77, 0x22, 0x51, 0x5d, 0xdd, 0xd5, 
	0x46, 0x5d, 0x5f, 0xb8, 0x9a, 0xf4, 0x11, 0xd1, 
	0x00, 0xcc, 0x05, 0x50, 0x01, 0xd0, 0xdd, 0xdc, 
	0xdc, 0xd0, 0x0c, 0xdd, 0x10, 0x01, 0x15, 0x6e, 
	0x8b, 0xbb, 0xb3, 0x46, 0x51, 0x66, 0x66, 0x11, 
	0x56, 0xd0, 0xdf, 0xa8, 0x9a, 0xa7, 0x1d, 0x1d, 
	0x00, 0x10, 0x01, 0x72, 0x00, 0x1d, 0x1e, 0xd0, 
	0x5d, 0xd6, 0xe6, 0x50, 0x00, 0x51, 0x11, 0x15, 
	0x28, 0x72, 0x25, 0x15, 0x56, 0x62, 0xed, 0x05, 
	0xd0, 0x10, 0x1c, 0xef, 0xf9, 0xa9, 0x21, 0x11, 
	0x00, 0x01, 0x1d, 0x72, 0x10, 0x01, 0x05, 0xd0, 
	0x6d, 0x63, 0xe5, 0xd5, 0x10, 0x51, 0x15, 0x16, 
	0x56, 0x4e, 0x65, 0x11, 0x16, 0x62, 0xe6, 0x51, 
	0x10, 0x01, 0x0d, 0xcf, 0xb8, 0x9a, 0x92, 0x11, 
	0x00, 0x01, 0x1d, 0x44, 0x51, 0x11, 0x00, 0xd6, 
	0x93, 0x99, 0x6d, 0xdd, 0xdd, 0x1d, 0x1d, 0x15, 
	0x26, 0x44, 0xf8, 0x26, 0x61, 0x66, 0x2e, 0xd1, 
	0x00, 0x01, 0x1d, 0xce, 0x38, 0x33, 0x37, 0x6d, 
	0x01, 0x1d, 0x6a, 0xa9, 0x72, 0x5c, 0x01, 0x64, 
	0x8f, 0x89, 0x66, 0xdd, 0xdc, 0x11, 0xd0, 0x01, 
	0x52, 0x78, 0x88, 0x89, 0x9f, 0x66, 0x00, 0x10, 
	0x1d, 0xdd, 0xd1, 0xcc, 0xc1, 0xe2, 0x37, 0x26, 
	0x22, 0xf9, 0x9a, 0x99, 0x3f, 0xe6, 0xcc, 0xef, 
	0xf4, 0xf3, 0x26, 0x50, 0x01, 0x00, 0x00, 0x00, 
	0x57, 0xb8, 0xaa, 0xaa, 0x98, 0xed, 0xdd, 0x51, 
	0xcc, 0xdd, 0xd0, 0x1c, 0x11, 0xc5, 0x6f, 0xf8, 
	0xff, 0x99, 0x9f, 0x22, 0x39, 0xcd, 0xcc, 0xcd, 
	0x62, 0x4b, 0x36, 0x65, 0x00, 0x01, 0x00, 0x11, 
	0x64, 0x4f, 0x99, 0xaa, 0xae, 0x01, 0x11, 0x00, 
	0x1d, 0xd1, 0xc0, 0x00, 0x1d, 0xd5, 0x54, 0xff, 
	0xf9, 0xf6, 0xec, 0x51, 0x6c, 0xd0, 0x01, 0xdd, 
	0x12, 0x62, 0x88, 0x9e, 0xd0, 0x00, 0x00, 0x01, 
	0x12, 0x65, 0x46, 0x6f, 0x34, 0x01, 0x01, 0xd1, 
	0x5c, 0xcc, 0xc1, 0x1d, 0x1d, 0x01, 0x67, 0x3f, 
	0x66, 0xcd, 0xdd, 0x10, 0x1d, 0x6d, 0x01, 0x1c, 
	0x16, 0x25, 0x78, 0x88, 0xed, 0x11, 0x00, 0x00, 
	0x12, 0x55, 0x40, 0x12, 0x73, 0x65, 0x11, 0x0d, 
	0xd5, 0xd5, 0xcc, 0xdd, 0xd6, 0xd1, 0x54, 0x84, 
	0x44, 0x6d, 0xd1, 0x00, 0x11, 0x61, 0x00, 0x1d, 
	0x64, 0x74, 0x44, 0x88, 0x6d, 0xd1, 0x00, 0x00, 
	0x03, 0x32, 0x50, 0x01, 0x6f, 0x25, 0x1d, 0x56, 
	0xdd, 0x11, 0xdc, 0xd1, 0xdd, 0x11, 0xd7, 0x8f, 
	0x42, 0x10, 0x11, 0x10, 0x01, 0xd5, 0xc1, 0x11, 
	0xff, 0xfc, 0xdd, 0x67, 0x3d, 0x00, 0x00, 0x00, 
	0x04, 0x7d, 0x10, 0x00, 0x53, 0x76, 0x11, 0x16, 
	0xdd, 0x0d, 0xde, 0xcd, 0xd0, 0x1d, 0x68, 0xf5, 
	0x65, 0x5d, 0xdc, 0xd1, 0x1c, 0xcc, 0x10, 0x0c, 
	0xff, 0x96, 0xc5, 0xd5, 0x3b, 0x6d, 0x0d, 0x00, 
	0x63, 0x2d, 0x10, 0x00, 0x16, 0x33, 0x41, 0x11, 
	0x1d, 0x11, 0x1d, 0xc5, 0x11, 0x16, 0x38, 0x40, 
	0x15, 0x5d, 0xdd, 0x10, 0xdd, 0xec, 0x01, 0x16, 
	0x88, 0x42, 0x65, 0xd1, 0x5b, 0x8f, 0x21, 0x12, 
	0xb2, 0xcc, 0xd1, 0x11, 0xdd, 0xef, 0x84, 0x66, 
	0x11, 0x0d, 0x1c, 0xc1, 0xdd, 0xd6, 0xb7, 0x61, 
	0x00, 0x10, 0x11, 0x11, 0x11, 0xd6, 0xdd, 0x2f, 
	0xa9, 0x4d, 0x61, 0x1d, 0x17, 0x99, 0x8f, 0xc3, 
	0x36, 0x1d, 0xce, 0xdd, 0xcd, 0x54, 0x88, 0x8f, 
	0xd0, 0x51, 0xdd, 0xd1, 0x15, 0x56, 0x37, 0x50, 
	0x10, 0x00, 0x5d, 0x00, 0x0d, 0x66, 0x64, 0xe9, 
	0xa9, 0x75, 0x61, 0x11, 0x05, 0x2f, 0x33, 0x23, 
	0x4d, 0x66, 0xcc, 0x10, 0x11, 0x14, 0x4f, 0x8f, 
	0x61, 0xdd, 0x10, 0x10, 0x1d, 0xe4, 0x4f, 0x6d, 
	0x10, 0x10, 0x00, 0x10, 0x01, 0x62, 0x62, 0x4f, 
	0x4f, 0x62, 0x61, 0x15, 0x11, 0x15, 0x23, 0x38, 
	0x51, 0xc6, 0xcd, 0xd1, 0xdc, 0x6d, 0x6e, 0xfe, 
	0xf6, 0xc5, 0x56, 0x62, 0x6c, 0x64, 0xf9, 0x65, 
	0x00, 0x00, 0x01, 0x00, 0x0d, 0xdc, 0x48, 0xf4, 
	0x56, 0xd5, 0x51, 0x10, 0x01, 0x01, 0x54, 0xbf, 
	0xd0, 0xde, 0x6c, 0xcd, 0x01, 0xc5, 0x51, 0x62, 
	0xe6, 0x55, 0x66, 0x2e, 0xfe, 0x6f, 0xf4, 0x6d, 
	0xd1, 0x11, 0x10, 0x00, 0x01, 0xcc, 0x43, 0x4c, 
	0x0d, 0xd5, 0x55, 0x55, 0xd1, 0xd1, 0x56, 0x41, 
	0x11, 0xde, 0xee, 0xed, 0x1d, 0x1d, 0x55, 0x16, 
	0x62, 0x62, 0xf3, 0x3f, 0x61, 0x16, 0x2e, 0xee, 
	0x11, 0x11, 0x56, 0x10, 0x57, 0xf1, 0x67, 0x00, 
	0x00, 0x0d, 0xd1, 0x1d, 0xdc, 0xc1, 0xd6, 0x75, 
	0x01, 0xdc, 0xcc, 0xcc, 0xd1, 0xd1, 0x16, 0x65, 
	0x77, 0x33, 0x83, 0x76, 0x00, 0x01, 0x55, 0xdd, 
	0x10, 0x10, 0x10, 0x51, 0x54, 0xcd, 0x62, 0xdd, 
	0x00, 0x00, 0x11, 0xdc, 0xcd, 0xcd, 0x15, 0x25, 
	0x00, 0x1d, 0xdd, 0xdd, 0xd0, 0x10, 0x00, 0x15, 
	0x38, 0x98, 0x87, 0x60, 0x00, 0x01, 0x62, 0x5d, 
	0x11, 0x10, 0x15, 0x55, 0x61, 0x0d, 0x24, 0x01, 
	0x00, 0x00, 0x01, 0x1d, 0xcc, 0x0d, 0xc6, 0x26, 
	0x11, 0x01, 0x10, 0x00, 0x00, 0x10, 0x01, 0x12, 
	0x38, 0x98, 0x35, 0x10, 0x00, 0x15, 0xe3, 0x71, 
	0x00, 0x10, 0x15, 0x14, 0x75, 0x00, 0x1c, 0xd5, 
	0x00, 0x00, 0x00, 0x10, 0x01, 0x15, 0xd2, 0x36, 
	0xd1, 0x00, 0x01, 0x00, 0xdd, 0x1d, 0x01, 0x54, 
	0x38, 0x74, 0x50, 0x00, 0x11, 0xcc, 0xd7, 0x76, 
	0x11, 0xd5, 0x52, 0x75, 0x11, 0x01, 0x1d, 0xd1, 
	0x10, 0x00, 0x00, 0x55, 0x10, 0x05, 0xd6, 0x88, 
	0x6d, 0x01, 0x00, 0x10, 0x01, 0x10, 0x05, 0x63, 
	0x83, 0x25, 0x00, 0x01, 0x5d, 0x1d, 0xc5, 0x76, 
	0x15, 0x67, 0x7b, 0x74, 0x65, 0x17, 0x05, 0xd1, 
	0x51, 0x10, 0x1d, 0x72, 0xd5, 0x55, 0x42, 0x9a, 
	0x9e, 0xcd, 0xd1, 0x01, 0x00, 0x00, 0x16, 0x68, 
	0x32, 0x5d, 0x15, 0xd0, 0x11, 0x10, 0x01, 0x64, 
	0x25, 0x63, 0xb9, 0xf2, 0xfe, 0x25, 0x00, 0x11, 
	0xd1, 0xd6, 0x47, 0x38, 0x33, 0x33, 0x33, 0x3a, 
	0xaa, 0xed, 0x1d, 0x01, 0x00, 0x11, 0xd6, 0x73, 
	0x11, 0x11, 0x0d, 0xd1, 0x11, 0x00, 0x01, 0x11, 
	0x23, 0x98, 0x92, 0x64, 0x83, 0x25, 0x00, 0xd1, 
	0x16, 0x24, 0x49, 0x99, 0x33, 0x73, 0x38, 0xb8, 
	0xaa, 0xf1, 0x00, 0x00, 0x01, 0x01, 0xf8, 0x88, 
	0x37, 0x61, 0x11, 0xd5, 0x01, 0x10, 0x00, 0x00, 
	0x58, 0xab, 0x35, 0x15, 0x38, 0x46, 0x55, 0x66, 
	0xf4, 0x79, 0x99, 0xf6, 0x66, 0x62, 0xf5, 0x48, 
	0x8a, 0xa8, 0x61, 0x00, 0x00, 0x05, 0x83, 0x83, 
	0x3f, 0xf6, 0x11, 0x10, 0x00, 0x00, 0x00, 0x15, 
	0x43, 0x33, 0x71, 0xdd, 0x1f, 0x83, 0x72, 0x4e, 
	0xa3, 0x24, 0xe6, 0x10, 0x00, 0x01, 0x00, 0x06, 
	0x88, 0x8a, 0xf6, 0xfe, 0x6f, 0x88, 0x84, 0x51, 
	0x56, 0x26, 0x50, 0x10, 0x00, 0x00, 0x15, 0x55, 
	0x57, 0x3f, 0x41, 0x11, 0x00, 0x23, 0x33, 0x2a, 
	0xb7, 0x66, 0x61, 0x11, 0x01, 0x00, 0x00, 0x00, 
	0x00, 0x69, 0x99, 0x9f, 0x38, 0x99, 0xe6, 0x11, 
	0x11, 0x54, 0x72, 0x51, 0x01, 0xd0, 0x00, 0x00, 
	0x10, 0x6f, 0x51, 0x0d, 0x51, 0x16, 0x73, 0x7f, 
	0x39, 0x25, 0x10, 0x01, 0x00, 0x00, 0x00, 0x00, 
	0x00, 0x11, 0x29, 0xae, 0x4f, 0xf4, 0xc5, 0x00, 
	0x01, 0x62, 0x88, 0x25, 0x10, 0xd1, 0xd1, 0x01, 
	0x1d, 0x66, 0x01, 0x01, 0xd1, 0x01, 0xef, 0xfe, 
	0x32, 0x2e, 0xcd, 0x11, 0x11, 0x00, 0x01, 0x51, 
	0x11, 0x01, 0x52, 0x88, 0x16, 0x26, 0xdd, 0x11, 
	0x11, 0x16, 0xfa, 0x32, 0x5c, 0xd1, 0x1d, 0x66, 
	0xe4, 0x26, 0x01, 0x10, 0x11, 0x05, 0x5e, 0x33, 
	0x87, 0x2d, 0xd6, 0x15, 0x10, 0x11, 0x00, 0x00, 
	0x10, 0x11, 0x1e, 0x8f, 0x1d, 0x66, 0xdd, 0xd1, 
	0x10, 0x05, 0x23, 0x74, 0x21, 0xdd, 0x65, 0x49, 
	0x8f, 0x66, 0x51, 0x11, 0x5d, 0x15, 0x66, 0xaa, 
	0xb3, 0x46, 0xd1, 0xdd, 0x5d, 0x11, 0x11, 0xd1, 
	0x10, 0x11, 0x68, 0xf1, 0xdd, 0xd1, 0x00, 0x00, 
	0x1d, 0x15, 0x62, 0x26, 0x65, 0xc5, 0x56, 0x38, 
	0x84, 0x65, 0x66, 0x6d, 0x56, 0x51, 0x16, 0xaa, 
	0xb3, 0x2e, 0xd1, 0x1d, 0xd6, 0xdd, 0xdd, 0xd0, 
	0x00, 0x06, 0x98, 0x8c, 0xd1, 0x11, 0xdd, 0x10, 
	0xcd, 0xdd, 0x56, 0x62, 0x24, 0x72, 0x77, 0x38, 
	0x84, 0x55, 0xdd, 0x6c, 0xcd, 0x11, 0x1e, 0xaa, 
	0xb3, 0x42, 0x01, 0x11, 0x1d, 0xcc, 0x1d, 0x00, 
	0x00, 0x06, 0x39, 0xfd, 0xd0, 0x0d, 0xdd, 0xdd, 
	0x1d, 0xdd, 0xdd, 0x15, 0x64, 0x33, 0x33, 0x89, 
	0x84, 0x11, 0x15, 0xdd, 0xcd, 0x11, 0x55, 0x73, 
	0x3b, 0x75, 0x10, 0x01, 0x11, 0x11, 0x10, 0x01, 
	0x00, 0x05, 0x47, 0x61, 0x00, 0x01, 0xdd, 0xdd, 
	0xdd, 0xcd, 0xdd, 0x16, 0x52, 0x38, 0x88, 0xaa, 
	0x98, 0x61, 0x11, 0xd1, 0xdc, 0xd0, 0x16, 0x4e, 
	0x2b, 0x41, 0x11, 0x00, 0x00, 0x01, 0x01, 0x00, 
	0x10, 0x56, 0x38, 0x41, 0x00, 0x00, 0x10, 0x00, 
	0x0d, 0xd1, 0x15, 0x11, 0x62, 0x33, 0x89, 0xaa, 
	0x99, 0xf5, 0xd1, 0x0d, 0x0d, 0xd5, 0x16, 0x61, 
	0xf3, 0x65, 0x01, 0x10, 0x00, 0x01, 0x11, 0x00, 
	0x00, 0x15, 0x48, 0x7d, 0x00, 0x00, 0x01, 0x10, 
	0x00, 0x00, 0x00, 0x1d, 0xd1, 0x3b, 0x37, 0x7f, 
	0xff, 0x83, 0x61, 0x11, 0x1e, 0x61, 0x1d, 0xc4, 
	0xcc, 0x61, 0x10, 0x00, 0x00, 0x1d, 0x1d, 0xd0, 
	0x00, 0x01, 0x68, 0x3d, 0x00, 0x00, 0x00, 0x11, 
	0x00, 0x01, 0x10, 0x00, 0xd2, 0xb3, 0xe1, 0x00, 
	0x05, 0x67, 0xfd, 0xd1, 0x11, 0x10, 0xcd, 0xcc, 
	0xcd, 0xd0, 0x00, 0x00, 0x00, 0xd6, 0xd1, 0x00, 
	0x00, 0x00, 0x18, 0x86, 0xd0, 0x00, 0x01, 0x11, 
	0x10, 0x00, 0x00, 0x1d, 0x63, 0x76, 0xd0, 0x00, 
	0x00, 0x12, 0x8f, 0x65, 0xd1, 0x1d, 0xdc, 0xff, 
	0x7d, 0xd0, 0x11, 0x00, 0x00, 0x0d, 0xd1, 0x00, 
	0x10, 0x00, 0x1f, 0x97, 0x51, 0x00, 0x00, 0x10, 
	0x00, 0x00, 0x00, 0x1c, 0x93, 0x10, 0x00, 0x00, 
	0x00, 0x01, 0xf8, 0x37, 0x25, 0x1d, 0xdd, 0x83, 
	0x45, 0x10, 0x11, 0x10, 0x00, 0x01, 0x6d, 0x51, 
	0x55, 0x55, 0x62, 0xa9, 0x2d, 0xd1, 0x00, 0x00, 
	0x00, 0x00, 0x01, 0x6e, 0xe1, 0x00, 0x00, 0x00, 
	0x11, 0x00, 0x1f, 0xbb, 0xb2, 0x5c, 0xee, 0xaa, 
	0x83, 0x20, 0x11, 0x00, 0x00, 0x11, 0x11, 0x01, 
	0x15, 0x16, 0x64, 0xa9, 0x71, 0x10, 0x00, 0x00, 
	0x00, 0x1c, 0xc6, 0xcc, 0x51, 0x01, 0x00, 0x00, 
	0x01, 0x11, 0x1d, 0x23, 0x34, 0x6d, 0xee, 0x99, 
	0x73, 0x86, 0x55, 0x6d, 0x11, 0x11, 0x01, 0xdd, 
	0x1d, 0x10, 0x52, 0x88, 0x30, 0x00, 0x00, 0x01, 
	0x1d, 0x4f, 0x6d, 0x11, 0x11, 0x01, 0x01, 0x01, 
	0x11, 0x1d, 0x1d, 0x56, 0x34, 0x56, 0x2f, 0x99, 
	0x88, 0xb4, 0x66, 0x4e, 0x61, 0x51, 0x00, 0x11, 
	0x11, 0x11, 0x66, 0x8b, 0x35, 0x65, 0x0d, 0x6e, 
	0xf8, 0x98, 0x41, 0x1d, 0x11, 0x11, 0x01, 0x11, 
	0x51, 0xdc, 0xdd, 0xd6, 0x24, 0x62, 0x4f, 0x99, 
	0x88, 0x42, 0x65, 0x66, 0x65, 0x65, 0x1d, 0x56, 
	0x11, 0xde, 0xef, 0xbb, 0x33, 0xbb, 0x4d, 0xf8, 
	0x3f, 0x8f, 0x25, 0x10, 0x11, 0x11, 0x00, 0x01, 
	0x11, 0xc6, 0xcc, 0xc6, 0x65, 0x27, 0x44, 0xf9, 
	0x82, 0x24, 0x76, 0x16, 0x65, 0x47, 0x42, 0x27, 
	0x61, 0x6f, 0x8b, 0xb7, 0x6f, 0xbb, 0x3e, 0x4f, 
	0x41, 0x26, 0xdc, 0x10, 0x00, 0x00, 0x01, 0x11, 
	0x1d, 0xd6, 0x6d, 0x64, 0x42, 0x25, 0xd2, 0x88, 
	0x47, 0x22, 0x38, 0x88, 0x33, 0xbb, 0xbb, 0xbb, 
	0x72, 0x33, 0xb8, 0x85, 0x6d, 0x2b, 0x89, 0xee, 
	0xce, 0xc6, 0x5d, 0xd1, 0x00, 0x00, 0x11, 0x5c, 
	0xdc, 0xd5, 0x6e, 0xe4, 0x46, 0x6d, 0x28, 0x89, 
	0x64, 0xf4, 0x62, 0x44, 0x42, 0x43, 0x38, 0x8b, 
	0x37, 0x37, 0x38, 0xf6, 0x5d, 0x6f, 0x88, 0xb3, 
	0x6d, 0x63, 0x3f, 0x2e, 0xd0, 0x55, 0x11, 0x1d, 
	0x61, 0xd6, 0x6e, 0x46, 0x55, 0x6c, 0xe8, 0xfc, 
	0x00, 0x16, 0x05, 0x43, 0x45, 0x55, 0xd6, 0x43, 
	0x75, 0x52, 0x88, 0x36, 0x6d, 0x56, 0x48, 0xb3, 
	0x38, 0xb8, 0xfa, 0xa9, 0x76, 0xd2, 0x61, 0xd1, 
	0xd1, 0x16, 0x76, 0x24, 0x51, 0x4c, 0xff, 0xec, 
	
};

Gfx jrb_dl_FIR_O_F_METEORITE01_ci4_pal_rgba16_aligner[] = {gsSPEndDisplayList()};
u8 jrb_dl_FIR_O_F_METEORITE01_ci4_pal_rgba16[] = {
	0x18, 0x43, 0x28, 0x85, 0x60, 0xc5, 0xa9, 0xc5, 
	0x79, 0x85, 0x30, 0x83, 0x49, 0x05, 0x81, 0x03, 
	0xd3, 0x07, 0xc3, 0xcb, 0xed, 0xd3, 0xda, 0x05, 
	0x49, 0x49, 0x30, 0xc5, 0x6a, 0x09, 0x92, 0x47, 
	
};

Gfx jrb_dl_yogan01_CI_low_sat_ci4_aligner[] = {gsSPEndDisplayList()};
u8 jrb_dl_yogan01_CI_low_sat_ci4[] = {
	0x01, 0x00, 0x01, 0x00, 0x11, 0x11, 0x11, 0x11, 
	0x22, 0x22, 0x23, 0x45, 0x22, 0x26, 0x44, 0x78, 
	0x66, 0x65, 0x99, 0x99, 0x77, 0xa6, 0x23, 0x73, 
	0x69, 0x66, 0x63, 0x55, 0x62, 0x22, 0x11, 0x11, 
	0x11, 0x00, 0x00, 0x00, 0x00, 0x01, 0x11, 0x11, 
	0x22, 0x22, 0x22, 0x54, 0x62, 0x26, 0x44, 0x77, 
	0x53, 0x5b, 0x99, 0x59, 0xaa, 0xa3, 0x67, 0x77, 
	0x99, 0x96, 0x65, 0xbb, 0x99, 0x62, 0x11, 0x11, 
	0x12, 0x11, 0x10, 0x01, 0x11, 0x11, 0x12, 0x21, 
	0x26, 0x22, 0x22, 0x54, 0x36, 0x6c, 0x43, 0x37, 
	0xb3, 0x6b, 0x96, 0x65, 0xaa, 0x76, 0x67, 0x36, 
	0x9a, 0xa9, 0xbb, 0xbb, 0x99, 0x36, 0x62, 0x21, 
	0x21, 0x22, 0x10, 0x12, 0x62, 0x62, 0x26, 0x62, 
	0x63, 0x22, 0x22, 0x54, 0xc6, 0x6c, 0x43, 0x88, 
	0x55, 0x65, 0x95, 0x66, 0x67, 0x66, 0x67, 0x62, 
	0x69, 0xaa, 0xb5, 0x63, 0x33, 0x99, 0x66, 0x66, 
	0x22, 0x22, 0x11, 0x25, 0x53, 0x66, 0x22, 0x63, 
	0xc3, 0x22, 0x26, 0xcc, 0x43, 0x87, 0xa7, 0x33, 
	0x37, 0x33, 0xa7, 0x66, 0x63, 0x56, 0x23, 0x32, 
	0x63, 0xaa, 0x92, 0x26, 0x56, 0x5c, 0x56, 0x66, 
	0x66, 0x62, 0x21, 0x25, 0xcc, 0x56, 0x22, 0x69, 
	0xcc, 0x62, 0x26, 0xcc, 0x47, 0x37, 0xaa, 0x33, 
	0x39, 0x97, 0xa3, 0x63, 0x35, 0x36, 0x22, 0x36, 
	0x35, 0xaa, 0x63, 0x66, 0x36, 0x6c, 0x96, 0x66, 
	0x36, 0x66, 0x22, 0x26, 0xcc, 0x56, 0x66, 0x69, 
	0xcc, 0x63, 0x3c, 0xcc, 0x44, 0x47, 0xaa, 0xaa, 
	0x99, 0x99, 0x36, 0x67, 0xdd, 0x36, 0x22, 0x63, 
	0x5a, 0xaa, 0x69, 0x66, 0x35, 0x36, 0x99, 0x96, 
	0x33, 0x33, 0x62, 0x22, 0x35, 0x53, 0x36, 0x33, 
	0x66, 0x6c, 0xc3, 0x63, 0x44, 0x44, 0x7a, 0xaa, 
	0x99, 0x97, 0x66, 0x6a, 0xdd, 0x55, 0x23, 0x99, 
	0x5a, 0xaa, 0x39, 0x36, 0x65, 0x36, 0x99, 0x99, 
	0xbb, 0xbb, 0x93, 0x33, 0x33, 0xbc, 0x56, 0x66, 
	0x63, 0x6b, 0x32, 0x26, 0x59, 0xd9, 0x55, 0xaa, 
	0xdd, 0xb6, 0x66, 0x3d, 0xdd, 0xdb, 0x9a, 0xb9, 
	0xad, 0xda, 0x37, 0x33, 0x63, 0x67, 0xcc, 0xcc, 
	0xbb, 0x5b, 0x93, 0x79, 0xb3, 0x63, 0x59, 0x35, 
	0x35, 0x6b, 0x62, 0x66, 0x59, 0xd9, 0x35, 0x5a, 
	0xdd, 0xdb, 0x66, 0x3d, 0xdd, 0xdd, 0xd9, 0xba, 
	0xdd, 0xdd, 0x7a, 0x33, 0x33, 0x6a, 0xac, 0xcc, 
	0xb5, 0x53, 0x99, 0x33, 0xb3, 0x66, 0x69, 0x95, 
	0x33, 0x3b, 0x66, 0x63, 0x5d, 0xd5, 0x33, 0x3a, 
	0xdd, 0xdd, 0x66, 0x3d, 0xdd, 0xdd, 0xd9, 0x99, 
	0xad, 0xdd, 0xaa, 0x73, 0x63, 0x7a, 0xaa, 0xcc, 
	0xb5, 0x33, 0x79, 0x93, 0x3c, 0xcc, 0x59, 0x99, 
	0xb5, 0xbb, 0x36, 0x66, 0x9d, 0xc5, 0x35, 0x35, 
	0xdd, 0xdd, 0x53, 0x5d, 0xaa, 0xdd, 0xdd, 0xa9, 
	0xad, 0xdd, 0xaa, 0xa3, 0x37, 0xaa, 0xda, 0xcc, 
	0xc5, 0x55, 0xed, 0x95, 0x33, 0x33, 0x65, 0x99, 
	0x9d, 0xd9, 0xc5, 0x55, 0xaa, 0xcc, 0x33, 0x84, 
	0xaa, 0xaa, 0x99, 0x99, 0x99, 0x99, 0xaa, 0xaa, 
	0xca, 0xdd, 0xdd, 0xda, 0x99, 0x9a, 0xdd, 0x99, 
	0x95, 0x59, 0x9d, 0x9e, 0x53, 0x66, 0x66, 0x99, 
	0xe9, 0xdd, 0x9c, 0x59, 0xdd, 0xac, 0x38, 0x34, 
	0xaa, 0xaa, 0x36, 0x33, 0x33, 0x39, 0x5a, 0xaa, 
	0xac, 0xaa, 0xdd, 0xdd, 0xdd, 0xdd, 0xff, 0xd9, 
	0x99, 0xc9, 0x9d, 0x99, 0x56, 0x63, 0x55, 0x96, 
	0x22, 0xed, 0xd9, 0xcd, 0xdd, 0xac, 0x73, 0x44, 
	0xaa, 0x62, 0x22, 0x22, 0x66, 0x66, 0x33, 0x5a, 
	0xda, 0xaa, 0xdd, 0xdd, 0xdf, 0xfd, 0xdf, 0xfa, 
	0x99, 0xcd, 0x99, 0x99, 0x96, 0x66, 0x69, 0x56, 
	0x22, 0x29, 0xdd, 0xdd, 0xda, 0x4a, 0x44, 0x44, 
	0x62, 0x11, 0x22, 0x22, 0x22, 0x22, 0x66, 0x3a, 
	0xdd, 0xac, 0xdf, 0xff, 0xff, 0xff, 0xdd, 0xda, 
	0x99, 0x99, 0x79, 0x79, 0x95, 0x55, 0x59, 0x62, 
	0x66, 0x65, 0xcd, 0xda, 0xdd, 0xdd, 0xaa, 0x66, 
	0x61, 0x01, 0x01, 0x11, 0x11, 0x00, 0x12, 0x6b, 
	0xaa, 0xaa, 0xdf, 0xff, 0xff, 0xff, 0xdd, 0xaa, 
	0xdd, 0x99, 0x97, 0xbb, 0xc9, 0xdd, 0x99, 0x62, 
	0x66, 0x56, 0xca, 0xac, 0xaa, 0xdd, 0xaa, 0x62, 
	0x10, 0x00, 0x00, 0x00, 0x01, 0x10, 0x11, 0x26, 
	0x99, 0x9a, 0xdf, 0xdd, 0xff, 0xff, 0xdd, 0xae, 
	0x99, 0x59, 0x99, 0x79, 0xc9, 0xd9, 0x99, 0x56, 
	0x65, 0x96, 0xca, 0xac, 0xcc, 0xdd, 0xa6, 0x61, 
	0x00, 0x01, 0x11, 0x11, 0x01, 0x10, 0x11, 0x22, 
	0x66, 0x9a, 0xda, 0xda, 0xdd, 0xdd, 0xdd, 0x5e, 
	0xd9, 0x5d, 0x99, 0xb9, 0x9c, 0xcc, 0x99, 0x95, 
	0x69, 0x55, 0xcc, 0xaa, 0xad, 0xda, 0xa2, 0x11, 
	0x00, 0x12, 0x11, 0x11, 0x11, 0x10, 0x11, 0x12, 
	0x66, 0x66, 0xcc, 0xca, 0x9b, 0xb9, 0xaa, 0x55, 
	0x99, 0xb9, 0xab, 0xbb, 0x36, 0x29, 0xdd, 0xd9, 
	0x99, 0xbb, 0x9a, 0xaa, 0x99, 0x99, 0x60, 0x00, 
	0x00, 0x26, 0x22, 0x22, 0x22, 0x22, 0x00, 0x01, 
	0x12, 0x22, 0x22, 0x22, 0x21, 0x26, 0x33, 0x33, 
	0xbb, 0xb9, 0xab, 0x9b, 0x36, 0x22, 0x9d, 0xdd, 
	0xdb, 0x99, 0x9a, 0xaa, 0x99, 0x96, 0x00, 0x00, 
	0x00, 0x16, 0x22, 0x22, 0x22, 0x22, 0x10, 0x00, 
	0x00, 0x11, 0x11, 0x11, 0x11, 0x11, 0x11, 0x22, 
	0x1b, 0xb9, 0xda, 0xab, 0x33, 0x32, 0x2d, 0xdd, 
	0xdb, 0x99, 0x9a, 0xa9, 0x99, 0x61, 0x00, 0x10, 
	0x01, 0x12, 0x62, 0x22, 0x25, 0x62, 0x11, 0x10, 
	0x00, 0x00, 0x00, 0x11, 0x11, 0x11, 0x00, 0x01, 
	0x11, 0xb9, 0xdd, 0xa9, 0x33, 0x93, 0x29, 0xd9, 
	0x99, 0xdd, 0xda, 0xaa, 0x99, 0x11, 0x01, 0x11, 
	0x20, 0x16, 0x62, 0x66, 0x25, 0x52, 0x11, 0x11, 
	0x00, 0x00, 0x00, 0x12, 0x11, 0x11, 0x00, 0x00, 
	0x00, 0x69, 0xdd, 0x9c, 0x33, 0x33, 0x69, 0xa6, 
	0xbd, 0xdd, 0xd9, 0x99, 0x96, 0x00, 0x12, 0x21, 
	0x22, 0x11, 0x62, 0x62, 0x25, 0x52, 0x22, 0x11, 
	0x00, 0x00, 0x11, 0x11, 0x11, 0x11, 0x00, 0x00, 
	0x00, 0x06, 0xdd, 0xd9, 0x33, 0x33, 0x66, 0x66, 
	0xba, 0xad, 0xd9, 0x99, 0x92, 0x02, 0x22, 0x22, 
	0x12, 0x62, 0x22, 0x22, 0x29, 0x62, 0x62, 0x11, 
	0x00, 0x01, 0x11, 0x11, 0x11, 0x11, 0x00, 0x00, 
	0x00, 0x02, 0x9d, 0xdd, 0xa7, 0x33, 0x69, 0x99, 
	0xaa, 0xaa, 0x99, 0x9c, 0x20, 0x26, 0x22, 0x21, 
	0x11, 0x55, 0x66, 0x22, 0x29, 0x52, 0x22, 0x11, 
	0x10, 0x01, 0x11, 0x11, 0x12, 0x11, 0x10, 0x00, 
	0x22, 0x00, 0x69, 0xdd, 0xaa, 0x77, 0x9a, 0xaa, 
	0xda, 0xaa, 0x99, 0xc2, 0x00, 0x26, 0x22, 0x11, 
	0x12, 0x56, 0x22, 0x62, 0x25, 0x92, 0x22, 0x22, 
	0x11, 0x11, 0x16, 0x62, 0x12, 0x21, 0x11, 0x00, 
	0x11, 0x10, 0x06, 0x99, 0xaa, 0xaa, 0x4c, 0x4d, 
	0x44, 0x44, 0xc3, 0x11, 0x11, 0x22, 0x26, 0x22, 
	0x26, 0x93, 0x62, 0x56, 0x6b, 0x62, 0x22, 0x26, 
	0x22, 0x22, 0x1b, 0xb6, 0x66, 0x22, 0x22, 0x22, 
	0x22, 0x11, 0x00, 0x26, 0x9a, 0xaa, 0xdd, 0xdd, 
	0x44, 0x44, 0x32, 0x11, 0x11, 0x22, 0x25, 0x22, 
	0x22, 0x39, 0x52, 0x25, 0xd6, 0x66, 0x22, 0x26, 
	0x33, 0x62, 0x16, 0xbb, 0x73, 0x66, 0x22, 0x22, 
	0x22, 0x22, 0x20, 0x00, 0x69, 0x9a, 0x44, 0x44, 
	0x44, 0x53, 0x21, 0x11, 0x22, 0x22, 0x25, 0x62, 
	0x26, 0x69, 0x52, 0x29, 0xd6, 0x66, 0x26, 0x65, 
	0x96, 0x62, 0x11, 0x2b, 0x77, 0x33, 0x66, 0x62, 
	0x11, 0x22, 0x22, 0x00, 0x22, 0x69, 0xcc, 0xcc, 
	0x53, 0x22, 0x11, 0x11, 0x26, 0x62, 0x22, 0x22, 
	0x63, 0x39, 0x52, 0x29, 0xdd, 0x66, 0x26, 0x59, 
	0x93, 0x63, 0x22, 0x22, 0x73, 0x37, 0x33, 0x62, 
	0x22, 0x22, 0x11, 0x10, 0x00, 0x12, 0x66, 0x66, 
	0x21, 0x00, 0x22, 0x22, 0x65, 0x56, 0x62, 0x22, 
	0x39, 0x36, 0x66, 0x66, 0xdd, 0x33, 0x66, 0x65, 
	0x5a, 0x35, 0x66, 0x36, 0x43, 0x23, 0x32, 0x11, 
	0x11, 0x11, 0x11, 0x11, 0x00, 0x00, 0x11, 0x11, 
	0x00, 0x01, 0x22, 0x22, 0x69, 0x96, 0x62, 0x66, 
	0x39, 0x96, 0x66, 0x66, 0x35, 0xdd, 0x66, 0x69, 
	0x35, 0x53, 0x35, 0x56, 0x44, 0x32, 0x22, 0x12, 
	0x11, 0x12, 0x11, 0x11, 0x00, 0x00, 0x11, 0x11, 
	0x10, 0x12, 0x22, 0x26, 0x59, 0x95, 0x62, 0x66, 
	0x66, 0x99, 0x56, 0x66, 0x63, 0xdd, 0x96, 0x59, 
	0x53, 0x55, 0x5c, 0x55, 0x44, 0x33, 0x23, 0x12, 
	0x12, 0x22, 0x22, 0x11, 0x11, 0x11, 0x11, 0x11, 
	0x11, 0x12, 0x66, 0x63, 0x56, 0x56, 0x56, 0x22, 
	0x22, 0x63, 0x95, 0x66, 0x66, 0x53, 0x56, 0x55, 
	0x53, 0x35, 0x53, 0x3c, 0x45, 0x44, 0x33, 0x31, 
	0x22, 0x25, 0x96, 0x22, 0x22, 0x22, 0x22, 0x22, 
	0x11, 0x22, 0x66, 0x33, 0x69, 0x66, 0x53, 0x66, 
	0x36, 0x26, 0x59, 0x62, 0x22, 0x56, 0x33, 0x33, 
	0x33, 0x67, 0xaa, 0xbb, 0x44, 0x44, 0x77, 0x33, 
	0x32, 0x33, 0x66, 0x22, 0x22, 0x22, 0x22, 0x22, 
	0x21, 0x22, 0x66, 0x66, 0x95, 0x66, 0x53, 0x65, 
	0x99, 0x62, 0x29, 0x62, 0x26, 0x65, 0x3a, 0x36, 
	0x36, 0x3a, 0xab, 0xab, 0x55, 0x55, 0x77, 0x33, 
	0x33, 0x32, 0x52, 0x22, 0x22, 0x26, 0x62, 0x62, 
	0x22, 0x22, 0x26, 0x69, 0x96, 0x66, 0x55, 0x65, 
	0x99, 0x32, 0x29, 0x56, 0x22, 0x26, 0x5a, 0xa6, 
	0x66, 0xaa, 0xbb, 0xb6, 0x22, 0x54, 0xa7, 0x73, 
	0x35, 0x44, 0x56, 0x22, 0x66, 0x66, 0x66, 0x66, 
	0x22, 0x22, 0x22, 0x69, 0x66, 0x99, 0x55, 0x63, 
	0x99, 0x96, 0x29, 0x92, 0x11, 0x22, 0x35, 0xaa, 
	0xaa, 0xa7, 0xbb, 0x66, 0x22, 0x34, 0xaa, 0x37, 
	0x65, 0x99, 0x96, 0x22, 0x26, 0x33, 0x65, 0x33, 
	0x62, 0x22, 0x66, 0x59, 0x66, 0xaa, 0x93, 0x63, 
	0x55, 0xa5, 0x9a, 0x92, 0x22, 0x22, 0x33, 0xad, 
	0xfd, 0xbb, 0x53, 0x66, 0x63, 0x6c, 0xdd, 0xbb, 
	0x66, 0x56, 0x99, 0x62, 0x26, 0x39, 0x35, 0x63, 
	0x36, 0x22, 0x66, 0x95, 0x66, 0x7a, 0x96, 0x33, 
	0x35, 0xaa, 0xaa, 0xa6, 0x63, 0x66, 0x36, 0xad, 
	0xfd, 0x99, 0x33, 0x66, 0x33, 0x65, 0xdd, 0xbb, 
	0x56, 0x66, 0x69, 0x36, 0x26, 0x93, 0x35, 0x36, 
	0x63, 0x62, 0x66, 0x55, 0x66, 0x77, 0x36, 0x63, 
	0x3a, 0x55, 0x9a, 0xa9, 0x99, 0x36, 0x33, 0xa3, 
	0xdf, 0xd9, 0x53, 0x66, 0x33, 0x63, 0xdd, 0xb6, 
	0x66, 0x66, 0x66, 0x33, 0x63, 0x93, 0x3d, 0xd5, 
	0x22, 0x63, 0x66, 0x69, 0x33, 0x33, 0x66, 0x63, 
	0x3a, 0xa3, 0x9a, 0xaa, 0x93, 0x36, 0x63, 0x36, 
	0xbd, 0xff, 0xdd, 0x36, 0x35, 0x35, 0xdd, 0xd6, 
	0x69, 0x56, 0x22, 0x22, 0x69, 0x55, 0x9d, 0xdf, 
	0x9b, 0xbd, 0x95, 0xcd, 0xb9, 0x9b, 0x63, 0x33, 
	0x5d, 0xdc, 0x9d, 0x99, 0xa5, 0x33, 0x33, 0x33, 
	0x63, 0xaa, 0xdd, 0xd9, 0xe9, 0xdd, 0xda, 0x9b, 
	0x95, 0x66, 0x66, 0x56, 0x65, 0x59, 0x99, 0xdf, 
	0xfd, 0x99, 0xdd, 0xdc, 0xbd, 0xdb, 0x66, 0x55, 
	0x9d, 0xc5, 0x59, 0xd9, 0x55, 0x33, 0x55, 0x5a, 
	0x73, 0x33, 0x55, 0x9d, 0x99, 0x99, 0x9b, 0xbb, 
	0x95, 0x65, 0x55, 0x59, 0x56, 0x69, 0xbb, 0x9d, 
	0xff, 0x99, 0xdd, 0x95, 0xbd, 0xdf, 0x53, 0x35, 
	0xdc, 0x59, 0x59, 0xdd, 0xaa, 0x55, 0xaa, 0xaa, 
	0xa7, 0x73, 0x55, 0x5d, 0x95, 0x5e, 0xbb, 0xbb, 
	0x99, 0x56, 0x55, 0x69, 0x96, 0x99, 0xbb, 0x9d, 
	0xdd, 0xd9, 0x5c, 0xc9, 0xbb, 0xdd, 0xdd, 0xd5, 
	0x95, 0x99, 0x55, 0xdd, 0xaa, 0xaa, 0xaa, 0xaa, 
	0xa7, 0x33, 0x55, 0x5d, 0xd5, 0x55, 0xbb, 0xbb, 
	0xaa, 0x4c, 0x33, 0x55, 0x55, 0xaa, 0x66, 0x59, 
	0x5a, 0xa5, 0x33, 0xaa, 0xa6, 0x36, 0x59, 0xcc, 
	0x37, 0x77, 0x55, 0x9d, 0xdd, 0xdd, 0xaa, 0xaa, 
	0xdd, 0xcb, 0x66, 0x3a, 0xaa, 0xa6, 0x5c, 0x5c, 
	0xaa, 0xaa, 0x55, 0x55, 0x55, 0xaa, 0x66, 0x55, 
	0x5a, 0x53, 0x33, 0xaa, 0xa6, 0x66, 0x55, 0x99, 
	0x33, 0x33, 0x5c, 0x9d, 0xdd, 0xdd, 0xaa, 0xaa, 
	0xdd, 0xdd, 0xaa, 0xaa, 0x77, 0x7a, 0x55, 0x59, 
	0x4a, 0xda, 0xa5, 0x55, 0x55, 0xaa, 0x56, 0x66, 
	0x55, 0x35, 0x73, 0x7a, 0xa7, 0x37, 0xc5, 0x9d, 
	0x73, 0x33, 0x5c, 0xdd, 0xdd, 0xdd, 0xa6, 0x26, 
	0xcc, 0xdd, 0xaa, 0xa7, 0x33, 0x7a, 0xdd, 0xdd, 
	0x4a, 0xda, 0x5a, 0xa5, 0x55, 0x5a, 0x95, 0x66, 
	0xa5, 0x5a, 0x77, 0x7a, 0xaa, 0xaa, 0x9c, 0xdd, 
	0xaa, 0x77, 0x59, 0xdd, 0xdd, 0x6b, 0x21, 0x11, 
	0x66, 0xbc, 0xaa, 0x76, 0x63, 0x7a, 0xc9, 0x99, 
	0xaa, 0xaa, 0xaa, 0xa5, 0xb9, 0xdd, 0x9a, 0x99, 
	0xfd, 0xdd, 0x99, 0x99, 0xaa, 0xaa, 0x9d, 0xdd, 
	0xad, 0xdd, 0xaa, 0xaa, 0x56, 0x01, 0x11, 0x11, 
	0x11, 0x26, 0xcc, 0x36, 0x33, 0x35, 0xaa, 0xaa, 
	0xaa, 0xaa, 0x55, 0xaa, 0x9d, 0xf9, 0x9d, 0xdd, 
	0xff, 0xf9, 0x93, 0x33, 0x66, 0xaa, 0xdd, 0xdd, 
	0xdd, 0xdd, 0xaa, 0xa6, 0x10, 0x00, 0x11, 0x11, 
	0x11, 0x12, 0x6c, 0xc6, 0x33, 0x34, 0xaa, 0x65, 
	0x55, 0xaa, 0x35, 0x5a, 0x9d, 0xfd, 0xba, 0xdd, 
	0xff, 0xd9, 0x36, 0x39, 0x66, 0x62, 0x6c, 0xdd, 
	0xdd, 0xaa, 0xaa, 0x61, 0x00, 0x11, 0x22, 0x11, 
	0x11, 0x11, 0x23, 0xc3, 0x35, 0x54, 0xa6, 0x66, 
	0x35, 0xaa, 0x35, 0x55, 0x9d, 0xff, 0x99, 0xdd, 
	0xff, 0x9b, 0x22, 0x22, 0x12, 0x11, 0x66, 0xc9, 
	0xca, 0xac, 0x62, 0x11, 0x01, 0x11, 0x26, 0x22, 
	0x21, 0x22, 0x22, 0x3c, 0x44, 0x44, 0xa6, 0x55, 
	0x9b, 0xdd, 0x55, 0x5c, 0x9a, 0xdf, 0xda, 0xad, 
	0xaa, 0x61, 0x01, 0x10, 0x00, 0x00, 0x00, 0x12, 
	0x11, 0x11, 0x20, 0x00, 0x22, 0x22, 0x65, 0x36, 
	0x22, 0x22, 0x21, 0x27, 0xaa, 0xaa, 0x76, 0x33, 
	0xbb, 0xdd, 0x59, 0x5d, 0xaa, 0xdf, 0xdd, 0xad, 
	0xaa, 0x11, 0x00, 0x00, 0x01, 0x10, 0x00, 0x00, 
	0x00, 0x00, 0x00, 0x02, 0x62, 0x22, 0x66, 0x55, 
	0x22, 0x22, 0x22, 0x12, 0x9a, 0x99, 0x76, 0x66, 
	0xb9, 0xaa, 0x95, 0x9d, 0xdd, 0xdf, 0xdd, 0xdd, 
	0xa2, 0x11, 0x00, 0x00, 0x11, 0x11, 0x11, 0x00, 
	0x00, 0x00, 0x00, 0x29, 0x96, 0x66, 0x65, 0xcc, 
	0x22, 0x22, 0x22, 0x11, 0x26, 0x9a, 0xa7, 0x36, 
	0xb9, 0x99, 0x9d, 0xdd, 0xff, 0xff, 0xfd, 0xda, 
	0x21, 0x11, 0x00, 0x00, 0x22, 0x22, 0x22, 0x10, 
	0x01, 0x11, 0x22, 0x69, 0x93, 0x36, 0x6c, 0xcc, 
	0x62, 0x22, 0x22, 0x21, 0x22, 0x69, 0xaa, 0x77, 
	0x99, 0x99, 0xdd, 0xdd, 0xdd, 0xdd, 0xaa, 0x92, 
	0x00, 0x00, 0x00, 0x22, 0x22, 0x22, 0x22, 0x22, 
	0x66, 0x66, 0x22, 0x54, 0x55, 0x56, 0x6a, 0xaa, 
	0x76, 0x22, 0x22, 0x22, 0x11, 0x11, 0x3c, 0xcc, 
	0x99, 0x99, 0xdd, 0xdd, 0xdd, 0xd9, 0x99, 0x21, 
	0x00, 0x01, 0x22, 0x62, 0x22, 0x22, 0x22, 0x22, 
	0x35, 0x36, 0x23, 0x55, 0x65, 0xb3, 0x67, 0xaa, 
	0x76, 0x22, 0x66, 0x22, 0x11, 0x11, 0x11, 0x3c, 
	0x26, 0x99, 0x99, 0x9c, 0x99, 0x9e, 0x21, 0x11, 
	0x00, 0x11, 0x25, 0x52, 0x22, 0x22, 0x69, 0x22, 
	0x3c, 0x36, 0x35, 0x53, 0x65, 0xb3, 0x76, 0x33, 
	0x73, 0x62, 0x65, 0x52, 0x11, 0x11, 0x11, 0x11, 
	0x11, 0x12, 0x66, 0x66, 0xe2, 0x22, 0x12, 0x11, 
	0x02, 0x21, 0x65, 0x56, 0x22, 0x22, 0x39, 0x32, 
	0x35, 0x33, 0x55, 0x55, 0x66, 0x5b, 0xa6, 0x67, 
	0x77, 0x33, 0x66, 0x56, 0x22, 0x61, 0x11, 0x11, 
	
};

Gfx jrb_dl_yogan01_CI_low_sat_ci4_pal_rgba16_aligner[] = {gsSPEndDisplayList()};
u8 jrb_dl_yogan01_CI_low_sat_ci4_pal_rgba16[] = {
	0x88, 0x85, 0x98, 0xc7, 0xa9, 0x07, 0xc9, 0x47, 
	0xf2, 0x09, 0xd9, 0x89, 0xc1, 0x47, 0xe1, 0xc7, 
	0xc8, 0xc7, 0xea, 0x09, 0xf2, 0x89, 0xe9, 0xc9, 
	0xf1, 0xc9, 0xf3, 0x09, 0xe1, 0x89, 0xf3, 0x8b, 
	
};

Gfx jrb_dl_qua_o_ty1_rock01_ci4_aligner[] = {gsSPEndDisplayList()};
u8 jrb_dl_qua_o_ty1_rock01_ci4[] = {
	0x01, 0x20, 0x02, 0x13, 0x34, 0x35, 0x67, 0x78, 
	0x98, 0x87, 0x67, 0x77, 0x75, 0x20, 0x05, 0x55, 
	0xab, 0xbb, 0xcc, 0x50, 0x53, 0x33, 0x5c, 0x01, 
	0x20, 0x21, 0x03, 0x35, 0x50, 0x35, 0x20, 0x54, 
	0xaa, 0x45, 0x52, 0x14, 0x45, 0x05, 0xa8, 0x76, 
	0xaa, 0xaa, 0x46, 0x76, 0x88, 0x43, 0x04, 0x4a, 
	0xb6, 0x6b, 0x7b, 0xc5, 0x55, 0x53, 0x30, 0x11, 
	0x20, 0x50, 0x33, 0x53, 0x55, 0x53, 0x55, 0x54, 
	0x5b, 0x65, 0x01, 0x0a, 0x78, 0xaa, 0xa9, 0x98, 
	0xc5, 0x45, 0x54, 0xaa, 0x67, 0x64, 0x20, 0x4a, 
	0xca, 0xac, 0xbc, 0xc2, 0x12, 0x22, 0x20, 0x00, 
	0x54, 0xba, 0x3b, 0x64, 0x5b, 0x65, 0x35, 0xb6, 
	0xb4, 0xc3, 0x02, 0x2a, 0x78, 0x68, 0x69, 0x97, 
	0x7c, 0x33, 0xc5, 0x55, 0x46, 0xa4, 0x20, 0xca, 
	0x03, 0x55, 0x4a, 0x53, 0x55, 0x44, 0x53, 0x5b, 
	0xab, 0xba, 0xb8, 0x74, 0x35, 0x65, 0x20, 0x5c, 
	0x5c, 0x52, 0x23, 0x4a, 0x68, 0x79, 0x98, 0x8a, 
	0x77, 0xcb, 0x8a, 0x76, 0x44, 0x44, 0x30, 0x56, 
	0xaa, 0x33, 0x33, 0x35, 0x44, 0xa4, 0x4c, 0xc5, 
	0x3c, 0x47, 0x99, 0x76, 0x6c, 0xba, 0x4a, 0xa4, 
	0x04, 0x53, 0x03, 0x5a, 0x7b, 0xbb, 0xb6, 0x86, 
	0x6b, 0xb8, 0x88, 0x6b, 0xb5, 0x33, 0x01, 0x23, 
	0x44, 0x45, 0x55, 0x54, 0xa4, 0x44, 0x3c, 0xcc, 
	0x4b, 0x79, 0x89, 0x96, 0xb7, 0xaa, 0xaa, 0x33, 
	0x12, 0xcb, 0x50, 0xba, 0xbb, 0x4c, 0xc5, 0xca, 
	0xbb, 0x7b, 0x88, 0x77, 0x86, 0x45, 0xa0, 0x23, 
	0x4a, 0xab, 0x53, 0x34, 0x4a, 0x46, 0x6b, 0xbb, 
	0x88, 0x88, 0x7b, 0xb7, 0x5c, 0xa4, 0x45, 0x53, 
	0xa4, 0xb7, 0x8c, 0xa7, 0x87, 0xb7, 0x7c, 0x5b, 
	0xbb, 0xb6, 0xb6, 0xd9, 0xd7, 0x66, 0x63, 0x03, 
	0x5a, 0x4a, 0xc3, 0x35, 0x44, 0xa6, 0x6c, 0xcb, 
	0xbb, 0xb7, 0xa4, 0xa4, 0x55, 0x55, 0xbb, 0x6a, 
	0x8b, 0xaa, 0x7b, 0x67, 0x89, 0xd7, 0x7a, 0xbb, 
	0xbc, 0x3c, 0x77, 0x88, 0x67, 0x76, 0x73, 0x03, 
	0x54, 0x4a, 0x33, 0x55, 0x54, 0xa5, 0xcc, 0xcc, 
	0xc5, 0xc4, 0xc4, 0xa4, 0x5c, 0xb7, 0x87, 0x78, 
	0x88, 0xb8, 0x9b, 0x88, 0x9d, 0x9b, 0xb9, 0x7a, 
	0xac, 0x5a, 0xbb, 0x78, 0xbc, 0xc5, 0xbc, 0x03, 
	0x55, 0x55, 0xc5, 0x6a, 0x54, 0xa4, 0x55, 0x53, 
	0x50, 0xb5, 0x03, 0x58, 0x8d, 0xd8, 0xd8, 0x89, 
	0x98, 0x78, 0x9b, 0xbc, 0xcc, 0xc7, 0xdd, 0xd9, 
	0x86, 0x4a, 0x7c, 0x6a, 0xbc, 0x5c, 0x33, 0x23, 
	0x4a, 0x68, 0x9d, 0xdd, 0x9b, 0xcb, 0x7a, 0x53, 
	0x53, 0xb5, 0x47, 0x99, 0x9e, 0xed, 0xdd, 0x89, 
	0xdd, 0xdd, 0x8b, 0xc5, 0x5b, 0x9e, 0xed, 0xdd, 
	0xd8, 0x88, 0x77, 0x77, 0xcb, 0xc0, 0x02, 0x5a, 
	0xd9, 0x87, 0x9d, 0x9e, 0xed, 0xdd, 0x83, 0x0c, 
	0xc5, 0xc6, 0x79, 0xd9, 0xdd, 0x99, 0x8b, 0x7d, 
	0x99, 0x99, 0x88, 0x77, 0xa7, 0xde, 0xdd, 0xdd, 
	0xee, 0x99, 0x86, 0xbc, 0xcc, 0xa5, 0x01, 0x07, 
	0x9d, 0xdd, 0xed, 0x9d, 0xed, 0xd9, 0x4c, 0x3c, 
	0x5c, 0xbb, 0xc6, 0x99, 0x77, 0x67, 0x7b, 0xcb, 
	0x98, 0x76, 0xa6, 0x78, 0xbb, 0xb8, 0x78, 0xde, 
	0xd9, 0x87, 0x7b, 0xc3, 0x30, 0x54, 0x33, 0x3b, 
	0xd9, 0x99, 0x88, 0x8d, 0x88, 0x86, 0x3c, 0x00, 
	0xcb, 0xb7, 0x79, 0xde, 0x87, 0x87, 0x77, 0x78, 
	0x98, 0xbc, 0xbb, 0xcc, 0x77, 0x63, 0x53, 0x66, 
	0xca, 0xac, 0xab, 0xcb, 0x45, 0x5c, 0x30, 0xc4, 
	0x68, 0x99, 0xd9, 0xd6, 0xaa, 0x43, 0x10, 0x20, 
	0xc9, 0x9b, 0xb8, 0x89, 0x79, 0xdd, 0x89, 0x88, 
	0x96, 0xb9, 0x98, 0x55, 0x67, 0x7a, 0x3c, 0x33, 
	0x33, 0xcc, 0xaa, 0xba, 0x64, 0x43, 0x33, 0x5a, 
	0x7a, 0xb7, 0x98, 0x86, 0x54, 0x44, 0x33, 0x20, 
	0x89, 0x98, 0xb8, 0x7b, 0x89, 0x99, 0x99, 0x89, 
	0xdd, 0x79, 0x89, 0xaa, 0x78, 0xcc, 0xc4, 0xb5, 
	0x55, 0xcc, 0x46, 0x66, 0x44, 0xc5, 0x05, 0x37, 
	0x74, 0xba, 0x67, 0x64, 0xa3, 0x4a, 0xa4, 0x3c, 
	0xd8, 0xee, 0xd8, 0x4c, 0x79, 0x98, 0x9d, 0x98, 
	0x89, 0x88, 0xb8, 0x98, 0x97, 0x55, 0xa4, 0x5a, 
	0x54, 0x45, 0xa6, 0x64, 0x53, 0x55, 0x00, 0x39, 
	0x84, 0xa6, 0xa6, 0xa4, 0xc3, 0x4a, 0x65, 0x34, 
	0x89, 0xdd, 0xe8, 0x76, 0x98, 0xdb, 0x89, 0x89, 
	0x77, 0x77, 0x7b, 0xbc, 0x66, 0xc6, 0x6a, 0x4a, 
	0x6a, 0xc5, 0x46, 0xa4, 0x53, 0x35, 0x00, 0x57, 
	0xa4, 0x44, 0x33, 0x53, 0x53, 0x0a, 0x65, 0xc8, 
	0x89, 0xdd, 0xd8, 0x89, 0x99, 0xde, 0xd8, 0xbb, 
	0xcc, 0xbb, 0xb7, 0x87, 0x67, 0x76, 0x6a, 0x44, 
	0x4b, 0xc5, 0xa4, 0x53, 0x53, 0x00, 0x20, 0x57, 
	0x84, 0x4a, 0x00, 0x20, 0x33, 0x23, 0x43, 0x3a, 
	0xca, 0x68, 0x99, 0x99, 0xdd, 0xdd, 0x8a, 0xcc, 
	0xcb, 0xcc, 0xa6, 0x76, 0x46, 0x76, 0x64, 0x54, 
	0x5a, 0x55, 0x55, 0x55, 0x53, 0x22, 0x03, 0x4a, 
	0x7a, 0xa4, 0x45, 0x22, 0x03, 0x50, 0xa4, 0x03, 
	0x50, 0x0c, 0xcc, 0x57, 0x99, 0x99, 0x6c, 0x3c, 
	0xcb, 0xbb, 0xb9, 0x88, 0x77, 0x64, 0x5a, 0xa5, 
	0x00, 0x00, 0x03, 0x33, 0x32, 0x12, 0x00, 0xcb, 
	0xcc, 0x44, 0x53, 0x03, 0x00, 0x01, 0x55, 0x32, 
	0x01, 0x0c, 0xbb, 0xb7, 0x7a, 0xa6, 0xbc, 0xcc, 
	0xbb, 0x76, 0xaa, 0x46, 0x77, 0x53, 0x35, 0x53, 
	0x00, 0x02, 0x22, 0x20, 0x22, 0x20, 0x03, 0xc5, 
	0x5a, 0xaa, 0xa3, 0x35, 0x43, 0x53, 0x33, 0x30, 
	0x11, 0x0a, 0x43, 0x34, 0x55, 0x05, 0xcc, 0x35, 
	0x33, 0x0c, 0xc2, 0x03, 0x34, 0x4a, 0x40, 0x20, 
	0x20, 0x12, 0x11, 0x30, 0x20, 0x22, 0x12, 0xa4, 
	0x54, 0xa4, 0xb5, 0x55, 0x44, 0x44, 0x77, 0x43, 
	0x20, 0x33, 0x02, 0x35, 0x33, 0x03, 0x55, 0xc4, 
	0x02, 0x3b, 0xcc, 0x00, 0x54, 0x44, 0xaa, 0x54, 
	0xa0, 0x52, 0x11, 0x21, 0x22, 0x02, 0x22, 0x5a, 
	0xa4, 0x44, 0x44, 0xaa, 0x6a, 0xa4, 0x66, 0x66, 
	0x40, 0x55, 0x00, 0x03, 0x03, 0x20, 0x03, 0x4c, 
	0x05, 0x50, 0x00, 0x23, 0x00, 0x46, 0x66, 0x76, 
	0x45, 0x22, 0x10, 0x21, 0x10, 0x20, 0x4a, 0x54, 
	0xa4, 0x44, 0x44, 0x5a, 0x45, 0x47, 0x67, 0x87, 
	0xa0, 0x34, 0x52, 0x00, 0x20, 0x21, 0x00, 0x44, 
	0x44, 0x45, 0x02, 0x12, 0x22, 0x33, 0x5a, 0x53, 
	0x00, 0x03, 0x66, 0xd9, 0x97, 0x98, 0x6a, 0x67, 
	0x76, 0x67, 0x76, 0x67, 0x67, 0x6c, 0xbb, 0xb7, 
	0x74, 0x03, 0x32, 0x22, 0x00, 0x21, 0x12, 0x33, 
	0x55, 0x43, 0x30, 0x30, 0x00, 0x00, 0x00, 0x20, 
	0x02, 0x57, 0x78, 0xac, 0x57, 0x76, 0x66, 0x88, 
	0x64, 0x4c, 0xac, 0x69, 0xd9, 0x79, 0xde, 0xee, 
	0xd9, 0x52, 0x32, 0x21, 0x12, 0x01, 0x02, 0x03, 
	0x20, 0x00, 0x02, 0x21, 0x11, 0x11, 0x20, 0x02, 
	0x22, 0x06, 0x76, 0xa3, 0x0c, 0x67, 0x76, 0x74, 
	0xcc, 0x67, 0x77, 0x9d, 0x9d, 0x99, 0x99, 0xee, 
	0xee, 0xe7, 0xa7, 0x76, 0x02, 0x01, 0x11, 0x00, 
	0x05, 0x20, 0x30, 0x03, 0x35, 0x33, 0x02, 0x00, 
	0x03, 0xaa, 0xaa, 0xa4, 0x66, 0x4a, 0x77, 0x44, 
	0x46, 0x88, 0x87, 0x79, 0x88, 0x97, 0x98, 0x7d, 
	0xee, 0xe9, 0xde, 0xed, 0x84, 0x32, 0x20, 0x03, 
	0x6a, 0x43, 0xa5, 0x35, 0x53, 0x03, 0x4a, 0x66, 
	0x6a, 0x4b, 0xc5, 0x54, 0x76, 0x66, 0x6a, 0x3a, 
	0x46, 0x79, 0x88, 0x88, 0xdd, 0xdd, 0x87, 0x66, 
	0x9d, 0x86, 0x9d, 0xee, 0x96, 0x64, 0x30, 0xaa, 
	0x64, 0xa6, 0x67, 0xaa, 0x30, 0x05, 0x46, 0x66, 
	0x7a, 0x67, 0x77, 0x76, 0xa6, 0xaa, 0x63, 0x35, 
	0x44, 0x68, 0x9d, 0x99, 0x9d, 0x98, 0x78, 0x77, 
	0x67, 0xaa, 0x78, 0x88, 0x75, 0x4b, 0xa5, 0xa7, 
	0x66, 0x79, 0x88, 0x87, 0xbc, 0xca, 0x66, 0xa6, 
	0xac, 0xcb, 0xbb, 0xa6, 0xba, 0xcc, 0x60, 0x53, 
	0x35, 0x67, 0x66, 0x78, 0x76, 0x45, 0x4a, 0x67, 
	0x76, 0x46, 0x77, 0x84, 0x60, 0xa6, 0x74, 0x8d, 
	0x99, 0x98, 0x77, 0xbc, 0xcc, 0xcb, 0xb6, 0xcc, 
	0xcc, 0xcc, 0xc5, 0xca, 0x64, 0xcc, 0xc2, 0x53, 
	0x00, 0x33, 0x33, 0x44, 0x44, 0x53, 0x56, 0xa5, 
	0xa6, 0x5a, 0xa6, 0x66, 0xa3, 0x55, 0x44, 0x8d, 
	0x79, 0x97, 0xbc, 0xc3, 0x46, 0xa3, 0x33, 0x44, 
	0x30, 0x35, 0xc5, 0x55, 0xa6, 0xc5, 0x40, 0x54, 
	0x35, 0x53, 0x33, 0x55, 0x55, 0x50, 0x35, 0xa7, 
	0xaa, 0x55, 0x5a, 0xa6, 0x60, 0x22, 0x33, 0x68, 
	0xbc, 0xbc, 0x3c, 0x8d, 0x8e, 0xe9, 0x3a, 0x67, 
	0x87, 0x67, 0x87, 0x77, 0xcc, 0x48, 0xd7, 0x53, 
	0x46, 0x5a, 0xaa, 0x44, 0x55, 0x02, 0x23, 0x03, 
	0x35, 0x32, 0x20, 0x35, 0x33, 0x52, 0x21, 0xa7, 
	0x55, 0xb3, 0xc8, 0xee, 0xdd, 0x99, 0x6b, 0x89, 
	0xdd, 0x79, 0xd9, 0x87, 0xa6, 0x77, 0x87, 0x76, 
	0x54, 0x55, 0x33, 0x03, 0x02, 0x00, 0x20, 0x20, 
	0x05, 0xa6, 0x65, 0x22, 0x23, 0x33, 0x21, 0x3c, 
	0x22, 0x03, 0x79, 0x99, 0xdd, 0xd9, 0x9c, 0xb7, 
	0x88, 0x78, 0x8c, 0x77, 0x66, 0x67, 0x7a, 0xa7, 
	0x65, 0x00, 0x05, 0x35, 0x53, 0x20, 0x00, 0x35, 
	0x30, 0x46, 0x45, 0x02, 0x03, 0x20, 0x02, 0x12, 
	0x05, 0xb9, 0xdd, 0xd9, 0x89, 0x99, 0x89, 0x98, 
	0x78, 0x7a, 0x4c, 0xa4, 0x4a, 0xa5, 0x44, 0xa6, 
	0x64, 0xa6, 0xa4, 0x46, 0x6a, 0xa4, 0x33, 0x53, 
	0x31, 0x12, 0x20, 0x02, 0x22, 0x22, 0x00, 0x01, 
	0xcb, 0x79, 0xdd, 0xd9, 0x7b, 0x7b, 0x78, 0x88, 
	0x87, 0x64, 0x76, 0xaa, 0x6a, 0x64, 0xca, 0xa6, 
	0x65, 0x47, 0x6a, 0xaa, 0xa6, 0x78, 0x66, 0x76, 
	0x64, 0x32, 0x02, 0x35, 0x33, 0x20, 0x4c, 0x55, 
	0xcc, 0xb8, 0xdd, 0xd9, 0x76, 0xcc, 0x66, 0x77, 
	0x7b, 0x77, 0x79, 0x78, 0xa6, 0x66, 0x6a, 0xa6, 
	0x44, 0x34, 0x66, 0x6a, 0x6a, 0x66, 0x66, 0x67, 
	0x77, 0x66, 0x96, 0x45, 0x6a, 0x76, 0x64, 0x53, 
	0x35, 0x76, 0x89, 0x78, 0xb7, 0x87, 0x7b, 0xb8, 
	0x97, 0xba, 0xc4, 0x50, 0x36, 0x76, 0xa6, 0x66, 
	0x66, 0x76, 0x66, 0xa7, 0x7a, 0x6a, 0x4a, 0x67, 
	0x79, 0x97, 0x66, 0x66, 0x79, 0x7a, 0x45, 0x50, 
	0x23, 0x44, 0x79, 0x78, 0x99, 0x8b, 0xbc, 0xc7, 
	0x8b, 0xc3, 0x03, 0x00, 0xcc, 0xac, 0xaa, 0x66, 
	0xa7, 0x77, 0x66, 0xa7, 0x64, 0x4a, 0x46, 0x67, 
	0x77, 0x9a, 0x53, 0x55, 0x69, 0x74, 0x6a, 0x42, 
	0x03, 0x5a, 0x78, 0x8d, 0x99, 0x98, 0x7c, 0x33, 
	0x30, 0x23, 0xcc, 0xcc, 0xc0, 0xc7, 0xd9, 0x6b, 
	0x6a, 0x7b, 0x77, 0x67, 0x6b, 0x76, 0x6a, 0x47, 
	0x67, 0x6a, 0x56, 0x77, 0x99, 0x87, 0x6a, 0x50, 
	0x55, 0x35, 0x78, 0x77, 0x78, 0x77, 0x66, 0x35, 
	0x53, 0x23, 0xa7, 0x8d, 0xdd, 0x79, 0xdd, 0xbc, 
	0xa6, 0x66, 0x78, 0x87, 0x6a, 0xaa, 0xab, 0xbb, 
	0x64, 0x53, 0x03, 0x34, 0x44, 0x4a, 0x64, 0x68, 
	0x66, 0x30, 0x35, 0x6d, 0x86, 0x66, 0xa3, 0x20, 
	0x02, 0x13, 0xc7, 0x88, 0x88, 0x77, 0x97, 0xa4, 
	0xa4, 0xa6, 0x79, 0x86, 0x66, 0x6a, 0x67, 0xcc, 
	0x54, 0x45, 0x55, 0x55, 0x35, 0x44, 0x4a, 0x68, 
	0x44, 0x22, 0x02, 0x04, 0x44, 0xb6, 0x30, 0x20, 
	0x02, 0x10, 0x47, 0x78, 0x97, 0xaa, 0x77, 0xc4, 
	0x65, 0xa9, 0xdd, 0x98, 0x76, 0x77, 0x9d, 0x8c, 
	0xb7, 0x6b, 0xa4, 0x45, 0x35, 0x36, 0x6a, 0x67, 
	0x2a, 0x53, 0x32, 0x30, 0x13, 0x02, 0x05, 0x53, 
	0x00, 0x48, 0x99, 0x77, 0x86, 0x5a, 0x67, 0xb8, 
	0x7a, 0x48, 0x79, 0x87, 0x74, 0x78, 0x7d, 0x98, 
	0xc8, 0x87, 0xa5, 0x55, 0x35, 0xaa, 0xa7, 0x73, 
	0x23, 0x4a, 0x51, 0x33, 0x30, 0x38, 0xd8, 0x8b, 
	0xc4, 0x68, 0xdd, 0x8b, 0xca, 0xa7, 0x7c, 0x68, 
	0x87, 0x48, 0xd9, 0x7b, 0x97, 0xdd, 0x87, 0x78, 
	0x66, 0x66, 0xa4, 0x50, 0x56, 0x45, 0x5a, 0x32, 
	0x55, 0x55, 0x53, 0x00, 0x55, 0xc7, 0x9d, 0xee, 
	0xd7, 0x88, 0xd9, 0xbc, 0x5c, 0x77, 0xba, 0xb8, 
	0xd8, 0x7b, 0x67, 0xb7, 0xaa, 0x98, 0xbb, 0x6a, 
	0x43, 0x3a, 0xa4, 0x5a, 0xa4, 0x50, 0x23, 0x03, 
	0x02, 0x22, 0x35, 0xca, 0xd9, 0xbb, 0x8d, 0xe9, 
	0x88, 0xcc, 0x6b, 0x3c, 0xc5, 0xb5, 0x33, 0x77, 
	0xa4, 0xa6, 0x66, 0x4c, 0x79, 0x98, 0x77, 0x5a, 
	0x44, 0xaa, 0xaa, 0x46, 0xa4, 0x45, 0x02, 0x00, 
	0x32, 0x22, 0xc7, 0x97, 0xd9, 0xcc, 0xc8, 0x97, 
	0x76, 0xcc, 0x3c, 0x4a, 0xbb, 0x32, 0x35, 0x73, 
	0x54, 0xa4, 0x44, 0xc3, 0x47, 0x99, 0x98, 0x78, 
	0x7a, 0xa4, 0x45, 0x53, 0x3c, 0x3c, 0x53, 0x50, 
	0xac, 0xcc, 0x67, 0x8d, 0xdd, 0x7c, 0xbb, 0xca, 
	0x4c, 0xc5, 0xcc, 0x57, 0x7a, 0x03, 0x5b, 0x85, 
	0xa6, 0xaa, 0x45, 0x35, 0x57, 0x89, 0xd9, 0x89, 
	0x86, 0x77, 0x66, 0x4a, 0xa3, 0x5c, 0x44, 0x6a, 
	0xa5, 0x44, 0x77, 0x76, 0x66, 0xc3, 0xa6, 0xa6, 
	0xa5, 0x30, 0x03, 0x49, 0xbc, 0x05, 0xba, 0xbc, 
	0xa6, 0xa5, 0x5c, 0x53, 0x47, 0xde, 0xee, 0xdd, 
	0xd9, 0x89, 0x84, 0x3c, 0xc0, 0xcc, 0x44, 0x44, 
	0x66, 0xa9, 0x7a, 0x76, 0x54, 0x54, 0xa7, 0x78, 
	0x7c, 0x33, 0x33, 0x3b, 0xd9, 0xd8, 0xdb, 0xcb, 
	0xa4, 0xa6, 0xc5, 0x55, 0xc6, 0x78, 0x99, 0x99, 
	0xde, 0xdd, 0x97, 0x87, 0x7c, 0xcc, 0x44, 0x68, 
	0x6a, 0xa8, 0x78, 0x86, 0x66, 0x67, 0x66, 0x77, 
	0xa3, 0x00, 0x03, 0x5c, 0x9d, 0xd9, 0x9b, 0x56, 
	0x46, 0xb8, 0x7b, 0x45, 0xa6, 0x7a, 0x5a, 0x53, 
	0x45, 0x54, 0xa4, 0xa8, 0xbc, 0xcc, 0xc5, 0x4a, 
	0x44, 0x56, 0x69, 0x87, 0x64, 0x4a, 0x67, 0x4a, 
	0x43, 0x20, 0x54, 0x55, 0xc8, 0xd9, 0x7c, 0x77, 
	0x77, 0x87, 0x7b, 0x7c, 0x78, 0xac, 0x03, 0x00, 
	0x00, 0x22, 0x22, 0x0c, 0x4c, 0xc6, 0x6a, 0xa6, 
	0x74, 0x43, 0x57, 0x87, 0x76, 0x54, 0x4a, 0x44, 
	0x45, 0x33, 0x55, 0xa5, 0x5a, 0x98, 0x6a, 0x77, 
	0x7b, 0x67, 0x78, 0x8b, 0x68, 0x73, 0x5c, 0x30, 
	0x03, 0x00, 0x01, 0x15, 0xcc, 0xa6, 0x66, 0x66, 
	0x7a, 0x35, 0x55, 0xaa, 0x5a, 0xbc, 0xba, 0x45, 
	0xaa, 0x34, 0xa4, 0x45, 0x55, 0x68, 0x54, 0xa7, 
	0x77, 0x97, 0x9d, 0xd9, 0x78, 0x89, 0xbc, 0x22, 
	0x20, 0x12, 0x31, 0x20, 0xca, 0x6a, 0x6a, 0x69, 
	0x87, 0x64, 0x55, 0xa4, 0x44, 0xbc, 0x54, 0x45, 
	0x44, 0x20, 0x3a, 0x30, 0x05, 0xa0, 0x54, 0x56, 
	0x78, 0x99, 0x97, 0xde, 0xed, 0xdd, 0x99, 0xb0, 
	0x22, 0x00, 0x00, 0x04, 0x4a, 0x44, 0x45, 0x49, 
	0x76, 0x74, 0x35, 0x45, 0x45, 0x30, 0x03, 0x55, 
	0x53, 0xa8, 0x87, 0x42, 0x05, 0x20, 0x4a, 0xa4, 
	0x68, 0x77, 0xbc, 0xcb, 0x9d, 0xee, 0x89, 0x9b, 
	0x30, 0xc6, 0x77, 0x76, 0x66, 0x66, 0x54, 0xa8, 
	0x64, 0x53, 0x00, 0x00, 0x33, 0x30, 0x02, 0x04, 
	0x78, 0x9e, 0x97, 0xa0, 0x00, 0x25, 0xa5, 0x35, 
	0x4a, 0x76, 0x64, 0xc5, 0xcc, 0x88, 0x87, 0xcc, 
	0x3c, 0x67, 0x77, 0x88, 0x97, 0xa6, 0xa6, 0x77, 
	0x35, 0x33, 0x30, 0x12, 0x22, 0x25, 0x35, 0xa7, 
	0x9d, 0x9e, 0xd8, 0x73, 0x01, 0x25, 0x55, 0x35, 
	0x4a, 0x6c, 0xc5, 0xc5, 0x35, 0x30, 0x00, 0x30, 
	0x10, 0x56, 0x77, 0x6b, 0x4a, 0x5a, 0x54, 0x55, 
	0x50, 0x03, 0x32, 0x11, 0x03, 0x49, 0xd7, 0x79, 
	0xed, 0xdd, 0x76, 0x65, 0x01, 0x20, 0x05, 0x54, 
	0xcb, 0xbc, 0x33, 0x32, 0x03, 0x01, 0x25, 0x01, 
	0x33, 0x13, 0x54, 0x55, 0x55, 0x32, 0x25, 0x55, 
	
};

Gfx jrb_dl_qua_o_ty1_rock01_ci4_pal_rgba16_aligner[] = {gsSPEndDisplayList()};
u8 jrb_dl_qua_o_ty1_rock01_ci4_pal_rgba16[] = {
	0x29, 0x4b, 0x19, 0x07, 0x21, 0x49, 0x31, 0x8d, 
	0x42, 0x51, 0x39, 0xcf, 0x4a, 0x95, 0x52, 0xd7, 
	0x5b, 0x59, 0x6b, 0x5b, 0x42, 0x53, 0x4a, 0x93, 
	0x42, 0x0f, 0x73, 0xdd, 0x84, 0x61, 
};

Gfx jrb_dl_wild_oku_tuchi00_grass_ci4_aligner[] = {gsSPEndDisplayList()};
u8 jrb_dl_wild_oku_tuchi00_grass_ci4[] = {
	0x01, 0x02, 0x03, 0x00, 0x00, 0x44, 0x52, 0x10, 
	0x11, 0x60, 0x01, 0x17, 0x80, 0x92, 0x49, 0x22, 
	0x0a, 0x4b, 0x69, 0x55, 0x40, 0x0a, 0x02, 0x0a, 
	0x26, 0x6a, 0x60, 0x00, 0x68, 0x12, 0x9c, 0x44, 
	0x06, 0x03, 0x30, 0x30, 0x0a, 0xaa, 0x22, 0x77, 
	0x04, 0x00, 0x95, 0x42, 0x05, 0x22, 0x22, 0x27, 
	0x0a, 0x41, 0x24, 0xa0, 0x80, 0x01, 0x00, 0x43, 
	0x66, 0x60, 0x7b, 0xb0, 0x42, 0x29, 0x91, 0x71, 
	0x07, 0x00, 0x20, 0x44, 0xaa, 0xaa, 0x22, 0x25, 
	0x45, 0x95, 0x47, 0x1a, 0x72, 0x44, 0x40, 0x24, 
	0xaa, 0x22, 0x11, 0x52, 0xa0, 0x47, 0x70, 0x33, 
	0x33, 0x27, 0x47, 0x80, 0x01, 0x39, 0xc6, 0x03, 
	0x6d, 0xb1, 0x74, 0x2b, 0xaa, 0xa4, 0x22, 0x22, 
	0xd5, 0x2b, 0xba, 0x7a, 0xa2, 0xa4, 0x20, 0xb4, 
	0x72, 0x2a, 0x22, 0x01, 0x68, 0x16, 0x03, 0x89, 
	0x77, 0x22, 0x81, 0x08, 0x00, 0x09, 0xc0, 0x96, 
	0x04, 0xb7, 0x27, 0x52, 0x2b, 0x44, 0x54, 0x22, 
	0x52, 0x20, 0x7a, 0xa1, 0x22, 0x74, 0x33, 0x68, 
	0x30, 0x77, 0x07, 0x06, 0x03, 0x66, 0x08, 0x02, 
	0xaa, 0x47, 0x00, 0x00, 0x66, 0x70, 0x09, 0x20, 
	0x24, 0x20, 0x24, 0x24, 0x27, 0x24, 0x44, 0x2b, 
	0x25, 0x22, 0x4a, 0x22, 0x02, 0x43, 0x03, 0x36, 
	0x00, 0x04, 0x04, 0x00, 0x00, 0x00, 0x00, 0x30, 
	0x21, 0x81, 0x27, 0x76, 0x00, 0x03, 0x29, 0x26, 
	0x27, 0x26, 0x27, 0x44, 0x25, 0x24, 0x55, 0x4b, 
	0xb5, 0x22, 0x00, 0x0a, 0x00, 0x73, 0x33, 0x33, 
	0x00, 0x70, 0x03, 0x70, 0x80, 0x00, 0x33, 0x30, 
	0x60, 0xa2, 0x22, 0x42, 0x48, 0x77, 0x42, 0xb4, 
	0xb4, 0x22, 0x12, 0x70, 0x25, 0x4b, 0x55, 0x4b, 
	0x50, 0x72, 0x02, 0xaa, 0x23, 0x03, 0x36, 0x30, 
	0x77, 0x76, 0x36, 0x02, 0x00, 0x36, 0x66, 0x33, 
	0x33, 0xa1, 0x94, 0x22, 0x22, 0x92, 0x44, 0x44, 
	0x74, 0x04, 0x00, 0xa0, 0x72, 0x42, 0x72, 0x50, 
	0x00, 0x70, 0x00, 0x12, 0x00, 0x00, 0x33, 0x02, 
	0x91, 0x03, 0x00, 0x68, 0x40, 0x63, 0x60, 0x30, 
	0x66, 0x82, 0x22, 0x22, 0x9a, 0x92, 0x2b, 0xd1, 
	0x80, 0x00, 0x00, 0x7a, 0x00, 0x74, 0x24, 0x5d, 
	0x03, 0x00, 0x70, 0x20, 0x00, 0x40, 0x00, 0x22, 
	0x0a, 0x71, 0x60, 0x02, 0x01, 0x80, 0x00, 0x81, 
	0x63, 0x00, 0x40, 0x00, 0x28, 0x43, 0x0b, 0x55, 
	0x08, 0x05, 0x08, 0x77, 0x00, 0x2b, 0x25, 0x2d, 
	0x00, 0x00, 0x00, 0x00, 0x30, 0x80, 0x88, 0x04, 
	0x12, 0x70, 0x00, 0x08, 0x52, 0x20, 0x01, 0xaa, 
	0x40, 0x06, 0x63, 0x22, 0xb4, 0x53, 0x84, 0xaa, 
	0xb7, 0x12, 0x27, 0x77, 0x67, 0xbb, 0x55, 0x55, 
	0x00, 0x00, 0x42, 0x88, 0x02, 0x0d, 0x72, 0x07, 
	0xb8, 0x00, 0x78, 0x80, 0x42, 0x00, 0x11, 0x18, 
	0x04, 0x48, 0x86, 0x86, 0xa0, 0x00, 0x06, 0xa8, 
	0x77, 0x22, 0x20, 0x1b, 0xb1, 0xbb, 0xd2, 0x00, 
	0x20, 0x00, 0x52, 0x72, 0x02, 0x2a, 0xa4, 0x20, 
	0x48, 0x88, 0x00, 0x0d, 0x20, 0x60, 0x06, 0x07, 
	0x18, 0x84, 0x02, 0x00, 0x21, 0x10, 0x00, 0x47, 
	0x84, 0x77, 0x00, 0x80, 0x4b, 0x62, 0x29, 0x01, 
	0x70, 0x43, 0x5d, 0x92, 0x22, 0x21, 0x7a, 0x23, 
	0x72, 0x74, 0x83, 0x34, 0x03, 0x03, 0x10, 0x04, 
	0x20, 0x04, 0x60, 0x04, 0x40, 0x02, 0x00, 0x30, 
	0x66, 0x05, 0x27, 0xb0, 0x41, 0x5d, 0x22, 0x55, 
	0x46, 0x33, 0x59, 0x20, 0x77, 0x22, 0x00, 0x10, 
	0x0a, 0x22, 0x20, 0x00, 0x06, 0x06, 0x00, 0x14, 
	0x78, 0xaa, 0x60, 0x44, 0x48, 0x44, 0x55, 0x03, 
	0x66, 0x28, 0x4a, 0x03, 0x10, 0x55, 0x05, 0x25, 
	0x04, 0x03, 0x29, 0x77, 0x03, 0x71, 0x00, 0x00, 
	0x22, 0x42, 0x22, 0x23, 0x63, 0x0a, 0x02, 0x22, 
	0xa7, 0x1a, 0xa4, 0x44, 0x24, 0x2b, 0x25, 0x43, 
	0x06, 0x0b, 0x42, 0x22, 0xbb, 0xd3, 0x00, 0x32, 
	0x25, 0x47, 0x40, 0x00, 0x03, 0x02, 0x06, 0x00, 
	0x62, 0x44, 0x90, 0x53, 0x63, 0x47, 0x12, 0xa2, 
	0x7a, 0xaa, 0x24, 0x22, 0x28, 0x25, 0x25, 0x98, 
	0x42, 0x8b, 0x14, 0x4b, 0x05, 0xbd, 0xd1, 0x00, 
	0x52, 0x77, 0x77, 0x90, 0x03, 0x31, 0x26, 0x67, 
	0x47, 0x02, 0x80, 0x32, 0x46, 0x02, 0x1a, 0x00, 
	0x70, 0xaa, 0x4b, 0x24, 0x02, 0x9a, 0xa2, 0x16, 
	0xba, 0x12, 0x75, 0xb0, 0xb0, 0x03, 0x60, 0x00, 
	0x11, 0x11, 0x10, 0x92, 0x61, 0x85, 0x08, 0x06, 
	0x18, 0x80, 0xa6, 0x82, 0x46, 0x0d, 0xaa, 0x25, 
	0x22, 0x0a, 0x55, 0xb5, 0x54, 0x1a, 0x90, 0x60, 
	0x08, 0x55, 0x0b, 0x06, 0x33, 0x30, 0x63, 0x00, 
	0x07, 0x07, 0x05, 0x29, 0xa9, 0x10, 0x71, 0x11, 
	0x72, 0x48, 0x62, 0x68, 0x24, 0xcc, 0x22, 0x24, 
	0x52, 0x22, 0x42, 0x52, 0x1b, 0x22, 0x42, 0x29, 
	0x55, 0x44, 0x00, 0x63, 0x63, 0x00, 0x60, 0x00, 
	0x17, 0x70, 0x24, 0x22, 0x08, 0x21, 0x00, 0x86, 
	0x92, 0x28, 0x63, 0x86, 0x02, 0xc1, 0x22, 0x01, 
	0xa0, 0x44, 0x40, 0x55, 0xbb, 0x42, 0x12, 0x20, 
	0x57, 0x00, 0xa3, 0x66, 0x30, 0x66, 0x36, 0x00, 
	0x71, 0x2a, 0x24, 0x24, 0x21, 0x20, 0x04, 0xdd, 
	0x22, 0x78, 0x84, 0x00, 0x06, 0x00, 0x72, 0x20, 
	0x06, 0x08, 0x44, 0x00, 0x44, 0x24, 0x2a, 0xa1, 
	0x14, 0x00, 0x05, 0x03, 0x33, 0x30, 0x00, 0x03, 
	0xa5, 0x1a, 0x4b, 0x88, 0x22, 0x94, 0x6d, 0x1a, 
	0x44, 0x24, 0x06, 0x00, 0x20, 0xa6, 0x04, 0x33, 
	0x02, 0xa0, 0x55, 0x27, 0xa4, 0x42, 0x22, 0x62, 
	0x0b, 0x80, 0x06, 0x56, 0x33, 0x03, 0x30, 0x01, 
	0x25, 0x22, 0x24, 0x87, 0x2a, 0x24, 0x27, 0x77, 
	0x24, 0x22, 0x60, 0x82, 0x52, 0x42, 0x06, 0x33, 
	0x45, 0xa2, 0x02, 0x01, 0x02, 0xa1, 0x21, 0x84, 
	0x22, 0xb8, 0x65, 0x75, 0x00, 0x33, 0x32, 0x51, 
	0xd7, 0x22, 0x4b, 0x72, 0x27, 0x02, 0x27, 0xa0, 
	0x02, 0x44, 0x42, 0x0a, 0xa2, 0x03, 0x03, 0x04, 
	0x22, 0x40, 0x06, 0x04, 0x09, 0x22, 0x27, 0x44, 
	0x44, 0x44, 0x55, 0xb5, 0x26, 0x63, 0x10, 0x0b, 
	0x20, 0x94, 0x11, 0x30, 0x07, 0xa7, 0x20, 0x04, 
	0x47, 0x42, 0x29, 0xa2, 0x25, 0x99, 0x20, 0x52, 
	0x22, 0xab, 0x50, 0x0b, 0x29, 0x42, 0x40, 0x42, 
	0x05, 0x55, 0xb4, 0x34, 0x26, 0x60, 0x00, 0x11, 
	0x00, 0xdd, 0x50, 0x32, 0x75, 0x52, 0x70, 0x67, 
	0x57, 0x47, 0x3a, 0xaa, 0x62, 0x92, 0x44, 0x44, 
	0x22, 0x55, 0x42, 0x88, 0x44, 0x60, 0x22, 0x27, 
	0x59, 0x5b, 0x0a, 0x36, 0x60, 0x66, 0x00, 0x91, 
	0x86, 0x03, 0x00, 0x61, 0x01, 0x51, 0x83, 0x30, 
	0x37, 0x40, 0x94, 0x22, 0x28, 0x02, 0x4b, 0x44, 
	0x22, 0x25, 0xab, 0x08, 0xb2, 0x80, 0x24, 0x42, 
	0x15, 0x4b, 0xbb, 0xb9, 0x06, 0x00, 0x80, 0xc9, 
	0x00, 0x66, 0x60, 0x09, 0x07, 0x37, 0x0a, 0x01, 
	0x33, 0x04, 0x04, 0x29, 0xa2, 0x88, 0xbb, 0x44, 
	0x25, 0x71, 0x44, 0x4a, 0x88, 0x64, 0x97, 0x92, 
	0x81, 0x40, 0x00, 0x04, 0xb6, 0x44, 0x00, 0x60, 
	0x86, 0x60, 0x00, 0x90, 0x00, 0x90, 0x7a, 0x21, 
	0x86, 0x07, 0x07, 0x06, 0x06, 0x82, 0x44, 0xb0, 
	0x7d, 0x75, 0x24, 0xaa, 0x28, 0x87, 0x00, 0x42, 
	0x33, 0x20, 0x01, 0x00, 0x36, 0x05, 0x80, 0x89, 
	0x29, 0x00, 0x21, 0x30, 0x00, 0x05, 0xaa, 0x42, 
	0x07, 0x03, 0x36, 0x06, 0x22, 0x84, 0x44, 0x20, 
	0xaa, 0x4a, 0x20, 0x00, 0x82, 0x14, 0x22, 0x66, 
	0x60, 0x01, 0x45, 0x10, 0x00, 0x26, 0x00, 0x89, 
	0x32, 0x10, 0x80, 0x35, 0x30, 0x2a, 0xaa, 0xaa, 
	0x70, 0x33, 0x33, 0x60, 0x30, 0x12, 0x00, 0x03, 
	0x02, 0xb7, 0x22, 0x40, 0x4a, 0x24, 0x55, 0x26, 
	0x49, 0x44, 0x64, 0x42, 0xd0, 0x0d, 0x0b, 0x02, 
	0x46, 0x65, 0x60, 0x00, 0x68, 0x12, 0x22, 0xaa, 
	0x01, 0x04, 0x03, 0x00, 0x00, 0x22, 0x22, 0x10, 
	0x11, 0x60, 0x01, 0x17, 0x80, 0x4a, 0xa4, 0xaa, 
	0x04, 0x41, 0x4b, 0xb0, 0x80, 0x01, 0x00, 0x93, 
	0x66, 0x60, 0x79, 0x20, 0x22, 0x22, 0x21, 0x71, 
	0x06, 0x03, 0x30, 0x30, 0x02, 0x22, 0x2a, 0x77, 
	0x0a, 0x00, 0x42, 0x44, 0x0b, 0x4a, 0x22, 0xa7, 
	0x42, 0x52, 0x11, 0x52, 0xd0, 0xc7, 0x70, 0x33, 
	0x33, 0x47, 0x97, 0x80, 0x01, 0x39, 0x26, 0x03, 
	0x07, 0x00, 0x20, 0x52, 0x42, 0xaa, 0x22, 0xaa, 
	0x22, 0x52, 0x47, 0x12, 0x75, 0x54, 0x50, 0xa4, 
	0x7a, 0x55, 0x5b, 0x01, 0x68, 0x16, 0x03, 0x82, 
	0x77, 0x59, 0x81, 0x08, 0x00, 0x09, 0x20, 0x96, 
	0x69, 0x91, 0x72, 0x22, 0x42, 0xaa, 0x42, 0xa2, 
	0x2a, 0x24, 0x44, 0x72, 0x24, 0x29, 0x20, 0x24, 
	0x30, 0x77, 0x07, 0x06, 0x03, 0x66, 0x08, 0x02, 
	0x22, 0x27, 0x00, 0x00, 0x66, 0x70, 0x02, 0x20, 
	0x0a, 0x97, 0xa7, 0x22, 0x22, 0x24, 0x42, 0x22, 
	0xb4, 0x40, 0x74, 0xa1, 0x24, 0x72, 0x33, 0x68, 
	0x00, 0x02, 0x09, 0x00, 0x00, 0x00, 0x00, 0x30, 
	0x21, 0x81, 0x97, 0x76, 0x00, 0x03, 0x22, 0x46, 
	0x92, 0x90, 0x44, 0x52, 0x27, 0x2b, 0x42, 0xa2, 
	0x24, 0x24, 0x22, 0xa2, 0x09, 0x43, 0x03, 0x36, 
	0x00, 0x70, 0x03, 0x70, 0x80, 0x00, 0x33, 0x30, 
	0x60, 0x22, 0x22, 0xa2, 0xb8, 0x77, 0x22, 0x29, 
	0xa7, 0xa6, 0xa7, 0x24, 0x4b, 0x44, 0x42, 0x24, 
	0xa2, 0x22, 0x00, 0x02, 0x00, 0x73, 0x33, 0x33, 
	0x77, 0x76, 0x36, 0x05, 0x00, 0x36, 0x66, 0x33, 
	0x33, 0x21, 0xaa, 0xa4, 0xb2, 0x52, 0x22, 0x29, 
	0xaa, 0x2a, 0x14, 0x70, 0x44, 0x42, 0x29, 0x2b, 
	0xa0, 0x74, 0x02, 0x25, 0x43, 0x03, 0x36, 0x30, 
	0x41, 0x03, 0x00, 0x68, 0x20, 0x63, 0x60, 0x30, 
	0x66, 0x82, 0xa2, 0x5d, 0x92, 0x2a, 0x22, 0x21, 
	0x72, 0x04, 0x00, 0x20, 0x75, 0x42, 0x79, 0xa0, 
	0x00, 0x70, 0x00, 0x14, 0x00, 0x00, 0x33, 0x0a, 
	0x0b, 0x71, 0x60, 0x0d, 0x01, 0x80, 0x00, 0x81, 
	0x63, 0x00, 0xa0, 0x00, 0x98, 0x23, 0x02, 0x22, 
	0x80, 0x00, 0x00, 0x74, 0x00, 0x74, 0x92, 0x2a, 
	0x03, 0x00, 0x70, 0x20, 0x00, 0x40, 0x00, 0xaa, 
	0x15, 0x70, 0x00, 0x08, 0x99, 0x40, 0x01, 0x49, 
	0x50, 0x06, 0x63, 0xaa, 0x22, 0x23, 0x82, 0x5a, 
	0x08, 0x02, 0x08, 0x77, 0x00, 0x42, 0x4b, 0x24, 
	0x00, 0x00, 0x00, 0x00, 0x30, 0x80, 0x88, 0x0a, 
	0x28, 0x00, 0x78, 0x80, 0x99, 0x00, 0x11, 0x18, 
	0x0d, 0x28, 0x86, 0x86, 0x20, 0x00, 0x06, 0x28, 
	0xa7, 0x19, 0x27, 0x77, 0x67, 0x24, 0x22, 0x29, 
	0x00, 0x00, 0x29, 0x88, 0x04, 0x04, 0x72, 0x07, 
	0x28, 0x88, 0x00, 0x02, 0xa0, 0x60, 0x06, 0x07, 
	0x18, 0x89, 0x04, 0x00, 0x21, 0x10, 0x00, 0x47, 
	0x77, 0x29, 0xa0, 0x15, 0xb1, 0x22, 0xa2, 0x00, 
	0x20, 0x00, 0xb4, 0x74, 0x04, 0xa2, 0xa4, 0x20, 
	0x72, 0x75, 0x83, 0x34, 0x03, 0x03, 0x10, 0x05, 
	0x90, 0x02, 0x60, 0x02, 0x20, 0x02, 0x00, 0x30, 
	0x89, 0x77, 0x00, 0x80, 0xba, 0x64, 0xa4, 0x01, 
	0x70, 0x43, 0xb4, 0x24, 0x42, 0xa1, 0x72, 0x23, 
	0x02, 0x42, 0x20, 0x00, 0x06, 0x06, 0x00, 0x12, 
	0x78, 0xaa, 0x60, 0x44, 0x28, 0x42, 0x22, 0x03, 
	0x66, 0x09, 0x97, 0xa0, 0xa1, 0xba, 0x22, 0x44, 
	0x26, 0x33, 0xb2, 0x20, 0x77, 0xa2, 0x00, 0x10, 
	0x22, 0x24, 0x45, 0x43, 0x63, 0x0a, 0x05, 0x25, 
	0x47, 0x14, 0x22, 0x42, 0x2a, 0x2a, 0x42, 0x43, 
	0x66, 0x98, 0xa2, 0x03, 0x10, 0x24, 0x04, 0x4a, 
	0x04, 0x03, 0x44, 0x77, 0x03, 0x71, 0x00, 0x00, 
	0x62, 0xb4, 0x40, 0xa3, 0x63, 0xb7, 0x15, 0x94, 
	0x72, 0x2a, 0x2a, 0xa4, 0x28, 0xb2, 0xa4, 0x28, 
	0x06, 0x09, 0x22, 0x2a, 0x22, 0x43, 0x00, 0x32, 
	0x24, 0x47, 0xb0, 0x00, 0x03, 0x04, 0x06, 0x00, 
	0xa7, 0x0b, 0x80, 0x3b, 0x26, 0x02, 0x15, 0x00, 
	0x70, 0x2a, 0x2a, 0x24, 0x02, 0x24, 0x24, 0x16, 
	0x22, 0x8a, 0x1a, 0xaa, 0x02, 0x42, 0x41, 0x00, 
	0x24, 0x77, 0x77, 0x20, 0x03, 0x31, 0x26, 0x67, 
	0x18, 0x80, 0x26, 0x8b, 0x26, 0x02, 0x2a, 0x22, 
	0x5a, 0x0a, 0x22, 0x4a, 0x29, 0x12, 0x20, 0x60, 
	0xaa, 0x19, 0x72, 0xa0, 0xa0, 0x03, 0x60, 0x00, 
	0x11, 0x11, 0x10, 0x92, 0x61, 0x82, 0x08, 0x06, 
	0x7b, 0x28, 0x65, 0x68, 0x49, 0x24, 0x42, 0x99, 
	0xaa, 0x2a, 0x44, 0x22, 0x14, 0x22, 0x22, 0x49, 
	0x08, 0x99, 0x02, 0x06, 0x33, 0x30, 0x63, 0x00, 
	0x07, 0x07, 0x02, 0x22, 0x22, 0x10, 0x71, 0x11, 
	0xbb, 0xb8, 0x63, 0x86, 0x04, 0x21, 0xaa, 0x01, 
	0xa0, 0x22, 0x20, 0x92, 0x52, 0x94, 0x12, 0x20, 
	0x24, 0x52, 0x00, 0x63, 0x63, 0x00, 0x60, 0x00, 
	0x17, 0x70, 0xa2, 0xa4, 0x08, 0x41, 0x00, 0x86, 
	0x2b, 0x78, 0x84, 0x00, 0x06, 0x00, 0x7a, 0xa0, 
	0x06, 0x08, 0x42, 0x00, 0x22, 0x22, 0x22, 0x21, 
	0x47, 0x00, 0x23, 0x66, 0x30, 0x66, 0x36, 0x00, 
	0x71, 0x22, 0x24, 0x22, 0x51, 0x40, 0x04, 0x2a, 
	0xa2, 0x4b, 0x06, 0x00, 0x20, 0x46, 0x02, 0x33, 
	0x02, 0x20, 0xa4, 0x47, 0x52, 0xaa, 0x24, 0x62, 
	0x12, 0x00, 0x02, 0x03, 0x33, 0x30, 0x00, 0x03, 
	0x92, 0x12, 0x22, 0x88, 0x42, 0x42, 0x64, 0x12, 
	0xaa, 0xa4, 0x60, 0x85, 0x22, 0x24, 0x06, 0x33, 
	0x24, 0x22, 0x04, 0x01, 0x0d, 0x41, 0xa1, 0x82, 
	0x02, 0x80, 0x06, 0x46, 0x33, 0x03, 0x30, 0x01, 
	0x99, 0x2a, 0x92, 0x87, 0x24, 0x44, 0x47, 0x77, 
	0x0a, 0xaa, 0xbb, 0x02, 0x42, 0x03, 0x03, 0x02, 
	0x22, 0xa0, 0x06, 0x02, 0x02, 0x22, 0x27, 0x2a, 
	0xaa, 0xa8, 0x62, 0x74, 0x00, 0x33, 0x32, 0x21, 
	0x27, 0x22, 0x9a, 0x72, 0x47, 0x02, 0x27, 0x20, 
	0x27, 0xaa, 0xa4, 0xb2, 0x24, 0x44, 0x40, 0x22, 
	0x22, 0xba, 0x20, 0x04, 0x44, 0x92, 0x20, 0xaa, 
	0x22, 0x2a, 0x24, 0xa2, 0x46, 0x63, 0x10, 0x04, 
	0x20, 0x4a, 0x11, 0x30, 0x07, 0x47, 0x20, 0x02, 
	0xa7, 0xa7, 0x3b, 0xb4, 0x62, 0x42, 0x4b, 0x52, 
	0x94, 0x52, 0xa4, 0x88, 0x44, 0x60, 0x44, 0x27, 
	0x04, 0x4a, 0x44, 0x32, 0x26, 0x60, 0x00, 0x11, 
	0x00, 0x22, 0xa0, 0x32, 0x72, 0x42, 0x70, 0x67, 
	0x37, 0xa0, 0xab, 0x44, 0x48, 0x04, 0xa4, 0x59, 
	0x2b, 0x24, 0x2b, 0x08, 0x29, 0x80, 0x44, 0x44, 
	0x44, 0xaa, 0x0a, 0x36, 0x60, 0x66, 0x00, 0x41, 
	0x86, 0x03, 0x00, 0x61, 0x01, 0x41, 0x83, 0x30, 
	0x33, 0x02, 0x04, 0xab, 0xb4, 0x88, 0xab, 0x22, 
	0x24, 0x71, 0x42, 0x22, 0x88, 0x62, 0xa7, 0x24, 
	0x12, 0xaa, 0xaa, 0x92, 0x06, 0x00, 0x80, 0x42, 
	0x00, 0x66, 0x60, 0x0a, 0x07, 0x37, 0x0a, 0x01, 
	0x86, 0x07, 0x07, 0x06, 0x06, 0x84, 0xab, 0x20, 
	0x74, 0x7a, 0x42, 0x22, 0x48, 0x87, 0x00, 0x49, 
	0x81, 0xa0, 0x00, 0x09, 0x26, 0x22, 0x00, 0x60, 
	0x86, 0x60, 0x00, 0x40, 0x00, 0x20, 0x74, 0x21, 
	0x07, 0x03, 0x36, 0x06, 0xbb, 0x8b, 0x44, 0x20, 
	0xa4, 0x44, 0x40, 0x00, 0x8a, 0x12, 0xa2, 0x66, 
	0x33, 0xa0, 0x01, 0x00, 0x36, 0x04, 0x80, 0x82, 
	0xa2, 0x00, 0xa1, 0x30, 0x00, 0x0a, 0xaa, 0x22, 
	0x70, 0x33, 0x33, 0x60, 0x30, 0x14, 0x00, 0x03, 
	0x0b, 0x27, 0x24, 0xa0, 0x22, 0x22, 0x22, 0x96, 
	0x60, 0x01, 0x2a, 0x10, 0x00, 0x46, 0x00, 0x82, 
	0x32, 0x10, 0x80, 0x3a, 0x30, 0x22, 0x4a, 0xa2, 
	
};

Gfx jrb_dl_wild_oku_tuchi00_grass_ci4_pal_rgba16_aligner[] = {gsSPEndDisplayList()};
u8 jrb_dl_wild_oku_tuchi00_grass_ci4_pal_rgba16[] = {
	0x6c, 0x0f, 0x5b, 0xcd, 0x9c, 0x1b, 0x84, 0x91, 
	0x93, 0xdb, 0x93, 0xd9, 0x74, 0x91, 0x63, 0x8d, 
	0x64, 0x11, 0xa4, 0x5b, 0xa4, 0x5f, 0x83, 0x57, 
	0xac, 0x19, 0x9b, 0xd9, 
};

Gfx jrb_dl_wild_iwa10_ci4_aligner[] = {gsSPEndDisplayList()};
u8 jrb_dl_wild_iwa10_ci4[] = {
	0x01, 0x20, 0x00, 0x10, 0x34, 0x50, 0x06, 0x77, 
	0x27, 0x87, 0x78, 0x87, 0x66, 0x99, 0x0a, 0xba, 
	0x56, 0x00, 0x0a, 0xa3, 0xa4, 0x50, 0x50, 0x61, 
	0x16, 0x12, 0x9a, 0x10, 0xc3, 0x11, 0x02, 0x60, 
	0x16, 0x63, 0x01, 0x65, 0xa4, 0x50, 0x50, 0x67, 
	0x87, 0x77, 0x72, 0x00, 0x02, 0x01, 0xa3, 0xc4, 
	0xa9, 0x55, 0x91, 0x65, 0xa4, 0x50, 0x00, 0x02, 
	0x11, 0x61, 0x33, 0x61, 0x00, 0x3b, 0x16, 0x71, 
	0x07, 0x05, 0x00, 0x05, 0x44, 0x50, 0xd5, 0x67, 
	0x77, 0x66, 0x60, 0x51, 0x15, 0xb4, 0xe4, 0xc4, 
	0xe4, 0xad, 0x09, 0x55, 0x44, 0x50, 0x60, 0x92, 
	0x11, 0x13, 0xb3, 0x11, 0x3a, 0xab, 0x69, 0x60, 
	0x66, 0xa5, 0x03, 0x50, 0x4e, 0xa6, 0x69, 0x67, 
	0x77, 0x76, 0x5a, 0xab, 0x1c, 0xce, 0xeb, 0xa4, 
	0xcc, 0xa5, 0x05, 0x50, 0x4e, 0xa2, 0x65, 0x02, 
	0x3c, 0x1b, 0xb1, 0x32, 0x3b, 0xa3, 0x60, 0x50, 
	0x11, 0xcb, 0xad, 0x4a, 0x4c, 0x50, 0x06, 0x66, 
	0x61, 0x5c, 0xba, 0xb3, 0x11, 0xbc, 0xc4, 0xee, 
	0x4c, 0xeb, 0xad, 0x4a, 0x44, 0xba, 0x3a, 0x31, 
	0x3c, 0x1b, 0x33, 0x31, 0x3b, 0x33, 0x66, 0x06, 
	0x16, 0x4f, 0xf4, 0xea, 0x4a, 0x11, 0x26, 0x0a, 
	0x0a, 0xcb, 0xc1, 0x1b, 0xbc, 0xec, 0x4b, 0x3a, 
	0xc3, 0x4f, 0xf4, 0xea, 0x4d, 0x3a, 0x00, 0x00, 
	0x0c, 0x1c, 0xb3, 0x10, 0x11, 0x3b, 0x33, 0x16, 
	0x61, 0xce, 0xf4, 0x44, 0xa0, 0x66, 0x76, 0x65, 
	0xae, 0x4c, 0xb5, 0x03, 0xab, 0xcc, 0xc1, 0xb3, 
	0x3b, 0xce, 0xf4, 0x44, 0x44, 0x33, 0x16, 0x2b, 
	0xcc, 0x1c, 0xb3, 0x12, 0x1b, 0x31, 0x3e, 0x20, 
	0x11, 0x34, 0xec, 0xa3, 0x16, 0x66, 0x76, 0x63, 
	0xbf, 0xee, 0x4b, 0xbc, 0xbe, 0xff, 0xfc, 0xb1, 
	0xa3, 0x34, 0xec, 0xa3, 0x3c, 0xcb, 0x30, 0x23, 
	0xcb, 0x3b, 0x11, 0x27, 0x13, 0x33, 0xbc, 0x3a, 
	0x01, 0xa4, 0xbe, 0xe0, 0x11, 0x67, 0x66, 0x63, 
	0xff, 0xfe, 0x44, 0xee, 0x1b, 0xbe, 0xcb, 0xfc, 
	0xec, 0xa4, 0xbe, 0xf0, 0xbb, 0xec, 0xcb, 0x91, 
	0xbc, 0xfe, 0xcb, 0x32, 0x71, 0x03, 0xbe, 0xb3, 
	0x11, 0x4e, 0x4f, 0xc1, 0x31, 0x27, 0x16, 0x0c, 
	0xcf, 0xfe, 0x4e, 0x44, 0xb1, 0x3c, 0xc4, 0xee, 
	0xfb, 0xce, 0x4f, 0xc1, 0xbc, 0xcb, 0xb3, 0x11, 
	0xcf, 0xbb, 0xbc, 0x3b, 0x62, 0x33, 0xcc, 0x30, 
	0x12, 0xc4, 0xe4, 0x51, 0x06, 0x26, 0x66, 0x9a, 
	0xee, 0xa4, 0xad, 0xa4, 0x44, 0xbb, 0xee, 0xe4, 
	0x41, 0xc4, 0xe4, 0x31, 0xcb, 0xaa, 0x5a, 0x11, 
	0xbe, 0xbc, 0xcc, 0xbc, 0x61, 0x3b, 0xb1, 0x01, 
	0x61, 0xc4, 0xee, 0xc1, 0x01, 0x06, 0x77, 0x0a, 
	0x44, 0x44, 0xa5, 0xa5, 0xd4, 0x33, 0xce, 0xf4, 
	0xa3, 0x44, 0xee, 0xc1, 0x3b, 0xca, 0x36, 0x71, 
	0x3c, 0xbf, 0xfc, 0xcb, 0x11, 0x23, 0x31, 0x16, 
	0x10, 0xbe, 0x4e, 0x46, 0x33, 0xb1, 0x76, 0x72, 
	0x04, 0xcb, 0xd3, 0xaa, 0xc4, 0xcc, 0xef, 0xec, 
	0xa0, 0xbe, 0x4e, 0x46, 0x33, 0xfb, 0xc1, 0x86, 
	0x1c, 0xce, 0xfc, 0xc3, 0x11, 0x60, 0xad, 0xa2, 
	0x21, 0x1c, 0xee, 0xb9, 0x6c, 0xc0, 0x96, 0x71, 
	0x10, 0x44, 0x4a, 0x3b, 0xee, 0xcc, 0xfe, 0xfc, 
	0xa1, 0x1c, 0xee, 0xb9, 0x6c, 0xc5, 0x43, 0x77, 
	0x6b, 0x4e, 0xfc, 0x33, 0x11, 0x31, 0x34, 0xb1, 
	0x76, 0x2c, 0xee, 0xb2, 0x1f, 0xec, 0x67, 0x70, 
	0x30, 0x4c, 0xee, 0xcc, 0xfc, 0xce, 0xee, 0xcc, 
	0xb3, 0x2c, 0xee, 0xb2, 0x1f, 0xec, 0x33, 0x77, 
	0x6b, 0xb4, 0xcc, 0xb3, 0x13, 0x11, 0x33, 0xb0, 
	0x00, 0x03, 0x0e, 0x46, 0xab, 0xee, 0x67, 0x60, 
	0x00, 0x3c, 0xff, 0xcb, 0xfc, 0x4c, 0xee, 0xbc, 
	0xc1, 0x23, 0x0e, 0x46, 0xab, 0xee, 0xc6, 0x72, 
	0x1b, 0xec, 0xbb, 0xcc, 0x33, 0x3b, 0xbb, 0xb3, 
	0x62, 0x23, 0x3b, 0xc2, 0x1a, 0x0a, 0x87, 0x61, 
	0x00, 0xbf, 0xcc, 0xbb, 0xba, 0xc1, 0x44, 0xcc, 
	0xb1, 0x63, 0x3b, 0xc2, 0x1a, 0x04, 0x02, 0x76, 
	0x3a, 0xe4, 0xb3, 0x3b, 0xc1, 0xbc, 0xb3, 0x30, 
	0x72, 0x27, 0x23, 0x11, 0x13, 0x01, 0x76, 0x0a, 
	0xbb, 0xbc, 0x33, 0xb3, 0x4e, 0x43, 0xcc, 0xcc, 
	0xb0, 0x62, 0x23, 0x11, 0x13, 0x00, 0x27, 0x83, 
	0x06, 0xcb, 0xc3, 0x1b, 0xe6, 0x33, 0xa0, 0xb1, 
	0x76, 0x62, 0x22, 0x70, 0xbc, 0xe3, 0x82, 0x60, 
	0x33, 0xa3, 0xbb, 0xb1, 0x34, 0x4b, 0x04, 0xbb, 
	0x39, 0x52, 0x22, 0x70, 0xbc, 0xeb, 0x26, 0x71, 
	0x31, 0x11, 0xb1, 0x63, 0xcc, 0xb0, 0x4a, 0xb4, 
	0x77, 0xb1, 0x16, 0x82, 0xac, 0xef, 0x87, 0x71, 
	0x3a, 0xa3, 0x4e, 0xe0, 0x63, 0xb6, 0x6a, 0xac, 
	0x52, 0x90, 0x06, 0x82, 0xac, 0xef, 0x96, 0x7a, 
	0xbb, 0x36, 0x23, 0x1c, 0xea, 0x44, 0x51, 0x01, 
	0x26, 0x65, 0xa0, 0x88, 0x6b, 0xec, 0x77, 0x70, 
	0xb4, 0x3b, 0xac, 0xc1, 0x66, 0x26, 0x60, 0xab, 
	0x17, 0x95, 0xa0, 0x88, 0x6b, 0xee, 0xa2, 0xcc, 
	0x03, 0xb1, 0x13, 0xbb, 0xbb, 0x34, 0x56, 0x72, 
	0x71, 0xa0, 0x31, 0x77, 0x0a, 0x45, 0x62, 0x77, 
	0x51, 0x01, 0x3c, 0xb0, 0x66, 0x67, 0x62, 0x1b, 
	0x27, 0x23, 0x31, 0x77, 0x0a, 0x4d, 0x40, 0xee, 
	0x06, 0x31, 0x61, 0xcb, 0x33, 0x1a, 0xb6, 0x77, 
	0x0a, 0x02, 0x61, 0x67, 0x95, 0xa9, 0x16, 0x77, 
	0x56, 0x11, 0x13, 0xb3, 0x16, 0x96, 0x03, 0xb4, 
	0x27, 0x66, 0x61, 0x67, 0x95, 0xad, 0x5a, 0xab, 
	0xc1, 0x13, 0x06, 0x1a, 0xa1, 0x63, 0xb1, 0x16, 
	0x03, 0x27, 0x11, 0x26, 0x79, 0x36, 0x09, 0x77, 
	0x21, 0x20, 0x0b, 0xb3, 0x31, 0x3b, 0x34, 0xee, 
	0x27, 0x67, 0x11, 0x26, 0x79, 0x37, 0x2a, 0x03, 
	0x4e, 0x3a, 0x41, 0x1a, 0x44, 0x53, 0x3a, 0x3a, 
	0x66, 0x27, 0x27, 0x26, 0x06, 0xa1, 0x09, 0x67, 
	0x77, 0x86, 0x91, 0xcc, 0x1a, 0x3b, 0xbb, 0xca, 
	0x77, 0x27, 0x27, 0x26, 0x06, 0xa2, 0x90, 0x16, 
	0xce, 0x3b, 0x31, 0x1b, 0xec, 0xb0, 0xa5, 0xba, 
	0x27, 0x21, 0x07, 0x93, 0x10, 0x03, 0x12, 0x00, 
	0x22, 0x78, 0x61, 0xb3, 0xb1, 0x31, 0xb2, 0xab, 
	0x78, 0x61, 0x37, 0x93, 0x10, 0x37, 0x26, 0x16, 
	0xbc, 0xbc, 0xbb, 0x13, 0x0b, 0x16, 0x13, 0x33, 
	0x67, 0x26, 0x78, 0x9b, 0xcb, 0x23, 0x31, 0x20, 
	0x59, 0x27, 0x21, 0xab, 0xa0, 0x31, 0x00, 0xa6, 
	0x88, 0x26, 0x78, 0x9b, 0xcb, 0x12, 0x77, 0x31, 
	0x33, 0x1b, 0xeb, 0x1c, 0xb3, 0x02, 0x31, 0x00, 
	0x21, 0xa9, 0xa0, 0x11, 0xe2, 0x12, 0x01, 0x72, 
	0x00, 0x23, 0x11, 0x13, 0x19, 0x53, 0xa0, 0xa7, 
	0x82, 0xa6, 0xa0, 0x11, 0xe2, 0x12, 0x86, 0x17, 
	0xce, 0x33, 0xca, 0x13, 0x01, 0x21, 0x13, 0x30, 
	0x66, 0x97, 0x11, 0x1c, 0xf1, 0x72, 0x27, 0x62, 
	0x71, 0x11, 0x77, 0x86, 0x00, 0x3a, 0xa0, 0x18, 
	0x82, 0x97, 0x11, 0x1c, 0xf1, 0x72, 0x88, 0x22, 
	0xff, 0xbe, 0xae, 0x0b, 0x30, 0x12, 0x63, 0xb1, 
	0x1b, 0x17, 0xcb, 0xbc, 0xcc, 0x16, 0x27, 0x77, 
	0x82, 0x37, 0x78, 0x72, 0x99, 0x9a, 0x59, 0x98, 
	0x2b, 0x17, 0xcb, 0xbc, 0xcc, 0x16, 0x77, 0x13, 
	0xcb, 0x63, 0x3a, 0xb3, 0xc4, 0xa7, 0x71, 0x33, 
	0x7c, 0x36, 0xcb, 0xcc, 0x3c, 0x16, 0x78, 0x78, 
	0x87, 0x82, 0x67, 0x77, 0x66, 0x99, 0x06, 0x87, 
	0x2c, 0x36, 0xcb, 0xcc, 0x3c, 0x16, 0x11, 0x71, 
	0xca, 0x1b, 0x06, 0x31, 0xba, 0xd6, 0x26, 0x13, 
	0x23, 0xc6, 0x63, 0xcf, 0x33, 0x17, 0x78, 0x9d, 
	0x27, 0x72, 0x76, 0x67, 0x77, 0x68, 0x87, 0x28, 
	0x23, 0xc6, 0x63, 0xcf, 0x33, 0x17, 0x13, 0x72, 
	0xb1, 0x1b, 0x16, 0x16, 0x76, 0x16, 0x66, 0x10, 
	0x76, 0x43, 0x21, 0xfc, 0xc3, 0x26, 0x77, 0x77, 
	0x72, 0x26, 0x66, 0x66, 0x27, 0x78, 0x78, 0x97, 
	0x81, 0x43, 0x21, 0xfc, 0xc3, 0x26, 0x13, 0x3b, 
	0x12, 0x23, 0x32, 0x16, 0x16, 0x77, 0x76, 0x66, 
	0x12, 0x64, 0x3b, 0xff, 0xcb, 0x76, 0x13, 0xc1, 
	0x72, 0x20, 0x01, 0x62, 0x77, 0x88, 0x88, 0x86, 
	0x72, 0x64, 0x3b, 0xff, 0xcb, 0x76, 0x1a, 0xeb, 
	0xb0, 0x13, 0xb1, 0x66, 0x11, 0x68, 0x61, 0x66, 
	0x27, 0x9c, 0xee, 0xce, 0x17, 0x76, 0x3c, 0xcb, 
	0x72, 0x62, 0x6b, 0x06, 0x16, 0x78, 0x88, 0x82, 
	0x72, 0x04, 0xee, 0xce, 0x17, 0x76, 0x3c, 0xce, 
	0x40, 0x61, 0x36, 0x23, 0x13, 0x77, 0x76, 0x69, 
	0x27, 0x90, 0xec, 0xfb, 0xb2, 0x76, 0xbf, 0xeb, 
	0x22, 0x62, 0x63, 0x01, 0x3b, 0x78, 0x87, 0x78, 
	0x70, 0x93, 0xec, 0xfb, 0xb2, 0x76, 0xbf, 0xec, 
	0x33, 0x33, 0x11, 0x1b, 0xcb, 0x61, 0x16, 0x61, 
	0x72, 0x00, 0xe1, 0xec, 0xc3, 0x72, 0xbe, 0xea, 
	0x02, 0x27, 0x72, 0x26, 0xb0, 0x02, 0x76, 0x67, 
	0x7b, 0x0b, 0xe1, 0xec, 0xc3, 0x72, 0xbe, 0xeb, 
	0x33, 0x06, 0x66, 0x66, 0x63, 0x01, 0x66, 0x11, 
	0x22, 0x01, 0xb1, 0xac, 0xb2, 0x76, 0xcb, 0xc3, 
	0x17, 0x71, 0x12, 0x70, 0xbc, 0x09, 0x6d, 0x37, 
	0x72, 0x03, 0xb1, 0xac, 0xb2, 0x76, 0xcb, 0xc3, 
	0x03, 0xb6, 0x92, 0x61, 0x04, 0x36, 0x66, 0x21, 
	0x07, 0x67, 0xc1, 0x1e, 0xf2, 0x72, 0xfe, 0xcc, 
	0x28, 0x71, 0x77, 0x79, 0x3c, 0x35, 0x65, 0x97, 
	0x77, 0x67, 0xc1, 0x1e, 0xf2, 0x72, 0xfe, 0xcc, 
	0x27, 0x50, 0x07, 0x01, 0x53, 0xc0, 0x96, 0x23, 
	0x27, 0x67, 0xb1, 0x2c, 0xef, 0x36, 0x1b, 0xcc, 
	0x18, 0x72, 0x78, 0x21, 0x73, 0x66, 0x77, 0x78, 
	0x77, 0x67, 0xb1, 0x2c, 0xef, 0x36, 0x1b, 0xcc, 
	0x17, 0x79, 0x67, 0x93, 0xa4, 0xc3, 0x36, 0x2b, 
	0x67, 0x62, 0xb1, 0x2c, 0xff, 0x27, 0x27, 0x22, 
	0x17, 0x77, 0x78, 0x87, 0x71, 0x66, 0x27, 0x78, 
	0x87, 0x62, 0xb1, 0x2c, 0xff, 0x27, 0x27, 0x22, 
	0xb2, 0x88, 0x26, 0x61, 0x34, 0xef, 0x11, 0x20, 
	0x02, 0x21, 0x19, 0x73, 0xcb, 0x37, 0x32, 0x72, 
	0xb1, 0x78, 0x2c, 0x18, 0x81, 0xb0, 0x26, 0x78, 
	0xb3, 0x21, 0x19, 0x73, 0xcb, 0x37, 0x32, 0x72, 
	0xbb, 0x28, 0x3c, 0x33, 0x1c, 0x56, 0x06, 0x66, 
	0x12, 0x27, 0xa3, 0x71, 0x31, 0x13, 0x23, 0x72, 
	0x26, 0x28, 0x1a, 0xcb, 0x28, 0x29, 0x97, 0x88, 
	0xe1, 0x27, 0xa3, 0x71, 0x31, 0x13, 0x23, 0x72, 
	0x26, 0x27, 0x3a, 0xcb, 0xbc, 0x56, 0x09, 0x76, 
	0x65, 0x73, 0x01, 0x8b, 0x10, 0x11, 0x11, 0x87, 
	0x21, 0x27, 0x10, 0x33, 0xc7, 0x87, 0x87, 0x88, 
	0xb0, 0x73, 0x01, 0x8b, 0x10, 0x11, 0x11, 0x87, 
	0x21, 0x27, 0x10, 0x33, 0xcf, 0x36, 0x16, 0x66, 
	0x21, 0x12, 0x21, 0x1b, 0xb1, 0x22, 0x21, 0x17, 
	0x2c, 0x17, 0x1a, 0xac, 0xb3, 0x77, 0x62, 0x68, 
	0x20, 0x12, 0x21, 0x1b, 0xb1, 0x22, 0x21, 0x17, 
	0x2c, 0x17, 0x1a, 0xac, 0xbb, 0x16, 0x62, 0x66, 
	0x61, 0xb2, 0x22, 0xcb, 0xc2, 0x72, 0x1c, 0xbb, 
	0x87, 0x17, 0x71, 0xa3, 0xab, 0x76, 0x11, 0x07, 
	0x21, 0xb2, 0x22, 0xcb, 0xc2, 0x72, 0x1c, 0xbb, 
	0x87, 0x17, 0x71, 0xa3, 0xab, 0x11, 0x11, 0x01, 
	0x22, 0x22, 0x77, 0xff, 0x33, 0x82, 0x8c, 0xbb, 
	0x32, 0x22, 0x21, 0xb3, 0xb3, 0x76, 0x11, 0x67, 
	0x13, 0x21, 0x77, 0xff, 0x33, 0x82, 0x8c, 0xbb, 
	0x32, 0x22, 0x21, 0xb3, 0xb3, 0x31, 0x11, 0x61, 
	0x61, 0x27, 0x72, 0xfc, 0x1b, 0x67, 0x82, 0x22, 
	0x38, 0x87, 0x80, 0x23, 0x13, 0x26, 0x11, 0x60, 
	0x3b, 0x27, 0x72, 0xfc, 0x1b, 0x67, 0x82, 0x22, 
	0x38, 0x87, 0x80, 0x23, 0x13, 0xba, 0x11, 0x60, 
	0x28, 0x78, 0x21, 0xbb, 0x22, 0x67, 0x22, 0x01, 
	0xb1, 0x72, 0x75, 0x21, 0x01, 0x72, 0x66, 0x30, 
	0x1e, 0xb2, 0x21, 0xbb, 0x22, 0x67, 0x22, 0x01, 
	0xb1, 0x72, 0x75, 0x21, 0x00, 0xbe, 0x16, 0x30, 
	0x67, 0x88, 0x02, 0x31, 0x22, 0x27, 0x32, 0x21, 
	0x13, 0x28, 0x72, 0x60, 0x62, 0x86, 0x65, 0x00, 
	0x1f, 0x31, 0x02, 0x31, 0x22, 0x27, 0x32, 0x21, 
	0x13, 0x28, 0x72, 0x60, 0x66, 0x34, 0x05, 0x00, 
	0x07, 0x87, 0x22, 0x22, 0x71, 0x11, 0xb2, 0x27, 
	0x31, 0x87, 0x22, 0x06, 0x22, 0x10, 0x66, 0x10, 
	0x1c, 0x12, 0x27, 0x22, 0x71, 0x11, 0xb2, 0x27, 
	0x31, 0x87, 0x22, 0x06, 0x20, 0xcc, 0x36, 0x10, 
	0x67, 0x82, 0x27, 0x22, 0x78, 0x11, 0xbb, 0xc0, 
	0x01, 0x72, 0x06, 0xb6, 0x12, 0x3a, 0x69, 0x33, 
	0x13, 0x02, 0x28, 0x22, 0x78, 0x11, 0xbb, 0xc0, 
	0x01, 0x72, 0x06, 0xb6, 0x11, 0xba, 0xa0, 0x33, 
	0x62, 0x87, 0x72, 0x12, 0x77, 0x23, 0x1f, 0xfa, 
	0xa2, 0x71, 0x60, 0xa0, 0x69, 0xbc, 0x36, 0x03, 
	0xbc, 0x10, 0x12, 0x12, 0x77, 0x23, 0x1f, 0xfa, 
	0xa2, 0x71, 0x60, 0xa0, 0x63, 0xcc, 0xb3, 0x03, 
	0x62, 0x88, 0x21, 0x31, 0x27, 0x23, 0xbe, 0xe6, 
	0x01, 0x27, 0x72, 0xa4, 0x67, 0xb3, 0x17, 0x21, 
	0x3b, 0x32, 0x21, 0x31, 0x27, 0x23, 0xbe, 0xe6, 
	0x01, 0x27, 0x72, 0xa4, 0x60, 0xb3, 0x33, 0x11, 
	0x67, 0x13, 0xbc, 0x31, 0x17, 0x72, 0xee, 0x4b, 
	0x32, 0x23, 0x22, 0xaa, 0x92, 0x33, 0x32, 0x66, 
	0x3c, 0xc3, 0xbc, 0x31, 0x17, 0x72, 0xee, 0x4b, 
	0x32, 0x23, 0x22, 0xaa, 0x01, 0x33, 0x3b, 0x36, 
	0x72, 0x3b, 0xb4, 0xb3, 0x72, 0x7b, 0xe4, 0xcb, 
	0x00, 0x02, 0x11, 0x40, 0x66, 0x0b, 0xc1, 0x11, 
	0x32, 0x3b, 0xb4, 0xb3, 0x72, 0x7b, 0xe4, 0xcb, 
	0x00, 0x02, 0x11, 0x40, 0x61, 0x0b, 0xcb, 0x11, 
	0x73, 0xcb, 0xee, 0x11, 0x72, 0x31, 0xee, 0xea, 
	0x03, 0xb6, 0x66, 0x3a, 0x71, 0x9b, 0xcb, 0x01, 
	0x0b, 0xcb, 0xee, 0x11, 0x72, 0x31, 0xee, 0xea, 
	0x03, 0xb6, 0x66, 0x33, 0x21, 0x9b, 0xcc, 0x01, 
	0x16, 0x04, 0xac, 0x01, 0x65, 0xa1, 0xce, 0x44, 
	0x31, 0x16, 0x03, 0x00, 0x61, 0x03, 0x31, 0x61, 
	0x61, 0x04, 0x4c, 0x01, 0x65, 0xa1, 0xce, 0x44, 
	0x31, 0x16, 0x03, 0x00, 0x21, 0x03, 0x31, 0x03, 
	0x27, 0x90, 0x3c, 0xb1, 0x0a, 0xa0, 0xbe, 0x44, 
	0xb2, 0x99, 0x3b, 0xb1, 0x81, 0x1b, 0x33, 0x86, 
	0x00, 0x93, 0x3c, 0xb1, 0x0a, 0xa0, 0xbe, 0x44, 
	0xb2, 0x99, 0x3b, 0xb1, 0x86, 0x1b, 0x3b, 0x33, 
	0x67, 0x59, 0x1b, 0x31, 0x0a, 0x32, 0x3e, 0xec, 
	0xb9, 0x21, 0xb0, 0x46, 0x87, 0x2b, 0x3a, 0x17, 
	0x00, 0xa0, 0x0b, 0x31, 0x0a, 0x32, 0x3e, 0xec, 
	0xb9, 0x21, 0xb0, 0x41, 0x86, 0x2b, 0x3a, 0xb6, 
	0x17, 0x77, 0x1b, 0x16, 0x34, 0x32, 0x1c, 0xe4, 
	0x06, 0x13, 0x00, 0xa1, 0x87, 0x6a, 0x0a, 0x36, 
	0x99, 0x00, 0x3b, 0x16, 0x34, 0x32, 0x1c, 0xe4, 
	0x06, 0x13, 0x00, 0xa1, 0x76, 0x6a, 0x0a, 0x36, 
	0x17, 0x22, 0x0b, 0x31, 0x1c, 0x32, 0x20, 0x34, 
	0x36, 0x3b, 0xb4, 0x37, 0x87, 0x0b, 0x4a, 0x52, 
	0x69, 0x13, 0x3b, 0x31, 0x1c, 0x32, 0x20, 0x34, 
	0x36, 0x3b, 0xb4, 0x37, 0x76, 0x0b, 0x4a, 0x55, 
	0x00, 0x66, 0x10, 0x30, 0x1b, 0x12, 0x20, 0x0a, 
	0x17, 0x10, 0x03, 0x17, 0x72, 0x13, 0xc3, 0x02, 
	0x86, 0x0a, 0x31, 0xd3, 0x1b, 0x12, 0x20, 0x0a, 
	0x17, 0x10, 0x03, 0x17, 0x72, 0x13, 0xc3, 0x01, 
	0x06, 0x60, 0x61, 0x0a, 0x3c, 0x29, 0x26, 0x60, 
	0x12, 0x69, 0xa4, 0x20, 0x36, 0x06, 0x39, 0x00, 
	0x76, 0x50, 0x53, 0xaa, 0x3c, 0x29, 0x26, 0x60, 
	0x12, 0x69, 0xa4, 0x20, 0x36, 0x06, 0x39, 0x11, 
	
};

Gfx jrb_dl_wild_iwa10_ci4_pal_rgba16_aligner[] = {gsSPEndDisplayList()};
u8 jrb_dl_wild_iwa10_ci4_pal_rgba16[] = {
	0x82, 0xcd, 0x7a, 0xcd, 0x6a, 0x4b, 0x93, 0x11, 
	0xab, 0xd3, 0x8a, 0xcb, 0x72, 0x4b, 0x59, 0xc9, 
	0x49, 0x47, 0x72, 0x49, 0x9b, 0x4f, 0x9b, 0x93, 
	0xa3, 0xd5, 0x9b, 0x4d, 0xb4, 0x99, 0xbc, 0x9d, 
	
};

Gfx jrb_dl_asjg_kawaue_ia8_aligner[] = {gsSPEndDisplayList()};
u8 jrb_dl_asjg_kawaue_ia8[] = {
	0xf4, 0xf6, 0xf6, 0xf6, 0xf4, 0xf5, 0xf5, 0xf4, 
	0xf2, 0xf7, 0xf7, 0xf5, 0xf8, 0xf7, 0xf7, 0xf6, 
	0xf6, 0xf8, 0xf5, 0xf5, 0xf5, 0xf6, 0xf5, 0xf6, 
	0xf6, 0xf5, 0xf6, 0xf6, 0xf6, 0xf6, 0xf7, 0xf5, 
	0xf5, 0xf5, 0xf5, 0xf5, 0xf9, 0xf7, 0xf4, 0xf5, 
	0xf5, 0xf7, 0xf7, 0xf8, 0xf8, 0xf8, 0xf8, 0xf8, 
	0xf7, 0xf5, 0xf6, 0xf6, 0xf6, 0xf6, 0xf7, 0xf6, 
	0xf7, 0xf4, 0xf8, 0xf6, 0xf2, 0xf3, 0xf4, 0xf5, 
	0xf5, 0xf5, 0xf4, 0xf3, 0xf3, 0xf8, 0xf5, 0xf7, 
	0xf5, 0xf7, 0xf8, 0xf6, 0xf6, 0xf5, 0xf5, 0xf8, 
	0xf7, 0xf6, 0xf6, 0xf4, 0xf7, 0xf5, 0xf6, 0xf6, 
	0xf7, 0xf6, 0xf5, 0xf6, 0xf6, 0xf6, 0xf7, 0xf7, 
	0xf5, 0xf5, 0xf4, 0xf6, 0xf5, 0xf7, 0xf9, 0xf5, 
	0xf5, 0xf7, 0xf8, 0xf7, 0xf6, 0xf4, 0xf6, 0xf6, 
	0xf7, 0xf6, 0xf8, 0xf6, 0xf9, 0xf7, 0xf6, 0xf7, 
	0xf7, 0xf3, 0xf5, 0xf7, 0xf5, 0xf5, 0xf6, 0xf5, 
	0xf3, 0xf7, 0xf7, 0xf6, 0xf6, 0xf6, 0xf3, 0xf5, 
	0xf7, 0xf6, 0xf8, 0xf6, 0xf5, 0xf5, 0xf5, 0xf4, 
	0xf7, 0xf4, 0xf3, 0xf6, 0xf7, 0xf5, 0xf7, 0xf6, 
	0xf5, 0xf6, 0xf6, 0xf7, 0xf5, 0xf5, 0xf5, 0xf6, 
	0xf6, 0xf7, 0xf5, 0xf5, 0xf6, 0xf6, 0xf9, 0xf8, 
	0xf5, 0xf4, 0xf7, 0xf4, 0xf5, 0xf7, 0xf9, 0xf6, 
	0xf7, 0xf7, 0xf6, 0xf6, 0xf5, 0xf6, 0xf5, 0xf7, 
	0xf7, 0xf8, 0xf6, 0xf5, 0xf6, 0xf5, 0xf5, 0xf6, 
	0xf5, 0xf7, 0xf6, 0xf3, 0xf6, 0xf5, 0xf8, 0xf5, 
	0xf4, 0xf3, 0xf3, 0xf5, 0xf2, 0xf3, 0xf8, 0xf8, 
	0xf5, 0xf8, 0xf8, 0xf4, 0xf7, 0xf6, 0xf6, 0xf5, 
	0xf6, 0xf5, 0xf5, 0xf6, 0xf6, 0xf5, 0xf6, 0xf4, 
	0xf4, 0xf4, 0xf4, 0xf5, 0xf5, 0xf7, 0xf8, 0xf7, 
	0xf9, 0xf6, 0xf3, 0xf4, 0xf4, 0xf5, 0xf6, 0xf8, 
	0xf6, 0xf6, 0xf6, 0xf7, 0xf4, 0xf7, 0xf4, 0xf6, 
	0xf7, 0xf6, 0xf6, 0xf6, 0xf5, 0xf4, 0xf6, 0xf4, 
	0xf3, 0xf7, 0xf5, 0xf5, 0xf7, 0xf7, 0xf6, 0xf2, 
	0xf6, 0xf8, 0xf5, 0xf7, 0xf6, 0xf6, 0xf7, 0xf7, 
	0xf7, 0xf8, 0xf5, 0xf6, 0xf7, 0xf4, 0xf7, 0xf6, 
	0xf7, 0xf7, 0xf6, 0xf6, 0xf7, 0xf6, 0xf5, 0xf5, 
	0xf4, 0xf4, 0xf5, 0xf7, 0xf5, 0xf2, 0xf5, 0xf7, 
	0xf5, 0xf5, 0xf5, 0xf7, 0xf9, 0xf8, 0xf6, 0xf7, 
	0xf8, 0xf7, 0xf6, 0xf3, 0xf5, 0xf8, 0xf6, 0xf4, 
	0xf5, 0xf4, 0xf7, 0xf8, 0xf8, 0xf4, 0xf4, 0xf6, 
	0xf7, 0xf6, 0xf7, 0xf8, 0xf4, 0xf6, 0xf2, 0xf4, 
	0xf5, 0xf7, 0xf8, 0xf7, 0xf8, 0xf6, 0xf4, 0xf6, 
	0xf8, 0xf8, 0xf6, 0xf7, 0xf5, 0xf6, 0xf6, 0xf6, 
	0xf5, 0xf5, 0xf5, 0xf8, 0xf7, 0xf5, 0xf5, 0xf5, 
	0xf5, 0xf5, 0xf6, 0xf6, 0xf7, 0xf2, 0xf4, 0xf5, 
	0xf4, 0xf7, 0xf5, 0xf4, 0xf6, 0xf7, 0xf8, 0xf7, 
	0xf8, 0xf7, 0xf9, 0xf4, 0xf6, 0xf5, 0xf5, 0xf3, 
	0xf3, 0xf5, 0xf6, 0xf5, 0xf5, 0xf8, 0xf7, 0xf5, 
	0xf4, 0xf5, 0xf6, 0xf5, 0xf7, 0xf7, 0xf6, 0xf7, 
	0xf5, 0xf4, 0xf6, 0xf6, 0xf6, 0xf6, 0xf5, 0xf5, 
	0xf7, 0xf6, 0xf7, 0xf4, 0xf5, 0xf6, 0xf7, 0xf7, 
	0xf6, 0xf5, 0xf4, 0xf6, 0xf9, 0xf7, 0xf5, 0xf5, 
	0xf4, 0xf4, 0xf5, 0xf5, 0xf3, 0xf2, 0xf4, 0xf5, 
	0xf5, 0xf7, 0xf6, 0xf4, 0xf2, 0xf3, 0xf8, 0xf5, 
	0xf3, 0xf9, 0xf9, 0xf6, 0xf6, 0xf8, 0xf8, 0xf5, 
	0xf9, 0xf9, 0xf5, 0xf3, 0xf4, 0xf6, 0xf9, 0xf6, 
	0xf6, 0xf9, 0xf6, 0xf6, 0xf2, 0xf7, 0xf8, 0xf5, 
	0xf6, 0xf6, 0xf5, 0xf6, 0xf6, 0xf5, 0xf4, 0xf5, 
	0xf8, 0xf5, 0xf6, 0xf4, 0xf6, 0xf6, 0xf5, 0xf6, 
	0xf5, 0xf6, 0xf6, 0xf4, 0xf5, 0xf8, 0xf7, 0xf4, 
	0xf5, 0xf4, 0xf4, 0xf5, 0xf5, 0xf6, 0xf6, 0xf6, 
	0xf4, 0xf6, 0xf8, 0xf4, 0xf7, 0xf7, 0xf6, 0xf5, 
	0xf6, 0xf7, 0xf5, 0xf8, 0xf8, 0xf7, 0xf5, 0xf7, 
	0xf6, 0xf6, 0xf5, 0xf8, 0xf7, 0xf7, 0xf9, 0xf5, 
	0xf4, 0xfa, 0xfa, 0xf8, 0xf3, 0xf6, 0xf8, 0xf4, 
	0xf4, 0xf5, 0xf5, 0xf6, 0xf4, 0xf3, 0xf8, 0xf5, 
	0xf7, 0xf8, 0xf7, 0xf8, 0xf6, 0xf6, 0xf6, 0xf8, 
	0xf7, 0xf5, 0xf4, 0xf5, 0xf5, 0xf4, 0xf5, 0xf7, 
	0xf6, 0xf5, 0xf4, 0xf4, 0xf6, 0xf5, 0xf3, 0xf4, 
	0xf2, 0xf5, 0xf5, 0xf4, 0xf5, 0xf3, 0xf5, 0xf6, 
	0xf5, 0xf7, 0xf5, 0xf3, 0xf8, 0xfa, 0xf5, 0xf9, 
	0xf6, 0xf5, 0xf8, 0xf8, 0xf7, 0xf9, 0xf4, 0xf3, 
	0xf6, 0xf5, 0xf6, 0xf3, 0xf3, 0xf5, 0xf7, 0xf4, 
	0xf5, 0xf8, 0xf5, 0xf5, 0xf5, 0xf2, 0xf6, 0xf5, 
	0xf3, 0xf8, 0xf7, 0xf4, 0xf6, 0xf7, 0xf6, 0xf7, 
	0xf7, 0xf8, 0xf6, 0xf7, 0xf7, 0xf5, 0xf4, 0xf8, 
	0xf8, 0xf5, 0xf5, 0xf3, 0xf4, 0xf3, 0xf3, 0xf5, 
	0xf4, 0xf4, 0xf4, 0xf2, 0xf3, 0xf7, 0xf6, 0xf6, 
	0xf6, 0xf7, 0xf8, 0xf6, 0xf6, 0xf8, 0xf8, 0xf7, 
	0xf6, 0xf7, 0xf8, 0xf8, 0xf6, 0xf6, 0xf3, 0xf6, 
	0xf7, 0xf6, 0xf5, 0xf4, 0xf6, 0xf4, 0xf4, 0xf4, 
	0xf5, 0xf5, 0xf2, 0xf3, 0xf8, 0xf4, 0xf3, 0xf4, 
	0xf8, 0xf6, 0xf5, 0xf2, 0xf5, 0xf6, 0xf5, 0xf5, 
	0xf5, 0xf7, 0xf4, 0xf6, 0xf7, 0xf6, 0xf5, 0xf6, 
	0xf6, 0xf5, 0xf5, 0xf5, 0xf4, 0xf5, 0xf5, 0xf5, 
	0xf5, 0xf4, 0xf3, 0xf3, 0xf5, 0xf4, 0xf4, 0xf4, 
	0xf5, 0xf5, 0xf5, 0xf6, 0xf6, 0xf9, 0xf7, 0xf5, 
	0xf7, 0xf7, 0xf4, 0xf7, 0xf9, 0xf5, 0xf4, 0xf5, 
	0xf3, 0xf8, 0xf7, 0xf3, 0xf5, 0xf5, 0xf3, 0xf6, 
	0xf5, 0xf5, 0xf4, 0xf3, 0xf4, 0xf5, 0xf3, 0xf3, 
	0xf5, 0xf5, 0xf6, 0xf5, 0xf7, 0xf8, 0xf8, 0xf6, 
	0xf7, 0xf6, 0xf6, 0xf5, 0xf5, 0xf5, 0xf7, 0xf5, 
	0xf4, 0xf5, 0xf6, 0xf6, 0xf4, 0xf6, 0xf5, 0xf3, 
	0xf2, 0xf3, 0xf2, 0xf4, 0xf4, 0xf4, 0xf5, 0xf5, 
	0xf5, 0xf7, 0xf7, 0xf5, 0xf9, 0xf9, 0xf6, 0xf6, 
	0xf7, 0xf9, 0xf8, 0xf8, 0xf9, 0xf9, 0xf7, 0xf5, 
	0xf7, 0xf5, 0xf7, 0xf6, 0xf7, 0xf4, 0xf5, 0xf7, 
	0xf4, 0xf6, 0xf5, 0xf5, 0xf4, 0xf5, 0xf5, 0xf4, 
	0xf8, 0xf4, 0xf5, 0xf7, 0xf5, 0xf7, 0xf8, 0xf7, 
	0xf9, 0xf6, 0xf7, 0xf8, 0xf6, 0xf8, 0xf8, 0xf5, 
	0xf4, 0xf3, 0xf6, 0xf5, 0xf4, 0xf4, 0xf6, 0xf3, 
	0xf4, 0xf5, 0xf2, 0xf5, 0xf2, 0xf2, 0xf4, 0xf5, 
	0xf4, 0xf7, 0xf8, 0xf3, 0xf8, 0xf7, 0xf6, 0xf2, 
	0xf9, 0xf9, 0xf7, 0xf7, 0xf8, 0xf7, 0xf7, 0xf5, 
	0xf5, 0xf4, 0xf8, 0xf6, 0xf5, 0xf3, 0xf7, 0xf5, 
	0xf2, 0xf3, 0xf5, 0xf5, 0xf4, 0xf7, 0xf5, 0xf2, 
	0xf7, 0xf7, 0xf6, 0xf6, 0xf4, 0xf7, 0xf7, 0xf7, 
	0xf7, 0xf8, 0xf7, 0xf9, 0xf6, 0xf6, 0xf6, 0xf7, 
	0xf5, 0xf5, 0xf5, 0xf3, 0xf5, 0xf4, 0xf4, 0xf4, 
	0xf3, 0xf2, 0xf3, 0xf4, 0xf3, 0xf4, 0xf3, 0xf5, 
	0xf3, 0xf3, 0xf4, 0xf6, 0xf9, 0xf7, 0xf7, 0xf4, 
	0xf6, 0xf7, 0xf8, 0xf7, 0xf8, 0xf6, 0xf8, 0xf9, 
	0xf8, 0xf8, 0xf3, 0xf5, 0xf6, 0xf7, 0xf4, 0xf4, 
	0xf5, 0xf2, 0xf7, 0xf6, 0xf5, 0xf4, 0xf3, 0xf8, 
	0xf6, 0xf6, 0xf4, 0xf5, 0xf4, 0xf6, 0xf6, 0xf7, 
	0xf7, 0xf8, 0xf6, 0xf8, 0xf5, 0xf6, 0xf3, 0xf5, 
	0xf6, 0xf5, 0xf5, 0xf5, 0xf4, 0xf5, 0xf3, 0xf4, 
	0xf3, 0xf3, 0xf5, 0xf3, 0xf3, 0xf3, 0xf2, 0xf3, 
	0xf3, 0xf5, 0xf6, 0xf4, 0xf8, 0xf5, 0xf6, 0xf8, 
	0xf8, 0xf7, 0xf8, 0xf8, 0xf8, 0xf6, 0xf7, 0xf5, 
	0xf9, 0xf8, 0xf2, 0xf2, 0xf8, 0xf6, 0xf5, 0xf5, 
	0xf6, 0xf4, 0xf2, 0xf1, 0xf3, 0xf3, 0xf5, 0xf8, 
	0xf7, 0xf3, 0xf4, 0xf7, 0xf6, 0xf8, 0xf7, 0xf8, 
	0xf8, 0xf6, 0xf8, 0xf8, 0xf5, 0xf5, 0xf6, 0xf6, 
	0xf7, 0xf5, 0xf5, 0xf5, 0xf2, 0xf3, 0xf6, 0xf4, 
	0xf4, 0xf2, 0xf4, 0xf3, 0xf3, 0xf3, 0xf2, 0xf3, 
	0xf2, 0xf2, 0xf5, 0xf3, 0xf6, 0xf4, 0xf4, 0xf9, 
	0xf8, 0xf6, 0xf6, 0xf6, 0xf4, 0xf5, 0xf6, 0xf7, 
	0xf6, 0xf4, 0xf4, 0xf2, 0xf5, 0xf5, 0xf5, 0xf4, 
	0xf8, 0xf6, 0xf4, 0xf4, 0xf4, 0xf5, 0xf7, 0xf5, 
	0xf7, 0xf5, 0xf6, 0xf5, 0xf7, 0xf8, 0xf7, 0xf6, 
	0xf6, 0xf7, 0xf9, 0xf9, 0xf5, 0xf5, 0xf7, 0xf6, 
	0xf8, 0xf4, 0xf5, 0xf6, 0xf3, 0xf3, 0xf5, 0xf4, 
	0xf4, 0xf4, 0xf2, 0xf3, 0xf3, 0xf2, 0xf2, 0xf3, 
	0xf2, 0xf4, 0xf4, 0xf3, 0xf7, 0xf5, 0xf5, 0xf7, 
	0xf7, 0xf8, 0xf9, 0xf8, 0xf9, 0xf9, 0xf9, 0xf7, 
	0xf7, 0xf3, 0xf4, 0xf7, 0xf2, 0xf3, 0xf5, 0xf5, 
	0xf6, 0xf6, 0xf5, 0xf5, 0xf7, 0xf5, 0xf4, 0xf5, 
	0xf7, 0xf6, 0xf4, 0xf5, 0xf7, 0xf5, 0xf6, 0xf6, 
	0xf7, 0xf7, 0xf7, 0xf5, 0xf4, 0xf6, 0xf6, 0xf6, 
	0xf7, 0xf6, 0xf6, 0xf5, 0xf4, 0xf4, 0xf2, 0xf4, 
	0xf3, 0xf5, 0xf3, 0xf2, 0xf3, 0xf3, 0xf3, 0xf4, 
	0xf4, 0xf4, 0xf5, 0xf4, 0xf3, 0xf7, 0xf9, 0xf7, 
	0xf5, 0xf8, 0xf8, 0xf9, 0xf8, 0xf7, 0xf5, 0xf7, 
	0xf5, 0xf6, 0xf6, 0xf5, 0xf3, 0xf3, 0xf3, 0xf5, 
	0xf5, 0xf3, 0xf4, 0xf5, 0xf4, 0xf6, 0xf6, 0xf5, 
	0xf5, 0xf5, 0xf4, 0xf4, 0xf7, 0xf5, 0xf6, 0xf7, 
	0xf8, 0xf7, 0xf7, 0xf5, 0xf7, 0xf5, 0xf5, 0xf6, 
	0xf6, 0xf5, 0xf7, 0xf6, 0xf2, 0xf2, 0xf4, 0xf4, 
	0xf4, 0xf2, 0xf4, 0xf1, 0xf2, 0xf3, 0xf2, 0xf3, 
	0xf4, 0xf4, 0xf4, 0xf3, 0xf4, 0xf4, 0xf8, 0xf4, 
	0xf3, 0xf5, 0xf6, 0xf9, 0xf6, 0xf7, 0xf7, 0xf5, 
	0xf4, 0xf7, 0xf4, 0xf4, 0xf5, 0xf5, 0xf4, 0xf6, 
	0xf6, 0xf6, 0xf5, 0xf5, 0xf5, 0xf5, 0xf5, 0xf7, 
	0xf6, 0xf3, 0xf4, 0xf5, 0xf7, 0xf8, 0xf8, 0xf7, 
	0xf8, 0xf6, 0xf5, 0xf5, 0xf5, 0xf5, 0xf5, 0xf6, 
	0xf2, 0xf6, 0xf6, 0xf6, 0xf4, 0xf2, 0xf3, 0xf5, 
	0xf3, 0xf3, 0xf3, 0xf3, 0xf2, 0xf2, 0xf2, 0xf3, 
	0xf2, 0xf3, 0xf3, 0xf3, 0xf3, 0xf3, 0xf4, 0xf6, 
	0xf7, 0xf6, 0xf3, 0xf6, 0xf7, 0xf5, 0xf7, 0xf9, 
	0xf3, 0xf4, 0xf5, 0xf5, 0xf4, 0xf3, 0xf4, 0xf4, 
	0xf2, 0xf3, 0xf3, 0xf4, 0xf5, 0xf5, 0xf3, 0xf4, 
	0xf3, 0xf3, 0xf5, 0xf6, 0xf6, 0xf5, 0xf6, 0xf6, 
	0xf5, 0xf6, 0xf6, 0xf6, 0xf5, 0xf6, 0xf5, 0xf6, 
	0xf4, 0xf5, 0xf6, 0xf5, 0xf1, 0xf5, 0xf2, 0xf4, 
	0xf2, 0xf2, 0xf4, 0xf2, 0xf4, 0xf3, 0xf3, 0xf3, 
	0xf3, 0xf2, 0xf4, 0xf3, 0xf4, 0xf2, 0xf9, 0xf7, 
	0xf6, 0xf6, 0xf8, 0xf3, 0xf4, 0xf5, 0xf4, 0xf4, 
	0xf4, 0xf5, 0xf4, 0xf3, 0xf5, 0xf4, 0xf5, 0xf4, 
	0xf2, 0xf3, 0xf5, 0xf5, 0xf5, 0xf4, 0xf5, 0xf7, 
	0xf7, 0xf5, 0xf6, 0xf6, 0xf7, 0xf5, 0xf7, 0xf6, 
	0xf8, 0xf7, 0xf6, 0xf5, 0xf6, 0xf5, 0xf4, 0xf5, 
	0xf4, 0xf4, 0xf6, 0xf4, 0xf3, 0xf6, 0xf3, 0xf5, 
	0xf2, 0xf4, 0xf3, 0xf2, 0xf3, 0xf3, 0xf4, 0xf3, 
	0xf5, 0xf4, 0xf3, 0xf5, 0xf3, 0xf2, 0xf3, 0xf6, 
	0xf4, 0xf3, 0xf8, 0xf5, 0xf5, 0xf4, 0xf7, 0xf7, 
	0xf3, 0xf5, 0xf4, 0xf4, 0xf6, 0xf5, 0xf3, 0xf4, 
	0xf4, 0xf4, 0xf5, 0xf5, 0xf3, 0xf6, 0xf6, 0xf5, 
	0xf3, 0xf5, 0xf7, 0xf5, 0xf6, 0xf8, 0xf7, 0xf5, 
	0xf6, 0xf5, 0xf6, 0xf5, 0xf6, 0xf7, 0xf5, 0xf6, 
	0xf5, 0xf5, 0xf6, 0xf3, 0xf4, 0xf5, 0xf4, 0xf4, 
	0xf3, 0xf3, 0xf5, 0xf3, 0xf3, 0xf4, 0xf3, 0xf3, 
	0xf2, 0xf4, 0xf3, 0xf4, 0xf4, 0xf4, 0xf2, 0xf7, 
	0xf6, 0xf7, 0xf3, 0xf4, 0xf9, 0xf6, 0xf7, 0xf4, 
	0xf6, 0xf4, 0xf3, 0xf4, 0xf4, 0xf3, 0xf4, 0xf5, 
	0xf5, 0xf4, 0xf4, 0xf3, 0xf2, 0xf6, 0xf5, 0xf6, 
	0xf5, 0xf2, 0xf4, 0xf4, 0xf3, 0xf6, 0xf7, 0xf7, 
	0xf7, 0xf5, 0xf5, 0xf5, 0xf7, 0xf7, 0xf5, 0xf7, 
	0xf5, 0xf2, 0xf4, 0xf5, 0xf3, 0xf2, 0xf4, 0xf2, 
	0xf4, 0xf4, 0xf3, 0xf3, 0xf3, 0xf3, 0xf3, 0xf4, 
	0xf2, 0xf3, 0xf4, 0xf5, 0xf4, 0xf3, 0xf4, 0xf4, 
	0xf5, 0xf5, 0xf6, 0xf4, 0xf6, 0xf5, 0xf2, 0xf3, 
	0xf5, 0xf4, 0xf4, 0xf5, 0xf4, 0xf4, 0xf3, 0xf4, 
	0xf3, 0xf3, 0xf4, 0xf4, 0xf4, 0xf3, 0xf5, 0xf4, 
	0xf3, 0xf4, 0xf5, 0xf4, 0xf6, 0xf5, 0xf8, 0xf7, 
	0xf6, 0xf7, 0xf6, 0xf4, 0xf5, 0xf6, 0xf5, 0xf5, 
	0xf2, 0xf6, 0xf5, 0xf4, 0xf3, 0xf3, 0xf4, 0xf5, 
	0xf2, 0xf5, 0xf3, 0xf3, 0xf2, 0xf2, 0xf3, 0xf4, 
	0xf3, 0xf3, 0xf6, 0xf7, 0xf4, 0xf2, 0xf3, 0xf5, 
	0xf3, 0xf2, 0xf5, 0xf4, 0xf3, 0xf4, 0xf4, 0xf5, 
	0xf3, 0xf4, 0xf4, 0xf3, 0xf3, 0xf3, 0xf3, 0xf6, 
	0xf5, 0xf4, 0xf5, 0xf5, 0xf3, 0xf5, 0xf5, 0xf5, 
	0xf4, 0xf6, 0xf6, 0xf6, 0xf5, 0xf5, 0xf7, 0xf5, 
	0xf6, 0xf5, 0xf5, 0xf6, 0xf7, 0xf6, 0xf3, 0xf4, 
	0xf3, 0xf5, 0xf5, 0xf2, 0xf4, 0xf4, 0xf6, 0xf3, 
	0xf5, 0xf4, 0xf3, 0xf3, 0xf3, 0xf3, 0xf2, 0xf2, 
	0xf3, 0xf3, 0xf5, 0xf5, 0xf4, 0xf3, 0xf4, 0xf3, 
	0xf5, 0xf4, 0xf3, 0xf4, 0xf4, 0xf4, 0xf6, 0xf4, 
	0xf3, 0xf5, 0xf5, 0xf5, 0xf4, 0xf3, 0xf5, 0xf5, 
	0xf3, 0xf4, 0xf6, 0xf5, 0xf5, 0xf4, 0xf5, 0xf6, 
	0xf4, 0xf7, 0xf3, 0xf5, 0xf5, 0xf4, 0xf6, 0xf5, 
	0xf7, 0xf5, 0xf5, 0xf6, 0xf6, 0xf4, 0xf3, 0xf5, 
	0xf3, 0xf5, 0xf5, 0xf5, 0xf6, 0xf4, 0xf3, 0xf3, 
	0xf3, 0xf4, 0xf3, 0xf2, 0xf3, 0xf2, 0xf1, 0xf2, 
	0xf3, 0xf3, 0xf4, 0xf4, 0xf5, 0xf7, 0xf4, 0xf7, 
	0xf7, 0xf4, 0xf4, 0xf5, 0xf3, 0xf4, 0xf5, 0xf4, 
	0xf6, 0xf4, 0xf4, 0xf4, 0xf3, 0xf5, 0xf3, 0xf3, 
	0xf4, 0xf6, 0xf6, 0xf5, 0xf5, 0xf3, 0xf3, 0xf5, 
	0xf4, 0xf3, 0xf4, 0xf4, 0xf6, 0xf5, 0xf4, 0xf6, 
	0xf7, 0xf6, 0xf6, 0xf5, 0xf6, 0xf5, 0xf5, 0xf6, 
	0xf5, 0xf4, 0xf2, 0xf5, 0xf3, 0xf3, 0xf3, 0xf4, 
	0xf4, 0xf4, 0xf4, 0xf2, 0xf3, 0xf3, 0xf3, 0xf3, 
	0xf3, 0xf4, 0xf3, 0xf3, 0xf4, 0xf6, 0xf4, 0xf3, 
	0xf4, 0xf5, 0xf6, 0xf6, 0xf6, 0xf3, 0xf4, 0xf6, 
	0xf3, 0xf4, 0xf4, 0xf3, 0xf4, 0xf4, 0xf4, 0xf5, 
	0xf5, 0xf5, 0xf3, 0xf3, 0xf3, 0xf6, 0xf5, 0xf6, 
	0xf5, 0xf5, 0xf6, 0xf4, 0xf5, 0xf5, 0xf4, 0xf4, 
	0xf6, 0xf5, 0xf6, 0xf6, 0xf4, 0xf4, 0xf5, 0xf6, 
	0xf5, 0xf1, 0xf5, 0xf6, 0xf4, 0xf2, 0xf3, 0xf5, 
	0xf4, 0xf4, 0xf4, 0xf3, 0xf3, 0xf3, 0xf3, 0xf3, 
	0xf4, 0xf4, 0xf5, 0xf4, 0xf4, 0xf3, 0xf2, 0xf3, 
	0xf4, 0xf4, 0xf6, 0xf5, 0xf5, 0xf4, 0xf3, 0xf5, 
	0xf3, 0xf6, 0xf5, 0xf5, 0xf6, 0xf5, 0xf5, 0xf4, 
	0xf5, 0xf4, 0xf4, 0xf4, 0xf3, 0xf3, 0xf4, 0xf3, 
	0xf4, 0xf4, 0xf5, 0xf5, 0xf5, 0xf5, 0xf6, 0xf5, 
	0xf5, 0xf5, 0xf5, 0xf5, 0xf4, 0xf4, 0xf6, 0xf4, 
	0xf2, 0xf5, 0xf6, 0xf7, 0xf6, 0xf3, 0xf4, 0xf3, 
	0xf4, 0xf2, 0xf3, 0xf4, 0xf2, 0xf3, 0xf3, 0xf3, 
	0xf4, 0xf4, 0xf5, 0xf4, 0xf5, 0xf3, 0xf3, 0xf3, 
	0xf2, 0xf2, 0xf3, 0xf2, 0xf4, 0xf5, 0xf2, 0xf5, 
	0xf4, 0xf6, 0xf6, 0xf5, 0xf6, 0xf3, 0xf5, 0xf4, 
	0xf3, 0xf4, 0xf4, 0xf4, 0xf5, 0xf4, 0xf5, 0xf4, 
	0xf4, 0xf5, 0xf3, 0xf4, 0xf4, 0xf5, 0xf4, 0xf5, 
	0xf5, 0xf5, 0xf5, 0xf6, 0xf3, 0xf5, 0xf5, 0xf3, 
	0xf5, 0xf6, 0xf5, 0xf7, 0xf4, 0xf3, 0xf3, 0xf2, 
	0xf4, 0xf4, 0xf2, 0xf2, 0xf2, 0xf3, 0xf4, 0xf2, 
	0xf4, 0xf3, 0xf4, 0xf3, 0xf3, 0xf3, 0xf3, 0xf3, 
	0xf3, 0xf3, 0xf3, 0xf3, 0xf4, 0xf4, 0xf4, 0xf6, 
	0xf4, 0xf3, 0xf4, 0xf5, 0xf5, 0xf4, 0xf4, 0xf5, 
	0xf5, 0xf5, 0xf4, 0xf4, 0xf5, 0xf3, 0xf5, 0xf5, 
	0xf5, 0xf5, 0xf4, 0xf5, 0xf5, 0xf4, 0xf6, 0xf5, 
	0xf5, 0xf5, 0xf5, 0xf5, 0xf4, 0xf4, 0xf3, 0xf4, 
	0xf5, 0xf4, 0xf2, 0xf5, 0xf4, 0xf2, 0xf2, 0xf2, 
	0xf2, 0xf3, 0xf4, 0xf2, 0xf4, 0xf2, 0xf4, 0xf4, 
	0xf4, 0xf4, 0xf3, 0xf3, 0xf4, 0xf3, 0xf4, 0xf3, 
	0xf4, 0xf2, 0xf5, 0xf5, 0xf5, 0xf5, 0xf5, 0xf4, 
	0xf4, 0xf5, 0xf5, 0xf4, 0xf5, 0xf5, 0xf5, 0xf5, 
	0xf4, 0xf4, 0xf6, 0xf5, 0xf3, 0xf4, 0xf4, 0xf3, 
	0xf4, 0xf6, 0xf3, 0xf4, 0xf5, 0xf5, 0xf4, 0xf5, 
	0xf5, 0xf5, 0xf4, 0xf5, 0xf6, 0xf3, 0xf2, 0xf4, 
	0xf4, 0xf3, 0xf3, 0xf6, 0xf5, 0xf2, 0xf2, 0xf2, 
	0xf4, 0xf2, 0xf4, 0xf2, 0xf2, 0xf3, 0xf3, 0xf4, 
	0xf5, 0xf5, 0xf3, 0xf2, 0xf2, 0xf2, 0xf3, 0xf3, 
	0xf4, 0xf4, 0xf4, 0xf6, 0xf3, 0xf4, 0xf3, 0xf3, 
	0xf5, 0xf4, 0xf3, 0xf3, 0xf4, 0xf3, 0xf3, 0xf4, 
	0xf5, 0xf5, 0xf4, 0xf4, 0xf4, 0xf3, 0xf4, 0xf3, 
	0xf5, 0xf5, 0xf2, 0xf5, 0xf6, 0xf6, 0xf5, 0xf4, 
	0xf5, 0xf5, 0xf4, 0xf5, 0xf5, 0xf3, 0xf4, 0xf4, 
	0xf5, 0xf3, 0xf5, 0xf3, 0xf2, 0xf3, 0xf3, 0xf4, 
	0xf4, 0xf3, 0xf3, 0xf3, 0xf2, 0xf3, 0xf3, 0xf4, 
	0xf3, 0xf2, 0xf4, 0xf3, 0xf3, 0xf3, 0xf3, 0xf3, 
	0xf2, 0xf2, 0xf5, 0xf4, 0xf4, 0xf5, 0xf4, 0xf6, 
	0xf4, 0xf5, 0xf4, 0xf3, 0xf5, 0xf5, 0xf3, 0xf3, 
	0xf4, 0xf5, 0xf5, 0xf5, 0xf5, 0xf5, 0xf4, 0xf4, 
	0xf4, 0xf5, 0xf3, 0xf5, 0xf3, 0xf4, 0xf6, 0xf5, 
	0xf5, 0xf5, 0xf5, 0xf4, 0xf5, 0xf5, 0xf5, 0xf2, 
	0xf6, 0xf4, 0xf3, 0xf2, 0xf1, 0xf2, 0xf2, 0xf3, 
	0xf4, 0xf4, 0xf3, 0xf2, 0xf4, 0xf2, 0xf3, 0xf4, 
	0xf4, 0xf4, 0xf4, 0xf2, 0xf4, 0xf3, 0xf2, 0xf4, 
	0xf6, 0xf6, 0xf5, 0xf2, 0xf3, 0xf5, 0xf7, 0xf5, 
	0xf5, 0xf6, 0xf7, 0xf5, 0xf5, 0xf5, 0xf5, 0xf4, 
	0xf5, 0xf4, 0xf5, 0xf5, 0xf3, 0xf4, 0xf5, 0xf5, 
	0xf5, 0xf5, 0xf5, 0xf3, 0xf4, 0xf5, 0xf5, 0xf5, 
	0xf4, 0xf5, 0xf5, 0xf4, 0xf5, 0xf5, 0xf4, 0xf2, 
	0xf5, 0xf4, 0xf3, 0xf4, 0xf2, 0xf2, 0xf2, 0xf3, 
	0xf3, 0xf3, 0xf3, 0xf2, 0xf2, 0xf2, 0xf2, 0xf4, 
	0xf4, 0xf4, 0xf4, 0xf3, 0xf3, 0xf5, 0xf4, 0xf4, 
	0xf6, 0xf4, 0xf3, 0xf4, 0xf5, 0xf3, 0xf4, 0xf4, 
	0xf5, 0xf5, 0xf5, 0xf6, 0xf6, 0xf5, 0xf5, 0xf4, 
	0xf5, 0xf5, 0xf5, 0xf4, 0xf5, 0xf5, 0xf4, 0xf4, 
	0xf3, 0xf5, 0xf5, 0xf6, 0xf6, 0xf5, 0xf5, 0xf5, 
	0xf4, 0xf5, 0xf5, 0xf4, 0xf3, 0xf4, 0xf1, 0xf2, 
	0xf5, 0xf3, 0xf4, 0xf2, 0xf2, 0xf2, 0xf3, 0xf3, 
	0xf2, 0xf2, 0xf4, 0xf2, 0xf2, 0xf3, 0xf3, 0xf4, 
	0xf4, 0xf5, 0xf3, 0xf3, 0xf6, 0xf6, 0xf6, 0xf3, 
	0xf4, 0xf3, 0xf5, 0xf7, 0xf7, 0xf4, 0xf5, 0xf4, 
	0xf6, 0xf4, 0xf4, 0xf6, 0xf4, 0xf5, 0xf5, 0xf4, 
	0xf4, 0xf4, 0xf5, 0xf5, 0xf6, 0xf6, 0xf4, 0xf5, 
	0xf4, 0xf5, 0xf5, 0xf5, 0xf5, 0xf5, 0xf5, 0xf4, 
	0xf5, 0xf4, 0xf5, 0xf5, 0xf2, 0xf3, 0xf1, 0xf5, 
	0xf4, 0xf4, 0xf5, 0xf2, 0xf3, 0xf4, 0xf3, 0xf5, 
	0xf3, 0xf4, 0xf4, 0xf2, 0xf3, 0xf3, 0xf3, 0xf3, 
	0xf5, 0xf3, 0xf3, 0xf3, 0xf3, 0xf3, 0xf5, 0xf5, 
	0xf6, 0xf3, 0xf4, 0xf4, 0xf5, 0xf7, 0xf4, 0xf5, 
	0xf5, 0xf4, 0xf4, 0xf6, 0xf5, 0xf6, 0xf5, 0xf5, 
	0xf5, 0xf5, 0xf4, 0xf5, 0xf3, 0xf4, 0xf5, 0xf5, 
	0xf4, 0xf5, 0xf5, 0xf6, 0xf5, 0xf5, 0xf5, 0xf5, 
	0xf5, 0xf2, 0xf5, 0xf5, 0xf3, 0xf3, 0xf1, 0xf5, 
	0xf2, 0xf5, 0xf2, 0xf3, 0xf4, 0xf3, 0xf3, 0xf3, 
	0xf4, 0xf3, 0xf3, 0xf3, 0xf3, 0xf1, 0xf3, 0xf5, 
	0xf4, 0xf3, 0xf5, 0xf7, 0xf4, 0xf3, 0xf3, 0xf3, 
	0xf3, 0xf6, 0xf6, 0xf6, 0xf6, 0xf3, 0xf6, 0xf6, 
	0xf7, 0xf5, 0xf5, 0xf4, 0xf5, 0xf4, 0xf3, 0xf5, 
	0xf6, 0xf6, 0xf4, 0xf5, 0xf4, 0xf5, 0xf5, 0xf5, 
	0xf5, 0xf5, 0xf4, 0xf5, 0xf5, 0xf4, 0xf4, 0xf5, 
	0xf5, 0xf2, 0xf4, 0xf2, 0xf4, 0xf2, 0xf5, 0xf5, 
	0xf3, 0xf3, 0xf2, 0xf3, 0xf4, 0xf3, 0xf3, 0xf3, 
	0xf2, 0xf3, 0xf2, 0xf3, 0xf4, 0xf2, 0xf4, 0xf5, 
	0xf4, 0xf3, 0xf5, 0xf4, 0xf4, 0xf4, 0xf5, 0xf3, 
	0xf4, 0xf4, 0xf8, 0xf6, 0xf4, 0xf7, 0xf7, 0xf7, 
	0xf7, 0xf5, 0xf4, 0xf5, 0xf6, 0xf5, 0xf5, 0xf5, 
	0xf6, 0xf6, 0xf5, 0xf5, 0xf5, 0xf4, 0xf4, 0xf4, 
	0xf5, 0xf5, 0xf4, 0xf5, 0xf5, 0xf5, 0xf4, 0xf3, 
	0xf5, 0xf5, 0xf5, 0xf6, 0xf4, 0xf5, 0xf3, 0xf5, 
	0xf4, 0xf4, 0xf3, 0xf3, 0xf2, 0xf3, 0xf3, 0xf2, 
	0xf3, 0xf3, 0xf2, 0xf2, 0xf4, 0xf2, 0xf3, 0xf3, 
	0xf4, 0xf3, 0xf3, 0xf3, 0xf2, 0xf3, 0xf6, 0xf4, 
	0xf5, 0xf6, 0xf4, 0xf4, 0xf7, 0xf7, 0xf7, 0xf6, 
	0xf5, 0xf7, 0xf5, 0xf6, 0xf4, 0xf4, 0xf7, 0xf6, 
	0xf5, 0xf6, 0xf5, 0xf4, 0xf5, 0xf5, 0xf4, 0xf4, 
	0xf4, 0xf4, 0xf5, 0xf4, 0xf3, 0xf5, 0xf5, 0xf5, 
	0xf5, 0xf5, 0xf4, 0xf4, 0xf1, 0xf2, 0xf4, 0xf5, 
	0xf2, 0xf5, 0xf2, 0xf2, 0xf3, 0xf3, 0xf3, 0xf3, 
	0xf3, 0xf2, 0xf2, 0xf3, 0xf3, 0xf2, 0xf3, 0xf3, 
	0xf5, 0xf5, 0xf5, 0xf4, 0xf4, 0xf7, 0xf7, 0xf5, 
	0xf6, 0xf5, 0xf7, 0xf7, 0xf5, 0xf5, 0xf5, 0xf4, 
	0xf3, 0xf6, 0xf7, 0xf7, 0xf6, 0xf5, 0xf5, 0xf7, 
	0xf5, 0xf7, 0xf5, 0xf5, 0xf5, 0xf5, 0xf4, 0xf4, 
	0xf4, 0xf5, 0xf5, 0xf5, 0xf4, 0xf5, 0xf5, 0xf2, 
	0xf2, 0xf5, 0xf4, 0xf2, 0xf3, 0xf5, 0xf4, 0xf1, 
	0xf1, 0xf2, 0xf2, 0xf2, 0xf2, 0xf1, 0xf1, 0xf2, 
	0xf2, 0xf2, 0xf2, 0xf2, 0xf2, 0xf3, 0xf4, 0xf4, 
	0xf4, 0xf6, 0xf5, 0xf5, 0xf6, 0xf4, 0xf4, 0xf6, 
	0xf5, 0xf7, 0xf8, 0xf8, 0xf6, 0xf5, 0xf6, 0xf6, 
	0xf6, 0xf5, 0xf6, 0xf6, 0xf6, 0xf6, 0xf5, 0xf6, 
	0xf6, 0xf5, 0xf6, 0xf6, 0xf5, 0xf4, 0xf5, 0xf5, 
	0xf4, 0xf4, 0xf5, 0xf5, 0xf6, 0xf5, 0xf4, 0xf4, 
	0xf4, 0xf5, 0xf5, 0xf3, 0xf4, 0xf4, 0xf2, 0xf3, 
	0xf1, 0xf3, 0xf4, 0xf3, 0xf3, 0xf2, 0xf3, 0xf1, 
	0xf2, 0xf3, 0xf3, 0xf3, 0xf2, 0xf4, 0xf3, 0xf5, 
	0xf6, 0xf6, 0xf4, 0xf4, 0xf7, 0xf7, 0xf3, 0xf5, 
	0xf7, 0xf5, 0xf6, 0xf6, 0xf7, 0xf8, 0xf8, 0xf7, 
	0xf8, 0xf6, 0xf5, 0xf6, 0xf6, 0xf5, 0xf6, 0xf7, 
	0xf6, 0xf6, 0xf6, 0xf5, 0xf5, 0xf5, 0xf5, 0xf5, 
	0xf4, 0xf4, 0xf5, 0xf4, 0xf5, 0xf5, 0xf5, 0xf5, 
	0xf4, 0xf5, 0xf4, 0xf4, 0xf4, 0xf4, 0xf3, 0xf1, 
	0xf2, 0xf1, 0xf2, 0xf3, 0xf3, 0xf5, 0xf3, 0xf3, 
	0xf1, 0xf1, 0xf2, 0xf3, 0xf3, 0xf4, 0xf2, 0xf4, 
	0xf6, 0xf5, 0xf5, 0xf4, 0xf7, 0xf6, 0xf4, 0xf6, 
	0xf6, 0xf7, 0xf7, 0xf6, 0xf7, 0xf7, 0xf8, 0xf8, 
	0xf7, 0xf6, 0xf7, 0xf6, 0xf5, 0xf5, 0xf7, 0xf7, 
	0xf5, 0xf6, 0xf5, 0xf6, 0xf5, 0xf5, 0xf6, 0xf3, 
	0xf4, 0xf5, 0xf6, 0xf4, 0xf5, 0xf5, 0xf4, 0xf4, 
	0xf5, 0xf4, 0xf4, 0xf4, 0xf2, 0xf3, 0xf2, 0xf2, 
	0xf2, 0xf2, 0xf2, 0xf2, 0xf4, 0xf2, 0xf2, 0xf2, 
	0xf3, 0xf2, 0xf2, 0xf4, 0xf5, 0xf4, 0xf3, 0xf5, 
	0xf6, 0xf6, 0xf7, 0xf5, 0xf6, 0xf6, 0xf4, 0xf5, 
	0xf5, 0xf6, 0xf6, 0xf6, 0xf7, 0xf6, 0xf7, 0xf6, 
	0xf6, 0xf6, 0xf5, 0xf5, 0xf5, 0xf6, 0xf6, 0xf6, 
	0xf6, 0xf6, 0xf6, 0xf5, 0xf6, 0xf6, 0xf6, 0xf5, 
	0xf5, 0xf5, 0xf5, 0xf5, 0xf6, 0xf5, 0xf5, 0xf4, 
	0xf5, 0xf3, 0xf4, 0xf2, 0xf1, 0xf4, 0xf1, 0xf4, 
	0xf5, 0xf3, 0xf2, 0xf3, 0xf2, 0xf2, 0xf2, 0xf2, 
	0xf4, 0xf3, 0xf3, 0xf5, 0xf5, 0xf4, 0xf2, 0xf5, 
	0xf6, 0xf6, 0xf5, 0xf5, 0xf5, 0xf6, 0xf5, 0xf5, 
	0xf7, 0xf5, 0xf6, 0xf8, 0xf7, 0xf6, 0xf7, 0xf6, 
	0xf7, 0xf8, 0xf5, 0xf6, 0xf6, 0xf6, 0xf5, 0xf7, 
	0xf7, 0xf6, 0xf5, 0xf4, 0xf4, 0xf5, 0xf4, 0xf6, 
	0xf5, 0xf5, 0xf3, 0xf5, 0xf4, 0xf6, 0xf5, 0xf2, 
	0xf5, 0xf6, 0xf4, 0xf3, 0xf2, 0xf3, 0xf2, 0xf5, 
	0xf5, 0xf2, 0xf2, 0xf2, 0xf3, 0xf1, 0xf3, 0xf3, 
	0xf4, 0xf3, 0xf3, 0xf5, 0xf6, 0xf5, 0xf7, 0xf5, 
	0xf5, 0xf6, 0xf4, 0xf7, 0xf6, 0xf6, 0xf5, 0xf4, 
	0xf5, 0xf6, 0xf8, 0xf8, 0xf7, 0xf8, 0xf8, 0xf7, 
	0xf7, 0xf8, 0xf5, 0xf6, 0xf6, 0xf6, 0xf5, 0xf7, 
	0xf7, 0xf6, 0xf5, 0xf4, 0xf4, 0xf5, 0xf4, 0xf6, 
	0xf5, 0xf5, 0xf3, 0xf5, 0xf4, 0xf5, 0xf4, 0xf3, 
	0xf5, 0xf6, 0xf4, 0xf4, 0xf3, 0xf3, 0xf2, 0xf5, 
	0xf5, 0xf2, 0xf2, 0xf2, 0xf3, 0xf1, 0xf3, 0xf4, 
	0xf5, 0xf4, 0xf5, 0xf6, 0xf5, 0xf4, 0xf6, 0xf5, 
	0xf6, 0xf8, 0xf7, 0xf7, 0xf6, 0xf6, 0xf4, 0xf5, 
	0xf5, 0xf6, 0xf7, 0xf8, 0xf6, 0xf6, 0xf8, 0xf5, 
	0xf6, 0xf6, 0xf5, 0xf5, 0xf5, 0xf6, 0xf6, 0xf6, 
	0xf6, 0xf6, 0xf6, 0xf5, 0xf6, 0xf6, 0xf6, 0xf4, 
	0xf5, 0xf5, 0xf5, 0xf5, 0xf5, 0xf7, 0xf5, 0xf5, 
	0xf5, 0xf3, 0xf4, 0xf5, 0xf5, 0xf4, 0xf1, 0xf4, 
	0xf5, 0xf3, 0xf2, 0xf3, 0xf3, 0xf3, 0xf3, 0xf5, 
	0xf4, 0xf3, 0xf4, 0xf5, 0xf5, 0xf5, 0xf5, 0xf4, 
	0xf7, 0xf7, 0xf6, 0xf6, 0xf7, 0xf8, 0xf5, 0xf5, 
	0xf5, 0xf5, 0xf5, 0xf6, 0xf4, 0xf3, 0xf3, 0xf5, 
	0xf6, 0xf5, 0xf6, 0xf5, 0xf4, 0xf5, 0xf7, 0xf7, 
	0xf6, 0xf5, 0xf6, 0xf7, 0xf6, 0xf6, 0xf7, 0xf5, 
	0xf6, 0xf6, 0xf6, 0xf6, 0xf6, 0xf7, 0xf8, 0xf6, 
	0xf6, 0xf5, 0xf5, 0xf6, 0xf4, 0xf4, 0xf2, 0xf2, 
	0xf2, 0xf2, 0xf2, 0xf2, 0xf5, 0xf4, 0xf5, 0xf5, 
	0xf3, 0xf4, 0xf6, 0xf6, 0xf7, 0xf6, 0xf7, 0xf5, 
	0xf5, 0xf6, 0xf6, 0xf5, 0xf6, 0xf6, 0xf6, 0xf6, 
	0xf4, 0xf6, 0xf4, 0xf3, 0xf4, 0xf2, 0xf3, 0xf3, 
	0xf4, 0xf5, 0xf4, 0xf5, 0xf4, 0xf3, 0xf7, 0xf7, 
	0xf7, 0xf5, 0xf5, 0xf5, 0xf6, 0xf4, 0xf6, 0xf7, 
	0xf7, 0xf6, 0xf7, 0xf6, 0xf7, 0xf8, 0xf7, 0xf6, 
	0xf5, 0xf5, 0xf4, 0xf4, 0xf4, 0xf4, 0xf3, 0xf2, 
	0xf2, 0xf2, 0xf3, 0xf4, 0xf4, 0xf6, 0xf6, 0xf7, 
	0xf6, 0xf6, 0xf6, 0xf7, 0xf5, 0xf5, 0xf7, 0xf6, 
	0xf4, 0xf6, 0xf6, 0xf6, 0xf7, 0xf5, 0xf6, 0xf5, 
	0xf3, 0xf8, 0xf7, 0xf2, 0xf6, 0xf2, 0xf5, 0xf3, 
	0xf4, 0xf6, 0xf3, 0xf3, 0xf2, 0xf6, 0xf8, 0xf3, 
	0xf6, 0xf6, 0xf6, 0xf6, 0xf7, 0xf6, 0xf8, 0xf8, 
	0xf8, 0xf6, 0xf8, 0xf8, 0xf8, 0xf7, 0xf6, 0xf7, 
	0xf5, 0xf6, 0xf6, 0xf5, 0xf4, 0xf4, 0xf4, 0xf3, 
	0xf2, 0xf3, 0xf4, 0xf3, 0xf4, 0xf5, 0xf7, 0xf7, 
	0xf6, 0xf8, 0xf5, 0xf6, 0xf7, 0xf6, 0xf6, 0xf6, 
	0xf4, 0xf7, 0xf7, 0xf5, 0xf5, 0xf4, 0xf7, 0xf6, 
	0xf4, 0xf3, 0xf4, 0xf2, 0xf2, 0xf2, 0xf3, 0xf3, 
	0xf2, 0xf3, 0xf1, 0xf4, 0xf6, 0xf8, 0xf6, 0xf4, 
	0xf6, 0xf7, 0xf3, 0xf7, 0xf7, 0xf8, 0xf8, 0xf8, 
	0xf7, 0xf8, 0xf8, 0xf5, 0xf8, 0xf6, 0xf8, 0xf7, 
	0xf6, 0xf5, 0xf6, 0xf8, 0xf6, 0xf6, 0xf5, 0xf4, 
	0xf1, 0xf3, 0xf4, 0xf6, 0xf6, 0xf7, 0xf4, 0xf4, 
	0xf6, 0xf6, 0xf4, 0xf5, 0xf6, 0xf5, 0xf4, 0xf4, 
	0xf6, 0xf6, 0xf7, 0xf7, 0xf6, 0xf2, 0xf5, 0xf4, 
	0xf7, 0xf7, 0xf3, 0xf4, 0xf2, 0xf3, 0xf2, 0xf3, 
	0xf2, 0xf2, 0xf5, 0xf4, 0xf2, 0xf4, 0xf3, 0xf4, 
	0xf7, 0xf6, 0xf5, 0xf7, 0xf5, 0xf7, 0xf8, 0xf8, 
	0xf8, 0xf8, 0xf8, 0xf6, 0xf6, 0xf7, 0xf8, 0xf6, 
	0xf6, 0xf6, 0xf8, 0xf7, 0xf6, 0xf7, 0xf5, 0xf6, 
	0xf3, 0xf5, 0xf3, 0xf6, 0xf7, 0xf5, 0xf5, 0xf6, 
	0xf9, 0xf7, 0xf8, 0xf9, 0xf6, 0xf5, 0xf6, 0xf7, 
	0xf5, 0xf6, 0xf5, 0xf5, 0xf6, 0xf3, 0xf5, 0xf1, 
	0xf4, 0xf5, 0xf4, 0xf7, 0xf3, 0xf4, 0xf1, 0xf2, 
	0xf2, 0xf2, 0xf3, 0xf6, 0xf4, 0xf6, 0xf3, 0xf7, 
	0xf8, 0xf6, 0xf6, 0xf7, 0xf5, 0xf7, 0xf7, 0xf8, 
	0xf8, 0xf8, 0xf7, 0xf7, 0xf6, 0xf6, 0xf7, 0xf5, 
	0xf6, 0xf8, 0xf6, 0xf5, 0xf6, 0xf7, 0xf5, 0xf5, 
	0xf4, 0xf4, 0xf6, 0xf7, 0xf5, 0xf4, 0xf4, 0xf7, 
	0xf7, 0xf5, 0xf7, 0xf7, 0xf4, 0xf4, 0xf7, 0xf5, 
	0xf5, 0xf5, 0xf7, 0xf7, 0xf7, 0xf6, 0xf7, 0xf3, 
	0xf7, 0xf5, 0xf6, 0xf2, 0xf4, 0xf1, 0xf2, 0xf2, 
	0xf4, 0xf4, 0xf8, 0xf8, 0xf8, 0xf6, 0xf6, 0xf8, 
	0xf5, 0xf5, 0xf7, 0xf8, 0xf6, 0xf6, 0xf8, 0xf7, 
	0xf7, 0xf8, 0xf7, 0xf5, 0xf6, 0xf7, 0xf7, 0xf5, 
	0xf5, 0xf6, 0xf6, 0xf7, 0xf6, 0xf6, 0xf6, 0xf5, 
	0xf3, 0xf4, 0xf6, 0xf5, 0xf6, 0xf6, 0xf5, 0xf6, 
	0xf5, 0xf9, 0xf8, 0xf4, 0xf5, 0xf9, 0xf8, 0xf7, 
	0xf6, 0xf6, 0xf5, 0xf5, 0xf5, 0xf7, 0xf6, 0xf5, 
	0xf7, 0xf4, 0xf8, 0xf4, 0xf3, 0xf3, 0xf3, 0xf6, 
	0xf2, 0xf4, 0xf8, 0xf4, 0xf6, 0xf4, 0xf7, 0xf7, 
	0xf4, 0xf7, 0xf5, 0xf7, 0xf8, 0xf8, 0xf8, 0xf7, 
	0xf5, 0xf8, 0xf6, 0xf7, 0xf7, 0xf8, 0xf6, 0xf5, 
	0xf6, 0xf7, 0xf7, 0xf6, 0xf4, 0xf5, 0xf6, 0xf6, 
	0xf2, 0xf4, 0xf6, 0xf5, 0xf8, 0xf7, 0xf7, 0xf6, 
	0xf7, 0xf8, 0xf8, 0xf8, 0xf9, 0xf9, 0xf7, 0xf5, 
	0xf6, 0xf7, 0xf5, 0xf5, 0xf7, 0xf4, 0xf6, 0xf3, 
	0xf6, 0xf5, 0xf5, 0xf5, 0xf4, 0xf5, 0xf6, 0xf6, 
	0xf2, 0xf6, 0xf6, 0xf3, 0xf6, 0xf5, 0xf7, 0xf4, 
	0xf6, 0xf5, 0xf7, 0xf6, 0xf8, 0xf8, 0xf8, 0xf8, 
	0xf7, 0xf8, 0xf7, 0xf7, 0xf7, 0xf8, 0xf6, 0xf5, 
	0xf7, 0xf6, 0xf6, 0xf5, 0xf4, 0xf6, 0xf7, 0xf5, 
	0xf5, 0xf4, 0xf5, 0xf6, 0xf5, 0xf5, 0xf9, 0xf7, 
	0xf7, 0xf6, 0xf7, 0xf6, 0xf6, 0xf8, 0xf8, 0xf7, 
	0xf5, 0xf6, 0xf6, 0xf5, 0xf6, 0xf6, 0xf3, 0xf5, 
	0xf7, 0xf6, 0xf2, 0xf5, 0xf3, 0xf5, 0xf3, 0xf2, 
	0xf3, 0xf6, 0xf2, 0xf5, 0xf3, 0xf6, 0xf3, 0xf6, 
	0xf7, 0xf6, 0xf7, 0xf7, 0xf8, 0xf7, 0xf7, 0xf6, 
	0xf7, 0xf8, 0xf7, 0xf6, 0xf7, 0xf7, 0xf6, 0xf7, 
	0xf8, 0xf5, 0xf6, 0xf6, 0xf5, 0xf5, 0xf7, 0xf6, 
	0xf6, 0xf7, 0xf6, 0xf6, 0xf5, 0xf6, 0xf7, 0xf6, 
	0xf7, 0xf7, 0xf6, 0xf8, 0xf9, 0xf9, 0xf8, 0xf6, 
	0xf6, 0xf6, 0xf4, 0xf6, 0xf8, 0xf5, 0xf7, 0xf4, 
	0xf6, 0xf4, 0xf7, 0xf6, 0xf2, 0xf7, 0xf3, 0xf3, 
	0xf4, 0xf7, 0xf2, 0xf7, 0xf7, 0xf5, 0xf6, 0xf6, 
	0xf6, 0xf6, 0xf8, 0xf5, 0xf8, 0xf7, 0xf7, 0xf6, 
	0xf7, 0xf8, 0xf5, 0xf7, 0xf6, 0xf8, 0xf7, 0xf5, 
	0xf4, 0xf5, 0xf7, 0xf6, 0xf6, 0xf6, 0xf7, 0xf5, 
	0xf5, 0xf6, 0xf6, 0xf8, 0xf7, 0xf8, 0xf7, 0xf8, 
	0xf6, 0xf7, 0xf7, 0xf9, 0xf8, 0xf8, 0xf8, 0xf6, 
	0xf6, 0xf5, 0xf5, 0xf6, 0xf5, 0xf6, 0xf7, 0xf5, 
	0xf5, 0xf7, 0xf7, 0xf6, 0xf3, 0xf3, 0xf4, 0xf4, 
	0xf5, 0xf4, 0xf3, 0xf4, 0xf7, 0xf6, 0xf6, 0xf7, 
	0xf6, 0xf6, 0xf7, 0xf6, 0xf8, 0xf7, 0xf8, 0xf8, 
	0xf8, 0xf8, 0xf5, 0xf6, 0xf6, 0xf7, 0xf5, 0xf5, 
	0xf6, 0xf6, 0xf6, 0xf5, 0xf4, 0xf6, 0xf5, 0xf6, 
	0xf6, 0xf5, 0xf5, 0xf8, 0xf6, 0xf5, 0xf7, 0xf9, 
	0xf8, 0xf8, 0xf9, 0xf9, 0xf9, 0xf8, 0xf7, 0xf6, 
	0xf5, 0xf6, 0xf8, 0xf6, 0xf3, 0xf4, 0xf6, 0xf6, 
	0xf6, 0xf5, 0xf6, 0xf6, 0xf8, 0xf2, 0xf3, 0xf6, 
	0xf7, 0xf3, 0xf3, 0xf5, 0xf6, 0xf6, 0xf6, 0xf6, 
	0xf6, 0xf6, 0xf7, 0xf6, 0xf6, 0xf6, 0xf6, 0xf6, 
	0xf6, 0xf8, 0xf6, 0xf7, 0xf6, 0xf6, 0xf5, 0xf6, 
	0xf7, 0xf6, 0xf5, 0xf5, 0xf5, 0xf6, 0xf6, 0xf6, 
	0xf7, 0xf8, 0xf5, 0xf6, 0xf6, 0xf6, 0xf7, 0xf8, 
	0xf6, 0xf6, 0xf8, 0xf7, 0xf8, 0xf9, 0xf7, 0xf7, 
	0xf7, 0xf5, 0xf7, 0xf7, 0xf5, 0xf5, 0xf6, 0xf6, 
	0xf3, 0xf4, 0xf6, 0xf7, 0xf6, 0xf3, 0xf5, 0xf5, 
	0xf5, 0xf5, 0xf5, 0xf5, 0xf6, 0xf6, 0xf2, 0xf5, 
	0xf4, 0xf5, 0xf7, 0xf7, 0xf6, 0xf6, 0xf3, 0xf6, 
	0xf5, 0xf7, 0xf6, 0xf5, 0xf6, 0xf6, 0xf5, 0xf6, 
	0xf5, 0xf7, 0xf5, 0xf5, 0xf6, 0xf6, 0xf6, 0xf4, 
	0xf7, 0xf8, 0xf4, 0xf7, 0xf7, 0xf4, 0xf7, 0xf7, 
	0xf5, 0xf8, 0xf8, 0xf5, 0xf7, 0xf8, 0xf7, 0xf6, 
	0xf6, 0xf6, 0xf6, 0xf4, 0xf5, 0xf6, 0xf7, 0xf4, 
	0xf5, 0xf3, 0xf6, 0xf6, 0xf6, 0xf6, 0xf6, 0xf3, 
	
};

Vtx jrb_dl_Cube_040_mesh_layer_1_vtx_0[120] = {
	{{{-913, -59, -304},0, {86, 2544},{0x81, 0x0, 0x0, 0xFF}}},
	{{{-913, 59, -304},0, {906, 2544},{0x81, 0x0, 0x0, 0xFF}}},
	{{{-913, 59, -913},0, {906, -1552},{0x81, 0x0, 0x0, 0xFF}}},
	{{{-913, -59, -913},0, {86, -1552},{0x81, 0x0, 0x0, 0xFF}}},
	{{{304, -59, -913},0, {86, 2544},{0x0, 0x0, 0x81, 0xFF}}},
	{{{304, 59, -913},0, {906, 2544},{0x0, 0x0, 0x81, 0xFF}}},
	{{{913, 59, -913},0, {906, -1552},{0x0, 0x0, 0x81, 0xFF}}},
	{{{913, -59, -913},0, {86, -1552},{0x0, 0x0, 0x81, 0xFF}}},
	{{{913, -59, 304},0, {86, 2544},{0x7F, 0x0, 0x0, 0xFF}}},
	{{{913, 59, 304},0, {906, 2544},{0x7F, 0x0, 0x0, 0xFF}}},
	{{{913, 59, 913},0, {906, -1552},{0x7F, 0x0, 0x0, 0xFF}}},
	{{{913, -59, 913},0, {86, -1552},{0x7F, 0x0, 0x0, 0xFF}}},
	{{{-304, -59, 913},0, {86, 2544},{0x0, 0x0, 0x7F, 0xFF}}},
	{{{-304, 59, 913},0, {906, 2544},{0x0, 0x0, 0x7F, 0xFF}}},
	{{{-913, 59, 913},0, {906, -1552},{0x0, 0x0, 0x7F, 0xFF}}},
	{{{-913, -59, 913},0, {86, -1552},{0x0, 0x0, 0x7F, 0xFF}}},
	{{{304, -59, 304},0, {-1552, 2544},{0x0, 0x81, 0x0, 0xFF}}},
	{{{913, -59, 304},0, {2544, 2544},{0x0, 0x81, 0x0, 0xFF}}},
	{{{913, -59, 913},0, {2544, -1552},{0x0, 0x81, 0x0, 0xFF}}},
	{{{304, -59, 913},0, {-1552, -1552},{0x0, 0x81, 0x0, 0xFF}}},
	{{{-304, 59, 304},0, {-1552, 2544},{0x0, 0x7F, 0x0, 0xFF}}},
	{{{-913, 59, 304},0, {2544, 2544},{0x0, 0x7F, 0x0, 0xFF}}},
	{{{-913, 59, 913},0, {2544, -1552},{0x0, 0x7F, 0x0, 0xFF}}},
	{{{-304, 59, 913},0, {-1552, -1552},{0x0, 0x7F, 0x0, 0xFF}}},
	{{{913, 59, 304},0, {-1552, 2544},{0x0, 0x7F, 0x0, 0xFF}}},
	{{{304, 59, 304},0, {2544, 2544},{0x0, 0x7F, 0x0, 0xFF}}},
	{{{304, 59, 913},0, {2544, -1552},{0x0, 0x7F, 0x0, 0xFF}}},
	{{{913, 59, 913},0, {-1552, -1552},{0x0, 0x7F, 0x0, 0xFF}}},
	{{{-913, 59, -304},0, {86, 2544},{0x0, 0x0, 0x7F, 0xFF}}},
	{{{-913, -59, -304},0, {906, 2544},{0x0, 0x0, 0x7F, 0xFF}}},
	{{{-304, -59, -304},0, {906, -1552},{0x0, 0x0, 0x7F, 0xFF}}},
	{{{-304, 59, -304},0, {86, -1552},{0x0, 0x0, 0x7F, 0xFF}}},
	{{{-913, -59, 304},0, {-1552, 2544},{0x0, 0x81, 0x0, 0xFF}}},
	{{{-304, -59, 304},0, {2544, 2544},{0x0, 0x81, 0x0, 0xFF}}},
	{{{-304, -59, 913},0, {2544, -1552},{0x0, 0x81, 0x0, 0xFF}}},
	{{{-913, -59, 913},0, {-1552, -1552},{0x0, 0x81, 0x0, 0xFF}}},
	{{{-913, -59, 304},0, {86, 2544},{0x0, 0x0, 0x81, 0xFF}}},
	{{{-913, 59, 304},0, {906, 2544},{0x0, 0x0, 0x81, 0xFF}}},
	{{{-304, 59, 304},0, {906, -1552},{0x0, 0x0, 0x81, 0xFF}}},
	{{{-304, -59, 304},0, {86, -1552},{0x0, 0x0, 0x81, 0xFF}}},
	{{{913, -59, 913},0, {86, 2544},{0x0, 0x0, 0x7F, 0xFF}}},
	{{{913, 59, 913},0, {906, 2544},{0x0, 0x0, 0x7F, 0xFF}}},
	{{{304, 59, 913},0, {906, -1552},{0x0, 0x0, 0x7F, 0xFF}}},
	{{{304, -59, 913},0, {86, -1552},{0x0, 0x0, 0x7F, 0xFF}}},
	{{{-913, -59, -913},0, {86, 2544},{0x0, 0x0, 0x81, 0xFF}}},
	{{{-913, 59, -913},0, {906, 2544},{0x0, 0x0, 0x81, 0xFF}}},
	{{{-304, 59, -913},0, {906, -1552},{0x0, 0x0, 0x81, 0xFF}}},
	{{{-304, -59, -913},0, {86, -1552},{0x0, 0x0, 0x81, 0xFF}}},
	{{{304, 59, -913},0, {86, 2544},{0x81, 0x0, 0x0, 0xFF}}},
	{{{304, -59, -913},0, {906, 2544},{0x81, 0x0, 0x0, 0xFF}}},
	{{{304, -59, -304},0, {906, -1552},{0x81, 0x0, 0x0, 0xFF}}},
	{{{304, 59, -304},0, {86, -1552},{0x81, 0x0, 0x0, 0xFF}}},
	{{{-913, -59, -913},0, {-1552, 2544},{0x0, 0x81, 0x0, 0xFF}}},
	{{{-304, -59, -913},0, {2544, 2544},{0x0, 0x81, 0x0, 0xFF}}},
	{{{-304, -59, -304},0, {2544, -1552},{0x0, 0x81, 0x0, 0xFF}}},
	{{{-913, -59, -304},0, {-1552, -1552},{0x0, 0x81, 0x0, 0xFF}}},
	{{{-304, -59, -913},0, {86, 2544},{0x7F, 0x0, 0x0, 0xFF}}},
	{{{-304, 59, -913},0, {906, 2544},{0x7F, 0x0, 0x0, 0xFF}}},
	{{{-304, 59, -304},0, {906, -1552},{0x7F, 0x0, 0x0, 0xFF}}},
	{{{-304, -59, -304},0, {86, -1552},{0x7F, 0x0, 0x0, 0xFF}}},
	{{{304, -59, -304},0, {906, 2544},{0x0, 0x0, 0x7F, 0xFF}}},
	{{{913, -59, -304},0, {906, -1552},{0x0, 0x0, 0x7F, 0xFF}}},
	{{{913, 59, -304},0, {86, -1552},{0x0, 0x0, 0x7F, 0xFF}}},
	{{{304, 59, -304},0, {86, 2544},{0x0, 0x0, 0x7F, 0xFF}}},
	{{{913, 59, -913},0, {-1552, 2544},{0x0, 0x7F, 0x0, 0xFF}}},
	{{{304, 59, -913},0, {2544, 2544},{0x0, 0x7F, 0x0, 0xFF}}},
	{{{304, 59, -304},0, {2544, -1552},{0x0, 0x7F, 0x0, 0xFF}}},
	{{{913, 59, -304},0, {-1552, -1552},{0x0, 0x7F, 0x0, 0xFF}}},
	{{{-304, 59, -913},0, {-1552, 2544},{0x0, 0x7F, 0x0, 0xFF}}},
	{{{-913, 59, -913},0, {2544, 2544},{0x0, 0x7F, 0x0, 0xFF}}},
	{{{-913, 59, -304},0, {2544, -1552},{0x0, 0x7F, 0x0, 0xFF}}},
	{{{-304, 59, -304},0, {-1552, -1552},{0x0, 0x7F, 0x0, 0xFF}}},
	{{{913, 59, 304},0, {86, 2544},{0x0, 0x0, 0x81, 0xFF}}},
	{{{913, -59, 304},0, {906, 2544},{0x0, 0x0, 0x81, 0xFF}}},
	{{{304, -59, 304},0, {906, -1552},{0x0, 0x0, 0x81, 0xFF}}},
	{{{304, 59, 304},0, {86, -1552},{0x0, 0x0, 0x81, 0xFF}}},
	{{{304, -59, -913},0, {-1552, 2544},{0x0, 0x81, 0x0, 0xFF}}},
	{{{913, -59, -913},0, {2544, 2544},{0x0, 0x81, 0x0, 0xFF}}},
	{{{913, -59, -304},0, {2544, -1552},{0x0, 0x81, 0x0, 0xFF}}},
	{{{304, -59, -304},0, {-1552, -1552},{0x0, 0x81, 0x0, 0xFF}}},
	{{{304, 59, 913},0, {906, 2544},{0x81, 0x0, 0x0, 0xFF}}},
	{{{304, 59, 304},0, {906, -1552},{0x81, 0x0, 0x0, 0xFF}}},
	{{{304, -59, 304},0, {86, -1552},{0x81, 0x0, 0x0, 0xFF}}},
	{{{304, -59, 913},0, {86, 2544},{0x81, 0x0, 0x0, 0xFF}}},
	{{{913, -59, -913},0, {86, 2544},{0x7F, 0x0, 0x0, 0xFF}}},
	{{{913, 59, -913},0, {906, 2544},{0x7F, 0x0, 0x0, 0xFF}}},
	{{{913, 59, -304},0, {906, -1552},{0x7F, 0x0, 0x0, 0xFF}}},
	{{{913, -59, -304},0, {86, -1552},{0x7F, 0x0, 0x0, 0xFF}}},
	{{{-913, -59, 913},0, {86, 2544},{0x81, 0x0, 0x0, 0xFF}}},
	{{{-913, 59, 913},0, {906, 2544},{0x81, 0x0, 0x0, 0xFF}}},
	{{{-913, 59, 304},0, {906, -1552},{0x81, 0x0, 0x0, 0xFF}}},
	{{{-913, -59, 304},0, {86, -1552},{0x81, 0x0, 0x0, 0xFF}}},
	{{{-304, 59, 913},0, {86, 2544},{0x7F, 0x0, 0x0, 0xFF}}},
	{{{-304, -59, 913},0, {906, 2544},{0x7F, 0x0, 0x0, 0xFF}}},
	{{{-304, -59, 304},0, {906, -1552},{0x7F, 0x0, 0x0, 0xFF}}},
	{{{-304, 59, 304},0, {86, -1552},{0x7F, 0x0, 0x0, 0xFF}}},
	{{{-228, 59, 228},0, {906, 2544},{0x81, 0x0, 0x0, 0xFF}}},
	{{{-228, 59, -228},0, {906, -1552},{0x81, 0x0, 0x0, 0xFF}}},
	{{{-228, -59, -228},0, {86, -1552},{0x81, 0x0, 0x0, 0xFF}}},
	{{{-228, -59, 228},0, {86, 2544},{0x81, 0x0, 0x0, 0xFF}}},
	{{{-228, 59, -228},0, {906, 2544},{0x0, 0x0, 0x81, 0xFF}}},
	{{{228, 59, -228},0, {906, -1552},{0x0, 0x0, 0x81, 0xFF}}},
	{{{228, -59, -228},0, {86, -1552},{0x0, 0x0, 0x81, 0xFF}}},
	{{{-228, -59, -228},0, {86, 2544},{0x0, 0x0, 0x81, 0xFF}}},
	{{{-228, -59, -228},0, {-1552, 2544},{0x0, 0x81, 0x0, 0xFF}}},
	{{{228, -59, -228},0, {2544, 2544},{0x0, 0x81, 0x0, 0xFF}}},
	{{{228, -59, 228},0, {2544, -1552},{0x0, 0x81, 0x0, 0xFF}}},
	{{{-228, -59, 228},0, {-1552, -1552},{0x0, 0x81, 0x0, 0xFF}}},
	{{{228, 59, -228},0, {-1552, 2544},{0x0, 0x7F, 0x0, 0xFF}}},
	{{{-228, 59, -228},0, {2544, 2544},{0x0, 0x7F, 0x0, 0xFF}}},
	{{{-228, 59, 228},0, {2544, -1552},{0x0, 0x7F, 0x0, 0xFF}}},
	{{{228, 59, 228},0, {-1552, -1552},{0x0, 0x7F, 0x0, 0xFF}}},
	{{{228, 59, -228},0, {906, 2544},{0x7F, 0x0, 0x0, 0xFF}}},
	{{{228, 59, 228},0, {906, -1552},{0x7F, 0x0, 0x0, 0xFF}}},
	{{{228, -59, 228},0, {86, -1552},{0x7F, 0x0, 0x0, 0xFF}}},
	{{{228, -59, -228},0, {86, 2544},{0x7F, 0x0, 0x0, 0xFF}}},
	{{{228, -59, 228},0, {86, 2544},{0x0, 0x0, 0x7F, 0xFF}}},
	{{{228, 59, 228},0, {906, 2544},{0x0, 0x0, 0x7F, 0xFF}}},
	{{{-228, 59, 228},0, {906, -1552},{0x0, 0x0, 0x7F, 0xFF}}},
	{{{-228, -59, 228},0, {86, -1552},{0x0, 0x0, 0x7F, 0xFF}}},
};

Gfx jrb_dl_Cube_040_mesh_layer_1_tri_0[] = {
	gsSPVertex(jrb_dl_Cube_040_mesh_layer_1_vtx_0 + 0, 16, 0),
	gsSP1Triangle(0, 1, 2, 0),
	gsSP1Triangle(0, 2, 3, 0),
	gsSP1Triangle(4, 5, 6, 0),
	gsSP1Triangle(4, 6, 7, 0),
	gsSP1Triangle(8, 9, 10, 0),
	gsSP1Triangle(8, 10, 11, 0),
	gsSP1Triangle(12, 13, 14, 0),
	gsSP1Triangle(12, 14, 15, 0),
	gsSPVertex(jrb_dl_Cube_040_mesh_layer_1_vtx_0 + 16, 16, 0),
	gsSP1Triangle(0, 1, 2, 0),
	gsSP1Triangle(0, 2, 3, 0),
	gsSP1Triangle(4, 5, 6, 0),
	gsSP1Triangle(4, 6, 7, 0),
	gsSP1Triangle(8, 9, 10, 0),
	gsSP1Triangle(8, 10, 11, 0),
	gsSP1Triangle(12, 13, 14, 0),
	gsSP1Triangle(12, 14, 15, 0),
	gsSPVertex(jrb_dl_Cube_040_mesh_layer_1_vtx_0 + 32, 16, 0),
	gsSP1Triangle(0, 1, 2, 0),
	gsSP1Triangle(0, 2, 3, 0),
	gsSP1Triangle(4, 5, 6, 0),
	gsSP1Triangle(4, 6, 7, 0),
	gsSP1Triangle(8, 9, 10, 0),
	gsSP1Triangle(8, 10, 11, 0),
	gsSP1Triangle(12, 13, 14, 0),
	gsSP1Triangle(12, 14, 15, 0),
	gsSPVertex(jrb_dl_Cube_040_mesh_layer_1_vtx_0 + 48, 16, 0),
	gsSP1Triangle(0, 1, 2, 0),
	gsSP1Triangle(0, 2, 3, 0),
	gsSP1Triangle(4, 5, 6, 0),
	gsSP1Triangle(4, 6, 7, 0),
	gsSP1Triangle(8, 9, 10, 0),
	gsSP1Triangle(8, 10, 11, 0),
	gsSP1Triangle(12, 13, 14, 0),
	gsSP1Triangle(12, 14, 15, 0),
	gsSPVertex(jrb_dl_Cube_040_mesh_layer_1_vtx_0 + 64, 16, 0),
	gsSP1Triangle(0, 1, 2, 0),
	gsSP1Triangle(0, 2, 3, 0),
	gsSP1Triangle(4, 5, 6, 0),
	gsSP1Triangle(4, 6, 7, 0),
	gsSP1Triangle(8, 9, 10, 0),
	gsSP1Triangle(8, 10, 11, 0),
	gsSP1Triangle(12, 13, 14, 0),
	gsSP1Triangle(12, 14, 15, 0),
	gsSPVertex(jrb_dl_Cube_040_mesh_layer_1_vtx_0 + 80, 16, 0),
	gsSP1Triangle(0, 1, 2, 0),
	gsSP1Triangle(0, 2, 3, 0),
	gsSP1Triangle(4, 5, 6, 0),
	gsSP1Triangle(4, 6, 7, 0),
	gsSP1Triangle(8, 9, 10, 0),
	gsSP1Triangle(8, 10, 11, 0),
	gsSP1Triangle(12, 13, 14, 0),
	gsSP1Triangle(12, 14, 15, 0),
	gsSPVertex(jrb_dl_Cube_040_mesh_layer_1_vtx_0 + 96, 16, 0),
	gsSP1Triangle(0, 1, 2, 0),
	gsSP1Triangle(0, 2, 3, 0),
	gsSP1Triangle(4, 5, 6, 0),
	gsSP1Triangle(4, 6, 7, 0),
	gsSP1Triangle(8, 9, 10, 0),
	gsSP1Triangle(8, 10, 11, 0),
	gsSP1Triangle(12, 13, 14, 0),
	gsSP1Triangle(12, 14, 15, 0),
	gsSPVertex(jrb_dl_Cube_040_mesh_layer_1_vtx_0 + 112, 8, 0),
	gsSP1Triangle(0, 1, 2, 0),
	gsSP1Triangle(0, 2, 3, 0),
	gsSP1Triangle(4, 5, 6, 0),
	gsSP1Triangle(4, 6, 7, 0),
	gsSPEndDisplayList(),
};

Vtx jrb_dl_Cube_041_mesh_layer_1_vtx_0[419] = {
	{{{-592, 371, 1548},0, {624, 1008},{0xA5, 0xA5, 0xA5, 0xFF}}},
	{{{-592, 351, 1947},0, {368, 1008},{0xA5, 0xA5, 0xA5, 0xFF}}},
	{{{-592, 371, 1947},0, {624, 1008},{0xA5, 0xA5, 0xA5, 0xFF}}},
	{{{-592, 351, 1548},0, {368, 1008},{0xA5, 0xA5, 0xA5, 0xFF}}},
	{{{-592, -44, 955},0, {624, 1008},{0xA5, 0xA5, 0xA5, 0xFF}}},
	{{{-592, -64, 955},0, {368, 1008},{0xA5, 0xA5, 0xA5, 0xFF}}},
	{{{-592, -44, 457},0, {624, 932},{0xA5, 0xA5, 0xA5, 0xFF}}},
	{{{-592, -64, 457},0, {368, 932},{0xA5, 0xA5, 0xA5, 0xFF}}},
	{{{-592, -142, 51},0, {624, 870},{0xA5, 0xA5, 0xA5, 0xFF}}},
	{{{-592, -162, 51},0, {368, 870},{0xA5, 0xA5, 0xA5, 0xFF}}},
	{{{-592, -142, -724},0, {624, 752},{0xA5, 0xA5, 0xA5, 0xFF}}},
	{{{-592, -162, -724},0, {368, 752},{0xA5, 0xA5, 0xA5, 0xFF}}},
	{{{100, -142, -724},0, {624, 496},{0xA5, 0xA5, 0xA5, 0xFF}}},
	{{{100, -162, -724},0, {368, 496},{0xA5, 0xA5, 0xA5, 0xFF}}},
	{{{100, -142, 51},0, {624, 378},{0xA5, 0xA5, 0xA5, 0xFF}}},
	{{{75, -142, -699},0, {633, 490},{0xFF, 0xFF, 0xFF, 0xFF}}},
	{{{-567, -142, -699},0, {871, 490},{0xFF, 0xFF, 0xFF, 0xFF}}},
	{{{75, -142, -699},0, {633, 490},{0xFF, 0xFF, 0xFF, 0xFF}}},
	{{{100, -142, -724},0, {624, 496},{0xA5, 0xA5, 0xA5, 0xFF}}},
	{{{-592, -142, -724},0, {880, 496},{0xA5, 0xA5, 0xA5, 0xFF}}},
	{{{-567, -142, 64},0, {871, 375},{0xFF, 0xFF, 0xFF, 0xFF}}},
	{{{-592, -142, 51},0, {880, 378},{0xA5, 0xA5, 0xA5, 0xFF}}},
	{{{-567, -44, 465},0, {871, 314},{0xFF, 0xFF, 0xFF, 0xFF}}},
	{{{-592, -44, 457},0, {880, 316},{0xA5, 0xA5, 0xA5, 0xFF}}},
	{{{-567, -44, 955},0, {871, 240},{0xFF, 0xFF, 0xFF, 0xFF}}},
	{{{-592, -44, 955},0, {880, 240},{0xA5, 0xA5, 0xA5, 0xFF}}},
	{{{-567, 371, 1548},0, {871, 240},{0xFF, 0xFF, 0xFF, 0xFF}}},
	{{{-592, 371, 1548},0, {880, 240},{0xA5, 0xA5, 0xA5, 0xFF}}},
	{{{-567, 371, 1922},0, {871, 240},{0xFF, 0xFF, 0xFF, 0xFF}}},
	{{{-592, 371, 1947},0, {880, 240},{0xA5, 0xA5, 0xA5, 0xFF}}},
	{{{75, 371, 1922},0, {633, 240},{0xFF, 0xFF, 0xFF, 0xFF}}},
	{{{100, 371, 1947},0, {624, 240},{0xA5, 0xA5, 0xA5, 0xFF}}},
	{{{75, 371, 1548},0, {633, 240},{0xFF, 0xFF, 0xFF, 0xFF}}},
	{{{75, 371, 1922},0, {633, 240},{0xFF, 0xFF, 0xFF, 0xFF}}},
	{{{100, 371, 1947},0, {624, 240},{0xA5, 0xA5, 0xA5, 0xFF}}},
	{{{100, 371, 1548},0, {624, 240},{0xA5, 0xA5, 0xA5, 0xFF}}},
	{{{100, 351, 1548},0, {368, 240},{0xA5, 0xA5, 0xA5, 0xFF}}},
	{{{100, 351, 1947},0, {368, 240},{0xA5, 0xA5, 0xA5, 0xFF}}},
	{{{-592, 371, 1947},0, {624, -16},{0xA5, 0xA5, 0xA5, 0xFF}}},
	{{{-592, 351, 1947},0, {368, -16},{0xA5, 0xA5, 0xA5, 0xFF}}},
	{{{75, 351, 1922},0, {359, 240},{0xFF, 0xFF, 0xFF, 0xFF}}},
	{{{75, 351, 1548},0, {359, 240},{0xFF, 0xFF, 0xFF, 0xFF}}},
	{{{100, -64, 955},0, {368, 240},{0xA5, 0xA5, 0xA5, 0xFF}}},
	{{{75, -64, 955},0, {359, 240},{0xFF, 0xFF, 0xFF, 0xFF}}},
	{{{100, -64, 457},0, {368, 316},{0xA5, 0xA5, 0xA5, 0xFF}}},
	{{{75, -64, 465},0, {359, 314},{0xFF, 0xFF, 0xFF, 0xFF}}},
	{{{100, -162, 51},0, {368, 378},{0xA5, 0xA5, 0xA5, 0xFF}}},
	{{{75, -162, 64},0, {359, 375},{0xFF, 0xFF, 0xFF, 0xFF}}},
	{{{75, -162, 64},0, {359, 375},{0xFF, 0xFF, 0xFF, 0xFF}}},
	{{{100, -162, -724},0, {368, 496},{0xA5, 0xA5, 0xA5, 0xFF}}},
	{{{100, -162, 51},0, {368, 378},{0xA5, 0xA5, 0xA5, 0xFF}}},
	{{{75, -162, -699},0, {359, 490},{0xFF, 0xFF, 0xFF, 0xFF}}},
	{{{-592, -162, -724},0, {112, 496},{0xA5, 0xA5, 0xA5, 0xFF}}},
	{{{-567, -162, -699},0, {121, 490},{0xFF, 0xFF, 0xFF, 0xFF}}},
	{{{-592, -162, 51},0, {112, 378},{0xA5, 0xA5, 0xA5, 0xFF}}},
	{{{-567, -162, 64},0, {121, 375},{0xFF, 0xFF, 0xFF, 0xFF}}},
	{{{-592, -64, 457},0, {112, 316},{0xA5, 0xA5, 0xA5, 0xFF}}},
	{{{-567, -64, 465},0, {121, 314},{0xFF, 0xFF, 0xFF, 0xFF}}},
	{{{-592, -64, 955},0, {112, 240},{0xA5, 0xA5, 0xA5, 0xFF}}},
	{{{-567, -64, 955},0, {121, 240},{0xFF, 0xFF, 0xFF, 0xFF}}},
	{{{-592, 351, 1548},0, {112, 240},{0xA5, 0xA5, 0xA5, 0xFF}}},
	{{{-567, 351, 1548},0, {121, 240},{0xFF, 0xFF, 0xFF, 0xFF}}},
	{{{-592, 351, 1947},0, {112, 240},{0xA5, 0xA5, 0xA5, 0xFF}}},
	{{{-567, 351, 1922},0, {121, 240},{0xFF, 0xFF, 0xFF, 0xFF}}},
	{{{-567, 351, 1922},0, {121, 240},{0xFF, 0xFF, 0xFF, 0xFF}}},
	{{{100, 351, 1947},0, {368, 240},{0xA5, 0xA5, 0xA5, 0xFF}}},
	{{{-592, 351, 1947},0, {112, 240},{0xA5, 0xA5, 0xA5, 0xFF}}},
	{{{75, 351, 1922},0, {359, 240},{0xFF, 0xFF, 0xFF, 0xFF}}},
	{{{100, -162, -724},0, {368, 496},{0xA5, 0xA5, 0xA5, 0xFF}}},
	{{{100, -142, 51},0, {624, 378},{0xA5, 0xA5, 0xA5, 0xFF}}},
	{{{100, -162, 51},0, {368, 378},{0xA5, 0xA5, 0xA5, 0xFF}}},
	{{{100, -44, 457},0, {624, 316},{0xA5, 0xA5, 0xA5, 0xFF}}},
	{{{75, -142, 64},0, {633, 375},{0xFF, 0xFF, 0xFF, 0xFF}}},
	{{{75, -142, -699},0, {633, 490},{0xFF, 0xFF, 0xFF, 0xFF}}},
	{{{75, -44, 465},0, {633, 314},{0xFF, 0xFF, 0xFF, 0xFF}}},
	{{{100, -44, 955},0, {624, 240},{0xA5, 0xA5, 0xA5, 0xFF}}},
	{{{75, -44, 955},0, {633, 240},{0xFF, 0xFF, 0xFF, 0xFF}}},
	{{{100, 371, 1548},0, {624, 240},{0xA5, 0xA5, 0xA5, 0xFF}}},
	{{{75, 371, 1548},0, {633, 240},{0xFF, 0xFF, 0xFF, 0xFF}}},
	{{{100, -64, 955},0, {368, 240},{0xA5, 0xA5, 0xA5, 0xFF}}},
	{{{100, -64, 457},0, {368, 316},{0xA5, 0xA5, 0xA5, 0xFF}}},
	{{{100, -44, 955},0, {624, 240},{0xA5, 0xA5, 0xA5, 0xFF}}},
	{{{100, -64, 955},0, {368, 240},{0xA5, 0xA5, 0xA5, 0xFF}}},
	{{{100, -44, 457},0, {624, 316},{0xA5, 0xA5, 0xA5, 0xFF}}},
	{{{100, -162, 51},0, {368, 378},{0xA5, 0xA5, 0xA5, 0xFF}}},
	{{{100, 371, 1548},0, {624, 240},{0xA5, 0xA5, 0xA5, 0xFF}}},
	{{{100, 351, 1548},0, {368, 240},{0xA5, 0xA5, 0xA5, 0xFF}}},
	{{{-930, 677, 1551},0, {624, 1008},{0xA5, 0xA5, 0xA5, 0xFF}}},
	{{{-950, 677, 1551},0, {368, 1008},{0xA5, 0xA5, 0xA5, 0xFF}}},
	{{{-950, 677, 1949},0, {368, 1008},{0xA5, 0xA5, 0xA5, 0xFF}}},
	{{{-930, 677, 1949},0, {624, 1008},{0xA5, 0xA5, 0xA5, 0xFF}}},
	{{{-950, 152, 1949},0, {368, 240},{0xA5, 0xA5, 0xA5, 0xFF}}},
	{{{-930, 677, 1949},0, {624, -16},{0xA5, 0xA5, 0xA5, 0xFF}}},
	{{{-950, 677, 1949},0, {368, -16},{0xA5, 0xA5, 0xA5, 0xFF}}},
	{{{-930, 152, 1949},0, {624, 240},{0xA5, 0xA5, 0xA5, 0xFF}}},
	{{{-950, 152, 1551},0, {368, 240},{0xA5, 0xA5, 0xA5, 0xFF}}},
	{{{-950, 177, 1924},0, {356, 240},{0xFF, 0xFF, 0xFF, 0xFF}}},
	{{{-950, 152, 1551},0, {368, 240},{0xA5, 0xA5, 0xA5, 0xFF}}},
	{{{-950, 152, 1949},0, {368, 240},{0xA5, 0xA5, 0xA5, 0xFF}}},
	{{{-950, 652, 1924},0, {124, 240},{0xFF, 0xFF, 0xFF, 0xFF}}},
	{{{-950, 677, 1949},0, {112, 240},{0xA5, 0xA5, 0xA5, 0xFF}}},
	{{{-950, 652, 1576},0, {124, 240},{0xFF, 0xFF, 0xFF, 0xFF}}},
	{{{-950, 677, 1551},0, {112, 240},{0xA5, 0xA5, 0xA5, 0xFF}}},
	{{{-950, 177, 1576},0, {356, 240},{0xFF, 0xFF, 0xFF, 0xFF}}},
	{{{-930, 152, 1551},0, {624, 240},{0xA5, 0xA5, 0xA5, 0xFF}}},
	{{{-930, 677, 1551},0, {880, 240},{0xA5, 0xA5, 0xA5, 0xFF}}},
	{{{-930, 652, 1576},0, {868, 240},{0xFF, 0xFF, 0xFF, 0xFF}}},
	{{{-930, 652, 1924},0, {868, 240},{0xFF, 0xFF, 0xFF, 0xFF}}},
	{{{-930, 677, 1949},0, {880, 240},{0xA5, 0xA5, 0xA5, 0xFF}}},
	{{{-930, 177, 1924},0, {636, 240},{0xFF, 0xFF, 0xFF, 0xFF}}},
	{{{-930, 152, 1949},0, {624, 240},{0xA5, 0xA5, 0xA5, 0xFF}}},
	{{{-930, 177, 1576},0, {636, 240},{0xFF, 0xFF, 0xFF, 0xFF}}},
	{{{-378, 995, 2101},0, {624, 1008},{0xA5, 0xA5, 0xA5, 0xFF}}},
	{{{-392, 995, 2115},0, {368, 1008},{0xA5, 0xA5, 0xA5, 0xFF}}},
	{{{-111, 995, 2397},0, {368, 1008},{0xA5, 0xA5, 0xA5, 0xFF}}},
	{{{-97, 995, 2382},0, {624, 1008},{0xA5, 0xA5, 0xA5, 0xFF}}},
	{{{-111, 625, 2397},0, {368, 240},{0xA5, 0xA5, 0xA5, 0xFF}}},
	{{{-97, 995, 2382},0, {624, -16},{0xA5, 0xA5, 0xA5, 0xFF}}},
	{{{-111, 995, 2397},0, {368, -16},{0xA5, 0xA5, 0xA5, 0xFF}}},
	{{{-97, 625, 2382},0, {624, 240},{0xA5, 0xA5, 0xA5, 0xFF}}},
	{{{-392, 625, 2115},0, {368, 240},{0xA5, 0xA5, 0xA5, 0xFF}}},
	{{{-129, 650, 2379},0, {351, 240},{0xFF, 0xFF, 0xFF, 0xFF}}},
	{{{-129, 970, 2379},0, {129, 240},{0xFF, 0xFF, 0xFF, 0xFF}}},
	{{{-111, 995, 2397},0, {112, 240},{0xA5, 0xA5, 0xA5, 0xFF}}},
	{{{-375, 970, 2133},0, {129, 240},{0xFF, 0xFF, 0xFF, 0xFF}}},
	{{{-392, 995, 2115},0, {112, 240},{0xA5, 0xA5, 0xA5, 0xFF}}},
	{{{-375, 650, 2133},0, {351, 240},{0xFF, 0xFF, 0xFF, 0xFF}}},
	{{{-378, 625, 2101},0, {624, 240},{0xA5, 0xA5, 0xA5, 0xFF}}},
	{{{-392, 995, 2115},0, {112, 240},{0xA5, 0xA5, 0xA5, 0xFF}}},
	{{{-378, 995, 2101},0, {880, 240},{0xA5, 0xA5, 0xA5, 0xFF}}},
	{{{-378, 625, 2101},0, {624, 240},{0xA5, 0xA5, 0xA5, 0xFF}}},
	{{{-361, 970, 2119},0, {863, 240},{0xFF, 0xFF, 0xFF, 0xFF}}},
	{{{-114, 970, 2365},0, {863, 240},{0xFF, 0xFF, 0xFF, 0xFF}}},
	{{{-97, 995, 2382},0, {880, 240},{0xA5, 0xA5, 0xA5, 0xFF}}},
	{{{-114, 650, 2365},0, {641, 240},{0xFF, 0xFF, 0xFF, 0xFF}}},
	{{{-97, 625, 2382},0, {624, 240},{0xA5, 0xA5, 0xA5, 0xFF}}},
	{{{-361, 650, 2119},0, {641, 240},{0xFF, 0xFF, 0xFF, 0xFF}}},
	{{{-392, 625, 2115},0, {368, 240},{0xA5, 0xA5, 0xA5, 0xFF}}},
	{{{-129, 650, 2379},0, {351, 240},{0xFF, 0xFF, 0xFF, 0xFF}}},
	{{{-375, 650, 2133},0, {351, 240},{0xFF, 0xFF, 0xFF, 0xFF}}},
	{{{-592, -110, 1548},0, {624, 1008},{0xA5, 0xA5, 0xA5, 0xFF}}},
	{{{-592, -130, 1548},0, {368, 1008},{0xA5, 0xA5, 0xA5, 0xFF}}},
	{{{-592, -130, 1947},0, {368, 1008},{0xA5, 0xA5, 0xA5, 0xFF}}},
	{{{-592, -110, 1947},0, {624, 1008},{0xA5, 0xA5, 0xA5, 0xFF}}},
	{{{100, -130, 1947},0, {368, 240},{0xA5, 0xA5, 0xA5, 0xFF}}},
	{{{-592, -110, 1947},0, {624, -16},{0xA5, 0xA5, 0xA5, 0xFF}}},
	{{{-592, -130, 1947},0, {368, -16},{0xA5, 0xA5, 0xA5, 0xFF}}},
	{{{100, -110, 1947},0, {624, 240},{0xA5, 0xA5, 0xA5, 0xFF}}},
	{{{100, -130, 1548},0, {368, 240},{0xA5, 0xA5, 0xA5, 0xFF}}},
	{{{75, -130, 1922},0, {359, 240},{0xFF, 0xFF, 0xFF, 0xFF}}},
	{{{-567, -130, 1922},0, {121, 240},{0xFF, 0xFF, 0xFF, 0xFF}}},
	{{{-592, -130, 1947},0, {112, 240},{0xA5, 0xA5, 0xA5, 0xFF}}},
	{{{-567, -130, 1573},0, {121, 240},{0xFF, 0xFF, 0xFF, 0xFF}}},
	{{{-592, -130, 1548},0, {112, 240},{0xA5, 0xA5, 0xA5, 0xFF}}},
	{{{75, -130, 1573},0, {359, 240},{0xFF, 0xFF, 0xFF, 0xFF}}},
	{{{100, -110, 1548},0, {624, 240},{0xA5, 0xA5, 0xA5, 0xFF}}},
	{{{-592, -110, 1548},0, {880, 240},{0xA5, 0xA5, 0xA5, 0xFF}}},
	{{{-567, -110, 1573},0, {871, 240},{0xFF, 0xFF, 0xFF, 0xFF}}},
	{{{-567, -110, 1922},0, {871, 240},{0xFF, 0xFF, 0xFF, 0xFF}}},
	{{{-592, -110, 1947},0, {880, 240},{0xA5, 0xA5, 0xA5, 0xFF}}},
	{{{75, -110, 1922},0, {633, 240},{0xFF, 0xFF, 0xFF, 0xFF}}},
	{{{-567, -110, 1922},0, {871, 240},{0xFF, 0xFF, 0xFF, 0xFF}}},
	{{{-592, -110, 1947},0, {880, 240},{0xA5, 0xA5, 0xA5, 0xFF}}},
	{{{100, -110, 1947},0, {624, 240},{0xA5, 0xA5, 0xA5, 0xFF}}},
	{{{75, -110, 1573},0, {633, 240},{0xFF, 0xFF, 0xFF, 0xFF}}},
	{{{100, -110, 1548},0, {624, 240},{0xA5, 0xA5, 0xA5, 0xFF}}},
	{{{100, -130, 1548},0, {368, 240},{0xA5, 0xA5, 0xA5, 0xFF}}},
	{{{-567, -110, 1573},0, {871, 240},{0xFF, 0xFF, 0xFF, 0xFF}}},
	{{{75, -130, 1922},0, {359, 240},{0xFF, 0xFF, 0xFF, 0xFF}}},
	{{{75, -130, 1573},0, {359, 240},{0xFF, 0xFF, 0xFF, 0xFF}}},
	{{{124, 944, 1987},0, {624, 1008},{0xA5, 0xA5, 0xA5, 0xFF}}},
	{{{124, 924, 1987},0, {368, 1008},{0xA5, 0xA5, 0xA5, 0xFF}}},
	{{{124, 924, 2497},0, {368, 1008},{0xA5, 0xA5, 0xA5, 0xFF}}},
	{{{124, 944, 2497},0, {624, 1008},{0xA5, 0xA5, 0xA5, 0xFF}}},
	{{{815, 924, 2497},0, {368, 240},{0xA5, 0xA5, 0xA5, 0xFF}}},
	{{{124, 944, 2497},0, {624, -16},{0xA5, 0xA5, 0xA5, 0xFF}}},
	{{{124, 924, 2497},0, {368, -16},{0xA5, 0xA5, 0xA5, 0xFF}}},
	{{{815, 944, 2497},0, {624, 240},{0xA5, 0xA5, 0xA5, 0xFF}}},
	{{{815, 924, 1987},0, {368, 240},{0xA5, 0xA5, 0xA5, 0xFF}}},
	{{{790, 924, 2472},0, {359, 240},{0xFF, 0xFF, 0xFF, 0xFF}}},
	{{{149, 924, 2472},0, {121, 240},{0xFF, 0xFF, 0xFF, 0xFF}}},
	{{{124, 924, 2497},0, {112, 240},{0xA5, 0xA5, 0xA5, 0xFF}}},
	{{{149, 924, 2012},0, {121, 240},{0xFF, 0xFF, 0xFF, 0xFF}}},
	{{{124, 924, 1987},0, {112, 240},{0xA5, 0xA5, 0xA5, 0xFF}}},
	{{{790, 924, 2012},0, {359, 240},{0xFF, 0xFF, 0xFF, 0xFF}}},
	{{{815, 944, 1987},0, {624, 240},{0xA5, 0xA5, 0xA5, 0xFF}}},
	{{{124, 944, 1987},0, {880, 240},{0xA5, 0xA5, 0xA5, 0xFF}}},
	{{{149, 944, 2012},0, {871, 240},{0xFF, 0xFF, 0xFF, 0xFF}}},
	{{{149, 944, 2472},0, {871, 240},{0xFF, 0xFF, 0xFF, 0xFF}}},
	{{{124, 944, 2497},0, {880, 240},{0xA5, 0xA5, 0xA5, 0xFF}}},
	{{{790, 944, 2472},0, {633, 240},{0xFF, 0xFF, 0xFF, 0xFF}}},
	{{{149, 944, 2472},0, {871, 240},{0xFF, 0xFF, 0xFF, 0xFF}}},
	{{{124, 944, 2497},0, {880, 240},{0xA5, 0xA5, 0xA5, 0xFF}}},
	{{{815, 944, 2497},0, {624, 240},{0xA5, 0xA5, 0xA5, 0xFF}}},
	{{{790, 944, 2012},0, {633, 240},{0xFF, 0xFF, 0xFF, 0xFF}}},
	{{{815, 944, 1987},0, {624, 240},{0xA5, 0xA5, 0xA5, 0xFF}}},
	{{{815, 924, 1987},0, {368, 240},{0xA5, 0xA5, 0xA5, 0xFF}}},
	{{{149, 944, 2012},0, {871, 240},{0xFF, 0xFF, 0xFF, 0xFF}}},
	{{{790, 924, 2472},0, {359, 240},{0xFF, 0xFF, 0xFF, 0xFF}}},
	{{{790, 924, 2012},0, {359, 240},{0xFF, 0xFF, 0xFF, 0xFF}}},
	{{{124, 1243, 2984},0, {624, 1008},{0xA5, 0xA5, 0xA5, 0xFF}}},
	{{{124, 1223, 2984},0, {368, 1008},{0xA5, 0xA5, 0xA5, 0xFF}}},
	{{{124, 1223, 3494},0, {368, 1008},{0xA5, 0xA5, 0xA5, 0xFF}}},
	{{{124, 1243, 3494},0, {624, 1008},{0xA5, 0xA5, 0xA5, 0xFF}}},
	{{{815, 1223, 3494},0, {368, 240},{0xA5, 0xA5, 0xA5, 0xFF}}},
	{{{124, 1243, 3494},0, {624, -16},{0xA5, 0xA5, 0xA5, 0xFF}}},
	{{{124, 1223, 3494},0, {368, -16},{0xA5, 0xA5, 0xA5, 0xFF}}},
	{{{815, 1243, 3494},0, {624, 240},{0xA5, 0xA5, 0xA5, 0xFF}}},
	{{{815, 1223, 2984},0, {368, 240},{0xA5, 0xA5, 0xA5, 0xFF}}},
	{{{790, 1223, 3469},0, {359, 240},{0xFF, 0xFF, 0xFF, 0xFF}}},
	{{{149, 1223, 3469},0, {121, 240},{0xFF, 0xFF, 0xFF, 0xFF}}},
	{{{124, 1223, 3494},0, {112, 240},{0xA5, 0xA5, 0xA5, 0xFF}}},
	{{{149, 1223, 3009},0, {121, 240},{0xFF, 0xFF, 0xFF, 0xFF}}},
	{{{124, 1223, 2984},0, {112, 240},{0xA5, 0xA5, 0xA5, 0xFF}}},
	{{{790, 1223, 3009},0, {359, 240},{0xFF, 0xFF, 0xFF, 0xFF}}},
	{{{815, 1243, 2984},0, {624, 240},{0xA5, 0xA5, 0xA5, 0xFF}}},
	{{{124, 1243, 2984},0, {880, 240},{0xA5, 0xA5, 0xA5, 0xFF}}},
	{{{149, 1243, 3009},0, {871, 240},{0xFF, 0xFF, 0xFF, 0xFF}}},
	{{{149, 1243, 3469},0, {871, 240},{0xFF, 0xFF, 0xFF, 0xFF}}},
	{{{124, 1243, 3494},0, {880, 240},{0xA5, 0xA5, 0xA5, 0xFF}}},
	{{{790, 1243, 3469},0, {633, 240},{0xFF, 0xFF, 0xFF, 0xFF}}},
	{{{149, 1243, 3469},0, {871, 240},{0xFF, 0xFF, 0xFF, 0xFF}}},
	{{{124, 1243, 3494},0, {880, 240},{0xA5, 0xA5, 0xA5, 0xFF}}},
	{{{815, 1243, 3494},0, {624, 240},{0xA5, 0xA5, 0xA5, 0xFF}}},
	{{{790, 1243, 3009},0, {633, 240},{0xFF, 0xFF, 0xFF, 0xFF}}},
	{{{815, 1243, 2984},0, {624, 240},{0xA5, 0xA5, 0xA5, 0xFF}}},
	{{{815, 1223, 2984},0, {368, 240},{0xA5, 0xA5, 0xA5, 0xFF}}},
	{{{149, 1243, 3009},0, {871, 240},{0xFF, 0xFF, 0xFF, 0xFF}}},
	{{{790, 1223, 3469},0, {359, 240},{0xFF, 0xFF, 0xFF, 0xFF}}},
	{{{790, 1223, 3009},0, {359, 240},{0xFF, 0xFF, 0xFF, 0xFF}}},
	{{{297, 391, 7250},0, {624, 1008},{0xA5, 0xA5, 0xA5, 0xFF}}},
	{{{297, 371, 7250},0, {368, 1008},{0xA5, 0xA5, 0xA5, 0xFF}}},
	{{{624, 371, 7250},0, {368, 1008},{0xA5, 0xA5, 0xA5, 0xFF}}},
	{{{624, 391, 7250},0, {624, 1008},{0xA5, 0xA5, 0xA5, 0xFF}}},
	{{{624, 371, 6904},0, {368, 240},{0xA5, 0xA5, 0xA5, 0xFF}}},
	{{{624, 391, 7250},0, {624, -16},{0xA5, 0xA5, 0xA5, 0xFF}}},
	{{{624, 371, 7250},0, {368, -16},{0xA5, 0xA5, 0xA5, 0xFF}}},
	{{{624, 391, 6904},0, {624, 240},{0xA5, 0xA5, 0xA5, 0xFF}}},
	{{{297, 371, 6904},0, {368, 240},{0xA5, 0xA5, 0xA5, 0xFF}}},
	{{{604, 371, 6917},0, {359, 240},{0xFF, 0xFF, 0xFF, 0xFF}}},
	{{{604, 371, 7237},0, {121, 240},{0xFF, 0xFF, 0xFF, 0xFF}}},
	{{{624, 371, 7250},0, {112, 240},{0xA5, 0xA5, 0xA5, 0xFF}}},
	{{{318, 371, 7237},0, {121, 240},{0xFF, 0xFF, 0xFF, 0xFF}}},
	{{{297, 371, 7250},0, {112, 240},{0xA5, 0xA5, 0xA5, 0xFF}}},
	{{{318, 371, 6917},0, {359, 240},{0xFF, 0xFF, 0xFF, 0xFF}}},
	{{{297, 391, 6904},0, {624, 240},{0xA5, 0xA5, 0xA5, 0xFF}}},
	{{{297, 391, 7250},0, {880, 240},{0xA5, 0xA5, 0xA5, 0xFF}}},
	{{{318, 391, 7237},0, {871, 240},{0xFF, 0xFF, 0xFF, 0xFF}}},
	{{{604, 391, 7237},0, {871, 240},{0xFF, 0xFF, 0xFF, 0xFF}}},
	{{{624, 391, 7250},0, {880, 240},{0xA5, 0xA5, 0xA5, 0xFF}}},
	{{{604, 391, 6917},0, {633, 240},{0xFF, 0xFF, 0xFF, 0xFF}}},
	{{{604, 391, 7237},0, {871, 240},{0xFF, 0xFF, 0xFF, 0xFF}}},
	{{{624, 391, 7250},0, {880, 240},{0xA5, 0xA5, 0xA5, 0xFF}}},
	{{{624, 391, 6904},0, {624, 240},{0xA5, 0xA5, 0xA5, 0xFF}}},
	{{{318, 391, 6917},0, {633, 240},{0xFF, 0xFF, 0xFF, 0xFF}}},
	{{{297, 391, 6904},0, {624, 240},{0xA5, 0xA5, 0xA5, 0xFF}}},
	{{{297, 371, 6904},0, {368, 240},{0xA5, 0xA5, 0xA5, 0xFF}}},
	{{{318, 391, 7237},0, {871, 240},{0xFF, 0xFF, 0xFF, 0xFF}}},
	{{{604, 371, 6917},0, {359, 240},{0xFF, 0xFF, 0xFF, 0xFF}}},
	{{{318, 371, 6917},0, {359, 240},{0xFF, 0xFF, 0xFF, 0xFF}}},
	{{{666, 620, 4827},0, {624, 1008},{0xA5, 0xA5, 0xA5, 0xFF}}},
	{{{666, 600, 4827},0, {368, 1008},{0xA5, 0xA5, 0xA5, 0xFF}}},
	{{{268, 600, 4827},0, {368, 1008},{0xA5, 0xA5, 0xA5, 0xFF}}},
	{{{268, 620, 4827},0, {624, 1008},{0xA5, 0xA5, 0xA5, 0xFF}}},
	{{{268, 600, 5887},0, {368, 240},{0xA5, 0xA5, 0xA5, 0xFF}}},
	{{{268, 620, 4827},0, {624, -16},{0xA5, 0xA5, 0xA5, 0xFF}}},
	{{{268, 600, 4827},0, {368, -16},{0xA5, 0xA5, 0xA5, 0xFF}}},
	{{{268, 620, 5887},0, {624, 240},{0xA5, 0xA5, 0xA5, 0xFF}}},
	{{{666, 600, 5887},0, {368, 240},{0xA5, 0xA5, 0xA5, 0xFF}}},
	{{{293, 600, 5862},0, {359, 240},{0xFF, 0xFF, 0xFF, 0xFF}}},
	{{{293, 600, 4852},0, {121, 240},{0xFF, 0xFF, 0xFF, 0xFF}}},
	{{{268, 600, 4827},0, {112, 240},{0xA5, 0xA5, 0xA5, 0xFF}}},
	{{{641, 600, 5862},0, {359, 240},{0xFF, 0xFF, 0xFF, 0xFF}}},
	{{{666, 600, 4827},0, {112, 240},{0xA5, 0xA5, 0xA5, 0xFF}}},
	{{{641, 600, 4852},0, {121, 240},{0xFF, 0xFF, 0xFF, 0xFF}}},
	{{{666, 620, 5887},0, {624, 240},{0xA5, 0xA5, 0xA5, 0xFF}}},
	{{{666, 620, 4827},0, {880, 240},{0xA5, 0xA5, 0xA5, 0xFF}}},
	{{{641, 620, 4852},0, {871, 240},{0xFF, 0xFF, 0xFF, 0xFF}}},
	{{{293, 620, 4852},0, {871, 240},{0xFF, 0xFF, 0xFF, 0xFF}}},
	{{{268, 620, 4827},0, {880, 240},{0xA5, 0xA5, 0xA5, 0xFF}}},
	{{{293, 620, 5862},0, {633, 240},{0xFF, 0xFF, 0xFF, 0xFF}}},
	{{{293, 620, 4852},0, {871, 240},{0xFF, 0xFF, 0xFF, 0xFF}}},
	{{{268, 620, 4827},0, {880, 240},{0xA5, 0xA5, 0xA5, 0xFF}}},
	{{{268, 620, 5887},0, {624, 240},{0xA5, 0xA5, 0xA5, 0xFF}}},
	{{{641, 620, 5862},0, {633, 240},{0xFF, 0xFF, 0xFF, 0xFF}}},
	{{{666, 620, 5887},0, {624, 240},{0xA5, 0xA5, 0xA5, 0xFF}}},
	{{{666, 600, 5887},0, {368, 240},{0xA5, 0xA5, 0xA5, 0xFF}}},
	{{{641, 620, 4852},0, {871, 240},{0xFF, 0xFF, 0xFF, 0xFF}}},
	{{{-1856, -542, 2950},0, {624, 1008},{0xA5, 0xA5, 0xA5, 0xFF}}},
	{{{-1856, -562, 2950},0, {368, 1008},{0xA5, 0xA5, 0xA5, 0xFF}}},
	{{{-1856, -562, 3349},0, {368, 1008},{0xA5, 0xA5, 0xA5, 0xFF}}},
	{{{-1856, -542, 3349},0, {624, 1008},{0xA5, 0xA5, 0xA5, 0xFF}}},
	{{{-445, -562, 3349},0, {368, 184},{0xA5, 0xA5, 0xA5, 0xFF}}},
	{{{-1856, -542, 3349},0, {624, -16},{0xA5, 0xA5, 0xA5, 0xFF}}},
	{{{-1856, -562, 3349},0, {368, -16},{0xA5, 0xA5, 0xA5, 0xFF}}},
	{{{-445, -542, 3349},0, {624, 184},{0xA5, 0xA5, 0xA5, 0xFF}}},
	{{{-51, -562, 3349},0, {368, 240},{0xA5, 0xA5, 0xA5, 0xFF}}},
	{{{-445, -542, 3349},0, {624, 184},{0xA5, 0xA5, 0xA5, 0xFF}}},
	{{{-445, -562, 3349},0, {368, 184},{0xA5, 0xA5, 0xA5, 0xFF}}},
	{{{-51, -542, 3349},0, {624, 240},{0xA5, 0xA5, 0xA5, 0xFF}}},
	{{{-51, -562, 2950},0, {368, 240},{0xA5, 0xA5, 0xA5, 0xFF}}},
	{{{-76, -562, 3324},0, {359, 240},{0xFF, 0xFF, 0xFF, 0xFF}}},
	{{{-459, -562, 3324},0, {307, 240},{0xFF, 0xFF, 0xFF, 0xFF}}},
	{{{-445, -562, 3349},0, {312, 240},{0xA5, 0xA5, 0xA5, 0xFF}}},
	{{{-1831, -562, 3324},0, {121, 240},{0xFF, 0xFF, 0xFF, 0xFF}}},
	{{{-1856, -562, 3349},0, {112, 240},{0xA5, 0xA5, 0xA5, 0xFF}}},
	{{{-1831, -562, 2975},0, {-7742, 4592},{0xFF, 0xFF, 0xFF, 0xFF}}},
	{{{-1856, -562, 2950},0, {112, 240},{0xA5, 0xA5, 0xA5, 0xFF}}},
	{{{-76, -562, 2975},0, {359, 240},{0xFF, 0xFF, 0xFF, 0xFF}}},
	{{{-76, -562, 2270},0, {359, 240},{0xFF, 0xFF, 0xFF, 0xFF}}},
	{{{-51, -562, 2245},0, {368, 240},{0xA5, 0xA5, 0xA5, 0xFF}}},
	{{{-480, -562, 2245},0, {312, 240},{0xA5, 0xA5, 0xA5, 0xFF}}},
	{{{-76, -562, 2270},0, {359, 240},{0xFF, 0xFF, 0xFF, 0xFF}}},
	{{{-459, -562, 2270},0, {307, 240},{0xFF, 0xFF, 0xFF, 0xFF}}},
	{{{-480, -562, 2245},0, {312, 240},{0xA5, 0xA5, 0xA5, 0xFF}}},
	{{{-459, -562, 2975},0, {307, 240},{0xFF, 0xFF, 0xFF, 0xFF}}},
	{{{-480, -562, 2950},0, {312, 240},{0xA5, 0xA5, 0xA5, 0xFF}}},
	{{{-1856, -562, 2950},0, {112, 240},{0xA5, 0xA5, 0xA5, 0xFF}}},
	{{{-1831, -562, 2975},0, {121, 240},{0xFF, 0xFF, 0xFF, 0xFF}}},
	{{{-480, -542, 2950},0, {680, 240},{0xA5, 0xA5, 0xA5, 0xFF}}},
	{{{-1856, -542, 2950},0, {880, 240},{0xA5, 0xA5, 0xA5, 0xFF}}},
	{{{-1831, -542, 2975},0, {871, 240},{0xFF, 0xFF, 0xFF, 0xFF}}},
	{{{-1831, -542, 3324},0, {871, 240},{0xFF, 0xFF, 0xFF, 0xFF}}},
	{{{-1856, -542, 3349},0, {880, 240},{0xA5, 0xA5, 0xA5, 0xFF}}},
	{{{-459, -542, 3324},0, {685, 240},{0xFF, 0xFF, 0xFF, 0xFF}}},
	{{{-445, -542, 3349},0, {680, 240},{0xA5, 0xA5, 0xA5, 0xFF}}},
	{{{-76, -542, 3324},0, {633, 240},{0xFF, 0xFF, 0xFF, 0xFF}}},
	{{{-51, -542, 3349},0, {624, 240},{0xA5, 0xA5, 0xA5, 0xFF}}},
	{{{-76, -542, 2975},0, {633, 240},{0xFF, 0xFF, 0xFF, 0xFF}}},
	{{{-76, -542, 3324},0, {633, 240},{0xFF, 0xFF, 0xFF, 0xFF}}},
	{{{-51, -542, 3349},0, {624, 240},{0xA5, 0xA5, 0xA5, 0xFF}}},
	{{{-51, -542, 2950},0, {624, 240},{0xA5, 0xA5, 0xA5, 0xFF}}},
	{{{-51, -562, 2950},0, {368, 240},{0xA5, 0xA5, 0xA5, 0xFF}}},
	{{{-51, -562, 2245},0, {368, 240},{0xA5, 0xA5, 0xA5, 0xFF}}},
	{{{-51, -542, 2245},0, {624, 240},{0xA5, 0xA5, 0xA5, 0xFF}}},
	{{{-480, -562, 2245},0, {312, 240},{0xA5, 0xA5, 0xA5, 0xFF}}},
	{{{-480, -542, 2245},0, {680, 240},{0xA5, 0xA5, 0xA5, 0xFF}}},
	{{{-480, -562, 2950},0, {312, 240},{0xA5, 0xA5, 0xA5, 0xFF}}},
	{{{-480, -542, 2950},0, {680, 240},{0xA5, 0xA5, 0xA5, 0xFF}}},
	{{{-459, -542, 2270},0, {685, 240},{0xFF, 0xFF, 0xFF, 0xFF}}},
	{{{-459, -542, 2975},0, {685, 240},{0xFF, 0xFF, 0xFF, 0xFF}}},
	{{{-1831, -542, 2975},0, {871, 240},{0xFF, 0xFF, 0xFF, 0xFF}}},
	{{{-76, -542, 2270},0, {633, 240},{0xFF, 0xFF, 0xFF, 0xFF}}},
	{{{-2008, -126, 5234},0, {-3600, -3277},{0xFF, 0xFF, 0xFF, 0xFF}}},
	{{{-1367, -126, 5234},0, {4592, -3277},{0xFF, 0xFF, 0xFF, 0xFF}}},
	{{{-1367, -126, 5267},0, {4592, -3600},{0xFF, 0xFF, 0xFF, 0xFF}}},
	{{{-2008, -126, 5267},0, {-3600, -3600},{0xFF, 0xFF, 0xFF, 0xFF}}},
	{{{-1367, -106, 5234},0, {-3600, -3277},{0xFF, 0xFF, 0xFF, 0xFF}}},
	{{{-2008, -106, 5234},0, {4592, -3277},{0xFF, 0xFF, 0xFF, 0xFF}}},
	{{{-2008, -106, 5267},0, {4592, -3600},{0xFF, 0xFF, 0xFF, 0xFF}}},
	{{{-1367, -106, 5267},0, {-3600, -3600},{0xFF, 0xFF, 0xFF, 0xFF}}},
	{{{-2008, -106, 5267},0, {871, 240},{0xFF, 0xFF, 0xFF, 0xFF}}},
	{{{-2033, -106, 5234},0, {880, 245},{0xA5, 0xA5, 0xA5, 0xFF}}},
	{{{-2033, -106, 5267},0, {880, 240},{0xA5, 0xA5, 0xA5, 0xFF}}},
	{{{-2008, -106, 5234},0, {871, 245},{0xFF, 0xFF, 0xFF, 0xFF}}},
	{{{-2033, -106, 4769},0, {880, 316},{0xA5, 0xA5, 0xA5, 0xFF}}},
	{{{-2008, -106, 4777},0, {871, 314},{0xFF, 0xFF, 0xFF, 0xFF}}},
	{{{-2033, 21, 4363},0, {880, 378},{0xA5, 0xA5, 0xA5, 0xFF}}},
	{{{-2008, 21, 4376},0, {871, 375},{0xFF, 0xFF, 0xFF, 0xFF}}},
	{{{-2008, 21, 4376},0, {871, 375},{0xFF, 0xFF, 0xFF, 0xFF}}},
	{{{-2033, 21, 3117},0, {880, 496},{0xA5, 0xA5, 0xA5, 0xFF}}},
	{{{-2033, 21, 4363},0, {880, 378},{0xA5, 0xA5, 0xA5, 0xFF}}},
	{{{-2008, 21, 3142},0, {871, 490},{0xFF, 0xFF, 0xFF, 0xFF}}},
	{{{-1342, 21, 3117},0, {624, 496},{0xA5, 0xA5, 0xA5, 0xFF}}},
	{{{-1367, 21, 3142},0, {633, 490},{0xFF, 0xFF, 0xFF, 0xFF}}},
	{{{-1342, 21, 4363},0, {624, 378},{0xA5, 0xA5, 0xA5, 0xFF}}},
	{{{-1367, 21, 4376},0, {633, 375},{0xFF, 0xFF, 0xFF, 0xFF}}},
	{{{-1342, -106, 4769},0, {624, 316},{0xA5, 0xA5, 0xA5, 0xFF}}},
	{{{-1367, -106, 4777},0, {633, 314},{0xFF, 0xFF, 0xFF, 0xFF}}},
	{{{-1342, -106, 5234},0, {624, 245},{0xA5, 0xA5, 0xA5, 0xFF}}},
	{{{-1367, -106, 5234},0, {633, 245},{0xFF, 0xFF, 0xFF, 0xFF}}},
	{{{-1342, -106, 5267},0, {624, 240},{0xA5, 0xA5, 0xA5, 0xFF}}},
	{{{-1367, -106, 5267},0, {633, 240},{0xFF, 0xFF, 0xFF, 0xFF}}},
	{{{-2008, -106, 5267},0, {4592, -3600},{0xFF, 0xFF, 0xFF, 0xFF}}},
	{{{-1367, -126, 5267},0, {4592, -3600},{0xFF, 0xFF, 0xFF, 0xFF}}},
	{{{-2008, -106, 5267},0, {4592, -3600},{0xFF, 0xFF, 0xFF, 0xFF}}},
	{{{-2033, -106, 5267},0, {880, 240},{0xA5, 0xA5, 0xA5, 0xFF}}},
	{{{-1367, -126, 5267},0, {4592, -3600},{0xFF, 0xFF, 0xFF, 0xFF}}},
	{{{-2008, -126, 5267},0, {121, 240},{0xFF, 0xFF, 0xFF, 0xFF}}},
	{{{-2033, -126, 5267},0, {112, 240},{0xA5, 0xA5, 0xA5, 0xFF}}},
	{{{-2008, -126, 5234},0, {121, 245},{0xFF, 0xFF, 0xFF, 0xFF}}},
	{{{-2033, -126, 5234},0, {112, 245},{0xA5, 0xA5, 0xA5, 0xFF}}},
	{{{-2008, -126, 4777},0, {121, 314},{0xFF, 0xFF, 0xFF, 0xFF}}},
	{{{-2033, -126, 4769},0, {112, 316},{0xA5, 0xA5, 0xA5, 0xFF}}},
	{{{-2008, 1, 4376},0, {121, 375},{0xFF, 0xFF, 0xFF, 0xFF}}},
	{{{-2033, 1, 4363},0, {112, 378},{0xA5, 0xA5, 0xA5, 0xFF}}},
	{{{-2008, 1, 3142},0, {121, 490},{0xFF, 0xFF, 0xFF, 0xFF}}},
	{{{-2033, 1, 3117},0, {112, 496},{0xA5, 0xA5, 0xA5, 0xFF}}},
	{{{-1367, 1, 3142},0, {359, 490},{0xFF, 0xFF, 0xFF, 0xFF}}},
	{{{-1342, 1, 3117},0, {368, 496},{0xA5, 0xA5, 0xA5, 0xFF}}},
	{{{-1367, 1, 4376},0, {359, 375},{0xFF, 0xFF, 0xFF, 0xFF}}},
	{{{-1367, 1, 4376},0, {359, 375},{0xFF, 0xFF, 0xFF, 0xFF}}},
	{{{-1342, 1, 3117},0, {368, 496},{0xA5, 0xA5, 0xA5, 0xFF}}},
	{{{-1342, 1, 4363},0, {368, 378},{0xA5, 0xA5, 0xA5, 0xFF}}},
	{{{-1342, 21, 4363},0, {624, 378},{0xA5, 0xA5, 0xA5, 0xFF}}},
	{{{-1342, 21, 3117},0, {624, 496},{0xA5, 0xA5, 0xA5, 0xFF}}},
	{{{-2033, 1, 3117},0, {368, 752},{0xA5, 0xA5, 0xA5, 0xFF}}},
	{{{-2033, 21, 3117},0, {624, 752},{0xA5, 0xA5, 0xA5, 0xFF}}},
	{{{-2033, 1, 4363},0, {368, 870},{0xA5, 0xA5, 0xA5, 0xFF}}},
	{{{-2033, 21, 4363},0, {624, 870},{0xA5, 0xA5, 0xA5, 0xFF}}},
	{{{-2033, -126, 4769},0, {368, 932},{0xA5, 0xA5, 0xA5, 0xFF}}},
	{{{-2033, -106, 4769},0, {624, 932},{0xA5, 0xA5, 0xA5, 0xFF}}},
	{{{-2033, -126, 5234},0, {368, 1003},{0xA5, 0xA5, 0xA5, 0xFF}}},
	{{{-2033, -106, 5234},0, {624, 1003},{0xA5, 0xA5, 0xA5, 0xFF}}},
	{{{-2033, -126, 5267},0, {368, 1008},{0xA5, 0xA5, 0xA5, 0xFF}}},
	{{{-2033, -106, 5267},0, {624, 1008},{0xA5, 0xA5, 0xA5, 0xFF}}},
	{{{-1342, -106, 4769},0, {624, 316},{0xA5, 0xA5, 0xA5, 0xFF}}},
	{{{-1342, 1, 4363},0, {368, 378},{0xA5, 0xA5, 0xA5, 0xFF}}},
	{{{-1342, -106, 4769},0, {624, 316},{0xA5, 0xA5, 0xA5, 0xFF}}},
	{{{-1342, -126, 4769},0, {368, 316},{0xA5, 0xA5, 0xA5, 0xFF}}},
	{{{-1342, -106, 5234},0, {624, 245},{0xA5, 0xA5, 0xA5, 0xFF}}},
	{{{-1342, -126, 5234},0, {368, 245},{0xA5, 0xA5, 0xA5, 0xFF}}},
	{{{-1342, -106, 5267},0, {624, 240},{0xA5, 0xA5, 0xA5, 0xFF}}},
	{{{-1342, -126, 5267},0, {368, 240},{0xA5, 0xA5, 0xA5, 0xFF}}},
	{{{-1367, -126, 5267},0, {4592, -3600},{0xFF, 0xFF, 0xFF, 0xFF}}},
	{{{-1367, -126, 5267},0, {359, 240},{0xFF, 0xFF, 0xFF, 0xFF}}},
	{{{-1367, -126, 5234},0, {359, 245},{0xFF, 0xFF, 0xFF, 0xFF}}},
	{{{-1367, -126, 4777},0, {359, 314},{0xFF, 0xFF, 0xFF, 0xFF}}},
	{{{-1367, 1, 4376},0, {359, 375},{0xFF, 0xFF, 0xFF, 0xFF}}},
};

Gfx jrb_dl_Cube_041_mesh_layer_1_tri_0[] = {
	gsSPVertex(jrb_dl_Cube_041_mesh_layer_1_vtx_0 + 0, 16, 0),
	gsSP1Triangle(0, 1, 2, 0),
	gsSP1Triangle(0, 3, 1, 0),
	gsSP1Triangle(4, 3, 0, 0),
	gsSP1Triangle(4, 5, 3, 0),
	gsSP1Triangle(5, 4, 6, 0),
	gsSP1Triangle(5, 6, 7, 0),
	gsSP1Triangle(7, 6, 8, 0),
	gsSP1Triangle(7, 8, 9, 0),
	gsSP1Triangle(9, 8, 10, 0),
	gsSP1Triangle(9, 10, 11, 0),
	gsSP1Triangle(11, 10, 12, 0),
	gsSP1Triangle(11, 12, 13, 0),
	gsSP1Triangle(13, 12, 14, 0),
	gsSP1Triangle(15, 14, 12, 0),
	gsSPVertex(jrb_dl_Cube_041_mesh_layer_1_vtx_0 + 16, 16, 0),
	gsSP1Triangle(0, 1, 2, 0),
	gsSP1Triangle(0, 2, 3, 0),
	gsSP1Triangle(4, 0, 3, 0),
	gsSP1Triangle(4, 3, 5, 0),
	gsSP1Triangle(6, 4, 5, 0),
	gsSP1Triangle(6, 5, 7, 0),
	gsSP1Triangle(8, 6, 7, 0),
	gsSP1Triangle(8, 7, 9, 0),
	gsSP1Triangle(10, 8, 9, 0),
	gsSP1Triangle(10, 9, 11, 0),
	gsSP1Triangle(12, 10, 11, 0),
	gsSP1Triangle(12, 11, 13, 0),
	gsSP1Triangle(14, 12, 13, 0),
	gsSP1Triangle(14, 13, 15, 0),
	gsSPVertex(jrb_dl_Cube_041_mesh_layer_1_vtx_0 + 32, 16, 0),
	gsSP1Triangle(0, 1, 2, 0),
	gsSP1Triangle(0, 2, 3, 0),
	gsSP1Triangle(4, 3, 2, 0),
	gsSP1Triangle(4, 2, 5, 0),
	gsSP1Triangle(5, 2, 6, 0),
	gsSP1Triangle(5, 6, 7, 0),
	gsSP1Triangle(8, 4, 5, 0),
	gsSP1Triangle(8, 9, 4, 0),
	gsSP1Triangle(9, 10, 4, 0),
	gsSP1Triangle(9, 11, 10, 0),
	gsSP1Triangle(11, 12, 10, 0),
	gsSP1Triangle(11, 13, 12, 0),
	gsSP1Triangle(13, 14, 12, 0),
	gsSP1Triangle(13, 15, 14, 0),
	gsSPVertex(jrb_dl_Cube_041_mesh_layer_1_vtx_0 + 48, 16, 0),
	gsSP1Triangle(0, 1, 2, 0),
	gsSP1Triangle(0, 3, 1, 0),
	gsSP1Triangle(3, 4, 1, 0),
	gsSP1Triangle(3, 5, 4, 0),
	gsSP1Triangle(5, 6, 4, 0),
	gsSP1Triangle(5, 7, 6, 0),
	gsSP1Triangle(7, 8, 6, 0),
	gsSP1Triangle(7, 9, 8, 0),
	gsSP1Triangle(9, 10, 8, 0),
	gsSP1Triangle(9, 11, 10, 0),
	gsSP1Triangle(11, 12, 10, 0),
	gsSP1Triangle(11, 13, 12, 0),
	gsSP1Triangle(13, 14, 12, 0),
	gsSP1Triangle(13, 15, 14, 0),
	gsSPVertex(jrb_dl_Cube_041_mesh_layer_1_vtx_0 + 64, 16, 0),
	gsSP1Triangle(0, 1, 2, 0),
	gsSP1Triangle(0, 3, 1, 0),
	gsSP1Triangle(4, 5, 6, 0),
	gsSP1Triangle(6, 5, 7, 0),
	gsSP1Triangle(8, 7, 5, 0),
	gsSP1Triangle(9, 8, 5, 0),
	gsSP1Triangle(8, 10, 7, 0),
	gsSP1Triangle(10, 11, 7, 0),
	gsSP1Triangle(10, 12, 11, 0),
	gsSP1Triangle(12, 13, 11, 0),
	gsSP1Triangle(12, 14, 13, 0),
	gsSP1Triangle(15, 11, 13, 0),
	gsSPVertex(jrb_dl_Cube_041_mesh_layer_1_vtx_0 + 80, 16, 0),
	gsSP1Triangle(0, 1, 2, 0),
	gsSP1Triangle(0, 3, 1, 0),
	gsSP1Triangle(4, 3, 0, 0),
	gsSP1Triangle(2, 5, 6, 0),
	gsSP1Triangle(7, 8, 9, 0),
	gsSP1Triangle(7, 9, 10, 0),
	gsSP1Triangle(11, 12, 13, 0),
	gsSP1Triangle(11, 14, 12, 0),
	gsSP1Triangle(15, 14, 11, 0),
	gsSPVertex(jrb_dl_Cube_041_mesh_layer_1_vtx_0 + 96, 16, 0),
	gsSP1Triangle(0, 1, 2, 0),
	gsSP1Triangle(3, 0, 2, 0),
	gsSP1Triangle(3, 2, 4, 0),
	gsSP1Triangle(5, 3, 4, 0),
	gsSP1Triangle(5, 4, 6, 0),
	gsSP1Triangle(7, 5, 6, 0),
	gsSP1Triangle(7, 6, 1, 0),
	gsSP1Triangle(6, 8, 1, 0),
	gsSP1Triangle(6, 9, 8, 0),
	gsSP1Triangle(10, 8, 9, 0),
	gsSP1Triangle(11, 10, 9, 0),
	gsSP1Triangle(11, 9, 12, 0),
	gsSP1Triangle(13, 11, 12, 0),
	gsSP1Triangle(13, 12, 14, 0),
	gsSP1Triangle(15, 13, 14, 0),
	gsSP1Triangle(15, 14, 8, 0),
	gsSP1Triangle(1, 8, 14, 0),
	gsSP1Triangle(10, 15, 8, 0),
	gsSP1Triangle(0, 7, 1, 0),
	gsSPVertex(jrb_dl_Cube_041_mesh_layer_1_vtx_0 + 112, 16, 0),
	gsSP1Triangle(0, 1, 2, 0),
	gsSP1Triangle(0, 2, 3, 0),
	gsSP1Triangle(4, 5, 6, 0),
	gsSP1Triangle(4, 7, 5, 0),
	gsSP1Triangle(8, 7, 4, 0),
	gsSP1Triangle(9, 8, 4, 0),
	gsSP1Triangle(10, 9, 4, 0),
	gsSP1Triangle(10, 4, 11, 0),
	gsSP1Triangle(12, 10, 11, 0),
	gsSP1Triangle(12, 11, 13, 0),
	gsSP1Triangle(14, 12, 13, 0),
	gsSP1Triangle(14, 13, 8, 0),
	gsSP1Triangle(13, 15, 8, 0),
	gsSPVertex(jrb_dl_Cube_041_mesh_layer_1_vtx_0 + 128, 16, 0),
	gsSP1Triangle(0, 1, 2, 0),
	gsSP1Triangle(3, 2, 1, 0),
	gsSP1Triangle(4, 3, 1, 0),
	gsSP1Triangle(4, 1, 5, 0),
	gsSP1Triangle(6, 4, 5, 0),
	gsSP1Triangle(6, 5, 7, 0),
	gsSP1Triangle(8, 6, 7, 0),
	gsSP1Triangle(8, 7, 2, 0),
	gsSP1Triangle(9, 2, 7, 0),
	gsSP1Triangle(3, 8, 2, 0),
	gsSP1Triangle(10, 11, 9, 0),
	gsSP1Triangle(12, 13, 14, 0),
	gsSP1Triangle(12, 14, 15, 0),
	gsSPVertex(jrb_dl_Cube_041_mesh_layer_1_vtx_0 + 144, 16, 0),
	gsSP1Triangle(0, 1, 2, 0),
	gsSP1Triangle(0, 3, 1, 0),
	gsSP1Triangle(4, 3, 0, 0),
	gsSP1Triangle(5, 4, 0, 0),
	gsSP1Triangle(6, 5, 0, 0),
	gsSP1Triangle(6, 0, 7, 0),
	gsSP1Triangle(8, 6, 7, 0),
	gsSP1Triangle(8, 7, 9, 0),
	gsSP1Triangle(10, 8, 9, 0),
	gsSP1Triangle(10, 9, 4, 0),
	gsSP1Triangle(9, 11, 4, 0),
	gsSP1Triangle(9, 12, 11, 0),
	gsSP1Triangle(13, 11, 12, 0),
	gsSP1Triangle(14, 13, 12, 0),
	gsSP1Triangle(14, 12, 15, 0),
	gsSPVertex(jrb_dl_Cube_041_mesh_layer_1_vtx_0 + 160, 14, 0),
	gsSP1Triangle(0, 1, 2, 0),
	gsSP1Triangle(0, 2, 3, 0),
	gsSP1Triangle(4, 0, 3, 0),
	gsSP1Triangle(4, 3, 5, 0),
	gsSP1Triangle(6, 5, 3, 0),
	gsSP1Triangle(7, 4, 5, 0),
	gsSP1Triangle(8, 9, 6, 0),
	gsSP1Triangle(10, 11, 12, 0),
	gsSP1Triangle(10, 12, 13, 0),
	gsSPVertex(jrb_dl_Cube_041_mesh_layer_1_vtx_0 + 174, 16, 0),
	gsSP1Triangle(0, 1, 2, 0),
	gsSP1Triangle(0, 3, 1, 0),
	gsSP1Triangle(4, 3, 0, 0),
	gsSP1Triangle(5, 4, 0, 0),
	gsSP1Triangle(6, 5, 0, 0),
	gsSP1Triangle(6, 0, 7, 0),
	gsSP1Triangle(8, 6, 7, 0),
	gsSP1Triangle(8, 7, 9, 0),
	gsSP1Triangle(10, 8, 9, 0),
	gsSP1Triangle(10, 9, 4, 0),
	gsSP1Triangle(9, 11, 4, 0),
	gsSP1Triangle(9, 12, 11, 0),
	gsSP1Triangle(13, 11, 12, 0),
	gsSP1Triangle(14, 13, 12, 0),
	gsSP1Triangle(14, 12, 15, 0),
	gsSPVertex(jrb_dl_Cube_041_mesh_layer_1_vtx_0 + 190, 14, 0),
	gsSP1Triangle(0, 1, 2, 0),
	gsSP1Triangle(0, 2, 3, 0),
	gsSP1Triangle(4, 0, 3, 0),
	gsSP1Triangle(4, 3, 5, 0),
	gsSP1Triangle(6, 5, 3, 0),
	gsSP1Triangle(7, 4, 5, 0),
	gsSP1Triangle(8, 9, 6, 0),
	gsSP1Triangle(10, 11, 12, 0),
	gsSP1Triangle(10, 12, 13, 0),
	gsSPVertex(jrb_dl_Cube_041_mesh_layer_1_vtx_0 + 204, 16, 0),
	gsSP1Triangle(0, 1, 2, 0),
	gsSP1Triangle(0, 3, 1, 0),
	gsSP1Triangle(4, 3, 0, 0),
	gsSP1Triangle(5, 4, 0, 0),
	gsSP1Triangle(6, 5, 0, 0),
	gsSP1Triangle(6, 0, 7, 0),
	gsSP1Triangle(8, 6, 7, 0),
	gsSP1Triangle(8, 7, 9, 0),
	gsSP1Triangle(10, 8, 9, 0),
	gsSP1Triangle(10, 9, 4, 0),
	gsSP1Triangle(9, 11, 4, 0),
	gsSP1Triangle(9, 12, 11, 0),
	gsSP1Triangle(13, 11, 12, 0),
	gsSP1Triangle(14, 13, 12, 0),
	gsSP1Triangle(14, 12, 15, 0),
	gsSPVertex(jrb_dl_Cube_041_mesh_layer_1_vtx_0 + 220, 14, 0),
	gsSP1Triangle(0, 1, 2, 0),
	gsSP1Triangle(0, 2, 3, 0),
	gsSP1Triangle(4, 0, 3, 0),
	gsSP1Triangle(4, 3, 5, 0),
	gsSP1Triangle(6, 5, 3, 0),
	gsSP1Triangle(7, 4, 5, 0),
	gsSP1Triangle(8, 9, 6, 0),
	gsSP1Triangle(10, 11, 12, 0),
	gsSP1Triangle(10, 12, 13, 0),
	gsSPVertex(jrb_dl_Cube_041_mesh_layer_1_vtx_0 + 234, 16, 0),
	gsSP1Triangle(0, 1, 2, 0),
	gsSP1Triangle(0, 3, 1, 0),
	gsSP1Triangle(4, 3, 0, 0),
	gsSP1Triangle(5, 4, 0, 0),
	gsSP1Triangle(6, 5, 0, 0),
	gsSP1Triangle(6, 0, 7, 0),
	gsSP1Triangle(8, 6, 7, 0),
	gsSP1Triangle(8, 7, 9, 0),
	gsSP1Triangle(10, 8, 9, 0),
	gsSP1Triangle(10, 9, 4, 0),
	gsSP1Triangle(9, 11, 4, 0),
	gsSP1Triangle(9, 12, 11, 0),
	gsSP1Triangle(13, 11, 12, 0),
	gsSP1Triangle(14, 13, 12, 0),
	gsSP1Triangle(14, 12, 15, 0),
	gsSPVertex(jrb_dl_Cube_041_mesh_layer_1_vtx_0 + 250, 14, 0),
	gsSP1Triangle(0, 1, 2, 0),
	gsSP1Triangle(0, 2, 3, 0),
	gsSP1Triangle(4, 0, 3, 0),
	gsSP1Triangle(4, 3, 5, 0),
	gsSP1Triangle(6, 5, 3, 0),
	gsSP1Triangle(7, 4, 5, 0),
	gsSP1Triangle(8, 9, 6, 0),
	gsSP1Triangle(10, 11, 12, 0),
	gsSP1Triangle(10, 12, 13, 0),
	gsSPVertex(jrb_dl_Cube_041_mesh_layer_1_vtx_0 + 264, 16, 0),
	gsSP1Triangle(0, 1, 2, 0),
	gsSP1Triangle(0, 3, 1, 0),
	gsSP1Triangle(4, 3, 0, 0),
	gsSP1Triangle(5, 4, 0, 0),
	gsSP1Triangle(6, 5, 0, 0),
	gsSP1Triangle(6, 0, 7, 0),
	gsSP1Triangle(5, 8, 4, 0),
	gsSP1Triangle(8, 9, 4, 0),
	gsSP1Triangle(8, 10, 9, 0),
	gsSP1Triangle(9, 11, 4, 0),
	gsSP1Triangle(9, 12, 11, 0),
	gsSP1Triangle(13, 11, 12, 0),
	gsSP1Triangle(14, 13, 12, 0),
	gsSP1Triangle(14, 12, 15, 0),
	gsSPVertex(jrb_dl_Cube_041_mesh_layer_1_vtx_0 + 280, 16, 0),
	gsSP1Triangle(0, 1, 2, 0),
	gsSP1Triangle(0, 2, 3, 0),
	gsSP1Triangle(4, 0, 3, 0),
	gsSP1Triangle(4, 3, 5, 0),
	gsSP1Triangle(6, 5, 3, 0),
	gsSP1Triangle(7, 4, 5, 0),
	gsSP1Triangle(8, 9, 10, 0),
	gsSP1Triangle(8, 10, 11, 0),
	gsSP1Triangle(12, 13, 14, 0),
	gsSP1Triangle(12, 15, 13, 0),
	gsSPVertex(jrb_dl_Cube_041_mesh_layer_1_vtx_0 + 296, 16, 0),
	gsSP1Triangle(0, 1, 2, 0),
	gsSP1Triangle(0, 3, 1, 0),
	gsSP1Triangle(4, 3, 0, 0),
	gsSP1Triangle(5, 4, 0, 0),
	gsSP1Triangle(6, 5, 0, 0),
	gsSP1Triangle(6, 0, 7, 0),
	gsSP1Triangle(8, 6, 7, 0),
	gsSP1Triangle(8, 7, 9, 0),
	gsSP1Triangle(9, 10, 8, 0),
	gsSP1Triangle(9, 11, 10, 0),
	gsSP1Triangle(5, 12, 4, 0),
	gsSP1Triangle(4, 12, 13, 0),
	gsSP1Triangle(4, 13, 14, 0),
	gsSP1Triangle(13, 15, 14, 0),
	gsSPVertex(jrb_dl_Cube_041_mesh_layer_1_vtx_0 + 312, 16, 0),
	gsSP1Triangle(0, 1, 2, 0),
	gsSP1Triangle(3, 2, 1, 0),
	gsSP1Triangle(3, 4, 2, 0),
	gsSP1Triangle(3, 5, 4, 0),
	gsSP1Triangle(3, 6, 5, 0),
	gsSP1Triangle(5, 7, 4, 0),
	gsSP1Triangle(5, 8, 7, 0),
	gsSP1Triangle(9, 7, 8, 0),
	gsSP1Triangle(10, 9, 8, 0),
	gsSP1Triangle(10, 8, 11, 0),
	gsSP1Triangle(12, 10, 11, 0),
	gsSP1Triangle(12, 11, 13, 0),
	gsSP1Triangle(14, 12, 13, 0),
	gsSP1Triangle(14, 13, 15, 0),
	gsSPVertex(jrb_dl_Cube_041_mesh_layer_1_vtx_0 + 328, 15, 0),
	gsSP1Triangle(0, 1, 2, 0),
	gsSP1Triangle(0, 2, 3, 0),
	gsSP1Triangle(4, 3, 2, 0),
	gsSP1Triangle(3, 4, 5, 0),
	gsSP1Triangle(3, 5, 6, 0),
	gsSP1Triangle(7, 6, 5, 0),
	gsSP1Triangle(7, 8, 6, 0),
	gsSP1Triangle(9, 8, 7, 0),
	gsSP1Triangle(9, 10, 8, 0),
	gsSP1Triangle(10, 11, 8, 0),
	gsSP1Triangle(10, 12, 11, 0),
	gsSP1Triangle(13, 12, 10, 0),
	gsSP1Triangle(11, 6, 8, 0),
	gsSP1Triangle(11, 14, 6, 0),
	gsSP1Triangle(0, 6, 14, 0),
	gsSP1Triangle(0, 3, 6, 0),
	gsSPVertex(jrb_dl_Cube_041_mesh_layer_1_vtx_0 + 343, 16, 0),
	gsSP1Triangle(0, 1, 2, 0),
	gsSP1Triangle(0, 2, 3, 0),
	gsSP1Triangle(4, 5, 6, 0),
	gsSP1Triangle(4, 6, 7, 0),
	gsSP1Triangle(8, 9, 10, 0),
	gsSP1Triangle(8, 11, 9, 0),
	gsSP1Triangle(11, 12, 9, 0),
	gsSP1Triangle(11, 13, 12, 0),
	gsSP1Triangle(13, 14, 12, 0),
	gsSP1Triangle(13, 15, 14, 0),
	gsSPVertex(jrb_dl_Cube_041_mesh_layer_1_vtx_0 + 359, 16, 0),
	gsSP1Triangle(0, 1, 2, 0),
	gsSP1Triangle(0, 3, 1, 0),
	gsSP1Triangle(3, 4, 1, 0),
	gsSP1Triangle(3, 5, 4, 0),
	gsSP1Triangle(5, 6, 4, 0),
	gsSP1Triangle(5, 7, 6, 0),
	gsSP1Triangle(7, 8, 6, 0),
	gsSP1Triangle(7, 9, 8, 0),
	gsSP1Triangle(9, 10, 8, 0),
	gsSP1Triangle(9, 11, 10, 0),
	gsSP1Triangle(11, 12, 10, 0),
	gsSP1Triangle(11, 13, 12, 0),
	gsSP1Triangle(12, 13, 14, 0),
	gsSP1Triangle(15, 12, 14, 0),
	gsSPVertex(jrb_dl_Cube_041_mesh_layer_1_vtx_0 + 375, 16, 0),
	gsSP1Triangle(0, 1, 2, 0),
	gsSP1Triangle(1, 3, 2, 0),
	gsSP1Triangle(1, 4, 3, 0),
	gsSP1Triangle(5, 3, 4, 0),
	gsSP1Triangle(5, 4, 6, 0),
	gsSP1Triangle(7, 5, 6, 0),
	gsSP1Triangle(7, 6, 8, 0),
	gsSP1Triangle(9, 7, 8, 0),
	gsSP1Triangle(9, 8, 10, 0),
	gsSP1Triangle(11, 9, 10, 0),
	gsSP1Triangle(11, 10, 12, 0),
	gsSP1Triangle(13, 11, 12, 0),
	gsSP1Triangle(13, 12, 14, 0),
	gsSP1Triangle(15, 13, 14, 0),
	gsSPVertex(jrb_dl_Cube_041_mesh_layer_1_vtx_0 + 391, 16, 0),
	gsSP1Triangle(0, 1, 2, 0),
	gsSP1Triangle(1, 3, 2, 0),
	gsSP1Triangle(1, 4, 3, 0),
	gsSP1Triangle(5, 4, 1, 0),
	gsSP1Triangle(5, 6, 4, 0),
	gsSP1Triangle(7, 6, 5, 0),
	gsSP1Triangle(7, 8, 6, 0),
	gsSP1Triangle(9, 8, 7, 0),
	gsSP1Triangle(9, 10, 8, 0),
	gsSP1Triangle(11, 10, 9, 0),
	gsSP1Triangle(11, 12, 10, 0),
	gsSP1Triangle(13, 12, 11, 0),
	gsSP1Triangle(13, 14, 12, 0),
	gsSP1Triangle(2, 3, 15, 0),
	gsSPVertex(jrb_dl_Cube_041_mesh_layer_1_vtx_0 + 407, 12, 0),
	gsSP1Triangle(0, 1, 2, 0),
	gsSP1Triangle(2, 1, 3, 0),
	gsSP1Triangle(2, 3, 4, 0),
	gsSP1Triangle(4, 3, 5, 0),
	gsSP1Triangle(4, 5, 6, 0),
	gsSP1Triangle(7, 6, 5, 0),
	gsSP1Triangle(8, 4, 6, 0),
	gsSP1Triangle(8, 9, 4, 0),
	gsSP1Triangle(9, 2, 4, 0),
	gsSP1Triangle(9, 10, 2, 0),
	gsSP1Triangle(10, 0, 2, 0),
	gsSP1Triangle(10, 11, 0, 0),
	gsSPEndDisplayList(),
};

Vtx jrb_dl_Cube_041_mesh_layer_4_vtx_0[140] = {
	{{{-567, -64, 465},0, {-7184, 30197},{0xFF, 0xFF, 0xFF, 0xFF}}},
	{{{75, -64, 465},0, {9200, 30197},{0xFF, 0xFF, 0xFF, 0xFF}}},
	{{{75, -64, 955},0, {9200, 9235},{0xFF, 0xFF, 0xFF, 0xFF}}},
	{{{-567, -64, 955},0, {-7184, 9235},{0xFF, 0xFF, 0xFF, 0xFF}}},
	{{{75, -44, 465},0, {-7184, 30197},{0xFF, 0xFF, 0xFF, 0xFF}}},
	{{{-567, -44, 465},0, {9200, 30197},{0xFF, 0xFF, 0xFF, 0xFF}}},
	{{{-567, -44, 955},0, {9200, 9235},{0xFF, 0xFF, 0xFF, 0xFF}}},
	{{{75, -44, 955},0, {-7184, 9235},{0xFF, 0xFF, 0xFF, 0xFF}}},
	{{{-567, -64, 955},0, {-7184, 29715},{0xFF, 0xFF, 0xFF, 0xFF}}},
	{{{75, -64, 955},0, {9200, 29715},{0xFF, 0xFF, 0xFF, 0xFF}}},
	{{{75, 351, 1548},0, {9200, -1040},{0xFF, 0xFF, 0xFF, 0xFF}}},
	{{{-567, 351, 1548},0, {-7184, -1040},{0xFF, 0xFF, 0xFF, 0xFF}}},
	{{{75, -44, 955},0, {-7184, 29715},{0xFF, 0xFF, 0xFF, 0xFF}}},
	{{{-567, -44, 955},0, {9200, 29715},{0xFF, 0xFF, 0xFF, 0xFF}}},
	{{{-567, 371, 1548},0, {9200, -1040},{0xFF, 0xFF, 0xFF, 0xFF}}},
	{{{75, 371, 1548},0, {-7184, -1040},{0xFF, 0xFF, 0xFF, 0xFF}}},
	{{{75, 371, 1548},0, {-7184, 9200},{0xFF, 0xFF, 0xFF, 0xFF}}},
	{{{-567, 371, 1548},0, {9200, 9200},{0xFF, 0xFF, 0xFF, 0xFF}}},
	{{{-567, 371, 1922},0, {9200, -7184},{0xFF, 0xFF, 0xFF, 0xFF}}},
	{{{75, 371, 1922},0, {-7184, -7184},{0xFF, 0xFF, 0xFF, 0xFF}}},
	{{{-567, 351, 1548},0, {-7184, 9200},{0xFF, 0xFF, 0xFF, 0xFF}}},
	{{{75, 351, 1548},0, {9200, 9200},{0xFF, 0xFF, 0xFF, 0xFF}}},
	{{{75, 351, 1922},0, {9200, -7184},{0xFF, 0xFF, 0xFF, 0xFF}}},
	{{{-567, 351, 1922},0, {-7184, -7184},{0xFF, 0xFF, 0xFF, 0xFF}}},
	{{{-930, 177, 1576},0, {-7184, 9200},{0xFF, 0xFF, 0xFF, 0xFF}}},
	{{{-930, 652, 1576},0, {9200, 9200},{0xFF, 0xFF, 0xFF, 0xFF}}},
	{{{-930, 652, 1924},0, {9200, -7184},{0xFF, 0xFF, 0xFF, 0xFF}}},
	{{{-930, 177, 1924},0, {-7184, -7184},{0xFF, 0xFF, 0xFF, 0xFF}}},
	{{{-950, 652, 1576},0, {-7184, 9200},{0xFF, 0xFF, 0xFF, 0xFF}}},
	{{{-950, 177, 1576},0, {9200, 9200},{0xFF, 0xFF, 0xFF, 0xFF}}},
	{{{-950, 177, 1924},0, {9200, -7184},{0xFF, 0xFF, 0xFF, 0xFF}}},
	{{{-950, 652, 1924},0, {-7184, -7184},{0xFF, 0xFF, 0xFF, 0xFF}}},
	{{{-361, 650, 2119},0, {-7184, 9200},{0xFF, 0xFF, 0xFF, 0xFF}}},
	{{{-361, 970, 2119},0, {9200, 9200},{0xFF, 0xFF, 0xFF, 0xFF}}},
	{{{-114, 970, 2365},0, {9200, -7184},{0xFF, 0xFF, 0xFF, 0xFF}}},
	{{{-114, 650, 2365},0, {-7184, -7184},{0xFF, 0xFF, 0xFF, 0xFF}}},
	{{{-375, 970, 2133},0, {-7184, 9200},{0xFF, 0xFF, 0xFF, 0xFF}}},
	{{{-375, 650, 2133},0, {9200, 9200},{0xFF, 0xFF, 0xFF, 0xFF}}},
	{{{-129, 650, 2379},0, {9200, -7184},{0xFF, 0xFF, 0xFF, 0xFF}}},
	{{{-129, 970, 2379},0, {-7184, -7184},{0xFF, 0xFF, 0xFF, 0xFF}}},
	{{{75, -110, 1573},0, {-9334, 9200},{0xFF, 0xFF, 0xFF, 0xFF}}},
	{{{-567, -110, 1573},0, {11350, 9200},{0xFF, 0xFF, 0xFF, 0xFF}}},
	{{{-567, -110, 1922},0, {11350, -7184},{0xFF, 0xFF, 0xFF, 0xFF}}},
	{{{75, -110, 1922},0, {-9334, -7184},{0xFF, 0xFF, 0xFF, 0xFF}}},
	{{{-567, -130, 1573},0, {-9334, 9200},{0xFF, 0xFF, 0xFF, 0xFF}}},
	{{{75, -130, 1573},0, {11350, 9200},{0xFF, 0xFF, 0xFF, 0xFF}}},
	{{{75, -130, 1922},0, {11350, -7184},{0xFF, 0xFF, 0xFF, 0xFF}}},
	{{{-567, -130, 1922},0, {-9334, -7184},{0xFF, 0xFF, 0xFF, 0xFF}}},
	{{{790, 944, 2012},0, {-9371, 9200},{0xFF, 0xFF, 0xFF, 0xFF}}},
	{{{149, 944, 2012},0, {11387, 9200},{0xFF, 0xFF, 0xFF, 0xFF}}},
	{{{149, 944, 2472},0, {11387, -7184},{0xFF, 0xFF, 0xFF, 0xFF}}},
	{{{790, 944, 2472},0, {-9371, -7184},{0xFF, 0xFF, 0xFF, 0xFF}}},
	{{{149, 924, 2012},0, {-9371, 9200},{0xFF, 0xFF, 0xFF, 0xFF}}},
	{{{790, 924, 2012},0, {11387, 9200},{0xFF, 0xFF, 0xFF, 0xFF}}},
	{{{790, 924, 2472},0, {11387, -7184},{0xFF, 0xFF, 0xFF, 0xFF}}},
	{{{149, 924, 2472},0, {-9371, -7184},{0xFF, 0xFF, 0xFF, 0xFF}}},
	{{{790, 1243, 3009},0, {-9371, 9200},{0xFF, 0xFF, 0xFF, 0xFF}}},
	{{{149, 1243, 3009},0, {11387, 9200},{0xFF, 0xFF, 0xFF, 0xFF}}},
	{{{149, 1243, 3469},0, {11387, -7184},{0xFF, 0xFF, 0xFF, 0xFF}}},
	{{{790, 1243, 3469},0, {-9371, -7184},{0xFF, 0xFF, 0xFF, 0xFF}}},
	{{{149, 1223, 3009},0, {-9371, 9200},{0xFF, 0xFF, 0xFF, 0xFF}}},
	{{{790, 1223, 3009},0, {11387, 9200},{0xFF, 0xFF, 0xFF, 0xFF}}},
	{{{790, 1223, 3469},0, {11387, -7184},{0xFF, 0xFF, 0xFF, 0xFF}}},
	{{{149, 1223, 3469},0, {-9371, -7184},{0xFF, 0xFF, 0xFF, 0xFF}}},
	{{{318, 391, 6917},0, {-9334, 9200},{0xFF, 0xFF, 0xFF, 0xFF}}},
	{{{318, 391, 7237},0, {11350, 9200},{0xFF, 0xFF, 0xFF, 0xFF}}},
	{{{604, 391, 7237},0, {11350, -7184},{0xFF, 0xFF, 0xFF, 0xFF}}},
	{{{604, 391, 6917},0, {-9334, -7184},{0xFF, 0xFF, 0xFF, 0xFF}}},
	{{{318, 371, 7237},0, {-9334, 9200},{0xFF, 0xFF, 0xFF, 0xFF}}},
	{{{318, 371, 6917},0, {11350, 9200},{0xFF, 0xFF, 0xFF, 0xFF}}},
	{{{604, 371, 6917},0, {11350, -7184},{0xFF, 0xFF, 0xFF, 0xFF}}},
	{{{604, 371, 7237},0, {-9334, -7184},{0xFF, 0xFF, 0xFF, 0xFF}}},
	{{{75, -142, -699},0, {-7184, 28993},{0xFF, 0xFF, 0xFF, 0xFF}}},
	{{{-567, -142, -699},0, {9200, 28993},{0xFF, 0xFF, 0xFF, 0xFF}}},
	{{{-567, -142, 64},0, {9200, -3669},{0xFF, 0xFF, 0xFF, 0xFF}}},
	{{{75, -142, 64},0, {-7184, -3669},{0xFF, 0xFF, 0xFF, 0xFF}}},
	{{{-567, -162, -699},0, {-7184, 28993},{0xFF, 0xFF, 0xFF, 0xFF}}},
	{{{75, -162, -699},0, {9200, 28993},{0xFF, 0xFF, 0xFF, 0xFF}}},
	{{{75, -162, 64},0, {9200, -3669},{0xFF, 0xFF, 0xFF, 0xFF}}},
	{{{-567, -162, 64},0, {-7184, -3669},{0xFF, 0xFF, 0xFF, 0xFF}}},
	{{{75, -142, 64},0, {-7184, 29099},{0xFF, 0xFF, 0xFF, 0xFF}}},
	{{{-567, -142, 64},0, {9200, 29099},{0xFF, 0xFF, 0xFF, 0xFF}}},
	{{{-567, -44, 465},0, {9200, 11765},{0xFF, 0xFF, 0xFF, 0xFF}}},
	{{{75, -44, 465},0, {-7184, 11765},{0xFF, 0xFF, 0xFF, 0xFF}}},
	{{{-567, -162, 64},0, {-7184, 29099},{0xFF, 0xFF, 0xFF, 0xFF}}},
	{{{75, -162, 64},0, {9200, 29099},{0xFF, 0xFF, 0xFF, 0xFF}}},
	{{{75, -64, 465},0, {9200, 11765},{0xFF, 0xFF, 0xFF, 0xFF}}},
	{{{-567, -64, 465},0, {-7184, 11765},{0xFF, 0xFF, 0xFF, 0xFF}}},
	{{{641, 620, 5862},0, {-15468, 9200},{0xFF, 0xFF, 0xFF, 0xFF}}},
	{{{641, 620, 4852},0, {17484, 9200},{0xFF, 0xFF, 0xFF, 0xFF}}},
	{{{293, 620, 4852},0, {17484, -7184},{0xFF, 0xFF, 0xFF, 0xFF}}},
	{{{293, 620, 5862},0, {-15468, -7184},{0xFF, 0xFF, 0xFF, 0xFF}}},
	{{{641, 600, 4852},0, {-15468, 9200},{0xFF, 0xFF, 0xFF, 0xFF}}},
	{{{641, 600, 5862},0, {17484, 9200},{0xFF, 0xFF, 0xFF, 0xFF}}},
	{{{293, 600, 5862},0, {17484, -7184},{0xFF, 0xFF, 0xFF, 0xFF}}},
	{{{293, 600, 4852},0, {-15468, -7184},{0xFF, 0xFF, 0xFF, 0xFF}}},
	{{{-459, -542, 2975},0, {-27664, 9200},{0xFF, 0xFF, 0xFF, 0xFF}}},
	{{{-1831, -542, 2975},0, {29835, 9200},{0xFF, 0xFF, 0xFF, 0xFF}}},
	{{{-1831, -542, 3324},0, {29835, -7184},{0xFF, 0xFF, 0xFF, 0xFF}}},
	{{{-459, -542, 3324},0, {-27664, -7184},{0xFF, 0xFF, 0xFF, 0xFF}}},
	{{{-459, -562, 2975},0, {-7184, 9200},{0xFF, 0xFF, 0xFF, 0xFF}}},
	{{{-76, -562, 2975},0, {9200, 9200},{0xFF, 0xFF, 0xFF, 0xFF}}},
	{{{-76, -562, 3324},0, {9200, -7184},{0xFF, 0xFF, 0xFF, 0xFF}}},
	{{{-459, -562, 3324},0, {-7184, -7184},{0xFF, 0xFF, 0xFF, 0xFF}}},
	{{{-1367, 21, 3142},0, {-11280, 29527},{0xFF, 0xFF, 0xFF, 0xFF}}},
	{{{-2008, 21, 3142},0, {13296, 29527},{0xFF, 0xFF, 0xFF, 0xFF}}},
	{{{-2008, 21, 4376},0, {13296, -7167},{0xFF, 0xFF, 0xFF, 0xFF}}},
	{{{-1367, 21, 4376},0, {-11280, -7167},{0xFF, 0xFF, 0xFF, 0xFF}}},
	{{{-2008, 1, 3142},0, {-11280, 29527},{0xFF, 0xFF, 0xFF, 0xFF}}},
	{{{-1367, 1, 3142},0, {13296, 29527},{0xFF, 0xFF, 0xFF, 0xFF}}},
	{{{-1367, 1, 4376},0, {13296, -7167},{0xFF, 0xFF, 0xFF, 0xFF}}},
	{{{-2008, 1, 4376},0, {-11280, -7167},{0xFF, 0xFF, 0xFF, 0xFF}}},
	{{{-1367, 21, 4376},0, {-11280, 9217},{0xFF, 0xFF, 0xFF, 0xFF}}},
	{{{-2008, 21, 4376},0, {13296, 9217},{0xFF, 0xFF, 0xFF, 0xFF}}},
	{{{-2008, -106, 4777},0, {13296, -3401},{0xFF, 0xFF, 0xFF, 0xFF}}},
	{{{-1367, -106, 4777},0, {-11280, -3401},{0xFF, 0xFF, 0xFF, 0xFF}}},
	{{{-2008, -106, 5234},0, {13296, -17029},{0xFF, 0xFF, 0xFF, 0xFF}}},
	{{{-1367, -106, 5234},0, {-11280, -17029},{0xFF, 0xFF, 0xFF, 0xFF}}},
	{{{-2008, 1, 4376},0, {-11280, 9217},{0xFF, 0xFF, 0xFF, 0xFF}}},
	{{{-1367, 1, 4376},0, {13296, 9217},{0xFF, 0xFF, 0xFF, 0xFF}}},
	{{{-1367, -126, 4777},0, {13296, -3401},{0xFF, 0xFF, 0xFF, 0xFF}}},
	{{{-2008, -126, 4777},0, {-11280, -3401},{0xFF, 0xFF, 0xFF, 0xFF}}},
	{{{-1367, -126, 5234},0, {13296, -17029},{0xFF, 0xFF, 0xFF, 0xFF}}},
	{{{-2008, -126, 5234},0, {-11280, -17029},{0xFF, 0xFF, 0xFF, 0xFF}}},
	{{{-459, -542, 2975},0, {9200, -1040},{0xFF, 0xFF, 0xFF, 0xFF}}},
	{{{-76, -542, 2975},0, {-7184, -1040},{0xFF, 0xFF, 0xFF, 0xFF}}},
	{{{-76, -542, 2270},0, {-7184, 30335},{0xFF, 0xFF, 0xFF, 0xFF}}},
	{{{-459, -542, 2270},0, {9200, 30335},{0xFF, 0xFF, 0xFF, 0xFF}}},
	{{{-1831, -562, 2975},0, {-27819, 9200},{0xFF, 0xFF, 0xFF, 0xFF}}},
	{{{-459, -562, 2975},0, {29680, 9200},{0xFF, 0xFF, 0xFF, 0xFF}}},
	{{{-459, -562, 3324},0, {29680, -7184},{0xFF, 0xFF, 0xFF, 0xFF}}},
	{{{-1831, -562, 3324},0, {-27819, -7184},{0xFF, 0xFF, 0xFF, 0xFF}}},
	{{{-76, -542, 2975},0, {-7184, 9200},{0xFF, 0xFF, 0xFF, 0xFF}}},
	{{{-459, -542, 2975},0, {9200, 9200},{0xFF, 0xFF, 0xFF, 0xFF}}},
	{{{-459, -542, 3324},0, {9200, -7184},{0xFF, 0xFF, 0xFF, 0xFF}}},
	{{{-76, -542, 3324},0, {-7184, -7184},{0xFF, 0xFF, 0xFF, 0xFF}}},
	{{{-76, -562, 2975},0, {9200, -1040},{0xFF, 0xFF, 0xFF, 0xFF}}},
	{{{-459, -562, 2975},0, {-7184, -1040},{0xFF, 0xFF, 0xFF, 0xFF}}},
	{{{-459, -562, 2270},0, {-7184, 30335},{0xFF, 0xFF, 0xFF, 0xFF}}},
	{{{-76, -562, 2270},0, {9200, 30335},{0xFF, 0xFF, 0xFF, 0xFF}}},
};

Gfx jrb_dl_Cube_041_mesh_layer_4_tri_0[] = {
	gsSPVertex(jrb_dl_Cube_041_mesh_layer_4_vtx_0 + 0, 16, 0),
	gsSP1Triangle(0, 1, 2, 0),
	gsSP1Triangle(0, 2, 3, 0),
	gsSP1Triangle(4, 5, 6, 0),
	gsSP1Triangle(4, 6, 7, 0),
	gsSP1Triangle(8, 9, 10, 0),
	gsSP1Triangle(8, 10, 11, 0),
	gsSP1Triangle(12, 13, 14, 0),
	gsSP1Triangle(12, 14, 15, 0),
	gsSPVertex(jrb_dl_Cube_041_mesh_layer_4_vtx_0 + 16, 16, 0),
	gsSP1Triangle(0, 1, 2, 0),
	gsSP1Triangle(0, 2, 3, 0),
	gsSP1Triangle(4, 5, 6, 0),
	gsSP1Triangle(4, 6, 7, 0),
	gsSP1Triangle(8, 9, 10, 0),
	gsSP1Triangle(8, 10, 11, 0),
	gsSP1Triangle(12, 13, 14, 0),
	gsSP1Triangle(12, 14, 15, 0),
	gsSPVertex(jrb_dl_Cube_041_mesh_layer_4_vtx_0 + 32, 16, 0),
	gsSP1Triangle(0, 1, 2, 0),
	gsSP1Triangle(0, 2, 3, 0),
	gsSP1Triangle(4, 5, 6, 0),
	gsSP1Triangle(4, 6, 7, 0),
	gsSP1Triangle(8, 9, 10, 0),
	gsSP1Triangle(8, 10, 11, 0),
	gsSP1Triangle(12, 13, 14, 0),
	gsSP1Triangle(12, 14, 15, 0),
	gsSPVertex(jrb_dl_Cube_041_mesh_layer_4_vtx_0 + 48, 16, 0),
	gsSP1Triangle(0, 1, 2, 0),
	gsSP1Triangle(0, 2, 3, 0),
	gsSP1Triangle(4, 5, 6, 0),
	gsSP1Triangle(4, 6, 7, 0),
	gsSP1Triangle(8, 9, 10, 0),
	gsSP1Triangle(8, 10, 11, 0),
	gsSP1Triangle(12, 13, 14, 0),
	gsSP1Triangle(12, 14, 15, 0),
	gsSPVertex(jrb_dl_Cube_041_mesh_layer_4_vtx_0 + 64, 16, 0),
	gsSP1Triangle(0, 1, 2, 0),
	gsSP1Triangle(0, 2, 3, 0),
	gsSP1Triangle(4, 5, 6, 0),
	gsSP1Triangle(4, 6, 7, 0),
	gsSP1Triangle(8, 9, 10, 0),
	gsSP1Triangle(8, 10, 11, 0),
	gsSP1Triangle(12, 13, 14, 0),
	gsSP1Triangle(12, 14, 15, 0),
	gsSPVertex(jrb_dl_Cube_041_mesh_layer_4_vtx_0 + 80, 16, 0),
	gsSP1Triangle(0, 1, 2, 0),
	gsSP1Triangle(0, 2, 3, 0),
	gsSP1Triangle(4, 5, 6, 0),
	gsSP1Triangle(4, 6, 7, 0),
	gsSP1Triangle(8, 9, 10, 0),
	gsSP1Triangle(8, 10, 11, 0),
	gsSP1Triangle(12, 13, 14, 0),
	gsSP1Triangle(12, 14, 15, 0),
	gsSPVertex(jrb_dl_Cube_041_mesh_layer_4_vtx_0 + 96, 16, 0),
	gsSP1Triangle(0, 1, 2, 0),
	gsSP1Triangle(0, 2, 3, 0),
	gsSP1Triangle(4, 5, 6, 0),
	gsSP1Triangle(4, 6, 7, 0),
	gsSP1Triangle(8, 9, 10, 0),
	gsSP1Triangle(8, 10, 11, 0),
	gsSP1Triangle(12, 13, 14, 0),
	gsSP1Triangle(12, 14, 15, 0),
	gsSPVertex(jrb_dl_Cube_041_mesh_layer_4_vtx_0 + 112, 16, 0),
	gsSP1Triangle(0, 1, 2, 0),
	gsSP1Triangle(0, 2, 3, 0),
	gsSP1Triangle(3, 2, 4, 0),
	gsSP1Triangle(3, 4, 5, 0),
	gsSP1Triangle(6, 7, 8, 0),
	gsSP1Triangle(6, 8, 9, 0),
	gsSP1Triangle(9, 8, 10, 0),
	gsSP1Triangle(9, 10, 11, 0),
	gsSP1Triangle(12, 13, 14, 0),
	gsSP1Triangle(12, 14, 15, 0),
	gsSPVertex(jrb_dl_Cube_041_mesh_layer_4_vtx_0 + 128, 12, 0),
	gsSP1Triangle(0, 1, 2, 0),
	gsSP1Triangle(0, 2, 3, 0),
	gsSP1Triangle(4, 5, 6, 0),
	gsSP1Triangle(4, 6, 7, 0),
	gsSP1Triangle(8, 9, 10, 0),
	gsSP1Triangle(8, 10, 11, 0),
	gsSPEndDisplayList(),
};

Vtx jrb_dl_Cube_048_mesh_layer_1_vtx_0[112] = {
	{{{124, 434, 1985},0, {-16, 1008},{0xA5, 0xA5, 0xA5, 0xFF}}},
	{{{124, 414, 1985},0, {1008, 1008},{0xA5, 0xA5, 0xA5, 0xFF}}},
	{{{124, 414, 3280},0, {1008, -16},{0xA5, 0xA5, 0xA5, 0xFF}}},
	{{{124, 434, 3280},0, {-16, -16},{0xA5, 0xA5, 0xA5, 0xFF}}},
	{{{816, 414, 3280},0, {-16, 1008},{0xA5, 0xA5, 0xA5, 0xFF}}},
	{{{816, 434, 3280},0, {1008, 1008},{0xA5, 0xA5, 0xA5, 0xFF}}},
	{{{124, 434, 3280},0, {1008, -16},{0xA5, 0xA5, 0xA5, 0xFF}}},
	{{{124, 414, 3280},0, {-16, -16},{0xA5, 0xA5, 0xA5, 0xFF}}},
	{{{816, 414, 1985},0, {-16, 1008},{0xA5, 0xA5, 0xA5, 0xFF}}},
	{{{816, 434, 1985},0, {1008, 1008},{0xA5, 0xA5, 0xA5, 0xFF}}},
	{{{816, 434, 3280},0, {1008, -16},{0xA5, 0xA5, 0xA5, 0xFF}}},
	{{{816, 414, 3280},0, {-16, -16},{0xA5, 0xA5, 0xA5, 0xFF}}},
	{{{124, 414, 1985},0, {-16, 1008},{0xA5, 0xA5, 0xA5, 0xFF}}},
	{{{124, 434, 1985},0, {1008, 1008},{0xA5, 0xA5, 0xA5, 0xFF}}},
	{{{816, 434, 1985},0, {1008, -16},{0xA5, 0xA5, 0xA5, 0xFF}}},
	{{{816, 414, 1985},0, {-16, -16},{0xA5, 0xA5, 0xA5, 0xFF}}},
	{{{124, 920, 1985},0, {-16, 1008},{0xA5, 0xA5, 0xA5, 0xFF}}},
	{{{124, 900, 1985},0, {1008, 1008},{0xA5, 0xA5, 0xA5, 0xFF}}},
	{{{124, 900, 3280},0, {1008, -16},{0xA5, 0xA5, 0xA5, 0xFF}}},
	{{{124, 920, 3280},0, {-16, -16},{0xA5, 0xA5, 0xA5, 0xFF}}},
	{{{816, 900, 3280},0, {-16, 1008},{0xA5, 0xA5, 0xA5, 0xFF}}},
	{{{816, 920, 3280},0, {1008, 1008},{0xA5, 0xA5, 0xA5, 0xFF}}},
	{{{124, 920, 3280},0, {1008, -16},{0xA5, 0xA5, 0xA5, 0xFF}}},
	{{{124, 900, 3280},0, {-16, -16},{0xA5, 0xA5, 0xA5, 0xFF}}},
	{{{816, 900, 1985},0, {-16, 1008},{0xA5, 0xA5, 0xA5, 0xFF}}},
	{{{816, 920, 1985},0, {1008, 1008},{0xA5, 0xA5, 0xA5, 0xFF}}},
	{{{816, 920, 3280},0, {1008, -16},{0xA5, 0xA5, 0xA5, 0xFF}}},
	{{{816, 900, 3280},0, {-16, -16},{0xA5, 0xA5, 0xA5, 0xFF}}},
	{{{124, 900, 1985},0, {-16, 1008},{0xA5, 0xA5, 0xA5, 0xFF}}},
	{{{124, 920, 1985},0, {1008, 1008},{0xA5, 0xA5, 0xA5, 0xFF}}},
	{{{816, 920, 1985},0, {1008, -16},{0xA5, 0xA5, 0xA5, 0xFF}}},
	{{{816, 900, 1985},0, {-16, -16},{0xA5, 0xA5, 0xA5, 0xFF}}},
	{{{791, 414, 2010},0, {-16, 1008},{0xFF, 0xFF, 0xFF, 0xFF}}},
	{{{149, 414, 2010},0, {1008, 1008},{0xFF, 0xFF, 0xFF, 0xFF}}},
	{{{124, 414, 1985},0, {1008, -16},{0xA5, 0xA5, 0xA5, 0xFF}}},
	{{{816, 414, 1985},0, {-16, -16},{0xA5, 0xA5, 0xA5, 0xFF}}},
	{{{149, 434, 2010},0, {-16, 1008},{0xFF, 0xFF, 0xFF, 0xFF}}},
	{{{791, 434, 2010},0, {1008, 1008},{0xFF, 0xFF, 0xFF, 0xFF}}},
	{{{816, 434, 1985},0, {1008, -16},{0xA5, 0xA5, 0xA5, 0xFF}}},
	{{{124, 434, 1985},0, {-16, -16},{0xA5, 0xA5, 0xA5, 0xFF}}},
	{{{149, 414, 3255},0, {-16, 1008},{0xFF, 0xFF, 0xFF, 0xFF}}},
	{{{791, 414, 3255},0, {1008, 1008},{0xFF, 0xFF, 0xFF, 0xFF}}},
	{{{816, 414, 3280},0, {1008, -16},{0xA5, 0xA5, 0xA5, 0xFF}}},
	{{{124, 414, 3280},0, {-16, -16},{0xA5, 0xA5, 0xA5, 0xFF}}},
	{{{791, 434, 3255},0, {-16, 1008},{0xFF, 0xFF, 0xFF, 0xFF}}},
	{{{149, 434, 3255},0, {1008, 1008},{0xFF, 0xFF, 0xFF, 0xFF}}},
	{{{124, 434, 3280},0, {1008, -16},{0xA5, 0xA5, 0xA5, 0xFF}}},
	{{{816, 434, 3280},0, {-16, -16},{0xA5, 0xA5, 0xA5, 0xFF}}},
	{{{149, 414, 2010},0, {-16, 1008},{0xFF, 0xFF, 0xFF, 0xFF}}},
	{{{149, 414, 3255},0, {1008, 1008},{0xFF, 0xFF, 0xFF, 0xFF}}},
	{{{124, 414, 3280},0, {1008, -16},{0xA5, 0xA5, 0xA5, 0xFF}}},
	{{{124, 414, 1985},0, {-16, -16},{0xA5, 0xA5, 0xA5, 0xFF}}},
	{{{149, 434, 3255},0, {-16, 1008},{0xFF, 0xFF, 0xFF, 0xFF}}},
	{{{149, 434, 2010},0, {1008, 1008},{0xFF, 0xFF, 0xFF, 0xFF}}},
	{{{124, 434, 1985},0, {1008, -16},{0xA5, 0xA5, 0xA5, 0xFF}}},
	{{{124, 434, 3280},0, {-16, -16},{0xA5, 0xA5, 0xA5, 0xFF}}},
	{{{791, 434, 2010},0, {-16, 1008},{0xFF, 0xFF, 0xFF, 0xFF}}},
	{{{791, 434, 3255},0, {1008, 1008},{0xFF, 0xFF, 0xFF, 0xFF}}},
	{{{816, 434, 3280},0, {1008, -16},{0xA5, 0xA5, 0xA5, 0xFF}}},
	{{{816, 434, 1985},0, {-16, -16},{0xA5, 0xA5, 0xA5, 0xFF}}},
	{{{791, 414, 3255},0, {-16, 1008},{0xFF, 0xFF, 0xFF, 0xFF}}},
	{{{791, 414, 2010},0, {1008, 1008},{0xFF, 0xFF, 0xFF, 0xFF}}},
	{{{816, 414, 1985},0, {1008, -16},{0xA5, 0xA5, 0xA5, 0xFF}}},
	{{{816, 414, 3280},0, {-16, -16},{0xA5, 0xA5, 0xA5, 0xFF}}},
	{{{791, 900, 2010},0, {-16, 1008},{0xFF, 0xFF, 0xFF, 0xFF}}},
	{{{149, 900, 2010},0, {1008, 1008},{0xFF, 0xFF, 0xFF, 0xFF}}},
	{{{124, 900, 1985},0, {1008, -16},{0xA5, 0xA5, 0xA5, 0xFF}}},
	{{{816, 900, 1985},0, {-16, -16},{0xA5, 0xA5, 0xA5, 0xFF}}},
	{{{149, 920, 2010},0, {-16, 1008},{0xFF, 0xFF, 0xFF, 0xFF}}},
	{{{791, 920, 2010},0, {1008, 1008},{0xFF, 0xFF, 0xFF, 0xFF}}},
	{{{816, 920, 1985},0, {1008, -16},{0xA5, 0xA5, 0xA5, 0xFF}}},
	{{{124, 920, 1985},0, {-16, -16},{0xA5, 0xA5, 0xA5, 0xFF}}},
	{{{149, 900, 3255},0, {-16, 1008},{0xFF, 0xFF, 0xFF, 0xFF}}},
	{{{791, 900, 3255},0, {1008, 1008},{0xFF, 0xFF, 0xFF, 0xFF}}},
	{{{816, 900, 3280},0, {1008, -16},{0xA5, 0xA5, 0xA5, 0xFF}}},
	{{{124, 900, 3280},0, {-16, -16},{0xA5, 0xA5, 0xA5, 0xFF}}},
	{{{791, 920, 3255},0, {-16, 1008},{0xFF, 0xFF, 0xFF, 0xFF}}},
	{{{149, 920, 3255},0, {1008, 1008},{0xFF, 0xFF, 0xFF, 0xFF}}},
	{{{124, 920, 3280},0, {1008, -16},{0xA5, 0xA5, 0xA5, 0xFF}}},
	{{{816, 920, 3280},0, {-16, -16},{0xA5, 0xA5, 0xA5, 0xFF}}},
	{{{149, 900, 2010},0, {-16, 1008},{0xFF, 0xFF, 0xFF, 0xFF}}},
	{{{149, 900, 3255},0, {1008, 1008},{0xFF, 0xFF, 0xFF, 0xFF}}},
	{{{124, 900, 3280},0, {1008, -16},{0xA5, 0xA5, 0xA5, 0xFF}}},
	{{{124, 900, 1985},0, {-16, -16},{0xA5, 0xA5, 0xA5, 0xFF}}},
	{{{149, 920, 3255},0, {-16, 1008},{0xFF, 0xFF, 0xFF, 0xFF}}},
	{{{149, 920, 2010},0, {1008, 1008},{0xFF, 0xFF, 0xFF, 0xFF}}},
	{{{124, 920, 1985},0, {1008, -16},{0xA5, 0xA5, 0xA5, 0xFF}}},
	{{{124, 920, 3280},0, {-16, -16},{0xA5, 0xA5, 0xA5, 0xFF}}},
	{{{791, 920, 2010},0, {-16, 1008},{0xFF, 0xFF, 0xFF, 0xFF}}},
	{{{791, 920, 3255},0, {1008, 1008},{0xFF, 0xFF, 0xFF, 0xFF}}},
	{{{816, 920, 3280},0, {1008, -16},{0xA5, 0xA5, 0xA5, 0xFF}}},
	{{{816, 920, 1985},0, {-16, -16},{0xA5, 0xA5, 0xA5, 0xFF}}},
	{{{791, 900, 3255},0, {-16, 1008},{0xFF, 0xFF, 0xFF, 0xFF}}},
	{{{791, 900, 2010},0, {1008, 1008},{0xFF, 0xFF, 0xFF, 0xFF}}},
	{{{816, 900, 1985},0, {1008, -16},{0xA5, 0xA5, 0xA5, 0xFF}}},
	{{{816, 900, 3280},0, {-16, -16},{0xA5, 0xA5, 0xA5, 0xFF}}},
	{{{568, 414, 2419},0, {2908, -5961},{0xFF, 0xFF, 0xFF, 0xFF}}},
	{{{368, 414, 2419},0, {-1916, -5961},{0xFF, 0xFF, 0xFF, 0xFF}}},
	{{{368, 434, 2419},0, {2971, -6025},{0xFF, 0xFF, 0xFF, 0xFF}}},
	{{{368, 434, 2219},0, {2971, 7017},{0xFF, 0xFF, 0xFF, 0xFF}}},
	{{{368, 414, 2219},0, {-1916, 6953},{0xFF, 0xFF, 0xFF, 0xFF}}},
	{{{568, 434, 2219},0, {-1979, 7017},{0xFF, 0xFF, 0xFF, 0xFF}}},
	{{{568, 414, 2219},0, {2908, 6953},{0xFF, 0xFF, 0xFF, 0xFF}}},
	{{{568, 434, 2419},0, {-1979, -6025},{0xFF, 0xFF, 0xFF, 0xFF}}},
	{{{568, 920, 2967},0, {2295, 8958},{0xFF, 0xFF, 0xFF, 0xFF}}},
	{{{368, 920, 2967},0, {-3204, 8958},{0xFF, 0xFF, 0xFF, 0xFF}}},
	{{{368, 900, 2967},0, {-3204, 8958},{0xFF, 0xFF, 0xFF, 0xFF}}},
	{{{368, 900, 3167},0, {-3204, 14456},{0xFF, 0xFF, 0xFF, 0xFF}}},
	{{{368, 920, 3167},0, {-3204, 14456},{0xFF, 0xFF, 0xFF, 0xFF}}},
	{{{568, 900, 3167},0, {2295, 14456},{0xFF, 0xFF, 0xFF, 0xFF}}},
	{{{568, 920, 3167},0, {2295, 14456},{0xFF, 0xFF, 0xFF, 0xFF}}},
	{{{568, 900, 2967},0, {2295, 8958},{0xFF, 0xFF, 0xFF, 0xFF}}},
};

Gfx jrb_dl_Cube_048_mesh_layer_1_tri_0[] = {
	gsSPVertex(jrb_dl_Cube_048_mesh_layer_1_vtx_0 + 0, 16, 0),
	gsSP1Triangle(0, 1, 2, 0),
	gsSP1Triangle(0, 2, 3, 0),
	gsSP1Triangle(4, 5, 6, 0),
	gsSP1Triangle(4, 6, 7, 0),
	gsSP1Triangle(8, 9, 10, 0),
	gsSP1Triangle(8, 10, 11, 0),
	gsSP1Triangle(12, 13, 14, 0),
	gsSP1Triangle(12, 14, 15, 0),
	gsSPVertex(jrb_dl_Cube_048_mesh_layer_1_vtx_0 + 16, 16, 0),
	gsSP1Triangle(0, 1, 2, 0),
	gsSP1Triangle(0, 2, 3, 0),
	gsSP1Triangle(4, 5, 6, 0),
	gsSP1Triangle(4, 6, 7, 0),
	gsSP1Triangle(8, 9, 10, 0),
	gsSP1Triangle(8, 10, 11, 0),
	gsSP1Triangle(12, 13, 14, 0),
	gsSP1Triangle(12, 14, 15, 0),
	gsSPVertex(jrb_dl_Cube_048_mesh_layer_1_vtx_0 + 32, 16, 0),
	gsSP1Triangle(0, 1, 2, 0),
	gsSP1Triangle(0, 2, 3, 0),
	gsSP1Triangle(4, 5, 6, 0),
	gsSP1Triangle(4, 6, 7, 0),
	gsSP1Triangle(8, 9, 10, 0),
	gsSP1Triangle(8, 10, 11, 0),
	gsSP1Triangle(12, 13, 14, 0),
	gsSP1Triangle(12, 14, 15, 0),
	gsSPVertex(jrb_dl_Cube_048_mesh_layer_1_vtx_0 + 48, 16, 0),
	gsSP1Triangle(0, 1, 2, 0),
	gsSP1Triangle(0, 2, 3, 0),
	gsSP1Triangle(4, 5, 6, 0),
	gsSP1Triangle(4, 6, 7, 0),
	gsSP1Triangle(8, 9, 10, 0),
	gsSP1Triangle(8, 10, 11, 0),
	gsSP1Triangle(12, 13, 14, 0),
	gsSP1Triangle(12, 14, 15, 0),
	gsSPVertex(jrb_dl_Cube_048_mesh_layer_1_vtx_0 + 64, 16, 0),
	gsSP1Triangle(0, 1, 2, 0),
	gsSP1Triangle(0, 2, 3, 0),
	gsSP1Triangle(4, 5, 6, 0),
	gsSP1Triangle(4, 6, 7, 0),
	gsSP1Triangle(8, 9, 10, 0),
	gsSP1Triangle(8, 10, 11, 0),
	gsSP1Triangle(12, 13, 14, 0),
	gsSP1Triangle(12, 14, 15, 0),
	gsSPVertex(jrb_dl_Cube_048_mesh_layer_1_vtx_0 + 80, 16, 0),
	gsSP1Triangle(0, 1, 2, 0),
	gsSP1Triangle(0, 2, 3, 0),
	gsSP1Triangle(4, 5, 6, 0),
	gsSP1Triangle(4, 6, 7, 0),
	gsSP1Triangle(8, 9, 10, 0),
	gsSP1Triangle(8, 10, 11, 0),
	gsSP1Triangle(12, 13, 14, 0),
	gsSP1Triangle(12, 14, 15, 0),
	gsSPVertex(jrb_dl_Cube_048_mesh_layer_1_vtx_0 + 96, 16, 0),
	gsSP1Triangle(0, 1, 2, 0),
	gsSP1Triangle(1, 3, 2, 0),
	gsSP1Triangle(1, 4, 3, 0),
	gsSP1Triangle(4, 5, 3, 0),
	gsSP1Triangle(4, 6, 5, 0),
	gsSP1Triangle(6, 7, 5, 0),
	gsSP1Triangle(6, 0, 7, 0),
	gsSP1Triangle(0, 2, 7, 0),
	gsSP1Triangle(8, 9, 10, 0),
	gsSP1Triangle(9, 11, 10, 0),
	gsSP1Triangle(9, 12, 11, 0),
	gsSP1Triangle(12, 13, 11, 0),
	gsSP1Triangle(12, 14, 13, 0),
	gsSP1Triangle(14, 15, 13, 0),
	gsSP1Triangle(14, 8, 15, 0),
	gsSP1Triangle(8, 10, 15, 0),
	gsSPEndDisplayList(),
};

Vtx jrb_dl_Cube_048_mesh_layer_4_vtx_0[32] = {
	{{{568, 434, 2219},0, {3541, -18434},{0xFF, 0xFF, 0xFF, 0xFF}}},
	{{{149, 434, 2010},0, {-14959, -27666},{0xFF, 0xFF, 0xFF, 0xFF}}},
	{{{368, 434, 2219},0, {-5289, -18434},{0xFF, 0xFF, 0xFF, 0xFF}}},
	{{{791, 434, 2010},0, {13365, -27666},{0xFF, 0xFF, 0xFF, 0xFF}}},
	{{{568, 434, 2419},0, {3541, -9603},{0xFF, 0xFF, 0xFF, 0xFF}}},
	{{{791, 434, 3255},0, {13365, 27314},{0xFF, 0xFF, 0xFF, 0xFF}}},
	{{{149, 434, 3255},0, {-14959, 27314},{0xFF, 0xFF, 0xFF, 0xFF}}},
	{{{368, 434, 2419},0, {-5289, -9603},{0xFF, 0xFF, 0xFF, 0xFF}}},
	{{{568, 414, 2219},0, {3541, -18434},{0xFF, 0xFF, 0xFF, 0xFF}}},
	{{{149, 414, 2010},0, {-14959, -27666},{0xFF, 0xFF, 0xFF, 0xFF}}},
	{{{791, 414, 2010},0, {13365, -27666},{0xFF, 0xFF, 0xFF, 0xFF}}},
	{{{368, 414, 2219},0, {-5289, -18434},{0xFF, 0xFF, 0xFF, 0xFF}}},
	{{{368, 414, 2419},0, {-5289, -9603},{0xFF, 0xFF, 0xFF, 0xFF}}},
	{{{149, 414, 3255},0, {-14959, 27314},{0xFF, 0xFF, 0xFF, 0xFF}}},
	{{{568, 414, 2419},0, {3541, -9603},{0xFF, 0xFF, 0xFF, 0xFF}}},
	{{{791, 414, 3255},0, {13365, 27314},{0xFF, 0xFF, 0xFF, 0xFF}}},
	{{{568, 900, 2967},0, {3541, 14578},{0xFF, 0xFF, 0xFF, 0xFF}}},
	{{{149, 900, 2010},0, {-14959, -27666},{0xFF, 0xFF, 0xFF, 0xFF}}},
	{{{791, 900, 2010},0, {13365, -27666},{0xFF, 0xFF, 0xFF, 0xFF}}},
	{{{368, 900, 2967},0, {-5289, 14578},{0xFF, 0xFF, 0xFF, 0xFF}}},
	{{{149, 900, 3255},0, {-14959, 27314},{0xFF, 0xFF, 0xFF, 0xFF}}},
	{{{368, 900, 3167},0, {-5289, 23408},{0xFF, 0xFF, 0xFF, 0xFF}}},
	{{{568, 900, 3167},0, {3541, 23408},{0xFF, 0xFF, 0xFF, 0xFF}}},
	{{{791, 900, 3255},0, {13365, 27314},{0xFF, 0xFF, 0xFF, 0xFF}}},
	{{{568, 920, 2967},0, {3541, 14578},{0xFF, 0xFF, 0xFF, 0xFF}}},
	{{{149, 920, 2010},0, {-14959, -27666},{0xFF, 0xFF, 0xFF, 0xFF}}},
	{{{368, 920, 2967},0, {-5289, 14578},{0xFF, 0xFF, 0xFF, 0xFF}}},
	{{{791, 920, 2010},0, {13365, -27666},{0xFF, 0xFF, 0xFF, 0xFF}}},
	{{{791, 920, 3255},0, {13365, 27314},{0xFF, 0xFF, 0xFF, 0xFF}}},
	{{{568, 920, 3167},0, {3541, 23408},{0xFF, 0xFF, 0xFF, 0xFF}}},
	{{{149, 920, 3255},0, {-14959, 27314},{0xFF, 0xFF, 0xFF, 0xFF}}},
	{{{368, 920, 3167},0, {-5289, 23408},{0xFF, 0xFF, 0xFF, 0xFF}}},
};

Gfx jrb_dl_Cube_048_mesh_layer_4_tri_0[] = {
	gsSPVertex(jrb_dl_Cube_048_mesh_layer_4_vtx_0 + 0, 16, 0),
	gsSP1Triangle(0, 1, 2, 0),
	gsSP1Triangle(0, 3, 1, 0),
	gsSP1Triangle(4, 3, 0, 0),
	gsSP1Triangle(4, 5, 3, 0),
	gsSP1Triangle(4, 6, 5, 0),
	gsSP1Triangle(4, 7, 6, 0),
	gsSP1Triangle(7, 1, 6, 0),
	gsSP1Triangle(7, 2, 1, 0),
	gsSP1Triangle(8, 9, 10, 0),
	gsSP1Triangle(8, 11, 9, 0),
	gsSP1Triangle(12, 9, 11, 0),
	gsSP1Triangle(12, 13, 9, 0),
	gsSP1Triangle(14, 13, 12, 0),
	gsSP1Triangle(14, 15, 13, 0),
	gsSP1Triangle(14, 10, 15, 0),
	gsSP1Triangle(14, 8, 10, 0),
	gsSPVertex(jrb_dl_Cube_048_mesh_layer_4_vtx_0 + 16, 16, 0),
	gsSP1Triangle(0, 1, 2, 0),
	gsSP1Triangle(0, 3, 1, 0),
	gsSP1Triangle(3, 4, 1, 0),
	gsSP1Triangle(3, 5, 4, 0),
	gsSP1Triangle(6, 4, 5, 0),
	gsSP1Triangle(6, 7, 4, 0),
	gsSP1Triangle(0, 7, 6, 0),
	gsSP1Triangle(0, 2, 7, 0),
	gsSP1Triangle(8, 9, 10, 0),
	gsSP1Triangle(8, 11, 9, 0),
	gsSP1Triangle(8, 12, 11, 0),
	gsSP1Triangle(8, 13, 12, 0),
	gsSP1Triangle(13, 14, 12, 0),
	gsSP1Triangle(13, 15, 14, 0),
	gsSP1Triangle(10, 14, 15, 0),
	gsSP1Triangle(10, 9, 14, 0),
	gsSPEndDisplayList(),
};

Vtx jrb_dl_Cube_049_mesh_layer_1_vtx_0[32] = {
	{{{149, 875, 3257},0, {624, -7},{0xFF, 0xFF, 0xFF, 0xFF}}},
	{{{149, 459, 3257},0, {624, -7},{0xFF, 0xFF, 0xFF, 0xFF}}},
	{{{124, 434, 3257},0, {624, -16},{0xA5, 0xA5, 0xA5, 0xFF}}},
	{{{816, 434, 3257},0, {624, 240},{0xA5, 0xA5, 0xA5, 0xFF}}},
	{{{791, 459, 3257},0, {624, 231},{0xFF, 0xFF, 0xFF, 0xFF}}},
	{{{816, 900, 3257},0, {624, 240},{0xA5, 0xA5, 0xA5, 0xFF}}},
	{{{791, 875, 3257},0, {624, 231},{0xFF, 0xFF, 0xFF, 0xFF}}},
	{{{124, 900, 3257},0, {624, -16},{0xA5, 0xA5, 0xA5, 0xFF}}},
	{{{124, 434, 3280},0, {624, -16},{0xA5, 0xA5, 0xA5, 0xFF}}},
	{{{816, 434, 3280},0, {624, 240},{0xA5, 0xA5, 0xA5, 0xFF}}},
	{{{816, 900, 3280},0, {624, 240},{0xA5, 0xA5, 0xA5, 0xFF}}},
	{{{124, 900, 3280},0, {624, -16},{0xA5, 0xA5, 0xA5, 0xFF}}},
	{{{149, 459, 3280},0, {624, -7},{0xFF, 0xFF, 0xFF, 0xFF}}},
	{{{791, 459, 3280},0, {624, 231},{0xFF, 0xFF, 0xFF, 0xFF}}},
	{{{791, 875, 3280},0, {624, 231},{0xFF, 0xFF, 0xFF, 0xFF}}},
	{{{149, 875, 3280},0, {624, -7},{0xFF, 0xFF, 0xFF, 0xFF}}},
	{{{149, 875, 2008},0, {871, 240},{0xFF, 0xFF, 0xFF, 0xFF}}},
	{{{124, 434, 2008},0, {880, 240},{0xA5, 0xA5, 0xA5, 0xFF}}},
	{{{149, 459, 2008},0, {871, 240},{0xFF, 0xFF, 0xFF, 0xFF}}},
	{{{124, 900, 2008},0, {880, 240},{0xA5, 0xA5, 0xA5, 0xFF}}},
	{{{791, 875, 2008},0, {633, 240},{0xFF, 0xFF, 0xFF, 0xFF}}},
	{{{816, 900, 2008},0, {624, 240},{0xA5, 0xA5, 0xA5, 0xFF}}},
	{{{791, 459, 2008},0, {633, 240},{0xFF, 0xFF, 0xFF, 0xFF}}},
	{{{816, 434, 2008},0, {624, 240},{0xA5, 0xA5, 0xA5, 0xFF}}},
	{{{816, 434, 1985},0, {624, 240},{0xA5, 0xA5, 0xA5, 0xFF}}},
	{{{124, 434, 1985},0, {880, 240},{0xA5, 0xA5, 0xA5, 0xFF}}},
	{{{124, 900, 1985},0, {880, 240},{0xA5, 0xA5, 0xA5, 0xFF}}},
	{{{816, 900, 1985},0, {624, 240},{0xA5, 0xA5, 0xA5, 0xFF}}},
	{{{791, 875, 1985},0, {633, 240},{0xFF, 0xFF, 0xFF, 0xFF}}},
	{{{791, 459, 1985},0, {633, 240},{0xFF, 0xFF, 0xFF, 0xFF}}},
	{{{149, 459, 1985},0, {871, 240},{0xFF, 0xFF, 0xFF, 0xFF}}},
	{{{149, 875, 1985},0, {871, 240},{0xFF, 0xFF, 0xFF, 0xFF}}},
};

Gfx jrb_dl_Cube_049_mesh_layer_1_tri_0[] = {
	gsSPVertex(jrb_dl_Cube_049_mesh_layer_1_vtx_0 + 0, 16, 0),
	gsSP1Triangle(0, 1, 2, 0),
	gsSP1Triangle(1, 3, 2, 0),
	gsSP1Triangle(1, 4, 3, 0),
	gsSP1Triangle(4, 5, 3, 0),
	gsSP1Triangle(4, 6, 5, 0),
	gsSP1Triangle(6, 7, 5, 0),
	gsSP1Triangle(6, 0, 7, 0),
	gsSP1Triangle(0, 2, 7, 0),
	gsSP1Triangle(8, 7, 2, 0),
	gsSP1Triangle(9, 8, 2, 0),
	gsSP1Triangle(9, 2, 3, 0),
	gsSP1Triangle(10, 9, 3, 0),
	gsSP1Triangle(10, 3, 5, 0),
	gsSP1Triangle(11, 10, 5, 0),
	gsSP1Triangle(11, 5, 7, 0),
	gsSP1Triangle(8, 11, 7, 0),
	gsSP1Triangle(12, 11, 8, 0),
	gsSP1Triangle(13, 12, 8, 0),
	gsSP1Triangle(13, 8, 9, 0),
	gsSP1Triangle(14, 13, 9, 0),
	gsSP1Triangle(14, 9, 10, 0),
	gsSP1Triangle(15, 14, 10, 0),
	gsSP1Triangle(15, 10, 11, 0),
	gsSP1Triangle(12, 15, 11, 0),
	gsSPVertex(jrb_dl_Cube_049_mesh_layer_1_vtx_0 + 16, 16, 0),
	gsSP1Triangle(0, 1, 2, 0),
	gsSP1Triangle(0, 3, 1, 0),
	gsSP1Triangle(4, 3, 0, 0),
	gsSP1Triangle(4, 5, 3, 0),
	gsSP1Triangle(6, 5, 4, 0),
	gsSP1Triangle(6, 7, 5, 0),
	gsSP1Triangle(2, 7, 6, 0),
	gsSP1Triangle(2, 1, 7, 0),
	gsSP1Triangle(8, 7, 1, 0),
	gsSP1Triangle(8, 1, 9, 0),
	gsSP1Triangle(9, 1, 3, 0),
	gsSP1Triangle(9, 3, 10, 0),
	gsSP1Triangle(10, 3, 5, 0),
	gsSP1Triangle(10, 5, 11, 0),
	gsSP1Triangle(11, 5, 7, 0),
	gsSP1Triangle(11, 7, 8, 0),
	gsSP1Triangle(12, 11, 8, 0),
	gsSP1Triangle(12, 8, 13, 0),
	gsSP1Triangle(13, 8, 9, 0),
	gsSP1Triangle(13, 9, 14, 0),
	gsSP1Triangle(14, 9, 10, 0),
	gsSP1Triangle(14, 10, 15, 0),
	gsSP1Triangle(15, 10, 11, 0),
	gsSP1Triangle(15, 11, 12, 0),
	gsSPEndDisplayList(),
};

Vtx jrb_dl_Cube_049_mesh_layer_4_vtx_0[16] = {
	{{{791, 459, 3257},0, {-7184, 9200},{0xFF, 0xFF, 0xFF, 0xFF}}},
	{{{149, 459, 3257},0, {9200, 9200},{0xFF, 0xFF, 0xFF, 0xFF}}},
	{{{149, 875, 3257},0, {9200, -7184},{0xFF, 0xFF, 0xFF, 0xFF}}},
	{{{791, 875, 3257},0, {-7184, -7184},{0xFF, 0xFF, 0xFF, 0xFF}}},
	{{{791, 459, 3280},0, {-7184, 9200},{0xFF, 0xFF, 0xFF, 0xFF}}},
	{{{791, 875, 3280},0, {9200, 9200},{0xFF, 0xFF, 0xFF, 0xFF}}},
	{{{149, 875, 3280},0, {9200, -7184},{0xFF, 0xFF, 0xFF, 0xFF}}},
	{{{149, 459, 3280},0, {-7184, -7184},{0xFF, 0xFF, 0xFF, 0xFF}}},
	{{{791, 459, 1985},0, {-7184, 9200},{0xFF, 0xFF, 0xFF, 0xFF}}},
	{{{149, 459, 1985},0, {-7184, -7184},{0xFF, 0xFF, 0xFF, 0xFF}}},
	{{{149, 875, 1985},0, {9200, -7184},{0xFF, 0xFF, 0xFF, 0xFF}}},
	{{{791, 875, 1985},0, {9200, 9200},{0xFF, 0xFF, 0xFF, 0xFF}}},
	{{{791, 459, 2008},0, {-7184, 9200},{0xFF, 0xFF, 0xFF, 0xFF}}},
	{{{791, 875, 2008},0, {-7184, -7184},{0xFF, 0xFF, 0xFF, 0xFF}}},
	{{{149, 875, 2008},0, {9200, -7184},{0xFF, 0xFF, 0xFF, 0xFF}}},
	{{{149, 459, 2008},0, {9200, 9200},{0xFF, 0xFF, 0xFF, 0xFF}}},
};

Gfx jrb_dl_Cube_049_mesh_layer_4_tri_0[] = {
	gsSPVertex(jrb_dl_Cube_049_mesh_layer_4_vtx_0 + 0, 16, 0),
	gsSP1Triangle(0, 1, 2, 0),
	gsSP1Triangle(0, 2, 3, 0),
	gsSP1Triangle(4, 5, 6, 0),
	gsSP1Triangle(4, 6, 7, 0),
	gsSP1Triangle(8, 9, 10, 0),
	gsSP1Triangle(8, 10, 11, 0),
	gsSP1Triangle(12, 13, 14, 0),
	gsSP1Triangle(12, 14, 15, 0),
	gsSPEndDisplayList(),
};

Vtx jrb_dl_Cube_052_mesh_layer_1_vtx_0[55] = {
	{{{816, 900, 2008},0, {624, 240},{0xA5, 0xA5, 0xA5, 0xFF}}},
	{{{816, 434, 2008},0, {624, 240},{0xA5, 0xA5, 0xA5, 0xFF}}},
	{{{798, 434, 2008},0, {624, 240},{0xA5, 0xA5, 0xA5, 0xFF}}},
	{{{798, 900, 2008},0, {624, 240},{0xA5, 0xA5, 0xA5, 0xFF}}},
	{{{798, 459, 2033},0, {624, 240},{0xFF, 0xFF, 0xFF, 0xFF}}},
	{{{798, 459, 3232},0, {624, 240},{0xFF, 0xFF, 0xFF, 0xFF}}},
	{{{798, 434, 3257},0, {624, 240},{0xA5, 0xA5, 0xA5, 0xFF}}},
	{{{798, 875, 3232},0, {624, 240},{0xFF, 0xFF, 0xFF, 0xFF}}},
	{{{798, 900, 3257},0, {624, 240},{0xA5, 0xA5, 0xA5, 0xFF}}},
	{{{816, 434, 3257},0, {624, 240},{0xA5, 0xA5, 0xA5, 0xFF}}},
	{{{816, 900, 3257},0, {624, 240},{0xA5, 0xA5, 0xA5, 0xFF}}},
	{{{798, 875, 2033},0, {624, 240},{0xFF, 0xFF, 0xFF, 0xFF}}},
	{{{816, 434, 2008},0, {-16, 1008},{0xA5, 0xA5, 0xA5, 0xFF}}},
	{{{798, 434, 3257},0, {-16, 1008},{0xA5, 0xA5, 0xA5, 0xFF}}},
	{{{798, 434, 2008},0, {-16, 1008},{0xA5, 0xA5, 0xA5, 0xFF}}},
	{{{816, 434, 3257},0, {-16, 1008},{0xA5, 0xA5, 0xA5, 0xFF}}},
	{{{816, 459, 2033},0, {-13, 1004},{0xFF, 0xFF, 0xFF, 0xFF}}},
	{{{816, 434, 3257},0, {-16, 1008},{0xA5, 0xA5, 0xA5, 0xFF}}},
	{{{816, 434, 2008},0, {-16, 1008},{0xA5, 0xA5, 0xA5, 0xFF}}},
	{{{816, 875, 2033},0, {-6, 997},{0xFF, 0xFF, 0xFF, 0xFF}}},
	{{{816, 900, 2008},0, {-16, 1008},{0xA5, 0xA5, 0xA5, 0xFF}}},
	{{{816, 875, 3232},0, {580, 293},{0xFF, 0xFF, 0xFF, 0xFF}}},
	{{{816, 900, 3257},0, {624, 240},{0xA5, 0xA5, 0xA5, 0xFF}}},
	{{{816, 459, 3232},0, {15, 971},{0xFF, 0xFF, 0xFF, 0xFF}}},
	{{{816, 900, 3257},0, {-16, 1008},{0xA5, 0xA5, 0xA5, 0xFF}}},
	{{{798, 900, 2008},0, {-16, 1008},{0xA5, 0xA5, 0xA5, 0xFF}}},
	{{{798, 900, 3257},0, {-16, 1008},{0xA5, 0xA5, 0xA5, 0xFF}}},
	{{{124, 434, 2008},0, {-16, 1008},{0xA5, 0xA5, 0xA5, 0xFF}}},
	{{{138, 434, 2008},0, {-16, 1008},{0xA5, 0xA5, 0xA5, 0xFF}}},
	{{{138, 434, 3257},0, {-16, 1008},{0xA5, 0xA5, 0xA5, 0xFF}}},
	{{{124, 434, 3257},0, {-16, 1008},{0xA5, 0xA5, 0xA5, 0xFF}}},
	{{{124, 434, 3257},0, {624, -16},{0xA5, 0xA5, 0xA5, 0xFF}}},
	{{{138, 900, 3257},0, {624, -16},{0xA5, 0xA5, 0xA5, 0xFF}}},
	{{{124, 900, 3257},0, {624, -16},{0xA5, 0xA5, 0xA5, 0xFF}}},
	{{{138, 434, 3257},0, {624, -16},{0xA5, 0xA5, 0xA5, 0xFF}}},
	{{{138, 875, 3232},0, {629, -11},{0xFF, 0xFF, 0xFF, 0xFF}}},
	{{{138, 459, 3232},0, {629, -11},{0xFF, 0xFF, 0xFF, 0xFF}}},
	{{{138, 434, 2008},0, {880, 240},{0xA5, 0xA5, 0xA5, 0xFF}}},
	{{{138, 459, 2033},0, {875, 235},{0xFF, 0xFF, 0xFF, 0xFF}}},
	{{{138, 900, 2008},0, {880, 240},{0xA5, 0xA5, 0xA5, 0xFF}}},
	{{{124, 900, 2008},0, {880, 240},{0xA5, 0xA5, 0xA5, 0xFF}}},
	{{{124, 434, 2008},0, {880, 240},{0xA5, 0xA5, 0xA5, 0xFF}}},
	{{{138, 875, 2033},0, {875, 235},{0xFF, 0xFF, 0xFF, 0xFF}}},
	{{{124, 900, 3257},0, {-16, 1008},{0xA5, 0xA5, 0xA5, 0xFF}}},
	{{{138, 900, 3257},0, {-16, 1008},{0xA5, 0xA5, 0xA5, 0xFF}}},
	{{{138, 900, 2008},0, {-16, 1008},{0xA5, 0xA5, 0xA5, 0xFF}}},
	{{{124, 900, 2008},0, {-16, 1008},{0xA5, 0xA5, 0xA5, 0xFF}}},
	{{{124, 875, 3232},0, {15, 958},{0xFF, 0xFF, 0xFF, 0xFF}}},
	{{{124, 900, 3257},0, {-16, 1008},{0xA5, 0xA5, 0xA5, 0xFF}}},
	{{{124, 900, 2008},0, {-16, 1008},{0xA5, 0xA5, 0xA5, 0xFF}}},
	{{{124, 875, 2033},0, {-13, 1003},{0xFF, 0xFF, 0xFF, 0xFF}}},
	{{{124, 434, 2008},0, {-16, 1008},{0xA5, 0xA5, 0xA5, 0xFF}}},
	{{{124, 459, 2033},0, {-6, 993},{0xFF, 0xFF, 0xFF, 0xFF}}},
	{{{124, 434, 3257},0, {624, -16},{0xA5, 0xA5, 0xA5, 0xFF}}},
	{{{124, 459, 3232},0, {580, 54},{0xFF, 0xFF, 0xFF, 0xFF}}},
};

Gfx jrb_dl_Cube_052_mesh_layer_1_tri_0[] = {
	gsSPVertex(jrb_dl_Cube_052_mesh_layer_1_vtx_0 + 0, 16, 0),
	gsSP1Triangle(0, 1, 2, 0),
	gsSP1Triangle(0, 2, 3, 0),
	gsSP1Triangle(4, 3, 2, 0),
	gsSP1Triangle(5, 4, 2, 0),
	gsSP1Triangle(5, 2, 6, 0),
	gsSP1Triangle(7, 5, 6, 0),
	gsSP1Triangle(7, 6, 8, 0),
	gsSP1Triangle(9, 8, 6, 0),
	gsSP1Triangle(9, 10, 8, 0),
	gsSP1Triangle(11, 7, 8, 0),
	gsSP1Triangle(11, 8, 3, 0),
	gsSP1Triangle(4, 11, 3, 0),
	gsSP1Triangle(12, 13, 14, 0),
	gsSP1Triangle(12, 15, 13, 0),
	gsSPVertex(jrb_dl_Cube_052_mesh_layer_1_vtx_0 + 16, 15, 0),
	gsSP1Triangle(0, 1, 2, 0),
	gsSP1Triangle(3, 0, 2, 0),
	gsSP1Triangle(3, 2, 4, 0),
	gsSP1Triangle(5, 3, 4, 0),
	gsSP1Triangle(5, 4, 6, 0),
	gsSP1Triangle(7, 5, 6, 0),
	gsSP1Triangle(7, 6, 1, 0),
	gsSP1Triangle(0, 7, 1, 0),
	gsSP1Triangle(8, 4, 9, 0),
	gsSP1Triangle(8, 9, 10, 0),
	gsSP1Triangle(11, 12, 13, 0),
	gsSP1Triangle(11, 13, 14, 0),
	gsSPVertex(jrb_dl_Cube_052_mesh_layer_1_vtx_0 + 31, 16, 0),
	gsSP1Triangle(0, 1, 2, 0),
	gsSP1Triangle(0, 3, 1, 0),
	gsSP1Triangle(4, 1, 3, 0),
	gsSP1Triangle(4, 3, 5, 0),
	gsSP1Triangle(5, 3, 6, 0),
	gsSP1Triangle(5, 6, 7, 0),
	gsSP1Triangle(7, 6, 8, 0),
	gsSP1Triangle(9, 8, 6, 0),
	gsSP1Triangle(9, 6, 10, 0),
	gsSP1Triangle(7, 8, 11, 0),
	gsSP1Triangle(11, 8, 1, 0),
	gsSP1Triangle(11, 1, 4, 0),
	gsSP1Triangle(12, 13, 14, 0),
	gsSP1Triangle(12, 14, 15, 0),
	gsSPVertex(jrb_dl_Cube_052_mesh_layer_1_vtx_0 + 47, 8, 0),
	gsSP1Triangle(0, 1, 2, 0),
	gsSP1Triangle(0, 2, 3, 0),
	gsSP1Triangle(3, 2, 4, 0),
	gsSP1Triangle(3, 4, 5, 0),
	gsSP1Triangle(5, 4, 6, 0),
	gsSP1Triangle(5, 6, 7, 0),
	gsSP1Triangle(7, 6, 1, 0),
	gsSP1Triangle(7, 1, 0, 0),
	gsSPEndDisplayList(),
};

Vtx jrb_dl_Cube_052_mesh_layer_4_vtx_0[16] = {
	{{{798, 459, 3232},0, {-9554, 19325},{0xFF, 0xFF, 0xFF, 0xFF}}},
	{{{798, 875, 3232},0, {11570, 19325},{0xFF, 0xFF, 0xFF, 0xFF}}},
	{{{798, 875, 2033},0, {11570, -17309},{0xFF, 0xFF, 0xFF, 0xFF}}},
	{{{798, 459, 2033},0, {-9554, -17309},{0xFF, 0xFF, 0xFF, 0xFF}}},
	{{{138, 459, 3232},0, {-9554, 19325},{0xFF, 0xFF, 0xFF, 0xFF}}},
	{{{138, 459, 2033},0, {-9554, -17309},{0xFF, 0xFF, 0xFF, 0xFF}}},
	{{{138, 875, 2033},0, {11570, -17309},{0xFF, 0xFF, 0xFF, 0xFF}}},
	{{{138, 875, 3232},0, {11570, 19325},{0xFF, 0xFF, 0xFF, 0xFF}}},
	{{{816, 459, 2033},0, {-9554, 19325},{0xFF, 0xFF, 0xFF, 0xFF}}},
	{{{816, 875, 2033},0, {11570, 19325},{0xFF, 0xFF, 0xFF, 0xFF}}},
	{{{816, 875, 3232},0, {11570, -17309},{0xFF, 0xFF, 0xFF, 0xFF}}},
	{{{816, 459, 3232},0, {-9554, -17309},{0xFF, 0xFF, 0xFF, 0xFF}}},
	{{{124, 875, 2033},0, {-9554, -17309},{0xFF, 0xFF, 0xFF, 0xFF}}},
	{{{124, 459, 2033},0, {11570, -17309},{0xFF, 0xFF, 0xFF, 0xFF}}},
	{{{124, 459, 3232},0, {11570, 19325},{0xFF, 0xFF, 0xFF, 0xFF}}},
	{{{124, 875, 3232},0, {-9554, 19325},{0xFF, 0xFF, 0xFF, 0xFF}}},
};

Gfx jrb_dl_Cube_052_mesh_layer_4_tri_0[] = {
	gsSPVertex(jrb_dl_Cube_052_mesh_layer_4_vtx_0 + 0, 16, 0),
	gsSP1Triangle(0, 1, 2, 0),
	gsSP1Triangle(0, 2, 3, 0),
	gsSP1Triangle(4, 5, 6, 0),
	gsSP1Triangle(4, 6, 7, 0),
	gsSP1Triangle(8, 9, 10, 0),
	gsSP1Triangle(8, 10, 11, 0),
	gsSP1Triangle(12, 13, 14, 0),
	gsSP1Triangle(12, 14, 15, 0),
	gsSPEndDisplayList(),
};

Vtx jrb_dl_level_005_mesh_layer_1_vtx_0[296] = {
	{{{-4755, 3239, 709},0, {-403, 410},{0x96, 0x43, 0xEC, 0xFF}}},
	{{{-4720, 3207, 592},0, {32, 438},{0xA2, 0x46, 0xCF, 0xFF}}},
	{{{-4711, 3166, 527},0, {282, 344},{0x9E, 0x39, 0xC6, 0xFF}}},
	{{{-4821, 3180, 709},0, {-399, 113},{0x99, 0x4B, 0xFE, 0xFF}}},
	{{{-4814, 3126, 567},0, {25, -4},{0xA1, 0x38, 0xC1, 0xFF}}},
	{{{-4741, 3080, 508},0, {382, 48},{0xA5, 0x2A, 0xB2, 0xFF}}},
	{{{-4823, 2888, 501},0, {382, -633},{0xA0, 0x24, 0xB4, 0xFF}}},
	{{{-4866, 2899, 536},0, {170, -660},{0x96, 0x13, 0xBC, 0xFF}}},
	{{{-4873, 2819, 547},0, {182, -908},{0x91, 0x23, 0xCE, 0xFF}}},
	{{{-4877, 2839, 576},0, {68, -868},{0x86, 0x19, 0xE9, 0xFF}}},
	{{{-4903, 2798, 709},0, {-390, -1035},{0x84, 0x1C, 0xFC, 0xFF}}},
	{{{-4898, 2908, 709},0, {-397, -700},{0x83, 0x14, 0x0, 0xFF}}},
	{{{-4870, 2901, 857},0, {-891, -694},{0x86, 0x22, 0x8, 0xFF}}},
	{{{-4814, 3126, 851},0, {-822, -16},{0xA0, 0x36, 0x40, 0xFF}}},
	{{{-4854, 2950, 875},0, {-952, -529},{0x87, 0x25, 0xA, 0xFF}}},
	{{{-4792, 3136, 860},0, {-883, 60},{0x91, 0x38, 0x1A, 0xFF}}},
	{{{-5839, -58, -751},0, {2629, -2587},{0x9E, 0x20, 0xB5, 0xFF}}},
	{{{-5622, 117, -846},0, {1798, -1894},{0xC3, 0x2C, 0x9A, 0xFF}}},
	{{{-5823, -60, -772},0, {2609, -2495},{0xB0, 0x29, 0xA6, 0xFF}}},
	{{{-5690, 188, -839},0, {1734, -2224},{0xDC, 0x16, 0x88, 0xFF}}},
	{{{-5864, 66, -732},0, {2275, -2786},{0x94, 0x15, 0xC0, 0xFF}}},
	{{{-5877, -36, -658},0, {2629, -2987},{0x8E, 0x1B, 0xCE, 0xFF}}},
	{{{-5897, -4, -590},0, {2523, -3247},{0x8D, 0x1F, 0xD4, 0xFF}}},
	{{{-5900, 39, -590},0, {2394, -3241},{0x82, 0x11, 0xFF, 0xFF}}},
	{{{-5890, 46, -551},0, {2358, -3371},{0x8F, 0x35, 0xE8, 0xFF}}},
	{{{-5788, 289, -590},0, {1544, -3163},{0x94, 0x43, 0x0, 0xFF}}},
	{{{-5813, 203, -517},0, {1774, -3451},{0x92, 0x3C, 0xED, 0xFF}}},
	{{{-5775, 276, -501},0, {1482, -3456},{0x96, 0x43, 0xEA, 0xFF}}},
	{{{-5631, 465, -531},0, {706, -3101},{0xA0, 0x50, 0xE7, 0xFF}}},
	{{{-5626, 488, -590},0, {740, -2891},{0xC9, 0x73, 0x0, 0xFF}}},
	{{{-5607, 476, -557},0, {632, -2977},{0xC0, 0x6D, 0xF7, 0xFF}}},
	{{{-5562, 499, -590},0, {505, -2764},{0xC2, 0x5E, 0xC4, 0xFF}}},
	{{{-5626, 488, -590},0, {740, -2891},{0xC9, 0x73, 0x0, 0xFF}}},
	{{{-5562, 499, -590},0, {505, -2764},{0xC2, 0x5E, 0xC4, 0xFF}}},
	{{{-5515, 473, -666},0, {520, -2410},{0xCE, 0x5D, 0xB9, 0xFF}}},
	{{{-5545, 422, -771},0, {876, -2230},{0xD, 0x53, 0xA0, 0xFF}}},
	{{{-5492, 375, -775},0, {802, -1994},{0xD8, 0x42, 0x9B, 0xFF}}},
	{{{-5581, 195, -824},0, {1480, -1882},{0xD9, 0x32, 0x92, 0xFF}}},
	{{{-5622, 117, -846},0, {1798, -1894},{0xC3, 0x2C, 0x9A, 0xFF}}},
	{{{-5690, 188, -839},0, {1734, -2224},{0xDC, 0x16, 0x88, 0xFF}}},
	{{{-5763, 263, -763},0, {1655, -2628},{0xA7, 0x37, 0xB7, 0xFF}}},
	{{{-5864, 66, -732},0, {2275, -2786},{0x94, 0x15, 0xC0, 0xFF}}},
	{{{-5900, 39, -590},0, {2394, -3241},{0x82, 0x11, 0xFF, 0xFF}}},
	{{{-5788, 289, -590},0, {1544, -3163},{0x94, 0x43, 0x0, 0xFF}}},
	{{{-5638, 435, -732},0, {1032, -2542},{0xC6, 0x5C, 0xBF, 0xFF}}},
	{{{-8298, -2896, -445},0, {-956, -265},{0xCF, 0x75, 0x0, 0xFF}}},
	{{{-8213, -2888, -251},0, {-956, -1097},{0xC6, 0x6F, 0x15, 0xFF}}},
	{{{-8187, -2883, -192},0, {-991, -1341},{0xDD, 0x78, 0x17, 0xFF}}},
	{{{-8187, -2883, -192},0, {-991, -1341},{0xDD, 0x78, 0x17, 0xFF}}},
	{{{-8203, -2766, -445},0, {-1494, -505},{0x99, 0x4B, 0x0, 0xFF}}},
	{{{-8298, -2896, -445},0, {-956, -265},{0xCF, 0x75, 0x0, 0xFF}}},
	{{{-8125, -2768, -282},0, {-1514, -1129},{0xBB, 0x4E, 0x49, 0xFF}}},
	{{{-7918, -2851, -130},0, {-1946, -2080},{0xF6, 0x7A, 0x23, 0xFF}}},
	{{{-7918, -2766, -221},0, {-2129, -1700},{0x0, 0x4D, 0x65, 0xFF}}},
	{{{-7710, -2768, -282},0, {-2974, -1806},{0x44, 0x4F, 0x49, 0xFF}}},
	{{{-7891, -2849, -141},0, {-2065, -2100},{0x6, 0x77, 0x2B, 0xFF}}},
	{{{-7679, -2827, -236},0, {-3062, -2083},{0x10, 0x7B, 0x1B, 0xFF}}},
	{{{-7632, -2766, -445},0, {-3473, -1400},{0x65, 0x4D, 0x0, 0xFF}}},
	{{{-7660, -2827, -275},0, {-3202, -1991},{0x2A, 0x76, 0x15, 0xFF}}},
	{{{-7594, -2819, -445},0, {-3692, -1501},{0x22, 0x7A, 0x0, 0xFF}}},
	{{{-7710, -2768, -607},0, {-3450, -753},{0x44, 0x4F, 0xB7, 0xFF}}},
	{{{-7639, -2825, -568},0, {-3743, -1001},{0x2A, 0x76, 0xE8, 0xFF}}},
	{{{-7677, -2830, -656},0, {-3728, -629},{0xF, 0x7A, 0xE0, 0xFF}}},
	{{{-7918, -2766, -668},0, {-2811, -190},{0x0, 0x4D, 0x9B, 0xFF}}},
	{{{-7918, -2766, -668},0, {-2811, -190},{0x0, 0x4D, 0x9B, 0xFF}}},
	{{{-7677, -2830, -656},0, {-3728, -629},{0xF, 0x7A, 0xE0, 0xFF}}},
	{{{-7884, -2857, -754},0, {-3109, 139},{0x7, 0x76, 0xD1, 0xFF}}},
	{{{-7918, -2860, -768},0, {-2991, 237},{0xF8, 0x79, 0xD9, 0xFF}}},
	{{{-8188, -2885, -699},0, {-1791, 438},{0xDF, 0x78, 0xE5, 0xFF}}},
	{{{-8125, -2768, -607},0, {-1975, -104},{0xBB, 0x4E, 0xB7, 0xFF}}},
	{{{-8241, -2890, -569},0, {-1353, 107},{0xC5, 0x6E, 0xEA, 0xFF}}},
	{{{-8298, -2896, -445},0, {-956, -265},{0xCF, 0x75, 0x0, 0xFF}}},
	{{{-8203, -2766, -445},0, {-1494, -505},{0x99, 0x4B, 0x0, 0xFF}}},
	{{{-8081, -2665, -572},0, {-2146, -423},{0xC8, 0x5B, 0xBB, 0xFF}}},
	{{{-8116, -2645, -445},0, {-1903, -689},{0xB6, 0x67, 0x0, 0xFF}}},
	{{{-8125, -2768, -282},0, {-1514, -1129},{0xBB, 0x4E, 0x49, 0xFF}}},
	{{{-8081, -2665, -317},0, {-1864, -1047},{0xC8, 0x5B, 0x45, 0xFF}}},
	{{{-7918, -2645, -290},0, {-2302, -1325},{0x0, 0x63, 0x50, 0xFF}}},
	{{{-7918, -2766, -221},0, {-2129, -1700},{0x0, 0x4D, 0x65, 0xFF}}},
	{{{-7755, -2665, -317},0, {-2804, -1478},{0x38, 0x5B, 0x45, 0xFF}}},
	{{{-7918, -2766, -221},0, {-2129, -1700},{0x0, 0x4D, 0x65, 0xFF}}},
	{{{-7710, -2768, -282},0, {-2974, -1806},{0x44, 0x4F, 0x49, 0xFF}}},
	{{{-7755, -2665, -317},0, {-2804, -1478},{0x38, 0x5B, 0x45, 0xFF}}},
	{{{-7632, -2766, -445},0, {-3473, -1400},{0x65, 0x4D, 0x0, 0xFF}}},
	{{{-7720, -2645, -445},0, {-3053, -1208},{0x4A, 0x67, 0x0, 0xFF}}},
	{{{-7710, -2768, -607},0, {-3450, -753},{0x44, 0x4F, 0xB7, 0xFF}}},
	{{{-7755, -2665, -572},0, {-3090, -842},{0x38, 0x5B, 0xBB, 0xFF}}},
	{{{-7918, -2645, -600},0, {-2644, -568},{0x0, 0x63, 0xB0, 0xFF}}},
	{{{-7918, -2766, -668},0, {-2811, -190},{0x0, 0x4D, 0x9B, 0xFF}}},
	{{{-8081, -2665, -572},0, {-2146, -423},{0xC8, 0x5B, 0xBB, 0xFF}}},
	{{{-8125, -2768, -607},0, {-1975, -104},{0xBB, 0x4E, 0xB7, 0xFF}}},
	{{{-8116, -2645, -445},0, {-1903, -689},{0xB6, 0x67, 0x0, 0xFF}}},
	{{{-7918, -2602, -445},0, {-2475, -947},{0x0, 0x7F, 0x0, 0xFF}}},
	{{{-8081, -2665, -317},0, {-1864, -1047},{0xC8, 0x5B, 0x45, 0xFF}}},
	{{{-7918, -2645, -290},0, {-2302, -1325},{0x0, 0x63, 0x50, 0xFF}}},
	{{{-10696, -2925, -107},0, {-2174, 543},{0xDD, 0x72, 0x2D, 0xFF}}},
	{{{-10610, -2925, -84},0, {-2540, 772},{0xEE, 0x6B, 0x43, 0xFF}}},
	{{{-10325, -2920, -3},0, {-3376, 1862},{0xEE, 0x6B, 0x42, 0xFF}}},
	{{{-10272, -2624, -124},0, {-2589, 2475},{0x0, 0x4E, 0x65, 0xFF}}},
	{{{-10272, -2919, 12},0, {-3491, 2070},{0x0, 0x71, 0x3A, 0xFF}}},
	{{{-9848, -2923, -108},0, {-3743, 4050},{0x24, 0x73, 0x29, 0xFF}}},
	{{{-9891, -2638, -200},0, {-2787, 3865},{0x41, 0x4C, 0x4F, 0xFF}}},
	{{{-9767, -2624, -433},0, {-2271, 4426},{0x65, 0x4D, 0x0, 0xFF}}},
	{{{-9832, -2925, -140},0, {-3689, 4192},{0x45, 0x66, 0x20, 0xFF}}},
	{{{-9690, -2925, -432},0, {-2797, 5348},{0x3B, 0x71, 0x0, 0xFF}}},
	{{{-9891, -2638, -667},0, {-1508, 4434},{0x41, 0x4C, 0xB1, 0xFF}}},
	{{{-9751, -2925, -559},0, {-2094, 5574},{0x45, 0x65, 0xDD, 0xFF}}},
	{{{-9848, -2925, -759},0, {-961, 5368},{0x23, 0x72, 0xD3, 0xFF}}},
	{{{-10272, -2925, -881},0, {430, 3730},{0x0, 0x70, 0xC3, 0xFF}}},
	{{{-10272, -2624, -743},0, {-609, 3320},{0x0, 0x4E, 0x9B, 0xFF}}},
	{{{-10653, -2638, -667},0, {-425, 1907},{0xBF, 0x4C, 0xB1, 0xFF}}},
	{{{-10653, -2638, -667},0, {-425, 1907},{0xBF, 0x4C, 0xB1, 0xFF}}},
	{{{-10272, -2925, -881},0, {430, 3730},{0x0, 0x70, 0xC3, 0xFF}}},
	{{{-10324, -2925, -866},0, {501, 3485},{0xEF, 0x69, 0xBB, 0xFF}}},
	{{{-10696, -2925, -759},0, {501, 1631},{0xDD, 0x72, 0xD3, 0xFF}}},
	{{{-10777, -2624, -433},0, {-957, 1375},{0x9B, 0x4D, 0x0, 0xFF}}},
	{{{-10798, -2925, -549},0, {-114, 745},{0xBB, 0x65, 0xDD, 0xFF}}},
	{{{-10854, -2925, -433},0, {-651, 442},{0xC5, 0x71, 0x0, 0xFF}}},
	{{{-10696, -2925, -107},0, {-2174, 543},{0xDD, 0x72, 0x2D, 0xFF}}},
	{{{-10653, -2638, -200},0, {-1713, 1366},{0xBF, 0x4C, 0x4F, 0xFF}}},
	{{{-10272, -2624, -124},0, {-2589, 2475},{0x0, 0x4E, 0x65, 0xFF}}},
	{{{-10272, -2533, -251},0, {-2005, 2724},{0x0, 0x73, 0x36, 0xFF}}},
	{{{-10028, -2557, -283},0, {-2202, 3381},{0x1C, 0x72, 0x30, 0xFF}}},
	{{{-9891, -2638, -200},0, {-2787, 3865},{0x41, 0x4C, 0x4F, 0xFF}}},
	{{{-9767, -2624, -433},0, {-2271, 4426},{0x65, 0x4D, 0x0, 0xFF}}},
	{{{-9974, -2533, -433},0, {-1930, 3649},{0x25, 0x7A, 0x0, 0xFF}}},
	{{{-9891, -2638, -667},0, {-1508, 4434},{0x41, 0x4C, 0xB1, 0xFF}}},
	{{{-9891, -2638, -667},0, {-1508, 4434},{0x41, 0x4C, 0xB1, 0xFF}}},
	{{{-10028, -2557, -583},0, {-1548, 3666},{0x1C, 0x72, 0xD0, 0xFF}}},
	{{{-9974, -2533, -433},0, {-1930, 3649},{0x25, 0x7A, 0x0, 0xFF}}},
	{{{-10272, -2533, -616},0, {-1203, 3068},{0x0, 0x73, 0xCA, 0xFF}}},
	{{{-10272, -2624, -743},0, {-609, 3320},{0x0, 0x4E, 0x9B, 0xFF}}},
	{{{-10516, -2557, -583},0, {-1007, 2406},{0xE4, 0x72, 0xD0, 0xFF}}},
	{{{-10653, -2638, -667},0, {-425, 1907},{0xBF, 0x4C, 0xB1, 0xFF}}},
	{{{-10777, -2624, -433},0, {-957, 1375},{0x9B, 0x4D, 0x0, 0xFF}}},
	{{{-10570, -2533, -433},0, {-1283, 2141},{0xDA, 0x79, 0x0, 0xFF}}},
	{{{-10653, -2638, -200},0, {-1713, 1366},{0xBF, 0x4C, 0x4F, 0xFF}}},
	{{{-10516, -2557, -283},0, {-1664, 2128},{0xE4, 0x72, 0x30, 0xFF}}},
	{{{-10272, -2533, -251},0, {-2005, 2724},{0x0, 0x73, 0x36, 0xFF}}},
	{{{-10272, -2482, -433},0, {-1604, 2896},{0x0, 0x7F, 0x0, 0xFF}}},
	{{{-10028, -2557, -283},0, {-2202, 3381},{0x1C, 0x72, 0x30, 0xFF}}},
	{{{-17754, -2925, -403},0, {1321, -1611},{0xEE, 0x71, 0x38, 0xFF}}},
	{{{-17575, -2925, -340},0, {811, -972},{0xEE, 0x73, 0x34, 0xFF}}},
	{{{-17455, -2921, -301},0, {556, -490},{0x0, 0x78, 0x2A, 0xFF}}},
	{{{-17734, -2778, -498},0, {1737, -1229},{0xBB, 0x50, 0x47, 0xFF}}},
	{{{-17455, -2776, -416},0, {1128, -323},{0x0, 0x51, 0x62, 0xFF}}},
	{{{-17338, -2925, -338},0, {509, 38},{0x11, 0x74, 0x32, 0xFF}}},
	{{{-17127, -2925, -412},0, {598, 996},{0x1E, 0x76, 0x23, 0xFF}}},
	{{{-17309, -2925, -348},0, {505, 166},{0x11, 0x73, 0x33, 0xFF}}},
	{{{-17176, -2778, -498},0, {1135, 771},{0x44, 0x50, 0x47, 0xFF}}},
	{{{-17071, -2776, -716},0, {1711, 1308},{0x65, 0x4D, 0x0, 0xFF}}},
	{{{-17058, -2925, -581},0, {1082, 1505},{0x3E, 0x6C, 0x1B, 0xFF}}},
	{{{-17004, -2925, -716},0, {1557, 1822},{0x35, 0x74, 0x1, 0xFF}}},
	{{{-17176, -2778, -935},0, {2486, 1175},{0x44, 0x50, 0xB9, 0xFF}}},
	{{{-17063, -2925, -865},0, {2181, 1811},{0x3D, 0x6D, 0xEA, 0xFF}}},
	{{{-17131, -2913, -1013},0, {2784, 1616},{0x21, 0x77, 0xE3, 0xFF}}},
	{{{-17294, -2907, -1067},0, {3239, 1033},{0x12, 0x73, 0xCE, 0xFF}}},
	{{{-17176, -2778, -935},0, {2486, 1175},{0x44, 0x50, 0xB9, 0xFF}}},
	{{{-17294, -2907, -1067},0, {3239, 1033},{0x12, 0x73, 0xCE, 0xFF}}},
	{{{-17455, -2903, -1117},0, {3589, 403},{0x0, 0x78, 0xD6, 0xFF}}},
	{{{-17455, -2776, -1017},0, {3092, 261},{0x0, 0x51, 0x9E, 0xFF}}},
	{{{-17734, -2778, -935},0, {3077, -821},{0xBB, 0x4F, 0xB8, 0xFF}}},
	{{{-17753, -2911, -1020},0, {3589, -900},{0xEE, 0x73, 0xCD, 0xFF}}},
	{{{-17779, -2911, -1012},0, {3575, -1014},{0xE0, 0x78, 0xE4, 0xFF}}},
	{{{-17839, -2776, -716},0, {2510, -1361},{0x9B, 0x4D, 0x0, 0xFF}}},
	{{{-17853, -2925, -847},0, {3126, -1566},{0xC2, 0x6D, 0xE9, 0xFF}}},
	{{{-17906, -2925, -716},0, {2665, -1878},{0xCB, 0x74, 0x0, 0xFF}}},
	{{{-17852, -2925, -583},0, {2101, -1870},{0xC2, 0x6C, 0x1B, 0xFF}}},
	{{{-17783, -2925, -412},0, {1409, -1706},{0xE2, 0x77, 0x22, 0xFF}}},
	{{{-17734, -2778, -498},0, {1737, -1229},{0xBB, 0x50, 0x47, 0xFF}}},
	{{{-17754, -2925, -403},0, {1321, -1611},{0xEE, 0x71, 0x38, 0xFF}}},
	{{{-17676, -2645, -716},0, {2319, -728},{0xC8, 0x72, 0x0, 0xFF}}},
	{{{-17636, -2665, -858},0, {2666, -491},{0xD5, 0x6A, 0xC9, 0xFF}}},
	{{{-17676, -2645, -716},0, {2319, -728},{0xC8, 0x72, 0x0, 0xFF}}},
	{{{-17455, -2645, -889},0, {2570, 108},{0x0, 0x6E, 0xC0, 0xFF}}},
	{{{-17636, -2665, -858},0, {2666, -491},{0xD5, 0x6A, 0xC9, 0xFF}}},
	{{{-17455, -2602, -716},0, {2110, -28},{0x0, 0x7F, 0x0, 0xFF}}},
	{{{-17636, -2665, -575},0, {1898, -722},{0xD5, 0x6A, 0x37, 0xFF}}},
	{{{-17734, -2778, -498},0, {1737, -1229},{0xBB, 0x50, 0x47, 0xFF}}},
	{{{-17455, -2645, -544},0, {1649, -166},{0x0, 0x6E, 0x40, 0xFF}}},
	{{{-17455, -2776, -416},0, {1128, -323},{0x0, 0x51, 0x62, 0xFF}}},
	{{{-17274, -2665, -575},0, {1551, 436},{0x2B, 0x6A, 0x37, 0xFF}}},
	{{{-17176, -2778, -498},0, {1135, 771},{0x44, 0x50, 0x47, 0xFF}}},
	{{{-17071, -2776, -716},0, {1711, 1308},{0x65, 0x4D, 0x0, 0xFF}}},
	{{{-17234, -2645, -716},0, {1900, 673},{0x38, 0x72, 0x0, 0xFF}}},
	{{{-17176, -2778, -935},0, {2486, 1175},{0x44, 0x50, 0xB9, 0xFF}}},
	{{{-17274, -2665, -858},0, {2322, 666},{0x2B, 0x6A, 0xC9, 0xFF}}},
	{{{-17455, -2776, -1017},0, {3092, 261},{0x0, 0x51, 0x9E, 0xFF}}},
	{{{-17734, -2778, -935},0, {3077, -821},{0xBB, 0x4F, 0xB8, 0xFF}}},
	{{{-17636, -2665, -858},0, {2666, -491},{0xD5, 0x6A, 0xC9, 0xFF}}},
	{{{-17734, -2778, -935},0, {3077, -821},{0xBB, 0x4F, 0xB8, 0xFF}}},
	{{{-17839, -2776, -716},0, {2510, -1361},{0x9B, 0x4D, 0x0, 0xFF}}},
	{{{-17455, -2602, -716},0, {2110, -28},{0x0, 0x7F, 0x0, 0xFF}}},
	{{{-17274, -2665, -858},0, {2322, 666},{0x2B, 0x6A, 0xC9, 0xFF}}},
	{{{-17455, -2645, -889},0, {2570, 108},{0x0, 0x6E, 0xC0, 0xFF}}},
	{{{-17234, -2645, -716},0, {1900, 673},{0x38, 0x72, 0x0, 0xFF}}},
	{{{-17455, -2645, -544},0, {1649, -166},{0x0, 0x6E, 0x40, 0xFF}}},
	{{{-17636, -2665, -575},0, {1898, -722},{0xD5, 0x6A, 0x37, 0xFF}}},
	{{{-17274, -2665, -575},0, {1551, 436},{0x2B, 0x6A, 0x37, 0xFF}}},
	{{{-6797, -2217, -1086},0, {4706, -629},{0x23, 0x4C, 0xA0, 0xFF}}},
	{{{-6744, -2294, -1090},0, {4531, -917},{0xD2, 0x3F, 0x9C, 0xFF}}},
	{{{-6784, -2381, -1113},0, {4172, -783},{0xD3, 0x3D, 0x9A, 0xFF}}},
	{{{-6744, -2162, -949},0, {5257, -824},{0xD0, 0x63, 0xC0, 0xFF}}},
	{{{-6865, -2126, -905},0, {5283, -256},{0xE9, 0x7D, 0xFE, 0xFF}}},
	{{{-6888, -2175, -1047},0, {4839, -279},{0xE2, 0x68, 0xBD, 0xFF}}},
	{{{-7046, -2309, -1078},0, {4501, 264},{0xB8, 0x4A, 0xB6, 0xFF}}},
	{{{-6888, -2175, -1047},0, {4839, -279},{0xE2, 0x68, 0xBD, 0xFF}}},
	{{{-6797, -2217, -1086},0, {4706, -629},{0x23, 0x4C, 0xA0, 0xFF}}},
	{{{-6988, -2407, -1154},0, {4118, 84},{0xE6, 0x1B, 0x87, 0xFF}}},
	{{{-6916, -2527, -1163},0, {3683, -107},{0xC6, 0x3D, 0xA1, 0xFF}}},
	{{{-6784, -2381, -1113},0, {4172, -783},{0xD3, 0x3D, 0x9A, 0xFF}}},
	{{{-7176, -2600, -1086},0, {3969, 952},{0xA7, 0xF9, 0xA5, 0xFF}}},
	{{{-7185, -2475, -1047},0, {4293, 820},{0x9B, 0x2B, 0xC1, 0xFF}}},
	{{{-7248, -2670, -905},0, {4261, 1489},{0x84, 0xE4, 0x0, 0xFF}}},
	{{{-7208, -2755, -905},0, {4023, 1752},{0x87, 0x23, 0xF0, 0xFF}}},
	{{{-7127, -2697, -1091},0, {3593, 1016},{0x9B, 0x2B, 0xC0, 0xFF}}},
	{{{-7176, -2600, -724},0, {4894, 1648},{0xA7, 0xF9, 0x5B, 0xFF}}},
	{{{-7227, -2492, -905},0, {4539, 1131},{0x88, 0x29, 0x0, 0xFF}}},
	{{{-7185, -2475, -763},0, {4937, 1275},{0x9B, 0x2B, 0x3F, 0xFF}}},
	{{{-7046, -2309, -732},0, {5422, 769},{0xB7, 0x4A, 0x4A, 0xFF}}},
	{{{-7086, -2508, -692},0, {5390, 1483},{0x9A, 0x3B, 0x30, 0xFF}}},
	{{{-7176, -2600, -724},0, {4894, 1648},{0xA7, 0xF9, 0x5B, 0xFF}}},
	{{{-7163, -2626, -723},0, {4897, 1755},{0x8A, 0x1C, 0x26, 0xFF}}},
	{{{-7086, -2508, -692},0, {5390, 1483},{0x9A, 0x3B, 0x30, 0xFF}}},
	{{{-7199, -2738, -876},0, {4170, 1822},{0x84, 0x14, 0x12, 0xFF}}},
	{{{-7208, -2755, -905},0, {4023, 1752},{0x87, 0x23, 0xF0, 0xFF}}},
	{{{-6999, -2388, -671},0, {5759, 972},{0x9A, 0x45, 0x20, 0xFF}}},
	{{{-7046, -2309, -732},0, {5422, 769},{0xB7, 0x4A, 0x4A, 0xFF}}},
	{{{-6865, -2186, -754},0, {5759, 13},{0xB0, 0x62, 0xB, 0xFF}}},
	{{{-6888, -2175, -763},0, {5649, 60},{0xDF, 0x68, 0x42, 0xFF}}},
	{{{-6767, -2145, -892},0, {5458, -646},{0xC9, 0x6A, 0xD5, 0xFF}}},
	{{{-6865, -2126, -905},0, {5283, -256},{0xE9, 0x7D, 0xFE, 0xFF}}},
	{{{-6744, -2162, -949},0, {5257, -824},{0xD0, 0x63, 0xC0, 0xFF}}},
	{{{-7067, -2275, -905},0, {4948, 494},{0xA6, 0x5A, 0x0, 0xFF}}},
	{{{-6888, -2175, -1047},0, {4839, -279},{0xE2, 0x68, 0xBD, 0xFF}}},
	{{{-7046, -2309, -1078},0, {4501, 264},{0xB8, 0x4A, 0xB6, 0xFF}}},
	{{{-7227, -2492, -905},0, {4539, 1131},{0x88, 0x29, 0x0, 0xFF}}},
	{{{-7227, -2492, -905},0, {4539, 1131},{0x88, 0x29, 0x0, 0xFF}}},
	{{{-7046, -2309, -1078},0, {4501, 264},{0xB8, 0x4A, 0xB6, 0xFF}}},
	{{{-7185, -2475, -1047},0, {4293, 820},{0x9B, 0x2B, 0xC1, 0xFF}}},
	{{{-6988, -2407, -1154},0, {4118, 84},{0xE6, 0x1B, 0x87, 0xFF}}},
	{{{-7248, -2670, -905},0, {4261, 1489},{0x84, 0xE4, 0x0, 0xFF}}},
	{{{-7185, -2475, -763},0, {4937, 1275},{0x9B, 0x2B, 0x3F, 0xFF}}},
	{{{-7046, -2309, -732},0, {5422, 769},{0xB7, 0x4A, 0x4A, 0xFF}}},
	{{{-7067, -2275, -905},0, {4948, 494},{0xA6, 0x5A, 0x0, 0xFF}}},
	{{{-14163, -2911, -1361},0, {519, 3825},{0x14, 0x70, 0xC7, 0xFF}}},
	{{{-14283, -2908, -1401},0, {650, 4386},{0x0, 0x76, 0xD0, 0xFF}}},
	{{{-14283, -2765, -1303},0, {1166, 4145},{0x0, 0x54, 0xA1, 0xFF}}},
	{{{-14595, -2768, -1212},0, {1987, 5041},{0xB8, 0x4D, 0xB9, 0xFF}}},
	{{{-14613, -2912, -1284},0, {1679, 5494},{0xDD, 0x74, 0xDB, 0xFF}}},
	{{{-14712, -2765, -968},0, {2794, 5029},{0x96, 0x47, 0x0, 0xFF}}},
	{{{-14721, -2925, -1009},0, {2850, 5574},{0xB7, 0x64, 0xE3, 0xFF}}},
	{{{-14738, -2925, -968},0, {3039, 5506},{0xBF, 0x6D, 0x0, 0xFF}}},
	{{{-14595, -2768, -724},0, {3343, 4443},{0xB8, 0x4D, 0x47, 0xFF}}},
	{{{-14712, -2765, -968},0, {2794, 5029},{0x96, 0x47, 0x0, 0xFF}}},
	{{{-14738, -2925, -968},0, {3039, 5506},{0xBF, 0x6D, 0x0, 0xFF}}},
	{{{-14614, -2925, -645},0, {3897, 4542},{0xDE, 0x74, 0x28, 0xFF}}},
	{{{-14283, -2765, -632},0, {3223, 3238},{0x0, 0x54, 0x60, 0xFF}}},
	{{{-14367, -2925, -555},0, {3897, 3376},{0xEC, 0x6E, 0x3C, 0xFF}}},
	{{{-14283, -2925, -524},0, {3811, 2978},{0x0, 0x75, 0x32, 0xFF}}},
	{{{-14198, -2925, -554},0, {3574, 2646},{0x14, 0x6E, 0x3C, 0xFF}}},
	{{{-14162, -2925, -567},0, {3471, 2513},{0x14, 0x6E, 0x3C, 0xFF}}},
	{{{-13952, -2925, -645},0, {2723, 1856},{0x22, 0x74, 0x28, 0xFF}}},
	{{{-13971, -2768, -724},0, {2421, 2324},{0x48, 0x4D, 0x47, 0xFF}}},
	{{{-13827, -2925, -968},0, {1458, 1826},{0x41, 0x6D, 0x0, 0xFF}}},
	{{{-13854, -2765, -968},0, {1613, 2317},{0x6A, 0x47, 0x0, 0xFF}}},
	{{{-13971, -2768, -1212},0, {1038, 2913},{0x48, 0x4D, 0xB9, 0xFF}}},
	{{{-13865, -2925, -1061},0, {1080, 2043},{0x49, 0x64, 0xE3, 0xFF}}},
	{{{-13953, -2915, -1285},0, {505, 2825},{0x23, 0x74, 0xDB, 0xFF}}},
	{{{-14283, -2765, -1303},0, {1166, 4145},{0x0, 0x54, 0xA1, 0xFF}}},
	{{{-13971, -2768, -1212},0, {1038, 2913},{0x48, 0x4D, 0xB9, 0xFF}}},
	{{{-13953, -2915, -1285},0, {505, 2825},{0x23, 0x74, 0xDB, 0xFF}}},
	{{{-14163, -2911, -1361},0, {519, 3825},{0x14, 0x70, 0xC7, 0xFF}}},
	{{{-14283, -2645, -1140},0, {1741, 3887},{0x0, 0x73, 0xCA, 0xFF}}},
	{{{-14102, -2665, -1109},0, {1565, 3276},{0x23, 0x71, 0xD2, 0xFF}}},
	{{{-14283, -2602, -968},0, {2197, 3685},{0x0, 0x7F, 0x0, 0xFF}}},
	{{{-14504, -2645, -968},0, {2498, 4366},{0xD2, 0x76, 0x0, 0xFF}}},
	{{{-14464, -2665, -1109},0, {2073, 4422},{0xDD, 0x71, 0xD2, 0xFF}}},
	{{{-14595, -2768, -1212},0, {1987, 5041},{0xB8, 0x4D, 0xB9, 0xFF}}},
	{{{-14712, -2765, -968},0, {2794, 5029},{0x96, 0x47, 0x0, 0xFF}}},
	{{{-14595, -2768, -724},0, {3343, 4443},{0xB8, 0x4D, 0x47, 0xFF}}},
	{{{-14464, -2665, -826},0, {2826, 4090},{0xDD, 0x71, 0x2E, 0xFF}}},
	{{{-14283, -2645, -795},0, {2653, 3486},{0x0, 0x73, 0x36, 0xFF}}},
	{{{-14283, -2765, -632},0, {3223, 3238},{0x0, 0x54, 0x60, 0xFF}}},
	{{{-14102, -2665, -826},0, {2327, 2946},{0x23, 0x71, 0x2E, 0xFF}}},
	{{{-14283, -2765, -632},0, {3223, 3238},{0x0, 0x54, 0x60, 0xFF}}},
	{{{-13971, -2768, -724},0, {2421, 2324},{0x48, 0x4D, 0x47, 0xFF}}},
	{{{-14102, -2665, -826},0, {2327, 2946},{0x23, 0x71, 0x2E, 0xFF}}},
	{{{-13854, -2765, -968},0, {1613, 2317},{0x6A, 0x47, 0x0, 0xFF}}},
	{{{-14062, -2645, -968},0, {1899, 2997},{0x2E, 0x76, 0x0, 0xFF}}},
	{{{-13971, -2768, -1212},0, {1038, 2913},{0x48, 0x4D, 0xB9, 0xFF}}},
	{{{-14102, -2665, -1109},0, {1565, 3276},{0x23, 0x71, 0xD2, 0xFF}}},
	{{{-14283, -2602, -968},0, {2197, 3685},{0x0, 0x7F, 0x0, 0xFF}}},
	{{{-14283, -2645, -795},0, {2653, 3486},{0x0, 0x73, 0x36, 0xFF}}},
	{{{-14464, -2665, -826},0, {2826, 4090},{0xDD, 0x71, 0x2E, 0xFF}}},
	{{{-14504, -2645, -968},0, {2498, 4366},{0xD2, 0x76, 0x0, 0xFF}}},
};

Gfx jrb_dl_level_005_mesh_layer_1_tri_0[] = {
	gsSPVertex(jrb_dl_level_005_mesh_layer_1_vtx_0 + 0, 16, 0),
	gsSP1Triangle(0, 1, 2, 0),
	gsSP1Triangle(2, 3, 0, 0),
	gsSP1Triangle(2, 4, 3, 0),
	gsSP1Triangle(4, 2, 5, 0),
	gsSP1Triangle(4, 5, 6, 0),
	gsSP1Triangle(6, 7, 4, 0),
	gsSP1Triangle(6, 8, 7, 0),
	gsSP1Triangle(7, 8, 9, 0),
	gsSP1Triangle(7, 9, 10, 0),
	gsSP1Triangle(10, 11, 7, 0),
	gsSP1Triangle(12, 11, 10, 0),
	gsSP1Triangle(3, 11, 12, 0),
	gsSP1Triangle(12, 13, 3, 0),
	gsSP1Triangle(12, 14, 13, 0),
	gsSP1Triangle(13, 14, 15, 0),
	gsSP1Triangle(0, 13, 15, 0),
	gsSP1Triangle(0, 3, 13, 0),
	gsSP1Triangle(11, 3, 4, 0),
	gsSP1Triangle(11, 4, 7, 0),
	gsSPVertex(jrb_dl_level_005_mesh_layer_1_vtx_0 + 16, 16, 0),
	gsSP1Triangle(0, 1, 2, 0),
	gsSP1Triangle(0, 3, 1, 0),
	gsSP1Triangle(4, 3, 0, 0),
	gsSP1Triangle(4, 0, 5, 0),
	gsSP1Triangle(4, 5, 6, 0),
	gsSP1Triangle(6, 7, 4, 0),
	gsSP1Triangle(6, 8, 7, 0),
	gsSP1Triangle(9, 7, 8, 0),
	gsSP1Triangle(10, 9, 8, 0),
	gsSP1Triangle(10, 11, 9, 0),
	gsSP1Triangle(12, 9, 11, 0),
	gsSP1Triangle(12, 13, 9, 0),
	gsSP1Triangle(13, 12, 14, 0),
	gsSP1Triangle(13, 14, 15, 0),
	gsSPVertex(jrb_dl_level_005_mesh_layer_1_vtx_0 + 32, 16, 0),
	gsSP1Triangle(0, 1, 2, 0),
	gsSP1Triangle(0, 2, 3, 0),
	gsSP1Triangle(3, 2, 4, 0),
	gsSP1Triangle(3, 4, 5, 0),
	gsSP1Triangle(3, 5, 6, 0),
	gsSP1Triangle(6, 7, 3, 0),
	gsSP1Triangle(8, 3, 7, 0),
	gsSP1Triangle(9, 8, 7, 0),
	gsSP1Triangle(10, 8, 9, 0),
	gsSP1Triangle(10, 11, 8, 0),
	gsSP1Triangle(11, 12, 8, 0),
	gsSP1Triangle(11, 0, 12, 0),
	gsSP1Triangle(3, 12, 0, 0),
	gsSP1Triangle(8, 12, 3, 0),
	gsSP1Triangle(13, 14, 15, 0),
	gsSPVertex(jrb_dl_level_005_mesh_layer_1_vtx_0 + 48, 16, 0),
	gsSP1Triangle(0, 1, 2, 0),
	gsSP1Triangle(0, 3, 1, 0),
	gsSP1Triangle(4, 3, 0, 0),
	gsSP1Triangle(4, 5, 3, 0),
	gsSP1Triangle(6, 5, 4, 0),
	gsSP1Triangle(6, 4, 7, 0),
	gsSP1Triangle(7, 8, 6, 0),
	gsSP1Triangle(9, 6, 8, 0),
	gsSP1Triangle(9, 8, 10, 0),
	gsSP1Triangle(10, 11, 9, 0),
	gsSP1Triangle(12, 9, 11, 0),
	gsSP1Triangle(12, 11, 13, 0),
	gsSP1Triangle(13, 14, 12, 0),
	gsSP1Triangle(15, 12, 14, 0),
	gsSPVertex(jrb_dl_level_005_mesh_layer_1_vtx_0 + 64, 16, 0),
	gsSP1Triangle(0, 1, 2, 0),
	gsSP1Triangle(2, 3, 0, 0),
	gsSP1Triangle(4, 0, 3, 0),
	gsSP1Triangle(4, 5, 0, 0),
	gsSP1Triangle(5, 4, 6, 0),
	gsSP1Triangle(5, 6, 7, 0),
	gsSP1Triangle(7, 8, 5, 0),
	gsSP1Triangle(9, 5, 8, 0),
	gsSP1Triangle(9, 8, 10, 0),
	gsSP1Triangle(10, 8, 11, 0),
	gsSP1Triangle(10, 11, 12, 0),
	gsSP1Triangle(11, 13, 12, 0),
	gsSP1Triangle(11, 14, 13, 0),
	gsSP1Triangle(14, 15, 13, 0),
	gsSPVertex(jrb_dl_level_005_mesh_layer_1_vtx_0 + 80, 15, 0),
	gsSP1Triangle(0, 1, 2, 0),
	gsSP1Triangle(3, 2, 1, 0),
	gsSP1Triangle(3, 4, 2, 0),
	gsSP1Triangle(5, 4, 3, 0),
	gsSP1Triangle(5, 6, 4, 0),
	gsSP1Triangle(7, 6, 5, 0),
	gsSP1Triangle(7, 5, 8, 0),
	gsSP1Triangle(9, 7, 8, 0),
	gsSP1Triangle(9, 8, 10, 0),
	gsSP1Triangle(11, 7, 9, 0),
	gsSP1Triangle(11, 12, 7, 0),
	gsSP1Triangle(13, 12, 11, 0),
	gsSP1Triangle(13, 14, 12, 0),
	gsSP1Triangle(14, 4, 12, 0),
	gsSP1Triangle(14, 2, 4, 0),
	gsSP1Triangle(12, 4, 6, 0),
	gsSP1Triangle(12, 6, 7, 0),
	gsSPVertex(jrb_dl_level_005_mesh_layer_1_vtx_0 + 95, 16, 0),
	gsSP1Triangle(0, 1, 2, 0),
	gsSP1Triangle(3, 0, 2, 0),
	gsSP1Triangle(2, 4, 3, 0),
	gsSP1Triangle(5, 3, 4, 0),
	gsSP1Triangle(5, 6, 3, 0),
	gsSP1Triangle(7, 6, 5, 0),
	gsSP1Triangle(7, 5, 8, 0),
	gsSP1Triangle(8, 9, 7, 0),
	gsSP1Triangle(10, 7, 9, 0),
	gsSP1Triangle(10, 9, 11, 0),
	gsSP1Triangle(11, 12, 10, 0),
	gsSP1Triangle(13, 10, 12, 0),
	gsSP1Triangle(13, 14, 10, 0),
	gsSP1Triangle(15, 14, 13, 0),
	gsSPVertex(jrb_dl_level_005_mesh_layer_1_vtx_0 + 111, 16, 0),
	gsSP1Triangle(0, 1, 2, 0),
	gsSP1Triangle(2, 3, 0, 0),
	gsSP1Triangle(4, 0, 3, 0),
	gsSP1Triangle(4, 3, 5, 0),
	gsSP1Triangle(5, 6, 4, 0),
	gsSP1Triangle(7, 4, 6, 0),
	gsSP1Triangle(7, 8, 4, 0),
	gsSP1Triangle(9, 8, 7, 0),
	gsSP1Triangle(8, 9, 10, 0),
	gsSP1Triangle(9, 11, 10, 0),
	gsSP1Triangle(9, 12, 11, 0),
	gsSP1Triangle(13, 11, 12, 0),
	gsSP1Triangle(13, 14, 11, 0),
	gsSP1Triangle(15, 14, 13, 0),
	gsSPVertex(jrb_dl_level_005_mesh_layer_1_vtx_0 + 127, 14, 0),
	gsSP1Triangle(0, 1, 2, 0),
	gsSP1Triangle(3, 1, 0, 0),
	gsSP1Triangle(3, 0, 4, 0),
	gsSP1Triangle(5, 3, 4, 0),
	gsSP1Triangle(5, 4, 6, 0),
	gsSP1Triangle(5, 6, 7, 0),
	gsSP1Triangle(5, 7, 8, 0),
	gsSP1Triangle(8, 7, 9, 0),
	gsSP1Triangle(8, 9, 10, 0),
	gsSP1Triangle(9, 11, 10, 0),
	gsSP1Triangle(10, 11, 12, 0),
	gsSP1Triangle(11, 2, 12, 0),
	gsSP1Triangle(11, 13, 2, 0),
	gsSP1Triangle(12, 2, 1, 0),
	gsSP1Triangle(12, 1, 3, 0),
	gsSP1Triangle(8, 12, 3, 0),
	gsSP1Triangle(8, 3, 5, 0),
	gsSP1Triangle(10, 12, 8, 0),
	gsSPVertex(jrb_dl_level_005_mesh_layer_1_vtx_0 + 141, 16, 0),
	gsSP1Triangle(0, 1, 2, 0),
	gsSP1Triangle(3, 0, 2, 0),
	gsSP1Triangle(2, 4, 3, 0),
	gsSP1Triangle(4, 2, 5, 0),
	gsSP1Triangle(4, 5, 6, 0),
	gsSP1Triangle(5, 7, 6, 0),
	gsSP1Triangle(6, 8, 4, 0),
	gsSP1Triangle(9, 8, 6, 0),
	gsSP1Triangle(9, 6, 10, 0),
	gsSP1Triangle(10, 11, 9, 0),
	gsSP1Triangle(12, 9, 11, 0),
	gsSP1Triangle(12, 11, 13, 0),
	gsSP1Triangle(13, 14, 12, 0),
	gsSP1Triangle(12, 14, 15, 0),
	gsSPVertex(jrb_dl_level_005_mesh_layer_1_vtx_0 + 157, 16, 0),
	gsSP1Triangle(0, 1, 2, 0),
	gsSP1Triangle(2, 3, 0, 0),
	gsSP1Triangle(4, 3, 2, 0),
	gsSP1Triangle(4, 2, 5, 0),
	gsSP1Triangle(5, 6, 4, 0),
	gsSP1Triangle(7, 4, 6, 0),
	gsSP1Triangle(7, 6, 8, 0),
	gsSP1Triangle(8, 9, 7, 0),
	gsSP1Triangle(7, 9, 10, 0),
	gsSP1Triangle(7, 10, 11, 0),
	gsSP1Triangle(11, 12, 7, 0),
	gsSP1Triangle(12, 11, 13, 0),
	gsSP1Triangle(14, 7, 12, 0),
	gsSP1Triangle(15, 7, 14, 0),
	gsSPVertex(jrb_dl_level_005_mesh_layer_1_vtx_0 + 173, 16, 0),
	gsSP1Triangle(0, 1, 2, 0),
	gsSP1Triangle(0, 3, 1, 0),
	gsSP1Triangle(4, 3, 0, 0),
	gsSP1Triangle(0, 5, 4, 0),
	gsSP1Triangle(5, 6, 4, 0),
	gsSP1Triangle(5, 7, 6, 0),
	gsSP1Triangle(7, 8, 6, 0),
	gsSP1Triangle(7, 9, 8, 0),
	gsSP1Triangle(10, 8, 9, 0),
	gsSP1Triangle(10, 11, 8, 0),
	gsSP1Triangle(12, 11, 10, 0),
	gsSP1Triangle(12, 13, 11, 0),
	gsSP1Triangle(1, 13, 12, 0),
	gsSP1Triangle(1, 12, 14, 0),
	gsSP1Triangle(2, 1, 14, 0),
	gsSP1Triangle(2, 14, 15, 0),
	gsSPVertex(jrb_dl_level_005_mesh_layer_1_vtx_0 + 189, 16, 0),
	gsSP1Triangle(0, 1, 2, 0),
	gsSP1Triangle(3, 4, 5, 0),
	gsSP1Triangle(3, 6, 4, 0),
	gsSP1Triangle(7, 6, 3, 0),
	gsSP1Triangle(8, 7, 3, 0),
	gsSP1Triangle(7, 9, 6, 0),
	gsSP1Triangle(10, 11, 12, 0),
	gsSP1Triangle(11, 10, 13, 0),
	gsSP1Triangle(14, 13, 10, 0),
	gsSP1Triangle(10, 15, 14, 0),
	gsSPVertex(jrb_dl_level_005_mesh_layer_1_vtx_0 + 205, 16, 0),
	gsSP1Triangle(0, 1, 2, 0),
	gsSP1Triangle(0, 2, 3, 0),
	gsSP1Triangle(4, 3, 2, 0),
	gsSP1Triangle(2, 5, 4, 0),
	gsSP1Triangle(6, 3, 4, 0),
	gsSP1Triangle(7, 3, 6, 0),
	gsSP1Triangle(7, 6, 8, 0),
	gsSP1Triangle(9, 8, 6, 0),
	gsSP1Triangle(9, 6, 10, 0),
	gsSP1Triangle(6, 4, 10, 0),
	gsSP1Triangle(11, 8, 9, 0),
	gsSP1Triangle(12, 8, 11, 0),
	gsSP1Triangle(12, 11, 13, 0),
	gsSP1Triangle(14, 13, 11, 0),
	gsSP1Triangle(14, 11, 15, 0),
	gsSPVertex(jrb_dl_level_005_mesh_layer_1_vtx_0 + 221, 16, 0),
	gsSP1Triangle(0, 1, 2, 0),
	gsSP1Triangle(3, 1, 0, 0),
	gsSP1Triangle(0, 4, 3, 0),
	gsSP1Triangle(2, 5, 6, 0),
	gsSP1Triangle(7, 6, 5, 0),
	gsSP1Triangle(7, 8, 6, 0),
	gsSP1Triangle(9, 8, 7, 0),
	gsSP1Triangle(9, 10, 8, 0),
	gsSP1Triangle(10, 9, 11, 0),
	gsSP1Triangle(6, 8, 10, 0),
	gsSP1Triangle(6, 10, 12, 0),
	gsSP1Triangle(12, 10, 13, 0),
	gsSP1Triangle(12, 13, 14, 0),
	gsSP1Triangle(15, 12, 14, 0),
	gsSPVertex(jrb_dl_level_005_mesh_layer_1_vtx_0 + 237, 16, 0),
	gsSP1Triangle(0, 1, 2, 0),
	gsSP1Triangle(2, 1, 3, 0),
	gsSP1Triangle(2, 4, 0, 0),
	gsSP1Triangle(5, 6, 7, 0),
	gsSP1Triangle(5, 7, 0, 0),
	gsSP1Triangle(8, 9, 10, 0),
	gsSP1Triangle(11, 10, 9, 0),
	gsSP1Triangle(11, 9, 12, 0),
	gsSP1Triangle(13, 11, 12, 0),
	gsSP1Triangle(13, 12, 14, 0),
	gsSP1Triangle(14, 15, 13, 0),
	gsSPVertex(jrb_dl_level_005_mesh_layer_1_vtx_0 + 253, 16, 0),
	gsSP1Triangle(0, 1, 2, 0),
	gsSP1Triangle(0, 2, 3, 0),
	gsSP1Triangle(4, 0, 3, 0),
	gsSP1Triangle(4, 3, 5, 0),
	gsSP1Triangle(5, 6, 4, 0),
	gsSP1Triangle(4, 6, 7, 0),
	gsSP1Triangle(4, 7, 8, 0),
	gsSP1Triangle(8, 9, 4, 0),
	gsSP1Triangle(9, 10, 4, 0),
	gsSP1Triangle(11, 10, 9, 0),
	gsSP1Triangle(11, 12, 10, 0),
	gsSP1Triangle(13, 12, 11, 0),
	gsSP1Triangle(13, 11, 14, 0),
	gsSP1Triangle(14, 15, 13, 0),
	gsSPVertex(jrb_dl_level_005_mesh_layer_1_vtx_0 + 269, 16, 0),
	gsSP1Triangle(0, 1, 2, 0),
	gsSP1Triangle(0, 2, 3, 0),
	gsSP1Triangle(4, 1, 0, 0),
	gsSP1Triangle(4, 5, 1, 0),
	gsSP1Triangle(6, 5, 4, 0),
	gsSP1Triangle(7, 6, 4, 0),
	gsSP1Triangle(7, 4, 8, 0),
	gsSP1Triangle(8, 4, 0, 0),
	gsSP1Triangle(8, 0, 9, 0),
	gsSP1Triangle(8, 9, 10, 0),
	gsSP1Triangle(8, 10, 7, 0),
	gsSP1Triangle(7, 10, 11, 0),
	gsSP1Triangle(7, 11, 12, 0),
	gsSP1Triangle(11, 13, 12, 0),
	gsSP1Triangle(11, 14, 13, 0),
	gsSP1Triangle(14, 15, 13, 0),
	gsSPVertex(jrb_dl_level_005_mesh_layer_1_vtx_0 + 285, 11, 0),
	gsSP1Triangle(0, 1, 2, 0),
	gsSP1Triangle(3, 2, 1, 0),
	gsSP1Triangle(3, 4, 2, 0),
	gsSP1Triangle(5, 4, 3, 0),
	gsSP1Triangle(5, 6, 4, 0),
	gsSP1Triangle(7, 4, 6, 0),
	gsSP1Triangle(8, 4, 7, 0),
	gsSP1Triangle(9, 8, 7, 0),
	gsSP1Triangle(9, 7, 10, 0),
	gsSP1Triangle(8, 2, 4, 0),
	gsSPEndDisplayList(),
};

Vtx jrb_dl_level_005_mesh_layer_1_vtx_1[679] = {
	{{{-21403, 1606, 2691},0, {18502, -27934},{0xFF, 0xFF, 0xFF, 0xFF}}},
	{{{-21674, 3476, 2856},0, {15945, -28538},{0xFF, 0xFF, 0xFF, 0xFF}}},
	{{{-22091, 3665, 4718},0, {14645, -25976},{0xFF, 0xFF, 0xFF, 0xFF}}},
	{{{-21833, 1613, 4354},0, {17525, -25519},{0xFF, 0xFF, 0xFF, 0xFF}}},
	{{{-21833, 1613, 4354},0, {17525, -27567},{0xFF, 0xFF, 0xFF, 0xFF}}},
	{{{-22091, 3665, 4718},0, {14645, -28024},{0xFF, 0xFF, 0xFF, 0xFF}}},
	{{{-22433, 3822, 6933},0, {13213, -24982},{0xFF, 0xFF, 0xFF, 0xFF}}},
	{{{-22216, 1179, 6480},0, {16880, -24323},{0xFF, 0xFF, 0xFF, 0xFF}}},
	{{{-21682, 1916, -3563},0, {21617, -27311},{0xFF, 0xFF, 0xFF, 0xFF}}},
	{{{-21682, 3488, -3563},0, {19856, -28014},{0xFF, 0xFF, 0xFF, 0xFF}}},
	{{{-21158, 3311, -2841},0, {19656, -26953},{0xFF, 0xFF, 0xFF, 0xFF}}},
	{{{-21158, 1841, -2841},0, {21309, -26296},{0xFF, 0xFF, 0xFF, 0xFF}}},
	{{{-20674, 3128, -2235},0, {19511, -26007},{0xFF, 0xFF, 0xFF, 0xFF}}},
	{{{-20674, 1764, -2235},0, {21053, -25396},{0xFF, 0xFF, 0xFF, 0xFF}}},
	{{{-21667, 771, -3607},0, {22910, -26830},{0xFF, 0xFF, 0xFF, 0xFF}}},
	{{{-20966, 902, -2840},0, {22319, -25711},{0xFF, 0xFF, 0xFF, 0xFF}}},
	{{{-14645, -364, -10357},0, {29087, -26171},{0xFF, 0xFF, 0xFF, 0xFF}}},
	{{{-14673, 1489, -10315},0, {27018, -27011},{0xFF, 0xFF, 0xFF, 0xFF}}},
	{{{-15758, 1540, -10448},0, {26378, -25713},{0xFF, 0xFF, 0xFF, 0xFF}}},
	{{{-15752, -346, -10456},0, {28477, -24834},{0xFF, 0xFF, 0xFF, 0xFF}}},
	{{{-11285, 1752, -10438},0, {28511, -25223},{0xFF, 0xFF, 0xFF, 0xFF}}},
	{{{-10025, 1479, -10469},0, {29591, -26689},{0xFF, 0xFF, 0xFF, 0xFF}}},
	{{{-10834, 5062, -10462},0, {24909, -27339},{0xFF, 0xFF, 0xFF, 0xFF}}},
	{{{-11761, 5045, -10468},0, {24478, -26155},{0xFF, 0xFF, 0xFF, 0xFF}}},
	{{{-15710, 3054, -10434},0, {26762, -26491},{0xFF, 0xFF, 0xFF, 0xFF}}},
	{{{-17281, 5392, -10469},0, {23320, -25658},{0xFF, 0xFF, 0xFF, 0xFF}}},
	{{{-17281, 3251, -10469},0, {25709, -24661},{0xFF, 0xFF, 0xFF, 0xFF}}},
	{{{-15719, 5399, -10469},0, {24128, -27570},{0xFF, 0xFF, 0xFF, 0xFF}}},
	{{{-7053, -117, -7327},0, {26731, -26990},{0xFF, 0xFF, 0xFF, 0xFF}}},
	{{{-8008, -117, -8679},0, {25667, -25265},{0xFF, 0xFF, 0xFF, 0xFF}}},
	{{{-8106, -1959, -8574},0, {27702, -24139},{0xFF, 0x51, 0x4B, 0xFF}}},
	{{{-7122, -1959, -7393},0, {28733, -25825},{0xFF, 0x51, 0x4B, 0xFF}}},
	{{{-6389, -1959, -6594},0, {29415, -27075},{0xFF, 0x51, 0x4B, 0xFF}}},
	{{{-7053, -117, -7327},0, {26731, -26990},{0xFF, 0xFF, 0xFF, 0xFF}}},
	{{{-7122, -1959, -7393},0, {28733, -25825},{0xFF, 0x51, 0x4B, 0xFF}}},
	{{{-6400, -84, -6626},0, {27234, -28078},{0xFF, 0xFF, 0xFF, 0xFF}}},
	{{{-13328, 2770, -10203},0, {28322, -27271},{0xFF, 0xFF, 0xFF, 0xFF}}},
	{{{-13480, 5289, -10469},0, {25397, -28224},{0xFF, 0xFF, 0xFF, 0xFF}}},
	{{{-14375, 5368, -10469},0, {24858, -27156},{0xFF, 0xFF, 0xFF, 0xFF}}},
	{{{-14212, 2589, -10045},0, {28102, -26087},{0xFF, 0xFF, 0xFF, 0xFF}}},
	{{{-15710, 3054, -10434},0, {26762, -24443},{0xFF, 0xFF, 0xFF, 0xFF}}},
	{{{-15719, 5399, -10469},0, {24128, -25522},{0xFF, 0xFF, 0xFF, 0xFF}}},
	{{{-4507, -1959, -5635},0, {28695, -25709},{0xFF, 0x51, 0x4B, 0xFF}}},
	{{{-4471, -1959, -4586},0, {29077, -26851},{0xFF, 0x51, 0x4B, 0xFF}}},
	{{{-4320, 508, -4353},0, {26159, -28357},{0xFF, 0xFF, 0xFF, 0xFF}}},
	{{{-4606, 489, -5333},0, {25657, -27135},{0xFF, 0xFF, 0xFF, 0xFF}}},
	{{{-5168, 703, -5754},0, {25009, -26281},{0xFF, 0xFF, 0xFF, 0xFF}}},
	{{{-5055, -1959, -5741},0, {28331, -25015},{0xFF, 0x51, 0x4B, 0xFF}}},
	{{{-4517, -1959, -3539},0, {29588, -25882},{0xFF, 0x51, 0x4B, 0xFF}}},
	{{{-4661, -867, -3258},0, {28474, -26742},{0xFF, 0xFF, 0xFF, 0xFF}}},
	{{{-4320, 508, -4353},0, {26159, -26309},{0xFF, 0xFF, 0xFF, 0xFF}}},
	{{{-4471, -1959, -4586},0, {29077, -24803},{0xFF, 0x51, 0x4B, 0xFF}}},
	{{{-4640, -428, -2820},0, {30294, -27427},{0xFF, 0xFF, 0xFF, 0xFF}}},
	{{{-4250, 390, -2959},0, {29129, -27754},{0xFF, 0xFF, 0xFF, 0xFF}}},
	{{{-4320, 508, -4353},0, {28207, -26309},{0xFF, 0xFF, 0xFF, 0xFF}}},
	{{{-4661, -867, -3258},0, {30522, -26742},{0xFF, 0xFF, 0xFF, 0xFF}}},
	{{{-3846, 1737, -2858},0, {27638, -26654},{0xFF, 0xFF, 0xFF, 0xFF}}},
	{{{-4095, 1996, -4365},0, {26367, -25241},{0xFF, 0xFF, 0xFF, 0xFF}}},
	{{{-4320, 508, -4353},0, {28207, -24261},{0xFF, 0xFF, 0xFF, 0xFF}}},
	{{{-4250, 390, -2959},0, {29129, -25706},{0xFF, 0xFF, 0xFF, 0xFF}}},
	{{{-8425, -1959, -10410},0, {30523, -26461},{0xFF, 0x51, 0x4B, 0xFF}}},
	{{{-8348, -25, -10145},0, {28575, -27952},{0xFF, 0xFF, 0xFF, 0xFF}}},
	{{{-8612, 541, -10468},0, {27610, -27936},{0xFF, 0xFF, 0xFF, 0xFF}}},
	{{{-8717, -844, -10469},0, {29093, -26878},{0xFF, 0xFF, 0xFF, 0xFF}}},
	{{{-8717, -844, -10469},0, {29093, -26878},{0xFF, 0xFF, 0xFF, 0xFF}}},
	{{{-8612, 541, -10468},0, {27610, -27936},{0xFF, 0xFF, 0xFF, 0xFF}}},
	{{{-9118, 1024, -10469},0, {26675, -27626},{0xFF, 0xFF, 0xFF, 0xFF}}},
	{{{-9123, -739, -10469},0, {28660, -26475},{0xFF, 0xFF, 0xFF, 0xFF}}},
	{{{-10025, 1479, -10469},0, {25495, -26689},{0xFF, 0xFF, 0xFF, 0xFF}}},
	{{{-10013, -570, -10469},0, {27828, -25527},{0xFF, 0xFF, 0xFF, 0xFF}}},
	{{{-8425, -1959, -10410},0, {30523, -26461},{0xFF, 0x51, 0x4B, 0xFF}}},
	{{{-9042, -1959, -10469},0, {30023, -25793},{0xFF, 0x51, 0x4B, 0xFF}}},
	{{{-5801, 138, -6090},0, {27410, -27099},{0xFF, 0xFF, 0xFF, 0xFF}}},
	{{{-5055, -1959, -5741},0, {30379, -27063},{0xFF, 0x51, 0x4B, 0xFF}}},
	{{{-5168, 703, -5754},0, {27057, -28329},{0xFF, 0xFF, 0xFF, 0xFF}}},
	{{{-5649, -1959, -5828},0, {30045, -26279},{0xFF, 0x51, 0x4B, 0xFF}}},
	{{{-6400, -84, -6626},0, {27234, -26030},{0xFF, 0xFF, 0xFF, 0xFF}}},
	{{{-6389, -1959, -6594},0, {29415, -25027},{0xFF, 0x51, 0x4B, 0xFF}}},
	{{{-4479, 4448, -6548},0, {27910, -24970},{0xFF, 0xFF, 0xFF, 0xFF}}},
	{{{-4371, 3945, -5580},0, {29299, -25410},{0xFF, 0xFF, 0xFF, 0xFF}}},
	{{{-4386, 5622, -5206},0, {27761, -27052},{0xFF, 0xFF, 0xFF, 0xFF}}},
	{{{-4492, 6400, -6484},0, {25932, -26430},{0xFF, 0xFF, 0xFF, 0xFF}}},
	{{{-8348, -25, -10145},0, {28575, -23856},{0xFF, 0xFF, 0xFF, 0xFF}}},
	{{{-8008, -117, -8679},0, {29763, -25265},{0xFF, 0xFF, 0xFF, 0xFF}}},
	{{{-8006, 2445, -8681},0, {27275, -26839},{0xFF, 0xFF, 0xFF, 0xFF}}},
	{{{-8346, 2448, -10135},0, {25900, -25848},{0xFF, 0xFF, 0xFF, 0xFF}}},
	{{{-4479, 4448, -6548},0, {29958, -27018},{0xFF, 0xFF, 0xFF, 0xFF}}},
	{{{-4492, 6400, -6484},0, {27980, -28478},{0xFF, 0xFF, 0xFF, 0xFF}}},
	{{{-4951, 7049, -9916},0, {25084, -25475},{0xFF, 0xFF, 0xFF, 0xFF}}},
	{{{-4933, 4782, -9938},0, {27392, -24419},{0xFF, 0xFF, 0xFF, 0xFF}}},
	{{{-8263, 2629, -10465},0, {29369, -25827},{0xFF, 0xFF, 0xFF, 0xFF}}},
	{{{-7095, 2610, -10405},0, {29041, -27600},{0xFF, 0xFF, 0xFF, 0xFF}}},
	{{{-6940, 4782, -10448},0, {26631, -28206},{0xFF, 0xFF, 0xFF, 0xFF}}},
	{{{-8459, 4839, -10447},0, {26156, -26267},{0xFF, 0xFF, 0xFF, 0xFF}}},
	{{{-8459, 4839, -10447},0, {28204, -24219},{0xFF, 0xFF, 0xFF, 0xFF}}},
	{{{-6940, 4782, -10448},0, {28679, -26158},{0xFF, 0xFF, 0xFF, 0xFF}}},
	{{{-6938, 7049, -10426},0, {26160, -26997},{0xFF, 0xFF, 0xFF, 0xFF}}},
	{{{-8436, 6834, -10426},0, {25842, -24985},{0xFF, 0xFF, 0xFF, 0xFF}}},
	{{{-4923, 2657, -9951},0, {28999, -27766},{0xFF, 0xFF, 0xFF, 0xFF}}},
	{{{-4933, 4782, -9938},0, {27392, -28515},{0xFF, 0xFF, 0xFF, 0xFF}}},
	{{{-6940, 4782, -10448},0, {26631, -26158},{0xFF, 0xFF, 0xFF, 0xFF}}},
	{{{-7095, 2610, -10405},0, {29041, -25552},{0xFF, 0xFF, 0xFF, 0xFF}}},
	{{{-6940, 4782, -10448},0, {28679, -24110},{0xFF, 0xFF, 0xFF, 0xFF}}},
	{{{-4933, 4782, -9938},0, {29440, -26467},{0xFF, 0xFF, 0xFF, 0xFF}}},
	{{{-4951, 7049, -9916},0, {27132, -27523},{0xFF, 0xFF, 0xFF, 0xFF}}},
	{{{-6938, 7049, -10426},0, {26160, -24949},{0xFF, 0xFF, 0xFF, 0xFF}}},
	{{{-10834, 5062, -10462},0, {26957, -25291},{0xFF, 0xFF, 0xFF, 0xFF}}},
	{{{-9385, 3767, -10462},0, {29176, -26669},{0xFF, 0xFF, 0xFF, 0xFF}}},
	{{{-9278, 5060, -10447},0, {27627, -27320},{0xFF, 0xFF, 0xFF, 0xFF}}},
	{{{-10179, 5342, -10448},0, {26917, -26255},{0xFF, 0xFF, 0xFF, 0xFF}}},
	{{{-10179, 5342, -10448},0, {26917, -26255},{0xFF, 0xFF, 0xFF, 0xFF}}},
	{{{-9278, 5060, -10447},0, {27627, -27320},{0xFF, 0xFF, 0xFF, 0xFF}}},
	{{{-9069, 6386, -10427},0, {26133, -28094},{0xFF, 0xFF, 0xFF, 0xFF}}},
	{{{-9278, 5060, -10447},0, {27627, -25272},{0xFF, 0xFF, 0xFF, 0xFF}}},
	{{{-8459, 4839, -10447},0, {28204, -26267},{0xFF, 0xFF, 0xFF, 0xFF}}},
	{{{-8436, 6834, -10426},0, {25842, -27033},{0xFF, 0xFF, 0xFF, 0xFF}}},
	{{{-9069, 6386, -10427},0, {26133, -26046},{0xFF, 0xFF, 0xFF, 0xFF}}},
	{{{-21667, -601, -10362},0, {27671, -21617},{0xFF, 0xFF, 0xFF, 0xFF}}},
	{{{-17281, -348, -10469},0, {29720, -27069},{0xFF, 0xFF, 0xFF, 0xFF}}},
	{{{-17281, 1584, -10469},0, {27567, -27976},{0xFF, 0xFF, 0xFF, 0xFF}}},
	{{{-21667, 1092, -10362},0, {25791, -22411},{0xFF, 0xFF, 0xFF, 0xFF}}},
	{{{-15752, -346, -10456},0, {30525, -26882},{0xFF, 0xFF, 0xFF, 0xFF}}},
	{{{-17281, 1584, -10469},0, {27567, -25928},{0xFF, 0xFF, 0xFF, 0xFF}}},
	{{{-17281, -348, -10469},0, {29720, -25021},{0xFF, 0xFF, 0xFF, 0xFF}}},
	{{{-15758, 1540, -10448},0, {28426, -27761},{0xFF, 0xFF, 0xFF, 0xFF}}},
	{{{-17281, 3251, -10469},0, {25709, -26709},{0xFF, 0xFF, 0xFF, 0xFF}}},
	{{{-15758, 1540, -10448},0, {28426, -27761},{0xFF, 0xFF, 0xFF, 0xFF}}},
	{{{-15710, 3054, -10434},0, {26762, -28539},{0xFF, 0xFF, 0xFF, 0xFF}}},
	{{{-17281, 3251, -10469},0, {25709, -26709},{0xFF, 0xFF, 0xFF, 0xFF}}},
	{{{-17281, 1584, -10469},0, {27567, -25928},{0xFF, 0xFF, 0xFF, 0xFF}}},
	{{{-21667, 2547, -10362},0, {24174, -21043},{0xFF, 0xFF, 0xFF, 0xFF}}},
	{{{-21667, 4382, -10362},0, {22135, -21898},{0xFF, 0xFF, 0xFF, 0xFF}}},
	{{{-17281, 5392, -10469},0, {23320, -27706},{0xFF, 0xFF, 0xFF, 0xFF}}},
	{{{-21667, 1092, -10362},0, {25791, -20363},{0xFF, 0xFF, 0xFF, 0xFF}}},
	{{{-19762, 161, -356},0, {21915, -26402},{0xFF, 0xFF, 0xFF, 0xFF}}},
	{{{-19715, 1359, -47},0, {20294, -26360},{0xFF, 0xFF, 0xFF, 0xFF}}},
	{{{-19636, 43, -227},0, {21978, -26145},{0xFF, 0xFF, 0xFF, 0xFF}}},
	{{{-19778, 1491, -337},0, {20405, -27002},{0xFF, 0xFF, 0xFF, 0xFF}}},
	{{{-19775, 627, -1168},0, {21760, -27432},{0xFF, 0xFF, 0xFF, 0xFF}}},
	{{{-19929, 1631, -1210},0, {20648, -28006},{0xFF, 0xFF, 0xFF, 0xFF}}},
	{{{-20075, 855, -1673},0, {21742, -28163},{0xFF, 0xFF, 0xFF, 0xFF}}},
	{{{-20238, 1693, -1678},0, {20824, -28664},{0xFF, 0xFF, 0xFF, 0xFF}}},
	{{{-19929, 2856, -1210},0, {19241, -28576},{0xFF, 0xFF, 0xFF, 0xFF}}},
	{{{-19778, 1491, -337},0, {20405, -27002},{0xFF, 0xFF, 0xFF, 0xFF}}},
	{{{-19929, 1631, -1210},0, {20648, -28006},{0xFF, 0xFF, 0xFF, 0xFF}}},
	{{{-19807, 2872, -330},0, {18831, -27666},{0xFF, 0xFF, 0xFF, 0xFF}}},
	{{{-19715, 1359, -47},0, {20294, -26360},{0xFF, 0xFF, 0xFF, 0xFF}}},
	{{{-19961, 2889, -21},0, {18724, -27131},{0xFF, 0xFF, 0xFF, 0xFF}}},
	{{{-20036, 1603, 393},0, {20223, -25717},{0xFF, 0xFF, 0xFF, 0xFF}}},
	{{{-20321, 2902, 395},0, {18413, -26147},{0xFF, 0xFF, 0xFF, 0xFF}}},
	{{{-20036, 1603, 393},0, {20223, -27765},{0xFF, 0xFF, 0xFF, 0xFF}}},
	{{{-20321, 2902, 395},0, {18413, -28195},{0xFF, 0xFF, 0xFF, 0xFF}}},
	{{{-20727, 2946, 834},0, {17952, -27336},{0xFF, 0xFF, 0xFF, 0xFF}}},
	{{{-20413, 1629, 827},0, {19797, -26930},{0xFF, 0xFF, 0xFF, 0xFF}}},
	{{{-21104, 1583, 1833},0, {19056, -25118},{0xFF, 0xFF, 0xFF, 0xFF}}},
	{{{-21394, 3319, 1909},0, {16701, -25736},{0xFF, 0xFF, 0xFF, 0xFF}}},
	{{{-20486, 891, -2231},0, {21994, -26895},{0xFF, 0xFF, 0xFF, 0xFF}}},
	{{{-20238, 1693, -1678},0, {20824, -26616},{0xFF, 0xFF, 0xFF, 0xFF}}},
	{{{-20075, 855, -1673},0, {21742, -26115},{0xFF, 0xFF, 0xFF, 0xFF}}},
	{{{-20674, 1764, -2235},0, {21053, -27444},{0xFF, 0xFF, 0xFF, 0xFF}}},
	{{{-20966, 902, -2840},0, {22319, -27759},{0xFF, 0xFF, 0xFF, 0xFF}}},
	{{{-21158, 1841, -2841},0, {21309, -28344},{0xFF, 0xFF, 0xFF, 0xFF}}},
	{{{-20238, 2965, -1678},0, {19374, -27194},{0xFF, 0xFF, 0xFF, 0xFF}}},
	{{{-20674, 3128, -2235},0, {19511, -28055},{0xFF, 0xFF, 0xFF, 0xFF}}},
	{{{-19929, 2856, -1210},0, {19241, -26528},{0xFF, 0xFF, 0xFF, 0xFF}}},
	{{{-19929, 1631, -1210},0, {20648, -25958},{0xFF, 0xFF, 0xFF, 0xFF}}},
	{{{-6784, -1869, 2803},0, {19619, 15940},{0xFF, 0xFF, 0xFF, 0xFF}}},
	{{{-6584, -1155, 1764},0, {20811, 17277},{0xFF, 0xFF, 0xFF, 0xFF}}},
	{{{-6881, -1856, 1857},0, {20881, 16270},{0xFF, 0xFF, 0xFF, 0xFF}}},
	{{{-6784, -1118, 2803},0, {19374, 16896},{0xFF, 0xFF, 0xFF, 0xFF}}},
	{{{-6915, -1115, 4018},0, {17713, 16352},{0xFF, 0xFF, 0xFF, 0xFF}}},
	{{{-6915, -1866, 4018},0, {18190, 15463},{0xFF, 0xFF, 0xFF, 0xFF}}},
	{{{-6915, -1866, 4018},0, {18190, 15463},{0xFF, 0xFF, 0xFF, 0xFF}}},
	{{{-6624, -1114, 5189},0, {16096, 15827},{0xFF, 0xFF, 0xFF, 0xFF}}},
	{{{-6915, -1115, 4018},0, {17713, 16352},{0xFF, 0xFF, 0xFF, 0xFF}}},
	{{{-6624, -1866, 5189},0, {16469, 14963},{0xFF, 0xFF, 0xFF, 0xFF}}},
	{{{-6267, -1117, 6491},0, {14391, 15271},{0xFF, 0xFF, 0xFF, 0xFF}}},
	{{{-6267, -1855, 6491},0, {14732, 14431},{0xFF, 0xFF, 0xFF, 0xFF}}},
	{{{-7097, -1932, 6287},0, {13684, 13736},{0xFF, 0xFF, 0xFF, 0xFF}}},
	{{{-7097, -1171, 6287},0, {13263, 14580},{0xFF, 0xFF, 0xFF, 0xFF}}},
	{{{-7959, -1919, 5970},0, {12445, 13083},{0xFF, 0xFF, 0xFF, 0xFF}}},
	{{{-7959, -1224, 5970},0, {12027, 13833},{0xFF, 0xFF, 0xFF, 0xFF}}},
	{{{-8170, -1934, 4862},0, {11170, 12316},{0xFF, 0xFF, 0xFF, 0xFF}}},
	{{{-8170, -1224, 4862},0, {10703, 13068},{0xFF, 0xFF, 0xFF, 0xFF}}},
	{{{-8352, -1903, 3718},0, {9795, 11537},{0xFF, 0xFF, 0xFF, 0xFF}}},
	{{{-8352, -1221, 3718},0, {9360, 12260},{0xFF, 0xFF, 0xFF, 0xFF}}},
	{{{-8170, -517, 4862},0, {10247, 13837},{0xFF, 0xFF, 0xFF, 0xFF}}},
	{{{-8489, -637, 3718},0, {8895, 12911},{0xFF, 0xFF, 0xFF, 0xFF}}},
	{{{-8489, -637, 3718},0, {8895, 12911},{0xFF, 0xFF, 0xFF, 0xFF}}},
	{{{-8170, 591, 4862},0, {9542, 15074},{0xFF, 0xFF, 0xFF, 0xFF}}},
	{{{-8170, -517, 4862},0, {10247, 13837},{0xFF, 0xFF, 0xFF, 0xFF}}},
	{{{-8455, 544, 3945},0, {8302, 14339},{0xFF, 0xFF, 0xFF, 0xFF}}},
	{{{-9124, 296, 3952},0, {7279, 13486},{0xFF, 0xFF, 0xFF, 0xFF}}},
	{{{-9115, -637, 3719},0, {7928, 12543},{0xFF, 0xFF, 0xFF, 0xFF}}},
	{{{-9480, -473, 3720},0, {7442, 12197},{0xFF, 0xFF, 0xFF, 0xFF}}},
	{{{-9695, 73, 4239},0, {6126, 12564},{0xFF, 0xFF, 0xFF, 0xFF}}},
	{{{-10593, -6, 4288},0, {5688, 10479},{0xFF, 0xFF, 0xFF, 0xFF}}},
	{{{-10723, -779, 3926},0, {6912, 9954},{0xFF, 0xFF, 0xFF, 0xFF}}},
	{{{-10119, -1609, 3525},0, {8446, 10649},{0xFF, 0xFF, 0xFF, 0xFF}}},
	{{{-10860, -1975, 3706},0, {8462, 9318},{0xFF, 0xFF, 0xFF, 0xFF}}},
	{{{-11245, -1967, 3712},0, {8305, 8691},{0xFF, 0xFF, 0xFF, 0xFF}}},
	{{{-11173, -883, 3969},0, {6877, 9127},{0xFF, 0xFF, 0xFF, 0xFF}}},
	{{{-11630, -1959, 3718},0, {8175, 8065},{0xFF, 0xFF, 0xFF, 0xFF}}},
	{{{-11669, -981, 4112},0, {6822, 8251},{0xFF, 0xFF, 0xFF, 0xFF}}},
	{{{-11669, -981, 4112},0, {6822, 8251},{0xFF, 0xFF, 0xFF, 0xFF}}},
	{{{-10994, -47, 4298},0, {5605, 9651},{0xFF, 0xFF, 0xFF, 0xFF}}},
	{{{-11173, -883, 3969},0, {6877, 9127},{0xFF, 0xFF, 0xFF, 0xFF}}},
	{{{-11431, -53, 4299},0, {5526, 8771},{0xFF, 0xFF, 0xFF, 0xFF}}},
	{{{-12090, -853, 4167},0, {6631, 7546},{0xFF, 0xFF, 0xFF, 0xFF}}},
	{{{-11864, 59, 4298},0, {5397, 7957},{0xFF, 0xFF, 0xFF, 0xFF}}},
	{{{-12581, -986, 3996},0, {6843, 6674},{0xFF, 0xFF, 0xFF, 0xFF}}},
	{{{-12290, 176, 4297},0, {5276, 7210},{0xFF, 0xFF, 0xFF, 0xFF}}},
	{{{-12956, -738, 3892},0, {6637, 5929},{0xFF, 0xFF, 0xFF, 0xFF}}},
	{{{-13504, -986, 3595},0, {7300, 4822},{0xFF, 0xFF, 0xFF, 0xFF}}},
	{{{-13554, -1274, 3334},0, {7944, 4746},{0xFF, 0xFF, 0xFF, 0xFF}}},
	{{{-12803, -1959, 3984},0, {8183, 6800},{0xFF, 0xFF, 0xFF, 0xFF}}},
	{{{-13490, -1872, 2828},0, {9121, 4898},{0xFF, 0xFF, 0xFF, 0xFF}}},
	{{{-14151, -1849, 2710},0, {9340, 3774},{0xFF, 0xFF, 0xFF, 0xFF}}},
	{{{-14108, -1272, 3235},0, {8164, 3636},{0xFF, 0xFF, 0xFF, 0xFF}}},
	{{{-14767, -1862, 2660},0, {9701, 2773},{0xFF, 0xFF, 0xFF, 0xFF}}},
	{{{-14767, -1862, 2660},0, {9701, 2773},{0xFF, 0xFF, 0xFF, 0xFF}}},
	{{{-14600, -1200, 3181},0, {8376, 2638},{0xFF, 0xFF, 0xFF, 0xFF}}},
	{{{-14108, -1272, 3235},0, {8164, 3636},{0xFF, 0xFF, 0xFF, 0xFF}}},
	{{{-15134, -1814, 2719},0, {9865, 2125},{0xFF, 0xFF, 0xFF, 0xFF}}},
	{{{-14917, -1017, 3095},0, {8488, 1894},{0xFF, 0xFF, 0xFF, 0xFF}}},
	{{{-15213, -641, 3008},0, {8396, 990},{0xFF, 0xFF, 0xFF, 0xFF}}},
	{{{-15594, -1804, 2635},0, {10320, 1407},{0xFF, 0xFF, 0xFF, 0xFF}}},
	{{{-16367, -1802, 2591},0, {11273, 413},{0xFF, 0xFF, 0xFF, 0xFF}}},
	{{{-15952, -480, 2877},0, {9308, -422},{0xFF, 0xFF, 0xFF, 0xFF}}},
	{{{-16526, -248, 3474},0, {9929, -2019},{0xFF, 0xFF, 0xFF, 0xFF}}},
	{{{-17653, -1800, 3157},0, {13295, -1003},{0xFF, 0x51, 0x4B, 0xFF}}},
	{{{-17047, -1959, 5024},0, {13233, -3952},{0xFF, 0x51, 0x4B, 0xFF}}},
	{{{-16709, 113, 5119},0, {10338, -4940},{0xFF, 0xFF, 0xFF, 0xFF}}},
	{{{-16723, -1959, 7120},0, {14122, -7001},{0xFF, 0x51, 0x4B, 0xFF}}},
	{{{-16640, 441, 7144},0, {10961, -8138},{0xFF, 0xFF, 0xFF, 0xFF}}},
	{{{-16631, -1959, 8771},0, {14951, -9323},{0xFF, 0x51, 0x4B, 0xFF}}},
	{{{-16640, 441, 7144},0, {10961, -8138},{0xFF, 0xFF, 0xFF, 0xFF}}},
	{{{-16631, -1959, 8771},0, {14951, -9323},{0xFF, 0x51, 0x4B, 0xFF}}},
	{{{-16620, 589, 8774},0, {11637, -10547},{0xFF, 0xFF, 0xFF, 0xFF}}},
	{{{-17223, -1959, 9829},0, {15621, -11105},{0xFF, 0x51, 0x4B, 0xFF}}},
	{{{-17223, 651, 9829},0, {12245, -12383},{0xFF, 0xFF, 0xFF, 0xFF}}},
	{{{-18803, -1959, 10328},0, {16665, -13839},{0xFF, 0x51, 0x4B, 0xFF}}},
	{{{-18803, 750, 10328},0, {13173, -15179},{0xFF, 0xFF, 0xFF, 0xFF}}},
	{{{-20569, 858, 10495},0, {14181, -18205},{0xFF, 0xFF, 0xFF, 0xFF}}},
	{{{-20569, -1959, 10495},0, {17808, -16803},{0xFF, 0x51, 0x4B, 0xFF}}},
	{{{-21682, -1959, 10493},0, {18529, -18665},{0xFF, 0x51, 0x4B, 0xFF}}},
	{{{-21682, 933, 10493},0, {14805, -20106},{0xFF, 0xFF, 0xFF, 0xFF}}},
	{{{-22232, -1959, 10031},0, {18964, -19788},{0xFF, 0x51, 0x4B, 0xFF}}},
	{{{-22232, 1014, 10031},0, {15136, -21270},{0xFF, 0xFF, 0xFF, 0xFF}}},
	{{{-22445, -1959, 8797},0, {19645, -21545},{0xFF, 0x51, 0x4B, 0xFF}}},
	{{{-22459, 1131, 8772},0, {15682, -23127},{0xFF, 0xFF, 0xFF, 0xFF}}},
	{{{-22156, -1959, 6847},0, {20724, -24302},{0xFF, 0x51, 0x4B, 0xFF}}},
	{{{-22156, -1959, 6847},0, {20724, -24302},{0xFF, 0x51, 0x4B, 0xFF}}},
	{{{-22216, 1179, 6480},0, {16880, -26371},{0xFF, 0xFF, 0xFF, 0xFF}}},
	{{{-22459, 1131, 8772},0, {15682, -23127},{0xFF, 0xFF, 0xFF, 0xFF}}},
	{{{-22480, 3886, 8807},0, {12117, -24456},{0xFF, 0xFF, 0xFF, 0xFF}}},
	{{{-22433, 3822, 6933},0, {13213, -27030},{0xFF, 0xFF, 0xFF, 0xFF}}},
	{{{-22232, 3873, 10031},0, {11454, -22696},{0xFF, 0xFF, 0xFF, 0xFF}}},
	{{{-22232, 1014, 10031},0, {15136, -21270},{0xFF, 0xFF, 0xFF, 0xFF}}},
	{{{-21682, 3811, 10493},0, {11099, -21541},{0xFF, 0xFF, 0xFF, 0xFF}}},
	{{{-21682, 933, 10493},0, {14805, -20106},{0xFF, 0xFF, 0xFF, 0xFF}}},
	{{{-20569, 3676, 10495},0, {10551, -19611},{0xFF, 0xFF, 0xFF, 0xFF}}},
	{{{-20569, 858, 10495},0, {14181, -18205},{0xFF, 0xFF, 0xFF, 0xFF}}},
	{{{-18803, 750, 10328},0, {13173, -15179},{0xFF, 0xFF, 0xFF, 0xFF}}},
	{{{-18803, 3459, 10328},0, {9677, -16535},{0xFF, 0xFF, 0xFF, 0xFF}}},
	{{{-17223, 3262, 9829},0, {8864, -13696},{0xFF, 0xFF, 0xFF, 0xFF}}},
	{{{-17223, 651, 9829},0, {12245, -12383},{0xFF, 0xFF, 0xFF, 0xFF}}},
	{{{-16610, 3136, 8777},0, {8321, -11834},{0xFF, 0xFF, 0xFF, 0xFF}}},
	{{{-16610, 3136, 8777},0, {8321, -11834},{0xFF, 0xFF, 0xFF, 0xFF}}},
	{{{-16620, 589, 8774},0, {11637, -10547},{0xFF, 0xFF, 0xFF, 0xFF}}},
	{{{-17223, 651, 9829},0, {12245, -12383},{0xFF, 0xFF, 0xFF, 0xFF}}},
	{{{-16557, 2841, 7167},0, {7801, -9410},{0xFF, 0xFF, 0xFF, 0xFF}}},
	{{{-16640, 441, 7144},0, {10961, -8138},{0xFF, 0xFF, 0xFF, 0xFF}}},
	{{{-16465, 2177, 5191},0, {7482, -6196},{0xFF, 0xFF, 0xFF, 0xFF}}},
	{{{-16709, 113, 5119},0, {10338, -4940},{0xFF, 0xFF, 0xFF, 0xFF}}},
	{{{-16143, 1405, 3602},0, {7278, -3201},{0xFF, 0xFF, 0xFF, 0xFF}}},
	{{{-16526, -248, 3474},0, {9929, -2019},{0xFF, 0xFF, 0xFF, 0xFF}}},
	{{{-15952, -480, 2877},0, {9308, -422},{0xFF, 0xFF, 0xFF, 0xFF}}},
	{{{-15568, 830, 3053},0, {7059, -1343},{0xFF, 0xFF, 0xFF, 0xFF}}},
	{{{-14967, 464, 3230},0, {6519, 133},{0xFF, 0xFF, 0xFF, 0xFF}}},
	{{{-15213, -641, 3008},0, {8396, 990},{0xFF, 0xFF, 0xFF, 0xFF}}},
	{{{-14775, -532, 3415},0, {7423, 1795},{0xFF, 0xFF, 0xFF, 0xFF}}},
	{{{-14573, 247, 3653},0, {5842, 1343},{0xFF, 0xFF, 0xFF, 0xFF}}},
	{{{-14375, 138, 4138},0, {5017, 2367},{0xFF, 0xFF, 0xFF, 0xFF}}},
	{{{-14775, -532, 3415},0, {7423, 1795},{0xFF, 0xFF, 0xFF, 0xFF}}},
	{{{-14375, 138, 4138},0, {5017, 2367},{0xFF, 0xFF, 0xFF, 0xFF}}},
	{{{-14413, -572, 3710},0, {6846, 2674},{0xFF, 0xFF, 0xFF, 0xFF}}},
	{{{-13745, 53, 4271},0, {5023, 4232},{0xFF, 0xFF, 0xFF, 0xFF}}},
	{{{-13918, -620, 3834},0, {6593, 3855},{0xFF, 0xFF, 0xFF, 0xFF}}},
	{{{-13389, -662, 3864},0, {6579, 5040},{0xFF, 0xFF, 0xFF, 0xFF}}},
	{{{-13197, 108, 4293},0, {5129, 5523},{0xFF, 0xFF, 0xFF, 0xFF}}},
	{{{-12722, 177, 4295},0, {5205, 6454},{0xFF, 0xFF, 0xFF, 0xFF}}},
	{{{-12956, -738, 3892},0, {6637, 5929},{0xFF, 0xFF, 0xFF, 0xFF}}},
	{{{-12290, 176, 4297},0, {5276, 7210},{0xFF, 0xFF, 0xFF, 0xFF}}},
	{{{-13504, -986, 3595},0, {7300, 4822},{0xFF, 0xFF, 0xFF, 0xFF}}},
	{{{-14028, -956, 3542},0, {7413, 3697},{0xFF, 0xFF, 0xFF, 0xFF}}},
	{{{-14108, -1272, 3235},0, {8164, 3636},{0xFF, 0xFF, 0xFF, 0xFF}}},
	{{{-13554, -1274, 3334},0, {7944, 4746},{0xFF, 0xFF, 0xFF, 0xFF}}},
	{{{-14600, -1200, 3181},0, {8376, 2638},{0xFF, 0xFF, 0xFF, 0xFF}}},
	{{{-14509, -893, 3466},0, {7628, 2646},{0xFF, 0xFF, 0xFF, 0xFF}}},
	{{{-14600, -1200, 3181},0, {8376, 2638},{0xFF, 0xFF, 0xFF, 0xFF}}},
	{{{-14777, -805, 3330},0, {7864, 2032},{0xFF, 0xFF, 0xFF, 0xFF}}},
	{{{-14509, -893, 3466},0, {7628, 2646},{0xFF, 0xFF, 0xFF, 0xFF}}},
	{{{-14917, -1017, 3095},0, {8488, 1894},{0xFF, 0xFF, 0xFF, 0xFF}}},
	{{{-15213, -641, 3008},0, {8396, 990},{0xFF, 0xFF, 0xFF, 0xFF}}},
	{{{-14775, -532, 3415},0, {7423, 1795},{0xFF, 0xFF, 0xFF, 0xFF}}},
	{{{-14413, -572, 3710},0, {6846, 2674},{0xFF, 0xFF, 0xFF, 0xFF}}},
	{{{-13918, -620, 3834},0, {6593, 3855},{0xFF, 0xFF, 0xFF, 0xFF}}},
	{{{-14028, -956, 3542},0, {7413, 3697},{0xFF, 0xFF, 0xFF, 0xFF}}},
	{{{-13389, -662, 3864},0, {6579, 5040},{0xFF, 0xFF, 0xFF, 0xFF}}},
	{{{-3846, 1737, -2858},0, {29686, -26654},{0xFF, 0xFF, 0xFF, 0xFF}}},
	{{{-3806, 2665, -2106},0, {29237, -27947},{0xFF, 0xFF, 0xFF, 0xFF}}},
	{{{-3890, 3488, -3142},0, {27606, -27537},{0xFF, 0xFF, 0xFF, 0xFF}}},
	{{{-3964, 3427, -3942},0, {27103, -26693},{0xFF, 0xFF, 0xFF, 0xFF}}},
	{{{-4103, 3159, -4623},0, {26871, -25805},{0xFF, 0xFF, 0xFF, 0xFF}}},
	{{{-4095, 1996, -4365},0, {28415, -25241},{0xFF, 0xFF, 0xFF, 0xFF}}},
	{{{-4386, 5622, -5206},0, {25713, -27052},{0xFF, 0xFF, 0xFF, 0xFF}}},
	{{{-3890, 3488, -3142},0, {29654, -27537},{0xFF, 0xFF, 0xFF, 0xFF}}},
	{{{-4098, 4567, -3479},0, {28186, -27937},{0xFF, 0xFF, 0xFF, 0xFF}}},
	{{{-3964, 3427, -3942},0, {29151, -26693},{0xFF, 0xFF, 0xFF, 0xFF}}},
	{{{-4103, 3159, -4623},0, {28919, -25805},{0xFF, 0xFF, 0xFF, 0xFF}}},
	{{{-4371, 3945, -5580},0, {27251, -25410},{0xFF, 0xFF, 0xFF, 0xFF}}},
	{{{-6584, -1155, 1764},0, {20811, 17277},{0xFF, 0xFF, 0xFF, 0xFF}}},
	{{{-6784, -32, 2803},0, {19025, 17937},{0xFF, 0xFF, 0xFF, 0xFF}}},
	{{{-6426, -35, 2263},0, {19908, 18248},{0xFF, 0xFF, 0xFF, 0xFF}}},
	{{{-6784, -1118, 2803},0, {19374, 16896},{0xFF, 0xFF, 0xFF, 0xFF}}},
	{{{-6915, -28, 4018},0, {17704, 17530},{0xFF, 0xFF, 0xFF, 0xFF}}},
	{{{-6915, -1115, 4018},0, {17713, 16352},{0xFF, 0xFF, 0xFF, 0xFF}}},
	{{{-6624, -28, 5189},0, {15800, 16834},{0xFF, 0xFF, 0xFF, 0xFF}}},
	{{{-6624, -1114, 5189},0, {16096, 15827},{0xFF, 0xFF, 0xFF, 0xFF}}},
	{{{-6267, -28, 6491},0, {14028, 16240},{0xFF, 0xFF, 0xFF, 0xFF}}},
	{{{-6267, -1117, 6491},0, {14391, 15271},{0xFF, 0xFF, 0xFF, 0xFF}}},
	{{{-6267, -28, 6491},0, {14028, 16240},{0xFF, 0xFF, 0xFF, 0xFF}}},
	{{{-6267, -1117, 6491},0, {14391, 15271},{0xFF, 0xFF, 0xFF, 0xFF}}},
	{{{-7097, -1171, 6287},0, {13263, 14580},{0xFF, 0xFF, 0xFF, 0xFF}}},
	{{{-7097, -383, 6287},0, {12804, 15440},{0xFF, 0xFF, 0xFF, 0xFF}}},
	{{{-7959, -1224, 5970},0, {12027, 13833},{0xFF, 0xFF, 0xFF, 0xFF}}},
	{{{-7959, -496, 5970},0, {11587, 14623},{0xFF, 0xFF, 0xFF, 0xFF}}},
	{{{-8170, -1224, 4862},0, {10703, 13068},{0xFF, 0xFF, 0xFF, 0xFF}}},
	{{{-8170, -517, 4862},0, {10247, 13837},{0xFF, 0xFF, 0xFF, 0xFF}}},
	{{{-7959, 598, 5970},0, {10932, 15831},{0xFF, 0xFF, 0xFF, 0xFF}}},
	{{{-8170, 591, 4862},0, {9542, 15074},{0xFF, 0xFF, 0xFF, 0xFF}}},
	{{{-7097, 899, 6288},0, {12063, 16855},{0xFF, 0xFF, 0xFF, 0xFF}}},
	{{{-6231, 1207, 6525},0, {13165, 17858},{0xFF, 0xFF, 0xFF, 0xFF}}},
	{{{-5858, 1402, 5873},0, {14019, 18554},{0xFF, 0xFF, 0xFF, 0xFF}}},
	{{{-5914, 35, 5869},0, {14849, 16721},{0xFF, 0xFF, 0xFF, 0xFF}}},
	{{{-5777, 344, 5172},0, {15566, 17473},{0xFF, 0xFF, 0xFF, 0xFF}}},
	{{{-5388, 1765, 5118},0, {14945, 19549},{0xFF, 0xFF, 0xFF, 0xFF}}},
	{{{-21104, 1583, 1833},0, {19056, -27166},{0xFF, 0xFF, 0xFF, 0xFF}}},
	{{{-21674, 3476, 2856},0, {15945, -26490},{0xFF, 0xFF, 0xFF, 0xFF}}},
	{{{-21403, 1606, 2691},0, {18502, -25886},{0xFF, 0xFF, 0xFF, 0xFF}}},
	{{{-21394, 3319, 1909},0, {16701, -27784},{0xFF, 0xFF, 0xFF, 0xFF}}},
	{{{-11173, -883, 3969},0, {6877, 9127},{0xFF, 0xFF, 0xFF, 0xFF}}},
	{{{-10994, -47, 4298},0, {5605, 9651},{0xFF, 0xFF, 0xFF, 0xFF}}},
	{{{-10593, -6, 4288},0, {5688, 10479},{0xFF, 0xFF, 0xFF, 0xFF}}},
	{{{-10723, -779, 3926},0, {6912, 9954},{0xFF, 0xFF, 0xFF, 0xFF}}},
	{{{-8008, -117, -8679},0, {27715, -25265},{0xFF, 0xFF, 0xFF, 0xFF}}},
	{{{-7053, -117, -7327},0, {28779, -26990},{0xFF, 0xFF, 0xFF, 0xFF}}},
	{{{-7087, 2482, -7443},0, {26086, -28202},{0xFF, 0xFF, 0xFF, 0xFF}}},
	{{{-8006, 2445, -8681},0, {25227, -26839},{0xFF, 0xFF, 0xFF, 0xFF}}},
	{{{-10013, -570, -10469},0, {27828, -27575},{0xFF, 0xFF, 0xFF, 0xFF}}},
	{{{-11275, -457, -10456},0, {26882, -26133},{0xFF, 0xFF, 0xFF, 0xFF}}},
	{{{-11307, -1959, -10469},0, {28478, -25296},{0xFF, 0x51, 0x4B, 0xFF}}},
	{{{-9750, -1959, -10469},0, {29497, -27062},{0xFF, 0x51, 0x4B, 0xFF}}},
	{{{-9042, -1959, -10469},0, {30023, -27841},{0xFF, 0x51, 0x4B, 0xFF}}},
	{{{-10013, -570, -10469},0, {27828, -27575},{0xFF, 0xFF, 0xFF, 0xFF}}},
	{{{-9750, -1959, -10469},0, {29497, -27062},{0xFF, 0x51, 0x4B, 0xFF}}},
	{{{-9123, -739, -10469},0, {28660, -28523},{0xFF, 0xFF, 0xFF, 0xFF}}},
	{{{-11307, -1959, -10469},0, {30526, -27344},{0xFF, 0x51, 0x4B, 0xFF}}},
	{{{-11275, -457, -10456},0, {28930, -28181},{0xFF, 0xFF, 0xFF, 0xFF}}},
	{{{-12347, -413, -10357},0, {28231, -26939},{0xFF, 0xFF, 0xFF, 0xFF}}},
	{{{-12817, -1959, -10457},0, {29606, -25591},{0xFF, 0x51, 0x4B, 0xFF}}},
	{{{-17398, -1959, -10362},0, {29402, -26163},{0xFF, 0xFF, 0xFF, 0xFF}}},
	{{{-17281, -348, -10469},0, {27672, -27069},{0xFF, 0xFF, 0xFF, 0xFF}}},
	{{{-21667, -601, -10362},0, {25623, -21617},{0xFF, 0xFF, 0xFF, 0xFF}}},
	{{{-21667, -1959, -10362},0, {27132, -20980},{0xFF, 0xFF, 0xFF, 0xFF}}},
	{{{-14837, -1630, -10247},0, {30401, -27397},{0xFF, 0xFF, 0xFF, 0xFF}}},
	{{{-14645, -364, -10357},0, {29087, -28219},{0xFF, 0xFF, 0xFF, 0xFF}}},
	{{{-15752, -346, -10456},0, {28477, -26882},{0xFF, 0xFF, 0xFF, 0xFF}}},
	{{{-15783, -1714, -10125},0, {30032, -26191},{0xFF, 0xFF, 0xFF, 0xFF}}},
	{{{-15783, -1714, -10125},0, {30032, -26191},{0xFF, 0xFF, 0xFF, 0xFF}}},
	{{{-15752, -346, -10456},0, {28477, -26882},{0xFF, 0xFF, 0xFF, 0xFF}}},
	{{{-17281, -348, -10469},0, {27672, -25021},{0xFF, 0xFF, 0xFF, 0xFF}}},
	{{{-17398, -1959, -10362},0, {29402, -24115},{0xFF, 0xFF, 0xFF, 0xFF}}},
	{{{-23093, 763, -7277},0, {24584, -24826},{0xFF, 0xFF, 0xFF, 0xFF}}},
	{{{-23044, -817, -7468},0, {26427, -24280},{0xFF, 0xFF, 0xFF, 0xFF}}},
	{{{-22464, -708, -8939},0, {27030, -25976},{0xFF, 0xFF, 0xFF, 0xFF}}},
	{{{-22464, 891, -8939},0, {25257, -26726},{0xFF, 0xFF, 0xFF, 0xFF}}},
	{{{-21667, -601, -10362},0, {27671, -27761},{0xFF, 0xFF, 0xFF, 0xFF}}},
	{{{-21667, -1959, -10362},0, {29180, -27124},{0xFF, 0xFF, 0xFF, 0xFF}}},
	{{{-22464, -1959, -8939},0, {28420, -25388},{0xFF, 0xFF, 0xFF, 0xFF}}},
	{{{-21667, 1092, -10362},0, {25791, -28555},{0xFF, 0xFF, 0xFF, 0xFF}}},
	{{{-23155, 3533, -7378},0, {21565, -26176},{0xFF, 0xFF, 0xFF, 0xFF}}},
	{{{-22464, 2241, -8939},0, {23759, -27361},{0xFF, 0xFF, 0xFF, 0xFF}}},
	{{{-22464, 3952, -8939},0, {21864, -28153},{0xFF, 0xFF, 0xFF, 0xFF}}},
	{{{-23155, 1944, -7378},0, {23315, -25455},{0xFF, 0xFF, 0xFF, 0xFF}}},
	{{{-15758, 1540, -10448},0, {28426, -25713},{0xFF, 0xFF, 0xFF, 0xFF}}},
	{{{-14673, 1489, -10315},0, {29066, -27011},{0xFF, 0xFF, 0xFF, 0xFF}}},
	{{{-14212, 2589, -10045},0, {28102, -28135},{0xFF, 0xFF, 0xFF, 0xFF}}},
	{{{-15710, 3054, -10434},0, {26762, -26491},{0xFF, 0xFF, 0xFF, 0xFF}}},
	{{{-22464, 3952, -8939},0, {21864, -26105},{0xFF, 0xFF, 0xFF, 0xFF}}},
	{{{-21667, 2547, -10362},0, {24174, -27187},{0xFF, 0xFF, 0xFF, 0xFF}}},
	{{{-21667, 4382, -10362},0, {22135, -28042},{0xFF, 0xFF, 0xFF, 0xFF}}},
	{{{-22464, 2241, -8939},0, {23759, -25313},{0xFF, 0xFF, 0xFF, 0xFF}}},
	{{{-21667, 1092, -10362},0, {25791, -26507},{0xFF, 0xFF, 0xFF, 0xFF}}},
	{{{-22464, 891, -8939},0, {25257, -24678},{0xFF, 0xFF, 0xFF, 0xFF}}},
	{{{-10013, -570, -10469},0, {29876, -25527},{0xFF, 0xFF, 0xFF, 0xFF}}},
	{{{-10025, 1479, -10469},0, {27543, -26689},{0xFF, 0xFF, 0xFF, 0xFF}}},
	{{{-11285, 1752, -10438},0, {26463, -25223},{0xFF, 0xFF, 0xFF, 0xFF}}},
	{{{-11275, -457, -10456},0, {28930, -24085},{0xFF, 0xFF, 0xFF, 0xFF}}},
	{{{-22464, 771, -5439},0, {23766, -24847},{0xFF, 0xFF, 0xFF, 0xFF}}},
	{{{-23093, 763, -7277},0, {24584, -26874},{0xFF, 0xFF, 0xFF, 0xFF}}},
	{{{-23155, 1944, -7378},0, {23315, -27503},{0xFF, 0xFF, 0xFF, 0xFF}}},
	{{{-22464, 1921, -5439},0, {22481, -25358},{0xFF, 0xFF, 0xFF, 0xFF}}},
	{{{-23155, 3533, -7378},0, {21565, -28224},{0xFF, 0xFF, 0xFF, 0xFF}}},
	{{{-22464, 3501, -5439},0, {20714, -26067},{0xFF, 0xFF, 0xFF, 0xFF}}},
	{{{-22464, 771, -5439},0, {23766, -26895},{0xFF, 0xFF, 0xFF, 0xFF}}},
	{{{-21682, 1916, -3563},0, {21617, -25263},{0xFF, 0xFF, 0xFF, 0xFF}}},
	{{{-21667, 771, -3607},0, {22910, -24782},{0xFF, 0xFF, 0xFF, 0xFF}}},
	{{{-22464, 1921, -5439},0, {22481, -27406},{0xFF, 0xFF, 0xFF, 0xFF}}},
	{{{-21682, 3488, -3563},0, {19856, -25966},{0xFF, 0xFF, 0xFF, 0xFF}}},
	{{{-22464, 3501, -5439},0, {20714, -28115},{0xFF, 0xFF, 0xFF, 0xFF}}},
	{{{-11285, 1752, -10438},0, {26463, -27271},{0xFF, 0xFF, 0xFF, 0xFF}}},
	{{{-12329, 1810, -10212},0, {25808, -25989},{0xFF, 0xFF, 0xFF, 0xFF}}},
	{{{-12347, -413, -10357},0, {28231, -24891},{0xFF, 0xFF, 0xFF, 0xFF}}},
	{{{-11275, -457, -10456},0, {28930, -26133},{0xFF, 0xFF, 0xFF, 0xFF}}},
	{{{-8348, -25, -10145},0, {26527, -25904},{0xFF, 0xFF, 0xFF, 0xFF}}},
	{{{-8425, -1959, -10410},0, {28475, -24413},{0xFF, 0x51, 0x4B, 0xFF}}},
	{{{-8106, -1959, -8574},0, {29750, -26187},{0xFF, 0x51, 0x4B, 0xFF}}},
	{{{-8008, -117, -8679},0, {27715, -27313},{0xFF, 0xFF, 0xFF, 0xFF}}},
	{{{-23073, -1959, -7575},0, {27734, -25872},{0xFF, 0xFF, 0xFF, 0xFF}}},
	{{{-22464, -1959, -8939},0, {28420, -27436},{0xFF, 0xFF, 0xFF, 0xFF}}},
	{{{-22464, -708, -8939},0, {27030, -28024},{0xFF, 0xFF, 0xFF, 0xFF}}},
	{{{-23044, -817, -7468},0, {26427, -26328},{0xFF, 0xFF, 0xFF, 0xFF}}},
	{{{-10297, -2777, 13129},0, {-6056, 10849},{0x88, 0x8A, 0xFF, 0xFF}}},
	{{{-10355, -3544, 12975},0, {-5468, 10715},{0x88, 0x8A, 0xFF, 0xFF}}},
	{{{-11293, -3600, 13613},0, {-5626, 9881},{0x88, 0x8A, 0xFF, 0xFF}}},
	{{{-12238, -3352, 13762},0, {-5859, 8982},{0x88, 0x8A, 0xFF, 0xFF}}},
	{{{-12030, -3600, 13613},0, {-5625, 9207},{0x88, 0x8A, 0xFF, 0xFF}}},
	{{{-13291, -3600, 13325},0, {-5575, 8208},{0x88, 0x8A, 0xFF, 0xFF}}},
	{{{-14467, -3587, 13151},0, {-5331, 7424},{0x88, 0x8A, 0xFF, 0xFF}}},
	{{{-14779, -3466, 13033},0, {-5266, 7205},{0x88, 0x8A, 0xFF, 0xFF}}},
	{{{-14779, -3466, 13033},0, {-5266, 7205},{0x88, 0x8A, 0xFF, 0xFF}}},
	{{{-12123, -2544, 13693},0, {-6528, 8966},{0x88, 0x8A, 0xFF, 0xFF}}},
	{{{-12238, -3352, 13762},0, {-5859, 8982},{0x88, 0x8A, 0xFF, 0xFF}}},
	{{{-14172, -1238, 12985},0, {-6742, 6613},{0xFF, 0xFF, 0xFF, 0xFF}}},
	{{{-15108, -3544, 11364},0, {-4655, 6526},{0x88, 0x8A, 0xFF, 0xFF}}},
	{{{-15064, -1378, 11353},0, {-5467, 5377},{0xFF, 0xFF, 0xFF, 0xFF}}},
	{{{-14991, -3495, 9675},0, {-3817, 6110},{0x88, 0x8A, 0xFF, 0xFF}}},
	{{{-15177, -1335, 9651},0, {-4021, 4683},{0xFF, 0xFF, 0xFF, 0xFF}}},
	{{{-15061, -1037, 8178},0, {-2429, 4214},{0xFF, 0xFF, 0xFF, 0xFF}}},
	{{{-14854, -2547, 8178},0, {-2355, 5806},{0x88, 0x8A, 0xFF, 0xFF}}},
	{{{-14761, -906, 6668},0, {-425, 4179},{0xFF, 0xFF, 0xFF, 0xFF}}},
	{{{-14573, -1919, 6699},0, {-517, 5448},{0xFF, 0xFF, 0xFF, 0xFF}}},
	{{{-14381, -1767, 6001},0, {319, 5383},{0xFF, 0xFF, 0xFF, 0xFF}}},
	{{{-14532, -826, 5900},0, {711, 4299},{0xFF, 0xFF, 0xFF, 0xFF}}},
	{{{-14202, -770, 5368},0, {1661, 4653},{0xFF, 0xFF, 0xFF, 0xFF}}},
	{{{-14185, -1647, 5595},0, {861, 5445},{0xFF, 0xFF, 0xFF, 0xFF}}},
	{{{-13846, -1754, 5505},0, {1112, 5881},{0xFF, 0xFF, 0xFF, 0xFF}}},
	{{{-14202, -770, 5368},0, {1661, 4653},{0xFF, 0xFF, 0xFF, 0xFF}}},
	{{{-14185, -1647, 5595},0, {861, 5445},{0xFF, 0xFF, 0xFF, 0xFF}}},
	{{{-13746, -792, 5190},0, {2249, 5306},{0xFF, 0xFF, 0xFF, 0xFF}}},
	{{{-13266, -851, 5200},0, {2580, 6093},{0xFF, 0xFF, 0xFF, 0xFF}}},
	{{{-13279, -1959, 5314},0, {1408, 6625},{0xFF, 0xFF, 0xFF, 0xFF}}},
	{{{-12994, -1959, 5314},0, {1542, 6980},{0xFF, 0xFF, 0xFF, 0xFF}}},
	{{{-12861, -900, 5187},0, {2750, 6748},{0xFF, 0xFF, 0xFF, 0xFF}}},
	{{{-12710, -1959, 5314},0, {1655, 7342},{0xFF, 0xFF, 0xFF, 0xFF}}},
	{{{-12498, -962, 5027},0, {2863, 7350},{0xFF, 0xFF, 0xFF, 0xFF}}},
	{{{-12777, -303, 5149},0, {3532, 6670},{0xFF, 0xFF, 0xFF, 0xFF}}},
	{{{-12378, -321, 5125},0, {3675, 7331},{0xFF, 0xFF, 0xFF, 0xFF}}},
	{{{-12086, -851, 4969},0, {3125, 7941},{0xFF, 0xFF, 0xFF, 0xFF}}},
	{{{-11973, -384, 5112},0, {3750, 8011},{0xFF, 0xFF, 0xFF, 0xFF}}},
	{{{-11685, -988, 5028},0, {3071, 8578},{0xFF, 0xFF, 0xFF, 0xFF}}},
	{{{-11551, -451, 5125},0, {3783, 8739},{0xFF, 0xFF, 0xFF, 0xFF}}},
	{{{-11229, -917, 5185},0, {3207, 9324},{0xFF, 0xFF, 0xFF, 0xFF}}},
	{{{-11551, -451, 5125},0, {3783, 8739},{0xFF, 0xFF, 0xFF, 0xFF}}},
	{{{-11685, -988, 5028},0, {3071, 8578},{0xFF, 0xFF, 0xFF, 0xFF}}},
	{{{-11374, -1959, 5314},0, {2013, 9166},{0xFF, 0xFF, 0xFF, 0xFF}}},
	{{{-11668, -1959, 5314},0, {1945, 8781},{0xFF, 0xFF, 0xFF, 0xFF}}},
	{{{-10795, -837, 5197},0, {3290, 10051},{0xFF, 0xFF, 0xFF, 0xFF}}},
	{{{-11110, -420, 5147},0, {3873, 9524},{0xFF, 0xFF, 0xFF, 0xFF}}},
	{{{-10688, -357, 5141},0, {3938, 10317},{0xFF, 0xFF, 0xFF, 0xFF}}},
	{{{-10015, -295, 5159},0, {3751, 11751},{0xFF, 0xFF, 0xFF, 0xFF}}},
	{{{-10047, -719, 5209},0, {3151, 11388},{0xFF, 0xFF, 0xFF, 0xFF}}},
	{{{-11080, -1959, 5314},0, {2051, 9543},{0xFF, 0xFF, 0xFF, 0xFF}}},
	{{{-10115, -1716, 5533},0, {2034, 10886},{0xFF, 0xFF, 0xFF, 0xFF}}},
	{{{-9807, -653, 5441},0, {2895, 11868},{0xFF, 0xFF, 0xFF, 0xFF}}},
	{{{-9851, -1667, 5670},0, {1919, 11252},{0xFF, 0xFF, 0xFF, 0xFF}}},
	{{{-9688, -1592, 6156},0, {1493, 11607},{0xFF, 0xFF, 0xFF, 0xFF}}},
	{{{-9616, -538, 5998},0, {2312, 12489},{0xFF, 0xFF, 0xFF, 0xFF}}},
	{{{-9688, -1592, 6156},0, {1493, 11607},{0xFF, 0xFF, 0xFF, 0xFF}}},
	{{{-9250, -238, 8057},0, {-15, 13713},{0xFF, 0xFF, 0xFF, 0xFF}}},
	{{{-9616, -538, 5998},0, {2312, 12489},{0xFF, 0xFF, 0xFF, 0xFF}}},
	{{{-9393, -1456, 8077},0, {-445, 12388},{0xFF, 0xFF, 0xFF, 0xFF}}},
	{{{-8891, -362, 9878},0, {-2250, 14301},{0xFF, 0xFF, 0xFF, 0xFF}}},
	{{{-8940, -1965, 10255},0, {-3271, 13077},{0xFF, 0xFF, 0xFF, 0xFF}}},
	{{{-8004, -1889, 10001},0, {-3773, 13997},{0xFF, 0xFF, 0xFF, 0xFF}}},
	{{{-8004, -386, 9916},0, {-3324, 14840},{0xFF, 0xFF, 0xFF, 0xFF}}},
	{{{-7137, -1780, 10149},0, {-4333, 14423},{0xFF, 0xFF, 0xFF, 0xFF}}},
	{{{-7129, -386, 10133},0, {-4244, 15112},{0xFF, 0xFF, 0xFF, 0xFF}}},
	{{{-6993, -1793, 11778},0, {-5386, 14199},{0xFF, 0xFF, 0xFF, 0xFF}}},
	{{{-6949, -386, 11775},0, {-5630, 15015},{0xFF, 0xFF, 0xFF, 0xFF}}},
	{{{-7137, -1780, 13429},0, {-6359, 13837},{0xFF, 0xFF, 0xFF, 0xFF}}},
	{{{-7129, -386, 13445},0, {-6875, 14341},{0xFF, 0xFF, 0xFF, 0xFF}}},
	{{{-8005, -1889, 13708},0, {-6670, 13228},{0xFF, 0xFF, 0xFF, 0xFF}}},
	{{{-8009, -387, 13791},0, {-7444, 13594},{0xFF, 0xFF, 0xFF, 0xFF}}},
	{{{-9411, -475, 13795},0, {-7946, 12075},{0xFF, 0xFF, 0xFF, 0xFF}}},
	{{{-8009, -387, 13791},0, {-7444, 13594},{0xFF, 0xFF, 0xFF, 0xFF}}},
	{{{-8005, -1889, 13708},0, {-6670, 13228},{0xFF, 0xFF, 0xFF, 0xFF}}},
	{{{-9122, -2031, 13504},0, {-6831, 12164},{0xFF, 0xFF, 0xFF, 0xFF}}},
	{{{-12123, -2544, 13693},0, {-6528, 8966},{0x88, 0x8A, 0xFF, 0xFF}}},
	{{{-12238, -3352, 13762},0, {-5859, 8982},{0x88, 0x8A, 0xFF, 0xFF}}},
	{{{-10297, -2777, 13129},0, {-6056, 10849},{0x88, 0x8A, 0xFF, 0xFF}}},
	{{{-12004, -877, 13693},0, {-7878, 8923},{0xFF, 0xFF, 0xFF, 0xFF}}},
	{{{-14172, -1238, 12985},0, {-6742, 6613},{0xFF, 0xFF, 0xFF, 0xFF}}},
	{{{-14172, -227, 12985},0, {-7552, 6104},{0xFF, 0xFF, 0xFF, 0xFF}}},
	{{{-15064, -1378, 11353},0, {-5467, 5377},{0xFF, 0xFF, 0xFF, 0xFF}}},
	{{{-15064, -294, 11353},0, {-6057, 4556},{0xFF, 0xFF, 0xFF, 0xFF}}},
	{{{-15177, -1335, 9651},0, {-4021, 4683},{0xFF, 0xFF, 0xFF, 0xFF}}},
	{{{-15177, -256, 9651},0, {-4329, 3651},{0xFF, 0xFF, 0xFF, 0xFF}}},
	{{{-15061, -80, 8178},0, {-2525, 3091},{0xFF, 0xFF, 0xFF, 0xFF}}},
	{{{-15061, -1037, 8178},0, {-2429, 4214},{0xFF, 0xFF, 0xFF, 0xFF}}},
	{{{-14758, -220, 6661},0, {-325, 3274},{0xFF, 0xFF, 0xFF, 0xFF}}},
	{{{-15061, -80, 8178},0, {-2525, 3091},{0xFF, 0xFF, 0xFF, 0xFF}}},
	{{{-15061, -1037, 8178},0, {-2429, 4214},{0xFF, 0xFF, 0xFF, 0xFF}}},
	{{{-14761, -906, 6668},0, {-425, 4179},{0xFF, 0xFF, 0xFF, 0xFF}}},
	{{{-14532, -826, 5900},0, {711, 4299},{0xFF, 0xFF, 0xFF, 0xFF}}},
	{{{-14529, -262, 5876},0, {988, 3511},{0xFF, 0xFF, 0xFF, 0xFF}}},
	{{{-14202, -770, 5368},0, {1661, 4653},{0xFF, 0xFF, 0xFF, 0xFF}}},
	{{{-14203, -276, 5317},0, {2186, 3993},{0xFF, 0xFF, 0xFF, 0xFF}}},
	{{{-13746, -792, 5190},0, {2249, 5306},{0xFF, 0xFF, 0xFF, 0xFF}}},
	{{{-13722, -300, 5132},0, {2928, 4920},{0xFF, 0xFF, 0xFF, 0xFF}}},
	{{{-13266, -851, 5200},0, {2580, 6093},{0xFF, 0xFF, 0xFF, 0xFF}}},
	{{{-13216, -311, 5144},0, {3313, 5902},{0xFF, 0xFF, 0xFF, 0xFF}}},
	{{{-12861, -900, 5187},0, {2750, 6748},{0xFF, 0xFF, 0xFF, 0xFF}}},
	{{{-12777, -303, 5149},0, {3532, 6670},{0xFF, 0xFF, 0xFF, 0xFF}}},
	{{{-13179, 91, 4982},0, {3972, 5791},{0xFF, 0xFF, 0xFF, 0xFF}}},
	{{{-12713, 165, 4993},0, {4200, 6646},{0xFF, 0xFF, 0xFF, 0xFF}}},
	{{{-12378, -321, 5125},0, {3675, 7331},{0xFF, 0xFF, 0xFF, 0xFF}}},
	{{{-12713, 165, 4993},0, {4200, 6646},{0xFF, 0xFF, 0xFF, 0xFF}}},
	{{{-12777, -303, 5149},0, {3532, 6670},{0xFF, 0xFF, 0xFF, 0xFF}}},
	{{{-12287, 172, 4991},0, {4332, 7343},{0xFF, 0xFF, 0xFF, 0xFF}}},
	{{{-11973, -384, 5112},0, {3750, 8011},{0xFF, 0xFF, 0xFF, 0xFF}}},
	{{{-11864, 58, 4989},0, {4388, 8065},{0xFF, 0xFF, 0xFF, 0xFF}}},
	{{{-11551, -451, 5125},0, {3783, 8739},{0xFF, 0xFF, 0xFF, 0xFF}}},
	{{{-11434, -56, 4991},0, {4406, 8876},{0xFF, 0xFF, 0xFF, 0xFF}}},
	{{{-11110, -420, 5147},0, {3873, 9524},{0xFF, 0xFF, 0xFF, 0xFF}}},
	{{{-11229, -917, 5185},0, {3207, 9324},{0xFF, 0xFF, 0xFF, 0xFF}}},
	{{{-11003, -56, 4993},0, {4457, 9716},{0xFF, 0xFF, 0xFF, 0xFF}}},
	{{{-10688, -357, 5141},0, {3938, 10317},{0xFF, 0xFF, 0xFF, 0xFF}}},
	{{{-10604, -21, 4981},0, {4499, 10526},{0xFF, 0xFF, 0xFF, 0xFF}}},
	{{{-10015, -295, 5159},0, {3751, 11751},{0xFF, 0xFF, 0xFF, 0xFF}}},
	{{{-9909, 18, 5001},0, {4380, 12227},{0xFF, 0xFF, 0xFF, 0xFF}}},
	{{{-9801, -218, 5418},0, {3348, 12322},{0xFF, 0xFF, 0xFF, 0xFF}}},
	{{{-10015, -295, 5159},0, {3751, 11751},{0xFF, 0xFF, 0xFF, 0xFF}}},
	{{{-9807, -653, 5441},0, {2895, 11868},{0xFF, 0xFF, 0xFF, 0xFF}}},
	{{{-9801, -218, 5418},0, {3348, 12322},{0xFF, 0xFF, 0xFF, 0xFF}}},
	{{{-10047, -719, 5209},0, {3151, 11388},{0xFF, 0xFF, 0xFF, 0xFF}}},
	{{{-9616, -538, 5998},0, {2312, 12489},{0xFF, 0xFF, 0xFF, 0xFF}}},
	{{{-9615, -69, 5992},0, {2591, 12985},{0xFF, 0xFF, 0xFF, 0xFF}}},
	{{{-9250, 308, 8057},0, {186, 14310},{0xFF, 0xFF, 0xFF, 0xFF}}},
	{{{-9250, -238, 8057},0, {-15, 13713},{0xFF, 0xFF, 0xFF, 0xFF}}},
	{{{-8891, 221, 9878},0, {-2015, 14936},{0xFF, 0xFF, 0xFF, 0xFF}}},
	{{{-8891, -362, 9878},0, {-2250, 14301},{0xFF, 0xFF, 0xFF, 0xFF}}},
	{{{-8004, -386, 9916},0, {-3324, 14840},{0xFF, 0xFF, 0xFF, 0xFF}}},
	{{{-8004, 199, 9916},0, {-3147, 15354},{0xFF, 0xFF, 0xFF, 0xFF}}},
	{{{-7129, -386, 10133},0, {-4244, 15112},{0xFF, 0xFF, 0xFF, 0xFF}}},
	{{{-7129, 199, 10133},0, {-4195, 15598},{0xFF, 0xFF, 0xFF, 0xFF}}},
	{{{-6949, -386, 11775},0, {-5630, 15015},{0xFF, 0xFF, 0xFF, 0xFF}}},
	{{{-6949, 199, 11775},0, {-5765, 15479},{0xFF, 0xFF, 0xFF, 0xFF}}},
	{{{-6949, 199, 11775},0, {-5765, 15479},{0xFF, 0xFF, 0xFF, 0xFF}}},
	{{{-6949, -386, 11775},0, {-5630, 15015},{0xFF, 0xFF, 0xFF, 0xFF}}},
	{{{-7129, -386, 13445},0, {-6875, 14341},{0xFF, 0xFF, 0xFF, 0xFF}}},
	{{{-7129, 199, 13445},0, {-7185, 14714},{0xFF, 0xFF, 0xFF, 0xFF}}},
	{{{-8009, -387, 13791},0, {-7444, 13594},{0xFF, 0xFF, 0xFF, 0xFF}}},
	{{{-8009, 199, 13791},0, {-7895, 13871},{0xFF, 0xFF, 0xFF, 0xFF}}},
	{{{-9411, -475, 13795},0, {-7946, 12075},{0xFF, 0xFF, 0xFF, 0xFF}}},
	{{{-9411, 155, 13795},0, {-8551, 12227},{0xFF, 0xFF, 0xFF, 0xFF}}},
	{{{-12004, -46, 13693},0, {-8681, 8821},{0xFF, 0xFF, 0xFF, 0xFF}}},
	{{{-12004, -877, 13693},0, {-7878, 8923},{0xFF, 0xFF, 0xFF, 0xFF}}},
	{{{-14172, -227, 12985},0, {-7552, 6104},{0xFF, 0xFF, 0xFF, 0xFF}}},
	{{{-14172, 784, 12985},0, {-8514, 5511},{0xFF, 0xFF, 0xFF, 0xFF}}},
	{{{-15064, -294, 11353},0, {-6057, 4556},{0xFF, 0xFF, 0xFF, 0xFF}}},
	{{{-15064, 790, 11353},0, {-6812, 3560},{0xFF, 0xFF, 0xFF, 0xFF}}},
	{{{-15177, -256, 9651},0, {-4329, 3651},{0xFF, 0xFF, 0xFF, 0xFF}}},
	{{{-15177, 826, 9651},0, {-4760, 2440},{0xFF, 0xFF, 0xFF, 0xFF}}},
	{{{-15061, 901, 8178},0, {-2715, 1844},{0xFF, 0xFF, 0xFF, 0xFF}}},
	{{{-15177, 826, 9651},0, {-4760, 2440},{0xFF, 0xFF, 0xFF, 0xFF}}},
	{{{-15177, -256, 9651},0, {-4329, 3651},{0xFF, 0xFF, 0xFF, 0xFF}}},
	{{{-15061, -80, 8178},0, {-2525, 3091},{0xFF, 0xFF, 0xFF, 0xFF}}},
	{{{-14758, 505, 6660},0, {-298, 2255},{0xFF, 0xFF, 0xFF, 0xFF}}},
	{{{-14758, -220, 6661},0, {-325, 3274},{0xFF, 0xFF, 0xFF, 0xFF}}},
	{{{-14529, -262, 5876},0, {988, 3511},{0xFF, 0xFF, 0xFF, 0xFF}}},
	{{{-14548, 296, 5855},0, {1131, 2628},{0xFF, 0xFF, 0xFF, 0xFF}}},
	{{{-14203, -276, 5317},0, {2186, 3993},{0xFF, 0xFF, 0xFF, 0xFF}}},
	{{{-14375, 157, 5159},0, {2653, 3034},{0xFF, 0xFF, 0xFF, 0xFF}}},
	{{{-13722, -300, 5132},0, {2928, 4920},{0xFF, 0xFF, 0xFF, 0xFF}}},
	{{{-13719, 43, 4973},0, {3572, 4608},{0xFF, 0xFF, 0xFF, 0xFF}}},
	{{{-13216, -311, 5144},0, {3313, 5902},{0xFF, 0xFF, 0xFF, 0xFF}}},
	{{{-13179, 91, 4982},0, {3972, 5791},{0xFF, 0xFF, 0xFF, 0xFF}}},
	{{{-12004, -46, 13693},0, {-8681, 8821},{0xFF, 0xFF, 0xFF, 0xFF}}},
	{{{-14172, 784, 12985},0, {-8514, 5511},{0xFF, 0xFF, 0xFF, 0xFF}}},
	{{{-12004, 784, 13693},0, {-9584, 8709},{0xFF, 0xFF, 0xFF, 0xFF}}},
	{{{-9411, 155, 13795},0, {-8551, 12227},{0xFF, 0xFF, 0xFF, 0xFF}}},
	{{{-9411, 784, 13795},0, {-9207, 12408},{0xFF, 0xFF, 0xFF, 0xFF}}},
	{{{-8009, 784, 13791},0, {-8390, 14201},{0xFF, 0xFF, 0xFF, 0xFF}}},
	{{{-8009, 199, 13791},0, {-7895, 13871},{0xFF, 0xFF, 0xFF, 0xFF}}},
	{{{-7129, 784, 13445},0, {-7540, 15152},{0xFF, 0xFF, 0xFF, 0xFF}}},
	{{{-7129, 199, 13445},0, {-7185, 14714},{0xFF, 0xFF, 0xFF, 0xFF}}},
	{{{-6949, 784, 11775},0, {-5920, 16009},{0xFF, 0xFF, 0xFF, 0xFF}}},
	{{{-6949, 199, 11775},0, {-5765, 15479},{0xFF, 0xFF, 0xFF, 0xFF}}},
	{{{-7129, 784, 10133},0, {-4154, 16148},{0xFF, 0xFF, 0xFF, 0xFF}}},
	{{{-7129, 199, 10133},0, {-4195, 15598},{0xFF, 0xFF, 0xFF, 0xFF}}},
	{{{-8004, 784, 9916},0, {-2989, 15928},{0xFF, 0xFF, 0xFF, 0xFF}}},
	{{{-8004, 199, 9916},0, {-3147, 15354},{0xFF, 0xFF, 0xFF, 0xFF}}},
	{{{-8891, 802, 9878},0, {-1805, 15557},{0xFF, 0xFF, 0xFF, 0xFF}}},
	{{{-8891, 802, 9878},0, {-1805, 15557},{0xFF, 0xFF, 0xFF, 0xFF}}},
	{{{-8891, 221, 9878},0, {-2015, 14936},{0xFF, 0xFF, 0xFF, 0xFF}}},
	{{{-8004, 199, 9916},0, {-3147, 15354},{0xFF, 0xFF, 0xFF, 0xFF}}},
	{{{-9250, 308, 8057},0, {186, 14310},{0xFF, 0xFF, 0xFF, 0xFF}}},
	{{{-9250, 833, 8057},0, {374, 14887},{0xFF, 0xFF, 0xFF, 0xFF}}},
	{{{-9615, -69, 5992},0, {2591, 12985},{0xFF, 0xFF, 0xFF, 0xFF}}},
	{{{-9615, 338, 5991},0, {2786, 13462},{0xFF, 0xFF, 0xFF, 0xFF}}},
	{{{-9789, 133, 5397},0, {3638, 12805},{0xFF, 0xFF, 0xFF, 0xFF}}},
	{{{-9801, -218, 5418},0, {3348, 12322},{0xFF, 0xFF, 0xFF, 0xFF}}},
	{{{-9909, 18, 5001},0, {4380, 12227},{0xFF, 0xFF, 0xFF, 0xFF}}},
	{{{-8346, 2448, -10135},0, {27948, -27896},{0xFF, 0xFF, 0xFF, 0xFF}}},
	{{{-8612, 541, -10468},0, {29658, -25888},{0xFF, 0xFF, 0xFF, 0xFF}}},
	{{{-8348, -25, -10145},0, {30623, -25904},{0xFF, 0xFF, 0xFF, 0xFF}}},
	{{{-8263, 2629, -10465},0, {27321, -27875},{0xFF, 0xFF, 0xFF, 0xFF}}},
	{{{-9118, 1024, -10469},0, {28723, -25578},{0xFF, 0xFF, 0xFF, 0xFF}}},
	{{{-9385, 3767, -10462},0, {25080, -26669},{0xFF, 0xFF, 0xFF, 0xFF}}},
	{{{-10025, 1479, -10469},0, {27543, -24641},{0xFF, 0xFF, 0xFF, 0xFF}}},
	{{{-9118, 1024, -10469},0, {28723, -25578},{0xFF, 0xFF, 0xFF, 0xFF}}},
	{{{-9385, 3767, -10462},0, {25080, -26669},{0xFF, 0xFF, 0xFF, 0xFF}}},
	{{{-10834, 5062, -10462},0, {22861, -25291},{0xFF, 0xFF, 0xFF, 0xFF}}},
	{{{-11285, 1752, -10438},0, {30559, -27271},{0xFF, 0xFF, 0xFF, 0xFF}}},
	{{{-11761, 5045, -10468},0, {26526, -28203},{0xFF, 0xFF, 0xFF, 0xFF}}},
	{{{-12713, 5168, -10469},0, {25916, -27071},{0xFF, 0xFF, 0xFF, 0xFF}}},
	{{{-12329, 1810, -10212},0, {29904, -25989},{0xFF, 0xFF, 0xFF, 0xFF}}},
	{{{-12583, 2511, -10246},0, {28981, -26026},{0xFF, 0xFF, 0xFF, 0xFF}}},
	{{{-13328, 2770, -10203},0, {28322, -25223},{0xFF, 0xFF, 0xFF, 0xFF}}},
	{{{-13480, 5289, -10469},0, {25397, -26176},{0xFF, 0xFF, 0xFF, 0xFF}}},
	{{{-6400, -84, -6626},0, {29282, -26030},{0xFF, 0xFF, 0xFF, 0xFF}}},
	{{{-5801, 138, -6090},0, {29458, -27099},{0xFF, 0xFF, 0xFF, 0xFF}}},
	{{{-5696, 2433, -6042},0, {26862, -28151},{0xFF, 0xFF, 0xFF, 0xFF}}},
	{{{-6355, 2468, -6624},0, {26574, -27198},{0xFF, 0xFF, 0xFF, 0xFF}}},
	{{{-7053, -117, -7327},0, {28779, -24942},{0xFF, 0xFF, 0xFF, 0xFF}}},
	{{{-7053, -117, -7327},0, {28779, -24942},{0xFF, 0xFF, 0xFF, 0xFF}}},
	{{{-6355, 2468, -6624},0, {26574, -27198},{0xFF, 0xFF, 0xFF, 0xFF}}},
	{{{-7087, 2482, -7443},0, {26086, -26154},{0xFF, 0xFF, 0xFF, 0xFF}}},
	{{{-4624, 2516, -5887},0, {26437, -25642},{0xFF, 0xFF, 0xFF, 0xFF}}},
	{{{-4609, 1652, -5349},0, {28115, -25678},{0xFF, 0xFF, 0xFF, 0xFF}}},
	{{{-4320, 508, -4353},0, {30255, -26309},{0xFF, 0xFF, 0xFF, 0xFF}}},
	{{{-4095, 1996, -4365},0, {28415, -27289},{0xFF, 0xFF, 0xFF, 0xFF}}},
	{{{-4923, 2657, -9951},0, {26951, -23670},{0xFF, 0xFF, 0xFF, 0xFF}}},
	{{{-4479, 4448, -6548},0, {27910, -27018},{0xFF, 0xFF, 0xFF, 0xFF}}},
	{{{-4933, 4782, -9938},0, {25344, -24419},{0xFF, 0xFF, 0xFF, 0xFF}}},
	{{{-4533, 2596, -6590},0, {29525, -25380},{0xFF, 0xFF, 0xFF, 0xFF}}},
	{{{-4371, 3945, -5580},0, {29299, -27458},{0xFF, 0xFF, 0xFF, 0xFF}}},
	{{{-4624, 2516, -5887},0, {30533, -25642},{0xFF, 0xFF, 0xFF, 0xFF}}},
	{{{-4609, 1652, -5349},0, {28115, -27726},{0xFF, 0xFF, 0xFF, 0xFF}}},
	{{{-4624, 2516, -5887},0, {26437, -27690},{0xFF, 0xFF, 0xFF, 0xFF}}},
	{{{-5696, 2433, -6042},0, {26862, -26103},{0xFF, 0xFF, 0xFF, 0xFF}}},
	{{{-5696, 2433, -6042},0, {26862, -26103},{0xFF, 0xFF, 0xFF, 0xFF}}},
	{{{-5168, 703, -5754},0, {29105, -26281},{0xFF, 0xFF, 0xFF, 0xFF}}},
	{{{-4609, 1652, -5349},0, {28115, -27726},{0xFF, 0xFF, 0xFF, 0xFF}}},
	{{{-5801, 138, -6090},0, {29458, -25051},{0xFF, 0xFF, 0xFF, 0xFF}}},
	{{{-4600, 1180, -5335},0, {28798, -27462},{0xFF, 0xFF, 0xFF, 0xFF}}},
	{{{-4320, 508, -4353},0, {30255, -28357},{0xFF, 0xFF, 0xFF, 0xFF}}},
	{{{-4606, 489, -5333},0, {29753, -27135},{0xFF, 0xFF, 0xFF, 0xFF}}},
	{{{-9385, 3767, -10462},0, {27128, -26669},{0xFF, 0xFF, 0xFF, 0xFF}}},
	{{{-8263, 2629, -10465},0, {29369, -27875},{0xFF, 0xFF, 0xFF, 0xFF}}},
	{{{-8459, 4839, -10447},0, {26156, -28315},{0xFF, 0xFF, 0xFF, 0xFF}}},
	{{{-9278, 5060, -10447},0, {25579, -27320},{0xFF, 0xFF, 0xFF, 0xFF}}},
	{{{-4624, 2516, -5887},0, {28485, -25642},{0xFF, 0xFF, 0xFF, 0xFF}}},
	{{{-4095, 1996, -4365},0, {30463, -27289},{0xFF, 0xFF, 0xFF, 0xFF}}},
	{{{-4103, 3159, -4623},0, {28919, -27853},{0xFF, 0xFF, 0xFF, 0xFF}}},
	{{{-4371, 3945, -5580},0, {27251, -27458},{0xFF, 0xFF, 0xFF, 0xFF}}},
};

Gfx jrb_dl_level_005_mesh_layer_1_tri_1[] = {
	gsSPVertex(jrb_dl_level_005_mesh_layer_1_vtx_1 + 0, 16, 0),
	gsSP1Triangle(0, 1, 2, 0),
	gsSP1Triangle(0, 2, 3, 0),
	gsSP1Triangle(4, 5, 6, 0),
	gsSP1Triangle(4, 6, 7, 0),
	gsSP1Triangle(8, 9, 10, 0),
	gsSP1Triangle(8, 10, 11, 0),
	gsSP1Triangle(11, 10, 12, 0),
	gsSP1Triangle(11, 12, 13, 0),
	gsSP1Triangle(14, 8, 11, 0),
	gsSP1Triangle(14, 11, 15, 0),
	gsSPVertex(jrb_dl_level_005_mesh_layer_1_vtx_1 + 16, 16, 0),
	gsSP1Triangle(0, 1, 2, 0),
	gsSP1Triangle(0, 2, 3, 0),
	gsSP1Triangle(4, 5, 6, 0),
	gsSP1Triangle(4, 6, 7, 0),
	gsSP1Triangle(8, 9, 10, 0),
	gsSP1Triangle(8, 11, 9, 0),
	gsSP1Triangle(12, 13, 14, 0),
	gsSP1Triangle(12, 14, 15, 0),
	gsSPVertex(jrb_dl_level_005_mesh_layer_1_vtx_1 + 32, 16, 0),
	gsSP1Triangle(0, 1, 2, 0),
	gsSP1Triangle(0, 3, 1, 0),
	gsSP1Triangle(4, 5, 6, 0),
	gsSP1Triangle(4, 6, 7, 0),
	gsSP1Triangle(6, 8, 7, 0),
	gsSP1Triangle(6, 9, 8, 0),
	gsSP1Triangle(10, 11, 12, 0),
	gsSP1Triangle(10, 12, 13, 0),
	gsSP1Triangle(10, 13, 14, 0),
	gsSP1Triangle(10, 14, 15, 0),
	gsSPVertex(jrb_dl_level_005_mesh_layer_1_vtx_1 + 48, 16, 0),
	gsSP1Triangle(0, 1, 2, 0),
	gsSP1Triangle(0, 2, 3, 0),
	gsSP1Triangle(4, 5, 6, 0),
	gsSP1Triangle(4, 6, 7, 0),
	gsSP1Triangle(8, 9, 10, 0),
	gsSP1Triangle(8, 10, 11, 0),
	gsSP1Triangle(12, 13, 14, 0),
	gsSP1Triangle(12, 14, 15, 0),
	gsSPVertex(jrb_dl_level_005_mesh_layer_1_vtx_1 + 64, 14, 0),
	gsSP1Triangle(0, 1, 2, 0),
	gsSP1Triangle(0, 2, 3, 0),
	gsSP1Triangle(3, 2, 4, 0),
	gsSP1Triangle(3, 4, 5, 0),
	gsSP1Triangle(6, 0, 3, 0),
	gsSP1Triangle(6, 3, 7, 0),
	gsSP1Triangle(8, 9, 10, 0),
	gsSP1Triangle(8, 11, 9, 0),
	gsSP1Triangle(11, 8, 12, 0),
	gsSP1Triangle(11, 12, 13, 0),
	gsSPVertex(jrb_dl_level_005_mesh_layer_1_vtx_1 + 78, 16, 0),
	gsSP1Triangle(0, 1, 2, 0),
	gsSP1Triangle(0, 2, 3, 0),
	gsSP1Triangle(4, 5, 6, 0),
	gsSP1Triangle(4, 6, 7, 0),
	gsSP1Triangle(8, 9, 10, 0),
	gsSP1Triangle(8, 10, 11, 0),
	gsSP1Triangle(12, 13, 14, 0),
	gsSP1Triangle(12, 14, 15, 0),
	gsSPVertex(jrb_dl_level_005_mesh_layer_1_vtx_1 + 94, 16, 0),
	gsSP1Triangle(0, 1, 2, 0),
	gsSP1Triangle(0, 2, 3, 0),
	gsSP1Triangle(4, 5, 6, 0),
	gsSP1Triangle(4, 6, 7, 0),
	gsSP1Triangle(8, 9, 10, 0),
	gsSP1Triangle(8, 10, 11, 0),
	gsSP1Triangle(12, 13, 14, 0),
	gsSP1Triangle(12, 14, 15, 0),
	gsSPVertex(jrb_dl_level_005_mesh_layer_1_vtx_1 + 110, 16, 0),
	gsSP1Triangle(0, 1, 2, 0),
	gsSP1Triangle(3, 4, 5, 0),
	gsSP1Triangle(3, 5, 6, 0),
	gsSP1Triangle(7, 8, 9, 0),
	gsSP1Triangle(7, 9, 10, 0),
	gsSP1Triangle(11, 12, 13, 0),
	gsSP1Triangle(11, 14, 12, 0),
	gsSP1Triangle(14, 15, 12, 0),
	gsSPVertex(jrb_dl_level_005_mesh_layer_1_vtx_1 + 126, 16, 0),
	gsSP1Triangle(0, 1, 2, 0),
	gsSP1Triangle(3, 2, 4, 0),
	gsSP1Triangle(5, 4, 2, 0),
	gsSP1Triangle(5, 2, 6, 0),
	gsSP1Triangle(3, 4, 7, 0),
	gsSP1Triangle(8, 9, 10, 0),
	gsSP1Triangle(8, 11, 9, 0),
	gsSP1Triangle(12, 11, 8, 0),
	gsSP1Triangle(12, 13, 11, 0),
	gsSP1Triangle(14, 13, 12, 0),
	gsSP1Triangle(14, 15, 13, 0),
	gsSPVertex(jrb_dl_level_005_mesh_layer_1_vtx_1 + 142, 14, 0),
	gsSP1Triangle(0, 1, 2, 0),
	gsSP1Triangle(0, 3, 1, 0),
	gsSP1Triangle(4, 1, 3, 0),
	gsSP1Triangle(4, 3, 5, 0),
	gsSP1Triangle(6, 4, 5, 0),
	gsSP1Triangle(6, 5, 7, 0),
	gsSP1Triangle(8, 9, 10, 0),
	gsSP1Triangle(8, 10, 11, 0),
	gsSP1Triangle(10, 12, 11, 0),
	gsSP1Triangle(10, 13, 12, 0),
	gsSPVertex(jrb_dl_level_005_mesh_layer_1_vtx_1 + 156, 16, 0),
	gsSP1Triangle(0, 1, 2, 0),
	gsSP1Triangle(0, 3, 1, 0),
	gsSP1Triangle(4, 3, 0, 0),
	gsSP1Triangle(4, 5, 3, 0),
	gsSP1Triangle(3, 6, 1, 0),
	gsSP1Triangle(3, 7, 6, 0),
	gsSP1Triangle(1, 6, 8, 0),
	gsSP1Triangle(1, 8, 9, 0),
	gsSP1Triangle(10, 11, 12, 0),
	gsSP1Triangle(10, 13, 11, 0),
	gsSP1Triangle(10, 14, 13, 0),
	gsSP1Triangle(10, 15, 14, 0),
	gsSPVertex(jrb_dl_level_005_mesh_layer_1_vtx_1 + 172, 16, 0),
	gsSP1Triangle(0, 1, 2, 0),
	gsSP1Triangle(0, 3, 1, 0),
	gsSP1Triangle(3, 4, 1, 0),
	gsSP1Triangle(3, 5, 4, 0),
	gsSP1Triangle(4, 5, 6, 0),
	gsSP1Triangle(4, 6, 7, 0),
	gsSP1Triangle(7, 6, 8, 0),
	gsSP1Triangle(7, 8, 9, 0),
	gsSP1Triangle(10, 9, 8, 0),
	gsSP1Triangle(10, 11, 9, 0),
	gsSP1Triangle(12, 11, 10, 0),
	gsSP1Triangle(12, 13, 11, 0),
	gsSP1Triangle(13, 14, 11, 0),
	gsSP1Triangle(13, 15, 14, 0),
	gsSPVertex(jrb_dl_level_005_mesh_layer_1_vtx_1 + 188, 16, 0),
	gsSP1Triangle(0, 1, 2, 0),
	gsSP1Triangle(0, 3, 1, 0),
	gsSP1Triangle(0, 4, 3, 0),
	gsSP1Triangle(0, 5, 4, 0),
	gsSP1Triangle(4, 5, 6, 0),
	gsSP1Triangle(4, 6, 7, 0),
	gsSP1Triangle(8, 7, 6, 0),
	gsSP1Triangle(8, 6, 9, 0),
	gsSP1Triangle(9, 6, 10, 0),
	gsSP1Triangle(9, 10, 11, 0),
	gsSP1Triangle(12, 9, 11, 0),
	gsSP1Triangle(12, 13, 9, 0),
	gsSP1Triangle(14, 13, 12, 0),
	gsSP1Triangle(14, 15, 13, 0),
	gsSPVertex(jrb_dl_level_005_mesh_layer_1_vtx_1 + 204, 16, 0),
	gsSP1Triangle(0, 1, 2, 0),
	gsSP1Triangle(0, 3, 1, 0),
	gsSP1Triangle(4, 3, 0, 0),
	gsSP1Triangle(4, 5, 3, 0),
	gsSP1Triangle(6, 5, 4, 0),
	gsSP1Triangle(6, 7, 5, 0),
	gsSP1Triangle(8, 7, 6, 0),
	gsSP1Triangle(6, 9, 8, 0),
	gsSP1Triangle(6, 10, 9, 0),
	gsSP1Triangle(10, 6, 11, 0),
	gsSP1Triangle(10, 11, 12, 0),
	gsSP1Triangle(13, 10, 12, 0),
	gsSP1Triangle(13, 14, 10, 0),
	gsSP1Triangle(15, 14, 13, 0),
	gsSPVertex(jrb_dl_level_005_mesh_layer_1_vtx_1 + 220, 16, 0),
	gsSP1Triangle(0, 1, 2, 0),
	gsSP1Triangle(3, 1, 0, 0),
	gsSP1Triangle(3, 4, 1, 0),
	gsSP1Triangle(5, 4, 3, 0),
	gsSP1Triangle(5, 3, 6, 0),
	gsSP1Triangle(7, 5, 6, 0),
	gsSP1Triangle(7, 8, 5, 0),
	gsSP1Triangle(9, 8, 7, 0),
	gsSP1Triangle(9, 7, 10, 0),
	gsSP1Triangle(9, 10, 11, 0),
	gsSP1Triangle(9, 11, 12, 0),
	gsSP1Triangle(12, 11, 13, 0),
	gsSP1Triangle(12, 13, 14, 0),
	gsSP1Triangle(14, 13, 15, 0),
	gsSPVertex(jrb_dl_level_005_mesh_layer_1_vtx_1 + 236, 16, 0),
	gsSP1Triangle(0, 1, 2, 0),
	gsSP1Triangle(2, 1, 3, 0),
	gsSP1Triangle(2, 3, 4, 0),
	gsSP1Triangle(5, 4, 3, 0),
	gsSP1Triangle(5, 6, 4, 0),
	gsSP1Triangle(7, 6, 5, 0),
	gsSP1Triangle(7, 5, 8, 0),
	gsSP1Triangle(9, 7, 8, 0),
	gsSP1Triangle(9, 10, 7, 0),
	gsSP1Triangle(11, 10, 9, 0),
	gsSP1Triangle(11, 12, 10, 0),
	gsSP1Triangle(13, 12, 11, 0),
	gsSP1Triangle(13, 14, 12, 0),
	gsSP1Triangle(15, 14, 13, 0),
	gsSPVertex(jrb_dl_level_005_mesh_layer_1_vtx_1 + 252, 16, 0),
	gsSP1Triangle(0, 1, 2, 0),
	gsSP1Triangle(1, 3, 2, 0),
	gsSP1Triangle(1, 4, 3, 0),
	gsSP1Triangle(2, 3, 5, 0),
	gsSP1Triangle(2, 5, 6, 0),
	gsSP1Triangle(6, 5, 7, 0),
	gsSP1Triangle(6, 7, 8, 0),
	gsSP1Triangle(8, 7, 9, 0),
	gsSP1Triangle(8, 9, 10, 0),
	gsSP1Triangle(9, 11, 10, 0),
	gsSP1Triangle(9, 12, 11, 0),
	gsSP1Triangle(11, 12, 13, 0),
	gsSP1Triangle(11, 13, 14, 0),
	gsSP1Triangle(15, 14, 13, 0),
	gsSPVertex(jrb_dl_level_005_mesh_layer_1_vtx_1 + 268, 16, 0),
	gsSP1Triangle(0, 1, 2, 0),
	gsSP1Triangle(3, 1, 0, 0),
	gsSP1Triangle(3, 4, 1, 0),
	gsSP1Triangle(5, 4, 3, 0),
	gsSP1Triangle(5, 6, 4, 0),
	gsSP1Triangle(7, 6, 5, 0),
	gsSP1Triangle(7, 8, 6, 0),
	gsSP1Triangle(7, 9, 8, 0),
	gsSP1Triangle(7, 10, 9, 0),
	gsSP1Triangle(9, 10, 11, 0),
	gsSP1Triangle(9, 11, 12, 0),
	gsSP1Triangle(11, 13, 12, 0),
	gsSP1Triangle(11, 14, 13, 0),
	gsSP1Triangle(13, 14, 15, 0),
	gsSPVertex(jrb_dl_level_005_mesh_layer_1_vtx_1 + 284, 16, 0),
	gsSP1Triangle(0, 1, 2, 0),
	gsSP1Triangle(3, 2, 1, 0),
	gsSP1Triangle(3, 4, 2, 0),
	gsSP1Triangle(5, 4, 3, 0),
	gsSP1Triangle(5, 3, 6, 0),
	gsSP1Triangle(5, 6, 7, 0),
	gsSP1Triangle(5, 7, 8, 0),
	gsSP1Triangle(8, 7, 9, 0),
	gsSP1Triangle(5, 8, 10, 0),
	gsSP1Triangle(11, 5, 10, 0),
	gsSP1Triangle(12, 11, 10, 0),
	gsSP1Triangle(12, 10, 13, 0),
	gsSP1Triangle(14, 11, 12, 0),
	gsSP1Triangle(14, 15, 11, 0),
	gsSPVertex(jrb_dl_level_005_mesh_layer_1_vtx_1 + 300, 16, 0),
	gsSP1Triangle(0, 1, 2, 0),
	gsSP1Triangle(0, 3, 1, 0),
	gsSP1Triangle(4, 1, 3, 0),
	gsSP1Triangle(4, 5, 1, 0),
	gsSP1Triangle(6, 1, 5, 0),
	gsSP1Triangle(6, 2, 1, 0),
	gsSP1Triangle(2, 6, 7, 0),
	gsSP1Triangle(2, 7, 8, 0),
	gsSP1Triangle(8, 7, 9, 0),
	gsSP1Triangle(10, 11, 12, 0),
	gsSP1Triangle(10, 12, 13, 0),
	gsSP1Triangle(10, 13, 14, 0),
	gsSP1Triangle(10, 14, 15, 0),
	gsSPVertex(jrb_dl_level_005_mesh_layer_1_vtx_1 + 316, 16, 0),
	gsSP1Triangle(0, 1, 2, 0),
	gsSP1Triangle(0, 3, 1, 0),
	gsSP1Triangle(0, 4, 3, 0),
	gsSP1Triangle(0, 5, 4, 0),
	gsSP1Triangle(6, 7, 8, 0),
	gsSP1Triangle(6, 9, 7, 0),
	gsSP1Triangle(9, 10, 7, 0),
	gsSP1Triangle(9, 11, 10, 0),
	gsSP1Triangle(11, 12, 10, 0),
	gsSP1Triangle(11, 13, 12, 0),
	gsSP1Triangle(13, 14, 12, 0),
	gsSP1Triangle(13, 15, 14, 0),
	gsSPVertex(jrb_dl_level_005_mesh_layer_1_vtx_1 + 332, 16, 0),
	gsSP1Triangle(0, 1, 2, 0),
	gsSP1Triangle(0, 2, 3, 0),
	gsSP1Triangle(3, 2, 4, 0),
	gsSP1Triangle(3, 4, 5, 0),
	gsSP1Triangle(6, 5, 4, 0),
	gsSP1Triangle(6, 7, 5, 0),
	gsSP1Triangle(7, 8, 5, 0),
	gsSP1Triangle(7, 9, 8, 0),
	gsSP1Triangle(3, 5, 8, 0),
	gsSP1Triangle(3, 8, 10, 0),
	gsSP1Triangle(11, 3, 10, 0),
	gsSP1Triangle(11, 0, 3, 0),
	gsSP1Triangle(12, 0, 11, 0),
	gsSP1Triangle(12, 13, 0, 0),
	gsSP1Triangle(14, 13, 12, 0),
	gsSP1Triangle(14, 12, 15, 0),
	gsSPVertex(jrb_dl_level_005_mesh_layer_1_vtx_1 + 348, 16, 0),
	gsSP1Triangle(0, 1, 2, 0),
	gsSP1Triangle(0, 3, 1, 0),
	gsSP1Triangle(4, 5, 6, 0),
	gsSP1Triangle(4, 6, 7, 0),
	gsSP1Triangle(8, 9, 10, 0),
	gsSP1Triangle(8, 10, 11, 0),
	gsSP1Triangle(12, 13, 14, 0),
	gsSP1Triangle(12, 14, 15, 0),
	gsSPVertex(jrb_dl_level_005_mesh_layer_1_vtx_1 + 364, 16, 0),
	gsSP1Triangle(0, 1, 2, 0),
	gsSP1Triangle(0, 3, 1, 0),
	gsSP1Triangle(4, 5, 6, 0),
	gsSP1Triangle(4, 6, 7, 0),
	gsSP1Triangle(8, 9, 10, 0),
	gsSP1Triangle(8, 10, 11, 0),
	gsSP1Triangle(12, 13, 14, 0),
	gsSP1Triangle(12, 14, 15, 0),
	gsSPVertex(jrb_dl_level_005_mesh_layer_1_vtx_1 + 380, 16, 0),
	gsSP1Triangle(0, 1, 2, 0),
	gsSP1Triangle(0, 2, 3, 0),
	gsSP1Triangle(4, 5, 6, 0),
	gsSP1Triangle(4, 6, 7, 0),
	gsSP1Triangle(7, 6, 8, 0),
	gsSP1Triangle(6, 9, 8, 0),
	gsSP1Triangle(6, 10, 9, 0),
	gsSP1Triangle(7, 8, 11, 0),
	gsSP1Triangle(12, 13, 14, 0),
	gsSP1Triangle(12, 15, 13, 0),
	gsSP1Triangle(15, 7, 13, 0),
	gsSP1Triangle(15, 4, 7, 0),
	gsSPVertex(jrb_dl_level_005_mesh_layer_1_vtx_1 + 396, 14, 0),
	gsSP1Triangle(0, 1, 2, 0),
	gsSP1Triangle(0, 2, 3, 0),
	gsSP1Triangle(4, 5, 6, 0),
	gsSP1Triangle(4, 7, 5, 0),
	gsSP1Triangle(7, 8, 5, 0),
	gsSP1Triangle(7, 9, 8, 0),
	gsSP1Triangle(10, 11, 12, 0),
	gsSP1Triangle(10, 12, 13, 0),
	gsSPVertex(jrb_dl_level_005_mesh_layer_1_vtx_1 + 410, 16, 0),
	gsSP1Triangle(0, 1, 2, 0),
	gsSP1Triangle(0, 2, 3, 0),
	gsSP1Triangle(4, 3, 2, 0),
	gsSP1Triangle(4, 5, 3, 0),
	gsSP1Triangle(6, 7, 8, 0),
	gsSP1Triangle(6, 9, 7, 0),
	gsSP1Triangle(9, 10, 7, 0),
	gsSP1Triangle(9, 11, 10, 0),
	gsSP1Triangle(12, 13, 14, 0),
	gsSP1Triangle(12, 14, 15, 0),
	gsSPVertex(jrb_dl_level_005_mesh_layer_1_vtx_1 + 426, 16, 0),
	gsSP1Triangle(0, 1, 2, 0),
	gsSP1Triangle(0, 2, 3, 0),
	gsSP1Triangle(4, 5, 6, 0),
	gsSP1Triangle(4, 6, 7, 0),
	gsSP1Triangle(8, 9, 10, 0),
	gsSP1Triangle(11, 8, 10, 0),
	gsSP1Triangle(11, 10, 12, 0),
	gsSP1Triangle(11, 12, 13, 0),
	gsSP1Triangle(13, 14, 11, 0),
	gsSP1Triangle(15, 11, 14, 0),
	gsSPVertex(jrb_dl_level_005_mesh_layer_1_vtx_1 + 442, 16, 0),
	gsSP1Triangle(0, 1, 2, 0),
	gsSP1Triangle(3, 1, 0, 0),
	gsSP1Triangle(4, 3, 0, 0),
	gsSP1Triangle(4, 5, 3, 0),
	gsSP1Triangle(6, 5, 4, 0),
	gsSP1Triangle(6, 7, 5, 0),
	gsSP1Triangle(8, 7, 6, 0),
	gsSP1Triangle(8, 6, 9, 0),
	gsSP1Triangle(10, 8, 9, 0),
	gsSP1Triangle(10, 9, 11, 0),
	gsSP1Triangle(12, 10, 11, 0),
	gsSP1Triangle(12, 13, 10, 0),
	gsSP1Triangle(14, 13, 12, 0),
	gsSP1Triangle(14, 12, 15, 0),
	gsSPVertex(jrb_dl_level_005_mesh_layer_1_vtx_1 + 458, 16, 0),
	gsSP1Triangle(0, 1, 2, 0),
	gsSP1Triangle(0, 3, 1, 0),
	gsSP1Triangle(4, 3, 0, 0),
	gsSP1Triangle(4, 0, 5, 0),
	gsSP1Triangle(6, 4, 5, 0),
	gsSP1Triangle(6, 7, 4, 0),
	gsSP1Triangle(8, 7, 6, 0),
	gsSP1Triangle(8, 9, 7, 0),
	gsSP1Triangle(9, 10, 7, 0),
	gsSP1Triangle(9, 11, 10, 0),
	gsSP1Triangle(12, 11, 9, 0),
	gsSP1Triangle(12, 13, 11, 0),
	gsSP1Triangle(14, 13, 12, 0),
	gsSP1Triangle(14, 15, 13, 0),
	gsSPVertex(jrb_dl_level_005_mesh_layer_1_vtx_1 + 474, 16, 0),
	gsSP1Triangle(0, 1, 2, 0),
	gsSP1Triangle(3, 0, 2, 0),
	gsSP1Triangle(3, 2, 4, 0),
	gsSP1Triangle(5, 0, 3, 0),
	gsSP1Triangle(5, 6, 0, 0),
	gsSP1Triangle(5, 7, 6, 0),
	gsSP1Triangle(8, 7, 5, 0),
	gsSP1Triangle(8, 5, 9, 0),
	gsSP1Triangle(9, 5, 10, 0),
	gsSP1Triangle(5, 3, 10, 0),
	gsSP1Triangle(9, 10, 11, 0),
	gsSP1Triangle(11, 12, 9, 0),
	gsSP1Triangle(11, 13, 12, 0),
	gsSP1Triangle(12, 13, 14, 0),
	gsSP1Triangle(12, 14, 15, 0),
	gsSPVertex(jrb_dl_level_005_mesh_layer_1_vtx_1 + 490, 16, 0),
	gsSP1Triangle(0, 1, 2, 0),
	gsSP1Triangle(0, 3, 1, 0),
	gsSP1Triangle(3, 4, 1, 0),
	gsSP1Triangle(3, 5, 4, 0),
	gsSP1Triangle(4, 5, 6, 0),
	gsSP1Triangle(4, 6, 7, 0),
	gsSP1Triangle(7, 6, 8, 0),
	gsSP1Triangle(7, 8, 9, 0),
	gsSP1Triangle(9, 8, 10, 0),
	gsSP1Triangle(9, 10, 11, 0),
	gsSP1Triangle(11, 10, 12, 0),
	gsSP1Triangle(11, 12, 13, 0),
	gsSP1Triangle(14, 13, 12, 0),
	gsSP1Triangle(14, 15, 13, 0),
	gsSPVertex(jrb_dl_level_005_mesh_layer_1_vtx_1 + 506, 16, 0),
	gsSP1Triangle(0, 1, 2, 0),
	gsSP1Triangle(0, 2, 3, 0),
	gsSP1Triangle(4, 0, 3, 0),
	gsSP1Triangle(3, 5, 4, 0),
	gsSP1Triangle(3, 6, 5, 0),
	gsSP1Triangle(4, 7, 0, 0),
	gsSP1Triangle(8, 7, 4, 0),
	gsSP1Triangle(7, 8, 9, 0),
	gsSP1Triangle(10, 9, 8, 0),
	gsSP1Triangle(10, 11, 9, 0),
	gsSP1Triangle(12, 11, 10, 0),
	gsSP1Triangle(12, 13, 11, 0),
	gsSP1Triangle(14, 13, 12, 0),
	gsSP1Triangle(14, 12, 15, 0),
	gsSPVertex(jrb_dl_level_005_mesh_layer_1_vtx_1 + 522, 16, 0),
	gsSP1Triangle(0, 1, 2, 0),
	gsSP1Triangle(0, 2, 3, 0),
	gsSP1Triangle(4, 0, 3, 0),
	gsSP1Triangle(4, 5, 0, 0),
	gsSP1Triangle(6, 5, 4, 0),
	gsSP1Triangle(6, 7, 5, 0),
	gsSP1Triangle(8, 7, 6, 0),
	gsSP1Triangle(8, 9, 7, 0),
	gsSP1Triangle(10, 9, 8, 0),
	gsSP1Triangle(10, 11, 9, 0),
	gsSP1Triangle(12, 11, 10, 0),
	gsSP1Triangle(12, 13, 11, 0),
	gsSP1Triangle(13, 14, 11, 0),
	gsSP1Triangle(13, 15, 14, 0),
	gsSPVertex(jrb_dl_level_005_mesh_layer_1_vtx_1 + 538, 16, 0),
	gsSP1Triangle(0, 1, 2, 0),
	gsSP1Triangle(0, 3, 1, 0),
	gsSP1Triangle(4, 3, 0, 0),
	gsSP1Triangle(4, 5, 3, 0),
	gsSP1Triangle(6, 5, 4, 0),
	gsSP1Triangle(6, 7, 5, 0),
	gsSP1Triangle(8, 7, 6, 0),
	gsSP1Triangle(9, 8, 6, 0),
	gsSP1Triangle(8, 10, 7, 0),
	gsSP1Triangle(11, 10, 8, 0),
	gsSP1Triangle(11, 12, 10, 0),
	gsSP1Triangle(12, 11, 13, 0),
	gsSP1Triangle(12, 13, 14, 0),
	gsSP1Triangle(14, 13, 15, 0),
	gsSPVertex(jrb_dl_level_005_mesh_layer_1_vtx_1 + 554, 16, 0),
	gsSP1Triangle(0, 1, 2, 0),
	gsSP1Triangle(0, 3, 1, 0),
	gsSP1Triangle(2, 1, 4, 0),
	gsSP1Triangle(2, 4, 5, 0),
	gsSP1Triangle(4, 6, 5, 0),
	gsSP1Triangle(4, 7, 6, 0),
	gsSP1Triangle(7, 8, 6, 0),
	gsSP1Triangle(7, 9, 8, 0),
	gsSP1Triangle(8, 9, 10, 0),
	gsSP1Triangle(8, 10, 11, 0),
	gsSP1Triangle(11, 10, 12, 0),
	gsSP1Triangle(11, 12, 13, 0),
	gsSP1Triangle(13, 12, 14, 0),
	gsSP1Triangle(13, 14, 15, 0),
	gsSPVertex(jrb_dl_level_005_mesh_layer_1_vtx_1 + 570, 16, 0),
	gsSP1Triangle(0, 1, 2, 0),
	gsSP1Triangle(0, 2, 3, 0),
	gsSP1Triangle(4, 3, 2, 0),
	gsSP1Triangle(4, 5, 3, 0),
	gsSP1Triangle(6, 5, 4, 0),
	gsSP1Triangle(6, 7, 5, 0),
	gsSP1Triangle(6, 8, 7, 0),
	gsSP1Triangle(6, 9, 8, 0),
	gsSP1Triangle(9, 10, 8, 0),
	gsSP1Triangle(8, 10, 11, 0),
	gsSP1Triangle(12, 11, 10, 0),
	gsSP1Triangle(12, 13, 11, 0),
	gsSP1Triangle(14, 13, 12, 0),
	gsSP1Triangle(14, 15, 13, 0),
	gsSPVertex(jrb_dl_level_005_mesh_layer_1_vtx_1 + 586, 14, 0),
	gsSP1Triangle(0, 1, 2, 0),
	gsSP1Triangle(0, 2, 3, 0),
	gsSP1Triangle(4, 0, 3, 0),
	gsSP1Triangle(4, 3, 5, 0),
	gsSP1Triangle(6, 4, 5, 0),
	gsSP1Triangle(6, 7, 4, 0),
	gsSP1Triangle(8, 7, 6, 0),
	gsSP1Triangle(8, 9, 7, 0),
	gsSP1Triangle(10, 9, 8, 0),
	gsSP1Triangle(10, 11, 9, 0),
	gsSP1Triangle(12, 11, 10, 0),
	gsSP1Triangle(12, 13, 11, 0),
	gsSPVertex(jrb_dl_level_005_mesh_layer_1_vtx_1 + 600, 16, 0),
	gsSP1Triangle(0, 1, 2, 0),
	gsSP1Triangle(3, 0, 2, 0),
	gsSP1Triangle(3, 2, 4, 0),
	gsSP1Triangle(3, 4, 5, 0),
	gsSP1Triangle(3, 5, 6, 0),
	gsSP1Triangle(6, 5, 7, 0),
	gsSP1Triangle(6, 7, 8, 0),
	gsSP1Triangle(9, 8, 7, 0),
	gsSP1Triangle(9, 10, 8, 0),
	gsSP1Triangle(11, 10, 9, 0),
	gsSP1Triangle(11, 12, 10, 0),
	gsSP1Triangle(13, 12, 11, 0),
	gsSP1Triangle(13, 14, 12, 0),
	gsSP1Triangle(15, 14, 13, 0),
	gsSPVertex(jrb_dl_level_005_mesh_layer_1_vtx_1 + 616, 16, 0),
	gsSP1Triangle(0, 1, 2, 0),
	gsSP1Triangle(3, 1, 0, 0),
	gsSP1Triangle(3, 0, 4, 0),
	gsSP1Triangle(5, 3, 4, 0),
	gsSP1Triangle(5, 4, 6, 0),
	gsSP1Triangle(7, 5, 6, 0),
	gsSP1Triangle(7, 8, 5, 0),
	gsSP1Triangle(9, 8, 7, 0),
	gsSP1Triangle(10, 11, 12, 0),
	gsSP1Triangle(10, 13, 11, 0),
	gsSP1Triangle(14, 11, 13, 0),
	gsSP1Triangle(14, 13, 15, 0),
	gsSPVertex(jrb_dl_level_005_mesh_layer_1_vtx_1 + 632, 16, 0),
	gsSP1Triangle(0, 1, 2, 0),
	gsSP1Triangle(0, 2, 3, 0),
	gsSP1Triangle(4, 5, 6, 0),
	gsSP1Triangle(6, 7, 4, 0),
	gsSP1Triangle(6, 8, 7, 0),
	gsSP1Triangle(9, 8, 6, 0),
	gsSP1Triangle(9, 6, 10, 0),
	gsSP1Triangle(11, 12, 13, 0),
	gsSP1Triangle(11, 13, 14, 0),
	gsSP1Triangle(15, 11, 14, 0),
	gsSPVertex(jrb_dl_level_005_mesh_layer_1_vtx_1 + 648, 16, 0),
	gsSP1Triangle(0, 1, 2, 0),
	gsSP1Triangle(3, 4, 5, 0),
	gsSP1Triangle(3, 5, 6, 0),
	gsSP1Triangle(7, 8, 9, 0),
	gsSP1Triangle(7, 10, 8, 0),
	gsSP1Triangle(10, 11, 8, 0),
	gsSP1Triangle(10, 12, 11, 0),
	gsSP1Triangle(13, 14, 15, 0),
	gsSPVertex(jrb_dl_level_005_mesh_layer_1_vtx_1 + 664, 15, 0),
	gsSP1Triangle(0, 1, 2, 0),
	gsSP1Triangle(0, 3, 1, 0),
	gsSP1Triangle(4, 2, 1, 0),
	gsSP1Triangle(4, 5, 2, 0),
	gsSP1Triangle(4, 6, 5, 0),
	gsSP1Triangle(4, 1, 6, 0),
	gsSP1Triangle(7, 8, 9, 0),
	gsSP1Triangle(7, 9, 10, 0),
	gsSP1Triangle(11, 12, 13, 0),
	gsSP1Triangle(11, 13, 14, 0),
	gsSPEndDisplayList(),
};

Vtx jrb_dl_level_005_mesh_layer_1_vtx_2[558] = {
	{{{-10604, -21, 4981},0, {-9459, -5258},{0xFF, 0xFF, 0xFF, 0xFF}}},
	{{{-9909, 18, 5001},0, {-10274, -5251},{0xFF, 0xFF, 0xFF, 0xFF}}},
	{{{-9924, -13, 4607},0, {-10254, -4864},{0xFF, 0xFF, 0xFF, 0xFF}}},
	{{{-10573, 98, 4647},0, {-9494, -4917},{0xFF, 0xFF, 0xFF, 0xFF}}},
	{{{-9695, 73, 4239},0, {-10521, -4497},{0xFF, 0xFF, 0xFF, 0xFF}}},
	{{{-10593, -6, 4288},0, {-9472, -4557},{0xFF, 0xFF, 0xFF, 0xFF}}},
	{{{-10963, 73, 4656},0, {-9035, -4927},{0xFF, 0xFF, 0xFF, 0xFF}}},
	{{{-10994, -47, 4298},0, {-9000, -4557},{0xFF, 0xFF, 0xFF, 0xFF}}},
	{{{-11391, 85, 4657},0, {-8512, -4930},{0xFF, 0xFF, 0xFF, 0xFF}}},
	{{{-11431, -53, 4299},0, {-8483, -4543},{0xFF, 0xFF, 0xFF, 0xFF}}},
	{{{-11823, 221, 4657},0, {-7973, -4930},{0xFF, 0xFF, 0xFF, 0xFF}}},
	{{{-11864, 59, 4298},0, {-7954, -4541},{0xFF, 0xFF, 0xFF, 0xFF}}},
	{{{-12254, 350, 4657},0, {-7471, -4930},{0xFF, 0xFF, 0xFF, 0xFF}}},
	{{{-12290, 176, 4297},0, {-7438, -4555},{0xFF, 0xFF, 0xFF, 0xFF}}},
	{{{-12691, 334, 4656},0, {-6986, -4931},{0xFF, 0xFF, 0xFF, 0xFF}}},
	{{{-12722, 177, 4295},0, {-6936, -4564},{0xFF, 0xFF, 0xFF, 0xFF}}},
	{{{-13168, 236, 4648},0, {-6434, -4928},{0xFF, 0xFF, 0xFF, 0xFF}}},
	{{{-12691, 334, 4656},0, {-6986, -4931},{0xFF, 0xFF, 0xFF, 0xFF}}},
	{{{-12722, 177, 4295},0, {-6936, -4564},{0xFF, 0xFF, 0xFF, 0xFF}}},
	{{{-13197, 108, 4293},0, {-6384, -4569},{0xFF, 0xFF, 0xFF, 0xFF}}},
	{{{-13715, 150, 4630},0, {-5793, -4916},{0xFF, 0xFF, 0xFF, 0xFF}}},
	{{{-13745, 53, 4271},0, {-5748, -4558},{0xFF, 0xFF, 0xFF, 0xFF}}},
	{{{-14313, 107, 4615},0, {-5096, -4905},{0xFF, 0xFF, 0xFF, 0xFF}}},
	{{{-14375, 138, 4138},0, {-5011, -4446},{0xFF, 0xFF, 0xFF, 0xFF}}},
	{{{-14375, 157, 5159},0, {-5011, -5432},{0xFF, 0xFF, 0xFF, 0xFF}}},
	{{{-13719, 43, 4973},0, {-5782, -5262},{0xFF, 0xFF, 0xFF, 0xFF}}},
	{{{-13179, 91, 4982},0, {-6409, -5274},{0xFF, 0xFF, 0xFF, 0xFF}}},
	{{{-12713, 165, 4993},0, {-6949, -5283},{0xFF, 0xFF, 0xFF, 0xFF}}},
	{{{-12254, 350, 4657},0, {-7471, -4930},{0xFF, 0xFF, 0xFF, 0xFF}}},
	{{{-12287, 172, 4991},0, {-7444, -5284},{0xFF, 0xFF, 0xFF, 0xFF}}},
	{{{-11823, 221, 4657},0, {-7973, -4930},{0xFF, 0xFF, 0xFF, 0xFF}}},
	{{{-11864, 58, 4989},0, {-7955, -5295},{0xFF, 0xFF, 0xFF, 0xFF}}},
	{{{-11864, 58, 4989},0, {-7955, -5295},{0xFF, 0xFF, 0xFF, 0xFF}}},
	{{{-11391, 85, 4657},0, {-8512, -4930},{0xFF, 0xFF, 0xFF, 0xFF}}},
	{{{-11823, 221, 4657},0, {-7973, -4930},{0xFF, 0xFF, 0xFF, 0xFF}}},
	{{{-11434, -56, 4991},0, {-8481, -5295},{0xFF, 0xFF, 0xFF, 0xFF}}},
	{{{-10963, 73, 4656},0, {-9035, -4927},{0xFF, 0xFF, 0xFF, 0xFF}}},
	{{{-11003, -56, 4993},0, {-8991, -5280},{0xFF, 0xFF, 0xFF, 0xFF}}},
	{{{-10573, 98, 4647},0, {-9494, -4917},{0xFF, 0xFF, 0xFF, 0xFF}}},
	{{{-10604, -21, 4981},0, {-9459, -5258},{0xFF, 0xFF, 0xFF, 0xFF}}},
	{{{-21214, -1959, 4489},0, {6230, 6773},{0xFF, 0x51, 0x4B, 0xFF}}},
	{{{-22216, 1179, 6480},0, {3874, 9485},{0xFF, 0xFF, 0xFF, 0xFF}}},
	{{{-22156, -1959, 6847},0, {6677, 9255},{0xFF, 0x51, 0x4B, 0xFF}}},
	{{{-21311, 434, 4195},0, {4052, 6928},{0xFF, 0xFF, 0xFF, 0xFF}}},
	{{{-19921, -1844, 2665},0, {6002, 4466},{0xFF, 0x51, 0x4B, 0xFF}}},
	{{{-20460, 119, 2430},0, {3996, 4858},{0xFF, 0xFF, 0xFF, 0xFF}}},
	{{{-19298, -1708, 1628},0, {5620, 3241},{0xFF, 0xFF, 0xFF, 0xFF}}},
	{{{-19961, 97, 1579},0, {3885, 3783},{0xFF, 0xFF, 0xFF, 0xFF}}},
	{{{-18894, 620, 824},0, {3541, 2127},{0xFF, 0xFF, 0xFF, 0xFF}}},
	{{{-19961, 97, 1579},0, {3885, 3783},{0xFF, 0xFF, 0xFF, 0xFF}}},
	{{{-19298, -1708, 1628},0, {5620, 3241},{0xFF, 0xFF, 0xFF, 0xFF}}},
	{{{-18571, -1564, 1007},0, {5386, 2164},{0xFF, 0xFF, 0xFF, 0xFF}}},
	{{{-18083, -1645, 1015},0, {5717, 1662},{0xFF, 0xFF, 0xFF, 0xFF}}},
	{{{-18046, 356, 750},0, {4082, 1154},{0xFF, 0xFF, 0xFF, 0xFF}}},
	{{{-17286, -1767, 1128},0, {6069, 784},{0xFF, 0xFF, 0xFF, 0xFF}}},
	{{{-17258, 126, 828},0, {4602, 328},{0xFF, 0xFF, 0xFF, 0xFF}}},
	{{{-16399, -1777, 1356},0, {6431, -229},{0xFF, 0xFF, 0xFF, 0xFF}}},
	{{{-16395, -180, 1032},0, {5192, -495},{0xFF, 0xFF, 0xFF, 0xFF}}},
	{{{-15631, -1789, 1609},0, {6650, -1147},{0xFF, 0xFF, 0xFF, 0xFF}}},
	{{{-15631, -480, 1261},0, {5655, -1179},{0xFF, 0xFF, 0xFF, 0xFF}}},
	{{{-15124, -1798, 1773},0, {6677, -1768},{0xFF, 0xFF, 0xFF, 0xFF}}},
	{{{-15150, -691, 1388},0, {5867, -1597},{0xFF, 0xFF, 0xFF, 0xFF}}},
	{{{-14949, -867, 1344},0, {5921, -1805},{0xFF, 0xFF, 0xFF, 0xFF}}},
	{{{-14716, -1788, 1687},0, {6584, -2247},{0xFF, 0xFF, 0xFF, 0xFF}}},
	{{{-14622, -1752, 1009},0, {6000, -2602},{0xFF, 0xFF, 0xFF, 0xFF}}},
	{{{-14949, -867, 1344},0, {5921, -1805},{0xFF, 0xFF, 0xFF, 0xFF}}},
	{{{-14716, -1788, 1687},0, {6584, -2247},{0xFF, 0xFF, 0xFF, 0xFF}}},
	{{{-14937, -789, 975},0, {5661, -1883},{0xFF, 0xFF, 0xFF, 0xFF}}},
	{{{-15088, -804, 576},0, {5330, -1937},{0xFF, 0xFF, 0xFF, 0xFF}}},
	{{{-14856, -1911, 304},0, {5311, -2855},{0xFF, 0xFF, 0xFF, 0xFF}}},
	{{{-16030, -1861, 73},0, {4054, -2331},{0xFF, 0xFF, 0xFF, 0xFF}}},
	{{{-15384, -552, 441},0, {5130, -1660},{0xFF, 0xFF, 0xFF, 0xFF}}},
	{{{-15975, -853, 137},0, {4487, -1605},{0xFF, 0xFF, 0xFF, 0xFF}}},
	{{{-17205, -1835, -59},0, {2880, -1594},{0xFF, 0xFF, 0xFF, 0xFF}}},
	{{{-17326, -679, -31},0, {3347, -653},{0xFF, 0xFF, 0xFF, 0xFF}}},
	{{{-18868, -310, -105},0, {2079, 704},{0xFF, 0xFF, 0xFF, 0xFF}}},
	{{{-18557, -1707, -117},0, {1637, -570},{0xFF, 0xFF, 0xFF, 0xFF}}},
	{{{-19415, -1875, -189},0, {709, -113},{0xFF, 0xFF, 0xFF, 0xFF}}},
	{{{-19636, 43, -227},0, {1477, 1489},{0xFF, 0xFF, 0xFF, 0xFF}}},
	{{{-19636, -993, -227},0, {952, 702},{0xFF, 0xFF, 0xFF, 0xFF}}},
	{{{-19636, 43, -227},0, {1477, 1489},{0xFF, 0xFF, 0xFF, 0xFF}}},
	{{{-19145, 838, 58},0, {2460, 1839},{0xFF, 0xFF, 0xFF, 0xFF}}},
	{{{-18868, -310, -105},0, {2079, 704},{0xFF, 0xFF, 0xFF, 0xFF}}},
	{{{-19715, 1359, -47},0, {1958, 2585},{0xFF, 0xFF, 0xFF, 0xFF}}},
	{{{-19437, 1196, 402},0, {2560, 2501},{0xFF, 0xFF, 0xFF, 0xFF}}},
	{{{-20036, 1603, 393},0, {2057, 3176},{0xFF, 0xFF, 0xFF, 0xFF}}},
	{{{-19757, 1184, 814},0, {2717, 3091},{0xFF, 0xFF, 0xFF, 0xFF}}},
	{{{-20413, 1629, 827},0, {2143, 3773},{0xFF, 0xFF, 0xFF, 0xFF}}},
	{{{-20527, 862, 1691},0, {3070, 4397},{0xFF, 0xFF, 0xFF, 0xFF}}},
	{{{-21104, 1583, 1833},0, {2336, 5024},{0xFF, 0xFF, 0xFF, 0xFF}}},
	{{{-20886, 863, 2436},0, {3225, 5253},{0xFF, 0xFF, 0xFF, 0xFF}}},
	{{{-21403, 1606, 2691},0, {2537, 5900},{0xFF, 0xFF, 0xFF, 0xFF}}},
	{{{-21355, 979, 3647},0, {3403, 6574},{0xFF, 0xFF, 0xFF, 0xFF}}},
	{{{-21833, 1613, 4354},0, {2972, 7542},{0xFF, 0xFF, 0xFF, 0xFF}}},
	{{{-22216, 1179, 6480},0, {3874, 9485},{0xFF, 0xFF, 0xFF, 0xFF}}},
	{{{-21311, 434, 4195},0, {4052, 6928},{0xFF, 0xFF, 0xFF, 0xFF}}},
	{{{-20460, 119, 2430},0, {3996, 4858},{0xFF, 0xFF, 0xFF, 0xFF}}},
	{{{-21355, 979, 3647},0, {3403, 6574},{0xFF, 0xFF, 0xFF, 0xFF}}},
	{{{-21311, 434, 4195},0, {4052, 6928},{0xFF, 0xFF, 0xFF, 0xFF}}},
	{{{-20886, 863, 2436},0, {3225, 5253},{0xFF, 0xFF, 0xFF, 0xFF}}},
	{{{-20527, 862, 1691},0, {3070, 4397},{0xFF, 0xFF, 0xFF, 0xFF}}},
	{{{-19961, 97, 1579},0, {3885, 3783},{0xFF, 0xFF, 0xFF, 0xFF}}},
	{{{-19757, 1184, 814},0, {2717, 3091},{0xFF, 0xFF, 0xFF, 0xFF}}},
	{{{-18894, 620, 824},0, {3541, 2127},{0xFF, 0xFF, 0xFF, 0xFF}}},
	{{{-19437, 1196, 402},0, {2560, 2501},{0xFF, 0xFF, 0xFF, 0xFF}}},
	{{{-18701, 941, 412},0, {3150, 1670},{0xFF, 0xFF, 0xFF, 0xFF}}},
	{{{-18046, 356, 750},0, {4082, 1154},{0xFF, 0xFF, 0xFF, 0xFF}}},
	{{{-18002, 710, 405},0, {3650, 917},{0xFF, 0xFF, 0xFF, 0xFF}}},
	{{{-17258, 126, 828},0, {4602, 328},{0xFF, 0xFF, 0xFF, 0xFF}}},
	{{{-17241, 444, 470},0, {4196, 157},{0xFF, 0xFF, 0xFF, 0xFF}}},
	{{{-16395, -180, 1032},0, {5192, -495},{0xFF, 0xFF, 0xFF, 0xFF}}},
	{{{-16384, 95, 633},0, {4798, -632},{0xFF, 0xFF, 0xFF, 0xFF}}},
	{{{-16384, 95, 633},0, {4798, -632},{0xFF, 0xFF, 0xFF, 0xFF}}},
	{{{-16395, -180, 1032},0, {5192, -495},{0xFF, 0xFF, 0xFF, 0xFF}}},
	{{{-15631, -480, 1261},0, {5655, -1179},{0xFF, 0xFF, 0xFF, 0xFF}}},
	{{{-15646, -234, 818},0, {5270, -1257},{0xFF, 0xFF, 0xFF, 0xFF}}},
	{{{-15150, -691, 1388},0, {5867, -1597},{0xFF, 0xFF, 0xFF, 0xFF}}},
	{{{-15175, -490, 922},0, {5515, -1639},{0xFF, 0xFF, 0xFF, 0xFF}}},
	{{{-14949, -867, 1344},0, {5921, -1805},{0xFF, 0xFF, 0xFF, 0xFF}}},
	{{{-14937, -789, 975},0, {5661, -1883},{0xFF, 0xFF, 0xFF, 0xFF}}},
	{{{-15384, -552, 441},0, {5130, -1660},{0xFF, 0xFF, 0xFF, 0xFF}}},
	{{{-15088, -804, 576},0, {5330, -1937},{0xFF, 0xFF, 0xFF, 0xFF}}},
	{{{-15719, -273, 451},0, {4986, -1337},{0xFF, 0xFF, 0xFF, 0xFF}}},
	{{{-16305, -124, 257},0, {4552, -924},{0xFF, 0xFF, 0xFF, 0xFF}}},
	{{{-15975, -853, 137},0, {4487, -1605},{0xFF, 0xFF, 0xFF, 0xFF}}},
	{{{-17274, 166, 117},0, {3864, -90},{0xFF, 0xFF, 0xFF, 0xFF}}},
	{{{-17241, 444, 470},0, {4196, 157},{0xFF, 0xFF, 0xFF, 0xFF}}},
	{{{-18159, 475, 77},0, {3227, 781},{0xFF, 0xFF, 0xFF, 0xFF}}},
	{{{-17274, 166, 117},0, {3864, -90},{0xFF, 0xFF, 0xFF, 0xFF}}},
	{{{-18868, -310, -105},0, {2079, 704},{0xFF, 0xFF, 0xFF, 0xFF}}},
	{{{-18159, 475, 77},0, {3227, 781},{0xFF, 0xFF, 0xFF, 0xFF}}},
	{{{-17326, -679, -31},0, {3347, -653},{0xFF, 0xFF, 0xFF, 0xFF}}},
	{{{-15975, -853, 137},0, {4487, -1605},{0xFF, 0xFF, 0xFF, 0xFF}}},
	{{{-18643, 800, 138},0, {2959, 1405},{0xFF, 0xFF, 0xFF, 0xFF}}},
	{{{-18002, 710, 405},0, {3650, 917},{0xFF, 0xFF, 0xFF, 0xFF}}},
	{{{-18701, 941, 412},0, {3150, 1670},{0xFF, 0xFF, 0xFF, 0xFF}}},
	{{{-19145, 838, 58},0, {2460, 1839},{0xFF, 0xFF, 0xFF, 0xFF}}},
	{{{-19437, 1196, 402},0, {2560, 2501},{0xFF, 0xFF, 0xFF, 0xFF}}},
	{{{-16305, -124, 257},0, {4552, -924},{0xFF, 0xFF, 0xFF, 0xFF}}},
	{{{-16384, 95, 633},0, {4798, -632},{0xFF, 0xFF, 0xFF, 0xFF}}},
	{{{-15646, -234, 818},0, {5270, -1257},{0xFF, 0xFF, 0xFF, 0xFF}}},
	{{{-17241, 444, 470},0, {4196, 157},{0xFF, 0xFF, 0xFF, 0xFF}}},
	{{{-5853, 240, 4508},0, {4777, -4570},{0xFF, 0xFF, 0xFF, 0xFF}}},
	{{{-5914, 35, 5869},0, {4286, -3321},{0xFF, 0xFF, 0xFF, 0xFF}}},
	{{{-5777, 344, 5172},0, {4733, -3916},{0xFF, 0xFF, 0xFF, 0xFF}}},
	{{{-6206, 5, 4815},0, {4254, -4398},{0xFF, 0xFF, 0xFF, 0xFF}}},
	{{{-6199, -30, 3421},0, {4636, -5719},{0xFF, 0xFF, 0xFF, 0xFF}}},
	{{{-6531, -29, 3713},0, {4187, -5542},{0xFF, 0xFF, 0xFF, 0xFF}}},
	{{{-6461, -31, 3151},0, {4410, -6051},{0xFF, 0xFF, 0xFF, 0xFF}}},
	{{{-6219, -33, 2775},0, {4777, -6331},{0xFF, 0xFF, 0xFF, 0xFF}}},
	{{{-6784, -32, 2803},0, {4135, -6478},{0xFF, 0xFF, 0xFF, 0xFF}}},
	{{{-6426, -35, 2263},0, {4675, -6874},{0xFF, 0xFF, 0xFF, 0xFF}}},
	{{{-6915, -28, 4018},0, {3561, -5673},{0xFF, 0xFF, 0xFF, 0xFF}}},
	{{{-6624, -28, 5189},0, {3673, -4218},{0xFF, 0xFF, 0xFF, 0xFF}}},
	{{{-6267, -28, 6491},0, {3787, -2862},{0xFF, 0xFF, 0xFF, 0xFF}}},
	{{{-9480, -473, 3720},0, {1232, -3580},{0xFF, 0xFF, 0xFF, 0xFF}}},
	{{{-9825, -1751, 2893},0, {1412, -5109},{0xFF, 0xFF, 0xFF, 0xFF}}},
	{{{-10119, -1609, 3525},0, {709, -4829},{0xFF, 0xFF, 0xFF, 0xFF}}},
	{{{-9480, -473, 3720},0, {1232, -3580},{0xFF, 0xFF, 0xFF, 0xFF}}},
	{{{-9438, -902, 2919},0, {1787, -4283},{0xFF, 0xFF, 0xFF, 0xFF}}},
	{{{-9825, -1751, 2893},0, {1412, -5109},{0xFF, 0xFF, 0xFF, 0xFF}}},
	{{{-9056, -637, 2930},0, {2110, -3951},{0xFF, 0xFF, 0xFF, 0xFF}}},
	{{{-9115, -637, 3719},0, {1599, -3324},{0xFF, 0xFF, 0xFF, 0xFF}}},
	{{{-8489, -637, 3718},0, {2290, -2948},{0xFF, 0xFF, 0xFF, 0xFF}}},
	{{{-8578, -637, 2942},0, {2521, -3650},{0xFF, 0xFF, 0xFF, 0xFF}}},
	{{{-8352, -1221, 3718},0, {2903, -2862},{0xFF, 0xFF, 0xFF, 0xFF}}},
	{{{-8445, -1889, 2933},0, {3527, -3692},{0xFF, 0xFF, 0xFF, 0xFF}}},
	{{{-8352, -1903, 3718},0, {3554, -2873},{0xFF, 0xFF, 0xFF, 0xFF}}},
	{{{-8450, -1907, 2057},0, {3554, -4586},{0xFF, 0xFF, 0xFF, 0xFF}}},
	{{{-8857, -1112, 2290},0, {2703, -4353},{0xFF, 0xFF, 0xFF, 0xFF}}},
	{{{-9054, -1811, 1794},0, {2976, -5120},{0xFF, 0xFF, 0xFF, 0xFF}}},
	{{{-9075, -1094, 2223},0, {2525, -4528},{0xFF, 0xFF, 0xFF, 0xFF}}},
	{{{-9547, -1834, 1903},0, {2439, -5424},{0xFF, 0xFF, 0xFF, 0xFF}}},
	{{{-9271, -1143, 2261},0, {2347, -4660},{0xFF, 0xFF, 0xFF, 0xFF}}},
	{{{-19362, -1959, -1111},0, {12191, -1385},{0xFF, 0xFF, 0xFF, 0xFF}}},
	{{{-19650, -873, -1030},0, {12159, -274},{0xFF, 0xFF, 0xFF, 0xFF}}},
	{{{-19650, -1958, -1030},0, {12537, -1252},{0xFF, 0xFF, 0xFF, 0xFF}}},
	{{{-19362, -878, -1111},0, {11820, -418},{0xFF, 0xFF, 0xFF, 0xFF}}},
	{{{-18566, -958, -1123},0, {10945, -831},{0xFF, 0xFF, 0xFF, 0xFF}}},
	{{{-18566, -1959, -1123},0, {11251, -1726},{0xFF, 0xFF, 0xFF, 0xFF}}},
	{{{-17718, -1074, -1130},0, {10020, -1242},{0xFF, 0xFF, 0xFF, 0xFF}}},
	{{{-17718, -1959, -1130},0, {10237, -2038},{0xFF, 0xFF, 0xFF, 0xFF}}},
	{{{-17058, -1959, -1181},0, {9436, -2220},{0xFF, 0xFF, 0xFF, 0xFF}}},
	{{{-17058, -1165, -1181},0, {9308, -1515},{0xFF, 0xFF, 0xFF, 0xFF}}},
	{{{-16035, -1959, -1305},0, {8205, -2314},{0xFF, 0xFF, 0xFF, 0xFF}}},
	{{{-16035, -1274, -1305},0, {8241, -1752},{0xFF, 0xFF, 0xFF, 0xFF}}},
	{{{-14795, -1959, -1473},0, {6790, -1975},{0xFF, 0xFF, 0xFF, 0xFF}}},
	{{{-15073, -1368, -1493},0, {7250, -1577},{0xFF, 0xFF, 0xFF, 0xFF}}},
	{{{-16017, -1928, -1857},0, {6685, -516},{0xFF, 0xFF, 0xFF, 0xFF}}},
	{{{-16071, -1273, -1838},0, {7222, -510},{0xFF, 0xFF, 0xFF, 0xFF}}},
	{{{-17209, -1959, -2277},0, {6989, 912},{0xFF, 0xFF, 0xFF, 0xFF}}},
	{{{-16071, -1273, -1838},0, {7222, -510},{0xFF, 0xFF, 0xFF, 0xFF}}},
	{{{-16017, -1928, -1857},0, {6685, -516},{0xFF, 0xFF, 0xFF, 0xFF}}},
	{{{-17278, -1155, -2198},0, {7704, 748},{0xFF, 0xFF, 0xFF, 0xFF}}},
	{{{-17987, -1917, -2572},0, {7349, 1839},{0xFF, 0xFF, 0xFF, 0xFF}}},
	{{{-17982, -1070, -2520},0, {8080, 1549},{0xFF, 0xFF, 0xFF, 0xFF}}},
	{{{-19060, -985, -3154},0, {8675, 2881},{0xFF, 0xFF, 0xFF, 0xFF}}},
	{{{-19049, -1912, -3167},0, {7852, 3174},{0xFF, 0xFF, 0xFF, 0xFF}}},
	{{{-19524, -981, -3543},0, {8914, 3537},{0xFF, 0xFF, 0xFF, 0xFF}}},
	{{{-19487, -1912, -3546},0, {8073, 3792},{0xFF, 0xFF, 0xFF, 0xFF}}},
	{{{-20114, -1912, -4541},0, {8459, 4999},{0xFF, 0xFF, 0xFF, 0xFF}}},
	{{{-20131, -980, -4455},0, {9276, 4681},{0xFF, 0xFF, 0xFF, 0xFF}}},
	{{{-21981, -1908, -6462},0, {9415, 7824},{0xFF, 0xFF, 0xFF, 0xFF}}},
	{{{-22013, -901, -6424},0, {10308, 7528},{0xFF, 0xFF, 0xFF, 0xFF}}},
	{{{-23073, -1959, -7575},0, {9923, 9485},{0xFF, 0xFF, 0xFF, 0xFF}}},
	{{{-23044, -817, -7468},0, {10903, 9053},{0xFF, 0xFF, 0xFF, 0xFF}}},
	{{{-23044, -817, -7468},0, {10903, 9053},{0xFF, 0xFF, 0xFF, 0xFF}}},
	{{{-21958, 532, -6264},0, {11527, 6954},{0xFF, 0xFF, 0xFF, 0xFF}}},
	{{{-22013, -901, -6424},0, {10308, 7528},{0xFF, 0xFF, 0xFF, 0xFF}}},
	{{{-23093, 763, -7277},0, {12285, 8508},{0xFF, 0xFF, 0xFF, 0xFF}}},
	{{{-21496, 692, -4952},0, {11697, 5510},{0xFF, 0xFF, 0xFF, 0xFF}}},
	{{{-22464, 771, -5439},0, {12491, 6511},{0xFF, 0xFF, 0xFF, 0xFF}}},
	{{{-20942, 771, -3470},0, {11838, 3873},{0xFF, 0xFF, 0xFF, 0xFF}}},
	{{{-21667, 771, -3607},0, {12537, 4426},{0xFF, 0xFF, 0xFF, 0xFF}}},
	{{{-20499, 734, -2838},0, {11665, 3047},{0xFF, 0xFF, 0xFF, 0xFF}}},
	{{{-20966, 902, -2840},0, {12188, 3324},{0xFF, 0xFF, 0xFF, 0xFF}}},
	{{{-20079, 684, -2207},0, {11523, 2226},{0xFF, 0xFF, 0xFF, 0xFF}}},
	{{{-20486, 891, -2231},0, {11990, 2494},{0xFF, 0xFF, 0xFF, 0xFF}}},
	{{{-19722, 677, -1665},0, {11423, 1519},{0xFF, 0xFF, 0xFF, 0xFF}}},
	{{{-20075, 855, -1673},0, {11836, 1746},{0xFF, 0xFF, 0xFF, 0xFF}}},
	{{{-19379, 649, -1130},0, {11289, 860},{0xFF, 0xFF, 0xFF, 0xFF}}},
	{{{-19775, 627, -1168},0, {11706, 1075},{0xFF, 0xFF, 0xFF, 0xFF}}},
	{{{-19362, -878, -1111},0, {11820, -418},{0xFF, 0xFF, 0xFF, 0xFF}}},
	{{{-19379, 649, -1130},0, {11289, 860},{0xFF, 0xFF, 0xFF, 0xFF}}},
	{{{-19775, 627, -1168},0, {11706, 1075},{0xFF, 0xFF, 0xFF, 0xFF}}},
	{{{-19650, -873, -1030},0, {12159, -274},{0xFF, 0xFF, 0xFF, 0xFF}}},
	{{{-18566, -958, -1123},0, {10945, -831},{0xFF, 0xFF, 0xFF, 0xFF}}},
	{{{-18566, 499, -1123},0, {10492, 389},{0xFF, 0xFF, 0xFF, 0xFF}}},
	{{{-17718, -1074, -1130},0, {10020, -1242},{0xFF, 0xFF, 0xFF, 0xFF}}},
	{{{-17754, 272, -1123},0, {9711, -107},{0xFF, 0xFF, 0xFF, 0xFF}}},
	{{{-17058, -1165, -1181},0, {9308, -1515},{0xFF, 0xFF, 0xFF, 0xFF}}},
	{{{-17348, 111, -1123},0, {9325, -369},{0xFF, 0xFF, 0xFF, 0xFF}}},
	{{{-16035, -1274, -1305},0, {8241, -1752},{0xFF, 0xFF, 0xFF, 0xFF}}},
	{{{-16071, -133, -1298},0, {8214, -954},{0xFF, 0xFF, 0xFF, 0xFF}}},
	{{{-15073, -1368, -1493},0, {7250, -1577},{0xFF, 0xFF, 0xFF, 0xFF}}},
	{{{-15180, -388, -1497},0, {7717, -1172},{0xFF, 0xFF, 0xFF, 0xFF}}},
	{{{-16071, -1273, -1838},0, {7222, -510},{0xFF, 0xFF, 0xFF, 0xFF}}},
	{{{-16125, -190, -1808},0, {8007, -642},{0xFF, 0xFF, 0xFF, 0xFF}}},
	{{{-17278, -1155, -2198},0, {7704, 748},{0xFF, 0xFF, 0xFF, 0xFF}}},
	{{{-16125, -190, -1808},0, {8007, -642},{0xFF, 0xFF, 0xFF, 0xFF}}},
	{{{-16071, -1273, -1838},0, {7222, -510},{0xFF, 0xFF, 0xFF, 0xFF}}},
	{{{-17407, 129, -2145},0, {8824, 437},{0xFF, 0xFF, 0xFF, 0xFF}}},
	{{{-17982, -1070, -2520},0, {8080, 1549},{0xFF, 0xFF, 0xFF, 0xFF}}},
	{{{-18002, 200, -2507},0, {9174, 1144},{0xFF, 0xFF, 0xFF, 0xFF}}},
	{{{-19060, -985, -3154},0, {8675, 2881},{0xFF, 0xFF, 0xFF, 0xFF}}},
	{{{-19081, 368, -3125},0, {9913, 2417},{0xFF, 0xFF, 0xFF, 0xFF}}},
	{{{-19557, 384, -3530},0, {10198, 3129},{0xFF, 0xFF, 0xFF, 0xFF}}},
	{{{-19524, -981, -3543},0, {8914, 3537},{0xFF, 0xFF, 0xFF, 0xFF}}},
	{{{-20131, -980, -4455},0, {9276, 4681},{0xFF, 0xFF, 0xFF, 0xFF}}},
	{{{-20138, 382, -4414},0, {10472, 4273},{0xFF, 0xFF, 0xFF, 0xFF}}},
	{{{-22013, -901, -6424},0, {10308, 7528},{0xFF, 0xFF, 0xFF, 0xFF}}},
	{{{-21958, 532, -6264},0, {11527, 6954},{0xFF, 0xFF, 0xFF, 0xFF}}},
	{{{-21496, 692, -4952},0, {11697, 5510},{0xFF, 0xFF, 0xFF, 0xFF}}},
	{{{-20189, 560, -4133},0, {10700, 4037},{0xFF, 0xFF, 0xFF, 0xFF}}},
	{{{-20942, 771, -3470},0, {11838, 3873},{0xFF, 0xFF, 0xFF, 0xFF}}},
	{{{-20189, 560, -4133},0, {10700, 4037},{0xFF, 0xFF, 0xFF, 0xFF}}},
	{{{-21496, 692, -4952},0, {11697, 5510},{0xFF, 0xFF, 0xFF, 0xFF}}},
	{{{-19864, 612, -3470},0, {10647, 3246},{0xFF, 0xFF, 0xFF, 0xFF}}},
	{{{-19268, 531, -2837},0, {10303, 2287},{0xFF, 0xFF, 0xFF, 0xFF}}},
	{{{-20499, 734, -2838},0, {11665, 3047},{0xFF, 0xFF, 0xFF, 0xFF}}},
	{{{-18998, 499, -2204},0, {10369, 1549},{0xFF, 0xFF, 0xFF, 0xFF}}},
	{{{-20079, 684, -2207},0, {11523, 2226},{0xFF, 0xFF, 0xFF, 0xFF}}},
	{{{-19722, 677, -1665},0, {11423, 1519},{0xFF, 0xFF, 0xFF, 0xFF}}},
	{{{-18782, 499, -1663},0, {10431, 963},{0xFF, 0xFF, 0xFF, 0xFF}}},
	{{{-19379, 649, -1130},0, {11289, 860},{0xFF, 0xFF, 0xFF, 0xFF}}},
	{{{-18566, 499, -1123},0, {10492, 389},{0xFF, 0xFF, 0xFF, 0xFF}}},
	{{{-17754, 272, -1123},0, {9711, -107},{0xFF, 0xFF, 0xFF, 0xFF}}},
	{{{-17826, 272, -1663},0, {9495, 355},{0xFF, 0xFF, 0xFF, 0xFF}}},
	{{{-17348, 111, -1123},0, {9325, -369},{0xFF, 0xFF, 0xFF, 0xFF}}},
	{{{-17348, 111, -1663},0, {9043, 35},{0xFF, 0xFF, 0xFF, 0xFF}}},
	{{{-17348, 111, -1123},0, {9325, -369},{0xFF, 0xFF, 0xFF, 0xFF}}},
	{{{-16497, -51, -1600},0, {8388, -541},{0xFF, 0xFF, 0xFF, 0xFF}}},
	{{{-17348, 111, -1663},0, {9043, 35},{0xFF, 0xFF, 0xFF, 0xFF}}},
	{{{-16071, -133, -1298},0, {8214, -954},{0xFF, 0xFF, 0xFF, 0xFF}}},
	{{{-15180, -388, -1497},0, {7717, -1172},{0xFF, 0xFF, 0xFF, 0xFF}}},
	{{{-16125, -190, -1808},0, {8007, -642},{0xFF, 0xFF, 0xFF, 0xFF}}},
	{{{-17407, 129, -2145},0, {8824, 437},{0xFF, 0xFF, 0xFF, 0xFF}}},
	{{{-17898, 272, -2204},0, {9267, 827},{0xFF, 0xFF, 0xFF, 0xFF}}},
	{{{-18137, 326, -2415},0, {9392, 1156},{0xFF, 0xFF, 0xFF, 0xFF}}},
	{{{-18002, 200, -2507},0, {9174, 1144},{0xFF, 0xFF, 0xFF, 0xFF}}},
	{{{-19268, 531, -2837},0, {10303, 2287},{0xFF, 0xFF, 0xFF, 0xFF}}},
	{{{-19081, 368, -3125},0, {9913, 2417},{0xFF, 0xFF, 0xFF, 0xFF}}},
	{{{-19557, 384, -3530},0, {10198, 3129},{0xFF, 0xFF, 0xFF, 0xFF}}},
	{{{-19864, 612, -3470},0, {10647, 3246},{0xFF, 0xFF, 0xFF, 0xFF}}},
	{{{-20189, 560, -4133},0, {10700, 4037},{0xFF, 0xFF, 0xFF, 0xFF}}},
	{{{-20138, 382, -4414},0, {10472, 4273},{0xFF, 0xFF, 0xFF, 0xFF}}},
	{{{-18998, 499, -2204},0, {10369, 1549},{0xFF, 0xFF, 0xFF, 0xFF}}},
	{{{-18137, 326, -2415},0, {9392, 1156},{0xFF, 0xFF, 0xFF, 0xFF}}},
	{{{-19268, 531, -2837},0, {10303, 2287},{0xFF, 0xFF, 0xFF, 0xFF}}},
	{{{-17898, 272, -2204},0, {9267, 827},{0xFF, 0xFF, 0xFF, 0xFF}}},
	{{{-17826, 272, -1663},0, {9495, 355},{0xFF, 0xFF, 0xFF, 0xFF}}},
	{{{-18782, 499, -1663},0, {10431, 963},{0xFF, 0xFF, 0xFF, 0xFF}}},
	{{{-17348, 111, -1663},0, {9043, 35},{0xFF, 0xFF, 0xFF, 0xFF}}},
	{{{-19650, -873, -1030},0, {30501, 5848},{0xFF, 0xFF, 0xFF, 0xFF}}},
	{{{-19739, -1982, -352},0, {28863, 7830},{0xFF, 0xFF, 0xFF, 0xFF}}},
	{{{-19650, -1958, -1030},0, {30501, 7830},{0xFF, 0xFF, 0xFF, 0xFF}}},
	{{{-19762, -1086, -356},0, {28863, 5848},{0xFF, 0xFF, 0xFF, 0xFF}}},
	{{{-19775, 627, -1168},0, {30501, 3219},{0xFF, 0xFF, 0xFF, 0xFF}}},
	{{{-19762, 161, -356},0, {28863, 3219},{0xFF, 0xFF, 0xFF, 0xFF}}},
	{{{-19636, 43, -227},0, {28150, 3219},{0xFF, 0xFF, 0xFF, 0xFF}}},
	{{{-19636, -993, -227},0, {28150, 5848},{0xFF, 0xFF, 0xFF, 0xFF}}},
	{{{-19415, -1875, -189},0, {28150, 7830},{0xFF, 0xFF, 0xFF, 0xFF}}},
	{{{-12810, -1959, -10273},0, {478, 8189},{0xFF, 0x51, 0x4B, 0xFF}}},
	{{{-12817, -1959, -10457},0, {701, 8151},{0xFF, 0x51, 0x4B, 0xFF}}},
	{{{-12347, -413, -10357},0, {622, 6238},{0xFF, 0xFF, 0xFF, 0xFF}}},
	{{{-12764, -446, -10105},0, {-38, 6489},{0xFF, 0xFF, 0xFF, 0xFF}}},
	{{{-12602, 1633, -9603},0, {-813, 3967},{0xFF, 0xFF, 0xFF, 0xFF}}},
	{{{-12329, 1810, -10212},0, {73, 3745},{0xFF, 0xFF, 0xFF, 0xFF}}},
	{{{-12583, 2511, -10246},0, {100, 2952},{0xFF, 0xFF, 0xFF, 0xFF}}},
	{{{-12572, 1950, -9407},0, {-1064, 3538},{0xFF, 0xFF, 0xFF, 0xFF}}},
	{{{-13039, 2203, -9688},0, {-829, 2645},{0xFF, 0xFF, 0xFF, 0xFF}}},
	{{{-13328, 2770, -10203},0, {-185, 1930},{0xFF, 0xFF, 0xFF, 0xFF}}},
	{{{-14212, 2589, -10045},0, {-749, 812},{0xFF, 0xFF, 0xFF, 0xFF}}},
	{{{-13167, 2112, -9199},0, {-1456, 2570},{0xFF, 0xFF, 0xFF, 0xFF}}},
	{{{-13470, 2261, -7073},0, {-3981, 2365},{0xFF, 0xFF, 0xFF, 0xFF}}},
	{{{-14649, 2192, -7133},0, {-4134, 917},{0xFF, 0xFF, 0xFF, 0xFF}}},
	{{{-14857, 2015, -9332},0, {-1783, -110},{0xFF, 0xFF, 0xFF, 0xFF}}},
	{{{-14368, 1487, -10077},0, {-744, -718},{0xFF, 0xFF, 0xFF, 0xFF}}},
	{{{-14212, 2589, -10045},0, {-749, 812},{0xFF, 0xFF, 0xFF, 0xFF}}},
	{{{-14673, 1489, -10315},0, {-345, -515},{0xFF, 0xFF, 0xFF, 0xFF}}},
	{{{-14368, 1487, -10077},0, {-744, -718},{0xFF, 0xFF, 0xFF, 0xFF}}},
	{{{-14324, -429, -10109},0, {-314, -2537},{0xFF, 0xFF, 0xFF, 0xFF}}},
	{{{-14645, -364, -10357},0, {195, -2323},{0xFF, 0xFF, 0xFF, 0xFF}}},
	{{{-14837, -1630, -10247},0, {701, -3628},{0xFF, 0xFF, 0xFF, 0xFF}}},
	{{{-14449, -1876, -10202},0, {230, -4006},{0xFF, 0xFF, 0xFF, 0xFF}}},
	{{{-14515, -1959, -10049},0, {73, -4160},{0xFF, 0xFF, 0xFF, 0xFF}}},
	{{{-14305, -408, -9790},0, {-667, -2615},{0xFF, 0xFF, 0xFF, 0xFF}}},
	{{{-14536, 1139, -9770},0, {-1080, -1061},{0xFF, 0xFF, 0xFF, 0xFF}}},
	{{{-14466, -188, -9408},0, {-1172, -2476},{0xFF, 0xFF, 0xFF, 0xFF}}},
	{{{-14775, 1205, -9461},0, {-1554, -1015},{0xFF, 0xFF, 0xFF, 0xFF}}},
	{{{-14789, -411, -9027},0, {-1763, -2763},{0xFF, 0xFF, 0xFF, 0xFF}}},
	{{{-15059, 1102, -9093},0, {-2130, -1163},{0xFF, 0xFF, 0xFF, 0xFF}}},
	{{{-15330, -444, -8694},0, {-2592, -2844},{0xFF, 0xFF, 0xFF, 0xFF}}},
	{{{-14778, -1210, -8820},0, {-1805, -3633},{0xFF, 0xFF, 0xFF, 0xFF}}},
	{{{-14778, -1210, -8820},0, {-1805, -3633},{0xFF, 0xFF, 0xFF, 0xFF}}},
	{{{-15328, -1208, -8614},0, {-2593, -3658},{0xFF, 0xFF, 0xFF, 0xFF}}},
	{{{-15330, -444, -8694},0, {-2592, -2844},{0xFF, 0xFF, 0xFF, 0xFF}}},
	{{{-15023, -1959, -8768},0, {-2110, -4431},{0xFF, 0xFF, 0xFF, 0xFF}}},
	{{{-15372, -1925, -8570},0, {-2635, -4417},{0xFF, 0xFF, 0xFF, 0xFF}}},
	{{{-15636, -1209, -8347},0, {-3114, -3690},{0xFF, 0xFF, 0xFF, 0xFF}}},
	{{{-15636, -1856, -8347},0, {-3078, -4367},{0xFF, 0xFF, 0xFF, 0xFF}}},
	{{{-15636, -449, -8347},0, {-3166, -2893},{0xFF, 0xFF, 0xFF, 0xFF}}},
	{{{-15328, 1411, -8746},0, {-2708, -874},{0xFF, 0xFF, 0xFF, 0xFF}}},
	{{{-15636, 1392, -8347},0, {-3324, -958},{0xFF, 0xFF, 0xFF, 0xFF}}},
	{{{-14707, 1720, -9601},0, {-1385, -441},{0xFF, 0xFF, 0xFF, 0xFF}}},
	{{{-14857, 2015, -9332},0, {-1783, -110},{0xFF, 0xFF, 0xFF, 0xFF}}},
	{{{-15816, 1869, -7081},0, {-4615, -370},{0xFF, 0xFF, 0xFF, 0xFF}}},
	{{{-16899, 1187, -7077},0, {-5193, -1505},{0xFF, 0xFF, 0xFF, 0xFF}}},
	{{{-15636, -227, -8347},0, {-3144, -2682},{0xFF, 0xFF, 0xFF, 0xFF}}},
	{{{-17130, -259, -7321},0, {-5320, -2736},{0xFF, 0xFF, 0xFF, 0xFF}}},
	{{{-15636, -1856, -8347},0, {-3228, -4439},{0xFF, 0xFF, 0xFF, 0xFF}}},
	{{{-17130, -259, -7321},0, {-5320, -2736},{0xFF, 0xFF, 0xFF, 0xFF}}},
	{{{-15636, -227, -8347},0, {-3144, -2682},{0xFF, 0xFF, 0xFF, 0xFF}}},
	{{{-17348, -1959, -7408},0, {-5881, -4307},{0xFF, 0xFF, 0xFF, 0xFF}}},
	{{{-17539, -302, -6661},0, {-6058, -2579},{0xFF, 0xFF, 0xFF, 0xFF}}},
	{{{-17569, -1959, -6690},0, {-6676, -3977},{0xFF, 0xFF, 0xFF, 0xFF}}},
	{{{-17660, -337, -6030},0, {-6591, -2364},{0xFF, 0xFF, 0xFF, 0xFF}}},
	{{{-17669, -1959, -6025},0, {-7327, -3624},{0xFF, 0xFF, 0xFF, 0xFF}}},
	{{{-17544, -308, -5468},0, {-7004, -2066},{0xFF, 0xFF, 0xFF, 0xFF}}},
	{{{-17579, -1959, -5441},0, {-7868, -3284},{0xFF, 0xFF, 0xFF, 0xFF}}},
	{{{-17160, -283, -4897},0, {-7453, -1609},{0xFF, 0xFF, 0xFF, 0xFF}}},
	{{{-17428, -1959, -4856},0, {-8398, -2888},{0xFF, 0xFF, 0xFF, 0xFF}}},
	{{{-16481, -239, -4245},0, {-7956, -822},{0xFF, 0xFF, 0xFF, 0xFF}}},
	{{{-16597, -1478, -4119},0, {-8961, -1484},{0xFF, 0xFF, 0xFF, 0xFF}}},
	{{{-15768, -273, -3669},0, {-8418, 16},{0xFF, 0xFF, 0xFF, 0xFF}}},
	{{{-15781, -1959, -3432},0, {-9960, -444},{0xFF, 0xFF, 0xFF, 0xFF}}},
	{{{-15781, -1959, -3432},0, {-9960, -444},{0xFF, 0xFF, 0xFF, 0xFF}}},
	{{{-15222, -286, -3378},0, {-8652, 642},{0xFF, 0xFF, 0xFF, 0xFF}}},
	{{{-15768, -273, -3669},0, {-8418, 16},{0xFF, 0xFF, 0xFF, 0xFF}}},
	{{{-15234, -1959, -3350},0, {-10152, 243},{0xFF, 0xFF, 0xFF, 0xFF}}},
	{{{-14749, -285, -3234},0, {-8781, 1170},{0xFF, 0xFF, 0xFF, 0xFF}}},
	{{{-14795, -1959, -3239},0, {-10289, 799},{0xFF, 0xFF, 0xFF, 0xFF}}},
	{{{-14227, -296, -3108},0, {-8887, 1750},{0xFF, 0xFF, 0xFF, 0xFF}}},
	{{{-14253, -1959, -3102},0, {-10424, 1513},{0xFF, 0xFF, 0xFF, 0xFF}}},
	{{{-13653, -328, -3035},0, {-8969, 2391},{0xFF, 0xFF, 0xFF, 0xFF}}},
	{{{-13658, -1959, -3027},0, {-10494, 2299},{0xFF, 0xFF, 0xFF, 0xFF}}},
	{{{-13007, -296, -3059},0, {-8937, 3119},{0xFF, 0xFF, 0xFF, 0xFF}}},
	{{{-12976, -1959, -3052},0, {-10521, 3213},{0xFF, 0xFF, 0xFF, 0xFF}}},
	{{{-11591, -291, -3227},0, {-8709, 4658},{0xFF, 0xFF, 0xFF, 0xFF}}},
	{{{-11605, -1959, -3221},0, {-10205, 5038},{0xFF, 0xFF, 0xFF, 0xFF}}},
	{{{-10967, -1959, -3304},0, {-9969, 5842},{0xFF, 0xFF, 0xFF, 0xFF}}},
	{{{-10864, -334, -3319},0, {-8505, 5443},{0xFF, 0xFF, 0xFF, 0xFF}}},
	{{{-10967, -1959, -3304},0, {-9969, 5842},{0xFF, 0xFF, 0xFF, 0xFF}}},
	{{{-10325, -300, -3409},0, {-8253, 5988},{0xFF, 0xFF, 0xFF, 0xFF}}},
	{{{-10864, -334, -3319},0, {-8505, 5443},{0xFF, 0xFF, 0xFF, 0xFF}}},
	{{{-10328, -1959, -3387},0, {-9652, 6630},{0xFF, 0xFF, 0xFF, 0xFF}}},
	{{{-9637, -278, -3624},0, {-7887, 6656},{0xFF, 0xFF, 0xFF, 0xFF}}},
	{{{-9690, -1959, -3470},0, {-9267, 7391},{0xFF, 0x51, 0x4B, 0xFF}}},
	{{{-8870, -303, -4015},0, {-7373, 7357},{0xFF, 0xFF, 0xFF, 0xFF}}},
	{{{-8817, -1959, -3926},0, {-8476, 8447},{0xFF, 0x51, 0x4B, 0xFF}}},
	{{{-8373, -337, -4601},0, {-6835, 7842},{0xFF, 0xFF, 0xFF, 0xFF}}},
	{{{-8024, -1959, -4420},0, {-7525, 9256},{0xFF, 0x51, 0x4B, 0xFF}}},
	{{{-8443, -318, -5457},0, {-6102, 7966},{0xFF, 0xFF, 0xFF, 0xFF}}},
	{{{-8371, -1959, -5458},0, {-6235, 9485},{0xFF, 0x51, 0x4B, 0xFF}}},
	{{{-8810, -337, -6310},0, {-5280, 7937},{0xFF, 0xFF, 0xFF, 0xFF}}},
	{{{-8800, -1959, -6496},0, {-4892, 9389},{0xFF, 0x51, 0x4B, 0xFF}}},
	{{{-9269, -303, -6895},0, {-4600, 7731},{0xFF, 0xFF, 0xFF, 0xFF}}},
	{{{-9244, -1959, -6972},0, {-4129, 9183},{0xFF, 0x51, 0x4B, 0xFF}}},
	{{{-9244, -1959, -6972},0, {-4129, 9183},{0xFF, 0x51, 0x4B, 0xFF}}},
	{{{-9945, -276, -7372},0, {-3828, 7349},{0xFF, 0xFF, 0xFF, 0xFF}}},
	{{{-9269, -303, -6895},0, {-4600, 7731},{0xFF, 0xFF, 0xFF, 0xFF}}},
	{{{-9742, -1959, -7410},0, {-3355, 8917},{0xFF, 0x51, 0x4B, 0xFF}}},
	{{{-12243, -459, -8347},0, {-1428, 5526},{0xFF, 0xFF, 0xFF, 0xFF}}},
	{{{-12243, -1959, -8347},0, {-407, 6997},{0xFF, 0x51, 0x4B, 0xFF}}},
	{{{-10000, 1148, -6961},0, {-4543, 6345},{0xFF, 0xFF, 0xFF, 0xFF}}},
	{{{-12243, 1505, -8347},0, {-2545, 4145},{0xFF, 0xFF, 0xFF, 0xFF}}},
	{{{-11020, 1905, -6463},0, {-4766, 5068},{0xFF, 0xFF, 0xFF, 0xFF}}},
	{{{-13167, 2112, -9199},0, {-1456, 2570},{0xFF, 0xFF, 0xFF, 0xFF}}},
	{{{-13039, 2203, -9688},0, {-829, 2645},{0xFF, 0xFF, 0xFF, 0xFF}}},
	{{{-12572, 1950, -9407},0, {-1064, 3538},{0xFF, 0xFF, 0xFF, 0xFF}}},
	{{{-12602, 1633, -9603},0, {-813, 3967},{0xFF, 0xFF, 0xFF, 0xFF}}},
	{{{-12360, 1436, -8711},0, {-2060, 4210},{0xFF, 0xFF, 0xFF, 0xFF}}},
	{{{-12390, -453, -8697},0, {-2223, 6439},{0xFF, 0xFF, 0xFF, 0xFF}}},
	{{{-12243, -459, -8347},0, {-2707, 6399},{0xFF, 0xFF, 0xFF, 0xFF}}},
	{{{-12243, -1209, -8347},0, {-2806, 7244},{0xFF, 0xC3, 0xBC, 0xFF}}},
	{{{-12390, -453, -8697},0, {-2223, 6439},{0xFF, 0xFF, 0xFF, 0xFF}}},
	{{{-12243, -459, -8347},0, {-2707, 6399},{0xFF, 0xFF, 0xFF, 0xFF}}},
	{{{-12395, -1208, -8614},0, {-2408, 7299},{0xFF, 0xC3, 0xBC, 0xFF}}},
	{{{-12243, -1959, -8347},0, {-2941, 8085},{0xFF, 0x51, 0x4B, 0xFF}}},
	{{{-12356, -1959, -8543},0, {-2651, 8131},{0xFF, 0x51, 0x4B, 0xFF}}},
	{{{-12824, -1210, -8820},0, {-1732, 7409},{0xFF, 0xFF, 0xFF, 0xFF}}},
	{{{-12470, -1959, -8740},0, {-2365, 8179},{0xFF, 0x25, 0x1B, 0xFF}}},
	{{{-12770, -411, -9027},0, {-1533, 6491},{0xFF, 0xFF, 0xFF, 0xFF}}},
	{{{-12482, 1093, -9093},0, {-1537, 4638},{0xFF, 0xFF, 0xFF, 0xFF}}},
	{{{-12600, 1178, -9461},0, {-990, 4537},{0xFF, 0xFF, 0xFF, 0xFF}}},
	{{{-12933, -188, -9408},0, {-991, 6289},{0xFF, 0xFF, 0xFF, 0xFF}}},
	{{{-12934, -411, -9790},0, {-510, 6520},{0xFF, 0xFF, 0xFF, 0xFF}}},
	{{{-12764, -446, -10105},0, {-38, 6489},{0xFF, 0xFF, 0xFF, 0xFF}}},
	{{{-12696, -1959, -10077},0, {190, 8241},{0xFF, 0x51, 0x4B, 0xFF}}},
	{{{-12810, -1959, -10273},0, {478, 8189},{0xFF, 0x51, 0x4B, 0xFF}}},
	{{{-12764, -446, -10105},0, {-38, 6489},{0xFF, 0xFF, 0xFF, 0xFF}}},
	{{{-12602, 1633, -9603},0, {-813, 3967},{0xFF, 0xFF, 0xFF, 0xFF}}},
	{{{-12600, 1178, -9461},0, {-990, 4537},{0xFF, 0xFF, 0xFF, 0xFF}}},
	{{{-12482, 1093, -9093},0, {-1537, 4638},{0xFF, 0xFF, 0xFF, 0xFF}}},
	{{{-12360, 1436, -8711},0, {-2060, 4210},{0xFF, 0xFF, 0xFF, 0xFF}}},
	{{{-12390, -453, -8697},0, {-2223, 6439},{0xFF, 0xFF, 0xFF, 0xFF}}},
	{{{-9269, -303, -6895},0, {-4600, 7731},{0xFF, 0xFF, 0xFF, 0xFF}}},
	{{{-9945, -276, -7372},0, {-3828, 7349},{0xFF, 0xFF, 0xFF, 0xFF}}},
	{{{-10000, 1148, -6961},0, {-4543, 6345},{0xFF, 0xFF, 0xFF, 0xFF}}},
	{{{-9223, 901, -6474},0, {-5177, 6945},{0xFF, 0xFF, 0xFF, 0xFF}}},
	{{{-9073, 1310, -5450},0, {-5922, 6753},{0xFF, 0xFF, 0xFF, 0xFF}}},
	{{{-9726, 1485, -5449},0, {-5805, 6192},{0xFF, 0xFF, 0xFF, 0xFF}}},
	{{{-10988, 1911, -5398},0, {-5658, 4984},{0xFF, 0xFF, 0xFF, 0xFF}}},
	{{{-11020, 1905, -6463},0, {-4766, 5068},{0xFF, 0xFF, 0xFF, 0xFF}}},
	{{{-13530, 2285, -5468},0, {-5478, 2425},{0xFF, 0xFF, 0xFF, 0xFF}}},
	{{{-13470, 2261, -7073},0, {-3981, 2365},{0xFF, 0xFF, 0xFF, 0xFF}}},
	{{{-13167, 2112, -9199},0, {-1456, 2570},{0xFF, 0xFF, 0xFF, 0xFF}}},
	{{{-13470, 2261, -7073},0, {-3981, 2365},{0xFF, 0xFF, 0xFF, 0xFF}}},
	{{{-11020, 1905, -6463},0, {-4766, 5068},{0xFF, 0xFF, 0xFF, 0xFF}}},
	{{{-14649, 2192, -7133},0, {-4134, 917},{0xFF, 0xFF, 0xFF, 0xFF}}},
	{{{-13530, 2285, -5468},0, {-5478, 2425},{0xFF, 0xFF, 0xFF, 0xFF}}},
	{{{-14719, 2164, -5457},0, {-5679, 1199},{0xFF, 0xFF, 0xFF, 0xFF}}},
	{{{-15932, 1777, -5364},0, {-6105, 19},{0xFF, 0xFF, 0xFF, 0xFF}}},
	{{{-15816, 1869, -7081},0, {-4615, -370},{0xFF, 0xFF, 0xFF, 0xFF}}},
	{{{-14857, 2015, -9332},0, {-1783, -110},{0xFF, 0xFF, 0xFF, 0xFF}}},
	{{{-16899, 1187, -7077},0, {-5193, -1505},{0xFF, 0xFF, 0xFF, 0xFF}}},
	{{{-16970, 1488, -5941},0, {-5978, -1059},{0xFF, 0xFF, 0xFF, 0xFF}}},
	{{{-17423, 1317, -6065},0, {-6076, -1433},{0xFF, 0xFF, 0xFF, 0xFF}}},
	{{{-17493, 905, -6485},0, {-5879, -1714},{0xFF, 0xFF, 0xFF, 0xFF}}},
	{{{-17130, -259, -7321},0, {-5320, -2736},{0xFF, 0xFF, 0xFF, 0xFF}}},
	{{{-17539, -302, -6661},0, {-6058, -2579},{0xFF, 0xFF, 0xFF, 0xFF}}},
	{{{-17616, 639, -6049},0, {-6246, -1774},{0xFF, 0xFF, 0xFF, 0xFF}}},
	{{{-17539, -302, -6661},0, {-6058, -2579},{0xFF, 0xFF, 0xFF, 0xFF}}},
	{{{-17660, -337, -6030},0, {-6591, -2364},{0xFF, 0xFF, 0xFF, 0xFF}}},
	{{{-17616, 639, -6049},0, {-6246, -1774},{0xFF, 0xFF, 0xFF, 0xFF}}},
	{{{-17505, 883, -5665},0, {-6389, -1490},{0xFF, 0xFF, 0xFF, 0xFF}}},
	{{{-17544, -308, -5468},0, {-7004, -2066},{0xFF, 0xFF, 0xFF, 0xFF}}},
	{{{-17077, 965, -5193},0, {-6641, -1083},{0xFF, 0xFF, 0xFF, 0xFF}}},
	{{{-17160, -283, -4897},0, {-7453, -1609},{0xFF, 0xFF, 0xFF, 0xFF}}},
	{{{-16343, 1027, -4544},0, {-7022, -322},{0xFF, 0xFF, 0xFF, 0xFF}}},
	{{{-16481, -239, -4245},0, {-7956, -822},{0xFF, 0xFF, 0xFF, 0xFF}}},
	{{{-15663, 1042, -3805},0, {-7455, 459},{0xFF, 0xFF, 0xFF, 0xFF}}},
	{{{-15768, -273, -3669},0, {-8418, 16},{0xFF, 0xFF, 0xFF, 0xFF}}},
	{{{-15166, 1030, -3410},0, {-7666, 981},{0xFF, 0xFF, 0xFF, 0xFF}}},
	{{{-15222, -286, -3378},0, {-8652, 642},{0xFF, 0xFF, 0xFF, 0xFF}}},
	{{{-14664, 1042, -3264},0, {-7773, 1459},{0xFF, 0xFF, 0xFF, 0xFF}}},
	{{{-14749, -285, -3234},0, {-8781, 1170},{0xFF, 0xFF, 0xFF, 0xFF}}},
	{{{-14061, 979, -3151},0, {-7891, 2029},{0xFF, 0xFF, 0xFF, 0xFF}}},
	{{{-14749, -285, -3234},0, {-8781, 1170},{0xFF, 0xFF, 0xFF, 0xFF}}},
	{{{-14227, -296, -3108},0, {-8887, 1750},{0xFF, 0xFF, 0xFF, 0xFF}}},
	{{{-14061, 979, -3151},0, {-7891, 2029},{0xFF, 0xFF, 0xFF, 0xFF}}},
	{{{-13630, 695, -3078},0, {-8133, 2448},{0xFF, 0xFF, 0xFF, 0xFF}}},
	{{{-13653, -328, -3035},0, {-8969, 2391},{0xFF, 0xFF, 0xFF, 0xFF}}},
	{{{-13135, 979, -3116},0, {-7902, 2943},{0xFF, 0xFF, 0xFF, 0xFF}}},
	{{{-13007, -296, -3059},0, {-8937, 3119},{0xFF, 0xFF, 0xFF, 0xFF}}},
	{{{-11498, 997, -3263},0, {-7687, 4514},{0xFF, 0xFF, 0xFF, 0xFF}}},
	{{{-11591, -291, -3227},0, {-8709, 4658},{0xFF, 0xFF, 0xFF, 0xFF}}},
	{{{-10834, 656, -3329},0, {-7750, 5207},{0xFF, 0xFF, 0xFF, 0xFF}}},
	{{{-10864, -334, -3319},0, {-8505, 5443},{0xFF, 0xFF, 0xFF, 0xFF}}},
	{{{-10451, 929, -3440},0, {-7421, 5490},{0xFF, 0xFF, 0xFF, 0xFF}}},
	{{{-10325, -300, -3409},0, {-8253, 5988},{0xFF, 0xFF, 0xFF, 0xFF}}},
	{{{-9791, 1131, -3995},0, {-6918, 6064},{0xFF, 0xFF, 0xFF, 0xFF}}},
	{{{-9637, -278, -3624},0, {-7887, 6656},{0xFF, 0xFF, 0xFF, 0xFF}}},
	{{{-8957, 900, -4431},0, {-6647, 6816},{0xFF, 0xFF, 0xFF, 0xFF}}},
	{{{-9637, -278, -3624},0, {-7887, 6656},{0xFF, 0xFF, 0xFF, 0xFF}}},
	{{{-8870, -303, -4015},0, {-7373, 7357},{0xFF, 0xFF, 0xFF, 0xFF}}},
	{{{-8957, 900, -4431},0, {-6647, 6816},{0xFF, 0xFF, 0xFF, 0xFF}}},
	{{{-8559, 639, -4766},0, {-6480, 7218},{0xFF, 0xFF, 0xFF, 0xFF}}},
	{{{-8373, -337, -4601},0, {-6835, 7842},{0xFF, 0xFF, 0xFF, 0xFF}}},
	{{{-8629, 829, -5455},0, {-6020, 7181},{0xFF, 0xFF, 0xFF, 0xFF}}},
	{{{-8443, -318, -5457},0, {-6102, 7966},{0xFF, 0xFF, 0xFF, 0xFF}}},
	{{{-8843, 639, -6141},0, {-5518, 7252},{0xFF, 0xFF, 0xFF, 0xFF}}},
	{{{-8810, -337, -6310},0, {-5280, 7937},{0xFF, 0xFF, 0xFF, 0xFF}}},
	{{{-9223, 901, -6474},0, {-5177, 6945},{0xFF, 0xFF, 0xFF, 0xFF}}},
	{{{-9269, -303, -6895},0, {-4600, 7731},{0xFF, 0xFF, 0xFF, 0xFF}}},
	{{{-9073, 1310, -5450},0, {-5922, 6753},{0xFF, 0xFF, 0xFF, 0xFF}}},
	{{{-9726, 1485, -5449},0, {-5805, 6192},{0xFF, 0xFF, 0xFF, 0xFF}}},
	{{{-9791, 1131, -3995},0, {-6918, 6064},{0xFF, 0xFF, 0xFF, 0xFF}}},
	{{{-11073, 1853, -4085},0, {-6678, 4813},{0xFF, 0xFF, 0xFF, 0xFF}}},
	{{{-10988, 1911, -5398},0, {-5658, 4984},{0xFF, 0xFF, 0xFF, 0xFF}}},
	{{{-13531, 2157, -4060},0, {-6661, 2515},{0xFF, 0xFF, 0xFF, 0xFF}}},
	{{{-11073, 1853, -4085},0, {-6678, 4813},{0xFF, 0xFF, 0xFF, 0xFF}}},
	{{{-10988, 1911, -5398},0, {-5658, 4984},{0xFF, 0xFF, 0xFF, 0xFF}}},
	{{{-13530, 2285, -5468},0, {-5478, 2425},{0xFF, 0xFF, 0xFF, 0xFF}}},
	{{{-14719, 2164, -5457},0, {-5679, 1199},{0xFF, 0xFF, 0xFF, 0xFF}}},
	{{{-14584, 2073, -4070},0, {-6747, 1539},{0xFF, 0xFF, 0xFF, 0xFF}}},
	{{{-15932, 1777, -5364},0, {-6105, 19},{0xFF, 0xFF, 0xFF, 0xFF}}},
	{{{-15338, 1776, -4019},0, {-6965, 853},{0xFF, 0xFF, 0xFF, 0xFF}}},
	{{{-15663, 1042, -3805},0, {-7455, 459},{0xFF, 0xFF, 0xFF, 0xFF}}},
	{{{-16343, 1027, -4544},0, {-7022, -322},{0xFF, 0xFF, 0xFF, 0xFF}}},
	{{{-17077, 965, -5193},0, {-6641, -1083},{0xFF, 0xFF, 0xFF, 0xFF}}},
	{{{-16970, 1488, -5941},0, {-5978, -1059},{0xFF, 0xFF, 0xFF, 0xFF}}},
	{{{-17423, 1317, -6065},0, {-6076, -1433},{0xFF, 0xFF, 0xFF, 0xFF}}},
	{{{-17505, 883, -5665},0, {-6389, -1490},{0xFF, 0xFF, 0xFF, 0xFF}}},
	{{{-17616, 639, -6049},0, {-6246, -1774},{0xFF, 0xFF, 0xFF, 0xFF}}},
	{{{-17493, 905, -6485},0, {-5879, -1714},{0xFF, 0xFF, 0xFF, 0xFF}}},
	{{{-15663, 1042, -3805},0, {-7455, 459},{0xFF, 0xFF, 0xFF, 0xFF}}},
	{{{-15046, 1667, -3496},0, {-7276, 1198},{0xFF, 0xFF, 0xFF, 0xFF}}},
	{{{-15338, 1776, -4019},0, {-6965, 853},{0xFF, 0xFF, 0xFF, 0xFF}}},
	{{{-15166, 1030, -3410},0, {-7666, 981},{0xFF, 0xFF, 0xFF, 0xFF}}},
	{{{-14664, 1042, -3264},0, {-7773, 1459},{0xFF, 0xFF, 0xFF, 0xFF}}},
	{{{-14527, 1776, -3418},0, {-7268, 1640},{0xFF, 0xFF, 0xFF, 0xFF}}},
	{{{-13556, 1729, -3315},0, {-7336, 2519},{0xFF, 0xFF, 0xFF, 0xFF}}},
	{{{-14061, 979, -3151},0, {-7891, 2029},{0xFF, 0xFF, 0xFF, 0xFF}}},
	{{{-13630, 695, -3078},0, {-8133, 2448},{0xFF, 0xFF, 0xFF, 0xFF}}},
	{{{-13135, 979, -3116},0, {-7902, 2943},{0xFF, 0xFF, 0xFF, 0xFF}}},
	{{{-11286, 1641, -3428},0, {-7197, 4613},{0xFF, 0xFF, 0xFF, 0xFF}}},
	{{{-11498, 997, -3263},0, {-7687, 4514},{0xFF, 0xFF, 0xFF, 0xFF}}},
	{{{-10834, 656, -3329},0, {-7750, 5207},{0xFF, 0xFF, 0xFF, 0xFF}}},
	{{{-10451, 929, -3440},0, {-7421, 5490},{0xFF, 0xFF, 0xFF, 0xFF}}},
	{{{-9791, 1131, -3995},0, {-6918, 6064},{0xFF, 0xFF, 0xFF, 0xFF}}},
	{{{-11073, 1853, -4085},0, {-6678, 4813},{0xFF, 0xFF, 0xFF, 0xFF}}},
	{{{-13556, 1729, -3315},0, {-7336, 2519},{0xFF, 0xFF, 0xFF, 0xFF}}},
	{{{-11073, 1853, -4085},0, {-6678, 4813},{0xFF, 0xFF, 0xFF, 0xFF}}},
	{{{-13531, 2157, -4060},0, {-6661, 2515},{0xFF, 0xFF, 0xFF, 0xFF}}},
	{{{-14584, 2073, -4070},0, {-6747, 1539},{0xFF, 0xFF, 0xFF, 0xFF}}},
	{{{-14527, 1776, -3418},0, {-7268, 1640},{0xFF, 0xFF, 0xFF, 0xFF}}},
	{{{-15046, 1667, -3496},0, {-7276, 1198},{0xFF, 0xFF, 0xFF, 0xFF}}},
	{{{-15338, 1776, -4019},0, {-6965, 853},{0xFF, 0xFF, 0xFF, 0xFF}}},
	{{{-14536, 1139, -9770},0, {-1080, -1061},{0xFF, 0xFF, 0xFF, 0xFF}}},
	{{{-14368, 1487, -10077},0, {-744, -718},{0xFF, 0xFF, 0xFF, 0xFF}}},
	{{{-14324, -429, -10109},0, {-314, -2537},{0xFF, 0xFF, 0xFF, 0xFF}}},
	{{{-14707, 1720, -9601},0, {-1385, -441},{0xFF, 0xFF, 0xFF, 0xFF}}},
	{{{-14775, 1205, -9461},0, {-1554, -1015},{0xFF, 0xFF, 0xFF, 0xFF}}},
	{{{-15059, 1102, -9093},0, {-2130, -1163},{0xFF, 0xFF, 0xFF, 0xFF}}},
	{{{-15328, 1411, -8746},0, {-2708, -874},{0xFF, 0xFF, 0xFF, 0xFF}}},
	{{{-15330, -444, -8694},0, {-2592, -2844},{0xFF, 0xFF, 0xFF, 0xFF}}},
	{{{-14857, 2015, -9332},0, {-1783, -110},{0xFF, 0xFF, 0xFF, 0xFF}}},
};

Gfx jrb_dl_level_005_mesh_layer_1_tri_2[] = {
	gsSPVertex(jrb_dl_level_005_mesh_layer_1_vtx_2 + 0, 16, 0),
	gsSP1Triangle(0, 1, 2, 0),
	gsSP1Triangle(0, 2, 3, 0),
	gsSP1Triangle(3, 2, 4, 0),
	gsSP1Triangle(3, 4, 5, 0),
	gsSP1Triangle(6, 3, 5, 0),
	gsSP1Triangle(6, 5, 7, 0),
	gsSP1Triangle(8, 6, 7, 0),
	gsSP1Triangle(8, 7, 9, 0),
	gsSP1Triangle(10, 8, 9, 0),
	gsSP1Triangle(10, 9, 11, 0),
	gsSP1Triangle(12, 10, 11, 0),
	gsSP1Triangle(12, 11, 13, 0),
	gsSP1Triangle(14, 12, 13, 0),
	gsSP1Triangle(14, 13, 15, 0),
	gsSPVertex(jrb_dl_level_005_mesh_layer_1_vtx_2 + 16, 16, 0),
	gsSP1Triangle(0, 1, 2, 0),
	gsSP1Triangle(0, 2, 3, 0),
	gsSP1Triangle(4, 0, 3, 0),
	gsSP1Triangle(4, 3, 5, 0),
	gsSP1Triangle(6, 4, 5, 0),
	gsSP1Triangle(6, 5, 7, 0),
	gsSP1Triangle(8, 4, 6, 0),
	gsSP1Triangle(8, 9, 4, 0),
	gsSP1Triangle(9, 0, 4, 0),
	gsSP1Triangle(9, 10, 0, 0),
	gsSP1Triangle(10, 1, 0, 0),
	gsSP1Triangle(10, 11, 1, 0),
	gsSP1Triangle(11, 12, 1, 0),
	gsSP1Triangle(11, 13, 12, 0),
	gsSP1Triangle(13, 14, 12, 0),
	gsSP1Triangle(13, 15, 14, 0),
	gsSPVertex(jrb_dl_level_005_mesh_layer_1_vtx_2 + 32, 16, 0),
	gsSP1Triangle(0, 1, 2, 0),
	gsSP1Triangle(0, 3, 1, 0),
	gsSP1Triangle(3, 4, 1, 0),
	gsSP1Triangle(3, 5, 4, 0),
	gsSP1Triangle(5, 6, 4, 0),
	gsSP1Triangle(5, 7, 6, 0),
	gsSP1Triangle(8, 9, 10, 0),
	gsSP1Triangle(8, 11, 9, 0),
	gsSP1Triangle(12, 11, 8, 0),
	gsSP1Triangle(12, 13, 11, 0),
	gsSP1Triangle(14, 13, 12, 0),
	gsSP1Triangle(14, 15, 13, 0),
	gsSPVertex(jrb_dl_level_005_mesh_layer_1_vtx_2 + 48, 16, 0),
	gsSP1Triangle(0, 1, 2, 0),
	gsSP1Triangle(0, 2, 3, 0),
	gsSP1Triangle(4, 0, 3, 0),
	gsSP1Triangle(4, 5, 0, 0),
	gsSP1Triangle(6, 5, 4, 0),
	gsSP1Triangle(6, 7, 5, 0),
	gsSP1Triangle(8, 7, 6, 0),
	gsSP1Triangle(8, 9, 7, 0),
	gsSP1Triangle(10, 9, 8, 0),
	gsSP1Triangle(10, 11, 9, 0),
	gsSP1Triangle(12, 11, 10, 0),
	gsSP1Triangle(12, 13, 11, 0),
	gsSP1Triangle(14, 13, 12, 0),
	gsSP1Triangle(14, 12, 15, 0),
	gsSPVertex(jrb_dl_level_005_mesh_layer_1_vtx_2 + 64, 16, 0),
	gsSP1Triangle(0, 1, 2, 0),
	gsSP1Triangle(0, 3, 1, 0),
	gsSP1Triangle(4, 3, 0, 0),
	gsSP1Triangle(4, 0, 5, 0),
	gsSP1Triangle(4, 5, 6, 0),
	gsSP1Triangle(6, 7, 4, 0),
	gsSP1Triangle(6, 8, 7, 0),
	gsSP1Triangle(9, 8, 6, 0),
	gsSP1Triangle(9, 10, 8, 0),
	gsSP1Triangle(9, 11, 10, 0),
	gsSP1Triangle(9, 12, 11, 0),
	gsSP1Triangle(11, 12, 13, 0),
	gsSP1Triangle(11, 13, 14, 0),
	gsSP1Triangle(13, 15, 14, 0),
	gsSPVertex(jrb_dl_level_005_mesh_layer_1_vtx_2 + 80, 16, 0),
	gsSP1Triangle(0, 1, 2, 0),
	gsSP1Triangle(0, 3, 1, 0),
	gsSP1Triangle(3, 4, 1, 0),
	gsSP1Triangle(3, 5, 4, 0),
	gsSP1Triangle(5, 6, 4, 0),
	gsSP1Triangle(5, 7, 6, 0),
	gsSP1Triangle(7, 8, 6, 0),
	gsSP1Triangle(7, 9, 8, 0),
	gsSP1Triangle(9, 10, 8, 0),
	gsSP1Triangle(9, 11, 10, 0),
	gsSP1Triangle(11, 12, 10, 0),
	gsSP1Triangle(11, 13, 12, 0),
	gsSP1Triangle(14, 12, 13, 0),
	gsSP1Triangle(14, 15, 12, 0),
	gsSPVertex(jrb_dl_level_005_mesh_layer_1_vtx_2 + 96, 16, 0),
	gsSP1Triangle(0, 1, 2, 0),
	gsSP1Triangle(0, 3, 1, 0),
	gsSP1Triangle(4, 3, 0, 0),
	gsSP1Triangle(4, 0, 5, 0),
	gsSP1Triangle(6, 4, 5, 0),
	gsSP1Triangle(6, 5, 7, 0),
	gsSP1Triangle(8, 6, 7, 0),
	gsSP1Triangle(8, 7, 9, 0),
	gsSP1Triangle(9, 7, 10, 0),
	gsSP1Triangle(9, 10, 11, 0),
	gsSP1Triangle(11, 10, 12, 0),
	gsSP1Triangle(11, 12, 13, 0),
	gsSP1Triangle(13, 12, 14, 0),
	gsSP1Triangle(13, 14, 15, 0),
	gsSPVertex(jrb_dl_level_005_mesh_layer_1_vtx_2 + 112, 16, 0),
	gsSP1Triangle(0, 1, 2, 0),
	gsSP1Triangle(0, 2, 3, 0),
	gsSP1Triangle(3, 2, 4, 0),
	gsSP1Triangle(3, 4, 5, 0),
	gsSP1Triangle(5, 4, 6, 0),
	gsSP1Triangle(5, 6, 7, 0),
	gsSP1Triangle(8, 5, 7, 0),
	gsSP1Triangle(8, 7, 9, 0),
	gsSP1Triangle(10, 5, 8, 0),
	gsSP1Triangle(10, 3, 5, 0),
	gsSP1Triangle(11, 3, 10, 0),
	gsSP1Triangle(10, 12, 11, 0),
	gsSP1Triangle(10, 8, 12, 0),
	gsSP1Triangle(13, 11, 12, 0),
	gsSP1Triangle(13, 0, 11, 0),
	gsSP1Triangle(13, 14, 0, 0),
	gsSP1Triangle(15, 14, 13, 0),
	gsSPVertex(jrb_dl_level_005_mesh_layer_1_vtx_2 + 128, 14, 0),
	gsSP1Triangle(0, 1, 2, 0),
	gsSP1Triangle(0, 3, 1, 0),
	gsSP1Triangle(0, 4, 3, 0),
	gsSP1Triangle(5, 2, 1, 0),
	gsSP1Triangle(5, 6, 2, 0),
	gsSP1Triangle(5, 7, 6, 0),
	gsSP1Triangle(8, 7, 5, 0),
	gsSP1Triangle(5, 1, 8, 0),
	gsSP1Triangle(8, 9, 7, 0),
	gsSP1Triangle(10, 11, 12, 0),
	gsSP1Triangle(2, 6, 13, 0),
	gsSPVertex(jrb_dl_level_005_mesh_layer_1_vtx_2 + 142, 16, 0),
	gsSP1Triangle(0, 1, 2, 0),
	gsSP1Triangle(0, 3, 1, 0),
	gsSP1Triangle(4, 3, 0, 0),
	gsSP1Triangle(4, 5, 3, 0),
	gsSP1Triangle(4, 6, 5, 0),
	gsSP1Triangle(4, 7, 6, 0),
	gsSP1Triangle(8, 6, 7, 0),
	gsSP1Triangle(8, 7, 9, 0),
	gsSP1Triangle(8, 5, 6, 0),
	gsSP1Triangle(8, 10, 5, 0),
	gsSP1Triangle(5, 10, 11, 0),
	gsSP1Triangle(5, 11, 3, 0),
	gsSP1Triangle(3, 11, 12, 0),
	gsSP1Triangle(3, 12, 1, 0),
	gsSP1Triangle(13, 14, 15, 0),
	gsSPVertex(jrb_dl_level_005_mesh_layer_1_vtx_2 + 158, 16, 0),
	gsSP1Triangle(0, 1, 2, 0),
	gsSP1Triangle(0, 3, 1, 0),
	gsSP1Triangle(0, 4, 3, 0),
	gsSP1Triangle(3, 4, 5, 0),
	gsSP1Triangle(3, 5, 6, 0),
	gsSP1Triangle(6, 5, 7, 0),
	gsSP1Triangle(7, 8, 6, 0),
	gsSP1Triangle(7, 9, 8, 0),
	gsSP1Triangle(6, 8, 10, 0),
	gsSP1Triangle(6, 10, 11, 0),
	gsSP1Triangle(12, 11, 10, 0),
	gsSP1Triangle(12, 13, 11, 0),
	gsSP1Triangle(14, 13, 12, 0),
	gsSP1Triangle(14, 15, 13, 0),
	gsSP1Triangle(2, 15, 14, 0),
	gsSP1Triangle(2, 1, 15, 0),
	gsSP1Triangle(1, 13, 15, 0),
	gsSP1Triangle(1, 3, 13, 0),
	gsSP1Triangle(13, 3, 6, 0),
	gsSP1Triangle(13, 6, 11, 0),
	gsSPVertex(jrb_dl_level_005_mesh_layer_1_vtx_2 + 174, 16, 0),
	gsSP1Triangle(0, 1, 2, 0),
	gsSP1Triangle(0, 3, 1, 0),
	gsSP1Triangle(0, 4, 3, 0),
	gsSP1Triangle(0, 5, 4, 0),
	gsSP1Triangle(5, 6, 4, 0),
	gsSP1Triangle(5, 7, 6, 0),
	gsSP1Triangle(8, 6, 7, 0),
	gsSP1Triangle(8, 9, 6, 0),
	gsSP1Triangle(10, 9, 8, 0),
	gsSP1Triangle(10, 11, 9, 0),
	gsSP1Triangle(12, 11, 10, 0),
	gsSP1Triangle(12, 13, 11, 0),
	gsSP1Triangle(14, 13, 12, 0),
	gsSP1Triangle(14, 15, 13, 0),
	gsSPVertex(jrb_dl_level_005_mesh_layer_1_vtx_2 + 190, 16, 0),
	gsSP1Triangle(0, 1, 2, 0),
	gsSP1Triangle(0, 3, 1, 0),
	gsSP1Triangle(4, 3, 0, 0),
	gsSP1Triangle(4, 5, 3, 0),
	gsSP1Triangle(4, 6, 5, 0),
	gsSP1Triangle(4, 7, 6, 0),
	gsSP1Triangle(8, 6, 7, 0),
	gsSP1Triangle(8, 7, 9, 0),
	gsSP1Triangle(10, 8, 9, 0),
	gsSP1Triangle(10, 11, 8, 0),
	gsSP1Triangle(12, 11, 10, 0),
	gsSP1Triangle(12, 13, 11, 0),
	gsSP1Triangle(14, 13, 12, 0),
	gsSP1Triangle(14, 15, 13, 0),
	gsSPVertex(jrb_dl_level_005_mesh_layer_1_vtx_2 + 206, 16, 0),
	gsSP1Triangle(0, 1, 2, 0),
	gsSP1Triangle(0, 3, 1, 0),
	gsSP1Triangle(3, 4, 1, 0),
	gsSP1Triangle(3, 5, 4, 0),
	gsSP1Triangle(5, 6, 4, 0),
	gsSP1Triangle(5, 7, 6, 0),
	gsSP1Triangle(7, 8, 6, 0),
	gsSP1Triangle(7, 9, 8, 0),
	gsSP1Triangle(9, 10, 8, 0),
	gsSP1Triangle(9, 11, 10, 0),
	gsSP1Triangle(11, 12, 10, 0),
	gsSP1Triangle(11, 13, 12, 0),
	gsSP1Triangle(13, 14, 12, 0),
	gsSP1Triangle(13, 15, 14, 0),
	gsSPVertex(jrb_dl_level_005_mesh_layer_1_vtx_2 + 222, 16, 0),
	gsSP1Triangle(0, 1, 2, 0),
	gsSP1Triangle(0, 2, 3, 0),
	gsSP1Triangle(4, 1, 0, 0),
	gsSP1Triangle(4, 5, 1, 0),
	gsSP1Triangle(6, 5, 4, 0),
	gsSP1Triangle(6, 7, 5, 0),
	gsSP1Triangle(8, 7, 6, 0),
	gsSP1Triangle(8, 9, 7, 0),
	gsSP1Triangle(10, 9, 8, 0),
	gsSP1Triangle(10, 11, 9, 0),
	gsSP1Triangle(12, 11, 10, 0),
	gsSP1Triangle(12, 13, 11, 0),
	gsSP1Triangle(14, 13, 12, 0),
	gsSP1Triangle(14, 15, 13, 0),
	gsSPVertex(jrb_dl_level_005_mesh_layer_1_vtx_2 + 238, 16, 0),
	gsSP1Triangle(0, 1, 2, 0),
	gsSP1Triangle(0, 3, 1, 0),
	gsSP1Triangle(4, 3, 0, 0),
	gsSP1Triangle(4, 5, 3, 0),
	gsSP1Triangle(6, 5, 4, 0),
	gsSP1Triangle(6, 7, 5, 0),
	gsSP1Triangle(8, 7, 6, 0),
	gsSP1Triangle(8, 6, 9, 0),
	gsSP1Triangle(10, 8, 9, 0),
	gsSP1Triangle(10, 11, 8, 0),
	gsSP1Triangle(12, 11, 10, 0),
	gsSP1Triangle(12, 13, 11, 0),
	gsSP1Triangle(14, 11, 13, 0),
	gsSP1Triangle(14, 15, 11, 0),
	gsSPVertex(jrb_dl_level_005_mesh_layer_1_vtx_2 + 254, 16, 0),
	gsSP1Triangle(0, 1, 2, 0),
	gsSP1Triangle(0, 3, 1, 0),
	gsSP1Triangle(0, 4, 3, 0),
	gsSP1Triangle(0, 5, 4, 0),
	gsSP1Triangle(5, 6, 4, 0),
	gsSP1Triangle(5, 7, 6, 0),
	gsSP1Triangle(8, 6, 7, 0),
	gsSP1Triangle(8, 9, 6, 0),
	gsSP1Triangle(10, 9, 8, 0),
	gsSP1Triangle(10, 11, 9, 0),
	gsSP1Triangle(9, 11, 12, 0),
	gsSP1Triangle(9, 12, 13, 0),
	gsSP1Triangle(13, 12, 14, 0),
	gsSP1Triangle(13, 14, 15, 0),
	gsSPVertex(jrb_dl_level_005_mesh_layer_1_vtx_2 + 270, 16, 0),
	gsSP1Triangle(0, 1, 2, 0),
	gsSP1Triangle(0, 3, 1, 0),
	gsSP1Triangle(4, 1, 3, 0),
	gsSP1Triangle(4, 5, 1, 0),
	gsSP1Triangle(6, 1, 5, 0),
	gsSP1Triangle(6, 2, 1, 0),
	gsSP1Triangle(7, 2, 6, 0),
	gsSP1Triangle(6, 8, 7, 0),
	gsSP1Triangle(6, 9, 8, 0),
	gsSP1Triangle(10, 8, 9, 0),
	gsSP1Triangle(10, 9, 11, 0),
	gsSP1Triangle(12, 10, 11, 0),
	gsSP1Triangle(12, 13, 10, 0),
	gsSP1Triangle(12, 14, 13, 0),
	gsSP1Triangle(12, 15, 14, 0),
	gsSPVertex(jrb_dl_level_005_mesh_layer_1_vtx_2 + 286, 16, 0),
	gsSP1Triangle(0, 1, 2, 0),
	gsSP1Triangle(0, 3, 1, 0),
	gsSP1Triangle(0, 4, 3, 0),
	gsSP1Triangle(0, 5, 4, 0),
	gsSP1Triangle(3, 4, 6, 0),
	gsSP1Triangle(7, 8, 9, 0),
	gsSP1Triangle(7, 10, 8, 0),
	gsSP1Triangle(11, 10, 7, 0),
	gsSP1Triangle(11, 12, 10, 0),
	gsSP1Triangle(10, 12, 13, 0),
	gsSP1Triangle(10, 13, 14, 0),
	gsSP1Triangle(10, 14, 15, 0),
	gsSP1Triangle(10, 15, 8, 0),
	gsSPVertex(jrb_dl_level_005_mesh_layer_1_vtx_2 + 302, 16, 0),
	gsSP1Triangle(0, 1, 2, 0),
	gsSP1Triangle(0, 2, 3, 0),
	gsSP1Triangle(2, 4, 3, 0),
	gsSP1Triangle(2, 5, 4, 0),
	gsSP1Triangle(6, 4, 5, 0),
	gsSP1Triangle(6, 7, 4, 0),
	gsSP1Triangle(6, 8, 7, 0),
	gsSP1Triangle(6, 9, 8, 0),
	gsSP1Triangle(10, 8, 9, 0),
	gsSP1Triangle(10, 11, 8, 0),
	gsSP1Triangle(12, 11, 10, 0),
	gsSP1Triangle(12, 10, 13, 0),
	gsSP1Triangle(14, 13, 10, 0),
	gsSP1Triangle(15, 14, 10, 0),
	gsSPVertex(jrb_dl_level_005_mesh_layer_1_vtx_2 + 318, 16, 0),
	gsSP1Triangle(0, 1, 2, 0),
	gsSP1Triangle(3, 2, 1, 0),
	gsSP1Triangle(3, 1, 4, 0),
	gsSP1Triangle(5, 3, 4, 0),
	gsSP1Triangle(5, 6, 3, 0),
	gsSP1Triangle(7, 3, 6, 0),
	gsSP1Triangle(7, 8, 3, 0),
	gsSP1Triangle(9, 3, 8, 0),
	gsSP1Triangle(10, 9, 8, 0),
	gsSP1Triangle(10, 11, 9, 0),
	gsSP1Triangle(12, 11, 10, 0),
	gsSP1Triangle(12, 13, 11, 0),
	gsSP1Triangle(14, 13, 12, 0),
	gsSP1Triangle(15, 14, 12, 0),
	gsSPVertex(jrb_dl_level_005_mesh_layer_1_vtx_2 + 334, 16, 0),
	gsSP1Triangle(0, 1, 2, 0),
	gsSP1Triangle(3, 1, 0, 0),
	gsSP1Triangle(3, 4, 1, 0),
	gsSP1Triangle(4, 5, 1, 0),
	gsSP1Triangle(4, 6, 5, 0),
	gsSP1Triangle(1, 5, 7, 0),
	gsSP1Triangle(1, 7, 2, 0),
	gsSP1Triangle(7, 8, 2, 0),
	gsSP1Triangle(7, 9, 8, 0),
	gsSP1Triangle(9, 10, 8, 0),
	gsSP1Triangle(9, 11, 10, 0),
	gsSP1Triangle(9, 12, 11, 0),
	gsSP1Triangle(9, 13, 12, 0),
	gsSP1Triangle(14, 13, 9, 0),
	gsSP1Triangle(14, 15, 13, 0),
	gsSPVertex(jrb_dl_level_005_mesh_layer_1_vtx_2 + 350, 16, 0),
	gsSP1Triangle(0, 1, 2, 0),
	gsSP1Triangle(0, 3, 1, 0),
	gsSP1Triangle(3, 4, 1, 0),
	gsSP1Triangle(3, 5, 4, 0),
	gsSP1Triangle(5, 6, 4, 0),
	gsSP1Triangle(5, 7, 6, 0),
	gsSP1Triangle(7, 8, 6, 0),
	gsSP1Triangle(7, 9, 8, 0),
	gsSP1Triangle(9, 10, 8, 0),
	gsSP1Triangle(9, 11, 10, 0),
	gsSP1Triangle(11, 12, 10, 0),
	gsSP1Triangle(11, 13, 12, 0),
	gsSP1Triangle(13, 14, 12, 0),
	gsSP1Triangle(13, 15, 14, 0),
	gsSPVertex(jrb_dl_level_005_mesh_layer_1_vtx_2 + 366, 16, 0),
	gsSP1Triangle(0, 1, 2, 0),
	gsSP1Triangle(0, 3, 1, 0),
	gsSP1Triangle(3, 4, 1, 0),
	gsSP1Triangle(3, 5, 4, 0),
	gsSP1Triangle(5, 6, 4, 0),
	gsSP1Triangle(5, 7, 6, 0),
	gsSP1Triangle(7, 8, 6, 0),
	gsSP1Triangle(7, 9, 8, 0),
	gsSP1Triangle(9, 10, 8, 0),
	gsSP1Triangle(9, 11, 10, 0),
	gsSP1Triangle(11, 12, 10, 0),
	gsSP1Triangle(11, 13, 12, 0),
	gsSP1Triangle(14, 12, 13, 0),
	gsSP1Triangle(14, 15, 12, 0),
	gsSPVertex(jrb_dl_level_005_mesh_layer_1_vtx_2 + 382, 16, 0),
	gsSP1Triangle(0, 1, 2, 0),
	gsSP1Triangle(0, 3, 1, 0),
	gsSP1Triangle(3, 4, 1, 0),
	gsSP1Triangle(3, 5, 4, 0),
	gsSP1Triangle(5, 6, 4, 0),
	gsSP1Triangle(5, 7, 6, 0),
	gsSP1Triangle(7, 8, 6, 0),
	gsSP1Triangle(7, 9, 8, 0),
	gsSP1Triangle(9, 10, 8, 0),
	gsSP1Triangle(9, 11, 10, 0),
	gsSP1Triangle(11, 12, 10, 0),
	gsSP1Triangle(11, 13, 12, 0),
	gsSP1Triangle(13, 14, 12, 0),
	gsSP1Triangle(13, 15, 14, 0),
	gsSPVertex(jrb_dl_level_005_mesh_layer_1_vtx_2 + 398, 16, 0),
	gsSP1Triangle(0, 1, 2, 0),
	gsSP1Triangle(0, 3, 1, 0),
	gsSP1Triangle(3, 4, 1, 0),
	gsSP1Triangle(3, 5, 4, 0),
	gsSP1Triangle(4, 6, 1, 0),
	gsSP1Triangle(4, 7, 6, 0),
	gsSP1Triangle(8, 6, 7, 0),
	gsSP1Triangle(8, 7, 9, 0),
	gsSP1Triangle(7, 10, 9, 0),
	gsSP1Triangle(7, 11, 10, 0),
	gsSP1Triangle(7, 12, 11, 0),
	gsSP1Triangle(7, 13, 12, 0),
	gsSP1Triangle(14, 13, 7, 0),
	gsSP1Triangle(14, 7, 15, 0),
	gsSPVertex(jrb_dl_level_005_mesh_layer_1_vtx_2 + 414, 16, 0),
	gsSP1Triangle(0, 1, 2, 0),
	gsSP1Triangle(0, 3, 1, 0),
	gsSP1Triangle(4, 3, 0, 0),
	gsSP1Triangle(4, 5, 3, 0),
	gsSP1Triangle(5, 6, 3, 0),
	gsSP1Triangle(5, 7, 6, 0),
	gsSP1Triangle(3, 6, 8, 0),
	gsSP1Triangle(3, 8, 1, 0),
	gsSP1Triangle(9, 1, 8, 0),
	gsSP1Triangle(8, 10, 9, 0),
	gsSP1Triangle(8, 11, 10, 0),
	gsSP1Triangle(11, 12, 10, 0),
	gsSP1Triangle(13, 10, 12, 0),
	gsSP1Triangle(14, 13, 12, 0),
	gsSP1Triangle(14, 15, 13, 0),
	gsSPVertex(jrb_dl_level_005_mesh_layer_1_vtx_2 + 430, 16, 0),
	gsSP1Triangle(0, 1, 2, 0),
	gsSP1Triangle(3, 2, 1, 0),
	gsSP1Triangle(3, 1, 4, 0),
	gsSP1Triangle(3, 4, 5, 0),
	gsSP1Triangle(6, 7, 8, 0),
	gsSP1Triangle(6, 8, 9, 0),
	gsSP1Triangle(8, 10, 9, 0),
	gsSP1Triangle(8, 11, 10, 0),
	gsSP1Triangle(12, 11, 8, 0),
	gsSP1Triangle(12, 8, 13, 0),
	gsSP1Triangle(14, 12, 13, 0),
	gsSP1Triangle(14, 13, 15, 0),
	gsSPVertex(jrb_dl_level_005_mesh_layer_1_vtx_2 + 446, 16, 0),
	gsSP1Triangle(0, 1, 2, 0),
	gsSP1Triangle(3, 4, 1, 0),
	gsSP1Triangle(3, 5, 4, 0),
	gsSP1Triangle(3, 6, 5, 0),
	gsSP1Triangle(3, 7, 6, 0),
	gsSP1Triangle(8, 7, 3, 0),
	gsSP1Triangle(9, 6, 7, 0),
	gsSP1Triangle(9, 10, 6, 0),
	gsSP1Triangle(9, 11, 10, 0),
	gsSP1Triangle(9, 12, 11, 0),
	gsSP1Triangle(13, 12, 9, 0),
	gsSP1Triangle(13, 14, 12, 0),
	gsSP1Triangle(14, 15, 12, 0),
	gsSPVertex(jrb_dl_level_005_mesh_layer_1_vtx_2 + 462, 16, 0),
	gsSP1Triangle(0, 1, 2, 0),
	gsSP1Triangle(1, 3, 2, 0),
	gsSP1Triangle(1, 4, 3, 0),
	gsSP1Triangle(4, 5, 3, 0),
	gsSP1Triangle(4, 6, 5, 0),
	gsSP1Triangle(6, 7, 5, 0),
	gsSP1Triangle(6, 8, 7, 0),
	gsSP1Triangle(8, 9, 7, 0),
	gsSP1Triangle(8, 10, 9, 0),
	gsSP1Triangle(10, 11, 9, 0),
	gsSP1Triangle(10, 12, 11, 0),
	gsSP1Triangle(12, 13, 11, 0),
	gsSP1Triangle(12, 14, 13, 0),
	gsSP1Triangle(14, 15, 13, 0),
	gsSPVertex(jrb_dl_level_005_mesh_layer_1_vtx_2 + 478, 16, 0),
	gsSP1Triangle(0, 1, 2, 0),
	gsSP1Triangle(1, 3, 2, 0),
	gsSP1Triangle(1, 4, 3, 0),
	gsSP1Triangle(4, 5, 3, 0),
	gsSP1Triangle(4, 6, 5, 0),
	gsSP1Triangle(6, 7, 5, 0),
	gsSP1Triangle(6, 8, 7, 0),
	gsSP1Triangle(8, 9, 7, 0),
	gsSP1Triangle(8, 10, 9, 0),
	gsSP1Triangle(10, 11, 9, 0),
	gsSP1Triangle(10, 12, 11, 0),
	gsSP1Triangle(12, 13, 11, 0),
	gsSP1Triangle(12, 14, 13, 0),
	gsSP1Triangle(14, 15, 13, 0),
	gsSPVertex(jrb_dl_level_005_mesh_layer_1_vtx_2 + 494, 16, 0),
	gsSP1Triangle(0, 1, 2, 0),
	gsSP1Triangle(1, 3, 2, 0),
	gsSP1Triangle(1, 4, 3, 0),
	gsSP1Triangle(4, 5, 3, 0),
	gsSP1Triangle(4, 6, 5, 0),
	gsSP1Triangle(6, 7, 5, 0),
	gsSP1Triangle(6, 8, 7, 0),
	gsSP1Triangle(8, 9, 7, 0),
	gsSP1Triangle(8, 10, 9, 0),
	gsSP1Triangle(9, 5, 7, 0),
	gsSP1Triangle(9, 11, 5, 0),
	gsSP1Triangle(11, 3, 5, 0),
	gsSP1Triangle(11, 2, 3, 0),
	gsSP1Triangle(12, 2, 11, 0),
	gsSP1Triangle(12, 13, 2, 0),
	gsSP1Triangle(14, 13, 12, 0),
	gsSP1Triangle(14, 12, 15, 0),
	gsSPVertex(jrb_dl_level_005_mesh_layer_1_vtx_2 + 510, 16, 0),
	gsSP1Triangle(0, 1, 2, 0),
	gsSP1Triangle(0, 2, 3, 0),
	gsSP1Triangle(4, 0, 3, 0),
	gsSP1Triangle(4, 5, 0, 0),
	gsSP1Triangle(5, 4, 6, 0),
	gsSP1Triangle(5, 6, 7, 0),
	gsSP1Triangle(8, 7, 6, 0),
	gsSP1Triangle(8, 6, 9, 0),
	gsSP1Triangle(10, 9, 6, 0),
	gsSP1Triangle(10, 6, 11, 0),
	gsSP1Triangle(10, 11, 12, 0),
	gsSP1Triangle(10, 12, 13, 0),
	gsSP1Triangle(14, 13, 12, 0),
	gsSP1Triangle(14, 12, 15, 0),
	gsSPVertex(jrb_dl_level_005_mesh_layer_1_vtx_2 + 526, 16, 0),
	gsSP1Triangle(0, 1, 2, 0),
	gsSP1Triangle(0, 3, 1, 0),
	gsSP1Triangle(4, 1, 3, 0),
	gsSP1Triangle(4, 5, 1, 0),
	gsSP1Triangle(4, 6, 5, 0),
	gsSP1Triangle(4, 7, 6, 0),
	gsSP1Triangle(8, 6, 7, 0),
	gsSP1Triangle(8, 9, 6, 0),
	gsSP1Triangle(9, 10, 6, 0),
	gsSP1Triangle(9, 11, 10, 0),
	gsSP1Triangle(10, 11, 12, 0),
	gsSP1Triangle(10, 12, 13, 0),
	gsSP1Triangle(10, 13, 14, 0),
	gsSP1Triangle(10, 14, 15, 0),
	gsSP1Triangle(6, 10, 15, 0),
	gsSPVertex(jrb_dl_level_005_mesh_layer_1_vtx_2 + 542, 16, 0),
	gsSP1Triangle(0, 1, 2, 0),
	gsSP1Triangle(3, 0, 2, 0),
	gsSP1Triangle(3, 4, 0, 0),
	gsSP1Triangle(3, 5, 4, 0),
	gsSP1Triangle(3, 6, 5, 0),
	gsSP1Triangle(7, 8, 9, 0),
	gsSP1Triangle(7, 10, 8, 0),
	gsSP1Triangle(7, 11, 10, 0),
	gsSP1Triangle(12, 10, 11, 0),
	gsSP1Triangle(12, 13, 10, 0),
	gsSP1Triangle(14, 13, 12, 0),
	gsSP1Triangle(8, 10, 15, 0),
	gsSPEndDisplayList(),
};

Vtx jrb_dl_level_005_mesh_layer_1_vtx_3[172] = {
	{{{-19298, -1708, 1628},0, {-5278, -4450},{0xFF, 0xFF, 0xFF, 0xFF}}},
	{{{-19921, -1844, 2665},0, {-5837, -3520},{0xFF, 0x51, 0x4B, 0xFF}}},
	{{{-18656, -1844, 2243},0, {-4703, -3899},{0xFF, 0x51, 0x4B, 0xFF}}},
	{{{-18463, -1829, 1802},0, {-4530, -4295},{0xFF, 0xFF, 0xFF, 0xFF}}},
	{{{-17653, -1800, 3157},0, {-3804, -3080},{0xFF, 0x51, 0x4B, 0xFF}}},
	{{{-17421, -1800, 2108},0, {-3596, -4020},{0xFF, 0xFF, 0xFF, 0xFF}}},
	{{{-16367, -1802, 2591},0, {-2651, -3587},{0xFF, 0xFF, 0xFF, 0xFF}}},
	{{{-16415, -1843, 2270},0, {-2693, -3874},{0xFF, 0xFF, 0xFF, 0xFF}}},
	{{{-15594, -1804, 2635},0, {-1958, -3548},{0xFF, 0xFF, 0xFF, 0xFF}}},
	{{{-15650, -1843, 2422},0, {-2008, -3739},{0xFF, 0xFF, 0xFF, 0xFF}}},
	{{{-15254, -1842, 2542},0, {-1654, -3631},{0xFF, 0xFF, 0xFF, 0xFF}}},
	{{{-15134, -1814, 2719},0, {-1545, -3473},{0xFF, 0xFF, 0xFF, 0xFF}}},
	{{{-14767, -1862, 2660},0, {-1217, -3526},{0xFF, 0xFF, 0xFF, 0xFF}}},
	{{{-14716, -1788, 1687},0, {-1171, -4397},{0xFF, 0xFF, 0xFF, 0xFF}}},
	{{{-14155, -1942, 1707},0, {-668, -4379},{0xFF, 0xFF, 0xFF, 0xFF}}},
	{{{-14151, -1849, 2710},0, {-664, -3480},{0xFF, 0xFF, 0xFF, 0xFF}}},
	{{{-14155, -1942, 1707},0, {-668, -4379},{0xFF, 0xFF, 0xFF, 0xFF}}},
	{{{-14151, -1849, 2710},0, {-664, -3480},{0xFF, 0xFF, 0xFF, 0xFF}}},
	{{{-13490, -1872, 2828},0, {-72, -3375},{0xFF, 0xFF, 0xFF, 0xFF}}},
	{{{-13606, -1959, 1720},0, {-176, -4368},{0xFF, 0xFF, 0xFF, 0xFF}}},
	{{{-12804, -1959, 1737},0, {543, -4353},{0xFF, 0xFF, 0xFF, 0xFF}}},
	{{{-12744, -1959, 2779},0, {597, -3419},{0xFF, 0xFF, 0xFF, 0xFF}}},
	{{{-12803, -1959, 3984},0, {544, -2338},{0xFF, 0xFF, 0xFF, 0xFF}}},
	{{{-11609, -1961, 2794},0, {1615, -3405},{0xFF, 0xFF, 0xFF, 0xFF}}},
	{{{-11630, -1959, 3718},0, {1596, -2577},{0xFF, 0xFF, 0xFF, 0xFF}}},
	{{{-10860, -1975, 3706},0, {2285, -2588},{0xFF, 0xFF, 0xFF, 0xFF}}},
	{{{-11245, -1967, 3712},0, {1940, -2582},{0xFF, 0xFF, 0xFF, 0xFF}}},
	{{{-10813, -1965, 2811},0, {2328, -3390},{0xFF, 0xFF, 0xFF, 0xFF}}},
	{{{-10119, -1609, 3525},0, {2950, -2750},{0xFF, 0xFF, 0xFF, 0xFF}}},
	{{{-9825, -1751, 2893},0, {3214, -3317},{0xFF, 0xFF, 0xFF, 0xFF}}},
	{{{-9547, -1834, 1903},0, {3463, -4204},{0xFF, 0xFF, 0xFF, 0xFF}}},
	{{{-10821, -1960, 1750},0, {2321, -4341},{0xFF, 0xFF, 0xFF, 0xFF}}},
	{{{-11609, -1961, 2794},0, {1615, -3405},{0xFF, 0xFF, 0xFF, 0xFF}}},
	{{{-10821, -1960, 1750},0, {2321, -4341},{0xFF, 0xFF, 0xFF, 0xFF}}},
	{{{-11611, -1959, 1737},0, {1612, -4353},{0xFF, 0xFF, 0xFF, 0xFF}}},
	{{{-12744, -1959, 2779},0, {597, -3419},{0xFF, 0xFF, 0xFF, 0xFF}}},
	{{{-12804, -1959, 1737},0, {543, -4353},{0xFF, 0xFF, 0xFF, 0xFF}}},
	{{{-13846, -1754, 5505},0, {-391, -975},{0xFF, 0xFF, 0xFF, 0xFF}}},
	{{{-14185, -1647, 5595},0, {-695, -894},{0xFF, 0xFF, 0xFF, 0xFF}}},
	{{{-14381, -1767, 6001},0, {-870, -530},{0xFF, 0xFF, 0xFF, 0xFF}}},
	{{{-14000, -1934, 6005},0, {-529, -527},{0xFF, 0xFF, 0xFF, 0xFF}}},
	{{{-14573, -1919, 6699},0, {-1043, 95},{0xFF, 0xFF, 0xFF, 0xFF}}},
	{{{-14170, -2088, 6705},0, {-681, 101},{0xFF, 0xFF, 0xFF, 0xFF}}},
	{{{-14428, -2806, 8178},0, {-913, 1421},{0x88, 0x8A, 0xFF, 0xFF}}},
	{{{-14854, -2547, 8178},0, {-1295, 1421},{0x88, 0x8A, 0xFF, 0xFF}}},
	{{{-14546, -3581, 9132},0, {-1019, 2276},{0x88, 0x8A, 0xFF, 0xFF}}},
	{{{-14991, -3495, 9675},0, {-1418, 2763},{0x88, 0x8A, 0xFF, 0xFF}}},
	{{{-15108, -3544, 11364},0, {-1522, 4277},{0x88, 0x8A, 0xFF, 0xFF}}},
	{{{-14546, -3581, 9132},0, {-1019, 2276},{0x88, 0x8A, 0xFF, 0xFF}}},
	{{{-15108, -3544, 11364},0, {-1522, 4277},{0x88, 0x8A, 0xFF, 0xFF}}},
	{{{-14565, -3601, 11364},0, {-1035, 4277},{0x88, 0x8A, 0xFF, 0xFF}}},
	{{{-14779, -3466, 13033},0, {-1228, 5773},{0x88, 0x8A, 0xFF, 0xFF}}},
	{{{-14467, -3587, 13151},0, {-947, 5879},{0x88, 0x8A, 0xFF, 0xFF}}},
	{{{-13291, -3600, 13325},0, {106, 6035},{0x88, 0x8A, 0xFF, 0xFF}}},
	{{{-13295, -3601, 11364},0, {103, 4277},{0x88, 0x8A, 0xFF, 0xFF}}},
	{{{-12029, -3601, 11364},0, {1238, 4277},{0x88, 0x8A, 0xFF, 0xFF}}},
	{{{-12030, -3600, 13613},0, {1237, 6293},{0x88, 0x8A, 0xFF, 0xFF}}},
	{{{-11291, -3601, 11364},0, {1900, 4277},{0x88, 0x8A, 0xFF, 0xFF}}},
	{{{-11293, -3600, 13613},0, {1897, 6293},{0x88, 0x8A, 0xFF, 0xFF}}},
	{{{-10188, -3551, 11377},0, {2888, 4289},{0x88, 0x8A, 0xFF, 0xFF}}},
	{{{-10355, -3544, 12975},0, {2738, 5722},{0x88, 0x8A, 0xFF, 0xFF}}},
	{{{-10297, -2777, 13129},0, {2790, 5859},{0x88, 0x8A, 0xFF, 0xFF}}},
	{{{-9678, -2593, 11632},0, {3345, 4517},{0x88, 0x8A, 0xFF, 0xFF}}},
	{{{-9122, -2031, 13504},0, {3844, 6196},{0xFF, 0xFF, 0xFF, 0xFF}}},
	{{{-9678, -2593, 11632},0, {3345, 4517},{0x88, 0x8A, 0xFF, 0xFF}}},
	{{{-9122, -2031, 13504},0, {3844, 6196},{0xFF, 0xFF, 0xFF, 0xFF}}},
	{{{-9039, -2004, 11914},0, {3918, 4771},{0xFF, 0xFF, 0xFF, 0xFF}}},
	{{{-9626, -2506, 9996},0, {3392, 3051},{0x88, 0x8A, 0xFF, 0xFF}}},
	{{{-8940, -1965, 10255},0, {4007, 3283},{0xFF, 0xFF, 0xFF, 0xFF}}},
	{{{-9704, -2107, 8117},0, {3322, 1367},{0xFF, 0xFF, 0xFF, 0xFF}}},
	{{{-9393, -1456, 8077},0, {3601, 1331},{0xFF, 0xFF, 0xFF, 0xFF}}},
	{{{-9688, -1592, 6156},0, {3337, -391},{0xFF, 0xFF, 0xFF, 0xFF}}},
	{{{-9854, -1900, 6406},0, {3187, -167},{0xFF, 0xFF, 0xFF, 0xFF}}},
	{{{-9919, -1874, 5942},0, {3130, -583},{0xFF, 0xFF, 0xFF, 0xFF}}},
	{{{-9851, -1667, 5670},0, {3190, -827},{0xFF, 0xFF, 0xFF, 0xFF}}},
	{{{-10115, -1716, 5533},0, {2954, -950},{0xFF, 0xFF, 0xFF, 0xFF}}},
	{{{-10158, -1927, 5975},0, {2915, -554},{0xFF, 0xFF, 0xFF, 0xFF}}},
	{{{-11075, -1974, 5988},0, {2093, -542},{0xFF, 0xFF, 0xFF, 0xFF}}},
	{{{-11080, -1959, 5314},0, {2089, -1146},{0xFF, 0xFF, 0xFF, 0xFF}}},
	{{{-11748, -1978, 5983},0, {1490, -546},{0xFF, 0xFF, 0xFF, 0xFF}}},
	{{{-11374, -1959, 5314},0, {1825, -1146},{0xFF, 0xFF, 0xFF, 0xFF}}},
	{{{-11748, -1978, 5983},0, {1490, -546},{0xFF, 0xFF, 0xFF, 0xFF}}},
	{{{-11080, -1959, 5314},0, {2089, -1146},{0xFF, 0xFF, 0xFF, 0xFF}}},
	{{{-11668, -1959, 5314},0, {1562, -1146},{0xFF, 0xFF, 0xFF, 0xFF}}},
	{{{-12864, -1978, 5983},0, {490, -546},{0xFF, 0xFF, 0xFF, 0xFF}}},
	{{{-12710, -1959, 5314},0, {628, -1146},{0xFF, 0xFF, 0xFF, 0xFF}}},
	{{{-14000, -1934, 6005},0, {-529, -527},{0xFF, 0xFF, 0xFF, 0xFF}}},
	{{{-13279, -1959, 5314},0, {118, -1146},{0xFF, 0xFF, 0xFF, 0xFF}}},
	{{{-12994, -1959, 5314},0, {373, -1146},{0xFF, 0xFF, 0xFF, 0xFF}}},
	{{{-13846, -1754, 5505},0, {-391, -975},{0xFF, 0xFF, 0xFF, 0xFF}}},
	{{{-14546, -3581, 9132},0, {-1019, 2276},{0x88, 0x8A, 0xFF, 0xFF}}},
	{{{-14565, -3601, 11364},0, {-1035, 4277},{0x88, 0x8A, 0xFF, 0xFF}}},
	{{{-13295, -3601, 11364},0, {103, 4277},{0x88, 0x8A, 0xFF, 0xFF}}},
	{{{-13293, -3583, 9041},0, {104, 2195},{0x88, 0x8A, 0xFF, 0xFF}}},
	{{{-12028, -3583, 9041},0, {1239, 2195},{0x88, 0x8A, 0xFF, 0xFF}}},
	{{{-12029, -3601, 11364},0, {1238, 4277},{0x88, 0x8A, 0xFF, 0xFF}}},
	{{{-12028, -3583, 9041},0, {1239, 2195},{0x88, 0x8A, 0xFF, 0xFF}}},
	{{{-12029, -3601, 11364},0, {1238, 4277},{0x88, 0x8A, 0xFF, 0xFF}}},
	{{{-11291, -3601, 11364},0, {1900, 4277},{0x88, 0x8A, 0xFF, 0xFF}}},
	{{{-11290, -3583, 9041},0, {1901, 2195},{0x88, 0x8A, 0xFF, 0xFF}}},
	{{{-10188, -3551, 11377},0, {2888, 4289},{0x88, 0x8A, 0xFF, 0xFF}}},
	{{{-10289, -3502, 9700},0, {2797, 2785},{0x88, 0x8A, 0xFF, 0xFF}}},
	{{{-9678, -2593, 11632},0, {3345, 4517},{0x88, 0x8A, 0xFF, 0xFF}}},
	{{{-9626, -2506, 9996},0, {3392, 3051},{0x88, 0x8A, 0xFF, 0xFF}}},
	{{{-10170, -2606, 8158},0, {2905, 1403},{0x88, 0x8A, 0xFF, 0xFF}}},
	{{{-9704, -2107, 8117},0, {3322, 1367},{0xFF, 0xFF, 0xFF, 0xFF}}},
	{{{-10174, -2050, 6610},0, {2900, 16},{0xFF, 0xFF, 0xFF, 0xFF}}},
	{{{-9854, -1900, 6406},0, {3187, -167},{0xFF, 0xFF, 0xFF, 0xFF}}},
	{{{-9919, -1874, 5942},0, {3130, -583},{0xFF, 0xFF, 0xFF, 0xFF}}},
	{{{-10158, -1927, 5975},0, {2915, -554},{0xFF, 0xFF, 0xFF, 0xFF}}},
	{{{-11138, -2112, 6706},0, {2037, 102},{0xFF, 0xFF, 0xFF, 0xFF}}},
	{{{-11075, -1974, 5988},0, {2093, -542},{0xFF, 0xFF, 0xFF, 0xFF}}},
	{{{-11075, -1974, 5988},0, {2093, -542},{0xFF, 0xFF, 0xFF, 0xFF}}},
	{{{-11836, -2112, 6706},0, {1411, 102},{0xFF, 0xFF, 0xFF, 0xFF}}},
	{{{-11138, -2112, 6706},0, {2037, 102},{0xFF, 0xFF, 0xFF, 0xFF}}},
	{{{-11748, -1978, 5983},0, {1490, -546},{0xFF, 0xFF, 0xFF, 0xFF}}},
	{{{-12996, -2112, 6706},0, {371, 102},{0xFF, 0xFF, 0xFF, 0xFF}}},
	{{{-12864, -1978, 5983},0, {490, -546},{0xFF, 0xFF, 0xFF, 0xFF}}},
	{{{-14170, -2088, 6705},0, {-681, 101},{0xFF, 0xFF, 0xFF, 0xFF}}},
	{{{-14000, -1934, 6005},0, {-529, -527},{0xFF, 0xFF, 0xFF, 0xFF}}},
	{{{-13201, -2843, 8178},0, {187, 1421},{0x88, 0x8A, 0xFF, 0xFF}}},
	{{{-14428, -2806, 8178},0, {-913, 1421},{0x88, 0x8A, 0xFF, 0xFF}}},
	{{{-13293, -3583, 9041},0, {104, 2195},{0x88, 0x8A, 0xFF, 0xFF}}},
	{{{-14546, -3581, 9132},0, {-1019, 2276},{0x88, 0x8A, 0xFF, 0xFF}}},
	{{{-11968, -2843, 8178},0, {1292, 1421},{0x88, 0x8A, 0xFF, 0xFF}}},
	{{{-12028, -3583, 9041},0, {1239, 2195},{0x88, 0x8A, 0xFF, 0xFF}}},
	{{{-11290, -3583, 9041},0, {1901, 2195},{0x88, 0x8A, 0xFF, 0xFF}}},
	{{{-11242, -2843, 8178},0, {1943, 1421},{0x88, 0x8A, 0xFF, 0xFF}}},
	{{{-11242, -2843, 8178},0, {1943, 1421},{0x88, 0x8A, 0xFF, 0xFF}}},
	{{{-11290, -3583, 9041},0, {1901, 2195},{0x88, 0x8A, 0xFF, 0xFF}}},
	{{{-10289, -3502, 9700},0, {2797, 2785},{0x88, 0x8A, 0xFF, 0xFF}}},
	{{{-10170, -2606, 8158},0, {2905, 1403},{0x88, 0x8A, 0xFF, 0xFF}}},
	{{{-11138, -2112, 6706},0, {2037, 102},{0xFF, 0xFF, 0xFF, 0xFF}}},
	{{{-10174, -2050, 6610},0, {2900, 16},{0xFF, 0xFF, 0xFF, 0xFF}}},
	{{{-11836, -2112, 6706},0, {1411, 102},{0xFF, 0xFF, 0xFF, 0xFF}}},
	{{{-11968, -2843, 8178},0, {1292, 1421},{0x88, 0x8A, 0xFF, 0xFF}}},
	{{{-13201, -2843, 8178},0, {187, 1421},{0x88, 0x8A, 0xFF, 0xFF}}},
	{{{-12996, -2112, 6706},0, {371, 102},{0xFF, 0xFF, 0xFF, 0xFF}}},
	{{{-14716, -1788, 1687},0, {-1171, -4397},{0xFF, 0xFF, 0xFF, 0xFF}}},
	{{{-15124, -1798, 1773},0, {-1537, -4320},{0xFF, 0xFF, 0xFF, 0xFF}}},
	{{{-15254, -1842, 2542},0, {-1654, -3631},{0xFF, 0xFF, 0xFF, 0xFF}}},
	{{{-15631, -1789, 1609},0, {-1991, -4467},{0xFF, 0xFF, 0xFF, 0xFF}}},
	{{{-15650, -1843, 2422},0, {-2008, -3739},{0xFF, 0xFF, 0xFF, 0xFF}}},
	{{{-16399, -1777, 1356},0, {-2679, -4694},{0xFF, 0xFF, 0xFF, 0xFF}}},
	{{{-16399, -1777, 1356},0, {-2679, -4694},{0xFF, 0xFF, 0xFF, 0xFF}}},
	{{{-16415, -1843, 2270},0, {-2693, -3874},{0xFF, 0xFF, 0xFF, 0xFF}}},
	{{{-15650, -1843, 2422},0, {-2008, -3739},{0xFF, 0xFF, 0xFF, 0xFF}}},
	{{{-17286, -1767, 1128},0, {-3475, -4899},{0xFF, 0xFF, 0xFF, 0xFF}}},
	{{{-17421, -1800, 2108},0, {-3596, -4020},{0xFF, 0xFF, 0xFF, 0xFF}}},
	{{{-18083, -1645, 1015},0, {-4189, -5000},{0xFF, 0xFF, 0xFF, 0xFF}}},
	{{{-18463, -1829, 1802},0, {-4530, -4295},{0xFF, 0xFF, 0xFF, 0xFF}}},
	{{{-18571, -1564, 1007},0, {-4626, -5007},{0xFF, 0xFF, 0xFF, 0xFF}}},
	{{{-19298, -1708, 1628},0, {-5278, -4450},{0xFF, 0xFF, 0xFF, 0xFF}}},
	{{{-8445, -1889, 2933},0, {4451, -3280},{0xFF, 0xFF, 0xFF, 0xFF}}},
	{{{-7621, -1963, 1905},0, {5189, -4202},{0xFF, 0xFF, 0xFF, 0xFF}}},
	{{{-8450, -1907, 2057},0, {4446, -4066},{0xFF, 0xFF, 0xFF, 0xFF}}},
	{{{-7666, -1966, 2873},0, {5149, -3334},{0xFF, 0xFF, 0xFF, 0xFF}}},
	{{{-8352, -1903, 3718},0, {4534, -2577},{0xFF, 0xFF, 0xFF, 0xFF}}},
	{{{-7675, -1965, 3838},0, {5141, -2469},{0xFF, 0xFF, 0xFF, 0xFF}}},
	{{{-8170, -1934, 4862},0, {4697, -1551},{0xFF, 0xFF, 0xFF, 0xFF}}},
	{{{-7675, -1965, 3838},0, {5141, -2469},{0xFF, 0xFF, 0xFF, 0xFF}}},
	{{{-8170, -1934, 4862},0, {4697, -1551},{0xFF, 0xFF, 0xFF, 0xFF}}},
	{{{-7405, -1965, 5013},0, {5383, -1416},{0xFF, 0xFF, 0xFF, 0xFF}}},
	{{{-7959, -1919, 5970},0, {4886, -558},{0xFF, 0xFF, 0xFF, 0xFF}}},
	{{{-7097, -1932, 6287},0, {5659, -273},{0xFF, 0xFF, 0xFF, 0xFF}}},
	{{{-6624, -1866, 5189},0, {6083, -1258},{0xFF, 0xFF, 0xFF, 0xFF}}},
	{{{-6267, -1855, 6491},0, {6403, -91},{0xFF, 0xFF, 0xFF, 0xFF}}},
	{{{-6915, -1866, 4018},0, {5822, -2308},{0xFF, 0xFF, 0xFF, 0xFF}}},
	{{{-7666, -1966, 2873},0, {5149, -3334},{0xFF, 0xFF, 0xFF, 0xFF}}},
	{{{-6784, -1869, 2803},0, {5940, -3397},{0xFF, 0xFF, 0xFF, 0xFF}}},
	{{{-7621, -1963, 1905},0, {5189, -4202},{0xFF, 0xFF, 0xFF, 0xFF}}},
	{{{-6881, -1856, 1857},0, {5853, -4245},{0xFF, 0xFF, 0xFF, 0xFF}}},
};

Gfx jrb_dl_level_005_mesh_layer_1_tri_3[] = {
	gsSPVertex(jrb_dl_level_005_mesh_layer_1_vtx_3 + 0, 16, 0),
	gsSP1Triangle(0, 1, 2, 0),
	gsSP1Triangle(0, 2, 3, 0),
	gsSP1Triangle(3, 2, 4, 0),
	gsSP1Triangle(3, 4, 5, 0),
	gsSP1Triangle(5, 4, 6, 0),
	gsSP1Triangle(5, 6, 7, 0),
	gsSP1Triangle(7, 6, 8, 0),
	gsSP1Triangle(7, 8, 9, 0),
	gsSP1Triangle(8, 10, 9, 0),
	gsSP1Triangle(8, 11, 10, 0),
	gsSP1Triangle(10, 11, 12, 0),
	gsSP1Triangle(10, 12, 13, 0),
	gsSP1Triangle(12, 14, 13, 0),
	gsSP1Triangle(12, 15, 14, 0),
	gsSPVertex(jrb_dl_level_005_mesh_layer_1_vtx_3 + 16, 16, 0),
	gsSP1Triangle(0, 1, 2, 0),
	gsSP1Triangle(0, 2, 3, 0),
	gsSP1Triangle(2, 4, 3, 0),
	gsSP1Triangle(2, 5, 4, 0),
	gsSP1Triangle(6, 5, 2, 0),
	gsSP1Triangle(7, 5, 6, 0),
	gsSP1Triangle(7, 6, 8, 0),
	gsSP1Triangle(9, 7, 8, 0),
	gsSP1Triangle(8, 10, 9, 0),
	gsSP1Triangle(9, 11, 7, 0),
	gsSP1Triangle(12, 11, 9, 0),
	gsSP1Triangle(12, 13, 11, 0),
	gsSP1Triangle(11, 13, 14, 0),
	gsSP1Triangle(11, 14, 15, 0),
	gsSP1Triangle(7, 11, 15, 0),
	gsSPVertex(jrb_dl_level_005_mesh_layer_1_vtx_3 + 32, 16, 0),
	gsSP1Triangle(0, 1, 2, 0),
	gsSP1Triangle(3, 0, 2, 0),
	gsSP1Triangle(3, 2, 4, 0),
	gsSP1Triangle(5, 6, 7, 0),
	gsSP1Triangle(5, 7, 8, 0),
	gsSP1Triangle(8, 7, 9, 0),
	gsSP1Triangle(8, 9, 10, 0),
	gsSP1Triangle(9, 11, 10, 0),
	gsSP1Triangle(9, 12, 11, 0),
	gsSP1Triangle(12, 13, 11, 0),
	gsSP1Triangle(12, 14, 13, 0),
	gsSP1Triangle(13, 14, 15, 0),
	gsSPVertex(jrb_dl_level_005_mesh_layer_1_vtx_3 + 48, 16, 0),
	gsSP1Triangle(0, 1, 2, 0),
	gsSP1Triangle(2, 1, 3, 0),
	gsSP1Triangle(2, 3, 4, 0),
	gsSP1Triangle(2, 4, 5, 0),
	gsSP1Triangle(2, 5, 6, 0),
	gsSP1Triangle(7, 6, 5, 0),
	gsSP1Triangle(7, 5, 8, 0),
	gsSP1Triangle(9, 7, 8, 0),
	gsSP1Triangle(9, 8, 10, 0),
	gsSP1Triangle(11, 9, 10, 0),
	gsSP1Triangle(11, 10, 12, 0),
	gsSP1Triangle(11, 12, 13, 0),
	gsSP1Triangle(11, 13, 14, 0),
	gsSP1Triangle(14, 13, 15, 0),
	gsSPVertex(jrb_dl_level_005_mesh_layer_1_vtx_3 + 64, 16, 0),
	gsSP1Triangle(0, 1, 2, 0),
	gsSP1Triangle(3, 0, 2, 0),
	gsSP1Triangle(3, 2, 4, 0),
	gsSP1Triangle(4, 5, 3, 0),
	gsSP1Triangle(4, 6, 5, 0),
	gsSP1Triangle(7, 5, 6, 0),
	gsSP1Triangle(7, 8, 5, 0),
	gsSP1Triangle(7, 9, 8, 0),
	gsSP1Triangle(7, 10, 9, 0),
	gsSP1Triangle(11, 9, 10, 0),
	gsSP1Triangle(11, 12, 9, 0),
	gsSP1Triangle(11, 13, 12, 0),
	gsSP1Triangle(11, 14, 13, 0),
	gsSP1Triangle(15, 13, 14, 0),
	gsSPVertex(jrb_dl_level_005_mesh_layer_1_vtx_3 + 80, 16, 0),
	gsSP1Triangle(0, 1, 2, 0),
	gsSP1Triangle(0, 3, 1, 0),
	gsSP1Triangle(3, 4, 1, 0),
	gsSP1Triangle(3, 5, 4, 0),
	gsSP1Triangle(6, 4, 5, 0),
	gsSP1Triangle(7, 6, 5, 0),
	gsSP1Triangle(5, 8, 7, 0),
	gsSP1Triangle(7, 9, 6, 0),
	gsSP1Triangle(10, 11, 12, 0),
	gsSP1Triangle(10, 12, 13, 0),
	gsSP1Triangle(14, 13, 12, 0),
	gsSP1Triangle(14, 12, 15, 0),
	gsSPVertex(jrb_dl_level_005_mesh_layer_1_vtx_3 + 96, 16, 0),
	gsSP1Triangle(0, 1, 2, 0),
	gsSP1Triangle(0, 2, 3, 0),
	gsSP1Triangle(3, 2, 4, 0),
	gsSP1Triangle(3, 4, 5, 0),
	gsSP1Triangle(5, 4, 6, 0),
	gsSP1Triangle(5, 6, 7, 0),
	gsSP1Triangle(7, 8, 5, 0),
	gsSP1Triangle(7, 9, 8, 0),
	gsSP1Triangle(9, 10, 8, 0),
	gsSP1Triangle(9, 11, 10, 0),
	gsSP1Triangle(10, 11, 12, 0),
	gsSP1Triangle(10, 12, 13, 0),
	gsSP1Triangle(13, 14, 10, 0),
	gsSP1Triangle(13, 15, 14, 0),
	gsSPVertex(jrb_dl_level_005_mesh_layer_1_vtx_3 + 112, 16, 0),
	gsSP1Triangle(0, 1, 2, 0),
	gsSP1Triangle(0, 3, 1, 0),
	gsSP1Triangle(3, 4, 1, 0),
	gsSP1Triangle(3, 5, 4, 0),
	gsSP1Triangle(5, 6, 4, 0),
	gsSP1Triangle(5, 7, 6, 0),
	gsSP1Triangle(6, 8, 4, 0),
	gsSP1Triangle(6, 9, 8, 0),
	gsSP1Triangle(9, 10, 8, 0),
	gsSP1Triangle(9, 11, 10, 0),
	gsSP1Triangle(10, 12, 8, 0),
	gsSP1Triangle(10, 13, 12, 0),
	gsSP1Triangle(12, 13, 14, 0),
	gsSP1Triangle(12, 14, 15, 0),
	gsSPVertex(jrb_dl_level_005_mesh_layer_1_vtx_3 + 128, 16, 0),
	gsSP1Triangle(0, 1, 2, 0),
	gsSP1Triangle(0, 2, 3, 0),
	gsSP1Triangle(4, 0, 3, 0),
	gsSP1Triangle(4, 3, 5, 0),
	gsSP1Triangle(6, 0, 4, 0),
	gsSP1Triangle(6, 7, 0, 0),
	gsSP1Triangle(8, 7, 6, 0),
	gsSP1Triangle(8, 6, 9, 0),
	gsSP1Triangle(10, 11, 12, 0),
	gsSP1Triangle(13, 12, 11, 0),
	gsSP1Triangle(13, 14, 12, 0),
	gsSP1Triangle(15, 14, 13, 0),
	gsSPVertex(jrb_dl_level_005_mesh_layer_1_vtx_3 + 144, 16, 0),
	gsSP1Triangle(0, 1, 2, 0),
	gsSP1Triangle(1, 0, 3, 0),
	gsSP1Triangle(1, 3, 4, 0),
	gsSP1Triangle(5, 4, 3, 0),
	gsSP1Triangle(5, 6, 4, 0),
	gsSP1Triangle(6, 5, 7, 0),
	gsSP1Triangle(6, 7, 8, 0),
	gsSP1Triangle(9, 10, 11, 0),
	gsSP1Triangle(9, 12, 10, 0),
	gsSP1Triangle(13, 12, 9, 0),
	gsSP1Triangle(13, 14, 12, 0),
	gsSP1Triangle(14, 13, 15, 0),
	gsSPVertex(jrb_dl_level_005_mesh_layer_1_vtx_3 + 160, 12, 0),
	gsSP1Triangle(0, 1, 2, 0),
	gsSP1Triangle(2, 1, 3, 0),
	gsSP1Triangle(2, 3, 4, 0),
	gsSP1Triangle(5, 2, 4, 0),
	gsSP1Triangle(5, 4, 6, 0),
	gsSP1Triangle(7, 2, 5, 0),
	gsSP1Triangle(7, 0, 2, 0),
	gsSP1Triangle(8, 0, 7, 0),
	gsSP1Triangle(8, 7, 9, 0),
	gsSP1Triangle(10, 8, 9, 0),
	gsSP1Triangle(10, 9, 11, 0),
	gsSPEndDisplayList(),
};

Vtx jrb_dl_level_005_mesh_layer_1_vtx_4[318] = {
	{{{-3638, 6235, 1025},0, {401, -1178},{0xFF, 0x51, 0x4B, 0xFF}}},
	{{{-3472, 6234, 1004},0, {320, -1219},{0xFF, 0x51, 0x4B, 0xFF}}},
	{{{-3471, 6172, 998},0, {307, -1196},{0xFF, 0x51, 0x4B, 0xFF}}},
	{{{-3613, 6173, 1022},0, {377, -1161},{0xFF, 0x51, 0x4B, 0xFF}}},
	{{{-3470, 6110, 993},0, {294, -1174},{0xFF, 0x51, 0x4B, 0xFF}}},
	{{{-3589, 6111, 1019},0, {353, -1143},{0xFF, 0x51, 0x4B, 0xFF}}},
	{{{-3756, 6174, 1046},0, {448, -1125},{0xFF, 0x51, 0x4B, 0xFF}}},
	{{{-3708, 6112, 1046},0, {413, -1113},{0xFF, 0x51, 0x4B, 0xFF}}},
	{{{-3873, 5973, 1008},0, {468, -1018},{0xFF, 0x51, 0x4B, 0xFF}}},
	{{{-3825, 5942, 1008},0, {438, -1018},{0xFF, 0x51, 0x4B, 0xFF}}},
	{{{-3990, 5771, 970},0, {487, -912},{0xFF, 0x51, 0x4B, 0xFF}}},
	{{{-3942, 5771, 970},0, {464, -923},{0xFF, 0x51, 0x4B, 0xFF}}},
	{{{-4355, 4506, 1207},0, {428, -332},{0xFF, 0x51, 0x4B, 0xFF}}},
	{{{-4308, 4506, 1207},0, {404, -344},{0xFF, 0x51, 0x4B, 0xFF}}},
	{{{-4721, 3241, 1443},0, {368, 247},{0xFF, 0x51, 0x4B, 0xFF}}},
	{{{-4673, 3241, 1443},0, {344, 236},{0xFF, 0x51, 0x4B, 0xFF}}},
	{{{-5076, 2223, 956},0, {329, 770},{0xFF, 0x51, 0x4B, 0xFF}}},
	{{{-4721, 3241, 1443},0, {368, 247},{0xFF, 0x51, 0x4B, 0xFF}}},
	{{{-4673, 3241, 1443},0, {344, 236},{0xFF, 0x51, 0x4B, 0xFF}}},
	{{{-5028, 2223, 956},0, {306, 759},{0xFF, 0x51, 0x4B, 0xFF}}},
	{{{-5431, 1204, 469},0, {291, 1293},{0xFF, 0x51, 0x4B, 0xFF}}},
	{{{-5383, 1204, 469},0, {267, 1281},{0xFF, 0x51, 0x4B, 0xFF}}},
	{{{-6597, -830, 334},0, {487, 2351},{0xFF, 0x51, 0x4B, 0xFF}}},
	{{{-6549, -830, 334},0, {464, 2340},{0xFF, 0x51, 0x4B, 0xFF}}},
	{{{-6703, -1405, 318},0, {433, 2596},{0xFF, 0x51, 0x4B, 0xFF}}},
	{{{-6656, -1405, 318},0, {409, 2585},{0xFF, 0x51, 0x4B, 0xFF}}},
	{{{-6810, -1980, 302},0, {378, 2841},{0xFF, 0x51, 0x4B, 0xFF}}},
	{{{-6762, -1980, 302},0, {354, 2829},{0xFF, 0x51, 0x4B, 0xFF}}},
	{{{-7063, -2385, 142},0, {421, 3070},{0xFF, 0x7D, 0x78, 0xFF}}},
	{{{-7016, -2385, 142},0, {398, 3059},{0xFF, 0x7D, 0x78, 0xFF}}},
	{{{-7317, -2791, -18},0, {464, 3299},{0xFF, 0x51, 0x4B, 0xFF}}},
	{{{-7260, -2773, -11},0, {441, 3288},{0xFF, 0x51, 0x4B, 0xFF}}},
	{{{-7352, -2774, -12},0, {488, 3311},{0xFF, 0x51, 0x4B, 0xFF}}},
	{{{-7063, -2385, 142},0, {421, 3070},{0xFF, 0x7D, 0x78, 0xFF}}},
	{{{-7317, -2791, -18},0, {464, 3299},{0xFF, 0x51, 0x4B, 0xFF}}},
	{{{-7111, -2385, 142},0, {445, 3082},{0xFF, 0x7D, 0x78, 0xFF}}},
	{{{-6810, -1980, 302},0, {378, 2841},{0xFF, 0x51, 0x4B, 0xFF}}},
	{{{-6857, -1980, 302},0, {402, 2852},{0xFF, 0x51, 0x4B, 0xFF}}},
	{{{-6703, -1405, 318},0, {433, 2596},{0xFF, 0x51, 0x4B, 0xFF}}},
	{{{-6751, -1405, 318},0, {456, 2608},{0xFF, 0x51, 0x4B, 0xFF}}},
	{{{-6597, -830, 334},0, {487, 2351},{0xFF, 0x51, 0x4B, 0xFF}}},
	{{{-6645, -830, 334},0, {511, 2363},{0xFF, 0x51, 0x4B, 0xFF}}},
	{{{-5478, 1204, 469},0, {314, 1304},{0xFF, 0x51, 0x4B, 0xFF}}},
	{{{-5431, 1204, 469},0, {291, 1293},{0xFF, 0x51, 0x4B, 0xFF}}},
	{{{-5076, 2223, 956},0, {329, 770},{0xFF, 0x51, 0x4B, 0xFF}}},
	{{{-5124, 2223, 956},0, {353, 782},{0xFF, 0x51, 0x4B, 0xFF}}},
	{{{-4721, 3241, 1443},0, {368, 247},{0xFF, 0x51, 0x4B, 0xFF}}},
	{{{-4769, 3241, 1443},0, {391, 259},{0xFF, 0x51, 0x4B, 0xFF}}},
	{{{-4769, 3241, 1443},0, {391, 259},{0xFF, 0x51, 0x4B, 0xFF}}},
	{{{-4355, 4506, 1207},0, {428, -332},{0xFF, 0x51, 0x4B, 0xFF}}},
	{{{-4721, 3241, 1443},0, {368, 247},{0xFF, 0x51, 0x4B, 0xFF}}},
	{{{-4403, 4506, 1207},0, {451, -321},{0xFF, 0x51, 0x4B, 0xFF}}},
	{{{-3990, 5771, 970},0, {487, -912},{0xFF, 0x51, 0x4B, 0xFF}}},
	{{{-4037, 5771, 970},0, {511, -900},{0xFF, 0x51, 0x4B, 0xFF}}},
	{{{-3873, 5973, 1008},0, {468, -1018},{0xFF, 0x51, 0x4B, 0xFF}}},
	{{{-3920, 6003, 1008},0, {497, -1018},{0xFF, 0x51, 0x4B, 0xFF}}},
	{{{-3756, 6174, 1046},0, {448, -1125},{0xFF, 0x51, 0x4B, 0xFF}}},
	{{{-3803, 6236, 1046},0, {483, -1137},{0xFF, 0x51, 0x4B, 0xFF}}},
	{{{-3613, 6173, 1022},0, {377, -1161},{0xFF, 0x51, 0x4B, 0xFF}}},
	{{{-3638, 6235, 1025},0, {401, -1178},{0xFF, 0x51, 0x4B, 0xFF}}},
	{{{-3333, 6172, 643},0, {81, 3289},{0xFF, 0x51, 0x4B, 0xFF}}},
	{{{-3459, 6111, 563},0, {131, 3223},{0xFF, 0x51, 0x4B, 0xFF}}},
	{{{-3335, 6110, 645},0, {66, 3267},{0xFF, 0x51, 0x4B, 0xFF}}},
	{{{-3482, 6173, 562},0, {156, 3239},{0xFF, 0x51, 0x4B, 0xFF}}},
	{{{-3331, 6234, 640},0, {96, 3311},{0xFF, 0x51, 0x4B, 0xFF}}},
	{{{-3482, 6173, 562},0, {156, 3239},{0xFF, 0x51, 0x4B, 0xFF}}},
	{{{-3333, 6172, 643},0, {81, 3289},{0xFF, 0x51, 0x4B, 0xFF}}},
	{{{-3505, 6235, 560},0, {181, 3255},{0xFF, 0x51, 0x4B, 0xFF}}},
	{{{-3631, 6174, 480},0, {231, 3188},{0xFF, 0x51, 0x4B, 0xFF}}},
	{{{-3678, 6236, 480},0, {267, 3198},{0xFF, 0x51, 0x4B, 0xFF}}},
	{{{-3694, 5973, 398},0, {220, 3089},{0xFF, 0x51, 0x4B, 0xFF}}},
	{{{-3741, 6003, 398},0, {250, 3088},{0xFF, 0x51, 0x4B, 0xFF}}},
	{{{-3756, 5771, 316},0, {209, 2990},{0xFF, 0x51, 0x4B, 0xFF}}},
	{{{-3804, 5771, 316},0, {232, 2979},{0xFF, 0x51, 0x4B, 0xFF}}},
	{{{-4156, 4506, 328},0, {170, 2412},{0xFF, 0x51, 0x4B, 0xFF}}},
	{{{-4204, 4506, 328},0, {193, 2401},{0xFF, 0x51, 0x4B, 0xFF}}},
	{{{-4556, 3241, 341},0, {131, 1834},{0xFF, 0x51, 0x4B, 0xFF}}},
	{{{-4604, 3241, 341},0, {155, 1822},{0xFF, 0x51, 0x4B, 0xFF}}},
	{{{-4684, 2223, -263},0, {-32, 1342},{0xFF, 0x51, 0x4B, 0xFF}}},
	{{{-4732, 2223, -263},0, {-8, 1331},{0xFF, 0x51, 0x4B, 0xFF}}},
	{{{-4732, 2223, -263},0, {-8, 1331},{0xFF, 0x51, 0x4B, 0xFF}}},
	{{{-4813, 1204, -867},0, {-195, 851},{0xFF, 0x51, 0x4B, 0xFF}}},
	{{{-4684, 2223, -263},0, {-32, 1342},{0xFF, 0x51, 0x4B, 0xFF}}},
	{{{-4860, 1204, -867},0, {-171, 839},{0xFF, 0x51, 0x4B, 0xFF}}},
	{{{-5479, 189, -1003},0, {-57, 299},{0xFF, 0x51, 0x4B, 0xFF}}},
	{{{-5527, 189, -1003},0, {-34, 287},{0xFF, 0x51, 0x4B, 0xFF}}},
	{{{-6145, -827, -1138},0, {80, -253},{0xFF, 0x51, 0x4B, 0xFF}}},
	{{{-6193, -827, -1138},0, {104, -265},{0xFF, 0x51, 0x4B, 0xFF}}},
	{{{-6192, -1401, -1253},0, {-7, -488},{0xFF, 0x51, 0x4B, 0xFF}}},
	{{{-6239, -1401, -1253},0, {17, -500},{0xFF, 0x51, 0x4B, 0xFF}}},
	{{{-6238, -1976, -1368},0, {-94, -723},{0xFF, 0x51, 0x4B, 0xFF}}},
	{{{-6286, -1976, -1368},0, {-70, -735},{0xFF, 0x51, 0x4B, 0xFF}}},
	{{{-6737, -2383, -1281},0, {75, -1003},{0xFF, 0x7D, 0x78, 0xFF}}},
	{{{-6785, -2383, -1281},0, {98, -1015},{0xFF, 0x7D, 0x78, 0xFF}}},
	{{{-7236, -2790, -1194},0, {243, -1283},{0xFF, 0x51, 0x4B, 0xFF}}},
	{{{-7259, -2772, -1198},0, {267, -1295},{0xFF, 0x51, 0x4B, 0xFF}}},
	{{{-6737, -2383, -1281},0, {75, -1003},{0xFF, 0x7D, 0x78, 0xFF}}},
	{{{-7236, -2790, -1194},0, {243, -1283},{0xFF, 0x51, 0x4B, 0xFF}}},
	{{{-7168, -2772, -1198},0, {220, -1272},{0xFF, 0x51, 0x4B, 0xFF}}},
	{{{-6689, -2383, -1281},0, {51, -992},{0xFF, 0x7D, 0x78, 0xFF}}},
	{{{-6238, -1976, -1368},0, {-94, -723},{0xFF, 0x51, 0x4B, 0xFF}}},
	{{{-6190, -1976, -1368},0, {-117, -711},{0xFF, 0x51, 0x4B, 0xFF}}},
	{{{-6192, -1401, -1253},0, {-7, -488},{0xFF, 0x51, 0x4B, 0xFF}}},
	{{{-6144, -1401, -1253},0, {-30, -477},{0xFF, 0x51, 0x4B, 0xFF}}},
	{{{-6145, -827, -1138},0, {80, -253},{0xFF, 0x51, 0x4B, 0xFF}}},
	{{{-6098, -827, -1138},0, {57, -242},{0xFF, 0x51, 0x4B, 0xFF}}},
	{{{-5479, 189, -1003},0, {-57, 299},{0xFF, 0x51, 0x4B, 0xFF}}},
	{{{-5431, 189, -1003},0, {-81, 310},{0xFF, 0x51, 0x4B, 0xFF}}},
	{{{-4813, 1204, -867},0, {-195, 851},{0xFF, 0x51, 0x4B, 0xFF}}},
	{{{-4765, 1204, -867},0, {-218, 862},{0xFF, 0x51, 0x4B, 0xFF}}},
	{{{-4684, 2223, -263},0, {-32, 1342},{0xFF, 0x51, 0x4B, 0xFF}}},
	{{{-4637, 2223, -263},0, {-56, 1354},{0xFF, 0x51, 0x4B, 0xFF}}},
	{{{-4556, 3241, 341},0, {131, 1834},{0xFF, 0x51, 0x4B, 0xFF}}},
	{{{-4684, 2223, -263},0, {-32, 1342},{0xFF, 0x51, 0x4B, 0xFF}}},
	{{{-4637, 2223, -263},0, {-56, 1354},{0xFF, 0x51, 0x4B, 0xFF}}},
	{{{-4508, 3241, 341},0, {107, 1846},{0xFF, 0x51, 0x4B, 0xFF}}},
	{{{-4156, 4506, 328},0, {170, 2412},{0xFF, 0x51, 0x4B, 0xFF}}},
	{{{-4108, 4506, 328},0, {146, 2424},{0xFF, 0x51, 0x4B, 0xFF}}},
	{{{-3756, 5771, 316},0, {209, 2990},{0xFF, 0x51, 0x4B, 0xFF}}},
	{{{-3709, 5771, 316},0, {185, 3002},{0xFF, 0x51, 0x4B, 0xFF}}},
	{{{-3694, 5973, 398},0, {220, 3089},{0xFF, 0x51, 0x4B, 0xFF}}},
	{{{-3646, 5942, 398},0, {190, 3090},{0xFF, 0x51, 0x4B, 0xFF}}},
	{{{-3631, 6174, 480},0, {231, 3188},{0xFF, 0x51, 0x4B, 0xFF}}},
	{{{-3583, 6112, 480},0, {195, 3179},{0xFF, 0x51, 0x4B, 0xFF}}},
	{{{-3482, 6173, 562},0, {156, 3239},{0xFF, 0x51, 0x4B, 0xFF}}},
	{{{-3459, 6111, 563},0, {131, 3223},{0xFF, 0x51, 0x4B, 0xFF}}},
	{{{-5977, -1959, -3470},0, {-4234, -4848},{0xFF, 0x51, 0x4B, 0xFF}}},
	{{{-5224, -1959, -3470},0, {-5201, -5223},{0xFF, 0x51, 0x4B, 0xFF}}},
	{{{-5378, -2125, -3594},0, {-5084, -4942},{0xFF, 0x51, 0x4B, 0xFF}}},
	{{{-4651, -2125, -3655},0, {-5995, -5218},{0xFF, 0x51, 0x4B, 0xFF}}},
	{{{-4517, -1959, -3539},0, {-6119, -5473},{0xFF, 0x51, 0x4B, 0xFF}}},
	{{{-4603, -2125, -4587},0, {-6551, -4368},{0xFF, 0x51, 0x4B, 0xFF}}},
	{{{-4471, -1959, -4586},0, {-6771, -4486},{0xFF, 0x51, 0x4B, 0xFF}}},
	{{{-4641, -2125, -5521},0, {-6949, -3427},{0xFF, 0x51, 0x4B, 0xFF}}},
	{{{-4507, -1959, -5635},0, {-7230, -3391},{0xFF, 0x51, 0x4B, 0xFF}}},
	{{{-5216, -2125, -5618},0, {-6379, -2905},{0xFF, 0x51, 0x4B, 0xFF}}},
	{{{-5055, -1959, -5741},0, {-6691, -2855},{0xFF, 0x51, 0x4B, 0xFF}}},
	{{{-5836, -2125, -5707},0, {-5695, -2353},{0xFF, 0x51, 0x4B, 0xFF}}},
	{{{-5649, -1959, -5828},0, {-6051, -2318},{0xFF, 0x51, 0x4B, 0xFF}}},
	{{{-6547, -2125, -6512},0, {-5213, -1005},{0xFF, 0x51, 0x4B, 0xFF}}},
	{{{-6389, -1959, -6594},0, {-5526, -1005},{0xFF, 0x51, 0x4B, 0xFF}}},
	{{{-7250, -2125, -7348},0, {-4811, 387},{0xFF, 0x51, 0x4B, 0xFF}}},
	{{{-6389, -1959, -6594},0, {-5526, -1005},{0xFF, 0x51, 0x4B, 0xFF}}},
	{{{-7122, -1959, -7393},0, {-5080, 359},{0xFF, 0x51, 0x4B, 0xFF}}},
	{{{-7250, -2125, -7348},0, {-4811, 387},{0xFF, 0x51, 0x4B, 0xFF}}},
	{{{-8106, -1959, -8574},0, {-4630, 2354},{0xFF, 0x51, 0x4B, 0xFF}}},
	{{{-8193, -2125, -8485},0, {-4384, 2323},{0xFF, 0x51, 0x4B, 0xFF}}},
	{{{-8425, -1959, -10410},0, {-5154, 4450},{0xFF, 0x51, 0x4B, 0xFF}}},
	{{{-8498, -2125, -10243},0, {-4896, 4325},{0xFF, 0x51, 0x4B, 0xFF}}},
	{{{-9089, -2125, -10300},0, {-4279, 4861},{0xFF, 0x51, 0x4B, 0xFF}}},
	{{{-9042, -1959, -10469},0, {-4493, 5040},{0xFF, 0x51, 0x4B, 0xFF}}},
	{{{-9769, -2125, -10299},0, {-3481, 5396},{0xFF, 0x51, 0x4B, 0xFF}}},
	{{{-9750, -1959, -10469},0, {-3654, 5608},{0xFF, 0x51, 0x4B, 0xFF}}},
	{{{-11266, -2124, -10290},0, {-1696, 6547},{0xFF, 0x51, 0x4B, 0xFF}}},
	{{{-11307, -1959, -10469},0, {-1794, 6814},{0xFF, 0x51, 0x4B, 0xFF}}},
	{{{-12691, -2118, -10238},0, {-24, 7520},{0xFF, 0x51, 0x4B, 0xFF}}},
	{{{-12817, -1959, -10457},0, {-4, 7878},{0xFF, 0x51, 0x4B, 0xFF}}},
	{{{-12530, -2046, -9397},0, {432, 6633},{0xFF, 0x51, 0x4B, 0xFF}}},
	{{{-12817, -1959, -10457},0, {-4, 7878},{0xFF, 0x51, 0x4B, 0xFF}}},
	{{{-12810, -1959, -10273},0, {139, 7698},{0xFF, 0x51, 0x4B, 0xFF}}},
	{{{-12530, -2046, -9397},0, {432, 6633},{0xFF, 0x51, 0x4B, 0xFF}}},
	{{{-12696, -1959, -10077},0, {277, 7460},{0xFF, 0x51, 0x4B, 0xFF}}},
	{{{-12583, -1959, -9408},0, {536, 6698},{0xFF, 0x51, 0x4B, 0xFF}}},
	{{{-12470, -1959, -8740},0, {809, 5921},{0xFF, 0x25, 0x1B, 0xFF}}},
	{{{-12356, -1959, -8543},0, {803, 5635},{0xFF, 0x51, 0x4B, 0xFF}}},
	{{{-12243, -1959, -8347},0, {797, 5348},{0xFF, 0x51, 0x4B, 0xFF}}},
	{{{-12127, -2060, -8505},0, {530, 5417},{0xFF, 0x51, 0x4B, 0xFF}}},
	{{{-9701, -2123, -7543},0, {-1696, 2463},{0xFF, 0x51, 0x4B, 0xFF}}},
	{{{-9742, -1959, -7410},0, {-1484, 2327},{0xFF, 0x51, 0x4B, 0xFF}}},
	{{{-9186, -2125, -7038},0, {-1998, 1526},{0xFF, 0x51, 0x4B, 0xFF}}},
	{{{-9244, -1959, -6972},0, {-1780, 1480},{0xFF, 0x51, 0x4B, 0xFF}}},
	{{{-8724, -2125, -6496},0, {-2191, 577},{0xFF, 0x51, 0x4B, 0xFF}}},
	{{{-8800, -1959, -6496},0, {-1973, 627},{0xFF, 0x51, 0x4B, 0xFF}}},
	{{{-8311, -2125, -5456},0, {-2092, -893},{0xFF, 0x51, 0x4B, 0xFF}}},
	{{{-8800, -1959, -6496},0, {-1973, 627},{0xFF, 0x51, 0x4B, 0xFF}}},
	{{{-8371, -1959, -5458},0, {-1884, -824},{0xFF, 0x51, 0x4B, 0xFF}}},
	{{{-8311, -2125, -5456},0, {-2092, -893},{0xFF, 0x51, 0x4B, 0xFF}}},
	{{{-7966, -2125, -4427},0, {-1777, -2378},{0xFF, 0x51, 0x4B, 0xFF}}},
	{{{-8024, -1959, -4420},0, {-1575, -2262},{0xFF, 0x51, 0x4B, 0xFF}}},
	{{{-8525, -2125, -4044},0, {-886, -2835},{0xFF, 0x51, 0x4B, 0xFF}}},
	{{{-8817, -1959, -3926},0, {-415, -2853},{0xFF, 0x51, 0x4B, 0xFF}}},
	{{{-9090, -2125, -3724},0, {-87, -3208},{0xFF, 0x51, 0x4B, 0xFF}}},
	{{{-9690, -1959, -3470},0, {809, -3391},{0xFF, 0x51, 0x4B, 0xFF}}},
	{{{-8471, -2125, -3598},0, {-920, -3499},{0xFF, 0x51, 0x4B, 0xFF}}},
	{{{-8414, -1959, -3470},0, {-945, -3741},{0xFF, 0x51, 0x4B, 0xFF}}},
	{{{-7877, -2125, -3594},0, {-1735, -3698},{0xFF, 0x51, 0x4B, 0xFF}}},
	{{{-7776, -1959, -3470},0, {-1811, -3962},{0xFF, 0x51, 0x4B, 0xFF}}},
	{{{-7269, -2125, -3594},0, {-2584, -3958},{0xFF, 0x51, 0x4B, 0xFF}}},
	{{{-7138, -1959, -3470},0, {-2684, -4246},{0xFF, 0x51, 0x4B, 0xFF}}},
	{{{-6140, -2125, -3594},0, {-4105, -4546},{0xFF, 0x51, 0x4B, 0xFF}}},
	{{{-7138, -1959, -3470},0, {-2684, -4246},{0xFF, 0x51, 0x4B, 0xFF}}},
	{{{-5977, -1959, -3470},0, {-4234, -4848},{0xFF, 0x51, 0x4B, 0xFF}}},
	{{{-6140, -2125, -3594},0, {-4105, -4546},{0xFF, 0x51, 0x4B, 0xFF}}},
	{{{-5378, -2125, -3594},0, {-5084, -4942},{0xFF, 0x51, 0x4B, 0xFF}}},
	{{{-5545, -2284, -3752},0, {-4963, -4627},{0xFF, 0x51, 0x4B, 0xFF}}},
	{{{-4791, -2280, -3780},0, {-5877, -4969},{0xFF, 0x51, 0x4B, 0xFF}}},
	{{{-4651, -2125, -3655},0, {-5995, -5218},{0xFF, 0x51, 0x4B, 0xFF}}},
	{{{-4778, -2284, -4598},0, {-6297, -4222},{0xFF, 0x51, 0x4B, 0xFF}}},
	{{{-4603, -2125, -4587},0, {-6551, -4368},{0xFF, 0x51, 0x4B, 0xFF}}},
	{{{-4780, -2280, -5401},0, {-6679, -3464},{0xFF, 0x51, 0x4B, 0xFF}}},
	{{{-4641, -2125, -5521},0, {-6949, -3427},{0xFF, 0x51, 0x4B, 0xFF}}},
	{{{-5396, -2284, -5485},0, {-6042, -2955},{0xFF, 0x51, 0x4B, 0xFF}}},
	{{{-5216, -2125, -5618},0, {-6379, -2905},{0xFF, 0x51, 0x4B, 0xFF}}},
	{{{-6012, -2280, -5603},0, {-5358, -2378},{0xFF, 0x51, 0x4B, 0xFF}}},
	{{{-5836, -2125, -5707},0, {-5695, -2353},{0xFF, 0x51, 0x4B, 0xFF}}},
	{{{-6677, -2284, -6377},0, {-4915, -1077},{0xFF, 0x51, 0x4B, 0xFF}}},
	{{{-5836, -2125, -5707},0, {-5695, -2353},{0xFF, 0x51, 0x4B, 0xFF}}},
	{{{-6547, -2125, -6512},0, {-5213, -1005},{0xFF, 0x51, 0x4B, 0xFF}}},
	{{{-6677, -2284, -6377},0, {-4915, -1077},{0xFF, 0x51, 0x4B, 0xFF}}},
	{{{-7428, -2288, -7221},0, {-4453, 373},{0xFF, 0x51, 0x4B, 0xFF}}},
	{{{-7250, -2125, -7348},0, {-4811, 387},{0xFF, 0x51, 0x4B, 0xFF}}},
	{{{-8271, -2280, -8406},0, {-4152, 2299},{0xFF, 0x51, 0x4B, 0xFF}}},
	{{{-8193, -2125, -8485},0, {-4384, 2323},{0xFF, 0x51, 0x4B, 0xFF}}},
	{{{-8574, -2280, -10071},0, {-4648, 4204},{0xFF, 0x51, 0x4B, 0xFF}}},
	{{{-8498, -2125, -10243},0, {-4896, 4325},{0xFF, 0x51, 0x4B, 0xFF}}},
	{{{-9122, -2284, -10084},0, {-4064, 4636},{0xFF, 0x51, 0x4B, 0xFF}}},
	{{{-9089, -2125, -10300},0, {-4279, 4861},{0xFF, 0x51, 0x4B, 0xFF}}},
	{{{-9821, -2283, -10058},0, {-3236, 5158},{0xFF, 0x51, 0x4B, 0xFF}}},
	{{{-9769, -2125, -10299},0, {-3481, 5396},{0xFF, 0x51, 0x4B, 0xFF}}},
	{{{-11224, -2278, -10097},0, {-1594, 6277},{0xFF, 0x51, 0x4B, 0xFF}}},
	{{{-11266, -2124, -10290},0, {-1696, 6547},{0xFF, 0x51, 0x4B, 0xFF}}},
	{{{-12352, -2242, -10082},0, {-286, 7103},{0xFF, 0x51, 0x4B, 0xFF}}},
	{{{-11266, -2124, -10290},0, {-1696, 6547},{0xFF, 0x51, 0x4B, 0xFF}}},
	{{{-12691, -2118, -10238},0, {-24, 7520},{0xFF, 0x51, 0x4B, 0xFF}}},
	{{{-12352, -2242, -10082},0, {-286, 7103},{0xFF, 0x51, 0x4B, 0xFF}}},
	{{{-12530, -2046, -9397},0, {432, 6633},{0xFF, 0x51, 0x4B, 0xFF}}},
	{{{-12213, -2191, -9431},0, {3, 6397},{0xFF, 0x51, 0x4B, 0xFF}}},
	{{{-11839, -2158, -8607},0, {106, 5293},{0xFF, 0x51, 0x4B, 0xFF}}},
	{{{-12127, -2060, -8505},0, {530, 5417},{0xFF, 0x51, 0x4B, 0xFF}}},
	{{{-9619, -2282, -7714},0, {-1967, 2597},{0xFF, 0x51, 0x4B, 0xFF}}},
	{{{-9701, -2123, -7543},0, {-1696, 2463},{0xFF, 0x51, 0x4B, 0xFF}}},
	{{{-9103, -2284, -7104},0, {-2232, 1548},{0xFF, 0x51, 0x4B, 0xFF}}},
	{{{-9186, -2125, -7038},0, {-1998, 1526},{0xFF, 0x51, 0x4B, 0xFF}}},
	{{{-8633, -2284, -6502},0, {-2418, 517},{0xFF, 0x51, 0x4B, 0xFF}}},
	{{{-8724, -2125, -6496},0, {-2191, 577},{0xFF, 0x51, 0x4B, 0xFF}}},
	{{{-8241, -2284, -5483},0, {-2311, -934},{0xFF, 0x51, 0x4B, 0xFF}}},
	{{{-8311, -2125, -5456},0, {-2092, -893},{0xFF, 0x51, 0x4B, 0xFF}}},
	{{{-7895, -2287, -4446},0, {-2007, -2490},{0xFF, 0x51, 0x4B, 0xFF}}},
	{{{-8311, -2125, -5456},0, {-2092, -893},{0xFF, 0x51, 0x4B, 0xFF}}},
	{{{-7966, -2125, -4427},0, {-1777, -2378},{0xFF, 0x51, 0x4B, 0xFF}}},
	{{{-7895, -2287, -4446},0, {-2007, -2490},{0xFF, 0x51, 0x4B, 0xFF}}},
	{{{-8251, -2284, -4150},0, {-1349, -2834},{0xFF, 0x51, 0x4B, 0xFF}}},
	{{{-8525, -2125, -4044},0, {-886, -2835},{0xFF, 0x51, 0x4B, 0xFF}}},
	{{{-8609, -2280, -3938},0, {-814, -3062},{0xFF, 0x51, 0x4B, 0xFF}}},
	{{{-9090, -2125, -3724},0, {-87, -3208},{0xFF, 0x51, 0x4B, 0xFF}}},
	{{{-8507, -2284, -3732},0, {-960, -3275},{0xFF, 0x51, 0x4B, 0xFF}}},
	{{{-8471, -2125, -3598},0, {-920, -3499},{0xFF, 0x51, 0x4B, 0xFF}}},
	{{{-7972, -2284, -3725},0, {-1661, -3437},{0xFF, 0x51, 0x4B, 0xFF}}},
	{{{-7877, -2125, -3594},0, {-1735, -3698},{0xFF, 0x51, 0x4B, 0xFF}}},
	{{{-7393, -2286, -3794},0, {-2508, -3605},{0xFF, 0x51, 0x4B, 0xFF}}},
	{{{-7269, -2125, -3594},0, {-2584, -3958},{0xFF, 0x51, 0x4B, 0xFF}}},
	{{{-6298, -2280, -3713},0, {-3978, -4258},{0xFF, 0x51, 0x4B, 0xFF}}},
	{{{-6140, -2125, -3594},0, {-4105, -4546},{0xFF, 0x51, 0x4B, 0xFF}}},
	{{{-5545, -2284, -3752},0, {-4963, -4627},{0xFF, 0x51, 0x4B, 0xFF}}},
	{{{-20569, -1959, 10495},0, {3201, 7675},{0xFF, 0x51, 0x4B, 0xFF}}},
	{{{-18803, -1959, 10328},0, {5763, 7878},{0xFF, 0x51, 0x4B, 0xFF}}},
	{{{-18846, -2078, 10265},0, {5702, 7719},{0xFF, 0x51, 0x4B, 0xFF}}},
	{{{-17293, -2078, 9778},0, {8080, 7218},{0xFF, 0x51, 0x4B, 0xFF}}},
	{{{-17223, -1959, 9829},0, {8219, 7354},{0xFF, 0x51, 0x4B, 0xFF}}},
	{{{-16713, -2078, 8753},0, {9057, 5970},{0xFF, 0x51, 0x4B, 0xFF}}},
	{{{-16631, -1959, 8771},0, {9246, 6025},{0xFF, 0x51, 0x4B, 0xFF}}},
	{{{-16798, -2078, 7164},0, {9056, 3926},{0xFF, 0x51, 0x4B, 0xFF}}},
	{{{-16723, -1959, 7120},0, {9246, 3872},{0xFF, 0x51, 0x4B, 0xFF}}},
	{{{-17119, -2078, 5094},0, {8737, 1112},{0xFF, 0x51, 0x4B, 0xFF}}},
	{{{-17047, -1959, 5024},0, {8922, 1000},{0xFF, 0x51, 0x4B, 0xFF}}},
	{{{-17712, -2078, 3264},0, {7644, -1384},{0xFF, 0x51, 0x4B, 0xFF}}},
	{{{-17653, -1800, 3157},0, {7784, -1581},{0xFF, 0x51, 0x4B, 0xFF}}},
	{{{-18692, -2078, 2372},0, {5908, -2478},{0xFF, 0x51, 0x4B, 0xFF}}},
	{{{-18656, -1844, 2243},0, {5957, -2725},{0xFF, 0x51, 0x4B, 0xFF}}},
	{{{-19926, -2078, 2784},0, {3945, -1765},{0xFF, 0x51, 0x4B, 0xFF}}},
	{{{-18656, -1844, 2243},0, {5957, -2725},{0xFF, 0x51, 0x4B, 0xFF}}},
	{{{-19921, -1844, 2665},0, {3893, -1979},{0xFF, 0x51, 0x4B, 0xFF}}},
	{{{-19926, -2078, 2784},0, {3945, -1765},{0xFF, 0x51, 0x4B, 0xFF}}},
	{{{-21198, -2078, 4572},0, {2179, 672},{0xFF, 0x51, 0x4B, 0xFF}}},
	{{{-21214, -1959, 4489},0, {2074, 538},{0xFF, 0x51, 0x4B, 0xFF}}},
	{{{-22148, -2078, 6896},0, {1282, 3452},{0xFF, 0x51, 0x4B, 0xFF}}},
	{{{-22156, -1959, 6847},0, {1178, 3376},{0xFF, 0x51, 0x4B, 0xFF}}},
	{{{-22400, -2078, 8777},0, {942, 5324},{0xFF, 0x51, 0x4B, 0xFF}}},
	{{{-22445, -1959, 8797},0, {813, 5341},{0xFF, 0x51, 0x4B, 0xFF}}},
	{{{-22182, -2078, 9975},0, {1112, 6717},{0xFF, 0x51, 0x4B, 0xFF}}},
	{{{-22232, -1959, 10031},0, {975, 6802},{0xFF, 0x51, 0x4B, 0xFF}}},
	{{{-21657, -2078, 10427},0, {1742, 7310},{0xFF, 0x51, 0x4B, 0xFF}}},
	{{{-21682, -1959, 10493},0, {1666, 7447},{0xFF, 0x51, 0x4B, 0xFF}}},
	{{{-20606, -2078, 10430},0, {3169, 7519},{0xFF, 0x51, 0x4B, 0xFF}}},
	{{{-20569, -1959, 10495},0, {3201, 7675},{0xFF, 0x51, 0x4B, 0xFF}}},
	{{{-18846, -2078, 10265},0, {5702, 7719},{0xFF, 0x51, 0x4B, 0xFF}}},
	{{{-20606, -2078, 10430},0, {3169, 7519},{0xFF, 0x51, 0x4B, 0xFF}}},
	{{{-18846, -2078, 10265},0, {5702, 7719},{0xFF, 0x51, 0x4B, 0xFF}}},
	{{{-18936, -2197, 10206},0, {5572, 7558},{0xFF, 0x51, 0x4B, 0xFF}}},
	{{{-17362, -2197, 9727},0, {7943, 7082},{0xFF, 0x51, 0x4B, 0xFF}}},
	{{{-17293, -2078, 9778},0, {8080, 7218},{0xFF, 0x51, 0x4B, 0xFF}}},
	{{{-16789, -2197, 8765},0, {8869, 5950},{0xFF, 0x51, 0x4B, 0xFF}}},
	{{{-16713, -2078, 8753},0, {9057, 5970},{0xFF, 0x51, 0x4B, 0xFF}}},
	{{{-16817, -2197, 7514},0, {8910, 4380},{0xFF, 0x51, 0x4B, 0xFF}}},
	{{{-16798, -2078, 7164},0, {9056, 3926},{0xFF, 0x51, 0x4B, 0xFF}}},
	{{{-17185, -2197, 5195},0, {8561, 1264},{0xFF, 0x51, 0x4B, 0xFF}}},
	{{{-17119, -2078, 5094},0, {8737, 1112},{0xFF, 0x51, 0x4B, 0xFF}}},
	{{{-17771, -2197, 3372},0, {7503, -1188},{0xFF, 0x51, 0x4B, 0xFF}}},
	{{{-17712, -2078, 3264},0, {7644, -1384},{0xFF, 0x51, 0x4B, 0xFF}}},
	{{{-18727, -2197, 2501},0, {5861, -2237},{0xFF, 0x51, 0x4B, 0xFF}}},
	{{{-18692, -2078, 2372},0, {5908, -2478},{0xFF, 0x51, 0x4B, 0xFF}}},
	{{{-19931, -2197, 2903},0, {3997, -1553},{0xFF, 0x51, 0x4B, 0xFF}}},
	{{{-18692, -2078, 2372},0, {5908, -2478},{0xFF, 0x51, 0x4B, 0xFF}}},
	{{{-19926, -2078, 2784},0, {3945, -1765},{0xFF, 0x51, 0x4B, 0xFF}}},
	{{{-19931, -2197, 2903},0, {3997, -1553},{0xFF, 0x51, 0x4B, 0xFF}}},
	{{{-21224, -2197, 4685},0, {2245, 851},{0xFF, 0x51, 0x4B, 0xFF}}},
	{{{-21198, -2078, 4572},0, {2179, 672},{0xFF, 0x51, 0x4B, 0xFF}}},
	{{{-22546, -2197, 7245},0, {1470, 3979},{0xFF, 0x51, 0x4B, 0xFF}}},
	{{{-22148, -2078, 6896},0, {1282, 3452},{0xFF, 0x51, 0x4B, 0xFF}}},
	{{{-22396, -2197, 8788},0, {1073, 5346},{0xFF, 0x51, 0x4B, 0xFF}}},
	{{{-22400, -2078, 8777},0, {942, 5324},{0xFF, 0x51, 0x4B, 0xFF}}},
	{{{-22133, -2197, 9919},0, {1244, 6632},{0xFF, 0x51, 0x4B, 0xFF}}},
	{{{-22182, -2078, 9975},0, {1112, 6717},{0xFF, 0x51, 0x4B, 0xFF}}},
	{{{-21679, -2197, 10363},0, {1763, 7163},{0xFF, 0x51, 0x4B, 0xFF}}},
	{{{-21657, -2078, 10427},0, {1742, 7310},{0xFF, 0x51, 0x4B, 0xFF}}},
	{{{-21112, -2197, 10396},0, {2494, 7295},{0xFF, 0x51, 0x4B, 0xFF}}},
	{{{-20606, -2078, 10430},0, {3169, 7519},{0xFF, 0x51, 0x4B, 0xFF}}},
	{{{-18936, -2197, 10206},0, {5572, 7558},{0xFF, 0x51, 0x4B, 0xFF}}},
};

Gfx jrb_dl_level_005_mesh_layer_1_tri_4[] = {
	gsSPVertex(jrb_dl_level_005_mesh_layer_1_vtx_4 + 0, 16, 0),
	gsSP1Triangle(0, 1, 2, 0),
	gsSP1Triangle(0, 2, 3, 0),
	gsSP1Triangle(3, 2, 4, 0),
	gsSP1Triangle(3, 4, 5, 0),
	gsSP1Triangle(6, 3, 5, 0),
	gsSP1Triangle(6, 5, 7, 0),
	gsSP1Triangle(8, 6, 7, 0),
	gsSP1Triangle(8, 7, 9, 0),
	gsSP1Triangle(10, 8, 9, 0),
	gsSP1Triangle(10, 9, 11, 0),
	gsSP1Triangle(12, 10, 11, 0),
	gsSP1Triangle(12, 11, 13, 0),
	gsSP1Triangle(14, 12, 13, 0),
	gsSP1Triangle(14, 13, 15, 0),
	gsSPVertex(jrb_dl_level_005_mesh_layer_1_vtx_4 + 16, 16, 0),
	gsSP1Triangle(0, 1, 2, 0),
	gsSP1Triangle(0, 2, 3, 0),
	gsSP1Triangle(4, 0, 3, 0),
	gsSP1Triangle(4, 3, 5, 0),
	gsSP1Triangle(6, 4, 5, 0),
	gsSP1Triangle(6, 5, 7, 0),
	gsSP1Triangle(8, 6, 7, 0),
	gsSP1Triangle(8, 7, 9, 0),
	gsSP1Triangle(10, 8, 9, 0),
	gsSP1Triangle(10, 9, 11, 0),
	gsSP1Triangle(12, 10, 11, 0),
	gsSP1Triangle(12, 11, 13, 0),
	gsSP1Triangle(14, 12, 13, 0),
	gsSP1Triangle(14, 13, 15, 0),
	gsSPVertex(jrb_dl_level_005_mesh_layer_1_vtx_4 + 32, 16, 0),
	gsSP1Triangle(0, 1, 2, 0),
	gsSP1Triangle(0, 3, 1, 0),
	gsSP1Triangle(3, 4, 1, 0),
	gsSP1Triangle(3, 5, 4, 0),
	gsSP1Triangle(5, 6, 4, 0),
	gsSP1Triangle(5, 7, 6, 0),
	gsSP1Triangle(7, 8, 6, 0),
	gsSP1Triangle(7, 9, 8, 0),
	gsSP1Triangle(10, 8, 9, 0),
	gsSP1Triangle(10, 11, 8, 0),
	gsSP1Triangle(10, 12, 11, 0),
	gsSP1Triangle(10, 13, 12, 0),
	gsSP1Triangle(13, 14, 12, 0),
	gsSP1Triangle(13, 15, 14, 0),
	gsSPVertex(jrb_dl_level_005_mesh_layer_1_vtx_4 + 48, 16, 0),
	gsSP1Triangle(0, 1, 2, 0),
	gsSP1Triangle(0, 3, 1, 0),
	gsSP1Triangle(3, 4, 1, 0),
	gsSP1Triangle(3, 5, 4, 0),
	gsSP1Triangle(5, 6, 4, 0),
	gsSP1Triangle(5, 7, 6, 0),
	gsSP1Triangle(7, 8, 6, 0),
	gsSP1Triangle(7, 9, 8, 0),
	gsSP1Triangle(9, 10, 8, 0),
	gsSP1Triangle(9, 11, 10, 0),
	gsSP1Triangle(12, 13, 14, 0),
	gsSP1Triangle(12, 15, 13, 0),
	gsSPVertex(jrb_dl_level_005_mesh_layer_1_vtx_4 + 64, 16, 0),
	gsSP1Triangle(0, 1, 2, 0),
	gsSP1Triangle(0, 3, 1, 0),
	gsSP1Triangle(3, 4, 1, 0),
	gsSP1Triangle(3, 5, 4, 0),
	gsSP1Triangle(5, 6, 4, 0),
	gsSP1Triangle(5, 7, 6, 0),
	gsSP1Triangle(7, 8, 6, 0),
	gsSP1Triangle(7, 9, 8, 0),
	gsSP1Triangle(9, 10, 8, 0),
	gsSP1Triangle(9, 11, 10, 0),
	gsSP1Triangle(11, 12, 10, 0),
	gsSP1Triangle(11, 13, 12, 0),
	gsSP1Triangle(13, 14, 12, 0),
	gsSP1Triangle(13, 15, 14, 0),
	gsSPVertex(jrb_dl_level_005_mesh_layer_1_vtx_4 + 80, 16, 0),
	gsSP1Triangle(0, 1, 2, 0),
	gsSP1Triangle(0, 3, 1, 0),
	gsSP1Triangle(3, 4, 1, 0),
	gsSP1Triangle(3, 5, 4, 0),
	gsSP1Triangle(5, 6, 4, 0),
	gsSP1Triangle(5, 7, 6, 0),
	gsSP1Triangle(7, 8, 6, 0),
	gsSP1Triangle(7, 9, 8, 0),
	gsSP1Triangle(9, 10, 8, 0),
	gsSP1Triangle(9, 11, 10, 0),
	gsSP1Triangle(11, 12, 10, 0),
	gsSP1Triangle(11, 13, 12, 0),
	gsSP1Triangle(13, 14, 12, 0),
	gsSP1Triangle(13, 15, 14, 0),
	gsSPVertex(jrb_dl_level_005_mesh_layer_1_vtx_4 + 96, 16, 0),
	gsSP1Triangle(0, 1, 2, 0),
	gsSP1Triangle(0, 2, 3, 0),
	gsSP1Triangle(4, 0, 3, 0),
	gsSP1Triangle(4, 3, 5, 0),
	gsSP1Triangle(6, 4, 5, 0),
	gsSP1Triangle(6, 5, 7, 0),
	gsSP1Triangle(8, 6, 7, 0),
	gsSP1Triangle(8, 7, 9, 0),
	gsSP1Triangle(10, 8, 9, 0),
	gsSP1Triangle(10, 9, 11, 0),
	gsSP1Triangle(12, 10, 11, 0),
	gsSP1Triangle(12, 11, 13, 0),
	gsSP1Triangle(14, 12, 13, 0),
	gsSP1Triangle(14, 13, 15, 0),
	gsSPVertex(jrb_dl_level_005_mesh_layer_1_vtx_4 + 112, 14, 0),
	gsSP1Triangle(0, 1, 2, 0),
	gsSP1Triangle(0, 2, 3, 0),
	gsSP1Triangle(4, 0, 3, 0),
	gsSP1Triangle(4, 3, 5, 0),
	gsSP1Triangle(6, 4, 5, 0),
	gsSP1Triangle(6, 5, 7, 0),
	gsSP1Triangle(8, 6, 7, 0),
	gsSP1Triangle(8, 7, 9, 0),
	gsSP1Triangle(10, 8, 9, 0),
	gsSP1Triangle(10, 9, 11, 0),
	gsSP1Triangle(12, 10, 11, 0),
	gsSP1Triangle(12, 11, 13, 0),
	gsSPVertex(jrb_dl_level_005_mesh_layer_1_vtx_4 + 126, 16, 0),
	gsSP1Triangle(0, 1, 2, 0),
	gsSP1Triangle(1, 3, 2, 0),
	gsSP1Triangle(1, 4, 3, 0),
	gsSP1Triangle(4, 5, 3, 0),
	gsSP1Triangle(4, 6, 5, 0),
	gsSP1Triangle(6, 7, 5, 0),
	gsSP1Triangle(6, 8, 7, 0),
	gsSP1Triangle(8, 9, 7, 0),
	gsSP1Triangle(8, 10, 9, 0),
	gsSP1Triangle(10, 11, 9, 0),
	gsSP1Triangle(10, 12, 11, 0),
	gsSP1Triangle(12, 13, 11, 0),
	gsSP1Triangle(12, 14, 13, 0),
	gsSP1Triangle(14, 15, 13, 0),
	gsSPVertex(jrb_dl_level_005_mesh_layer_1_vtx_4 + 142, 16, 0),
	gsSP1Triangle(0, 1, 2, 0),
	gsSP1Triangle(3, 2, 1, 0),
	gsSP1Triangle(3, 4, 2, 0),
	gsSP1Triangle(5, 4, 3, 0),
	gsSP1Triangle(5, 6, 4, 0),
	gsSP1Triangle(5, 7, 6, 0),
	gsSP1Triangle(5, 8, 7, 0),
	gsSP1Triangle(8, 9, 7, 0),
	gsSP1Triangle(8, 10, 9, 0),
	gsSP1Triangle(10, 11, 9, 0),
	gsSP1Triangle(10, 12, 11, 0),
	gsSP1Triangle(12, 13, 11, 0),
	gsSP1Triangle(12, 14, 13, 0),
	gsSP1Triangle(14, 15, 13, 0),
	gsSPVertex(jrb_dl_level_005_mesh_layer_1_vtx_4 + 158, 16, 0),
	gsSP1Triangle(0, 1, 2, 0),
	gsSP1Triangle(3, 2, 1, 0),
	gsSP1Triangle(3, 4, 2, 0),
	gsSP1Triangle(5, 2, 4, 0),
	gsSP1Triangle(5, 6, 2, 0),
	gsSP1Triangle(7, 2, 6, 0),
	gsSP1Triangle(7, 8, 2, 0),
	gsSP1Triangle(7, 9, 8, 0),
	gsSP1Triangle(7, 10, 9, 0),
	gsSP1Triangle(10, 11, 9, 0),
	gsSP1Triangle(10, 12, 11, 0),
	gsSP1Triangle(12, 13, 11, 0),
	gsSP1Triangle(12, 14, 13, 0),
	gsSP1Triangle(14, 15, 13, 0),
	gsSPVertex(jrb_dl_level_005_mesh_layer_1_vtx_4 + 174, 16, 0),
	gsSP1Triangle(0, 1, 2, 0),
	gsSP1Triangle(1, 3, 2, 0),
	gsSP1Triangle(1, 4, 3, 0),
	gsSP1Triangle(4, 5, 3, 0),
	gsSP1Triangle(4, 6, 5, 0),
	gsSP1Triangle(6, 7, 5, 0),
	gsSP1Triangle(6, 8, 7, 0),
	gsSP1Triangle(8, 9, 7, 0),
	gsSP1Triangle(8, 10, 9, 0),
	gsSP1Triangle(10, 11, 9, 0),
	gsSP1Triangle(10, 12, 11, 0),
	gsSP1Triangle(12, 13, 11, 0),
	gsSP1Triangle(12, 14, 13, 0),
	gsSP1Triangle(14, 15, 13, 0),
	gsSPVertex(jrb_dl_level_005_mesh_layer_1_vtx_4 + 190, 16, 0),
	gsSP1Triangle(0, 1, 2, 0),
	gsSP1Triangle(1, 3, 2, 0),
	gsSP1Triangle(2, 3, 4, 0),
	gsSP1Triangle(3, 5, 4, 0),
	gsSP1Triangle(3, 6, 5, 0),
	gsSP1Triangle(6, 7, 5, 0),
	gsSP1Triangle(6, 8, 7, 0),
	gsSP1Triangle(8, 9, 7, 0),
	gsSP1Triangle(8, 10, 9, 0),
	gsSP1Triangle(10, 11, 9, 0),
	gsSP1Triangle(10, 12, 11, 0),
	gsSP1Triangle(12, 13, 11, 0),
	gsSP1Triangle(12, 14, 13, 0),
	gsSP1Triangle(14, 15, 13, 0),
	gsSPVertex(jrb_dl_level_005_mesh_layer_1_vtx_4 + 206, 16, 0),
	gsSP1Triangle(0, 1, 2, 0),
	gsSP1Triangle(1, 3, 2, 0),
	gsSP1Triangle(1, 4, 3, 0),
	gsSP1Triangle(4, 5, 3, 0),
	gsSP1Triangle(4, 6, 5, 0),
	gsSP1Triangle(6, 7, 5, 0),
	gsSP1Triangle(6, 8, 7, 0),
	gsSP1Triangle(8, 9, 7, 0),
	gsSP1Triangle(8, 10, 9, 0),
	gsSP1Triangle(10, 11, 9, 0),
	gsSP1Triangle(10, 12, 11, 0),
	gsSP1Triangle(12, 13, 11, 0),
	gsSP1Triangle(12, 14, 13, 0),
	gsSP1Triangle(14, 15, 13, 0),
	gsSPVertex(jrb_dl_level_005_mesh_layer_1_vtx_4 + 222, 16, 0),
	gsSP1Triangle(0, 1, 2, 0),
	gsSP1Triangle(2, 1, 3, 0),
	gsSP1Triangle(2, 3, 4, 0),
	gsSP1Triangle(5, 4, 3, 0),
	gsSP1Triangle(5, 3, 6, 0),
	gsSP1Triangle(6, 7, 5, 0),
	gsSP1Triangle(6, 8, 7, 0),
	gsSP1Triangle(8, 9, 7, 0),
	gsSP1Triangle(8, 10, 9, 0),
	gsSP1Triangle(10, 11, 9, 0),
	gsSP1Triangle(10, 12, 11, 0),
	gsSP1Triangle(12, 13, 11, 0),
	gsSP1Triangle(12, 14, 13, 0),
	gsSP1Triangle(14, 15, 13, 0),
	gsSPVertex(jrb_dl_level_005_mesh_layer_1_vtx_4 + 238, 16, 0),
	gsSP1Triangle(0, 1, 2, 0),
	gsSP1Triangle(1, 3, 2, 0),
	gsSP1Triangle(1, 4, 3, 0),
	gsSP1Triangle(4, 5, 3, 0),
	gsSP1Triangle(4, 6, 5, 0),
	gsSP1Triangle(6, 7, 5, 0),
	gsSP1Triangle(6, 8, 7, 0),
	gsSP1Triangle(8, 9, 7, 0),
	gsSP1Triangle(8, 10, 9, 0),
	gsSP1Triangle(10, 11, 9, 0),
	gsSP1Triangle(10, 12, 11, 0),
	gsSP1Triangle(12, 13, 11, 0),
	gsSP1Triangle(12, 14, 13, 0),
	gsSP1Triangle(14, 15, 13, 0),
	gsSPVertex(jrb_dl_level_005_mesh_layer_1_vtx_4 + 254, 16, 0),
	gsSP1Triangle(0, 1, 2, 0),
	gsSP1Triangle(1, 3, 2, 0),
	gsSP1Triangle(1, 4, 3, 0),
	gsSP1Triangle(4, 5, 3, 0),
	gsSP1Triangle(4, 6, 5, 0),
	gsSP1Triangle(6, 7, 5, 0),
	gsSP1Triangle(6, 8, 7, 0),
	gsSP1Triangle(8, 9, 7, 0),
	gsSP1Triangle(8, 10, 9, 0),
	gsSP1Triangle(10, 11, 9, 0),
	gsSP1Triangle(10, 12, 11, 0),
	gsSP1Triangle(12, 13, 11, 0),
	gsSP1Triangle(12, 14, 13, 0),
	gsSP1Triangle(14, 15, 13, 0),
	gsSPVertex(jrb_dl_level_005_mesh_layer_1_vtx_4 + 270, 16, 0),
	gsSP1Triangle(0, 1, 2, 0),
	gsSP1Triangle(1, 3, 2, 0),
	gsSP1Triangle(1, 4, 3, 0),
	gsSP1Triangle(4, 5, 3, 0),
	gsSP1Triangle(4, 6, 5, 0),
	gsSP1Triangle(6, 7, 5, 0),
	gsSP1Triangle(6, 8, 7, 0),
	gsSP1Triangle(8, 9, 7, 0),
	gsSP1Triangle(8, 10, 9, 0),
	gsSP1Triangle(10, 11, 9, 0),
	gsSP1Triangle(10, 12, 11, 0),
	gsSP1Triangle(12, 13, 11, 0),
	gsSP1Triangle(12, 14, 13, 0),
	gsSP1Triangle(14, 15, 13, 0),
	gsSPVertex(jrb_dl_level_005_mesh_layer_1_vtx_4 + 286, 16, 0),
	gsSP1Triangle(0, 1, 2, 0),
	gsSP1Triangle(1, 3, 2, 0),
	gsSP1Triangle(1, 4, 3, 0),
	gsSP1Triangle(4, 5, 3, 0),
	gsSP1Triangle(4, 6, 5, 0),
	gsSP1Triangle(6, 7, 5, 0),
	gsSP1Triangle(6, 8, 7, 0),
	gsSP1Triangle(8, 9, 7, 0),
	gsSP1Triangle(8, 10, 9, 0),
	gsSP1Triangle(10, 11, 9, 0),
	gsSP1Triangle(10, 12, 11, 0),
	gsSP1Triangle(12, 13, 11, 0),
	gsSP1Triangle(12, 14, 13, 0),
	gsSP1Triangle(14, 15, 13, 0),
	gsSPVertex(jrb_dl_level_005_mesh_layer_1_vtx_4 + 302, 16, 0),
	gsSP1Triangle(0, 1, 2, 0),
	gsSP1Triangle(1, 3, 2, 0),
	gsSP1Triangle(1, 4, 3, 0),
	gsSP1Triangle(4, 5, 3, 0),
	gsSP1Triangle(4, 6, 5, 0),
	gsSP1Triangle(6, 7, 5, 0),
	gsSP1Triangle(6, 8, 7, 0),
	gsSP1Triangle(8, 9, 7, 0),
	gsSP1Triangle(8, 10, 9, 0),
	gsSP1Triangle(10, 11, 9, 0),
	gsSP1Triangle(10, 12, 11, 0),
	gsSP1Triangle(12, 13, 11, 0),
	gsSP1Triangle(12, 14, 13, 0),
	gsSP1Triangle(14, 15, 13, 0),
	gsSPEndDisplayList(),
};

Vtx jrb_dl_level_005_mesh_layer_1_vtx_5[424] = {
	{{{-5383, 1204, 469},0, {1270, -11712},{0xFF, 0x51, 0x4B, 0xFF}}},
	{{{-6477, -696, -8},0, {559, -8311},{0xFF, 0x51, 0x4B, 0xFF}}},
	{{{-6549, -830, 334},0, {1170, -8413},{0xFF, 0x51, 0x4B, 0xFF}}},
	{{{-5498, 1204, 284},0, {727, -11630},{0xFF, 0x51, 0x4B, 0xFF}}},
	{{{-5090, 2231, 675},0, {1207, -13809},{0xFF, 0x51, 0x4B, 0xFF}}},
	{{{-5028, 2223, 956},0, {1684, -13883},{0xFF, 0x51, 0x4B, 0xFF}}},
	{{{-4734, 3317, 998},0, {1612, -16076},{0xFF, 0x51, 0x4B, 0xFF}}},
	{{{-4673, 3241, 1443},0, {2010, -16145},{0xFF, 0x51, 0x4B, 0xFF}}},
	{{{-4308, 4506, 1207},0, {1917, -18000},{0xFF, 0x51, 0x4B, 0xFF}}},
	{{{-4368, 4477, 1005},0, {1593, -17939},{0xFF, 0x51, 0x4B, 0xFF}}},
	{{{-4051, 5437, 893},0, {1385, -19448},{0xFF, 0x51, 0x4B, 0xFF}}},
	{{{-3942, 5771, 970},0, {1654, -19503},{0xFF, 0x51, 0x4B, 0xFF}}},
	{{{-3852, 5898, 866},0, {1284, -20281},{0xFF, 0x51, 0x4B, 0xFF}}},
	{{{-3825, 5942, 1008},0, {1525, -20336},{0xFF, 0x51, 0x4B, 0xFF}}},
	{{{-3714, 6060, 889},0, {1262, -20696},{0xFF, 0x51, 0x4B, 0xFF}}},
	{{{-3708, 6112, 1046},0, {1483, -20753},{0xFF, 0x51, 0x4B, 0xFF}}},
	{{{-3852, 5898, 866},0, {1284, -20281},{0xFF, 0x51, 0x4B, 0xFF}}},
	{{{-3714, 6060, 889},0, {1262, -20696},{0xFF, 0x51, 0x4B, 0xFF}}},
	{{{-3698, 6055, 750},0, {1030, -20681},{0xFF, 0x51, 0x4B, 0xFF}}},
	{{{-3839, 5889, 716},0, {1022, -20271},{0xFF, 0x51, 0x4B, 0xFF}}},
	{{{-3763, 5898, 560},0, {726, -20338},{0xFF, 0x51, 0x4B, 0xFF}}},
	{{{-3644, 6060, 615},0, {780, -20740},{0xFF, 0x51, 0x4B, 0xFF}}},
	{{{-3646, 5942, 398},0, {410, -20451},{0xFF, 0x51, 0x4B, 0xFF}}},
	{{{-3583, 6112, 480},0, {520, -20842},{0xFF, 0x51, 0x4B, 0xFF}}},
	{{{-3513, 6105, 677},0, {823, -21083},{0xFF, 0x51, 0x4B, 0xFF}}},
	{{{-3556, 6104, 791},0, {1037, -21019},{0xFF, 0x51, 0x4B, 0xFF}}},
	{{{-3698, 6055, 750},0, {1030, -20681},{0xFF, 0x51, 0x4B, 0xFF}}},
	{{{-3579, 6105, 904},0, {1232, -21030},{0xFF, 0x51, 0x4B, 0xFF}}},
	{{{-3714, 6060, 889},0, {1262, -20696},{0xFF, 0x51, 0x4B, 0xFF}}},
	{{{-3589, 6111, 1019},0, {1416, -21086},{0xFF, 0x51, 0x4B, 0xFF}}},
	{{{-3708, 6112, 1046},0, {1483, -20753},{0xFF, 0x51, 0x4B, 0xFF}}},
	{{{-3470, 6110, 993},0, {1322, -21409},{0xFF, 0x51, 0x4B, 0xFF}}},
	{{{-3470, 6110, 993},0, {1322, -21409},{0xFF, 0x51, 0x4B, 0xFF}}},
	{{{-3439, 6110, 914},0, {1187, -21358},{0xFF, 0x51, 0x4B, 0xFF}}},
	{{{-3579, 6105, 904},0, {1232, -21030},{0xFF, 0x51, 0x4B, 0xFF}}},
	{{{-3556, 6104, 791},0, {1037, -21019},{0xFF, 0x51, 0x4B, 0xFF}}},
	{{{-3407, 6110, 830},0, {1034, -21356},{0xFF, 0x51, 0x4B, 0xFF}}},
	{{{-3513, 6105, 677},0, {823, -21083},{0xFF, 0x51, 0x4B, 0xFF}}},
	{{{-3372, 6110, 740},0, {854, -21435},{0xFF, 0x51, 0x4B, 0xFF}}},
	{{{-3459, 6111, 563},0, {599, -21192},{0xFF, 0x51, 0x4B, 0xFF}}},
	{{{-3335, 6110, 645},0, {656, -21562},{0xFF, 0x51, 0x4B, 0xFF}}},
	{{{-3583, 6112, 480},0, {520, -20842},{0xFF, 0x51, 0x4B, 0xFF}}},
	{{{-4051, 5437, 893},0, {1385, -19448},{0xFF, 0x51, 0x4B, 0xFF}}},
	{{{-3852, 5898, 866},0, {1284, -20281},{0xFF, 0x51, 0x4B, 0xFF}}},
	{{{-3839, 5889, 716},0, {1022, -20271},{0xFF, 0x51, 0x4B, 0xFF}}},
	{{{-4045, 5406, 731},0, {1081, -19443},{0xFF, 0x51, 0x4B, 0xFF}}},
	{{{-3946, 5437, 541},0, {718, -19519},{0xFF, 0x51, 0x4B, 0xFF}}},
	{{{-3763, 5898, 560},0, {726, -20338},{0xFF, 0x51, 0x4B, 0xFF}}},
	{{{-3709, 5771, 316},0, {319, -19645},{0xFF, 0x51, 0x4B, 0xFF}}},
	{{{-3946, 5437, 541},0, {718, -19519},{0xFF, 0x51, 0x4B, 0xFF}}},
	{{{-3763, 5898, 560},0, {726, -20338},{0xFF, 0x51, 0x4B, 0xFF}}},
	{{{-3646, 5942, 398},0, {410, -20451},{0xFF, 0x51, 0x4B, 0xFF}}},
	{{{-4108, 4506, 328},0, {247, -18138},{0xFF, 0x51, 0x4B, 0xFF}}},
	{{{-4045, 5406, 731},0, {1081, -19443},{0xFF, 0x51, 0x4B, 0xFF}}},
	{{{-4266, 4477, 565},0, {758, -18008},{0xFF, 0x51, 0x4B, 0xFF}}},
	{{{-4508, 3241, 341},0, {-54, -16316},{0xFF, 0x51, 0x4B, 0xFF}}},
	{{{-4615, 3317, 461},0, {580, -16161},{0xFF, 0x51, 0x4B, 0xFF}}},
	{{{-4895, 2231, 67},0, {-11, -13954},{0xFF, 0x51, 0x4B, 0xFF}}},
	{{{-4637, 2223, -263},0, {-751, -14175},{0xFF, 0x51, 0x4B, 0xFF}}},
	{{{-5232, 1205, -377},0, {-626, -11645},{0xFF, 0x51, 0x4B, 0xFF}}},
	{{{-4765, 1204, -867},0, {-1437, -11923},{0xFF, 0x51, 0x4B, 0xFF}}},
	{{{-5515, 473, -666},0, {-1025, -9968},{0xFF, 0x51, 0x4B, 0xFF}}},
	{{{-5492, 375, -775},0, {-1095, -9963},{0xFF, 0x51, 0x4B, 0xFF}}},
	{{{-5431, 189, -1003},0, {-1715, -9709},{0xFF, 0x51, 0x4B, 0xFF}}},
	{{{-5431, 189, -1003},0, {-1715, -9709},{0xFF, 0x51, 0x4B, 0xFF}}},
	{{{-5581, 195, -824},0, {-1225, -9728},{0xFF, 0x51, 0x4B, 0xFF}}},
	{{{-5492, 375, -775},0, {-1095, -9963},{0xFF, 0x51, 0x4B, 0xFF}}},
	{{{-5622, 117, -846},0, {-1227, -9612},{0xFF, 0x51, 0x4B, 0xFF}}},
	{{{-5823, -60, -772},0, {-1108, -9261},{0xFF, 0x51, 0x4B, 0xFF}}},
	{{{-6098, -827, -1138},0, {-1798, -8163},{0xFF, 0x51, 0x4B, 0xFF}}},
	{{{-5839, -58, -751},0, {-1030, -9224},{0xFF, 0x51, 0x4B, 0xFF}}},
	{{{-6231, -695, -749},0, {-925, -7893},{0xFF, 0x51, 0x4B, 0xFF}}},
	{{{-6471, -1383, -836},0, {-1010, -6469},{0xFF, 0x51, 0x4B, 0xFF}}},
	{{{-6144, -1401, -1253},0, {-1948, -6902},{0xFF, 0x51, 0x4B, 0xFF}}},
	{{{-6190, -1976, -1368},0, {-1997, -5889},{0xFF, 0x51, 0x4B, 0xFF}}},
	{{{-6635, -1928, -890},0, {-1052, -5690},{0xFF, 0x51, 0x4B, 0xFF}}},
	{{{-6689, -2383, -1281},0, {-1748, -4631},{0xFF, 0x7D, 0x78, 0xFF}}},
	{{{-6744, -2294, -1090},0, {-1200, -4866},{0xFF, 0x51, 0x4B, 0xFF}}},
	{{{-6784, -2381, -1113},0, {-1265, -4528},{0xFF, 0x51, 0x4B, 0xFF}}},
	{{{-6916, -2527, -1163},0, {-1239, -4073},{0xFF, 0x51, 0x4B, 0xFF}}},
	{{{-6916, -2527, -1163},0, {-1239, -4073},{0xFF, 0x51, 0x4B, 0xFF}}},
	{{{-6689, -2383, -1281},0, {-1748, -4631},{0xFF, 0x7D, 0x78, 0xFF}}},
	{{{-7168, -2772, -1198},0, {-1332, -3538},{0xFF, 0x51, 0x4B, 0xFF}}},
	{{{-7127, -2697, -1091},0, {-1054, -3772},{0xFF, 0x51, 0x4B, 0xFF}}},
	{{{-7208, -2755, -905},0, {-964, -3772},{0xFF, 0x51, 0x4B, 0xFF}}},
	{{{-7228, -2773, -874},0, {-734, -3525},{0xFF, 0x51, 0x4B, 0xFF}}},
	{{{-7236, -2790, -1194},0, {-1311, -3394},{0xFF, 0x51, 0x4B, 0xFF}}},
	{{{-7288, -2791, -873},0, {-723, -3386},{0xFF, 0x51, 0x4B, 0xFF}}},
	{{{-7259, -2772, -1198},0, {-1310, -3293},{0xFF, 0x51, 0x4B, 0xFF}}},
	{{{-7358, -2794, -874},0, {-721, -3286},{0xFF, 0x51, 0x4B, 0xFF}}},
	{{{-7840, -2837, -1233},0, {-1290, -1940},{0xFF, 0x51, 0x4B, 0xFF}}},
	{{{-7877, -2857, -900},0, {-678, -1955},{0xFF, 0x51, 0x4B, 0xFF}}},
	{{{-8428, -2888, -1290},0, {-1287, -729},{0xFF, 0x51, 0x4B, 0xFF}}},
	{{{-8437, -2909, -929},0, {-640, -762},{0xFF, 0x51, 0x4B, 0xFF}}},
	{{{-9690, -2925, -1005},0, {-586, 2207},{0xFF, 0x51, 0x4B, 0xFF}}},
	{{{-9690, -2903, -1451},0, {-1382, 2254},{0xFF, 0x51, 0x4B, 0xFF}}},
	{{{-10324, -2925, -1043},0, {-574, 3434},{0xFF, 0x51, 0x4B, 0xFF}}},
	{{{-9690, -2925, -1005},0, {-586, 2207},{0xFF, 0x51, 0x4B, 0xFF}}},
	{{{-9690, -2903, -1451},0, {-1382, 2254},{0xFF, 0x51, 0x4B, 0xFF}}},
	{{{-10323, -2903, -1534},0, {-1449, 3486},{0xFF, 0x51, 0x4B, 0xFF}}},
	{{{-10894, -2925, -1077},0, {-564, 4602},{0xFF, 0x51, 0x4B, 0xFF}}},
	{{{-10892, -2903, -1607},0, {-1509, 4658},{0xFF, 0x51, 0x4B, 0xFF}}},
	{{{-11605, -2925, -1120},0, {-550, 6059},{0xFF, 0x51, 0x4B, 0xFF}}},
	{{{-11605, -2903, -1700},0, {-1584, 6120},{0xFF, 0x51, 0x4B, 0xFF}}},
	{{{-12881, -2903, -1700},0, {-1430, 8727},{0xFF, 0x51, 0x4B, 0xFF}}},
	{{{-12881, -2925, -1120},0, {-396, 8666},{0xFF, 0x51, 0x4B, 0xFF}}},
	{{{-13592, -2925, -1077},0, {-237, 9816},{0xFF, 0x51, 0x4B, 0xFF}}},
	{{{-13593, -2903, -1607},0, {-1183, 9871},{0xFF, 0x51, 0x4B, 0xFF}}},
	{{{-13953, -2915, -1285},0, {-306, 10995},{0xFF, 0x51, 0x4B, 0xFF}}},
	{{{-14164, -2903, -1533},0, {-985, 11517},{0xFF, 0x51, 0x4B, 0xFF}}},
	{{{-14163, -2911, -1361},0, {-342, 11499},{0xFF, 0x51, 0x4B, 0xFF}}},
	{{{-13865, -2925, -1061},0, {-99, 10888},{0xFF, 0x51, 0x4B, 0xFF}}},
	{{{-9690, -2925, -432},0, {396, 2170},{0xFF, 0x51, 0x4B, 0xFF}}},
	{{{-9690, -2925, -559},0, {173, 2162},{0xFF, 0x51, 0x4B, 0xFF}}},
	{{{-9751, -2925, -559},0, {290, 2236},{0xFF, 0x51, 0x4B, 0xFF}}},
	{{{-9848, -2925, -759},0, {120, 2342},{0xFF, 0x51, 0x4B, 0xFF}}},
	{{{-9690, -2925, -1005},0, {-586, 2207},{0xFF, 0x51, 0x4B, 0xFF}}},
	{{{-8437, -2909, -929},0, {-640, -762},{0xFF, 0x51, 0x4B, 0xFF}}},
	{{{-9054, -2924, -565},0, {85, 615},{0xFF, 0x51, 0x4B, 0xFF}}},
	{{{-9690, -2925, -432},0, {397, 2169},{0xFF, 0x51, 0x4B, 0xFF}}},
	{{{-9054, -2924, -198},0, {711, 578},{0xFF, 0x51, 0x4B, 0xFF}}},
	{{{-9690, -2925, -151},0, {868, 2121},{0xFF, 0x51, 0x4B, 0xFF}}},
	{{{-9052, -2905, 134},0, {1302, 543},{0xFF, 0x51, 0x4B, 0xFF}}},
	{{{-9690, -2905, 220},0, {1526, 2082},{0xFF, 0x51, 0x4B, 0xFF}}},
	{{{-9848, -2923, -108},0, {694, 2310},{0xFF, 0x51, 0x4B, 0xFF}}},
	{{{-9832, -2925, -140},0, {663, 2296},{0xFF, 0x51, 0x4B, 0xFF}}},
	{{{-9690, -2925, -432},0, {398, 2169},{0xFF, 0x51, 0x4B, 0xFF}}},
	{{{-10328, -2905, 303},0, {1746, 3296},{0xFF, 0x51, 0x4B, 0xFF}}},
	{{{-10328, -2905, 303},0, {1746, 3296},{0xFF, 0x51, 0x4B, 0xFF}}},
	{{{-9848, -2923, -108},0, {694, 2310},{0xFF, 0x51, 0x4B, 0xFF}}},
	{{{-10272, -2919, 12},0, {876, 3218},{0xFF, 0x51, 0x4B, 0xFF}}},
	{{{-10325, -2920, -3},0, {865, 3329},{0xFF, 0x51, 0x4B, 0xFF}}},
	{{{-10610, -2925, -84},0, {792, 3920},{0xFF, 0x51, 0x4B, 0xFF}}},
	{{{-10934, -2905, 382},0, {1944, 4454},{0xFF, 0x51, 0x4B, 0xFF}}},
	{{{-10897, -2925, -63},0, {1163, 4500},{0xFF, 0x51, 0x4B, 0xFF}}},
	{{{-10696, -2925, -107},0, {777, 4010},{0xFF, 0x51, 0x4B, 0xFF}}},
	{{{-10854, -2925, -433},0, {506, 4192},{0xFF, 0x51, 0x4B, 0xFF}}},
	{{{-10894, -2925, -548},0, {337, 4549},{0xFF, 0x51, 0x4B, 0xFF}}},
	{{{-10798, -2925, -549},0, {403, 4140},{0xFF, 0x51, 0x4B, 0xFF}}},
	{{{-10696, -2925, -759},0, {215, 4046},{0xFF, 0x51, 0x4B, 0xFF}}},
	{{{-10894, -2925, -1077},0, {-564, 4602},{0xFF, 0x51, 0x4B, 0xFF}}},
	{{{-10324, -2925, -1043},0, {-574, 3434},{0xFF, 0x51, 0x4B, 0xFF}}},
	{{{-10324, -2925, -866},0, {61, 3416},{0xFF, 0x51, 0x4B, 0xFF}}},
	{{{-10272, -2925, -881},0, {43, 3312},{0xFF, 0x51, 0x4B, 0xFF}}},
	{{{-10324, -2925, -1043},0, {-574, 3434},{0xFF, 0x51, 0x4B, 0xFF}}},
	{{{-10272, -2925, -881},0, {43, 3312},{0xFF, 0x51, 0x4B, 0xFF}}},
	{{{-9848, -2925, -759},0, {120, 2342},{0xFF, 0x51, 0x4B, 0xFF}}},
	{{{-9690, -2925, -1005},0, {-586, 2207},{0xFF, 0x51, 0x4B, 0xFF}}},
	{{{-11605, -2925, -542},0, {434, 6001},{0xFF, 0x51, 0x4B, 0xFF}}},
	{{{-10894, -2925, -548},0, {337, 4549},{0xFF, 0x51, 0x4B, 0xFF}}},
	{{{-10894, -2925, -1077},0, {-564, 4602},{0xFF, 0x51, 0x4B, 0xFF}}},
	{{{-11605, -2925, -11},0, {1337, 5947},{0xFF, 0x51, 0x4B, 0xFF}}},
	{{{-12881, -2925, -11},0, {1491, 8555},{0xFF, 0x51, 0x4B, 0xFF}}},
	{{{-12881, -2925, -542},0, {588, 8608},{0xFF, 0x51, 0x4B, 0xFF}}},
	{{{-11605, -2925, -1120},0, {-550, 6059},{0xFF, 0x51, 0x4B, 0xFF}}},
	{{{-12881, -2925, -1120},0, {-396, 8666},{0xFF, 0x51, 0x4B, 0xFF}}},
	{{{-13592, -2925, -548},0, {663, 9762},{0xFF, 0x51, 0x4B, 0xFF}}},
	{{{-13592, -2925, -1077},0, {-237, 9816},{0xFF, 0x51, 0x4B, 0xFF}}},
	{{{-13827, -2925, -968},0, {-18, 10842},{0xFF, 0x51, 0x4B, 0xFF}}},
	{{{-13865, -2925, -1061},0, {-99, 10888},{0xFF, 0x51, 0x4B, 0xFF}}},
	{{{-13592, -2925, -548},0, {663, 9762},{0xFF, 0x51, 0x4B, 0xFF}}},
	{{{-13827, -2925, -968},0, {-18, 10842},{0xFF, 0x51, 0x4B, 0xFF}}},
	{{{-13952, -2925, -645},0, {280, 10960},{0xFF, 0x51, 0x4B, 0xFF}}},
	{{{-14162, -2925, -567},0, {391, 11416},{0xFF, 0x51, 0x4B, 0xFF}}},
	{{{-14161, -2925, -104},0, {1488, 11371},{0xFF, 0x51, 0x4B, 0xFF}}},
	{{{-14198, -2925, -554},0, {393, 11490},{0xFF, 0x51, 0x4B, 0xFF}}},
	{{{-14283, -2925, -524},0, {425, 11660},{0xFF, 0x51, 0x4B, 0xFF}}},
	{{{-14367, -2925, -555},0, {402, 11835},{0xFF, 0x51, 0x4B, 0xFF}}},
	{{{-14824, -2925, -153},0, {1485, 12728},{0xFF, 0x51, 0x4B, 0xFF}}},
	{{{-14824, -2925, -559},0, {793, 12769},{0xFF, 0x51, 0x4B, 0xFF}}},
	{{{-14614, -2925, -645},0, {353, 12218},{0xFF, 0x51, 0x4B, 0xFF}}},
	{{{-14738, -2925, -968},0, {39, 12387},{0xFF, 0x51, 0x4B, 0xFF}}},
	{{{-14824, -2925, -1003},0, {38, 12813},{0xFF, 0x51, 0x4B, 0xFF}}},
	{{{-14721, -2925, -1009},0, {-3, 12368},{0xFF, 0x51, 0x4B, 0xFF}}},
	{{{-16071, -2925, -926},0, {320, 15355},{0xFF, 0x51, 0x4B, 0xFF}}},
	{{{-16071, -2925, -571},0, {924, 15319},{0xFF, 0x51, 0x4B, 0xFF}}},
	{{{-16071, -2925, -571},0, {924, 15319},{0xFF, 0x51, 0x4B, 0xFF}}},
	{{{-16071, -2925, -926},0, {320, 15355},{0xFF, 0x51, 0x4B, 0xFF}}},
	{{{-17004, -2925, -716},0, {797, 17246},{0xFF, 0x51, 0x4B, 0xFF}}},
	{{{-17063, -2925, -865},0, {664, 17320},{0xFF, 0x51, 0x4B, 0xFF}}},
	{{{-16071, -2903, -1281},0, {-313, 15392},{0xFF, 0x51, 0x4B, 0xFF}}},
	{{{-14824, -2925, -1003},0, {38, 12813},{0xFF, 0x51, 0x4B, 0xFF}}},
	{{{-14837, -2903, -1446},0, {-755, 12860},{0xFF, 0x51, 0x4B, 0xFF}}},
	{{{-14613, -2912, -1284},0, {-300, 12248},{0xFF, 0x51, 0x4B, 0xFF}}},
	{{{-14721, -2925, -1009},0, {-3, 12368},{0xFF, 0x51, 0x4B, 0xFF}}},
	{{{-14283, -2908, -1401},0, {-372, 11745},{0xFF, 0x51, 0x4B, 0xFF}}},
	{{{-14164, -2903, -1533},0, {-985, 11517},{0xFF, 0x51, 0x4B, 0xFF}}},
	{{{-14163, -2911, -1361},0, {-342, 11499},{0xFF, 0x51, 0x4B, 0xFF}}},
	{{{-11605, -2925, -11},0, {1337, 5947},{0xFF, 0x51, 0x4B, 0xFF}}},
	{{{-10897, -2925, -63},0, {1163, 4500},{0xFF, 0x51, 0x4B, 0xFF}}},
	{{{-10894, -2925, -548},0, {337, 4549},{0xFF, 0x51, 0x4B, 0xFF}}},
	{{{-10934, -2905, 382},0, {1944, 4454},{0xFF, 0x51, 0x4B, 0xFF}}},
	{{{-11605, -2925, -11},0, {1337, 5947},{0xFF, 0x51, 0x4B, 0xFF}}},
	{{{-11605, -2905, 470},0, {2191, 5897},{0xFF, 0x51, 0x4B, 0xFF}}},
	{{{-10934, -2905, 382},0, {1944, 4454},{0xFF, 0x51, 0x4B, 0xFF}}},
	{{{-12881, -2925, -11},0, {1491, 8555},{0xFF, 0x51, 0x4B, 0xFF}}},
	{{{-12881, -2905, 470},0, {2345, 8504},{0xFF, 0x51, 0x4B, 0xFF}}},
	{{{-13551, -2905, 382},0, {2270, 9667},{0xFF, 0x51, 0x4B, 0xFF}}},
	{{{-13589, -2925, -63},0, {1489, 9713},{0xFF, 0x51, 0x4B, 0xFF}}},
	{{{-12881, -2925, -542},0, {588, 8608},{0xFF, 0x51, 0x4B, 0xFF}}},
	{{{-13592, -2925, -548},0, {663, 9762},{0xFF, 0x51, 0x4B, 0xFF}}},
	{{{-14161, -2925, -104},0, {1488, 11371},{0xFF, 0x51, 0x4B, 0xFF}}},
	{{{-14157, -2905, 303},0, {2210, 11328},{0xFF, 0x51, 0x4B, 0xFF}}},
	{{{-14828, -2905, 215},0, {2140, 12689},{0xFF, 0x51, 0x4B, 0xFF}}},
	{{{-14824, -2925, -153},0, {1485, 12728},{0xFF, 0x51, 0x4B, 0xFF}}},
	{{{-16071, -2904, 48},0, {2000, 15255},{0xFF, 0x51, 0x4B, 0xFF}}},
	{{{-16071, -2925, -246},0, {1477, 15286},{0xFF, 0x51, 0x4B, 0xFF}}},
	{{{-14824, -2925, -559},0, {793, 12769},{0xFF, 0x51, 0x4B, 0xFF}}},
	{{{-16071, -2925, -246},0, {1477, 15286},{0xFF, 0x51, 0x4B, 0xFF}}},
	{{{-14824, -2925, -559},0, {793, 12769},{0xFF, 0x51, 0x4B, 0xFF}}},
	{{{-16071, -2925, -571},0, {924, 15319},{0xFF, 0x51, 0x4B, 0xFF}}},
	{{{-17058, -2925, -581},0, {926, 17298},{0xFF, 0x51, 0x4B, 0xFF}}},
	{{{-17004, -2925, -716},0, {797, 17246},{0xFF, 0x51, 0x4B, 0xFF}}},
	{{{-17127, -2925, -412},0, {1085, 17365},{0xFF, 0x51, 0x4B, 0xFF}}},
	{{{-17309, -2925, -348},0, {1195, 17708},{0xFF, 0x51, 0x4B, 0xFF}}},
	{{{-17303, -2904, -114},0, {1865, 17737},{0xFF, 0x51, 0x4B, 0xFF}}},
	{{{-17338, -2925, -338},0, {1198, 17768},{0xFF, 0x51, 0x4B, 0xFF}}},
	{{{-17455, -2921, -301},0, {1278, 18001},{0xFF, 0x51, 0x4B, 0xFF}}},
	{{{-17781, -2911, -124},0, {1906, 18647},{0xFF, 0x51, 0x4B, 0xFF}}},
	{{{-17575, -2925, -340},0, {1223, 18252},{0xFF, 0x51, 0x4B, 0xFF}}},
	{{{-17754, -2925, -342},0, {1517, 18670},{0xFF, 0x51, 0x4B, 0xFF}}},
	{{{-17754, -2925, -403},0, {1169, 18502},{0xFF, 0x51, 0x4B, 0xFF}}},
	{{{-17783, -2925, -412},0, {1162, 18538},{0xFF, 0x51, 0x4B, 0xFF}}},
	{{{-18160, -2925, -342},0, {1566, 19500},{0xFF, 0x51, 0x4B, 0xFF}}},
	{{{-17852, -2925, -583},0, {995, 18631},{0xFF, 0x51, 0x4B, 0xFF}}},
	{{{-18160, -2925, -342},0, {1566, 19500},{0xFF, 0x51, 0x4B, 0xFF}}},
	{{{-17783, -2925, -412},0, {1162, 18538},{0xFF, 0x51, 0x4B, 0xFF}}},
	{{{-18160, -2925, -583},0, {1156, 19524},{0xFF, 0x51, 0x4B, 0xFF}}},
	{{{-17906, -2925, -716},0, {866, 18704},{0xFF, 0x51, 0x4B, 0xFF}}},
	{{{-18160, -2925, -847},0, {708, 19551},{0xFF, 0x51, 0x4B, 0xFF}}},
	{{{-17853, -2925, -847},0, {731, 18647},{0xFF, 0x51, 0x4B, 0xFF}}},
	{{{-18160, -2903, -1110},0, {237, 19579},{0xFF, 0x51, 0x4B, 0xFF}}},
	{{{-17779, -2911, -1012},0, {552, 18570},{0xFF, 0x51, 0x4B, 0xFF}}},
	{{{-17752, -2903, -1111},0, {188, 18749},{0xFF, 0x51, 0x4B, 0xFF}}},
	{{{-17753, -2911, -1020},0, {543, 18539},{0xFF, 0x51, 0x4B, 0xFF}}},
	{{{-17455, -2903, -1117},0, {370, 18159},{0xFF, 0x51, 0x4B, 0xFF}}},
	{{{-17290, -2903, -1122},0, {121, 17840},{0xFF, 0x51, 0x4B, 0xFF}}},
	{{{-17294, -2907, -1067},0, {426, 17902},{0xFF, 0x51, 0x4B, 0xFF}}},
	{{{-18566, -2903, -1110},0, {286, 20409},{0xFF, 0x51, 0x4B, 0xFF}}},
	{{{-18566, -2925, -847},0, {757, 20381},{0xFF, 0x51, 0x4B, 0xFF}}},
	{{{-19363, -2903, -1099},0, {385, 22069},{0xFF, 0x51, 0x4B, 0xFF}}},
	{{{-18566, -2925, -847},0, {757, 20381},{0xFF, 0x51, 0x4B, 0xFF}}},
	{{{-18566, -2903, -1110},0, {286, 20409},{0xFF, 0x51, 0x4B, 0xFF}}},
	{{{-19376, -2925, -845},0, {855, 22041},{0xFF, 0x51, 0x4B, 0xFF}}},
	{{{-19648, -2892, -1029},0, {434, 22899},{0xFF, 0x51, 0x4B, 0xFF}}},
	{{{-19750, -2903, -351},0, {1763, 22820},{0xFF, 0x51, 0x4B, 0xFF}}},
	{{{-19376, -2925, -344},0, {1714, 21990},{0xFF, 0x51, 0x4B, 0xFF}}},
	{{{-19630, -2896, -190},0, {2152, 22797},{0xFF, 0x51, 0x4B, 0xFF}}},
	{{{-19334, -2912, -133},0, {2102, 21967},{0xFF, 0x51, 0x4B, 0xFF}}},
	{{{-18566, -2925, -342},0, {1616, 20330},{0xFF, 0x51, 0x4B, 0xFF}}},
	{{{-18566, -2915, -124},0, {2004, 20307},{0xFF, 0x51, 0x4B, 0xFF}}},
	{{{-18161, -2924, -129},0, {1955, 19477},{0xFF, 0x51, 0x4B, 0xFF}}},
	{{{-18160, -2925, -342},0, {1566, 19500},{0xFF, 0x51, 0x4B, 0xFF}}},
	{{{-17781, -2911, -124},0, {1906, 18647},{0xFF, 0x51, 0x4B, 0xFF}}},
	{{{-17754, -2925, -342},0, {1517, 18670},{0xFF, 0x51, 0x4B, 0xFF}}},
	{{{-18160, -2925, -847},0, {708, 19551},{0xFF, 0x51, 0x4B, 0xFF}}},
	{{{-18160, -2925, -342},0, {1566, 19500},{0xFF, 0x51, 0x4B, 0xFF}}},
	{{{-18160, -2925, -583},0, {1156, 19524},{0xFF, 0x51, 0x4B, 0xFF}}},
	{{{-18160, -2925, -847},0, {708, 19551},{0xFF, 0x51, 0x4B, 0xFF}}},
	{{{-14157, -2905, 303},0, {2210, 11328},{0xFF, 0x51, 0x4B, 0xFF}}},
	{{{-13551, -2905, 382},0, {2270, 9667},{0xFF, 0x51, 0x4B, 0xFF}}},
	{{{-13589, -2925, -63},0, {1489, 9713},{0xFF, 0x51, 0x4B, 0xFF}}},
	{{{-17303, -2904, -114},0, {1865, 17737},{0xFF, 0x51, 0x4B, 0xFF}}},
	{{{-16071, -2904, 48},0, {2000, 15255},{0xFF, 0x51, 0x4B, 0xFF}}},
	{{{-16071, -2925, -246},0, {1477, 15286},{0xFF, 0x51, 0x4B, 0xFF}}},
	{{{-9054, -2924, -198},0, {711, 578},{0xFF, 0x51, 0x4B, 0xFF}}},
	{{{-9052, -2905, 134},0, {1302, 543},{0xFF, 0x51, 0x4B, 0xFF}}},
	{{{-8425, -2898, 53},0, {1070, -859},{0xFF, 0x51, 0x4B, 0xFF}}},
	{{{-8440, -2910, -240},0, {538, -827},{0xFF, 0x51, 0x4B, 0xFF}}},
	{{{-8187, -2883, -192},0, {457, -1338},{0xFF, 0x51, 0x4B, 0xFF}}},
	{{{-7885, -2839, 13},0, {919, -2032},{0xFF, 0x51, 0x4B, 0xFF}}},
	{{{-7918, -2851, -130},0, {496, -1836},{0xFF, 0x51, 0x4B, 0xFF}}},
	{{{-7885, -2839, 13},0, {919, -2032},{0xFF, 0x51, 0x4B, 0xFF}}},
	{{{-7891, -2849, -141},0, {473, -1893},{0xFF, 0x51, 0x4B, 0xFF}}},
	{{{-7918, -2851, -130},0, {496, -1836},{0xFF, 0x51, 0x4B, 0xFF}}},
	{{{-8440, -2910, -240},0, {538, -827},{0xFF, 0x51, 0x4B, 0xFF}}},
	{{{-8187, -2883, -192},0, {457, -1338},{0xFF, 0x51, 0x4B, 0xFF}}},
	{{{-8213, -2888, -251},0, {390, -1317},{0xFF, 0x51, 0x4B, 0xFF}}},
	{{{-9054, -2924, -565},0, {85, 615},{0xFF, 0x51, 0x4B, 0xFF}}},
	{{{-9054, -2924, -198},0, {711, 578},{0xFF, 0x51, 0x4B, 0xFF}}},
	{{{-8441, -2909, -569},0, {-25, -795},{0xFF, 0x51, 0x4B, 0xFF}}},
	{{{-8298, -2896, -445},0, {317, -1273},{0xFF, 0x51, 0x4B, 0xFF}}},
	{{{-8213, -2888, -251},0, {390, -1317},{0xFF, 0x51, 0x4B, 0xFF}}},
	{{{-8241, -2890, -569},0, {210, -1268},{0xFF, 0x51, 0x4B, 0xFF}}},
	{{{-8437, -2909, -929},0, {-640, -762},{0xFF, 0x51, 0x4B, 0xFF}}},
	{{{-8188, -2885, -699},0, {38, -1286},{0xFF, 0x51, 0x4B, 0xFF}}},
	{{{-8241, -2890, -569},0, {210, -1268},{0xFF, 0x51, 0x4B, 0xFF}}},
	{{{-7877, -2857, -900},0, {-678, -1955},{0xFF, 0x51, 0x4B, 0xFF}}},
	{{{-8188, -2885, -699},0, {38, -1286},{0xFF, 0x51, 0x4B, 0xFF}}},
	{{{-7918, -2860, -768},0, {-76, -1860},{0xFF, 0x51, 0x4B, 0xFF}}},
	{{{-7877, -2857, -900},0, {-678, -1955},{0xFF, 0x51, 0x4B, 0xFF}}},
	{{{-7884, -2857, -754},0, {-57, -1934},{0xFF, 0x51, 0x4B, 0xFF}}},
	{{{-7398, -2794, -285},0, {330, -3311},{0xFF, 0x51, 0x4B, 0xFF}}},
	{{{-7660, -2827, -275},0, {302, -2385},{0xFF, 0x51, 0x4B, 0xFF}}},
	{{{-7679, -2827, -236},0, {335, -2340},{0xFF, 0x51, 0x4B, 0xFF}}},
	{{{-7352, -2774, -12},0, {793, -3342},{0xFF, 0x51, 0x4B, 0xFF}}},
	{{{-7885, -2839, 13},0, {919, -2032},{0xFF, 0x51, 0x4B, 0xFF}}},
	{{{-7891, -2849, -141},0, {473, -1893},{0xFF, 0x51, 0x4B, 0xFF}}},
	{{{-7329, -2791, -285},0, {326, -3410},{0xFF, 0x51, 0x4B, 0xFF}}},
	{{{-7317, -2791, -18},0, {787, -3441},{0xFF, 0x51, 0x4B, 0xFF}}},
	{{{-7274, -2773, -281},0, {332, -3545},{0xFF, 0x51, 0x4B, 0xFF}}},
	{{{-7260, -2773, -11},0, {798, -3577},{0xFF, 0x51, 0x4B, 0xFF}}},
	{{{-7067, -2380, -186},0, {447, -4447},{0xFF, 0x51, 0x4B, 0xFF}}},
	{{{-7016, -2385, 142},0, {1021, -4498},{0xFF, 0x7D, 0x78, 0xFF}}},
	{{{-6879, -1929, -103},0, {537, -5562},{0xFF, 0x51, 0x4B, 0xFF}}},
	{{{-7067, -2380, -186},0, {447, -4447},{0xFF, 0x51, 0x4B, 0xFF}}},
	{{{-7016, -2385, 142},0, {1021, -4498},{0xFF, 0x7D, 0x78, 0xFF}}},
	{{{-6762, -1980, 302},0, {1181, -5633},{0xFF, 0x51, 0x4B, 0xFF}}},
	{{{-6724, -1385, -54},0, {572, -6520},{0xFF, 0x51, 0x4B, 0xFF}}},
	{{{-6656, -1405, 318},0, {1217, -6611},{0xFF, 0x51, 0x4B, 0xFF}}},
	{{{-6549, -830, 334},0, {1170, -8413},{0xFF, 0x51, 0x4B, 0xFF}}},
	{{{-6477, -696, -8},0, {559, -8311},{0xFF, 0x51, 0x4B, 0xFF}}},
	{{{-6429, -684, -372},0, {-124, -8153},{0xFF, 0x51, 0x4B, 0xFF}}},
	{{{-5455, 1204, -27},0, {111, -11646},{0xFF, 0x51, 0x4B, 0xFF}}},
	{{{-5498, 1204, 284},0, {727, -11630},{0xFF, 0x51, 0x4B, 0xFF}}},
	{{{-5064, 2233, 384},0, {657, -13814},{0xFF, 0x51, 0x4B, 0xFF}}},
	{{{-5090, 2231, 675},0, {1207, -13809},{0xFF, 0x51, 0x4B, 0xFF}}},
	{{{-4903, 2798, 709},0, {1094, -15262},{0xFF, 0x51, 0x4B, 0xFF}}},
	{{{-4870, 2901, 857},0, {1222, -15405},{0xFF, 0x51, 0x4B, 0xFF}}},
	{{{-4854, 2950, 875},0, {1277, -15566},{0xFF, 0x51, 0x4B, 0xFF}}},
	{{{-5090, 2231, 675},0, {1207, -13809},{0xFF, 0x51, 0x4B, 0xFF}}},
	{{{-4734, 3317, 998},0, {1612, -16076},{0xFF, 0x51, 0x4B, 0xFF}}},
	{{{-4854, 2950, 875},0, {1277, -15566},{0xFF, 0x51, 0x4B, 0xFF}}},
	{{{-4792, 3136, 860},0, {1237, -15782},{0xFF, 0x51, 0x4B, 0xFF}}},
	{{{-4755, 3239, 709},0, {1126, -15880},{0xFF, 0x51, 0x4B, 0xFF}}},
	{{{-4728, 3324, 730},0, {1149, -16068},{0xFF, 0x51, 0x4B, 0xFF}}},
	{{{-4366, 4471, 798},0, {1219, -17930},{0xFF, 0x51, 0x4B, 0xFF}}},
	{{{-4368, 4477, 1005},0, {1593, -17939},{0xFF, 0x51, 0x4B, 0xFF}}},
	{{{-4051, 5437, 893},0, {1385, -19448},{0xFF, 0x51, 0x4B, 0xFF}}},
	{{{-4045, 5406, 731},0, {1081, -19443},{0xFF, 0x51, 0x4B, 0xFF}}},
	{{{-4266, 4477, 565},0, {758, -18008},{0xFF, 0x51, 0x4B, 0xFF}}},
	{{{-4615, 3317, 461},0, {580, -16161},{0xFF, 0x51, 0x4B, 0xFF}}},
	{{{-4720, 3207, 592},0, {932, -15799},{0xFF, 0x51, 0x4B, 0xFF}}},
	{{{-4711, 3166, 527},0, {884, -15712},{0xFF, 0x51, 0x4B, 0xFF}}},
	{{{-4741, 3080, 508},0, {876, -15630},{0xFF, 0x51, 0x4B, 0xFF}}},
	{{{-4895, 2231, 67},0, {-11, -13954},{0xFF, 0x51, 0x4B, 0xFF}}},
	{{{-4895, 2231, 67},0, {-11, -13954},{0xFF, 0x51, 0x4B, 0xFF}}},
	{{{-4823, 2888, 501},0, {878, -15382},{0xFF, 0x51, 0x4B, 0xFF}}},
	{{{-4741, 3080, 508},0, {876, -15630},{0xFF, 0x51, 0x4B, 0xFF}}},
	{{{-4873, 2819, 547},0, {987, -15278},{0xFF, 0x51, 0x4B, 0xFF}}},
	{{{-5064, 2233, 384},0, {657, -13814},{0xFF, 0x51, 0x4B, 0xFF}}},
	{{{-5455, 1204, -27},0, {111, -11646},{0xFF, 0x51, 0x4B, 0xFF}}},
	{{{-5232, 1205, -377},0, {-626, -11645},{0xFF, 0x51, 0x4B, 0xFF}}},
	{{{-5631, 465, -531},0, {-887, -9933},{0xFF, 0x51, 0x4B, 0xFF}}},
	{{{-5607, 476, -557},0, {-927, -9947},{0xFF, 0x51, 0x4B, 0xFF}}},
	{{{-5562, 499, -590},0, {-987, -9968},{0xFF, 0x51, 0x4B, 0xFF}}},
	{{{-5515, 473, -666},0, {-1025, -9968},{0xFF, 0x51, 0x4B, 0xFF}}},
	{{{-5965, 205, -266},0, {-105, -9458},{0xFF, 0x51, 0x4B, 0xFF}}},
	{{{-6429, -684, -372},0, {-124, -8153},{0xFF, 0x51, 0x4B, 0xFF}}},
	{{{-5897, -4, -590},0, {-915, -9242},{0xFF, 0x51, 0x4B, 0xFF}}},
	{{{-5890, 46, -551},0, {-815, -9291},{0xFF, 0x51, 0x4B, 0xFF}}},
	{{{-5813, 203, -517},0, {-812, -9548},{0xFF, 0x51, 0x4B, 0xFF}}},
	{{{-5775, 276, -501},0, {-812, -9670},{0xFF, 0x51, 0x4B, 0xFF}}},
	{{{-5813, 203, -517},0, {-812, -9548},{0xFF, 0x51, 0x4B, 0xFF}}},
	{{{-5965, 205, -266},0, {-105, -9458},{0xFF, 0x51, 0x4B, 0xFF}}},
	{{{-5631, 465, -531},0, {-887, -9933},{0xFF, 0x51, 0x4B, 0xFF}}},
	{{{-6429, -684, -372},0, {-124, -8153},{0xFF, 0x51, 0x4B, 0xFF}}},
	{{{-5897, -4, -590},0, {-915, -9242},{0xFF, 0x51, 0x4B, 0xFF}}},
	{{{-6231, -695, -749},0, {-925, -7893},{0xFF, 0x51, 0x4B, 0xFF}}},
	{{{-5877, -36, -658},0, {-964, -9230},{0xFF, 0x51, 0x4B, 0xFF}}},
	{{{-5839, -58, -751},0, {-1030, -9224},{0xFF, 0x51, 0x4B, 0xFF}}},
	{{{-6471, -1383, -836},0, {-1010, -6469},{0xFF, 0x51, 0x4B, 0xFF}}},
	{{{-6690, -1381, -435},0, {-153, -6518},{0xFF, 0x51, 0x4B, 0xFF}}},
	{{{-6635, -1928, -890},0, {-1052, -5690},{0xFF, 0x51, 0x4B, 0xFF}}},
	{{{-6851, -1925, -484},0, {-189, -5564},{0xFF, 0x51, 0x4B, 0xFF}}},
	{{{-6767, -2145, -892},0, {-989, -4922},{0xFF, 0x51, 0x4B, 0xFF}}},
	{{{-6865, -2186, -754},0, {-885, -4932},{0xFF, 0x51, 0x4B, 0xFF}}},
	{{{-7046, -2379, -527},0, {-192, -4442},{0xFF, 0x51, 0x4B, 0xFF}}},
	{{{-6999, -2388, -671},0, {-705, -4593},{0xFF, 0x51, 0x4B, 0xFF}}},
	{{{-7046, -2379, -527},0, {-192, -4442},{0xFF, 0x51, 0x4B, 0xFF}}},
	{{{-6865, -2186, -754},0, {-885, -4932},{0xFF, 0x51, 0x4B, 0xFF}}},
	{{{-6851, -1925, -484},0, {-189, -5564},{0xFF, 0x51, 0x4B, 0xFF}}},
	{{{-7067, -2380, -186},0, {447, -4447},{0xFF, 0x51, 0x4B, 0xFF}}},
	{{{-7274, -2773, -281},0, {332, -3545},{0xFF, 0x51, 0x4B, 0xFF}}},
	{{{-7267, -2773, -565},0, {-171, -3525},{0xFF, 0x51, 0x4B, 0xFF}}},
	{{{-7086, -2508, -692},0, {-638, -4184},{0xFF, 0x51, 0x4B, 0xFF}}},
	{{{-6999, -2388, -671},0, {-695, -4569},{0xFF, 0x51, 0x4B, 0xFF}}},
	{{{-7163, -2626, -723},0, {-764, -3824},{0xFF, 0x51, 0x4B, 0xFF}}},
	{{{-7228, -2773, -874},0, {-734, -3525},{0xFF, 0x51, 0x4B, 0xFF}}},
	{{{-7199, -2738, -876},0, {-835, -3811},{0xFF, 0x51, 0x4B, 0xFF}}},
	{{{-7208, -2755, -905},0, {-964, -3772},{0xFF, 0x51, 0x4B, 0xFF}}},
	{{{-7288, -2791, -873},0, {-723, -3386},{0xFF, 0x51, 0x4B, 0xFF}}},
	{{{-7323, -2791, -567},0, {-170, -3389},{0xFF, 0x51, 0x4B, 0xFF}}},
	{{{-7358, -2794, -874},0, {-721, -3286},{0xFF, 0x51, 0x4B, 0xFF}}},
	{{{-7358, -2794, -874},0, {-721, -3286},{0xFF, 0x51, 0x4B, 0xFF}}},
	{{{-7392, -2794, -567},0, {-167, -3290},{0xFF, 0x51, 0x4B, 0xFF}}},
	{{{-7323, -2791, -567},0, {-170, -3389},{0xFF, 0x51, 0x4B, 0xFF}}},
	{{{-7677, -2830, -656},0, {-16, -2296},{0xFF, 0x51, 0x4B, 0xFF}}},
	{{{-7877, -2857, -900},0, {-678, -1955},{0xFF, 0x51, 0x4B, 0xFF}}},
	{{{-7884, -2857, -754},0, {-57, -1934},{0xFF, 0x51, 0x4B, 0xFF}}},
	{{{-7639, -2825, -568},0, {55, -2398},{0xFF, 0x51, 0x4B, 0xFF}}},
	{{{-4755, 3239, 709},0, {1126, -15880},{0xFF, 0x51, 0x4B, 0xFF}}},
	{{{-4728, 3324, 730},0, {1149, -16068},{0xFF, 0x51, 0x4B, 0xFF}}},
	{{{-4720, 3207, 592},0, {932, -15799},{0xFF, 0x51, 0x4B, 0xFF}}},
	{{{-6851, -1925, -484},0, {-189, -5564},{0xFF, 0x51, 0x4B, 0xFF}}},
	{{{-7067, -2380, -186},0, {447, -4447},{0xFF, 0x51, 0x4B, 0xFF}}},
	{{{-6879, -1929, -103},0, {537, -5562},{0xFF, 0x51, 0x4B, 0xFF}}},
	{{{-6690, -1381, -435},0, {-153, -6518},{0xFF, 0x51, 0x4B, 0xFF}}},
	{{{-6724, -1385, -54},0, {572, -6520},{0xFF, 0x51, 0x4B, 0xFF}}},
	{{{-6429, -684, -372},0, {-124, -8153},{0xFF, 0x51, 0x4B, 0xFF}}},
	{{{-5064, 2233, 384},0, {657, -13814},{0xFF, 0x51, 0x4B, 0xFF}}},
	{{{-4903, 2798, 709},0, {1094, -15262},{0xFF, 0x51, 0x4B, 0xFF}}},
	{{{-4877, 2839, 576},0, {1034, -15275},{0xFF, 0x51, 0x4B, 0xFF}}},
	{{{-4873, 2819, 547},0, {987, -15278},{0xFF, 0x51, 0x4B, 0xFF}}},
	{{{-7329, -2791, -285},0, {326, -3410},{0xFF, 0x51, 0x4B, 0xFF}}},
	{{{-7274, -2773, -281},0, {332, -3545},{0xFF, 0x51, 0x4B, 0xFF}}},
	{{{-7267, -2773, -565},0, {-171, -3525},{0xFF, 0x51, 0x4B, 0xFF}}},
	{{{-7323, -2791, -567},0, {-170, -3389},{0xFF, 0x51, 0x4B, 0xFF}}},
	{{{-7392, -2794, -567},0, {-167, -3290},{0xFF, 0x51, 0x4B, 0xFF}}},
	{{{-7398, -2794, -285},0, {330, -3311},{0xFF, 0x51, 0x4B, 0xFF}}},
	{{{-7594, -2819, -445},0, {163, -2405},{0xFF, 0x51, 0x4B, 0xFF}}},
	{{{-7639, -2825, -568},0, {55, -2398},{0xFF, 0x51, 0x4B, 0xFF}}},
	{{{-7660, -2827, -275},0, {302, -2385},{0xFF, 0x51, 0x4B, 0xFF}}},
	{{{-17290, -2903, -1122},0, {121, 17840},{0xFF, 0x51, 0x4B, 0xFF}}},
	{{{-17294, -2907, -1067},0, {426, 17902},{0xFF, 0x51, 0x4B, 0xFF}}},
	{{{-17131, -2913, -1013},0, {528, 17412},{0xFF, 0x51, 0x4B, 0xFF}}},
	{{{-16071, -2903, -1281},0, {-313, 15392},{0xFF, 0x51, 0x4B, 0xFF}}},
	{{{-17290, -2903, -1122},0, {121, 17840},{0xFF, 0x51, 0x4B, 0xFF}}},
	{{{-17131, -2913, -1013},0, {528, 17412},{0xFF, 0x51, 0x4B, 0xFF}}},
	{{{-17063, -2925, -865},0, {664, 17320},{0xFF, 0x51, 0x4B, 0xFF}}},
	{{{-6744, -2162, -949},0, {-1095, -4899},{0xFF, 0x51, 0x4B, 0xFF}}},
	{{{-6635, -1928, -890},0, {-1052, -5690},{0xFF, 0x51, 0x4B, 0xFF}}},
	{{{-6744, -2294, -1090},0, {-1200, -4866},{0xFF, 0x51, 0x4B, 0xFF}}},
	{{{-6767, -2145, -892},0, {-1016, -4936},{0xFF, 0x51, 0x4B, 0xFF}}},
};

Gfx jrb_dl_level_005_mesh_layer_1_tri_5[] = {
	gsSPVertex(jrb_dl_level_005_mesh_layer_1_vtx_5 + 0, 16, 0),
	gsSP1Triangle(0, 1, 2, 0),
	gsSP1Triangle(0, 3, 1, 0),
	gsSP1Triangle(0, 4, 3, 0),
	gsSP1Triangle(0, 5, 4, 0),
	gsSP1Triangle(5, 6, 4, 0),
	gsSP1Triangle(5, 7, 6, 0),
	gsSP1Triangle(8, 6, 7, 0),
	gsSP1Triangle(8, 9, 6, 0),
	gsSP1Triangle(8, 10, 9, 0),
	gsSP1Triangle(8, 11, 10, 0),
	gsSP1Triangle(11, 12, 10, 0),
	gsSP1Triangle(11, 13, 12, 0),
	gsSP1Triangle(13, 14, 12, 0),
	gsSP1Triangle(13, 15, 14, 0),
	gsSPVertex(jrb_dl_level_005_mesh_layer_1_vtx_5 + 16, 16, 0),
	gsSP1Triangle(0, 1, 2, 0),
	gsSP1Triangle(0, 2, 3, 0),
	gsSP1Triangle(4, 3, 2, 0),
	gsSP1Triangle(4, 2, 5, 0),
	gsSP1Triangle(6, 4, 5, 0),
	gsSP1Triangle(6, 5, 7, 0),
	gsSP1Triangle(8, 7, 5, 0),
	gsSP1Triangle(9, 8, 5, 0),
	gsSP1Triangle(9, 5, 10, 0),
	gsSP1Triangle(11, 9, 10, 0),
	gsSP1Triangle(11, 10, 12, 0),
	gsSP1Triangle(13, 11, 12, 0),
	gsSP1Triangle(13, 12, 14, 0),
	gsSP1Triangle(15, 11, 13, 0),
	gsSPVertex(jrb_dl_level_005_mesh_layer_1_vtx_5 + 32, 16, 0),
	gsSP1Triangle(0, 1, 2, 0),
	gsSP1Triangle(1, 3, 2, 0),
	gsSP1Triangle(1, 4, 3, 0),
	gsSP1Triangle(4, 5, 3, 0),
	gsSP1Triangle(4, 6, 5, 0),
	gsSP1Triangle(6, 7, 5, 0),
	gsSP1Triangle(6, 8, 7, 0),
	gsSP1Triangle(5, 7, 9, 0),
	gsSP1Triangle(10, 11, 12, 0),
	gsSP1Triangle(10, 12, 13, 0),
	gsSP1Triangle(14, 13, 12, 0),
	gsSP1Triangle(14, 12, 15, 0),
	gsSPVertex(jrb_dl_level_005_mesh_layer_1_vtx_5 + 48, 16, 0),
	gsSP1Triangle(0, 1, 2, 0),
	gsSP1Triangle(0, 2, 3, 0),
	gsSP1Triangle(1, 0, 4, 0),
	gsSP1Triangle(5, 1, 4, 0),
	gsSP1Triangle(5, 4, 6, 0),
	gsSP1Triangle(6, 4, 7, 0),
	gsSP1Triangle(6, 7, 8, 0),
	gsSP1Triangle(9, 8, 7, 0),
	gsSP1Triangle(9, 7, 10, 0),
	gsSP1Triangle(11, 9, 10, 0),
	gsSP1Triangle(11, 10, 12, 0),
	gsSP1Triangle(11, 12, 13, 0),
	gsSP1Triangle(13, 12, 14, 0),
	gsSP1Triangle(12, 15, 14, 0),
	gsSPVertex(jrb_dl_level_005_mesh_layer_1_vtx_5 + 64, 16, 0),
	gsSP1Triangle(0, 1, 2, 0),
	gsSP1Triangle(3, 1, 0, 0),
	gsSP1Triangle(4, 3, 0, 0),
	gsSP1Triangle(0, 5, 4, 0),
	gsSP1Triangle(5, 6, 4, 0),
	gsSP1Triangle(5, 7, 6, 0),
	gsSP1Triangle(5, 8, 7, 0),
	gsSP1Triangle(5, 9, 8, 0),
	gsSP1Triangle(8, 9, 10, 0),
	gsSP1Triangle(8, 10, 11, 0),
	gsSP1Triangle(11, 10, 12, 0),
	gsSP1Triangle(12, 13, 11, 0),
	gsSP1Triangle(12, 14, 13, 0),
	gsSP1Triangle(15, 14, 12, 0),
	gsSPVertex(jrb_dl_level_005_mesh_layer_1_vtx_5 + 80, 16, 0),
	gsSP1Triangle(0, 1, 2, 0),
	gsSP1Triangle(3, 0, 2, 0),
	gsSP1Triangle(4, 3, 2, 0),
	gsSP1Triangle(5, 4, 2, 0),
	gsSP1Triangle(6, 5, 2, 0),
	gsSP1Triangle(6, 7, 5, 0),
	gsSP1Triangle(8, 7, 6, 0),
	gsSP1Triangle(8, 9, 7, 0),
	gsSP1Triangle(10, 9, 8, 0),
	gsSP1Triangle(10, 11, 9, 0),
	gsSP1Triangle(12, 11, 10, 0),
	gsSP1Triangle(12, 13, 11, 0),
	gsSP1Triangle(14, 13, 12, 0),
	gsSP1Triangle(14, 12, 15, 0),
	gsSPVertex(jrb_dl_level_005_mesh_layer_1_vtx_5 + 96, 16, 0),
	gsSP1Triangle(0, 1, 2, 0),
	gsSP1Triangle(0, 2, 3, 0),
	gsSP1Triangle(4, 0, 3, 0),
	gsSP1Triangle(4, 3, 5, 0),
	gsSP1Triangle(6, 4, 5, 0),
	gsSP1Triangle(6, 5, 7, 0),
	gsSP1Triangle(6, 7, 8, 0),
	gsSP1Triangle(6, 8, 9, 0),
	gsSP1Triangle(10, 9, 8, 0),
	gsSP1Triangle(10, 8, 11, 0),
	gsSP1Triangle(10, 11, 12, 0),
	gsSP1Triangle(11, 13, 12, 0),
	gsSP1Triangle(13, 14, 12, 0),
	gsSP1Triangle(10, 12, 15, 0),
	gsSPVertex(jrb_dl_level_005_mesh_layer_1_vtx_5 + 112, 16, 0),
	gsSP1Triangle(0, 1, 2, 0),
	gsSP1Triangle(3, 2, 1, 0),
	gsSP1Triangle(3, 1, 4, 0),
	gsSP1Triangle(5, 4, 1, 0),
	gsSP1Triangle(6, 5, 1, 0),
	gsSP1Triangle(6, 1, 7, 0),
	gsSP1Triangle(8, 6, 7, 0),
	gsSP1Triangle(8, 7, 9, 0),
	gsSP1Triangle(9, 10, 8, 0),
	gsSP1Triangle(9, 11, 10, 0),
	gsSP1Triangle(11, 9, 12, 0),
	gsSP1Triangle(9, 13, 12, 0),
	gsSP1Triangle(13, 9, 14, 0),
	gsSP1Triangle(15, 11, 12, 0),
	gsSPVertex(jrb_dl_level_005_mesh_layer_1_vtx_5 + 128, 16, 0),
	gsSP1Triangle(0, 1, 2, 0),
	gsSP1Triangle(2, 3, 0, 0),
	gsSP1Triangle(0, 3, 4, 0),
	gsSP1Triangle(5, 0, 4, 0),
	gsSP1Triangle(5, 4, 6, 0),
	gsSP1Triangle(6, 4, 7, 0),
	gsSP1Triangle(6, 7, 8, 0),
	gsSP1Triangle(9, 6, 8, 0),
	gsSP1Triangle(8, 10, 9, 0),
	gsSP1Triangle(9, 10, 11, 0),
	gsSP1Triangle(12, 9, 11, 0),
	gsSP1Triangle(11, 13, 12, 0),
	gsSP1Triangle(11, 14, 13, 0),
	gsSP1Triangle(13, 14, 15, 0),
	gsSPVertex(jrb_dl_level_005_mesh_layer_1_vtx_5 + 144, 16, 0),
	gsSP1Triangle(0, 1, 2, 0),
	gsSP1Triangle(0, 2, 3, 0),
	gsSP1Triangle(4, 5, 6, 0),
	gsSP1Triangle(7, 5, 4, 0),
	gsSP1Triangle(8, 7, 4, 0),
	gsSP1Triangle(8, 4, 9, 0),
	gsSP1Triangle(9, 4, 10, 0),
	gsSP1Triangle(4, 6, 10, 0),
	gsSP1Triangle(9, 10, 11, 0),
	gsSP1Triangle(12, 9, 11, 0),
	gsSP1Triangle(12, 11, 13, 0),
	gsSP1Triangle(12, 13, 14, 0),
	gsSP1Triangle(13, 15, 14, 0),
	gsSPVertex(jrb_dl_level_005_mesh_layer_1_vtx_5 + 160, 16, 0),
	gsSP1Triangle(0, 1, 2, 0),
	gsSP1Triangle(2, 3, 0, 0),
	gsSP1Triangle(4, 0, 3, 0),
	gsSP1Triangle(4, 3, 5, 0),
	gsSP1Triangle(6, 4, 5, 0),
	gsSP1Triangle(6, 7, 4, 0),
	gsSP1Triangle(8, 4, 7, 0),
	gsSP1Triangle(8, 7, 9, 0),
	gsSP1Triangle(9, 7, 10, 0),
	gsSP1Triangle(9, 10, 11, 0),
	gsSP1Triangle(12, 9, 11, 0),
	gsSP1Triangle(11, 13, 12, 0),
	gsSP1Triangle(14, 9, 12, 0),
	gsSP1Triangle(14, 15, 9, 0),
	gsSPVertex(jrb_dl_level_005_mesh_layer_1_vtx_5 + 176, 16, 0),
	gsSP1Triangle(0, 1, 2, 0),
	gsSP1Triangle(1, 3, 2, 0),
	gsSP1Triangle(1, 4, 3, 0),
	gsSP1Triangle(4, 1, 5, 0),
	gsSP1Triangle(4, 5, 6, 0),
	gsSP1Triangle(5, 7, 6, 0),
	gsSP1Triangle(5, 8, 7, 0),
	gsSP1Triangle(6, 7, 9, 0),
	gsSP1Triangle(10, 6, 9, 0),
	gsSP1Triangle(9, 11, 10, 0),
	gsSP1Triangle(12, 13, 14, 0),
	gsSP1Triangle(12, 15, 13, 0),
	gsSPVertex(jrb_dl_level_005_mesh_layer_1_vtx_5 + 192, 16, 0),
	gsSP1Triangle(0, 1, 2, 0),
	gsSP1Triangle(1, 0, 3, 0),
	gsSP1Triangle(1, 3, 4, 0),
	gsSP1Triangle(5, 4, 3, 0),
	gsSP1Triangle(5, 3, 6, 0),
	gsSP1Triangle(6, 3, 7, 0),
	gsSP1Triangle(6, 7, 8, 0),
	gsSP1Triangle(9, 6, 8, 0),
	gsSP1Triangle(10, 6, 9, 0),
	gsSP1Triangle(11, 10, 9, 0),
	gsSP1Triangle(11, 9, 12, 0),
	gsSP1Triangle(13, 11, 12, 0),
	gsSP1Triangle(13, 12, 14, 0),
	gsSP1Triangle(14, 12, 15, 0),
	gsSPVertex(jrb_dl_level_005_mesh_layer_1_vtx_5 + 208, 16, 0),
	gsSP1Triangle(0, 1, 2, 0),
	gsSP1Triangle(2, 3, 0, 0),
	gsSP1Triangle(2, 4, 3, 0),
	gsSP1Triangle(5, 0, 3, 0),
	gsSP1Triangle(6, 0, 5, 0),
	gsSP1Triangle(7, 0, 6, 0),
	gsSP1Triangle(7, 6, 8, 0),
	gsSP1Triangle(9, 7, 8, 0),
	gsSP1Triangle(10, 7, 9, 0),
	gsSP1Triangle(9, 11, 10, 0),
	gsSP1Triangle(11, 12, 10, 0),
	gsSP1Triangle(13, 12, 11, 0),
	gsSP1Triangle(12, 13, 14, 0),
	gsSP1Triangle(15, 12, 14, 0),
	gsSPVertex(jrb_dl_level_005_mesh_layer_1_vtx_5 + 224, 16, 0),
	gsSP1Triangle(0, 1, 2, 0),
	gsSP1Triangle(0, 3, 1, 0),
	gsSP1Triangle(3, 0, 4, 0),
	gsSP1Triangle(5, 3, 4, 0),
	gsSP1Triangle(4, 6, 5, 0),
	gsSP1Triangle(7, 5, 6, 0),
	gsSP1Triangle(7, 6, 8, 0),
	gsSP1Triangle(9, 7, 8, 0),
	gsSP1Triangle(8, 10, 9, 0),
	gsSP1Triangle(9, 10, 11, 0),
	gsSP1Triangle(12, 9, 11, 0),
	gsSP1Triangle(11, 13, 12, 0),
	gsSP1Triangle(14, 5, 7, 0),
	gsSP1Triangle(14, 15, 5, 0),
	gsSPVertex(jrb_dl_level_005_mesh_layer_1_vtx_5 + 240, 16, 0),
	gsSP1Triangle(0, 1, 2, 0),
	gsSP1Triangle(0, 3, 1, 0),
	gsSP1Triangle(4, 3, 0, 0),
	gsSP1Triangle(5, 3, 4, 0),
	gsSP1Triangle(5, 6, 3, 0),
	gsSP1Triangle(7, 6, 5, 0),
	gsSP1Triangle(7, 8, 6, 0),
	gsSP1Triangle(8, 9, 6, 0),
	gsSP1Triangle(8, 10, 9, 0),
	gsSP1Triangle(9, 10, 11, 0),
	gsSP1Triangle(9, 11, 12, 0),
	gsSP1Triangle(12, 11, 13, 0),
	gsSP1Triangle(12, 13, 14, 0),
	gsSP1Triangle(15, 9, 12, 0),
	gsSP1Triangle(15, 1, 9, 0),
	gsSP1Triangle(6, 9, 1, 0),
	gsSP1Triangle(6, 1, 3, 0),
	gsSPVertex(jrb_dl_level_005_mesh_layer_1_vtx_5 + 256, 16, 0),
	gsSP1Triangle(0, 1, 2, 0),
	gsSP1Triangle(3, 4, 5, 0),
	gsSP1Triangle(6, 7, 8, 0),
	gsSP1Triangle(9, 10, 11, 0),
	gsSP1Triangle(9, 11, 12, 0),
	gsSP1Triangle(12, 11, 13, 0),
	gsSP1Triangle(11, 14, 13, 0),
	gsSP1Triangle(15, 13, 14, 0),
	gsSPVertex(jrb_dl_level_005_mesh_layer_1_vtx_5 + 272, 16, 0),
	gsSP1Triangle(0, 1, 2, 0),
	gsSP1Triangle(3, 4, 5, 0),
	gsSP1Triangle(6, 7, 3, 0),
	gsSP1Triangle(6, 3, 8, 0),
	gsSP1Triangle(8, 3, 9, 0),
	gsSP1Triangle(3, 10, 9, 0),
	gsSP1Triangle(11, 8, 9, 0),
	gsSP1Triangle(6, 8, 12, 0),
	gsSP1Triangle(8, 13, 12, 0),
	gsSP1Triangle(8, 14, 13, 0),
	gsSP1Triangle(15, 12, 13, 0),
	gsSPVertex(jrb_dl_level_005_mesh_layer_1_vtx_5 + 288, 16, 0),
	gsSP1Triangle(0, 1, 2, 0),
	gsSP1Triangle(1, 3, 2, 0),
	gsSP1Triangle(4, 5, 6, 0),
	gsSP1Triangle(7, 4, 6, 0),
	gsSP1Triangle(8, 7, 6, 0),
	gsSP1Triangle(6, 9, 8, 0),
	gsSP1Triangle(7, 10, 4, 0),
	gsSP1Triangle(7, 11, 10, 0),
	gsSP1Triangle(11, 12, 10, 0),
	gsSP1Triangle(11, 13, 12, 0),
	gsSP1Triangle(14, 12, 13, 0),
	gsSP1Triangle(14, 13, 15, 0),
	gsSPVertex(jrb_dl_level_005_mesh_layer_1_vtx_5 + 304, 16, 0),
	gsSP1Triangle(0, 1, 2, 0),
	gsSP1Triangle(0, 2, 3, 0),
	gsSP1Triangle(4, 0, 3, 0),
	gsSP1Triangle(4, 3, 5, 0),
	gsSP1Triangle(6, 4, 5, 0),
	gsSP1Triangle(6, 7, 4, 0),
	gsSP1Triangle(8, 4, 7, 0),
	gsSP1Triangle(9, 8, 7, 0),
	gsSP1Triangle(7, 10, 9, 0),
	gsSP1Triangle(10, 11, 9, 0),
	gsSP1Triangle(10, 12, 11, 0),
	gsSP1Triangle(11, 12, 13, 0),
	gsSP1Triangle(14, 13, 12, 0),
	gsSP1Triangle(15, 14, 12, 0),
	gsSPVertex(jrb_dl_level_005_mesh_layer_1_vtx_5 + 320, 16, 0),
	gsSP1Triangle(0, 1, 2, 0),
	gsSP1Triangle(1, 3, 2, 0),
	gsSP1Triangle(1, 4, 3, 0),
	gsSP1Triangle(1, 5, 4, 0),
	gsSP1Triangle(1, 6, 5, 0),
	gsSP1Triangle(1, 7, 6, 0),
	gsSP1Triangle(8, 6, 7, 0),
	gsSP1Triangle(8, 9, 6, 0),
	gsSP1Triangle(9, 10, 6, 0),
	gsSP1Triangle(6, 10, 11, 0),
	gsSP1Triangle(6, 11, 5, 0),
	gsSP1Triangle(5, 11, 12, 0),
	gsSP1Triangle(13, 12, 11, 0),
	gsSP1Triangle(14, 13, 11, 0),
	gsSP1Triangle(11, 15, 14, 0),
	gsSPVertex(jrb_dl_level_005_mesh_layer_1_vtx_5 + 336, 16, 0),
	gsSP1Triangle(0, 1, 2, 0),
	gsSP1Triangle(1, 0, 3, 0),
	gsSP1Triangle(0, 4, 3, 0),
	gsSP1Triangle(5, 4, 0, 0),
	gsSP1Triangle(5, 0, 6, 0),
	gsSP1Triangle(7, 5, 6, 0),
	gsSP1Triangle(7, 6, 8, 0),
	gsSP1Triangle(9, 8, 6, 0),
	gsSP1Triangle(10, 9, 6, 0),
	gsSP1Triangle(11, 5, 7, 0),
	gsSP1Triangle(5, 11, 12, 0),
	gsSP1Triangle(12, 11, 13, 0),
	gsSP1Triangle(11, 14, 13, 0),
	gsSP1Triangle(11, 15, 14, 0),
	gsSPVertex(jrb_dl_level_005_mesh_layer_1_vtx_5 + 352, 16, 0),
	gsSP1Triangle(0, 1, 2, 0),
	gsSP1Triangle(3, 0, 2, 0),
	gsSP1Triangle(4, 5, 6, 0),
	gsSP1Triangle(7, 6, 5, 0),
	gsSP1Triangle(6, 7, 8, 0),
	gsSP1Triangle(4, 6, 9, 0),
	gsSP1Triangle(4, 9, 10, 0),
	gsSP1Triangle(10, 9, 11, 0),
	gsSP1Triangle(10, 11, 12, 0),
	gsSP1Triangle(12, 11, 13, 0),
	gsSP1Triangle(12, 13, 14, 0),
	gsSP1Triangle(15, 12, 14, 0),
	gsSPVertex(jrb_dl_level_005_mesh_layer_1_vtx_5 + 368, 16, 0),
	gsSP1Triangle(0, 1, 2, 0),
	gsSP1Triangle(3, 1, 4, 0),
	gsSP1Triangle(1, 5, 4, 0),
	gsSP1Triangle(1, 6, 5, 0),
	gsSP1Triangle(1, 7, 6, 0),
	gsSP1Triangle(1, 8, 7, 0),
	gsSP1Triangle(7, 9, 6, 0),
	gsSP1Triangle(9, 10, 6, 0),
	gsSP1Triangle(9, 11, 10, 0),
	gsSP1Triangle(10, 11, 12, 0),
	gsSP1Triangle(13, 6, 10, 0),
	gsSP1Triangle(13, 14, 6, 0),
	gsSP1Triangle(15, 14, 13, 0),
	gsSPVertex(jrb_dl_level_005_mesh_layer_1_vtx_5 + 384, 16, 0),
	gsSP1Triangle(0, 1, 2, 0),
	gsSP1Triangle(1, 0, 3, 0),
	gsSP1Triangle(0, 4, 3, 0),
	gsSP1Triangle(4, 5, 3, 0),
	gsSP1Triangle(1, 3, 6, 0),
	gsSP1Triangle(7, 8, 9, 0),
	gsSP1Triangle(10, 11, 12, 0),
	gsSP1Triangle(13, 10, 12, 0),
	gsSP1Triangle(13, 12, 14, 0),
	gsSP1Triangle(15, 13, 14, 0),
	gsSPVertex(jrb_dl_level_005_mesh_layer_1_vtx_5 + 400, 16, 0),
	gsSP1Triangle(0, 1, 2, 0),
	gsSP1Triangle(0, 2, 3, 0),
	gsSP1Triangle(4, 5, 6, 0),
	gsSP1Triangle(4, 6, 7, 0),
	gsSP1Triangle(8, 4, 7, 0),
	gsSP1Triangle(8, 9, 4, 0),
	gsSP1Triangle(9, 8, 10, 0),
	gsSP1Triangle(8, 11, 10, 0),
	gsSP1Triangle(12, 9, 10, 0),
	gsSP1Triangle(13, 14, 15, 0),
	gsSPVertex(jrb_dl_level_005_mesh_layer_1_vtx_5 + 416, 8, 0),
	gsSP1Triangle(0, 1, 2, 0),
	gsSP1Triangle(2, 3, 0, 0),
	gsSP1Triangle(4, 5, 6, 0),
	gsSP1Triangle(7, 5, 4, 0),
	gsSPEndDisplayList(),
};

Vtx jrb_dl_level_005_mesh_layer_1_vtx_6[499] = {
	{{{-5233, 1359, 4220},0, {-4789, 12234},{0xFF, 0xFF, 0xFF, 0xFF}}},
	{{{-5777, 344, 5172},0, {-6876, 10837},{0xFF, 0xFF, 0xFF, 0xFF}}},
	{{{-5388, 1765, 5118},0, {-5572, 12719},{0xFF, 0xFF, 0xFF, 0xFF}}},
	{{{-5853, 240, 4508},0, {-5999, 10436},{0xFF, 0xFF, 0xFF, 0xFF}}},
	{{{-6199, -30, 3421},0, {-5072, 9933},{0xFF, 0xFF, 0xFF, 0xFF}}},
	{{{-5153, 1301, 3432},0, {-3857, 11827},{0xFF, 0xFF, 0xFF, 0xFF}}},
	{{{-4858, 1975, 3980},0, {-4095, 12968},{0xFF, 0xFF, 0xFF, 0xFF}}},
	{{{-5388, 1765, 5118},0, {-5572, 12719},{0xFF, 0xFF, 0xFF, 0xFF}}},
	{{{-4703, 2371, 4309},0, {-4232, 13639},{0xFF, 0xFF, 0xFF, 0xFF}}},
	{{{-3823, 2883, 3684},0, {-2882, 14800},{0xFF, 0xFF, 0xFF, 0x0}}},
	{{{-4658, 2134, 3396},0, {-3260, 12941},{0xFF, 0xFF, 0xFF, 0xFF}}},
	{{{-4257, 3284, 2660},0, {-1797, 13591},{0xFF, 0xFF, 0xFF, 0xFF}}},
	{{{-3984, 4461, 2356},0, {-910, 14210},{0xFF, 0xFF, 0xFF, 0xFF}}},
	{{{-3608, 4403, 2772},0, {-1140, 14869},{0xFF, 0xFF, 0xFF, 0xFF}}},
	{{{-2823, 2985, 3402},0, {-1970, 16342},{0xFF, 0xFF, 0xFF, 0x0}}},
	{{{-2923, 4343, 2935},0, {-969, 15834},{0xFF, 0xFF, 0xFF, 0xFF}}},
	{{{-1881, 2874, 3068},0, {-1017, 17743},{0xFF, 0xFF, 0xFF, 0x0}}},
	{{{-2923, 4343, 2935},0, {-969, 15834},{0xFF, 0xFF, 0xFF, 0xFF}}},
	{{{-2823, 2985, 3402},0, {-1970, 16342},{0xFF, 0xFF, 0xFF, 0x0}}},
	{{{-2154, 4272, 2779},0, {-428, 16750},{0xFF, 0xFF, 0xFF, 0xFF}}},
	{{{-3018, 5390, 2585},0, {-245, 15439},{0xFF, 0xFF, 0xFF, 0xFF}}},
	{{{-2379, 5366, 2543},0, {25, 15991},{0xFF, 0xFF, 0xFF, 0xFF}}},
	{{{-3556, 5415, 2359},0, {-286, 14883},{0xFF, 0xFF, 0xFF, 0xFF}}},
	{{{-3608, 4403, 2772},0, {-1140, 14869},{0xFF, 0xFF, 0xFF, 0xFF}}},
	{{{-3841, 5425, 2017},0, {-163, 14510},{0xFF, 0xFF, 0xFF, 0xFF}}},
	{{{-3984, 4461, 2356},0, {-910, 14210},{0xFF, 0xFF, 0xFF, 0xFF}}},
	{{{-3963, 5427, 1657},0, {32, 14284},{0xFF, 0xFF, 0xFF, 0xFF}}},
	{{{-3758, 5951, 1800},0, {215, 14639},{0xFF, 0xFF, 0xFF, 0xFF}}},
	{{{-3532, 5949, 2123},0, {111, 14880},{0xFF, 0xFF, 0xFF, 0xFF}}},
	{{{-3556, 5415, 2359},0, {-286, 14883},{0xFF, 0xFF, 0xFF, 0xFF}}},
	{{{-3078, 5946, 2369},0, {108, 15245},{0xFF, 0xFF, 0xFF, 0xFF}}},
	{{{-3018, 5390, 2585},0, {-245, 15439},{0xFF, 0xFF, 0xFF, 0xFF}}},
	{{{-3018, 5390, 2585},0, {-245, 15439},{0xFF, 0xFF, 0xFF, 0xFF}}},
	{{{-2519, 5943, 2393},0, {252, 15622},{0xFF, 0xFF, 0xFF, 0xFF}}},
	{{{-3078, 5946, 2369},0, {108, 15245},{0xFF, 0xFF, 0xFF, 0xFF}}},
	{{{-2379, 5366, 2543},0, {25, 15991},{0xFF, 0xFF, 0xFF, 0xFF}}},
	{{{-2019, 5942, 2081},0, {562, 15882},{0xFF, 0xFF, 0xFF, 0xFF}}},
	{{{-1835, 5355, 2128},0, {541, 16325},{0xFF, 0xFF, 0xFF, 0xFF}}},
	{{{-1708, 5942, 1517},0, {961, 15959},{0xFF, 0xFF, 0xFF, 0xFF}}},
	{{{-1530, 5354, 1447},0, {1164, 16359},{0xFF, 0xFF, 0xFF, 0xFF}}},
	{{{-1683, 5942, 842},0, {1346, 15825},{0xFF, 0xFF, 0xFF, 0xFF}}},
	{{{-1558, 5355, 675},0, {1717, 16070},{0xFF, 0xFF, 0xFF, 0xFF}}},
	{{{-1935, 5943, 237},0, {1618, 15519},{0xFF, 0xFF, 0xFF, 0xFF}}},
	{{{-1896, 5366, 17},0, {2054, 15554},{0xFF, 0xFF, 0xFF, 0xFF}}},
	{{{-2405, 5946, -131},0, {1699, 15116},{0xFF, 0xFF, 0xFF, 0xFF}}},
	{{{-2462, 5390, -348},0, {2073, 14941},{0xFF, 0xFF, 0xFF, 0xFF}}},
	{{{-2932, 5949, -205},0, {1597, 14732},{0xFF, 0xFF, 0xFF, 0xFF}}},
	{{{-3064, 5415, -378},0, {1839, 14407},{0xFF, 0xFF, 0xFF, 0xFF}}},
	{{{-3064, 5415, -378},0, {1839, 14407},{0xFF, 0xFF, 0xFF, 0xFF}}},
	{{{-3372, 5959, 16},0, {1350, 14464},{0xFF, 0xFF, 0xFF, 0xFF}}},
	{{{-2932, 5949, -205},0, {1597, 14732},{0xFF, 0xFF, 0xFF, 0xFF}}},
	{{{-3526, 5454, -103},0, {1452, 14084},{0xFF, 0xFF, 0xFF, 0xFF}}},
	{{{-3800, 4482, -280},0, {1633, 13312},{0xFF, 0xFF, 0xFF, 0xFF}}},
	{{{-3278, 4463, -726},0, {2356, 13715},{0xFF, 0xFF, 0xFF, 0xFF}}},
	{{{-2462, 5390, -348},0, {2073, 14941},{0xFF, 0xFF, 0xFF, 0xFF}}},
	{{{-2557, 4358, -709},0, {2835, 14570},{0xFF, 0xFF, 0xFF, 0xFF}}},
	{{{-1896, 5366, 17},0, {2054, 15554},{0xFF, 0xFF, 0xFF, 0xFF}}},
	{{{-1839, 4272, -334},0, {2945, 15611},{0xFF, 0xFF, 0xFF, 0xFF}}},
	{{{-1558, 5355, 675},0, {1717, 16070},{0xFF, 0xFF, 0xFF, 0xFF}}},
	{{{-1363, 4239, 406},0, {2486, 16564},{0xFF, 0xFF, 0xFF, 0xFF}}},
	{{{-1530, 5354, 1447},0, {1164, 16359},{0xFF, 0xFF, 0xFF, 0xFF}}},
	{{{-1247, 4234, 1331},0, {1592, 17173},{0xFF, 0xFF, 0xFF, 0xFF}}},
	{{{-1835, 5355, 2128},0, {541, 16325},{0xFF, 0xFF, 0xFF, 0xFF}}},
	{{{-1544, 4239, 2196},0, {511, 17236},{0xFF, 0xFF, 0xFF, 0xFF}}},
	{{{-1544, 4239, 2196},0, {511, 17236},{0xFF, 0xFF, 0xFF, 0xFF}}},
	{{{-1835, 5355, 2128},0, {541, 16325},{0xFF, 0xFF, 0xFF, 0xFF}}},
	{{{-2379, 5366, 2543},0, {25, 15991},{0xFF, 0xFF, 0xFF, 0xFF}}},
	{{{-2154, 4272, 2779},0, {-428, 16750},{0xFF, 0xFF, 0xFF, 0xFF}}},
	{{{-1189, 2810, 2282},0, {475, 18426},{0xFF, 0xFF, 0xFF, 0x0}}},
	{{{-1881, 2874, 3068},0, {-1017, 17743},{0xFF, 0xFF, 0xFF, 0x0}}},
	{{{-902, 2801, 1192},0, {2153, 18236},{0xFF, 0xFF, 0xFF, 0x0}}},
	{{{-1247, 4234, 1331},0, {1592, 17173},{0xFF, 0xFF, 0xFF, 0xFF}}},
	{{{-1123, 2810, 80},0, {3492, 17206},{0xFF, 0xFF, 0xFF, 0x0}}},
	{{{-1363, 4239, 406},0, {2486, 16564},{0xFF, 0xFF, 0xFF, 0xFF}}},
	{{{-1767, 2874, -763},0, {4107, 15684},{0xFF, 0xFF, 0xFF, 0x0}}},
	{{{-1839, 4272, -334},0, {2945, 15611},{0xFF, 0xFF, 0xFF, 0xFF}}},
	{{{-2670, 3076, -1229},0, {3877, 14054},{0xFF, 0xFF, 0xFF, 0x0}}},
	{{{-2557, 4358, -709},0, {2835, 14570},{0xFF, 0xFF, 0xFF, 0xFF}}},
	{{{-3535, 3605, -1955},0, {3579, 12507},{0xFF, 0xFF, 0xFF, 0x0}}},
	{{{-3278, 4463, -726},0, {2356, 13715},{0xFF, 0xFF, 0xFF, 0xFF}}},
	{{{-4052, 3348, -626},0, {1994, 12232},{0xFF, 0xFF, 0xFF, 0xFF}}},
	{{{-3278, 4463, -726},0, {2356, 13715},{0xFF, 0xFF, 0xFF, 0xFF}}},
	{{{-3535, 3605, -1955},0, {3579, 12507},{0xFF, 0xFF, 0xFF, 0x0}}},
	{{{-4158, 2282, -1094},0, {2456, 11008},{0xFF, 0xFF, 0xFF, 0xFF}}},
	{{{-3806, 2665, -2106},0, {3914, 11127},{0xFF, 0xFF, 0xFF, 0xFF}}},
	{{{-4301, 1261, -1605},0, {2783, 9681},{0xFF, 0xFF, 0xFF, 0xFF}}},
	{{{-3846, 1737, -2858},0, {4402, 9777},{0xFF, 0xFF, 0xFF, 0xFF}}},
	{{{-4729, 236, -1918},0, {2694, 8274},{0xFF, 0xFF, 0xFF, 0xFF}}},
	{{{-4250, 390, -2959},0, {4461, 8342},{0xFF, 0xFF, 0xFF, 0xFF}}},
	{{{-5174, -646, -2094},0, {2449, 7006},{0xFF, 0xFF, 0xFF, 0xFF}}},
	{{{-4640, -428, -2820},0, {4312, 7041},{0xFF, 0xFF, 0xFF, 0xFF}}},
	{{{-6193, -827, -1138},0, {587, 6970},{0xFF, 0x51, 0x4B, 0xFF}}},
	{{{-5527, 189, -1003},0, {926, 8206},{0xFF, 0x51, 0x4B, 0xFF}}},
	{{{-4860, 1204, -867},0, {1164, 9586},{0xFF, 0x51, 0x4B, 0xFF}}},
	{{{-4732, 2223, -263},0, {1040, 10906},{0xFF, 0x51, 0x4B, 0xFF}}},
	{{{-4604, 3241, 341},0, {837, 12106},{0xFF, 0x51, 0x4B, 0xFF}}},
	{{{-4604, 3241, 341},0, {837, 12106},{0xFF, 0x51, 0x4B, 0xFF}}},
	{{{-3800, 4482, -280},0, {1633, 13312},{0xFF, 0xFF, 0xFF, 0xFF}}},
	{{{-4052, 3348, -626},0, {1994, 12232},{0xFF, 0xFF, 0xFF, 0xFF}}},
	{{{-4204, 4506, 328},0, {865, 13143},{0xFF, 0x51, 0x4B, 0xFF}}},
	{{{-3526, 5454, -103},0, {1452, 14084},{0xFF, 0xFF, 0xFF, 0xFF}}},
	{{{-3804, 5771, 316},0, {991, 13893},{0xFF, 0x51, 0x4B, 0xFF}}},
	{{{-3741, 6003, 398},0, {1027, 14270},{0xFF, 0x51, 0x4B, 0xFF}}},
	{{{-3372, 5959, 16},0, {1350, 14464},{0xFF, 0xFF, 0xFF, 0xFF}}},
	{{{-3678, 6236, 480},0, {1004, 14431},{0xFF, 0x51, 0x4B, 0xFF}}},
	{{{-3284, 6165, 131},0, {1279, 14608},{0xFF, 0xFF, 0xFF, 0xFF}}},
	{{{-3505, 6235, 560},0, {991, 14556},{0xFF, 0x51, 0x4B, 0xFF}}},
	{{{-3203, 6206, 268},0, {1215, 14700},{0xFF, 0xFF, 0xFF, 0xFF}}},
	{{{-3331, 6234, 640},0, {982, 14694},{0xFF, 0x51, 0x4B, 0xFF}}},
	{{{-3137, 6050, 405},0, {1145, 14797},{0xFF, 0xFF, 0xFF, 0xFF}}},
	{{{-3276, 5654, 691},0, {959, 14854},{0xFF, 0xFF, 0xFF, 0xFF}}},
	{{{-3100, 5612, 513},0, {1059, 14917},{0xFF, 0xFF, 0xFF, 0xFF}}},
	{{{-3100, 5612, 513},0, {1059, 14917},{0xFF, 0xFF, 0xFF, 0xFF}}},
	{{{-3276, 5654, 691},0, {959, 14854},{0xFF, 0xFF, 0xFF, 0xFF}}},
	{{{-3197, 5222, 687},0, {926, 15027},{0xFF, 0xFF, 0xFF, 0xFF}}},
	{{{-3073, 5049, 598},0, {965, 15051},{0xFF, 0xFF, 0xFF, 0xFF}}},
	{{{-2880, 5604, 409},0, {1137, 15007},{0xFF, 0xFF, 0xFF, 0xFF}}},
	{{{-2894, 5024, 520},0, {996, 15086},{0xFF, 0xFF, 0xFF, 0xFF}}},
	{{{-2606, 5604, 449},0, {1170, 15139},{0xFF, 0xFF, 0xFF, 0xFF}}},
	{{{-2666, 5024, 553},0, {1013, 15140},{0xFF, 0xFF, 0xFF, 0xFF}}},
	{{{-2358, 5604, 639},0, {1142, 15279},{0xFF, 0xFF, 0xFF, 0xFF}}},
	{{{-2458, 5024, 710},0, {1005, 15200},{0xFF, 0xFF, 0xFF, 0xFF}}},
	{{{-2221, 5604, 954},0, {1049, 15385},{0xFF, 0xFF, 0xFF, 0xFF}}},
	{{{-2344, 5024, 972},0, {966, 15250},{0xFF, 0xFF, 0xFF, 0xFF}}},
	{{{-2230, 5604, 1309},0, {917, 15431},{0xFF, 0xFF, 0xFF, 0xFF}}},
	{{{-2350, 5024, 1268},0, {906, 15274},{0xFF, 0xFF, 0xFF, 0xFF}}},
	{{{-2389, 5604, 1608},0, {780, 15402},{0xFF, 0xFF, 0xFF, 0xFF}}},
	{{{-2482, 5024, 1518},0, {844, 15259},{0xFF, 0xFF, 0xFF, 0xFF}}},
	{{{-2650, 5604, 1777},0, {674, 15309},{0xFF, 0xFF, 0xFF, 0xFF}}},
	{{{-2389, 5604, 1608},0, {780, 15402},{0xFF, 0xFF, 0xFF, 0xFF}}},
	{{{-2482, 5024, 1518},0, {844, 15259},{0xFF, 0xFF, 0xFF, 0xFF}}},
	{{{-2698, 5024, 1659},0, {797, 15215},{0xFF, 0xFF, 0xFF, 0xFF}}},
	{{{-2943, 5604, 1770},0, {626, 15176},{0xFF, 0xFF, 0xFF, 0xFF}}},
	{{{-2943, 5024, 1654},0, {778, 15157},{0xFF, 0xFF, 0xFF, 0xFF}}},
	{{{-3183, 5604, 1645},0, {629, 15049},{0xFF, 0xFF, 0xFF, 0xFF}}},
	{{{-3144, 5024, 1551},0, {781, 15105},{0xFF, 0xFF, 0xFF, 0xFF}}},
	{{{-3305, 5604, 1476},0, {666, 14966},{0xFF, 0xFF, 0xFF, 0xFF}}},
	{{{-3245, 5024, 1411},0, {798, 15072},{0xFF, 0xFF, 0xFF, 0xFF}}},
	{{{-3350, 5604, 1304},0, {716, 14917},{0xFF, 0xFF, 0xFF, 0xFF}}},
	{{{-3284, 5024, 1267},0, {820, 15053},{0xFF, 0xFF, 0xFF, 0xFF}}},
	{{{-3379, 5612, 1153},0, {762, 14883},{0xFF, 0xFF, 0xFF, 0xFF}}},
	{{{-3310, 5049, 1144},0, {839, 15039},{0xFF, 0xFF, 0xFF, 0xFF}}},
	{{{-3404, 5654, 1018},0, {804, 14855},{0xFF, 0xFF, 0xFF, 0xFF}}},
	{{{-3347, 5222, 1058},0, {855, 15028},{0xFF, 0xFF, 0xFF, 0xFF}}},
	{{{-3472, 6234, 1004},0, {754, 14702},{0xFF, 0x51, 0x4B, 0xFF}}},
	{{{-3379, 5612, 1153},0, {762, 14883},{0xFF, 0xFF, 0xFF, 0xFF}}},
	{{{-3404, 5654, 1018},0, {804, 14855},{0xFF, 0xFF, 0xFF, 0xFF}}},
	{{{-3474, 6050, 1164},0, {693, 14741},{0xFF, 0xFF, 0xFF, 0xFF}}},
	{{{-3350, 5604, 1304},0, {716, 14917},{0xFF, 0xFF, 0xFF, 0xFF}}},
	{{{-3446, 6033, 1336},0, {624, 14790},{0xFF, 0xFF, 0xFF, 0xFF}}},
	{{{-4052, 3348, -626},0, {1994, 12232},{0xFF, 0xFF, 0xFF, 0xFF}}},
	{{{-3800, 4482, -280},0, {1633, 13312},{0xFF, 0xFF, 0xFF, 0xFF}}},
	{{{-3278, 4463, -726},0, {2356, 13715},{0xFF, 0xFF, 0xFF, 0xFF}}},
	{{{-5153, 1301, 3432},0, {-3857, 11827},{0xFF, 0xFF, 0xFF, 0xFF}}},
	{{{-4858, 1975, 3980},0, {-4095, 12968},{0xFF, 0xFF, 0xFF, 0xFF}}},
	{{{-4658, 2134, 3396},0, {-3260, 12941},{0xFF, 0xFF, 0xFF, 0xFF}}},
	{{{-2405, 5946, -131},0, {1699, 15116},{0xFF, 0xFF, 0xFF, 0xFF}}},
	{{{-2932, 5949, -205},0, {1597, 14732},{0xFF, 0xFF, 0xFF, 0xFF}}},
	{{{-2872, 6158, -62},0, {1481, 14841},{0xFF, 0xFF, 0xFF, 0xFF}}},
	{{{-2401, 6158, 21},0, {1549, 15161},{0xFF, 0xFF, 0xFF, 0xFF}}},
	{{{-2858, 6200, 107},0, {1380, 14893},{0xFF, 0xFF, 0xFF, 0xFF}}},
	{{{-2401, 6158, 21},0, {1549, 15161},{0xFF, 0xFF, 0xFF, 0xFF}}},
	{{{-2872, 6158, -62},0, {1481, 14841},{0xFF, 0xFF, 0xFF, 0xFF}}},
	{{{-3203, 6206, 268},0, {1215, 14700},{0xFF, 0xFF, 0xFF, 0xFF}}},
	{{{-3284, 6165, 131},0, {1279, 14608},{0xFF, 0xFF, 0xFF, 0xFF}}},
	{{{-2932, 5949, -205},0, {1597, 14732},{0xFF, 0xFF, 0xFF, 0xFF}}},
	{{{-3372, 5959, 16},0, {1350, 14464},{0xFF, 0xFF, 0xFF, 0xFF}}},
	{{{-3137, 6050, 405},0, {1145, 14797},{0xFF, 0xFF, 0xFF, 0xFF}}},
	{{{-2867, 6033, 276},0, {1267, 14941},{0xFF, 0xFF, 0xFF, 0xFF}}},
	{{{-2457, 6200, 178},0, {1437, 15158},{0xFF, 0xFF, 0xFF, 0xFF}}},
	{{{-2537, 6033, 328},0, {1314, 15145},{0xFF, 0xFF, 0xFF, 0xFF}}},
	{{{-2880, 5604, 409},0, {1137, 15007},{0xFF, 0xFF, 0xFF, 0xFF}}},
	{{{-2867, 6033, 276},0, {1267, 14941},{0xFF, 0xFF, 0xFF, 0xFF}}},
	{{{-3100, 5612, 513},0, {1059, 14917},{0xFF, 0xFF, 0xFF, 0xFF}}},
	{{{-2606, 5604, 449},0, {1170, 15139},{0xFF, 0xFF, 0xFF, 0xFF}}},
	{{{-2242, 6033, 563},0, {1265, 15356},{0xFF, 0xFF, 0xFF, 0xFF}}},
	{{{-2242, 6033, 563},0, {1265, 15356},{0xFF, 0xFF, 0xFF, 0xFF}}},
	{{{-2606, 5604, 449},0, {1170, 15139},{0xFF, 0xFF, 0xFF, 0xFF}}},
	{{{-2358, 5604, 639},0, {1142, 15279},{0xFF, 0xFF, 0xFF, 0xFF}}},
	{{{-2085, 6033, 945},0, {1120, 15512},{0xFF, 0xFF, 0xFF, 0xFF}}},
	{{{-2221, 5604, 954},0, {1049, 15385},{0xFF, 0xFF, 0xFF, 0xFF}}},
	{{{-2103, 6033, 1370},0, {919, 15576},{0xFF, 0xFF, 0xFF, 0xFF}}},
	{{{-2230, 5604, 1309},0, {917, 15431},{0xFF, 0xFF, 0xFF, 0xFF}}},
	{{{-2300, 6033, 1724},0, {713, 15530},{0xFF, 0xFF, 0xFF, 0xFF}}},
	{{{-2389, 5604, 1608},0, {780, 15402},{0xFF, 0xFF, 0xFF, 0xFF}}},
	{{{-2616, 6033, 1919},0, {555, 15388},{0xFF, 0xFF, 0xFF, 0xFF}}},
	{{{-2650, 5604, 1777},0, {674, 15309},{0xFF, 0xFF, 0xFF, 0xFF}}},
	{{{-2969, 6033, 1901},0, {484, 15186},{0xFF, 0xFF, 0xFF, 0xFF}}},
	{{{-2943, 5604, 1770},0, {626, 15176},{0xFF, 0xFF, 0xFF, 0xFF}}},
	{{{-3254, 6033, 1744},0, {490, 14991},{0xFF, 0xFF, 0xFF, 0xFF}}},
	{{{-3183, 5604, 1645},0, {629, 15049},{0xFF, 0xFF, 0xFF, 0xFF}}},
	{{{-3396, 6033, 1539},0, {548, 14864},{0xFF, 0xFF, 0xFF, 0xFF}}},
	{{{-3396, 6033, 1539},0, {548, 14864},{0xFF, 0xFF, 0xFF, 0xFF}}},
	{{{-3183, 5604, 1645},0, {629, 15049},{0xFF, 0xFF, 0xFF, 0xFF}}},
	{{{-3305, 5604, 1476},0, {666, 14966},{0xFF, 0xFF, 0xFF, 0xFF}}},
	{{{-3446, 6033, 1336},0, {624, 14790},{0xFF, 0xFF, 0xFF, 0xFF}}},
	{{{-3350, 5604, 1304},0, {716, 14917},{0xFF, 0xFF, 0xFF, 0xFF}}},
	{{{-3254, 6033, 1744},0, {490, 14991},{0xFF, 0xFF, 0xFF, 0xFF}}},
	{{{-3535, 6200, 1601},0, {452, 14771},{0xFF, 0xFF, 0xFF, 0xFF}}},
	{{{-3588, 6200, 1362},0, {551, 14680},{0xFF, 0xFF, 0xFF, 0xFF}}},
	{{{-3446, 6033, 1336},0, {624, 14790},{0xFF, 0xFF, 0xFF, 0xFF}}},
	{{{-3731, 6158, 1403},0, {479, 14589},{0xFF, 0xFF, 0xFF, 0xFF}}},
	{{{-3763, 6165, 1195},0, {578, 14521},{0xFF, 0xFF, 0xFF, 0xFF}}},
	{{{-3616, 6206, 1177},0, {635, 14622},{0xFF, 0xFF, 0xFF, 0xFF}}},
	{{{-3446, 6033, 1336},0, {624, 14790},{0xFF, 0xFF, 0xFF, 0xFF}}},
	{{{-3474, 6050, 1164},0, {693, 14741},{0xFF, 0xFF, 0xFF, 0xFF}}},
	{{{-3638, 6235, 1025},0, {705, 14579},{0xFF, 0x51, 0x4B, 0xFF}}},
	{{{-3472, 6234, 1004},0, {754, 14702},{0xFF, 0x51, 0x4B, 0xFF}}},
	{{{-3616, 6206, 1177},0, {635, 14622},{0xFF, 0xFF, 0xFF, 0xFF}}},
	{{{-3638, 6235, 1025},0, {705, 14579},{0xFF, 0x51, 0x4B, 0xFF}}},
	{{{-3803, 6236, 1046},0, {661, 14469},{0xFF, 0x51, 0x4B, 0xFF}}},
	{{{-3763, 6165, 1195},0, {578, 14521},{0xFF, 0xFF, 0xFF, 0xFF}}},
	{{{-3920, 6003, 1008},0, {600, 14321},{0xFF, 0x51, 0x4B, 0xFF}}},
	{{{-3885, 5960, 1230},0, {485, 14399},{0xFF, 0xFF, 0xFF, 0xFF}}},
	{{{-4037, 5771, 970},0, {396, 13990},{0xFF, 0x51, 0x4B, 0xFF}}},
	{{{-4039, 5456, 1335},0, {221, 14123},{0xFF, 0xFF, 0xFF, 0xFF}}},
	{{{-4292, 4479, 1540},0, {-297, 13562},{0xFF, 0xFF, 0xFF, 0xFF}}},
	{{{-4403, 4506, 1207},0, {-24, 13342},{0xFF, 0x51, 0x4B, 0xFF}}},
	{{{-4620, 3317, 1646},0, {-831, 12700},{0xFF, 0xFF, 0xFF, 0xFF}}},
	{{{-4769, 3241, 1443},0, {-435, 12397},{0xFF, 0x51, 0x4B, 0xFF}}},
	{{{-5001, 2237, 1462},0, {-1161, 11577},{0xFF, 0xFF, 0xFF, 0xFF}}},
	{{{-5124, 2223, 956},0, {-631, 11219},{0xFF, 0x51, 0x4B, 0xFF}}},
	{{{-5446, 1249, 1201},0, {-1435, 10324},{0xFF, 0xFF, 0xFF, 0xFF}}},
	{{{-5478, 1204, 469},0, {-800, 9903},{0xFF, 0x51, 0x4B, 0xFF}}},
	{{{-6406, -507, 1089},0, {-2310, 7969},{0xFF, 0xFF, 0xFF, 0xFF}}},
	{{{-5446, 1249, 1201},0, {-1435, 10324},{0xFF, 0xFF, 0xFF, 0xFF}}},
	{{{-5478, 1204, 469},0, {-800, 9903},{0xFF, 0x51, 0x4B, 0xFF}}},
	{{{-6645, -830, 334},0, {-1556, 7399},{0xFF, 0x51, 0x4B, 0xFF}}},
	{{{-6751, -1405, 318},0, {-1873, 6536},{0xFF, 0x51, 0x4B, 0xFF}}},
	{{{-6634, -1243, 1046},0, {-2656, 7068},{0xFF, 0xFF, 0xFF, 0xFF}}},
	{{{-6857, -1980, 302},0, {-2122, 5859},{0xFF, 0x51, 0x4B, 0xFF}}},
	{{{-6951, -1777, 1054},0, {-2980, 6282},{0xFF, 0xFF, 0xFF, 0xFF}}},
	{{{-6584, -1155, 1764},0, {-3483, 7592},{0xFF, 0xFF, 0xFF, 0xFF}}},
	{{{-6881, -1856, 1857},0, {-3839, 6705},{0xFF, 0xFF, 0xFF, 0xFF}}},
	{{{-6426, -35, 2263},0, {-3499, 8453},{0xFF, 0xFF, 0xFF, 0xFF}}},
	{{{-5335, 1282, 1875},0, {-2135, 10794},{0xFF, 0xFF, 0xFF, 0xFF}}},
	{{{-6219, -33, 2775},0, {-4125, 9256},{0xFF, 0xFF, 0xFF, 0xFF}}},
	{{{-5206, 1297, 2632},0, {-2947, 11328},{0xFF, 0xFF, 0xFF, 0xFF}}},
	{{{-6199, -30, 3421},0, {-5072, 9933},{0xFF, 0xFF, 0xFF, 0xFF}}},
	{{{-5153, 1301, 3432},0, {-3857, 11827},{0xFF, 0xFF, 0xFF, 0xFF}}},
	{{{-5153, 1301, 3432},0, {-3857, 11827},{0xFF, 0xFF, 0xFF, 0xFF}}},
	{{{-4707, 2229, 2678},0, {-2419, 12503},{0xFF, 0xFF, 0xFF, 0xFF}}},
	{{{-5206, 1297, 2632},0, {-2947, 11328},{0xFF, 0xFF, 0xFF, 0xFF}}},
	{{{-4658, 2134, 3396},0, {-3260, 12941},{0xFF, 0xFF, 0xFF, 0xFF}}},
	{{{-4257, 3284, 2660},0, {-1797, 13591},{0xFF, 0xFF, 0xFF, 0xFF}}},
	{{{-4461, 3324, 2091},0, {-1261, 13064},{0xFF, 0xFF, 0xFF, 0xFF}}},
	{{{-4163, 4474, 1918},0, {-589, 13827},{0xFF, 0xFF, 0xFF, 0xFF}}},
	{{{-3984, 4461, 2356},0, {-910, 14210},{0xFF, 0xFF, 0xFF, 0xFF}}},
	{{{-3963, 5427, 1657},0, {32, 14284},{0xFF, 0xFF, 0xFF, 0xFF}}},
	{{{-4039, 5456, 1335},0, {221, 14123},{0xFF, 0xFF, 0xFF, 0xFF}}},
	{{{-3839, 5951, 1486},0, {357, 14497},{0xFF, 0xFF, 0xFF, 0xFF}}},
	{{{-3758, 5951, 1800},0, {215, 14639},{0xFF, 0xFF, 0xFF, 0xFF}}},
	{{{-3670, 6158, 1678},0, {360, 14698},{0xFF, 0xFF, 0xFF, 0xFF}}},
	{{{-3479, 6158, 1976},0, {266, 14890},{0xFF, 0xFF, 0xFF, 0xFF}}},
	{{{-3532, 5949, 2123},0, {111, 14880},{0xFF, 0xFF, 0xFF, 0xFF}}},
	{{{-3083, 6158, 2217},0, {249, 15188},{0xFF, 0xFF, 0xFF, 0xFF}}},
	{{{-3532, 5949, 2123},0, {111, 14880},{0xFF, 0xFF, 0xFF, 0xFF}}},
	{{{-3078, 5946, 2369},0, {108, 15245},{0xFF, 0xFF, 0xFF, 0xFF}}},
	{{{-3083, 6158, 2217},0, {249, 15188},{0xFF, 0xFF, 0xFF, 0xFF}}},
	{{{-2585, 6158, 2264},0, {352, 15502},{0xFF, 0xFF, 0xFF, 0xFF}}},
	{{{-2519, 5943, 2393},0, {252, 15622},{0xFF, 0xFF, 0xFF, 0xFF}}},
	{{{-2130, 6158, 2010},0, {592, 15728},{0xFF, 0xFF, 0xFF, 0xFF}}},
	{{{-2019, 5942, 2081},0, {562, 15882},{0xFF, 0xFF, 0xFF, 0xFF}}},
	{{{-1834, 6158, 1522},0, {910, 15809},{0xFF, 0xFF, 0xFF, 0xFF}}},
	{{{-1708, 5942, 1517},0, {961, 15959},{0xFF, 0xFF, 0xFF, 0xFF}}},
	{{{-1790, 6158, 922},0, {1228, 15720},{0xFF, 0xFF, 0xFF, 0xFF}}},
	{{{-1683, 5942, 842},0, {1346, 15825},{0xFF, 0xFF, 0xFF, 0xFF}}},
	{{{-1994, 6158, 371},0, {1463, 15486},{0xFF, 0xFF, 0xFF, 0xFF}}},
	{{{-1935, 5943, 237},0, {1618, 15519},{0xFF, 0xFF, 0xFF, 0xFF}}},
	{{{-2401, 6158, 21},0, {1549, 15161},{0xFF, 0xFF, 0xFF, 0xFF}}},
	{{{-2405, 5946, -131},0, {1699, 15116},{0xFF, 0xFF, 0xFF, 0xFF}}},
	{{{-2457, 6200, 178},0, {1437, 15158},{0xFF, 0xFF, 0xFF, 0xFF}}},
	{{{-2457, 6200, 178},0, {1437, 15158},{0xFF, 0xFF, 0xFF, 0xFF}}},
	{{{-2108, 6200, 475},0, {1366, 15429},{0xFF, 0xFF, 0xFF, 0xFF}}},
	{{{-1994, 6158, 371},0, {1463, 15486},{0xFF, 0xFF, 0xFF, 0xFF}}},
	{{{-2537, 6033, 328},0, {1314, 15145},{0xFF, 0xFF, 0xFF, 0xFF}}},
	{{{-2242, 6033, 563},0, {1265, 15356},{0xFF, 0xFF, 0xFF, 0xFF}}},
	{{{-1931, 6200, 944},0, {1172, 15624},{0xFF, 0xFF, 0xFF, 0xFF}}},
	{{{-2085, 6033, 945},0, {1120, 15512},{0xFF, 0xFF, 0xFF, 0xFF}}},
	{{{-1967, 6200, 1457},0, {910, 15699},{0xFF, 0xFF, 0xFF, 0xFF}}},
	{{{-2103, 6033, 1370},0, {919, 15576},{0xFF, 0xFF, 0xFF, 0xFF}}},
	{{{-2217, 6200, 1876},0, {646, 15632},{0xFF, 0xFF, 0xFF, 0xFF}}},
	{{{-2300, 6033, 1724},0, {713, 15530},{0xFF, 0xFF, 0xFF, 0xFF}}},
	{{{-2605, 6200, 2095},0, {446, 15445},{0xFF, 0xFF, 0xFF, 0xFF}}},
	{{{-2616, 6033, 1919},0, {555, 15388},{0xFF, 0xFF, 0xFF, 0xFF}}},
	{{{-3031, 6200, 2057},0, {361, 15182},{0xFF, 0xFF, 0xFF, 0xFF}}},
	{{{-2969, 6033, 1901},0, {484, 15186},{0xFF, 0xFF, 0xFF, 0xFF}}},
	{{{-3370, 6200, 1854},0, {374, 14932},{0xFF, 0xFF, 0xFF, 0xFF}}},
	{{{-2969, 6033, 1901},0, {484, 15186},{0xFF, 0xFF, 0xFF, 0xFF}}},
	{{{-3254, 6033, 1744},0, {490, 14991},{0xFF, 0xFF, 0xFF, 0xFF}}},
	{{{-3370, 6200, 1854},0, {374, 14932},{0xFF, 0xFF, 0xFF, 0xFF}}},
	{{{-3535, 6200, 1601},0, {452, 14771},{0xFF, 0xFF, 0xFF, 0xFF}}},
	{{{-3670, 6158, 1678},0, {360, 14698},{0xFF, 0xFF, 0xFF, 0xFF}}},
	{{{-3731, 6158, 1403},0, {479, 14589},{0xFF, 0xFF, 0xFF, 0xFF}}},
	{{{-3839, 5951, 1486},0, {357, 14497},{0xFF, 0xFF, 0xFF, 0xFF}}},
	{{{-3479, 6158, 1976},0, {266, 14890},{0xFF, 0xFF, 0xFF, 0xFF}}},
	{{{-3031, 6200, 2057},0, {361, 15182},{0xFF, 0xFF, 0xFF, 0xFF}}},
	{{{-3083, 6158, 2217},0, {249, 15188},{0xFF, 0xFF, 0xFF, 0xFF}}},
	{{{-2605, 6200, 2095},0, {446, 15445},{0xFF, 0xFF, 0xFF, 0xFF}}},
	{{{-2585, 6158, 2264},0, {352, 15502},{0xFF, 0xFF, 0xFF, 0xFF}}},
	{{{-2217, 6200, 1876},0, {646, 15632},{0xFF, 0xFF, 0xFF, 0xFF}}},
	{{{-2130, 6158, 2010},0, {592, 15728},{0xFF, 0xFF, 0xFF, 0xFF}}},
	{{{-1967, 6200, 1457},0, {910, 15699},{0xFF, 0xFF, 0xFF, 0xFF}}},
	{{{-1834, 6158, 1522},0, {910, 15809},{0xFF, 0xFF, 0xFF, 0xFF}}},
	{{{-1931, 6200, 944},0, {1172, 15624},{0xFF, 0xFF, 0xFF, 0xFF}}},
	{{{-1967, 6200, 1457},0, {910, 15699},{0xFF, 0xFF, 0xFF, 0xFF}}},
	{{{-1834, 6158, 1522},0, {910, 15809},{0xFF, 0xFF, 0xFF, 0xFF}}},
	{{{-1790, 6158, 922},0, {1228, 15720},{0xFF, 0xFF, 0xFF, 0xFF}}},
	{{{-2108, 6200, 475},0, {1366, 15429},{0xFF, 0xFF, 0xFF, 0xFF}}},
	{{{-1994, 6158, 371},0, {1463, 15486},{0xFF, 0xFF, 0xFF, 0xFF}}},
	{{{-2858, 6200, 107},0, {1380, 14893},{0xFF, 0xFF, 0xFF, 0xFF}}},
	{{{-2457, 6200, 178},0, {1437, 15158},{0xFF, 0xFF, 0xFF, 0xFF}}},
	{{{-2401, 6158, 21},0, {1549, 15161},{0xFF, 0xFF, 0xFF, 0xFF}}},
	{{{-5174, -646, -2094},0, {2449, 7006},{0xFF, 0xFF, 0xFF, 0xFF}}},
	{{{-4640, -428, -2820},0, {4312, 7041},{0xFF, 0xFF, 0xFF, 0xFF}}},
	{{{-4661, -867, -3258},0, {4283, 6088},{0xFF, 0xFF, 0xFF, 0xFF}}},
	{{{-5355, -1300, -2286},0, {2368, 6070},{0xFF, 0xFF, 0xFF, 0xFF}}},
	{{{-4517, -1959, -3539},0, {4359, 5353},{0xFF, 0x51, 0x4B, 0xFF}}},
	{{{-5434, -1793, -2491},0, {2413, 5339},{0xFF, 0xFF, 0xFF, 0xFF}}},
	{{{-6239, -1401, -1253},0, {453, 6051},{0xFF, 0x51, 0x4B, 0xFF}}},
	{{{-6239, -1401, -1253},0, {453, 6051},{0xFF, 0x51, 0x4B, 0xFF}}},
	{{{-5434, -1793, -2491},0, {2413, 5339},{0xFF, 0xFF, 0xFF, 0xFF}}},
	{{{-6286, -1976, -1368},0, {467, 5326},{0xFF, 0x51, 0x4B, 0xFF}}},
	{{{-6193, -827, -1138},0, {587, 6970},{0xFF, 0x51, 0x4B, 0xFF}}},
	{{{-5355, -1300, -2286},0, {2368, 6070},{0xFF, 0xFF, 0xFF, 0xFF}}},
	{{{-5174, -646, -2094},0, {2449, 7006},{0xFF, 0xFF, 0xFF, 0xFF}}},
	{{{-4039, 5456, 1335},0, {221, 14123},{0xFF, 0xFF, 0xFF, 0xFF}}},
	{{{-3839, 5951, 1486},0, {357, 14497},{0xFF, 0xFF, 0xFF, 0xFF}}},
	{{{-3885, 5960, 1230},0, {485, 14399},{0xFF, 0xFF, 0xFF, 0xFF}}},
	{{{-3731, 6158, 1403},0, {479, 14589},{0xFF, 0xFF, 0xFF, 0xFF}}},
	{{{-3763, 6165, 1195},0, {578, 14521},{0xFF, 0xFF, 0xFF, 0xFF}}},
	{{{-5335, 1282, 1875},0, {-2135, 10794},{0xFF, 0xFF, 0xFF, 0xFF}}},
	{{{-5446, 1249, 1201},0, {-1435, 10324},{0xFF, 0xFF, 0xFF, 0xFF}}},
	{{{-6406, -507, 1089},0, {-2310, 7969},{0xFF, 0xFF, 0xFF, 0xFF}}},
	{{{-5001, 2237, 1462},0, {-1161, 11577},{0xFF, 0xFF, 0xFF, 0xFF}}},
	{{{-4860, 2243, 2024},0, {-1739, 11994},{0xFF, 0xFF, 0xFF, 0xFF}}},
	{{{-5206, 1297, 2632},0, {-2947, 11328},{0xFF, 0xFF, 0xFF, 0xFF}}},
	{{{-4860, 2243, 2024},0, {-1739, 11994},{0xFF, 0xFF, 0xFF, 0xFF}}},
	{{{-5335, 1282, 1875},0, {-2135, 10794},{0xFF, 0xFF, 0xFF, 0xFF}}},
	{{{-4707, 2229, 2678},0, {-2419, 12503},{0xFF, 0xFF, 0xFF, 0xFF}}},
	{{{-4461, 3324, 2091},0, {-1261, 13064},{0xFF, 0xFF, 0xFF, 0xFF}}},
	{{{-4620, 3317, 1646},0, {-831, 12700},{0xFF, 0xFF, 0xFF, 0xFF}}},
	{{{-4292, 4479, 1540},0, {-297, 13562},{0xFF, 0xFF, 0xFF, 0xFF}}},
	{{{-4163, 4474, 1918},0, {-589, 13827},{0xFF, 0xFF, 0xFF, 0xFF}}},
	{{{-4039, 5456, 1335},0, {221, 14123},{0xFF, 0xFF, 0xFF, 0xFF}}},
	{{{-5001, 2237, 1462},0, {-1161, 11577},{0xFF, 0xFF, 0xFF, 0xFF}}},
	{{{-7648, -2008, 254},0, {4848, 17828},{0xFF, 0xFF, 0xFF, 0xFF}}},
	{{{-6857, -1980, 302},0, {4841, 18850},{0xFF, 0x51, 0x4B, 0xFF}}},
	{{{-7111, -2385, 142},0, {6059, 18516},{0xFF, 0x7D, 0x78, 0xFF}}},
	{{{-7763, -2414, 102},0, {6163, 17661},{0xFF, 0x7D, 0x78, 0xFF}}},
	{{{-7352, -2774, -12},0, {7277, 18182},{0xFF, 0x51, 0x4B, 0xFF}}},
	{{{-7885, -2839, 13},0, {7478, 17493},{0xFF, 0x51, 0x4B, 0xFF}}},
	{{{-8413, -2439, 73},0, {6258, 16807},{0xFF, 0x7D, 0x78, 0xFF}}},
	{{{-7763, -2414, 102},0, {6163, 17661},{0xFF, 0x7D, 0x78, 0xFF}}},
	{{{-7885, -2839, 13},0, {7478, 17493},{0xFF, 0x51, 0x4B, 0xFF}}},
	{{{-8425, -2898, 53},0, {7661, 16792},{0xFF, 0x51, 0x4B, 0xFF}}},
	{{{-9052, -2442, 148},0, {6268, 15969},{0xFF, 0x7D, 0x78, 0xFF}}},
	{{{-9052, -2905, 134},0, {7679, 15969},{0xFF, 0x51, 0x4B, 0xFF}}},
	{{{-9690, -2442, 236},0, {6268, 15132},{0xFF, 0x7D, 0x78, 0xFF}}},
	{{{-9690, -2905, 220},0, {7679, 15132},{0xFF, 0x51, 0x4B, 0xFF}}},
	{{{-10328, -2905, 303},0, {7679, 14296},{0xFF, 0x51, 0x4B, 0xFF}}},
	{{{-10934, -2905, 382},0, {7679, 13498},{0xFF, 0x51, 0x4B, 0xFF}}},
	{{{-10937, -2442, 402},0, {6268, 13498},{0xFF, 0x7D, 0x78, 0xFF}}},
	{{{-11605, -2442, 490},0, {6268, 12623},{0xFF, 0x7D, 0x78, 0xFF}}},
	{{{-11605, -2905, 470},0, {7679, 12623},{0xFF, 0x51, 0x4B, 0xFF}}},
	{{{-12881, -2442, 490},0, {6268, 10951},{0xFF, 0x7D, 0x78, 0xFF}}},
	{{{-12881, -2905, 470},0, {7679, 10951},{0xFF, 0x51, 0x4B, 0xFF}}},
	{{{-13548, -2442, 402},0, {6268, 10076},{0xFF, 0x7D, 0x78, 0xFF}}},
	{{{-13548, -2442, 402},0, {6268, 10076},{0xFF, 0x7D, 0x78, 0xFF}}},
	{{{-12881, -2905, 470},0, {7679, 10951},{0xFF, 0x51, 0x4B, 0xFF}}},
	{{{-13551, -2905, 382},0, {7679, 10076},{0xFF, 0x51, 0x4B, 0xFF}}},
	{{{-14157, -2442, 321},0, {6268, 9278},{0xFF, 0x7D, 0x78, 0xFF}}},
	{{{-14157, -2905, 303},0, {7679, 9278},{0xFF, 0x51, 0x4B, 0xFF}}},
	{{{-14854, -2441, 228},0, {6267, 8365},{0xFF, 0x7D, 0x78, 0xFF}}},
	{{{-14828, -2905, 215},0, {7679, 8365},{0xFF, 0x51, 0x4B, 0xFF}}},
	{{{-16071, -2904, 48},0, {7679, 6769},{0xFF, 0x51, 0x4B, 0xFF}}},
	{{{-16063, -2438, 62},0, {6260, 6769},{0xFF, 0x7D, 0x78, 0xFF}}},
	{{{-17303, -2904, -114},0, {7679, 5278},{0xFF, 0x51, 0x4B, 0xFF}}},
	{{{-17283, -2454, -81},0, {6305, 5137},{0xFF, 0x7D, 0x78, 0xFF}}},
	{{{-18542, -2586, -118},0, {6740, 3534},{0xFF, 0x7D, 0x78, 0xFF}}},
	{{{-17781, -2911, -124},0, {7679, 4566},{0xFF, 0x51, 0x4B, 0xFF}}},
	{{{-18161, -2924, -129},0, {7679, 4037},{0xFF, 0x51, 0x4B, 0xFF}}},
	{{{-18566, -2915, -124},0, {7679, 3508},{0xFF, 0x51, 0x4B, 0xFF}}},
	{{{-19334, -2912, -133},0, {7679, 2461},{0xFF, 0x51, 0x4B, 0xFF}}},
	{{{-19630, -2896, -190},0, {7679, 2015},{0xFF, 0x51, 0x4B, 0xFF}}},
	{{{-18542, -2586, -118},0, {6740, 3534},{0xFF, 0x7D, 0x78, 0xFF}}},
	{{{-19334, -2912, -133},0, {7679, 2461},{0xFF, 0x51, 0x4B, 0xFF}}},
	{{{-19429, -2466, -189},0, {6370, 2309},{0xFF, 0x7D, 0x78, 0xFF}}},
	{{{-19741, -2449, -352},0, {6280, 1721},{0xFF, 0x7D, 0x78, 0xFF}}},
	{{{-19750, -2903, -351},0, {7679, 1684},{0xFF, 0x51, 0x4B, 0xFF}}},
	{{{-19648, -2892, -1029},0, {7679, 749},{0xFF, 0x51, 0x4B, 0xFF}}},
	{{{-19650, -2442, -1030},0, {6268, 749},{0xFF, 0x7D, 0x78, 0xFF}}},
	{{{-19362, -2442, -1111},0, {6268, 286},{0xFF, 0x7D, 0x78, 0xFF}}},
	{{{-19363, -2903, -1099},0, {7679, 286},{0xFF, 0x51, 0x4B, 0xFF}}},
	{{{-18566, -2442, -1123},0, {6268, -763},{0xFF, 0x7D, 0x78, 0xFF}}},
	{{{-18566, -2903, -1110},0, {7679, -763},{0xFF, 0x51, 0x4B, 0xFF}}},
	{{{-18160, -2903, -1110},0, {7679, -1292},{0xFF, 0x51, 0x4B, 0xFF}}},
	{{{-17752, -2903, -1111},0, {7679, -1869},{0xFF, 0x51, 0x4B, 0xFF}}},
	{{{-17724, -2442, -1129},0, {6268, -1869},{0xFF, 0x7D, 0x78, 0xFF}}},
	{{{-17082, -2442, -1176},0, {6268, -2732},{0xFF, 0x7D, 0x78, 0xFF}}},
	{{{-17082, -2442, -1176},0, {6268, -2732},{0xFF, 0x7D, 0x78, 0xFF}}},
	{{{-17752, -2903, -1111},0, {7679, -1869},{0xFF, 0x51, 0x4B, 0xFF}}},
	{{{-17290, -2903, -1122},0, {7679, -2732},{0xFF, 0x51, 0x4B, 0xFF}}},
	{{{-16059, -2442, -1301},0, {6268, -4037},{0xFF, 0x7D, 0x78, 0xFF}}},
	{{{-16071, -2903, -1281},0, {7679, -4037},{0xFF, 0x51, 0x4B, 0xFF}}},
	{{{-14972, -2442, -1448},0, {6268, -5418},{0xFF, 0x7D, 0x78, 0xFF}}},
	{{{-14837, -2903, -1446},0, {7679, -5418},{0xFF, 0x51, 0x4B, 0xFF}}},
	{{{-14187, -2442, -1553},0, {6268, -6481},{0xFF, 0x7D, 0x78, 0xFF}}},
	{{{-14164, -2903, -1533},0, {7679, -6481},{0xFF, 0x51, 0x4B, 0xFF}}},
	{{{-13620, -2442, -1629},0, {6268, -7230},{0xFF, 0x7D, 0x78, 0xFF}}},
	{{{-13593, -2903, -1607},0, {7679, -7230},{0xFF, 0x51, 0x4B, 0xFF}}},
	{{{-12881, -2442, -1727},0, {6268, -8206},{0xFF, 0x7D, 0x78, 0xFF}}},
	{{{-12881, -2903, -1700},0, {7679, -8206},{0xFF, 0x51, 0x4B, 0xFF}}},
	{{{-11605, -2442, -1727},0, {6268, -9878},{0xFF, 0x7D, 0x78, 0xFF}}},
	{{{-11605, -2903, -1700},0, {7679, -9878},{0xFF, 0x51, 0x4B, 0xFF}}},
	{{{-10875, -2442, -1630},0, {6268, -10854},{0xFF, 0x7D, 0x78, 0xFF}}},
	{{{-10875, -2442, -1630},0, {6268, -10854},{0xFF, 0x7D, 0x78, 0xFF}}},
	{{{-11605, -2903, -1700},0, {7679, -9878},{0xFF, 0x51, 0x4B, 0xFF}}},
	{{{-10892, -2903, -1607},0, {7679, -10854},{0xFF, 0x51, 0x4B, 0xFF}}},
	{{{-10319, -2442, -1556},0, {6268, -11568},{0xFF, 0x7D, 0x78, 0xFF}}},
	{{{-10323, -2903, -1534},0, {7679, -11568},{0xFF, 0x51, 0x4B, 0xFF}}},
	{{{-9690, -2442, -1472},0, {6268, -12387},{0xFF, 0x7D, 0x78, 0xFF}}},
	{{{-9690, -2903, -1451},0, {7679, -12387},{0xFF, 0x51, 0x4B, 0xFF}}},
	{{{-8366, -2433, -1320},0, {6234, -14136},{0xFF, 0x7D, 0x78, 0xFF}}},
	{{{-8428, -2888, -1290},0, {7613, -14028},{0xFF, 0x51, 0x4B, 0xFF}}},
	{{{-7595, -2412, -1292},0, {6163, -15133},{0xFF, 0x7D, 0x78, 0xFF}}},
	{{{-7840, -2837, -1233},0, {7471, -14796},{0xFF, 0x51, 0x4B, 0xFF}}},
	{{{-6785, -2383, -1281},0, {6068, -16187},{0xFF, 0x7D, 0x78, 0xFF}}},
	{{{-7259, -2772, -1198},0, {7279, -15540},{0xFF, 0x51, 0x4B, 0xFF}}},
	{{{-6286, -1976, -1368},0, {4856, -16834},{0xFF, 0x51, 0x4B, 0xFF}}},
	{{{-7350, -1968, -1333},0, {4856, -15470},{0xFF, 0xFF, 0xFF, 0xFF}}},
	{{{-8414, -1959, -1298},0, {4856, -14244},{0xFF, 0xFF, 0xFF, 0xFF}}},
	{{{-8414, -1959, -1298},0, {4856, -14244},{0xFF, 0xFF, 0xFF, 0xFF}}},
	{{{-9690, -1959, -1473},0, {4856, -12387},{0xFF, 0xFF, 0xFF, 0xFF}}},
	{{{-9690, -2442, -1472},0, {6268, -12387},{0xFF, 0x7D, 0x78, 0xFF}}},
	{{{-10319, -2442, -1556},0, {6268, -11568},{0xFF, 0x7D, 0x78, 0xFF}}},
	{{{-10328, -1959, -1557},0, {4856, -11568},{0xFF, 0xFF, 0xFF, 0xFF}}},
	{{{-10875, -2442, -1630},0, {6268, -10854},{0xFF, 0x7D, 0x78, 0xFF}}},
	{{{-10967, -1959, -1642},0, {4856, -10854},{0xFF, 0xFF, 0xFF, 0xFF}}},
	{{{-11605, -2442, -1727},0, {6268, -9878},{0xFF, 0x7D, 0x78, 0xFF}}},
	{{{-11605, -1959, -1727},0, {4856, -9878},{0xFF, 0xFF, 0xFF, 0xFF}}},
	{{{-12881, -2442, -1727},0, {6268, -8206},{0xFF, 0x7D, 0x78, 0xFF}}},
	{{{-12881, -1959, -1727},0, {4856, -8206},{0xFF, 0xFF, 0xFF, 0xFF}}},
	{{{-13620, -2442, -1629},0, {6268, -7230},{0xFF, 0x7D, 0x78, 0xFF}}},
	{{{-13625, -1959, -1628},0, {4856, -7230},{0xFF, 0xFF, 0xFF, 0xFF}}},
	{{{-14187, -2442, -1553},0, {6268, -6481},{0xFF, 0x7D, 0x78, 0xFF}}},
	{{{-14170, -1959, -1556},0, {4856, -6481},{0xFF, 0xFF, 0xFF, 0xFF}}},
	{{{-14972, -2442, -1448},0, {6268, -5418},{0xFF, 0x7D, 0x78, 0xFF}}},
	{{{-14170, -1959, -1556},0, {4856, -6481},{0xFF, 0xFF, 0xFF, 0xFF}}},
	{{{-14795, -1959, -1473},0, {4856, -5418},{0xFF, 0xFF, 0xFF, 0xFF}}},
	{{{-14972, -2442, -1448},0, {6268, -5418},{0xFF, 0x7D, 0x78, 0xFF}}},
	{{{-16059, -2442, -1301},0, {6268, -4037},{0xFF, 0x7D, 0x78, 0xFF}}},
	{{{-16035, -1959, -1305},0, {4856, -4037},{0xFF, 0xFF, 0xFF, 0xFF}}},
	{{{-17082, -2442, -1176},0, {6268, -2732},{0xFF, 0x7D, 0x78, 0xFF}}},
	{{{-17058, -1959, -1181},0, {4856, -2732},{0xFF, 0xFF, 0xFF, 0xFF}}},
	{{{-17724, -2442, -1129},0, {6268, -1869},{0xFF, 0x7D, 0x78, 0xFF}}},
	{{{-17718, -1959, -1130},0, {4856, -1869},{0xFF, 0xFF, 0xFF, 0xFF}}},
	{{{-18566, -2442, -1123},0, {6268, -763},{0xFF, 0x7D, 0x78, 0xFF}}},
	{{{-18566, -1959, -1123},0, {4856, -763},{0xFF, 0xFF, 0xFF, 0xFF}}},
	{{{-19362, -2442, -1111},0, {6268, 286},{0xFF, 0x7D, 0x78, 0xFF}}},
	{{{-19362, -1959, -1111},0, {4856, 286},{0xFF, 0xFF, 0xFF, 0xFF}}},
	{{{-19650, -2442, -1030},0, {6268, 749},{0xFF, 0x7D, 0x78, 0xFF}}},
	{{{-19650, -1958, -1030},0, {4856, 749},{0xFF, 0xFF, 0xFF, 0xFF}}},
	{{{-19741, -2449, -352},0, {6280, 1721},{0xFF, 0x7D, 0x78, 0xFF}}},
	{{{-19650, -1958, -1030},0, {4856, 749},{0xFF, 0xFF, 0xFF, 0xFF}}},
	{{{-19739, -1982, -352},0, {4855, 1728},{0xFF, 0xFF, 0xFF, 0xFF}}},
	{{{-19741, -2449, -352},0, {6280, 1721},{0xFF, 0x7D, 0x78, 0xFF}}},
	{{{-19429, -2466, -189},0, {6370, 2309},{0xFF, 0x7D, 0x78, 0xFF}}},
	{{{-19415, -1875, -189},0, {4850, 2367},{0xFF, 0xFF, 0xFF, 0xFF}}},
	{{{-18542, -2586, -118},0, {6740, 3534},{0xFF, 0x7D, 0x78, 0xFF}}},
	{{{-18557, -1707, -117},0, {4840, 3564},{0xFF, 0xFF, 0xFF, 0xFF}}},
	{{{-17205, -1835, -59},0, {4830, 5109},{0xFF, 0xFF, 0xFF, 0xFF}}},
	{{{-17283, -2454, -81},0, {6305, 5137},{0xFF, 0x7D, 0x78, 0xFF}}},
	{{{-16030, -1861, 73},0, {4840, 6769},{0xFF, 0xFF, 0xFF, 0xFF}}},
	{{{-16063, -2438, 62},0, {6260, 6769},{0xFF, 0x7D, 0x78, 0xFF}}},
	{{{-14856, -1911, 304},0, {4854, 8365},{0xFF, 0xFF, 0xFF, 0xFF}}},
	{{{-14854, -2441, 228},0, {6267, 8365},{0xFF, 0x7D, 0x78, 0xFF}}},
	{{{-14157, -2442, 321},0, {6268, 9278},{0xFF, 0x7D, 0x78, 0xFF}}},
	{{{-14156, -2001, 388},0, {4856, 9278},{0xFF, 0xFF, 0xFF, 0xFF}}},
	{{{-13548, -2442, 402},0, {6268, 10076},{0xFF, 0x7D, 0x78, 0xFF}}},
	{{{-14156, -2001, 388},0, {4856, 9278},{0xFF, 0xFF, 0xFF, 0xFF}}},
	{{{-13556, -2004, 464},0, {4856, 10076},{0xFF, 0xFF, 0xFF, 0xFF}}},
	{{{-13548, -2442, 402},0, {6268, 10076},{0xFF, 0x7D, 0x78, 0xFF}}},
	{{{-12877, -2004, 550},0, {4856, 10951},{0xFF, 0xFF, 0xFF, 0xFF}}},
	{{{-12881, -2442, 490},0, {6268, 10951},{0xFF, 0x7D, 0x78, 0xFF}}},
	{{{-11605, -2442, 490},0, {6268, 12623},{0xFF, 0x7D, 0x78, 0xFF}}},
	{{{-11605, -2004, 550},0, {4856, 12623},{0xFF, 0xFF, 0xFF, 0xFF}}},
	{{{-10926, -2004, 466},0, {4856, 13498},{0xFF, 0xFF, 0xFF, 0xFF}}},
	{{{-10937, -2442, 402},0, {6268, 13498},{0xFF, 0x7D, 0x78, 0xFF}}},
	{{{-9690, -2442, 236},0, {6268, 15132},{0xFF, 0x7D, 0x78, 0xFF}}},
	{{{-9684, -2004, 317},0, {4856, 15132},{0xFF, 0xFF, 0xFF, 0xFF}}},
	{{{-9052, -2442, 148},0, {6268, 15969},{0xFF, 0x7D, 0x78, 0xFF}}},
	{{{-9053, -2004, 236},0, {4856, 15969},{0xFF, 0xFF, 0xFF, 0xFF}}},
	{{{-8413, -2439, 73},0, {6258, 16807},{0xFF, 0x7D, 0x78, 0xFF}}},
	{{{-8404, -2005, 172},0, {4855, 16822},{0xFF, 0xFF, 0xFF, 0xFF}}},
	{{{-7763, -2414, 102},0, {6163, 17661},{0xFF, 0x7D, 0x78, 0xFF}}},
	{{{-8404, -2005, 172},0, {4855, 16822},{0xFF, 0xFF, 0xFF, 0xFF}}},
	{{{-7648, -2008, 254},0, {4848, 17828},{0xFF, 0xFF, 0xFF, 0xFF}}},
	{{{-7763, -2414, 102},0, {6163, 17661},{0xFF, 0x7D, 0x78, 0xFF}}},
};

Gfx jrb_dl_level_005_mesh_layer_1_tri_6[] = {
	gsSPVertex(jrb_dl_level_005_mesh_layer_1_vtx_6 + 0, 16, 0),
	gsSP1Triangle(0, 1, 2, 0),
	gsSP1Triangle(0, 3, 1, 0),
	gsSP1Triangle(4, 3, 0, 0),
	gsSP1Triangle(4, 0, 5, 0),
	gsSP1Triangle(5, 0, 6, 0),
	gsSP1Triangle(7, 6, 0, 0),
	gsSP1Triangle(7, 8, 6, 0),
	gsSP1Triangle(9, 6, 8, 0),
	gsSP1Triangle(9, 10, 6, 0),
	gsSP1Triangle(10, 9, 11, 0),
	gsSP1Triangle(9, 12, 11, 0),
	gsSP1Triangle(9, 13, 12, 0),
	gsSP1Triangle(14, 13, 9, 0),
	gsSP1Triangle(14, 15, 13, 0),
	gsSPVertex(jrb_dl_level_005_mesh_layer_1_vtx_6 + 16, 16, 0),
	gsSP1Triangle(0, 1, 2, 0),
	gsSP1Triangle(0, 3, 1, 0),
	gsSP1Triangle(3, 4, 1, 0),
	gsSP1Triangle(3, 5, 4, 0),
	gsSP1Triangle(1, 4, 6, 0),
	gsSP1Triangle(1, 6, 7, 0),
	gsSP1Triangle(7, 6, 8, 0),
	gsSP1Triangle(7, 8, 9, 0),
	gsSP1Triangle(9, 8, 10, 0),
	gsSP1Triangle(10, 8, 11, 0),
	gsSP1Triangle(8, 12, 11, 0),
	gsSP1Triangle(8, 13, 12, 0),
	gsSP1Triangle(13, 14, 12, 0),
	gsSP1Triangle(13, 15, 14, 0),
	gsSPVertex(jrb_dl_level_005_mesh_layer_1_vtx_6 + 32, 16, 0),
	gsSP1Triangle(0, 1, 2, 0),
	gsSP1Triangle(0, 3, 1, 0),
	gsSP1Triangle(3, 4, 1, 0),
	gsSP1Triangle(3, 5, 4, 0),
	gsSP1Triangle(5, 6, 4, 0),
	gsSP1Triangle(5, 7, 6, 0),
	gsSP1Triangle(7, 8, 6, 0),
	gsSP1Triangle(7, 9, 8, 0),
	gsSP1Triangle(9, 10, 8, 0),
	gsSP1Triangle(9, 11, 10, 0),
	gsSP1Triangle(11, 12, 10, 0),
	gsSP1Triangle(11, 13, 12, 0),
	gsSP1Triangle(13, 14, 12, 0),
	gsSP1Triangle(13, 15, 14, 0),
	gsSPVertex(jrb_dl_level_005_mesh_layer_1_vtx_6 + 48, 16, 0),
	gsSP1Triangle(0, 1, 2, 0),
	gsSP1Triangle(0, 3, 1, 0),
	gsSP1Triangle(4, 3, 0, 0),
	gsSP1Triangle(4, 0, 5, 0),
	gsSP1Triangle(5, 0, 6, 0),
	gsSP1Triangle(5, 6, 7, 0),
	gsSP1Triangle(7, 6, 8, 0),
	gsSP1Triangle(7, 8, 9, 0),
	gsSP1Triangle(9, 8, 10, 0),
	gsSP1Triangle(9, 10, 11, 0),
	gsSP1Triangle(11, 10, 12, 0),
	gsSP1Triangle(11, 12, 13, 0),
	gsSP1Triangle(13, 12, 14, 0),
	gsSP1Triangle(13, 14, 15, 0),
	gsSPVertex(jrb_dl_level_005_mesh_layer_1_vtx_6 + 64, 16, 0),
	gsSP1Triangle(0, 1, 2, 0),
	gsSP1Triangle(0, 2, 3, 0),
	gsSP1Triangle(4, 0, 3, 0),
	gsSP1Triangle(4, 3, 5, 0),
	gsSP1Triangle(6, 0, 4, 0),
	gsSP1Triangle(6, 7, 0, 0),
	gsSP1Triangle(8, 7, 6, 0),
	gsSP1Triangle(8, 9, 7, 0),
	gsSP1Triangle(10, 9, 8, 0),
	gsSP1Triangle(10, 11, 9, 0),
	gsSP1Triangle(12, 11, 10, 0),
	gsSP1Triangle(12, 13, 11, 0),
	gsSP1Triangle(14, 13, 12, 0),
	gsSP1Triangle(14, 15, 13, 0),
	gsSPVertex(jrb_dl_level_005_mesh_layer_1_vtx_6 + 80, 16, 0),
	gsSP1Triangle(0, 1, 2, 0),
	gsSP1Triangle(3, 0, 2, 0),
	gsSP1Triangle(3, 2, 4, 0),
	gsSP1Triangle(5, 3, 4, 0),
	gsSP1Triangle(5, 4, 6, 0),
	gsSP1Triangle(7, 5, 6, 0),
	gsSP1Triangle(7, 6, 8, 0),
	gsSP1Triangle(9, 7, 8, 0),
	gsSP1Triangle(9, 8, 10, 0),
	gsSP1Triangle(11, 7, 9, 0),
	gsSP1Triangle(11, 12, 7, 0),
	gsSP1Triangle(12, 5, 7, 0),
	gsSP1Triangle(12, 13, 5, 0),
	gsSP1Triangle(13, 3, 5, 0),
	gsSP1Triangle(13, 14, 3, 0),
	gsSP1Triangle(14, 0, 3, 0),
	gsSP1Triangle(14, 15, 0, 0),
	gsSPVertex(jrb_dl_level_005_mesh_layer_1_vtx_6 + 96, 16, 0),
	gsSP1Triangle(0, 1, 2, 0),
	gsSP1Triangle(0, 3, 1, 0),
	gsSP1Triangle(3, 4, 1, 0),
	gsSP1Triangle(3, 5, 4, 0),
	gsSP1Triangle(4, 5, 6, 0),
	gsSP1Triangle(4, 6, 7, 0),
	gsSP1Triangle(7, 6, 8, 0),
	gsSP1Triangle(7, 8, 9, 0),
	gsSP1Triangle(10, 9, 8, 0),
	gsSP1Triangle(10, 11, 9, 0),
	gsSP1Triangle(12, 11, 10, 0),
	gsSP1Triangle(12, 13, 11, 0),
	gsSP1Triangle(13, 12, 14, 0),
	gsSP1Triangle(13, 14, 15, 0),
	gsSPVertex(jrb_dl_level_005_mesh_layer_1_vtx_6 + 112, 16, 0),
	gsSP1Triangle(0, 1, 2, 0),
	gsSP1Triangle(0, 2, 3, 0),
	gsSP1Triangle(4, 0, 3, 0),
	gsSP1Triangle(4, 3, 5, 0),
	gsSP1Triangle(6, 4, 5, 0),
	gsSP1Triangle(6, 5, 7, 0),
	gsSP1Triangle(8, 6, 7, 0),
	gsSP1Triangle(8, 7, 9, 0),
	gsSP1Triangle(10, 8, 9, 0),
	gsSP1Triangle(10, 9, 11, 0),
	gsSP1Triangle(12, 10, 11, 0),
	gsSP1Triangle(12, 11, 13, 0),
	gsSP1Triangle(14, 12, 13, 0),
	gsSP1Triangle(14, 13, 15, 0),
	gsSPVertex(jrb_dl_level_005_mesh_layer_1_vtx_6 + 128, 16, 0),
	gsSP1Triangle(0, 1, 2, 0),
	gsSP1Triangle(0, 2, 3, 0),
	gsSP1Triangle(4, 0, 3, 0),
	gsSP1Triangle(4, 3, 5, 0),
	gsSP1Triangle(6, 4, 5, 0),
	gsSP1Triangle(6, 5, 7, 0),
	gsSP1Triangle(8, 6, 7, 0),
	gsSP1Triangle(8, 7, 9, 0),
	gsSP1Triangle(10, 8, 9, 0),
	gsSP1Triangle(10, 9, 11, 0),
	gsSP1Triangle(12, 10, 11, 0),
	gsSP1Triangle(12, 11, 13, 0),
	gsSP1Triangle(14, 12, 13, 0),
	gsSP1Triangle(14, 13, 15, 0),
	gsSPVertex(jrb_dl_level_005_mesh_layer_1_vtx_6 + 144, 16, 0),
	gsSP1Triangle(0, 1, 2, 0),
	gsSP1Triangle(0, 3, 1, 0),
	gsSP1Triangle(3, 4, 1, 0),
	gsSP1Triangle(3, 5, 4, 0),
	gsSP1Triangle(6, 7, 8, 0),
	gsSP1Triangle(9, 10, 11, 0),
	gsSP1Triangle(12, 13, 14, 0),
	gsSP1Triangle(12, 14, 15, 0),
	gsSPVertex(jrb_dl_level_005_mesh_layer_1_vtx_6 + 160, 16, 0),
	gsSP1Triangle(0, 1, 2, 0),
	gsSP1Triangle(3, 0, 2, 0),
	gsSP1Triangle(3, 2, 4, 0),
	gsSP1Triangle(5, 4, 2, 0),
	gsSP1Triangle(5, 6, 4, 0),
	gsSP1Triangle(7, 0, 3, 0),
	gsSP1Triangle(7, 8, 0, 0),
	gsSP1Triangle(8, 9, 0, 0),
	gsSP1Triangle(8, 10, 9, 0),
	gsSP1Triangle(10, 8, 11, 0),
	gsSP1Triangle(12, 13, 11, 0),
	gsSP1Triangle(12, 7, 13, 0),
	gsSP1Triangle(10, 11, 14, 0),
	gsSP1Triangle(15, 10, 14, 0),
	gsSPVertex(jrb_dl_level_005_mesh_layer_1_vtx_6 + 176, 16, 0),
	gsSP1Triangle(0, 1, 2, 0),
	gsSP1Triangle(3, 0, 2, 0),
	gsSP1Triangle(3, 2, 4, 0),
	gsSP1Triangle(5, 3, 4, 0),
	gsSP1Triangle(5, 4, 6, 0),
	gsSP1Triangle(7, 5, 6, 0),
	gsSP1Triangle(7, 6, 8, 0),
	gsSP1Triangle(9, 7, 8, 0),
	gsSP1Triangle(9, 8, 10, 0),
	gsSP1Triangle(11, 9, 10, 0),
	gsSP1Triangle(11, 10, 12, 0),
	gsSP1Triangle(13, 11, 12, 0),
	gsSP1Triangle(13, 12, 14, 0),
	gsSP1Triangle(15, 13, 14, 0),
	gsSPVertex(jrb_dl_level_005_mesh_layer_1_vtx_6 + 192, 16, 0),
	gsSP1Triangle(0, 1, 2, 0),
	gsSP1Triangle(3, 0, 2, 0),
	gsSP1Triangle(3, 2, 4, 0),
	gsSP1Triangle(5, 0, 6, 0),
	gsSP1Triangle(0, 7, 6, 0),
	gsSP1Triangle(0, 8, 7, 0),
	gsSP1Triangle(6, 7, 9, 0),
	gsSP1Triangle(7, 10, 9, 0),
	gsSP1Triangle(7, 11, 10, 0),
	gsSP1Triangle(12, 11, 7, 0),
	gsSP1Triangle(12, 13, 11, 0),
	gsSP1Triangle(13, 14, 11, 0),
	gsSP1Triangle(13, 15, 14, 0),
	gsSPVertex(jrb_dl_level_005_mesh_layer_1_vtx_6 + 208, 16, 0),
	gsSP1Triangle(0, 1, 2, 0),
	gsSP1Triangle(0, 2, 3, 0),
	gsSP1Triangle(4, 3, 2, 0),
	gsSP1Triangle(4, 5, 3, 0),
	gsSP1Triangle(6, 5, 4, 0),
	gsSP1Triangle(6, 7, 5, 0),
	gsSP1Triangle(8, 7, 6, 0),
	gsSP1Triangle(8, 6, 9, 0),
	gsSP1Triangle(10, 8, 9, 0),
	gsSP1Triangle(10, 9, 11, 0),
	gsSP1Triangle(12, 10, 11, 0),
	gsSP1Triangle(12, 11, 13, 0),
	gsSP1Triangle(14, 12, 13, 0),
	gsSP1Triangle(14, 13, 15, 0),
	gsSPVertex(jrb_dl_level_005_mesh_layer_1_vtx_6 + 224, 16, 0),
	gsSP1Triangle(0, 1, 2, 0),
	gsSP1Triangle(0, 2, 3, 0),
	gsSP1Triangle(0, 3, 4, 0),
	gsSP1Triangle(0, 4, 5, 0),
	gsSP1Triangle(5, 4, 6, 0),
	gsSP1Triangle(5, 6, 7, 0),
	gsSP1Triangle(8, 5, 7, 0),
	gsSP1Triangle(8, 7, 9, 0),
	gsSP1Triangle(10, 5, 8, 0),
	gsSP1Triangle(10, 0, 5, 0),
	gsSP1Triangle(11, 0, 10, 0),
	gsSP1Triangle(12, 11, 10, 0),
	gsSP1Triangle(12, 13, 11, 0),
	gsSP1Triangle(14, 13, 12, 0),
	gsSP1Triangle(14, 15, 13, 0),
	gsSPVertex(jrb_dl_level_005_mesh_layer_1_vtx_6 + 240, 16, 0),
	gsSP1Triangle(0, 1, 2, 0),
	gsSP1Triangle(0, 3, 1, 0),
	gsSP1Triangle(3, 4, 1, 0),
	gsSP1Triangle(1, 4, 5, 0),
	gsSP1Triangle(4, 6, 5, 0),
	gsSP1Triangle(4, 7, 6, 0),
	gsSP1Triangle(7, 8, 6, 0),
	gsSP1Triangle(6, 8, 9, 0),
	gsSP1Triangle(9, 8, 10, 0),
	gsSP1Triangle(8, 11, 10, 0),
	gsSP1Triangle(10, 11, 12, 0),
	gsSP1Triangle(11, 13, 12, 0),
	gsSP1Triangle(11, 14, 13, 0),
	gsSP1Triangle(14, 15, 13, 0),
	gsSPVertex(jrb_dl_level_005_mesh_layer_1_vtx_6 + 256, 16, 0),
	gsSP1Triangle(0, 1, 2, 0),
	gsSP1Triangle(1, 3, 2, 0),
	gsSP1Triangle(1, 4, 3, 0),
	gsSP1Triangle(4, 5, 3, 0),
	gsSP1Triangle(4, 6, 5, 0),
	gsSP1Triangle(6, 7, 5, 0),
	gsSP1Triangle(6, 8, 7, 0),
	gsSP1Triangle(8, 9, 7, 0),
	gsSP1Triangle(8, 10, 9, 0),
	gsSP1Triangle(10, 11, 9, 0),
	gsSP1Triangle(10, 12, 11, 0),
	gsSP1Triangle(12, 13, 11, 0),
	gsSP1Triangle(12, 14, 13, 0),
	gsSP1Triangle(15, 11, 13, 0),
	gsSPVertex(jrb_dl_level_005_mesh_layer_1_vtx_6 + 272, 16, 0),
	gsSP1Triangle(0, 1, 2, 0),
	gsSP1Triangle(3, 1, 0, 0),
	gsSP1Triangle(3, 4, 1, 0),
	gsSP1Triangle(4, 5, 1, 0),
	gsSP1Triangle(4, 6, 5, 0),
	gsSP1Triangle(6, 7, 5, 0),
	gsSP1Triangle(6, 8, 7, 0),
	gsSP1Triangle(8, 9, 7, 0),
	gsSP1Triangle(8, 10, 9, 0),
	gsSP1Triangle(10, 11, 9, 0),
	gsSP1Triangle(10, 12, 11, 0),
	gsSP1Triangle(12, 13, 11, 0),
	gsSP1Triangle(12, 14, 13, 0),
	gsSP1Triangle(14, 15, 13, 0),
	gsSPVertex(jrb_dl_level_005_mesh_layer_1_vtx_6 + 288, 16, 0),
	gsSP1Triangle(0, 1, 2, 0),
	gsSP1Triangle(1, 3, 2, 0),
	gsSP1Triangle(2, 3, 4, 0),
	gsSP1Triangle(3, 5, 4, 0),
	gsSP1Triangle(6, 4, 5, 0),
	gsSP1Triangle(2, 4, 7, 0),
	gsSP1Triangle(8, 2, 7, 0),
	gsSP1Triangle(8, 7, 9, 0),
	gsSP1Triangle(10, 8, 9, 0),
	gsSP1Triangle(10, 9, 11, 0),
	gsSP1Triangle(12, 10, 11, 0),
	gsSP1Triangle(12, 11, 13, 0),
	gsSP1Triangle(14, 12, 13, 0),
	gsSP1Triangle(14, 13, 15, 0),
	gsSPVertex(jrb_dl_level_005_mesh_layer_1_vtx_6 + 304, 16, 0),
	gsSP1Triangle(0, 1, 2, 0),
	gsSP1Triangle(0, 2, 3, 0),
	gsSP1Triangle(4, 0, 3, 0),
	gsSP1Triangle(4, 3, 5, 0),
	gsSP1Triangle(6, 7, 8, 0),
	gsSP1Triangle(9, 10, 11, 0),
	gsSP1Triangle(9, 11, 12, 0),
	gsSP1Triangle(12, 11, 13, 0),
	gsSP1Triangle(12, 13, 14, 0),
	gsSP1Triangle(15, 12, 14, 0),
	gsSPVertex(jrb_dl_level_005_mesh_layer_1_vtx_6 + 320, 16, 0),
	gsSP1Triangle(0, 1, 2, 0),
	gsSP1Triangle(3, 4, 0, 0),
	gsSP1Triangle(3, 5, 4, 0),
	gsSP1Triangle(6, 7, 8, 0),
	gsSP1Triangle(8, 7, 9, 0),
	gsSP1Triangle(8, 9, 10, 0),
	gsSP1Triangle(11, 12, 13, 0),
	gsSP1Triangle(11, 14, 12, 0),
	gsSP1Triangle(11, 15, 14, 0),
	gsSPVertex(jrb_dl_level_005_mesh_layer_1_vtx_6 + 336, 16, 0),
	gsSP1Triangle(0, 1, 2, 0),
	gsSP1Triangle(0, 3, 1, 0),
	gsSP1Triangle(3, 4, 1, 0),
	gsSP1Triangle(1, 4, 5, 0),
	gsSP1Triangle(4, 6, 5, 0),
	gsSP1Triangle(4, 7, 6, 0),
	gsSP1Triangle(7, 8, 6, 0),
	gsSP1Triangle(1, 5, 9, 0),
	gsSP1Triangle(10, 11, 12, 0),
	gsSP1Triangle(10, 12, 13, 0),
	gsSP1Triangle(13, 12, 14, 0),
	gsSP1Triangle(13, 14, 15, 0),
	gsSPVertex(jrb_dl_level_005_mesh_layer_1_vtx_6 + 352, 16, 0),
	gsSP1Triangle(0, 1, 2, 0),
	gsSP1Triangle(0, 2, 3, 0),
	gsSP1Triangle(4, 0, 3, 0),
	gsSP1Triangle(4, 3, 5, 0),
	gsSP1Triangle(6, 4, 5, 0),
	gsSP1Triangle(6, 5, 7, 0),
	gsSP1Triangle(6, 7, 8, 0),
	gsSP1Triangle(6, 8, 9, 0),
	gsSP1Triangle(9, 10, 6, 0),
	gsSP1Triangle(11, 10, 9, 0),
	gsSP1Triangle(11, 9, 12, 0),
	gsSP1Triangle(13, 11, 12, 0),
	gsSP1Triangle(13, 12, 14, 0),
	gsSP1Triangle(15, 13, 14, 0),
	gsSPVertex(jrb_dl_level_005_mesh_layer_1_vtx_6 + 368, 16, 0),
	gsSP1Triangle(0, 1, 2, 0),
	gsSP1Triangle(3, 0, 2, 0),
	gsSP1Triangle(3, 2, 4, 0),
	gsSP1Triangle(5, 3, 4, 0),
	gsSP1Triangle(5, 4, 6, 0),
	gsSP1Triangle(5, 6, 7, 0),
	gsSP1Triangle(5, 7, 8, 0),
	gsSP1Triangle(8, 7, 9, 0),
	gsSP1Triangle(8, 9, 10, 0),
	gsSP1Triangle(9, 11, 10, 0),
	gsSP1Triangle(9, 12, 11, 0),
	gsSP1Triangle(13, 11, 12, 0),
	gsSP1Triangle(13, 14, 11, 0),
	gsSP1Triangle(15, 11, 14, 0),
	gsSPVertex(jrb_dl_level_005_mesh_layer_1_vtx_6 + 384, 16, 0),
	gsSP1Triangle(0, 1, 2, 0),
	gsSP1Triangle(0, 3, 1, 0),
	gsSP1Triangle(4, 3, 0, 0),
	gsSP1Triangle(4, 0, 5, 0),
	gsSP1Triangle(4, 5, 6, 0),
	gsSP1Triangle(4, 6, 7, 0),
	gsSP1Triangle(8, 7, 6, 0),
	gsSP1Triangle(8, 6, 9, 0),
	gsSP1Triangle(10, 8, 9, 0),
	gsSP1Triangle(10, 9, 11, 0),
	gsSP1Triangle(10, 11, 12, 0),
	gsSP1Triangle(10, 12, 13, 0),
	gsSP1Triangle(13, 14, 10, 0),
	gsSP1Triangle(15, 14, 13, 0),
	gsSPVertex(jrb_dl_level_005_mesh_layer_1_vtx_6 + 400, 16, 0),
	gsSP1Triangle(0, 1, 2, 0),
	gsSP1Triangle(3, 0, 2, 0),
	gsSP1Triangle(3, 2, 4, 0),
	gsSP1Triangle(5, 3, 4, 0),
	gsSP1Triangle(5, 4, 6, 0),
	gsSP1Triangle(7, 5, 6, 0),
	gsSP1Triangle(7, 6, 8, 0),
	gsSP1Triangle(9, 7, 8, 0),
	gsSP1Triangle(9, 8, 10, 0),
	gsSP1Triangle(11, 9, 10, 0),
	gsSP1Triangle(11, 10, 12, 0),
	gsSP1Triangle(13, 11, 12, 0),
	gsSP1Triangle(13, 12, 14, 0),
	gsSP1Triangle(15, 13, 14, 0),
	gsSPVertex(jrb_dl_level_005_mesh_layer_1_vtx_6 + 416, 16, 0),
	gsSP1Triangle(0, 1, 2, 0),
	gsSP1Triangle(3, 0, 2, 0),
	gsSP1Triangle(3, 2, 4, 0),
	gsSP1Triangle(5, 3, 4, 0),
	gsSP1Triangle(5, 4, 6, 0),
	gsSP1Triangle(7, 5, 6, 0),
	gsSP1Triangle(7, 6, 8, 0),
	gsSP1Triangle(9, 7, 8, 0),
	gsSP1Triangle(9, 8, 10, 0),
	gsSP1Triangle(11, 9, 10, 0),
	gsSP1Triangle(11, 10, 12, 0),
	gsSP1Triangle(13, 9, 11, 0),
	gsSP1Triangle(13, 14, 9, 0),
	gsSP1Triangle(14, 7, 9, 0),
	gsSP1Triangle(14, 15, 7, 0),
	gsSP1Triangle(15, 5, 7, 0),
	gsSPVertex(jrb_dl_level_005_mesh_layer_1_vtx_6 + 432, 16, 0),
	gsSP1Triangle(0, 1, 2, 0),
	gsSP1Triangle(1, 3, 2, 0),
	gsSP1Triangle(1, 4, 3, 0),
	gsSP1Triangle(4, 5, 3, 0),
	gsSP1Triangle(4, 6, 5, 0),
	gsSP1Triangle(6, 7, 5, 0),
	gsSP1Triangle(6, 8, 7, 0),
	gsSP1Triangle(8, 9, 7, 0),
	gsSP1Triangle(8, 10, 9, 0),
	gsSP1Triangle(10, 11, 9, 0),
	gsSP1Triangle(10, 12, 11, 0),
	gsSP1Triangle(12, 13, 11, 0),
	gsSP1Triangle(12, 14, 13, 0),
	gsSP1Triangle(14, 15, 13, 0),
	gsSPVertex(jrb_dl_level_005_mesh_layer_1_vtx_6 + 448, 16, 0),
	gsSP1Triangle(0, 1, 2, 0),
	gsSP1Triangle(1, 3, 2, 0),
	gsSP1Triangle(1, 4, 3, 0),
	gsSP1Triangle(4, 5, 3, 0),
	gsSP1Triangle(4, 6, 5, 0),
	gsSP1Triangle(6, 7, 5, 0),
	gsSP1Triangle(6, 8, 7, 0),
	gsSP1Triangle(8, 9, 7, 0),
	gsSP1Triangle(8, 10, 9, 0),
	gsSP1Triangle(10, 11, 9, 0),
	gsSP1Triangle(10, 12, 11, 0),
	gsSP1Triangle(12, 13, 11, 0),
	gsSP1Triangle(12, 14, 13, 0),
	gsSP1Triangle(14, 15, 13, 0),
	gsSPVertex(jrb_dl_level_005_mesh_layer_1_vtx_6 + 464, 16, 0),
	gsSP1Triangle(0, 1, 2, 0),
	gsSP1Triangle(1, 3, 2, 0),
	gsSP1Triangle(1, 4, 3, 0),
	gsSP1Triangle(4, 5, 3, 0),
	gsSP1Triangle(4, 6, 5, 0),
	gsSP1Triangle(7, 5, 6, 0),
	gsSP1Triangle(7, 8, 5, 0),
	gsSP1Triangle(9, 8, 7, 0),
	gsSP1Triangle(9, 10, 8, 0),
	gsSP1Triangle(11, 10, 9, 0),
	gsSP1Triangle(11, 12, 10, 0),
	gsSP1Triangle(11, 13, 12, 0),
	gsSP1Triangle(11, 14, 13, 0),
	gsSP1Triangle(14, 15, 13, 0),
	gsSPVertex(jrb_dl_level_005_mesh_layer_1_vtx_6 + 480, 16, 0),
	gsSP1Triangle(0, 1, 2, 0),
	gsSP1Triangle(3, 2, 1, 0),
	gsSP1Triangle(3, 4, 2, 0),
	gsSP1Triangle(3, 5, 4, 0),
	gsSP1Triangle(3, 6, 5, 0),
	gsSP1Triangle(7, 5, 6, 0),
	gsSP1Triangle(7, 8, 5, 0),
	gsSP1Triangle(7, 9, 8, 0),
	gsSP1Triangle(7, 10, 9, 0),
	gsSP1Triangle(10, 11, 9, 0),
	gsSP1Triangle(10, 12, 11, 0),
	gsSP1Triangle(12, 13, 11, 0),
	gsSP1Triangle(12, 14, 13, 0),
	gsSP1Triangle(14, 15, 13, 0),
	gsSPVertex(jrb_dl_level_005_mesh_layer_1_vtx_6 + 496, 3, 0),
	gsSP1Triangle(0, 1, 2, 0),
	gsSPEndDisplayList(),
};

Vtx jrb_dl_level_005_mesh_layer_1_vtx_7[195] = {
	{{{-8450, -1907, 2057},0, {5911, 1209},{0x2B, 0x74, 0xE1, 0xFF}}},
	{{{-7621, -1963, 1905},0, {6716, 1062},{0xFA, 0x7F, 0x1, 0xFF}}},
	{{{-7637, -1948, 1058},0, {6701, 238},{0xF7, 0x7F, 0xFA, 0xFF}}},
	{{{-8419, -1958, 1075},0, {5940, 255},{0x4, 0x7F, 0xF9, 0xFF}}},
	{{{-7648, -2008, 254},0, {6690, -543},{0x0, 0x63, 0xB0, 0xFF}}},
	{{{-6857, -1980, 302},0, {7459, -497},{0xE2, 0x45, 0x99, 0xFF}}},
	{{{-6951, -1777, 1054},0, {7367, 234},{0xB1, 0x64, 0xFC, 0xFF}}},
	{{{-8404, -2005, 172},0, {5955, -623},{0xFF, 0x60, 0xAC, 0xFF}}},
	{{{-9053, -2004, 236},0, {5324, -561},{0xF7, 0x5F, 0xAD, 0xFF}}},
	{{{-9055, -1943, 1073},0, {5322, 253},{0x2, 0x7E, 0xF4, 0xFF}}},
	{{{-9684, -2004, 317},0, {4710, -483},{0xF6, 0x5F, 0xAC, 0xFF}}},
	{{{-9624, -1947, 1099},0, {4769, 278},{0xFD, 0x7E, 0xF5, 0xFF}}},
	{{{-10847, -1959, 1098},0, {3579, 277},{0xFE, 0x7F, 0xFA, 0xFF}}},
	{{{-10926, -2004, 466},0, {3503, -338},{0xF6, 0x5D, 0xAB, 0xFF}}},
	{{{-11609, -1959, 1129},0, {2839, 307},{0x0, 0x7F, 0xFC, 0xFF}}},
	{{{-11605, -2004, 550},0, {2843, -256},{0xFB, 0x5E, 0xAB, 0xFF}}},
	{{{-12840, -1959, 1129},0, {1642, 307},{0x0, 0x7F, 0xFC, 0xFF}}},
	{{{-11609, -1959, 1129},0, {2839, 307},{0x0, 0x7F, 0xFC, 0xFF}}},
	{{{-11605, -2004, 550},0, {2843, -256},{0xFB, 0x5E, 0xAB, 0xFF}}},
	{{{-12877, -2004, 550},0, {1606, -256},{0x5, 0x5E, 0xAB, 0xFF}}},
	{{{-13606, -1959, 1079},0, {897, 258},{0x2, 0x7F, 0xFC, 0xFF}}},
	{{{-13556, -2004, 464},0, {946, -339},{0xB, 0x5D, 0xAA, 0xFF}}},
	{{{-14156, -2001, 388},0, {363, -414},{0x15, 0x57, 0xA5, 0xFF}}},
	{{{-14148, -1937, 1041},0, {371, 222},{0x14, 0x7D, 0xF9, 0xFF}}},
	{{{-14856, -1911, 304},0, {-318, -495},{0x31, 0x2C, 0x93, 0xFF}}},
	{{{-14622, -1752, 1009},0, {-91, 190},{0x56, 0x5D, 0xF2, 0xFF}}},
	{{{-14155, -1942, 1707},0, {363, 869},{0x10, 0x7E, 0xFF, 0xFF}}},
	{{{-14716, -1788, 1687},0, {-182, 849},{0x30, 0x71, 0x22, 0xFF}}},
	{{{-13606, -1959, 1720},0, {897, 882},{0x4, 0x7F, 0xFC, 0xFF}}},
	{{{-12804, -1959, 1737},0, {1677, 898},{0x1, 0x7F, 0xFF, 0xFF}}},
	{{{-11611, -1959, 1737},0, {2837, 898},{0x0, 0x7F, 0x0, 0xFF}}},
	{{{-10847, -1959, 1098},0, {3579, 277},{0xFE, 0x7F, 0xFA, 0xFF}}},
	{{{-11611, -1959, 1737},0, {2837, 898},{0x0, 0x7F, 0x0, 0xFF}}},
	{{{-10821, -1960, 1750},0, {3605, 911},{0xFB, 0x7F, 0xFC, 0xFF}}},
	{{{-10847, -1959, 1098},0, {3579, 277},{0xFE, 0x7F, 0xFA, 0xFF}}},
	{{{-9624, -1947, 1099},0, {4769, 278},{0xFD, 0x7E, 0xF5, 0xFF}}},
	{{{-9547, -1834, 1903},0, {4844, 1060},{0xDD, 0x73, 0xD8, 0xFF}}},
	{{{-9054, -1811, 1794},0, {5323, 954},{0x8, 0x6E, 0xC1, 0xFF}}},
	{{{-9055, -1943, 1073},0, {5322, 253},{0x2, 0x7E, 0xF4, 0xFF}}},
	{{{-8450, -1907, 2057},0, {5911, 1209},{0x2B, 0x74, 0xE1, 0xFF}}},
	{{{-8419, -1958, 1075},0, {5940, 255},{0x4, 0x7F, 0xF9, 0xFF}}},
	{{{-17348, -1959, -7408},0, {-2741, -7994},{0xC9, 0x68, 0xD0, 0xFF}}},
	{{{-15636, -1856, -8347},0, {-1077, -8906},{0xC5, 0x51, 0xB2, 0xFF}}},
	{{{-15372, -1925, -8570},0, {-819, -9123},{0xD4, 0x5E, 0xB7, 0xFF}}},
	{{{-17348, -1959, -8939},0, {-2741, -9482},{0xFD, 0x7F, 0x1, 0xFF}}},
	{{{-15659, -1917, -9251},0, {-1099, -9785},{0x2, 0x7E, 0xC, 0xFF}}},
	{{{-15023, -1959, -8768},0, {-481, -9315},{0xF0, 0x62, 0xB1, 0xFF}}},
	{{{-14816, -1959, -9408},0, {-279, -9938},{0x8, 0x7F, 0x7, 0xFF}}},
	{{{-14515, -1959, -10049},0, {14, -10561},{0xEA, 0x74, 0x2E, 0xFF}}},
	{{{-15659, -1917, -9251},0, {-1099, -9785},{0x2, 0x7E, 0xC, 0xFF}}},
	{{{-14816, -1959, -9408},0, {-279, -9938},{0x8, 0x7F, 0x7, 0xFF}}},
	{{{-14449, -1876, -10202},0, {77, -10710},{0xA8, 0x49, 0x36, 0xFF}}},
	{{{-14837, -1630, -10247},0, {-300, -10754},{0xF7, 0x40, 0x6D, 0xFF}}},
	{{{-15783, -1714, -10125},0, {-1219, -10635},{0xFE, 0x59, 0x5B, 0xFF}}},
	{{{-17398, -1959, -10362},0, {-2789, -10866},{0xFA, 0x5C, 0x58, 0xFF}}},
	{{{-17348, -1959, -8939},0, {-2741, -9482},{0xFD, 0x7F, 0x1, 0xFF}}},
	{{{-22464, -1959, -8939},0, {-7715, -9482},{0x53, 0x58, 0x28, 0xFF}}},
	{{{-21667, -1959, -10362},0, {-6940, -10866},{0x33, 0x4F, 0x56, 0xFF}}},
	{{{-23073, -1959, -7575},0, {-8307, -8155},{0x64, 0x4D, 0xF1, 0xFF}}},
	{{{-17348, -1959, -7408},0, {-2741, -7994},{0xC9, 0x68, 0xD0, 0xFF}}},
	{{{-17569, -1959, -6690},0, {-2956, -7295},{0xAF, 0x5F, 0xE6, 0xFF}}},
	{{{-19922, -1959, -5426},0, {-5244, -6066},{0x3, 0x7F, 0xFE, 0xFF}}},
	{{{-21981, -1908, -6462},0, {-7246, -7074},{0x3F, 0x5B, 0xC2, 0xFF}}},
	{{{-20114, -1912, -4541},0, {-5430, -5206},{0x46, 0x5B, 0xCA, 0xFF}}},
	{{{-19487, -1912, -3546},0, {-4821, -4238},{0x4A, 0x51, 0xC1, 0xFF}}},
	{{{-19922, -1959, -5426},0, {-5244, -6066},{0x3, 0x7F, 0xFE, 0xFF}}},
	{{{-20114, -1912, -4541},0, {-5430, -5206},{0x46, 0x5B, 0xCA, 0xFF}}},
	{{{-19145, -1959, -3470},0, {-4488, -4165},{0xC, 0x7E, 0xF5, 0xFF}}},
	{{{-18969, -1959, -3259},0, {-4317, -3959},{0xA, 0x7E, 0xF2, 0xFF}}},
	{{{-19049, -1912, -3167},0, {-4395, -3870},{0x3A, 0x4E, 0xAE, 0xFF}}},
	{{{-18024, -1959, -2995},0, {-3399, -3703},{0x4, 0x7F, 0xF9, 0xFF}}},
	{{{-17987, -1917, -2572},0, {-3362, -3291},{0x2A, 0x55, 0xAC, 0xFF}}},
	{{{-17209, -1959, -2277},0, {-2606, -3004},{0x1E, 0x5D, 0xAF, 0xFF}}},
	{{{-17348, -1959, -2837},0, {-2741, -3549},{0x1, 0x7F, 0xFE, 0xFF}}},
	{{{-15987, -1959, -2933},0, {-1417, -3643},{0x0, 0x7F, 0x0, 0xFF}}},
	{{{-16071, -1959, -2245},0, {-1500, -2973},{0x0, 0x7F, 0xFC, 0xFF}}},
	{{{-15646, -1959, -1987},0, {-1086, -2723},{0x1, 0x7F, 0xFD, 0xFF}}},
	{{{-16017, -1928, -1857},0, {-1447, -2596},{0x1C, 0x59, 0xAA, 0xFF}}},
	{{{-14795, -1959, -1473},0, {-259, -2223},{0x1D, 0x53, 0x5B, 0xFF}}},
	{{{-14795, -1959, -1879},0, {-259, -2618},{0x0, 0x7F, 0xFF, 0xFF}}},
	{{{-14795, -1959, -1473},0, {-259, -2223},{0x1D, 0x53, 0x5B, 0xFF}}},
	{{{-13414, -1959, -1885},0, {1084, -2623},{0x0, 0x7F, 0x0, 0xFF}}},
	{{{-14795, -1959, -1879},0, {-259, -2618},{0x0, 0x7F, 0xFF, 0xFF}}},
	{{{-14170, -1959, -1556},0, {349, -2303},{0xB, 0x5A, 0x59, 0xFF}}},
	{{{-13625, -1959, -1628},0, {878, -2374},{0xB, 0x5A, 0x59, 0xFF}}},
	{{{-11605, -1959, -2355},0, {2843, -3080},{0x0, 0x7F, 0x0, 0xFF}}},
	{{{-12881, -1959, -1727},0, {1602, -2470},{0x6, 0x58, 0x5C, 0xFF}}},
	{{{-11605, -1959, -1727},0, {2843, -2470},{0xFB, 0x5C, 0x58, 0xFF}}},
	{{{-10967, -1959, -1642},0, {3464, -2387},{0xF5, 0x5A, 0x59, 0xFF}}},
	{{{-10967, -1959, -2340},0, {3464, -3066},{0x0, 0x7F, 0x0, 0xFF}}},
	{{{-10328, -1959, -1557},0, {4084, -2305},{0xF5, 0x5A, 0x59, 0xFF}}},
	{{{-10328, -1959, -2326},0, {4084, -3052},{0x0, 0x7F, 0x0, 0xFF}}},
	{{{-9690, -1959, -1473},0, {4704, -2223},{0xF5, 0x59, 0x5A, 0xFF}}},
	{{{-9690, -1959, -2312},0, {4704, -3038},{0x0, 0x7F, 0x0, 0xFF}}},
	{{{-8414, -1959, -1298},0, {5945, -2052},{0xFB, 0x58, 0x5C, 0xFF}}},
	{{{-8414, -1959, -2210},0, {5945, -2940},{0x0, 0x7F, 0x0, 0xFF}}},
	{{{-8414, -1959, -1298},0, {5945, -2052},{0xFB, 0x58, 0x5C, 0xFF}}},
	{{{-7529, -1964, -2230},0, {6806, -2959},{0x0, 0x7F, 0x0, 0xFF}}},
	{{{-8414, -1959, -2210},0, {5945, -2940},{0x0, 0x7F, 0x0, 0xFF}}},
	{{{-7350, -1968, -1333},0, {6980, -2087},{0x1, 0x5E, 0x55, 0xFF}}},
	{{{-6286, -1976, -1368},0, {8015, -2121},{0xDF, 0x4E, 0x5F, 0xFF}}},
	{{{-6644, -1969, -2251},0, {7667, -2979},{0x0, 0x7F, 0x0, 0xFF}}},
	{{{-5977, -1959, -3470},0, {8315, -4165},{0xFA, 0x70, 0xC5, 0xFF}}},
	{{{-5224, -1959, -3470},0, {9047, -4165},{0xF8, 0x6F, 0xC2, 0xFF}}},
	{{{-5434, -1793, -2491},0, {8843, -3213},{0xB8, 0x59, 0xCA, 0xFF}}},
	{{{-4517, -1959, -3539},0, {9734, -4232},{0x9E, 0x3E, 0xCB, 0xFF}}},
	{{{-7138, -1959, -3470},0, {7186, -4165},{0x0, 0x72, 0xC8, 0xFF}}},
	{{{-7776, -1959, -3470},0, {6566, -4165},{0x0, 0x72, 0xC7, 0xFF}}},
	{{{-8414, -1959, -3470},0, {5945, -4165},{0x1, 0x75, 0xCE, 0xFF}}},
	{{{-9690, -1959, -3470},0, {4704, -4165},{0x1F, 0x61, 0x4C, 0xFF}}},
	{{{-9690, -1959, -2312},0, {4704, -3038},{0x0, 0x7F, 0x0, 0xFF}}},
	{{{-10328, -1959, -2326},0, {4084, -3052},{0x0, 0x7F, 0x0, 0xFF}}},
	{{{-9690, -1959, -3470},0, {4704, -4165},{0x1F, 0x61, 0x4C, 0xFF}}},
	{{{-10328, -1959, -3387},0, {4084, -4084},{0x10, 0x5B, 0x57, 0xFF}}},
	{{{-10328, -1959, -2326},0, {4084, -3052},{0x0, 0x7F, 0x0, 0xFF}}},
	{{{-10967, -1959, -3304},0, {3464, -4003},{0xC, 0x5A, 0x59, 0xFF}}},
	{{{-10967, -1959, -2340},0, {3464, -3066},{0x0, 0x7F, 0x0, 0xFF}}},
	{{{-11605, -1959, -2355},0, {2843, -3080},{0x0, 0x7F, 0x0, 0xFF}}},
	{{{-11605, -1959, -3221},0, {2843, -3923},{0xB, 0x5A, 0x59, 0xFF}}},
	{{{-13560, -1959, -2797},0, {942, -3510},{0x0, 0x7F, 0x0, 0xFF}}},
	{{{-12976, -1959, -3052},0, {1509, -3758},{0x7, 0x5B, 0x58, 0xFF}}},
	{{{-13658, -1959, -3027},0, {847, -3733},{0xFC, 0x58, 0x5C, 0xFF}}},
	{{{-14253, -1959, -3102},0, {269, -3807},{0xF0, 0x5C, 0x56, 0xFF}}},
	{{{-14795, -1959, -3239},0, {-259, -3940},{0xEA, 0x5A, 0x57, 0xFF}}},
	{{{-14795, -1959, -2763},0, {-259, -3477},{0x0, 0x7F, 0x0, 0xFF}}},
	{{{-15987, -1959, -2933},0, {-1417, -3643},{0x0, 0x7F, 0x0, 0xFF}}},
	{{{-15234, -1959, -3350},0, {-685, -4048},{0xE6, 0x5B, 0x55, 0xFF}}},
	{{{-15781, -1959, -3432},0, {-1218, -4127},{0xDE, 0x64, 0x47, 0xFF}}},
	{{{-15781, -1959, -3432},0, {-1218, -4127},{0xDE, 0x64, 0x47, 0xFF}}},
	{{{-16510, -1959, -3465},0, {-1926, -4160},{0xF4, 0x7B, 0x1D, 0xFF}}},
	{{{-15987, -1959, -2933},0, {-1417, -3643},{0x0, 0x7F, 0x0, 0xFF}}},
	{{{-16796, -1887, -3943},0, {-2204, -4624},{0xDD, 0x74, 0x27, 0xFF}}},
	{{{-16597, -1478, -4119},0, {-2010, -4795},{0xB4, 0x34, 0x58, 0xFF}}},
	{{{-17428, -1959, -4856},0, {-2819, -5512},{0xBE, 0x64, 0x2A, 0xFF}}},
	{{{-17358, -1959, -4190},0, {-2750, -4865},{0xE7, 0x7C, 0xF, 0xFF}}},
	{{{-17993, -1959, -5440},0, {-3368, -6080},{0x0, 0x7F, 0x0, 0xFF}}},
	{{{-17579, -1959, -5441},0, {-2965, -6081},{0xAE, 0x5E, 0x19, 0xFF}}},
	{{{-17669, -1959, -6025},0, {-3053, -6649},{0xA3, 0x57, 0x0, 0xFF}}},
	{{{-17569, -1959, -6690},0, {-2956, -7295},{0xAF, 0x5F, 0xE6, 0xFF}}},
	{{{-19922, -1959, -5426},0, {-5244, -6066},{0x3, 0x7F, 0xFE, 0xFF}}},
	{{{-19145, -1959, -3470},0, {-4488, -4165},{0xC, 0x7E, 0xF5, 0xFF}}},
	{{{-18066, -1959, -3470},0, {-3440, -4165},{0x0, 0x7F, 0x0, 0xFF}}},
	{{{-18969, -1959, -3259},0, {-4317, -3959},{0xA, 0x7E, 0xF2, 0xFF}}},
	{{{-18024, -1959, -2995},0, {-3399, -3703},{0x4, 0x7F, 0xF9, 0xFF}}},
	{{{-18066, -1959, -3470},0, {-3440, -4165},{0x0, 0x7F, 0x0, 0xFF}}},
	{{{-18024, -1959, -2995},0, {-3399, -3703},{0x4, 0x7F, 0xF9, 0xFF}}},
	{{{-17348, -1959, -2837},0, {-2741, -3549},{0x1, 0x7F, 0xFE, 0xFF}}},
	{{{-17348, -1959, -3470},0, {-2741, -4165},{0xFE, 0x7F, 0x2, 0xFF}}},
	{{{-15987, -1959, -2933},0, {-1417, -3643},{0x0, 0x7F, 0x0, 0xFF}}},
	{{{-16510, -1959, -3465},0, {-1926, -4160},{0xF4, 0x7B, 0x1D, 0xFF}}},
	{{{-16796, -1887, -3943},0, {-2204, -4624},{0xDD, 0x74, 0x27, 0xFF}}},
	{{{-17358, -1959, -4190},0, {-2750, -4865},{0xE7, 0x7C, 0xF, 0xFF}}},
	{{{-17993, -1959, -5440},0, {-3368, -6080},{0x0, 0x7F, 0x0, 0xFF}}},
	{{{-14795, -1959, -2286},0, {-259, -3014},{0x0, 0x7F, 0x0, 0xFF}}},
	{{{-14795, -1959, -2763},0, {-259, -3477},{0x0, 0x7F, 0x0, 0xFF}}},
	{{{-13560, -1959, -2797},0, {942, -3510},{0x0, 0x7F, 0x0, 0xFF}}},
	{{{-13519, -1959, -2328},0, {982, -3054},{0x0, 0x7F, 0x0, 0xFF}}},
	{{{-13414, -1959, -1885},0, {1084, -2623},{0x0, 0x7F, 0x0, 0xFF}}},
	{{{-14795, -1959, -1879},0, {-259, -2618},{0x0, 0x7F, 0xFF, 0xFF}}},
	{{{-15646, -1959, -1987},0, {-1086, -2723},{0x1, 0x7F, 0xFD, 0xFF}}},
	{{{-14795, -1959, -2286},0, {-259, -3014},{0x0, 0x7F, 0x0, 0xFF}}},
	{{{-16071, -1959, -2245},0, {-1500, -2973},{0x0, 0x7F, 0xFC, 0xFF}}},
	{{{-15646, -1959, -1987},0, {-1086, -2723},{0x1, 0x7F, 0xFD, 0xFF}}},
	{{{-15987, -1959, -2933},0, {-1417, -3643},{0x0, 0x7F, 0x0, 0xFF}}},
	{{{-11605, -1959, -2355},0, {2843, -3080},{0x0, 0x7F, 0x0, 0xFF}}},
	{{{-13519, -1959, -2328},0, {982, -3054},{0x0, 0x7F, 0x0, 0xFF}}},
	{{{-13414, -1959, -1885},0, {1084, -2623},{0x0, 0x7F, 0x0, 0xFF}}},
	{{{-13560, -1959, -2797},0, {942, -3510},{0x0, 0x7F, 0x0, 0xFF}}},
	{{{-4533, 2596, -6590},0, {9719, -7198},{0xA2, 0x54, 0xD, 0xFF}}},
	{{{-4923, 2657, -9951},0, {9340, -10465},{0xB3, 0x4A, 0x45, 0xFF}}},
	{{{-7095, 2610, -10405},0, {7228, -10908},{0xEF, 0x55, 0x5C, 0xFF}}},
	{{{-7087, 2482, -7443},0, {7235, -8028},{0xB8, 0x57, 0x3B, 0xFF}}},
	{{{-8006, 2445, -8681},0, {6342, -9231},{0xA6, 0x4F, 0x2B, 0xFF}}},
	{{{-8346, 2448, -10135},0, {6012, -10645},{0x9C, 0x46, 0x22, 0xFF}}},
	{{{-8263, 2629, -10465},0, {6092, -10965},{0xE5, 0x29, 0x75, 0xFF}}},
	{{{-6355, 2468, -6624},0, {7947, -7231},{0xBE, 0x56, 0x43, 0xFF}}},
	{{{-5696, 2433, -6042},0, {8588, -6666},{0xC8, 0x4D, 0x54, 0xFF}}},
	{{{-4533, 2596, -6590},0, {9719, -7198},{0xA2, 0x54, 0xD, 0xFF}}},
	{{{-6355, 2468, -6624},0, {7947, -7231},{0xBE, 0x56, 0x43, 0xFF}}},
	{{{-4624, 2516, -5887},0, {9630, -6514},{0x98, 0x30, 0x38, 0xFF}}},
	{{{-9039, -2004, 11914},0, {5338, 10793},{0xD6, 0x78, 0xFE, 0xFF}}},
	{{{-9122, -2031, 13504},0, {5257, 12339},{0xEA, 0x53, 0xA2, 0xFF}}},
	{{{-8005, -1889, 13708},0, {6343, 12537},{0xEC, 0x54, 0xA3, 0xFF}}},
	{{{-8004, -2043, 11854},0, {6344, 10735},{0xF2, 0x7E, 0x0, 0xFF}}},
	{{{-7137, -1780, 13429},0, {7186, 12266},{0xA9, 0x44, 0xC1, 0xFF}}},
	{{{-6993, -1793, 11778},0, {7327, 10661},{0x9D, 0x50, 0x0, 0xFF}}},
	{{{-8004, -1889, 10001},0, {6344, 8933},{0xF5, 0x56, 0x5D, 0xFF}}},
	{{{-7137, -1780, 10149},0, {7186, 9077},{0xAE, 0x44, 0x45, 0xFF}}},
	{{{-8940, -1965, 10255},0, {5434, 9180},{0xBB, 0x61, 0x2D, 0xFF}}},
	{{{-7621, -1963, 1905},0, {6716, 1062},{0xFA, 0x7F, 0x1, 0xFF}}},
	{{{-6881, -1856, 1857},0, {7436, 1014},{0xAF, 0x62, 0x3, 0xFF}}},
	{{{-6951, -1777, 1054},0, {7367, 234},{0xB1, 0x64, 0xFC, 0x0}}},
	{{{-7621, -1963, 1905},0, {6716, 1062},{0xFA, 0x7F, 0x1, 0xFF}}},
	{{{-6951, -1777, 1054},0, {7367, 234},{0xB1, 0x64, 0xFC, 0x0}}},
	{{{-7637, -1948, 1058},0, {6701, 238},{0xF7, 0x7F, 0xFA, 0x0}}},
};

Gfx jrb_dl_level_005_mesh_layer_1_tri_7[] = {
	gsSPVertex(jrb_dl_level_005_mesh_layer_1_vtx_7 + 0, 16, 0),
	gsSP1Triangle(0, 1, 2, 0),
	gsSP1Triangle(0, 2, 3, 0),
	gsSP1Triangle(3, 2, 4, 0),
	gsSP1Triangle(2, 5, 4, 0),
	gsSP1Triangle(2, 6, 5, 0),
	gsSP1Triangle(3, 4, 7, 0),
	gsSP1Triangle(8, 3, 7, 0),
	gsSP1Triangle(8, 9, 3, 0),
	gsSP1Triangle(10, 9, 8, 0),
	gsSP1Triangle(10, 11, 9, 0),
	gsSP1Triangle(12, 11, 10, 0),
	gsSP1Triangle(12, 10, 13, 0),
	gsSP1Triangle(14, 12, 13, 0),
	gsSP1Triangle(14, 13, 15, 0),
	gsSPVertex(jrb_dl_level_005_mesh_layer_1_vtx_7 + 16, 16, 0),
	gsSP1Triangle(0, 1, 2, 0),
	gsSP1Triangle(0, 2, 3, 0),
	gsSP1Triangle(4, 0, 3, 0),
	gsSP1Triangle(4, 3, 5, 0),
	gsSP1Triangle(6, 4, 5, 0),
	gsSP1Triangle(6, 7, 4, 0),
	gsSP1Triangle(8, 7, 6, 0),
	gsSP1Triangle(8, 9, 7, 0),
	gsSP1Triangle(9, 10, 7, 0),
	gsSP1Triangle(9, 11, 10, 0),
	gsSP1Triangle(7, 10, 12, 0),
	gsSP1Triangle(7, 12, 4, 0),
	gsSP1Triangle(12, 0, 4, 0),
	gsSP1Triangle(12, 13, 0, 0),
	gsSP1Triangle(14, 0, 13, 0),
	gsSP1Triangle(14, 1, 0, 0),
	gsSP1Triangle(14, 15, 1, 0),
	gsSPVertex(jrb_dl_level_005_mesh_layer_1_vtx_7 + 32, 16, 0),
	gsSP1Triangle(0, 1, 2, 0),
	gsSP1Triangle(1, 3, 2, 0),
	gsSP1Triangle(1, 4, 3, 0),
	gsSP1Triangle(3, 4, 5, 0),
	gsSP1Triangle(3, 5, 6, 0),
	gsSP1Triangle(6, 5, 7, 0),
	gsSP1Triangle(6, 7, 8, 0),
	gsSP1Triangle(9, 10, 11, 0),
	gsSP1Triangle(11, 12, 9, 0),
	gsSP1Triangle(11, 13, 12, 0),
	gsSP1Triangle(14, 13, 11, 0),
	gsSP1Triangle(14, 15, 13, 0),
	gsSPVertex(jrb_dl_level_005_mesh_layer_1_vtx_7 + 48, 16, 0),
	gsSP1Triangle(0, 1, 2, 0),
	gsSP1Triangle(0, 3, 1, 0),
	gsSP1Triangle(4, 1, 3, 0),
	gsSP1Triangle(4, 5, 1, 0),
	gsSP1Triangle(6, 1, 5, 0),
	gsSP1Triangle(6, 7, 1, 0),
	gsSP1Triangle(8, 7, 6, 0),
	gsSP1Triangle(8, 6, 9, 0),
	gsSP1Triangle(10, 7, 8, 0),
	gsSP1Triangle(10, 11, 7, 0),
	gsSP1Triangle(12, 11, 10, 0),
	gsSP1Triangle(10, 13, 12, 0),
	gsSP1Triangle(10, 14, 13, 0),
	gsSP1Triangle(13, 14, 15, 0),
	gsSPVertex(jrb_dl_level_005_mesh_layer_1_vtx_7 + 64, 16, 0),
	gsSP1Triangle(0, 1, 2, 0),
	gsSP1Triangle(0, 3, 1, 0),
	gsSP1Triangle(0, 4, 3, 0),
	gsSP1Triangle(0, 5, 4, 0),
	gsSP1Triangle(6, 4, 5, 0),
	gsSP1Triangle(6, 5, 7, 0),
	gsSP1Triangle(6, 7, 8, 0),
	gsSP1Triangle(6, 8, 9, 0),
	gsSP1Triangle(8, 10, 9, 0),
	gsSP1Triangle(8, 11, 10, 0),
	gsSP1Triangle(8, 12, 11, 0),
	gsSP1Triangle(8, 13, 12, 0),
	gsSP1Triangle(14, 12, 13, 0),
	gsSP1Triangle(14, 15, 12, 0),
	gsSPVertex(jrb_dl_level_005_mesh_layer_1_vtx_7 + 80, 16, 0),
	gsSP1Triangle(0, 1, 2, 0),
	gsSP1Triangle(0, 3, 1, 0),
	gsSP1Triangle(1, 3, 4, 0),
	gsSP1Triangle(5, 1, 4, 0),
	gsSP1Triangle(4, 6, 5, 0),
	gsSP1Triangle(6, 7, 5, 0),
	gsSP1Triangle(5, 7, 8, 0),
	gsSP1Triangle(5, 8, 9, 0),
	gsSP1Triangle(9, 8, 10, 0),
	gsSP1Triangle(9, 10, 11, 0),
	gsSP1Triangle(11, 10, 12, 0),
	gsSP1Triangle(11, 12, 13, 0),
	gsSP1Triangle(13, 12, 14, 0),
	gsSP1Triangle(13, 14, 15, 0),
	gsSPVertex(jrb_dl_level_005_mesh_layer_1_vtx_7 + 96, 16, 0),
	gsSP1Triangle(0, 1, 2, 0),
	gsSP1Triangle(0, 3, 1, 0),
	gsSP1Triangle(1, 3, 4, 0),
	gsSP1Triangle(1, 4, 5, 0),
	gsSP1Triangle(5, 4, 6, 0),
	gsSP1Triangle(4, 7, 6, 0),
	gsSP1Triangle(4, 8, 7, 0),
	gsSP1Triangle(9, 7, 8, 0),
	gsSP1Triangle(10, 5, 6, 0),
	gsSP1Triangle(11, 5, 10, 0),
	gsSP1Triangle(11, 1, 5, 0),
	gsSP1Triangle(12, 1, 11, 0),
	gsSP1Triangle(12, 2, 1, 0),
	gsSP1Triangle(13, 2, 12, 0),
	gsSP1Triangle(13, 14, 2, 0),
	gsSP1Triangle(13, 15, 14, 0),
	gsSPVertex(jrb_dl_level_005_mesh_layer_1_vtx_7 + 112, 16, 0),
	gsSP1Triangle(0, 1, 2, 0),
	gsSP1Triangle(3, 2, 1, 0),
	gsSP1Triangle(3, 4, 2, 0),
	gsSP1Triangle(3, 5, 4, 0),
	gsSP1Triangle(3, 6, 5, 0),
	gsSP1Triangle(7, 5, 6, 0),
	gsSP1Triangle(6, 8, 7, 0),
	gsSP1Triangle(9, 7, 8, 0),
	gsSP1Triangle(9, 10, 7, 0),
	gsSP1Triangle(11, 7, 10, 0),
	gsSP1Triangle(11, 12, 7, 0),
	gsSP1Triangle(11, 13, 12, 0),
	gsSP1Triangle(11, 14, 13, 0),
	gsSP1Triangle(15, 13, 14, 0),
	gsSPVertex(jrb_dl_level_005_mesh_layer_1_vtx_7 + 128, 16, 0),
	gsSP1Triangle(0, 1, 2, 0),
	gsSP1Triangle(0, 3, 1, 0),
	gsSP1Triangle(0, 4, 3, 0),
	gsSP1Triangle(5, 3, 4, 0),
	gsSP1Triangle(5, 6, 3, 0),
	gsSP1Triangle(5, 7, 6, 0),
	gsSP1Triangle(5, 8, 7, 0),
	gsSP1Triangle(9, 7, 8, 0),
	gsSP1Triangle(9, 10, 7, 0),
	gsSP1Triangle(11, 7, 10, 0),
	gsSP1Triangle(7, 11, 12, 0),
	gsSP1Triangle(7, 12, 13, 0),
	gsSP1Triangle(13, 12, 14, 0),
	gsSP1Triangle(13, 14, 15, 0),
	gsSPVertex(jrb_dl_level_005_mesh_layer_1_vtx_7 + 144, 16, 0),
	gsSP1Triangle(0, 1, 2, 0),
	gsSP1Triangle(0, 2, 3, 0),
	gsSP1Triangle(3, 2, 4, 0),
	gsSP1Triangle(3, 4, 5, 0),
	gsSP1Triangle(3, 5, 6, 0),
	gsSP1Triangle(3, 6, 7, 0),
	gsSP1Triangle(3, 7, 8, 0),
	gsSP1Triangle(3, 8, 0, 0),
	gsSP1Triangle(9, 10, 4, 0),
	gsSP1Triangle(9, 11, 10, 0),
	gsSP1Triangle(9, 12, 11, 0),
	gsSP1Triangle(9, 13, 12, 0),
	gsSP1Triangle(9, 14, 13, 0),
	gsSP1Triangle(9, 15, 14, 0),
	gsSPVertex(jrb_dl_level_005_mesh_layer_1_vtx_7 + 160, 16, 0),
	gsSP1Triangle(0, 1, 2, 0),
	gsSP1Triangle(0, 3, 1, 0),
	gsSP1Triangle(4, 5, 6, 0),
	gsSP1Triangle(7, 5, 4, 0),
	gsSP1Triangle(8, 9, 10, 0),
	gsSP1Triangle(8, 10, 11, 0),
	gsSP1Triangle(12, 11, 10, 0),
	gsSP1Triangle(10, 13, 12, 0),
	gsSP1Triangle(10, 14, 13, 0),
	gsSP1Triangle(11, 15, 8, 0),
	gsSPVertex(jrb_dl_level_005_mesh_layer_1_vtx_7 + 176, 16, 0),
	gsSP1Triangle(0, 1, 2, 0),
	gsSP1Triangle(0, 3, 1, 0),
	gsSP1Triangle(4, 5, 6, 0),
	gsSP1Triangle(4, 6, 7, 0),
	gsSP1Triangle(7, 6, 8, 0),
	gsSP1Triangle(7, 8, 9, 0),
	gsSP1Triangle(10, 7, 9, 0),
	gsSP1Triangle(10, 9, 11, 0),
	gsSP1Triangle(12, 7, 10, 0),
	gsSP1Triangle(12, 4, 7, 0),
	gsSP1Triangle(13, 14, 15, 0),
	gsSPVertex(jrb_dl_level_005_mesh_layer_1_vtx_7 + 192, 3, 0),
	gsSP1Triangle(0, 1, 2, 0),
	gsSPEndDisplayList(),
};

Vtx jrb_dl_level_005_mesh_layer_1_vtx_8[61] = {
	{{{-14778, -1210, -8820},0, {1008, 2032},{0xFF, 0xFF, 0xFF, 0xFF}}},
	{{{-14789, -411, -9027},0, {2032, 2032},{0xFF, 0xFF, 0xFF, 0xFF}}},
	{{{-13758, -646, -9100},0, {2032, 1008},{0xFF, 0xFF, 0xFF, 0xFF}}},
	{{{-13782, -1228, -8886},0, {1008, 1008},{0xFF, 0xFF, 0xFF, 0xFF}}},
	{{{-12770, -411, -9027},0, {2032, -16},{0xFF, 0xFF, 0xFF, 0xFF}}},
	{{{-12824, -1210, -8820},0, {1008, -16},{0xFF, 0xFF, 0xFF, 0xFF}}},
	{{{-13779, -1959, -8740},0, {-16, 1008},{0xFF, 0xFF, 0xFF, 0xFF}}},
	{{{-12470, -1959, -8740},0, {-16, -16},{0xFF, 0x25, 0x1B, 0xFF}}},
	{{{-15023, -1959, -8768},0, {-16, 2032},{0xFF, 0xFF, 0xFF, 0xFF}}},
	{{{-14466, -188, -9408},0, {1008, 2032},{0xFF, 0xFF, 0xFF, 0xFF}}},
	{{{-14305, -408, -9790},0, {2032, 2032},{0xFF, 0xFF, 0xFF, 0xFF}}},
	{{{-13640, -645, -9716},0, {2032, 1008},{0xFF, 0xFF, 0xFF, 0xFF}}},
	{{{-13699, -442, -9408},0, {1008, 1008},{0xFF, 0xFF, 0xFF, 0xFF}}},
	{{{-12934, -411, -9790},0, {2032, -16},{0xFF, 0xFF, 0xFF, 0xFF}}},
	{{{-12933, -188, -9408},0, {1008, -16},{0xFF, 0xFF, 0xFF, 0xFF}}},
	{{{-13758, -646, -9100},0, {-16, 1008},{0xFF, 0xFF, 0xFF, 0xFF}}},
	{{{-13758, -646, -9100},0, {-16, 1008},{0xFF, 0xFF, 0xFF, 0xFF}}},
	{{{-12933, -188, -9408},0, {1008, -16},{0xFF, 0xFF, 0xFF, 0xFF}}},
	{{{-12770, -411, -9027},0, {-16, -16},{0xFF, 0xFF, 0xFF, 0xFF}}},
	{{{-14789, -411, -9027},0, {-16, 2032},{0xFF, 0xFF, 0xFF, 0xFF}}},
	{{{-13699, -442, -9408},0, {1008, 1008},{0xFF, 0xFF, 0xFF, 0xFF}}},
	{{{-14466, -188, -9408},0, {1008, 2032},{0xFF, 0xFF, 0xFF, 0xFF}}},
	{{{-13640, -645, -9716},0, {-16, 1008},{0xFF, 0xFF, 0xFF, 0xFF}}},
	{{{-12696, -1959, -10077},0, {2032, -16},{0xFF, 0x51, 0x4B, 0xFF}}},
	{{{-12934, -411, -9790},0, {-16, -16},{0xFF, 0xFF, 0xFF, 0xFF}}},
	{{{-13619, -1959, -10077},0, {2032, 1008},{0xFF, 0xFF, 0xFF, 0xFF}}},
	{{{-14515, -1959, -10049},0, {2032, 2032},{0xFF, 0xFF, 0xFF, 0xFF}}},
	{{{-14305, -408, -9790},0, {-16, 2032},{0xFF, 0xFF, 0xFF, 0xFF}}},
	{{{-12581, -986, 3996},0, {1894, -1948},{0xFF, 0xFF, 0xFF, 0xFF}}},
	{{{-12090, -853, 4167},0, {1507, -3293},{0xFF, 0xFF, 0xFF, 0xFF}}},
	{{{-12128, -1023, 4556},0, {854, -3293},{0xFF, 0xFF, 0xFF, 0xFF}}},
	{{{-12443, -1147, 4538},0, {801, -1818},{0xFF, 0xFF, 0xFF, 0xFF}}},
	{{{-12443, -1147, 4538},0, {801, -1818},{0xFF, 0xFF, 0xFF, 0xFF}}},
	{{{-12128, -1023, 4556},0, {854, -3293},{0xFF, 0xFF, 0xFF, 0xFF}}},
	{{{-12086, -851, 4969},0, {94, -3293},{0xFF, 0xFF, 0xFF, 0xFF}}},
	{{{-12498, -962, 5027},0, {-165, -1833},{0xFF, 0xFF, 0xFF, 0xFF}}},
	{{{-12698, -1959, 4549},0, {1052, -230},{0xFF, 0xFF, 0xFF, 0xFF}}},
	{{{-12710, -1959, 5314},0, {-381, -93},{0xFF, 0xFF, 0xFF, 0xFF}}},
	{{{-11649, -1959, 4516},0, {1081, 2121},{0xFF, 0xFF, 0xFF, 0xFF}}},
	{{{-11668, -1959, 5314},0, {-309, 2056},{0xFF, 0xFF, 0xFF, 0xFF}}},
	{{{-11827, -1148, 4556},0, {975, 3578},{0xFF, 0xFF, 0xFF, 0xFF}}},
	{{{-11685, -988, 5028},0, {46, 3610},{0xFF, 0xFF, 0xFF, 0xFF}}},
	{{{-12128, -1023, 4556},0, {854, 4899},{0xFF, 0xFF, 0xFF, 0xFF}}},
	{{{-12086, -851, 4969},0, {94, 4899},{0xFF, 0xFF, 0xFF, 0xFF}}},
	{{{-12090, -853, 4167},0, {1507, 4899},{0xFF, 0xFF, 0xFF, 0xFF}}},
	{{{-11669, -981, 4112},0, {1878, 3663},{0xFF, 0xFF, 0xFF, 0xFF}}},
	{{{-11630, -1959, 3718},0, {2498, 2103},{0xFF, 0xFF, 0xFF, 0xFF}}},
	{{{-12803, -1959, 3984},0, {2052, -354},{0xFF, 0xFF, 0xFF, 0xFF}}},
	{{{-12581, -986, 3996},0, {1894, -1948},{0xFF, 0xFF, 0xFF, 0xFF}}},
	{{{-12698, -1959, 4549},0, {1052, -230},{0xFF, 0xFF, 0xFF, 0xFF}}},
	{{{-12803, -1959, 3984},0, {2052, -354},{0xFF, 0xFF, 0xFF, 0xFF}}},
	{{{-12443, -1147, 4538},0, {801, -1818},{0xFF, 0xFF, 0xFF, 0xFF}}},
	{{{-14816, -1959, -9408},0, {1008, 2032},{0xFF, 0xFF, 0xFF, 0xFF}}},
	{{{-15023, -1959, -8768},0, {2032, 2032},{0xFF, 0xFF, 0xFF, 0xFF}}},
	{{{-13779, -1959, -8740},0, {2032, 1008},{0xFF, 0xFF, 0xFF, 0xFF}}},
	{{{-13699, -1959, -9408},0, {1008, 1008},{0xFF, 0xFF, 0xFF, 0xFF}}},
	{{{-12470, -1959, -8740},0, {2032, -16},{0xFF, 0x25, 0x1B, 0xFF}}},
	{{{-12583, -1959, -9408},0, {1008, -16},{0xFF, 0x51, 0x4B, 0xFF}}},
	{{{-13619, -1959, -10077},0, {-16, 1008},{0xFF, 0xFF, 0xFF, 0xFF}}},
	{{{-12696, -1959, -10077},0, {-16, -16},{0xFF, 0x51, 0x4B, 0xFF}}},
	{{{-14515, -1959, -10049},0, {-16, 2032},{0xFF, 0xFF, 0xFF, 0xFF}}},
};

Gfx jrb_dl_level_005_mesh_layer_1_tri_8[] = {
	gsSPVertex(jrb_dl_level_005_mesh_layer_1_vtx_8 + 0, 16, 0),
	gsSP1Triangle(0, 1, 2, 0),
	gsSP1Triangle(0, 2, 3, 0),
	gsSP1Triangle(3, 2, 4, 0),
	gsSP1Triangle(3, 4, 5, 0),
	gsSP1Triangle(6, 3, 5, 0),
	gsSP1Triangle(6, 5, 7, 0),
	gsSP1Triangle(8, 3, 6, 0),
	gsSP1Triangle(8, 0, 3, 0),
	gsSP1Triangle(9, 10, 11, 0),
	gsSP1Triangle(9, 11, 12, 0),
	gsSP1Triangle(12, 11, 13, 0),
	gsSP1Triangle(12, 13, 14, 0),
	gsSP1Triangle(15, 12, 14, 0),
	gsSPVertex(jrb_dl_level_005_mesh_layer_1_vtx_8 + 16, 16, 0),
	gsSP1Triangle(0, 1, 2, 0),
	gsSP1Triangle(3, 4, 0, 0),
	gsSP1Triangle(3, 5, 4, 0),
	gsSP1Triangle(6, 7, 8, 0),
	gsSP1Triangle(6, 9, 7, 0),
	gsSP1Triangle(10, 9, 6, 0),
	gsSP1Triangle(10, 6, 11, 0),
	gsSP1Triangle(12, 13, 14, 0),
	gsSP1Triangle(12, 14, 15, 0),
	gsSPVertex(jrb_dl_level_005_mesh_layer_1_vtx_8 + 32, 16, 0),
	gsSP1Triangle(0, 1, 2, 0),
	gsSP1Triangle(0, 2, 3, 0),
	gsSP1Triangle(4, 0, 3, 0),
	gsSP1Triangle(4, 3, 5, 0),
	gsSP1Triangle(6, 4, 5, 0),
	gsSP1Triangle(6, 5, 7, 0),
	gsSP1Triangle(8, 6, 7, 0),
	gsSP1Triangle(8, 7, 9, 0),
	gsSP1Triangle(10, 8, 9, 0),
	gsSP1Triangle(10, 9, 11, 0),
	gsSP1Triangle(12, 8, 10, 0),
	gsSP1Triangle(12, 13, 8, 0),
	gsSP1Triangle(14, 8, 13, 0),
	gsSP1Triangle(14, 6, 8, 0),
	gsSP1Triangle(4, 6, 14, 0),
	gsSP1Triangle(4, 14, 15, 0),
	gsSPVertex(jrb_dl_level_005_mesh_layer_1_vtx_8 + 48, 13, 0),
	gsSP1Triangle(0, 1, 2, 0),
	gsSP1Triangle(0, 3, 1, 0),
	gsSP1Triangle(4, 5, 6, 0),
	gsSP1Triangle(4, 6, 7, 0),
	gsSP1Triangle(7, 6, 8, 0),
	gsSP1Triangle(7, 8, 9, 0),
	gsSP1Triangle(10, 7, 9, 0),
	gsSP1Triangle(10, 9, 11, 0),
	gsSP1Triangle(12, 7, 10, 0),
	gsSP1Triangle(12, 4, 7, 0),
	gsSPEndDisplayList(),
};

Vtx jrb_dl_level_005_mesh_layer_1_vtx_9[86] = {
	{{{-7393, -2286, -3794},0, {-2508, -3605},{0xFF, 0x51, 0x4B, 0xFF}}},
	{{{-6298, -2280, -3713},0, {-3978, -4258},{0xFF, 0x51, 0x4B, 0xFF}}},
	{{{-5545, -2284, -3752},0, {-4963, -4627},{0xFF, 0x51, 0x4B, 0xFF}}},
	{{{-7186, -2291, -5304},0, {-3598, -1907},{0xFF, 0xFF, 0xFF, 0xFF}}},
	{{{-6092, -2291, -4904},0, {-4853, -3077},{0xFF, 0xFF, 0xFF, 0xFF}}},
	{{{-4791, -2280, -3780},0, {-5877, -4969},{0xFF, 0x51, 0x4B, 0xFF}}},
	{{{-4778, -2284, -4598},0, {-6297, -4222},{0xFF, 0x51, 0x4B, 0xFF}}},
	{{{-4780, -2280, -5401},0, {-6679, -3464},{0xFF, 0x51, 0x4B, 0xFF}}},
	{{{-5396, -2284, -5485},0, {-6042, -2955},{0xFF, 0x51, 0x4B, 0xFF}}},
	{{{-6012, -2280, -5603},0, {-5358, -2378},{0xFF, 0x51, 0x4B, 0xFF}}},
	{{{-6677, -2284, -6377},0, {-4915, -1077},{0xFF, 0x51, 0x4B, 0xFF}}},
	{{{-7428, -2288, -7221},0, {-4453, 373},{0xFF, 0x51, 0x4B, 0xFF}}},
	{{{-7545, -2291, -5142},0, {-3010, -1845},{0xFF, 0xFF, 0xFF, 0xFF}}},
	{{{-7707, -2291, -5704},0, {-3142, -1086},{0xFF, 0xFF, 0xFF, 0xFF}}},
	{{{-7996, -2291, -6033},0, {-2970, -508},{0xFF, 0xFF, 0xFF, 0xFF}}},
	{{{-8167, -2291, -6744},0, {-3197, 413},{0xFF, 0xFF, 0xFF, 0xFF}}},
	{{{-7428, -2288, -7221},0, {-4453, 373},{0xFF, 0x51, 0x4B, 0xFF}}},
	{{{-8575, -2291, -7172},0, {-2950, 1199},{0xFF, 0xFF, 0xFF, 0xFF}}},
	{{{-8167, -2291, -6744},0, {-3197, 413},{0xFF, 0xFF, 0xFF, 0xFF}}},
	{{{-8567, -2290, -7670},0, {-3288, 1726},{0xFF, 0xFF, 0xFF, 0xFF}}},
	{{{-8717, -2290, -8735},0, {-3762, 2985},{0xFF, 0xFF, 0xFF, 0xFF}}},
	{{{-8271, -2280, -8406},0, {-4152, 2299},{0xFF, 0x51, 0x4B, 0xFF}}},
	{{{-9122, -2284, -10084},0, {-4064, 4636},{0xFF, 0x51, 0x4B, 0xFF}}},
	{{{-8574, -2280, -10071},0, {-4648, 4204},{0xFF, 0x51, 0x4B, 0xFF}}},
	{{{-9821, -2283, -10058},0, {-3236, 5158},{0xFF, 0x51, 0x4B, 0xFF}}},
	{{{-9676, -2280, -8851},0, {-2641, 3827},{0xFF, 0xFF, 0xFF, 0xFF}}},
	{{{-10980, -2237, -9279},0, {-1352, 5277},{0xFF, 0xFF, 0xFF, 0xFF}}},
	{{{-11525, -2244, -9613},0, {-925, 6032},{0xFF, 0xFF, 0xFF, 0xFF}}},
	{{{-11224, -2278, -10097},0, {-1594, 6277},{0xFF, 0x51, 0x4B, 0xFF}}},
	{{{-12352, -2242, -10082},0, {-286, 7103},{0xFF, 0x51, 0x4B, 0xFF}}},
	{{{-12213, -2191, -9431},0, {3, 6397},{0xFF, 0x51, 0x4B, 0xFF}}},
	{{{-11839, -2158, -8607},0, {106, 5293},{0xFF, 0x51, 0x4B, 0xFF}}},
	{{{-9619, -2282, -7714},0, {-1967, 2597},{0xFF, 0x51, 0x4B, 0xFF}}},
	{{{-10980, -2237, -9279},0, {-1352, 5277},{0xFF, 0xFF, 0xFF, 0xFF}}},
	{{{-11839, -2158, -8607},0, {106, 5293},{0xFF, 0x51, 0x4B, 0xFF}}},
	{{{-9676, -2280, -8851},0, {-2641, 3827},{0xFF, 0xFF, 0xFF, 0xFF}}},
	{{{-8717, -2290, -8735},0, {-3762, 2985},{0xFF, 0xFF, 0xFF, 0xFF}}},
	{{{-8567, -2290, -7670},0, {-3288, 1726},{0xFF, 0xFF, 0xFF, 0xFF}}},
	{{{-8575, -2291, -7172},0, {-2950, 1199},{0xFF, 0xFF, 0xFF, 0xFF}}},
	{{{-9103, -2284, -7104},0, {-2232, 1548},{0xFF, 0x51, 0x4B, 0xFF}}},
	{{{-8633, -2284, -6502},0, {-2418, 517},{0xFF, 0x51, 0x4B, 0xFF}}},
	{{{-8167, -2291, -6744},0, {-3197, 413},{0xFF, 0xFF, 0xFF, 0xFF}}},
	{{{-7996, -2291, -6033},0, {-2970, -508},{0xFF, 0xFF, 0xFF, 0xFF}}},
	{{{-8241, -2284, -5483},0, {-2311, -934},{0xFF, 0x51, 0x4B, 0xFF}}},
	{{{-7895, -2287, -4446},0, {-2007, -2490},{0xFF, 0x51, 0x4B, 0xFF}}},
	{{{-7707, -2291, -5704},0, {-3142, -1086},{0xFF, 0xFF, 0xFF, 0xFF}}},
	{{{-7545, -2291, -5142},0, {-3010, -1845},{0xFF, 0xFF, 0xFF, 0xFF}}},
	{{{-7695, -2291, -4342},0, {-2299, -2757},{0xFF, 0xFF, 0xFF, 0xFF}}},
	{{{-7895, -2287, -4446},0, {-2007, -2490},{0xFF, 0x51, 0x4B, 0xFF}}},
	{{{-7942, -2291, -3974},0, {-1776, -3141},{0xFF, 0xFF, 0xFF, 0xFF}}},
	{{{-7695, -2291, -4342},0, {-2299, -2757},{0xFF, 0xFF, 0xFF, 0xFF}}},
	{{{-8170, -2291, -4012},0, {-1448, -3024},{0xFF, 0xFF, 0xFF, 0xFF}}},
	{{{-8251, -2284, -4150},0, {-1349, -2834},{0xFF, 0x51, 0x4B, 0xFF}}},
	{{{-8507, -2284, -3732},0, {-960, -3275},{0xFF, 0x51, 0x4B, 0xFF}}},
	{{{-8609, -2280, -3938},0, {-814, -3062},{0xFF, 0x51, 0x4B, 0xFF}}},
	{{{-7972, -2284, -3725},0, {-1661, -3437},{0xFF, 0x51, 0x4B, 0xFF}}},
	{{{-7393, -2286, -3794},0, {-2508, -3605},{0xFF, 0x51, 0x4B, 0xFF}}},
	{{{-7545, -2291, -5142},0, {-3010, -1845},{0xFF, 0xFF, 0xFF, 0xFF}}},
	{{{-7186, -2291, -5304},0, {-3598, -1907},{0xFF, 0xFF, 0xFF, 0xFF}}},
	{{{-18727, -2197, 2501},0, {5861, -2237},{0xFF, 0x51, 0x4B, 0xFF}}},
	{{{-19931, -2197, 2903},0, {3997, -1553},{0xFF, 0x51, 0x4B, 0xFF}}},
	{{{-21224, -2197, 4685},0, {2245, 851},{0xFF, 0x51, 0x4B, 0xFF}}},
	{{{-19190, -2197, 4870},0, {5361, 914},{0xFF, 0xFF, 0xFF, 0xFF}}},
	{{{-22546, -2197, 7245},0, {1470, 3979},{0xFF, 0x51, 0x4B, 0xFF}}},
	{{{-19190, -2197, 4870},0, {5361, 914},{0xFF, 0xFF, 0xFF, 0xFF}}},
	{{{-22546, -2197, 7245},0, {1470, 3979},{0xFF, 0x51, 0x4B, 0xFF}}},
	{{{-19682, -2197, 7379},0, {4752, 4091},{0xFF, 0xFF, 0xFF, 0xFF}}},
	{{{-21829, -2197, 8820},0, {1807, 5530},{0xFF, 0xFF, 0xFF, 0xFF}}},
	{{{-21976, -2197, 9353},0, {1537, 6053},{0xFF, 0xFF, 0xFF, 0xFF}}},
	{{{-22396, -2197, 8788},0, {1073, 5346},{0xFF, 0x51, 0x4B, 0xFF}}},
	{{{-22133, -2197, 9919},0, {1244, 6632},{0xFF, 0x51, 0x4B, 0xFF}}},
	{{{-21679, -2197, 10363},0, {1763, 7163},{0xFF, 0x51, 0x4B, 0xFF}}},
	{{{-21112, -2197, 10396},0, {2494, 7295},{0xFF, 0x51, 0x4B, 0xFF}}},
	{{{-19276, -2197, 8809},0, {5233, 5798},{0xFF, 0xFF, 0xFF, 0xFF}}},
	{{{-18936, -2197, 10206},0, {5572, 7558},{0xFF, 0x51, 0x4B, 0xFF}}},
	{{{-16789, -2197, 8765},0, {8869, 5950},{0xFF, 0x51, 0x4B, 0xFF}}},
	{{{-17362, -2197, 9727},0, {7943, 7082},{0xFF, 0x51, 0x4B, 0xFF}}},
	{{{-16817, -2197, 7514},0, {8910, 4380},{0xFF, 0x51, 0x4B, 0xFF}}},
	{{{-17185, -2197, 5195},0, {8561, 1264},{0xFF, 0x51, 0x4B, 0xFF}}},
	{{{-17771, -2197, 3372},0, {7503, -1188},{0xFF, 0x51, 0x4B, 0xFF}}},
	{{{-17771, -2197, 3372},0, {7503, -1188},{0xFF, 0x51, 0x4B, 0xFF}}},
	{{{-18727, -2197, 2501},0, {5861, -2237},{0xFF, 0x51, 0x4B, 0xFF}}},
	{{{-19190, -2197, 4870},0, {5361, 914},{0xFF, 0xFF, 0xFF, 0xFF}}},
	{{{-19682, -2197, 7379},0, {4752, 4091},{0xFF, 0xFF, 0xFF, 0xFF}}},
	{{{-21829, -2197, 8820},0, {1807, 5530},{0xFF, 0xFF, 0xFF, 0xFF}}},
	{{{-19276, -2197, 8809},0, {5233, 5798},{0xFF, 0xFF, 0xFF, 0xFF}}},
};

Gfx jrb_dl_level_005_mesh_layer_1_tri_9[] = {
	gsSPVertex(jrb_dl_level_005_mesh_layer_1_vtx_9 + 0, 16, 0),
	gsSP1Triangle(0, 1, 2, 0),
	gsSP1Triangle(2, 3, 0, 0),
	gsSP1Triangle(2, 4, 3, 0),
	gsSP1Triangle(5, 4, 2, 0),
	gsSP1Triangle(5, 6, 4, 0),
	gsSP1Triangle(7, 4, 6, 0),
	gsSP1Triangle(7, 8, 4, 0),
	gsSP1Triangle(9, 4, 8, 0),
	gsSP1Triangle(9, 10, 4, 0),
	gsSP1Triangle(11, 4, 10, 0),
	gsSP1Triangle(11, 3, 4, 0),
	gsSP1Triangle(11, 12, 3, 0),
	gsSP1Triangle(11, 13, 12, 0),
	gsSP1Triangle(11, 14, 13, 0),
	gsSP1Triangle(11, 15, 14, 0),
	gsSPVertex(jrb_dl_level_005_mesh_layer_1_vtx_9 + 16, 16, 0),
	gsSP1Triangle(0, 1, 2, 0),
	gsSP1Triangle(0, 3, 1, 0),
	gsSP1Triangle(4, 3, 0, 0),
	gsSP1Triangle(5, 4, 0, 0),
	gsSP1Triangle(5, 6, 4, 0),
	gsSP1Triangle(5, 7, 6, 0),
	gsSP1Triangle(8, 4, 6, 0),
	gsSP1Triangle(8, 9, 4, 0),
	gsSP1Triangle(8, 10, 9, 0),
	gsSP1Triangle(8, 11, 10, 0),
	gsSP1Triangle(8, 12, 11, 0),
	gsSP1Triangle(13, 11, 12, 0),
	gsSP1Triangle(13, 14, 11, 0),
	gsSP1Triangle(15, 11, 14, 0),
	gsSP1Triangle(15, 10, 11, 0),
	gsSPVertex(jrb_dl_level_005_mesh_layer_1_vtx_9 + 32, 16, 0),
	gsSP1Triangle(0, 1, 2, 0),
	gsSP1Triangle(0, 3, 1, 0),
	gsSP1Triangle(0, 4, 3, 0),
	gsSP1Triangle(0, 5, 4, 0),
	gsSP1Triangle(0, 6, 5, 0),
	gsSP1Triangle(0, 7, 6, 0),
	gsSP1Triangle(8, 6, 7, 0),
	gsSP1Triangle(8, 9, 6, 0),
	gsSP1Triangle(8, 10, 9, 0),
	gsSP1Triangle(8, 11, 10, 0),
	gsSP1Triangle(12, 10, 11, 0),
	gsSP1Triangle(12, 13, 10, 0),
	gsSP1Triangle(12, 14, 13, 0),
	gsSP1Triangle(12, 15, 14, 0),
	gsSPVertex(jrb_dl_level_005_mesh_layer_1_vtx_9 + 48, 16, 0),
	gsSP1Triangle(0, 1, 2, 0),
	gsSP1Triangle(0, 3, 1, 0),
	gsSP1Triangle(0, 4, 3, 0),
	gsSP1Triangle(5, 3, 4, 0),
	gsSP1Triangle(5, 4, 6, 0),
	gsSP1Triangle(5, 1, 3, 0),
	gsSP1Triangle(5, 7, 1, 0),
	gsSP1Triangle(8, 1, 7, 0),
	gsSP1Triangle(8, 2, 1, 0),
	gsSP1Triangle(8, 9, 2, 0),
	gsSP1Triangle(8, 10, 9, 0),
	gsSP1Triangle(11, 12, 13, 0),
	gsSP1Triangle(11, 13, 14, 0),
	gsSP1Triangle(14, 13, 15, 0),
	gsSPVertex(jrb_dl_level_005_mesh_layer_1_vtx_9 + 64, 16, 0),
	gsSP1Triangle(0, 1, 2, 0),
	gsSP1Triangle(2, 1, 3, 0),
	gsSP1Triangle(1, 4, 3, 0),
	gsSP1Triangle(1, 5, 4, 0),
	gsSP1Triangle(6, 4, 5, 0),
	gsSP1Triangle(6, 7, 4, 0),
	gsSP1Triangle(8, 4, 7, 0),
	gsSP1Triangle(8, 3, 4, 0),
	gsSP1Triangle(9, 3, 8, 0),
	gsSP1Triangle(9, 8, 10, 0),
	gsSP1Triangle(11, 9, 10, 0),
	gsSP1Triangle(11, 10, 12, 0),
	gsSP1Triangle(13, 9, 11, 0),
	gsSP1Triangle(13, 2, 9, 0),
	gsSP1Triangle(14, 2, 13, 0),
	gsSP1Triangle(14, 0, 2, 0),
	gsSP1Triangle(15, 0, 14, 0),
	gsSPVertex(jrb_dl_level_005_mesh_layer_1_vtx_9 + 80, 6, 0),
	gsSP1Triangle(0, 1, 2, 0),
	gsSP1Triangle(3, 4, 5, 0),
	gsSPEndDisplayList(),
};

Vtx jrb_dl_level_005_mesh_layer_5_vtx_0[228] = {
	{{{-3535, 3605, -1955},0, {28384, -26771},{0xFF, 0xFF, 0xFF, 0x0}}},
	{{{-4098, 4567, -3479},0, {26138, -25889},{0xFF, 0xFF, 0xFF, 0xFF}}},
	{{{-3890, 3488, -3142},0, {27606, -25489},{0xFF, 0xFF, 0xFF, 0xFF}}},
	{{{-3806, 2665, -2106},0, {29237, -25899},{0xFF, 0xFF, 0xFF, 0xFF}}},
	{{{-19961, 2889, -21},0, {18724, -27131},{0xFF, 0xFF, 0xFF, 0xFF}}},
	{{{-19807, 2872, -330},0, {18831, -27666},{0xFF, 0xFF, 0xFF, 0xFF}}},
	{{{-19807, 4427, -330},0, {17089, -28395},{0xFF, 0xFF, 0xFF, 0x0}}},
	{{{-19961, 4443, -21},0, {16845, -27836},{0xFF, 0xFF, 0xFF, 0x0}}},
	{{{-20321, 2902, 395},0, {18413, -26147},{0xFF, 0xFF, 0xFF, 0xFF}}},
	{{{-20321, 4456, 395},0, {16460, -27027},{0xFF, 0xFF, 0xFF, 0x0}}},
	{{{-20727, 2946, 834},0, {17952, -25288},{0xFF, 0xFF, 0xFF, 0xFF}}},
	{{{-20727, 4500, 834},0, {16003, -26151},{0xFF, 0xFF, 0xFF, 0x0}}},
	{{{-19807, 2872, -330},0, {18831, -25618},{0xFF, 0xFF, 0xFF, 0xFF}}},
	{{{-19929, 4411, -1210},0, {17494, -27245},{0xFF, 0xFF, 0xFF, 0x0}}},
	{{{-19807, 4427, -330},0, {17089, -26347},{0xFF, 0xFF, 0xFF, 0x0}}},
	{{{-19929, 2856, -1210},0, {19241, -26528},{0xFF, 0xFF, 0xFF, 0xFF}}},
	{{{-19929, 2856, -1210},0, {19241, -26528},{0xFF, 0xFF, 0xFF, 0xFF}}},
	{{{-20238, 4519, -1678},0, {17627, -27905},{0xFF, 0xFF, 0xFF, 0x0}}},
	{{{-19929, 4411, -1210},0, {17494, -27245},{0xFF, 0xFF, 0xFF, 0x0}}},
	{{{-20238, 2965, -1678},0, {19374, -27194},{0xFF, 0xFF, 0xFF, 0xFF}}},
	{{{-4386, 5622, -5206},0, {27761, -25004},{0xFF, 0xFF, 0xFF, 0xFF}}},
	{{{-4098, 4567, -3479},0, {30234, -25889},{0xFF, 0xFF, 0xFF, 0xFF}}},
	{{{-4098, 6121, -3479},0, {28586, -27014},{0xFF, 0xFF, 0xFF, 0x0}}},
	{{{-4386, 7177, -5206},0, {26078, -26159},{0xFF, 0xFF, 0xFF, 0x0}}},
	{{{-4098, 4567, -3479},0, {28186, -25889},{0xFF, 0xFF, 0xFF, 0xFF}}},
	{{{-3535, 3605, -1955},0, {30432, -26771},{0xFF, 0xFF, 0xFF, 0x0}}},
	{{{-3535, 5159, -1955},0, {28802, -27865},{0xFF, 0xFF, 0xFF, 0x0}}},
	{{{-4098, 6121, -3479},0, {26538, -27014},{0xFF, 0xFF, 0xFF, 0x0}}},
	{{{-10834, 5062, -10462},0, {26957, -25291},{0xFF, 0xFF, 0xFF, 0xFF}}},
	{{{-10179, 6897, -10448},0, {25112, -26862},{0xFF, 0xFF, 0xFF, 0x0}}},
	{{{-10834, 6616, -10462},0, {25165, -25932},{0xFF, 0xFF, 0xFF, 0x0}}},
	{{{-10179, 5342, -10448},0, {26917, -26255},{0xFF, 0xFF, 0xFF, 0xFF}}},
	{{{-10179, 5342, -10448},0, {26917, -26255},{0xFF, 0xFF, 0xFF, 0xFF}}},
	{{{-9069, 7941, -10427},0, {24312, -28665},{0xFF, 0xFF, 0xFF, 0x0}}},
	{{{-10179, 6897, -10448},0, {25112, -26862},{0xFF, 0xFF, 0xFF, 0x0}}},
	{{{-9069, 6386, -10427},0, {26133, -28094},{0xFF, 0xFF, 0xFF, 0xFF}}},
	{{{-3823, 2883, 3684},0, {17172, 22266},{0xFF, 0xFF, 0xFF, 0x0}}},
	{{{-4703, 3926, 4309},0, {15099, 22665},{0xFF, 0xFF, 0xFF, 0x0}}},
	{{{-3823, 4438, 3684},0, {16284, 23994},{0xFF, 0xFF, 0xFF, 0x0}}},
	{{{-4703, 2371, 4309},0, {15987, 20938},{0xFF, 0xFF, 0xFF, 0xFF}}},
	{{{-5388, 3319, 5118},0, {14057, 21277},{0xFF, 0xFF, 0xFF, 0x0}}},
	{{{-5388, 1765, 5118},0, {14945, 19549},{0xFF, 0xFF, 0xFF, 0xFF}}},
	{{{-5858, 2957, 5873},0, {13130, 20291},{0xFF, 0xFF, 0xFF, 0x0}}},
	{{{-5858, 1402, 5873},0, {14019, 18554},{0xFF, 0xFF, 0xFF, 0xFF}}},
	{{{-6231, 2761, 6525},0, {12288, 19589},{0xFF, 0xFF, 0xFF, 0x0}}},
	{{{-6231, 1207, 6525},0, {13165, 17858},{0xFF, 0xFF, 0xFF, 0xFF}}},
	{{{-7097, 2454, 6288},0, {11172, 18589},{0xFF, 0xFF, 0xFF, 0x0}}},
	{{{-7097, 899, 6288},0, {12063, 16855},{0xFF, 0xFF, 0xFF, 0xFF}}},
	{{{-7097, 899, 6288},0, {12063, 16855},{0xFF, 0xFF, 0xFF, 0xFF}}},
	{{{-7959, 2153, 5970},0, {10034, 17583},{0xFF, 0xFF, 0xFF, 0x0}}},
	{{{-7097, 2454, 6288},0, {11172, 18589},{0xFF, 0xFF, 0xFF, 0x0}}},
	{{{-7959, 598, 5970},0, {10932, 15831},{0xFF, 0xFF, 0xFF, 0xFF}}},
	{{{-8170, 2145, 4862},0, {8649, 16873},{0xFF, 0xFF, 0xFF, 0x0}}},
	{{{-8170, 591, 4862},0, {9542, 15074},{0xFF, 0xFF, 0xFF, 0xFF}}},
	{{{-8455, 2098, 3945},0, {7459, 16239},{0xFF, 0xFF, 0xFF, 0x0}}},
	{{{-8455, 544, 3945},0, {8302, 14339},{0xFF, 0xFF, 0xFF, 0xFF}}},
	{{{-9124, 1850, 3952},0, {6576, 15541},{0xFF, 0xFF, 0xFF, 0x0}}},
	{{{-9124, 296, 3952},0, {7279, 13486},{0xFF, 0xFF, 0xFF, 0xFF}}},
	{{{-9695, 1627, 4239},0, {5692, 14980},{0xFF, 0xFF, 0xFF, 0x0}}},
	{{{-9695, 73, 4239},0, {6126, 12564},{0xFF, 0xFF, 0xFF, 0xFF}}},
	{{{-9924, 1542, 4607},0, {5089, 14779},{0xFF, 0xFF, 0xFF, 0x0}}},
	{{{-9924, -13, 4607},0, {5239, 12187},{0xFF, 0xFF, 0xFF, 0xFF}}},
	{{{-9909, 1573, 5001},0, {4551, 14819},{0xFF, 0xFF, 0xFF, 0x0}}},
	{{{-9909, 18, 5001},0, {4380, 12227},{0xFF, 0xFF, 0xFF, 0xFF}}},
	{{{-9909, 18, 5001},0, {4380, 12227},{0xFF, 0xFF, 0xFF, 0xFF}}},
	{{{-9789, 1688, 5397},0, {3970, 15025},{0xFF, 0xFF, 0xFF, 0x0}}},
	{{{-9909, 1573, 5001},0, {4551, 14819},{0xFF, 0xFF, 0xFF, 0x0}}},
	{{{-9789, 133, 5397},0, {3638, 12805},{0xFF, 0xFF, 0xFF, 0xFF}}},
	{{{-9615, 1893, 5991},0, {3198, 15396},{0xFF, 0xFF, 0xFF, 0x0}}},
	{{{-9615, 338, 5991},0, {2786, 13462},{0xFF, 0xFF, 0xFF, 0xFF}}},
	{{{-9250, 2387, 8057},0, {885, 16595},{0xFF, 0xFF, 0xFF, 0x0}}},
	{{{-9250, 833, 8057},0, {374, 14887},{0xFF, 0xFF, 0xFF, 0xFF}}},
	{{{-8891, 2356, 9878},0, {-1289, 17270},{0xFF, 0xFF, 0xFF, 0x0}}},
	{{{-8891, 802, 9878},0, {-1805, 15557},{0xFF, 0xFF, 0xFF, 0xFF}}},
	{{{-8004, 2339, 9916},0, {-2594, 17664},{0xFF, 0xFF, 0xFF, 0x0}}},
	{{{-8004, 784, 9916},0, {-2989, 15928},{0xFF, 0xFF, 0xFF, 0xFF}}},
	{{{-7129, 2339, 10133},0, {-4049, 17988},{0xFF, 0xFF, 0xFF, 0x0}}},
	{{{-7129, 784, 10133},0, {-4154, 16148},{0xFF, 0xFF, 0xFF, 0xFF}}},
	{{{-6949, 2339, 11775},0, {-6481, 17789},{0xFF, 0xFF, 0xFF, 0x0}}},
	{{{-6949, 784, 11775},0, {-5920, 16009},{0xFF, 0xFF, 0xFF, 0xFF}}},
	{{{-6949, 784, 11775},0, {-5920, 16009},{0xFF, 0xFF, 0xFF, 0xFF}}},
	{{{-7129, 2339, 13445},0, {-8769, 16606},{0xFF, 0xFF, 0xFF, 0x0}}},
	{{{-6949, 2339, 11775},0, {-6481, 17789},{0xFF, 0xFF, 0xFF, 0x0}}},
	{{{-7129, 784, 13445},0, {-7540, 15152},{0xFF, 0xFF, 0xFF, 0xFF}}},
	{{{-8009, 2339, 13791},0, {-9952, 15339},{0xFF, 0xFF, 0xFF, 0x0}}},
	{{{-8009, 784, 13791},0, {-8390, 14201},{0xFF, 0xFF, 0xFF, 0xFF}}},
	{{{-9411, 2339, 13795},0, {-11086, 13019},{0xFF, 0xFF, 0xFF, 0x0}}},
	{{{-9411, 784, 13795},0, {-9207, 12408},{0xFF, 0xFF, 0xFF, 0xFF}}},
	{{{-12004, 2339, 13693},0, {-11595, 8452},{0xFF, 0xFF, 0xFF, 0x0}}},
	{{{-12004, 784, 13693},0, {-9584, 8709},{0xFF, 0xFF, 0xFF, 0xFF}}},
	{{{-14172, 2339, 12985},0, {-10327, 4380},{0xFF, 0xFF, 0xFF, 0x0}}},
	{{{-14172, 784, 12985},0, {-8514, 5511},{0xFF, 0xFF, 0xFF, 0xFF}}},
	{{{-15064, 2344, 11353},0, {-8142, 1836},{0xFF, 0xFF, 0xFF, 0x0}}},
	{{{-15064, 790, 11353},0, {-6812, 3560},{0xFF, 0xFF, 0xFF, 0xFF}}},
	{{{-15177, 2381, 9651},0, {-5558, 385},{0xFF, 0xFF, 0xFF, 0x0}}},
	{{{-15177, 826, 9651},0, {-4760, 2440},{0xFF, 0xFF, 0xFF, 0xFF}}},
	{{{-15177, 826, 9651},0, {-4760, 2440},{0xFF, 0xFF, 0xFF, 0xFF}}},
	{{{-15061, 2455, 8178},0, {-3158, -345},{0xFF, 0xFF, 0xFF, 0x0}}},
	{{{-15177, 2381, 9651},0, {-5558, 385},{0xFF, 0xFF, 0xFF, 0x0}}},
	{{{-15061, 901, 8178},0, {-2715, 1844},{0xFF, 0xFF, 0xFF, 0xFF}}},
	{{{-14758, 2059, 6660},0, {-501, -74},{0xFF, 0xFF, 0xFF, 0x0}}},
	{{{-14758, 505, 6660},0, {-298, 2255},{0xFF, 0xFF, 0xFF, 0xFF}}},
	{{{-14548, 1850, 5855},0, {899, 141},{0xFF, 0xFF, 0xFF, 0x0}}},
	{{{-14548, 296, 5855},0, {1131, 2628},{0xFF, 0xFF, 0xFF, 0xFF}}},
	{{{-14375, 1711, 5159},0, {2097, 217},{0xFF, 0xFF, 0xFF, 0x0}}},
	{{{-14375, 157, 5159},0, {2653, 3034},{0xFF, 0xFF, 0xFF, 0xFF}}},
	{{{-14313, 1661, 4615},0, {2945, 80},{0xFF, 0xFF, 0xFF, 0x0}}},
	{{{-14313, 107, 4615},0, {3927, 2816},{0xFF, 0xFF, 0xFF, 0xFF}}},
	{{{-14375, 1693, 4138},0, {3606, -277},{0xFF, 0xFF, 0xFF, 0x0}}},
	{{{-14375, 138, 4138},0, {5017, 2367},{0xFF, 0xFF, 0xFF, 0xFF}}},
	{{{-14573, 1801, 3653},0, {4265, -897},{0xFF, 0xFF, 0xFF, 0x0}}},
	{{{-14573, 247, 3653},0, {5842, 1343},{0xFF, 0xFF, 0xFF, 0xFF}}},
	{{{-14573, 247, 3653},0, {5842, 1343},{0xFF, 0xFF, 0xFF, 0xFF}}},
	{{{-14967, 2018, 3230},0, {4840, -1781},{0xFF, 0xFF, 0xFF, 0x0}}},
	{{{-14573, 1801, 3653},0, {4265, -897},{0xFF, 0xFF, 0xFF, 0x0}}},
	{{{-14967, 464, 3230},0, {6519, 133},{0xFF, 0xFF, 0xFF, 0xFF}}},
	{{{-15568, 2385, 3053},0, {5231, -2950},{0xFF, 0xFF, 0xFF, 0x0}}},
	{{{-15568, 830, 3053},0, {7059, -1343},{0xFF, 0xFF, 0xFF, 0xFF}}},
	{{{-16143, 2960, 3602},0, {5320, -4474},{0xFF, 0xFF, 0xFF, 0x0}}},
	{{{-16143, 1405, 3602},0, {7278, -3201},{0xFF, 0xFF, 0xFF, 0xFF}}},
	{{{-16465, 3731, 5191},0, {5476, -7143},{0xFF, 0xFF, 0xFF, 0x0}}},
	{{{-16465, 2177, 5191},0, {7482, -6196},{0xFF, 0xFF, 0xFF, 0xFF}}},
	{{{-16557, 4396, 7167},0, {5794, -10238},{0xFF, 0xFF, 0xFF, 0x0}}},
	{{{-16557, 2841, 7167},0, {7801, -9410},{0xFF, 0xFF, 0xFF, 0xFF}}},
	{{{-16610, 4691, 8777},0, {6316, -12631},{0xFF, 0xFF, 0xFF, 0x0}}},
	{{{-16610, 3136, 8777},0, {8321, -11834},{0xFF, 0xFF, 0xFF, 0xFF}}},
	{{{-17223, 4816, 9829},0, {6861, -14483},{0xFF, 0xFF, 0xFF, 0x0}}},
	{{{-17223, 3262, 9829},0, {8864, -13696},{0xFF, 0xFF, 0xFF, 0xFF}}},
	{{{-17223, 3262, 9829},0, {8864, -13696},{0xFF, 0xFF, 0xFF, 0xFF}}},
	{{{-18803, 5014, 10328},0, {7675, -17315},{0xFF, 0xFF, 0xFF, 0x0}}},
	{{{-17223, 4816, 9829},0, {6861, -14483},{0xFF, 0xFF, 0xFF, 0x0}}},
	{{{-18803, 3459, 10328},0, {9677, -16535},{0xFF, 0xFF, 0xFF, 0xFF}}},
	{{{-20569, 5230, 10495},0, {8550, -20389},{0xFF, 0xFF, 0xFF, 0x0}}},
	{{{-20569, 3676, 10495},0, {10551, -19611},{0xFF, 0xFF, 0xFF, 0xFF}}},
	{{{-21682, 5365, 10493},0, {9099, -22318},{0xFF, 0xFF, 0xFF, 0x0}}},
	{{{-21682, 3811, 10493},0, {11099, -21541},{0xFF, 0xFF, 0xFF, 0xFF}}},
	{{{-22232, 5428, 10031},0, {9455, -23472},{0xFF, 0xFF, 0xFF, 0x0}}},
	{{{-22232, 3873, 10031},0, {11454, -22696},{0xFF, 0xFF, 0xFF, 0xFF}}},
	{{{-22480, 5440, 8807},0, {10121, -25233},{0xFF, 0xFF, 0xFF, 0x0}}},
	{{{-22480, 3886, 8807},0, {12117, -24456},{0xFF, 0xFF, 0xFF, 0xFF}}},
	{{{-22433, 5377, 6933},0, {11220, -27811},{0xFF, 0xFF, 0xFF, 0x0}}},
	{{{-22433, 3822, 6933},0, {13213, -27030},{0xFF, 0xFF, 0xFF, 0xFF}}},
	{{{-12713, 5168, -10469},0, {25916, -25023},{0xFF, 0xFF, 0xFF, 0xFF}}},
	{{{-11761, 6599, -10468},0, {24767, -26825},{0xFF, 0xFF, 0xFF, 0x0}}},
	{{{-12713, 6722, -10469},0, {24168, -25711},{0xFF, 0xFF, 0xFF, 0x0}}},
	{{{-11761, 5045, -10468},0, {26526, -26155},{0xFF, 0xFF, 0xFF, 0xFF}}},
	{{{-10834, 6616, -10462},0, {25165, -27980},{0xFF, 0xFF, 0xFF, 0x0}}},
	{{{-10834, 5062, -10462},0, {26957, -27339},{0xFF, 0xFF, 0xFF, 0xFF}}},
	{{{-13480, 5289, -10469},0, {25397, -26176},{0xFF, 0xFF, 0xFF, 0xFF}}},
	{{{-12713, 5168, -10469},0, {25916, -27071},{0xFF, 0xFF, 0xFF, 0xFF}}},
	{{{-12713, 6722, -10469},0, {24168, -27759},{0xFF, 0xFF, 0xFF, 0x0}}},
	{{{-13480, 6843, -10469},0, {23654, -26873},{0xFF, 0xFF, 0xFF, 0x0}}},
	{{{-14375, 5368, -10469},0, {24858, -25108},{0xFF, 0xFF, 0xFF, 0xFF}}},
	{{{-14375, 6922, -10469},0, {23116, -25815},{0xFF, 0xFF, 0xFF, 0x0}}},
	{{{-22091, 3665, 4718},0, {14645, -23928},{0xFF, 0xFF, 0xFF, 0xFF}}},
	{{{-21674, 5030, 2856},0, {13968, -27294},{0xFF, 0xFF, 0xFF, 0x0}}},
	{{{-22091, 5219, 4718},0, {12656, -24717},{0xFF, 0xFF, 0xFF, 0x0}}},
	{{{-21674, 3476, 2856},0, {15945, -26490},{0xFF, 0xFF, 0xFF, 0xFF}}},
	{{{-21674, 3476, 2856},0, {15945, -26490},{0xFF, 0xFF, 0xFF, 0xFF}}},
	{{{-21394, 4874, 1909},0, {14738, -28601},{0xFF, 0xFF, 0xFF, 0x0}}},
	{{{-21674, 5030, 2856},0, {13968, -27294},{0xFF, 0xFF, 0xFF, 0x0}}},
	{{{-21394, 3319, 1909},0, {16701, -27784},{0xFF, 0xFF, 0xFF, 0xFF}}},
	{{{-22433, 3822, 6933},0, {13213, -22934},{0xFF, 0xFF, 0xFF, 0xFF}}},
	{{{-22091, 3665, 4718},0, {14645, -25976},{0xFF, 0xFF, 0xFF, 0xFF}}},
	{{{-22091, 5219, 4718},0, {12656, -26765},{0xFF, 0xFF, 0xFF, 0x0}}},
	{{{-22433, 5377, 6933},0, {11220, -23715},{0xFF, 0xFF, 0xFF, 0x0}}},
	{{{-4951, 7049, -9916},0, {27132, -23427},{0xFF, 0xFF, 0xFF, 0xFF}}},
	{{{-4492, 6400, -6484},0, {30028, -26430},{0xFF, 0xFF, 0xFF, 0xFF}}},
	{{{-4492, 7955, -6484},0, {28312, -27530},{0xFF, 0xFF, 0xFF, 0x0}}},
	{{{-4951, 8603, -9916},0, {25350, -24210},{0xFF, 0xFF, 0xFF, 0x0}}},
	{{{-9069, 6386, -10427},0, {26133, -26046},{0xFF, 0xFF, 0xFF, 0xFF}}},
	{{{-8436, 6834, -10426},0, {25842, -27033},{0xFF, 0xFF, 0xFF, 0xFF}}},
	{{{-8436, 8388, -10426},0, {24010, -27608},{0xFF, 0xFF, 0xFF, 0x0}}},
	{{{-9069, 7941, -10427},0, {24312, -26617},{0xFF, 0xFF, 0xFF, 0x0}}},
	{{{-21667, 4382, -10362},0, {22135, -21898},{0xFF, 0xFF, 0xFF, 0xFF}}},
	{{{-17281, 5392, -10469},0, {23320, -27706},{0xFF, 0xFF, 0xFF, 0xFF}}},
	{{{-17281, 6946, -10469},0, {21588, -28426},{0xFF, 0xFF, 0xFF, 0x0}}},
	{{{-21667, 5937, -10362},0, {20406, -22620},{0xFF, 0xFF, 0xFF, 0x0}}},
	{{{-22464, 3501, -5439},0, {20714, -24019},{0xFF, 0xFF, 0xFF, 0xFF}}},
	{{{-23155, 3533, -7378},0, {21565, -26176},{0xFF, 0xFF, 0xFF, 0xFF}}},
	{{{-23155, 5087, -7378},0, {19836, -26885},{0xFF, 0xFF, 0xFF, 0x0}}},
	{{{-22464, 5056, -5439},0, {18977, -24720},{0xFF, 0xFF, 0xFF, 0x0}}},
	{{{-21394, 3319, 1909},0, {16701, -25736},{0xFF, 0xFF, 0xFF, 0xFF}}},
	{{{-20727, 2946, 834},0, {17952, -27336},{0xFF, 0xFF, 0xFF, 0xFF}}},
	{{{-20727, 4500, 834},0, {16003, -28199},{0xFF, 0xFF, 0xFF, 0x0}}},
	{{{-21394, 4874, 1909},0, {14738, -26553},{0xFF, 0xFF, 0xFF, 0x0}}},
	{{{-17281, 5392, -10469},0, {23320, -25658},{0xFF, 0xFF, 0xFF, 0xFF}}},
	{{{-15719, 5399, -10469},0, {24128, -27570},{0xFF, 0xFF, 0xFF, 0xFF}}},
	{{{-15719, 6954, -10469},0, {22391, -28285},{0xFF, 0xFF, 0xFF, 0x0}}},
	{{{-17281, 6946, -10469},0, {21588, -26378},{0xFF, 0xFF, 0xFF, 0x0}}},
	{{{-15719, 5399, -10469},0, {24128, -25522},{0xFF, 0xFF, 0xFF, 0xFF}}},
	{{{-14375, 5368, -10469},0, {24858, -27156},{0xFF, 0xFF, 0xFF, 0xFF}}},
	{{{-14375, 6922, -10469},0, {23116, -27863},{0xFF, 0xFF, 0xFF, 0x0}}},
	{{{-15719, 6954, -10469},0, {22391, -26237},{0xFF, 0xFF, 0xFF, 0x0}}},
	{{{-4492, 6400, -6484},0, {27980, -26430},{0xFF, 0xFF, 0xFF, 0xFF}}},
	{{{-4386, 5622, -5206},0, {29809, -27052},{0xFF, 0xFF, 0xFF, 0xFF}}},
	{{{-4386, 7177, -5206},0, {28126, -28207},{0xFF, 0xFF, 0xFF, 0x0}}},
	{{{-4492, 7955, -6484},0, {26264, -27530},{0xFF, 0xFF, 0xFF, 0x0}}},
	{{{-6938, 7049, -10426},0, {26160, -24949},{0xFF, 0xFF, 0xFF, 0xFF}}},
	{{{-4951, 7049, -9916},0, {27132, -27523},{0xFF, 0xFF, 0xFF, 0xFF}}},
	{{{-4951, 8603, -9916},0, {25350, -28306},{0xFF, 0xFF, 0xFF, 0x0}}},
	{{{-6938, 8603, -10426},0, {24326, -25575},{0xFF, 0xFF, 0xFF, 0x0}}},
	{{{-21682, 3488, -3563},0, {19856, -23918},{0xFF, 0xFF, 0xFF, 0xFF}}},
	{{{-22464, 3501, -5439},0, {20714, -26067},{0xFF, 0xFF, 0xFF, 0xFF}}},
	{{{-22464, 5056, -5439},0, {18977, -26768},{0xFF, 0xFF, 0xFF, 0x0}}},
	{{{-21682, 5042, -3563},0, {18114, -24617},{0xFF, 0xFF, 0xFF, 0x0}}},
	{{{-8436, 6834, -10426},0, {25842, -24985},{0xFF, 0xFF, 0xFF, 0xFF}}},
	{{{-6938, 7049, -10426},0, {26160, -26997},{0xFF, 0xFF, 0xFF, 0xFF}}},
	{{{-6938, 8603, -10426},0, {24326, -27623},{0xFF, 0xFF, 0xFF, 0x0}}},
	{{{-8436, 8388, -10426},0, {24010, -25560},{0xFF, 0xFF, 0xFF, 0x0}}},
	{{{-20238, 2965, -1678},0, {19374, -25146},{0xFF, 0xFF, 0xFF, 0xFF}}},
	{{{-20674, 4682, -2235},0, {17765, -26711},{0xFF, 0xFF, 0xFF, 0x0}}},
	{{{-20238, 4519, -1678},0, {17627, -25857},{0xFF, 0xFF, 0xFF, 0x0}}},
	{{{-20674, 3128, -2235},0, {19511, -26007},{0xFF, 0xFF, 0xFF, 0xFF}}},
	{{{-21158, 4866, -2841},0, {17912, -27653},{0xFF, 0xFF, 0xFF, 0x0}}},
	{{{-21158, 3311, -2841},0, {19656, -26953},{0xFF, 0xFF, 0xFF, 0xFF}}},
	{{{-23155, 3533, -7378},0, {21565, -24128},{0xFF, 0xFF, 0xFF, 0xFF}}},
	{{{-22464, 3952, -8939},0, {21864, -26105},{0xFF, 0xFF, 0xFF, 0xFF}}},
	{{{-22464, 5506, -8939},0, {20136, -26824},{0xFF, 0xFF, 0xFF, 0x0}}},
	{{{-23155, 5087, -7378},0, {19836, -24837},{0xFF, 0xFF, 0xFF, 0x0}}},
	{{{-22464, 3952, -8939},0, {21864, -24057},{0xFF, 0xFF, 0xFF, 0xFF}}},
	{{{-21667, 4382, -10362},0, {22135, -25994},{0xFF, 0xFF, 0xFF, 0xFF}}},
	{{{-21667, 5937, -10362},0, {20406, -26716},{0xFF, 0xFF, 0xFF, 0x0}}},
	{{{-22464, 5506, -8939},0, {20136, -24776},{0xFF, 0xFF, 0xFF, 0x0}}},
	{{{-21158, 3311, -2841},0, {19656, -24905},{0xFF, 0xFF, 0xFF, 0xFF}}},
	{{{-21682, 3488, -3563},0, {19856, -25966},{0xFF, 0xFF, 0xFF, 0xFF}}},
	{{{-21682, 5042, -3563},0, {18114, -26665},{0xFF, 0xFF, 0xFF, 0x0}}},
	{{{-21158, 4866, -2841},0, {17912, -25605},{0xFF, 0xFF, 0xFF, 0x0}}},
};

Gfx jrb_dl_level_005_mesh_layer_5_tri_0[] = {
	gsSPVertex(jrb_dl_level_005_mesh_layer_5_vtx_0 + 0, 16, 0),
	gsSP1Triangle(0, 1, 2, 0),
	gsSP1Triangle(0, 2, 3, 0),
	gsSP1Triangle(4, 5, 6, 0),
	gsSP1Triangle(4, 6, 7, 0),
	gsSP1Triangle(8, 4, 7, 0),
	gsSP1Triangle(8, 7, 9, 0),
	gsSP1Triangle(10, 8, 9, 0),
	gsSP1Triangle(10, 9, 11, 0),
	gsSP1Triangle(12, 13, 14, 0),
	gsSP1Triangle(12, 15, 13, 0),
	gsSPVertex(jrb_dl_level_005_mesh_layer_5_vtx_0 + 16, 16, 0),
	gsSP1Triangle(0, 1, 2, 0),
	gsSP1Triangle(0, 3, 1, 0),
	gsSP1Triangle(4, 5, 6, 0),
	gsSP1Triangle(4, 6, 7, 0),
	gsSP1Triangle(8, 9, 10, 0),
	gsSP1Triangle(8, 10, 11, 0),
	gsSP1Triangle(12, 13, 14, 0),
	gsSP1Triangle(12, 15, 13, 0),
	gsSPVertex(jrb_dl_level_005_mesh_layer_5_vtx_0 + 32, 16, 0),
	gsSP1Triangle(0, 1, 2, 0),
	gsSP1Triangle(0, 3, 1, 0),
	gsSP1Triangle(4, 5, 6, 0),
	gsSP1Triangle(4, 7, 5, 0),
	gsSP1Triangle(7, 8, 5, 0),
	gsSP1Triangle(7, 9, 8, 0),
	gsSP1Triangle(9, 10, 8, 0),
	gsSP1Triangle(9, 11, 10, 0),
	gsSP1Triangle(11, 12, 10, 0),
	gsSP1Triangle(11, 13, 12, 0),
	gsSP1Triangle(13, 14, 12, 0),
	gsSP1Triangle(13, 15, 14, 0),
	gsSPVertex(jrb_dl_level_005_mesh_layer_5_vtx_0 + 48, 16, 0),
	gsSP1Triangle(0, 1, 2, 0),
	gsSP1Triangle(0, 3, 1, 0),
	gsSP1Triangle(3, 4, 1, 0),
	gsSP1Triangle(3, 5, 4, 0),
	gsSP1Triangle(5, 6, 4, 0),
	gsSP1Triangle(5, 7, 6, 0),
	gsSP1Triangle(7, 8, 6, 0),
	gsSP1Triangle(7, 9, 8, 0),
	gsSP1Triangle(9, 10, 8, 0),
	gsSP1Triangle(9, 11, 10, 0),
	gsSP1Triangle(11, 12, 10, 0),
	gsSP1Triangle(11, 13, 12, 0),
	gsSP1Triangle(13, 14, 12, 0),
	gsSP1Triangle(13, 15, 14, 0),
	gsSPVertex(jrb_dl_level_005_mesh_layer_5_vtx_0 + 64, 16, 0),
	gsSP1Triangle(0, 1, 2, 0),
	gsSP1Triangle(0, 3, 1, 0),
	gsSP1Triangle(3, 4, 1, 0),
	gsSP1Triangle(3, 5, 4, 0),
	gsSP1Triangle(5, 6, 4, 0),
	gsSP1Triangle(5, 7, 6, 0),
	gsSP1Triangle(7, 8, 6, 0),
	gsSP1Triangle(7, 9, 8, 0),
	gsSP1Triangle(9, 10, 8, 0),
	gsSP1Triangle(9, 11, 10, 0),
	gsSP1Triangle(11, 12, 10, 0),
	gsSP1Triangle(11, 13, 12, 0),
	gsSP1Triangle(13, 14, 12, 0),
	gsSP1Triangle(13, 15, 14, 0),
	gsSPVertex(jrb_dl_level_005_mesh_layer_5_vtx_0 + 80, 16, 0),
	gsSP1Triangle(0, 1, 2, 0),
	gsSP1Triangle(0, 3, 1, 0),
	gsSP1Triangle(3, 4, 1, 0),
	gsSP1Triangle(3, 5, 4, 0),
	gsSP1Triangle(5, 6, 4, 0),
	gsSP1Triangle(5, 7, 6, 0),
	gsSP1Triangle(7, 8, 6, 0),
	gsSP1Triangle(7, 9, 8, 0),
	gsSP1Triangle(9, 10, 8, 0),
	gsSP1Triangle(9, 11, 10, 0),
	gsSP1Triangle(11, 12, 10, 0),
	gsSP1Triangle(11, 13, 12, 0),
	gsSP1Triangle(13, 14, 12, 0),
	gsSP1Triangle(13, 15, 14, 0),
	gsSPVertex(jrb_dl_level_005_mesh_layer_5_vtx_0 + 96, 16, 0),
	gsSP1Triangle(0, 1, 2, 0),
	gsSP1Triangle(0, 3, 1, 0),
	gsSP1Triangle(3, 4, 1, 0),
	gsSP1Triangle(3, 5, 4, 0),
	gsSP1Triangle(5, 6, 4, 0),
	gsSP1Triangle(5, 7, 6, 0),
	gsSP1Triangle(7, 8, 6, 0),
	gsSP1Triangle(7, 9, 8, 0),
	gsSP1Triangle(9, 10, 8, 0),
	gsSP1Triangle(9, 11, 10, 0),
	gsSP1Triangle(11, 12, 10, 0),
	gsSP1Triangle(11, 13, 12, 0),
	gsSP1Triangle(13, 14, 12, 0),
	gsSP1Triangle(13, 15, 14, 0),
	gsSPVertex(jrb_dl_level_005_mesh_layer_5_vtx_0 + 112, 16, 0),
	gsSP1Triangle(0, 1, 2, 0),
	gsSP1Triangle(0, 3, 1, 0),
	gsSP1Triangle(3, 4, 1, 0),
	gsSP1Triangle(3, 5, 4, 0),
	gsSP1Triangle(5, 6, 4, 0),
	gsSP1Triangle(5, 7, 6, 0),
	gsSP1Triangle(7, 8, 6, 0),
	gsSP1Triangle(7, 9, 8, 0),
	gsSP1Triangle(9, 10, 8, 0),
	gsSP1Triangle(9, 11, 10, 0),
	gsSP1Triangle(11, 12, 10, 0),
	gsSP1Triangle(11, 13, 12, 0),
	gsSP1Triangle(13, 14, 12, 0),
	gsSP1Triangle(13, 15, 14, 0),
	gsSPVertex(jrb_dl_level_005_mesh_layer_5_vtx_0 + 128, 14, 0),
	gsSP1Triangle(0, 1, 2, 0),
	gsSP1Triangle(0, 3, 1, 0),
	gsSP1Triangle(3, 4, 1, 0),
	gsSP1Triangle(3, 5, 4, 0),
	gsSP1Triangle(5, 6, 4, 0),
	gsSP1Triangle(5, 7, 6, 0),
	gsSP1Triangle(7, 8, 6, 0),
	gsSP1Triangle(7, 9, 8, 0),
	gsSP1Triangle(9, 10, 8, 0),
	gsSP1Triangle(9, 11, 10, 0),
	gsSP1Triangle(11, 12, 10, 0),
	gsSP1Triangle(11, 13, 12, 0),
	gsSPVertex(jrb_dl_level_005_mesh_layer_5_vtx_0 + 142, 16, 0),
	gsSP1Triangle(0, 1, 2, 0),
	gsSP1Triangle(0, 3, 1, 0),
	gsSP1Triangle(3, 4, 1, 0),
	gsSP1Triangle(3, 5, 4, 0),
	gsSP1Triangle(6, 7, 8, 0),
	gsSP1Triangle(6, 8, 9, 0),
	gsSP1Triangle(10, 6, 9, 0),
	gsSP1Triangle(10, 9, 11, 0),
	gsSP1Triangle(12, 13, 14, 0),
	gsSP1Triangle(12, 15, 13, 0),
	gsSPVertex(jrb_dl_level_005_mesh_layer_5_vtx_0 + 158, 16, 0),
	gsSP1Triangle(0, 1, 2, 0),
	gsSP1Triangle(0, 3, 1, 0),
	gsSP1Triangle(4, 5, 6, 0),
	gsSP1Triangle(4, 6, 7, 0),
	gsSP1Triangle(8, 9, 10, 0),
	gsSP1Triangle(8, 10, 11, 0),
	gsSP1Triangle(12, 13, 14, 0),
	gsSP1Triangle(12, 14, 15, 0),
	gsSPVertex(jrb_dl_level_005_mesh_layer_5_vtx_0 + 174, 16, 0),
	gsSP1Triangle(0, 1, 2, 0),
	gsSP1Triangle(0, 2, 3, 0),
	gsSP1Triangle(4, 5, 6, 0),
	gsSP1Triangle(4, 6, 7, 0),
	gsSP1Triangle(8, 9, 10, 0),
	gsSP1Triangle(8, 10, 11, 0),
	gsSP1Triangle(12, 13, 14, 0),
	gsSP1Triangle(12, 14, 15, 0),
	gsSPVertex(jrb_dl_level_005_mesh_layer_5_vtx_0 + 190, 16, 0),
	gsSP1Triangle(0, 1, 2, 0),
	gsSP1Triangle(0, 2, 3, 0),
	gsSP1Triangle(4, 5, 6, 0),
	gsSP1Triangle(4, 6, 7, 0),
	gsSP1Triangle(8, 9, 10, 0),
	gsSP1Triangle(8, 10, 11, 0),
	gsSP1Triangle(12, 13, 14, 0),
	gsSP1Triangle(12, 14, 15, 0),
	gsSPVertex(jrb_dl_level_005_mesh_layer_5_vtx_0 + 206, 14, 0),
	gsSP1Triangle(0, 1, 2, 0),
	gsSP1Triangle(0, 2, 3, 0),
	gsSP1Triangle(4, 5, 6, 0),
	gsSP1Triangle(4, 7, 5, 0),
	gsSP1Triangle(7, 8, 5, 0),
	gsSP1Triangle(7, 9, 8, 0),
	gsSP1Triangle(10, 11, 12, 0),
	gsSP1Triangle(10, 12, 13, 0),
	gsSPVertex(jrb_dl_level_005_mesh_layer_5_vtx_0 + 220, 8, 0),
	gsSP1Triangle(0, 1, 2, 0),
	gsSP1Triangle(0, 2, 3, 0),
	gsSP1Triangle(4, 5, 6, 0),
	gsSP1Triangle(4, 6, 7, 0),
	gsSPEndDisplayList(),
};

Vtx jrb_dl_level_006_mesh_layer_5_vtx_0[4] = {
	{{{-3343, 0, 3343},0, {-3419, 5435},{0x88, 0x8A, 0xFF, 0xFF}}},
	{{{3343, 0, 3343},0, {5435, 5435},{0x88, 0x8A, 0xFF, 0xFF}}},
	{{{3343, 0, -3343},0, {5435, -3419},{0x88, 0x8A, 0xFF, 0xFF}}},
	{{{-3343, 0, -3343},0, {-3419, -3419},{0x88, 0x8A, 0xFF, 0xFF}}},
};

Gfx jrb_dl_level_006_mesh_layer_5_tri_0[] = {
	gsSPVertex(jrb_dl_level_006_mesh_layer_5_vtx_0 + 0, 4, 0),
	gsSP1Triangle(0, 1, 2, 0),
	gsSP1Triangle(0, 2, 3, 0),
	gsSPEndDisplayList(),
};

Vtx jrb_dl_level_007_mesh_layer_6_vtx_0[24] = {
	{{{-14622, -1752, 1009},0, {-1087, -5005},{0xFF, 0xFF, 0xFF, 0x0}}},
	{{{-14716, -1788, 1687},0, {-1171, -4397},{0xFF, 0xFF, 0xFF, 0xFF}}},
	{{{-14155, -1942, 1707},0, {-668, -4379},{0xFF, 0xFF, 0xFF, 0xFF}}},
	{{{-14148, -1937, 1041},0, {-661, -4976},{0xFF, 0xFF, 0xFF, 0x0}}},
	{{{-13606, -1959, 1720},0, {-176, -4368},{0xFF, 0xFF, 0xFF, 0xFF}}},
	{{{-13606, -1959, 1079},0, {-176, -4943},{0xFF, 0xFF, 0xFF, 0x0}}},
	{{{-12840, -1959, 1129},0, {511, -4898},{0xFF, 0xFF, 0xFF, 0x0}}},
	{{{-12804, -1959, 1737},0, {543, -4353},{0xFF, 0xFF, 0xFF, 0xFF}}},
	{{{-11611, -1959, 1737},0, {1612, -4353},{0xFF, 0xFF, 0xFF, 0xFF}}},
	{{{-11609, -1959, 1129},0, {1614, -4898},{0xFF, 0xFF, 0xFF, 0x0}}},
	{{{-10847, -1959, 1098},0, {2297, -4926},{0xFF, 0xFF, 0xFF, 0x0}}},
	{{{-10821, -1960, 1750},0, {2321, -4341},{0xFF, 0xFF, 0xFF, 0xFF}}},
	{{{-9624, -1947, 1099},0, {3394, -4924},{0xFF, 0xFF, 0xFF, 0x0}}},
	{{{-9547, -1834, 1903},0, {3463, -4204},{0xFF, 0xFF, 0xFF, 0xFF}}},
	{{{-9054, -1811, 1794},0, {3904, -4301},{0xFF, 0xFF, 0xFF, 0xFF}}},
	{{{-9055, -1943, 1073},0, {3904, -4947},{0xFF, 0xFF, 0xFF, 0x0}}},
	{{{-9055, -1943, 1073},0, {3904, -4947},{0xFF, 0xFF, 0xFF, 0x0}}},
	{{{-9054, -1811, 1794},0, {3904, -4301},{0xFF, 0xFF, 0xFF, 0xFF}}},
	{{{-8450, -1907, 2057},0, {4446, -4066},{0xFF, 0xFF, 0xFF, 0xFF}}},
	{{{-8419, -1958, 1075},0, {4474, -4946},{0xFF, 0xFF, 0xFF, 0x0}}},
	{{{-7637, -1948, 1058},0, {5175, -4962},{0xFF, 0xFF, 0xFF, 0x0}}},
	{{{-7621, -1963, 1905},0, {5189, -4202},{0xFF, 0xFF, 0xFF, 0xFF}}},
	{{{-6951, -1777, 1054},0, {5789, -4965},{0xFF, 0xFF, 0xFF, 0x0}}},
	{{{-6881, -1856, 1857},0, {5853, -4245},{0xFF, 0xFF, 0xFF, 0xFF}}},
};

Gfx jrb_dl_level_007_mesh_layer_6_tri_0[] = {
	gsSPVertex(jrb_dl_level_007_mesh_layer_6_vtx_0 + 0, 16, 0),
	gsSP1Triangle(0, 1, 2, 0),
	gsSP1Triangle(0, 2, 3, 0),
	gsSP1Triangle(3, 2, 4, 0),
	gsSP1Triangle(3, 4, 5, 0),
	gsSP1Triangle(4, 6, 5, 0),
	gsSP1Triangle(4, 7, 6, 0),
	gsSP1Triangle(8, 6, 7, 0),
	gsSP1Triangle(8, 9, 6, 0),
	gsSP1Triangle(8, 10, 9, 0),
	gsSP1Triangle(8, 11, 10, 0),
	gsSP1Triangle(11, 12, 10, 0),
	gsSP1Triangle(11, 13, 12, 0),
	gsSP1Triangle(12, 13, 14, 0),
	gsSP1Triangle(12, 14, 15, 0),
	gsSPVertex(jrb_dl_level_007_mesh_layer_6_vtx_0 + 16, 8, 0),
	gsSP1Triangle(0, 1, 2, 0),
	gsSP1Triangle(0, 2, 3, 0),
	gsSP1Triangle(2, 4, 3, 0),
	gsSP1Triangle(2, 5, 4, 0),
	gsSP1Triangle(5, 6, 4, 0),
	gsSP1Triangle(5, 7, 6, 0),
	gsSPEndDisplayList(),
};

Gfx mat_jrb_dl_checkerboard[] = {
	gsDPPipeSync(),
	gsDPSetCombineLERP(TEXEL0, 0, SHADE, 0, 0, 0, 0, ENVIRONMENT, TEXEL0, 0, SHADE, 0, 0, 0, 0, ENVIRONMENT),
	gsSPTexture(65535, 65535, 0, 0, 1),
	gsDPSetTextureLUT(G_TT_RGBA16),
	gsDPSetTextureImage(G_IM_FMT_RGBA, G_IM_SIZ_16b, 1, jrb_dl_Floor_2_ci4_pal_rgba16),
	gsDPTileSync(),
	gsDPSetTile(0, 0, 0, 256, 7, 0, G_TX_WRAP | G_TX_NOMIRROR, 0, 0, G_TX_WRAP | G_TX_NOMIRROR, 0, 0),
	gsDPLoadSync(),
	gsDPLoadTLUTCmd(7, 9),
	gsDPPipeSync(),
	gsDPTileSync(),
	gsDPSetTextureImage(G_IM_FMT_CI, G_IM_SIZ_16b, 1, jrb_dl_Floor_2_ci4),
	gsDPSetTile(G_IM_FMT_CI, G_IM_SIZ_16b, 0, 0, 7, 0, G_TX_WRAP | G_TX_NOMIRROR, 5, 0, G_TX_WRAP | G_TX_NOMIRROR, 5, 0),
	gsDPLoadSync(),
	gsDPLoadBlock(7, 0, 0, 255, 1024),
	gsDPPipeSync(),
	gsDPSetTile(G_IM_FMT_CI, G_IM_SIZ_4b, 2, 0, 0, 0, G_TX_WRAP | G_TX_NOMIRROR, 5, 0, G_TX_WRAP | G_TX_NOMIRROR, 5, 0),
	gsDPSetTileSize(0, 0, 0, 124, 124),
	gsSPSetLights1(jrb_dl_checkerboard_lights),
	gsSPEndDisplayList(),
};

Gfx mat_revert_jrb_dl_checkerboard[] = {
	gsDPPipeSync(),
	gsDPSetTextureLUT(G_TT_NONE),
	gsSPEndDisplayList(),
};

Gfx mat_jrb_dl_edge[] = {
	gsDPPipeSync(),
	gsDPSetCombineLERP(0, 0, 0, SHADE, 0, 0, 0, ENVIRONMENT, 0, 0, 0, SHADE, 0, 0, 0, ENVIRONMENT),
	gsSPClearGeometryMode(G_LIGHTING),
	gsSPTexture(65535, 65535, 0, 0, 1),
	gsSPEndDisplayList(),
};

Gfx mat_revert_jrb_dl_edge[] = {
	gsDPPipeSync(),
	gsSPSetGeometryMode(G_LIGHTING),
	gsSPEndDisplayList(),
};

Gfx mat_jrb_dl_grid[] = {
	gsDPPipeSync(),
	gsDPSetCombineLERP(TEXEL0, 0, SHADE, 0, TEXEL0, 0, ENVIRONMENT, 0, TEXEL0, 0, SHADE, 0, TEXEL0, 0, ENVIRONMENT, 0),
	gsSPClearGeometryMode(G_LIGHTING),
	gsSPTexture(65535, 65535, 0, 0, 1),
	gsDPTileSync(),
	gsDPSetTextureImage(G_IM_FMT_IA, G_IM_SIZ_8b_LOAD_BLOCK, 1, jrb_dl_ng_ami_w_ia8),
	gsDPSetTile(G_IM_FMT_IA, G_IM_SIZ_8b_LOAD_BLOCK, 0, 0, 7, 0, G_TX_WRAP | G_TX_NOMIRROR, 6, 0, G_TX_WRAP | G_TX_NOMIRROR, 6, 0),
	gsDPLoadSync(),
	gsDPLoadBlock(7, 0, 0, 2047, 256),
	gsDPPipeSync(),
	gsDPSetTile(G_IM_FMT_IA, G_IM_SIZ_8b, 8, 0, 0, 0, G_TX_WRAP | G_TX_NOMIRROR, 6, 0, G_TX_WRAP | G_TX_NOMIRROR, 6, 0),
	gsDPSetTileSize(0, 0, 0, 252, 252),
	gsSPSetLights1(jrb_dl_grid_lights),
	gsSPEndDisplayList(),
};

Gfx mat_revert_jrb_dl_grid[] = {
	gsDPPipeSync(),
	gsSPSetGeometryMode(G_LIGHTING),
	gsSPEndDisplayList(),
};

Gfx mat_jrb_dl_lava_rock[] = {
	gsDPPipeSync(),
	gsDPSetCombineLERP(TEXEL0, 0, SHADE, 0, 0, 0, 0, ENVIRONMENT, TEXEL0, 0, SHADE, 0, 0, 0, 0, ENVIRONMENT),
	gsSPTexture(65535, 65535, 0, 0, 1),
	gsDPSetTextureLUT(G_TT_RGBA16),
	gsDPSetTextureImage(G_IM_FMT_RGBA, G_IM_SIZ_16b, 1, jrb_dl_temple_terre_laclave_txy_CI_ci4_pal_rgba16),
	gsDPTileSync(),
	gsDPSetTile(0, 0, 0, 256, 7, 0, G_TX_WRAP | G_TX_NOMIRROR, 0, 0, G_TX_WRAP | G_TX_NOMIRROR, 0, 0),
	gsDPLoadSync(),
	gsDPLoadTLUTCmd(7, 15),
	gsDPPipeSync(),
	gsDPTileSync(),
	gsDPSetTextureImage(G_IM_FMT_CI, G_IM_SIZ_16b, 1, jrb_dl_temple_terre_laclave_txy_CI_ci4),
	gsDPSetTile(G_IM_FMT_CI, G_IM_SIZ_16b, 0, 0, 7, 0, G_TX_WRAP | G_TX_NOMIRROR, 6, 0, G_TX_WRAP | G_TX_NOMIRROR, 6, 0),
	gsDPLoadSync(),
	gsDPLoadBlock(7, 0, 0, 1023, 512),
	gsDPPipeSync(),
	gsDPSetTile(G_IM_FMT_CI, G_IM_SIZ_4b, 4, 0, 0, 0, G_TX_WRAP | G_TX_NOMIRROR, 6, 0, G_TX_WRAP | G_TX_NOMIRROR, 6, 0),
	gsDPSetTileSize(0, 0, 0, 252, 252),
	gsSPSetLights1(jrb_dl_lava_rock_lights),
	gsSPEndDisplayList(),
};

Gfx mat_revert_jrb_dl_lava_rock[] = {
	gsDPPipeSync(),
	gsDPSetTextureLUT(G_TT_NONE),
	gsSPEndDisplayList(),
};

Gfx mat_jrb_dl_wall_rock[] = {
	gsDPPipeSync(),
	gsDPSetCombineLERP(TEXEL0, 0, SHADE, 0, 0, 0, 0, ENVIRONMENT, TEXEL0, 0, SHADE, 0, 0, 0, 0, ENVIRONMENT),
	gsSPClearGeometryMode(G_LIGHTING),
	gsSPTexture(65535, 65535, 0, 0, 1),
	gsDPSetTextureLUT(G_TT_RGBA16),
	gsDPSetTextureImage(G_IM_FMT_RGBA, G_IM_SIZ_16b, 1, jrb_dl_rock_ci4_pal_rgba16),
	gsDPTileSync(),
	gsDPSetTile(0, 0, 0, 256, 7, 0, G_TX_WRAP | G_TX_NOMIRROR, 0, 0, G_TX_WRAP | G_TX_NOMIRROR, 0, 0),
	gsDPLoadSync(),
	gsDPLoadTLUTCmd(7, 15),
	gsDPPipeSync(),
	gsDPTileSync(),
	gsDPSetTextureImage(G_IM_FMT_CI, G_IM_SIZ_16b, 1, jrb_dl_rock_ci4),
	gsDPSetTile(G_IM_FMT_CI, G_IM_SIZ_16b, 0, 0, 7, 0, G_TX_WRAP | G_TX_NOMIRROR, 6, 0, G_TX_WRAP | G_TX_NOMIRROR, 6, 0),
	gsDPLoadSync(),
	gsDPLoadBlock(7, 0, 0, 1023, 512),
	gsDPPipeSync(),
	gsDPSetTile(G_IM_FMT_CI, G_IM_SIZ_4b, 4, 0, 0, 0, G_TX_WRAP | G_TX_NOMIRROR, 6, 0, G_TX_WRAP | G_TX_NOMIRROR, 6, 0),
	gsDPSetTileSize(0, 0, 0, 252, 252),
	gsSPSetLights1(jrb_dl_wall_rock_lights),
	gsSPEndDisplayList(),
};

Gfx mat_revert_jrb_dl_wall_rock[] = {
	gsDPPipeSync(),
	gsSPSetGeometryMode(G_LIGHTING),
	gsDPSetTextureLUT(G_TT_NONE),
	gsSPEndDisplayList(),
};

Gfx mat_jrb_dl_top_rock[] = {
	gsDPPipeSync(),
	gsDPSetCombineLERP(TEXEL0, 0, SHADE, 0, 0, 0, 0, ENVIRONMENT, TEXEL0, 0, SHADE, 0, 0, 0, 0, ENVIRONMENT),
	gsSPClearGeometryMode(G_LIGHTING),
	gsSPTexture(65535, 65535, 0, 0, 1),
	gsDPSetTextureLUT(G_TT_RGBA16),
	gsDPSetTextureImage(G_IM_FMT_RGBA, G_IM_SIZ_16b, 1, jrb_dl_DRA_O_K_ROOF_ci4_pal_rgba16),
	gsDPTileSync(),
	gsDPSetTile(0, 0, 0, 256, 7, 0, G_TX_WRAP | G_TX_NOMIRROR, 0, 0, G_TX_WRAP | G_TX_NOMIRROR, 0, 0),
	gsDPLoadSync(),
	gsDPLoadTLUTCmd(7, 15),
	gsDPPipeSync(),
	gsDPTileSync(),
	gsDPSetTextureImage(G_IM_FMT_CI, G_IM_SIZ_16b, 1, jrb_dl_DRA_O_K_ROOF_ci4),
	gsDPSetTile(G_IM_FMT_CI, G_IM_SIZ_16b, 0, 0, 7, 0, G_TX_WRAP | G_TX_NOMIRROR, 6, 0, G_TX_WRAP | G_TX_NOMIRROR, 6, 0),
	gsDPLoadSync(),
	gsDPLoadBlock(7, 0, 0, 1023, 512),
	gsDPPipeSync(),
	gsDPSetTile(G_IM_FMT_CI, G_IM_SIZ_4b, 4, 0, 0, 0, G_TX_WRAP | G_TX_NOMIRROR, 6, 0, G_TX_WRAP | G_TX_NOMIRROR, 6, 0),
	gsDPSetTileSize(0, 0, 0, 252, 252),
	gsSPSetLights1(jrb_dl_top_rock_lights),
	gsSPEndDisplayList(),
};

Gfx mat_revert_jrb_dl_top_rock[] = {
	gsDPPipeSync(),
	gsSPSetGeometryMode(G_LIGHTING),
	gsDPSetTextureLUT(G_TT_NONE),
	gsSPEndDisplayList(),
};

Gfx mat_jrb_dl_sand[] = {
	gsDPPipeSync(),
	gsDPSetCombineLERP(TEXEL0, 0, TEXEL1, 0, 0, 0, 0, ENVIRONMENT, COMBINED, 0, SHADE, 0, 0, 0, 0, COMBINED),
	gsSPClearGeometryMode(G_LIGHTING),
	gsDPSetCycleType(G_CYC_2CYCLE),
	gsSPTexture(65535, 65535, 0, 0, 1),
	gsDPTileSync(),
	gsDPSetTextureImage(G_IM_FMT_RGBA, G_IM_SIZ_16b_LOAD_BLOCK, 1, jrb_dl_Texture0141_RGB_rgba16),
	gsDPSetTile(G_IM_FMT_RGBA, G_IM_SIZ_16b_LOAD_BLOCK, 0, 0, 7, 0, G_TX_WRAP | G_TX_NOMIRROR, 5, 0, G_TX_WRAP | G_TX_NOMIRROR, 5, 0),
	gsDPLoadSync(),
	gsDPLoadBlock(7, 0, 0, 1023, 256),
	gsDPPipeSync(),
	gsDPSetTile(G_IM_FMT_RGBA, G_IM_SIZ_16b, 8, 0, 0, 0, G_TX_WRAP | G_TX_NOMIRROR, 5, 0, G_TX_WRAP | G_TX_NOMIRROR, 5, 0),
	gsDPSetTileSize(0, 0, 0, 124, 124),
	gsDPTileSync(),
	gsDPSetTextureImage(G_IM_FMT_I, G_IM_SIZ_16b, 1, jrb_dl_I8_light_cloud_i4),
	gsDPSetTile(G_IM_FMT_I, G_IM_SIZ_16b, 0, 256, 6, 0, G_TX_WRAP | G_TX_NOMIRROR, 6, 1, G_TX_WRAP | G_TX_NOMIRROR, 6, 1),
	gsDPLoadSync(),
	gsDPLoadBlock(6, 0, 0, 1023, 512),
	gsDPPipeSync(),
	gsDPSetTile(G_IM_FMT_I, G_IM_SIZ_4b, 4, 256, 1, 0, G_TX_WRAP | G_TX_NOMIRROR, 6, 1, G_TX_WRAP | G_TX_NOMIRROR, 6, 1),
	gsDPSetTileSize(1, 0, 0, 252, 252),
	gsSPSetLights1(jrb_dl_sand_lights),
	gsSPEndDisplayList(),
};

Gfx mat_revert_jrb_dl_sand[] = {
	gsDPPipeSync(),
	gsSPSetGeometryMode(G_LIGHTING),
	gsDPSetCycleType(G_CYC_1CYCLE),
	gsSPEndDisplayList(),
};

Gfx mat_jrb_dl_lava_trans[] = {
	gsDPPipeSync(),
	gsDPSetCombineLERP(TEXEL0, 0, SHADE, 0, 0, 0, 0, ENVIRONMENT, TEXEL0, 0, SHADE, 0, 0, 0, 0, ENVIRONMENT),
	gsSPClearGeometryMode(G_LIGHTING),
	gsSPTexture(65535, 65535, 0, 0, 1),
	gsDPSetTextureLUT(G_TT_RGBA16),
	gsDPSetTextureImage(G_IM_FMT_RGBA, G_IM_SIZ_16b, 1, jrb_dl_FIR_O_F_METEORITE01_ci4_pal_rgba16),
	gsDPTileSync(),
	gsDPSetTile(0, 0, 0, 256, 7, 0, G_TX_WRAP | G_TX_NOMIRROR, 0, 0, G_TX_WRAP | G_TX_NOMIRROR, 0, 0),
	gsDPLoadSync(),
	gsDPLoadTLUTCmd(7, 15),
	gsDPPipeSync(),
	gsDPTileSync(),
	gsDPSetTextureImage(G_IM_FMT_CI, G_IM_SIZ_16b, 1, jrb_dl_FIR_O_F_METEORITE01_ci4),
	gsDPSetTile(G_IM_FMT_CI, G_IM_SIZ_16b, 0, 0, 7, 0, G_TX_WRAP | G_TX_NOMIRROR, 6, 0, G_TX_WRAP | G_TX_NOMIRROR, 6, 0),
	gsDPLoadSync(),
	gsDPLoadBlock(7, 0, 0, 1023, 512),
	gsDPPipeSync(),
	gsDPSetTile(G_IM_FMT_CI, G_IM_SIZ_4b, 4, 0, 0, 0, G_TX_WRAP | G_TX_NOMIRROR, 6, 0, G_TX_WRAP | G_TX_NOMIRROR, 6, 0),
	gsDPSetTileSize(0, 0, 0, 252, 252),
	gsSPSetLights1(jrb_dl_lava_trans_lights),
	gsSPEndDisplayList(),
};

Gfx mat_revert_jrb_dl_lava_trans[] = {
	gsDPPipeSync(),
	gsSPSetGeometryMode(G_LIGHTING),
	gsDPSetTextureLUT(G_TT_NONE),
	gsSPEndDisplayList(),
};

Gfx mat_jrb_dl_lava_fall[] = {
	gsDPPipeSync(),
	gsDPSetCombineLERP(TEXEL0, 0, PRIMITIVE_ALPHA, TEXEL1, 0, 0, 0, ENVIRONMENT, COMBINED, 0, PRIMITIVE, 0, 0, 0, 0, ENVIRONMENT),
	gsSPClearGeometryMode(G_LIGHTING),
	gsDPSetCycleType(G_CYC_2CYCLE),
	gsDPSetBlendColor(0, 0, 0, 153),
	gsSPTexture(65535, 65535, 0, 0, 1),
	gsDPSetTextureLUT(G_TT_RGBA16),
	gsDPSetTextureImage(G_IM_FMT_RGBA, G_IM_SIZ_16b, 1, jrb_dl_yogan01_CI_low_sat_ci4_pal_rgba16),
	gsDPTileSync(),
	gsDPSetTile(0, 0, 0, 256, 7, 0, G_TX_WRAP | G_TX_NOMIRROR, 0, 0, G_TX_WRAP | G_TX_NOMIRROR, 0, 0),
	gsDPLoadSync(),
	gsDPLoadTLUTCmd(7, 15),
	gsDPPipeSync(),
	gsDPTileSync(),
	gsDPSetTextureImage(G_IM_FMT_CI, G_IM_SIZ_16b, 1, jrb_dl_yogan01_CI_low_sat_ci4),
	gsDPSetTile(G_IM_FMT_CI, G_IM_SIZ_16b, 0, 0, 7, 0, G_TX_WRAP | G_TX_NOMIRROR, 6, 0, G_TX_WRAP | G_TX_NOMIRROR, 6, 0),
	gsDPLoadSync(),
	gsDPLoadBlock(7, 0, 0, 1023, 512),
	gsDPPipeSync(),
	gsDPSetTile(G_IM_FMT_CI, G_IM_SIZ_4b, 4, 0, 0, 0, G_TX_WRAP | G_TX_NOMIRROR, 6, 0, G_TX_WRAP | G_TX_NOMIRROR, 6, 0),
	gsDPSetTileSize(0, 0, 0, 252, 252),
	gsDPSetTextureLUT(G_TT_RGBA16),
	gsDPSetTextureImage(G_IM_FMT_RGBA, G_IM_SIZ_16b, 1, jrb_dl_yogan01_CI_low_sat_ci4_pal_rgba16),
	gsDPTileSync(),
	gsDPSetTile(0, 0, 0, 256, 7, 0, G_TX_WRAP | G_TX_NOMIRROR, 0, 0, G_TX_WRAP | G_TX_NOMIRROR, 0, 0),
	gsDPLoadSync(),
	gsDPLoadTLUTCmd(7, 15),
	gsDPPipeSync(),
	gsDPTileSync(),
	gsDPSetTextureImage(G_IM_FMT_CI, G_IM_SIZ_16b, 1, jrb_dl_yogan01_CI_low_sat_ci4),
	gsDPSetTile(G_IM_FMT_CI, G_IM_SIZ_16b, 0, 0, 6, 0, G_TX_WRAP | G_TX_NOMIRROR, 6, 1, G_TX_WRAP | G_TX_NOMIRROR, 6, 0),
	gsDPLoadSync(),
	gsDPLoadBlock(6, 0, 0, 1023, 512),
	gsDPPipeSync(),
	gsDPSetTile(G_IM_FMT_CI, G_IM_SIZ_4b, 4, 0, 1, 0, G_TX_WRAP | G_TX_NOMIRROR, 6, 1, G_TX_WRAP | G_TX_NOMIRROR, 6, 0),
	gsDPSetTileSize(1, 0, 0, 252, 252),
	gsDPSetPrimColor(0, 0, 254, 187, 187, 102),
	gsSPEndDisplayList(),
};

Gfx mat_revert_jrb_dl_lava_fall[] = {
	gsDPPipeSync(),
	gsSPSetGeometryMode(G_LIGHTING),
	gsDPSetCycleType(G_CYC_1CYCLE),
	gsDPSetTextureLUT(G_TT_NONE),
	gsDPSetTextureLUT(G_TT_NONE),
	gsSPEndDisplayList(),
};

Gfx mat_jrb_dl_igneous_rock[] = {
	gsDPPipeSync(),
	gsDPSetCombineLERP(TEXEL0, 0, SHADE, 0, 0, 0, 0, ENVIRONMENT, TEXEL0, 0, SHADE, 0, 0, 0, 0, ENVIRONMENT),
	gsSPClearGeometryMode(G_LIGHTING),
	gsSPTexture(65535, 65535, 0, 0, 1),
	gsDPSetTextureLUT(G_TT_RGBA16),
	gsDPSetTextureImage(G_IM_FMT_RGBA, G_IM_SIZ_16b, 1, jrb_dl_qua_o_ty1_rock01_ci4_pal_rgba16),
	gsDPTileSync(),
	gsDPSetTile(0, 0, 0, 256, 7, 0, G_TX_WRAP | G_TX_NOMIRROR, 0, 0, G_TX_WRAP | G_TX_NOMIRROR, 0, 0),
	gsDPLoadSync(),
	gsDPLoadTLUTCmd(7, 14),
	gsDPPipeSync(),
	gsDPTileSync(),
	gsDPSetTextureImage(G_IM_FMT_CI, G_IM_SIZ_16b, 1, jrb_dl_qua_o_ty1_rock01_ci4),
	gsDPSetTile(G_IM_FMT_CI, G_IM_SIZ_16b, 0, 0, 7, 0, G_TX_WRAP | G_TX_NOMIRROR, 6, 0, G_TX_WRAP | G_TX_NOMIRROR, 6, 0),
	gsDPLoadSync(),
	gsDPLoadBlock(7, 0, 0, 1023, 512),
	gsDPPipeSync(),
	gsDPSetTile(G_IM_FMT_CI, G_IM_SIZ_4b, 4, 0, 0, 0, G_TX_WRAP | G_TX_NOMIRROR, 6, 0, G_TX_WRAP | G_TX_NOMIRROR, 6, 0),
	gsDPSetTileSize(0, 0, 0, 252, 252),
	gsSPSetLights1(jrb_dl_igneous_rock_lights),
	gsSPEndDisplayList(),
};

Gfx mat_revert_jrb_dl_igneous_rock[] = {
	gsDPPipeSync(),
	gsSPSetGeometryMode(G_LIGHTING),
	gsDPSetTextureLUT(G_TT_NONE),
	gsSPEndDisplayList(),
};

Gfx mat_jrb_dl_fire_grass[] = {
	gsDPPipeSync(),
	gsDPSetCombineLERP(TEXEL0, 0, SHADE, 0, 0, 0, 0, ENVIRONMENT, TEXEL0, 0, SHADE, 0, 0, 0, 0, ENVIRONMENT),
	gsSPTexture(65535, 65535, 0, 0, 1),
	gsDPSetTextureLUT(G_TT_RGBA16),
	gsDPSetTextureImage(G_IM_FMT_RGBA, G_IM_SIZ_16b, 1, jrb_dl_wild_oku_tuchi00_grass_ci4_pal_rgba16),
	gsDPTileSync(),
	gsDPSetTile(0, 0, 0, 256, 7, 0, G_TX_WRAP | G_TX_NOMIRROR, 0, 0, G_TX_WRAP | G_TX_NOMIRROR, 0, 0),
	gsDPLoadSync(),
	gsDPLoadTLUTCmd(7, 13),
	gsDPPipeSync(),
	gsDPTileSync(),
	gsDPSetTextureImage(G_IM_FMT_CI, G_IM_SIZ_16b, 1, jrb_dl_wild_oku_tuchi00_grass_ci4),
	gsDPSetTile(G_IM_FMT_CI, G_IM_SIZ_16b, 0, 0, 7, 0, G_TX_WRAP | G_TX_NOMIRROR, 6, 0, G_TX_WRAP | G_TX_NOMIRROR, 6, 0),
	gsDPLoadSync(),
	gsDPLoadBlock(7, 0, 0, 1023, 512),
	gsDPPipeSync(),
	gsDPSetTile(G_IM_FMT_CI, G_IM_SIZ_4b, 4, 0, 0, 0, G_TX_WRAP | G_TX_NOMIRROR, 6, 0, G_TX_WRAP | G_TX_NOMIRROR, 6, 0),
	gsDPSetTileSize(0, 0, 0, 252, 252),
	gsSPSetLights1(jrb_dl_fire_grass_lights),
	gsSPEndDisplayList(),
};

Gfx mat_revert_jrb_dl_fire_grass[] = {
	gsDPPipeSync(),
	gsDPSetTextureLUT(G_TT_NONE),
	gsSPEndDisplayList(),
};

Gfx mat_jrb_dl_other_rock[] = {
	gsDPPipeSync(),
	gsDPSetCombineLERP(TEXEL0, 0, SHADE, 0, 0, 0, 0, ENVIRONMENT, TEXEL0, 0, SHADE, 0, 0, 0, 0, ENVIRONMENT),
	gsSPClearGeometryMode(G_LIGHTING),
	gsSPTexture(65535, 65535, 0, 0, 1),
	gsDPSetTextureLUT(G_TT_RGBA16),
	gsDPSetTextureImage(G_IM_FMT_RGBA, G_IM_SIZ_16b, 1, jrb_dl_wild_iwa10_ci4_pal_rgba16),
	gsDPTileSync(),
	gsDPSetTile(0, 0, 0, 256, 7, 0, G_TX_WRAP | G_TX_NOMIRROR, 0, 0, G_TX_WRAP | G_TX_NOMIRROR, 0, 0),
	gsDPLoadSync(),
	gsDPLoadTLUTCmd(7, 15),
	gsDPPipeSync(),
	gsDPTileSync(),
	gsDPSetTextureImage(G_IM_FMT_CI, G_IM_SIZ_16b, 1, jrb_dl_wild_iwa10_ci4),
	gsDPSetTile(G_IM_FMT_CI, G_IM_SIZ_16b, 0, 0, 7, 0, G_TX_WRAP | G_TX_NOMIRROR, 6, 0, G_TX_WRAP | G_TX_NOMIRROR, 6, 0),
	gsDPLoadSync(),
	gsDPLoadBlock(7, 0, 0, 1023, 512),
	gsDPPipeSync(),
	gsDPSetTile(G_IM_FMT_CI, G_IM_SIZ_4b, 4, 0, 0, 0, G_TX_WRAP | G_TX_NOMIRROR, 6, 0, G_TX_WRAP | G_TX_NOMIRROR, 6, 0),
	gsDPSetTileSize(0, 0, 0, 252, 252),
	gsSPSetLights1(jrb_dl_other_rock_lights),
	gsSPEndDisplayList(),
};

Gfx mat_revert_jrb_dl_other_rock[] = {
	gsDPPipeSync(),
	gsSPSetGeometryMode(G_LIGHTING),
	gsDPSetTextureLUT(G_TT_NONE),
	gsSPEndDisplayList(),
};

Gfx mat_jrb_dl_wall_rock_fade[] = {
	gsDPPipeSync(),
	gsDPSetCombineLERP(TEXEL0, 0, SHADE, 0, 0, 0, 0, SHADE, TEXEL0, 0, SHADE, 0, 0, 0, 0, SHADE),
	gsSPClearGeometryMode(G_LIGHTING),
	gsSPTexture(65535, 65535, 0, 0, 1),
	gsDPSetTextureLUT(G_TT_RGBA16),
	gsDPSetTextureImage(G_IM_FMT_RGBA, G_IM_SIZ_16b, 1, jrb_dl_rock_ci4_pal_rgba16),
	gsDPTileSync(),
	gsDPSetTile(0, 0, 0, 256, 7, 0, G_TX_WRAP | G_TX_NOMIRROR, 0, 0, G_TX_WRAP | G_TX_NOMIRROR, 0, 0),
	gsDPLoadSync(),
	gsDPLoadTLUTCmd(7, 15),
	gsDPPipeSync(),
	gsDPTileSync(),
	gsDPSetTextureImage(G_IM_FMT_CI, G_IM_SIZ_16b, 1, jrb_dl_rock_ci4),
	gsDPSetTile(G_IM_FMT_CI, G_IM_SIZ_16b, 0, 0, 7, 0, G_TX_WRAP | G_TX_NOMIRROR, 6, 0, G_TX_WRAP | G_TX_NOMIRROR, 6, 0),
	gsDPLoadSync(),
	gsDPLoadBlock(7, 0, 0, 1023, 512),
	gsDPPipeSync(),
	gsDPSetTile(G_IM_FMT_CI, G_IM_SIZ_4b, 4, 0, 0, 0, G_TX_WRAP | G_TX_NOMIRROR, 6, 0, G_TX_WRAP | G_TX_NOMIRROR, 6, 0),
	gsDPSetTileSize(0, 0, 0, 252, 252),
	gsSPSetLights1(jrb_dl_wall_rock_fade_lights),
	gsSPEndDisplayList(),
};

Gfx mat_revert_jrb_dl_wall_rock_fade[] = {
	gsDPPipeSync(),
	gsSPSetGeometryMode(G_LIGHTING),
	gsDPSetTextureLUT(G_TT_NONE),
	gsSPEndDisplayList(),
};

Gfx mat_jrb_dl_lava_static[] = {
	gsDPPipeSync(),
	gsDPSetCombineLERP(TEXEL0, 0, SHADE, 0, 0, 0, 0, ENVIRONMENT, TEXEL0, 0, SHADE, 0, 0, 0, 0, ENVIRONMENT),
	gsSPClearGeometryMode(G_LIGHTING),
	gsSPTexture(65535, 65535, 0, 0, 1),
	gsDPSetTextureLUT(G_TT_RGBA16),
	gsDPSetTextureImage(G_IM_FMT_RGBA, G_IM_SIZ_16b, 1, jrb_dl_FIR_O_F_METEORITE01_ci4_pal_rgba16),
	gsDPTileSync(),
	gsDPSetTile(0, 0, 0, 256, 7, 0, G_TX_WRAP | G_TX_NOMIRROR, 0, 0, G_TX_WRAP | G_TX_NOMIRROR, 0, 0),
	gsDPLoadSync(),
	gsDPLoadTLUTCmd(7, 15),
	gsDPPipeSync(),
	gsDPTileSync(),
	gsDPSetTextureImage(G_IM_FMT_CI, G_IM_SIZ_16b, 1, jrb_dl_FIR_O_F_METEORITE01_ci4),
	gsDPSetTile(G_IM_FMT_CI, G_IM_SIZ_16b, 0, 0, 7, 0, G_TX_WRAP | G_TX_NOMIRROR, 6, 0, G_TX_WRAP | G_TX_NOMIRROR, 6, 0),
	gsDPLoadSync(),
	gsDPLoadBlock(7, 0, 0, 1023, 512),
	gsDPPipeSync(),
	gsDPSetTile(G_IM_FMT_CI, G_IM_SIZ_4b, 4, 0, 0, 0, G_TX_WRAP | G_TX_NOMIRROR, 6, 0, G_TX_WRAP | G_TX_NOMIRROR, 6, 0),
	gsDPSetTileSize(0, 0, 0, 252, 252),
	gsSPSetLights1(jrb_dl_lava_static_lights),
	gsSPEndDisplayList(),
};

Gfx mat_revert_jrb_dl_lava_static[] = {
	gsDPPipeSync(),
	gsSPSetGeometryMode(G_LIGHTING),
	gsDPSetTextureLUT(G_TT_NONE),
	gsSPEndDisplayList(),
};

Gfx mat_jrb_dl_water[] = {
	gsDPPipeSync(),
	gsDPSetCombineLERP(TEXEL0, 0, TEXEL1, 0, TEXEL0, 0, TEXEL1, 0, 1, COMBINED, SHADE, COMBINED, 1, COMBINED, PRIMITIVE, COMBINED),
	gsSPClearGeometryMode(G_CULL_BACK | G_LIGHTING),
	gsDPSetCycleType(G_CYC_2CYCLE),
	gsDPSetAlphaCompare(G_AC_THRESHOLD),
	gsDPSetBlendColor(0, 0, 0, 51),
	gsSPTexture(65535, 65535, 0, 0, 1),
	gsDPTileSync(),
	gsDPSetTextureImage(G_IM_FMT_IA, G_IM_SIZ_8b_LOAD_BLOCK, 1, jrb_dl_asjg_kawaue_ia8),
	gsDPSetTile(G_IM_FMT_IA, G_IM_SIZ_8b_LOAD_BLOCK, 0, 0, 7, 0, G_TX_WRAP | G_TX_NOMIRROR, 6, 1, G_TX_WRAP | G_TX_NOMIRROR, 6, 2),
	gsDPLoadSync(),
	gsDPLoadBlock(7, 0, 0, 2047, 256),
	gsDPPipeSync(),
	gsDPSetTile(G_IM_FMT_IA, G_IM_SIZ_8b, 8, 0, 0, 0, G_TX_WRAP | G_TX_NOMIRROR, 6, 1, G_TX_WRAP | G_TX_NOMIRROR, 6, 2),
	gsDPSetTileSize(0, 0, 0, 252, 252),
	gsDPTileSync(),
	gsDPSetTextureImage(G_IM_FMT_IA, G_IM_SIZ_8b_LOAD_BLOCK, 1, jrb_dl_asjg_kawaue_ia8),
	gsDPSetTile(G_IM_FMT_IA, G_IM_SIZ_8b_LOAD_BLOCK, 0, 0, 6, 0, G_TX_WRAP | G_TX_NOMIRROR, 5, 2, G_TX_WRAP | G_TX_NOMIRROR, 5, 1),
	gsDPLoadSync(),
	gsDPLoadBlock(6, 0, 0, 2047, 256),
	gsDPPipeSync(),
	gsDPSetTile(G_IM_FMT_IA, G_IM_SIZ_8b, 4, 0, 1, 0, G_TX_WRAP | G_TX_NOMIRROR, 5, 2, G_TX_WRAP | G_TX_NOMIRROR, 5, 1),
	gsDPSetTileSize(1, 0, 0, 124, 124),
	gsDPSetPrimColor(0, 0, 254, 254, 254, 127),
	gsSPSetLights1(jrb_dl_water_lights),
	gsSPEndDisplayList(),
};

Gfx mat_revert_jrb_dl_water[] = {
	gsDPPipeSync(),
	gsSPSetGeometryMode(G_CULL_BACK | G_LIGHTING),
	gsDPSetCycleType(G_CYC_1CYCLE),
	gsDPSetAlphaCompare(G_AC_NONE),
	gsSPEndDisplayList(),
};

Gfx mat_jrb_dl_sand_fade[] = {
	gsDPPipeSync(),
	gsDPSetCombineLERP(TEXEL0, 0, TEXEL1, 0, 0, 0, 0, SHADE, COMBINED, 0, SHADE, 0, 0, 0, 0, COMBINED),
	gsSPClearGeometryMode(G_LIGHTING),
	gsDPSetCycleType(G_CYC_2CYCLE),
	gsSPTexture(65535, 65535, 0, 0, 1),
	gsDPTileSync(),
	gsDPSetTextureImage(G_IM_FMT_RGBA, G_IM_SIZ_16b_LOAD_BLOCK, 1, jrb_dl_Texture0141_RGB_rgba16),
	gsDPSetTile(G_IM_FMT_RGBA, G_IM_SIZ_16b_LOAD_BLOCK, 0, 0, 7, 0, G_TX_WRAP | G_TX_NOMIRROR, 5, 0, G_TX_WRAP | G_TX_NOMIRROR, 5, 0),
	gsDPLoadSync(),
	gsDPLoadBlock(7, 0, 0, 1023, 256),
	gsDPPipeSync(),
	gsDPSetTile(G_IM_FMT_RGBA, G_IM_SIZ_16b, 8, 0, 0, 0, G_TX_WRAP | G_TX_NOMIRROR, 5, 0, G_TX_WRAP | G_TX_NOMIRROR, 5, 0),
	gsDPSetTileSize(0, 0, 0, 124, 124),
	gsDPTileSync(),
	gsDPSetTextureImage(G_IM_FMT_I, G_IM_SIZ_16b, 1, jrb_dl_I8_light_cloud_i4),
	gsDPSetTile(G_IM_FMT_I, G_IM_SIZ_16b, 0, 256, 6, 0, G_TX_WRAP | G_TX_NOMIRROR, 6, 1, G_TX_WRAP | G_TX_NOMIRROR, 6, 1),
	gsDPLoadSync(),
	gsDPLoadBlock(6, 0, 0, 1023, 512),
	gsDPPipeSync(),
	gsDPSetTile(G_IM_FMT_I, G_IM_SIZ_4b, 4, 256, 1, 0, G_TX_WRAP | G_TX_NOMIRROR, 6, 1, G_TX_WRAP | G_TX_NOMIRROR, 6, 1),
	gsDPSetTileSize(1, 0, 0, 252, 252),
	gsSPSetLights1(jrb_dl_sand_fade_lights),
	gsSPEndDisplayList(),
};

Gfx mat_revert_jrb_dl_sand_fade[] = {
	gsDPPipeSync(),
	gsSPSetGeometryMode(G_LIGHTING),
	gsDPSetCycleType(G_CYC_1CYCLE),
	gsSPEndDisplayList(),
};

Gfx jrb_dl_Cube_040_mesh_layer_1[] = {
	gsSPDisplayList(mat_jrb_dl_checkerboard),
	gsSPDisplayList(jrb_dl_Cube_040_mesh_layer_1_tri_0),
	gsSPDisplayList(mat_revert_jrb_dl_checkerboard),
	gsSPEndDisplayList(),
};

Gfx jrb_dl_Cube_041_mesh_layer_1[] = {
	gsSPDisplayList(mat_jrb_dl_edge),
	gsSPDisplayList(jrb_dl_Cube_041_mesh_layer_1_tri_0),
	gsSPDisplayList(mat_revert_jrb_dl_edge),
	gsSPEndDisplayList(),
};

Gfx jrb_dl_Cube_041_mesh_layer_4[] = {
	gsSPDisplayList(mat_jrb_dl_grid),
	gsSPDisplayList(jrb_dl_Cube_041_mesh_layer_4_tri_0),
	gsSPDisplayList(mat_revert_jrb_dl_grid),
	gsSPEndDisplayList(),
};

Gfx jrb_dl_Cube_048_mesh_layer_1[] = {
	gsSPDisplayList(mat_jrb_dl_edge),
	gsSPDisplayList(jrb_dl_Cube_048_mesh_layer_1_tri_0),
	gsSPDisplayList(mat_revert_jrb_dl_edge),
	gsSPEndDisplayList(),
};

Gfx jrb_dl_Cube_048_mesh_layer_4[] = {
	gsSPDisplayList(mat_jrb_dl_grid),
	gsSPDisplayList(jrb_dl_Cube_048_mesh_layer_4_tri_0),
	gsSPDisplayList(mat_revert_jrb_dl_grid),
	gsSPEndDisplayList(),
};

Gfx jrb_dl_Cube_049_mesh_layer_1[] = {
	gsSPDisplayList(mat_jrb_dl_edge),
	gsSPDisplayList(jrb_dl_Cube_049_mesh_layer_1_tri_0),
	gsSPDisplayList(mat_revert_jrb_dl_edge),
	gsSPEndDisplayList(),
};

Gfx jrb_dl_Cube_049_mesh_layer_4[] = {
	gsSPDisplayList(mat_jrb_dl_grid),
	gsSPDisplayList(jrb_dl_Cube_049_mesh_layer_4_tri_0),
	gsSPDisplayList(mat_revert_jrb_dl_grid),
	gsSPEndDisplayList(),
};

Gfx jrb_dl_Cube_052_mesh_layer_1[] = {
	gsSPDisplayList(mat_jrb_dl_edge),
	gsSPDisplayList(jrb_dl_Cube_052_mesh_layer_1_tri_0),
	gsSPDisplayList(mat_revert_jrb_dl_edge),
	gsSPEndDisplayList(),
};

Gfx jrb_dl_Cube_052_mesh_layer_4[] = {
	gsSPDisplayList(mat_jrb_dl_grid),
	gsSPDisplayList(jrb_dl_Cube_052_mesh_layer_4_tri_0),
	gsSPDisplayList(mat_revert_jrb_dl_grid),
	gsSPEndDisplayList(),
};

Gfx jrb_dl_level_005_mesh_layer_1[] = {
	gsSPDisplayList(mat_jrb_dl_lava_rock),
	gsSPDisplayList(jrb_dl_level_005_mesh_layer_1_tri_0),
	gsSPDisplayList(mat_revert_jrb_dl_lava_rock),
	gsSPDisplayList(mat_jrb_dl_wall_rock),
	gsSPDisplayList(jrb_dl_level_005_mesh_layer_1_tri_1),
	gsSPDisplayList(mat_revert_jrb_dl_wall_rock),
	gsSPDisplayList(mat_jrb_dl_top_rock),
	gsSPDisplayList(jrb_dl_level_005_mesh_layer_1_tri_2),
	gsSPDisplayList(mat_revert_jrb_dl_top_rock),
	gsSPDisplayList(mat_jrb_dl_sand),
	gsSPDisplayList(jrb_dl_level_005_mesh_layer_1_tri_3),
	gsSPDisplayList(mat_revert_jrb_dl_sand),
	gsSPDisplayList(mat_jrb_dl_lava_trans),
	gsSPDisplayList(jrb_dl_level_005_mesh_layer_1_tri_4),
	gsSPDisplayList(mat_revert_jrb_dl_lava_trans),
	gsSPDisplayList(mat_jrb_dl_lava_fall),
	gsSPDisplayList(jrb_dl_level_005_mesh_layer_1_tri_5),
	gsSPDisplayList(mat_revert_jrb_dl_lava_fall),
	gsSPDisplayList(mat_jrb_dl_igneous_rock),
	gsSPDisplayList(jrb_dl_level_005_mesh_layer_1_tri_6),
	gsSPDisplayList(mat_revert_jrb_dl_igneous_rock),
	gsSPDisplayList(mat_jrb_dl_fire_grass),
	gsSPDisplayList(jrb_dl_level_005_mesh_layer_1_tri_7),
	gsSPDisplayList(mat_revert_jrb_dl_fire_grass),
	gsSPDisplayList(mat_jrb_dl_other_rock),
	gsSPDisplayList(jrb_dl_level_005_mesh_layer_1_tri_8),
	gsSPDisplayList(mat_revert_jrb_dl_other_rock),
	gsSPDisplayList(mat_jrb_dl_lava_static),
	gsSPDisplayList(jrb_dl_level_005_mesh_layer_1_tri_9),
	gsSPDisplayList(mat_revert_jrb_dl_lava_static),
	gsSPEndDisplayList(),
};

Gfx jrb_dl_level_005_mesh_layer_5[] = {
	gsSPDisplayList(mat_jrb_dl_wall_rock_fade),
	gsSPDisplayList(jrb_dl_level_005_mesh_layer_5_tri_0),
	gsSPDisplayList(mat_revert_jrb_dl_wall_rock_fade),
	gsSPEndDisplayList(),
};

Gfx jrb_dl_level_006_mesh_layer_5[] = {
	gsSPDisplayList(mat_jrb_dl_water),
	gsSPDisplayList(jrb_dl_level_006_mesh_layer_5_tri_0),
	gsSPDisplayList(mat_revert_jrb_dl_water),
	gsSPEndDisplayList(),
};

Gfx jrb_dl_level_007_mesh_layer_6[] = {
	gsSPDisplayList(mat_jrb_dl_sand_fade),
	gsSPDisplayList(jrb_dl_level_007_mesh_layer_6_tri_0),
	gsSPDisplayList(mat_revert_jrb_dl_sand_fade),
	gsSPEndDisplayList(),
};

Gfx jrb_dl_material_revert_render_settings[] = {
	gsDPPipeSync(),
	gsSPSetGeometryMode(G_LIGHTING),
	gsSPClearGeometryMode(G_TEXTURE_GEN),
	gsDPSetCombineLERP(0, 0, 0, SHADE, 0, 0, 0, ENVIRONMENT, 0, 0, 0, SHADE, 0, 0, 0, ENVIRONMENT),
	gsSPTexture(65535, 65535, 0, 0, 0),
	gsDPSetEnvColor(255, 255, 255, 255),
	gsDPSetAlphaCompare(G_AC_NONE),
	gsSPEndDisplayList(),
};

